tree
version=v4
num_class=1
num_tree_per_iteration=1
label_index=0
max_feature_idx=47
objective=binary sigmoid:1
feature_names=gpa_prev_1 gpa_prev_2 gpa_trend_delta gpa_trend_missing start_agpa_points start_total_in_courses start_total_in_credits prior_total_reg_courses prior_total_reg_credits prior_total_fail_courses prior_total_fail_credits prior_fail_credit_ratio prior_registered_semesters observed_gap_semesters diploma_gpa course_credits attempt_number plan_year_order plan_semester_order plan_credits_count degree_credits_count course_history_avg_mark course_history_fail_rate course_history_avg_attempt course_history_retake_rate course_history_effective_support course_history_fallback_level course_history_missing plan_course_count plan_total_credits plan_credit_weighted_fail_rate plan_credit_weighted_avg_mark plan_credit_weighted_avg_attempt plan_difficulty_credit_load peer_course_count peer_total_credits peer_credit_weighted_fail_rate peer_credit_weighted_avg_mark peer_credit_weighted_avg_attempt peer_difficulty_credit_load peer_max_fail_rate peer_difficulty_missing plan_course_type_id plan_requirement_type_id diploma_type_id grade_version_id part_semester previous_course_status
feature_infos=[0:4] [0:4] [-4:4] [0:1] [0:4] [0:81] [0:250] [0:169] [0:495] [0:95] [0:277] [0:1] [0:35] [0:2] [9.6499996185302734:100] [0:24] [1:5] [1:6] [1:2] [4:210] [72:251] [50.046512603759766:93.041046142578125] [0.0024035871028900146:0.53361159563064575] [1:1.9865478277206421] [0:0.50827360153198242] [0:15240.75] [1:6] [0:1] [1:10] [1:39] [0.0026523473206907511:0.49770635366439819] [50.885631561279297:93.041046142578125] [1:1.9239208698272705] [0.0078357970342040062:6.6858501434326172] [0:9] [0:36] [0.0024035871028900146:0.50850582122802734] [51.272407531738281:93.041046142578125] [1:1.81209397315979] [0.0051047974266111851:5.8554286956787109] [0.0024035871028900146:0.53361159563064575] [0:1] -1:4:2:3 -1:4:6:2:3:5:7 -1:3:4:2:5 -1:3 -1:2:3:4 -1:0:1:2:3:6
tree_sizes=3414 3527 3538 3519 3523 3539 3529 3532 3525 3540 3511 3524 3529 3519 3526 3529 3514 3510 3548 3532 3523 3548 3520 3531 3510 3551 3558 3529 3546 3515 3498 3542 3549 3553 3536 3542 3534 3492 3537 3531 3487 3544 3570 3548 3545 3513 3533 3535 3539 3535 3534 3535 3535 3543 3564 3526 3549 3529 3518 3569 3536 3544 3518 3546 3552 3562 3549 3502 3540 3524 3549 3506 3530 3524 3522 3529 3538 3513 3536 3539 3552 3523 3552 3546 3535 3526 3540 3545 3536 3517 3568 3517 3550 3552 3511 3534 3526 3544 3547 3500 3572 3558

Tree=0
num_leaves=31
num_cat=0
split_feature=0 22 9 1 20 4 10 22 0 22 1 22 22 0 40 4 4 4 4 22 14 4 9 22 5 22 16 14 21 9
split_gain=9870.65 3369.26 1366.81 1256.38 1091.08 790.578 574.377 563.067 509.814 409.256 387.279 280.483 225.186 210.52 200.301 184.948 150.423 133.49 127.325 126.486 125.693 129.917 120.58 105.853 104.7 103.57 102.591 94.0328 91.5344 89.8282
threshold=2.0949999094009404 0.070718556642532363 3.5000000000000004 2.1450001001358037 79.000000000000014 1.9750000238418581 13.750000000000002 0.083397001028060927 2.554999947547913 0.070718556642532363 1.0549999475479128 0.03614510782063008 0.20162245631217959 0.88499999046325695 0.38395105302333837 2.1350001096725468 2.0749999284744267 2.5049999952316289 0.65500000119209301 0.16758911311626437 88.659999847412124 2.1350001096725468 1.5000000000000002 0.17032737284898761 34.500000000000007 0.12391588091850282 1.5000000000000002 84.020000457763686 74.448661804199233 3.5000000000000004
decision_type=10 8 2 8 2 2 2 10 10 8 10 10 10 8 10 2 2 2 2 10 8 2 2 10 2 10 2 10 10 2
left_child=1 6 4 7 14 10 28 -2 9 -5 13 26 20 -4 27 24 -13 23 -12 -9 21 -6 -22 -11 -7 -20 -8 -3 -1 -10
right_child=3 2 5 8 12 15 11 19 29 17 18 16 -14 -15 -16 -17 -18 -19 25 -21 22 -23 -24 -25 -26 -27 -28 -29 -30 -31
leaf_value=-2.4214620738781862 -2.4306600883291765 -2.2440097888599304 -2.2362130195710797 -2.4484960994890792 -2.3737369270194333 -2.3239887851692038 -2.423787477138188 -2.3969914556480325 -2.4557965928344796 -2.414738533320604 -2.3684358440712123 -2.3612330037912952 -2.3537128317444185 -2.3009703563587305 -2.3504211090650475 -2.3777872271480551 -2.4029612589678915 -2.4381823784530381 -2.3383625081722932 -2.3598079837736874 -2.4130613286772205 -2.411157696740116 -2.3740930305211414 -2.375963401111084 -2.3576708316428019 -2.2970693905546149 -2.3725149594096142 -2.3878146953341814 -2.4418624917629437 -2.4364583075527912
leaf_weight=666.19167973101139 1283.2943663299084 111.36971492320299 163.40479823946953 1408.9066446274519 641.29064995795488 285.58309880644083 422.00396274775267 645.81299221515656 5853.9562555328012 789.27069576829672 92.886282876133919 398.90436391532421 271.13412147015333 178.92337519675493 51.021778412163258 374.22851300984621 213.20685778558254 349.9467251226306 190.4262623488903 189.60060650110245 606.23780623823404 194.02912423014641 159.98958541452885 130.52868357300758 329.21150439977646 226.24846719950438 72.244886681437492 8.369147911667822 746.74941960722208 415.07971256971359
leaf_count=11916 21387 2050 3599 24070 14906 5808 7060 11376 102260 17941 1554 7308 5206 3877 754 7598 3820 6949 3593 3471 12456 3977 3036 2606 7014 4212 1105 167 11268 8863
internal_value=-2.41885 -2.37933 -2.35597 -2.44172 -2.37852 -2.33097 -2.41536 -2.41403 -2.44828 -2.43366 -2.3027 -2.39379 -2.38739 -2.26961 -2.282 -2.35541 -2.37571 -2.41719 -2.32518 -2.38849 -2.39314 -2.3824 -2.40487 -2.40919 -2.34189 -2.31569 -2.41622 -2.25369 -2.43226 -2.45452
internal_weight=17470.1 6403.66 3884.35 11066.4 2043.44 1840.91 2519.3 2118.71 8947.69 2678.65 851.889 1106.36 1872.68 342.328 170.761 989.023 612.111 1269.75 509.561 835.414 1601.55 835.32 766.227 919.799 614.795 416.675 494.249 119.739 1412.94 6269.04
internal_count=321207 122284 79807 198923 42552 37255 42477 36234 162689 51566 16835 19293 39581 7476 2971 20420 11128 27496 9359 14847 34375 18883 15492 20547 12822 7805 8165 2217 23184 111123
is_linear=0
shrinkage=1


Tree=1
num_leaves=31
num_cat=1
split_feature=11 22 11 0 0 20 22 0 22 0 21 1 22 11 33 1 1 0 22 19 29 11 1 20 47 14 11 22 23 20
split_gain=10150.1 3000.97 1398.46 955.05 803.329 613.868 561.734 317.727 316.156 278.135 254.139 228.219 205.255 193.98 142.625 123.125 116.098 101.839 97.4035 93.7843 89.4639 85.6406 85.2416 85.159 84.448 80.1764 77.2976 77.1964 73.1273 72.89
threshold=0.10838299617171289 0.084876112639904036 0.25845077633857733 2.4750000238418584 1.8949999809265139 79.000000000000014 0.070718556642532363 0.86500000953674328 0.03614510782063008 2.054999947547913 74.533176422119155 1.9149999618530276 0.19607897847890857 0.37119558453559881 3.8850247859954838 0.70499998331069957 2.4050000905990605 2.4450000524520878 0.11901463195681573 11.500000000000002 15.250000000000002 0.2333859130740166 1.4049999713897707 79.000000000000014 0 82.305000305175795 0.049416633322834976 0.070410095155239119 1.1644505858421328 175.00000000000003
decision_type=8 8 10 10 8 2 8 10 10 8 10 10 10 10 10 8 8 10 10 8 2 10 8 2 9 10 10 10 10 2
left_child=3 4 5 6 8 14 -1 15 24 22 21 18 20 19 25 -4 27 -9 -8 -10 29 -6 -7 -17 -2 -3 -13 -5 -24 -11
right_child=1 2 7 16 10 9 11 17 13 12 -12 26 -14 -15 -16 23 -18 -19 -20 -21 -22 -23 28 -25 -26 -27 -28 -29 -30 -31
leaf_value=-0.023848560887592907 -0.0012962345058839799 0.15647623925869986 0.18234738228074207 -0.031753801642480581 -0.00032484338055945998 0.080978382303051238 0.01796706919533617 0.088940716458545913 0.0077277339310203299 0.052228132517612894 -0.022815680031744463 -0.0098640804581423599 0.061886256442056323 0.091640753962257432 0.065039975953214979 0.17389563882569176 -0.036605006015384488 0.042362687867654437 0.055860468665721516 0.046261770731270975 0.014972271020178021 0.023930965793249555 0.039697056678310104 0.10701703682555 0.046799646892734859 0.041090779415858217 0.010721753845497518 -0.010911872836670829 0.065754667587206578 0.016155790858089662
leaf_weight=1806.2456454243511 375.87889765389264 99.291305111721158 64.225699743255973 653.09860760718584 985.29831508733332 187.37795992381871 295.44283528067172 774.73565867170691 122.26654898189008 232.0773785226047 844.08420323394239 671.53146584331989 248.38689512386918 137.66086663119495 56.960563525557518 39.039088815450668 5658.1841435935348 86.572223041206598 172.45110966823995 601.6154330316931 870.15290028601885 303.8548522349447 432.1916347425431 214.77397670596838 58.244326204061508 11.712858123704789 514.52588851191103 507.02479296550155 297.27720130234957 148.24085585400462
leaf_count=31058 6110 1678 1071 10612 17707 3132 7843 15631 2171 5185 13453 12233 4329 2550 691 599 103148 1944 3392 10483 18621 5493 10150 4298 858 194 9406 8985 4276 3809
internal_value=-4.9356e-05 0.0363965 0.0610568 -0.0255522 0.00932232 0.0445498 -0.00843162 0.0971478 0.0341528 0.0393714 -0.00576604 0.00840672 0.0287181 0.0481664 0.118328 0.131507 -0.0342375 0.0843182 0.0320313 0.0397784 0.0220824 0.0054033 0.0567329 0.117961 0.00628586 0.144812 -0.00092882 -0.0226657 0.0503972 0.0382575
internal_weight=17470.4 7191.92 3763.02 10278.5 3428.9 2583.67 3460.2 1179.35 1295.67 2415.7 2133.24 1653.95 1498.86 861.543 167.965 318.039 6818.31 861.308 467.894 723.882 1250.47 1289.15 916.847 253.813 434.123 111.004 1186.06 1160.12 729.469 380.318
internal_count=321110 134433 75608 186677 58825 52065 63932 23543 22172 49502 36653 32874 31944 15204 2563 5968 122745 17575 11235 12654 27615 23200 17558 4897 6968 1872 21639 19597 14426 8994
cat_boundaries=0 1
cat_threshold=9
is_linear=0
shrinkage=0.04


Tree=2
num_leaves=31
num_cat=1
split_feature=11 22 11 0 22 20 0 0 11 22 1 11 21 22 21 22 40 4 22 0 26 14 0 16 4 1 42 39 0 1
split_gain=9185.92 2545.61 1292.39 957.061 527.119 516.121 504.557 323.85 256.549 244.854 196.406 176.502 161.826 142.142 140.372 120.969 115.418 101.531 99.1893 94.976 92.7142 72.5746 120.442 67.9209 67.7661 64.014 60.717 59.6178 59.5003 56.7289
threshold=0.10838299617171289 0.069005299359560027 0.25845077633857733 2.4750000238418584 0.070718556642532363 79.000000000000014 1.8350000381469729 1.9650000333786013 0.50084745883941661 0.139328308403492 1.9149999618530276 0.37640480697155004 74.533176422119155 0.12391588091850282 75.258960723876967 0.10209254175424577 0.38395105302333837 2.5049999952316289 0.16155823320150378 2.7549999952316289 1.5000000000000002 90.005001068115249 2.4750000238418584 1.5000000000000002 2.1550000905990605 1.4049999713897707 0 0.62768650054931652 2.1350001096725468 2.0049999952316289
decision_type=8 8 10 8 8 2 8 8 10 10 10 10 10 10 10 8 10 2 10 10 2 10 10 2 2 8 9 8 8 8
left_child=3 6 5 4 29 16 11 25 13 21 18 14 28 24 26 -5 -3 -12 -6 -17 -11 22 -9 -13 -4 -7 -2 -10 -8 -1
right_child=1 2 8 15 10 7 12 9 27 20 17 23 -14 -15 -16 19 -18 -19 -20 -21 -22 -23 -24 -25 -26 -27 -28 -29 -30 -31
leaf_value=-0.0090997421944028073 0.039469766937185131 0.11835539408248638 0.067141633032187564 -0.03663085751939394 0.020783283405663839 0.070713366601332303 0.017257937707628811 0.029142545375305182 0.049359107485705531 0.035887506247009149 0.0062530698089971462 0.044320413136518452 -0.022615034917468378 0.089118292679702699 -0.0053786842243842819 -0.010005339539090202 0.045915595580200474 -0.021072951831594605 0.06631207153117448 -0.031230641003631848 0.073002192474556263 0.0016597788684936043 -0.0074640704350325739 0.10196851084021237 0.028643509055046232 0.046124174358583146 0.011177556029463314 0.12933773874506188 -0.0050472523035692473 -0.026664083720125326
leaf_weight=375.65712298639119 372.47971806302667 145.50544380769134 537.3122891895473 5171.6938853953034 385.88031554222107 219.65336020290852 274.59926084801555 648.67400975897908 18.077874513342977 540.75496369786561 898.88367702439427 87.469395445659757 842.32822708785534 626.5152377281338 259.44621816836298 530.12571904249489 48.963690081611276 285.91249381564558 95.302057696506381 935.83599616773427 135.94049270823598 491.73458619788289 184.02479596994817 54.769353406503797 87.579151904210448 831.64150841161609 181.97088264860213 199.23525969684124 624.70923004299402 1392.5080893281847
leaf_count=6395 6176 2089 10754 89996 9478 3481 4815 14603 305 9999 16241 1524 13644 10335 4140 11776 614 5338 1771 21110 1695 10125 4125 861 2050 15473 3027 3709 11073 24581
internal_value=-9.56483e-06 0.033781 0.0515069 -0.0248825 -0.00773549 0.0374012 0.00278773 0.0333505 0.082641 0.0238831 0.00840537 0.0261208 -0.0100272 0.0755437 0.0188803 -0.0337509 0.100465 -0.000350024 0.0299277 -0.0235699 0.0434461 0.0138596 0.0210485 0.0671028 0.0618069 0.0513279 0.0302283 0.122959 0.00177068 -0.0229419
internal_weight=17485.2 7413.38 4715.61 10071.8 3434.14 3246.89 2697.77 3052.42 1468.72 2001.13 1665.98 956.136 1741.64 1251.41 813.897 6637.66 194.469 1184.8 481.182 1465.96 676.695 1324.43 832.699 142.239 624.891 1051.29 554.451 217.313 899.308 1768.17
internal_count=321303 134617 89357 186686 63804 62204 45260 59501 27153 40547 32828 15728 29532 23139 13343 122882 2703 21579 11249 32886 11694 28853 18728 2385 12804 18954 9203 4014 15888 30976
cat_boundaries=0 1
cat_threshold=16
is_linear=0
shrinkage=0.04


Tree=3
num_leaves=31
num_cat=1
split_feature=0 22 10 10 20 22 4 9 0 22 6 22 22 22 4 2 22 14 5 4 0 39 4 25 22 42 9 5 20 22
split_gain=7608.45 2151.74 1051.06 759.27 546.951 525.464 407.325 399.546 357.922 245.839 228.895 195.618 160.014 154.638 141.873 129.726 129.058 103.199 102.344 99.1841 96.6462 95.3998 94.6893 82.0656 81.485 78.091 77.2691 73.9589 70.9696 61.4429
threshold=2.1049998998641972 0.069005299359560027 5.5000000000000009 9.2500000000000018 79.000000000000014 0.098846774548292174 2.0249999761581425 3.5000000000000004 2.6350001096725468 0.070718556642532363 64.500000000000014 0.017273891717195514 0.18043268471956256 0.12391588091850282 1.9550000429153445 0.2950000017881394 0.0515999123454094 86.174999237060561 34.500000000000007 2.4050000905990605 1.5349999666213991 3.2718747854232793 2.2949999570846562 335.87500000000006 0.16758911311626437 0 15.500000000000002 34.500000000000007 177.50000000000003 0.17265895754098895
decision_type=10 8 2 2 2 8 2 2 10 8 2 10 8 8 2 8 10 8 2 2 10 10 2 2 10 9 2 2 2 10
left_child=1 7 8 4 21 16 12 28 9 -2 24 -9 26 -6 20 -11 -4 23 -8 -18 25 -3 -12 -15 -7 -13 -5 -16 -1 -17
right_child=2 3 5 6 13 10 18 11 -10 15 22 14 -14 17 27 29 19 -19 -20 -21 -22 -23 -24 -25 -26 -27 -28 -29 -30 -31
leaf_value=0.0031183166022731518 -0.029850214971244682 0.10779656594842402 -0.023214230167932864 0.061272588250044384 0.013795857646459402 0.036701249710271 0.059419185090284155 -0.01931835963107081 -0.036583464318612702 -0.014243074444794222 0.020871773070319823 0.027413358891197507 0.098407394956379166 0.04390930351512367 0.029497107257027311 0.0067258473678944919 0.0041880913755267231 0.023900179653716744 0.032218546762325481 -0.024178255260987033 0.012775491056136495 0.050317395643655866 -0.0087088987049484829 0.10276692454766664 0.082954958409972371 0.074007806228622283 0.087423911691335357 0.0040444219748736153 -0.020329084912104296 0.048672225881005921
leaf_weight=267.3253444544971 1296.8133854456246 158.33127669990063 1110.1308723241091 662.18050513044 977.61415834352374 201.39811962097883 389.62368987686932 200.78930930048227 4803.0017464216799 770.75057405047119 434.02681776508689 91.709643011912704 441.711894037202 468.6129990760237 293.25421181879938 340.86898388527334 734.77353151328862 560.54923393577337 526.28118550218642 268.40977995470166 112.49011417105794 69.534346383064985 286.64697166159749 41.180012233555317 89.106489526107907 163.36749225668609 262.33445697464049 483.83267593756318 899.53790538012981 66.028027731925249
leaf_count=4254 23254 2296 19297 9933 17056 4040 6601 2728 90912 14655 9079 1529 7847 10743 4717 8421 13453 11801 10050 5194 1817 750 6568 478 1258 2564 4172 8958 15501 1207
internal_value=-0.000123125 0.0318906 -0.0218844 0.0482705 0.031896 -0.00247663 0.0645768 0.00216438 -0.0302148 -0.0178417 0.0212233 0.0170153 0.0784293 0.0253246 0.0234035 -0.00460048 -0.0138231 0.0358282 0.0438462 -0.00341409 0.0438559 0.0905705 0.0091048 0.0488634 0.0511383 0.0574435 0.0687839 0.0136804 -0.0149559 0.013645
internal_weight=17472.2 7070.26 10402 4557.95 2275.82 3124.49 2282.13 2512.31 7277.46 2474.46 1011.18 1345.44 1366.23 2047.96 1144.65 1177.65 2113.31 1070.34 915.905 1003.18 367.567 227.866 720.674 509.793 290.505 255.077 924.515 777.087 1166.86 406.897
internal_count=321133 123795 197338 81727 43124 58889 38603 42068 138449 47537 20945 22313 21952 40078 19585 24283 37944 23022 16651 18647 5910 3046 15647 11221 5298 4093 14105 13675 19755 9628
cat_boundaries=0 1
cat_threshold=4
is_linear=0
shrinkage=0.04


Tree=4
num_leaves=31
num_cat=1
split_feature=11 22 11 4 22 11 22 1 21 11 16 26 14 22 1 21 46 4 35 6 4 22 11 1 1 11 8 1 30 21
split_gain=7732.2 1942.69 960.047 692.659 554.179 371.516 307.288 236.509 190.907 161.813 155.256 131.784 131.76 120.06 110.266 92.1358 87.785 81.9038 76.6847 71.565 71.2917 62.346 61.1047 57.9164 52.247 51.63 66.9625 50.5091 60.9295 50.2852
threshold=0.10534475743770601 0.069005299359560027 0.25356170535087591 2.554999947547913 0.070718556642532363 0.23540768027305606 0.13181531429290774 2.3850001096725468 75.92813873291017 0.52322071790695202 1.5000000000000002 1.5000000000000002 93.08499908447267 0.13746111840009692 1.5649999976158144 76.094738006591811 0 2.1350001096725468 12.250000000000002 56.500000000000007 2.2050000429153447 0.10294625535607339 0.064839839935302748 2.1950000524520878 1.7150000333786013 0.33946646749973303 32.500000000000007 2.2849999666213994 0.16761596500873568 58.605054855346687
decision_type=8 8 10 2 8 10 10 10 10 10 2 2 10 10 8 10 1 2 2 2 2 10 10 8 8 10 2 8 10 10
left_child=3 5 6 4 23 8 18 13 17 14 15 16 -13 -6 25 -7 24 -2 -3 -15 -16 -5 -9 -1 -8 -4 -27 -20 -29 -26
right_child=1 2 9 21 7 10 11 22 -10 -11 -12 12 -14 19 20 -17 -18 -19 27 -21 -22 -23 -24 -25 29 26 -28 28 -30 -31
leaf_value=-0.01712018433113149 0.010665160153145782 0.032439011004475014 0.06337437256959122 -0.03730271837084826 0.0037901185299607501 0.024332189893588423 0.052673562400881516 -0.020227398206365401 -0.024019460363404403 0.099969558073567596 0.056669699705403212 0.091719599983585656 0.027293430913796112 0.050633215991767122 0.057035754725605577 -0.0085872538979460417 0.051898979442569521 -0.011006806849748547 0.024811713092744773 0.015575709156652464 0.017726237919844356 -0.02567271191199532 0.0043680786598437969 -0.030470773165920038 0.063203945786548532 0.039647978464023875 0.092489142008759254 0.0066484058438830863 0.063216384819927612 0.019923180060378722
leaf_weight=746.11565429158509 710.07937113940716 671.90702776610851 345.48095090128481 3826.4169908445328 982.66464900970459 480.09015216305852 128.78543878160417 732.71704544126987 719.13973031938076 226.21981963329017 182.00087743811309 171.08794920705259 73.907685609534383 158.9025658313185 695.35874553397298 188.85073143616319 547.805922659114 458.12214338779449 570.77131730131805 227.64554401300848 84.178285235539079 929.70650079846382 206.54604827426374 1765.2805496845394 46.859213655814528 46.483383271843195 312.96005418710411 727.5597019456327 30.847186826169491 460.37411450222135
leaf_count=13107 12211 13192 4918 74256 21741 8220 1749 13743 11546 3528 2669 1818 883 2989 12775 3231 9226 8098 8764 4012 1695 18663 3823 32521 616 690 4476 17408 683 7734
internal_value=-5.87818e-05 0.0292893 0.0437835 -0.0242066 -0.0135144 0.00207179 0.0315579 0.000631872 -0.00782012 0.0682609 0.0239996 0.0457288 0.0724904 0.0112347 0.063362 0.0150337 0.0401305 0.00216071 0.0214197 0.030091 0.0528242 -0.0350361 -0.0148157 -0.0265144 0.0299225 0.0749181 0.0857958 0.0158262 0.00903471 0.0240459
internal_weight=17454.9 7878.87 5140.59 9576 4819.87 2738.28 3429.91 2308.48 1887.34 1710.68 850.942 1428.82 244.996 1369.21 1484.46 668.941 1183.82 1168.2 2001.09 386.548 779.537 4756.12 939.263 2511.4 636.019 704.924 359.443 1329.18 758.407 507.233
internal_count=320985 136130 90155 184855 91936 45975 62073 46308 31855 28082 14120 22026 2701 28742 24554 11451 19325 20309 40047 7001 14470 92919 17566 45628 10099 10084 5166 26855 18091 8350
cat_boundaries=0 1
cat_threshold=4
is_linear=0
shrinkage=0.04


Tree=5
num_leaves=31
num_cat=2
split_feature=11 22 0 11 22 0 22 1 0 11 0 1 22 22 14 1 23 26 42 4 14 0 0 22 0 36 47 2 22 0
split_gain=7159.8 1647.17 892.421 768.343 440.413 433.031 294.514 171.952 155.142 134.153 130.149 129.787 124.749 118.622 117.505 104.344 101.486 101.146 82.4797 82.3099 77.0931 98.7236 70.0209 66.0195 62.6765 54.8346 53.1569 51.4685 51.3891 47.8434
threshold=0.10838299617171289 0.069005299359560027 2.4650000333786015 0.28582468628883367 0.070718556642532363 1.8350000381469729 0.12391588091850282 1.9249999523162844 2.0349999666213994 0.37640480697155004 0.88499999046325695 2.5249999761581425 0.035563597455620773 0.10124228149652482 79.149997711181655 2.1750000715255742 1.0340689420700075 1.5000000000000002 0 2.5049999952316289 90.005001068115249 2.4650000333786015 2.435000061988831 0.13181531429290774 2.185000061988831 0.13948448002338412 1 -0.064999999478459344 0.029379380866885189 2.0949999094009404
decision_type=8 8 10 10 8 8 10 10 8 10 10 10 10 10 10 8 10 2 9 2 10 10 10 10 8 8 9 10 10 10
left_child=2 5 4 6 28 9 8 23 -3 16 27 13 -7 -4 17 -16 -2 29 -18 -9 21 25 26 -6 -14 -10 -12 -5 -1 -8
right_child=1 3 11 10 7 12 14 19 20 -11 22 -13 24 -15 15 -17 18 -19 -20 -21 -22 -23 -24 -25 -26 -27 -28 -29 -30 -31
leaf_value=-0.03071680106945936 -0.010336003283735327 0.034220224976495656 -0.030003356746816409 0.077018695769995565 0.01695114254517693 -0.021196572156020714 0.05524039750852499 0.0049810086128128294 0.019541586376367652 0.057049078905194464 0.01730546279987108 -0.037100583282012434 0.016032749521913473 -0.0084909584073417383 0.051733997633785216 0.024412196555982413 0.035381381979159798 0.091542022009954552 0.0068715149103285326 -0.020309739801474703 -0.0016496198558137002 -0.0060251240229245778 0.025455613090469568 0.047803803861041258 -0.0067471985733900206 0.046654890544763676 0.063816029224369103 0.11453540144125407 -0.016015918920960853 0.030805250947284493
leaf_weight=613.88059826754034 173.53802767023444 840.6385565046221 1807.5638684779406 382.24859846569598 344.32321697473526 811.32034664042294 518.25895895250142 889.73615531809628 414.01424843817949 157.39442100562155 71.320037957280874 3843.7550060581416 282.06516063958406 532.39976028725505 345.74085593409836 644.42132814973593 402.62726635858417 104.44234549999237 273.24641569703817 266.78262767009437 434.54624132625759 184.71339202485979 101.24999704584479 164.67953836545348 607.98324337974191 169.14103601872921 810.38069229014218 75.714575378224254 1017.4555885605514 177.59553998336196
leaf_count=10393 3785 14234 39204 5452 8418 13451 7739 15895 7356 2378 1018 74347 4958 10534 5259 10035 5629 974 4025 5174 9052 4158 1960 2810 11136 5546 13068 915 19895 2538
internal_value=-0.000109951 0.0278001 -0.023611 0.0408181 -0.00679919 0.00243933 0.0314419 0.00766621 0.0210423 0.0232203 0.0657213 -0.032571 -0.00986216 -0.0251162 0.043288 0.0339989 0.0168875 0.054719 0.0238883 -0.000862043 0.0118052 0.0194168 0.0573735 0.027015 0.000477395 0.0274789 0.0610012 0.083466 -0.0215658 0.049063
internal_weight=17463.2 7982.6 9480.58 5274.43 3296.86 2708.17 3833.51 1665.52 2043.05 1006.81 1440.91 6183.72 1701.37 2339.96 1790.46 990.162 849.412 800.297 675.874 1156.52 1202.41 767.869 982.951 509.003 890.048 583.155 881.701 457.963 1631.34 695.854
internal_count=321336 134666 186670 89304 62585 45362 66891 32297 40346 15817 22413 124085 29545 49738 26545 15294 13439 11251 9654 21069 26112 17060 16046 11228 16094 12902 14086 6367 30288 10277
cat_boundaries=0 1 2
cat_threshold=16 8
is_linear=0
shrinkage=0.04


Tree=6
num_leaves=31
num_cat=0
split_feature=11 21 0 11 22 16 20 21 1 0 0 0 22 11 11 14 22 30 22 22 4 17 1 35 5 15 11 22 0 5
split_gain=6552.25 1470.78 877.2 650.623 485.847 387.093 279.085 225.572 171.798 170.938 155.137 112.893 104.794 94.205 86.608 85.0648 74.0666 68.6774 65.6453 64.0429 63.1819 63.0888 53.9131 51.9547 51.245 50.4858 47.7704 47.6196 46.4542 45.116
threshold=0.10838299617171289 70.319358825683608 2.554999947547913 0.25845077633857733 0.070718556642532363 1.5000000000000002 79.000000000000014 75.92813873291017 2.1750000715255742 2.2749999761581425 1.325000047683716 2.0849999189376835 0.19607897847890857 0.14311316609382632 0.038984065875411041 91.979999542236342 0.11901463195681573 0.22475587576627734 0.09360570460557939 0.16758911311626437 2.5149999856948857 4.5000000000000009 2.054999947547913 8.7500000000000018 39.500000000000007 3.5000000000000004 0.52322071790695202 0.10294625535607339 1.1250000000000002 33.500000000000007
decision_type=8 10 10 10 8 2 2 10 10 10 10 8 10 10 10 10 10 10 10 10 2 8 8 2 2 2 10 8 10 2
left_child=2 3 4 6 22 7 17 11 16 12 23 -3 13 15 27 28 29 -2 -13 -12 -10 26 -1 -5 25 -15 -7 -4 -8 -6
right_child=1 5 14 10 8 21 9 -9 20 -11 19 18 -14 24 -16 -17 -18 -19 -20 -21 -22 -23 -24 -25 -26 -27 -28 -29 -30 -31
leaf_value=-0.010219040764277487 0.089557188211281252 0.01792427988727149 -0.037771865388259371 0.046631332655309859 0.018424001664965099 0.04048479628919064 0.03417139809725734 -0.019735536612438102 0.0012355885883208375 0.0058298416740109179 0.040185938871687227 -0.0078429328876943021 0.047180403528468438 0.035884246300962416 -0.02175464128898175 0.0034479721683510155 0.033450226166903782 0.045433300773546723 0.025882367363783697 0.063860040939827223 -0.019672891768141628 -0.0028914850106988928 -0.026300527620944227 0.074247127966353188 0.021721026090928259 0.065615479613710892 0.089171987192952787 -0.027631816084593291 0.012741465321472689 -0.0059104856770465994
leaf_weight=431.60269721783698 131.70956814289093 686.74102898873389 3572.0387793891132 136.71165370196104 326.63812617026269 299.91489887423813 442.16421051323414 856.27057456411421 785.38847338221967 591.11028653942049 701.49040291830897 763.4116705134511 452.81017971783876 635.89711095206439 864.15744468849152 416.13289596326649 338.15074303746223 106.0238181091845 104.01511215232313 254.49604321084917 326.49527212046087 47.923767533153296 1508.7080643679947 740.98405851051211 356.03031085804105 108.70200857333839 36.430499756708741 958.09624148532748 258.85918661393225 193.18241444416344
leaf_count=7735 1588 10759 70083 1916 7540 4009 9470 14370 14363 11470 12165 13446 6667 10193 17681 8098 5703 1043 1314 3404 6609 702 29031 10350 6140 2049 425 23827 4627 4304
internal_value=-4.13324e-05 0.0261951 -0.0229607 0.0385108 -0.00853062 0.00268631 0.0283813 -0.00326138 0.00546069 0.0253138 0.0578139 0.00581935 0.0296211 0.0260145 -0.0334164 0.0177979 0.0188986 0.0701684 -0.0037691 0.0465526 -0.00491258 0.0399169 -0.0227325 0.0700082 0.0343271 0.0403122 0.0460188 -0.0356348 0.0262933 0.00937884
internal_weight=17432.3 8127.83 9304.46 5333.12 3910.17 2794.71 3499.44 2410.44 1969.86 3261.71 1833.68 1554.17 2670.6 2217.79 5394.29 1117.16 857.971 237.733 867.427 955.986 1111.88 384.269 1940.31 877.696 1100.63 744.599 336.345 4530.14 701.023 519.821
internal_count=321081 134205 186876 89180 75285 45025 61345 39889 38519 58714 27835 25519 47244 40577 111591 22195 17547 2631 14760 15569 20972 5136 36766 12266 18382 12242 4434 93910 14097 11844
is_linear=0
shrinkage=0.04


Tree=7
num_leaves=31
num_cat=1
split_feature=4 22 1 20 10 1 4 22 4 23 22 6 10 22 1 20 25 4 10 5 5 4 14 5 42 10 5 26 21 6
split_gain=4854.11 2041.85 618.052 443.757 428.289 355.051 320.986 219.108 207.208 192.171 186.786 131.736 126.253 104.664 98.0754 95.1413 93.8347 94.6097 93.5026 90.2357 89.5231 72.0404 101.395 92.6264 66.0829 60.6172 58.1352 56.8971 55.0496 53.4076
threshold=2.3649998903274541 0.069005299359560027 1.5049999952316286 79.000000000000014 13.250000000000002 2.5249999761581425 2.6350001096725468 0.16758911311626437 1.1349999904632571 1.0350533723831179 0.070410095155239119 89.250000000000014 18.750000000000004 0.13181531429290774 2.1750000715255742 177.50000000000003 677.12500000000011 2.1049998998641972 35.250000000000007 34.500000000000007 34.500000000000007 1.0000000180025095e-35 88.184997558593764 1.5000000000000002 0 9.2500000000000018 37.500000000000007 1.5000000000000002 73.944297790527358 90.250000000000014
decision_type=2 8 8 2 2 10 2 10 2 10 10 2 2 10 10 2 2 2 2 2 2 2 10 2 9 2 2 2 10 2
left_child=1 4 13 -4 14 7 10 12 -7 -6 -2 24 19 -3 15 -1 17 26 -13 21 -12 22 23 -5 -11 27 -14 -9 -20 -27
right_child=6 2 3 5 9 8 -8 25 -10 11 20 18 16 -15 -16 -17 -18 -19 28 -21 -22 -23 -24 -25 -26 29 -28 -29 -30 -31
leaf_value=0.0070975644074474974 -0.026904014735091436 0.041163027017468282 0.067671297439386879 0.032551151405124809 -0.016261499846265265 -0.028894109267882686 -0.035175159075120525 0.024973296396344442 0.015474845332332376 0.042662851738670592 0.0039543439790324696 -0.0075268525168827143 0.050439969221536651 0.062222563919617946 -0.02780838000069619 -0.017404798353408683 0.1013261388778534 0.011669076956536463 0.027324105631339055 -0.004709478305743595 -0.018615588728729274 0.024827151766063468 -0.0024292921028190181 -0.0036365185727955931 0.013488527414266151 0.065360983816567478 0.025338863210584421 0.055430146344292296 -0.0067913361272225227 0.036771213194531964
leaf_weight=341.92210006713867 1362.5548102054745 796.44981761649251 327.89006806537509 389.29655643925071 400.87566356360912 345.96030765306205 3876.1693007554859 459.34021615423262 326.24755061976612 311.74165556021035 699.90433336328715 433.1542066950351 311.39690207317472 741.34335069544613 971.01294078864157 972.7777498587966 28.851269776001573 328.76139000989497 311.52069347910583 348.08532672096044 468.48410853650421 1028.7809004448354 531.47826503496617 158.85616468079388 209.01650361157954 221.15403047949076 289.23991183750331 125.91481205634773 99.175690015777946 210.28620507754385
leaf_count=5473 28880 10855 3561 7984 9664 6307 82112 8068 5850 4343 13337 6621 5591 9056 18195 18028 310 6635 4346 6667 9521 18798 10864 3183 2986 2974 4861 1254 1501 3294
internal_value=-0.000255093 0.0158406 0.0289663 0.0226194 -0.00674035 0.0197115 -0.0279392 0.0238201 -0.00736326 0.00805406 -0.016846 0.0152068 0.0189547 0.0513519 -0.0181678 -0.0110287 0.0312707 0.0289851 0.00542487 0.0141381 -0.00510019 0.0172523 0.0100143 0.0220691 0.0310091 0.0401226 0.0384213 0.0316161 0.0190796 0.0515527
internal_weight=17427.6 11020.5 6969.33 5431.54 4051.2 5103.65 6407.11 4431.44 672.208 1765.48 2530.94 1364.61 3414.75 1537.79 2285.71 1314.7 958.249 929.398 843.851 2456.5 1168.39 2108.41 1079.63 548.153 520.758 1016.7 600.637 585.255 410.696 431.44
internal_count=321119 187269 116112 96201 71157 92640 133850 80483 12157 29461 51738 19797 64893 19911 41696 23501 17397 17087 12468 47496 22858 40829 22031 11167 7329 15590 10452 9322 5847 6268
cat_boundaries=0 1
cat_threshold=16
is_linear=0
shrinkage=0.04


Tree=8
num_leaves=31
num_cat=1
split_feature=11 21 0 11 47 0 21 21 17 14 0 33 1 4 1 0 4 11 21 21 28 5 1 11 21 2 21 0 25 21
split_gain=5554.59 1166.21 733.969 484.651 329.657 218.089 214.427 209.679 158.395 149.47 120.322 110.061 108.965 99.3179 80.5746 77.4534 76.8832 63.8378 60.4092 58.5026 67.7919 57.3268 55.8293 53.1389 52.9062 48.0094 47.6644 47.5016 45.8038 42.7817
threshold=0.093683511018753066 70.319358825683608 2.4750000238418584 0.25845077633857733 0 2.2749999761581425 75.729537963867202 70.416618347167983 1.5000000000000002 78.954998016357436 0.88499999046325695 2.3779848814010625 2.5349999666213994 2.245000004768372 1.6050000190734866 1.9049999713897707 2.5049999952316289 0.37119558453559881 67.886199951171889 63.022916793823249 4.5000000000000009 31.500000000000004 2.1950000524520878 0.52322071790695202 76.24585342407228 -0.095000002533197389 63.870082855224616 2.685000061988831 113.87500000000001 68.182941436767592
decision_type=8 10 10 10 9 10 10 10 10 10 10 8 10 2 8 8 2 10 8 8 2 2 10 10 10 10 8 10 2 8
left_child=2 3 7 5 6 9 13 8 29 11 25 -2 18 14 -3 -11 21 -6 -4 -17 -21 -10 24 -8 -9 -5 -7 -12 -19 -1
right_child=1 4 12 10 17 26 23 22 16 15 27 -13 -14 -15 -16 19 -18 28 -20 20 -22 -23 -24 -25 -26 -27 -28 -29 -30 -31
leaf_value=0.041032415768567906 0.030978698770388738 0.026230010031880094 -0.012676871530910856 0.058515550708720623 0.029061066050455043 0.024998009934194546 -0.019359079605925231 0 0.012416931730622081 0.031273549688237291 0.043592219517857494 0.055650467086102461 -0.036414547661528178 -0.01395613267375609 0.0042710455273636668 0.03165909051560914 -0.021585310606834725 0.032680554236723391 -0.028617777487768538 0.043641837556659631 0.0057444246959210948 -0.0062704241845131306 -0.02567249720681684 0.057414774007539061 -0.02858235289583062 0.090688023830128459 -0.00079072638627487304 0.0076921006579979551 0.094511720029653315 0.0072016225015484794
leaf_weight=183.78331877849996 972.91328716930002 365.25771006010473 504.70390031766146 472.53038327395916 259.26141681149602 141.50427714921534 955.56000839266926 346.08139524701983 454.59515743423253 709.29896226897836 1352.1631680522114 416.50436183065176 3414.9666867442429 339.85924076475203 994.41071789618582 242.22319301217794 288.35112341307104 34.274496683850884 1586.9784551793709 82.721049644052982 782.32364811003208 619.03635206073523 809.08257689792663 13.678025860339401 146.94239210244268 93.320637796074152 585.4835363747552 62.441370129585266 48.317759398370981 89.617819755338132
leaf_count=3524 14362 5586 10684 5979 3438 2135 16424 6373 9190 11028 19887 7500 72150 5986 16234 3260 6384 485 36932 1351 15210 11783 15579 203 2734 986 11949 1117 444 1944
internal_value=-0.000135772 0.021867 -0.0233893 0.0321831 0.00159891 0.0240446 -0.00319658 -0.00723782 0.00229663 0.028529 0.0483231 0.0384121 -0.0320017 0.00535205 0.0101879 0.0209507 -0.00328436 0.0379346 -0.0247812 0.0143122 0.00941924 0.00164261 -0.0192083 -0.0182135 -0.00856153 0.0639791 0.00425086 0.0420169 0.0695985 0.0300243
internal_weight=17368.2 8924.05 8444.14 5913.43 3010.62 3932.97 2668.77 2937.49 1635.38 3205.98 1980.46 1389.42 5506.65 1699.53 1359.67 1816.57 1361.98 341.854 2091.68 1107.27 865.045 1073.63 1302.11 969.238 493.024 565.851 726.988 1414.6 82.5923 273.401
internal_count=320841 143564 177277 94764 48800 66795 44433 57511 32825 52711 27969 21862 119766 27806 21820 30849 27357 4367 47616 19821 16561 20973 24686 16627 9107 6965 14084 21004 929 5468
cat_boundaries=0 1
cat_threshold=9
is_linear=0
shrinkage=0.04


Tree=9
num_leaves=31
num_cat=1
split_feature=11 21 4 11 47 21 21 17 20 4 11 4 11 11 4 28 21 4 30 17 4 17 4 20 25 11 11 11 5 5
split_gain=5282.51 1057.71 537.027 424.724 337.517 240.404 203.432 187.227 169.149 120.569 112.902 92.7965 80.326 68.6779 60.5562 58.7644 95.8968 64.2126 54.8058 54.6369 54.4152 53.7593 48.3172 46.449 45.6387 44.2474 43.3321 42.397 42.3614 38.5822
threshold=0.093683511018753066 69.445976257324233 2.554999947547913 0.24693857133388522 0 75.92813873291017 70.751132965087905 1.5000000000000002 79.000000000000014 2.1750000715255742 0.048655224964022643 2.245000004768372 0.35620281100273138 0.23540768027305606 1.3149999976158144 5.5000000000000009 63.022916793823249 1.7649999856948855 0.22475587576627734 4.5000000000000009 1.5149999856948855 4.5000000000000009 2.7549999952316289 175.00000000000003 276.37500000000006 0.35620281100273138 0.82555782794952404 0.37640480697155004 37.500000000000007 28.500000000000004
decision_type=8 10 2 10 9 10 10 10 2 2 10 2 10 10 2 2 8 2 10 10 2 8 2 2 2 10 10 10 2 2
left_child=2 3 6 8 5 11 7 20 18 15 14 13 -5 -3 -9 -10 -17 -18 -2 -15 -1 27 -4 -8 -22 -7 -14 -6 -19 -12
right_child=1 4 22 12 21 25 23 10 9 -11 29 -13 26 19 -16 16 17 28 -20 -21 24 -23 -24 -25 -26 -27 -28 -29 -30 -31
leaf_value=-0.0075006660111116832 0.070637711563540789 0.0049964208224884659 -0.027202252040270124 0.039038296508021569 0.034000685144448477 -0.0207176165261698 -0.01393545417560851 -0.029652927620200553 0.033305378220226473 0.0073068968637647691 0.013779353784460704 -0.010324041231513427 0.053100797484609011 0.027933077277829069 -0.011235147737065144 0.0400738293208764 0.0065905722816561405 0.034017291127214647 0.033196205405458507 -0.0048659453039175586 0.021910986472647935 -0.0011301853511888286 -0.036550150804086551 -0.027875373747539744 0.068835291710533167 0.012704813228461178 0.094422972251678602 0.064828074918381717 0.011945650491197966 -0.0049159725351094951
leaf_weight=88.800346191041172 146.04466458968818 1204.7835746146739 1332.8080844385549 1106.3300074972212 299.68873851466924 840.03655619453639 566.75806426629424 453.05098150391132 916.28215740248561 792.80931568611413 263.95653107669204 431.71275298949331 879.72428556531668 451.60410227440298 779.16920742858201 316.15428915061057 640.80812022089958 341.11842557787895 115.35946357622743 98.471629831939936 260.30935455579311 53.027095394209027 2772.0643515419215 1207.0931313885376 37.585768684744835 67.736546283587813 43.811613481491804 96.369619343429804 238.32711759954691 528.53058989159763
leaf_count=2366 1541 19678 30206 15290 3766 14723 9856 8798 15012 14763 5259 7782 12028 6532 17287 4429 12210 5534 1013 1759 5282 764 62254 25157 455 1138 451 1016 4189 10616
internal_value=-0.000159166 0.0209165 -0.0232436 0.0318365 0.00384821 -0.000911695 -0.0131548 -0.00558507 0.0233942 0.0208862 -0.0104583 0.00626807 0.0464012 0.0103557 -0.0180286 0.0252692 0.0204554 0.0153406 0.0543192 0.0220561 0.0198817 0.0358082 -0.0335233 -0.0234341 0.0280554 -0.0182081 0.0551654 0.0416561 0.0249823 0.00131542
internal_weight=17370.3 9080.2 8290.13 5536.77 3543.43 3094.35 4185.25 2411.4 3506.9 3245.5 2024.71 2186.57 2029.87 1754.86 1232.22 2452.69 1536.41 1220.25 261.404 550.076 386.695 449.085 4104.87 1773.85 297.895 907.773 923.536 396.058 579.446 792.487
internal_count=321154 143618 177536 86460 57158 51612 85076 50063 58691 56137 41960 35751 27769 27969 26085 41374 26362 21933 2554 8291 8103 5546 92460 35013 5737 15861 12479 4782 9723 15875
cat_boundaries=0 1
cat_threshold=9
is_linear=0
shrinkage=0.04


Tree=10
num_leaves=31
num_cat=3
split_feature=11 22 0 0 0 22 22 11 21 1 0 22 14 11 11 1 14 1 47 42 46 23 22 1 12 25 1 26 22 29
split_gain=4810.57 1091.16 601.771 439.816 336.029 283.909 177.686 119.702 113.084 109.756 105.333 96.6302 84.0798 85.7836 82.0372 71.7253 62.9748 61.4235 58.433 56.6036 55.9921 55.975 54.7071 52.6396 47.7819 44.4518 41.8997 44.7474 40.4328 40.3502
threshold=0.078321117907762541 0.069005299359560027 2.554999947547913 1.7549999952316286 1.8350000381469729 0.066482517868280425 0.16758911311626437 0.33946646749973303 74.533176422119155 2.1750000715255742 2.5349999666213994 0.017273891717195514 91.625000000000014 0.30720923840999609 0.37119558453559881 2.5249999761581425 77.479999542236342 3.1049998998641972 0 1 2 1.1789435744285586 0.10209254175424577 1.9750000238418581 4.5000000000000009 256.87500000000006 2.3349999189376835 3.5000000000000004 0.193641372025013 8.7500000000000018
decision_type=8 8 8 8 8 8 10 10 10 10 10 10 10 8 10 10 10 8 9 9 1 10 10 10 8 2 8 2 10 2
left_child=2 4 5 7 11 -1 10 20 23 24 12 -2 13 -5 19 22 -8 -14 -9 -13 21 -3 -4 -6 28 -16 -18 -28 -7 -20
right_child=1 3 15 6 8 9 16 18 -10 -11 -12 14 17 -15 25 -17 26 -19 29 -21 -22 -23 -24 -25 -26 -27 27 -29 -30 -31
leaf_value=-0.023606583658343429 -0.014600520190130136 0.034435238702359504 -0.030378179821772325 0.014581560798966109 0.0055505006803190631 0.018891667975314077 0.045283076888602357 0.012754275899781514 -0.021160255032662799 -0.0074972243151135336 -0.0038219405634227696 0.023399985039621485 0.02085830983896968 0.032474872947290109 0.031811164795989763 -0.036963312501608524 0.039283871719408427 -0.0033940584293213399 0.029676715059512554 0.0021424439663920276 0.027855992644601806 0.058167248295337086 -0.012568490985982332 -0.011861552809083249 0.0036383508706208361 0.07658250878710178 0.014564591696994011 0.11339724077137778 0.059046616675678343 0.058732695028880823
leaf_weight=1361.0493551492691 142.16416155546904 482.68181773275137 1247.0304690236226 1047.2781309774145 623.10811207816005 260.31228062231094 427.14177896175534 82.020208703354001 912.00352851860225 948.81095907557756 444.72992230392992 530.60909416247159 265.62893268559128 730.18918649293482 120.05236695334315 2985.1649796878919 206.12192710489035 446.40067964978516 89.528685912489891 322.75277016032487 1020.4931195303798 244.44495860114694 358.04346027690917 499.50807175412774 352.00936685595661 51.66282095760107 359.26110194064677 6.5255662128329268 47.123949337750673 738.86586218513548
leaf_count=27780 2004 8050 31048 18075 10684 5368 4916 942 16766 18879 9392 8023 3836 13110 1793 66937 2911 8657 1061 5285 13258 2398 7918 9423 7601 484 5128 57 696 8789
internal_value=-0.000237626 0.0182652 -0.0242072 0.0275699 -0.000890833 -0.0101686 0.019066 0.0401403 -0.0107054 0.00120901 0.0140944 0.016208 0.0172968 0.0219486 0.0204947 -0.0332834 0.0336349 0.00566446 0.0519361 0.0153767 0.0339669 0.0424879 -0.0264182 -0.00219709 0.013734 0.0456698 0.0248643 0.016643 0.0252311 0.054974
internal_weight=17352.7 9793.17 7559.54 6591.31 3201.86 2969.31 3933.28 2658.03 2034.62 1608.26 2934.23 1167.24 2489.5 1777.47 1025.08 4590.24 999.05 712.03 910.415 853.362 1747.62 727.127 1605.07 1122.62 659.446 171.715 571.909 365.787 307.436 828.395
internal_count=321269 155042 166227 100580 54462 60324 66082 34498 36873 32544 53070 17589 43678 31185 15585 105903 13012 12493 10792 13308 23706 10448 38966 20107 13665 2277 8096 5185 6064 9850
cat_boundaries=0 1 2 3
cat_threshold=8 16 8
is_linear=0
shrinkage=0.04


Tree=11
num_leaves=31
num_cat=1
split_feature=0 21 1 4 16 0 0 21 23 14 4 21 4 6 20 1 5 30 4 21 19 10 24 46 16 5 21 23 21 24
split_gain=4357.09 896.739 558.214 297.09 218.444 211.699 210.929 189.95 173.882 121.157 122.679 114.852 106.718 98.9996 95.778 81.9808 78.603 65.5602 59.7498 56.1076 52.4114 51.995 51.471 71.5559 48.0031 47.3592 48.9457 45.9045 44.726 44.2391
threshold=2.2549999952316289 70.447662353515639 2.3249999284744267 2.2250000238418584 1.5000000000000002 2.7549999952316289 1.5049999952316286 75.729537963867202 1.0790000557899477 86.174999237060561 0.65500000119209301 68.111885070800795 2.245000004768372 64.500000000000014 110.00000000000001 1.3849999904632571 24.500000000000004 0.22475587576627734 2.4550000429153447 62.269115447998054 9.5000000000000018 13.250000000000002 0.056019740179181106 0 2.5000000000000004 26.500000000000004 74.533176422119155 1.0668813586235049 69.172683715820327 0.14897271245718005
decision_type=10 10 8 2 2 10 8 10 10 10 2 10 2 2 2 8 2 10 2 10 10 2 10 1 2 2 10 10 10 10
left_child=1 3 8 6 7 11 15 12 -2 14 29 13 20 -4 17 24 -10 -8 -5 -17 -3 -18 -22 27 -1 26 -13 -24 -16 -11
right_child=2 4 5 18 -6 -7 9 -9 16 10 -12 25 -14 -15 28 19 21 -19 -20 -21 22 -23 23 -25 -26 -27 -28 -29 -30 -31
leaf_value=0.059769466589542519 -0.019738015174675081 -0.0085120105611245968 0.01171157208424632 0.011354320581207895 0.025641536017392417 -0.035473722311453439 0.06800008137083409 -0.018880841473848772 0.015727888232189177 -0.0070857168207718382 0.027262477931422998 -0.011055045023620534 -0.01548406199925503 -0.017439254505403082 0.029085812976961251 0.04834383963126726 -0.013076320901768544 0.02828934003844729 -0.012292720708732757 0.029571897019860682 0.00054753202703622817 0.0074279261736615448 0.11038421398142603 0.0095808495328247329 0.038008700874767397 -0.032257199332350425 -0.0332178102000125 0.031924487934360597 0.011127972001673243 0.013263182512435408
leaf_weight=430.0220686905086 778.38087029010057 224.45519652310759 275.64362204167992 696.7034773286432 459.17260347120464 3238.062611467205 164.00445008464158 917.59364949818701 543.79047243483365 355.23270092345774 619.20869991928339 482.71575585007668 360.78069217409939 570.43117476161569 1590.958687664941 347.1416950840503 444.38267874252051 116.03579458780587 225.41012951731682 1008.908111480996 370.33708453178406 354.95179196354002 11.836130976676939 466.22205534949899 275.9739631973207 901.61059592477977 239.03647255990654 240.37839915137738 260.7007513763383 327.51285162568092
leaf_count=4933 17955 3511 7343 12366 5809 77666 1965 16709 7861 8069 10141 10664 6810 14178 25176 5544 7257 983 4749 12775 7843 4802 189 6418 2549 20166 4950 3150 4194 4254
internal_value=-0.000154792 0.0180989 -0.0222312 0.0265849 0.000242905 -0.0287423 0.0301099 -0.00426376 -0.00470718 0.0240211 0.0143838 -0.0199034 0.00375256 -0.00793484 0.0298958 0.0402302 0.00400887 0.0517192 0.00556243 0.0344124 0.00904821 -0.00396832 0.0126765 0.0189137 0.0513346 -0.02613 -0.0184365 0.0360437 0.026567 0.00267492
internal_weight=17297.6 9468.59 7829.01 6417.81 3050.78 5707.5 5495.7 2591.6 2121.51 3433.65 1301.95 2469.44 1674.01 846.075 2131.7 2062.05 1343.12 280.04 922.114 1356.05 1313.23 799.334 1088.77 718.437 705.996 1623.36 721.752 252.215 1851.66 682.746
internal_count=320979 148137 172842 97698 50439 134967 80583 44630 37875 54782 22464 57301 27921 21521 32318 25801 19920 2948 17115 18319 21111 12059 17600 9757 7482 35780 15614 3339 29370 12323
cat_boundaries=0 1
cat_threshold=8
is_linear=0
shrinkage=0.04


Tree=12
num_leaves=31
num_cat=2
split_feature=11 22 0 11 22 0 22 6 0 0 1 23 44 22 22 11 21 22 47 25 14 4 4 1 1 21 38 26 21 4
split_gain=4172.65 916.125 563.974 438.25 267.028 214.147 201.234 104.941 96.7761 94.9922 81.8058 81.7039 71.0312 69.9456 60.8896 57.3177 53.8935 44.5448 42.3564 44.5181 41.3455 74.309 55.4612 39.4611 38.5809 36.3723 36.3557 35.7337 37.4449 35.2809
threshold=0.078321117907762541 0.051998689770698554 2.5449999570846562 0.23540768027305606 0.066482517868280425 1.9550000429153445 0.11531509459018709 52.500000000000007 2.4750000238418584 1.1250000000000002 2.5249999761581425 1.0346044898033144 0 0.193641372025013 0.070410095155239119 0.27594009041786199 79.325862884521499 0.1857978627085686 1 335.87500000000006 84.979999542236342 1.794999957084656 2.1650000810623173 1.6549999713897707 2.2949999570846562 77.739685058593764 1.1643697023391726 3.5000000000000004 58.605054855346687 2.4050000905990605
decision_type=8 8 8 10 8 8 10 2 10 10 10 10 9 10 10 10 10 10 9 2 10 2 2 8 8 10 10 2 10 2
left_child=2 5 4 6 -1 11 8 13 20 -5 14 -2 18 29 -4 25 23 -11 -8 27 22 -22 -3 -7 -9 -13 -21 28 -20 -6
right_child=1 3 10 9 7 16 12 24 -10 17 -12 15 -14 -15 -16 -17 -18 -19 19 26 21 -23 -24 -25 -26 -27 -28 -29 -30 -31
leaf_value=-0.022972895228127999 -0.010867772185584447 0.021691244400708194 -0.03184760139928168 0.045526000162264754 0.017240761116169595 0.0035439524679803055 0.045216207918765808 0.0035484482558193571 -0.0097553648387930167 0.026930214458050078 -0.036329883892319823 0.012946890269215323 0.045165607000276886 0.052041310564287117 -0.015834011125202344 0.032236752337267603 -0.030451254296449348 0.042658595313833071 0.038299207102399188 0.042587205421000633 -0.0060219566453134374 0.015293652879033698 0.0026477007241367287 -0.015671625232622687 -0.012238612663976021 -0.015707744565106513 0.010218115069363898 0.08876948111015931 0.015045342974757646 -0.0061532708965920044
leaf_weight=1293.1898789610714 250.27721090335399 918.55643894243985 874.498495134525 1014.1647937335074 331.2746658725664 217.01804199628532 120.99899697490036 408.2767346482724 392.63583347946405 1436.5979507481679 2835.1486408906057 393.83784502930939 253.39604267757386 72.147980123758316 680.1547961095348 226.43438847362995 317.56082585081458 366.61089327931404 120.10496426746249 220.44270871486515 468.21014433354139 590.48397084046155 334.5021992623806 794.17648621369153 625.98881796002388 85.37990615516901 75.585302416235209 10.232852928340433 1416.4685522820801 148.65322596114129
leaf_count=27311 5031 15970 23686 11266 6881 3713 1455 6878 8961 20739 67626 5315 2580 1101 15647 2749 5660 4008 1439 2107 9363 10080 6477 15125 13895 1289 720 86 20901 3287
internal_value=-0.000181078 0.0165507 -0.0232521 0.0231206 -0.0094892 -0.00570229 0.0159118 0.00150777 0.00858101 0.0357018 -0.0322749 0.00872793 0.0248437 0.0155757 -0.024859 0.0156892 -0.0160854 0.030152 0.0218567 0.0200616 0.0116999 0.00586621 0.016617 -0.0115443 -0.00600539 0.00781122 0.034398 0.0174244 0.0168893 0.00998863
internal_weight=17293 10023.7 7269.33 7738.99 2879.53 2284.68 4921.62 1586.34 2704.39 2817.37 4389.8 955.929 2217.23 552.076 1554.65 705.652 1328.76 1803.21 1963.83 1842.83 2311.75 1058.69 1253.06 1011.19 1034.27 479.218 296.028 1546.81 1536.57 479.928
internal_count=321346 155034 166312 116152 59353 38882 80139 32042 50851 36013 106959 14384 29288 11269 39333 9353 24498 24747 26708 25253 41890 19443 22447 18838 20773 6604 2827 22426 22340 10168
cat_boundaries=0 1 2
cat_threshold=8 68
is_linear=0
shrinkage=0.04


Tree=13
num_leaves=31
num_cat=2
split_feature=11 22 0 11 22 0 22 0 5 17 9 11 22 22 20 22 0 14 43 4 4 25 4 30 1 21 5 43 21 5
split_gain=3901.93 872.003 498.904 391.501 222.113 201.763 199.078 104.009 97.9403 85.4892 89.5159 80.6722 65.6482 62.3051 61.0172 56.8747 48.8722 46.9595 60.8766 47.776 44.7891 44.4644 44.393 41.6776 48.7003 41.6228 41.4787 40.7023 38.4583 36.8011
threshold=0.071059312671422972 0.0515999123454094 2.554999947547913 0.23540768027305606 0.066482517868280425 2.0049999952316289 0.11531509459018709 2.4550000429153447 28.500000000000004 4.5000000000000009 13.500000000000002 0.54502454400062572 0.10294625535607339 0.193641372025013 79.000000000000014 0.193641372025013 2.9650000333786015 84.979999542236342 0 2.1450001001358037 1.9550000429153445 335.87500000000006 1.1950000524520876 0.071963336318731322 2.3750000000000004 79.325862884521499 5.5000000000000009 1 79.325862884521499 36.500000000000007
decision_type=8 8 8 10 8 8 10 10 2 10 2 10 8 10 2 10 10 10 9 2 2 2 2 8 10 10 2 9 10 2
left_child=2 5 4 6 -1 9 7 17 13 10 27 15 -4 -6 -8 23 26 19 22 -3 -12 -16 -19 -5 -25 -7 -14 -2 -29 -24
right_child=1 3 12 11 8 25 14 -9 -10 -11 20 -13 16 -15 21 -17 -18 18 -20 -21 -22 -23 29 24 -26 -27 -28 28 -30 -31
leaf_value=-0.023057913259621862 -0.013314414431694432 0.021135816643466022 -0.035130180355231369 0.041816122146816993 0.0053212517818718788 -0.013029099582201253 0.041312552486950295 -0.0097730635800304666 -0.011083810305566379 -0.011811690749613149 0.059166758385247896 0.052649603018847857 0.033734681423414403 0.039413891926005674 0.018476275750781465 0.042420440053379818 -0.032665299937821891 -0.0024354895842108155 -0.019180128583006266 0.0045478417022127319 0.019745554370531732 0.034583884688015966 0.023116673387943747 0.027459544746327738 0.004014138656888727 -0.029960256525523046 -0.016925062932794454 0.016058043479468386 -0.018340063995700557 0.0024500106929312084
leaf_weight=1212.3014532998204 131.71180298645049 915.3897972246632 3236.4892906844616 291.33334297500551 705.47278151381761 963.2612724583596 271.07939758710563 457.54028437752277 686.4654027139768 295.81104751303792 82.995104597881436 304.36699617467821 26.457971059717238 96.803088096901774 1720.5650575719774 538.76250570453703 432.36123187281191 363.67939084116369 136.90427325014025 400.57060061115772 106.70581176690757 328.49463572632521 365.38501402270049 1610.029889844358 156.28565835673362 307.66563207283616 453.16197238396853 390.1482585221529 59.02400391176343 222.18249585293233
leaf_count=26176 1992 15602 77662 3322 14696 18426 2229 10484 13975 5017 1035 3260 729 1568 24968 5535 13097 6994 3165 7681 1557 3141 5648 21710 2335 5649 12969 5668 950 4159
internal_value=-0.00029133 0.0151235 -0.0237407 0.0213456 -0.0103543 -0.0063911 0.0147528 0.00768692 0 0.00643313 0.0134483 0.0331122 -0.0324509 0.00948382 0.023459 0.0308009 -0.0229099 0.0110142 0.00485461 0.0160969 0.0372333 0.0210761 0.00844713 0.0277375 0.0253908 -0.0171513 -0.0140577 0.0056233 0.0112485 0.015326
internal_weight=17269.4 10419.9 6849.51 8082.57 2701.04 2337.32 5181.79 2861.65 1488.74 1066.4 770.585 2900.78 4148.47 802.276 2320.14 2596.41 911.981 2404.11 1088.15 1315.96 189.701 2049.06 951.247 2057.65 1766.32 1270.93 479.62 580.884 449.172 587.568
internal_count=321399 160527 160872 120233 56415 40294 84071 53733 30239 16219 11202 36162 104457 16264 30338 32902 26795 43249 19966 23283 2592 28109 16801 27367 24045 24075 13698 8610 6618 9807
cat_boundaries=0 1 2
cat_threshold=208 140
is_linear=0
shrinkage=0.04


Tree=14
num_leaves=31
num_cat=2
split_feature=11 22 0 11 22 0 22 1 22 20 0 42 22 47 11 23 5 0 0 22 1 1 25 19 11 19 30 1 25 23
split_gain=3705.61 786.529 461.492 368.028 228.744 199.355 132.601 120.642 101.764 98.8071 83.1531 72.7454 61.9161 61.5426 66.4172 53.6613 53.1695 51.3765 50.985 49.8886 46.8021 46.0898 40.2496 39.4086 38.9309 38.9079 38.473 37.8155 37.405 37.1742
threshold=0.069035604596138014 0.092618513852357878 2.6350001096725468 0.19311824440956118 0.066482517868280425 1.7749999761581423 0.037652041763067252 1.9149999618530276 0.03614510782063008 79.000000000000014 2.2549999952316289 0 0.17032737284898761 1 0.40916873514652258 1.0013249516487124 40.500000000000007 2.1250000000000004 0.58499997854232799 0.16155823320150378 1.325000047683716 1.5049999952316286 302.12500000000006 190.50000000000003 0.1639777943491936 10.500000000000002 0.22475587576627734 2.4850000143051152 677.12500000000011 1.0640090107917788
decision_type=8 8 8 10 8 8 10 10 10 2 8 9 10 9 10 10 2 10 8 10 8 8 2 10 8 8 10 8 2 10
left_child=2 3 4 6 -1 13 -2 15 18 26 16 21 24 -3 20 -6 25 -9 -5 27 -15 -10 -23 -24 28 -8 -7 -4 -11 -20
right_child=1 5 19 8 7 9 10 17 11 12 -12 -13 -14 14 -16 -17 -18 -19 29 -21 -22 22 23 -25 -26 -27 -28 -29 -30 -31
leaf_value=-0.024092430461377858 -0.018428999408913651 0.0085807727360515118 -0.024175486350806765 0.041408131715726139 -0.011529321155784969 0.051944869604693647 -0.0065351128543206047 0.0047463496045200212 0.037443427865845924 0.0029068952529155002 -0.0087034878480793578 0.008017003440989396 0.025148518841060268 0.042790963601705582 0.048179994582064574 0.022242182199226353 -0.0061767197683271447 -0.01379558505436604 -0.0090244995581279987 -0.014757972284331301 0.027585293960819983 0.014390117640001998 0.025613123961161447 0.074534999490980802 0.016207979650288806 0.018622292927883408 0.021923609251893367 -0.03612471537170843 0.053067089917003596 0.017590894634307946
leaf_weight=1364.93186465092 967.52192677743733 174.91923019848764 509.37051137071103 44.223582837730646 93.738520356826484 180.05687365680933 118.74322821665555 329.13197641540319 421.33720922283828 673.3381637763232 943.79370043613017 454.78713077865541 869.23457590956241 444.96683592535555 507.24486178718507 367.88015522994101 294.45302162133157 866.2960264319554 371.17203742172569 224.59135821741074 1257.4293923880905 462.06552881281823 98.455468274652958 36.278758864849806 1451.8137926403433 554.21281875669956 114.3571129180491 2896.405681790784 23.681652333587408 107.39070834591985
leaf_count=30569 18290 1917 11481 559 4788 1673 2055 5925 5147 13099 18058 6924 11382 4378 5343 5874 4994 18405 6531 5849 16484 7005 960 347 25533 8370 892 76764 287 1354
internal_value=-0.000141394 0.0145758 -0.0235283 0.0027784 -0.011973 0.0246668 -0.00637145 -0.00197914 0.0159753 0.0183059 -0.000258932 0.0213534 0.0161355 0.0334899 0.0352568 0.0153656 0.00797583 -0.00868747 0.000803089 -0.03314 0.0315848 0.027293 0.0200694 0.0392675 0.0124778 0.0141742 0.0404112 -0.0343464 0.00469043 -0.00301937
internal_weight=17223.8 10571.5 6652.35 4874.44 3021.98 5697.04 2878.72 1657.05 1995.71 3312.48 1911.2 1472.92 3018.07 2384.56 2209.64 461.619 967.409 1195.43 522.786 3630.37 1702.4 1018.14 596.8 134.734 2148.83 672.956 294.414 3405.78 697.02 478.563
internal_count=321237 161582 159655 80594 65561 80988 51767 34992 28827 52866 33477 20383 50301 28122 26205 10662 15419 24330 8444 94094 20862 13459 8312 1307 38919 10425 2565 88245 13386 7885
cat_boundaries=0 1 2
cat_threshold=16 8
is_linear=0
shrinkage=0.04


Tree=15
num_leaves=31
num_cat=2
split_feature=0 22 1 22 22 0 10 1 22 1 5 5 14 25 46 47 14 5 9 6 10 22 9 17 17 16 22 10 26 6
split_gain=3336.32 688.09 506.804 267.385 219.35 183.36 179.418 146.479 139.949 112.374 82.655 79.8669 77.9837 76.1953 74.5068 64.0677 62.4618 61.8929 54.4981 54.1268 52.4677 49.9873 47.8932 43.9304 43.4682 43.2989 42.1931 41.5066 40.1447 39.6637
threshold=2.2749999761581425 0.047027543187141425 2.4050000905990605 0.12391588091850282 0.053768806159496314 2.7549999952316289 10.250000000000002 1.5850000381469729 0.066482517868280425 1.2849999666213991 35.500000000000007 31.500000000000004 64.020000457763686 677.12500000000011 0 1 90.005001068115249 26.500000000000004 17.500000000000004 61.500000000000007 3.5000000000000004 0.019503099843859676 2.5000000000000004 2.5000000000000004 4.5000000000000009 2.5000000000000004 0.17265895754098895 77.250000000000014 1.5000000000000002 67.250000000000014
decision_type=10 8 8 10 10 10 2 8 8 8 2 2 10 2 1 9 8 2 2 2 2 10 2 10 10 2 10 2 2 2
left_child=1 7 4 6 -2 8 11 24 -4 25 18 16 -11 23 -14 -9 -3 26 -8 -6 -18 -17 -21 -12 -1 29 -10 -25 -16 -5
right_child=2 3 5 9 19 -7 10 15 17 12 13 -13 14 -15 28 21 20 -19 -20 22 -22 -23 -24 27 -26 -27 -28 -29 -30 -31
leaf_value=0.021751544492393523 -0.022323845457985606 0.014718482755403802 -0.030571549370515903 0.062002327518097582 0.012644187690642529 -0.034801537004101275 0.024654855524872749 0.016586244954808742 -0.0048421418203412822 0.046273918420014118 0.032715894512413385 -0.012508244240612032 0.031941798607400748 0.069047813425598875 0.014442067061809439 -0.026844403610785585 -0.0069608093820623463 -0.018994143916167553 0.049566803332903808 -0.013888969555158838 0.017004212957726077 -0.010092605696082026 0.0043960471098006774 0.0033779448364498334 -0.0060601526737324588 0.030805355539943964 0.025639623265780211 0.024638186886152477 0.030383813658660483 0.035488483916485319
leaf_weight=307.78811966348439 821.29256887733936 1090.6290024677292 925.49182287137955 240.64269275777042 597.77144228480756 2795.2122887494043 1243.909650048241 103.61774686351418 484.93852092511952 249.46046111918986 126.94152423553169 337.13352178130299 911.4949057539925 36.221691325306892 1292.594233257696 408.57252482883632 531.52773737069219 561.43314844742417 159.38092422485352 372.23628581967205 200.45950220059603 949.75369755085558 592.59070154558867 732.23700792249292 126.05345930624753 275.52353677898645 84.428063556551933 183.16037974692881 315.85205727629364 154.63191198930144
leaf_count=4451 17135 20369 22334 2230 9904 75646 16081 1431 12402 2512 1738 6937 12595 335 16031 7051 10974 14979 2495 7763 3076 18520 9643 11997 2220 2323 1597 2119 2627 1855
internal_value=-2.94023e-05 0.0149661 -0.0207079 0.0200533 -0.00560033 -0.0281278 0.013783 -0.00671799 -0.0190415 0.0285057 0.0211179 0.00534652 0.024927 0.0127663 0.0227947 -0.0127751 0.0086564 -0.00958259 0.0275204 0.00319555 -0.000378129 -0.0150397 -0.00266136 0.0107424 0.0136663 0.0432153 -0.000278137 0.00765848 0.017592 0.0517559
internal_weight=17213 9977.59 7235.39 8081.8 2383.89 4851.5 4641.6 1895.79 2056.29 3440.2 2481.85 2159.75 2769.4 1078.56 2519.94 1461.94 1822.62 1130.8 1403.29 1562.6 731.987 1358.33 964.827 1042.34 433.842 670.798 569.367 915.397 1608.45 395.275
internal_count=321370 149967 171403 116294 44445 126958 76121 33673 51312 40173 34765 41356 33765 16189 31253 27002 34419 28978 18576 27310 14050 25571 17406 15854 6671 6408 13999 14116 18658 4085
cat_boundaries=0 1 2
cat_threshold=8 70
is_linear=0
shrinkage=0.04


Tree=16
num_leaves=31
num_cat=3
split_feature=11 22 0 0 11 22 22 23 1 11 0 47 4 22 21 26 1 22 42 14 10 21 46 26 14 28 1 6 0 1
split_gain=3226.7 680.343 433.949 252.516 251.046 198.897 111.368 108.354 99.5478 80.5606 72.6077 60.6811 63.3647 57.9995 57.5489 57.5077 52.0797 48.9203 46.4002 41.7684 59.9658 48.714 41.3354 40.8325 40.0141 39.1889 38.6323 38.508 38.4802 38.4297
threshold=0.064839839935302748 0.069005299359560027 2.6350001096725468 2.1350001096725468 0.23540768027305606 0.070410095155239119 0.13181531429290774 1.0350533723831179 2.185000061988831 0.30389449000358587 2.2549999952316289 0 2.0449999570846562 0.17032737284898761 75.92813873291017 1.5000000000000002 1.985000014305115 0.10294625535607339 1 90.005001068115249 3.5000000000000004 74.03781890869142 2 3.5000000000000004 93.08499908447267 4.5000000000000009 1.3849999904632571 26.500000000000004 3.0349999666213994 2.2549999952316289
decision_type=8 8 8 8 10 8 10 10 10 10 10 9 2 10 10 2 10 8 9 10 2 10 1 2 10 2 8 2 8 10
left_child=2 3 5 7 6 29 10 -2 13 18 19 -6 -13 -7 16 22 23 -4 26 -3 25 -22 -8 -5 -17 -21 -9 -14 -19 -1
right_child=1 4 17 14 11 8 15 9 -10 -11 -12 12 27 -15 -16 24 -18 28 -20 20 21 -23 -24 -25 -26 -27 -28 -29 -30 -31
leaf_value=-0.013806716690670238 -0.011195294564593955 0.016297088237647299 -0.035469711389638447 -0.0014343939200773489 0.0045061508892829619 0.0048858994320239834 0.012063306874991154 0.031852108934881523 -0.01022221737014677 0.029722830385033774 -0.0029440880925960854 0.034539014695577804 0.04124921493351396 0.036785638733981892 -0.023999025771879113 0.044090996656209691 -0.017903252754273572 -0.015635339726040413 -0.0026533066938365549 0.051590462978211502 0.013535346673708138 0.12294811844446243 0.024538675772351515 0.062333314320142157 0.013025420479545061 -0.011307715617324006 0.0090531869178671325 0.01556388939349234 -0.033997635438913341 -0.027967098635291458
leaf_weight=484.35204366967082 375.37022714223713 1411.2274649534374 2634.2313557239249 511.24429812468588 168.13633833639324 501.56904308032244 893.50136488769203 151.29666305240244 891.28494335152209 345.6883631600067 647.34336709231138 1909.2436693608761 112.99681994132698 110.7047772789374 569.09640342369676 254.83416152559221 454.36932004150003 417.46658713277429 431.09337626025081 15.698435109108685 345.37476568482816 5.6676317360252133 819.54738002363592 15.585764288902281 91.566179082728922 310.72691682912409 554.07445107866079 542.80913657695055 330.08120261318982 858.30880024563521
leaf_count=10928 8772 23097 69164 9344 1758 11294 11520 1797 18857 3956 14153 20678 1310 1654 11533 1895 9607 12881 6457 254 4859 62 11076 200 892 6363 7627 7734 10868 20480
internal_value=-0.000229331 0.0128577 -0.0232095 -0.00196977 0.0195692 -0.0116921 0.0140483 0.00797443 -0.00169385 0.0128363 0.00875218 0.0292457 0.0307261 0.0107108 -0.0138847 0.0210748 -0.00799584 -0.0328954 0.00767469 0.0123788 0.00419863 0.0156574 0.0180449 0.000559054 0.0359519 -0.00812228 0.0139872 0.0200517 -0.0237832 -0.0228759
internal_weight=17164.5 10936.5 6228 3407.82 7528.67 2846.22 4795.49 1857.52 1503.56 1482.15 2736.04 2733.19 2565.05 612.274 1550.3 2059.45 981.199 3381.78 1136.46 2088.7 677.468 351.042 1713.05 526.83 346.4 326.425 705.371 655.806 747.548 1342.66
internal_count=321070 164944 156126 59293 105651 63213 74171 28609 31805 19837 48788 31480 29722 12948 30684 25383 19151 92913 15881 34635 11538 4921 22596 9544 2787 6617 9424 9044 23749 31408
cat_boundaries=0 1 2 3
cat_threshold=8 16 4
is_linear=0
shrinkage=0.04


Tree=17
num_leaves=31
num_cat=3
split_feature=11 22 0 11 22 0 22 0 1 0 1 44 21 17 9 14 1 1 37 22 22 20 0 14 1 19 47 46 36 0
split_gain=2992.17 590.685 430.171 274.287 181.515 179.58 119.981 84.0744 81.0378 75.7069 69.622 62.2505 61.0369 60.0833 67.9632 52.1294 48.9051 46.7916 42.8752 40.6352 39.055 36.38 34.9952 39.6284 33.3098 32.8877 32.7722 35.266 31.8721 31.0326
threshold=0.0658288709819317 0.0515999123454094 2.554999947547913 0.19489352405071261 0.066482517868280425 1.825000047683716 0.11531509459018709 1.1250000000000002 2.185000061988831 2.5049999952316289 2.5349999666213994 0 79.325862884521499 4.5000000000000009 13.500000000000002 84.399997711181655 2.2250000238418584 1.9950000047683718 76.584270477294936 0.11901463195681573 0.11901463195681573 110.00000000000001 1.5850000381469729 69.479999542236342 2.2749999761581425 9.5000000000000018 1 2 0.16480229794979098 2.1250000000000004
decision_type=8 8 8 10 8 8 10 10 10 10 10 9 10 10 2 8 8 8 10 10 10 2 10 10 10 10 9 1 8 10
left_child=2 5 4 6 24 13 9 26 19 21 15 -8 17 14 -2 20 25 18 -7 -6 -4 -3 23 -13 -1 -9 -5 -28 -19 -10
right_child=1 3 10 7 8 12 11 16 29 -11 -12 22 -14 -15 -16 -17 -18 28 -20 -21 -22 -23 -24 -25 -26 -27 27 -29 -30 -31
leaf_value=-0.013174753370051862 0.0077751361116088959 0.043992147476392435 -0.017467651869007596 0.006776348974865393 0.0026646426672515657 -0.0019214448851953561 0.014893434119133415 0.0088342910240610875 0.0038186047208453697 -0.012281471454488966 -0.035327761277605306 0.067450389039226899 -0.028737480326008719 -0.0079356360089101793 0.037793826757318988 -0.02842326250559184 0.012164383568986583 -0.017244187103630959 0.057268712859747238 0.02415551443102807 0.015023281910795883 0.0068703519429307537 0.017152178657606338 0.027438751584734408 -0.027728827506191892 0.026065635544495189 0.043593639025200089 0.029377319373684312 0.027444076049310883 -0.013310503454134866
leaf_weight=417.88436910323799 438.74031782709062 42.168204959481955 256.43547090422362 90.721060160547495 360.52485378086567 433.39099044073373 1890.6867824904621 199.52386362850666 237.63993442617357 354.6934046568349 2352.8864223854616 85.756922861561179 333.17684361431748 229.11324582062662 166.12771314382553 972.19414184987545 736.98222271353006 700.58193799108267 19.503227541223168 230.76838739588857 75.899846196174622 2168.6971620516852 88.41013943310827 77.897739445790648 649.02536563854665 1744.7407396323979 504.30102329328656 662.50545056164265 25.56416588742286 580.90655015874654
leaf_count=9390 6238 852 7963 910 8435 7677 24529 2332 4512 8614 65272 725 6598 3804 2023 27980 12490 14380 349 3517 1760 39061 988 674 15556 19650 5393 6416 524 12518
internal_value=-0.00011022 0.0123781 -0.02249 0.0172075 -0.00961014 -0.0054191 0.0106865 0.0249968 -0.000184556 0.00484587 -0.031206 0.0176722 -0.0136352 0.00947248 0.0160752 -0.0237473 0.0209751 -0.00934345 0.000739236 0.0110854 -0.0100125 0.00759976 0.0363341 0.0487119 -0.0220497 0.0243048 0.0335449 0.0352553 -0.0156298 -0.00833412
internal_weight=17127.4 10993.3 6134.17 8647.08 2476.75 2346.2 4708.31 3938.77 1409.84 2565.56 3657.42 2142.75 1512.22 833.981 604.868 1304.53 2681.25 1179.04 452.894 591.293 332.335 2210.87 252.065 163.655 1066.91 1944.26 1257.53 1166.81 726.146 818.546
internal_count=321130 164227 156903 122634 53928 41593 75443 47191 28982 48527 102975 26916 29528 12065 8261 37703 34472 22930 8026 11952 9723 39913 2387 1399 24946 21982 12719 11809 14904 17030
cat_boundaries=0 1 2 3
cat_threshold=8 8 8
is_linear=0
shrinkage=0.04


Tree=18
num_leaves=31
num_cat=1
split_feature=11 22 0 11 22 4 0 6 22 4 22 30 22 14 22 21 47 17 19 25 25 22 0 6 11 25 20 21 14 6
split_gain=2775.2 548.445 412.814 274.504 186.633 169.742 126.322 92.0334 85.5183 79.8217 62.742 58.1013 56.4237 55.2559 52.042 51.8826 48.5496 47.1705 46.2783 62.1664 88.6811 46.016 44.7222 43.2112 42.267 41.0934 37.9534 35.6637 34.511 32.7223
threshold=0.0658288709819317 0.042542364448308952 2.6350001096725468 0.30389449000358587 0.066482517868280425 2.2050000429153447 1.7150000333786013 52.500000000000007 0.12391588091850282 1.1950000524520876 0.097551945596933379 0.12137464433908464 0.13181531429290774 78.215000152587905 0.10587605834007265 79.325862884521499 0 3.5000000000000004 167.50000000000003 298.37500000000006 431.12500000000006 0.019503099843859676 2.3149999380111699 110.25000000000001 0.17101854830980304 690.87500000000011 177.50000000000003 63.345434188842781 85.145000457763686 4.5000000000000009
decision_type=8 8 8 10 8 2 8 2 8 2 10 10 10 10 10 10 9 10 10 2 2 10 8 2 10 2 2 10 8 2
left_child=2 6 4 5 26 8 21 14 9 11 -7 -3 -4 -10 -6 24 29 -18 23 -20 -21 -2 -15 -11 -8 -22 -1 -25 -14 -5
right_child=1 3 12 16 7 10 15 -9 13 18 -12 -13 28 22 -16 -17 17 -19 19 20 25 -23 -24 27 -26 -27 -28 -29 -30 -31
leaf_value=-0.0096049840585215804 -0.010706297011712367 -0.0032312351663984855 -0.033734115417315746 -0.034972393265960258 -0.00099899174414931299 -0.0064670980974907803 -0.016911693550255218 -0.0091612496579651474 0.027306948789365442 0.015536340012868672 0.0090361002342921638 0.021360862642264299 0.0027398933187890444 0.022730143299322641 0.02278049012612161 -0.028908245983481198 0.033132455015059827 0.017905829806564168 0.011008028788712845 0.068799338527356924 0.012429568784221854 0.015666190722505503 0.0085752711035998602 0.048533228755508757 0.0010212763200572561 0.07081124927573941 -0.026436990612465513 -0.0039797022608323625 -0.024665943702930328 0.013549317418204119
leaf_weight=280.61828914657235 148.08197618182749 812.30097130965441 2844.1644026460126 26.04846290871501 296.9031107770279 900.73810294549912 592.30905770510435 1000.5818179408088 1114.665350669995 1106.3403523964807 776.9826565021649 188.5135891046375 102.9209816865623 691.06764006428421 290.39772586803883 338.13772976770997 1568.0580595396459 417.56554397940636 239.52040576841682 99.725545030087233 139.2511150687933 364.12344267033041 744.65632296726108 21.091965338215232 324.94607203174382 21.599477015435696 940.44450552482158 325.23166611883789 252.56972391251475 123.82971812412143
leaf_count=5830 2171 12603 83100 310 6988 19223 12399 21710 13759 14095 11399 2904 2621 9617 5299 6799 16823 5254 4779 974 1338 5379 12377 222 5889 197 23823 4497 7386 1273
internal_value=-0.000140399 0.0117255 -0.0220297 0.0156008 -0.0108319 0.0118529 -0.00869665 -0.00178437 0.0152476 0.0106056 0.000711435 0.00141364 -0.0318525 0.0206156 0.010771 -0.0155245 0.0281914 0.0297931 0.0153115 0.0258095 0.0393056 0.00802793 0.0154024 0.0116794 -0.0105602 0.020683 -0.022583 -0.000639491 -0.0167348 0.00460851
internal_weight=17093.4 11084.8 6008.6 9317.19 2808.95 7181.69 1767.6 1587.88 5503.96 2953.58 1677.72 1000.81 3199.66 2550.39 587.301 1255.39 2135.5 1985.62 1952.76 500.097 260.576 512.205 1435.72 1452.66 917.255 160.851 1221.06 346.324 355.491 149.878
internal_count=321038 164281 156757 131644 63650 107984 32637 33997 77362 41609 30622 15507 93107 35753 12287 25087 23660 22077 26102 7288 2509 7550 21994 18814 18288 1535 29653 4719 10007 1583
cat_boundaries=0 1
cat_threshold=8
is_linear=0
shrinkage=0.04


Tree=19
num_leaves=31
num_cat=2
split_feature=11 0 21 0 5 11 21 16 14 0 11 4 5 1 46 21 47 14 35 0 21 11 1 37 40 10 1 17 4 37
split_gain=2565.7 476.073 437.174 241.74 156.097 127.806 107.505 96.0713 78.6697 73.706 72.1198 66.8727 61.6774 60.41 49.9347 47.7287 47.7162 46.2918 45.0641 44.7904 41.0445 39.9463 36.6075 75.2223 36.2833 35.8288 36.1403 35.0721 34.2824 33.3038
threshold=0.078321117907762541 2.6350001096725468 74.533176422119155 1.7749999761581423 28.500000000000004 0.153984010219574 75.729537963867202 1.5000000000000002 94.034999847412124 2.1049998998641972 0.31589473783969885 2.6350001096725468 33.500000000000007 2.5249999761581425 0 62.081874847412116 1 82.11999893188478 13.250000000000002 2.5349999666213994 68.111885070800795 0.30389449000358587 2.0249999761581425 72.051406860351577 0.13754202425479892 12.750000000000002 1.0000000180025095e-35 3.5000000000000004 2.2050000429153447 72.488491058349624
decision_type=8 8 10 8 2 8 10 2 10 10 10 2 2 10 1 8 9 8 2 8 8 10 8 8 8 2 10 8 2 8
left_child=1 4 3 10 6 16 11 21 12 -6 14 20 18 17 -2 -10 -5 -3 -7 24 29 -4 23 -22 -17 -12 -27 -18 -14 -1
right_child=2 13 7 5 9 8 -8 -9 15 -11 25 -13 28 -15 -16 19 27 -19 -20 -21 22 -23 -24 -25 -26 26 -28 -29 -30 -31
leaf_value=0.012626133555611395 0.024556249085031814 -0.0085279953567805912 -0.01727954239588286 0.02688994023205879 -0.004444278787925496 0.025396107682271123 -0.027791667350923435 0.020112362808540573 0.031804832638917306 -0.022822631544705336 0.017188435706759125 -0.021295301721892593 0.010525189617032233 -0.035217282327886096 0.012988444574016822 0.027990549012749329 0.0026256358072155716 -0.028050039888524416 0.014170545074227738 -0.0084298218104019058 0.0072268877168118811 0.0064385227065509656 -0.0022293668681056438 0.095378624019376496 -0.0044374421133765562 0.046197719080742002 0.02869562412064585 -0.0099509348082231566 -0.0099607902820812149 0.043012281242223428
leaf_weight=368.95853070076555 1045.122701074928 253.2331066839397 979.10922057088464 86.027467457577586 492.49041622877121 1045.4923908403143 187.25806082505733 143.80597801599652 74.986602760851383 1208.2902855295688 323.57482750341296 140.2515277126804 637.89097461197525 2102.0684743141755 1408.8966245949268 120.60512586217374 952.50727513898164 860.51841696444899 1281.8204644042999 479.85992566030473 83.92091213632375 127.728858708404 571.75345068983734 18.086398316547275 100.32929474022239 242.23256160691381 934.10589264146984 563.80877062026411 163.27552510797977 68.053109486587346
leaf_count=7282 13412 7438 19612 1147 10017 14748 4486 1722 811 29070 3253 3671 9698 61902 16384 1499 16424 26436 17690 8458 1541 2263 13282 331 1557 2838 8952 11212 3221 1012
internal_value=-0.000263628 -0.0203975 0.0116821 0.0146204 -0.00930996 0.00919834 0.000388075 -0.0105354 0.0131014 -0.017509 0.0221663 0.00462815 0.0159283 -0.0312128 0.0179246 0.00169073 -0.000311692 -0.0236265 0.0192238 -0.00156657 0.00792118 -0.0145355 0.00171508 0.0236697 0.0132929 0.0290871 0.0323392 -0.00203809 0.006338 0.0174545
internal_weight=17066.1 6354.88 10711.2 9460.54 3139.06 5506.6 1438.28 1250.64 3904.26 1700.78 3953.93 1251.02 3128.48 3215.82 2454.02 775.781 1602.34 1113.75 2327.31 700.794 1110.77 1106.84 673.761 102.007 220.934 1499.91 1176.34 1516.32 801.166 437.012
internal_count=321369 166468 154901 131304 70692 86465 31605 23597 57682 39087 44839 27119 45357 95776 29796 12325 28783 33874 32438 11514 23448 21875 15154 1872 3056 15043 11790 27636 12919 8294
cat_boundaries=0 1 2
cat_threshold=8 68
is_linear=0
shrinkage=0.04


Tree=20
num_leaves=31
num_cat=3
split_feature=11 22 0 0 22 11 0 23 22 17 42 20 4 22 21 47 0 20 1 21 25 23 19 21 1 17 19 0 47 16
split_gain=2424.81 464.77 436.698 189.773 185.847 165.506 96.4265 87.5068 82.4227 75.7173 61.5727 58.8392 57.7893 57.6243 67.6885 51.6739 51.2549 45.5185 45.2998 44.1855 57.3615 40.2881 36.973 46.2407 39.5155 36.8704 36.3681 33.3759 33.3035 31.2136
threshold=0.069035604596138014 0.069005299359560027 2.6350001096725468 2.1750000715255742 0.070410095155239119 0.312537431716919 2.7549999952316289 1.0350533723831179 0.1857978627085686 1.5000000000000002 0 79.000000000000014 2.5149999856948857 0.074320640414953246 82.51377105712892 1 3.1049998998641972 177.50000000000003 1.0850000381469729 74.235458374023452 291.62500000000006 1.0308065414428713 17.500000000000004 61.583427429199226 1.9550000429153445 4.5000000000000009 79.500000000000014 2.1149998903274541 2 1.5000000000000002
decision_type=8 8 8 8 8 10 10 10 10 10 9 2 2 8 10 9 10 2 8 10 2 10 8 8 8 8 8 10 9 2
left_child=2 3 4 7 17 6 8 -2 11 26 18 -3 -11 -4 16 -13 -15 -1 -9 22 -21 -5 -17 -24 -25 -26 -6 -19 -7 -23
right_child=1 5 13 21 9 28 -8 10 -10 12 -12 15 -14 14 -16 19 -18 27 -20 20 -22 29 23 24 25 -27 -28 -29 -30 -31
leaf_value=-0.0074241657185205928 -0.0107060071172794 0.034791493938679183 -0.035670242857790496 -0.028099959968691739 0.0040108291390515286 0.0047153419433118501 -0.012840880236984074 0.035064722372966081 0.023168440690020303 0.00058027548755532629 0.00030338704295191033 0.028035059770798773 -0.018818321765641532 -0.018579736913305001 0.15145844387420929 -0.00046736305282892672 -0.035762515094786326 -0.011662516537716536 0.012708550190399988 0.027208808215186519 0.15596723913899044 -0.011193916874724466 -0.02433927738757705 0.017106272819445625 0.0095458837595914087 -0.010341700269715266 0.029239039989851306 -0.029050462059924009 0.028481606872358053 0.021825719186150824
leaf_weight=317.4078397443518 379.46194303501397 167.97815445624292 1850.0718569308519 232.20837262179703 198.92963427491486 120.21605062671006 219.09719189908355 177.02036369219422 1265.0624307319522 844.80599325243384 576.86045032925904 253.80059941671789 345.24195822142065 768.21548911835998 2.506254829466342 550.23147973231971 440.55721184704453 235.08052710164338 806.02953252289444 28.046409459784627 6.1441221162676802 1094.6438622707501 58.356630969792604 1209.7092679217458 2088.2272125594318 159.62382674776018 169.44509043823928 745.06862354371697 1654.1671492997557 46.821973788551986
leaf_count=6687 9058 1464 53801 6276 4260 1216 4762 1854 13390 16922 8198 2730 9019 25104 59 9429 15125 5704 10310 468 60 21040 730 14089 34795 3442 2749 20108 17305 734
internal_value=-4.22003e-05 0.0109869 -0.0207184 -0.00155865 -0.00946111 0.0163289 0.0131528 0.00649592 0.0141396 -0.000145796 0.0106872 0.0116084 -0.00505512 -0.0312127 -0.0243772 0.0107053 -0.02487 -0.0206374 0.0167699 0.00953348 0.0542352 -0.0129296 0.00916681 0.0106754 0.0112744 0.00812788 0.0156739 -0.0249003 0.0270642 -0.00981806
internal_weight=17011 11093.7 5917.33 3313.05 2855.98 7780.66 6006.28 1939.37 5787.18 1558.42 1559.91 4522.12 1190.05 3061.35 1211.28 4354.14 1208.77 1297.56 983.05 4100.34 34.1905 1373.67 4066.15 3515.92 3457.56 2247.85 368.375 980.149 1774.38 1141.47
internal_count=320888 161350 159538 57470 65449 103880 85359 29420 80597 32950 20362 67207 25941 94089 40288 65743 40229 32499 12164 63013 528 28050 62485 53056 52326 38237 7009 25812 18521 21774
cat_boundaries=0 1 2 3
cat_threshold=16 68 8
is_linear=0
shrinkage=0.04


Tree=21
num_leaves=31
num_cat=1
split_feature=11 22 0 4 22 11 11 1 22 4 14 19 43 25 25 22 21 23 22 0 0 1 22 15 24 1 25 21 14 8
split_gain=2249.99 429.23 386.597 235.603 164.796 134.416 84.4707 83.5945 79.3923 72.8642 72.4035 63.8534 62.911 59.9562 73.6173 59.5632 78.7454 58.075 56.6439 48.2678 46.4734 46.4323 42.1177 38.5619 68.9159 37.3537 37.2244 49.0847 45.5905 39.6894
threshold=0.0658288709819317 0.037652041763067252 2.6350001096725468 2.2050000429153447 0.066482517868280425 0.35620281100273138 0.15221863985061648 2.185000061988831 0.139328308403492 1.5149999856948855 94.430000305175795 167.50000000000003 0 279.37500000000006 431.12500000000006 0.074320640414953246 82.51377105712892 1.0346044898033144 0.097551945596933379 3.1049998998641972 0.58499997854232799 1.8550000190734866 0.17032737284898761 3.5000000000000004 0.11491150408983232 2.0449999570846562 335.87500000000006 58.195064544677741 81.020000457763686 34.500000000000007
decision_type=8 8 8 2 8 10 10 10 8 2 10 8 9 2 2 8 10 10 10 10 8 10 10 2 10 8 2 10 10 2
left_child=2 6 4 5 25 8 -2 22 9 10 21 12 -11 -13 23 -4 19 -8 -5 -17 -19 -3 -6 -15 -25 -1 28 -28 -10 -30
right_child=1 3 15 18 7 -7 17 -9 26 11 -12 13 -14 14 -16 16 -18 20 -20 -21 -22 -23 -24 24 -26 -27 27 -29 29 -31
leaf_value=-0.004330563005094195 -0.019292447418583665 0.013159701708000522 -0.035331635593475158 -0.0059640077753004067 0.0046711118863451678 0.027234518539855285 -0.015011065864980931 -0.0091468281178373485 0.022636382730179112 0.018230770389033164 -0.012516189565096023 0.011393840372355232 0.0037947060921719217 0.039721271384951178 0.020184001301693164 -0.018007719470961091 0.15091978834274591 0.051396663293128482 0.0079978108569077194 -0.035027456282802454 0.0047260167782078892 -0.0073537041486985283 0.030700822294956791 0.11287460990110208 0.022976908300048234 -0.024298684150221548 -0.041471616970427172 0.035074769799407227 0.0033808665267115253 0.019501862909504147
leaf_weight=178.11490461230278 751.28272968996316 750.14675308950245 1772.6711547188461 1008.6022492172197 534.49894686229527 1455.9375753570348 263.25429751910269 917.74004111159593 1211.7193047180772 892.07022799458355 364.39394404366612 307.08461387827992 1080.8758673220873 97.750914447009563 221.90202848613262 739.29468700662255 3.1339924000203601 36.251134164631367 860.7355266418308 422.27565308380872 416.98631914984435 229.8058045450598 121.5176981491968 38.547769900411367 21.959475383162498 979.46689961384982 13.135230429470537 316.71959418803453 518.14653680287302 463.50265970826149
leaf_count=4007 15828 10409 53373 21327 11951 15052 5634 20339 15415 10183 6113 6032 13886 896 1997 24726 65 384 12137 15020 6110 3254 1699 376 183 25640 99 2316 8935 7613
internal_value=-5.77551e-05 0.0102425 -0.0206269 0.0132487 -0.00978668 0.0162414 -0.00993081 -0.00135436 0.0137851 0.0102769 0.00268054 0.0141118 0.0104415 0.0246123 0.0352215 -0.0306986 -0.0236195 -9.5812e-05 0.000463404 -0.0242233 0.0085726 0.00834249 0.00953822 0.0560222 0.0812177 -0.0212361 0.019345 0.0318984 0.0174417 0.0110088
internal_weight=16989.5 11320.8 5668.71 9853.04 2731.34 7983.7 1467.77 1573.76 6527.76 4004.54 1344.35 2660.19 1972.95 687.245 380.16 2937.38 1164.7 716.492 1869.34 1161.57 453.237 979.953 656.017 158.258 60.5072 1157.58 2523.22 329.855 2193.37 981.649
internal_count=320999 164179 156820 136223 63636 102759 27956 33989 87707 53329 19776 33553 24069 9484 3452 93184 39811 12128 33464 39746 6494 13663 13650 1455 559 29647 34378 2415 31963 16548
cat_boundaries=0 1
cat_threshold=144
is_linear=0
shrinkage=0.04


Tree=22
num_leaves=31
num_cat=1
split_feature=11 22 0 4 22 0 11 1 22 4 14 22 17 0 19 22 25 17 1 9 1 11 31 25 21 14 25 24 1 47
split_gain=2116.46 399.23 374.698 176.847 167.904 139.984 118.031 94.4364 62.2189 63.182 57.3475 56.8233 56.4276 47.6513 46.0589 51.4997 49.0514 45.8587 42.9516 41.6079 38.8549 36.7889 37.1039 36.4442 38.4818 36.8252 36.4049 35.4591 34.1911 32.8145
threshold=0.06256990879774095 0.051998689770698554 2.6350001096725468 2.2050000429153447 0.066482517868280425 1.8849999904632571 0.33946646749973303 2.185000061988831 0.14145641028881076 0.65500000119209301 91.979999542236342 0.16155823320150378 4.5000000000000009 2.7749999761581425 167.50000000000003 0.055593475699424751 217.37500000000003 3.5000000000000004 1.6549999713897707 13.500000000000002 2.5249999761581425 0.26789082586765295 69.247005462646499 335.87500000000006 58.195064544677741 83.795001983642592 184.37500000000003 0.17924162000417712 1.325000047683716 0
decision_type=8 8 8 2 8 8 10 10 8 2 10 10 10 10 8 10 2 10 8 2 10 8 10 2 10 10 2 10 8 9
left_child=2 5 4 6 -1 12 8 27 9 10 21 20 19 28 16 26 -11 -17 -7 -2 -4 -3 -23 25 -25 -10 -16 -6 -5 -8
right_child=1 3 11 13 7 18 29 -9 23 14 -12 -13 -14 -15 15 17 -18 -19 -20 -21 -22 22 -24 24 -26 -27 -28 -29 -30 -31
leaf_value=-0.021451443209752306 0.0069485085759153223 -0.0031137533998167126 -0.025098202926520347 0.021973868910081365 0.0068313034079272028 0.00069843350288465811 0.003411031411737308 -0.0094234178958325105 0.020731757401605808 0.014326870606215401 -0.010841582189180779 -0.0091715624848386062 -0.0091982670420756793 -0.015380594518075519 0 0.030382812003678112 -0.0017737939009629547 0.0062240167430536236 -0.016443807671464798 0.029098256493780089 -0.035486990701919033 0.02320004123892886 1.780390500043169e-05 -0.037178850765894528 0.033745542423317725 0.0098312471566396106 0.10009335584169821 0.033596531867955408 0.0024123118438408309 0.02757204038927431
leaf_weight=1104.2856994355097 505.11675953026861 275.72434812504798 878.91002874728292 159.41346109379083 546.99631439335644 294.99859353341162 113.06787540204823 886.15849109180272 1306.7061515180394 1343.7781655043364 357.87919827736914 187.4031977923587 250.21520187146962 219.91970128659159 7.7005366170778897 322.2692928975448 389.89601852372289 207.51118377409875 1117.9375008391216 185.43070624861866 1770.5883013438433 317.22758518345654 169.7322367168963 11.891195334494112 312.23258345201612 806.69148483127356 21.776123203337193 91.95887316018343 1325.8744319425896 1446.1346653439105
leaf_count=28912 7153 3812 29834 2011 12208 5260 1130 19808 16788 17383 5797 5767 4237 5117 230 3963 3411 2830 23925 2189 56927 4500 2065 94 2240 14069 210 1024 23321 14680
internal_value=1.4517e-05 0.00977685 -0.0204656 0.0135689 -0.00958007 -0.0049068 0.0162413 -0.000973348 0.0136296 0.0101362 0.00234446 -0.0305467 0.00704086 0.00195044 0.0139396 0.0239236 0.0107047 0.0209571 -0.012864 0.0129356 -0.032053 0.00854317 0.0151446 0.0185139 0.0310249 0.0165795 0.0746728 0.0107361 0.00452788 0.0260244
internal_weight=16935.4 11469.1 5466.3 9115.43 2629.4 2353.7 7410.22 1525.11 5851.02 3413.49 1120.56 2836.9 940.763 1705.21 2292.93 559.257 1733.67 529.78 1412.94 690.547 2649.5 762.684 486.96 2437.52 324.124 2113.4 29.4767 638.955 1485.29 1559.2
internal_count=320895 166415 154480 123651 61952 42764 93202 33040 77392 44201 16174 92528 13579 30449 28027 7233 20794 6793 29185 9342 86761 10377 6565 33191 2334 30857 440 13232 25332 15810
cat_boundaries=0 1
cat_threshold=8
is_linear=0
shrinkage=0.04


Tree=23
num_leaves=31
num_cat=2
split_feature=11 22 0 4 22 0 0 14 6 17 21 4 22 47 46 0 21 4 20 11 17 23 6 1 19 21 39 22 19 31
split_gain=2006.44 403.856 334.996 193.359 143.653 118.251 103.138 65.7065 68.2733 63.5701 60.5541 58.2808 49.9966 49.2342 58.5827 42.2451 40.3398 39.9519 38.9433 38.3553 38.2992 37.9435 37.8205 37.1497 36.438 35.2785 31.4259 36.7999 30.9487 30.7254
threshold=0.052738554775714881 0.047027543187141425 2.6350001096725468 2.245000004768372 0.06724956259131433 1.5349999666213991 1.7749999761581423 91.909999847412124 64.500000000000014 1.5000000000000002 79.325862884521499 1.6950000524520876 0.13181531429290774 0 1 2.7749999761581425 63.460294723510749 2.5149999856948857 79.000000000000014 0.1368290111422539 4.5000000000000009 1.21013480424881 4.5000000000000009 1.3049999475479128 10.500000000000002 60.34489822387696 1.0922883152961733 0.39696128666400915 64.000000000000014 74.396240234375014
decision_type=8 8 8 2 8 8 8 10 2 8 10 2 10 9 1 10 10 2 2 10 8 10 2 10 10 8 8 10 10 10
left_child=2 5 4 6 -1 20 13 8 16 -6 19 25 -4 22 21 18 -8 -11 -5 -7 -2 24 -3 -16 -15 -9 -26 -28 -14 -21
right_child=1 3 12 15 9 10 7 11 -10 17 -12 -13 28 14 23 -17 -18 -19 -20 29 -22 -23 -24 -25 26 -27 27 -29 -30 -31
leaf_value=-0.021819827423314831 0.017302456402872712 -0.036486961398902479 -0.032995856094629551 0.044207404991056978 0.013076256700100534 -0.014620925917986968 0.026804729492998183 0.022783345143270552 0.0061005501758753904 -0.0011929511006251831 -0.026594568241011411 0.013840349620601022 0.0044060910498209607 0.0044920110582465905 0.022932422069734205 -0.015694389070247991 0.014320014682828555 -0.018242660545706134 0.0012586301164203145 -0.0040427807538938902 -0.0077623082424802346 0.03844220141885657 0.0082514848991044748 0.011664567966205096 0.036107100123823399 -0.0078004771226300564 0.019809867293187733 0.078967954648691316 -0.023669382001236704 0.023731134855140647
leaf_weight=987.34850623458624 347.66811141185462 33.813292691484094 2368.3946966333315 33.658310383558273 344.38263000454754 669.74610458966345 588.9079398047179 65.665315369144082 1259.3051594235003 664.91767420433462 363.95933172851801 426.87265374790877 86.757758673280478 146.57632286753505 786.5188648449257 243.58259277138859 1422.7118803104386 328.09374298434705 1351.6350932493806 520.17484151758254 134.4975663702935 341.60995926707983 228.42655089311302 1172.3917867941782 331.6544165275991 633.78436747658998 733.85554436966777 16.403833566233516 222.02137620002031 71.600679678842425
leaf_count=26541 4462 405 80363 279 6568 15309 8620 640 18938 13796 7851 6003 2349 2048 8611 6031 18190 8869 24603 9268 2203 2469 2332 11519 3355 11384 9489 144 7333 1253
internal_value=-0.000111272 0.00880763 -0.021373 0.0122183 -0.0102553 -0.00707559 0.0147218 0.0105473 0.0134161 -0.00170476 -0.0122356 0.00220802 -0.0310183 0.0195584 0.020776 -0.000365643 0.0179884 -0.00684293 0.00233617 -0.00807196 0.0103009 0.0266008 0.00226496 0.0162001 0.0232762 -0.00489509 0.0258108 0.021212 -0.0157793 -0.000641219
internal_weight=16926.9 11925 5001.92 9817.37 2324.74 2107.65 8188.5 4397.25 3270.92 1337.39 1625.48 1126.32 2677.17 3791.25 3529.01 1628.88 2011.62 993.011 1385.29 1261.52 482.166 1570.1 262.24 1958.91 1228.49 699.45 1081.91 750.259 308.779 591.776
internal_count=321225 175406 145819 135060 55774 40346 104147 63775 45748 29233 33681 18027 90045 40372 37635 30913 26810 22665 24882 25830 6665 17505 2737 20130 15036 12024 12988 9633 9682 10521
cat_boundaries=0 1 2
cat_threshold=8 8
is_linear=0
shrinkage=0.04


Tree=24
num_leaves=31
num_cat=3
split_feature=0 22 1 4 0 22 22 22 1 1 1 4 20 19 46 19 38 6 22 23 44 4 47 4 0 31 15 31 5 29
split_gain=1841.64 355.064 317.943 185.076 121.88 115.562 109.349 86.6044 82.5973 70.8962 51.5726 46.9916 40.8191 40.2555 42.9054 36.2211 35.5606 35.2589 34.3469 34.3269 33.8983 36.01 48.7298 42.4493 33.1114 33.1077 32.9789 31.7399 31.711 31.1765
threshold=2.3850001096725468 0.03614510782063008 2.4050000905990605 2.2849999666213994 2.7549999952316289 0.0515999123454094 0.12391588091850282 0.069005299359560027 1.8849999904632571 1.6250000000000002 1.0549999475479128 2.4550000429153447 79.000000000000014 10.500000000000002 0 17.500000000000004 1.0035736560821535 64.500000000000014 0.193641372025013 1.0368346571922304 1 0.65500000119209301 2 2.0249999761581425 0.58499997854232799 71.289237976074233 3.5000000000000004 73.537914276123061 31.500000000000004 9.7500000000000018
decision_type=10 8 8 2 10 10 8 8 8 8 8 2 2 10 1 8 8 2 10 10 9 2 9 2 10 10 2 10 2 2
left_child=1 9 5 6 7 -2 8 -4 15 24 29 25 -10 -14 -15 -3 -16 -7 -9 -11 21 -12 -23 -24 -1 -5 -27 -25 -18 -8
right_child=2 3 4 11 -6 17 10 18 12 19 20 -13 13 14 16 -17 28 -19 -20 -21 -22 22 23 27 -26 26 -28 -29 -30 -31
leaf_value=0.040510178177828531 -0.021023540914251487 0.0029458587743145946 -0.02815114399806825 -0.0016947325992340454 -0.032345870474678795 0.0093663879118147404 0.0076611106668093435 -0.011238201425142648 0.045882263946770627 -0.022853759051207078 0.009445362371453183 -0.013220939255314824 -0.0080283369181277167 0.00037060689695372158 -0.012475600787273722 0.017691158913604912 0.018700585406109322 -0.0044532902779826277 0.016078766268541871 -0.0085217826670406505 0.027365912680332782 0.009738953905939058 0.03289652772169626 0.016024243483551037 0.0016509233008265682 0.0084972539023030341 0.048276381918800196 0.079777690314646293 0.0048453263422648975 0.033642146158628025
leaf_weight=39.002251215279102 536.37010460440069 316.06646368000656 647.85534087661654 621.65590037871152 2166.6260248236358 501.70997017901391 88.796029418706894 712.53614096809179 37.13930696528405 476.41294571291655 1191.8061518035829 447.8725258205086 370.37649440113455 1080.096005695872 91.68472423683852 1739.5622809696943 681.09532800409943 714.99302681069821 81.126500359736383 615.34903382416815 427.5008439309895 727.08414885774255 472.53755857981741 674.11870637722313 288.425636745058 159.12739690113813 41.541887508705258 11.841119538992642 434.45565151516348 474.88383004069328
leaf_count=466 13043 4041 19533 11814 75469 8564 848 20683 434 11735 17267 10321 6769 15320 3727 19465 9181 13548 1755 11272 3743 7205 6147 10851 4790 2679 607 114 5909 3760
internal_value=-0.000194302 0.00882594 -0.019556 0.0114612 -0.0263448 -0.0055741 0.0135171 -0.0173061 0.0093901 -0.00990062 0.0183314 -0.00280943 0.00477855 0.00418562 0.00616776 0.0154285 0.0113465 0.00124501 -0.00842417 -0.0147947 0.0165137 0.0148592 0.018351 0.0234532 0.00640116 0.00286542 0.0169506 0.0172451 0.0133174 0.0295773
internal_weight=16869.6 11508.4 5361.22 10089.2 3608.14 1753.07 8819.04 1441.52 4750.48 1419.19 4068.57 1270.2 2694.85 2657.71 2287.33 2055.63 1207.24 1216.7 793.663 1091.76 3504.89 3077.39 1885.58 1158.5 327.428 822.325 200.669 685.96 1115.55 563.68
internal_count=321060 168465 152595 140202 117440 35155 114781 41971 64846 28263 49935 25421 41340 40906 34137 23506 18817 22112 22438 23007 45327 41584 24317 17112 5256 15100 3286 10965 15090 4608
cat_boundaries=0 1 2 3
cat_threshold=4 8 10
is_linear=0
shrinkage=0.04


Tree=25
num_leaves=31
num_cat=1
split_feature=0 22 11 11 11 22 22 22 21 0 19 23 5 15 1 14 8 6 46 9 0 25 22 9 31 21 25 24 1 4
split_gain=1746.77 399.793 261.575 202.509 134.118 106.602 80.0508 78.1012 83.1193 63.3313 54.3718 53.7472 49.8457 52.8496 51.6785 49.2594 51.4356 46.5735 46.0112 51.8022 43.7974 42.2499 41.6717 41.5651 38.4945 38.2947 36.9172 42.4362 35.7179 32.7688
threshold=2.4750000238418584 0.042542364448308952 0.038984065875411041 0.14638501405715945 0.13287874311208728 0.092618513852357878 0.097551945596933379 0.070410095155239119 82.51377105712892 3.0049999952316289 10.500000000000002 1.0293902754783633 35.500000000000007 3.5000000000000004 0.35500000417232519 79.729999542236342 13.500000000000002 34.500000000000007 0 17.500000000000004 0.58499997854232799 677.12500000000011 0.193641372025013 2.5000000000000004 69.247005462646499 68.924358367919936 158.62500000000003 0.061684973537921912 1.9950000047683718 2.3850001096725468
decision_type=10 8 10 10 10 8 10 8 10 10 10 10 2 2 8 8 2 2 1 2 10 2 10 2 10 8 2 10 8 2
left_child=1 4 7 5 -1 28 -4 -2 9 17 25 -6 13 14 -12 16 24 22 23 -20 -13 -14 -9 -16 -7 -5 -15 -28 -3 -30
right_child=2 3 6 10 11 15 -8 8 -10 -11 12 20 21 26 18 -17 -18 -19 19 -21 -22 -23 -24 -25 -26 -27 27 -29 29 -31
leaf_value=-0.018908006940771757 -0.03435041317283298 0.0074809497456723066 -0.014922924723428972 0.013182815061356148 -0.016157398845937476 0.028549439435272123 0.0037531669067839492 -0.0055994514654844193 0.16410985608401243 -0.03310224992036867 0.036795087595789075 0.038756949535816328 0.0098319145493817404 0.02208388547151955 0.0078605828137935461 0.0053288893543058978 0.0080251889654843825 -0.020506779543871617 0.0091636566625459027 0.037084075122147835 0.0043621119607549861 0.046007653405532034 0.047223362343010389 0.02605821092947715 -0.001744626241459446 -0.0068028667901536381 0.10299218212634874 0.038891494235448416 -0.0023609508406559378 -0.01649614171769043
leaf_weight=1042.9119241787121 1624.6826808275655 412.95887002442032 1055.5135128041729 377.02916285768151 193.04712080117315 488.85622578859329 561.85505005903542 185.46061667706817 2.8681045584380618 496.67566956859082 219.03272360935807 64.754880916327238 1348.0498915314674 262.53429845441133 256.27519698441029 1956.7352498462424 672.90385666955262 627.64849221333861 1263.920117338188 115.42327822372317 607.06206110678613 52.889824371784925 26.40430092997849 957.97865460347384 77.352453120052814 257.04747121687979 17.615187164396048 207.21354006975889 1054.8103457232937 348.92113288678229
leaf_count=24702 54398 6612 27101 4111 4389 6351 9170 6205 57 19437 1752 706 16781 4648 2888 31798 10520 20810 12409 1455 9107 392 576 9679 764 3788 144 1413 20000 8597
internal_value=-0.000312811 0.00756431 -0.0213835 0.0106666 -0.00925656 0.00489094 -0.00843429 -0.0284436 -0.0212535 -0.0217768 0.0160904 0.00238559 0.0175737 0.0202604 0.0181376 0.00928827 0.0155281 -0.0150402 0.0165468 0.0115281 0.00773597 0.0112324 0.00115588 0.0222304 0.024408 0.00507659 0.0324407 0.0443653 -0.00284331 -0.00588658
internal_weight=16836.4 12255.3 4581.11 10347.5 1907.78 5012.54 1617.37 2963.74 1339.06 1336.19 5335.01 864.864 4700.93 3299.99 2812.63 3195.85 1239.11 839.513 2593.6 1379.34 671.817 1400.94 211.865 1214.25 566.209 634.077 487.363 224.829 1816.69 1403.73
internal_count=320760 183006 137754 144102 38904 84642 36271 101483 47085 47028 59460 14202 51561 34388 28183 49433 17635 27591 26431 13864 9813 17173 6781 12567 7115 7899 6205 1557 35209 28597
cat_boundaries=0 1
cat_threshold=8
is_linear=0
shrinkage=0.04


Tree=26
num_leaves=31
num_cat=1
split_feature=11 22 0 0 22 4 22 5 16 17 22 35 1 46 9 6 14 4 19 5 24 19 37 25 0 1 6 22 19 20
split_gain=1618.92 300.465 296.074 184.38 135.446 103.775 71.6372 70.9716 70.6009 59.4212 50.778 49.3112 53.0012 48.5908 60.4661 44.6782 42.1141 67.7176 39.1732 41.1106 42.6551 34.4581 38.9601 36.3798 34.3991 32.3263 32.2665 32.0212 28.4564 28.3269
threshold=0.052738554775714881 0.03614510782063008 2.6550000905990605 1.7749999761581423 0.066482517868280425 2.4150000810623173 0.14145641028881076 21.500000000000004 1.5000000000000002 3.5000000000000004 0.10294625535607339 16.750000000000004 1.2050000429153445 0 12.500000000000002 78.500000000000014 91.625000000000014 1.8650000095367434 17.500000000000004 41.500000000000007 0.011484527960419657 167.50000000000003 65.993194580078139 85.375000000000014 3.1049998998641972 2.1950000524520878 48.500000000000007 0.15084849298000338 167.50000000000003 159.00000000000003
decision_type=8 8 8 8 8 2 10 2 2 10 8 2 8 1 2 2 10 2 10 2 10 8 10 2 10 10 2 10 10 2
left_child=2 8 4 13 25 6 9 27 11 16 -4 12 -2 18 -15 -16 21 -18 -3 20 -20 22 -5 -23 26 -1 -12 -6 -19 -10
right_child=1 3 10 5 7 -7 -8 -9 29 -11 24 -13 -14 14 15 -17 17 28 19 -21 -22 23 -24 -25 -26 -27 -28 -29 -30 -31
leaf_value=-0.0098324131446146865 0.016345009204599789 0.0061575834543406661 -0.032954005636770804 0.019357898492826896 0.0032235081993145977 -0.010133207572071071 0.013911547879008546 -0.0098221279565324799 0.085021708100250712 -0.0039349384203635198 0.0063196463469164209 -0.028676368215940291 -0.011902575250893886 0.0082480828082424802 0.037614944675706551 0.01576880102663461 -0.010048765810996927 0.00031174378549528987 0.0056922246516929497 0.010430751265559207 0.028715440572527732 0.0019359807480735234 0.0054057277208394159 0.038053778697792015 -0.032219735791431343 -0.026034851281429204 -0.019636941016981359 0.02452386645715449 0.022653402024758355 0.012344882210502478
leaf_weight=281.57911871373653 118.98573693167418 248.57158120814711 1851.0712604830042 415.55505955126137 461.27641279064119 604.7180300951004 1788.0598340239376 763.51244017761201 8.2577474191784841 1041.4111274899915 110.95497250184417 243.00234983209521 929.82032165303826 1659.5811734031886 209.88631427846849 532.78124405816197 484.80997862573713 165.49598147906363 145.07501822151244 327.70174257829785 1218.6504969513044 67.234498930163682 1397.6006078803912 133.75787657219917 202.24499800708145 676.35678251646459 242.41790134739131 148.96104114875197 203.31586998980492 133.60810730047524
leaf_count=7485 1954 3066 65552 8391 10475 13557 19565 17918 99 19139 4310 5392 19776 17411 2133 5346 9901 2507 3858 3772 10878 2683 19450 1484 8916 19752 9041 2294 3318 1668
internal_value=-0.000109265 0.00766423 -0.0199218 0.00997985 -0.00975471 0.00560748 0.00728042 -0.0016973 -0.00952011 0.00424353 -0.0297622 -0.0124652 -0.00868159 0.0163219 0.0125056 0.0219904 0.00721522 -0.000226342 0.0210364 0.0232157 0.0262751 0.0103696 0.00861452 0.0260611 -0.0190813 -0.0212916 -0.0114808 0.00846116 0.0126669 0.0171688
internal_weight=16816.3 12077.9 4738.37 10644.2 2331.69 6301.96 5697.24 1373.75 1433.67 3909.18 2406.69 1291.81 1048.81 4342.25 2402.25 742.668 2867.77 853.622 1940 1691.43 1363.73 2014.15 1813.16 200.992 555.618 957.936 353.373 610.237 368.812 141.866
internal_count=321091 175348 145743 146459 57924 99995 86438 30687 28889 66873 87819 27122 21730 46464 24890 7479 47734 15726 21574 18508 14736 32008 27841 4167 22267 27237 13351 12769 5825 1767
cat_boundaries=0 1
cat_threshold=8
is_linear=0
shrinkage=0.04


Tree=27
num_leaves=31
num_cat=1
split_feature=4 22 11 4 11 22 4 35 23 21 6 19 21 20 1 9 35 25 26 1 21 25 25 2 23 8 46 19 20 25
split_gain=1499.76 399.218 192.581 147.137 139.513 128.161 88.3257 84.4769 54.5918 53.95 51.7621 45.5227 61.8133 44.109 51.2312 42.8138 48.6865 42.3553 42.1747 41.9531 41.5985 40.4353 54.6086 45.1573 41.4317 39.8224 35.7328 32.242 31.8879 34.0541
threshold=2.4550000429153447 0.047027543187141425 0.14311316609382632 1.3650000095367434 0.13134284317493441 0.070410095155239119 2.7350000143051152 13.250000000000002 1.0346044898033144 82.51377105712892 80.250000000000014 167.50000000000003 63.022916793823249 177.50000000000003 1.0549999475479128 3.5000000000000004 8.7500000000000018 650.37500000000011 1.5000000000000002 2.6750000715255742 58.605054855346687 197.62500000000003 496.62500000000006 -1.455000042915344 1.2481924295425417 63.500000000000007 0 5.0000000000000009 218.00000000000003 261.37500000000006
decision_type=2 8 8 2 10 10 2 2 10 10 2 10 8 2 10 2 2 2 2 10 10 2 2 10 10 2 1 10 2 2
left_child=1 4 3 19 13 -2 25 15 -6 -8 28 12 -9 14 -1 18 17 -17 20 -3 -4 -13 23 -23 -25 -7 -14 -20 -5 -30
right_child=5 2 7 10 8 6 9 11 -10 -11 -12 21 26 -15 -16 16 -18 -19 27 -21 -22 22 -24 24 -26 -27 -28 -29 29 -31
leaf_value=0.042226948162592745 -0.030542771725410086 -0.0077580320154134524 0.029328294397106658 0.00964165670900545 -0.012738287150068065 0.0046706142378915893 -0.025713951311684153 0.017637989612530779 0.0070198192795042601 0.13507662981420751 0.00018160849814068621 0.0070262533504032703 -0.0010827254049603483 -0.021305334206575925 -0.0099049919548906459 0.0093212226684453777 0.023214634160436971 0.05264056211548547 0.086320099514023432 -0.027897227151422978 0.0039094331538491092 0.012639461932797816 0.0049451165445757493 0.056180429540562619 -0.023078028954993425 -0.013092595573460812 0.0096381936018450406 0.020066029685408472 0.017641643251311314 0.069696579059718225
leaf_weight=34.39925520028919 1892.0398194463924 542.2196633098647 115.21882764995098 1219.4219370735809 308.75921386759728 325.15279955882579 765.13125855103135 559.67987901717424 804.45851763337851 2.3700315877795211 1307.1564249321818 316.81128836609423 1396.3407445345074 1051.6830838741735 202.61418533138931 765.70790952630341 1853.9394300282001 37.027486640959978 11.28845828771591 238.57802724186331 917.58070832584053 76.142868794500828 121.40601663291454 143.86664212308824 10.777943782508371 528.95871270447969 771.06125164497644 379.99431734904647 68.71873627230525 28.266113456338644
leaf_count=600 67107 10980 807 20601 7313 7608 26821 5166 11026 43 25037 6784 19197 27912 4303 8539 18453 267 94 6827 12590 858 942 1184 84 13385 9412 5313 1847 310
internal_value=-0.000231138 0.00591626 0.0091744 0.00128629 -0.00883984 -0.0234672 -0.0151954 0.0127648 0.00152966 -0.0250371 0.00582427 0.00809807 0.00579807 -0.0177947 -0.00217632 0.0166447 0.0196481 0.0113874 0.0110291 -0.0139446 0.00677465 0.017445 0.0267593 0.0381466 0.050518 -0.00632806 0.00273212 0.0222028 0.0114199 0.0334103
internal_weight=16796.8 13283.1 10881.2 3404.36 2401.91 3513.65 1621.61 7476.84 1113.22 767.501 2623.56 3396.09 2727.08 1288.7 237.013 4080.76 2656.67 802.735 1424.08 780.798 1032.8 669.005 352.193 230.787 154.645 854.112 2167.4 391.283 1316.41 96.9848
internal_count=321410 206446 155292 65602 51154 114964 47857 89690 18339 26864 47795 43627 33775 32815 4903 46063 27259 8806 18804 17807 13397 9852 3068 2126 1268 20993 28609 5407 22758 2157
cat_boundaries=0 1
cat_threshold=4
is_linear=0
shrinkage=0.04


Tree=28
num_leaves=31
num_cat=2
split_feature=11 0 22 11 22 47 17 1 0 22 14 43 20 1 1 0 11 15 24 26 25 25 14 0 37 22 22 20 36 4
split_gain=1439.87 289.632 260.361 186.452 118.671 81.0406 73.1089 61.4251 60.1763 58.0226 54.7117 53.4179 47.8321 46.3154 43.0201 40.1205 36.2182 34.8454 38.2104 40.8736 35.5627 33.4995 32.7271 36.4377 32.5453 32.4416 32.016 29.6923 29.5694 29.5003
threshold=0.052738554775714881 2.6350001096725468 0.092618513852357878 0.14311316609382632 0.066482517868280425 0 4.5000000000000009 2.3349999189376835 2.7050000429153447 0.019503099843859676 77.045001983642592 1 79.000000000000014 1.4049999713897707 1.5049999952316286 2.1450001001358037 0.52322071790695202 3.5000000000000004 0.24477943778038028 4.5000000000000009 765.12500000000011 54.625000000000007 87.045001983642592 1.0000000180025095e-35 77.400302886962905 0.16155823320150378 0.11774935945868494 177.50000000000003 0.16480229794979098 1.1950000524520876
decision_type=8 8 8 10 8 9 10 10 10 10 8 9 2 8 8 8 10 2 8 2 2 2 10 10 10 8 10 2 8 2
left_child=1 4 3 9 27 -4 11 -6 12 -2 26 16 21 -14 -13 -11 -5 22 19 20 29 -7 23 -15 -16 -12 -3 -1 -17 -19
right_child=2 10 5 6 7 8 -8 -9 -10 15 25 14 13 17 24 28 -18 18 -20 -21 -22 -23 -24 -25 -26 -27 -28 -29 -30 -31
leaf_value=-0.0070419131545291207 -0.025071713064162525 -0.019139205783833459 0.027706503686688568 -0.0081274737718718126 0.0065509228643045635 0.03301483456641597 -0.0060852849981455348 -0.010610802396453385 -0.00809551069212666 0.001652026242868494 -0.032847329759233587 0.01990556155854278 0.017776725611861385 0.017834832488005409 0.0068637219073943191 -0.011140964268747252 0.040172631653103412 -0.0057103273019827759 0.03298965660671007 0.10341319031657069 0.090265113448761161 0.01398734888343597 0.0014743485929046393 0.006717489886946865 0.043670669252005932 -0.015027445709503325 0.014568201952193128 -0.024335942040823823 0.018470800378698554 0.014675432836499325
leaf_weight=209.32261475268751 280.37306256406009 210.15937311155722 495.65786365885288 327.89588414039463 714.78392878454179 265.39872702211142 553.30802058428526 623.99772410746664 255.25596589408815 754.73716401308775 1901.680238048546 780.34401527605951 1117.5459376312792 639.66943725943565 1256.4378527905792 1272.4048342555761 25.861308227293193 156.89209345541894 172.41973425727338 6.6607052721083155 7.7717240825295439 341.86291917413473 1162.3068602178246 1807.4675242025405 38.749327438883483 182.46671365108341 56.392439677380025 681.21481669228524 55.365735959261656 403.93885026685894
leaf_count=5024 6193 8274 4426 4846 14715 2385 9477 14979 5807 12928 70504 8803 10069 8651 17207 28328 282 2369 3467 72 71 1853 17180 24146 494 9658 1615 21083 1125 5293
internal_value=-0.000201665 -0.0193185 0.00698845 0.000374958 -0.00898082 0.0121609 0.00702392 -0.00144701 0.0108794 -0.00801557 -0.0291127 0.0100127 0.0116955 0.010509 0.0124262 -0.00570641 -0.00435907 0.00864037 0.0165011 0.0115035 0.0102402 0.0223503 0.00700682 0.00963124 0.00800084 -0.0312971 -0.0119652 -0.0202879 -0.00989022 0.0089654
internal_weight=16758.3 4580.02 12178.3 5345.48 2229.32 6832.85 2982.6 1338.78 6337.19 2362.88 2350.7 2429.29 6081.93 5474.67 2075.53 2082.51 353.757 4357.13 747.683 575.263 568.603 607.262 3609.44 2447.14 1295.19 2084.15 266.552 890.537 1327.77 560.831
internal_count=321324 145852 175472 89683 55801 85789 41109 29694 81363 48574 90051 31632 75556 71318 26504 42381 5128 61249 11272 7805 7733 4238 49977 32797 17701 80162 9889 26107 29453 7662
cat_boundaries=0 1 2
cat_threshold=68 140
is_linear=0
shrinkage=0.04


Tree=29
num_leaves=31
num_cat=4
split_feature=0 11 1 5 14 15 17 19 23 11 9 43 1 24 23 11 0 10 5 25 25 25 30 1 43 11 33 46 1 47
split_gain=1400.84 254.743 231.787 159.92 123.188 104.846 89.1946 88.0417 72.3688 64.7405 62.3928 52.4169 50.564 45.8275 42.3728 41.945 40.6694 40.3256 39.8261 39.4813 46.1982 66.5816 34.5056 29.7129 29.6412 29.2216 29.1763 28.9282 35.3405 27.7562
threshold=2.4750000238418584 0.14638501405715945 2.5349999666213994 31.500000000000004 88.184997558593764 3.5000000000000004 4.5000000000000009 23.000000000000004 1.0785654187202456 0.3486414253711701 2.5000000000000004 0 1.6549999713897707 0.047892276197671897 1.0326827168464663 0.038157539442181594 3.0049999952316289 25.250000000000004 24.500000000000004 340.12500000000006 431.12500000000006 409.25000000000006 0.12944112718105319 1.8550000190734866 1 0.54502454400062572 2.9010794162750249 2 2.304999947547913 3
decision_type=10 10 10 2 8 2 10 10 10 10 2 9 10 8 10 10 10 2 2 2 2 2 10 8 9 10 10 1 8 9
left_child=1 3 8 4 12 7 9 -6 -2 11 -5 26 -1 -12 -8 -4 18 29 22 -7 21 -21 -10 -9 -25 -19 -3 28 -13 -11
right_child=2 6 15 10 5 19 14 23 16 17 13 27 -14 -15 -16 -17 -18 25 -20 20 -22 -23 -24 24 -26 -27 -28 -29 -30 -31
leaf_value=0.016308353076021003 -0.019598637201153148 -0.0060369345381939632 -0.032274582319022541 -0.018097680825345276 -0.021704713490122516 0.0086030814576835597 -0.01924882163523119 0.019413008508520308 0.0012603031259117879 -0.0070973923564126226 -0.017699363585593045 0.020736401942295726 0.0037844571221294417 0.00072157450915568495 0.0041029135354638301 -0.017850407370133704 -0.020574832762946665 0.023342574027974416 -0.0090434014820440951 0.041759579185611642 0.014736685680748804 0.1623479478574695 0.027292720016554958 0.00098607599323709033 -0.01484264277103354 0.044260867031709256 0.037055120713682832 0.0093779625159666931 0.0080457764203228713 0.016410108507186005
leaf_weight=1392.4996025236323 895.50356388371438 359.40824605617672 1681.116979171522 708.71848893538117 441.23667858820409 251.85730116348714 158.84008099790663 105.67016131523997 422.88462524581701 88.801329748705029 274.97999537549913 1085.9853800646961 821.61709614749998 993.67211478110403 558.31903186999261 406.25445622205734 217.14207834750414 757.9821730228141 560.08655943628401 36.517524434253573 62.34785651229322 8.646158926188944 100.0520688155666 803.88140903133899 236.47233606968075 126.16895958501846 26.015075765550137 1975.7694003302604 523.16510918084532 681.17304705362767
leaf_count=19506 36026 4804 64503 17755 10361 5295 4587 1393 8321 875 8203 11682 14356 14664 6697 11466 5742 7736 10410 418 801 106 1401 13207 4958 1250 209 21929 6870 5771
internal_value=-0.000200515 0.00657351 -0.0199362 0.000763602 0.00521489 -0.0021235 0.0121953 -0.00654391 -0.010853 0.013889 -0.00859859 0.0111118 0.0116666 -0.0032788 -0.00108318 -0.0294791 -0.00481581 0.020542 -0.00163642 0.0173534 0.037547 0.0679484 0.00629124 -0.000689454 -0.00275181 0.0263788 -0.00295319 0.0125986 0.0166205 0.0138089
internal_weight=16762.8 12479.7 4283.04 6138.12 4160.75 1946.63 6341.63 1587.26 2195.67 5624.47 1977.37 3970.34 2214.12 1268.65 717.159 2087.37 1300.17 1654.13 1083.02 359.369 107.512 45.1637 522.937 1146.02 1040.35 884.151 385.423 3584.92 1609.15 769.974
internal_count=321302 183433 137869 111023 70401 36539 72410 29919 61900 61126 40622 45494 33862 22867 11284 75969 25874 15632 20132 6620 1325 524 9722 19558 18165 8986 5013 40481 18552 6646
cat_boundaries=0 1 2 3 4
cat_threshold=12 16 8 8
is_linear=0
shrinkage=0.04


Tree=30
num_leaves=31
num_cat=2
split_feature=4 22 0 0 4 47 22 20 23 1 1 4 21 22 21 20 8 39 42 6 6 21 4 16 22 10 22 19 0 37
split_gain=1274.72 315.871 194.661 128.827 121.893 83.3649 82.4392 65.2919 62.9855 59.3186 53.8964 44.5951 42.4839 37.3085 39.8533 58.3179 36.6884 35.8252 35.6999 38.2832 31.9552 31.5705 29.3808 27.8296 33.7788 28.559 27.7143 27.578 27.3877 27.0567
threshold=2.4550000429153447 0.069005299359560027 2.1750000715255742 2.7549999952316289 2.7549999952316289 0 0.087603129446506514 79.000000000000014 1.0346044898033144 1.5349999666213991 2.4450000524520878 2.1650000810623173 77.739685058593764 0.11531509459018709 74.235458374023452 218.00000000000003 63.500000000000007 3.6348249912261967 1 85.500000000000014 160.25000000000003 60.947811126708991 1.8450000286102297 1.5000000000000002 0.18361064791679385 19.750000000000004 0.038171408697962768 64.000000000000014 1.4450000524520876 77.776752471923842
decision_type=2 8 8 10 2 9 10 2 10 8 10 2 10 8 10 2 2 10 9 2 2 8 2 2 10 2 8 10 10 8
left_child=1 2 8 5 6 20 26 17 -1 23 12 18 -4 14 29 -16 -8 -7 19 -10 -3 27 -5 24 -9 -25 -2 -6 -26 -11
right_child=4 3 10 22 21 7 16 9 11 13 -12 -13 -14 -15 15 -17 -18 -19 -20 -21 -22 -23 -24 25 28 -27 -28 -29 -30 -31
leaf_value=-0.010552746797740042 -0.029731460094455663 0.027273797507573763 -0.0061376501546150913 -0.027421915907857759 0.045898969068708259 0.025532977378702259 0.00872932636780035 0.015753359328114364 0.022996756962464008 0.001270262925932698 -0.026463444532527358 -0.0046367267791658845 -0.023084527012566584 0.0089241200409050855 0.018569989895257551 0.14458623673290691 -0.01110371636469947 0 0.0016382238990123798 0.006622237254127257 -0.0040335376696943384 -0.031282397332947673 -0.0032876910230077534 -0.0032371914665863784 0.063044128073294625 0.013594483755384107 -0.01655947113638144 -0.022539986328828383 0.024903819262971187 0.028807433677287414
leaf_weight=405.92486729007214 420.69145764270797 581.55189192760736 1015.8991005253047 162.24352027336136 15.126159139908848 537.72974745742977 241.8025153442286 881.98662831727415 462.97501075174659 2475.936520608142 426.68046412011608 417.67799404915422 308.56236277986318 3398.8106233896688 32.701636820100248 6.3079693056643 385.98653924139217 105.24613493308425 502.94660578016192 454.00242382567376 56.790231018327177 1551.1882503321394 161.07474582642317 226.12844006158412 43.309884324669838 555.68146556988358 672.17260791733861 21.640155997127295 104.78411496989429 57.462396229617298
leaf_count=10746 13686 5457 23043 5464 394 3823 5653 9294 5361 36876 13517 7314 7707 51179 521 62 9689 637 7020 5265 544 61630 3850 1999 384 4421 22783 858 1059 706
internal_value=-0.000190624 0.00530588 -0.00411351 0.00931445 -0.0224186 0.0102001 -0.0150241 0.00910421 0.00368593 0.00810006 -0.0141047 0.00683744 -0.0101033 0.00617347 0.00253554 0.0421516 -0.00345662 0.021363 0.0102163 0.01491 0.0241033 -0.0304139 -0.015458 0.0144402 0.0187628 0.00872311 -0.0216562 0.0059806 0.0364328 0.00190756
internal_weight=16691 13382.4 3994.67 9387.75 3308.61 9064.43 1720.65 8426.09 2243.53 7783.11 1751.14 1837.6 1324.46 5971.22 2572.41 39.0096 627.789 642.976 1419.92 916.977 638.342 1587.95 323.318 1811.89 1030.08 781.81 1092.86 36.7663 148.094 2533.4
internal_count=320942 206249 79973 126276 114693 116962 51811 110961 35706 106501 44267 24960 30750 89344 38165 583 15342 4460 17646 10626 6001 62882 9314 17157 10737 6420 36469 1252 1443 37582
cat_boundaries=0 1 2
cat_threshold=68 16
is_linear=0
shrinkage=0.04


Tree=31
num_leaves=31
num_cat=2
split_feature=4 0 21 4 4 11 6 5 21 21 46 21 0 20 20 20 25 24 25 19 23 21 0 21 1 11 25 47 23 10
split_gain=1188.51 296.567 154.877 142.792 118.868 84.2284 79.4884 72.5654 65.099 52.4897 50.1344 49.8759 48.1365 43.8608 41.2333 38.8071 116.332 36.8714 35.9365 34.5659 34.4761 37.8934 33.3222 31.6014 31.272 43.3088 32.9123 28.8696 28.5291 28.0222
threshold=2.4550000429153447 2.2549999952316289 75.729537963867202 1.075000047683716 2.7549999952316289 0.312537431716919 84.250000000000014 28.500000000000004 68.111885070800795 72.385150909423842 0 63.086299896240241 0.58499997854232799 79.000000000000014 177.50000000000003 218.00000000000003 276.37500000000006 0.052416019141674049 171.87500000000003 7.5000000000000009 1.0230884552001955 68.252796173095717 2.8149999380111699 59.510065078735359 2.2050000429153447 0.043990600854158408 650.37500000000011 1 1.0298770666122439 12.750000000000002
decision_type=2 10 10 2 2 10 2 2 8 10 1 10 8 2 2 2 2 8 2 8 10 10 10 8 10 8 2 9 10 2
left_child=1 2 5 22 7 10 9 8 -2 -5 11 -1 -4 -13 -14 18 -17 -8 19 -12 21 -21 -3 -6 25 -20 -27 -22 -15 -7
right_child=4 3 12 6 23 29 17 -9 -10 -11 15 13 14 28 -16 16 -18 -19 24 20 27 -23 -24 -25 -26 26 -28 -29 -30 -31
leaf_value=0.01190512075368731 0.010974972361253877 -0.01477163886794604 0.025222913156070569 0.011254065959129181 0.019133368043981192 0.0069085813159147783 -0.021612363269433263 -0.022468360753193105 -0.013588806969897607 -0.010049543621405473 -0.0050470736132435376 0.024096714921893168 0.0078598324503615664 -0.032711459432441678 -0.015948722648229927 -0.0013277677286522413 0.040783090310119008 -0.0045539468307646252 0.0424684027157008 0.010078181622580618 0.0063757335865403074 -0.027099703839860365 -0.032335067026223838 -0.030671563246911084 -0.0070300214683175098 0.0034374772395110932 0.038665252873604825 0.019098751388837324 0.0010735069255581376 0.018619793095192617
leaf_weight=1030.1155855450779 250.3300445121713 452.59282072773203 61.031844668090343 834.70834136288613 19.932370737195015 404.7993203997612 269.62059713341296 899.41870557470247 550.03621176909655 236.64308338752016 162.56484793499112 131.98958052881062 142.78754420764744 39.582522060722113 611.64393816236407 187.18613325804472 237.25093928910792 815.35691421572119 52.858613213524222 141.40991307981312 417.63878070376813 62.375984842889011 283.66934934118763 1529.2320148842409 312.36567640677094 767.42084439657629 43.978778891265392 1238.3415151033551 2724.7276736255735 1760.8196226526052
leaf_count=16965 5647 10923 820 14293 666 3687 9617 29571 16541 5403 2491 998 2311 960 13627 4281 2210 15936 704 4291 4706 2714 10225 62447 3603 6580 361 17989 34132 16602
internal_value=-0.000294167 0.00496003 0.00807608 -0.0063819 -0.0219987 0.00948173 -0.00118363 -0.0146759 -0.00589691 0.00653975 0.00748428 0.00434961 -0.00865699 0.00165781 -0.0114329 0.0108779 0.0222424 -0.0088127 0.00936227 0.0125961 0.0141423 -0.00135867 -0.0215786 -0.0300162 0.00379482 0.00771542 0.00539703 0.0160519 0.000576635 0.0164368
internal_weight=16672.4 13423.5 10530.9 2892.59 3248.95 9715.43 2156.33 1699.78 800.366 1071.35 7549.81 3926.42 815.463 2896.3 754.431 3623.39 424.437 1084.98 3198.95 2022.33 1859.77 203.786 736.262 1549.16 1176.62 864.258 811.4 1655.98 2764.31 2165.62
internal_count=321301 206429 140032 66397 114872 123274 45249 51759 22188 19696 102985 53055 16758 36090 15938 49930 6491 25553 43439 32191 29700 7005 21148 63113 11248 7645 6941 22695 35092 20289
cat_boundaries=0 1 2
cat_threshold=4 10
is_linear=0
shrinkage=0.04


Tree=32
num_leaves=31
num_cat=2
split_feature=4 22 0 22 0 4 47 22 25 21 25 4 5 1 22 20 24 11 22 8 9 5 22 5 46 31 23 21 0 15
split_gain=1123.54 278.513 155.249 136.34 128.366 95.0594 66.2359 66.1578 115.45 60.4299 73.8338 57.6427 53.699 53.6277 50.3308 39.5874 41.963 38.9288 36.0505 36.0402 34.5011 36.4389 33.3567 32.2906 31.9489 33.3923 37.9298 29.0402 29.0384 28.5749
threshold=2.4550000429153447 0.042542364448308952 2.2549999952316289 0.10294625535607339 1.8650000095367434 1.075000047683716 0 0.10359223932027818 423.75000000000006 69.220321655273452 94.875000000000014 2.7350000143051152 29.500000000000004 2.7150000333786015 0.043845927342772491 79.000000000000014 0.23409039527177813 0.099431358277797713 0.017273891717195514 240.25000000000003 10.500000000000002 34.500000000000007 0.11698624119162561 31.500000000000004 1 69.686630249023452 1.21013480424881 79.325862884521499 2.804999947547913 3.5000000000000004
decision_type=2 8 10 10 8 2 9 10 2 10 2 2 2 10 8 2 10 8 10 2 2 2 10 2 1 10 10 10 10 2
left_child=1 4 6 11 18 19 -3 8 -5 14 -11 23 -7 -9 -8 16 -16 -6 -1 28 24 -22 -12 -2 25 26 -17 -19 -4 -26
right_child=3 2 5 7 17 12 9 13 -10 10 22 -13 -14 -15 15 20 -18 27 -20 -21 21 -23 -24 -25 29 -27 -28 -29 -30 -31
leaf_value=-0.01245608671384898 -0.012925693060962657 0.021863549714553222 -0.010824430069429371 -0.020083876853506891 -0.023775036507110943 0.0092748658430045778 0.090052079492808218 -4.2230672457203122e-05 0.22317545691679941 -0.0034304929999619165 0.0087803258589977499 -0.032327306099304842 -0.004829022515320954 -0.021232598534287942 0.027670981086252214 0.0044420155758446121 0.0050739592937835906 -0.0052070294850819652 0.0099834938870034719 0.072072743619641222 0.022330655912632377 0.0096746862404395745 0.034736437568489667 -0.026428158720298033 0.0030240702528960971 0.023006190883192137 0.021753327973096294 -0.023106304310806333 -0.030342128633846863 0.014191201397122969
leaf_weight=144.22468973882496 561.58654345944524 654.48340553510934 339.25417725881562 6.9512044233269972 585.72132933186367 897.5558166988194 11.794717001728712 469.15886803949252 4.4191905539482832 1255.4108852231875 966.62537943664938 1239.3545682542026 830.46943498728797 321.84591230750084 403.63572180829942 803.61442490294576 196.25868881493807 548.88492838572711 540.71506752632558 6.2333872485905877 595.77453112229705 945.78151426650584 85.64576636813581 582.40177518734708 2178.1513985665515 353.83983599115163 270.50107599236071 197.00889638345689 192.0877259732224 440.51714470237494
leaf_count=2387 17361 5978 7731 298 18140 15230 141 11719 104 19936 10489 53137 18174 11382 2987 13082 1066 11673 8233 87 6036 10296 756 20912 29289 3896 2257 4829 7118 6449
internal_value=-0.000180737 0.00488045 0.00729913 -0.0215357 -0.00882086 -0.0020743 0.00961742 -0.00725561 0.0845356 0.00863655 0.00311681 -0.0263366 0.00249551 -0.00868519 0.0107035 0.0105371 0.0203056 -0.0160555 0.00524139 -0.0167487 0.00948429 0.0145798 0.0109277 -0.0198203 0.00753905 0.0123529 0.00882153 -0.00996463 -0.0179316 0.00490885
internal_weight=16629.9 13444.2 11427.6 3185.72 2016.55 2265.6 9162.03 802.375 11.3704 8507.55 2307.68 2383.34 1728.03 791.005 6199.87 6188.07 599.894 1331.62 684.94 537.575 5588.18 1541.56 1052.27 1143.99 4046.62 1427.96 1074.12 745.894 531.342 2618.67
internal_count=321173 206260 160998 114913 45262 48340 112658 23503 402 106680 31181 91410 33404 23101 75499 75358 4053 34642 10620 14936 71305 16332 11245 38273 54973 19235 15339 16502 14849 35738
cat_boundaries=0 1 2
cat_threshold=68 8
is_linear=0
shrinkage=0.04


Tree=33
num_leaves=31
num_cat=2
split_feature=4 22 0 22 4 0 4 46 35 19 5 5 37 25 1 19 23 11 11 23 23 31 47 22 16 17 23 20 26 11
split_gain=1054.03 270.884 162.371 114.298 96.5916 87.7285 71.1101 64.5136 65.1813 64.0838 60.6385 52.3242 50.5426 47.1554 44.1571 44.2163 43.3553 36.0989 35.2389 34.3454 60.684 34.0126 33.9559 36.5657 33.7166 33.3019 31.8162 31.483 38.9243 30.1952
threshold=2.4750000238418584 0.03614510782063008 2.2749999761581425 0.070410095155239119 1.1349999904632571 2.0049999952316289 2.9550000429153447 0 12.750000000000002 17.500000000000004 37.500000000000007 28.500000000000004 71.059780120849624 677.12500000000011 2.0349999666213994 52.500000000000007 1.0368346571922304 0.33946646749973303 0.027605257928371433 1.063160836696625 1.06570440530777 61.981811523437507 1 0.13091431558132174 1.5000000000000002 2.5000000000000004 1.1509101986885073 177.50000000000003 1.5000000000000002 0.093683511018753066
decision_type=2 8 10 10 2 8 2 1 2 8 2 2 10 2 10 10 10 10 10 10 10 10 9 8 2 10 8 2 2 8
left_child=1 5 7 -2 18 19 14 9 13 21 12 -6 16 22 -5 -16 -11 26 -4 24 -21 -3 23 -9 -1 -12 -10 28 -28 -7
right_child=3 2 4 6 11 29 -8 8 17 10 25 -13 -14 -15 15 -17 -18 -19 -20 20 -22 -23 -24 -25 -26 -27 27 -29 -30 -31
leaf_value=-0.0095226448773502378 -0.029151963643795954 0.034841958874048271 -0.026325301178833069 0.0069801887951797762 0.0084830424995386983 -0.026398745214634527 -0.028783515935640977 0.0077424457329834618 -0.0032119652669682485 0.002695017011129099 0.02731506796909812 -0.0049689358699193742 0.029294725191234775 0.035145457823726009 0.0044926918306528599 -0.017729197827191217 0.018308671485504739 0.016114270014393247 -0.0060894768334013236 0.078702383371312676 0.0066239453810711425 -0.0035602986195759595 0.0029322553153227943 0.019142376970172004 0.017574456209303903 0.0029793333354867719 -0.011437072710396366 0.0096704694801553765 0.011436688782647067 -0.011997170521876469
leaf_weight=430.4964145924896 1567.6865167929791 39.212554872967303 305.6026794789359 238.54137172503397 925.77437972882763 432.14311568671837 357.16221641516313 1017.3860214008018 1409.5767629323527 353.97688138950616 101.59140185266733 922.57683927193284 535.29408653173596 121.17912471108139 185.6774995168671 617.21566977119073 1470.9908566214144 278.5214214399457 252.43139398051426 20.478780523873866 147.28735749609768 446.89927249122411 847.50048847962171 812.47400937415659 87.51868974417448 739.69577224180102 312.90577524341643 918.17553516663611 190.6678354870528 514.23964891396463
leaf_count=8560 64877 315 11056 5709 15955 14028 15153 13923 19668 7322 1188 20862 5409 974 5545 19572 14720 2733 5016 271 1827 6590 7350 10184 1070 10377 2964 13193 2648 12035
internal_value=-0.000128325 0.00457294 0.00665237 -0.0217334 -0.00263606 -0.0107108 -0.0134002 0.00898206 0.00638786 0.0131346 0.0151887 0.00176747 0.0184755 0.0108161 -0.0080981 -0.012586 0.0152855 0.00239944 -0.0172059 0.000179619 0.0158603 -0.000389173 0.0097007 0.0127444 -0.00491184 0.00595174 0.00104367 0.00526498 -0.00276296 -0.0185985
internal_weight=16600.9 13634.6 12002.4 2966.28 2406.39 1632.16 1398.6 9596.05 5908.39 3687.66 3201.55 1848.35 2360.26 2798.54 1041.43 802.893 1824.97 3109.85 558.034 685.781 167.766 486.112 2677.36 1829.86 518.015 841.287 2831.33 1421.75 503.574 946.383
internal_count=321094 210238 172447 110856 52889 37791 45979 119558 73637 45921 39016 36817 27451 32431 30826 25117 22042 41206 16072 11728 2098 6905 31457 24107 9630 11565 38473 18805 5612 26063
cat_boundaries=0 1 2
cat_threshold=8 69
is_linear=0
shrinkage=0.04


Tree=34
num_leaves=31
num_cat=2
split_feature=11 22 22 1 4 11 16 21 22 21 1 15 14 25 20 22 1 20 33 20 43 15 22 1 47 39 5 4 21 20
split_gain=985.62 199.159 187.415 115.541 114.24 71.199 61.0324 52.3946 41.7213 38.0951 37.1782 36.2955 67.9542 40.009 58.906 44.523 39.1994 34.6203 37.4001 34.2184 33.2381 33.4681 32.649 32.2137 35.7977 32.1032 31.7446 30.8704 30.4729 28.4401
threshold=0.038984065875411041 0.03614510782063008 0.070410095155239119 2.5749999284744267 2.245000004768372 0.30720923840999609 1.5000000000000002 78.053596496582045 0.17032737284898761 76.79990386962892 2.1450001001358037 3.5000000000000004 88.184997558593764 313.62500000000006 218.00000000000003 0.054383184760808952 2.3750000000000004 110.00000000000001 3.248575091362 175.00000000000003 0 3.5000000000000004 0.1857978627085686 1.0000000180025095e-35 1 0.62768650054931652 28.500000000000004 2.4750000238418584 70.549018859863295 159.00000000000003
decision_type=8 8 8 10 2 10 2 10 10 10 10 2 10 2 2 10 8 2 10 2 9 2 8 8 9 10 2 2 8 2
left_child=2 6 19 8 5 11 9 29 27 10 -2 12 17 22 -15 25 -14 18 -3 -1 28 -22 -13 -7 -25 -16 -23 -4 -6 -5
right_child=1 4 3 7 20 23 -8 -9 -10 -11 -12 13 16 14 15 -17 -18 -19 -20 -21 21 26 -24 24 -26 -27 -28 -29 -30 -31
leaf_value=-0.016977446108483285 0.0019257734105277197 0.030335295832290523 0.0010863240183011786 -0.0010596447705693876 0.0071506891386458925 0.028789700981117612 0.01476815257210647 0.1199691136060904 0.014647008764798517 -0.019066964854669098 -0.017216901157664354 0.0018939269336651504 0.0052867287614901106 -0.0012674576484743997 0.016847258632749856 0.028669738882532297 -0.0068874061930447802 0.0067646073243524552 0.0065900596533769928 -0.030716284338290246 -0.012676011857828262 0.020439053266968769 0.021318257547538116 -0.0056123575939922808 0.014321029157077853 0.11676741798059975 -0.0067271787391828108 -0.01355893918464047 -0.0077671686551108871 -0.025001516470103208
leaf_weight=372.60254923487082 426.02945914957672 217.87944370508194 529.42679124418646 90.0015525855124 754.5656111468561 227.22512892819941 153.13727948721498 3.1788385584950438 204.07875187229365 616.06557318428531 260.78477921523154 475.53241913020611 762.04128664266318 104.44598306715488 8.0793341659009474 235.32893743738532 948.7696104622446 3855.6582710891962 208.40980219095945 1408.9305214881897 641.2310383063741 110.64210946066305 194.76997797191143 154.09152576513588 2016.1842010086402 15.945967087522147 178.29302457533777 405.76550792343915 307.43115454446524 701.1516304644756
leaf_count=12203 8190 1946 11980 3335 12923 1793 1895 64 3919 15170 6839 7664 9335 904 92 1854 16251 48899 1292 57511 14166 2139 3922 1456 19337 157 3719 17058 8075 27087
internal_value=-0.000350717 0.00488739 -0.0184977 -0.00986314 0.00666449 0.00850408 -0.00903902 -0.0215633 -0.00169021 -0.0118495 -0.00535139 0.00647062 0.00527367 0.0133915 0.0240612 0.0342425 -0.00146246 0.00796568 0.0187784 -0.0278562 -0.00203597 -0.00750686 0.00756737 0.0144571 0.0129421 0.0853416 0.00369642 -0.00527145 0.00279887 -0.0222877
internal_weight=16587.7 12872.5 3715.14 1933.6 11416.5 9424.36 1456.02 794.332 1139.27 1302.88 686.814 7026.86 5992.76 1034.1 363.8 259.354 1710.81 4281.95 426.289 1781.53 1992.16 930.166 670.302 2397.5 2170.28 24.0253 288.935 935.192 1062 791.153
internal_count=321175 188018 133157 63443 155924 114902 32094 30486 32957 30199 15029 92316 77723 14593 3007 2103 25586 52137 3238 69714 41022 20024 11586 22586 20793 249 5858 29038 20998 30422
cat_boundaries=0 1 2
cat_threshold=148 8
is_linear=0
shrinkage=0.04


Tree=35
num_leaves=31
num_cat=2
split_feature=0 22 1 1 22 0 19 11 21 26 16 5 15 0 17 20 47 4 22 6 14 26 23 22 0 29 0 47 1 0
split_gain=939.807 218.67 181.69 117.196 83.7775 67.7812 64.1822 59.4163 43.9994 45.2337 43.9646 43.3195 55.0158 47.9249 37.2528 37.1219 37.0025 35.7464 31.4331 30.0443 29.9677 30.688 29.7033 29.3804 28.4274 28.3264 27.4508 28.5099 26.8675 26.0884
threshold=2.554999947547913 0.03614510782063008 2.5349999666213994 2.2549999952316289 0.10124228149652482 1.8650000095367434 10.500000000000002 0.14311316609382632 69.779163360595717 4.5000000000000009 4.5000000000000009 31.500000000000004 3.5000000000000004 1.8650000095367434 4.5000000000000009 159.00000000000003 0 2.6650000810623173 0.17265895754098895 4.5000000000000009 78.58499908447267 1.5000000000000002 1.2903507947921755 0.014092112425714733 3.0149999856948857 15.750000000000002 1.1250000000000002 1 1.2050000429153445 2.2350000143051152
decision_type=10 8 10 10 10 8 8 10 8 2 2 2 2 10 10 2 9 2 10 2 8 2 10 10 10 2 10 9 8 8
left_child=1 5 4 6 17 28 8 20 9 -3 14 12 18 -13 16 22 19 -2 -5 -9 21 -8 -4 -7 -6 -23 -18 -28 -1 -22
right_child=2 3 15 11 24 23 7 10 -10 -11 -12 13 -14 -15 -16 -17 26 -19 -20 -21 29 25 -24 -25 -26 -27 27 -29 -30 -31
leaf_value=0.01806563682539852 -0.011317638861053003 0.0048186264952361094 -0.015713979242221933 -0.0029301512553023667 0.0079993479309801926 -0.029994600848967993 0.0066380335672866168 -0.038434804733548954 -0.010265575436948615 0.10186237815618419 -0.026033173141342267 0.0056789836306214035 0.023374073878167225 -0.013085110415592681 0.00099227888883891423 -0.03087867057190577 0.019904342327228104 -0.026940732775464143 0.016495163194355386 0.003878357103256042 0.0089134493230793432 0.035196995383579822 0.05814021174057972 -0.012580981305980666 -0.01561244610062369 0.011936364990186092 0.0053281789589430398 0.015005236944066818 -0.0032329820279316935 3.7994026717555803e-05
leaf_weight=120.16814948990941 790.04584754863754 637.70669817179441 193.44480677088723 922.99909497378394 419.10705783125013 195.32765245065093 855.43404050264508 29.645833939313889 451.35730668902397 6.7877710573375216 45.842152241617441 306.11099696252495 186.01474653976038 747.65837681200355 384.87235373258591 1454.4760720343329 1237.2219521710649 335.13310201931745 154.74398722313344 215.39393012598157 803.73509856499732 132.89299009367824 8.1329140383750183 765.84188284678385 100.20082821045071 230.61331466585398 683.49745935574174 2127.6923256609589 433.44650821387768 1554.2005983581766
leaf_count=1565 24816 8416 7288 16459 8309 4864 12032 320 8608 69 275 4530 3334 17105 5306 63397 10283 16263 1900 1973 12747 1572 182 21034 2904 2975 5976 23963 7555 24964
internal_value=-0.000203162 0.00456086 -0.0192951 0.00641045 -0.00986447 -0.00973488 0.00839725 0.00959826 -0.000697212 0.0060031 0.0125436 -0.00164386 0.00334678 -0.00763029 0.012928 -0.0286458 0.0139965 -0.0159943 -0.000124622 -0.00130688 0.0057046 0.0107958 -0.0124422 -0.0161514 0.0034145 0.0205243 0.0148903 0.0127289 0.00140714 0.00306751
internal_weight=16529.7 13229.2 3300.54 11714.4 1644.49 1514.78 9396.89 8301.04 1095.85 644.494 4724.17 2317.53 1263.76 1053.77 4678.32 1656.05 4293.45 1125.18 1077.74 245.04 3576.88 1218.94 201.578 961.17 519.308 363.506 4048.41 2811.19 553.615 2357.94
internal_count=320984 197825 123159 162807 52292 35018 119479 102386 17093 8485 48096 43328 21693 21635 47821 70867 42515 41079 18359 2293 54290 16579 7470 25898 11213 4547 40222 29939 9120 37711
cat_boundaries=0 1 2
cat_threshold=8 2
is_linear=0
shrinkage=0.04


Tree=36
num_leaves=31
num_cat=1
split_feature=4 22 0 22 4 0 11 15 14 6 19 4 1 21 21 25 23 25 11 22 8 17 21 21 28 8 4 5 1 47
split_gain=921.216 243.429 139.33 89.2481 75.391 73.2842 63.1023 54.9851 70.1855 54.3598 51.9266 41.7225 40.3209 38.6779 38.2372 37.9596 76.6528 48.8741 36.2785 35.0645 34.6013 33.923 33.0729 67.9007 30.8228 30.8778 29.7167 28.477 28.1845 28.021
threshold=2.5049999952316289 0.035563597455620773 2.2749999761581425 0.10294625535607339 1.075000047683716 1.794999957084656 0.37119558453559881 3.5000000000000004 88.184997558593764 84.250000000000014 11.500000000000002 2.745000004768372 2.4550000429153447 82.51377105712892 69.220321655273452 313.62500000000006 1.06830769777298 510.25000000000006 0.045548850670456893 0.24123191833496097 240.25000000000003 3.5000000000000004 67.372478485107436 67.775608062744155 3.5000000000000004 94.250000000000014 2.0949999094009404 31.500000000000004 2.6650000810623173 0
decision_type=2 8 10 10 2 8 10 2 10 2 10 2 10 10 10 2 10 2 8 8 2 10 10 10 2 2 2 2 8 9
left_child=1 5 6 11 20 -1 7 8 14 -6 -10 27 -5 -12 29 19 -17 22 -7 -9 28 -16 -18 -24 -19 -26 -11 -2 -4 -3
right_child=3 2 4 12 9 18 -8 15 10 26 13 -13 -14 -15 21 16 17 24 -20 -21 -22 -23 23 -25 25 -27 -28 -29 -30 -31
leaf_value=0.0021712479832892611 -0.01208785729935165 0.0034084610869145331 -0.008624382189813061 0.0031943261611683104 0.0071842897656863407 -0.02837399440743173 0.015728934739148052 0.0048948609169090287 -0.017692458267829527 0.011576733590121903 0.0010880277893125737 -0.031501829759960451 -0.017090214866489897 0.088531783265470607 0.0059147242475666439 0.079483673458121226 0.022055981972985857 0.031550259646908552 -0.012026195311302255 0.026626596389914364 0.067641541320068249 -0.0081912717312380683 0.1509220025021093 0.03714949935135637 0.035701299882284654 -0.01115580551940505 -0.0090565835247835205 -0.026805520443747094 -0.027185216698741594 0.011907308954552605
leaf_weight=483.35767002031207 417.17600113991648 834.6279101120308 292.95308740576729 254.96470328466967 1068.0083911512047 299.57651452533901 1441.5276733571663 632.36283384170383 257.22928411886096 129.25518354773521 1795.2929151160643 1090.9632827355526 403.85569253610447 7.1317863762378684 1053.481123750098 35.200883317738771 154.60938709229231 52.257379896938801 801.95484394719824 145.71118752006441 6.8576947413384906 366.84235997870564 9.419702894985674 50.852713972330093 25.895394310355186 136.47380128875375 780.89320761431009 432.47173717990518 239.01862554857507 2812.8252628566697
leaf_count=7587 14466 7697 6347 6656 19040 10590 12709 9844 5414 2126 25226 51990 14691 99 13480 342 1178 395 20001 3069 91 5896 70 431 240 1047 19417 17187 9634 33934
internal_value=-0.000136286 0.0039475 0.00584484 -0.0219896 -0.00254882 -0.0108036 0.0079985 0.00666496 0.00530887 0.00106445 -0.000915424 -0.0263086 -0.00924105 0.00148514 0.00783904 0.0144284 0.0234722 0.0186984 -0.0164975 0.00899869 -0.0157987 0.0022654 0.0321425 0.0571687 0.0051332 -0.00348554 -0.00611245 -0.0196066 -0.0170068 0.0100071
internal_weight=16513 13913.6 12328.7 2599.43 2516.99 1584.89 9811.74 8370.21 7127.43 1978.16 2059.65 1940.61 658.82 1802.42 5067.78 1242.78 464.709 429.508 1101.53 778.074 538.829 1420.32 214.882 60.2724 214.627 162.369 910.148 849.648 531.972 3647.45
internal_count=320894 215904 177726 104990 56655 38178 121071 108362 91746 40583 30739 83643 21347 25325 61007 16616 3703 3361 30591 12913 16072 19376 1679 501 1682 1287 21543 31653 15981 41631
cat_boundaries=0 1
cat_threshold=10
is_linear=0
shrinkage=0.04


Tree=37
num_leaves=31
num_cat=7
split_feature=4 0 4 22 22 0 22 1 6 10 22 46 47 43 42 5 36 19 0 5 47 46 29 47 6 1 23 39 33 8
split_gain=827.448 212.674 138.432 106.014 97.6361 69.777 68.08 60.6825 47.3582 44.3652 39.1368 36.1819 34.3509 32.8637 32.3535 31.8939 30.1967 25.3788 25.2196 30.2846 24.5539 27.35 25.3319 44.0432 23.8125 23.388 23.378 23.2574 22.265 24.7059
threshold=2.4750000238418584 2.054999947547913 0.79500001668930065 0.070410095155239119 0.053768806159496314 3.0049999952316289 0.092618513852357878 1.9650000333786013 57.500000000000007 1.5000000000000002 0.014692337252199652 0 1 2 3 32.500000000000007 0.16480229794979098 55.000000000000007 2.7649999856948857 25.500000000000004 4 5 16.250000000000004 6 4.5000000000000009 2.3850001096725468 1.0293902754783633 3.2718747854232793 2.0752545595169072 35.500000000000007
decision_type=2 10 2 8 8 8 8 8 2 2 10 1 9 9 9 2 10 10 8 2 9 1 2 9 2 8 10 10 10 2
left_child=1 6 9 18 10 15 7 14 13 -3 -4 16 -8 -6 -1 -5 -9 -17 19 -2 21 -14 23 27 -22 -10 -12 -23 29 -25
right_child=3 2 4 5 8 -7 12 11 25 -11 26 -13 20 -15 -16 17 -18 -19 -20 -21 24 22 -24 28 -26 -27 -28 -29 -30 -31
leaf_value=0.01218678299996788 -0.0092228503604929023 -0.028190698334973945 -0.031916543327242176 -0.001744531276255578 -0.005980626493305519 -0.027409921104205575 0.020996828622667971 -0.0093054580136486664 0.0027486682008050316 -0.0098369140074140299 -0.026344651569374579 0.0033898080644914359 0.013757729919778536 0.013342466325241338 0.0005380421068110269 0.0032279958991817477 0.024229095451272151 -0.021736885444615727 -0.033011404148961088 -0.02839520260794989 -0.037677925552592723 0.016246360452052699 0.0035427739197171843 -0.019646571822326722 0.0010611775541753033 -0.0075473913289571398 -0.0053660450615082168 -0.016685661102175755 0.016372540750586688 0.0025021194632760301
leaf_weight=1157.1085562035441 201.65163642447442 372.32854207698256 125.23475134465843 649.68520436203107 163.78077771188691 369.39320996357128 419.93018133379519 880.38327764626592 1161.0511826225556 490.0320268413052 95.991345751099288 965.38571382686496 1707.4030206417665 898.28258755803108 570.12339247390628 82.623874823562801 44.162110667675734 298.4660850497894 770.16628979984671 391.10757028311491 27.64007874391973 1141.1402698978782 1444.5580446086824 101.63908881694078 221.77084448188543 505.95775422733277 705.06529883109033 34.483073567971587 129.75642389990389 373.34613059274852
leaf_count=12854 7223 14452 3220 20198 2683 18716 3308 15946 17813 9930 4669 15694 17686 13051 7801 2586 629 11525 35617 15144 315 15350 17198 872 2046 14038 16699 213 832 3123
internal_value=-0.00029235 0.00372522 -0.00338346 -0.020261 1.79687e-05 -0.0125118 0.00720928 0.00292893 0.00382798 -0.0177894 -0.0111949 -0.00202206 0.00997151 0.0104253 0.00834663 -0.00714755 -0.00767487 -0.0163195 -0.0282041 -0.0219062 0.00901545 0.00964079 0.00748617 0.0106797 -0.00322068 -0.000376566 -0.00791463 0.015135 0.00172307 -0.00226025
internal_weight=16499.6 13736.6 4517.72 2763.09 3655.36 1400.17 9218.83 3617.16 2729.07 862.361 926.291 1889.93 5601.67 1062.06 1727.23 1030.78 924.545 381.09 1362.93 592.759 5181.74 4932.33 3224.92 1780.36 249.411 1667.01 801.057 1175.62 604.742 474.985
internal_count=321431 210422 96555 111009 72173 53025 113867 52924 47585 24382 24588 32269 60943 15734 20655 34309 16575 14111 57984 22367 57635 55274 37588 20390 2361 31851 21368 15563 4827 3995
cat_boundaries=0 1 2 3 4 5 6 7
cat_threshold=4 68 140 16 3 8 1
is_linear=0
shrinkage=0.04


Tree=38
num_leaves=31
num_cat=4
split_feature=4 0 22 4 22 21 46 5 29 10 11 0 21 11 20 4 1 47 43 47 22 0 0 17 1 22 20 24 37 23
split_gain=785.2 199.766 139.971 86.2384 85.4581 75.3672 53.5744 53.3931 52.2429 46.0909 45.2974 43.6572 40.8677 40.695 38.3523 38.313 35.3084 32.3124 32.2219 31.2627 39.9821 30.9014 29.6474 28.6929 26.2616 27.828 25.6338 24.4475 24.2081 24.2427
threshold=2.5049999952316289 2.054999947547913 0.053768806159496314 0.79500001668930065 0.089763846248388304 74.533176422119155 0 31.500000000000004 16.750000000000004 38.250000000000007 0.10008787363767625 3.1049998998641972 63.022916793823249 0.41498298943042761 177.50000000000003 2.745000004768372 1.794999957084656 1 2 3 0.097551945596933379 1.5549999475479128 2.7949999570846562 2.5000000000000004 2.3850001096725468 0.055593475699424751 177.50000000000003 0.14474020153284076 77.776752471923842 1.0326827168464663
decision_type=2 10 8 2 10 10 1 2 2 2 10 10 8 10 2 2 10 9 9 9 8 8 10 10 8 10 2 10 8 10
left_child=1 5 10 22 15 6 17 18 9 19 26 16 27 14 -7 -2 -6 -1 -5 20 -8 -19 -4 -9 25 -25 -3 -10 29 -12
right_child=4 2 3 7 11 13 8 23 12 -11 28 -13 -14 -15 -16 -17 -18 21 -20 -21 -22 -23 -24 24 -26 -27 -28 -29 -30 -31
leaf_value=-0.0038833908535624187 -0.018964265411645913 -0.0072343628650783356 -0.0075462387838005421 0.010714197630881026 0.012454936922927618 0.0091288595981255643 0.0013760470341705828 0.011012067329333049 -0.013428946653030792 0.01930373839133254 -0.024720550705593976 -0.028332283839607699 -0.0015310876354272026 0.023729573580069468 -0.011968633065373466 -0.031229310371110205 -0.010236579203464862 0.01739324299041739 -0.0056432749114133443 -0.00072450728160610507 0.014030744987063184 0.0092643147082772954 -0.028050946729148225 0.057945901878179232 -0.014567905090593629 -0.0018906982007875293 -0.025507848407636015 0.015875168935271446 0.031469504330977643 -0.0032830773908248262
leaf_weight=188.05366098880768 732.49883158924058 161.08688975917175 433.35960946464911 1434.0457777981646 138.59903059108183 178.50580399017781 620.31618610396981 208.55920329736546 51.014929432421923 576.11659292131662 106.01356815360487 166.02563306456432 1822.1026169098914 74.276607807725668 593.01336431782693 945.93436172837391 510.94563794275746 1484.4823302831501 218.61042798077688 664.94397896900773 1125.995380975306 1524.0326629141346 152.58725798828527 11.668173396028577 326.23842967394739 671.88576274178922 539.55833326512948 369.54345932789147 25.430228354409337 404.49356611073017
leaf_count=2064 29009 4343 8965 22331 3806 2483 9056 3673 643 5603 3524 7472 23373 846 13126 47814 16861 14606 3760 5590 14273 19570 6264 225 10159 10882 19829 3010 529 7543
internal_value=-6.17429e-05 0.0036303 -0.00309274 0.00103849 -0.0207312 0.00703379 0.00817643 0.00389452 0.00567974 0.00914288 -0.0146366 -0.0100838 0.00106282 -0.00434174 -0.00707665 -0.0258935 -0.00537684 0.012257 0.0085766 0.00670651 0.00948696 0.0132371 -0.0129314 -0.00245512 -0.00524869 -0.000780297 -0.0213286 0.0122876 -0.00585721 -0.0077823
internal_weight=16459.9 13965.9 4693.54 3456.95 2494 9272.4 8426.6 2871.01 5230.03 2987.37 1236.58 815.57 2242.66 845.796 771.519 1678.43 649.545 3196.57 1652.66 2411.26 1746.31 3008.51 585.947 1218.35 1009.79 683.554 700.645 420.558 535.937 510.507
internal_count=321232 216270 102027 66259 104962 114243 97788 51030 61548 34522 35768 28139 27026 16455 15609 76823 20667 36240 26091 28919 23329 34176 15229 24939 21266 11107 24172 3653 11596 11067
cat_boundaries=0 1 2 3 4
cat_threshold=8 8 112 69
is_linear=0
shrinkage=0.04


Tree=39
num_leaves=31
num_cat=3
split_feature=0 4 11 22 22 4 17 14 20 22 22 36 47 15 21 21 6 23 19 25 25 21 23 25 25 46 46 22 6 0
split_gain=772.331 189.505 124.406 106.43 74.9308 67.6348 60.2425 49.8662 45.4424 44.885 44.0561 42.691 38.5318 37.8741 50.6676 147.269 37.0364 36.0809 37.568 41.5806 35.9402 32.6377 33.6427 37.1519 32.6315 34.5597 30.9213 30.86 30.156 30.0085
threshold=2.6550000905990605 2.2250000238418584 0.038984065875411041 0.052642140537500388 0.12391588091850282 1.0000000180025095e-35 4.5000000000000009 85.505001068115249 175.00000000000003 0.17032737284898761 0.10294625535607339 0.14435067772865298 0 3.5000000000000004 67.372478485107436 67.430934906005874 206.25000000000003 1.0293902754783633 167.50000000000003 340.12500000000006 650.37500000000011 69.669704437255874 1.06830769777298 125.50000000000001 325.37500000000006 1 2 0.017273891717195514 52.500000000000007 3.1049998998641972
decision_type=10 2 10 10 8 2 10 10 2 10 8 8 9 2 10 10 2 10 8 2 2 10 10 2 2 1 1 10 2 10
left_child=1 4 10 8 5 7 17 11 -3 13 -2 -1 -4 28 -15 -16 -9 -7 19 24 -21 -17 23 -23 26 -26 -19 -20 -5 -12
right_child=2 3 12 9 -6 6 -8 16 -10 -11 29 -13 -14 14 15 21 -18 18 27 20 -22 22 -24 -25 25 -27 -28 -29 -30 -31
leaf_value=-0.0002302191994909912 -0.030627020485418127 -0.00010125110619963018 0.016759090547547883 0.0021728334119702165 0.010067385045550782 -0.0056379596105388327 -0.0046359699136520292 -0.011454486929678051 -0.020757157201519442 0.012180276587696878 -0.0076631647498298832 0.026706159377062277 -0.010730680274537184 -0.0058965604305351738 0.21506512384811621 -0.00049316935118800403 0.050731694324535087 0.0021175284859946053 -0.019876962099679298 -0.013664629401492186 0.017837330338253535 0.0053157075832245956 0.020667275725701435 0.12326744125992443 0.095409338619629039 0.0039013899163326538 0.011783437189482526 0.01707497533542373 -0.0092439108011003156 -0.030221758448186448
leaf_weight=615.71744589880109 1255.1037690760568 221.68822366977111 82.474315963685513 570.69099516281858 4488.9899519383907 294.70756970811635 746.6397563861683 847.53795132879168 741.49137125257403 388.41074790246785 272.81519137043506 110.06940673058853 745.20497330836952 167.08274619001895 5.3049041330814353 79.5866659139283 14.611874748021362 901.83452431019396 36.723370634019375 262.23065839707851 73.288768943399191 6.7733998703770366 61.648331596516073 11.396861176937817 13.098767392337322 12.766949918121099 1287.4284174367785 926.19730757456273 1048.2851294544525 144.62752442993224
leaf_count=9236 62540 5447 1308 10383 50379 7704 12771 17816 26159 5802 12510 1416 20763 3219 62 1766 219 9350 589 2274 547 270 1095 169 99 102 14759 10364 23465 8546
internal_value=-0.000133898 0.00353935 -0.0206004 -0.00482884 0.00613918 0.00326675 0.005745 -0.0038386 -0.0160121 -0.000217439 -0.0268759 0.00388045 -0.00789696 -0.00269293 0.00959556 0.0252757 -0.0103384 0.007782 0.00891005 0.00636174 -0.00673909 0.0176333 0.0355391 0.0820777 0.00835004 0.0522176 0.00780632 0.0156424 -0.00521817 -0.0155419
internal_weight=16434.4 13934.2 2500.23 3302.36 10631.8 6142.85 4554.92 1587.94 963.18 2339.18 1672.55 725.787 827.679 1950.77 331.793 164.71 862.15 3808.28 3513.57 2550.65 335.519 159.405 79.8186 18.1703 2215.13 25.8657 2189.26 962.921 1618.98 417.443
internal_count=321129 215462 105667 77837 137625 87246 58559 28687 31606 46231 83596 10652 22071 40429 6581 3362 18035 45788 38084 27131 2821 3300 1534 439 24310 201 24109 10953 33848 21056
cat_boundaries=0 1 2 3
cat_threshold=14 4 4
is_linear=0
shrinkage=0.04


Tree=40
num_leaves=31
num_cat=6
split_feature=0 22 1 22 1 0 0 44 5 5 25 19 46 10 35 22 1 31 43 46 15 25 19 25 40 37 31 46 43 20
split_gain=705.679 214.2 116.477 102.042 76.8261 70.706 58.9264 52.1221 39.8387 35.1615 40.3 37.2998 37.1738 40.5951 32.2483 30.014 29.5032 25.6963 25.5637 24.6221 33.4417 30.3499 36.3423 34.8521 25.667 23.9644 23.7533 23.7499 29.2849 26.1242
threshold=2.7549999952316289 0.03614510782063008 1.9550000429153445 0.12391588091850282 2.6750000715255742 2.0049999952316289 2.2350000143051152 0 31.500000000000004 35.500000000000007 677.12500000000011 9.5000000000000018 1 39.250000000000007 16.750000000000004 0.10209254175424577 2.3249999284744267 70.65738677978517 2 3 3.5000000000000004 139.87500000000003 145.50000000000003 124.12500000000001 0.18519092351198199 76.584270477294936 67.862407684326186 4 5 79.000000000000014
decision_type=10 8 8 8 10 8 10 9 2 2 2 8 1 2 2 10 10 10 9 1 2 2 10 2 10 10 10 1 9 2
left_child=1 5 9 6 15 14 27 19 -8 11 18 -3 17 25 -1 -2 -7 -13 -11 26 -21 22 24 -24 -22 -14 -5 29 -29 -4
right_child=4 2 3 7 -6 16 8 -9 -10 10 -12 12 13 -15 -16 -17 -18 -19 -20 20 21 -23 23 -25 -26 -27 -28 28 -30 -31
leaf_value=0.0027427179830170662 -0.019567420287069027 0.00099942391545955272 0.036989203763857857 0.0046611861105780982 -0.03115179947492382 -0.012177624348753965 -0.003126486966775774 0.020054038117824288 -0.016320362944507626 0.010511612890512223 0.037485374187485536 0.016014371073630091 0.0065820013275677712 0.024366170136391443 -0.02064633989426394 -0.0035844985738262025 -0.026526308944393642 0.031495119845399801 -0.00065965301578526736 -0.00030825702566955609 0.051317476770135075 -9.0824933584769072e-05 0.003644336484862106 0.10951837909855507 -0.00089374808648082932 0.036821060001282553 0.016599226060277372 -0.0086190074222857859 0.0064376159879021826 -0.0039687768963625504
leaf_weight=590.81750305276364 653.72069872776046 461.99258655542508 24.387767186388373 656.03266329457983 968.13640274759382 613.88263079896569 807.0827113520354 393.18508347216994 671.58139587985352 475.87122386181727 55.330142740160227 850.33828647388145 1556.3364984779619 262.73569612391293 111.18354031909257 265.35785341449082 370.199734183494 217.27624453091994 1004.1152192628942 1671.4535525683314 75.812339684925973 166.42539030499756 119.44530782848597 4.2016648389399043 18.511912871152163 42.224409024231136 451.18186999857426 236.44297935627401 1296.80882623652 1314.9515771791339
leaf_count=10188 29614 5175 269 9219 49301 17247 21290 3569 19992 5645 401 8438 14612 2203 2216 7327 14365 2074 11643 28776 1873 1726 3231 56 428 390 6191 4313 19598 19738
internal_value=-0.00027992 0.0027111 0.00447245 0.00146371 -0.0232835 -0.0106879 -0.00264332 0.00648934 -0.00912858 0.00929996 0.00426978 0.0115744 0.0132402 0.00981379 -0.000980071 -0.0149661 -0.0176009 0.0191952 0.00300082 0.00471782 0.00213834 0.0127603 0.0225463 0.00812391 0.0411268 0.00740576 0.00954005 0.00069558 0.0040948 -0.00319296
internal_weight=16407 14519.8 12833.7 7907.51 1887.21 1686.08 4351.26 3556.25 1478.66 4926.22 1535.32 3390.9 2928.91 1861.3 702.001 919.079 984.082 1067.61 1479.99 3163.06 2055.85 384.397 217.971 123.647 94.3243 1598.56 1107.21 2872.59 1533.25 1339.34
internal_count=321108 234866 190850 140269 86242 44016 85200 55069 41282 50581 17689 32892 27717 17205 12404 36941 31612 10512 17288 51500 36090 7314 5588 3287 2301 15002 15410 43918 23911 20007
cat_boundaries=0 1 2 3 4 5 6
cat_threshold=8 8 144 8 4 44
is_linear=0
shrinkage=0.04


Tree=41
num_leaves=31
num_cat=3
split_feature=11 0 22 5 11 22 21 17 21 22 11 43 22 16 25 0 26 4 10 21 38 14 12 17 30 22 21 33 47 46
split_gain=644.065 174.905 111.366 96.2431 88.563 62.2441 55.3689 50.8781 51.4618 37.3394 33.2322 32.9177 31.6505 30.8842 29.9225 29.7455 29.6656 29.3971 29.3823 28.0484 29.1224 27.9201 27.1498 27.3396 41.8977 32.1733 30.9606 26.7867 26.7583 26.6688
threshold=0.038984065875411041 2.7549999952316289 0.019503099843859676 26.500000000000004 0.23540768027305606 0.11531509459018709 75.729537963867202 3.5000000000000004 78.926559448242202 0.18932993710041049 0.64760348200798046 0 0.038171408697962768 4.5000000000000009 765.12500000000011 2.1350001096725468 4.5000000000000009 2.6650000810623173 13.750000000000002 63.086299896240241 1.070468604564667 79.149997711181655 2.5000000000000004 4.5000000000000009 0.062906187027692809 0.1857978627085686 67.95862197875978 2.7825328111648564 1 2
decision_type=8 8 8 2 10 10 10 10 10 10 10 9 8 2 2 10 2 2 2 8 10 10 8 10 10 10 8 10 9 1
left_child=1 3 -2 6 5 7 29 8 11 -3 13 -4 -5 22 16 -9 21 19 -12 -13 -21 -7 27 24 -24 -26 -25 -6 -23 -1
right_child=2 9 4 12 10 14 -8 15 -10 -11 18 17 -14 -15 -16 -17 -18 -19 -20 20 -22 28 23 26 25 -27 -28 -29 -30 -31
leaf_value=-0.0056856263084860605 -0.014686488202892228 -0.028571410392054446 -0.014507846125590994 -0.028454843759710302 -0.0036324888153711817 0.010306651260699998 -0.025490752206182063 -0.0017703901550810415 -0.023184597412031861 0.0027673793443484308 0.0053034058829984762 0.056750837448418273 -0.012648614410986221 -0.026792950730955202 0.064823597978606651 -0.012898791993893946 0.079674899357819226 -0.020809048520498467 0.035177535202139024 0.011724063863552727 0.0022079795458837632 0.021461299802503525 0.022379943533355599 0.012015736677195859 0.0069495553767403434 0.017502380361605754 -0.010517312759046597 0.017870944936167459 0.0013862822930567509 0.0088293104680119694
leaf_weight=309.64676825888455 497.98292233701795 1267.6302512641996 152.91839777305722 282.58831243310124 462.56112545263022 1379.4001590395346 116.02583216503263 882.01885421574116 123.41793970903382 63.47425650851801 84.666074991226196 15.379779178649185 731.10722668608651 38.592878345400095 13.046620244160293 681.90348679060116 7.7963546961545935 74.091254292055964 141.7606973266229 653.3522602012381 2420.0365991378203 102.94334249245003 463.08473088219762 182.60112207289785 2057.036101016216 597.56934846565127 207.19703326374292 114.83580960519612 1658.563933190424 580.31286368938163
leaf_count=8052 11453 68596 3252 11391 4669 13779 4374 14537 3301 2696 698 156 23100 227 108 19486 42 2788 999 18522 35520 1012 6798 1797 19366 4550 3762 764 20294 14975
internal_value=-0.000183041 -0.0158192 0.00384386 -0.00839039 0.00458265 0.00212546 0.00037269 -0.000650333 0.00206894 -0.027073 0.00919237 0.00301683 -0.0170826 0.00836732 0.00651792 -0.00663031 0.00625456 0.00390321 0.0240969 0.00451647 0.0042354 0.00604574 0.00870696 0.0100298 0.0112781 0.00933227 3.18052e-05 0.000660817 0.00270289 0.00377388
internal_weight=16363.5 3350.79 13012.8 2019.68 12514.8 8164.87 1005.99 5003.12 3439.2 1331.1 4349.9 3315.78 1013.7 4123.48 3161.75 1563.92 3148.7 3162.86 226.427 3088.77 3073.39 3140.91 4084.89 3507.49 3117.69 2654.61 389.798 577.397 1761.51 889.96
internal_count=321064 133184 187880 61892 176427 132797 27401 97562 63539 71292 43630 60238 34491 41933 35235 34023 35127 56986 1697 54198 54042 35085 41706 36273 30714 23916 5559 5433 21306 23027
cat_boundaries=0 1 2 3
cat_threshold=8 68 4
is_linear=0
shrinkage=0.04


Tree=42
num_leaves=31
num_cat=1
split_feature=0 11 1 22 1 22 14 9 22 1 1 24 5 4 20 31 46 20 0 16 0 22 14 33 8 6 25 36 20 25
split_gain=631.726 165.356 110.223 105.204 60.7237 48.6645 48.4758 56.9217 44.8546 41.8138 39.4198 36.1116 32.0079 31.9259 30.9559 30.2963 27.7971 30.6666 27.4975 23.3964 25.9507 23.2522 23.0612 23.5378 22.5911 22.2211 21.99 21.1611 20.8857 24.5447
threshold=2.6750000715255742 0.14311316609382632 2.5349999666213994 0.069005299359560027 1.5349999666213991 0.014692337252199652 95.450000762939467 2.5000000000000004 0.0515999123454094 1.8650000095367434 2.1950000524520878 0.13450220227241519 33.500000000000007 2.0849999189376835 159.00000000000003 74.713226318359389 0 79.000000000000014 3.0049999952316289 4.5000000000000009 0.92500001192092907 0.26898275315761572 64.020000457763686 2.3491897583007817 44.500000000000007 8.5000000000000018 431.12500000000006 0.076201800256967558 159.00000000000003 677.12500000000011
decision_type=10 8 10 10 8 8 10 2 8 10 10 10 2 2 2 10 1 2 10 2 10 10 10 10 2 2 2 8 2 2
left_child=1 3 8 5 19 -1 13 11 -2 -5 12 -8 24 22 -4 16 17 -11 26 20 -3 -16 23 -6 -7 -22 -10 -26 -18 -30
right_child=2 4 14 9 6 10 7 -9 18 15 -12 -13 -14 -15 21 -17 28 -19 -20 -21 25 -23 -24 -25 27 -27 -28 -29 29 -31
leaf_value=-0.029198080518332656 -0.02286781121519392 0.018089994819261452 -0.010866738808303109 0.0085509601389632418 0.0091623889627553828 -0.0061455309888493797 -0.016994785445117368 0.0095588497487357621 0.0029830649326448057 0.05442920975855034 -0.014126053971281622 0.0020144599676063927 -0.0099571539067120473 -0.00012354552339566922 -0.030992344743803722 0.030260627759115161 0.015038492923325144 -0.0086508972677376214 -0.016693299182902799 -0.020071025482546419 -0.013646819584284967 0.02997732375867216 0.0062459109831284531 0.029171892063066564 0.026100740323431473 0.0099674566469985515 -0.022722995033040875 0.0034022570858859868 -0.0017596941567525617 0.029142123931884183
leaf_weight=194.08989175781608 318.69129364518449 711.55291290581226 150.06444100057706 977.83702231291682 271.81040427461267 163.87060102401301 457.10388047341257 339.46489397250116 466.22809511004016 11.514333277940748 858.4354853364639 244.79003187641501 412.08061211276799 1212.6083822660148 1044.4916186733171 45.899972074199468 162.91716678952798 838.58916464541107 222.65390120539814 37.135422877967358 64.854797828942537 9.2918822332285327 3664.3052244689316 144.84218290448189 109.70203204499558 2021.8131400337443 59.091720581054688 163.77442411519587 930.7234541834332 42.020947089418769
leaf_count=5848 12649 5216 6601 13964 3562 5382 9824 4064 15207 89 28611 2780 11165 17903 55256 672 2685 13938 10881 221 475 432 44325 914 2234 20177 1272 4104 20077 607
internal_value=-0.000129635 0.00302748 -0.0197046 -0.0028944 0.00619955 -0.0102562 0.00401986 -0.00386411 -0.0103215 0.00175865 -0.00808534 -0.0103661 -0.00196644 0.005572 -0.0279996 -0.00151112 -0.00226238 -0.00772885 -0.00494705 0.011065 0.0114867 -0.030423 0.00726496 0.0161811 0.00555905 0.00922541 4.61846e-05 0.012584 0.00182925 -0.000392122
internal_weight=16352.2 14081.7 2270.51 4911.46 9170.28 1901.95 6334.93 1041.36 1066.67 3009.5 1707.86 701.894 849.428 5293.57 1203.85 2031.67 1985.77 850.103 747.974 2835.36 2798.22 1053.78 4080.96 416.653 437.347 2086.67 525.32 273.476 1135.66 972.744
internal_count=321135 218837 102298 109376 109461 57344 83372 16668 40009 52032 51496 12604 22885 66704 62289 38068 37396 14027 27360 26089 25868 55688 48801 4476 11720 20652 16479 6338 23369 20684
cat_boundaries=0 1
cat_threshold=4
is_linear=0
shrinkage=0.04


Tree=43
num_leaves=31
num_cat=0
split_feature=0 22 0 21 11 11 5 22 9 22 20 15 25 21 20 11 16 22 30 35 11 17 22 11 15 25 25 20 4 16
split_gain=583.889 168.815 103.249 77.7164 75.8822 66.6786 57.4204 39.1487 38.3335 35.0249 33.2862 30.7741 37.5178 59.153 31.398 29.4318 27.4738 28.8159 37.2147 33.8851 27.2471 25.7009 24.8906 24.4583 22.907 22.5052 49.5772 22.4919 22.2041 21.8001
threshold=2.7549999952316289 0.047027543187141425 2.1750000715255742 83.633903503417983 0.14311316609382632 0.038984065875411041 32.500000000000007 0.013452543411403896 2.5000000000000004 0.16347154229879382 177.50000000000003 3.5000000000000004 340.12500000000006 71.21435928344728 218.00000000000003 0.31928828358650213 4.5000000000000009 0.18932993710041049 0.070627197623252883 13.250000000000002 0.25845077633857733 2.5000000000000004 0.13181531429290774 0.088281687349081053 1.0000000180025095e-35 438.62500000000006 423.75000000000006 159.00000000000003 2.6550000905990605 1.5000000000000002
decision_type=10 8 8 10 10 10 2 10 2 10 2 2 2 10 2 10 2 10 8 2 8 10 10 8 2 2 2 2 2 2
left_child=1 2 7 4 6 9 11 -1 -8 24 20 14 -13 25 22 -9 17 18 -6 -20 -4 -10 28 -12 -2 26 -14 -26 -3 -19
right_child=5 3 10 -5 16 -7 8 15 21 -11 23 12 13 -15 -16 -17 -18 29 19 -21 -22 -23 -24 -25 27 -27 -28 -29 -30 -31
leaf_value=-0.018782959344718145 0.060353411143123425 0.0012069835216517609 -0.0074833780474645164 0.11578921044065574 0.01433475033867776 -0.0095211030987952458 -0.013015375646937524 -0.00012302302198641461 0.013174083819324705 -0.0029368332639427277 -0.025878959475900881 0.0062889597756777818 0.024016038537530333 0.11896052859425853 -0.016711847706567348 0.016145759103096617 -0.023005864649959778 0.020593648472869489 0.0078823011108971903 0.00051927445954326641 0.034238306480281241 -0.0033850530949644441 0.0070773873503513799 -0.012575530910816901 -0.012011972051307452 0.0079726622472373661 0.1271615160342546 -0.030765433851209747 -0.017446264320814017 0.0094162174428055398
leaf_weight=148.31681190803647 3.6917810724116853 2058.9212385616265 176.23763816710562 9.0266452599316818 768.95793284568936 508.97671835077927 624.82167791062966 928.65947985602543 181.12893013516441 92.554274304304272 464.14340291405097 397.48041649861261 44.282987589016557 10.21088466607034 133.21749636856839 218.94405187573284 46.034736290574074 411.59389536082745 2344.6269396860152 1745.6448122626171 28.158201853744686 847.81296785129234 1432.9510727194138 431.59773906134069 116.0846018511802 73.548135606572032 8.2082366682589036 1050.9267330467701 106.42258722800761 883.64583977870643
leaf_count=3097 303 38920 4618 140 7414 15035 19267 17484 2688 4102 20042 8798 498 145 3371 2678 278 3487 24290 21653 456 15378 15938 11766 6013 937 85 60654 4371 6712
internal_value=-0.000113148 0.00253184 -0.0071677 0.0044488 0.004356 -0.021782 0.00111538 0.000481281 -0.00520872 -0.0267074 -0.0161738 0.00356901 0.0125455 0.0305898 0.00228098 0.00298867 0.00744817 0.00768031 0.0062633 0.00474178 -0.00157748 -0.000456235 0.0029897 -0.0194946 -0.0285791 0.022519 0.0422957 -0.0289153 0.000280735 0.0129844
internal_weight=16296.8 14524.6 2396.06 12128.5 12119.5 1772.23 5919.01 1295.92 1653.76 1263.26 1100.14 4265.24 533.731 136.25 3731.51 1147.6 6200.5 6154.47 4859.23 4090.27 204.396 1028.94 3598.29 895.741 1170.7 126.039 52.4912 1167.01 2165.34 1295.24
internal_count=320618 234511 60141 174370 174230 86107 110396 23259 37333 71072 36882 73063 10463 1665 62600 20162 63834 63556 53357 45943 5074 18066 59229 31808 66970 1520 583 66667 43291 10199
is_linear=0
shrinkage=0.04


Tree=44
num_leaves=31
num_cat=2
split_feature=4 22 1 14 0 1 17 0 47 22 21 20 1 23 43 21 11 0 37 21 8 39 5 15 24 24 22 22 6 24
split_gain=559.916 144.429 103.037 74.5477 56.8283 51.6557 50.5434 49.9708 45.2762 39.7815 98.3868 36.163 39.5223 32.5512 31.1381 38.4461 32.2664 31.0701 28.1313 27.1628 26.4372 25.403 24.5216 41.8529 24.9347 38.4893 24.2213 23.0835 23.0179 22.8147
threshold=2.5449999570846562 0.069005299359560027 2.1950000524520878 85.505001068115249 2.7549999952316289 2.2749999761581425 4.5000000000000009 1.9650000333786013 0 0.066482517868280425 78.199050903320327 79.000000000000014 1.9750000238418581 1.2429965138435366 1 79.325862884521499 0.64760348200798046 3.0849999189376835 76.584270477294936 73.944297790527358 329.25000000000006 3.6348249912261967 32.500000000000007 3.5000000000000004 0.11652579903602601 0.11395748704671861 0.19607897847890857 0.014692337252199652 26.500000000000004 0.3201736062765122
decision_type=2 8 8 8 10 10 10 10 9 10 8 2 8 10 9 10 10 8 10 10 2 10 2 2 10 8 8 10 2 10
left_child=1 2 6 5 8 -2 14 -4 29 -5 17 13 -13 -10 16 18 -1 22 20 -8 -16 -15 23 -11 25 -25 -14 -9 -26 -3
right_child=3 4 7 9 -6 -7 19 27 11 10 -12 12 26 21 15 -17 -18 -19 -20 -21 -22 -23 -24 24 28 -27 -28 -29 -30 -31
leaf_value=-0.010077319910638207 0.012725550866017937 0.017801179006350271 -0.0036105267311974548 -0.030507750562397688 -0.011135511400434069 -0.014766448293308573 -0.002278177427580682 -0.03473955099890276 0.019909049452628499 -0.015378047148139774 0.21193240743500746 0.0076991040991278882 0.00048769752749546911 0.0078446148982998561 0.0073340597956522971 -0.018842014924936465 0.076669833491923411 -0.0321009647315878 0.036837389461882308 -0.021393696793980253 0.055045694341783281 -0.025668946709101595 -0.024747691735003113 0.021652483193155225 0.067165481212702355 0.12827290151577578 0.0067607532040267924 -0.014778194422150281 -0.013122536738806596 -0.0086934940132473697
leaf_weight=247.52097925497219 153.19673708034679 651.89156014053151 836.88313772343099 785.60304725170135 327.45080007705837 374.86928911413997 354.21218592766672 104.08168446831405 463.58504830673337 244.40040953829885 1.9838037304580201 3301.8030678220093 3846.4538627727889 202.02323514223099 1310.0672089662403 81.84150322386995 6.0549888759851447 192.40561963012442 55.717590092215687 178.7135213650763 17.906957548111677 43.022212743759155 189.43917059246451 36.51970345294103 5.5343739758245638 5.5420655915513626 1323.6022850945592 868.553621545434 44.318487925920635 55.705104636028409
leaf_count=4320 6093 5852 16630 43461 11166 17334 6453 3716 3293 9030 52 31748 56035 1020 19565 1749 49 10546 833 4665 160 249 8021 1523 127 122 25551 30192 1234 344
internal_value=-0.000102219 0.00269512 -0.00368414 -0.0197328 0.00523193 -0.00677423 0.00202532 -0.0107892 0.00577543 -0.0242672 -0.0174211 0.00500293 0.00428053 0.0136861 0.00536309 0.00757763 -0.00740627 -0.018354 0.00921037 -0.00872401 0.00802137 0.00186403 -0.0132642 -0.00672968 0.0161412 0.0384463 0.00209545 -0.0169519 -0.00298526 0.0154819
internal_weight=16310.9 14277.1 4061.55 2033.81 10215.5 528.066 2252.03 1809.52 9888.09 1505.75 720.144 9180.49 8471.86 708.63 1719.11 1465.53 253.576 718.16 1383.69 532.926 1327.97 245.045 525.754 336.315 91.9146 42.0618 5170.06 972.635 49.8529 707.597
internal_count=321133 223590 88332 97543 135258 23427 37794 50538 124092 74116 30655 117896 113334 4562 26676 22307 4369 30603 20558 11118 19725 1269 20057 12036 3006 1645 81586 33908 1361 6196
cat_boundaries=0 1 2
cat_threshold=68 140
is_linear=0
shrinkage=0.04


Tree=45
num_leaves=31
num_cat=3
split_feature=4 22 22 21 1 22 4 0 0 23 23 24 5 25 46 4 19 21 44 38 4 11 14 1 5 46 20 21 21 22
split_gain=533.138 131.364 75.3753 108.964 69.9633 60.1393 56.9038 56.5103 54.3857 42.8969 60.6352 79.3372 41.9399 35.9384 35.4929 35.2568 33.7333 32.8841 28.294 27.8181 27.8028 25.2937 24.8783 25.8373 23.5368 23.19 28.2219 31.8387 52.744 28.8832
threshold=2.5149999856948857 0.035563597455620773 0.049019973725080497 84.929595947265639 1.5349999666213991 0.10209254175424577 3.0049999952316289 0.9650000035762788 2.2250000238418584 1.063160836696625 1.06570440530777 0.061354259029030807 28.500000000000004 765.12500000000011 0 1.735000014305115 17.500000000000004 61.135782241821296 1 1.0035736560821535 1.7849999666213991 0.17101854830980304 94.430000305175795 2.2050000429153447 40.500000000000007 2 184.00000000000003 67.372478485107436 67.95862197875978 0.11184507980942728
decision_type=2 8 8 10 8 8 2 8 10 10 10 8 2 2 1 2 8 8 9 8 2 8 10 10 2 1 2 10 10 10
left_child=1 7 -2 6 24 8 12 -1 14 21 11 -11 17 18 22 -10 -16 -4 25 -18 -12 -9 23 -6 -3 26 -7 -28 29 -29
right_child=2 4 3 -5 5 13 -8 9 15 10 20 -13 -14 -15 16 -17 19 -19 -20 -21 -22 -23 -24 -25 -26 -27 27 28 -30 -31
leaf_value=0.016208304828977279 -0.029137856227410386 0.011043252291283936 0.036066265395666784 0.21044383571546488 0.0033395559541857241 0.0051223716295476108 -0.02848761006588155 -0.020362608724742905 -0.019731515976953985 0.019995842843030395 -0.025074802409935138 0.16895549351701619 -0.017785507788936655 0.056946305198842778 -0.0081128632784591755 -0.0043217529266110846 -0.013722993430188995 -0.0045176901115455805 0.013308461278189909 0.010084067852956685 0.0034123629148675111 -0.0078512571774186288 -0.012775000868936702 -0.011195537618028297 0.002503283251646646 0.0017549638426782692 0.0096311969390405899 0.15228810723657446 0.019168823756838232 0.05446204651441551
leaf_weight=133.76462865434587 725.90924667473882 2441.3175840564072 32.871440001763403 2.4755936879664651 859.99372025206685 1404.2634437284432 327.13069037720561 583.39945402694866 312.32418947340921 28.436629764735699 73.864187105093151 6.30605967901647 518.91602579737082 20.37998097576201 228.07277044793591 990.73717406438664 82.995879088062793 558.15424657892436 569.9595104791224 1207.7032789750956 203.42459620023146 469.63180648721755 309.1542552919127 252.21895061992109 657.31630543526262 2966.4521983126178 221.74930417304859 6.7823341637849834 75.525385011453182 19.24868745310232
leaf_count=1778 37584 21694 799 59 10581 16976 19827 20130 10968 669 1963 87 23551 186 4183 23430 3433 21338 5371 15097 3826 10440 5444 3648 6880 45760 4192 51 1081 278
internal_value=-0.000149139 0.00268431 -0.0186259 -0.0133058 0.0040137 0.00231459 -0.0138401 -0.00850716 -0.00123102 -0.0109421 0.00206808 0.0511156 -0.00949774 0.00516207 0.00178289 -0.00803061 0.00603349 -0.00219664 0.00495005 0.00854067 -0.00422451 -0.0147993 -0.00275724 3.27111e-05 0.00923434 0.00389504 0.00758689 0.0182303 0.0366905 0.0847893
internal_weight=16290.5 14125 2165.46 1439.55 12626.2 9527.56 1437.07 1498.83 4243.2 1365.06 312.031 34.7427 1109.94 5284.36 2940.14 1303.06 1518.77 591.026 5263.98 1290.7 277.289 1053.03 1421.37 1112.21 3098.63 4694.02 1727.57 323.306 101.556 26.031
internal_count=321304 218146 103158 65574 179253 150679 65515 38893 76784 37115 6545 756 45688 73895 42386 34398 22713 22137 73709 18530 5789 30570 19673 14229 28574 68338 22578 5602 1410 329
cat_boundaries=0 1 2 3
cat_threshold=4 8 8
is_linear=0
shrinkage=0.04


Tree=46
num_leaves=31
num_cat=3
split_feature=4 22 0 22 21 1 0 17 47 23 17 5 25 43 9 28 33 43 21 9 23 15 14 19 4 32 0 16 31 23
split_gain=476.432 119.9 94.2411 71.0966 57.943 51.0214 49.1995 39.7949 38.6493 37.9721 33.376 30.4994 50.3206 44.6505 42.4101 30.4322 29.8119 28.9811 33.3799 32.5616 27.7671 29.1504 37.4509 40.9957 34.3181 27.4749 26.5691 25.9861 29.7499 25.9179
threshold=2.5449999570846562 0.069005299359560027 2.1750000715255742 0.066482517868280425 82.51377105712892 2.5249999761581425 3.1049998998641972 1.5000000000000002 0 1.0293902754783633 4.5000000000000009 34.500000000000007 677.12500000000011 1 10.500000000000002 6.5000000000000009 0.44112272560596472 2 78.926559448242202 13.500000000000002 1.0013249516487124 3.5000000000000004 80.845001220703139 23.000000000000004 1.735000014305115 1.1660253405570986 2.7050000429153447 1.5000000000000002 70.443359375000014 1.2151231765747073
decision_type=2 8 8 8 10 10 8 8 9 10 10 2 2 9 2 2 10 9 10 2 8 2 10 10 2 8 10 2 10 10
left_child=1 2 10 -2 6 8 7 -5 -3 -4 17 14 13 16 20 -11 -13 19 -19 -1 -10 22 -22 -24 -23 29 -7 28 -26 -25
right_child=3 5 9 4 -6 26 -8 -9 11 15 -12 12 -14 -15 -16 -17 -18 18 -20 -21 21 24 23 25 27 -27 -28 -29 -30 -31
leaf_value=-0.013421561322406406 -0.027048623708270891 0.014588306356334806 -0.02573952233011462 0.0081571099405569874 0.12948547447796868 -0.0017744880963632818 -0.028301431937445633 -0.012538539271487778 -0.010042460773814928 -0.0044088885002363356 -0.0071609863273390867 -0.012732318093736388 0.031739484971920327 -0.0049355063292033799 0.014958059810113149 -0.016824047026215289 0.011017539334515856 0.0080402983435891428 -0.015751555800611872 0.025439318083856684 0.0075761264003418819 0.0030809742619531946 -0.012058037408529062 0.0037592890275174868 0.01687722801656015 -0.0040780176368550728 -0.021616238422416202 0.0042403505806285812 0.044104120394170762 0.019405023291266688
leaf_weight=235.33475279482082 891.58699928317219 684.07182696601376 230.23810729803517 193.6090704719536 3.6327781453728667 730.58940112171695 238.0804024967365 628.48138745874166 190.95312926871702 1017.3303197445348 523.46558502875268 97.652617772109807 78.596074664965272 1336.1295181289315 760.35708562564105 458.80516465287656 590.91746716108173 1429.8419201252982 99.99220703728497 39.393466153182089 2688.6551462705247 300.49323287094012 345.22739340364933 1150.2406035885215 165.41053270315751 622.41054007411003 125.88442102214321 105.32541842013597 107.12799158412963 198.11499976459891
leaf_count=4142 48329 5851 10678 6618 61 12721 15287 27097 6183 26881 10422 3344 662 19039 7305 14038 7444 19860 1983 459 28993 4533 5990 13482 2758 7650 5383 870 1185 1829
internal_value=-0.000200833 0.00232952 -0.00351289 -0.0187156 -0.011709 0.0046233 -0.0123181 -0.0076557 0.00547324 -0.0106511 0.00171983 0.00473545 0.000541259 -0.000682909 0.0060714 -0.00827919 0.0075209 0.00430072 0.00643133 -0.00749103 0.00491803 0.0054231 0.00436542 0.000634691 0.0132025 0.00286515 -0.0047173 0.0212116 0.0277162 0.00607377
internal_weight=16267.9 14312.6 4034.4 1955.39 1063.8 10278.2 1060.17 822.09 9421.68 1706.37 2328.03 8737.61 2103.3 2024.7 6634.32 1476.14 688.57 1804.56 1529.83 274.728 5873.96 5683.01 5004.65 2315.99 678.357 1970.77 856.474 377.864 272.539 1348.36
internal_count=321077 223685 88463 97392 49063 135222 49002 33715 117118 51597 36866 111267 30489 29827 80778 40919 10788 26444 21843 4601 73473 67290 57944 28951 9346 22961 18104 4813 3943 15311
cat_boundaries=0 1 2 3
cat_threshold=68 148 140
is_linear=0
shrinkage=0.04


Tree=47
num_leaves=31
num_cat=4
split_feature=4 0 4 24 14 5 46 14 17 35 22 21 21 21 47 0 10 4 0 15 31 43 4 25 33 20 24 23 43 5
split_gain=478.462 118.756 87.7897 76.7964 74.5884 47.9338 46.9328 45.3497 41.8148 41.5447 39.4338 58.6956 36.428 32.5556 32.3803 31.6418 30.8853 30.3892 30.31 30.0498 37.2174 28.7678 27.4441 28.9007 26.6237 24.7247 24.1515 23.944 24.7778 23.6616
threshold=2.5449999570846562 2.054999947547913 0.79500001668930065 0.051364365965127952 85.505001068115249 33.500000000000007 0 84.755001068115249 2.5000000000000004 13.250000000000002 0.066482517868280425 82.51377105712892 63.022916793823249 84.929595947265639 1 1.5049999952316286 38.250000000000007 1.9450000524520876 3.1049998998641972 3.5000000000000004 74.798877716064467 2 2.2649999856948857 164.62500000000003 1.6222491860389712 175.00000000000003 0.024960681796073917 1.0350533723831179 3 28.500000000000004
decision_type=2 10 2 8 8 2 1 10 10 2 8 10 8 10 9 10 2 2 8 2 10 9 2 2 8 2 8 10 9 2
left_child=1 6 7 19 8 21 14 -3 -2 16 -6 18 -11 -9 -1 -16 24 -18 29 25 -21 -5 -7 -24 -8 -4 -14 -17 -29 -12
right_child=4 2 3 5 10 22 9 13 -10 12 11 -13 26 -15 15 27 17 -19 -20 20 -22 -23 23 -25 -26 -27 -28 28 -30 -31
leaf_value=-0.0064473657606611704 0.0067283402625740322 -0.0040302542529808139 -0.0028456650714405746 -0.013146733071126364 -0.030202044847184424 0.0018719106619164393 0.00071387479209963477 -0.024525561161999127 -0.016214736123970067 0.009859966296737627 -0.0052688801607206556 0.15278783221859518 -0.026485894396060475 0.079018441076714213 0.013299119520950821 -0.0060442886809974321 0.022936650206586529 0.0055590259855397848 -0.031893124617382654 -0.0017671152662304074 0.062867989376476086 0.0077707941553380733 -0.0010016474770401034 -0.018684822718557863 0.0089473617373467193 -0.019725021712082142 -0.0021957808203732511 0.0016318524748213093 0.012436536951097641 -0.022257295652531192
leaf_weight=209.39136754535139 236.08127008471638 347.81387458182871 198.27262615924701 102.90537471463904 701.27779378928244 728.62655606633052 1597.3492640433833 433.31874492578208 272.86511685047299 422.98993759229779 300.79976477101445 2.257185384631156 66.637459955643862 3.9477024860680094 1789.3259434020147 240.37150979042053 302.95039510075003 345.85960019566119 176.55344063322991 111.39178332360461 15.32083159778267 1794.5083057503216 301.11681004660204 290.77760186698288 1036.3544798791409 469.92088628560305 2122.2070947438478 635.65076607186347 753.59055736102164 233.90139263542369
leaf_count=2243 9126 7724 4949 1809 39799 11228 20477 16506 14287 3564 11590 31 1629 121 18077 6878 2656 3673 11731 4463 411 27148 9183 5829 11451 19414 29437 6965 7766 10882
internal_value=-3.38494e-06 0.00251286 -0.00261792 -0.000222336 -0.0187284 0.00252758 0.00509839 -0.0148417 -0.00557213 0.00289337 -0.023451 -0.0167772 -0.00086994 -0.0234035 0.00867763 0.00959753 0.00588833 0.0137022 -0.0175347 -0.0113487 0.00644767 0.00659959 -0.00332089 -0.0097124 0.00395741 -0.0147341 -0.00294886 0.0055839 0.00760163 -0.0127355
internal_weight=16244.3 14320.6 4797.92 4012.84 1923.74 3217.93 9522.68 785.08 508.946 5894.35 1414.79 713.512 2611.83 437.266 3628.33 3418.94 3282.51 648.81 711.255 794.906 126.713 1897.41 1320.52 591.894 2633.7 668.194 2188.84 1629.61 1389.24 534.701
internal_count=321047 223601 108785 84434 97446 55197 114816 24351 23413 72887 74033 34234 34630 16627 41929 39686 38257 6329 34203 29237 4874 28957 26240 15012 31928 24363 31066 21609 14731 22472
cat_boundaries=0 1 2 3 4
cat_threshold=8 8 8 76
is_linear=0
shrinkage=0.04


Tree=48
num_leaves=31
num_cat=4
split_feature=0 4 22 1 47 21 5 15 47 35 25 14 22 4 17 31 22 23 43 14 21 22 31 2 46 25 25 25 23 21
split_gain=452.267 129.445 84.1572 79.4134 57.9115 57.9603 52.8376 45.5578 31.8363 39.3585 29.1086 31.4863 27.5275 32.9767 33.4261 41.1176 38.55 32.5245 31.8717 31.4776 27.5058 26.8616 30.2481 26.4927 25.7384 29.7361 35.7017 25.5114 27.5334 26.1077
threshold=2.7549999952316289 2.245000004768372 0.037652041763067252 2.6450001001358037 0 75.729537963867202 32.500000000000007 3.5000000000000004 1 12.750000000000002 690.87500000000011 95.58499908447267 0.19607897847890857 1.3650000095367434 4.5000000000000009 69.339992523193374 0.020898253656923774 1.0326827168464663 2 88.184997558593764 61.583427429199226 0.027693261392414573 76.861141204833999 0.2650000005960465 3 252.12500000000003 515.37500000000011 170.12500000000003 1.0317353606224062 69.972118377685561
decision_type=10 2 8 10 9 10 2 2 9 2 2 10 10 2 8 8 10 10 9 10 10 8 10 8 1 2 2 2 10 8
left_child=1 4 -3 21 5 8 7 -4 9 10 11 -1 13 19 15 16 -15 -16 -17 23 -18 -2 -23 -11 -9 -26 -27 29 -29 -8
right_child=3 2 6 -5 -6 -7 27 24 -10 12 -12 -13 -14 14 17 18 20 -19 -20 -21 -22 22 -24 -25 25 26 -28 28 -30 -31
leaf_value=0.0083018594958310966 -0.028453858385917085 -0.019017829680758706 -0.00033933744558465879 -0.028767788504117289 0.014480139624477644 -0.0075705961054243244 0.0028552005062762445 0.0026059005062767614 -0.0069745547188114721 -0.010143518982814514 0.026633257195739515 -0.0037801783504367039 0.0097224475042361463 0.078316871089848847 -0.024920622715589705 0.012329407933193839 -0.029392394959973651 -0.00028771762174233356 -0.0099768451426474076 -0.0095592382242959024 0.001066615201267492 -0.0096149005326848832 0.035861347597670921 0.0058938310752274167 0.011585428435854783 0.065995029923381146 0.0065711681359735853 0.052425080172065083 -0.016710561093540858 -0.014334787952686993
leaf_weight=3418.8325957949273 120.74500650959089 552.34946322627366 1411.6185949281789 825.37092990195379 803.84395810449496 717.94597305124626 397.67522077169269 109.63959379307926 383.76240483112633 220.64770524157211 125.23297691345215 382.79421045724303 721.78654139488935 9.114264337345956 109.91208523558453 1202.8597417040728 48.283680131658912 379.84186616865918 106.25325936451554 717.09126380644739 1264.1321083675139 665.56826386461034 23.25330490572378 641.03096057567745 85.848652029875666 48.57278311625123 24.601541299372911 8.4183416939340514 488.79374546650797 217.90164747647941
leaf_count=38124 5673 21845 30185 50575 7033 16970 12130 2402 3775 3235 1015 5023 6699 103 3716 15820 497 5018 1543 14047 14685 29327 868 8784 2442 650 324 287 9610 9048
internal_value=-9.33786e-05 0.00214114 -0.00476544 -0.0200376 0.00419494 0.00338495 -0.0019397 0.00253552 0.00419778 0.00466004 0.00771467 0.00708357 0.00245416 0.00133507 0.00371877 0.00550581 0.000523966 -0.00586358 0.0105276 -0.00337307 -7.24495e-05 -0.0111075 -0.00802415 0.00177556 0.0176008 0.0278333 0.0464283 -0.00869696 -0.0154291 -0.0032366
internal_weight=16233.7 14598.8 3345.42 1634.94 11253.4 10449.5 2793.07 1680.28 9731.58 9347.81 3926.86 3801.63 5420.95 4699.17 3120.4 2630.64 1321.53 489.754 1309.11 1578.77 1312.42 809.567 688.822 861.679 268.663 159.023 73.1743 1112.79 497.212 615.577
internal_count=321453 235010 88923 86443 146087 139054 67078 36003 122084 118309 44162 43147 74147 67448 41382 32648 15285 8734 17363 26066 15182 35868 30195 12019 5818 3416 974 31075 9897 21178
cat_boundaries=0 1 2 3 4
cat_threshold=11 3 112 4
is_linear=0
shrinkage=0.04


Tree=49
num_leaves=31
num_cat=4
split_feature=0 22 1 1 4 20 20 22 42 47 23 24 37 31 19 15 30 14 7 15 17 22 43 24 4 24 16 21 43 22
split_gain=409.118 125.706 112.624 74.9719 56.9597 37.3206 37.1001 35.0368 33.5302 32.9956 32.6098 37.618 32.1112 29.405 28.6336 28.3734 27.8483 27.0114 25.8676 25.5378 40.1365 48.4243 39.6541 41.3601 38.8851 33.9092 33.7995 32.8008 25.7019 50.5902
threshold=2.7549999952316289 0.092618513852357878 2.0049999952316289 2.7849999666213994 2.4450000524520878 79.000000000000014 175.00000000000003 0.02731382101774216 0 1 1.0288630723953249 0.064879272133111968 76.828910827636733 76.861141204833999 49.500000000000007 3.5000000000000004 0.13170456886291507 96.215000152587905 26.500000000000004 3.5000000000000004 3.5000000000000004 0.094713956117630019 2 0.086485750973224654 1.1950000524520876 0.10393471643328668 1.5000000000000002 59.93836975097657 3 0.18932993710041049
decision_type=10 8 8 10 2 2 2 8 9 9 10 10 10 10 10 2 10 10 2 2 10 8 9 10 2 10 2 10 9 10
left_child=1 2 8 7 6 14 -4 -2 10 -7 12 -12 -1 16 -3 17 -9 -8 -6 28 24 -22 25 -24 27 -23 -26 -21 -11 -30
right_child=3 5 4 -5 18 9 15 13 -10 19 11 -13 -14 -15 -16 -17 -18 -19 -20 20 21 22 23 -25 26 -27 -28 -29 29 -31
leaf_value=-0.014899224423375934 -0.030337779451554643 0.023056585919668096 0.0019398904979507014 -0.029532482964634125 -0.0081433547724821826 0.013392064533511182 -0.0066541850203063711 -0.012442520975190909 -0.0025738858519909246 0.0044318582415685814 0.016091140821051605 0.0037919026062625837 0.070946989254765072 0.031194389828068578 0.0071076435674835353 0.0025561964648809655 0.015467814530675104 -0.018289443912171605 -0.023580897632696357 0.022472854580446268 0.090889527418818436 -0.024319841050766393 0.011113044239556443 -0.024482579941525973 0.024205940874594784 0.041621909594395518 0.0057932821809103642 -0.010179176161593272 -0.004382264853779831 0.010540716028152215
leaf_weight=146.9071066849865 140.35717704333365 305.36419007834047 942.92019065842032 677.11795174470171 300.98516513919458 577.56557447183877 1083.7340245526284 694.77439001621678 927.40413737110794 3539.0886811958626 628.34536430798471 1087.5096760950983 6.3211493119597426 27.558463466353714 442.92348985001445 346.24222923442721 61.355744057800621 454.08740206388757 417.86152218980715 67.439363435842097 7.4314176999032489 16.323465737048537 73.845338220242411 172.52941543469205 445.48699534125626 44.708442218601704 250.40682513639331 174.24847005354241 1666.6294855843298 463.72163676703349
leaf_count=4407 7080 2503 15978 43413 11175 5070 25662 33032 14574 44045 9496 10549 128 1020 2228 7205 1830 11379 18910 1351 77 253 2251 2086 7128 383 2303 2633 27312 5600
internal_value=-0.000234499 0.00187209 -0.00236129 -0.0194217 -0.00709447 0.00512785 -0.00453277 -0.0119846 0.00363916 0.00427591 0.00672383 0.00830496 -0.0108948 -0.00865798 0.0136436 -0.00777358 -0.010155 -0.0101021 -0.017143 0.00348847 0.00866195 -0.00367654 -0.0062629 -0.0132596 0.012809 0.0205071 0.017604 -0.000996577 0.00234973 -0.00112335
internal_weight=16191.2 14590 6342.32 1601.16 3545.83 8247.71 2826.98 924.046 2796.49 7499.43 1869.08 1715.86 153.228 783.689 748.288 1884.06 756.13 1537.82 718.847 6921.86 1252.42 314.838 307.407 246.375 937.582 61.0319 695.894 241.688 5669.44 2130.35
internal_count=321061 234686 129463 86375 90309 105223 60224 42962 39154 100492 24580 20045 4535 35882 4731 44246 34862 37041 30085 95422 18465 5050 4973 4337 13415 636 9431 3984 76957 32912
cat_boundaries=0 1 2 3 4
cat_threshold=16 68 48 144
is_linear=0
shrinkage=0.04


Tree=50
num_leaves=31
num_cat=3
split_feature=0 22 1 5 0 25 21 9 8 46 22 43 37 20 1 23 23 17 21 22 23 42 21 25 22 25 4 32 22 21
split_gain=419.245 114.264 72.5123 65.4181 64.4646 63.911 57.9174 54.8867 51.0476 43.1151 68.7926 53.6822 51.9682 45.522 38.7916 37.4068 34.001 33.9473 32.5132 31.153 30.5757 33.8587 41.1174 29.3765 29.311 27.8867 27.0023 25.3351 25.2664 24.8529
threshold=2.7549999952316289 0.042542364448308952 2.6350001096725468 34.500000000000007 2.1650000810623173 677.12500000000011 83.633903503417983 2.5000000000000004 110.25000000000001 0 0.043845927342772491 1 71.059780120849624 110.00000000000001 2.4850000143051152 1.0153971314430239 1.0640090107917788 2.5000000000000004 67.886199951171889 0.077523924410343184 1.1509101986885073 2 67.536304473876967 628.25000000000011 0.013452543411403896 181.37500000000003 2.1149998903274541 1.1843228340148928 0.012240967713296415 70.118667602539077
decision_type=10 8 10 2 8 2 10 2 2 1 10 9 10 2 10 10 8 10 8 10 10 9 10 2 10 2 2 10 10 10
left_child=1 4 -2 8 24 6 7 -5 9 10 16 29 15 -11 -15 -13 -3 -9 23 -7 -21 -22 -23 26 -1 27 -19 -17 -6 -12
right_child=2 3 -4 5 28 19 -8 17 -10 13 11 12 -14 14 -16 25 -18 18 -20 20 21 22 -24 -25 -26 -27 -28 -29 -30 -31
leaf_value=-0.017340581719171914 -0.011044765339726209 0.15433084277415587 -0.028233033139571706 -0.01434270329689602 -0.033176103656493691 -0.0035983825885608817 0.087039715330968076 0.0095786043376196624 0.012490542795132958 0.01291578473122626 2.1058871384441366e-05 -0.0091774186870970526 0.018739223207579706 0.0014717137742995177 -0.011780066680325694 0.0076165356958960888 0.03027893730562092 0.0066125667552243408 -0.00841603816086464 0.08168014798467238 0.00029986887732074167 -0.0053243925932145528 0.092833271960648639 -0.03387957238657234 0.0023075003848743599 -0.0021593868204308002 -0.0046082444890366385 0.020693071256629385 -0.012284701275120826 -0.021605430717542944
leaf_weight=138.65648835711181 785.0952340005897 6.4177916590124342 791.12680856790394 534.48408450791612 104.60054768063128 37.049557633697987 10.569142391905187 458.24362740805373 1312.7797455596738 509.06079671392217 292.1724263811484 228.28821574198082 697.55267389444634 3924.6928212982602 387.38879874721169 1035.9901280999184 8.130956347566098 875.26672433968633 874.89174131397158 20.575305990874767 37.097431864589453 10.371598130092027 18.028544696047902 35.990518741309643 932.1765322922729 341.07909916527569 562.72341161128134 308.26066023763269 806.68948625493795 118.70140426699072
leaf_count=3062 35391 102 51060 17863 4040 466 146 5591 14040 4121 4457 8032 8971 53100 8773 13681 137 8497 16523 198 331 94 141 295 16948 3081 8265 2157 29716 2327
internal_value=-9.29292e-05 0.00201932 -0.0196868 0.00341924 -0.00690732 -0.00125302 -0.0022971 -0.00260682 0.00519024 0.00396865 0.00770164 0.00726591 0.00936064 0.00161548 0.000277818 0.00598076 0.0916646 -0.000366527 -0.00231168 0.0269308 0.0400083 0.0258259 0.0578887 0.00131214 -0.000246698 0.00804062 0.00221864 0.0106313 -0.0147208 -0.00610615
internal_weight=16204.2 14627.9 1576.22 12645.8 1982.12 3475.29 3352.17 3341.6 9170.52 7857.74 3036.59 3022.04 2611.17 4821.14 4312.08 1913.62 14.5487 2807.12 2348.87 123.122 86.0729 65.4976 28.4001 1473.98 1070.83 1685.33 1437.99 1344.25 911.29 410.874
internal_count=321606 235155 86451 181389 53766 58410 57180 57034 122979 108939 42945 42706 35922 65994 61873 26951 239 39171 33580 1230 764 566 235 17057 20010 18919 16762 15838 33756 6784
cat_boundaries=0 1 2 3
cat_threshold=8 140 16
is_linear=0
shrinkage=0.04


Tree=51
num_leaves=31
num_cat=2
split_feature=4 22 0 22 22 21 4 17 11 15 14 25 25 32 19 42 0 42 22 26 37 1 20 33 20 2 15 33 0 1
split_gain=368.488 105.927 85.9427 57.6476 52.4106 49.3478 48.9123 44.6688 39.5191 40.3359 62.4699 44.4273 78.1196 88.7379 40.8914 42.952 29.741 27.356 27.2167 32.583 27.2095 35.9828 27.0256 27.514 25.7515 24.9514 29.4692 44.1533 24.8937 24.8159
threshold=2.6250000000000004 0.013452543411403896 2.2749999761581425 0.17032737284898761 0.074320640414953246 84.398693084716811 1.075000047683716 3.5000000000000004 0.50084745883941661 3.5000000000000004 91.909999847412124 293.62500000000006 524.37500000000011 1.1284058690071108 23.000000000000004 0 3.1350001096725468 1 0.24123191833496097 4.5000000000000009 72.010299682617202 1.9950000047683718 79.000000000000014 3.0315512418746953 184.00000000000003 -2.6249999999999996 4.2500000000000009 0.82333725690841686 1.0000000180025095e-35 2.6650000810623173
decision_type=2 8 10 10 10 8 2 10 10 2 10 2 2 10 8 9 10 9 8 2 8 8 2 10 2 10 2 10 10 8
left_child=1 -1 8 6 -2 16 17 20 9 10 22 18 13 24 15 -12 -6 -4 19 -11 -8 -22 23 -3 -13 -26 27 -27 -10 -19
right_child=4 2 3 -5 5 -7 7 -9 28 11 14 12 -14 -15 -16 -17 -18 29 -20 -21 21 -23 -24 -25 25 26 -28 -29 -30 -31
leaf_value=-0.023232011755101492 -0.026058771525088141 0.022356845024194709 0.07549322996359846 0.010623402128077934 -0.0068708242783509493 0.14812645814607195 -0.002811307722165023 -0.010727112356102471 0.028368449308885081 -0.00021822949978102466 0.067964559709063843 -0.0035587396128196787 0.00060665076377448021 0.0091734065546111906 -0.00083137609192308253 -0.016710928710654452 -0.027070511062962696 -0.0098948550614060687 0.017716510439373733 0.083072007217615665 0.026671196995480692 0.0022805477609441661 0.0033929515295145485 0.0051122994316315055 -0.0014322283591525805 0.036339067180598338 0.038901232971346678 0.098260796961439398 0.0092225006951034694 -0.028207303669389207
leaf_weight=262.81093257665634 799.96463003335521 250.20570562593639 4.0906444136053324 407.12381298141554 508.17671163100749 2.1128152534365645 1014.2987602460198 792.41446642018855 148.51895003579557 760.77449237788096 8.8219904424622655 13.774544484913347 254.00161957554519 178.68650854378939 1495.3241019500419 421.69138368777931 151.2011022111401 275.35480413911864 183.50185121968389 6.5891042947769156 129.09958039037883 380.44503110088408 6549.0193388676271 364.37656939029694 12.448727460578082 32.599510591477156 80.857803888618946 48.370672201737761 408.56359167210758 210.40514563722536
leaf_count=7916 52701 1902 119 6188 21680 23 22419 26364 1098 11982 190 126 1891 1344 21820 9707 9534 7171 3497 33 2046 11057 82311 1959 128 311 752 354 3371 11154
internal_value=-2.04461e-05 0.00188493 0.00234419 -0.00342204 -0.0191689 -0.010804 -0.00546431 -0.00303011 0.00399634 0.0034523 0.00242804 0.00936832 0.0176854 0.0294695 -0.00396506 -0.014813 -0.0115428 -0.0169366 0.0039217 0.000598936 0.000974197 0.0085082 0.00414761 0.0121642 0.0485831 0.052724 0.0568977 0.0741267 0.0143757 -0.0178767
internal_weight=16155.6 14694.2 14431.4 3213.23 1461.46 661.491 2806.11 2316.26 11218.1 10661 9089.44 1571.6 620.739 366.738 1925.84 430.513 659.378 489.851 950.865 767.364 1523.84 509.545 7163.6 614.582 188.051 174.277 161.828 80.9702 557.083 485.76
internal_count=321148 237210 229294 86518 83938 31237 80330 61886 142776 138307 117889 20418 4906 3015 31717 9897 31214 18444 15512 12015 35522 13103 86172 3861 1671 1545 1417 665 4469 18325
cat_boundaries=0 1 2
cat_threshold=8 8
is_linear=0
shrinkage=0.04


Tree=52
num_leaves=31
num_cat=1
split_feature=4 22 1 14 4 11 43 14 8 5 15 17 21 4 22 1 6 6 22 22 21 25 6 24 32 25 25 25 29 24
split_gain=336.539 109.482 82.7282 61.5461 46.5283 39.6206 49.9658 64.3362 38.0244 37.749 35.4591 35.1564 51.6959 35.5296 34.7257 33.568 32.3921 31.7229 31.0945 30.666 38.1162 29.837 39.3624 29.1769 28.3794 27.6154 35.8439 28.3738 30.5484 34.677
threshold=2.6149998903274541 0.017273891717195514 2.2549999952316289 85.505001068115249 0.90500000119209301 0.50084745883941661 0 80.704998016357436 13.500000000000002 41.500000000000007 3.5000000000000004 4.5000000000000009 73.944297790527358 1.1349999904632571 0.17265895754098895 2.054999947547913 8.5000000000000018 222.25000000000003 0.15766757726669314 0.066482517868280425 84.929595947265639 496.62500000000006 181.25000000000003 0.3201736062765122 1.0757216215133669 261.37500000000006 472.37500000000006 358.00000000000006 17.750000000000004 0.11999874189496042
decision_type=2 8 10 8 2 10 9 10 2 2 2 10 8 2 10 10 2 2 10 8 10 2 2 10 10 2 2 2 2 10
left_child=1 -1 5 15 17 6 7 8 -3 10 14 13 18 -8 -6 -2 -15 -4 -13 -5 -21 -14 -23 -18 -20 -12 27 -27 -29 -30
right_child=3 2 4 19 9 -7 11 -9 -10 -11 25 12 21 16 -16 -17 23 -19 24 20 -22 22 -24 -25 -26 26 -28 28 29 -31
leaf_value=-0.018327119073732464 0.017045455582257705 0.022866426182600114 -0.015471122289735248 -0.029734994789817705 -0.0030521733072368241 0.014264187274620069 0.00091757140068928888 -0.015025687775156381 -0.0011146439377202357 -0.0084877869202077665 0.0037651013426619872 -0.0013590785815853332 -0.028504937211687911 -0.011347495643133667 0.015953305740462446 -0.011029425003515579 0.0076215090978521182 0.092666833502221324 -0.036108561604017674 -0.017096250152272154 0.12450074561656943 -0.028123697582911472 0.099557657913701705 -0.007805336802473555 0.036061924134922645 0.019028970693211824 0.0036803706779570721 0.010391271331676874 0.12463255437065325 0.031420846883455762
leaf_weight=420.67104048840702 90.62229868536815 133.9944377602078 507.91117598582059 547.76789749902673 1182.2784398528747 561.461719321087 2374.6012249290943 514.62899720948189 487.41074893763289 790.28654996259138 162.95948085002601 664.68836949393153 151.54982792306691 154.87697450770065 175.7881669793278 264.57603005878627 5959.2661215779372 3.3861080743372431 9.240948813967405 559.32149049453437 2.0652022659778586 7.6474817600101215 6.1201209407299757 201.80464597977698 61.979648837819695 34.547449942678213 54.347310021519661 10.840842099860309 17.39526491146535 11.310291558504103
leaf_count=12422 4216 1933 16512 35816 24388 4608 33211 11529 6057 21562 3805 10826 5842 1527 2163 14528 75457 54 196 30718 20 155 62 1250 481 547 669 117 219 128
internal_value=-6.76771e-05 0.00175879 0.00235367 -0.0183456 -0.00360784 0.00391257 0.00336914 -0.004538 0.00407843 -0.00130433 0.00213802 0.00430669 -0.0032033 0.00509118 -0.000579232 -0.00382766 0.0066593 -0.0145677 0.00134163 -0.0229836 -0.0163478 -0.0233455 0.0312619 0.00711437 0.026272 0.0147741 0.0285738 0.0464874 0.0693154 0.0903349
internal_weight=16125.3 14661 14240.3 1464.35 2951.05 11289.3 10727.8 1136.03 621.405 2439.75 1649.47 9591.78 901.226 8690.55 1358.07 355.198 6315.95 511.297 735.909 1109.15 561.387 165.317 13.7676 6161.07 71.2206 291.401 128.441 74.0938 39.5464 28.7056
internal_count=321018 235720 223298 85298 70164 153134 148526 19519 7990 53598 32036 129007 17562 111445 26551 18744 78234 16566 11503 66554 30738 6059 217 76707 677 5485 1680 1011 464 347
cat_boundaries=0 1
cat_threshold=12
is_linear=0
shrinkage=0.04


Tree=53
num_leaves=31
num_cat=1
split_feature=4 1 21 19 21 17 21 11 20 19 20 9 16 25 19 21 6 25 11 25 0 15 5 23 15 15 0 20 25 46
split_gain=332.577 106.042 57.1562 65.6569 56.1416 48.0758 59.338 39.8829 38.0339 37.6296 34.7517 30.1973 32.3626 28.3839 44.7519 50.5408 26.4186 36.8147 27.0307 25.8979 35.5811 26.5611 25.5763 23.7782 23.6812 35.1266 25.4822 23.0115 26.4227 31.534
threshold=2.6650000810623173 2.2549999952316289 68.308303833007827 59.500000000000007 78.926559448242202 4.5000000000000009 73.944297790527358 0.04313445836305619 175.00000000000003 10.500000000000002 159.00000000000003 3.5000000000000004 4.5000000000000009 170.12500000000003 190.50000000000003 67.372478485107436 175.25000000000003 391.50000000000006 0.50084745883941661 94.875000000000014 0.53499999642372142 1.5000000000000002 33.500000000000007 1.1789435744285586 3.5000000000000004 4.2500000000000009 3.1149998903274541 218.00000000000003 276.37500000000006 0
decision_type=2 10 10 10 10 10 8 10 2 8 2 2 2 2 10 10 2 2 10 2 10 2 2 10 2 2 8 2 2 1
left_child=1 4 3 -3 5 9 -7 -4 -2 10 -1 -11 22 -5 -15 -16 18 -18 -6 21 -21 -12 -13 -17 -10 26 27 -26 -29 -30
right_child=8 2 7 13 16 6 -8 -9 24 11 19 12 -14 14 15 23 17 -19 -20 20 -22 -23 -24 -25 25 -27 -28 28 29 -31
leaf_value=0.0056990106138379076 -0.0089881031533551332 0.015942431036282543 -0.017473740990792096 0.0024495103833628525 -0.017166289726080142 6.3050212193193776e-05 -0.024984681854459165 -0.0050651594533199533 -0.028423097446841343 0.0030100719990238741 0.024205217002818073 0.010259072657725878 -0.024972575937461473 -0.01738269945285589 -0.0044083205121142367 0.032783573264606763 -0.020313148429277041 0.084736844034957029 0.040559851776157278 0.03918020596658945 -0.0043765454790660619 -0.017304297223347129 0.0043177639691291819 0.11833647866272198 -0.014648696486161348 -0.034270347823552254 -0.024709104912253588 -0.0023115254666023106 0.086740226375981264 0.0084577496932219318
leaf_weight=494.32956200558692 362.37069115857594 355.699275680352 658.18105025077239 557.57338888058439 325.71650648955256 840.49423158541322 183.4695560852997 1123.3184830597602 644.91086866799742 4231.6447314782999 25.45982623891905 2975.9010884026065 47.26913426630199 390.23450120305642 105.15352882165462 26.069149423390627 10.177705988287927 9.4571577403694373 12.548965362831948 34.252943610772491 200.36960800457746 374.99847038369626 1907.3465949180536 6.0833143889904013 38.859515638323501 83.679516133619472 52.193462286144495 31.283260056748986 16.093259456567466 16.587213799357414
leaf_count=6350 18673 5452 28583 13765 8972 13329 6672 25445 44420 63961 609 27082 285 6298 1760 397 288 142 138 390 2307 8771 23141 48 2096 5223 3541 1828 499 640
internal_value=-0.000108613 0.00155221 -0.00486995 0.00105135 0.00332558 0.00381956 -0.00444099 -0.00965903 -0.0199524 0.00464219 -0.00224266 0.00549147 0.00761928 -0.00383643 -0.0104799 0.00909345 -0.0122483 0.0317449 -0.0148997 -0.00842976 0.0021047 -0.0146016 0.00794064 0.0521722 -0.0244292 -0.0135482 -0.00218858 0.00933228 0.0239641 0.048557
internal_weight=16141.7 14895.7 3222.31 1440.81 11673.4 11315.5 1023.96 1781.5 1245.98 10291.6 1129.41 9162.16 4930.52 1085.11 527.54 137.306 357.9 19.6349 338.265 635.081 234.623 400.458 4883.25 32.1525 883.607 238.696 155.017 102.823 63.9637 32.6805
internal_count=321105 244185 81748 27720 162437 152897 20001 54028 76920 132896 18427 114469 50508 22268 8503 2205 9540 430 9110 12077 2697 9380 50223 445 58247 13827 8604 5063 2967 1139
cat_boundaries=0 1
cat_threshold=8
is_linear=0
shrinkage=0.04


Tree=54
num_leaves=31
num_cat=2
split_feature=0 4 1 22 1 21 37 17 23 22 43 21 6 25 15 6 37 30 6 38 43 38 14 4 26 40 14 15 9 36
split_gain=331.324 92.8096 68.5458 59.6923 50.359 42.3257 36.1152 32.4512 47.2883 32.3412 32.1766 28.7169 27.6615 27.6731 27.6388 32.0677 24.3788 24.3772 24.3542 22.8449 30.5232 25.9569 24.9583 27.5126 23.0009 32.2269 22.1393 21.9204 21.3404 28.7459
threshold=2.7549999952316289 2.2949999570846562 2.7849999666213994 0.052642140537500388 0.95499998331069957 76.617176055908217 73.093406677246108 4.5000000000000009 1.0326827168464663 0.027693261392414573 0 84.929595947265639 192.75000000000003 370.12500000000006 2.5000000000000004 102.25000000000001 78.616546630859389 0.13170456886291507 153.25000000000003 1.070468604564667 1 1.0035736560821535 88.184997558593764 1.0000000180025095e-35 1.5000000000000002 0.18519092351198199 86.854999542236342 3.5000000000000004 15.500000000000002 0.069056391716003432
decision_type=10 2 10 8 8 10 10 10 10 8 9 10 2 2 2 2 10 10 2 10 9 8 10 2 2 10 10 2 2 8
left_child=1 4 9 14 18 7 10 19 -9 -2 26 16 27 -14 -3 -16 17 28 -1 20 -6 -22 24 -24 -21 -26 -5 -7 -11 -30
right_child=2 3 -4 6 5 12 -8 8 -10 11 -12 -13 13 -15 15 -17 -18 -19 -20 22 21 -23 23 -25 25 -27 -28 -29 29 -31
leaf_value=0.011482166291356361 -0.029449763011175301 -0.025047394529051057 -0.02867374249478865 0.0056376850136647047 -0.015620865255724387 -0.012030920239046942 0.010844390455512607 -0.024163276203821187 -0.00024116725081915164 -0.013388729407685438 -0.01002844956460453 0.094236517745285533 -0.011407160142102133 0.077411236853684895 0.00049324821918215718 -0.022485204452136101 0.033914659824848481 0.014307790239883962 -0.0088946194804481234 0.0030181455731986793 -0.0030651945501082344 0.010542295851738352 -0.0063323942543512344 0.0026985447637450409 0.00094498514304600675 0.01998468960208508 -0.007122757889847035 0.023903456838914563 0.081702059053792284 -0.0060508755594889689
leaf_weight=1350.9107266538776 130.2341772580985 278.01757088745944 602.4148060688749 601.22318593831733 79.222121180966496 524.10973542043939 311.21208107331768 159.54534089472145 751.31355509208515 635.5117507444229 755.41748942341655 3.3813061001710585 10.154348480515184 10.790588844567536 244.28458273061551 159.95385820022784 20.10459643509239 60.937539955368266 99.905966958031058 4359.7741614426486 262.20862576831132 1517.1871567624621 930.12761141033843 1282.5437583550811 256.84485125122592 319.34322081878781 339.46855529118329 27.661793973762542 7.9464337639510658 17.382024030201137
leaf_count=11535 7209 12972 43325 13203 2226 13561 5865 5916 10517 32510 21097 94 330 167 8412 6760 705 1811 990 44343 8084 26626 14943 12900 2222 1937 9636 703 119 396
internal_value=-0.000247685 0.00157572 -0.0182908 -0.0051353 0.00308786 0.00212088 -0.00165619 0.00273198 -0.00445764 -0.0111174 -0.00395726 -0.00787328 -0.00844137 0.0356112 -0.0153482 -0.00862232 -0.00847028 -0.00970171 0.0100711 0.00345989 0.00741069 0.00848661 0.00243124 -0.00109708 0.00401362 0.0115207 0.00101511 -0.0101822 -0.01194 0.0233859
internal_weight=16109.1 14631.2 1477.91 2689.58 11941.6 10490.8 2007.32 9918.11 910.859 875.498 1696.11 745.264 572.716 20.9449 682.256 404.238 741.882 721.778 1450.82 9007.25 1858.62 1779.4 7148.63 2212.67 4935.96 576.188 940.692 551.772 660.84 25.3285
internal_count=321114 234945 86169 77945 157000 144475 49801 129714 16433 42844 43936 35635 14761 497 28144 15172 35541 34836 12525 113281 36936 34710 76345 27843 48502 4159 22839 14264 33025 515
cat_boundaries=0 1 2
cat_threshold=148 168
is_linear=0
shrinkage=0.04


Tree=55
num_leaves=31
num_cat=4
split_feature=4 22 5 9 7 21 22 25 25 19 25 23 14 25 43 29 46 43 26 10 23 20 4 35 17 2 23 2 11 43
split_gain=288.461 89.2398 71.9163 77.0984 62.3354 50.798 49.6585 39.1829 37.3747 62.4896 54.9713 52.9391 51.5922 45.081 38.4405 37.6851 34.2937 39.2759 36.4595 33.1051 31.1084 30.2718 27.3688 25.8595 25.7819 24.8464 24.7868 21.8664 20.6512 20.1879
threshold=2.6650000810623173 0.013452543411403896 34.500000000000007 2.5000000000000004 43.500000000000007 62.269115447998054 0.10294625535607339 677.12500000000011 298.37500000000006 190.50000000000003 431.12500000000006 1.0526289939880373 94.430000305175795 423.75000000000006 0 15.750000000000002 1 2 1.5000000000000002 5.5000000000000009 1.0013249516487124 175.00000000000003 2.0149999856948857 14.750000000000002 2.5000000000000004 0.89499998092651378 1.1533122658729555 -2.064999938011169 0.17844672501087191 3
decision_type=2 8 2 2 2 8 10 2 2 10 2 10 10 2 9 2 1 9 2 2 10 2 2 2 10 8 10 10 10 9
left_child=1 -1 4 -4 5 -3 21 22 12 14 11 15 16 27 26 -11 17 -7 23 -14 -19 -2 -5 -18 -24 -8 -10 -13 -16 -20
right_child=6 2 3 7 -6 8 25 -9 9 10 -12 13 19 -15 28 -17 18 20 29 -21 -22 -23 24 -25 -26 -27 -28 -29 -30 -31
leaf_value=-0.022223060169688637 -0.011859899900037836 0.0097460939653611686 -0.014485501194927523 0.0040401869264277412 0.012654297659621712 -0.0068529046972225097 -0.012580786447830804 0.021681685271865793 0.0007882557294053488 0.043496275502597569 0.0089227333876873323 -0.011190223591140278 -0.011525944284355832 0.09915132035062485 -0.020764695208612804 0.20325478415774278 -0.00046963628718909206 -0.0088111873125988078 0.027581980106641854 0.0022699317619365904 0.009458538871386684 -0.028534815292202812 0.0065127278979573416 -0.0095281017074898833 -0.0052446204609655723 0.011881349198452684 0.016182297046212765 0.035431944711963509 0.0044644604292438887 0.0051928989939969052
leaf_weight=252.70008484181017 243.63639031769708 1313.5112284938805 727.06424376764335 1150.3138861618936 1071.5088888360187 336.57129535917193 231.19131671241485 125.14097154699266 379.12654043268412 5.3986492725089175 153.68680664058775 20.092909878119826 870.55091369710863 14.726986013352869 144.06251681037247 4.6572111900895834 2028.6216926437337 162.19893393525854 67.638126743026078 407.78673311928287 1727.0505755622871 638.44131465558894 349.66501284344122 670.54147035488859 1996.4729496515356 92.017353544477373 299.58243079856038 70.540401400066912 80.007565377280116 470.59226350300014
leaf_count=8213 14475 10790 28131 12602 11510 5988 11764 1069 4838 103 1606 287 23707 101 2506 94 27834 5839 1396 5997 22549 47327 5337 10640 38653 3423 2474 775 639 10437
internal_value=-0.000226076 0.00129674 0.00170428 -0.00260805 0.00352568 0.0024639 -0.01904 -0.000219105 0.00125358 0.00784372 0.0247259 0.0454774 0.00010643 0.0362742 0.00278522 0.12954 0.00179992 0.00562101 -0.000826905 -0.00712363 0.00784258 -0.0239523 -0.00101007 -0.00272417 -0.00348859 -0.00558892 0.00749265 0.0250431 -0.0112584 0.00866764
internal_weight=16105.1 14899.8 14647.1 4348.66 10298.5 9226.95 1205.29 3621.59 7913.43 1171.88 269.103 115.416 6741.55 105.36 902.779 10.0559 5463.21 2225.82 3237.39 1278.34 1889.25 882.078 3496.45 2699.16 2346.14 323.209 678.709 90.6333 224.07 538.23
internal_count=321104 244115 235902 85792 150110 138600 76989 57661 127810 13423 2966 1360 114387 1163 10457 197 84683 34376 50307 29704 28388 61802 56592 38474 43990 15187 7312 1062 3145 11833
cat_boundaries=0 1 2 3 4
cat_threshold=24 8 12 4
is_linear=0
shrinkage=0.04


Tree=56
num_leaves=31
num_cat=2
split_feature=0 4 1 22 11 5 15 21 4 14 17 31 21 0 43 43 21 0 24 25 16 22 24 25 21 31 21 21 5 24
split_gain=288.103 84.5358 72.8745 62.2938 42.7673 35.9028 37.8039 34.5231 30.9542 46.1161 36.4715 40.2002 35.054 33.2723 30.7629 28.5985 30.6322 27.6891 27.3081 69.3283 24.6036 29.2185 28.7137 23.9436 28.4754 23.6903 23.3058 22.9446 22.457 22.4047
threshold=2.7549999952316289 2.2350000143051152 2.6049998998641972 0.037285478785634048 0.50084745883941661 32.500000000000007 3.5000000000000004 78.926559448242202 1.1950000524520876 77.479999542236342 4.5000000000000009 69.363330841064467 73.944297790527358 0.81499999761581432 0 1 78.553573608398452 1.9450000524520876 0.058954022824764259 97.625000000000014 3.5000000000000004 0.193641372025013 0.14791696518659594 170.12500000000003 82.51377105712892 69.247005462646499 61.583427429199226 67.32593154907228 56.500000000000007 0.33845931291580206
decision_type=10 2 10 8 10 2 2 10 2 10 8 8 8 10 9 9 10 10 8 2 2 10 10 2 10 10 10 8 2 10
left_child=1 4 -2 -3 7 6 14 8 9 13 11 20 -12 25 -5 16 -13 28 19 -8 21 26 -23 27 -25 -1 -10 -7 -11 -24
right_child=2 3 -4 5 -6 23 18 -9 10 17 12 15 -14 -15 -16 -17 -18 -19 -20 -21 -22 22 29 24 -26 -27 -28 -29 -30 -31
leaf_value=0.0144415198914959 -0.0082513730803466384 -0.01688916168886859 -0.026275601296725317 0.0031176005728409356 0.013624060499477373 0.0073625670288731031 -0.0099319500038640551 -0.010710024128106723 -0.017722645054622767 -0.0022307854302098026 0.00015648536208557587 0.010371256566145575 -0.022081490031449214 -0.0025844632467999303 -0.0093501478395445221 -0.0045642039467203152 0.085720331712476533 -0.013937270999098271 0.0091779868248101949 0.081709946614236473 -0.01274432691622461 -0.0032462069498420472 0.016566285753018412 -0.014775443370802244 0.076110886735780287 -0.0055277148729002005 0.002172249089469962 -0.0082370199084073233 0.046209381338957661 -0.0041661476777663424
leaf_weight=606.72409472241998 720.72823745780624 512.1734005950857 718.27016161149368 1008.2660026201047 590.8626206042245 248.01330262981355 23.333902956452221 302.99333061277866 96.635654030367732 1628.7351856483147 696.7593350415118 2315.8073360333219 134.38127402542159 444.35048604710028 448.42388059850782 215.18220779066905 7.7001840434968463 365.65212906571105 233.67341717705131 28.659704230725765 154.2286349684 207.78126967325807 596.05035840533674 499.00197387672961 4.5869789961725465 111.8093109773472 2665.1477274587378 381.40390398632735 14.453442893922327 96.183223693631589
leaf_count=7031 34140 21989 52213 19783 4738 6712 1223 7998 907 24047 10235 27483 4100 6087 11207 3167 156 9708 4250 475 938 2695 4228 10242 60 1132 28374 15203 146 578
internal_value=-0.000190828 0.00148813 -0.0172629 -0.00405026 0.00315617 -0.00175687 0.00184565 0.00257439 0.00296439 -0.00032582 0.00441703 0.00544782 -0.00345642 0.0060091 -0.000764235 0.00934825 0.0106138 -0.00399615 0.0151243 0.0410957 0.00285017 0.00351137 0.00976708 -0.00729715 -0.0137905 0.0113252 0.00146851 -0.00208194 -0.00177443 0.013678
internal_weight=16078 14639 1439 3387.54 11251.4 2875.36 1742.36 10660.6 10357.6 3171.72 7185.86 6354.72 831.141 1162.88 1456.69 2538.69 2323.51 2008.84 285.667 51.9936 3816.03 3661.8 900.015 1133.01 503.589 718.533 2761.78 629.417 1643.19 692.234
internal_count=321245 234892 86353 91144 143748 69155 36938 139010 131012 48151 82861 68526 14335 14250 30990 30806 27639 33901 5948 1698 37720 36782 7501 32217 10302 8163 29281 21915 24193 4806
cat_boundaries=0 1 2
cat_threshold=20 112
is_linear=0
shrinkage=0.04


Tree=57
num_leaves=31
num_cat=3
split_feature=4 22 1 5 14 47 11 25 21 11 25 21 20 1 4 38 17 46 25 19 11 19 25 17 42 26 14 23 37 25
split_gain=274.704 81.393 66.246 44.3274 39.7268 35.0229 32.0609 31.6234 54.1735 43.5596 32.5 29.5912 27.5068 26.117 26.0359 25.4604 27.4617 24.4289 31.8757 24.264 27.1589 24.061 35.8415 44.3195 37.8372 38.7174 31.1419 30.0105 54.8505 28.9521
threshold=2.6650000810623173 0.015367629006505014 2.3750000000000004 20.500000000000004 88.345001220703139 0 0.017454555258154873 84.125000000000014 68.810985565185561 0.35620281100273138 31.125000000000004 59.510065078735359 175.00000000000003 2.054999947547913 2.3950001001358037 1.032856345176697 4.5000000000000009 1 81.125000000000014 79.500000000000014 0.22243923693895343 145.50000000000003 153.12500000000003 1.5000000000000002 2 1.5000000000000002 93.08499908447267 1.1449801921844485 68.059223175048842 661.25000000000011
decision_type=2 8 10 2 8 9 10 2 10 10 2 8 2 8 2 10 10 1 2 8 10 8 2 10 9 2 10 10 8 2
left_child=1 -1 5 -4 11 -3 -5 8 10 14 15 -2 17 -13 21 16 -7 18 19 -10 -21 22 23 27 -24 29 -27 -9 -29 -26
right_child=4 2 3 6 -6 7 -8 9 12 -11 -12 13 -14 -15 -16 -17 -18 -19 -20 20 -22 -23 24 -25 25 26 -28 28 -30 -31
leaf_value=-0.018503303419031388 0.062166078184701504 0.010785726627121239 0.0039426671702130793 -0.018511314993197442 -0.023503323540329905 0.0044268758117345748 -0.0049971925268340088 -0.014608006266957893 -0.0018024081435540123 0.012983709389072194 -0.0010439515386609435 0.028380392816029359 -0.012431080374848974 -0.012544683564090026 -0.0076931260994291479 0.011721576444714219 -0.019736411820592169 -0.0068597633012098891 0.081508820677492169 0.029256481969842957 -0.0078394091850111144 0.0073810362736278171 0.069456404186753029 0.015109992943618747 -0.006116125000301521 0.010474701092761125 -0.0087202075359967667 -0.015374750403384691 0.023833060659964996 0.023915053927860686
leaf_weight=323.59918055310845 8.584281519521026 840.18820772925392 727.16407408006489 356.19407018320635 834.04538423009217 669.55659931479022 1328.7684483542107 174.20429644268006 429.72516268258914 797.88146668765694 1479.1126972571947 26.229926724918187 594.28706971369684 297.82080677710474 341.64011084334925 886.37623912561685 83.744968594051898 745.01744272653013 7.3897886686027041 95.868141256272793 46.102481253445148 1822.4807196664624 11.1021409612149 580.42061198782176 1489.7072824491188 576.29030022351071 175.55254642851651 97.768619829788804 134.26773789990693 52.178835475817323
leaf_count=10557 227 7520 15793 16577 56630 22564 31481 2473 6803 5067 19725 713 19168 19461 7246 11589 3956 10934 74 1113 294 21004 148 6742 14190 4290 2338 744 1233 402
internal_value=-0.000161034 0.00130595 0.00174824 -0.0043041 -0.0188428 0.00295229 -0.00786568 0.00235647 0 0.00425825 0.00325284 -0.00710956 -0.00528777 -0.00914262 0.00297927 0.00712959 0.00171272 -0.00207172 0.00408261 0.00293423 0.0172117 0.00369439 0.00165028 0.00802621 -0.00107971 -0.00145299 0.00598182 -0.00209725 0.00730058 -0.00508241
internal_weight=16033.3 14866.6 14543 2412.13 1166.68 12130.9 1684.96 11290.7 5037.18 6253.49 3118.79 332.635 1918.39 324.051 5455.61 1639.68 753.302 1324.1 579.086 571.696 141.971 5113.97 3291.49 986.661 2304.83 2293.73 751.843 406.241 232.036 1541.89
internal_count=321056 244025 233468 63851 77031 169617 48058 162097 96220 65877 57834 20401 38386 20174 60810 38109 26520 19218 8284 8210 1407 53564 32560 11192 21368 21220 6628 4450 1977 14592
cat_boundaries=0 1 2 3
cat_threshold=68 8 8
is_linear=0
shrinkage=0.04


Tree=58
num_leaves=31
num_cat=2
split_feature=0 5 1 4 21 15 25 21 22 46 14 19 40 25 25 23 25 25 11 47 20 32 17 1 23 19 1 23 19 22
split_gain=261.736 80.6946 66.8512 63.5434 58.3733 51.0153 57.6499 51.4078 46.6572 46.1003 42.1209 40.4362 39.0754 37.3501 37.0026 35.1507 37.067 34.1429 32.055 31.6028 30.3531 43.5189 30.1491 30.0415 28.262 27.5506 27.1857 26.7537 26.6159 25.9816
threshold=2.7549999952316289 34.500000000000007 2.6049998998641972 2.2949999570846562 78.926559448242202 3.5000000000000004 298.37500000000006 71.112480163574233 0.019503099843859676 0 88.184997558593764 11.500000000000002 0.12552645057439807 170.12500000000003 531.87500000000011 1.0116243958473208 171.87500000000003 677.12500000000011 0.39246422052383428 1 159.00000000000003 1.0643783211708071 1.5000000000000002 0.54500001668930065 1.0775569677352907 128.50000000000003 1.6549999713897707 1.3434811234474184 145.50000000000003 0.077523924410343184
decision_type=10 2 10 2 10 2 2 10 10 1 10 10 10 2 2 10 2 2 10 9 2 10 8 8 10 10 10 10 8 10
left_child=1 4 -2 17 5 9 28 14 -9 11 26 -1 -10 24 -8 -13 19 -3 -6 -17 22 25 -21 -12 -5 -22 -11 -23 -7 -19
right_child=2 3 -4 13 18 6 7 8 12 10 23 15 -14 -15 -16 16 -18 29 -20 20 21 27 -24 -25 -26 -27 -28 -29 -30 -31
leaf_value=-0.0027881108490399463 -0.0078771771511062152 -0.0011184300045069347 -0.02539705263210152 -0.014860556149045563 -0.017912699862290923 0.013961994264243301 0.02602283750875747 -0.0207060505619753 0.035729996722092379 0.0055740400740560119 0.023044340745145164 -0.0069415174463415396 0.096545427906106041 -0.019910437864506862 -0.00091533459713262575 0.0040917174967684119 0.0021797321675664015 -0.003028045571998731 0.028124311091022234 -0.0038208143016703728 0.054594313907129113 0.015261110601945453 0.016811932167564107 -0.0058526930767695776 0.0039668546586034102 0.01389827865128395 -0.0016670358085611385 0.054988165388405834 0 0.035653164646604847
leaf_weight=614.58875162084587 709.03219078690745 3217.4918514746241 688.43192122015171 227.85414249869063 273.20691478718072 360.65378776798025 227.91274909675121 11.785076598636804 40.198246393352747 2293.6194103481248 58.730449127964675 216.11543191527016 31.317670969292521 478.20442706905305 126.22658953070641 520.31518285535276 733.95889982488006 44.517089983448386 25.587710331194103 202.52252564299852 86.992916102986783 742.33219942310825 254.61756603466347 1570.6697451949585 287.01004861155525 39.805378100369126 1297.6125856835861 27.432430977001786 552.30044007208198 71.497049514204264
leaf_count=10502 34084 48501 52240 14918 9001 5993 1948 260 533 25245 458 6987 347 13901 1157 3988 7323 523 307 2133 1124 10916 3127 27811 7225 1188 17671 188 10984 481
internal_value=9.87363e-06 0.00158983 -0.0165228 -0.0029939 0.00351416 0.004035 0.0112646 0.0231911 0.0513328 0.00290594 0.000536119 0.00650145 0.0633811 -0.01187 0.0164344 0.00852477 0.00981012 -0.000345699 -0.0138762 0.0127937 0.0159818 0.020378 0.00767408 -0.00479517 -0.00437015 0.0420588 0.00295679 0.0167516 0.00552651 0.0208771
internal_weight=16032.5 14635.1 1397.46 4326.57 10308.5 10009.7 1350.39 437.44 83.301 8659.31 5220.63 3438.68 71.5159 993.069 354.139 2824.09 2607.98 3333.51 298.795 1874.02 1353.7 896.563 457.14 1629.4 514.864 126.798 3591.23 769.765 912.954 116.014
internal_count=321064 234740 86324 85549 149191 139883 21222 4245 1140 118661 71185 47476 880 36044 3105 36974 29987 49505 9308 22664 18676 13416 5260 28269 22143 2312 42916 11104 16977 1004
cat_boundaries=0 1 2
cat_threshold=8 10
is_linear=0
shrinkage=0.04


Tree=59
num_leaves=31
num_cat=2
split_feature=11 1 22 22 47 11 22 29 19 15 10 14 16 19 30 2 22 40 21 21 32 23 28 44 24 23 31 22 33 21
split_gain=227.975 108.971 59.7397 49.2083 47.7291 37.1656 33.0086 28.9149 42.2021 25.6582 25.5379 30.1618 39.2697 41.156 25.3818 25.2365 24.2156 22.5258 22.4686 21.5989 28.2241 22.7433 21.3499 21.345 20.3704 20.0164 19.5133 19.4714 18.8683 18.5041
threshold=0.031537504866719253 2.5849999189376835 0.013452543411403896 0.070410095155239119 0 0.153984010219574 0.042542364448308952 16.250000000000004 9.5000000000000018 1.0000000180025095e-35 26.250000000000004 95.384998321533217 1.5000000000000002 59.500000000000007 0.060371769592165954 0.7150000035762788 0.26366053521633154 0.26735769212245947 77.426959991455092 63.022916793823249 1.1253064274787905 1.1616019010543825 6.5000000000000009 1 0.26936763525009161 1.3153603076934817 70.124805450439467 0.052642140537500388 2.9850085973739628 76.478694915771499
decision_type=8 10 8 10 9 8 10 2 10 2 2 10 2 8 8 10 10 10 10 8 10 10 2 9 8 10 10 10 10 10
left_child=1 3 -2 22 -4 9 -3 10 28 -6 11 12 13 23 15 -10 18 26 -8 21 -21 -16 29 -7 25 -18 -5 -11 -9 -1
right_child=2 6 4 17 5 7 16 8 14 27 -12 -13 -14 -15 19 -17 24 -19 -20 20 -22 -23 -24 -25 -26 -27 -28 -29 -30 -31
leaf_value=-0.0015678262486487537 -0.020168667407844572 -0.031635392772680994 0.010968329415637015 -0.0059224507009661281 0.04452413965428504 0.013265194897142521 -0.018191719815662335 -0.016861403717016825 0.0060311990021215383 -0.0069894155847809456 0.0092437574065146865 -0.0063864889192644207 -0.001877892126740289 0.015047498574468715 -0.0078525631298749388 0.031147297176054849 0.018406545542659917 0.020748608474755587 0.036895565392856391 0.0036812533460501501 -0.004793347593312524 0.011033542359566129 -0.022924465758682872 -0.000748539136622504 5.5329393469358385e-05 0.18360334255437702 0.0062745244335502192 -0.00031484266501342737 0.015215144011373074 -0.022501380103500418
leaf_weight=255.98573729768395 192.15526775363833 323.51641868334264 921.0382521962747 475.32947914255783 18.065477041527629 217.67163874860853 701.70243225828744 282.55539769399911 299.09132654732093 933.24270507204346 1593.6832833508961 463.35164040653035 947.98672179691494 779.73712994763628 127.15483191795647 80.934949892573059 2.9383322834037218 86.656795429531485 11.104283156339077 1113.2264602994546 1441.680970184505 498.89077551662922 227.53860138636082 725.93774989293888 10.424010104965419 1.3846530453301964 374.07463152171113 2786.9865370839834 31.818653930909932 91.110712580615655
leaf_count=13743 5783 24537 8417 13726 443 1944 43105 5348 3732 30187 16997 7138 7621 9455 1652 1000 263 1757 516 19136 14352 3632 13908 9668 360 50 9086 48418 452 4912
internal_value=-0.000167318 -0.0111019 0.00191491 -0.00421217 0.00223666 0.00157372 -0.0209872 0.00302194 0.000459159 -0.001754 0.005121 0.00302142 0.00465653 0.00825234 0.00170177 0.0114584 -0.0162099 0.00144188 -0.0172775 0.000531655 -0.00109923 0.00718484 -0.0134159 0.00262304 0.0329557 0.0966227 -0.00054518 -0.0019917 -0.0135642 -0.0071231
internal_weight=16017 2561.77 13455.2 1510.7 13263.1 12342 1051.07 8603.72 3875.35 3738.29 4728.37 3134.68 2671.33 1723.35 3560.98 380.026 727.554 936.061 712.807 3180.95 2554.91 626.046 574.635 943.609 14.747 4.32299 849.404 3720.23 314.374 347.096
internal_count=321338 125963 195375 57132 189592 181175 68831 102127 49304 79048 52823 35826 28688 21067 43504 4732 44294 24569 43621 38772 33488 5284 32563 11612 673 313 22812 78605 5800 18655
cat_boundaries=0 1 2
cat_threshold=68 48
is_linear=0
shrinkage=0.04


Tree=60
num_leaves=31
num_cat=2
split_feature=0 5 9 1 9 21 17 22 47 22 46 40 12 19 19 24 22 22 21 19 21 21 10 30 8 26 25 38 22 15
split_gain=234.982 73.0725 66.0266 65.3446 52.8037 59.1493 33.1837 35.8015 32.7586 30.782 27.9194 48.6329 36.3221 32.4292 53.1806 28.0303 24.0105 29.9331 22.0643 21.7437 40.2202 21.6272 22.5858 41.5856 21.4272 21.4056 21.45 25.0884 21.3119 21.2702
threshold=2.7549999952316289 34.500000000000007 2.5000000000000004 2.8149999380111699 3.5000000000000004 75.92813873291017 4.5000000000000009 0.11901463195681573 0 0.027693261392414573 1 0.10025744140148164 2.5000000000000004 79.500000000000014 128.50000000000003 0.019153827801346782 0.021674870513379577 0.09360570460557939 84.929595947265639 170.50000000000003 73.944297790527358 62.269115447998054 38.750000000000007 0.064483895897865309 17.500000000000004 2.5000000000000004 457.12500000000006 1.0649693608283999 0.015367629006505014 3.5000000000000004
decision_type=10 2 2 10 2 10 10 10 9 8 1 10 10 8 10 10 8 8 10 8 10 8 2 8 2 2 2 10 10 2
left_child=1 4 -3 9 5 8 -4 28 -1 -2 11 12 15 -13 25 24 19 -18 21 -12 -21 -11 -23 -24 -10 26 27 -15 -8 -6
right_child=3 2 6 -5 29 -7 7 -9 10 18 16 13 -14 14 -16 -17 17 -19 -20 20 -22 22 23 -25 -26 -27 -28 -29 -30 -31
leaf_value=-0.0066406443189022234 -0.027567149922249064 -0.01391831223873656 0.0015886356100875151 -0.027326331534218377 0.005474747599872559 -0.013465160847811762 -0.025815777693864152 0.011874056471043599 0.088693318845323874 0.017310665317287623 0.015716461655077809 -0.0020135743873020036 0.034284272361697531 0.047492704815202312 0.0021084449852856717 -0.0057031564919405031 -0.0054122791386370609 0.0030429970775306546 0.08260264273093286 -0.0096221974813338468 0.18000404043305623 -0.010292817920015008 0.086404879450026492 -0.0060125916543249678 -0.0052133414481334555 -0.035874172744092159 0.083116544918560215 0.016803436259494833 -0.0075766922926769568 0.01367885406269306
leaf_weight=626.32417351519689 123.68300631106831 729.59758184081875 2632.3116151371505 506.77781623182818 3795.6839488903061 431.17216758360155 120.02856337744743 134.91551210638136 8.8436737880110723 55.009967387421057 19.108185678254817 677.51195640699007 166.17392874299549 56.76415210030973 458.17025493877009 83.008758099749684 950.35641971183941 2262.8091095658019 3.4650844128336749 2.9239737559109917 3.1246262239292264 637.42701829969883 10.169940389692782 25.140831352677196 6.1236099228262892 8.028510080650447 9.7505469638854247 174.56404335796833 693.57640168978833 584.20274298638105
leaf_count=6482 7630 29612 36088 41718 36826 14660 3972 1540 112 1513 554 13293 3316 530 10964 1351 20643 32121 94 98 77 34589 170 605 100 95 65 1803 14378 6271
internal_value=-6.47073e-05 0.00141421 -0.00295922 -0.0159523 0.00324057 0.000784128 -0.00072192 -0.00713325 0.00190141 -0.00918103 0.0030055 0.00724709 0.0229465 0.00423514 0.0102209 0.00352424 0.000852178 0.000540034 -0.0060322 0.0390232 0.0994087 -0.00657248 -0.00855414 0.0221412 0.0521022 0.0250577 0.0272432 0.0245233 -0.0103007 0.00657282
internal_weight=15996.7 14635.1 4310.43 1361.67 10324.6 5944.76 3580.83 948.52 5513.59 854.896 4887.26 1648.94 264.15 1384.79 707.278 97.976 3238.32 3213.17 731.213 25.1568 6.0486 727.748 672.738 35.3108 14.9673 249.107 241.079 231.328 813.605 4379.89
internal_count=321270 234951 85590 86319 149361 106264 55978 19890 91604 44601 85122 31629 4879 26750 13457 1563 53493 52764 36971 729 175 36877 35364 775 212 2493 2398 2333 18350 43097
cat_boundaries=0 1 2
cat_threshold=10 8
is_linear=0
shrinkage=0.04


Tree=61
num_leaves=31
num_cat=3
split_feature=0 1 22 11 19 17 22 43 32 22 43 47 25 9 14 15 38 26 11 5 15 25 20 37 16 22 17 12 18 20
split_gain=218.452 98.7496 75.946 38.4987 36.4136 31.4534 45.4904 34.107 32.6017 31.7742 29.431 29.2858 25.6125 25.3032 25.1489 34.916 28.5714 28.0474 26.5496 25.0803 28.9893 25.7787 24.9999 24.2007 22.809 22.0979 21.4534 21.357 34.5771 34.5206
threshold=3.0049999952316289 2.2549999952316289 0.047027543187141425 0.041425690054893501 49.500000000000007 4.5000000000000009 0.11901463195681573 0 1.0936601161956789 0.015367629006505014 1 2 276.37500000000006 1.5000000000000002 94.33499908447267 3.5000000000000004 1.0541766881942751 1.5000000000000002 0.41498298943042761 31.500000000000004 3.5000000000000004 677.12500000000011 79.000000000000014 71.971431732177749 4.5000000000000009 0.081615630537271514 3.5000000000000004 2.5000000000000004 1.5000000000000002 179.00000000000003
decision_type=10 10 10 10 8 10 10 9 10 10 9 9 2 2 8 2 8 2 10 2 2 2 2 10 2 10 10 10 10 2
left_child=1 5 3 -3 10 7 9 -1 -8 -7 23 14 -10 22 17 18 -17 24 -16 20 -6 -21 -2 -4 27 -23 -27 28 29 -9
right_child=13 2 4 -5 19 6 8 11 12 -11 -12 -13 -14 -15 15 16 -18 -19 -20 21 -22 25 -24 -25 -26 26 -28 -29 -30 -31
leaf_value=-0.0085563510389613552 0.053621735155741528 -0.025579818512579684 0.008852639407405322 -0.0074327578453822069 -0.0034373709394598536 -0.024444150567819289 -0.018512532327789325 -0.0074632421859016822 0.034704128088748239 -0.0039471920274162606 -0.0038565735849233796 0.011524495282186093 -0.0037018956206431525 -0.0071675768678992179 -0.006047704037722138 0.025884286375809636 0.0030628355438752516 0.010027248212949843 0.017312731797331185 -0.010136148391006062 0.01210124763407062 -0.017241595577337846 -0.027132143533267754 0.034070616506559882 -0.029427846310468686 0.0072574500298493803 0.07816305382852945 0.0049223935361774373 0.007830748849292142 0.0086717433311614862
leaf_weight=351.93983536632732 5.2813649084419003 355.26687607192434 290.66378362197429 398.01259302161634 891.78090258291923 143.03672060836107 35.550684468820691 972.47200096654706 98.559417656622827 766.17298118583858 246.91704554622993 749.756845517084 38.036981537938118 143.35171636356972 1197.5050036213361 106.40034473035485 485.67102969391271 1180.0406791600399 82.216425094753504 955.388746811077 243.76605533296242 14.467267459258435 522.73400383954868 76.743672583252192 32.823713672347367 14.234745184890926 12.798528753221035 4707.293929555919 585.97271679481491 270.18139896518551
leaf_count=7134 172 23006 6270 12395 19861 5614 671 11890 815 14986 6656 6337 273 5300 23797 1951 6745 20060 688 28385 5616 378 43707 1371 199 256 198 53187 9357 3799
internal_value=0.000142633 0.00112322 -0.00477613 -0.0160193 -0.00168662 0.00287311 -0.00362456 0.00352906 0.0151661 -0.00719948 0.00688432 0.00394482 0.0240312 -0.0221722 0.00334122 -0.000814252 0.00720752 0.00434981 -0.00453143 -0.00415973 -9.04885e-05 -0.00878622 -0.026217 0.0138337 0.00332791 0.0217037 0.0425602 0.0034975 -0.000168999 -0.00394776
internal_weight=15975 15303.7 3500.04 753.279 2746.76 11803.6 1081.36 10722.3 172.147 909.21 614.325 10370.3 136.596 671.367 9620.58 1871.79 592.071 7748.78 1279.72 2132.44 1135.55 996.889 528.015 367.407 6568.74 41.5005 27.0333 6535.92 1828.63 1242.65
internal_count=321074 271895 104392 35401 68991 167503 22359 145144 1759 20600 14297 138010 1088 49179 131673 33181 8696 98492 24485 54694 25477 29217 43879 7641 78432 832 454 78233 25046 15689
cat_boundaries=0 1 2 3
cat_threshold=8 20 11
is_linear=0
shrinkage=0.04


Tree=62
num_leaves=31
num_cat=0
split_feature=0 4 22 5 11 22 15 25 21 25 20 14 2 25 5 19 16 19 21 5 22 15 14 37 30 21 22 24 35 37
split_gain=206.6 86.0887 63.5347 39.3648 39.2027 38.2824 34.2299 39.4532 71.5518 48.7947 40.2507 37.5653 34.4793 31.9349 31.827 29.9316 28.3273 25.7805 26.4863 24.9482 24.7759 24.5263 37.2525 24.2831 23.2343 22.8284 22.8079 63.6011 22.2782 22.2319
threshold=3.0049999952316289 2.3950001001358037 0.037652041763067252 32.500000000000007 0.37640480697155004 0.013452543411403896 3.5000000000000004 293.62500000000006 74.235458374023452 510.25000000000006 184.00000000000003 91.909999847412124 -2.9350000619888301 189.12500000000003 30.500000000000004 11.500000000000002 1.5000000000000002 55.000000000000007 84.929595947265639 19.500000000000004 0.10516104474663736 3.5000000000000004 88.345001220703139 77.776752471923842 0.089361149817705168 63.194150924682624 0.058820031583309181 0.082709267735481276 6.7500000000000009 69.715202331542983
decision_type=10 2 8 2 10 8 2 2 10 2 2 10 10 2 2 10 2 10 10 2 8 2 8 10 10 8 10 10 2 10
left_child=1 4 -3 21 5 24 11 13 9 10 14 25 -12 20 -9 -13 -2 18 -5 -11 23 22 -4 -8 -1 -7 27 -14 -21 -6
right_child=16 2 3 17 29 6 7 8 -10 19 12 15 26 -15 -16 -17 -18 -19 -20 28 -22 -23 -24 -25 -26 -27 -28 -29 -30 -31
leaf_value=-0.022754924792131721 -0.023625944362501771 -0.021372434614150435 0.0057782532067830183 0.0011924440109433432 0.005356556929910411 0.0068053429869606389 -0.0053923054301689734 0.028976083751974857 0.071516574081171375 0.04404541493997266 0.00056771060384146644 -0.015101696036605512 0.035517938967336141 -0.013331140016931555 -0.017056757486963933 -0.0019197816135192161 0.015862487440133431 -0.015343594560133813 0.11129141618810535 0.017519813395168438 0.010706049179631241 0.014131130061578956 -0.010782088059413993 0.049173980630749778 0.025754919518104744 0.0010521556313916383 0.030141738869653892 0.15491361868849646 -0.010377680966223357 0.016126608477171369
leaf_weight=148.03698033094406 628.47142371884547 375.23203404503874 498.79390576644801 137.44335376960225 1298.9255557376891 1339.9462304147892 324.18808569107205 37.17052436247468 32.525558989495039 17.374490465968847 51.517222095280886 326.68333419947885 31.950821999460459 178.13796922657639 63.876630959101021 1744.3074619888794 29.685316569171846 498.10427214461379 2.5907662045210591 57.914464077912271 519.75642346031964 197.75648194435053 383.4654661428649 12.588858063332735 16.760943858884275 6251.4789623729885 159.85296817915514 8.6354639735072833 204.34346274845302 402.20192522369325
leaf_count=4742 48235 22956 14453 5192 11639 11561 7769 240 360 127 458 9265 388 1803 613 29581 949 23376 44 448 9478 6043 14254 239 494 90134 1320 77 1774 3231
internal_value=0.000109565 0.00105309 -0.00648166 -0.00321675 0.00224618 0.00140889 0.00168751 0.0069205 0.0145142 0.011469 0.021335 0.000765878 0.0298597 0.00202558 0 -0.00400735 -0.0218174 -0.0110858 0.00403241 -0.00100311 0.00523589 0.00143499 -0.00141907 -0.00320121 -0.0176715 0.00206893 0.0373284 0.064132 -0.00415873 0.00791328
internal_weight=15979.7 15321.6 2093.39 1718.15 13228.2 11527 11362.2 1699.83 665.162 632.636 353.004 9662.42 251.956 1034.67 101.047 2070.99 658.157 638.138 140.034 279.632 856.533 1080.02 882.259 336.777 164.798 7591.43 200.439 40.5863 262.258 1701.13
internal_count=321243 272059 86318 63362 185741 170871 165635 25094 5805 5445 3096 140541 2243 19289 853 38846 49184 28612 5236 2349 17486 34750 28707 8008 5236 101695 1785 465 2222 14870
is_linear=0
shrinkage=0.04


Tree=63
num_leaves=31
num_cat=2
split_feature=4 1 22 30 21 19 21 21 5 19 4 25 9 2 0 16 19 22 22 20 5 8 30 25 25 25 11 25 46 43
split_gain=183.402 67.3007 52.2545 33.1416 32.3963 29.1663 47.7906 37.4157 32.4342 34.8117 25.9252 24.9802 24.346 23.5398 23.3878 22.5795 22.5479 28.0972 41.0437 27.16 26.6731 33.0431 35.923 40.92 24.8001 31.4325 23.9622 25.1068 24.5677 34.7264
threshold=2.7350000143051152 2.2549999952316289 0.037652041763067252 0.15995124727487567 78.926559448242202 49.500000000000007 68.308303833007827 83.633903503417983 31.500000000000004 190.50000000000003 3.0649999380111699 184.37500000000003 3.5000000000000004 0.91500002145767223 0.44499999284744268 4.5000000000000009 10.500000000000002 0.020898253656923774 0.019503099843859676 159.00000000000003 34.500000000000007 33.500000000000007 0.070254057645797743 276.37500000000006 690.87500000000011 496.62500000000006 0.33946646749973303 197.62500000000003 0 1
decision_type=2 10 10 10 10 8 10 8 2 10 2 2 2 10 8 2 8 8 10 2 2 2 8 2 2 2 10 2 1 9
left_child=1 4 12 10 15 6 -4 -8 9 -7 13 -11 -3 -2 -6 16 17 18 -1 -19 21 -18 23 -23 25 -22 27 28 -24 -30
right_child=3 2 5 -5 14 8 7 -9 -10 11 -12 -13 -14 -15 -16 -17 20 19 -20 -21 24 22 26 -25 -26 -27 -28 -29 29 -31
leaf_value=-0.024215480291892421 -0.015930982030513401 -0.022760660261109553 0.016078001138522011 0.027956183724502912 0.02878881526435112 -0.0025256796912574036 -0.0080791606824968804 0.087517115075612856 -0.0093375969994361034 -0.00027173106299597979 -0.028909838191989171 0.030376078861987992 -0.0042083025757407326 0.023681616018171297 -0.012703817966145652 -0.022785127977444457 0.0017604445607275561 0.0045514491453431775 0.10233174356533081 -0.0074085761885107418 0.0013533629317585105 0.0081368334272341001 0.011443339827961981 0.027875456909773284 0.02180581257998233 -0.010290677328181631 0.011513028019661468 -0.0038257380279804864 -0.0028360024292438495 0.011545816109492983
leaf_weight=6.4570473106577984 520.87262313603424 317.05345434718765 328.08635828807019 23.463175122626126 22.349543964955956 947.45462122303434 294.63960120640695 5.6978132221847764 1036.4843574131373 75.080251859501004 295.44088605628349 96.394092068076134 177.4277567609679 24.220083185704425 315.6701708137989 54.450043693184853 3336.1707884776406 491.34166717808694 8.7485214713960868 791.60726250428706 2270.8335833675228 478.1732057153713 725.12337355315685 259.93656061775982 80.81310011819005 442.26724700443447 768.97338752634823 582.70454340521246 781.1577768898569 396.27210838347673
leaf_count=164 37999 17734 5318 1319 312 19478 8784 101 29363 2713 25831 1180 5424 1008 9522 332 43149 6347 116 15242 38378 6885 8779 2400 657 5111 6532 4575 9454 6953
internal_value=-0.000120862 0.000905513 -0.00416386 -0.0180334 0.00231292 -0.00203122 0.0055427 -0.00596788 -0.00424284 0.00047707 -0.0193537 0.0170099 -0.0161338 -0.0141234 -0.00987174 0.00267302 0.00279673 -0.00216311 0.0501684 -0.00282505 0.00343335 0.00470102 0.00715624 0.0151218 0.000106299 -0.000546371 0.00534421 0.00343002 0.00565522 0.0020805
internal_weight=15955.4 15091.4 3278.32 863.997 11813 2783.84 628.424 300.337 2155.41 1118.93 840.534 171.474 494.481 545.093 338.02 11475 11420.6 1298.15 15.2056 1282.95 10122.4 7328.51 3992.34 738.11 2793.91 2713.1 3254.23 2485.26 1902.55 1177.43
internal_count=321160 255003 90095 66157 164908 66937 14203 8885 52734 23371 64838 3893 23158 39007 9834 155074 154742 21869 280 21589 132873 88727 45578 9285 44146 43489 36293 29761 25186 16407
cat_boundaries=0 1 2
cat_threshold=8 16
is_linear=0
shrinkage=0.04


Tree=64
num_leaves=31
num_cat=1
split_feature=4 22 0 22 46 21 21 10 19 4 17 20 37 37 1 21 19 6 22 4 28 0 24 32 21 26 14 40 39 1
split_gain=174.48 68.3786 48.3726 37.4433 37.309 36.8281 35.9405 31.7493 30.4712 29.3462 26.4532 26.1861 25.9958 25.4322 24.9613 24.1883 23.5006 22.9766 21.201 20.9085 20.5527 20.3803 20.26 26.9509 23.5649 19.3891 27.7341 29.9059 31.8952 19.2782
threshold=2.7549999952316289 0.013452543411403896 2.2749999761581425 0.070718556642532363 0 84.929595947265639 60.947811126708991 40.250000000000007 5.0000000000000009 1.9249999523162844 2.5000000000000004 175.00000000000003 77.095466613769545 71.059780120849624 2.495000004768372 66.469604492187514 64.000000000000014 101.25000000000001 0.12127390503883363 1.075000047683716 5.5000000000000009 3.1049998998641972 0.0095770866610109823 1.0662494897842409 68.252796173095717 1.5000000000000002 93.08499908447267 0.180064931511879 1.345516085624695 0.81499999761581432
decision_type=2 8 10 8 1 10 8 2 8 2 10 2 8 10 8 10 10 2 10 2 2 8 10 10 10 2 10 10 10 10
left_child=1 -1 4 12 8 10 16 25 -3 -9 19 21 14 18 15 -4 -2 29 22 -5 -17 -8 24 -24 -10 -6 27 -27 -29 -15
right_child=6 2 3 5 7 -7 11 9 13 -11 -12 -13 -14 17 -16 20 -18 -19 -20 -21 -22 -23 23 -25 -26 26 -28 28 -30 -31
leaf_value=-0.020354921299193165 0.062079891053636871 -0.026433985013349589 0.036141475543631743 -0.0093400269635446464 -0.0016494133230747529 0.10959560161082822 0.0012968132215583814 0.016115160672414103 0.0047791366526497821 0.002502511656512866 -0.0046492122526279288 -0.024561857674783631 0.016070956245662894 0.0072885743313634566 -0.017559101707724071 0.004362722039263702 -0.009816715684494751 0.0014276474506447773 0.0075678894907452591 0.0060257538422850898 -0.010984684243860733 -0.023489175787274229 0.020824490084152207 0.0012052844087084766 -0.023106201749559369 0.0015920194594312043 -0.006523995896359526 0.068945538430706166 0.013513885158382779 0.020148519605230772
leaf_weight=234.6330727795139 13.379969957750292 46.39071528473869 20.860453702975065 162.32211927766912 4537.0739921312779 3.9156939126551142 137.79978622472845 368.09503008984029 85.263411845080554 812.78790738619864 1055.2845587176271 543.4142678338103 64.098897938616574 323.23284676671028 425.964210372651 194.54572460893542 14.083577753743155 281.71873178193346 1540.7248009350151 1064.8178299737629 486.58940759743564 84.951041222084314 120.01943509792909 1520.4502327693626 109.94119716482237 569.96433342806995 302.91209303960204 16.558556422591209 355.91406271327287 449.55754098249599
leaf_count=9050 396 675 586 5643 58305 44 7887 3127 2907 8753 29978 47075 2355 3218 24481 6555 849 4137 15153 20078 14867 6776 1932 18083 4402 10665 5918 139 2240 4941
internal_value=6.55052e-05 0.00102377 0.0013616 -0.002768 0.00261765 0.000227675 -0.0182049 0.000785078 0.00546604 0.00675916 -6.11723e-06 -0.0198272 -0.00851236 0.00580682 -0.0099259 -0.00527007 0.0260205 0.0112295 0.00410919 0.00398401 -0.00659533 -0.00820074 0.00120151 0.00265491 -0.0109435 -0.000435212 0.00398295 0.0073676 0.0161669 0.0147912
internal_weight=15947.3 15153.6 14919 3478.4 11440.6 2286.34 793.629 6963.31 4477.3 1180.88 2282.42 766.165 1192.06 4430.91 1127.96 701.996 27.4635 1054.51 3376.4 1227.14 681.135 222.751 1835.67 1640.47 195.205 5782.42 1245.35 942.437 372.473 772.79
internal_count=321215 258232 249182 104587 144595 55743 62983 89147 55448 11880 55699 61738 48844 54773 46489 22008 1245 12296 42477 25721 21422 14663 27324 20015 7309 77267 18962 13044 2379 8159
cat_boundaries=0 1
cat_threshold=8
is_linear=0
shrinkage=0.04


Tree=65
num_leaves=31
num_cat=1
split_feature=0 22 22 11 1 25 20 21 19 25 21 0 25 25 15 24 25 47 25 25 24 19 21 25 15 0 17 17 19 29
split_gain=174.131 60.1061 46.4218 46.7548 41.9312 33.9381 42.0479 35.2839 33.7594 59.6659 65.7239 46.2642 36.8042 60.3646 67.2918 46.0235 35.067 32.8462 32.7915 32.4059 32.3411 36.0034 33.1296 31.8836 41.6841 30.6492 37.8983 30.6303 30.9398 30.3663
threshold=2.9050000905990605 0.017273891717195514 0.12391588091850282 0.032301537692546851 2.8249999284744267 84.125000000000014 175.00000000000003 67.95862197875978 145.50000000000003 217.37500000000003 63.022916793823249 1.0049999952316286 510.25000000000006 298.37500000000006 3.5000000000000004 0.11491150408983232 635.37500000000011 0 78.375000000000014 690.87500000000011 0.099169462919235243 59.500000000000007 68.89096832275392 97.625000000000014 2.5000000000000004 2.4650000333786015 2.5000000000000004 3.5000000000000004 190.50000000000003 16.750000000000004
decision_type=10 8 10 8 10 2 2 10 8 2 10 10 2 2 2 10 2 9 2 2 10 10 8 2 2 10 10 8 10 2
left_child=1 23 3 27 -2 6 20 18 9 10 -7 29 13 -10 -15 25 -13 -4 -8 -14 21 22 -5 24 -1 26 -16 28 -3 -11
right_child=4 2 17 5 -6 8 7 -9 12 11 -12 16 19 14 15 -17 -18 -19 -20 -21 -22 -23 -24 -25 -26 -27 -28 -29 -30 -31
leaf_value=-0.022656408636149841 -0.010026685871524178 -0.0060371027965791871 0.006262589933800038 0.014014270063019325 -0.027669889456733397 0.089298096004206004 0.0016693651025725697 -0.013411052097429182 0.0036362399998786372 0.015738551808943329 0.0053224863360720022 -0.01519626009314857 -0.009921311329205762 0.0096947456881238247 0.010941029253440046 0.0082466357565677516 0.0082019470995144412 -0.00050896741412988591 -0.039673791764347238 0.018939152550655289 -0.0060430686894745178 0.012816863841019909 -0.003941746328000633 -0.016938412834881671 0.10400178475962521 0.10155235652099925 0.057356337309643846 -0.016813075404238393 0.017468394542922764 -0.00530003568367848
leaf_weight=7.7492638947442156 528.00515383761376 804.86860635410994 3778.9363866704516 208.38672288088128 366.7223179677967 14.120240882039068 580.18395035341382 762.21128764376044 980.12320008198731 200.88977199234068 1155.6560812706593 696.9210308031179 307.08100736234337 374.71331000328064 41.738978747278452 60.04508161265403 119.23311898205429 1647.171017691493 31.404494603164494 76.982570005580783 670.69348000991158 536.28858182393014 764.26391612156294 374.87318085739389 7.2118835784494877 16.048954169265926 90.722399929538369 391.90788254374638 99.76997714699246 239.39264655299485
leaf_count=337 30628 30902 43033 3597 34053 112 18485 24358 13483 1743 14471 8279 3491 4334 358 520 1160 13604 462 735 6796 9228 14063 13868 220 302 710 20850 4253 2701
internal_value=-0.00015159 0.000868541 0.00128172 -0.000444963 -0.0172854 0.000706624 -0.00219604 -0.00767448 0.0030658 -8.14868e-05 0.00641497 -0.00613334 0.00698689 0.00971195 0.019891 0.0380579 -0.0117672 0.00421714 -0.000508336 -0.00409191 0.00125706 0.00450633 -8.0187e-05 -0.014612 0.0408381 0.0499486 0.0429523 -0.00748398 -0.00342391 0.00430419
internal_weight=15934.3 15039.6 14649.8 9223.65 894.727 7927.1 3553.43 1373.8 4373.67 2426.21 1169.78 1256.44 1947.46 1563.39 583.269 208.555 816.154 5426.11 611.588 384.064 2179.63 1508.94 972.651 389.834 14.9611 148.51 132.461 1296.55 904.639 440.282
internal_count=321136 256455 242030 185393 64681 129388 76989 43305 52399 28466 14583 13883 23933 19707 6224 1890 9439 56637 18947 4226 33684 26888 17660 14425 557 1370 1068 56005 35155 4444
cat_boundaries=0 1
cat_threshold=69
is_linear=0
shrinkage=0.04


Tree=66
num_leaves=31
num_cat=3
split_feature=0 1 22 1 21 17 23 11 1 5 0 21 21 21 25 17 9 31 0 29 44 47 20 24 21 22 36 7 9 47
split_gain=155.617 73.3373 58.2905 33.9071 40.1571 29.5336 36.8338 29.4072 23.8305 23.2618 34.6648 25.8115 26.9542 30.91 26.5399 23.7919 21.8639 27.2949 20.327 20.0577 19.8632 19.7304 18.5629 17.6188 27.784 20.1554 20.6028 17.4984 19.2896 19.7339
threshold=3.0049999952316289 2.3249999284744267 0.037285478785634048 1.0850000381469729 78.408687591552749 4.5000000000000009 1.0326827168464663 0.1368290111422539 2.8349999189376835 31.500000000000004 2.1350001096725468 68.252796173095717 67.32593154907228 67.430934906005874 170.12500000000003 2.5000000000000004 2.5000000000000004 74.214336395263686 0.86500000953674328 17.250000000000004 0 1 159.00000000000003 0.032635716721415527 73.303638458251967 0.023618221282958988 0.050524596124887473 94.500000000000014 12.500000000000002 2
decision_type=10 10 10 8 10 10 10 10 10 2 10 10 10 10 2 10 2 10 10 2 9 9 2 10 10 10 8 2 2 9
left_child=1 3 7 18 5 16 -7 -3 -2 11 -11 12 14 -14 -4 -12 20 -18 -1 -9 -5 22 -22 -8 25 26 -25 28 29 -20
right_child=8 2 9 4 -6 6 23 19 -10 10 15 -13 13 -15 -16 -17 17 -19 27 -21 21 -23 -24 24 -26 -27 -28 -29 -30 -31
leaf_value=0.014118548045971067 -0.012492624988043006 -0.02292549109805234 0.0082875722579214984 0.0094536501678492754 -0.012155982219479949 -0.022430458952669236 0.040632309911704891 0.020546162825007999 -0.028358902568327987 0.0019100659722383216 0.0038063979465050007 -0.0042364290705738288 0.070240423584639111 0.014602944825915157 -0.010894878060349502 -0.015723126857253175 0.0034700655070816501 0.019830215659084369 -0.0059990948545644218 -0.015916061994873106 0.0058963525935914977 0.00015573352186051671 -0.016102651036977861 0.0049108675726591902 -0.028739050646790533 -0.0013535568187226627 0.083538256258752691 -0.012572076164962529 0.013577419100345914 0.0062603405799777755
leaf_weight=467.2899500252679 330.50104994606227 374.16463167686015 389.32992924214341 322.87798336753622 353.10588776227087 165.17819950077683 14.537744405679403 46.436613553669304 285.43094588699751 442.64065254852176 119.70591786480509 766.22022190014832 17.999982592649758 109.16039320733398 162.76440217252821 580.25311152730137 4736.5626801266335 168.17968564713374 284.80122776050121 48.111425911542028 81.965934212319553 3524.4565241374075 235.54000391205773 13.417435423005374 57.759352575056255 608.76165514718741 8.1347754588350636 88.830508510582149 360.61039335280657 725.13076514657587
leaf_count=3241 21559 23199 8012 3388 11507 7771 467 1040 27631 7430 4052 21494 245 2477 2509 24960 53435 1755 2099 1173 969 64948 2686 301 1251 8978 146 795 3434 8029
internal_value=-0.000189909 0.000605329 -0.00493444 0.00199203 0.00107944 0.00155131 -0.00549299 -0.0179 -0.0198858 -0.00257877 -0.0068418 0.000790648 0.00646512 0.0229964 0.00261564 -0.0123768 0.00222629 0.00403579 0.00686108 0.00197785 9.39138e-05 -0.000716627 -0.0100933 -0.00147922 -0.00243244 1.35563e-05 0.037154 0.00452643 0.00564593 0.00279929
internal_weight=15889.9 15273.9 3056.79 12217.1 10290.5 9937.37 867.789 468.713 615.932 2588.07 1142.6 1445.47 679.255 127.16 552.094 699.959 9069.58 4904.74 1926.66 94.548 4164.84 3841.96 317.506 702.611 688.073 630.314 21.5522 1459.37 1370.54 1009.93
internal_count=320981 271791 96591 175200 157602 146095 18914 25412 49190 71179 36442 34737 13243 2722 10521 29012 127181 55190 17598 2213 71991 68603 3655 11143 10676 9425 447 14357 13562 10128
cat_boundaries=0 1 2 3
cat_threshold=48 74 10
is_linear=0
shrinkage=0.04


Tree=67
num_leaves=31
num_cat=3
split_feature=4 22 22 1 22 0 21 25 25 0 30 4 42 42 1 23 23 21 25 22 21 5 46 22 21 24 25 25 39 23
split_gain=150.237 51.2027 39.3437 40.2619 39.0811 36.9178 35.3827 34.8916 32.1274 31.843 29.5808 28.2308 26.8617 26.2827 23.9023 22.6988 35.5084 47.9486 61.6518 52.45 49.8001 31.7469 41.0575 30.1623 31.1294 28.8543 27.236 36.0116 25.2588 26.235
threshold=2.6650000810623173 0.013452543411403896 0.12391588091850282 1.9550000429153445 0.050325168296694762 2.2250000238418584 80.860542297363295 765.12500000000011 29.375000000000004 3.1350001096725468 0.060371769592165954 1.735000014305115 0 1 2.054999947547913 1.1748403906822207 1.2481924295425417 62.081874847412116 113.87500000000001 0.18932993710041049 60.34489822387696 2.5000000000000004 2 0.16155823320150378 65.71753311157228 0.18260557204484942 345.75000000000006 186.62500000000003 3.6348249912261967 1.2526267170906069
decision_type=2 8 10 8 8 10 10 2 2 10 10 2 9 9 8 10 10 10 2 10 10 2 1 10 10 10 2 2 8 10
left_child=1 -1 3 10 -2 -5 9 8 -4 14 -3 12 -7 -9 -6 26 17 18 -17 20 -20 -21 -23 -18 28 -24 27 -10 29 -25
right_child=4 2 7 5 6 11 -8 13 15 -11 -12 -13 -14 -15 -16 16 23 -19 19 21 -22 22 25 24 -26 -27 -28 -29 -30 -31
leaf_value=-0.0184133613141809 -0.026013051428485257 0.01003958959145399 0.010869243798095743 -0.00012091984660743676 0.027154567448040283 0.073581432603321478 0.090448099767538717 0.0054328040422119495 0.00027144234958328782 -0.025255263334356376 0.0011406699819038991 -0.0046641429834928267 -0.018668419889884959 0.090972657109423913 -0.0074631449238323723 0.0048126161356557657 -0.011996886304778208 0.0055897017279096422 -0.029523195620638931 0.020291803565552574 0.05077352182748629 0.10688799579806522 0.0094986245269298806 -0.027228333402120341 0.038059355129102246 0.091593322864884266 0.016991496266935028 -0.015261015162417995 -0.022133651741889481 0.0041615046471896282
leaf_weight=213.04694098606706 336.38815106730908 750.72997457813472 860.89156177756377 3720.3419337933883 33.179801266873255 4.145697858184576 4.6417177617549887 10.785223577171564 1129.1194183379412 167.20682119787671 2924.9103276655078 1526.0418622682337 340.540302391164 11.918042038567364 477.36206567613408 125.84283671807498 250.22915245685726 961.41121020168066 24.31031378544867 22.461270108819008 23.159782551229 33.624520217999816 19.118633715901527 42.970517598092556 38.423405908048153 10.033503443002699 116.87550821830519 301.72050293628126 65.076746246311814 1351.3024643794633
leaf_count=8229 29950 10560 12382 66452 868 109 98 88 14661 16323 34023 54038 16028 83 29918 1764 2001 8514 207 102 208 233 182 343 273 60 938 2534 385 9684
internal_value=-9.50425e-06 0.00100814 0.00129178 -0.000289301 -0.0148623 -0.00242732 -0.00932962 0.00400566 0.00379064 -0.0101511 0.00296155 -0.00700942 -0.0173377 0.0524491 -0.00515686 0.00243814 0.00448591 0.00972036 0.0249839 0.0439027 0.00980885 0.0625098 0.0769975 0.000826935 0.00297862 0.039987 -0.00148651 -0.00300946 0.00202681 0.0031724
internal_weight=15897.8 14879 14666 9266.71 1018.78 5591.07 682.39 5399.27 5376.57 677.749 3675.64 1870.73 344.686 22.7033 510.542 4515.68 2967.96 1219.96 258.551 132.708 47.4701 85.2379 62.7767 1748 1497.77 29.1521 1547.72 1430.84 1459.35 1394.27
internal_count=321238 244081 235852 181210 77157 136627 47207 54642 54471 47109 44583 70175 16137 171 30786 42089 23956 11270 2756 992 415 577 475 12686 10685 242 18133 17195 10412 10027
cat_boundaries=0 1 2 3
cat_threshold=8 16 4
is_linear=0
shrinkage=0.04


Tree=68
num_leaves=31
num_cat=4
split_feature=0 1 46 21 6 25 17 23 22 24 22 47 31 12 1 11 11 32 25 14 19 26 0 25 25 25 17 44 46 20
split_gain=144.275 71.1569 37.3024 36.0713 41.0282 44.0405 36.3569 50.2567 34.2449 32.9097 31.9812 28.1695 22.4465 38.2356 21.71 21.1731 21.144 21.0184 25.3513 20.8668 43.958 24.1535 22.7127 22.2073 21.3277 25.679 21.9734 20.1221 19.1864 24.032
threshold=3.0649999380111699 2.5249999761581425 0 78.926559448242202 179.25000000000003 391.50000000000006 4.5000000000000009 1.0326827168464663 0.11901463195681573 0.030085007660090927 0.038171408697962768 1 74.050430297851577 2.5000000000000004 2.8449999094009404 0.058887748047709472 0.45538558065891271 1.0936601161956789 276.37500000000006 88.184997558593764 11.500000000000002 1.5000000000000002 2.6650000810623173 1.8750000000000002 510.25000000000006 677.12500000000011 3.5000000000000004 2 3 177.50000000000003
decision_type=10 10 1 10 2 2 10 10 10 10 10 9 10 10 10 10 10 10 2 8 10 2 8 2 2 2 10 9 1 2
left_child=1 3 -3 6 16 -6 11 -8 9 -9 15 12 19 -14 -2 -4 -5 -10 -19 21 -21 23 24 -1 -22 26 -26 -15 -25 -30
right_child=14 2 10 4 5 -7 7 8 17 -11 -12 -13 13 27 -16 -17 -18 18 -20 20 22 -23 -24 28 25 -27 -28 -29 29 -31
leaf_value=0.019905166349449634 -0.012962162926017018 -0.014888504412648287 -0.026665436261954185 -0.016100787469322538 -0.019394941344730104 0.082516263057828776 -0.022151914538952929 0.07035973573686663 -0.016585143379876634 -0.0052178304772611877 0.00015521675513330258 0.0096508356322944529 -0.0012637445017225869 0.02153413868097093 -0.029439864049283768 -0.0012069100818776122 0.024961686269509134 0.030348798608252125 -0.005334581654073375 -0.015231857156821472 0.0044437761990096048 0.0086511140177456917 -0.0049080616936838612 0.0042736037359576498 -0.0033514771622468482 0.011967628082099103 -0.026948137509705729 -0.014292623411451122 -0.0033249323661873882 0.0035178165211033198
leaf_weight=108.11014021467417 277.84421640215442 595.41681033698842 131.87004499509931 344.72253516782075 11.594035027548673 14.20074393134564 212.90838507888839 8.3237153403460962 28.170897968579084 794.28593157953583 1048.4776580156758 862.44283472956158 271.43474527890794 295.92278076452203 242.95383921498433 86.884215482044965 20.352661940269172 113.11885223258287 43.57373807951808 307.17104419320822 1877.3053250061348 1028.7441409938037 860.69545458373614 2585.4341823572759 165.0050461133942 91.692048079334199 102.09213515836746 22.975845662876964 1867.6921155087184 1463.8228667487856
leaf_count=1906 18605 23516 10590 12128 397 212 10551 220 436 14665 35489 7491 4812 4223 24787 2791 247 988 350 8244 28620 16283 19116 31479 1634 860 1417 295 20509 18365
internal_value=-1.33134e-05 0.000688877 -0.0066375 0.0017003 -0.0102569 0.0375464 0.00205784 -0.00457336 -0.000760636 -0.00434247 -0.00274887 0.00272681 0.00217442 0.00976002 -0.0206984 -0.0166236 -0.0137387 0.0147086 0.0204295 0.00174702 -0.000824004 0.00298823 0.000608277 0.00201939 0.0027346 -0.00618473 -0.0124526 0.0191302 0.00168861 -0.000316967
internal_weight=15885.2 15364.4 1862.65 13501.8 390.87 25.7948 13110.9 1200.38 987.473 802.61 1267.23 11910.5 11048.1 590.333 520.798 218.754 365.075 184.863 156.693 10457.8 3403.96 7053.8 3096.79 6025.06 2236.09 358.789 267.097 318.899 5916.95 3331.51
internal_count=321226 277834 72386 205448 12984 609 192464 27210 16659 14885 48870 165254 157763 9330 43392 13381 12375 1774 1338 148433 59891 88542 51647 72259 32531 3911 3051 4518 70353 38874
cat_boundaries=0 1 2 3 4
cat_threshold=4 11 12 8
is_linear=0
shrinkage=0.04


Tree=69
num_leaves=31
num_cat=4
split_feature=0 4 22 1 22 5 21 20 37 43 23 43 24 22 21 23 46 8 25 25 23 43 14 20 20 15 10 25 24 5
split_gain=144.167 63.7878 53.9069 36.1255 29.56 28.165 26.0179 22.8538 23.9373 40.6888 26.5394 26.0758 28.1565 44.6387 28.2327 25.2319 24.8343 29.5357 25.5312 22.7262 22.1193 20.9079 22.6263 20.8031 20.7961 19.8612 19.2046 18.9761 18.9077 25.5649
threshold=3.1049998998641972 2.4150000810623173 0.037652041763067252 1.3049999475479128 0.013452543411403896 32.500000000000007 84.929595947265639 79.000000000000014 71.889274597167983 0 1.0362150073051455 1 0.3201736062765122 0.18932993710041049 61.583427429199226 1.4904463291168215 2 184.25000000000003 78.375000000000014 105.12500000000001 1.2481924295425417 3 73.90000152587892 177.50000000000003 79.000000000000014 1.0000000180025095e-35 56.250000000000007 635.37500000000011 0.26936763525009161 41.500000000000007
decision_type=10 2 8 8 8 2 10 2 8 9 10 9 10 10 10 10 1 2 2 2 10 9 10 2 2 2 2 2 10 2
left_child=1 3 23 -1 -5 -4 21 20 10 -10 25 12 13 14 -12 27 28 -18 -19 -20 -6 -7 -23 -3 -2 -9 -16 -15 -13 -30
right_child=24 2 5 4 7 6 -8 8 9 -11 11 16 -14 15 26 -17 17 18 19 -21 -22 22 -24 -25 -26 -27 -28 -29 29 -31
leaf_value=0.0058456018782802365 0.053167438935011815 0.0020739048793948739 0.00088110442118788563 -0.017756958871264692 0.01309680806325424 -0.01771282642980325 0.071335842956548531 0.068185460944028109 -0.017383044720554981 0.0048026233165279868 -0.028407939715463328 0.0051092678480542291 -0.027419743586518015 0.011111636867646059 -0.0049522881572840677 0.059236728968911398 -0.0016910490160793915 -0.01106185180474705 0.057607019126957142 0.014889487298219855 -0.0034669824635676682 0.019893678622342297 -0.0083818431409735696 -0.024716130506547192 -0.023204922502219262 -0.0091594071648326576 0.004988376983049516 -0.030953599359673744 0.014169335096074313 0.073140287616626387
leaf_weight=2572.8623454477638 4.8337520509958258 54.662942932220176 1039.4473552398849 137.91413715668023 439.68279553949833 312.95325938006863 5.2164011849090448 4.357005995232611 129.22720843763091 2486.2338483587373 73.751419000327587 1359.9723902142141 72.451121252961457 304.4250271092169 2030.1189394285902 15.759458057582377 2318.1793532604352 51.989308280404657 22.292566585820168 153.90659017767757 181.3955858387053 56.757101766997948 208.2684249819722 290.22773397807032 448.31622227118351 642.88537701498717 365.94304369948804 17.184070130810142 66.181634038686752 13.605699600651858
leaf_count=22956 141 2474 36784 5034 3037 15320 113 145 3293 44882 883 16677 652 3478 32444 120 28849 809 239 1485 904 1828 12172 22013 38892 21768 3279 146 362 96
internal_value=-5.36573e-05 0.000599915 -0.00612515 0.00158362 0.000575636 -0.00306409 -0.0100921 0.000812841 0.000355331 0.00365062 -0.00079164 -6.0589e-05 -0.0029551 -0.00232324 -0.00418962 0.0113004 0.00203197 -0.00033592 0.0133608 0.0206112 0.00825487 -0.0109558 -0.00217753 -0.0204648 -0.0222662 -0.0085282 -0.00343097 0.00876265 0.00623404 0.0250557
internal_weight=15881 15427.9 1967.53 13460.3 10887.5 1622.64 583.195 10749.5 10128.5 2615.46 7513 6865.76 2879.63 2807.18 2469.81 337.369 3986.13 2546.37 228.188 176.199 621.078 577.979 265.026 344.891 453.15 647.242 2396.06 321.609 1439.76 79.7873
internal_count=321275 282242 90704 191538 168582 66217 29433 163548 159607 48175 111432 89519 41002 40350 36606 3744 48517 31382 2533 1724 3941 29320 14000 24487 39033 21913 35723 3624 17135 458
cat_boundaries=0 1 2 3 4
cat_threshold=40 76 8 96
is_linear=0
shrinkage=0.04


Tree=70
num_leaves=31
num_cat=3
split_feature=4 22 5 9 7 21 22 25 46 19 37 24 30 43 8 25 30 40 20 43 22 38 24 31 4 25 25 1 24 23
split_gain=127.553 44.9919 36.384 49.4544 35.5506 36.7106 32.8065 27.1852 25.857 44.4966 31.7222 25.8086 24.5716 24.1948 23.0466 21.4743 30.2228 30.6494 23.526 21.3365 34.5715 32.7237 30.1946 23.923 23.7152 22.0763 33.3211 21.2894 19.9593 19.4013
threshold=2.7350000143051152 0.013452543411403896 34.500000000000007 2.5000000000000004 43.500000000000007 62.269115447998054 0.066482517868280425 690.87500000000011 0 5.0000000000000009 68.312229156494155 0.035837547853589065 0.091421913355588927 1 206.25000000000003 298.37500000000006 0.067567676305770888 0.14388050138950351 110.00000000000001 2 0.051998689770698554 1.0286182165145876 0.030085007660090927 76.350193023681655 2.3149999380111699 431.12500000000006 345.75000000000006 2.1250000000000004 0.3201736062765122 1.1321590542793276
decision_type=2 8 2 2 2 8 10 2 1 8 10 10 10 9 2 2 10 10 2 9 10 10 10 10 2 2 2 8 10 10
left_child=1 12 4 -4 5 -3 -2 19 9 -7 11 -11 -1 -12 27 18 17 29 -10 20 -5 -22 -23 24 28 26 -24 -8 -21 -17
right_child=6 2 3 7 -6 8 14 -9 15 10 13 -13 -14 -15 -16 16 -18 -19 -20 23 21 22 25 -25 -26 -27 -28 -29 -30 -31
leaf_value=-0.021753200393653995 -0.02460022906200738 0.0075944865410739974 -0.011732433092750214 -0.0054734209870346577 0.0091056788132507574 -0.03233286308060903 0.02771471331797486 0.019350662549219605 0.0096832414750923409 -0.012256564181418109 0.0086771813116417636 0.0019229709569317571 0.025183647248380882 -0.0051034831236658976 0.066276173084575188 0.00080873949422953896 0.00064067062780781374 0.072735037633058483 -0.0033116828871168312 -0.0018459988855987269 -0.017474686351533902 0.080437249053267157 0.0087676436524085129 0.029818932184216013 -0.01692947910117442 -0.0077616872960517723 0.03809540414882634 -0.011507169959174906 -0.029031658967151146 0.029187966352420904
leaf_weight=193.45509829744697 363.12503881333396 1350.4246977251023 707.75137768127024 496.9083781321533 1094.9583327299915 54.124590394319966 22.479124059900641 109.5613467078656 235.59749600919895 263.39944307086989 1705.6691177410539 918.26036621257663 18.739482149481773 227.00345332850702 5.5583525290712705 83.809406319633126 673.81958286836743 14.798682962544261 3826.2160457873251 1821.9878633345943 75.303447472630069 8.6240054103545827 658.12453981977887 33.191529876552522 201.06183877866715 107.82353304699063 67.738179497420788 390.38696891139261 43.296304503455758 70.932269887067378
leaf_count=8202 37270 10984 32279 13484 11489 1102 645 877 2679 7659 27027 10840 637 5380 220 1601 7188 246 68600 24460 2622 105 8222 756 5775 971 579 28019 359 809
internal_value=-6.42454e-05 0.00075347 0.00101559 -0.00206908 0.0022862 0.00149256 -0.0158098 -0.000177847 0.000470616 0.00328698 0.00391749 -0.00124205 -0.0174906 0.00707317 -0.00813109 -0.00134808 0.00445497 0.0194984 -0.00255476 -0.000793177 0.00299147 0.00761329 0.00987899 -0.00334345 -0.00390841 0.00904882 0.0115587 -0.0093002 -0.00249438 0.0139471
internal_weight=15844.1 15062.6 14850.4 4331.37 10519 9424.06 781.549 3623.62 8073.63 3168.46 3114.33 1181.66 212.195 1932.67 418.424 4905.17 843.36 169.54 4061.81 3514.06 1414.52 917.614 842.31 2099.54 2066.35 833.686 725.863 412.866 1865.28 154.742
internal_count=321086 254932 246093 90489 155604 144115 66154 58210 133131 52008 50906 18499 8839 32407 28884 81123 9844 2656 71279 57333 25983 12499 9877 31350 30594 9772 8801 28664 24819 2410
cat_boundaries=0 1 2 3
cat_threshold=8 112 148
is_linear=0
shrinkage=0.04


Tree=71
num_leaves=31
num_cat=3
split_feature=4 0 22 1 28 2 46 5 19 42 20 14 38 2 38 0 43 15 21 25 25 22 14 32 25 15 1 22 11 25
split_gain=126.546 43.2896 44.9172 34.9016 30.1127 32.5827 27.0551 26.839 22.6048 27.863 21.7248 20.7185 29.8357 26.1727 22.3515 25.5938 19.3551 33.4504 37.4457 45.2249 37.3052 33.0256 35.1342 27.8899 26.9223 25.448 24.7588 21.2412 18.4156 19.5599
threshold=2.7549999952316289 1.7749999761581423 0.012240967713296415 2.3750000000000004 6.5000000000000009 0.84499999880790722 0 20.500000000000004 55.000000000000007 1 159.00000000000003 86.399997711181655 1.0432837009429934 2.9250000715255742 1.0300515294075014 3.2549999952316289 2 3.5000000000000004 69.779163360595717 302.12500000000006 398.50000000000006 0.193641372025013 70.759998321533217 1.0487930178642275 765.12500000000011 4.7500000000000009 1.9950000047683718 0.053768806159496314 0.088281687349081053 45.125000000000007
decision_type=2 8 8 10 2 8 1 2 10 9 2 8 8 8 10 10 9 2 8 2 2 10 10 10 2 2 8 10 10 2
left_child=1 6 -3 16 5 -2 -1 -5 9 -9 -11 13 14 28 -13 -16 17 21 24 23 26 22 -4 25 -19 -20 -21 -18 29 -7
right_child=4 2 3 7 -6 11 -8 8 -10 10 -12 12 -14 -15 15 -17 27 18 19 20 -22 -23 -24 -25 -26 -27 -28 -29 -30 -31
leaf_value=0.0066328440465922437 -0.016455225370194258 -0.025054306771501333 0.004375910735863563 0.0022969051790002614 -0.027604414603695615 0.024340381976776342 0.0010702287230396545 0.069588954760673796 -0.010923594421833507 0.016267667365045275 -0.0076314760033432136 -0.0051262390414903028 -0.013898748702378819 0.011969885617930385 0.14778727158527658 -0.023123439208055721 -0.0033689701559185543 -0.0021513265466267723 0.040045237218774961 0.11833936340604144 0.020228532315771954 0.010253476480423612 -0.0087046654938993679 -0.0078868568169371007 0.060851568471575364 -0.012130832861346183 0.041193388352387478 0.0036702829487839689 0.017962926168886308 0.19256622175669069
leaf_weight=2559.1285003097728 349.60663467994891 119.92527823895216 415.61778362700716 534.33452532347292 248.96904259198345 2.1547831131611002 3090.0511193573475 8.3001908464357257 1089.4775182469748 84.544361488660797 209.76723841787316 5.2720357954967749 68.379588526673615 29.29988775588572 4.0692404718138278 1.5504012748133389 841.05322827980854 473.284586727852 51.497007386293262 13.253944444470109 43.264890097081661 223.47014355147257 1551.5770932994783 90.307709444547072 10.104792740195988 20.227064847713336 16.090400119312108 3689.1882367436774 4.1737686875276268 2.6119863837957382
leaf_count=25848 29608 6089 6780 15456 25013 113 31184 245 41429 2014 7788 539 5397 1686 242 114 25833 7119 2024 135 583 2509 34672 2045 74 1284 219 44854 81 92
internal_value=4.1572e-05 0.000819719 -0.000830908 -0.000517654 -0.0163772 -0.0103384 0.00359158 -0.00531486 -0.00823896 0.00141738 -0.000720791 0.00781114 -0.00386497 0.031599 0.0546637 0.10366 0.000724664 -0.00181791 0.00566075 0.0187355 0.0447529 -0.00428076 -0.00593822 0.00684911 -0.000703147 0.0253115 0.0789213 0.00235688 0.0878495 0.134622
internal_weight=15850.6 15134.5 9485.29 9365.36 716.087 467.118 5649.18 1926.42 1392.09 302.612 294.312 117.512 79.2713 38.2404 10.8917 5.61964 7438.94 2908.7 718.03 234.641 72.6092 2190.67 1967.19 162.032 483.389 71.7241 29.3443 4530.24 8.94054 4.76677
internal_count=321069 258184 201152 195063 62885 37872 57032 66932 51476 10047 9802 8264 6292 1972 895 356 128131 57444 13483 6290 937 43961 41452 5353 7193 3308 354 70687 286 205
cat_boundaries=0 1 2 3
cat_threshold=8 8 76
is_linear=0
shrinkage=0.04


Tree=72
num_leaves=31
num_cat=3
split_feature=4 34 1 11 4 5 21 21 19 29 1 42 5 6 15 20 37 40 21 14 25 22 25 25 47 29 10 14 47 31
split_gain=108.538 40.3604 41.0716 39.018 39.6542 39.8786 46.3894 31.4094 25.4485 25.1456 22.7509 22.8348 46.6305 21.1936 20.7821 29.1057 19.9003 24.909 19.5704 19.548 19.465 21.1054 19.462 66.2592 18.828 18.7304 21.4702 25.8053 20.3514 21.1318
threshold=2.6250000000000004 5.5000000000000009 2.054999947547913 0.14311316609382632 1.3650000095367434 41.500000000000007 78.926559448242202 88.393150329589858 55.000000000000007 16.250000000000004 3.2949999570846562 0 59.500000000000007 214.25000000000003 3.5000000000000004 218.00000000000003 71.857028961181655 0.18932993710041049 61.135782241821296 68.604999542236342 164.62500000000003 0.21839360147714618 524.37500000000011 313.62500000000006 1 11.750000000000002 12.750000000000002 94.430000305175795 2 70.443359375000014
decision_type=2 2 10 8 2 2 10 10 10 2 10 9 2 2 2 2 8 10 8 10 2 10 2 2 9 2 2 10 9 10
left_child=3 2 -2 4 7 6 16 13 -7 25 11 12 -4 20 15 -11 -6 18 -18 -13 21 -1 23 -16 -10 -5 27 28 -27 -30
right_child=1 -3 10 9 5 8 -8 -9 24 14 -12 19 -14 -15 22 -17 17 -19 -20 -21 -22 -23 -24 -25 -26 26 -28 -29 29 -31
leaf_value=-0.0086333172352194773 0.008784317780854688 -0.023584310784346224 0.17276838764085992 -0.00049946478911529831 0.00063118422160254601 0.0056918523264062057 -0.025433940730400006 0.10394829288635672 0.0029227196151569261 -0.0004362347707567782 -0.03302279087053038 0.017435826291346008 -0.02014652155913791 0.038713160909048625 0.0010657455613689553 -0.013868753368162694 0.042290670526199843 0.043598226882348573 0.0055128074689785415 -0.012786252092277165 -0.01925744287526359 0.026715150093161916 -0.008210734916174061 0.028983893683213077 -0.011832491959037269 -0.010749911766988482 0.0078804275934675223 -0.0069788497054778624 0.0039193889807665793 0.018255002913646966
leaf_weight=433.4370475653559 192.47116668336093 348.8136329932604 2.3188004663679749 1184.6924975039437 2023.7147217590827 214.83043088624254 95.410550016909838 2.8295168112963429 166.34563528606668 3193.2565992935561 74.727469404693693 36.137421947205439 4.5339344039093703 12.554874825291334 546.15637483820319 279.87951362272725 22.933909117244184 29.34671897883527 778.84685427113436 443.08487570285797 324.4699683743529 27.808939835522324 139.83614755049348 180.30743265897036 830.3620636141859 121.40012715570629 2236.396872043144 394.40014233533293 1301.4711486925371 187.81029889173806
leaf_count=15003 10853 32138 75 13006 39666 5472 4246 98 2561 37641 7137 2176 295 268 8488 6263 220 475 16720 31296 10196 521 1001 1326 28341 1239 20678 6897 14807 2170
internal_value=-0.0002449 -0.0123473 -0.00711411 0.000661187 -0.00222612 -0.000655413 0.00185286 -0.0103701 -0.00676317 0.00212901 -0.0125836 -0.00937179 0.0583102 -0.0109099 -0.000139879 -0.00152351 0.00277479 0.00798242 0.00662114 -0.0104674 -0.0117561 -0.00644029 0.00539808 0.00803081 -0.00945475 0.00394392 0.00518578 0.00217583 0.00442292 0.00570268
internal_weight=15830.6 1102.09 753.274 14728.5 4962.89 4161.79 2950.25 801.1 1211.54 9765.61 560.803 486.075 6.85273 798.271 4339.44 3473.14 2854.84 831.127 801.781 479.222 785.716 461.246 866.3 726.464 996.708 5426.17 4241.48 2005.08 1610.68 1489.28
internal_count=321273 83970 51832 237303 123787 97701 61327 26086 36374 113516 40979 33842 370 25988 54719 43904 57081 17415 16940 33472 25720 15524 10815 9814 30902 58797 45791 25113 18216 16977
cat_boundaries=0 1 2 3
cat_threshold=8 14 8
is_linear=0
shrinkage=0.04


Tree=73
num_leaves=31
num_cat=3
split_feature=0 1 21 25 21 35 47 7 21 0 46 20 19 24 24 20 47 6 35 19 15 25 25 19 24 24 17 19 24 15
split_gain=122.192 49.718 36.0394 51.6277 37.6476 32.5392 26.1191 24.9254 21.8255 21.6525 21.5889 31.5589 30.8758 21.2042 29.2424 21.0381 20.299 25.6039 23.8335 26.1446 24.1749 21.856 41.8986 48.3859 47.1555 36.7002 34.9897 31.5006 29.8648 27.393
threshold=3.0149999856948857 2.304999947547913 68.252796173095717 170.12500000000003 67.372478485107436 15.250000000000002 0 28.500000000000004 78.926559448242202 1.9149999618530276 1 175.00000000000003 79.500000000000014 0.057562462985515601 0.061684973537921912 79.000000000000014 2 4.5000000000000009 12.750000000000002 9.5000000000000018 1.5000000000000002 510.25000000000006 298.37500000000006 190.50000000000003 0.11491150408983232 0.17324614524841311 1.5000000000000002 167.50000000000003 0.03053365554660559 3.5000000000000004
decision_type=10 10 10 2 10 2 9 2 10 10 1 2 10 10 10 2 9 2 2 10 2 2 2 10 10 10 10 10 10 2
left_child=1 6 3 -3 -5 -6 8 -7 16 -9 11 12 -4 -13 -15 -2 18 -18 -1 20 -20 22 -21 25 26 27 -25 -24 -28 -30
right_child=15 2 10 4 5 7 -8 9 -10 -11 -12 13 -14 14 -16 -17 17 -19 19 21 -22 -23 23 24 -26 -27 28 -29 29 -31
leaf_value=0.0041068719161066478 0.048190128346017838 0.0072980833764052719 -0.00087668261496878265 -0.012464235382166027 -0.0022325835049691774 0.10023221585072513 0.0083586739348827585 0.070450877148948682 -0.0091153457120870321 -0.0097229743292803743 -0.012148986521860246 -0.018175126378111497 0.026830003740051817 0.040705830316672166 -0.0058422330817709282 -0.019549065472496348 -0.039081839587468921 -0.0041634060314994737 0.025186919918038415 0.0003103046357174886 -0.0096238168773474589 -0.0062929534295067743 -0.010700175013808939 -0.014835708652305785 0.0037999549432540542 0.018963125057302993 0.0018568386961076106 0.010381241993491283 0.016992751531766662 0.077669853666893357
leaf_weight=4350.6323508762289 6.4808604572899631 818.03812818066217 244.32282127719373 498.67391668539494 54.98020922485739 9.2884011790156382 868.8598401080817 7.893770374357703 317.93085199641064 12.986488132737575 889.7792880393099 236.48477011104114 86.212424451485276 22.735952460207045 237.69001718657091 540.99218930513598 36.138387559913099 362.06978059094399 32.814919285010546 4217.4648801712319 567.83431415283121 573.98162213619798 250.70784373767674 12.604538884945212 71.28472282551229 210.17186927981675 14.397978774271904 205.34017033316195 15.929380740039049 58.543276892974973
leaf_count=52863 181 20986 7586 9737 1209 166 7474 59 10527 355 35197 15386 1760 655 6668 48393 415 3415 775 70769 11516 6336 2793 251 606 1405 333 2849 173 450
internal_value=-0.000103046 0.000562268 -0.00394209 0.000814185 -0.008261 0.0161677 0.00171757 0.0488251 0.00119733 0.0222385 -0.00782542 -0.00316227 0.00639703 -0.00952903 -0.00162299 -0.0186535 0.0014982 -0.00725069 0.00183359 0.000248244 -0.00767667 0.00109559 0.00193617 0.0100944 0.028901 0.00517555 0.0462859 -0.00119736 0.0550679 0.0651414
internal_weight=15833.3 15285.8 3119.09 1401.86 583.823 85.1489 12166.7 30.1687 11297.8 20.8803 1717.23 827.446 330.535 496.911 260.426 547.473 10979.9 398.208 10581.7 6231.08 600.649 5630.43 5056.44 838.98 172.76 666.22 101.475 456.048 88.8706 74.4727
internal_count=321288 272714 99764 32512 11526 1789 172950 580 165476 414 67252 32055 9346 22709 7323 48574 154949 3830 151119 98256 12291 85965 79629 8860 1813 7047 1207 5642 956 623
cat_boundaries=0 1 2 3
cat_threshold=11 8 3
is_linear=0
shrinkage=0.04


Tree=74
num_leaves=31
num_cat=5
split_feature=0 1 22 21 6 21 47 5 7 25 25 0 23 43 23 11 47 6 46 31 33 21 19 4 14 47 24 17 22 21
split_gain=107.967 49.4993 30.6473 29.7453 36.9238 35.4664 27.003 25.7193 27.2149 24.1897 28.5267 26.6147 27.4082 23.9088 41.5552 23.6694 23.5962 23.0207 22.2479 23.5441 45.1626 21.9609 21.8676 23.983 24.2937 24.2744 22.6747 30.1508 45.095 35.7195
threshold=3.1049998998641972 2.5849999189376835 0.042542364448308952 77.739685058593764 175.25000000000003 84.929595947265639 0 33.500000000000007 44.500000000000007 677.12500000000011 431.12500000000006 1.9650000333786013 1.0752580165863039 1 1.0608530640602114 0.058887748047709472 2 4.5000000000000009 3 72.21307754516603 0.91037917137146007 62.269115447998054 52.500000000000007 1.2549999952316286 79.345001220703139 4 0.012530290987342598 1.5000000000000002 0.063875023275613799 73.844284057617202
decision_type=10 10 10 10 2 10 9 2 2 2 2 10 10 9 10 10 9 2 1 10 10 8 10 2 10 9 8 8 8 10
left_child=1 3 15 7 6 -6 -5 8 16 10 13 12 -12 14 -9 -3 17 -1 -4 -20 -21 -18 -23 24 -24 -25 -27 28 -28 -29
right_child=-2 2 18 4 5 -7 -8 9 -10 -11 11 -13 -14 -15 -16 -17 21 -19 19 20 -22 22 23 25 -26 26 27 29 -30 -31
leaf_value=-0.038249443047221658 -0.020104243524487281 -0.025808639212698305 -0.011551873589199027 -0.013111833618331519 -0.0073452638815751335 0.074963895911764167 0.017386004420004937 -0.0076420401999865951 0.0094958436166985068 0.015180837562110009 0.021039464399882257 -0.01729495540411621 -0.0068141533439511452 -0.0031319672921845993 0.00846197615837368 -0.0023659366122341435 0.0073612850305979976 -0.0046922796533952638 -0.003191179642147116 -0.0056865123455076124 0.036222507242757156 -0.001276312327304069 0.007531552121635217 -0.0032611160657174494 -0.004652050314841203 -0.01259817364925917 -0.0093022581799276916 0.0031445362986730748 0.01994968378751005 0.021885766264050702
leaf_weight=35.561299913562834 420.52697683405131 198.77705817646347 385.17049346747808 479.11058977968059 16.648295438382775 15.380195392295716 43.129908311879262 352.03167176921852 853.40385033329949 138.37544121686369 68.075855219736695 330.11197106726468 309.65798661485314 1755.4908297359943 934.57944103027694 106.13282812712714 1235.7847072505392 320.2758930195123 704.97897048317827 88.776053752284497 75.09223683224991 2657.261783515336 363.53371473308653 448.65560543164611 927.9534779265523 91.747938889311627 99.897081792587414 1666.7915417226031 517.04538699798286 179.53307566256262
leaf_count=421 39023 17553 14504 17170 600 262 467 14439 8361 1392 786 6779 2296 31401 12894 3614 9513 3033 26137 3353 1916 40713 4576 3633 14705 3706 2288 25794 6280 3705
internal_value=-0.000131705 0.000414731 -0.00633978 0.00117624 -0.00789321 0.0331318 -0.0104754 0.00155548 0.00268759 -0.00117962 -0.00178828 -0.00901482 -0.00174147 -0.00010306 0.0040189 -0.0176962 0.00200607 -0.00793258 -0.00356342 -8.2391e-06 0.0135972 0.00244608 0.00157441 0.00333887 -0.00121629 0.00529854 0.00679004 0.00754618 0.0151993 0.00497992
internal_weight=15819.5 15399 1558.93 13840 554.269 32.0285 522.24 13285.8 9397.45 3888.32 3749.95 707.846 377.734 3042.1 1286.61 304.91 8544.04 355.837 1254.02 868.847 163.868 8188.2 6952.42 4295.16 1291.49 3003.67 2555.02 2463.27 616.942 1846.32
internal_count=321314 282291 67077 215214 18499 862 17637 196715 126728 69987 68595 9861 3082 58734 27333 21167 118367 3454 45910 31406 5269 114913 105400 64687 19281 45406 41773 38067 8568 29499
cat_boundaries=0 1 2 3 4 5
cat_threshold=5 148 8 4 2
is_linear=0
shrinkage=0.04


Tree=75
num_leaves=31
num_cat=2
split_feature=0 17 19 23 21 25 21 21 15 31 25 25 21 21 4 25 24 23 46 9 43 35 11 5 17 25 21 19 24 38
split_gain=99.7699 44.182 53.2981 46.1416 48.6462 45.8089 39.4169 37.7396 31.9743 41.0056 29.686 71.5612 52.621 63.1938 29.1998 44.8638 28.3089 28.2026 26.0315 28.1521 25.7143 25.6104 25.4908 24.0819 23.9743 23.3836 36.1438 57.5964 27.4586 38.7684
threshold=3.0649999380111699 4.5000000000000009 23.000000000000004 1.037409842014313 68.579635620117202 54.625000000000007 78.926559448242202 73.944297790527358 3.5000000000000004 74.505519866943374 524.37500000000011 313.62500000000006 67.372478485107436 67.775608062744155 2.2949999570846562 170.12500000000003 0.25058004260063177 1.0484992265701296 0 15.500000000000002 1 15.250000000000002 0.39246422052383428 59.500000000000007 2.5000000000000004 171.87500000000003 72.26401519775392 21.500000000000004 0.029096443206071857 1.0664471983909609
decision_type=10 10 10 8 8 2 10 8 2 8 2 2 10 10 2 2 10 8 1 2 9 2 10 2 10 2 10 10 10 10
left_child=1 6 3 5 -5 -3 8 -4 14 10 11 -10 -13 -14 18 16 -16 -11 20 -20 -1 22 -8 -7 -19 28 -27 -28 -22 -30
right_child=-2 2 7 4 -6 23 21 -9 9 17 -12 12 13 -15 15 -17 -18 24 19 -21 25 -23 -24 -25 -26 26 27 -29 29 -31
leaf_value=-0.0053316739805192026 -0.018179242238402244 -0.015997130366649813 -0.006116381748190485 0.016650382874860311 -0.014474427401163619 0.091311881174113763 -0.009393781745851806 -0.023303519705873889 0.0013551389084346091 0.050420002174764472 -0.0071155985396598133 0.010254062203234368 0.10441922309955455 0.029083418419544347 -0.00068980818312870261 -0.012742514101567131 0.032483411819520219 0.0065403423926428594 -0.0010138752117357557 0.0074864525958782202 -0.0012289564273194294 -0.029363738985424732 0.033486925709553916 0.014898419604505265 0.035171496874316942 -0.0020175337327906244 0.10255072794144265 0.011542999513304328 0.025833977609257677 0.0079333995438586168
leaf_weight=381.31539466464892 465.71929241204634 13.76877069682814 896.2113787336275 169.02797009795904 151.27855063369498 22.801654517417774 221.10425833263434 264.75796840246767 1165.8953665345907 42.269605422625318 316.51241000369191 250.2359776776284 20.549425713717937 114.87120838649571 1415.7975821280852 596.3393912028987 41.388731321319938 161.11080457828939 4925.9760853818152 712.67983266059309 410.34581858781166 97.10500824614428 23.631936282850802 9.9326847165357304 65.609329786617309 961.89007808337919 11.100844416767357 146.90140418615192 222.40480100107379 1482.6790987749118
leaf_count=5808 43316 869 23537 1916 4165 584 8272 13874 22878 860 3816 2494 169 1577 51092 17578 459 3515 62842 7034 8332 5060 257 153 1780 8091 129 2082 2558 15996
internal_value=3.90394e-05 0.00059444 -0.0058569 0.00741384 0.0019386 0.0442075 0.00130996 -0.010056 0.0016516 0.00613781 0.00402678 0.00630549 0.0212186 0.0412262 0.000803014 -0.0035103 0.000271304 0.0207144 0.00176074 6.09242e-05 0.00440905 -0.0120822 -0.00511748 0.069373 0.0149614 0.00555892 0.000897065 0.0185669 0.00804965 0.0102844
internal_weight=15781.2 15315.5 1527.78 366.81 320.307 46.5031 13787.7 1160.97 13445.9 2137.05 1868.06 1551.55 385.657 135.421 11308.8 2053.53 1457.19 268.99 9255.29 5638.66 3616.64 341.841 244.736 32.7343 226.72 3235.32 1119.89 158.002 2115.43 1705.08
internal_count=321093 277777 45098 7687 6081 1606 232679 37411 219090 37089 30934 27118 4240 1746 182001 69129 51551 6155 112872 69876 42996 13589 8529 737 5295 37188 10302 2211 26886 18554
cat_boundaries=0 1 2
cat_threshold=8 12
is_linear=0
shrinkage=0.04


Tree=76
num_leaves=31
num_cat=2
split_feature=0 5 11 8 21 15 25 17 4 21 43 14 11 46 37 23 28 38 21 28 22 2 33 20 9 22 24 20 40 2
split_gain=91.6446 44.9647 55.8121 35.1556 37.0084 26.9142 26.4679 27.9065 27.1723 25.9419 24.5142 41.5909 38.4912 34.3259 39.4578 25.9654 24.6192 24.5969 22.4725 22.1853 22.0375 21.8548 23.865 21.6516 21.4241 21.3046 21.9251 36.312 21.2699 20.0921
threshold=3.1049998998641972 34.500000000000007 0.020431353710591797 111.25000000000001 78.926559448242202 1.0000000180025095e-35 677.12500000000011 2.5000000000000004 2.1149998903274541 62.269115447998054 0 86.399997711181655 0.56973218917846691 1 70.765880584716811 1.0368346571922304 6.5000000000000009 1.0679660439491274 65.948837280273452 7.5000000000000009 0.050751764327287681 0.80500000715255748 3.3321957588195805 159.00000000000003 12.500000000000002 0.081615630537271514 0.18260557204484942 181.50000000000003 0.28269299864768987 0.32500000298023229
decision_type=10 2 10 2 10 2 2 10 2 8 9 10 8 1 10 10 2 10 10 2 8 10 10 2 2 10 10 2 10 8
left_child=1 3 -3 4 5 -1 7 19 -9 -7 11 12 -11 14 15 -12 -16 18 -17 23 -14 22 -2 -4 -6 -8 27 -27 -20 -15
right_child=21 2 6 -5 24 9 25 8 -10 10 13 -13 20 29 16 17 -18 -19 28 -21 -22 -23 -24 -25 -26 26 -28 -29 -30 -31
leaf_value=0.031414606543043976 -0.024942699734798266 -0.016015834230462753 0.023230387360480546 0.0074036701069562965 -0.015740940594257066 0.0063149230716753038 -0.0010672355753838403 -0.00013731333831998693 -0.0074321466674930597 -0.004864788979782095 -0.0096994542575759655 -0.017289901845133956 0.070601711382495227 -0.0046290537920257177 0.014673616386235334 -0.0074473853764676357 0 0.0016494290231165811 0.023430856461231771 0.02407774695755404 0.013551630916199842 -0.0010057037205118613 0.064627571749810223 -0.00063488359293817841 0.076084353458200055 0.080588578829281471 0.0013977179502471287 0.011607235454286069 0.0843319009483319 0.0011587182224039099
leaf_weight=46.401108419755474 313.88986919564195 463.74382703239098 69.524696230189875 1567.955536039779 245.462820882909 1343.4502031856682 67.547523356042802 1801.8950889774133 1495.4807407653425 533.26803869870491 299.1901548684109 325.40654299571179 10.963333168998359 1610.0691421621013 739.51839075563475 32.153860188089311 243.50237876572646 1276.4700912653934 74.802554769208655 90.39305577124469 132.81451799720526 87.469885972328484 3.8798137709964058 439.89900376508012 3.1444382648915044 23.313144644722342 28.636963877826929 25.637359345331788 9.8700101822614652 2371.0483464917634
leaf_count=1306 35318 31237 974 17471 10828 11483 939 23939 40765 8814 10202 10205 159 28296 11763 232 6288 17539 1125 1451 1929 3441 197 6543 30 172 192 216 64 37889
internal_value=-2.39203e-05 0.000471385 -0.00288727 0.00186477 0.000929555 0.00134893 -0.00137656 -0.00200367 -0.00344825 0.00119005 0.000289886 -0.00550653 8.69196e-05 0.0011706 0.00467562 0.000969192 0.0110455 0.00326831 0.0207585 0.0059235 0.018387 -0.0187766 -0.0236372 0.00265347 -0.0142633 0.0153339 0.0294954 0.045496 0.0314781 -0.00118158
internal_weight=15776.8 15371.6 4506.07 10865.5 9297.54 9048.93 4042.33 3897.19 3297.38 9002.53 7659.08 1002.45 677.046 6656.62 2675.51 1692.49 983.021 1393.3 116.826 599.817 143.778 405.24 317.77 509.424 248.607 145.135 77.5875 48.9505 84.6726 3981.12
internal_count=321007 282051 106428 175623 158152 147294 75191 73672 64704 145988 134505 21107 10902 113398 47213 29162 18051 18960 1421 8968 2088 38956 35515 7517 10858 1519 580 388 1189 66185
cat_boundaries=0 1 2
cat_threshold=140 8
is_linear=0
shrinkage=0.04


Tree=77
num_leaves=31
num_cat=5
split_feature=4 22 1 5 46 47 25 21 25 23 46 25 11 36 31 40 18 25 25 19 22 25 25 17 29 17 22 21 43 46
split_gain=84.951 46.8656 37.1685 38.584 35.6746 20.4091 19.3527 35.0959 37.2506 31.7158 27.2018 25.9591 20.6029 22.8555 20.5362 20.4516 20.3217 33.2062 23.0364 37.6306 26.0455 22.3296 29.5272 36.6529 28.2105 27.5299 23.7003 43.7807 29.3039 24.6758
threshold=2.9250000715255742 0.0096936672925949114 2.4050000905990605 19.500000000000004 0 1 84.125000000000014 68.111885070800795 31.125000000000004 1.0230884552001955 2 82.375000000000014 0.35620281100273138 0.17314502596855166 74.311759948730483 0.23891209065914157 1.5000000000000002 105.12500000000001 677.12500000000011 79.500000000000014 0.072171278297901167 472.37500000000006 370.12500000000006 3.5000000000000004 18.750000000000004 1.5000000000000002 0.12612471729516986 63.086299896240241 3 4
decision_type=2 8 10 2 1 9 2 10 2 10 1 2 10 8 10 10 10 2 2 10 10 2 2 10 2 10 10 10 9 1
left_child=1 -1 5 -4 -5 -3 7 8 14 -9 11 -11 16 -14 15 -7 -8 -18 21 -20 -21 22 26 24 -24 -26 27 -19 -29 -28
right_child=-2 2 3 4 -6 6 12 9 -10 10 -12 -13 13 -15 -16 -17 17 18 19 20 -22 -23 23 -25 25 -27 29 28 -30 -31
leaf_value=-0.025045372086239977 -0.018404948618241483 0.0072564036753722709 0.0041694875274728661 -0.015323264346910231 -0.0031040411563693087 0.0037998979830492579 0.0036938741480665583 -0.025680135601613311 -0.0025775290785617268 0.0010665133156532731 -0.0072045510156978441 0.06757174209349899 0.011220042957343872 -0.0064554867744980272 0.09370848106373264 0.015151087959969596 0.012043678547257075 0.077856130674085852 -0.019371437364972453 -0.0060072911710167603 0.042243629058431091 -0.013245753431733689 0.012194114972819943 -0.012900757943183946 -0.010526665869783023 0.071021531807711341 -0.0015330898957990908 0.0045902061615458118 -0.0088346496084002035 -0.019840724766448097
leaf_weight=113.61004698928446 391.65169068425894 901.9248917796649 681.50536864204332 563.3820450110361 1190.7051177113317 1211.5571667938493 3292.9999437709339 106.2823911823798 1397.8526597460732 936.96562056872062 1278.1427837274969 8.4895761280786228 707.8097164798528 139.21214683540165 3.31410864368081 321.33187202177942 273.44427891867235 10.231345180422066 36.76576841622591 24.595198669470847 61.362803231924772 328.80455628130585 156.17085382342339 76.702073192223907 8.3012623582035285 26.566823970526457 217.98895928636193 561.22376527753659 466.71066230442375 257.0471473922953
leaf_count=5757 41172 7957 18844 22709 44643 33905 38033 5799 18436 16661 25376 170 4521 802 43 4307 4052 96 340 301 490 4254 1758 1112 155 238 1661 7893 7456 1925
internal_value=-3.25602e-05 0.000436779 0.000628541 -0.00389954 -0.00703742 0.0014899 0.00104533 -0.000764898 0.00214441 -0.0044297 -0.0034011 0.00173868 0.0024812 0.00830608 0.00644257 0.00619033 0.00162842 -0.00108458 -0.00269906 0.0140724 0.0284813 -0.00368275 -0.00190851 0.0103076 0.0196652 0.0517431 -0.00407801 -0.000684542 -0.00154508 -0.0114688
internal_weight=15752.7 15361 15247.4 2435.59 1754.09 12811.8 11909.9 5263.94 2934.06 2329.88 2223.6 945.455 6645.94 847.022 1536.2 1532.89 5798.92 2505.92 2232.47 122.724 85.958 2109.75 1780.94 267.741 191.039 34.8681 1513.2 1038.17 1027.93 475.036
internal_count=320866 279694 273937 86196 67352 187741 179784 104697 56691 48006 42207 16831 75087 5323 38255 38212 69764 31731 27679 1131 791 26548 22294 3263 2151 393 19031 15445 15349 3586
cat_boundaries=0 1 2 3 4 5
cat_threshold=4 68 8 48 8
is_linear=0
shrinkage=0.04


Tree=78
num_leaves=31
num_cat=2
split_feature=0 17 19 24 25 21 22 43 47 15 14 25 25 21 21 22 22 0 21 24 25 25 22 25 21 22 19 19 15 22
split_gain=92.3471 40.1164 41.4924 49.7552 42.5736 39.1659 38.102 33.6153 28.9993 26.9191 46.2185 43.6336 80.7154 75.5717 58.8549 44.95 39.2712 38.0125 29.4324 27.8806 27.5947 26.1882 23.9448 23.6936 23.2216 23.1998 29.7601 34.366 25.5278 22.8198
threshold=3.1049998998641972 4.5000000000000009 23.000000000000004 0.037270663306117065 54.625000000000007 73.944297790527358 0.069005299359560027 0 1 3.5000000000000004 91.909999847412124 524.37500000000011 293.62500000000006 67.372478485107436 67.775608062744155 0.019503099843859676 0.139328308403492 2.0849999189376835 69.779163360595717 0.030085007660090927 97.625000000000014 765.12500000000011 0.049267832189798362 217.37500000000003 70.697650909423842 0.39696128666400915 145.50000000000003 128.50000000000003 4.7500000000000009 0.098862621933221831
decision_type=10 10 10 8 2 8 10 9 9 2 8 2 2 10 10 10 10 8 10 10 2 2 8 2 10 8 10 10 2 10
left_child=1 7 3 4 -3 -4 -5 -1 9 10 -9 12 19 16 -15 -16 -14 -12 -17 20 25 -13 -19 -22 -23 28 27 -27 -11 -21
right_child=-2 2 5 6 -6 -7 -8 8 -10 11 17 21 13 14 15 18 -18 22 -20 29 23 24 -24 -25 -26 26 -28 -29 -30 -31
leaf_value=-0.0096657803875318023 -0.019167906035545648 -0.013230629808137589 -0.0054624366546469584 -0.017697006890702 0.066408005171076881 -0.023095481386669767 0.010773914972123478 0.0016153376893954317 0.0081611462560121448 -0.015198491716973938 0.0017239273947383901 -0.01290447466584191 -0.0047496397793461197 0.099141995949454817 -0.027294029384067553 0.0053029631162710977 0.024250054405638228 -0.017126865023434214 0.04790956750207831 -0.0082489524470680132 0.056013632866944302 0.042635226241342937 -0.0056074571429274135 -0.0077284295080245705 -0.027700941091546034 0.010249160422165435 -0.00043652963218570722 0.075403389867593415 0.03776723192845402 0.0040853785284703011
leaf_weight=437.1382828229107 393.33834372437559 14.810737975640221 895.10327018331736 119.34193460829556 34.831975969718769 259.9122138263192 199.52331779128872 7928.7917969371192 952.52301028301008 84.697965531144291 930.71519105439074 273.65888218395412 162.67148190177977 23.298287377692759 17.578747340478003 33.482346832752228 136.48494429234415 386.1341477681417 122.12353408243507 399.34128447482362 37.13976438017562 25.765008628368378 1151.2472435184754 11.9181075617671 9.5744353132322413 27.566210745368153 53.77488267980516 24.355414798250422 16.53344238572754 597.94425085093826
leaf_count=10967 38955 923 23887 3473 796 14141 2598 116742 9083 3107 11708 3487 1977 181 598 426 1115 19948 1703 9987 800 275 30409 303 145 809 2059 711 897 8640
internal_value=-5.43725e-05 0.000435787 -0.00572227 0.00594594 0.042777 -0.00945039 8.35637e-05 0.00111411 0.00147268 0.000954089 0.000126942 0.00513357 0.00758306 0.0212311 0.0404468 0.0320038 0.00850435 -0.00465165 0.0388597 0.00216978 0.013919 -0.0086972 -0.00851256 0.0406032 0.0232312 0.00740864 0.0204388 0.0417346 -0.00622402 -0.000852945
internal_weight=15761.3 15368 1523.52 368.508 49.6427 1155.02 318.865 13844.5 13407.3 12454.8 10396.9 2057.91 1748.91 495.639 196.483 173.185 299.156 2468.1 155.606 1253.27 255.986 308.998 1537.38 49.0579 35.3394 206.928 105.697 51.9216 101.231 997.286
internal_count=320850 281895 45818 7790 1719 38028 6071 236077 225110 216027 178807 37220 33313 6000 2908 2727 3092 62065 2129 27313 8686 3907 50357 1103 420 7583 3579 1520 4004 18627
cat_boundaries=0 1 2
cat_threshold=8 11
is_linear=0
shrinkage=0.04


Tree=79
num_leaves=31
num_cat=2
split_feature=0 1 1 22 46 26 19 20 15 21 25 25 5 25 19 25 1 25 25 20 25 0 38 21 12 36 28 42 15 25
split_gain=81.3036 43.8309 33.7674 36.3389 24.6194 32.1407 29.1033 22.8774 41.4282 22.3495 20.8716 50.5837 39.5979 35.0395 40.6239 30.0699 26.3929 21.0464 20.6628 54.1712 69.8377 44.0187 25.8471 27.9816 24.0026 22.3815 20.4899 22.3374 20.1005 28.2097
threshold=2.7549999952316289 2.8449999094009404 1.5349999666213991 0.013452543411403896 0 1.5000000000000002 5.0000000000000009 181.50000000000003 3.5000000000000004 62.269115447998054 481.37500000000006 313.62500000000006 21.500000000000004 217.37500000000003 163.50000000000003 391.50000000000006 2.4750000238418584 415.37500000000006 167.62500000000003 218.00000000000003 276.37500000000006 1.9650000333786013 1.0035736560821535 67.775608062744155 1.5000000000000002 0.093275632709264769 9.5000000000000018 1 2.5000000000000004 197.62500000000003
decision_type=10 10 8 8 1 2 8 2 2 8 2 2 2 2 10 2 8 2 2 2 2 10 8 10 8 8 2 9 2 2
left_child=2 9 -1 -4 5 10 -6 8 -7 -2 11 13 15 28 -15 -13 -16 -17 22 21 -21 25 23 24 -8 -20 27 -14 29 -5
right_child=1 -3 3 4 6 7 18 -9 -10 -11 -12 12 26 14 16 17 -18 -19 19 20 -22 -23 -24 -25 -26 -27 -28 -29 -30 -31
leaf_value=0.0042713033875635383 0.019722349546050181 -0.02192815505056786 -0.020091964400576527 0.0006437659715018961 -0.02541241218718418 0.0038855625938916329 -0.014247934662630878 -0.0063703190644899647 0.035629584808183144 -0.0067768731090381267 -0.014729143211753611 0.020862679983278287 0.012557407657761322 -0.032070840622523369 0.011638949064339004 0.11918626830757716 -0.032071906110616513 0.02784580850531301 0.0079395637017007342 -0.017682410180443989 0.018863299397699037 -0.011114951820385629 0.0053166850054367585 -0.021905947222719661 0.012199803445673797 -0.0048553198627482785 0.078214690674892187 -0.013034990360825794 -0.0052495544241559968 0.040827924731147817
leaf_weight=3590.1279529808089 53.802271966356784 352.71978082787246 143.91562817059457 807.92863374715671 60.679438375635073 1051.9411847139709 88.474822292570025 310.48682001559064 69.255074122454971 714.27031032182276 259.9303551223129 35.260632732883096 161.63986276462674 149.13142420724034 81.230704877525568 10.446295409463348 29.225194619037211 7.636260235682129 461.84484050050378 106.18166230921634 380.77587202657014 791.62847517291084 3070.6593707818538 118.13376484857872 140.98401645757258 413.51161434687674 5.1123030027374616 81.06303308904171 2181.4532299232669 27.965719923377037
leaf_count=33876 1559 40140 7071 17327 1441 15890 2741 9469 1430 44710 4364 431 2347 2197 1180 115 803 99 3955 2040 4885 15428 55013 7381 5545 3103 61 1534 34659 357
internal_value=0.00010611 -0.0102719 0.000901718 -0.000193327 7.07895e-05 -0.00189384 0.00190947 0.00321785 0.00587992 -0.00489221 -0.00380201 -0.0030032 0.0126554 -0.00444691 -0.0185241 0.0435973 -7.44745e-05 0.0843034 0.00221222 -0.00085455 0.0108664 -0.00428531 0.00414554 -0.00617452 0.00196714 0.00189215 0.0058305 0.00397469 -0.00322877 0.00204013
internal_weight=15757.4 1120.79 14636.6 11046.5 10902.6 5269.71 5632.87 1431.68 1121.2 768.073 3838.02 3578.09 301.158 3276.93 259.587 53.3432 110.456 18.0826 5572.19 2153.94 486.958 1666.98 3418.25 347.593 229.459 875.356 247.815 242.703 3017.35 835.894
internal_count=321151 86409 234742 200866 193795 92263 101532 26789 17320 46269 65474 61110 4587 56523 4180 645 1983 214 100091 29411 6925 22486 70680 15667 8286 7058 3942 3881 52343 17684
cat_boundaries=0 1 2
cat_threshold=4 16
is_linear=0
shrinkage=0.04


Tree=80
num_leaves=31
num_cat=3
split_feature=0 22 47 4 5 21 6 23 21 1 19 25 0 16 22 23 38 37 17 19 44 38 43 21 4 14 2 31 25 25
split_gain=81.7116 37.6412 34.021 34.396 35.8181 29.391 22.1454 20.857 20.7586 20.569 19.5954 18.9425 18.8639 20.9389 28.0774 28.8428 21.5728 20.0132 18.0259 25.4925 26.0171 23.4124 18.9573 18.3519 17.9883 18.6845 21.4094 18.0503 29.8751 25.352
threshold=3.0649999380111699 0.0096936672925949114 0 2.4550000429153447 28.500000000000004 62.081874847412116 206.25000000000003 1.3996536135673525 77.426959991455092 2.8449999094009404 167.50000000000003 690.87500000000011 1.1250000000000002 1.5000000000000002 0.139328308403492 1.2078961133956911 1.0035736560821535 74.490375518798842 3.5000000000000004 52.500000000000007 1 1.0684422850608828 2 78.926559448242202 1.7649999856948855 78.434997558593764 1.7549999952316286 67.767635345458999 209.37500000000003 85.375000000000014
decision_type=10 8 9 2 2 8 2 10 10 10 10 2 8 2 10 10 8 10 10 8 9 8 9 10 2 10 8 8 2 2
left_child=1 -1 3 12 5 7 9 -5 -7 -2 -6 -12 17 14 15 16 -14 -3 19 20 -18 -21 -22 24 25 26 -23 28 29 -26
right_child=6 2 -4 4 10 8 -8 -9 -10 -11 11 -13 13 -15 -16 -17 18 -19 -20 21 22 23 -24 -25 27 -27 -28 -29 -30 -31
leaf_value=-0.022860613496516139 -0.010481855637450743 0.0036215307429476652 0.0075302084292577075 0.041340120249041733 -0.0070033239748499001 -0.00031655915381289472 0.040461035776794531 -0.013308189075741439 -0.024889755445461119 -0.028331112515468812 -0.023885239062500712 0.02302773444356232 -0.012777094423066578 -0.0040003125166508512 0.0046659163638432611 -0.011933619515448832 -0.0048743599390923308 0.025511401205421617 -0.0027157480141748579 0.013418903742441386 0.0019962696699371034 -0.0050875611334077597 0.023436630332433595 -0.025642876469512008 -0.0069868491281590093 -0.0054670077617643819 0.021324572748895303 0.0076720804152530953 -0.020538034847208168 0.021336817693456342
leaf_weight=108.90510335518047 231.84936220454983 1879.8079771059565 1053.0127317945007 42.230865455931053 386.49283540900797 711.50135332951322 9.4655013517476601 14.388898536097257 58.649526660563424 189.71499629027676 243.57316496188287 13.736652915365992 198.51030303980224 1660.9251278447919 2332.3291713446379 330.23359406879172 1213.5473213684745 68.411173039115965 1856.7071502520703 385.60479723103344 282.40782529395074 92.286922662053257 78.329877052456141 34.716311960946769 110.92864001868293 570.30658065038733 102.72425161721185 1309.4457784232218 103.08309748210013 91.172624561470002
leaf_count=5812 18215 16757 10410 1073 19621 29308 664 215 4445 24504 19949 507 9447 15483 23881 3216 25940 514 40238 8083 3543 1458 1012 1186 1729 11832 1569 19011 985 885
internal_value=-1.9626e-05 0.00046345 0.000632041 0.000113322 -0.0056755 -0.000159271 -0.0171757 0.0273929 -0.00222293 -0.018572 -0.012742 -0.0212858 0.000784348 0.000127669 0.000882537 -0.000422705 0.000169638 0.00440493 0.00058471 0.00198675 -0.00208316 0.00427617 0.0072183 0.00280953 0.00323685 -0.00180873 0.00884272 0.00563051 -0.00311257 0.00581307
internal_weight=15765 15334 15225.1 14172.1 1470.57 826.771 431.03 56.6198 770.151 421.564 643.803 257.31 12701.5 10753.3 9092.33 6760.01 6429.77 1948.22 6231.26 4374.55 1574.29 2800.27 360.738 2414.66 2379.95 765.318 195.011 1614.63 305.184 202.101
internal_count=321492 278109 272297 261887 75118 35041 43383 1288 33753 42719 40077 20456 186769 169498 154015 130134 126918 17271 117471 77233 30495 46738 4555 38655 37469 14859 3027 22610 3599 2614
cat_boundaries=0 1 2 3
cat_threshold=11 8 24
is_linear=0
shrinkage=0.04


Tree=81
num_leaves=31
num_cat=3
split_feature=4 1 11 11 16 47 22 21 15 42 40 6 17 21 17 17 47 6 22 15 8 4 24 25 21 25 24 32 19 14
split_gain=75.3998 41.951 28.05 25.0632 26.5301 26.2959 24.0807 20.8145 29.6279 33.9402 25.4213 22.7606 26.4746 20.9795 29.0596 22.606 20.1571 24.3036 20.1277 18.6716 18.6634 20.5354 18.4732 18.1057 23.2191 18.1191 36.9931 19.2894 22.2457 17.267
threshold=3.0649999380111699 2.5849999189376835 0.020431353710591797 0.64760348200798046 3.5000000000000004 0 0.26366053521633154 74.533176422119155 2.5000000000000004 1 0.097752507776021971 119.25000000000001 1.5000000000000002 74.235458374023452 1.5000000000000002 4.5000000000000009 2 4.5000000000000009 0.042542364448308952 1.0000000180025095e-35 29.500000000000004 1.0000000180025095e-35 0.26936763525009161 28.375000000000004 79.325862884521499 375.00000000000006 0.047235339879989631 1.033425569534302 163.50000000000003 68.924999237060561
decision_type=2 10 10 10 2 9 10 10 2 9 10 2 8 10 10 10 9 2 10 2 2 2 8 2 10 2 10 10 10 10
left_child=1 3 6 4 5 7 18 13 -9 10 -10 12 -11 16 -15 -16 19 -18 -3 -1 21 -5 -8 -14 25 27 -27 -25 -29 -20
right_child=-2 2 -4 20 -6 -7 22 8 9 11 -12 -13 23 14 15 -17 17 -19 29 -21 -22 -23 -24 24 -26 26 -28 28 -30 -31
leaf_value=0.02673693885008431 -0.023197761813751695 -0.026169203063161565 -0.001563769703806911 0.024406965293811457 -0.011130191611698139 0.0078041638638840618 0.10461720769813131 -0.013284944290830476 0.0078416834408888813 -0.0086882606050205299 0.081536411466310452 -0.020336687557276578 -0.012241467142416914 -0.01726081115128094 0.044523154056520665 -0.019599756068111204 -0.043060651167181642 -0.0052727413201270369 0.017848502231023893 0.0012338914858200736 0.030854920926424275 -0.0038585809079963668 0.0034468445691086032 0.083144851204836459 -0.011304740619552759 0.013760991801086007 0.11093454843164216 0.022423135388807896 -0.0045548691290827953 -0.011573279782847109
leaf_weight=45.145373301813379 218.26804659864865 152.57990850496572 981.99489829072263 64.207384217530489 286.21373671083711 877.94492415408604 3.7497249282896492 397.33159172139131 17.047764373477552 243.76270449603908 12.901712535414843 88.195740432711318 55.172856223769486 22.940048355376348 53.933571178931743 9.7848880917299521 28.890749897807837 318.15073713869788 33.656023874180391 10934.254530536942 71.424981174990535 110.27003771066666 7.7705777005758145 5.2607190893031648 52.234530666144565 18.524023598991338 8.843828375451265 119.6354030740913 81.40201107179746 404.74874142068438
leaf_count=1092 26300 16125 28358 440 1748 8374 236 15340 375 7002 186 3851 1074 621 978 344 350 3140 1940 167280 525 745 268 200 1661 341 102 2249 2326 27232
internal_value=9.403e-05 0.000423584 -0.00574102 0.00112577 0.000897383 0.00115556 -0.0125288 0.000681404 -0.00456892 0.00036365 0.0413261 -0.00151182 0.00135008 0.00118888 0.0206849 0.0344637 0.00103755 -0.00830606 -0.0136766 0.00134032 0.0137578 0.00660011 0.0424218 0.00854054 0.0125937 0.0179785 0.0481069 0.0137495 0.0115112 -0.00927001
internal_weight=15726.2 15508 1584.5 13923.5 13677.6 13391.4 602.505 12513.4 1100.31 702.981 29.9495 673.032 584.836 11413.1 86.6585 63.7185 11326.4 347.041 590.985 10979.4 245.902 174.477 11.5203 341.073 285.901 233.666 27.3679 206.298 201.037 438.405
internal_count=320803 294503 74159 220344 218634 216886 45801 208512 34707 19367 561 18806 14955 173805 1943 1322 171862 3490 45297 168372 1710 1185 504 7953 6879 5218 443 4775 4575 29172
cat_boundaries=0 1 2 3
cat_threshold=11 8 3
is_linear=0
shrinkage=0.04


Tree=82
num_leaves=31
num_cat=1
split_feature=4 1 21 17 19 42 7 19 20 31 25 20 26 25 25 21 33 21 21 4 25 29 11 18 18 23 16 29 21 23
split_gain=73.8878 34.8834 44.9921 42.5513 31.5966 40.3021 34.2152 26.7699 39.0842 33.9279 26.0533 37.0341 36.4948 31.5683 43.8233 48.7094 30.8349 31.6538 24.9007 27.2702 22.2175 30.0199 24.8686 29.2705 23.4312 22.045 21.3865 20.9978 20.8477 24.5171
threshold=3.0049999952316289 1.5850000381469729 68.252796173095717 3.5000000000000004 79.500000000000014 0 61.500000000000007 23.000000000000004 177.50000000000003 70.755611419677749 167.62500000000003 184.00000000000003 1.5000000000000002 276.37500000000006 496.62500000000006 67.372478485107436 0.82333725690841686 67.775608062744155 61.407785415649421 1.3149999976158144 677.12500000000011 15.750000000000002 0.071059312671422972 1.5000000000000002 1.5000000000000002 1.1277644634246828 3.5000000000000004 14.250000000000002 79.325862884521499 1.0484992265701296
decision_type=2 8 10 10 10 9 2 8 2 10 2 2 2 2 2 10 10 10 10 2 2 2 10 10 8 10 2 2 10 10
left_child=1 26 10 7 5 6 -5 8 -4 -9 -3 12 20 -13 15 18 -17 -18 19 -15 22 24 -12 -24 -22 -14 -1 -10 29 -11
right_child=-2 2 3 4 -6 -7 -8 9 27 28 11 13 25 14 -16 16 17 -19 -20 -21 21 -23 23 -25 -26 -27 -28 -29 -30 -31
leaf_value=0.0043141851630381037 -0.020789495010200547 0.0035279909800138187 0.0022369930073979426 0.10602913389042427 -0.014307010710632848 -0.0046322360158279089 0.014264534720157391 -0.0036918774421508095 -0.0010149688855209866 0.016620223755832365 -0.020675980008023266 -0.0093117423922666736 -0.021132134379057858 0.0084620438861975084 -0.0078134438024469698 0.001178973045422485 0.085550221577496505 0.024277089943072885 0.0062051115738528586 0.081100993440090335 0.011046808052169519 -0.024634258205727164 0.00088667762190219391 -0.014646358154402486 0.086085412930898025 0.008491786101238314 -0.0084540404581852236 -0.020754551310801519 -0.017988229508855542 0.0030770632662654612
leaf_weight=3704.3102094463538 268.55800706346054 3931.3996789342491 341.84997320827097 8.3781856843270379 843.28681080311071 496.36136965220794 22.926171276019886 1702.4323496824363 116.76619011373259 256.82355863426346 275.98783335695043 165.94720271229744 44.479274625191465 18.125728502869606 145.38040813384578 18.600157377775759 33.274983752053231 24.365886521525681 257.24566523823887 14.852889601141213 16.071582105010751 15.380785450339316 397.54424665682018 377.26100729219615 10.993734820745884 343.50556283630431 221.38739810790867 334.54316660412587 62.649431232362986 1267.0779406070942
leaf_count=36961 32180 79291 6875 193 35595 15359 478 32415 4231 8224 6356 2307 478 101 2450 346 393 329 3911 106 192 257 3024 3160 110 2000 1283 13935 2948 25597
internal_value=-2.72597e-05 0.000334251 -0.000773214 -0.00341227 -0.00950722 -0.00181634 0.0414698 -0.00136253 -0.00795385 0.000227733 0.0015892 -0.00193934 -0.00548353 0.00579679 0.0107116 0.0180728 0.0463374 0.0605728 0.0105004 0.0427189 -0.00922304 0.0188174 -0.0103763 -0.0066805 0.0436507 0.00503977 0.00359114 -0.0156698 0.00443583 0.00537152
internal_weight=15737.8 15469.2 11543.5 5453.1 1370.95 527.666 31.3044 4082.14 793.159 3288.98 6090.42 2159.02 1481.22 677.793 511.846 366.465 76.241 57.6409 290.224 32.9786 1093.24 42.4461 1050.79 774.805 27.0653 387.985 3925.7 451.309 1586.55 1523.9
internal_count=321085 288905 250661 145850 51625 16030 671 94225 25041 69184 104811 25520 15577 9943 7636 5186 1068 722 4118 207 13099 559 12540 6184 302 2478 38244 18166 36769 33821
cat_boundaries=0 1
cat_threshold=8
is_linear=0
shrinkage=0.04


Tree=83
num_leaves=31
num_cat=2
split_feature=0 4 22 31 46 43 19 16 9 4 36 0 5 4 15 0 30 25 9 36 19 5 20 28 5 19 22 21 22 22
split_gain=72.0186 33.0676 32.4832 22.4446 29.4346 24.6123 22.718 21.7167 21.6141 24.1049 21.8443 22.7449 21.567 21.769 25.3937 21.9004 26.5068 20.2457 19.7722 22.2796 19.3686 18.9659 18.8768 18.3391 17.9536 17.857 20.8269 20.7189 26.3921 33.1757
threshold=3.1049998998641972 2.3950001001358037 0.037652041763067252 71.662288665771499 0 1 167.50000000000003 4.5000000000000009 14.500000000000002 1.8450000286102297 0.073037512600421919 2.8249999284744267 33.500000000000007 1.8550000190734866 3.5000000000000004 1.0000000180025095e-35 0.18334519118070605 765.12500000000011 1.5000000000000002 0.22040650993585589 5.0000000000000009 65.500000000000014 184.00000000000003 6.5000000000000009 35.500000000000007 49.500000000000007 0.027693261392414573 68.182941436767592 0.020898253656923774 0.020587688311934475
decision_type=10 2 8 10 1 9 10 2 2 2 8 10 2 2 2 8 10 2 2 10 8 2 2 2 2 10 8 8 8 8
left_child=1 7 22 5 23 6 -4 8 12 -10 11 21 13 15 20 16 -1 -6 19 -2 -15 -11 -3 -5 -7 27 -27 -14 29 -29
right_child=18 2 3 4 17 24 -8 -9 9 10 -12 -13 25 14 -16 -17 -18 -19 -20 -21 -22 -23 -24 -25 -26 26 -28 28 -30 -31
leaf_value=0.0017059425460582232 -0.023860034314775631 -0.001342354380821971 0.0034973973137247235 0.021476871559685636 -0.0076875936713087269 -0.0052033112587793733 -0.015186449673945121 -0.023402806157811415 0.014295580115876455 0.011551131639726748 4.0955386958584502e-05 0.070944778309494999 0.013474065366185685 -0.024358149758860567 0.011107920873485697 -0.001083462504206559 0.027493111768163755 0.087072665682992656 -0.0010193713408893146 0.082748700310045414 0.0026545829196823268 -0.008493183369779363 -0.022469926815267681 -0.0010135839765153579 -0.020046205118247683 -0.016576411012985098 -0.0029620470538227126 0.010886173280049703 -0.010372704013338166 0.12586862026780354
leaf_weight=192.03095715818927 274.15180384961423 98.39608978794422 578.39080194279086 178.28387772059068 200.42234126257244 315.58664741122629 125.93369844753761 55.983586216345429 368.83885168423876 481.8902833936736 1223.187561747618 8.507792132906614 211.97073119832203 41.97350939293392 618.76766224019229 4275.8619524249807 94.880377462133765 2.6718552503734818 89.505450218915939 2.2025789736071593 3495.2798015302978 88.544779923278838 219.5505438457476 85.139063948066905 223.59878903103527 199.75966773112305 1746.7213991682511 24.017480004113171 171.36973824328743 3.9076585303992024
leaf_count=1650 34864 5757 17484 5298 7726 13177 9989 338 3052 5115 14565 150 2345 926 7980 58931 547 70 3909 131 44274 1236 19650 3583 12121 7785 33184 792 4145 50
internal_value=8.96092e-05 0.000508926 -0.00424734 -0.00205757 0.00541245 -0.00486534 0.00013237 0.00123453 0.00134071 0.00498954 0.0030758 0.00946979 0.000624802 0.00154296 0.00363692 -0.000363837 0.0103134 -0.00600083 -0.0174246 -0.0227006 0.00232612 0.00842337 -0.0159688 0.0142164 -0.0111847 -0.002768 -0.00436908 0.00479231 -0.00444283 0.0309096
internal_weight=15697.3 15331.5 2027.97 1710.03 466.517 1243.51 704.325 13303.5 13247.5 2170.97 1802.13 578.943 11076.5 8718.79 4156.02 4562.77 286.911 203.094 365.86 276.354 3537.25 570.435 317.947 263.423 539.185 2357.75 1946.48 411.266 199.295 27.9251
internal_count=320824 281920 94855 69448 16677 52771 27473 187065 186727 24118 21066 6501 162609 114308 53180 61128 2197 7796 38904 34995 45200 6351 25407 8881 25298 48301 40969 7332 4987 842
cat_boundaries=0 1 2
cat_threshold=8 148
is_linear=0
shrinkage=0.04


Tree=84
num_leaves=31
num_cat=4
split_feature=4 1 46 16 24 0 46 14 9 25 43 28 40 36 20 24 33 39 22 19 6 25 22 47 31 21 30 8 25 25
split_gain=66.24 36.404 28.9068 25.9327 24.9742 21.0171 20.3041 20.6738 20.5559 19.6155 19.1262 26.6818 21.2822 20.693 20.5718 19.1089 19.0395 18.3021 18.2715 17.4638 17.4065 25.6402 17.3029 15.8309 18.9505 17.821 15.7665 16.6257 15.4132 19.2257
threshold=3.0649999380111699 2.5849999189376835 0 4.5000000000000009 0.11227729171514512 1.5049999952316286 1 97.014999389648452 21.500000000000004 158.62500000000003 2 6.5000000000000009 0.083944715559482588 0.074213303625583663 79.000000000000014 1.0000000180025095e-35 3.3321957588195805 0.42157252132892614 0.074320640414953246 49.500000000000007 180.25000000000003 415.37500000000006 0.10587605834007265 3 61.448537826538093 79.325862884521499 0.080342609435319914 158.25000000000003 431.12500000000006 313.62500000000006
decision_type=2 10 1 2 10 8 1 10 2 2 9 2 10 10 2 8 10 10 10 10 2 2 8 9 10 10 8 2 2 2
left_child=1 3 4 5 -3 6 7 -1 -8 18 11 12 13 -7 -14 -12 -2 -17 -6 -20 23 -22 -13 -19 -25 -26 -10 -28 29 -16
right_child=16 2 -4 -5 9 10 8 -9 26 -11 15 22 14 -15 28 17 -18 20 19 -21 21 -23 -24 24 25 -27 27 -29 -30 -31
leaf_value=0.0055667144152462891 -0.024396266669519998 -0.020763933314474937 -0.001905470048486675 -0.026134075448025741 0.069034453228782169 0.004661235956499892 -0.00063809920845741663 0.022819939690131436 0.023306202482750286 -0.017456074934255598 -0.013744262706627689 -0.013615992347122517 0.01684285282646741 0.044159515303852634 -0.0028082437031142055 -0.0040929673253871359 0.055731254340058232 -0.0045554696516133938 0.028086266688842506 -0.0070976836012771318 -0.01259397045117723 0.067741549534730633 -0.0022908497552811659 -0.012215833688339756 0.0039534046288653138 -0.017360083328322142 0.037762111121872395 0.0015871599626220124 -0.010214832717577078 0.0092317900044711475
leaf_weight=1554.2222465262748 201.21144459629431 299.72150200582109 1084.2208324079402 55.581027185544372 6.5533531836699686 637.79791585006751 1926.5840534460731 119.06552745448425 98.42181293759495 75.763749942183495 128.11343361274339 460.76105016237125 87.677929035853595 21.008682912448421 1818.5880132196471 731.59368107048795 3.9122891584411255 453.83651592722163 32.483799404231831 68.143324831034988 10.136944309808316 14.623144359327851 408.05155476159416 122.78811973659322 4372.3146661189385 62.646891040029004 21.199480276554823 246.39882253203541 375.09970791265368 239.1323505518958
leaf_count=14186 26057 19647 48548 342 281 16853 18405 1126 787 2750 6125 12307 595 365 37310 21055 194 4026 694 2309 308 185 7927 720 64264 2788 223 2221 5364 3382
internal_value=-5.89504e-05 0.000239716 -0.00553923 0.000888727 -0.0136727 0.000998861 0.00346051 0.00680968 0.00101243 -0.00198362 1.64641e-05 -0.00209704 -0.000402389 0.00599188 -0.00207702 0.00146941 -0.0225856 0.00181289 0.00897684 0.00438542 0.00267222 0.0354843 -0.00831031 0.00250227 0.00320972 0.00364759 0.00968913 0.0045978 -0.00276717 -0.0014033
internal_weight=15737.7 15532.5 1566.89 13965.6 482.666 13910.1 3965.89 1673.29 2292.6 182.944 9944.17 4048.12 3179.3 658.807 2520.5 5896.05 205.124 5767.94 107.18 100.627 5036.35 24.7601 868.813 5011.59 4557.75 4434.96 366.02 267.598 2432.82 2057.72
internal_count=321344 295093 74229 220864 25681 220522 36948 15312 21636 6034 183574 84103 63869 17218 46651 99471 26251 93346 3284 3003 72291 493 20234 71798 67772 67052 3231 2444 46056 40692
cat_boundaries=0 1 2 3 4
cat_threshold=4 8 76 10
is_linear=0
shrinkage=0.04


Tree=85
num_leaves=31
num_cat=4
split_feature=0 22 47 1 46 6 33 9 20 15 20 42 6 21 26 21 6 19 9 21 18 19 46 22 23 24 24 22 0 24
split_gain=63.8581 34.1624 31.0999 25.588 27.4802 17.4986 17.3248 17.8191 17.0862 19.2253 31.0531 34.7865 26.5995 19.7249 18.8705 18.2649 17.9575 28.0943 21.0886 20.6746 20.4417 27.4165 33.5527 21.9949 20.8219 31.9153 30.2066 22.8028 32.3366 18.9592
threshold=3.1350001096725468 0.0096936672925949114 0 2.5249999761581425 1 34.500000000000007 3.3321957588195805 1.5000000000000002 79.000000000000014 3.5000000000000004 218.00000000000003 2 221.25000000000003 74.235458374023452 4.5000000000000009 74.533176422119155 89.250000000000014 52.500000000000007 16.500000000000004 74.533176422119155 1.5000000000000002 128.50000000000003 3 0.032027559354901321 1.2526267170906069 0.10393471643328668 0.096784874796867384 0.086935181170701994 1.8149999976158144 0.018392982892692093
decision_type=10 8 9 10 1 2 10 2 2 2 2 9 2 8 2 8 2 8 2 8 8 10 1 8 10 10 10 10 10 8
left_child=1 -1 3 8 5 -5 7 -2 -3 10 16 12 -12 14 -11 -15 17 18 -10 -18 -19 22 -22 -24 25 26 -23 28 -28 -25
right_child=6 2 -4 4 -6 -7 -8 -9 9 13 11 -13 -14 15 -16 -17 19 20 -20 -21 21 24 23 29 -26 -27 27 -29 -30 -31
leaf_value=-0.022419912412372119 -0.024359920912208871 0.0063331061550985727 0.0069920784395619637 0.0029448048569192409 -0.0012648480344568905 -0.015846808220461011 0.053387655908880734 -0.0020750402727476871 -0.0030145336925637011 0.0020125004775172414 0.064580225858204429 -0.012163444904844277 -0.019495998948847303 0.050881807099463466 0.056859403144058317 0.011224002075018412 -0.0015608571584202079 0.00064894030625681004 0.017454696877689285 -0.012969767727041311 -0.0080265494397218223 0.0040263828952675253 -0.018017206063348893 -0.018438117434143423 0.024735901673558908 -0.0079180829423653419 0.00093114345407986979 0.0086945739047575334 0.10452992276734831 0.01721281528748201
leaf_weight=104.46142527181655 237.76373466232326 765.88425506697968 1061.5842932580272 96.741051838849671 1150.8571312960703 423.19208835146856 4.4179560039192429 76.37484846287407 2357.8363435149658 1692.6736708732788 16.108053835574541 511.38309299899265 8.6105934572406095 19.670856829034165 9.1048509217798692 206.40288378484547 2367.2920845421031 2408.2233536106069 82.344148589298129 283.97698276094161 121.44198044668883 436.74335792195052 30.84988933429122 23.824663469567895 57.36967549379915 422.34518388635479 7.5154162272810963 20.435866837389767 12.943797870539127 693.16110274381936
leaf_count=6034 31745 4779 10503 3097 48879 20935 190 3422 38055 23398 191 15232 267 219 68 6581 38367 30859 941 11844 1189 10036 632 540 425 4666 67 400 226 7449
internal_value=-9.97927e-05 0.00026735 0.000424082 -7.10486e-05 -0.0047202 -0.0123437 -0.0177983 -0.0189784 0.000547545 0.000170876 -0.000543007 -0.00989546 0.035518 0.00382338 0.00234151 0.0149012 -3.96941e-06 0.0011018 -0.00231529 -0.0027888 0.00307179 0.00626178 0.0114011 0.0145678 0.00158409 7.80136e-05 0.00715858 0.0396192 0.0684775 0.0159986
internal_weight=15711.5 15393 15288.5 14226.9 1670.79 519.933 318.557 314.139 12556.1 11790.3 9862.41 536.102 24.7186 1927.85 1701.78 226.074 9326.3 6675.03 2440.18 2651.27 4234.85 1826.63 869.278 747.836 957.353 899.984 477.638 40.8951 20.4592 716.986
internal_count=321236 285879 279845 269342 72911 24032 35357 35167 196431 191652 161386 15690 458 30266 23466 6800 145696 95485 38996 50211 56489 25630 9810 8621 15820 15395 10729 693 293 7989
cat_boundaries=0 1 2 3 4
cat_threshold=11 4 8 16
is_linear=0
shrinkage=0.04


Tree=86
num_leaves=31
num_cat=3
split_feature=4 0 22 1 22 46 21 29 15 6 10 47 4 40 25 6 47 6 21 25 4 14 39 22 32 1 24 28 5 14
split_gain=57.3293 32.903 41.1872 32.0312 32.0933 27.3716 26.8101 26.5996 26.436 25.9883 23.8301 24.0192 23.5223 21.7356 20.5281 19.6341 19.4668 20.4658 18.9001 33.8947 18.1159 17.8033 17.8945 19.8092 20.0988 19.8995 33.6512 17.6176 18.7793 17.4507
threshold=3.0149999856948857 2.0949999094009404 0.17032737284898761 1.794999957084656 0.037285478785634048 0 84.929595947265639 16.750000000000004 1.0000000180025095e-35 224.50000000000003 38.750000000000007 1 1.735000014305115 0.10025744140148164 600.87500000000011 65.500000000000014 2 4.5000000000000009 65.551872253417983 423.75000000000006 1.2549999952316286 95.215000152587905 3.2718747854232793 0.11531509459018709 1.1524543762207033 1.7050000429153445 0.14897271245718005 5.5000000000000009 41.500000000000007 82.895000457763686
decision_type=2 10 10 8 8 1 10 2 2 2 2 9 2 10 2 2 9 2 10 2 2 10 10 10 10 10 10 2 2 8
left_child=1 5 3 -3 9 16 8 10 -6 -5 11 21 -10 -14 18 -12 17 -1 -4 -20 -19 22 23 -7 25 26 -25 28 -15 -2
right_child=29 2 14 4 6 7 -8 -9 12 -11 15 -13 13 27 -16 -17 -18 20 19 -21 -22 -23 -24 24 -26 -27 -28 -29 -30 -31
leaf_value=-0.040128160170606504 0.0072807466158157676 0.0024289470878460307 0.0059496265145353349 -0.014792137544391012 0.040459843137231985 0.0020583110330053113 0.053812330962288234 -0.0029796054297507651 -0.013459195653144697 0.11268276476596852 0.021420222144224437 -0.0045976947937887746 0.0020871948300729142 0.0067046723043023004 -0.026468767758496933 0.0053144881402191081 0.0049975759027696938 0.023710815165568049 0.013714780990732724 0.086994424887583646 -0.0084779290865340182 -0.0050619676722857684 -0.021029013800270901 0.014985440183134649 0.0061721014203477897 0.0058602951633037392 0.058555421812843865 -0.0081805309918603249 -0.011899920779115766 -0.023503158008212708
leaf_weight=25.894493337720633 33.599377709091641 1083.4313317518681 634.6981030695606 556.76823548774701 20.22097923210822 968.14230864169076 11.880121008493004 2637.8081726760138 390.66371204890311 1.5761511316522945 155.65878839604557 920.28177283145487 893.54800899361726 299.90541075181682 27.699826686643064 544.14500831440091 3734.4857432621066 32.938770914450288 50.275000845547765 11.881484054028986 157.75229736138135 342.45556257199496 40.297897655516863 75.841201331466436 414.94348026439548 79.367431953549385 45.633650094270706 1187.0776086575352 120.95408039528411 208.21064505062532
leaf_count=367 3425 16886 10219 37563 812 16224 212 34655 15482 65 1323 7453 34675 8550 415 5193 42528 371 654 109 1518 6785 223 1051 2729 948 441 38070 4505 27683
internal_value=8.83514e-05 0.000391351 -0.00216674 -0.0035734 -0.00544204 0.00172184 -0.00375953 6.82077e-05 -0.00401414 -0.0142243 0.00231097 0.000703058 -0.00434034 -0.00290982 0.00668504 0.00892808 0.00432531 -0.00711997 0.00804467 0.0289415 -0.00280229 0.00319372 0.00495852 0.00563506 0.0112395 0.0216066 0.0317302 -0.00568877 0.00133274 -0.0191969
internal_weight=15708 15466.2 5290.58 4566.03 3482.59 10175.6 2924.25 6224.58 2912.37 558.344 3586.77 2886.96 2892.15 2501.49 724.554 699.804 3951.07 216.586 696.855 62.1565 190.691 1966.68 1624.23 1583.93 615.786 200.842 121.475 1607.94 420.859 241.81
internal_count=321134 290026 168217 156820 139934 121809 102306 77025 102094 37628 42370 35854 101282 85800 11397 6516 44784 2256 10982 763 1889 28401 21616 21393 5169 2440 1492 51125 13055 31108
cat_boundaries=0 1 2 3
cat_threshold=8 65 8
is_linear=0
shrinkage=0.04


Tree=87
num_leaves=31
num_cat=1
split_feature=0 22 15 20 25 42 31 4 20 23 21 21 6 25 25 35 24 22 23 23 39 1 18 24 25 23 21 4 21 24
split_gain=55.3415 29.5154 27.5899 41.0681 53.3549 48.1592 28.5365 27.1763 52.742 26.2631 21.5107 30.7023 21.4514 19.848 66.3892 31.6466 26.2749 38.4613 23.8415 22.6698 22.3084 22.2435 21.5142 28.7338 25.2515 32.0842 26.6728 19.5388 29.1958 32.4666
threshold=3.1250000000000004 0.0096936672925949114 3.5000000000000004 218.00000000000003 358.00000000000006 0 74.505519866943374 2.2350000143051152 175.00000000000003 1.0484992265701296 68.252796173095717 67.372478485107436 218.25000000000003 524.37500000000011 358.00000000000006 17.250000000000004 0.071824256330728545 0.020587688311934475 1.1644505858421328 1.1789435744285586 0.041353909298777587 0.59499999880790722 1.5000000000000002 0.24477943778038028 111.87500000000001 1.1496215462684634 59.93836975097657 1.7549999952316286 60.628669738769538 0.18812897801399234
decision_type=10 8 2 2 2 9 8 2 2 8 10 10 2 2 2 2 10 10 10 10 8 10 8 10 2 10 10 2 10 10
left_child=1 -1 3 7 10 12 13 -3 -9 -8 11 -5 -6 14 22 16 17 -16 -18 -17 -15 -20 23 27 25 26 -24 -4 -29 -30
right_child=-2 2 6 4 5 -7 9 8 -10 -11 -12 -13 -14 20 15 19 18 -19 21 -21 -22 -23 24 -25 -26 -27 -28 28 29 -31
leaf_value=-0.02110343829380848 -0.016122297218614787 0.0012600914697461954 -0.0075625404561607979 -0.011239077429339528 0.087295041946627516 -7.8219325317068264e-05 0.040910409295809219 0.0020685960103044047 -0.0088357980899470452 0.010234568847837635 -0.023854028924757544 0.047183872923588714 0.011812528195085268 0.043272013856378626 -0.027703312470687257 0.032815255826763201 -0.0059703075860119683 0.056861918787778888 -0.011301375756435104 0.09530636716954384 -0.0080745035015993821 0.030105790532318592 0.070262278257530508 0.026788590354239254 -0.013267809958102434 0.02256220895557292 -0.0075413477985340751 -0.019154010970989625 0.0080397407167280138 0.063324236570426087
leaf_weight=101.57755391905084 335.3004343326902 9343.7763361216057 218.3203764713835 174.26544660516083 14.983081566169858 165.15215255646035 53.367164620314725 1465.3520425384631 1373.8655718393857 261.65222698356956 291.13643430068623 14.67616323684342 10.453505069948733 13.098728136159478 10.016329386737196 38.675675268052146 94.797070537693799 42.368581786053255 26.033106290735304 12.379558765329419 336.80683883605525 91.368384104222059 6.2740423041395834 85.725614996394143 297.09501174208708 93.012667724164203 225.34222418384161 60.386072452878579 430.13912510080263 16.759898399934173
leaf_count=5990 37661 114583 3900 4481 134 3875 1295 36014 59887 6325 13387 433 131 139 344 651 1210 662 206 111 4318 786 150 745 4518 1076 8133 1037 9059 156
internal_value=-7.03803e-05 0.000280588 0.000424497 -0.000312161 -0.00994131 0.00792083 0.00434771 0.000218363 -0.00320776 0.015557 -0.0170425 -0.00645546 0.058046 0.00265658 0.00439808 0.0209745 0.0152728 0.0404015 0.00889018 0.0495843 -0.00602311 0.0208723 0.00073216 0.00502225 -0.00485893 0.00284157 -0.00512361 0.00241186 0.00671885 0.0102587
internal_weight=15704.2 15368.9 15267.3 12853.7 670.667 190.589 2413.62 12183 2839.22 315.019 480.078 188.942 25.4366 2098.6 1748.69 315.639 264.583 52.3849 212.199 51.0552 349.906 117.401 1433.06 811.331 621.724 324.629 231.616 725.605 507.285 446.899
internal_count=321397 283736 277746 232925 22441 4140 44821 210484 95901 7620 18301 4914 265 37201 32744 3970 3208 1006 2202 762 4457 992 28774 14897 13877 9359 8283 14152 10252 9215
cat_boundaries=0 1
cat_threshold=8
is_linear=0
shrinkage=0.04


Tree=88
num_leaves=31
num_cat=2
split_feature=4 35 1 5 19 15 1 47 4 9 20 25 25 15 43 19 24 24 23 23 0 1 25 25 25 19 25 25 36 1
split_gain=54.2206 28.6241 24.1427 29.3873 22.5053 22.3058 21.1353 19.971 18.6443 18.1781 28.5728 18.1694 22.7139 39.1426 37.3082 23.6042 36.2892 27.9482 29.409 22.05 19.0327 18.7588 18.5336 23.5398 31.335 29.7185 20.1529 18.5824 18.007 21.0639
threshold=3.0149999856948857 12.750000000000002 2.4050000905990605 41.500000000000007 9.5000000000000018 1.5000000000000002 1.0000000180025095e-35 0 1.8049999475479128 2.5000000000000004 159.00000000000003 510.25000000000006 298.37500000000006 3.5000000000000004 1 190.50000000000003 0.18812897801399234 0.11491150408983232 1.0311969518661501 1.3789317607879641 2.6250000000000004 0.65500000119209301 217.37500000000003 84.125000000000014 73.125000000000014 10.500000000000002 85.375000000000014 113.87500000000001 0.034837931394577033 1.3450000286102297
decision_type=2 2 10 2 8 2 8 9 2 2 2 2 2 2 9 10 10 10 10 10 8 10 2 2 2 8 2 2 10 10
left_child=1 6 4 8 5 -3 -1 -8 -4 10 -9 12 22 14 19 16 -15 18 -17 -14 -18 -20 23 24 -6 27 -27 -25 29 -24
right_child=-2 2 3 -5 11 -7 7 9 -10 -11 -12 -13 13 15 -16 17 20 -19 21 -21 -22 -23 28 25 -26 26 -28 -29 -30 -31
leaf_value=0.011840206984933222 -0.019177972024284957 0.021816148703315524 -0.013358940063623061 -0.013750980934294292 -5.6222839113915503e-05 -0.008680196165790419 0.003136040643639741 0.0053616302459756696 1.3845421463463012e-06 -5.7771947473412335e-05 -0.019859504871458437 -0.0058687745140798744 0.0069743877071792764 -0.014702813533207926 -0.0090396634823213997 -0.022099978409852977 0.048527403610831459 0.0096091511621196422 -0.000406763576721859 0.045743803763358487 -0.0024933687436889209 0.05606474560155017 -0.019683586970547361 -0.011435718167860714 -0.014234946923705822 0.045826714006734597 0.0030492282509922979 0.049782028166331149 -0.0081207089989219217 0.047852725174827297
leaf_weight=343.17469756375067 235.11303143680561 39.628709514858201 199.16457538562827 498.44374608725775 2204.9890313511714 688.16849525156431 4228.7954632432666 111.93241507746279 1008.7365781186381 1469.2876064376906 197.00189264235087 662.02363887336105 409.40668277163059 65.005230410955846 300.28031382430345 9.602513356599955 31.621417108923197 74.72656820435077 10.504317114129661 24.014642769470811 17.867295287549496 78.252597075887024 10.917336620390417 9.6694460781291109 280.27597224363126 16.812243829481304 1850.319339704467 34.467143007554114 578.63062454434112 18.973124884068966
leaf_count=2943 31093 894 8561 25547 51984 15838 77671 1215 35724 11606 2365 8052 5659 689 3556 327 168 590 131 155 109 612 182 194 4949 290 22791 325 6912 321
internal_value=-0.000154212 0.000135823 -0.00129927 -0.00558788 -0.000311372 -0.00698652 0.00219795 0.00164455 -0.00220745 -0.00190678 -0.0107207 0.000415326 0.00110719 0.00654048 0.00162342 0.0190224 0.00482733 0.0283076 0.0422334 0.00902432 0.0303432 0.0494067 -1.75972e-06 0.000903463 -0.00166192 0.00424051 0.00346088 0.0363256 -0.00653926 0.0232173
internal_weight=15707.8 15472.7 9122.5 1706.34 7416.16 727.797 6350.19 6007.02 1207.9 1778.22 308.934 6688.36 6026.34 1021.28 733.702 287.58 114.494 173.086 98.3594 433.421 49.4887 88.7569 5005.05 4396.53 2485.27 1911.27 1867.13 44.1366 608.521 29.8905
internal_count=321453 290360 194560 69832 124728 16732 95800 92857 44285 15186 3580 107996 99944 11996 9370 2626 966 1660 1070 5814 277 743 87948 80533 56933 23600 23081 519 7415 503
cat_boundaries=0 1 2
cat_threshold=69 20
is_linear=0
shrinkage=0.04


Tree=89
num_leaves=31
num_cat=4
split_feature=0 0 25 20 23 25 25 1 24 21 21 23 43 42 36 16 46 21 21 21 0 1 46 25 21 25 14 30 1 29
split_gain=52.9163 26.4203 37.2031 67.1666 41.2118 34.533 44.4334 32.4543 31.0641 29.1161 45.0642 28.4429 25.2449 24.4201 23.8299 23.1658 23.0974 22.3586 21.7917 21.2438 21.1176 20.1303 19.9511 20.5009 29.5607 33.1308 20.2959 29.8951 26.3 24.862
threshold=3.1049998998641972 2.0949999094009404 167.62500000000003 218.00000000000003 1.0593760013580324 298.37500000000006 445.75000000000006 2.3850001096725468 0.030932125635445121 67.372478485107436 63.022916793823249 1.0608530640602114 0 1 0.019566795788705352 4.5000000000000009 2 59.93836975097657 68.347362518310561 69.587730407714858 2.7150000333786015 2.5649999380111699 3 84.125000000000014 69.220321655273452 29.375000000000004 97.014999389648452 0.084390528500080123 0.95499998331069957 14.250000000000002
decision_type=10 10 2 2 8 2 2 10 10 10 10 8 9 9 8 2 1 8 10 10 10 10 1 2 10 2 8 10 10 2
left_child=1 15 4 7 14 -5 8 12 -7 10 -10 -6 16 -8 -3 22 -4 21 -11 -20 -15 -13 -1 24 25 -24 27 28 -25 -30
right_child=-2 2 3 5 11 6 13 -9 9 18 -12 17 -14 20 -16 -17 -18 -19 19 -21 -22 -23 23 26 -26 -27 -28 -29 29 -31
leaf_value=0.0039318603530974763 -0.01559321068037956 0.07927425910263354 0.010443908313820496 -0.011619144856839051 0.05568756248734278 -0.016906664265477704 0.052435401006885637 -0.01975011159549038 0.093675895424936387 0.08998130403802003 -0.0019812455219737394 0.013813124506376832 -0.013706351988957498 0.0020512083463276299 -0.0092314521258678259 -0.024947184969425388 -0.0069814592261004896 0.0018151357874089898 -0.030846135878201477 0.043699628077543934 -0.032346435482269294 0.067009035700685379 0.0056977284486153922 0.021717392652570052 -0.0091267594640335424 -0.0053015095204239802 -0.0046982020798314221 0.00092796592258759648 0.01442095253950759 -0.00074242573115300935
leaf_weight=3938.2530163219199 337.81152757618111 3.9061289263190693 190.44032457657158 125.3925538159674 15.196591021725906 21.971860274206847 11.665753526613116 447.19963219691999 8.1913743969053012 15.547187741845844 54.454037956893444 72.902475384995341 428.96823225310072 136.32703816285357 625.8574596918188 51.435528580099344 333.01834680791944 2540.2486353744753 5.9184886533766976 71.321663405746222 35.033950095064938 12.789586993167175 899.64961454831064 215.38154564471915 752.67392990156077 852.16666218382306 577.88910976797342 2210.7888885489665 301.19215722894296 403.39298193529248
leaf_count=44728 38867 191 3266 4653 706 1619 118 20845 74 156 1003 884 6766 3073 41249 315 5987 65203 188 1697 2119 402 17981 2559 13461 10170 8054 17002 3442 4587
internal_value=4.29399e-05 0.000388096 -0.00194496 -0.00641867 0.000633771 0.00638095 0.012669 -0.0108658 0.0268756 0.0331587 0.0117391 0.00282783 -0.00667373 -0.00115065 -0.00855134 0.00156766 -0.000614735 0.00249932 0.0472981 0.0376152 -0.00510489 0.0224802 0.00170484 0.000292176 -0.00250251 0.000344922 0.0021807 0.00345282 0.00950839 0.00574511
internal_weight=15697 15359.2 5156.35 1885.45 3270.9 485.824 360.431 1399.63 177.405 155.433 62.6454 2641.14 952.427 183.027 629.764 10202.8 523.459 2625.94 92.7873 77.2402 171.361 85.6921 10151.4 6213.13 2504.49 1751.82 3708.64 3130.76 919.967 704.585
internal_count=321365 282498 160199 51564 108635 14700 10047 36864 4737 3118 1077 67195 16019 5310 41440 122299 9253 66489 2041 1885 5192 1286 121984 77256 41612 28151 35644 27590 10588 8029
cat_boundaries=0 1 2 3 4
cat_threshold=16 8 4 8
is_linear=0
shrinkage=0.04


Tree=90
num_leaves=31
num_cat=3
split_feature=4 22 15 9 14 5 43 1 47 38 21 0 36 24 19 35 16 22 24 25 21 24 22 23 24 20 25 46 24 25
split_gain=47.7232 29.6232 26.9526 26.7569 44.5591 32.8641 41.6934 35.7874 32.8455 34.8283 24.7085 28.2716 23.6998 23.1116 23.0135 22.7504 22.4211 29.2322 25.5476 42.0144 22.6939 29.8774 32.317 23.2859 55.1639 32.1649 31.2746 30.2316 29.5791 28.3423
threshold=3.0649999380111699 0.0096936672925949114 1.0000000180025095e-35 2.5000000000000004 77.305000305175795 29.500000000000004 0 1.1649999618530276 1 1.1303130984306338 83.633903503417983 2.6049998998641972 0.13286636024713519 0.15303881466388705 190.50000000000003 10.750000000000002 3.5000000000000004 0.18043268471956256 0.16615853458642962 82.375000000000014 61.860757827758796 0.15303881466388705 0.1137518770992756 1.06830769777298 0.056422362104058273 184.00000000000003 213.25000000000003 2 0.0858476758003235 487.75000000000006
decision_type=2 8 2 2 10 2 9 8 9 8 10 8 10 10 10 2 2 10 10 2 10 10 10 10 10 2 2 1 10 2
left_child=1 -1 -3 4 -4 6 12 -8 -9 13 11 -7 -6 -10 -15 -11 17 18 19 -5 -21 23 -23 24 -22 26 -25 -26 -28 -27
right_child=-2 2 3 16 5 10 7 8 9 15 -12 -13 -14 14 -16 -17 -18 -19 -20 20 21 22 -24 25 27 29 28 -29 -30 -31
leaf_value=-0.021313750291597315 -0.020142040886998901 0.027332704458447928 0.003481067894096212 -0.0019655329638641615 -0.019291356567389891 -0.0062836234816014205 0.029853135308957821 -0.015820537905165008 0.0017498835007103458 0.012392640553757626 0.038364402403799423 -0.021446619014190701 0.0018644580703082703 0.01882844025988684 -0.020129232803777288 -0.0068050277349105438 -0.0091320645618030889 0.0070376961925986171 -0.0061940165468455811 -0.020878094764180295 0.0059383488353894447 0.0017163966953798009 0.035539715314516857 0.0035969434263363369 -0.0037690438381759758 0.011914095046333931 -0.022179931322116736 0.047560481730228477 -0.0031043490265923296 -0.0021819920747911158
leaf_weight=100.83746440615505 185.97217565227766 57.922919489676133 1810.5107378552202 2830.2407617475837 329.82186950277537 536.03708985983394 59.564576057251543 216.38990589883178 1338.2658613061067 107.33873746613972 14.963542423211036 312.05693468532991 113.22053729603067 232.13944183848798 26.161822884110734 1111.7869127324084 299.70238232705742 1510.2687772908248 725.21803628467023 54.560006244108081 820.24013916053809 81.490177650935948 101.51610374171287 833.76668679201975 23.109224214218557 720.99723380501382 172.88379613030702 83.323436381295323 520.53620962332934 332.66352219693363
leaf_count=6269 26324 1486 34049 54997 14018 21108 826 2386 40450 1914 575 29492 2466 2911 551 20546 1839 12186 5180 481 14173 680 695 8034 301 6730 2062 832 4376 3150
internal_value=-5.4212e-05 0.000188183 0.000330826 0.000226688 -0.00179797 -0.0039725 -0.00226092 -0.000588164 -0.00119908 -1.25511e-05 -0.010967 -0.0118863 -0.0135781 0.00387243 0.0148048 -0.00510271 0.00160685 0.00197359 0.000924603 0.00171117 0.00449059 0.00487227 0.0205916 0.00404534 0.00948223 0.00208871 -0.00161836 0.036447 -0.00789113 0.00746201
internal_weight=15663.5 15477.5 15376.7 15318.8 6208.26 4397.75 3534.69 3091.65 3032.08 2815.69 863.058 848.094 443.042 1596.57 258.301 1219.13 9110.52 8810.81 7300.55 6575.33 3745.09 3690.53 183.006 3507.52 926.673 2580.85 1527.19 106.433 693.42 1053.66
internal_count=321087 294763 288494 287008 171292 137243 86068 69584 68758 66372 51175 50600 16484 43912 3462 22460 115716 113877 101691 96511 41514 41033 1375 39658 15306 24352 14472 1133 6438 9880
cat_boundaries=0 1 2 3
cat_threshold=12 10 4
is_linear=0
shrinkage=0.04


Tree=91
num_leaves=31
num_cat=4
split_feature=1 47 0 22 22 31 1 4 46 0 37 9 21 47 5 4 5 37 46 5 29 14 20 23 26 20 14 40 23 21
split_gain=43.7832 26.7356 29.0289 34.7386 21.7575 25.2668 20.7977 18.5845 17.6 17.2643 16.4281 17.0068 15.5943 15.4182 22.0086 22.0185 15.8355 15.3094 15.0479 19.7508 18.9877 20.4465 17.8012 27.5491 25.867 23.875 23.255 28.3846 21.6139 21.4581
threshold=3.1049998998641972 0 2.2749999761581425 0.047027543187141425 0.17032737284898761 70.56299209594728 1.7450000047683718 2.495000004768372 1 2.8149999380111699 75.15198135375978 14.500000000000002 65.480831146240249 2 2.5000000000000004 1.2549999952316286 9.5000000000000018 74.302265167236342 3 65.500000000000014 16.250000000000004 95.505001068115249 177.50000000000003 1.1482241153717043 1.5000000000000002 179.00000000000003 89.505001068115249 0.16259247809648517 1.1428120136260989 72.823532104492202
decision_type=10 9 10 8 10 8 8 2 1 10 8 2 10 9 2 2 2 10 1 2 2 10 2 10 2 2 10 10 10 10
left_child=1 2 13 6 5 -5 9 -3 -2 -4 -8 -12 17 18 -15 -16 -17 -6 19 -1 21 -20 24 25 28 -24 27 -26 -22 -29
right_child=8 7 3 4 12 -7 10 -9 -10 -11 11 -13 -14 14 15 16 -18 -19 20 -21 22 -23 23 -25 26 -27 -28 29 -30 -31
leaf_value=0.003459317572828522 -0.030552781512853559 0.0051826788821031158 -0.0023650272167791454 -0.0064894833517305951 0.0016487805683317587 0.0018085651421335175 -0.01718003820128014 0.030460518030678844 -0.0090610597747398085 0.040397634811877234 -0.0016541498849417899 0.097604710986741686 0.0277692061318402 -0.026375980187117273 0.028280326690353172 -0.015683751210078541 0.0027702192468135678 0.030302314450114127 0.0031042185336677738 -0.015514735939076301 -0.0048069874323601299 -0.0057928510529028521 -0.012904634437764921 0.0056037846164402961 -0.0035379390752964934 -3.4580567145741846e-05 -0.021455303803313695 0.014295845962418683 -0.019134241587711879 0.063228377674975703
leaf_weight=3913.8263456034474 82.721618397743441 1031.0873040605802 87.516880206763744 1363.0758943931432 362.51336747105233 1029.0910928613739 496.47566981450655 47.889373383834027 233.46013022970874 17.201849485281855 87.089605121524073 1.8502435232512642 49.062344414531253 74.68602235801518 32.554244126193225 139.0817243414931 157.50829003518447 31.571963429683819 3007.5720441155136 88.747114764060825 377.38695607427508 477.89786379481666 347.42308281338774 772.01483094319701 187.35381144098938 683.99139613215812 56.472928098402917 106.51834690570831 306.12222860194743 15.886057415977119
leaf_count=49439 9448 9137 2421 44767 7231 40074 36819 1531 21020 627 5745 71 738 830 364 1331 1422 537 37103 1710 5009 8468 7191 7258 2016 14595 685 580 2717 149
internal_value=-6.46809e-05 0.000239019 -0.000221904 -0.00337133 -0.00140909 -0.00291879 -0.0114134 0.00627736 -0.0147751 0.00493732 -0.0143485 0.00142855 0.00671973 0.00081106 -0.00675282 -0.00242615 -0.00589369 0.00402536 0.0011129 0.00303385 -9.79964e-05 0.00188187 -0.00251784 -0.000104272 -0.00665644 -0.00438192 0.00190959 0.00623752 -0.0112481 0.0211398
internal_weight=15665.7 15349.5 14270.5 3525.45 2835.31 2392.17 690.134 1078.98 316.182 104.719 585.416 88.9398 443.148 10745 403.83 329.144 296.59 394.085 10341.2 4002.57 6338.64 3485.47 2853.17 1803.43 1049.74 1031.41 366.231 309.758 683.509 122.404
internal_count=321033 290565 279897 139030 93347 84841 45683 10668 30468 3048 42635 5816 8506 140867 3947 3117 2753 7768 136920 51149 85771 45571 40200 29044 11156 21786 3430 2745 7726 729
cat_boundaries=0 1 2 3 4
cat_threshold=11 4 3 8
is_linear=0
shrinkage=0.04


Tree=92
num_leaves=31
num_cat=1
split_feature=4 35 22 10 21 22 19 43 22 23 25 25 24 17 2 23 25 5 24 40 22 25 21 24 25 25 25 25 19 0
split_gain=45.7773 26.3026 31.0283 31.6888 25.8845 21.8409 28.5163 39.1761 45.8644 36.1569 32.4499 54.5488 43.8765 36.0306 32.5178 59.808 30.5805 24.5796 24.7075 24.2253 25.5684 23.8042 23.5109 23.1162 27.6849 36.5815 36.3958 78.2338 30.581 27.5756
threshold=3.0149999856948857 12.750000000000002 0.042542364448308952 5.5000000000000009 83.633903503417983 0.193641372025013 167.50000000000003 0 0.043845927342772491 1.0640090107917788 243.87500000000003 465.75000000000006 0.16761939227581027 3.5000000000000004 -1.2350000143051145 1.1789435744285586 713.87500000000011 53.500000000000007 0.10043824836611749 0.24450777471065524 0.043041927739977844 239.87500000000003 69.501586914062514 0.3201736062765122 296.12500000000006 635.37500000000011 158.62500000000003 150.62500000000003 79.500000000000014 2.5749999284744267
decision_type=2 2 8 2 10 10 10 9 8 8 2 2 10 10 10 10 2 2 8 8 8 2 10 10 2 2 2 2 8 8
left_child=1 -1 3 -3 5 6 7 8 9 -4 -8 12 14 -13 -12 -16 -15 18 21 -9 -21 -10 -17 24 26 29 27 -7 -29 -26
right_child=-2 2 4 -5 -6 23 10 19 17 -11 11 13 -14 16 15 22 -18 -19 -20 20 -22 -23 -24 -25 25 -27 -28 28 -30 -31
leaf_value=0.0023006410238099926 -0.017904508688542639 -0.015161249137721423 0.12476399057721604 -0.0020388539356056292 0.055925210497632806 0.0055519639397243279 -0.0020850592422700679 -0.0099229502002539209 0.0054659726942264588 -0.0091508431375356726 0.0019710360369171141 0.0067847799250240507 -0.015588544192252569 -0.025880831603643985 0.020265819117478493 0.086058782226204902 0.025992318975754221 0.028268671242572294 -0.0036136070312030228 0.085991241834250595 -0.00091513083108504844 -0.019821124897033696 0.019681484461907071 -0.010689227421822494 0.038778121558663135 -0.033286271396956967 -0.010436483011658866 0.023739669107964056 0.11291930644896772 0.007525252881146539
leaf_weight=6362.9884272717172 222.50735302502289 464.35806619958021 7.4129746737889919 805.07558918558061 12.16726040933281 570.93380058417097 933.06162686366588 1389.4973632739857 1059.5775268514408 4.9379995400086054 112.60481432452798 228.02761992160231 58.824164292775095 126.43739308230579 314.99444504105486 33.459360858425498 20.308177115395665 47.169429393135943 1683.364126564702 4.4696839645039281 555.55677451379597 62.078975501703098 12.527660555671899 133.6079105688259 105.34071866236627 17.779645083472133 215.22751311399043 11.635340701788666 14.270990581251679 80.17852961178869
leaf_count=95774 31161 30715 138 20352 105 7739 30503 27843 21073 87 1304 3099 825 2550 5286 293 314 1004 22866 94 12638 981 156 1135 672 190 1557 80 100 680
internal_value=6.81479e-05 0.000328423 -0.00105257 -0.00685032 -0.000109591 -0.00020463 -0.00108465 -0.00270394 0.00028278 0.0742492 0.00314841 0.00853195 0.0167507 -0.00314667 0.0208004 0.0266413 -0.0185477 -6.10379e-05 -0.000548762 -0.00705771 -6.23453e-05 0.00404647 0.0688653 0.00488504 0.00694683 0.020115 0.00362461 0.00871086 0.0753855 0.0254053
internal_weight=15670.4 15447.9 9084.89 1269.43 7815.45 7803.28 6654.31 4814.06 2864.54 12.351 1840.25 907.184 532.41 374.773 473.586 360.981 146.746 2852.19 2805.02 1949.52 560.026 1121.66 45.987 1148.97 1015.37 203.299 812.068 596.84 25.9063 185.519
internal_count=321314 290153 194379 51067 143312 143207 131054 86724 46149 225 44330 13827 7864 5963 7039 5735 2864 45924 44920 40575 12732 22054 449 12153 11018 1542 9476 7919 180 1352
cat_boundaries=0 1
cat_threshold=148
is_linear=0
shrinkage=0.04


Tree=93
num_leaves=31
num_cat=3
split_feature=1 0 47 22 6 9 5 19 46 11 14 19 32 47 6 16 5 30 37 24 2 29 21 14 23 24 30 21 34 19
split_gain=42.0838 25.2335 22.4849 18.573 18.3345 17.1047 28.0731 23.335 26.1966 22.668 21.6173 35.1966 22.7128 21.0769 20.1989 19.4365 19.0657 18.9836 18.9047 23.8083 17.7108 17.5174 17.0501 16.9733 17.7148 20.972 19.4581 18.4901 21.3434 19.9533
threshold=2.7549999952316289 3.0949999094009404 0 0.0069816617760807284 206.25000000000003 10.500000000000002 33.500000000000007 59.500000000000007 1 0.64760348200798046 95.634998321533217 17.500000000000004 1.0517271757125857 2 176.25000000000003 4.5000000000000009 2.5000000000000004 0.12447828426957132 70.86481094360353 0.037270663306117065 1.2749999761581423 16.750000000000004 61.135782241821296 80.704998016357436 1.1222091317176821 0.034825121983885772 0.13986628502607348 68.847919464111342 2.5000000000000004 59.500000000000007
decision_type=10 10 9 8 2 2 2 10 1 10 8 10 8 9 2 2 2 10 10 10 10 2 8 10 10 8 10 8 2 10
left_child=2 -2 3 -1 -3 6 10 8 17 15 13 -12 21 18 -10 -7 -15 -8 23 -20 22 -13 -14 24 25 -5 -26 28 -27 -29
right_child=1 4 -4 5 -6 9 7 -9 14 -11 11 12 20 16 -16 -17 -18 -19 19 -21 -22 -23 -24 -25 26 27 -28 29 -30 -31
leaf_value=-0.028007189231795224 -0.0052406364042420148 -0.024914998146179996 0.0061289942642308469 -0.0052001335381148496 0.058476864177637887 0.0027322712142004496 -0.013218951750109653 -0.007111254678109356 0.0072963783758302325 0.032167806111208522 -0.018877274581406703 0.00019393806044097552 0.011153143319485052 -0.027932422259922669 0.048719876462775515 -0.031717510251902309 -0.0036979798958342849 0.027789278586264132 0.020693125154130437 0.0041054080893722237 0.025424266264412645 0.029239289040549857 -0.0054054558261580144 -0.0020768490349665049 -0.0045005207626032124 -0.0093218187336497026 0.0041714748126887311 -0.0010439593669388577 0.017210088759064716 0.012149714364743689
leaf_weight=36.584855624474585 798.74992985941935 154.11840978742111 1045.804404882947 233.36971734394319 3.3868763630744061 2892.4846002114937 168.40603608940728 1592.4981169707607 285.1180231703911 40.603970747441053 213.13493939372711 69.204470140393823 108.25787422247231 65.779984003864229 19.283114364254288 25.431715691462159 238.11805000156164 19.222752617206424 154.19522193609737 1307.5286324928747 32.814015860203654 63.422984749777243 1105.1742561300052 2078.9425840075128 844.78646362759173 54.099851980106905 809.78002756042406 475.82426513824612 413.44685308006592 296.79391430388205
leaf_count=2216 43258 24494 9819 4872 341 33766 4650 50992 7215 345 9547 1766 993 733 463 157 2303 390 4270 19139 442 2107 23172 38298 8144 809 5651 9512 5365 5950
internal_value=-2.10997e-05 -0.00814772 0.00050815 7.20702e-05 -0.022739 0.000149962 -0.000597262 -0.00475915 0.0028445 0.00284024 0.000415658 -0.00378786 -0.00144058 0.00137639 0.0100845 0.00241988 -0.00874436 -0.00887136 0.00184978 0.00587091 -0.00312137 0.0142283 -0.0039169 0.000722834 0.00258486 0.00577308 -0.00025389 0.00784373 0.0141182 0.00402825
internal_weight=15646.4 956.255 14690.1 13644.3 157.505 13607.7 10649.2 2084.53 492.03 2958.52 8564.67 1592.01 1378.87 6972.67 304.401 2917.92 303.898 187.629 6668.77 1461.72 1246.25 132.627 1213.43 5207.04 3128.1 1473.53 1654.57 1240.16 467.547 772.618
internal_count=321179 68093 253086 243267 24835 241051 206783 63710 12718 34268 143073 38027 28480 105046 7678 33923 3036 5040 102010 23409 24607 3873 24165 78601 40303 26508 13795 21636 6174 15462
cat_boundaries=0 1 2 3
cat_threshold=11 4 3
is_linear=0
shrinkage=0.04


Tree=94
num_leaves=31
num_cat=2
split_feature=4 22 15 15 20 25 42 1 20 11 22 31 23 6 19 4 25 25 25 12 25 25 19 22 17 30 30 11 36 46
split_gain=38.3012 25.3921 23.0192 19.5105 33.9184 46.5825 44.6242 23.1803 24.7679 24.5975 28.4389 22.6013 24.7118 21.7511 19.7098 20.1512 19.4321 19.3484 20.4877 19.036 19.0311 53.5457 38.6121 19.4386 19.2877 18.6522 29.6799 18.4 20.2351 16.7618
threshold=3.0649999380111699 0.0096936672925949114 1.0000000180025095e-35 3.5000000000000004 218.00000000000003 358.00000000000006 0 2.5049999952316289 159.00000000000003 0.047675872221589095 0.26898275315761572 74.505519866943374 1.0484992265701296 217.25000000000003 23.000000000000004 1.4049999713897707 162.12500000000003 118.62500000000001 177.37500000000003 9.5000000000000018 524.37500000000011 364.12500000000006 190.50000000000003 0.019503099843859676 4.5000000000000009 0.05918587930500508 0.088986743241548552 0.11929211765527727 0.054549826309084899 1
decision_type=2 8 2 2 2 2 9 10 2 10 10 8 8 2 8 2 2 2 2 8 2 2 10 10 8 10 10 8 8 1
left_child=1 -1 19 4 7 -6 13 -4 17 10 29 14 -13 -7 27 -16 -12 -9 25 -3 21 24 -23 -24 -17 -19 -27 28 -5 -10
right_child=-2 2 3 11 5 6 -8 8 9 -11 16 12 -14 -15 15 20 -18 18 -20 -21 -22 22 23 -25 -26 26 -28 -29 -30 -31
leaf_value=-0.019966511395703816 -0.018582820705331654 0.01169779250987342 0.00069989892313865668 -0.0028427712876908317 -0.015908455845337732 0.081065276501781136 -0.00082654686958672852 0.0014804687136611963 -0.024624183556091722 -0.0016640322442132685 0.12577289358777938 0.037127758054934644 0.0081623017458216096 0.010760532459655329 -0.0095185056960624837 0.0023328214795801435 0 0.0020557368310059583 -0.020501604878867482 0.064258847205402855 -0.0061610157065415819 0.00086388292374156865 -0.024800980236314531 0.035609872456717095 -0.015854306582744039 0.12150087321886931 0.015711585881629204 0.0093776024706607192 0.071381214400121268 -0.0094715736048380916
leaf_weight=98.229599494487047 174.63413325673901 45.458740332629532 10877.609418386361 8.6666049524210411 475.11639555834699 16.445951725356284 168.89407947380096 261.9928791243583 190.34237758489326 507.63005666085519 2.8485249751247457 56.495780676137656 270.95656919805333 12.63181698322296 258.80856731161475 1005.2717128015356 3.9033289449289441 8.9148261612281221 7.9991193478927007 13.963039802853016 330.35492004826665 99.304189223330468 8.2497636750340444 156.98987771000247 101.81472337571904 8.6515559237450379 8.3547017886303347 144.21615036390722 16.175641375593841 309.2720192031702
leaf_count=6343 26192 1167 157811 92 19282 132 4052 8281 14258 11348 151 1330 6968 150 6133 20114 130 330 173 326 4324 1046 289 1888 3764 194 124 1346 208 23279
internal_value=-8.32554e-06 0.000202207 0.000332594 0.000235119 -0.000388692 -0.00912307 0.00713931 9.40685e-05 -0.00493045 -0.00790176 -0.0141316 0.00350037 0.0132698 0.05203 0.00199098 0.000855427 0.0619892 0.00523011 0.0332053 0.024974 0.00243993 0.00451734 0.0206491 0.0324387 0.000643809 0.0500735 0.0735105 0.0150555 0.0462242 -0.01529
internal_weight=15650.2 15475.6 15377.3 15317.9 12860.6 673.088 197.972 12187.5 1309.91 1014 506.366 2457.3 327.452 29.0778 2129.85 1960.79 6.75185 295.913 33.9202 59.4218 1701.99 1371.63 264.544 165.24 1107.09 25.9211 17.0063 169.058 24.8422 499.614
internal_count=321225 295033 288690 287197 239695 23616 4334 216079 58268 49166 37818 47502 8298 282 39204 37558 281 9102 821 1493 31425 27101 3223 2177 23878 648 318 1646 300 37537
cat_boundaries=0 1 2
cat_threshold=8 4
is_linear=0
shrinkage=0.04


Tree=95
num_leaves=31
num_cat=0
split_feature=0 22 35 22 21 20 22 25 25 25 20 22 21 11 6 22 25 1 24 23 8 30 32 11 25 25 38 2 22 40
split_gain=39.4365 24.8651 20.9137 25.2548 33.9456 32.2065 24.6746 22.5319 38.0271 26.5835 30.6684 25.8951 39.2214 21.0179 26.3646 21.1197 36.9901 18.552 18.2404 31.4296 22.7195 19.833 22.1599 19.7727 19.4979 23.9118 18.7508 18.637 17.8459 17.7798
threshold=3.1250000000000004 0.0096936672925949114 12.750000000000002 0.10032052919268609 70.697650909423842 177.50000000000003 0.10738126188516618 31.125000000000004 89.500000000000014 102.62500000000001 177.50000000000003 0.10459657013416292 67.372478485107436 0.033085215836763389 15.500000000000002 0.010512687265872957 298.37500000000006 1.0000000180025095e-35 0.3201736062765122 1.3789317607879641 34.500000000000007 0.14454716444015506 1.2322457432746889 0.312537431716919 167.62500000000003 150.62500000000003 1.1614264249801638 0.054999999701976783 0.14480212330818179 0.11926129087805749
decision_type=10 8 2 10 10 2 10 2 2 2 2 10 10 8 2 8 2 8 10 10 2 10 10 10 2 2 10 10 10 10
left_child=1 -1 17 13 7 -6 -7 -5 28 10 -10 12 29 14 -4 16 -15 -3 19 21 -20 26 24 27 25 -23 -13 -21 -9 -11
right_child=-2 2 3 4 5 6 -8 8 9 11 -12 18 -14 15 -16 -17 -18 -19 20 23 -22 22 -24 -25 -26 -27 -28 -29 -30 -31
leaf_value=-0.020351693595215496 -0.014242706097810406 0.011177909600761938 0.01533155131771516 0.0076436950011017782 -0.0043337619066403247 0.07313337319977388 0.022923019240493666 -0.014718202494538604 -0.0056333896863154532 -0.024257175079146546 0.031296051638426498 -0.00042012796109449962 0.048890329208730363 0.14622414050362267 -0.010647605001439906 -0.0017656111613742302 -0.0017704327818213819 0.0015953793697906962 0.014837362375770428 0.011167285312554074 -0.022396556680651367 0.023661176437270597 -0.0041323414688251335 -0.017578594938311994 0.0077194951674302839 0.090392264143014531 -0.012184118071834442 0.039999586258982103 -0.003077463376311805 0.017846187435684915
leaf_weight=92.363315074238926 306.39646147645544 341.01200179476291 67.001132724341005 640.32385984819848 48.467401659116149 21.053441846743226 61.428909160196781 343.41105793893803 55.387392391450703 26.937548408284783 99.443380745477043 1117.3332734941505 43.4572684452869 3.2498824233189207 772.8919464435894 4123.6008049763041 7.2126777376979589 5972.9744742830517 33.363671718165278 97.289614776149392 110.65083890268579 53.504484360571951 130.57347109355032 22.213005866855383 119.79459917196073 9.6764951879158598 268.23644178686664 57.479314487427473 547.63979417213704 36.7064070077613
leaf_count=5966 37514 2853 2554 13314 542 248 632 5826 460 427 1388 11942 427 118 49102 81076 281 90132 199 870 1037 463 859 108 863 66 2700 511 8261 475
internal_value=-5.69159e-05 0.00022736 0.000353734 -0.000893026 0.00149641 0.0214439 0.0365095 0.000804936 -0.000575822 0.00215931 0.0181083 0.000988614 0.0200623 -0.00278858 -0.00855463 -0.00161438 0.0525969 0.00211524 -3.00703e-05 0.00102389 -0.0137002 -0.000648644 0.00841675 0.017017 0.0173674 0.0351929 -0.00270758 0.022089 -0.00757976 -1.19175e-05
internal_weight=15631.1 15324.7 15232.3 8918.33 3944.37 130.95 82.4824 3813.42 3173.1 2282.05 154.831 2127.22 107.101 4973.96 839.893 4134.06 10.4626 6313.99 2020.12 1876.1 144.015 1699.12 313.549 176.982 182.976 63.181 1385.57 154.769 891.051 63.644
internal_count=321214 283700 277734 184749 51618 1422 880 50196 36882 22795 1848 20947 1329 133131 51656 81475 399 92985 19618 18382 1236 16893 2251 1489 1392 529 14642 1381 14087 902
is_linear=0
shrinkage=0.04


Tree=96
num_leaves=31
num_cat=1
split_feature=4 1 21 23 39 25 25 46 25 25 25 22 25 25 22 40 23 24 1 23 24 22 21 15 25 21 0 35 31 15
split_gain=40.1226 23.3281 27.0199 30.0473 26.3489 25.719 24.4534 22.8326 22.1922 20.8846 33.6378 31.3372 29.5277 20.7831 32.7181 22.6038 22.2645 28.1805 25.3366 19.1194 45.7119 29.1406 32.5431 27.9602 22.3839 25.3513 21.0935 21.0394 18.9794 17.9136
threshold=3.0649999380111699 1.5349999666213991 68.252796173095717 1.0293902754783633 2.246910929679871 31.125000000000004 6.8750000000000009 0 635.37500000000011 481.37500000000006 313.62500000000006 0.051998689770698554 235.75000000000003 84.125000000000014 0.1597690433263779 0.32544204592704779 1.2999808788299563 0.28126463294029241 1.9650000333786013 1.1343392133712771 0.12200778722763063 0.07483816891908647 65.197986602783217 1.5000000000000002 90.625000000000014 65.602870941162124 0.70499998331069957 15.250000000000002 67.438247680664077 1.5000000000000002
decision_type=2 8 10 10 8 2 2 1 2 2 2 10 2 2 10 10 10 10 10 10 10 10 10 2 2 10 10 2 8 2
left_child=1 -1 5 8 -5 6 29 9 -4 10 12 -12 13 -7 15 19 -16 18 -18 23 28 -22 27 -15 25 -25 -26 -23 -21 -3
right_child=-2 2 3 4 -6 7 -8 -9 -10 -11 11 -13 -14 14 16 -17 17 -19 -20 20 21 22 -24 24 26 -27 -28 -29 -30 -31
leaf_value=0.0029230943879065465 -0.019340468074629278 0.027244052573329718 -0.014221349833686323 -0.0025087989245461727 0.010815354628667005 -0.0087344860933090997 0.010352125499099578 0.002228506538715504 0.026409155637583698 -0.01614806424237307 0.075999717799185421 0.0068413186278082853 -0.018365605288065523 0.0695873319873445 -0.01032759976471532 0.052832019075004767 0.0026351136430746987 -0.0011067189181659769 0.074139225465954472 0.13087495778569214 0.08331483522139381 0.035776533694534401 -0.010772538620459958 -0.022371147376559174 0.012973348428546258 0.045128203677739842 -0.02342195292439167 -0.0096077266420735129 0.0361986156188666 -0.0012778904569068733
leaf_weight=3708.4912721531 169.72499653848354 36.158336209366098 457.01952437486034 4769.8856596860569 248.8345311076846 536.25373870739713 810.11647966480814 2517.6124447757611 21.604129903949797 185.69613350369036 9.8424577987752837 346.96813939651474 214.56916080787778 7.346214033663272 382.7685959560331 17.941757674328983 15.086330406367781 121.27210246026516 16.18328473996371 6.2125003826804432 7.4102146700024596 62.930088147521019 83.31100508524105 12.944860849529503 34.206533044576645 24.099760175333358 91.943505709525198 21.299868979491293 8.7836547107435763 678.1054197945632
leaf_count=35480 26228 1552 28925 117259 4512 10082 16465 35480 563 2613 217 3654 2577 132 3448 176 102 878 196 73 133 633 934 166 248 401 1601 357 144 25846
internal_value=-5.52425e-05 0.000157526 -0.000715434 -0.0027608 -0.00184535 0.00108341 0.00559946 -0.000373691 -0.0123278 -0.0033435 -0.00215782 0.00896727 -0.00454891 -0.00249032 0.00117541 0.0101668 -0.00518055 0.00769188 0.040916 0.00789196 0.0165883 0.0105791 0.00686303 -0.00181086 -0.00545345 0.0214681 -0.0134972 0.0242749 0.0814002 0.000196461
internal_weight=15624.6 15454.9 11746.4 5497.34 5018.72 6249.06 1524.38 4724.68 478.624 2207.07 2021.37 356.811 1664.56 1449.99 913.74 378.43 535.31 152.542 31.2696 360.488 189.947 174.951 167.541 170.541 163.195 37.0446 126.15 84.23 14.9962 714.264
internal_count=321075 294847 259367 151259 121771 108108 43863 64245 29488 28765 26152 3871 22281 19704 9622 4998 4624 1176 298 4822 2274 2057 1924 2548 2416 567 1849 990 217 27398
cat_boundaries=0 1
cat_threshold=4
is_linear=0
shrinkage=0.04


Tree=97
num_leaves=31
num_cat=1
split_feature=1 16 47 0 28 37 21 25 4 5 21 24 25 12 4 0 0 31 9 8 16 0 31 21 38 14 15 25 23 8
split_gain=32.6538 21.144 21.6208 21.6848 27.3861 28.1748 21.074 21.0338 20.3805 19.5547 28.1662 17.5586 17.2871 16.9472 16.2863 16.2842 18.3498 26.0365 15.814 17.2202 15.9656 21.1227 17.0457 16.858 15.5553 16.3668 15.0753 15.1442 17.5549 14.7014
threshold=3.0649999380111699 4.5000000000000009 0 2.2749999761581425 6.5000000000000009 77.095466613769545 63.194150924682624 170.12500000000003 2.5449999570846562 21.500000000000004 75.92813873291017 0.3201736062765122 44.125000000000007 16.500000000000004 2.2749999761581425 2.9850000143051152 3.1149998903274541 76.861141204833999 16.500000000000004 127.25000000000001 1.5000000000000002 1.3049999475479128 70.878776550292983 61.135782241821296 1.118480443954468 82.895000457763686 1.0000000180025095e-35 677.12500000000011 1.1234417557716372 278.75000000000006
decision_type=10 2 9 10 2 10 8 2 2 2 10 10 2 8 2 10 10 10 2 2 2 10 10 10 10 10 2 2 10 2
left_child=1 2 3 18 5 9 7 24 -8 10 -5 29 -2 26 -15 -7 17 -17 20 -20 -1 22 23 -22 -6 -26 -11 -28 -29 -4
right_child=12 -3 11 4 6 15 8 -9 -10 13 -12 -13 -14 14 -16 16 -18 -19 19 -21 21 -23 -24 -25 25 -27 27 28 -30 -31
leaf_value=0.00089217459890857781 0.0026203441929837966 -0.024189262851556349 0.00829707059316751 0.0038931015565981933 0.0067410260312534857 0.011657567830852414 -0.0070153263405063815 -0.012793490321034273 -0.021072606902932837 0.07977193073271073 -0.022582907530510704 -0.014566602137109712 -0.017698204962802177 0.016530578953618508 -0.01331231417046775 -0.0062944815350325176 0.014203616148015774 0.14379031483667759 0.026673161781493971 0.0036016804267578256 0.0077547382989589129 -0.0073127094611239608 0.012437982966241172 -0.004409126228698562 0.019618407296822574 0.092446686494993241 -0.0076056329575036677 -0.016328005005709408 0.034693825433345683 -0.010812803628172298
leaf_weight=7075.6708526767325 89.955414267606102 56.487740463577211 924.17958907142747 1000.0697429530555 28.974844685639255 97.68908140133135 567.42756044387352 37.827756387647241 233.66581474465784 2.2296679099090388 67.681240292382427 63.470208970829844 255.2599891081918 101.54762483015656 39.940764170372859 2.5204996644752127 9.8528713553678227 4.8140064728213474 52.848507942631841 1407.6466479124501 241.95200093090534 994.03977565234527 166.81644977163523 728.2169313756749 12.395911574829372 8.3282061694189888 1189.3587936363183 16.273417589254677 28.083537354134023 68.20868982700631
leaf_count=106452 10142 363 9565 27364 1101 2709 21263 759 23676 63 4936 384 23773 2400 3395 117 851 249 506 14973 1554 9592 1132 5918 151 197 45417 693 703 479
internal_value=-0.000252712 2.31897e-05 0.00011519 -0.000299364 -0.00305657 -0.000953493 -0.00910303 0.00942638 -0.0111418 -0.00186757 0.00219157 0.00560602 -0.0123998 -0.00501632 0.00804385 0.0183166 0.0532231 0.0971669 0.000591582 0.00445695 -2.1579e-05 -0.0030564 0.000664435 -0.00136658 0.0263364 0.0519776 -0.00651995 -0.00674362 0.0159398 0.00697002
internal_weight=15573.4 15228.2 15171.7 14115.9 3448.68 2560.06 888.62 87.5267 801.093 2445.18 1067.75 1055.86 345.215 1377.43 141.488 114.876 17.1874 7.33451 10667.2 1460.5 9206.7 2131.03 1136.99 970.169 49.699 20.7241 1235.95 1233.72 44.357 992.388
internal_count=320877 286962 286599 276171 136044 88897 47147 2208 44939 84971 32300 10428 33915 52671 5795 3926 1217 366 140127 15479 124648 18196 8604 7472 1449 348 46876 46813 1396 10044
cat_boundaries=0 1
cat_threshold=11
is_linear=0
shrinkage=0.04


Tree=98
num_leaves=31
num_cat=3
split_feature=1 0 47 20 23 39 37 0 10 23 22 25 15 22 19 24 11 42 28 35 23 40 4 14 25 25 6 19 47 24
split_gain=30.6599 24.8466 19.4804 18.923 21.7732 19.0986 18.2806 18.793 20.2731 18.3722 20.9058 25.5062 20.707 21.414 17.5279 20.8708 17.0758 16.2499 15.9128 15.4151 14.3429 14.6797 14.1219 23.7228 19.8773 22.3709 18.6226 17.7921 26.6841 31.835
threshold=2.7749999761581425 2.7849999666213994 0 79.000000000000014 1.1520796418190005 3.6348249912261967 77.400302886962905 2.8149999380111699 4.7500000000000009 1.0293902754783633 0.073167204856872572 78.375000000000014 1.5000000000000002 0.39696128666400915 111.00000000000001 0.23804991692304614 0.054571578279137618 1 5.5000000000000009 15.250000000000002 1.0700095891952517 0.066489279270172133 2.4150000810623173 88.345001220703139 84.125000000000014 79.625000000000014 129.25000000000003 59.500000000000007 2 0.1087685637176037
decision_type=10 10 9 2 10 10 10 10 2 8 10 2 2 8 8 10 8 9 2 2 10 10 2 8 2 2 2 10 9 10
left_child=2 -2 3 4 16 -6 9 8 -8 10 19 12 -12 -14 15 17 18 -3 -1 -5 21 -4 24 -24 25 26 27 -11 29 -29
right_child=1 14 20 6 5 -7 7 -9 -10 22 11 -13 13 -15 -16 -17 -18 -19 -20 -21 -22 -23 23 -25 -26 -27 -28 28 -30 -31
leaf_value=0.015339197666829792 -0.0023911970075371864 0.07437270505112667 -0.019323217785996213 -0.0068928497095017676 0.0036153420372469348 -0.020381336943402894 -0.0068211397928028081 0.039432544812719704 0.014544190656977971 -0.0032533526949559623 0.030593032528075909 0.01912719882769805 -0.0091802698549477701 0.063344148137240555 -0.024290498676087329 0.078354768036470568 0.011606675182289842 -0.010443235603851662 0.091901951120335654 -0.023372177566788714 0.0037166747991934372 0.02070791542061302 0.001494925510127037 -0.0097554599250126526 0.0017780590589496531 -0.015817921546867855 -0.010160756967023199 0.0084519215532995393 -0.0064860909076034801 -0.0034919566285560848
leaf_weight=10.202948391903194 603.327176816063 2.7268799954326823 15.416794480988754 248.10950021177996 393.76643692888319 60.300733314827085 117.8442846396938 28.686762319644913 175.56385855888948 1829.7777754557319 23.221518617123365 85.776911444729194 321.1040524346754 5.648044944740831 181.45511380303651 3.6564000340877092 310.70004927925766 118.44496993976645 7.5018930942751458 144.43413960805628 904.42436129087582 144.00449712353293 583.04969783639535 614.81938578782137 6114.8435375508852 172.69588542752899 337.91814945079386 1092.290511731524 439.09379743319005 528.97306647174992
leaf_count=146 23888 100 309 13035 2001 353 2319 1514 2029 30363 932 1052 11520 124 27595 193 2319 14915 160 9171 7453 2194 22346 32336 65571 2436 9560 24249 4229 6779
internal_value=3.63234e-06 -0.00711869 0.00044477 3.57618e-05 0.00607145 0.000381976 -0.000331477 0.0090622 0.00595542 -0.000573746 -0.00632739 -0.000281805 -0.0050912 -0.00772501 -0.01638 -0.00474744 0.0139008 -0.00790865 0.0511731 -0.0130105 0.00562935 0.0167155 -0.000166041 -0.00427944 0.000302513 -0.00174679 -0.0011675 -0.000382858 0.00216479 0.00452486
internal_weight=15619.8 909.611 14710.2 13646.3 782.472 454.067 12863.9 322.095 293.408 12541.8 828.294 435.751 349.974 326.752 306.283 124.828 328.405 121.172 17.7048 392.544 1063.85 159.421 11713.5 1197.87 10515.6 4400.75 4228.05 3890.14 2060.36 1621.26
internal_count=321191 66691 254500 244544 4979 2354 239565 5862 4348 233703 35834 13628 12576 11644 42803 15208 2625 15015 306 22206 9956 2503 197869 54682 143187 77616 75180 65620 35257 31028
cat_boundaries=0 1 2 3
cat_threshold=11 8 1
is_linear=0
shrinkage=0.04


Tree=99
num_leaves=31
num_cat=0
split_feature=1 20 0 22 21 21 6 11 16 1 15 20 25 19 29 31 23 0 23 36 20 25 31 20 17 22 21 24 19 7
split_gain=32.375 27.9682 31.4435 21.7162 21.614 18.8605 17.5851 17.3321 16.5733 16.3833 15.6426 24.864 31.1788 27.7723 22.6489 18.1726 23.2703 24.4677 19.9553 28.6106 15.4333 25.6514 21.5981 17.0299 15.4028 15.3035 32.9551 21.6514 21.4504 15.5974
threshold=2.5849999189376835 159.00000000000003 2.6950000524520878 0.042542364448308952 81.854526519775405 68.308303833007827 34.500000000000007 0.098060119897127165 4.5000000000000009 2.6750000715255742 3.5000000000000004 218.00000000000003 353.87500000000006 190.50000000000003 16.250000000000004 74.505519866943374 1.0484992265701296 2.1650000810623173 1.0424872636795046 0.032938636839389808 179.00000000000003 298.37500000000006 75.551048278808608 177.50000000000003 4.5000000000000009 0.24123191833496097 61.583427429199226 0.36651812493801122 128.50000000000003 9.5000000000000018
decision_type=10 2 10 10 8 10 2 10 2 10 2 2 2 10 2 8 8 8 10 10 2 2 10 2 10 10 10 10 10 2
left_child=8 5 -3 -4 6 7 9 -2 10 -5 11 -1 -13 14 -14 25 17 -17 -19 -20 23 -22 -23 -18 -16 26 28 -27 -12 -28
right_child=1 2 3 4 -6 -7 -8 -9 -10 -11 15 12 13 -15 24 16 20 18 19 -21 21 22 -24 -25 -26 27 29 -29 -30 -31
leaf_value=0.00063996056266806683 0.036217725283493679 -0.0035477681533269364 -0.030794353550484464 0.09329430516633623 0.074423721690597286 -0.0014102822980869942 -0.01495654807981248 0.001861082918567152 -0.021174505304172087 0.0050292647334269384 0.015576503202438365 -0.013906096129891549 0.054370007408727043 -0.0051427041608767734 -0.012792685784854332 0.0063430066032415825 0.0067216125658763797 0.037770047105711635 0.019027706370904222 0.17588564877073259 -0.0075163997084712851 0.050434688788262121 0.0038955679719357736 0.052011083232766236 0.040463095238596404 0.0156431803377068 -0.006851467343014667 -0.04574320168136984 -0.026059416126768351 0.0044853709295609367
leaf_weight=11191.350295380806 51.501064850133844 928.38885628757998 123.96476965746842 3.2023180373944369 3.6998514523729673 169.63243758014869 262.80268972949125 43.191176707856357 54.180652344599366 18.143211834132671 23.555860871449113 409.93051157949958 26.790081096347421 125.80227639200166 23.690748195163906 23.117052250541747 31.07222655066289 20.155592230614278 3.4663915056735268 4.0669599687680602 131.66054190206341 26.082173907198012 39.790011391974986 22.996456326916814 12.397730641067026 193.81007446581498 227.09651606308762 8.6661828830838186 104.10939286695793 1299.4625765740639
leaf_count=172383 1637 31236 19839 154 60 7978 30038 488 347 2093 154 15314 489 2549 807 256 773 677 90 91 4419 218 476 701 96 2019 4985 46 1238 19428
internal_value=8.44082e-05 -0.00529537 -0.00764161 -0.0168301 -0.0107166 0.00656958 -0.0120963 0.0207719 0.000701456 0.0220325 0.000788225 0.000214513 -0.00772058 0.00569954 0.0271953 0.00391762 0.0129975 0.0374515 0.0621577 0.114866 0.00791488 0.00265776 0.0228612 0.0266514 0.0059925 0.0024304 0.00115372 0.0127842 -0.0182846 0.00279286
internal_weight=15607.8 1604.53 1340.2 411.813 287.848 264.325 284.148 94.6922 14003.3 21.3455 13949.1 11790 598.611 188.681 62.8786 2159.11 302.407 50.806 27.6889 7.53335 251.601 197.533 65.8722 54.0687 36.0885 1856.7 1654.22 202.476 127.665 1526.56
internal_count=321079 93523 83420 52184 32345 10103 32285 2125 227556 2247 227209 191638 19255 3941 1392 35571 7701 1114 858 181 6587 5113 694 1474 903 27870 25805 2065 1392 24413
is_linear=0
shrinkage=0.04


Tree=100
num_leaves=31
num_cat=2
split_feature=4 5 11 4 20 17 22 9 6 5 15 28 22 46 37 43 26 14 32 23 20 11 19 31 19 22 20 22 31 40
split_gain=28.1817 21.8523 28.9892 22.0813 21.465 21.4007 25.8328 17.748 19.2301 17.7367 16.8798 17.755 36.7742 20.3418 31.559 27.8092 22.3497 20.9247 20.4644 18.877 22.6304 17.9997 18.2504 17.1857 17.1484 23.8482 20.2627 18.1467 16.802 16.4721
threshold=3.1149998903274541 42.500000000000007 0.015655637718737129 1.9450000524520876 79.000000000000014 4.5000000000000009 0.208744652569294 13.500000000000002 53.500000000000007 55.500000000000007 1.0000000180025095e-35 6.5000000000000009 0.10032052919268609 0 70.86481094360353 1 1.5000000000000002 93.645000457763686 1.0455605983734133 1.0209555029869082 177.50000000000003 0.081108491867780699 167.50000000000003 74.713226318359389 49.500000000000007 0.014692337252199652 171.50000000000003 0.26366053521633154 75.10022354125978 0.41536436975002294
decision_type=2 2 10 2 2 10 10 2 2 2 2 2 10 1 10 9 2 10 10 10 2 8 10 10 10 10 2 10 10 10
left_child=1 7 -3 9 -2 -5 -7 10 -9 -4 -1 13 -13 14 19 -16 23 -18 -17 -12 -21 22 -20 24 25 -15 29 -28 -25 -27
right_child=4 2 3 5 -6 6 -8 8 -10 -11 11 12 -14 16 15 18 17 -19 21 20 -22 -23 -24 28 -26 26 27 -29 -30 -31
leaf_value=0.021833439474828867 0.064283252482269695 -0.015886179438347411 0.0015151458300785745 -0.00070843513270228676 -0.021307195764273045 -0.010291745970012785 0.032993077449469589 0.015690395238208293 0.0029901642589765594 0.019542093279652936 -0.0092512883410898299 -0.0084183477089850266 0.0033203372515815503 0.07138018106434646 -0.010345601267786745 0.029226387426586883 0.0070905387912775907 -0.0062311826610068535 0.022936658347690479 0.004755649280208319 -0.0035234604399881474 0.0048870250001709229 0.0035497347094372023 0.02803325250474939 -0.0040330761536456015 0.0042520009416878411 -0.0071254155881106456 0.026696881847347073 0.0029466062072363774 0.037139601035555365
leaf_weight=57.555402530822903 3.8915639612823716 250.14961384516209 309.65138118551113 1671.0126895718277 128.60318479686975 702.3653748476645 21.779852184467018 238.31573381600901 950.51066522463225 121.05049199634232 264.86862843704876 999.15771665226202 743.75661452102941 6.7926612622104576 103.73351018561516 88.123735944041982 931.52411431563087 235.35368789942004 228.71683867101092 1578.8695355500095 792.22370654472616 598.48579493979923 118.82371364836581 52.787846763851121 3031.7564407645259 687.15436477062758 449.38324035936967 25.882700718007982 211.45209340495057 24.333968091756105
leaf_count=1463 130 23203 4275 30621 21821 21642 176 2142 10113 1383 10374 36548 12723 386 2701 1349 13528 5626 6166 16932 13056 5916 4173 1103 48241 9628 9940 235 5624 126
internal_value=-4.46495e-07 0.000156942 -0.0028605 -0.00170082 -0.0183006 -0.00320171 -0.00894066 0.000904778 0.0055505 0.00662449 0.0004122 0.000299553 -0.00340775 0.000985455 0.00325962 0.00882422 -0.000531418 0.00439715 0.0107552 0.000853553 0.00198745 0.00911483 0.016349 -0.00181399 -0.0024342 0.00162378 0.00116139 -0.00522289 0.0080601 0.00543297
internal_weight=15628.1 15495.6 3076.01 2825.86 132.495 2395.16 724.145 12419.6 1188.83 430.702 11230.7 11173.2 1742.91 9430.27 3773.85 1137.88 5656.42 1166.88 1034.15 2635.96 2371.09 946.026 347.541 4489.54 4225.3 1193.55 1186.75 475.266 264.24 711.488
internal_count=321344 299393 81300 58097 21951 52439 21818 218093 12255 5658 205838 204375 49271 155104 60667 20305 94437 19154 17604 40362 29988 16255 10339 75283 68556 20315 19929 10175 6727 9754
cat_boundaries=0 1 2
cat_threshold=8 12
is_linear=0
shrinkage=0.04


Tree=101
num_leaves=31
num_cat=1
split_feature=0 22 5 11 20 25 11 25 22 18 8 24 25 30 17 7 9 22 0 30 8 25 17 18 21 9 47 0 15 20
split_gain=30.9733 21.3854 19.0585 31.1328 27.0964 22.5455 22.3429 23.6264 20.6759 19.2126 24.327 23.6569 18.9978 20.2924 34.3869 18.7146 21.2734 17.8246 19.2396 17.5929 17.3349 16.9071 15.959 26.0259 15.5188 28.2495 17.9486 28.6927 20.5347 31.4119
threshold=3.1350001096725468 0.0069816617760807284 33.500000000000007 0.015655637718737129 159.00000000000003 690.87500000000011 0.023289714939892295 94.875000000000014 0.077523924410343184 1.5000000000000002 116.25000000000001 0.026129708625376228 438.62500000000006 0.051591550931334502 3.5000000000000004 43.500000000000007 6.5000000000000009 0.010512687265872957 1.6549999713897707 0.12944112718105319 144.25000000000003 618.00000000000011 3.5000000000000004 1.5000000000000002 78.926559448242202 12.500000000000002 0 1.0000000180025095e-35 3.5000000000000004 218.00000000000003
decision_type=10 8 2 10 2 2 10 2 10 8 2 8 2 8 10 2 2 8 10 10 2 2 10 10 10 2 9 10 2 2
left_child=1 -1 15 -4 6 9 7 -5 -7 10 -6 -12 13 14 -11 24 20 18 -15 -8 -17 -13 -10 -24 26 -26 27 -3 29 -28
right_child=-2 2 3 4 5 8 19 -9 22 12 11 21 -14 17 -16 16 -18 -19 -20 -21 -22 -23 23 -25 25 -27 28 -29 -30 -31
leaf_value=-0.028314239680982591 -0.013418725413853243 0.013974248035265592 -0.013311764447050702 0.021569389517137036 -0.017024897896621208 -0.0083226412937644715 0.0075964624321217767 0.16644223229160768 -0.00046055469678534953 0.025885751317760639 -0.01502739649087264 0.0043512722974253073 -0.01297377144145781 0.12289174171381617 -0.0035343893100671358 0.01946834989595814 0.0049837142880750154 -0.0051725581542681103 -0.0098517585904505725 0.063012485466480223 0.078914700127335854 -0.0167494984760021 0.01882928380860855 0.075499652669482428 -0.012004098970000305 0.086543086419083259 0.0014667609142323223 -0.0043054495740939315 0.0069762663536547774 -0.013449443610519066
leaf_weight=40.884191853459924 269.82155317056458 149.24703365750611 349.54233593284152 5.4660872656386337 112.3541521813022 41.833699291571975 197.22959944023751 2.0602223202586174 26.359632442705333 97.5941650448367 118.16947248647921 1461.4951847349294 371.10758592374623 2.6216483637690535 177.8505566092208 46.239502496318892 960.46840301528573 1465.5423244060948 3.0129379671998322 8.6771022737957519 8.8816504064016026 62.351503524463624 43.965945609845221 18.214852320961654 212.48687538714148 3.7598889749497166 6445.4332352019846 1598.5900644555222 1043.5539021893637 233.06119007850066
leaf_count=2958 35427 947 28856 284 3518 598 3838 75 210 2031 5661 23616 5370 58 5465 588 9430 28646 153 83 105 833 385 118 10573 41 107546 13620 21451 8505
internal_value=-9.24114e-06 0.000227716 0.00030626 -0.0018569 -0.000903297 -0.00164596 0.0129478 0.0765653 0.0146475 -0.00219924 0.000894375 0.00213254 -0.00476315 -0.00300991 0.00693107 0.00122955 0.00639311 -0.00487729 0.0605217 0.0102443 0.0303537 0.00347485 0.0255169 0.0364255 0.00068713 -0.00988177 0.000929914 -0.00271962 0.00175797 0.000943692
internal_weight=15577.9 15308.1 15267.2 4565.45 4215.91 4002.47 213.433 7.52631 130.374 3872.1 1754.37 1642.02 2117.73 1746.62 275.445 10701.7 1015.59 1471.18 5.63459 205.907 55.1212 1523.85 88.5404 62.1808 9686.13 216.247 9469.89 1747.84 7722.05 6678.49
internal_count=320989 285562 282604 109798 80942 76662 4280 359 1311 75351 33628 30110 41723 36353 7496 172806 10123 28857 211 3921 693 24449 713 503 162683 10614 152069 14567 137502 116051
cat_boundaries=0 1
cat_threshold=10
is_linear=0
shrinkage=0.04


end of trees

feature_importances:
course_history_fail_rate=346
course_history_effective_support=242
course_history_avg_mark=237
gpa_prev_1=228
gpa_prev_2=184
start_agpa_points=173
prior_fail_credit_ratio=150
degree_credits_count=109
plan_credits_count=105
course_history_avg_attempt=104
start_total_in_courses=98
diploma_gpa=89
course_history_retake_rate=83
previous_course_status=75
plan_year_order=73
course_credits=69
part_semester=67
start_total_in_credits=61
plan_requirement_type_id=51
prior_total_fail_courses=46
plan_credit_weighted_avg_mark=39
attempt_number=37
peer_credit_weighted_avg_mark=32
prior_total_fail_credits=30
plan_credit_weighted_fail_rate=30
course_history_fallback_level=28
plan_course_type_id=27
prior_total_reg_credits=25
peer_total_credits=23
peer_max_fail_rate=22
plan_total_credits=21
peer_credit_weighted_avg_attempt=20
gpa_trend_delta=19
peer_credit_weighted_fail_rate=18
plan_course_count=17
plan_difficulty_credit_load=17
plan_credit_weighted_avg_attempt=15
peer_difficulty_credit_load=14
prior_total_reg_courses=9
diploma_type_id=9
prior_registered_semesters=8
plan_semester_order=8
peer_course_count=2

parameters:
[boosting: gbdt]
[objective: binary]
[metric: binary_logloss]
[tree_learner: serial]
[device_type: cpu]
[data_sample_strategy: bagging]
[data: ]
[valid: ]
[num_iterations: 102]
[learning_rate: 0.04]
[num_leaves: 31]
[num_threads: 0]
[seed: 42]
[deterministic: 1]
[force_col_wise: 1]
[force_row_wise: 0]
[histogram_pool_size: -1]
[max_depth: -1]
[min_data_in_leaf: 80]
[min_sum_hessian_in_leaf: 0.001]
[bagging_fraction: 0.9]
[pos_bagging_fraction: 1]
[neg_bagging_fraction: 1]
[bagging_freq: 1]
[bagging_seed: 42]
[bagging_by_query: 0]
[feature_fraction: 0.9]
[feature_fraction_bynode: 1]
[feature_fraction_seed: 42]
[extra_trees: 0]
[extra_seed: 12879]
[early_stopping_round: 0]
[early_stopping_min_delta: 0]
[first_metric_only: 0]
[max_delta_step: 0]
[lambda_l1: 0.1]
[lambda_l2: 1]
[linear_lambda: 0]
[min_gain_to_split: 0]
[drop_rate: 0.1]
[max_drop: 50]
[skip_drop: 0.5]
[xgboost_dart_mode: 0]
[uniform_drop: 0]
[drop_seed: 17869]
[top_rate: 0.2]
[other_rate: 0.1]
[min_data_per_group: 100]
[max_cat_threshold: 32]
[cat_l2: 10]
[cat_smooth: 10]
[max_cat_to_onehot: 4]
[top_k: 20]
[monotone_constraints: ]
[monotone_constraints_method: basic]
[monotone_penalty: 0]
[feature_contri: ]
[forcedsplits_filename: ]
[refit_decay_rate: 0.9]
[cegb_tradeoff: 1]
[cegb_penalty_split: 0]
[cegb_penalty_feature_lazy: ]
[cegb_penalty_feature_coupled: ]
[path_smooth: 0]
[interaction_constraints: ]
[verbosity: -1]
[saved_feature_importance_type: 0]
[use_quantized_grad: 0]
[num_grad_quant_bins: 4]
[quant_train_renew_leaf: 0]
[stochastic_rounding: 1]
[linear_tree: 0]
[max_bin: 255]
[max_bin_by_feature: ]
[min_data_in_bin: 3]
[bin_construct_sample_cnt: 200000]
[data_random_seed: 42]
[is_enable_sparse: 1]
[enable_bundle: 1]
[use_missing: 1]
[zero_as_missing: 0]
[feature_pre_filter: 1]
[pre_partition: 0]
[two_round: 0]
[header: 0]
[label_column: ]
[weight_column: ]
[group_column: ]
[ignore_column: ]
[categorical_feature: 42,43,44,45,46,47]
[forcedbins_filename: ]
[precise_float_parser: 0]
[parser_config_file: ]
[objective_seed: 16083]
[num_class: 1]
[is_unbalance: 0]
[scale_pos_weight: 1]
[sigmoid: 1]
[boost_from_average: 1]
[reg_sqrt: 0]
[alpha: 0.9]
[fair_c: 1]
[poisson_max_delta_step: 0.7]
[tweedie_variance_power: 1.5]
[lambdarank_truncation_level: 30]
[lambdarank_norm: 1]
[label_gain: ]
[lambdarank_position_bias_regularization: 0]
[eval_at: ]
[multi_error_top_k: 1]
[auc_mu_weights: ]
[num_machines: 1]
[local_listen_port: 12400]
[time_out: 120]
[machine_list_filename: ]
[machines: ]
[gpu_platform_id: -1]
[gpu_device_id: -1]
[gpu_device_id_list: ]
[gpu_use_dp: 0]
[num_gpu: 1]

end of parameters

pandas_categorical:[["__MISSING__", "__UNKNOWN__", "1", "2", "3"], ["__MISSING__", "__UNKNOWN__", "1", "2", "3", "4", "5", "6"], ["__MISSING__", "__UNKNOWN__", "13.111", "15.111", "16.111", "55.111"], ["__MISSING__", "__UNKNOWN__", "2.111", "3.111"], ["__MISSING__", "__UNKNOWN__", "1", "2", "3"], ["NEVER_TAKEN", "FAILED", "WITHDRAWN", "CONDITIONAL_PASS", "NORMAL_PASS", "__MISSING__", "__UNKNOWN__"]]
