tree
version=v4
num_class=1
num_tree_per_iteration=1
label_index=0
max_feature_idx=33
objective=regression
feature_names=gpa_prev_1 gpa_prev_2 gpa_trend_delta gpa_trend_missing start_agpa_points start_total_in_courses start_total_in_credits prior_total_reg_courses prior_total_reg_credits prior_total_fail_courses prior_total_fail_credits prior_fail_credit_ratio prior_registered_semesters observed_gap_semesters diploma_gpa course_credits attempt_number plan_year_order plan_semester_order plan_credits_count degree_credits_count course_history_avg_mark course_history_fail_rate course_history_avg_attempt course_history_retake_rate course_history_effective_support course_history_fallback_level course_history_missing plan_course_type_id plan_requirement_type_id diploma_type_id grade_version_id part_semester previous_course_status
feature_infos=[0:4] [0:4] [-4:4] [0:1] [0:4] [0:81] [0:250] [0:169] [0:495] [0:95] [0:277] [0:1] [0:35] [0:2] [9.6499996185302734:100] [0:24] [1:5] [1:6] [1:2] [4:210] [72:251] [50.046512603759766:93.041046142578125] [0.0024035871028900146:0.53361159563064575] [1:1.9865478277206421] [0:0.50827360153198242] [0:15240.75] [1:6] [0:1] -1:4:2:3 -1:4:6:2:3:5:7 -1:3:4:2:5 -1:3 -1:2:3:4 -1:0:1:2:3:6
tree_sizes=5842 6048 6029 6081 6042 6044 6081 6104 6041 6077 6033 6045 6008 6045 5992 6020 6073 6062 6013 6043 6101 6080 6063 6039 6013 6008 6021 5990 6097 6008 6017 6033 6007 6118 6073 6101 6066 6051 6031 6064 6007 6115 6060 6075 6009 6031 6144 6077 6065 6110 6134 6043 6083 6072 6012 6106 6142 6114 6118 6051 6052 6062 6094 6069 6072 6042 6080 5974 6002 6076 6036 6115 6020 6093 6092 6042 6083 6109 6078 6050 5959 6044 6068 6044 6069 6012 6014 5976 6014 6025 6102 6041 5995 6059 6105 6002 6083 6046 6010 5947 6041 6046 5991 6110 6027 6119 6007 6112 5919 6100 6007 6030 6041 6073 6074 6025 6026 6080 5995 5994

Tree=0
num_leaves=63
num_cat=4
split_feature=0 21 11 4 21 21 11 21 4 11 4 21 21 0 4 4 21 0 11 14 14 0 11 21 6 21 0 11 4 2 16 19 4 33 21 21 20 4 32 0 21 21 28 4 4 2 0 2 21 23 11 23 4 19 4 11 11 4 28 4 14 21
split_gain=8.04008e+06 2.90213e+06 1.68237e+06 1.21331e+06 562373 426193 339944 298343 265412 244382 189645 166363 148803 138352 130051 125437 119142 105754 90286.3 85231 71542.8 81134.2 68455.6 59585.5 58253.2 56194.6 55822 54255.4 53528.6 51365.5 51294.4 50732.9 47046.6 45671.7 44853.9 43926.8 40048.9 34629.3 32345.2 31823.6 29344.3 29134.6 28439.4 28253.2 26178.9 26166.9 24544.6 24051.5 23112.3 23004.9 22948.2 22685.7 21867.7 21664.2 21137.8 21087 20049.9 20046.7 19933.1 19529.6 19334.7 27958.8
threshold=2.6350001096725468 74.533176422119155 0.11098008602857591 2.9650000333786015 71.971065521240249 82.205451965332045 0.10534475743770601 68.252796173095717 2.1350001096725468 0.038984065875411041 3.2150000333786015 79.617172241210952 68.252796173095717 3.1450001001358037 2.5949999094009404 2.5149999856948857 74.533176422119155 2.4050000905990605 0.038984065875411041 88.184997558593764 77.479999542236342 2.4150000810623173 0.31928828358650213 68.308303833007827 12.500000000000002 78.408687591552749 3.1450001001358037 0.1251262649893761 2.5049999952316289 0.34499999880790716 1.5000000000000002 23.000000000000004 2.1350001096725468 0 88.393150329589858 72.026847839355483 79.000000000000014 2.3750000000000004 1 0.53499999642372142 82.205451965332045 78.926559448242202 2 2.5349999666213994 3.5649999380111699 0.35500000417232519 2.9050000905990605 0.18500000238418582 69.587730407714858 1.0879712104797366 0.14956950396299365 1.0621204376220705 2.804999947547913 11.500000000000002 2.8750000000000004 0.40153984725475317 0.26340374350547796 2.1950000524520878 3 1.3650000095367434 88.184997558593764 60.34489822387696
decision_type=10 10 10 2 10 10 10 10 2 10 2 10 10 10 2 2 10 8 10 10 10 8 10 8 2 10 10 10 2 8 2 10 2 9 10 10 2 2 1 8 10 10 9 2 2 10 10 8 8 10 10 10 2 8 2 10 10 2 9 2 10 8
left_child=1 2 7 4 9 6 25 15 12 13 16 18 22 29 17 20 48 37 26 36 24 -22 -4 -10 -1 38 -6 -7 50 46 41 49 -15 55 56 44 -19 53 -3 -24 -13 57 -35 -20 -12 -28 -2 -38 -5 -21 -11 -27 -17 -9 -16 -14 -29 58 -8 -55 -23 -62
right_child=3 5 8 10 11 27 30 14 23 28 35 40 33 32 54 52 -18 19 43 31 21 60 39 -25 -26 51 45 34 -30 -31 -32 -33 -34 42 -36 -37 47 -39 -40 -41 -42 -43 -44 -45 -46 -47 -48 -49 -50 -51 -52 -53 -54 59 -56 -57 -58 -59 -60 -61 61 -63
leaf_value=70.786166401724316 71.441488294643705 71.55536743840581 70.80601598470119 71.613526358572642 71.624237604819228 71.906920493043771 71.072942944506124 71.244852505625644 70.933301955538013 71.228144293511576 71.849864585782385 71.778446169637817 70.836558790961078 71.809287206150216 71.397553744951765 71.221424785909832 71.918786036880036 70.67623919998492 71.389954566917496 71.383071697297822 70.998760331155793 71.086273354714038 70.499588700979217 71.09167315660477 71.02887245983473 71.600341598587235 71.965516085256141 71.604463297088287 71.371995991517991 71.343251306439512 70.978641059930652 71.339236323610677 71.547999167998327 70.90585127447558 71.954193488419492 72.035294826396182 71.334011306354896 71.247390943460914 71.405322797643791 70.70122276090153 71.981810183771671 71.383677211125146 71.029464725513691 71.590686452261906 72.098190163418167 71.703916342456097 71.565904412608518 71.162606110338359 71.72771226111692 71.713030412285605 71.070699385895182 71.805025188199238 71.435113717743064 71.201311083885173 71.604428838411465 70.600215681170297 71.244081553030668 71.335327964207508 71.255992358775529 71.067247272845137 70.975116003161872 71.242210929696171
leaf_weight=2637.75 8095 4556.5 14963.25 5391 10011.5 3586.25 1973.25 1838.5 6995 4606 5574.5 2306.25 3225.5 2207.5 4435.5 4395.75 4418 229.5 3088 522 8664.25 2959 1613 8351.5 3977.5 3979.25 1252 771.5 3392 6914.5 1201.25 6717.25 2215.75 8262.25 469.75 5603.25 1837.75 4561 4647 6010.5 2296.25 2164.5 4694 1762.75 785.75 1225.25 3701.75 4551.5 6077.5 964 2183.75 1114.75 926 2214.25 960.75 755.5 362 1462.5 1839.75 8171.5 708.25 5370
leaf_count=5394 10786 5449 22953 7512 12182 3689 2637 2524 9689 6586 7490 2643 3989 2782 5874 6768 5015 249 3685 918 13624 4957 2627 12961 6028 4823 1534 827 5093 11098 1394 8104 3346 11356 487 6138 2557 6127 6042 10047 2336 2685 6635 2056 917 1361 4856 6140 8254 1069 3413 1144 1427 2692 1191 1000 395 1827 2451 10981 856 9537
internal_value=71.3022 71.127 71.0422 71.6176 71.5091 71.4931 71.419 71.1773 70.8782 71.4056 71.8329 71.6664 70.8234 71.4774 71.253 71.0827 71.7422 71.222 71.6095 71.2999 71.0442 71.0862 70.7561 71.0194 70.932 71.5387 71.6664 71.8204 71.2423 71.4298 71.221 71.3861 71.6786 70.9131 71.6263 71.9533 71.1931 71.1533 71.4796 70.6584 71.8802 71.2602 70.9509 71.463 71.8808 71.8366 71.4806 71.2119 71.6741 71.5974 71.1775 71.6453 71.2586 71.1182 71.4345 70.7927 71.4895 71.2095 71.1612 71.0958 71.1701 71.211
internal_weight=232749 149641 121512 83108.2 55258.2 28128.2 22938.8 66642 54870.5 33316.2 27850 21942 39524 23134.5 37003.5 29638.5 15886.5 31607.2 17339.5 14822 24316.8 17701.5 22586.8 15346.5 6615.25 14297.5 12488.8 5189.5 10181.8 18711.2 8641.25 8203.25 4423.25 16937.2 1603.25 11963.5 6618.75 16785.2 9203.5 7623.5 4602.5 7440 12956.2 4850.75 6360.25 2477.25 11796.8 6389.25 11468.5 1486 6789.75 5094 5321.75 12224.2 5396.25 3981 1133.5 5275.5 3813 10385.8 9037.25 6078.25
internal_count=321207 212124 178274 109083 73757 33850 28452 97017 81257 47960 35326 25797 58607 32868 48426 48591 20781 41361 20818 19037 40396 28974 35627 22650 11422 17458 15077 5398 15092 26740 10994 10091 6128 22980 1709 14545 8946 22324 11491 12674 4979 9600 17991 5741 8407 2895 15642 8697 15766 1987 9999 5967 8195 16197 7065 4989 1222 6915 5088 13673 15350 10393
cat_boundaries=0 1 2 3 4
cat_threshold=70 4 16 16
is_linear=0
shrinkage=1


Tree=1
num_leaves=63
num_cat=2
split_feature=0 21 11 4 21 21 4 11 1 21 4 21 1 21 0 21 11 14 0 21 4 14 0 4 11 21 33 0 6 19 21 0 33 21 20 1 23 0 1 21 0 4 4 19 4 21 20 21 1 25 21 9 1 0 14 21 1 21 21 23 1 4
split_gain=7.40084e+06 2.74902e+06 1.63115e+06 1.01117e+06 509057 399121 313032 312375 283449 228319 223065 139472 112591 111247 107538 98300.4 96032.7 92732.3 79737.4 69479.2 66902.4 66540.7 87510.7 63846.3 54826.2 52954.1 52401.8 51740.7 45883 41213.8 38577.2 38164.1 37937.3 37502.6 36328.5 35576.8 31537.5 31329.1 31062.9 29038.3 26552.6 26352.6 25148 24947.3 24277.7 24193.2 24148.2 23983.1 23232.8 23208.8 23068 22554.7 21987.9 21256.3 21146 21869.6 20818.6 19528.1 19324.8 19146.5 18942.1 18144
threshold=2.6750000715255742 74.533176422119155 0.12165151908993722 3.0649999380111699 72.081737518310561 82.205451965332045 2.4750000238418584 0.10534475743770601 2.7050000429153447 68.252796173095717 2.0849999189376835 79.617172241210952 2.6450001001358037 68.252796173095717 2.4050000905990605 72.110469818115249 0.06003003008663655 88.184997558593764 3.1450001001358037 68.308303833007827 2.7050000429153447 77.479999542236342 2.4150000810623173 3.3850001096725468 0.15715519338846209 77.739685058593764 0 1.0850000381469729 12.500000000000002 23.000000000000004 88.393150329589858 3.1450001001358037 1 70.319358825683608 79.000000000000014 3.2549999952316289 1.0621204376220705 3.3850001096725468 2.1950000524520878 78.926559448242202 3.0049999952316289 2.554999947547913 2.2749999761581425 59.500000000000007 2.6750000715255742 68.252796173095717 79.000000000000014 82.205451965332045 2.2549999952316289 586.37500000000011 69.445976257324233 10.500000000000002 2.6250000000000004 2.2949999570846562 86.174999237060561 60.34489822387696 3.1049998998641972 82.51377105712892 88.393150329589858 1.0856467485427859 2.6049998998641972 2.1950000524520878
decision_type=10 10 10 2 10 10 2 10 10 10 2 10 8 10 8 10 10 10 10 8 2 10 8 2 10 10 9 10 2 10 10 10 9 8 2 10 10 10 10 10 10 2 2 8 2 10 2 10 10 2 8 2 8 8 10 8 8 10 10 10 10 2
left_child=1 2 6 4 8 7 9 25 16 21 13 12 41 27 38 23 40 34 45 -12 33 28 -23 60 58 44 39 46 -1 59 -26 -14 -15 -8 -16 -20 -27 57 -11 61 -2 -6 -21 -34 53 -10 51 -13 -36 -49 -18 -4 -31 -3 -24 -56 -33 -17 -7 -19 -5 -9
right_child=3 5 10 15 11 24 20 26 18 14 19 47 31 32 17 37 50 29 35 42 -22 22 54 -25 30 36 -28 -29 -30 52 -32 56 43 -35 48 -37 -38 -39 -40 -41 -42 -43 -44 -45 -46 -47 -48 49 -50 -51 -52 -53 -54 -55 55 -57 -58 -59 -60 -61 -62 -63
leaf_value=-0.49127155845185372 0.05199113037371262 0.042844288047986463 -0.76846888842886341 0.31590041181712708 0.12100233413813326 0.5213062404354325 -0.082599371341591454 -0.13206497000432843 0.14049628398209035 -0.21816855383645015 -0.38467229409228076 0.47920063569874666 0.35987622753323673 -0.50296334860908887 -0.62248183245986644 0.56857229787240759 -0.18094541769749456 0.070362923071054476 0.33131640492721565 -0.27189050877699367 0.14124528768013922 -0.30489977150292813 -0.22987815501527706 0.6546619919976806 0.1317597257602301 0.26374024843123112 -0.35387135125143793 -0.49277566091039687 -0.2801663944332472 -0.07214093732174523 0.6071946958737291 0.43147400108604284 -0.26391348820459359 0.056812960992125829 -0.1536482737129633 0.58487846809256139 0.47021015384119824 0.75045114172287375 -0.10669201531975883 0.082453900304510025 0.17943319292395363 0.28456673149423933 -0.1335146231924936 -0.39406767860203795 0.35716997096423014 0.25536248155842445 -0.60363655865324772 0.68448547236084656 0.025727529087620455 0.095517131075651754 -0.011377031569602404 -1.4869045355510127 0.093520120432530551 0.18552114652869503 -0.29449145558151496 -0.06716296676010601 0.6516090618289232 0.78994709902842419 0.73220886122580564 0.39027625806537031 0.45827455702624043 0.027627485033941059
leaf_weight=2676.75 9661.75 2592.25 673.25 1941.5 3607.75 3234.5 7637.5 4025.25 5437.75 7945.5 8787.5 2491.5 8426.5 3607 223.5 5096.75 3248.5 446 3251.5 7047.25 5429.5 8954 2454.5 2550.5 934.75 5386 930 13370.25 4316.75 1860.25 384.75 1563.25 3627.25 5179.25 4250 1224 1522.5 3445.25 8066.75 2274 3586.5 2804.5 3003.5 6836.75 880.25 6397 5266.75 2318.25 1585.5 113 2122 79.5 4112.75 4706 761.5 6009.75 1261.5 746 907.25 915 6838 1586
leaf_count=5460 14377 3301 848 3176 4249 3347 10987 5349 7273 10581 12152 2829 10315 4513 240 5864 4237 806 4024 11284 7591 14048 4097 3182 1009 6439 1077 21150 6482 2248 399 1825 5044 7241 5708 1482 1584 3680 10775 2802 6129 3298 4511 9542 1070 8638 8467 2367 2151 113 3955 99 4928 6050 925 10623 1554 761 923 1017 8944 1970
internal_value=-3.76808e-05 -0.16049 -0.24223 0.31721 0.23104 0.187812 -0.119835 0.117298 0.135334 -0.167784 -0.412651 0.379021 0.326475 -0.474648 -0.092077 0.557541 0.0286771 -0.00843227 0.257068 -0.30249 0.0235923 -0.256204 -0.215822 0.478255 0.496271 0.227821 -0.0718659 -0.536829 -0.361085 0.0872248 0.271106 0.40272 -0.388899 -0.0262621 -0.12421 0.400895 0.309366 0.654133 -0.162029 -0.0380265 0.0865141 0.192608 -0.230575 -0.348678 0.158879 0.202618 -0.634479 0.567352 -0.104919 0.657216 -0.113976 -0.848095 0.0419179 0.134871 -0.129319 -0.0928091 0.530178 0.597099 0.567837 0.285704 0.42687 -0.0869333
internal_weight=232620 154487 125124 78133.2 57515.2 29363.5 72824.8 23902.2 34929 54578.5 52299 22586.2 17663.5 33460.8 29405.2 20618 18618.8 13393 16310.2 18838.2 18246.2 25173.2 18179.8 11330 5461.25 15087 8815.25 19389.8 6993.5 7334 1319.5 11251.2 14071 12816.8 6059 4475.5 6908.5 9288 16012.2 7885.25 13248.2 6412.25 10050.8 10464 8178.5 11834.8 6019.5 4922.75 5835.5 2431.25 5370.5 752.75 5973 7298.25 9225.75 6771.25 2824.75 5842.75 4141.75 1361 8779.5 5611.25
internal_count=321110 218838 183518 102272 76665 35320 105908 29642 50115 80089 77610 26550 21241 49663 38454 25607 28698 17098 21417 27947 25819 41635 29693 15302 5678 18444 11198 30564 11942 8999 1408 13694 19099 18228 8099 5506 8023 10305 21356 10121 20506 7547 15795 14586 10421 15911 9414 5309 7859 2480 8192 947 7176 9351 15645 11548 3379 6625 4270 1823 12120 7319
cat_boundaries=0 1 2
cat_threshold=5 70
is_linear=0
shrinkage=0.04


Tree=2
num_leaves=63
num_cat=5
split_feature=0 9 4 22 22 1 4 4 4 22 19 14 14 4 28 22 0 4 22 22 0 10 0 4 23 28 22 1 22 19 22 19 23 4 4 5 4 30 1 4 0 28 4 0 19 5 4 5 14 1 18 4 1 0 28 4 22 24 19 0 19 25
split_gain=6.82824e+06 1.77117e+06 928419 883416 743823 384308 254510 194918 185499 177737 170811 145841 135054 170736 128517 103698 102796 90786.4 86688.8 84273.3 78923.6 74458.1 63849.1 57617.6 57044.7 51448.9 46141.9 45857.6 42722.5 42031.4 39743.5 39429.1 37832.3 36689 36505.9 35340 33393.2 33071 32521.7 31935.8 30551.9 30416.9 30204.9 28043.9 26522.4 25975.2 25857.3 25183.3 25151.7 24931.5 24641 24532 24034.1 23480.6 21342.6 24008.7 20835.9 23226.3 20715.1 20338.6 20093.8 19714.5
threshold=2.6750000715255742 2.5000000000000004 3.0649999380111699 0.062635455280542388 0.070410095155239119 2.7150000333786015 2.1550000905990605 2.5149999856948857 2.1650000810623173 0.0515999123454094 36.000000000000007 95.134998321533217 86.174999237060561 0.35500000417232519 0 0.019503099843859676 3.1450001001358037 3.3850001096725468 0.12391588091850282 0.042542364448308952 1.2050000429153445 4.7500000000000009 2.3750000000000004 2.554999947547913 1.0601473450660708 1 0.019503099843859676 3.1049998998641972 0.066482517868280425 17.500000000000004 0.12007877603173257 64.000000000000014 1.0601473450660708 0.65500000119209301 2.2350000143051152 58.500000000000007 2.7649999856948857 2 1.0549999475479128 2.4050000905990605 3.0049999952316289 3 2.5249999761581425 1.8350000381469729 23.000000000000004 2.5000000000000004 2.3950001001358037 47.500000000000007 83.305000305175795 2.6350001096725468 1.5000000000000002 2.3149999380111699 2.6550000905990605 2.3850001096725468 4 2.4650000333786015 0.033055298030376441 0.067248854786157622 64.000000000000014 2.554999947547913 9.5000000000000018 320.37500000000006
decision_type=10 2 2 8 8 10 2 2 2 8 8 10 10 2 9 10 10 2 8 10 8 2 8 2 10 9 10 10 8 10 8 10 10 2 2 2 2 9 10 2 10 9 2 8 8 2 2 2 10 8 10 2 8 10 9 2 10 10 10 8 8 2
left_child=1 3 5 10 8 9 20 12 14 23 11 35 18 30 26 45 19 28 53 41 38 40 42 58 47 51 -3 -18 60 -15 52 56 -27 -22 -31 48 -9 61 -6 -8 -11 -7 -17 -33 -25 -12 -23 -16 -1 -24 -49 -10 -14 -5 -47 -56 57 -28 -2 -13 -4 -20
right_child=2 4 17 7 6 16 39 36 25 21 15 59 13 29 24 22 27 -19 37 -21 33 46 49 44 -26 32 31 -29 -30 34 -32 43 -34 -35 -36 -37 -38 -39 -40 -41 -42 -43 -44 -45 -46 54 -48 50 -50 -51 -52 -53 -54 -55 55 -57 -58 -59 -60 -61 -62 -63
leaf_value=-0.038878092587423078 0.25033427613712672 -0.13962624215775496 0.6920446874204822 -0.2001751608452344 -0.66126185336165233 0.50928032924106836 -0.29178592300635453 -0.014353278360616681 -0.15696240857769048 0.061318415567234358 0.5290840634489602 0.31978493249959911 -0.10879223459070535 0.031205455537603923 -0.052399765650699114 -0.098653757070979411 0.36566568598186666 0.68344920055817848 -0.28222370324585472 0.21814096682432405 -0.29168955794975149 -0.14637400823705624 0.020389505277423985 0.45463760614648624 -0.20448450642296473 0.19330720473412669 -0.16179598586985516 0.56203817528366151 0.41131371400046562 -0.36791800903938249 -0.06529882490884488 -0.44779924146151423 -0.030565235588606764 -0.45114335209196432 -0.19128704444074987 0.62838310865472868 0.15769650879820868 -0.50886638920238547 -0.50725926273522026 -0.13227425658163383 0.20285465702407773 0.33349819185683516 0.10654864313570496 -0.30075345362550254 0.27307907606599974 0.4005210830099839 0.026463024679107654 0.36300541615935639 0.15706924513390408 0.15230128143672247 -0.030328940536935845 -0.014184825115770787 0.12814691442667328 -0.04949460255475293 0.063517131864865906 0.26456555385828978 -0.25603411608509907 0.40940765600364304 0.088278564171165405 0.47630844386070326 0.51976586752388221 -0.51219657868876423
leaf_weight=1613.5 1955.25 2163 1287.75 7685.5 3819.25 2337.25 10631.25 7177.25 4570 9039.25 438 2272 813.5 904.5 2766 6027.75 4221.75 4974.75 6621.5 12248.25 2704.75 3352.5 3942.25 1742.5 4140.5 2158.75 311.25 3496.75 6813.25 2965 5404.5 4549.25 2737.25 16409 5103.75 200.5 2409.25 1577.75 5307 2482.25 3342.25 4914.5 1415.75 3858.75 5004.75 758.25 2357.75 545 2985.25 5478.75 476.5 3327.25 4288 2110.75 1829.25 1980 1440.75 177 3564.75 3274.75 7640 657.75
leaf_count=2020 2241 2265 1545 11815 6571 2668 16590 10649 6091 13579 438 2767 1016 1536 4074 7809 5028 5769 12329 16407 3355 5028 4936 1999 4436 3166 366 4153 9577 4471 9264 6350 2987 25610 7425 262 3526 2354 7149 3821 5854 5963 1730 5472 5778 774 3707 764 3805 7017 769 4453 5560 3037 1893 2040 1650 177 4326 3646 8786 660
internal_value=0.000333669 -0.153873 0.304653 -0.0230617 -0.294082 0.222018 -0.407308 -0.13232 -0.153124 0.124154 0.138772 0.272671 -0.172853 -0.0991725 -0.227918 0.0754099 0.331155 0.534286 -0.249777 0.28219 -0.474936 0.0444482 0.0279463 0.241678 -0.101901 -0.0336767 -0.307814 0.454753 0.487063 -0.22729 0.0102756 -0.342972 0.0681819 -0.428613 -0.256269 0.111147 0.0289088 -0.340469 -0.57184 -0.261617 0.0995518 0.390279 -0.0596052 -0.380403 0.320089 0.235247 -0.0750243 0.0102898 0.0883312 0.0971192 0.179818 -0.0968275 0.0903345 -0.167726 0.206849 0.168106 -0.179592 0.0460854 0.145752 0.412335 0.544766 -0.302724
internal_weight=232803 154510 78293.2 79935 74574.8 57577.5 41353.5 47719 33221.2 30359 32216 10346 38132.5 19479.2 20428 21870 27218.5 20715.8 18653.2 19500 28240 18091.8 16864.5 12267.2 7928 12793.2 12500 7718.5 15741 8973.25 10506 10337 4896 19113.8 8068.75 4799.25 9586.5 8857 9126.25 13113.5 12381.5 7251.75 7443.5 8408 6747.25 5005.5 5710.25 3787.5 4598.75 9421 1021.5 7897.25 5101.5 9796.25 4567.5 3809.25 1929 488.25 5520 5546.75 8927.75 7279.25
internal_count=321303 218895 102408 112779 106116 76731 63096 73642 43020 42512 39137 12500 59467 29272 26323 26637 34219 25677 30195 25038 42685 28168 21492 14344 10043 16697 16280 9181 19908 13432 15840 14015 6153 28965 11896 6087 14175 15343 13720 20411 19433 8631 9539 11822 7777 5145 8735 5607 5825 11953 1533 10544 6576 14852 4707 3933 2193 543 6567 6413 10331 12989
cat_boundaries=0 1 2 3 4 5
cat_threshold=16 16 8 4 4
is_linear=0
shrinkage=0.04


Tree=3
num_leaves=63
num_cat=3
split_feature=0 21 11 4 21 21 1 11 21 4 4 1 21 21 4 0 21 11 4 1 14 0 21 14 19 6 11 1 21 11 0 20 0 33 32 21 21 21 21 23 0 11 21 0 32 7 0 4 21 19 21 24 23 9 24 0 23 11 21 4 21 21
split_gain=6.29293e+06 2.32216e+06 1.33716e+06 956049 462588 348358 276989 259107 243184 199775 154698 115623 107328 102163 98314.8 95305.1 92208.1 77946.3 63492 57909 56905.1 61083.5 55535.5 54219.7 58318.5 50009.9 48437.5 48341.2 44680.7 43299.2 42207.1 41091.5 36726 36707.6 36363.2 34159.3 32012.6 31717 29187.4 28548.7 26796.3 26792.1 24613.6 24468.3 23436.8 22167.1 20962.6 20919.3 20831 19666.8 19612.9 19877.7 37004.8 19469 19367.7 19298.7 18032.3 17856.6 17183.9 16740.6 16348.1 15275.4
threshold=2.6350001096725468 74.533176422119155 0.11411219835281373 2.9650000333786015 73.465930938720717 82.205451965332045 2.6149998903274541 0.10534475743770601 68.252796173095717 2.0949999094009404 3.2150000333786015 2.2749999761581425 68.252796173095717 79.617172241210952 2.6450001001358037 3.0949999094009404 74.533176422119155 0.058150444179773338 2.6149998903274541 2.5049999952316289 77.479999542236342 2.3349999189376835 68.308303833007827 87.840000152587905 23.000000000000004 12.500000000000002 0.31928828358650213 3.2250000238418584 77.739685058593764 0.1251262649893761 1.8350000381469729 79.000000000000014 3.6049998998641972 0 1 88.393150329589858 72.026847839355483 68.182941436767592 68.308303833007827 1.0621204376220705 3.1450001001358037 0.37640480697155004 68.347362518310561 0.33500000834465032 2 6.5000000000000009 2.2350000143051152 2.3449999094009404 82.205451965332045 59.500000000000007 63.086299896240241 0.16761939227581027 1.1971753835678103 16.500000000000004 0.18260557204484942 3.0849999189376835 1.0879712104797366 0.37119558453559881 62.269115447998054 2.2749999761581425 68.39477920532228 78.926559448242202
decision_type=10 10 10 2 10 10 10 10 10 2 2 8 10 10 2 10 10 10 2 8 10 8 8 10 10 2 10 10 10 10 8 2 10 9 1 10 10 10 8 10 10 10 8 8 1 2 10 2 10 8 8 8 8 2 8 10 10 10 8 2 10 10
left_child=1 2 8 4 6 7 17 28 14 12 16 46 26 19 20 37 55 38 23 -6 25 47 -11 31 56 -1 58 60 44 -7 41 -13 36 57 -26 53 -12 -8 -2 -30 -21 61 -19 -28 -3 -33 -10 -22 -15 -35 -23 -52 -53 -31 -54 -5 -25 -14 -4 -24 -17 -9
right_child=3 5 9 10 13 29 15 30 11 22 32 18 33 48 -16 27 -18 42 -20 40 21 50 59 24 34 -27 43 -29 39 35 -32 45 -34 49 -36 -37 -38 -39 -40 -41 -42 -43 -44 -45 -46 -47 -48 -49 -50 -51 51 52 54 -55 -56 -57 -58 -59 -60 -61 -62 -63
leaf_value=-0.45252272997426629 -0.021332239497907714 0.21407755369610848 -0.53816409668053111 0.27234078108476106 0.16679370673313407 0.54355947534821825 0.084187791970668363 -0.16772207751859233 -0.20682363854261962 -0.34817228601880101 0.47585850504045002 -0.60361531539706137 -0.41420765256364234 0.43394618821874142 0.037336950634399541 0.17589620040846898 0.54567377786561977 -0.20280273191780485 0.13715436291172561 0.31986098451655492 -0.308358648556673 -0.21399393970259556 -0.24438155570731154 0.074981313622033335 0.060629538273711613 -0.23520858048162846 -0.74649540402164571 0.53606554370821147 0.24131999503429249 0.23925949090679466 0.014943598894092042 -0.16401086532422424 0.7234629697705357 -0.24342857103494986 -0.091725034132879982 0.57535967417082012 0.62288906285774137 0.20785954503359511 0.1041986185044855 0.44189022503536302 0.49703277412332958 -0.39570253320181314 -0.046047106786318709 -0.54548975887382822 0.074788560271245835 -0.038860579676409615 -0.094729177228548206 -0.17286395587635509 0.60510904805262433 -0.35547729306724357 -0.14229733455541796 0.44309352208337666 -0.27371121092930129 -0.24421125544605221 -0.0098729893152473321 0.37688913305177468 0.32439466528616606 -0.61722836120721836 -0.42452662727407975 -0.13239397033346134 0.34365776318933805 0.023548011462578265
leaf_weight=2683.25 4645.5 3859.5 2740.75 5250.5 3684 3607.25 5527.5 2488.5 5812.5 8613.25 5110.25 246.75 2765.25 2292.25 2612 1541.25 4342.25 2710.25 4489.25 6374.25 5881.5 2989.75 6845.25 753.5 5467 4621.25 1168 1651.5 5084.25 991.25 4640.5 3498 2310.75 3862.75 4625.25 484.25 4511.75 8315.5 8180 1466.75 1749.75 654.5 3922 6255 3876.75 6420.5 4946.5 2656.5 2329.75 7262.75 5434.25 255 539.25 152.25 2509 6206.25 1211 942 10183 3117.25 2370.5 912.25
leaf_count=5480 6492 4656 4066 7238 4353 3710 7350 3120 7476 11977 6836 273 3408 2614 3941 1866 4937 3479 5843 7905 9207 4090 10821 1409 6286 7073 1939 1965 6054 1037 6022 4782 2691 5359 6255 500 4991 10969 13028 1532 2085 842 6439 10314 5211 9020 6397 4098 2374 10160 8330 300 564 195 6373 8505 1337 1248 15694 4645 2879 1093
internal_value=-8.41424e-05 -0.15505 -0.23102 0.279186 0.183048 0.171801 0.107812 0.104704 -0.112683 -0.379939 0.470846 -0.0446154 -0.435984 0.360977 -0.19718 0.214733 0.388637 0.00116378 -1.79494e-05 0.298477 -0.2194 -0.184863 -0.273764 -0.0277395 0.0296296 -0.31514 -0.495677 0.354554 0.209473 0.46622 -0.0674402 -0.0957767 0.579608 -0.354044 -0.00919768 0.294366 0.544917 0.158497 0.0587335 0.286349 0.358134 -0.161676 -0.110148 -0.577311 0.144316 -0.0830228 -0.155316 -0.266252 0.520448 -0.316341 -0.125571 -0.0952725 -0.0178692 0.174567 -0.0566987 0.329032 0.228908 -0.464848 -0.448706 -0.209375 0.277685 -0.116428
internal_weight=232651 149625 121407 83025.8 55294 28218 38864 22983 67652 53755.2 27731.8 37470.2 35179.5 16430 30181.8 19406.2 15799 19457.8 26711.2 11808 27569.8 20265.2 18575.8 22222 12056.8 7304.5 20346.8 5563.25 14287.2 5235 8695.75 10165.2 11932.8 14832.8 10092.2 1627.75 9622 13843 12825.5 6551 8124 4055.25 6632.25 7423 7736.25 9918.5 10759 8538 4622 11125.5 11727.2 8737.5 3303.25 1143.5 3048.25 11456.8 1964.5 3707.25 12923.8 9962.5 3911.75 3400.75
internal_count=321133 212137 178165 108996 73798 33972 54467 28530 98534 79631 35198 49078 52188 19331 49456 25029 20680 29438 35205 14343 45515 32962 27443 29362 15287 12553 32013 6710 17453 5442 11077 14075 14518 20175 12541 1732 11827 18319 19520 7586 9990 5055 9918 12253 9867 13802 13873 13305 4988 15519 19657 15567 7237 1232 6937 15743 2746 4656 19760 15466 4745 4213
cat_boundaries=0 1 2 3
cat_threshold=70 4 4
is_linear=0
shrinkage=0.04


Tree=4
num_leaves=63
num_cat=5
split_feature=0 21 11 0 21 21 11 21 1 1 11 1 1 21 21 14 0 11 0 21 21 0 11 33 21 21 32 11 0 21 32 0 0 21 21 25 21 32 21 0 0 11 21 0 1 0 21 30 0 11 14 24 22 0 14 22 0 19 21 21 14 6
split_gain=5.79607e+06 2.22159e+06 1.27976e+06 733568 380077 339595 251104 242434 220665 199611 187506 105642 99367.9 94606.9 77467.5 70990.7 88066 69124.3 64443.3 62385.5 61995.5 47122 45877.9 43797.1 43211.8 42876.1 42345.1 40120.5 39062.1 38063.4 37628.6 36400.6 34541.9 32470.6 28692.7 27892.2 27334.9 26792.2 25365.3 24974.1 24826 24217.5 24008.5 23896.2 23884 22671.3 19978 19672.7 18265.9 18240.5 24593.7 18019.6 17764.8 17559.8 17050.7 16897.7 16758.7 16440.1 16298.4 16133.1 16128.5 16036.5
threshold=2.6750000715255742 74.533176422119155 0.12165151908993722 3.1049998998641972 74.533176422119155 82.205451965332045 0.10534475743770601 69.88785552978517 2.9250000715255742 2.6650000810623173 0.25356170535087591 2.5349999666213994 2.5049999952316289 70.751132965087905 68.308303833007827 86.399997711181655 2.4750000238418584 0.076166305691003813 0.92500001192092907 82.205451965332045 70.447662353515639 2.185000061988831 0.15715519338846209 0 78.408687591552749 69.88785552978517 1 0.038984065875411041 3.4050000905990605 68.252796173095717 2 2.054999947547913 3.3850001096725468 88.393150329589858 60.34489822387696 101.12500000000001 69.445976257324233 3 78.926559448242202 2.1149998903274541 2.2350000143051152 0.038984065875411041 79.617172241210952 2.3549998998641972 1.0549999475479128 2.2749999761581425 69.779163360595717 4 1.8550000190734866 0.028388942591845993 94.430000305175795 0.051987174898386009 0.033055298030376441 2.2949999570846562 69.174999237060561 0.16758911311626437 2.9250000715255742 64.000000000000014 77.739685058593764 89.870384216308608 88.345001220703139 6.5000000000000009
decision_type=10 10 10 8 10 10 10 10 8 10 10 10 8 10 8 8 8 10 8 8 10 10 10 9 10 10 1 10 10 10 1 8 10 10 8 2 8 1 8 8 10 10 10 10 8 10 8 9 10 8 10 10 10 10 10 10 10 8 10 10 10 2
left_child=1 2 7 4 9 6 24 11 20 17 14 15 40 28 39 21 -17 36 44 27 41 47 59 38 37 -20 43 -6 -10 -11 -13 -16 58 -24 -18 60 -2 51 48 -4 -9 -5 -22 -14 -12 -32 -19 54 -8 -37 -51 -3 -26 -39 55 -1 -31 -33 -15 -7 -28 -36
right_child=3 5 10 8 19 22 23 12 13 29 18 30 26 32 31 16 34 46 25 -21 42 -23 33 -25 52 -27 35 -29 -30 56 45 57 -34 -35 61 49 -38 53 -40 -41 -42 -43 -44 -45 -46 -47 -48 -49 -50 50 -52 -53 -54 -55 -56 -57 -58 -59 -60 -61 -62 -63
leaf_value=-0.45091911034007565 0.0065908728647870651 0.15085007943715592 -0.40181859851081919 0.20085951350334075 0.3808873693602613 0.49235588329367719 -0.16349280859063775 -0.15191520739281705 0.34718947804941053 0.13431943301799862 -0.69474860266418559 0.046810943201427348 -0.10412685312720747 0.47567388373822084 -0.29023084850326553 -0.2311908244369838 -0.29127733043299825 -0.19693731106279855 -0.45288125023571868 0.57878798008014354 0.31436755913966702 -0.1652755332329163 0.12122919618132898 -0.32103623349517507 0.25688132713797773 -0.30597080760579459 0.1160411057407716 0.18866973498256559 0.51211135269358143 0.21451834005339604 -0.21714781884233841 -0.083758162004819225 0.65186006940150909 0.55616446363064098 0.0087113557827676394 0.16168916006336173 0.11921845813382936 0.0023011671427129224 0.080795934347333467 -0.2883638874056324 -0.040539164915765577 -0.02343784634456415 0.56459198873442862 0.055296028648596458 -0.51568889091949799 -0.060180404604116167 -0.021948018154538066 -0.28406274736661374 -0.016788256261722027 -0.12422607833835349 0.11366697682126191 0.30844775254443096 0.43094472427967406 0.15445778526989862 -0.2884048134764739 -0.89299123105814238 0.31358323769285196 -0.21604495927463116 0.60837818362370844 0.74070281980845554 0.28079223399350406 -0.11008328120493287
leaf_weight=396 6487.25 2523.25 10207 2586.75 7474.5 3658.5 2342.5 6015.25 6415.25 6351.5 1744.5 3852.5 2824.75 5064.5 9077.25 8615.75 734 2325.5 12191.5 2057.25 3907 6223.25 930 934.5 4129.5 4327 1886.25 2272 3607.75 6416.25 2145 2441.25 5142.75 388.75 5499 1529.5 7358 2098.5 2240.75 4503 6849.5 1095.75 731.5 3213.75 3963.25 4693 1894 10217.75 3228.5 1448.5 1333.5 2160.75 1221.75 2876.25 467.75 219.25 4797.75 3926.5 2152 482 1925.25 2714
leaf_count=702 9086 3232 14353 3192 8958 3786 3040 7615 9986 8531 2412 4646 4009 6044 13272 13190 902 3068 19585 2109 4450 10037 1005 1086 4758 5929 2793 2710 5149 8412 3417 3504 5664 403 9342 1564 11018 2739 2759 6213 8528 1380 775 4458 6199 7246 3154 16622 4232 1462 1344 2361 1530 3726 587 289 6189 6304 2320 482 2775 4352
internal_value=-0.000291542 -0.142356 -0.215654 0.280425 0.181808 0.171713 0.106318 -0.107167 0.432759 0.116625 -0.366429 -0.16325 -0.0121673 0.498151 -0.301414 -0.19679 -0.139928 0.0232596 -0.454601 0.378513 0.256788 -0.253756 0.456141 -0.0640365 0.205579 -0.41444 0.0609316 0.336128 0.406644 0.212629 -0.0531523 -0.238782 0.572282 0.250096 -0.0520109 0.120557 0.0664555 0.155004 -0.0327641 -0.367133 -0.0926321 0.13414 0.354056 -0.0192889 -0.570642 -0.109469 -0.11844 -0.302443 -0.0785127 0.0508263 -0.0101939 0.223653 0.29677 0.0903018 -0.468068 -0.610852 0.256951 -0.165373 0.515406 0.521612 0.199365 -0.0305608
internal_weight=232538 154400 125185 78137.2 47434 29215.5 23756.2 72803.5 30703.2 35630.2 52381.2 45777.2 27026.2 22382.2 30155 35086.8 17562.8 18064.8 22226.2 11803.8 8321 17524 5459.25 8746.25 15010 16518.5 14161.5 9746.5 10023 17565.5 10690.5 15445 12359.2 1318.75 8947 8123 13845.2 9658.75 7811.75 14710 12864.8 3682.5 4638.5 6038.5 5707.75 6838 4219.5 11300.8 5571 4311.5 2782 4684 5351.25 4974.75 1083 615.25 11214 6367.75 7216.5 4140.5 3811.5 8213
internal_count=320985 218790 183651 102195 63235 35139 29463 105880 38960 49458 77771 71332 34548 29163 43646 56023 27786 26326 34125 13777 9797 28237 5676 11117 18346 25514 18405 11668 15135 23132 15309 23080 14028 1408 14596 9938 20104 12058 10031 20566 16143 4572 5225 8467 8611 10663 6222 18200 7272 4370 2806 5593 6288 6465 1578 991 14601 9808 8364 4268 5568 13694
cat_boundaries=0 1 2 3 4 5
cat_threshold=5 8 4 4 48
is_linear=0
shrinkage=0.04


Tree=5
num_leaves=63
num_cat=5
split_feature=0 21 11 0 21 21 1 11 21 11 1 21 1 21 21 14 11 0 21 1 5 11 1 0 14 19 7 22 21 21 32 1 32 0 11 32 21 21 21 21 0 20 0 1 21 1 0 33 21 21 0 21 22 21 0 0 1 19 24 32 11 23
split_gain=5.36552e+06 1.96899e+06 1.14397e+06 773422 348891 286255 249021 234821 199126 186020 168274 123664 101609 92313.1 71691.3 67747 63260.8 58804.9 58066 53888.9 53125.3 52744.3 52723.6 51437.8 49544.7 56185.5 45930.1 44317.1 37732.9 36648.2 36342.8 35989.8 35963.2 35558.3 31727.6 30312.5 29329.9 28351.3 25374.4 23478.5 22804.5 22123.6 21362.1 20944.1 20165.9 20153.8 19428.5 19259.7 18682.4 17753.3 17739.9 17331.5 20198.3 17113.9 17019.1 16561.3 16439.3 16423.6 20162.4 16154.6 15990 15754.2
threshold=2.6350001096725468 74.533176422119155 0.11098008602857591 3.0049999952316289 74.533176422119155 82.205451965332045 2.8249999284744267 0.064839839935302748 68.252796173095717 0.25845077633857733 2.5949999094009404 70.751132965087905 2.2749999761581425 68.308303833007827 70.36801910400392 79.729999542236342 0.076166305691003813 1.1349999904632571 82.205451965332045 3.2549999952316289 4.5000000000000009 0.28073549270629888 2.4050000905990605 3.3850001096725468 87.689998626708999 23.000000000000004 6.5000000000000009 0.056795187294483192 68.182941436767592 69.88785552978517 0 2.5149999856948857 1 2.054999947547913 0.26340374350547796 2 77.739685058593764 78.926559448242202 79.617172241210952 68.308303833007827 2.1250000000000004 79.000000000000014 2.2250000238418584 0.70499998331069957 86.135070800781264 2.9150000810623173 3.2549999952316289 3 69.779163360595717 78.926559448242202 2.4450000524520878 63.086299896240241 0.18932993710041049 88.393150329589858 3.5049999952316289 2.1049998998641972 2.5949999094009404 49.500000000000007 0.08732261881232263 4 0.034909110516309745 1.0625432729721072
decision_type=10 10 10 10 10 10 8 10 10 10 10 10 8 8 10 10 10 8 10 10 2 10 8 10 8 10 2 10 10 10 1 8 1 8 10 1 10 10 10 8 8 2 10 8 10 10 10 9 8 10 8 8 10 10 10 8 8 10 10 1 10 10
left_child=1 2 8 4 10 7 14 32 15 13 16 19 42 40 60 20 39 43 31 46 -1 37 -17 36 26 -26 41 34 -12 -19 45 -6 61 -15 44 -24 -13 55 -16 -2 -4 -14 -10 -11 59 -27 -8 -23 -18 -34 -32 57 -53 -36 -21 -9 -28 58 -37 -7 -5 -3
right_child=3 5 9 6 18 27 11 21 12 17 28 23 24 33 38 22 48 29 -20 54 -22 47 35 -25 25 30 56 -29 -30 -31 50 -33 49 -35 53 51 -38 -39 -40 -41 -42 -43 -44 -45 -46 -47 -48 -49 -50 -51 -52 52 -54 -55 -56 -57 -58 -59 -60 -61 -62 -63
leaf_value=-0.40900528481140769 -0.038399213379930568 0.23995528213630907 -0.38776219807131301 0.14119261393311372 0.17690524674495009 0.28234894642870911 0.24788839797720968 -0.092168850026524363 -0.19834287359410924 -0.6737522430086853 0.090789522675571374 0.42675177844698048 -0.55518312404292636 -0.27306065562311221 0.2708060038983196 -0.2321996416785726 -0.20680040907135128 -0.43075250095674766 0.54460615989831229 0.42095377269626616 -0.20105203511052996 -0.14145431881684878 -0.1799608716596553 0.62133306494127416 0.23111168160153756 0.060221851424041684 -0.059867685733911734 -0.28370404106637703 0.2145087858485859 -0.28304137687741238 -0.11437781483144227 0.35219103811436248 0.10443361369161606 -0.15649011347090086 -0.019609705424291364 0.33216531798301208 0.57363634091406479 0.12420566081378381 0.52433397987627028 0.079099272085058722 -0.28468780356421264 -0.15050416581192017 -0.083893085228451666 -0.49866109481791421 0.5989806707519969 0.31997332915722809 0.36746333386941671 -0.42243086598335366 -0.043934345401693123 0.26516009433346011 0.024618807415801008 -0.043334216197583965 0.20818725512570485 0.47872512739567669 0.59814191857571797 0.036204263302796982 0.058071522174363732 -0.069477247841986098 -0.34517396865331529 0.48057984672725101 -0.024143310715788267 0.37313791729081724
leaf_weight=2977.75 4140.25 4059.75 11558.5 2663.25 2684.25 969 5074 3653.5 5568.75 1352.75 6204.75 7536 228.75 10072.75 4300 6646.25 2581.75 9992.25 1876.25 3068.5 5803.5 1611 4615.75 5440.5 2311.25 6358.25 4013 136 10848 3700.75 3433.25 6263.5 4115.5 7184.5 340.25 75.5 3096.5 2434.25 742.5 7929.75 4933.5 3515 4918.5 6194.5 1491.5 515 3840.5 524 2001.25 1501.5 2565.75 6628 551.5 161 1235 2869 3572.5 1559.25 798.75 2127 1441.5 2206.5
leaf_count=5944 5776 4875 16261 3330 3222 1005 8146 4591 7122 1946 8436 9036 252 14731 4954 9110 3355 16188 1922 4186 9045 2223 7534 5994 3212 7313 5363 136 14232 5098 4685 7585 5356 10930 374 80 3368 2966 792 11886 6816 4808 6360 9484 1577 560 6095 623 3373 1851 3450 12949 793 167 1439 3712 5284 2061 1047 2178 1833 2316
internal_value=7.09131e-05 -0.142816 -0.212629 0.258132 0.144655 0.158327 0.389578 0.097533 -0.10121 -0.347677 0.0811957 0.446476 -0.0393105 -0.289277 0.207322 -0.17843 -0.00924668 -0.440435 0.342212 0.355728 -0.271648 -0.0348293 -0.139194 0.521051 0.00238155 0.0496122 -0.060914 0.425517 0.169509 -0.390879 0.016992 0.299659 0.221065 -0.224554 0.444577 -0.0957239 0.46963 0.00777064 0.308332 0.0387946 -0.356967 -0.175516 -0.144693 -0.530215 0.477592 0.0797731 0.299475 -0.213389 -0.135734 0.147478 -0.0549398 -0.0552471 -0.0239596 0.141704 0.472059 -0.0357074 -0.0043208 -0.147455 -0.286045 0.418762 0.0831448 0.286958
internal_weight=232814 149846 121646 82968 44529.8 28199.8 38438.2 22975 66656.2 54989.5 33705.8 29291 37000 33749.2 9147.25 29656.2 16653 21240.2 10824 13218 8781.25 11091.8 20875 16073 26512.8 15183.5 11329.2 5224.75 17052.8 13693 12872.2 8947.75 11883.2 17257.2 5088.75 14228.8 10632.5 8956.75 5042.5 12070 16492 3743.75 10487.2 7547.25 4587.5 6873.25 8914.5 2135 4583 5617 5999 9613 7179.5 501.25 4303.5 6522.5 7585.5 2433.5 874.25 3096 4104.75 6266.25
internal_count=321336 212376 178426 108960 59787 33950 49173 28513 96972 81454 47058 38264 48409 48738 10909 48563 24390 32716 12729 19866 14989 14115 33574 18398 34927 19220 15707 5437 22668 21286 16008 10807 14398 25661 5301 24464 12404 11269 5746 17662 23077 5060 13482 11430 4760 7873 14241 2846 6728 7207 8135 16930 13742 541 5625 8303 10647 3188 1127 3183 5163 7191
cat_boundaries=0 1 2 3 4 5
cat_threshold=4 4 8 1 8
is_linear=0
shrinkage=0.04


Tree=6
num_leaves=63
num_cat=3
split_feature=4 21 11 4 1 21 21 11 21 4 4 4 4 21 4 1 1 21 21 16 14 19 20 11 11 11 14 11 20 21 21 4 23 1 21 4 19 21 33 4 21 21 1 4 6 1 21 4 4 11 9 30 26 4 23 8 25 21 23 19 28 21
split_gain=4.68687e+06 1.91675e+06 1.23564e+06 546378 391184 341786 315071 299575 182516 158801 143049 87800.9 84010.5 73467.9 72221.8 66870.4 60129.4 59969.9 52376 51690.2 45670.3 48570.6 42040.9 44510.5 41120.6 40352.1 39994.4 38674 38059.8 36380.3 35463.6 34020.5 33726.4 33553.7 32525.6 32142.2 30573.4 29213.3 27912.3 26535.4 26399.8 24794.4 23395.5 23307.9 23224.8 22317.8 21375.8 21319.7 19287.4 19152.9 19084.9 18603.7 18297.3 16314.5 16253.8 14865.7 14639.2 14383.7 14164.2 14123.3 14112.3 13967.9
threshold=2.6149998903274541 73.465930938720717 0.14311316609382632 3.0749999284744267 2.7549999952316289 82.205451965332045 74.533176422119155 0.098060119897127165 68.252796173095717 0.35500000417232519 2.1550000905990605 2.8149999380111699 1.3650000095367434 67.886199951171889 3.3850001096725468 2.1950000524520878 2.8549998998641972 74.533176422119155 82.205451965332045 1.5000000000000002 88.184997558593764 23.000000000000004 79.000000000000014 0.0658288709819317 0.0081634009256958979 0.1251262649893761 93.950000762939467 0.33946646749973303 110.00000000000001 76.617176055908217 70.319358825683608 2.3349999189376835 1.2481924295425417 3.185000061988831 69.260829925537124 1.575000047683716 49.500000000000007 88.393150329589858 0 2.2849999666213994 68.533378601074233 63.022916793823249 2.3249999284744267 2.2749999761581425 90.250000000000014 2.7050000429153447 79.325862884521499 2.3449999094009404 2.3649998903274541 0.82555782794952404 16.500000000000004 1 1.5000000000000002 1.7749999761581423 1.2374786734580996 74.500000000000014 79.625000000000014 70.499790191650405 1.0956143736839297 59.500000000000007 2 77.739685058593764
decision_type=2 10 10 2 10 10 10 10 8 2 2 2 2 10 2 8 10 10 10 2 10 10 2 10 10 10 10 10 2 10 8 2 10 10 8 2 10 10 9 2 8 10 10 2 2 10 10 2 2 10 2 9 2 2 10 2 2 10 10 10 9 10
left_child=1 2 4 6 8 7 11 12 22 24 13 30 16 27 17 48 26 45 60 29 28 58 32 41 33 -7 52 -4 -17 43 44 -14 -1 -6 55 -23 -34 50 -15 -37 -12 -24 -30 -9 -2 -5 -33 -25 53 -29 -27 -38 -3 -10 -43 -13 -31 -40 -22 -32 -8 -28
right_child=3 5 10 14 9 25 18 19 15 -11 40 34 31 38 -16 20 -18 -19 -20 -21 21 35 23 47 -26 37 61 49 42 56 59 46 36 -35 -36 39 51 -39 57 -41 -42 54 -44 -45 -46 -47 -48 -49 -50 -51 -52 -53 -54 -55 -56 -57 -58 -59 -60 -61 -62 -63
leaf_value=-0.56205625443026386 -0.031264920901936499 0.1600314844224148 -0.40243607699956846 0.25747094141243559 0.22950094492711401 0.48489102172821147 0.40530229861096517 -0.15107810114308898 -0.064917431166006581 -0.045359705515288555 -0.28384849440778537 0.079003445998771654 0.014892254055843131 -0.41990927028435537 0.59103429716107747 -0.48883743236708904 0.48848537853699325 0.53918917357788376 0.56908218719316905 -0.27237905886188052 0.076252257393268352 0.0590498646305887 -0.23591745599569788 -0.28284211840662193 0.051085980690148615 0.21381738034845346 0.23267539718181024 -0.50630003117680267 -0.12731879830090082 0.14425111750146993 0.24172696903114341 0.12593100948011696 -0.66907553166279987 0.4425731600481817 0.26447780979940272 -0.21024350577741596 0.19689216640349411 0.50729677078566315 -0.333521621596295 -0.028832326346619246 -0.15413255909576182 -0.14335141731784787 -0.021969940483844947 0.04330435547674992 0.091558595761418893 0.39568565758285118 0.30142715328623182 -0.14403751373109952 -0.053361612519186433 -0.85495184860743734 -0.23619318705695017 -0.31089282133777935 -0.078310995562721072 -0.202057137634406 -0.015641655839133246 0.19636185277028034 -0.0036463002217501077 -0.24403732939604766 0.28843232988463124 0.11594924911908124 0.30633407521021461 0.37893761016580951
leaf_weight=897.75 4641.5 2341.5 14207 2413.75 2849.5 4015.5 4034.5 4460 1698.25 4542.5 5061.5 2851.25 4196.5 3798.5 5003 368.75 1630.25 4487.25 2102.5 1736.5 912.75 5106.5 4376.75 8627 1136.5 1099.25 2345.25 6178 7202.5 1468.5 1980 6485 148.25 2031.75 8891.5 1701 271 523.5 6273 5324.75 5000 12576.25 6344 1266.25 5244.75 8546.75 1340.25 2236.5 2567.25 265.75 173 183 659.25 7658.25 1826.75 4395 3939 5376 1126 5151 5512.75 1908.5
leaf_count=1320 6848 2892 22037 3706 3301 4128 4816 5834 1993 6806 6896 4286 5389 4829 5795 779 1853 4953 2149 2053 2739 7328 6221 11846 1321 1142 3078 10417 14230 2670 2769 8150 149 2349 12349 2838 271 540 9300 7676 8249 19096 8591 1549 6936 10898 1575 3081 3300 421 215 183 669 9909 1946 5865 4185 7134 1231 7416 6496 2090
internal_value=-9.70621e-05 -0.112154 -0.187451 0.287463 -0.0939916 0.131057 0.20925 0.0822938 -0.127708 0.133166 -0.352883 0.146358 0.175754 -0.390065 0.45878 -0.0711814 0.269019 0.415876 0.388183 -0.069527 -0.0374819 0.0130623 -0.20032 -0.18984 0.267899 0.414359 0.219578 -0.439461 -0.0889502 -0.0378448 0.0829533 0.106792 -0.406891 0.318336 0.213198 -0.017304 -0.174484 0.256274 -0.323982 -0.0728021 -0.219431 -0.152529 -0.0779937 -0.108093 0.0338987 0.365301 0.156059 -0.254299 -0.15054 -0.520941 0.152344 -0.010736 0.107649 -0.177186 -0.127159 0.150219 0.0365548 -0.292024 0.193611 0.150932 0.348233 0.298447
internal_weight=232717 167461 127873 65255.5 81713.5 39588 44804.8 33776.8 71153.2 10560.2 46159.8 33155 20906.5 36098.2 20450.8 40010 8884.75 15447.8 11649.8 12870.2 28086.2 14171 31143.2 29643.2 6017.75 5811.25 7254.5 20650.8 13915.2 11133.8 17017.2 12021.8 1500 4881.25 16137.8 12132.2 602.25 1795.75 15447.5 7025.75 10061.5 18779.8 13546.5 5726.25 9886.25 10960.5 7825.25 10863.5 11923.8 6443.75 1272.25 454 3000.75 9356.5 14403 7246.25 5407.5 11649 2038.75 7131 9547.25 4253.75
internal_count=321081 235799 187787 85282 118504 48012 59930 41987 104727 13777 69283 46469 25696 54138 25352 60614 10582 19557 13461 16291 45412 21812 44113 42190 6971 6025 8729 32875 23600 14238 23969 15114 1923 5650 22500 17842 603 1897 21263 10514 15145 27263 22821 7383 13784 14604 9725 14927 15202 10838 1357 454 3561 11902 21042 10151 6855 16434 3970 10185 11312 5168
cat_boundaries=0 1 2 3
cat_threshold=70 8 4
is_linear=0
shrinkage=0.04


Tree=7
num_leaves=63
num_cat=2
split_feature=0 0 4 22 22 1 19 4 4 4 4 14 4 22 1 14 9 0 20 19 22 22 22 22 4 1 1 22 4 19 1 0 26 25 22 0 19 22 20 4 0 20 1 32 4 4 19 18 4 19 29 19 19 22 14 1 20 19 25 22 22 22
split_gain=4.59112e+06 1.24092e+06 636921 589670 426139 233063 172770 165035 152694 140740 111290 103070 131960 98584.5 87096.7 78860.6 76901.5 74454.4 70223.4 62305.4 56255 49552.9 44089.8 43949.7 42517.6 40724.9 38871.1 38613.8 38151.6 37898 31389.1 30759.5 30243.8 34580.2 30179.3 28755.2 27458 27013 26155 26007.1 25927.4 25115.6 24613.4 23973.7 23122 21322.2 20456.6 21634.7 20391.9 20262 18972.4 18777.3 18477.4 18274.7 16185.7 15580.2 15497.1 15729 15465.4 15439.8 27423.2 14805.7
threshold=2.6750000715255742 2.1149998903274541 2.9650000333786015 0.054964337497949607 0.070410095155239119 2.7150000333786015 49.500000000000007 2.1950000524520878 2.4750000238418584 2.2549999952316289 3.2150000333786015 86.854999542236342 0.79500001668930065 0.051998689770698554 2.4150000810623173 95.384998321533217 3.5000000000000004 3.1450001001358037 110.00000000000001 64.000000000000014 0.019503099843859676 0.053768806159496314 0.019503099843859676 0.11901463195681573 2.6450001001358037 2.3549998998641972 1.2450000047683718 0.066482517868280425 2.5149999856948857 49.500000000000007 3.2250000238418584 3.6049998998641972 1.5000000000000002 77.625000000000014 0.1330504193902016 0.88499999046325695 11.500000000000002 0.019503099843859676 79.000000000000014 2.6450001001358037 1.3049999475479128 177.50000000000003 2.5249999761581425 0 2.3349999189376835 2.4850000143051152 21.500000000000004 1.5000000000000002 2.554999947547913 49.500000000000007 1 49.500000000000007 59.500000000000007 0.10294625535607339 89.055000305175795 1.0049999952316286 177.50000000000003 7.5000000000000009 113.87500000000001 0.19607897847890857 0.1597690433263779 0.025052327662706379
decision_type=10 8 2 8 8 10 8 2 2 2 2 10 2 8 8 8 2 10 2 8 10 10 10 8 2 8 10 8 2 10 10 10 2 2 8 10 8 10 2 2 10 2 10 1 2 2 10 10 2 8 9 10 8 8 10 8 2 10 2 10 8 10
left_child=1 4 5 6 9 13 15 16 11 19 27 18 34 29 37 46 38 21 32 40 -21 51 -16 42 49 45 35 52 -9 -2 -19 -12 33 -5 50 -18 -14 -8 -6 -10 55 -42 -20 -24 -38 -15 54 61 -31 -11 -13 -7 -4 -27 -3 -1 57 -36 -22 60 -58 -48
right_child=2 3 10 8 7 17 14 28 39 24 31 12 36 25 22 -17 26 30 23 20 58 -23 43 -25 -26 53 -28 -29 -30 48 -32 -33 -34 -35 56 -37 44 -39 -40 -41 41 -43 -44 -45 -46 -47 47 -49 -50 -51 -52 -53 -54 -55 -56 -57 59 -59 -60 -61 -62 -63
leaf_value=-0.41649907657415525 0.30596076181007686 0.015636323658028611 0.47920995869708671 -0.48156147231563801 -0.51074405741882201 0.41768424102455681 0.067322416514274785 -0.21616908599133106 -0.032949083225101469 0.14986886634727767 0.46450186689998091 0.25890568293779387 0.046050626362460011 -0.10631226890065712 0.23813977091506153 0.35750376899468372 -0.60099044862873696 0.31586534764449414 -0.1563809614397503 -0.076809347191574714 -0.21339549497175547 0.15230668857936622 0.00065377536386487453 -0.24915881812112553 0.33152964480662789 0.12554210127121265 -0.38477955834717714 0.26377815662500259 0.0243098599532349 0.076945755342316777 0.50860415917260793 0.62664782514493778 -0.64396155513643716 -0.030606889575315276 -0.51524660578602588 -0.43925197191411036 -0.26549725279924397 -0.077764660461874552 -0.26513870518511895 0.085695588313807108 -0.12642202347152287 0.038947185597818318 -0.0023177629440782345 0.1294793015480524 -0.12668814078654339 0.045454240470137616 0.71207055522263663 0.15671197254853911 0.19949052185493529 -0.043703350827500216 0.049019127567331823 0.2607756175332453 0.35179160698250178 0.018934397717330183 0.17711088361697258 -0.15758938305635359 -0.20937037867197084 0.10031679275842655 -0.31423171203406636 -0.25635332088975099 0.048566635856830652 0.19484370216081193
leaf_weight=466.5 2855.25 2140.75 2636 712.25 758.25 1536 2779.25 6398 7036.25 1109.25 9603.25 784.25 718.5 4098.25 3419 4920 2743.5 3879 10899 2807.25 3814.5 8589.75 4283.5 8758.25 700 5616.5 14144.75 6944.5 1263.5 4369.25 2091.75 2352.5 700.25 440 68.5 5042.75 4970.75 7843.5 8308 5094.75 3274 2663.25 1957.25 5018.25 3138.5 2317.25 245.5 747.75 4328.25 3905.5 5276 6076.25 6081.75 4747.75 1851.75 1833.75 1103 1150.5 6834.75 787 1634.25 141
leaf_count=576 3417 2524 3044 1337 951 1842 2906 9701 10562 1392 11812 1217 1260 5149 3533 5577 4566 4578 15723 2928 8001 11577 5611 15455 823 7580 19805 10120 1853 5177 2439 2723 938 440 85 8831 7838 10308 13159 7452 3601 3780 2936 6342 4589 3044 289 1002 5031 4798 6458 7172 7317 10186 2244 2241 1256 1968 6993 967 3909 186
internal_value=0.000162868 -0.126072 0.25011 -0.0282493 -0.257282 0.165641 0.104448 -0.34282 -0.108476 -0.136619 0.404556 -0.143761 -0.0761168 0.0896164 0.0447474 0.243124 -0.383911 0.262769 -0.200336 -0.183137 -0.236173 0.218221 0.115346 -0.180046 0.0399711 0.0276975 -0.424444 0.33431 -0.176513 0.179529 0.383537 0.496507 -0.436625 -0.309718 0.0176306 -0.496382 -0.190825 -0.039799 -0.285789 0.0168843 -0.0964606 -0.0522535 -0.132931 0.0701683 -0.21182 -0.0514966 0.133259 0.283046 0.137962 -0.000841394 0.076766 0.292539 0.390421 0.0767201 0.0905826 -0.210417 -0.0579231 0.0649322 -0.27816 -0.100432 -0.0554455 0.525375
internal_weight=232810 154687 78123.2 88619.5 66067.5 50505.2 33390.2 38658.8 55229.2 27408.8 27618 43098.2 19631.2 28332.5 23343.5 10046.8 30997.2 22172.8 23467 21694 13456.5 16202 12720.8 21614.5 5714.75 16779.8 21931 15662.2 7661.5 11552.8 5970.75 11955.8 1852.5 1152.25 10803.5 7786.25 8827.75 10622.8 9066.25 12131 8237.5 5937.25 12856.2 9301.75 8109.25 6415.5 5126.75 1134.25 8697.5 5014.75 6060.25 7612.25 8717.75 10364.2 3992.5 2300.25 4743.25 1219 10649.2 3524.25 2737.25 386.5
internal_count=321119 218911 102208 124912 93999 67192 40522 58866 84390 35133 35016 66376 29547 39584 28700 11822 47312 27608 36829 28120 17922 20591 15486 34114 7013 25959 33202 20481 11554 13625 7017 14535 2715 1777 15860 13397 13687 13214 14110 18014 10198 7381 18659 11953 12427 8193 6245 1477 10208 6190 7675 9014 10361 17766 4768 2817 8185 2053 14994 6132 5165 475
cat_boundaries=0 1 2
cat_threshold=8 12
is_linear=0
shrinkage=0.04


Tree=8
num_leaves=63
num_cat=4
split_feature=0 21 11 4 21 21 21 1 11 21 4 4 21 11 1 21 1 0 20 0 11 32 4 11 4 24 21 0 23 25 4 16 1 0 21 33 32 4 4 25 21 21 11 23 11 1 1 24 8 23 25 23 0 7 0 11 21 21 0 26 32 25
split_gain=4.24224e+06 1.57951e+06 926882 647963 326464 221872 186078 154969 137931 136558 127371 103586 102033 83230 69348.6 67463.7 65955.5 60915.5 64169.6 56585.7 46138.8 40792.5 40467.5 34578.3 34338.2 33815.8 32743.1 31722.6 29493.9 28502.7 28211.1 28057.7 27900.5 26488.3 24753.5 24040.8 23501.8 22990 21969 21829.1 20185.5 19859.2 19789.8 19591.7 19018.1 18495 18432.6 18263.5 21769.8 18069.6 17413.5 17216.6 17144.5 15887.7 15718 14857.9 14669.1 14578 13943.8 13830.4 20179.1 20588.7
threshold=2.6350001096725468 75.729537963867202 0.1282736882567406 2.9650000333786015 71.971065521240249 70.549018859863295 82.205451965332045 2.5949999094009404 0.13287874311208728 69.88785552978517 2.4750000238418584 3.2150000333786015 79.617172241210952 0.25845077633857733 2.5049999952316289 74.533176422119155 2.6450001001358037 2.2549999952316289 79.000000000000014 3.1450001001358037 0.058150444179773338 0 2.1650000810623173 0.26593752205371862 1.735000014305115 0.23804991692304614 63.022916793823249 0.86500000953674328 1.0496999621391299 150.62500000000003 3.435000061988831 1.5000000000000002 3.1149998903274541 2.1149998903274541 78.926559448242202 1 2 2.3850001096725468 2.804999947547913 235.75000000000003 89.870384216308608 74.533176422119155 0.12052465230226518 1.3153603076934817 0.025434509851038459 0.70499998331069957 2.3549998998641972 0.050352701917290694 246.25000000000003 1.0260539650917055 618.00000000000011 1.0013249516487124 1.0049999952316286 24.500000000000004 2.3950001001358037 0.17249008268117907 86.135070800781264 77.739685058593764 2.304999947547913 1.5000000000000002 3 19.125000000000004
decision_type=10 10 10 2 10 10 10 10 10 10 2 2 10 10 8 10 8 8 2 10 10 1 2 10 2 10 8 8 10 2 2 2 10 10 10 9 1 2 2 2 10 10 10 10 10 8 8 10 2 10 2 10 8 2 8 10 10 10 10 2 1 2
left_child=1 2 5 4 7 10 8 20 28 13 17 15 16 33 37 53 42 36 25 44 -2 29 35 40 -18 -19 -20 45 34 -16 41 -10 -21 -4 -3 -11 -1 -7 -12 -31 47 -13 -6 -27 -9 -15 -28 48 54 50 -14 -23 -25 -5 -8 -22 -54 -30 -53 60 61 -48
right_child=3 6 9 11 12 14 23 19 31 22 38 30 49 27 21 -17 24 18 26 32 55 51 -24 52 -26 43 46 -29 57 39 -32 -33 -34 -35 -36 -37 -38 -39 -40 -41 -42 -43 -44 -45 -46 -47 59 -49 -50 -51 -52 58 56 -55 -56 -57 -58 -59 -60 -61 -62 -63
leaf_value=-0.18019697311686572 0.033949087422513347 0.064058689195337123 -0.33231841433485992 0.2176844242436036 0.16112049884532781 -0.099297740136669962 0.27787396662484393 0.14511126269057173 -0.016218818765047258 -0.36447032492818976 -0.042335601259356523 0.39295352470911121 0.36261351598462965 -0.69713882560274443 0.2189922419386619 0.4539216485546691 0.41762688683600552 -0.5067414600039315 -0.23339263493501583 0.20103581298142179 -0.063837057309185208 0.30127491488588082 -0.10542226824565934 -0.36521391350889942 0.24819304220713212 0.10762624514311343 -0.1647367367780172 -0.39186447565570681 0.19443271563256315 -0.071409678463642365 0.56699317302075147 -0.27810778717943802 0.41954842473517678 -0.23058409485559053 0.21918447060483912 -0.22299350857561848 -0.27779233219643235 0.020815487474395336 0.12104886016472703 0.1514593754027698 0.6429548666563083 0.52985490671191759 -0.023809888751827206 -0.45661956582093199 0.032557248610655926 -0.47911604584326106 -0.15972937888491542 0.59305181221584247 -0.22262718270168907 0.49566036661133644 -0.17914972265093934 -0.084413180955777656 -0.0017024210650956305 0.3125745229040825 0.45088983037204428 -0.20315461526583728 0.5062228960606876 0.32209233205097304 0.036286116054104763 -0.12632629625414629 -0.11211933872737985 0.047095487817401055
leaf_weight=7083 10762.25 3761.25 13470 5265.5 6110 8645 1567 9632.5 4589.25 2501.25 9056.5 5709.25 1533.5 786.75 3455.5 4363.75 2581.25 1068.75 3226.75 2265.5 4072.5 287 3962.25 110.75 7474.5 284 4592 12015.75 3010 1315 3782.25 761.5 1599.5 5918.25 2928 9594.25 8975.25 3614.75 1538.75 1507 581 2450.75 1090.5 148.25 3201.75 3234.25 941.25 608 100.25 2996.25 100 2641 233.5 6159.25 1850.75 1751.75 147 2755.25 3639.25 4895.25 3835.25 4193
leaf_count=9756 17081 5238 20220 7211 7178 10754 1696 12772 5946 3042 13597 7537 1607 1143 4777 4960 3134 1596 4483 2780 6165 1148 5211 119 9135 284 6224 19386 3205 1315 4308 847 1937 9165 3594 12838 14211 4454 2288 1507 581 2681 1296 149 4473 5164 2544 608 101 3303 100 3229 247 8536 1892 2741 165 2861 4468 9981 6302 5570
internal_value=0.000199129 -0.127113 -0.182586 0.229672 0.150381 -0.0928137 0.177752 0.0714738 0.116256 -0.313257 -0.14166 0.387403 0.27037 -0.357125 0.00415938 0.32008 0.225586 -0.174885 -0.133388 0.157483 -0.015128 0.0691047 -0.216446 0.388264 0.291761 -0.386174 -0.115855 -0.424581 0.18922 0.141997 0.476339 -0.0535814 0.291638 -0.301291 0.132006 -0.252791 -0.234773 -0.0638844 -0.0185881 0.0476266 0.421581 0.434191 0.133113 -0.087088 0.117043 -0.522102 -0.0952826 0.390111 0.354718 0.437121 0.329264 -0.000592574 0.0685908 0.268888 0.371775 -0.105796 0.196126 0.255534 -0.0144804 -0.0722584 -0.0427274 0.00912978
internal_weight=232331 149429 126425 82902.5 55171.8 74942.5 23003.5 33285.8 17805.2 51482.8 49838 27730.8 21886 35425 25104.5 15788.5 17256.2 39242.8 23184.5 16699.2 16586.5 12844.8 16057.8 5198.25 10055.8 1501 21683.5 16036.8 12454.5 6277.5 11942.2 5350.75 3865 19388.2 6689.25 12095.5 16058.2 12259.8 10595.2 2822 4707 8160 7200.5 432.25 12834.2 4021 18456.8 4126 3518 4629.75 1633.5 6567.25 491.25 11424.8 3417.75 5824.25 380.5 5765.25 6280.25 13864.8 8969.5 5134.25
internal_count=320841 211906 184806 108935 73702 108637 27100 47949 21691 76169 76985 35233 25753 55078 31652 20707 20743 61100 37133 21962 25987 16444 21091 5409 12269 2029 35104 25693 14898 7599 14526 6793 4717 29385 8832 15880 23967 15208 15885 2822 4878 10218 8474 433 17245 6307 30621 4297 3689 5010 1707 8845 531 15747 3588 8906 412 6066 7697 24397 14416 8114
cat_boundaries=0 1 2 3 4
cat_threshold=4 70 4 4
is_linear=0
shrinkage=0.04


Tree=9
num_leaves=63
num_cat=0
split_feature=4 21 11 4 21 1 21 11 4 21 4 4 4 11 21 1 1 21 21 4 14 19 14 21 11 2 14 12 4 4 11 21 21 4 1 4 4 21 21 4 20 11 4 26 11 21 26 23 21 22 6 23 21 23 8 4 7 25 23 8 4 21
split_gain=3.68621e+06 1.52557e+06 974230 452879 291882 291265 271518 243893 146442 128379 127297 74392.9 71265 69388.5 63548.8 50556.4 44865 43230.2 41039.3 39170.8 36788.5 40153.4 35980.4 35030.4 33297.2 31912.8 30963.2 36036.2 33225.5 40378.2 30304.8 27048.7 27020.3 26773.8 26763.1 26296.3 26025.1 25995.7 25793.1 23747.2 23567.9 23020.2 21796.8 21074.1 18373.2 18271.6 18221.3 24612.5 18204.8 17777.8 16961.8 16795.9 16060.1 20329 28271 15493.6 15190.4 14911.7 14376.6 13971.3 13956.3 13893.8
threshold=2.6049998998641972 73.388397216796889 0.12297273799777032 3.0749999284744267 82.205451965332045 2.7549999952316289 74.533176422119155 0.098060119897127165 2.1350001096725468 68.252796173095717 0.35500000417232519 2.7649999856948857 1.3650000095367434 0.31928828358650213 70.751132965087905 2.8750000000000004 2.0349999666213994 82.205451965332045 67.886199951171889 2.185000061988831 88.345001220703139 23.000000000000004 93.950000762939467 68.533378601074233 0.0081634009256958979 -0.32500000298023218 79.149997711181655 1.0000000180025095e-35 1.2549999952316286 2.3649998903274541 0.26593752205371862 76.617176055908217 68.308303833007827 1.5149999856948855 3.185000061988831 3.3149999380111699 3.3249999284744267 76.617176055908217 70.319358825683608 1.2549999952316286 110.00000000000001 0.54502454400062572 2.2949999570846562 1.5000000000000002 0.45538558065891271 82.205451965332045 1.5000000000000002 1.2671241760253908 63.460294723510749 0.18932993710041049 92.250000000000014 1.2323408722877505 89.870384216308608 1.0551179647445681 242.25000000000003 2.3950001001358037 23.500000000000004 53.375000000000007 1.0956143736839297 72.500000000000014 1.2549999952316286 69.88785552978517
decision_type=2 10 10 2 10 10 10 10 2 8 2 2 2 10 10 10 8 10 8 2 10 10 10 8 10 10 10 8 2 2 10 10 8 2 10 2 2 10 10 2 2 10 2 2 10 10 2 10 10 10 2 10 10 10 2 2 2 2 10 2 2 10
left_child=1 2 5 6 7 9 11 12 13 26 24 38 15 18 35 22 -11 -8 -4 31 25 58 43 59 34 40 27 46 48 -30 52 57 -10 -23 -7 -5 45 55 50 -20 -18 61 -35 -3 -33 -16 47 -1 -28 51 -2 -50 53 54 60 -14 -25 -9 -22 -13 -6 -15
right_child=3 4 8 14 30 10 17 19 32 16 -12 23 37 41 36 -17 20 -19 39 -21 21 33 -24 56 -26 -27 28 -29 29 -31 -32 44 -34 42 -36 -37 -38 -39 -40 -41 -42 -43 -44 -45 -46 -47 -48 -49 49 -51 -52 -53 -54 -55 -56 -57 -58 -59 -60 -61 -62 -63
leaf_value=-0.37312019986057243 -0.047870931049656971 0.14740859730564682 -0.35535470853529122 0.27735211921648051 0.45553358244253694 0.20722272172447734 0.31039585634447858 -0.046275082808396213 -0.25027673035050291 -0.15056809917591665 -0.047069392576251902 0.035053093513330039 -0.024242491055519347 -0.42263578193079054 0.40326578504089161 0.44264194871024948 -0.45740536606637561 0.50774358571387102 -0.11167844277468776 0.037434968022101181 0.05215796245110587 0.05075194104598451 0.27036397242989535 0.16069788756479778 0.043219544980279141 -0.019581590016304294 -0.16103830320192086 -0.1852608742852847 -0.25542313671555639 -0.10551267886607078 0.090626606426210024 -0.014095729769911674 -0.14081476306668078 -0.17903674096928171 0.39771127105258536 0.42304954005924539 0.55042064209770358 0.15638484174920741 0.12229860888023004 -0.27547573478314991 -0.12155436143173216 -0.55093703587831167 -0.024965266563103751 -0.10373695204600659 -0.34667731370782767 0.60918391218870338 -0.52397136372933073 0.020152219218088359 -0.086497916177840112 0.19845993455097027 0.064615184431811745 0.15186972740846397 0.59960502941815419 0.55680913208278948 -0.28464924604665415 0.098431913571934829 0.25090638804862364 -0.21400092732355805 0.26498053879112876 0.1477948991212977 0.29490821023072117 -0.30430786038948993
leaf_weight=1157 4103 2370.25 13208.75 5799.5 1469 2820.25 9733 1099.75 6939.25 6746.5 4104.25 2798.5 3242.75 7908.25 6667.75 1620.75 348.5 2179.75 1632.75 4131.25 903.25 5266.25 4302.5 4969 1096.75 7145.75 2807.75 6317.5 6245.75 5334 532.75 3896.5 7540.25 2024.5 2040 3032.5 4167.25 5410.75 5424.5 10874.25 7403 1910 5345.5 688.5 283.25 777.75 805.5 326 3985.25 475.25 4489.75 534.75 620 865 110.75 3344.5 7554.75 3725.5 1162 4739.25 2162.25 2020.75
leaf_count=2468 6569 2935 18584 8189 1475 3274 11566 1876 9571 8584 6118 4183 4223 12823 7702 1830 731 2230 2325 5062 2626 7484 5255 6817 1270 9590 3683 8827 9002 7497 571 4960 12275 3166 2358 4099 4558 6709 6719 16356 14099 3146 7618 699 341 789 807 329 5852 716 6472 537 620 865 113 4171 10728 4420 1264 6300 2331 2797
internal_value=3.00347e-07 -0.100615 -0.168652 0.251859 0.115101 -0.0757868 0.182214 0.0706237 -0.301418 -0.107086 0.124331 0.124738 0.155246 -0.34309 0.408494 0.240444 -0.0574957 0.346586 -0.30614 -0.0645293 -0.0362726 0.00861751 0.195816 0.174137 0.2424 -0.0805685 -0.171474 -0.234631 -0.143411 -0.1864 0.378435 -0.111307 -0.193302 -0.0181153 0.287309 0.327463 0.470053 0.0914345 0.0540242 -0.254114 -0.136769 -0.423284 -0.0673261 0.0908443 -0.0367908 0.424935 -0.370637 -0.286753 -0.0795807 -0.0337469 0.010904 -0.0582408 0.407721 0.381647 0.340879 0.0380519 0.215147 -0.17581 0.172046 0.105959 0.360105 -0.398621
internal_weight=232742 166306 126430 66436.2 39876 74395.2 45991.5 34116.2 52034.2 64334 10061.2 34078.8 20980 37554.8 20444.8 8982 36345.2 11912.8 25715.8 13136.2 29598.8 14701.5 7361.25 20061.5 5957 14897.2 27988.8 8606 19382.8 11579.8 5759.75 9005 14479.5 12636.2 4860.25 8832 11612.8 11998 14017.2 12507 7751.5 11839 7370 3058.75 4179.75 7445.5 2288.5 1483 7803 4995.25 8592.75 4520 5227 4607 3742 6587.25 12523.8 4825.25 2065.25 7537.75 3631.25 9929
internal_count=321154 234233 185777 86921 48456 107900 61584 42481 77877 94880 13020 47788 25822 56031 25337 10719 55162 13796 37265 16659 46578 22158 8889 28028 6902 24420 39718 12431 27287 16499 5975 11597 21846 18268 5632 12288 13049 15103 19760 18681 14830 18766 10784 3634 5301 8491 3604 2797 10788 7105 13041 6389 5404 4784 3919 8394 17545 6296 3890 10483 3806 15620
is_linear=0
shrinkage=0.04


Tree=10
num_leaves=63
num_cat=9
split_feature=0 11 22 4 22 1 1 4 4 28 28 32 0 14 22 11 22 4 4 0 4 11 0 14 19 23 24 4 22 15 4 22 30 19 1 1 29 0 22 1 23 32 22 15 4 4 14 28 5 28 1 22 23 19 25 0 28 22 0 23 25 4
split_gain=3.63423e+06 1.30591e+06 500191 364183 291764 179734 174314 134476 94287.5 89959.7 86736.6 82349.1 69641 86769.1 65763.5 52733.2 45243 44072.7 42262.9 41617.4 40597.7 38772.3 38716.3 37769.4 37890.5 35571.1 33663.8 31333.5 30888.7 30689.6 29390.2 28445.3 24772.9 23071.7 21893.8 21332.6 20792.6 20590.1 20124.5 18990 18956.1 18577.5 18483.5 18250.8 18243.2 18116.4 18100.2 18059.2 16885.6 16101.7 15384.8 15268.3 14944.7 17771.4 14911.7 14837.3 14793.6 14792.7 14300.6 13980 13723.5 13483.2
threshold=2.7549999952316289 0.1282736882567406 0.066482517868280425 3.1049998998641972 0.064373973757028594 2.5449999570846562 2.8149999380111699 2.5049999952316289 2.1550000905990605 0 1 2 2.2749999761581425 87.184997558593764 0.051017852500081069 0.33946646749973303 0.11901463195681573 0.35500000417232519 2.1149998903274541 3.2250000238418584 3.4050000905990605 0.038984065875411041 2.2350000143051152 95.384998321533217 36.000000000000007 1.0433844327926638 0.05700305104255677 2.554999947547913 0.042542364448308952 3.5000000000000004 2.7649999856948857 0.039901101961731918 3 23.000000000000004 1.9450000524520876 2.5649999380111699 4 0.53499999642372142 0.012908976525068285 2.2949999570846562 1.1772943735122683 5 0.069665897637605681 3.5000000000000004 0.50499999523162853 2.1550000905990605 69.720001220703139 6 1.5000000000000002 7 2.0349999666213994 0.1857978627085686 1.0293902754783633 64.000000000000014 320.37500000000006 3.0049999952316289 8 0.12391588091850282 1.5049999952316286 1.0116243958473208 88.125000000000014 2.4250000715255742
decision_type=10 10 8 2 8 8 10 2 2 9 9 1 8 10 8 10 8 2 2 10 2 10 10 10 10 10 10 2 10 2 2 10 9 10 8 10 9 8 10 8 10 1 8 2 2 2 10 9 2 9 10 8 10 10 2 10 9 10 8 10 2 2
left_child=1 2 5 6 9 10 14 12 15 18 22 31 34 16 27 44 50 29 52 28 42 55 -1 35 -25 36 -12 -2 56 33 57 49 54 -15 -4 -13 -11 -17 -24 -10 -35 -36 -5 -26 -6 -21 -34 -29 -39 -7 -14 -31 -3 -54 -18 -16 -8 -9 -27 -33 -42 -23
right_child=3 4 7 20 8 11 19 30 39 25 26 23 13 17 21 37 32 -19 -20 45 -22 61 38 24 43 58 -28 47 -30 51 -32 59 46 40 41 -37 -38 48 -40 -41 60 -43 -44 -45 -46 -47 -48 -49 -50 -51 -52 -53 53 -55 -56 -57 -58 -59 -60 -61 -62 -63
leaf_value=-0.12919314929876632 0.11575705047931012 -0.14115048064938163 -0.27896200809788668 0.40813443486709305 -0.20269775507856413 0.21304998070816339 0.41552069456676288 0.01291913351770884 -0.246443567906623 0.24280598870211662 0.16612847204739725 0.051501596670360618 -0.14219294619523579 0.19731789179341547 0.082167245182768911 -0.5459946497077014 -0.17623525679484867 -0.1287332058327727 -0.094992970200974039 0.45940653800435405 0.50928453143435937 -0.073867464971795277 0.15981532347085076 0.38207310154824081 0.24551276493947899 -0.18079849685192165 0.0085755561470918073 0.34175358312974735 0.20393236398820061 -0.050243028764046439 0.11719834608390675 0.22752589308685087 -0.56746551774151299 0.083686295993336518 -0.22667222072402268 0.20174449195520106 0.011157888650305495 -0.15566349558580445 -0.023671327459339787 -0.12724521215245477 0.17930924518871375 -0.12538523573049692 0.31188489629477173 0.042872648883578827 -0.32519002154906901 0.31123561131160199 -0.24358403838221712 0.20752376729035157 -0.41326698808141266 0.079208385959549224 -0.020039039711140724 -0.30763083267109376 -0.14099040335947627 -0.30591109664948712 -0.36873063532066286 0.17641788905132857 0.27662602156130772 -0.094761475671696599 -0.044877940387984747 -0.035230167220855771 -0.091394755889689802 0.054310152633354002
leaf_weight=6575.5 4250 1676.75 3915.5 8065.5 2177.75 2120.5 1843.25 6859.25 5300 907.25 5237 2310.75 3723.25 1556.75 6808.75 1914.25 5263.5 4270.5 4340.75 2405.25 4466.75 2737 1088 3294.25 3083.5 1778.75 3704.5 2426.25 9514 1320.5 3413.75 353 572.5 3731.5 5156.5 4383.25 1921.5 438.5 7800.5 3598.25 342.5 6638.5 5363.75 925.5 19318 2987.75 541.75 4784.75 6358 4475.75 2962.5 510.25 1295.25 5538.25 734.5 4405.5 3759.75 2903.75 4075 3706.25 2303.25 2520.25
leaf_count=8326 5054 2891 5243 9354 3221 2449 2102 10526 7121 1463 7016 2772 5599 2801 9991 2992 9873 6639 5546 2727 5165 4069 1088 3643 3532 1976 3910 2766 12697 1814 4952 1412 928 5803 8806 5416 2856 674 10031 6644 614 9616 7559 1071 29107 3704 814 5525 10570 5318 4239 1096 1428 6793 739 7110 4548 4181 4558 4571 2316 3904
internal_value=9.45314e-05 -0.0996985 -0.0148591 0.250431 -0.247689 0.0786673 0.193453 -0.0957512 -0.312798 -0.129432 0.00171536 0.154841 -0.129631 -0.091614 0.128418 -0.346517 -0.162837 -0.0215816 -0.196626 0.282001 0.404626 0.0772059 -0.055623 0.218622 0.28154 -0.0299549 0.100871 0.201993 0.247898 0.0252958 0.0162086 0.0710309 -0.233056 0.0593629 -0.196962 0.149913 0.0864722 -0.429626 -0.00117978 -0.198283 0.0256342 -0.169697 0.369744 0.198779 -0.312801 0.377466 -0.407073 0.252771 -0.396699 0.122287 -0.0880891 -0.122242 -0.24843 -0.274703 -0.199591 0.119219 0.322452 -0.0191197 -0.0862285 -0.0122776 -0.0562393 -0.0124222
internal_weight=232756 166417 105779 66338.5 60638.2 49058.2 48442.5 56720.5 39104.8 21533.5 24405.5 24652.8 43543.8 27833.2 27932.5 30206.5 13798 14035.2 12851 20510 17896 16471.5 15464 13997.2 7303.25 8682.5 8941.5 11461 15117 9764.75 13176.8 10655.5 7112.25 7934 15710.5 6694 2828.75 8710.75 8888.5 8898.25 6377.25 11795 13429.2 4009 21495.8 5393 1114.25 7211 6796.5 6596.25 6685.75 1830.75 8510.25 6833.5 5998 11214.2 5603 9763 5853.75 4059.25 2645.75 5257.25
internal_count=321269 234994 147154 86275 87840 60555 64197 86599 60329 27511 30371 30184 66940 43275 38419 46564 22192 21083 16658 25778 22078 25074 19445 16434 8246 10853 10926 13345 19347 14444 19659 13750 12354 11534 23665 8188 4319 14236 11119 13765 8733 18422 16913 4603 32328 6431 1742 8291 11244 7767 9838 2910 11112 8221 10612 17101 6650 14707 6534 5983 2930 7973
cat_boundaries=0 1 2 3 4 5 6 7 8 9
cat_threshold=16 16 8 8 16 8 4 4 4
is_linear=0
shrinkage=0.04


Tree=11
num_leaves=63
num_cat=6
split_feature=0 21 11 0 21 21 1 21 1 11 21 21 4 1 21 0 4 30 11 32 11 0 21 33 21 21 23 11 21 21 16 11 28 21 1 23 32 21 4 4 21 9 21 25 11 24 32 1 19 21 1 0 21 4 19 13 21 21 23 15 15 5
split_gain=3.37384e+06 1.21882e+06 654352 616718 300912 168714 162100 147023 124823 104804 99057.3 98706 86405.3 62228.1 53302.4 52849.4 48769 47074.2 44503.9 44233.2 42149.4 40142.9 35837 34103.5 30969.3 30226.3 29528.9 27761.4 27257.4 24812.7 24453.8 23348.8 21986.1 20266.4 19986.5 19665 18692.9 18560.6 18352.3 18288.9 17778.9 17740.5 17034 16520.3 16068.6 15890.6 15871.9 15705.3 15129.7 15061.6 14763.4 14623.3 14509.7 14505.2 14482.2 13883.8 13801.6 13512.6 12659.7 13904.1 12530.5 13195.8
threshold=2.5649999380111699 75.729537963867202 0.14311316609382632 3.0049999952316289 74.533176422119155 70.549018859863295 3.1049998998641972 82.205451965332045 2.5349999666213994 0.13936910033226016 75.729537963867202 69.220321655273452 2.4750000238418584 2.1950000524520878 79.325862884521499 2.2549999952316289 2.0849999189376835 0 0.030631792731583122 1 0.17463364452123645 3.5049999952316289 68.182941436767592 2 70.36801910400392 62.269115447998054 1.0496999621391299 0.24247197061777118 67.886199951171889 63.460294723510749 1.5000000000000002 0.038984065875411041 3 68.670127868652358 2.5849999189376835 1.0013249516487124 4 78.926559448242202 2.8850001096725468 2.804999947547913 82.205451965332045 3.5000000000000004 86.135070800781264 103.87500000000001 0.31928828358650213 0.18260557204484942 5 2.0249999761581425 59.500000000000007 88.393150329589858 2.2549999952316289 3.2649999856948857 77.739685058593764 2.5449999570846562 9.5000000000000018 1.5000000000000002 88.393150329589858 68.478199005126967 1.0560394525527956 2.5000000000000004 2.5000000000000004 32.500000000000007
decision_type=10 10 10 8 10 10 10 10 10 10 10 10 2 8 10 8 2 9 10 1 10 10 10 9 10 8 10 10 8 8 2 10 9 8 10 10 1 10 2 2 10 2 10 2 10 10 1 10 10 10 8 10 10 2 10 8 10 10 10 2 2 2
left_child=1 2 5 4 8 12 10 9 20 26 18 16 15 -7 31 36 25 29 33 34 28 24 -10 -13 -8 -4 37 42 -2 -17 60 -6 50 -5 43 -21 -1 -3 -24 -14 -12 -27 46 55 -43 -31 -9 -38 -30 -29 -25 -35 -28 -20 -37 -15 58 -19 59 -16 -11 -62
right_child=3 7 11 6 14 13 21 27 22 30 40 23 39 19 56 17 -18 57 53 35 -22 -23 38 32 -26 41 52 49 48 45 -32 -33 -34 51 -36 54 47 -39 -40 -41 -42 44 -44 -45 -46 -47 -48 -49 -50 -51 -52 -53 -54 -55 -56 -57 -58 -59 -60 -61 61 -63
leaf_value=-0.26438222003054124 -0.078835687202476051 0.040544787459258685 -0.4579646302379129 0.16171715576463044 0.25095224249423859 -0.11378440364143673 0.29601186441750288 0.40889902940442135 0.044852242981295636 0.053590622068801552 0.35280355609593628 -0.33068731129420847 -0.047509307621208301 0.047308852815260857 0.39329339526617779 -0.19393576265021492 -0.25348123718182541 -0.39823590034083384 -0.0092580685068710967 0.26345239871301213 -0.19186570990222984 0.52820794083190803 0.12399385345940526 -0.25712983789901706 0.42731205973695163 -0.24284197434041396 0.16760093943805354 -0.040628737476144761 0.098410699948957681 -0.096764045606100649 -0.27033204833205149 0.10055538695021148 -0.12025357552192317 0.22369004045071206 0.2111438068488074 0.08779483079763227 -0.23793571741676417 0.18079483487620795 0.22790605166731162 0.12906799836730387 0.52324262481980399 -0.325542615557117 0.49554452294265772 0.0049670404816399795 -0.41438846469033813 0.037624601523540399 0.22024869229300431 -0.13913424591536688 -0.0011430107406185585 0.38408329162402283 -0.13621027381473028 0.32603758913298059 0.29799744999450656 0.15499076949422727 -0.066502957300901944 0.22063110353557949 0.58251466768492699 -0.1795125346369312 0.49691932400165234 0.23006900303643205 -0.15772959028272626 0.040475936523933588
leaf_weight=7558.25 5494.75 3431.5 4615.75 4782.75 5735.75 6844.5 4806.5 1619 7726.25 1995.75 3847.75 3216 7427 1515.75 1864.75 4107 8465.5 1186 1808.5 339.75 2193.75 3563 9863.25 6121.5 7247 2481 2865.75 422 3527.25 14630.5 726.5 2325 5205 5888 1827 1120.25 4537.75 2696.25 3761 1072.25 1331.25 8654.5 1410.75 3666 5306.25 1556.5 1292.25 5981.25 7931.5 193.25 2205.75 3631.5 2627.75 1638.25 7338 1444.75 475 738.5 807.25 1534.75 1431.75 858.5
leaf_count=12296 7648 4792 6724 6384 7055 8472 6494 1619 10565 2832 4414 3975 11069 1983 2170 5652 13369 1996 2512 1359 3345 4019 13068 8169 8396 4365 3051 464 5145 25087 806 2838 7053 8165 2085 1442 7168 3342 4826 1589 1344 12724 1482 3666 9078 1825 1377 7485 12412 203 3132 5289 2738 2377 9033 2371 478 977 826 1642 1614 1103
internal_value=9.51599e-05 -0.122954 -0.173038 0.188765 0.100536 -0.0983512 0.31062 0.153707 0.0471877 0.0967897 0.242882 -0.290681 -0.141114 -0.01175 0.270051 -0.165559 -0.334695 -0.124218 0.197929 0.02874 -0.0269666 0.410029 0.113686 -0.213065 0.375013 -0.367317 0.162722 0.345345 -0.00560834 -0.106084 -0.0560741 0.207609 -0.184686 0.229022 0.094072 -0.0340401 -0.216351 0.102296 0.152709 -0.0252066 0.396801 -0.341816 0.381124 0.0617389 -0.359367 -0.083838 0.325372 -0.181794 0.0295129 0.0935726 -0.225142 0.262795 0.230062 0.0688522 -0.0460502 0.131986 0.377423 -0.312957 0.353997 0.319785 -0.0196452 -0.0834583
internal_weight=232518 140733 119162 91784.8 53240.2 72891 38544.5 21571 40497.8 16633.8 22928 46271.2 48795 24096 12742.5 40295.8 29523 22218.5 17749 17251.5 19147.2 15616.5 21350.5 16748.2 12053.5 21057.5 11621.2 4937.25 16953.5 20294 5012.5 8060.75 13532.2 14302.2 8453.5 8798 18077.2 6127.75 13624.2 8499.25 5179 16441.8 4322 6626.5 13960.8 16187 2911.25 10519 11458.8 615.25 8327.25 9519.5 5493.5 3446.75 8458.25 2960.5 4681.75 1924.5 4206.75 3399.5 4286 2290.25
internal_count=320979 199567 174144 121412 72018 105555 49394 25423 57009 20278 30485 68589 75144 30411 15009 62486 46260 35537 24727 21939 28550 18909 28459 22329 14890 32891 13923 5145 25205 32564 6355 9893 18354 19838 10105 11834 26949 8134 17894 12658 5758 26167 4478 8020 21802 26912 2996 14653 17557 667 11301 13454 5789 4889 10475 4354 5116 2973 4638 3812 5549 2717
cat_boundaries=0 1 2 3 4 5 6
cat_threshold=8 4 70 16 8 4
is_linear=0
shrinkage=0.04


Tree=12
num_leaves=63
num_cat=6
split_feature=0 21 11 1 21 4 0 11 0 21 21 21 21 11 21 21 20 24 0 11 0 21 32 1 11 4 21 1 4 21 7 9 32 21 4 32 21 24 0 1 23 29 1 0 21 11 1 0 21 32 23 24 11 25 28 17 24 24 0 21 21 21
split_gain=3.10571e+06 1.3256e+06 780852 312280 202969 168952 157685 152498 152116 105123 102765 98714.9 53798.5 51097 46156.7 42002 38619 42711.6 39830.2 38582.9 35845.8 34441.7 32588.4 31595.6 29406 28766.4 27786.4 25322.3 22848.4 22722.5 22121.6 22063.8 21105.8 20735.8 20670.2 20564.6 19252 18255.7 18770.4 18001.5 17113.1 17072 16667.8 16246.7 15997.5 15217.7 15207.4 15186.9 14795.8 14662.1 14108.6 14022.4 13936.7 13861 13628.5 15811.6 13493.3 13293.6 13275.3 11749.3 11726.3 11649.8
threshold=2.7549999952316289 74.626205444335952 0.098060119897127165 2.8149999380111699 82.205451965332045 2.5649999380111699 3.2250000238418584 0.064839839935302748 1.7749999761581423 69.821186065673842 70.447662353515639 76.617176055908217 70.447662353515639 0.23540768027305606 69.220321655273452 79.617172241210952 79.000000000000014 0.23804991692304614 2.245000004768372 0.26340374350547796 2.4250000715255742 68.182941436767592 0 2.0749999284744267 0.26593752205371862 2.7649999856948857 62.269115447998054 3.2849999666213994 2.8950001001358037 63.086299896240241 23.500000000000004 3.5000000000000004 1 88.393150329589858 2.7549999952316289 2 79.325862884521499 0.050352701917290694 2.3950001001358037 0.92500001192092907 1.3153603076934817 3 2.2150000333786015 2.4250000715255742 68.111885070800795 0.10008787363767625 3.2549999952316289 2.3750000000000004 63.870082855224616 4 1.0625432729721072 0.18260557204484942 0.037408165633678443 82.375000000000014 5 3.5000000000000004 0.053375126793980605 0.011484527960419657 1.0049999952316286 86.135070800781264 66.798545837402358 76.478694915771499
decision_type=10 10 10 8 10 2 10 10 8 10 8 10 10 10 10 10 2 10 8 10 8 10 1 8 10 2 8 10 2 8 2 2 1 10 2 1 10 10 8 10 10 9 10 10 10 10 10 10 10 1 10 10 10 2 9 10 10 10 8 10 10 10
left_child=1 2 5 10 7 9 11 32 13 16 25 21 23 35 46 28 17 -1 49 36 42 -5 44 48 33 45 -15 61 52 -20 -23 -28 50 37 -24 -4 54 38 -6 -33 -19 -14 -11 -34 -7 -2 -8 -25 -10 -18 -3 60 -12 -38 -9 -56 -57 -46 -26 -60 -31 -16
right_child=3 4 8 6 24 22 14 19 12 20 15 -13 41 26 27 -17 18 40 29 -21 -22 30 34 47 58 -27 31 -29 -30 51 -32 39 43 -35 -36 -37 53 -39 -40 -41 -42 -43 -44 -45 57 -47 -48 -49 -50 -51 -52 -53 -54 -55 55 56 -58 -59 59 -61 -62 -63
leaf_value=-0.46035870774987553 0.0072833466287204789 0.19048914357487082 -0.19943674229730643 0.12261265650824223 0.18289749933197616 -0.08296116303052653 0.23794752508289715 0.051960806727448086 -0.34979482481417257 -0.12770267477644345 0.1742276726730134 0.39313579139562566 -0.15997220332170589 -0.47332325510841022 0.34437747766615801 0.3674983534995665 -0.24476992391256919 0.16704809204713464 -0.1847061634450044 -0.15676939581793967 0.031269246382573487 0.1766735275364415 0.053594084373157429 -0.20639982983851485 -0.3363099201895261 0.1270258746687149 -0.19893054225756962 0.49916271852319349 0.30239829080228742 -0.1270358976864851 0.27784698231871124 -0.4328987540288326 0.06667942909956362 0.52256035011851576 0.17564335443660095 -0.30254116190123598 0.31475823754378091 0.53294155957169775 0.37391781704131255 -0.32546673851595137 -0.32601699831198289 -0.04962444617665774 -0.02779863608320288 0.18797277342183191 0.26443484646560894 -0.13364344219275334 0.37321263616997047 -0.10189123418781859 -0.24449074661180625 -0.14877881676694565 0.3120120667210558 0.017479707797033762 0.071477527255072837 0.071857204931154786 -0.12807566013546889 -0.030257244209508212 0.2440235220837671 0.016700661471269231 -0.0084493386853383961 0.4334413971511073 -0.062019512630552484 0.45631648262415903
leaf_weight=1122.5 6100.25 4575 5441.75 7165 1346.25 2895 3375.25 3149 2743 4837.75 5487 4908.25 4972.5 3106.5 4646 1817.25 4456.75 310 3892.25 2431.25 10484 6509.75 5486 6898.75 104.5 2894 1571.75 5077.75 1521 7934 7420 3653.75 3231.5 1265.5 3731 7242.25 490 643 2144.75 8092.25 174.25 4140.25 5969.25 3906 376 1532.25 2217.75 3293.75 9877.25 5977.25 2310 2146.75 3440.75 1601.5 2248 1136.5 381.75 4174 243.75 157 10091 2237.25
leaf_count=1688 7796 5520 7199 12598 1461 4503 5848 3854 3838 6250 6495 5506 6495 4473 5525 1944 7405 310 5522 3227 13175 8348 7391 12286 112 3761 2528 5794 1785 16358 9538 6458 4178 1288 4871 10753 808 643 2195 11414 175 5308 7734 4881 1279 2058 2808 6014 13373 8471 2424 2464 4073 1684 2731 1744 405 5254 258 172 14459 2436
internal_value=-4.56566e-05 -0.092284 -0.146675 0.231356 0.141973 -0.0593687 0.29413 0.0929546 -0.252605 -0.0919202 0.11138 0.231564 -0.192285 -0.318746 0.386772 0.190052 -0.133489 -0.325106 -0.124546 -0.0154375 -0.0214226 0.193936 0.0527591 -0.225105 0.353228 0.0196865 -0.365354 0.431172 0.159126 -0.0962295 0.230599 -0.340101 0.181359 0.380527 0.103027 -0.258346 0.0227386 0.336814 0.300403 -0.358954 -0.0109686 -0.11009 -0.0725367 0.133092 -0.00948357 -0.0210347 0.291699 -0.172655 -0.267431 -0.18982 0.231341 -0.0791405 0.134654 0.129015 -0.00943114 -0.060764 0.0389332 0.0372817 0.0611291 0.165941 -0.0906489 0.380884
internal_weight=232806 166457 135092 66349.5 31365.2 74057.8 43557 25460.5 61033.8 57395.8 22792.5 26003 31925.5 29108.2 17554 12266 36104.8 1606.75 34498 11438 21291 21094.8 16662 22812.8 5904.75 10526.5 16424.2 11961 10448.8 24064 13929.8 13317.8 14022.5 5399.5 9217 12684 9006.75 4134 3491 11746 484.25 9112.75 10807 7137.5 7445 7632.5 5593 10192.5 12620.2 10434 6885 20171.8 8927.75 2091.5 6915.25 3766.25 1518.25 4550 505.25 400.75 18025 6883.25
internal_count=321346 235033 197448 86313 37585 107309 58401 31456 90139 84011 27912 35990 47314 42825 22411 14297 56852 2173 54679 14453 27159 30484 23298 35511 6129 13615 24873 13755 12353 38803 17886 20400 17003 5587 12262 17952 11226 4299 3656 17872 485 11803 13984 9059 11036 9854 8656 18300 17211 15876 7944 33281 10568 2492 8734 4880 2149 6533 542 430 30817 7961
cat_boundaries=0 1 2 3 4 5 6
cat_threshold=8 4 4 48 8 4
is_linear=0
shrinkage=0.04


Tree=13
num_leaves=63
num_cat=6
split_feature=0 21 11 1 0 21 21 11 21 21 11 1 21 14 0 21 21 1 21 11 32 21 22 20 26 0 0 23 23 0 32 21 23 29 11 0 33 11 21 1 21 9 22 1 0 14 19 26 21 21 11 1 0 1 28 0 27 19 29 6 19 6
split_gain=2.87132e+06 1.17064e+06 705768 354829 169701 154074 137888 125484 119720 107839 103553 74348 58195.1 49137 57418.1 47927.6 46643.4 45200.6 39144.4 38414.6 34620.3 34151.1 33823.7 28853.2 32828.2 26319.6 25700.2 25469.9 25025.7 24985.7 24140.9 23368.3 23334.8 22277.6 22963.2 20344.3 20340.9 20322.2 20125.6 18910 18663.9 17903.7 17857.4 17220.5 16748.6 15589.4 20066.2 18209.3 15427.1 14805.2 14293 14197.9 13936 13881 13448.5 12878.9 12588.2 12002.2 11870.2 11684 11625 10791.6
threshold=2.7150000333786015 75.729537963867202 0.11098008602857591 2.8149999380111699 3.2549999952316289 70.549018859863295 82.205451965332045 0.23540768027305606 70.447662353515639 71.76581192016603 0.13287874311208728 2.5149999856948857 68.308303833007827 88.345001220703139 2.5649999380111699 79.617172241210952 62.269115447998054 2.185000061988831 69.501586914062514 0.058150444179773338 0 79.325862884521499 0.056795187294483192 110.00000000000001 1.5000000000000002 2.9550000429153447 1.3049999475479128 1.0489010810852053 1.2276534438133242 2.054999947547913 1 60.34489822387696 1.0013249516487124 2 0.14638501405715945 2.3549998998641972 3 0.045548850670456893 66.469604492187514 3.4750000238418584 78.926559448242202 3.5000000000000004 0.18932993710041049 2.7749999761581425 2.4550000429153447 94.33499908447267 9.5000000000000018 1.5000000000000002 69.821186065673842 77.739685058593764 0.56973218917846691 1.9149999618530276 0.44499999284744268 2.9450000524520878 4 2.2849999666213994 1.0000000180025095e-35 64.000000000000014 5 92.250000000000014 23.000000000000004 110.25000000000001
decision_type=10 10 10 8 10 10 10 10 10 10 10 10 8 8 8 10 8 8 10 10 1 10 10 2 2 10 8 10 10 8 1 8 10 9 10 10 9 10 8 10 10 2 10 10 10 10 10 2 10 10 10 10 8 10 9 8 2 8 9 2 10 2
left_child=1 2 5 8 9 11 10 12 19 25 27 13 55 23 59 37 52 -7 60 -2 32 -11 33 24 28 -5 41 40 -1 54 61 -16 -19 -8 -35 -34 56 -10 51 -20 -3 -18 58 45 -32 47 -47 -22 -28 -29 -43 -25 -9 -27 -14 -4 -12 -31 -33 -15 -6 -13
right_child=3 6 7 4 18 17 22 16 15 21 36 30 29 14 31 -17 26 20 39 -21 43 -23 -24 38 -26 53 48 49 -30 57 44 42 35 34 -36 -37 -38 -39 -40 -41 -42 50 -44 -45 -46 46 -48 -49 -50 -51 -52 -53 -54 -55 -56 -57 -58 -59 -60 -61 -62 -63
leaf_value=-0.35226241668525826 0.048995506430901552 0.058077954523424416 -0.27041372469890834 0.098435630066082441 0.12511097365919027 -0.082287610621628315 0.44963606752538426 -0.61314633883570613 0.17767719748960656 0.26980387852085008 -0.027536880036280503 0.0082405003583769024 -0.22189642274512589 -0.19837859876739386 -0.22762776737190651 0.34695908844804779 -0.18787717969564607 0.27836008083819891 0.39811594685642326 -0.10307597306006183 0.055541199323161074 0.41837086553409791 -0.25239635720161291 -0.26564617513559297 -0.5516660794150865 0.13858491297887934 -0.28577819435185442 0.16337009240494543 0.042675754258537042 -0.02751994921779945 -0.11844719039266213 0.18433373944556483 -0.10584368808226043 0.33774439263972272 0.093275996470304184 0.023459711317530042 -0.2595319485298978 0.068245708434449617 -0.12671537334508604 0.52498749456568239 0.18562874799583776 -0.34578316012866145 0.19460895176495899 0.19798674421457038 -0.0049303376457695601 0.35356952952118392 0.093306434928778673 -0.1430640680809365 -0.19738413507612879 0.28569813633868552 -0.5257675433624599 -0.15001185385697649 -0.40424142389700907 0.23596567733866347 -0.12332941407519948 -0.17633863545426498 0.30272493983183169 -0.12988072751099572 -0.019717068667083854 -0.10645602468923927 0.31556636832211382 0.13497173717209823
leaf_weight=630.75 9175.5 4220.5 11712 7449.5 582.25 5677.5 2124 610.75 8348.75 10065.25 4675.25 3337.5 6117.75 4289.25 674 2143 1044.5 404.25 7607.25 3739.25 5252.25 3296.25 154 3758.5 659.75 3849.5 9053 3287.25 431.25 3041.75 4230.5 482 3428.5 2595.5 808 4500.25 598.5 4029.25 11513 2535.75 3250.25 6586.25 813.5 1936 4089 548.75 3425.5 857.5 4890.25 3075.25 799.25 3120.5 3424.75 6030.25 3487.25 2927 190.25 4615.25 5941.25 4589.25 4540.5 1584.25
leaf_count=1257 11787 5932 16530 12017 922 7008 2337 802 9884 12139 6005 4029 8790 6786 806 2296 1682 1617 8778 4967 6669 3546 154 5416 914 7025 14741 3495 495 4271 6692 1376 4186 2603 811 5368 663 4789 20174 2814 4022 9779 1124 2197 6216 656 4171 868 6625 3193 1409 4313 4987 8050 5036 4016 275 7262 9413 6471 6825 1918
internal_value=0.000361425 -0.0949295 -0.141637 0.207402 0.275357 -0.0614632 0.156535 -0.24637 0.0935616 0.221119 0.10552 -0.102449 -0.192957 -0.131623 -0.0810874 0.172354 -0.310872 0.0174924 0.384355 0.00495599 0.0453319 0.306513 0.329709 -0.173794 -0.330367 0.15525 -0.288238 0.163748 -0.192102 -0.143174 -0.0211332 -0.00271518 -0.0173216 0.346014 0.278979 -0.0324644 -0.0419031 0.142073 -0.159102 0.429932 0.113607 -0.343454 0.0182882 0.0887635 -0.0626697 0.0677581 0.129404 0.0276281 -0.254809 0.222569 -0.365399 -0.213251 -0.436148 0.198059 -0.186144 -0.251631 -0.0144726 -0.0892367 -0.00409506 -0.1509 0.293978 0.0490736
internal_weight=232856 159463 134484 73392.2 45956.5 76174.8 24978.8 58309.8 27435.8 30690.8 19297.2 50144.2 31901 36903 16789.2 14521 26408.8 26030.5 15265.8 12914.8 20353 13361.5 5681.5 20113.8 1721.75 17329.2 22373.2 13833.2 1062 17262 13241.2 7910.75 8333 5527.5 3403.5 7928.75 5464 12378 18392 10143 7470.75 8430 7236.75 12020 8319.5 10084 3974.25 6109.75 13943.2 6362.5 7385.5 6879 4035.5 9879.75 9605 14639 4865.5 7657 6423.25 8878.5 5122.75 4921.75
internal_count=321399 225560 196070 95839 62116 110140 29490 85930 33723 42777 23585 77400 45905 58545 25976 16969 40025 32740 19339 16754 25732 15685 5905 32569 2666 27092 34236 16642 1752 25359 18855 12719 11171 5751 3414 9554 6943 14673 29903 11592 9954 12870 11913 14561 12908 12364 4827 7537 21366 6688 11188 9729 5789 15075 13826 20546 6280 11533 10789 13257 7747 5947
cat_boundaries=0 1 2 3 4 5 6
cat_threshold=8 4 48 5 16 12
is_linear=0
shrinkage=0.04


Tree=14
num_leaves=63
num_cat=9
split_feature=0 21 0 9 21 0 21 1 21 1 21 0 20 32 1 21 21 24 21 1 1 1 21 32 32 14 1 22 29 1 21 21 32 33 1 23 21 1 21 0 5 14 8 20 22 23 1 21 10 1 5 28 23 6 14 32 19 0 21 32 23 10
split_gain=2.63703e+06 953405 490197 475873 247811 145900 136470 125721 123886 109678 80834.3 69646.4 58965.6 50695.9 50430.9 48348.6 42889.6 34554 34553.3 33669.2 32987.1 30665.7 29562.6 29487.2 28530.1 29767.5 27444.8 26813 24401.3 24206.6 23454.1 22810.8 22413.8 22142.3 21931.3 21580.7 21200.3 20867.4 20204.4 20069.4 19053.3 18682 27095.7 18320.9 17806.6 17377.7 17291.7 16252.4 15819 15593.7 15107 24673.9 15068.2 15013.6 14833.5 14390.5 14285.9 13885.1 13786.8 13770.3 14523.6 13495.9
threshold=2.5649999380111699 75.729537963867202 3.0049999952316289 2.5000000000000004 74.626205444335952 1.8350000381469729 70.118667602539077 3.0849999189376835 82.205451965332045 2.495000004768372 75.729537963867202 2.2150000333786015 79.000000000000014 0 1.985000014305115 68.252796173095717 82.205451965332045 0.23804991692304614 69.88785552978517 2.6250000000000004 2.6750000715255742 2.1049998998641972 68.182941436767592 1 2 88.184997558593764 2.4050000905990605 0.056795187294483192 3 2.5649999380111699 68.308303833007827 60.34489822387696 4 5 2.6450001001358037 1.0013249516487124 70.447662353515639 1.8650000095367434 68.533378601074233 3.4750000238418584 29.500000000000004 94.704998016357436 26.500000000000004 110.00000000000001 0.18932993710041049 1.0496999621391299 1.5049999952316286 68.308303833007827 25.250000000000004 2.8850001096725468 30.500000000000004 6 1.3153603076934817 25.500000000000004 68.924999237060561 7 79.500000000000014 3.5049999952316289 78.926559448242202 8 1.0209555029869082 44.250000000000007
decision_type=10 10 10 2 10 10 10 10 8 10 10 8 2 1 10 10 10 10 10 8 10 8 10 1 1 10 8 10 9 8 10 8 1 9 10 10 8 8 10 10 2 10 2 2 10 10 10 10 2 10 2 9 10 2 10 1 10 10 10 1 10 2
left_child=1 3 4 6 9 15 12 10 11 21 19 33 17 35 36 23 34 54 57 55 24 -2 -11 43 -14 53 40 28 -10 -15 -16 -28 -22 50 -6 -8 -7 -30 -21 -20 -27 42 -31 48 -33 58 -17 -23 -5 -24 51 -3 -19 -26 -1 -4 -49 -9 -13 60 -48 -25
right_child=2 8 7 5 16 14 13 18 27 22 -12 45 20 29 30 46 -18 52 39 38 32 47 49 61 25 26 31 -29 37 41 -32 44 -34 -35 -36 -37 -38 -39 -40 -41 -42 -43 -44 -45 -46 -47 59 56 -50 -51 -52 -53 -54 -55 -56 -57 -58 -59 -60 -61 -62 -63
leaf_value=-0.53275898943342237 -0.10973867991765072 0.057411379514704257 0.017586013169785485 -0.52670892698266625 0.15544950265711718 -0.25450289173036994 0.23969416592202122 0.24924126441506769 0.44221006217046549 0.037556206027205316 0.35441193277909266 0.042146590508871949 -0.17890745363992916 0.0019413019461239514 -0.17298022172003388 -0.29144078491700459 0.40270030885987057 0.10557667989264805 0.3687738965779036 0.14266404280923745 0.10820243196077861 -0.050707060630683649 0.094553314611034764 -0.26252085161259403 -0.18546358155058024 -0.23968902835018729 -0.23812280260782118 -0.25114721595879758 0.023248429034845617 -0.034197954551984232 -0.073757303404765426 -0.0068141748931330138 -0.071146679693221096 -0.23830389432640395 0.27250828099659441 -0.077397841664483227 -0.15590168417515751 0.30282520859411582 0.24477169417985806 0.49279029066005109 -0.031896083829426082 0.18981613209471992 0.18175937330014344 -0.37662329923698451 0.19777867028317159 0.21535715365802616 0.0045074990589661738 0.12238975553710399 -1.148144109059603 0.17738147137643304 0.075607605009973378 -0.15230645233335172 -0.29871356369067109 -0.086675061531322012 -0.28068924140877882 0.16713082485778114 0.00066543771543257945 0.40219868288150717 0.18122795059103408 -0.15493287884066742 -0.28278769631719824 -0.36764565423340129
leaf_weight=851.75 5802.5 1881 2633.25 499.5 5618.75 9845.75 356.75 4536.25 1871 8300 5073.25 2552 9058.5 5631.25 6764.5 5222.5 2223.5 351 7405 5099.25 1728 5246.25 8059.5 7534 5668 1640.5 612.75 130 520.25 2230.25 8742.25 6013 3133.75 591.75 4724.25 8069.25 5426 2395.75 7958.75 2947.5 1239.75 2947.75 1591.25 6859.75 765.5 4429.75 307.75 2362.75 76 6641.75 3332.25 1713.5 251.5 4361.5 680.25 1689.25 4438 1210 2062.25 4889.25 3288.75 2664.5
leaf_count=1301 7376 2496 3168 702 6806 13325 1427 6106 2069 11279 5629 3602 15687 6970 9496 6985 2276 351 8716 9243 2046 10644 10362 10942 9949 2167 729 130 524 2825 12193 10429 4912 645 5685 9684 9473 2401 9728 3255 1518 3580 1916 10894 1004 4627 1120 3379 94 8867 4317 1961 253 6838 900 2056 5578 1441 2534 6099 4188 4340
internal_value=-0.000141363 -0.108963 0.166436 -0.153132 0.087978 -0.229777 -0.069862 0.275135 0.13635 0.0401883 0.213936 0.0839874 -0.11663 0.0117818 -0.167897 -0.29053 0.2433 -0.320527 0.360455 0.172896 -0.103894 -0.034211 0.0979221 -0.334361 -0.119874 -0.0935178 -0.0456408 0.31262 0.328031 0.0632214 -0.117058 -0.00481224 -0.00738113 -0.00597692 0.20896 -0.0639178 -0.219496 0.252134 0.204926 0.404172 -0.150335 0.114183 0.0557713 -0.39504 0.016341 0.158763 -0.234105 0.0021788 -0.612481 0.131993 0.014256 -0.0425881 -0.0636019 -0.14253 -0.42135 0.0760808 0.0429802 0.28158 0.10436 -0.198757 -0.258213 -0.290054
internal_weight=232752 140782 91969.8 119303 53417.2 62120.5 57182.2 38552.5 21479.5 40850.8 22453.8 16562.5 36355.8 20826.5 30778.5 31342 12566.5 2134.5 16098.8 17380.5 34221.2 17849.5 23001.2 17633.8 29359.5 20301 10271.5 4917 4787 12400.5 15506.8 7391.25 4861.75 7518.5 10343 8426 15271.8 2916 13058 10352.5 2880.25 6769.25 3821.5 7435.25 6778.5 9044 13708.2 12047 575.5 14701.2 6926.75 3594.5 602.5 10029.5 1532 4322.5 6800.75 5746.25 4614.25 8485.75 3596.5 10198.5
internal_count=321237 199643 121594 174337 72252 89851 84486 49342 25306 57485 29824 20182 58084 26402 44487 45364 14767 2805 19518 24195 55279 26977 30508 26972 48321 32634 15847 5124 4994 15291 21689 12162 6958 9419 12491 11111 22798 2925 18971 11971 3685 8321 4741 11690 11433 10763 18392 19601 796 19229 8774 4457 604 16787 2201 5224 8957 7547 6136 11407 5308 15282
cat_boundaries=0 1 2 3 4 5 6 7 8 9
cat_threshold=8 8 8 48 4 69 4 4 8
is_linear=0
shrinkage=0.04


Tree=15
num_leaves=63
num_cat=5
split_feature=0 21 11 4 11 21 4 4 21 21 11 21 1 21 14 0 21 0 4 4 20 21 21 11 21 1 1 0 21 14 24 33 21 21 4 23 20 21 22 0 0 0 11 32 25 15 0 10 4 8 0 23 20 29 24 4 29 29 24 24 8 4
split_gain=2.47051e+06 1.03491e+06 620196 265113 153233 144285 136735 127506 100548 77971.4 58816.8 56898.1 54831.1 53386.9 42260.6 54360.3 41197.8 36443.4 35857.8 33779 33718.1 31413.4 30984.6 29991.6 29198.1 28321.5 28218.4 25566.3 25323 25122.7 24514.4 23195 22646 21130.6 18628.3 18999.6 18480.8 17695.5 17446.1 16429.7 15851.6 15841.7 15615 15397.4 15119.1 14818.9 14658.3 14401.2 13772.4 14384.6 13690.8 13581.3 13579.3 13530 13010.2 12529.3 12383.3 12287.6 15185.1 12237.7 12153.6 11966.9
threshold=2.7549999952316289 74.533176422119155 0.098060119897127165 3.0749999284744267 0.1282736882567406 70.549018859863295 2.4750000238418584 2.1550000905990605 78.926559448242202 69.821186065673842 0.034909110516309745 67.886199951171889 2.6450001001358037 86.135070800781264 86.854999542236342 2.4850000143051152 76.617176055908217 2.4250000715255742 2.7649999856948857 3.3149999380111699 110.00000000000001 68.111885070800795 79.617172241210952 0.37640480697155004 83.14151763916017 1.0549999475479128 2.9450000524520878 2.2949999570846562 80.020374298095717 94.704998016357436 0.22043872624635699 0 68.182941436767592 79.325862884521499 1.2549999952316286 1.019891679286957 184.00000000000003 62.269115447998054 0.24675761908292773 0.88499999046325695 3.3549998998641972 2.0249999761581425 0.41498298943042761 1 79.625000000000014 2.5000000000000004 0.75499999523162853 9.2500000000000018 3.6450001001358037 15.500000000000002 3.1750000715255742 1.3153603076934817 218.00000000000003 2 0.016853686422109607 2.2849999666213994 3 4 0.04104887135326863 0.051987174898386009 94.250000000000014 2.6750000715255742
decision_type=10 10 10 2 10 10 2 2 10 10 10 10 10 10 10 8 10 8 2 2 2 8 10 10 10 8 10 8 10 8 10 9 8 10 2 8 2 8 10 10 10 10 10 1 2 2 8 2 2 2 10 10 2 9 8 2 9 9 10 10 2 2
left_child=1 2 6 5 8 10 9 11 27 14 26 25 28 23 20 -16 19 53 32 -5 30 -9 40 33 57 39 -2 61 47 -19 -1 42 60 45 -33 -36 -17 -27 -38 -4 -14 -22 -13 -20 -35 -6 -25 -7 49 -21 -28 -32 -15 -11 -23 -56 -37 -10 -59 -29 -8 -3
right_child=3 4 7 16 13 12 18 21 24 17 -12 31 22 52 15 36 -18 29 43 48 41 54 -24 46 -26 37 50 59 -30 -31 51 34 -34 44 35 56 38 -39 -40 -41 -42 -43 -44 -45 -46 -47 -48 -49 -50 -51 -52 -53 -54 -55 55 -57 -58 58 -60 -61 -62 -63
leaf_value=-0.44447273587226277 0.080173882285816719 0.0097920251549587101 -0.51689666973486337 0.25328169130015404 0.025933832834017029 0.14471808035966616 -0.11856685579893669 -0.19649529428972737 0.50355061986069005 -0.12053152085863612 -0.032784862893684819 -0.26089019722446183 0.22776365159545164 0.49616797698855736 -0.16076316121712336 0.044749836645764346 0.43938633356743106 -0.015150286915041554 0.17931278060150482 0.085957977929220247 -0.19551044998500244 0.14772686985605274 0.40786939391638016 -0.50486180236179101 0.37812902846352503 -0.35374255674524963 0.14654200057145014 0.10762471911019601 0.29471444562532456 0.12680320178066645 0.074363134019366423 -0.081780121955046747 0.033753463628851559 0.29525975523684872 2.2670783454181841e-05 -0.25528709786546577 -0.053731176152836763 -0.26225810729574206 -0.42658109392828508 -0.34668605823432558 0.36609802264327912 -0.11188504247038361 -0.46101829834313152 0.047894525950964002 0.035968465988167123 -0.11233343961740457 -0.15643561178781701 0.002706630196418907 0.54130503238652405 0.36895211576434195 0.28109949620728847 -0.37898271966685915 0.13449717883685278 -0.023761240964441363 -0.13944619000465538 -0.047433548242012069 -0.1736922775293965 0.16919148894929872 0.30177990770486812 0.2031508913059282 -0.0086041160646194055 0.33307466040893147
leaf_weight=1157.5 10944.5 4004.5 1289.25 9952.75 2004.75 7291.5 3063 7461 249 5328 5611 3840.75 10420 357 7567.5 4298.75 4189 5672 2874 307.5 7341 360 2237.25 258 3082.75 4448 3631.75 5665.5 1622 3074.5 281 2204.25 10863.5 439.5 670.5 6864.25 4285.25 14456 208.75 3178.5 1525 7183.25 749 2834.5 1949.25 3247 765.5 1355 706.5 4741.75 1821.25 167 313 4110 5093.75 4429.5 5746.5 3966.5 2131.5 3463.5 3384.5 190
leaf_count=1984 16841 5041 1767 13063 2856 8736 4629 10269 333 6915 8653 4776 12706 420 11337 6428 4474 7271 3696 402 12246 1176 2385 297 3205 6563 5101 7548 1721 3706 281 2934 15377 705 2190 8710 7124 24101 283 4425 1720 11309 998 4129 2037 3865 1037 1622 759 5962 2260 167 313 5343 7679 6432 7749 4640 2244 3729 4475 226
internal_value=-0.000755557 -0.0829765 -0.131677 0.205636 0.121136 0.153301 -0.0536575 -0.226252 0.177118 -0.0903793 0.0789906 -0.262856 0.220177 -0.0153386 -0.127498 -0.0821836 0.327807 -0.0240532 0.0271815 0.297999 -0.173443 -0.13454 0.271154 -0.0419696 0.277061 -0.305299 0.117238 0.106352 0.14973 0.0347647 -0.347353 -0.213417 -0.00149004 -0.0147025 -0.189453 -0.20745 -0.0145317 -0.283819 -0.0712342 -0.396015 0.245484 -0.154174 -0.293099 0.114099 0.0838852 -0.0595614 -0.245087 0.12247 0.375208 0.35176 0.191571 -0.0955451 0.328123 -0.0785583 -0.0877375 -0.0966686 -0.21848 0.227867 0.215269 0.143904 -0.0608657 0.0245896
internal_weight=232929 166572 134485 66356.8 32087.2 46459.2 73694 60791.2 22753.2 50674.5 22008.5 43447 24450.8 9334 32490 16360.2 19897.5 18184.5 23019.5 15708.5 16129.8 17344.2 14182.2 8664 9429.75 23371.8 16397.5 13323.5 10268.5 8746.5 1605.5 20075.2 17311 7640.5 15485.5 13281.2 8792.75 18904 4494 4467.75 11945 14524.2 4589.75 5708.5 2388.75 5251.75 1023.5 8646.5 5755.75 5049.25 5453 448 670 9438 9883.25 9523.25 12610.8 6347 6098 9129 6447.5 4194.5
internal_count=321370 234965 196469 86405 38496 61745 106700 89769 26966 74394 32855 64213 28890 11530 51159 25172 24660 23235 32306 20186 25987 25556 16811 10797 10422 36856 24202 16544 12079 10977 2432 27357 24481 9463 21583 18649 13835 30664 7407 6192 14426 23555 5774 7825 2742 6721 1334 10358 7123 6364 7361 448 733 12258 15287 14111 16459 7217 6884 11277 9104 5267
cat_boundaries=0 1 2 3 4 5
cat_threshold=70 4 16 144 32
is_linear=0
shrinkage=0.04


Tree=16
num_leaves=63
num_cat=4
split_feature=0 21 11 4 21 21 4 4 11 21 1 0 21 0 1 22 21 14 6 21 14 0 32 11 0 21 19 4 29 0 11 4 21 4 1 11 0 23 4 10 1 17 21 4 22 28 19 32 24 22 0 4 4 11 23 21 21 11 19 21 4 23
split_gain=2.27669e+06 948676 563481 238535 141959 141738 129783 115034 114763 85175.3 69425.8 50406.2 43337.5 41328.8 37703.4 33405 32276.4 31189 31560.9 31164 30127.2 29685.1 28944.8 28005.4 27464.3 25223.4 24078.7 23625.1 22210.2 23080.9 21372.7 21169.5 19048.9 18867.6 18317.4 18086.9 17346.9 16699 16616.9 15459.5 15404.9 15112.6 15032.2 14704 13026.4 12857.1 12552.9 12513.1 12481.9 12246.8 12020.6 11735.6 11682.6 11549.6 11473.5 11267.9 11193.4 11114.4 10814.7 10539.4 10647.8 10417.5
threshold=2.7549999952316289 74.533176422119155 0.098060119897127165 3.1049998998641972 82.205451965332045 71.971065521240249 2.5649999380111699 2.1350001096725468 0.064839839935302748 68.252796173095717 2.8149999380111699 1.2050000429153445 82.205451965332045 2.3850001096725468 2.6450001001358037 0.056795187294483192 72.385150909423842 77.479999542236342 12.500000000000002 67.996994018554702 93.83499908447267 1.9149999618530276 0 0.037408165633678443 2.4250000715255742 68.111885070800795 9.5000000000000018 1.2549999952316286 1 2.0049999952316289 0.50084745883941661 2.685000061988831 78.408687591552749 3.5249999761581425 2.4750000238418584 0.37640480697155004 3.054999947547913 1.0189087986946108 2.1049998998641972 18.750000000000004 1.9450000524520876 1.5000000000000002 68.111885070800795 2.9150000810623173 0.049019973725080497 2 59.500000000000007 3 0.052416019141674049 0.033055298030376441 1.0000000180025095e-35 2.1550000905990605 1.9450000524520876 0.13134284317493441 1.0013249516487124 82.51377105712892 70.499790191650405 0.28073549270629888 167.50000000000003 63.620441436767585 2.8149999380111699 1.0116243958473208
decision_type=10 10 10 2 10 10 2 2 10 10 10 8 10 8 8 10 10 10 2 10 10 8 1 10 8 8 10 2 9 8 10 2 10 2 10 10 10 10 2 2 10 10 10 2 10 9 8 1 10 10 10 2 2 10 10 10 10 10 8 8 2 10
left_child=1 2 6 5 8 10 9 11 31 17 23 30 14 40 53 28 33 18 -1 -13 34 35 43 59 47 -9 -22 -21 -6 57 39 32 48 41 -15 -10 -12 -29 -16 -4 54 -5 -24 56 -14 -27 -42 -19 -3 -34 -32 -38 -28 -7 -11 -18 -8 -30 -39 -2 -61 -44
right_child=3 4 7 16 15 12 22 25 21 13 36 19 44 20 38 -17 55 24 -20 27 26 -23 42 -25 -26 45 52 37 29 -31 50 -33 49 -35 -36 -37 51 58 -40 -41 46 -43 61 -45 -46 -47 -48 -49 -50 -51 -52 -53 -54 -55 -56 -57 -58 -59 -60 60 -62 -63
leaf_value=-0.31593393394304442 -0.040368982781212717 0.051187322875456708 -0.22881880936306126 0.15498805377554983 0.40876989333915142 0.14761195287774634 0.045094210932590459 -0.18696970295582507 -0.058867882868403269 0.19490523614241606 0.12289572035637253 -0.26430149741831233 0.42761035160105726 -0.061389368762515835 0.3462935907285315 -0.27243709950066786 0.36560311963052911 -0.21478711633069561 -0.1382443718227111 -0.052096486477368968 0.30715291310906506 0.039563426452843185 -0.062134406613369858 -0.032314581918265153 -0.064511887054405026 -0.12555246248612925 0.095082835902443957 0.02263233456965497 0.13493549659009688 0.30230803070936813 -0.6027663478540547 0.26142231167245145 0.15933623179198714 0.42917338654383358 0.062658734998985749 -0.2806330079967424 0.29347504733198793 -0.18382867269930839 0.229778539128001 -0.33342169380109726 0.0051219979174972723 0.28323100488101366 0.25561047217100968 0.24230431911725472 -0.041450401221171468 -0.033489315273186347 -0.089824323508252674 -0.11659025868232435 0.15545797596825869 0.31587898823979998 -0.37953386405526673 0.17481414454154728 -0.024009127114509372 -0.037085996078692805 -0.17074912791531108 0.50771190883728257 0.16096594690618862 -0.2251314895249196 -0.26498023426499445 0.058777903687197597 0.14226776319092246 0.028221045558478878
leaf_weight=2624 1078.75 4617.25 3412.75 1865.5 2246.25 4892.25 3997.5 8331.5 4450.5 141.25 6095.75 15270.25 2020 8504.5 2467 161 6716.5 3825.5 4107.5 1942 647 6715.5 3628.75 5359 10593.5 7168.5 3456.25 505 688.5 2659.25 553.25 2375.75 3303.75 1147.25 2452.25 676.5 2165.25 7555.5 9701 6835.25 3182.25 7096 340.75 1109 99 3672.25 7424.75 4563.25 3052.25 1058.5 1355 3513.25 2128.25 608.25 3518 1047.5 2002 169.25 4059.25 6349.25 3977.75 5439.75
leaf_count=5402 1435 6226 4807 2407 2463 5664 5697 11498 5538 565 8333 24205 2059 11020 2950 161 7486 6167 6305 2584 977 8586 5521 8158 17669 10992 4024 1651 690 2666 902 2819 3804 1361 3293 873 2475 9606 11645 9806 4068 9724 1222 1388 99 5806 9953 7078 3344 1279 2237 4738 2615 711 4478 1064 2263 170 5410 9662 6245 7026
internal_value=0.000206579 -0.0786772 -0.1254 0.198631 0.116411 0.152444 -0.0510701 -0.215685 0.0764833 -0.0796043 0.0953922 -0.253132 0.234711 -0.0354555 0.214163 0.293243 0.323485 -0.133602 -0.207584 -0.224713 0.00631687 -0.0157669 0.0476849 0.0430989 -0.107348 -0.134631 0.0765247 -0.18169 0.309136 0.24345 -0.321657 0.152302 0.130715 0.276246 -0.0336188 -0.088229 0.169829 -0.202443 0.253455 -0.298639 -0.085778 0.256576 0.0016563 0.108592 0.405674 -0.0943792 -0.0613427 -0.161412 0.0927149 0.197451 -0.444822 0.220149 0.0497032 0.12718 -0.156534 0.384903 0.0838021 0.0635199 -0.212232 0.0785321 0.0909586 0.0417104
internal_weight=232720 166521 134346 66199.2 32174.2 48326.5 73686 60660.5 26250 57168.2 28539 41488.2 19787.5 31454.5 17668.5 5924.25 17872.8 25713.8 6731.5 29332 17188.2 11842.5 16517.8 16764.8 18982.2 19172.2 6231.5 14061.8 5763.25 3517 12156.2 14407.5 12031.8 10108.8 10956.8 5127 11774.2 12119.8 12168 10248 14266.2 8961.5 9409.25 7108.5 2119 10840.8 10607 8388.75 7669.5 4362.25 1908.25 5678.5 5584.5 5500.5 3659.25 7764 5999.5 857.75 11614.8 11405.8 10327 5780.5
internal_count=321070 234854 196235 86216 38619 64174 106731 89504 32469 83614 41046 61208 23128 40993 20970 6150 22042 42621 11707 43456 21929 14997 23117 25500 30914 28296 7616 19251 5989 3526 17752 17472 14653 13492 14313 6411 15546 16667 14595 14613 19064 12131 13769 9348 2158 16798 14021 13245 9570 5083 3139 7213 6639 6375 5043 8550 7960 860 15016 17342 15907 8248
cat_boundaries=0 1 2 3 4
cat_threshold=4 48 16 8
is_linear=0
shrinkage=0.04


Tree=17
num_leaves=63
num_cat=4
split_feature=0 21 11 4 21 21 21 21 1 21 11 21 1 4 32 4 11 0 4 14 33 4 4 1 14 0 23 21 9 4 23 20 24 21 1 0 20 21 0 16 1 11 19 1 19 19 23 32 19 14 25 23 25 1 8 21 28 21 24 24 1 19
split_gain=2.07223e+06 739525 416930 413595 204446 100967 92511.1 83491.9 73174.1 71571.6 69807.3 67971.3 54841.7 53968.4 45555.2 43399 37963.8 37799.7 37772.8 65831.7 28641.9 27901.8 25499.9 22847.2 24148.5 22441.7 20918 20353.5 26431.4 19831.9 19714.7 18925.9 29997.7 18508.2 18114.9 17662.4 17485.8 19648.3 17302 16953.3 16596.6 16503.6 15523.5 15495.6 15323.3 15082.3 14522.4 14504.7 14171 15247.3 14078.1 13693.8 14279.1 13324.4 13266.2 13050.8 12999.7 12823.2 12590.2 23307.3 12426.9 12405.6
threshold=2.554999947547913 75.729537963867202 0.1338305398821831 2.9250000715255742 70.499790191650405 70.549018859863295 82.205451965332045 79.617172241210952 2.3449999094009404 69.220321655273452 0.12052465230226518 72.026847839355483 2.6450001001358037 2.4150000810623173 0 3.2250000238418584 0.28988552093505865 2.9250000715255742 1.3650000095367434 86.174999237060561 1 1.735000014305115 0.35500000417232519 2.5849999189376835 94.430000305175795 3.3850001096725468 1.0496999621391299 88.393150329589858 16.500000000000004 2.2350000143051152 1.0013249516487124 110.00000000000001 0.23804991692304614 66.469604492187514 2.2549999952316289 0.53499999642372142 159.00000000000003 60.34489822387696 2.185000061988831 1.5000000000000002 2.3249999284744267 0.1864021569490433 9.5000000000000018 2.1049998998641972 23.000000000000004 11.500000000000002 1.3153603076934817 2 167.50000000000003 92.189998626708999 235.75000000000003 1.0260539650917055 618.00000000000011 2.9450000524520878 72.500000000000014 77.426959991455092 3 78.926559448242202 0.16761939227581027 0.14250016957521441 3.0049999952316289 9.5000000000000018
decision_type=10 10 10 2 10 10 10 10 8 10 10 10 10 2 1 2 10 10 2 10 9 2 2 10 10 10 10 10 2 2 10 2 10 10 8 8 2 8 10 2 8 10 8 8 10 8 10 1 10 10 2 10 2 8 2 10 9 10 10 10 10 10
left_child=1 2 5 4 8 13 10 12 41 16 26 15 43 18 23 54 40 -10 19 31 -11 60 53 24 -7 42 57 28 50 -20 -16 32 -1 -33 56 -18 -21 -38 -32 -12 -4 -2 -13 -6 -26 -45 -34 -15 49 -39 -8 52 -9 -19 -5 -28 -22 -3 59 -51 -14 -40
right_child=3 6 9 11 7 14 27 51 17 20 39 25 21 47 30 -17 35 22 29 36 34 -23 -24 -25 44 -27 55 -29 -30 -31 38 33 46 -35 -36 -37 37 48 61 -41 -42 -43 -44 45 -46 -47 -48 -49 -50 58 -52 -53 -54 -55 -56 -57 -58 -59 -60 -61 -62 -63
leaf_value=-0.41775162022187512 -0.066852248065586345 0.026124177707766986 -0.25043532843149469 0.11950107482137892 0.0024649675183303289 -0.019813320629121455 0.30418770814567003 0.24693582734101349 0.0089187271755078405 -0.26838889521503867 -0.013275118527183296 0.40729529222137467 0.20070870970986374 0.022663412035292964 0.21196904707187816 0.29752687738463862 -0.42771715323492432 0.091392844662517153 -0.21203429389662123 0.22536149587946969 -0.1995259365849337 0.15157390561146836 0.06159016626812714 0.18558255808535604 0.26186384783197209 0.41299466290122516 0.11852161671627384 0.41819955032480538 -0.29221360908463451 -0.12917542047126609 -0.12468672933431699 -0.21233731081270285 0.16322233697010163 -0.079957621741815407 -0.062705937834084721 -0.29755262609205252 -0.22746393803722226 -0.059481928716604467 0.11813677999803446 -0.21400691999937022 -0.16481281722884447 -0.21906178486229497 0.2759310883279143 0.20821028192576641 0.063945088500135916 0.078296481748058006 -0.34869456386745429 -0.07110309600424379 -0.074744398857351499 0.11816996184485611 0.13540366358185912 0.35659568230390709 -0.21864470503604516 0.26653036764341231 0.20595147495078509 0.24662551666668583 -0.10873090511886556 0.14700088620137317 0.23279660374022723 -0.17686374043533964 0.35030389865732831 -0.046671861939972768
leaf_weight=1023.5 6434.25 3178.25 14311.5 5388 3532.75 5830.75 2374.25 1663 14319.75 3349.25 4803.75 1748.75 1614.25 4795 414.75 6084.75 2030 1056.75 9375.25 460.5 6580.25 8695.5 5109.25 1773.75 853.75 3782 2268.25 1160.25 149.5 9146.25 4971 3224.25 264 3557.25 3777.5 9708 715.75 1727.25 831 781 4873.75 1384.25 8436 1703 2338.5 8905 131 5867.75 3130 1668.5 1193 3211.75 111 2046 6035.75 2917 4107.5 2515.5 738.75 574.25 2008 5954.5
leaf_count=1706 8442 4433 19485 7704 4165 6940 2504 1753 22710 4139 6228 2090 1837 6808 1659 8061 3218 1221 14479 1089 8732 10935 8539 2022 940 4070 2437 1188 193 14088 6159 6129 264 5064 5351 15933 850 2625 1041 865 9682 1820 9618 2291 2916 10789 131 9236 4648 3167 1193 3550 111 2799 8486 3019 5480 3093 795 653 2263 7294
internal_value=-0.000196037 -0.0978146 -0.136971 0.14575 0.08563 -0.0739715 0.118879 0.157107 0.011571 -0.22663 0.0735328 0.26377 0.128794 -0.107923 -0.0053793 0.211221 -0.263428 0.0481578 -0.131487 -0.0888129 -0.162731 0.190494 0.116561 0.054427 0.028608 0.329605 0.132539 0.271864 0.22598 -0.171136 -0.0584325 -0.170815 -0.30367 -0.142942 -0.137952 -0.320133 -0.0142023 -0.0271489 -0.068007 -0.0414145 -0.228704 -0.0938508 0.298563 0.0750289 0.117011 0.0991888 -0.00743384 -0.0289395 -0.00880392 0.0350395 0.247851 0.307243 0.217586 0.206981 0.165206 0.190656 -0.164659 0.0795618 0.0898037 0.0425336 0.283787 -0.0264582
internal_weight=232716 139446 118105 93269.8 61794.5 69367.2 21340.8 31444.2 30350.2 48737.8 16463.8 31475.2 26458.5 46399.2 22968 17508.5 30923.2 22531.8 35736.5 17215 17814.5 12317.8 8212 10796.8 9023 13966.8 10879 4877 3716.75 18521.5 12171.2 8200 1418.5 6781.5 14465.2 11738 9015 8554.5 11756.5 5584.75 19185.2 7818.5 10184.8 14140.8 3192.25 10608 395 10662.8 7838.75 4708.75 3567.25 4985.75 1774 3102.75 11423.8 5185.25 10687.8 5693.75 2981.5 2242.75 3622.25 6785.5
internal_count=321130 197876 172723 123254 83225 100703 25153 37694 45531 72020 20075 40029 32280 71732 28971 24251 48318 35269 55688 27121 23702 15035 12559 12818 10796 15778 12982 5078 3890 28567 16153 13294 2101 11193 19563 19151 13827 12738 14494 7093 29167 10262 11708 17245 3856 13080 395 16044 11888 7240 3697 5414 1864 4020 16190 5456 14212 7526 4615 3820 4100 8335
cat_boundaries=0 1 2 3 4
cat_threshold=4 70 4 16
is_linear=0
shrinkage=0.04


Tree=18
num_leaves=63
num_cat=5
split_feature=0 21 11 4 21 4 21 21 11 21 4 11 21 4 21 14 4 4 11 32 4 4 22 25 0 14 5 16 4 0 0 29 11 0 21 21 5 22 4 25 0 2 21 20 21 7 29 23 0 25 28 28 23 25 4 25 8 21 23 25 21 20
split_gain=1.92258e+06 733840 433404 303954 158019 110136 91151.4 74352.7 65256 64887.6 64171.9 59088.1 57825.1 53203.4 44629.7 42643.9 41513.8 42921.6 36962.3 34101.1 31483.2 23151.2 23030 22778.8 22648.8 36188.9 21922.6 20977 20169.4 19114.1 18758.9 18558.8 17856.3 17661.5 16705.5 16661.6 16503.2 16369.4 15547.5 15465 15079.8 16485.4 14996.2 14628.8 13912.4 13390.4 15077.4 12522.9 12517.2 12415.3 12179.1 12051.5 12050.8 12021.2 11722.6 11680.9 11531.3 11361.2 11175.4 11109.3 12537.4 10703.9
threshold=2.6350001096725468 75.729537963867202 0.14311316609382632 2.9250000715255742 70.499790191650405 2.4150000810623173 82.205451965332045 68.252796173095717 0.064839839935302748 69.88785552978517 3.2150000333786015 0.038984065875411041 79.617172241210952 1.7150000333786013 74.533176422119155 93.83499908447267 0.35500000417232519 2.554999947547913 0.31589473783969885 0 1.9650000333786013 2.2350000143051152 0.056795187294483192 53.875000000000007 2.2649999856948857 80.704998016357436 4.5000000000000009 1.5000000000000002 2.9550000429153447 3.6049998998641972 3.2549999952316289 1 0.076166305691003813 3.185000061988831 68.111885070800795 70.499790191650405 29.500000000000004 0.070718556642532363 2.1350001096725468 92.875000000000014 0.88499999046325695 -1.0000000180025095e-35 68.052261352539077 79.000000000000014 75.729537963867202 25.500000000000004 2 1.0621204376220705 2.435000061988831 296.12500000000006 3 4 1.0260539650917055 618.00000000000011 2.6650000810623173 16.875000000000004 15.500000000000002 62.269115447998054 1.0013249516487124 77.625000000000014 79.132259368896499 177.50000000000003
decision_type=10 10 10 2 10 2 10 10 10 10 2 10 10 2 10 10 2 2 10 1 2 2 10 2 8 10 2 2 2 10 10 9 10 10 10 10 2 10 2 2 8 10 8 2 10 2 9 10 10 2 9 9 10 2 2 2 2 8 10 2 10 2
left_child=1 2 5 4 11 7 8 24 47 18 14 20 16 15 42 43 33 -18 38 28 30 58 31 -11 -1 26 49 59 35 44 -2 -8 -33 -6 -21 -7 -22 -25 57 -17 41 -20 -5 -9 56 46 61 50 -45 -26 -3 -27 53 -14 -38 -47 -12 -4 -15 60 -10 -19
right_child=3 6 9 10 12 19 22 13 27 23 29 -13 52 21 -16 39 17 45 40 34 36 -23 -24 37 25 51 -28 -29 -30 -31 -32 32 -34 -35 -36 -37 54 -39 -40 -41 -42 -43 -44 48 -46 55 -48 -49 -50 -51 -52 -53 -54 -55 -56 -57 -58 -59 -60 -61 -62 -63
leaf_value=-0.18853706862477498 0.10860712902401312 0.069513289322780031 -0.31598924997141586 0.10866695259557803 0.18631654902407399 0.010700945234907696 0.37830977168391278 -0.38082120227320637 0.041810204001527497 -0.076971006347161322 0.07593420969232717 -0.064280029280193635 0.23664184172094055 0.10715053877748711 0.30681073926226271 0.22491748593827721 0.017865516993936924 0.058264399883525622 -0.34298372168300956 -0.092767024102572718 -0.023209795076740584 -0.054420144952070371 -0.23155952474806044 -0.155945676448729 -0.23256060494091702 0.030061458531733351 -0.096758388852816443 -0.18418412702548714 0.29628664258379672 0.42965104602007992 0.29437138162003068 0.29867728323743858 0.10353196927692376 0.34726130160986296 0.0020857360891915482 0.12525712625648014 0.0085052495415236726 -0.28229934226598052 -0.16597246984569508 0.060779801423930337 -0.27841837689281734 -0.58649345442661094 0.19852501839710188 -0.058684102394484711 0.38396330828168884 0.34524478355020888 0.071599579799292296 0.22123243052883135 0.091241228784556927 -0.46707356408293371 0.1769064458242007 -0.087195483005409177 0.34844104150350347 -0.22245553193241357 0.11166605008553974 0.17110435573416588 0.28619228941394409 -0.22621763676504242 -0.15170045349665767 -0.012627136449149059 0.27085155828896901 0.36647179300869226
leaf_weight=11186.25 3500 3568.5 2718.75 4343.75 3264 5527 2008.75 203.5 1617.25 4808.75 447 8224 1411.5 274 5308.75 1239.75 5632.5 272.5 2880.5 4679 4999 9734.25 142 7511 2707 1717.75 2090.25 914.25 578.75 2326.25 1157.75 1836.25 1273 1646.5 8131 3210.5 2913.75 2104 6052.75 3538.25 7071.25 531 9471 6732.5 2449 687 4220.25 2788.5 1025 418.25 3215 7615 2751 96 4460.5 6067.75 6702 13719.25 8622.25 5196.5 499.25 536.25
leaf_count=17160 4556 4275 4041 6014 3849 7996 2215 223 2911 7889 624 12658 1482 1096 6016 2376 6918 298 4634 7304 8071 13089 142 8849 5767 3547 3297 1020 704 2708 1535 1840 1279 1897 11602 3677 4473 2215 9466 3584 11617 792 12903 8585 2629 1053 4968 2967 1259 419 4070 12211 3030 96 6379 7342 8559 20737 10879 5537 935 774
internal_value=0.000150178 -0.0854301 -0.123224 0.154697 0.0954122 -0.0659849 0.122106 -0.0953403 0.078856 -0.2189 0.253672 0.0237564 0.163475 -0.0539937 0.208218 0.00900282 0.137688 0.108703 -0.24986 0.00977752 0.0662709 -0.0970657 0.268373 -0.1481 -0.145732 -0.112797 -0.197174 -0.00375822 0.0679997 0.326522 0.15489 0.282331 0.218199 0.240403 -0.0325688 0.0528133 0.0328912 -0.183649 -0.2209 0.103447 -0.311938 -0.38121 0.170291 -0.0476908 0.301441 0.152111 0.102622 0.149851 -0.038855 -0.264227 0.12045 -0.0656109 0.298545 0.207144 0.0709191 0.188914 0.273072 -0.241102 -0.143705 0.0188412 0.096046 0.259829
internal_weight=232575 149687 126628 82888 51840.2 79230.2 23059.2 57104 17799.2 47397.2 31047.8 25255 26585.2 31369.5 19123.5 12739 22326.8 17416.2 32973.5 22126.2 17031 18630.5 5260 14423.8 25734.5 14548.2 5215.5 8227.25 9316.25 11924.2 4657.75 5118 3109.25 4910.5 12810 8737.5 12373.2 9615 22490.8 4778 10482.8 3411.5 13814.8 7961 9598 11783.8 5029 9572 7757.5 3125.25 6783.5 9332.75 4258.5 1507.5 7374.25 6754.75 7149 16438 8896.25 7313 2116.5 808.75
internal_count=321038 212206 185015 108832 69379 114775 27191 83492 21715 70240 39453 37672 31707 41091 24933 16027 27099 21353 51287 31283 25014 25064 5476 18953 42401 25241 9483 10403 12377 14520 6091 5334 3119 5746 18906 11673 18923 11064 34244 5960 17043 5426 18917 10067 11812 14435 6040 11312 9844 6186 8345 15758 4608 1578 10852 8395 9183 24778 11975 9383 3846 1072
cat_boundaries=0 1 2 3 4 5
cat_threshold=4 48 12 16 4
is_linear=0
shrinkage=0.04


Tree=19
num_leaves=63
num_cat=7
split_feature=0 0 22 4 4 22 1 4 19 28 1 22 1 4 14 4 14 9 0 22 22 4 4 32 0 22 4 1 14 28 0 29 22 23 1 28 32 19 0 1 25 5 20 24 24 22 7 20 5 23 17 23 8 25 22 19 19 4 32 4 24 4
split_gain=1.79052e+06 615986 261590 186145 166975 101370 89185.7 86358 80649.6 59733 51471.8 48825 42975.1 38214.3 37163.8 36893.5 35100.7 34950.8 25760.5 25459.6 23159.8 22599.4 30350.1 22161.8 21876.8 21790.8 20197.7 19874.7 25717 19408.5 18175.4 16589.1 16527.2 15909.7 15885.3 15741.2 14723 14695.7 14295.6 14059.2 13949.3 15887.6 13887.5 15933 18318.4 13774.1 13506 13284 12943.8 12701.8 12508.3 12275.1 12231.6 11948.6 11449.1 11345.8 11284.6 11256.2 10964.5 10959 10520.6 10426.2
threshold=2.7549999952316289 2.1149998903274541 0.054964337497949607 3.1049998998641972 2.2250000238418584 0.075901504606008544 2.8149999380111699 2.495000004768372 52.500000000000007 0 1.985000014305115 0.12007877603173257 2.4050000905990605 2.6450001001358037 95.384998321533217 2.6650000810623173 77.479999542236342 3.5000000000000004 3.6049998998641972 0.019503099843859676 0.070410095155239119 1.7849999666213991 2.3850001096725468 1 3.3349999189376835 0.10516104474663736 2.0249999761581425 2.5949999094009404 85.505001068115249 2 0.75499999523162853 3 0.066482517868280425 1.0608530640602114 0.70499998331069957 4 5 10.500000000000002 2.1350001096725468 2.054999947547913 296.12500000000006 5.5000000000000009 179.00000000000003 0.16477622091770175 0.15579897165298465 0.012908976525068285 6.5000000000000009 79.000000000000014 59.500000000000007 1.1873807907104494 4.5000000000000009 1.0153971314430239 15.500000000000002 81.125000000000014 0.16155823320150378 49.500000000000007 52.500000000000007 2.7549999952316289 6 3.3249999284744267 0.042904643341898925 2.9450000524520878
decision_type=10 8 8 2 2 8 10 2 8 9 8 8 8 2 8 2 10 2 10 10 10 2 2 1 10 10 2 8 10 9 10 9 10 10 10 9 1 8 10 8 2 2 2 10 10 10 2 2 2 10 10 10 2 2 10 10 10 2 1 2 10 2
left_child=1 4 8 6 5 9 15 10 14 39 54 27 35 20 48 21 38 47 52 60 29 -2 -23 51 32 37 34 -12 46 -6 -11 -30 56 -32 -19 45 -33 -17 -13 50 41 42 43 44 -18 -10 -29 -7 -3 -45 -1 -9 -5 -49 -4 -51 -8 -25 -21 -54 -14 -15
right_child=3 2 7 18 13 17 24 23 12 30 11 16 19 61 -16 25 40 26 -20 58 -22 22 -24 57 -26 -27 -28 28 31 -31 33 36 -34 -35 -36 -37 -38 -39 -40 -41 -42 -43 -44 49 -46 -47 -48 53 -50 55 -52 -53 59 -55 -56 -57 -58 -59 -60 -61 -62 -63
leaf_value=-0.24225267932270431 0.12605541688936223 0.08307634640584842 -0.14740297371988637 0.13989779522915682 -0.064225396492750525 -0.33861725463308517 0.30108924561755052 0.11844813488970733 0.076828068571700242 -0.20506110189158175 -0.06746591077185933 -0.26930656650571128 0.13506917542839506 0.092732386530464339 0.2393820123290511 0.27242712514010392 0.0063108111385345549 -0.37837461506513642 0.40527351500673164 0.0050364635853924512 -0.11951691442863414 -0.092506116328213303 0.057323397199487362 0.039939926073166467 0.29617641766043618 0.028825275630015065 -0.22063969769059902 -0.11356057028081619 0.21407590137874194 0.079777602684353729 0.029848373213733303 -0.048479974041609565 0.13533027223199787 -0.08525315616123369 -0.2773761418364335 0.061322620376514571 0.082721282499688714 0.14041661270153316 -0.13198543792728878 -0.13411816233466783 -0.15959139018286181 -0.11915546948682665 -0.083263447312202324 0.36779199289313741 -0.42381338544450958 -0.068278842538015166 0.023236435454077532 -0.12526489026067311 0.38132989084732893 -0.078598410648450454 -0.12313248051166038 -0.046284728472674112 0.25291178801503733 -0.22541880686516563 -0.26183335035510807 0.17308096391767497 0.19349453366280844 0.1444895985589898 0.08429264560639825 0.32883135439655209 0.30710625215443615 0.3386392178710434
leaf_weight=6629.75 3826.5 5820.75 7950.25 1134.25 3823 755.5 1943.75 816.75 1213 1073.75 9260.5 2619.75 3702 941.5 5400.25 1568 1257.25 3321.75 2504.5 5162.25 5638 3093.75 7178.5 5761.25 3118 2527.75 7635 2933.5 957 2459 3724.75 2139.75 7340.75 3964.75 10250.25 2757.5 3789.25 9749.75 2271.5 5412 2557.5 3522.75 2294 304.75 179.25 7562.25 1902.5 5049.75 240.75 454.25 1800.5 6238 9778.25 3073 1702.25 770 8071.5 2307.25 6084 4471.5 672.5 389.75
leaf_count=8516 5136 6990 10546 1393 5248 946 2408 3030 1213 1334 12679 5028 3828 1264 6133 2297 3100 6075 2965 6777 7801 4473 9985 8210 3676 3451 11961 4555 1524 3278 5707 3258 9968 4417 14241 3266 4480 13175 4052 7227 2607 8145 4418 307 207 9882 3134 9522 309 512 2393 7957 12287 3433 2339 1193 9663 3070 7755 5451 683 491
internal_value=0.00010094 -0.0698865 -0.00760546 0.175889 -0.164902 -0.196822 0.135142 -0.0585125 0.0741145 -0.132796 -0.085331 -0.063975 0.0365515 -0.0379706 0.163081 0.0886631 -0.116065 -0.244917 0.28615 0.0797861 -0.0606781 0.0431068 0.0121884 0.0245958 0.198565 0.135039 -0.272827 -0.0236734 0.0109281 -0.00784874 -0.0510579 0.0605727 0.180996 -0.0295043 -0.302148 -0.0220114 0.0353101 0.158751 -0.205616 -0.184527 -0.0774078 -0.0534431 -0.0093996 0.0477536 -0.0478702 -0.0482069 -0.0597551 -0.178203 0.0950455 0.137543 -0.216848 -0.0271838 0.266706 -0.163202 -0.167634 0.0797146 0.214433 0.0698661 0.0479206 0.276778 0.161647 0.165133
internal_weight=232853 166546 100604 66306.8 65942 52690.8 48418.2 61989.2 38615.2 22605.5 46866 37213.5 27153.5 13251.2 11461.8 27944.2 16231 30085.2 17888.5 15620.8 11920 14098.8 10272.2 15123.2 20474 13845.5 21207 20982.5 11722 6282 8763.25 6886 17356 7689.5 13572 11532.8 5929 11317.8 4891.25 13842.2 11339.8 8782.25 5259.5 2965.5 1436.5 8775.25 4836 8878.25 6061.5 1529 8430.25 7054.75 15384 8122.75 9652.5 1224.25 10015.2 8068.5 11246.2 14249.8 4374.5 1331.25
internal_count=321369 235041 141187 86328 93854 75772 64232 94351 46836 29594 72084 59199 33404 18082 13432 38517 29569 46178 22096 19043 16327 19594 14458 22267 25715 18923 32277 29630 16951 8526 11458 9262 22039 10124 20316 14361 7738 15472 9080 18136 20489 17882 9737 5319 3307 11095 7689 13901 7299 2012 10909 10987 19131 12955 12885 1705 12071 11280 14532 17738 4511 1755
cat_boundaries=0 1 2 3 4 5 6 7
cat_threshold=16 8 16 12 16 8 8
is_linear=0
shrinkage=0.04


Tree=20
num_leaves=63
num_cat=1
split_feature=0 21 11 1 4 21 11 21 4 4 21 0 4 21 4 14 11 21 4 21 21 25 11 16 0 14 6 4 21 21 21 1 21 23 9 4 4 8 10 0 0 4 0 23 1 4 4 19 21 24 4 28 19 21 25 17 21 6 23 21 21 22
split_gain=1.65811e+06 719085 432306 176017 130240 122177 85356.7 72821.9 66229.3 58221.5 58076.6 47716.4 45004 40144.3 34425.5 33805.9 31851.2 28861.8 28182.9 23274.1 22913.8 22840.6 22816.5 22414.8 22355.2 30903 23483.6 22014.9 21840.3 21193 20991.2 19269.5 18779.9 18057.3 16073.9 15772.5 15378.7 14969.1 14305.9 13464.5 12594.1 12502.5 12488.8 12402.4 12322.7 11806.2 11580.8 11161.5 11134.1 10698.9 10662.3 10572.5 10568.3 10400.5 12572.1 10389.7 10323.7 10152.3 10145.1 10130.2 10111.8 14082.1
threshold=2.7549999952316289 75.729537963867202 0.14311316609382632 3.0049999952316289 2.4550000429153447 75.729537963867202 0.13287874311208728 68.252796173095717 2.0849999189376835 2.8149999380111699 82.205451965332045 3.1750000715255742 1.3650000095367434 86.135070800781264 2.7649999856948857 87.840000152587905 0.50084745883941661 70.499790191650405 2.2350000143051152 78.926559448242202 70.319358825683608 92.875000000000014 0.10306154191493989 1.5000000000000002 2.185000061988831 78.58499908447267 12.500000000000002 2.5149999856948857 69.260829925537124 82.205451965332045 62.269115447998054 1.985000014305115 70.319358825683608 1.0496999621391299 3.5000000000000004 1.6050000190734866 2.6049998998641972 93.250000000000014 10.250000000000002 1.0000000180025095e-35 1.8550000190734866 2.4250000715255742 3.2549999952316289 1.0013249516487124 3.4750000238418584 1.9249999523162844 1.2549999952316286 59.500000000000007 88.393150329589858 0.050352701917290694 1.9450000524520876 0 23.000000000000004 78.926559448242202 79.625000000000014 4.5000000000000009 70.171470642089858 3.5000000000000004 1.0013249516487124 70.499790191650405 64.822723388671889 0.1597690433263779
decision_type=10 10 10 10 2 10 10 10 2 2 10 10 2 10 2 10 10 10 2 10 8 2 10 2 8 10 2 2 10 10 8 10 10 10 2 2 2 2 2 8 10 2 10 10 10 2 2 8 10 10 2 9 10 10 2 10 10 2 10 8 8 10
left_child=1 2 4 5 7 9 10 24 16 22 33 19 15 23 20 31 17 34 58 56 37 -17 35 53 -1 26 -26 32 -13 38 52 -9 -10 36 -4 -2 -3 -6 -7 -18 -36 -37 -32 -20 -30 60 -19 -22 49 -12 -15 -45 -11 55 -55 -8 -5 -41 -14 -16 -27 -62
right_child=3 6 8 11 14 29 13 12 27 30 48 28 18 50 59 21 39 46 43 -21 47 -23 -24 -25 25 45 -28 -29 44 -31 42 -33 -34 -35 40 41 -38 -39 -40 57 -42 -43 -44 51 -46 -47 -48 -49 -50 -51 -52 -53 -54 54 -56 -57 -58 -59 -60 -61 61 -63
leaf_value=-0.17932272377453931 0.12430110015742721 0.061809508277819905 -0.16802807531658104 0.12917277081488288 -0.085134991780489402 0.23223323132972326 -0.093312618567725422 -0.11539199244293936 -0.17193126926445604 -0.31752635851957156 0.23483359169986681 0.22966302233198885 0.10684703225992646 0.031256407769005456 0.061345187652759287 0.17628720112169119 -0.54178890084863218 -0.012072257886782374 0.18701803769240535 0.36939861113241551 0.1117609689477833 0.024097203434037744 -0.06686286175544412 -0.21594893897676812 -0.26763341798119439 -0.089925098809783693 -0.10408443139859461 0.099366352107129088 0.30921885126770204 0.35779044168835195 0.13466861812547876 0.034778813703607241 -0.076959559408902409 0.18089145176291527 -0.2786290547355677 -0.065052864024849943 0.19271069902154017 0.0051077157248277218 0.01891484047843818 -0.17136086138057147 -0.20526527435924469 0.050836096460834174 0.2229784681461679 0.0060014271968878586 0.40949464696012633 -0.11860412321458423 -0.16980174182757396 0.015861135406976212 0.41941956109396955 0.44136037733043582 0.39400798615408683 -0.0733670994411698 0.03125290715133236 0.24245112242824157 0.020891655471462923 0.074242731005234347 0.21209186439700817 -0.37462891605613047 -0.14083952669947075 0.165917101180795 -0.033657441548495821 0.15217288903528847
leaf_weight=9790.75 4195.5 6272.25 3814.75 4507.25 5786.25 6351.75 2118.5 3723.25 10783.25 196.25 2873 4097.5 271.25 175.25 3489.5 2186.25 560.25 841.25 366.25 1079.5 2789.75 5659.5 2760.5 837.75 2719 3652 2913 624.5 6268.75 2214 9801.25 2158.5 4828.25 6604 13569.75 1732.75 1862 5978 546.75 548.75 5217 10539.25 3479.25 3907.75 2901.25 5112 6522.25 6381.75 957.75 469 500.75 8579.25 464 501.5 2204.5 819.75 5182 1435.25 8925 2580.25 3575.5 796
leaf_count=15100 5442 8421 6160 6281 8625 7356 2669 5005 16964 212 2981 5233 1085 182 4829 4002 918 1115 1465 1153 3701 5739 4094 924 5530 5023 4470 779 7390 2247 13591 2475 6278 6937 20367 2572 2330 8261 675 839 7902 14761 5031 4897 3241 8496 8443 9021 972 469 551 10872 635 881 2314 1236 6376 2504 11268 3460 7039 1099
internal_value=0.000342556 -0.0671031 -0.103074 0.16945 -0.0517391 0.120306 0.125247 -0.0826842 -0.19926 0.0846567 0.169517 0.25588 -0.0446584 0.00748767 0.0219818 0.0121979 -0.232214 -0.220647 -0.080054 0.193253 -0.00233799 0.0665407 0.0395248 -0.0231363 -0.130315 -0.104732 -0.183111 -0.133255 0.306675 0.25002 0.14689 -0.0602875 -0.142573 0.131749 -0.243064 0.0573654 0.0918149 -0.0392844 0.215338 -0.368169 -0.258281 0.0344645 0.157835 -0.0417909 0.341028 -0.0711027 -0.151791 0.0450504 0.298851 0.264066 0.300348 -0.0485315 -0.0730506 0.00554689 0.0621047 -0.0465445 0.173555 -0.318641 -0.133511 0.10584 -0.0408151 0.000232415
internal_weight=232600 166282 140086 66317.5 91340.8 42281.2 26196 64335.2 48745.2 33168.8 19038 24036.2 35777 7158 27005.5 13727.5 32509.2 29965 22049.5 10768.8 20935.8 7845.75 19228 6482 28558.2 18767.5 5632 16236 13267.5 9112.5 13940.8 5881.75 15611.5 14738.2 22601.5 16467.5 8134.25 11764.2 6898.5 2544.25 18786.8 12272 13280.5 12853.2 9170 13135.5 7363.5 9171.5 4299.75 3342 676 12487 660.25 5644.25 2706 2938.25 9689.25 1984 9196.25 6069.75 8023.5 4371.5
internal_count=320888 234598 203731 86290 131462 56616 30867 93565 72269 46338 22110 29674 46808 8757 37897 17221 48248 43987 29587 13810 29608 9741 26869 8024 46757 31657 10000 24021 15864 10278 19469 7480 23242 17688 34429 22775 10751 16886 8031 4261 28269 17333 18622 17234 10631 21657 9558 12722 4422 3450 733 15769 847 7100 3195 3905 12657 3343 12353 8289 13161 8138
cat_boundaries=0 1
cat_threshold=4
is_linear=0
shrinkage=0.04


Tree=21
num_leaves=63
num_cat=4
split_feature=0 0 21 21 1 21 4 4 1 21 21 21 1 14 21 33 28 14 19 4 25 21 20 32 17 5 0 22 9 4 4 4 5 4 21 21 17 22 22 25 25 19 9 15 1 19 4 4 4 32 21 21 5 15 19 22 19 25 25 24 21 0
split_gain=1.53004e+06 487556 341950 331568 134577 128175 108984 82439 81181.5 55468.7 54624 50088.2 45572.2 34630.8 31998.4 27839.9 27863 24764.4 33479.8 24395.9 22636.8 22212.7 21777.3 20974.6 20631.9 20190.2 19843.9 19182.6 19128.8 17281.5 16219.3 15719.2 14959.8 14785.9 14499.8 14176.1 13872.5 13437.7 13436.4 13362.9 13283.2 13037.9 12930 12757.7 12463.1 12097.5 12390.8 12057.2 11896.4 11812.2 11716.3 11323.3 11309.9 11101.6 15358.1 14488.7 10718.4 14822.4 10624.6 10995.2 21330.8 10298.3
threshold=2.4250000715255742 3.0049999952316289 74.533176422119155 70.549018859863295 2.5149999856948857 79.325862884521499 2.2849999666213994 2.2749999761581425 3.1950000524520878 67.996994018554702 75.729537963867202 82.205451965332045 1.5349999666213991 77.479999542236342 88.393150329589858 0 1 93.83499908447267 23.000000000000004 2.7649999856948857 79.625000000000014 68.533378601074233 79.000000000000014 2 3.5000000000000004 5.5000000000000009 3.4050000905990605 0.043041927739977844 2.5000000000000004 2.7549999952316289 2.5149999856948857 2.2549999952316289 49.500000000000007 2.4750000238418584 68.252796173095717 78.408687591552749 4.5000000000000009 0.029379380866885189 0.17265895754098895 496.62500000000006 82.375000000000014 9.5000000000000018 3.5000000000000004 2.5000000000000004 2.1450001001358037 23.000000000000004 3.1350001096725468 2.9050000905990605 2.8950001001358037 3 82.205451965332045 69.260829925537124 30.500000000000004 3.5000000000000004 55.000000000000007 0.1468901410698891 23.000000000000004 628.25000000000011 197.62500000000003 0.16018743067979815 64.822723388671889 1.6250000000000002
decision_type=8 10 10 10 10 10 2 2 10 10 10 10 8 8 10 9 9 8 10 2 2 8 2 1 10 2 10 10 2 2 2 2 2 2 10 10 10 10 10 2 2 8 2 2 8 10 2 2 2 1 10 10 2 2 10 8 10 2 2 8 10 10
left_child=3 2 4 6 9 7 12 15 10 13 21 29 38 25 20 16 24 33 -19 34 32 45 -14 47 42 -2 51 31 -24 35 52 -22 -7 40 -6 -4 49 -37 -1 48 -11 -25 -5 -26 -15 -3 -47 -9 -23 -30 -12 -10 -8 58 55 -55 57 -13 59 -46 -61 -51
right_child=1 8 11 5 19 14 30 23 26 17 50 56 22 44 -16 -17 -18 18 -20 -21 27 39 28 41 43 -27 -28 -29 36 -31 -32 -33 -34 -35 -36 37 -38 -39 -40 -41 -42 -43 -44 -45 53 46 -48 -49 -50 61 -52 -53 -54 54 -56 -57 -58 -59 -60 60 -62 -63
leaf_value=-0.24173855026319604 -0.25847264312002721 -0.059566102175816198 0.09688342241866868 -0.11512557017394393 -0.010755671960193896 0.19287300615306083 -0.15193801640665297 0.084578896501305095 0.17812656731456428 -0.011573590369534544 0.24381084864588218 0.27823682792285304 -0.35130137056908239 -0.14187626108365456 0.35457670604507391 -0.21145910685575525 -0.026659877725072438 0.23064604704116776 0.015471588645293893 0.11494330679421014 0.020791684966261843 0.10623376794137888 -0.12565937123161797 0.12899540490108627 -0.15623779527529708 -0.10609218442047032 0.35360074557427273 -0.3802235788389256 -0.16987278176832141 0.2208042257929386 -0.010041640108305041 0.18269930401969897 0.57695011819797815 0.03199335049892614 0.06681000598067724 0.14039629885843163 -0.12103012719927991 0.288808681939623 -0.331391958071172 0.27276823096912778 -0.097605143127358643 -0.036742658131376463 -0.22469910459439391 -0.013102112624650478 -0.056378210229758079 0.068358401259911827 0.2092958724385201 0.40621308312892301 0.18772216340163003 -0.27607472866690552 0.37475597768463537 0.28528558008182681 -0.065873067382177006 -0.092190023564932069 -0.050109440876288089 -0.40851312325599443 0.38839051384099682 -0.13962184555448334 -0.081763825928541756 0.0028971080147590163 0.24467716961086697 -0.19843519733039053
leaf_weight=10270.75 2674.5 881 8561 3626.25 6235.5 785.75 4472.5 4255.5 2343 5381 4352.5 2338.25 1136.25 2561.75 929.25 3185.75 8032 1377.75 7168.25 10684.5 2755.75 5069.25 9594 877.25 1452.25 2907.75 5168 150 8170 4206.25 4074.75 1470.5 204 3969.25 10100.25 3430.25 3620.25 1368.25 3647.25 1693.25 6157.25 5570.75 3297.25 3165.75 2378.5 4545.5 1278.5 193.25 6630.25 4995.75 1474.25 4927.25 5394.5 477.75 2038.25 450.75 1565.75 143 3127 2683 744.25 6123.25
leaf_count=14083 5418 1130 10613 4638 8535 1157 6829 4953 3180 8741 5002 2342 1467 3434 954 3797 10624 1854 8570 14244 2899 7770 15708 1187 2032 4803 5912 150 13084 4948 6024 1538 438 5308 13347 3827 6069 1717 5130 1694 6290 7274 4258 4155 4711 5939 1694 215 9436 7854 1490 5921 8243 570 4055 720 1637 143 3142 7966 886 9250
internal_value=-0.000635203 0.0896245 0.0400058 -0.117267 -0.00234012 -0.0275447 -0.17555 -0.0585326 0.209554 -0.0454119 0.169224 0.179334 -0.20438 -0.0945537 0.138089 -0.101847 -0.0838362 -0.00445788 0.0502079 0.0679508 0.100479 0.137935 -0.17917 0.0319374 -0.123687 -0.179167 0.29357 0.0613416 -0.173131 0.150073 -0.0771876 0.0771882 0.273048 -0.0345866 0.0372043 0.127773 -0.192999 0.182819 -0.265277 0.167691 -0.057493 -0.0141598 -0.16736 -0.0581647 -0.061871 0.0784652 0.09936 0.0987285 0.152439 -0.206492 0.27706 0.250811 -0.104908 -0.0446257 -0.111641 -0.246309 0.306199 0.254058 -0.0223476 0.00966997 0.0555157 -0.233363
internal_weight=232543 131093 92730 101450 71117.2 39951.2 61499.2 33656 38362.8 44097 25924.5 21612.8 47557.5 20043.5 6295.25 22759.2 19573.5 24053.5 8546 27020.2 5366 20097.8 33639.5 10896.8 11541.5 5582.25 12438.2 4376.25 32503.2 17565.8 13941.8 4226.25 989.75 15507.5 16335.8 13359.5 22909.2 4798.5 13918 13392.8 11538.2 6448 6923.5 4618 14461.2 6705 5824 4448.75 11699.5 19289 5826.75 7270.25 9867 11899.5 2966.75 928.5 4047 2481.25 8932.75 5805.75 3427.25 11119
internal_count=320999 176989 127821 144010 102594 50269 93741 43133 49168 66468 34155 25227 72645 35705 7136 29504 25707 30763 10424 36126 6182 27663 53432 13629 15083 10221 15013 4587 51965 21105 21096 4437 1595 20339 21882 16157 36257 5544 19213 18900 15031 8461 8896 6187 25484 8763 7633 5168 17206 30188 6492 9101 15072 22050 5345 1290 4122 2485 16705 13563 8852 17104
cat_boundaries=0 1 2 3 4
cat_threshold=9 16 4 4
is_linear=0
shrinkage=0.04


Tree=22
num_leaves=63
num_cat=5
split_feature=0 0 21 21 1 21 11 1 4 21 21 4 21 14 21 4 11 14 19 25 11 1 11 25 1 11 21 29 32 0 24 4 21 21 32 21 32 1 21 11 25 24 6 1 19 21 23 15 21 23 19 15 21 25 20 30 8 24 21 15 9 4
split_gain=1.40324e+06 452171 316300 311457 122724 117469 109232 73642.3 71106.2 53563.3 53064.6 52082 46925.5 33502.8 30599.4 27441.7 25318.4 25242.7 30066.9 24674.8 24418.9 22319.7 21797.7 21130.3 20174.5 18645 18328.5 18085.3 18070.5 17686.1 16955.6 16582.8 16507.8 15051.1 14865.3 13334.9 12968.9 12744.2 12494.5 12409.1 14062.9 14503.4 12374.1 12262.6 12223.8 12136.8 15432.8 11807.6 15280 11121.9 11022.8 10572.1 11846.3 11610.2 10340.6 17060.9 10267.3 10239 19312.3 10095.2 10078.2 14208.8
threshold=2.4250000715255742 3.0049999952316289 70.549018859863295 74.626205444335952 2.5349999666213994 78.926559448242202 0.22490333765745166 3.1950000524520878 2.2749999761581425 75.729537963867202 67.886199951171889 2.3649998903274541 82.205451965332045 77.479999542236342 88.393150329589858 1.0000000180025095e-35 0.2333859130740166 93.83499908447267 23.000000000000004 79.625000000000014 0.038157539442181594 2.6250000000000004 0.28582468628883367 25.125000000000004 1.9049999713897707 0.31928828358650213 62.269115447998054 0 1 3.5049999952316289 0.01448150258511305 2.7549999952316289 68.182941436767592 67.886199951171889 2 82.205451965332045 3 2.0949999094009404 70.623699188232436 0.18974845856428149 82.375000000000014 0.12303834408521654 130.25000000000003 2.5149999856948857 23.000000000000004 77.739685058593764 1.0621204376220705 3.5000000000000004 74.235458374023452 1.0362150073051455 9.5000000000000018 3.5000000000000004 59.93836975097657 197.62500000000003 171.50000000000003 4 246.25000000000003 0.16188172996044162 64.709297180175795 2.5000000000000004 3.5000000000000004 1.9450000524520876
decision_type=8 10 10 10 10 10 10 10 2 10 10 2 10 8 10 2 8 8 10 2 10 8 10 2 8 10 8 9 1 10 10 2 10 8 1 10 1 8 10 8 2 10 2 8 10 10 10 2 10 10 8 2 8 2 2 9 2 8 10 2 2 2
left_child=2 3 6 4 10 8 11 9 15 21 13 24 31 16 19 -4 -2 30 -19 42 32 -3 56 -17 -1 27 -8 -25 43 38 -12 45 -6 44 -26 -11 -13 -15 -9 -32 41 -41 -7 -10 -23 -5 59 -34 -49 -36 -30 53 -53 57 55 -42 -21 -39 -59 -47 -28 -62
right_child=1 7 5 12 20 14 26 29 28 35 17 36 -14 37 -16 23 -18 18 -20 22 -22 33 -24 25 34 -27 60 -29 50 -31 39 -33 47 -35 49 -37 -38 51 -40 40 54 -43 -44 -45 -46 46 -48 48 -50 -51 -52 52 -54 -55 -56 -57 -58 58 -60 -61 61 -63
leaf_value=-0.19925159205725171 -0.082609202297205059 0.051702856057872226 0.015230684187657115 0.085610009133023815 0.038173365378240391 0.18494091713391914 -0.32174393195703233 0.19804170284497966 0.037536220843007916 0.23453452717812182 0.21939740521239401 0.0028002158969759874 0.29473931559579697 -0.14429900913497465 0.33966510180930426 -0.015846315967499233 -0.25397367597903886 0.2203276874115839 0.018989813143544105 0.099105267464202812 -0.0097502781417049839 -0.0751484922088171 -0.16016328428046925 0.015989943540518265 -0.089859354727649859 -0.22920201560531051 -0.13427198956653777 -0.12959389132294857 0.12000792000977541 0.36155616677780616 -0.011486053272583485 0.21346660140371373 0.12783488058512185 0.17800123118026448 -0.062391685063960534 0.37418595330749393 -0.092905589572375116 -0.049502912723867094 0.29266772278981035 -0.065657194608459146 0.060099882851303327 0.16225725977785629 0.49401485461322936 0.17447019180933399 0.11770816802148147 0.18980832962021776 0.27967744900418556 0.050514891570095859 -0.42894709636055284 -0.17350552181182799 -0.035228343160867398 -0.33578365728365528 -0.079214535026376001 -0.081796263143759998 -0.18381174777396481 -0.30545318831536028 -0.21499652794007773 0.0075489898279013611 0.23758935458265953 0.072974456114051831 -0.28068877992539948 -0.20121709841990942
leaf_weight=11000.25 2584.5 4329.5 3031 7008.5 7567.5 873.75 3987 3872.5 2686.25 4375 412.5 4375.5 4063 2325 918.75 2956.5 2964 1412.5 7374.25 4073.5 5390.5 613.25 662 1543.5 8106.5 2649.25 1727.25 12100 842.25 3268.5 9512.25 4142 11524.5 11522.5 1659 1470.25 4695 2436 5349.5 1942.25 793.5 578 272 1713.75 3635.5 2246.5 1394 2022.5 110.25 11147.75 5495.75 320 2753 3177.5 2383.25 262 171.75 2675.5 745 2507.25 6531.75 8105
leaf_count=14769 4308 5246 3832 8804 10299 1347 5775 5269 3116 5023 1125 6270 4141 3084 945 4635 5877 1894 8896 4267 7624 743 695 1824 12644 3448 2910 15145 1143 3642 12144 4847 14958 16744 5373 1486 7503 4827 6152 3551 810 629 611 1980 4876 2788 1430 2603 117 15116 7205 458 4976 3191 2414 262 174 7945 889 2823 10308 12965
internal_value=-0.000116369 0.0863071 -0.111905 0.0384453 -0.00171294 -0.0243782 -0.168969 0.20164 -0.0558814 0.163201 -0.0422383 -0.131341 0.172411 -0.0906892 0.124793 -0.0966297 -0.174212 -0.00299375 0.0513992 0.0920762 0.0662721 0.132184 0.0529986 -0.114243 -0.15538 -0.132094 -0.244724 -0.113207 0.0286687 0.28145 -0.0330867 0.143647 0.0855792 0.154268 -0.132287 0.269778 -0.0467469 -0.058558 0.252985 -0.0398465 -0.0850974 -0.0132964 0.259055 0.0909273 0.0898478 0.121636 0.162664 0.111837 0.0253473 -0.159124 -0.0145666 -0.0420707 -0.106135 -0.0202589 -0.137679 -0.0333577 0.0863005 0.0131439 0.0577647 0.128245 -0.225921 -0.236716
internal_weight=232389 131064 101325 92627.5 71266.2 39990 61335 38436.5 33018.2 25946 44651 40984 21361.2 19980.5 6971.75 22280.2 5548.5 24670.5 8786.75 6053 26615.2 20100.8 4907.25 19249.2 31913.5 16292.8 20351 13643.5 10738 12490.5 15883.8 17298.2 21224.8 15771.2 20913.2 5845.25 9070.5 14432 9222 15471.2 5959 2520.25 1145.75 4400 4248.75 13156.2 6147.75 13657.2 2132.75 12806.8 6338 12107 3073 9034 3438.75 1055.5 4245.25 5856.5 3420.5 4753.75 16364 14636.8
internal_count=320895 176895 144000 127714 102881 50367 93633 49181 42328 34118 67280 61675 24833 35555 8039 28884 10185 31725 10790 7094 35601 27609 5136 25052 47902 20417 31958 16969 13444 15063 20935 20692 27977 22363 33133 6509 13773 25370 11421 19810 7666 4180 1958 5096 5619 15845 7041 17678 2720 20489 8348 22286 5434 16852 3486 1072 4441 13661 8834 5611 26183 23273
cat_boundaries=0 1 2 3 4 5
cat_threshold=12 4 4 4 12
is_linear=0
shrinkage=0.04


Tree=23
num_leaves=63
num_cat=6
split_feature=0 0 21 21 21 1 4 4 1 14 11 21 11 21 29 11 11 4 21 4 32 1 28 15 11 1 11 30 32 32 25 1 4 0 1 21 0 22 6 17 15 25 0 1 25 15 19 21 24 23 19 21 19 24 0 1 14 21 21 21 24 19
split_gain=1.30605e+06 418880 295599 283024 112415 109536 97718.2 71362.7 67464.5 50450.7 46855.4 46058.3 45960.9 42280.4 33490.5 27170.8 24206.2 23025.8 22904.8 22194 21986.6 20625.8 20028.6 19071.2 17042 16274.4 15937 15573.3 15152.7 14347.6 14291.1 14111.9 13774.7 13322.9 13148.1 12697.6 12605.2 12411.2 12345.6 11955.8 12842.8 12540.4 11910.2 11808.6 11626.4 14322.6 11455.3 11324.3 11049.4 21191.6 10980.5 10752.5 10363 10291.6 10234.7 10218.5 10139 12707.1 10132.6 9991.27 10383.3 9805.25
threshold=2.4250000715255742 3.0049999952316289 74.533176422119155 70.549018859863295 80.24106597900392 2.5149999856948857 2.2849999666213994 2.2749999761581425 3.0649999380111699 88.184997558593764 0.23540768027305606 82.205451965332045 0.24008733034133914 75.729537963867202 0 0.37119558453559881 0.038157539442181594 1.1950000524520876 69.88785552978517 1.4049999713897707 1 2.0049999952316289 2 3.5000000000000004 0.030631792731583122 2.4150000810623173 0.038984065875411041 3 4 5 113.87500000000001 3.0649999380111699 1.9450000524520876 0.86500000953674328 0.70499998331069957 66.512878417968764 3.4750000238418584 0.1857978627085686 120.25000000000001 3.5000000000000004 2.5000000000000004 298.37500000000006 0.53499999642372142 3.054999947547913 496.62500000000006 3.5000000000000004 170.50000000000003 62.269115447998054 0.25058004260063177 1.3589462041854861 52.500000000000007 86.135070800781264 9.5000000000000018 0.12093919888138772 3.3850001096725468 2.5249999761581425 69.174999237060561 64.422271728515639 77.426959991455092 64.554988861083999 0.24477943778038028 55.000000000000007
decision_type=8 10 10 10 10 10 2 2 10 8 10 10 8 10 9 10 10 2 10 2 1 10 9 2 10 8 10 9 1 1 2 10 2 10 8 10 10 8 2 10 2 2 10 10 2 2 10 8 10 10 10 10 8 10 10 10 10 8 10 8 10 10
left_child=3 2 5 6 7 9 10 15 13 12 19 26 -2 24 30 17 28 -5 -10 -1 43 32 39 25 44 -16 55 35 -7 38 -11 -30 42 34 -12 48 -20 -25 -8 41 -41 46 -6 -9 45 54 50 -21 -14 -50 -19 -34 -22 -24 -3 58 57 -29 -4 60 -27 -47
right_child=1 8 11 4 21 16 29 20 18 14 33 -13 27 -15 23 -17 -18 22 36 47 52 -23 53 37 -26 59 -28 56 31 -31 -32 -33 51 -35 -36 -37 -38 -39 -40 40 -42 -43 -44 -45 -46 61 -48 -49 49 -51 -52 -53 -54 -55 -56 -57 -58 -59 -60 -61 -62 -63
leaf_value=-0.08345478602113153 -0.035160059099580997 0.12477341563123616 0.079414929578910207 0.022459475982305206 -0.47336955312459017 0.044174073273423979 -0.061855280725450178 0.085122812937160897 0.19211896709883275 0.21823410658226017 -0.44118754839711166 0.28926231329861674 -0.21468293692637372 0.25090052889917819 -0.047771817964450201 -0.22688361073569827 -0.012992839093494359 -0.028507337990855492 0.26246469941697603 -0.24869945658820952 0.11155838856587968 0.23579906166358694 -0.029884013396642352 -0.051151363287052519 0.03703171906983331 -0.10521499821066339 0.073447216579389393 -0.71148746146066932 0.090496454519535127 -0.10614644570072355 -0.04377146579013598 0.20379567116952882 0.073621930737628447 -0.2192640239273356 -0.26549188199350987 -0.082950640983777676 0.35908389222159609 -0.21397995965459973 0.057785579034973965 -0.17368937311417729 -0.026155301347495264 -0.26398895894843716 -0.0094488513619969405 0.400724717866277 0.2334433168439535 -0.26669936585200699 0.014052329657563548 -0.1634857112865247 0.20448953302927561 -0.25400037514080109 -0.18592206728906407 0.2947994283485767 -0.034257870723015081 -0.21841645449783914 0.22986532214767827 0.20282347007381482 -0.15717814389349782 -0.29577303421290962 0.17257412935602001 0.056536629515994224 0.15998349488740915 0.058519354641780041
leaf_weight=5343.75 12813.25 7264.75 3371 3216 102.25 9897.75 4466.25 4506 6007.5 1514.75 843.25 4028.75 3220.25 4924.5 5244.5 2102 5558 879.25 7714.75 2845.75 900 2438.75 6897.5 4292 3364 1236.5 4413.75 156.75 9531.75 7538.5 426 2158 1393.25 14003 3679.25 4034 3034.25 906 1994.75 1411 2847.75 1472 588.5 196.25 1765.25 156.5 739.75 20737.25 309.75 332.25 3680 469.5 5755.5 494.75 1867.25 5519.25 491.5 481.75 4206 8369.25 290 2314.75
leaf_count=7167 19321 10498 4274 4053 106 14058 6468 5214 7863 3050 1234 4103 6644 5451 6380 2870 7823 1072 9055 4312 1209 2702 9077 5705 4780 1778 5430 207 11859 11887 426 2530 1613 22172 5771 5702 3332 2196 2816 2020 3822 1472 641 218 1766 164 1216 31877 315 333 4583 513 7524 539 2771 6714 655 862 4644 12618 290 3460
internal_value=0.000103919 0.0834555 0.0374733 -0.107606 -0.0249239 -0.00177493 -0.161543 -0.0501877 0.194535 -0.0406738 -0.18894 0.16732 -0.0838735 0.147882 0.00167697 -0.0896367 0.0614439 -0.0762839 0.254808 -0.157108 0.0322693 0.152639 -0.0935229 -0.013508 0.117536 0.00918264 0.139233 -0.153001 0.0806085 -0.068664 0.15991 0.111444 0.0730904 -0.238622 -0.298434 -0.132483 0.289801 -0.079605 -0.02491 -0.127665 -0.0750964 -0.160696 -0.0793018 0.098461 0.137784 0.123193 -0.131912 -0.173789 -0.184489 -0.0328292 -0.155592 0.12963 -0.0145109 -0.0425589 0.146308 0.161389 -0.29213 -0.399745 0.131161 0.0393714 -0.0546847 0.0377216
internal_weight=232758 131216 92802.8 101542 40090 71264 61451.8 35097.8 38413.5 44118.5 47452.2 21538.8 21839.5 21657 22279 23740 27145.5 21638 16756.5 28926.8 11357.8 4992.25 18422 20338.2 16732.5 15140.2 17510 9026.25 21587.5 13999.5 1940.75 11689.8 2553.5 18525.5 4522.5 7896.25 10749 5198 6461 11029.8 4258.75 6771 690.75 4702.25 13368.5 11603.2 5299 23583 3862.25 642 4559.25 1862.75 6655.5 7392.25 9132 13096.2 1130 638.5 7577 9895.75 1526.5 2471.25
internal_count=321225 177057 127917 144168 50464 102752 93704 44889 49140 66482 72533 25165 34039 28890 32443 30724 36270 27854 20250 43356 14165 5575 23801 28967 23439 21066 21062 14718 28447 21171 3476 14389 2873 29177 7005 12994 12387 7901 9284 14185 5842 8343 747 5432 18659 16893 6871 36189 7292 648 5655 2126 8733 9616 13269 15632 1724 1069 8918 14686 2068 3624
cat_boundaries=0 1 2 3 4 5 6
cat_threshold=12 4 16 12 8 4
is_linear=0
shrinkage=0.04


Tree=24
num_leaves=63
num_cat=6
split_feature=0 4 21 21 1 21 4 4 21 21 11 4 4 21 11 14 29 1 0 4 21 29 25 4 32 11 11 4 4 20 21 21 27 25 0 21 20 8 23 32 25 4 24 11 17 22 4 21 32 4 25 10 4 6 26 14 6 20 25 24 14 29
split_gain=1.19397e+06 392959 259883 248343 101893 97940.8 88972.8 66454.3 65479.4 50894.4 44396.3 39769.8 38174.1 36214.6 27538.6 25079.2 28462.5 22708 22496.4 22212.9 21267 21078.2 21012.6 19977.1 19864.7 19160.4 18766.9 18692.7 16890.2 16851.4 16000.3 15951.4 15965.2 15402.3 15356 15273 14465.8 14383 14018.8 13792.6 12674.8 12622.5 12609 12498.2 11796.8 11724.8 11582.2 10910.9 10600.8 10509.1 10354.3 10086 11241.4 9986.75 9732.67 14346.3 9722.72 9608.92 13760.6 17072.7 12883.3 10534.4
threshold=2.4250000715255742 2.8149999380111699 70.549018859863295 73.233318328857436 2.4150000810623173 80.24106597900392 2.2849999666213994 2.3149999380111699 72.026847839355483 82.205451965332045 0.23540768027305606 3.1750000715255742 1.1950000524520876 63.460294723510749 0.26340374350547796 91.979999542236342 0 3.0949999094009404 3.185000061988831 3.1550000905990605 88.393150329589858 1 79.625000000000014 1.1950000524520876 2 0.1668600216507912 0.28582468628883367 1.6950000524520876 2.6250000000000004 179.00000000000003 62.269115447998054 77.739685058593764 1.0000000180025095e-35 36.125000000000007 2.0849999189376835 78.053596496582045 79.000000000000014 74.500000000000014 1.0625432729721072 3 296.12500000000006 2.6550000905990605 0.17640001326799395 0.50084745883941661 4.5000000000000009 0.16347154229879382 2.6149998903274541 59.510065078735359 4 3.6450001001358037 586.37500000000011 12.750000000000002 1.9550000429153445 94.500000000000014 1.5000000000000002 86.720001220703139 111.25000000000001 141.00000000000003 298.37500000000006 0.16188172996044162 86.854999542236342 5
decision_type=8 2 10 10 10 10 2 2 10 10 10 2 2 8 10 10 9 10 10 2 10 9 2 2 1 8 10 2 2 2 8 10 2 2 10 10 2 2 10 1 2 2 10 10 10 10 2 8 1 2 2 2 2 2 2 10 2 2 2 10 10 9
left_child=2 3 6 4 13 7 10 14 11 17 23 37 18 33 21 25 -17 31 -6 35 22 -4 44 -1 -23 -15 -24 29 -9 -18 -12 32 -5 -2 -26 -10 45 40 -33 46 47 -14 57 -16 -7 -27 56 -3 -25 -13 -11 -32 -53 -29 -35 -56 -8 60 59 -59 61 -38
right_child=1 8 5 9 12 20 39 28 19 50 30 49 41 15 43 16 27 -19 -20 -21 -22 24 26 48 34 36 -28 53 -30 -31 51 38 -34 54 -36 -37 42 -39 -40 -41 -42 -43 -44 -45 -46 -47 -48 -49 -50 -51 -52 52 -54 -55 55 -57 -58 58 -60 -61 -62 -63
leaf_value=-0.078528967222348978 -0.37511354512945089 -0.27178133118571096 0.047399554919684485 0.060002222989549006 0.082722637484186776 0.19737758772867572 -0.091672549433593334 0.017855997164836789 0.17066285537988446 0.28792073820958564 -0.30279219557525133 0.20144476556197352 -0.009493179893118724 -0.026595075240250711 -0.13924812753963692 0.21312639306038655 0.13984661735610446 0.25475370855602408 0.23425645109291821 0.29531045011456741 0.31401889679741246 -0.017292402565573142 0.099176087538471888 -0.13327237942312231 -0.14434758875584389 -0.39727535504869332 -0.17428969833061178 -0.10864852823726935 0.15529629436621986 -0.0068343879262563953 -0.13523496423408368 0.12085771060529306 0.19036742569407789 -0.095523679177871676 -0.047927088412392502 0.270015652888973 -0.2434513208787395 0.13647030301363891 0.25735122802087695 -0.10230160382756989 -0.039676671250703038 0.057902839085792718 0.038967842732464252 -0.34351980395643744 0.56351020044429501 -0.062504806769142079 0.086651745371478142 0.096740897594253042 -0.1876734412361763 0.40144763596618488 0.015862131621333077 -0.26509626960595389 -0.18839606637358586 -0.0024891429236918619 -0.3432712981672193 -0.068606338621734028 0.02202075973286409 -0.13203949637428536 -0.26420645427718542 0.14800474470726163 0.33729953492107212 -0.022194166224717326
leaf_weight=5182.25 436.25 129.75 2610 11913.5 5730 497.75 3205.5 7750 7408.75 3596 3766.25 7030.5 10547.5 10328.75 5143 989.75 1887 1679 2158.25 6939.5 940.25 6229.25 2847.25 9780.25 6744 464.5 465.5 3107 1752.75 3722.25 2412.5 5595.5 1719 3769.75 4350 3735.25 416.25 8579 1536 7550 1595.25 7683.75 1044.25 528 196.75 262.5 1250.5 5463.5 13950.5 447.75 239 5859 6467.75 2607 704 537 1925 3659.5 1114.5 383.25 133 1795.25
leaf_count=6965 1145 195 3330 14699 6600 662 4674 9802 8842 3662 5450 9486 14806 16892 6856 2018 2670 1991 2447 7658 965 7277 3016 14326 9051 784 488 4421 2094 5601 4022 6593 2298 4924 5775 4111 957 12071 1569 11897 1596 10293 1255 738 394 342 1792 8618 22061 501 239 9207 10484 3864 704 537 2741 7153 1119 411 307 3614
internal_value=0.000199903 0.079925 -0.102863 0.0329295 -0.0098787 -0.0236105 -0.154604 -0.0470933 0.181983 0.136337 -0.180713 0.137554 0.0507285 -0.0522497 -0.0806186 -0.0359748 0.00876315 0.113306 0.124233 0.239074 0.142971 -0.0584807 0.102698 -0.149727 -0.0744216 -0.0640758 0.0606649 -0.0093137 0.0432346 0.0425412 -0.229104 0.101845 0.0764668 -0.147557 -0.106557 0.204007 -0.105808 0.1015 0.150321 -0.0657179 0.0597372 0.0189144 -0.0911901 -0.158383 0.302434 -0.276913 -0.0224124 0.0880965 -0.165266 0.213525 0.270985 -0.210236 -0.22489 -0.0602328 -0.127602 -0.224728 -0.0490205 -0.109315 -0.139832 -0.105429 -0.0421193 -0.0652254
internal_weight=232492 131088 101404 89759.2 63481.2 40054.5 61349.5 35107 41329.2 26278 47418.5 23245.8 26119.5 37361.8 25604.2 31914.8 12313 22443 7888.25 18083.5 4947.5 19933.2 4007.25 28913 17323.2 19601.8 3312.75 11323.2 9502.75 5609.25 18505.5 20764 13632.5 5447 11094 11144 9273 15767.5 7131.5 13931 7188.5 18231.2 8546 5671 694.5 727 6381 5593.25 23730.8 7478.25 3835 14739.2 12326.8 5714 5010.75 1241 5130.5 7501.75 5157.25 4042.75 2344.5 2211.5
internal_count=321060 176993 144067 123915 92864 50448 93619 44923 53078 31051 72515 32467 34146 58718 33027 51408 18574 27150 9047 20611 5525 25433 4560 43352 22103 32834 3504 16556 11896 8271 29163 25159 16997 7310 14826 12953 15942 22480 8162 21104 10409 25099 14816 7594 1056 1126 9207 8813 36387 9987 3901 23713 19691 8285 6165 1241 7415 13561 8683 7564 4878 4571
cat_boundaries=0 1 2 3 4 5 6
cat_threshold=12 12 4 4 4 12
is_linear=0
shrinkage=0.04


Tree=25
num_leaves=63
num_cat=6
split_feature=0 0 21 21 21 1 21 4 21 1 4 11 11 11 21 0 21 21 29 11 17 4 24 4 21 4 19 1 20 25 15 19 20 4 1 32 25 25 4 25 23 29 33 21 11 4 0 20 24 23 1 4 19 8 28 20 32 17 21 4 22 21
split_gain=1.10712e+06 366068 245759 229316 87338.7 86219 83185.8 81568.9 57917.7 57294.7 52304.2 39812.9 27825.2 24441.7 24170.8 22323.5 21362 21038.5 20710.9 20286.3 19502 18644.1 17918.6 17718.5 17056.2 16033 15320.2 14190.8 13797.6 13364 14229.8 13286.5 17075.3 12987.8 12932.4 12794 12709.4 12598.9 12210.9 12195.9 12016.7 17007.6 11657.9 11570.2 11535 11319.1 11117.5 10988.9 10597.4 10585.8 10519.9 10495.7 9996.73 9989.78 9948.48 12180.5 10206 9932.35 9838.9 9500.28 9483.65 9469.8
threshold=2.3950001001358037 2.9050000905990605 71.359138488769545 70.549018859863295 78.926559448242202 3.0849999189376835 77.739685058593764 2.2849999666213994 75.003524780273452 2.2949999570846562 2.3149999380111699 0.23540768027305606 0.030631792731583122 0.26789082586765295 63.086299896240241 3.5049999952316289 83.14151763916017 88.393150329589858 0 0.28582468628883367 4.5000000000000009 2.685000061988831 0.065228797495365157 1.1950000524520876 69.587730407714858 2.7949999570846562 167.50000000000003 0.35500000417232519 79.000000000000014 496.62500000000006 3.5000000000000004 9.5000000000000018 177.50000000000003 2.7649999856948857 2.1049998998641972 1 55.125000000000007 36.125000000000007 2.4550000429153447 206.62500000000003 1.0484992265701296 2 3 82.205451965332045 0.21278599649667743 2.6250000000000004 3.3349999189376835 218.00000000000003 0.21344789117574695 1.0013249516487124 0.44499999284744268 2.3950001001358037 167.50000000000003 71.500000000000014 4 79.000000000000014 5 4.5000000000000009 67.120429992675795 1.0000000180025095e-35 0.026197687722742561 78.553573608398452
decision_type=8 10 10 10 10 10 10 2 10 10 2 8 10 10 8 10 10 10 9 10 10 2 10 2 10 2 10 8 2 2 2 8 2 2 8 1 2 2 2 2 10 9 9 10 8 2 10 2 10 10 8 2 8 2 9 2 1 10 10 2 10 10
left_child=3 2 9 7 10 8 21 11 12 14 13 23 29 18 37 24 40 19 47 22 35 31 38 -1 -7 52 60 -13 48 30 46 32 44 58 -30 -20 -15 -2 -6 -32 41 -8 -29 -10 -4 -9 -3 -5 -16 -37 -21 -14 -12 -41 56 -56 -25 -38 -11 -33 -22 -26
right_child=1 5 6 4 17 15 16 45 43 33 25 27 51 36 28 -17 -18 -19 20 50 26 -23 -24 54 61 -27 -28 42 34 -31 39 59 -34 -35 -36 49 57 -39 -40 53 -42 -43 -44 -45 -46 -47 -48 -49 -50 -51 -52 -53 -54 -55 55 -57 -58 -59 -60 -61 -62 -63
leaf_value=-0.077427376893312305 -0.3866570700162828 0.099326446363203813 0.10016561569721115 0.023386155960403311 0.051710816688470392 0.1479610169076184 0.44999427132092273 -0.077433891785760281 0.18777771617729119 -0.041866729767327707 0.058839718335604661 -0.33877428465071324 -0.058536796770109562 -0.059482754805368583 -0.2568863068470329 0.31921248560792309 0.29843787219444684 0.28377971557331344 -0.046638013831310783 -0.53542422711638848 -0.062384173854130129 0.12612376973882725 0.31731423237713102 -0.14019779741769392 0.2204598388201825 0.2599801045910522 -0.062029256096956413 -0.079805763022406648 -0.097855366638750621 0.19523121368452753 0.090801173906166405 0.068713037658203982 0.21383422614532424 0.066064025968339143 -0.030077458516750692 0.13660646685982161 -0.23702513811488043 -0.13657416480581025 0.2389450025728086 -0.18369758471065037 0.22953007007169376 0.11294898343185736 -0.21978155912517744 0.30360435889802867 -0.14737769336110168 0.029033856956868335 0.1942892404886252 0.35380077085632217 0.27657380011631894 -0.1401200327126659 -0.062848329635548705 0.055245369523753321 -0.033137791037067731 0.033076356397192599 -0.34907061196032224 -0.10759749082636631 -0.20430810670808577 -0.080748300126610689 0.021852423331591968 0.0037541466116596178 0.17126030680936588 0.32492740052340002
leaf_weight=4958.5 348.25 10245.25 919.25 2210 3828 5030.25 243 10878.25 6291 6431.5 4413.25 1526 2170.5 1407.75 760.75 3588 2548.25 909.25 4238 83 382.75 5791.75 567.5 6828.75 7877.75 468.5 2255.75 1058 6246.25 2683.25 1821 5850.5 1530.5 5850.5 16151.25 226 2823 4172.25 650.75 631 3033.75 5064.25 15800 1777 445.5 1871.5 2445.75 171.75 63 7902.25 673.25 3217.25 3304.75 734 351 6476 9586.75 849.25 9756.25 9370.5 1004.5 1699.25
leaf_count=6652 907 14692 1031 2684 4572 6780 315 16417 7293 8668 5332 2240 2925 2502 1231 4059 2627 934 4868 95 448 7108 584 9816 9533 560 3116 1580 8170 2684 3387 6842 2153 7982 30198 904 3276 5094 746 631 3108 5950 25121 1798 582 2749 3633 357 63 9628 815 4703 4318 740 402 10628 14815 1051 13516 11805 1498 1844
internal_value=0.000334871 0.0746505 0.0238579 -0.102187 -0.0259799 0.160202 0.105408 -0.151465 0.120674 -0.0331494 -0.0537683 -0.176 0.0894336 -0.0841315 -0.0713956 0.229734 0.19704 0.105066 -0.0626655 0.0769721 -0.0790092 0.0636599 0.105928 -0.146121 0.207714 0.0332826 0.00227946 -0.221812 -0.0549124 0.112662 0.0986841 0.0436782 0.122194 0.0149967 -0.0489869 -0.103017 -0.161788 -0.156004 0.0790117 0.0230847 0.165998 0.129607 -0.211185 0.213359 0.0192559 -0.0618031 0.117656 0.0472944 -0.215507 -0.132393 -0.116001 0.00940108 0.0194567 -0.0672483 -0.160768 -0.120112 -0.177659 -0.20095 -0.00346517 0.0287287 0.106794 0.23906
internal_weight=232492 134788 84577.2 97704 38369.2 50211.2 34797.2 59334.8 32016 49780 31657.5 46585 23948 23471 27741.8 18195.2 10889.2 6711.75 18391 5802.5 16009.2 23908 5046.25 28201 14607.2 8186.5 3643 18384 23221.2 18560.2 15877 18116.2 2895.25 22038.2 22397.5 12366.2 5080 4520.5 4478.75 3186 8341 5307.25 16858 8068 1364.75 12749.8 12691 2381.75 823.75 8128.25 756.25 5387.75 7718 1365 23242.5 6827 16415.5 3672.25 16187.8 15221 1387.25 9577
internal_count=320760 182052 117350 138708 48288 64702 41521 90420 42486 75829 40542 71254 33395 30332 45663 22216 12000 7746 23503 6812 20462 29521 5902 42313 18157 10210 5062 28941 39662 25767 23083 22413 3766 30166 38368 15400 6829 6001 5318 4758 9373 6265 26701 9091 1613 19166 18325 3041 1294 10532 910 7628 9650 1371 35661 11030 24631 4327 22184 18647 1946 11377
cat_boundaries=0 1 2 3 4 5 6
cat_threshold=12 4 32 8 16 4
is_linear=0
shrinkage=0.04


Tree=26
num_leaves=63
num_cat=7
split_feature=11 0 21 21 21 0 4 1 4 21 14 21 19 11 1 25 32 0 21 0 21 33 21 24 4 6 20 20 25 22 17 21 9 32 1 32 28 20 25 21 14 6 25 25 17 14 0 20 1 11 20 24 19 17 1 21 20 32 28 20 17 1
split_gain=1.03238e+06 397589 225962 221489 75178.3 73618.1 64867.8 63752.8 57043.3 54855.6 38138.1 33710.1 31590.6 29663.8 28478.1 28001.2 27408.4 25338.3 25151 22968.1 22151.6 21810.1 20804.7 24503.8 19234.5 17975.9 16074.3 15650.8 14650.2 23210.3 14417.7 14325.2 13758.4 13305.1 13300.6 13047.8 12605.4 12505.6 11931.9 11819.5 11767.4 11633.4 13019.6 12616.8 11295.8 11235.3 10621.5 10502.1 10499.7 10350.3 10200.2 10173 13012.6 15692.4 9998.61 9679.29 9468.85 9424.95 9273.34 15677.5 8909.33 8857.88
threshold=0.06256990879774095 2.8349999189376835 74.626205444335952 70.447662353515639 79.325862884521499 3.2549999952316289 2.2150000333786015 2.5849999189376835 2.4150000810623173 76.617176055908217 88.345001220703139 82.205451965332045 9.5000000000000018 0.3095842450857163 2.9450000524520878 22.375000000000004 0 2.6250000000000004 66.512878417968764 1.825000047683716 68.744674682617202 1 89.870384216308608 0.065228797495365157 1.3650000095367434 91.250000000000014 177.50000000000003 177.50000000000003 117.62500000000001 0.03408933803439141 4.5000000000000009 60.34489822387696 4.5000000000000009 2 3.4750000238418584 3 4 79.000000000000014 496.62500000000006 62.568962097167976 96.149997711181655 79.500000000000014 296.12500000000006 73.125000000000014 4.5000000000000009 63.055000305175788 0.53499999642372142 184.00000000000003 2.2949999570846562 0.37119558453559881 159.00000000000003 0.12433354556560518 64.000000000000014 1.5000000000000002 3.0049999952316289 88.393150329589858 184.00000000000003 5 6 171.50000000000003 4.5000000000000009 2.5749999284744267
decision_type=10 10 10 10 10 10 2 10 2 10 8 10 10 10 10 2 1 8 8 8 10 9 10 10 2 2 2 2 2 10 10 8 2 1 10 1 9 2 2 8 10 2 2 2 10 10 10 2 8 10 2 10 8 8 10 10 2 1 9 2 10 10
left_child=1 2 7 6 8 9 13 10 15 14 18 33 26 24 38 47 54 25 41 35 -7 22 23 28 -2 -14 -12 40 30 56 -6 -29 -15 61 -22 -17 -21 -20 39 -3 50 42 43 -1 -26 -45 57 60 -8 -37 -19 52 -39 -54 -9 -11 -30 -34 59 -35 -5 -4
right_child=3 5 11 4 21 20 48 16 -10 55 12 -13 17 32 -16 19 -18 27 37 36 34 -23 -24 -25 44 -27 -28 31 29 -31 -32 -33 46 58 -36 49 -38 51 -40 -41 -42 -43 -44 45 -46 -47 -48 -49 -50 -51 -52 -53 53 -55 -56 -57 -58 -59 -60 -61 -62 -63
leaf_value=-0.22685523841645683 -0.08391305411617174 -0.098027552102321336 0.12904254713854207 -0.02109766322927472 0.10708171666188579 0.15334660895568447 -0.11432463668641185 0.081484752302670424 0.082156237248820041 0.22066169324553714 -0.021154915089024437 0.25057458901031676 -0.11861343276629294 -0.14016399829627099 0.15057993426586139 -0.18886575245570136 0.0067491217976188749 0.29422094109996361 -0.2401350634256639 -0.0063624856297172551 0.23311251411332554 -0.25188621985660464 0.39327981513839172 0.33646202847876405 -0.18021304287926107 -0.01486967873296211 0.23854800645918192 -0.19022093512334429 -0.10639543371008882 -0.56652794823881525 0.4115369927163412 0.010758924684242917 -0.46654844577337523 0.30008886862004786 0.33436097611764337 -0.071784542325272233 -0.0855811662079555 -0.021372158546737206 0.15227424177344201 0.06422194707142781 0.31838540399606952 -0.062273867007272561 -0.33519230459341004 -0.3673532242769062 -0.10199670991667864 -0.053380620363176673 -0.23210495429468941 0.2100496179669874 -0.049463854884032391 -0.24534286123359128 0.029964895045180136 0.038927760039260177 -0.20724909579806056 -0.062783266134114668 0.20239126792481824 0.44126587840958686 0.072943585807001957 -0.27065729887659634 0.12927285510667963 0.022443846077852454 0.16770193678710943 0.23434021535653546
leaf_weight=1871 5009.75 755 5576 3187 1141 4717.75 7867.5 6076.25 4487.5 5880.5 560.5 3547.25 5221.25 2145.5 11479 4272.75 12864.75 278 550.5 5124 9374.25 253.5 413 614.5 22043.25 5473.5 1188.5 603.5 572.5 102 317.25 9023.75 628.5 349.25 2686 4378.5 8621.5 6913.75 2389 14156.25 384.25 1876 731.5 200 3422.5 1889.75 7433.75 435.25 8119.5 627.5 1418 1947.25 1640 4513 1335 337 2616.5 1086.5 3402.25 4430 455.25 1663.75
leaf_count=3983 6707 1028 6404 4309 1546 7012 10665 7214 5461 6635 985 3620 7514 3518 14833 5397 18636 617 792 6216 10881 270 413 640 32790 7269 2405 716 574 102 624 12869 1023 449 3028 5235 11020 11449 2389 20484 493 2437 733 200 5881 2012 12287 1093 14208 806 1754 2230 3071 7522 1515 340 2627 1640 4498 5336 759 1927
internal_value=0.000355321 0.0705783 0.017618 -0.100737 -0.0252059 0.158061 -0.14993 -0.017091 -0.0499126 0.125022 -0.0430013 0.139401 -0.00823996 -0.176157 0.101732 -0.0717853 0.0420523 -0.0210279 -0.0809282 -0.0888944 0.226952 0.104192 0.120128 0.0991798 -0.155613 -0.0655315 0.155388 0.0196296 0.0683478 0.0215438 0.173796 -0.00187589 -0.231552 0.113798 0.255714 -0.137517 -0.0560561 -0.0532159 0.0693061 0.0559942 0.119066 -0.14656 -0.180215 -0.151436 -0.16971 -0.0837558 -0.252948 0.0248181 -0.0813939 -0.0936309 0.0735807 -0.0463307 -0.0590408 -0.101345 0.103314 0.232758 0.040699 -0.34291 0.0788135 0.0428518 0.00257756 0.1533
internal_weight=232680 137303 85528.5 95376.2 37619.5 51774.8 57756.8 66560 31589.2 34996.8 46284 18968.5 24151.2 41769.8 28779.2 27101.8 20276 22402.2 22132.8 23024.2 16778 6030.25 5776.75 5363.75 30475.5 10694.8 1749 11707.5 4749.25 3291 1458.25 9627.25 11294.2 15421.2 12060.2 9278.75 13745.5 15564.5 17300.2 14911.2 2080.25 6568.25 4692.25 3960.75 25465.8 2089.75 9148.75 4077.5 15987 5006 1696 15014 13066.8 6153 7411.25 6217.5 3189 1715 8181.5 4779.25 3642.25 7239.75
internal_count=321091 185280 118650 135811 47092 66630 88719 96416 40296 45709 69051 22234 34622 63846 38734 34835 27365 31232 34429 28674 20921 6796 6526 6113 45378 14783 3390 16449 5473 3303 2170 13585 18468 18614 13909 11438 17236 25064 23901 21512 2864 9365 6928 6195 38671 2212 14950 6161 24873 6041 2371 24272 22042 10593 8729 6975 3201 2663 10283 5785 5068 8331
cat_boundaries=0 1 2 3 4 5 6 7
cat_threshold=4 5 4 8 4 8 16
is_linear=0
shrinkage=0.04


Tree=27
num_leaves=63
num_cat=8
split_feature=0 21 4 9 21 4 1 21 21 1 4 4 4 21 21 21 32 24 5 1 0 4 32 32 14 15 33 5 1 7 26 25 20 5 1 14 6 20 7 1 25 32 32 10 25 32 5 28 21 25 15 25 21 23 25 25 25 25 24 25 21 24
split_gain=954818 355578 190074 171607 111500 58497.1 52645.7 49542.8 37422 35902.9 35845.7 32160.6 31984.8 29162.7 26408.7 25748.3 25416.5 28729.1 24920.9 24432.6 23736 21045.8 19185.3 15091.3 15452.3 20088.6 14908.5 14778.5 14413.3 14308.9 14060.7 16467.8 15237.2 13970.1 13700.5 13662.5 14980.7 13491.9 13329.5 13216.5 12796.6 12774.2 12719.2 12662.5 12553.2 12141.9 11332.8 11436.5 11258.3 11218.8 11470.1 10881.5 10874.3 10445.9 10759.9 10331.3 10311.6 9984.9 9963.75 9892.78 9418.86 9623.1
threshold=2.5649999380111699 74.533176422119155 2.9450000524520878 3.5000000000000004 70.549018859863295 2.0849999189376835 2.2749999761581425 68.252796173095717 79.617172241210952 2.3750000000000004 3.3149999380111699 1.4550000429153445 2.4550000429153447 78.408687591552749 88.393150329589858 78.053596496582045 0 0.011484527960419657 32.500000000000007 2.6650000810623173 1.5549999475479128 1.1950000524520876 1 2 86.174999237060561 3.5000000000000004 3 38.500000000000007 3.0249999761581425 24.500000000000004 1.5000000000000002 29.375000000000004 110.00000000000001 35.500000000000007 3.0049999952316289 94.704998016357436 5.5000000000000009 79.000000000000014 23.500000000000004 2.6450001001358037 92.875000000000014 4 5 24.250000000000004 197.62500000000003 6 20.500000000000004 7 64.709297180175795 353.87500000000006 3.5000000000000004 541.62500000000011 68.182941436767592 1.0260539650917055 618.00000000000011 199.62500000000003 16.875000000000004 325.37500000000006 0.069006729871034636 11.875000000000002 62.568962097167976 0.3201736062765122
decision_type=10 10 2 2 10 2 8 10 10 8 2 2 2 10 10 10 1 10 2 10 10 2 1 1 10 2 9 2 8 2 2 2 2 2 8 10 2 2 2 8 2 1 1 2 2 1 2 9 10 2 2 2 10 10 2 2 2 2 10 2 8 10
left_child=1 3 4 7 9 20 14 18 11 -2 15 34 -13 45 26 29 17 -9 23 35 22 28 37 59 30 39 46 52 -11 57 31 -25 -32 -7 -6 40 -37 43 49 -26 -18 -15 51 -5 48 -8 47 -3 -41 -14 -51 -20 -23 54 -10 -46 -40 -4 -48 -1 -22 -62
right_child=2 6 10 5 8 33 13 16 53 21 -12 12 38 41 -16 -17 19 -19 42 -21 60 27 -24 24 25 -27 -28 -29 -30 -31 32 -33 -34 -35 -36 36 -38 -39 56 44 -42 -43 -44 -45 55 -47 58 -49 -50 50 -52 -53 -54 -55 -56 -57 -58 -59 -60 -61 61 -63
leaf_value=-0.028911833866604286 -0.066843824526594695 0.0094975187827019431 0.12312912176328462 -0.38150614330874766 0.12883820514250513 -0.14215956692533083 0.0012775472472511674 0.14303515633255873 0.15959754852419702 0.039741981384568741 0.26053118734982578 -0.021073490817316652 0.070969836829520475 0.10214692851999031 0.25559305313855374 0.2606409269954596 0.006013381430489009 -0.080075092994935398 0.013299954449310286 0.1181369992474739 -0.24127681828759631 -0.056594193447060653 -0.18256750877300809 -0.19621797150837605 -0.10118986583311392 -0.15123556770751961 -0.18433191738243118 0.051912853775127721 0.17139183778703954 0.17316294607587462 -0.40237053189389649 -0.038649080780010489 -0.15559659229772707 -0.075708330219077913 0.25931411199056886 0.1116708571985329 -0.018980595795735772 -0.25819286042146444 0.24646694181477283 0.026672621451717973 -0.073951782863337256 0.21046657961136953 -0.069665463116598644 -0.95113886809718129 -0.37943752397971897 0.10237294900154564 0.0058746087309399396 -0.15477128873245255 0.20793059172230891 0.055893097347792846 -0.26984748493004423 0.26598315876443857 0.030347888226177552 0.25471073262948646 -0.24727573223586555 -0.023562231180861461 0.11276182590940881 0.012179638769547491 0.14183161885882931 -0.17314725780592571 -0.14017507460122608 0.26658734260214134
leaf_weight=859 7980 1390 7490 306.75 3201.25 8113.5 3224.25 997.25 1699 2855.25 7277 4628 5614.25 2747 608.75 3353.75 6751.25 12192 2576.75 2774.5 1569.75 5871.75 8864.75 1564.5 1606.25 2107 758.75 7643.75 2492.75 10121 506.25 3295 1916.5 13486 2162.5 2662.25 2967.75 6323 1027.25 1563.75 6087.75 4792.25 4087.5 78.75 145 4629.75 5830.75 1321.5 843 361 329 303 3783.25 3300.75 109 1168 9109.75 1570.5 1010.25 6726.75 12035.5 92
leaf_count=2662 10482 1759 10268 405 3613 11400 4182 3236 1792 3339 8711 5774 6860 3209 629 3641 9989 15468 3863 3295 2244 10386 12440 3324 2075 3415 881 12659 3725 13697 747 3991 4819 20803 2686 3227 3510 9914 1565 4413 6213 5147 5796 93 145 5664 7570 1602 1347 361 329 303 5389 3639 109 1168 10954 1572 1056 10662 17101 92
internal_value=4.98505e-05 -0.0653961 0.100291 -0.0958501 0.0604688 -0.15063 0.0672007 -0.0521004 0.113253 0.00610407 0.183323 0.0940847 0.07181 0.11485 2.31238e-05 0.15837 -0.0195753 -0.0631858 -0.0903605 0.00750375 -0.18748 0.0318126 -0.221279 -0.11099 -0.087342 -0.0467496 -0.0151109 0.0103676 0.101148 0.140463 -0.128749 -0.0894394 -0.207454 -0.100681 0.181521 -0.00912666 0.0428167 -0.272361 0.0979553 -0.00537157 -0.031908 0.171038 -0.0243152 -0.5022 0.0360344 0.0608828 -0.00143877 -0.0706141 0.0902842 0.0522583 -0.0997432 0.0400556 -0.0225264 0.212351 0.134818 -0.0633864 0.126358 0.103906 0.0259889 -0.156827 -0.149025 -0.137045
internal_weight=232865 140884 91980.8 114571 62168.5 50870 26313.2 63701 31541.8 30626.8 29812.2 26433 21069.2 15393.2 10920 22535.2 34432.8 13189.2 29268.2 21243.5 29270.5 22646.8 15573.2 22301 14715.2 7433 10311.2 17298.8 5348 19181.5 7282.25 4859.5 2422.75 21599.5 5363.75 18469 5630 6708.5 16441.2 5326 12839 7539.25 6967.25 385.5 3719.75 7854 9552.5 2711.5 2406.75 6304.25 690 2879.75 9655 5108.75 1808 1313 10137 9060.5 6841 7585.75 13697.2 12127.5
internal_count=321410 199859 121551 168160 83662 74492 31699 93668 37682 45980 37889 32142 25843 18202 13497 29178 44938 18704 48730 26234 42289 35498 22852 38768 25444 12563 12868 28434 7064 25537 12881 7315 5566 32203 6299 22939 6737 10412 20069 9148 16202 8356 9962 498 7073 9846 11987 3361 5760 7550 690 4166 15775 5540 1901 1313 12519 11840 8626 13324 19437 17193
cat_boundaries=0 1 2 3 4 5 6 7 8
cat_threshold=8 8 8 5 8 4 8 4
is_linear=0
shrinkage=0.04


Tree=28
num_leaves=63
num_cat=5
split_feature=11 0 4 22 22 1 28 22 28 14 11 0 14 7 19 14 6 0 15 4 4 0 4 22 19 0 6 28 19 19 17 23 1 33 22 22 19 25 26 25 22 20 20 11 17 6 12 25 0 25 20 12 22 24 4 4 29 23 19 4 23 1
split_gain=886303 348391 144479 110493 73482.8 63711.9 55728.7 40159.9 38123.1 34731.3 31530.6 29975.5 28306.9 23680.6 22290 21676 21544.6 21128.1 20344.4 20162.9 17815.9 17066.4 16434.5 15682.4 14680.5 14594.3 13969.4 13722.3 13124.4 11996.9 12391.8 11850.8 11728.3 11721.7 10959.1 10771.2 15464.3 10721.2 10561.1 14241.6 21276 13979 29486.4 10501.1 10388.6 9592.96 9559.49 9399.15 9222.02 9070.72 9488.65 10833.5 9064.33 8958.84 8902.28 8632.55 8616.56 11152.1 8551.66 8453.56 8399.19 8025.34
threshold=0.06256990879774095 2.8349999189376835 2.2150000333786015 0.092618513852357878 0.070410095155239119 3.0849999189376835 0 0.0917622745037079 1 92.389999389648452 0.30720923840999609 2.5449999570846562 86.174999237060561 6.5000000000000009 10.500000000000002 82.305000305175795 35.500000000000007 3.3850001096725468 3.5000000000000004 2.4450000524520878 1.1950000524520876 0.75499999523162853 2.9050000905990605 0.012908976525068285 9.5000000000000018 1.8350000381469729 109.25000000000001 2 167.50000000000003 170.50000000000003 4.5000000000000009 1.0424872636795046 2.3750000000000004 3 0.019996583461761478 0.10516104474663736 23.000000000000004 537.62500000000011 1.5000000000000002 73.125000000000014 0.19803933054208758 110.00000000000001 159.00000000000003 0.50084745883941661 2.5000000000000004 3.5000000000000004 2.5000000000000004 472.37500000000006 1.0000000180025095e-35 89.500000000000014 79.000000000000014 2.5000000000000004 0.049019973725080497 0.20886715501546863 2.6049998998641972 2.8850001096725468 4 1.0643191933631899 167.50000000000003 1.825000047683716 1.2043316364288332 2.2949999570846562
decision_type=10 10 2 8 8 10 9 10 9 8 10 8 8 2 8 8 2 10 2 2 2 8 2 10 10 8 2 9 10 8 10 8 10 9 10 10 10 2 2 2 10 2 2 10 10 2 10 2 8 2 2 8 10 10 2 2 9 10 10 2 10 8
left_child=1 3 4 6 8 14 11 19 25 16 20 23 13 38 15 -3 -8 -7 28 27 -6 -10 47 -1 44 -2 -20 -4 -14 30 46 -29 -25 45 -13 -24 -37 -28 39 40 53 -40 -43 -35 -11 -12 -23 58 -45 50 -22 -52 -26 -5 -18 -34 57 -48 -16 -27 -36 -9
right_child=2 5 7 12 10 17 9 61 21 24 33 34 18 -15 22 -17 54 -19 26 -21 49 29 35 32 52 59 37 31 -30 -31 -32 -33 55 43 60 36 -38 -39 41 -41 -42 42 -44 48 -46 -47 56 -49 -50 -51 51 -53 -54 -55 -56 -57 -58 -59 -60 -61 -62 -63
leaf_value=0.097971239405962238 -0.15413246473938955 0.039471181742957689 -0.047433838385951888 -0.10237442500134548 -0.064837498214798284 0.17478096075558405 -0.058815646178611784 -0.12327088518331378 -0.1818247574714405 0.24152612471600418 0.22401977656886612 0.12658462066580917 0.038241421983931184 -0.034257653222261458 0.089069306527251979 0.25488267356662592 0.053141682900669382 0.26434761276652596 -0.13006815821329745 0.068952346170920317 -0.28131315679778757 0.094192576025531966 0.15134597164230212 -0.069989354948324436 0.14635564084804029 0.0032424270547575097 -0.045843552163191505 0.14617406544243555 -0.05123188852772146 -0.29042167244376249 0.074135025598585202 0.0021254102717395353 -0.0091570204551405764 -0.2111445819062033 0.036486058390021746 -0.17030764843541549 0.1010832917342647 0.2094911893476824 -0.35771398939605137 0.023196780518876792 -0.36026044741150803 0.011121794932571032 -0.25716717564024433 -0.45875507112326397 0.062667419759274298 -0.13464228289743457 -0.047408698200982639 0.13796355908843394 -0.26326138245750663 -0.1775101138276779 -0.022161540481675554 -0.13563659245832768 0.046741181514402957 0.27855940246411731 0.15278071763578649 0.17886257038207565 -0.02548763814128379 -0.36926990369676815 0.023196828983389543 -0.097967279293511456 0.25178067355784206 -0.050380402175117425
leaf_weight=1627 7830.75 995.75 8744.5 1688.75 4287.5 12493.25 2353.25 5094.75 913.25 3272.25 140 2849 9442.75 6506.75 6624.75 3006 5223 6381 3203.25 6403.5 604.25 915.5 10617.5 7128.25 4767.75 1641.5 947.5 1174.25 3629.75 221.75 2923.75 4096.25 7643.5 8161.75 14340.75 390.25 2342.5 362 649.5 1154 571.5 1082.75 1658 516.75 619.75 748.25 433.25 2865 1590.5 12149.5 1589.25 8835.5 2111.25 103 1978.5 409.75 4743 284.75 6020.25 6743 294 4606
leaf_count=1627 10134 1400 12649 3686 5870 15770 3560 6792 1097 4092 212 2930 14005 10718 8484 4308 6810 7341 5076 8745 707 1172 13622 9370 5097 1967 1618 1988 6152 254 4153 5438 10225 13270 18726 412 3115 362 885 1178 1065 1778 2762 852 808 1091 620 2865 2771 12838 2835 18794 2751 121 2709 529 5712 305 9210 9008 294 6589
internal_value=-0.000487029 0.0645626 -0.0941496 0.0150405 -0.127588 0.146512 0.0492738 -0.0216785 -0.0764865 0.101752 -0.162843 0.0181645 -0.0452741 -0.0890339 0.112859 0.201331 0.0462209 0.205087 -0.0118868 0.0101589 -0.139787 -0.0168442 0.100578 -0.0199757 0.150994 -0.114862 -0.0850932 -0.0167094 0.0133933 -0.000985312 0.00597595 0.0342638 -0.0326278 -0.219564 0.0548301 0.133117 0.0622282 0.0249473 -0.140606 -0.091959 -0.148166 -0.190989 -0.151244 -0.231589 0.213094 -0.0768637 -0.0252885 0.0725564 -0.311595 -0.153644 -0.127324 -0.118346 0.115806 -0.0801855 0.0805519 0.000450472 -0.0453473 -0.17333 0.0577169 -0.0781557 0.0408455 -0.0886802
internal_weight=232747 137354 95393 85617.5 65273.8 51736.2 54618 30119.2 26650.5 20325.8 38623.2 34292.2 30999.5 13414.2 32862 4001.75 9554.75 18874.2 17585.2 20418.5 27466 10435.2 28860.2 16808.5 10771 16215.2 4512.75 14015 13072.5 9522 9300.25 5270.5 15181.5 11157.2 17483.8 13350.2 2732.75 1309.5 6907.5 3517.25 2363.25 3390.25 2740.75 10269 3892 888.25 6376.5 15510 2107.25 23178.5 11029 10424.8 6879 1791.75 7201.5 8053.25 5461 718 12645 8384.5 14634.8 9700.75
internal_count=321324 185461 135863 118934 93662 66527 69528 42201 34422 25827 59240 43701 49406 22193 43416 5708 13079 23111 27213 28820 41044 13313 37708 21751 12748 21109 7056 20075 20157 12216 11962 7426 20124 18196 21950 17149 3527 1980 11475 6050 4872 5425 4540 16893 4900 1303 7809 20559 3623 35174 22336 21629 7848 3807 9519 10754 6637 925 17694 10975 19020 13381
cat_boundaries=0 1 2 3 4 5
cat_threshold=16 16 16 8 160
is_linear=0
shrinkage=0.04


Tree=29
num_leaves=63
num_cat=10
split_feature=4 11 22 4 4 22 14 4 11 28 28 22 1 1 19 28 8 15 15 25 32 4 30 23 24 4 6 33 23 19 15 20 14 25 14 20 11 5 1 32 5 25 19 17 33 20 25 19 22 1 22 20 5 32 22 29 22 14 19 1 20 11
split_gain=827243 332497 116664 104914 87716 62495.6 60919.9 58344.8 42929.2 32639.1 30742.1 30668 27242.1 24700.7 23686.9 20800.6 20002.1 26242.2 18592.7 17481.7 17427.3 17153.8 16937.5 16226.8 15844.6 15831.5 15806 15359.5 15287.2 13813.1 13470.4 13257.8 13000.4 12219 12196.3 11651.3 11435.4 12920.4 11233.7 10690.1 10104.9 12463.6 9730.27 9606.21 9051.25 9189.57 12020.9 9607.8 8744.1 8726.27 9952.24 9651.64 9560.11 8664.67 8381.44 8324.75 8267.27 8208.32 8163.8 7947.11 7924.85 7843.91
threshold=2.6450001001358037 0.14311316609382632 0.12391588091850282 1.2549999952316286 3.1350001096725468 0.070410095155239119 94.430000305175795 2.3750000000000004 0.035785431042313583 0 1 0.066482517868280425 2.7150000333786015 1.1649999618530276 59.500000000000007 2 76.500000000000014 3.5000000000000004 3.5000000000000004 340.12500000000006 3 2.2050000429153447 4 1.0775569677352907 0.3201736062765122 3.5049999952316289 88.250000000000014 5 1.0601473450660708 5.0000000000000009 3.5000000000000004 159.00000000000003 65.805000305175795 465.75000000000006 86.174999237060561 79.000000000000014 0.50084745883941661 1.5000000000000002 2.054999947547913 6 33.500000000000007 81.125000000000014 55.000000000000007 1.5000000000000002 7 175.00000000000003 73.125000000000014 190.50000000000003 0.193641372025013 2.0649999380111699 0.1597690433263779 177.50000000000003 11.500000000000002 8 0.03357642516493798 9 0.012908976525068285 95.215000152587905 5.0000000000000009 2.8449999094009404 110.00000000000001 0.015655637718737129
decision_type=2 10 8 2 2 8 10 2 8 9 9 8 8 8 8 9 2 2 2 2 1 2 9 10 10 2 2 9 10 8 2 2 10 2 10 2 10 2 8 1 2 2 10 10 9 2 2 10 10 8 8 2 2 1 10 9 10 10 10 8 2 8
left_child=1 2 3 6 11 9 8 10 59 27 40 14 -8 -7 39 26 17 58 -14 42 24 29 30 -12 48 -6 -9 38 -17 -15 34 -28 60 -16 -22 -10 37 -31 -3 -2 -5 -42 -19 -18 45 -11 -47 -48 -4 -36 51 -51 57 -35 -37 -43 -33 -53 -13 -1 -24 -20
right_child=4 5 20 7 25 13 12 15 35 44 23 16 18 21 33 28 43 19 61 -21 22 -23 32 -25 -26 -27 31 -29 -30 36 -32 56 -34 53 49 54 -38 -39 -40 -41 41 55 -44 -45 -46 46 47 -49 -50 50 -52 52 -54 -55 -56 -57 -58 -59 -60 -61 -62 -63
leaf_value=0.063376231512108486 0.13830994760475682 -0.12445749199961237 -0.1182194442588517 -0.1157491090102733 0.18820501989398594 -0.22161093455214415 0.027604037804179894 -0.042860866895748154 -0.39363114818421274 -0.057953589735289988 0.048487953481348267 0.32002604661069212 0.18596171475583273 0.21336803972977858 0.082645978467671521 0.13191432081002769 -0.050605896815285822 -0.38778891639481194 0.14533254369916093 -0.31952943823805879 -0.070156187116359958 -0.070777373829872897 -0.53431690033790824 -0.049745518601569588 0.13599296491981724 0.29959083375695078 0.31082117600404291 -0.2179760089231684 0.032143318950744459 0.090068571517262427 -0.12041371492009735 0.12920317181491753 -0.11210013324134063 0.24628188975339171 -0.12886413952926207 0.058142532984022555 -0.27173065707959559 -0.15405651630978973 -0.043497198864209635 0.23354288943598106 0.022685381510574185 -0.038557743186584323 -0.0061660196883018062 0.1107079898238616 -0.11058520514599436 0.1721997133464237 0.020466024518736685 -0.28745188770985464 -0.21752060572437465 0.080546150660421964 0.061801801556169912 -0.31719781658460322 0.028189604789102853 0.1189411026139332 -0.039688426599072672 -0.12101842311663211 0.01219043518079164 -0.083417410588517121 0.044694617040863513 0.1546338705118375 -0.18981762169266514 -0.046777196448333717
leaf_weight=3233.75 3833 7215.5 4765.25 8997 14043.25 7581 2861.25 7962.75 135.5 2480.25 5405.25 174 9638.75 160.5 13449.75 3979.5 629.25 115.5 566.5 495 6725.75 4744.75 235.75 5353 328.25 2396.5 264 1851 6423.75 351.5 3465.75 1080 911.25 1332 688.5 1691 1313 20779.5 4428 3739.5 2373.75 3785.25 1186.25 9356.75 1255.5 858.75 3988.75 167 2027.5 704 3729.75 382.5 617.25 2406 8128.5 4128 9026.25 646.75 8387.75 2899.5 200.25 844.5
leaf_count=3731 4439 9335 7697 11835 17593 10419 3300 10194 245 2742 8190 180 11480 225 17283 5925 900 126 748 495 12191 7594 313 6118 374 2713 279 2289 7620 563 6453 1080 1329 1332 915 1820 2468 32913 6003 4365 5352 4014 2000 14015 1536 2334 4414 167 3397 818 8088 450 771 2406 10593 4416 12276 763 12404 3879 354 1041
internal_value=-0.000411002 -0.0455843 -0.00616243 0.0154746 0.125379 -0.124326 0.0763386 -0.0155905 0.0233287 -0.0719109 -0.0545652 0.0965415 0.137632 -0.157699 0.12644 0.0251562 0.0601445 0.0211946 0.166113 -0.117701 -0.0816986 -0.139968 -0.0610339 -0.000389653 -0.134793 0.204477 -0.000480912 -0.110923 0.070327 -0.154484 -0.0500626 0.0320616 -0.197032 0.100449 -0.0320159 -0.0279578 -0.157133 -0.149987 -0.0936015 0.185389 -0.0847853 -0.0576864 -0.0405752 0.100534 -0.0117348 0.00498925 0.036144 0.00795801 -0.147915 0.00589042 0.0211881 -0.0432517 -0.0962227 0.164427 -0.0228319 -0.0817962 0.0247188 -0.170752 0.0503645 0.106556 -0.3777 0.0304435
internal_weight=232926 171381 114206 88777.8 61544.5 57175 29999.2 58778.5 16088.2 22244.8 30042.2 45104.8 13911 34930.2 24760.2 28736.2 20344.5 10358.5 11049.8 1796.75 25428.5 27349.2 18307.5 10758.2 7121 16439.8 18333 13494.5 10403.2 22604.5 16960.2 10370.2 1347.25 17187.8 13494.5 9955 22444 21131 11643.5 7572.5 19284 10287 1301.75 9986 8750.25 7494.75 5014.5 4155.75 6792.75 6768.75 6080.25 2350.5 1646.5 3738 9819.5 7913.25 10106.2 1029.25 8561.75 6133.25 436 1411
internal_count=321302 241051 158049 114136 80251 83002 36837 77299 20268 28820 39925 59945 16569 54182 29825 37374 30120 15205 13269 2621 43913 43763 32445 14308 11468 20306 23829 17627 13545 36169 30449 13635 1996 21021 23996 12658 35944 33476 15338 8804 25617 13782 2126 14915 11193 9657 6915 4581 11094 11805 10890 2802 1984 3738 12413 8430 13356 1213 12584 7610 667 1789
cat_boundaries=0 1 2 3 4 5 6 7 8 9 10
cat_threshold=16 16 16 8 8 9 8 1 4 64
is_linear=0
shrinkage=0.04


Tree=30
num_leaves=63
num_cat=7
split_feature=11 4 21 21 1 21 21 4 4 4 21 21 4 11 33 24 21 33 4 26 25 21 14 20 29 29 17 24 23 25 4 8 22 25 4 1 21 33 25 24 17 14 14 15 28 17 20 23 30 5 25 15 25 14 20 4 26 24 1 1 11 8
split_gain=758801 278784 172405 166201 67366.9 58083.3 55563.5 46926.7 43617.9 38428.3 36728.4 25985.3 25581.9 24200 19424.9 23090 20777.8 19248.5 16814.2 15977.5 15909.4 15728.1 15577.4 15715.7 15335.8 14674.3 21100.7 14538.9 15085.1 15865.3 13210.9 13155.7 18438.7 13132.1 15687.2 13109.6 12938 12762.6 12734.3 12662.3 12388.5 12302.3 11735.1 11690.3 11411 16318.4 11299.7 12364.9 10831.9 10826.2 15878.4 18175.6 10758.6 10858.2 10526.9 10203.5 9726.26 9698.5 9552.01 9493.22 9345.69 9301.22
threshold=0.06256990879774095 2.7649999856948857 73.233318328857436 70.549018859863295 2.6750000715255742 74.533176422119155 78.926559448242202 2.2250000238418584 2.2749999761581425 3.185000061988831 80.24106597900392 66.469604492187514 1.8949999809265139 0.25845077633857733 0 0.065228797495365157 88.393150329589858 1 1.3650000095367434 1.5000000000000002 147.87500000000003 83.14151763916017 93.08499908447267 177.50000000000003 2 3 4.5000000000000009 0.10139193385839464 1.0116243958473208 496.62500000000006 1.2549999952316286 240.25000000000003 0.016710150055587295 84.125000000000014 1.3149999976158144 2.8950001001358037 62.269115447998054 4 19.125000000000004 0.047067908570170409 4.5000000000000009 94.505001068115249 80.845001220703139 2.5000000000000004 5 3.5000000000000004 181.50000000000003 1.0826513767242434 6 27.500000000000004 331.62500000000006 3.5000000000000004 34.125000000000007 74.625000000000014 110.00000000000001 3.6450001001358037 1.5000000000000002 0.015604801941663029 3.5049999952316289 2.2050000429153447 0.82555782794952404 15.500000000000002
decision_type=10 2 10 10 10 10 10 2 2 2 10 8 2 10 9 10 10 9 2 2 2 10 10 2 9 9 10 10 8 2 2 2 10 2 2 10 8 9 2 10 8 10 10 2 9 10 2 10 9 2 2 2 2 10 2 2 2 10 10 8 10 2
left_child=1 2 4 7 11 9 8 13 17 36 18 19 58 30 -8 16 20 25 35 52 -16 39 -21 -24 -13 -5 59 28 -26 -30 -2 -22 -33 34 42 41 -3 -15 -10 -7 60 56 -29 -18 -20 -46 47 -28 -35 50 -38 -52 53 -1 -9 61 -4 -43 -6 -27 -39 -11
right_child=3 5 10 6 12 21 14 54 38 55 -12 24 -14 37 15 -17 43 -19 44 22 31 -23 23 -25 27 26 46 33 29 -31 -32 32 -34 48 -36 -37 49 40 -40 -41 -42 57 -44 -45 45 -47 -48 -49 -50 -51 51 -53 -54 -55 -56 -57 -58 -59 -60 -61 -62 -63
leaf_value=-0.29111262335547222 -0.06343098887798701 -0.048205952810395879 0.077581880312991153 0.027726874076383193 0.10243434753228904 0.16699356536447313 -0.34374637739993852 -0.30877477360379202 0.13085413675343011 -0.00059638628056685292 0.19541551982491137 0.019956944437625718 0.014499815377679174 -0.0521753177773744 0.1216036162709165 0.31121906185001508 0.4024080107234454 -0.16593171899142678 0.10207582077917239 -0.23700706321764631 0.0070807708340554941 0.31655219956407826 0.20326012105602584 -0.18293696609121854 0.11577747404816634 -0.12460194433107942 0.019599783780218066 0.042181047895560146 -0.085351242106237638 0.066392922217663658 -0.13886251003331918 -0.033033791032877374 -0.69056173494127071 -0.01874547261339489 -0.01946855896445486 0.23875202316988689 0.084134384934733769 -0.20369763449239209 0.0085051741824575967 0.26377405035392359 -0.089592275867049487 -0.18111738761648011 0.26536777005249679 0.08772515294934774 -0.028471066789289429 0.089391651642657013 -0.049510684306254139 0.2665421241091413 -0.2463712075624285 0.11657672991761267 0.045924701407561545 -0.22423632740531291 -0.04938056786781516 -0.076072184177381083 -0.064168104803604714 0.33808368333654448 -0.10843461262411365 0.16462655785659747 0.27293922183650737 -0.047721011558887645 -0.4236971465604023 0.17985048433327083
leaf_weight=622.5 4485 1100.5 2185.5 2708.5 5908.75 7850.5 155 285 1686 483.5 5840.75 10921 9447.25 1072.75 2171.75 699.75 424 3103.5 4589.25 1798.25 2671.25 1980.25 300.25 379.25 719.5 7975 1159.25 709.75 12447.25 1208 21789 186 106 5777.5 1568.75 1390.25 8311.75 13760.75 7031.25 2999.25 1556.25 133.25 804.25 342 4360.25 3300.5 2289.25 448.75 343.5 12776.5 1140.25 610 10549 948.5 15196 618.75 564.25 3468.5 576.25 3797 316 8320
leaf_count=1584 5901 1567 2706 3430 6793 9253 167 339 2415 680 6245 16981 13429 1627 3056 723 451 3690 5706 1844 2672 2023 301 386 2251 10003 1862 1006 22444 1208 33087 186 106 5833 1850 1577 12301 21839 8400 3114 2739 170 1321 342 5186 4484 3355 457 345 17431 1141 610 13492 2846 23623 672 574 4292 652 4913 478 10783
internal_value=0.000144663 0.0604428 0.0197657 -0.0864664 -0.0149621 0.140454 -0.0200644 -0.128438 -0.0432639 0.112625 0.107182 -0.0381541 0.0565021 -0.149947 0.0836191 0.0941349 0.0684541 -0.0738859 0.0813871 -0.0828868 0.0394132 0.212786 -0.175413 -0.012181 -0.0192224 -0.0582031 -0.0730668 -0.0373625 -0.0625088 -0.071919 -0.125992 -0.0208624 -0.274827 0.00187568 0.0691774 0.127529 0.0856784 -0.187602 0.0321941 0.193791 -0.196727 0.103115 0.160939 0.262515 0.0522097 0.0223171 0.00755601 0.0887653 -0.03203 0.0921337 0.0610788 -0.0483762 -0.0639446 -0.161548 -0.0687111 0.181053 0.0393572 0.15174 0.117666 -0.0998174 -0.208696 0.169941
internal_weight=232468 137053 90862 95415 65029.5 46191.2 36954.2 58460.8 30198.5 33361.2 25832.5 49097.2 15932.2 42979.8 6755.75 6600.75 5901 21481.2 19991.8 14597.8 5135 12830 2477.75 679.5 34499.5 18377.8 15669.2 23578.5 14374.8 13655.2 26274 2963.25 292 9203.75 3082.75 7741.75 23939 16705.8 8717.25 10849.8 15633 6351.5 1514 766 12250 7660.75 3897.25 1608 6121 22838.5 10062 1750.25 12120 1571 15481 9422.25 2749.75 3601.75 6485 11772 14076.8 8803.5
internal_count=320942 185081 125506 135861 94566 59575 46228 89633 38525 45185 30940 73692 20874 65671 7703 7536 6813 27710 24695 20453 6020 14390 2531 687 53239 24020 20590 36258 25903 23652 38988 2964 292 10355 4177 9319 33050 26683 10815 12367 25056 7742 2327 793 15376 9670 5674 2319 6178 31483 14052 1751 17922 4430 23962 12135 3280 4462 7445 14916 22317 11463
cat_boundaries=0 1 2 3 4 5 6 7
cat_threshold=2 9 104 140 8 4 12
is_linear=0
shrinkage=0.04


Tree=31
num_leaves=63
num_cat=7
split_feature=0 21 21 0 4 21 4 1 21 21 1 11 21 9 32 21 4 1 11 32 4 23 23 15 19 4 29 4 1 22 19 1 23 20 23 4 25 23 28 21 23 21 20 16 21 1 23 4 14 29 0 25 32 19 20 19 15 14 19 14 11 29
split_gain=707028 268899 129172 121724 112824 89940.6 68592 35959.3 31176.5 27283.9 27169.3 27119.2 23355.4 22916.3 21338.2 20276.8 19305.5 18321.6 17045.1 16802.6 15804.8 14954.4 14462.5 14264.5 13832.8 13551.1 12983.6 12746.8 12541.6 12169.6 12007.9 11626.7 14720.1 15782.5 11178.8 11162 11044.8 10842.2 10765.8 10253.1 10078.2 10006.8 9711.77 9625.64 9083.73 8973.25 8789.15 8745.48 8559.81 18525 8546.86 8332.75 14271.8 8237.1 8151.04 8065.46 9858.08 12230.2 10963.9 9294.16 10278.9 8902.33
threshold=2.3249999284744267 69.88785552978517 74.533176422119155 3.0649999380111699 2.7649999856948857 77.739685058593764 2.245000004768372 2.7549999952316289 62.269115447998054 88.393150329589858 2.6750000715255742 0.26593752205371862 63.086299896240241 3.5000000000000004 0 86.135070800781264 3.185000061988831 3.2649999856948857 0.40153984725475317 1 2.4150000810623173 1.0484992265701296 1.0013249516487124 3.5000000000000004 167.50000000000003 2.9450000524520878 2 2.0849999189376835 2.1049998998641972 0.051998689770698554 23.000000000000004 2.2949999570846562 1.2323408722877505 79.000000000000014 1.0298770666122439 1.1950000524520876 36.125000000000007 1.0013249516487124 3 80.24106597900392 1.0593760013580324 62.269115447998054 79.000000000000014 1.5000000000000002 82.205451965332045 2.0649999380111699 1.4528056383132937 1.9450000524520876 94.704998016357436 4 0.44499999284744268 213.25000000000003 5 9.5000000000000018 218.00000000000003 64.000000000000014 3.5000000000000004 86.399997711181655 21.500000000000004 78.434997558593764 0.2333859130740166 6
decision_type=8 10 10 10 2 10 2 10 8 10 10 10 8 2 1 10 2 10 10 1 2 10 10 2 8 2 9 2 8 10 10 8 10 2 8 2 2 10 9 10 10 8 2 2 10 8 10 2 8 9 10 2 1 10 2 10 2 10 10 10 8 9
left_child=2 4 6 5 7 10 8 12 50 11 22 20 36 35 25 21 41 23 24 -12 39 26 -3 44 51 -8 -7 -9 -24 45 -18 -14 33 -33 -26 -10 42 -21 -16 -4 -41 -6 -2 -13 -5 -28 -43 -11 -30 54 -1 52 53 -15 -50 56 57 61 -58 60 -57 -35
right_child=1 3 9 17 16 15 14 27 13 47 19 43 31 18 38 -17 30 -19 -20 37 -22 -23 28 -25 34 -27 29 -29 48 -31 -32 32 -34 55 -36 -37 -38 -39 -40 40 -42 46 -44 -45 -46 -47 -48 -49 49 -51 -52 -53 -54 -55 -56 59 58 -59 -60 -61 -62 -63
leaf_value=-0.34108351340776005 -0.60234981652783559 0.29383764374044685 -0.011653331437608643 0.16901308310074634 -0.061585629459611817 0.38999316914126947 -0.0058857103163297807 0.098452026357246855 -0.025137737949237595 -0.065536540002562108 0.1511197786434875 -0.069286359695458363 -0.075738782056072901 -0.065729638821970374 -0.11219465649666323 0.31125181700610821 -0.029084599255464645 0.24483291565109444 -0.21688690648625272 0.27912522705372572 0.13864076600170105 0.21020438693225924 -0.029442519626151346 0.078413094348635554 -0.056774851049408992 0.28953877459297656 -0.0078224387354870958 -0.0058347442583279062 0.01439773168693005 -0.31823062660677215 0.17297723447044597 -0.2293315924713549 0.083985865199775175 -0.097203873948049829 -0.18498674379492949 -0.10138959266987735 -0.10784791386775421 0.05214963885325364 -0.023115900026383321 0.051391097271028294 0.29364650471726061 0.063034467458628105 -0.19146040611078999 -0.25331619928225879 0.28015034975467007 0.12787894089606577 0.4556532732377882 0.29493407530362348 0.13773821523458848 0.038659917493051171 -0.19684464681256761 -0.066328673568923177 -0.091463725646825089 -0.19037387811660617 0.34928299720288863 -0.050707433068108529 -0.60726077343409279 0.10452750703595973 -0.082040152874973724 -0.03098498808421957 -0.23367319461647587 0.026040802503792589
leaf_weight=743 130.25 312.75 7402.75 10936.5 1069 262.25 8397.25 3467.75 4254 126 4924.75 1890.5 9821.5 1011.75 6662 1326.75 529.75 6197 3990.75 347.5 1858 4082.25 6152.75 2637 1253.5 254 869.5 4080 13379.25 103.75 4167.75 635 1863.5 1398.5 8364.5 11066.75 6163 9334 3221.75 2013 316.5 11839.5 314 598 1323.5 7515.25 90 712.25 1194 7772.5 5925.75 5207.25 8588.5 5346.5 386.25 1239.25 69.75 2017.25 569.25 11439.5 813.75 2788.75
leaf_count=968 197 1251 9406 12810 1540 362 11233 4052 6297 129 5722 2510 12904 1425 9932 1374 793 7067 6804 1390 2185 4197 7373 2961 3232 338 1024 6027 16887 121 5892 1088 1925 2873 11567 16628 7804 11446 4844 2328 324 18051 944 700 1334 8650 90 731 1446 9115 8817 5220 12904 8255 456 2602 96 4307 879 20363 1899 5212
internal_value=0.000316677 0.0552687 -0.0881218 0.104717 -0.00533507 0.0747708 -0.109691 -0.0378604 -0.131852 0.0192913 0.0464374 0.0060749 -0.0532314 -0.120817 -0.0430224 0.162402 0.0806979 0.186991 -0.139231 0.0909738 0.0318031 0.146966 0.0241528 0.162899 -0.128807 0.00285192 0.117423 0.0420913 0.0212124 0.108324 0.150186 -0.0393495 -0.0236923 -0.0332681 -0.168293 -0.0802239 -0.121808 0.0603533 -0.0831695 0.0113814 0.0845325 0.0555659 -0.314107 -0.113681 0.181055 0.113807 0.0660731 0.240714 0.0349246 0.0642784 -0.213014 -0.109948 -0.125133 -0.170568 0.188634 -0.0271236 0.0082452 0.0236679 -0.141099 -0.0450621 -0.123391 -0.0153164
internal_weight=232769 143564 89204.2 79057.5 64507 57963.5 74287.2 46811 55752.2 14917 43803.8 14078.8 39263.2 49083.5 18535 14159.8 17696 21094 33762.8 14606.2 11590.2 12833 29197.5 14897 29772 8651.25 8750.75 7547.75 28884.8 8488.5 4697.5 32656 22834.5 20971 9618 15320.8 6607.25 9681.5 9883.75 9732.25 2329.5 12998.5 444.25 2488.5 12260 8384.75 11929.5 838.25 22732 9352.75 6668.75 20154 14946.8 6358.25 1580.25 20336 6843.5 6204.5 639 13492.5 2053 4187.25
internal_count=321301 194524 126777 94986 99538 70814 108464 73172 82117 18313 55086 17453 63093 72332 26347 15728 26366 24172 49407 18558 14243 14354 36528 17105 42603 11571 10157 10079 35277 9795 6685 54148 41244 39319 14799 22925 8945 12836 14776 12058 2652 19681 1141 3210 14144 9674 18141 860 27904 11017 9785 27804 22584 9680 1902 38231 13367 12392 975 24864 4501 8085
cat_boundaries=0 1 2 3 4 5 6 7
cat_threshold=4 4 32 16 12 8 140
is_linear=0
shrinkage=0.04


Tree=32
num_leaves=63
num_cat=6
split_feature=0 21 1 1 21 4 21 0 21 21 0 4 21 25 9 32 0 21 4 23 32 25 25 0 30 28 32 30 19 25 9 6 22 17 21 21 20 17 4 10 4 4 20 19 5 19 10 6 24 24 19 22 19 17 4 1 22 9 25 25 19 21
split_gain=653645 311229 154997 75637.7 65243 53592.4 43805.9 37846.7 35416.6 29236.8 26393.9 20568.6 19858.7 21982.1 20398 19710.1 19219.4 18001.1 17445.4 19188.2 16900.9 16424.4 15251 14844.1 13908.3 13534.3 13463.4 13197.4 12734.5 14597 12700.8 14623.2 12515.4 12422.8 12117.4 11607.1 11286.4 10758.1 10244.3 10159.7 10105.9 11661.4 9646.54 9376.43 9357.61 8865.81 8821.31 8706.98 8652.25 8569.59 8529.38 8445.89 8145.85 11002.5 7703.08 7698.31 7615.21 7557.09 7444.38 8158.3 8202.23 7440.62
threshold=2.7549999952316289 73.388397216796889 2.0649999380111699 2.8950001001358037 78.926559448242202 2.4750000238418584 75.729537963867202 2.2150000333786015 68.252796173095717 69.88785552978517 1.9650000333786013 2.8950001001358037 86.135070800781264 79.625000000000014 2.5000000000000004 0 2.0249999761581425 82.205451965332045 1.0000000180025095e-35 1.0013249516487124 1 13.875000000000002 40.125000000000007 3.1350001096725468 2 3 4 5 23.000000000000004 320.37500000000006 13.500000000000002 70.500000000000014 0.12391588091850282 3.5000000000000004 60.947811126708991 68.744674682617202 79.000000000000014 1.5000000000000002 3.185000061988831 6.2500000000000009 1.735000014305115 2.4250000715255742 110.00000000000001 128.50000000000003 49.500000000000007 167.50000000000003 5.5000000000000009 42.500000000000007 0.064879272133111968 0.059608468785882003 5.0000000000000009 0.17032737284898761 64.000000000000014 3.5000000000000004 2.9450000524520878 3.5049999952316289 0.037285478785634048 12.500000000000002 690.87500000000011 541.62500000000011 167.50000000000003 63.194150924682624
decision_type=10 10 8 10 10 2 10 8 10 10 10 2 10 2 2 1 8 10 2 10 1 2 2 10 9 9 1 9 10 2 2 2 10 10 8 8 2 10 2 2 2 2 2 10 2 8 2 2 10 10 8 10 10 10 2 10 10 2 2 2 8 10
left_child=1 2 10 6 7 8 11 21 16 38 15 35 13 44 -15 32 36 23 24 -20 -7 -3 52 -11 -10 33 50 -18 29 -14 61 -32 -1 37 -13 -2 -4 -23 -5 -31 -37 -42 -29 57 -6 -28 -8 -16 -48 -49 -21 58 -9 -54 -22 -25 -39 -27 59 60 -12 -17
right_child=3 4 5 9 12 20 46 22 18 17 51 34 28 14 47 30 27 -19 19 26 54 25 -24 55 -26 43 45 42 -30 39 31 -33 -34 -35 -36 40 -38 56 -40 -41 41 -43 -44 -45 -46 -47 48 49 -50 -51 -52 -53 53 -55 -56 -57 -58 -59 -60 -61 -62 -63
leaf_value=-0.17377275324840344 -0.01703653321207909 0.18636353320764287 -0.2861287193337288 0.077751013186543746 0.18911716436635867 -0.026373284309128088 0.17043578511350244 0.18696492520455452 0.023057337016114489 0.13015817166741495 -0.076241583319868994 -0.16393586337904065 0.2403067915249168 0.12323950664218744 -0.16695879159019647 -0.17867097944346014 -0.057843885870365715 0.32767316180654266 0.14782403624815163 0.21900589194893838 0.035713728396032138 -0.039404623087553055 0.039844401788678478 0.18686340457971767 -0.17814798005423668 -0.0056627299890990778 0.0054279611875334647 -0.30698136446605528 0.32128051672343311 0.098872350553814464 -0.35789305251896714 -0.15900038473393285 -0.27211040295038907 -0.013680823460100322 0.10462012610295152 0.12360155133757431 -0.12063204073074023 -0.12211578842485526 0.16146937658164304 -0.40633005940409028 -0.060428548007610237 0.049613075021254505 -0.094216265221513995 0.10660804967085639 0.42600902620958514 -0.077786000862053034 0.0081731610570961819 0.0015034007229629235 0.27938814382277899 0.24351917333792333 -0.10047402210100963 -0.16978463699676652 -0.041949199780907089 0.34947301430626387 0.15133691312286185 0.27343309632751028 -0.2651966356180836 -0.17980831526069879 -0.25123934209072807 0.012197917496776687 -0.14260848199882981 -0.094377159258344043
leaf_weight=5857.25 7541 486 703.25 7956.75 1674.25 9343 6500.25 1949.5 10292 7382.75 11482.25 276 480 6141.25 439 2082.25 19909.25 1299.25 738 134 10873.25 1237.25 13608.75 7897 568.75 2728 5553.5 600.75 1255 137 712.75 3493.75 3223 2107.5 8357 2201 10445.25 1378 3316.25 116 1892.75 8250 791.5 1049 318 3243.5 1068.25 2435.5 226.5 257 8543.75 2412.75 609.5 139.5 1005.75 2092 1055.25 465 444 1263 4029.25 8638
leaf_count=8441 10025 630 977 10632 2476 13993 7287 2785 12887 9113 14894 318 480 6331 454 2716 35747 1333 2952 134 15122 1577 16506 9226 769 3442 6983 858 1369 137 1060 4642 4990 2772 11909 2972 19077 1693 4367 116 3101 12111 1492 1463 651 4448 1243 2551 237 257 11117 3333 788 312 1257 2338 1218 627 444 1263 5980 10750
internal_value=-1.47773e-05 -0.0423109 -0.0731072 0.106239 0.0548307 -0.0409363 0.0674234 0.0189414 -0.0598424 0.153303 -0.134104 0.0444476 0.127427 0.106821 0.080887 -0.16224 -0.0885681 0.18402 -0.0277764 -0.0517018 0.0138733 -0.0402602 0.057083 0.173239 0.0123464 -0.0512879 -0.0601446 -0.0662864 0.243961 0.111053 -0.133934 -0.192857 -0.20873 -0.0911098 0.0959974 0.0220594 -0.131122 -0.135534 0.102404 -0.134101 0.0459433 0.0290694 -0.185011 0.00296874 0.227323 -0.0252633 0.151445 -0.00219461 0.0559827 0.0247705 -0.0954904 -0.0996826 0.143922 0.0316784 0.0455276 0.205046 -0.184337 -0.0311229 -0.0898405 -0.0855385 -0.0934977 -0.110781
internal_weight=232707 166450 126384 66256.8 40066.2 82745.5 36312.8 26813.2 61523.5 29944 43638.2 28517.8 13253 11265 9272.75 24007 32450 18671 29073.5 18212.8 21222 10506 16307.2 17371.8 10860.8 10020 17474.8 21301.5 1988 733 14926.8 4206.5 9080.25 5778 8633 19884.8 11148.5 3670.5 11273 253 12343.8 10142.8 1392.25 4242 1992.25 8797 7795 3131.5 1294.75 2692.5 8677.75 19631.2 2698.5 749 11879 9989 2433.25 3193 17218.5 16774.5 15511.5 10720.2
internal_count=321173 234961 186326 86212 48635 127813 49203 33813 97441 37009 58513 40436 14822 12720 9593 32599 58151 22010 39290 25634 30372 13422 20391 20677 13656 12792 22682 38097 2102 733 19168 5702 13431 7260 12227 28209 20054 4488 14999 253 18184 15212 2350 5532 3127 11431 8767 3262 1480 2808 11251 25914 3885 1100 16379 11564 2911 4069 22581 22137 20874 13466
cat_boundaries=0 1 2 3 4 5 6
cat_threshold=8 8 12 16 8 8
is_linear=0
shrinkage=0.04


Tree=33
num_leaves=63
num_cat=2
split_feature=0 0 4 22 22 1 1 1 4 22 17 14 9 15 19 14 5 19 17 11 15 25 25 8 14 19 4 22 1 4 11 15 16 19 5 23 29 19 22 19 2 0 0 19 5 19 22 14 1 19 19 25 23 5 29 22 14 15 17 1 0 17
split_gain=614031 207892 104912 96625.3 56710.9 41695.5 34925 25731.5 24294.3 23675.3 22852.1 21164.6 18446.5 17521.2 17123.9 37815 19141.2 16289.1 14800 14331.4 14124.9 25672.3 14053.3 13774.6 13245.2 13054.3 12877.4 12837.7 12537.4 12397.5 11724.9 11016.6 10594.8 10577.8 13135.8 12250.5 10769.4 10353.7 10507.7 10159.1 10112.3 10027.7 9486.93 9400.77 9844.71 9281.41 14580.6 9118.78 9078.41 8928.04 9379.86 8777.37 14461.5 8710.76 8691.95 8405.29 8091.25 8051.14 8048.53 8012.52 8226.05 7838.16
threshold=2.3950001001358037 3.0049999952316289 2.2949999570846562 0.12391588091850282 0.069005299359560027 2.5349999666213994 3.2549999952316289 1.5349999666213991 2.6250000000000004 0.019996583461761478 4.5000000000000009 77.479999542236342 4.5000000000000009 3.5000000000000004 10.500000000000002 85.889999389648452 29.500000000000004 5.0000000000000009 4.5000000000000009 0.50084745883941661 3.5000000000000004 353.87500000000006 504.12500000000006 14.500000000000002 94.430000305175795 52.500000000000007 2.4550000429153447 0.10677414759993555 2.5049999952316289 0.65500000119209301 0.23766434192657473 3.5000000000000004 1.5000000000000002 167.50000000000003 34.500000000000007 1.0621204376220705 0 167.50000000000003 0.16155823320150378 10.500000000000002 -2.9350000619888301 2.9050000905990605 3.4050000905990605 167.50000000000003 23.500000000000004 55.000000000000007 0.1468901410698891 91.520000457763686 2.7549999952316289 55.000000000000007 128.50000000000003 403.87500000000006 1.0780832767486574 30.500000000000004 1 0.13181531429290774 85.505001068115249 1.5000000000000002 2.5000000000000004 0.65500000119209301 0.86500000953674328 4.5000000000000009
decision_type=8 10 2 8 8 8 10 8 2 10 10 8 2 2 8 8 2 8 10 10 2 2 2 2 8 8 2 10 8 2 8 2 2 10 2 10 9 8 10 8 8 8 8 8 2 10 8 10 10 10 10 2 10 2 9 10 10 2 10 10 10 10
left_child=2 3 4 5 10 26 13 55 18 -7 12 30 25 28 15 23 20 -9 39 29 24 -22 49 -11 48 56 43 -23 -3 -19 -5 -13 -14 34 -12 -35 -36 38 -31 47 -10 -26 -8 44 -2 46 -33 -4 -16 -15 -51 52 -45 -41 -30 -6 -1 -27 -17 60 -57 -39
right_child=1 6 8 11 7 9 42 17 40 14 33 31 32 22 16 58 -18 19 -20 -21 21 27 -24 -25 41 57 -28 -29 54 37 -32 45 -34 35 36 -37 -38 61 -40 53 -42 -43 -44 51 -46 -47 -48 -49 -50 50 -52 -53 -54 -55 -56 59 -58 -59 -60 -61 -62 -63
leaf_value=-0.047120848305626677 -0.04524115689222917 0.053527021105487009 -0.018598868288899912 -0.059251271257450604 -0.14613032046060712 0.13117040055619528 0.1623480747833668 0.22550881961087985 0.31389677495408241 -0.20105755461694649 -0.068568539168424258 -0.0087966562016274629 -0.093741760309643679 -0.26414300088586623 -0.018715658434821553 0.21850704098699594 0.080170695314372722 -0.043324708032953144 0.051358735359659041 -0.25030106419212023 0.0038500223281975844 -0.35467370883803589 0.19076685895984946 0.037284121665104343 0.022136528112887688 0.098650114590456583 0.040574619810862807 0.035807079966483496 0.22424760520473308 -0.085675591204366838 -0.1736114234301066 0.14810962038022235 -0.187694891146855 0.004130802058505619 0.17872780934721527 -0.13857195887965584 0.020979406028109722 -0.18400710456583699 -0.14927241795437146 -0.080816218797648623 0.072224681158834389 0.11323524813303193 0.23970620904080897 -0.036012624996387937 0.035365619844274582 -0.05861262888824454 -0.32293443784034614 0.15380971638239882 0.068865643803977236 0.26046358920360602 0.017602759862185475 0.011235753263827334 -0.19620301891747438 -0.016699186176711279 0.12999783133675805 -0.41502431620641467 0.070771242661711573 -0.08430202277880279 0.088850190253472155 -0.18179153682279911 -0.22472949356653199 -0.01430761071353103
leaf_weight=1646 3853.5 3219.75 1336.75 2837.25 6793.75 7702.5 5767.5 229.25 300 533 1130 11916.25 9817.5 167.25 7420.75 3064.5 14138 4292 3763.25 1146.75 2614 567 931.25 1410 3456.75 408 9742.75 176 1765.75 14417.75 2906.25 131 2390 2834.5 1263.5 1455.25 1539.75 4600.5 5849.75 6973 3394.25 4388.75 4567.5 2587 6528.5 2922.5 510.25 773.25 2540.25 268 4428.75 1977 1383.25 6599.75 17456 534.25 2140.5 6351.25 1026.75 4246.25 1171.5 481.5
leaf_count=1973 4899 3807 1870 4575 9286 7905 7203 299 357 866 1613 20521 12612 177 9901 4533 19118 6230 5378 2169 3904 567 932 2040 4179 474 12097 176 2530 22898 5499 131 2876 4414 1700 1507 2019 8424 8315 9337 4532 5162 5226 4279 7766 5543 799 1038 3441 520 5943 1977 1582 9281 23024 745 2847 8056 1428 5921 1593 1080
internal_value=-0.000150314 0.0551855 -0.0764181 0.023764 -0.0994604 0.0450588 0.133656 -0.128775 -0.0019925 0.0667888 -0.0580391 -0.0515953 -0.0786915 0.110613 0.054786 0.11705 0.0441366 -0.109099 -0.0198589 -0.111605 0.0200589 -0.0551795 0.048584 -0.0282327 0.0342484 -0.0399294 0.00418494 -0.262319 0.126626 -0.106222 -0.11716 -0.0272566 -0.112164 -0.000887348 0.046478 -0.0443197 0.0928723 -0.116867 -0.104045 -0.0369533 0.0920116 0.0731138 0.196577 -0.0175286 0.00544298 -0.0889398 -0.226532 0.0446656 0.00362783 0.0212931 0.0315672 -0.0576193 -0.0918963 -0.049647 0.138863 -0.176632 0.0195234 -0.0732316 0.186029 -0.211385 -0.284752 -0.167942
internal_weight=232785 134906 97879.8 96333.8 74739.5 75110.2 38571.8 43763.2 23140.2 49038.2 30976.2 21223.5 22753.2 28236.8 41335.8 6034.25 35301.5 31017.5 19446 30788.2 21163.5 3357 5795.25 1943 17806.5 10545.8 26072 743 22441.5 29641.5 5743.5 15480 12207.5 8223 3933.25 4289.75 2803.25 25349.5 20267.5 15682.8 3694.25 7845.5 10335 16329.2 10382 3563.75 641.25 2110 9961 4864 4696.75 5947.25 3970.25 13572.8 19221.8 12745.8 3786.5 6759.25 4091.25 5952 1705.75 5082
internal_count=321094 182250 138844 132888 107051 95820 49362 66960 31793 63220 40091 37068 28838 36933 55315 8867 46448 49415 26904 49116 27330 4647 7572 2906 22683 13350 32600 743 29361 46947 10074 26994 15488 11253 5332 5921 3719 40717 31213 21526 4889 9341 12429 20503 12665 6473 930 2908 13342 6640 6463 7838 5861 18618 25554 17545 4820 8530 5961 8259 2338 9504
cat_boundaries=0 1 2
cat_threshold=48 40
is_linear=0
shrinkage=0.04


Tree=34
num_leaves=63
num_cat=5
split_feature=4 0 22 4 4 11 14 28 0 22 28 28 8 1 5 22 20 1 25 15 22 15 14 4 20 23 0 4 17 12 4 0 5 19 19 20 20 23 11 14 20 26 25 23 25 17 23 20 22 12 22 28 19 26 22 20 25 33 25 24 20 11
split_gain=564454 237168 81104.3 72329.8 71932.8 53113 42792.6 36713 32971 29514.2 28540.6 24751.6 21341.6 20085.4 19357.1 18565.7 17438.9 16733.7 15233.4 17460.3 15235.1 15203.1 15153.9 15700.5 15124.6 14877.5 14253.7 13949.4 13104 11725.4 11562.5 11543.3 11489.2 11480.7 11242.5 10869.5 10717.9 13279.1 11602.1 11156.8 10621.4 11838.7 19274.8 10377.7 10440.5 10275 10530.9 10142.9 9745.09 9604.82 9367.74 9333.48 9219.7 9058.78 8868.76 8564.33 8039.84 7975.76 7920.85 7872.77 7869.14 7693.66
threshold=2.5949999094009404 2.185000061988831 0.12391588091850282 3.0749999284744267 1.6749999523162844 0.28582468628883367 94.430000305175795 0 2.435000061988831 0.091056916862726225 1 2 73.500000000000014 1.9550000429153445 30.500000000000004 0.0917622745037079 171.50000000000003 1.0000000180025095e-35 335.87500000000006 3.5000000000000004 0.020587688311934475 3.5000000000000004 86.174999237060561 1.1950000524520876 159.00000000000003 1.0601473450660708 1.0000000180025095e-35 3.435000061988831 4.5000000000000009 2.5000000000000004 2.3750000000000004 3.2949999570846562 39.500000000000007 52.500000000000007 167.50000000000003 79.000000000000014 177.50000000000003 1.1772943735122683 0.056641967967152602 91.909999847412124 110.00000000000001 1.5000000000000002 77.625000000000014 1.0775569677352907 379.25000000000006 2.5000000000000004 1.2526267170906069 79.000000000000014 0.19803933054208758 20.500000000000004 0.012908976525068285 3 128.50000000000003 1.5000000000000002 0.12391588091850282 79.000000000000014 101.12500000000001 4 457.12500000000006 0.16761939227581027 159.00000000000003 0.50084745883941661
decision_type=2 8 8 2 2 10 10 9 10 10 9 9 2 8 2 10 2 8 2 2 10 2 10 2 2 10 10 2 8 8 2 10 2 10 10 2 2 10 8 10 2 2 2 8 2 8 10 2 10 8 8 9 10 2 8 2 2 9 2 10 2 10
left_child=1 5 4 11 6 7 8 13 35 16 14 15 18 -1 33 -2 -9 26 -13 -20 -21 31 40 36 -16 -12 49 -5 29 47 -26 52 -25 -6 -18 -3 39 59 -39 53 41 42 48 -36 -45 -17 -47 56 -4 -7 -14 -44 -8 -24 -15 -11 -19 -56 -23 -38 -52 -31
right_child=3 2 22 27 10 17 21 9 -10 55 25 12 50 54 24 45 34 28 19 20 -22 58 23 32 30 -27 -28 -29 -30 61 -32 -33 -34 -35 43 -37 37 38 -40 -41 -42 -43 51 44 -46 46 -48 -49 -50 -51 60 -53 -54 -55 57 -57 -58 -59 -60 -61 -62 -63
leaf_value=-0.13669087493214646 0.13806165843619242 -0.37684190584970184 -0.091284320208907768 0.14462181952317621 0.029136150843508665 -0.67799183338064906 0.16852256635070867 -0.06364297049654824 0.089221487297404714 -0.28415917482948178 0.084772828096059835 0.031042174439375923 0.15674572710621471 -0.05916155270642974 0.24242557620049121 -0.024226385662868534 0.067284299720610688 -0.31088190893722173 0.0024269994792816534 0.21652975633176597 -0.28571263815928011 -0.012545847409666744 0.11801708658815871 -0.13595911642938771 -0.043377654254135728 0.0043738408701382101 -0.2234566730492841 0.22927670502859634 -0.046503350181749566 -0.16881359489146452 0.025233063496705101 0.26488288480999062 -0.0020655795956374175 -0.086388731138890104 0.064619456516315413 -0.023921918889555967 0.034987584063916076 0.066288156619138699 -0.12515829012297197 0.21918941057306143 -0.080993518276167617 -0.32502798824376267 0.2700239393419574 -0.20586106610938198 0.0054389559516015854 0.043051388591216259 0.26003006537449069 -0.058369022303012795 -0.43064855787086215 -0.14248368412563175 0.21407526341113647 -0.097142613735864317 0.092449793235610131 -0.13774090722205146 -0.15127475967829374 -0.086938348896471743 0.0066499040525319969 -0.043642268011181963 0.24441055520603416 0.32780567978024477 0.062198061049277741 -0.29194897837356254
leaf_weight=14071 11388.75 140.25 269.5 16706.75 1582.25 211.75 4957.25 3988.5 7013.25 371 5834 10238.75 2095 15272 385.75 2069.5 6027.25 507.75 1469.75 109 768 1604.25 504.75 2855.75 8187 9981.25 1061.25 3837.25 1912.25 9419.25 7554.25 1116 1599.5 10526.75 1025.25 7631.5 1807.5 672.25 2038.25 699.5 9795.25 640.75 227 748.25 746 1190.25 510.5 2683.25 273 73.25 562.75 213 5269 391.75 3712.25 6521.5 170 1607.25 216 158 16695.5 891.75
leaf_count=18268 15057 261 511 21071 2051 307 5915 4917 8349 452 8993 14228 2095 20429 439 3160 8974 735 1472 109 768 2058 948 5060 11292 11935 1545 4369 3005 14052 10084 1329 3545 13463 1611 10024 4560 796 2363 1112 17572 883 227 1085 746 1935 530 4145 405 92 652 213 6136 526 7043 9661 170 2265 228 158 23147 1644
internal_value=0.000503758 -0.039355 0.00227689 0.0978279 0.0228676 -0.0945406 0.0730611 -0.0751826 0.026353 -0.0311597 -0.00897838 0.0705042 0.0505211 -0.0998532 -0.0330739 0.112594 0.00540055 -0.15637 0.00997109 -0.0819057 -0.222931 0.125514 -0.064662 -0.0305146 -0.00437323 0.0340393 -0.291674 0.160455 -0.144645 -0.158362 -0.0104517 0.142733 -0.0879137 -0.0712904 0.0376293 -0.0303871 0.010272 -0.0202814 -0.0776595 0.0997065 -0.0967306 -0.191472 -0.10388 -0.0333066 -0.100499 0.0356308 0.108414 -0.093388 -0.26303 -0.542337 0.0768868 0.0926286 0.129353 0.00618996 -0.0746693 -0.0976346 -0.231438 -0.119151 0.0181763 0.0588396 0.0671751 -0.179518
internal_weight=232807 165165 94144.5 67641.8 71998.8 71020.8 27947.5 54090.2 14785 19427.8 44051.2 47097.8 31938.8 34662.5 28236 15159 12535.2 16930.5 12585.5 2346.75 877 13162.5 22145.8 10727.2 16127 15815.2 1346.25 20544 15584.2 13672 15741.2 11342.2 4455.25 12109 8546.75 7771.75 6272 4676 2710.5 1596 11418.5 1623.25 982.5 2519.5 1494.25 3770.25 1700.75 3361 542.5 285 19353.2 440 10226.2 896.5 20591.5 6892.5 677.75 5319.5 1820.25 1965.5 17258.2 10311
internal_count=321175 232582 131436 88593 92557 101146 34300 75451 18634 27446 58257 63153 42471 48005 37329 20682 17333 25695 16577 2349 877 15666 38879 19068 21815 20928 1944 25440 23751 20746 21376 13380 8605 15514 12416 10285 10463 7877 3159 2586 19811 2239 1356 3442 1831 5625 2465 5050 916 399 25894 440 12051 1474 29737 10113 905 9308 2286 4718 23799 15696
cat_boundaries=0 1 2 3 4 5
cat_threshold=16 16 4 16 5
is_linear=0
shrinkage=0.04


Tree=35
num_leaves=63
num_cat=2
split_feature=0 21 9 21 0 21 0 21 11 5 21 0 6 21 25 23 20 24 6 25 20 20 15 16 20 21 14 23 20 21 4 15 11 6 21 22 28 28 4 24 22 20 22 4 14 23 4 20 25 23 20 25 23 21 24 22 15 21 23 21 25 22
split_gain=517487 258202 135681 62586.3 48359.7 43484.8 35611.4 31127.2 32353.9 26277.7 24442.2 20260.7 19797.1 15985 15328.4 14846.5 14618 21187.7 13603.8 21180.9 33458.2 15202.9 24738 13319.3 13289.6 12520.1 12284.7 12209.4 14311.9 14630.1 12135.4 11931.3 11884 11629.5 11596.4 11249.1 11175.8 11012.9 10874.5 10822.6 10180.6 9728.92 9410.01 9818.35 15911 9803.41 9256.37 9119.06 8929.95 8848.45 8674.43 8921 8632.01 8395.19 8381.53 13599.8 8372.71 8104.97 8078.15 7886.62 7833.63 8695.62
threshold=2.7549999952316289 75.729537963867202 2.5000000000000004 72.026847839355483 1.8350000381469729 69.445976257324233 3.2549999952316289 86.135070800781264 0.13936910033226016 33.500000000000007 82.205451965332045 3.2549999952316289 64.500000000000014 64.422271728515639 496.62500000000006 1.0570134520530703 79.000000000000014 0.23804991692304614 88.250000000000014 350.12500000000006 218.00000000000003 218.00000000000003 3.5000000000000004 1.5000000000000002 218.00000000000003 80.50296783447267 81.020000457763686 1.0280442237854006 181.50000000000003 65.668624877929702 2.685000061988831 3.5000000000000004 0.0066445916891098031 221.25000000000003 62.269115447998054 0.049720298498868949 0 1 1.7849999666213991 0.061354259029030807 0.024720381014049057 79.000000000000014 0.23492708802223208 1.1950000524520876 91.979999542236342 1.0153971314430239 2.5949999094009404 184.00000000000003 487.75000000000006 1.0298770666122439 184.00000000000003 53.875000000000007 1.0362150073051455 65.668624877929702 0.059608468785882003 0.037285478785634048 3.5000000000000004 69.096069335937514 1.084925174713135 62.269115447998054 30.375000000000004 0.055593475699424751
decision_type=10 10 2 10 10 10 10 10 10 2 10 10 2 8 2 10 2 10 2 2 2 2 2 2 2 10 10 8 2 8 2 2 10 2 8 10 9 9 2 8 10 2 10 2 10 8 2 2 2 8 2 2 10 8 10 10 2 10 10 8 2 10
left_child=1 2 5 6 13 9 14 8 15 16 11 31 -6 -4 30 36 17 49 19 21 -21 46 -23 60 -9 48 -19 -14 29 -29 38 32 -5 -13 47 -12 -3 -15 -2 -11 -26 -39 43 44 -36 -45 -7 -18 -17 -1 -20 -52 -24 -8 55 -33 57 -46 -54 -32 -10 -62
right_child=3 7 4 10 12 18 53 24 23 39 35 33 27 37 -16 25 34 26 50 20 -22 22 52 -25 40 -27 -28 28 -30 -31 59 54 -34 -35 42 -37 -38 41 -40 -41 -42 -43 -44 45 56 -47 -48 -49 -50 -51 51 -53 58 -55 -56 -57 -58 -59 -60 -61 61 -63
leaf_value=0.028139436009023685 0.048295870185858306 0.027796096614730252 -0.18709570903048825 0.14101722427010777 -0.12197153050558215 -0.016847746077690556 0.045913846603262691 0.33645728073487491 0.19365200667046392 -0.077168331098726436 0.25716751152185846 0.19042602599987665 0.04041389490181551 -0.14002964543725263 0.1089919786638613 0.13952031242852578 -0.1004932205043856 -0.052714191104184169 0.10106389941449352 -0.018378813550886799 -0.3599220278960133 0.25243863573700975 -0.21418795175238325 -0.16720281582642105 0.18674403966099801 0.30413930210289547 0.41160729222039921 -0.093262846237631966 -0.099063509683095893 -0.01105476040510355 -0.068548254651195101 0.040907879207640545 0.063215070703197457 -0.26616653384715727 -0.064716296065334189 -0.17310571803432878 0.1039108780057067 -0.36136696028254728 -0.039780604919406964 0.025859772523830895 -0.14126043451027789 -0.075799014136845755 0.17347713931383205 0.049543059984564562 0.083974350368834758 -0.085550658543383437 0.0620217523725504 -0.28024985587617801 -0.067062904083039152 -0.27996849035146759 0.2211187865507436 0.012224661692407227 0.12882660337879881 0.14421871951613635 0.15338708184708241 -0.20944898032059894 -0.062526358393323558 -0.12467239554477008 -0.087843655286964958 0.056930862815128269 0.003956742179957836 -0.36050373420648485
leaf_weight=166.75 3514.25 5816.25 7563.75 10480.75 8459.75 14606.5 1680.25 958.5 341.5 2019.5 3124.75 6862.25 2110.25 15566 4268 4421 2952.75 508.5 3690.5 1502 659 1021 258.5 786.25 885 707.75 109 5042.75 9340.75 11054.75 848.75 1580.25 4493.25 88.75 6606.25 99 6579.75 193.75 6191.5 8450 181 7983 295.5 922.5 3076.25 12331 2842.5 532.5 361 1379 344.25 5923.75 677 8117.25 624.5 442.75 1112 328 461.25 13902.5 4960.25 105
leaf_count=250 4598 7080 10995 12493 11756 19090 2107 1071 550 3890 3175 7745 5819 22382 4268 4664 4350 510 4391 1502 659 1621 431 871 885 731 109 6263 13639 14852 1244 1785 5319 94 12214 99 8160 292 10036 10754 181 11718 393 3660 5300 18607 3684 774 361 1964 1158 6853 1190 11232 689 565 1985 394 468 20816 6104 144
internal_value=7.63751e-05 -0.0376198 -0.0591415 0.0945408 -0.100072 -0.0212807 0.0615275 0.0778779 0.0651996 -0.0486604 0.140286 0.126679 -0.0684524 -0.136433 0.0390613 0.0924808 -0.0675252 -0.167695 0.013635 -0.00390514 -0.122773 0.00903535 0.102994 -0.0135932 0.228452 0.147242 0.0302983 -0.0520095 -0.0596794 -0.0368164 0.0268494 0.103844 0.117683 0.18452 -0.0598176 0.243852 0.0682084 -0.120279 -0.00788574 0.0059746 0.130883 -0.0826533 -0.050161 -0.0528864 -0.0251671 -0.0761409 -0.00399355 -0.128105 0.123902 -0.246732 0.0524268 0.0237657 -0.00644595 0.127373 0.0255411 -0.0140336 0.0326856 0.0638075 0.0410188 0.0497023 0.00879684 -0.00373606
internal_weight=232512 166194 140090 66318.8 67314.8 72775.8 38522.5 26103.2 24078.8 40789.5 27796.2 24572.5 36008.2 31306.5 28725 17885.8 30320 2163.25 31986.2 22027.8 2161 19866.8 2417.75 6193 2024.5 5489.75 617.5 27548.5 25438.2 16097.5 24457 17621.5 14974 6951 28156.8 3223.75 12396 23742.8 9705.75 10469.5 1066 8176.75 24671.5 24376 11122.5 13253.5 17449 3485.25 4782 1545.75 9958.5 6268 1396.75 9797.5 2647.5 2023 4516.25 3404.25 1138.25 14751.2 5406.75 5065.25
internal_count=320984 234719 203917 86265 97716 106201 54301 30802 28665 65154 31964 28690 52329 45387 40962 20996 50510 2833 41047 28645 2161 26484 3710 7669 2137 5756 619 40573 34754 21115 36694 20851 17812 7839 47677 3274 15240 34392 14634 14644 1066 12010 42553 42160 19893 22267 22774 5124 5025 2214 12402 8011 2089 13339 3039 2350 7679 5694 1658 22060 6798 6248
cat_boundaries=0 1 2
cat_threshold=16 16
is_linear=0
shrinkage=0.04


Tree=36
num_leaves=63
num_cat=3
split_feature=4 21 0 0 21 4 21 4 21 1 32 1 11 25 32 14 5 25 4 30 20 26 21 1 7 15 1 22 27 6 21 14 1 25 4 11 0 21 20 0 0 21 21 21 25 22 17 22 15 6 25 21 15 19 14 15 22 22 25 21 21 1
split_gain=488397 223898 96549 80216.6 69126.2 49373.7 44180.6 32358.1 30471.7 29845.9 24370.1 24088.1 22134.9 17991 17715.6 17652.1 16818.4 16807 15233.2 14966.6 18178.2 14877.2 14260.7 14145.4 14077.2 13551.9 13028.6 12625.5 12287.4 14800.4 11304.6 11200.7 11023.8 12111.1 10989.6 10762 10621.2 10567.3 10538.1 10365.1 10065.2 9633.13 9400.09 9196.31 8914.55 8752.28 9916.74 8590.85 8531.48 10875.6 8474.78 8458.65 8384.44 8307.13 8048.48 8835.51 8284.52 10472.6 8045.86 7889.45 7635.13 7458.47
threshold=2.6149998903274541 70.549018859863295 2.2749999761581425 2.2250000238418584 76.617176055908217 2.9450000524520878 82.205451965332045 1.2549999952316286 80.24106597900392 2.8950001001358037 0 1.6050000190734866 0.0066445916891098031 86.625000000000014 1 95.450000762939467 27.500000000000004 276.37500000000006 3.3850001096725468 2 110.00000000000001 1.5000000000000002 88.393150329589858 2.245000004768372 23.500000000000004 3.5000000000000004 2.2949999570846562 0.097551945596933379 1.0000000180025095e-35 62.500000000000007 64.915882110595717 69.720001220703139 2.435000061988831 650.37500000000011 1.985000014305115 0.37640480697155004 1.5349999666213991 76.617176055908217 218.00000000000003 0.44499999284744268 3.1750000715255742 66.871685028076186 62.269115447998054 69.617095947265639 261.37500000000006 0.07381992414593698 1.5000000000000002 0.10587605834007265 2.5000000000000004 105.25000000000001 586.37500000000011 78.926559448242202 3.5000000000000004 10.500000000000002 83.520000457763686 3.5000000000000004 0.1597690433263779 0.15579720586538318 618.00000000000011 62.269115447998054 59.510065078735359 3.0049999952316289
decision_type=2 10 8 8 10 2 10 2 10 10 1 8 8 2 1 10 2 2 2 9 2 2 10 10 2 2 8 10 2 2 8 10 10 2 2 10 10 10 2 10 10 10 10 8 2 10 10 10 2 2 2 10 2 8 10 2 8 10 2 10 8 8
left_child=1 2 11 8 5 16 7 12 10 19 23 59 61 38 42 21 17 30 24 26 31 -14 53 35 44 -19 -4 36 37 -30 -2 -21 33 58 39 51 -15 -9 48 -10 -11 54 -13 45 60 -18 -47 -17 -12 -50 -8 -3 -46 -6 -28 56 57 -56 -16 -1 -7 -5
right_child=4 3 9 6 22 18 50 28 34 40 13 14 15 27 32 47 43 25 -20 20 -22 -23 -24 -25 -26 -27 41 -29 29 -31 -32 -33 -34 -35 -36 -37 -38 -39 -40 -41 -42 -43 -44 -45 52 46 -48 -49 49 -51 -52 -53 -54 -55 55 -57 -58 -59 -60 -61 -62 -63
leaf_value=-0.21672627780957396 -0.10659388126566148 -0.02494528736531286 -0.07139748123927149 0.11102247032874203 0.22659569049995512 -0.2171420924837105 0.20473979102006123 -0.020333040117326218 -0.38287990195942329 0.027125316699730499 0.034334974227258716 -0.20120153853072709 0.037596016554216981 -0.17366419464778626 -0.081263693514754445 0.11910882251985512 -0.028032190364750607 -0.022405152327147564 0.18750646926910958 -0.42047129441374737 -0.070625018136348985 -0.12627044079303198 0.35269137103090759 0.08029833717682261 0.1308847963404208 -0.22109860718560498 -0.082928105142323502 -0.32202736059224329 -0.0033174293112909286 0.15542022352276869 0.039424720197811125 -0.11993313137094744 -0.0042375276131677601 -0.28825505514789845 0.12450390330281952 -0.18436486852610848 -0.077067237599191943 0.045451680097406286 0.14384364615015999 0.014199511637253855 0.16119019689468375 0.0045532953287686214 -0.11419974901995847 0.092684070079204678 0.053296650331925058 -0.14286969508820874 0.075433027183541251 -0.26554242351933527 -0.10067429684898571 0.11081855970211728 -0.040085736517901309 0.16970295527107659 -0.11004513895113077 0.14819813043055416 -0.019905904243403723 -0.079732460648378925 0.04256805409526887 -0.26022449946194842 0.16751317374782537 -0.14216013206948611 0.09185122876037656 0.210589686201131
leaf_weight=2803 938.75 5451 12436.5 2640.5 2916.25 128.5 3330.25 13830.5 116.5 3159 1636.25 2328.75 4657.25 2503.5 15578 4547 2561 1537.5 3892.75 463 2213 1092.75 713 2651.5 11427.75 853 5316.75 441.5 1850.25 1907.5 8636.5 350 3364 449 2407.25 643.25 6699.75 5442.75 537.75 934.5 1249.5 12118.25 13680.75 8494.5 1367.5 354 5171.75 93 3246.5 440.25 242 380.25 792.5 8494.75 2489 2894.75 3798.75 326.5 209 12166 6935.5 2226.5
leaf_count=4003 1544 6354 16770 3005 3367 169 3421 17084 118 4248 3830 3837 5594 2709 24905 5345 3275 1539 4633 643 3401 1107 716 3049 15489 853 10743 443 2337 2848 12961 437 4114 449 2723 812 7224 6771 1536 1023 1464 17495 22671 11829 1369 510 6989 93 4337 786 242 444 794 9313 3434 5264 8556 352 209 16624 9832 2858
internal_value=0.000145168 -0.0360417 -0.0752522 0.0185528 0.0929993 0.0733144 0.0536409 0.0410829 -0.0337364 -0.0338537 -0.0493478 -0.113567 0.0862585 -0.0798686 -0.0956587 0.0532646 0.0375421 0.00139844 0.114913 -0.044152 -0.129752 0.0064198 0.179173 0.00251364 0.101213 -0.0934337 -0.0375255 -0.113451 0.0111509 0.0772983 0.0250891 -0.29171 -0.0701468 -0.0838001 0.0774186 -0.0293552 -0.103377 -0.00175229 -0.024582 -0.0304515 0.065181 -0.0219008 -0.126879 0.0636212 0.0644301 0.0330765 0.0613997 0.111286 -0.0416461 -0.0753705 0.188139 -0.0121973 -0.00667581 0.168271 -0.043522 -0.0214753 0.0040363 -0.0479423 -0.0779489 -0.156151 0.0861694 0.156641
internal_weight=232559 167344 97393.5 69950 65215.5 53091.5 41860.2 38288 28089.8 46815 24631.5 50578.5 15257 15505.5 35609.5 10390 28547 11965.8 24544.5 42406.5 3026 5750 12124 9126 20651.8 2390.5 39380.5 9644.75 23031 3757.75 9575.25 813 19600 16236 3458.25 6474.5 9203.25 19273.2 5860.75 1051 4408.5 26944 16009.5 16581.2 9224 8086.75 5525.75 4640 5323 3686.75 3572.25 5831.25 2160 11411 14825.8 9509 6614.25 2815.5 15787 14969 7064 4867
internal_count=320894 235712 149619 86093 85182 71786 50705 47042 35388 72807 31524 76812 18002 20865 56185 12139 39500 16897 32286 67095 4481 6701 13396 10659 27653 2392 62614 10376 29040 5185 14505 1080 29677 25563 3864 7610 9933 23855 10489 1141 5712 45844 26508 22603 12164 10774 7499 5438 8953 5123 3663 6798 2163 12680 28349 17606 12342 3786 25114 20627 10001 5863
cat_boundaries=0 1 2 3
cat_threshold=4 8 8
is_linear=0
shrinkage=0.04


Tree=37
num_leaves=63
num_cat=7
split_feature=11 0 21 21 21 0 4 21 1 32 21 24 1 4 1 1 17 29 19 24 32 20 21 21 22 11 9 4 4 21 8 22 21 0 24 21 19 32 6 24 19 26 24 21 22 28 8 19 22 24 20 22 6 24 19 21 21 32 20 7 29 1
split_gain=445941 155900 131331 96246.9 51485.4 40625.2 35218.6 32127.3 31181.1 22396.9 19400.3 19364.2 18264.2 17141 15772.8 14639.3 13686.2 15865.2 13552.1 13422.9 19709.8 15218.6 13056.2 12176.4 12125.3 11968.5 11524.3 11364 10815.2 10003.6 9784.8 13386.9 9988.51 9700.83 9478.59 9361.27 11995.1 9261.37 8765.08 8705.52 8666.14 15452.5 11379.1 9612.03 9261.13 8474.24 8374.16 8302.22 8268.76 14468.9 8126.94 9393.75 11868.7 7968.48 7952.38 8989.65 11302.4 10461.4 7813.7 7409.89 7383.47 7340.63
threshold=0.037408165633678443 2.8850001096725468 70.447662353515639 75.92813873291017 79.325862884521499 2.0349999666213994 2.2350000143051152 72.026847839355483 2.5249999761581425 0 63.086299896240241 0.050352701917290694 3.2549999952316289 1.0000000180025095e-35 1.985000014305115 1.2050000429153445 4.5000000000000009 1 9.5000000000000018 1.0000000180025095e-35 2 110.00000000000001 89.870384216308608 83.14151763916017 0.16758911311626437 0.25645792484283453 18.500000000000004 2.2050000429153447 2.6650000810623173 70.751132965087905 211.25000000000003 0.044447327032685287 82.51377105712892 3.2949999570846562 0.064879272133111968 62.269115447998054 167.50000000000003 3 17.500000000000004 0.049344956874847419 163.50000000000003 1.5000000000000002 0.14791696518659594 71.359138488769545 0.03876463137567044 4 107.25000000000001 23.000000000000004 0.13746111840009692 0.17640001326799395 181.50000000000003 0.026197687722742561 83.500000000000014 1.0000000180025095e-35 49.500000000000007 60.628669738769538 58.996784210205085 5 218.00000000000003 23.500000000000004 6 0.44499999284744268
decision_type=10 10 10 10 10 10 2 10 10 1 8 10 10 2 8 8 10 9 10 8 1 2 10 10 10 10 2 2 2 10 2 10 10 10 10 8 8 1 2 10 10 2 10 10 10 9 2 10 10 10 2 8 2 10 10 10 10 1 2 2 9 8
left_child=1 3 5 8 6 15 13 12 10 29 54 22 -3 -4 -7 -2 17 26 -9 -12 34 24 27 39 -22 -13 58 61 -8 46 32 -32 33 -20 38 -17 -37 -19 -21 60 41 42 43 -23 -45 -11 -10 -34 -43 -50 51 -18 -53 -39 -1 56 -56 -58 -15 -41 -5 -6
right_child=2 7 4 23 11 14 28 18 9 45 19 25 -14 16 -16 35 50 37 30 20 21 40 -24 -25 -26 -27 -28 -29 -30 -31 31 -33 47 -35 -36 36 -38 53 -40 59 -42 48 -44 44 -46 -47 -48 -49 49 -51 -52 52 -54 -55 55 -57 57 -59 -60 -61 -62 -63
leaf_value=-0.18380042259757168 -0.17408147772683641 0.064681897070174105 0.026546621683263084 0.25265640416745561 -0.28434219179071935 -0.097945072321409213 0.0085476327775849802 0.22611478717154984 0.014741619040530554 0.052960710184359126 0.13533530304462971 0.28290923701276754 0.14462070954822492 0.010765071755482731 -0.038856595352290364 -0.16336491304720266 -0.098840718581249057 -0.06179090932469098 0.10755399630120278 -0.19060785471922168 -0.27490222158817373 -0.00038752474170637035 0.26082188692840685 0.19738339316044159 0.039452321645797664 -0.11656241809269961 -0.35220045385577464 0.1056154178356182 0.10311575502432067 0.13827782259072668 0.11287811497512416 -0.49337842248006653 0.10768751877382801 0.17734593950043862 -0.033931659930007602 -0.083579387445885736 -0.14982658029174534 0.09876613677243444 -0.067838804001725664 0.10941000074231402 -0.023535688191169954 -0.0069619432973437511 0.15391660149094999 -0.055385049484806402 0.13249814857081882 -0.016672956767708889 0.11704926139075163 0.32365396805151514 -0.27075563367626287 0.16284120253841561 -0.055374450428353053 -0.044855862828249944 0.19602494911343113 -0.13908897967987671 -0.097706766816734916 -0.12456900207752307 0.25833912368411949 -0.09981828392610588 0.29976774389075206 0.23384006494038456 0.065288535776353282 0.006259719570666975
leaf_weight=1360 7095.5 19539.5 3445.5 343.75 144.25 11292.75 13601.25 3276.75 3626.5 3861.5 929.25 1070 5972.25 1936 20091.5 4398 473 4810 9487.5 1442.25 549.75 4089 489 2324.5 304 134 130 2670.5 2254 3348.25 155.25 90.75 440 4812.5 6660.5 17909.25 5792.25 230.75 2627.5 2401.75 8273.5 4588.75 1704 517.5 2197.75 10121 1977.25 820.75 478.75 164 2474.5 518.25 883 7716.25 672 1816 398.25 192.25 160.25 1128.25 7638.75 2833.75
leaf_count=1957 9917 27626 4236 460 160 15147 17079 4002 4384 5666 3717 1115 7671 2242 33083 6552 602 5656 10935 1797 1224 6432 489 2380 604 143 199 2993 2740 3808 177 102 440 5285 8570 27093 9861 923 3403 2542 12592 8893 2016 609 2680 14219 2293 856 481 164 3577 747 1354 9439 753 2557 432 280 308 1204 9240 3325
internal_value=-8.25689e-05 0.0534494 -0.057314 0.0185113 -0.00531651 -0.0932179 -0.0237704 0.112781 -0.00280932 0.0341933 -0.0245896 0.0917711 0.0834056 -0.0556326 -0.0601231 -0.122724 -0.0702809 -0.0884107 0.152039 -0.0144667 -0.018618 0.00236974 0.0629521 0.113876 -0.163128 0.238324 0.0102802 0.0457346 0.0220034 0.0835873 0.136656 -0.112914 0.140616 0.131064 -0.0633374 -0.109744 -0.0997807 -0.105558 -0.11142 0.0969825 0.00880291 0.028277 0.061535 0.0383602 0.0966721 0.00256179 0.0508706 0.248578 -0.0258134 -0.159947 -0.00780241 0.0549929 0.106993 -0.132158 -0.103291 -0.0676248 0.0143457 0.141776 0.0331267 0.149292 0.0738176 -0.00799532
internal_weight=232885 120332 112554 75736.5 45974.2 66579.2 38632.8 44595.2 61899.5 22934.5 38965 7341.5 25511.8 22777.5 31384.2 35195 19332 14983.2 19083.5 34526.5 33597.2 22867 6137.5 13837 853.75 1204 2226.25 5648.5 15855.2 8952 15806.8 246 15560.8 14300 10730.2 28099.5 23701.5 12757 4069.75 11512.5 22013.2 13739.8 8508.25 6804.25 2715.25 13982.5 5603.75 1260.75 5231.5 642.75 4348.75 1874.25 1401.25 7947 4438.5 3078.5 1262.5 590.5 2096.25 3530 7982.5 2978
internal_count=321431 162451 158980 105357 57327 101653 49102 57094 89531 30370 59161 8225 35297 29283 48230 53423 25047 18767 21797 53182 49465 35695 6967 15826 1828 1258 2749 6478 19819 10485 17795 279 17516 16220 13770 43506 36954 16018 5200 13446 33867 21275 11737 9721 3289 19885 6677 1296 9538 645 6280 2703 2101 10362 5979 4022 1465 712 2550 3746 9700 3485
cat_boundaries=0 1 2 3 4 5 6 7
cat_threshold=4 12 8 4 4 4 160
is_linear=0
shrinkage=0.04


Tree=38
num_leaves=63
num_cat=5
split_feature=4 21 0 21 4 4 0 21 11 32 4 21 21 4 4 5 25 20 4 30 23 19 22 33 25 19 6 4 27 25 7 23 14 0 25 21 21 23 19 25 25 11 24 17 23 11 21 21 30 23 25 20 19 19 29 17 19 23 19 17 0 21
split_gain=420227 183816 103351 73770.7 48141.8 44520.7 38330.1 32820.9 28708.1 24130.9 23427.4 18321.5 18244.6 17111 15294.3 14708.5 23269 15350.4 13821.7 15134.7 13670.9 17318.8 16100.6 13041.6 12909.3 15553 16185 12833.4 12284.7 11774.9 11768.8 11513.3 11109.8 12561.8 10977.8 10760.5 10748.4 11353.7 11368.2 14142.4 10666.9 10663.7 10614.2 10575.7 10384.9 10358 10318.9 10306.9 10210.7 10093.6 10006.2 10301.4 9366.3 9298.25 9129.87 8790.55 8666.71 8541.02 8284.25 7941.99 7915.85 7854.29
threshold=2.554999947547913 73.233318328857436 2.2549999952316289 74.533176422119155 2.9450000524520878 1.0000000180025095e-35 3.0049999952316289 81.854526519775405 0.25845077633857733 0 2.1950000524520878 88.393150329589858 66.871685028076186 1.8450000286102297 1.985000014305115 27.500000000000004 272.62500000000006 218.00000000000003 1.6749999523162844 1 1.0484992265701296 9.5000000000000018 0.062203435227274902 2 487.75000000000006 167.50000000000003 189.25000000000003 3.6450001001358037 1.0000000180025095e-35 465.75000000000006 23.500000000000004 1.0013249516487124 95.450000762939467 0.81499999761581432 81.125000000000014 68.308303833007827 62.269115447998054 1.0153971314430239 190.50000000000003 279.37500000000006 661.25000000000011 0.50084745883941661 0.3201736062765122 4.5000000000000009 1.0277263522148135 0.50084745883941661 68.252796173095717 63.97326850891114 3 1.1267514824867251 261.37500000000006 218.00000000000003 163.50000000000003 59.500000000000007 4 5.5000000000000009 23.000000000000004 1.0939428806304934 5.0000000000000009 2.5000000000000004 0.75499999523162853 59.510065078735359
decision_type=2 10 8 10 2 2 10 10 10 1 2 10 10 2 2 2 2 2 2 9 10 8 10 9 2 8 2 2 2 2 2 10 10 10 2 8 10 10 8 2 2 10 10 10 10 10 10 8 9 10 2 2 10 10 9 10 10 8 10 10 10 8
left_child=1 2 8 4 15 32 12 10 9 24 34 20 48 -8 60 16 35 -18 19 57 21 59 29 -10 25 47 -27 30 55 -23 50 -20 33 49 43 -2 -11 46 42 -40 -26 -25 58 56 -16 -36 -38 52 -4 -3 61 -52 -1 -37 -46 -12 -7 -14 -39 -5 -9 -6
right_child=3 5 6 11 27 7 13 14 23 36 28 -13 18 -15 44 -17 17 -19 31 -21 -22 22 -24 41 40 26 -28 -29 -30 -31 -32 -33 -34 -35 45 53 37 38 39 -41 -42 -43 -44 -45 54 -47 -48 -49 -50 -51 51 -53 -54 -55 -56 -57 -58 -59 -60 -61 -62 -63
leaf_value=-0.13550574095096571 -0.044174637095140003 -0.02786673907569413 -0.0551187416654077 0.23355521855118611 -0.18850488619153857 0.090978321241587654 0.12273129671581202 -0.40781539611980833 -0.01269765773032365 -0.18439265797311907 0.017533443617637163 0.33352742126205492 -0.021905542358142648 -0.03097353740074249 0.045211990363110896 0.045858975737218789 -0.045868760291789754 -0.251438647841361 0.13241800942165596 -0.16259688119521315 0.18362667421521206 0.06986221155276516 -0.45535718022712024 -0.13602787269001185 0.090201601249327357 -0.14876579842271842 0.14772224883982757 0.27808802066184807 0.14407113237896771 0.1834404089100769 0.12283565098684437 -0.042141576935380266 0.14142870682197889 0.11042752304743832 -0.072532500223256927 0.10580163444934854 -0.086157230398239137 0.20630595356101789 -0.059845803631452366 -0.25806737985548561 -0.13668072719584176 -0.2314997378905142 0.23962767870599208 0.16069407819807499 0.2716016006204347 -0.34478071165445301 0.11046181937974532 -0.016814508264666125 -0.17034724547479832 0.39997848298692185 0.050739141343380353 -0.12381272796706945 0.12480002454518063 0.0099077322600439888 0.11074904967493721 -0.38836594260587937 -0.075199686882455735 0.049016555041007062 -0.098444744814519508 0.014879681587414345 -0.0082340638835140256 0.092664787490862446
leaf_weight=2161.75 3129.5 2148.5 19379.75 2154.25 160.75 703.75 3910 92.25 1236 2436.25 11651.75 801 3950 1645.5 1080 18828 1668.25 891 623.25 701 6747.5 7411 84.75 14848 1751 3693.75 318.5 632.25 1300 1819 11487 18319.75 6059.25 3584.5 6722 2554 941.5 142 916.5 1555 407 2146.5 150 593.5 1212.5 229.5 778.25 10054.75 1309.25 90 1629.75 807.25 244.75 4409.75 1152 84 1739 8693 18740 303.5 501.75 7157
leaf_count=2731 5129 2480 33536 2746 208 1363 4813 96 1827 3967 14432 804 6323 2553 1131 26031 1669 891 2493 956 7055 8989 126 22753 1751 6045 431 684 1831 1819 15669 23677 7098 4249 7145 3868 3748 142 1752 1555 407 3594 150 1486 1385 252 2651 13540 2087 90 1632 808 247 6767 1152 84 2786 9797 24611 431 516 10193
internal_value=-0.000382251 -0.0366121 -0.06093 0.0793776 0.0551223 0.0389757 -0.0227298 0.0106336 -0.0966903 -0.0792936 -0.0078186 0.146345 -0.0332129 0.0772088 0.115783 0.0234472 -0.00990481 -0.117581 -0.0144203 0.0167601 0.138214 0.112157 0.0872012 -0.138942 -0.0446368 -0.0566879 -0.125166 0.100702 0.027498 0.0922814 0.0953958 -0.0363845 0.103512 0.0640204 -0.0539099 0.0174148 -0.104452 -0.0960507 -0.103959 -0.184672 0.0473208 -0.148026 -0.0934593 0.00953793 0.148099 -0.0816184 0.00284042 -0.0346222 -0.0625358 -0.0103198 0.0630638 -0.00713155 -0.108947 0.0450989 0.195012 0.0145618 -0.0272857 0.0268368 -0.0961309 0.206589 -0.0714639 0.0864374
internal_weight=232673 159997 121053 72675.5 53354.5 38944.2 58531.5 27062 62521.5 44291 23023.5 19321 52976 5555.5 4038.5 31480.5 12652.5 2559.25 32287 13344 18520 11772.5 9314.75 18230.5 18631.5 16473.5 4012.25 21874 13035.8 9230 21241.8 18943 11882.2 5823 9987.75 10093.2 25659.5 23223.2 21503.5 2471.5 2158 16994.5 19032 3036.25 3444.5 6951.5 1719.75 12461.2 20689 2238.5 9754.75 2437 2406.5 6963.75 2364.5 11735.8 2442.75 12643 18882 2457.75 594 7317.75
internal_count=321232 225713 178137 95519 73549 47576 86235 33659 91902 63728 29379 21970 78869 7366 4280 44355 18324 2560 43246 17076 21166 14111 10934 28174 25152 22994 6476 29194 16347 10808 28510 26170 13917 6819 13032 15764 38576 34609 28210 3307 2158 26347 24903 5635 3668 7397 6399 16518 35623 2570 12841 2440 2978 10635 2537 14516 4149 16120 24753 3177 612 10401
cat_boundaries=0 1 2 3 4 5
cat_threshold=4 12 8 8 48
is_linear=0
shrinkage=0.04


Tree=39
num_leaves=63
num_cat=5
split_feature=11 21 0 0 21 21 32 4 23 0 21 21 0 9 4 17 23 32 11 7 25 15 32 21 21 24 23 32 25 9 21 21 0 17 19 22 25 8 5 25 6 22 21 25 23 19 23 21 0 25 22 21 23 19 14 6 33 8 25 23 22 11
split_gain=382708 149631 107738 79722.2 59507.9 29194.2 27470.6 24548.6 22760 22548.2 25843.9 20968.3 18844.3 18755.7 18742.4 14565.2 14123.9 12882.7 12766.1 12168.5 12212.5 12066.4 11933.4 11927.8 11355.6 12891 14541.5 11091.7 10997.2 10808.4 10399.3 10277.4 10248.9 9663.51 9530 11769.4 9283.73 8827.02 8736.93 8678.77 8663.4 8607.74 8539.62 8733.33 8503.69 8488.72 11290.1 9398.55 8410.55 8184.45 8649.25 8001.35 7942.01 7809.56 8806.96 7684.78 7634.07 7543.26 7466.05 7372.25 9872.84 8077.35
threshold=0.037408165633678443 76.617176055908217 3.0649999380111699 2.185000061988831 75.729537963867202 69.821186065673842 0 2.1350001096725468 1.0153971314430239 1.6349999904632571 84.929595947265639 69.88785552978517 2.4850000143051152 3.5000000000000004 2.6950000524520878 4.5000000000000009 1.0484992265701296 1 0.50084745883941661 30.500000000000004 276.37500000000006 3.5000000000000004 2 67.610927581787124 63.086299896240241 0.16615853458642962 1.1873807907104494 3 92.875000000000014 13.500000000000002 81.344814300537124 82.205451965332045 2.8850001096725468 4.5000000000000009 36.000000000000007 0.042111476883292205 125.50000000000001 62.500000000000007 22.500000000000004 19.125000000000004 86.500000000000014 0.074320640414953246 69.445976257324233 272.62500000000006 1.0484992265701296 49.500000000000007 1.1343392133712771 62.269115447998054 3.5849999189376835 496.62500000000006 0.071642290800809874 70.751132965087905 1.0277263522148135 10.500000000000002 88.009998321533217 175.25000000000003 4 79.500000000000014 137.62500000000003 1.2179238796234133 0.12391588091850282 0.056641967967152602
decision_type=8 10 8 8 10 10 1 2 10 8 10 10 10 2 2 10 10 1 10 2 2 2 1 10 8 10 10 1 2 2 10 10 8 10 8 8 2 2 2 2 2 10 8 2 10 10 10 10 8 2 8 10 10 10 10 2 9 2 2 10 8 10
left_child=2 3 4 7 6 24 8 13 23 18 16 49 57 56 37 17 34 -15 36 20 53 -22 41 -1 45 -26 -27 51 32 -19 44 48 38 -18 -11 -36 -3 42 -7 -40 -31 -6 -8 -44 -24 46 47 -5 -13 50 -4 -9 -17 54 -14 -12 -2 -10 -55 60 -28 -61
right_child=1 9 11 5 22 28 14 27 12 10 55 31 19 15 -16 52 33 29 -20 -21 21 -23 30 -25 25 26 59 -29 -30 40 -32 -33 -34 -35 35 -37 -38 -39 39 -41 -42 -43 43 -45 -46 -47 -48 -49 -50 -51 -52 -53 -54 58 -56 -57 -58 -59 -60 61 -62 -63
leaf_value=-0.0082109014297588861 0.043380599206302675 0.078727259756456822 -0.0064287937327242332 -0.12757833293170265 0.07886736120900352 -0.039598339049080888 -0.085181891864138978 -0.044476617563071537 -0.12027227143430917 0.082177576101208044 0.26402023197994973 0.12919890440937626 -0.025998620567208183 -0.16925885622531678 0.08364690442345038 0.050466699355956851 0.094911829738700298 -0.08905674255889931 -0.38582241647744253 0.031181360083575051 -0.059925742864209236 -0.29942462273418491 0.073603743630792529 0.173848461519825 -0.051792944551174884 0.26492870606395724 0.13229381890276382 -0.083228193311835563 -0.01887291785510543 -0.24305892325349918 0.23672418498300599 0.24658327330652918 0.088710547842953555 0.25005931566858181 0.0072751034339954765 -0.30598800208252036 -0.07540979142750065 0.033953361854609961 0.12552054652782782 0.0018802485589926863 -0.12640766050658975 -0.31934272474998776 0.046874427041195724 -0.17719985195779819 0.18909108036828021 -0.069744273426344983 -0.21836146523626895 0.32839895160364202 0.2142878174557476 0.15504546095952459 0.085150541944278027 0.043760445363509592 -0.085160393022302633 -0.055968993428738234 0.23167773814510154 -0.027298679863175922 -0.074026987034338576 -0.041751084654652333 0.045580624249099241 0.10395970157168147 -0.12970768592785878 -0.025314259465880239
leaf_weight=944.75 978.25 1001 2140 183.75 7043.75 3309 2300 5596 3532.5 3402 1470 15096.25 433.5 11439 10636.75 831.75 4452.25 10039.75 157.5 8647.75 1026 500 2654.5 1471.25 23810.25 356.25 288 9142.5 11978 1467 1633.25 1574.25 3888.75 750.25 4124.75 199.25 1658 12970.25 1466 2383.25 3364.25 86 2331.5 314 1660 4491.75 1479 116.5 2125 1910.25 7199.25 2326.25 4039.75 4466.5 413 160.25 9004.75 4396 1562 1437.75 1116 1669.25
leaf_count=3737 1564 1463 2770 357 8267 4491 3206 7993 5013 4125 1569 17560 603 16980 14173 2259 4597 13450 174 10204 1026 500 3550 4682 41955 441 327 13488 12269 2589 1718 1593 6084 802 5240 257 1658 16949 2411 4259 4829 86 3941 314 1744 6054 1920 163 2356 1911 11802 2666 5176 6334 611 161 13282 5281 1562 1605 1290 1688
internal_value=4.88561e-05 -0.0441329 0.0596208 -0.0605034 0.0320978 -0.0272972 0.0141393 -0.0935615 -0.0144762 0.0653443 0.0853849 0.122843 -0.0258186 -0.110284 0.0415923 -0.125563 0.0664366 -0.137328 -0.0382315 -0.00212245 -0.0364047 -0.138693 0.10891 0.102705 -0.0503361 -0.0396683 0.01964 -0.0532131 0.00767325 -0.112746 0.150749 0.148699 0.0364556 0.117375 0.0321137 -0.00729301 -0.0173652 0.0166171 0.00804985 0.0490119 -0.161916 0.0739748 -0.0288433 0.0201618 0.118106 -0.0990909 -0.173011 0.0503213 0.139722 0.0796254 0.0641683 -0.0185616 -0.0619909 -0.0136655 0.0999598 0.235381 -0.0625455 -0.0767583 -0.0296495 0.000158107 -0.0758464 0.0345325
internal_weight=232646 133578 99068.2 116203 69023.2 57973.5 55945.8 58229.2 27393.2 17375.2 14558.8 30045 24977.2 41164.5 28552.5 31181.5 12928.5 26310 2816.5 17048.8 8401 1526 13077.5 2416 34948.5 28677.5 4867.25 17064.8 23025 14871 5947.75 18795.5 11047 5202.5 7726 4324 2659 17915.8 7158.25 3849.25 4831.25 7129.75 4945.5 2645.5 4314.5 6271 1779.25 300.25 17221.2 11249.5 9339.25 7922.25 4871.5 6875 846.5 1630.25 9983 7928.5 6028.5 4511 1404 3107
internal_count=321129 189636 131493 169590 93501 85314 78136 84276 39553 20046 16751 37992 31134 60129 38583 45283 15021 37848 3295 20840 10636 1526 15365 8419 55800 47306 5351 24147 29514 20868 7012 21509 17245 5399 9622 5497 3121 24410 11161 6670 7418 8353 7461 4255 5294 8494 2440 520 19916 16483 14572 10659 7435 9110 1214 1730 14846 10294 7896 4910 1617 3293
cat_boundaries=0 1 2 3 4 5
cat_threshold=8 8 8 4 8
is_linear=0
shrinkage=0.04


Tree=40
num_leaves=63
num_cat=11
split_feature=0 21 21 0 4 21 1 1 32 23 21 11 32 1 32 14 21 20 4 8 15 11 23 1 25 6 33 21 6 23 33 29 23 32 21 4 1 25 1 6 29 22 6 29 29 20 24 8 22 15 25 23 24 21 5 8 21 22 29 1 22 24
split_gain=368667 140048 84348.5 57608.4 52081.9 41939.6 32596.7 29078.8 19846.2 17459.1 17374.1 17080.8 16678.9 14506.8 16839.6 13733.5 13565.4 13490.7 12110.1 13366 12049.7 11818.4 10976.9 10841.3 12268.2 11393.5 10678.6 10536.3 12801.5 11713.1 10502.9 10474.2 10429.6 9259.36 9109.25 9092.44 9075.07 8943.14 8749.38 8746.13 8975.33 8695.97 8639.64 8353.91 8130.04 7992.4 12111.8 7901.52 8627.17 7721.84 7704.49 7491.26 7429.24 9657.78 8600.91 7417.27 7331.53 7739.3 7299.41 7224.01 7172.69 7082.64
threshold=2.3950001001358037 69.88785552978517 70.549018859863295 3.0649999380111699 2.8649998903274541 77.739685058593764 2.2250000238418584 1.9550000429153445 0 1.0013249516487124 78.926559448242202 0.034909110516309745 1 2.6450001001358037 2 78.58499908447267 80.24106597900392 159.00000000000003 2.0449999570846562 87.500000000000014 3.5000000000000004 0.24008733034133914 1.0153971314430239 2.7350000143051152 661.25000000000011 106.25000000000001 3 84.929595947265639 173.25000000000003 1.0489010810852053 4 5 1.0013249516487124 6 67.659801483154311 3.3850001096725468 3.054999947547913 13.875000000000002 3.4250000715255742 85.500000000000014 7 0.13181531429290774 23.500000000000004 8 9 184.00000000000003 0.076709736138582243 71.500000000000014 0.072171278297901167 3.5000000000000004 279.37500000000006 1.1314728260040285 0.064375076442956938 71.565551757812514 22.500000000000004 16.500000000000004 68.111885070800795 0.23492708802223208 10 3.0349999666213994 0.033055298030376441 0.045012684538960464
decision_type=8 10 10 10 2 10 8 8 1 10 10 8 1 10 1 10 10 2 2 2 2 8 10 10 2 2 9 10 2 10 9 9 10 1 10 2 8 2 10 2 9 10 2 9 9 2 10 2 8 2 2 10 10 10 2 2 10 10 9 10 10 10
left_child=2 4 7 5 11 9 10 33 42 -3 26 18 22 52 -15 21 32 51 36 50 38 -13 34 24 25 49 37 29 58 31 -12 -7 -10 41 -9 47 -2 -4 -5 40 -39 -1 -8 -34 -19 46 -41 -6 -49 -14 -20 -17 54 60 -11 -22 57 -53 -29 -44 -54 -33
right_child=1 3 6 20 35 27 8 12 16 13 30 15 23 14 -16 17 -18 44 19 -21 55 -23 -24 -25 -26 -27 -28 28 -30 -31 -32 61 43 -35 -36 -37 -38 39 -40 45 -42 -43 59 -45 -46 -47 -48 48 -50 -51 -52 56 53 -55 -56 -57 -58 -59 -60 -61 -62 -63
leaf_value=-0.12349987017219065 0.014734818479483309 0.2523350948709478 0.049658455651345162 0.13671155627585621 0.017908756230855697 0.32445994126240196 -0.12623155898738012 -0.070049325227690654 0.18619649098569571 -0.043254178741337405 0.050441139020707529 -0.037022840947953842 -0.054260382991822481 0.12453724002843167 0.033981965706962242 -0.044718745021950987 0.10223158832547286 0.093722934125809329 -0.032673859725494102 0.021252293984601697 -0.12428229639583574 -0.12631707433148964 -0.10638202968982735 0.061697982976479201 -0.2389696331102287 3.1029913299801431e-05 -0.14087322284639586 0.30578978476774138 -0.10133371599863568 0.16435782435183766 -0.27040195610356887 0.073317051319374743 0.11546602480095203 -0.10283115601910175 0.10793522870944744 0.15411577986502384 0.12164374978954751 0.0050302431068138722 0.21241204769419386 -0.032470516087151444 -0.1160003634930702 -0.203595946487374 0.089901753709399249 -0.036104230912576203 -0.037474915888415283 -0.06208402626001213 0.15338556453732941 0.015757694220899291 0.11342763025637373 -0.15575801462093442 -0.13818846045933597 -0.0082131918754759243 0.35613662918545735 0.065178662414183575 0.024583413148269444 0.086447755914251537 0.35639405948408814 0.33290857604229468 0.10867661599510095 0.30756191181045428 -0.0099679978802180037 -0.27436450636512355
leaf_weight=5888.25 3163.25 592.75 1298 14449 5395.25 255.75 281.75 1282 379.75 5602.75 3295.75 4724.5 8170.25 5087.5 9278 331.5 1717.75 783.25 4813 7923.5 288.25 4765.25 14342.75 1580 519 6313.5 2441.5 1078.5 186.25 3670.25 160 7522 608.75 15785.5 715 1647.5 2122 1211 2949.75 1757.25 5278.25 3450 5092.5 9435.75 15696.5 4335.25 821.75 2106.5 4626.25 1405 1437 355.75 85 7737 6408.75 3401.25 256 149.75 472 254.75 5407.5 93
leaf_count=8574 3686 2371 1781 16744 8399 342 314 5062 1519 7483 3841 7192 13727 5911 11408 828 1945 1918 9169 11675 304 8414 19646 1913 519 9744 2887 1125 187 3749 172 8674 779 20770 2674 2174 3241 1559 3315 2298 6617 5187 5889 11688 23822 5851 866 2675 7087 2785 1440 775 85 8340 8475 3780 256 239 472 278 6351 117
internal_value=0.000120742 0.0430016 -0.058997 0.0796557 -0.00232725 0.0575732 -0.012761 -0.0888361 0.0269304 0.0372111 -0.0470033 -0.0225571 -0.0648966 0.0339788 0.0660653 -0.0431084 -0.00185367 -0.0221634 0.00602587 -0.0132442 0.135643 -0.0818797 -0.0941501 -0.0383153 -0.047953 -0.0416837 -0.0634962 0.119205 0.211064 0.105347 0.0348 0.0777933 -0.0190223 -0.121538 -0.00627603 0.0659839 0.0576895 -0.0504979 0.149569 -0.0602413 -0.0935892 -0.153129 0.0889989 -0.0268173 -0.0311941 -0.0289241 0.0268189 0.0539877 0.0828842 -0.0691836 -0.0569715 0.113798 0.0157132 0.0363889 -0.00706062 0.0699234 0.182751 0.0937391 0.248677 0.100384 -0.00417326 0.0689085
internal_weight=232683 134862 97821 74565.2 60296.8 53477 38369.8 59451.2 17771 40199.2 20598.8 46521.2 34327.5 39606.5 14365.5 27062.5 12142 17572.8 19458.8 14173.5 21088.2 9489.75 16339.8 17987.8 16407.8 15888.8 17143 13277.8 1736.75 11541 3455.75 7870.75 10424.2 25123.8 1997 13775.5 5285.25 14701.5 17398.8 13403.5 6489.25 9338.25 5629 10044.5 16479.8 6914.25 2579 12128 6732.75 9575.25 6250 1093 25241 13229.5 12011.5 3689.5 761.5 505.5 1550.5 5347.25 5492.5 7615
internal_count=321108 182223 138885 89233 92990 65090 48284 90601 22412 50424 25872 72655 56070 48053 17319 43444 15931 27838 29211 22284 24143 15606 27382 28688 26775 26256 21859 14666 1784 12882 4013 9133 13986 34531 7736 20335 6927 18972 20059 17191 8176 13761 6481 12467 25740 9015 3164 18161 9762 16512 10609 2098 30734 14776 15958 4084 1270 1014 1597 6167 6436 8791
cat_boundaries=0 1 2 3 4 5 6 7 8 9 10 11
cat_threshold=4 8 4 9 69 32 8 12 8 12 88
is_linear=0
shrinkage=0.04


Tree=41
num_leaves=63
num_cat=4
split_feature=11 0 21 21 21 11 4 21 21 23 7 25 6 0 4 22 0 4 19 23 19 6 14 20 5 29 24 21 23 0 24 20 14 11 25 8 21 29 30 21 5 24 21 24 25 23 21 20 22 5 4 19 33 21 21 19 23 22 21 21 25 17
split_gain=333308 114301 95470 71439.6 39253.2 30295.3 29342.5 27175.8 24131.9 22705.1 20598.5 20253.6 18212.3 16106.5 15518.9 15363.2 13219.1 13616.4 12785.6 12403.2 11900.3 11660.3 11505.2 20183.7 14117.3 13720 11565.9 11066.6 15655.8 10518.3 10303.4 10445.9 11702.2 10157.2 9937.85 9931.63 9917.17 9503.2 9043.64 9012.32 8883.91 12340.3 8881.75 10421.3 8831.58 8119.15 8339.96 8021.3 8000.97 7841.5 14173.9 8665.12 7795.83 7742.73 7574.4 7464 7442.96 12478.1 10587.9 10232.8 9306.05 7436.16
threshold=0.037408165633678443 2.8850001096725468 70.447662353515639 71.359138488769545 80.24106597900392 0.23540768027305606 2.4150000810623173 72.026847839355483 77.426959991455092 1.0879712104797366 35.500000000000007 88.125000000000014 90.250000000000014 3.3549998998641972 2.3649998903274541 0.097551945596933379 0.58499997854232799 2.0049999952316289 52.500000000000007 1.0013249516487124 9.5000000000000018 221.25000000000003 86.174999237060561 159.00000000000003 6.5000000000000009 0 0.023071561008691791 86.135070800781264 1.0570134520530703 2.7849999666213994 0.079364828765392317 159.00000000000003 68.924999237060561 0.32311052083969122 496.62500000000006 18.500000000000004 62.269115447998054 1 2 89.870384216308608 20.500000000000004 0.033707041293382652 59.93836975097657 0.3201736062765122 45.125000000000007 1.0928332209587099 65.71753311157228 218.00000000000003 0.043041927739977844 41.500000000000007 1.8550000190734866 167.50000000000003 3 65.668624877929702 60.34489822387696 167.50000000000003 1.0484992265701296 0.074320640414953246 77.426959991455092 83.14151763916017 465.75000000000006 4.5000000000000009
decision_type=10 10 10 10 10 10 2 10 10 10 2 2 2 10 2 10 8 2 10 10 10 2 8 2 2 9 8 10 10 8 8 2 10 10 2 2 8 9 9 10 2 10 8 10 2 8 8 2 10 2 2 8 9 8 8 8 10 10 10 10 2 10
left_child=1 3 5 10 6 14 11 13 9 19 22 12 18 34 42 21 17 -6 47 -5 -9 33 24 -24 26 -25 -1 28 44 35 -28 32 38 37 -3 -27 -7 52 53 -10 41 -21 -2 49 -18 -12 -47 -4 -46 50 -44 -52 -13 -32 -31 -11 57 59 -58 60 -22 -38
right_child=2 7 4 8 16 36 -8 20 39 55 45 15 -14 -15 -16 -17 27 -19 -20 40 56 -23 23 25 -26 29 30 -29 -30 54 31 -33 -34 -35 -36 -37 61 -39 -40 -41 -42 -43 43 -45 48 46 -48 -49 -50 -51 51 -53 -54 -55 -56 -57 58 -59 -60 -61 -62 -63
leaf_value=0.12643669330972496 -0.16558525633756424 0.039474428094367804 0.0076457890439818764 0.25748221737055849 -0.50350790798386857 -0.17555931491272364 0.049693170433173672 0.20336303391870483 0.10550958795627867 0.12706338662436659 -0.011024652558890386 0.0064564583508952616 0.078409165025498551 0.12589874889122785 -0.019529111572082616 -0.25084625754521989 0.41825485872970058 0.076165125760652611 -0.071703028860501061 -0.15650498495456439 0.059116067907906834 -0.31679847470459654 0.21022824340108695 0.12408491525121867 -0.0095871522849100589 -0.1553093303888165 -0.21928647418113759 0.2103257990259817 0.22764895377634431 -0.12936458365901934 -0.42622838679623615 -0.13462503099634052 0.056646982797888414 -0.13269832327293402 0.1166387921896193 -0.04109210731737143 -0.11572471275205221 -0.068147292188801528 -0.027591174748397257 0.32030479588781718 0.028793641814608261 -0.0064935291447281718 -0.031361469563901817 0.11320451294062089 0.038006768682462923 -0.0031542000341369791 0.083192734981670638 0.21157679344610777 -0.29395181584506608 -0.04575200887747094 -0.090016178022345628 -0.16054633766381662 -0.13011515731791243 -0.12521488713246323 0.016018869888343432 0.040075954859361655 0.1255641140299413 -0.25618946543438037 0.24846270616295929 0.22431009274256425 0.16785355658580436 -0.033221556165543224
leaf_weight=353.75 1629.5 15996.25 3820.25 310.75 116.25 4081.5 8003.25 3264.75 10239.75 4546.25 5695.5 6767.25 3682.25 6341 10791 660.25 92.5 142.5 4799.5 1102 5548.75 266 620.25 964.75 4831.25 1459.25 1113.75 1246.25 858.25 622.5 204.75 3442.25 1315.5 2151.5 3205 7340.5 14845.25 8922 992.25 321 8244.5 4276.25 5468.75 488 3237.75 2807.25 4934.25 333.75 118.5 11319.75 12315 3608.25 730 412 7001.5 2421.25 6047.5 158.5 1379.5 937.5 1629 1983.75
leaf_count=875 2378 23683 5195 1243 120 5856 9789 3987 11322 4799 9036 7104 7796 8501 16668 661 175 156 6907 1309 6934 269 1449 2284 8195 2309 1830 1349 871 717 321 5333 2121 2291 3205 10576 23708 9282 1983 321 10214 5969 7715 488 3582 3189 6252 810 165 17232 17889 6156 751 709 10372 2500 6526 190 1432 972 1629 3414
internal_value=0.000375338 0.0467212 -0.0491028 0.0167711 -0.00475799 -0.0797274 -0.0188283 0.0975726 0.0628192 0.0379108 -0.0160732 -0.0358971 0.00355015 0.0706294 -0.061448 -0.0614605 0.0923792 -0.186101 -0.0272464 0.00842481 0.133847 -0.054796 -0.0341639 -0.0136164 -0.0633724 -0.0216247 -0.096529 0.105419 0.0749778 -0.0302555 -0.107105 -0.0874168 -0.0317942 -0.051009 0.0523656 -0.0600645 -0.119597 -0.0402895 -0.104088 0.112099 0.00270598 -0.037279 -0.0744335 -0.0699497 0.0368721 0.0252229 0.0518875 0.0241263 0.0261158 -0.072689 -0.0869369 -0.106017 -0.007027 -0.222616 0.00411644 0.096856 0.119368 0.0932286 0.148453 0.100116 0.0838352 -0.106005
internal_weight=232560 120081 112479 75573 45948 66530.8 40136 44507.8 31461.8 20901 44111.2 32132.8 12635.8 25542.2 45620.2 19497 5812 258.75 8953.5 13933.5 18965.5 18836.8 30674.2 18008.8 12665.5 17388.5 7834.25 5553.25 4307 16423.8 7480.5 6366.75 2924.5 18570.8 19201.2 8799.75 20910.5 16419.2 1609 10560.8 13622.8 5378.25 34829.2 33199.8 3448.75 13437 7741.5 4154 3356.25 32711.8 21392 15923.2 7497.25 616.75 7624 6967.5 15700.8 8273.75 7427 8115.25 7177.75 16829
internal_count=321064 162287 158777 105228 57273 101504 50855 57059 37677 26034 67551 41066 20708 35389 68526 20358 6418 276 12912 18735 21670 19697 49074 27707 21367 26258 13172 6142 4793 23974 12297 10467 5134 19428 26888 12885 32978 17137 3013 11643 17492 7278 51858 49480 3922 18477 9441 6005 3747 48992 31760 24045 7855 1030 11089 7299 17683 9725 7958 9535 8563 27122
cat_boundaries=0 1 2 3 4
cat_threshold=12 76 20 9
is_linear=0
shrinkage=0.04


Tree=42
num_leaves=63
num_cat=5
split_feature=4 21 11 21 4 11 4 4 4 14 19 20 4 26 21 4 7 17 25 20 20 19 24 14 24 19 10 4 5 21 11 14 11 5 19 8 20 17 22 21 23 19 20 28 2 21 25 15 17 19 20 29 32 25 15 21 33 11 21 17 23 32
split_gain=311701 149799 81337 42157.1 32998.8 34689.6 31839.5 30346.9 26583.4 21375 21302.5 18749.1 16462.5 15968.7 15766.3 15660.8 14801.1 14251.4 13824.2 13113.2 22291.5 12852 12210.7 12007.6 11432.5 13530.5 11254.1 14888.4 11159.2 11151.5 11143.8 10784.6 11650.6 10531.1 12075.6 9967.88 11602.5 10174.2 10336.8 11302.1 9893.44 9730.98 8767.82 8763.7 8744.48 8560.31 8537.9 8523.94 9019.2 13026.8 8326.8 8274.58 9986.43 8265.68 11859 8254.22 8228.12 9486.99 7661.78 7591.68 7561.44 11407.3
threshold=2.6450001001358037 73.233318328857436 0.18755097687244418 70.751132965087905 1.2549999952316286 0.0081634009256958979 1.0000000180025095e-35 2.1950000524520878 2.3649998903274541 91.979999542236342 10.500000000000002 177.50000000000003 3.185000061988831 1.5000000000000002 83.14151763916017 3.1550000905990605 24.500000000000004 4.5000000000000009 34.125000000000007 110.00000000000001 159.00000000000003 9.5000000000000018 0.16188172996044162 77.970001220703139 0.046185640618205077 23.000000000000004 8.7500000000000018 2.0249999761581425 36.500000000000007 66.798545837402358 0.50084745883941661 95.450000762939467 0.54502454400062572 36.500000000000007 167.50000000000003 76.500000000000014 218.00000000000003 1.5000000000000002 0.07381992414593698 67.775608062744155 1.1261938810348513 23.000000000000004 177.50000000000003 0 1.9650000333786013 63.97326850891114 358.00000000000006 15.000000000000002 4.5000000000000009 10.500000000000002 79.000000000000014 1 2 504.12500000000006 2.5000000000000004 88.393150329589858 3 0.50084745883941661 83.633903503417983 4.5000000000000009 1.0153971314430239 4
decision_type=2 10 10 8 2 8 2 2 2 10 8 2 2 2 10 2 2 10 2 2 2 10 10 8 10 10 2 2 2 10 10 10 8 2 8 2 2 10 10 10 10 10 2 9 8 8 2 2 8 10 2 9 1 2 2 10 9 10 10 10 8 1
left_child=1 2 4 12 5 46 31 17 33 13 -5 -11 35 22 18 16 -12 30 -9 -15 23 -13 29 -21 25 -19 -4 56 -10 -7 53 32 -3 34 45 36 -2 -37 39 -39 -34 -14 43 50 -22 -6 -1 48 49 -20 -24 52 -30 54 -8 -18 -28 -58 -27 -29 -47 -62
right_child=3 6 26 10 8 9 7 14 28 11 15 21 41 19 -16 -17 55 24 47 20 44 -23 42 -25 -26 58 27 59 51 -31 -32 -33 40 -35 -36 37 -38 38 -40 -41 -42 -43 -44 -45 -46 60 -48 -49 -50 -51 -52 -53 -54 -55 -56 -57 57 -59 -60 -61 61 -63
leaf_value=0.044056316570523765 0.012076336389793685 0.09647996142006332 -0.02891261719102111 0.18003621169268683 -0.13912410777138934 -0.12906356017100293 0.01932860619963743 0.12188134750687152 -0.040518732937569094 0.17337514002463039 0.03610719752837617 0.19484811198242524 -0.043729385997247364 -0.27447736073300971 0.15222907102587585 0.14251508569186661 0.09825924753437898 -0.28121457151034718 0.093420651532378551 -0.0029930163080733848 0.1554605063457429 -0.010749126444295678 0.444544831881652 0.32630932351970893 0.17605037615478719 -0.0048216659534025576 -0.12364314413758164 -0.09044854043728362 0.10767592074640366 -0.019373657013085691 -0.29684578781200327 0.12952247534209554 -0.038129956906486892 -0.044521878455593022 -0.14797411617416709 -0.11346207415331808 -0.11175870937405298 -0.077858652315806562 0.085688107899737284 0.052336721205810656 0.38356908431104431 0.12052891482198019 -0.045328757927062327 -0.022860630941129206 -0.17084367577334575 0.086974976828128645 0.12931961637452882 -0.35272762620753173 0.079955958723104792 -0.017346408580423054 0.12288584369355522 -0.02047203315719973 0.0017750152157962867 -0.18642219430568044 -0.081223854464562872 0.29866050186843451 -0.1832019068803806 -0.47459043198736711 0.20540552867032533 -0.0099335697078849605 -0.10960925164205158 -0.034011229124697388
leaf_weight=5837.75 7863.75 3731.5 3093.5 5329 2587.25 2134.75 3154.5 2450.25 14039.25 1196.5 8920 520 652.25 701.25 2028.5 7529.25 11966 249.5 2105 969.75 137.5 7145.25 146 214.75 743.5 1672.25 16513.75 11300 2447 4850 306.75 6103.75 2076.75 15527.75 4279.25 597 1428.75 1571.5 7259.5 3311 91 4940 1066.25 612.75 2392.5 538 2772 96 3259.75 8766 1022 6120.75 3407 673 4628 336.75 1470.25 203 330.5 2247 5510 7600.5
leaf_count=8606 11283 4411 4985 6913 3725 3595 4272 3549 20529 1732 10756 1138 884 960 2156 8868 16091 377 2471 1617 142 9705 146 271 805 2531 24841 16865 3647 6992 402 7129 2391 23066 7103 813 1938 1942 9814 4337 91 6350 1235 891 4059 1900 2772 96 4429 10068 1253 8985 5018 673 5432 339 1870 287 398 3804 6968 10419
internal_value=-0.000259282 -0.0280587 -0.0495677 0.0768098 -0.0301802 0.0030089 0.0370773 0.0153338 -0.0471438 -0.0225243 0.106575 0.0262501 0.040081 -0.0528613 0.0469847 0.092948 0.0753508 -0.0350174 0.0341661 -0.116033 -0.0859872 0.00324445 -0.0244702 0.0571522 0.0402758 -0.00465822 -0.101765 -0.108865 -0.0163256 -0.0529267 -0.0607639 0.0922497 0.0536526 -0.0693846 -0.0881965 0.0245183 -0.00698277 0.047495 0.055427 0.0104152 -0.0200865 0.10136 0.0453295 0.0996069 -0.152998 -0.0724241 0.0715323 0.0190435 0.0216193 0.00411441 0.163791 0.01204 0.0459866 -0.0521301 -0.0404712 0.103793 -0.132515 -0.217783 0.030037 -0.0770978 -0.0597612 -0.0657956
internal_weight=232774 171070 128603 61704.8 93775.8 31719 42466.5 30463.5 62056.8 23109.2 34081 8861.75 27623.8 14247.5 18705.5 28752 21222.8 11758 16677 4415.75 3714.5 7665.25 9831.75 1184.5 2995.75 2252.25 34827.5 31734 26014 6984.75 8762.25 12003 5899.25 36042.8 20515 22031.5 9292.5 12739 12142 4882.5 2167.75 5592.25 2847 1780.75 2530 16235.8 8609.75 14226.8 14130.8 10871 1168 11974.8 5854 8455.5 7782.5 12302.8 18187 1673.25 2002.75 13547 13648.5 13110.5
internal_count=321135 240807 189126 80328 136474 45114 51681 37659 91360 33736 42967 12575 37361 21161 22769 36054 27186 14890 20613 7049 6089 10843 14112 1888 4111 3306 52652 47667 38179 10587 10779 14022 6893 53181 30115 30127 13221 16906 16093 6279 2482 7234 3525 2290 4201 23012 11378 17064 16968 12539 1399 17650 8665 10377 9704 16430 26998 2157 2929 20669 19287 17387
cat_boundaries=0 1 2 3 4 5
cat_threshold=16 104 4 11 8
is_linear=0
shrinkage=0.04


Tree=43
num_leaves=63
num_cat=7
split_feature=11 1 21 21 21 21 1 4 0 0 32 0 32 30 24 16 29 21 19 27 5 6 24 15 21 29 24 9 24 27 1 21 24 21 19 14 24 21 14 4 29 24 1 15 21 11 22 6 26 19 24 21 5 15 26 15 24 24 14 24 29 20
split_gain=287427 99032.8 84983.6 61031.3 34097.6 30442.3 29309.9 25688.6 22879.7 21901.9 16220.9 13175.6 13169.1 13660 12444.1 12411.1 12096.7 10928.5 11300.7 10328.9 14148.8 10314.5 10181.4 17055.4 15070 11959.3 17970.6 11484.9 9522.32 9206.17 9113.95 8790.95 10344 8315.66 12286.1 11025.2 8962.84 8281.17 8118.04 8088.82 7820.47 7812.79 9747.61 7799.8 7696.58 7681.77 7669.17 7531.74 7519.91 8477.46 7304.1 9687.82 7276.59 9954.5 7129.93 6984.41 6823.65 7138.34 6785.3 6752.39 6539.6 6640.12
threshold=0.037408165633678443 2.7549999952316289 70.447662353515639 74.03781890869142 80.24106597900392 78.926559448242202 1.9550000429153445 2.2749999761581425 3.1550000905990605 2.804999947547913 0 1.7849999666213991 1 2 0.011484527960419657 1.5000000000000002 3 63.345434188842781 167.50000000000003 1.0000000180025095e-35 20.500000000000004 216.25000000000003 0.050352701917290694 2.5000000000000004 84.929595947265639 4 0.037792729213833816 5.5000000000000009 0.3201736062765122 1.0000000180025095e-35 3.5049999952316289 83.14151763916017 0.042496714740991599 63.620441436767585 167.50000000000003 88.345001220703139 0.044037016108632095 63.620441436767585 61.979999542236335 1.1950000524520876 5 0.17640001326799395 2.0349999666213994 3.5000000000000004 64.709297180175795 0.60030490159988414 0.21249818801879886 104.25000000000001 1.5000000000000002 49.500000000000007 0.064879272133111968 65.668624877929702 33.500000000000007 2.5000000000000004 1.5000000000000002 3.5000000000000004 0.0095770866610109823 0.064879272133111968 87.689998626708999 0.065656211227178587 6 218.00000000000003
decision_type=10 10 10 10 10 8 8 2 10 10 1 10 1 9 10 2 9 10 8 2 2 2 10 2 10 9 10 2 10 2 10 10 10 10 10 10 8 8 10 2 9 10 10 2 10 10 8 2 2 10 10 10 2 2 2 2 8 8 10 10 9 2
left_child=1 3 6 9 7 8 17 15 10 12 -3 38 14 33 -1 16 21 -2 28 -9 -21 52 23 24 -6 -25 27 -27 -19 39 -10 32 40 36 35 41 -14 -11 -8 -18 -5 42 -35 59 -45 -17 -38 -20 49 -15 -16 54 53 -4 -52 58 -39 -58 -48 -37 61 -13
right_child=2 5 4 31 22 -7 11 19 30 37 -12 60 13 48 50 45 29 18 47 20 -22 -23 -24 25 -26 26 -28 -29 -30 -31 -32 -33 -34 34 -36 43 46 56 -40 -41 -42 -43 -44 44 -46 -47 55 -49 -50 -51 51 -53 -54 -55 -56 -57 57 -59 -60 -61 -62 -63
leaf_value=0.06480237123477843 -0.15154225380642511 0.02344215756312814 0.044130389991511115 0.22746678686447871 0.065460464464606016 0.19036496351860305 -0.22126051570232677 0.008766402219537426 0.10365903357276407 -0.067858425087440749 0.087669368705604239 0.028161449353399426 0.36863797969086221 -0.22551183669360811 -0.10839004603265767 -0.092546401271779946 0.019255255014834102 -0.079190499807573686 -0.19825611841003279 -0.01892032295928724 0.16466725574655186 -0.27260614971515029 0.20497246540493777 0.023506638946234122 0.26653900003561626 -0.19668796005801242 0.088673733601229529 -0.75961961157662528 0.22623990673847272 0.035563350148107076 0.18375095723212373 0.14245473557586244 0.098574002650489323 -0.055065161273410629 -0.028503019866939733 -0.0068840491821781456 -0.11317519371626636 0.20825947161804315 -0.077966082463133732 -0.086589691712119221 0.028417384015965285 0.12816867011156396 0.04180966480136819 0.1922617859767444 -0.11576477283864063 -0.36111625100319045 -0.038536449811491014 -0.10258000179562822 -0.23044408576332143 0.095205295215575525 -0.092678511825567952 -0.018904950028176701 0.04793208951347 -0.06274581816934327 -0.3353288478279734 -0.124761194725724 -0.0079577186578361526 0.060095387915068084 0.080532430602842903 0.11187149572475712 -0.040272884236726168 0.4541619146598167
leaf_weight=1312.75 6324.5 12334 2293.5 316.5 1989.25 4392.5 668.75 11475.5 12020 1097.5 12845.5 1468 82.25 213.25 4100.25 4040 1340 17187.5 2259.5 1091.25 1743 211.75 963.5 1610.25 851 134 173 103 163 1466.5 2808.5 2729 7861.75 3635.25 7414.25 922.75 1883.5 402.5 11360.75 8340.75 8679.5 714.5 3058 165.5 575.25 176.25 1829 3175.25 642.25 338.5 1907.5 6416.25 4259.25 3550.25 214.25 745.5 3409.5 8905.5 1314.25 4499.75 23870 59
leaf_count=4600 9080 17512 3006 489 2362 4739 1169 13706 14657 1405 15580 2539 116 592 5361 4814 1583 22766 3503 1401 2643 250 980 1680 989 134 173 103 163 2236 3290 2774 8761 5274 9209 1345 2575 1307 19043 10776 10826 806 3850 209 735 216 4847 4160 784 379 2701 8028 5496 4535 218 1977 4563 13263 3802 5378 38927 233
internal_value=-7.81646e-05 0.0430268 -0.0460372 0.0151138 -0.00411058 0.0904167 -0.0749038 -0.0172817 0.0794341 -0.00620994 0.0562128 -0.0514852 -0.0205853 -0.00478028 -0.0523387 -0.0412137 -0.0288819 -0.105007 -0.0920779 0.0256626 0.0940156 0.00236139 0.0862967 0.0626953 0.125856 -0.0261343 -0.21562 -0.44568 -0.0762949 -0.0577382 0.118852 0.0758569 0.0650597 0.00113813 0.0128993 0.0355201 -0.0410061 0.0374737 -0.0859683 -0.071937 0.0357547 0.0026296 -0.0108047 0.075037 -0.0466016 -0.103941 -0.0469703 -0.142417 -0.136474 -0.0291034 -0.0645152 -0.0434236 0.00818042 -0.0207979 -0.117477 -0.0148605 0.0465736 0.0412555 0.0112654 0.0916662 -0.0351463 0.0449053
internal_weight=232135 119787 112348 75386.5 45812 44400.5 66536.2 39988 40008 55799.8 25179.5 37426.5 41984.8 28033.8 13951 25678.2 21462 29109.8 22785.2 14309.8 2834.25 10314.8 5824 4860.5 2840.25 2020.25 410 237 17350.5 11147.2 14828.5 19586.8 16857.8 26839.8 20985.2 13571 5854.5 13815 12029.5 9680.75 8996 7407.75 6693.25 6163.25 740.75 4216.25 5772.25 5434.75 1194 551.75 12638.2 8538 10103 5843.75 2121.75 3888.75 12717.5 12315 3143.25 5422.5 25397 1527
internal_count=320618 161952 158666 106174 57083 55778 101583 50662 51039 83324 33092 61911 62786 41878 20908 32912 27882 39672 30592 17750 4044 13287 6421 5441 3351 2090 410 237 22929 14595 17947 22850 20076 40123 26806 17597 13317 20538 20212 12359 11315 9930 9124 7667 944 5030 13201 7663 1755 971 16308 10947 13037 7541 2919 10626 19133 17826 8649 6723 41699 2772
cat_boundaries=0 1 2 3 4 5 6 7
cat_threshold=8 8 12 76 68 160 40
is_linear=0
shrinkage=0.04


Tree=44
num_leaves=63
num_cat=11
split_feature=0 21 21 0 0 21 1 1 32 14 24 20 19 19 33 32 33 5 1 32 21 32 25 25 21 15 1 5 24 32 19 29 0 20 21 21 25 32 25 24 14 4 22 24 24 19 1 25 25 2 19 14 5 22 2 32 15 21 32 21 1 6
split_gain=273026 105493 61464.3 48218 36109.2 31989.5 26861.5 23340.9 17168.1 16532.5 15954.2 14877.6 15838.9 13881.2 16000.1 13422 13278.2 12504.7 12226.1 14372 12220 12206.4 11877.1 11137 10603.5 10508.8 10295.5 10063.2 9904.43 8917.12 8889 12407.6 8885.81 8730.77 11506.1 10007.1 8819.99 17932.7 11891.9 8562.47 8969.5 8469.41 8205.07 8016.27 7863.19 7704.99 7617.78 11882.5 10943.2 7538.52 7692.86 14070.9 9781.05 7582.65 7335.3 7305.79 11384.7 10832.9 7522.55 7469.37 7260.75 6969.13
threshold=2.3950001001358037 69.445976257324233 70.549018859863295 3.0649999380111699 2.9050000905990605 77.739685058593764 2.2549999952316289 2.054999947547913 0 77.305000305175795 1.0000000180025095e-35 79.000000000000014 49.500000000000007 59.500000000000007 1 2 3 34.500000000000007 2.6650000810623173 4 89.870384216308608 5 487.75000000000006 2.1250000000000004 80.24106597900392 3.5000000000000004 2.8149999380111699 5.5000000000000009 1.0000000180025095e-35 6 23.000000000000004 7 3.6049998998641972 179.00000000000003 59.93836975097657 63.870082855224616 487.75000000000006 8 284.25000000000006 0.2057449668645859 90.005001068115249 2.0349999666213994 0.072171278297901167 0.12200778722763063 0.030932125635445121 5.0000000000000009 2.7350000143051152 661.25000000000011 504.12500000000006 1.3650000095367434 167.50000000000003 98.095001220703139 31.500000000000004 0.059999207034707076 0.024999999441206459 9 3.5000000000000004 79.802574157714858 10 84.929595947265639 3.0349999666213994 13.500000000000002
decision_type=8 10 10 10 10 10 8 10 1 8 10 2 10 8 9 1 9 2 10 1 10 1 2 2 10 2 8 2 10 1 10 9 10 2 8 8 2 1 2 10 10 2 8 10 8 10 10 2 2 10 8 10 2 10 10 1 2 10 1 10 10 2
left_child=2 4 7 5 9 10 16 11 60 27 -3 12 -1 23 61 -9 20 44 49 -20 21 -4 26 -13 28 32 29 -2 -10 -6 31 -28 -5 35 -35 -11 38 -38 -36 40 -37 -19 -32 55 -16 -30 47 48 -17 50 51 52 -12 -52 -14 -7 59 58 -58 -57 -8 -15
right_child=1 3 6 25 22 43 8 15 24 33 18 13 54 14 17 46 -18 41 19 -21 -22 -23 -24 -25 -26 -27 30 -29 45 -31 42 -33 -34 34 36 39 37 -39 -40 -41 -42 -43 -44 -45 -46 -47 -48 -49 -50 -51 53 -53 -54 -55 -56 56 57 -59 -60 -61 -62 -63
leaf_value=-0.32222148928187855 -0.1243852237220902 0.22149750067708066 -0.07169374428308059 0.11975563630124211 -0.063458989613450451 0.062279888602394876 0.07505883398203983 -0.079689729600027168 0.18943308491261895 -0.043308009463067253 0.0030902984963936332 0.090389537630407649 -0.16552396931201219 0.20763890316415987 -0.036183861470977123 -0.035825385919724055 -0.1223608280158628 -0.12097255487682247 0.10957909582916031 0.027419616262313731 0.23923603277975944 -0.0059117862081214338 0.11452121877375179 -0.062913041486611976 0.092552548278456381 0.056422775381414284 0.097077081320444403 -0.039654131385793642 0.17634074741491987 0.05616395351896937 -0.0090911751978932365 -0.1435319446572218 0.21169843712769709 -0.23722244909865287 -0.017662713443881147 -0.014830479992374895 0.2014438799972337 -0.05255975560243991 -0.11026036742978494 0.19151769654907078 0.060477731835260312 -0.047709056914949699 0.082436640297895616 0.39959817607377796 -0.14780736560056565 -0.031470752139669281 0.06265754783078302 -0.23292294302815261 0.094493764126233268 -0.084311796301993314 0.007994894168419326 0.1557075057904295 0.07762891087034833 -0.07328321962972037 0.070193127201273547 0.11983946688685126 -0.49229338675389794 0.18457758265470756 -0.026979107826880126 0.25030544052929832 0.28576805984391873 -0.029466265074849268
leaf_weight=944.5 3733.25 685.5 7632.75 16414.5 3004 5350.25 5002.5 10679.25 356 4177.5 11196 833.5 683 333.75 1103 10193.75 2787 4483.5 5268.25 9640.25 266 11040.75 2963.25 8214 1649.75 3845.5 570.5 5621 292.75 1490 1999.25 826.25 1877 434 8736.5 5204.5 760.25 1066 2973.25 497 4921.75 5786.75 7239 141 12164 9079.75 1587.5 445 1145 1251.25 7765 1369.75 3761.75 2403.25 304 6545.75 113.75 134 107.5 787.25 274.5 483.5
leaf_count=1375 6749 2742 9942 19137 3832 5975 5766 17331 1424 5640 13701 2671 683 573 3143 13409 3279 6456 6187 11996 266 13839 2964 11928 1862 4366 1133 8795 310 2141 2612 1223 2111 584 17438 8332 761 1066 3043 539 7153 9947 13200 141 18557 11284 1919 445 1145 1447 10009 1597 4445 2824 304 7268 131 134 109 809 294 647
internal_value=-0.000265585 0.0366275 -0.0511619 0.0665337 -0.00521726 0.0469309 -0.0117104 -0.0766593 0.0265067 -0.0273009 0.0303336 -0.0973494 -0.205269 -0.0910967 -0.106814 -0.0462568 -0.0410073 -0.112829 0.027251 0.0564638 -0.0289439 -0.0328052 0.0413161 -0.0487723 -0.00115273 0.116575 0.026964 -0.0734902 -0.0170598 -0.0237885 0.0484116 -0.0455837 0.129213 -0.0122791 -0.0349575 0.00912775 -0.0284377 0.0532798 -0.0411899 0.0297527 0.0217762 -0.0797105 0.0626306 0.101498 -0.138535 -0.0249427 -0.0195462 -0.0306301 -0.0226506 0.0115517 0.0160852 0.0330928 0.0218445 -0.0112249 -0.0929189 0.0982127 0.123195 -0.0975077 -0.268511 0.133911 0.0861252 0.0668084
internal_weight=232640 134875 97765.8 78657.5 56217.2 56520.5 38381.8 59384 16655.2 38125 43341 35333.5 1931.5 33402 24354.5 24050.5 21726.5 23537.2 42655.5 14908.5 18939.5 18673.5 18092.2 9047.5 11378.2 22137 15129 9354.25 9728.5 4494 10635 1396.75 18291.5 28770.8 13970 14800.8 13536 1826.25 11709.8 10623.2 10126.2 10270.2 9238.25 13179.5 13267 9372.5 13371.2 11783.8 11338.8 27747 26495.8 16327.5 14957.8 10168.2 987 13038.5 7688.25 355.25 221.25 7333 5277 817.25
internal_count=321133 182334 138799 95129 87205 69515 48266 90533 20940 60100 54948 56284 2362 53922 39323 34249 27326 38103 52206 18183 24047 23781 27105 14599 14880 25614 24141 15544 13018 5973 18168 2356 21248 44556 22892 21664 22308 1827 20481 16024 15485 16403 15812 14567 21700 11594 16918 14999 14554 34023 32576 19743 18146 12833 987 14426 8451 374 240 8077 6060 1220
cat_boundaries=0 1 2 3 4 5 6 7 8 9 10 11
cat_threshold=4 8 8 9 4 8 4 168 4 8 4
is_linear=0
shrinkage=0.04


Tree=45
num_leaves=63
num_cat=4
split_feature=4 21 0 21 0 1 32 4 21 21 1 15 20 22 4 17 25 23 23 22 20 25 32 21 9 6 25 25 26 11 25 23 32 22 8 25 21 1 23 22 21 4 17 15 23 21 21 30 20 22 25 0 25 25 23 23 4 15 1 4 0 25
split_gain=247710 122216 68973 32877 30591.7 27014.8 21744.1 21404.9 18751.8 17645.3 15105 14319.3 23757.9 14066.2 12463 12059.3 12122.9 11786.2 14456 19355.2 11573.3 15230.1 11372.9 11311.6 11107.7 11878.4 10802.9 10583.8 10577.7 9407.36 9174.44 9114.36 12289.4 14924.1 9812.23 10910.9 9087.8 9041.39 8903.41 9094 8741.96 8657.07 12748.3 13388.2 8609.64 8932.68 8585.12 8091.92 8038.92 7935.73 7900.12 7881.37 7751.61 7746.4 11182.6 7744.01 7641.95 7506.08 7373.36 7305.44 7274.09 7207.86
threshold=2.6650000810623173 73.233318328857436 2.054999947547913 74.533176422119155 2.0449999570846562 2.7549999952316289 0 3.185000061988831 66.469604492187514 86.135070800781264 2.4250000715255742 3.5000000000000004 159.00000000000003 0.037285478785634048 2.1049998998641972 4.5000000000000009 80.625000000000014 1.0116243958473208 1.0933781862258913 0.037285478785634048 79.000000000000014 54.625000000000007 1 65.668624877929702 13.500000000000002 61.500000000000007 31.125000000000004 306.37500000000006 4.5000000000000009 0.37640480697155004 17.875000000000004 1.0116243958473208 2 0.025052327662706379 75.500000000000014 423.75000000000006 88.393150329589858 2.304999947547913 1.0484992265701296 0.057426862418651588 78.926559448242202 1.2549999952316286 3.5000000000000004 3.5000000000000004 1.0826513767242434 88.393150329589858 70.795982360839858 3 218.00000000000003 0.15579720586538318 465.75000000000006 1.5049999952316286 713.87500000000011 375.00000000000006 1.0560394525527956 1.0311969518661501 2.3149999380111699 3.5000000000000004 2.9250000715255742 3.6450001001358037 0.70499998331069957 398.50000000000006
decision_type=2 10 8 10 8 10 1 2 8 10 10 2 2 10 2 10 2 8 10 10 2 2 1 8 2 2 2 2 2 10 2 8 1 8 2 2 10 8 10 10 10 2 10 2 10 10 10 9 2 10 2 10 2 2 10 10 2 2 10 2 10 2
left_child=1 2 6 7 15 8 20 23 26 11 24 22 -13 -14 -7 29 -17 -10 -19 -20 21 60 30 -2 -8 -26 28 -15 -4 53 -6 -25 34 -34 35 55 38 51 39 40 50 47 43 56 45 -18 -35 49 -37 -21 57 -22 61 -3 -55 -33 -43 -5 -32 -9 -1 -44
right_child=3 4 5 36 9 14 10 59 17 -11 -12 12 13 27 -16 16 44 18 19 41 37 -23 -24 31 25 -27 -28 -29 -30 -31 58 32 33 46 -36 48 -38 -39 -40 -41 -42 42 52 -45 -46 -47 -48 -49 -50 -51 -52 -53 -54 54 -56 -57 -58 -59 -60 -61 -62 -63
leaf_value=-0.6234974755920597 -0.015410609820542234 -0.010700973251284376 -0.1339331574593646 0.057266491603537056 0.17173945648336783 0.076708924563263461 -0.052973189553338462 0.096206695098589062 0.099556521716182234 0.20147797811785834 0.027735671469996559 0.47196420405586131 -0.012242051697366224 -0.13877292255857929 -0.0087494499591697604 0.20137757272626164 -0.051232553289966412 -0.043644123985681078 0.27635068010382358 0.026239784290080895 -0.16316933710517315 -0.057715926197267342 0.078665883548865362 0.1718490072805135 -0.27862114978470948 -0.096245812238009945 -0.051701117537858984 -0.52960361181530691 -0.77595781535194042 -0.16562970326804355 0.0031403594447822654 -0.22263352282253529 -0.048965610497575716 0.057953493629408472 0.047763419004945178 -0.030354564187742305 0.26618744861295596 -0.071522501648728823 0.15432260976638548 -0.29928519318286223 0.13179468328082983 -0.066092535833012583 0.015504028160021745 -0.15423963506879915 0.29980947406470776 0.15395473616625208 0.12528560871226593 -0.11185741466106291 -0.37246062035448541 0.18483202828202461 0.17097417615497379 -0.098270844308844529 -0.19480475836515423 -0.03765158476733016 -0.2720463202426664 0.0028770474411673862 0.0035210101869595505 -0.092542700154759072 0.1012742126733248 0.23810188278425359 -0.2933394548590213 0.13151407417026889
leaf_weight=145.5 5403.5 6290.5 2078.5 3500.25 648 5936 18331.5 8930.75 1361.25 1262 2954 137.5 2041 493.25 5053.75 646.75 1828.75 22023.25 398 8521.25 5363.75 401 16512.5 914.75 644 5013.5 19543.75 142 40 916 8827.25 253.75 1552.5 8461.5 6578.25 205 648 7727.25 5496.25 92.75 5025.25 4536 3275 1529 148 414.75 4725.25 626 236 534.75 809 6813.25 223 1034 474 5144.25 5681.75 629.75 1420.5 620.25 422.5 1159
leaf_count=234 7358 7843 5365 4731 984 6881 25473 11660 4812 1340 3602 154 2479 716 7678 1471 1990 42892 434 9680 8249 401 19664 3320 1238 7502 24457 142 40 1165 10952 265 1647 13500 7770 205 651 12939 5734 161 5488 4899 3623 1736 148 426 5788 737 236 714 809 9907 223 1034 474 6351 6083 755 1659 672 604 1159
internal_value=0.000314001 -0.0237883 -0.0431202 0.0709479 0.0344865 -0.0209692 -0.0813454 0.0526558 -0.0299401 0.0550426 -0.0575957 0.0489146 -0.0369954 -0.0634805 0.0374148 -0.0205799 0.048019 -0.0164404 -0.0196998 0.000213219 -0.111992 -0.246925 0.0577365 0.0375812 -0.0681051 -0.117098 -0.0610126 -0.227537 -0.14678 -0.0445028 0.0260087 0.0477823 0.0435906 0.0682865 0.0142696 -0.0234668 0.119514 -0.105399 0.113369 0.0909599 0.0946525 -0.00402047 -0.0217232 -0.0439244 0.00640821 -0.0131932 0.0820968 0.0259698 -0.214305 0.0356049 0.0568221 -0.12688 0.0342699 -0.0302356 -0.111595 -0.00780084 -0.0273889 0.0343876 0.0167611 0.10547 -0.379818 0.0458752
internal_weight=232800 173573 130336 59227 43236.8 82520.2 47816.2 43025.8 71530.5 31484 26943 30222 2813.75 2676.25 10989.8 11752.8 3038.25 49868.2 48507 26483.8 20873.2 969 27408.2 33474.8 23989 5657.5 21662.2 635.25 2118.5 8714.5 10895.8 28071.2 27156.5 14739.2 12417.2 5839 16201.2 19904.2 15553.2 10057 9964.25 26085.8 16403.8 11746.8 2391.5 2243.5 13186.8 9682 441 9056 4939 12177 4657 7798.5 1508 5398 10217.8 4130 10247.8 9551 568 4434
internal_count=321304 244203 191562 77101 52641 121413 70149 58772 106854 38090 37815 36750 3491 3337 14559 14551 4035 76992 72180 29288 32334 1239 33259 46440 34213 8740 29862 858 5405 10516 13595 39082 35762 20935 14827 7057 18329 31095 17678 11944 11783 28854 17723 12718 2564 2416 19288 11131 441 10394 6295 18156 5005 9351 1508 6616 10982 5486 12611 12332 838 4782
cat_boundaries=0 1 2 3 4
cat_threshold=8 8 8 12
is_linear=0
shrinkage=0.04


Tree=46
num_leaves=63
num_cat=4
split_feature=4 21 0 1 21 4 32 33 1 21 7 32 19 5 21 1 27 21 19 6 20 22 17 21 1 19 1 23 21 23 23 23 21 19 20 19 11 22 19 23 14 4 15 18 21 23 5 4 14 21 23 22 17 15 6 21 9 21 21 21 32 22
split_gain=226789 105556 46709.7 45242 32799.6 22539.4 22082.6 18046.4 17077.2 15048.5 14637.3 14169.4 13462.5 14967.4 13445.8 13150.1 11804.6 11752.8 11522.4 11266.2 12971.2 12110.5 14989.9 13304.4 10553.3 10399.9 10093.3 9903.36 9222.01 9117.19 9025.53 10057.2 8785.11 9297.41 8656.28 8911.21 8623.91 8546.79 8243.12 7985.88 7936.15 7790.47 7777.18 9925.39 7639.47 8075.71 7625.01 10133.2 10598.2 7458 8800.66 7628.6 7374.76 7364.79 7439.21 7351.2 7244.68 7118.49 8261.86 7086.94 6961.91 6935.16
threshold=2.6450001001358037 70.623699188232436 2.185000061988831 2.2749999761581425 76.617176055908217 3.1750000715255742 0 1 2.8950001001358037 82.205451965332045 23.500000000000004 2 9.5000000000000018 25.500000000000004 88.393150329589858 3.0249999761581425 1.0000000180025095e-35 63.620441436767585 10.500000000000002 87.250000000000014 184.00000000000003 0.026197687722742561 4.5000000000000009 72.887008666992202 1.935000002384186 52.500000000000007 2.435000061988831 1.2179238796234133 65.668624877929702 1.2151231765747073 1.0153971314430239 1.0478878021240237 69.172683715820327 23.000000000000004 79.000000000000014 64.000000000000014 0.41498298943042761 0.193641372025013 167.50000000000003 1.0873403549194338 82.11999893188478 3.6750000715255742 1.5000000000000002 1.5000000000000002 79.132259368896499 1.0368346571922304 39.500000000000007 1.0000000180025095e-35 93.08499908447267 77.250598907470717 1.0625432729721072 0.0096936672925949114 2.5000000000000004 3.5000000000000004 104.25000000000001 88.393150329589858 13.500000000000002 83.633903503417983 79.617172241210952 69.669704437255874 3 0.07381992414593698
decision_type=2 10 8 8 10 2 1 9 10 10 2 1 10 2 10 10 2 8 8 2 2 10 10 8 8 8 10 10 8 10 8 8 8 10 2 8 10 10 8 10 10 2 2 10 10 10 2 2 10 10 10 10 8 2 2 10 2 10 10 8 1 10
left_child=1 2 11 7 5 10 12 14 17 15 18 24 -5 42 16 38 19 -4 40 25 21 23 -23 -21 -1 56 53 29 -12 34 -20 -32 33 -33 -19 37 -9 -36 -8 59 -2 -7 43 -14 -15 -46 47 48 -37 51 -51 -40 60 -13 -55 61 -3 58 -22 -30 -34 -6
right_child=4 3 8 6 55 41 9 36 -10 -11 28 26 13 44 -16 -17 -18 27 30 20 57 22 -24 -25 -26 -27 -28 -29 39 -31 31 32 52 -35 35 46 -38 -39 49 -41 -42 -43 -44 -45 45 -47 -48 -49 -50 50 -52 -53 -54 54 -56 -57 -58 -59 -60 -61 -62 -63
leaf_value=-0.14140246813545396 -0.023552694175687228 0.0042762233481267653 -0.074199339487016472 0.086348631425766792 0.12262744960768709 0.094516759511422979 0.06725357302817489 -0.093124280370197321 0.046574177865912961 0.16321643277818734 -0.00081873529115576629 -0.058671050304881928 0.40768467002472975 0.012180285075263008 0.16642354112897809 0.17888576134674858 0.051766395422379236 -0.15742735212311126 0.15579064243159377 -0.4255797454393182 -0.043809990846572958 0.033665755816987851 0.21560784323208115 -0.0088813836811828546 -0.081724074350463083 -0.087726326236126334 0.011821423596617973 0.042025544017387166 -0.0076244309100886396 -0.26974744323420524 -0.10138678481763233 -0.25015191092789862 0.010757693775569916 -0.026726537624834439 -0.0016294066566869437 -0.060776265789470138 -0.31727144479449176 0.22215833959327294 0.23148715929516514 0.096069086411811902 0.16905238447352133 0.24858444463035603 -0.060962980924341929 -0.12366189498229516 0.0008689248826380233 0.2111653520222434 -0.0088135705714945146 -0.08119286728410012 0.045913493485461795 0.036460528415430619 0.250717798601161 -0.01971444333008858 -0.059375892536686445 -0.17385315700257462 -0.062861572338663324 0.25587333590266864 -0.22264604637267582 -0.34780145458521039 0.083861289749069215 0.063884547463177899 0.10259911386294863 -0.1641244683564797
leaf_weight=7833.5 500.25 4078 8710.75 2900 10701.5 10613.75 12569.5 2773 4855.25 2324.75 3759 18891.25 127.25 7118.75 650.25 1304.25 3432.25 799.25 525.5 140.25 6494.5 2333.5 1049.5 888.25 12045.75 6764.25 2774 3428 2979.5 248 1770.75 321.25 3083.25 3828.25 11839 3469.75 303.5 277.5 199 8813.75 1078.5 551.5 6374.75 98.25 509.5 683.25 8859.75 9463.75 2607.5 1365.5 394 5133.25 1202.25 1964.5 1907 666.75 236.25 111 924.75 8661.5 2309 135
leaf_count=11546 843 4936 11980 4031 11915 13637 14548 3220 6389 2369 4929 27577 146 9296 669 1479 4726 1265 1637 171 8494 2581 1435 1009 20262 8190 3425 3587 5261 248 2232 343 3510 5029 20605 6235 398 321 199 9344 1917 574 7967 102 643 723 14424 15025 4235 1676 394 6793 1578 3427 2696 669 333 111 1080 13373 3185 135
internal_value=0.000217266 -0.023444 -0.0499606 0.0137466 0.0661031 0.0520874 0.0410523 -0.0234419 -0.0250134 0.0666908 0.0376827 -0.0799271 0.00752388 -0.00781475 -0.0129871 0.0559726 -0.0174148 -0.0320082 0.00607512 -0.0277335 -0.000778823 0.0536727 0.0902056 -0.0664273 -0.105253 -0.0567823 -0.0602051 -0.0230394 0.0567633 -0.0289791 -0.00628661 -0.0131167 0.00144671 -0.044138 -0.0273644 -0.0245091 -0.115057 0.00353108 0.0478013 0.0673446 0.108065 0.102171 -0.0527774 0.177091 0.0278937 0.121493 -0.0384322 -0.0553137 -0.0149987 0.0133135 0.0846733 -0.0102548 0.0301362 -0.0689833 -0.119244 0.127001 -0.00824568 -0.0326854 -0.0278774 0.0455831 0.0501098 0.119025
internal_weight=232757 171256 99974.5 71281.2 61501.2 49998 41102 30179.2 54558.5 23290.2 38832.8 45416 17811.8 14911.8 27102.8 20965.5 26452.5 49703.2 14619 23020.2 11941.8 4411.5 3383 1028.5 19879.2 11078.5 25536.8 40992.5 24213.8 37564.5 13040.2 12514.8 10744 4149.5 37316.5 36517.2 3076.5 12116.5 19661.2 20454.8 1578.75 11165.2 6600.25 225.5 8311.5 1192.75 24400.8 15541 6077.25 7091.75 1759.5 5332.25 6594.5 22762.8 3871.5 11503.2 4314.25 7530.25 7419.25 11641 5392.25 10836.5
internal_count=321077 240966 153247 87719 80111 67392 50366 37353 84314 27458 53181 68933 22908 18877 33735 25089 33066 77925 20274 28340 14881 5196 4016 1180 31808 13459 37125 65945 32907 62358 17514 15877 13645 5372 62110 60845 3618 20926 23610 27978 2760 14211 8215 248 10662 1366 39919 25495 10470 9062 2070 6992 8273 33700 6123 12719 5269 9685 9574 18634 6695 12050
cat_boundaries=0 1 2 3 4
cat_threshold=8 9 8 8
is_linear=0
shrinkage=0.04


Tree=47
num_leaves=63
num_cat=8
split_feature=11 11 1 1 22 28 4 17 22 8 19 22 17 32 32 14 32 11 7 20 19 17 23 0 2 22 1 8 19 0 25 25 19 25 14 32 25 25 0 29 20 20 19 1 8 20 4 29 4 24 25 19 23 6 0 23 24 6 24 6 29 4
split_gain=219010 66348.6 61416.1 31480.4 24677.5 23808.4 19848.1 18097.3 16954.6 16740.6 15859.3 14830 14328.1 13972.7 13190.5 14952.9 12928.4 11829.7 13838.7 11304.5 12791.9 14869.3 12705.8 10698 14012.1 10670.5 10464 10205.6 10106.5 10047.2 9861.17 20447.7 15927.8 9730.63 10804.1 9693.96 9273.58 11140.8 8839.01 9328.1 8411.41 8359.5 9974.44 8131.19 8062.52 9199.26 8671.78 8044.19 7978.33 7933.88 7868.9 7737.01 7703.52 7657.98 7334.96 7160.33 7499.71 6800.16 6769.35 6589.16 6521.37 6458.32
threshold=0.037408165633678443 0.23540768027305606 3.0049999952316289 2.3750000000000004 0.12007877603173257 0 2.8149999380111699 4.5000000000000009 0.084342483431100859 94.250000000000014 167.50000000000003 0.019503099843859676 4.5000000000000009 1 2 97.115001678466811 3 0.64760348200798046 12.500000000000002 175.00000000000003 9.5000000000000018 1.5000000000000002 1.0826513767242434 1.7549999952316286 0.19500000029802325 0.18932993710041049 2.6750000715255742 42.500000000000007 79.500000000000014 3.3549998998641972 472.37500000000006 298.37500000000006 190.50000000000003 296.12500000000006 78.58499908447267 4 677.12500000000011 618.00000000000011 2.554999947547913 5 110.00000000000001 177.50000000000003 49.500000000000007 3.5049999952316289 15.500000000000002 218.00000000000003 3.4050000905990605 6 1.935000002384186 0.33845931291580206 11.375000000000002 52.500000000000007 1.0933781862258913 112.25000000000001 1.0000000180025095e-35 1.1748403906822207 0.16761939227581027 18.500000000000004 0.012530290987342598 9.5000000000000018 7 1.0000000180025095e-35
decision_type=8 10 10 8 8 9 2 10 10 2 8 10 10 1 1 10 1 10 2 2 10 10 10 10 8 10 10 2 8 10 2 2 10 2 10 1 2 2 10 9 2 2 10 10 2 2 2 9 2 10 2 10 10 2 10 10 10 2 10 2 9 2
left_child=2 3 5 8 14 19 9 17 10 25 12 -12 16 29 23 26 -2 18 -3 60 -21 22 -22 -5 58 28 40 -19 50 -4 31 32 -13 34 47 -32 37 -10 39 -18 -16 42 -36 -15 45 -8 -46 -6 61 -23 -7 -44 53 -14 -29 56 -43 -30 -25 -38 -1 -20
right_child=1 7 13 4 33 6 44 -9 36 -11 11 30 52 43 15 -17 38 27 48 20 21 49 -24 24 -26 -27 -28 54 57 -31 35 -33 -34 -35 41 -37 59 -39 -40 -41 -42 55 51 -45 46 -47 -48 -49 -50 -51 -52 -53 -54 -55 -56 -57 -58 -59 -60 -61 -62 -63
leaf_value=0.076611103225793301 0.025738889963044815 -0.029113580254557982 0.047780706587971213 -0.076381368926629223 -0.21726886337737153 0.13287873382711834 0.040177795432914769 -0.0077097749383973286 -0.068455372668346698 0.021134062911627827 0.015295916993091194 -0.12075412880933369 -0.041943343926207549 0.1125689977919101 -0.29349860417942042 0.094179811343834283 0.025119974135978655 -0.16904430670900336 -0.032569137119826813 0.13671301031672414 0.030974442153174363 0.074444938440666492 -0.16954796255511298 0.094936902131430939 0.092088724766448943 -0.15554450566345968 0.083782242439821991 -0.81846943952578033 -0.099013589158744947 0.13284896238860297 0.092961143803414165 -0.22548466317137406 0.035850189191759488 -0.10659604354562265 -0.098236494201682178 -0.080250047733230898 -0.02674813400121296 0.13267812651781957 0.033186478702112561 -0.091707784591291211 0.0076257554563722383 0.00044898219173186975 0.29628940833569423 0.20387359942063626 0.053196189463622312 -0.15987229965210165 0.20753973070790163 -0.051921392059308957 -0.086257387551416681 0.46742599343104529 -0.0025288548967112492 0.071033553149423112 0.17996012266795258 0.092986503799945608 -0.29743209687913369 -0.076927964282373126 0.28119045482004212 -0.027334450063371568 -0.028240147527936816 -0.31523566011718396 -0.008722824304576892 -0.14985824616498866
leaf_weight=2016 6684.75 4616.5 10064 2912.25 517.25 947.5 968.75 4168.75 19489.25 17762.75 3196.5 2962.25 1095 12149.25 148.25 6237.25 1363 916.25 842.25 4289.5 1514.75 9546.5 756.5 791.25 2535.25 1084 3336.75 68.25 2679 2850.75 852 1787 1598.75 2660.5 495.75 1308 185 449 1699.75 5513 12192.5 3586.75 279 1793.75 11917.75 590.25 610.75 4589.25 12880.5 81 2480 1874.5 820.75 1740.25 123.25 2329 157 10094.75 7131.5 403 4880 7055.5
leaf_count=2334 7665 6832 13892 4251 1139 1939 1343 6538 26519 23093 3333 5579 1713 14439 329 7108 1708 1379 1278 6547 1889 13049 941 2553 3310 1612 4200 120 3603 3309 852 1787 2927 2722 1029 1308 185 449 1936 6665 15575 10834 279 1961 15595 618 754 9216 18951 81 3611 3322 856 2404 220 2884 157 13796 8852 403 7025 10249
internal_value=-0.00013038 -0.0335512 0.0449327 -0.0181617 0.0038261 0.0257259 0.00998286 -0.0851876 -0.0404184 -0.00613526 -0.0215602 -0.0581521 0.00108418 0.0965731 0.022704 0.0418055 -0.0159566 -0.0973728 -0.0917762 0.0592312 0.0774992 0.0561326 -0.0359017 -0.00860563 0.0102782 -0.0341576 0.0209587 -0.225269 -0.0260171 0.0665766 -0.0857449 -0.110858 -0.0658668 -0.0365684 -0.0230815 -0.0119014 -0.0685457 -0.0639127 -0.0484573 -0.0686446 0.00396071 0.00397341 0.063236 0.124343 0.0500785 -0.0356655 0.0607528 -0.0692769 -0.105694 0.0778485 0.0349566 0.100468 0.0721859 0.0408797 -0.48971 -0.021891 0.0123683 -0.0423813 -0.0159165 -0.224882 0.0163362 -0.137362
internal_weight=232670 133592 99077.5 102921 51774 72219.8 49135.5 30671.2 51147.2 35048 30621 11704.5 18916.5 26857.8 35285 21914.8 15260.5 26502.5 25394.8 23084.2 16188.2 11898.8 2271.25 13370.2 10458 17285.2 15677.5 1107.75 16201.2 12914.8 8508 6348 4561 16489 13828.5 2160 20526.2 19938.2 8575.75 6876 12340.8 8722 2649.25 13943 14087.5 1559 12528.5 5106.5 20778.2 9627.5 3427.5 2153.5 3656 2835.25 191.5 6072.75 3743.75 12773.8 7922.75 588 6896 7897.75
internal_count=321047 189616 131431 144049 77760 97830 65964 45567 66289 47654 38733 15786 22947 33601 46178 27212 17974 39029 37310 31866 22507 15960 2830 18966 14715 24561 20104 1719 22949 17201 12453 10293 8506 31582 28860 2160 27556 26968 10309 8373 15904 18505 4630 16400 18310 1961 16349 10355 30478 13130 5550 3601 4973 4117 340 13875 10991 17399 11405 588 9359 11527
cat_boundaries=0 1 2 3 4 5 6 7 8
cat_threshold=4 8 8 4 4 12 4 192
is_linear=0
shrinkage=0.04


Tree=48
num_leaves=63
num_cat=6
split_feature=0 21 21 1 0 1 21 32 5 9 25 19 19 15 21 23 24 25 32 6 21 23 23 21 21 25 0 32 25 21 24 6 19 25 32 7 1 32 19 1 26 20 24 24 14 20 20 19 21 20 15 23 20 24 25 25 17 12 5 19 29 21
split_gain=203283 87469.4 42848 38762.6 29681.9 26603.4 24932.8 23030 14127.4 19868.6 14083.6 13739.9 13107.4 12702.5 12573.1 12109.4 11401.3 12460.8 11339.9 11095.5 11019.3 11362.3 10623.1 10590.6 10572.5 13035.4 10453.8 10125.6 10022 9876.12 9288.53 8978.6 8712.37 8559.25 9784.33 8912.55 8393.98 8546.11 8339.67 8285.41 10579.6 17056.1 15118.5 9515.73 9014.09 11358 8345 15991.2 11163.7 11040.4 7910.8 10170.3 7878.27 7755.64 11123.7 7663.11 7494.62 7522.92 7239.06 7060.21 12429.2 7024.76
threshold=2.3249999284744267 69.88785552978517 76.094738006591811 2.8850001096725468 2.8850001096725468 1.8849999904632571 76.617176055908217 0 25.500000000000004 13.500000000000002 487.75000000000006 5.0000000000000009 167.50000000000003 2.5000000000000004 62.269115447998054 1.0013249516487124 0.064879272133111968 496.62500000000006 1 188.25000000000003 89.870384216308608 1.0484992265701296 1.0013249516487124 70.751132965087905 59.510065078735359 117.62500000000001 3.0449999570846562 2 487.75000000000006 67.659801483154311 0.3201736062765122 95.250000000000014 170.50000000000003 100.12500000000001 3 5.5000000000000009 2.8149999380111699 4 9.5000000000000018 2.2949999570846562 1.5000000000000002 110.00000000000001 0.10242780297994615 0.14897271245718005 94.034999847412124 171.50000000000003 79.000000000000014 49.500000000000007 64.422271728515639 179.00000000000003 3.5000000000000004 1.1509101986885073 179.00000000000003 0.049344956874847419 496.62500000000006 504.12500000000006 3.5000000000000004 2.5000000000000004 35.500000000000007 23.000000000000004 5 61.407785415649421
decision_type=8 10 10 10 10 8 10 1 2 2 2 8 8 2 10 10 10 2 1 2 10 10 10 10 8 2 8 1 2 10 10 2 8 2 1 2 8 1 8 8 2 2 10 10 10 2 2 10 10 2 2 8 2 10 2 2 10 10 2 10 9 8
left_child=2 4 5 6 24 27 15 10 9 13 12 -9 23 -4 -13 -3 17 33 -5 -14 21 -8 29 50 25 -2 56 58 36 -16 39 -12 -20 34 -17 -35 37 -6 -37 -26 42 -42 -41 -43 45 -45 47 -44 -48 -50 52 -52 -7 -10 -55 -23 57 -18 -1 60 -38 -53
right_child=1 3 8 18 28 7 20 11 53 -11 31 14 19 -15 22 16 26 -19 32 -21 -22 55 -24 -25 30 -27 -28 -29 -30 -31 -32 -33 -34 35 -36 38 59 -39 -40 40 41 43 46 44 -46 -47 48 -49 49 -51 51 61 -54 54 -56 -57 -58 -59 -60 -61 -62 -63
leaf_value=-0.14128984519217716 -0.26876266740753335 0.23209754361336651 0.061640908796925742 0.071503466094697765 -0.056379037246236788 -0.020415803862879844 0.050151106714139061 0.21022591858055065 0.037363840745474011 -0.49122706691767326 -0.021568955871153161 -0.14605745400495473 -0.092520719108189806 -0.073940227421976784 -0.055421517681494274 -0.037062682110634911 0.058359726067511705 0.085712372946686363 0.14400072015554724 0.12733683218032268 0.28406718074720283 0.12703746195916765 -0.063188710342056226 0.071249777571483597 -0.054246109270213776 -0.041187361549153027 0.078905034962184178 -0.069083872570792987 0.098620475542451999 0.12300380061747848 0.16513150336534477 0.15318906471418875 0.059404438337080298 -0.14150070547766025 0.061433529943023146 0.109729402306565 0.091550711409198821 0.050101105446383867 -0.039551909875339096 -0.034280060879851061 -0.25581658644378924 -0.0046215162509082291 -0.24851596481495716 0.19820471884210475 -0.01975430524343734 -0.219513175112623 -0.027455670713810117 0.40156577996225318 0.09410701029513302 0.0043039102057630518 0.028000623886882309 -0.024339903930660156 0.09016249383560293 0.16236396244513568 -0.2449580496845038 -0.12760134331030504 0.065396726517601395 -0.02296630252551431 -0.07646009924089181 0.05264788436937945 -0.13580183992158512 -0.33844977940173382
leaf_weight=7214.5 610.5 427.75 2016.5 11262.25 3485 6731.25 11303.25 292.5 4701.75 141.25 715 2731 4275.75 2442.75 998.5 2923 2481.75 2127 9794.25 400 406 5710.25 24027.5 2937.75 9644.75 1178.75 6927.25 18849.75 3263.25 983.25 428 1370 2436.75 1260.5 3597.5 653 662.75 1841.75 6978.5 10721.25 605 5062.5 80.25 113.75 1086 1073.25 4403.5 231 4518.5 4250.25 389.25 165.75 1215.25 1642.25 113 194 3807 6807 4474.5 10416.5 886.5 365
leaf_count=10219 1023 1711 2549 13942 4439 10518 13230 360 6054 184 715 4456 7614 2664 3994 4711 2850 2127 11364 547 406 5903 31847 3270 12929 1253 7921 24483 3264 3933 428 1370 2757 1262 7583 659 1289 2654 7199 19140 887 13641 270 116 1086 1074 6175 231 5708 5106 525 228 1951 1772 113 194 4062 7197 6447 17618 1311 920
internal_value=-0.000237194 0.0292115 -0.0476683 0.0574099 -0.00533525 -0.0580976 0.0392058 -0.0393992 0.0260254 -0.027531 -0.00460329 -0.0616474 -0.0169991 -0.0126277 -0.0644291 0.0209654 0.0185486 -0.00499688 0.100488 -0.0736643 0.0785409 0.0736588 -0.0558471 0.00545434 -0.0238712 -0.119055 0.0391725 -0.0872362 0.034346 0.0331354 -0.0198316 0.093293 0.12716 -0.0175252 0.0172807 -0.0430474 0.0222064 -0.0195565 -0.026752 -0.0217339 -0.0119761 -0.0520345 0.00116822 -0.0351613 -0.103113 -0.179211 0.029356 0.233412 0.024499 0.0505909 -0.016356 -0.127266 -0.00348574 0.0641813 0.135888 0.118629 0.0181458 -0.00122903 -0.116491 0.0407986 -0.0388307 -0.24083
internal_weight=232854 143660 89194 79097 64563 78136.5 55603.8 47597.8 11057.5 4600.5 18565 29032.8 16480 4459.25 28740.2 37990.2 37562.5 17539.5 23493.2 4675.75 17613.5 17207.5 26009.2 11804.2 44007.2 1789.25 20023 30538.8 20555.8 1981.75 42218 2085 12231 15412.5 6520.5 8892 17292.5 5326.75 7631.5 41790 32145.2 7940.5 24204.8 7335.5 2273 1187 13483.5 311.25 13172.2 8768.75 8866.5 920 7946.5 6457 1755.25 5904.25 13095.8 9288.75 11689 11965.8 1549.25 530.75
internal_count=321453 194720 126733 95078 99642 113397 67015 72248 13336 5397 27658 44590 25573 5213 44230 47282 45571 23541 28063 8161 19733 19327 39774 17412 69067 2276 22030 41149 30575 7927 66791 2085 14121 21414 12294 9120 27311 7093 7858 66363 53434 16804 36630 15917 2276 1190 17490 501 16989 10814 14142 1673 12469 7939 1885 6097 14109 10047 16666 20218 2600 1148
cat_boundaries=0 1 2 3 4 5 6
cat_threshold=4 8 8 8 4 168
is_linear=0
shrinkage=0.04


Tree=49
num_leaves=63
num_cat=5
split_feature=9 1 21 21 11 21 5 24 0 32 21 19 26 32 25 19 23 6 0 21 21 24 0 23 21 19 23 27 21 0 24 9 28 23 19 25 21 7 8 25 19 19 20 32 23 23 23 23 14 0 5 25 7 19 25 32 24 25 21 24 21 23
split_gain=182163 74003.8 51326 48980.3 32090.2 24216.5 21699.1 26643.3 16779.9 17220.2 15552.9 13439.2 16483.2 12295.2 19014.2 18898.1 15155.9 15909.1 13443.1 12111.9 11152.8 13332.6 11111.2 10854.5 10624.2 9807.78 9749.13 9725.27 9935 10533.3 9719.43 9554.19 10216.2 9448.22 15887.3 9495.58 8849.69 8214.18 8064.95 8277.94 7972.67 7488.42 7323.93 7956.17 11886.6 9926.05 7312.31 7175.76 7118.42 7088.72 9129.05 7068.97 7042.69 9884.99 6745.52 11133.5 6691.04 6672.64 6654.66 13957.7 6572.51 7099.98
threshold=1.5000000000000002 2.7549999952316289 75.258960723876967 71.359138488769545 0.18974845856428149 78.926559448242202 20.500000000000004 0.065656211227178587 3.2649999856948857 0 63.086299896240241 9.5000000000000018 1.5000000000000002 1 487.75000000000006 167.50000000000003 1.0280442237854006 189.25000000000003 2.0949999094009404 64.422271728515639 77.426959991455092 0.064375076442956938 2.804999947547913 1.0785654187202456 70.751132965087905 64.000000000000014 1.2481924295425417 1.0000000180025095e-35 86.135070800781264 0.86500000953674328 0.079364828765392317 13.500000000000002 2 1.0484992265701296 128.50000000000003 53.875000000000007 65.668624877929702 30.500000000000004 98.250000000000014 85.375000000000014 10.500000000000002 49.500000000000007 79.000000000000014 3 1.0153971314430239 1.21013480424881 1.0230884552001955 1.1644505858421328 93.950000762939467 0.44499999284744268 1.5000000000000002 261.37500000000006 27.500000000000004 190.50000000000003 353.87500000000006 4 0.025558751076459888 465.75000000000006 61.135782241821296 0.075912803411483779 59.93836975097657 1.3789317607879641
decision_type=2 10 10 10 10 10 2 10 10 1 8 8 2 1 2 8 10 2 10 8 10 10 10 10 10 8 10 2 10 10 10 2 9 10 10 2 8 2 2 2 10 10 2 1 10 10 10 8 8 8 2 2 2 10 2 1 8 2 10 10 8 10
left_child=1 3 4 10 13 8 31 23 9 37 41 12 48 14 15 24 -17 -18 -15 49 21 38 26 27 60 47 42 28 33 -30 -26 32 -4 35 -35 -8 -20 40 39 -13 -3 58 -12 44 -44 -46 -38 -21 -5 -6 -51 -9 53 -11 -54 -56 -27 -28 -1 -60 -2 -62
right_child=2 5 6 11 19 -7 7 51 -10 52 22 20 -14 18 -16 16 17 -19 36 25 -22 -23 -24 -25 30 56 57 -29 29 -31 -32 -33 -34 34 -36 -37 46 -39 -40 -41 -42 -43 43 -45 45 -47 -48 -49 -50 50 -52 -53 54 -55 55 -57 -58 -59 59 -61 61 -63
leaf_value=-0.19099952074725887 -0.15322243873462715 0.096018359018473942 0.021002068726512196 0.055735371252723043 -0.21697429277758104 0.16059089926103493 0.14428374965236768 0.21583153253106271 0.10671879674432058 0.072363128349571787 -0.13833012651266693 0.022102832610936922 -0.07438792972768847 -0.081082682848604884 0.099320997859433421 0.04326200084564942 -0.13081820342208678 0.098642398564157907 -0.085280989049977149 -0.053386914166063094 0.069803947180711576 0.053888352042887527 0.029677877931207998 -0.28655213654452355 0.010610792359183538 -0.0013068596661698648 0.10861820112445576 0.29857634425522772 -0.23957680633109499 0.19306903217840787 0.15136282348400726 -0.39941949229894569 -0.12072357078793296 0.016797144648391393 0.23463598982428843 -0.02865066364725229 0.090653763235863216 0.043014388200747017 0.03797868457818953 -0.068218839836388059 -0.035276700362284148 -0.045506425334377147 0.069175725795261989 -0.0045924940559338078 -0.054121023588198452 -0.25897413117968587 -0.019608260583131049 0.027957615276029701 0.14603405810304121 0.13335658097339598 -0.11540780599245493 -0.033513511719354773 0.075153389068714202 -0.039443953557130401 0.20611819951342752 0.047488850876461153 -0.091738377652607395 -0.17010578035022697 0.34711360771589006 -0.12328392941378619 -0.011908740849857255 0.20177976785528881
leaf_weight=1294.5 509.75 853.75 1647.25 2080.75 1081 4535.75 555 1705 10568.25 5829.5 858.75 2453.25 815.5 11560.5 2358 1349.5 4670 537.75 3182 7728.75 9043.75 8217.75 10065.5 172 1852.5 1421.5 1362.75 212.5 98.75 864.75 1360.75 127.5 1605.25 1980.5 732.5 5775.5 1038.75 8279.75 3274.75 4793 5469.5 4790 1235.25 19277 9153.5 393 12770 2235.75 4272.25 242.25 7330.5 203 5662 1614.25 1960.25 1110 16589.5 151 122.5 531.25 8817.75 254
leaf_count=1740 623 1351 2002 2848 1501 4892 1689 1801 12627 7136 1356 4326 847 16674 2358 3952 6068 681 4508 11211 9598 8913 16169 172 2217 3808 1431 334 104 972 1387 174 1822 2030 815 7109 3309 11294 4168 5156 7646 6449 4584 31760 12338 513 16112 3459 5440 405 10647 203 7339 1975 1961 1110 23710 151 160 886 12786 254
internal_value=0.000564172 0.031996 -0.0392943 0.0097209 -0.051314 0.0728638 0.0273125 0.0519798 0.0632328 0.0482952 -0.0159854 0.0459321 0.0947572 -0.0305599 -0.00787044 -0.0209408 -0.0761453 -0.107094 -0.0478107 -0.0797885 0.0333279 0.0157177 -0.00703159 0.0267355 0.00735807 -0.0669861 -0.0184263 0.0320641 0.0263453 0.148314 0.0702762 -0.0624246 -0.0489744 0.0133199 0.0757453 -0.0134473 -0.0251651 0.0168015 -0.0141004 -0.0376413 -0.0175235 -0.0724352 -0.0232809 -0.0199848 -0.0474985 -0.0626075 -0.0113014 -0.0351328 0.116487 -0.121149 -0.107416 0.189291 0.0767204 0.0481115 0.10109 0.148839 -0.0846025 0.0806218 -0.138524 -0.0343386 -0.0137516 -0.00588164
internal_weight=232639 130069 102570 84186 86890.5 45883 15679.5 12299.5 41347.2 30779 49235 34951 7168.5 50261.2 21710 19352 6557.25 5207.75 28551.2 36629.2 27782.5 18738.8 42496.8 10391.5 12794.8 27975.5 32431.2 10219.5 10007 963.5 3213.25 3380 3252.5 9043.5 2713 6330.5 16990.8 14603 10521 7246.25 6323.25 6738.25 30917.5 30058.8 10781.8 9546.5 13808.8 9964.5 6353 8653.75 7572.75 1908 16176 7443.75 8732.25 3070.25 18011 1513.75 1948.25 653.75 9581.5 9071.75
internal_count=321061 176164 144897 118833 125670 57331 19227 15229 52439 39812 77537 41296 9135 70929 30326 27968 10701 6749 40603 54741 32161 22563 68302 13225 17267 42188 52133 13053 12719 1076 3604 3998 3824 11643 2845 8798 23929 20291 13650 9482 8997 9235 50551 49195 17435 12851 19421 14670 8288 12553 11052 2004 19521 9111 10410 3071 27518 1582 2786 1046 13663 13040
cat_boundaries=0 1 2 3 4 5
cat_threshold=8 4 4 8 4
is_linear=0
shrinkage=0.04


Tree=50
num_leaves=63
num_cat=5
split_feature=0 1 22 32 0 19 17 5 1 23 14 9 6 1 24 20 19 32 1 32 15 23 14 26 20 20 26 17 14 20 20 22 24 22 19 17 15 20 22 14 32 11 20 19 22 33 1 24 15 11 15 19 0 23 24 19 11 0 22 8 20 6
split_gain=173811 73384.9 35852.3 32267.3 25860.6 21062.5 19087.9 16570.8 15714.2 14436.2 14302.5 13898.4 14309.3 13291.3 12310.5 11498.5 11803.1 11342.7 9897.59 9543.16 13892.8 10032.4 9067.35 11837.9 8674.43 8662.49 8991.29 9534.74 11438.9 11928.2 8643.71 8481.58 10045.9 8355.85 15048.5 9086.51 9023.77 8319.98 10061.5 8258.59 8039.12 7976.45 7884.84 11212.6 7861.77 7841.64 7764.79 7674.16 7459.49 7331.89 7221.61 7205.48 6992.16 6953.21 9496.05 6771 6989.67 6759.83 6713.58 6676.7 6599.76 6559.44
threshold=2.7549999952316289 2.0649999380111699 0.12391588091850282 0 3.2549999952316289 9.5000000000000018 4.5000000000000009 33.500000000000007 2.995000004768372 1.0153971314430239 64.020000457763686 12.500000000000002 66.500000000000014 2.6149998903274541 0.026837668381631378 79.000000000000014 167.50000000000003 1 3.4750000238418584 2 3.5000000000000004 1.1616019010543825 94.704998016357436 1.5000000000000002 110.00000000000001 218.00000000000003 1.5000000000000002 4.5000000000000009 93.439998626708999 177.50000000000003 171.50000000000003 0.019996583461761478 0.04166019335389138 0.039901101961731918 190.50000000000003 2.5000000000000004 3.5000000000000004 218.00000000000003 0.03408933803439141 82.305000305175795 3 0.037408165633678443 175.00000000000003 49.500000000000007 0.11901463195681573 4 1.2849999666213991 0.099730301648378386 3.5000000000000004 0.15367746353149417 3.5000000000000004 59.500000000000007 1.8350000381469729 1.1748403906822207 0.16761939227581027 64.000000000000014 0.16590895503759387 2.0849999189376835 0.02731382101774216 94.250000000000014 141.00000000000003 22.500000000000004
decision_type=10 8 8 1 10 8 10 2 10 10 8 2 2 10 10 2 8 1 10 1 2 8 10 2 2 2 2 10 10 2 2 10 10 10 8 8 2 2 10 8 1 10 2 10 10 9 10 10 2 8 2 8 10 10 10 8 10 10 10 2 2 2
left_child=1 6 3 5 13 39 11 9 14 -7 24 17 46 55 -5 -16 22 52 -6 45 25 -22 23 -17 -4 26 42 28 -28 -30 -25 32 -18 37 47 -36 -37 -11 -39 -3 -15 58 43 -21 -8 61 -13 60 -42 -44 -24 -23 -1 54 -51 -2 -57 -9 -33 -50 -35 -12
right_child=4 2 10 8 18 7 44 57 -10 33 19 12 -14 40 15 16 31 -19 -20 20 21 51 50 30 -26 -27 27 -29 29 -31 -32 41 -34 34 35 36 -38 38 -40 -41 48 -43 49 -45 -46 -47 -48 -49 59 53 -52 -53 -54 -55 -56 56 -58 -59 -60 -61 -62 -63
leaf_value=-0.12331738191376652 0.044487483410621698 -0.0032884093322495082 -0.25581933857121592 0.08517568475777805 0.080906204052317771 0.055829067711645419 0.0038743741932239346 -0.044934047814798699 0.13612799084019225 -0.059129783300486828 0.1876824999912019 -0.28465853074075925 -0.090742571166347763 0.033763775553617682 -0.29119736403093349 0.035950979325345321 -0.0052834331028171347 -0.041095660506694096 0.15483912896184351 -0.046387957461074443 0.030505687495999977 -0.29122246449719863 0.091031753178266187 0.041175867695144877 -0.077972612771540439 0.14183435251363075 -0.095173074538623476 0.11942008031535474 0.29071792104364741 -0.019424268472507351 -0.0997933368702177 -0.090019415687269552 0.20337218798655332 -0.01906156327001057 -0.10154731372616295 -0.1296126824151301 -0.43024514620362397 0.012276465849548125 0.30259270152133572 0.10497733606344228 0.089854829513216383 -0.069283255448763043 0.034594693928252956 0.11261731306814358 -0.12536204491919878 -0.076657948111813437 -0.10244303963240356 -0.020975347161443805 -0.032730621729274406 -0.038410305308427935 -0.064391689325945412 -0.10084205617442729 -0.064592102509897303 -0.11538056545190903 0.30274009594595508 0.0044327923298230392 -0.11759977315688332 0.017796302765059075 0.018350286366819516 0.086183452957493259 -0.11577047423283209 -0.23910713413326143
leaf_weight=5310 7594 1889.25 737.5 5155.75 14112.25 1670 8535 3675.75 2218.75 2933.25 312 1060.75 8058.5 12891.5 187.75 17111 939.5 22202 3649.25 1003 846.75 369 5749.5 1077.75 1086.25 652.25 3937 505 250.25 928.5 1957.5 1076.25 606 1446.25 605.5 262 417.25 1192.25 225.5 2792.25 12705.75 3899 2454.5 2415.5 824 8371.75 582.75 3444.75 1695 654 520.25 2275.75 8362.75 1506.75 161 11641 800.75 10876.25 6026.5 1359.75 5163.75 68.75
leaf_count=7368 10075 3027 1066 6781 18010 4694 11742 5388 2539 3237 600 1684 11183 16850 301 21890 980 27737 4190 1486 1323 669 6603 1128 2248 1910 10609 1993 347 2055 1962 1173 606 2296 847 295 451 1385 377 4341 15666 5240 3344 2960 1214 13885 918 3723 2037 1377 605 5011 10657 1656 161 16849 1145 15161 7675 1629 7152 95
internal_value=0.000102804 -0.0217146 -0.00309221 0.0101885 0.0547989 -0.0179123 -0.0595622 -0.0295362 0.0322909 -0.0559234 -0.0417753 -0.0702464 -0.112724 0.039724 0.0270849 0.0194309 0.0209428 -0.0587529 0.0961125 -0.0343686 -0.0176736 -0.0892643 0.0361149 0.0230364 -0.150097 -0.000386112 -0.00712069 -0.0460759 -0.0624547 0.0467934 -0.0497415 -0.0109996 0.0766836 -0.0678237 -0.0859033 -0.21473 -0.315018 -0.0206854 0.0588195 0.0613015 0.0572001 -0.0233296 0.0196023 0.0659624 -0.00752756 -0.0686122 -0.220257 -0.0694021 0.0763628 -0.013591 0.0781174 -0.127607 -0.0874142 -0.0645211 0.0295489 0.0147289 -0.00343821 0.00194644 0.00190763 0.0202203 -0.0946242 0.106957
internal_weight=233040 166591 111655 83119.5 66449.2 36594 54935.8 31912.5 46525.5 17360.5 28535.5 45576.8 9702 48687.8 44306.8 39151 38963.2 35874.8 17761.5 26711.8 17959.2 3491.5 26416 20146.2 1823.75 14467.8 13815.5 5620.75 5115.75 1178.75 3035.25 12547.2 1545.5 15690.5 11339.5 1284.75 679.25 4351 1417.75 4681.5 28652 11001.8 8194.75 3418.5 9359 8752.5 1643.5 10054.8 15760.5 4776.25 6269.75 2644.75 13672.8 2321.75 815 20035.8 12441.8 14552 7102.75 3054.75 6610 380.75
internal_count=321606 235155 162652 109857 86451 52374 72503 45006 57483 24457 52795 59547 13785 64251 54944 48163 47862 45762 22200 49481 34901 7003 32188 24980 3314 27898 25988 15004 13011 2402 3090 15674 1586 19763 14764 1593 746 4999 1762 7368 36182 14088 10984 4446 12956 14580 2602 13171 19332 6538 7208 5680 18025 3194 1538 28069 17994 20549 8848 3666 9448 695
cat_boundaries=0 1 2 3 4 5
cat_threshold=8 8 8 8 8
is_linear=0
shrinkage=0.04


Tree=51
num_leaves=63
num_cat=6
split_feature=4 0 22 4 4 17 14 11 17 9 11 32 32 19 25 20 19 22 25 25 23 19 28 25 25 22 25 24 22 23 19 5 0 1 19 5 24 29 5 19 19 25 14 28 20 23 4 4 8 19 0 19 25 25 22 20 25 22 28 23 20 19
split_gain=164207 71680.3 25993.3 28497 22658.6 22009 20158.2 18440.6 17459.6 17380.2 22780.1 16276 14945.4 13803.7 11632.8 13942.4 11387.2 11480.5 9212.67 14249.8 9051.82 9042.58 10130.6 9286.87 8751.99 8683.57 8600.6 8383.25 9779.18 12794.8 8505.04 10843 8323.11 8191.42 8080.19 7800.8 7740.61 11198.1 7640.12 7604.25 7388.57 7342.53 7334.36 7924.52 10602.9 7677.94 7238.86 6997.81 7564.51 6951.95 7232.16 6816.21 6719.15 11152 6692.51 9205.33 9055.8 8205.59 9201.37 6644.9 6605.21 6299.89
threshold=2.6149998903274541 2.1149998903274541 0.12391588091850282 1.2549999952316286 3.1350001096725468 4.5000000000000009 94.430000305175795 0.24008733034133914 4.5000000000000009 10.500000000000002 0.56973218917846691 0 1 64.000000000000014 81.125000000000014 171.50000000000003 59.500000000000007 0.095373723655939116 403.87500000000006 661.25000000000011 1.0454032421112063 167.50000000000003 2 43.125000000000007 609.62500000000011 0.015367629006505014 276.37500000000006 0.0095770866610109823 0.039901101961731918 1.0249221920967104 79.500000000000014 28.500000000000004 0.33500000834465032 2.4250000715255742 23.000000000000004 36.500000000000007 0.3201736062765122 3 27.500000000000004 64.000000000000014 59.500000000000007 335.87500000000006 77.479999542236342 4 159.00000000000003 1.2721105217933657 2.3649998903274541 3.6049998998641972 15.500000000000002 10.500000000000002 3.3649998903274541 59.500000000000007 239.87500000000003 139.87500000000003 0.019503099843859676 179.00000000000003 164.62500000000003 0.11901463195681573 5 1.2043316364288332 110.00000000000001 170.50000000000003
decision_type=2 8 8 2 2 10 10 8 10 2 10 1 1 8 2 2 10 10 2 2 10 10 9 2 2 10 2 10 10 10 8 2 10 10 10 2 10 9 2 8 10 2 10 9 2 10 2 2 2 10 10 10 2 2 10 2 2 10 9 10 2 8
left_child=1 5 3 6 12 9 7 -3 13 11 60 20 27 -5 15 -7 17 -14 26 24 -1 22 40 -23 -20 -25 -18 -2 -29 -30 -31 52 51 -13 -19 -24 41 -38 -16 -22 -10 42 -4 44 45 -44 -15 48 -6 -8 -51 -12 53 -32 -40 56 -56 58 -58 -43 -11 -54
right_child=4 2 36 8 47 14 49 -9 21 10 32 33 16 46 38 -17 18 34 19 -21 39 23 35 25 -26 -27 -28 28 29 30 31 -33 -34 -35 -36 -37 37 -39 54 -41 -42 59 43 -45 -46 -47 -48 -49 -50 50 -52 -53 61 -55 55 -57 57 -59 -60 -61 -62 -63
leaf_value=-0.030539144208208517 0.1101752010171438 0.045679303077517448 -0.067013391755892909 0.0095509419328269566 -0.019967343556231268 -0.084297700800986461 0.14329345145746142 -0.045105927654687648 -0.1022627246683654 -0.44862795121025967 -1.0082389784638297 -0.03829138127321343 0.13005323714537992 -0.060938031484935096 -0.17036931961823953 0.12075085077048561 0.048187724915134379 -0.088321846840304405 0.099876503604558464 -0.061193943984932005 -0.061643154908581778 0.22489730153193532 0.021978582379096764 0.063167353153645384 0.26452282988652587 -0.041693185237577583 -0.02283021024109886 0.046405193572820344 -0.36909695888205596 0.0394980753008395 -0.069671143853617903 0.017876385354271548 -0.26742633094550344 0.029862139126945689 0.10777217594373008 0.17627825388941612 0.23207092909415444 -0.044551678568124767 0.044523683272443097 -0.1209154472866005 0.057340986487881392 -0.18433040072752263 0.082496603843228225 0.035265702212867678 -0.042725534181560609 0.53780316057142252 -0.016926953173905669 0.18846727139425526 0.094628209754061485 0.055824336702083997 0.17059370119955955 -0.40862950320551472 -0.076019226042543658 0.12768366505345416 -0.11146141811008926 -0.099045468520898655 0.0075008216016945904 -0.11038311396264497 0.21275001224559845 -0.058028244745529874 -0.092950509238822795 -0.25128217352991344
leaf_weight=4681.25 1459.25 9492.75 6609.25 15715.25 984.25 707.25 2230.25 5744.5 604 82.25 55 19059.25 5653 11834.75 544 2107.25 9983 741.5 3042 770 6206.5 287.25 735 1875.75 622 3861 3752.75 8053 154 4626 2874 4487.5 221.75 3310.25 611.75 1832.75 400 539 2099.25 7858.25 1980 992.75 277.25 3592.75 9162.75 73.75 12089.5 1177.25 14318 10077.5 961.25 75.5 872 543 675.5 2278.75 742 356 659 2030 12714.75 527
leaf_count=9608 4925 11412 11884 20216 1228 1134 3032 7807 709 95 106 25534 7519 15761 613 5999 16439 965 3042 770 8155 1140 1122 1896 622 5766 3758 9256 154 5850 3576 5305 455 3947 767 2546 451 539 2217 10016 2652 1085 674 7453 17364 76 15577 1259 17885 11693 1100 149 872 543 845 2413 742 356 659 2030 18858 527
internal_value=0.000132654 -0.0208445 -0.000143777 0.0108348 0.0539585 -0.053934 0.0428438 0.011451 -0.00712229 -0.0640537 -0.104084 -0.0512469 0.0402538 -0.0195721 6.89686e-05 0.0691985 0.0616893 0.105009 0.0449752 0.0950957 -0.0787378 0.0370309 0.0759275 0.00375096 0.127958 -0.00739539 0.0287838 0.017379 0.0112521 -0.00885178 -0.00481603 -0.026855 -0.420582 -0.0282039 0.000346711 0.132166 -0.0369212 0.0755125 -0.0263968 -0.0947728 0.0199809 -0.0415708 -0.0326634 -0.0153334 -0.0344457 0.180691 -0.0387018 0.094508 0.0872552 0.0788854 0.0658482 -0.672803 -0.0685271 -0.0382505 -0.0148489 -0.0413137 0.0128027 0.0606545 0.104217 -0.0996063 -0.0953069 -0.142311
internal_weight=232684 167433 102999 79321.5 65251.2 64433.8 28506.2 15237.2 50815.2 54264.8 13149.2 41115.5 48771.8 39639.5 10169 2814.5 25176 7006.25 18169.8 4434 18746 11175.8 5151.75 6024 3664 5736.75 13735.8 23595.8 22136.5 14083.5 13929.5 9303.5 352.25 22369.5 1353.25 2567.75 23677.5 939 7354.5 14064.8 2584 22738.5 19715.8 13106.5 9513.75 351 23924.2 16479.5 15302.2 13269 11038.8 130.5 4816 3417 6810.5 4711.25 2432.5 1757 1401 3022.75 12797 1399
internal_count=321148 235886 143985 102429 85262 91901 35044 19219 67385 76923 19663 57260 64890 51554 14978 7133 33882 9251 24631 4434 27779 15831 7029 8802 3664 7662 20197 31008 26083 16827 16673 10823 710 29481 1732 3668 41556 990 7845 18171 3361 40566 37451 25567 18114 750 31338 20372 19113 15825 12793 255 5518 4119 7232 5015 2602 1757 1401 3115 18953 1399
cat_boundaries=0 1 2 3 4 5 6
cat_threshold=8 8 16 64 16 16
is_linear=0
shrinkage=0.04


Tree=52
num_leaves=63
num_cat=6
split_feature=1 0 22 28 32 23 20 11 1 19 15 25 1 20 22 22 23 24 20 22 24 25 20 30 14 25 8 24 25 22 14 6 1 25 5 19 25 17 22 19 25 24 32 29 22 14 24 25 17 22 25 19 23 22 29 20 25 23 10 22 19 25
split_gain=144782 72838.3 31155.1 27574.8 26875.3 20128.7 16711.1 15634.9 15489.6 14325.5 11921 12271.7 10511 10790 9975.62 9935.4 11103.5 9620.52 9288.2 9108.29 11284.5 9036.58 8631.08 8311.2 8696.31 8132.19 8408.16 7878.87 7865.49 7860.49 7857.34 7831.14 7594.99 7305.09 7270.04 7992.72 7267.28 18713.1 10888 10152.1 9451.04 10866.8 8800.63 7165.56 6961.03 6938.39 6874.42 7571.79 6702.02 11243.6 6978.58 6734.29 12502.9 6728.32 6639.14 6900.33 6584.89 6525.02 6467.35 6409.44 7426.74 6917.88
threshold=2.2749999761581425 2.8149999380111699 0.12391588091850282 0 1 1.0013249516487124 79.000000000000014 0.19489352405071261 3.2849999666213994 5.0000000000000009 3.5000000000000004 504.12500000000006 2.995000004768372 79.000000000000014 0.34571312367916113 0.072171278297901167 1.2043316364288332 0.026837668381631378 159.00000000000003 0.039901101961731918 0.064879272133111968 84.125000000000014 181.50000000000003 2 65.805000305175795 276.37500000000006 16.500000000000004 0.042066721245646484 74.125000000000014 0.31542138755321508 87.840000152587905 110.25000000000001 2.3750000000000004 677.12500000000011 30.500000000000004 52.500000000000007 296.12500000000006 2.5000000000000004 0.19803933054208758 111.00000000000001 162.12500000000003 0.23409039527177813 3 4 0.028545571491122249 65.020000457763686 0.068650234490633025 181.37500000000003 3.5000000000000004 0.15355489403009417 472.37500000000006 59.500000000000007 1.2588252425193789 0.24123191833496097 5 177.50000000000003 423.75000000000006 1.3589462041854861 28.750000000000004 0.012908976525068285 163.50000000000003 403.87500000000006
decision_type=8 10 8 9 1 10 2 10 10 8 2 2 10 2 10 10 10 10 2 10 10 2 2 9 10 2 2 10 2 10 10 2 10 2 2 8 2 8 10 8 2 10 1 9 10 10 10 2 10 10 2 8 10 10 9 2 2 10 2 10 10 2
left_child=3 2 4 7 5 -2 -5 31 10 -7 29 25 13 -6 23 16 18 43 58 46 22 28 -21 36 -25 -12 -27 44 -19 54 32 -1 -29 48 35 -22 39 -38 -39 40 -4 42 -42 -15 -23 -33 47 -11 51 -50 53 -17 -53 -51 55 -3 -24 -56 -8 -32 -61 -62
right_child=1 8 14 6 12 9 15 -9 -10 19 11 -13 -14 17 -16 33 -18 21 -20 20 34 27 56 24 -26 26 -28 30 -30 -31 59 45 -34 -35 -36 -37 37 38 -40 -41 41 -43 -44 -45 -46 -47 -48 -49 49 50 -52 52 -54 -55 57 -57 -58 -59 -60 60 61 -63
leaf_value=-0.060628798199499463 0.10508521827683072 0.025478977447011601 -0.0044263354370409217 -0.17213190129136643 -0.27702993659034564 0.14782513752720805 -0.021963779278097024 -0.088882139414703409 0.10188993375652163 -0.048962976974862633 0.016299493411665384 0.11614533985607169 0.11550585872538408 0.20641189888010061 -0.18719598798361262 -0.024439573139966614 -0.37170626564005504 0.043682271500924144 0.036994540570278026 -0.050782239062570692 0.0098605874147902183 -0.012924337252278989 -0.12108224029528902 -0.2355314510704164 -0.051211090380197152 -0.30192177024458206 -0.049735857396877352 -0.068796266059510558 0.15326884155535525 -0.28608757790901879 0.32696622721582158 0.22355682695137485 0.024251475750508466 -0.243603453808593 0.011548366442095004 -0.077793088327139923 -0.13744759513528704 -0.052714016886741114 0.15908023931350682 -0.046273479353070482 0.11500727461730514 0.30758498548026442 -0.11088595885271595 0.066375341011403174 -0.15014901768057576 -0.023207750109810289 0.095893214312241751 0.022275863088669572 0.073554290482046342 -0.20745984135393389 0.153676648011914 -0.14436179409058877 0.091793667612653784 0.034378796434396904 0.052463346244939091 0.15319980871773201 -0.31109926435175078 0.20962245841061061 -0.21792811105473195 0.067575809781421067 -0.024385068820233214 0.062316902239383104
leaf_weight=17944.75 2221 965 8742.25 1005 177.75 795.25 2964.5 20245.5 11078.5 3964.25 4610 1359.25 2586.5 694.75 674.25 6593 115 10304.25 11091.75 3514.25 2537 2310.5 1681.75 620.5 1202.25 232 2222 2586.75 1165.25 103.25 120 183 3064 254.5 6042.5 4834.5 2652 926 666 8763 944 322 387.75 3695.75 793.25 12576.5 1181.25 5994 2165 592.75 160 2005.5 435.25 265.75 31358.75 2272.75 353 426.75 294.5 6014.75 4219.75 2259
leaf_count=23029 8884 1379 18136 1134 285 856 3158 27186 13549 6086 7478 1360 2972 796 864 8897 115 16986 14532 5195 3764 2399 2443 1081 1872 232 2243 2631 1337 104 120 219 3145 256 6761 6015 2652 1022 666 21387 944 322 390 4886 872 16145 1230 5997 3269 904 160 3384 463 373 41366 3256 353 429 311 6095 4384 2259
internal_value=-3.53199e-05 0.0225819 0.00212394 -0.044081 0.0154789 -0.0111705 -0.0121467 -0.0615936 0.0596595 -0.0195337 0.0489123 0.00617262 0.0375478 0.0321511 -0.0355728 -0.0061652 0.0163898 0.0336424 0.0195517 -0.0239648 -0.0408273 0.0262033 -0.0887933 -0.0315053 -0.113529 -0.015014 -0.0738071 0.0108275 0.0548413 0.0591599 0.0208414 -0.0435954 -0.0183509 -0.0323254 -0.0209742 -0.0476303 -0.0250481 -0.0724067 0.0359718 -0.0145637 0.0121681 0.0997956 0.0491629 0.0892414 -0.0480726 -0.0196335 0.00474194 -0.00608673 -0.0278844 0.0220103 -0.0874769 -0.0454692 -0.102205 -0.132683 0.0601943 0.11482 -0.154325 0.0545695 -0.0397974 0.0384 0.0355758 0.0058547
internal_weight=232532 153639 99011 78892.2 73111 33118.8 27942.5 50949.8 54628.2 30897.8 43549.8 8423.25 39992.2 37405.8 25900 26937.5 14465.8 37228 14350.8 30102.5 18963 32837.5 5549 25225.8 1822.75 7064 2454 21368 11469.5 35126.5 18264.2 30704.2 5650.75 12471.8 13414 7371.5 23403 4244 1592 19159 10396 1653.75 1331.75 4390.5 3103.75 12759.5 11139.5 9958.25 12217.2 3183.5 1018.5 9033.75 2440.75 858.5 35023.2 3237.75 2034.75 31785.5 3259 12613.5 12493.5 6478.75
internal_count=321018 217483 146087 103535 96751 47584 36956 66579 71396 38700 57847 11313 49167 46195 49336 35822 18116 45910 18001 37844 24531 40228 7991 48472 2953 9953 2475 21905 18323 46534 18634 39393 5776 17706 16540 9779 45519 4340 1688 41179 19792 1656 1334 5682 3271 16364 13313 12083 17450 4706 1437 12744 3847 1277 46430 4635 2796 41795 3469 12858 12738 6643
cat_boundaries=0 1 2 3 4 5 6
cat_threshold=16 8 8 4 36 40
is_linear=0
shrinkage=0.04


Tree=53
num_leaves=63
num_cat=7
split_feature=1 21 0 21 0 32 21 23 24 25 11 32 21 24 24 21 15 33 6 25 6 21 14 19 21 23 21 23 21 28 30 25 1 22 15 22 20 22 25 23 17 19 11 15 6 24 19 24 25 21 6 29 19 22 23 25 21 32 1 21 0 25
split_gain=140525 69308.8 42850.3 36522.5 23695.6 24364.4 18334.9 15319 16421.5 14937.8 14758.2 14250.6 11895.6 11855.5 10969.1 10966 10124.4 9681.05 9671.46 9597.39 25942.5 9469.44 13912.5 10920.8 9657.93 9420.43 9406.12 9801.03 8880.13 8869.01 8776.98 8540.02 9518.44 8479.73 8457.21 9557.68 10303.5 9147.68 9486.89 9481.79 9009.39 8452.04 9962.73 8436.6 8199.88 8033.11 7993.39 8168.39 8062.1 7560.52 7511.65 8028.26 7493.57 7384.55 7274.17 7247.95 10672 10513.4 7174.77 7170.59 7118.43 7116.89
threshold=2.5849999189376835 74.533176422119155 2.1149998903274541 79.325862884521499 3.0949999094009404 0 66.469604492187514 1.0013249516487124 0.064879272133111968 487.75000000000006 0.28582468628883367 1 70.751132965087905 0.07844030857086183 0.053831294178962714 83.14151763916017 2.5000000000000004 2 104.25000000000001 415.37500000000006 197.25000000000003 71.359138488769545 95.634998321533217 23.000000000000004 66.595855712890639 1.0467212200164797 68.182941436767592 1.0116243958473208 65.668624877929702 3 4 661.25000000000011 2.054999947547913 0.047027543187141425 3.5000000000000004 0.030633942224085334 218.00000000000003 0.030162448994815353 158.62500000000003 1.013817369937897 4.5000000000000009 5.0000000000000009 0.71984010934829723 3.5000000000000004 107.25000000000001 0.3201736062765122 190.50000000000003 0.049344956874847419 331.62500000000006 80.24106597900392 57.500000000000007 5 23.000000000000004 0.063875023275613799 1.2374786734580996 487.75000000000006 65.668624877929702 6 3.4750000238418584 64.915882110595717 0.75499999523162853 364.12500000000006
decision_type=10 10 8 10 10 1 8 8 8 2 10 1 10 10 10 10 2 9 2 2 2 10 8 8 8 8 10 10 10 9 9 2 10 8 2 10 2 10 2 10 10 8 10 2 2 10 10 10 2 10 2 9 10 10 10 2 10 1 10 10 8 2
left_child=1 2 11 4 5 9 30 -8 50 12 13 17 -2 15 43 34 52 -1 -11 -18 -21 24 -23 -24 -10 -19 45 -28 -6 -29 54 32 -13 -26 35 46 40 39 -39 -36 -37 -27 -43 -14 -31 61 48 -48 49 -3 -9 -52 -17 -5 55 -4 57 -57 -30 -56 -12 -7
right_child=3 10 6 53 28 26 7 8 21 18 60 31 14 -15 -16 16 19 25 -20 20 -22 22 23 -25 33 41 27 29 58 44 -32 -33 -34 -35 37 36 -38 38 -40 -41 -42 42 -44 -45 -46 -47 47 -49 -50 -51 51 -53 -54 -55 59 56 -58 -59 -60 -61 -62 -63
leaf_value=-0.1792986406638484 0.012301555721555295 -0.046887733839902392 -0.064822953174121609 0.1437139277862379 7.3447652148778058e-05 -0.015718864743216321 0.13935864597468745 -0.079204509385550695 0.15064626718589244 0.065581835944961794 -0.20936560501294654 -0.055874129621867559 0.062901886177111857 0.12357047260820267 0.1381497548399396 0.090922124367955048 0.065880558931785793 -0.025418273398759551 0.22718199805782291 0.11674297602567295 -0.6682833096040498 0.0081431013326499144 0.22688521286468977 0.062864397180260337 0.089359374143717821 0.19905673429445855 0.13520682678880738 0.049021244802457356 0.070582788218921624 -0.038266552149725616 -0.14417277708537829 -0.17804203197674937 -0.0053643532554246481 -0.011361772072574106 -0.3699931811412962 0.03065372369684154 0.1851094127462499 -4.2516130792577998e-05 -0.29149265206938096 0.031365976091372746 0.18477995468727021 -0.092696984218883657 -0.39900134693797634 -0.11233247570635832 0.025462929627936188 0.22582012299722848 0.041535299684323651 0.23765183832200693 0.057537442342292876 0.036517279958238599 -0.051250067002420768 0.019569325376494813 0.25060786333954044 -0.20244713365260641 -0.022617635143427663 0.12149627311996515 0.21927154413875471 -0.16452742161498041 0.13430561187873924 0.095797574149381962 -0.030384550061561412 -0.092957717624819053
leaf_weight=1677.75 7786.5 6117.25 12567.75 6221.5 2337 6803.75 1179.25 5351 636.75 1094 426.75 19638.25 2438.25 2485.5 3191.75 1104 1867.25 4148.25 1297 175 107 6109.5 928.5 2159.75 1402.25 155 1040.75 6112.25 14631.25 7122.5 1380.75 739.75 8577.25 28089.75 99 5638.75 1004.25 309.5 421 1392 678.25 15500.25 170 534.25 5908 187.25 1796.5 417.5 2574 2427.5 5963.5 4476 822.25 98.5 4776.25 361.25 361 472 3507.75 985.25 2089.25 2651.75
leaf_count=2298 9834 7435 19275 6694 3000 11519 4717 7802 777 1094 501 29479 3219 2625 3383 1104 1874 10617 1297 175 107 6546 969 2333 1475 155 3719 7805 17698 8858 1779 742 10717 47544 99 6832 1878 608 421 1662 1153 19905 287 649 7459 215 2050 425 2574 2696 8368 6393 979 118 5356 362 361 472 4167 998 2714 2738
internal_value=0.000377309 -0.0206284 -0.0338017 0.04637 0.0376523 0.0217662 -0.0150486 -0.00316929 -0.00622382 0.06102 0.0320622 -0.0624076 0.0451734 0.0400107 0.0866773 0.0322957 0.0927302 -0.0869554 0.153362 0.0329891 -0.183702 0.00761129 0.0431312 0.112296 -0.00323417 -0.0790517 0.000256206 0.0157826 0.0734653 0.00927586 -0.0470366 -0.0440471 -0.0405214 -0.0065668 0.0215212 0.0294988 0.0662123 -0.0526053 -0.168359 0.00425108 0.0472566 -0.093155 -0.096071 0.0313498 -0.00937166 -0.0322381 0.00933123 0.0787022 -0.00449309 -0.0231891 -0.0406775 -0.0209175 0.15928 0.138255 -0.040058 -0.0558745 0.0382387 -0.0405202 0.0829195 -0.00234034 -0.0608877 -0.0373961
internal_weight=232724 159760 127807 72964 66644 46168 77200.5 56296.2 55117 16341.8 31952.5 50606.5 13950.8 29436.5 6164.25 26951 4075.5 21651.2 2391 2149.25 282 39326.5 9197.75 3088.25 30128.8 19973.5 29826.2 20183.5 20476 19142.8 20904.2 28955.2 28215.5 29492 22875.5 20654 7321.25 2221.5 730.5 1491 6317 15825.2 15670.2 2972.5 13030.5 9642.75 13332.8 2214 11118.8 8544.75 15790.5 10439.5 1926.25 6320 19523.5 13762 1194.25 833.25 18139 5761.5 2516 9455.5
internal_count=321105 227639 189727 93466 86654 61789 115527 86924 82207 19476 37912 74200 17085 34697 7251 32072 4239 33262 2391 2156 282 59644 9848 3302 49796 30964 42313 27841 24865 24122 28603 40938 40196 49019 27833 25043 9863 2790 1029 1761 7985 20347 20192 3868 16317 14472 15180 2475 12705 10131 22563 14761 2083 6812 26824 20470 1195 834 21865 6354 3215 14257
cat_boundaries=0 1 2 3 4 5 6 7
cat_threshold=4 8 68 4 8 144 4
is_linear=0
shrinkage=0.04


Tree=54
num_leaves=63
num_cat=9
split_feature=4 1 22 4 28 14 19 5 4 7 22 25 25 25 32 15 20 19 14 22 19 32 32 32 15 14 32 19 25 25 22 25 23 25 15 25 33 22 22 32 12 0 32 23 19 22 15 25 22 19 24 19 0 26 19 6 14 6 4 5 23 22
split_gain=134160 62836.7 26508.2 22387.2 17814.1 17428.1 16685.9 16593.9 15727.3 15449.4 14032.5 20081.3 13568.8 19757.8 19345 13904.9 13378.7 12702.9 14627.5 12406.6 12193.4 12151.3 10961.2 9816.66 11343.3 11668.2 9722.58 9696.24 10138.8 10149.3 9870.7 9526.65 12375.4 9096.06 8288.46 8283.58 8255.6 8161.56 8115.22 8053.72 7827.95 7726.55 9879.6 7702.61 7483.5 7417.77 7362.91 8002.25 14876.3 7347.24 7199.43 7161.5 7139.45 6773.95 8084.24 7983.71 6763.05 6692.31 6689.95 6604.88 7153.07 6540.15
threshold=2.685000061988831 2.054999947547913 0.12391588091850282 1.0000000180025095e-35 0 95.450000762939467 167.50000000000003 28.500000000000004 3.3249999284744267 4.5000000000000009 0.019996583461761478 77.625000000000014 472.37500000000006 302.12500000000006 1 3.5000000000000004 79.000000000000014 9.5000000000000018 86.534999847412124 0.10738126188516618 190.50000000000003 2 3 4 3.5000000000000004 79.149997711181655 5 59.500000000000007 472.37500000000006 650.37500000000011 0.094713956117630019 225.87500000000003 1.0243858098983767 88.125000000000014 3.5000000000000004 609.62500000000011 6 0.042542364448308952 0.032027559354901321 7 15.500000000000002 2.185000061988831 8 1.1616019010543825 7.5000000000000009 0.03408933803439141 3.5000000000000004 358.00000000000006 0.020587688311934475 23.000000000000004 0.30805669724941259 23.000000000000004 2.745000004768372 1.5000000000000002 49.500000000000007 50.500000000000007 99.005001068115249 93.250000000000014 0.50499999523162853 27.500000000000004 1.0153971314430239 0.28212143480777746
decision_type=2 8 8 2 9 10 8 2 2 2 10 2 2 2 1 2 2 10 10 10 10 1 1 1 2 10 1 8 2 2 10 2 10 2 2 2 9 10 10 1 10 10 1 8 8 10 2 2 10 8 10 10 8 2 10 2 10 2 2 2 10 10
left_child=1 4 3 5 41 9 7 17 21 -3 -8 -12 13 20 57 -15 -6 18 -5 -17 26 44 -9 -4 25 53 -13 30 46 35 -23 33 -33 -24 52 -30 50 45 -16 -19 -11 42 -1 -26 -2 -22 -29 -48 -49 56 -18 -32 -7 54 -25 -55 -45 -14 -51 60 -46 -27
right_child=8 2 23 6 16 34 10 22 -10 40 11 12 14 15 38 19 36 39 -20 -21 37 27 31 24 43 61 -28 28 29 -31 51 32 -34 -35 -36 -37 -38 -39 -40 -41 -42 -43 -44 49 59 -47 47 48 -50 58 -52 -53 -54 55 -56 -57 -58 -59 -60 -61 -62 -63
leaf_value=-0.11423099746699668 0.10721558149261014 -0.037715079293159703 -0.066485581610870315 -0.030889558661482873 -0.16816975393076772 0.018247049569784759 0.026632459669845159 0.081715537227901633 0.1094624018062666 0.045800216910472341 0.034502136363478132 0.078419896330280375 -0.024715971954765811 -0.10815447750764293 0.097060835888763755 -0.30680144459655939 -0.078381047403677365 -0.059971808001419234 0.10476648295437939 0.12621610965076674 0.03676301006794043 0.12835497498089576 0.027581223232072603 -0.083253656888039679 0.026361676125247441 0.01793557685459141 -0.11206332803145168 0.051740991412729011 0.11068875631119898 -0.012098810513028233 -0.079699323334439964 -0.32950323795253394 0.089622125487030788 -0.060575517063823733 -0.0062954362126278101 0.27997177256392891 -0.00089093308335178923 -0.040405734665761035 -0.098495002653111466 0.001271169496673361 -0.3021884176032395 -0.043203003647786627 -0.061427196648801169 -0.38468656421143205 0.10943998080678068 0.27134319799223772 0.012832903020246183 0.19825635784322565 -0.25486896150344512 -0.00061805008697898118 0.15757260377586024 0.10964654300624326 0.10458961277661744 -0.14609345538082838 0.036622140099896762 0.0070574845937093726 -0.010359348083212134 0.19265683644511844 -0.13366113098452487 0.041348128954651023 -0.010529485147764537 0.20528946408813561
leaf_weight=9226.25 1669.75 6128.5 9649.5 2388.5 947.5 1867.75 5455.25 6658.5 7035 10312.25 3866 479.75 309 2519 408 1199 3788.25 7650.25 2716.25 115 772.25 5614.75 4768.75 1508.5 859 9810.75 3928.75 10948.25 2200 840 708 115 3120 3080.75 1692.25 586 15228.5 1586.5 1980 6234.25 102.5 12741.25 14733.75 262.75 856.75 297.75 3176 152 470 945.75 217 579.25 8559 1694.25 2225.5 801.75 109.25 843 1675.75 11267.75 10741.5 305.5
leaf_count=13157 2221 8149 15909 3620 1063 2296 5720 7752 8418 12809 11864 803 309 2519 408 1199 5088 10444 3863 115 830 7387 8158 2185 1375 19089 4537 15854 2200 840 912 115 3120 3365 2146 586 20375 1912 1980 7516 107 16120 18672 493 2329 420 4448 152 470 1920 217 748 10083 4122 2821 3165 179 843 3982 14861 12399 355
internal_value=6.13818e-05 -0.0172041 -0.000674129 0.0102494 -0.0517845 0.0393675 -0.00354814 0.0133474 0.0534815 0.0126676 -0.0296682 -0.0464494 -0.0681277 -0.0902248 -8.63334e-05 -0.163327 -0.0215941 -0.0126397 0.0413045 -0.268764 -0.0505283 0.0455707 0.0411586 -0.0333003 -0.0174414 -0.0028853 -0.0913062 0.0650363 0.0498405 0.10975 0.105458 0.0167848 0.0745259 -0.00702389 0.0758059 0.146473 -0.0143563 0.0171579 -0.0650268 -0.0324764 0.0423172 -0.0683833 -0.0817685 -0.0791679 0.0255152 0.102432 0.0350958 -0.0128862 -0.143844 -0.10945 -0.06536 0.00553619 0.0891303 -0.0459418 -0.011823 -0.0969298 -0.275418 0.134402 -0.0857037 0.01954 -0.00164944 0.0236337
internal_weight=232730 175884 119002 89153.8 56882.5 28662.2 60491.5 36732.2 56845 16543.2 23759.2 18304 14438 10898 3540 3833 20181.2 18989.2 5104.75 1314 7065 49810 17743 29848.2 20198.8 16346.2 4408.5 25274.2 18372.2 3626 6902 11084.5 3235 7849.5 12119 2786 19233.8 2656.5 2388 13884.5 10414.8 36701.2 23960 3852.5 24535.8 1070 14746.2 3798 622 2993.5 4005.25 1287.25 10426.8 6230 3734 2496 372 1152 2621.5 22866 11598.2 10116.2
internal_count=321114 247289 172597 117002 74692 35590 81412 47953 73825 21065 33459 27739 15875 12335 3540 3833 26743 25443 7483 1314 8502 65407 22510 55595 39686 31737 5340 33597 24550 3626 9047 14758 3235 11523 14525 2786 25680 3162 2388 17960 12916 47949 31829 7949 31810 1250 20924 5070 622 6574 5305 1660 12379 12293 5006 7287 672 1152 5902 29589 14728 19444
cat_boundaries=0 1 2 3 4 5 6 7 8 9
cat_threshold=16 4 8 4 8 16 70 8 8
is_linear=0
shrinkage=0.04


Tree=55
num_leaves=63
num_cat=5
split_feature=9 1 4 17 22 19 14 11 9 4 4 17 5 6 4 29 27 15 22 26 24 32 4 14 20 20 19 22 22 15 22 29 23 22 14 23 22 11 20 15 6 15 23 19 24 23 14 0 23 22 11 6 23 19 28 22 32 5 15 18 6 8
split_gain=121286 49806.2 37536 25586.9 21677.4 17620.6 29516.4 15253.5 14498 14247.1 12718.1 12648.4 11819.7 11603.3 11152.7 10794.8 11820.1 10831.4 10654.1 11561.1 10634.8 10417.4 10406.6 9779.6 11012.8 9688.17 9472.08 10469.5 10224.2 9255.58 9240.36 9232.57 8561.11 8368.13 8343.07 8302.27 11352.8 8280.16 11637.3 11733.9 9991.88 10053.8 8507.42 8067.53 8983.84 7800.42 7987.18 7500.47 7424.62 7844.81 7294.29 7241.3 7103.73 7077.88 10197 7773.38 6872.59 7572.97 6735.63 15320 6730.48 6355.47
threshold=1.5000000000000002 3.0049999952316289 2.2949999570846562 4.5000000000000009 0.12391588091850282 10.500000000000002 84.625000000000014 0.54502454400062572 10.500000000000002 2.8950001001358037 0.35500000417232519 2.5000000000000004 31.500000000000004 5.5000000000000009 0.99500000476837169 0 1.0000000180025095e-35 5.5000000000000009 0.34571312367916113 1.5000000000000002 0.3201736062765122 1 1.1950000524520876 93.645000457763686 177.50000000000003 184.00000000000003 167.50000000000003 0.037652041763067252 0.14145641028881076 2.5000000000000004 0.12964180856943133 2 1.0013249516487124 0.031053040176630024 98.274997711181655 1.0933781862258913 0.06120711378753186 0.1607591509819031 177.50000000000003 2.5000000000000004 80.250000000000014 3.5000000000000004 1.2721105217933657 145.50000000000003 0.30805669724941259 1.1772943735122683 89.845001220703139 3.3549998998641972 1.0326827168464663 0.038171408697962768 0.18974845856428149 220.25000000000003 1.0608530640602114 190.50000000000003 3 0.03408933803439141 4 39.500000000000007 1.5000000000000002 1.5000000000000002 222.25000000000003 13.500000000000002
decision_type=2 10 2 10 10 8 8 10 2 2 2 10 2 2 2 9 2 2 10 2 8 1 2 10 2 2 8 8 8 2 10 9 8 8 10 10 10 8 2 2 2 2 10 10 10 10 10 10 10 10 10 2 10 10 9 10 1 2 2 10 2 2
left_child=1 4 3 7 5 6 13 10 -9 12 -2 -8 14 -1 34 -5 17 30 19 20 37 47 -10 -21 -25 29 28 53 -12 -14 35 56 -16 -13 -7 -17 -37 40 39 -39 41 -6 -41 44 -30 46 -40 -3 -19 -50 58 -33 -31 54 -28 -55 57 -4 59 -34 -58 -11
right_child=2 21 31 15 18 9 11 8 22 61 26 33 25 -15 32 16 -18 48 -20 23 -22 -23 -24 24 -26 -27 27 -29 43 52 -32 51 50 -35 -36 36 -38 38 45 42 -42 -43 -44 -45 -46 -47 -48 -49 49 -51 -52 -53 -54 55 -56 -57 60 -59 -60 -61 -62 -63
leaf_value=-0.1804213007831412 -0.0050827901388083184 0.032215651141940548 0.02422252273204566 -0.11120782946204981 -0.036559751888316339 0.0049508634557337162 0.1313385436188593 -0.098640155874845509 -0.64240688038050242 -0.060467063340094419 -0.036961102993431999 -0.10448108815439168 0.1511852395891479 0.0035750598750499854 0.12891462926804986 0.0028159115973800629 0.13529697488711734 0.01100360178530551 -0.20688718328261377 -0.12799324427645212 0.19258331281083713 0.097526756558899641 -0.23872382889466093 0.21032699980472494 -0.067505034084196391 0.0086037283625031886 0.11466247192069372 -0.11172077581274653 -0.10882821852514239 -0.036147676471551309 -0.13532056667420789 -0.01688258758019013 0.25682195216042258 0.068495378316144953 0.082134399103944503 0.211858523851229 0.025654250756434255 -0.15991424906239218 -0.11999820686482517 0.091808742166524987 0.023292388754781325 -0.16299653838576394 0.31016876670934029 0.010469905169929532 -0.00019815336908128169 -0.081530670800908797 0.12377131181620794 0.10522323063108119 -0.44737932819706078 -0.12462735222322881 0.12454180299952942 0.31537960502103707 0.065769261609720561 0.0043940894707367294 -0.10485279873896 0.30554004347817049 0.012611414199911923 0.12037379958260337 -0.036929009353781177 -0.077283024743890441 -0.32702768017501427 0.060873797457894736
leaf_weight=661.25 7480.5 10304.5 2910.25 1208 5392.5 11348.25 6830.25 1579.5 132 733.5 26709.75 606 1585.5 3165.5 561.75 7442.5 1154.25 443 498 2503.5 422.25 14251.25 453.75 324 759.5 12904.75 394.25 9764.75 8875.25 1405.25 622 13866.75 403.25 1693.25 2790.25 794.5 1533 253.25 293.75 1758.75 3507.75 1235.75 339.75 1338 1412 1600.25 787.5 2880.5 155.25 528.25 482.75 103.75 4923.5 1237.75 2333.75 152.25 7693.5 2384.75 20859.5 477.75 92.5 11411.75
leaf_count=1331 9330 14155 3937 1577 8244 17946 10239 2340 183 831 33891 654 2022 4916 2247 10603 3546 713 606 2577 429 16736 948 327 776 16867 482 16331 14639 2174 877 20286 509 2567 3589 823 1692 902 776 2643 4746 1967 366 1914 1511 2042 1161 3350 195 559 596 154 5411 1465 3140 249 10338 3407 26777 570 103 14822
internal_value=0.00027107 0.0259516 -0.0321946 -0.0466393 0.0131405 0.0221045 0.0649462 -0.0576514 -0.161909 0.0141605 -0.0538646 0.104028 0.00587673 -0.0282945 -0.00771232 0.00243999 0.0133669 0.00113799 -0.0245986 -0.0198437 -0.00494301 0.0738176 -0.331585 -0.0845711 0.0158024 0.0299764 -0.0608522 -0.0891648 -0.0505947 0.0648141 0.0139172 0.0082507 -0.0250288 0.0228503 0.0201932 0.0234449 0.0893465 -0.0104665 0.0314625 0.0963715 -0.0312902 -0.0601755 0.127427 -0.0819064 -0.0939217 -0.0254908 0.0574382 0.0481796 -0.11656 -0.19904 -0.0289317 -0.0143594 0.0431339 -0.035649 -0.0730648 0.0377767 0.0323837 0.0675575 -0.0323511 0.0758693 0.00849243 0.0535361
internal_weight=232752 129957 102796 75744.2 102520 82844 12956.2 61863.5 2165.25 69887.8 59698.2 9129.5 57742.5 3826.75 36923.5 13880.8 12672.8 11518.5 19676.5 19178.5 15591.5 27436.2 585.75 3587 1083.5 20819 52217.8 13882.8 38335 7914.25 10392 27051.5 22785 2299.25 14138.5 9770 2327.5 15169.2 5033.25 2351.75 10136 6628.25 2098.5 11625.2 10287.2 2681.5 1081.25 13185 1126.5 683.5 22223.2 13970.5 6328.75 4118 2728 1390 13081 5295 21740.5 881 7786 12145.2
internal_count=321104 175871 145233 107008 141630 114068 19707 86423 3471 94361 82952 13460 78708 6247 52234 20585 19008 15462 27562 26956 23276 34241 1131 3680 1103 26474 73622 21667 51955 9607 13995 38225 30699 3221 21535 13118 2515 22847 7890 3911 14957 10211 3009 18064 16150 3979 1937 17505 1467 754 28452 20440 7585 5336 3622 1714 17785 7344 27856 1079 10441 15653
cat_boundaries=0 1 2 3 4 5
cat_threshold=136 8 104 4 4
is_linear=0
shrinkage=0.04


Tree=56
num_leaves=63
num_cat=3
split_feature=4 4 21 17 21 21 4 4 14 11 22 11 28 7 11 7 21 23 22 20 28 14 14 24 20 19 5 19 21 21 24 22 11 23 23 21 14 23 24 19 24 14 10 22 24 23 21 24 24 19 17 6 23 21 23 33 21 21 24 21 22 4
split_gain=114108 62145 36384.9 29270.7 25744.7 20825 18795.1 17991.7 13486.6 13124.7 13101.7 12491.4 12149.7 11957.7 12793.3 10705.3 10151.8 9518.79 9731.57 9077.22 9918.55 9366.48 9006.35 8650.07 8448.73 7702.51 7509.06 7450.63 10555.6 7249.22 9166.61 7048.11 6978.88 6926.8 6879.86 6709.98 6540.73 6533.66 7452.1 6488.02 6616.7 6460.87 6439.57 6192.08 6175.66 7809.11 6540.41 6816.18 6304.76 6154.74 7685.34 7545.52 6097.9 5971.02 5940.06 5923.57 5882.94 5780.22 5691.81 6772.25 5647.63 5646.2
threshold=2.4550000429153447 1.0000000180025095e-35 74.533176422119155 4.5000000000000009 69.821186065673842 80.24106597900392 2.9450000524520878 2.0849999189376835 86.720001220703139 0.29503209888935095 0.056795187294483192 0.0066445916891098031 0 12.500000000000002 0.50084745883941661 23.500000000000004 88.393150329589858 1.0484992265701296 0.063875023275613799 177.50000000000003 1 91.979999542236342 98.095001220703139 0.045012684538960464 159.00000000000003 10.500000000000002 30.500000000000004 167.50000000000003 63.97326850891114 65.668624877929702 0.065656211227178587 0.021314746700227264 0.82555782794952404 1.1043072342872622 1.0226218700408938 60.628669738769538 88.659999847412124 1.0153971314430239 0.03664576634764672 23.000000000000004 0.12991900742053988 88.345001220703139 2.5000000000000004 0.049720298498868949 0.25058004260063177 1.3589462041854861 63.022916793823249 0.17640001326799395 0.22043872624635699 9.5000000000000018 2.5000000000000004 62.500000000000007 1.1594945192337038 59.93836975097657 1.0013249516487124 2 59.93836975097657 68.810985565185561 0.061684973537921912 62.568962097167976 0.019503099843859676 1.1950000524520876
decision_type=2 2 10 10 10 8 2 2 10 8 10 8 9 2 10 2 10 10 10 2 9 10 10 10 2 8 2 10 10 8 8 8 10 10 8 10 10 8 8 10 10 10 2 10 10 10 8 10 10 8 10 2 10 10 10 9 8 10 8 8 10 2
left_child=1 4 6 7 8 35 15 13 9 -1 34 -6 26 42 27 25 17 18 23 21 -21 24 -13 49 -10 36 -9 28 -15 39 54 -27 44 41 -7 -5 -2 -33 -39 -8 52 43 -3 -14 46 -46 -11 -48 -49 50 -4 -51 -41 -47 -31 -44 -17 -56 -22 -60 -18 -16
right_child=2 3 16 5 11 10 29 12 19 32 -12 22 33 14 61 56 60 -19 -20 20 58 -23 -24 -25 -26 31 -28 -29 -30 30 -32 37 -34 -35 -36 -37 -38 38 -40 40 -42 -43 55 -45 45 53 47 48 -50 51 -52 -53 -54 -55 57 -57 -58 -59 59 -61 -62 -63
leaf_value=0.0048528904896007257 -0.0036326513924821689 -0.11682656057603097 0.13805016859750396 -0.23213782520290466 0.098026780525274207 -0.14900306992328935 -0.14468876592820598 -0.066527644620963625 0.2231335101114012 -0.17810782767772362 -0.41106083681876199 0.013020612506758591 -0.055396983922641987 -0.11551498932818693 -0.44532411009465533 -0.11184776893895629 0.2524031835866225 0.10820017876155151 -0.33569630444751064 0.081416340885214752 -0.11153059810569677 0.15904017462073097 0.086309495140537762 -0.31233649894270565 -0.027727313398756948 -0.29454138092317939 -0.027683666115766441 -0.11388061853921952 -0.047361842267332151 0.16081848529259218 0.081440832082927198 0.10408730967705403 -0.32739104253876655 -0.035223297589787081 0.15855024166258491 -0.0056632742220150438 0.1629589547641429 -0.1723699913235848 -0.030101991271856185 -0.028405496477213459 0.073680458380241676 0.058071744991960716 -0.2554851955022131 0.029116562343452241 0.15981475643468232 -0.31678388044472622 -0.088087580276816596 0.1283710998203422 -0.13416276263198446 0.0059690270681404959 -0.056468533188064995 0.074140940476255843 -0.38462273275421327 0.04744679585172807 -0.075034967239138314 -0.0072189404588110379 0.02159838185871224 0.029700767509338841 -0.088379308110518626 0.010955483462200724 -0.0055783834912511241 -0.18151102853092263
leaf_weight=5147 1021 1113 2427 210.25 6039 122 457.5 16494 255.25 1042.5 69.25 11611.25 2577.25 4928.75 151.25 536.75 782.75 8179.25 100 1900.75 957.5 1302.5 3487.5 99 1300 163.25 15404 6889.75 13875.75 468 11903.5 541 177.25 7069 2000.5 15170.5 595.75 621.75 10656.75 1052.5 1487.75 3725.25 145.5 2999 378.75 128.25 3722 480.25 208.25 4490.75 374 6162.75 81 160 995.25 6594.5 28036.5 5452.5 1351.5 5818 164 911.75
leaf_count=6827 1786 1872 3114 286 7395 122 546 22431 565 1503 109 13916 3697 7922 215 764 788 8573 166 3151 1520 1880 3927 99 1711 164 22358 10801 17568 1872 14677 1813 241 8284 4138 22252 1129 843 14154 1759 1757 5409 180 5531 381 129 7661 559 230 4742 521 7842 81 160 1488 9434 39120 7038 1617 8569 164 1694
internal_value=-6.95904e-05 -0.0216761 0.0362315 -0.0392381 0.0171235 0.00765331 0.0207925 -0.0491804 -0.0109313 -0.0425288 0.122948 0.0494133 -0.0333964 -0.0711898 -0.0839269 0.0051803 0.0796498 0.0740744 0.0536175 0.0171336 -0.000792756 0.0799958 0.0299586 0.0565397 0.0136729 -0.0240293 -0.0477725 -0.0782878 -0.0652359 0.0508561 0.0601639 -0.0350885 -0.0812463 -0.0053817 0.140745 -0.00878941 0.0578746 -0.0314551 -0.0379747 -0.00603889 0.0182492 0.0172993 -0.0277796 -0.00994862 -0.0740114 0.0407694 -0.0880624 -0.0667057 0.0487925 0.0593005 0.112053 0.0454118 -0.0545005 -0.115648 0.0235277 -0.0130434 0.0190837 0.0135147 -0.0200362 -0.00778812 0.207789 -0.219821
internal_weight=232769 145919 86850.2 100451 45467.5 17572.5 64070.8 82878.8 24329.8 11444.2 2191.75 21137.8 48268.5 34610.2 26757.2 42172.8 22779.5 21832.8 13653.5 12885.5 10027.8 2857.75 15098.8 13553.5 1555.25 13599.5 31898 25694.2 18804.5 21898 18819.2 11982.8 6297.25 16370.5 2122.5 15380.8 1616.75 11819.5 11278.5 3078.75 2621.25 9301.5 7853 5576.25 6120 667 5453 4410.5 688.5 13454.5 2801 10653.5 1133.5 288.25 6915.75 6740 28573.2 6447.75 8127 7169.5 946.75 1063
internal_count=321245 206245 115000 144303 61942 26907 88991 117396 36704 17691 4369 25238 67710 49686 38200 59773 26009 25057 16484 19013 14857 4156 17843 16318 2276 19889 44789 36291 25490 29218 25075 16974 10864 22921 4260 22538 2915 16810 14997 4143 3597 14637 11486 9228 10623 670 9953 8450 789 16219 3635 12584 1840 289 10398 9614 39884 8526 11706 10186 952 1909
cat_boundaries=0 1 2 3
cat_threshold=16 4 64
is_linear=0
shrinkage=0.04


Tree=57
num_leaves=63
num_cat=4
split_feature=4 4 21 21 14 0 4 5 25 20 10 25 21 25 22 25 26 11 24 20 23 25 25 19 22 23 20 23 25 21 21 15 25 24 32 21 20 19 12 25 6 19 21 21 20 22 32 21 15 24 32 23 22 29 24 22 22 25 0 11 22 6
split_gain=109381 57490.1 32514.5 24961.7 23312.2 23367.2 18404.8 13751.3 16248.8 15013.4 14762.6 13348.2 16167.3 12166 11388.2 13283.7 10880.5 14976 11011.6 11548.5 10041 9890.09 17875.5 12921.6 12176.8 14556.2 11694.5 10381.8 10193.9 9654.86 9644.91 9624.59 9516.62 14045.4 11061.6 9343.55 8461.72 14169.9 12431.1 9246.13 8351.83 9393.38 13208.5 12659.4 9440.57 9026.21 8640.56 8241.76 8079.16 8059.22 7777.03 7658.81 7572.77 7539.5 7526.38 7526.21 10501.6 7272.8 7196.53 7177.28 7090.5 7044.11
threshold=2.4550000429153447 1.0000000180025095e-35 74.533176422119155 73.465930938720717 95.450000762939467 2.054999947547913 2.9550000429153447 34.500000000000007 272.62500000000006 184.00000000000003 26.250000000000004 77.625000000000014 88.393150329589858 457.12500000000006 0.052642140537500388 423.75000000000006 1.5000000000000002 0.71984010934829723 0.16188172996044162 184.00000000000003 1.119209945201874 82.375000000000014 164.62500000000003 163.50000000000003 0.084876112639904036 1.0693172812461855 171.50000000000003 1.119209945201874 677.12500000000011 88.393150329589858 80.020374298095717 3.5000000000000004 472.37500000000006 0.16761939227581027 0 69.220321655273452 79.000000000000014 36.000000000000007 2.5000000000000004 63.125000000000007 157.25000000000003 167.50000000000003 74.235458374023452 63.870082855224616 175.00000000000003 0.028545571491122249 1 67.372478485107436 3.5000000000000004 0.10630202665925027 2 1.0260539650917055 0.074320640414953246 3 0.3201736062765122 0.19607897847890857 0.26366053521633154 276.37500000000006 2.745000004768372 0.52322071790695202 0.019503099843859676 222.25000000000003
decision_type=2 2 10 10 10 10 2 2 2 2 2 2 10 2 10 2 2 10 10 2 10 2 2 10 10 10 2 10 2 10 10 2 2 10 1 10 2 10 8 2 2 8 10 8 2 8 1 10 2 10 1 10 10 9 10 10 10 2 8 10 10 2
left_child=1 4 6 7 5 16 40 8 10 -10 36 30 14 -11 59 -16 17 18 35 55 29 26 -23 24 25 -24 -9 -27 -26 50 -5 58 33 57 -34 -1 37 -3 -38 -39 41 43 -43 54 46 -46 51 -28 -44 -29 52 -45 -4 -48 -2 -20 -57 -25 -6 61 -31 -13
right_child=2 3 20 11 31 -7 -8 21 9 13 -12 12 -14 -15 15 -17 -18 -19 19 -21 -22 22 23 32 28 27 47 49 -30 60 -32 -33 34 -35 -36 -37 38 39 -40 -41 -42 42 48 44 45 -47 53 -49 -50 -51 -52 -53 -54 -55 -56 56 -58 -59 -60 -61 -62 -63
leaf_value=-0.078222474152454174 -0.079932032576576051 -0.28634637619469777 0.04728118614368737 0.0310594585983896 0.010381638158849007 0.036626332663190847 0.051509114392877829 -0.067729557807333016 -0.060609439786986602 -0.24461599127257966 -0.10929249470757205 -0.013969432044056167 0.14629380998041541 -0.094428627538973187 -0.08971491965507726 -0.4615665478332649 -0.08058179794947963 -0.30102947289733306 0.14745928860886814 -0.27097710582255563 0.22389709063175656 -0.10331275014048752 -0.06312158633799568 -0.042854455264910246 -0.013119116164186456 0.1725733917407683 -0.0087312709607291379 -0.26018642234655071 -0.28736088267428234 0.24284897632111879 0.18461243954519163 -0.011790891970474608 -0.13905134307033845 0.10390688361128173 0.028439057486482185 0.0084993454900343466 0.0097723574002016485 -0.12141958054311557 -0.050501987667279979 0.089855473066564676 0.05414165330287405 -0.019944537737389207 -0.086518539305527997 0.1288852000037623 -0.13765361343392499 0.070480609721201334 0.091275319018876588 0.080263558496805026 -0.50319911598006262 0.068546684464213595 0.09195860125245206 -0.045669730246581712 -0.22537233101529297 0.0025844212286887775 0.13050320821026054 -0.080119305837694055 0.14295833627838422 -0.14281826634687353 0.084243786803682885 -0.25021413037288953 -0.051726455871466626 -0.33684825582351158
leaf_weight=3519.25 2807.5 583.75 10911.25 5495.25 2639.25 12502.25 21278.25 2465.75 3564.25 1927.25 6143.25 13361 881.75 1569 832.25 187 5681.25 279 1360 156 717.5 5806.5 911 1790.5 4867.25 1805 3451 160 225 810.75 741.25 2832 792 553 3069.25 4563.5 7164.5 1050.5 23199.75 482 5079.75 14444.75 155.5 434.75 347 7522.25 2453.5 3214.25 142.75 451 9947.25 5086.5 163.5 4071.25 299.25 791.5 585.75 3342.25 10551.5 211.75 155 107
leaf_count=6595 3868 715 12472 9552 3300 15629 28335 3605 3574 1928 10704 14240 911 1569 842 187 9036 402 1597 204 728 7365 911 1855 4886 1805 11980 160 225 816 1153 3999 792 553 3070 6068 11582 1334 35370 482 7056 21029 211 1244 386 10985 3439 8663 148 451 11580 6300 177 5644 330 1276 636 3424 13187 229 155 107
internal_value=0.000123899 -0.0210348 0.035669 -0.037932 0.0162841 -0.00484821 0.0211021 -0.0484403 -0.0626406 -0.118434 -0.0524357 -7.88313e-05 -0.019874 -0.177312 -0.029861 -0.158716 -0.0354657 -0.0126812 -0.0052974 0.0616411 0.0768022 -0.0287213 -0.0423116 -0.0225869 0.0135344 0.073026 0.00666188 0.124376 -0.0253461 0.071982 0.0493649 0.0551068 -0.0544383 -0.08734 -0.00596785 -0.0292686 -0.0416757 -0.118981 -0.0362802 -0.0549339 0.005999 -0.00047895 -0.0254062 0.0154846 0.0272012 0.0612691 0.00493861 0.0341956 -0.288002 -0.0180923 0.0662867 -0.0318819 0.0432152 0.0360976 -0.0595889 0.0807844 0.0148204 -0.107979 0.0694696 -0.0202379 0.195553 -0.0165849
internal_weight=232695 145866 86828.2 100405 45461.2 29438.5 64123 78588 45684.2 7060.5 38623.8 21817.2 15580.8 3496.25 14699 1019.25 16936.2 11255 10976 2893.25 22705.2 32903.8 23772.8 17966.2 8419.25 3327 9131 2416 5092.25 21987.8 6236.5 16022.8 9547 5685.75 3861.25 8082.75 32480.5 2116.25 30364.2 1532.5 42844.8 37765 14743 23022 19915.2 7869.25 12046 6665.25 298.25 611 21022 5521.25 11074.8 6524.75 3106.75 2737.25 1377.25 5132.75 13190.8 13679.8 965.75 13468
internal_count=321056 206153 114903 144224 61929 41443 88975 117003 67258 7071 60187 27221 16516 3497 15605 1029 25814 16778 16376 3713 25928 49745 25497 18132 8438 3327 24248 2416 5111 25200 10705 20486 9694 5832 3862 12663 49483 2531 46952 1816 60640 53584 21388 32196 27998 11371 16627 20643 359 611 24229 7544 12649 9083 4198 3509 1912 5279 16487 14576 971 14347
cat_boundaries=0 1 2 3 4
cat_threshold=16 8 8 96
is_linear=0
shrinkage=0.04


Tree=58
num_leaves=63
num_cat=7
split_feature=1 21 0 21 32 0 21 32 23 24 1 22 24 7 19 9 21 22 21 15 23 11 0 22 22 33 22 21 23 14 12 22 24 7 19 6 23 19 21 23 22 29 15 17 19 1 24 24 29 32 21 29 21 19 6 21 27 23 24 15 22 20
split_gain=100306 52228.9 31530.1 28534.2 19309.3 16178.1 15478.9 14447.9 14314.9 13177.6 12891.1 11439.6 10332.5 9544.33 9472.37 9442.06 9406.82 9560.77 9332.61 14214.3 10361.3 9456.81 8648.56 8375.59 8301.7 7996.96 7896.47 7866.41 9018.4 7587.16 7600.99 7429.73 7204.38 7140.18 10065.9 7125.9 6948.93 8320.93 8039.54 6923.1 7443.48 6876.97 6779.37 6769.07 6635.39 6519.19 6224.33 13173.5 8298.29 6494.09 6218.85 6159.7 6027.89 6671.47 5899.9 6412.67 7249.98 7237.61 6405.1 5822.9 5691.93 5583.49
threshold=2.5849999189376835 76.617176055908217 2.185000061988831 79.325862884521499 0 2.9550000429153447 66.469604492187514 1 1.0013249516487124 0.064879272133111968 3.0649999380111699 0.074320640414953246 0.12200778722763063 15.500000000000002 5.0000000000000009 13.500000000000002 71.359138488769545 0.14833834767341617 84.929595947265639 2.5000000000000004 1.0484992265701296 0.35620281100273138 1.5049999952316286 0.047027543187141425 0.031053040176630024 2 0.0069816617760807284 70.499790191650405 1.0484992265701296 95.634998321533217 2.5000000000000004 0.34571312367916113 0.011484527960419657 30.500000000000004 10.500000000000002 78.500000000000014 1.2481924295425417 5.0000000000000009 64.915882110595717 1.0260539650917055 0.023618221282958988 3 1.0000000180025095e-35 4.5000000000000009 49.500000000000007 2.4650000333786015 0.10043824836611749 0.090412408113479628 4 5 67.165924072265639 6 70.673252105712905 170.50000000000003 57.500000000000007 67.886199951171889 1.0000000180025095e-35 1.0442221760749819 0.051364365965127952 2.5000000000000004 0.021674870513379577 110.00000000000001
decision_type=10 10 8 8 1 10 8 1 8 8 10 10 10 2 8 2 10 10 10 2 10 10 10 8 10 9 10 10 10 8 10 10 10 2 8 2 10 8 10 10 10 9 2 10 10 8 8 10 9 1 10 9 10 10 2 10 2 10 10 2 10 2
left_child=1 2 7 4 5 33 31 14 -8 26 27 12 18 -13 -1 42 17 23 20 60 41 43 25 -11 -21 -16 -10 -6 -29 -18 -31 36 50 34 -2 -17 37 -4 44 40 -5 -3 -9 51 -38 -40 47 49 -48 -25 -24 -22 61 -54 55 -28 57 -57 -59 -46 -20 -50
right_child=3 11 6 39 10 -7 8 15 9 16 -12 13 -14 -15 22 35 29 -19 19 24 21 -23 32 46 -26 -27 54 28 -30 30 -32 -33 -34 -35 -36 -37 38 -39 45 -41 -42 -43 -44 -45 59 -47 48 -49 52 -51 -52 -53 53 -55 -56 56 -58 58 -60 -61 -62 -63
leaf_value=0.17572678466765665 0.068735599216070184 0.16748869864586996 -0.4448316834014549 0.081292173310256011 0.012487816138961008 0.04547498950882084 0.14089253801235554 -0.38139309421591783 0.2114948731829093 0.092298204177077667 0.085452962168488633 0.015480867832550935 0.36383876530694054 -0.52221570503571124 0.01162079138164844 -0.15606645528376295 0.017865168262149574 0.099292671147335462 0.17303596532904025 0.052237373452255112 -0.22402864579133158 -0.15928770406920392 -0.070429841915261276 -0.048124907680828798 -0.25491233852413131 -0.11747564990904835 -0.21944743832516811 0.010184192649219293 0.085723237312425288 0.12769578884359081 0.0014752504721121207 -0.20523905465655751 -0.065249276442631038 0.0039794973113569847 -0.065870237936241735 -0.053837775892245213 -0.094377226859748475 -0.050061854113592562 0.012178604750621198 0.14981623341762737 -0.21704086715721541 0.0018924398313338198 -0.020386308568952908 0.17688710287676709 0.15876031537897789 0.24985242406946837 0.10444663146990704 -0.11183460234095219 -0.16916410065584891 0.035631156381307587 0.10001502605104272 0.067375023434125464 -0.040507927372500828 -0.26730427876543733 -0.01558796036443757 -0.12865956847115714 0.044405736884779654 0.022418058787054451 -0.084185388010317636 -0.0074256739837909062 0.45797155006439333 0.0046814617357402184
leaf_weight=242 1040 403.25 84 2046.25 12583.75 11610.25 1122.25 81.5 211 1286.5 11700.75 105 156 104 851.25 1357.5 6973.5 1416.75 1243.75 1120 107.5 278.25 582.25 2950 159 8334.5 388.75 3932.25 7087.25 2509.25 1097 432 14289.5 12673.75 6056.25 5551.25 1301.25 13852.25 394 4164.25 141.25 11933.25 26677 948.25 383 346 1161.75 2764.5 299.75 2970.75 826 5648 890.75 269 11433.5 2136.75 1039.75 1647.5 1988.25 2723.5 122.5 14490.75
leaf_count=296 1748 638 84 2083 16048 14578 4489 170 211 1357 13842 105 156 104 1335 2406 7488 1782 1270 1120 130 306 2329 4729 159 12989 607 5457 7862 2738 1121 537 18260 18376 8811 8192 1479 20522 394 4564 193 14493 36445 1027 395 346 2226 3390 536 4623 2968 5882 1007 269 16049 2778 2014 2381 2469 2920 226 27555
internal_value=-0.000278447 -0.0180384 -0.0272618 0.0385511 0.0308324 0.00800077 -0.0106826 -0.0494151 -0.000474759 -0.00321851 0.0511247 0.0386973 0.0414903 -0.254457 -0.0723685 -0.0322818 0.0100299 -0.00192733 0.0391675 0.109606 0.0295117 0.0684436 -0.0747956 -0.00722938 0.0137092 -0.105627 -0.0306905 0.0341011 0.058775 0.0422361 0.0893246 -0.0415641 -0.0567427 -0.0140085 -0.046128 -0.0739652 -0.0378375 -0.0525054 0.00187549 0.119549 0.0618441 0.00746957 -0.0215146 0.0779418 -0.0186208 0.123692 -0.0121999 -0.0397747 0.00179837 -0.00610092 0.0295379 0.0615828 -0.00575163 -0.0934891 -0.0334556 -0.0618119 -0.0527533 -0.0702644 -0.0358912 0.0131498 0.199222 0.0011353
internal_weight=232722 159686 137357 73036 66684.2 31380.2 78564 58792.8 59048 57925.8 35304 22328.8 22119.8 209 25125.5 33667.2 39080.2 28500.5 21963.8 2645.25 19318.5 6982 24883.5 27083.8 1279 9185.75 18845.5 23603.2 11019.5 10579.8 3606.25 19516 15697.8 19770 7096.25 6908.75 19084 13936.2 5147.75 6351.75 2187.5 12336.5 26758.5 6703.75 4407.75 740 25797.2 8685.25 17112 5920.75 1408.25 5755.5 15950.2 1159.75 18634.5 7201 6812.25 5772.5 3635.75 3106.5 1366.25 14790.5
internal_count=321064 227502 201886 93562 86722 43513 116496 85390 89819 85330 43209 25616 25407 209 38177 47213 58821 47474 25251 2775 22476 7345 37881 45692 1279 14324 26509 29367 13319 11347 3859 26677 23557 28935 10559 10598 26140 20606 5534 6840 2276 15131 36615 7039 4794 740 44335 12742 31593 9352 5297 6012 29367 1276 26298 10249 9642 7628 4850 3315 1496 28091
cat_boundaries=0 1 2 3 4 5 6 7
cat_threshold=8 8 8 160 168 4 32
is_linear=0
shrinkage=0.04


Tree=59
num_leaves=63
num_cat=8
split_feature=4 1 22 4 11 4 19 5 14 11 22 22 25 7 19 25 15 22 32 19 14 32 17 9 19 25 25 20 22 24 29 25 5 25 29 25 33 4 14 6 25 24 32 25 23 24 6 29 23 23 17 9 20 23 22 32 25 20 22 14 22 15
split_gain=93532.4 43625.2 20821.3 17872.7 13836.5 13418.8 13376.6 14314.1 10736.8 13101.6 10086 9999.79 12568.8 8977.97 16677.4 8867.43 13842.1 9333.52 8827.25 8338.08 11167.7 8469.64 8165.69 10007.2 8636.35 7840.94 8088.36 7616.71 7547.68 7486.75 13680 10455.5 11868.3 9206.27 7438.26 8681.43 7238.35 7109.74 7647.99 6941.61 6857.19 9776.89 9633.88 9612.29 8495.71 6774.83 6668.85 6628.41 7385.99 7474.23 6842.02 6565.41 6499.42 6486.44 7252.15 6450.14 6974.5 6399.64 6343.54 6328.19 7299.87 6142.12
threshold=2.6450001001358037 2.0649999380111699 0.12391588091850282 1.0000000180025095e-35 0.71984010934829723 3.3149999380111699 167.50000000000003 28.500000000000004 95.450000762939467 0.54502454400062572 0.12391588091850282 0.047803943976759918 85.375000000000014 24.500000000000004 10.500000000000002 340.12500000000006 3.5000000000000004 0.020587688311934475 0 9.5000000000000018 88.509998321533217 1 4.5000000000000009 16.500000000000004 52.500000000000007 225.87500000000003 88.125000000000014 177.50000000000003 0.34571312367916113 0.3201736062765122 2 296.12500000000006 21.500000000000004 248.37500000000003 3 84.125000000000014 4 1.8149999976158144 97.115001678466811 86.500000000000014 496.62500000000006 0.15755258500576022 5 293.62500000000006 1.1789435744285586 0.10630202665925027 168.25000000000003 6 1.3434811234474184 1.3996536135673525 4.5000000000000009 9.5000000000000018 79.000000000000014 1.0933781862258913 0.015367629006505014 7 578.75000000000011 184.00000000000003 0.057426862418651588 68.924999237060561 0.29634784162044531 3.5000000000000004
decision_type=2 8 8 2 10 2 8 2 10 8 8 10 2 2 8 2 2 10 1 10 10 1 10 2 8 2 2 2 10 10 9 2 2 2 9 2 9 2 10 2 2 10 1 2 10 10 2 9 10 10 10 2 2 10 10 1 2 2 10 10 10 2
left_child=1 4 3 8 10 13 7 19 9 -3 22 -8 -13 14 27 -16 -17 -18 -9 20 -5 -21 23 24 -1 26 -20 -2 29 31 -31 33 37 46 -24 -36 -12 38 -33 -25 41 43 -42 -14 -45 52 47 59 50 -50 -49 -6 -11 54 -37 56 -34 -40 -55 -4 -61 -10
right_child=5 2 28 6 51 -7 11 18 61 45 36 12 40 -15 15 16 17 -19 25 21 -22 -23 34 39 -26 -27 -28 -29 -30 30 -32 32 55 -35 35 53 -38 -39 57 -41 42 -43 -44 44 -46 -47 -48 48 49 -51 -52 -53 -54 58 -56 -57 -58 -59 -60 60 -62 -63
leaf_value=-5.7936803804704907e-05 0.0052628942161165558 0.041641524229982914 -0.071178915383273478 -0.02813964176423156 -0.15409586202370007 0.093027306938539958 -0.0042076656506217303 0.076238518098696972 0.075142555250490878 -0.3668671093037959 -0.09355756527739946 0.022637742906365423 -0.069484459686843233 0.049757087929810137 0.014221425212612007 0.0029874827682044957 0.13260016234249905 -0.21094182370439865 0.027674260909737312 -0.05835028837205225 0.093887561399304306 0.0064847278616902938 -0.16623009652721851 -0.19253861262039149 -0.047266134783757185 0.070450426774397029 -0.057712417466979561 0.13143297947874602 -0.15990125453328252 0.2614851640128717 -0.04950281495103296 -0.1565782158967024 0.0015210462825676735 0.086712220378177926 0.083420053986583892 0.0338708282896064 -0.034768356531805468 -0.28337425799365101 0.31234037375029267 -0.070977048810458715 0.11001902124068094 0.083682442230495188 -0.085318923335705621 -0.15835548261049862 -0.45555927665549589 0.0203136721131735 0.10771736509261065 -0.064026173280450197 -0.41918245166770662 -0.037778140604301853 0.091552533080238196 -0.55463710926543042 -0.056368306469396237 0.16372221321751812 -0.068090695116256858 -0.076206527059913529 0.26719997193012729 -0.054811108125773347 -0.0021074153691697777 -0.0068739566601394081 0.17535845786263299 -0.00627226246180442
leaf_weight=8919 1081 10299.75 2511.5 2432.5 153.5 7409.75 12273.5 6211.25 10437.25 109.25 8820.5 2312.5 2748.75 30923 16263.25 2124 143 1020.5 4488.5 7274.75 2364.75 5787 392 959.5 20341.75 3009 2933.25 2624 695.75 388 518 1367.25 712 1235 1956.25 1660.75 5472.25 503.75 103 3470.25 628 402 1124 2259 164 2408.75 583 5978.75 179 151.5 487.5 115.25 3652.75 576 3394.75 1388.75 201.25 273 1020.75 11305 361 1727.5
leaf_count=11289 1600 12786 4634 3697 173 8867 16379 7217 12391 236 12173 6886 3132 41000 21691 2127 143 1022 7757 9965 3336 7011 449 1585 25483 3009 3204 3764 902 403 518 1368 721 1235 4843 1672 7447 506 103 4563 628 402 1124 2259 164 2801 1639 15146 179 159 1488 155 5197 576 3778 1481 202 273 1035 22768 418 2179
internal_value=0.00027067 -0.0149335 -0.000625076 0.00934774 -0.0434207 0.0425442 -0.00371655 0.0118058 0.0350837 0.0140305 -0.0420635 -0.0281564 -0.0586451 0.0356366 0.0168577 0.00210781 -0.057788 -0.168557 0.038494 -0.0130648 0.0320247 -0.029628 -0.0323233 -0.0413649 -0.0328778 0.016007 -0.00607794 0.0946455 -0.0299288 -0.0267161 0.0862881 -0.030467 -0.0858225 -0.0194119 0.00152181 0.00938055 -0.0711473 -0.151177 -0.11269 -0.0973845 -0.0843037 -0.105995 -0.0152504 -0.120766 -0.178834 -0.032053 -0.0254995 -0.0292127 -0.0616543 -0.245651 -0.0522709 -0.328721 -0.0655776 -0.0123957 -0.0345942 -0.0219504 0.0605326 0.0468642 0.0578377 -0.0136 -0.00120507 0.0635812
internal_weight=232832 171244 113991 85048 57252.5 61588.5 56412.8 34501 28635.2 16470.5 56983.8 21911.8 9638.25 54178.8 23255.8 19550.8 3287.5 1163.5 16642 17859 4797.25 13061.8 42691 33690.5 29260.8 10430.8 7421.75 3705 28943 28247.2 906 27341.2 4549 22792.2 9000.5 8608.5 14292.8 2247 1743.25 4429.75 7325.75 5573.75 1752 5171.75 2423 6170.75 21557.2 20974.2 6796.75 330.5 6466.25 268.75 3762 6652.25 5055.5 2302 913.25 376 1596.75 14177.5 11666 12164.8
internal_count=321338 241124 165903 111760 75221 80214 76170 45196 35590 21020 74893 30974 14595 71347 30347 24983 3292 1165 21187 24009 7033 16976 55273 42920 36772 13970 10961 5364 54143 53241 921 52320 4654 47666 12353 11904 19620 2250 1744 6148 7709 5957 1752 5555 2423 8234 46431 44792 16972 338 16634 328 5433 7061 5450 2404 923 376 1611 27820 23186 14570
cat_boundaries=0 1 2 3 4 5 6 7 8
cat_threshold=4 8 64 128 69 4 56 4
is_linear=0
shrinkage=0.04


Tree=60
num_leaves=63
num_cat=7
split_feature=1 21 21 1 21 23 5 22 27 21 22 23 25 25 8 22 14 20 19 25 32 25 19 22 5 20 4 21 23 29 7 25 6 20 23 32 25 21 21 20 25 23 20 15 23 28 25 25 28 25 25 22 14 0 21 21 32 17 23 22 25 28
split_gain=88821.7 53193.7 25029.9 23247.5 18123.6 19416.1 15401.1 13151.4 11307.1 10922 11948.3 10815.1 11592.8 10528.2 13011.3 10385.5 9715.56 10618.3 15696.4 13729.8 11032.7 10999.5 11109.9 9367.97 9302.65 10440 9007.76 8689.52 11616.3 8660.47 8421.51 8323.54 8144.92 11067.5 13575.9 7994.87 14297.9 11301.8 7900.96 9401.8 8637.72 9439.44 8414.2 7947.95 11889.5 7841.95 11953.1 12891.1 7669.83 8772.68 7545.87 7419.8 7297.85 7221.59 7132.73 7122.22 6939.82 6906.32 6866.69 9174.34 7143.45 6838.2
threshold=2.3750000000000004 68.252796173095717 70.447662353515639 3.0849999189376835 76.617176055908217 1.0013249516487124 38.500000000000007 0.058820031583309181 1.0000000180025095e-35 81.854526519775405 0.049019973725080497 1.074293911457062 465.75000000000006 81.125000000000014 14.500000000000002 0.068464003503322615 78.58499908447267 184.00000000000003 7.5000000000000009 628.25000000000011 0 276.37500000000006 167.50000000000003 0.10587605834007265 33.500000000000007 184.00000000000003 2.4550000429153447 62.269115447998054 1.1200792789459231 1 60.500000000000007 317.62500000000006 87.250000000000014 184.00000000000003 1.0866417288780215 2 409.25000000000006 65.778343200683608 64.822723388671889 177.50000000000003 302.12500000000006 1.1496215462684634 177.50000000000003 2.5000000000000004 1.5542461872100832 3 713.87500000000011 415.37500000000006 4 267.12500000000006 94.875000000000014 0.019503099843859676 98.134998321533217 0.75499999523162853 89.870384216308608 73.465930938720717 5 2.5000000000000004 1.0484992265701296 0.063875023275613799 504.12500000000006 6
decision_type=8 10 10 10 10 10 2 8 2 10 10 10 2 2 2 8 8 2 10 2 1 2 10 10 2 2 2 10 10 9 2 2 2 2 10 1 2 10 10 2 2 10 2 2 10 9 2 2 9 2 2 10 10 10 10 10 1 10 10 10 2 9
left_child=2 6 24 4 5 -3 15 -8 9 26 -11 12 13 -7 -15 -2 -17 38 -19 20 21 22 -20 -23 25 27 32 -1 61 -16 -30 -25 48 34 -34 36 -9 -37 42 40 41 -40 52 44 -44 46 47 57 53 -50 -35 -52 -18 -4 58 -13 -5 -26 59 -6 -60 -29
right_child=1 3 8 56 54 11 7 35 -10 10 -12 55 -14 14 29 16 17 18 19 -21 -22 23 -24 31 45 -27 -28 28 30 -31 -32 -33 33 50 -36 37 -38 -39 39 -41 -42 -43 43 -45 -46 -47 -48 -49 49 -51 51 -53 -54 -55 -56 -57 -58 -59 60 -61 -62 -63
leaf_value=-0.10853232988941605 -0.12201525821720591 0.16996193741365506 -0.17234157474019224 0.052102212329561547 0.041871323079552498 0.016861166373533611 -0.080919585130875549 0.042650674082207671 0.050921104854562506 0.074485063752825806 -0.36425119503724923 0.018517255310509399 0.070097193075778122 -0.16717380841637094 0.12416800510551297 -0.059942025096678488 0.024117106005000669 0.36932565236241649 -0.21270063046339466 0.22361424723466236 -0.025052189868838452 -0.39673708802264734 -0.0077364800763655289 -0.3648917843510609 -0.092013148842176873 -0.12166312520860567 0.03343622655007264 -0.031682175597515572 -0.014492661154387699 -0.03831301178787206 -0.24659981730446193 -0.067142766055670627 -0.0099423294107593846 0.067516912307197655 0.1314467184392582 -0.04367703684928672 0.22031131357762423 0.059987115157596589 -0.020033294336606344 0.10783343629268506 -0.15117038775809474 0.12985658892916221 0.0012481922294962278 -0.079429521832648647 0.44689046957132955 -0.043851900410755533 -0.37799557926289495 0.1420993675964001 -0.057497636439195289 -0.16405699208332342 -0.0061482461360561711 -0.085919097299762215 0.32546868811001384 -0.004948898717370153 0.21468952362553409 0.072388300686084456 0.10031836814938748 0.019843299050949548 0.097837307522940883 -0.3680130446427925 -0.14585208962951762 -0.10961064263916521
leaf_weight=3989.75 1860 1265.5 448.25 9775 12530.75 7282 1803 4530.5 4762.75 2799 101 29978.75 2525 1231.75 542.25 9009 2718.5 143.25 580.25 283 5742.5 331 1549.25 200 1225.5 4401 3997.75 2804.75 11900.5 10157.75 253.5 591.5 3133.75 979 1661 3526.5 861.25 3214.75 2003.75 2392 486 1009.25 994.75 3416.75 104 18142.75 122 1090 5156.75 1626 3362.75 4190 133 4903.75 463 4517.25 9356.75 3146.5 6100.75 86 197 5048
leaf_count=5264 2490 5062 524 12643 14660 15136 2112 10538 6592 2982 101 34436 2525 1261 546 18054 4826 549 962 283 11618 331 3584 200 1644 7275 4747 4793 13150 11153 297 593 3838 3214 1739 5136 862 4714 2984 3358 486 1367 2581 6092 104 24496 122 1090 6701 1626 3458 4367 202 6043 463 4851 10802 4921 6349 86 197 8090
internal_value=-0.000377662 0.01911 -0.0317106 0.0362371 0.0264167 0.015141 -0.0155199 0.0198226 -0.00660819 -0.0150785 0.0589617 0.0116509 -0.0104456 -0.0210369 -0.0441659 -0.030202 -0.0248051 -0.0108428 -0.0433078 -0.0497582 -0.0584082 -0.117255 -0.0637364 -0.218485 -0.0495869 -0.0650335 -0.0223709 -0.0546379 -0.0438801 -0.0299762 -0.0193742 -0.14312 -0.0311356 -0.00954397 0.0390705 0.0348047 0.0711019 0.00576 0.0122283 0.046752 0.00495531 0.0302248 -0.0153826 -0.0493457 0.0441722 -0.0310952 0.0103515 0.0191623 -0.0548417 -0.0830847 -0.0368684 -0.0504144 0.0383939 -0.0190293 0.0598705 0.0255757 0.0756917 -0.0115367 0.056058 0.0390189 0.0901693 -0.0817933
internal_weight=232739 143493 89246 96009.5 76877.8 57500.2 47483.8 13936 37121.8 32359 2900 56234.8 21738.8 19213.8 11931.8 33547.8 31687.8 22678.8 9420.75 9277.5 8994.5 3252 2129.5 1122.5 52124.2 28397.5 29459 23996.5 20006.8 10700 12154 791.5 25461.2 13326.5 4794.75 12133 5391.75 6741.25 13258 5891 3499 3013 7367 4515.5 1098.75 23726.8 5584 5462 12134.8 6782.75 8531.75 7552.75 2851.5 5352 19377.5 34496 19131.8 4372 18914.5 12616.8 6297.75 7852.75
internal_count=321270 204196 117074 120170 96725 74970 84026 23362 45932 39340 3083 69908 30621 28096 12960 60664 58174 40120 18120 17571 17288 5670 4546 1124 71142 38869 36257 31594 26330 11699 13447 793 31510 16616 5577 21250 11400 9850 22000 8195 4837 4351 13805 8777 2685 32273 7777 7655 14894 8327 11039 7825 5028 6567 21755 39287 23445 6565 21292 14746 6546 12883
cat_boundaries=0 1 2 3 4 5 6 7
cat_threshold=8 4 4 4 4 8 4
is_linear=0
shrinkage=0.04


Tree=61
num_leaves=63
num_cat=8
split_feature=1 21 0 21 32 23 30 25 32 25 25 21 25 21 23 7 24 21 24 22 27 21 19 19 29 7 23 4 17 23 29 22 20 25 25 21 24 24 22 29 15 20 0 22 22 21 23 28 17 23 23 21 15 23 22 11 19 19 20 25 32 25
split_gain=85224.7 53467.3 20993.4 17008.6 15620.5 16546.2 14255.3 12881.9 15871.4 22904.8 12340.7 14618.2 11083.4 15793.9 15561 14733.3 14556 16077.2 13956.4 13229.6 11009.8 11357.1 10259.2 9948.76 9633.51 9238.35 15254.6 8486.94 8388.55 10544.3 8726.68 8339.95 7826.17 7780.57 7508.33 7363.26 8631.4 7224.46 9768.75 7285.91 8352.17 7175.63 6868.95 6832.84 16195.5 6562.59 6342.05 6202.07 8553.38 12513.7 16733.6 6932.48 6189.09 6118.03 6060.54 5901.14 5791.52 5788.12 6355.47 11230.5 14131.8 11132.8
threshold=2.2749999761581425 69.445976257324233 3.0749999284744267 70.447662353515639 0 1.0013249516487124 1 496.62500000000006 2 713.87500000000011 84.125000000000014 77.739685058593764 293.62500000000006 59.510065078735359 1.5542461872100832 31.500000000000004 0.16615853458642962 64.822723388671889 0.11309601366519929 0.26366053521633154 1.0000000180025095e-35 79.325862884521499 167.50000000000003 5.0000000000000009 3 26.500000000000004 1.0746911168098452 2.7649999856948857 4.5000000000000009 1.1079552769660952 4 0.0096936672925949114 179.00000000000003 89.500000000000014 232.12500000000003 76.617176055908217 0.023071561008691791 0.050352701917290694 0.043041927739977844 5 2.5000000000000004 110.00000000000001 0.75499999523162853 0.07381992414593698 0.076873797923326506 69.330890655517592 1.1244551539421084 6 3.5000000000000004 1.1509101986885073 1.1873807907104494 66.440532684326186 4.7500000000000009 1.1244551539421084 0.081084579229354872 0.26340374350547796 170.50000000000003 49.500000000000007 184.00000000000003 487.75000000000006 7 288.37500000000006
decision_type=8 10 10 10 1 10 9 2 1 2 2 10 2 8 10 2 10 10 10 10 2 10 10 8 9 2 10 2 10 10 9 10 2 2 2 10 10 10 10 9 2 2 10 10 10 10 10 9 10 10 10 10 2 10 10 8 8 10 2 2 1 2
left_child=3 6 4 47 5 -3 7 12 9 -9 -6 25 13 34 15 -14 27 19 22 52 21 28 -17 -7 -8 26 -12 -15 30 31 42 -30 -27 -33 -2 -25 -37 38 39 40 -23 -26 -5 -10 -45 -19 -31 57 -49 51 -51 -50 -18 -53 -55 -38 -4 -1 -59 61 -61 -60
right_child=1 2 56 20 10 23 24 8 43 -11 11 -13 14 16 -16 18 17 45 -20 -21 -22 37 -24 35 41 32 -28 -29 29 46 -32 33 -34 -35 -36 36 55 -39 -40 -41 -42 -43 -44 44 -46 -47 -48 48 49 50 -52 53 -54 54 -56 -57 -58 58 59 60 -62 -63
leaf_value=-0.11332888040866505 -0.14060301988668081 0.15578133735952218 0.084029547518228873 -0.20770693809379637 0.077195868169347037 0.12044522618674383 -0.22905985286308891 0.1736802108465097 -0.10942759437634869 -0.0099694311449188607 -0.090394905672017994 0.078242818636114098 -0.10425075914231552 -0.018660449863331176 0.36154085200412633 0.06481151103547006 -0.032473923214200492 0.14458088972364039 0.055402752934057387 0.21402483456290747 0.05016613204812613 0.14066684061245233 -0.11446680530917372 -0.016522678922028147 -0.14439629166584517 0.1029377368740395 0.025265386532457645 0.026849599928247474 0.10323210392669406 0.28832830781530755 -0.056723344499271404 0.065471260424478123 0.014801872600783644 -0.057546412059862474 0.090407596722620623 -0.029433759786757774 0.071840802566908751 0.15231627388173435 -0.32470923749863645 -0.012653247408427985 -0.16531043469247642 -0.014617888758848559 0.045662783257229896 0.39011885205277225 -0.013043634841764868 -0.17135385023504499 -0.04373403605367112 -0.047595251578358935 -0.075568981319226111 -0.27975671396927704 0.011128632565353574 0.071035436603810689 0.29852173725892139 0.0078795505099950886 0.33087561682399497 -0.091224243709850245 0.030814685563124136 -0.042025634687178431 -0.074012608267009367 0.091100527991093638 -0.098641934578551638 -0.18985875019011705
leaf_weight=2834.25 1791 1136.5 16385.75 183.75 12449.5 1062.5 614.5 2475 995 1935.25 3243.25 6601.25 4970.75 27532.75 144 669 3222.25 2590.75 2711 422.25 4044.25 1160 2141 20753.75 1004.75 2074.5 4166 8603.25 927 324 15231 1077.25 7211.75 3458.75 256 2645.5 4717 721.75 129 2592.75 161 2113.25 2185.75 169 2353.25 108 127.5 9411.5 394 424.5 1225.25 1642.5 91 131 319.25 382.25 4093.25 21660 3975.75 1152 1376 1994.5
leaf_count=3489 2643 4546 19097 213 18925 1139 946 2475 995 1960 3373 6764 4979 59224 144 678 4408 2881 2711 429 5587 1430 2249 25313 1355 2103 4211 16305 927 324 18291 2731 7625 3710 256 2983 5566 754 174 2826 161 3599 2626 169 2354 108 141 13277 889 459 1337 2580 91 131 437 434 4574 28719 7710 1152 1376 2011
internal_value=-3.17476e-05 0.0173005 0.0379903 -0.0338403 0.0270752 0.00614539 -0.0095767 -0.00507977 0.0425962 0.0931236 0.0450474 0.0278621 -0.0119225 -0.00317468 -0.0486116 -0.0543096 0.00204613 0.057467 -0.00932286 0.00370796 -0.011549 -0.0203781 -0.0717659 0.000382076 -0.0854089 0.00793456 -0.0253722 -0.00782432 -0.0317884 0.00942115 -0.0456365 -0.00596071 0.0345098 -0.0283133 -0.111649 -0.00410206 0.0291764 0.035925 0.0150788 0.0264406 0.102402 -0.0563257 0.0257439 -0.0207743 0.0142543 0.131817 0.19476 -0.049321 -0.0265274 0.0214048 -0.0639628 0.0780481 -0.0232059 0.107018 0.237368 0.0595846 0.0733976 -0.0586785 -0.0535351 -0.0828521 -0.0121702 -0.112766
internal_weight=232700 153836 86922.8 78864.2 66443.8 30697.5 66913 63180.5 7927.5 4410.25 35746.2 23296.8 55253 44617.2 10635.8 10491.8 42570.2 6434.25 5521 3735.5 32323.8 28279.5 2810 29561 3732.5 16695.5 7409.25 36136 23515 5914.5 17600.5 5463 9286.25 4536 2047 28498.5 7744.75 4764.5 4042.75 3913.75 1321 3118 2369.5 3517.25 2522.25 2698.75 451.5 46540.5 13548 4136.5 1649.75 2486.75 3313.25 2092.75 450.25 5099.25 20479 32992.5 30158.2 8498.25 2528 5970.25
internal_count=321074 217612 106653 103462 82982 39981 110959 105059 7953 4435 43001 24076 97106 86345 10761 10617 83446 7917 5638 4928 39895 34308 2927 35435 5900 17312 7584 75529 28963 7833 21130 7368 9728 6441 2899 34296 8983 5345 4591 4417 1591 4954 2839 3518 2523 2989 465 63567 19110 5833 1796 4037 4499 3148 568 6000 23671 44457 40968 12249 2528 9721
cat_boundaries=0 1 2 3 4 5 6 7 8
cat_threshold=8 8 4 4 12 48 16 4
is_linear=0
shrinkage=0.04


Tree=62
num_leaves=63
num_cat=10
split_feature=9 4 17 5 19 14 11 4 32 14 29 17 27 8 15 22 32 22 23 22 5 0 4 33 22 19 32 1 23 19 23 23 12 28 22 22 22 7 19 30 29 32 22 19 22 23 8 22 22 15 23 15 19 23 18 23 23 33 0 6 19 1
split_gain=79558.4 38055 27368.4 18974.3 18630.3 29643.9 15401.4 14096.4 13087.5 12793.1 10963.8 10814.3 10569.5 9559.11 9271.94 9096.63 9096.44 8746.53 8710.86 9282.62 8584.56 8254.52 8125.05 8118.14 8989.81 8031.48 13219.1 8005.07 7987.04 7805.88 7486.1 6970.22 6806.07 6717.9 7502.75 6674.47 6591.65 6526.49 10206.5 6427.34 6166.09 5975.03 5876.05 14444.6 8261.41 6750.14 7024.44 6726.75 8838.79 7415.33 6060.97 10023.2 6807.6 6051.64 6138.48 7641.51 5937.6 5856.43 6192.36 10069.8 5766.8 5710.03
threshold=2.5000000000000004 2.8950001001358037 4.5000000000000009 29.500000000000004 10.500000000000002 87.045001983642592 0.3486414253711701 0.65500000119209301 0 98.095001220703139 1 2.5000000000000004 1.0000000180025095e-35 14.500000000000002 5.5000000000000009 0.12964180856943133 2 0.099577285349369063 1.0326827168464663 0.038171408697962768 64.500000000000014 2.1149998903274541 3.5349999666213994 3 0.17265895754098895 167.50000000000003 4 2.0749999284744267 1.0013249516487124 64.000000000000014 1.0298770666122439 1.5542461872100832 2.5000000000000004 5 0.012240967713296415 0.03408933803439141 0.017273891717195514 24.500000000000004 10.500000000000002 6 7 8 0.064866729080677046 170.50000000000003 0.14480212330818179 1.0484992265701296 43.500000000000007 0.020587688311934475 0.021674870513379577 3.5000000000000004 1.1428120136260989 2.5000000000000004 59.500000000000007 1.0116243958473208 1.5000000000000002 1.1218423247337344 1.1440888047218325 9 1.0000000180025095e-35 3.5000000000000004 128.50000000000003 1.0000000180025095e-35
decision_type=2 2 10 2 8 10 10 2 1 10 9 10 2 2 2 10 1 10 10 10 2 10 2 9 10 10 1 10 8 10 8 10 8 9 10 10 8 2 10 9 9 1 8 8 8 10 2 10 10 2 10 2 10 8 10 10 10 9 8 2 10 8
left_child=1 3 6 4 5 13 8 9 27 16 -4 35 14 -1 15 17 -6 20 -16 -20 33 32 37 24 28 26 40 -2 -9 -25 -18 -26 -10 34 -12 -7 -27 38 -3 -32 -5 -8 45 50 -45 47 -47 -30 49 -49 52 -52 -44 -54 55 -55 -53 61 -59 -60 -57 -43
right_child=2 22 10 25 7 11 41 23 21 -11 12 -13 -14 -15 18 -17 30 -19 19 -21 -22 -23 -24 29 31 36 -28 -29 42 -31 39 -33 -34 -35 -36 -37 -38 -39 -40 -41 -42 57 43 44 -46 46 -48 48 -50 -51 51 56 53 54 -56 60 -58 58 59 -61 -62 -63
leaf_value=-0.14118796220928029 -0.029875303537337486 0.1050265074220527 -0.095367966364071743 0.10109906547868323 0.17676173259065883 0.074203405344576492 -0.009666353243010066 0.092328643721256293 0.10757928210664443 0.069170651290445903 -0.075465026211835345 -0.0027525408177582543 0.12083117109719371 -0.0077565604274285153 0.047736774937030158 -0.11373019700248367 0.10115020968807165 0.17663239846778911 -0.38435836500483278 -0.085745098629448901 -0.041473076055623309 -0.028431496453486211 0.13293820642764209 -0.045511528433222835 -0.12117488895497776 0.052515654509308007 0.019804194773153955 0.018556988904899853 0.0004468759981372294 0.098006393369115763 -0.0096524492803391412 0.18267337032401654 -0.072538737878036649 0.016339556228433402 0.11362735835445334 0.16012044797610084 -0.001191516898749036 0.066660208506413937 0.017465166735077579 -0.11029830809011468 0.00026832661169150115 -0.42323481030801108 -0.0017707926262890297 -0.18352647667025845 0.00064827243292331707 0.054340707208357049 -0.023714223013374364 -0.11016790350949154 -0.061472930702439775 -0.47251069131254414 -0.1108767789047005 0.2279946156247557 0.26905071216748083 -0.084366663711801723 -0.11589239480539192 -0.03305795942497454 0.020901117283931507 -0.19040853276409883 0.074183164472711977 -0.092960774660685072 0.14937034713854253 -0.15096956113507509
leaf_weight=1083 15372.25 2516.75 1355 6629.5 424.5 3114.25 1335.5 818.75 340.25 4432 383 1614.25 1579.5 4127.25 484.75 739.25 921.75 620.75 224 640.5 2582.75 13912.75 1949.5 1040.5 2570.5 4660.25 12365.75 8465.75 2670.75 1448 17450.5 125 18169.5 5863.75 2646.75 2711.5 16945.5 16485.75 13810.5 1066.5 1146.75 160.75 2920.75 1788 498 3302 4174.75 208.25 2850.5 160 958.75 235.75 79 2099.25 3469.25 650.75 3256.5 887.5 629.75 6670.5 480.25 528.5
leaf_count=2370 22153 3425 1769 8146 798 4348 2156 3275 503 5824 383 2221 4860 6510 760 1019 1827 977 272 687 3572 18481 2164 1459 3814 4700 15293 10244 2682 2054 25456 125 25488 7684 3897 4756 24069 21624 16977 1500 1341 217 4327 2154 867 3845 4660 218 4094 160 1054 238 79 3720 5603 680 3456 1408 968 10578 553 701
internal_value=-0.000524725 0.0169726 -0.0317671 0.00584334 -0.00649163 0.037625 -0.0433821 -0.0157786 -0.0351764 0.00773818 0.0133307 0.0888571 0.0227308 -0.0355366 0.0118077 0.0222966 -0.00597416 0.0306274 -0.0878596 -0.163836 0.0226999 -0.0517182 0.0536266 -0.0317354 -0.0369357 0.0273381 0.0455078 -0.0126748 -0.0307772 0.0378546 -0.0099829 -0.106956 -0.0692161 0.0413423 0.089687 0.114235 0.0103963 0.0489065 0.0309739 -0.0155257 0.086365 -0.0885709 -0.0341655 -0.0501815 -0.143435 -0.0144657 0.0107619 -0.0464864 -0.0854078 -0.269325 -0.0350974 0.00354528 -0.0528285 -0.0748202 -0.0789554 -0.0392359 0.0350061 -0.100436 -0.0905862 -0.0785248 0.0445254 -0.212448
internal_weight=232854 149261 83593 114498 72750.8 12650.2 66473 60100.5 56260.5 24295.2 17120 7440 15765 5210.25 14185.5 12836.2 19863.2 12097 1349.25 864.5 11476.2 32422.5 34762.5 35805.2 33316.8 41747.8 20142 23838 30621.2 2488.5 19438.8 2695.5 18509.8 8893.5 3029.75 5825.75 21605.8 32813 16327.2 18517 7776.25 10212.5 29802.5 16436.2 2286 13366.2 7476.75 5889.5 3218.75 368.25 14150.2 4451 9699.25 6778.5 6699.5 3230.25 3492.25 8877 8187.75 7300.25 1131 689.25
internal_count=321243 202466 118777 158276 104727 20205 92897 84522 76869 35405 25880 11325 24111 8880 19251 17532 29581 16513 1719 959 15536 44472 44190 49117 45604 53549 24780 32397 41665 3513 28783 3939 25991 11964 4280 9104 28769 42026 20402 26956 9487 16028 38390 22731 3021 15659 8505 7154 4472 378 19710 4748 14962 10635 10556 4953 3694 13872 12954 11546 1233 918
cat_boundaries=0 1 2 3 4 5 6 7 8 9 10
cat_threshold=4 136 16 69 4 4 12 112 16 68
is_linear=0
shrinkage=0.04


Tree=63
num_leaves=63
num_cat=3
split_feature=4 4 21 17 14 0 25 21 4 4 21 7 11 21 28 22 23 22 25 25 23 19 20 14 14 11 25 30 21 23 25 21 0 6 7 25 20 20 23 14 14 21 23 19 4 7 25 20 19 20 2 21 21 18 23 32 19 21 20 14 23 21
split_gain=73126 43094.7 24704.1 19670 17288.8 20375.9 14666.2 13844.8 12927.9 12902.2 11775.2 11360.8 10943.1 9114.61 8910.16 8746.06 9123.52 15092.7 9841.94 8710.01 8709.3 8637.22 9516.7 19857.3 9655.23 8494.22 8316.28 7989.63 9548.1 7747.86 7332.18 7123.76 7097.43 6891.14 6845.94 15015.1 12236.4 6599.55 6535.64 6397.58 6387.24 8375.26 7992.96 6540.88 6321.73 6838.83 10388.1 6953.91 6211.91 7711.99 6466.51 6120.67 6117.87 6035.44 5964.23 5943 5795.61 8692.11 5773.99 10151.1 5771 5686.57
threshold=2.4550000429153447 1.0000000180025095e-35 74.626205444335952 4.5000000000000009 95.450000762939467 0.81499999761581432 81.125000000000014 69.930908203125014 2.0849999189376835 2.8950001001358037 88.393150329589858 12.500000000000002 0.50084745883941661 88.393150329589858 0 0.0059330721851438293 1.0933781862258913 0.057426862418651588 132.62500000000003 206.62500000000003 1.119209945201874 23.000000000000004 141.00000000000003 69.479999542236342 85.31000137329103 0.11512971669435502 164.62500000000003 1 65.668624877929702 1.2671241760253908 713.87500000000011 71.911579132080092 3.2649999856948857 205.25000000000003 22.500000000000004 272.62500000000006 218.00000000000003 179.00000000000003 1.1031029224395754 69.479999542236342 86.854999542236342 68.182941436767592 1.2374786734580996 64.000000000000014 3.6450001001358037 23.500000000000004 261.37500000000006 218.00000000000003 10.500000000000002 177.50000000000003 0.16499999910593036 77.250598907470717 74.713924407958999 1.5000000000000002 1.100289046764374 2 167.50000000000003 63.97326850891114 177.50000000000003 91.979999542236342 1.1533122658729555 80.24106597900392
decision_type=2 2 10 10 10 10 2 8 2 2 10 2 10 10 9 10 10 10 2 2 10 8 2 10 10 10 2 9 8 10 2 8 10 2 2 2 2 2 10 10 10 10 10 10 2 2 2 2 10 2 8 10 10 10 10 1 10 10 2 10 10 10
left_child=1 4 9 8 5 21 7 -5 11 34 15 19 56 20 39 -8 33 37 54 53 55 -1 23 27 -24 -21 -26 29 -29 -23 -16 -7 48 -17 35 -2 -37 -18 -20 52 43 42 -42 -25 45 46 -11 -48 -6 50 -50 -51 -10 -3 -19 -4 57 -13 59 -28 -60 -9
right_child=2 3 13 6 32 31 10 61 14 44 -12 12 -14 -15 30 16 17 18 38 25 -22 22 24 40 26 -27 58 28 -30 -31 -32 -33 -34 -35 -36 36 -38 -39 -40 -41 41 -43 -44 -45 -46 -47 47 -49 49 51 -52 -53 -54 -55 -56 -57 -58 -59 60 -61 -62 -63
leaf_value=-0.098482202041024924 -0.0014072033009714729 0.03538325411528994 0.035448899600672427 -0.019817307267439355 0.10275450193512903 0.0098574807435893308 0.1577250335163623 0.099806425367663959 -0.005440961230565847 0.034575228262346748 0.14505951090871175 -0.099621007979508458 -0.19725618299012809 0.18657302912148027 0.00020293261153040139 -0.049189719439919191 0.25200911209569254 0.10257203544402609 0.30148811801000791 -0.38176509422183963 0.20293958093378328 -0.027253175835650182 -0.10129968975310863 0.12769808831410387 0.040161581424048097 -0.071484412892791185 -0.086956127032330577 -0.38125123446612136 -0.055840930529486084 0.30173815836591217 -0.30025583473871681 0.0674756261717816 0.13038432812767503 -0.24493186173176326 0.013717492590556071 -0.047802732876654264 -0.24614681097918567 0.037130356613262867 -0.0064827654793484443 -0.044440817127519606 -0.016821617021220071 0.591710592640045 0.60705523202636025 -0.28959517845523125 0.16475635215093992 0.055005211584035138 -0.0094746614941959243 -0.1453116387670661 -0.009521617480716324 0.0051335764659656037 0.22388313623585007 0.075792922508740021 0.16359366825591912 -0.043126130601293319 -0.24352385356304246 0.078373871773151832 -0.096711959917847173 -0.037670923719100795 -0.065214997171645223 0.21179747454325359 -0.26717810207888426 0.30632234625198318
leaf_weight=3015.75 9784.75 3831 10876.75 1976.75 2162 10948 398 2986.5 2829.5 8409.5 678.75 4909 1047.75 956 16239.25 7471.25 526 96 115 159.25 663 960.75 3031.75 1084.25 2451.5 1149 599 218.5 420 128 129 5000.75 1546 297.5 27112.75 1423 764.5 405 1910 28842.5 129.25 107.5 42 61.75 624.25 13646.75 1768.75 913.25 285.75 8949.5 563 2510.25 387.75 2647.75 439.25 9830.25 6932.25 13848.75 627.25 259 354 228.5
leaf_count=5010 15406 6039 12310 4868 3128 14191 398 8226 3857 11990 708 7906 1905 962 22786 8273 526 96 115 160 675 1971 4585 1631 3959 1152 599 337 738 128 129 6203 1933 311 38032 1426 766 405 1910 40706 448 133 42 247 676 18509 1771 914 291 11810 719 2589 414 4051 509 11451 10848 17568 628 259 354 473
internal_value=0.000495657 -0.0167944 0.0295741 -0.031414 0.0155226 -0.00267355 0.00708511 0.0634735 -0.0395492 0.0170111 -0.0166509 -0.0582514 -0.0706337 0.0658342 -0.0262143 -0.02609 -0.0326147 0.0210855 -0.0290822 -0.0157267 0.0604156 -0.0388542 -0.0216703 0.0364256 -0.0466821 -0.109785 -0.0080594 -0.0547352 -0.165471 0.0117919 -0.00220092 0.0279304 0.0489645 -0.0567477 0.00259319 -0.0225967 -0.117286 0.158822 0.0112832 -0.0384732 0.146869 0.318058 0.141383 0.104741 0.0392275 0.0360465 0.0127137 -0.0558054 0.0402484 0.0292536 0.145455 0.0206227 0.015018 0.00329322 -0.181284 0.0558327 -0.0654542 -0.0538929 -0.0723104 0.00350059 -0.138479 0.114668
internal_weight=232710 145937 86773.5 100481 45455.5 29439 17528.5 5191.75 82952.8 64447.5 12336.8 34524.8 26737.8 22326 48428 11658 11260 3491.25 2560.25 7787 21370 13490.2 10474.5 3152 7322.5 1308.25 4290.75 1727.25 638.5 1088.75 16368.2 15948.8 16016.5 7768.75 39085 11972.2 2187.5 931 2025 32059.8 1424.75 278.75 171.25 1146 25362.5 24738.2 11091.5 2682 14470.5 12308.5 848.75 11459.8 3217.25 6478.75 535.25 20707 25690 18757.8 1839.25 858 981.25 3215
internal_count=321160 206272 114888 144339 61933 41463 26818 13567 117521 89490 13251 49629 38227 25398 67892 12543 12145 3561 2630 11402 24436 21069 16059 5675 10384 1312 5799 3174 1075 2099 22915 20394 20470 8584 55630 17598 2192 931 2025 44977 2501 623 490 1878 33860 33184 14675 2685 18537 15409 1010 14399 4271 10090 605 23761 36322 25474 1840 858 982 8699
cat_boundaries=0 1 2 3
cat_threshold=16 40 8
is_linear=0
shrinkage=0.04


Tree=64
num_leaves=63
num_cat=3
split_feature=9 21 17 6 25 32 11 1 21 24 19 6 32 25 24 21 23 23 15 24 15 23 25 15 21 15 25 21 25 21 20 19 21 21 25 21 8 21 1 23 19 21 24 6 15 25 21 20 21 25 25 25 32 24 22 23 22 21 14 25 21 25
split_gain=67972.9 39710 21781.6 18295.3 15119.5 28845.9 14294.9 13057.2 12315 13093.2 13586.5 13091.8 12190.4 11645.5 19319.9 28078 18668.8 11788.7 11645.3 11458.4 11316.9 11251.9 10552.9 12644.3 10131.4 9951.04 9766.86 9584.78 9454.05 8983.29 8647.76 10650.6 8556.38 12270.2 8474.97 8036.56 8002.74 7951.06 7637.49 7630.08 7530.63 9178.97 7527.88 12267.6 10890.5 7417.97 7382.97 11303.6 7351.3 7332.67 7392.76 13250.8 8310.14 7215.51 7116.34 7046.14 7043.99 7997.39 7010.29 6940.33 6844.5 6812.6
threshold=2.5000000000000004 72.081737518310561 4.5000000000000009 88.250000000000014 472.37500000000006 0 0.3486414253711701 2.7150000333786015 74.03781890869142 0.046185640618205077 23.000000000000004 219.25000000000003 1 298.37500000000006 0.10139193385839464 64.822723388671889 1.5542461872100832 1.0153971314430239 3.5000000000000004 0.034825121983885772 15.000000000000002 1.0928332209587099 541.62500000000011 3.5000000000000004 68.308303833007827 4.7500000000000009 40.125000000000007 65.668624877929702 320.37500000000006 86.135070800781264 218.00000000000003 167.50000000000003 62.081874847412116 70.499790191650405 45.125000000000007 82.205451965332045 240.25000000000003 77.426959991455092 2.7749999761581425 1.0393541455268862 145.50000000000003 64.422271728515639 0.033707041293382652 59.500000000000007 3.5000000000000004 661.25000000000011 64.206577301025405 171.50000000000003 61.407785415649421 54.625000000000007 317.62500000000006 171.87500000000003 2 0.09577351808547975 0.1137518770992756 1.1806011199951174 0.1597690433263779 62.432231903076179 91.145000457763686 635.37500000000011 59.93836975097657 115.62500000000001
decision_type=2 10 10 2 2 1 10 10 8 8 10 2 1 2 8 10 10 10 2 10 2 8 2 2 10 2 2 10 2 10 2 8 8 10 2 10 2 10 8 10 10 10 10 2 2 2 10 2 10 2 2 2 1 10 10 8 10 10 10 2 10 2
left_child=1 3 6 13 21 -6 12 26 48 10 11 19 22 14 17 46 18 -1 39 36 -11 -5 23 30 25 34 -3 54 32 -14 31 40 60 55 -19 -9 -10 42 -17 -15 41 -2 43 44 -28 -24 -16 -48 -4 -12 51 -51 -53 -26 -7 -34 61 58 -58 -37 -25 -36
right_child=2 7 8 4 5 27 -8 35 9 20 49 -13 29 16 15 38 -18 24 -20 -21 -22 -23 45 28 53 -27 37 -29 -30 -31 -32 -33 33 -35 56 59 -38 -39 -40 -41 -42 -43 -44 -45 -46 -47 47 -49 -50 50 -52 52 -54 -55 -56 -57 57 -59 -60 -61 -62 -63
leaf_value=0.057022741811730698 -0.065505176002484608 0.076431347500707958 -0.20974447946329577 -0.021492263878898913 0.17343375310144488 -0.19670148870257373 -0.083326553403392026 0.0584027896532896 -0.31132387354478458 0.16193927507492487 0.21982575791417197 0.22948719401061535 -0.049409050615133079 0.20573409465908721 -0.022056540858304278 0.016428207245104985 0.41229566734986334 -0.12251170764368817 -0.12542995388906025 0.049327655156453452 -0.42233051435805891 0.032876315154306592 0.14388825629113933 -0.097400849808479698 -0.011830786728010365 -0.42338439340847361 -0.07757854963977423 0.041245367165751397 -0.2413353837633907 0.24131921730961714 0.091055428745826936 -0.079046416620175045 -0.09237383107924356 0.097429639268282686 -0.012336303855885836 0.1569115329934101 -0.85392434148919094 0.040815955177363701 0.074959827205314619 -0.037664334769322433 0.086724184568307272 0.011910516239437395 0.014990214499435587 0.010233267864437354 -0.32528800461769769 -0.070127711312084853 0.034951198276460399 -0.26478352822493367 -0.0080076160235624631 0.052342711892270445 0.10083920322140852 0.16137780431869927 -0.21804849881139254 -0.10909322251565789 0.021362704256258972 -0.27915767363658922 0.057288744768047087 0.18021012608679743 -0.27696392012111476 -0.16302194599586986 0.23678087758018207 -0.14163854574162446
leaf_weight=2203.75 3269 5348.5 294.75 11083.5 2859 531 10223.75 19673.75 117.75 1826.75 326.75 78 32205.75 209 9256.5 5633.75 137 3055.75 2791.25 79 52.75 13514.5 1115 157.75 12926.25 130.75 1363 4090 546 169 1401.5 3127.25 1431.75 451.75 1623.75 2032.75 71 12944.75 9728.75 8864.5 1512.5 9767.25 11669 2424 357.5 336 333 505.25 11099.75 1269.75 1175 107 618 1345.75 434 417 292.25 463.5 150.5 113 253.25 1088
leaf_count=8368 5621 7336 447 18171 2859 531 16022 23096 216 3740 1052 81 44325 209 20490 6269 137 5089 2813 79 73 17698 1115 370 20493 205 1561 4090 546 169 2066 5213 1989 547 3036 2086 77 14105 11969 8872 1889 11163 13523 3402 371 336 705 731 16013 2160 1175 107 618 1531 434 1221 326 579 167 113 323 1097
internal_value=-0.000554877 0.01562 -0.0294517 -0.00036236 0.0238534 0.0719366 -0.0398252 0.0422682 0.0107805 0.0586502 0.0163037 -0.222157 -0.0319031 -0.0133249 -0.0046324 0.0194502 -0.0486166 -0.0309668 -0.0540079 -0.354484 0.145105 0.00837855 -0.0101597 -0.0169539 -0.0401718 -0.0803297 0.0268063 0.0144845 -0.0897624 -0.0478764 -0.00451325 -0.0121006 -0.0590827 -0.0891202 -0.0734827 0.066432 -0.522283 0.017572 0.0535005 -0.0320129 0.00229769 -0.00750888 -0.0014575 -0.0477535 -0.129372 0.094296 -0.0323682 -0.145903 -0.0132627 0.0399995 0.0213329 -0.02555 -0.16175 -0.0210165 -0.0987795 -0.134765 -0.0320259 0.0644184 -0.0570473 0.139923 0.108645 -0.0642837
internal_weight=232678 149178 83500.8 93251.2 32512 7914 66384.5 55926.2 17116.2 5721.75 3842.25 345.75 56160.8 60739.2 48737.5 25457.2 12001.8 23280.2 11864.8 267.75 1879.5 24598 23786 22335 21076.5 6804.5 34106.8 5055 3257.5 32374.8 19077.5 17676 2711.5 2300.5 6673.75 21819.5 188.75 28758.2 15362.5 9073.5 14548.8 13036.2 15813.5 4144.5 1720.5 1451 10094.8 838.25 11394.5 3496.5 3169.75 1994.75 725 14272 965 1848.75 3618 906.25 442.75 2145.75 411 2711.75
internal_count=321215 202462 118753 136869 43783 7914 92915 65593 25838 9378 5565 453 76893 93086 81055 40164 12031 40891 11894 372 3813 35869 32399 30948 32523 10499 40298 5055 4996 44494 25952 23886 4450 3757 10294 25295 293 32962 18238 9081 18673 16784 18857 5334 1932 1451 21926 1436 16460 5112 4060 2885 725 22024 965 3210 5205 1072 493 2199 693 4133
cat_boundaries=0 1 2 3
cat_threshold=4 4 16
is_linear=0
shrinkage=0.04


Tree=65
num_leaves=63
num_cat=4
split_feature=1 21 23 21 25 1 21 22 21 20 17 21 19 22 25 20 21 21 8 32 22 21 21 25 22 23 25 22 23 32 25 22 25 25 15 25 22 20 21 22 29 17 20 7 25 12 25 22 25 23 32 19 15 19 21 22 0 11 19 21 20 23
split_gain=65701.1 39355.5 22139.8 21960.9 17515.1 14343.2 13506.5 13007.5 18487.9 12411.1 15337.9 15450.9 11524.9 11236.6 13148.6 11000.5 12310.4 10566 9942.01 9821.74 9819.5 11936.1 9758.38 12004.9 18117.6 12497.6 10256.7 16713.1 9980.81 9880.88 10070.3 9675.82 9659.83 16251.6 9821.33 9453.57 11035.8 9908.22 10886.8 8897.21 8732.48 8583.34 8468.48 8713.01 8529.83 9905.97 8266.48 14937.3 12526.6 13910.9 11959.5 11080.5 10005.1 9848 9874.54 9118.05 8113.87 7542.24 7466.14 12756.4 10149.5 7367.42
threshold=2.7549999952316289 68.252796173095717 1.0013249516487124 76.617176055908217 29.375000000000004 1.8650000095367434 78.053596496582045 0.071642290800809874 63.086299896240241 181.50000000000003 3.5000000000000004 64.105865478515639 59.500000000000007 0.11774935945868494 279.37500000000006 218.00000000000003 73.844284057617202 63.870082855224616 14.500000000000002 0 0.031053040176630024 70.416618347167983 89.870384216308608 496.62500000000006 0.038171408697962768 1.0566522479057314 364.12500000000006 0.010512687265872957 1.0474960803985598 1 298.37500000000006 0.0059330721851438293 713.87500000000011 628.25000000000011 2.5000000000000004 309.75000000000006 0.020587688311934475 218.00000000000003 84.398693084716811 0.02731382101774216 2 4.5000000000000009 79.000000000000014 28.500000000000004 11.875000000000002 2.5000000000000004 445.75000000000006 0.072171278297901167 276.37500000000006 1.1293570995330813 3 167.50000000000003 2.5000000000000004 170.50000000000003 75.613723754882827 0.065291069447994246 3.2949999570846562 0.37640480697155004 36.000000000000007 61.583427429199226 218.00000000000003 1.4528056383132937
decision_type=10 8 8 10 2 8 10 10 10 2 10 10 8 10 2 2 10 10 2 1 10 10 10 2 10 10 2 10 10 1 2 8 2 2 2 2 10 2 10 8 9 10 2 2 2 10 2 10 2 10 1 10 2 10 10 8 10 10 10 10 2 10
left_child=1 4 -3 5 42 -4 19 -6 58 61 11 13 15 -11 -15 39 18 -16 -17 56 -21 -22 23 25 28 26 27 29 -25 -5 -31 -14 33 34 -12 37 -37 38 -29 -7 -40 57 43 -1 45 -44 48 50 49 53 -48 52 -50 -33 55 -55 -2 -27 59 -9 -61 -10
right_child=6 2 3 22 7 12 -8 8 9 10 32 -13 31 14 17 16 -18 -19 -20 20 21 -23 -24 24 -26 41 -28 35 -30 30 -32 46 -34 -35 -36 36 -38 -39 40 -41 -42 -43 44 -45 -46 -47 47 -49 51 -51 -52 -53 -54 54 -56 -57 -58 -59 -60 60 -62 -63
leaf_value=-0.15848996210974442 0.0013411174870158215 0.14446453920528204 -0.039312040242071036 0.15431531251688579 -0.082222860477545817 -0.10215589337167628 0.092760699933162952 -0.16843741688895528 0.0089668927533531739 -0.23607893933650645 0.27898955769122735 -0.10238618668447796 0.36218274510557003 0.014843278455688978 0.15398757825937925 0.067525786876860339 -0.037910030753732074 0.65572839327419508 0.28805589104073037 -0.0027163476498655794 0.035852418333820572 0.098941178703676608 0.17448857555395705 0.019382050764671581 -0.45722156387741808 0.073531136036445566 0.095182551723514738 -0.018940098082680025 -0.20218904936632714 -0.24570657232191273 -0.01324326432445797 -0.034215517679230645 -0.33941344784068711 0.31232511350595654 -0.012485892602103525 -0.03497510622415239 -0.47066118713127553 0.069926684463675975 0.3355247248223801 0.019262187809213582 0.015064597059505436 0.19296368052103088 0.079347305864505988 -0.56729483968703476 -0.10343673607529569 -0.078597599038815608 0.13797091598479061 -0.051299672574737491 0.26286454930370129 0.04709570813331275 0.015265834007539881 -0.087873007672430378 -0.022325198538507354 0.10151058321064238 -0.18049038796600919 -0.025218224979312059 0.066096712196928073 -0.21497011351824605 -0.043524898260246296 -0.039916833624853258 0.3569696112153205 0.14188332723306038
leaf_weight=1005.25 18600 1720.5 19806.75 180 6350.75 1009.75 6530 2036.5 21150.75 185 203 5514.5 108 810.5 202 632 588.75 100 679.75 4795.25 12040.25 7980.25 755 1530 169 4899 2404 6233.5 411 815 470 20565.5 100 343 1890.75 335 127 5093 247.25 21182.5 301 1005.5 1055.75 89.5 5321.25 1589 2051 2842 270 5563 3338 6311 711 2298.25 316.25 1500 3712.25 147.5 13041.25 694.75 119 687
leaf_count=1723 26331 6882 24663 180 7964 1129 7247 2740 25140 185 320 7499 108 1328 202 1226 768 100 1390 5450 15020 9571 755 1530 169 4977 2404 7900 411 815 470 38879 100 343 2331 335 127 6740 398 30625 301 1109 3284 106 11550 4112 2051 2842 270 5917 3338 6311 711 3940 449 4356 4478 149 17668 913 119 687
internal_value=2.78158e-05 -0.0116041 0.00212152 -1.23813e-05 -0.0372179 -0.00926363 0.0388533 -0.0284947 -0.0212436 -0.00334886 -0.0419104 -0.0731709 -0.000756287 0.0509574 0.0990345 0.0216438 0.113954 0.323374 0.182075 0.0313802 0.0486944 0.0610076 0.0330438 0.028647 -0.0624979 0.0372926 0.0189704 0.00568323 -0.0276906 -0.121955 -0.16084 -0.0125213 0.0420223 0.0579446 0.0160096 0.0208583 -0.156271 0.0277756 -0.00388944 0.0137286 0.166666 0.0863312 -0.0886377 -0.192892 -0.0742644 -0.0155327 -0.0134215 0.0228769 -0.0213823 -0.0100334 0.0620015 -0.0684345 0.0565344 -0.0229137 0.0335637 0.051474 0.0121203 0.0650154 -0.0563559 -0.114989 0.0188456 0.0131613
internal_weight=232764 179106 116617 114896 62489.5 89773.5 53658 53428.8 47078 31186.5 9348.75 6812 69966.8 1297.5 1112.5 24092.8 1900.5 302 1311.75 47128 24815.8 20020.5 25122.8 24367.8 2110 22257.8 16205.8 13801.8 1941 1465 1285 45874 2536.75 2436.75 2093.75 12336.8 462 11874.8 6781.75 22192.2 548.25 6052 9060.75 1094.75 7966 2644.75 45766 8231 37535 30243 5389 7292 981 24680 4114.5 3798.25 22312.2 5046.5 15891.5 2850.25 813.75 21837.8
internal_count=321136 253039 164625 157743 88414 128973 68097 67639 59675 38235 12408 9314 104310 1815 1630 35138 3384 302 2616 60850 30041 24591 28770 28015 2110 25905 19670 17266 1941 1465 1285 69172 3094 2994 2651 15801 462 15339 8599 31754 699 6235 20775 1829 18946 7396 69064 8231 60833 53541 5389 7292 981 47624 8745 8296 30809 5126 21440 3772 1032 25827
cat_boundaries=0 1 2 3 4
cat_threshold=8 16 16 4
is_linear=0
shrinkage=0.04


Tree=66
num_leaves=63
num_cat=7
split_feature=1 21 1 23 21 28 29 24 33 24 23 21 26 6 33 14 25 6 25 21 24 23 21 20 24 23 23 32 15 25 25 8 19 11 21 6 15 28 23 19 19 19 21 25 20 30 23 23 17 14 20 25 0 23 24 11 21 15 24 23 24 1
split_gain=61750 38617 16514.3 13974.9 14532.5 13974 13296.1 13070.5 11068.2 10734.5 20524.1 14926.4 15153.1 11270.1 9892.22 9033.89 8940.68 8863.61 10825.4 10675.6 12857.8 10409.8 12662.1 9034.53 8547.73 8156.94 8794.43 7979.5 7837.28 7792.59 8225.39 8884.91 7859.52 7700.74 7561.98 7637.72 7363.81 7322.84 10096.3 9290.59 10562.9 7133.28 7564.7 6992.01 7633.64 6942.37 6544.03 6771.79 6410.28 6357.27 7506.2 10578 6382.86 6125.92 6325.45 6047.29 6036.28 6956.54 7041.9 6931.94 8819.59 5988.16
threshold=2.3549998998641972 68.252796173095717 3.0849999189376835 1.0013249516487124 76.478694915771499 0 1 0.064879272133111968 2 0.12303834408521654 1.1662948131561282 64.822723388671889 1.5000000000000002 130.25000000000003 3 69.479999542236342 267.12500000000006 87.250000000000014 267.12500000000006 75.113819122314467 0.049344956874847419 1.118048429489136 65.116699218750014 218.00000000000003 0.30805669724941259 1.0912117362022402 1.0711925029754641 4 1.5000000000000002 510.25000000000006 77.625000000000014 14.500000000000002 9.5000000000000018 0.54502454400062572 71.565551757812514 173.25000000000003 3.5000000000000004 5 1.2429965138435366 49.500000000000007 59.500000000000007 52.500000000000007 73.543998718261733 713.87500000000011 171.50000000000003 6 1.1482241153717043 1.1628997325897219 3.5000000000000004 67.649997711181655 179.00000000000003 713.87500000000011 1.485000014305115 1.0570134520530703 0.045658024027943618 0.20013717561960223 84.929595947265639 2.5000000000000004 0.022670523263514045 1.0484992265701296 0.045012684538960464 3.1450001001358037
decision_type=8 10 10 10 10 9 9 10 9 8 10 10 2 2 9 10 2 2 2 10 10 10 10 2 10 10 10 1 2 2 2 2 10 10 10 2 2 9 8 10 10 10 10 2 2 9 10 10 8 10 2 2 10 10 10 10 10 2 10 10 10 8
left_child=5 6 3 -3 7 17 14 29 43 10 49 13 24 37 -2 -16 -14 18 21 -19 -21 23 -23 41 28 26 -25 -24 -13 30 -5 -32 -33 48 -9 -36 -20 39 -39 -11 -41 42 -1 44 -7 -17 -46 -48 -10 52 51 -51 -8 54 -34 -42 59 -58 -59 60 -6 -30
right_child=1 2 -4 4 56 8 9 34 33 11 -12 12 16 -15 15 45 -18 19 36 20 -22 22 27 25 -26 -27 -28 -29 61 -31 31 32 53 -35 35 -37 -38 38 -40 40 55 -43 -44 -45 46 -47 47 -49 -50 50 -52 -53 -54 -55 -56 -57 57 58 -60 -61 -62 -63
leaf_value=-0.06562550595971739 -0.31628088111857738 0.15281879027681475 0.064704799980788361 0.012982839420659881 0.027119570519617824 -0.019860084744619855 -0.21279963443308514 0.012467192083153274 -0.072428795317641195 -0.13702507910997927 -0.43021838782936928 -0.1295774957513246 0.1971815320825363 0.058587727285207135 -0.18274183974405764 -0.31279259933524889 -0.11605584454437358 -0.03124233818113881 -0.073941234526795949 -0.0032784555634319391 0.1698064320126185 -0.067254472908230847 -0.035717835378865338 0.0046818914919543545 0.38062026363623197 -0.21373335767178758 0.25475261327540522 0.059060638076495246 0.043302409013703531 0.059381889497430569 -0.14149106118746843 0.092435208672816724 -0.032346917447410625 -0.29556210990989729 0.056696756807159743 -0.18060888439975886 -0.17588228506014342 -0.10155293226768043 0.060641685550009691 0.19482366288213798 -0.025544546585959588 -0.096776289675335969 0.11716823053145475 -0.2243948853345199 0.03775586046326735 0.0081853265868731227 -0.1693429389259879 -0.0021448300721849741 0.026013782195690921 0.0020332334906245477 -0.045743390393904182 0.45572223053782812 -0.032471270390371079 -0.086134528147441519 0.077959967018944046 -0.12928224791280882 0.18263254089842587 -0.07568141860395812 0.12836728708155559 0.076136906297700493 -0.36823875749635171 0.11584334722690474
leaf_weight=1095.25 290.5 1306 19077.5 7461.25 11470.25 9333 561 21910.75 3939.75 1493.25 201 315.5 165.25 2894.5 778.75 104.5 1141 26303.75 3720.75 2560.75 936.25 4005 2245.25 1010.75 138 198.5 287.5 3865.5 4398.75 2156 1238.75 794 7066.75 203.5 11532.5 219.25 1633 799.75 2621.5 322.25 7676.5 8243.25 538.75 205.25 13076.25 1443.25 457.75 2470 1445.5 8825.25 8853.25 81 712.5 3030.5 940.75 1016.75 1117 472 629 6311.75 89 3110.25
leaf_count=1540 493 5224 23360 14875 13529 11460 1038 26257 5139 2421 201 389 172 6340 1345 157 1141 34454 3726 3472 958 5136 2360 2048 138 269 496 4116 4746 2156 1268 803 7849 289 12407 244 1633 1333 7339 347 15988 13104 625 206 18825 3445 580 2794 1870 13896 15214 81 1452 3227 1102 2921 1174 472 629 6566 89 4053
internal_value=0.000769909 0.01682 0.0313574 0.0231729 0.0209538 -0.0257011 -0.0125381 0.0105392 -0.00417177 -0.00746066 -0.0301334 0.00924984 0.0500043 -0.0132049 -0.0999952 -0.0715007 -0.0761821 -0.0375326 -0.0542043 -0.0225125 0.0431298 -0.0415179 -0.0119926 -0.0677696 0.0707201 0.0237791 0.0603734 0.0242349 0.0651576 -0.0129255 -0.0205237 -0.03965 -0.028965 -0.0550961 0.0263542 0.0522387 -0.105091 -0.0281295 0.0226876 -0.0446755 -0.0293517 -0.0816452 -0.0052817 0.00699263 0.00888769 -0.0158223 0.0256533 -0.0283865 -0.0460037 -0.0258631 -0.019665 0.0062617 -0.112125 -0.0377136 -0.0193704 -0.0377054 0.0501629 0.112384 0.0409055 0.0424284 0.0240117 0.073373
internal_weight=232542 144767 96823 77745.5 76439.5 87775.2 47944.2 56350.5 31131 45327.2 19234 26093.2 9268.75 16824.5 2617 2326.5 1306.25 56644.2 26843.5 29800.8 3497 21489.8 10115.8 11374 7962.5 1496.75 1298.25 6110.75 7824.5 22688 20532 13070.8 11832 5588.75 33662.5 11751.8 5353.75 13930 3421.25 10508.8 9015.5 9877.25 1634 25542.2 25337 1547.75 16004 2927.75 5385.25 19033 17759.5 8906.25 1273.5 11038 8007.5 8693.25 20089 2218 1101 17871 11559.2 7509
internal_count=320981 205881 121231 97871 92647 115100 84650 70188 41163 79210 31882 47328 10639 36689 5440 4947 1313 73937 35053 38884 4430 29694 11612 18082 9326 2813 2544 6476 9188 31280 29124 14249 12981 7298 38908 12651 5359 30349 8672 21677 19256 15269 2165 33865 33659 3602 22199 3374 7009 31681 29191 13977 2490 12178 8951 18909 22459 2275 1101 20184 13618 8799
cat_boundaries=0 1 2 3 4 5 6 7
cat_threshold=16 4 9 70 8 16 4
is_linear=0
shrinkage=0.04


Tree=67
num_leaves=63
num_cat=9
split_feature=4 0 32 33 5 14 12 19 20 25 22 25 25 32 32 25 23 24 22 4 22 19 32 25 22 22 24 20 5 33 28 24 25 25 19 20 19 1 26 20 20 14 32 19 19 24 4 22 25 1 25 25 32 14 23 22 25 25 22 25 24 4
split_gain=57662.2 29646.9 15497.7 12769.6 11844.8 15547 18481.4 11003.3 10955 14534.3 11495 16375.7 10771.1 25919.4 19967.3 12392.4 9600.34 11432.4 9017.71 8620.74 8300.83 8690.88 8018.1 8904.82 7917.45 11101.8 8477.92 7649.7 9537.28 7467.04 7364.37 12808.5 8073.25 7104.17 7017.5 6937.83 6893.55 7386.84 6828.79 8550.94 13491.1 7732.64 7285.21 11791.5 12785.7 7030.9 6707.23 6642.21 6613.02 6600.82 7012.21 9540.79 6531.11 6512.88 7191.42 6424.71 8924.13 10049.6 9503.9 6417.42 6981.26 6325.68
threshold=2.7649999856948857 2.0249999761581425 0 1 23.500000000000004 94.430000305175795 2.5000000000000004 10.500000000000002 181.50000000000003 213.25000000000003 0.086145080626010909 677.12500000000011 465.75000000000006 2 3 302.12500000000006 1.0288630723953249 0.16615853458642962 0.18932993710041049 3.435000061988831 0.032543305307626731 167.50000000000003 4 9.6250000000000018 0.047803943976759918 0.10359223932027818 0.15579897165298465 79.000000000000014 9.5000000000000018 5 6 0.054965471848845489 677.12500000000011 276.37500000000006 10.500000000000002 177.50000000000003 9.5000000000000018 0.44499999284744268 1.5000000000000002 110.00000000000001 141.00000000000003 78.58499908447267 7 79.500000000000014 128.50000000000003 0.0858476758003235 1.7749999761581423 0.084342483431100859 358.00000000000006 2.5449999570846562 661.25000000000011 618.00000000000011 8 78.954998016357436 1.0334117412567141 0.014092112425714733 331.62500000000006 403.87500000000006 0.010512687265872957 690.87500000000011 0.12200778722763063 1.7150000333786013
decision_type=2 8 1 9 2 10 10 10 2 2 10 2 2 1 1 2 10 10 10 2 10 10 1 2 10 10 10 2 2 9 9 10 2 2 10 2 8 8 2 2 2 10 1 10 10 10 2 8 2 10 2 2 1 10 10 10 2 2 8 2 10 2
left_child=1 2 27 -3 5 38 34 -8 9 22 30 -12 14 -14 15 -10 55 24 -13 52 -15 -22 47 -24 -18 26 33 28 -1 -29 31 -11 -33 -26 -7 -36 37 46 42 -40 41 -41 43 -5 -45 -43 -31 -6 -9 50 51 -4 -2 -42 -55 56 58 -58 -16 -23 -61 -51
right_child=19 3 49 4 8 6 7 48 12 10 11 18 13 20 16 -17 17 -19 -20 -21 21 59 23 -25 25 -27 -28 29 -30 36 -32 32 -34 -35 35 -37 -38 -39 39 40 53 45 -44 44 -46 -47 -48 -49 -50 61 -52 -53 -54 54 -56 -57 57 -59 -60 60 -62 -63
leaf_value=-0.1168753510072716 0.018925677664109533 -0.081591294442214551 -0.020444199991009979 -0.0051268394022571185 0.068707491006063187 0.098615545306542263 0.074524605875003896 -0.041121152645307329 0.13714747471115871 -0.084264225523833225 0.043350242305236597 -0.41685547873735429 0.12983641442470931 0.03706045668443559 -0.20052754989697377 -0.05045874482718106 -0.027221255061582267 0.097918889559026764 0.027160866073054124 0.096828222563188723 -0.40317413600268104 -0.013242920272133023 0.07496171753678009 -0.017841515095756138 -0.070539096646512811 -0.012684793812427731 -0.44360679288953542 0.041352608367096949 -0.47979428338915719 -0.53902148560331908 0.15945991099478288 0.088617082421513449 0.35629035115302515 -0.17268034623382406 0.13636175378385995 0.019226012609237481 -0.066026240713207049 0.023671014596501713 -0.18647300050827409 0.0063833300103455261 -0.15597582762095102 0.0045231574287461999 -0.00063053365370119394 -0.1646514773982854 -0.032926930260805051 0.36663733824192007 -0.066525860928059399 0.0036881211246213119 -0.15428996775621184 0.23231400150560619 -0.1416212547628109 0.1629668470237105 0.049793767592484162 0.038189374221329647 -0.084843319904269854 0.057179454817238434 0.1966684701664845 -0.14139255707946854 -0.01515404543597278 -0.24990762991985857 0.0013930749372644568 0.025416515693742467
leaf_weight=867.5 22124.75 2933.25 29048 5838.25 5686.5 2764.75 1150.75 4727.25 1972.25 694 4704 198 3014 2787 617 787 7315.75 813.75 115 3826.25 110 2432 1893 13023 2623.5 2175.75 126 1269 132.25 68.75 2481 2175 195 1868 871.5 10986.25 20288.5 2383.75 768.5 1598.5 1326 148.75 15986 2071 2737.25 201 152.25 4505.5 1000 264.75 745.75 459 21754.5 1016 3004 2758.5 480 197 1553.75 435 297 2088.75
leaf_count=1130 28409 3606 40505 9775 6711 4273 1513 6078 4091 694 4716 198 3014 2787 617 787 8941 882 115 4352 110 2432 3390 17178 3879 3273 126 1992 151 101 2481 2175 195 1868 1128 14875 30472 3601 1061 2542 2706 238 23078 2071 4592 204 198 7582 1000 306 748 459 28926 3503 3037 7731 480 197 4727 435 297 2499
internal_value=4.76776e-05 -0.0100669 -0.0338282 0.000727845 0.00267923 -0.0109103 0.015815 -0.0382504 0.0139048 0.0291932 0.0685563 0.0246689 -0.00294622 0.0340155 -0.0173515 0.0836373 -0.0309324 -0.0476969 -0.254556 0.0392559 -0.0136599 -0.0568345 0.0126301 -0.00605478 -0.0561086 -0.0871995 -0.122288 -0.0574117 -0.165753 -0.0529152 0.10824 0.0666865 0.110926 -0.113079 0.0412481 0.0278573 -0.0581368 0.00309187 -0.0274721 -0.0597209 -0.0463181 0.0437594 -0.017705 -0.0433371 -0.0897096 0.213553 -0.217065 0.039972 -0.0609292 -0.0156264 -0.0206471 -0.01758 0.0342312 -0.0791507 -0.053743 0.013691 -0.0284423 0.0981577 -0.0679832 -0.044544 -0.148209 0.0488717
internal_weight=232636 184930 57768.2 127162 124229 56195.8 21500.5 6878 68033.2 35670 10562 5017 32363.2 9075 23288.2 2759.25 20529 14922.8 313 47705.5 6061 3274 25108 14916 14109 6793.25 4617.5 25162 999.75 24162.2 5545 3064 2370 4491.5 14622.5 11857.8 22893.2 2604.75 34695.2 8062.75 7294.25 1948.25 26632.5 10646.5 4808.25 349.75 221 10192 5727.25 32606.2 30252.8 29507 43879.2 5346 4020 5606.25 2847.75 677 2170.75 3164 732 2353.5
internal_count=321238 259551 82162 177389 173783 81674 28867 8591 92109 45435 10574 5029 46674 9075 37599 4878 32721 18969 313 61687 6061 3274 34861 20568 18087 9146 5873 37645 1281 36364 5545 3064 2370 5747 20276 16003 34372 3900 52807 13291 12230 2984 39516 16438 6663 442 299 14293 7078 44517 41712 40964 57335 9246 6540 13752 6021 677 5344 3164 732 2805
cat_boundaries=0 1 2 3 4 5 6 7 8 9
cat_threshold=8 4 4 16 4 8 16 8 8
is_linear=0
shrinkage=0.04


Tree=68
num_leaves=63
num_cat=9
split_feature=4 21 33 21 25 6 19 25 1 21 4 5 4 14 6 32 25 25 25 5 19 20 20 19 19 22 11 11 22 28 5 21 22 19 32 25 29 25 19 22 18 19 18 33 19 17 22 29 25 21 22 21 25 28 25 22 22 15 7 29 15 22
split_gain=53675.5 32065.9 14522 13023.5 14114 13705.3 12312.7 18477.5 12312.4 11101.4 9432.34 9295.54 10397.4 10819.7 10283 8989.36 17933 16116.3 12857.2 12336.2 9533.58 8268.32 8019.99 11341.5 7984.69 7610.89 7366.27 7276.81 7265.98 7211.16 23116.7 7036.94 7570.62 7372.89 7017.58 14402.3 10061.6 12038.6 8005.53 6994.1 6949.2 6758.45 8253.12 6672.23 6578.12 7920.06 7738.64 14714.3 12131.1 11055.3 7724.32 10740.6 8902.23 13696.8 8966.16 6988.36 6897.19 7977.57 6301.84 7758.45 6223.8 6127.71
threshold=2.7649999856948857 70.623699188232436 0 82.205451965332045 17.875000000000004 105.25000000000001 23.000000000000004 409.25000000000006 2.0349999666213994 72.110469818115249 0.50499999523162853 43.500000000000007 0.50499999523162853 86.174999237060561 2.5000000000000004 1 438.62500000000006 256.87500000000006 291.62500000000006 32.500000000000007 167.50000000000003 159.00000000000003 184.00000000000003 7.5000000000000009 190.50000000000003 0.020587688311934475 0.71984010934829723 0.0081634009256958979 0.085405070334672942 2 59.500000000000007 62.269115447998054 0.026524198241531852 49.500000000000007 3 487.75000000000006 4 81.125000000000014 36.000000000000007 0.0079137263819575327 1.5000000000000002 59.500000000000007 1.5000000000000002 5 9.5000000000000018 3.5000000000000004 0.038171408697962768 6 97.625000000000014 76.371921539306655 0.028545571491122249 75.359088897705092 239.87500000000003 7 130.37500000000003 0.036844028159976012 0.036844028159976012 3.5000000000000004 22.500000000000004 8 3.5000000000000004 0.041297197341918952
decision_type=2 10 9 10 2 2 10 2 8 8 2 2 2 10 2 1 2 2 2 2 10 2 2 10 10 10 10 8 8 9 2 10 10 10 1 2 9 2 10 10 10 10 10 9 8 10 10 9 2 10 10 10 2 9 2 10 10 2 2 9 2 10
left_child=1 8 3 4 5 41 7 40 26 31 27 12 13 14 -10 16 17 -12 20 24 -19 -15 -14 -24 -20 -26 43 -6 -23 -9 -31 33 -33 -2 35 36 37 38 -13 -21 -5 -3 -43 -1 55 46 56 48 61 -50 52 -52 53 54 -47 -17 -46 -58 -34 -60 -11 -48
right_child=9 2 -4 6 10 -7 -8 29 11 60 15 34 22 21 -16 44 -18 18 19 39 -22 28 23 -25 25 -27 -28 -29 -30 30 -32 32 58 -35 -36 -37 -38 -39 -40 -41 -42 42 -44 -45 45 50 47 -49 49 -51 51 -53 -54 -55 -56 -57 57 -59 59 -61 -62 -63
leaf_value=0.049674109449086908 -0.22879334614564115 0.061463778861964108 -0.059349213731418209 0.10513994843366126 0.071576045829357865 0.17669282088793217 0.1285510872274323 -0.050731071209308996 -0.06258736667862036 0.068252757370994191 0.022261135119186565 0.40423496632433592 -0.025201708633391134 0.17440070130900445 0.02304273251181083 -0.026182413365888148 0.11894319349684543 0.013795879588634879 -0.05858467552483082 0.20805416887911779 -0.29694537397351323 -0.048647706121440766 0.27450604021849712 -0.074816676238843208 -0.022934565313705583 -0.40766410967747913 -0.29025864078617863 0.010722695003448038 0.033455549912448278 -0.70296551794324613 0.06137160360915029 -0.068023603376765024 0.0063379966289175364 -0.01607180603289949 -0.011850668002620926 0.15739039256412807 0.054509844406054844 -0.1220699416766253 0.020248220151689752 -0.0038554811330036749 -0.019100290504408941 0.056454308727591565 -0.10015159516339454 -0.046216748830530556 -0.030201006883104675 -0.095784457523160352 -0.31343287891226929 -0.042200936735888719 -0.29106950662769121 0.1328645483681915 0.0046361720247405543 0.15782775201965069 0.0058893773692972207 -0.04351500665401651 -0.43416428397563606 0.083809456492367596 0.038130591512657706 0.45867229644765528 -0.1371639982878069 0.052819799987373572 0.0084851531907831606 0.004015917136506294
leaf_weight=1195.75 336.25 4777.5 4659.25 1765 4452.25 1294.25 2914.75 237 6358.75 17803.5 11085.5 93.75 23682.75 560.75 3465.25 1896.25 2291 214 723 307 599 2150.75 149.25 9102.25 121 257 191.75 10693.5 8671 138 115 1323.25 10147.25 1139 10242 1347.25 3778.5 1475.75 940.5 1287 1215 1047.75 1103.5 33168 6338 231.5 113.5 4612.5 1090.5 107 3916.75 898.75 3229 1682 275 1799.5 286 94.75 342.5 13297 3306.25 616.5
leaf_count=1540 400 6375 5458 1765 5410 2261 3142 237 10948 22560 14132 330 37575 1295 5125 2392 2291 214 723 307 599 3014 522 16771 121 257 239 12477 13444 138 115 1495 13460 1667 14955 1348 6213 1478 3210 1287 1224 1311 1354 45237 7439 554 139 5826 1122 107 5731 1387 3229 2687 275 2608 307 133 512 17527 4003 1224
internal_value=-0.000598144 -0.01035 0.00905243 0.0133772 0.00820859 0.0573079 0.0679722 0.0170397 -0.0246385 0.037238 0.0013888 -0.01522 -0.0234777 -0.00163208 -0.0323834 -0.00796973 0.0149525 -0.00138623 -0.0760858 -0.0339551 -0.215308 0.0249091 -0.037543 -0.0691222 -0.136805 -0.2853 -0.0442658 0.0286188 0.0171314 -0.21008 -0.357752 0.0200389 0.0250288 -0.0648064 0.00978699 0.0388066 0.0133579 -0.0486056 0.0557756 0.0371623 0.0545034 0.0349618 -0.0238926 -0.0428761 -0.0222057 -0.0300098 -0.0504116 -0.0813799 -0.17387 -0.253025 -0.00357015 0.0332827 -0.0363295 -0.0985731 -0.280506 0.027388 -0.0202508 0.144654 0.0302109 0.0479673 0.0588939 -0.0460514
internal_weight=232754 185059 78484.8 73825.5 67440.8 8223 6384.75 3470 106574 47695 59217.8 72018.5 54140.8 21206.5 9824 44072 16884.5 14593.5 3508 2695 813 11382.5 32934.2 9251.5 1101 378 34555.5 15145.8 10821.8 490 253 26585.2 25110 1475.25 17877.8 7635.75 6288.5 2510 1034.25 1594 2980 6928.75 2151.25 34363.8 27187.5 23491.8 13258.8 6540 1927.5 1197.5 10233 4815.5 5417.5 2188.5 506.5 3695.75 6718.75 380.75 23786.8 13639.5 21109.8 730
internal_count=321226 259602 96358 90900 84279 11301 6621 3479 163244 61624 72978 116228 88694 33826 16073 55091 19931 17640 3508 2695 813 17753 54868 17293 1101 378 47016 17887 16458 490 253 35061 32994 2067 27534 12579 11231 5018 3540 1594 2989 9040 2665 46777 35160 30160 16297 8418 2592 1229 13863 7118 6745 3516 829 5000 7879 440 31499 18039 26563 1363
cat_boundaries=0 1 2 3 4 5 6 7 8 9
cat_threshold=9 4 4 4 16 8 64 4 4
is_linear=0
shrinkage=0.04


Tree=69
num_leaves=63
num_cat=3
split_feature=9 21 17 8 21 24 19 23 11 25 23 21 24 21 21 17 24 23 21 24 15 21 21 23 25 23 23 25 15 15 25 25 22 24 21 25 25 25 26 21 29 25 23 22 22 23 20 20 22 22 33 24 23 19 25 19 21 0 5 22 33 25
split_gain=52974 25245.4 17577.9 14671 13836 12982.4 14004.4 12383 12356.8 11786.9 14216.5 12511.6 14266.7 11843.6 14107.8 11910.2 9875.55 9758.48 9451.15 15577.7 9077.37 8937.1 8830.99 11538 12597.4 9191.05 11738.7 8784.7 14478.5 9514.12 9983.11 8352.94 8251.5 7901.97 12597.9 7758.03 11167.2 19032.9 7578.68 7458.04 7765.14 10507.7 12076.5 10355.4 10206.1 10763.6 8357.83 7430.28 7779.65 7360.81 7344.69 6979.78 7657.16 7851.34 6965.87 10121 7821.49 7575.95 6920.07 6897.74 6830.97 6727.79
threshold=1.5000000000000002 72.026847839355483 4.5000000000000009 76.500000000000014 73.630203247070327 0.046185640618205077 23.000000000000004 1.0933781862258913 0.25845077633857733 298.37500000000006 1.5542461872100832 59.510065078735359 0.10139193385839464 64.822723388671889 60.142297744750984 3.5000000000000004 0.034825121983885772 1.0153971314430239 79.325862884521499 0.065228797495365157 15.000000000000002 65.668624877929702 84.929595947265639 1.0484992265701296 31.125000000000004 1.0239408016204836 1.0235687494277956 465.75000000000006 3.5000000000000004 4.2500000000000009 350.12500000000006 496.62500000000006 0.1137518770992756 0.3201736062765122 63.086299896240241 54.625000000000007 306.37500000000006 171.87500000000003 1.5000000000000002 61.407785415649421 0 10.875000000000002 1.0933781862258913 0.056142637506127364 0.06120711378753186 1.0321614742279055 179.00000000000003 218.00000000000003 0.034695325419306762 0.020898253656923774 1 0.019153827801346782 1.0912117362022402 79.500000000000014 30.375000000000004 163.50000000000003 69.930908203125014 3.0949999094009404 1.5000000000000002 0.0059330721851438293 2 117.62500000000001
decision_type=2 10 10 2 8 8 10 8 8 2 10 8 10 10 10 8 10 8 10 10 2 10 10 8 2 10 10 2 2 2 2 2 8 10 10 2 2 2 2 10 9 2 10 10 10 10 2 2 10 10 9 8 10 8 2 10 10 10 2 10 9 2
left_child=1 3 8 9 39 6 16 -5 18 11 31 61 17 14 -14 -16 -6 -13 33 -20 -7 32 23 24 -3 26 -24 28 47 30 49 -11 -9 60 -35 -8 37 -37 -25 -4 -41 -42 44 46 45 -43 -44 59 -49 -30 58 -19 -53 -54 56 -56 -23 -57 -10 -26 -2 -1
right_child=2 22 4 7 5 20 35 21 50 10 -12 12 13 -15 15 -17 -18 51 19 -21 -22 54 25 38 27 -27 -28 -29 29 -31 -32 -33 -34 34 -36 36 -38 -39 -40 40 41 42 43 -45 -46 -47 -48 48 -50 -51 -52 52 53 -55 55 57 -58 -59 -60 -61 -62 -63
leaf_value=-0.19127839086559828 -0.079691568609411303 0.21847526910523019 -0.19807066758816572 -0.0064978064902853003 -0.33671159238268017 0.1460050980825266 0.20864231809110872 -0.067011635356110252 0.25748002279829729 -0.085395696713070013 0.3968789990150503 0.071734799431170657 0.22803043407069917 0.049711723472888887 -0.033625421590134555 -0.46298704958158843 0.058659681580489197 -0.21320180829946953 0.0053963882255291208 0.23713058509367319 -0.37234374150580107 -0.1012530197262336 0.077267080251114395 0.060728362810503235 0.18602783159192626 0.17471075524422308 -0.31534957842741695 0.06772487305186134 0.08379876895893866 0.0055951313039518122 -0.36109298391559641 -0.007353012782337417 0.033735904856470926 0.011117688801391494 0.35181943597734772 0.055518032221427892 0.10452792530884474 -0.18039692385110218 -0.012217307039865491 -0.12583961188566747 0.17100756667635283 0.029899073501419821 0.2855771923562328 0.010538638766109942 0.052256005060755013 -0.09495839292200986 0.054321930513797058 0.035569919176953277 0.20619467673076183 -0.15272835878036914 -0.061693868153753773 -0.0059541972391808449 -0.013490782916457222 -0.10354320338386491 0.13358893733836011 0.022380281162067122 0.068487428794197266 0.11306872733986272 -0.0021726109120346576 -0.013248134209549347 -0.022805733305850819 -0.030007287470861552
leaf_weight=810 3604 470 337 12913.5 282.25 2276.25 396.5 1762.75 187 5924.25 110 1698.75 325.75 12718.75 4204 104 156 319.5 2644 561 53.5 798.75 710 22902.5 284 1485.25 145 3491 266 1013.5 294 3485.5 4944.75 785.5 221 1467 1607 870 2529.75 823.75 548.25 1484.5 453 3025.5 1560.5 4306 558 5148.5 464.5 987 20755 11612.75 2939.75 3274.75 3414.75 4911.75 947.25 2104.75 1252.25 9833 52343.75 846.25
leaf_count=1248 4354 1880 493 19971 430 4410 1295 1816 307 5928 110 6444 397 15262 6652 149 156 324 2917 561 79 906 710 25460 284 1516 145 3491 266 1312 294 3508 8379 859 221 2574 1607 870 2547 985 1359 2491 453 3324 3653 5425 612 6053 940 1260 31222 25871 4289 3832 3507 5151 963 2182 1751 12338 72611 871
internal_value=-0.000439743 0.0164968 -0.0219404 0.00258319 0.011491 0.0564118 0.0186467 0.0236873 -0.0301428 -0.0112897 -0.0511744 -0.0015151 0.0032769 0.0297672 -0.0249729 -0.0442026 -0.196329 -0.0198859 -0.0207302 0.046084 0.133789 0.044327 0.0387947 0.0350679 0.01403 0.114632 0.0100931 0.00959847 -0.00150153 -0.0896718 -0.152017 -0.0564962 0.00724589 -0.0244917 0.0864838 0.0404346 0.0234251 -0.0323823 0.0534717 -0.0128953 -0.00797365 0.000285139 -0.00796191 0.0476116 -0.0384836 -0.0629483 0.158308 0.0128597 0.0497597 -0.102456 -0.0556516 -0.0284701 -0.0251353 -0.0609635 0.0647468 0.0771221 -0.00918688 0.0496098 0.0316491 -0.00761769 -0.0264913 -0.109018
internal_weight=232755 130196 102558 80172.2 20205 7108.5 4778.75 31798.2 82353.5 48374 9519.75 38854.2 37198 17352.5 4633.75 4308 438.25 19845.5 60159.2 3205 2329.75 18884.8 50024 47683.8 22251.5 2340.25 855 21781.5 18290.5 2560.5 1547 9409.75 6707.5 56954.2 1006.5 4340.5 3944 2337 25432.2 13096.5 12759.5 11935.8 11387.5 4036.5 7351 5790.5 1011 15730 5613 1253 22194.2 18146.8 17827.2 6214.5 12177.2 10431.2 1746 7016.5 1439.25 10117 55947.8 1656.25
internal_count=321275 176256 145019 117760 30216 11421 6932 42875 114803 74885 9546 65339 63220 22460 7198 6801 586 40760 81523 3478 4489 22904 58496 56125 28118 2371 855 26238 22747 3132 1820 9436 10195 78045 1080 6346 5051 3444 28007 18795 18302 17317 15958 4389 11569 7916 1065 19615 6993 1526 33280 34316 33992 8121 12709 10840 1869 7333 2058 12622 76965 2119
cat_boundaries=0 1 2 3
cat_threshold=128 8 68
is_linear=0
shrinkage=0.04


Tree=70
num_leaves=63
num_cat=7
split_feature=0 21 1 32 21 6 21 0 24 21 15 14 20 29 26 22 29 4 23 23 15 24 20 29 22 22 24 20 20 23 28 24 14 15 23 20 5 21 22 6 21 20 24 23 26 15 20 23 32 20 29 22 20 5 4 1 12 0 6 17 14 22
split_gain=47902.3 27936.7 18392 14133.8 13137.8 11445.2 11230.9 10633.4 9592.48 9038.96 8565.13 8888.1 8153.72 9439.51 7896.26 7784.31 7479.07 7684.06 7177.05 8991.79 7125.05 7373.94 8143.03 7188.8 7065.11 8063.09 6893.65 6849.82 12659.9 6935.78 6806.16 6720.61 6693.28 6646.96 9424.24 10326.6 9308.73 7391.02 6531.69 10544.6 6982.01 7350.33 6272.88 7579.01 6211.27 6161.17 6004.69 6035.64 5996.33 5696.47 5679.82 13772.4 7243.87 6014.91 5603.59 5467.47 6024.8 5519.38 7143.44 5278.69 7723.01 5262.14
threshold=2.7549999952316289 77.739685058593764 1.9550000429153445 0 62.269115447998054 103.25000000000001 65.668624877929702 3.2549999952316289 0.011484527960419657 65.778343200683608 3.5000000000000004 88.345001220703139 175.00000000000003 1 1.5000000000000002 0.22780887037515643 2 2.3449999094009404 1.1628997325897219 1.1772943735122683 5.5000000000000009 0.050352701917290694 177.50000000000003 3 0.1597690433263779 0.13412782549858096 0.033707041293382652 110.00000000000001 159.00000000000003 1.1449801921844485 4 1.0000000180025095e-35 81.424999237060561 2.5000000000000004 1.1277644634246828 159.00000000000003 6.5000000000000009 67.120429992675795 0.055593475699424751 214.25000000000003 84.929595947265639 218.00000000000003 0.12991900742053988 1.1594945192337038 1.5000000000000002 2.5000000000000004 181.50000000000003 1.0280442237854006 5 171.50000000000003 6 0.021314746700227264 159.00000000000003 31.500000000000004 1.544999957084656 1.1349999904632571 2.5000000000000004 0.86500000953674328 156.25000000000003 1.5000000000000002 78.954998016357436 0.014092112425714733
decision_type=10 10 8 1 10 2 8 10 10 10 2 10 2 9 2 10 9 2 8 8 2 10 2 9 8 10 10 2 2 10 9 8 10 2 10 2 2 10 10 2 10 2 10 10 2 2 2 8 1 2 9 10 2 2 2 10 10 10 2 10 10 10
left_child=1 2 55 5 -5 10 42 31 9 -6 11 14 -13 -14 33 50 17 -7 26 -20 21 22 44 -23 25 -15 -12 -16 29 -29 -9 -8 -17 36 35 37 -4 -35 40 -40 -24 61 43 -2 -3 -26 49 -48 -43 -18 51 -10 -53 -52 -50 57 -57 58 -1 60 -30 -42
right_child=6 20 3 4 8 16 7 30 15 -11 18 12 13 24 27 32 46 -19 19 -21 -22 23 38 -25 45 -27 -28 28 59 -31 -32 -33 -34 34 -36 -37 -38 -39 39 -41 41 48 -44 -45 -46 -47 47 -49 54 -51 53 52 -54 -55 -56 56 -58 -59 -60 -61 -62 -63
leaf_value=-0.13722830569530994 -0.047050510214526192 -0.033907962000422037 -0.17580733351798025 -0.090877659183371109 -0.084154908304824333 0.029892752207945416 0.14349848435304921 -0.11480059243631038 -0.37112202042618719 0.073173570997115273 -0.18738895622421711 0.08018418226991951 0.055342904806235813 -0.01963770908400491 -0.17168846694012266 -0.0051294790187030263 -0.02533365016386183 0.1138460288609435 -0.32223885093540405 -0.075840064794752207 -0.26381044047259194 0.12869212560399582 0.025778690852602006 -0.0027914276028377649 0.15256813726148311 -0.15531039281232123 0.015917141441289209 0.031086951815696096 -0.21903085053554477 0.31878258242336005 0.06634188713189125 0.022227334490139077 0.29922642501195268 -0.28100646635829185 0.063706017797685963 -0.072587840208908863 -0.0093638055797754093 0.0771887039753473 -0.50912113074937571 0.1159801672980899 0.078352285907800134 0.16400879675724381 0.013425369027839503 -0.3514214328788493 -0.28797508976799258 -0.010706162476119897 0.11748459680736113 -0.035037642823490416 -0.29213906087234337 0.11120559181610221 -0.041551664324318519 -0.042473196642498039 0.082965486619986872 -0.011801133996736012 0.019514206369945428 0.036978865606277916 -0.034583459738570251 -0.048390460602012741 0.10505799230474157 -0.019117184370230952 -0.060644515690984689 0.27756627591056188
leaf_weight=2184 2981.5 1201.25 699.75 4101 715.25 3931 742.25 337.25 132.25 3153.5 299.75 3397.5 4457 4814.5 704 239.25 756.75 3137.25 266 2073.5 123.75 2380 10556.25 930.25 635.25 818.5 2305.25 1307 782.5 147.5 15728.75 41926 221.5 96 4160.5 2506.5 2300.25 1559 87.75 82 368 426 4479.25 135 174.75 880.25 462 3940.5 104 1375.5 22190.25 1091.5 2256.5 21324.5 713 2017.25 27811 10470.5 212.25 1392.25 1330.5 506.25
leaf_count=2931 4597 1313 1968 6408 2861 5920 2969 395 148 11096 401 4221 6650 5812 968 288 927 4269 305 4259 159 2491 12438 949 1359 904 3158 2351 1636 149 19712 53272 283 144 4753 3528 3024 2096 138 82 368 426 5197 135 180 1769 765 5958 104 1743 29472 1492 3179 27263 713 2771 36985 14048 276 4216 2043 651
internal_value=0.000130275 -0.0113325 -0.0169821 -0.0080508 -0.0220001 0.00724812 0.0288707 0.0347897 -0.016493 0.0440563 -0.00430464 0.00326948 0.0257026 0.00974135 -0.0165452 -0.021431 0.0386114 0.0670834 -0.053289 -0.10411 0.0362385 0.038387 0.0258613 0.0921408 -0.0187482 -0.0394011 -0.00759946 -0.0550963 -0.0384828 0.0606652 0.0625251 0.0243438 0.14183 0.00274532 0.0211478 -0.0214083 -0.0482807 0.0560923 0.0357716 -0.209277 0.039087 0.105349 -0.0168941 -0.0604547 -0.0665511 0.0578389 0.0076882 -0.018984 0.0427162 0.0627648 -0.0230378 0.0260846 0.0420672 -0.0269675 -0.0207644 -0.0391466 -0.0297414 -0.0609415 -0.115695 -0.0796375 -0.119455 0.19409
internal_weight=232640 166310 148657 105962 55425.5 50536.2 66330 58734.2 51324.5 3868.75 36933.2 31988.8 15003 11605.5 16985.8 47455.8 13603 7068.25 4944.5 2339.5 17653.2 17529.5 14219.2 3310.25 7148.5 5633 2605 5663.75 4959.75 1454.5 16066 42668.2 460.75 11322 8322 4161.5 3000 1655 12843.2 169.75 12673.5 2117.25 7595.75 3116.5 1376 1515.5 6534.75 4402.5 1243 2132.25 46995 3480.25 3348 43514.8 817 42695 29828.2 12866.8 2396.25 3505.25 2113 874.25
internal_count=321086 234809 214797 157786 82490 75296 86277 76348 76082 13957 55714 47591 20715 16494 26876 62125 19582 10189 8123 4564 20012 19853 16413 3440 9844 6716 3559 11363 10395 2500 20107 56241 571 15513 10521 5768 4992 2240 14920 220 14700 2262 9929 4732 1493 3128 9393 6723 1243 2670 61554 4819 4671 56735 817 57011 39756 17255 3207 7895 3679 1019
cat_boundaries=0 1 2 3 4 5 6 7
cat_threshold=4 76 96 88 8 4 40
is_linear=0
shrinkage=0.04


Tree=71
num_leaves=63
num_cat=4
split_feature=0 21 17 22 9 11 14 0 23 21 5 20 12 21 0 25 22 29 25 20 4 21 29 23 33 21 24 19 6 2 14 6 23 22 21 19 25 33 17 23 19 25 21 25 22 23 5 22 21 25 21 22 21 23 5 24 25 21 23 22 17 21
split_gain=47291.8 25671.6 13354.1 12556.1 12251.5 15726.3 11615.2 11398.5 8828.85 8719.15 8890.82 9451.24 9374.68 8686.93 9436.01 8517.72 10444.7 8043.37 8020.54 14133.2 7924.11 7910.84 7667.64 9507.61 7043.01 7371.29 10468.7 8645.52 7399.04 7286.15 6961.47 7392.78 6949.37 6901.38 6542.8 6381.31 6354.42 8519.57 10661.7 10637.2 8519.29 8100.46 7106.75 6804.7 9009.47 6585.18 6275.27 6271.78 6135.94 6116.32 5949.17 8019.01 5916.53 5886.65 5732.93 5850.47 7474.17 5604.83 8089.97 5275.9 5264.99 5147.94
threshold=2.3249999284744267 69.88785552978517 4.5000000000000009 0.07381992414593698 10.500000000000002 0.56973218917846691 77.479999542236342 3.1350001096725468 1.0013249516487124 83.14151763916017 22.500000000000004 181.50000000000003 2.5000000000000004 65.668624877929702 3.2250000238418584 217.37500000000003 0.060720283538103111 0 81.125000000000014 171.50000000000003 1.1950000524520876 67.819164276123061 1 1.0746911168098452 2 62.269115447998054 0.3201736062765122 52.500000000000007 101.25000000000001 -2.9350000619888301 98.095001220703139 21.500000000000004 1.119209945201874 0.072171278297901167 71.838336944580092 23.000000000000004 276.37500000000006 3 1.5000000000000002 1.1267514824867251 170.50000000000003 96.375000000000014 73.137256622314467 586.37500000000011 0.018693005666136745 1.0230884552001955 1.5000000000000002 0.0917622745037079 67.95862197875978 189.12500000000003 75.613723754882827 0.028922154568135742 71.838336944580092 1.0484992265701296 45.500000000000007 0.17640001326799395 504.12500000000006 54.907316207885749 1.4528056383132937 0.026524198241531852 1.5000000000000002 88.393150329589858
decision_type=8 10 10 8 2 10 8 10 8 10 2 2 10 8 10 2 10 9 2 2 2 10 9 10 9 8 10 8 2 8 8 2 10 10 8 10 2 9 10 10 8 2 10 2 10 10 2 10 8 2 10 10 10 10 2 10 2 10 10 10 10 10
left_child=2 3 4 21 24 -6 17 8 -3 10 12 15 30 57 54 16 50 -5 19 34 -7 -2 23 -23 46 -26 27 47 29 -29 31 -10 -17 59 -4 -11 37 -31 41 -40 -38 42 45 44 -42 -39 -1 -27 -21 61 -12 -52 -18 -32 55 -15 -57 -8 -59 -24 -28 -20
right_child=1 7 18 6 5 20 13 -9 9 35 11 -13 -14 14 -16 32 52 -19 49 48 -22 22 33 -25 25 26 60 28 -30 36 53 -33 -34 -35 -36 -37 40 38 39 -41 43 -43 -44 -45 -46 -47 -48 -49 -50 -51 51 -53 -54 -55 -56 56 -58 58 -60 -61 -62 -63
leaf_value=0.24098535767965409 -0.079932704007733099 0.16158686020209875 -0.12036166563600176 0.036314607654427816 -0.055629506709395031 -0.63632619703791071 -0.24377762770532674 0.057817691654293124 -0.015621125662883319 0.035541493093795701 -0.020493536691808579 0.011338873830327081 -0.033212228172242425 0.002581520182432124 0.092033427172799789 0.15402061662471611 0.050264330645285717 -0.045021206722546427 -0.058990917466878248 -0.012519462712012971 -0.20913607374333495 -0.048185581166251649 -0.13738551413274089 0.092368706766904007 -0.070727570727264211 0.023236586703965296 0.049916708825925075 0.27182829858506258 -0.0024217522056081769 0.030384748684509692 0.00086354356178725651 0.058949200395187272 -0.036016384311244917 -0.17833520087746782 0.12390402636667869 0.14352175077472973 -0.049886761935088869 -0.010737154643146141 -0.050251577581403688 0.029632768393774371 -0.0099691463243403149 -0.02046307270703179 0.040019758524486068 -0.022694397064617702 -0.26140384097010427 -0.21441081801377557 0.024136076529404256 -0.02799370231421602 0.13137365113324223 0.014323541473412272 -0.025454162021230912 0.11282622400492999 0.14898808265916871 0.094466607534336444 0.06546688169614473 0.13186998108426776 -0.1370579713058013 -0.011899609339950701 0.12767207859828669 -0.012364652958621963 0.44009697520630114 0.20766189572811125
leaf_weight=235.5 4896.5 706.25 813.75 2401.75 14844 92.75 157.75 17411 9599.5 2145.5 4002 17881.25 9465.75 14806 3403.75 1999 2283.25 10087 3389.75 588.75 275.25 1327 625.25 1829.25 5053 9719 107 114.75 9640 2799.5 1738.25 2730.5 363 560.5 221.75 1480 3996.25 302.5 10326.75 3593.75 297 1074 262 453 983 1591.75 2123 6300.25 2425 7317 1141.25 1624 1693 2816.25 3609.75 1094.75 193 14774.5 693.75 3891.25 114 118
leaf_count=369 6314 2825 1314 4210 22044 134 220 19853 11545 2150 4509 22325 11256 26215 5665 1999 3013 16597 4082 1833 618 2182 674 2046 7192 13175 107 147 13081 4046 1988 3491 363 745 347 1591 4003 1210 17073 4058 297 1134 367 453 983 2389 2993 8866 6721 7353 1202 1753 2023 3156 6639 1142 193 20572 702 5269 114 139
internal_value=-0.000248256 0.0139729 -0.0231226 -0.00478631 -0.0300484 -0.0620591 0.00415948 0.0292381 0.0211675 0.0195353 0.0157296 0.030254 -0.00135105 0.0149755 0.0305522 0.0560557 0.0409195 -0.0293823 0.011472 0.0594825 -0.319683 -0.0396817 -0.0157289 0.033174 -0.0218051 -0.0246206 -0.0201141 -0.0212987 -0.0323226 -0.043496 0.0165122 0.000898837 0.124806 -0.0461079 -0.067907 0.0796782 -0.0449264 -0.0342566 -0.0448024 -0.0296266 -0.0820542 -0.110279 -0.15495 -0.156084 -0.203176 -0.181935 0.0457841 0.00308662 0.103271 -0.00649438 0.0106781 0.0557763 0.0923545 0.0587603 0.0199227 0.00970003 0.0914085 -0.00805927 -0.00562361 -0.0297271 0.253364 -0.0499053
internal_weight=232604 143432 89172 64351.8 74298 15212 51222 79079.8 61668.8 60962.5 57337 30986.8 26350.2 38733.2 23107.2 13105.5 10743.5 12488.8 14874 4049.25 368 13129.8 8233.25 3156.25 59086 56727.5 51674.5 51453.5 35434.2 25794.2 16884.5 12330 2362 5077 1035.5 3625.5 25679.5 19950.2 17150.8 13920.5 5729.25 3230.25 2156.25 1733 1280 1894.25 2358.5 16019.2 3013.75 10824.8 6767.25 2765.25 3976.25 4554.5 19703.5 16093.8 1287.75 15626 15468.2 4516.5 221 3507.75
internal_count=321069 194427 126642 99385 104853 22796 82155 95042 75189 72364 68623 37187 31436 61348 39854 14862 12500 20807 21789 10215 752 17230 10916 4228 82057 78695 71503 71282 49241 36160 20180 15036 2362 6688 1661 3741 36013 30277 26231 21131 5736 5100 3966 1733 1280 3599 3362 22041 8554 11574 7464 2955 5036 5144 34189 27550 1335 21494 21274 5943 221 4221
cat_boundaries=0 1 2 3 4
cat_threshold=96 96 8 2
is_linear=0
shrinkage=0.04


Tree=72
num_leaves=63
num_cat=7
split_feature=9 21 6 9 25 6 20 21 25 21 25 25 32 25 25 15 21 22 21 22 25 20 22 22 25 21 22 22 21 20 21 25 28 21 25 22 14 22 32 25 14 32 22 21 15 21 21 22 15 25 25 32 25 15 20 22 17 25 33 29 22 21
split_gain=42326.8 21783.1 16228 17139.9 13702.1 11740.1 11034.8 13766.5 9994.15 9733.38 10604.6 9512.49 22166.7 11114.2 9373.37 11131.8 10215.4 12086.8 9009.31 8654.5 11455.1 17888.8 13007.6 12987.9 10411.1 8906.24 8568.06 8438.74 8254.41 11981.8 7993.4 7966.43 7964.3 7956.55 7636.52 7623.97 10646.8 7536.02 7435.14 8624.41 7365.48 7326.26 7226.72 7185.48 18248.3 7015.91 6943.55 7834.91 8639.96 10548.1 6938.39 18264.3 12947.6 10765.6 7242.5 8141.59 6826.23 6543.2 6519.45 8751.28 6514.35 6506.12
threshold=2.5000000000000004 72.026847839355483 61.500000000000007 15.500000000000002 82.375000000000014 79.500000000000014 175.00000000000003 67.372478485107436 17.875000000000004 76.617176055908217 465.75000000000006 472.37500000000006 0 661.25000000000011 296.12500000000006 3.5000000000000004 59.510065078735359 0.079519651830196394 69.930908203125014 0.019503099843859676 164.62500000000003 179.00000000000003 0.086935181170701994 0.020898253656923774 677.12500000000011 67.536304473876967 0.028545571491122249 0.021674870513379577 60.142297744750984 79.000000000000014 65.551872253417983 32.125000000000007 1 62.269115447998054 117.62500000000001 0.074320640414953246 93.439998626708999 0.16758911311626437 2 677.12500000000011 64.020000457763686 3 0.078872710466384902 64.822723388671889 4.7500000000000009 86.135070800781264 84.929595947265639 0.030633942224085334 3.5000000000000004 53.875000000000007 472.37500000000006 4 302.12500000000006 3.5000000000000004 218.00000000000003 0.082905523478984847 4.5000000000000009 364.12500000000006 5 6 0.031494658440351493 67.430934906005874
decision_type=2 10 2 2 2 2 2 10 2 10 2 2 1 2 2 2 8 8 8 10 2 2 10 10 2 10 8 10 8 2 10 2 9 8 2 10 8 10 1 2 10 1 8 10 2 10 10 10 2 2 2 1 2 2 2 10 10 2 9 9 10 10
left_child=1 5 3 41 6 14 18 31 -3 10 27 26 13 60 16 -16 34 -18 -4 -6 45 22 23 -22 -24 -26 -7 -10 -19 33 -14 56 38 -30 -1 46 -37 -35 -25 -40 -39 -2 -20 -31 -45 -21 47 -11 -49 -50 52 -52 -23 54 -54 -56 -8 -55 -43 -60 -13 -9
right_child=2 8 4 -5 19 11 7 61 9 35 -12 12 30 -15 15 -17 17 28 42 20 21 50 24 32 25 -27 -28 -29 29 43 -32 -33 -34 37 -36 36 -38 40 39 -41 -42 58 -44 44 -46 -47 -48 48 49 -51 51 -53 53 57 55 -57 -58 -59 59 -61 -62 -63
leaf_value=-0.16613288276670257 -0.069606810092395111 0.088317745934998054 -0.06068126457792429 -0.20200883256795904 0.018904265273737331 -0.063794197650505452 -0.093044079951027134 0.4620893616604082 -0.049007528824866232 0.026435066339186127 0.070673738761166005 0.013389469389030535 -0.10045046577818152 -0.14437374710662351 -0.022308337437392644 -0.12049061962669919 -0.03214088982982017 0.1787131506609197 -0.0029418500287489262 -0.070719656620951685 -0.30605326079151818 -0.0256000963332477 -0.0095306505708783393 -0.082025104595467607 -0.068319118356093389 -0.54068405658115037 0.014241133157956415 0.012446836786192676 -0.35122641638815799 -0.013275154225476371 0.028377972037840548 0.055648859925781169 0.14002707253602129 -0.16877135689571507 -0.0096660529826818383 0.074983027449969597 -0.48492423377685179 -0.21398965194035161 0.052058228130674698 0.41537269569974428 0.14852901172248828 -0.040264405727759404 0.12227178126545955 0.033075035759894893 -0.43010734857303384 0.23959191453254827 0.11028199082516781 0.093961585216536761 0.14582265977622347 -0.31139647991625885 0.093150439653024025 -0.071091237825353676 -0.11181318061819701 -0.14650319174578394 -0.061326891088631097 0.32093085032360896 0.050572078104161478 -0.33851339829103716 -0.082323383567084907 0.062204476991881474 0.1831279887900811 0.084688573430613201
leaf_weight=1034.25 9488.25 4726.25 3903 1136 6319.75 2467.75 1821 72.25 4397.75 15943.75 4095 422 921 205 8425.5 2365.25 12144.25 482.5 3758 10258.5 146 4037.75 6625.25 669 154 108 25441.75 19073 186.25 8680.75 4665 1963.75 1875 535.25 963.5 114 101 120.25 2599 107 335 9593.5 915.5 20708.75 135 116 2569 5247.75 138.75 188 1673.25 3064 2031 662 244 138 744.75 503.25 900.75 2520.25 2551 5226
leaf_count=1629 13065 5933 5382 2255 6601 2911 6666 112 4535 17389 4095 422 921 205 8430 2390 17449 631 4382 12351 146 4109 6644 669 154 108 38128 24560 253 20989 4665 5848 1875 953 1004 114 101 172 2599 107 428 13282 1808 31940 261 116 2611 6645 165 188 1674 3064 2040 662 244 138 2901 576 1182 3073 2551 14772
internal_value=0.00034105 0.0130842 -0.0224911 -0.0505429 -0.0113888 0.00115498 0.0173186 0.0462489 0.0326421 0.0275655 0.0112941 0.0187546 0.055104 0.139408 -0.0103469 -0.0438482 -0.00236945 0.0017098 -0.0158346 -0.0241723 -0.0319488 -0.0170983 0.017082 0.0635745 -0.0193506 -0.265686 0.00733691 0.000928504 0.0148941 0.0123078 0.00710741 -0.00495353 0.0739678 -0.112751 -0.0907592 0.0460192 -0.190051 -0.067283 0.0372047 0.0667234 0.0522385 -0.0428788 0.0216266 0.0172998 0.0300338 -0.0672037 0.0481423 0.0407137 0.0815268 -0.117514 -0.0510829 -0.0130627 -0.0747212 -0.130103 -0.0817691 0.0776977 -0.0513472 -0.229874 -0.0233844 0.0239932 0.159062 0.090009
internal_weight=232758 149384 83373.8 23638.8 59735 92790 18404.2 9827.75 56594.2 51868 27565.8 36673.5 8764 3178 56116.5 10790.8 45325.8 43328 8576.5 41330.8 35011 24636.5 12283.2 5396 6887.25 262 27909.5 23470.8 31183.8 30701.2 5586 4529.5 5250 1176.75 1997.75 24302.2 215 990.5 3375 2706 455.25 22502.8 4673.5 29524.5 20843.8 10374.5 24087.2 21518.2 5574.5 326.75 12353.2 4737.25 7616 3578.25 2413 382 2565.75 1165.25 13014.5 3421 2973 5298.25
internal_count=321273 202668 118605 32857 85748 136332 41871 30299 66336 60403 33190 49803 8764 3178 86529 10820 75709 73076 11572 43877 37276 24809 12302 5396 6906 262 41039 29095 55627 54996 5586 15415 5250 1806 2633 27213 215 1553 3375 2706 600 30602 6190 53190 32201 12467 26998 24387 6998 353 12507 4738 7769 3660 2422 382 9567 1238 17537 4255 2973 14884
cat_boundaries=0 1 2 3 4 5 6 7
cat_threshold=4 16 16 8 4 69 76
is_linear=0
shrinkage=0.04


Tree=73
num_leaves=63
num_cat=5
split_feature=4 4 21 14 11 6 12 25 21 0 21 21 30 24 23 29 25 32 25 4 9 6 21 23 21 25 20 24 29 26 20 24 4 8 25 22 0 21 25 22 25 25 14 22 22 25 20 22 23 24 20 20 14 10 20 20 23 20 22 20 29 14
split_gain=40776.4 25116.5 14462.3 13854.4 16468.9 12273.3 12473.7 10464.6 10836.9 10243.5 9870.56 9422.47 8820.27 8778.71 9783.23 8214.9 9240.58 8208.52 8474.14 7934.29 7903.96 11907.1 12059.4 7882.56 7745.14 7565.92 9624.12 7547.44 7247.55 7109.87 9138.09 14897 6966.39 6737.61 8431.46 8260.65 6730.41 6585.29 6517.91 6420.04 6413.91 6336.68 6458.76 6108.72 6045.1 6008.29 5939.12 5919.83 5887.05 5886.9 6479.8 13986.4 9558.43 5864.12 6424.06 6368.99 5834.7 5966.86 5725.3 5705.71 5614.9 5581.92
threshold=2.4550000429153447 1.0000000180025095e-35 75.003524780273452 95.450000762939467 0.71984010934829723 104.25000000000001 2.5000000000000004 82.375000000000014 69.930908203125014 1.0000000180025095e-35 88.393150329589858 59.93836975097657 0 0.064879272133111968 1.0116243958473208 1 431.12500000000006 2 97.625000000000014 3.1149998903274541 16.500000000000004 58.500000000000007 76.617176055908217 1.1200792789459231 82.51377105712892 206.62500000000003 79.000000000000014 0.3201736062765122 3 1.5000000000000002 179.00000000000003 0.095385804772377028 2.2250000238418584 67.500000000000014 272.62500000000006 0.049720298498868949 3.4550000429153447 67.659801483154311 564.00000000000011 0.073388416320085539 677.12500000000011 162.12500000000003 68.924999237060561 0.17032737284898761 0.12520716339349749 232.12500000000003 177.50000000000003 0.017273891717195514 1.0153971314430239 0.07844030857086183 159.00000000000003 110.00000000000001 78.58499908447267 2.5000000000000004 171.50000000000003 184.00000000000003 1.1410874724388125 175.00000000000003 0.10677414759993555 177.50000000000003 4 78.954998016357436
decision_type=2 2 8 10 8 2 8 2 10 8 10 10 9 10 10 9 2 1 2 2 2 2 10 10 10 2 2 10 9 2 2 10 2 2 2 10 10 10 2 10 2 2 10 10 10 2 2 10 10 8 2 2 10 2 2 2 10 2 10 2 9 10
left_child=1 3 11 4 27 6 25 8 56 -6 15 45 -11 14 37 17 47 18 -9 33 43 22 -22 39 40 26 28 -1 -3 30 31 -14 -20 34 35 -15 46 -13 -19 -4 -18 42 -33 -8 -27 -2 -5 48 -17 -31 51 -51 -53 54 -28 -56 57 -7 -57 -44 -61 -52
right_child=2 5 23 36 9 7 20 10 -10 12 -12 13 29 19 -16 16 24 38 32 -21 21 -23 -24 -25 -26 44 53 -29 -30 49 -32 41 -34 -35 -36 -37 -38 -39 -40 -41 -42 -43 59 -45 -46 -47 -48 -49 -50 50 61 52 -54 -55 55 58 -58 -59 -60 60 -62 -63
leaf_value=0.019038008142832741 -0.17333021595042186 -0.033518649467300217 0.046975975936081528 0.12368723608588569 -0.28558972467636629 -0.09577970738937179 -0.033860488163581823 -0.09787450032850277 0.084595138973094161 -0.39515540716010272 0.13962458847015555 -0.013068211208100984 -0.062805190474575931 0.15681065411749018 -0.016113796258405144 -0.20574565172303247 0.040552560612652652 -0.010914106806484613 0.017376933335521198 0.059839356727862808 -0.1868548036327736 -0.061144412172297082 -0.74951722508265561 0.19366241930458905 -0.3239460465239587 -0.026115103898812466 0.084339834543171704 0.28560368763376703 -0.26872888047651661 -0.16414112244797366 -0.073059472178889834 -0.091060519506262538 0.11311592010638694 0.029673543768663185 -0.067318187594240672 0.0011353226311721699 0.15578517299157327 0.13129540742004855 -0.10060833037561723 -0.17834570864189503 -0.15237152232928355 0.24575455555374637 0.12678947936726789 -0.077794772796311543 -0.17602118308336034 0.021066044533470416 0.028519857890327533 -0.082187031315080802 0.036202446010778475 -0.12989541612165517 -0.18473754544775453 0.043030368778310395 0.34143662133373198 0.057104878486092553 -0.097784391537402218 0.063380932327790934 0.084328363024269062 0.0045287570168746826 -0.21335279571024376 0.12424207667792987 -0.087882009842086883 -0.053283580181593251
leaf_weight=16346.5 710.25 845.5 22240 1131.75 260.75 1261.5 41322.5 693.25 3605.25 95 614.75 833 1910.75 579 19170 182 2872 7330.5 3512.25 8161.5 781.25 2930.75 64.5 583.25 105 1685.75 858.75 169.75 271.5 808.5 2154.75 391.5 1859 20906.25 2892.75 8896.5 782 1282.5 1573 202.25 303 324 1625.5 5771.25 576.5 395 14132.25 7444.5 1280 676 675.75 882.75 211.5 5309.25 1432.25 979 1019.5 3808.75 134.25 320.5 487.75 2191
leaf_count=21046 1146 1072 30370 1434 362 1935 57152 718 8505 149 644 3332 3284 675 26589 182 2872 8304 3513 9096 1640 5213 81 590 105 1691 2082 172 369 837 3192 855 1859 23712 2895 11382 938 4569 1573 206 303 324 2590 7893 578 395 18195 8136 1346 931 1341 1524 267 8019 1817 1633 1672 13012 288 385 574 3724
internal_value=-0.000163471 -0.0130734 0.0215389 0.0115526 -0.00470342 -0.0242498 -0.0350361 -0.00612117 0.029653 -0.0383487 -0.0186124 0.0117342 -0.0332499 0.0137759 -0.00710261 -0.0222051 -0.0465669 -0.00233361 0.0335496 0.0245011 -0.0437163 -0.0993871 -0.231442 0.0487136 0.010785 0.00147924 0.0166602 0.0218124 -0.0937756 -0.0301357 -0.00411219 0.025264 0.0505436 0.0158301 -0.00757007 0.0106798 0.0414686 0.0744883 -0.0267805 0.0449293 0.0220544 0.0787069 0.0593867 -0.0392478 -0.0644417 -0.103936 0.0355919 -0.0677388 0.00583766 -0.064654 -0.0472425 0.0129207 0.101232 0.0308363 -0.0101391 -0.0420569 -0.00288953 -0.0204548 0.0296789 0.0836462 -0.00320956 -0.0843799
internal_weight=232858 146006 86852.2 45578.2 29532.2 100427 62963 37464.2 9695 13016 27769.2 63826.8 12755.2 62721.5 21285.5 27154.5 12186.5 14968 6064.5 41436 50870.2 3776.5 845.75 23025.5 3280 12092.8 9830.5 16516.2 1117 12660.2 7214.75 5060 5371.25 33274.5 12368.2 9475.5 16046 2115.5 8903.5 22442.2 3175 3149.25 2825.25 47093.8 2262.25 1105.25 15264 8906.5 1462 5445.5 4637 1770.25 1094.25 8713.5 3404.25 2545.5 6089.75 5070.25 1113.25 2433.75 808.25 2866.75
internal_count=321288 206331 114957 62124 41557 144207 89528 54679 25124 20339 29555 83791 19977 82250 34490 28911 12944 15967 6090 47760 71979 6934 1721 31166 3280 17549 15280 21218 1441 19828 11204 8012 5372 38664 14952 12057 20567 7901 9877 30576 3175 4728 4404 65045 2269 1541 19629 9664 1528 8624 7787 2722 1791 13839 5820 3738 16619 14947 1921 3549 959 5065
cat_boundaries=0 1 2 3 4 5
cat_threshold=32 96 4 16 68
is_linear=0
shrinkage=0.04


Tree=74
num_leaves=63
num_cat=3
split_feature=1 21 21 24 25 19 25 25 23 25 23 20 22 23 24 21 17 19 20 15 21 20 21 17 24 21 22 22 19 21 21 25 15 15 1 22 22 1 6 25 25 19 22 25 23 28 12 18 19 29 21 29 25 19 25 25 25 18 25 22 23 23
split_gain=38304.8 23353.2 12285.8 23582.7 11903.2 11470.8 15646.2 21712.7 21020.1 16180.7 14899.4 14155.1 15302.8 13865.3 12282.6 12514.9 11192.8 11056.8 17802.3 14438.2 11258.4 10490.6 10300.6 10226.1 14232 10339.5 9863.82 9739.61 9404.88 9044.2 8941.73 12371.1 9864.87 8534.58 8443.14 8300.92 10182.8 8026.39 8018.78 7824.51 10852.5 11143.1 7767.15 7676.1 7590.38 7311.05 9303.06 8301.89 8056.05 9674.14 8462.71 7501.21 7073.61 10095 9832.56 16910.5 16024.5 10823.1 22256 16759.5 21737.7 16526
threshold=2.7549999952316289 73.465930938720717 62.269115447998054 0.3201736062765122 40.125000000000007 167.50000000000003 496.62500000000006 276.37500000000006 1.2481924295425417 677.12500000000011 1.2429965138435366 175.00000000000003 0.020898253656923774 1.0153971314430239 0.10661618411540986 66.512878417968764 1.5000000000000002 21.500000000000004 218.00000000000003 1.5000000000000002 66.512878417968764 179.00000000000003 78.926559448242202 4.5000000000000009 0.0281465407460928 68.347362518310561 0.058246744796633727 0.017273891717195514 49.500000000000007 89.870384216308608 61.583427429199226 56.375000000000007 2.5000000000000004 3.5000000000000004 3.5049999952316289 0.096611455082893385 0.12127390503883363 2.1750000715255742 188.25000000000003 89.500000000000014 97.625000000000014 190.50000000000003 0.09360570460557939 765.12500000000011 1.0845111012458803 0 2.5000000000000004 1.5000000000000002 79.500000000000014 1 66.233051300048842 2 15.125000000000002 128.50000000000003 82.375000000000014 73.125000000000014 118.62500000000001 1.5000000000000002 690.87500000000011 0.11184507980942728 1.1373143792152407 1.0668813586235049
decision_type=10 10 8 10 2 8 2 2 10 2 10 2 8 8 8 10 10 10 2 2 8 2 8 10 10 8 10 10 10 10 10 2 2 2 8 10 10 8 2 2 2 10 10 2 8 9 10 10 10 9 10 9 2 10 2 2 2 10 2 10 10 10
left_child=1 2 28 5 26 11 7 38 27 10 -8 13 -13 -4 45 -16 -5 18 20 44 -14 -22 34 24 33 35 -3 -9 -1 -6 -30 -32 -33 -21 -2 -25 -37 -29 39 -7 -41 -42 -35 52 -19 46 47 -15 49 -49 -50 -47 53 -26 55 -54 -56 -58 59 60 61 -59
right_child=22 4 3 16 29 6 9 8 -10 -11 -12 12 17 14 15 -17 -18 19 -20 23 21 -23 -24 25 43 -27 -28 37 30 -31 31 32 -34 42 -36 36 -38 -39 -40 40 41 -43 -44 -45 -46 51 -48 48 50 -51 -52 -53 54 -55 56 -57 57 58 -60 -61 -62 -63
leaf_value=-0.11194296990510447 0.018629821268337479 0.033840714962790334 0.10705743410788021 0.081523343164072573 0.0056363978191519898 0.0029938129046025879 0.055279967743232447 0.0303233927225432 0.12474757239919379 -0.11340292316000222 -0.23452706974033605 -0.26302160620785453 -0.084706516504439847 0.052160983929530121 -0.035797090640369948 0.026235608939694042 0.46523363339220147 -0.048902007807069811 0.254467643730936 -0.064148496720391343 0.13254290900036655 0.0050498624572232276 0.081939384017499187 -0.052716607554131052 -0.39379366624677503 0.11974717691391261 0.14840315389496431 -0.16694321934057338 -0.014318653358670453 0.14455426920101633 0.095661331914307535 -0.47045450358235669 -0.12555925244180829 -0.30815223415430593 0.079964498250409244 0.20866187903423111 -0.02780001996886745 -0.0893021037708642 0.10099908679514068 -0.17475730240479684 -0.062338349011121327 0.030097467404072369 0.23107089555100541 -0.34159953747345856 0.32483431716185274 0.048342178824751988 -0.080401659265773515 -0.1455010638541151 0.15355478609506698 0.13115532303399716 -0.18537606871864065 -0.035213731810097258 0.026555585345225726 -0.046196237485649078 -0.09885607332806251 0.23524050052577561 -0.026709445476711707 -0.16670687248376687 -0.48179307683563233 0.14940023671591157 -0.09463510303993275 0.12378983884820817
leaf_weight=3356.25 44420.75 3659.25 1325.75 258 37895.5 8534 6420.25 787 679 1264.25 295 316 940.75 1878.25 9444 11584.25 230 116.25 704 1790.5 2053.75 2075.5 5378.25 1689.5 146 2167.75 1790.5 3254 7622.5 763 383.25 144 1507 427.25 3905.25 559.5 604.75 6200.5 829.5 982 7212 2934.25 46 102 337 2183.5 10741.5 316.25 134 516 901 7929 3672.5 1392.25 2480.75 746 6035 360 123 2128 1795 2337.25
leaf_count=4755 57509 5088 4196 258 44398 28154 6421 787 679 1265 295 316 1519 2479 15414 12452 230 213 1607 6652 4090 3496 5802 2309 146 4036 2722 3269 10789 763 750 144 1732 1373 4806 969 817 6247 1551 1417 7962 3265 184 102 649 2617 13446 590 134 1077 901 11682 7388 2449 2870 1175 6122 360 123 2146 1795 2362
internal_value=-0.000193505 -0.00907835 -0.0173347 -0.0133927 0.0161896 -0.0145095 -0.032253 -0.0449582 -0.0905083 0.0177604 0.0424816 -0.00599538 0.0132014 -0.0203649 -0.024072 -0.00162428 0.263547 0.0157226 0.0662693 0.00567393 0.0400452 0.068496 0.029436 0.00211636 -0.00892119 0.0539344 0.071522 -0.104802 -0.0542776 0.00838575 -0.0342158 -0.108681 -0.156179 -0.104234 0.0235896 0.00389034 0.0859918 -0.116055 -0.0206768 -0.0258201 -0.0479141 -0.0356049 -0.254971 0.00120865 0.229167 -0.0432588 -0.0614765 -0.00718617 -0.0668792 0.0257492 -0.141276 -0.0171525 0.00288921 -0.0796615 0.0093503 0.0618813 -0.00586654 0.0121983 0.0470184 0.0569871 0.0131618 0.0849197
internal_weight=232805 179101 134992 121980 44108.2 121492 39391.8 31412.2 10920.5 7979.5 6715.25 82099.8 35146.2 46953.5 45627.8 21028.2 488 34830.2 5774 29056.2 5070 4129.25 53704.2 28603 23581.5 5021.5 5449.75 10241.5 13013 38658.5 9656.75 2034.25 1651 2263.75 48326 2853.75 1164.25 9454.5 20491.8 19662.2 11128.2 10146.2 473.25 21317.8 453.25 24599.5 14487 3745.5 1867.25 832.25 1035 10112.5 21215.8 1538.25 19677.5 4418.5 15259 12778.2 6743.25 6620.25 4492.25 2697.25
internal_count=321314 253197 200226 182056 52971 181568 61312 53331 10982 7981 6716 120256 55268 64988 60792 27866 488 54952 10712 44240 9105 7586 68117 43378 35247 8131 7810 10303 18170 45161 13415 2626 1876 8209 62315 4095 1786 9516 42349 40798 12644 11227 1557 27038 862 32926 18627 5181 2702 1667 1035 14299 26936 2595 24341 8563 15778 12908 6786 6663 4517 2722
cat_boundaries=0 1 2 3
cat_threshold=16 4 192
is_linear=0
shrinkage=0.04


Tree=75
num_leaves=63
num_cat=8
split_feature=4 21 23 4 4 25 21 20 21 24 21 19 26 11 4 23 21 19 15 11 25 25 24 32 25 25 23 23 25 23 21 24 23 23 28 29 6 14 7 20 14 30 23 21 33 32 19 25 23 21 25 25 20 11 23 23 5 21 29 25 25 32
split_gain=37226.7 19535.7 16225.4 14018.9 12203.2 11103.4 12024.2 11720.8 11750.6 11051.4 10671.3 7952.05 7643.63 7360.84 7250.06 7123.28 7059.06 7019.45 8355.88 7514.63 6916.49 11829.6 15279.6 10113.2 9626.25 11133.9 9234.53 8521.49 6322.93 8146.38 8230.43 6221.39 6191.94 6688.3 6138.99 6118.68 6117.23 6190.44 7744.23 7801.52 15137.9 8565.56 6080.46 6007.03 5995.8 5954.97 7459.09 13451.3 6958.31 6829.98 6219.52 5877.9 10258.8 6622.33 6418.73 5836.18 5794.73 5766.97 8237.18 5687.5 5667.01 10252.8
threshold=2.6650000810623173 68.252796173095717 1.0013249516487124 1.0000000180025095e-35 2.2350000143051152 29.375000000000004 65.778343200683608 181.50000000000003 64.422271728515639 0.30805669724941259 65.668624877929702 23.000000000000004 1.5000000000000002 1.0000000180025095e-35 3.5049999952316289 1.0521262884140017 89.870384216308608 59.500000000000007 1.0000000180025095e-35 0.29809506237506872 496.62500000000006 298.37500000000006 0.11491150408983232 0 677.12500000000011 628.25000000000011 1.1662948131561282 1.2671241760253908 276.37500000000006 1.0949401855468752 66.798545837402358 0.11309601366519929 1.0912117362022402 1.0939428806304934 1 2 216.25000000000003 93.83499908447267 6.5000000000000009 159.00000000000003 86.399997711181655 3 1.1533122658729555 63.022916793823249 4 5 167.50000000000003 403.87500000000006 1.0013249516487124 81.547885894775405 132.62500000000003 63.125000000000007 175.00000000000003 0.50084745883941661 1.1428120136260989 1.1594945192337038 56.500000000000007 67.717876434326186 6 690.87500000000011 162.12500000000003 7
decision_type=2 10 10 2 2 2 8 2 10 10 8 10 2 8 2 10 10 10 2 8 2 2 10 1 2 2 10 10 2 10 10 10 10 10 9 9 2 10 2 2 10 9 10 10 9 1 8 2 10 10 2 2 2 10 10 10 2 10 9 2 2 1
left_child=1 5 -3 13 16 6 12 8 44 57 11 -2 -1 -4 45 17 51 18 -8 -20 21 23 26 27 25 55 -23 -9 29 32 56 -13 34 -34 -25 -17 37 38 39 40 41 -15 -37 -24 -7 48 59 49 -12 50 -48 52 54 -53 -5 -22 -31 -10 -59 -47 61 -41
right_child=10 2 3 4 -6 7 15 20 9 -11 14 31 -14 36 -16 35 -18 -19 19 -21 24 22 43 28 -26 -27 -28 -29 -30 30 -32 -33 33 -35 -36 42 -38 -39 -40 60 -42 -43 -44 -45 -46 46 47 -49 -50 -51 -52 53 -54 -55 -56 -57 -58 58 -60 -61 -62 -63
leaf_value=-0.11323006925247692 -0.1297847900758686 0.11739416012886959 0.05560631156270221 -0.044456782755351865 0.0046484284686172366 -0.1040036628524237 -0.3088059344784671 0.065210293631891306 0.018715270851874518 0.2159990856356814 0.11970132397145046 -0.064311657077888995 -0.53811809918682496 0.052588432684322617 0.10349170758788029 0.14409978075558319 0.16015371247915311 -0.037713273372308558 0.16136480315159613 -0.0024074134128030731 0.056975121310801013 -0.18067411741088524 -0.24759410102846466 0.10961274475803412 -0.15615508429655953 0.25781474920758185 -0.56162284629716785 0.52286587593661227 -0.23621533582030851 -0.045832109575230026 0.11000291945043839 0.025558053476621569 -0.46560285205206137 -0.12190811447496526 -0.10088319481027423 -0.11604495056072117 -0.26026893800452239 0.037287959537430547 0.024492970311025854 0.0034391495738946938 0.44671705107403903 -0.15686053637971689 0.0052897639469865832 -0.024368523868953967 -0.022693432023113497 0.071719724013461147 0.020913775483637341 0.085882530606239738 0.01185101610965188 0.17523032480635498 -0.04570288375014913 -0.036748622443701376 0.057085282412847604 -0.17451306506140743 0.064637810376022162 -0.11849926975355395 0.13729730981565824 0.23408417126327799 -0.061630426081547132 -0.077126033803514724 -0.13090768587056131 -0.24459882542852998
leaf_weight=3529.25 923.5 1877.25 7937.25 6388.75 41279.25 1575 94.25 594 16871.25 424 994.5 1813.25 67.25 1132.25 2230.5 180 316 4372.25 836.25 963.25 1063 1691.25 212 255.25 424.25 348 107 71.25 270 3917.5 759 3837 140.75 254 1612.25 2971.75 131 8683.75 5810 1877.75 126.75 417.75 849.25 1963 17338 11558 4899 3838 24281 329.75 4131.75 23639.75 3086.25 570 995.75 422 295.5 148.75 2532.5 424.25 1596.75 308.75
leaf_count=8507 1111 7509 9630 8506 51024 1878 377 1524 19653 424 3978 3155 86 1814 2514 264 316 17489 3345 3853 1063 1797 212 652 425 348 107 120 270 5554 1146 4629 212 254 3431 5500 131 10024 6746 2216 204 579 1081 1963 22324 15695 9135 3838 28121 347 4143 26564 7110 663 1037 422 405 223 3014 425 1599 407
internal_value=-0.000418104 -0.00977526 0.000904512 -0.00119431 -0.010083 -0.0266606 -0.0585477 -0.018363 -0.00694659 0.0144466 0.0269494 -0.0210988 -0.121472 0.0229995 0.0329451 -0.0364854 -0.0274587 -0.00985283 0.0544385 0.0737898 -0.049189 -0.0611399 -0.117738 -0.0335904 0.0150939 0.054861 -0.203945 0.115659 -0.0468497 -0.0397177 -0.0110705 -0.00329362 -0.10261 -0.246204 -0.0720218 -0.078167 0.010109 0.0119104 -0.00764599 -0.041843 0.0299499 -0.00465754 -0.0888541 -0.0463378 -0.0295423 0.0298224 0.0435897 0.0228403 0.016104 -0.00302026 -0.00956717 -0.0291775 -0.00413551 -0.0400067 -0.0297315 0.00701198 -0.0329265 0.0100538 -0.0444169 0.066437 -0.073663 -0.0317735
internal_weight=232588 173328 106175 104298 76275.8 67153 13863.5 53289.5 38889.5 19976.5 59260.5 6573.75 3596.5 28022 52686.8 10267 34996.5 6266 1893.75 1799.5 14400 12142.8 3973.25 8169.5 2257.25 1833 1798.25 665.25 7504.25 7234.25 4972 5650.25 2262.25 394.75 1867.5 4001 20084.8 19953.8 11270 5460 1676.75 1550 3821 2175 18913 50456.2 25180.8 13198.5 25275.5 9360.5 9030.75 34680.5 10470.8 24209.8 7384.5 1485 4213 19552.5 2681.25 11982.2 3783.25 2186.5
internal_count=321093 244002 136079 128570 95220 107923 40502 67421 47516 23314 77091 8895 8593 33350 68196 31909 44196 25064 7575 7198 19905 17647 4079 13568 2258 1833 1904 1644 11924 11654 7105 7784 4549 466 4083 6845 23720 23589 13565 6819 2597 2393 6581 2175 24202 65682 33583 17463 32099 13625 13278 43880 16653 27227 9543 1485 5959 22890 3237 16120 4222 2623
cat_boundaries=0 1 2 3 4 5 6 7 8
cat_threshold=16 4 32 12 68 8 32 4
is_linear=0
shrinkage=0.04


Tree=76
num_leaves=63
num_cat=6
split_feature=0 21 33 21 24 24 1 23 29 11 21 22 19 5 19 14 25 25 12 19 22 23 21 24 19 21 25 15 21 21 22 15 22 25 25 29 2 29 25 15 28 25 22 22 5 25 25 0 21 5 25 19 23 24 22 25 21 22 29 24 23 24
split_gain=33792.1 21723.8 14236.2 9867.9 16884.4 9094.51 8800.08 8545.91 9133.15 8195.09 7665.94 10651.1 11868.5 6905.77 8528.14 13334.5 9164.01 11623.5 12529.1 8994.25 13233.6 7087.22 6904.13 6903.52 6887.12 9675.59 11619.7 8259.49 6817.33 8293.06 6777.24 7198.37 6613.08 6375.61 12823.8 6359.97 6299.04 6282.37 6363.06 13264.5 7848.81 7861.71 11027.3 6280.41 11323.9 6175.6 6008.13 5918.61 5905.51 5895.83 5812.06 7259.07 6682.5 5780.08 5730.29 5585.63 5492.97 6990.99 6851.58 6012.02 7133.77 6545.94
threshold=2.8750000000000004 77.739685058593764 0 62.269115447998054 0.3201736062765122 0.36651812493801122 1.9550000429153445 1.0484992265701296 1 0.50084745883941661 68.744674682617202 0.073388416320085539 23.000000000000004 36.500000000000007 167.50000000000003 88.345001220703139 276.37500000000006 465.75000000000006 2.5000000000000004 9.5000000000000018 0.076873797923326506 1.0362150073051455 77.618881225585952 0.045012684538960464 49.500000000000007 61.583427429199226 56.375000000000007 2.5000000000000004 65.668624877929702 63.345434188842781 0.049267832189798362 4.2500000000000009 0.13584823906421664 423.75000000000006 431.12500000000006 2 -1.455000042915344 3 564.00000000000011 3.5000000000000004 4 213.25000000000003 0.023185245692729953 0.049720298498868949 58.500000000000007 496.62500000000006 661.25000000000011 3.5249999761581425 72.750854492187514 6.5000000000000009 42.125000000000007 55.000000000000007 1.1628997325897219 0.10337196663022043 0.096611455082893385 1.1250000000000002 84.929595947265639 0.024313225410878662 5 0.04166019335389138 1.0340689420700075 0.011484527960419657
decision_type=10 10 9 8 10 10 8 10 9 10 8 10 10 2 8 8 2 2 10 10 10 8 10 10 10 10 2 2 8 10 10 2 10 2 2 9 8 9 2 2 9 2 8 10 2 2 2 10 8 2 2 10 10 10 10 2 10 10 9 10 10 10
left_child=1 2 9 24 6 -6 -5 23 -9 36 11 -2 35 14 15 21 28 18 -18 22 -21 -8 -17 43 -4 32 -27 -28 29 -16 -19 -32 -26 -20 -35 -13 -1 38 40 54 41 42 -15 56 -45 48 -47 -12 -39 -23 -34 -52 -53 -51 -40 -22 58 -58 -3 60 61 -60
right_child=10 7 3 4 5 -7 13 8 -10 -11 47 12 -14 37 16 19 17 30 33 20 55 49 -24 -25 25 26 27 -29 -30 -31 31 -33 50 34 -36 -37 -38 45 39 -41 -42 -43 -44 44 -46 46 -48 -49 -50 53 51 52 -54 -55 -56 -57 57 -59 59 -61 -62 -63
leaf_value=0.035002785241465738 -0.061367795760164108 0.19650599434599592 -0.099785130866745606 -0.026428455407042761 0.34888223153110592 -0.086574913141774207 0.054003471638265792 0.10047191738814684 -0.012511849426283533 -0.30755959788361681 0.030938877476755257 0.016560385855378067 0.035770473943293253 -0.31936285057451042 0.021256399466319863 0.088732710701196746 -0.018244147162530096 0.099882712914992497 -0.13235414057461539 -0.033538028347398073 -0.1500524080749242 -0.049107977812811267 -0.3205963953183929 -0.30390603186108101 0.20062291467423407 0.097487662403685796 -0.48128295057395404 -0.12974606999944274 -0.0017880291761482956 -0.18100277595638964 -0.08754679310930491 0.13158385683964874 -0.12281826895049815 -0.57099248355627064 -0.14684230743713614 -0.14247427462176573 -0.075257644987530417 -0.029847295358121102 -0.086814999202838958 0.072864618759863053 0.021220833279814565 0.16749526758195341 0.065560105228457066 -0.35192326248476169 0.18792997692871094 0.068089211683565479 -0.086207162293662612 0.082482647392717642 0.02472592414841588 -0.026547213481704881 0.092990950538338807 0.10438294701441575 -0.038589580476184875 0.019519422360367755 -0.31733619068683711 0.04832325870705792 0.097138628577255026 -0.14179495478035123 -0.12925081906174535 0.14096780116883534 -0.057284920179324045 0.027721445956815721
leaf_weight=953.5 3255.25 286.25 2916.25 35455.25 318 100 2022.75 4358.25 1554.75 220 35080.5 673.5 10522 124 550.5 3551.5 1506.5 740 2249.25 6234.75 231.5 9555.75 65.25 107 234 353.5 114 1438 10242.75 786 1283.25 293 711.25 170 345 993.75 6290 11654 873 930.25 11173.25 1304 2173.75 184.25 91.75 2764 471 3967 4357.25 12658.25 1059 589.75 4506.5 6643.5 214 8385 2127.5 214 453 473.25 2904.5 6459.75
leaf_count=1180 4003 434 4267 47237 318 100 5400 4602 1581 310 45237 930 14032 124 1002 6418 1508 740 2250 8628 263 15804 81 107 234 733 114 1627 19218 1320 1284 293 1942 170 345 1278 7985 16991 873 931 16703 1304 4003 212 115 2764 471 4819 8000 19706 1059 1324 5678 7344 214 10659 2207 286 453 498 3143 8151
internal_value=-0.000817188 -0.00925377 -0.0141141 -0.0114505 -0.00846414 0.244771 -0.00922919 0.0309153 0.0709174 -0.0680027 0.0267444 0.00288796 0.020056 -0.0033399 -0.0108868 -0.00226064 -0.0343162 -0.0719766 -0.111093 0.0246246 0.0108438 -0.0183403 0.0811727 0.013124 -0.0463766 -0.0290631 -0.109047 -0.156159 -0.0128832 -0.0977796 0.000177157 -0.0466937 -0.00757286 -0.161642 -0.288536 -0.0790375 -0.0607367 0.010798 0.0286666 -0.0379248 0.0377822 0.0891159 0.0445243 0.0157413 -0.172371 -0.00480557 0.0455826 0.0361796 -0.0149942 -0.0234148 -0.0147254 -0.00219792 -0.0220084 -0.0106907 -0.132705 0.042959 0.019787 0.0751956 0.0075079 0.00201973 -0.00470287 0.0173993
internal_weight=232518 178026 158812 151348 139426 418 139008 19214.2 5913 7463.5 54492 15444.5 12189.2 103553 67514.5 49348.2 18166.2 6587 4270.75 18468 14851.2 30880.2 3616.75 13301.2 11922.2 9006 1905.5 1552 11579.2 1336.5 2316.25 1576.25 7100.5 2764.25 515 1667.25 7243.5 36038.5 16792.2 2017.25 14775 3601.75 2297.75 13194.2 276 19246.2 3235 39047.5 16011.2 28857.5 6866.5 6155.25 5096.25 19301.8 1087 8616.5 12918.2 2341.5 10576.8 10290.5 9817.25 6912.75
internal_count=321007 250708 228919 219444 202466 418 202048 21789 6183 9475 70299 20243 16240 154811 102433 74303 28130 6590 4273 26049 19550 48254 6499 15606 16978 12711 2474 1741 21540 2322 2317 1577 10237 2765 515 2208 9165 52378 24152 2018 22134 5431 4127 15499 327 28226 3235 50056 24991 42854 10003 8061 7002 27050 1087 10922 15172 2493 12679 12245 11747 8604
cat_boundaries=0 1 2 3 4 5 6
cat_threshold=68 88 168 96 4 32
is_linear=0
shrinkage=0.04


Tree=77
num_leaves=63
num_cat=3
split_feature=1 21 25 23 0 21 20 21 28 24 12 26 25 25 24 23 21 24 5 24 15 22 1 23 6 20 22 20 22 22 20 21 22 28 23 22 17 21 25 23 15 21 21 17 20 24 25 21 25 15 25 15 22 5 24 14 29 22 21 21 24 22
split_gain=30813.8 18602.5 13515.4 12065.9 11862 9354.02 7739.8 7676.13 7378.94 12248.6 7190.91 8909.35 7068.87 9918.59 11279.1 8640.01 14264 8693.19 8840.46 8151.07 7833.77 7954.57 7005.76 6899.69 6901.67 9501.55 7863.8 6897.36 10198.5 6412.99 6112.79 9192.47 7748.05 12728.8 12088.1 8551.41 8466.36 7529.98 12232.1 9272 6368.07 6168.48 6102.9 6093.91 9333.14 8457.65 7212.49 6870.18 6068.89 6037.28 5816.13 8968.46 16008.9 7875.38 6678.56 5661.55 5599.49 9763.54 9324.95 9254.44 11568.8 8441.8
threshold=2.7549999952316289 66.469604492187514 31.125000000000004 1.0013249516487124 2.2350000143051152 79.325862884521499 79.000000000000014 83.14151763916017 0 0.13076394051313403 2.5000000000000004 4.5000000000000009 690.87500000000011 465.75000000000006 0.16761939227581027 1.0484992265701296 73.233318328857436 0.10139193385839464 66.500000000000014 0.094128869473934187 3.5000000000000004 0.028922154568135742 3.2849999666213994 1.1712989211082461 101.25000000000001 159.00000000000003 0.12391588091850282 218.00000000000003 0.014692337252199652 0.16155823320150378 181.50000000000003 64.422271728515639 0.11774935945868494 1 1.2671241760253908 0.12612471729516986 3.5000000000000004 66.039329528808608 487.75000000000006 1.21013480424881 2.5000000000000004 61.407785415649421 60.628669738769538 3.5000000000000004 177.50000000000003 0.16018743067979815 457.12500000000006 65.880176544189467 618.00000000000011 2.5000000000000004 298.37500000000006 3.5000000000000004 0.10738126188516618 13.500000000000002 0.10242780297994615 94.33499908447267 2 0.22780887037515643 61.135782241821296 54.907316207885749 0.3201736062765122 0.18361064791679385
decision_type=10 8 2 8 8 10 2 10 9 10 10 2 2 2 10 8 10 10 2 10 2 10 10 10 2 2 10 2 10 10 2 10 10 9 10 10 10 10 2 10 2 10 10 8 2 10 2 10 2 2 2 2 10 2 10 10 9 10 10 10 10 10
left_child=1 2 6 -3 8 22 -1 12 9 23 11 -8 13 15 -15 20 17 19 50 -17 27 -22 -2 24 25 -5 49 -6 -29 -10 31 56 36 40 35 -35 -32 43 -39 -40 -34 42 -42 44 46 48 -33 -46 -45 -26 54 53 -53 55 -19 -52 57 58 -4 -58 61 -61
right_child=5 3 30 4 7 -7 10 -9 29 -11 -12 -13 -14 14 -16 16 -18 18 -20 -21 21 -23 -24 -25 26 -27 -28 28 -30 -31 32 37 33 34 -36 -37 -38 38 39 -41 41 -43 -44 45 47 -47 -48 -49 -50 -51 51 52 -54 -55 -56 -57 59 -59 -60 60 -62 -63
leaf_value=-0.2034207875427344 0.012676626370339837 0.080988954100079016 -0.20377659416949179 0.038753798531004219 -0.028734660479104952 0.079435630680458932 0.011596903515190387 0.064468364717644513 0.004152623131856349 0.045440523950624472 -0.11346584809788626 -0.58584443422643151 -0.055928032600205631 0.057232285585528987 -0.2524760855084256 -0.0093266023560701315 0.045771372527242338 0.19006480237035064 -0.21960014761285318 -0.086206859599504568 -0.034495933582885406 -0.18223249701292638 0.048145544781548567 -0.29493124233998225 -0.061512045242804465 -0.063117047199511361 -0.34367183879616503 -0.06549273855709406 0.088308057150560518 -0.17879246858807571 -0.18289552115459143 0.027045346403633569 -0.22962235905561185 0.38632025189688085 0.58038582090588353 0.022421723805370348 -0.053233687144431913 -0.071283166444364984 0.51413300548436547 0.0018996463749143813 -0.10629767671586322 -0.015465180004437971 -0.49742893843751551 -0.036992820072768433 0.10761780919078553 0.099619909289139608 -0.3236191301628486 0.41620946685085453 -0.36886828292290802 0.0084782828795775585 -0.31600501625134914 -0.34470613986334042 0.11268726537872066 0.079997752984096102 0.031182950169602944 -0.035907102749300882 -0.23671859373451196 0.037220257311033657 -0.025724588134896829 -0.022986403658747819 0.10474304731426232 -0.09879369729788369
leaf_weight=848.25 37032.5 2823.25 551 1622 9752.75 4853 1538.25 3531.75 19392 3086.25 2441.25 39 3006.25 7542 191 22569.5 13010.5 437.25 236.75 2443.75 1570 927 11732.5 165 2605.75 15001.5 111.25 1012 2156.75 309.5 1220.5 2887.25 304 113.75 75 966 2372 2349.25 102 124 659.25 3120 69 2142.5 1971.5 816.25 95 121 90 8085.25 140 332 192 1070 11760 622 405.5 4110.75 3166.25 5677.25 788.75 4011.25
leaf_count=1404 47975 11293 551 1982 13889 5177 4383 3627 26298 3180 5811 39 3028 7542 191 43157 14515 525 332 3043 1855 1656 14875 165 3580 21168 151 1012 3560 329 1738 3317 304 152 105 1734 2630 2764 102 124 984 4695 69 2609 2495 817 95 136 90 10879 140 332 192 1070 13176 622 656 4344 4007 7484 815 5896
internal_value=-0.000112614 -0.0080852 -0.0309532 -0.000809124 -0.00254829 0.0264848 -0.0937303 0.00679047 -0.0178419 -0.0301094 -0.0704845 -0.00389393 0.00420934 0.00659073 0.0495184 0.00172417 0.00941512 -0.00247016 0.0218382 -0.0168443 -0.0246173 -0.0894476 0.021212 -0.0385632 -0.0369991 -0.0531733 -0.0121029 -0.0120768 0.039176 0.00126039 -0.0229734 -0.0141815 -0.0520166 -0.0212927 0.0960679 0.0614086 -0.0973639 0.0153902 -0.0441864 0.235602 -0.0539634 -0.0399728 -0.144628 0.0342839 0.0611287 -0.0104083 0.0156628 0.125847 -0.0506937 -0.00858824 0.0257961 -0.0317183 -0.177305 0.010067 0.0369095 -0.0880717 -0.0310909 -0.00524398 -0.0522144 -0.0496271 -0.0423889 -0.054387
internal_weight=232499 178881 43175.8 135705 132882 53618 4866.75 82503.2 50378.5 30677 4018.5 1577.25 78971.5 75965.2 7733 68232.2 52813.8 39803.2 14790 25013.2 15418.5 2497 48765 27590.8 27425.8 16623.5 10802.2 12921.5 3168.75 19701.5 38309 29409.5 8899.5 5307 1154.75 1079.75 3592.5 10698.8 2575.25 226 4152.25 3848.25 728.25 8123.5 5074.75 3048.75 2982.25 2092.5 2232.5 10691 14553.2 2356 524 1832 12197.2 762 18710.8 7828 3717.25 10882.8 10477.2 9688.5
internal_count=320866 252839 60350 192489 181196 68027 11637 113464 67732 41105 10233 4422 109837 106809 7733 99076 77104 62589 16389 46200 21972 3511 62850 37925 37760 23150 14610 18461 4572 26627 48713 36302 12411 8043 1991 1886 4368 12549 2990 226 6052 5748 1053 9559 6043 3516 3412 2631 2699 14459 16057 2356 524 1832 13701 762 23753 8902 4558 14851 14195 13380
cat_boundaries=0 1 2 3
cat_threshold=16 16 16
is_linear=0
shrinkage=0.04


Tree=78
num_leaves=63
num_cat=4
split_feature=4 4 5 14 11 25 7 15 4 7 19 20 33 19 19 25 25 20 23 20 19 29 25 15 22 25 22 23 5 25 22 22 24 8 11 24 25 20 23 17 22 19 23 24 23 12 18 29 19 19 14 25 14 22 30 25 25 24 0 23 14 25
split_gain=29765.9 20774.4 11974.2 10542.5 13226.3 10403 10882.4 10705.1 9794.31 9255.54 12139.3 9136.03 9127.96 13690.9 16801 9038.38 9778.64 13284.3 9656.11 8923.04 9352.29 8756.17 8620.93 9967.17 9580.91 8401.87 8465.41 8272.5 8048.44 9296.04 8405.7 7655.08 7497.92 7444.51 7323.78 7332.05 7084.59 7043.38 7672.35 8675.92 6923.27 6777.36 6387.01 8127.6 6918.56 6384.32 6373.11 5983.04 5969.03 8330.04 15296.3 7760.45 8792.83 7973.37 7106.2 6294.94 5830.98 5788.72 5758.06 5554.09 5400.13 5555.84
threshold=2.4550000429153447 1.0000000180025095e-35 34.500000000000007 91.979999542236342 0.71984010934829723 279.37500000000006 43.500000000000007 3.5000000000000004 3.1350001096725468 26.500000000000004 9.5000000000000018 177.50000000000003 0 59.500000000000007 145.50000000000003 82.375000000000014 174.62500000000003 179.00000000000003 1.0280442237854006 79.000000000000014 49.500000000000007 1 313.62500000000006 3.5000000000000004 0.020587688311934475 541.62500000000011 0.019503099843859676 1.0574034452438357 20.500000000000004 137.62500000000003 0.1857978627085686 0.084876112639904036 0.080905284732580199 14.500000000000002 0.40153984725475317 0.3201736062765122 690.87500000000011 175.00000000000003 1.0380845069885256 4.5000000000000009 0.011355254333466293 10.500000000000002 1.0764702558517458 0.058954022824764259 1.118048429489136 2.5000000000000004 1.5000000000000002 2 36.000000000000007 52.500000000000007 78.434997558593764 118.62500000000001 71.965000152587905 0.17265895754098895 3 40.125000000000007 102.62500000000001 0.10630202665925027 3.5049999952316289 1.2671241760253908 87.689998626708999 88.125000000000014
decision_type=2 2 2 8 8 2 2 2 2 2 8 2 9 8 10 2 2 2 10 2 10 9 2 2 10 2 10 10 2 2 10 10 8 2 10 10 2 2 10 10 10 10 10 10 10 10 8 9 8 10 10 2 10 8 9 2 2 10 10 10 10 2
left_child=1 3 5 4 -1 6 12 34 9 10 -2 -5 13 19 28 37 18 31 40 20 -3 -14 -12 -24 -25 26 -9 -26 29 46 -31 42 -6 48 35 -7 -33 -4 39 -39 -17 -13 43 -18 -44 56 -15 -11 -34 50 54 53 -53 55 59 -51 -21 -46 -43 -50 61 -55
right_child=8 2 15 11 32 7 -8 25 -10 47 22 41 21 14 -16 16 17 -19 -20 45 -22 -23 23 24 27 -27 -28 -29 -30 30 -32 36 33 -35 -36 -37 -38 38 -40 -41 -42 58 44 -45 57 -47 -48 -49 49 51 -52 52 -54 60 -56 -57 -58 -59 -60 -61 -62 -63
leaf_value=0.018009595349885898 0.054309388532702681 -0.20650571091438896 -0.019229768890759728 0.10863594406947831 -0.1062528094287033 -0.040573740415948446 -0.079038560850056228 0.011384138095916974 0.045910754817728591 0.038891426161322074 -0.0050867671460586529 0.081044031917495374 0.04230726693110911 -0.088222854999522107 -0.012344552681159962 -0.27597247437139355 0.046868840067691528 -0.028737737558262758 -0.067612025872895137 0.080909905895921577 0.0099193773125954929 -0.052047975378847075 -0.020908835083233334 0.089775322816218708 -0.36953700939757411 -0.030968275951181724 -0.22574969870063361 -0.13222691335139503 -0.036090650638577471 0.06172066895402243 -0.27258962433867984 0.0090018275602054762 -0.087286269681288206 -0.37558525083692451 -0.17904649843415477 0.22863139813164451 -0.24879540114483589 -0.044144292312078427 0.091015207958292696 0.074113074752249833 0.10531063793982831 0.0087825801963817996 0.15302073477312095 -0.21136716998563157 -0.1919285908864197 -0.0080721330544752511 -0.17470496248074047 0.0083976455424265069 0.045222156509630226 -0.13656259409240837 0.2886391635915504 0.25896095423838672 -0.12448879626347077 -0.14301169212341705 -0.067710167766111246 0.14948011154382246 -0.028951445372394038 0.074007378340805646 0.14209944350560208 0.30220158007144926 0.11222110782311416 0.15091021307941263
leaf_weight=13640.5 4557.25 662.25 3775.5 2180.25 2282 6551.25 5431.5 286 16467.25 20847 19753 2713.75 6248 2599.25 8999.25 82 1602 12904.25 7629 2872.5 615 2091.5 3031.25 247 290.75 780.75 1516 1221 3129.25 730.25 142 4686 1620 93 605 164 175 2170.75 3496.25 1825.5 825.25 16449 1870 220 177 10919.5 2885.5 20369.25 820.5 145.25 384.75 100 1577 750.5 908.25 757.5 1056 486 533.25 159.25 235.75 117.5
leaf_count=17389 6706 873 4962 2898 3515 6561 9171 286 20353 27198 27364 4036 8420 3890 14886 82 1602 13049 9177 5823 615 3296 3035 247 293 783 1516 1221 4984 761 142 4686 2955 129 605 164 175 8329 8660 6993 1228 21000 1870 220 177 14167 4306 28446 1611 431 519 100 1577 1952 1386 894 1074 486 630 160 667 119
internal_value=-0.00040021 -0.0114478 -0.0216225 0.0109766 -0.00757051 -0.0333492 -0.0257015 -0.0706993 0.0181443 0.0116405 -0.00563015 0.0309774 -0.0189529 -0.0279998 -0.0515028 -0.00531868 -0.0165786 -0.00254293 -0.0529395 -0.00107061 -0.102437 0.0186018 -0.0167638 -0.0648938 -0.140589 -0.140691 -0.188138 -0.178301 -0.0886394 -0.114486 0.00678759 0.0341325 -0.0426314 -0.0236769 -0.045972 -0.0339319 -0.000375945 0.0253126 0.0477578 0.00988411 0.0703091 0.0223704 0.0726347 0.0154858 0.113694 0.00766122 -0.133769 0.0238341 -0.0192581 -0.000731138 0.0594589 -0.0378832 -0.101338 0.0151951 0.0124947 0.103248 0.0513769 0.00263516 0.0129855 0.0866481 -0.0568718 -0.102959
internal_weight=232461 145677 100209 45468 23591.8 58284.8 48381.8 9903 86783.8 70316.5 29100.2 21876.2 42950.2 34610.8 18485.5 41924.5 30656.5 22120.2 8536.25 16125.2 1277.25 8339.5 24543 4790 1758.75 2582.75 1802 1511.75 9486.25 6357 872.25 9216 9951.25 7669.25 7320.25 6715.25 4861 11268 7492.5 3996.25 907.25 19696 4355 1822 2533 14848 5484.75 41216.2 7576.25 5956.25 2272.75 3683.5 1677 2006.5 1888 902.75 3928.5 663 16982.2 979.75 1103.75 868
internal_count=320850 205987 144019 61968 33404 82323 72408 9915 114863 94510 38866 28564 63237 51521 28969 61696 32752 22265 10487 22552 1488 11716 32160 4796 1761 2585 1802 1514 14083 9099 903 9216 16015 12500 7330 6725 4861 28944 23982 15322 1310 25666 4355 1822 2533 21064 8196 55644 12371 9416 3676 5740 1677 4063 3157 1325 6897 663 21630 1771 2738 2071
cat_boundaries=0 1 2 3 4
cat_threshold=69 48 104 8
is_linear=0
shrinkage=0.04


Tree=79
num_leaves=63
num_cat=6
split_feature=21 1 22 25 21 20 17 0 23 23 22 23 23 32 25 14 21 25 7 22 25 19 21 21 32 15 25 0 28 6 20 15 23 23 20 25 6 25 23 19 6 19 14 25 23 21 23 23 22 23 25 32 32 21 19 21 17 22 29 22 21 12
split_gain=30060.6 21002.3 15476.9 13078.2 14124.3 13511.7 16488.2 14079.3 13435.2 11844.5 11769.8 14281.7 11431.5 10694.8 10520.1 9922.91 9133.99 11718.9 9898.05 8918 9915.75 8775.36 8985.47 10971.9 10420 8581.23 8296.92 8260.39 8149.34 10018.4 9479.71 8923.02 8912.6 9204.94 8828.86 8598.36 11537.1 8027.87 7816.31 7793.79 7714.69 7421.4 7358.33 7303.44 7181.95 6839.37 9014.49 11435.5 6726.18 6681.86 7443.96 13696.9 6675.5 6633.77 6586.97 6547.45 6463.53 6037.69 5956.82 9863.38 10004.5 8239.63
threshold=68.252796173095717 2.5149999856948857 0.072171278297901167 31.125000000000004 64.422271728515639 181.50000000000003 3.5000000000000004 2.9250000715255742 1.0474960803985598 1.0013249516487124 0.096088465303182616 1.1092929840087893 1.1699437499046328 0 409.25000000000006 89.845001220703139 82.205451965332045 84.125000000000014 17.500000000000004 0.031053040176630024 353.87500000000006 49.500000000000007 61.135782241821296 64.320678710937514 1 1.0000000180025095e-35 117.62500000000001 3.2649999856948857 2 90.250000000000014 159.00000000000003 2.5000000000000004 1.1496215462684634 1.1520796418190005 171.50000000000003 72.375000000000014 197.25000000000003 375.00000000000006 1.1644505858421328 59.500000000000007 124.25000000000001 9.5000000000000018 98.215000152587905 358.00000000000006 1.0368346571922304 70.499790191650405 1.2043316364288332 1.1533122658729555 0.011355254333466293 1.1218423247337344 306.37500000000006 3 4 84.929595947265639 5.0000000000000009 73.543998718261733 4.5000000000000009 0.073388416320085539 5 0.030162448994815353 72.887008666992202 9.5000000000000018
decision_type=10 8 8 2 10 2 10 8 10 10 10 10 10 1 2 10 10 2 2 10 2 8 10 10 1 2 2 10 9 2 2 2 10 10 2 2 2 2 10 10 2 10 8 2 10 10 10 10 10 10 2 1 1 10 8 10 8 10 9 10 10 8
left_child=2 28 12 8 21 15 7 -7 25 -3 11 -8 38 27 37 57 17 -15 42 20 -20 22 -5 24 -24 -4 -26 54 29 30 55 -31 34 -34 -30 56 43 -12 -1 40 -27 -25 -19 48 -38 -33 47 -47 -37 -32 51 -51 -22 58 -11 -2 -36 -6 59 60 -50 -60
right_child=1 9 3 4 5 6 10 -9 -10 13 14 -13 -14 16 -16 -17 -18 18 19 -21 52 -23 23 41 26 39 -28 -29 32 31 49 45 33 -35 35 36 44 -39 -40 -41 -42 -43 -44 -45 -46 46 -48 -49 53 50 -52 -53 -54 -55 -56 -57 -58 -59 61 -61 -62 -63
leaf_value=-0.072646604932382938 -0.0035249359199362507 0.13455761776905098 -0.31112765568574935 -0.12520672875690972 0.25400373021949674 -0.099032685843040993 0.11264066621997518 0.017574390394996382 -0.081975748504192938 0.091909647376974504 0.09110980349612359 -0.12102878257398042 0.13826474480828851 0.059992102679033571 0.25720823623730416 0.079388546039940708 0.10259636221233497 -0.029019418910001375 -0.039030189949016802 0.06599713819680951 0.10931734829869415 -0.012953817153580745 -0.18113047853522024 -0.036423387351895681 -0.051628915538165419 0.035637699798967887 0.090925309757158207 0.050146383994906743 -0.014971961363577684 -0.0430850169807925 -0.061807764377255527 -0.01579408038135487 -0.33814502266196506 -0.039198778146013219 0.054854201332037611 -0.10772314359072142 -0.42448591647720335 -0.25499671308650934 -0.39780815693338711 -0.027978449252290604 0.29642070927957315 -0.42400230716705323 0.041696714890873718 0.073435922645883209 -0.079496796400164119 0.041880177888607512 0.44714057426951648 -0.28744331135029016 -0.29110002723874856 -0.079490734056704551 -0.084405428820383668 0.095663177045303027 -0.020085806090490741 0.20440991248501583 -0.0048581921301328644 0.15003982348055231 0.17301727660596783 0.013458524671116199 0.025698591157288644 0.10416598687455278 0.011789569484498635 -0.10234904082632168
leaf_weight=8918 1516 1517.75 146.75 2529.5 167 4511.5 731.25 2616.5 7943 1165.25 824.5 973 411 14055.75 630 5582.75 3008 9325 3789 7916.75 1706 20679.5 445.25 145 1173.25 2104.5 1469 5868 8133.75 5180 13194.5 5889.25 175.25 2362.75 2331.25 745 123 121.25 118 6207 196.75 173 3147.25 3930 430.75 8858 84 170 208.25 1144 1306 1894.75 1017 292.5 31459 626.25 1086 13883.75 1936.75 1988.5 1024.5 1372
leaf_count=11756 1777 6071 587 3086 167 6295 1005 3335 13838 1244 1039 973 411 22113 630 6617 3056 9475 4062 8141 1706 27431 668 145 1732 8418 1469 6498 10062 7127 17918 7915 206 2449 4681 745 123 251 118 24828 787 173 3235 3930 436 10970 84 170 233 1165 1306 1942 1017 321 38320 657 2817 16190 2215 2188 1158 1669
internal_value=-4.67162e-05 0.0106296 -0.019408 -0.0131927 -0.00404405 0.0147537 -0.0220873 -0.0562353 -0.0444163 0.0238998 0.0521085 -0.020748 -0.0675882 0.0218597 0.130838 0.0342843 0.0353386 0.030394 0.0149254 0.0374818 0.00280429 -0.0252621 -0.068128 -0.0256807 -0.00256882 -0.00993485 0.0276321 0.00646323 -0.00625414 -0.0176357 -0.03794 0.00216728 0.0111019 -0.0600943 0.0187626 0.0365012 0.0206123 0.0462843 -0.0769808 -0.00466705 0.0581754 -0.248633 -0.0111704 0.029212 -0.157393 0.0177973 0.0395076 0.0356157 0.00623102 -0.0476422 -0.00461254 0.0297113 0.061005 0.0187036 -0.00139624 0.0414614 0.0924879 0.0163538 0.010324 0.0489417 -0.0397601 -0.0273421
internal_weight=232679 149978 82701 73254 56656 30041.5 10408 7128 16598 83974.8 3280 1704.25 9447 82457 1575.75 19633.5 43964.8 40956.8 26901 14428.8 6512 26614.5 5935 3405.5 3087.5 8655 2642.25 38492.2 66003 39862.8 19681.5 20181.2 26140.2 2538 23602.2 15468.5 12051.2 945.75 9036 8508.25 2301.25 318 12472.2 11497.5 553.75 15001.2 9112 9028 7567.5 17539.2 4344.75 3038.75 2723 6822.5 32624.2 2142.25 3417.25 14050.8 6530 3221.25 1232.75 3308.75
internal_count=321151 189202 131949 119664 71206 36502 13528 9630 48458 104938 3898 1978 12285 98867 1920 22974 52805 49749 27636 14926 6785 34704 7273 4187 3869 34620 3201 46062 84264 51031 24765 26266 33233 2655 30578 20516 13018 1290 11874 34033 9205 318 12710 12459 559 19139 11224 11140 8529 22331 4413 3107 2723 7784 39564 2434 7498 16357 7463 3579 1391 3884
cat_boundaries=0 1 2 3 4 5 6
cat_threshold=8 16 16 8 4 100
is_linear=0
shrinkage=0.04


Tree=80
num_leaves=63
num_cat=6
split_feature=1 21 25 11 32 21 23 22 24 21 21 19 21 32 23 23 21 25 29 25 25 21 20 25 15 24 23 18 22 23 21 22 15 24 17 25 25 22 24 24 22 23 15 29 20 25 23 20 7 26 8 15 25 25 24 15 19 33 20 28 22 21
split_gain=27966.1 17139.2 12107.3 10551.6 9236.02 8148.23 8561.24 8269.72 7308 14727.3 9505.23 10661.7 13917.3 8387.79 8257.24 8744.09 8701.9 7716.94 7270.24 7171.41 8078.66 7024.45 6707.96 17089.9 12068.3 7423.71 9441.26 7959.08 7405.24 29620.9 7020.86 6978.69 6456.79 14425.6 8410.17 9422.46 8677.43 8092.24 7394.16 11678.1 6903.9 6449.67 9325.93 6364.54 6360.09 6251.34 6207.09 6203.62 10933 8200.96 8303.86 6827.17 6159.86 6020.33 5832.17 5794.85 5791.76 5722.85 5617.51 6660.68 5594.26 5556.15
threshold=2.7549999952316289 66.469604492187514 31.125000000000004 0.23540768027305606 0 83.14151763916017 1.0013249516487124 0.056795187294483192 0.10043824836611749 69.220321655273452 66.595855712890639 170.50000000000003 70.697650909423842 1 1.1079552769660952 1.1163005232810976 75.92813873291017 628.25000000000011 2 358.00000000000006 477.62500000000006 69.096069335937514 218.00000000000003 156.12500000000003 3.5000000000000004 0.034825121983885772 1.0243858098983767 1.5000000000000002 0.039901101961731918 1.0668813586235049 75.113819122314467 0.062635455280542388 2.5000000000000004 0.11067965626716615 2.5000000000000004 713.87500000000011 353.87500000000006 0.083829231560230269 0.11067965626716615 0.11121132597327234 0.083397001028060927 1.0368346571922304 2.5000000000000004 3 218.00000000000003 578.75000000000011 1.1482241153717043 79.000000000000014 28.500000000000004 4.5000000000000009 32.500000000000007 3.5000000000000004 415.37500000000006 94.875000000000014 0.3201736062765122 15.000000000000002 128.50000000000003 4 175.00000000000003 5 0.13181531429290774 70.36801910400392
decision_type=10 8 2 10 1 10 8 10 10 8 8 8 10 1 10 10 10 2 9 2 2 10 2 2 2 10 10 10 10 10 8 10 2 10 10 2 2 10 10 10 10 10 2 9 2 2 10 2 2 2 2 2 2 2 10 2 10 9 2 9 10 10
left_child=1 2 47 5 54 6 -3 18 9 21 17 14 13 -13 -12 52 32 -10 41 -15 -21 43 -11 24 30 26 27 -26 55 -30 -24 -27 33 -17 -35 36 37 40 -34 -40 -36 42 -7 -8 58 56 -47 48 -1 50 51 -49 -16 -28 -2 -25 -38 -4 -45 -60 -39 -6
right_child=4 3 57 -5 61 7 8 -9 10 22 11 12 -14 19 15 16 -18 -19 -20 20 -22 -23 23 28 25 31 53 -29 29 -31 -32 -33 38 34 35 -37 45 60 39 -41 -42 -43 -44 44 -46 46 -48 49 -50 -51 -52 -53 -54 -55 -56 -57 -58 -59 59 -61 -62 -63
leaf_value=-0.14323885853795726 0.0060506937664879792 0.078690237116505066 -0.077426591473594999 -0.028226943994529609 0.020634419886448069 0.12295238282002448 -0.0031331618257006504 -0.29411244628114519 0.10509259014860879 -0.0049155774989891902 -0.27878497938165026 0.072169395937597483 -0.22325877402827293 0.029738826713581922 0.10024141782235953 0.109221529607855 0.28249292254954578 0.47001099839779215 0.027466157996702302 -0.42795904330835272 -0.09538878214705393 -0.15928726218233044 0.21463615429932126 0.010248199716304269 -0.09341446470681182 0.14740929198489336 -0.12140270669211678 0.14159151028342412 -0.34091797719212996 0.041419209332498118 0.089212993145191682 -0.060394462190426941 -0.021227119127943145 -0.083671872105206518 -0.059905429318511429 -0.27389271394036163 -0.0075557920058568319 0.15637398054971166 0.26664963960479687 0.039189754690167083 -0.38024012822688441 0.2140385933073996 -0.2265151402063908 -0.092671429004618805 -0.33648432659602351 0.2629949753820896 -0.055968285035265949 -0.019702696191277475 -0.65859157205617957 -0.61796762526312532 -0.10742241616438802 0.24206036430663078 0.38664661047799243 -0.48242607257149439 0.28414439136072533 -0.28104762582198989 0.29824909363454088 -0.017885772419761647 0.070877216483518815 -0.05112118752486567 -0.21723118682759152 0.056217211613145815
leaf_weight=780 24976.75 2251.75 2776.5 19323.75 12480.75 575.75 5358.75 104 637 54105.75 142 1061 629.25 596.75 871.25 1213 198 107 3071 139 696 791 980.25 7000 536.5 802 231.75 401.25 501 911 2641.5 379.75 3313.25 3275.75 414 162 133 346.25 370.75 11698.25 144 794 153 3463.5 129 128 390 1321.75 70.25 41 2470 179.25 138 108 119.25 109 385 35604.5 925.25 3142.25 76.75 16062
leaf_count=1326 33811 9007 3339 29286 15606 743 7551 104 697 78387 328 1061 651 599 1073 1447 198 107 3077 139 696 1376 1941 7000 1915 1483 474 1068 501 911 5298 610 3608 3542 414 162 133 476 391 12371 144 794 153 5214 204 128 390 3706 77 41 5917 591 138 108 135 109 385 45503 1577 4589 118 18564
internal_value=-0.000241622 -0.00782233 -0.0297581 -0.000849995 0.0250978 0.0036823 0.00151771 0.0552801 -6.6501e-05 -0.00599892 0.0178866 0.0139243 -0.0554845 -0.0129846 0.0231893 0.0250572 0.0198261 0.158704 0.0633165 -0.0761063 -0.151651 -0.0436886 0.00157735 0.025634 0.0768474 0.00844523 -0.0583507 0.0072201 -0.010923 -0.0945248 0.123262 0.0806365 0.0174417 -0.0154307 -0.0431816 0.0177058 0.0413783 -0.0438387 0.0316915 0.0462208 -0.143649 0.13442 0.0491521 -0.0366409 -0.0599918 0.122008 0.0235419 -0.0892119 -0.187274 -0.068345 -0.06236 0.0118323 0.140098 -0.23834 0.00739498 0.00570294 0.219989 -0.0222218 -0.0552462 -0.0233466 0.0878642 0.0406609
internal_weight=232938 179299 43243.2 136056 53638.8 116732 112034 4697.75 109783 82517.5 27265.2 26521.2 3122 2492.75 23399.2 23257.2 22248 744 4593.75 1431.75 835 13809.8 68707.8 14602 6081 2459.25 1277.5 937.75 8521 1412 3621.75 1181.75 22050 6667.75 5454.75 2179 2017 981 15382.2 12069 558 1522.75 728.75 13018.8 7660 1036 518 4862.25 850.25 4012 3971 1501 1009.25 339.75 25096 7109 518 38381 7531 4067.5 423 28542.8
internal_count=321492 253376 60500 192876 68116 163590 158719 4871 149712 120316 29396 28592 3146 2495 25446 25118 23907 804 4767 1434 835 20511 99805 21418 12897 5658 3565 2983 8521 1412 7239 2093 23709 7339 5892 2350 2188 1152 16370 12762 558 1690 896 19135 11584 1036 518 11658 1403 10255 10214 4297 1211 582 33946 7109 518 48842 11380 6166 594 34170
cat_boundaries=0 1 2 3 4 5 6
cat_threshold=8 4 16 96 68 4
is_linear=0
shrinkage=0.04


Tree=81
num_leaves=63
num_cat=5
split_feature=4 21 23 32 24 21 25 20 23 24 23 21 6 21 25 15 20 22 32 0 6 15 29 22 24 21 29 25 24 25 25 32 5 25 22 22 21 24 25 21 25 23 22 23 12 22 24 25 23 25 1 24 24 22 7 22 21 22 19 6 24 24
split_gain=26448.9 14447.2 13682 10511.8 13097.1 10837.9 11242.4 12466.6 12517.2 9863.14 17994.8 13174.5 11198.1 9884.69 9642.92 9366.59 14426.1 8969.42 8807.56 8711.88 9303.23 8677.43 9094.95 10150.1 8525.11 8419.99 8302.08 8031.32 8395.38 7804.28 14021 12087.6 14371.8 10871.4 9898.58 8541.97 8096.21 9346.96 7653.6 7497.54 7542.26 7405.36 11318 8955.34 8406.24 8374.73 8065.38 7643.73 9096.33 9331.98 7840.91 7229.83 6964.68 7424.7 6889.63 6876.13 6567.27 7951.97 10201.6 8110.34 6558.73 6433.2
threshold=2.7649999856948857 68.252796173095717 1.0013249516487124 0 0.011484527960419657 79.325862884521499 84.125000000000014 171.50000000000003 1.1428120136260989 0.11999874189496042 1.1789435744285586 66.347663879394545 159.25000000000003 66.595855712890639 29.375000000000004 2.5000000000000004 141.00000000000003 0.058820031583309181 1 2.3249999284744267 224.50000000000003 2.5000000000000004 2 0.095373723655939116 0.15303881466388705 77.250598907470717 3 48.375000000000007 0.046185640618205077 403.87500000000006 276.37500000000006 4 26.500000000000004 496.62500000000006 0.11698624119162561 0.0059330721851438293 77.739685058593764 0.04166019335389138 65.125000000000014 67.284290313720717 128.12500000000003 1.074293911457062 0.092618513852357878 1.0298770666122439 5.5000000000000009 0.10995427891612054 0.0281465407460928 110.62500000000001 1.1222091317176821 92.875000000000014 1.1250000000000002 0.16761939227581027 0.19607750326395038 0.1468901410698891 36.500000000000007 0.070410095155239119 69.260829925537124 0.07381992414593698 23.000000000000004 94.500000000000014 0.096784874796867384 0.13450220227241519
decision_type=2 10 10 1 10 10 2 2 10 8 10 10 2 10 2 2 2 10 1 10 2 2 9 10 10 10 9 2 10 2 2 1 2 2 10 10 10 10 2 10 2 10 10 10 8 10 10 2 10 2 10 10 10 10 2 10 8 10 10 2 10 10
left_child=1 9 -3 19 -5 6 7 8 15 10 14 12 -11 -13 60 25 27 -16 38 51 -21 24 -23 55 39 -6 -7 -17 -29 30 36 32 -31 -33 -34 -32 41 54 -18 -15 -41 43 47 44 -8 -44 -45 48 49 -43 -49 -4 53 -25 -38 -24 57 61 -59 -60 -1 -2
right_child=56 2 3 4 5 26 29 -9 -10 11 -12 13 -14 21 17 16 18 -19 -20 20 -22 22 23 52 -26 -27 -28 28 -30 31 35 33 34 -35 -36 -37 37 -39 -40 40 -42 42 45 46 -46 -47 -48 50 -50 -51 -52 -53 -54 -55 -56 -57 -58 58 59 -61 -62 -63
leaf_value=-0.060850220728466971 -0.058129033488408303 0.10546796698022416 -0.036394035429865461 -0.22770138796360354 -0.088578721157638235 0.088918911721664565 -0.10063717902905468 0.053064610176011544 0.11346582660662337 -0.025424025612030242 -0.56459669676938884 0.1412092702172848 0.066146673003574755 -0.0866723580760346 -0.082548119620435984 0.061910627948181869 -0.09166668614971174 -0.013589105673485077 0.10983064046486235 0.0039953091052728831 -0.38756486049569566 0.093594290602185951 0.076724290973489942 0.056966346534986737 -0.13251415736946343 -0.57958815908999672 0.0044984159241915232 0.11751628505014905 -0.1953232232609724 -0.014852549236316483 0.25160912794367712 0.069034946857426532 0.10375311331942237 -0.10335932113220997 -0.27573469437962084 -0.071919393325089773 0.089475794430811981 0.17918673323765102 -0.33269883437496595 0.0019328394700603416 0.36005596094988707 0.05673999716758741 -0.15910531071088041 -0.23690168605664941 0.11546448233807623 0.00028789542947013701 -0.045411755477050786 -0.0084739532346260887 0.10468033442996412 -0.14721868297629453 0.10968616363734654 0.10727473423786393 0.31722590293680752 -0.17936404446269449 -0.1737841419565391 -0.29309033241489424 0.036421730143499434 -0.074516638252110759 0.0068590803566116066 0.081227185438705815 -0.16355046523411745 0.21119203520062807
leaf_weight=5301 3475.75 1995.5 21873.5 367 1819.75 4705.75 399.5 12981.75 1187.75 32132.5 102 1264.75 2287 346 3604.25 3647.25 1397.25 18508.25 291.25 22852.5 95.5 2706.75 108 893 1007.25 55.75 3095.5 202 419 3480 131 837 4270 1935 111 7381 365 812.25 247 199.75 176 570.75 859 371 1018.25 1361 6289.5 1282.25 676.25 961 2997.75 573.25 121 277 278.75 305 32599.5 1549 6022 3842.75 1224.75 146
leaf_count=14598 4504 7982 27587 367 3280 5263 449 22212 1235 53146 102 1429 3658 355 4205 4833 2586 27101 895 27213 106 3228 108 902 1050 82 3322 202 419 3504 131 837 4270 1935 111 7381 365 843 247 280 176 663 916 416 1259 1409 6792 1301 722 1030 3039 589 121 277 311 305 40995 2200 8641 5072 2100 146
internal_value=-0.000239758 -0.00709175 0.00170087 -0.00014644 0.00994605 0.0112657 0.00537187 0.0277697 -0.00766779 -0.0213207 -0.0393602 -0.00892292 -0.0193359 0.0394724 -0.0374499 -0.0255006 -0.00180819 -0.024836 -0.0923349 -0.0149988 0.00233182 0.0184748 0.0482442 -0.0242203 -0.0574315 -0.10378 0.0555517 0.0392646 -0.0934988 -0.0083237 -0.0202264 0.0205036 0.0458276 -0.0512901 0.0940149 -0.0662109 -0.0012848 0.0891293 -0.12824 0.0474168 0.170716 -0.00913727 0.0164497 -0.0367171 0.0545088 -0.0614713 -0.0561472 0.0431239 -0.0173115 -0.0712409 0.0742971 -0.0327154 0.0309057 0.000797194 -0.0246911 -0.19646 0.0263356 0.00446485 0.0208521 0.0358401 -0.0801704 -0.0471594
internal_weight=232394 184759 114194 112199 66804.2 66437.2 58636 22248.8 9267 70564.2 28740.2 41824 34419.5 7404.5 28638.2 8079.25 6203.75 22112.5 1935.5 45394.8 22948 6139.75 4410.75 1704 1729 1875.5 7801.25 4268.25 621 36387.2 25754.2 10633 7861 2772 4381 7512 18242.2 1456 1644.25 721.75 375.75 16786.2 8708 8078.25 1417.75 2220 6660.5 6488 2208 1531.75 4280 22446.8 1291 1170 643.75 413 47635 15035.5 11413.8 9864.75 6525.75 3621.75
internal_count=320803 259245 146104 138122 82627 82260 73675 35991 13779 113141 48106 65035 56804 8231 48004 12544 9182 31306 3728 55495 27319 6802 4941 1713 1861 3362 8585 5454 621 37684 27027 10657 7885 2772 4381 7512 19515 1519 2833 811 456 17996 9080 8916 1708 2325 7208 6755 2415 1693 4340 28176 1300 1179 676 413 61558 20563 15913 13713 16698 4650
cat_boundaries=0 1 2 3 4 5
cat_threshold=8 4 16 112 4
is_linear=0
shrinkage=0.04


Tree=82
num_leaves=63
num_cat=6
split_feature=9 1 21 17 24 22 11 15 22 26 9 4 29 25 15 24 22 21 15 25 25 32 24 32 14 8 21 21 24 4 32 24 25 21 24 32 25 16 32 11 0 8 2 21 25 11 24 15 14 2 5 25 22 2 24 21 22 15 21 21 22 21
split_gain=26408.4 15867.7 10780.1 10708 9608.64 10533.8 7255.74 7202.23 7564.91 6893.69 6437.5 7648.42 6196.96 6475.36 8965.76 6765.46 6351.74 7318.79 6043.9 5819.31 14571.4 9732.66 8731.36 7669.93 5908.83 7998.52 5580.98 6513.95 5554.59 5535.38 6476.64 7933.96 7005.06 5927.46 5628.12 5508.05 5500.57 5444.8 5566.49 7951.34 6854.45 5979.22 5705.92 5398.29 5383.41 8398.01 5308.17 5846.57 5218.2 5149.38 5003.94 4968.95 4938.72 4906.49 4897.76 4688.64 4572.84 7748 8885.98 6752.47 5789.18 5447.61
threshold=3.5000000000000004 3.0049999952316289 69.445976257324233 4.5000000000000009 0.11491150408983232 0.12391588091850282 0.54502454400062572 4.2500000000000009 0.10738126188516618 1.5000000000000002 10.500000000000002 1.1950000524520876 0 63.125000000000007 5.5000000000000009 0.025270937941968444 0.13746111840009692 65.01169586181642 4.7500000000000009 477.62500000000006 302.12500000000006 1 0.11121132597327234 2 67.939998626708999 16.500000000000004 65.551872253417983 69.05243301391603 0.011484527960419657 2.8850001096725468 3 0.011484527960419657 661.25000000000011 82.205451965332045 1.0000000180025095e-35 4 515.37500000000011 3.5000000000000004 5 0.3486414253711701 2.1250000000000004 30.500000000000004 1.044999957084656 65.668624877929702 135.12500000000003 0.17463364452123645 0.037270663306117065 2.5000000000000004 93.08499908447267 -0.77499997615814198 35.500000000000007 541.62500000000011 0.038171408697962768 0.59499999880790722 0.17324614524841311 65.116699218750014 0.039901101961731918 3.5000000000000004 71.112480163574233 69.972118377685561 0.097551945596933379 72.887008666992202
decision_type=2 10 8 10 10 10 10 2 10 2 2 2 9 2 2 10 10 10 2 2 2 1 10 1 10 2 10 10 10 2 1 8 2 10 10 1 2 2 1 10 10 2 8 10 2 10 10 2 10 10 2 2 10 8 10 10 10 2 10 10 10 10
left_child=1 2 4 6 19 7 37 8 -6 -7 -8 -12 -5 50 16 -16 17 -15 -9 20 24 -21 23 -22 -1 28 -10 36 -26 30 34 -32 33 -33 -4 -3 43 38 39 42 -40 -41 51 -28 45 46 47 -36 -11 -37 -14 -2 -17 -48 -50 -30 59 61 60 -46 -59 -58
right_child=3 35 29 12 5 9 10 18 26 48 11 -13 13 14 15 52 -18 -19 -20 21 22 -23 -24 -25 25 -27 27 -29 55 -31 31 32 -34 -35 44 49 -38 -39 40 41 -42 -43 -44 -45 56 -47 53 -49 54 -51 -52 -53 -54 -55 -56 -57 57 58 -60 -61 -62 -63
leaf_value=-0.082105705102271179 0.00068469545293659429 0.017892228325303069 0.1030160656710867 -0.11444092296444869 0.0053189967528503093 -0.0022119454332687753 -0.056358767481902723 0.42518214445114133 -0.026464458605010201 -0.10529300847149814 -0.48734943962504085 -0.13801744316307951 -0.021743151171417622 0.18045476824756879 0.02836367182329759 -0.35930222327659395 -0.11725558315765659 0.012630461071494476 0.10784580504795246 0.11055123753695431 -0.18278634896548326 -0.043525661404965457 -0.38271744338044755 -0.03737050752454573 0.1540912440074087 -0.028096456512714276 0.28796297119152003 -0.11466878264261078 0.096380139821576116 0.038247873448033196 -0.2116950664373434 0.01788068097681992 -0.088963418000469655 0.079966643541347762 -0.011832384304965013 0.16250588911975711 0.40872684202015952 0.052426458196978248 -0.054265918386211649 0.12008831146504231 -0.014019505374249702 -0.084431937593414552 -0.054343273984157885 0.089983895752853482 0.31339156977692617 0.087821586243069266 -0.046197679742703966 -0.13821643684539364 -0.090185406591928544 0.047623993915954579 0.097821867293308176 0.090386952819297414 -0.11763237357739396 0.012882363822288872 0.080090486849040951 -0.019237866796261747 0.024577613755123396 0.057709386567893407 -0.35614140338918804 0.020640891466107352 -0.27520813302683228 -0.085438318162733312
leaf_weight=2437.5 14750.5 14285.5 719 606 7092 15328.75 1302.5 113 611 2030 128 452.25 748.75 433.5 365.25 186.5 567.5 9193.25 600 1220.25 1067.25 1414 193 1272.5 574.75 14866 249.5 190 814.25 11432.75 237 37352.25 930 2632.25 952.25 651.5 105 1377 18550 245 10665.75 3125 2898 1825.25 126 920.5 5954.75 1521.5 490.5 14200.75 2211.5 1057 493 3612 597 1794.25 2808.25 279 224 8412.25 117 966.25
leaf_count=4524 17950 19090 2876 720 7329 20344 1925 113 725 2060 182 969 1696 501 453 209 656 11012 600 1242 1080 1414 193 1313 2299 26164 251 193 965 14780 237 55332 930 2678 2006 743 105 1542 26935 359 14544 4847 6774 2066 126 1195 7352 2234 492 16717 6800 1057 493 4908 597 3376 2809 279 224 8416 117 967
internal_value=9.04858e-05 0.00887677 0.00306254 -0.0205864 -0.0105613 0.00511706 -0.0287742 0.0365152 0.0278003 -0.0132433 -0.105895 -0.216501 0.00958151 0.0149606 0.0011034 -0.11038 0.0125489 0.0202245 0.159199 -0.0284259 -0.0348707 0.0278733 -0.125345 -0.103803 -0.0236739 -0.0157742 0.0812473 0.109021 0.0417507 0.0125044 0.00815998 0.0181043 0.0194459 0.0219719 -0.00721686 0.0356297 0.12861 -0.0260133 -0.0281212 -0.0129596 -0.0395755 -0.0694985 -0.00276674 0.11405 -0.0102858 -0.0285026 -0.0374094 -0.089618 -0.0674459 0.0526851 0.0675828 0.006694 -0.184834 -0.0238927 0.00325827 0.0168957 0.00797185 -0.0251741 -0.155983 0.0250344 -0.0415212 -0.00361404
internal_weight=232577 163220 134083 69356.2 54885.8 29232 54551 10785.8 10072.8 18446.2 1882.75 580.25 14805.2 14199.2 11239 1044.75 10194.2 9626.75 713 25653.8 23019.5 2634.25 2532.75 2339.75 20486.8 18049.2 2980.75 2369.75 3183.25 79197 67764.2 41151.5 40914.5 39984.5 26612.8 29137.8 2179.75 52668.2 51291.2 22075.5 29215.8 3370 18705.5 2074.75 25893.8 12961 12040.5 2473.75 3117.5 14852.2 2960.25 15807.5 679.5 9566.75 1087.5 2608.5 12932.8 4394.5 620 8538.25 396 3774.5
internal_count=321085 221461 184911 99624 77445 34875 77084 11382 10669 23493 3076 1151 22540 21820 13324 1155 12169 11513 713 42570 39914 2656 2586 2393 37328 32804 3340 2615 6640 107466 92686 59177 58940 58010 33509 36550 2422 74008 72466 30987 41479 5206 25781 2317 30633 17695 16500 4240 3149 17460 8496 19007 702 12260 1089 4341 12938 4396 620 8542 396 3776
cat_boundaries=0 1 2 3 4 5 6
cat_threshold=128 4 4 8 8 4
is_linear=0
shrinkage=0.04


Tree=83
num_leaves=63
num_cat=8
split_feature=1 21 22 29 23 32 28 0 25 21 25 25 23 21 25 15 23 25 33 15 25 14 21 20 20 25 0 12 23 15 22 21 29 11 25 20 33 25 9 25 29 4 21 23 14 14 20 12 14 23 8 2 32 20 23 25 23 15 25 22 15 25
split_gain=25961.6 14148 9328.55 9408.32 9194.58 9465.04 8958.26 8428.5 8369.64 8126.91 8060.71 10002.7 8432.31 11758.7 9890.89 9341.53 8007.1 14229.8 6810.95 6698.86 6742.64 7313.22 6682.61 6476.13 21169.6 11882.7 6472.78 6479.83 6425.51 8176.7 6414.09 18605.7 6930.97 6331.55 6392.38 6831.57 7475.9 6546.17 6411.54 6133.66 6120.25 6094.44 5988.55 6319.73 5933.69 5930.63 5913.12 6106.92 5895.11 5803.48 7839.04 5793.71 5768.78 10307.9 7675.11 7469.5 7242.09 6756.92 8107.42 6282.7 5720.99 9927.5
threshold=2.3750000000000004 68.182941436767592 0.072171278297901167 0 1.0013249516487124 1 2 3.3349999189376835 80.625000000000014 82.205451965332045 403.87500000000006 650.37500000000011 1.0484992265701296 74.03781890869142 383.37500000000006 1.5000000000000002 1.0298770666122439 350.12500000000006 3 2.5000000000000004 2.1250000000000004 91.720001220703139 71.05499649047853 171.50000000000003 175.00000000000003 375.00000000000006 3.3950001001358037 6.5000000000000009 1.1390727162361147 2.5000000000000004 0.057426862418651588 74.128730773925795 4 0.71984010934829723 713.87500000000011 171.50000000000003 5 63.125000000000007 13.500000000000002 37.125000000000007 6 2.3249999284744267 83.14151763916017 1.0368346571922304 85.145000457763686 97.549999237060561 218.00000000000003 3.5000000000000004 95.634998321533217 1.0489010810852053 99.250000000000014 -0.37499999999999994 7 184.00000000000003 1.0362150073051455 276.37500000000006 1.06570440530777 3.5000000000000004 139.87500000000003 0.10587605834007265 2.5000000000000004 320.37500000000006
decision_type=8 10 8 9 10 1 9 10 2 10 2 2 10 10 2 2 10 2 9 2 2 10 10 2 2 2 10 10 10 2 10 10 9 10 2 2 9 2 2 2 9 2 10 10 10 10 2 8 10 10 2 10 1 2 8 2 10 2 2 10 2 2
left_child=6 2 -2 18 -3 7 41 19 22 10 12 -12 16 14 46 -15 -10 -18 -4 20 21 -6 28 40 25 45 27 52 39 -30 49 32 -32 34 35 36 -8 -37 -38 -7 -21 -1 -22 -44 -20 -25 47 48 -14 50 -26 -33 53 54 -5 -55 -56 -54 -59 -57 -39 -62
right_child=1 4 3 26 5 8 33 -9 9 -11 11 -13 13 15 -16 -17 17 -19 44 23 42 -23 -24 24 30 -27 -28 -29 29 -31 31 51 -34 -35 -36 37 38 60 -40 -41 -42 -43 43 -45 -46 -47 -48 -49 -50 -51 -52 -53 57 55 56 59 -58 58 -60 -61 61 -63
leaf_value=-0.033628174490921835 -0.058304766300055925 0.110173192877318 -0.26002280694497004 0.072044036154275737 0.005943741901588263 -0.026969805877869804 -0.011490006245152925 0.055841529947079041 0.012058452423159099 0.08259077617445891 0.075374666424955578 -0.010117444496356445 -0.09113831285849304 0.37193876851720853 -0.21944486768857663 0.060549634287838876 -0.056011534185124792 -0.40439154771136748 -0.097035052838690183 0.037978434967900862 0.006832795228566905 0.31732401698457458 0.074069652915158102 -0.12881030083377978 -0.045584668902461427 0.13555441903040327 0.075518372237407524 0.025384325844917843 -0.1020802619844819 0.1480171537892423 0.21494387841000953 -0.16160872597224277 -0.034260827326080323 -0.34941195095557814 -0.18985306711920288 0.065022387269107432 -0.094485448317834675 0.010813297034649692 -0.45101011406838054 0.061800151496757806 -0.12108972977157451 -0.0027169001131027372 0.05546320187374093 0.29399036524338384 0.045322989686548437 0.079408268455030587 0.080593076458813806 0.020282027443468006 0.0029459904696678579 0.052076526519432502 0.045368935231050296 -0.59752230155847641 0.016282144261468741 -0.057098865936634047 -0.14685990711010236 -0.39385318316505069 -0.013910273921775396 -0.094960137915159226 0.023202322233788649 -0.13942369314854092 0.0038866552493567741 -0.33524360401647274
leaf_weight=44167 5157.25 1744 277.75 1411.75 234 3643 10885.5 4468.25 3141 2856 5841 3501.25 2194.75 158.25 335 4128.5 3968.25 195 1500.25 4766.25 12540.5 247.5 9657.75 4059 3758.25 317 1895.75 11135 256.75 1097.5 174.5 86.75 4298 80.75 276.5 3712.25 921.75 15069.5 86.75 1889.75 409.75 13272.75 868 222 679.25 230 1296.25 4794.5 2068.75 4133.25 2538.5 115.75 13267.25 1655.25 760.75 208 4670.25 2163.25 1626 614.25 396 210
leaf_count=58384 6733 6976 478 3703 435 6496 13365 4877 3453 2901 5841 3526 2230 189 335 4202 4194 195 2887 6465 16049 288 14433 4059 4197 317 3062 15440 262 1117 176 98 4955 101 278 8891 1089 17387 113 3689 529 16728 931 222 1880 230 1369 4976 2116 4896 3143 127 29186 3507 814 208 6876 6367 1629 618 396 210
internal_value=-0.000115431 0.0104283 -0.00755447 -0.00129995 0.0192151 0.0175339 -0.0170718 0.00381732 0.0292185 0.017994 0.0121548 0.0433381 -0.000922961 0.016262 -0.00618561 0.0722149 -0.0361533 -0.0725174 -0.0770421 -0.00214563 0.0198678 0.166666 0.0526044 -0.0146291 -0.0250852 -0.100134 0.00344508 -0.00020002 0.0224893 0.100515 -0.00218963 -0.0411131 -0.0240405 1.94972e-05 0.000935948 0.00263462 -0.0212287 0.0172754 -0.124759 0.00336013 0.0251821 -0.0264859 0.0146579 0.104501 -0.0524237 -0.117611 0.000754426 -0.0106853 -0.0455046 0.0152607 -0.00891319 -0.414225 -0.0110019 -0.0363043 -0.0109803 -0.10618 -0.0325819 0.00282632 -0.044268 -0.204595 0.00596063 -0.114337
internal_weight=232335 143256 47022 41864.8 96234.5 94490.5 89078.8 43467.2 51023.2 34478.5 31622.5 9342.25 22280.2 14976 10689.2 4286.75 7304.25 4163.25 2457.25 38999 14112 481.5 16544.8 24887 19711 4606 39407.5 37511.8 6887 1354.25 15105 4675 4472.5 31639 31558.2 31281.8 11894 19387.8 1008.5 5532.75 5176 57439.8 13630.5 1090 2179.5 4289 10354.2 9058 4263.5 10430 6296.75 202.5 26376.8 9320.25 6842.75 2477.5 5431 17056.5 3789.25 822.25 15675.5 606
internal_count=320824 203882 83388 76655 120494 113518 116942 51994 61524 35527 32626 9367 23259 15417 11026 4391 7842 4389 5245 47117 17925 723 25997 29192 22198 4606 71410 68348 11564 1379 17592 5356 5131 41830 41729 41451 14567 26884 1202 10185 6994 75112 17202 1153 4767 4289 10691 9322 4346 12236 7340 225 52908 15726 11393 4333 7690 37182 7996 826 17993 606
cat_boundaries=0 1 2 3 4 5 6 7 8
cat_threshold=4 8 16 70 4 11 208 8
is_linear=0
shrinkage=0.04


Tree=84
num_leaves=63
num_cat=5
split_feature=1 21 11 24 21 23 32 22 1 12 6 9 21 24 24 21 25 25 25 20 23 25 19 21 22 25 23 25 24 22 21 6 25 23 21 21 23 21 29 24 21 19 32 25 25 22 21 21 17 17 22 21 25 32 19 21 7 33 19 20 11 17
split_gain=22609.3 12900.7 8579.26 8571.71 13064.7 11212.2 9340.55 8092.32 7173.99 6859.97 10292 11789.9 7640.89 8123.45 7664.55 7591.41 7061.04 10644.5 7180.47 12768.2 7941.72 9928.06 14983.7 11740.3 10400.4 8996.73 21872.3 9814.61 8467.73 7005.97 6626.31 6596.41 6395.83 6169.51 6117.22 6110.89 6080.97 12377.3 8740 6767.68 8357.83 6246.63 7219.58 8169.94 6060.09 5863.38 7014.34 5890.97 6486.09 5673 5621.02 7302.02 8365.39 5601.99 5594.14 5792.66 5566.85 5500.01 6268.91 6419.34 5832.62 5427.19
threshold=2.4050000905990605 76.478694915771499 0.71984010934829723 0.064879272133111968 65.668624877929702 1.0116243958473208 0 0.1330504193902016 3.0949999094009404 2.5000000000000004 60.500000000000007 15.500000000000002 75.258960723876967 0.3201736062765122 0.065656211227178587 63.086299896240241 690.87500000000011 618.00000000000011 82.375000000000014 171.50000000000003 1.0280442237854006 164.62500000000003 163.50000000000003 66.288085937500014 0.020898253656923774 465.75000000000006 1.2429965138435366 276.37500000000006 0.16761939227581027 0.04550715163350106 76.617176055908217 175.25000000000003 586.37500000000011 1.0760451555252077 71.112480163574233 65.778343200683608 1.2481924295425417 65.01169586181642 1 0.10525537654757501 65.116699218750014 49.500000000000007 2 423.75000000000006 465.75000000000006 0.10738126188516618 62.764375686645515 65.29294586181642 3.5000000000000004 3.5000000000000004 0.058820031583309181 69.930908203125014 30.375000000000004 3 64.000000000000014 58.996784210205085 41.500000000000007 4 59.500000000000007 171.50000000000003 0.46678280830383306 3.5000000000000004
decision_type=8 10 10 10 10 8 1 10 10 8 2 2 10 10 10 10 2 2 2 2 10 2 10 10 10 2 10 2 10 10 10 2 2 10 10 10 10 10 9 10 10 10 1 2 2 10 10 10 10 10 10 10 2 1 10 10 2 9 8 2 10 10
left_child=2 3 9 5 36 35 32 -8 -6 -1 11 57 13 16 33 -15 17 18 19 50 -20 56 23 31 -25 26 27 -24 53 -29 -13 -23 -7 -14 -34 -2 38 41 45 40 -40 -38 43 -43 -45 -5 -47 48 -48 54 -12 52 -52 -27 -44 -56 -22 58 60 -60 -11 -26
right_child=1 -3 -4 4 8 6 7 -9 -10 10 12 30 14 15 -16 -17 -18 -19 20 -21 21 22 25 24 61 28 -28 29 -30 -31 -32 -33 34 -35 -36 -37 37 -39 39 -41 -42 42 49 44 -46 46 47 -49 -50 -51 51 -53 -54 -55 55 -57 -58 -59 59 -61 -62 -63
leaf_value=0.027930111697936945 -0.037751164526315419 0.036803915964933209 -0.24003084494307994 -0.15278457508337068 0.015782044350591405 -0.044917946974574949 -0.0019321046881167054 0.21335338471953627 0.053141372930138021 -0.024537535605893869 -0.12166159127275002 -0.15452842296388211 0.013792903410056821 0.057237652405777752 0.10902994154519681 0.39625112315416339 -0.11425461947655918 0.07542419271246005 0.056371255534135488 0.035956639573706407 -0.022125196612725193 -0.031989877891754601 -0.03248720431875779 -0.26713189207046262 0.017346595081044705 0.060220279509972614 0.17955961616453764 -0.071556873797217299 -0.27107262300383927 -0.17345140482841512 -0.58893924864784619 0.27942456233179247 0.20985424725721313 -0.22480930965740001 -0.0036580709238948003 0.077636529274470123 -0.069932483610124996 0.21082486290001307 0.0083306225335508001 0.025249508112380414 -0.16896026982886567 -0.11237849726374614 0.16476816876527078 0.24045704302178489 -0.061634888416734798 -0.11938813317624794 0.028128361859560524 -0.1199009063430025 -0.19465930800414399 0.2486918377979728 -0.12390722719282597 0.052071041616515247 0.0052968917566683362 -0.03779488131187498 -0.12511396069974393 0.048810972739653895 -0.088514081891619287 0.0067430997694921746 -0.15571810891308699 -0.05330180159289815 0.16617545573592751 0.09914186657723402
leaf_weight=5635 942.5 23695.75 269.5 1044.75 43522 15985 21712.25 281 10139.5 9453.25 1107.75 776 8497.75 570.75 1423 128 1161 2017 1676 8672.25 2955.5 5591 2581 153 2216 1868 497 1869 176 2570.25 59 109 297 175 761 3305.5 1495.25 482 1000.25 4714.5 738 967.5 499 223 200 1544.75 2518.25 704 226 240 1508.5 1476 1708.25 1860 378.75 1567 6402.25 4387.25 1089 9637.25 261.75 3135
leaf_count=8029 3758 26449 331 1170 52030 20746 46640 569 11203 11659 1290 1388 10858 675 1492 128 1161 2017 2015 21339 3389 5591 2581 153 2219 1868 497 1869 176 2577 74 109 297 175 761 11680 1736 482 1715 6219 879 1134 499 223 200 2492 3983 842 256 240 2629 2145 1811 1860 414 1759 7756 5558 2049 12050 315 3135
internal_value=-0.000304598 0.00992046 -0.0154976 0.00440395 0.0128412 -0.00967042 -0.0163871 0.000837308 0.0228431 -0.0148446 -0.0175915 -0.0388988 -0.00878557 -0.0149673 0.0230559 0.120305 -0.0168143 -0.0145538 -0.0183276 0.00523263 -0.028458 -0.0329067 -0.0185707 0.0142936 0.055953 -0.0508075 -0.076386 -0.0945528 -0.00153945 -0.130605 -0.186567 -0.0259374 -0.0386124 0.00892671 0.0565541 0.052028 -0.0161019 0.0167997 -0.0320458 0.000372493 -0.0670439 -5.69267e-05 0.0256009 -0.0483292 0.0979873 -0.0665728 -0.0486113 -0.0168515 0.00964959 0.0639016 -0.0406976 -0.0215402 -0.0553304 0.0113217 0.0455691 0.0148578 -0.0675562 -0.0339177 -0.0426272 -0.0637276 -0.0193652 0.0652888
internal_weight=232857 139184 93672.2 115489 72204.5 43284.2 39036.2 21993.2 53661.5 93402.8 87767.8 25663.5 62104.2 52008.5 10095.8 698.75 51309.8 50148.8 48131.8 14472.8 33659 31983 22625.2 11204 5504 11421.2 7517.25 7020.25 3904 4439.25 835 5700 17043 8672.75 1058 4248 18543 6052.5 12490.5 6452.75 1738.25 5570.5 4075.25 1390.5 423 6037.75 4993 3448.25 2744.25 2684.75 5800.5 4692.75 3216.75 3728 2444.75 1945.75 9357.75 24828.5 20441.2 10726.2 9715 5351
internal_count=321344 198376 122968 171927 87476 84451 69013 47209 63233 122637 114608 33093 81515 68990 12525 803 68187 67026 65009 29214 35795 33780 22635 11207 5507 11428 7524 7027 3904 4446 1462 5700 21804 11033 1058 15438 24243 6687 17556 8813 2594 6205 4469 1557 423 8743 7573 5081 4239 2912 7875 6585 4440 3728 2672 2173 11145 31631 26073 14099 11974 5354
cat_boundaries=0 1 2 3 4 5
cat_threshold=8 56 8 4 69
is_linear=0
shrinkage=0.04


Tree=85
num_leaves=63
num_cat=7
split_feature=0 32 0 21 21 19 5 25 25 6 32 25 28 22 24 25 25 19 21 24 22 28 17 21 25 22 24 29 29 20 8 20 26 18 22 20 17 25 22 21 32 25 20 22 25 22 25 24 22 22 24 21 19 23 25 25 25 21 7 25 22 25
split_gain=20401.8 16062.1 12039.1 12021 9986.6 9787.2 10553.9 9760.89 15361.3 14038.1 11296.9 10072.6 8438.77 9009.21 8154.35 7962.74 10226.1 10182.6 7873.98 16792.9 7854.63 9230.34 9427.05 8306.95 13389.3 10438.2 7918.39 7765.75 7535.63 7443.46 10395.5 7501.51 9888.69 8275.71 8730.17 7307.06 7071.87 6925.85 6759.16 8212.22 6742.03 6480.89 8998.03 13461.6 8588.25 7855.06 7300.87 7077.01 10603.5 10328.6 6465.29 12323.7 10467.7 7187.5 11124.1 7234.14 10614.8 7439.15 6865.54 7814.07 6856.55 6603.15
threshold=2.8750000000000004 0 1.7050000429153445 77.739685058593764 77.618881225585952 9.5000000000000018 30.500000000000004 661.25000000000011 472.37500000000006 9.5000000000000018 1 298.37500000000006 2 0.078872710466384902 0.093082275241613402 279.37500000000006 364.12500000000006 190.50000000000003 59.510065078735359 0.28126463294029241 0.04550715163350106 3 3.5000000000000004 65.197986602783217 364.12500000000006 0.21249818801879886 0.17924162000417712 4 5 171.50000000000003 16.500000000000004 175.00000000000003 2.5000000000000004 1.5000000000000002 0.019996583461761478 159.00000000000003 3.5000000000000004 628.25000000000011 0.02687158435583115 71.05499649047853 6 272.62500000000006 179.00000000000003 0.064866729080677046 137.62500000000003 0.019503099843859676 130.37500000000003 0.10819531977176668 0.040818030014634139 0.036844028159976012 0.11067965626716615 62.764375686645515 49.500000000000007 1.100289046764374 181.37500000000003 82.375000000000014 77.625000000000014 63.194150924682624 49.500000000000007 36.125000000000007 0.12288130447268487 125.50000000000001
decision_type=10 1 10 10 10 8 2 2 2 2 1 2 9 10 10 2 2 10 8 10 10 9 10 10 2 10 10 9 9 2 2 2 2 10 10 2 10 2 10 10 1 2 2 10 2 10 2 10 10 10 10 10 10 10 2 2 2 10 2 2 10 2
left_child=1 2 -1 4 7 35 29 8 11 -9 37 18 13 14 -12 -5 17 -17 28 38 21 -13 -23 24 -22 40 -25 -18 -3 30 -7 32 33 -31 -35 -4 -6 -10 -20 50 -26 44 -43 -44 45 -33 -47 48 49 -46 53 -52 58 54 60 56 -55 -57 59 -53 -40 -62
right_child=-2 3 5 15 36 6 -8 9 10 -11 12 20 -14 -15 -16 16 27 -19 19 -21 23 22 -24 26 25 -27 -28 -29 -30 31 -32 41 -34 34 -36 -37 -38 -39 39 -41 -42 42 43 -45 47 46 -48 -49 -50 -51 51 52 -54 55 -56 57 -58 -59 -60 -61 61 -63
leaf_value=-0.04966874838758116 0.021698977886767491 -0.0099872597466836906 -0.02864461266377916 0.067260941682790398 -0.35474368232337911 0.1665090819827281 -0.00026638572872788837 0.0028569375245918148 0.067419691068853177 -0.14988681877429713 0.08878128188261479 0.11581586880904438 -0.069379283060772887 0.22433904560786519 -0.33963339343908672 -0.047308819716907716 0.11539269782701589 -0.35690535568310117 -0.028712698937459261 0.1471669433153068 0.047210346074843194 -0.12154379498037238 0.037266636601691695 -0.10312542526541905 -0.38619565332988282 0.14962927176986915 0.061872389940324339 -0.021133222359239531 -0.15755348600577235 -0.038765217751897042 -0.014869515923473809 -0.25245227717441732 0.20365571891250664 0.15493223001360892 -0.1705549498296583 0.064603847227538924 -0.0007620722286807843 0.19693345193954601 -0.025286313647896852 0.031353623680983413 -0.095961761638522131 0.026649956347779634 -0.039221241874092455 -0.22103289324286596 0.01284921570023073 -0.029009246403323741 -0.24147654904812682 0.093843586260265982 -0.11626748360609163 0.33050293296476752 -0.054450106193855805 -0.073107778124086059 0.052974126206470608 -0.033162937010456653 0.096951272370846844 -0.44165209056893168 0.22177413178101291 -0.086663569650266239 -0.14704298522834461 0.040022268176186336 0.03994410617374048 0.33427639117525587
leaf_weight=17390 54502 1387.75 1952 7373.5 215.5 563 26590.5 2279.25 5151 1664.5 196 998 1638 388 109 1051 1208 201 9345.25 1312.75 2097 1016 1448 4882.75 258 136 513 1467 917.5 1712 4805.5 292.25 169 138 2392 4311.25 154.5 757 10173 16885.75 256 922 1499 1152.25 1724 4993.25 271 1503 1027.75 179 3335.5 1522.5 10412.75 4353.75 1665 96 276 2742 580.75 2717.5 1368.75 132
leaf_count=26291 70276 1495 2696 8758 301 1646 37149 2301 5151 1666 196 998 1638 388 109 1051 1208 201 24700 1333 2097 1016 1448 4900 258 136 513 1467 1618 1712 6997 299 169 138 2392 6562 165 757 19455 22348 256 922 1499 1153 1724 11171 274 1503 1090 179 4840 2313 12716 5874 1665 96 291 2994 625 3046 2874 132
internal_value=0.000282237 -0.0062656 -0.0205859 0.00380103 -0.000914565 -0.0115847 -0.0174971 -8.72307e-05 0.00263993 -0.0616514 0.0546637 -0.00266402 -0.0198896 0.0969376 -0.0655134 0.0427624 -0.00324584 -0.0975088 0.00311762 0.00562248 -0.0371479 0.0133144 -0.0282591 -0.0586016 -0.00197077 -0.160307 -0.0874197 0.0409096 -0.0695346 -0.0371229 0.00420528 -0.0494661 -0.0947719 -0.106753 -0.15269 0.035541 -0.207753 0.0840768 0.00278573 0.00801874 -0.242591 -0.0347197 -0.080938 -0.118348 -0.018175 -0.0512965 -0.040036 0.0233365 -0.0128588 0.0430482 -0.00198904 0.0151671 0.030416 -0.0173006 0.000291134 -0.0487153 -0.0178741 -0.098977 -0.0183094 -0.00061392 -0.0135088 0.0662482
internal_weight=232771 178269 73586.8 104682 93382 56196.8 49933.5 93012 89068.2 3943.75 8239 80829.2 2331 693 305 11300.5 3927 1252 69224.5 66919.2 11604.8 3462 2464 8142.75 2747 650 5395.75 2675 2305.25 23343 5368.5 17974.5 4411 4242 2530 6263.25 370 5908 65606.5 56261.2 514 13563.5 3573.25 2651.25 9990.25 5556.5 5264.25 4433.75 2930.75 1903 39375.5 18569 15233.5 20806.5 13338.8 7467.75 4629.75 2838 4820.75 4240 11673.8 1500.75
internal_count=321236 250960 105566 145394 132709 79275 70017 132243 128276 3967 8239 120037 2331 693 305 12685 3927 1252 108415 105302 11622 3462 2464 8160 2747 650 5413 2675 3113 32868 8643 24225 4411 4242 2530 9258 466 5908 103969 79269 514 19814 3574 2652 16240 11744 11445 4496 2993 1903 56921 23540 18700 33381 24126 9255 6165 3090 5984 5359 22461 3006
cat_boundaries=0 1 2 3 4 5 6 7
cat_threshold=8 4 4 4 96 16 4
is_linear=0
shrinkage=0.04


Tree=86
num_leaves=63
num_cat=5
split_feature=1 21 22 14 23 21 22 23 21 25 0 25 32 5 29 19 23 24 15 11 25 17 17 21 15 25 32 22 25 21 24 25 5 21 23 19 15 24 14 21 6 24 18 21 32 25 25 29 21 21 25 19 12 25 22 23 18 22 22 17 25 22
split_gain=21515.9 13899.2 12351.5 10344.5 10000.2 9012.13 14232.8 8451.96 12026.5 9736.28 8134.46 7889.64 7761.8 8042.47 7563.15 7377.64 7256.81 7106.62 8859.44 6856.76 6826.76 7800.06 6812.5 6743.27 6418.13 6127.53 19168.8 6877.73 7641.12 6649.77 9586.73 8502.76 8031.06 8639.57 6627.77 6174.42 6809.31 13363.7 7478.54 6738.7 6186.59 5982.32 5909.24 5728.9 5774.4 5724.61 5689.64 5654.48 5637.1 5500.46 8746.09 6750.32 5412.83 5410.34 5399.97 8527.57 6273.25 5325.91 7122.79 6669.7 6608.45 5309.53
threshold=1.9049999713897707 68.252796173095717 0.072171278297901167 68.604999542236342 1.0013249516487124 83.14151763916017 0.063875023275613799 1.0484992265701296 75.92813873291017 465.75000000000006 3.0649999380111699 504.12500000000006 0 66.500000000000014 1 10.500000000000002 1.1699437499046328 0.042904643341898925 3.5000000000000004 0.71984010934829723 80.625000000000014 2.5000000000000004 4.5000000000000009 80.24106597900392 1.5000000000000002 628.25000000000011 2 0.077523924410343184 642.37500000000011 59.93836975097657 0.33845931291580206 103.87500000000001 42.500000000000007 60.142297744750984 1.2526267170906069 167.50000000000003 3.5000000000000004 0.13638249784708026 88.659999847412124 65.116699218750014 15.500000000000002 0.044037016108632095 1.5000000000000002 67.32593154907228 3 150.62500000000003 111.87500000000001 4 63.870082855224616 64.649425506591811 78.375000000000014 7.5000000000000009 2.5000000000000004 650.37500000000011 0.024720381014049057 1.06830769777298 1.5000000000000002 0.0059330721851438293 0.0069816617760807284 4.5000000000000009 302.12500000000006 0.026197687722742561
decision_type=8 10 8 8 10 10 10 8 10 2 10 2 1 2 9 10 10 10 2 10 2 10 10 10 2 2 1 10 2 8 10 2 2 8 10 10 2 8 10 10 2 10 10 10 1 2 2 9 8 8 2 10 10 2 10 10 10 10 10 10 2 10
left_child=19 2 16 14 -3 7 47 9 10 15 12 22 -9 54 -4 20 -2 57 41 52 -6 -22 24 61 42 29 -27 -28 -29 31 32 -5 33 -31 43 36 38 39 -35 40 -38 -19 -10 44 45 46 -34 -7 -16 -40 51 -51 -1 -11 55 56 -14 59 60 -17 -59 -24
right_child=1 4 3 25 5 6 -8 8 11 53 -12 -13 13 -15 48 17 -18 18 -20 -21 21 -23 23 -25 -26 26 27 28 -30 30 -32 -33 34 35 -36 -37 37 -39 49 -41 -42 -43 -44 -45 -46 -47 -48 -49 -50 50 -52 -53 -54 -55 -56 -57 -58 58 -60 -61 -62 -63
leaf_value=0.02279224125714336 -0.066270580025292306 0.1006036041445109 -0.13232870292835452 -0.1522669397675871 0.095728186142897159 0.1219765184983088 -0.41576604161118014 -0.013421428024812769 0.45530631254731319 0.05748559803030321 0.038468979893734205 -0.094413721295066574 -0.096384698887997208 -0.085302667270024932 -0.093767711988948191 -0.057924864778323822 0.12792238289168717 -0.22393004202689346 -0.40564235475106658 -0.2257566450333833 0.032439050667448698 -0.1368483418654754 0.0018306725092621329 0.29311172266894459 0.042026760453628666 -0.16370685179280234 0.38307471881510891 0.25762855166466719 0.037532330490489443 0.19427023562139933 0.20356827256921681 -0.013191323764138091 0.029414560474778449 -0.009763834179162087 0.11938320168216814 -0.037007045106667996 0.28491472500274262 -0.12274666268965372 -0.0025502797616279889 -0.061770706642548245 0.042283921356871541 0.061588168259724352 0.11910528881539501 0.10370104014082754 -0.022802578786015194 0.11466739075814573 -0.17105341489788006 0.03927216268566406 0.0035210205510889411 0.2187331535045956 0.1190516436583083 -0.0058325459121270056 -0.027354640472605843 -0.053263457610929078 0.023149633554421817 -0.21121047436227511 0.14506781957096165 -0.34267913074881534 -0.021603574530522085 0.21023635331479032 -0.014446164655636569 0.18137409904897214
leaf_weight=3745.25 7106 2080.5 1441.25 985.75 1656.75 2024.5 97 23684 102.25 4756 13674.25 526 358 1198 1386 258 320 211.75 166.5 267.25 1699.75 583.25 515 365.5 8134 398 178 390 711.25 335.5 382 2445 2731 12001.75 1243 9148.25 246 1833.75 3059.5 560.5 525.25 259 437.75 1184.25 4292.75 1253.5 245 3885.75 3039 233.25 2482.25 2388.5 42590.75 827 31685.75 409 328 213 22480.75 345 181 538
leaf_count=5153 9347 8322 2459 2113 3669 2224 97 28700 124 4756 15538 526 433 1405 1776 258 320 451 258 331 1912 635 515 391 8518 398 178 390 712 535 382 2610 7660 21247 1267 17780 381 3297 4516 952 805 442 497 1917 6746 1255 245 3894 6051 729 2609 5789 55763 827 37727 409 328 213 31225 345 181 601
internal_value=-0.00016464 0.00591821 -0.00944833 -0.00292289 0.0136893 0.0122005 0.0599605 0.00971743 0.0166468 -0.00716504 0.0107341 0.056359 0.00415573 0.0164077 -0.0531247 -0.0167657 -0.0578692 -0.0250571 -0.156654 -0.0244712 0.0339701 -0.0108881 0.0642349 0.145458 0.0509207 0.00305799 0.0781534 0.153545 0.115811 0.000407272 0.0045772 -0.0532194 0.00283088 -0.00706732 0.0324913 -0.00915917 0.00176219 -0.05276 0.0103258 0.0436416 0.120221 -0.0672291 0.184226 0.021341 0.00987364 0.0430355 0.0128045 0.0679075 -0.0269178 0.039857 0.0652699 0.0142949 -0.0233004 0.0410659 0.02013 -0.0671227 0.0191365 -0.0214718 -0.0245683 0.0956753 -0.192747 0.0937407
internal_weight=232830 186227 62546.2 55120.2 123681 121600 6007.25 115593 81955.5 33637.8 71337 10618.5 57662.8 33978.8 5866.25 28054.8 7426 24115 637.25 46603.2 3939.75 2283 10092.5 1418.5 8674 49254 1677.25 1279.25 1101.25 47576.8 44146 3430.75 43764 32814.5 10949.5 32479 23330.8 3165.5 20165.2 1331.75 771.25 470.75 540 9706.5 8522.25 4229.5 2976 5910.25 4425 8163.5 5104 2621.75 46336 5583 32780.8 1095 686 23477.8 22874.8 603 394 1053
internal_count=321134 259887 104466 94799 155421 147099 6215 140884 95712 45172 84540 11172 69002 40302 10286 39589 9667 33373 1151 61247 6216 2547 10646 1507 9139 84513 1678 1280 1102 82835 78112 4723 77730 58640 19090 58105 40325 5435 34890 2138 1186 893 621 17823 15906 9160 7905 6118 7827 13643 9127 6518 60916 5583 38897 1170 761 32222 31619 603 394 1116
cat_boundaries=0 1 2 3 4 5
cat_threshold=8 12 16 4 16
is_linear=0
shrinkage=0.04


Tree=87
num_leaves=63
num_cat=9
split_feature=1 21 25 25 32 6 22 28 14 29 25 25 21 15 32 20 23 20 25 25 28 25 21 21 22 21 26 21 29 21 21 25 25 19 15 25 19 23 15 21 15 22 25 25 32 23 14 20 25 22 18 8 23 25 21 21 25 29 23 28 23 22
split_gain=19142.1 10476 9914.12 9247.6 8273.45 16404.2 8130.92 8084.91 7347.97 14895.7 7705.44 6433.9 7653.19 6329.6 6986.54 8934.76 8227.92 11247.1 8464.76 7463.21 7188.29 6978.62 8517.33 12521.9 9085.63 7303.83 7220.81 7147.69 7035.84 6942.57 9234.47 7790.16 6936.2 6798.11 7158.16 6214.68 6163.93 6150.76 7439.51 8364 6794.11 13113.4 6726.81 6033.23 5619.01 5654.16 5466.26 5409.53 6979.75 9563.82 9636.87 6500.61 5668.42 7860.89 7750.04 7050.23 6169.43 7110.44 9999.83 5305.29 5305.29 8744.95
threshold=2.4050000905990605 73.233318328857436 496.62500000000006 11.875000000000002 0 104.25000000000001 0.028545571491122249 1 65.434997558593764 2 13.875000000000002 10.125000000000002 72.166973114013686 3.5000000000000004 3 218.00000000000003 1.037409842014313 175.00000000000003 2.8750000000000004 3.1250000000000004 4 276.37500000000006 67.372478485107436 68.182941436767592 0.16758911311626437 69.779163360595717 1.5000000000000002 67.536304473876967 5 65.602870941162124 65.668624877929702 409.25000000000006 171.87500000000003 167.50000000000003 1.0000000180025095e-35 167.62500000000003 167.50000000000003 1.119209945201874 2.5000000000000004 74.448661804199233 3.5000000000000004 0.037285478785634048 158.62500000000003 713.87500000000011 6 1.2671241760253908 88.345001220703139 177.50000000000003 80.625000000000014 0.074320640414953246 1.5000000000000002 18.500000000000004 1.0467212200164797 481.37500000000006 74.448661804199233 84.398693084716811 331.62500000000006 7 1.0424872636795046 8 1.0496999621391299 0.020587688311934475
decision_type=8 10 2 2 1 2 8 9 8 9 2 2 10 2 1 2 10 2 2 2 9 2 10 10 10 10 2 10 9 10 10 2 2 8 2 2 10 10 2 10 2 10 2 2 1 10 10 2 2 10 10 2 10 2 10 10 2 9 10 9 10 10
left_child=7 2 6 -3 5 -4 -2 11 9 -8 -11 12 -1 14 16 33 -10 -18 20 -20 -19 27 24 -24 -23 -25 -27 35 32 31 -31 -21 -29 34 -16 -15 -32 40 39 -39 47 60 -43 -9 -35 -46 -36 -5 -49 51 -51 -50 55 54 -54 56 57 -53 -59 -58 61 -42
right_child=1 3 4 37 -6 -7 8 43 13 10 -12 -13 -14 21 15 -17 17 18 19 29 -22 22 23 25 -26 26 -28 28 -30 30 36 -33 -34 44 46 -37 -38 38 -40 -41 41 42 -44 -45 45 -47 -48 48 49 50 -52 52 53 -55 -56 -57 59 58 -60 -61 -62 -63
leaf_value=0.0058658961150092458 -0.056072926053619146 0.14810253189052899 0.017947721454984484 -0.0044237525008271892 0.0046056649322523298 0.1592694505658544 -0.18304230497357224 0.0035123902861269301 0.046881164435408004 0.050455233073255501 -0.060008294798477885 -0.025838420307780188 0.17530583898885385 -0.04789937480798806 -0.22824583137092827 0.10253868786524396 -0.046765993642493647 0.031234937843719088 -0.23544638347970434 -0.07818752692948279 0.32889065866886064 0.018512574909353176 -0.34530069106429467 0.034936572097029925 -0.19288233127306254 -0.1805932533693364 0.17072937425374984 0.1669755803554599 0.0068528338657933641 0.37749028308541227 0.052397714211846996 0.10020855618209472 -0.1381460510387908 -0.02763233568021467 0.012553249929955851 0.060787082396541181 -0.010656129321791137 -0.36563420204470093 0.14015002047730621 0.12932907722996814 0.0350137696751626 -0.063308971535495473 -0.25777812918262832 -0.17826416145036342 0.040628073315929485 0.38196882000314186 0.051768505886021381 0.080367119964358802 -0.00054959720171362386 -0.49672411360485214 0.042660190268474472 0.032227462342176556 0.014585000430131462 -0.02373613072733723 0.1421963090409992 0.10329568625465151 0.15080490337370137 -0.027218500206633644 -0.23917780650313236 0.028295669989327719 0.083809140578071845 -0.13264604597341961
leaf_weight=2887 4291.75 970.5 3424.75 7259.25 6054.25 2131.25 1005 33009 4046 1786.25 2320.75 56913.75 498.5 4915.75 172.25 2027.25 10125 286.75 205.5 2377.25 236 2126.25 340 578 382 888 103 935.75 2787 113.5 4512.75 467 135 7413 13485.5 1013.75 5504 105 1267 110 1476.25 733.75 465 292.75 1219.75 81 9836 4431.25 8188.5 110 100 2501.25 1063 931 2688 1625.5 712 2132 425.75 2729 1165.75 748.5
leaf_count=5200 5062 1155 3448 7758 6055 2132 1809 43710 11660 4373 3028 73056 578 11830 428 4155 13017 289 207 3344 242 2235 340 578 382 888 103 1994 4686 121 5850 467 135 13527 22505 1019 6953 105 1267 110 1519 1045 465 295 2011 81 14321 9511 8346 110 100 2619 1117 931 2748 1633 712 2573 455 2729 1273 1002
internal_value=7.34532e-05 0.00947544 0.00227367 0.0261877 0.0369586 0.0721972 -0.00242504 -0.0139152 0.000403843 -0.0460132 -0.0119324 -0.0226514 0.0309063 0.00351443 0.00902376 0.0211287 -0.00584379 -0.0148001 0.00882235 0.00254871 0.166371 -0.0205722 -0.0622935 -0.125915 -0.0138072 -0.0779899 -0.1438 -0.00173254 0.0406338 0.00635458 0.0218599 -0.0488439 0.127128 0.0159982 0.0271895 -0.029302 0.0177549 0.0232923 0.103243 -0.113502 0.0202863 -0.0254583 -0.139055 0.00190357 -0.014174 0.0624439 0.0290959 0.0263035 0.0343744 0.0255854 -0.241857 0.0280489 0.0438623 0.0802509 0.106062 0.027023 0.0124151 -0.015688 -0.0624188 0.0537201 0.0147609 -0.021459
internal_weight=232866 139265 97327 41938.2 11610.2 5556 85716.8 93601 81425 5112 4107 60299.2 3385.5 76313 62108.5 34234.8 27873.8 23827.8 13702.8 13180 522.75 14204.5 4417.25 1909 2508.25 1569 991 9787.25 3857.75 12974.5 10130.2 2844.25 1070.75 32207.5 23493.8 5929.5 10016.8 40967.8 1482 215 39485.8 4589.25 1198.75 33301.8 8713.75 1300.75 23321.5 34896.5 27637.2 23206 210 22996 14807.5 4682 3751 10125.5 8500 5059 2557.75 3441 3390.5 2224.75
internal_count=321397 198558 149275 49283 11635 5580 137640 122839 132578 9210 7401 78834 5778 123368 99178 57028 42150 30490 17473 16942 531 24190 4526 1909 2617 1569 991 19664 6815 16735 12924 3811 2129 52873 37254 12849 12803 48128 1482 215 46646 5304 1510 44005 15619 2092 36826 41342 33584 24073 210 23863 15517 4796 3865 10721 9088 5647 3028 3441 3794 2521
cat_boundaries=0 1 2 3 4 5 6 7 8 9
cat_threshold=4 16 12 8 16 16 4 76 4
is_linear=0
shrinkage=0.04


Tree=88
num_leaves=63
num_cat=4
split_feature=9 0 32 17 15 20 15 25 25 22 25 20 1 6 14 19 24 19 24 22 23 25 25 24 25 25 25 24 22 24 15 20 22 15 24 25 19 33 6 19 25 24 22 2 25 28 25 15 23 25 22 22 7 15 8 9 6 20 32 25 20 8
split_gain=18534.7 11207 9625.17 8966.12 7633.24 7602.88 8252.17 12107 15740.4 14622.7 13730.8 11103 9403.56 9099.15 7881.58 7768.73 7765.28 7548.79 7373.71 7293.24 7690.89 7148.89 6412.52 6042.72 9733.38 7418.97 8039.08 8147.12 8635.6 15663.8 9350.5 6912.89 7786.22 7214.25 6761.41 6615.74 6602.38 9068.57 10805.4 6534.28 9133.42 6726.21 6379.79 6259.68 6031.91 6147.66 8640.75 16425.8 7552.21 6894.59 5979.9 5894.12 5535.69 5503.24 5458.22 5369.54 10256.2 9111.86 5398.3 6648.71 10319 5364.33
threshold=3.5000000000000004 3.1550000905990605 0 3.5000000000000004 1.0000000180025095e-35 110.00000000000001 3.5000000000000004 418.37500000000006 358.00000000000006 0.020587688311934475 650.37500000000011 218.00000000000003 2.9150000810623173 105.25000000000001 68.924999237060561 167.50000000000003 0.21344789117574695 5.0000000000000009 0.01448150258511305 0.086935181170701994 1.051506042480469 139.87500000000003 124.12500000000001 0.0095770866610109823 59.375000000000007 75.625000000000014 137.62500000000003 0.33845931291580206 0.039901101961731918 0.063986252993345274 3.5000000000000004 218.00000000000003 0.12391588091850282 4.2500000000000009 0.066635422408580794 206.62500000000003 79.500000000000014 1 75.500000000000014 111.00000000000001 2.8750000000000004 0.079831153154373183 0.039280703291296966 -1.314999997615814 677.12500000000011 2 391.50000000000006 2.5000000000000004 1.0884419083595278 53.875000000000007 0.34571312367916113 0.092618513852357878 56.500000000000007 15.000000000000002 16.500000000000004 16.500000000000004 58.500000000000007 141.00000000000003 3 358.00000000000006 184.00000000000003 16.500000000000004
decision_type=2 10 1 10 2 2 2 2 2 10 2 2 10 2 10 8 10 8 8 8 10 2 2 10 2 2 2 10 10 10 2 2 10 2 10 2 8 9 2 8 2 10 10 10 2 9 2 2 10 2 10 10 2 2 2 2 2 2 1 2 2 2
left_child=1 2 17 55 -4 14 11 8 18 -10 13 12 15 -9 -6 -7 -16 -1 -8 20 -20 22 -21 -19 36 -26 -27 28 34 30 -30 32 -31 43 42 -36 50 38 39 -38 -41 -42 -28 54 45 -5 49 48 -48 52 61 -46 -47 -51 -33 58 57 -57 -2 -60 -61 -25
right_child=3 -3 4 44 5 6 7 10 9 -11 -12 -13 -14 -15 16 -17 -18 23 19 21 -22 -23 -24 24 25 26 27 -29 29 31 -32 33 -34 -35 35 -37 37 -39 -40 40 41 -43 -44 -45 51 46 47 -49 -50 53 -52 -53 -54 -55 -56 56 -58 -59 59 60 -62 -63
leaf_value=0.08271137640929585 -0.005037539457768735 0.031887197545271334 -0.20934479384657961 -0.011029815490529709 -0.15154621709329769 0.017269201302645962 -0.27558399904606812 0.006537953716618459 0.16322917893401212 -0.28831456287103618 -0.15139381155482448 0.064148026661036181 0.057666679418473255 0.17274358261995065 -0.065719453137322845 -0.018672540152043619 0.15821082846490234 0.035810991194162263 -0.04970280788451923 -0.078548023307639006 0.064115675372661454 0.011062797376311913 -0.32992114304883141 0.055142164936039961 0.053499678250860508 -0.049343943908189643 0.0081258908508952902 0.26794587030245198 -0.067937193657006623 0.034792328944380245 -0.24703123662954776 -0.1441749974174408 -0.042324894510998051 0.015749180003747094 0.23784533308146977 0.049563199476485499 -0.15503735907907898 0.11227544504579486 0.024722958952906389 0.12011812160176198 -0.036011296573412503 -0.19201197457001251 0.23679371391506351 -0.14824273121552978 -0.042811142064516361 0.0082293349528008587 0.044860267367251121 -0.29934696689923601 0.21004969118651373 -0.0082929495932496378 -0.29314677351995888 -0.28641662455367173 0.12951573845519981 -0.24345233535966493 0.11097270742962055 -0.63316301850114065 -0.04438710414032724 -0.15679189423416046 -0.027659506251347502 0.021074550146427683 -0.14201020130877159 -0.029652538294778916
leaf_weight=1388.5 13968.5 25317.75 246.5 20140.75 903.5 37500.25 177 926 138 647 408.25 8076 6951.75 1222 761.75 12941 364.75 3995.75 1507 2310.75 2562 1650.25 173 1417.5 3250.5 6611.75 10292.5 178 1745 7070 636 220 2974.5 1379 421 1021 2589 387.25 1146.75 368 1122.25 729.25 197 1412 583 1273.25 800 148 994 5482.75 124.5 217 1141 162 337 69 4818 716 16123 887 2062 7504
leaf_count=1582 18818 31878 542 29926 1250 50617 177 926 138 647 418 10941 8163 1222 1694 18101 370 14111 2458 5589 3279 1669 173 3162 6300 9443 10297 178 1748 7070 636 220 2976 1379 421 1021 2589 505 2115 368 1474 1039 197 1412 583 2351 800 148 994 6724 171 217 3583 162 337 126 7644 1463 23305 887 2062 10657
internal_value=5.89958e-05 0.0074252 0.0029364 -0.0172276 0.012002 0.0126961 0.0147064 -0.0162008 -0.037671 -0.208712 0.0607431 0.0202403 0.0140597 0.101169 -0.0636784 0.0080476 0.00693185 -0.00937443 -0.0216018 -0.0160547 0.021956 -0.0534622 -0.0963114 -0.0116155 -0.0151834 -0.00425108 -0.00969605 -0.0002914 -0.00203429 -0.0214562 -0.115946 -0.00464171 0.0119508 -0.0544014 0.0236401 0.104792 -0.0419939 -0.0732789 -0.085425 -0.111872 -0.0614228 -0.0976005 0.0124655 -0.103502 -0.00118096 0.00169941 0.0273323 0.103027 0.136523 0.00906984 -0.0200465 -0.109449 0.0656136 -0.0151271 0.0100267 -0.0300752 -0.0662789 -0.200177 -0.0239319 -0.0377678 -0.0929738 -0.0161696
internal_weight=232888 163302 137985 69585.2 79466.8 79220.2 77190.2 11721.2 9165 785 2556.25 65469 57393 2148 2030 50441.2 1126.5 58518 8380 8203 4069 4134 2483.75 57129.5 53133.8 37745.2 34494.8 27883 27705 15773.5 2381 13392.5 10044.5 3348 11931.5 1442 15388.5 6342.5 5955.25 4808.5 2219.5 1851.5 10489.5 1969 30941.8 30141.8 10001 1942 1794 8059 9046 800 2414.25 5644.75 557 38643.5 5603 785 33040.5 19072 2949 8921.5
internal_count=321453 221660 189782 99793 108374 107832 104518 16696 14130 785 2566 87822 76881 2148 3314 68718 2064 81408 13345 13168 5737 7431 5762 79826 65715 43635 37335 27892 27714 15778 2384 13394 10046 3348 11936 1442 22080 8090 7585 5470 2881 2513 10494 1969 45488 44688 14762 1942 1794 12820 13990 800 5934 6886 557 54305 9233 1589 45072 26254 2949 13819
cat_boundaries=0 1 2 3 4
cat_threshold=8 5 16 4
is_linear=0
shrinkage=0.04


Tree=89
num_leaves=63
num_cat=6
split_feature=1 0 32 32 5 21 33 23 21 0 11 21 25 19 25 25 25 9 4 21 5 25 23 25 5 12 23 23 5 14 19 0 15 19 20 21 23 25 17 21 33 5 19 25 25 18 32 19 4 0 21 8 21 21 11 23 14 15 8 21 23 28
split_gain=16836 9536.56 8668.4 7520.89 6544.16 6522.6 6274.52 5794.87 6295.99 5788.74 7340.22 5773.7 6884.87 5273.83 5179.12 6028.57 4741.39 4680.28 8804.73 5518.02 4351.86 4349.55 8298.48 5352.61 4812.69 4261.37 4089.02 5089.62 4617.44 5388.2 9061.25 7496.02 5545.59 6319.89 4559.69 4047.94 4041.14 4032.21 6013.69 4271.25 6123.44 4756.7 5536.57 4022.12 8155.01 5762.5 5766.64 5609.59 4111.27 3963.14 3941.28 3918.8 3893.49 3826.75 3803.71 4077.41 3786.22 3742.65 3730.06 3711 4337.78 3689.01
threshold=2.5849999189376835 2.054999947547913 0 1 28.500000000000004 70.499790191650405 2 1.0484992265701296 79.617172241210952 1.5049999952316286 0.021145390346646312 73.233318328857436 34.125000000000007 10.500000000000002 472.37500000000006 650.37500000000011 1.8750000000000002 15.500000000000002 1.9450000524520876 80.24106597900392 1.5000000000000002 313.62500000000006 1.119209945201874 217.37500000000003 21.500000000000004 3.5000000000000004 1.0116243958473208 1.0956143736839297 30.500000000000004 98.134998321533217 17.500000000000004 3.5349999666213994 3.5000000000000004 21.500000000000004 159.00000000000003 69.37909317016603 1.013817369937897 256.87500000000006 3.5000000000000004 72.166973114013686 3 20.500000000000004 23.000000000000004 431.12500000000006 677.12500000000011 1.5000000000000002 4 167.50000000000003 2.3850001096725468 1.9650000333786013 79.132259368896499 222.75000000000003 77.913887023925795 62.764375686645515 0.82555782794952404 1.1222091317176821 78.215000152587905 4.7500000000000009 15.500000000000002 65.880176544189467 1.1990813612937929 5
decision_type=10 8 1 1 2 10 9 10 10 10 10 10 2 8 2 2 2 2 2 10 2 2 8 2 2 10 8 8 2 8 10 8 2 10 2 10 10 2 10 10 9 2 8 2 2 10 1 10 2 10 10 2 10 10 10 10 10 2 2 10 10 9
left_child=1 3 4 6 13 14 20 8 25 54 49 26 52 56 21 -16 -9 37 19 -19 -1 23 -23 57 -24 -7 -3 -28 29 32 -31 -32 -29 -34 -35 -17 -27 39 -39 40 51 42 -42 48 59 46 47 -46 -30 -11 -20 -5 -13 -26 58 -56 -2 -4 -8 -45 -61 -6
right_child=2 11 5 17 61 7 9 16 -10 10 -12 12 -14 -15 15 35 -18 18 50 -21 -22 22 24 -25 53 36 27 28 43 30 31 -33 33 34 -36 -37 -38 38 -40 -41 41 -43 -44 44 45 -47 -48 -49 -50 -51 -52 -53 -54 -55 55 -57 -58 -59 -60 60 -62 -63
leaf_value=0.2276806561236262 -0.052215499409346069 0.049390784960907021 0.0045983520998147658 -0.020257641290344304 -0.058923736359886514 -0.066012839054130995 0.026206770381269017 0.28826504806894493 0.070476819635830482 -0.22974340523001244 -0.018384089124458255 0.050438248096932446 0.0081574694214404768 -0.033789644251269728 0.088902840400288577 0.006327182385636676 0.059186896193429331 -0.097857715182442753 -0.016357834576038465 -0.44692401498221723 0.017004877970510576 -0.14956116098198877 -0.12913521029926858 0.074869954092626992 -0.13529108366671572 -0.18692849685503291 -0.023401919800384825 -0.0095814564329661771 -0.013264415182057747 0.20161874765059559 -0.044423530996073109 0.067859214788885069 -0.46252172904275357 0.26163698828610504 -0.068560808821039085 -0.22446454694432064 0.021407993767170407 -0.059140003708660481 0.016750711595133531 0.043911325032027902 -0.043634382018719817 -0.019079452916800532 0.097956323019642383 0.019650879137064349 0.33431863955528507 -0.18920213160278468 -0.18293703544161263 -0.018376835068066914 0.034755554666063539 -0.04317501224400816 0.15597907156961455 0.18545437904820464 0.1685250166041416 0.063642991240382904 -0.12415233482425941 -0.48559546775575035 0.067166555533135677 -0.1159975710914033 -0.070551081757032591 0.12398830147381475 -0.043658659809636902 0.018260735209326768
leaf_weight=177.5 580.25 2068.5 9828.5 10731 1039.25 1347 690.25 144.5 2659.75 414.5 12116.25 2623.5 26357.5 10317 2504 1080 11967 1790.75 3631.75 73.75 1249.25 841 345 1768 176 152 22549.75 26701 7557 453.5 1864.25 1938.5 62 66.75 2584.25 135 4561.25 3973.75 2880 4240.25 549.5 1463.75 2231.75 1283 122 346 137.25 172 4579.75 326 223.5 148.25 537.5 1184 201.25 65.5 1574.25 427.75 8174.5 2085 279 20445
leaf_count=317 893 7329 14330 17067 1502 1764 1150 149 2929 629 17547 3798 30736 14163 2504 1080 13080 2840 5512 82 1877 850 345 1768 176 152 34180 37801 11106 659 2399 2519 62 219 4754 135 6233 3982 2880 5405 731 2021 2885 1283 122 346 138 172 8092 566 273 332 713 1184 298 106 2238 661 12400 2085 279 27537
internal_value=2.74376e-05 -0.00724862 0.0159304 -0.0206694 0.00114261 0.0287648 -0.0378884 0.044068 0.0191969 -0.0431538 -0.0258694 -0.000130392 0.0148503 -0.021903 0.0113311 0.0534493 0.0619678 -0.00804359 -0.0408204 -0.112133 0.0432 0.000574157 -0.0468992 0.0106329 0.00385053 -0.00332356 -0.00603869 -0.00761546 -0.00052782 -0.00903326 0.0330212 0.0128175 -0.0151207 -0.0695872 -0.0600527 -0.0196365 0.0146111 -0.000890166 -0.0272534 0.0084421 -0.00150605 0.039174 0.0699677 0.0167631 0.0494036 -0.0680993 0.0294702 0.129223 0.00485779 -0.147956 -0.0062892 -0.0174041 0.0706142 0.0377318 -0.0675249 -0.215887 0.0349923 -0.00045211 -0.063012 0.0744716 0.104179 0.0145216
internal_weight=232798 159721 73076.5 55353 33955.8 39120.8 23415 20831.5 8720 21988.2 12856.8 104368 29518.5 12471.5 18289.2 3719 12111.5 31938 5719.75 1864.5 1426.75 14570.2 2546 12024.2 1705 6060.25 74849.5 72781 50231.2 33670.2 4256.25 3802.75 29414 2713 2651 1215 4713.25 26218.2 6853.75 19364.5 15124.2 4245 2781.25 16561 4424.25 777.25 431.25 294 12136.8 740.5 3855.25 10879.2 3161 1360 9131.5 266.75 2154.5 10256.2 8864.75 3647 2364 21484.2
internal_count=321365 227692 93673 78900 46333 47340 34890 24307 11078 32696 18742 148792 35247 17294 23033 3719 13229 44010 8707 2922 2194 19314 2555 16759 1705 8149 113545 106216 72036 48413 5577 4918 42836 5035 4973 1215 6385 35303 6862 28441 23036 5637 3616 23623 4425 778 432 294 19198 1195 5785 17399 4511 1360 13954 404 3131 14991 13550 3647 2364 29039
cat_boundaries=0 1 2 3 4 5 6
cat_threshold=8 8 8 69 8 8
is_linear=0
shrinkage=0.04


Tree=90
num_leaves=63
num_cat=3
split_feature=21 24 23 21 25 15 24 0 6 23 5 25 12 29 21 23 25 23 19 24 23 21 22 24 24 15 21 6 21 5 33 25 14 0 24 22 24 22 25 25 14 20 21 25 25 25 24 23 21 22 29 25 23 22 15 23 20 19 20 24 22 24
split_gain=16836.6 9832.42 23433.1 15225.8 13701.1 13360 11507.8 9236.15 9159.16 9086.3 9039.4 11791.4 10528.2 8326.6 7774.7 8428.05 14042.6 8305.05 7679.15 10584.6 13475.3 7450.48 7437.67 11492.2 9005.77 7624.36 11373.6 8251.42 7119.2 9791.73 7106.45 7018.98 6940.68 6934.49 7972.15 6900.28 6703.21 6623.31 18877.6 7367.57 7190.88 7057.84 6383.48 10992.5 6573.61 8981.3 11587.9 18307.7 9119.23 8323.48 6949.17 9242.29 6737.75 7090.3 6725.11 6401.91 6346.04 6279.44 6140.48 6128.78 10430.5 10083.3
threshold=69.88785552978517 0.12093919888138772 1.1644505858421328 66.347663879394545 765.12500000000011 4.2500000000000009 0.30805669724941259 3.0749999284744267 159.25000000000003 1.1449801921844485 22.500000000000004 11.375000000000002 2.5000000000000004 0 75.729537963867202 1.0555661320686343 487.75000000000006 1.0601473450660708 167.50000000000003 0.12991900742053988 1.2588252425193789 69.501586914062514 0.049720298498868949 0.086485750973224654 0.082709267735481276 4.7500000000000009 69.779163360595717 92.250000000000014 66.73026275634767 42.500000000000007 1 267.12500000000006 95.384998321533217 3.0949999094009404 0.13790606707334521 0.0059330721851438293 0.027278393507003788 0.071642290800809874 713.87500000000011 677.12500000000011 68.924999237060561 177.50000000000003 70.066753387451186 650.37500000000011 661.25000000000011 465.75000000000006 0.16761939227581027 1.0895674228668215 74.626205444335952 0.096611455082893385 2 103.87500000000001 1.1253831982612612 0.03876463137567044 1.5000000000000002 1.1222091317176821 179.00000000000003 36.000000000000007 218.00000000000003 0.024960681796073917 0.030162448994815353 0.060283005237579353
decision_type=10 8 10 10 2 2 10 10 2 10 2 2 10 9 10 10 2 10 8 10 10 10 10 10 10 2 10 2 10 2 9 2 8 8 10 10 10 10 2 2 10 2 10 2 2 2 10 10 10 10 9 2 10 10 2 10 2 10 2 10 10 10
left_child=1 2 13 8 5 6 9 10 30 -5 12 -12 32 -1 35 -16 17 -17 -11 -20 33 -22 23 24 -15 28 27 -27 37 36 -3 58 57 34 -21 -13 -30 41 39 40 -39 -24 43 -37 45 50 47 48 -47 52 51 56 53 -46 -52 -53 -44 -2 -14 -56 61 -61
right_child=7 3 -4 4 -6 -7 -8 -9 -10 18 11 14 31 22 15 16 -18 -19 19 20 21 -23 25 -25 -26 26 -28 -29 29 -31 -32 -33 -34 -35 -36 42 -38 38 -40 -41 -42 -43 44 -45 49 46 -48 -49 -50 -51 54 55 -54 -55 59 -57 -58 -59 -60 60 -62 -63
leaf_value=-0.10505904031039394 -0.04941466282016032 -0.012397715784384023 -0.31059864687292554 0.13082319704757803 -0.24977251745525159 0.18532967276679238 0.400577958289842 0.034916268605096785 0.061799929759326362 0.038706398379386893 0.089623314054845388 0.36486911279753032 -0.030576740800517112 -0.058323721958395983 0.015513879650602023 0.19356244256254002 -0.17143430692950884 0.066234360882932872 0.088694571611451709 -0.039454448878177228 0.17531721313730178 -0.076827658034936339 0.091468821216158486 0.1903660312630332 -0.33459918520065229 -0.24771173861081358 -0.54675900462478588 -0.037263318380945092 0.069090023461380448 0.047388520507611304 -0.084572902596644031 -0.083882229438963091 0.030910943496105278 -0.019047353343631165 -0.22346087595846789 0.039218708252066824 -0.013837434382418247 -0.093180936413432017 0.48911921691484345 -0.46870438195083097 -0.010250440323770038 -0.1190406797179879 -0.063577252376529239 0.36578037507382649 0.02001223712026769 -0.01824596646753867 -0.26271358877014739 0.15610479400238705 0.17144863388057313 -0.33013760541861331 0.21736198321395045 -0.065432326185907497 0.11200645366961123 -0.22883417858760571 0.089922663374288739 0.036553404867811772 0.049522644136291774 0.012294045025457315 0.035213068010123874 -0.050384953538443689 0.013791839210321281 -0.31147781768388549
leaf_weight=1768 4495.5 34022.5 444.75 1224.75 264 945 131 20720.25 2519.25 8672 3287 81 13301.75 6570 12114 1060.75 337 3604 987 600 508 295 291 289.25 192.5 331 76.5 2858.5 1675.75 6499.5 2321.75 3241 11987.25 950 1015.5 1301 22139.25 1915.25 114.25 57 13135.75 1974.75 1079.75 187 341 3419 189 1887 458 199 245 8082.75 296 393 1263.75 1120 2980.25 6381.25 2735 1453.75 9302.5 281
leaf_count=2284 5556 57508 450 1491 264 945 131 23688 4125 9293 4784 81 16514 8307 15576 1069 337 3811 1041 600 508 295 318 368 281 640 153 3991 6106 10287 2747 3241 13968 1043 1026 2015 32160 3200 115 57 24037 2913 1601 187 341 3419 189 1887 458 199 275 8337 296 393 2553 1126 7217 8248 4214 1564 10978 281
internal_value=5.14077e-05 -0.0108513 -0.021973 0.00147107 0.0348608 0.0397955 0.0302087 0.0106732 -0.011926 0.0267482 0.00549954 0.0161858 -0.00843771 -0.0198192 0.0115111 0.0335563 0.0772288 0.0952606 0.0169446 -0.0263801 -0.060133 0.0827155 -0.0172015 -0.0557064 -0.0662859 -0.0118858 -0.0709964 -0.0592473 -0.00784427 0.0038802 -0.0170397 -0.0302098 0.00992008 -0.104877 -0.155259 0.000591676 -0.00799657 -0.0281666 -0.0186624 -0.0225671 -0.0208149 -0.0919437 -0.000284993 0.0806996 -0.0039426 -0.000427286 0.0438527 0.0539939 0.00423793 -0.0946361 -0.0106437 -0.0308156 -0.0485769 -0.113475 0.0106974 -0.0530143 0.0194255 -0.0132146 -0.0193531 0.00655463 -0.00300473 -0.0929922
internal_weight=232613 114789 60333 54455.8 15592.2 15328.2 14383.2 117824 38863.5 14252.2 97104.2 54962.5 42141.8 59888.2 51675.5 17115.8 5001.75 4664.75 13027.5 4355.5 3368.5 803 58120.2 7051.75 6762.5 51068.5 3266 3189.5 47802.5 30314.5 36344.2 19277.8 22864 2565.5 1615.5 34559.8 23815 17488 15222.2 15108 15051 2265.75 34478.8 1488 32990.8 31761.8 5953 5764 3877 1229 25808.8 13262.8 1030 734 12546 9202.75 4060 10876.8 16036.8 12301 11037.2 1734.75
internal_count=321087 176684 95667 81017 16637 16373 15428 144403 64380 15297 120715 68974 51741 95217 64190 20793 5217 4880 13806 4513 3472 803 92933 8956 8588 83977 4784 4631 79193 48553 60255 23969 27772 2669 1626 43397 38266 30640 27409 27294 27237 3231 43316 2202 41114 39885 5953 5764 3877 1229 33932 18281 1030 734 15651 9463 8818 13804 20728 15376 12823 1845
cat_boundaries=0 1 2 3
cat_threshold=128 11 16
is_linear=0
shrinkage=0.04


Tree=91
num_leaves=63
num_cat=4
split_feature=9 0 5 25 15 24 5 21 21 21 20 19 24 23 19 33 8 24 23 15 21 25 4 24 25 24 21 23 21 23 23 25 28 7 11 6 25 32 19 26 9 7 19 20 25 20 19 26 25 23 14 21 19 8 14 14 6 32 15 7 23 21
split_gain=15238.1 10148.9 9295.2 10842.6 16166.6 9233.25 8375.06 8193.98 8045.41 9646.11 7801.76 8502.77 8097.67 7798.76 7724.57 16887.1 10667.1 8159.22 10270 6974.99 11833 9556.98 6942.99 6887.01 7183.48 6870.89 6846.88 9504.35 7843.52 7441.15 9430.01 7720.76 8195.18 19484.9 6369.27 6317.9 6315.96 11087 8625.52 5799.7 5779.15 5769.1 7985.51 5764.46 7512.38 5661.27 11829.1 7262.52 9069.6 6746.12 6370.71 5199.7 5170.52 7615.1 7371.8 7008.47 6275.36 5135.85 5120.7 5111.56 5055.87 4984.62
threshold=3.5000000000000004 3.5049999952316289 28.500000000000004 276.37500000000006 3.5000000000000004 0.33845931291580206 34.500000000000007 75.729537963867202 67.372478485107436 63.620441436767585 179.00000000000003 10.500000000000002 0.033707041293382652 1.0368346571922304 59.500000000000007 0 17.500000000000004 0.10748013481497766 1.0189087986946108 2.5000000000000004 77.618881225585952 101.12500000000001 2.0149999856948857 0.026129708625376228 42.125000000000007 0.077784016728401198 75.113819122314467 1.0933781862258913 65.778343200683608 1.0555661320686343 1.0601473450660708 331.62500000000006 1 62.500000000000007 0.71984010934829723 32.500000000000007 391.50000000000006 2 190.50000000000003 1.5000000000000002 9.5000000000000018 43.500000000000007 59.500000000000007 179.00000000000003 57.375000000000007 79.000000000000014 49.500000000000007 1.5000000000000002 54.625000000000007 1.0700095891952517 64.020000457763686 69.617095947265639 36.000000000000007 16.500000000000004 73.674999237060561 83.795001983642592 11.500000000000002 3 3.5000000000000004 6.5000000000000009 1.0235687494277956 67.430934906005874
decision_type=2 10 2 2 2 10 2 10 10 8 2 10 8 10 8 9 2 10 8 2 10 2 2 8 2 10 10 10 10 10 10 2 9 2 10 2 2 1 10 2 2 2 8 2 2 2 10 2 2 10 10 8 10 2 10 10 2 1 2 2 10 10
left_child=1 2 3 10 5 -5 34 8 9 -6 14 -12 13 58 45 16 17 18 -16 20 -14 -22 -8 -20 -25 -26 27 51 -29 31 -31 -28 33 -33 41 -18 43 -38 -39 57 -36 42 -2 44 -30 46 -1 48 49 -48 -49 -4 55 54 -54 -47 -57 -10 -13 -19 -60 -21
right_child=6 -3 26 4 7 -7 22 -9 39 -11 11 12 19 -15 15 -17 35 59 23 61 21 -23 -24 24 25 -27 29 28 36 30 -32 32 -34 -35 40 -37 37 38 -40 -41 -42 -43 -44 -45 -46 52 47 50 -50 -51 -52 -53 53 -55 -56 56 -58 -59 60 -61 -62 -63
leaf_value=-0.17252960496151315 0.0076164307239694976 0.059843978103828091 -0.031100266601309896 -0.013668646689701381 -0.19890834536926086 0.32234872762091227 -0.032056331376344047 0.017948317110614221 -0.045799510064018126 0.017245375488020617 0.060797849784744909 0.0068499727430066408 -0.043201565709042815 -0.15005546373706055 0.27364960272729266 0.11071589211519919 -0.10536990388270435 0.060632602012075189 -0.2863534278086714 0.0020865855944510983 -0.029503056610913903 0.35311854471220921 0.0070930172248013989 -0.10938624705593336 -0.018850795799850523 0.20116374939286147 -0.011062374603661196 -0.0050159996083064904 0.0066258175474407221 0.21917371978231104 0.058936938204520388 -0.5400881035738978 0.089298633647210829 0.071426200950888266 -0.090802009413146159 -0.040395920057308299 0.1560394593777705 0.081101703167635514 -0.040254760216965856 0.045293546938171607 -0.37110507066064585 -0.058609720460950518 -0.039136668990669053 -0.0068287386493262239 0.098253457759909568 -0.039122941603674126 -0.25793998199672374 -0.33938507986068722 0.12996919712742994 0.03462672189326009 -0.019398381499292183 0.0061997149869032321 0.062532963645664325 0.018287658236621946 0.24732603117320054 -0.025782964099894973 0.049398501079934203 -0.22733730674197197 -0.025166057949997211 0.37053390243941664 -0.18911803767457408 0.050382195094458737
leaf_weight=836.75 10409.25 5463.5 9166 14935 492 130 9841.75 785 299 996 6091 4253 4119 771.25 163.75 1307.5 3232.25 1918.25 183 5188.75 190.75 228 27483.75 1080.25 1029.75 289.25 4728.25 7914.5 2884.25 730 2995.5 114 3111 295 586.75 9246.5 1897 2718 1428 170.75 146 7634 13327 4945 2841.75 5133.5 204 154 891 324 276 17192.75 1371.75 7497.25 460.75 2830.5 4763 1539 848 87.25 465.25 10027.75
leaf_count=1580 13566 6536 15370 14941 492 130 12784 785 299 996 9649 6593 6162 799 619 1828 4922 2786 183 9871 193 228 41790 2203 1266 437 6823 9164 3125 745 3144 114 3111 295 889 13439 1897 2718 1428 194 212 11525 18904 5425 2913 8279 204 154 891 324 276 25562 3507 9157 1045 4125 6953 1539 1874 91 649 13330
internal_value=-0.000419236 0.00625687 0.00440039 -0.00351153 -0.0302254 -0.0107261 -0.0161153 -0.098793 -0.124998 -0.0543905 0.00333772 0.0182522 0.00831587 -0.0310195 -0.00775267 -0.0272743 -0.0377999 0.0131773 -0.031609 0.0209376 -0.022579 0.179495 -0.00323058 -0.0511665 -0.033001 0.0296227 0.0163144 0.00992107 0.0277864 0.043532 0.0904377 0.0223283 0.0671635 -0.1008 -0.0310948 -0.0572403 0.0433183 0.0759886 0.0393019 -0.177192 -0.147521 -0.0283658 -0.0186344 0.0248056 0.0521194 0.00687415 -0.0479356 0.00856961 0.0522274 -0.0789421 -0.135057 -0.00677206 0.0135522 0.0361684 0.109219 -0.00302948 0.0213739 -0.197892 -0.0144767 0.0744747 -0.0834553 0.0339166
internal_weight=232663 163234 157771 94809.8 19346.8 15065 69428.5 4281.75 3496.75 1488 75463 32182.8 26091.8 6337.5 43280.2 18537.8 17230.2 4751.5 2746 19754.2 4537.75 418.75 37325.5 2582.25 2399.25 1319 62961 50987.2 24628.5 11973.8 3725.5 8248.25 3520 409 32103 12478.8 16714 6043 4146 2008.75 732.75 31370.2 23736.2 10671 5726 24742.5 2685.75 1849 1419 528 430 26358.8 22056.8 9329.75 1832.5 12727 7593.5 1838 5566.25 2005.5 1313.25 15216.5
internal_count=321033 221363 214827 132993 19376 15071 99670 4305 3520 1488 113617 49348 39699 9915 64269 27774 25946 7585 4708 29784 6583 421 54574 4089 3906 1703 81834 67602 26670 14232 3889 10343 3520 409 45096 18361 17506 6043 4146 2032 1101 43995 32470 11463 6038 36495 3429 1849 1419 528 430 40932 33066 13709 4552 19357 11078 1838 9116 2877 2523 23201
cat_boundaries=0 1 2 3 4
cat_threshold=5 8 4 16
is_linear=0
shrinkage=0.04


Tree=92
num_leaves=63
num_cat=3
split_feature=4 4 17 25 21 4 33 14 11 30 25 20 23 23 6 22 21 21 23 29 22 15 6 22 23 23 25 23 18 23 15 23 22 25 4 0 22 5 23 26 20 15 20 20 14 25 16 22 22 23 17 14 22 23 21 22 22 1 21 23 5 12
split_gain=15640.6 9473.69 10640.1 8892.51 9160.11 8458.33 8840.41 7858.62 12990.1 7852.65 7648.78 7482.63 6872.78 9796.12 6563.14 6283.48 6397.9 9449.35 12248.5 7466.24 7628.47 6254.11 6116.6 6156.2 6010.59 6007.72 8876.95 5976.31 6474.83 6531.61 6295.58 5617.27 9130.62 6813.98 5581.85 5529.06 5517.46 5384.25 5347.11 7288.65 11462.3 9716.72 6585.22 14050.6 7486 6214.07 5312.61 5278.36 5246.64 5508.62 4929.64 5034.36 4895.58 5294.87 4883.52 4881.61 5386.94 4832.67 4778.12 7800.26 4691.07 5537.67
threshold=2.7649999856948857 1.0000000180025095e-35 4.5000000000000009 81.125000000000014 69.930908203125014 2.2350000143051152 0 91.979999542236342 0.54502454400062572 1 189.12500000000003 177.50000000000003 1.0933781862258913 1.1021022796630862 12.500000000000002 0.012908976525068285 89.870384216308608 78.408687591552749 1.0555661320686343 2 0.055593475699424751 2.5000000000000004 9.5000000000000018 0.12391588091850282 1.1057349443435671 1.0478878021240237 331.62500000000006 1.1562275290489199 1.5000000000000002 1.019891679286957 5.5000000000000009 1.0317353606224062 0.033055298030376441 97.625000000000014 3.6950000524520878 1.0000000180025095e-35 0.053768806159496314 57.500000000000007 1.1071881651878359 1.5000000000000002 177.50000000000003 2.5000000000000004 159.00000000000003 110.00000000000001 78.58499908447267 4.8750000000000009 4.5000000000000009 0.035563597455620773 0.34571312367916113 1.4528056383132937 1.5000000000000002 92.514999389648452 0.081084579229354872 1.0239408016204836 65.668624877929702 0.10032052919268609 0.139328308403492 3.5349999666213994 66.663600921630874 1.0873403549194338 20.500000000000004 2.5000000000000004
decision_type=2 2 10 2 8 2 9 10 8 9 2 2 10 10 2 10 10 10 10 9 10 2 2 10 10 10 2 10 10 10 2 10 10 2 2 8 10 2 8 2 2 2 2 2 10 2 2 10 10 10 8 10 10 10 8 10 10 10 8 10 2 10
left_child=1 7 5 4 52 6 22 8 37 -10 27 50 15 -14 -2 25 17 19 -19 -17 36 24 23 -3 -15 26 -12 28 31 -30 -31 -5 -33 -34 48 -11 -21 -1 -37 40 41 -40 43 -41 -45 -43 -8 -26 49 54 51 -9 -4 -54 -16 -49 -57 -13 -22 -60 61 -7
right_child=14 2 3 10 -6 60 46 11 9 35 12 57 13 21 34 16 -18 18 -20 20 58 -23 -24 -25 47 -27 -28 -29 29 30 -32 32 33 -35 -36 38 -38 -39 39 42 -42 45 -44 44 -46 -47 -48 55 -50 -51 -52 -53 53 -55 -56 56 -58 -59 59 -61 -62 -63
leaf_value=0.024490668687360013 -0.099775838866905858 0.014943908852656685 -0.075248669346827446 0.11155645024103805 0.085046003466876116 0.0022460514404635586 -0.031427636133866052 0.37738782363166606 -0.37624433493776388 -0.21864708508821268 -0.095720320165372963 0.016896600572024065 0.22180304773118764 -0.12284739970893432 -0.017960249008267131 0.23068700535459952 0.12372059510960466 -0.51714827138834263 -0.0024298819853177927 -0.050503770820008523 -0.071365571383317741 -0.078324348140992095 0.0031901499277141926 0.23473377174984084 0.27933433583601613 0.26181003187581114 0.068258583177805351 -0.19039749364752048 0.2567979484634399 -0.066707751851644848 -0.31507199970041 -0.15691451123343325 -0.11969721287216409 0.087120665008067213 0.15033772698345918 -0.0793137808383024 -0.31660227249851519 -0.1167780162646323 -0.12247451124436491 -0.13642138588999994 -0.066927837897264392 -0.10469680481195451 -0.099694037753180989 0.055486635496355963 0.35408887469108286 0.1465544916791067 0.16094326410708162 0.013973462236104644 -0.27946745151121127 0.23169722892958458 0.029655099795084724 0.12218917425167083 0.18515022264308653 -0.00043490812916920036 0.0247907891299682 0.23575801760714804 -0.027347864891036175 0.14254259480397422 0.26517840162447537 -0.0070594085977758684 0.0028298541678538685 -0.039457115903108304
leaf_weight=13233.5 715 373 1057.75 715.75 4549.75 9244.75 52022.5 138.75 98.25 257.25 689 19106 538 232 4765.5 164 418 145 149 3818 281 602 1760.5 448.75 212 188 2241 391 91.75 2495.75 173 550 337 1026 535.5 2685.5 127 444.25 302 632.25 1230.5 173 2034.25 782.25 160.5 1618.25 228.75 1010 91 196.25 933.75 1071 304.75 1241 41428.5 420 176 500.75 324 348 39348 11345
leaf_count=16934 817 553 2776 937 12022 13546 74704 222 153 357 689 24995 538 232 6513 164 418 145 149 3818 392 602 2284 703 212 188 2241 412 151 2825 173 685 469 1200 543 4298 127 448 1013 885 1877 182 3568 1413 207 2147 249 1010 133 197 1077 1560 1219 2387 53433 420 176 554 324 348 53544 14756
internal_value=-8.1073e-05 -0.00534348 -0.0104995 0.0131376 0.0508172 -0.0156517 -0.0270045 0.0105309 -0.00542743 -0.0401377 -0.00195546 0.0278836 0.0161486 0.0664975 0.0203351 -0.00192401 -0.0266318 -0.0384091 -0.258094 -0.0255514 -0.0346235 0.0348449 0.0451186 0.135257 0.0681259 0.0438158 0.0296566 -0.0397909 -0.028796 -0.0715591 -0.0830347 0.0161275 -0.0196523 0.0358789 0.022166 -0.0362999 -0.0592283 0.0198853 -0.0314154 -0.0128433 0.0298844 0.0868081 -0.0521881 0.00921343 0.106973 0.122194 -0.0305733 0.0926092 0.0206828 0.0212838 0.0988078 0.15204 -0.00901575 0.0363406 0.0203797 0.0676387 0.158217 0.0201202 0.0667695 0.124584 -0.00526496 -0.0207337
internal_weight=232920 185189 139787 25015.5 7153.25 114771 54833.5 45402 23651.8 9974 17862.2 21750.2 12082 3190 47731.8 8892 5774 5356 294 5062 4898 2652 2582.25 821.75 2050 3118 2930 5780.25 5389.25 2760.5 2668.75 2628.75 1913 1363 47016.8 9875.75 3945 13677.8 9618.5 6933 3323.75 2093.25 3609.25 1575 942.75 1791.25 52251.2 1818 46481.2 46390.2 2143.5 1209.75 2603.5 1545.75 46194 1606 596 19606.8 953 672 59937.8 20589.8
internal_count=321314 259678 197788 37449 18404 160339 78493 61890 33482 16100 19045 28408 12193 3190 61636 9003 5885 5467 294 5173 5009 2652 3540 1256 2050 3118 2930 6852 6440 3149 2998 3291 2354 1669 60819 15947 3945 17382 15590 11292 5219 3342 6073 2505 1620 2329 74953 1818 60276 60143 2859 1782 6382 3606 59946 1606 596 25549 1064 672 81846 28302
cat_boundaries=0 1 2 3
cat_threshold=8 32 32
is_linear=0
shrinkage=0.04


Tree=93
num_leaves=63
num_cat=3
split_feature=21 25 1 23 32 0 15 25 17 22 23 15 28 20 20 21 25 17 21 25 25 21 17 22 22 21 23 23 19 7 12 25 23 6 22 6 32 23 23 15 25 21 22 21 21 21 23 23 25 6 25 20 19 22 21 25 25 21 25 21 25 22
split_gain=14563.2 13032.3 11050.6 8170.3 7498.15 11212.8 11068.1 11106.8 8719.8 9406.28 8395.32 18953.1 16843.9 9603.89 9973.79 8672.29 9466.99 17036.9 8648.42 8466.32 14544 9062.4 8303.21 14073.9 10124.6 9230.95 9910.77 9152.51 8218.36 8200.13 8120.62 11488 7860.99 7844.21 9297.71 7721.47 7544.81 9425.05 7533.97 7528.36 8579.02 9022.66 6633.66 6889.12 6687.5 7960.22 9870.93 9227.32 7653.86 6526.77 8002.02 9723.94 7718.55 6421.61 7710.02 6262.21 10369.4 6644.68 10095.7 14950.9 9207.85 7120.89
threshold=66.469604492187514 31.125000000000004 3.0849999189376835 1.0013249516487124 0 2.1049998998641972 1.0000000180025095e-35 661.25000000000011 2.5000000000000004 0.10899818688631059 1.1218423247337344 2.5000000000000004 1 175.00000000000003 179.00000000000003 70.499790191650405 158.62500000000003 3.5000000000000004 77.250598907470717 350.12500000000006 243.87500000000003 79.325862884521499 3.5000000000000004 0.085405070334672942 0.12127390503883363 66.595855712890639 1.2588252425193789 1.2374786734580996 163.50000000000003 33.500000000000007 2.5000000000000004 423.75000000000006 1.0722166895866396 209.25000000000003 0.04496899992227555 122.25000000000001 2 1.0249221920967104 1.0625432729721072 4.2500000000000009 298.37500000000006 69.020175933837905 0.071642290800809874 66.288085937500014 59.93836975097657 60.142297744750984 1.4528056383132937 1.4528056383132937 635.37500000000011 204.25000000000003 137.62500000000003 179.00000000000003 9.5000000000000018 0.026197687722742561 73.303638458251967 81.125000000000014 79.625000000000014 62.269115447998054 306.37500000000006 60.628669738769538 317.62500000000006 0.18932993710041049
decision_type=8 2 10 8 1 10 2 2 10 10 10 2 9 2 2 10 2 10 10 2 2 10 10 10 10 10 10 10 10 2 10 2 10 2 8 2 1 10 10 2 2 10 10 10 10 10 10 10 2 2 2 2 8 8 10 2 2 10 2 10 2 10
left_child=1 -1 3 -2 5 -5 -6 10 -9 -10 12 22 15 18 53 35 -17 30 -14 20 -19 -22 25 28 -25 -12 27 -27 -24 -16 -18 38 -20 -31 -35 -8 37 -21 -32 40 -13 -42 43 -3 48 47 55 -46 -44 50 52 -52 -7 54 -15 56 -47 58 59 -57 -60 -59
right_child=2 42 -4 4 6 49 7 8 9 -11 11 39 13 14 29 16 17 19 32 36 21 -23 23 24 -26 26 -28 -29 -30 33 31 -33 -34 34 -36 -37 -38 -39 -40 -41 41 -43 44 -45 45 46 -48 -49 -50 -51 51 -53 -54 -55 -56 57 -58 61 60 -61 -62 -63
leaf_value=-0.076846293285758163 0.06393657223118264 -0.040225050070885296 0.032254224931161452 -0.035822690013676446 -0.27563978694602848 0.035197751969907459 -0.048845117288808235 -0.012060636115049081 -0.091340025859103113 -0.38361070919565377 0.33389761097090587 0.070569177816595316 0.010595689022385533 -0.16596869835273495 0.054638634914320153 0.028240131584644359 -0.015818741174043357 0.17713100596251111 -0.15944662850595834 0.24124619385896978 -0.047822082807929947 -0.34536163317277785 0.049765327918549804 0.27018349634852534 -0.14086525904366584 -0.05849337877739904 0.11008207058580592 -0.25436086441548628 -0.20678025799688943 -0.031933760977249884 -0.21694005022638099 -0.0039431709245133593 0.13075841372609137 -0.050889242992333869 0.26407811351796984 0.0080941677746431597 -0.036178878690814598 0.05883346856866737 -0.061709809721233348 0.20181280896117901 0.076223719002766185 -0.088498375687912287 -0.054334048981689184 -0.19900305737084573 0.18890135569028682 0.011341527398009399 0.097928207351182572 -0.18262347853553387 0.26589289112022668 -0.13773148898003709 0.064591137818229769 0.004005170157799701 -0.026663118797868451 0.11594055104399428 0.060436603942294824 0.02448161430552943 0.22443344099574725 -0.016868805499385655 0.2571028705294271 -0.185332140534959 -0.025037215708674194 0.058419785643107007
leaf_weight=5492.5 3314.5 2160.5 21672 19002.75 218 3970.25 12653.75 2880 1356 201 96 10345 8138.75 278 6480.75 12894.5 2626 443 884.25 653 1572 181 512 537.5 115.25 3558.75 494 426 325 4417.5 1431 1091 178 272.75 329.5 5451.25 702 1478 772 587 938 1224 5733.5 546.75 631.5 8529.75 1448 127 120 534.75 5650.5 16947 17205 4198.75 1712 806 379.75 19865.25 204 1662.75 1820 2234.25
leaf_count=13360 13258 2639 26952 23757 518 5387 26654 2904 1356 201 96 11002 13016 278 9093 18842 2626 443 912 653 1572 181 512 623 116 3816 494 426 325 6759 1431 1091 178 308 598 9751 702 1478 772 587 938 1224 7436 864 822 16089 1448 127 120 615 5655 16947 24129 8185 1838 854 631 20892 204 2091 1820 2583
internal_value=0.000105628 -0.0186031 0.00545756 0.00181106 0.000489923 -0.0101199 0.00773987 0.00841424 -0.05332 -0.129519 0.0115282 0.0349465 0.00500977 0.0297217 0.0469606 -0.0108318 0.00501633 -0.0223335 -0.00342282 0.0317953 -0.0271382 -0.0789066 -0.0235072 0.058456 0.197388 -0.0502138 -0.0585942 -0.0795522 -0.0500951 0.0249189 -0.0683121 -0.110123 -0.110655 -0.0134557 0.121725 -0.0317018 0.0774673 0.114908 -0.162651 0.0620194 0.0554265 -0.0170244 -0.011686 -0.0724177 -0.00790831 -0.0017322 -0.00436873 0.126368 -0.0476793 0.000904538 0.00260458 0.0191594 -0.0150619 0.087898 0.0286692 -0.00854659 0.0204734 -0.0182706 -0.0626057 -0.116864 0.00362161 -0.0092522
internal_weight=232710 51761.5 180949 159277 155962 63310.2 92652.2 92434.2 4437 1557 87997.2 19158.5 68838.8 26890.2 17689.2 41948.5 23843.5 10949 9201 5029 2196 1753 6064.5 1489.75 652.75 4574.75 4478.75 3984.75 837 11500.5 5920 3294 1062.25 5019.75 602.25 18105 2833 2131 2203 13094 12507 2162 46269 2707.25 43561.8 37708.2 36949.8 758.5 5853.5 44307.5 43772.8 22597.5 21175.2 6188.75 1990 35501.8 8909.5 26592.2 4492.75 2468.75 2024 22099.5
internal_count=321179 71980 249199 222247 208989 76490 132499 131981 4461 1557 127520 20159 107361 41165 27059 66196 29791 10949 14106 5029 2196 1753 6408 1576 739 4832 4736 4242 837 16758 5920 3294 1090 7665 906 36405 2833 2131 2203 13751 13164 2162 58620 3503 55117 47561 46612 949 7556 52733 52118 22602 29516 10301 2116 45164 16720 28444 4969 2945 2024 23475
cat_boundaries=0 1 2 3
cat_threshold=8 16 4
is_linear=0
shrinkage=0.04


Tree=94
num_leaves=63
num_cat=3
split_feature=4 4 21 24 21 14 11 30 10 5 5 12 10 25 4 14 20 9 8 19 15 23 21 21 11 23 25 22 25 7 23 6 22 25 25 25 20 23 22 21 23 23 24 25 29 17 24 22 20 14 30 22 25 19 21 21 21 6 24 23 15 15
split_gain=13030.5 13872.3 7364.77 7253.15 10212.6 6762.04 9922.7 8193.3 7660.55 7515.46 6694.02 8270.8 8330.48 8969.37 7318.24 6691.79 13537.6 6179.66 7661.19 7303.72 6128.06 8238.51 7696.66 6566 5995.94 5706.29 12389.7 7097.69 6909.92 6236.46 5650.65 5609.46 5518.33 6132.48 5445.26 7232.91 10453.5 7729.89 6490.58 5803.93 5672.18 6867.63 7125.84 5728.36 5568.67 5647.89 5399.48 5343.83 5321.45 6441.19 6004.02 5227.67 5204.74 5182.94 5127.46 5052.87 4992.24 7075.3 6322.31 8741.13 6758.51 5680.91
threshold=2.4150000810623173 1.0000000180025095e-35 59.93836975097657 0.13076394051313403 69.445976257324233 98.095001220703139 0.71984010934829723 0 12.750000000000002 57.500000000000007 34.500000000000007 2.5000000000000004 2.5000000000000004 31.125000000000004 1.6349999904632571 77.479999542236342 159.00000000000003 16.500000000000004 127.25000000000001 55.000000000000007 3.5000000000000004 1.1367053985595705 74.235458374023452 63.870082855224616 0.034909110516309745 1.1748403906822207 423.75000000000006 0.081084579229354872 52.625000000000007 22.500000000000004 1.1234417557716372 3.5000000000000004 0.030162448994815353 158.62500000000003 82.375000000000014 174.62500000000003 179.00000000000003 1.0285536050796511 0.011355254333466293 86.135070800781264 1.1267514824867251 1.0764702558517458 0.058954022824764259 677.12500000000011 1 4.5000000000000009 0.33845931291580206 0.15084849298000338 159.00000000000003 68.924999237060561 2 0.029824725352227691 162.12500000000003 36.000000000000007 76.79990386962892 71.565551757812514 65.38632965087892 130.25000000000003 0.15209245681762698 1.2588252425193789 4.2500000000000009 2.5000000000000004
decision_type=2 2 8 8 10 10 8 9 2 2 2 8 2 2 2 10 2 2 2 10 2 8 10 8 10 10 2 10 2 2 10 2 10 2 2 2 2 10 10 10 10 10 10 2 9 10 10 10 2 10 9 10 2 8 10 10 10 2 10 10 2 2
left_child=1 5 52 4 25 6 9 -8 15 -1 11 12 13 -3 31 48 30 20 19 -19 -13 22 -22 -23 -11 27 -27 -4 53 47 -17 -14 -24 -34 44 37 40 38 -36 -39 41 42 -37 -42 -12 51 56 -30 49 50 -9 -46 -2 -29 -47 -16 57 -5 60 61 -58 -60
right_child=2 10 3 46 -6 -7 7 8 -10 24 34 17 14 -15 55 16 -18 18 -20 -21 21 23 32 -25 -26 26 -28 28 29 -31 -32 -33 33 -35 35 36 -38 39 -40 -41 43 -43 -44 -45 45 54 -48 -49 -50 -51 -52 -53 -54 -55 -56 -57 58 -59 59 -61 -62 -63
leaf_value=0.027597390946808461 -0.17006436899136515 0.041297758585085956 -0.03948922812857468 -0.010596193207547037 0.017111860730231493 0.044194589507869128 -0.3522341740820002 -0.014061264997083749 -0.24879339045868978 -0.0059523657703642379 -0.066890222969622673 -0.023268260397391424 0.078947803293630242 -0.08454844903990795 0.033401310985384347 0.0030550693971862705 -0.011283702409484187 -0.52732278386430542 -0.067408780585774153 -0.12480666686575234 0.005505891208714371 -0.044067523366568599 -0.05335078310832863 -0.18372391533344462 -0.20267560081593811 0.087223236456050166 -0.33665024472914035 -0.093883186502352334 -0.056860320926745207 0.057284708603266739 0.20667351426646105 -0.040990494445083556 -0.084274115549772349 -0.44663219689253048 -0.27541930155977606 0.040652729664857938 -0.024446953740989898 -0.063908455939926612 0.10299806010513575 0.20366639241469153 0.012662881345336796 0.10960713911804161 -0.17808324662540309 -0.17943769909599513 -0.073106387341236603 0.048975632823130541 0.2748762475348912 0.094910985688891877 -0.11954136335142508 0.061820026116707151 -0.16042893277993944 0.024884102140486038 -0.0037734889013022739 -0.0029078451170606689 0.17742793478194713 0.1273745736853657 0.079678792640959145 0.087477973815232798 -0.083609103699090956 0.12905816603056999 0.27146646943660718 0.034214755507630874
leaf_weight=19578 598.25 1374.75 8886.75 5169.25 55728 7857.25 105.5 1277 223 636.5 1031.75 35618.25 813.75 2650.5 2599.5 320 11283.75 115.5 2494.75 191.5 2533 902.75 477.5 1340 404.25 191 257 1402.75 1703.5 4988.75 683.5 2651.25 145.75 154 78 1566 12129.25 6967.5 780.25 130.25 4192 2448 279 262 1042.25 2540 152 472.5 1434.25 922.25 686.25 5251 604.75 3495.5 617.25 1413.25 3340.5 1521.75 1107.5 911 321 1595.5
leaf_count=25218 1067 2895 12009 10291 67731 9955 167 2516 313 641 1430 47865 1200 3387 3678 824 15477 219 4747 358 4336 1208 509 2180 405 191 257 2842 2287 6107 1228 3867 226 154 78 1566 12265 8397 1156 161 4192 2448 279 262 3608 8060 152 564 2530 1472 1185 12505 610 8414 1413 1711 3504 2937 1130 911 321 1609
internal_value=-3.65273e-05 -0.00772358 0.0116212 0.0129184 0.00809256 0.0104544 0.00339299 -0.0192925 -0.0169441 0.0220265 -0.0164323 -0.0253805 0.00481564 -0.0415668 0.0297887 -0.0138109 0.00124608 -0.0332796 -0.0907461 -0.278701 -0.0293645 -0.0684432 -0.0283066 -0.127602 -0.0826138 -0.0153962 -0.156334 -0.0123673 0.00761584 0.0326443 0.141886 -0.0127916 -0.13824 -0.272193 -0.00380481 -0.0127809 -0.000411335 -0.0452288 0.0680368 -0.0589411 0.0329153 0.0657135 0.00741423 0.00128559 0.0208815 0.0305153 0.0392754 -0.0238439 -0.0566221 -0.0252839 -0.0662269 0.00863617 -0.0866213 -0.0289905 0.0741873 0.0665467 0.0366717 0.0117273 0.0596015 0.0220475 0.0966338 -0.0140844
internal_weight=232649 140202 92447.2 91244.2 77125.8 45411.5 37554.2 16935.5 16830 20618.8 94790.5 55476 11503 4025.25 7477.75 16607 12287.2 43973 2801.75 307 41171.2 5553 3310.25 2242.75 1040.75 21397.8 448 20949.8 12063 7164.75 1003.5 3465 777.25 299.75 39314.5 28832.2 20876.2 7956 858.25 7097.75 8747 4293 1845 4454 10482.2 9450.5 14118.5 2176 4319.75 2885.5 1963.25 6293.25 1203 4898.25 3157.25 4012.75 13966.5 6691 7275.5 3614 3661.5 2703
internal_count=321225 198291 122934 121257 100402 61931 51976 25712 25545 26264 136360 78540 16738 6282 10456 25232 17529 61802 5324 577 56478 8613 5225 3388 1046 32671 448 32223 20214 8958 2052 5067 889 380 57820 30804 21012 9792 1234 8558 8747 4293 1845 4454 27016 25586 20855 2851 7703 5173 3701 16113 1677 11256 9473 5389 20703 13228 7475 3650 3825 2739
cat_boundaries=0 1 2 3
cat_threshold=32 132 8
is_linear=0
shrinkage=0.04


Tree=95
num_leaves=63
num_cat=6
split_feature=1 21 24 25 23 32 24 25 0 25 25 19 6 23 21 24 28 21 23 23 17 23 23 24 22 21 25 21 25 21 25 32 23 21 5 24 17 20 21 25 21 22 17 28 23 22 22 32 22 6 22 21 25 25 23 6 28 24 25 20 19 21
split_gain=12720.1 10486 11217.5 10229.3 7856.85 6976.48 11100.1 10831.2 10142 10076.4 20760.3 10529.3 9262.6 9241.87 8351.71 13643.4 9896.25 9349.36 8299.51 7670.41 12327.1 8072.34 7311.24 7065.27 9402.97 7167.33 9209.55 6935.75 6882.85 7108.9 9769.34 7979.78 7283.13 6827.9 6700.22 6584.67 11090.2 6443.54 8966.3 13534.2 9364.21 8834.72 12853.2 10272.2 10718.2 10120.1 7156.32 6883.3 7479.9 6623.5 6805.83 7119.72 6755.21 6503.79 6490.54 6402.35 8234.02 10326.8 7695.83 8577.99 6814.04 7586.57
threshold=3.2549999952316289 66.469604492187514 0.30805669724941259 31.125000000000004 1.0013249516487124 0 0.011484527960419657 661.25000000000011 2.1049998998641972 403.87500000000006 276.37500000000006 128.50000000000003 7.5000000000000009 1.0260539650917055 71.05499649047853 0.10630202665925027 1 69.930908203125014 1.1021022796630862 1.0928332209587099 2.5000000000000004 1.212078928947449 1.1683899760246279 0.065228797495365157 0.025052327662706379 82.205451965332045 122.12500000000001 73.036865234375014 391.50000000000006 69.296958923339858 284.25000000000006 2 1.2588252425193789 69.88785552978517 67.500000000000014 0.086485750973224654 3.5000000000000004 181.50000000000003 63.870082855224616 713.87500000000011 66.039329528808608 0.11774935945868494 3.5000000000000004 3 1.2671241760253908 0.12612471729516986 0.14145641028881076 4 0.208744652569294 138.25000000000003 0.193641372025013 65.38632965087892 618.00000000000011 77.625000000000014 1.0939428806304934 204.25000000000003 5 0.053375126793980605 137.62500000000003 179.00000000000003 7.5000000000000009 78.735221862792983
decision_type=10 8 10 2 8 1 8 2 10 2 2 10 2 10 10 10 9 10 10 10 10 10 10 10 10 10 2 10 2 10 2 1 10 10 2 10 10 2 10 2 10 10 10 9 10 10 10 1 10 2 10 10 2 2 10 2 9 10 2 2 10 10
left_child=1 3 4 -1 -3 8 -7 9 -6 10 14 -12 -9 -13 15 18 17 -17 35 -11 -21 22 33 25 -25 26 -16 -28 29 32 31 -31 -15 -22 -20 -8 -37 38 -5 40 47 42 53 -43 45 -45 -47 -40 49 50 51 -49 -51 -39 -55 58 57 -57 60 -60 -10 -62
right_child=-2 2 -4 37 5 6 7 12 55 19 11 13 -14 28 23 16 -18 -19 34 20 21 -23 -24 24 -26 -27 27 -29 -30 30 -32 -33 -34 -35 -36 36 -38 41 39 -41 -42 43 -44 44 -46 46 -48 48 -50 52 -52 -53 -54 54 -56 56 -58 -59 59 -61 61 -63
leaf_value=-0.07076023849510843 0.037012262172435161 0.060413706824301826 0.38258792962674654 -0.021645295676977844 -0.033671094823403677 -0.19859704305562909 -0.0072882778774939387 -0.0015505522557263632 0.044566177841276949 0.019489687029800612 0.028382442658189042 0.055613487910770525 -0.11513686489739942 -0.16044339601191016 0.025382089326929171 0.047959951758936054 -0.011156310248450731 0.17191583029558544 -0.052777333477718374 -0.021681883657631774 0.067314943071283787 -0.066086429399589156 0.28197934722218276 -0.28008805122680236 0.058226548484865803 0.07914913526802636 -0.16412426419862125 -0.0201455650638485 -0.2640017991570287 -0.27551046298219861 -0.031135266252578959 0.018777952562011421 0.14238847688574724 0.19942324994201799 -0.33859956243832906 0.0039492384692433498 0.33058027765251413 0.07612439586292101 0.066671336614625265 0.47490957326155442 -0.048551218048355153 -0.035377388380518911 -0.035400322509067689 0.37397224790885886 0.49248548858010921 -0.16955305411172839 0.067639514689173258 -0.012732626749674491 0.2177659349478045 -0.058919658986575238 -0.20914089695145857 0.089409692087165774 -0.41135258837710031 -0.37515972138964943 -0.15887936621972018 -0.63867397888836108 -0.017717695119219962 -0.082061351545794525 0.059188343890694453 0.0044076960179487076 -0.029385011571142216 0.065852478992191349
leaf_weight=5364.25 13872 3603.25 122 18813.5 19276.75 414 19265.75 2642.5 2746.75 7143 2724 983 2030.25 1666 13539.5 4775 3527 1222 4824.5 1274 1692 325 507 131 11571 2525.5 597 5047 292 496 5940 209 136 995 133 494.25 248.75 145.25 5252.5 102 2808.25 5073 3259 141.5 94.25 253.75 994.75 2767 251 1192.75 201 1801 92 281.5 1062.25 93 386.75 123.25 6018.25 19035 18703.25 1439.5
leaf_count=12946 17295 14413 122 24104 24118 414 47543 2668 3610 7143 2724 983 2031 1666 21737 5384 3995 1222 5687 1274 1692 325 507 131 12678 2686 615 5119 292 496 5940 209 136 995 181 1140 380 581 5848 102 3247 7425 3598 194 143 325 1894 3466 251 1438 210 2137 92 427 1117 93 449 160 6022 19035 26447 1912
internal_value=-0.000129098 -0.00248349 0.00227759 -0.0185837 0.00199814 0.000723186 0.00758369 0.00846824 -0.00912598 0.0114771 0.00638201 -0.0411051 -0.0509322 -0.0605774 0.0150873 0.00127955 0.042007 0.0732685 -0.0142588 0.0457673 0.0849025 0.123482 0.142803 0.0293398 0.0543913 0.015832 0.00748848 -0.0354292 -0.0736577 -0.067016 -0.0478784 -0.18845 -0.137451 0.11635 -0.0605804 -0.0027765 0.113907 -0.0123031 -0.00343942 0.0202346 0.0169401 -0.0383907 -0.0799335 -0.00829378 0.0841926 0.0558344 0.0192311 0.0328599 0.00467797 -0.00422474 0.0174968 0.0275582 -0.0847635 -0.177221 -0.204684 0.000621318 -0.128688 -0.325133 0.00225317 0.017571 -0.0145124 -0.0225726
internal_weight=232740 218868 168918 49950.5 168796 165192 97370 96956 67822.5 92283.2 80347.2 12446 4672.75 9722 67901.2 34490.2 9524 5997 24966.2 11936 4793 3519 3194 33411 11702 21709 19183.5 5644 8739 8447 6645 705 1802 2687 4957.5 20008.8 743 44586.2 33281 14467.5 14365.5 11305.2 4748 6557.25 1484.25 1390 1248.5 11557.2 6304.75 6053.75 4769 4568 1284.75 1489 1343.75 48545.8 603 216.25 47942.8 25053.2 22889.5 20142.8
internal_count=321214 303919 234374 69545 234252 219839 137993 137579 81846 132880 120944 12446 4699 9722 108498 65532 10601 6606 54931 11936 4793 3519 3194 42966 12809 30157 27471 5734 8739 8447 6645 705 1802 2687 5868 49063 1520 56599 40895 16791 16689 15704 5723 9981 2556 2413 2219 13442 7594 7343 5813 5603 1530 2125 1544 57728 702 253 57026 25057 31969 28359
cat_boundaries=0 1 2 3 4 5 6
cat_threshold=8 16 4 16 4 8
is_linear=0
shrinkage=0.04


Tree=96
num_leaves=63
num_cat=5
split_feature=4 4 14 11 12 30 19 20 19 28 33 20 5 33 22 24 15 20 25 17 25 4 11 7 19 6 25 22 25 22 25 15 22 23 24 22 23 24 14 25 15 19 30 10 19 9 25 9 17 25 17 14 23 25 14 23 23 24 4 24 22 17
split_gain=12719.4 10576 6551.59 8851.53 7378.78 7086.57 6601.56 6415.55 9686.38 7818.94 7275.98 7071.62 8074.16 7577.72 7606.59 7082.56 13526.6 7487.56 11687.2 7246.23 7604.08 6394.33 6394.23 6079.89 9079.2 6076.96 6010.8 5997.68 5889.6 5666.87 5484.84 11706.5 8511.49 9956.53 5416.74 5397.41 5339.79 5233.26 5201.36 7858.02 6939.79 6303.38 7185.24 5145.17 5064.36 4997.14 5115.71 4941.21 4925.31 4882.9 4824.56 4780.46 4730.04 4722.49 4582.86 4606.02 6357.93 4564.55 4460.08 4435.08 6043.22 6028.2
threshold=2.4550000429153447 1.0000000180025095e-35 98.095001220703139 0.71984010934829723 1.0000000180025095e-35 0 36.000000000000007 79.000000000000014 49.500000000000007 1 2 141.00000000000003 30.500000000000004 3 0.17032737284898761 0.11067965626716615 3.5000000000000004 218.00000000000003 267.12500000000006 1.5000000000000002 115.62500000000001 3.5349999666213994 0.71984010934829723 24.500000000000004 10.500000000000002 143.25000000000003 162.12500000000003 0.030162448994815353 537.62500000000011 0.10359223932027818 350.12500000000006 3.5000000000000004 0.020587688311934475 1.0574034452438357 0.3201736062765122 0.0917622745037079 1.0116243958473208 0.25058004260063177 79.729999542236342 89.500000000000014 2.5000000000000004 52.500000000000007 4 20.750000000000004 163.50000000000003 10.500000000000002 4.8750000000000009 16.500000000000004 3.5000000000000004 77.625000000000014 4.5000000000000009 69.479999542236342 1.2481924295425417 713.87500000000011 77.729999542236342 1.1772943735122683 1.1628997325897219 0.023071561008691791 2.0249999761581425 0.0281465407460928 0.032027559354901321 1.5000000000000002
decision_type=2 2 10 8 10 9 8 2 10 9 9 2 2 9 10 10 2 2 2 10 2 2 10 2 8 2 2 10 2 10 2 2 10 10 10 10 8 10 10 2 2 10 9 2 10 2 2 2 10 2 10 10 10 2 10 10 10 8 2 8 8 10
left_child=1 2 3 25 5 -5 50 8 45 10 35 47 13 14 15 17 19 36 29 20 -17 23 53 24 -2 34 43 -20 -29 48 -26 52 -33 -34 -1 -9 -13 38 41 -40 -41 42 51 -15 -16 46 -3 -12 -19 -18 54 57 -32 -11 -7 56 -56 -8 -14 -38 61 -61
right_child=21 7 -4 4 -6 6 37 9 -10 22 11 12 58 26 44 16 49 18 27 -21 -22 -23 -24 -25 30 -27 -28 28 -30 -31 31 32 33 -35 -36 -37 59 -39 39 40 -42 -43 -44 -45 -46 -47 -48 -49 -50 -51 -52 -53 -54 -55 55 -57 -58 -59 -60 60 -62 -63
leaf_value=0.025148565999008402 0.043738087890495117 -0.34530886091261109 0.041934818442133807 -0.34403480817703974 -0.23279262692939665 -0.12613257918405385 0.35021434457387246 -0.017266021134286859 0.00043310392835194876 0.0047358029544627388 0.046255814630445972 0.054877767102245019 -0.042509338932903241 0.070926652847213348 -0.16344768578841667 -0.19093910048758297 0.069456862308619943 0.075440158905532698 -0.04570359058297558 0.048775795160142688 0.015384479862079531 0.08355081518695355 -0.35740438172892913 0.019273503837460106 -0.0040941543969458269 -0.038767953502843504 -0.054061220885386937 -0.33965153492109751 0.014234684638749984 -0.23113066861400783 -0.021183999384044028 0.095833296980998017 -0.38811035543346067 -0.12048097485760549 0.23271317895917398 0.12574248323190204 -0.17268124889369385 0.10750858902089062 0.075956877569815756 -0.18945484765352949 -8.1594372635673408e-05 -0.11035427753451056 -0.11605544095938164 -0.037911126509525869 -0.032207201537302201 -0.415461870522226 -0.097053111823723906 -0.25685055780545085 -0.13831740029555417 -0.18555351554203248 -0.29127418154049844 0.15058251680303364 0.14332583760874715 -0.17161138416450772 -0.018054539958365749 -0.10372344728509734 0.24110411012040872 -0.020725643049233255 -0.0050280219716265116 0.14069158166352563 -0.084399734097950777 -0.047909551221152188
leaf_weight=17877.75 5676.25 155.25 7854.5 93 254 899.25 54 774.75 1176 33405.5 2854.75 491 6350.5 2155.75 1510.5 464.5 140.75 2043.25 691 3609.25 737 1953.25 76.75 50234.5 24440.5 2522.25 1896 275.25 103 112.5 2553.5 217 274.5 1158 201.5 924.75 764 727 2358.5 334 3944.75 1355 602.75 1023.5 684.75 111.5 879 86.75 186.5 782 126.75 478 312 242.75 3529 998.5 156.25 1015 25358.25 383 9062 915
leaf_count=23472 8227 279 9947 147 374 1677 93 978 1176 48845 3634 1769 9115 3160 2115 496 293 4033 691 3730 737 2170 142 67378 32635 2559 1896 276 103 237 2558 217 276 1158 203 1311 947 727 5150 337 3962 2396 941 1664 912 140 1164 143 344 812 177 799 312 245 5539 1141 163 2080 37815 398 13691 969
internal_value=-8.86593e-05 -0.00730604 0.00871917 0.00176502 -0.0196659 -0.0163908 -0.014295 -0.0145477 -0.0802394 -0.0129914 -0.0211643 -0.0233795 -0.0263649 -0.042005 -0.0517717 -0.0442975 -0.00646942 -0.0587278 -0.00662008 0.0204535 -0.0645583 0.0120323 0.0026106 0.0103843 -0.00250998 0.0193728 0.0022684 -0.116076 -0.243697 0.0434001 -0.0115788 -0.0520731 -0.136896 -0.17224 0.0274879 0.0602468 -0.0740282 0.00399162 -0.00344764 0.0173666 -0.0149476 -0.0428551 -0.000243267 0.035884 -0.122581 -0.162905 -0.134921 0.0371455 0.0574496 -0.146581 -0.0491208 0.0454225 -0.00318166 0.00345321 -0.0435195 -0.0276095 -0.00693955 -0.00136132 -0.0125371 -0.0797275 -0.0728398 0.00786554
internal_weight=232628 145809 45381.8 37527.2 16925.8 16671.8 16578.8 100427 2321.75 98105.2 64380.2 62680.8 59739.2 28030.5 22955.2 20760 5733.5 15026.5 3411.5 4810.75 1201.5 86819.5 33725 84866.2 34631.8 20601.5 5075.25 1069.25 378.25 2342.25 28955.5 4515 1649.5 1432.5 18079.2 1699.5 11615 10869 10142 6637.25 4278.75 3504.75 2149.75 3179.25 2195.25 1145.75 1034.25 2941.5 2229.75 922.75 5709.75 1547 2865.5 33648.2 5583 4683.75 3685.25 1069 31708.8 11124 10360 1298
internal_count=321075 206144 61884 51937 25703 25329 25182 144260 2759 141501 92269 89980 86203 39273 32553 29526 6068 23458 5684 4963 1233 114931 49232 112761 45383 26234 6720 1070 379 4614 37156 4521 1651 1434 23675 2289 17774 16485 15758 9449 4299 6309 3913 4824 3027 1583 1443 3777 4377 1105 8697 2972 2870 49090 8520 6843 5702 2173 46930 16005 15058 1367
cat_boundaries=0 1 2 3 4 5
cat_threshold=32 16 8 5 12
is_linear=0
shrinkage=0.04


Tree=97
num_leaves=63
num_cat=4
split_feature=0 32 19 0 4 1 24 19 21 25 20 22 21 21 25 1 11 28 17 24 24 20 21 18 25 22 24 17 25 8 19 19 24 4 22 29 24 21 25 20 20 15 19 25 15 21 32 24 21 24 14 20 25 4 24 25 6 22 25 21 20 19
split_gain=11398.9 12119 8159.16 7074.81 6301.74 6110.25 5180.32 7422.74 5259.38 5040.77 7723.24 10565.7 8741.59 11193.1 7643.33 7415.28 8584.89 7237.78 10584.7 6428.01 9265.31 5714.94 5440.26 6118.53 6023.83 9338.79 6139.26 5555.93 5065.5 6821.48 5719.48 8207.55 5028.05 5007.03 5012.12 4910.71 4900.76 4900.33 4846.58 10705.1 9847.69 9492.46 13102.5 8690.74 8412.22 6759.48 6622.31 6303.94 6271.43 8692.96 6143.29 8914.08 5934.88 5476.45 5221.97 6691.64 6005.08 5183.76 5109.88 6818.94 13889.2 5433.9
threshold=2.8549998998641972 0 5.0000000000000009 1.7450000047683718 2.4450000524520878 3.0249999761581425 0.30805669724941259 23.000000000000004 65.29294586181642 167.62500000000003 184.00000000000003 0.039901101961731918 65.668624877929702 65.551872253417983 170.12500000000003 2.8850001096725468 0.12297273799777032 1 4.5000000000000009 0.11491150408983232 0.11395748704671861 171.50000000000003 69.930908203125014 1.5000000000000002 213.25000000000003 0.063157849013805403 0.11652579903602601 4.5000000000000009 90.625000000000014 74.500000000000014 55.000000000000007 7.5000000000000009 0.33845931291580206 3.6450001001358037 0.34571312367916113 2 0.054965471848845489 74.03781890869142 84.125000000000014 171.50000000000003 141.00000000000003 3.5000000000000004 145.50000000000003 71.375000000000014 2.5000000000000004 71.804313659667983 3 0.056422362104058273 65.29294586181642 0.12849343568086627 97.115001678466811 177.50000000000003 36.125000000000007 1.8550000190734866 0.10393471643328668 71.375000000000014 87.250000000000014 0.22780887037515643 102.62500000000001 69.88785552978517 177.50000000000003 79.500000000000014
decision_type=10 1 8 10 2 10 10 10 10 2 2 8 10 10 2 8 10 9 10 10 10 2 10 10 2 10 10 10 2 2 10 10 10 2 10 9 10 10 2 2 2 2 8 2 2 10 1 10 10 10 10 2 2 2 8 2 2 10 2 10 2 10
left_child=1 2 -1 -4 5 6 38 -8 -9 15 12 14 13 32 -12 28 21 18 -13 20 37 -17 23 -14 26 -26 -24 -25 29 -5 31 -31 -11 34 -2 -33 -29 -19 39 40 44 43 -43 -41 45 52 54 -45 -46 -50 58 -52 -3 -51 55 -42 -56 -44 59 60 61 -40
right_child=33 4 3 9 -6 -7 7 8 -10 10 11 17 22 -15 -16 16 -18 19 -20 -21 -22 -23 24 27 25 -27 -28 36 -30 30 -32 35 -34 -35 -36 -37 -38 -39 50 41 46 42 57 47 48 -47 -48 -49 49 53 51 -53 -54 -55 56 -57 -58 -59 -60 -61 -62 -63
leaf_value=0.085894735100351755 0.015177767900717691 -0.068211797749128167 -0.040610345875152942 -0.059177116748009524 0.022870277359557635 0.14654330628199755 -0.16393236116769955 0.065215316755199926 0.27207872508104908 -0.017589096999950253 0.22927659975120332 -0.026316040080255818 0.019672771298780561 -0.31485498963939357 0.0073788741813974991 0.05268305080042518 0.09756946386889899 -0.083026585617673579 0.22976281607673557 -0.017920065780302294 -0.42897525496178485 -0.029393145677907878 -0.11132835199226077 0.17316530543906211 0.10709607700931698 -0.071344911716770418 0.19578501728484946 -0.19950726020312309 -0.071367899954973446 0.080200760591452064 0.018383500877161525 0.015051611849994501 0.18407619462598046 0.1104043683930246 -0.27041513638181353 -0.12521435125687266 0.093749323178558039 -0.27918258631385184 -0.068769389522302535 0.026748288364747005 -0.12435685389936169 -0.19915640875532967 -0.0031093023524405121 0.017446138509479556 -0.057428889044996607 -0.27311419786814034 0.042021968320000783 0.14941948572678743 0.028967889722089787 0.27898880507761875 0.21462781281945206 0.0095725721253315989 0.067381580577045949 0.062954497911150958 -0.10031927048450012 -0.44263606745004652 0.069435040922131194 0.3460184559632527 -0.013001242021785262 -0.0046833781895427905 -0.18370076269158248 0.11402888784317076
leaf_weight=1209.25 54883 2012.25 17854 5642 22685 444.75 195 1278.25 231 2954 254 1747 1107.25 195 8344 1777.75 1411 2861 301 1839 139 5717.5 750.25 1543 1600 662 119 123 5057 586 6141.75 542.5 210 886.25 96.5 1533.25 335 218 628.5 13113.25 1536.75 643 1778 860.5 971.25 200.5 657.25 1773.5 3603.75 401 349.5 9706.75 692.75 354.5 986 112 501.5 68.75 34009.75 2097.25 1434.5 441
leaf_count=1432 71344 4449 27151 9005 30137 495 195 1300 231 2996 254 1747 1147 195 8344 3784 2584 3032 301 1839 139 10492 754 1543 1600 662 119 123 6053 832 14403 1240 210 941 122 1924 335 218 675 29596 2559 1915 5033 1237 1998 370 1516 2354 4620 431 360 9892 746 371 2969 112 677 185 34783 2473 1892 441
internal_value=0.000441961 -0.00454132 -0.0170556 -0.0187977 0.00423521 -0.000978775 -0.00179613 0.0671599 0.0972005 -0.0115455 0.00143904 -0.0158382 0.0297026 -0.0223135 0.0139868 -0.0231094 0.00712982 -0.0519255 0.0115041 -0.0776093 -0.111685 -0.00991609 0.0577047 0.0951774 0.0204676 0.0548529 -0.0689225 0.136892 -0.0369185 -0.0248499 -0.00284091 -0.0517944 -0.00409388 0.0161894 0.0146665 -0.0891028 0.0144502 -0.0970897 -0.00328672 0.00928127 -0.0200068 0.0286008 -0.0439489 0.0400761 0.00455768 -0.0501764 -0.0733149 0.106354 0.0344008 0.0548794 -0.0111031 0.0167412 -0.0334593 0.178064 -0.0974994 -0.146493 -0.0430661 0.0102438 -0.0183558 -0.0579091 -0.102446 0.00667074
internal_weight=232407 176541 72773.5 71564.2 103768 81082.8 80638 1704.25 1509.25 53710.2 25301.5 15703 9598.5 3359 8598 28408.8 8906.25 7105 2048 5057 3218 7495.25 6239.5 3108.25 3131.25 2262 869.25 2001 19502.5 14445.5 8803.5 2661.75 3164 55865.8 54979.5 2075.75 458 3079 78933.8 30266.5 12029.5 18237 2489.75 15747.2 8236 2905.5 3793.5 2634 5330.5 4359.25 48667.2 10056.2 2705 755.5 3136.25 1648.75 1487.5 1846.75 38611 4601.25 2504 1069.5
internal_count=320877 248470 104458 103026 144012 113875 113380 1726 1531 75875 25558 15874 9684 3401 8598 50317 16860 7276 2048 5228 3389 14276 6283 3148 3135 2262 873 2001 33457 27404 18399 3996 3206 72407 71466 3164 458 3250 111654 61138 20818 40320 7133 33187 12985 5565 7833 3591 7420 5422 50516 10252 5195 802 6317 2671 3646 5218 40264 5481 3008 1116
cat_boundaries=0 1 2 3 4
cat_threshold=8 4 48 4
is_linear=0
shrinkage=0.04


Tree=98
num_leaves=63
num_cat=9
split_feature=4 33 11 28 20 20 29 23 25 22 22 33 6 29 19 32 25 18 6 20 24 24 25 22 24 25 25 25 24 22 25 6 19 25 16 22 11 25 6 25 7 30 11 29 23 24 15 15 24 23 26 19 25 10 22 25 25 32 22 23 6 18
split_gain=10562.9 9576.53 7028.83 6490.39 11535.6 10070.8 12177.5 8439.67 8137.63 8921.3 20308.8 6434 7269.57 8902.29 7640.84 14309.9 9173.4 8116.77 19187.8 7886.5 8880.01 7530.57 10931.2 11656.2 7442.8 9334.12 7547.86 9835.24 7418.65 7435.48 7195.81 7058.67 6994.12 11660.3 7215.97 7988.96 7535.82 6851.94 6411.11 9761.44 8236.86 6451.25 8304.51 6378.27 11641.8 12960.3 8805.53 8740.83 6335.08 6792.69 5972.03 5907.44 5802.88 5773.28 5763.8 7537.33 10721.5 20987.3 9886.2 7390.01 5971.52 5717.44
threshold=2.8950001001358037 0 0.50084745883941661 1 79.000000000000014 141.00000000000003 2 1.2721105217933657 353.87500000000006 0.19803933054208758 0.12288130447268487 3 101.25000000000001 4 59.500000000000007 5 364.12500000000006 1.5000000000000002 217.25000000000003 177.50000000000003 0.081249449402093901 0.11067965626716615 309.75000000000006 0.17032737284898761 0.11227729171514512 209.37500000000003 88.125000000000014 102.62500000000001 0.11759745702147485 0.089220236986875548 591.12500000000011 200.25000000000003 145.50000000000003 267.12500000000006 1.5000000000000002 0.032027559354901321 0.1639777943491936 137.62500000000003 61.500000000000007 10.875000000000002 12.500000000000002 6 0.82555782794952404 7 1.0902283787727358 0.060283005237579353 3.5000000000000004 3.5000000000000004 0.034154307097196586 1.0243858098983767 1.5000000000000002 7.5000000000000009 10.125000000000002 13.750000000000002 0.016710150055587295 82.375000000000014 496.62500000000006 8 0.032027559354901321 1.0380845069885256 221.25000000000003 1.5000000000000002
decision_type=2 9 10 9 2 2 9 10 2 10 10 9 2 9 10 1 2 10 2 2 8 10 2 10 10 2 2 2 10 10 2 2 10 2 2 8 10 2 2 2 2 9 8 9 10 10 2 2 8 10 2 10 2 2 8 2 2 1 10 10 2 10
left_child=1 2 -1 4 -3 6 -5 38 -6 10 51 12 13 52 15 -14 31 18 -18 20 -16 30 23 24 -23 26 -26 -28 29 -24 32 -17 34 43 35 37 -37 -15 40 -40 41 -8 -43 44 45 46 -34 -45 49 -48 -35 -10 -7 -36 -21 59 60 -58 -59 -56 -57 -29
right_child=-2 3 -4 5 8 11 7 -9 9 -11 -12 -13 14 21 19 16 17 -19 -20 54 -22 22 28 -25 25 -27 27 61 -30 -31 -32 -33 33 50 53 36 -38 -39 39 -41 -42 42 -44 47 -46 -47 48 -49 -50 -51 -52 -53 -54 -55 55 56 57 58 -60 -61 -62 -63
leaf_value=-0.039325874383182975 0.020078930075631055 -0.077356936307518706 -0.25505219377378524 -0.12947975367775377 0.005440916029885624 0.23185859573102405 0.095605731788481682 0.18644063886184489 -0.078986297210044895 0.23756155835023607 -0.14131801397721491 0.064441715561559643 0.044274391379392521 -0.026365386807265169 -0.01936725998149659 -0.092408978744958403 -0.79513627677493637 -0.10366976505048177 -0.043559527610356988 0.034368839582884871 0.094163007390362208 0.18079538736796544 0.09726666819768133 -0.034406521884198342 0.049249004784951034 0.11078882735682885 -0.17038634352284984 -0.051678604536293589 -0.034719728729669289 -0.28462644091379513 0.073486431483449716 0.18210318156041841 0.10689349952682817 -0.082853832021000856 0.090646110056286311 -0.055526728532563574 -0.12387071990573312 0.17214387356920843 0.26968533849522014 0.048399841714927283 -0.044228803729536102 0.062541048790422271 -0.23445352074516151 -0.034519041457180405 -0.1064740312900133 0.19755031211691776 -0.026087006700545669 0.069271253422588316 0.040233603384220822 -0.24630296181546354 0.050628517856094721 0.064044102072603526 0.035360071424902675 -0.058449609442770695 -0.0080177551736513031 -0.029925641564483463 0.1092137753223652 0.091834558064222083 -0.05397158599544033 0.074288602842891904 -0.21514037221264354 0.047982575714691979
leaf_weight=8045 35140 2404 247.25 635 50976.5 275.25 2035.25 674 487.5 368 919 1815.5 1617.75 975.25 1711.5 2147.75 115 229 102 6388.25 3091.5 545.5 104 5461.25 4347.5 1859 636 1783.75 6890.25 362 990 159.25 1312 5201 936.25 11412.5 3337.75 387 427.75 1242.5 2131.75 394 241.25 9451 799.75 867.75 708.5 1503 1157 326.25 596.5 8313 1822.75 744 3789.5 18960.25 2856.25 911 4020 3233 280.75 1900
leaf_count=10064 44695 3193 347 1169 77531 663 3260 683 513 368 919 2405 1944 976 2571 2531 115 229 102 6428 3516 610 104 7577 5612 1859 693 1810 6891 362 990 286 2311 5201 1264 17480 5677 387 619 1277 2521 454 308 16897 1066 1608 1742 2466 2846 531 610 8313 2422 1221 14570 20842 2857 911 4020 7547 283 1924
internal_value=-0.000128178 -0.00372076 -0.0457639 -0.00187673 0.00855282 -0.00713457 0.0369359 0.0518645 0.0119375 0.0447593 0.0374112 -0.0100385 -0.0112068 -0.0198328 0.000386757 -0.0501047 -0.10556 -0.271261 -0.445521 0.00526683 0.0537148 -0.0224677 -0.00464232 0.0134062 0.036993 0.0295071 0.0120509 -0.0253899 -0.0451997 -0.199329 -0.0329337 -0.0733149 -0.0355902 -0.0204643 -0.0542222 -0.0624479 -0.0710071 0.0301927 0.0378763 0.10533 0.0143796 0.0611653 -0.0498363 -0.00296941 0.0335988 0.0593402 0.0250152 -0.0202487 -0.024047 -0.0958686 -0.0691058 0.0561039 0.0610493 0.0246321 -0.000489581 -0.00703123 -0.0166242 0.0229716 -0.027006 0.0298835 -0.0326506 -0.00027517
internal_weight=232803 197663 8292.25 189370 63468 125902 7781.5 7146.5 61064 10087.5 9719.5 118121 116306 66692.8 49612.8 4370.75 2753 446 217 45242 4803 64594.8 23889.2 16533 11071.8 10526.2 8667.25 4319.75 7356.25 466 40705.5 2307 39715.5 21922.8 17792.8 16112.5 14750.2 1362.25 6472.5 1670.25 4802.25 2670.5 635.25 16125.2 5171.25 4371.5 3503.75 10954 2191.75 1034.75 5797.5 8800.5 2098 1680.25 40439 34050.8 27028.2 7787.25 4931 7022.5 19241 3683.75
internal_count=321191 276496 10411 266085 90837 175248 10291 9122 87644 10113 9745 164957 162552 93800 68752 5207 3263 446 217 63545 6087 90715 27442 20085 12508 11898 10039 4427 7357 466 63273 2817 62283 35278 27005 24520 23157 1363 8439 1896 6543 4022 762 29467 10104 9038 7430 19363 5119 2273 5811 8826 3085 2485 57458 51030 28913 7788 4931 22117 21125 3734
cat_boundaries=0 1 2 3 4 5 6 7 8 9
cat_threshold=68 4 4 3 4 4 12 64 4
is_linear=0
shrinkage=0.04


Tree=99
num_leaves=63
num_cat=7
split_feature=1 21 24 24 29 21 21 19 24 5 25 25 25 19 32 19 20 21 25 21 14 25 25 6 21 24 25 24 19 25 32 24 21 21 25 25 26 24 19 14 25 17 25 5 21 21 21 28 25 21 24 25 25 32 21 21 25 20 24 28 32 19
split_gain=11502 7994.8 7459.54 6845.7 7223.24 7092.13 6363.88 6381.24 5592.45 6539.92 5808.31 8130.97 6885.81 5733.67 5591.35 6721.36 5539.65 14532.3 9385.35 6315.14 5796.69 6174.5 5412.96 20116.9 5368.64 7419.85 5604.22 10544.2 6548.23 7045.81 6354.2 6137.5 5531.91 5392.22 5390.78 5808.12 5138.41 5119.65 6026.41 5007.93 4919.06 6106 5042.19 8289.1 5927.92 6417.67 7214.41 6127.3 5202.34 5089.1 4831.31 6007.43 6171.64 10790.7 13348 7077.11 6445.71 5687.33 7748.2 4827.99 7631.34 5814.89
threshold=1.9049999713897707 68.252796173095717 1.0000000180025095e-35 0.12303834408521654 0 63.620441436767585 83.14151763916017 23.000000000000004 0.066635422408580794 27.500000000000004 7.8750000000000009 298.37500000000006 2.1250000000000004 170.50000000000003 1 79.500000000000014 218.00000000000003 67.372478485107436 713.87500000000011 67.284290313720717 67.649997711181655 609.62500000000011 465.75000000000006 215.25000000000003 76.617176055908217 0.011484527960419657 465.75000000000006 0.062285188585519798 9.5000000000000018 423.75000000000006 2 0.058516236022114761 71.414505004882827 74.626205444335952 504.12500000000006 537.62500000000011 1.5000000000000002 0.11395748704671861 190.50000000000003 84.625000000000014 661.25000000000011 2.5000000000000004 391.50000000000006 63.500000000000007 74.374259948730483 71.971065521240249 71.838336944580092 3 650.37500000000011 74.713924407958999 0.050352701917290694 364.12500000000006 156.12500000000003 4 78.199050903320327 82.51377105712892 239.87500000000003 179.00000000000003 0.065656211227178587 5 6 163.50000000000003
decision_type=8 10 10 8 9 10 10 10 10 2 2 2 2 8 1 10 2 10 2 10 10 2 2 2 10 10 2 10 10 2 1 10 10 10 2 2 2 10 10 10 2 10 2 2 10 10 10 9 2 10 10 2 2 1 10 10 2 2 10 9 1 10
left_child=-1 3 -3 16 -5 -6 8 22 24 10 12 -12 -10 -13 15 -14 18 19 20 -18 -2 -22 -8 -24 26 -26 28 30 39 -30 -28 -31 -32 -34 50 -36 -15 38 -19 -4 41 -11 43 -43 45 46 47 -44 -49 -46 51 52 -27 54 -54 56 -55 -52 59 61 -61 -59
right_child=1 2 6 4 5 -7 7 -9 9 40 11 13 14 36 -16 -17 17 37 -20 -21 21 -23 23 -25 25 34 27 -29 29 31 32 -33 33 -35 35 -37 -38 -39 -40 -41 -42 42 44 -45 49 -47 -48 48 -50 -51 57 -53 53 55 -56 -57 -58 58 -60 60 -62 -63
leaf_value=-0.018294658597775435 -0.07568991323059529 0.084600117133583536 -0.022338857514650968 -0.063528814998728797 -0.0087573665541587405 0.02869347893205923 0.02682945935259046 0.098057236236211376 0.013536404572235932 -0.015234221079393886 0.026726914497226452 -0.0091667012111493317 -0.042677560113723402 -0.14661032132468829 -0.02269212230603666 -0.21004676935367925 -0.038525477492798249 -0.41316425788303629 0.3533804296974663 0.13789343066018947 -0.0052852997237447328 -0.17271227109276566 -0.57452081234500096 0.19170317089975925 -0.11328460869798901 0.026453398885363452 -0.050071907708204959 -0.12912535385819243 -0.019312840757800362 -0.093303338501855695 0.15347982628866319 -0.40725501076231396 0.007073583613601774 0.12296316312242199 -0.24102190111914643 -0.020687976347173644 0.12107062053364334 -0.38258973045664268 -0.11143742005994217 0.066485050512230123 -0.044286292359706707 0.040717417343168902 0.042891978322367443 -0.095749630181268947 -0.28233640433704854 0.18985942301479192 -0.21458643530244412 0.12391814149887814 0.39439984932283717 0.031072970034569686 0.013004313675444636 0.07658768715247502 -0.27750096932272045 -0.028896949885212821 -0.035823268409812065 -0.23855570185537167 0.08795446278748266 0.13357635571255727 -0.12560696200802121 -0.12806763393231455 0.14947720187987262 0.40000850022024581
leaf_weight=46625.25 2281 2096.25 1695.5 2345.75 17075 15372.25 3247.5 2467.75 3181.25 3040.75 18157.25 5271.75 784.25 895 1940.75 752.75 4111 118.5 109 350.5 19280.5 357 104 112 699 8397.25 876 608 30629.5 601 941 118 2104 923 219 1435 130 172 908.25 2527.25 1256 12042.75 2447 755 123 869 136 1154 125 245 1527.25 2229 530 1565.5 1172 167 1456 322 184 195 815 223
leaf_count=61335 4147 8385 2507 4577 36617 17620 3255 2656 3854 3343 21719 5295 1058 895 2429 755 6835 150 109 424 31912 357 104 112 699 11767 876 608 43357 601 941 118 2104 923 219 1435 130 172 1512 3851 1256 13497 2447 1001 123 869 136 1154 125 245 1567 2229 530 1570 1172 167 1456 322 184 195 848 223
internal_value=-0.000530342 0.00392343 0.00982255 -0.00773601 0.00407501 0.00898305 0.00852987 0.0489314 0.00645364 0.0159594 0.00412542 0.0131445 -0.0289883 -0.0260164 -0.0678753 -0.124819 -0.0225775 -0.0578669 -0.0135046 -0.0246085 -0.0153616 -0.00834672 0.0138904 -0.179069 -0.00169841 0.0146779 -0.0101363 0.0276201 -0.0159247 -0.0222239 0.0473409 -0.145826 0.0688628 0.0424714 0.0190656 -0.0501223 -0.112483 -0.181394 -0.147004 0.0308253 0.0325472 0.0371604 0.0460637 0.0326523 0.079697 0.0917286 0.0695589 0.080042 0.150934 -0.074619 0.0251633 0.0158504 0.00565123 -0.0300618 -0.111323 0.0133552 0.0274297 0.0693662 0.118789 0.147837 0.0957367 0.243672
internal_weight=232599 185974 123493 62480.8 34793 32447.2 121397 5931.25 115466 53306.5 31113 24454 6659 6296.75 3477.75 1537 27687.8 5660.25 22027.5 4461.5 21918.5 19637.5 3463.5 216 62159.2 21136 41023.2 5452 35571.2 31348.5 4844 719 3968 3027 20437 1654 1025 1198.75 1026.75 4222.75 22193.5 20937.5 17896.8 12797.8 5099 4731 3862 3726 1279 368 18783 15516.8 13287.8 4890.5 1702 3188.5 3021.5 3266.25 1739 1555 1010 545
internal_count=321079 259744 155312 104432 58814 54237 146927 6127 140800 60331 36135 28039 8096 6320 4242 1813 45618 9093 36525 7259 36416 32269 3471 216 80469 24583 55886 5452 50434 44076 4844 719 3968 3027 23884 1654 1025 1834 1662 6358 24196 22940 19597 14498 5099 4731 3862 3726 1279 368 22230 18891 16662 4895 1702 3193 3026 3339 1772 1588 1043 545
cat_boundaries=0 1 2 3 4 5 6 7
cat_threshold=36 8 16 16 4 4 8
is_linear=0
shrinkage=0.04


Tree=100
num_leaves=63
num_cat=5
split_feature=21 15 1 24 23 19 24 24 23 24 21 24 23 19 21 22 22 21 20 20 6 21 32 21 6 24 23 22 5 21 22 22 24 22 24 29 24 23 23 21 20 23 23 23 23 32 19 29 21 21 22 21 29 23 22 20 17 21 11 21 22 20
split_gain=12775 10600.9 8676.01 7693.68 6788.85 6675.54 7628.45 6705.53 6178.2 8024.12 6062.64 7367.03 9825.03 10966.4 12334.2 9669.99 13440.3 8841.99 8658.17 8568.59 8581.5 8318.72 7939.71 17988.3 14475.1 8305.13 8993.07 8112.3 7578.12 6764.63 7449.34 7958.71 6567.8 11968.7 10098.4 8345.62 8788.85 7939.74 9573.18 7884.33 7774.1 7229.95 8132.49 7057.87 7897.32 6727.6 6371 6296.4 6184.33 6365.73 13874 6111.94 6100.49 7757.07 5965.92 5679.78 8940.41 5564.07 5556.12 5665.81 6641.12 5548.87
threshold=66.469604492187514 1.0000000180025095e-35 3.0949999094009404 0.30805669724941259 1.0013249516487124 23.000000000000004 0.33845931291580206 0.28126463294029241 1.0496999621391299 0.044467166066169746 86.135070800781264 0.066635422408580794 1.0780832767486574 190.50000000000003 66.595855712890639 0.025052327662706379 0.032027559354901321 69.296958923339858 184.00000000000003 218.00000000000003 10.500000000000002 75.729537963867202 0 71.707183837890639 202.75000000000003 0.083215549588203444 1.1011909246444704 0.055593475699424751 41.500000000000007 69.930908203125014 0.094713956117630019 0.072171278297901167 0.10043824836611749 0.069005299359560027 0.090412408113479628 1 0.086485750973224654 1.1079552769660952 1.1163005232810976 72.385150909423842 175.00000000000003 1.0923750996589663 1.1021022796630862 1.0884419083595278 1.0902283787727358 2 163.50000000000003 3 72.385150909423842 74.713924407958999 0.029379380866885189 67.536304473876967 4 1.1155806779861452 0.065291069447994246 159.00000000000003 3.5000000000000004 69.096069335937514 0.52322071790695202 67.717876434326186 0.11184507980942728 177.50000000000003
decision_type=8 2 10 10 8 10 10 10 10 10 10 8 8 8 8 8 8 10 2 2 2 10 1 10 2 10 10 8 2 10 10 10 10 10 10 9 10 10 10 10 2 10 10 10 10 1 10 9 10 10 10 10 9 10 8 2 10 10 10 10 10 2
left_child=5 -2 3 4 -3 7 -7 8 -1 -10 11 17 18 15 -15 -14 48 47 -13 32 -21 -22 23 24 27 26 -24 -16 54 -27 31 -31 33 43 35 40 55 -34 -39 -36 -35 -42 -43 -18 61 51 -38 -6 -17 50 -50 -46 -53 -54 -29 56 -37 -49 59 60 -40 -45
right_child=1 2 -4 -5 10 6 -8 -9 9 -11 -12 12 13 14 22 16 19 -19 -20 20 21 -23 25 -25 -26 29 -28 28 -30 30 -32 -33 37 34 39 36 46 38 58 -41 41 42 -44 44 45 -47 -48 57 49 -51 -52 52 53 -55 -56 -57 -58 -59 -60 -61 -62 -63
leaf_value=-0.1797565083343326 -0.19326641278166118 0.059114550279433693 0.029861151748528977 0.32149992609171824 -0.077309336572682671 -0.01412478745204054 0.079447197070057041 -0.17821106208784304 0.29789250165580683 -0.036300954216895817 0.0612666443307106 0.020775883276830793 -0.16223644529065515 0.29129446111313168 -0.25839196405828613 0.25016974772074646 -0.011495780734853786 -0.0037117029525933405 0.16331936347135326 0.017922746064559111 0.28291744953617243 -0.07797616883826583 -0.048481945851569119 -0.43823008868035296 0.25306041786086331 -0.06622438070729221 0.20312055775880042 0.21486279192132662 0.12690391664531409 -0.18718777556324678 -0.32831012032601975 0.079713142098217726 -0.24535186582387369 -0.00033601482924712738 -0.093226703020563184 -0.0036722356210057696 0.0057144992811504949 0.12432705540869819 0.10336967138925847 0.058533352876412183 -0.039458608618731419 0.30423408523711887 0.036498286648302555 -0.032237991811886225 -0.16293317020622733 0.00066092039453652385 0.2234292931764392 0.00050270048545087548 0.20194252999816964 0.13205592736886954 -0.33065420481725172 0.11872785986140577 0.059237956044101397 -0.14519754722539607 -0.045928732596848092 -0.079575841052244384 0.51919554722581274 -0.17493688996559709 -0.14378824355026484 0.010506304468019274 0.017923174758046844 0.2547132931310519
leaf_weight=473.25 426.75 3307 21268.25 119 4795.5 42750.5 1439 611 115 6609.75 2642.25 1579 508.75 178 192 457 8776.5 63058.25 1199 801.75 526 125.75 857.75 140 380.5 2575.75 307 149 664 671.5 375 242 176.5 1765 4774.5 1179.25 666 1400.75 2523.25 617.25 271.5 467 297.25 144 179 5977.25 315.75 4222.75 147 876 163 2324.5 1740.5 356 1991 3709 52.75 308.5 336.25 23779.75 3438.25 421.75
leaf_count=1110 1071 13228 26342 119 7281 60119 1562 611 115 8700 2772 3070 595 178 192 457 23592 80945 1895 1410 1078 164 1058 140 493 2725 307 149 1222 739 375 242 418 2272 5856 2338 1008 1685 2707 639 660 611 313 147 179 6104 483 6277 147 876 163 2497 1808 356 3935 5062 58 613 385 24961 4219 511
internal_value=0.000373246 0.00539486 0.00586668 0.00266176 0.00241924 -0.0171003 -0.011074 -0.0511894 -0.0403595 -0.0304978 0.00121522 0.000178541 0.00848144 0.00584817 -0.0364132 0.0111695 0.0124568 -0.00908903 0.0823745 0.00968884 0.105685 0.213248 -0.0433068 0.00280154 0.021339 -0.0755376 0.0180621 -0.00823673 0.00906141 -0.103747 -0.178531 -0.116453 0.00756148 -0.00463605 -0.0328122 -0.00620797 -0.0330915 0.0206758 0.0221832 -0.0758364 0.0505606 0.137621 0.200478 0.0153309 0.0364592 0.0286514 0.0760559 -0.0454358 0.125418 0.0770005 -0.0783991 0.0650044 0.0743046 0.0242985 -0.0275834 -0.0548691 0.0195139 -0.0114865 0.017418 0.0192504 0.0541129 0.181805
internal_weight=232943 180944 180518 159250 159130 51998.5 44189.5 7809 7198 6724.75 155824 153181 80796.2 78018.2 8723.5 69294.8 68786 72385 2778 67143 1453.5 651.75 8545.5 3516.5 3376.5 5029 1164.75 2996 2804 3864.25 1288.5 913.5 65689.5 34034.8 14115.2 8723.5 5922.75 31654.8 31478.2 5391.75 2800.75 1035.75 764.25 19919.5 11143 10577.2 981.75 9326.75 1643 1186 310 4600 4421 2096.5 2140 4941 1232 4531.25 30077.5 29741.2 5961.5 565.75
internal_count=321344 249127 248056 221714 221595 72217 61681 10536 9925 8815 208367 205595 110479 105514 11755 93759 93164 95116 4965 91521 2652 1242 11577 6131 5991 5446 1365 5498 5306 4081 1356 981 88869 54494 19300 12805 8949 34375 33957 6495 3856 1584 924 35194 11602 10944 1491 14171 1643 1186 310 4840 4661 2164 4084 7458 2396 6890 32272 31887 6926 658
cat_boundaries=0 1 2 3 4 5
cat_threshold=4 68 4 20 48
is_linear=0
shrinkage=0.04


Tree=101
num_leaves=63
num_cat=5
split_feature=21 25 25 32 5 32 33 21 19 19 25 23 22 21 25 25 24 22 22 15 22 22 22 20 23 23 32 21 23 21 21 21 29 15 24 21 22 22 20 21 21 15 0 21 24 22 11 25 22 21 20 19 25 23 25 25 21 25 25 19 22 15
split_gain=11011.6 14141.6 10641 13928.9 8864.97 11279.7 8385.01 8135.28 12843.1 7945.56 12565.8 16428.3 11698.5 11393 10305.4 13500 11076.9 8403.51 8017.64 7699.06 7319.39 7459.17 7360.25 6997.23 13032.7 12086.4 12395.6 9105.64 13192.8 10563.7 9665.66 8711.13 7997.68 6909.71 7100.87 10542.2 6871.02 10341.6 6911.92 7524.24 6834.02 6750.81 6727.08 6744.85 6587.68 6582.15 6577.81 6561.54 7055.76 6542.54 6497.18 7097.59 8117.5 6877.53 7133.98 6440.81 6318.05 8817.15 7366.8 12036.8 10514.3 7636.9
threshold=73.465930938720717 11.375000000000002 496.62500000000006 0 29.500000000000004 1 2 69.72491836547853 167.50000000000003 167.50000000000003 276.37500000000006 1.2481924295425417 0.020898253656923774 62.764375686645515 132.62500000000003 128.12500000000003 0.3201736062765122 0.043845927342772491 0.04550715163350106 2.5000000000000004 0.10459657013416292 0.069005299359560027 0.032543305307626731 175.00000000000003 1.1496215462684634 1.0362150073051455 3 68.39477920532228 1.1496215462684634 62.908779144287116 69.821186065673842 69.220321655273452 4 5.5000000000000009 0.016853686422109607 79.325862884521499 0.21249818801879886 0.1857978627085686 218.00000000000003 61.135782241821296 65.01169586181642 3.5000000000000004 1.1250000000000002 65.116699218750014 0.25058004260063177 0.022868599742650989 0.030631792731583122 78.375000000000014 0.071642290800809874 63.022916793823249 218.00000000000003 145.50000000000003 36.125000000000007 1.1314728260040285 3.8750000000000004 120.62500000000001 63.460294723510749 106.62500000000001 31.125000000000004 7.5000000000000009 0.089763846248388304 3.5000000000000004
decision_type=10 2 2 1 2 1 9 10 10 8 2 10 8 8 2 2 10 8 10 2 10 10 10 2 10 8 1 10 10 8 10 8 9 2 10 10 10 10 2 10 10 2 10 10 10 10 10 2 10 10 2 10 2 10 2 2 8 2 2 10 10 2
left_child=2 41 6 -4 -5 -6 -1 -7 -9 12 -11 18 19 36 15 17 42 -15 -12 -8 21 22 -10 24 25 47 32 29 50 -25 -30 -28 -27 -3 35 -35 37 38 39 -14 -26 -2 43 -16 55 -36 -20 48 -19 -44 51 52 53 54 -29 -39 57 -31 59 -58 -60 -61
right_child=1 33 3 4 5 7 9 8 20 10 11 -13 13 14 16 -17 -18 23 46 -21 -22 -23 -24 27 40 26 31 28 30 56 -32 -33 -34 34 45 -37 -38 44 -40 -41 -42 -43 49 -45 -46 -47 -48 -49 -50 -51 -52 -53 -54 -55 -56 -57 58 -59 60 61 -62 -63
leaf_value=-0.052314649655648221 0.11834949552675715 0.013479606036029046 -0.052151636514903628 -0.0082116552364356679 0.097730047517294805 -0.021135801288475725 -0.31892461268027655 0.26125585509433635 0.10307693312027563 -0.0046166458325776916 -0.01909928792354371 0.13019731184765981 0.050782366415401285 -0.066756169193736753 0.058348936313891681 -0.17436031716453787 0.31388291240483523 -0.20036043865397601 -0.052853890231908375 0.004327898953993296 -0.29717746979663673 0.20735692604401793 -0.043145879225806823 0.36131466951204966 -0.02386049931926968 0.10058827293292741 -0.062180803631831968 -0.36128095420297945 0.07590794698197241 -0.066111553339202878 -0.20431333538538418 -0.015167920643999862 -0.017243947659984962 0.096697046596455713 -0.39638013053137472 -0.34756569584137803 -0.011886777348642621 -0.098830053763487219 0.2951025724831281 -0.081550122251841689 0.059625557362195998 0.47531815491767782 0.28951399039780651 -0.05202749457940082 0.089222212081038671 -0.066311596785731952 -0.11920216186981768 -0.3011469367884349 0.12532050824441104 0.034168632887324288 0.19719617640247109 0.10661685949767907 0.08296093209235611 0.11791888237106495 -0.044818251762060175 -0.2584113160111135 0.18198968624656592 -0.49221886676279702 -0.052204817640566718 -0.033869626825752723 0.075990244064711082 -0.19029981311246019
leaf_weight=6746.75 1261 58708.75 3399 5041 5438.25 3571 303 462 950 28371.5 5573 781 1023.5 2912.25 1256.25 720.75 214 112.75 6089 192 101 391 1305 124 2104.25 1936 10283.25 121.75 318.25 459.5 511 16306.25 1748.5 393.75 187 107 8874.5 894.75 101 2084.75 6151.25 89.25 160 2991 170 200 3942 65.25 1502 18575 600.25 2972 1921 388 1458.25 743.5 367.75 91.75 1497.25 3465.5 3226.25 581.75
leaf_count=8780 1444 69577 3399 5065 5439 3571 303 462 950 56432 5573 781 1394 3708 1257 750 214 208 6143 192 101 391 1305 274 2780 3028 14838 163 346 1154 523 24926 2599 492 187 107 12113 1695 101 3128 6938 105 160 3003 176 443 4020 84 4904 18758 1111 4214 3274 388 3166 820 1234 193 2911 12068 5183 1943
internal_value=9.99528e-05 0.0147061 -0.00508498 0.0218393 0.0364157 0.054827 -0.00876795 0.0203946 0.0665968 -0.00672689 -0.0207247 -0.0486122 -0.000432683 0.000538694 0.00601913 -0.00249657 0.0287593 -0.000467634 -0.0575779 -0.194013 0.0336892 0.0465366 0.018489 0.00284492 -0.00645243 -0.0180278 -0.0238251 0.0234932 0.0543518 -0.00258062 -0.0968364 -0.0333533 0.0449152 0.0118032 -0.0988318 0.000746286 -0.0330459 -0.0704491 -0.0273058 -0.0379678 0.0383441 0.142619 0.026077 -0.0193664 -0.1469 -0.227041 -0.0789469 0.0863392 0.102355 0.0363804 0.0711775 0.0600971 0.0245078 -0.0325716 -0.0696349 -0.171486 -0.00731182 -0.13857 0.000633627 -0.0365044 0.0353485 -0.0564397
internal_weight=232638 60946.8 171692 20658.2 17259.2 12218.2 151033 6780 3209 144286 44756.5 16385 99530 99035 85143 61946.8 23196.2 61226 15604 495 2747 2646 2255 58313.8 40209.5 31954 30274 18104.2 8290.5 9813.75 829.25 26589.5 3684.5 59596.5 887.75 500.75 13892 5017.5 3209.25 3108.25 8255.5 1350.25 22982.2 4247.25 1808.25 387 10031 1680 1614.75 18735 7461.25 6861 3889 1968 1580 1638.25 9689.75 551.25 9138.5 4415 4723.5 4047.25
internal_count=320989 72355 248634 20683 17284 12219 227951 6780 3209 219171 72949 16517 146222 145727 126300 102908 23392 102158 15736 495 2747 2646 2255 98450 60305 50587 45391 38145 13185 24960 869 39764 5627 70806 1229 599 19427 7314 4623 4522 9718 1549 23178 4260 2691 630 10163 5196 5112 18918 12316 11205 6991 3717 3329 2515 24686 1347 23339 15245 8094 14011
cat_boundaries=0 1 2 3 4 5
cat_threshold=16 4 68 16 24
is_linear=0
shrinkage=0.04


Tree=102
num_leaves=63
num_cat=6
split_feature=4 33 11 1 32 24 0 23 19 25 32 25 25 24 17 32 22 21 5 23 25 21 19 15 15 25 17 20 22 23 0 1 5 33 20 6 20 23 18 22 21 21 21 15 15 21 22 24 17 21 22 21 23 8 1 20 21 24 28 21 6 21
split_gain=9951.15 8884.82 5972.38 5884.11 5591.62 8666.94 7596.25 7490.89 6522.03 9072.2 14925.1 12857.1 12086.7 10125.8 8316.15 7714.46 8288.96 8566.41 7325.41 8576.83 10054.1 7117.53 6420.94 6088.89 8671.38 7865.02 6043.68 5773.27 6180.28 5748.47 5722.34 5645.82 5337.94 7129.35 6557.07 8457.97 8150.69 7022.82 6841.22 6567.81 6432.61 5274.57 7615.43 6602.26 5225.12 11711.2 9484.1 8698.05 6992.93 6530.99 7347.67 6009.49 5583.43 5143.42 4979.78 5551.31 5356.88 7984 5646.69 9030.02 4954.92 4840.51
threshold=2.8950001001358037 0 0.50084745883941661 3.2549999952316289 1 0.011484527960419657 1.3049999475479128 1.0293902754783633 167.50000000000003 403.87500000000006 2 256.87500000000006 661.25000000000011 0.0281465407460928 2.5000000000000004 3 0.025052327662706379 72.966880798339858 32.500000000000007 1.0413430929183962 302.12500000000006 63.725015640258796 9.5000000000000018 1.0000000180025095e-35 1.5000000000000002 510.25000000000006 5.5000000000000009 159.00000000000003 0.042542364448308952 1.2671241760253908 2.8149999380111699 2.9650000333786015 30.500000000000004 4 171.50000000000003 16.500000000000004 175.00000000000003 1.0220997929573061 1.5000000000000002 0.019996583461761478 79.132259368896499 79.802574157714858 77.739685058593764 2.5000000000000004 2.5000000000000004 69.617095947265639 0.054964337497949607 0.063396923243999495 1.5000000000000002 65.948837280273452 0.1597690433263779 69.72491836547853 1.1079552769660952 275.25000000000006 1.8650000095367434 79.000000000000014 69.930908203125014 0.10337196663022043 5 70.200405120849624 12.500000000000002 65.880176544189467
decision_type=2 9 10 10 1 8 10 8 8 2 1 2 2 8 10 1 10 10 2 10 2 10 8 2 2 2 8 2 10 10 10 8 2 9 2 2 2 10 10 10 10 10 10 2 2 10 8 8 10 10 8 10 10 2 10 2 10 10 9 10 2 10
left_child=1 2 53 4 6 -6 -3 -7 23 10 11 13 14 -10 61 16 17 -16 -12 -20 29 -13 27 -9 25 -25 30 -8 -29 -21 32 -23 33 -24 35 -35 37 -36 -39 -40 -37 42 44 -44 45 49 47 48 -46 50 -15 -50 -51 -1 -26 -56 -57 -58 -59 -60 -2 -11
right_child=60 3 -4 -5 5 7 22 8 9 12 18 21 -14 41 15 -17 -18 -19 19 20 -22 31 26 24 54 -27 -28 28 -30 -31 -32 -33 -34 34 36 40 -38 38 39 -41 -42 -43 43 -45 46 -47 -48 -49 51 52 -52 -53 -54 -55 55 56 57 58 59 -61 -62 -63
leaf_value=-0.046123760729087956 -0.10022871520004378 -0.046606701887283893 -0.23596018872589494 0.046314214399094195 -0.18841355548864369 0.039463471966763197 -0.021847007853052762 -0.177157393312246 -0.21582600046019873 -0.25527874133810902 -0.017401917127689265 0.22772933823675723 -0.10359151954448147 -0.21872670083100856 -0.1429026025438932 -0.02443587618123683 0.12987173609685917 0.096276193920700956 -0.089813427475714677 0.17589144032759624 -0.040200899700533428 -0.11333893892360587 0.036376363126577091 0.20975373030557862 -0.0043357815420452805 -0.19806758077527314 -0.27188063941560159 0.0055995180542564513 0.09407525923870047 0.5785397514510161 0.019291519206772835 -0.0095374657154495539 -0.0031994128974597753 0.12132886770236655 0.17259996066437469 -0.029221921557642562 -0.032571805225917287 -0.041325633316924501 0.11212713557594035 -0.16502623198514063 0.22550250658555462 -0.30665227788748201 0.41163011075710432 0.059967723111499886 -0.11194497684831645 -0.13479134262449 -0.028958751506033921 0.19505769012005242 -0.08574794609416303 0.044353955111869479 0.0047622766551388591 0.10263172148446563 0.30934225466865817 0.091798173097792132 -0.17257978219151618 0.0040073071104367404 0.023914553768793336 0.020362836971427073 0.40099215049613818 0.11202534069161893 0.021301687960393511 -0.015130599595628126
leaf_weight=7562 543.25 8654.5 250.25 3963.25 376 8522.75 2498 284.25 404 147 1463 109 1040.25 302 414 1109 2843 563 310.5 1138 377 4948 2368.5 551.75 35075.75 86 140 2387.25 2682 58.25 8716.75 1010 25788 811.5 147 4106.75 12403.5 1548 144 2316 163 95 114 327.75 469.25 1663 5458.25 611.5 341.5 597.5 1042 1285.25 160 457 243.75 19356.25 13883 803.75 200 1233.5 34628.75 1365
leaf_count=9530 607 13309 353 4993 376 12218 3413 606 536 147 2408 109 1041 302 414 1109 2843 563 777 2170 377 4948 3441 938 53771 86 170 3021 4650 65 10891 1010 36729 1929 147 6065 18549 1548 144 2316 163 95 114 414 770 2428 11321 724 610 1091 3508 1784 268 511 255 24148 16637 818 200 1241 44153 1365
internal_value=-0.000182909 -0.00367407 -0.0442283 -0.00189886 -0.00293093 0.00279247 -0.0113685 0.00344949 0.000424195 -0.0153152 -0.0281098 -0.0418714 0.0227929 -0.0192367 0.0432316 0.0683994 0.0953516 -0.00515162 0.0497381 0.101849 0.139747 -0.0898668 -0.00676173 0.00695706 0.00769474 0.1543 -0.0112359 0.0279102 0.0524298 0.196438 -0.0106029 -0.095753 -0.0158366 -0.0294088 -0.0366121 0.00311678 -0.048825 -0.0973032 -0.107286 -0.148721 -0.0193948 -0.0128319 -0.0105259 0.152184 -0.0165758 -0.05555 0.0013999 0.0625813 0.0237789 0.00722156 -0.0457007 0.063024 0.101003 -0.0382417 0.00636965 0.0168818 0.0181934 0.0352242 0.105317 0.15285 0.0194188 -0.03879
internal_weight=232662 197490 8269.25 189221 185258 110383 74874.8 110007 101484 29766 22284.8 18938 7481.25 12871 6441 4929 3820 977 3346.75 1883.75 1573.25 6067 66220.2 71718 71433.8 637.75 58653 7567.25 5069.25 1196.25 58513 5958 49796.2 24008.2 21639.8 5081.25 16558.5 4155 4008 2460 4269.75 12467 12372 441.75 11930.2 3764.5 8165.75 2707.5 2096 2101.5 1344 1626.75 757.5 8019 70796 35720.2 35476.5 16120.2 2237.25 1433.5 35172 1512
internal_count=321237 276477 10394 266083 261090 154605 106485 154229 142011 43311 35829 30032 7482 23965 6441 4929 3820 977 5797 3389 2612 6067 93176 98700 98094 1024 82092 11084 7671 2235 81922 5958 71031 34302 30861 8157 22704 4155 4008 2460 6228 23429 23334 528 22806 7597 15209 3888 3164 5169 3810 2394 1359 10041 97070 43299 43044 18896 2259 1441 44760 1512
cat_boundaries=0 1 2 3 4 5 6
cat_threshold=68 8 4 4 10 4
is_linear=0
shrinkage=0.04


Tree=103
num_leaves=63
num_cat=1
split_feature=9 21 23 15 22 23 23 21 25 22 19 25 24 5 22 21 22 24 21 21 23 24 19 15 5 9 6 21 25 15 29 22 21 22 21 21 22 19 22 22 21 20 15 22 22 25 25 25 8 15 21 26 21 22 15 17 23 22 15 19 21 25
split_gain=8533.31 5782 7145.39 6577.74 10377.2 8468.46 7594.73 7086.21 6412.68 6299.35 5861.1 5673.59 8751.23 7418.22 7371.7 7125.43 12628.5 6178.23 10261.1 10064.2 7842.34 6685.59 5552.66 5481.85 5458.21 5918.42 7783.61 6229.68 5876.81 5289.76 6488.93 6440.41 11050 5240.66 7582.38 6163.3 5413.96 5158.43 4864.92 4839.35 4781.35 8969.19 8414.97 6695.05 6275.29 6899.58 4693.65 7622.05 4633.23 4619.77 7831.32 6507.38 5629.71 4507.62 4429.15 10501.5 5199.82 5233.92 4429 4413.84 4410.42 4405.25
threshold=3.5000000000000004 73.465930938720717 1.119209945201874 3.5000000000000004 0.037285478785634048 1.0496999621391299 1.0478878021240237 74.533176422119155 496.62500000000006 0.028545571491122249 190.50000000000003 298.37500000000006 0.3201736062765122 42.500000000000007 0.029824725352227691 59.510065078735359 0.24123191833496097 0.10139193385839464 73.036865234375014 65.116699218750014 1.2481924295425417 0.096784874796867384 163.50000000000003 4.7500000000000009 34.500000000000007 15.500000000000002 57.500000000000007 76.371921539306655 690.87500000000011 2.5000000000000004 0 0.083829231560230269 71.157733917236342 0.015367629006505014 73.543998718261733 75.729537963867202 0.0079137263819575327 7.5000000000000009 0.084051545709371581 0.12964180856943133 70.319358825683608 218.00000000000003 3.5000000000000004 0.042111476883292205 0.050325168296694762 177.37500000000003 117.62500000000001 125.50000000000001 237.25000000000003 3.5000000000000004 67.372478485107436 1.5000000000000002 63.620441436767585 0.10899818688631059 4.7500000000000009 3.5000000000000004 1.1021022796630862 0.12964180856943133 3.5000000000000004 190.50000000000003 67.430934906005874 39.125000000000007
decision_type=2 8 10 2 10 10 10 10 2 10 10 2 10 2 10 10 10 10 10 10 10 10 10 2 2 2 2 10 2 2 9 10 10 8 8 8 10 10 10 10 10 2 2 10 10 2 2 2 2 2 10 2 10 10 2 10 10 10 2 10 10 2
left_child=1 8 3 48 5 6 33 -7 9 10 -1 14 13 49 -11 46 17 21 19 23 29 40 -6 37 25 -2 27 -27 -26 30 -21 -32 39 36 -35 -36 -5 -19 -34 -33 54 43 -43 -42 -44 -46 -16 -48 -3 -13 52 60 -51 -22 56 -56 59 -58 -4 -17 -52 -18
right_child=24 2 58 4 22 7 -8 -9 -10 11 -12 12 -14 -15 15 16 61 18 -20 20 53 -23 -24 -25 28 26 -28 -29 -30 -31 31 32 38 34 35 -37 -38 -39 -40 -41 41 42 44 -45 45 -47 47 -49 -50 50 51 -53 -54 -55 55 -57 57 -59 -60 -61 -62 -63
leaf_value=-0.065136321110488879 -0.018168457281902035 0.017477972512768187 0.0694928259027391 -0.19946743942719916 0.1579740955384453 0.31864623399921083 -0.34657864916825498 0.049894753427085617 0.024754657170071345 0.18163217248974126 0.044002861489569139 -0.02766288718487802 0.17203394870530794 0.01523243520639549 -0.11614496438200021 -0.0081880335889366485 0.0026463704766035794 -0.21494673304136583 -0.23149502672173963 0.18677951856802005 -0.045924622725946301 -0.071025158974248145 -0.15365916182755468 0.16897315072576125 0.0009269232615489565 -0.13946832170699788 -0.035178081737330114 -0.51019578015429423 -0.10727730914896846 0.038186710906501727 -0.086757686680123722 0.029709989870930143 0.45632359455823895 0.26409405307499867 -0.19039668272904281 -0.030689840415968325 0.06812092767100883 -0.018977714416248067 0.10782636113506844 -0.073225286657817454 -0.063888647120956613 0.19326152822356213 0.12087653770528066 0.012668040865007543 0.010909287390075923 -0.2921074337335241 0.25292420629952278 -0.044461776367009716 0.19446431505786521 -0.14790988874768324 -0.42414563962564628 0.11415079157475022 -0.0019522146186754887 0.16557483785968671 -0.30003167341697068 -0.023820241008462334 -0.082187784977800687 0.048035090274117245 0.25703950165587924 0.075012034885764176 -0.16482434005735602 0.15356746412170233
leaf_weight=4447 28758.5 43024.5 1657 133 97.75 182 117 1078 14373.5 366 955 7185 356 4469.5 1309 17592.75 416.5 218.75 264.5 246.5 191 2527 1150.25 240 36348 885.5 2331.75 77.5 819.25 15454 1534.5 1939.75 113 104 581.5 1149.25 1166 8184 148.75 1169.75 2156.5 778.75 651.5 11924.25 621.75 147 154.5 1158 236 562 116 122 1689.75 1005 288 917.5 2661.25 604.75 228 1081 1047 1204
leaf_count=5227 38957 59679 1666 133 196 182 117 1210 14396 501 1012 7197 356 4537 2200 34461 988 230 269 257 191 3253 1235 240 53571 1790 4212 94 820 17476 1707 2386 152 104 670 3787 1166 11979 199 1706 2662 1630 1244 16929 951 147 231 1197 341 562 116 122 1695 1005 699 1636 3157 715 228 2935 1047 1378
internal_value=-0.0001234 0.00486045 0.0160474 0.0131063 -0.0270469 0.00121198 -0.03291 0.0891642 -0.000197417 -0.00384946 -0.0458314 -0.00140506 -0.0234507 -0.0280543 0.00303108 0.00217628 0.00446442 0.00199975 0.0156319 0.0177943 0.0322735 -0.00797929 -0.12903 -0.0187292 -0.011895 -0.0239896 -0.0747559 -0.170307 -0.00146357 0.0264859 -0.00860979 -0.0188435 0.0120441 -0.0209829 -0.0644803 -0.0845108 0.0404528 -0.0241303 0.260626 -0.00903241 -0.00393468 0.0126736 0.0877648 0.000935228 0.029723 -0.0476307 -0.0626107 -0.00911755 0.0184526 -0.0460992 -0.083514 -0.162234 -0.0384833 0.131772 -0.015617 -0.0902028 -0.0115106 -0.0580579 0.0924301 -0.00336374 -0.19138 0.114834
internal_weight=232717 163496 50904.2 49019.2 5758.75 4510.75 3250.75 1260 112592 98218.8 5402 92816.8 15547.2 15191.2 77269.5 76903.5 74282 72661.5 30709.5 30445 21802.2 41952 1248 8642.75 69220.5 32053.2 3294.75 963 37167.2 20606.2 5152.25 4905.75 3371.25 3133.75 1834.75 1730.75 1299 8402.75 261.75 3109.5 39425 16279.8 2199 14080.8 1420.25 768.75 2621.5 1312.5 43260.5 10721.8 3536.75 1285 2251.75 1196 23145.2 1205.5 21939.8 3266 1885 18673.8 1163 1620.5
internal_count=321136 221692 70714 68820 8800 7369 5977 1392 150978 136582 6239 130343 15632 15276 114711 114210 110582 108216 37797 37528 25079 70419 1431 12449 99444 45053 6096 1884 54391 23883 6407 6150 4443 5860 4561 4457 1299 12209 351 4092 67166 23563 3972 19591 2342 1098 3628 1428 60020 10739 3542 1285 2257 1196 43603 2335 41268 3872 1894 37396 1163 2366
cat_boundaries=0 1
cat_threshold=32
is_linear=0
shrinkage=0.04


Tree=104
num_leaves=63
num_cat=6
split_feature=1 1 32 19 24 25 25 32 19 32 6 25 7 25 23 24 23 23 24 22 1 25 0 14 29 30 14 18 6 24 23 28 24 24 11 7 13 19 25 23 23 2 25 22 25 22 25 25 25 25 20 22 24 25 22 2 23 18 8 6 0 20
split_gain=9271.08 7389.43 6936.66 7559.08 7336.52 7436.39 11888.2 14024.3 10795.7 14493.8 9935.99 11846.9 8748.44 9168.95 8422.82 8190.84 8949.39 9151.37 8226.91 6588.87 7466.33 6548.17 6476.19 6363.27 13996.1 8040.4 7516.63 6310.78 6300.21 5906.74 5773.66 5584.28 5529.57 6761.3 5393.85 5377.4 5112.94 5523.36 5792.85 5374.32 5109.54 4765.88 4723.69 7537.97 4893.35 4938.91 5523.49 4885.9 4707.54 9417.72 8942.44 10026.9 13394.6 8971.12 7475.58 7205.27 6755.86 6855.65 7505.78 6677.18 6494.61 8208.03
threshold=1.5649999976158144 3.5049999952316289 0 5.0000000000000009 0.011484527960419657 661.25000000000011 465.75000000000006 1 167.50000000000003 2 181.25000000000003 158.62500000000003 33.500000000000007 302.12500000000006 1.0293902754783633 0.036261994391679771 1.0879712104797366 1.1079552769660952 0.065656211227178587 0.0059330721851438293 2.6550000905990605 628.25000000000011 3.3349999189376835 88.345001220703139 3 4 62.565000534057624 1.5000000000000002 183.25000000000003 0.026837668381631378 1.2671241760253908 5 0.12707602232694629 0.10748013481497766 0.71984010934829723 58.500000000000007 1.0000000180025095e-35 111.00000000000001 206.62500000000003 1.2721105217933657 1.0424872636795046 0.98500001430511486 284.25000000000006 0.020587688311934475 345.75000000000006 0.03357642516493798 353.87500000000006 302.12500000000006 137.62500000000003 89.500000000000014 184.00000000000003 0.039901101961731918 0.063986252993345274 375.00000000000006 0.070718556642532363 0.024999999441206459 1.0230884552001955 1.5000000000000002 39.500000000000007 53.500000000000007 1.0000000180025095e-35 171.50000000000003
decision_type=8 10 1 8 8 2 2 1 8 1 2 2 2 2 8 8 10 10 10 10 8 2 10 8 9 9 10 10 2 10 10 9 10 10 10 2 8 10 2 10 10 10 2 10 2 10 2 2 2 2 2 10 10 2 10 8 10 10 2 2 10 2
left_child=34 2 3 -2 -4 6 8 21 23 10 11 14 -11 30 29 40 18 -18 -17 -13 42 -8 41 24 36 -26 -27 28 -9 -10 -14 -15 33 -12 -1 -7 -6 38 39 -38 -16 48 -21 47 -45 -46 -47 -44 49 56 -50 -52 53 -53 -55 -56 -5 58 60 -59 61 -58
right_child=1 -3 4 22 5 35 7 27 9 12 32 19 13 31 15 16 17 -19 -20 20 -22 -23 -24 -25 25 26 -28 -29 -30 -31 -32 -33 -34 -35 -36 -37 37 -39 -40 -41 -42 -43 43 44 45 46 -48 -49 50 -51 51 52 -54 54 55 -57 57 59 -60 -61 -62 -63
leaf_value=-0.019814225754905275 0.073859119779657964 0.054072119226273037 -0.15977408573465218 0.030046164417150294 0.0239994763056787 -0.020454493345333304 0.064899008517295922 -0.052060999379073131 0.077531338716705353 -0.0061228010674555531 0.063542601661160769 0.20594325899119142 0.12392003421106518 0.057674188414689534 -0.083180943774345692 0.0039410457995315493 -0.1438579534418396 -0.015743842153694249 0.12750563787951019 -0.20115782487429468 -0.036681639386516723 0.18217781018217113 0.039227268280240792 0.030734701636375057 -0.23211934834920328 -0.158691464532213 -0.021212858805695518 0.033362739319016503 -0.30939159463077437 -0.3165876108940498 0.48425574823770973 -0.15770225709696545 0.23467561575765231 -0.34535394856204155 -0.20038052899398126 -0.13177246028185782 0.017214928361668352 -0.076334998497240264 -0.06788869706677382 0.18514432689453103 -0.42476539362946597 0.097660408534250162 -0.14835309878948741 -0.083945896366137002 -0.45124722292688157 -0.42586590239432481 -0.12214248834796364 0.05697559192772722 0.022123626550482261 -0.065633993351125033 0.006804739715105145 -0.084044916320194341 -0.022731046016866045 -0.15696742081972415 -0.29461891426252107 -0.80991094751201542 0.093590876828652081 -0.065623749133096418 -0.020769760781132171 -0.011692178957290607 0.07687255467366097 -0.15994914575621896
leaf_weight=28113.25 1808.5 4412.5 413 4874.25 26680 4099.5 7347 1339 2055 2756.5 1040.5 141 2071.75 533 1854 5413.25 1208 3398.5 1023.5 702 5594 849 4263.25 26763 342.75 712.75 5810.75 1553 170 60.75 72 299 287.5 67 265.25 834.25 3021.5 1752.5 1208 337.25 71 634 244 1868 106 109 731 751 14657.75 6650.25 13280 1772.5 9645 377 145.5 62.75 359 7510 7514.25 7190.25 2897.75 469
leaf_count=37138 2065 5329 413 19497 33499 4125 7347 1339 3534 3913 1618 141 4675 533 2958 14435 1520 4390 1583 702 5594 849 4924 36018 495 1093 8495 1553 170 243 87 299 295 67 326 835 8153 4841 1208 338 71 730 244 1868 106 109 731 751 14765 8697 13280 1876 9645 377 240 92 677 11443 11178 12399 4613 565
internal_value=-9.42838e-05 0.00288275 0.00175169 -0.0069891 0.00810663 0.00871092 0.0108595 0.0498069 0.00643331 -0.0124831 -0.024863 -0.0305887 0.0452215 0.0927578 -0.0080399 -0.0201157 -0.00683536 -0.0493898 0.0236237 -0.0637759 -0.0675802 0.07709 -0.0087675 0.0156484 0.00551929 -0.0463912 -0.0362234 -0.0232213 -0.0814276 0.0659228 0.136466 -0.0199097 0.0789924 0.0382206 -0.0215162 -0.0393247 0.016332 -0.0160107 0.00716043 0.0341791 -0.0962116 -0.0113905 -0.105862 -0.0882003 -0.12164 -0.19573 -0.162482 0.00641902 -0.0122863 -0.022471 -0.00273196 -0.017143 -0.0436365 -0.12906 -0.264631 -0.456152 -0.0131519 -0.0212709 0.0022454 -0.0392502 0.0486517 -0.0500503
internal_weight=232592 204214 199802 84111 115690 115278 110344 11258 99085.8 32457.2 26725 25330 5732.25 2975.75 15084 12968.2 11043.2 4606.5 6436.75 10246 10105 8196 82302.5 66628.5 39865.5 6866.25 6523.5 3062 1509 2115.75 2143.75 832 1395 1107.5 28378.5 4933.75 32999.2 6319.25 4566.75 3358.75 1925 78039.2 4511 3809 2814 946 840 995 77405.2 37464.8 39940.5 25282.8 12002.8 2357.75 585.25 208.25 30814.5 25940.2 11240 14700.2 3725.75 828
internal_count=321094 283630 278301 117063 161238 160825 155865 11258 144607 50467 40960 38980 9507 5594 28734 24957 21928 5910 16018 10246 10105 8196 114998 94140 58122 10083 9588 3062 1509 3777 4762 832 1980 1685 37464 4960 48039 14540 9699 8491 3029 110074 4511 3809 2814 946 840 995 109344 69069 40275 25510 12230 2585 709 332 60372 40875 17033 23842 5855 1242
cat_boundaries=0 1 2 3 4 5 6
cat_threshold=8 4 4 112 4 16
is_linear=0
shrinkage=0.04


Tree=105
num_leaves=63
num_cat=2
split_feature=21 15 23 32 0 15 1 23 23 21 21 20 21 0 12 22 7 22 6 20 21 15 20 23 19 15 21 18 21 21 21 15 23 22 22 19 21 22 18 6 23 6 20 20 22 19 21 28 23 20 22 22 6 15 22 21 23 22 22 22 22 23
split_gain=8090.65 7569.65 7506.54 6958.34 7906.58 7614.98 7441.6 5830.94 7127.94 6503.35 7482.69 7744.27 6292.75 5638.63 5617.16 5301.51 5219 5199.84 5177.01 6037.6 7255.18 5644.95 9630.77 8471.59 5278.9 9014.65 7354.88 7219.28 8985.29 5876.74 5762.5 21228.8 7807.36 5170.2 6615.48 6077.05 5055.66 5020.79 5012.74 4959.12 4883.98 5135.18 4865.42 12725.5 9676.49 7443.81 7050.82 9513.3 7118.88 5682.2 8232.36 8172.3 9282.83 8997.41 6819.56 8304.29 6218.83 5727.64 7131.07 5658.82 5628.9 13851.4
threshold=66.469604492187514 1.0000000180025095e-35 1.0013249516487124 0 1.8350000381469729 15.000000000000002 3.0649999380111699 1.2481924295425417 1.2588252425193789 59.93836975097657 60.142297744750984 79.000000000000014 63.870082855224616 3.6049998998641972 5.5000000000000009 0.22780887037515643 75.500000000000014 0.071642290800809874 92.250000000000014 184.00000000000003 66.512878417968764 2.5000000000000004 159.00000000000003 1.1405673623085024 190.50000000000003 3.5000000000000004 78.553573608398452 1.5000000000000002 67.886199951171889 67.659801483154311 71.414505004882827 2.5000000000000004 1.0560394525527956 0.048324164003133781 0.047027543187141425 23.000000000000004 84.929595947265639 0.11531509459018709 1.5000000000000002 137.25000000000003 1.1712989211082461 130.25000000000003 175.00000000000003 171.50000000000003 0.096611455082893385 10.500000000000002 73.630203247070327 1 1.0362150073051455 181.50000000000003 0.10294625535607339 0.10587605834007265 48.500000000000007 3.5000000000000004 0.098224755376577391 67.120429992675795 1.0220997929573061 0.097551945596933379 0.080034654587507262 0.022868599742650989 0.039901101961731918 1.0308065414428713
decision_type=8 2 8 1 10 2 10 10 10 8 10 2 10 10 8 10 2 8 2 2 8 2 2 10 10 2 10 10 10 10 8 2 10 10 10 10 10 10 8 2 10 2 2 2 10 10 10 9 10 2 10 10 2 2 10 10 10 10 10 10 10 10
left_child=7 14 -3 4 -4 13 16 9 -9 15 -11 -12 -10 42 -2 -1 18 38 36 21 -21 22 -20 33 -22 30 27 28 29 -27 -26 -32 -33 34 -23 -35 -5 -14 -13 -29 -24 -42 43 46 45 -45 -6 48 -48 56 54 53 -53 -52 55 -51 -44 58 60 -50 -57 -62
right_child=1 2 3 6 5 -7 -8 8 12 10 11 17 37 -15 -16 -17 -18 -19 19 20 24 23 40 -25 25 26 -28 39 -30 -31 31 32 -34 35 -36 -37 -38 -39 -40 -41 41 -43 49 44 -46 -47 47 -49 59 50 51 52 -54 -55 -56 57 -58 -59 -60 -61 61 -63
leaf_value=-0.20845731425899544 -0.01144241206251039 0.059455169908455348 -0.035142589706266582 0.00025542822627969982 -0.01077295750869562 -0.29811772456221336 0.04075549143582248 0.098628396067789462 -0.01553013747185154 0.13207717921320813 -0.13917828137621716 0.0083687740040683661 -0.14922856310191074 0.088102345722951267 -0.30281549173457523 -0.054714451175280544 -0.027533318645888618 -0.012881871758235901 -0.23929400853252628 0.26418738836881728 -0.015038742886991474 -0.013156895680637756 0.10425208403827309 0.14279920556821632 0.20630621088789824 -0.12277940824755172 -0.27390541111387157 -0.019425980515929121 0.03387346223236283 -0.52978901946929191 -0.40499263183444123 0.066372250865464694 0.32877450010762072 -0.069701785222129845 -0.25245496007225238 0.053798843778380116 0.10829007504646936 0.069149352129632746 -0.10645983559261633 0.11057701793746674 0.12493032768941084 -0.18351659689268263 -0.21447467743688159 0.036245500601503326 0.034478086530536751 -0.095927488413120945 -0.2590073010790348 0.14884940590000309 0.24191878707372069 -0.198268869862499 0.0065813196752718111 -0.16829460999648105 0.012759325244690827 -0.43221190464465892 0.12604727495103846 0.01205442073248357 0.035266949881328009 -0.2451393302024619 0.082434565505763044 0.0046434523869395075 -0.28558147226144442 -0.017846837145620308
leaf_weight=483.25 201.75 3880.75 12493.5 54442.5 8074 135 11182 1272 9759 520.75 854.75 893.5 179 1149.75 221.25 1388 6794.5 32075.25 144.25 170 9899 3002.5 3798.25 875.5 546.25 715.25 156.25 799.5 825.25 60 143.75 1526 204.25 739.5 195 4549.75 700 2449.75 1900.75 1133.25 149 200 160 778 1475 5452 148 1190.75 176 330 121.5 661.5 1427.75 192 709 16912.75 10571.25 146 1748.5 1668 320 7779
leaf_count=613 552 15523 15615 78540 10957 150 12961 1413 10722 853 1343 1360 179 1218 516 2798 10120 47790 232 233 14411 4459 5470 889 844 1391 190 1071 1024 60 212 2153 262 990 195 5872 700 2569 2392 1578 149 200 160 778 1475 5452 151 1337 176 468 129 780 1775 192 844 20461 12609 194 2104 1782 320 9480
internal_value=5.48428e-05 0.00404192 0.00443859 0.00323008 -0.0061419 -0.000232696 0.00995013 -0.0138885 0.00853342 -0.0219241 -0.0181666 -0.0203642 -0.000731501 0.000434094 -0.164572 -0.094603 0.00619564 -0.0174437 0.00889325 0.0223158 0.0057827 0.041902 0.079882 0.0244784 0.00300549 0.0322374 -0.00711893 0.00482512 -0.0579648 -0.155572 0.0921929 0.0587414 0.0976964 0.0122406 -0.0279017 0.0365107 0.00163088 0.0541741 -0.0697592 0.0568314 0.0910955 -0.0518458 -0.00124745 -0.0180063 -0.057607 -0.0794142 0.00910427 0.0595064 0.00600051 0.00648855 -0.00235808 -0.0733753 -0.0446684 -0.263164 0.00375255 0.000559722 0.0315034 0.00301317 0.00438557 0.027532 -0.00107645 -0.0284942
internal_weight=232850 181074 180652 176771 73819.2 61325.8 102952 51776 13659.8 38116.2 36245 35724.2 12387.8 61190.8 423 1871.25 91769.5 34869.5 84975 29832.5 16178.8 13653.8 4291.5 9362.25 16008.8 6109.75 3689.5 3533.25 1600.5 775.25 2420.25 1874 1730.25 8486.75 3197.5 5289.25 55142.5 2628.75 2794.25 1932.75 4147.25 349 60041 18961.8 7705 6230 11256.8 3182.75 1992 41079.2 30348 2402.75 2089.25 313.5 27945.2 27236.2 10731.2 26906.2 26760.2 1844 25011.8 8099
internal_count=321436 249404 248336 232813 88607 72992 144206 72032 14883 57149 53738 52885 13470 72842 1068 3411 131245 51542 121125 41885 23429 18456 6051 12405 23196 8785 5314 5124 2475 1451 3471 2627 2415 11516 4654 6862 79240 2748 3752 2649 5819 349 71624 22108 7705 6230 14403 3446 2109 49516 36747 2876 2555 321 33871 33027 12769 32559 32365 1958 30261 9800
cat_boundaries=0 1 2
cat_threshold=8 4
is_linear=0
shrinkage=0.04


Tree=106
num_leaves=63
num_cat=4
split_feature=1 22 1 23 32 19 21 25 25 22 21 25 21 25 25 20 15 20 23 21 29 20 17 25 17 22 21 19 7 25 28 6 14 23 22 20 25 32 21 17 23 21 21 25 21 21 22 22 15 21 25 17 25 20 20 21 25 23 21 23 19 23
split_gain=8738.5 6376.47 5943.53 5712.45 5264.03 6633.41 5966.72 6995.92 9624.07 8925.22 8848.54 7622.22 7471.69 7606.41 7344.48 7088.58 6753.92 10632.7 8313.02 6364.9 6350.62 5819.26 5659.24 5559.47 5508.44 5452.12 5374.88 5374.08 5437.08 5321.01 5312.43 5194.13 6268.11 8740.04 6987.7 6099.02 10004.1 11172 8478.56 8273.17 6788.58 7440.01 7253.71 6500.03 7284.7 12397.6 7763.67 6435.04 5999.33 6241.49 5698.77 5613.82 6081.97 5443.9 5261.23 5653.04 5230.66 5779.27 5141.05 5180.83 5064.24 5001.42
threshold=1.9049999713897707 0.34571312367916113 3.5049999952316289 1.4250591397285464 0 5.0000000000000009 82.205451965332045 84.125000000000014 97.625000000000014 0.016710150055587295 68.89096832275392 74.125000000000014 69.930908203125014 32.125000000000007 65.125000000000014 177.50000000000003 2.5000000000000004 171.50000000000003 1.1373143792152407 67.059993743896499 1 218.00000000000003 2.5000000000000004 71.375000000000014 1.5000000000000002 0.13584823906421664 69.88785552978517 5.0000000000000009 71.500000000000014 642.37500000000011 2 58.500000000000007 97.340000152587905 1.0496999621391299 0.29634784162044531 179.00000000000003 398.50000000000006 3 64.422271728515639 2.5000000000000004 1.2588252425193789 67.886199951171889 67.659801483154311 229.62500000000003 74.235458374023452 80.020374298095717 0.04550715163350106 0.11531509459018709 4.2500000000000009 70.499790191650405 331.62500000000006 3.5000000000000004 174.62500000000003 184.00000000000003 177.50000000000003 67.886199951171889 677.12500000000011 1.1321590542793276 69.172683715820327 1.1616019010543825 190.50000000000003 1.2721105217933657
decision_type=8 10 10 10 1 8 10 2 2 10 10 2 10 2 2 2 2 2 10 8 9 2 10 2 10 8 10 10 2 2 9 2 8 10 10 2 2 1 10 10 10 10 10 2 10 10 10 10 2 10 2 10 2 2 2 10 2 10 10 10 10 10
left_child=-1 2 3 4 5 -2 7 11 9 -9 15 12 13 19 16 -11 17 -14 24 61 25 -16 -17 -23 -18 -21 -22 -10 31 -7 -24 32 34 -34 -29 38 39 48 51 47 41 42 -41 -43 46 -46 50 -37 49 58 -45 52 -33 -49 55 -35 -40 -58 59 -38 -61 -6
right_child=1 -3 -4 -5 6 29 -8 8 27 10 -12 -13 14 -15 21 22 18 -19 -20 20 26 23 30 -25 -26 -27 -28 28 -30 -31 -32 35 33 54 -36 36 37 -39 56 40 -42 43 -44 44 45 -47 -48 53 -50 -51 -52 -53 -54 -55 -56 -57 57 -59 -60 60 -62 -63
leaf_value=-0.015473968249979327 0.071140124706095889 -0.104029420699045 0.050526316280161868 0.071545344100715211 -0.1006629067908833 -0.0091238793553424964 0.055654899033437948 -0.40839847717770433 -0.12126028095632255 -0.001675872663521863 -0.0014650196541888326 0.078438234681479618 -0.11713061331735722 0.033918121707983841 -0.031698110594812416 -0.27520504079406222 0.13714399530490462 0.034010248492478835 0.16104658107162803 -0.0081286343668768562 -0.015389272707298044 -0.613378466073082 -0.17332495389722299 -0.085898439416973324 0.036302679787887301 0.16745159350380259 -0.28787962841619053 -0.028790148160860906 -0.038234246116899628 0.050147253089488197 0.047564368072393781 -0.20079524281202979 -0.060431166983090416 0.46308869249377416 0.1610275078385881 0.008209070316004834 0.10883088367632809 -0.029117075517256393 0.069572214157736983 -0.078136418750627601 0.1993995991523192 0.023108676824711072 -0.3448361859771063 -0.023812722586631502 -0.20335101741532596 0.13173963439789685 -0.12297295944226271 0.32581950746205052 0.15448758568099413 0.097355888426367609 0.11320555459969894 0.048659840667750073 -0.020173324127425001 0.080349691508395174 0.040517443907618453 0.073214003730797381 0.081459770273297066 -0.30004228925295456 -0.084794142957568541 -0.2427737651565407 0.037793800228401217 0.23399195027191369
leaf_weight=46578.5 1770.5 869.75 4363.5 1939 1822.5 72680.5 4120.25 111 552 602.75 2661 3265.5 951.75 6224.5 889 486.75 972 3396.25 1163 552.25 9591 55.25 533.75 74.25 7908.5 577.75 115.25 12849 4488 2505 257 413.75 1491 97.5 316 1776.25 812 2490 7557.75 2291.25 196.5 3471.5 174 1517 903 218 833 201 1146 2219 712 1085.25 1058 509.75 4598.5 150.5 122 129 727 156 294 72.5
leaf_count=61235 2018 1166 5271 1957 4134 102871 4220 111 576 623 3123 4068 1731 12637 1225 540 1809 6706 1163 1078 29190 71 647 168 11303 2041 173 13002 4695 2505 335 461 1527 99 325 1873 812 2490 7695 2346 246 3827 174 1517 903 218 833 201 1146 2219 712 1122 1058 551 4714 158 122 129 727 156 294 77
internal_value=2.01228e-05 0.00389853 0.0044065 0.00329317 0.00255265 -0.00534467 0.00851339 0.00652696 -0.00192918 -0.0571809 -0.0484184 0.0200559 0.0145038 -0.00231274 0.0351879 -0.114792 0.0425364 0.000885978 0.060563 -0.0200297 -0.00819472 -0.06852 -0.16807 -0.31691 0.0473694 0.0810567 -0.018665 0.00269938 0.00394791 -0.00714772 -0.101585 0.00769707 -0.00847662 0.0242018 -0.0242096 0.017868 0.00529762 0.0408643 0.0429001 -0.0164949 -0.032283 -0.036821 -0.0972279 -0.0173446 -0.050914 -0.138061 -0.0189377 0.0489651 0.073411 0.0512659 0.0200131 -0.0203044 -0.0711602 0.150499 0.0502545 0.229002 0.0635975 -0.115401 -0.000195822 0.0485894 -0.0600958 -0.0876221
internal_weight=232666 186088 185218 180854 178915 76956 101959 97839 60207.8 4652.25 4541.25 37631.2 34365.8 18955.8 15410 1880.25 14391.5 4348 10043.5 12731.2 10836.2 1018.5 1277.5 129.5 8880.5 1130 9706.25 55555.5 55003.5 75185.5 790.75 50515.5 19502.5 6337.5 13165 31013 20647.2 7844 10365.8 12803.2 10316.2 10119.8 2465.25 7654.5 4183 1121 3062 2487 5354 4208 2229 2557 1471.75 710.75 4846.5 248 7808.75 251 1989 1262 450 1895
internal_count=321124 259889 258723 253452 251495 107394 144101 139881 62307 5379 5268 77574 73506 49330 24176 2145 22712 8437 14275 36693 32482 1464 1522 239 13112 3119 29363 56928 56352 105376 982 51657 19825 6498 13327 31832 21245 7844 10587 13401 10776 10530 2520 8010 4183 1121 3062 2625 5354 4208 2229 2641 1519 752 4971 257 7946 251 1989 1262 450 4211
cat_boundaries=0 1 2 3 4
cat_threshold=8 40 16 4
is_linear=0
shrinkage=0.04


Tree=107
num_leaves=63
num_cat=6
split_feature=21 24 22 33 22 24 29 21 33 5 24 15 24 24 22 24 24 17 22 6 19 29 5 15 22 24 19 24 24 17 22 29 21 22 20 20 24 7 17 21 24 24 11 19 24 22 20 22 15 22 22 22 17 15 32 22 21 24 21 15 15 24
split_gain=7746.76 6428.5 6020.1 5705.43 6533.86 7176.19 10794.8 8650.83 5820.33 5489.36 5066.45 5206.43 5870.14 9282.71 4911.34 4883.63 6189.98 9634.86 7110.9 15007.7 10035 5605.02 5600.54 9562.32 8027.12 7458.22 10588.9 7712.46 8169.51 7017.02 6798.52 6426.59 6456.84 6414.05 5949.44 9414.99 8931.29 8158.74 5217.84 5106.19 4926.65 5776.92 4819.74 5562.49 5279.12 7775.51 11506.9 8818.52 7787.05 7632.31 10648.3 6207.16 5346.09 9873.94 5504.44 5429.27 5121.41 6611.04 12277.4 5760.06 7999.6 5645.73
threshold=73.465930938720717 0.076709736138582243 0.084876112639904036 0 0.34571312367916113 0.3201736062765122 1 62.269115447998054 2 2.5000000000000004 1.0000000180025095e-35 5.5000000000000009 0.016853686422109607 0.012530290987342598 0.022868599742650989 0.071071736514568343 0.069786544889211669 2.5000000000000004 0.070718556642532363 130.25000000000003 190.50000000000003 3 24.500000000000004 1.5000000000000002 0.058820031583309181 0.019153827801346782 190.50000000000003 0.048849051818251617 0.027737906202673916 1.5000000000000002 0.053186543285846717 4 73.543998718261733 0.047027543187141425 177.50000000000003 184.00000000000003 0.065656211227178587 42.500000000000007 4.5000000000000009 80.020374298095717 0.065228797495365157 0.06282465904951097 0.30389449000358587 5.0000000000000009 0.064879272133111968 0.048324164003133781 218.00000000000003 0.04550715163350106 4.2500000000000009 0.047027543187141425 0.025052327662706379 0.049019973725080497 3.5000000000000004 3.5000000000000004 5 0.046048244461417205 65.668624877929702 0.087824892252683653 65.116699218750014 4.7500000000000009 5.5000000000000009 0.083215549588203444
decision_type=10 10 10 9 10 10 9 10 9 2 10 2 10 10 10 10 10 10 10 2 10 9 2 2 10 10 10 10 10 8 10 9 10 10 2 2 10 2 10 10 10 10 10 8 8 10 2 10 2 8 10 10 10 2 1 10 8 10 10 2 2 10
left_child=3 10 -3 9 5 8 7 -7 -5 -1 -2 15 13 -13 -14 16 18 -18 22 20 -20 -17 23 33 25 38 34 28 -28 -25 31 -31 -33 -12 37 36 -36 -27 39 -24 41 -39 44 -44 45 46 52 -48 51 50 -46 -47 53 54 -10 -54 57 58 61 -59 -61 -51
right_child=1 2 -4 4 -6 6 -8 -9 42 -11 11 12 14 -15 -16 21 17 -19 19 -21 -22 -23 24 29 -26 26 27 -29 -30 30 -32 32 -34 -35 35 -37 -38 40 -40 -41 -42 -43 43 -45 49 48 47 -49 -50 56 -52 -53 55 -55 -56 -57 -58 59 -60 60 -62 -63
leaf_value=0.17923718697744412 0.14376666740307839 0.042674462575415975 0.23420437596876512 -0.045391869069848302 -0.094316873501735718 0.099284519247495817 -0.013233707116357983 0.38000879720212022 -0.044217982412638621 0.027807812018575399 0.20589680305693428 -0.19881032236121024 -0.35555575077984786 0.15539702405313452 -0.067733428226061723 0.11240209014932592 -0.0070575533378771432 0.23263144669960362 0.004698102445787675 -0.53334843290502376 -0.36571212467951564 -0.079375768023900561 -0.069615353835583912 0.01384035280630142 0.2127263728736413 0.03198195971930174 0.14654823397648184 0.24698213380756578 0.0070230669076153393 0.060216727893723711 0.11865542841802805 0.19186515313587829 -0.051377025884872689 -0.12437989365039435 0.099971935867662065 0.011162845409295087 -0.15110193132195035 -0.073631648375838493 -0.14838021416390032 0.053810586063166216 0.11739137105973629 -0.36006153076424791 0.23991731912659339 -0.030135819237561635 -0.18785693020379146 0.2319714374470937 0.055689804146755909 -0.21083914361077533 -0.097933871471735309 0.043344382140716835 0.055630686414151309 0.0065303596195333824 -0.024911917535030477 0.073665888932073181 -0.13300102281544554 -0.19536514859006474 0.0054775166966478019 -0.011909721513508513 -0.18377933705465968 0.24720343426803509 -0.0025470521908688855 -0.1238625806826241
leaf_weight=457.25 435.25 5890.75 273 5569.75 1299 656.75 1108 239 1807.25 2315.75 537.75 206 183 272.75 197.25 274 569 505.5 923 108 132 1719.75 1151.25 12422 355.25 2406.25 1239 466.5 1463.75 982.75 468.75 176 9331 112.5 3632.75 10271 240 2108.75 567.75 1000.5 200 117.25 121.25 12549.75 299.25 195.5 2854.5 211.5 1157 1111 6262.5 18517.5 9533 593.25 2938 306.75 74716.75 24895.75 1014.25 330 537 453.25
leaf_count=752 1741 6244 273 7081 1860 686 1108 239 2063 3152 555 206 183 317 438 274 569 507 1040 111 132 1947 1152 14315 542 2437 1863 531 1529 1213 729 176 10972 120 4400 13580 240 2123 573 1053 200 118 155 20457 384 290 4101 411 2618 1864 6474 40212 12539 792 3331 426 103456 31723 1324 330 537 610
internal_value=0.000254198 0.0125094 0.0512321 -0.00408662 -0.00502037 -0.00432896 0.0708782 0.172948 -0.0052378 0.0527017 0.00815023 0.0070586 -0.0905214 0.00277646 -0.207408 0.00862936 0.0110088 0.10592 0.00898159 -0.0886936 -0.0422438 -0.0527641 0.0112918 -0.0025264 0.0244578 0.0217507 0.0294283 0.0970871 0.0710485 -0.00674041 -0.0300687 -0.0367368 -0.0467845 0.148537 0.0181189 0.0312095 0.0843405 -0.0201921 -0.0407417 -0.0122256 -0.0719285 -0.089032 -0.00383986 -0.0275136 -0.00180925 -0.0146322 -0.0334853 0.0371759 0.00267955 0.00264934 0.0444713 0.00891057 -0.0477624 -0.0799878 -0.0992222 -0.0302652 -1.42178e-05 -0.0144919 -0.0755326 -0.00837682 0.0928546 -0.00519594
internal_weight=232990 60940 6163.75 172050 169278 167978 2003.75 895.75 165975 2773 54776.2 54341 859 478.75 380.25 53482 51488.2 1074.5 50413.8 1163 1055 1993.75 49250.8 24030.8 25220 24864.8 22145.2 3169.25 2702.75 23380.5 10958.5 10489.8 9507 650.25 18976 14143.8 3872.75 4832.25 2719.5 2151.75 2426 2226 160405 12671 147734 38114.2 18244.2 3066 19870 109620 6561.75 18713 15178.2 5338.5 4745.25 9839.75 103058 28341.2 2578.5 25762.8 867 1564.25
internal_count=321378 72403 6517 248975 245071 243211 2033 925 241178 3904 65886 64145 1144 523 621 63001 60780 1076 59704 1283 1172 2221 58421 28080 30341 29799 27021 3923 3392 27405 13090 12361 11148 675 23098 18220 4640 4878 2778 2205 2441 2241 234097 20612 213485 66783 23663 4512 43120 146702 6858 40502 19151 6186 5394 12965 139844 36388 3798 32590 867 2474
cat_boundaries=0 1 2 3 4 5 6
cat_threshold=8 64 4 12 160 4
is_linear=0
shrinkage=0.04


Tree=108
num_leaves=63
num_cat=12
split_feature=1 33 28 20 29 21 24 21 23 20 29 25 6 16 9 14 25 25 25 4 17 24 21 21 25 24 32 21 30 29 1 21 18 17 29 32 25 21 21 21 20 21 21 21 6 23 21 23 17 21 23 29 21 23 32 25 14 21 25 29 23 27
split_gain=8268.24 7225.73 5601.2 11133.8 11889.5 7655.36 9981.6 10598.2 9591.12 7456.7 6992.94 7543.79 6756.55 9632.85 7513.75 6679.67 6392.38 6211.02 5802.53 5488.09 5364.07 6727.39 6153.93 6954.47 6477.91 5907.53 5782.63 6086.59 5137.91 6155.73 4996.16 4949.46 4861.94 10123 8075.26 13359.3 12576.1 9832.61 7346.27 9337.31 6841.1 19536.3 6090.71 6777.69 5999.12 5874.54 5999.68 6782.57 5807.11 8907.08 9512.66 6717.17 6652.05 9461.11 6688.56 6256.61 5635.86 5332.54 4998.88 4915.48 6286.46 5203.69
threshold=3.0649999380111699 0 1 141.00000000000003 2 74.374259948730483 0.23804991692304614 65.778343200683608 1.0298770666122439 79.000000000000014 3 132.62500000000003 101.25000000000001 1.5000000000000002 6.5000000000000009 86.534999847412124 17.875000000000004 153.12500000000003 375.00000000000006 3.2350000143051152 4.5000000000000009 0.30805669724941259 67.886199951171889 66.984218597412124 409.25000000000006 0.17640001326799395 4 77.618881225585952 5 6 1.2849999666213991 67.120429992675795 1.5000000000000002 2.5000000000000004 7 8 209.37500000000003 77.426959991455092 62.081874847412116 61.860757827758796 181.50000000000003 69.587730407714858 68.618087768554702 71.21435928344728 41.500000000000007 1.0260539650917055 77.16318511962892 1.0668813586235049 1.5000000000000002 74.03781890869142 1.0272935032844546 9 69.05243301391603 1.1170130968093874 10 189.12500000000003 68.229999542236342 80.24106597900392 99.125000000000014 11 1.0243858098983767 1.0000000180025095e-35
decision_type=10 9 9 2 9 10 10 8 8 2 9 2 2 2 2 10 2 2 2 2 10 10 10 10 2 10 1 10 9 9 8 8 10 10 9 1 2 10 8 10 2 8 10 10 2 8 10 8 8 8 8 9 8 10 1 2 10 10 2 9 8 2
left_child=1 -1 9 4 -4 6 7 8 -6 -3 11 -5 13 19 17 31 -7 -15 28 30 21 22 23 -20 -24 -26 27 -22 29 -11 -12 -9 33 48 35 -34 37 42 39 -35 44 -42 -37 -44 -40 -43 47 -47 52 51 -51 -50 56 54 55 -54 -30 -39 -48 -46 -61 -62
right_child=-2 2 3 10 5 16 -8 15 -10 18 12 -13 -14 14 -16 -17 -18 -19 20 -21 26 -23 24 -25 25 -27 -28 -29 32 -31 -32 -33 34 38 -36 36 -38 57 40 -41 41 45 43 -45 59 46 58 -49 49 50 -52 -53 53 -55 -56 -57 -58 -59 -60 60 61 -63
leaf_value=-0.039654610257341578 0.020308618814298282 -0.060353560990693264 -0.11821151863145053 0.11382225606260762 0.13730376660973975 0.32136727727945252 0.18550754435718084 0.19506315186992632 -0.15424477056567751 -0.17635449000415268 -0.068725882873564736 -0.024099587677527557 0.00031245062816798365 0.090427772305242154 -0.027115912263840535 0.20648092934080656 0.097923694343586748 -0.0081856476761610116 -0.0030899585351083971 0.047232851396306119 0.22854533578911759 0.17816034959478735 0.12700138207683506 -0.2307035075571037 0.018221133517793427 -0.21905201584939984 0.035203266810374584 0.023227314803612047 0.00062756236631239851 -0.018683700907757905 -0.022826089139068056 0.018188005767785502 0.13017178543810781 -0.068781462973519891 -0.015155072364745012 -0.17295032481818431 0.15899263195802069 -0.34089518329627971 -0.060630046300950195 -0.4647579966760047 0.10942152897363906 0.11633211934967143 0.18781067057750428 -0.018524975966141694 0.079784242946098302 0.025316093456225212 -0.0023254961970317635 -0.15686510442753948 0.082222522975403237 -0.012808708138028724 0.1852609618077129 -0.045010728313608882 0.23209622019249948 -0.096892629196613747 0.011347338889129518 -0.10436192846509208 0.11807221566294418 -0.074660254361449435 -0.3452210185663791 0.25646585415502704 -0.031739628065994181 0.066391679246743801
leaf_weight=8363.5 26916 2472.5 692.75 1499 226.25 253.75 630.25 269.75 866 491.75 4062 1098 50348.5 2961.75 2780 375 1049.25 1559 619 1686.75 705 414 890 327 4781 172 1303 344 1018.75 1897.5 57367.75 3708.25 1756.25 580.75 20782.25 300.75 571 244.75 1254.75 112.25 850.5 157 316.5 1270.25 2430.75 473.75 86.25 1049.25 1588.25 507.25 1643.25 1126 414 1235.5 5266.5 111 1823.5 238 321.25 155.25 2787.25 1251
leaf_count=10498 33954 3272 1259 2597 305 298 637 377 1346 674 5466 1098 69940 4575 3800 675 1074 1559 619 2100 705 414 890 327 4805 172 1303 344 1642 2607 80659 4720 2609 1267 31424 765 571 274 1878 170 1371 403 501 1676 3813 788 273 1665 2870 679 2463 1642 603 1381 7998 111 3172 295 361 441 3184 2034
internal_value=-0.000539603 -0.00326467 -0.00172173 -0.00649948 0.0390091 0.0538865 0.0350638 0.0175878 -0.0937052 0.00777212 -0.00947762 0.0553199 -0.0108757 -0.0188767 0.0246174 0.0455453 0.14187 0.0564302 0.0104197 -0.0239084 0.0391536 0.0220136 0.0124408 -0.0820974 0.0277711 0.00989478 0.0915779 0.161395 0.00534457 -0.0518576 -0.0258635 0.030276 0.00799742 0.0200821 -0.0044469 0.0428529 -0.00919085 -0.04981 -0.00802434 -0.134085 7.43925e-05 -0.0519971 -0.00852681 0.0228112 0.0195006 -0.117809 -0.136955 -0.100231 0.0420372 0.0777981 0.138569 0.0295799 0.0243968 0.00350405 0.0249491 0.160818 0.0760093 -0.210505 -0.27303 0.0346937 0.00831965 -0.00131996
internal_weight=232854 205938 197574 131434 8071.25 7378.5 6075.5 5445.25 1092.25 66140.5 123363 2597 120766 70417.2 7300.75 4353 1303 4520.75 63668 63116.5 9555 7203 6789 946 5843 4953 2352 1049 54113 2389.25 61429.8 3978 51723.8 26244 25479.8 4697.5 2941.25 2370.25 11510 693 10817 2938 1887.5 1586.75 7879 2087.5 1930.5 1523 14734 4864.75 2150.5 2714.25 9869.25 7027 5791.5 525 2842.25 482.75 407.5 6624.25 4193.5 4038.25
internal_count=321393 287439 276941 182485 10691 9432 8060 7423 1651 94456 171794 3695 168099 98159 9934 5772 1372 6134 91184 88225 9579 7227 6813 946 5867 4977 2352 1049 81605 3281 86125 5097 78324 40209 38115 6691 4082 3511 17648 1437 16211 4861 2942 2177 11350 3490 3087 2453 22561 7654 3142 4512 14907 10093 8712 714 4814 569 634 9472 5659 5218
cat_boundaries=0 1 2 3 4 5 6 7 8 9 10 11 12
cat_threshold=68 4 4 4 8 4 12 192 4 24 16 56
is_linear=0
shrinkage=0.04


Tree=109
num_leaves=63
num_cat=3
split_feature=1 33 11 2 32 19 19 21 23 19 15 25 25 5 6 12 22 23 20 22 21 19 15 25 25 32 22 21 25 21 22 2 25 21 21 21 25 22 21 23 15 23 21 17 21 23 21 23 23 23 25 11 20 22 25 15 23 23 15 21 21 21
split_gain=7749.21 6112.27 5719.65 4903.31 4668.55 6713.96 7529.13 10160.2 7406.35 8848.63 6664.01 6671.32 10405.9 6957.36 5992.91 10052 5890.52 9112.59 5846.59 6891.95 5778.19 5783.06 7837.43 7814.32 10016.3 15156.2 8272.85 7540.95 6958.25 6610.54 6384.81 6597.49 5856.62 5757.21 7211.88 5666.75 6636.26 5422.08 7330.39 7223.35 6462.27 12111.5 8783.64 23625.9 10315.1 8604.5 14537.9 22116.9 7963.04 6455.1 5851.44 5580.91 6530.43 11063 5559.41 11464.2 5413.29 6399.06 5980.25 5496.17 8772.61 12626.1
threshold=3.2549999952316289 0 0.50084745883941661 -1.455000042915344 1 9.5000000000000018 23.000000000000004 84.398693084716811 1.0116243958473208 111.00000000000001 1.0000000180025095e-35 661.25000000000011 618.00000000000011 3.5000000000000004 73.250000000000014 3.5000000000000004 0.072171278297901167 1.21013480424881 159.00000000000003 0.036844028159976012 81.854526519775405 167.50000000000003 1.5000000000000002 398.50000000000006 150.62500000000003 2 0.12520716339349749 66.233051300048842 391.50000000000006 63.725015640258796 0.0059330721851438293 0.44499999284744268 510.25000000000006 65.668624877929702 68.89096832275392 68.744674682617202 578.75000000000011 0.020587688311934475 71.316844940185561 1.0873403549194338 3.5000000000000004 1.1509101986885073 61.583427429199226 1.5000000000000002 60.34489822387696 1.1410646438598635 62.764375686645515 1.2429965138435366 1.1440888047218325 1.2588252425193789 24.125000000000004 0.2836336493492127 179.00000000000003 0.13181531429290774 88.125000000000014 2.5000000000000004 1.0298770666122439 1.0340689420700075 4.7500000000000009 78.408687591552749 73.465930938720717 73.388397216796889
decision_type=10 9 10 8 1 8 10 10 10 10 2 2 2 2 2 10 10 10 2 10 10 8 2 2 2 1 10 10 2 10 10 10 2 10 10 10 2 8 10 10 2 8 8 10 10 8 8 10 10 10 2 8 2 8 2 2 8 8 2 10 10 10
left_child=1 2 3 -1 5 18 -7 8 9 -8 -6 12 20 -13 15 -10 -15 -18 -3 -20 21 22 32 24 56 28 33 -27 29 -26 -31 -32 -12 -25 35 36 -35 -24 40 -40 45 48 44 -44 -43 50 47 54 -42 -49 -39 52 -48 -54 -47 -56 -23 58 -58 60 61 -59
right_child=-2 4 -4 -5 10 6 7 -9 14 -11 11 13 -14 16 -16 -17 17 -19 19 -21 -22 23 37 26 25 27 -28 -29 -30 30 31 -33 -34 34 -36 -37 -38 38 39 -41 41 42 43 -45 -46 46 51 49 -50 -51 -52 -53 53 -55 55 -57 57 59 -60 -61 -62 -63
leaf_value=0.053783710067597232 0.0286339348807708 -0.023085299538704973 -0.22329934198019757 -0.040998422392520412 -0.17681092872761286 -0.052514077118232784 0.11941608692226575 0.12237573268544596 -0.0073799920251470816 0.0027144878934287622 0.18566710582895579 0.0027995770293608663 0.10366090804434951 -0.023979108120190485 -0.0025075761621866505 -0.055306851820095232 -0.22600612290853991 0.010227950175668243 -0.0023761534696894442 0.076984303067644588 0.047632273000745004 0.05370095137741248 -0.052465043503232368 -0.15048064403928171 0.20105930020819451 0.20926896496568012 -0.11147107462562188 0.010097097970712083 -0.35536755656582464 0.19986874505216728 -0.056418985652252049 -0.13760903587381768 -0.18314314432212939 0.11417912770914906 0.020843672658939064 0.27968036228692705 -0.13937979814105189 -0.041454133222826275 0.012768025981288865 0.062521196790109673 0.01136938682220507 -0.064660766141143897 -0.0035860053927250506 -0.28098225041006214 0.23136371497636871 -0.036432734122607259 0.049404568124355772 0.18573052100814816 0.34866795786936228 0.012728094905825785 0.0036261825113699801 0.014219742084533908 0.030402555248265257 0.24709006523305907 -0.4459057500534061 -0.12717461441185612 -0.06480811949416912 -0.0064181146429300442 -0.34181652091213083 -0.16844631561769191 0.091476166107394313 -0.64341581162452699
leaf_weight=990.5 13939.25 3111.25 249.5 7278.25 322.25 6644 1473.75 941.75 17201.5 3517.75 609.75 2743.5 1743 1092 36319.25 11808 832.5 380 3087.75 4041 4923 2604 2245 252 143 345 652 2466 134 135 6861 2090 76 1319 5579 275 187 6743.5 12727.5 7373.75 2392.75 886.5 983.75 979.5 237 717.5 8683.5 380.25 115.5 3554.5 14529.25 6032.25 749.25 758.25 208.5 1298 1026.75 11705.25 140.25 305 1570.25 48
leaf_count=1211 17363 4522 350 9130 698 8318 4638 1001 21787 13417 1014 2766 1743 1092 44117 14286 834 380 3642 6876 5151 5781 2317 252 143 345 652 2466 134 135 6861 2090 76 1319 5579 275 187 12544 16305 7712 3445 1410 1838 1866 237 1439 13263 438 120 3763 18991 10989 774 1704 261 1352 1593 25215 390 395 2264 48
internal_value=-0.000281232 -0.00212347 -0.0353165 -0.0296334 -0.000776909 -0.00779281 -0.0117953 -0.00799746 -0.009747 0.0372065 0.0042856 0.00476756 0.00671391 -0.0402443 -0.0133357 -0.0268908 -0.0914495 -0.152068 0.0226537 0.0426179 0.00524322 0.00334727 0.00997938 -0.00932183 -0.0189311 -0.0467579 0.0250612 0.0346761 -0.0712094 -0.0670066 -0.0712698 -0.0754037 0.144367 0.036783 0.043235 0.113269 0.0825463 0.00868809 0.0106693 0.0310238 0.00236052 -0.0381045 -0.0911314 -0.142133 -0.00190774 0.0075484 0.0248604 -0.0274545 0.0271699 0.0295348 -0.0106665 0.0447218 0.0627695 0.139581 -0.128221 -0.171825 0.000541278 -0.00882025 -0.0986337 -0.00111565 0.00273897 -0.00912931
internal_weight=232759 218820 8518.25 8268.75 210302 88146 77906 71262 70320.2 4991.5 122156 121833 116785 5048 65328.8 29009.5 2304.5 1212.5 10240 7128.75 115042 110119 72281.8 37837.5 29573.5 12174 8264 2811 9363 9229 9086 8951 685.75 7612 7360 1781 1506 71596 69351 20101.2 49249.8 5595 3086.75 1963.25 1123.5 43654.8 22382 6158.75 2508.25 3934.75 21272.8 16223.2 10191 1507.5 2224 1506.5 17399.5 14795.5 1167 13628.5 13323.5 11753.2
internal_count=321304 303941 10691 10341 293250 122604 107564 99246 98245 18055 170646 169948 164876 5072 80190 36073 2306 1214 15040 10518 163133 157982 101858 56124 47860 12174 8264 2811 9363 9229 9086 8951 1090 7612 7360 1781 1506 100768 98451 24017 74434 8916 5351 3704 1647 65518 33983 7253 3565 4201 31535 26730 15741 2478 3052 1613 35686 29905 1983 27922 27527 25263
cat_boundaries=0 1 2 3
cat_threshold=68 8 4
is_linear=0
shrinkage=0.04


Tree=110
num_leaves=63
num_cat=9
split_feature=1 14 29 25 0 32 23 15 25 25 24 23 25 21 19 25 25 11 8 11 22 21 22 23 15 7 29 28 25 25 22 22 14 7 15 25 30 22 21 21 21 22 22 29 28 18 23 26 11 19 21 19 23 6 21 23 25 14 33 6 32 21
split_gain=6946.35 5402.75 12548.3 9154.33 4636.46 4949.01 5604.85 5196.34 6677.84 5382.74 5178.89 7970.9 4667.27 10892.9 4628.24 4638.69 6435.29 5072.34 5010.62 6461.41 4658.36 6591.3 6504.28 5309.43 4852.46 5730.59 4825.75 4444.33 5076.02 4470.73 5449.04 4469.22 4377.67 4832.4 5802.6 4665.09 4623.68 4482.03 4849.13 4369.62 7439.71 4312.84 4189.05 7375.42 4391.33 4228.29 4089.83 4047.74 4023.73 3893.78 3881.71 3756.08 3714.53 3680.95 3736.73 3674.28 4601.74 3658.76 4595.08 7301.36 7914.4 4315.92
threshold=2.5049999952316289 64.479999542236342 0 13.875000000000002 3.6049998998641972 1 1.0013249516487124 3.5000000000000004 418.37500000000006 650.37500000000011 0.057562462985515601 1.0856467485427859 350.12500000000006 73.303638458251967 5.0000000000000009 52.625000000000007 75.625000000000014 0.12297273799777032 15.500000000000002 0.36623811721801763 0.080034654587507262 78.199050903320327 0.081084579229354872 1.0403597354888918 1.5000000000000002 17.500000000000004 2 3 713.87500000000011 642.37500000000011 0.096611455082893385 0.11072703078389169 98.134998321533217 11.500000000000002 2.5000000000000004 171.87500000000003 4 0.031053040176630024 72.110469818115249 72.081737518310561 71.316844940185561 0.079519651830196394 0.18043268471956256 5 6 1.5000000000000002 1.1367053985595705 2.5000000000000004 0.036599317565560348 145.50000000000003 72.081737518310561 111.00000000000001 1.100289046764374 23.500000000000004 65.778343200683608 1.3589462041854861 578.75000000000011 69.479999542236342 7 19.500000000000004 8 59.93836975097657
decision_type=8 8 9 2 10 1 10 2 2 2 10 10 2 10 8 2 2 10 2 10 10 10 10 10 2 2 9 9 2 2 10 10 8 2 2 2 9 10 8 10 10 8 8 9 9 10 10 2 8 10 10 10 10 2 10 10 2 10 9 2 1 10
left_child=27 2 -2 -4 5 6 53 32 10 -10 12 -12 49 -14 41 20 17 -17 -18 -20 21 26 -22 -24 25 46 -16 57 29 47 52 -30 33 34 42 36 -36 38 -35 40 -26 -8 44 -44 -7 -45 -25 -29 -5 51 55 -9 -31 -3 -55 -39 -57 -1 -59 60 -60 -61
right_child=1 4 3 48 -6 7 14 8 9 -11 11 -13 13 -15 15 16 18 -19 19 -21 22 -23 23 24 39 -27 -28 28 31 30 -32 -33 -34 37 35 -37 -38 50 -40 -41 -42 -43 43 45 -46 -47 -48 -49 -50 -51 -52 -53 -54 54 -56 56 -58 58 59 61 -62 -63
leaf_value=0.015319948623760798 -0.16882161512754626 0.10850393137659978 0.071888257415566634 0.016067262984201108 0.05463338987356145 -0.045284152818867079 0.031165643044466326 -0.037974029485323253 0.091475471734223268 -0.073640019917011856 0.11360743643768421 -0.022123831858576758 0.092507654500742484 -0.33527983137244355 0.04852924641720148 0.02467636400444358 -0.05220389328877803 0.13733475994767447 0.0013297255269829995 -0.13097117627647248 0.18901788915875684 0.091946996212801987 -0.2384103869828913 0.17049791925756416 -0.014764808673104602 -0.070671401537649822 -0.0789234899042945 0.0020106625377604116 -0.046437589683078956 0.0032172620631244087 -0.11130410398780435 -0.35987079622079665 0.046347409713622785 -0.067188199822004024 0.042091123604600468 -0.014889411083614999 -0.1669561064326763 0.021257573878382726 0.013508539480172936 0.102765039172197 -0.26099492421508125 0.20601423582370793 -0.15120254709421624 0.17334976700064408 -0.19123916521640033 -0.089667102031469353 0.65063223781976742 0.15980015904609937 -0.079608932087597686 -0.026444228266710307 0.06709543252047212 -0.25405056709607599 0.24539286657724715 -0.084137532884354396 0.045640410731145852 0.06753666551391091 0.35080121605914572 0.060662375789434668 0.065601488652806753 -0.076050643688210531 -0.11328036652698641 -0.013091142126419106
leaf_weight=6370.75 888.75 1094.5 1598.25 1083 3338.5 3311.5 1170.5 257 1498 398.5 820.25 4376.75 144 275 521.25 3285 3452.25 792.5 29389 600.75 266.25 451.75 160 76.5 3998.5 83.5 4925 36333.75 213.75 144 136 109 8163.25 1378.5 5850.75 5464.25 163 14222.5 8697.5 459.75 204.5 278 220.25 455.25 364.75 123 45.25 260 2000.25 2588 4673.75 257.75 341 448 1679.75 462.25 113 1199.75 478.5 1795.75 2253.5 56447.75
leaf_count=8023 1581 4378 3846 1227 4057 4585 1256 899 1498 421 1226 5345 144 275 930 6639 3909 1340 31393 693 339 688 160 273 6529 160 5885 48198 216 144 136 109 9898 1713 9927 5465 304 18169 18995 522 245 278 812 1083 454 468 49 401 2550 5720 5882 806 341 1792 6719 463 113 1499 711 3025 2717 73451
internal_value=6.21604e-05 0.00638979 -0.0321204 -0.00573321 0.00816318 0.00684367 -0.00215814 0.0143195 -0.0112495 0.0567355 -0.0260481 -0.000664169 -0.0634829 -0.1885 -0.00544409 -0.00754057 -0.000798117 0.0466311 -0.00658373 -0.0013288 -0.0301382 -0.0545814 -0.00289576 -0.013131 -0.00563003 0.183759 -0.0667662 -0.00748735 0.00357601 0.00494998 0.111203 -0.15388 0.0193777 0.014537 -0.0032033 0.0118595 0.0361625 0.0241149 0.00245646 -0.0140437 -0.0268657 0.0649664 -0.0418301 0.041128 -0.0598638 0.115286 0.356642 0.00314065 -0.0460112 -0.0464873 0.0353208 -0.14675 0.173814 0.0489628 0.0182584 0.0252768 0.124217 -0.013546 -0.0165042 -0.0180316 -0.0819219 -0.015035
internal_weight=232654 126570 5570.25 4681.5 121000 117661 53382.5 64278.8 10615.2 1896.5 8718.75 5197 3521.75 419 50160.2 48711.8 37519.5 4077.5 33442 29989.8 11192.2 5898 5294.25 5028 4868 205.25 5446.25 106084 37537.5 37214.8 621 322.75 53663.5 45500.2 15952.8 11478 6013.75 29547.5 10076 4662.75 4203 1448.5 4474.75 798.5 3676.25 578.25 121.75 36593.8 3083.25 3102.75 19471.5 514.75 485 3222.25 2127.75 14797.8 575.25 68546 62175.2 60975.5 2732 58243.5
internal_count=321074 182103 9204 7623 172899 168842 74177 94665 16334 1919 14415 6571 7844 419 61288 59754 43974 7979 35995 32086 15780 7503 8277 7938 7778 482 6815 138971 49545 49220 621 325 78331 68433 23098 15696 10231 45335 20708 7296 6774 1534 7402 2363 5039 1551 322 48599 3777 7425 24627 1705 485 12889 8511 18745 576 89426 81403 79904 3428 76476
cat_boundaries=0 1 2 3 4 5 6 7 8 9
cat_threshold=12 8 40 16 24 4 4 8 16
is_linear=0
shrinkage=0.04


Tree=111
num_leaves=63
num_cat=3
split_feature=1 2 0 12 5 5 9 13 33 24 25 20 20 25 21 25 25 21 22 0 25 20 22 21 23 14 21 24 24 24 29 22 29 22 23 22 21 17 21 14 20 0 15 23 21 24 21 22 25 22 22 21 15 25 14 15 22 12 23 14 21 22
split_gain=6989.22 4687.76 4724.9 4385.43 7417.85 6546.91 5007.7 7590.34 4965.13 4924.13 5008.39 10305.7 6447.01 7648.84 5725.21 7147.65 7005.67 5027.71 5267.98 5003.11 4814.37 6661.79 9723.22 5936.79 5179 4747.52 4668.75 4414.71 4293.1 5112.74 4171.85 4745.02 4030.84 3898 5552.2 5409.88 5154.39 4633.44 4570.89 4058.02 4027.25 3882.77 3868.1 3845.14 7220.57 5890.46 4345.27 3829.35 3901.35 3807.18 6016.37 5050.76 3706.69 3688.75 3530.64 3527.45 5222.97 3505.79 3699.45 3473.04 3423.92 3404.82
threshold=2.5049999952316289 -2.9350000619888301 3.5849999189376835 2.5000000000000004 22.500000000000004 1.0000000180025095e-35 15.500000000000002 1.0000000180025095e-35 0 0.3201736062765122 81.125000000000014 175.00000000000003 181.50000000000003 80.625000000000014 69.930908203125014 16.875000000000004 30.375000000000004 71.804313659667983 0.078872710466384902 1.8350000381469729 164.62500000000003 179.00000000000003 0.086935181170701994 69.37909317016603 1.030423700809479 59.370000839233406 63.086299896240241 0.029644383117556575 0.14663357287645343 0.11491150408983232 1 0.062635455280542388 2 0.34571312367916113 1.4528056383132937 0.29634784162044531 62.269115447998054 1.5000000000000002 61.135782241821296 64.020000457763686 218.00000000000003 2.495000004768372 15.000000000000002 1.1390727162361147 67.95862197875978 0.20352099835872653 64.649425506591811 0.091056916862726225 75.125000000000014 0.029824725352227691 0.033055298030376441 77.913887023925795 2.5000000000000004 78.375000000000014 68.604999542236342 3.5000000000000004 0.074320640414953246 7.5000000000000009 1.0820334553718569 73.189998626708999 57.208528518676765 0.1468901410698891
decision_type=8 8 10 8 2 2 2 10 9 10 2 2 2 2 10 2 2 10 10 10 2 2 10 10 10 10 10 10 10 10 9 10 9 10 10 10 8 10 10 10 2 10 2 10 10 10 10 10 2 10 10 10 2 2 10 2 10 10 10 10 10 10
left_child=3 -2 33 5 6 -1 8 54 30 10 11 14 13 43 16 17 -6 18 -16 -12 24 22 -22 -24 -21 -18 52 -26 29 49 31 -5 -14 34 35 36 40 39 -36 -37 -3 60 61 44 47 46 -45 53 -49 57 -51 -52 -11 -13 -8 56 -33 -17 -59 -56 -35 -23
right_child=1 2 -4 4 9 -7 7 -9 -10 26 19 12 32 -15 15 28 25 -19 -20 20 21 42 23 -25 27 -27 -28 -29 -30 -31 -32 55 -34 41 38 37 -38 -39 -40 -41 -42 -43 -44 45 -46 -47 -48 48 -50 50 51 -53 -54 -55 59 -57 -58 58 -60 -61 -62 -63
leaf_value=-0.29341575666502517 0.13410301601240435 -0.024097268750557434 0.049994375628670852 -0.019566967638296569 -0.09670040775561832 0.0296657275722658 -0.28017822579504442 -0.55084142034102457 0.01364402342148335 0.21405549623922338 -0.029789847579666691 -0.14944694657244137 -0.2157859712807132 0.40860950606828444 -0.084257419724439536 0.0057168088115898789 -0.27818448739089763 0.13015319140465686 0.1005984606016735 0.051919105338373781 0.0692917842020528 -0.011191550578609481 -0.00094947541389552774 -0.2346856061680376 -0.15773247774480995 0.011149666730081543 0.29937006120121962 -0.030209784371299744 0.21855549528538171 -0.2115751418496559 -0.023057322930693579 -0.23726304171860335 0.01454205056347725 0.012336110087771619 0.0036462986805859739 -0.026075827810420678 0.0051316565176505362 -0.08651760560760513 0.20162079209753939 0.19900809662619456 -0.13872760602566464 -0.2755834205520456 -0.23557117194036642 0.32827914832866856 0.10007531881155289 -0.21439989625342445 0.11601962431546675 0.040858298816918763 -0.33169569943992694 0.18577544332774423 -0.036035754578032909 0.12416490723580141 -0.0071172228337935831 0.21069384167979935 0.10699904330671281 -0.17138983289290657 -0.042128456169483165 -0.10032831822170564 -0.37386714926799502 -0.1027531146611136 -0.2251207336218172 0.088553295476854005
leaf_weight=100 454.5 4062.5 3735.25 2008 2247.5 6244.5 127.5 59.25 4693 161 15152 401.75 113.75 106.75 501 302 92.25 1126.75 482 1191 5314 15215.5 4415 179 457 2432.75 146 8160.25 116 222.5 18876.75 254.5 3660.5 426.25 338 166.25 115486.25 166.5 415 550.25 556 141.5 118 223 2220.25 63.75 505 1186.5 44.75 268 2171 366.25 472.5 49.5 164.75 798.5 1532 298 107 520.5 123.75 566
leaf_count=121 564 5807 4558 2440 3521 8838 252 87 5968 161 16151 1103 281 148 705 302 96 1357 665 1587 5314 15271 4421 179 544 2516 146 9550 116 224 23682 319 12551 499 341 206 167687 246 415 635 880 191 118 664 5155 240 643 3798 137 268 2474 373 588 174 233 1379 2351 298 107 942 156 584
internal_value=-0.000195184 0.00615233 0.00568922 -0.00776086 -0.00980924 0.0244813 -0.0268366 -0.12114 -0.023908 -0.00283122 -0.00394477 0.0133939 0.046082 0.0768225 -0.0127263 0.013413 -0.045366 0.0725553 0.00639611 -0.0105396 -0.00234855 0.00671774 0.0324588 -0.0101566 -0.0262011 0.000363974 0.0970194 -0.0370087 -0.0190087 -0.0265025 -0.0314102 -0.0655883 0.00695468 0.00433667 0.00487534 0.0042004 0.00347422 0.102735 0.113011 0.146843 -0.0379529 -0.0902267 -0.00932476 0.0691053 0.0527453 0.149402 0.181771 -0.00975195 0.0267953 -0.0146622 0.00626143 -0.0128282 0.0495766 -0.109168 -0.0885296 -0.101545 -0.0701655 -0.0974783 -0.174098 -0.0521476 -0.0416993 -0.00760295
internal_weight=232857 126622 126168 106235 99890.5 6344.5 29034.8 872 28162.8 70855.8 70076.2 19308.5 8575.5 4801.25 10733 5960.5 4772.5 2109.75 983 50767.8 35615.8 25807.5 9908 4594 9808.25 2525 779.5 8617.25 3850.75 3734.75 23469.8 4593 3774.25 122432 121741 120988 120105 883 753 716.5 4618.5 691.5 15899.5 4694.5 3902.75 791.75 728 1682.5 1231.25 3512.25 2805.25 2537.25 633.5 451.25 812.75 2585 1786.5 707 405 685.25 550 15781.5
internal_count=321327 182185 181621 139142 130183 8959 37653 1514 36139 92530 91635 37916 24894 12062 13022 6889 6133 2727 1370 53719 37568 25887 9914 4600 11681 2612 895 10094 4162 4046 30171 6489 12832 177063 176217 175461 174374 1087 756 841 6687 846 15973 11914 10367 1547 1307 5212 3935 3822 3115 2847 749 1277 1427 4049 2670 707 405 1175 655 15855
cat_boundaries=0 1 2 3
cat_threshold=69 192 4
is_linear=0
shrinkage=0.04


Tree=112
num_leaves=63
num_cat=5
split_feature=1 2 33 1 16 2 20 25 30 29 14 19 25 25 23 24 7 5 25 23 23 25 25 23 24 23 25 25 17 15 19 23 24 15 24 24 23 25 25 23 25 17 25 17 24 10 6 17 19 14 20 33 14 25 6 25 20 25 29 25 20 15
split_gain=6943.66 5394.98 4732.05 4576.54 3773.94 3384.11 3283.01 7638.18 4687.33 5185.79 5045.29 3896.37 4807.12 12788 9621.75 6817.7 7283.3 6237.45 7011.35 8098.82 6796.03 6753.64 6905.15 6139.07 5672.43 9310.54 5239.31 5159.5 4595.77 4488.55 4162.89 9488.43 20192.1 19183 7261.98 5476.12 4930.93 4915.77 4673.14 4629.93 5323.52 3955.09 4038.78 4708.65 3937.02 3881.33 3862.66 9205.25 6186.49 9319.99 9245.14 7441.47 6717.45 5800.25 8635.74 7736.27 12674.9 11362.5 10165.5 7105.07 8263.9 6226.27
threshold=1.5649999976158144 -2.6249999999999996 0 3.5049999952316289 4.5000000000000009 2.9250000715255742 79.000000000000014 4.1250000000000009 1 2 67.204998016357436 167.50000000000003 465.75000000000006 267.12500000000006 1.2588252425193789 0.16761939227581027 22.500000000000004 40.500000000000007 288.37500000000006 1.0608530640602114 1.1211348772048952 423.75000000000006 431.12500000000006 1.0474960803985598 0.13076394051313403 1.1806011199951174 690.87500000000011 609.62500000000011 4.5000000000000009 4.7500000000000009 170.50000000000003 1.0780832767486574 0.060283005237579353 3.5000000000000004 0.17640001326799395 0.019153827801346782 1.119209945201874 261.37500000000006 170.12500000000003 1.1772943735122683 197.62500000000003 1.5000000000000002 221.37500000000003 4.5000000000000009 0.053831294178962714 13.250000000000002 53.500000000000007 2.5000000000000004 10.500000000000002 80.090000152587905 141.00000000000003 3 77.970001220703139 174.62500000000003 176.25000000000003 82.375000000000014 175.00000000000003 76.875000000000014 4 32.125000000000007 177.50000000000003 1.5000000000000002
decision_type=8 8 9 10 2 10 2 2 9 9 10 8 2 2 10 10 2 2 2 10 10 2 2 10 10 10 2 2 10 2 10 8 10 2 10 10 8 2 2 8 2 10 2 10 10 2 2 10 10 8 2 9 10 2 2 2 2 2 9 2 2 2
left_child=4 -2 -3 6 5 -1 7 -4 9 -9 -10 46 13 30 17 16 -14 21 23 -20 28 -15 -23 -19 25 26 -18 -17 29 -21 36 32 33 35 41 -32 -13 -35 -36 -38 -41 -33 43 -43 -37 -26 47 48 49 -8 52 -52 -50 55 -55 56 -48 58 -58 60 -60 -57
right_child=1 2 3 -5 -6 -7 11 8 10 -11 -12 12 15 14 -16 27 24 18 19 20 -22 22 -24 -25 45 -27 -28 -29 -30 -31 31 34 -34 37 38 44 39 -39 -40 40 -42 42 -44 -45 -46 -47 53 -49 50 -51 51 -53 -54 54 -56 61 57 -59 59 -61 -62 -63
leaf_value=-0.021453466373381955 0.098963238399810971 -0.036804766013248329 -0.24060217871567524 0.044182567191322006 0.1469098799631916 0.084254835397888736 -0.022536848040649256 0.06395155515642291 -0.15773746022578419 -0.13017049855110582 -0.0026651355878256435 -0.017775761821186099 -0.092089993418482799 -0.049397475928348221 0.14926049484559759 -0.20594019824835955 0.031070621259037687 -0.19990036721537549 0.042977418237826671 -0.10923027542976681 0.034380527705328089 -0.33055469346298538 -0.098658573625364315 -0.026663959104424852 0.13251351542048384 -0.33031138761575557 -0.054152692378319732 0.020407340895278115 -0.027903992004321729 -0.37562260383846502 0.025753016130323325 0.080919265980392424 0.22100561636843796 -0.031006611181693084 0.046297619204044634 0.16326038122829156 0.064171416446285795 0.31178636636102897 0.29041154774523781 0.0096883927862282601 -0.16460316332334127 -0.070235937352952332 0.063409305889887038 0.060688423234641888 -0.070530256337323183 -0.02600842825828234 -0.0006644215321933623 -0.047233106396963508 0.017127648465421547 0.058135748857678256 0.11849834206686102 -0.015260110717974775 0.10672122895797229 0.034907283853541263 -0.09862826892450581 0.23485671742360775 0.088714895661566026 0.21698075440959944 0.13082367876429907 0.057779146321515082 -0.081682645742544704 -0.022385708414616432
leaf_weight=27630.5 927.5 4803.5 270.5 4289.75 217.5 491.25 3357.75 1238.25 612.5 256 740.25 16224.5 859.25 9199.5 438 380 11172 563 3605 1108 1313 264 918 780 1219 119 1285.25 278 1417 110 857.75 449 966.75 4300 509.25 1746 2646.5 66 165 2765.75 310 3866 510 494.25 122.25 309 19735 5965.25 6395.75 7205.5 669 29530.25 1692 22174.75 801 150.25 4063 656.25 344.75 1819.25 1883.25 13485.75
leaf_count=36518 1154 5999 644 5183 237 636 5781 1401 773 325 840 30047 860 9204 438 380 11172 563 3722 1108 1313 264 918 780 1219 119 1286 278 1417 110 1463 896 1668 8341 753 3057 3581 66 165 7685 310 6923 510 1107 174 309 26053 8813 10229 11446 960 38903 3141 22192 801 199 7969 1134 911 5417 6489 14856
internal_value=0.000242229 0.00281489 0.00237561 0.003325 -0.0183122 -0.0196007 0.00242301 -0.0382812 -0.0189 0.0299165 -0.0724791 0.0030869 -0.00431548 -0.00981382 -0.0357073 0.0152927 0.02084 -0.0399253 -0.0153396 -0.000354886 -0.0399263 -0.0609852 -0.15093 -0.0994817 0.0277325 0.0188811 0.02227 -0.110526 -0.0769538 -0.133872 0.00436816 0.0213658 0.0497069 0.0262994 -0.0167438 0.109515 -0.00651579 -0.0256825 0.10673 0.0254037 -0.00797113 -0.0324307 -0.0429113 -0.0553723 0.147899 0.100459 0.00749005 -0.00033378 0.00539477 0.0324921 -0.00208239 -0.0122549 0.0358938 0.0140765 0.0302433 0.00526016 0.017115 0.0571315 0.0441459 -0.000833363 -0.048709 -0.0195166
internal_weight=232742 204403 203476 198672 28339.2 28121.8 194382 3117.5 2847 1494.25 1352.75 191265 71336 55714.5 19715.5 15621.5 14963.5 19277.5 8896 7553 3948 10381.5 1182 1343 14104.2 12576.2 12457.2 658 2635 1218 35999 14052.2 8058.75 7092 5993.5 2726 21946.8 4366 674.25 5722.25 3075.75 5319.25 4870.25 4360.25 1868.25 1528 119929 54815.5 48850.2 10563.2 38287 30199.2 8087.75 65113.2 22975.8 42137.5 28501.5 8766.5 8110.25 4047.25 2228 13636
internal_count=321210 283819 282665 276666 37391 37154 271483 3983 3339 1726 1613 267500 102206 86583 19837 15623 14965 19399 9013 7670 3948 10386 1182 1343 14105 12577 12458 658 2635 1218 66746 25123 14769 13101 10354 4694 41623 8407 918 11576 7995 9436 8540 8030 3231 1528 165294 79273 70460 17227 53233 39863 13370 86021 22993 63028 47973 21920 20786 12817 7400 15055
cat_boundaries=0 1 2 3 4 5
cat_threshold=4 8 48 8 24
is_linear=0
shrinkage=0.04


Tree=113
num_leaves=63
num_cat=6
split_feature=4 4 6 0 4 12 2 24 23 21 23 21 8 19 28 33 22 12 6 24 20 20 19 25 25 21 24 22 22 21 23 30 20 14 20 14 14 6 16 14 23 20 25 14 14 22 22 7 21 29 24 23 7 20 8 0 29 32 23 23 25 23
split_gain=6583.24 6838.31 7826.39 5438.7 5155.26 5135.41 4994.65 4709.84 8455.5 5232.37 5773.51 5131.12 4548.44 4830.57 4504.37 6970.99 8108.95 6411.72 6317.37 5580.12 7403.52 5265.9 5862.45 5350.27 6900.12 5240.89 4327.53 7824.89 4828.34 4264 4446.15 4124.84 5817.91 6412.01 4955.48 7426.71 4910.04 8875.45 5898.78 5382.24 4636.67 4580.86 8016.64 5292.07 4141.66 4092.99 4062.27 4439.52 4029.7 4577.94 4169.35 3938.67 3898.67 3762.44 10846.8 10613.7 6142.58 5336.76 4532.59 10191.6 7159.76 6592.89
threshold=2.4150000810623173 0.50499999523162853 3.5000000000000004 2.8249999284744267 0.99500000476837169 24.500000000000004 1.6250000000000002 0.12991900742053988 1.1509101986885073 69.445976257324233 1.1410874724388125 65.38632965087892 14.500000000000002 190.50000000000003 0 1 0.12391588091850282 2.5000000000000004 36.500000000000007 0.13540577888488772 179.00000000000003 159.00000000000003 145.50000000000003 279.37500000000006 115.62500000000001 78.408687591552749 0.12200778722763063 0.056142637506127364 0.10294625535607339 54.907316207885749 1.5542461872100832 2 171.50000000000003 71.470001220703139 159.00000000000003 68.924999237060561 93.229999542236342 1.0000000180025095e-35 2.5000000000000004 79.729999542236342 1.2721105217933657 177.50000000000003 232.12500000000003 97.189998626708999 95.295001983642592 0.10294625535607339 0.026524198241531852 69.500000000000014 62.568962097167976 3 0.13894352316856387 1.2043316364288332 18.500000000000004 159.00000000000003 107.25000000000001 1.4650000333786013 4 5 1.1482241153717043 1.2526267170906069 58.125000000000007 1.2999808788299563
decision_type=2 2 2 10 2 8 8 8 10 10 10 10 2 10 9 9 8 10 2 10 2 2 10 2 2 10 10 10 10 8 10 9 2 10 2 10 10 2 2 10 8 2 2 10 10 8 10 2 8 9 10 8 2 2 2 10 9 1 10 10 2 10
left_child=1 3 -3 5 -4 31 -5 8 9 10 46 -10 13 -11 15 16 19 -17 21 -6 -21 -18 -23 24 -24 -19 28 -28 -13 -9 48 34 33 -33 35 40 37 39 41 45 -1 42 -38 44 -44 -36 -2 -48 50 51 -31 -50 -39 54 56 -56 -16 -57 -55 60 -60 -61
right_child=7 2 4 6 14 -7 -8 29 11 12 -12 26 -14 -15 53 17 18 25 -20 20 -22 22 23 -25 -26 -27 27 -29 -30 30 -32 32 -34 -35 36 -37 38 52 -40 -41 -42 -43 43 -45 -46 -47 47 -49 49 -51 -52 -53 -54 58 55 57 -58 -59 59 61 -62 -63
leaf_value=-0.020643175194914206 -0.11986816622113151 0.11579152005928474 -0.1274914008448923 0.02853188842771319 -0.020967888295931051 0.12433190390046346 0.15990378210404324 -0.20230262166542715 -0.22893807669663549 -0.01248626516385091 0.072906318510624735 -0.057304747165408634 0.014556171020056073 -0.17679745971317448 0.026122776003979022 0.082683717012675725 0.0040170563165518357 0.00055469033653883038 -0.03847328120389109 0.083216077528617857 -0.045157145727744562 -0.18669373276215315 -0.091070455412567461 -0.41409784337006278 0.20335804353522779 -0.28673375952823899 -0.28442852287370013 0.058414657646321998 -0.26727612199328649 0.16986991167935611 0.26409836380611096 -0.084754179397618187 -0.36838525972048608 0.035285641428089425 -0.21133522655859732 0.1049548746589862 -0.0020444144584933757 0.08064844220512711 -0.32315397407342722 -0.030532729815603375 0.13137963305667252 0.00842090971720778 0.24457396502934448 0.40179187259064414 -0.053128380147836413 -0.075842833948675609 -0.016934511291103432 0.093057504282895429 0.072185379776945877 0.041842355721355293 -0.031335802382800954 -0.19740413372977522 -0.0015157812039703032 0.017568086140165522 -0.30285481378456214 -0.20451250443472313 -0.050294529417019 -0.021286226584646004 0.094760612731038252 0.12966867515742869 -0.094913045497634616 -0.020108174367125715
leaf_weight=2349.5 588.75 760 622.25 7730 35740 526.5 490.75 125.25 294 1047 1225.25 705 53417 392.25 4896.25 1662 514.75 9063.25 8032.25 1920.75 1146.25 1373.75 462.25 55.25 173.5 100.75 121 792.75 232 175 127 1765.75 85 1190.5 471.5 1792.25 603.5 1077 81.25 5026.75 369.75 14112.75 174.25 162.25 128.75 1467.5 17728 605.25 133.75 12129.25 2386.75 240 6430.5 18344 359 323 2549.25 1173.25 360.75 845.25 2621 1055.5
leaf_count=3398 675 1057 947 8732 49309 969 1309 171 294 1260 1304 720 65129 396 6604 2289 610 11824 15620 1938 1150 2045 1102 56 178 106 121 873 232 289 127 2608 85 1603 524 3254 776 2478 94 7009 864 18279 175 166 131 2756 28480 1038 145 18355 2920 426 7575 29279 431 371 3330 1438 564 912 3167 1063
internal_value=-0.000240199 -0.00570474 -0.0118821 0.00692911 -0.0129236 0.000517892 0.0364123 0.00804467 0.00402171 0.00626197 -0.0111701 -0.074251 0.0126646 -0.057456 -0.0121523 -0.0186285 -0.0249939 0.0104403 -0.0559818 -0.0165241 0.0352375 -0.110426 -0.138938 -0.0437189 -0.0103209 -0.00266479 -0.0494534 0.0124841 -0.10976 0.0283037 0.0302319 -0.00123667 -0.0457858 -0.0364195 0.00273417 0.0417887 -0.00319234 -0.0198827 0.0126346 -0.0523951 0.000106551 0.0144746 0.0942405 0.218628 0.11853 -0.108978 -0.0166218 -0.0132931 0.028225 0.0375886 -0.017466 -0.0984177 0.0102885 -0.00015686 -0.0216527 -0.108133 -7.94559e-05 -0.0610654 0.00845164 -0.0257912 -0.0719144 0.0465586
internal_weight=232656 140190 94154.2 46036 93394.2 37815.2 8220.75 92465.2 77148.2 75003.5 20147.2 2144.75 54856.2 1439.25 92772 60244.8 49418.8 10826 10611.8 38807 3067 2579.5 2064.75 691 635.75 9164 1850.75 913.75 937 15317 15191.8 37288.8 3041.25 2956.25 34247.5 4511.5 29736 14473.2 15262.8 6965.75 2719.25 15181.5 1068.75 465.25 303 1939 18922 18333.2 15064.8 12503 2561.75 373.75 7507.5 32527.2 9300.75 1855.25 7445.5 1496.25 23226.5 4882.5 2981.75 1900.75
internal_count=321130 198175 135390 62785 134333 52744 10041 122955 100522 98282 31497 2240 66785 1656 133386 86227 72008 14219 19611 52397 3088 3991 3381 1336 1280 11930 1946 994 952 22433 22262 51775 4296 4211 47479 7516 39963 20342 19621 10289 4262 19527 1248 472 306 3280 30193 29518 22135 18926 3209 571 10053 47159 12174 2240 9934 1809 34985 5706 3731 1975
cat_boundaries=0 1 2 3 4 5 6
cat_threshold=16 5 8 4 208 16
is_linear=0
shrinkage=0.04


Tree=114
num_leaves=63
num_cat=7
split_feature=0 32 19 0 1 15 22 28 25 14 25 12 10 20 21 5 23 22 23 25 23 20 18 21 21 25 20 20 29 32 25 25 29 7 25 21 25 22 20 23 29 15 21 25 22 21 23 15 19 5 25 29 22 15 22 22 23 20 21 21 23 14
split_gain=5866.1 6529.13 6099.91 6405.49 5712.55 5202.4 5153.42 4442.59 4093.88 8166.68 7359.88 5783.33 8596.12 6501.79 5605.17 5520.92 5121.33 4733.83 6962.14 4409.32 4075.8 4003.3 5644.05 4002.29 4459.21 3993.3 9518.23 9835.02 14276.2 9184.94 7858.59 6651.98 8618.36 6366.2 6999.54 6303.93 6302.32 6296.9 6199.74 6173.49 6003.02 8965.07 6389.56 5836.32 8011.42 6758.63 6048.33 5478.7 8730.8 5013.87 8176.85 7496.58 6965.75 7209.92 6042.34 15387.5 8987.42 7217.22 4972.77 4889.96 8645.36 4814.24
threshold=3.1149998903274541 0 5.0000000000000009 1.6349999904632571 3.0649999380111699 1.0000000180025095e-35 0.080034654587507262 1 167.62500000000003 96.844997406005874 267.12500000000006 2.5000000000000004 2.5000000000000004 171.50000000000003 63.460294723510749 5.5000000000000009 1.1900373101234438 0.051017852500081069 1.0674442648887636 135.12500000000003 1.1108112931251528 177.50000000000003 1.5000000000000002 64.554988861083999 66.114692687988295 84.125000000000014 171.50000000000003 141.00000000000003 2 3 74.125000000000014 97.625000000000014 4 58.500000000000007 661.25000000000011 68.308303833007827 65.125000000000014 0.069005299359560027 177.50000000000003 1.1496215462684634 5 2.5000000000000004 71.414505004882827 431.12500000000006 0.051998689770698554 70.254638671875014 1.1132603287696841 3.5000000000000004 145.50000000000003 32.500000000000007 147.87500000000003 6 0.26898275315761572 3.5000000000000004 0.25641545653343206 0.19803933054208758 1.2526267170906069 218.00000000000003 69.220321655273452 64.206577301025405 1.3275320529937746 94.430000305175795
decision_type=10 1 8 10 10 2 10 9 2 10 2 10 2 2 10 2 10 10 10 2 10 2 10 10 10 2 2 2 9 1 2 2 9 2 2 10 2 10 2 10 9 2 10 2 10 10 10 2 10 2 2 9 10 2 10 10 10 2 10 10 10 10
left_child=1 2 6 -4 5 -3 -1 20 11 15 -11 12 13 -5 19 16 -10 -12 -19 -13 -2 22 -15 -23 -25 26 27 28 -7 36 35 32 -27 49 40 47 -29 -34 -39 -30 41 42 -35 44 -42 58 -45 -28 -49 50 54 -51 53 61 55 57 -57 -33 -46 60 -41 -52
right_child=7 4 3 8 -6 25 -8 -9 9 10 17 14 -14 21 -16 -17 -18 18 -20 -21 -22 23 -24 24 -26 31 30 29 39 -31 -32 33 37 34 -36 -37 -38 38 -40 59 43 -43 -44 46 45 -47 -48 48 -50 51 52 -53 -54 -55 -56 56 -58 -59 -60 -61 -62 -63
leaf_value=0.030882949224450808 -0.14194607195395409 -0.16717411339048366 -0.035494095535468888 0.07419416562432754 0.045671672808701137 -0.08644462921657263 0.21269389841140263 0.018666276202964235 -0.031339997708379343 0.024310083457514814 -0.018101843271612156 -0.064460882430975017 0.11152661660055223 0.058800279110184712 -0.020137746775457158 0.02018457067293673 -0.26995630061578363 -0.26795086823394099 -0.067153734671798804 -0.23126416718212356 0.1565073248106858 -0.13187093249614576 -0.14072651701543301 0.20189158498330595 -0.0026637632312716919 -0.10903689275999785 0.010068734626747096 -0.062378386402547205 0.010583455814209622 0.058020046856857632 0.085610713711325129 0.0026863430236514314 0.061455732818206238 0.15196319755337953 -0.13595208774400319 0.037374069373743199 -0.20706211387973994 0.0282473416079847 -0.11602241399317226 -0.092025242811113558 -0.026101715496100047 -0.012481003164111288 -0.039826576858284619 -0.022877115556086906 -0.11156834203034001 -0.25483743427858735 0.11169690806275417 -0.1841913510284639 -0.0069077523583347782 0.048925853143292758 -0.025666739083054661 -0.0076748014907276011 0.10236248680487695 -0.068645665970250111 -0.10216670597608894 0.53273356190204613 0.12208861635456945 0.084453323907395877 0.10014874939636829 0.12209183733885509 0.18251281571792344 0.014453390817694367
leaf_weight=1204 467.5 288.5 15463.5 1352.75 4975.5 2026.5 313 29480.25 639.5 2967.5 3299 1391.75 1223.5 305 26571.25 21931.5 184 304 2886 309 85 361.25 872 177.25 3496 2110.5 7798.25 3847.25 6784.5 925 3221 5644 1331.75 1063.25 818.25 12779 549.5 860 1065 529.75 3805 4568.5 375 2288 1326.5 483.75 695 650.75 1393.75 9191.25 10907.75 6312.5 795.5 3748.75 513.25 148 201.5 2487 203.25 1713.25 278.25 8522.75
leaf_count=1453 595 617 23451 3386 5745 3186 313 37464 641 2993 3299 3626 1906 305 45208 22188 184 319 2886 309 85 716 872 448 5962 2532 22520 8024 10551 2143 4418 5938 1643 1091 819 22502 722 905 1269 799 4060 4756 393 2288 1424 492 695 1955 4558 9390 10946 6548 800 3772 541 148 215 2796 207 2173 300 8525
internal_value=6.09568e-05 -0.00238598 -0.0108087 -0.0122496 0.00373938 0.00187989 0.0686316 0.0165574 -0.00698375 0.00337968 -0.0278592 -0.0162411 0.0142773 -0.00387613 -0.0246483 0.0163636 -0.0851902 -0.0517182 -0.0864477 -0.0950072 -0.0956169 -0.0241631 -0.0890036 -0.00521018 0.00730922 0.00231855 0.0119765 -0.0116038 0.00946159 -0.056449 0.0271725 -0.0035899 -0.0463571 -7.37076e-06 -0.0222078 0.0188446 -0.0805485 -0.00534275 -0.0516029 0.0304221 -0.0159046 0.0149207 0.101966 -0.0369165 -0.0602745 -0.124758 0.00852802 -0.00521433 -0.0634646 0.00715006 -0.00167203 0.0259084 -0.0138733 -0.0178713 0.030848 0.0389214 0.298046 0.0277117 -0.0833393 0.0838731 0.00272444 -0.00806886
internal_weight=232511 202478 85251.8 83734.8 117227 112251 1517 30032.8 68271.2 32211.5 9456.5 36059.8 7787.75 6564.25 28272 22755 823.5 6489 3190 1700.75 552.5 5211.5 1177 4034.5 3673.25 111963 42496.8 16654 11332.2 5321.75 25842.8 69466 5367.25 64098.8 15626.5 22621.8 4396.75 3256.75 1925 9305.75 14808.2 6006.75 1438.25 8801.5 5818.5 2013.5 2983 9842.75 2044.5 48472.2 32968.5 15503.8 23974.8 23179.2 8993.75 8480.5 349.5 8131 1529.75 2521.25 808 19430.5
internal_count=321015 282871 120465 118699 162406 156661 1766 38144 95248 32510 9497 62738 13595 11689 49143 23013 825 6504 3205 3935 680 8303 1177 7126 6410 156044 83851 27898 17009 10889 55953 72193 6349 65844 16225 51535 8746 3817 2174 13823 15406 6240 1484 9166 6183 2123 2983 29033 6513 49619 33681 15938 24043 23243 9638 9097 363 8734 1631 3272 1099 19471
cat_boundaries=0 1 2 3 4 5 6 7
cat_threshold=8 8 12 4 192 192 196
is_linear=0
shrinkage=0.04


Tree=115
num_leaves=63
num_cat=5
split_feature=1 2 32 33 2 23 8 25 25 23 24 25 25 22 6 6 19 21 21 22 32 25 25 25 20 20 25 21 23 23 23 25 26 29 19 21 1 6 32 23 25 25 25 22 21 21 25 21 23 19 22 17 22 21 22 22 23 23 25 25 6 19
split_gain=6362.6 4747.25 4528.58 5452.92 4808.98 4822.93 5033.61 5074.96 5343.35 5000.95 4663.98 4589.19 8043.65 7519.75 6292.7 6161.09 7078.67 7082.86 6294.21 8128.59 6153.9 5969.53 6792.51 10899.2 9015.13 7126.17 7365.17 6223.49 5846 5783.92 5244.19 7527.39 5225.71 5100.94 5095.74 5094.01 4663.32 4361.33 4300.46 8485.18 6278.7 10507.8 5209.82 6797.97 4508.64 4699.18 8052.34 6327.74 4546.53 4714.64 4396.11 5414.22 6164.36 7252.55 14891.5 5921.38 5638.53 4371.75 4712.05 4934.17 4077.71 4951.86
threshold=1.8849999904632571 -2.6249999999999996 0 1 0.19500000029802325 1.0013249516487124 15.500000000000002 137.62500000000003 144.12500000000003 1.0830629467964175 0.011484527960419657 661.25000000000011 531.87500000000011 0.098862621933221831 73.250000000000014 181.25000000000003 167.50000000000003 80.020374298095717 71.316844940185561 0.048324164003133781 2 29.375000000000004 84.125000000000014 102.62500000000001 177.50000000000003 171.50000000000003 73.125000000000014 67.95862197875978 1.1533122658729555 1.1873807907104494 1.1628997325897219 86.625000000000014 1.5000000000000002 3 79.500000000000014 70.925865173339858 2.5949999094009404 31.500000000000004 4 1.2671241760253908 398.50000000000006 158.62500000000003 375.00000000000006 0.020898253656923774 63.725015640258796 69.296958923339858 309.75000000000006 69.05243301391603 1.0264810323715212 190.50000000000003 0.019503099843859676 3.5000000000000004 0.069005299359560027 75.482559204101577 0.041297197341918952 0.082266453653574004 1.0409196019172671 1.0484992265701296 358.00000000000006 39.125000000000007 50.500000000000007 10.500000000000002
decision_type=8 8 1 9 8 10 2 2 2 10 8 2 2 10 2 2 8 10 10 10 1 2 2 2 2 2 2 8 10 10 10 2 2 9 10 10 8 2 1 10 2 2 2 10 10 10 2 10 10 10 8 8 10 10 10 10 10 10 2 2 2 10
left_child=-1 -2 3 -3 60 -6 -7 -8 9 -9 -4 12 15 20 -15 16 18 38 21 -20 -14 27 25 24 34 35 -27 32 -29 -28 31 -26 33 -12 -24 -23 -13 -21 40 57 41 50 44 -44 -43 47 48 -46 -47 -50 -18 52 53 -52 56 -54 -55 -40 59 -59 61 -5
right_child=1 2 10 4 5 6 7 8 -10 -11 11 36 13 14 -16 -17 17 -19 19 37 -22 22 23 -25 30 26 29 28 -30 -31 -32 -33 -34 -35 -36 -37 -38 -39 39 -41 -42 42 43 -45 45 46 -48 -49 49 -51 51 -53 55 54 -56 -57 -58 58 -60 -61 -62 -63
leaf_value=-0.013547172558568785 0.093724501283218145 -0.07057207098831246 -0.13009110693809764 0.021598971228863978 0.075730720954601691 -0.024637066900951812 -0.0040975406546244729 -0.0059348627552768306 0.026370070197879847 0.24793095652518737 0.23984447930706532 -0.09755766333972235 0.062759832340018515 -0.045161369092822562 0.17735566265697386 0.074943957652368637 0.076429861020265596 0.075542521977976146 0.010811545868934553 0.019280814936661072 -0.04736284782954641 0.0081432904811927238 -0.061742652749322828 0.013722076906137469 -0.28626072404285913 0.044739052295488455 0.21365231626856371 -0.010462100826737276 0.12802277427144629 0.046121681881773381 -0.23723958325728003 0.0082301704256823576 -0.4100834996028685 -0.071761919070855454 0.11951927415208834 -0.25957641459723652 -0.0067173569909424451 0.078078580359007929 -0.03244817541338741 0.30635450241606615 0.030117665665838289 0.17151511543817655 0.118489675283432 -0.23196449800898447 -0.089727635258769076 -0.22293350359807121 0.026436185015347672 -0.4059021027566127 -0.093203962684860947 0.026485652980914352 0.054869624937829549 -0.048103777873562743 -0.13418471799397616 -0.014337005755844623 0.4158494922464544 -0.006733227047007807 -0.23853020046650411 -0.039194666660349785 -0.034497642433030738 0.107866916936007 -0.0061200673391999241 -0.057512845786036583
leaf_weight=45381.25 919.25 1934 387 1647.75 1631.25 7026.75 12636.5 195 11733 339 75.75 1204.25 2716 246 1150 2137.5 953 1514.75 13129.5 2946.75 1156 3129.5 645.75 14784 191.25 3773.25 891.25 9286.75 512.75 525 595 493 69 2614.25 400.25 116 3613 6419.25 2167.75 158.25 3474 137 105 528 2393 307 1985 104 1935 722 4268 4459.5 757.75 333 86 2512.25 388.25 469.25 898 1626.75 38266.5 5446.25
leaf_count=59731 1145 2636 387 2550 6525 9534 16946 195 11736 339 129 1205 2716 246 1150 3165 953 1670 14706 3486 1156 4148 678 15045 231 6195 1261 24040 551 600 694 637 81 5246 401 167 3637 7545 3823 216 3474 137 105 528 2393 307 1985 104 1935 722 9890 10110 1078 522 86 3770 407 659 898 2769 53610 8174
internal_value=-0.000109949 0.00314644 0.00269858 -0.00442378 -0.00279166 0.0086866 0.00525668 0.0136931 0.0320179 0.155536 0.00815775 0.00866934 0.0105015 0.0586036 0.13813 0.00783332 0.00628721 -0.00884159 0.0143469 0.0311236 0.0298728 0.00444081 0.0155419 0.00105729 -0.0794049 0.0449139 0.0739802 -0.0181374 -0.00319054 0.151707 -0.150539 -0.0746637 -0.0711823 -0.0621881 0.00770499 -0.001577 -0.029459 0.0595884 -0.0130009 0.0196999 -0.0198385 -0.0277388 -0.0635269 -0.17363 -0.0542915 -0.0584921 -0.0358938 -0.103214 -0.0776288 -0.0606816 -0.00635982 -0.0125331 0.00648104 0.0340717 -0.0757424 -0.0363337 -0.135357 0.0107948 0.0421074 0.0749332 -0.011285 -0.0391352
internal_weight=232647 187266 186346 80856 78922 33561.5 31930.2 24903.5 12267 534 105490 105104 100286 5268 1396 95018.2 92880.8 32282.5 60598.2 22495.5 3872 38102.8 25544.2 17109.2 2325.25 8435 5189.5 12558.5 9799.5 1416.25 1279.25 684.25 2759 2690 1046 3245.5 4817.25 9366 30767.8 5320 25447.8 21973.8 8216 633 7583 7446 4949 2497 2964 2657 13757.8 12804.8 8345.25 5075.25 807.25 3270 721.25 5161.75 2994 2096 45360.5 7094
internal_count=321165 261434 260289 112245 109609 45275 38750 29216 12270 534 148044 147657 142815 5268 1396 137547 134382 48541 85841 25737 3872 60104 30057 17686 2641 12371 8056 30047 24591 1861 1562 868 5456 5375 1079 4315 4842 11031 46871 8365 38506 35032 8216 633 7583 7446 4949 2497 2964 2657 26816 25863 15753 10905 1015 4848 929 8149 4326 3428 64334 10724
cat_boundaries=0 1 2 3 4 5
cat_threshold=8 68 4 32 4
is_linear=0
shrinkage=0.04


Tree=116
num_leaves=63
num_cat=5
split_feature=1 21 24 21 25 21 17 21 25 25 25 23 24 21 21 24 23 11 7 32 23 22 22 21 19 19 23 23 25 25 24 22 22 21 22 2 25 19 29 17 22 19 23 22 32 24 23 32 23 25 5 21 24 24 25 7 22 25 22 25 21 32
split_gain=5667.98 4928.43 7847.67 6941.58 8114.57 6435.04 7014.41 4693.26 7592.24 6886.31 7469.35 5585.01 6955.62 6210.72 5245.65 9575.22 5284.9 5523.73 4760.03 4852.34 6252.45 4672.84 5801.5 7508.21 5562.01 6684.07 9457.33 12156.9 11850.9 4788.92 4546.34 7829.92 10821.3 7537.64 7029.31 8248.15 6765.62 10555.8 7286.34 6826.3 6740.42 5700.48 12014.8 10553 8954.09 8276.33 12117.1 9285.86 9352.33 7145.89 6420.99 5817.56 8070.48 6898.96 6852.95 6336.24 7556.78 5615.57 5507.83 5451.44 5426.95 5296.14
threshold=3.2849999666213994 59.93836975097657 0.3201736062765122 60.142297744750984 248.37500000000003 62.269115447998054 1.5000000000000002 66.469604492187514 29.375000000000004 81.125000000000014 79.625000000000014 1.3789317607879641 0.19926892220973971 65.948837280273452 66.595855712890639 0.13176712393760684 1.0013249516487124 0.56973218917846691 28.500000000000004 0 1.2151231765747073 0.22780887037515643 0.23492708802223208 58.605054855346687 23.000000000000004 128.50000000000003 1.3589462041854861 1.3434811234474184 353.87500000000006 59.375000000000007 0.066635422408580794 0.047027543187141425 0.025052327662706379 76.478694915771499 0.074320640414953246 -1.1249999999999998 267.12500000000006 190.50000000000003 1 3.5000000000000004 0.058820031583309181 190.50000000000003 1.084925174713135 0.053186543285846717 2 0.08732261881232263 1.0986526012420657 3 1.1200792789459231 177.37500000000003 36.500000000000007 71.707183837890639 0.10630202665925027 0.11227729171514512 177.37500000000003 48.500000000000007 0.12391588091850282 635.37500000000011 0.07381992414593698 531.87500000000011 71.500827789306655 4
decision_type=10 8 10 8 2 10 10 8 2 2 2 10 10 10 8 10 8 10 2 1 10 10 8 10 10 10 10 10 2 2 10 10 10 8 10 10 2 10 9 10 10 8 10 10 1 10 10 1 10 2 2 10 10 10 2 2 10 2 10 2 10 1
left_child=1 21 3 4 -3 -4 -7 8 18 10 11 12 13 -10 15 -9 -16 30 19 20 -5 -1 23 -23 -24 29 27 -27 -28 -26 33 32 -32 61 40 -36 38 39 -34 -38 -35 51 -43 44 -44 46 -45 48 -47 58 -50 52 -33 54 -54 -55 -57 59 -49 60 -41 -18
right_child=-2 2 5 7 -6 6 -8 14 9 -11 -12 -13 -14 -15 16 -17 17 -19 -20 -21 -22 22 24 -25 25 26 28 -29 -30 -31 31 41 36 34 35 -37 37 -39 -40 57 -42 42 43 45 -46 47 -48 49 50 -51 -52 -53 53 55 -56 56 -58 -59 -60 -61 -62 -63
leaf_value=-0.1290425342109178 0.026087864113787537 0.20357850939041919 0.01971043814261645 -0.14603818266958146 -0.075940319327668593 0.063673805670119793 0.34760725196010561 0.0050108601915681405 0.041323494495941485 -0.016985827564092684 0.1976909124831904 0.21533928823908532 -0.077865032605875364 -0.054997293505294927 0.049478103995688069 0.20873044501780438 -0.030351028910851792 -0.10366290702158301 -0.12284796384958209 0.0052921970799359478 0.0513844649205051 0.33367971599549051 -0.11887993649247972 -0.082004235110860885 -0.050476645685836062 -0.10119017138090217 -0.054737610010705061 -0.53248329098288683 0.22836674069945176 0.08721162304695719 -0.088949387203800787 -0.017273610210375358 0.13656522103756996 0.0089489611612117922 0.054692803653648925 -0.42432508238156635 -0.017936193567707412 -0.1304183479131146 0.039003078998007069 0.12095391987969718 0.39240688816381958 0.16724501836721226 -0.041022503171535524 -0.054278754205106791 -0.46778067882370133 -0.15869230077411764 0.19605801946972981 -0.25583326945328472 0.008387498076076378 -0.11295442020670242 0.18170166551611988 0.029320318055306816 0.044605311978917754 0.017682577031909268 0.2022386120541487 -0.01504752650420299 -0.17031195055856999 -0.14636092653901411 0.059977476816799789 0.21021062050175002 -0.06049896330788769 -0.0041636807185577353
leaf_weight=761.25 12972 541.75 725 970.25 238 291 267 1116 6230 28074.75 372.5 216 1227 1291.5 3538.75 549.75 22170.5 815 1399.75 1954.5 347.5 158 974.5 121.75 590.75 783.75 1077.25 119 301 1270 936.5 22231 2334.5 35343.25 103 127 1590 659 2625.25 828 71.5 467.5 149 661.5 165.75 376 578 99 1093 3181 496 14172.75 3213 16064.75 510 3003.5 600.25 143 704.25 607 385 27914.75
leaf_count=888 16170 877 725 2078 238 291 267 1650 12836 30021 617 216 1701 2472 14155 633 29168 1250 3601 4926 721 158 1258 469 746 1887 1255 119 301 1270 1025 29995 2510 57784 103 127 1590 659 2740 828 85 1027 149 756 180 376 605 99 1093 3181 496 15339 3615 17174 510 3176 637 143 828 607 385 40676
internal_value=0.000396261 -0.00111929 -0.000102861 -0.000698882 0.118276 0.09845 0.200305 -0.00113823 -0.0130947 -0.00708902 0.0226654 0.0153492 0.0103625 0.0247732 0.00182825 0.0724192 0.00112725 8.59701e-05 -0.061161 -0.0347122 -0.0939714 -0.0363955 -0.0232807 0.153444 -0.0330016 -0.0127459 -0.0586198 -0.159103 0.00732589 0.0434869 0.000604108 0.00760025 0.0404372 -0.00575091 0.00830813 -0.211152 0.0536658 0.0163715 0.0853165 0.043658 0.00974548 0.00270101 -0.0290695 -0.0413431 -0.267317 -0.0313765 0.0625789 -0.0509674 0.0201759 -0.0860493 0.0626523 0.00693714 -1.70544e-05 0.0163831 0.0662981 0.00692864 -0.0409911 0.0935199 0.0205053 0.112512 0.0633503 -0.0157566
internal_weight=232900 219928 213770 212488 779.75 1283 558 211708 42083.8 37411.8 9337 8964.5 8748.5 7521.5 169624 1665.75 167958 164420 4672 3272.25 1317.75 6157.25 5396 279.75 5116.25 4141.75 2281 902.75 1378.25 1860.75 163604 77874.5 10108.2 85730 35644.8 230 9171.75 4212 4959.75 3553 35414.8 67766.2 7971 7503.5 314.75 7188.75 1239.5 5949.25 1965 3984.25 1589 59795.2 45622.5 23391.5 3723 19668.5 3603.75 1963 803.25 1820 1213 50085.2
internal_count=321462 305292 296941 295658 1115 1283 558 294543 59189 47863 17842 17225 17009 15308 235354 2283 233071 218916 11326 7725 2799 8351 7463 627 6836 5578 3562 2006 1556 2016 217666 89723 10487 127943 58099 230 9462 4212 5250 3553 57869 79236 8790 7763 329 7434 1361 6073 1965 4108 1589 70446 55107 25112 4125 20987 3813 1963 927 1820 1213 69844
cat_boundaries=0 1 2 3 4 5
cat_threshold=4 96 8 4 8
is_linear=0
shrinkage=0.04


Tree=117
num_leaves=63
num_cat=3
split_feature=33 8 0 32 19 20 24 21 29 5 20 17 15 21 19 20 24 18 22 24 19 22 21 17 5 24 24 2 11 2 0 8 24 24 24 24 25 25 22 25 15 15 22 6 22 25 22 20 25 25 2 24 24 15 24 17 25 24 21 15 24 18
split_gain=5707.66 5198.77 4878.64 4748.81 5284.58 6378.73 6696.28 6334.96 5635.56 5549.76 5597.85 6672.38 7684.07 6773.09 10481.9 5940.89 14733.6 6726.25 8257.46 8086.2 9534.99 5649.55 5372.17 5299.83 7361.54 5303.12 4963.09 4690.95 5263.09 4626.4 4390.03 4430.01 5124.96 8262.19 4383.98 5123.89 7338.24 8423.55 6890.06 6296.16 6118.39 5049.33 4704.47 4712.03 4453.49 4327 5970.93 9554.92 5977.49 5447.17 5757.65 5000.19 8316.71 4963.39 4506.81 6402.36 7734.86 7932.14 6833.91 6786.4 9804.64 9096.64
threshold=0 278.75000000000006 3.1450001001358037 1 9.5000000000000018 159.00000000000003 0.091863982379436507 79.132259368896499 2 36.500000000000007 141.00000000000003 1.5000000000000002 2.5000000000000004 66.512878417968764 36.000000000000007 175.00000000000003 0.017713531851768497 1.5000000000000002 0.019996583461761478 0.058036511763930328 79.500000000000014 0.022868599742650989 74.235458374023452 2.5000000000000004 1.0000000180025095e-35 0.024408102035522464 0.011484527960419657 -1.6249999999999998 0.40153984725475317 1.185000002384186 0.33500000834465032 72.500000000000014 0.029644383117556575 0.088619273155927672 0.026837668381631378 0.042066721245646484 99.125000000000014 101.12500000000001 0.037652041763067252 398.50000000000006 1.5000000000000002 3.5000000000000004 0.012908976525068285 222.25000000000003 0.021314746700227264 252.12500000000003 0.051017852500081069 179.00000000000003 609.62500000000011 600.87500000000011 -1.814999997615814 0.10337196663022043 0.12200778722763063 2.5000000000000004 0.033707041293382652 2.5000000000000004 68.875000000000014 0.23409039527177813 73.844284057617202 2.5000000000000004 0.12991900742053988 1.5000000000000002
decision_type=9 2 10 1 8 2 10 10 9 2 2 8 2 10 10 2 10 8 10 10 8 10 10 10 2 10 8 8 10 10 8 2 10 10 8 8 2 2 10 2 2 2 8 2 10 2 10 2 2 2 10 10 10 2 10 10 2 10 10 2 10 8
left_child=1 27 3 4 5 7 -7 8 -2 10 11 13 -13 30 -15 16 -12 22 -19 -20 -21 -14 23 24 -18 -26 -5 -1 -29 34 -6 32 -32 -34 -28 36 41 -38 39 -39 -41 -36 -37 -44 -42 54 48 -48 53 50 -49 -51 -53 -47 -17 56 -56 59 -57 -58 61 -61
right_child=2 -3 -4 26 9 6 -8 -9 -10 -11 15 12 21 14 -16 45 17 18 19 20 -22 -23 -24 -25 25 -27 29 28 -30 -31 31 -33 33 -35 35 42 37 38 -40 40 44 -43 43 -45 -46 46 47 49 -50 51 -52 52 -54 -55 55 58 57 -59 -60 60 -62 -63
leaf_value=0.049082369419810361 0.13834923737150867 0.10240411654435846 0.017412374284090707 -0.14589779047169857 -0.25376196904057113 0.024175447786043844 0.1341890258111203 -0.33537259578533307 -0.037925980522758043 0.0019222705910929973 0.12788057771993638 -0.13811059094340858 0.32855922689891998 -0.33541907174401464 0.14440814064740465 -0.036376955553349487 -0.13591866669528938 0.14959683920167632 -0.19473330007165501 0.014113863299298351 -0.12139694364897037 -0.0031672887856540534 -0.15279408394847566 -0.061183319733135212 -0.20741887933015821 0.076582365771001554 0.032307681864142318 -0.040118033568380181 -0.17749834561374517 -0.042599572295248203 0.1311050939027941 0.30525668841581616 -0.22665539021662376 0.036448215605090775 0.037976762500742424 0.16406350455825267 -0.31190968272649738 -0.054556898377489491 -0.14939661716614983 0.2428063943571612 -0.03739973622437142 -0.089167194906894315 0.0059712052986691079 0.18484820059954174 0.10349115893211751 0.049064339244508898 0.0050879595487059153 -0.037953076669383239 0.14214763736724853 0.21637560402476871 -0.16440792067584803 -0.33155501221131906 0.046360425072677784 -0.055598425534258714 -0.029611334087939048 -0.052970251890180987 -0.011722204165311974 -0.12229761027162807 0.080128753839816907 -0.058719542457014787 0.19851928039326899 0.099835953031442368
leaf_weight=871.25 316 438.25 26668.75 348 102.75 5575 1050.75 102.25 2521.25 29056.75 681 721 82 75 1388 5245 367.25 209 1236 1238.25 2519.75 3714.25 509.5 2106 110 1751.25 9498.5 6975.25 475 3178.75 322.25 77.25 292.75 541 3481.75 302 187 3717.75 813.5 202 1061 581.5 89698 234.25 540 1127 1940 803.5 420 135 2048.25 127 334 2024 2493.25 3702 1290.5 374.5 738.75 800.5 1049.75 2079
leaf_count=1094 388 493 33841 348 147 8734 1173 106 3821 40852 2082 1021 82 75 2426 12007 386 209 1548 1842 2522 4552 550 2466 110 2022 12932 8716 670 4120 563 81 349 931 7324 302 187 3942 815 202 1061 1480 124669 436 540 1127 1940 805 420 135 2049 127 334 2024 4042 5487 1658 427 756 1234 1289 2973
internal_value=0.000115826 -0.0315362 0.00135576 -0.000815273 -0.00806672 0.0199048 0.0416585 -0.0291212 -0.0178531 -0.011691 -0.020525 0.0114744 -0.0185928 0.0599806 0.11938 -0.0267753 -0.0519187 -0.0641296 -0.0957032 -0.106026 -0.0767606 0.00416522 -0.0301889 -0.0157116 0.0272733 0.059589 0.00449687 -0.0386519 -0.0489232 0.00496064 -0.00514084 0.0159442 -0.00387605 -0.0562456 0.00633189 0.00388394 -0.0224426 -0.0487274 -0.0408605 -0.0248176 0.0364924 0.019744 0.00697257 0.00644132 0.0101861 -0.0166814 -0.0393454 -0.0659232 0.000766172 -0.105862 -0.128833 0.00409693 -0.058716 -0.0181544 -0.00525378 0.00777915 0.0289661 0.0550756 -0.0308004 0.067845 0.0939724 0.0557446
internal_weight=232671 8759.75 223911 197242 83398.2 9565.25 6625.75 2939.5 2837.25 73833 44776.2 7316.25 4517.25 2799 1463 37460 10728 10047 5203 4994 3758 3796.25 4844 4334.5 2228.5 1861.25 113844 8321.5 7450.25 113496 1336 1233.25 1156 833.75 110317 100819 10584.5 6521.25 6334.25 5520.75 1803 4063.25 90234.2 89932.2 1601 26732 8958.75 5387.75 3571 3447.75 2851.75 596 461 3151 17773.2 12528.2 8087.5 5594.25 4440.75 5219.75 3929.25 2879.5
internal_count=321044 10973 310071 276230 117872 14222 9907 4315 4209 103650 62798 10227 5655 4572 2501 52571 13737 11655 6121 5912 4364 4634 5534 4984 2518 2132 158358 10480 9386 158010 2071 1924 1843 1280 153890 140958 15551 6747 6560 5745 1803 8804 125407 125105 1601 38834 8961 5390 3571 3450 2854 596 461 3151 29873 17866 11623 7581 6243 7154 5496 4207
cat_boundaries=0 1 2 3
cat_threshold=68 8 128
is_linear=0
shrinkage=0.04


Tree=118
num_leaves=63
num_cat=5
split_feature=21 24 25 23 21 25 20 30 25 21 1 14 0 25 23 4 6 12 8 20 29 23 11 21 8 23 17 11 30 21 25 18 4 32 21 29 24 23 25 23 15 18 24 24 20 24 17 25 24 24 11 15 6 25 1 25 24 20 24 18 25 25
split_gain=5398.62 7386.16 6178.66 6900.72 5505.04 6557.88 6310.81 5717.37 5274.19 5966.65 5057.62 4597.77 5121.15 4314.63 4145.11 3970.42 6501.67 4374.14 4733.06 5612.18 3921.98 7002.68 3891.81 4606.47 3875.82 4986.02 4183.98 4895.72 4002.86 3915.77 4349.51 3752.85 4655.28 3718.74 3654.26 3614.39 7626.63 9342.93 8390.35 6023.56 5773.28 3959.79 3898.83 7478.03 5338.46 5053.27 4363.3 3562.59 5292.62 7208.64 3549.42 3436.46 3724.84 3415.65 3380.31 3369.41 5744.17 5295.49 4588.32 3356.57 9343.68 8955.82
threshold=59.93836975097657 0.3201736062765122 99.125000000000014 1.4904463291168215 60.142297744750984 248.37500000000003 79.000000000000014 0 4.8750000000000009 63.870082855224616 2.6750000715255742 98.274997711181655 3.5049999952316289 635.37500000000011 1.0013249516487124 2.245000004768372 23.500000000000004 2.5000000000000004 26.500000000000004 159.00000000000003 1 1.0643191933631899 0.50084745883941661 77.16318511962892 64.500000000000014 1.0918927788734438 2.5000000000000004 0.083424910902977004 2 72.750854492187514 11.375000000000002 1.5000000000000002 2.3149999380111699 3 62.908779144287116 4 0.29837307333946234 1.2232519388198855 353.87500000000006 1.4528056383132937 2.5000000000000004 1.5000000000000002 0.20352099835872653 0.2057449668645859 179.00000000000003 0.26936763525009161 4.5000000000000009 59.375000000000007 0.28126463294029241 0.3201736062765122 0.05563293211162091 3.5000000000000004 51.500000000000007 317.62500000000006 1.9249999523162844 164.62500000000003 0.15303881466388705 171.50000000000003 0.25813205540180212 1.5000000000000002 137.62500000000003 88.125000000000014
decision_type=8 10 2 10 8 2 2 9 2 10 8 8 8 2 8 2 2 10 2 2 9 10 10 10 2 10 8 10 9 10 2 10 2 1 8 9 10 10 2 10 2 10 10 10 2 10 10 2 10 10 10 2 2 2 10 2 10 2 10 10 2 2
left_child=13 4 -3 -4 5 7 8 -2 54 -10 15 14 20 35 -12 17 -17 18 19 -8 21 -13 -19 -24 26 29 28 51 -16 -26 -31 32 -11 -21 -14 42 37 -37 39 -38 -39 -42 46 -44 47 -46 -1 -45 -49 -50 -18 -28 -53 -41 -6 58 -57 -58 59 61 -61 -30
right_child=1 2 3 -5 6 -7 10 -9 9 31 11 12 34 -15 24 16 50 22 -20 33 -22 -23 23 -25 25 -27 27 -29 55 30 -32 -33 -34 -35 -36 36 38 40 -40 53 41 -43 43 44 45 -47 -48 48 49 -51 -52 52 -54 -55 -56 56 57 -59 -60 60 -62 -63
leaf_value=-0.053588077502367611 -0.14482167993414971 -0.082168422965140681 0.27426297916111131 0.060955271005386572 -0.14154132706901296 -0.067290267687320715 0.090973222860949915 0.22422669530130293 -0.14937799633637561 -0.090208983933900408 0.052015256686032053 0.021887494475137537 0.25529535231880518 0.20000766148350455 -0.18191336249761944 -0.077503385390993315 -0.0027184074621611986 -0.01288023735947103 0.046551772909990422 0.079914541019243515 0.0025935007743168167 0.19496167445996704 -0.072039918564164807 -0.42517024532146752 -0.016037710868394665 0.028111777852997816 -0.043329540099685968 0.080494793018786898 0.038569226951919798 0.29081965260985104 0.014556381463345289 0.077403771782662903 0.16393172743420714 -0.20572662590316537 0.050960353676252811 -0.037500610595595854 0.014664683844891509 0.0075431105510216454 0.23516320583103884 -0.30131003919360533 -0.22650246399435134 -0.4582863256863306 0.33996125023101975 -0.069722715222519632 0.069394488870375096 -0.14528218682024827 -0.33444814354302926 0.0048603118508643121 0.33977332569841751 0.032686058835813617 0.019133034701815026 -0.34451232467489301 -0.084981268722159733 -0.021141839467853842 -0.44670816270210972 -0.0056070965807431252 0.20251452867871236 -0.088445296477728572 0.18550114906562989 -0.021482630915242024 0.11604378189201291 -0.034084714103842367
leaf_weight=930.75 72 250 380 670 305 248 233.75 497.25 563.5 736.75 2685 1616 141.75 119 185.5 1537.25 29912.25 60969.25 3549.25 89.75 12012.25 485 800.25 62 12691.75 15680 3940.5 471 9990.75 90 10409.25 629 134.75 366 5684.5 709.25 697.5 121.25 196 189.5 410.5 169.75 104.5 356.5 245.5 603.75 96 723 226 265 19741.5 125.25 297.5 110 71 10919 103 2191 227 10175 855 3725.25
leaf_count=1191 72 250 380 670 689 248 317 843 805 937 10740 2054 162 119 292 1964 38298 80161 4966 131 14587 545 1416 83 26830 17021 5481 741 20196 174 12318 671 137 426 6724 1850 972 137 196 221 652 280 139 385 340 615 96 723 226 265 25782 144 389 110 92 10940 103 2191 227 16424 855 4125
internal_value=1.30874e-05 0.00102701 0.0960245 0.138535 0.000477787 0.103978 9.98922e-05 0.178581 -0.063852 -0.0386485 0.000803511 0.00719338 0.0244747 -0.0365829 0.00312752 -0.00490189 0.00345986 -0.0113806 0.0279188 -0.0678414 0.0114459 0.0616982 -0.0140756 -0.0983661 0.00152692 0.0106908 -0.00671751 -0.0417786 -0.00229816 -0.001089 0.0169802 0.00307325 -0.0506196 -0.149355 0.056019 -0.0412221 -0.0768965 -0.140077 -0.00271171 -0.0498607 -0.243373 -0.295665 -0.0147753 0.0119212 -0.00251137 -0.0831971 -0.0804551 0.0411648 0.0737954 0.174855 0.00596962 -0.0550103 -0.163153 -0.19926 -0.201246 -0.00136794 -0.017702 -0.0752128 0.00727411 0.00562402 -0.0108023 0.0188338
internal_weight=232794 226520 1300 1050 225220 817.25 224402 569.25 2440 2064 221962 104701 19939.5 6273.75 84761.8 117261 51191 66070.2 4238.75 689.5 14113.2 2101 61831.5 862.25 82076.8 38871 43205.8 4834.25 38371.5 23191 10499.2 1500.5 871.5 455.75 5826.25 6154.75 2603.75 1410.75 1193 997 701.5 580.25 3551 2524.25 2419.75 849.25 1026.75 1570.5 1214 491 49653.8 4363.25 422.75 299.5 376 38186 13213 2294 24973 24746 11030 13716
internal_count=321118 312601 1300 1050 311301 1163 310138 915 3331 2550 306807 153263 24072 8517 129191 153544 66044 87500 5840 874 17186 2599 81660 1499 118451 56343 62108 6755 55353 39322 12492 1745 1074 557 6886 8398 4418 2919 1499 1303 1069 932 3980 2693 2554 955 1287 1599 1214 491 64080 6014 533 331 781 55061 13234 2294 41827 41600 17279 24321
cat_boundaries=0 1 2 3 4 5
cat_threshold=16 140 32 16 48
is_linear=0
shrinkage=0.04


Tree=119
num_leaves=63
num_cat=1
split_feature=21 24 21 25 20 22 22 21 25 20 25 21 25 21 26 24 25 21 0 32 15 24 24 20 25 21 25 25 8 24 22 25 22 24 15 22 21 15 25 25 25 24 22 24 22 22 22 5 25 6 21 24 25 21 21 24 25 26 20 20 24 15
split_gain=5161.32 6162.51 5860.58 6328.31 6137.92 5164.46 5646.83 6567.6 5340.58 5100.09 4935.06 6333.18 4802.26 7280.67 7133.02 5202.05 4752.95 5970.64 4384.61 4971.28 5395.34 5114.44 8509.33 11242.3 9924.44 9572.33 7187.53 7193.94 6975.7 6467.46 6301.49 6066.44 5548.08 5026.49 4885.85 5419.59 4742.83 5340.85 5192.22 4606.18 4509.05 8932.16 7739.98 7733.74 6898.49 6879.92 7937.64 5780.46 5377.34 10212.8 4529.12 8165.7 6808.04 10238.6 11257.6 8462.49 6999.18 6172.58 5904.14 15458.3 6468.47 6025.74
threshold=59.93836975097657 0.3201736062765122 60.142297744750984 248.37500000000003 79.000000000000014 0.22780887037515643 0.23492708802223208 58.605054855346687 235.75000000000003 177.50000000000003 139.87500000000003 61.860757827758796 4.8750000000000009 63.870082855224616 1.5000000000000002 0.13450220227241519 55.125000000000007 58.605054855346687 3.3349999189376835 0 1.0000000180025095e-35 0.15303881466388705 0.16615853458642962 175.00000000000003 177.37500000000003 71.707183837890639 132.62500000000003 194.12500000000003 109.25000000000001 0.13076394051313403 0.15579720586538318 317.62500000000006 0.19803933054208758 0.011484527960419657 2.5000000000000004 0.093937966972589507 72.166973114013686 1.5000000000000002 445.75000000000006 438.62500000000006 642.37500000000011 0.10337196663022043 0.071053862571716322 0.11491150408983232 0.077523924410343184 0.039901101961731918 0.039280703291296966 34.500000000000007 635.37500000000011 143.25000000000003 67.886199951171889 1.0000000180025095e-35 209.37500000000003 67.372478485107436 67.120429992675795 0.11578697711229326 586.37500000000011 2.5000000000000004 175.00000000000003 171.50000000000003 0.024643816985189918 2.5000000000000004
decision_type=8 10 8 2 2 10 10 10 2 2 2 10 2 10 2 10 2 10 10 1 2 10 10 2 2 10 2 2 2 10 10 2 10 8 2 10 10 2 2 2 2 10 10 10 10 10 10 2 2 2 8 10 2 10 10 10 2 2 2 2 10 2
left_child=5 2 3 -2 12 -1 7 -7 9 16 -3 -12 -4 -14 15 -15 -8 -18 19 21 -21 29 24 25 -23 32 -25 -28 -26 40 36 -32 -24 -22 35 -31 37 39 -39 -29 48 42 45 -43 -44 46 -42 -45 50 -50 52 -52 57 54 55 -54 -57 -6 59 -53 -60 -61
right_child=1 10 4 -5 18 6 8 -9 -10 -11 11 -13 13 14 -16 -17 17 -19 -20 20 33 22 23 26 28 -27 27 30 -30 34 31 -33 -34 -35 -36 -37 -38 38 -40 -41 41 43 44 47 -46 -47 -48 -49 49 -51 51 58 53 -55 -56 56 -58 -59 60 61 -62 -63
leaf_value=-0.13197706412928784 0.18221719895343003 -0.048878322952686813 -0.19369273931035902 -0.060603438138000433 -0.01458418740646655 0.32239339721540233 -0.089646816571707491 -0.064186706207017968 0.040306187289578785 -0.099055513012887356 0.048926429143077446 0.25648246539739639 -0.15934134012891432 0.0091808587704822493 -0.1248930057291824 0.20714981941622054 -0.0059220085675123994 0.20962989761898151 0.023269883208123402 -0.15630587407335278 -0.13734599223333946 -0.015358727981310561 -0.065003294361666811 -0.12216574264670631 -0.090368337566767959 0.22537316514853559 0.18047047561481733 -0.27496598630249497 -0.30444744341106528 0.077406969900431971 -0.33789145644436708 -0.026809667787628833 -0.20454203792899908 0.0057607702850987199 0.057274482648114605 -0.078036631164622158 -0.17747955766320228 0.15572358454401944 0.0088682887411518849 0.063685787189135451 0.05390978463115334 -0.24566176642716667 0.33110617905603301 -0.18609860102308889 -0.014523219737011617 -0.11582595198721934 0.43437891403379897 0.095548570047201728 0.066392079319070735 -0.4145840985077579 0.065044310043460049 0.0060157350946161686 -0.12936043608794517 -0.2224751803767932 0.10328357795596123 0.065382688686242599 -0.19532110501825808 0.29916682018880492 -0.030669472876805343 0.02421897061525979 0.011087100462665898 -0.082380169080466775
leaf_weight=777.5 560.25 317 376.75 246 11009.75 157 724 125 1260 2002.5 587 392 575.75 752.75 450.75 294 982 258 13232.5 329.5 392 880.5 1767 457.75 477 151 537 118 501 545 113 789 614.25 119175.75 4382 1041.75 124 1054 607 137 539 241 350 156 125 298 103 443 135 145 2641 10450.25 1896.5 612 660.5 821.25 204 99.25 7492.5 971 28535.75 6671
leaf_count=914 900 317 808 246 23723 157 916 479 1260 3546 587 392 818 980 462 294 982 270 16396 694 392 1155 1854 856 477 151 537 118 501 545 113 789 666 165360 4943 1377 124 1054 607 137 539 241 350 156 125 298 103 443 135 145 10564 14159 2024 612 719 822 204 208 9231 971 35594 6671
internal_value=0.000143826 0.0011359 0.000635133 0.108152 0.000247968 -0.0356032 -0.021956 0.151764 -0.0313852 -0.0541695 0.0880428 0.132395 -0.0626918 -0.0387188 0.0078028 0.0650809 -0.00834541 0.0391856 0.000943087 -0.000472069 0.00484248 -0.00764003 -0.0374794 -0.0157909 -0.112869 -0.0815065 0.0264974 0.0461191 -0.20044 -0.00455491 0.0214874 -0.0664513 -0.101142 0.00528924 0.0355034 -0.0246112 0.060401 0.0759694 0.102136 -0.0939128 -0.00776096 0.0479149 0.109197 -0.055321 0.240455 0.0424917 0.116123 0.0218095 -0.00949778 -0.18383 -0.00881523 -0.00360787 -0.0281264 -0.0715341 -0.045635 -0.0793504 0.0132219 -0.011727 -0.00696042 -0.0256028 0.00240189 -0.0688317
internal_weight=232864 226578 225282 806.25 224476 6286 5508.5 282 5226.5 3966.5 1296 979 2450 2073.25 1497.5 1046.75 1964 1240 222026 208793 119897 88896 8327.5 6469 1858.5 2532.25 3936.75 3479 978 80568.5 2942 902 2381.25 119568 5968.75 1586.75 2040 1916 1661 255 74599.8 2255 1415 840 475 940 642 599 72344.8 280 72064.8 56761.5 15303.2 4194.25 3582.25 2921.75 1025.25 11109 54120.5 18092.2 36028.2 7642
internal_count=321211 312687 311391 1146 310245 8524 7610 636 6974 5714 1296 979 3362 2554 1736 1274 2168 1252 306883 290487 166446 124041 9139 7006 2133 2671 4335 3479 978 114902 2942 902 2520 165752 6865 1922 2040 1916 1661 255 108037 2255 1415 840 475 940 642 599 105782 280 105502 77190 28312 4381 3769 3050 1026 23931 66626 21801 44825 7642
cat_boundaries=0 1
cat_threshold=8
is_linear=0
shrinkage=0.04


end of trees

feature_importances:
course_history_avg_mark=1090
course_history_effective_support=790
course_history_fail_rate=594
course_history_avg_attempt=541
start_agpa_points=417
course_history_retake_rate=405
plan_credits_count=396
degree_credits_count=348
gpa_prev_1=336
gpa_prev_2=309
part_semester=267
prior_fail_credit_ratio=253
course_credits=236
diploma_gpa=230
start_total_in_credits=164
plan_requirement_type_id=155
plan_year_order=147
start_total_in_courses=127
plan_course_type_id=105
previous_course_status=83
prior_total_reg_credits=72
prior_total_reg_courses=65
prior_total_fail_courses=62
course_history_fallback_level=49
prior_registered_semesters=39
diploma_type_id=39
plan_semester_order=34
gpa_trend_delta=32
prior_total_fail_credits=21
attempt_number=17
course_history_missing=14
observed_gap_semesters=3

parameters:
[boosting: gbdt]
[objective: regression]
[metric: l1]
[tree_learner: serial]
[device_type: cpu]
[data_sample_strategy: bagging]
[data: ]
[valid: ]
[num_iterations: 120]
[learning_rate: 0.04]
[num_leaves: 63]
[num_threads: 0]
[seed: 42]
[deterministic: 1]
[force_col_wise: 1]
[force_row_wise: 0]
[histogram_pool_size: -1]
[max_depth: -1]
[min_data_in_leaf: 100]
[min_sum_hessian_in_leaf: 0.001]
[bagging_fraction: 0.9]
[pos_bagging_fraction: 1]
[neg_bagging_fraction: 1]
[bagging_freq: 1]
[bagging_seed: 42]
[bagging_by_query: 0]
[feature_fraction: 0.85]
[feature_fraction_bynode: 1]
[feature_fraction_seed: 42]
[extra_trees: 0]
[extra_seed: 12879]
[early_stopping_round: 0]
[early_stopping_min_delta: 0]
[first_metric_only: 0]
[max_delta_step: 0]
[lambda_l1: 0.2]
[lambda_l2: 2]
[linear_lambda: 0]
[min_gain_to_split: 0]
[drop_rate: 0.1]
[max_drop: 50]
[skip_drop: 0.5]
[xgboost_dart_mode: 0]
[uniform_drop: 0]
[drop_seed: 17869]
[top_rate: 0.2]
[other_rate: 0.1]
[min_data_per_group: 100]
[max_cat_threshold: 32]
[cat_l2: 10]
[cat_smooth: 10]
[max_cat_to_onehot: 4]
[top_k: 20]
[monotone_constraints: ]
[monotone_constraints_method: basic]
[monotone_penalty: 0]
[feature_contri: ]
[forcedsplits_filename: ]
[refit_decay_rate: 0.9]
[cegb_tradeoff: 1]
[cegb_penalty_split: 0]
[cegb_penalty_feature_lazy: ]
[cegb_penalty_feature_coupled: ]
[path_smooth: 0]
[interaction_constraints: ]
[verbosity: -1]
[saved_feature_importance_type: 0]
[use_quantized_grad: 0]
[num_grad_quant_bins: 4]
[quant_train_renew_leaf: 0]
[stochastic_rounding: 1]
[linear_tree: 0]
[max_bin: 255]
[max_bin_by_feature: ]
[min_data_in_bin: 3]
[bin_construct_sample_cnt: 200000]
[data_random_seed: 42]
[is_enable_sparse: 1]
[enable_bundle: 1]
[use_missing: 1]
[zero_as_missing: 0]
[feature_pre_filter: 1]
[pre_partition: 0]
[two_round: 0]
[header: 0]
[label_column: ]
[weight_column: ]
[group_column: ]
[ignore_column: ]
[categorical_feature: 28,29,30,31,32,33]
[forcedbins_filename: ]
[precise_float_parser: 0]
[parser_config_file: ]
[objective_seed: 16083]
[num_class: 1]
[is_unbalance: 0]
[scale_pos_weight: 1]
[sigmoid: 1]
[boost_from_average: 1]
[reg_sqrt: 0]
[alpha: 0.9]
[fair_c: 1]
[poisson_max_delta_step: 0.7]
[tweedie_variance_power: 1.5]
[lambdarank_truncation_level: 30]
[lambdarank_norm: 1]
[label_gain: ]
[lambdarank_position_bias_regularization: 0]
[eval_at: ]
[multi_error_top_k: 1]
[auc_mu_weights: ]
[num_machines: 1]
[local_listen_port: 12400]
[time_out: 120]
[machine_list_filename: ]
[machines: ]
[gpu_platform_id: -1]
[gpu_device_id: -1]
[gpu_device_id_list: ]
[gpu_use_dp: 0]
[num_gpu: 1]

end of parameters

pandas_categorical:[["__MISSING__", "__UNKNOWN__", "1", "2", "3"], ["__MISSING__", "__UNKNOWN__", "1", "2", "3", "4", "5", "6"], ["__MISSING__", "__UNKNOWN__", "13.111", "15.111", "16.111", "55.111"], ["__MISSING__", "__UNKNOWN__", "2.111", "3.111"], ["__MISSING__", "__UNKNOWN__", "1", "2", "3"], ["NEVER_TAKEN", "FAILED", "WITHDRAWN", "CONDITIONAL_PASS", "NORMAL_PASS", "__MISSING__", "__UNKNOWN__"]]
