tree
version=v4
num_class=1
num_tree_per_iteration=1
label_index=0
max_feature_idx=56
objective=regression
feature_names=gpa_prev_1 gpa_prev_2 gpa_trend_delta gpa_trend_missing start_agpa_points start_total_in_courses start_total_in_credits prior_total_reg_courses prior_total_reg_credits prior_total_fail_courses prior_total_fail_credits prior_fail_credit_ratio prior_registered_semesters observed_gap_semesters diploma_gpa course_credits attempt_number plan_year_order plan_semester_order plan_credits_count degree_credits_count course_history_avg_mark course_history_fail_rate course_history_avg_attempt course_history_retake_rate course_history_effective_support course_history_fallback_level course_history_missing plan_course_count plan_total_credits plan_credit_weighted_fail_rate plan_credit_weighted_avg_mark plan_credit_weighted_avg_attempt plan_difficulty_credit_load peer_course_count peer_total_credits peer_credit_weighted_fail_rate peer_credit_weighted_avg_mark peer_credit_weighted_avg_attempt peer_difficulty_credit_load peer_max_fail_rate peer_difficulty_missing degree_history_avg_mark degree_history_fail_rate degree_history_avg_points degree_history_effective_support degree_history_missing degree_requirement_history_avg_mark degree_requirement_history_fail_rate degree_requirement_history_avg_points degree_requirement_history_effective_support degree_requirement_history_missing plan_course_type_id plan_requirement_type_id diploma_type_id grade_version_id part_semester
feature_infos=[0:4] [0:4] [-4:4] [0:1] [0:4] [0:81] [0:250] [0:169] [0:495] [0:95] [0:277] [0:1] [0:35] [0:2] [9.6499996185302734:100] [0:24] [1:5] [1:6] [1:2] [4:210] [72:251] [50.046512603759766:93.041046142578125] [0.0024035871028900146:0.53361159563064575] [1:1.9865478277206421] [0:0.50827360153198242] [0:15240.75] [1:6] [0:1] [1:10] [1:39] [0.0026523473206907511:0.49770635366439819] [50.885631561279297:93.041046142578125] [1:1.9239208698272705] [0.0078357970342040062:6.6858501434326172] [0:9] [0:36] [0.0024035871028900146:0.50850582122802734] [51.272407531738281:93.041046142578125] [1:1.81209397315979] [0.0051047974266111851:5.8554286956787109] [0.0024035871028900146:0.53361159563064575] [0:1] [51.541183471679688:79.199661254882812] [0.043784111738204956:0.45738682150840759] [1.2037581205368042:2.8261492252349854] [0:49230.25] [0:1] [48.515907287597656:88.242073059082031] [0.005860709585249424:0.47871443629264832] [1.073322057723999:3.326244592666626] [0:45996.25] [0:1] -1:4:2:3 -1:4:6:2:3:5:7 -1:3:4:2:5 -1:3 -1:2:3:4
tree_sizes=5846 6071 6058 6072 6104 6082 6082 6057 6055 6084 6048 6060 6060 6081 6019 6062 6107 6097 6081 6086 6071 6090 6083 6058 6065 6092 6054 6066 6114 6055 6056 6055 6076 5992 6137 6128 6083 6092 6072 6117 6065 6076 6030 6041 6107 6127 6099 6112 6080 6126 6085 6092 6120 6095 6064 6113 6089 6085 6127 6086 6102 6070 6060 6115 6058 6132 6091 6047 6082 6051 6114 6114 6102 6067 6112 6013 6068 6035 6127 5987 6077 6007 6140 6098 6050 6079 6036 6074 6096 6102 6049 6056 6128 6048 6082 6059 6158 6120 6019 5964 6060 6069 6095 6067 6025 6089 6021 6077 6085 6081 6107 6070 6104 6087 6078 5932 5999 6030 6113 5986 5982

Tree=0
num_leaves=63
num_cat=3
split_feature=0 21 11 4 21 21 11 21 1 4 4 21 21 1 4 21 1 0 11 4 11 21 49 10 20 50 21 0 20 16 0 56 1 21 11 21 56 0 4 23 21 21 21 0 0 4 21 4 1 4 0 24 23 21 21 24 23 47 4 22 4 52
split_gain=8.04008e+06 2.90213e+06 1.68237e+06 1.21331e+06 562373 426193 339944 298343 293396 265412 189645 166363 148803 143747 125437 119142 116919 97582.8 85869.8 77971.4 68455.6 59585.5 57344.7 83199.6 56384 83908.1 56194.6 53514.2 53350 51294.4 49410.2 47617.1 44302 43926.8 39256.8 36509 32345.2 31823.6 30486.3 29488.4 29344.3 29134.6 28650.6 27494.6 26226.6 26178.9 25563.1 23906 23898.5 23732.1 23510 23125.1 36020.9 23112.3 23012.3 23005.5 22685.7 22212.6 21867.7 21051.8 20046.7 19933.1
threshold=2.6350001096725468 74.533176422119155 0.11098008602857591 2.9650000333786015 71.971065521240249 82.205451965332045 0.10534475743770601 68.252796173095717 2.6250000000000004 2.1350001096725468 3.2150000333786015 79.617172241210952 68.252796173095717 2.2749999761581425 2.5149999856948857 74.533176422119155 2.6450001001358037 3.1450001001358037 0.058150444179773338 2.6450001001358037 0.31928828358650213 68.308303833007827 2.5456092357635502 16.250000000000004 79.000000000000014 861.50000000000011 78.408687591552749 2.245000004768372 79.000000000000014 1.5000000000000002 3.1450001001358037 0 3.1149998903274541 72.026847839355483 0.25356170535087591 70.018600463867202 1 0.53499999642372142 2.554999947547913 1.0013249516487124 82.205451965332045 78.926559448242202 68.182941436767592 2.4050000905990605 2.245000004768372 3.5649999380111699 63.086299896240241 1.3149999976158144 3.0949999094009404 2.3449999094009404 2.3950001001358037 0.16761939227581027 1.1900373101234438 69.587730407714858 68.308303833007827 0.18260557204484942 1.0621204376220705 82.650863647460952 2.804999947547913 0.072171278297901167 2.1950000524520878 2
decision_type=10 10 10 2 10 10 10 10 10 2 2 10 10 8 2 10 8 10 10 2 10 8 10 2 2 2 10 8 2 2 10 1 10 10 10 10 1 8 2 10 10 10 10 10 10 2 8 2 8 2 8 10 10 8 8 10 10 10 2 10 2 9
left_child=1 2 7 4 8 6 26 14 18 12 15 16 20 44 24 53 38 42 54 28 -4 -11 -7 50 25 -1 36 -26 -15 41 -18 39 -19 45 47 -33 -3 -22 -6 -30 -13 60 -10 -41 -9 -12 -29 -14 -32 -20 -24 -48 -53 -5 -2 -54 -28 -37 -16 -36 61 -8
right_child=3 5 9 10 11 22 29 13 17 21 33 40 34 19 58 -17 30 32 49 -21 37 -23 23 -25 27 -27 56 46 31 -31 48 35 -34 -35 59 57 -38 -39 -40 43 -42 -43 -44 -45 -46 -47 51 -49 -50 -51 -52 52 55 -55 -56 -57 -58 -59 -60 -61 -62 -63
leaf_value=70.60994826356341 71.286936558343669 71.55536743840581 70.80601598470119 71.613526358572642 71.419106446560917 71.965951229001732 71.072942944506124 71.068928415769889 71.408696672775335 70.933301955538013 71.849864585782385 71.778446169637817 71.123030008663946 70.723184568069541 71.221424785909832 71.918786036880036 71.64936179086375 71.588562733558973 71.096699899997176 71.47003875663313 70.499588700979217 71.09167315660477 71.661320666528852 71.227254781426794 70.977697929951461 71.278340483047614 71.600341598587235 71.011846423414951 71.478714818883873 70.978641059930652 71.738258021226443 71.245090797597669 71.866974479316482 72.035294826396182 70.905335406047797 71.368887401173751 71.405322797643791 70.70122276090153 71.586063353222755 71.128892108865358 71.981810183771671 71.383677211125146 71.530539677217746 71.284292016923544 71.19633089068104 72.098190163418167 71.103638361773662 70.941456876388884 71.998555538194637 71.258487369007383 71.917353130027081 71.707170922461188 70.994147409901586 71.72771226111692 71.403215608733049 71.271880495095459 71.805025188199238 71.858022150146041 71.435113717743064 70.769841087086533 71.335327964207508 71.255992358775529
leaf_weight=1037.25 4640 4556.5 14963.25 5391 4307 2363.25 1973.25 5656.5 5808 6995 5574.5 2306.25 1362.75 275.5 4395.75 4418 7781 2178.5 3346.75 3802.75 1613 8351.5 1089.5 494.5 8185.25 423 3979.25 3544.25 589 1201.25 1222 5429.5 1585.75 5603.25 4166.25 8474.5 4647 6010.5 2951.75 4983.5 2296.25 2164.5 6607.25 2871.5 4771.5 785.75 8550.25 8058.25 1077.75 2562 1242.25 238 666 6077.5 6588 1672.75 1114.75 149.25 926 3350 1462.5 1839.75
leaf_count=1563 6509 5449 22953 7512 5060 2565 2637 7257 7722 9689 7490 2643 1764 304 6768 5015 9572 2669 4993 4891 2627 12961 1091 496 12707 423 4823 5015 2356 1394 1396 6820 1918 6138 5766 10339 6042 10047 3473 6512 2336 2685 8978 3590 6174 917 17734 10675 1317 4002 1246 241 735 8254 11169 1978 1144 183 1427 4775 1827 2451
internal_value=71.3022 71.127 71.0422 71.6176 71.5091 71.4931 71.419 71.1773 71.4056 70.8782 71.8329 71.6664 70.8234 71.253 71.0827 71.7422 71.6095 71.5277 71.2902 71.3024 70.7561 71.0194 71.8204 71.6983 71.0442 70.8033 71.5387 71.0597 71.2744 71.221 71.6977 71.2812 71.7061 71.9533 70.9131 71.3263 71.4796 70.6584 71.4871 71.2062 71.8802 71.2602 71.4736 71.1857 71.1272 71.8808 71.1054 70.9677 71.8607 71.1668 71.7981 71.1353 71.2404 71.6741 71.3552 71.1926 71.6453 71.3775 71.2586 70.8448 71.2095 71.1612
internal_weight=232749 149641 121512 83108.2 55258.2 28128.2 22938.8 66642 33316.2 54870.5 27850 21942 39524 37003.5 29638.5 15886.5 17339.5 16179.5 17136.8 26575.5 22586.8 15346.5 5189.5 2826.25 24316.8 1460.25 14297.5 22856.5 22772.8 8641.25 10080.8 22497.2 3764.25 11963.5 16937.2 14053.2 9203.5 7623.5 7258.75 8444 4602.5 7440 12415.2 7855 10428 6360.25 14671.2 9421 2299.75 5908.75 2331.75 11127 2576.75 11468.5 11228 2338.75 5094 8623.75 5321.75 7516.25 5275.5 3813
internal_count=321207 212124 178274 109083 73757 33850 28452 97017 47960 81257 35326 25797 58607 48426 48591 20781 20818 21287 26673 34995 35627 22650 5398 2833 40396 1986 17458 38410 30104 10994 12285 29800 4587 14545 22980 17342 11491 12674 8533 12458 4979 9600 16700 10102 13431 8407 25703 12439 2713 8995 2337 20688 2954 15766 17678 2713 5967 10522 8195 10541 6915 5088
cat_boundaries=0 1 2 3
cat_threshold=8 4 16
is_linear=0
shrinkage=1


Tree=1
num_leaves=63
num_cat=0
split_feature=4 21 11 4 1 21 11 21 4 21 4 21 4 21 4 1 1 21 14 6 16 4 49 10 11 2 1 14 19 1 14 21 21 2 21 4 21 20 11 4 47 4 51 45 4 20 21 43 6 4 4 48 4 21 4 1 47 4 14 44 12 6
split_gain=6.80286e+06 2.78389e+06 1.8522e+06 833903 546924 492641 445934 428254 256019 235684 200408 125568 109757 105071 104566 83506.7 81269.5 72938.8 72557.9 76405.7 69604.2 66569.9 64041.7 78597.4 61673.6 60151.9 58605.4 57273.1 58909.9 55309.6 54211.5 51629.5 49071.4 48833.4 44177.1 43392 39565.9 35730.3 34687.3 32734.7 32682.8 31416.7 31353.5 29598 28242.5 28233.2 26710.9 25900.7 24239.4 23883.8 23168.9 22647.9 22501.2 22162.3 22097 21466.8 21371.6 21321.5 21240.8 20085.6 19897.5 19805.5
threshold=2.6149998903274541 73.465930938720717 0.12165151908993722 3.0649999380111699 2.7549999952316289 82.205451965332045 0.098060119897127165 74.533176422119155 2.1550000905990605 68.252796173095717 0.35500000417232519 68.252796173095717 2.8149999380111699 72.026847839355483 1.3650000095367434 2.2749999761581425 2.8549998998641972 82.205451965332045 77.479999542236342 12.500000000000002 1.5000000000000002 3.3850001096725468 2.5456092357635502 18.250000000000004 0.28582468628883367 -0.40500000119209284 2.2849999666213994 87.840000152587905 23.000000000000004 3.1450001001358037 93.950000762939467 70.319358825683608 76.617176055908217 -0.32500000298023218 68.308303833007827 2.3349999189376835 68.670127868652358 79.000000000000014 0.31589473783969885 3.3249999284744267 55.505079269409187 2.2749999761581425 1.0000000180025095e-35 624.37500000000011 1.575000047683716 110.00000000000001 79.325862884521499 0.059439036995172508 90.250000000000014 2.3649998903274541 2.2849999666213994 0.097691781818866744 1.7150000333786013 82.205451965332045 2.3649998903274541 2.7050000429153447 77.51428604125978 1.3650000095367434 87.045001983642592 2.5444197654724126 1.0000000180025095e-35 22.500000000000004
decision_type=2 10 10 2 10 10 10 10 2 10 2 10 2 10 2 8 10 10 10 2 2 2 10 2 10 10 8 10 10 10 10 10 10 10 8 2 8 2 10 2 8 2 2 2 2 2 10 10 2 2 2 8 2 10 2 10 10 2 10 10 8 2
left_child=1 2 4 7 9 6 14 12 11 18 25 24 31 21 16 49 30 -9 19 43 32 55 -7 60 -4 -6 54 33 -29 -27 42 48 41 37 -10 -16 -14 -17 47 53 -26 -8 -3 45 -30 -1 59 -13 -2 52 -46 -28 -11 -15 -20 -5 -25 58 -53 -37 -24 -59
right_child=3 5 8 13 10 22 20 17 34 15 -12 38 36 39 35 27 -18 -19 26 -21 -22 -23 23 56 40 29 51 28 44 -31 -32 -33 -34 -35 -36 46 -38 -39 -40 -41 -42 -43 -44 -45 50 -47 -48 -49 -50 -51 -52 57 -54 -55 -56 -57 -58 61 -60 -61 -62 -63
leaf_value=-0.778110916522471 -0.01759206942715295 0.18833431180080418 -0.46140450609402656 0.30565651344245814 0.094028965521305338 0.6470648095920376 -0.18095570382875895 0.41070819373774892 -0.33300676991129058 -0.061103783770888369 -0.036848202799195359 -0.43345925935566199 0.17020002881025417 0.56685211662823187 0.033397224585125479 -0.65463509476632042 0.57415073453381882 0.67331498114692201 -0.32057646448958177 -0.23761533594388032 -0.32191941600846524 0.65241140260515973 0.63684349678534902 -0.54417364878693886 -0.81286487702052801 0.27610857172117331 -0.19445276976133713 0.26863365544802942 0.078136733294755442 0.55878712947234133 0.35188820973615093 0.19042442229583864 0.037516064717022152 0.0069658095914631665 -0.18688721757721116 0.18869038487681733 0.30082126451253982 -0.1484865096026646 -0.46964787300733341 0.75253514220620543 -0.56880119251118499 0.04421509324557716 -0.15673725509174227 -0.27286710947943421 -0.22961680617910152 -0.46173296474058573 0.35548961294904791 -0.29983412162619455 0.10516508118820131 -0.057722410331463914 -0.017236878643775808 -0.1596831104833186 -0.21613256970799277 0.79029200757153018 -0.16055808003575789 0.453735762578997 0.06560802739792615 -0.39162351282365221 0.033243952428093013 -0.0091990065384798744 0.39485917842452445 -0.12711266312049938
leaf_weight=713.75 4863.75 2475.5 13417.75 2054.5 1414.5 2596.5 4428.75 9337.5 6251.25 1892.5 4245 3210.5 6071.5 5484 4203 231.25 1620.75 2074 5263.25 5612.25 1722 2535 770.5 119 985.5 2700 6897.25 1566.5 4533.75 1886 4289 6624.75 5413.25 4560.5 7061.5 5474.5 9584 5281.5 4290.75 3345 8995.75 1276.25 506 702.5 1012.75 1270 1338.25 8531.25 5462.5 3257 4326.25 1367.25 7222.25 833 1881 6868.75 381.75 507.25 2739 965 1921.75 4153
leaf_count=1223 7812 3020 20590 3349 1728 2808 5802 11061 8538 2197 6381 3911 8515 6267 5406 256 1839 2119 7127 8664 2043 3171 772 119 1284 3087 9457 2309 5427 2126 5204 8196 6854 6137 11389 7126 13358 7338 6186 3618 15205 1568 506 854 1390 3403 1588 11739 7903 4208 5434 2682 9404 845 2574 9001 384 889 6273 965 1927 8554
internal_value=-3.28454e-05 -0.134934 -0.225535 0.346816 -0.0981199 0.158599 0.100044 0.24766 -0.407275 -0.140941 0.17348 -0.458487 0.173831 0.553429 0.214142 -0.0679505 0.318066 0.458546 -0.220439 -0.321733 -0.0854269 0.471305 0.499407 0.379002 -0.51761 0.32224 -0.183558 -0.0203253 0.0409172 0.392555 0.260836 0.103284 -0.0487468 -0.0898678 -0.255541 0.136977 0.250193 -0.16995 -0.372144 0.650703 -0.593058 -0.130584 0.129703 -0.497167 0.00473769 -0.576238 0.192926 -0.336439 0.0473525 -0.150746 -0.0575954 -0.140223 -0.183965 0.596558 -0.278503 0.419719 -0.080875 -0.0975218 -0.0310391 0.159041 0.464537 -0.156061
internal_weight=232620 167482 127980 65138.2 75236.2 39501.8 33712.2 44018 52744.2 64990.8 10245.5 39431.5 32606.5 21120.2 20872 33884.2 8891.25 11411.5 31106.5 8298.5 12840.2 11458.2 5789.5 3193 23399 6000.5 22808 21512.5 11439.2 4586 7270.5 16951 11118.2 10073.2 13312.8 11980.8 15655.5 5512.75 16032.5 9662 9981.25 5705 2981.5 2686.25 9872.75 1983.75 7777.75 11741.8 10326.2 12371.8 5339 15663.8 9114.75 6317 7144.25 8923.25 500.75 8766.5 4106.25 6439.5 2692.25 4660.25
internal_count=321110 235895 187964 85215 109122 47931 41921 58964 78842 95800 13322 58915 45784 26251 25654 44100 10569 13180 51700 14144 16267 15521 6010 3202 37079 6941 37556 28291 14560 5213 8730 23911 14224 13731 19927 15085 21873 7594 21836 10730 16489 7370 3526 5480 12251 4626 9679 15650 15715 15809 6824 27855 11601 7112 9701 12350 503 18398 8955 8091 2699 9443
is_linear=0
shrinkage=0.04


Tree=2
num_leaves=63
num_cat=3
split_feature=0 21 11 0 21 21 11 1 21 11 1 1 21 21 14 21 11 21 0 0 14 1 21 49 10 1 21 53 0 16 50 20 0 0 1 21 56 20 0 0 44 21 21 0 44 56 16 21 47 42 11 0 21 21 42 21 1 23 49 1 21 0
split_gain=6.90258e+06 2.52704e+06 1.49688e+06 851741 428793 373560 297816 263731 261023 218016 214479 129873 122275 99996.1 92683.7 84607.7 75866.1 69388.7 67359 67204.9 65589.1 62626.9 59180.8 58185.3 71067.1 54323.3 53154.4 52995.9 52785.6 47235 46013.7 49265.2 45746.6 44134.9 42483.5 38606.4 37694 33356.3 29094.5 27951.1 27233.7 26957.7 26897 26870.6 25231.2 24298.9 24106 23422 24056.8 22278.1 22175.4 21943.1 21655.6 21545.8 21390.1 21288 20911.9 20861.7 20779.6 20044.9 19704.3 19673.9
threshold=2.6750000715255742 74.533176422119155 0.11098008602857591 3.0849999189376835 74.533176422119155 82.205451965332045 0.10534475743770601 2.8249999284744267 68.252796173095717 0.23540768027305606 2.6650000810623173 2.2749999761581425 70.751132965087905 68.252796173095717 86.399997711181655 69.445976257324233 0.076166305691003813 82.205451965332045 2.0249999761581425 2.4150000810623173 88.184997558593764 2.5049999952316289 70.447662353515639 2.5456092357635502 18.250000000000004 3.2549999952316289 78.408687591552749 0 0.86500000953674328 1.5000000000000002 316.50000000000006 110.00000000000001 3.3850001096725468 2.054999947547913 2.6450001001358037 68.182941436767592 1 79.000000000000014 2.2250000238418584 2.3750000000000004 2.5140902996063237 67.886199951171889 78.926559448242202 2.1250000000000004 2.0562483072280888 2 1.5000000000000002 60.34489822387696 71.538753509521499 72.768692016601577 0.043990600854158408 2.3950001001358037 79.617172241210952 69.779163360595717 69.390670776367202 77.426959991455092 2.4050000905990605 1.0621204376220705 1.4375321269035342 2.6250000000000004 83.14151763916017 2.185000061988831
decision_type=10 10 10 10 10 10 10 8 10 10 10 8 10 8 8 10 10 10 10 8 8 10 10 10 2 10 10 9 8 2 2 2 10 8 8 10 1 2 10 8 10 8 10 10 10 1 2 8 10 10 10 8 10 8 10 10 10 10 8 8 10 10
left_child=1 2 8 4 10 6 26 22 14 13 16 38 25 43 18 28 41 34 30 56 21 37 50 60 51 -9 40 -22 58 42 31 -1 55 -15 -6 -12 59 -13 -10 -38 45 -2 61 -4 -32 -3 -17 54 49 -49 -5 -25 -24 -18 -21 -14 -16 -28 -11 -29 -7 -8
right_child=3 5 9 7 17 23 29 12 11 15 35 20 32 33 19 46 53 -19 -20 47 27 -23 52 24 -26 -27 57 36 -30 -31 44 -33 -34 -35 -36 -37 39 -39 -40 -41 -42 -43 -44 -45 -46 -47 -48 48 -50 -51 -52 -53 -54 -55 -56 -57 -58 -59 -60 -61 -62 -63
leaf_value=-0.73663735071582415 -0.0095019323536181775 0.099380222683154204 -0.42888151621878151 0.18973846189499535 0.24577676863418266 0.40068560504728873 -0.13889512337562188 0.3619711701508897 -0.22150901271563164 -0.88184290689501654 0.14632363590791558 -0.5875080722425372 0.50189716864028755 -0.3044349936188056 -0.28026127176174159 -0.31250635906791951 -0.20195374781771258 0.62210568916934517 -0.18384001136542202 -0.012486207929194422 0.25412601324906758 0.049467940302815497 0.31094864474863038 0.31433761116409925 -0.091774481860442278 0.54574967787891748 0.27877797313402147 -0.0086287768013587826 -0.48296102124170953 -0.30579152662505815 -0.078346490753811462 -0.37833093258352646 0.69472282326413981 -0.16965631986417776 0.42442537887172582 0.27250741764511338 -0.13547002246995804 -0.12068559802236689 -0.090288474130850671 0.032180657867597419 0.015140017500810506 0.1123941208946462 0.08126518716537369 -0.31116692156542297 -0.32141424849776651 0.24510158016095759 -0.47370983393270893 -0.025181436609035435 -0.15003636759486766 0.23650205285340081 -0.038121039619155146 0.55262121107022388 0.57605010748133223 -0.019241897324617511 -0.4045740422636685 0.63873998999082471 -0.14235251240873065 0.46996162493472904 -0.61084537374813763 0.13756917529346799 0.68200180798326326 0.023439406523966266
leaf_weight=824.25 4231 2822.5 9797 2157.75 3273.25 515 3575 7403.75 5558.25 530 6056.25 251.75 5856.25 8913.5 4332.75 5199.25 2325 2001 7001.25 363.25 1948 4734.75 3246.25 1149.25 469 3967.75 4165 2123.5 13913.25 1205.75 896.5 2441.5 5393.25 6912.5 6157.25 10837.25 2730.25 7175 5271.5 3808.25 1638 9242.5 2202 4586.75 2893.5 5232.5 2094.75 5682.5 2405 571 998.75 1367.25 584.25 1857.5 573.75 2704.25 2974.5 1177 3640.75 5110 1940.25 1792.5
leaf_count=1521 5881 3856 13820 2634 3946 515 4709 11867 7104 713 8106 275 6967 12962 7086 7210 3063 2052 11400 505 2755 6825 3688 1153 472 5143 5080 2422 22263 1400 949 5686 5952 10556 7382 14144 3730 9752 6776 5159 1638 13672 2736 6371 4170 6620 2667 11327 2672 571 1256 1371 615 3107 684 2933 4071 1207 5821 5842 2151 2322
internal_value=0.000332984 -0.154711 -0.232883 0.306304 0.195693 0.180031 0.111679 0.463685 -0.109365 -0.387685 0.125416 -0.0401215 0.523713 -0.315036 -0.195936 -0.474134 0.0279225 0.40803 -0.27183 -0.132795 0.0055426 -0.0642022 0.246014 0.479008 0.359944 0.426181 0.219744 0.0595012 -0.520559 -0.0734819 -0.359062 -0.469163 0.603124 -0.245596 0.362484 0.227294 0.0317312 -0.136665 -0.157665 -0.0378432 0.16385 0.0741195 -0.0364051 -0.391393 -0.263992 0.194079 -0.35892 -0.0631702 -0.0425802 -0.00121816 0.11766 0.44414 0.351665 -0.120859 -0.252931 0.545266 -0.224179 0.321063 -0.645691 0.094659 0.623372 -0.0846928
internal_weight=232803 154510 125259 78293.2 45981 29251 23810.2 32312.2 69671 55587.8 34549.5 38711.2 25325.2 30209.8 30959.8 25378 17656 11431.5 14057 16902.8 27881.5 12161.5 6987 5440.75 2985.5 11371.5 15035 15720 18084 8775.25 7055.75 3265.75 13953.8 15826 9430.5 16893.5 13772 7426.75 10829.8 6538.5 9693 13473.5 7569.5 14383.8 3790 8055 7294 9595.5 8658.5 6253.5 3156.5 2516.5 3830.5 4182.5 937 8560.5 7307.25 5342 4170.75 7233.5 2455.25 5367.5
internal_count=321303 218895 183665 102408 61353 35230 29568 41055 101282 82383 47973 50640 32862 43709 50642 38674 25723 13380 23726 26916 36760 16852 8193 5662 2996 17010 18401 19908 28797 11167 12326 7207 15852 23518 11328 22250 17153 10027 13880 8889 12114 19553 9767 20191 5119 10476 9877 15759 14570 11898 3890 2524 4303 6170 1189 9900 11157 6287 6534 8264 2666 7031
cat_boundaries=0 1 2 3
cat_threshold=44 4 8
is_linear=0
shrinkage=0.04


Tree=3
num_leaves=63
num_cat=0
split_feature=0 21 11 4 21 21 4 11 4 21 11 21 4 0 21 0 21 14 11 14 0 4 21 49 9 21 11 0 0 4 4 45 19 21 20 20 2 0 23 11 11 44 14 21 21 0 0 0 23 21 4 0 25 21 4 47 44 2 9 0 44 2
split_gain=6.36058e+06 2.35299e+06 1.39087e+06 864057 410132 341486 279814 268304 198813 190542 186053 122031 112964 108636 101351 93432.6 84267.6 80673.4 72326.4 61337.1 82512.8 57584.4 53693 51521.2 61257.6 48001.8 47273.1 43253.4 42788.1 40891.8 40858.6 37498.9 36211.2 35703.9 34049 33548.2 32763.2 29524.9 29294.6 27172.8 24317.4 23730.4 28726.2 26755.1 23625.8 23401.2 22628.1 22231.5 22181.4 22158.9 21839.2 21675 20521.3 20621.9 20295.3 19325.2 23380.5 18850.7 18655.1 18517.5 18405.2 18221.6
threshold=2.6750000715255742 74.533176422119155 0.12165151908993722 3.0149999856948857 71.971065521240249 82.205451965332045 2.4750000238418584 0.10534475743770601 2.0949999094009404 68.252796173095717 0.037408165633678443 79.617172241210952 3.3149999380111699 3.0049999952316289 68.252796173095717 2.435000061988831 74.533176422119155 88.184997558593764 0.038984065875411041 78.759998321533217 2.4050000905990605 2.7649999856948857 68.308303833007827 2.5456092357635502 7.5000000000000009 77.739685058593764 0.44647009670734411 1.8350000381469729 3.1450001001358037 2.4550000429153447 2.1350001096725468 598.62500000000011 23.000000000000004 70.319358825683608 79.000000000000014 110.00000000000001 0.34499999880790716 1.7050000429153445 1.0621204376220705 0.37640480697155004 0.068206049501895918 2.0562483072280888 88.184997558593764 60.34489822387696 62.269115447998054 2.2949999570846562 3.6049998998641972 3.2350000143051152 1.0856467485427859 70.549018859863295 2.5349999666213994 3.2849999666213994 635.37500000000011 82.205451965332045 2.2749999761581425 71.537059783935561 2.4592331647872929 0.35500000417232519 3.5000000000000004 0.33500000834465032 2.5522066354751591 0.33500000834465032
decision_type=10 10 10 2 10 10 2 10 2 10 10 10 2 10 10 8 10 10 10 10 8 2 8 10 2 10 10 8 10 2 2 2 10 8 2 2 8 8 10 10 10 8 10 8 8 8 10 10 10 10 2 10 2 10 2 10 10 10 2 8 10 8
left_child=1 2 6 4 10 7 9 25 14 19 13 18 16 36 26 49 47 34 28 31 -21 33 -10 -7 40 45 44 39 -6 -12 51 35 48 -8 -17 -1 -2 58 -27 -9 -25 -22 -43 -44 -4 -3 -14 -5 -19 -11 -20 -15 53 -13 -24 56 -45 -30 -16 -28 -47 -36
right_child=3 5 8 12 11 23 21 27 22 15 29 52 46 30 37 17 -18 32 50 20 41 -23 54 24 -26 38 59 -29 57 -31 -32 -33 -34 -35 61 -37 -38 -39 -40 -41 -42 42 43 55 -46 60 -48 -49 -50 -51 -52 -53 -54 -55 -56 -57 -58 -59 -60 -61 -62 -63
leaf_value=-0.66466171337242119 0.15729191298933176 0.049742796889614339 -0.55674308281081208 0.3355995810074725 0.30013604492324469 0.59532979620299042 -0.063082921546611687 -0.11665036117268356 -0.34732304315003154 -0.20133433833558187 -0.11019946896950689 0.45062754236010044 0.58099547305921873 0.3125576998265166 -0.27357992382658597 -0.61866383156953042 0.57908468840959204 0.035768609430259675 0.076857303532574139 -0.28602441156500569 0.10038732184084874 0.16395210617055578 -0.24706329958154055 0.50617099578981328 -0.15959140986503051 0.24542295711087511 -0.82698464747023115 0.015349691788569706 0.58044270374632478 0.058678500829955231 0.22482088122525987 -0.26520511773375294 0.040452674378506651 0.06522018320803373 0.015874566396549331 -0.35836978858549229 0.034937904215750659 -0.29146120992401453 0.44508350544375563 -0.39790073380647095 0.25279248027418771 -0.25322079362964156 -0.32302078557088393 -0.043813776093136393 -0.44439291970393363 0.216078461187895 0.73946961230153108 0.44841658290611314 0.38295588669465597 -0.10843927941266218 0.25983062447325539 0.52801903340660694 -0.034838164166041782 0.62295839381668439 -0.12079746254493913 -0.18775630744953176 0.27994020746166659 0.37085388093539273 -0.43402178662170487 -0.58723905845124236 -0.047649806485254444 -0.14494986707085816
leaf_weight=815.75 9808 2710.75 3926.25 7261.75 9936.25 2469 8674.25 3400.75 8228 7409.5 5177.5 2302 5246.75 1651.25 1412.75 207.25 4748 435.25 2612.25 8377.25 770.5 3758 6530 1647 337 5373.75 694.25 4780.75 1416.5 4116.25 4983 4992.25 5705 5781.5 1582.25 1952.5 5447.75 6311.25 1510 654.5 969.75 2254.5 673.25 3612.5 13255.5 4974.75 2046 4601.75 911.25 9244.5 1739.25 1385.75 103 2218 2969.5 1329.5 394 1369 6849.75 2219.5 462 3913.5
leaf_count=1376 12997 3442 5796 9784 12052 2673 12386 4213 11411 10459 7633 2608 6392 2072 1853 226 5297 778 3108 13139 1384 5228 10370 1650 337 6420 1190 6184 1739 6187 7419 6523 6836 8141 2108 5296 8711 8640 1576 842 975 3918 818 7340 20880 6504 2343 6221 1014 11790 2037 1763 103 2263 4462 1475 394 1525 9330 3787 462 5253
internal_value=-8.57971e-05 -0.148863 -0.224373 0.293927 0.20565 0.173872 -0.111253 0.108749 -0.381519 -0.156554 0.115886 0.340377 0.494294 0.176293 -0.437246 -0.0874002 0.436559 -0.00592605 0.290948 -0.237334 -0.195604 0.0245028 -0.272498 0.460352 0.347196 0.211565 -0.495531 -0.066162 0.339101 -0.0354051 0.295468 -0.330883 0.084533 -0.0117663 -0.117766 -0.449046 0.113611 -0.356821 0.289338 -0.162219 0.412538 -0.111714 -0.131511 -0.0857781 -0.470129 0.1458 0.625647 0.379429 0.270955 -0.149789 0.150077 0.411156 0.522715 0.535432 -0.207628 -0.0557336 -0.01185 0.477778 -0.406663 -0.644893 0.193657 -0.0986574
internal_weight=232651 154481 125191 78170 54265.8 29290 72794.2 23867.2 52396.8 54580.5 32569.5 21696.2 23904.2 23275.8 34669.2 29408.5 16611.5 12754.5 17073.2 25172 17411.5 18213.8 17727.5 5422.75 2953.75 15031.2 20095.5 8836 12721.8 9293.75 8020 7760.5 7051.5 14455.8 5703 2768.25 15255.8 14573.8 6883.75 4055.25 2616.75 9034.25 8263.75 6009.25 17181.8 8147.5 7292.75 11863.5 1346.5 16654 4351.5 3037 4623 4520 9499.5 5336 4006.5 2785.5 8262.5 2913.75 5436.75 5495.75
internal_count=321133 218879 183601 102254 72217 35278 105882 29643 77719 80127 46782 25435 30037 32962 51476 38464 21302 16215 20461 41663 28468 25755 26243 5635 2962 18404 31653 11239 15316 13820 11254 13195 8628 20527 7587 6672 21708 19823 7996 5055 2625 15329 13945 10027 26676 10408 8735 16005 1792 22249 5145 3835 4974 4871 14832 9209 7734 3264 11183 4977 6966 7361
is_linear=0
shrinkage=0.04


Tree=4
num_leaves=63
num_cat=1
split_feature=0 21 11 4 21 21 11 4 4 1 21 4 21 11 21 1 14 0 0 0 21 11 4 21 11 11 20 50 14 56 4 21 0 0 39 1 21 4 21 15 0 21 50 21 0 4 1 16 22 11 21 21 21 36 4 50 0 21 21 25 21 4
split_gain=5.85371e+06 2.18407e+06 1.26479e+06 795441 361103 323456 248163 237875 212215 188823 160666 135848 103764 89628.3 84524 78126.6 72381.4 100291 71066.1 67482.3 64436 57925.5 55157.1 52738.8 51788.7 49690.8 49614.7 57941.7 43873.1 37373.6 35414.6 34454.9 34202.1 34112.6 32585.1 31855.8 31293.9 31252.8 30176.1 28643.6 28127.9 27798 27151.8 22366.7 22341.1 21006.7 20957.8 20955.2 20471.4 20378.4 19387.1 19003.9 18897.4 18157 17815.5 17410.9 17339.3 17186.8 17126.7 17046.4 20608.7 16983.5
threshold=2.6750000715255742 74.533176422119155 0.11098008602857591 2.9650000333786015 71.971065521240249 82.205451965332045 0.076166305691003813 2.4750000238418584 2.0849999189376835 2.6750000715255742 69.821186065673842 3.2150000333786015 79.617172241210952 0.34381176531314855 74.533176422119155 2.6450001001358037 86.399997711181655 2.4850000143051152 2.4050000905990605 3.1450001001358037 70.319358825683608 0.06003003008663655 2.7050000429153447 67.996994018554702 0.28073549270629888 0.15715519338846209 110.00000000000001 416.00000000000006 94.704998016357436 0 1.735000014305115 88.393150329589858 0.53499999642372142 3.6049998998641972 1.2808693051338198 3.2250000238418584 78.926559448242202 1.2549999952316286 72.026847839355483 3.5000000000000004 2.2649999856948857 68.182941436767592 604.25000000000011 78.735221862792983 2.0649999380111699 2.2849999666213994 2.1950000524520878 1.5000000000000002 0.1857978627085686 0.1282736882567406 69.88785552978517 77.739685058593764 69.779163360595717 0.097609087824821486 0.50499999523162853 17.625000000000004 3.2350000143051152 63.022916793823249 68.252796173095717 635.37500000000011 82.205451965332045 2.5949999094009404
decision_type=10 10 10 2 10 10 10 2 2 10 10 2 10 10 10 8 10 8 8 10 10 10 2 10 10 10 2 2 10 1 2 10 8 10 8 10 10 2 10 2 10 8 2 10 8 2 10 2 10 10 10 10 8 8 2 2 10 8 10 2 10 2
left_child=1 2 7 4 9 6 29 10 13 21 16 14 15 23 56 49 26 -18 46 58 45 -2 41 54 36 -7 27 -1 55 51 -17 -27 -15 38 48 -21 44 -25 -13 53 57 -9 -30 61 -8 -10 -12 -26 -19 -6 -34 -3 -23 -36 -4 -20 -5 -28 -11 60 -14 -31
right_child=3 5 8 11 12 25 24 22 20 19 18 33 59 32 -16 30 17 34 28 35 -22 52 -24 37 47 31 40 -29 42 43 -32 -33 50 -35 39 -37 -38 -39 -40 -41 -42 -43 -44 -45 -46 -47 -48 -49 -50 -51 -52 -53 -54 -55 -56 -57 -58 -59 -60 -61 -62 -63
leaf_value=-0.61120249315363528 0.059411248207728459 0.22320658450525163 -0.31870328508530571 0.28931356737335484 0.19155879959213548 0.51405490009044408 -0.11398660014018573 -0.099337223934668595 -0.33154179416942181 0.10170949725079785 -0.18253825946401617 0.45570801838871983 0.41798357130543551 -0.66924837044363028 0.52688307967222558 0.47407574842903216 -0.23640724408777761 -0.082861168048140893 -0.20391126753721026 0.27299186496450062 -0.14956228455672754 -0.15863210350195442 0.13015570486625516 -0.16009394249484768 -0.14427382998514118 0.098901427648050225 -0.38942483539328926 -0.06508992740194848 0.32099142290507637 0.064295091286390993 0.29842136463481139 0.54682370813733405 -0.51852633071200649 0.69470533349005026 0.2745882229194932 0.52477452401125524 0.13003146500715845 -0.34440848115268535 0.59837598447592877 -0.15947957431424109 -0.14931997228035651 0.023026866255782756 0.067878785192519275 0.26727533288473104 0.039082971539581401 -0.22348737962653914 -0.067125029564845951 -0.4362930532404134 -0.33454201405021949 -0.020857532498353374 -0.36217706596538429 0.35889586463717893 0.0015932383029332454 0.044626841851609395 -0.45232248645072481 -0.0020907273414457876 0.40175400019878965 -0.24840666215292831 0.2051166678940366 -0.017878125380543827 0.59814542190456832 0.25178727527360478
leaf_weight=1192 11298.25 3537.5 1880.75 8321.75 5583.75 4140.5 3266.5 4736.5 10933.5 4857.5 4829.25 5116.75 2076.75 2045.5 4347.75 2505.5 8462.25 3446 802.25 2432 6219 3346.75 5381.25 1731.75 1619.5 930 1649.5 421 1065.25 3624.25 6972 388.75 5744.25 2312 699.75 1207.75 2314.75 10018 4514.25 908.25 4325.5 7959.5 1864 1907.25 2859.5 3935 5264.75 519 607 829.5 1658.75 3126.5 1816.5 2535.5 11503.75 4572.25 3008.5 8792.75 5441.5 101 2047.5 981.5
leaf_count=1996 17596 4247 2705 11354 6543 4268 4093 6751 17145 6356 6246 6814 2370 3184 4932 3023 12642 4364 827 2975 8088 4372 7512 2313 2212 1005 2446 421 1270 4780 8472 403 9501 2696 783 1453 2800 13372 5001 1941 6835 11252 2278 2367 3689 6005 6836 618 676 981 2315 3425 3537 5372 17806 6163 4198 14606 7336 101 2085 1232
internal_value=-0.000293417 -0.143062 -0.215739 0.281816 0.187432 0.168343 0.10452 -0.101954 -0.357812 0.100426 -0.145818 0.454408 0.318896 -0.418806 0.37688 0.271986 -0.198569 -0.139831 -0.0510738 0.208751 -0.257753 0.00868831 0.0228593 -0.379249 -0.0397616 0.44593 -0.25828 -0.468927 0.0355986 0.220347 0.344949 0.231577 -0.523927 0.556102 -0.0400896 0.356783 0.00479952 -0.317276 0.522691 0.038781 -0.235211 -0.0226314 0.160085 0.152125 -0.0425459 -0.302979 -0.122368 -0.21549 -0.120703 0.164085 -0.483602 0.286957 -0.102282 0.0945064 -0.433598 -0.0322826 0.319236 -0.270754 0.156375 0.495107 0.507674 0.104344
internal_weight=232538 154400 125185 78137.2 50516.2 29215.5 23756.2 69514.5 55670.2 30400.2 51437.2 27621 20116 34582.8 15678 15890.8 33039.5 16658.8 18397.8 13938.8 21087.5 16461.5 18077.2 25134.2 10579.2 5459.25 16380.8 1613 8303.75 13177 9477.5 1318.75 9448.5 11943 8196.5 3639.75 8440.75 11749.8 9631 4143.5 14767.8 12696 2929.25 6513 6126 14868.5 10094 2138.5 4053 6413.25 7403 6664 5163.25 3235.25 13384.5 5374.5 11330.2 10442.2 10299 4225.25 4124.25 4605.75
internal_count=320985 218790 183651 102195 67200 35139 29463 101217 82434 43625 75702 34995 23575 51196 20484 19019 52082 25778 23620 18120 31238 25505 25515 36196 13412 5676 26304 2417 10538 16051 11495 1408 15000 14511 13136 4428 10582 15685 11815 8096 23887 18003 3548 8379 7782 23150 13082 2830 5040 7524 11816 7672 7909 6155 20511 6990 15552 17052 13692 4556 4455 6012
cat_boundaries=0 1
cat_threshold=4
is_linear=0
shrinkage=0.04


Tree=5
num_leaves=63
num_cat=2
split_feature=0 21 11 4 21 21 11 4 1 4 21 4 21 21 21 1 0 0 14 11 14 0 11 11 21 49 10 5 19 0 56 4 0 4 48 1 21 45 1 45 21 21 0 20 4 56 1 4 21 16 20 0 10 21 49 21 21 43 1 23 4 44
split_gain=5.4249e+06 1.93511e+06 1.12782e+06 805773 384092 272163 231102 198059 191526 185241 158178 139728 110565 102255 83274.7 78532 73617.6 70778.9 60377.5 57715.9 53484.1 53305.7 51235.1 50138 45282.9 44650.8 59244.4 42952.9 39229.8 37505.4 35861.9 35439 34156.7 33873.6 33158 30428.1 29244.4 28456.6 27518.7 27200.4 23352.4 23252 21353.8 21134.5 20967.9 20927.7 20357 19909.5 19385.9 19258.1 18501.1 18426.1 18382.5 18058.6 18027.2 17735.2 17545.5 17413.8 17010.1 16941.7 16386.4 16368.9
threshold=2.6350001096725468 74.533176422119155 0.11098008602857591 2.9550000429153447 71.971065521240249 82.205451965332045 0.064839839935302748 2.554999947547913 2.6250000000000004 2.1350001096725468 68.252796173095717 3.2150000333786015 79.617172241210952 68.252796173095717 72.026847839355483 2.5149999856948857 2.4050000905990605 3.1450001001358037 93.83499908447267 0.06003003008663655 79.729999542236342 2.4250000715255742 0.28073549270629888 0.31928828358650213 68.308303833007827 2.5456092357635502 16.250000000000004 4.5000000000000009 23.000000000000004 3.1450001001358037 0 2.8750000000000004 1.5649999976158144 3.435000061988831 0.12467529624700548 3.2250000238418584 79.325862884521499 624.37500000000011 2.0649999380111699 122.50000000000001 72.026847839355483 82.205451965332045 0.88499999046325695 110.00000000000001 2.2050000429153447 1 3.0949999094009404 1.2549999952316286 68.182941436767592 1.5000000000000002 79.000000000000014 2.3950001001358037 9.7500000000000018 83.14151763916017 2.1874645948410039 78.926559448242202 65.71753311157228 0.059439036995172508 0.65500000119209301 1.0625432729721072 2.4150000810623173 2.5334342718124394
decision_type=10 10 10 2 10 10 10 2 10 2 10 2 10 10 10 8 8 10 10 10 10 8 10 10 8 10 2 2 10 10 1 2 8 2 8 10 10 2 10 2 10 10 8 2 2 1 8 2 10 2 2 8 2 10 10 10 8 10 8 10 2 10
left_child=1 2 7 4 8 6 30 10 19 13 20 14 15 23 -5 -6 38 48 39 56 27 60 36 -4 -11 53 51 37 -20 61 59 45 52 40 -23 -19 44 43 -12 50 -13 -16 58 -1 54 -9 -31 -34 -10 -24 -18 -27 -15 -7 -8 -32 -2 -40 -25 -3 -22 -17
right_child=3 5 9 11 12 25 22 31 17 24 16 33 -14 32 41 29 18 35 28 -21 21 34 49 42 -26 26 -28 -29 -30 46 55 -33 47 -35 -36 -37 -38 -39 57 -41 -42 -43 -44 -45 -46 -47 -48 -49 -50 -51 -52 -53 -54 -55 -56 -57 -58 -59 -60 -61 -62 -63
leaf_value=-0.66091864963169611 -0.055811729350817518 0.23527786875820356 -0.40561383205131002 0.27895997372899367 0.12867204503970003 0.32945012732864137 0.11462854617767727 0.090590243184127089 0.082402398041425615 -0.30409346782161378 -0.19984462805066833 0.42661170908236079 0.47637605943276695 -0.23741111780439081 0.43269246249286275 0.30012297092912676 -0.56460270228379539 0.25578161667304056 0.32557745263862869 -0.11334677843624386 -0.26621873032652432 -0.15557589041478639 -0.142800432174123 -0.82345158585204792 -0.16599158215892915 0.27154338317396121 -0.08335191706449438 -0.22137846491350885 0.049302084139821359 0.34949604712091498 0.10170018168596894 0.23371190324609728 -0.12003102387037616 0.63543573449469726 0.0071313825322539652 0.5004711904606447 0.14110525262059384 -0.20893301226713154 -0.15581363286593908 -0.024661269469510125 0.56305857086753031 0.65540938115140668 -0.48038062181552227 -0.39658338368810975 0.055041439858508075 -0.027987108983549693 0.58100842777696071 -0.29036063324407335 0.18340102251713825 -0.4219362751976109 -0.14986014137796574 0.49735619797202185 -0.40891303443749982 0.60140082899436598 -0.12089324287270785 0.262340531740547 0.068037705206264371 -0.04990538181212939 -0.57077461699580778 0.37334809362947707 -0.12408951132917105 0.15915246530139823
leaf_weight=747.25 2304.25 4059.75 15018.75 9538.75 5453.75 505 604.25 4216.25 5735 6976 5739.5 4402.25 4524.75 1199 6288 7357.5 184.75 2523 1020.5 5761.75 6793.25 5657.25 1611 542 8363.75 1086.25 507 5107.75 4206.75 1418.5 4115.5 1479.75 1273.5 3766.75 3102.25 1205.75 1998.75 805 4049.25 6359.75 3774.25 860.75 4848.25 1421.5 2689.25 5467.25 1083.75 8157.5 6485.25 524 2257.25 1260 6352.25 1866.5 3664.5 1501.5 8869 6429.75 2258.5 2206.5 1611.25 1615
leaf_count=1279 3103 4875 23028 13594 6407 505 785 5513 7592 9697 7670 6008 4881 1562 7383 9420 199 3090 1346 8836 10685 7464 2223 800 13019 1090 510 7858 5022 1603 5356 2004 1737 4300 7333 1430 2403 943 5022 8843 4234 878 8095 3718 3359 8087 1323 11219 8796 623 2570 1263 8534 2069 4722 1851 14467 8901 3763 2316 2515 1615
internal_value=6.45623e-05 -0.143611 -0.21282 0.259549 0.169054 0.15493 0.0956518 -0.102191 0.0831467 -0.346912 -0.133115 0.431274 0.300713 -0.392583 0.356427 0.253709 -0.071411 0.182611 -0.00431165 -0.0105364 -0.207034 -0.167047 -0.0356581 -0.448215 -0.228828 0.415461 0.308465 -0.291897 0.103344 0.313104 0.218202 0.0515319 -0.318282 0.535775 -0.0979624 0.335134 0.00632824 -0.412788 -0.129444 -0.0682568 0.489718 0.459686 -0.531736 -0.48819 -0.032416 0.0236494 0.450154 -0.267392 0.136024 -0.211644 -0.181677 0.393135 -0.381753 0.54382 -0.0875147 0.144721 0.0424902 -0.0908527 -0.620233 0.284001 -0.239008 0.274791
internal_weight=232814 149846 121646 82968 54337.2 28199.8 22975 66656.2 32884 54989.5 55493 28630.8 21453.2 39649.8 16687.5 16928.5 30247.5 15949 14029 16935 25245.5 17164 11091.8 22667.5 15339.8 5224.75 2853.25 8081.5 5227.25 11474.8 11883.2 11163.2 16982.2 11943.2 8759.5 3728.75 8956.75 2973.75 16218.5 8801.75 8176.5 7148.75 7648.75 2168.75 6958 9683.5 2502.25 9431 12220.2 2135 2442 2346.25 7551.25 2371.5 4268.75 5617 11173.2 10479 2800.5 6266.25 8404.5 8972.5
internal_count=321336 212376 178426 108960 72563 33950 28513 96972 47314 81454 81368 36397 25249 58738 21855 20368 39573 20908 17980 26406 41795 27997 14115 35686 22716 5437 2863 13798 6368 13961 14398 15604 23052 14542 14797 4520 11269 5940 21593 11612 10242 8261 12658 4997 8866 13600 2926 12956 16388 2846 2769 2353 10096 2574 5507 7207 17570 13923 4563 7191 13200 11035
cat_boundaries=0 1 2
cat_threshold=4 4
is_linear=0
shrinkage=0.04


Tree=6
num_leaves=63
num_cat=2
split_feature=0 21 11 4 21 11 4 1 21 21 0 4 0 21 21 21 11 0 14 0 11 21 1 0 14 45 4 16 21 21 4 21 1 21 20 50 50 21 21 1 48 21 4 11 1 21 11 25 40 43 11 56 21 20 56 21 9 22 44 20 4 25
split_gain=4.99214e+06 1.84042e+06 1.08764e+06 674041 318286 265082 257563 195678 172791 164462 125957 117416 95098.3 95077.8 72685.8 69799.5 68175.2 65927.5 60599.6 58030.4 57338.6 53881 48692.5 47505.1 72407.1 47308.9 46843 44751 33784.9 32656.1 30911 29937.7 28095.4 27844.5 27229.5 27151.9 24431.6 24346.3 24157.6 24088 23693.4 22714.4 22652.9 22599 22573.2 21140.3 21003 20316.7 20451.2 20009.1 18658.4 17877.6 17813.9 17724 17216 17114.7 16935.3 16645.5 16571.1 16554.8 15864.8 15732.8
threshold=2.6750000715255742 74.533176422119155 0.14311316609382632 2.9650000333786015 73.465930938720717 0.1282736882567406 2.4750000238418584 2.7749999761581425 82.205451965332045 68.252796173095717 1.8350000381469729 3.2150000333786015 2.435000061988831 86.135070800781264 71.76581192016603 82.205451965332045 0.058150444179773338 3.1450001001358037 87.840000152587905 2.3249999284744267 0.33946646749973303 69.821186065673842 2.7150000333786015 2.2649999856948857 78.58499908447267 624.37500000000011 2.7549999952316289 1.5000000000000002 78.926559448242202 67.996994018554702 3.435000061988831 68.182941436767592 2.1950000524520878 78.408687591552749 110.00000000000001 589.37500000000011 34.125000000000007 67.284290313720717 68.670127868652358 3.2549999952316289 0.12405720725655557 78.053596496582045 2.3950001001358037 0.82555782794952404 2.304999947547913 75.729537963867202 0.038984065875411041 298.37500000000006 0.18519092351198199 0.05499385483562947 0.13936910033226016 0 68.252796173095717 79.000000000000014 1 70.751132965087905 2.5000000000000004 0.13181531429290774 2.5522066354751591 218.00000000000003 1.9750000238418581 79.625000000000014
decision_type=10 10 10 2 10 10 2 10 10 10 8 2 8 10 10 10 10 10 10 8 10 10 10 8 10 2 2 2 10 8 2 8 8 10 2 2 2 8 8 10 8 10 2 10 8 10 10 2 10 10 8 1 10 2 1 10 2 10 10 2 2 2
left_child=1 2 6 4 7 8 9 16 19 23 20 14 32 27 -5 22 38 52 36 42 29 44 46 54 25 34 31 28 -7 -4 45 -8 -11 58 -25 47 53 -18 -2 -19 57 -16 -3 56 -12 -13 -6 -20 -49 -23 -42 -28 -9 -14 -1 -34 -22 -26 -21 -15 -24 -30
right_child=3 5 10 11 15 13 26 17 -10 12 21 30 18 59 41 -17 37 39 35 33 43 49 60 24 40 -27 51 -29 61 -31 -32 -33 55 -35 -36 -37 -38 -39 -40 -41 50 -43 -44 -45 -46 -47 -48 48 -50 -51 -52 -53 -54 -55 -56 -57 -58 -59 -60 -61 -62 -63
leaf_value=-0.2243963456834171 0.020871740719274189 0.031406911814063687 -0.42031213824227814 0.26821073759049208 0.27204184595864994 -0.093323705247552124 -0.086803155920248343 0.10740341730499052 0.47580488629098971 -0.19794997922886978 -0.35515151368759867 0.43192963629409259 -0.5736832218321104 0.60592557701108141 0.39204375104993644 0.53810391326829743 -0.18649079318561737 0.29642179709136446 0.25089678123914549 0.20490975834352715 -0.26226126769046848 -0.31474583266641221 0.48013903515076251 -0.63047360047944156 -0.099402202819908095 -0.18440207322515242 0.22508591420943858 -0.29202117669807953 0.28668391652931013 -0.31326508373154199 0.6085681819885439 0.032087803272992328 -0.15239266791235145 0.32040121979187058 -0.33807677046219653 0.014292181220194043 -0.038351498487012567 -0.020403432583624821 0.12138095236128078 0.51029222041394484 -0.17198208751129554 0.54612376477875002 0.20365346159809561 -0.81927195431449962 -0.23762831403062884 0.581089656813502 0.1287662580659257 0.11130888770518495 -0.37895244312010679 -0.14180940820695143 0.022887478100069133 0.056793762142503902 0.21885287905936568 -0.17162071164345194 -0.3218760540921205 -0.051095786318993301 -0.49866752011398874 -0.21804807323384987 -0.013487144938038619 0.20932451477395311 0.33468017798438765 0.039183343310558824
leaf_weight=5088.75 6537 4408.75 9780.25 8521.25 4627.25 4511.75 5387 3861.75 3817.25 8572.5 9330 6110.25 191.5 372.25 4808.75 2140.5 2104.75 2381.5 1795 5931.5 526.25 1368.5 1693.25 757.75 3729.75 2572.25 2042.25 1176.25 502.5 8624.75 3790.5 9128 5229.25 3829 1587.5 4659 3709.25 4285.25 9228.5 1316.25 1127.5 2279.5 1688.5 336.25 3660.75 2057.5 2542.5 677.5 168.25 4935 2584.75 2000 5679.5 1942 6823 5454.75 7460 3851.25 613 312 4266.5 2221.25
leaf_count=7548 8961 5578 13798 12221 5663 5933 7682 5058 3929 11007 12903 8001 211 433 5714 2178 2638 2902 2446 7529 785 1712 1934 1288 4923 3281 2658 1354 882 12797 4314 12941 7651 4390 4343 5649 5435 6854 14030 1548 2818 2494 2035 505 7677 2230 2985 679 184 6597 6025 2972 7466 2128 10714 7140 11750 5169 613 312 5153 2333
internal_value=-9.72705e-05 -0.131935 -0.198846 0.260238 0.173618 0.152929 -0.108866 0.107755 0.233368 -0.148838 -0.353447 0.419405 -0.0873968 -0.0264946 0.347055 0.326248 0.0350452 0.229411 -0.00444104 0.17713 -0.40969 -0.275501 0.291631 -0.219611 -0.175004 -0.303098 0.0214998 -0.0634152 -0.02618 -0.370189 0.513771 -0.0120419 -0.144007 0.234687 -0.43301 0.072394 -0.10043 -0.0751521 0.0797143 0.372788 -0.119182 0.441735 0.0791593 -0.496935 -0.322076 0.469638 0.221285 0.17481 0.013105 -0.179443 -0.0363577 0.141891 0.173777 -0.208217 -0.280278 -0.100695 -0.48316 -0.159719 0.184454 0.426235 0.376156 0.0850241
internal_weight=232717 154484 125100 78232.2 50664.5 29384 79078.8 35394.5 20288 60521.5 46021.8 27567.8 32399 9096 15609.5 15270 22155.5 13239 13142.5 16470.8 26727.5 19294.2 13129.5 28122.5 16210.8 4917.5 18557.2 8411.75 7235.5 18405 11958.2 14515 19256.5 10373.5 2345.25 7299.75 5842.75 6390 15765.5 3697.75 11293.2 7088.25 6097.25 8322.5 12990.8 8167.75 7169.75 2640.75 845.75 6303.5 3712.25 4042.25 9541.25 2133.5 11911.8 10684 7986.25 7581 6544.5 684.25 5959.75 2723.75
internal_count=321081 218737 183416 102344 67370 35321 114892 49457 24074 88639 68524 34974 42530 11247 20429 17913 32483 16974 16732 20145 39635 28889 15735 46109 27847 8912 26253 10502 9148 26595 14545 20623 25798 12532 5631 8958 7774 9492 22991 4450 18935 8208 7613 13040 20580 10231 8648 3309 863 8309 8843 5630 12524 2339 18262 14791 12535 10092 8142 745 7087 3215
cat_boundaries=0 1 2
cat_threshold=4 4
is_linear=0
shrinkage=0.04


Tree=7
num_leaves=63
num_cat=0
split_feature=4 21 11 11 4 21 21 1 21 1 4 4 21 4 1 20 4 21 4 4 50 21 43 21 21 21 4 2 14 4 4 21 23 17 11 21 7 14 11 9 9 4 11 4 16 4 1 48 19 6 50 44 15 14 21 1 1 21 43 44 23 8
split_gain=4.2993e+06 1.72538e+06 823814 570616 511551 340805 276164 245226 225759 146857 105401 96483.9 76736 76080.1 71424.6 73095.1 71292.6 68392.9 61837.6 61932.6 57969 52422.5 47946.2 47676.7 46577.1 43209.8 42988.9 39652.4 40030.7 41989.6 39245.8 35005.5 33068 32598.7 32405.8 31693.2 30409.3 30290.8 33593.9 27200.3 26501.3 26009.5 24583 23221.1 23125.7 22550.2 22202.6 22135.6 21133 21079.2 19785.5 19671.7 18428 18219.4 17729.3 17691.9 17636.8 17316.2 16965.2 16896.4 16055.7 16019.1
threshold=2.6149998903274541 70.623699188232436 0.14311316609382632 0.10534475743770601 3.0749999284744267 77.250598907470717 74.533176422119155 2.7549999952316289 79.325862884521499 3.0049999952316289 2.1149998903274541 0.35500000417232519 82.205451965332045 2.8149999380111699 2.1450001001358037 79.000000000000014 2.185000061988831 72.026847839355483 1.5149999856948855 2.3549998998641972 972.25000000000011 88.393150329589858 0.059439036995172508 63.086299896240241 62.269115447998054 79.325862884521499 2.1350001096725468 -0.28499999642372126 87.689998626708999 1.575000047683716 3.3850001096725468 70.319358825683608 1.0496999621391299 4.5000000000000009 0.28582468628883367 69.445976257324233 6.5000000000000009 94.430000305175795 0.051106549799442298 3.5000000000000004 1.0000000180025095e-35 2.3649998903274541 0.31928828358650213 3.435000061988831 1.5000000000000002 2.3549998998641972 2.3249999284744267 0.1424164101481438 9.5000000000000018 90.250000000000014 41.375000000000007 2.5334342718124394 2.5000000000000004 78.759998321533217 82.205451965332045 2.745000004768372 3.2350000143051152 88.393150329589858 0.05499385483562947 2.5334342718124394 1.0711925029754641 72.500000000000014
decision_type=2 10 10 10 2 10 10 10 10 10 2 2 10 2 8 2 2 10 2 2 2 10 10 8 8 10 2 8 10 2 2 10 10 10 10 8 2 10 8 2 2 2 10 2 2 2 8 10 10 2 2 10 2 10 10 10 10 10 10 10 10 2
left_child=1 2 7 5 6 9 13 14 16 18 24 40 32 31 41 20 22 30 37 -20 -16 34 -5 -17 -4 -8 -11 -25 36 47 55 49 -7 44 60 61 -29 38 -3 -26 56 -1 -41 54 52 -31 -12 -30 -39 -2 -40 -37 -24 -22 -19 -6 -9 -27 -21 -33 -10 -15
right_child=4 3 10 8 17 12 25 11 21 26 46 -13 -14 35 15 23 -18 43 19 58 53 -23 33 27 39 57 -28 28 29 45 -32 59 -34 -35 -36 51 -38 48 50 42 -42 -43 -44 -45 -46 -47 -48 -49 -50 -51 -52 -53 -54 -55 -56 -57 -58 -59 -60 -61 -62 -63
leaf_value=-0.25596128314215283 -0.024254151338589373 0.1756891043475016 -0.51333950220467728 -0.30277372274521996 0.22801364202214291 0.17714708123455677 0.30674726075356623 0.20221876494242186 0.13055292387479284 0.45166998938295189 -0.2941215053653618 -0.073986815973946948 0.46240675261985631 0.069313709469437754 -0.52713038226319819 -0.22645331740980965 -0.04190476864078934 0.46427039559624211 -0.090168786620098459 -0.0098340802273108839 -0.1348249096082372 0.50571486910441177 -0.047992999250997224 -0.18959410988722572 -0.27322461207270354 0.43821931854495466 0.071207681653473562 -0.20187026122433893 0.017853074333799665 -0.20141144623552532 0.51100246409098948 0.18132499815253372 0.33172550884302754 -0.0040205658833087736 -0.12440383510356905 0.28225828131309977 -0.075067844291083749 0.38361881806934706 -0.19257708422975672 -0.36293720006594821 0.01872789875292992 -0.11938739922745736 -0.45830320373763522 0.64709247611010168 -0.31301192745321232 -0.046025121283986559 -0.16886192592813817 0.25589802835073311 0.15499475328792447 0.089805678029532598 0.032149840338215489 0.11700536794661179 -0.19538392020388373 0.46680184090481358 0.64623716620403782 0.36430305771056637 0.39524045863447299 0.69639803430037517 0.095764801100122615 0.004323305624343258 0.41707139367436596 0.18917997290170013
leaf_weight=11595.75 4892.75 2236.5 4998.25 5091 2004 5018.75 7154.75 2141.5 2566.5 1874.5 6693.5 3117.75 3683.75 2891.5 1220.5 5163.25 6223.5 6498.25 8043.75 3828.75 355 605 1936 5857 3385.75 3970.5 637.5 5049 6293.5 2262.5 2571.5 5577.25 3976 1922 779.25 7204.25 7559 797.25 838.75 12357 834.25 2769.5 6734.75 1880 1815.75 4399.25 3438 692 3435.25 5510.25 2462 1377 4552 102 1004.25 6556.25 1179 470.5 6679 1021 355.25 4670.25
leaf_count=15306 7823 2625 7267 6120 3216 6290 8615 2518 2970 2095 9098 4860 3785 4318 1780 7387 7863 7414 10368 4644 355 626 2812 8074 5617 4326 858 9639 10045 4229 3209 7147 4105 3044 918 10553 13640 1110 901 18012 979 3821 11390 1979 2232 6863 6759 1358 4261 7956 3119 1377 5641 102 1020 8564 1398 472 8563 1021 371 6291
internal_value=0.000169109 -0.107102 -0.214975 0.0456278 0.275608 0.134051 0.199756 -0.123692 -0.103231 0.0622576 -0.36203 0.0941761 0.308611 0.140959 -0.153411 -0.125285 -0.156086 0.441 0.0362464 -0.00664795 -0.383449 0.161121 -0.202468 -0.113646 -0.402707 0.367761 0.355252 -0.0954953 -0.0744907 -0.0270102 0.373788 0.0818903 0.245536 -0.15248 0.104546 0.20315 -0.125872 0.117683 0.0560704 -0.378062 0.220343 -0.229652 -0.396623 0.520645 -0.186832 -0.0988441 -0.251659 0.041502 0.198222 0.0361658 -0.0250349 0.255775 -0.151432 0.00088649 0.488794 0.332459 0.270953 0.465875 0.057292 0.153947 0.165654 0.143376
internal_weight=232810 167556 98198 69358 65254.2 43511.8 44740 60590.8 25846.2 30833.2 37607.2 7272.5 12678.5 33144.2 53318.2 38953 21540.2 20514.2 28321.2 18551.5 1677.5 4306 15316.8 37275.5 27475.8 11595.8 2512 32112.2 26255.2 13647.2 11131.8 17001.2 8994.75 10225.8 3701 16143 12608 9769.75 5537.25 22477.5 4154.75 14365.2 19091.8 9382.5 8303.75 6661.75 10131.5 6985.5 4232.5 10403 3300.75 8581.25 6488 457 7502.5 8560.25 3320.5 4441 10507.8 6598.25 2921.75 7561.75
internal_count=321119 235818 150497 85321 85301 52724 59899 92354 32597 38544 58143 9755 14180 46486 82599 63472 27712 25402 35591 23575 2237 4885 19849 61235 42286 13413 2953 53848 45774 22495 14989 23947 10395 13729 4259 22539 23279 12016 6645 35019 4895 19127 29402 10413 10685 11092 15857 11403 5371 15779 4020 11930 8453 457 8434 11780 3916 4798 13207 8168 3341 10609
is_linear=0
shrinkage=0.04


Tree=8
num_leaves=63
num_cat=4
split_feature=0 21 11 0 21 21 21 11 21 11 21 11 0 20 56 11 0 2 21 2 45 0 21 49 10 0 0 56 11 0 23 21 0 16 11 21 0 0 25 2 43 43 21 21 49 21 2 45 2 17 10 56 42 42 43 0 19 43 47 2 11 52
split_gain=4.28971e+06 1.52374e+06 907471 634264 310662 206983 167169 154911 142738 131829 121939 67712.9 65641 73475 63182.5 59138 57430.3 54718 54034.6 53035 48609.6 48384.1 40563.4 38716 47352.6 36731.7 34538.7 34412.7 33621.3 30238.3 28631.2 28245 27436.2 26141.8 25451.3 24239 24164.8 23506.6 22844.4 22164.7 21679.2 19532.3 20050.6 19209.6 18039.7 18020.4 17887.7 17509 17153.3 17039.5 19557.9 16932.8 16506 16371.2 16170 15664.4 15652.6 15298 15234.6 15121.9 14965.8 14834.8
threshold=2.6350001096725468 75.729537963867202 0.12165151908993722 3.1049998998641972 74.533176422119155 70.549018859863295 82.205451965332045 0.037408165633678443 68.252796173095717 0.13287874311208728 69.88785552978517 0.25845077633857733 2.245000004768372 79.000000000000014 0 0.036599317565560348 1.8350000381469729 0.34499999880790716 82.205451965332045 0.53499999642372142 1093.2500000000002 3.3750000000000004 63.086299896240241 2.5456092357635502 40.250000000000007 2.8950001001358037 2.2350000143051152 1 0.038984065875411041 3.5049999952316289 1.0496999621391299 68.744674682617202 0.86500000953674328 1.5000000000000002 0.033085215836763389 78.926559448242202 2.1149998903274541 2.3950001001358037 103.87500000000001 -0.064999999478459344 0.052107032388448722 0.052107032388448722 70.319358825683608 77.739685058593764 2.7262496948242192 68.182941436767592 0.31499999761581426 32190.250000000004 -0.074999999254941926 4.5000000000000009 9.7500000000000018 2 77.138763427734389 76.95593643188478 0.058638731017708785 2.7649999856948857 9.5000000000000018 0.059439036995172508 72.828079223632827 0.054999999701976783 0.066767986863851561 3
decision_type=10 10 10 10 10 10 10 10 10 10 10 10 8 2 1 10 10 8 10 10 2 10 8 10 2 10 10 1 10 10 10 10 8 2 10 10 10 8 2 8 10 10 10 10 10 10 8 2 10 10 2 1 10 10 10 10 10 10 10 8 10 9
left_child=1 2 5 4 7 12 9 17 11 30 15 36 27 20 34 29 40 25 28 21 -14 43 -15 -8 37 45 -16 60 -6 46 35 -9 48 57 38 -3 -4 -25 58 51 -10 -18 -43 59 53 -2 -5 -40 -13 50 -42 -24 -32 55 -36 -19 -28 -11 -7 -12 -1 -22
right_child=3 6 8 10 18 14 23 31 16 33 19 32 13 22 26 -17 41 44 -20 -21 61 -23 39 24 -26 -27 56 -29 -30 -31 52 -33 -34 -35 54 -37 -38 -39 47 -41 49 42 -44 -45 -46 -47 -48 -49 -50 -51 -52 -53 -54 -55 -56 -57 -58 -59 -60 -61 -62 -63
leaf_value=-0.087516969046771337 0.066121243845240041 0.061070629100772676 -0.34527625019352082 0.33044453161464626 0.31964741311547451 0.13748281167555149 0.49141583079565948 -0.10494300137954662 -0.39834193012332847 -0.10765286816149523 0.45204338696676899 -0.4968451218773362 -0.53096549713641183 -0.20422600262375196 -0.13386411940055287 0.038364826583779342 -0.27636095574759612 -0.032539090838560443 0.49474131737842642 0.29815526459709879 0.19485386010262762 0.55868180030227743 0.068655227344177283 0.19626956902989995 -0.41137529278227264 0.24442537038119322 0.14965368993229841 -0.25638140557819616 0.15423057440008126 0.453159355455034 0.2307014496338412 0.024346798689205477 -0.40156098062696399 -0.26941855892935218 -0.1206212595279062 0.21457352465470242 -0.23669337240889662 0.43309563027094344 0.017368285341707507 -0.095229792021257753 -0.17686021504162536 -0.21781770974607118 -0.10143690827576028 0.51033171555377643 0.39356076174445548 0.16998169260245355 0.21205968352704876 0.24111273721767898 -0.75417361889251822 -0.13833626434991669 -0.3214848689426803 -0.059222136775974175 0.48921812759892092 -0.19554282231571585 0.04909528372092907 0.092675855762221565 -0.02295675062516667 0.041917511630333609 0.32314790485698219 0.33169881930521039 -0.20251759877558548 -0.24186071504668186
leaf_weight=4023 4216.5 3761.25 10923.5 4349.75 7996 2251 2350 5257.75 2663.75 1795.75 2799 2874.75 1036.25 4377.5 5332 1497.75 2451.75 2128.5 2254 3566.5 219 6001 2604.5 1399 152 7810 957.75 8949 2615 1868.75 5338.25 5561.5 9471 761.5 1343 2928 4718.5 1297.25 3399 19048.75 1918 4065.5 5688.75 2442.25 248.75 7319 3885.25 668 494.25 1369.75 6947.25 4545 427 414 2702 6406.75 6767 2793.5 1033.5 4264.5 3299.25 283
leaf_count=5631 5670 5238 16754 5798 9661 3616 2551 8272 3104 2089 3336 4674 1568 6251 7183 2385 2838 3549 2311 3997 219 6682 3152 1405 152 10174 1299 14085 3128 2531 5639 7192 15522 847 1625 3594 7483 1301 3399 32077 2485 6104 7731 2650 314 9437 6469 668 735 2266 9570 6930 427 414 3062 9835 8837 3857 1122 5130 4533 283
internal_value=0.000220766 -0.127801 -0.182287 0.230974 0.146173 -0.0903629 0.171633 0.0903922 -0.307227 0.113345 0.375339 -0.36853 -0.138297 -0.105122 0.00448665 0.272991 -0.237653 0.139244 0.316804 0.437557 -0.374707 0.469576 -0.0915354 0.371163 0.271668 0.17743 -0.0555792 -0.203752 0.278919 0.307756 0.184677 -0.0384902 -0.436658 -0.0526932 0.0733014 0.128307 -0.312557 0.310454 0.117632 -0.0726914 -0.296519 -0.175406 -0.149979 0.413217 0.0589069 0.132037 0.274657 0.0542205 -0.535024 -0.269945 -0.290243 -0.0126302 0.250013 0.0495182 -0.00728291 0.0614488 -0.00152148 -0.0166283 0.196068 0.379502 -0.139376 -0.0513087
internal_weight=232331 149429 126425 82902.5 52227.8 72838.5 23003.5 39362.8 53586.8 17805.2 30674.8 28482 48385.2 32114 24453.2 11601.5 25104.8 28543.5 12865 19073.2 1538.25 15506.8 30575.8 5198.25 2848.25 19345.5 13056.8 16271.2 10611 10103.8 12454.5 10819.2 12840 5350.75 11396.5 6689.25 15642 2696.25 7351.5 26198.2 12898.8 12206 9754.25 9505.75 9198 11535.5 8235 4067 3369 10235 8865.25 7149.5 5765.25 8949.25 4045 8535.25 7724.75 4589.25 3284.5 7063.5 7322.25 502
internal_count=320841 211906 184806 108935 69957 105540 27100 54857 79266 21691 38978 45168 74729 50480 30811 17183 34098 39393 15100 21795 2070 17798 48410 5409 2858 25281 17319 24249 12789 14798 14898 15464 20931 6793 13492 8832 24237 2706 8805 42159 17425 16673 13835 11116 14112 15107 12267 4067 5409 14321 12055 10082 6066 13798 4687 13384 10136 5946 4738 8466 10164 502
cat_boundaries=0 1 2 3 4
cat_threshold=4 4 4 16
is_linear=0
shrinkage=0.04


Tree=9
num_leaves=63
num_cat=3
split_feature=0 21 11 4 11 4 21 4 21 21 1 1 0 21 14 0 21 0 21 0 0 21 21 21 11 1 56 0 21 0 14 44 21 0 4 0 39 4 21 50 20 4 44 42 22 50 44 11 47 43 4 0 21 22 11 21 4 48 20 53 21 56
split_gain=3.95796e+06 1.56529e+06 986903 398510 213376 210897 202228 195407 137168 123481 87182.8 82871.8 82606.4 79654.8 57913.4 65206.8 55179.8 47261.5 45302.1 44614.4 44130.8 41620.9 41028.7 40857.4 35463.7 34327.7 34002.9 31075.8 28650.6 26357.6 26144.8 27875 25991.7 25762.7 25345.6 24261 24180.8 24072.6 21611.2 21191.2 44639.5 20812.3 19877.1 19760.7 18678.4 18215.2 18206.2 17973.3 17472.4 17274.6 16512.5 16329 16280.9 16100 15795.4 15545.2 15382.8 15366.4 15231.6 14607.1 14247.2 15469.2
threshold=2.7549999952316289 74.626205444335952 0.098060119897127165 3.0749999284744267 0.1282736882567406 2.5649999380111699 70.549018859863295 2.1550000905990605 82.205451965332045 69.821186065673842 2.6049998998641972 2.6450001001358037 1.3049999475479128 86.135070800781264 86.854999542236342 2.4850000143051152 70.751132965087905 2.3249999284744267 68.308303833007827 2.0249999761581425 2.4050000905990605 68.111885070800795 76.617176055908217 79.617172241210952 0.37640480697155004 0.81499999761581432 0 3.2549999952316289 79.325862884521499 3.2549999952316289 94.704998016357436 2.4539991617202763 77.739685058593764 3.3850001096725468 1.3149999976158144 3.3850001096725468 1.2808693051338198 2.804999947547913 70.499790191650405 316.50000000000006 110.00000000000001 2.4150000810623173 2.0562483072280888 70.881454467773452 0.1857978627085686 17.625000000000004 2.5522066354751591 0.076166305691003813 68.079967498779311 0.059439036995172508 1.9049999713897707 0.75499999523162853 68.111885070800795 0.072171278297901167 0.038984065875411041 58.605054855346687 2.2849999666213994 0.13775408267974856 159.00000000000003 1 88.393150329589858 2
decision_type=10 10 10 2 10 2 10 2 10 10 8 10 8 10 10 8 10 8 10 10 8 8 10 10 10 8 1 10 10 10 10 10 10 10 2 10 10 2 10 2 2 2 10 10 10 2 10 10 10 10 2 8 10 10 10 10 2 10 2 9 10 1
left_child=1 2 5 6 8 9 10 12 17 14 47 22 25 24 19 -16 33 41 -14 39 43 -9 -8 29 28 -4 52 54 48 -13 45 -32 46 -5 -20 -18 44 -28 -27 40 -1 -3 55 -11 -17 -22 -19 -2 -6 -36 -29 -26 -7 -51 -12 -41 -23 -38 -42 -50 61 -10
right_child=3 4 7 16 13 26 11 21 60 20 27 23 18 -15 15 36 35 32 34 -21 30 56 -24 -25 51 38 37 50 -30 -31 31 -33 -34 -35 49 -37 57 -39 -40 42 58 -43 -44 -45 -46 -47 -48 -49 59 53 -52 -53 -54 -55 -56 -57 -58 -59 -60 -61 -62 -63
leaf_value=-0.55998052037015544 0.029794243316412637 0.032118980002683192 -0.54476798135835791 0.28299210485569332 0.10773772663439087 -0.077562497114416221 0.13291036776413731 -0.24101367253437864 0.26006472862016095 -0.025580009259873786 0.15424063071711183 0.27979111487561065 -0.33547267374830442 0.39730853923600179 -0.17696461511666464 -0.050655096297784835 0.42415733765977154 0.17952343563964088 -0.094637010328305585 -0.13369551370165197 -0.19061612362479152 -0.16215971766361445 0.30195339706779534 0.49577574727585089 -0.55810545128093925 -0.40473788998709936 0.067936926078079302 0.4008244242008312 0.096461271384068598 0.42862740928492954 0.2377237783099502 0.018828355912203002 0.27434140658455519 0.42882167819314809 -0.32925302738753759 0.54610051737888243 0.011315126950364931 0.20769810662936827 -0.26684894813626098 -0.28385461490812586 -0.16788320002350182 0.20708034657616442 -0.24089419298412473 -0.1356931447823293 -0.27156059643713365 0.0094245647039925638 -0.047168160036324694 -0.1157171399787711 0.026746575386798935 -0.17343702592814877 0.19514440134770605 -0.17929884314357197 0.043518987125008693 -0.28759200514949601 0.027655122955732969 0.079290854268323024 -0.062567721898953932 0.20934579087148783 -0.3281722151577624 -0.14444166081751011 0.5594545235990579 0.44277824610918659
leaf_weight=974.75 4663 4455 2405 5502.75 741 2916.75 6819.5 7444.25 1133.75 4937.5 11052 9569.5 15686.5 696 8696.5 5313.25 7059.25 5830.25 1781.25 8603 823.25 5357.25 3467.75 2246.25 238.25 9677.25 6423 1157.75 2402.75 2388.25 1679.5 2086 5788.25 3015.5 3634.5 4216 2964 2845.75 2260.75 266 1719.5 1437.75 3229.5 5527.25 690.5 6198.5 627 1914 1059.75 4489 1370.5 768 4539.5 3554.5 1841 634.75 4629.25 793.25 2137 3227 927 2208.5
leaf_count=1721 5959 5631 3341 7827 1023 4512 8201 10259 1187 6928 16962 11692 24886 759 13060 8893 8071 7529 2355 13676 857 8415 3911 2397 275 14799 8646 1535 2771 2743 2443 2086 6608 4028 4524 4591 4092 3661 2848 266 3347 1728 4623 6599 794 8207 627 2523 1317 6322 2332 1026 6515 5173 3542 688 7024 1481 4021 4094 942 2261
internal_value=1.54485e-05 -0.104074 -0.16338 0.261414 0.149611 -0.0652188 0.197402 -0.282611 0.216027 -0.101709 0.109359 0.276466 -0.327968 -0.0133528 -0.14682 -0.0973257 0.411726 0.167979 -0.289247 -0.198813 -0.0252399 -0.169422 0.189942 0.339096 -0.0473178 -0.406598 0.0597376 0.161358 -0.0171063 0.309585 0.03153 0.116537 0.212767 0.334706 -0.23533 0.469843 -0.0263494 0.110884 -0.378675 -0.261281 -0.318202 0.0748643 -0.194575 -0.0837549 -0.0761451 -0.0140752 0.157503 -0.0125727 -0.0713983 -0.25677 0.289576 -0.269926 -0.00385292 -0.223943 0.136173 -0.0283319 -0.116016 0.0532156 -0.25683 -0.102401 0.419989 0.380994
internal_weight=232742 166459 134918 66283 31540.2 73999 46489.5 60919.5 22407.5 57274 21998.2 24491.2 43488.8 9132.75 36022 18457.5 19793.5 18138.2 29145.8 17564.5 21252 17430.8 10287.2 14204 8436.75 14343 16725 15421.2 7430.5 11957.8 10787.2 3765.5 12245.5 8518.25 13459.2 11275.2 9761 9268.75 11938 8961.5 4831.25 5892.75 4130.25 10464.8 6003.75 7021.75 6457.25 6577 5027.75 11678 2528.25 1006.25 7456.25 8043.5 12893 900.75 9986.5 3757.25 3856.5 4286.75 4269.25 3342.25
internal_count=321154 234840 197062 86314 37778 107116 61797 89946 26513 83782 32853 28944 64248 11265 56662 28320 24517 22123 43260 28342 27120 25698 12112 16832 10506 20988 23334 24371 9205 14435 13593 4529 14764 11855 18374 12662 15260 12307 17647 14666 9089 7359 5577 13527 9687 9064 8156 8482 6434 16019 3867 1301 11027 11495 20504 954 15439 5573 7368 5411 4390 3448
cat_boundaries=0 1 2 3
cat_threshold=8 44 8
is_linear=0
shrinkage=0.04


Tree=10
num_leaves=63
num_cat=5
split_feature=4 21 11 4 1 21 21 11 4 21 4 11 4 4 11 1 21 1 21 21 21 4 21 54 11 49 4 11 50 4 11 42 11 1 21 42 54 21 42 50 40 4 16 5 49 42 42 4 56 6 24 1 21 21 21 42 24 5 52 4 42 56
split_gain=3.37862e+06 1.3952e+06 922120 378711 287445 248906 221986 209273 129020 124626 114531 67930.2 65394.6 61383.3 50124.6 45572 44108.1 41142.6 36359.6 34824.9 34235.6 33486.6 32909.1 32569.2 32245.1 31008.1 28550.9 28474.8 27636.2 26672.5 25483.5 25224.8 23882.1 23454.6 23409.2 22663.9 22560 22374.5 21534.8 20442.5 22008.8 20268.1 20196.9 19828.5 19635.1 20398.5 19475.3 19141.4 18916.3 18692 17427.2 17245 16927.1 16921.8 16810.3 15569.7 15073.5 14992.3 14567.3 14380.8 14183 14156.7
threshold=2.6350001096725468 73.465930938720717 0.12297273799777032 3.1049998998641972 2.7549999952316289 80.24106597900392 74.533176422119155 0.098060119897127165 2.1550000905990605 68.252796173095717 0.35500000417232519 0.312537431716919 1.3650000095367434 2.8950001001358037 0.26593752205371862 2.2250000238418584 72.385150909423842 2.8349999189376835 67.886199951171889 82.205451965332045 86.135070800781264 2.185000061988831 70.36801910400392 0 0.0081634009256958979 2.7262496948242192 2.3950001001358037 0.052738554775714881 671.50000000000011 3.3850001096725468 0.50084745883941661 77.138763427734389 0.077005438506603255 3.2350000143051152 67.120429992675795 73.292812347412124 1 68.670127868652358 72.626979827880874 1043.5000000000002 0.20873124152421954 1.2549999952316286 1.5000000000000002 32.500000000000007 2.7311431169509892 73.778861999511733 74.088081359863295 2.3449999094009404 2 90.250000000000014 0.016853686422109607 2.745000004768372 76.094738006591811 74.03781890869142 69.821186065673842 71.176170349121108 0.065656211227178587 35.500000000000007 3 3.435000061988831 73.672908782958999 4
decision_type=2 10 10 2 10 8 10 10 2 8 2 10 2 2 10 8 10 10 8 10 10 2 10 9 10 10 2 10 2 2 10 10 10 10 8 10 9 8 8 2 10 2 2 2 10 10 10 2 1 2 10 10 10 10 10 10 10 2 9 2 10 1
left_child=1 2 4 6 9 7 13 12 11 23 24 18 17 22 20 55 29 31 -4 46 32 35 49 27 33 36 60 28 -1 51 -13 53 -7 -6 -10 52 38 -15 48 40 -30 -20 -16 -41 45 -24 -8 -29 50 -2 -17 -5 -9 -3 -50 -11 -34 -36 -43 -18 -14 -12
right_child=3 5 8 16 10 14 19 21 34 15 61 30 26 37 42 25 59 -19 41 -21 -22 -23 44 -25 -26 -27 -28 47 39 -31 -32 -33 56 -35 57 -37 -38 -39 -40 43 -42 58 -44 -45 -46 -47 -48 -49 54 -51 -52 -53 -54 -55 -56 -57 -58 -59 -60 -61 -62 -63
leaf_value=-0.19495414396695926 0.001009622577611567 0.0061984579106477743 -0.33180789741506078 0.1991411557055961 0.21794322318214973 0.33778898592462031 0.33728575676260375 -0.15117979410045135 -0.24874461847458967 -0.077476801413296215 0.094547279645301657 -0.36999609701039099 0.034234918967497044 0.13539479367996995 0.074613536843945269 0.1418894492322014 0.44557061693043554 0.41332773756940783 -0.10635383830170732 0.48458739807413082 0.48189735409738449 0.0228847208855214 0.16677439770436495 -0.33206980161195099 0.045807993112499341 0.22760754697040406 0.13533424234917113 -0.24070378853304999 -0.092320349840197019 0.45748090907118188 -0.51279915871978354 0.39758807476323987 0.14965123180271575 0.40068386105670267 -0.17722286842735055 -0.2556809632451712 -0.2284652437232195 0.2469253711001663 -0.082187492475262761 -0.17155795917584449 0.16318567831768943 -0.28949815484445335 -0.50222177368522491 -0.057513508939298935 0.38140720883978313 -0.014290499634103938 0.20305413852159482 -0.11452159463397397 -0.022895538581305011 0.098623332412043893 -0.080219467247683141 0.34317190723053631 -0.018890683487182695 0.18534780141409177 0.072941391315388793 -0.1734629075054521 0.46839594980648591 -0.065894528174752789 -0.19423404366361646 0.57689377897114624 -0.15679030130172042 -0.064444069563773715
leaf_weight=5488.75 6043.5 1030.75 13543.25 1719.25 3056 4399.25 7202.75 3271.25 4675 6077.5 1205.5 10189.75 4482.5 4618.5 739.75 628.25 6174.5 1521 1636.25 2118.75 1703.25 3657 6267 1699 1103.25 763 6091.5 7039.25 1177.5 2709.25 2510 764 2265.5 1787.25 5356 1643 880.25 7678.75 7194.25 4603.5 992 7564.25 109.75 5193.25 570 1183 2292 2655 5374.5 6528.75 5486.5 6040.5 2937 4650 6430 4878.5 264 3035.75 3920.5 1743.25 720 3472.5
leaf_count=9289 9684 1213 19130 2737 3536 4748 8936 4472 6262 8065 1489 15868 6020 6423 847 1997 6893 1734 2312 2163 1797 4503 8061 2383 1275 940 7497 9644 1848 3367 4232 764 2555 2064 7996 1643 1361 10504 15973 6537 1079 11399 115 6442 678 1183 2292 3633 6912 9423 7561 7869 4056 5865 8401 5948 264 5408 5950 1825 720 5484
internal_value=0.000105594 -0.0926237 -0.156505 0.250563 -0.0685692 0.113091 0.187455 0.0578635 -0.285951 -0.0994094 0.124622 -0.322107 0.138498 0.134355 0.292257 -0.0515339 0.403271 0.226251 -0.285791 0.337787 0.321103 -0.0770823 0.0921103 -0.161988 0.241076 -0.023393 0.0765743 -0.151142 -0.120642 0.349226 -0.398297 0.181984 0.281447 0.285517 -0.176997 -0.123641 -0.0307779 0.205067 -0.0237304 -0.086529 0.0245483 -0.23825 -0.0009051 -0.111128 0.155415 0.138026 0.304933 -0.206177 -0.000267256 0.0517085 -0.057359 0.311321 -0.088624 0.152857 0.0293104 -0.120242 0.183265 -0.136976 -0.257018 0.474623 0.00774635 -0.0234481
internal_weight=232756 169866 129616 62889.8 77185.5 40249.5 44503 30768 52430.8 66561 10624.5 39364 19259.8 32889.5 9481.5 37712.8 18386.8 7965.75 26664.2 11613.5 8632 11508.2 20592.2 28848.2 5946.5 26756.8 11294 27149.2 17455 10469 12699.8 6444.75 6928.75 4843.25 13066.8 7851.25 25993.8 12297.2 25113.5 11966.2 2169.5 13121 849.5 9796.75 8020 7450 9494.75 9694.25 17919.2 12572.2 6114.75 7759.75 6208.25 5680.75 11804.5 10956 2529.5 8391.75 11484.8 7917.75 5202.5 4678
internal_count=321269 239231 190418 82038 111861 48813 59347 38487 78557 98013 13848 58891 23813 45956 10326 57158 22691 9576 38791 13391 9364 14674 29029 40855 6875 43145 14237 38472 25195 13973 20100 7842 7567 5600 19666 10171 42205 16927 40844 15906 2927 19661 962 12979 9922 9244 11228 13277 24871 19107 9558 10606 8528 7078 15313 14013 2819 13404 17349 8718 6740 6973
cat_boundaries=0 1 2 3 4 5
cat_threshold=8 12 8 16 4
is_linear=0
shrinkage=0.04


Tree=11
num_leaves=63
num_cat=3
split_feature=0 21 0 9 21 4 1 21 1 21 21 22 0 20 56 4 21 1 0 49 52 1 0 14 21 1 45 21 4 49 10 0 21 5 21 4 23 25 1 48 0 16 42 21 1 42 21 56 44 21 4 12 14 1 44 47 22 14 21 21 42 19
split_gain=3.40247e+06 1.14961e+06 630609 563152 276839 194466 159710 156498 131372 125965 89642.7 87434.9 85401.1 72303.4 55019.2 52663.9 46089.8 40665.1 40179.4 37161.4 37019.8 36250.3 35813 52226.2 35739 32905.8 32252.2 31829.3 29508.7 29072.4 44781.4 28938 28050 25764.7 24688.4 24668.2 24281.4 23775.5 23717.9 23549.6 22577.6 22092.1 21960.8 21272 21217.1 19432.2 19290.7 18905.7 18706.8 17729.4 17535.6 17402.8 20816.5 17273.5 17063.5 16600.2 16501.2 16559.3 16481.2 16039.2 15847.7 15478.4
threshold=2.5649999380111699 75.729537963867202 3.0049999952316289 2.5000000000000004 74.533176422119155 2.1550000905990605 3.1049998998641972 70.118667602539077 2.5349999666213994 82.205451965332045 75.729537963867202 0.084876112639904036 2.1049998998641972 79.000000000000014 0 2.5149999856948857 79.325862884521499 2.745000004768372 3.5049999952316289 1.4375321269035342 1 2.1049998998641972 2.3149999380111699 86.174999237060561 70.623699188232436 2.5649999380111699 1093.2500000000002 68.182941436767592 2.2350000143051152 2.5456092357635502 18.250000000000004 1.7749999761581423 70.36801910400392 3.5000000000000004 60.34489822387696 1.6050000190734866 1.0013249516487124 101.12500000000001 2.3549998998641972 0.12405720725655557 1.8350000381469729 1.5000000000000002 73.542205810546889 66.469604492187514 2.5149999856948857 78.052867889404311 66.469604492187514 2 2.5444197654724126 69.821186065673842 2.8850001096725468 5.5000000000000009 95.450000762939467 2.2949999570846562 2.5334342718124394 77.345287322998061 0.1330504193902016 94.220001220703139 68.670127868652358 82.205451965332045 72.626979827880874 59.500000000000007
decision_type=10 10 10 2 10 2 10 10 10 10 10 8 8 2 1 2 10 8 10 8 9 8 8 10 10 8 2 10 2 10 2 10 10 2 8 2 10 2 8 10 10 2 10 10 8 10 8 1 10 10 2 8 10 8 10 10 10 8 10 10 10 10
left_child=1 3 4 7 8 11 10 13 21 12 17 20 28 26 36 22 44 49 32 -13 40 -2 48 43 53 54 -1 -10 41 -11 -31 47 -8 -28 -25 39 -9 -27 -14 56 -5 -3 50 -24 -6 58 -23 -21 -15 -4 -29 52 -39 -7 -16 -32 -36 -58 -19 -12 -54 -48
right_child=2 9 6 5 16 24 18 14 27 29 59 19 38 15 25 -17 -18 45 -20 31 -22 46 23 34 -26 37 33 42 -30 30 55 -33 -34 -35 35 -37 -38 51 -40 -41 -42 -43 -44 -45 -46 -47 61 -49 -50 -51 -52 -53 60 -55 -56 -57 57 -59 -60 -61 -62 -63
leaf_value=-0.46571740456916633 -0.11115978462178078 -0.034598155813973762 0.044557468641210629 -0.32578215307146585 0.11179025549666455 -0.22907550008298416 0.30121513330317656 0.24874325846827827 0.052525076712289065 0.42878413967871298 0.35016205148877744 -0.58648339931849858 0.071430839807227087 -0.17881302976642524 0.0078431040569082074 -0.0078245872315597601 0.36279294960688113 0.19665780293878929 0.52969520051721153 -0.43265999294236407 -0.15619695005702014 -0.083425628037809785 -0.25357995019263446 -0.26453943401884833 -0.077409986807765244 0.19750577076548745 0.026337038147033722 0.14417263757556606 0.13392984846005973 0.30609287257212386 -0.58990760525790131 -0.28382136931937663 0.42621419001288424 -0.49560103573537861 0.039554980295616139 -0.13858867565065708 -0.087330327821259712 -0.10500316784020129 0.2023339531969372 0.18896063188658943 -0.21696766156481617 -0.26620543764445759 0.023311104741009538 -0.11432159361202454 0.25018403393301736 -0.029740181339649192 0.11032039479969431 -0.33937875939132356 -0.38328371872785982 0.1853273247762354 0.25383763781854102 0.20810415695916881 0.22402466777711877 -0.13849766652429144 -0.25960978996652428 -0.0026468191006805294 -0.25195872055830382 -0.015369495533637598 0.29374024064140986 0.51212146870692576 -0.071965533481396851 0.003277900534335014
leaf_weight=1434.5 5724 3972 2863 7033 2641.5 7980.25 4806.5 357.5 7726.25 2249 3847.75 1073.25 3193.25 11389.75 5183.75 5832.5 4681.75 4762.5 3563 6114.5 5829 2842.75 3465.75 710 6565.25 3237.75 489 8636.25 1432 2244.25 97 7953.75 7247 217 3324.75 2090.75 8007.25 1448 7248.25 1088 5427.25 788.25 1784 3566.25 5419.25 399 3025.75 8235.25 764 2864.75 3204 823.25 801.75 5854 410 347 763.75 1240.5 6859.75 1331.25 451 7554.75
leaf_count=2111 7281 5145 3619 9442 3225 10819 6494 1430 10565 2447 4414 1356 4079 18913 6506 8663 5116 8952 4019 9734 7698 3895 6924 857 8555 4767 489 11841 1708 2251 97 12330 8396 217 6006 3293 9634 1454 8467 1865 7192 879 1784 5310 6668 399 4822 12319 764 3350 4269 839 813 10345 410 350 991 1647 8407 1344 451 12552
internal_value=9.78937e-05 -0.123472 0.189566 -0.172113 0.10035 -0.255515 0.312787 -0.0814473 0.0491794 0.14522 0.245548 -0.30506 0.0925359 -0.131425 0.00629748 -0.117309 0.262943 0.202782 0.411461 -0.356331 -0.239494 -0.0268953 -0.139789 -0.100922 -0.154301 0.0599252 -0.356877 0.1174 -0.0251534 0.322604 0.233518 -0.345204 0.376428 -0.135024 -0.0382732 -0.0193318 -0.0729099 0.119285 0.162323 0.0195536 -0.278429 -0.0730474 0.154177 -0.183009 0.204872 0.244578 0.00904771 -0.379182 -0.191728 0.115005 0.173887 0.047344 -0.00177418 -0.190773 -0.0118445 -0.133033 -0.0150899 -0.105691 0.254 0.391977 0.117515 0.0339051
internal_weight=232518 140733 91784.8 119162 53240.2 62065.5 38544.5 57096.8 40497.8 21571 22928 41666 16633.8 36376.5 20720.2 34236 12742.5 17749 15616.5 23376.8 18289.2 19147.2 28403.5 16249.8 20399.5 12355.5 2140.5 21350.5 6192.25 4937.25 2688.25 22303.5 12053.5 706 9217.75 8507.75 8364.75 6761.75 10441.5 6417 12460.2 4760.25 13624.2 7032 8060.75 12021.2 13423.2 14349.8 12153.8 5727.75 11840.2 3524 2700.75 13834.2 5593.75 444 5329 2004.25 11622.2 5179 1252.75 10580.5
internal_count=320979 199567 121412 174144 72018 89790 49394 84354 57009 25423 30485 60071 20278 58050 26304 55233 15009 24727 18909 35739 24332 28550 46570 26893 29719 15240 2817 28459 7732 5145 2698 34383 14890 706 14659 13802 11064 8324 12546 10509 16634 6024 17894 12234 9893 17758 21269 22053 19677 6969 16110 3557 2718 21164 6916 447 8644 2638 17359 5758 1264 17374
cat_boundaries=0 1 2 3
cat_threshold=8 16 8
is_linear=0
shrinkage=0.04


Tree=12
num_leaves=63
num_cat=4
split_feature=0 21 11 0 21 21 1 21 1 11 21 4 21 1 0 11 54 11 0 16 21 11 56 11 20 23 0 4 21 21 52 25 21 4 45 4 49 47 21 1 1 42 23 21 0 0 24 16 42 11 56 1 22 21 21 15 40 4 21 42 4 42
split_gain=3.13859e+06 1.12796e+06 672012 466336 213484 160550 147539 128393 105276 96500.2 96196.3 88989.7 80467.7 64832.7 57281.7 48626.7 42672.7 42195.9 38068.4 36598.8 33862.4 33034.4 32249.2 29769.5 29323.9 28057.1 26312.2 24766.1 24001.8 23412.4 23221.7 23202.1 23063.9 22880.5 25769.2 21601.1 19947.1 20681.2 19706.1 19593.7 18992.6 18573.4 18404.7 18331.5 18035.1 18010.6 17165.3 17013.1 16120 15647.2 15410.1 14783.6 14780.2 14661.8 14444.6 14325.8 14279.3 13903.8 13761.9 13203.3 13133.1 13111.1
threshold=2.6350001096725468 75.729537963867202 0.14311316609382632 3.0049999952316289 75.003524780273452 70.549018859863295 3.0849999189376835 82.205451965332045 2.5349999666213994 0.13936910033226016 69.220321655273452 2.4150000810623173 75.729537963867202 2.5049999952316289 2.2549999952316289 0.25845077633857733 0 0.030631792731583122 3.4750000238418584 1.5000000000000002 82.205451965332045 0.26593752205371862 1 0.14311316609382632 110.00000000000001 1.0496999621391299 0.92500001192092907 2.6450001001358037 63.460294723510749 68.252796173095717 2 150.62500000000003 69.260829925537124 1.8849999904632571 598.62500000000011 2.3950001001358037 2.5456092357635502 74.461875915527358 69.72491836547853 2.6450001001358037 0.70499998331069957 73.542205810546889 1.0013249516487124 78.926559448242202 3.2549999952316289 2.1149998903274541 0.17640001326799395 1.5000000000000002 73.292812347412124 0.033085215836763389 3 1.9950000047683718 0.1330504193902016 77.739685058593764 82.205451965332045 2.5000000000000004 0.38395105302333837 2.7649999856948857 88.393150329589858 71.013305664062514 2.5449999570846562 73.292812347412124
decision_type=10 10 10 10 10 10 10 10 10 10 10 2 10 8 8 10 9 10 10 2 10 10 1 10 2 10 8 2 8 10 9 2 10 2 2 2 10 10 8 10 8 10 10 10 10 8 10 2 10 8 1 10 10 10 10 2 8 2 10 10 2 10
left_child=1 2 5 4 8 11 12 9 23 25 15 14 17 35 50 45 28 44 32 30 39 36 42 38 -18 43 40 -13 56 -10 -12 -24 -8 34 46 59 -9 -38 -2 -6 -17 57 -15 48 -5 -4 52 55 -3 61 -1 -52 -30 -27 -14 -11 -16 -31 -23 -7 -19 -33
right_child=3 7 10 6 20 13 18 21 29 47 19 27 54 22 16 26 24 60 -20 -21 -22 58 31 -25 -26 53 -28 -29 33 41 -32 49 -34 -35 -36 -37 37 -39 -40 -41 -42 -43 -44 -45 -46 -47 -48 -49 -50 -51 51 -53 -54 -55 -56 -57 -58 -59 -60 -61 -62 -63
leaf_value=-0.2557861121880507 -0.0421891693796419 0.095358141027633125 -0.29617503634425757 0.18661409183566538 0.17621822364543732 -0.047726058828923501 0.2696382483096143 0.44283551498620666 0.065431074195838546 0.057234921666882585 -0.20961624768988935 -0.074311486701961554 0.33226752216027322 0.29108053326609273 -0.1979842661682529 -0.63141902843525544 -0.5075517217361003 -0.0096121741668106376 0.49002085965159253 -0.30712090362136246 0.42318988576839794 -0.12589084086156077 0.17563634764700645 -0.15296099609808939 -0.17897055062736861 0.15894032374021907 -0.33638070551704291 0.041326335220401321 -0.087474805678918396 0.13285839089570048 -0.10074452587076861 0.23511687421552696 0.391317454973032 -0.1398445154291221 0.021717498257969647 0.018948663394812833 -0.17750010617797737 0.30624458577393987 0.054852246839465615 0.30026366980086872 -0.41333050007312272 0.027826315541761116 -0.033453826290161234 0.17487503060755052 0.28067718467161779 -0.20051797044505673 0.12115680560260515 -0.23057760552269194 -0.084247914623877179 -0.022227512166038993 -0.23688442351757694 -0.13718971030348923 -0.25469404177319749 0.28545620590393134 0.48712748933382771 -0.088254119571914466 0.18601935645417414 0.22459278797979332 0.32679724254608156 -0.13999245482948439 0.14821023216999513 -0.096952916257022848
leaf_weight=7169.5 6626.75 2721.5 10888 8651 4283.5 4719.75 3670.5 2201.5 6776.5 2013.75 8249.25 9166.75 3785 293.75 3937.75 797.25 674.5 1791.75 4520.75 3936 1897 348.25 4157.25 2165.5 1226.25 3078.5 10624 4376.75 3640.75 5508.75 5066 846 7923.5 5612.75 5357.75 3522.75 149 2393 6763.25 3909 3415.5 1528 5117 2972.5 5262 4460.75 493.25 720.25 1130 2372 4073 5758 1101.5 2816.5 1312 2338 159.75 5107.75 153 5238.75 1591.75 244
leaf_count=11686 9179 4250 16435 11951 5146 6081 4950 2365 9178 2859 11181 14137 4322 1175 5440 1152 937 2502 5105 4929 1942 379 5817 3256 1998 3272 17263 6407 8599 7380 6863 846 9455 9119 6938 4329 149 2402 10517 4728 5496 1528 6257 3673 7344 6998 644 805 1130 2372 6464 7204 1658 2932 1321 2779 207 6895 159 6309 2308 244
internal_value=-4.72427e-05 -0.109444 -0.156257 0.197126 0.109023 -0.0849848 0.299077 0.148019 0.0616547 0.0967239 -0.275333 -0.125344 0.23262 -0.00468119 -0.155879 -0.318405 -0.113554 0.191417 0.391387 -0.199941 0.270839 0.321914 0.0589399 -0.0154341 -0.294439 0.155546 -0.370086 -0.0369405 -0.0963999 0.125027 -0.168216 0.111959 0.352849 -0.0745615 -0.0399512 -0.066173 0.354534 0.277769 0.00682644 0.235466 -0.454885 0.158264 -0.0157323 0.100279 0.222225 -0.268405 -0.103046 -0.050784 0.0426447 0.0354343 -0.21114 -0.178534 -0.126408 0.219464 0.372306 -0.0209326 -0.182928 0.177028 0.01302 -0.0962827 0.0646759 0.160733
internal_weight=232806 149732 126696 83074.2 44566 79259.5 38508.2 23035.8 34476.5 17791 47436.8 52748.2 22393.5 26511.2 39204.8 30185.5 22204.2 17296.5 16114.8 17251.2 10089.5 5244.75 13030 15555.5 1900.75 12719 14836.8 13543.5 20303.5 18921 13315.2 7619.25 11594 16206 10593.2 13481.2 4743.5 2542 13390 8192.5 4212.75 12144.5 5410.75 6824 13913 15348.8 5235.5 5072 3851.5 3462 17000.5 9831 4742.25 5895 5097 4351.75 4097.5 10616.5 501.25 9958.5 3383.5 1090
internal_count=321346 212339 185185 109007 59749 114868 49258 27154 47933 21700 70317 81438 29748 33430 60894 47344 35540 24105 19510 22973 11816 5454 16711 22952 2935 15257 23911 20544 32605 24981 18044 9279 14405 26958 17839 16719 4916 2551 19696 9874 6648 15803 7432 9053 19295 23433 10901 6443 5380 3462 25354 13668 10257 6204 5643 5638 5647 14275 538 12390 4810 1090
cat_boundaries=0 1 2 3 4
cat_threshold=8 8 16 8
is_linear=0
shrinkage=0.04


Tree=13
num_leaves=63
num_cat=3
split_feature=0 21 11 4 4 11 21 11 21 21 11 21 21 0 0 0 21 11 4 4 21 0 0 4 16 54 0 21 21 20 21 21 47 10 43 19 4 42 4 4 21 47 21 23 21 25 4 4 56 9 24 47 0 53 24 20 43 8 15 11 7 47
split_gain=2.90323e+06 1.13422e+06 719660 292791 163406 163150 155681 126248 106423 97943.4 61565.9 61205.8 55364.4 49514.7 49192.7 44518.4 43340.5 37482.9 36480.1 32868.1 30914.5 30411.1 29565 29472.9 28126.8 26285.4 27493.3 24446.8 22100.4 21263.7 20519.5 20297.8 19409.1 19289.9 18556.9 18132.5 17050.4 16943.4 16888.7 16595.9 15950.5 15670.5 15609.4 19394.5 15278.6 15244 14416 17000.7 14268.4 14210.7 13988.8 13981.4 13806.3 13709.4 17394.5 13522.6 13407 13367.4 13258.7 13072.8 12652.3 12611.4
threshold=2.7549999952316289 74.533176422119155 0.10838299617171289 3.0749999284744267 2.5649999380111699 0.1282736882567406 70.549018859863295 0.23540768027305606 78.926559448242202 68.252796173095717 0.038984065875411041 86.135070800781264 79.617172241210952 2.1149998903274541 2.3850001096725468 1.1250000000000002 76.617176055908217 0.036599317565560348 3.3149999380111699 1.6050000190734866 83.14151763916017 2.3249999284744267 3.1550000905990605 2.7649999856948857 1.5000000000000002 0 2.185000061988831 69.88785552978517 68.308303833007827 79.000000000000014 78.926559448242202 68.111885070800795 55.505079269409187 14.250000000000002 0.059439036995172508 11.500000000000002 2.8149999380111699 76.324802398681655 2.3950001001358037 2.1350001096725468 71.500827789306655 73.992649078369155 63.086299896240241 1.2374786734580996 68.182941436767592 79.625000000000014 2.2849999666213994 1.3650000095367434 1 10.500000000000002 0.066635422408580794 74.551521301269545 3.2849999666213994 2 0.04104887135326863 110.00000000000001 0.052107032388448722 15.500000000000002 2.5000000000000004 0.47814142704010015 23.500000000000004 78.917053222656264
decision_type=10 10 10 2 2 10 10 10 10 10 10 10 10 8 8 8 10 10 2 2 10 8 10 2 2 9 8 10 8 2 10 8 8 2 8 8 2 10 2 2 10 10 8 10 8 2 2 2 1 2 10 10 10 9 10 2 10 2 2 10 2 10
left_child=1 2 4 6 9 8 10 13 21 25 22 24 17 28 35 32 18 19 60 52 53 -3 37 44 30 26 -1 -17 -4 -16 58 -15 49 -34 -30 -11 -21 -2 -19 -24 -31 -22 -28 -44 -6 -32 47 -37 -25 -9 -42 -43 -8 -10 -55 -27 -29 -20 -7 -35 -5 -52
right_child=3 5 7 16 23 11 12 15 20 14 -12 -13 -14 31 29 27 -18 38 57 36 41 -23 39 48 -26 55 42 56 34 40 45 -33 33 59 -36 46 -38 -39 -40 -41 50 51 43 -45 -46 -47 -48 -49 -50 -51 61 -53 -54 54 -56 -57 -58 -59 -60 -61 -62 -63
leaf_value=-0.20384205366170555 0.10438680305114423 0.024740898695863156 -0.27468051066226024 0.22881526125344792 -0.048265999862345997 0.016557959326223674 0.29560272147994671 -0.52547146985097259 0.52703731875387116 0.008875233936198202 -0.027744485307971609 0.34553534361626581 0.37364192094796644 -0.19075871285788132 -0.37677469320495294 -0.30613459876926014 0.46728588593248477 0.018191788005218024 0.18345696483763807 0.15509133209251588 0.48052729357787649 0.15220209471046298 0.31747030302301055 0.18662554596310205 -0.22707870894537638 -0.45095396264715953 -0.17569001444907431 -0.3286692215123363 -0.28451108827081373 -0.025696849049188536 0.26160371615753142 -0.085887559158293061 -0.24577767621854527 -0.37484527174747051 -0.15702013294743952 -0.052915197621098184 0.25081421531527953 -0.25723109676148653 0.1734935478931279 0.15637163541600815 -0.007753088759772056 -0.12709359424891681 -0.10666642827666431 0.044390089688518632 0.049262835396399814 0.023804048341674572 -0.066578112407757239 -0.18822941851250011 0.060442569505984513 -1.0930504066360682 0.082086117246160203 0.33247177248164383 0.46852789579975934 0.17143274516669721 0.31318364292491696 -0.21177333618212618 -0.16662071127247793 0.41981269008201416 -0.12153612856071939 -0.52613564405518953 0.3196083037205627 0.34274330624557164
leaf_weight=7097.25 12313 4519.5 9923.75 4809.25 4124.5 1814.75 2347.5 603.75 244.75 2234.25 5227.25 691.25 4060 5086.75 232.75 12982.75 4188.5 1842.25 417.5 5135.75 1510.25 8883 1692.25 2907.25 1172.25 629.25 4508.5 1039 2455 10188.75 528 7052.25 1544.75 4579.25 7189.25 2051.75 7135.5 209 2859.75 2605.75 3339.75 113 12269.25 1528.25 6811.75 2319.75 5726.25 5402.5 2833.25 80.75 3520 1485.5 1093.5 3980.75 2133.5 962.75 3862.5 5305.5 2870.25 1162.5 5093.75 322.75
leaf_count=10986 18325 5697 14018 6289 5794 2642 2727 834 331 3084 8102 752 4366 6994 253 20719 4472 2209 518 6293 1628 10983 2194 3733 1356 897 6253 1219 2983 13620 918 10740 2432 6755 11159 2483 8607 209 3432 4084 4575 113 23217 1595 9631 2436 7644 7357 4160 95 3790 1493 1284 4649 2246 1631 5385 6540 3525 1902 6716 325
internal_value=0.000341251 -0.0888043 -0.139983 0.224114 -0.0597459 0.124132 0.169257 -0.246877 0.181781 -0.0905242 0.092149 -0.0161907 0.238706 -0.19336 -0.0443151 -0.312487 0.35288 0.211835 0.322157 0.241489 0.284435 0.109231 0.129408 0.0510118 -0.0449885 -0.147036 -0.136949 -0.277372 -0.232736 0.00137284 -0.0165977 -0.129858 -0.391181 -0.371835 -0.189527 -0.0964858 0.210785 0.0983104 0.112681 0.219921 0.00648273 0.387885 -0.111069 -0.0899304 0.012478 0.0680498 -0.114345 -0.15101 0.124391 -0.595429 0.0521267 0.299861 0.350798 0.233754 0.220622 -0.304851 -0.201093 0.402642 -0.068059 -0.40565 0.275572 0.104148
internal_weight=232856 166520 134253 66336 76690.8 32266.5 46521.5 57562.2 22870.2 60014 22047.2 9396.25 24474.2 31707 33018.8 25855.2 19814.5 20414.2 15626 15712.2 9467.75 13402.5 16820 16676.8 8705 26995.2 25403.2 17884.2 19568 17604 7532.75 12139 7971 7286.5 9644.25 15414.8 12271.2 12522 4702 4298 17371.2 3108.75 18306 13797.5 10936.2 2847.75 13180.5 7454.25 5740.5 684.5 7182.5 1598.5 3441 6359 6114.25 1592 4901.5 5723 4685 5741.75 9903 3842.75
internal_count=321399 235032 196263 86367 111028 38769 61832 85235 27140 87710 32914 11629 28918 45894 43131 39341 24535 24552 20063 18911 10460 16680 24812 23318 10877 44579 42051 27323 28160 22563 9521 17734 12018 11089 14142 20568 14900 18534 5641 6278 22310 3234 31065 24812 15425 3354 17484 9840 7893 929 8690 1606 4011 7226 6895 2528 6604 7058 6167 8657 13005 4115
cat_boundaries=0 1 2 3
cat_threshold=8 4 32
is_linear=0
shrinkage=0.04


Tree=14
num_leaves=63
num_cat=5
split_feature=0 21 11 4 21 21 21 1 21 11 4 4 1 21 21 0 1 4 0 54 56 11 16 21 11 47 4 56 20 25 50 44 9 21 4 21 56 11 1 17 11 4 45 0 4 32 50 42 42 21 20 9 21 21 49 0 31 56 15 1 4 1
split_gain=2.66232e+06 952806 584551 405817 188372 145159 110721 99261.8 82961.5 82773.5 81572 79148.5 59064.8 57725.9 51694.4 46766 43511 42543 38884.1 33049.7 31596.3 31438.7 31297 30224.6 29877.4 27869.1 23804 23618.3 23573 22464.2 21951.5 21685.5 21278.7 20823.3 19994.4 19902.7 19875.9 19074.8 18010.3 17689.1 16804.2 16794.4 25510.7 16659.4 16436 16397.4 16284.8 16257.9 16048 16210.8 15901.9 14638.2 14103.7 14030.2 13853.7 13790.5 13689.9 13188 13183.2 12721.1 12647.1 12523.6
threshold=2.6350001096725468 75.729537963867202 0.14311316609382632 2.9250000715255742 71.971065521240249 70.549018859863295 82.205451965332045 2.5949999094009404 69.220321655273452 0.13936910033226016 3.185000061988831 2.4150000810623173 2.5049999952316289 79.617172241210952 73.465930938720717 2.2549999952316289 2.8349999189376835 2.0849999189376835 3.1450001001358037 0 1 0.15367746353149417 1.5000000000000002 89.870384216308608 0.24247197061777118 55.505079269409187 3.5049999952316289 2 110.00000000000001 101.12500000000001 724.50000000000011 2.5334342718124394 3.5000000000000004 63.086299896240241 2.3850001096725468 74.533176422119155 3 0.50084745883941661 3.1149998903274541 4.5000000000000009 0.038984065875411041 1.8849999904632571 598.62500000000011 1.2050000429153445 2.0249999761581425 1.0055662989616396 1006.3750000000001 73.292812347412124 70.626251220703139 63.870082855224616 177.50000000000003 10.500000000000002 68.052261352539077 66.469604492187514 2.7138481140136723 2.2749999761581425 61.448537826538093 4 2.5000000000000004 0.92500001192092907 2.6550000905990605 2.685000061988831
decision_type=10 10 10 2 10 10 10 10 10 10 2 2 8 10 10 8 10 2 10 9 1 10 2 10 10 8 2 1 2 2 2 10 2 8 2 10 1 10 10 10 10 2 2 8 2 10 2 10 10 8 2 2 8 8 10 10 8 1 2 10 2 10
left_child=1 2 5 4 7 11 9 21 17 27 14 15 34 16 52 48 31 25 -9 33 45 53 30 24 57 51 35 -3 56 -22 54 40 -27 -17 -7 -12 -13 58 -20 -32 -6 42 -35 59 -18 -14 -33 50 49 -1 -31 -4 -5 -2 -10 -29 -21 -8 -11 -34 -38 -15
right_child=3 6 8 10 13 12 23 18 22 37 26 36 20 61 -16 19 44 -19 38 28 29 -23 -24 -25 -26 32 -28 55 -30 47 39 46 43 41 -36 -37 60 -39 -40 -41 -42 -43 -44 -45 -46 -47 -48 -49 -50 -51 -52 -53 -54 -55 -56 -57 -58 -59 -60 -61 -62 -63
leaf_value=-0.25471022252909581 -0.062967901340886506 0.19723666085502145 -0.46346166341071382 0.13020266707694811 0.19370992795493372 -0.09030773540202594 0.1947100585582674 0.089232510917822638 -0.102665881899282 0.041826937113361523 0.30951350476554396 -0.087866455987462275 0.27464459166652466 0.27693946884283394 0.33625395770292171 -0.17712277965770909 0.35857476234625923 -0.22156918133366776 0.16193522485631054 -0.12665713219112001 0.1861797712842547 -0.16201671192468126 -0.2840454357322344 0.55009524339383464 -0.029363249954158867 -0.21516502179984995 0.48433525614467959 0.023889482464072131 -0.16083761692585094 -0.062304707308045534 -0.22000245938404722 0.23792879122544913 -0.46004625641978936 -0.10598661618355049 0.018779713572147888 0.42704019870567705 -0.026790654448245188 -0.41744816449677513 0.34435722200132779 -0.08255284999145604 0.081904963231137953 -0.12744632294619945 0.016981106959780303 -0.30040502561767723 0.21145203346685124 -0.03195103553059233 -0.062720176530342023 -0.1029449503505163 -0.25001068073489469 -0.14119599966010921 0.1394030577883959 -0.95140258009830203 0.22230681936593222 0.027782910632939639 0.15355686173237656 0.14235627670800566 -0.55091094244942285 0.34750103117538605 -0.090334149201539579 -0.34085728776145574 0.081926580025593096 0.41554689811008089
leaf_weight=2617.5 3710 6351.75 1197 4042.5 5826.25 9739.25 1370.25 11853.75 3881.5 2165.75 7756.25 5879.5 293.25 2394 5860.75 3694.25 2003 8911.25 2028.5 159.75 3484 2107 3925.75 660 506 2981.25 2393.75 2905.5 1230.25 830.25 7066 361 2227 5243.25 3712 3314 5067.75 212.25 1518.75 1905.5 3416.75 5726.25 5560.25 10610.5 3126 5102 1398 888 5623.5 8776 2519.25 107.75 7846.25 10256.75 368 3427 529.5 2713.5 2725 4178 2583 1883.5
leaf_count=3912 4940 7152 1545 5598 7399 12143 1437 15936 5746 3026 10220 9505 1173 2619 6727 5036 2252 14090 2477 162 5095 3268 4927 660 557 5091 2702 3720 2002 831 8959 361 4108 11025 4585 3626 7413 267 1821 2663 4091 9267 7172 16561 3918 6236 1398 888 7113 14305 2568 128 10799 16964 536 4345 786 2811 3181 5807 3579 2008
internal_value=-0.000131288 -0.100938 -0.143988 0.181416 0.112846 -0.077549 0.135674 0.0514667 -0.25517 0.0880132 0.29538 -0.115987 -0.00131446 0.207493 0.239006 -0.144802 0.17281 -0.295062 0.124029 -0.106465 0.0590774 -0.0180652 -0.184854 0.29706 0.260448 -0.325783 0.36965 0.142738 -0.264822 0.110961 -0.155361 0.127914 -0.314029 -0.0912342 -0.0602051 0.344768 -0.0325761 -0.0480135 0.240191 -0.190835 0.152408 -0.0720745 -0.0427065 -0.331323 0.269026 -0.0151895 -0.000813229 0.0490576 -0.19467 -0.167315 0.0893955 -0.505158 0.191017 0.00367056 -0.0804137 0.0880269 -0.453243 0.296356 -0.031815 -0.382431 0.00992457 0.33814
internal_weight=232752 149655 126618 83096.8 51883.2 79258.8 23037 31474.8 47359.5 17787.2 31213.5 52690.8 26568 20408.5 17749.5 39160.5 16131 30212.8 15401 22143.5 13116.8 16073.8 17146.8 5249.75 4589.75 21301.5 13464 12684.2 1919.5 7721.5 13221 11002 19996.8 20224 13451.2 11070.2 13530.2 5103 3547.25 8971.5 9243 16529.8 10803.5 17015.5 5129 5395.25 1759 4237.5 17017 11393.5 3349.5 1304.75 11888.8 13966.8 4249.5 6332.5 689.25 4083.75 4890.75 6405 7650.75 4277.5
internal_count=321237 212113 184957 109124 69452 114796 27156 45406 70161 21691 39672 81277 33519 24046 23124 60780 19419 47330 20234 35450 16791 25172 22831 5465 4805 33240 16548 15217 2950 9382 17904 13249 31567 32500 16728 13846 20497 6474 4298 11622 11490 27464 18197 26476 6170 7409 1759 4287 25330 18217 3399 1673 16397 21904 6282 8065 948 4248 6207 9915 10992 4627
cat_boundaries=0 1 2 3 4 5
cat_threshold=8 8 4 8 8
is_linear=0
shrinkage=0.04


Tree=15
num_leaves=63
num_cat=4
split_feature=0 21 0 1 21 1 0 1 0 14 21 21 53 0 56 21 21 1 21 56 9 21 21 1 21 42 52 20 47 21 21 45 19 25 7 17 42 9 42 1 10 1 14 21 21 45 6 0 29 20 43 14 45 19 0 9 21 25 1 24 47 17
split_gain=2.49413e+06 971538 515669 256731 188011 137537 132024 111990 111017 90872.9 76591.6 75428.3 66428.7 60053.1 51311.5 48000.4 47798.3 44810.2 42156.9 37728.4 36024.4 32123.6 31585.2 30789.7 27294.3 26232.2 25935.2 23544.3 23509.7 26574.9 22423.2 22355.3 22107.3 22058.1 21266.1 21033.5 20851.1 20509.3 19646 19357.9 18733.8 18090.1 18036 17589 16761.5 16702.6 16508.4 16034.2 18582.6 19701.7 15802.5 15768 15708.4 15506.1 15366 15096.7 14775 14540.8 14388.1 14327.3 13940.4 13720.5
threshold=2.7549999952316289 73.388397216796889 2.1149998903274541 2.8149999380111699 78.408687591552749 2.5249999761581425 3.2549999952316289 2.054999947547913 2.2350000143051152 88.345001220703139 76.617176055908217 70.447662353515639 0 2.3249999284744267 1 66.469604492187514 62.764375686645515 2.1550000905990605 88.393150329589858 2 3.5000000000000004 69.501586914062514 68.182941436767592 2.7250000238418584 81.547885894775405 73.542205810546889 3 79.000000000000014 71.538753509521499 60.34489822387696 86.135070800781264 25987.250000000004 10.500000000000002 128.12500000000003 24.500000000000004 4.5000000000000009 73.778861999511733 3.5000000000000004 76.95593643188478 0.92500001192092907 11.250000000000002 3.4750000238418584 93.229999542236342 67.886199951171889 65.480831146240249 172.00000000000003 62.500000000000007 2.6950000524520878 16.750000000000004 177.50000000000003 0.059439036995172508 95.384998321533217 32190.250000000004 79.500000000000014 1.1549999713897707 1.5000000000000002 70.447662353515639 504.12500000000006 2.1350001096725468 0.011484527960419657 71.665985107421889 4.5000000000000009
decision_type=10 10 8 8 10 10 10 10 8 8 10 10 9 8 1 10 8 8 10 1 2 10 10 10 10 10 9 2 8 10 8 2 10 2 2 10 10 2 10 10 2 10 8 10 8 2 2 8 2 2 10 10 2 8 10 2 10 2 8 10 10 10
left_child=1 2 7 11 8 9 10 16 26 15 22 31 51 18 -9 46 -1 -14 33 52 -18 -8 38 56 40 42 36 -17 29 -19 57 55 -27 -6 53 39 58 -35 -5 54 -13 -23 45 -21 -30 -10 -4 -31 -49 -50 -41 -11 -7 -24 -22 -2 -16 -15 61 -45 -55 -3
right_child=3 4 5 6 13 19 21 14 25 12 -12 24 17 30 23 27 20 28 -20 43 35 41 34 -25 -26 32 -28 -29 44 47 -32 -33 -34 37 -36 -37 -38 -39 -40 50 -42 -43 -44 59 -46 -47 -48 48 49 -51 -52 -53 -54 60 -56 -57 -58 -59 -60 -61 -62 -63
leaf_value=-0.3846120321894903 0.027771696892315224 -0.21413627134620034 -0.25563370555877418 0.12463681289678145 0.1736369874026745 0.068747723956979104 0.27678109808250223 -0.22734258280104766 -0.15448505704751411 0.086061963141213879 0.34925337727242478 0.16581353704208435 -0.15659355083507309 0.26461473644718397 -0.14829155658479179 -0.35963409812210456 -0.18161842730242506 -0.20413615495567952 0.37847825739357072 -0.078170217469423695 -0.44737082349410673 0.36854377673227318 0.25450765308389894 0.10237899971944396 0.35412666673800675 0.2971426601686129 -0.0055391688990294287 -0.10143695598962411 -0.26756961884641928 -0.02696856098402323 0.46128664765453009 0.13110248436732219 -0.077610437614891906 0.10638462865635681 0.25969170529022412 -0.19349417448076839 -0.31561486350884016 -0.082716999300542868 -0.29057822083789397 -0.35976706821462062 0.0073118592438821926 0.49260207446844451 0.16877213219221154 0.21073243127876481 -0.061193239811931845 0.088588659711678133 -0.15684651225880414 -0.034290452476745566 0.31567220394843115 0.083706674898496522 -0.249804667013761 0.33727292825888178 0.22987699658145716 0.1946527484822641 -0.30503004847305426 -0.086144182208189979 -0.031794286354793366 0.042233932021404449 -0.030920164207837084 0.0025382440730756755 0.063471869512540399 0.0039105427351321439
leaf_weight=5478.75 5481.25 2103.5 6507.75 7526.75 2200.5 5928.25 5161 8649 483.75 849.5 5308.25 9763.5 5902.25 6872.75 7024.25 581.75 7719.25 798.25 826.25 5035.25 2189.75 7594.25 2184 1120.25 1113.5 285 4321 18041.5 692.5 3508.25 898.25 2254 2056 1865.75 7882.5 3511.5 866 1802 185 2694.5 1359.5 2535 5450 569.75 6781.75 6599.75 4659.5 1412.75 771.5 2425.75 9569.25 756.5 1156 2527.25 2786 2816 2318 506 2352 7053.5 2665 591.25
leaf_count=8079 7534 2696 11973 13457 3318 7447 7834 13590 495 1697 5954 11445 7616 7742 8792 719 12538 964 848 7571 3941 8762 3183 1334 1154 285 5653 25312 799 5732 932 2254 2056 1868 10101 5556 866 1802 185 3326 1655 2820 6980 2024 10492 8741 8081 2249 1040 2974 12888 1382 1156 3554 5177 3848 2801 506 3042 9092 2665 793
internal_value=-0.000741079 -0.0833542 -0.137731 0.206635 0.0882588 -0.0690757 0.263535 -0.232739 0.0213558 -0.102271 0.212306 0.0978313 -0.0441641 0.200441 -0.155259 -0.148879 -0.276345 -0.0620796 0.111311 0.0211974 -0.255484 0.358242 0.180631 -0.0956378 0.1654 0.091117 -0.0800377 -0.109541 -0.0280679 0.0157915 0.272485 0.019453 -0.0317688 0.0735767 0.213982 -0.282941 -0.134459 0.0134806 0.114602 -0.301135 0.146446 0.399683 0.114072 -0.0201692 -0.0803818 0.0719485 -0.214451 0.0374625 0.0864872 0.139845 -0.27402 0.203406 0.0950992 0.165076 -0.367828 -0.0109006 -0.1194 0.249382 -0.103259 0.0181506 0.127374 -0.166325
internal_weight=232929 166572 126493 66356.8 40079.8 73432.2 43569 53060.5 25108.2 53689.5 28278.8 22787.8 23899 14971.5 19111.5 29790.5 33949 22293 6694.5 19742.8 28470.2 15290.2 22970.5 10462.5 12236.5 14874.5 10233.8 18623.2 16390.8 8916.5 8277 10551.2 2341 5868.25 15258.8 20751 5912.75 3667.75 7711.75 17239.5 11123 10129.2 12533.5 12658.5 7474.25 7083.5 11167.2 8118.25 4610 3197.25 12263.8 1606 7084.25 7376.25 4975.75 8297.25 9342.25 7378.75 5046.75 7623.25 5192.25 2694.75
internal_count=321370 234965 186342 86405 48623 108320 58515 78022 31607 81030 39099 27890 34945 17016 26517 46085 51505 31866 7836 27290 43426 19416 33145 12927 14254 18557 13050 26031 24250 12959 9180 13636 2341 6988 19503 30888 7397 3670 13642 25332 13100 11582 16216 18687 11291 9236 20054 11995 6263 4014 16214 3079 8603 9402 9118 11382 11593 8248 6531 11116 6219 3489
cat_boundaries=0 1 2 3 4
cat_threshold=12 8 4 16
is_linear=0
shrinkage=0.04


Tree=16
num_leaves=63
num_cat=2
split_feature=0 21 11 1 11 4 0 4 21 21 21 21 0 21 0 21 14 6 14 21 0 21 21 56 21 11 19 0 21 45 1 1 48 4 43 7 4 1 15 50 1 43 4 0 49 21 21 0 42 43 47 56 49 50 21 4 11 24 44 44 4 19
split_gain=2.29905e+06 891092 565539 235597 133402 129070 123512 114070 88323 79827.8 70722.4 65866.4 54057.1 47747.4 39381.3 35990.1 34989.1 35293.4 33574.7 31399.2 28575.3 27015 26997.5 26398.3 25725.1 25353.1 25017.4 24343 24339 23254.9 22961.7 21130.6 20035.6 19877.3 19075.5 18952.6 18431.4 18422.6 18198.2 17470.3 16890.4 15809.7 15589 15215.1 15063.8 14864.5 14778.8 14748.6 14644.5 13815.6 13959.5 13730.8 13624.7 15380.4 14457.9 13590.4 13346.6 12914.2 12872.5 12691.7 13652.9 12552.2
threshold=2.7549999952316289 74.533176422119155 0.098060119897127165 2.8149999380111699 0.1282736882567406 2.5649999380111699 3.2250000238418584 2.1550000905990605 78.926559448242202 68.252796173095717 70.447662353515639 76.617176055908217 1.2050000429153445 86.135070800781264 2.3850001096725468 69.220321655273452 77.479999542236342 12.500000000000002 93.83499908447267 70.549018859863295 2.4650000333786015 68.182941436767592 79.617172241210952 0 83.14151763916017 0.37640480697155004 23.000000000000004 2.2949999570846562 68.111885070800795 25987.250000000004 1.0549999475479128 2.4750000238418584 0.12467529624700548 2.554999947547913 0.052107032388448722 24.500000000000004 1.0000000180025095e-35 3.4750000238418584 2.5000000000000004 671.50000000000011 1.9450000524520876 0.059439036995172508 2.7649999856948857 1.185000002384186 2.5456092357635502 68.111885070800795 70.499790191650405 1.0000000180025095e-35 76.95593643188478 0.1020784191787243 69.931762695312514 1 2.421028852462769 746.00000000000011 79.325862884521499 1.1349999904632571 0.50084745883941661 0.051987174898386009 1.3184209465980532 2.5140902996063237 2.6750000715255742 79.500000000000014
decision_type=10 10 10 8 10 2 10 2 10 10 10 10 8 10 8 10 10 2 10 10 8 10 10 1 10 10 10 8 8 2 8 10 10 2 10 2 2 10 2 2 10 10 2 8 10 10 10 8 10 10 10 1 10 2 10 2 10 10 10 10 2 8
left_child=1 2 5 10 8 9 11 12 27 16 29 21 30 25 40 -8 17 39 31 36 51 48 33 46 -10 38 -20 59 -9 42 58 49 -22 55 -21 61 -14 -17 -6 -1 -11 -42 -2 -15 -26 -25 -7 -27 -5 -16 -51 -18 54 -54 -40 -12 -32 -29 -4 60 -3 -23
right_child=3 4 7 6 13 23 15 28 24 14 22 -13 19 43 18 37 20 -19 26 34 32 35 -24 45 44 47 -28 57 -30 -31 56 -33 -34 -35 -36 -37 -38 -39 52 -41 41 -43 -44 -45 -46 -47 -48 -49 -50 50 -52 -53 53 -55 -56 -57 -58 -59 -60 -61 -62 -63
leaf_value=-0.37361973584913144 -0.043260145355753857 0.031630461105078389 -0.86294641704510056 0.11359107592541343 0.053608221051268806 0.065191550972092338 0.25221361142198062 -0.18262729208562489 0.20975360759188633 -0.15881262282475894 0.17161006192440997 0.33140480351977664 -0.14913931810109821 -0.10256800963051467 -0.10684331148226139 0.3481409384194476 -0.20807774510340862 -0.13565917594491195 0.25451736335008268 -0.25385169111584971 -0.087841126751005125 0.23557766613215905 0.30354390476853932 -0.058797761251992153 0.44480763315137839 -0.68602273145992387 0.042621129320047968 0.095392712612065667 -0.086765383009383495 0.13297068969403289 -0.27045373668420075 0.066421576510570762 0.045257328348506452 0.18277539412548369 -0.10989921058944088 0.24560073044445052 -0.25704948009871953 0.46667195596416333 -0.048087180593135 -0.11031034480398005 -0.11978995398563411 -0.019818198433713845 0.084460314275158904 0.39100650324416192 0.26659753824808019 0.044466217640099323 0.18684873391180215 -0.17930825563971439 -0.2724325727424266 -0.061067913294384962 0.11429061806042899 -0.10873043969963141 0.037290740447508214 -0.18552411086562093 0.22337430954081633 0.021134314287373314 -0.41279309460200148 0.19317310856301692 -0.40078164090794394 -0.13288652798804371 0.41631270472170079 0.11643446479210726
leaf_weight=2123.75 6236.25 3331.25 99.5 6994 3253.25 4682 5571.5 7433.5 6364.25 3659.25 1429 4871.25 2896.75 120.5 5259.75 9165 4143.5 4107.5 1076.25 2029.75 7640.5 2025 1803 3628.75 1449.25 100.75 5155.25 5691.5 9872 2253 8093.25 2452.25 2369.5 6044.5 5382.25 7228.25 20723.5 2753.25 1353.75 500.25 4170.5 6436.5 2023.5 562.75 1624 5780.5 2426.5 909 159 2150.5 1094.25 4828.75 663 1954.5 406.5 2922.25 1221 3491.5 2909 746 152.5 4720.5
leaf_count=4880 8436 4376 110 12445 4358 6617 8663 10240 7229 5043 1579 5481 4093 131 6543 10641 6683 6305 1428 2290 13006 2970 1935 5521 1567 118 6188 7580 15215 2253 11688 3293 3736 7150 7369 9305 32308 3072 1794 522 5165 8856 2895 613 1630 8248 2731 1203 159 3160 1317 7489 732 2094 495 3556 2145 3760 4046 746 193 5676
internal_value=0.000198908 -0.0790712 -0.124353 0.199595 0.110004 -0.0498883 0.254127 -0.214803 0.162029 -0.0783441 0.0951642 0.198808 -0.24946 -0.0174994 -0.0356034 0.336326 -0.13062 -0.208975 0.00517293 -0.221282 -0.102814 0.168205 0.160683 0.0485948 0.255774 -0.0429789 0.0792892 0.0960389 -0.127959 0.0191213 -0.320374 -0.0369857 -0.0563314 0.135851 -0.149379 0.200572 -0.24383 0.375597 -0.0180271 -0.323547 -0.084726 -0.0591414 -0.0119569 0.303901 0.350873 0.00463678 0.106761 -0.231131 0.104936 -0.0668125 -0.00189408 -0.154647 -0.0712637 -0.129098 0.0147801 0.0706102 -0.289198 0.132605 -0.416633 0.0166251 0.0487013 0.152262
internal_weight=232720 166521 134346 66199.2 32174.2 73686 43487.8 60660.5 22850.2 57168.2 22711.5 25998 43355 9324 31454.5 17489.8 25713.8 6731.5 17188.2 31032.2 18982.2 21126.8 12198.8 16517.8 9437.5 8640.75 6231.5 13412.8 17305.5 10512.8 12322.8 10956.8 10010 10395.8 7412 13973.8 23620.2 11918.2 7631 2624 14266.2 10607 8259.75 683.25 3073.25 9409.25 7108.5 1009.75 7153 8504.5 3244.75 8972.25 4377.75 2617.5 1760.25 4351.25 9314.25 9183 3008.5 4229.75 3483.75 6745.5
internal_count=321070 234854 196235 86216 38619 106731 58412 89504 27081 83614 27804 36036 64049 11538 40993 22376 42621 11707 21929 46060 30914 30555 14220 23117 10426 10794 7616 16655 25455 13584 17989 14313 16742 12285 9659 17951 36401 13713 9473 5402 19064 14021 11331 744 3197 13769 9348 1321 12604 11020 4477 14172 5115 2826 2289 5135 13833 11340 4156 5315 4569 8646
cat_boundaries=0 1 2
cat_threshold=4 8
is_linear=0
shrinkage=0.04


Tree=17
num_leaves=63
num_cat=2
split_feature=0 21 11 0 21 1 1 21 11 21 21 21 1 11 4 21 11 1 56 50 14 23 14 4 21 21 38 43 0 4 48 21 45 0 31 1 29 42 0 11 1 1 30 42 56 21 42 49 42 21 21 23 4 22 14 20 21 4 4 42 49 42
split_gain=2.09728e+06 698962 413622 411899 182582 104860 98452.1 96071.1 85534.3 70078.9 63985.5 58150.9 57822.2 43283.9 37505.7 35527.8 33320.2 31142.2 30501.9 34294.1 38078.6 27223.4 26257.6 44243.2 25670.3 24998.4 24553.3 24058.4 23640.9 22799.3 22055.5 20752.7 19687.3 19401.7 17990.2 17592.3 17327 17269.6 17211.4 16833 15888.3 15832.1 15824.6 15400.3 15193.9 15123.9 14925.9 15423.9 14279.2 14076.7 13926.4 13825.5 13695.9 13443.5 12857.2 20317.8 16196.6 12582.4 11959.5 11828.3 11625.9 11600.8
threshold=2.554999947547913 75.729537963867202 0.1338305398821831 3.0049999952316289 75.729537963867202 3.1950000524520878 2.5349999666213994 68.252796173095717 0.14790815860033038 69.88785552978517 75.729537963867202 82.205451965332045 2.5049999952316289 0.25845077633857733 2.4150000810623173 86.135070800781264 0.1864021569490433 2.745000004768372 0 44.875000000000007 87.689998626708999 1.0496999621391299 78.759998321533217 1.1950000524520876 68.182941436767592 83.14151763916017 1.0035736560821535 0.052107032388448722 3.4050000905990605 2.2649999856948857 0.12432544678449632 68.308303833007827 190.00000000000003 0.86500000953674328 69.247005462646499 2.3249999284744267 16.750000000000004 73.542205810546889 2.0749999284744267 0.37640480697155004 2.6450001001358037 0.75499999523162853 0.14454716444015506 78.052867889404311 1 69.220321655273452 73.292812347412124 2.4623758792877202 76.95593643188478 82.205451965332045 78.926559448242202 1.0013249516487124 2.7649999856948857 0.12964180856943133 93.08499908447267 177.50000000000003 64.422271728515639 2.8850001096725468 1.7749999761581423 73.292812347412124 2.5562542676925664 74.218147277832045
decision_type=10 10 10 10 10 10 10 10 10 10 10 10 8 10 2 10 10 8 1 2 10 10 10 2 10 10 8 10 10 2 8 8 2 8 10 8 2 10 8 10 10 8 10 10 1 10 10 10 10 10 10 8 2 10 10 2 10 2 2 10 10 10
left_child=1 2 7 4 6 10 16 14 11 13 17 21 29 35 22 39 31 52 26 20 34 50 32 30 -8 40 -14 -11 -7 58 54 -2 42 41 -20 -4 -22 57 -29 -10 -6 -15 -1 45 -16 61 47 -21 -23 -12 59 -33 -5 -38 -24 -56 -57 -26 -9 -3 -27 -19
right_child=3 8 9 5 25 28 24 12 15 27 49 -13 18 33 44 -17 -18 43 19 46 36 48 23 -25 37 60 -28 38 -30 -31 -32 51 -34 -35 -36 -37 53 -39 -40 -41 -42 -43 -44 -45 -46 -47 -48 -49 -50 -51 -52 -53 -54 -55 55 56 -58 -59 -60 -61 -62 -63
leaf_value=-0.22825616789810649 -0.06336686707708844 0.05687078786980912 -0.23904718948098602 0.044522216312042666 0.14919444554299038 0.29577570731294883 0.039032330079831007 -0.049834967151862204 -0.018650795003666721 -0.24815511303168525 0.28143396684599081 0.30455503719033561 0.2105322576848514 -0.53155894745150467 0.025588306303440746 0.28641853045898474 -0.17002474123041622 0.17665781318858956 -0.25607234202791229 0.096458985377720435 -0.088454950483362965 0.16470715464451668 -0.17920918386911047 -0.18849691684131692 0.12097139060479223 0.48605406618978181 -0.069452009368681469 -0.15849276053378147 0.40777893161383388 -0.035913207157502097 0.033239037135818314 0.36038460714063819 -0.17576253726941823 -0.28006812329073144 -0.018654588114158276 -0.14924929251917424 0.25861209913383343 0.019091246801010181 -0.052442371444137957 -0.22007515281293089 0.25741444703880828 -0.33932224773840752 -0.46785183319478196 -0.035886520784143186 -0.096615714607165337 0.24416460966809853 -0.019756713074681007 0.25987279996778989 0.39842872532400053 0.4252740837321155 0.1295735466696695 0.019849037923793274 0.17600410583280546 -0.056215329335635097 0.24423890716437119 -0.20350374396647172 -0.0020752518462325031 0.2091631080303924 -0.14870220256835595 -0.10432352874435968 0.2754298796218731 -0.018536888077715325
leaf_weight=1089.25 6397.75 2467.75 13134.5 3821.25 4784.5 7335 7882 2650.75 4650 3358.5 4379 3535 538.75 889.25 2890.25 561 2172.25 5841 1255 6122.25 564.5 5115 2162 7974.25 9701.75 732.75 6849.75 8141.75 5172.25 9154.5 2879 191.75 5753 11810 860.75 4774 879.5 2024 3505.5 772.5 3993.25 3124.25 749 434 3722.75 7568.5 1442 1088 455 1464.25 2753.5 12400 1896.5 287 329.75 1113 1495.5 3538.5 7516.75 1031 1008.5 531
leaf_count=3346 8911 3865 17813 4644 5719 9189 10771 3088 5757 3873 5018 3643 2155 1268 4469 615 3253 10503 1408 8535 587 5406 2780 12871 13205 783 8910 11063 5902 11880 6590 767 8618 18992 917 9190 956 2024 4809 981 4750 5012 1001 434 5780 9202 1442 1307 455 1480 3400 18157 2312 287 386 1524 1914 4689 9952 1031 1010 531
internal_value=-0.000202704 -0.0984094 -0.136477 0.146623 0.076231 0.247007 0.0406598 -0.0737277 0.112258 -0.225779 0.2011 0.162238 -0.0324406 -0.257776 -0.127401 -0.0160318 -0.0216979 0.167187 0.0154382 0.0535222 -0.0458285 0.119638 -0.151041 -0.121873 0.0976684 0.226027 -0.0489838 -0.153828 0.342152 -0.0817175 -0.0552589 -0.00471389 -0.21229 -0.306009 -0.159596 -0.215129 0.0932456 0.127937 -0.12659 -0.0474181 0.198475 -0.382161 -0.326287 0.198597 -0.0432129 0.205901 0.0976944 0.121184 0.183937 0.317613 0.0623145 0.0250918 0.0881807 0.181183 -0.105209 -0.0506719 -0.0881143 0.14457 -0.122942 0.00933583 0.364525 0.16039
internal_weight=232716 139446 118105 93269.8 54827 38442.8 44308 69367.2 21340.8 48737.8 25935.5 15357.2 39209.5 33732 30157.8 5983.5 21161.8 20092.2 19887.5 12499 3846.75 11822.2 23544.8 15953.5 23146.2 10519 7388.5 15005.8 12507.2 19322 7979.25 18989.5 7591.25 15823.5 2115.75 17908.5 1731 15264.2 11647.2 5422.5 8777.75 4013.5 1838.25 14374.5 6613 13940.5 8652.25 7210.25 5570 5843.25 6252.25 12591.8 5717.75 1166.5 5100.25 2938.25 2608.5 13240.2 10167.5 3498.75 1741.25 6372
internal_count=321130 197876 172723 123254 74039 49215 61777 100703 25153 72020 34124 17800 51424 52275 49279 7353 31088 27626 26504 15439 4155 14157 39030 26065 30689 12262 11065 19745 15091 24920 13194 27835 12965 25272 2325 27003 1830 19918 15872 6738 10469 6280 4347 20670 10249 20236 11284 9842 5861 6498 8296 18924 6956 1243 6604 3824 3438 17894 13040 4896 1793 11034
cat_boundaries=0 1 2
cat_threshold=8 4
is_linear=0
shrinkage=0.04


Tree=18
num_leaves=63
num_cat=3
split_feature=0 21 0 9 21 4 1 21 21 1 21 21 0 20 21 4 1 56 24 0 0 56 14 1 4 21 19 44 1 49 1 21 1 21 4 39 14 1 43 43 45 1 44 42 6 35 24 28 8 9 19 1 44 20 21 47 14 21 14 14 52 23
split_gain=1.94554e+06 650986 376357 338664 170325 122722 96948.8 89722.1 78429 66799.3 55175.5 54569.1 54349.7 51993 46722 39396.3 32019.4 29224.3 29171.5 28577.8 26635.9 25258.4 31058.4 32505.4 24880 24066.6 23920.1 23804 23762.7 22872.9 22317.8 22016.7 21573.1 20390.2 18856.5 18392 18043 22797.5 18496.4 17790.9 17432.4 16467.4 16099.7 15739 15362.6 15172.4 15045.1 14729.7 14440.9 14391.6 14348.8 14304.5 14135.9 15960.1 13864.5 13462.8 13423.1 12970.9 12931.4 12916.1 12887.2 12706.3
threshold=2.554999947547913 75.729537963867202 3.0049999952316289 2.5000000000000004 71.971065521240249 2.1650000810623173 3.0849999189376835 70.985752105712905 82.205451965332045 2.5949999094009404 75.729537963867202 66.469604492187514 2.2150000333786015 79.000000000000014 79.325862884521499 2.5149999856948857 2.5149999856948857 0 0.23804991692304614 3.5049999952316289 1.8350000381469729 1 88.184997558593764 2.4150000810623173 2.8950001001358037 89.870384216308608 9.5000000000000018 2.5105633735656743 2.1049998998641972 1.4375321269035342 1.8650000095367434 60.34489822387696 1.9550000429153445 70.416618347167983 2.2549999952316289 1.1928635239601137 95.384998321533217 2.5449999570846562 0.048631824553012855 0.059439036995172508 31145.250000000004 1.5850000381469729 2.4468448162078862 79.061786651611342 76.500000000000014 14.250000000000002 0.051987174898386009 5.5000000000000009 100.50000000000001 10.500000000000002 9.5000000000000018 0.99500000476837169 2.0562483072280888 159.00000000000003 70.751132965087905 72.087604522705092 77.970001220703139 68.810985565185561 88.659999847412124 81.020000457763686 2 1.0153971314430239
decision_type=10 10 10 2 10 2 10 10 10 10 10 10 8 2 10 2 8 1 10 10 8 1 10 8 2 10 10 10 8 8 8 8 8 10 2 10 10 10 10 8 2 10 10 10 2 2 10 2 2 2 8 8 8 2 10 10 10 10 10 10 9 10
left_child=1 3 4 7 9 11 10 13 12 28 24 29 27 18 16 21 -6 36 -1 33 39 61 41 55 40 30 58 34 -2 49 -10 -25 -7 -8 44 -33 37 -9 -38 -13 42 52 57 -26 -3 -41 60 -37 -28 -5 -18 -31 -23 56 -34 -24 -54 -4 -19 -20 -14 -15
right_child=2 8 6 5 14 32 19 17 25 -11 -12 20 46 15 -16 -17 50 26 59 -21 -22 22 23 31 43 -27 48 -29 -30 51 -32 35 54 -35 -36 47 38 -39 -40 45 -42 -43 -44 -45 -46 -47 -48 -49 -50 -51 -52 -53 53 -55 -56 -57 -58 -59 -60 -61 -62 -63
leaf_value=-0.37155378633683744 -0.10900064673610682 -0.088889249616104643 0.04953611908050063 -0.42588267463519741 0.05324852602499771 -0.17433276028810682 0.22220444485539417 -0.011955131711555511 0.035212922179877315 0.078386075394012947 0.3001254733532272 -0.30289056841101697 0.038843786797653108 -0.029107607730883181 0.27302878715997053 0.0085255980136227129 0.29016771732305374 0.016064125435277792 -0.13290288348680929 0.41278300904706605 -0.14743946129101651 -0.004850821547761096 -0.1032351931913629 -0.2147326084379409 0.20765668563772649 0.48290555885179798 -0.10029165722840681 -0.12974339630380979 -0.0060186898707528256 -0.36111463751977829 0.26228724411067283 -0.016297158527705597 -0.11063205370177169 0.32674572162910109 0.16267445695896571 -0.037668208103401532 -0.007191116348767939 0.20805848204476735 0.21999778898391609 -0.23365421541084877 0.23681025724849827 -0.066857058238291994 -0.0055896858914430024 -0.05484553729412061 0.064477954988562625 -0.13024520229017938 0.20818583152603887 0.16819759960803193 0.025587191801041392 -0.95452251346413353 0.15319480887932677 -0.26026240088296537 -0.14020252169265907 -0.24361100604828234 -0.022125771417477891 -0.34817585479248409 0.17015197989242981 0.1844690295293108 0.28141673798553418 0.3403470063589315 0.15666713026846354 -0.163701808139325
leaf_weight=1581.75 4973.25 2043.75 2172.25 893.5 5604 6007 5058.25 3974.75 871 15698.5 5059.5 4003.25 2982.75 1269.75 4780 6556.25 1406.5 669.75 501.5 3577.75 10460.75 745.25 2348 590 8519.75 619 4727.5 2007 12831.5 2730.5 3392.25 4001.5 9007 7368.5 1322 745.75 796 927.75 2046.25 8077.75 1267 4801.75 2512 381 2134.25 3171 2945.25 2176.5 2107 90.75 9515.75 13263.75 1454.75 3261.75 4132.25 422.75 261.5 2401.5 522 111 2960.5 9731.75
leaf_count=2244 6447 2718 4414 1111 6669 7957 6805 4718 946 21514 5589 4853 3720 4824 5236 9548 1933 900 503 4045 13835 929 3137 692 11939 619 6241 2007 20708 3875 3525 7441 14443 8552 1691 1159 796 1074 2563 11248 1267 6268 2512 381 3002 4662 3099 2760 2716 102 11480 21909 3140 6360 5513 455 503 3552 840 111 3760 13478
internal_value=0.000147105 -0.0943958 0.141714 -0.131069 0.0744748 -0.195699 0.237884 -0.060118 0.109268 0.0182401 0.183967 -0.233437 0.0673444 -0.0915945 0.162891 -0.0807542 0.131006 0.0208373 -0.28089 0.313021 -0.196655 -0.0991544 -0.0732255 -0.0237816 0.149873 0.249969 -0.0326458 -0.0119017 -0.0347932 -0.289111 0.215935 0.0194073 -0.111537 0.284236 0.0311299 0.0394167 0.0762596 0.0297465 0.156408 -0.230386 0.100248 -0.121525 0.0757677 0.196409 -0.0105493 -0.204532 0.134262 0.115669 -0.0614873 -0.476469 0.170884 -0.277523 -0.16735 -0.191665 -0.0828053 -0.140834 -0.092767 0.120436 0.132575 -0.0462968 0.0975692 -0.148176
internal_weight=232575 139448 93127 118170 54809.5 61837.5 38317.5 56332.5 21277.8 33503.2 22313 42691.2 16395.5 40561.5 21306.2 38367.2 16526.2 15771 2194.25 16004.5 25712.8 31811 20809.5 10284.5 17253.5 4882.25 8026.25 7507 17804.8 16978.5 4263.25 7513.75 19146.2 12426.8 5500 6923.75 7744.75 4902.5 2842.25 15252 8352.75 10525 7085.75 8900.75 4178 11248.8 8888.5 2922.25 6834.5 984.25 10922.2 15994.2 5723.25 4978 13139.2 2770.75 1716.25 4573.75 1191.75 612.5 5943.25 11001.5
internal_count=321038 197995 123043 172908 73987 89508 49056 83400 25087 48669 29654 61595 19997 63552 25318 60694 20082 19848 2858 19402 34598 51146 32844 15644 24065 5090 10697 9418 27155 26997 4471 12052 27913 15357 7411 11360 9151 5792 3359 20763 11745 17200 10478 12320 5720 15910 10579 3919 8957 1213 13413 25784 10932 10003 19956 3592 3643 7966 1740 614 7480 18302
cat_boundaries=0 1 2 3
cat_threshold=4 8 16
is_linear=0
shrinkage=0.04


Tree=19
num_leaves=63
num_cat=3
split_feature=0 21 11 21 4 11 21 1 0 1 11 4 14 13 16 1 4 21 11 0 21 21 39 24 11 23 56 4 1 43 6 56 25 21 15 23 0 0 8 19 5 0 42 35 22 10 47 11 15 21 42 14 1 50 20 50 42 47 47 56 11 21
split_gain=1.80881e+06 716309 309321 250716 190187 157621 101561 65274.2 64749.9 56352.2 55719.5 51650.2 45045 38545.8 34548.8 34524.1 34166.3 29383.5 27615.9 26226.5 25841.5 23493.4 23147.6 24300.9 23076.2 22865.4 21871.1 21151.5 20859.7 20479.6 24052.7 19904.2 19379.9 18143.2 17530.6 16379 17035.8 15397 15230.2 15143.2 14924.1 14368.6 14297.4 14144.4 14035.6 14013.7 15117.3 14803 13977.4 13640.9 15094.7 13554.8 22838.7 14034.7 12980.9 30791.8 12924.4 12480.6 14727.1 12412.2 12352.3 11827.8
threshold=2.7549999952316289 70.623699188232436 0.093683511018753066 77.739685058593764 3.1049998998641972 0.057424349710345275 72.081737518310561 2.5049999952316289 1.9650000333786013 2.8149999380111699 0.1251262649893761 2.2749999761581425 86.534999847412124 1.0000000180025095e-35 1.5000000000000002 2.6450001001358037 2.7549999952316289 83.14151763916017 0.25356170535087591 3.6049998998641972 88.393150329589858 75.729537963867202 1.2440059781074526 0.14474020153284076 0.037408165633678443 1.0574034452438357 0 2.2649999856948857 2.3750000000000004 0.059439036995172508 87.250000000000014 1 147.87500000000003 79.325862884521499 3.5000000000000004 1.0013249516487124 2.3149999380111699 3.3349999189376835 15.500000000000002 52.500000000000007 30.500000000000004 1.6749999523162844 73.778861999511733 13.750000000000002 0.16758911311626437 12.750000000000002 55.505079269409187 0.56973218917846691 2.5000000000000004 82.205451965332045 73.954586029052749 94.704998016357436 2.2549999952316289 378.50000000000006 110.00000000000001 178.87500000000003 73.778861999511733 73.992649078369155 74.551521301269545 2 0.60030490159988414 66.347663879394545
decision_type=10 10 10 10 2 10 10 10 10 10 10 2 8 8 2 8 2 10 10 10 10 10 10 10 10 10 1 2 8 10 2 1 2 10 2 10 10 10 2 8 2 8 10 2 10 2 8 10 2 10 10 10 10 2 2 2 10 10 10 1 10 10
left_child=1 2 7 5 6 16 9 12 18 24 17 14 27 40 29 49 31 25 59 21 32 38 23 -15 -2 48 -9 54 44 -7 39 51 -12 42 43 -33 -37 -11 -6 -31 -14 -34 -17 -24 -10 46 -20 -47 -5 50 -8 52 -3 -53 55 -1 -13 -19 -59 -4 -16 -56
right_child=4 3 8 10 19 11 15 26 28 37 20 56 13 22 60 33 -18 57 45 -21 -22 -23 34 -25 -26 -27 -28 -29 -30 30 -32 35 41 -35 -36 36 -38 -39 -40 -41 -42 -43 -44 -45 -46 47 -48 -49 -50 -51 -52 53 -54 -55 61 -57 -58 58 -60 -61 -62 -63
leaf_value=-0.42307443765591779 0.07326747258056765 -0.027757019404800094 -0.1694898256484198 0.18827953885374135 0.051370686053634602 -0.15925976456733415 0.1338647789049679 -0.05065339586222295 -0.16287925925080021 0.13596609763355613 0.11275930674487437 0.030104965995586336 -0.15504615863981216 0.021450344765115065 -0.21659552119809994 0.23822146483869333 0.18231020599962841 0.39547676756359229 -0.41052247429312244 0.40840721504846111 0.3251413772373502 0.3538152084599635 -0.0081323391976264019 -0.1854843887993558 -0.026600654279755012 0.2756090794312846 0.047729536813137879 -0.085187752408341366 -0.089233924673160131 -0.039645588439637752 0.019888521685224207 0.2649465032113334 -0.1679444634732585 0.32480631907878843 -0.098403556189813057 -0.071865631658698137 0.029783090145045734 0.26455116910760035 0.25104589619984041 -0.15969362342474983 -0.061011587547323928 0.022092849042162493 0.11641106310520519 0.21406135191447129 -0.26961291534549675 -0.29832669270112827 -0.16545032855712613 -0.46991850988781858 0.075872273872109458 0.31003183465270018 -0.055514851971096769 0.22027694550976712 0.12485456956133102 0.075538577869463663 -0.20983658136349689 -0.052232377051941288 -0.14601549922880977 -0.21290610984746397 0.26624802004270781 -0.24348889620301337 -0.59248470366742378 -0.12111427109355175
leaf_weight=970.5 11641.25 3652.75 6132.25 3584.5 649 5151.5 4587.5 6889.75 10904.75 10173.25 1996.5 5873.5 4861 2949.75 3392 8360.5 2926.75 1477.75 492.25 2504.5 483.5 3880 630.75 1309.5 5426.25 2402.5 7602.75 5970.25 5438.5 3018.75 3719 361.75 1040 3215.25 546.5 4179.75 7144 1747.75 10855 3798 6083.5 1635 1898 1673.5 2413.25 10103 2218 880 3504 580.5 788 1670.5 2747.5 2995.75 4395 568.25 750 109 1444 8974.25 144.75 5336.25
leaf_count=1695 17636 4363 8575 4399 886 6341 5453 10912 14891 13549 2847 7579 7345 7413 4070 10489 3565 1597 727 2965 500 4189 1020 1398 8226 2488 9537 9781 10969 3963 5594 1447 1040 3468 953 5172 8803 2134 14056 4788 7891 1635 1898 2221 3311 15677 3541 1486 3969 591 788 1822 3220 3658 8241 629 750 109 1450 13721 180 7758
internal_value=7.68591e-05 -0.070267 -0.14021 0.0281186 0.17676 -0.0164764 0.135574 -0.0705179 -0.213165 0.0881348 0.158097 -0.0862049 -0.0998652 -0.0556973 -0.119392 0.206334 0.0537113 0.203658 -0.250839 0.288212 0.0473883 0.268593 0.0168134 -0.0422267 0.0415167 0.168966 0.000957098 -0.146107 -0.155298 -0.0939078 -0.0619288 0.0371538 0.0185123 0.24179 0.104995 0.000742686 -0.00774219 0.15486 0.239793 -0.10656 -0.102798 -0.0518581 0.215712 0.153282 -0.182258 -0.29202 -0.210234 -0.312159 0.132752 0.126067 0.106092 0.0755938 0.0377734 0.127428 -0.178357 -0.286376 0.010123 0.312116 0.232382 -0.213477 -0.232308 -0.16122
internal_weight=232853 166546 97343.5 69203 66306.8 51526.2 48418.2 49787.2 47556.2 28988.5 17676.8 25847.5 35294.8 18054.5 19224 19429.8 25678.8 12521.8 28799.8 17888.5 5155 15384 7110 4259.25 17067.5 9491 14492.5 17240.2 18756.5 15687.2 10535.8 22752 4671.5 13473.8 2850.75 11685.5 11323.8 11921 11504 6816.75 10944.5 2675 10258.5 2304.25 13318 13693.2 2710.25 10983 7088.5 5956 5375.5 11066.5 6400.25 4666.25 11270 1538.75 6623.5 3030.75 1553 15106.5 3536.75 9731.25
internal_count=321369 235041 149692 85349 86328 65315 64232 76794 72898 41545 20034 33265 56345 28241 24936 22687 32050 14012 43727 22096 6022 19131 13005 8811 25862 10856 20449 28104 29171 20686 14345 28485 5522 15855 4194 15422 13975 15683 14942 8751 15236 2675 12387 3241 18202 21431 4268 17163 8368 6832 6241 13063 7583 5480 18323 2324 8329 3156 1559 22296 4250 15999
cat_boundaries=0 1 2 3
cat_threshold=8 4 4
is_linear=0
shrinkage=0.04


Tree=20
num_leaves=63
num_cat=3
split_feature=4 21 11 4 4 21 4 21 1 21 1 21 4 4 21 1 4 21 16 49 42 4 52 21 20 43 35 17 47 9 4 4 21 24 49 15 17 45 36 24 22 25 47 30 4 6 53 47 1 48 6 52 42 8 20 4 21 8 49 42 2 50
split_gain=1.6248e+06 625371 297706 225066 205192 156702 129243 108179 97410.3 54065.1 52772.5 60186.7 43201.8 42810.8 36720.4 34815.7 34194.7 32492 27599.4 27547.9 28740.4 27260.3 27116.7 26195.8 25638.5 23960.2 24310.6 21893.1 21855.1 26638.3 21034.1 24130.4 19839 19522.1 19240.7 18667.7 18328.3 17193 16965 16551.2 17372.6 15824.7 15290.7 14956.2 14484.9 14155 14094.7 13867.2 13844.9 13752.1 13580.7 13496.9 16066.1 13420.6 12917.8 12662.1 11963 11935.9 11828 15827.9 11638.9 11484
threshold=2.5949999094009404 70.549018859863295 0.14311316609382632 1.0000000180025095e-35 2.9450000524520878 80.24106597900392 2.2350000143051152 74.533176422119155 2.7549999952316289 72.026847839355483 2.8950001001358037 78.408687591552749 2.0949999094009404 0.35500000417232519 63.086299896240241 2.0249999761581425 3.2250000238418584 89.870384216308608 1.5000000000000002 2.7311431169509892 73.954586029052749 1.985000014305115 0 65.668624877929702 79.000000000000014 0.059439036995172508 15.250000000000002 3.5000000000000004 55.505079269409187 3.5000000000000004 1.6749999523162844 2.3649998903274541 88.393150329589858 0.050352701917290694 2.7311431169509892 2.5000000000000004 3.5000000000000004 598.62500000000011 0.16480229794979098 0.17640001326799395 0.14480212330818179 364.12500000000006 71.621944427490249 0.26625537872314459 3.2949999570846562 124.25000000000001 1 71.537059783935561 0.92500001192092907 0.064025029540061965 110.25000000000001 2 73.954586029052749 72.500000000000014 218.00000000000003 2.5149999856948857 82.51377105712892 51.500000000000007 2.7311431169509892 73.954586029052749 0.19500000029802325 364.62500000000006
decision_type=2 10 10 2 2 10 2 10 10 10 10 10 2 2 8 8 2 10 2 10 10 2 9 8 2 10 2 10 8 2 2 2 10 10 10 2 10 2 8 10 10 2 10 10 2 2 9 10 10 10 2 9 10 2 2 2 10 2 10 10 8 2
left_child=1 2 8 10 7 6 18 19 14 16 11 38 28 -10 61 -16 53 21 22 20 23 -7 36 57 43 58 27 -27 -4 -30 37 47 51 35 44 -23 42 39 -3 40 -26 -22 54 -17 56 -33 -37 -32 -31 -38 -43 -9 -53 -6 -5 -14 -11 -2 59 -8 -39 -1
right_child=4 3 12 5 9 17 25 32 13 34 -12 -13 55 -15 15 24 -18 -19 -20 -21 41 33 -24 -25 30 26 -28 -29 29 48 31 45 -34 -35 -36 46 49 60 -40 -41 -42 50 -44 -45 -46 -47 -48 -49 -50 -51 -52 52 -54 -55 -56 -57 -58 -59 -60 -61 -62 -63
leaf_value=-0.26207661541072658 -0.14408873738484398 0.077055427366738288 -0.40729057110488548 -0.17247135236755026 0.10408265355866768 -0.075038299545998485 -0.016033895556521835 0.25854392599863585 0.14489585023819593 0.23370967490920777 0.28833238138635353 0.24614345350679689 -0.16344712249513341 -0.058023093019399383 -0.15059224125959439 -0.36690681880195586 0.26931967578715488 0.45033442254451544 -0.21679216966351458 0.2934811110804435 -0.00075324327938347264 0.20862450590036929 -0.036664131746501689 0.090062165058592533 -0.060798505905711106 -0.015638482990619346 0.16495491509651813 0.10012644132429183 -0.14343189934702552 -0.31446686895361248 -0.098108741268629562 -0.072052022513658678 0.48253413995043254 0.35293761807435026 0.39041473408409433 -0.33795724979204106 -0.13263107840039681 -0.050862574834985519 -0.14356648978191613 0.14756290518808821 -0.2606449211903622 -0.30469153259787862 -0.27270000524108151 0.10433565264114968 0.35054333637572105 0.031279254429768776 0.070404539162550142 -0.20156000428517179 -0.23999766782146534 0.015340214630241491 0.023456120805342994 0.20903812597482707 0.051231857238886985 0.19338909813302996 0.01546153935865938 0.11104022981370734 0.44895379158297594 0.01635417775165424 0.14596714231538857 -0.15250288283905464 0.054447912446231234 -0.14857471659533919
leaf_weight=1873.25 944.75 11314.5 1351.25 3143 5090.25 832.25 6554.75 4186.75 4146.75 7154 3240 3963.75 11048.25 2775.5 9308.75 653.75 6197.5 580 3779.25 796.5 2184 2421 6982.75 19301.5 4845.25 7092.5 2497.75 4136.75 3738.25 5447 7412.75 6717.75 434.25 800.5 3031.25 136 2601.25 2494 584.75 512 811.25 621 2055.5 128 2990 3098 1578.5 2882 15319.25 1636 298 3340.5 1496 5738 718.5 274.25 439.5 3426.75 555.75 1714 5129.25 6043.5
leaf_count=2660 1448 13851 1736 3926 7251 914 8366 4876 4887 8348 3609 4263 17397 4361 12119 1136 8200 580 4500 1038 2184 2949 9250 28648 10801 8597 3826 5177 6169 10208 13949 10719 435 826 3263 136 3244 2944 743 665 1406 621 2255 128 3296 4895 1652 3356 21749 2575 298 4125 1496 8090 1287 395 459 4587 576 1714 7218 8511
internal_value=0.000320104 -0.0673982 -0.133389 0.0245339 0.165363 -0.0202291 -0.0473427 0.101994 -0.0773917 0.241934 0.141255 0.111182 -0.221992 0.0635404 -0.0961872 -0.0819084 0.194373 0.165378 -0.118956 0.0619444 0.0550352 0.136578 -0.0973572 0.070039 -0.0634666 0.0190825 0.0521376 0.0270177 -0.250534 -0.241858 -0.0582336 -0.0843239 0.218718 0.172276 0.301373 0.13715 -0.139078 -0.0201827 0.0661907 -0.0698206 -0.0895437 -0.0593986 -0.184552 -0.289668 0.2758 -0.0394386 0.0360925 -0.127104 -0.25956 -0.0755173 -0.198456 0.205916 0.160269 0.151435 -0.137511 -0.156779 0.246284 -0.0183683 -0.0323358 -0.0443531 0.0199895 -0.175492
internal_weight=232600 164929 96010 68919 67670.5 49816 43467.8 37030 58831.8 30640.5 19103 15863 37178.2 6922.25 51909.5 43992.8 17025.8 6348.25 20916.2 27572.5 26776 5768.25 17137 23673 34684 22551.5 13727 11229.2 25855.8 24504.5 33902.2 20110.5 9457.5 4936 13614.8 4135.5 10154.2 13791.8 11899.2 6168.5 5656.5 3103 5917 781.75 10583.5 9815.75 1714.5 10294.8 20766.2 4237.25 919 9023.25 4836.5 10828.2 3861.5 11322.5 7593.5 4371.5 8824.5 8268.75 7623.25 7916.75
internal_count=320888 232225 147409 84816 88663 62350 55293 49756 89755 38907 22466 18857 57654 9248 80507 69336 23541 7057 27037 38824 37786 6477 22537 34683 57217 28256 17600 13774 39862 38126 55953 32919 10932 5563 15366 4737 13287 23034 14594 12872 12207 3103 7468 1264 12103 15614 1788 17305 31957 5819 919 10497 5621 15341 5213 17792 8807 6035 10656 10080 10162 11171
cat_boundaries=0 1 2 3
cat_threshold=16 16 4
is_linear=0
shrinkage=0.04


Tree=21
num_leaves=63
num_cat=0
split_feature=0 0 21 21 1 4 21 4 1 14 11 11 21 21 19 16 21 11 11 11 20 17 19 4 31 14 49 42 21 0 11 1 21 49 4 45 44 21 43 4 24 1 43 14 44 21 26 25 7 0 21 42 5 42 45 16 45 4 35 38 11 20
split_gain=1.54308e+06 494672 310979 309792 139437 113986 110871 80968.3 79664.8 62030.1 52841.5 51153.2 45657.5 44539.9 38333.6 29490.6 28134.2 25651.9 25097.7 24480.7 24192.3 22486.6 28900.2 22124.5 19866.9 20313.2 19522.2 19319.9 20822.4 19203.4 19054.5 18319.2 20058.3 19522 18249.6 18087.5 16787 16140.9 16125.7 15519 14926 14389.8 14045.5 13995.9 13849 13672.1 13117.2 12856.6 23855.6 12647.1 12272.5 12220.3 11886.8 12425.6 11835.5 11572 11553.2 10736.3 10339.5 10321.4 10292.3 10162.8
threshold=2.4250000715255742 3.0049999952316289 74.533176422119155 70.549018859863295 2.5149999856948857 2.2849999666213994 79.325862884521499 2.2749999761581425 3.1950000524520878 88.184997558593764 0.23540768027305606 0.23540768027305606 75.729537963867202 82.205451965332045 9.5000000000000018 1.5000000000000002 88.393150329589858 0.038157539442181594 0.28582468628883367 0.036599317565560348 177.50000000000003 4.5000000000000009 9.5000000000000018 1.1950000524520876 69.247005462646499 77.479999542236342 2.4160554409027104 73.292812347412124 65.778343200683608 3.4050000905990605 0.038984065875411041 2.1450001001358037 60.34489822387696 2.4104970693588261 2.9050000905990605 32190.250000000004 2.0562483072280888 62.269115447998054 0.059439036995172508 2.5149999856948857 0.050352701917290694 2.1950000524520878 0.046389764174819 91.720001220703139 2.526404976844788 65.480831146240249 3.5000000000000004 358.00000000000006 23.500000000000004 3.2549999952316289 62.764375686645515 73.542205810546889 30.500000000000004 72.196907043457045 14643.500000000002 1.5000000000000002 32190.250000000004 2.4450000524520878 16.750000000000004 1.2137469053268435 0.54502454400062572 159.00000000000003
decision_type=8 10 10 10 10 2 10 2 10 8 8 10 10 10 10 2 10 10 10 10 2 10 8 2 10 10 10 10 10 10 10 8 8 8 2 2 8 8 10 2 10 8 8 10 10 8 2 2 2 10 8 10 2 10 2 2 2 2 2 10 10 2
left_child=3 2 4 5 9 11 7 15 12 10 -2 23 19 30 20 21 18 27 40 35 46 22 43 -1 25 -12 -23 28 -6 -10 -4 -16 -33 61 38 42 59 -13 -9 52 57 51 -3 -5 50 -35 -11 -29 -49 -44 -25 58 53 -7 -40 -20 -30 -8 -24 -27 -17 -34
right_child=1 8 13 6 17 39 16 34 29 14 24 37 -14 -15 31 60 -18 -19 55 -21 -22 26 41 44 -26 36 -28 47 56 -31 -32 32 33 45 -36 -37 -38 -39 54 -41 -42 -43 49 -45 -46 -47 -48 48 -50 -51 -52 -53 -54 -55 -56 -57 -58 -59 -60 -61 -62 -63
leaf_value=-0.0952245763568806 -0.039257247849315599 0.021603735807214336 0.16960621995624148 -0.044576580697513066 0.018525902558451105 -0.11788533177832271 0.061934567356023672 -0.038676306425008647 0.2519638661329226 0.036710408037076932 -0.25587504887262363 -0.32928456545039925 0.26944745648333362 0.29252614644078168 -0.093952842844462467 -0.18523224239466993 0.32599633424822921 -0.0055862939975413377 -0.061522248174362082 0.043184484109154528 0.29055498733853496 0.094051528739795387 -0.16604121007706343 -0.25192340810647557 -0.060414990965251568 -0.098791978387223728 -0.077555662431654501 0.068633959983889825 0.11292210147936585 0.35309151577216413 0.073841566038711198 -0.19024516079057804 0.27942230850929678 -0.20649889774837119 0.34870483432676885 0.26264722540756685 -0.1709428308923647 -0.23645352443680523 0.039826789878911882 -0.0078329054614100779 0.28914043126855238 -0.076715924472114644 0.12656063965461853 0.15882269579350031 -0.31210123448001148 -0.012844592752392341 -0.58018890026774272 -0.34504036013447659 0.016243508956516408 0.20801897376250864 -0.16705670571879427 -0.33719524211611962 -0.060614217715505472 -0.29290055241657165 0.19754003213978252 -0.49018551014294248 0.21022805203991765 0.24256702205591182 0.01624941909058792 0.2101654319541017 -0.44928181184735794 0.051030833700310474
leaf_weight=5169 12749.25 1344 13105 1865.25 3400.25 3684.5 3352.75 4272.25 7270.25 481.75 4071.75 3777.25 5826.75 4047 3605.5 3684.75 929.25 5536 557 3332.25 1142.25 1902.25 6146 3186.75 2203 345.5 2392.25 2066 12266 5168 4460.75 797.25 323.5 629.25 277.75 2439 2201.5 14844.5 5463.75 4074.75 711.75 4597.5 8058.75 760.25 1330 7688.5 60.25 408 1019 4923.75 19250 618 5394.5 788 883 121.25 2325 623.25 541.25 342.75 251.75 7455
leaf_count=6927 19188 1344 15631 2343 4916 6041 3928 5176 9101 853 7704 5467 6492 4122 4495 4413 954 7813 677 4728 2361 3100 7802 4944 2632 554 3089 2066 17579 5912 5474 933 766 774 319 2439 3661 23828 7251 6024 753 5925 11832 1118 1330 11923 130 408 1019 7320 30149 618 8243 788 883 128 2325 696 773 345 323 10149
internal_value=-0.000640802 0.0900027 0.0400233 -0.117769 -0.000359537 -0.174105 -0.0310423 -0.0598623 0.210804 -0.0442021 -0.091931 -0.20359 0.170852 0.172892 0.00295062 -0.102789 0.123006 0.0711891 0.0877436 0.142243 0.186277 -0.0819496 -0.105717 -0.170284 -0.165183 -0.198309 -0.00153195 0.0909715 0.107683 0.294032 0.145299 -0.0121282 0.00534377 0.0150543 0.0297972 0.161923 -0.117074 -0.255317 0.021391 -0.0735123 0.120652 -0.132209 0.144741 0.0143935 -0.186599 -0.0275419 -0.0337318 0.00487929 -0.0873855 0.157482 -0.179132 -0.167102 -0.100628 -0.14884 0.0618254 -0.139382 0.128455 0.090359 -0.151285 0.055221 -0.202341 0.0605998
internal_weight=232543 131093 92730 101450 71117.2 61499.2 39951.2 33656 38362.8 44097 21913.8 47557.5 25924.5 21612.8 22183.2 22759.2 6295.25 27020.2 5366 20097.8 1684.25 18822.8 14528.2 28935.8 9164.5 6961.5 4294.5 21484.2 17991.2 12438.2 17565.8 20499 16893.5 16096.2 10896.8 16765.5 2889.75 18621.8 10619 13941.8 4687.75 11902.8 14326.5 2625.5 23766.8 8317.75 542 3493 1427 12982.5 22436.8 7305.25 9867 4472.5 6346.75 678.25 14591 3976 6687.25 688.25 3936.5 7778.5
internal_count=320999 176989 127821 144010 102594 93741 50269 43133 49168 66468 34084 72645 34155 25227 32384 29504 7136 36126 6182 27663 3344 24768 18579 43350 14896 12264 6189 28313 24820 15013 21105 29040 24545 23612 13629 22935 4560 29295 13310 21096 5377 15118 20496 3461 36423 12697 983 3493 1427 19152 35093 9193 15072 6829 8134 805 19904 4624 8575 899 4736 10915
is_linear=0
shrinkage=0.04


Tree=22
num_leaves=63
num_cat=4
split_feature=0 21 11 21 1 1 0 4 1 21 21 0 14 56 11 0 47 1 0 21 21 21 5 25 19 42 17 49 4 20 53 4 21 11 21 42 0 45 48 56 1 21 44 56 14 50 50 23 23 42 1 14 19 4 24 11 45 20 20 0 21 5
split_gain=1.42624e+06 572322 249427 196236 153300 123615 77461.2 71355.1 50490.1 48799.3 47236.2 45673.7 41358.2 38380.8 37141 35050.5 27593.4 25551.9 24899.8 23716.4 23302.4 23287.1 21868.6 21828.5 20555.1 20361.6 19751.7 19705.6 18590.8 18356.1 18227.8 17994.8 17223.8 17137.3 16983.7 18770.1 16437.7 16355.8 15314.5 14664.3 14489.2 14027.1 13828.1 13729.3 13534.9 21869.6 14610.9 13275.9 13206.6 12778.2 12741.9 12440.4 12502.9 12132.4 12060.3 12027.7 11732.1 24811.7 22398.5 12818.5 11655.6 11185.8
threshold=2.7549999952316289 70.751132965087905 0.0658288709819317 77.739685058593764 2.8149999380111699 2.2549999952316289 3.2549999952316289 2.2050000429153447 2.5049999952316289 70.447662353515639 76.617176055908217 2.2250000238418584 86.399997711181655 0 0.25845077633857733 2.1750000715255742 71.537059783935561 2.6650000810623173 1.8949999809265139 88.393150329589858 86.135070800781264 69.220321655273452 6.5000000000000009 125.50000000000001 9.5000000000000018 73.672908782958999 4.5000000000000009 1.4375321269035342 1.3650000095367434 159.00000000000003 1 2.554999947547913 65.668624877929702 0.28582468628883367 62.081874847412116 72.768692016601577 0.88499999046325695 25987.250000000004 0.063957702368497862 2 0.65500000119209301 62.269115447998054 2.5334342718124394 3 95.450000762939467 34.125000000000007 378.50000000000006 1.0013249516487124 1.0625432729721072 72.626979827880874 3.5049999952316289 93.83499908447267 9.5000000000000018 2.5449999570846562 0.023071561008691791 0.37119558453559881 640.75000000000011 110.00000000000001 159.00000000000003 2.4250000715255742 64.422271728515639 1.5000000000000002
decision_type=10 10 10 10 8 8 10 2 10 10 10 8 8 1 10 10 10 10 8 10 10 10 2 2 8 8 10 8 2 2 9 2 10 10 8 10 8 2 10 1 8 8 10 1 10 2 2 10 10 10 10 10 10 2 8 10 2 2 2 8 8 2
left_child=1 2 8 5 9 15 10 14 12 37 25 19 22 17 28 26 29 44 -15 23 48 -8 54 -5 -20 32 30 -9 -4 -14 -3 49 -6 -25 -31 -36 40 53 -28 -34 -16 -27 60 -10 45 -7 -46 -26 51 -11 -23 -13 -53 -2 -1 -32 57 -56 -59 -58 -30 -38
right_child=4 3 7 11 6 13 21 27 43 31 -12 20 16 18 36 -17 -18 -19 24 -21 -22 50 -24 33 47 41 38 -29 42 34 55 -33 39 -35 35 -37 61 -39 -40 -41 -42 -43 -44 -45 46 -47 -48 -49 -50 -51 -52 52 -54 -55 56 -57 59 58 -60 -61 -62 -63
leaf_value=0.061572599050648463 -0.066691971296337624 -0.024771591692775732 -0.098234261556942135 0.13048889434785102 0.066588013505634785 -0.14237942825656519 0.20100151173359823 -0.56613828901244623 -0.029994363398746584 0.1111318744229815 0.26855161691055129 0.085773447261470986 0.23247380728854153 -0.11477099490625962 -0.4723123285209177 -0.025225959362027321 -0.11123209089948334 0.2001040324469387 0.14820056398544465 0.27674618599388501 0.3736889701434955 0.2847664845144523 -0.078167058030652714 0.014600152425923123 0.22918818495959581 -0.42091363589097092 -0.12236051644225862 -0.098074875669558498 -0.23612462822254909 -0.14588634653417087 -0.16738143162653532 0.16807675445499218 0.13728395677316529 -0.20887567746883806 -0.0094684976580441289 0.1992138962170201 0.035680929288445136 0.10557457867895284 0.064769850183411123 0.21663176683013777 -0.28443024244746457 0.074979876295235892 -0.33793599435999533 0.051307016065043502 0.21569494899289118 0.059400417334753673 0.055420590915298849 -0.0060882276202611765 0.27553602843792635 -0.02679070017307086 0.39497694061159572 0.2767202835755781 0.1456284207162872 0.030031748153634481 -0.40015893700421529 -0.33298677345023742 -0.35497191662814387 -0.07529694984163833 -0.26166211457850835 -0.065105982435239865 -0.16533803193326699 -0.23412090974931865
leaf_weight=322.5 3976.5 1373.5 4158.5 2325.75 2854.5 1028.5 4832.5 143.5 6325.75 3571.5 5362 2878.75 515.75 2580.25 805.5 8267 5320.5 2740.75 1759.5 722.5 1033 8212.75 6778 3034.5 395 91 1579.5 14127.5 5038.75 1312.5 7125.25 7125 8115.5 668.25 8192.25 751 250.5 2236 1253.25 6921.75 3691.25 4985.5 978 6997.5 1559 5175.5 2187.5 11479.5 1696 1536 2132.75 1748.75 3510.75 4334.75 989 779.5 282.5 1890 2276.75 1731.25 14429.5 11891
leaf_count=819 5241 1717 5465 3423 3999 1117 7372 160 9874 4428 6007 3505 1265 3511 1170 10346 6129 3139 2625 742 1075 9505 10717 3042 1580 91 1899 21575 7483 1767 8800 8304 11987 669 15417 751 402 2236 2112 8751 5807 8284 978 8748 1685 6341 2741 14061 1726 1536 2378 2060 3738 6176 1685 1087 485 3711 3980 2071 22324 19076
internal_value=-0.000137026 -0.0627379 -0.123713 0.0276744 0.156722 -0.0132868 0.200737 -0.179978 -0.0522083 0.0726458 0.161649 0.142244 -0.0806931 0.0399029 -0.206655 -0.0887315 -0.0367228 0.0919952 -0.000876799 0.060505 0.193001 0.273664 -0.130265 0.0345046 0.0206909 0.13667 -0.132069 -0.102861 -0.175408 9.36129e-05 -0.16029 0.127002 0.156732 -0.0258202 -0.0116348 0.00809511 -0.252837 0.0095914 -0.0395812 0.173833 -0.318282 0.0659268 -0.191093 0.0127066 0.0621829 0.0259129 0.122196 0.00177474 0.173948 0.069658 0.307559 0.152714 0.189306 -0.0162495 -0.177363 -0.183561 -0.188126 -0.220115 -0.177207 -0.106086 -0.183682 -0.228549
internal_weight=232389 166101 99199.2 66901.8 66288 49283.5 43508.2 55514 43685.2 22779.8 28330.2 17618.2 30362 28905.5 41243 20378 16092 12691.2 16214.2 6751 10867.2 15178 14270 6028.5 13634 22968.2 12111 14271 24604.8 10771.5 9278.25 12232.5 17891.8 3702.75 10255.8 8943.25 16638.2 10547.2 2832.75 15037.2 4496.75 5076.5 20446.2 13323.2 9950.5 6204 3746.5 11874.5 9834.25 5107.5 10345.5 8138.25 5259.5 8311.25 7492 7904.75 7169.5 5155.75 4166.75 2013.75 19468.2 12141.5
internal_count=320895 234600 151859 82741 86295 62761 58374 84440 67419 27921 39119 19980 48797 36800 62705 25961 25329 15023 21777 7876 12104 19255 23468 7134 18266 33112 15615 21735 36250 19200 11604 14268 24737 3711 17935 16168 26455 13653 4011 20738 6977 8375 30785 18622 11884 7458 4426 15641 11029 5964 11883 9303 5798 11417 12751 9887 11932 9376 7691 2556 29807 19478
cat_boundaries=0 1 2 3 4
cat_threshold=4 140 8 8
is_linear=0
shrinkage=0.04


Tree=23
num_leaves=63
num_cat=5
split_feature=0 11 0 47 4 14 11 4 0 1 23 1 47 53 47 19 42 20 50 1 5 11 56 19 23 56 19 17 47 47 0 11 25 56 1 42 31 39 17 47 11 39 47 7 6 14 15 25 42 23 17 47 42 1 1 44 17 15 17 1 56 4
split_gain=1.33448e+06 363994 257470 124890 81200.6 79513.9 70957.2 66527.4 65058.1 62420.2 45741.6 37262.3 33803.5 31348.7 28119.8 27008 25811.9 25733.6 31745.4 23961.4 23537.5 22779.5 22716.3 21804.4 21535.5 20613.1 19973.3 19588.8 19362.9 16794.8 16216.7 16204 15930.3 15847.5 20995.4 17515.9 18605.2 16003.7 15235 14687.6 14293.7 14284.5 13624 14752.3 12796.4 12949.9 12764.6 13563.9 14900.2 12690.3 12614.8 12661.1 12288.7 12285.9 12104.2 12094 11814.1 11705.7 11197.4 10726.5 10653.3 10205.8
threshold=2.554999947547913 0.14311316609382632 3.0649999380111699 75.29248428344728 2.7050000429153447 92.389999389648452 0.031537504866719253 2.3850001096725468 1.3049999475479128 3.1049998998641972 1.0587649345397951 2.2949999570846562 77.590145111083999 0 77.179512023925795 9.5000000000000018 73.954586029052749 79.000000000000014 283.37500000000006 1.0549999475479128 28.500000000000004 0.035785431042313583 1 64.000000000000014 1.1544491052627566 2 49.500000000000007 4.5000000000000009 77.179512023925795 55.505079269409187 3.5049999952316289 0.23084262758493426 186.62500000000003 3 2.495000004768372 66.972438812255874 68.533325195312514 1.3269515633583071 2.5000000000000004 75.29248428344728 0.50084745883941661 1.8162114620208742 75.29248428344728 7.5000000000000009 11.500000000000002 67.939998626708999 3.5000000000000004 353.87500000000006 76.95593643188478 1.0587649345397951 4.5000000000000009 72.010101318359389 74.218147277832045 2.6950000524520878 2.9050000905990605 1.3184209465980532 4.5000000000000009 3.5000000000000004 4.5000000000000009 2.2849999666213994 4 1.6050000190734866
decision_type=10 10 10 10 2 8 10 2 8 10 8 10 10 9 10 10 10 2 2 8 2 10 1 8 8 1 8 10 10 8 10 10 2 1 10 8 10 10 10 10 10 10 8 2 2 10 2 2 10 8 10 8 10 8 10 10 10 2 10 8 1 2
left_child=1 3 4 5 11 7 13 17 19 14 26 28 20 -7 21 38 49 18 -1 55 46 52 -15 29 53 32 -10 33 31 -12 -11 61 -17 -19 35 -35 -37 -38 -5 54 -21 -26 -31 -44 45 -20 60 48 -48 -8 51 59 -4 -24 -13 -3 -28 -54 -9 -25 -6 -2
right_child=2 8 9 15 12 6 16 58 10 30 23 39 -14 22 -16 25 -18 27 44 40 -22 -23 24 50 41 -27 56 -29 -30 42 -32 -33 -34 34 -36 36 37 -39 -40 -41 -42 -43 43 -45 -46 -47 47 -49 -50 -51 -52 -53 57 -55 -56 -57 -58 -59 -60 -61 -62 -63
leaf_value=-0.39023387450398489 0.067784332305783096 -0.73679529914302033 0.17820720229323733 0.23492508844598325 0.051237314707127481 0.21297289557445542 0.019518099579468134 -0.012738475247021406 0.040628052897794968 0.24354608153757809 -0.32594725785861201 0.032947154047156757 0.27686843016426621 -0.034188217076452115 0.28674452639069081 0.080411831350121046 -0.2133291009437476 -0.14676510258700143 -0.16395017364633277 -0.1854840109804794 0.14773352596650982 0.037453424735373476 0.042301206333252281 -0.20266123993361601 -0.033814419715961747 -0.047802206320951668 -0.12492595325564713 -0.025921099048402375 0.13462791396473164 -0.1200178186494491 0.34200488770373644 -0.17056194488437459 0.35496878681476651 -0.016005578673755037 0.051994624259284174 -0.16674644839648498 -0.11427216606895076 0.012543541260361415 0.028741088332665511 0.16198142676998753 -0.32193694569892572 0.16311414724989909 0.52320581296008561 -0.01775362020386731 -0.40899222888465686 0.23064625224203897 0.11719213457944055 -0.1778139756495267 -0.13027050969478521 -0.078619309671628224 -0.094615433195981341 -0.27818856854786983 0.16404640842012747 0.14283070633557721 0.11128554599691068 -0.3041758667983035 -0.007420346329801048 -0.0082820963041701414 0.081133205895072211 -0.11042800952634542 0.14154250334911178 -0.038414340879731064
leaf_weight=1043.75 1702 105.5 11699.25 3217.25 5008.25 1762 3108.25 8708 2527.25 10961.25 565.25 14598.25 2070.75 5162.5 2388 1712.25 1765 10485.25 244 10587.25 11635 2875 3172.25 9129.75 3906 1842.75 4782.75 5641 1132 8924.5 3565.75 1317.75 420 3338 1624.5 6606.75 5046.25 2325 698.5 2078 1393.25 692 84.25 1242.5 117 288 1245.5 610 564 6545.75 2070.5 2719.75 1303 5036.5 4025.5 3725 1918.25 1220 2650.25 2601 3590.5 9632.75
leaf_count=1568 2617 116 16668 4151 6695 2611 4813 13025 4463 13434 650 18940 2310 7081 2625 1755 1765 16090 244 15223 15709 4012 3824 11676 5661 1947 8943 8218 1294 10774 4006 1989 420 5180 1944 11796 6802 2661 937 2516 2378 902 97 2201 117 288 1985 610 564 7955 3059 4510 1303 6226 5173 5069 3473 1220 3932 3486 4912 14612
internal_value=0.000106035 -0.0781792 0.117283 -0.0280962 0.066896 -0.043204 0.00658715 -0.0754367 -0.161517 0.204989 -0.132188 0.0272306 0.122216 0.0525123 0.15817 0.123644 -0.072763 -0.10158 -0.253848 -0.229318 0.108056 0.14018 0.0366168 -0.158181 0.065189 0.0501533 -0.0551697 -0.0942153 -0.0237211 -0.113991 0.267758 -0.037908 0.134778 -0.107305 -0.085446 -0.098345 -0.118002 -0.074279 0.198181 0.0611569 -0.201404 -0.00411686 -0.102241 0.0173277 -0.0339699 0.0497147 0.0661369 -0.0150147 0.0399978 -0.0470242 -0.187095 -0.20033 0.160937 0.104002 0.0498905 -0.316471 -0.0913019 0.080773 0.00917457 -0.182234 0.0889703 -0.0224579
internal_weight=232758 139536 93222.5 87158.8 59210.2 79268 31150.2 48117.8 52376.8 34012.2 36565.8 34486.2 24724 19731.2 19485.2 7890.75 11419 36759.5 1692.75 15811 22653.2 17097.2 17969.2 27337.5 12806.8 3975 9228.25 35066.8 13784.5 10816.5 14527 12652.5 2132.25 29425.8 18940.5 17316 13978 7371.25 3915.75 20701.8 11980.5 4598 10251.2 1326.75 649 532 11018.2 2419.5 1809.5 9654 16521 14450.5 14222.2 8208.75 18623.8 3830.5 6701 2523 11358.2 11730.8 8598.75 11334.8
internal_count=321225 198031 123194 121913 79926 112703 40838 71865 76118 43268 53332 47141 32785 26305 25828 9210 14533 54908 2217 22786 30475 23203 23694 36453 16613 4122 16879 52691 20512 13722 17440 19218 2175 44473 28383 26439 21259 9463 5088 26629 17601 6563 13072 2298 649 532 14766 3159 2549 12768 22731 19672 19191 10050 24113 5185 12416 2523 16957 15162 11607 17229
cat_boundaries=0 1 2 3 4 5
cat_threshold=12 8 4 8 8
is_linear=0
shrinkage=0.04


Tree=24
num_leaves=63
num_cat=7
split_feature=0 0 22 22 52 11 1 1 1 1 19 1 22 9 20 49 1 56 49 49 0 56 1 45 15 22 48 5 53 1 22 48 25 42 49 56 22 42 0 0 24 23 19 5 42 10 52 20 22 25 44 11 25 44 42 23 48 25 20 0 5 56
split_gain=1.21782e+06 389804 197863 161361 98170.7 97209 90504 47998.1 47745.4 41560.3 40808.5 35253.4 29564.8 29478.7 27943.2 26009.9 25657.4 25027.5 23616.4 22769.5 22320.1 19111.9 19046.4 17816.5 21348.1 17687.8 17329.7 23924.2 18191 16996.7 16761.9 15927.6 15409.2 15128.8 14957.7 14824.1 14654.8 15916.1 13859.6 13682.7 13468.2 15359.5 13340.4 13292.9 13285.3 12370.4 12244.3 12079.2 11975.5 11717.2 11683.3 11550.1 11281.1 12952.8 11236.7 11109.1 12468.9 11054.5 10929.1 10598.6 10515.1 10499.8
threshold=2.4250000715255742 2.9050000905990605 0.069005299359560027 0.066482517868280425 0 0.20013717561960223 3.0849999189376835 2.3549998998641972 2.2549999952316289 2.5049999952316289 49.500000000000007 1.9550000429153445 0.12007877603173257 2.5000000000000004 177.50000000000003 2.7262496948242192 2.4150000810623173 1 2.4220560789108281 2.7373944520950322 3.5049999952316289 2 1.1649999618530276 32190.250000000004 3.5000000000000004 0.03614510782063008 0.085645750164985671 46.500000000000007 3 2.9450000524520878 0.017273891717195514 0.12209749221801759 46.125000000000007 73.292812347412124 2.7311431169509892 4 0.019503099843859676 73.542205810546889 2.495000004768372 0.81499999761581432 0.10139193385839464 1.0116243958473208 5.0000000000000009 8.5000000000000018 73.898105621337905 3.5000000000000004 5 110.00000000000001 0.088442854583263411 358.00000000000006 2.54919445514679 0.068206049501895918 364.12500000000006 2.5334342718124394 58.281900405883796 1.0775569677352907 0.084574311971664443 302.12500000000006 177.50000000000003 3.2549999952316289 39.500000000000007 6
decision_type=8 10 8 8 9 10 10 10 8 8 8 8 10 2 2 10 8 1 10 10 10 1 8 2 2 10 10 2 9 10 10 10 2 10 10 1 10 10 10 10 10 8 8 2 8 2 9 2 10 2 10 10 2 10 8 10 10 2 2 10 2 1
left_child=2 3 4 10 8 11 9 12 18 35 14 -4 19 58 43 23 -12 29 25 40 34 -10 39 24 59 -1 55 -28 -29 51 -20 47 -33 -9 -8 -3 -18 61 -34 -7 41 -5 -24 -2 -26 57 52 -14 -48 -35 -32 60 -19 -54 -53 56 -15 -42 -6 -11 -13 -38
right_child=1 6 5 7 13 22 20 33 21 15 16 17 31 26 -16 -17 36 46 30 -21 -22 -23 42 -25 44 -27 27 28 -30 -31 50 32 38 49 -36 -37 37 -39 -40 -41 45 -43 -44 -45 -46 -47 48 -49 -50 -51 -52 54 53 -55 -56 -57 -58 -59 -60 -61 -62 -63
leaf_value=0.01048289716180701 -0.12091426868235923 -0.007736501702542367 -0.17607458027875372 0.15508698813086902 0.019208832807580189 -0.38495421067637836 0.20459036659494353 0.046822398289475951 -0.073590920993794148 0.12478975011979464 0.0010140823783875432 -0.04204167136780413 -0.32210332215568421 -0.00031149969352078948 0.18809409067539343 0.26377772374923486 0.1509128704923742 -0.12437680395092338 -0.075962837446789763 0.27181110931610963 0.32971707933179134 0.029572499681099342 0.21152192053472924 0.23071485498967564 0.11704166638603428 -0.12117423588957536 -0.011918086630804079 0.34340001050938734 0.051047381275914669 0.22329471360753514 -0.19460680456381782 -0.16040779666511212 0.034575098095622599 0.010413772736286256 0.34296961471852722 0.10884110694376652 0.04411212880178652 -0.029501462388908412 -0.13726266241123589 -0.24480524558065334 0.081729732540086586 -0.079995127574948546 -0.19956447234926747 0.089577017429459657 -0.028657029162477286 -0.079070118830032843 0.031743215343722361 -0.13088336075612034 -0.10706328853702507 -0.16725533481537999 -0.36202371197438366 -0.56479563020531687 -0.17228524143589483 -0.41471666522192052 -0.084240288912113478 -0.11870631412293965 -0.46826426451693293 -0.033214130485821496 0.13415336204274581 0.20075114237444772 0.087113821035684463 0.11961515840338068
leaf_weight=2209.5 640 4044.5 9712.75 470.75 1856.75 1496.25 13223.75 13258.75 6226.5 11031.25 8057 3503.25 581 4474.25 8318.5 2948.75 4331.75 7842.25 1759.5 408.75 3551.25 5332 125.75 2838 1921.25 6247.75 2604.5 659.5 719.5 382.5 5008 1569.25 2794.25 1477 1384.5 3067.5 5386.75 2298 1024.75 4478.5 3514.75 7530.25 16088 1901.5 2087.5 1935.75 1383 5807 3530.25 991 772 77.25 1404.75 472 4686.25 2232 91 2160 4614.5 4018.25 1414 6515.25
leaf_count=2907 922 4847 13066 1496 2129 2082 16610 19285 8514 16075 9692 5139 581 5822 10099 3293 4454 13144 1788 516 4026 6544 167 2838 2990 8593 3482 934 934 456 6577 3592 3278 1477 1575 3657 7471 2298 1309 6277 4246 18640 26084 2125 2875 1995 2316 7250 6075 991 772 78 1434 472 7777 2367 91 2160 6035 5906 2011 8424
internal_value=0.000180112 0.0806976 -0.103907 0.0264306 -0.0411075 -0.153622 0.168371 -0.0259472 -0.0879536 0.127836 0.0873027 -0.111513 -0.057542 0.033717 0.152635 0.152241 0.0606085 -0.0861087 -0.132706 -0.0221676 0.239681 -0.0260035 -0.218904 0.137197 0.123248 -0.0867828 -0.00679521 0.0594329 0.19402 -0.0375407 -0.184182 -0.105652 -0.0549686 0.0298954 0.217751 0.0425603 0.0865148 0.066851 -0.0115796 -0.280021 -0.0298991 -0.0661274 -0.19635 0.0365146 0.0411927 0.00819441 -0.119501 -0.148372 -0.0679929 -0.0610019 -0.217087 -0.0478915 -0.14552 -0.233637 -0.0922689 -0.0456152 -0.00984201 0.0379805 0.101191 0.145096 -0.00487989 0.0854569
internal_weight=232492 131088 101404 80972 44807.2 56596.8 50116.5 43523.2 27555.2 31957 37448.8 34408.2 27796.5 17252 10860 24845 26588.8 24695.5 15996.8 16020.2 18159.5 11558.5 22188.5 21896.2 19058.2 8457.25 10780.8 3983.5 1379 10063.2 7539.5 11776.2 5388.25 15726.8 14608.2 7112 18531.8 14200 3819 5974.75 15611.5 8001 16213.8 2541.5 4008.75 7610.5 14632.2 6388 4913.25 2468 5780 9680.75 9719 1876.75 4763.5 6797.25 4565.25 5674.75 6471.25 15049.5 4917.25 11902
internal_count=321060 176993 144067 112301 57489 86578 64692 66816 35695 42481 45485 51968 45063 21794 13146 33977 32339 38902 20637 29053 22211 15058 34610 30684 27846 11500 13630 5350 1868 15461 9137 16010 8179 21753 18185 8504 22647 18193 4587 8359 28537 20136 26251 3047 5865 8401 23441 7831 8391 2468 7349 15005 15050 1906 7855 8280 5913 6406 8164 21981 7150 15895
cat_boundaries=0 1 2 3 4 5 6 7
cat_threshold=16 4 8 48 4 16 8
is_linear=0
shrinkage=0.04


Tree=25
num_leaves=63
num_cat=6
split_feature=0 4 4 22 22 1 4 52 0 14 53 11 14 22 52 1 48 11 19 7 11 4 15 43 22 6 0 48 13 4 45 43 15 23 19 48 22 45 43 22 9 11 4 14 35 22 35 14 32 53 43 56 30 19 19 42 22 52 17 42 0 42
split_gain=1.12922e+06 373129 197083 159791 116905 75287.1 71753.7 63072.1 49096 43596.8 55843.7 42063.3 32043.6 31499.6 30541.4 29062.7 29056.6 28007.8 21449.7 20586.4 20544.6 20389.4 20388.7 18720.1 20384.4 18945.2 18393.4 17307.3 16646 16266 15994 21272.4 15342.9 15181 14306.8 14147 13960.7 14681.4 13806.8 14382.1 13441.2 13696.4 13333.8 13290.5 14757.9 13208.4 13101.2 12831.2 13829.1 12561.5 11813.8 12883.9 11348.9 11083.1 12050.6 13314.8 10673.3 10436.4 14475.7 10292.6 9962.04 9703.96
threshold=2.3950001001358037 2.7649999856948857 2.2849999666213994 0.12391588091850282 0.069005299359560027 2.4150000810623173 3.1350001096725468 0 2.9150000810623173 94.220001220703139 1 0.25356170535087591 77.479999542236342 0.0917622745037079 2 3.0349999666213994 0.032811438664793975 0.24693857133388522 64.000000000000014 23.500000000000004 0.24008733034133914 1.2549999952316286 3.5000000000000004 0.05499385483562947 0.017273891717195514 101.25000000000001 0.75499999523162853 0.04138410463929177 1.0000000180025095e-35 3.3850001096725468 28641.250000000004 0.048950795084238059 3.5000000000000004 1.0433844327926638 55.000000000000007 0.12809603661298755 0.066482517868280425 26414.750000000004 0.059439036995172508 0.11901463195681573 3.5000000000000004 0.50084745883941661 2.8149999380111699 79.729999542236342 13.750000000000002 0.073388416320085539 22.250000000000004 88.184997558593764 1.1549994349479678 3 0.053020549938082702 4 0.12447828426957132 52.500000000000007 190.50000000000003 66.974662780761733 0.062635455280542388 5 2.5000000000000004 69.628433227539077 1.8949999809265139 77.138763427734389
decision_type=8 2 2 8 8 8 2 9 10 10 9 10 10 10 9 8 8 8 8 2 8 2 2 10 10 2 10 8 8 2 2 10 2 10 10 10 8 2 8 10 2 10 2 10 2 10 2 10 8 9 10 1 10 10 10 10 10 9 10 10 10 10
left_child=2 3 4 5 7 18 16 23 9 17 -11 21 20 14 42 -10 -3 -7 45 36 -5 -6 28 24 -1 53 -9 -8 56 -29 31 -20 47 49 35 -34 -18 -38 57 -40 -13 -42 50 52 -45 -2 -16 -14 61 59 -4 -52 -19 -25 55 -55 -12 58 -23 -28 -26 -49
right_child=1 6 13 12 11 8 27 26 15 10 22 40 32 -15 46 -17 19 43 30 -21 -22 38 -24 25 60 -27 33 29 -30 -31 -32 -33 34 -35 -36 -37 37 -39 39 -41 41 -43 -44 44 -46 -47 -48 48 -50 -51 51 -53 -54 54 -56 -57 -58 -59 -60 -61 -62 -63
leaf_value=-0.052310492902045987 0.08084802251402437 0.26354010262461769 -0.083532446959678999 -0.073807995174820534 -0.071017763320359889 0.054245652448224851 0.34904962959617336 -0.1592689122820283 0.11025414764304817 0.23469225965574703 0.095796041072752858 -0.13564368725402326 -0.070139423943183121 -0.072993020098047534 0.087237036689343392 0.24975635717944553 0.12716110142256187 -0.081253389037295246 -0.15576016518460561 0.14776186945078457 -0.22439559259984937 -0.28062156787173193 -0.021103497544343354 -0.02214095589670987 -0.26659084542672257 -0.027257439033448287 0.3569804572310904 0.19221725904709477 0.1706228032616903 0.28530683988848954 0.039634352532989137 -0.025409095926912026 -0.42059496185591877 -0.019440045036859775 -0.075305332567073766 -0.0055842848087983401 0.05007166076537034 -0.25927978335926311 -0.11883320955644204 -0.18723342764588047 -0.22916215648984647 -0.34548531600006044 0.18997173644112306 -0.11231789727728612 0.058733021054790537 -0.027106706924809189 0.49166795560057835 -0.045065817853379014 0.079085201872489769 0.026650822198020944 0.070944382885877996 -0.043162182027089734 -0.30561269018882953 -0.065865413469294976 -0.039855824110963528 -0.22422311465399905 -0.01966966230834848 -0.29008539226747881 -0.0076832519335156228 0.10519066026708246 -0.1572326826859678 0.37544091093672644
leaf_weight=1711 5618.5 2423.5 3602.25 2858.25 4536 14022.75 1891.5 1088.5 6293 4347.75 3821 2057 4379.75 7396.5 6171.25 3856.75 4993.5 1785.5 2750 16309.5 2945.75 622.25 3091.25 1215 2629.5 4627.5 392 10064 3230 4302 3378 7365.75 414 7237 2799.75 192.25 5974.25 254 10521 9269 11471 1896.25 479.25 1250 2268.75 2675.75 129 3617.5 3150 2214.5 2820.75 3603.5 451 1135.25 1155.5 3400.5 1925.25 2201.75 619.75 770.75 2730.5 88
leaf_count=1735 6517 2827 4929 4668 6261 19368 2097 1315 7547 5211 4406 3212 7601 10275 8314 4852 5838 2801 2750 21900 5558 869 3809 1485 3408 6549 797 12890 3821 5058 3378 10863 702 8218 5529 193 8714 254 17814 13460 18044 3226 639 1682 2673 3680 195 5140 6537 3506 3582 5252 709 1376 2021 4035 2391 2504 829 1196 3662 88
internal_value=0.000319168 0.0753729 -0.103221 0.0273005 -0.13582 0.0567311 0.167509 -0.0755887 0.0855614 0.0637523 0.111937 -0.178076 -0.0707687 -0.00421778 0.0260555 0.163302 0.130773 0.0237527 -0.00459268 0.119068 -0.150289 -0.148636 0.0674272 -0.12135 -0.172599 -0.0899052 -0.00282952 0.235171 0.0979893 0.22013 -0.0357072 -0.06087 -0.0392289 0.0132397 -0.113572 -0.289454 0.0773448 0.0373752 -0.163781 -0.150886 -0.231054 -0.245713 -0.015703 -0.0505354 -0.00205808 0.0460224 0.0956726 -0.0166744 0.0174919 0.0832405 -0.0255706 0.0069448 -0.126733 -0.131861 -0.155267 -0.184636 0.0571151 -0.237756 -0.144665 0.188929 -0.210962 -0.0348801
internal_weight=232492 134788 97704 88576.2 73501.5 68131 46212.2 30307.5 46343 36193.2 16415.2 43194 20445.2 24202.5 16806 10149.8 29954.8 19778 21788 27531.2 5804 27769.8 12067.5 18604.8 7071 11533.8 11702.8 16257.5 8976.25 14366 13493.8 10115.8 14641.2 10614.2 3406 606.25 11221.8 6228.25 23233.8 19790 15424.2 13367.2 10505.8 5755.25 3518.75 8294.25 6300.25 11235.2 6855.5 3377.25 10026.5 6424.25 2236.5 6906.25 5691.25 4535.75 5746.25 3443.75 1242 1162.75 5360 3705.5
internal_count=320760 182052 138708 122474 105522 86458 59578 39303 59270 46871 19638 66219 36016 33186 22911 12399 39533 27233 27188 36706 10226 41737 14427 24271 8805 15466 15032 20045 10618 17948 16991 13613 25790 13717 6424 895 14806 8968 35476 31274 24482 21270 14402 7865 4355 10197 8509 19366 11765 5499 13763 8834 3510 8917 7432 5411 6797 4202 1698 1993 7070 5228
cat_boundaries=0 1 2 3 4 5 6
cat_threshold=16 44 16 16 4 4
is_linear=0
shrinkage=0.04


Tree=26
num_leaves=63
num_cat=8
split_feature=0 21 11 1 21 4 11 1 4 0 21 21 21 21 43 11 56 11 21 1 21 21 50 47 21 17 15 56 43 20 24 21 47 53 4 56 24 42 21 42 35 21 9 21 20 22 42 56 48 0 42 52 42 16 24 15 45 53 31 56 20 38
split_gain=1.03784e+06 430134 241851 142005 82690.3 74717.8 69088.4 50368.6 44377.7 37722.2 36182 33941.7 32563.3 31672.6 30759.4 26197.6 22217.9 21605.5 20862.6 20183.5 20082.1 20039.9 18068.5 17135.6 16765.9 16281.6 14436.9 14259.5 16679.3 16403.2 16283.5 13884.2 13729.1 14181.8 13501.2 13405.8 13302.4 13239.7 14715.5 13074.5 12787.7 12527.7 12922.4 12378.7 11910.4 11867 11738.9 11378.5 11131.2 10963.2 10894.6 11866.9 13387.9 10613.5 10546.4 13686.7 11903.6 22251.3 12581.3 10480 10445.4 10373.1
threshold=2.7150000333786015 74.533176422119155 0.0658288709819317 2.9450000524520878 75.729537963867202 2.1650000810623173 0.0658288709819317 2.5849999189376835 2.8149999380111699 3.1450001001358037 86.135070800781264 63.870082855224616 66.469604492187514 82.205451965332045 0.059439036995172508 0.25645792484283453 0 0.16590895503759387 60.947811126708991 1.5049999952316286 78.926559448242202 68.308303833007827 352.62500000000006 81.388877868652358 69.260829925537124 4.5000000000000009 2.5000000000000004 1 0.046010792255401618 110.00000000000001 0.011484527960419657 69.445976257324233 69.072708129882827 2 2.685000061988831 3 0.016853686422109607 74.088081359863295 79.325862884521499 79.061786651611342 13.750000000000002 83.14151763916017 2.5000000000000004 70.499790191650405 79.000000000000014 0.016710150055587295 73.778861999511733 4 0.39865697920322424 3.2949999570846562 65.050266265869155 5 72.768692016601577 2.5000000000000004 0.12093919888138772 2.5000000000000004 3015.2500000000005 6 68.766487121582045 7 184.00000000000003 1.1409982442855837
decision_type=10 10 10 10 10 2 10 10 2 10 10 8 8 10 10 10 1 10 8 8 10 8 2 10 10 10 2 1 8 2 10 8 10 9 2 1 8 10 10 10 2 10 2 10 2 10 10 1 10 10 10 9 10 2 10 2 2 9 8 1 2 10
left_child=1 2 7 4 8 11 13 12 17 20 15 -4 22 34 25 32 -9 31 -10 40 59 48 44 27 -11 -13 -12 30 -29 -30 -14 -2 -8 -34 47 50 -23 38 -35 49 -16 42 -6 -21 -1 -27 -33 -3 -7 -20 -24 52 -52 -17 56 -56 58 -58 -31 -5 -45 -46
right_child=3 6 5 9 41 21 10 16 18 24 26 14 23 -15 19 53 -18 -19 39 43 -22 36 35 -25 -26 45 -28 28 29 54 -32 46 33 37 -36 -37 -38 -39 -40 -41 -42 -43 -44 60 61 -47 -48 -49 -50 -51 51 -53 -54 -55 55 -57 57 -59 -60 -61 -62 -63
leaf_value=-0.34805292913616492 -0.0057913674816705216 0.12969480541166159 -0.23431744145157965 0.092510189260101669 0.18299439383019281 -0.11729528987212877 0.1224062005024793 0.098956766806032853 -0.18059970077192986 0.1750212511095888 0.39054074185298993 -0.23756147512496417 0.090525548438965056 0.24943717877048951 -0.21429912519473451 -0.092056962399103576 -0.0019299773333498063 -0.11356810997084563 0.10817492316227366 -0.12415854776468158 0.2935840085402302 0.16191458675637349 0.15517080454204732 0.25347263191137848 0.26518627319203281 0.033697778351515564 0.08637490532103273 -0.16861516378262401 -0.21265362703419885 -0.13194375717706516 -0.087867632073127547 0.073513993053399562 0.098289670695117778 -0.041370125446169005 0.20809589761704214 -0.13247087727794543 -0.053985152405741303 -0.17440902246578599 0.11089165694204323 -0.095267556881987001 -0.12186544758613604 0.28059792891284252 0.02830368172221823 -0.071262874113092678 -0.25118151591055549 -0.17276246746885865 -0.062953894421165543 0.050321052803948441 -0.56268845518233035 0.20094950485618759 -0.02376428275280415 -0.077893189961373371 0.34213004916028367 -0.44177402126564935 -0.043124702936386435 0.11865155017620672 0.22385488714132937 0.00025539024480508444 -0.01699052913338497 0.16789286713919513 0.10929275387993348 -0.095717293152028579
leaf_weight=571 9421.75 5939.25 9613.25 6231.75 6688.25 10039 1906.5 5421.5 377.5 4821.75 518.25 7801 900.25 3073.25 5655.75 2826.5 9809.75 1821.5 9395 13357.75 1305.5 472.25 451 339 10586 623.25 483 1039 584 1972.75 8869.5 10164.75 1907.25 4045.5 1826.5 3667.5 12328.75 832 1353.75 432 4172.75 1792.5 993.25 4437.5 1044.5 1553.75 1118 5635 88.75 2607 475.25 3895.5 239 144.25 1277 2420 803.5 5626.5 6669 5623.25 577.75 2011.75
leaf_count=856 12532 6831 14210 8688 7691 13969 2517 6380 454 6204 609 12760 3010 3131 7896 3674 14384 2765 13115 19747 1406 1553 451 381 12344 1437 483 1039 1073 2803 11346 15255 2265 5067 2176 5481 18016 832 1602 432 5579 1824 1195 5411 2117 1859 1118 7279 97 3969 689 4869 239 157 1343 2780 1165 7521 14178 6821 1309 2707
internal_value=0.000347287 -0.0569886 -0.0889676 0.124816 0.0803802 -0.13864 0.0781031 -0.028488 0.0522393 0.194505 0.0128234 -0.167119 -0.0506931 0.133638 -0.150187 -0.00501617 0.033988 0.0184303 0.111672 -0.128812 0.144729 -0.0792701 -0.105471 -0.0284973 0.236997 -0.210561 0.244285 -0.0316834 -0.0126431 -0.00425237 -0.0714133 0.0300533 0.0258478 0.00320289 0.107047 -0.0742575 -0.0459956 -0.0260379 -0.00316523 0.120573 -0.175089 0.18531 0.163006 -0.10404 -0.180495 -0.113675 0.059982 0.0910672 -0.121309 0.128358 -0.0320333 -0.0504097 0.0992724 -0.109327 0.00225369 0.0627763 -0.0125979 0.0286072 -0.0432576 0.12829 -0.0504262 -0.148981
internal_weight=232680 159300 128809 73379.8 44811.5 70721.5 30491 58087.2 35337.5 28568.2 14017 47792.8 42856 16474 38179.5 13015.8 15231.2 22526 12811.5 28201.5 13160.5 22928.8 12355.5 30500.5 15407.8 9978 1001.25 30161.5 20391.8 19352.8 9769.75 20704.5 10045 8138.5 13400.8 8728.25 12801 6231.25 5399.25 12434 9828.5 9474 7681.5 18373 3627.25 2177 11282.8 11574.2 10127.8 12002 5060.75 4609.75 714.25 2970.75 18768.8 3697 15071.8 6430 8641.75 11855 5015.25 3056.25
internal_count=321091 225278 188655 95813 60350 103843 36623 84812 49640 35463 17206 70208 64048 19417 55998 16114 20764 31670 17970 39942 16915 33635 17409 46639 18548 16056 1092 46258 31902 30863 14356 28905 12283 9766 16286 11729 19569 7501 6669 17516 13475 10710 8886 26467 5680 3296 16373 14110 14066 17084 6248 5797 928 3831 29790 4123 25667 8686 16981 15509 6720 4824
cat_boundaries=0 1 2 3 4 5 6 7 8
cat_threshold=4 8 12 4 4 4 44 8
is_linear=0
shrinkage=0.04


Tree=27
num_leaves=63
num_cat=3
split_feature=0 21 0 11 21 21 1 21 1 1 49 56 14 56 1 1 44 1 21 42 42 11 19 42 20 21 1 50 21 15 19 20 42 49 49 17 17 43 11 44 21 50 14 25 42 37 0 29 21 56 19 19 49 49 0 25 42 11 9 48 49 8
split_gain=974973 346800 186041 166292 109099 75738.4 49350.9 43129.4 40556.8 40243.9 33921.6 31577.4 37020.7 31108.3 28281.7 27407.9 27079.7 24324.3 23926.1 20965.7 20246.2 19594.7 19212.9 18155.1 17993.4 17235.7 17003.1 16235 16174.4 15867.1 21569.4 16726.1 14995.8 14280.7 14201.7 14133.9 13845.1 15923.8 13652.1 13614.5 13493.6 13447 13108.7 13085 13079.4 12960.6 14944.6 18207.4 19766.8 12918 12256.6 12243.7 11976.5 17030.3 11959.8 11726.2 11674.8 11418.8 11355.1 11344 11227.3 14006.9
threshold=2.5649999380111699 73.233318328857436 3.1049998998641972 0.14311316609382632 73.465930938720717 78.408687591552749 2.7549999952316289 69.220321655273452 2.2749999761581425 2.5349999666213994 1.4375321269035342 0 88.345001220703139 1 2.3750000000000004 1.5349999666213991 2.5444197654724126 3.1950000524520878 82.205451965332045 73.898105621337905 66.972438812255874 0.076166305691003813 9.5000000000000018 73.292812347412124 110.00000000000001 66.469604492187514 2.9550000429153447 5065.1250000000009 88.393150329589858 3.5000000000000004 167.50000000000003 179.00000000000003 70.237026214599624 2.7262496948242192 2.7262496948242192 4.5000000000000009 4.5000000000000009 0.092496998608112349 0.04313445836305619 2.5210835933685307 82.205451965332045 24589.750000000004 93.950000762939467 17.875000000000004 76.95593643188478 73.093406677246108 2.5649999380111699 16.750000000000004 68.89096832275392 2 49.500000000000007 23.000000000000004 2.5468689203262334 2.5773420333862309 2.0349999666213994 147.87500000000003 69.085494995117202 0.29503209888935095 10.500000000000002 0.12391464039683343 2.4657217264175419 240.25000000000003
decision_type=10 10 8 10 10 10 10 10 8 10 8 1 10 1 8 8 10 10 10 10 8 10 10 10 2 10 8 2 10 2 10 2 10 10 10 10 10 10 10 10 10 2 8 2 10 10 8 2 8 1 10 10 10 10 10 2 10 10 2 10 10 2
left_child=1 3 4 9 6 8 21 26 23 11 58 12 20 -11 28 -12 42 40 19 38 27 33 -18 35 -22 -13 -4 -1 55 30 31 45 -27 44 36 54 37 57 -6 -8 -9 -31 43 -10 -2 46 -14 -48 -49 -16 -50 56 -20 -54 -3 -7 -28 -17 -5 60 -57 -62
right_child=2 5 7 10 18 14 39 17 16 13 15 25 29 -15 49 34 22 -19 52 -21 24 -23 -24 -25 -26 32 51 -29 -30 41 -32 -33 -34 -35 -36 -37 -38 -39 -40 -41 -42 -43 -44 -45 -46 -47 47 48 50 -51 -52 -53 53 -55 -56 59 -58 -59 -60 -61 61 -63
leaf_value=-0.040644746164835113 0.013109842573179943 -0.12328808522714056 0.03610007858717814 -0.31625177873892496 0.17422345899061198 0.10144936332931809 0.098674473408864649 0.1680896576352208 0.20191781097422265 0.07851002331821598 -0.19954072584513177 -0.16805964447308727 -0.02285206390089246 -0.045971250735539995 0.10591128383342233 -0.16147863488052605 0.24738639686359301 0.27096418380204712 0.36112641041548904 0.036258372924740462 -0.32139293878213337 -0.06540481929139029 -0.14898855695233254 -0.19059788997484917 -0.10615748994265259 -0.051302228017081175 0.17481754331209978 0.22394809729142029 0.23855104330322049 -0.11679717062004803 -0.051724512803956159 0.20109176891918798 -0.13204034820075003 0.24511087095806905 0.14850035072295562 0.05337839230022895 -0.060082856926964981 -0.12059250746902167 0.078563207203237367 -0.00035862360889306338 0.31116206209314806 0.10702770169723756 0.12700867587293554 0.014484652405494534 -0.20767445474941124 -0.16317298133458852 -0.045554501646462901 0.33515584507960355 -0.020607722625923284 0.21903504959474368 0.25390799333408931 0.1674587841222723 -0.28639174476631901 0.22197534605229102 -0.0094301128670513032 0.089095357206812914 -0.13019976736090846 -0.26838204315166625 -0.74160251000809341 -0.32248785306890704 -0.041815302910180069 -0.50362428758105504
leaf_weight=3180.75 19447.75 3104.5 3103.75 1441 8970.25 2040.5 13276.5 11673.5 668.75 5050.25 14765 6635.25 2208 8817 2555.75 5801 223 7740.25 1034.75 3387 656.25 6788.5 1505 1479 11323.25 7607 353.25 418 674 2699 4111.75 1183.25 7137.75 413.75 285.5 2017.25 3474.75 14264 3259.75 2667 1161.5 509 4272.5 5348.25 437 478.5 783 799 741.25 4418.75 398.75 6246.75 112 1447.75 2813.5 1142 459.75 2217.25 107.5 189.5 1226 113
leaf_count=4860 28441 4006 3826 1807 11458 2990 18792 13661 1034 5987 20348 10293 2916 13239 2963 9839 223 8992 1094 3387 897 10135 1505 1479 17630 12833 786 418 698 4334 5719 2090 8895 524 392 2954 5967 20201 4027 2667 1169 509 5498 6915 437 480 1404 991 1111 4715 542 10017 112 1450 3610 1142 576 4762 133 191 1226 113
internal_value=2.72367e-05 -0.0661059 0.101321 -0.101358 0.0610145 0.0456161 0.0262795 0.181615 0.000136774 -0.061037 -0.162979 -0.0775028 -0.0506627 -0.000631627 0.124465 -0.15599 0.0488359 0.21492 0.143075 0.124357 -0.0930106 -0.00658587 -0.0976045 -0.0620251 -0.118001 -0.114515 0.114162 -0.00980236 0.0555718 -0.0032339 0.0201548 0.0649944 -0.0903997 0.0130893 -0.131285 -0.0380183 -0.134398 -0.14598 0.148744 0.0821099 0.181084 -0.0812368 0.0734439 0.0353781 0.00823695 0.0351548 0.0544642 0.117154 0.182842 0.177625 0.0756821 0.148461 0.255559 0.185146 -0.0691812 0.0293013 0.00242477 -0.191101 -0.346704 -0.0258579 -0.00295646 -0.0814869
internal_weight=232865 140884 91980.8 107093 61242 33791.2 43030.5 30738.8 21431.8 64737 42356 50869.8 29489.8 13867.2 12359.5 40807.5 12017.5 20575.2 18211.5 15617 15578.2 27087 1728 9414.25 11979.5 21380 10163.5 3598.75 5385 13911.5 10703.5 6591.75 14744.8 20298.5 26042.5 7935.25 25757 22282.2 12230 15943.5 12835 3208 10289.5 6017 19884.8 5408.5 4930 2722 1939 6974.5 1140 7059.75 2594.5 1559.75 5918 4711 813 8018.25 1548.5 2670.5 2481 1339
internal_count=321410 199859 121551 158597 82524 41262 60996 39027 27224 95148 63449 75922 43901 19226 14038 61509 15175 23822 21528 18872 23805 39537 1728 12049 18527 32021 15205 5278 6360 20096 15253 9534 21728 29402 41161 10570 40769 34802 15485 21459 14830 4843 13447 7949 28878 7444 6964 4048 2644 7678 1653 11379 2656 1562 7616 5662 1362 14601 1940 2672 2481 1339
cat_boundaries=0 1 2 3
cat_threshold=4 4 8
is_linear=0
shrinkage=0.04


Tree=28
num_leaves=63
num_cat=3
split_feature=11 4 4 22 22 49 1 4 52 22 11 49 4 14 14 13 43 5 42 19 4 4 47 47 44 32 22 5 4 9 42 14 52 39 5 19 47 22 5 19 22 20 11 20 25 47 43 49 56 43 49 9 20 49 1 8 22 44 49 44 45 48
split_gain=892238 329850 149643 121788 85369.1 63174.5 62691.2 51062.3 44355.8 37511.5 32816.7 31986.1 29377 27342.8 27321.1 37912.3 25376.6 21937.4 20709.3 20031.9 19458.5 18064.9 17760.8 16949.8 15885 20957.6 15782.3 15547.4 13649.8 13362.3 12730.5 12496.2 12433.5 12869.9 12359.6 12199.6 14308.5 12197.8 12036.7 11855.4 11549.4 11530 11365.4 11279.6 15783.3 11234.9 11012.3 12143.2 10993.8 11253.3 10951.5 10890.7 10884.4 10777.4 10436.4 10135.8 10003.5 10332.2 9976.95 9784.45 9676.02 13274.5
threshold=0.06256990879774095 2.8149999380111699 2.2350000143051152 0.12391588091850282 0.070410095155239119 2.7311431169509892 2.6750000715255742 3.185000061988831 0 0.0917622745037079 0.30720923840999609 2.7311431169509892 1.6050000190734866 86.174999237060561 94.430000305175795 1.0000000180025095e-35 0.05499385483562947 6.5000000000000009 73.954586029052749 59.500000000000007 2.4550000429153447 1.1950000524520876 71.997756958007827 71.537059783935561 2.0562483072280888 1.1927483081817629 0.017273891717195514 28.500000000000004 3.6450001001358037 3.5000000000000004 73.954586029052749 95.384998321533217 1 2.1192728281021123 31.500000000000004 9.5000000000000018 72.087604522705092 0.038171408697962768 35.500000000000007 170.50000000000003 0.066482517868280425 218.00000000000003 0.061868429183959968 175.00000000000003 74.125000000000014 55.505079269409187 0.059439036995172508 2.5456092357635502 2 0.37624095380306249 2.1448600292205815 9.5000000000000018 175.00000000000003 2.7311431169509892 3.2549999952316289 15.500000000000002 0.1468901410698891 2.4724371433258061 1.4375321269035342 2.4863120317459111 17684.250000000004 0.047972863540053375
decision_type=10 2 2 8 8 10 10 2 9 10 10 10 2 10 10 8 10 2 10 8 2 2 10 8 8 10 10 2 2 2 10 10 9 10 2 10 10 10 2 8 10 2 8 2 2 10 8 10 1 10 10 2 2 10 10 2 8 10 10 10 2 10
left_child=1 3 4 5 8 6 14 11 16 19 21 27 54 17 20 18 26 24 35 52 58 -6 32 38 25 -5 -2 40 53 -12 -14 -7 33 -15 -18 -16 59 -25 -21 43 -3 -42 -35 -10 -45 -11 -23 -48 49 -31 -36 -51 -4 55 -8 -9 -34 -58 -1 -37 -46 -62
right_child=2 7 9 13 10 31 12 28 39 45 29 -13 30 22 15 -17 34 -19 -20 23 -22 46 -24 37 -26 -27 -28 -29 -30 48 -32 -33 56 42 50 36 -38 -39 -40 -41 41 -43 -44 44 60 -47 47 -49 -50 51 -52 -53 -54 -55 -56 -57 57 -59 -60 -61 61 -63
leaf_value=-0.43215826451600231 -0.063637601513902964 0.1239441021845635 0.034179147768409648 -0.21893617143261512 -0.065477077455710714 0.10629116323286754 0.12959835651782978 0.050986758091801442 -0.060112932217917761 -0.46267171032838145 -0.1101375035444363 0.25960820298198328 0.073915783333408328 -0.048988783287742789 0.24959148378347004 0.14026695921075713 -0.11828153680863271 -0.046666381705098549 -0.084926013599247965 -0.024735635797968197 0.03298968755609874 -0.22238710006901222 -0.15888552162161998 -0.019175322306595247 -0.21790649419077698 0.08507167140478758 -0.2165268818219743 0.1447179541002887 0.37574084714170336 -0.27296196065044581 -0.0422979864669734 0.21115072126264423 -0.058310738319049885 -0.13666535912194541 -0.11684136998194092 0.028834694931058644 -0.048715237959261873 -0.14162614631107623 0.086370237451130233 -0.24203404477396201 0.071820094616917435 -0.06201307351845485 0.20916790628640658 0.16562060482102287 -0.059750068862848275 -0.07868192010907471 -0.14895405101303152 0.037139491329762346 -0.20426661995490419 -0.36824083770069616 0.006214713411437249 -0.94041783054069894 0.13940279702320568 0.31681047214977515 0.2378194562073839 0.20892742893518307 0.076772895484761627 0.32976859027657074 -0.03450980308788737 0.12939980386115163 -0.043991302841711349 0.1140609466595412
leaf_weight=99.5 1423.5 5643 4834.5 692.5 4287.5 3600.25 5303 694.75 3565.25 121.75 1490.25 2679.5 11385.25 6510.75 417.25 5177.25 5655.5 4166.25 2752 3262.75 9582.25 3314.75 1322.75 3247 3468 758 4508.5 13014.5 877 3626.75 1737 3689.75 724.75 202.5 1702 5352.25 2744.75 2171.5 2986.25 338.5 5340.5 1274.25 594.25 1108.25 2438.75 8715 20514.75 576 5868.5 177.25 3604.75 77.5 2331 1407.75 1956.25 10505 1734.75 302 19467.25 2177 1520 1925
leaf_count=197 1440 7419 6159 1153 5870 4054 5963 907 3920 139 2409 3020 15835 11955 820 6291 7271 7494 2752 4378 12886 3968 1472 5290 6522 788 5938 17354 931 6071 1737 4139 1042 324 2209 8059 2753 2260 5000 391 7331 1560 961 3173 2990 12021 32469 714 9497 262 5209 82 3288 1506 2206 13208 3870 302 26473 2177 1520 1925
internal_value=-0.000499876 0.0647672 -0.0944756 0.0240242 -0.126498 0.0475063 0.0355318 0.159074 -0.0726546 -0.0160953 -0.163962 0.128215 0.0942615 -0.0624863 0.0104709 0.0483169 -0.113234 -0.114239 0.0128891 0.0158079 -0.0137067 -0.141246 -0.021201 -0.0165211 -0.171432 -0.0601643 -0.179873 0.114264 0.223012 -0.221914 0.0585278 0.159409 -0.00308487 -0.0304102 -0.0771471 0.0380793 0.0294416 -0.0682839 0.0283686 -0.00972425 0.0819119 0.0460266 0.12114 -0.00223045 0.0272917 -0.0840768 -0.15455 -0.143868 -0.238972 -0.291309 -0.0332799 -0.548309 0.0684398 0.212329 0.158821 0.199142 0.0691904 0.114577 -0.0365763 0.0579397 0.00118756 0.0443379
internal_weight=232747 137354 95393 95917.5 67723.2 75441 68151 41436.2 27790 27669.8 39933.2 27951.8 20381.5 20476.5 47769.5 18620.5 16894.2 9084.75 13443.2 18833 29149 28693 11391.8 11667.5 4918.5 1450.5 5932 25272.2 13484.5 11240.2 13122.2 7290 10069 7307.5 10962.2 10691.2 10274 5418.5 6249 10895.8 12257.8 6614.75 796.75 10557.2 6992 8836.75 24405.5 21090.8 9750 3881.5 5306.75 254.75 7165.5 12607.5 7259.25 11199.8 2761.5 2036.75 19566.8 7529.25 5883.75 3445
internal_count=321324 185461 135863 132225 97328 96342 88149 53236 35986 38535 61342 36684 25741 35883 62408 22852 22067 15957 16561 26375 39556 43021 19926 16928 8463 1941 7378 33664 16552 18321 17572 8193 18454 13240 14689 13809 12989 7550 9378 13919 16310 8891 1285 13528 9608 12160 37151 33183 15912 6415 7418 344 9447 15621 8169 14115 5214 4172 26670 10236 6435 3445
cat_boundaries=0 1 2 3
cat_threshold=16 16 8
is_linear=0
shrinkage=0.04


Tree=29
num_leaves=63
num_cat=3
split_feature=0 4 21 21 21 1 4 21 4 21 4 4 14 1 11 19 11 56 47 19 4 4 20 42 52 11 0 43 15 14 50 8 9 4 14 20 48 4 47 31 21 24 42 25 21 43 19 42 56 20 27 17 4 42 23 42 4 30 15 22 21 48
split_gain=846474 277822 187838 174405 72827.4 67539.9 67068.4 57230.2 51041.2 39395.6 33832 33080.8 30736.9 29875.5 24146.4 22649.1 21311.2 20879.2 20726.3 20564.1 20224.5 18925.2 28236.4 18740.1 18221.3 16372.4 16210.9 16187.4 19869.5 16159.2 22499.6 15785.4 15715 15483 15361.6 17382.2 19205.8 14368 14183.5 13949.9 13701.5 13628.1 13474.6 12783.3 12736.1 12373.3 12179.9 12170 11576.3 11269.2 11262.5 11080.1 10747.2 10599.3 10523.3 10505 10494.3 10118.5 10030.3 11888.4 9953.99 11909.8
threshold=2.4250000715255742 2.7649999856948857 70.549018859863295 73.233318328857436 80.24106597900392 2.4050000905990605 2.2849999666213994 72.110469818115249 2.2350000143051152 82.205451965332045 1.1950000524520876 3.2250000238418584 91.720001220703139 1.5349999666213991 0.24008733034133914 17.500000000000004 0.37119558453559881 0 72.14859771728517 9.5000000000000018 1.2549999952316286 1.6749999523162844 177.50000000000003 72.626979827880874 1 0.47814142704010015 3.1550000905990605 0.048950795084238059 3.5000000000000004 94.220001220703139 17.625000000000004 71.500000000000014 13.500000000000002 3.1550000905990605 77.479999542236342 159.00000000000003 0.12326908111572267 0.65500000119209301 71.621944427490249 69.247005462646499 60.34489822387696 0.026368985883891586 73.542205810546889 586.37500000000011 88.393150329589858 0.059439036995172508 9.5000000000000018 70.700305938720717 2 218.00000000000003 1.0000000180025095e-35 4.5000000000000009 2.7549999952316289 72.595653533935561 1.0288630723953249 73.954586029052749 1.6549999713897707 0.10525599494576456 3.5000000000000004 0.020587688311934475 69.172683715820327 0.045447222888469703
decision_type=8 2 10 10 10 10 2 10 2 10 2 2 10 8 8 10 10 1 10 8 2 2 2 10 9 10 10 10 2 10 2 2 2 2 10 2 8 2 10 10 8 10 10 2 10 10 8 10 1 2 2 10 2 10 10 10 2 8 2 10 10 10
left_child=2 3 6 5 8 12 13 11 16 23 26 31 14 -1 56 -14 20 45 -6 -9 -4 22 -17 29 38 37 -7 28 -25 30 -5 53 -20 44 39 57 -37 -15 54 -16 -24 -34 51 -11 55 -10 -19 -12 52 -29 -32 -39 -8 -3 -22 -21 -2 -36 -57 -60 61 -55
right_child=1 7 4 9 18 10 48 19 17 43 47 -13 15 25 34 21 -18 46 32 33 24 -23 40 27 -26 -27 -28 49 -30 -31 50 -33 41 -35 35 36 -38 42 -40 -41 -42 -43 -44 -45 -46 -47 -48 -49 -50 -51 -52 -53 -54 60 -56 58 -58 -59 59 -61 -62 -63
leaf_value=-0.20278435709288573 0.053128811934995468 0.075518984052673391 0.026241068965646874 -0.13648240653255611 0.22794261042890848 0.069168643895717377 -0.029775216784771696 0.28601039451607985 -0.0063574177017137303 0.25508135268044912 0.040736890370037332 0.1880359199290636 0.16404751794392056 -0.06510295895949364 -0.20552628491414468 0.23769675770583981 -0.19997203116039927 0.10590297573947689 0.086984917979438289 0.16810212841589908 0.040408341152676483 -0.069105928776635933 -0.21139553354911086 0.017677667581854042 -0.031873578151572025 -0.26748342034324951 0.19338544008222713 0.0058351364109206173 -0.25425601229835193 0.18008750531335047 0.087229153200464871 0.11368602936979587 -0.60445941264760161 0.23257551691830178 0.29030775783274892 -0.17953844749621564 -0.010382644631813343 -0.14221114474591257 -0.17771682874517855 -0.04162442082550067 0.014983961755910463 -0.0062202497327966356 -0.25347549867198071 -0.057776769902756708 0.42360423943646874 0.12413617347794718 -0.039053225016434462 -0.028984031548431936 -0.087554426827841925 0.13213134131568205 0.22364642417284608 -0.065004786490906352 0.16026577654121177 0.17484446715595042 -0.10253848508500621 0.1308075592840168 -0.053098240457980034 -0.0061680475694953279 0.19221570356924619 -0.11715050637135757 0.038914622843110001 -0.16265984657881746
leaf_weight=13965.5 1726.75 5636.25 3265.25 656 1900 5579.25 5921.25 3467.5 1700.5 3373 8007.25 6225.25 1223 5017.5 3970.25 898.5 2056.25 1071.25 2760.25 7424.5 985.5 5822 461.75 2414 6704.5 1391.5 2406.75 1743 521 4810.75 6645 11411.25 98.25 5564.5 280.75 2421 1929.5 22248.25 3816 1052.25 5512 155.5 1547 222 264 3671.25 6826 8011.75 7533 3216 1133.25 3439.25 515.75 199 4994.5 1918 10693.75 528 278 683 2010 1002
leaf_count=19250 2452 9690 4091 674 2296 6429 8499 4129 2041 3436 12277 8212 2402 7059 7583 1290 2810 1435 2929 9022 2157 8333 539 2414 8719 2629 2712 1743 521 6754 8718 16014 102 6088 385 2937 3497 36091 4296 1281 8137 160 1547 222 267 4182 8926 9760 11853 3216 1572 6068 773 199 6163 1918 17275 1155 278 683 2010 1002
internal_value=-0.000431521 0.0666289 -0.0871362 0.0238571 -0.0196508 -0.0127157 -0.130976 0.145756 -0.0398488 0.113345 0.0393999 0.107394 -0.0469729 -0.153589 -0.0757666 -0.000205895 -0.0774641 0.0220147 0.12454 0.197576 -0.0647002 -0.0160545 0.0288952 0.0925101 -0.0826979 -0.133157 0.106644 0.0437085 -0.0307316 0.121584 0.0881792 0.0825975 0.0592445 0.178534 -0.121426 -0.0729025 -0.104557 -0.127345 -0.117468 -0.171219 -0.00257794 -0.240801 -0.138806 0.235738 0.150038 0.0828382 -0.0193673 0.00586687 -0.0539014 0.0877623 0.107158 -0.13188 -0.0145023 0.0424818 -0.078974 0.142947 -0.0383233 0.0972031 0.0780017 -0.0274348 -0.0155165 -0.106533
internal_weight=232926 131342 101584 85258.5 40005 60524.5 61579 46083.2 35091 24734 24005 26483.8 36519.5 47609 22602.2 13917.2 21822 13269 4914 19599.5 19765.8 12694.2 6872.25 21139 16500.5 33643.5 7986 7894 2935 13245 8434.25 20258.5 3014 16132 10181.8 5159.25 4350.5 32252 9796 5022.5 5973.75 253.75 27234.5 3595 10567.5 5371.75 7897.25 16019 13970 4959 7778.25 25687.5 6437 8847.25 5980 10303.5 12420.5 808.75 2879 961 3211 1201
internal_count=321302 177226 144076 117714 50307 88444 93769 59512 44820 29270 31178 37127 57266 72644 36565 20701 28236 16584 5487 22385 25426 18299 9966 25612 21335 53394 9141 7894 2935 17718 10964 28915 3191 18256 16838 7974 6434 50765 12616 8864 8676 262 43706 3658 12168 6223 10361 22037 21125 4959 10290 42159 9272 12901 8320 11901 19727 1540 2879 961 3211 1201
cat_boundaries=0 1 2 3
cat_threshold=4 16 4
is_linear=0
shrinkage=0.04


Tree=30
num_leaves=63
num_cat=5
split_feature=11 21 0 0 21 0 1 1 21 21 11 21 56 4 21 56 14 8 14 1 6 19 43 1 45 52 21 43 9 4 1 21 1 44 21 23 11 42 50 48 21 42 1 50 0 6 23 1 0 21 44 43 21 25 44 52 17 43 45 20 23 53
split_gain=773156 267478 208162 128289 88930 65901.1 44666.4 41057.1 38916.2 38110.8 35234.1 35170 23564.9 22739 21895.6 21145.9 19023.7 21883.8 18884.2 17128.5 16613.9 20270.7 16102.1 15771 15396.2 14824.7 14592.8 14455.2 13878.9 13553.8 13300 12970.7 12939.2 12604.9 12495 12389.1 12304.3 11945.7 12829.8 14509.7 12509.3 11771.1 11623.3 11491.7 11281.4 11204.6 11104.8 10745.1 10476.2 10390.1 12864.2 10344.4 10326.1 13168.5 10123.4 11647.7 10040.6 9811.16 9544.58 10624.8 9403.24 9191.99
threshold=0.037408165633678443 73.465930938720717 2.8850001096725468 2.1550000905990605 75.729537963867202 2.2250000238418584 3.2549999952316289 2.5849999189376835 82.205451965332045 75.003524780273452 0.30720923840999609 66.469604492187514 0 2.4450000524520878 78.926559448242202 1 95.634998321533217 25.500000000000004 77.479999542236342 2.4050000905990605 87.250000000000014 79.500000000000014 0.10449946671724321 2.2549999952316289 32190.250000000004 2 67.120429992675795 0.048631824553012855 4.5000000000000009 1.9249999523162844 2.4250000715255742 77.739685058593764 3.0049999952316289 2.5444197654724126 62.269115447998054 1.118048429489136 0.71984010934829723 66.972438812255874 534.50000000000011 0.28309847414493566 70.447662353515639 74.088081359863295 2.1049998998641972 339.62500000000006 3.4050000905990605 15.500000000000002 1.0013249516487124 2.9150000810623173 0.44499999284744268 82.205451965332045 2.5105633735656743 0.058638731017708785 88.393150329589858 79.625000000000014 2.0562483072280888 3 4.5000000000000009 0.063206940889358534 13185.750000000002 218.00000000000003 1.0625432729721072 4
decision_type=8 10 8 8 10 8 10 10 10 10 10 8 1 2 10 1 10 2 10 10 2 8 10 8 2 9 8 10 2 2 10 10 10 10 8 10 10 8 2 10 10 10 8 2 10 2 8 8 10 10 10 8 10 2 10 9 10 8 2 2 10 9
left_child=2 3 4 10 7 14 9 20 27 24 12 18 30 16 25 -9 22 61 43 -6 21 26 -13 -14 34 33 -1 -7 -12 48 37 35 -17 56 41 -29 -30 38 39 -2 -39 -4 -20 -5 -8 -23 -28 -36 -16 50 -21 -22 53 -31 -44 -56 58 -53 59 -3 -33 -18
right_child=1 5 6 11 19 8 44 15 -10 -11 28 13 23 -15 29 32 17 -19 42 49 51 45 -24 -25 -26 -27 46 31 36 52 -32 60 -34 -35 47 -37 -38 40 -40 -41 -42 -43 54 -45 -46 -47 -48 -49 -50 -51 -52 57 -54 -55 55 -57 -58 -59 -60 -61 -62 -63
leaf_value=-0.11988871523790616 -0.071166145149231211 -0.10211225411995063 0.002688231614365209 -0.25292684495728651 0.078473572792796972 -0.034479673326994434 0.1855782152505612 0.0077790334109962998 0.2275734246328297 0.1996601327000774 -0.11245839358399504 -0.085536948719702133 -0.17119640820224061 0.036485361177888684 -0.42458713632523415 0.067314397310402174 0.26717793810709395 -0.061097980322952328 -0.13806441365664543 0.20653316738963504 -0.031327306067160027 -0.21330484954692661 -0.01705040750396741 -0.10091075514776358 0.17443448900071054 -0.0035481589757317155 0.2939237340444194 0.035631776166920183 -0.20969414092357988 0.22745304513598863 0.015429452550771312 0.0987407292288318 0.17772662387375143 -0.25557453864500346 0.057525457355884879 0.20468184761450933 -0.43030018348643012 -0.13863531297009721 0.038918664157669189 -0.48081173860070925 -0.039308112012120255 -0.40519169322952969 0.10198202621828903 -0.12260174712633586 0.26869948376190139 -0.077854589942491365 0.021084408666927689 0.11759068423898268 -0.033262166268932469 0.29400648275210567 0.066841586360840102 0.25224315594990654 0.25254348149481048 0.013200323086021599 0.052668268303094144 -0.079575598716164764 0.036522775681580771 0.033425322474640411 -0.20712934695266941 0.14025888380272281 0.22639014235201418 0.069603767865749247
leaf_weight=1211.25 856.75 1832.75 833 1509.75 4159.75 1992 6423.5 9693.5 2833.5 8466.25 2436 14065.75 14582.25 7184.75 122.75 8414.25 445.75 2459.5 2834.5 3068.5 5141.5 1141 9013.75 7881 3910 3843.25 251.75 7410.75 9374 571.25 1929.5 3149.75 2127.75 780 7702.75 763.5 423 8576.25 1855 163.25 2660 129 692 3850.25 4441.75 6785.5 4029.75 12525.25 897.25 1126.25 1611 347 500.25 2304.75 1277 6397.5 915.5 5437 1133 341.75 1308.75 2322.75
leaf_count=2145 1129 2534 1202 2364 4948 1992 8111 14204 2904 9574 3921 24403 21285 10844 128 10290 811 3268 3814 4078 5875 1705 12994 12321 3910 4993 1007 9666 14732 983 2306 3881 2478 780 9829 768 615 12462 2650 179 2999 129 1214 4790 5065 10096 6135 19096 1000 1166 1611 347 519 2418 1979 8241 1283 8407 1133 590 1344 3297
internal_value=0.000115235 -0.0626979 0.0848312 -0.0936416 0.032474 0.0409047 0.149102 0.00832342 0.0919412 0.12627 -0.138903 -0.0495204 -0.120102 -0.0270579 -0.0263825 0.0504255 -0.0431876 0.0257008 -0.0976507 0.140487 -0.026673 -0.0564858 -0.0587935 -0.146549 0.101501 -0.0626372 0.0025725 0.0656348 -0.198051 0.0465638 -0.0830524 0.081425 0.0896297 -0.108008 0.0880275 0.0514688 -0.219306 -0.0965191 -0.0237387 -0.13755 -0.115133 -0.0527256 -0.0680815 -0.159393 0.219602 -0.0974022 0.0372588 0.0947264 -0.081102 0.184874 0.158493 0.00994749 0.0851604 0.0558879 -0.0443436 -0.0575618 -0.0806416 0.0466369 -0.113077 -0.063923 0.136297 0.102803
internal_weight=232468 133491 98977.2 102790 54545.8 30700.8 44431.5 44580.2 17458.2 33566.2 50737 52053.2 38504 35492.2 13242.5 20235.5 28307.5 5228 16561 9965.5 24344.8 13419.2 23079.5 22463.2 25100 8846.25 5492.75 14624.8 12233 4396.25 16040.8 12632.8 10542 5003 21190 8174.25 9797 14111.2 2875 1020 11236.2 962 11201 5360 10865.2 7926.5 4281.5 20228 1020 5805.75 4679.5 10925.5 3376.25 2876 8366.5 7674.5 4223 5784 3307.5 2174.5 4458.5 2768.5
internal_count=320942 189534 131408 152618 74492 36916 56916 62689 20555 43740 74599 78019 55331 55617 16361 26972 44773 7376 22402 11803 35717 21088 37397 33606 34166 11313 9287 17651 19268 5048 21725 15659 12768 6320 30256 10434 15347 19419 3958 1308 15461 1331 15248 7154 13176 11801 7142 28925 1128 6855 5689 14629 3920 3401 11434 10220 5540 8754 4257 3124 5225 4108
cat_boundaries=0 1 2 3 4 5
cat_threshold=4 8 16 4 12
is_linear=0
shrinkage=0.04


Tree=31
num_leaves=63
num_cat=7
split_feature=0 0 22 1 4 52 22 22 1 4 52 2 0 43 9 48 22 49 6 22 42 11 23 56 23 37 11 1 45 23 49 1 50 0 19 42 56 56 47 50 42 56 48 19 15 19 19 43 49 9 47 49 37 56 6 49 42 43 9 4 19 22
split_gain=713200 264585 119248 83157.7 82414.3 44220.4 42251.1 40904.2 34757.3 34398.4 30534 29050.6 25986.2 20310.2 18917.3 18572 18121.7 17656.2 17247.6 16877.6 18072.2 16837.7 16796 16462.5 22586.3 17784.2 16135.5 15732.1 15175.4 15347.7 14973.8 14449.2 13765.3 13299.2 12445.9 12618.7 12292.7 11839 11717.9 11546.1 11265.9 11001.9 10941.6 12792.5 12240.6 10385.5 13396 10310.6 10211 13875.2 9983.34 9773.13 9902.15 9674.04 11551.4 9486.23 9190.27 9155.54 9132.87 10872 9039.79 9008.11
threshold=2.7549999952316289 2.1149998903274541 0.0515999123454094 2.8950001001358037 2.2350000143051152 0 0.12391588091850282 0.069005299359560027 2.5249999761581425 2.8950001001358037 1 -2.6249999999999996 3.1450001001358037 0.059439036995172508 3.5000000000000004 0.055174114182591445 0.019503099843859676 2.7262496948242192 64.500000000000014 0.10294625535607339 74.782428741455092 0.54502454400062572 1.0933781862258913 2 1.0153971314430239 68.647933959960952 0.10306154191493989 3.5049999952316289 17684.250000000004 1.0311969518661501 2.4220560789108281 2.0749999284744267 105.37500000000001 0.75499999523162853 167.50000000000003 66.972438812255874 3 4 79.344039916992202 35970.250000000007 73.898105621337905 5 0.098123811185359969 52.500000000000007 3.5000000000000004 190.50000000000003 64.000000000000014 0.064907807856798186 2.5456092357635502 10.500000000000002 77.99314117431642 1.4375321269035342 61.987466812133796 6 77.500000000000014 2.7311431169509892 74.264919281005874 0.046389764174819 10.500000000000002 1.1950000524520876 5.0000000000000009 0.12127390503883363
decision_type=10 8 8 10 2 9 8 8 8 2 9 8 10 10 2 10 10 10 2 10 10 10 10 1 10 8 10 10 2 10 10 8 2 10 10 10 1 1 10 2 10 1 8 8 2 10 8 10 10 2 10 8 8 1 2 10 10 10 2 2 8 10
left_child=1 4 5 9 7 28 8 10 13 17 30 -6 41 39 -9 16 -7 26 -15 60 -21 37 50 24 -10 32 40 55 29 -3 34 -8 -25 48 35 -1 -13 61 -26 -4 -2 -5 43 44 -33 46 -17 -20 -12 -50 56 -44 -53 -48 -55 -14 -18 -30 -23 -60 -11 -16
right_child=3 2 6 12 11 15 31 14 23 19 33 36 27 18 21 45 22 -19 47 20 -22 58 -24 25 38 -27 -28 -29 57 -31 -32 42 -34 -35 -36 -37 -38 -39 -40 -41 -42 -43 51 -45 -46 -47 53 -49 49 -51 -52 52 -54 54 -56 -57 -58 -59 59 -61 -62 -63
leaf_value=-0.0090225889132457635 0.056741717043737989 0.16915944606254768 -0.15297773118628435 0.084477259023330961 0.22701769896171595 0.057458516433052498 -0.14863841308432402 -0.10879065988636473 0.13973189290390894 0.32142958134359184 -0.073939111355886822 0.01162827719164625 0.16281018193630525 -0.080931102335196597 -0.16193185834751947 0.10898299948722805 -0.064762609551559991 0.14575357483053306 0.21310366070708334 0.082914099788499521 -0.20343419732588469 -0.24898800853420255 0.1011524772259841 -0.10862116747255271 -0.048818093289415429 0.084048311593639902 -0.054311783368089846 0.27195332289404067 0.027091475879949884 0.054164951599437954 -0.17018194650289797 -0.14493641817233363 0.049048538615412161 -0.0037078153735985993 0.0092016130532111568 -0.15222829819472944 -0.070054121736480054 -0.14157826783125094 0.26766003784471259 0.034879557612646737 -0.039682057748700934 0.15605804284089295 -0.21814576791549342 -0.068115497169283432 -0.40703120612374938 0.10845708520092201 0.055820163731684184 -0.0022510599360254895 -0.16047460856508219 -0.73079740946002125 0.15917402538265457 0.15139336183575222 -0.042485170868911466 -0.13436032371599183 0.029574921081333805 0.27507825787298679 -0.2236451071298915 0.20716356327695265 -0.8960223619975034 -0.3611974279413524 0.14165466499880927 -0.24278397459869283
leaf_weight=1338.75 16924.25 2583.75 3731.5 6944.25 751.25 3921.5 3956.75 9741 1273.5 470.75 707.25 5896 11561 5997.75 4490.25 2296 5982.5 2430.25 369 1980 427 1104.75 1052.75 1604.75 7917.5 8807.25 2982.25 3353 526 6602.5 5761.75 1777.75 1973 7086.25 1756 3722.5 5892.25 12698.75 189.75 608 2188 6819 485.5 4528.25 339 4205.75 2134.25 8629.25 209.25 100.5 289 435.5 11556.75 1465.5 1293 1348.5 644 3232 78.25 279.75 8938.5 4378.25
leaf_count=1791 24305 3513 4621 9372 896 4097 5297 15162 4509 509 870 7777 14129 8196 6900 2590 8516 2779 369 2685 427 1665 1091 2096 10475 10818 4354 3890 526 7627 6949 2188 3056 9190 3493 4144 8416 18848 198 608 2188 8178 754 6341 339 5837 2321 12071 243 114 337 506 24678 1599 1827 1521 644 3232 115 660 12045 6809
internal_value=0.00031883 -0.0438992 -0.00300793 0.111185 -0.106114 0.05501 -0.0357585 -0.127764 -0.0114371 0.0704796 -0.0837038 -0.0138194 0.160444 -0.0504615 -0.155563 0.022056 -0.012915 0.0434604 -0.0283994 0.126541 0.0319861 -0.175335 -0.0475554 0.0232312 -0.0167378 0.0535034 0.0321963 0.194687 0.114275 0.0865393 -0.122708 -0.0790663 -0.021691 -0.0231398 -0.082545 -0.114369 -0.0292042 -0.166397 -0.0413458 -0.126652 0.0456996 0.11996 -0.0646565 -0.106115 -0.18726 0.0585435 0.0293186 0.0066247 -0.158257 -0.349046 -0.0702171 -0.0425639 -0.0354197 -0.00809284 -0.0575498 0.174579 -0.0802677 0.181989 -0.306712 -0.482448 0.150716 -0.201894
internal_weight=232769 166402 100409 66366.8 65992.8 36228.5 64180.8 53453.2 41101.2 36341 20682.2 12539.5 30025.8 19335.5 32771 23284.2 11889.8 24524.8 14996 11816.2 2407 23030 7968.25 21765.8 9380.75 12385 22094.5 16262.5 12944.2 9186.25 12579 23079.5 3577.75 8103.25 6817.25 5061.25 11788.2 21567.2 8107.25 4339.5 19112.2 13763.2 19122.8 6645 2116.75 11394.5 7188.75 8998.25 1017 309.75 6915.5 12477.8 11992.2 4892.75 2758.5 12909.5 6626.5 3758 1462.75 358 9409.25 8868.5
internal_count=321301 234919 140877 86382 94042 43757 97120 76953 57017 49292 26794 17089 37090 25865 50159 28859 14685 33626 20636 15666 3112 34997 10588 31152 15182 15970 30847 19540 14898 11140 16377 40103 5152 10417 9428 5935 16193 32557 10673 5229 26493 17550 34806 8868 2527 14174 8337 12440 1227 357 9497 25938 25184 5747 3426 15650 9160 3758 2440 775 12554 13709
cat_boundaries=0 1 2 3 4 5 6 7
cat_threshold=4 16 8 4 8 8 4
is_linear=0
shrinkage=0.04


Tree=32
num_leaves=63
num_cat=5
split_feature=4 21 11 1 21 21 21 4 4 1 21 4 4 11 43 5 21 54 42 42 24 24 21 14 21 4 5 14 43 35 9 23 42 4 50 43 56 42 49 4 15 14 20 45 53 23 15 21 56 8 11 50 47 50 21 50 53 4 12 25 21 25
split_gain=660150 292198 119349 100523 77970.2 56059.7 40986.7 37933 36524 36294.4 31026.4 27051.4 27024.8 28772.7 22805.6 26844.3 22019.5 21728.2 18251.3 18122.5 16014.5 15662.3 16975.4 15436 15154.1 14771.1 17013.8 16324.1 14662.5 16288 14859.7 13963.1 13676.7 13632.8 13619.4 13436.8 13390.3 13259.5 13207.4 13134.1 12975.9 12890.3 14991.5 12121.4 12820.1 12064.3 16150.5 14201.1 13095.4 11952.9 11442.7 11421 11397.9 11051.3 11011.3 10565.3 10453.1 10955.8 10189.5 10126.8 10425.6 10036.7
threshold=2.6450001001358037 70.549018859863295 0.064839839935302748 2.2549999952316289 70.751132965087905 77.739685058593764 78.926559448242202 2.2050000429153447 2.9550000429153447 2.7549999952316289 78.926559448242202 3.1550000905990605 1.0000000180025095e-35 0.028388942591845993 0.059439036995172508 31.500000000000004 62.269115447998054 0 71.024787902832045 71.013305664062514 0.3201736062765122 0.067248854786157622 88.393150329589858 95.450000762939467 63.086299896240241 1.6349999904632571 35.500000000000007 86.174999237060561 0.059439036995172508 13.250000000000002 5.5000000000000009 1.0280442237854006 70.626251220703139 3.5349999666213994 33663.000000000007 0.11520674452185632 1 76.95593643188478 1.3896324038505556 1.8949999809265139 5.5000000000000009 67.649997711181655 110.00000000000001 32601.250000000004 2 1.0625432729721072 2.5000000000000004 84.929595947265639 3 76.500000000000014 0.27782855927944189 688.50000000000011 71.665985107421889 671.50000000000011 88.393150329589858 49.125000000000007 4 2.3750000000000004 1.0000000180025095e-35 272.62500000000006 63.97326850891114 79.625000000000014
decision_type=2 10 10 8 10 10 8 2 2 10 10 2 2 8 10 2 8 9 10 10 10 10 10 10 8 2 2 10 8 2 2 10 10 2 2 10 1 10 8 2 2 10 2 2 9 10 2 10 1 2 10 2 10 2 10 2 9 2 8 2 8 2
left_child=1 2 9 6 8 12 14 16 49 17 11 18 13 -5 50 51 -4 24 -6 31 28 22 61 55 -1 27 32 53 34 30 -30 -14 -27 37 -18 -29 -33 -10 -9 -11 45 42 -19 44 -20 46 47 -7 -48 59 -3 -16 -46 58 -12 -15 -21 -58 -26 60 -2 -8
right_child=4 3 7 5 10 40 21 38 33 39 54 -13 19 23 15 -17 20 41 43 56 -22 -23 -24 -25 25 26 -28 35 29 -31 -32 36 -34 -35 -36 -37 -38 -39 -40 -41 -42 -43 -44 -45 52 -47 48 -49 -50 -51 -52 -53 -54 -55 -56 -57 57 -59 -60 -61 -62 -63
leaf_value=-0.10498555826449725 -0.14545784046773805 -0.088062956526952355 -0.20999103721043499 0.15839296036877282 0.16841769087326211 0.14499698958886459 0.15672914447741015 -0.50392891652520166 0.11073087795260732 0.099373652459297704 0.21163916818718531 0.20266243678100779 0.22842052049306169 -0.13419144557622145 -0.019304128105334876 0.040694783250507877 -0.21315282383904524 -0.50074077829698682 0.20347067361129678 0.11337926830732917 0.17071226874727 0.26460359141771161 0.23571106984994458 0.10161259493057836 -0.12397391058827099 -0.057097925209117523 -0.013377183537071844 0.01653243825284428 -0.10548106499238437 -0.08886442632570693 -0.18535473053667442 -0.022346027379570796 -0.16358322149561683 0.27267752901463893 -0.028666865352388948 0.16501223087304959 0.083424119142770842 -0.10708850045103219 -0.065898475570319151 -0.018594877766925248 -0.28161716758484878 -0.096798316453004851 -0.15618978195284847 0.16221756605101897 0.10979852692792103 0.23482196769917793 -0.0059678504681445338 0.33477609160662125 0.12986727748771665 0.050796291726162332 -0.21645831788633377 -0.10536215367898313 0.018863773885140159 0.043114793878966523 0.38262199511847456 0.0161071897363321 -0.090238208745609158 -0.0055744866131240524 0.054094522375742776 -0.11930020025112936 0.028759837565043852 -0.016980635220472075
leaf_weight=5146.5 630.75 7833.25 6595.5 4631 5785.75 3781.25 636.5 109 11930.5 3897.5 6561.75 6712 632.5 970.5 4460.5 5896.75 5150 334.75 956.75 740.5 279 578.25 630 2876.5 2880.75 5424 7926.5 6435.5 6793.5 13492.75 8286.5 3648.5 2997.25 801.75 732 1147.5 4027 463 15119.5 2463.25 115 1453.25 512.5 2511 3385.5 1870 2017 757.75 2595.75 9373 1294 5523.75 6323.75 1330.25 666 3244.75 4231.25 5792 624.5 1315.5 4179.5 3194.25
leaf_count=7188 1002 9370 9639 5537 7834 4544 1202 118 17413 4553 7083 7606 2305 1044 5914 7894 6593 508 1187 940 279 594 651 3568 5949 10017 11840 10028 10983 21856 12977 4532 3889 960 732 2190 4906 463 23518 3847 127 2162 910 2511 5106 1927 2230 808 2808 13342 1600 6609 6359 1622 669 4048 5192 6860 1016 1317 7373 3324
internal_value=-4.05574e-05 -0.0404626 -0.0850025 0.0208801 0.112246 0.0608943 -0.0349601 -0.123081 0.064048 -0.0344131 0.154273 0.133643 0.0330759 0.0808656 -0.0559308 -0.026966 -0.142967 -0.0498917 0.109193 0.00369539 -0.130228 0.0690956 0.0436427 0.0302078 -0.0417679 -0.0304655 -0.0554453 0.00242094 -0.132675 -0.120817 -0.149391 0.0480715 -0.0950284 0.112953 -0.190213 0.0390398 0.0331532 0.102577 -0.0691 0.0536967 0.137795 -0.168591 -0.293191 0.0831671 0.0645293 0.142222 0.123253 0.176814 0.0704926 0.0224021 -0.10631 -0.0669278 0.0505365 -0.0549953 0.227497 -0.0185422 -0.0305582 -0.0412852 -0.092234 -0.0210448 0.00586271 0.0119468
internal_weight=232707 171110 99131.8 71978.5 61596.5 41931.2 30047.2 56557.8 28694 42574 32902.5 25674.8 30794.5 11722.8 25008.2 15881 41329.2 36213.2 18962.8 19071.8 34733.8 5039 4460.75 7091.75 33912.8 28766.2 16347.8 12418.5 34454.8 28572.8 15080 8308 8421.25 13195.2 5882 7583 7675.5 12393.5 15228.5 6360.75 11136.8 2300.5 847.25 13177 10666 11021.8 9151.75 4539 4612.75 15498.8 9127.25 9984.25 9709.25 4835.5 7227.75 4215.25 10763.8 10023.2 3505.25 6125.75 4810.25 3830.75
internal_count=321173 240948 152414 88534 80225 51376 37158 86695 41870 65719 38355 30603 38932 14197 31387 20417 63059 57319 22997 24735 53420 5771 5177 8660 53739 46551 25746 20805 53141 45816 23960 11743 13906 18836 7325 12218 9438 17876 23636 8400 12444 3580 1418 15163 12652 12317 10390 5352 5038 23034 10970 12523 11465 8587 7752 5092 12992 12052 6965 9692 8375 4526
cat_boundaries=0 1 2 3 4 5
cat_threshold=8 8 12 8 12
is_linear=0
shrinkage=0.04


Tree=33
num_leaves=63
num_cat=7
split_feature=0 21 21 0 0 21 21 4 4 14 1 1 11 11 43 6 47 53 47 44 52 1 44 20 44 45 21 23 53 4 1 0 10 56 21 44 44 14 19 47 20 24 52 43 43 19 56 23 24 45 21 1 44 20 32 45 43 31 29 6 33 52
split_gain=626182 218491 135390 98359 90395.3 65588.6 54890.8 45057 38456.2 28833.3 28371.9 27444.5 21299.8 21158.6 18689.8 25804.4 18630.7 18259.3 17801 17103.7 16797.1 16378.1 16327.1 16262.4 16061.1 21892.1 15312.4 15136 15480.2 14980.9 13013 12880.5 12646.3 12609.5 12484.8 12353.5 12296.7 15225.3 16964.5 16403.6 11978 11940.7 11687.9 12634.5 11641.4 11409.1 12885.3 11011.3 10549.2 10255 11924.9 10489.7 10246.2 10153.2 10147.4 9739.22 9622.64 9560.32 9533.55 9470.75 9395.49 12469
threshold=2.3950001001358037 69.88785552978517 70.499790191650405 3.0649999380111699 2.9050000905990605 77.739685058593764 80.24106597900392 2.4150000810623173 2.3249999284744267 77.305000305175795 1.5349999666213991 2.6650000810623173 0.24008733034133914 0.027605257928371433 0.059439036995172508 87.250000000000014 72.14859771728517 0 71.997756958007827 2.5334342718124394 1 3.2649999856948857 2.3680891990661626 79.000000000000014 2.1506873369216923 6443.6250000000009 84.929595947265639 1.0489010810852053 2 2.7949999570846562 3.2949999570846562 1.8949999809265139 52.250000000000007 3 82.205451965332045 2.6688613891601567 2.7621630430221562 94.704998016357436 23.000000000000004 72.136989593505874 218.00000000000003 0.076709736138582243 4 0.093160953372716918 0.059439036995172508 23.000000000000004 5 1.1789435744285586 0.17924162000417712 22332.250000000004 58.996784210205085 2.2749999761581425 2.0562483072280888 184.00000000000003 1.2144556641578677 32190.250000000004 0.088415205478668227 69.247005462646499 21.250000000000004 89.250000000000014 3.8850247859954838 6
decision_type=8 10 10 10 10 10 10 2 2 8 8 10 8 10 10 2 10 9 10 10 9 10 10 2 8 2 10 10 9 2 10 10 2 1 10 10 10 8 10 10 2 10 9 8 10 10 1 10 10 2 8 8 8 2 10 2 10 10 2 2 10 9
left_child=2 4 7 5 9 11 8 10 14 12 -1 36 -2 30 31 17 -8 40 20 23 -11 34 -13 -12 25 48 27 28 -7 44 35 -4 -18 53 -5 -6 37 56 -39 -40 -16 -17 55 -44 -10 46 -28 -20 -25 50 -22 -52 54 -19 -53 -26 -3 60 -51 -58 -14 -62
right_child=1 3 6 21 13 26 16 -9 29 18 19 22 57 -15 15 41 32 33 47 -21 49 -23 -24 24 42 -27 45 -29 -30 -31 -32 -33 -34 -35 -36 -37 -38 38 39 -41 -42 -43 43 -45 -46 -47 -48 -49 -50 58 51 52 -54 -55 -56 -57 59 -59 -60 -61 61 -63
leaf_value=-0.17570077846269447 -0.043727841138044295 -0.033691451094591013 -0.15745481665893171 0.1399905012969922 0.077217094998351818 0.40155490039490366 0.20772671947177365 -0.014660369202671655 -0.035544263076385238 0.05999404811020944 -0.24872032948143774 0.15031496276085204 -0.21380600142075079 -0.016557374635034851 -0.0014783491169862177 -0.0027428581851908448 0.065964635933437127 -0.1674422148312372 -0.052781599752349279 -0.22368658322944054 -0.20540110129864267 0.22896588578169599 0.060451578643505526 -0.054705460081288272 -0.1410086873245085 0.11390357515450497 0.3672758436423324 0.20024200303470946 0.090960983442256199 0.24764376881265651 0.15951677730959479 -0.062606782985644038 -0.2881619341452511 -0.050514444617899529 0.26667362309739351 -0.17158029703050851 -0.22631068342436142 0.16413007149305117 0.081798156409259373 -0.040129736059941558 0.32672602550921503 0.12716510070803788 -0.13106248114996955 -0.033205776775745523 0.063352286415993359 0.36441405671341998 0.042746164743840367 -0.1947035501009908 -0.19731867938674988 0.026845072384405335 -0.098272620602182614 0.023500830847130311 -0.019298696913563472 0.051014793647379209 0.29931741648685678 -0.051357649139257687 0.0031002623608060872 -0.028738154214048618 0.26119294237102558 0.093006861268053284 0.21519391924348369 -0.20422193308563086
leaf_weight=14227.5 5722.25 6900 4293.5 13573 12264 256.25 1842.5 6353 3176.75 5538.75 1189.5 4981.25 3089 3718 2347.5 3835.75 2731.5 3844.25 4478.25 1992 597 6223.5 9237 5703.5 16595.75 1142 301 3671 7604.75 506.75 3345.5 4919.25 169.5 4258 1372 326 311 2162 4821.5 2783 190.5 1604 3641 5025.25 4749 858 555 1086 970 2154 2543 634.25 12810 372.5 320 2199 6553.25 719 317 2624 201 255
leaf_count=19662 8855 9048 5054 15745 18711 344 2228 9527 3833 10098 1542 7151 6311 5779 2799 6094 2889 4757 4857 1992 822 7104 10944 12293 25961 1142 301 3746 8771 605 4463 6066 177 5266 1384 326 311 2681 6281 2786 438 1712 5354 8863 6057 906 555 1113 1423 2154 3794 1211 22317 911 320 2199 8258 875 317 3155 201 255
internal_value=-0.000121624 0.055759 -0.0771403 0.101399 -0.00101843 0.0725707 -0.0191386 -0.115297 -0.0368759 -0.0352015 -0.127431 0.0472258 -0.0941827 0.0693571 -0.0612242 -0.0356735 0.108323 -0.0708768 -0.0158711 -0.109566 -0.00142185 0.174404 0.0919518 -0.10332 -0.0984028 -0.0477915 0.149801 0.133176 0.101813 0.0372268 0.0894023 -0.106835 0.0450867 -0.0989909 0.151655 0.070748 0.0229063 0.025923 0.0653089 0.0371766 0.0232994 0.0355938 -0.112802 -0.0743405 0.0237132 0.261367 0.157462 -0.0805426 -0.0754885 -0.0189834 -0.0301108 -0.0236687 -0.00987243 -0.148127 0.116435 -0.130526 0.00199142 -0.161839 0.0570993 0.0288223 -0.1888 -0.019198
internal_weight=232785 134906 97879.8 74787.5 60118 53619 38841.2 59038.5 34097.8 40464.5 52685.5 40373 9986.25 19653.5 25665.2 16452.5 4743.5 11012.8 30478.2 38458 24914 21168.5 14218.2 36466 35276.5 7815.5 13246 11532 7861 8432.5 15935.5 9212.75 2901 8474.75 14945 12590 26154.8 25843.8 9766.5 7604.5 2538 5439.75 27461 8666.25 7925.75 1714 856 5564.25 6673.5 19375.2 16904.2 16307.2 13764.2 4216.75 954.25 18794.8 16077.2 4264 2471 9177.25 3545 456
internal_count=321094 182250 138844 89471 92779 65238 48886 89958 43592 63500 80431 50615 16497 29279 33097 21977 5294 14171 47003 60769 41033 24233 18095 58777 57235 14858 14623 12861 9115 10495 23500 11120 3066 10934 17129 19037 32520 32209 11748 9067 3237 7806 42377 14217 9890 1762 856 5970 13716 30935 28464 27642 23848 5668 1531 28160 20461 7642 2471 11413 6767 456
cat_boundaries=0 1 2 3 4 5 6 7
cat_threshold=140 4 32 8 16 4 16
is_linear=0
shrinkage=0.04


Tree=34
num_leaves=63
num_cat=3
split_feature=4 0 4 22 4 11 14 49 52 0 22 52 5 56 42 6 14 4 1 23 0 49 1 23 49 22 42 0 19 49 4 42 17 9 1 48 19 49 47 22 19 22 20 11 44 38 20 25 6 19 48 24 5 12 44 31 20 20 32 14 42 31
split_gain=577218 233292 84616.2 80343.8 81022.4 54875.8 44794 42625 41219 34617.8 33609.3 29631.9 28894.9 22037.8 21194.6 18642.5 18441.3 16798.2 16749.6 15307.7 15271.4 15254.4 15095.5 15069.8 14768.2 14685.1 14283.6 14121.6 14182.1 13856.7 13257.5 13256.3 12183.6 12199.2 12180.2 11869.8 11465.7 11188 28337.4 15077.7 10998.5 10670.6 10600.6 10531 11018.6 19883.6 10395.8 10209.7 11371.1 10174.7 10333.6 10031.2 9989.06 9456.02 9417.4 9318.77 9223.9 8719.02 8706.53 8555.57 8521.22 8386.49
threshold=2.554999947547913 2.185000061988831 3.0749999284744267 0.12391588091850282 1.2549999952316286 0.28582468628883367 94.430000305175795 2.7373944520950322 0 2.435000061988831 0.072171278297901167 1 27.500000000000004 2 66.972438812255874 89.250000000000014 86.174999237060561 1.1950000524520876 1.0000000180025095e-35 1.0288630723953249 1.0000000180025095e-35 2.7311431169509892 1.8849999904632571 1.0601473450660708 2.4104970693588261 0.0917622745037079 66.740009307861342 3.2649999856948857 17.500000000000004 2.6381918191909794 3.3850001096725468 72.12329483032228 4.5000000000000009 3.5000000000000004 2.4250000715255742 0.096857436001300826 52.500000000000007 2.420707225799561 70.59751129150392 0.12127390503883363 49.500000000000007 0.017273891717195514 79.000000000000014 0.25845077633857733 2.0562483072280888 1.2137469053268435 175.00000000000003 78.375000000000014 197.25000000000003 10.500000000000002 0.056839197874069221 0.044037016108632095 39.500000000000007 20.500000000000004 2.073480606079102 68.64966201782228 79.000000000000014 218.00000000000003 1.1561506986618044 80.845001220703139 72.626979827880874 70.410797119140639
decision_type=2 8 2 8 2 10 10 10 9 10 10 9 2 1 8 2 10 2 8 8 10 10 8 10 10 10 10 10 10 10 2 10 8 2 10 8 10 10 10 10 10 10 2 8 8 10 2 2 2 8 10 10 2 8 10 10 2 2 10 10 10 8
left_child=1 5 7 4 6 8 9 12 13 55 46 15 25 14 26 36 43 35 20 -16 53 30 -15 -13 61 49 -1 28 -8 41 -4 -27 33 -20 -21 40 -6 38 39 -14 -18 -26 -12 56 45 -45 -10 -48 -49 -2 60 -24 -19 -7 -38 -3 -5 -52 -57 -47 -51 -17
right_child=2 3 21 16 11 18 27 -9 10 -11 42 23 37 22 19 24 17 52 32 34 -22 -23 51 -25 29 31 -28 -29 -30 -31 -32 -33 -34 -35 -36 -37 54 -39 -40 -41 -42 -43 -44 44 -46 59 47 48 -50 50 57 -53 -54 -55 -56 58 -58 -59 -60 -61 -62 -63
leaf_value=-0.039102440433485881 0.1397737907557311 -0.097239221629278033 0.13120352627784643 -0.34703830344847736 0.025001619035750381 -0.688660092233775 0.18224120550296585 0.17922078250403325 -0.037706695420913532 0.091274520757854138 -0.28572284813117454 0.085683968436127703 0.10832095939012057 -0.17683218203091422 0.070604359806594907 0.0044820387583594393 -0.16866822459336095 -0.13895468170535716 -0.070313776147238591 -0.11926622259343254 -0.22400972061812907 0.26013885529791664 -0.05066245284082261 0.00072539317716146493 0.0328222244037146 0.005800309265571897 0.14714787852500213 0.24579720664380142 0.085251436432869671 0.36037536234387085 0.21111681542322852 -0.12129561593144268 -0.052819590075043985 -0.17653577872379134 0.0087663580608860567 0.065714544861678964 0.041422882917083008 0.057698656065689899 0.24395648273896448 -0.0048853286560302375 0.0025431763846939237 -0.083602862452413287 -0.076091203455773845 -0.18789083317637659 -0.17831723549074924 0.045164693206917406 0.13950232560794448 0.037187079889233851 -0.20928440880240179 0.053578340106000634 0.035652878759675266 -0.12669117684852169 -0.0086915746744038198 -0.15672816080666857 -0.10409264934979225 -0.017352122709551637 -0.057328405520129466 0.13849109257546688 0.17056443269290292 0.40945469675969359 -0.05971863463078092 0.10117605798011742
leaf_weight=1638.75 1512.75 2392.25 13884.75 179.5 1516.5 211.75 3411.5 4889.75 3303 6967 402.25 5268.75 8418.5 7020 889.75 5029 825 2586.75 2036.75 8918 1061.25 2282.5 3934.75 9122.25 1635.25 4452.75 1099 1455.5 8255.25 127.75 4376.75 1860 1911.25 11630.25 1371.25 3257.25 769.5 14342.5 2086.75 2424 2189.75 5465.5 8706.75 696.75 3852.75 462.75 1534.25 4958.75 316.75 1681.5 6094.5 9467 1481.25 73.25 9287.5 4901.75 5755.25 1682.5 427 131 2876 2006.5
leaf_count=2424 2568 3707 17838 196 1965 307 4133 5525 3813 8293 484 8169 14156 9846 1222 7843 930 4611 3071 11825 1545 2452 7600 10926 1666 7122 1099 1736 9744 145 5150 1860 3004 17670 1582 6717 1149 16900 2611 3459 2816 6802 12864 1062 7458 465 4475 5222 319 3405 7317 11987 3291 92 11776 6083 9902 2419 427 131 2876 2923
internal_value=0.000495679 -0.0420163 0.0938092 0.000865495 0.0221345 -0.096439 0.0746307 0.0667944 -0.0765937 0.0266406 -0.029688 -0.0141582 0.0551971 -0.102847 -0.0640134 -0.0397781 -0.0666952 -0.0282678 -0.159226 -0.0884392 -0.294596 0.162597 -0.129301 0.0318381 -0.00916925 0.018882 0.0357129 0.128334 0.113639 -0.0493169 0.150378 -0.0316728 -0.14749 -0.160719 -0.102204 0.0127934 -0.0774938 0.0820384 0.109025 0.0830151 -0.0443877 -0.0567882 -0.08541 -0.10255 -0.144444 -0.0431915 0.0205095 0.0487506 0.0223133 0.041931 0.0299099 -0.104381 -0.0915525 -0.554017 -0.0929519 -0.0316889 -0.0662062 0.0579321 -0.00223427 0.126657 -0.0179105 0.0320809
internal_weight=232807 159942 72865.5 89456.8 68038.8 70484.8 27810.2 52321.5 53560.2 14688 19221.8 40228.5 47431.8 34338.5 13916.8 25837.5 21418 10340 16924.5 11179 1346.25 20544 20421.8 14391 14264 20160 2737.75 13122.2 11666.8 7228.5 18261.5 6312.75 15578.2 13667 10289.2 6272 11573.5 27271.8 12929.2 10842.5 3014.75 7100.75 9109 11078 5143.25 1290.5 10112.8 6809.75 5275.5 13847.2 12334.5 13401.8 4068 285 10057 7721 5934.75 7777 5328.75 593.75 4557.5 7035.5
internal_count=321175 225517 95658 125066 87487 100451 34123 70218 74762 18510 27177 53364 64693 47585 18152 34269 37579 18365 25689 14629 1944 25440 29433 19095 19379 27567 3523 15613 13877 8613 22988 8982 23745 20741 13407 10463 14890 37126 20226 17615 3746 8468 13348 19214 9116 1658 13829 10016 5541 18585 16017 19587 7902 399 12925 10217 10098 9736 6510 596 6281 10766
cat_boundaries=0 1 2 3
cat_threshold=16 16 4
is_linear=0
shrinkage=0.04


Tree=35
num_leaves=63
num_cat=2
split_feature=11 21 1 21 1 21 4 21 21 1 44 11 8 21 43 11 21 43 4 19 20 21 47 21 15 14 47 43 50 24 56 50 44 4 21 23 35 29 38 22 21 44 27 23 19 49 4 47 35 42 49 47 14 23 56 50 42 1 22 38 15 14
split_gain=527661 196105 125203 87580.4 81789.5 49373.7 38666.4 36668.3 24782.6 23800.5 22376.1 21225.9 20057.3 19566 21736.3 18668.8 17984.4 17142.7 16944.9 16219.1 15937.3 14877.6 14738.1 14330.6 14064.6 13614.9 18983.2 15895.1 13240 13227.7 13083 12971.2 12760.9 12716.9 12604.7 14593.2 12054.4 11148.6 10992.5 10963.9 10954.4 13407.3 10899.7 10430.9 10343.4 21365.6 11459.2 10262.9 10142.4 10007.3 9916.36 12524.4 9710.25 9659.67 9391.13 9325.97 9172.67 9084.61 8674.58 8584.53 8376.96 11002.7
threshold=0.037408165633678443 73.233318328857436 3.0049999952316289 75.729537963867202 1.9550000429153445 79.325862884521499 2.7649999856948857 68.252796173095717 78.926559448242202 2.5049999952316289 2.5334342718124394 0.28582468628883367 94.250000000000014 63.345434188842781 0.059439036995172508 0.24008733034133914 68.252796173095717 0.058638731017708785 3.3149999380111699 59.500000000000007 218.00000000000003 62.269115447998054 71.538753509521499 86.135070800781264 3.5000000000000004 78.58499908447267 71.600532531738295 0.092496998608112349 33663.000000000007 0.050352701917290694 0 933.00000000000011 2.0562483072280888 2.495000004768372 88.393150329589858 1.0489010810852053 14.250000000000002 17.750000000000004 1.2137469053268435 0.030162448994815353 59.93836975097657 2.4738953113555913 1.0000000180025095e-35 1.0816208124160769 9.5000000000000018 2.4588052034378056 2.9050000905990605 70.548999786376967 15.750000000000002 73.542205810546889 2.7468165159225468 77.100063323974624 88.659999847412124 1.0153971314430239 1 35970.250000000007 70.203353881835952 2.7949999570846562 0.019503099843859676 1.0271438360214236 3.5000000000000004 90.005001068115249
decision_type=8 10 10 10 8 10 2 10 10 8 10 10 2 10 10 10 8 10 2 10 2 8 8 10 2 10 10 8 2 10 1 2 8 2 10 10 2 2 10 10 8 10 2 10 8 10 2 10 2 10 10 10 10 8 1 2 8 8 10 8 2 10
left_child=2 4 3 6 13 9 12 15 18 10 42 23 16 -2 28 25 -1 -9 30 52 33 49 47 29 -22 27 32 -6 58 57 -4 -12 38 37 35 44 -16 59 -27 -33 -34 60 48 -11 -5 -46 -47 -14 -3 -8 51 -23 -18 -21 -39 56 -24 -7 -15 -19 61 -42
right_child=1 5 8 34 7 11 21 17 -10 43 31 -13 22 14 36 -17 19 20 -20 53 24 50 55 -25 -26 26 -28 -29 -30 -31 -32 39 40 -35 -36 -37 -38 54 -40 -41 41 -43 -44 -45 45 46 -48 -49 -50 -51 -52 -53 -54 -55 -56 -57 -58 -59 -60 -61 -62 -63
leaf_value=-0.082203457379923878 -0.19072426770379941 -0.048370180628817379 0.081858605002946658 0.17316983816899931 -0.20450907101134161 0.043390650238527506 -0.035663919468643369 -0.071086520736036579 0.25756272118846418 0.027996766814102167 0.12752939807557309 -0.073788529740509048 0.046646653853708094 0.00099351068320274348 -0.11549607239750959 -0.14506418001102511 0.018278082750942108 0.14564525569735251 0.20092497569012338 0.20176934501118923 0.26404119512987767 0.075834812855012326 0.13509463522544291 0.2488904086363127 0.029902495882613282 0.017200292504207581 -0.12753622189398592 -0.078988516882040172 -0.055664914645719085 0.23142617991445569 0.14714011645879832 -0.14413219818511613 -0.16062512709725013 0.069070118458726321 0.29101594870502889 0.18264957591616438 -0.055057666629645043 0.063732972818986808 0.28980819795606066 -0.39734684460935205 -0.057738272973975144 0.1331144686911491 0.10090304953453443 0.12823260620010474 0.14012449936653301 -0.054926638892042148 0.094778449506340665 0.16325461367465088 0.03903482687401498 -0.41205154558411217 0.25349683893441421 -0.14818844968140635 0.14056888682381519 -0.042437242711606739 -0.04210209824531231 0.071279493475409808 -0.037194401499239339 0.14240709498042556 -0.21673959054742406 -0.052164313526509874 -0.09581868232014136 0.030115762769409526
leaf_weight=6824 6326.5 8287.25 9783.75 2030 2014.75 3629.75 756.25 7558.25 2744.75 6731 189 906 7305.25 310.5 16185.5 5835.5 3405.5 360.25 4479.5 265.25 634.5 17137.75 528.75 1357 1158 725.5 3703.75 8122 1169 1154.75 9886.75 844 1053 2715 751 4378.25 7846 3426.75 349.5 406 5065.25 788 1198 2204.25 3525.5 2202 1299 1445.75 2854.25 131 486 407 1493.5 8593.75 2201.75 2007 7228.5 2507.75 5097.5 11423.5 2931.5 4146
leaf_count=10889 9109 10523 13527 2915 2533 4196 1045 9548 2939 8537 189 1056 10159 348 21830 11645 4823 1327 5357 872 1194 24004 648 1438 2118 1447 4126 15040 1169 1199 11806 844 1455 3813 754 4601 10597 3840 354 406 9575 788 1690 2352 4706 2202 1299 2243 3899 131 534 434 2299 12277 3323 2007 9042 2657 6416 14725 5837 8328
internal_value=7.79372e-05 -0.0518539 0.0699957 0.0425522 -0.0792449 0.034003 0.0207656 -0.0519624 0.143661 0.00190848 -0.0310629 0.110278 -0.00195032 -0.126671 -0.11342 -0.0798074 -0.0291225 -0.0191485 0.130695 -0.00278559 -0.00123425 0.0677075 0.0282544 0.129572 0.112988 -0.0666209 -0.0464316 -0.103973 -0.177859 0.107305 0.114682 -0.180219 -0.0264688 -0.0114173 0.131637 0.122685 -0.0957702 -0.0239742 0.106211 -0.226886 -0.0366829 -0.0265659 -0.0136417 0.0527482 0.0936608 0.0706463 0.000639581 0.0659452 -0.0259749 -0.0920473 0.0755784 0.0706212 0.0556032 -0.0350806 0.0223309 -0.0055309 -0.025418 0.0838828 -0.204241 -0.0460926 -0.0369491 -0.0181962
internal_weight=232512 133417 99095.8 72201 101148 32269 58015.2 64212.8 26894.8 22713.8 13778.5 9555.25 39097.2 36935 30608.5 34734.8 20582 29478 24150 13758 21919.8 18918 18515.2 8649.25 1792.5 28899.2 18762.5 10136.8 6577 7292.25 19670.5 1439 15058.8 20127.2 14185.8 13434.8 24031.5 17412.2 1075 1250 13983.8 12930.8 12339.5 8935.25 9056.5 7026.5 3501 8751 11141.5 887.25 18030.8 17544.8 4899 8859 5628.5 9764.25 7757.25 6137.5 5408 11783.8 12142.8 9211.25
internal_count=320984 189471 131513 97884 150485 38986 81407 101016 33629 28440 17551 10546 55259 49469 40360 61128 31160 39888 30690 20271 30340 26148 24099 9490 3312 49483 31910 17573 7933 8052 25333 1439 27784 27028 16477 15723 32427 23215 1801 1250 25983 24528 16112 10889 11122 8207 3501 12402 14422 1176 24972 24438 7122 13149 7163 11697 9690 6853 6764 16052 23740 17903
cat_boundaries=0 1 2
cat_threshold=8 4
is_linear=0
shrinkage=0.04


Tree=36
num_leaves=63
num_cat=3
split_feature=0 21 0 1 21 56 21 1 21 47 10 21 14 47 22 1 42 50 9 6 21 0 42 22 44 15 1 23 21 6 22 14 38 56 42 49 43 6 0 21 19 6 0 49 43 49 19 0 44 19 1 33 56 25 23 19 22 47 19 42 50 19
split_gain=496551 229131 133423 60120.6 42165.2 39257 35412.2 34551.7 31515 25405.6 25048.3 22971.8 20592.7 20255.4 19286.3 19098.5 18551.8 25100.5 18392.3 17360.5 16129.4 14987.9 14819.5 14654.7 14218.2 17520.2 16761.6 13429.5 13256.1 13067.3 15216 14605 13023.8 15402.7 18761.6 16049.7 12717.4 12676.1 12633.2 12395.4 12116.7 12009.3 11956.8 11294.8 11092.5 10908.1 11343.3 10688.9 10299.2 10170.3 10060.8 10054 9992.45 9602.3 9582.12 9306.81 8980.08 11656.8 8774.76 8631.25 12201.8 8542.74
threshold=2.7549999952316289 75.729537963867202 2.1149998903274541 2.9150000810623173 69.445976257324233 0 75.729537963867202 2.435000061988831 82.205451965332045 71.537059783935561 5.5000000000000009 69.88785552978517 86.854999542236342 71.610759735107436 0.056795187294483192 2.0849999189376835 57.209436416625984 424.62500000000006 13.500000000000002 47.500000000000007 68.533378601074233 0.75499999523162853 74.218147277832045 0.12391588091850282 2.4738953113555913 3.5000000000000004 2.4050000905990605 1.0570134520530703 82.205451965332045 75.500000000000014 0.026197687722742561 93.83499908447267 1.0035736560821535 1 72.626979827880874 2.4577640295028691 0.046010792255401618 70.500000000000014 3.2549999952316289 70.319358825683608 10.500000000000002 104.25000000000001 3.3850001096725468 2.561372041702271 0.049658261239528663 2.4588052034378056 10.500000000000002 0.33500000834465032 2.5522066354751591 64.000000000000014 3.2549999952316289 3.49870777130127 2 164.62500000000003 1.0711925029754641 170.50000000000003 0.012240967713296415 70.745716094970717 5.0000000000000009 66.926166534423842 5065.1250000000009 9.5000000000000018
decision_type=10 10 8 10 10 1 10 10 10 10 2 10 8 10 10 8 10 2 2 2 8 8 10 10 10 2 8 10 10 2 10 10 8 1 10 10 8 2 10 10 10 2 10 10 10 10 10 10 10 10 10 10 1 2 10 8 10 10 10 10 2 8
left_child=1 2 5 6 12 16 20 18 9 29 27 -5 19 24 43 -6 47 54 36 -4 22 -12 -2 -19 25 26 -14 40 42 31 -31 -3 -17 61 35 -35 -7 -20 -22 -38 -11 -15 55 56 -25 -8 -47 -1 -23 -27 -9 -49 -29 -42 -18 -13 -10 -58 -45 60 -21 -34
right_child=3 8 4 11 15 7 45 50 14 10 21 28 13 41 -16 32 17 23 37 59 38 48 -24 44 -26 49 -28 52 -30 30 -32 -33 33 34 -36 -37 39 -39 -40 -41 53 -43 -44 58 -46 46 -48 51 -50 -51 -52 -53 -54 -55 -56 -57 57 -59 -60 -61 -62 -63
leaf_value=-0.62180111650964853 0.012601302611611588 -0.028030848684514054 -0.11414325642413994 0.089875513296581083 -0.0476740942929052 -0.25371831423142782 0.19834843637440105 0.021952147322341901 0.10288639184010631 0.12545393489973575 -0.29924542539076765 0.15070589023094372 -0.061811718119456717 -0.14135589663314452 -0.28166226694119051 0.20391910699669158 0.0061473743827477412 -0.13242283749444161 -0.27857439997498323 -0.014865060448813826 0.045054301687730343 -0.012403580923427717 -0.15761323985015691 -0.59156195926916699 0.12721201505470756 -0.23122223675223383 0.041854940013602432 0.25536884542617666 0.28757292478376878 0.092707681151416227 0.26425758101777563 0.13355704414292044 0.08005627584853349 0.04432290639992064 -0.031842990426431392 0.15467301368236611 -0.086601363552964244 -0.12547567057465026 0.13090309840300723 -0.017857669327942537 -0.085246764242519715 -0.029931893395385802 0.20979341543334185 0.23533303589390855 -0.20033697070620504 0.18490348641245444 0.059673584543355529 -0.41026436458793414 -0.19424479914737333 -0.056662502367352749 0.41394869768106662 -0.10749558373949088 0.076393838096401046 0.040320216926373886 -0.10637646481458957 0.063611565855027932 0.146629576912887 0.34800707997171665 0.075927464129872932 -0.064284024038462576 0.23917045003971646 -0.02898475797728723
leaf_weight=156.25 9125 1702.75 10548.25 10944.75 7699.5 605 2724.25 4130.5 703 1556 358.75 9999.25 3497.75 3063.5 157 623.25 2292.75 13732.75 1033.5 2955 15754.25 4531.75 897 117 1284 645.25 8694.75 837 1276.5 1928.25 1451.75 1883 1296.25 9647.5 3933 2698 15491.25 5338.25 3320.25 5758 1524.25 3129 4493.75 720 5649.25 1703 3614 343.25 558 3068.75 105.5 361 1239 2693 2563.25 2448.25 756 1191.75 2371.5 9261.75 335 10038
leaf_count=214 12428 2182 17917 14574 9735 605 3328 4963 703 2420 391 12247 4880 3794 157 2493 5784 19012 1848 7431 22712 5287 897 117 1284 1036 15309 837 1308 2550 2702 2087 1648 13357 3933 3136 22578 7934 5148 7084 1747 3261 5033 720 9001 2108 3614 536 558 6308 128 394 1257 2693 3689 2851 756 1404 2382 11781 335 12288
internal_value=0.000167585 -0.0367421 -0.0570348 0.0927232 -0.0243785 -0.103697 0.0589642 -0.0746038 0.0719167 0.0482198 0.0157972 0.135707 -0.0495335 -0.0230679 0.153269 0.00816065 -0.141141 -0.134669 -0.0905899 -0.0763187 0.0384248 -0.0500836 -0.00266103 -0.154934 -0.00072031 -0.0110624 0.0121094 0.06153 0.163228 0.110092 0.166505 0.0568494 0.0233885 0.0192989 0.0442252 0.0684607 -0.0731425 -0.150389 0.0600104 -0.0679774 0.0301307 -0.0850837 0.153826 0.165256 -0.208479 0.133255 0.0998398 -0.323572 -0.0324093 -0.0870998 0.0319077 -0.25582 0.148733 -0.00508073 -0.0532663 0.133589 0.225852 0.270079 0.113183 -0.0445179 0.0111289 -0.0165016
internal_weight=232559 166259 140096 66300.2 82418.5 57677.5 37137.8 32462 26162.8 20263.5 13297.8 29162.5 46483 23383 5899.25 35935.5 25215.5 24355 28226 23100 29096.5 5448.5 10022 19499 17190.5 15906.5 12192.5 7849.25 18217.8 6965.75 3380 3585.75 28236 27612.8 16278.5 12345.5 21854.2 6371.75 19074.5 21249.2 5773.25 6192.5 16941.2 5742.25 5766.25 8041.25 5317 860.5 5089.75 3714 4236 704.25 2076 4217.25 4856 12447.5 2650.75 1947.75 3091.5 12551.8 3290 11334.2
internal_count=320894 234646 203813 86248 119926 83887 50235 45140 30833 24711 15190 36013 73336 35872 6122 46590 38747 37603 40049 37464 41185 6236 13325 28130 28817 27533 20189 8954 21439 9521 5252 4269 36855 34362 20426 16493 30267 9782 27860 29662 6860 7055 20131 5965 9118 9050 5722 1144 5845 7344 5091 930 2094 4440 9473 15098 2863 2160 3102 19547 7766 13936
cat_boundaries=0 1 2 3
cat_threshold=8 8 4
is_linear=0
shrinkage=0.04


Tree=37
num_leaves=63
num_cat=3
split_feature=11 4 21 21 16 21 45 11 21 4 21 21 42 43 20 6 42 45 47 49 12 56 6 4 4 14 4 49 42 23 6 7 42 11 50 19 14 50 26 23 11 19 19 15 4 49 10 4 53 48 15 21 21 19 21 40 38 11 56 21 23 17
split_gain=458386 168870 116243 99229.6 41185.7 34537.7 34075 31670.3 29171.4 27031.1 26111.9 24477.8 19224.4 19208 27618.8 20864.2 18984.2 28588.4 18911.8 17927.3 23086.2 17823.9 18550.5 16523.1 16267.2 22571.5 20319.6 16127.3 14816.2 17126.1 14561.6 13186.1 13169.5 12986.2 12013.5 11308.4 11259.9 12457.3 10888.9 10829.5 10827.6 10545.3 10424.9 14667.1 10416.3 10409.4 12586 11587.1 9913.43 9906.59 9875.44 9688.41 9222.36 9177.53 9641.55 9085.19 11192.3 9036.1 8999.75 8938.29 8802.05 8988.3
threshold=0.06256990879774095 2.8950001001358037 73.233318328857436 70.447662353515639 1.5000000000000002 83.14151763916017 32190.250000000004 0.23540768027305606 62.269115447998054 2.4150000810623173 74.533176422119155 79.617172241210952 68.216938018798842 0.059439036995172508 184.00000000000003 87.250000000000014 66.926166534423842 6443.6250000000009 77.179512023925795 2.5456092357635502 14.500000000000002 0 100.25000000000001 3.4050000905990605 1.6549999713897707 87.840000152587905 2.495000004768372 1.9092210531234743 73.778861999511733 1.0504927635192873 45.500000000000007 24.500000000000004 66.972438812255874 0.036599317565560348 1166.5000000000002 49.500000000000007 85.31000137329103 1089.6250000000002 1.5000000000000002 1.0866417288780215 0.60030490159988414 59.500000000000007 163.50000000000003 3.5000000000000004 2.4250000715255742 1.4375321269035342 12.750000000000002 2.0249999761581425 1 0.12909198552370074 2.5000000000000004 68.182941436767592 67.95862197875978 79.500000000000014 74.235458374023452 0.22872003912925723 1.2182239890098574 1.0000000180025095e-35 2 65.668624877929702 1.0555661320686343 1.5000000000000002
decision_type=10 2 10 10 2 10 2 10 8 2 10 10 8 10 2 2 10 2 10 10 10 1 2 2 2 10 2 8 10 10 2 2 10 8 2 10 10 2 2 10 10 8 10 2 2 8 2 2 9 10 2 8 8 10 10 10 10 8 1 10 10 10
left_child=1 2 6 7 5 9 8 16 35 13 23 28 30 -5 15 41 17 27 24 48 -21 22 -8 31 25 33 -26 -2 57 -30 36 52 -17 -14 -31 -1 55 38 -38 -34 -6 -15 43 -27 -18 -9 49 -48 -7 -47 -32 -28 -3 -54 -55 -10 -57 -4 -43 -23 -13 -62
right_child=3 10 11 4 40 19 21 45 12 -11 -12 60 18 14 -16 32 44 -19 -20 20 -22 59 -24 -25 26 42 51 -29 29 34 50 -33 39 -35 -36 -37 37 -39 -40 -41 -42 58 -44 -45 -46 46 47 -49 -50 -51 -52 -53 53 54 -56 56 -58 -59 -60 -61 61 -63
leaf_value=-0.20943840481330167 -0.16231422105797599 -0.012336144212831452 0.11152176125804805 -0.077071850817941837 -0.11347437335254297 0.32737336330503142 -0.027445546389363439 -0.25178094790031902 -0.012589764833965048 0.074201715382488598 0.17824491609657528 0.12791708219807024 0.031819152388763372 -0.027312093767720313 0.1210351915244663 0.17415060314145023 -0.10358005859694037 0.15330050207260684 0.15044765791200679 0.094603095454780933 -0.52885834373648355 -0.11352858984200388 0.18347376864582457 0.18800065994114262 -0.090463436715451581 0.11560805045274546 -0.065706612745210113 -0.024928396298376985 -0.072016791277970227 0.19748549457691997 0.12139236962923783 0.11693160599551741 -0.039369078481241521 -0.092920269053791874 -0.031321624416070927 -0.072756702889292854 0.15930620718967434 -0.050484964319915386 -0.1733211201110619 0.0949062396187806 -0.41932896895157257 -0.17751187374955202 0.0057417114000319893 -0.096014221801009256 -0.028931991325546146 -0.13588113461445403 -0.17198906708245995 -0.10278327315908124 0.036136391852878091 0.008325051746043451 0.033548863138235629 0.0034292414630182604 0.15210802911101146 0.057938491877345628 -0.31200800705990406 -0.23358700546554334 -0.0033733746168484497 0.054500575561457029 -0.049520374920441042 0.041101175113702024 0.093279685556239292 0.3106419544825994
leaf_weight=1317.5 1758 2480.5 8247.25 8645.25 4655.75 855.5 867 1246 1858 4875 9843.25 6682 1914.5 5969.5 2426.75 957.25 24383.25 1207 988.5 1100.5 102 710 2885 3073.75 10121 3857.25 4646.75 6129.25 2384 863 2782 11998.25 2630 4405.25 637 3658.25 1283.75 1327.75 177.75 1511.75 191.25 1788 5855.5 604.75 3411.5 1409 10425.5 6178 256 1657 7753.5 10724.75 1913.75 5190.5 113.25 891.75 543.5 9665 1731.75 3738 457 924
leaf_count=1919 2865 3607 10822 10458 5519 1004 867 1612 3325 5898 10945 7336 2561 7039 5165 1819 31308 1207 1275 1105 102 710 2885 3709 16517 5646 6800 15772 2384 863 3928 16259 2921 7715 637 4853 3032 1642 225 1532 228 2154 8164 982 4577 2426 16337 10141 256 2503 9750 16958 2960 6395 123 1791 548 12170 2043 3738 457 942
internal_value=-7.63219e-05 0.0467119 0.0209741 -0.0673841 -0.0168921 -0.000828446 -0.00624997 -0.10031 -0.0159847 -0.0121233 0.123125 0.0874477 -0.00823187 -0.0285283 -0.00385692 -0.024647 -0.0780075 -0.0278329 -0.022319 0.148095 0.0409221 0.070558 0.134744 0.101208 -0.0263798 0.00438688 -0.0464583 -0.0555849 0.0654092 -0.00540958 0.0283175 0.0888953 0.0405997 -0.0551324 0.100401 -0.109019 -0.0209563 0.0381639 0.118664 0.009662 -0.125712 -0.0597089 0.0408485 0.0868942 -0.0944209 -0.139633 -0.132503 -0.146254 0.263753 -0.0579886 0.0567642 -0.0174756 0.0541913 0.0770535 0.049923 -0.0710239 -0.146541 0.0807645 -0.114605 0.0163771 0.146991 0.238957
internal_weight=232885 137384 102771 95500.8 37696.2 32849.2 72912 57804.5 64712 30535.2 34613.2 29859.2 59736.2 25660.2 17015 14588.2 36889 9094.25 43118.2 2314 1202.5 8200 3752 24770 42129.8 16637.2 25492.5 7887.25 21796.2 3884 16618 21696.2 5099 6319.75 1500 4975.75 6082.5 2789.25 1461.5 4141.75 4847 9489.25 10317.5 4462 27794.8 20915.5 19669.5 16603.5 1111.5 3066 10535.5 15371.5 9698 7217.5 5303.75 3293.25 1435.25 17912.2 3519.75 4448 8063 1381
internal_count=321431 185440 141442 135991 47243 41496 105831 88748 97631 39029 43998 35611 90859 33131 22673 17508 55729 19844 66618 2467 1207 8200 3752 33053 65343 25068 40275 18637 26876 3884 24241 29344 6272 10276 1500 6772 10563 4899 3257 4453 5747 11236 14792 6628 35885 33019 31407 26478 1260 4929 13678 23758 13085 9478 6518 5664 2339 22992 4197 4448 8735 1399
cat_boundaries=0 1 2 3
cat_threshold=4 16 8
is_linear=0
shrinkage=0.04


Tree=38
num_leaves=63
num_cat=2
split_feature=4 0 21 21 1 4 21 56 21 4 21 4 9 14 11 42 44 0 21 11 44 25 21 4 42 50 19 49 23 52 23 6 11 17 49 0 21 42 24 27 4 6 43 1 50 0 14 25 33 19 50 21 47 50 50 42 6 24 23 6 19 24
split_gain=435518 180571 115630 72240 51271.1 48404.5 36534.5 27850 26937.2 24385.6 23966.8 20834.9 20065.8 19374.7 21624.1 18692.3 18391.2 17888.5 17711.6 15234.2 15228.2 17913.5 15903.6 15203.2 14788.4 20692.8 13759.3 18725.7 18387.1 19684.7 13431.8 13081.2 12573 12018.1 12970.7 11878.9 11806.8 12020.7 12653.8 11733.8 11697.9 11396.7 10719.3 10594.6 10500 10235.7 10076 10038.7 9721.92 9402.93 9284.15 9255.45 9193.99 8949.03 8897.92 8625.96 9237.16 8541.58 8431.76 8174.82 8403.6 8129.3
threshold=2.554999947547913 2.0249999761581425 73.233318328857436 74.533176422119155 2.7549999952316289 2.9450000524520878 76.617176055908217 0 82.205451965332045 1.0000000180025095e-35 63.870082855224616 1.2549999952316286 13.500000000000002 85.505001068115249 0.24008733034133914 69.951828002929702 2.5522066354751591 2.935000061988831 88.393150329589858 0.50084745883941661 2.5334342718124394 358.00000000000006 65.668624877929702 3.6450001001358037 57.209436416625984 424.62500000000006 10.500000000000002 2.4588052034378056 1.0489010810852053 1 1.051506042480469 78.500000000000014 1.0000000180025095e-35 3.5000000000000004 2.4104970693588261 1.5049999952316286 65.668624877929702 73.778861999511733 0.064879272133111968 1.0000000180025095e-35 2.3649998903274541 110.25000000000001 0.12082692235708238 2.2350000143051152 35970.250000000007 0.33500000834465032 93.950000762939467 36.125000000000007 4.4095704555511483 5.0000000000000009 1006.3750000000001 58.605054855346687 80.274383544921889 178.87500000000003 3957.8750000000005 67.772380828857436 70.500000000000014 0.038757976144552238 1.0362150073051455 83.500000000000014 59.500000000000007 0.17640001326799395
decision_type=2 8 10 10 10 2 10 1 10 2 8 2 2 10 8 10 10 10 10 10 10 2 8 2 10 2 8 10 10 9 10 2 8 10 10 10 8 10 10 2 2 2 10 10 2 10 10 2 10 8 2 8 10 2 2 10 2 10 10 2 8 10
left_child=1 6 4 5 10 20 7 24 9 32 47 13 43 14 -12 40 39 -6 26 55 22 30 -2 36 45 49 -5 -28 29 -29 54 -14 -4 52 -35 -27 -7 -38 -39 -11 59 -23 -15 -9 -36 -1 -34 -3 -49 -26 -18 -50 -17 -47 -22 56 -8 -31 -51 60 -13 -16
right_child=3 2 8 18 17 23 19 12 -10 16 11 15 31 42 61 33 50 -19 -20 -21 21 41 -24 -25 25 35 27 28 -30 57 -32 -33 46 34 44 -37 37 38 -40 -41 -42 -43 -44 -45 -46 53 -48 48 51 58 -52 -53 -54 -55 -56 -57 -58 -59 -60 -61 -62 -63
leaf_value=-0.59441880361830135 -0.029408766506687393 -0.24018712280470833 0.17387079577350076 0.20371704721243769 0.012059325448607714 0.022482313110313974 -0.11828384410001792 -0.077046373316524419 0.16145996424718256 0.019095773015332905 0.030767367471117128 -0.025422299132068588 -0.25772891895635552 0.021206380128727689 -0.11938306958627302 -0.11309530366501008 0.052444434694857323 0.12726821153790846 0.33114701956859416 -0.3701095345666735 -0.29847677127122885 -0.27257279073004365 0.049754531288422887 0.29559104145097137 0.24133180757915865 -0.19133316912452056 0.16554180536674287 -0.4940927411085736 0.16274483949192559 0.05802415812826147 0.061220082183882515 -0.11343275984257309 0.015934773975331981 0.083717306104882414 -0.089447059800811926 -0.12379419960982206 0.12387745120435183 -0.064189789684177379 0.098946164525213903 0.14884480100919983 0.018462885359856442 -0.032541620512086131 0.14981595516958984 -0.012700536732104369 0.048366750952508905 -0.40524006023116182 0.11319640748089946 -0.097449036812132489 -0.042210439337683578 0.018441585194638805 -0.16518878202780587 0.37840766743581683 0.24608052641127534 -0.11232695922245797 0.0076339520159020655 -0.0053099187794661395 0.23644938151960943 -0.13077213839191423 -0.10418094023319935 -0.015067453398353118 -0.11721752312617154 0.040749760813102796
leaf_weight=156 4947 762.25 2550.75 4107.25 5376.75 2950.25 153.5 16922 3895.75 11574.75 3424.5 2778.5 1258.5 9967 4284.5 10131.75 419 3599 801 169.5 318 742 22621.5 632.25 163.5 7197.75 7320.75 111 2456.25 4103.75 2011 5012 3071.75 1116.25 4918.25 9949 15016.5 1198 2077 1232.25 6709.75 552 1155.5 5402.25 1077 287 3828.75 8830 222 1300.25 1235 132 113.5 400.5 289 4915 483.75 421 2888 6606.5 3751.5 574.25
leaf_count=219 6879 1990 3231 4879 7380 4028 218 23660 4012 15006 4341 4406 2232 14383 8255 13422 419 4166 804 195 318 742 33564 684 213 10467 9156 111 2475 4124 2011 7319 3560 2383 6074 14092 21207 1198 2077 1803 11044 552 2357 6540 1077 401 4479 11395 222 3947 1235 132 136 507 289 5704 705 421 4328 11087 6360 611
internal_value=-0.000366532 -0.0372497 -0.00578407 0.0808314 -0.0314577 0.056829 -0.094637 -0.105402 0.0639462 0.0480469 -0.0435605 -0.0334964 -0.0792472 0.000103324 -0.0462042 -0.051022 0.015386 0.0582735 0.147101 0.00119773 0.0250674 -0.0487678 0.0355478 0.102533 -0.138866 -0.132395 0.139105 0.120666 0.0743083 0.0273985 0.0114294 -0.142467 0.0980056 -0.0813387 -0.0413694 -0.152165 0.0967586 0.108735 0.0392656 0.0316017 -0.0245022 -0.170394 0.0345927 -0.0614782 -0.0646807 -0.303087 0.0699188 -0.100821 -0.089203 -0.0544613 -0.110055 0.115852 -0.109068 -0.235437 -0.153174 0.0126637 0.150886 0.040406 -0.06612 -0.0464476 -0.0781798 -0.100447
internal_weight=232673 159997 103339 72675.5 75530.8 53354.5 56658.5 50936.8 27808 23912.2 66555 56608.8 28594.8 19405.8 8283.25 37203 14461 8975.75 19321 5721.75 31480.5 3912 27568.5 21874 22342 21498.5 18520 14412.8 7092 4635.75 2618 6270.5 9451.25 17356.8 7111.5 17146.8 21241.8 18291.5 3275 12807 19846.2 1294 11122.5 22324.2 5995.25 843.5 6900.5 9946.25 9184 4351.75 1654 354 10245.2 687.5 607 5552.25 637.25 4524.75 4188.25 13136.5 6530 4858.75
internal_count=321232 225713 144966 95519 111221 73549 80747 73925 33745 29733 99675 85936 39751 29947 13207 55989 18463 11546 21970 6822 44355 3912 40443 29194 34174 33047 21166 16287 7131 4656 2618 9551 11270 23092 9534 24559 28510 24482 3275 16809 32897 1294 16740 30200 7151 1127 8039 13739 11749 8488 1654 354 13558 908 607 6627 923 4545 8275 21853 10766 8866
cat_boundaries=0 1 2
cat_threshold=8 8
is_linear=0
shrinkage=0.04


Tree=39
num_leaves=63
num_cat=2
split_feature=4 21 1 4 4 21 21 4 4 5 45 1 42 49 44 21 42 21 6 21 6 22 21 24 21 25 22 52 49 25 6 23 48 53 49 24 21 19 49 23 6 49 4 45 42 7 49 24 21 48 21 19 49 4 17 23 15 42 22 43 22 19
split_gain=394841 169975 73538.9 73070.4 53811.5 51183.7 38650.9 37569.4 24474.1 28561.2 26980.3 20208.7 19971.2 17821.6 19174.2 18468.5 17174.2 16677 16004.6 16025.3 15399.8 14689 14427.8 18105 14160.2 13291 14664.2 12776.1 12642.8 11795.5 11597.9 11562.2 14843 11455.6 14176.9 15656.6 11355.1 11337.2 15215.7 11791.4 11529.8 11294.1 10743.4 10470.7 11308.1 10384.8 11596.1 10294.6 19266.8 10070 9979.65 9885.87 9830.18 9795.53 9666.62 9601.07 12718 9514.73 9487.33 9405.76 9290.32 14700.9
threshold=2.6149998903274541 70.549018859863295 2.0649999380111699 1.0000000180025095e-35 2.1450001001358037 74.533176422119155 80.24106597900392 3.1149998903274541 1.0000000180025095e-35 41.500000000000007 605.50000000000011 2.8950001001358037 71.013305664062514 2.7311431169509892 2.5334342718124394 65.668624877929702 69.951828002929702 88.393150329589858 216.25000000000003 78.408687591552749 89.250000000000014 0.13181531429290774 63.870082855224616 0.3201736062765122 88.393150329589858 88.125000000000014 0.096611455082893385 0 2.4104970693588261 358.00000000000006 105.25000000000001 1.0454032421112063 0.22304482758045199 1 2.4104970693588261 0.087824892252683653 58.996784210205085 10.500000000000002 2.4588052034378056 1.0489010810852053 174.25000000000003 2.5562542676925664 3.6450001001358037 32190.250000000004 70.863967895507827 22.500000000000004 2.4673503637313847 0.17640001326799395 63.725015640258796 0.097298033535480513 89.870384216308608 7.5000000000000009 2.3082107305526738 2.2949999570846562 3.5000000000000004 1.0536118745803835 2.5000000000000004 66.77695465087892 0.026197687722742561 0.078315105289220824 0.037285478785634048 190.50000000000003
decision_type=2 10 8 2 2 10 10 2 2 2 2 10 10 10 10 8 8 10 2 10 2 10 10 10 10 2 10 9 10 2 2 10 10 9 10 10 10 8 10 10 2 10 2 2 10 2 10 10 10 10 10 10 10 2 10 10 2 10 10 10 10 10
left_child=1 2 22 11 17 7 12 13 10 16 21 18 20 14 15 -2 31 25 19 -3 41 -4 -1 27 37 30 -27 28 -24 49 -5 -10 57 -14 35 59 -12 -7 -39 40 -40 -6 -9 44 52 46 -31 -23 -49 -16 55 -18 -17 -11 -29 56 -8 -33 -22 -35 -36 -62
right_child=5 3 8 4 6 24 50 42 9 53 36 -13 33 -15 29 43 51 -19 -20 -21 58 47 23 -25 -26 26 -28 54 -30 45 -32 32 -34 34 60 -37 -38 38 39 -41 -42 -43 -44 -45 -46 -47 -48 48 -50 -51 -52 -53 -54 -55 -56 -57 -58 -59 -60 -61 61 -63
leaf_value=-0.1578945141995978 -0.020990118111480247 0.043376676419960257 -0.019617197068646182 -0.048909983710186504 -0.023257910101038132 0.19597642141139432 0.14737157386267619 0.11290190801652288 0.037550335462414826 -0.050065498720406255 -0.12184504678424847 0.17264244492975425 0.09470938127490923 0.20383024551986106 0.022960790849488051 0.05705315980008014 0.055608175966565407 0.1843637704222621 -0.38771537852859494 0.1367169443420963 -0.047904098464194418 -0.18646472797602642 -0.10008436837214894 0.34014050066401558 0.31689900759781753 -0.08886843228292883 -0.32493178390613847 -0.086857022886514645 -0.17679704625442066 -0.35367848378960082 0.10169819519277454 0.0095616911519851785 -0.2066764231717978 0.14526667040161931 -0.02442512026107508 -0.16437071798425273 0.035209730145347486 0.1597089871935661 0.045700803767033879 0.14825862547635046 -0.36732081418746226 0.099773581596828614 0.28380654419306928 0.12021721682643322 0.016855257998041856 -0.03771860702054998 0.013848054890472862 -0.12694390318238802 0.18483542753656823 -0.27759084617213198 0.33251899924685474 -0.13050416659549527 0.14723784987998101 0.018460244527278364 0.0096097101807838554 0.22607819391709222 -0.018896313932272819 -0.076314411908335281 0.1113321906279458 -0.14648052728803829 -0.060051083564956316 -0.23374870109401413
leaf_weight=8562.25 5175.5 11754.5 5374 4976.75 5695.75 3730.25 1779 11922.75 1841 6121.5 777.5 3253.5 1158 1038 2911 8679 476.25 412.25 123 3925.75 682.75 1946 14163 148 708 10811.5 436.5 5592.5 4545.75 479 977 2706.5 1149 1543.25 8035.25 402.25 13381.75 6619.75 4215.75 2235.75 109 1508.25 618.25 4133 8966.5 839 192 1325.5 414.75 188 361 10521.25 2488.75 7334.5 2363.75 921.75 1253.75 8690 4798 198 3986.5 968
leaf_count=12190 7277 14444 11899 7667 7264 4436 2151 15570 5657 10851 938 3624 1419 1332 2911 15366 1095 425 123 4228 775 3152 19557 148 711 11344 438 7730 5289 479 2513 4490 1422 2465 9467 439 17506 8224 4236 2250 109 2004 673 4133 11890 839 192 1600 573 188 361 19447 4486 11773 3203 945 1313 11219 6967 225 4519 968
internal_value=3.93495e-05 -0.0324946 -0.0666491 0.0150719 -0.00994006 0.0835038 0.019974 0.0619524 -0.0404101 -0.0598315 -0.00792073 0.0818799 0.00333719 0.0407101 0.0357257 0.0476015 -0.0848039 -0.0664757 0.0631742 0.0667606 0.0409679 -0.0618159 -0.112675 -0.0982245 0.141753 -0.0725085 -0.0980862 -0.100683 -0.118741 -0.040124 -0.0241682 -0.0560238 -0.0697598 -0.0259639 -0.035249 0.0599927 0.0265691 0.134383 0.116923 0.0737139 0.0351243 0.00251975 0.121372 0.062231 0.0503169 -0.131716 -0.248774 -0.123289 -0.0525067 0.00455805 0.131625 -0.122435 0.0771744 -0.0127162 -0.0582012 0.113125 0.078666 -0.0559213 0.0914841 0.111957 -0.0509998 -0.09407
internal_weight=232646 167397 97434.8 69962.2 50905.5 65249.2 33291.5 47630.8 62059.5 38840 23219.5 19056.8 28976 35089.8 34051.8 29442.8 25384 17614 15803.2 15680.2 12684.8 9060.25 35375.2 26813 17618.5 17201.8 11248 26665 18708.8 4609 5953.75 14386.5 12545.5 16291.2 15133.2 2143.5 14159.2 16910.5 13180.2 6560.5 4324.75 7204 12541 24267.2 20134.2 1510 671 3686.25 1740.25 3099 4315.5 10997.5 11167.8 13456 7956.25 3954.5 3032.75 11396.5 5480.75 1741.25 12989.8 4954.5
internal_count=321129 235827 149739 86088 63669 85302 41282 65336 101622 65954 35668 22419 36512 49093 47761 43152 43330 22387 18795 18672 17010 17224 48117 35927 19966 21962 11782 35779 24846 4609 10180 22788 17131 19502 18083 3129 18444 19255 14819 6595 4345 9268 16243 35875 31742 1510 671 5325 2173 3099 4770 20542 19852 22624 10933 4409 3464 15709 7742 2690 14954 5487
cat_boundaries=0 1 2
cat_threshold=16 12
is_linear=0
shrinkage=0.04


Tree=40
num_leaves=63
num_cat=6
split_feature=0 21 21 0 0 21 4 11 42 16 14 52 14 1 17 11 52 4 19 49 21 11 21 19 42 45 1 53 17 50 21 23 53 22 49 19 19 22 4 19 42 49 25 23 22 23 48 48 23 52 48 49 10 4 15 11 1 42 22 53 22 20
split_gain=385578 135424 81955.1 60731.4 54555.4 40355.5 35093.1 28387.4 21192.1 20882.9 19333.1 18470.6 18295.5 18061 15952.2 15661.9 15275.3 15155.8 14254.3 15022.3 13229.4 12809.4 12639.4 12435.8 11841.8 23413.6 11714.6 11385.3 12947.9 10937.5 10100.9 13130.2 12663.4 11796.8 10035.3 10009.2 15549.9 12188 9897.28 9828.45 13454.7 9594.21 9575.79 9511.24 15794.5 12358.9 10134.4 10122 9678.61 9342.06 9212.62 9165.33 10497.3 16344.4 8981.29 8837.18 10954.2 8678.71 9837.48 9358.46 8659.63 8618.36
threshold=2.3950001001358037 69.88785552978517 70.549018859863295 3.0649999380111699 2.9050000905990605 77.739685058593764 2.3149999380111699 0.22490333765745166 72.626979827880874 1.5000000000000002 77.305000305175795 0 94.704998016357436 2.6049998998641972 3.5000000000000004 0.24008733034133914 1 2.4150000810623173 52.500000000000007 2.4325153827667241 79.325862884521499 0.027605257928371433 89.870384216308608 190.50000000000003 66.926166534423842 6443.6250000000009 3.4250000715255742 2 3.5000000000000004 11.125000000000002 86.135070800781264 1.0489010810852053 3 0.051998689770698554 1.9092210531234743 49.500000000000007 52.500000000000007 0.1468901410698891 2.9150000810623173 190.50000000000003 73.954586029052749 2.4577640295028691 496.62500000000006 1.0433844327926638 0.039901101961731918 1.0668813586235049 0.044321045279502876 0.05707452446222306 1.1440888047218325 4 0.088926725089550032 1.4375321269035342 17.250000000000004 1.935000002384186 2.5000000000000004 0.41498298943042761 1.0000000180025095e-35 76.324802398681655 0.071642290800809874 5 0.0059330721851438293 171.50000000000003
decision_type=8 10 10 10 10 10 2 10 10 2 8 9 10 10 10 8 9 2 10 10 10 10 10 10 10 2 10 9 10 2 10 10 9 10 8 10 10 10 2 10 10 10 2 10 10 10 10 10 10 9 8 8 2 2 2 10 8 10 8 9 10 2
left_child=2 4 7 5 10 8 9 17 12 11 15 14 13 29 18 -2 50 24 -4 23 38 42 61 -20 25 34 39 -10 43 -3 31 32 -7 -34 -1 37 -37 -18 -8 -5 -41 -14 57 47 -45 46 -46 -29 -47 -26 -12 -9 -53 -54 60 -11 -57 58 -6 -60 -16 -13
right_child=1 3 6 26 21 30 20 51 27 55 16 22 41 -15 54 -17 35 -19 19 -21 -22 -23 -24 -25 49 -27 -28 28 -30 -31 -32 -33 33 -35 -36 36 -38 -39 -40 40 -42 -43 -44 44 45 48 -48 -49 -50 -51 -52 52 53 -55 -56 56 -58 -59 59 -61 -62 -63
leaf_value=-0.14836654828434295 -0.032106275875789243 -0.12219252150726999 0.023631621669546493 0.1390458119863445 -0.0021201926985833872 0.34982561520880123 0.021701538966305046 -0.23547464107667135 0.20505659001139231 -0.094507739355916498 -0.012236921651382543 -0.051958559757798249 0.085126636631660355 0.084982086271951723 0.34102469433619548 -0.13320739483237459 -0.027336895732467007 -0.012905883869714946 -0.10746359621219059 -0.20439290082201 0.15450404623891056 -0.012882677515671187 0.25510315556832924 0.068005255683912094 -0.1100556160715975 0.13878626682357845 0.20273521547230172 -0.20022423762753491 0.053213183422509636 0.017424283503843577 0.22655834222930937 0.16876398341944987 0.074706199849634794 -0.36751367295306658 -0.036139710245555061 0.26251366955409638 -0.021941225322173141 -0.2146055115857784 0.27106505502584766 0.14074201846508816 -0.015090854364879771 0.19207960275068217 0.13827921629834253 0.086601723160563415 0.034997367988933215 0.0024032827504441908 -0.37018081085115034 -0.023970805805687598 -0.13540831685531285 -0.057248228947516577 0.082341757323711601 -0.069607603725144213 -0.19223401102444154 -0.10427731853634643 0.029082993418590372 -0.68542220724380776 -0.190586835020673 -0.14036683407011019 -0.086334954494523095 0.089237653445603207 -0.10548910900988803 0.029781382141514434
leaf_weight=1712.25 5747.25 973.75 1391.5 13892.75 3027.75 255.75 8069.75 1202.25 385 3759.25 2875 2810.5 6208 7546.75 71 4276 1327.25 6269 3316.5 2120 1618.5 3708.5 340 801 17614.25 1042 3651 1052 3427 11230.25 1239.5 3746.25 7940.5 95.75 4983 310 21260.75 956 261 1806.5 1738 1713.5 2700.25 1784 141 3299 325 1033 1081 7716.5 3856.75 4693 5553.5 8665.5 3966.25 81.25 538.25 350 505.25 9396 1473.75 7751.25
leaf_count=2916 8892 1018 1669 16121 4017 342 10088 1557 385 4444 4549 3277 8680 10711 71 7639 2483 9410 4197 2357 1791 5768 340 1401 22379 1042 4056 1052 3427 15269 1280 3825 9109 110 12693 310 31541 1157 300 2228 1738 2219 2701 1784 141 3299 325 1033 1081 10610 7126 7474 8621 13899 5095 115 665 350 818 15639 2100 10374
internal_value=0.000164006 0.0440174 -0.0602945 0.0800614 -0.000557087 0.0573883 -0.014719 -0.0897072 0.0374144 -0.0373525 -0.0270493 -0.0227142 0.056954 0.036349 -0.0546459 -0.0752556 -0.0112474 -0.0699356 -0.0920971 -0.117915 0.0499283 0.0540839 0.0157757 -0.0733103 -0.0807455 -0.0374198 0.137546 -0.00575006 -0.0126261 0.00626549 0.117845 0.106615 0.078502 0.06926 -0.0648776 -0.0262644 -0.0178289 -0.105869 0.0295782 0.123875 0.0643637 0.108305 0.0696258 -0.0385378 -0.0150892 -0.0525475 -0.247941 -0.113011 -0.0316536 -0.093975 0.0419562 -0.128363 -0.121529 -0.138653 -0.00278545 -0.117676 -0.257496 0.055646 0.0609737 0.0802649 -0.0845468 0.00802377
internal_weight=232683 134862 97821 74565.2 60296.8 53477 38369.8 59451.2 40199.2 28420.5 40609 24041.8 27672.2 19750.8 13140 10023.2 30585.8 39337 7629 6237.5 9949.25 19687.8 10901.8 4117.5 33068 7737.25 21088.2 12527 12142 12204 13277.8 12038.2 8292 8036.25 6695.25 23854 21570.8 2283.25 8330.75 17437.2 3544.5 7921.5 15979.2 8715 6630 4846 466 2085 4380 25330.8 6731.75 20114.2 18912 14219 5511 4378.75 619.5 13279 12929 9901.25 1544.75 10561.8
internal_count=321108 182223 138885 89233 92990 65090 48284 90601 50424 36105 63697 30881 37897 26998 16890 16531 47166 59050 9624 7955 12179 29293 13991 5598 49640 16651 24143 12527 12142 16287 14666 13386 9561 9219 15609 35491 31851 3640 10388 20087 3966 10899 23525 8715 6630 4846 466 2085 4380 32989 11675 31551 29994 22520 7266 5224 780 20824 20474 16457 2171 13651
cat_boundaries=0 1 2 3 4 5 6
cat_threshold=16 4 8 32 16 4
is_linear=0
shrinkage=0.04


Tree=41
num_leaves=63
num_cat=4
split_feature=11 21 1 1 21 21 21 4 11 21 8 19 14 47 44 21 43 44 43 6 25 49 29 21 23 47 35 49 56 21 43 50 15 44 25 14 53 17 21 22 44 21 32 14 14 11 52 25 18 44 23 56 44 1 22 23 44 23 43 9 4 24
split_gain=342170 119584 87904.7 60063.3 56641.5 31272.6 26248 24741.5 21570.6 17446.1 16561.7 15799.8 15782.2 18842.5 15572 15401.1 17782.3 13157.3 12768.5 12565.1 12546.9 12343.9 12240.3 11857.5 11999.5 11670.5 11522.6 11321 11272.9 10918 10675.6 10544.6 9999.39 10246 9848.42 9843.93 12798.3 11252.7 9755.96 9584.82 9584.34 9563.65 9249.33 9256.92 9113.72 8952.62 8837.01 8719.78 8680.12 8596.64 8523.06 8444.83 8342.84 8284.24 8203.46 8164.12 8091.69 8038.29 7877.47 7848.03 7791.43 7715.82
threshold=0.037408165633678443 73.465930938720717 3.0049999952316289 1.9550000429153445 75.729537963867202 82.205451965332045 68.252796173095717 2.7649999856948857 0.19489352405071261 70.36801910400392 94.250000000000014 79.500000000000014 78.58499908447267 71.997756958007827 2.4502030611038212 63.345434188842781 0.059439036995172508 2.8206398487091069 0.090873055160045638 18.500000000000004 40.125000000000007 2.4134039878845219 17.250000000000004 89.870384216308608 1.0484992265701296 70.548999786376967 13.750000000000002 1.4375321269035342 0 67.059993743896499 0.093268044292926802 33663.000000000007 3.5000000000000004 2.7038598060607915 53.375000000000007 91.720001220703139 1 2.5000000000000004 82.205451965332045 0.059999207034707076 2.0562483072280888 59.93836975097657 1.2069127559661867 80.704998016357436 89.505001068115249 0.26593752205371862 2 213.25000000000003 1.5000000000000002 2.4724371433258061 1.1222091317176821 3 2.3680891990661626 1.4650000333786013 0.019503099843859676 1.013817369937897 2.5615377426147465 1.0474960803985598 0.16473858058452609 1.5000000000000002 3.5049999952316289 0.049344956874847419
decision_type=8 10 10 8 10 10 10 2 10 10 2 8 10 10 10 10 10 10 8 2 2 8 2 10 10 10 2 8 1 8 10 2 2 10 2 10 9 10 10 10 8 8 8 10 10 10 9 2 10 10 10 1 10 10 10 10 10 10 10 2 2 10
left_child=2 3 4 15 7 8 12 10 20 -4 11 29 18 40 22 -2 31 41 -5 30 50 25 55 24 39 -12 53 57 32 -1 -13 54 33 -22 -10 37 -37 -16 52 -6 42 -9 -14 -44 -31 61 49 -28 -47 -42 58 -24 -11 -18 -17 -8 -34 -20 -3 -36 -43 -7
right_child=1 5 9 6 23 45 14 17 34 38 21 19 13 -15 35 16 26 -19 27 -21 28 -23 51 -25 -26 -27 47 -29 -30 44 -32 -33 56 -35 59 36 -38 -39 -40 -41 46 60 43 -45 -46 48 -48 -49 -50 -51 -52 -53 -54 -55 -56 -57 -58 -59 -60 -61 -62 -63
leaf_value=-0.073949418443879505 -0.15932909309243892 0.10241448618071024 0.080479048433139425 -0.19331648046447611 0.077262535879356151 0.11736089664300715 0.15007983521133123 -0.1458383655637257 0.047349619487684819 0.18899433148952638 0.04221343495368237 -0.058338165473875672 0.00070389440586546813 -0.13329661625549191 -0.24076079708232645 0.012787446035563326 -0.13353550641779335 -0.14450159461594647 -0.058170992775313887 -0.034318747456721997 0.049028025537181358 -0.004686250828193129 0.0787946778393393 0.33659996807092879 0.15255742820685289 0.17864230971066872 -0.067896727993966163 -0.069195433711564558 -0.01656614286106169 0.012690339976327163 -0.22346001132319601 -0.040600829138028635 0.034417716580832772 0.2113654745183447 0.18363269098532645 0.23393448906869721 -0.039090518712745929 -0.068705523856554415 0.26061705695010345 -0.34895456853640044 -0.00041617138454010745 0.059162005082324207 -0.11147489058279936 0.31096962466260619 0.12175291409757759 0.11165551909304305 -0.049894281663654311 0.0085467800447259819 -0.21177144183462002 0.20286091950970725 0.36167856182045677 -0.0061979825553471904 0.11929694436305098 -0.067018550118189482 -0.18481480465284633 -0.022004945862594254 -0.21338672172280046 -0.30794469033175143 -0.29208134790107382 -0.088182310803211511 0.22629774039528505 0.26382863057970307
leaf_weight=1621.25 6341 2544 11254.75 1902 9256.25 3563.75 454 354.5 1231.5 3697.5 7354 1373 946 3090.25 820 359.25 6499.5 519 324.5 10300.25 7346.25 9999 4836.5 344 4563.25 1160.25 9115 10224.75 7950.75 4460.25 1153.5 1191 448.5 678 174.25 278 5261 2350 1102 83.25 3316 17557 105.75 369 1689 296 13506 3233.75 237.5 368 197 3048.5 10805.75 5571.5 5153.25 13513.25 395 569 81.75 4877.5 456.25 687
leaf_count=2765 9122 3702 15307 2487 11237 3722 1660 455 2187 5094 10252 2054 1810 3292 820 396 9108 519 416 14783 8454 12546 6191 344 4807 1335 12892 19395 9762 7182 1644 1191 597 678 226 278 5261 2350 1129 147 7621 24577 111 381 2763 335 24180 3248 239 368 197 5501 12104 7712 6489 19232 395 968 84 5686 589 687
internal_value=0.000380889 -0.0414299 0.0566839 -0.0621299 0.0337114 0.0278284 -0.0389596 0.0161555 0.0104836 0.118465 -0.00200008 -0.0266766 -0.0627544 -0.0418585 -0.0119234 -0.1025 -0.0909123 0.0537485 -0.0975693 -0.0539413 0.0311206 0.0254537 0.00610257 0.105167 0.0993927 0.0608433 -0.0750592 -0.0811573 0.0180163 0.0183304 -0.133847 -0.148622 0.0490203 0.0627948 -0.0540151 -0.0571452 -0.0249549 -0.113338 0.145846 0.0733886 -0.0266624 0.0593658 0.0731159 0.216781 0.0426774 0.12177 -0.0349171 -0.0478798 -0.0325638 0.0199863 0.109128 0.0459405 0.13709 -0.102851 -0.171936 -0.0163901 -0.0818467 -0.217574 0.0899163 -0.0787361 0.0634204 0.141148
internal_weight=232560 133456 99104 102747 72244 30708.8 65282.5 57997.2 25924.5 26860 39110.5 20597.2 34721.2 21701 30561.2 37464.2 31123.2 18886.8 13020.2 12826.8 19641.2 18513.2 21852.2 14246.8 13902.8 8514.25 24419.8 11118.2 16818.5 7770.5 2526.5 6703.5 8867.75 8024.25 6283.25 8709 5539 3170 15605.2 9339.5 18610.8 18367.8 1420.75 474.75 6149.25 4784.25 17190 12348.8 533.5 3684 2822.75 7885 14503.2 12071 5512.5 13967.2 843.5 893.5 2625.75 5051.75 18013.2 4250.75
internal_count=321064 189431 131633 152480 97999 36951 102322 81464 31968 33634 55324 31191 61029 37763 41293 50158 41036 26140 23266 18481 23869 24133 32584 16535 16191 11587 32960 20779 19886 12710 3698 8076 10124 9132 8099 8709 5539 3170 18327 11384 34471 25621 2302 492 9945 4983 32169 16140 574 7989 3983 11692 17198 16820 6885 20892 992 1384 3786 5912 25166 4409
cat_boundaries=0 1 2 3 4
cat_threshold=4 12 4 4
is_linear=0
shrinkage=0.04


Tree=42
num_leaves=63
num_cat=8
split_feature=0 21 21 0 0 21 11 1 21 14 56 56 23 1 19 56 42 49 11 47 43 45 1 11 47 1 53 1 23 45 43 45 6 23 21 23 53 22 17 11 15 42 56 43 14 19 47 43 52 45 56 21 30 22 20 42 45 23 45 24 42 42
split_gain=321639 116045 70926.4 59110.6 42350.2 38193 30180.4 27741.6 26581.3 23098.4 22478.2 16882.8 16398.2 15109.7 14937.2 14302.9 14019.3 14431.6 13468.5 13325.3 12475.2 13095.7 12111 11457.1 11376.5 11028.8 10655 10810 10576.9 12217.5 9728.99 12190.9 10623.5 9625.3 9526.91 11270.4 12877.7 10083 9423.81 8960.09 8817.1 14755 8809.37 10321.1 8802.8 13223.2 13609.2 12907.1 8796.35 10636.9 9866.34 9344.51 9880.56 8773.9 8625.67 8557 8528.94 8126.58 8005.53 7954.52 7743.25 11696.8
threshold=2.3950001001358037 69.445976257324233 70.549018859863295 3.0649999380111699 2.8850001096725468 77.739685058593764 0.26593752205371862 1.8149999976158144 80.24106597900392 77.305000305175795 0 1 1.0013249516487124 2.6650000810623173 9.5000000000000018 2 66.926166534423842 1.9092210531234743 0.27033920586109167 72.087604522705092 0.046389764174819 32190.250000000004 3.054999947547913 0.50084745883941661 72.136989593505874 3.4050000905990605 3 2.745000004768372 1.0362150073051455 855.75000000000011 0.059439036995172508 39285.250000000007 91.250000000000014 1.0013249516487124 86.135070800781264 1.0496999621391299 4 0.051998689770698554 4.5000000000000009 0.060840187594294555 3.5000000000000004 73.954586029052749 5 0.37624095380306249 93.229999542236342 23.000000000000004 72.087604522705092 0.098209854215383544 6 32190.250000000004 7 58.996784210205085 0.19239971041679385 0.13181531429290774 159.00000000000003 69.402549743652358 34408.750000000007 1.0879712104797366 32190.250000000004 0.09577351808547975 66.972438812255874 66.65021133422853
decision_type=8 10 10 10 10 10 10 8 10 8 1 1 10 10 8 1 8 10 8 10 8 2 10 10 10 10 9 8 10 2 8 2 2 10 10 10 9 10 10 10 2 10 1 10 8 10 10 10 9 2 1 8 10 10 2 10 2 10 2 10 10 10
left_child=2 4 7 5 9 12 8 42 10 18 22 28 -3 44 -12 -15 17 -13 -2 48 -6 26 30 -8 -10 40 54 -28 29 -9 31 -4 -32 -16 35 36 -7 -38 -35 -18 -5 -42 43 -1 47 57 -47 58 -11 51 -51 -50 -53 -31 -22 -49 -23 -46 -14 -40 61 -44
right_child=1 3 6 25 20 34 23 11 24 19 14 16 13 15 33 -17 39 -19 -20 -21 21 56 -24 -25 -26 -27 27 -29 -30 53 32 -33 -34 38 -36 -37 37 -39 59 -41 41 -43 60 -45 45 46 -48 55 49 50 -52 52 -54 -55 -56 -57 -58 -59 -60 -61 -62 -63
leaf_value=-0.14582274751255794 -0.042298653357938511 0.22570541285753226 -0.07192000248015655 0.12561767725004372 -0.087396799304628112 0.34532876916918648 -0.075304216729372209 0.073507726241508281 0.18211286517069711 0.043427272446773309 0.049311635442872676 -0.13285769208663686 -0.05506908414868094 0.11334093240239958 0.12971219594323319 0.031638458898181371 -0.014672543494144661 0.068420658220834277 -0.14011479365494944 -0.09135299176109514 -0.21550283590300079 0.24580044895247991 0.34037461941083663 -0.25647984186526945 0.044350221583955907 0.18534595899561027 -0.011980726037381203 0.066866390471241474 -0.10512546435312292 -0.026024994913217983 0.016322397842488588 0.10016128561533094 0.11667493591630435 -0.077780080609664654 0.21504617303283557 0.15658579573363937 0.068127358418105355 -0.33813626498706412 -0.012816166901098861 -0.075576196893244157 0.13235404993565239 -0.044446726711492135 -0.091467868975445621 -0.45559781623528295 0.058825374680939201 0.051336365972409155 -0.045902610169633429 0.010632658464038358 -0.17087845051966849 0.1367162105000185 -0.059583819818953748 -0.024045016100226052 0.13228987584811233 -0.21494302260202627 0.05816180945852778 0.1270850411436035 0.085277000088222407 0.20275906595152932 0.07262049439032349 0.30898721984447913 -0.11964354889036453 0.068059997079961715
leaf_weight=7809 5310 681.75 2525 14908.75 1078 256.75 5683.5 1238.75 1585.75 5475.5 2590.75 696 7703.5 5313.75 437.25 9663 6056.75 3106 3913 2941.25 460.75 807 201 618 2427.5 4154.25 3728 10954.75 14662.75 1152.5 4377 889 2746.25 11155 1228.75 3661 7978.25 97 3082.75 10685.75 1634.5 1401 3054 174.5 1601.5 6065.25 3709.75 5601.25 661.5 1316 593 16341.25 671.5 595.75 305 1229.75 1545 1033 873 126 9234 966.75
leaf_count=11502 8220 2727 3197 17377 1078 346 7473 3449 1900 9872 3511 807 9847 6234 1749 11976 8441 4714 7150 3113 589 807 222 831 2561 4674 4967 18712 20002 3887 4989 889 3173 13474 1267 3736 9131 112 4282 18020 2080 1401 5061 197 2110 7737 3715 7090 888 1316 593 26728 925 1972 584 1664 1545 1111 873 159 11349 1029
internal_value=-0.000259304 0.0397917 -0.0554585 0.0710956 -0.00417612 0.0494631 -0.0131206 -0.0828439 0.0025732 -0.0289261 -0.0111681 -0.0624592 0.0313553 0.0282485 -0.0392631 0.0606383 -0.0378034 0.0315217 -0.0838209 -0.0108391 0.0446211 0.0526255 0.0343327 -0.0931495 0.0988498 0.126587 0.0392268 0.0468155 -0.0911507 -0.0225237 0.0284306 -0.0270756 0.0550347 -0.0547722 0.10899 0.0980898 0.0723548 0.0630857 -0.0604059 -0.0535486 0.112965 0.0507755 -0.119493 -0.152707 0.0108063 0.0358765 0.0144301 -0.00938729 -0.001382 -0.0139143 0.0757361 -0.0236054 -0.0178591 -0.0905791 -0.105253 0.0316292 0.14052 0.115376 -0.0420568 2.3961e-06 -0.0994679 -0.0530942
internal_weight=232774 134897 97877.2 78795.8 56101.5 56697.2 38444.8 59432.5 32143.2 37223 28130 38194.2 43475.5 42793.8 17391.8 14976.8 20544.5 3802 9223 28000 18878.5 17800.5 10738.2 6301.5 4013.25 22098.5 15448.5 14682.8 17649.8 2987 10537.2 3414 7123.25 14801 13221.8 11993 8332 8075.25 14363.8 16742.5 17944.2 3035.5 21238.2 7983.5 27817 12409.5 9775 15407.5 25058.8 19583.2 1909 17674.2 17012.8 1748.25 765.75 6831 2352 2634.5 8576.5 3208.75 13254.8 4020.75
internal_count=321135 182295 138840 95208 87087 69676 48410 90430 40106 58805 35645 61292 55084 52357 23175 18210 31982 5521 15370 43435 28282 27204 12470 8304 4461 25532 24852 23679 29310 9308 12248 4086 8162 19664 14592 13325 9589 9243 17915 26461 20858 3481 29138 11699 34147 14673 11452 19474 40322 30450 1909 28541 27653 5859 1173 8754 2352 3221 10720 4441 17439 6090
cat_boundaries=0 1 2 3 4 5 6 7 8
cat_threshold=4 8 4 4 32 8 4 4
is_linear=0
shrinkage=0.04


Tree=43
num_leaves=63
num_cat=5
split_feature=0 0 21 21 4 1 21 21 21 24 1 47 50 22 14 15 38 8 44 9 56 5 25 44 19 0 14 6 19 42 22 42 29 21 19 21 45 17 42 21 11 21 53 33 4 21 24 22 24 56 24 45 17 5 56 45 53 50 42 25 33 25
split_gain=301094 117289 81344.8 58321.5 37152 24236 22506.6 20810.1 20717.8 17985.4 17417.4 16349.3 14917.7 15222.4 14453.5 16017.2 14744.4 16067.2 14131.3 13703.5 13616.6 13397.5 13365.4 19552.6 13095 12721.1 12451.2 11784.1 11595.2 13905 12470.9 11560.7 11416.5 13428 11283.6 11142.6 11017.3 10979.2 10952.5 10447.4 10429.8 10364.5 10237.2 10189.3 10173.9 9742.62 10429.9 12592.1 9740.6 12306.4 9653.74 9578.98 12517.2 9359.15 9670.71 9110.75 9104.16 9040.22 8593.45 8549.07 10682.8 8417.84
threshold=2.3249999284744267 3.0049999952316289 71.971065521240249 76.094738006591811 2.2849999666213994 2.3549998998641972 77.739685058593764 62.269115447998054 69.445976257324233 0.3201736062765122 1.325000047683716 72.136989593505874 3315.8750000000005 0.025706643238663677 88.345001220703139 3.5000000000000004 1.1297154426574709 14.500000000000002 2.3518515825271611 13.500000000000002 0 30.500000000000004 17.875000000000004 2.5522066354751591 5.0000000000000009 3.3349999189376835 93.229999542236342 68.500000000000014 23.000000000000004 70.237026214599624 0.07381992414593698 69.085494995117202 16.750000000000004 68.89096832275392 10.500000000000002 63.870082855224616 32601.250000000004 1.5000000000000002 73.292812347412124 65.668624877929702 0.15715519338846209 63.086299896240241 1 0.99588751792907726 2.9450000524520878 86.135070800781264 0.049344956874847419 0.054383184760808952 0.035347228869795806 2 0.3201736062765122 24603.750000000004 2.5000000000000004 36.500000000000007 3 25987.250000000004 4 1732.0000000000002 77.138763427734389 36.125000000000007 4.4095704555511483 197.62500000000003
decision_type=8 10 10 10 2 10 10 8 10 10 8 10 2 10 8 2 8 2 8 2 1 2 2 10 10 10 8 2 10 10 8 8 2 8 10 10 2 10 10 10 8 8 9 10 2 10 10 10 10 1 10 2 10 2 1 2 9 2 10 2 10 2
left_child=3 2 5 4 7 14 22 -1 28 10 -9 21 19 -14 41 16 34 32 48 -13 44 -5 -4 26 -20 -10 40 -21 29 -3 -30 35 -18 -34 -16 50 51 -11 -38 -32 -24 59 -28 -15 -6 46 47 56 -12 55 -7 -26 -53 54 -33 -50 -8 -23 -36 -2 -61 -37
right_child=1 8 6 11 20 31 45 9 25 37 18 12 13 43 15 -17 17 -19 24 27 -22 57 23 -25 36 -27 42 -29 30 -31 39 53 33 -35 58 61 38 -39 -40 -41 -42 -43 -44 -45 -46 -47 -48 -49 49 -51 -52 52 -54 -55 -56 -57 -58 -59 -60 60 -62 -63
leaf_value=-0.14972676548211267 -0.31702914949156108 0.05690219903695274 0.11874207565755862 -0.0067735825710994926 0.013767363918338261 -0.056342629007052038 0.29816181353532384 -0.12269342774936974 0.096144514548754126 0.018742719786115948 0.020734146503783323 0.033153704692013931 -0.063374068383488261 -0.21086251405319251 0.1717374363427745 -0.073198896979239786 0.0098282026892861744 -0.013782946316373543 0.2620179940735603 -0.63160292780158844 -0.051048028438173826 0.3111199508969259 0.030174338999782033 -0.093326895144562064 -0.094946115225200037 0.15603391086440033 0.1812113760458007 -0.094158933344182308 -0.0013107223340178876 -0.18649459643164143 0.045501904976341524 -0.083293341377465233 0.2752793214164328 0.070741821274915642 -0.040314923575662 0.036174999942723919 0.021203757673315157 0.51537711331015457 -0.18021526863653439 0.13230074160750538 -0.064780021718840064 -0.045528091394249397 0.055864420394835246 -0.70464892393404299 0.26497549460316733 0.20747491557290365 0.1637284418727018 -0.39323615869661654 -0.10738132648309014 -0.031871441921670567 0.2035644815059538 -0.33446966755655921 -0.13162795799898361 0.022911164066444598 0.00051229839340591571 0.003532957562242076 0.069385538355746942 0.10166229945734027 0.3279183173422674 -0.13127061821422936 0.11050157649237831 0.11529522624995478
leaf_weight=6878.25 330.75 871 2885.25 1961.25 7431.75 2271.25 277.5 10951.25 15998 161 2961.75 4035.25 793 175 450.5 4379.5 911.75 2252.75 162 84.75 8448 366.75 8158.25 1960 12084.5 8811.25 1181.25 267.75 3013 657.25 4079 3837 1099.25 966 6586 6025.25 2052 126 545 4872 2391.75 16685.25 8708.75 109 265.25 1263.75 2494.25 90.25 8121.5 13589.5 252.25 626 2194 8731 5169.5 1387 9320.75 3177.75 101 2419.25 331 3347.5
leaf_count=10083 807 1630 3822 2430 9837 3127 369 14858 18908 161 9258 4558 793 175 1043 6979 1832 3947 204 105 12447 618 10355 1960 20990 9967 1368 300 3688 763 7592 5562 1379 1833 8995 9125 2052 126 545 6543 2916 28401 10775 109 344 1311 2576 106 11447 16594 283 626 2194 12226 6788 1387 10556 4149 101 2903 331 3361
internal_value=-8.31118e-05 0.0358242 0.0139451 -0.0578781 -0.0700258 -0.0130112 0.0599801 -0.0841323 0.0957301 -0.0759181 -0.0775793 0.0284706 -0.0205398 -0.153788 -0.034823 -0.00747949 0.0158005 0.0668115 -0.0662744 0.01222 -0.0159895 0.0771073 0.0377389 0.0272951 -0.0938966 0.117426 0.03887 -0.226231 0.0558241 -0.0478765 0.069077 0.0138643 0.12777 0.179774 -0.021583 0.0443679 -0.0972211 0.238863 -0.0211686 0.0927661 0.00863864 -0.0579859 0.0711098 -0.404009 0.022492 0.101791 0.090795 0.071988 -0.0475458 -0.0563024 -0.0302184 -0.110468 -0.176864 -0.00659627 -0.0352007 -0.0912041 0.0764442 0.1235 -0.0346556 -0.125376 -0.102111 0.0644524
internal_weight=232135 143180 104878 88955.2 77984.8 66146.8 38731.8 61839.8 38301.5 54961.5 54674.5 10970.5 5464.75 1077 36513 16746.8 12367.2 5229.75 43723.2 4387.75 16145 5505.75 25285.2 22400 17663.5 24809.2 20440 352.5 13492.2 1528.25 11964 29633.8 2977 2065.25 7137.5 11896.2 17501.5 287 2597 8951 10550 19766.2 9890 284 7697 13446.5 12182.8 9688.5 26059.8 23098 2523.5 14904.5 2820 17737.5 9006.5 9508.5 9598.25 3544.5 6687 3081 2750.25 9372.75
internal_count=320618 194228 145137 126390 113153 99023 46114 90525 49091 80442 80155 13237 6040 1077 58551 26109 19130 8991 65297 4963 22628 7197 31196 27374 26611 28875 25414 405 20216 2393 17823 40472 5044 3212 10139 15896 26407 287 2597 14135 13271 32442 12143 284 10181 14918 13607 11031 38686 29428 3410 23810 2820 24576 12350 12834 10925 4767 9096 4041 3234 12486
cat_boundaries=0 1 2 3 4 5
cat_threshold=4 4 8 8 32
is_linear=0
shrinkage=0.04


Tree=44
num_leaves=63
num_cat=4
split_feature=0 0 21 21 11 1 4 21 5 21 4 21 56 53 21 25 44 11 24 42 14 47 1 25 4 40 32 23 0 1 43 21 23 22 53 42 43 22 15 1 30 5 43 25 33 21 9 47 17 24 24 21 1 14 53 50 42 42 47 12 21 22
split_gain=284051 113466 72128.9 52379.3 24651.5 23819.4 23092 21144.3 21111.9 18211 18124.1 17837.2 16859.6 15451.1 15434.5 14348.2 23468.5 12412.2 11874.7 11432.6 11861.2 16647.3 10925.1 10882.9 10730.3 10551.2 10564 10418.3 10389.4 9872.69 9865.08 9776.77 11092 12242.1 9860.07 9772.55 9155.49 8791.88 8564.28 9716.67 9135.2 8562.69 9507.46 8311.29 10528.1 8917.17 8227.66 8048.19 8006.19 9105.29 7930.13 8176.81 7866.54 7521.65 9966.75 7863.19 7396.26 7387.97 7295.38 7275.29 7239.03 8397.96
threshold=2.2749999761581425 2.9550000429153447 72.081737518310561 70.549018859863295 0.37119558453559881 3.2549999952316289 2.6250000000000004 77.739685058593764 36.500000000000007 80.24106597900392 2.2849999666213994 68.744674682617202 0 1 62.269115447998054 39.125000000000007 2.5522066354751591 0.50084745883941661 0.3201736062765122 66.990200042724624 88.184997558593764 71.537059783935561 2.3549998998641972 276.37500000000006 1.1950000524520876 0.23607999086380008 1.227342486381531 1.0013249516487124 1.0000000180025095e-35 2.4050000905990605 0.047615710645914085 86.135070800781264 1.0489010810852053 0.051998689770698554 2 74.218147277832045 0.29464966058731085 0.035123189911246307 3.5000000000000004 2.9150000810623173 0.1058313548564911 41.500000000000007 0.052107032388448722 35.125000000000007 4.4095704555511483 59.510065078735359 7.5000000000000009 72.136989593505874 4.5000000000000009 0.079831153154373183 0.064375076442956938 65.602870941162124 2.054999947547913 92.095001220703139 3 32.125000000000007 66.926166534423842 73.898105621337905 72.592372894287124 2.5000000000000004 82.205451965332045 0.040818030014634139
decision_type=8 10 10 10 10 10 2 10 2 10 2 8 1 9 8 2 10 10 10 8 8 10 8 2 2 8 10 10 10 8 10 10 10 10 9 10 10 8 2 8 8 2 8 2 10 10 2 10 10 10 10 10 10 8 9 2 8 10 10 8 10 10
left_child=3 2 8 10 6 11 9 15 14 12 17 35 -5 37 43 -4 53 24 19 25 52 38 -10 50 36 -16 -27 -15 -19 -13 -6 32 33 34 -9 -3 56 -14 39 -22 -40 42 -26 -2 -45 -46 -30 -11 -29 -50 -23 -52 -21 55 -55 -17 -1 -12 -39 -44 -31 -62
right_child=1 5 7 4 30 -7 -8 31 22 47 57 29 13 27 18 16 -18 28 -20 20 21 23 -24 -25 41 26 -28 48 46 60 -32 -33 -34 -35 -36 -37 -38 58 40 -41 -42 -43 59 44 45 -47 -48 -49 49 -51 51 -53 -54 54 -56 -57 -58 -59 -60 -61 61 -63
leaf_value=0.066124841872742396 -0.30547503254179859 0.037149474116950396 0.09417576061212099 0.013789401491684641 -0.3845946937379901 0.13732341273499699 0.16791655676481124 0.30654147814405341 -0.021861290842795672 0.14539816066334141 -0.022078363423941202 0.018572902151693268 -0.083754914083654888 0.12574903681016011 0.052231377233643982 -0.13268988416274188 -0.12395669763513019 -0.34425653122854583 0.32052671398716043 -0.088173984296105679 -0.015835725776732909 -0.10611845844836719 0.036410349473777449 -0.11978304170483225 -0.19283669613474785 -0.12325233538264631 0.075497963538052326 -0.092400602458399622 -0.056155623039408853 0.090057622029940068 -0.11559715935798748 0.20279602953609016 0.14163815448557093 -0.4045549722745273 0.055074328173240192 -0.093696427287451783 -0.33163612927938452 0.0084822537238189687 0.011446949958017297 0.075305252712404777 -0.14138977872304631 -0.066933873957187834 -0.055018981941326199 -0.10882322277893425 -0.030694987604994527 0.38049157794180366 -0.23985422781843521 0.020968052678724383 -0.04624302359782919 0.15466763498569733 -0.12262876420396229 0.032252816036886907 -0.027303259213208766 0.16289221719140373 0.038976210597898527 0.013557842220534895 -0.052011799141271089 -0.180207394456387 0.18890345360438163 -0.11343255933953338 0.2012159579274462 -0.1509609271175841
leaf_weight=1067.25 301.25 8658.75 4791 9506.25 242 10874 1132 247.25 7858.25 1357.25 8137.5 2936.5 563 422.5 5035.5 639 1723 521.25 158 8089.5 3045.5 1354.5 14917 2863 2053 1294.5 637 10147 876.25 20077.75 2110.5 1232.25 3714.75 88.5 7768 1019 161.5 688.5 1797.75 4850.5 957.5 10243.5 4159.5 3586.75 235.5 129.25 703.75 2145.5 2474.5 420.5 653.75 3238.5 5860 1178.25 8407.25 7141.75 4096.5 500 747 19134.75 1553.75 115
leaf_count=1953 725 11661 6672 11043 242 13187 1318 335 10400 1655 12315 3466 662 1690 8409 651 1723 858 158 14661 3863 1785 22408 2869 2524 3006 643 12355 1447 27265 2874 1281 3795 105 9022 1019 262 825 3117 8197 2189 15582 6690 4495 237 130 1315 2267 3619 449 689 3684 8245 1299 10304 9013 5442 500 1116 29730 1577 115
internal_value=-0.000249847 0.0328564 0.00981454 -0.0592582 -0.0190046 0.0857249 -0.00909623 0.05468 -0.014967 -0.0161456 -0.0841594 0.0693884 -0.0281286 -0.0538976 -0.0311212 0.0323001 0.016762 -0.0947765 -0.0233851 -0.0247708 -0.0346799 -0.013907 0.0163041 -0.057082 -0.0898984 0.021748 -0.057691 -0.0692731 -0.189585 0.0874336 -0.143575 0.0956187 0.0844109 0.0581485 0.063358 0.023355 -0.0369213 0.0497509 0.0189698 0.0401559 -0.0417278 -0.0978223 -0.110299 -0.103539 -0.0879954 0.116268 -0.138182 0.0692401 -0.0756629 -0.0169713 -0.0228337 0.00618693 -0.0626112 0.0307366 0.0544502 0.0015151 -0.0275775 -0.0312725 0.102507 -0.103008 0.0967291 0.17679
internal_weight=232640 149029 103794 83611.2 31956.5 45234.8 29604 36931 66863.5 28472 51654.8 34360.8 24969.2 15463 44088.2 23880.2 19089.2 43017.2 39835.5 39677.5 32710.5 18761 22775.2 8109.75 40916 6967 1931.5 13464.5 2101.25 24683 2352.5 13050.8 11818.5 8103.75 8015.25 9677.75 5325.25 1998.5 10651.2 7896 2755.25 35590.8 25347.2 4252.75 3951.5 364.75 1580 3502.75 13042 2895 5246.75 3892.25 13949.5 17366.2 9585.5 7780.75 5163.75 8637.5 1435.5 23294.2 21746.5 1668.75
internal_count=321133 202400 144110 118733 40115 58290 36999 44200 99910 35681 78618 45103 31759 20716 67102 29662 22990 65803 61515 61357 49299 26393 32808 9027 62183 12058 3649 18113 3620 32423 3116 14538 13257 9462 9357 12680 7657 2603 17366 12060 5306 54526 38944 5587 4862 367 2762 3922 16423 4068 6158 4373 22906 21267 11603 9664 7395 12815 1941 36420 28957 1692
cat_boundaries=0 1 2 3 4
cat_threshold=4 12 32 4
is_linear=0
shrinkage=0.04


Tree=45
num_leaves=63
num_cat=1
split_feature=11 21 0 0 21 1 1 0 21 21 1 43 9 23 11 1 45 44 21 6 23 44 21 6 47 25 30 22 19 47 21 24 24 50 17 25 9 17 54 1 35 39 23 24 42 20 21 22 23 6 42 50 48 45 42 50 32 21 50 50 36 21
split_gain=262071 92892.8 72109 59319.2 43826.1 24889.8 23679.5 19153.5 18880.6 17685.9 14531.3 13806.5 13435.6 12489.5 12105.7 12093.3 11022.2 12857.3 11020.5 10581.4 10364.1 10306.6 10200.7 10062.5 16825.9 10261.3 12939.5 9871.08 9318.36 14361.2 8896.07 8872.07 8866.8 8687.75 8686.89 8685.35 8565.09 8406.09 8391.19 8291.91 9768.54 9946.23 9310.49 8229.03 8252.5 8389.66 8212.47 8207.39 8090 7920.69 7916.39 7826.64 7795.79 7672.35 8083.1 7546.76 7495.31 7479.79 7476.17 8542.37 7383.69 7366.49
threshold=0.037408165633678443 75.92813873291017 3.1550000905990605 1.7749999761581423 73.630203247070327 2.5949999094009404 2.0649999380111699 1.6549999713897707 84.929595947265639 66.469604492187514 2.5449999570846562 0.092147998511791243 3.5000000000000004 1.0484992265701296 0.71984010934829723 3.5049999952316289 32190.250000000004 2.3680891990661626 78.926559448242202 174.25000000000003 1.0153971314430239 2.5334342718124394 58.996784210205085 48.500000000000007 77.875114440917983 272.62500000000006 0.048334293067455299 0.11698624119162561 36.000000000000007 72.136989593505874 63.870082855224616 0.047067908570170409 0.3201736062765122 11.125000000000002 4.5000000000000009 117.62500000000001 9.5000000000000018 4.5000000000000009 0 2.7949999570846562 13.250000000000002 0.89123025536537182 1.0280442237854006 0.10139193385839464 58.281900405883796 159.00000000000003 65.71753311157228 0.16758911311626437 1.0454032421112063 71.500000000000014 73.292812347412124 3957.8750000000005 0.12391464039683343 32601.250000000004 73.292812347412124 153.12500000000003 1.0779095292091372 63.870082855224616 23899.000000000004 15089.500000000002 0.1622736677527428 61.860757827758796
decision_type=8 10 8 8 10 10 8 8 10 10 10 10 2 10 10 10 2 10 10 2 10 10 10 2 10 2 10 10 8 10 10 10 10 2 10 2 2 8 9 8 2 8 10 10 10 2 8 10 10 2 10 2 10 2 10 2 10 10 2 2 10 8
left_child=2 3 4 12 5 20 21 35 13 38 -6 27 -2 28 37 46 17 22 31 -10 -1 30 -7 24 25 26 -22 39 -9 -30 -5 -12 57 -13 -15 -3 -16 -14 -8 42 41 -41 -11 44 -35 -46 -4 -27 56 -47 -18 -50 -37 -44 -55 60 -31 -24 59 -48 -28 -39
right_child=1 7 15 6 10 16 9 8 19 11 18 33 14 34 36 -17 50 -19 -20 -21 23 -23 32 -25 -26 47 55 -29 29 48 -32 -33 -34 43 -36 52 -38 61 -40 40 -42 -43 53 -45 45 49 58 -49 51 -51 -52 -53 -54 54 -56 -57 -58 -59 -60 -61 -62 -63
leaf_value=0.060415937382297794 -0.049852712531708941 0.049472390438178006 0.024387678438337518 -0.11437220200542053 0.042594988383027346 -0.18024217136561033 -0.040030519375794195 0.065428962067874782 0.22524714408761792 0.063584656342650231 0.047835158948253687 -0.12913939953124065 -0.11384703832280325 0.071613255772581458 -0.21642790054715907 0.18257485839648827 0.12272255942002817 -0.0028580312054569878 0.16595024940894465 -0.11784929646791051 0.14080412924091845 -0.17804899892847939 -0.025472304271060443 -0.0045392541309158567 0.30351449053835422 -0.12139322349761386 0.04398371051584965 -0.10688487251926718 0.03985624828387907 -0.14271543852919508 -0.046861295416716992 0.13361095904047207 0.4394817768275136 -0.33118557338109095 0.20827722133033952 -0.067151578365701681 -0.62214145133441823 -0.35480629113310491 -0.14795324390812853 0.033501341260430514 0.054157789178928245 -0.10814554666588151 -0.072568970529063054 0.074940012944127818 0.088811540695769187 -0.053783943982854333 0.1093728512392638 -0.37937352127359575 -0.071544436443735052 0.030803165661014955 -0.025793906881907858 -0.54396451348706709 -0.35220751848278276 0.083717456560158374 -0.11772482330716244 -0.083971837010222219 0.017366808265805649 0.071480347446553391 0.16671180082751427 0.02609410094713658 -0.36299661508419656 -0.040565222492606301
leaf_weight=2570.5 8339.25 1085 2102.25 3635.5 9577.25 282 17036.25 3534.75 1460 1259 4770.25 531.5 21375.75 5384.75 525.75 3235.5 3475 11375.25 3716.5 158.25 540.25 1163 1457 15432.5 199.25 1182 1289.25 1940.25 2788.75 1044 22156.75 3242.5 97 108.25 862.75 2074.75 98.25 121.25 1229.25 1608 4797.5 1561.75 6458.25 5331.25 2033.25 2943 12965 236 106 4442 687 119 164 1115 444 5302.75 846 10034.5 2910 2326 73.5 3839.25
leaf_count=9319 12234 1685 2685 5140 11606 390 32154 4449 1559 2933 6325 845 30657 5657 828 3726 3475 14172 4081 159 601 1163 2291 18827 227 1182 2007 2214 4198 1044 29200 3430 97 235 916 2077 153 197 2091 1860 5975 2161 8421 6157 3888 4470 17885 236 106 6476 687 119 164 1115 444 7519 846 15427 2910 2326 108 5775
internal_value=0.000306846 -0.0362245 0.0496109 -0.0500524 0.0305604 0.0114624 -0.0311411 0.044151 0.0619909 -0.0155763 0.0791665 0.00124475 -0.0940428 0.0476861 -0.108233 0.110739 0.03827 0.0275311 0.109015 0.191586 -0.015927 -0.061648 0.0566486 -0.0240222 -0.0580905 -0.0665147 -0.0471302 -0.021394 0.0159383 -0.0197464 -0.0563856 0.0825715 0.062444 0.0294652 0.0905478 -0.0433427 -0.282105 -0.103928 -0.0474124 -0.0117628 0.0181642 -0.0363104 -0.0374659 0.035156 0.0128801 0.016905 0.0992744 -0.164809 -0.0983032 -0.00291004 0.0982052 -0.324029 -0.0883327 -0.0533475 0.0262647 -0.0624015 -0.0711127 0.0591848 0.10792 0.0967104 0.0215275 -0.0503619
internal_weight=232800 133721 99079 114093 75540.2 54233.8 79793.8 19628 16304.2 52838.5 21306.5 34573 34299.5 14686 25960.2 23538.8 27407.8 23245.8 11729.2 1618.25 26826 26955.2 11870.5 24255.5 8823 8623.75 7205.75 19183.8 8438.5 4903.75 25792.2 8012.75 11588.5 15389.2 6247.5 3323.75 624 25336.2 18265.5 17243.5 7967.25 3169.75 9276.25 14857.8 9526.5 9418.25 20303.2 1418 2115 7385 4162 225 2238.75 8017.25 1559 6665.5 1890 11491.5 18201 15291 1362.75 3960.5
internal_count=321304 189765 131539 166786 102007 76565 116942 22979 19053 81439 25442 47194 49844 17335 37610 29532 36539 32377 13836 1718 40026 35503 18205 30707 11880 11653 10235 25123 10762 6313 34340 9755 17815 22071 6573 3926 981 36629 34245 22909 9996 4021 12913 21226 15069 14834 25806 1418 2115 10946 4162 225 2241 9980 1559 9634 1890 17718 23121 20211 2115 5972
cat_boundaries=0 1
cat_threshold=8
is_linear=0
shrinkage=0.04


Tree=46
num_leaves=63
num_cat=3
split_feature=4 0 21 21 56 1 21 19 21 1 19 19 42 21 42 4 47 22 6 47 14 50 25 25 11 45 25 43 42 24 4 1 52 42 42 43 47 6 22 56 4 25 19 25 21 24 50 4 14 6 45 40 43 34 0 20 19 4 15 22 8 42
split_gain=240714 110223 67820.1 29462.6 26713.5 25217.6 19254.1 18568.4 18078.6 17633.1 16980.2 16407.6 15478.9 15203.3 14601 14298 14039.4 13533.5 15495 13178 12880.6 14332.6 12782.8 12718.1 12576.3 12182.5 17479.7 14925.7 11875.5 11558.5 11488.7 11228.8 10901 11406.7 11518.1 11264.4 10851.2 10554.7 10436.7 10242.8 10030.9 9783.88 9451.94 9373.4 9285.88 9152.37 9078.05 8937.5 10460 8675.44 11285.5 8614.44 8566.33 8475.73 8348.12 8279.45 8225.91 8789.33 8224.91 8193.53 8181.45 8321.46
threshold=2.6650000810623173 2.054999947547913 73.233318328857436 69.445976257324233 0 2.9050000905990605 66.469604492187514 10.500000000000002 82.205451965332045 2.0749999284744267 23.000000000000004 5.0000000000000009 68.216938018798842 88.393150329589858 72.626979827880874 3.1350001096725468 77.179512023925795 0.07381992414593698 94.500000000000014 71.537059783935561 94.220001220703139 17.625000000000004 31.125000000000004 17.875000000000004 0.45538558065891271 32190.250000000004 713.87500000000011 0.046010792255401618 70.626251220703139 0.14791696518659594 2.1049998998641972 2.304999947547913 1 66.972438812255874 68.565837860107436 0.11733227595686914 71.997756958007827 101.25000000000001 0.074320640414953246 2 3.2350000143051152 635.37500000000011 5.0000000000000009 181.37500000000003 88.393150329589858 0.13302168995141986 123.25000000000001 1.6549999713897707 95.965000152587905 128.25000000000003 3819.3750000000005 0.23607999086380008 0.048099422827363021 2.5000000000000004 1.0000000180025095e-35 177.50000000000003 7.5000000000000009 2.2949999570846562 3.5000000000000004 0.12127390503883363 26.500000000000004 66.926166534423842
decision_type=2 8 10 8 1 10 8 8 10 10 10 8 8 10 10 2 10 10 2 8 10 2 2 2 8 2 2 8 10 10 2 8 9 8 10 10 10 2 10 1 2 2 10 2 10 10 2 2 10 2 2 10 10 2 10 2 8 2 2 10 2 10
left_child=1 4 5 10 11 6 22 55 14 32 28 -1 29 24 20 19 25 45 40 37 21 -4 42 -23 31 27 39 -14 -2 51 -7 59 33 35 -35 -6 53 -9 -34 -27 52 -10 -3 -25 58 -12 -38 48 -29 56 -51 -8 -19 -16 -26 -5 -49 -58 -21 -13 -11 -62
right_child=3 2 8 7 9 30 12 15 41 60 17 13 16 -15 36 -17 -18 18 -20 44 -22 23 -24 43 54 26 -28 47 -30 -31 -32 -33 38 34 -36 -37 46 -39 -40 -41 -42 -43 -44 -45 -46 -47 -48 49 -50 50 -52 -53 -54 -55 -56 -57 57 -59 -60 -61 61 -63
leaf_value=0.16605656639868502 -0.0048876428730794839 -0.61767618879631381 -0.1383920923030045 0.08138794697718385 0.17749348684310143 0.090063909041882051 0.027949757599958783 0.071071949822816449 0.13987048078025902 -0.32162217572777285 -0.0270331435173943 -0.098895138702974797 -0.15591717500752808 0.25908652639260854 -0.19178930048269727 0.11952094944028983 0.11460730351456892 -0.18926308212635642 0.11747703805605983 0.05326996246687183 0.10851652661885076 0.1739626012786471 -0.047353694875603161 0.011680206272141849 -0.39284942177096049 -0.10161211585621349 -0.19541979228340492 -0.028040018559543002 -0.19556834851268856 0.14493736429841753 -0.013882715455906976 -0.060694932232437444 0.017791715626038054 -0.15583193060471506 -0.071957049211681015 -0.047523143518414239 0.25154691472955654 0.17409746662687434 -0.073185906485554508 0.069780070855240572 0.11761736096294734 -0.12259732242676727 -0.134346313445105 0.10380954909697954 0.24330921573149267 0.25159601272423254 -0.032256237768431041 0.052170334723898128 0.059611339787281156 0.092827864232796459 -0.043856324905922832 -0.057374685248629209 0.016504385719258767 0.11054823166554885 -0.16490544959304443 0.18744182896062284 -0.11376354051146176 -0.047879180656401017 -0.015471242606986383 -0.16604228109373165 0.077497086430822634 -0.014698080295380184
leaf_weight=370.5 1475 65 712.75 1667.5 403 4592.25 10334.5 4365.25 4112.25 125 4436.75 10603.5 1669 184 161 9704 1102.25 341 5244.5 13145 5659.25 1122.75 20465.25 7928.25 300 638 520 8083.25 807.5 1145 2700.75 9076.75 4102 4296.75 6726.5 2938.25 183 2506.75 3966.75 4355 1592.75 239 2108.25 2272 360.75 195 7165 914 2979.75 1414.25 3041.5 2315.75 5755 1667 1799.25 4050.25 5059.5 9019.5 3532.25 4016.25 1893 9031.25
leaf_count=441 2351 65 742 2104 448 5316 15091 6157 4242 143 5720 14742 1669 184 161 11558 1397 341 6929 15965 8027 1623 25623 11430 489 638 520 13802 932 1277 4185 14326 6469 7176 8426 4367 183 4177 5358 4355 2063 239 5502 2272 363 195 7165 1601 4506 4886 4138 3218 8674 1667 2931 5419 8928 14622 4013 6162 2595 10769
internal_value=0.00019989 -0.023552 -0.000433495 0.0698647 -0.0674997 -0.0194321 -0.0263171 0.0899133 0.0497789 -0.0437846 0.0301289 -0.0976278 -0.0130391 -0.101401 0.0375244 0.0785689 -0.0259792 0.0434674 0.0644765 0.0619393 0.0587554 0.0353427 -0.0571588 0.046302 -0.103993 -0.0300964 0.0248368 -0.0395084 -0.0724621 0.02335 0.051576 -0.0956635 -0.0641552 -0.0850519 -0.104674 -0.0202908 -0.00342045 0.108694 -0.0269407 0.0478462 0.0283027 0.125402 -0.149361 0.0322182 0.0430705 -0.0151974 -0.0251206 -0.0331307 -0.00442444 -0.0494571 -0.00044894 0.0123231 0.00493449 0.0837352 -0.197827 0.156553 -0.0640192 -0.0715691 0.03871 -0.117362 -0.00242149 0.00128842
internal_weight=232757 173578 113745 59179.2 59832.8 82522.8 75229.8 39331.8 31222.2 33482.5 19847.5 26350.2 52591.2 25979.8 26871 33614 38796 17565 12933.2 23910 17695 12035.8 22638.5 11323 25795.8 37693.8 5513 32180.8 2282.5 13795.2 7293 23696.5 22433.2 14364.5 11023.2 3341.25 9176 6872 8068.75 4993 7688.75 4351.25 2173.25 10200.2 17038 4631.75 7348 30511.8 11063 19448.8 4455.75 12650.2 6096 1828 2099.25 5717.75 14993 14079 16677.2 14619.8 11049.2 10924.2
internal_count=321077 244116 159090 76961 85026 121339 111838 49756 37751 45751 27205 39275 80648 38834 33270 42233 61062 23922 18007 30675 24094 16067 31190 15325 38650 59665 5513 54152 3283 19586 9501 35230 32244 20417 15602 4815 9176 10334 11827 4993 11078 4481 5567 13702 20341 5915 7348 52483 18308 34175 9024 18309 9015 1828 3420 7523 25151 23550 19978 20904 13507 13364
cat_boundaries=0 1 2 3
cat_threshold=8 16 16
is_linear=0
shrinkage=0.04


Tree=47
num_leaves=63
num_cat=3
split_feature=11 21 1 11 21 21 45 25 42 50 42 43 17 21 17 15 21 14 21 56 16 4 56 0 49 43 0 21 50 53 47 25 6 21 50 21 45 11 0 20 25 12 33 47 45 21 20 11 14 25 44 21 48 49 26 45 5 21 6 1 43 43
split_gain=231747 76138.3 59711.8 52479.2 37163.8 26552.9 19669.2 16824.4 19299.7 22574.2 16636.7 16582.3 20306.4 16530.1 16250.7 15525.2 15435.8 15250.9 14518.7 14293.3 13651.5 12743 11721.7 11090.1 10486.4 10394.7 10113.9 10105.3 11598.5 10093.2 9933.31 9732.4 12549.3 11128.3 9456.68 9718.13 9454.46 9137.51 12086.9 9127.08 10691.5 9062.46 8924.86 8604.48 13437.1 8756.21 9061.01 9282.56 9499.25 8687.59 8482.64 8170.39 7876.87 7744.87 7681.99 10467 7635.51 7628.21 7617.53 7601.37 7427.95 11706.2
threshold=0.037408165633678443 77.739685058593764 3.0049999952316289 0.23540768027305606 75.729537963867202 68.252796173095717 32190.250000000004 29.375000000000004 66.926166534423842 5065.1250000000009 70.237026214599624 0.058638731017708785 4.5000000000000009 65.71753311157228 4.5000000000000009 5.5000000000000009 59.510065078735359 93.83499908447267 60.947811126708991 0 1.5000000000000002 2.8850001096725468 1 2.4750000238418584 2.4588052034378056 0.052107032388448722 3.3549998998641972 72.110469818115249 35970.250000000007 2 69.757110595703139 496.62500000000006 181.25000000000003 84.929595947265639 1928.1250000000002 88.393150329589858 24603.750000000004 0.50084745883941661 1.0000000180025095e-35 218.00000000000003 30.375000000000004 2.5000000000000004 3.8850247859954838 71.997756958007827 22332.250000000004 59.93836975097657 110.00000000000001 0.064839839935302748 90.005001068115249 158.62500000000003 2.5334342718124394 79.132259368896499 0.051936039701104171 2.7262496948242192 2.5000000000000004 76.250000000000014 37.500000000000007 60.142297744750984 3.5000000000000004 3.5049999952316289 0.12759678810834887 0.15537264198064807
decision_type=8 10 10 10 10 8 2 2 10 2 10 10 10 8 10 2 10 10 10 1 2 2 1 10 10 10 10 8 2 9 10 2 2 10 2 10 2 10 8 2 2 8 10 10 2 10 2 10 10 2 10 10 10 10 2 2 2 10 2 10 10 10
left_child=2 3 4 5 6 7 10 54 9 16 13 27 17 -1 25 20 -9 23 -12 26 31 53 -8 60 -6 -5 -4 28 36 -19 -15 33 -33 39 -26 -36 -7 41 -39 40 -3 -27 -18 44 45 49 -47 48 -48 -10 -29 59 -31 -20 55 -2 -14 -49 -40 -21 -13 -62
right_child=1 15 19 14 24 11 22 8 43 -11 18 12 56 30 -16 -17 42 29 21 51 -22 -23 -24 -25 34 37 -28 50 -30 52 -32 32 -34 -35 35 -37 -38 38 58 -41 -42 -43 -44 -45 -46 46 47 57 -50 -51 -52 -53 -54 -55 -56 -57 -58 -59 -60 -61 61 -63
leaf_value=-0.032475236849024751 0.23050230025888371 0.24532025943384145 0.047946307975329575 -0.16738857450702935 0.12519006718996287 -0.061116081341835694 -0.046791233688535105 -0.16483675797838682 -0.29347850769882994 0.23880147424982959 -0.30374888682773493 -0.048421697670312458 0.015135054121433796 0.030213597611795765 -0.012327864596593706 -0.38764252094561508 0.0090763864816966241 0.1492616531853567 -0.037481704960802595 0.10271166584502314 -0.11145627328713184 0.035010164666859599 0.090638976221078041 0.021814746008313912 0.084199740827860151 -0.015068557153603919 0.13329624637610862 -0.0020488651659030348 0.037604305832466996 -0.1115455777237664 0.10114425685365074 0.003405156651003243 -0.41560413946257901 0.174445603280837 -0.034555787738868513 0.2262362427069681 -0.16092547301811691 -0.33717870608284167 0.0087914809825210723 0.10638166472134426 0.016477155550743187 -0.094940089696987015 0.25286674240469237 -0.11568526897665363 0.021651440725710378 -0.25637629054667754 -0.060604536541225516 0.2217354849032922 0.039837540104945529 -0.087174578500026106 -0.095874886408926191 0.21409749130864975 0.040385269026408564 0.076215622517505577 -0.56782240707739706 -0.12885358207264921 0.12635235101635547 -0.078274835858844774 -0.1698568523618284 0.1967325710700937 0.07511074869678723 -0.080735027919798863
leaf_weight=5652 131.5 345.25 10064 3516.25 6021 3858.5 1158 827.75 498.5 675 281 15937.25 1568.5 14530 3565.75 124.25 3694 1235.25 18284.25 10885.5 719.25 6048 6918 6958 5743.75 2640.75 2850.75 8696.5 1148 616.25 4036 1073 126 1655.5 2286 252 2507 519.75 532.5 4376.75 5517 16363.5 255 3810.75 3469 352 3123.75 135.5 2906.25 948.25 1872 1480.5 4671.25 1009.75 60 4802 2668.75 10440.25 1345.75 1577 2082.5 1222
leaf_count=8451 337 460 13892 6448 7422 5744 1158 1346 749 675 377 20159 2392 25798 5755 152 6505 1560 23514 13089 777 7089 6918 8791 6631 4053 3309 20386 1148 683 6817 1073 126 1789 2286 252 2507 765 813 5213 6138 22947 300 3861 3469 355 3648 179 3822 961 1872 1572 6223 1117 63 11219 4399 12877 2206 1739 3233 1438
internal_value=-0.000130918 -0.0345098 0.0462239 -0.0448158 0.0272854 -0.0300077 0.0130247 -0.056651 -0.0457137 0.0226333 0.00364006 -0.0125174 0.00283939 0.02741 -0.0922074 0.0539659 -0.00799879 -0.00783133 -0.0188265 0.0971429 0.0579944 -0.0156432 0.0709255 -0.0214573 0.085022 -0.103636 0.0668045 -0.0439042 -0.0793634 0.0468882 0.0456426 0.0673189 -0.0412396 0.0782677 0.0557949 -0.00850064 -0.100465 -0.0931464 -0.166729 0.0626852 0.030035 -0.0838447 0.0249408 -0.060222 -0.0505493 -0.0641594 -0.0560864 -0.0518099 -0.0121965 -0.158572 -0.018684 0.12523 0.0225982 -0.0315237 -0.124801 -0.119184 0.0852116 -0.0743891 -0.119249 0.114639 -0.0371059 0.0174628
internal_weight=232670 133592 99077.5 119656 72219.8 91171.2 57917 36129.5 31136 5451.75 49841 55041.8 36959.8 24218 28484.2 13937 4776.75 32722.5 25623 26857.8 13812.8 25342 8076 26199.8 14302.8 24918.5 12914.8 18082 7513.5 6522.75 18566 13093.5 1199 11894.5 8281.75 2538 6365.5 21402.2 2398 10239 5862.25 19004.2 3949 25684.2 21873.5 18404.5 16957.8 16605.8 6030 1446.75 10568.5 13943 5287.5 19294 4993.5 4933.5 4237.25 10575.8 1878.25 12462.5 19241.8 3304.5
internal_count=321047 189616 131431 173888 97830 130901 81239 50366 38747 8826 73163 80535 48878 41066 42987 15728 8151 42087 32097 33601 15576 31720 8076 33621 16591 37232 17201 31657 9399 8466 32615 14799 1199 13600 9169 2538 8251 30784 3784 11811 6598 27000 6805 29921 26060 22591 20881 20526 7470 1710 22258 16400 6906 24631 11619 11556 6791 13056 3019 14828 24830 4671
cat_boundaries=0 1 2 3
cat_threshold=8 16 12
is_linear=0
shrinkage=0.04


Tree=48
num_leaves=63
num_cat=3
split_feature=4 0 21 21 4 0 56 5 14 4 19 1 21 11 42 11 4 19 21 5 9 4 42 20 43 19 1 45 14 50 21 42 1 21 44 17 4 5 56 22 1 21 44 43 22 4 20 21 35 44 32 31 32 24 15 43 18 12 42 50 56 21
split_gain=215481 100671 56676.9 29964.3 25704 26827.8 23360.9 20868.4 19798.4 19731.8 16339.2 15953.3 15219.7 14685.2 13977.3 12513.8 12503.6 12244.9 12116.2 11981.6 11884.6 16580.2 11205.6 10382.2 10160.1 9940.97 9871.75 9488.14 9458.82 13364.4 9270.77 9921 9472.45 9062.94 8945.84 8940.71 8858.5 8812.89 8736.4 8645.39 8630.38 8600.55 8573.44 8471.46 8275.29 8265.34 8007.82 7886.57 7848.88 7827.23 17122.4 9883.57 10121.3 7597.46 7494.52 7365.85 11622.1 7288.12 6859.88 6778.72 6804.98 7110.81
threshold=2.6450001001358037 2.054999947547913 73.233318328857436 74.533176422119155 1.2549999952316286 2.8249999284744267 0 30.500000000000004 86.174999237060561 3.1750000715255742 5.0000000000000009 2.3750000000000004 82.205451965332045 0.24008733034133914 72.626979827880874 0.45538558065891271 2.3750000000000004 59.500000000000007 61.407785415649421 27.500000000000004 13.500000000000002 1.935000002384186 66.77695465087892 159.00000000000003 0.058638731017708785 10.500000000000002 2.745000004768372 26414.750000000004 94.220001220703139 17.625000000000004 88.393150329589858 73.954586029052749 2.304999947547913 62.269115447998054 2.5522066354751591 4.5000000000000009 3.6450001001358037 23.500000000000004 1 0.062635455280542388 3.5049999952316289 82.205451965332045 2.5334342718124394 0.046010792255401618 0.12127390503883363 2.3649998903274541 177.50000000000003 63.97326850891114 18.250000000000004 2.0562483072280888 1.1779468059539797 69.247005462646499 1.1187189817428591 0.056422362104058273 3.5000000000000004 0.15537264198064807 1.5000000000000002 2.5000000000000004 72.291889190673842 35970.250000000007 2 64.320678710937514
decision_type=2 8 10 10 2 10 1 2 10 2 8 10 10 8 10 10 2 8 8 2 2 2 8 2 8 10 8 2 8 2 10 10 8 8 10 10 2 2 1 8 8 10 10 8 10 2 2 8 2 8 10 10 10 10 2 10 8 10 10 2 1 10
left_child=1 6 4 9 5 8 10 17 13 19 -1 20 14 -3 28 30 24 18 -6 25 43 37 55 -10 59 46 34 33 29 -4 31 32 44 -27 -16 -23 -11 58 -5 -24 -7 53 -29 -8 -12 -41 -2 -26 54 50 -15 -51 -53 -40 -45 -19 -57 -20 -22 60 -9 -62
right_child=3 2 12 38 7 40 11 16 23 36 15 -13 -14 49 26 -17 -18 22 57 -21 21 35 39 -25 47 27 -28 42 -30 -31 -32 -33 -34 -35 -36 -37 -38 -39 41 45 -42 -43 -44 48 -46 -47 -48 -49 -50 51 -52 52 -54 -55 -56 56 -58 -59 -60 -61 61 -63
leaf_value=0.17117956774289805 0.02371308656592825 0.015285569567718134 -0.13353363365351945 0.08310293494966528 -0.22744111158285679 0.067372610117734863 -0.17859198111052021 -0.16521003336689918 0.19047999935592352 0.086698949580001766 -0.083694672858333055 0.024555607926221207 0.11584110989114045 -0.15942022376709358 -0.0074618965008323114 -0.19057937722709944 0.01649870527847461 0.048208984948657517 0.048169145162735606 0.05326662736848492 -0.27912827362410436 -0.095391681284271945 -0.037602572122575777 0.017141699592440704 -0.081885477861092529 -0.13791694843568209 0.040076922066832117 -0.046629467570860131 0.098491087658654164 0.045803202592522914 0.19251179675966182 -0.17744054765962747 -0.048115786100029777 0.0119595541905023 -0.12316243232126046 0.025758178003057637 0.24099758467853094 -0.14341088344401137 0.10047764563509567 -0.15469682772765078 0.20528441340766349 0.23356156042181975 -0.30844512605574947 -0.031291677718221791 -0.15246895710698175 -0.080877870346016609 0.20306117955105957 0.0047592827138414001 0.084393371300284056 -0.13902727383736221 0.11265550124473266 -0.18754073913147212 0.055422950353275331 0.21309679026204906 -0.10372268197627087 0.069878870330506868 -0.20527192774371689 -0.037229210506852309 -0.73197288739094979 0.012860731459766902 0.22153524648057485 -0.07805822435574164
leaf_weight=366.25 948.75 3688.25 705.5 9153.5 443.5 5160.5 683 1751 576.25 9300.5 9858.75 4786.25 4251.25 644 3372 2110 13010 1500.75 2230.25 19723.5 517.75 3230.25 2725 12620.5 2133.5 680.5 4051 644 5522 11046.25 184 1954 7815.75 11917.5 1564 1394.25 635 1488.75 5145 4921.5 844 1329.5 289 17863 3916.5 4805.25 685.5 7893 835.25 3917.75 864.5 380.75 966.5 1179.5 2620 417.75 591.25 5634.25 59 953 132.5 2222
leaf_count=436 1437 4664 734 10247 526 5879 683 2297 1288 12119 13992 5798 4384 1097 3372 3436 19034 3039 4283 27132 964 4866 3580 17692 3185 1009 4051 644 7856 14971 184 1954 13065 16611 1564 2115 692 2160 6156 7380 1537 1358 289 23896 6102 6990 1353 13662 1154 7787 935 626 968 1259 4033 522 745 7531 59 953 197 2921
internal_value=-0.000171933 -0.0232578 -0.000821584 0.0639626 -0.0183189 0.0113266 -0.0651866 -0.035439 -0.00783914 0.04688 -0.0934722 -0.043041 0.045642 -0.0489318 0.0342694 -0.0972367 -0.0122337 -0.0634527 -0.0245045 0.0327137 -0.0543186 -0.101001 -0.0850737 0.024739 -0.0370133 0.00597901 -0.00618723 -0.00528076 0.0553166 0.0350154 -0.0889209 -0.0911367 -0.0833101 0.00384251 -0.0441589 -0.0588689 0.0966078 -0.195179 0.109509 -0.100613 0.0868209 0.141057 -0.128223 -0.0401155 -0.103268 -0.118253 0.0991033 -0.0136894 -0.0356623 -0.0838943 -0.00354947 -0.106903 -0.013412 0.121543 -0.040566 -0.00795615 -0.0914322 -0.0130045 -0.327836 -0.0832187 -0.105519 -0.0610214
internal_weight=232854 171222 111540 61631.8 81027.5 29663 59682.8 51364.5 23658.5 44824.2 26205.2 33477.5 30512 10461.8 26260.8 25839 28095 23269.5 8308 34888.8 28691.2 6690 14961.5 13196.8 15085 15165.2 8987 13531 17273.8 11751.8 23729 23545 21591 12598 4936 4624.5 9935.5 2065.5 16807.5 12451.8 6004.5 7654 933 22001.2 13775.2 9726.75 1634.25 10026.5 21318.2 6773.5 1508.5 5265 1347.25 6324.5 20483 2509.75 1009 7864.5 576.75 5058.5 4105.5 2354.5
internal_count=321453 241147 156250 80306 119318 42473 84897 76845 35057 61286 39169 45728 36932 16077 32548 38733 42249 34596 12340 48475 39930 10164 22256 18980 23215 21343 8987 18553 23561 15705 35297 35113 33159 17620 4936 6981 12811 3183 19020 17950 7416 8773 933 29766 20094 14370 2790 16847 29083 11413 2032 9381 1594 7415 27929 4306 1267 11814 1023 6368 5415 3118
cat_boundaries=0 1 2 3
cat_threshold=8 8 4
is_linear=0
shrinkage=0.04


Tree=49
num_leaves=63
num_cat=1
split_feature=4 0 21 21 56 0 4 21 21 24 24 4 35 44 49 45 42 6 10 4 19 43 22 19 50 22 22 50 21 43 22 24 22 45 21 45 21 19 47 22 21 24 47 4 14 21 21 6 4 47 48 14 4 45 48 47 49 45 21 20 22 15
split_gain=193981 92134.5 56817.1 26434.7 21890.6 21293 19438 16210.3 16075.3 14860.1 14953 14799.1 14325.2 13969.4 13834 14417.2 16515.2 13731 13430 13703.5 13416.7 13387.3 13428 13044.2 12968.1 12598.6 12117.8 10512.5 10435.1 10029.3 9803.45 9678.69 9670.21 9519.71 12432.9 11471.7 10229.4 9269.58 9254.28 9077.82 8953.83 9238.59 8867.03 8817.47 8772.22 8715.55 8322.18 8209.16 8192.12 8122.18 7968.19 7829.46 7765.45 7610.91 12066.8 7553.71 7525.73 9320.42 8637.2 7520.96 7398.57 7575.15
threshold=2.6450001001358037 2.0249999761581425 73.233318328857436 76.617176055908217 0 3.2549999952316289 3.1750000715255742 86.135070800781264 66.469604492187514 0.011484527960419657 0.10043824836611749 1.825000047683716 14.750000000000002 2.54919445514679 2.7311431169509892 32190.250000000004 70.582309722900405 102.25000000000001 35.250000000000007 1.9450000524520876 59.500000000000007 0.093218237161636366 0.12391588091850282 5.0000000000000009 1701.3750000000002 0.066482517868280425 0.11901463195681573 25219.000000000004 58.996784210205085 0.049658261239528663 0.07381992414593698 0.011484527960419657 0.15084849298000338 32190.250000000004 66.180812835693374 34408.750000000007 59.93836975097657 5.0000000000000009 68.612682342529311 0.037285478785634048 60.142297744750984 0.3201736062765122 69.580577850341811 1.6050000190734866 94.430000305175795 65.668624877929702 86.135070800781264 106.25000000000001 2.2050000429153447 71.997756958007827 0.46700048446655279 97.115001678466811 3.6450001001358037 11527.000000000002 0.10072650387883188 72.416332244873061 2.4134039878845219 38485.250000000007 69.669704437255874 177.50000000000003 0.020587688311934475 3.5000000000000004
decision_type=2 8 10 10 1 10 2 10 8 8 10 2 2 10 10 2 10 2 2 2 8 10 8 8 2 10 10 2 8 10 10 10 10 2 10 2 10 10 10 10 10 10 10 2 10 10 10 2 2 10 10 10 2 2 10 10 10 2 10 2 10 2
left_child=1 4 5 6 23 8 14 11 33 -10 17 -4 18 48 15 16 28 20 50 55 51 22 39 -1 -15 59 31 47 -2 -28 -5 -25 -24 36 35 -35 -3 -38 -18 -12 -39 -42 -30 44 -41 -29 -33 -17 -13 -40 -6 -11 -8 -23 -55 -20 58 -58 -19 -22 -26 -62
right_child=3 2 7 30 12 -7 52 -9 9 10 21 13 -14 24 -16 27 38 56 19 -21 25 53 32 26 60 -27 29 45 42 -31 -32 46 -34 34 -36 -37 37 40 49 43 41 -43 -44 -45 -46 -47 -48 -49 -50 -51 -52 -53 -54 54 -56 -57 57 -59 -60 -61 61 -63
leaf_value=0.15427012329510584 -0.18355803828305386 -0.13431021950542824 0.076350957344304429 0.12016215729234231 -0.039530192653520001 0.09854650768110329 0.086633845114701916 0.18549549756177844 0.10301669311939585 -0.021684624832394157 0.37184714019201065 -0.022499452399076008 0.00035389966826461511 0.030456918907074693 0.14975843090164945 0.046712965887500561 -0.16526607455322487 -0.0037543292502200958 -0.17501260291302068 -0.063073771414734137 -0.12376917378242278 0.032493561061198488 -0.16422210153534308 0.024903469936478007 -0.047712582315865511 -0.1282223789873449 -0.52541639596911571 -0.15686142607747691 0.041303875487745827 -0.12955387671969004 -0.2242592995522627 -0.087351457639566449 0.032719446956197669 0.10888173114294623 0.30432238136069112 -0.089159592350874242 -0.46269004528424895 0.15479271267429684 0.029681605255401165 -0.0044907292133690409 -0.053284586835003679 0.12820757724467827 0.12091045671815243 -0.034550029213358771 0.11451345367632085 0.070959175178109138 0.18342306069912309 0.23394171600830835 0.047983231054091226 -0.025660343952391418 -0.44740029734605313 0.13299936137455898 0.22351894003207495 0.32005327821485324 0.069121755594976672 -0.48444216864349643 -0.052543166607633557 0.057838398861995141 0.089268048308558015 -0.024444125515396653 -0.11062357148892962 -0.34944696979049605
leaf_weight=341 291.75 2415.5 11026 11362 17414.5 2437 10495.5 1267.25 1808.25 8095.25 105 3342.75 9486.25 1376 1622.75 557 560 4182.5 1882.5 3219.75 1530.25 6951.25 1427 1423.75 803 4691.5 102 290 11089 7881.75 132 15101.25 552.5 831 236 1066 83.5 349.75 7829.75 2393.25 18561.75 458 2804.75 4966.75 1689.25 3376 182 1151 12500.5 9258 75 557.75 707 394 1367 134.25 5384.25 1582 2581.25 5990.5 484 381
leaf_count=413 411 3167 12871 12571 23332 3184 13488 1340 6240 14555 144 4506 12736 1376 1931 557 617 8801 2973 4767 2971 8137 1508 4918 803 7408 102 290 18340 12828 132 18993 656 831 236 1066 85 454 11909 2454 26769 458 5168 5140 1741 3376 194 1151 15955 9450 75 1082 761 394 1367 165 6735 1582 3593 10939 484 381
internal_value=0.000555707 -0.0213466 -0.00053521 0.0614673 -0.0627424 -0.0178861 0.0488967 0.0454757 -0.0214243 -0.00972904 -0.0134776 0.0395316 -0.0409328 0.0180309 0.0355014 0.0305102 0.0202764 -0.0293548 -0.0581654 -0.114353 -0.0497954 0.014199 -0.0148612 -0.0908025 -0.0604229 -0.0767918 -0.0941997 0.0910997 0.0524086 -0.134743 0.116168 -0.0748111 -0.109272 -0.0488296 0.0318055 -0.00237807 -0.0566971 -0.0470465 -0.00555449 0.00557255 -0.0452067 -0.0489008 0.0573898 0.00124049 0.0447806 0.0528595 -0.0841028 0.173015 0.0331107 -0.000301226 -0.0413307 -0.0116847 0.0953119 0.0513321 0.125568 -0.196074 0.00171054 -0.0274655 0.0317605 -0.0446824 -0.135345 -0.216389
internal_weight=232639 171112 113868 61526.5 57244 82688 50032.5 31180.5 80251 56249.5 54441.2 29913.2 32212.2 18887.2 38830 37207.2 31833.2 34595.2 22726 5236.5 20865.2 19846 11133.8 25031.8 3044 12212.2 24690.8 5374 14185.5 7983.75 11494 16707 1979.5 24001.5 2133 1897 21868.5 19453 17647.8 9154.25 19369.5 19019.8 13893.8 9049.25 4082.5 3666 15283.2 1708 15843.2 17087.8 17489.5 8653 11202.5 8712.25 1761 2016.75 13730 6966.25 6763.75 7520.75 1668 865
internal_count=321061 240909 159413 80152 81496 121697 67449 37716 118513 85447 79207 36376 44048 23505 53200 51269 45895 57666 31312 7905 36955 21541 11643 37448 3044 21318 37035 5374 23919 12930 12703 24105 2164 33066 2133 1897 30933 27766 21976 9479 27681 27227 23508 9335 4195 3666 19187 1708 20461 21359 23407 15637 14249 9898 1761 3138 20711 8317 12394 13910 1668 865
cat_boundaries=0 1
cat_threshold=8
is_linear=0
shrinkage=0.04


Tree=50
num_leaves=63
num_cat=5
split_feature=4 4 4 52 11 22 44 42 23 42 45 25 22 20 52 6 42 25 49 49 47 20 43 43 22 23 25 0 25 25 25 23 20 24 4 0 6 22 23 36 23 8 53 44 56 4 23 44 47 12 44 23 45 20 24 52 45 45 18 22 25 19
split_gain=183954 93755.4 37685.4 37086.8 36125.5 24907.4 20222.4 18834 18576.6 20032 22020 16719.4 16512.2 16413 15865.5 15472.2 15366.4 14429.4 14095.2 12692.5 12437.1 12208.2 14225.5 13168.7 11946.9 11607.3 16546.7 11261.1 11247.4 10775.3 10771 18382 10685.7 12043.3 10587.7 10457.3 10337.7 12991.7 10563 9775.92 9620.8 9565.61 9565.37 9187.79 9004.42 8904.94 8795.65 8721.83 9414.28 8414.6 8208.27 8670.32 7921.33 9828.56 9179.79 7822.59 10420.1 26210.5 9780.22 13035.7 8578 10391.9
threshold=2.4550000429153447 1.0000000180025095e-35 2.9250000715255742 0 0.0081634009256958979 0.092618513852357878 2.54919445514679 77.138763427734389 1.0288630723953249 66.926166534423842 5194.0000000000009 677.12500000000011 0.13181531429290774 159.00000000000003 1 93.250000000000014 73.898105621337905 358.00000000000006 2.0669711828231816 2.7311431169509892 65.282318115234389 171.50000000000003 0.058638731017708785 0.056673213839530952 0.020587688311934475 1.0760451555252077 370.12500000000006 1.0000000180025095e-35 465.75000000000006 96.375000000000014 358.00000000000006 1.0389151573181155 218.00000000000003 0.083215549588203444 3.6450001001358037 3.185000061988831 3.5000000000000004 0.12007877603173257 1.0489010810852053 0.17593038827180865 1.1301903128623965 15.500000000000002 2 2.2975325584411626 3 2.2250000238418584 1.046083986759186 2.1937454938888554 72.136989593505874 2.5000000000000004 2.4109138250350957 1.0918927788734438 605.50000000000011 177.50000000000003 0.17640001326799395 4 19238.750000000004 10299.000000000002 1.5000000000000002 0.031494658440351493 106.62500000000001 167.50000000000003
decision_type=2 2 2 9 8 10 10 10 8 8 2 2 8 2 9 2 10 2 10 10 8 2 8 8 10 10 2 8 2 2 2 10 2 8 2 8 2 10 10 8 8 2 9 10 1 2 10 10 10 8 10 10 2 2 8 9 2 2 10 10 2 10
left_child=1 4 14 6 35 21 8 12 44 10 36 18 39 -11 16 47 32 -8 -7 34 -16 50 23 25 -19 -23 29 -14 -26 -27 46 -32 -2 -34 41 -1 -10 -38 -39 -6 -35 -4 -20 -22 -3 -17 -18 -15 49 -49 -5 -52 54 -54 -29 -24 57 60 -59 -60 61 -57
right_child=2 3 19 5 7 11 17 -9 9 13 -12 -13 27 15 20 45 30 24 42 -21 43 22 55 -25 28 26 -28 52 -30 -31 31 -33 33 40 -36 -37 37 38 -40 -41 -42 -43 -44 -45 -46 -47 -48 48 -50 -51 51 -53 53 -55 -56 56 -58 58 59 -61 -62 -63
leaf_value=0.058511902703858941 0.0089799718891449137 0.086442746892589226 -0.032053917771082317 -0.024457735385994508 0.018489176578000963 -0.12438559723634914 -0.096595615176536725 0.14048887624400708 0.17099753519916011 0.017881517222619828 0.07842640098956824 -0.43610032716286329 -0.28676614706747744 -0.15980140560953016 -0.076926577666834778 -0.083834696430292122 -0.083762141924441091 -0.029685653134797818 0.039726798948962951 0.15312116873363765 0.10166792460653103 0.039775612461318825 0.23611262582984627 -0.24662003198478341 -0.38256730160932978 0.050657265961314868 0.045387929405609893 -0.14972854542506744 -0.12571890934376881 -0.22850128650869539 0.11981172494386097 -0.21105029893619157 0.11216281138144359 -0.12989622654762703 0.21670125622707137 0.14480104525408924 -0.015320167566744982 0.17451153758852009 -0.13257015895582744 -0.1137951479991192 0.048950967661726658 0.073051757955047453 -0.054176546692078519 0.041949916686645612 -0.023376905091495658 -0.029925756971679651 0.039023725210696115 -0.007654261854291371 -0.17909492823125178 -0.098116885446821678 -0.36064723962423229 -0.0090816058224210371 0.056820571624500077 -0.053802844443377497 -0.036442312715402346 0.096813150635654793 0.1172306183511124 0.0056732249067215149 -0.46177373796326299 -0.093848877468094186 -0.048641115301333193 -0.14362009807868525
leaf_weight=8483 23830.75 1595.5 1459.5 6226.75 21170 3430.5 3141 1450 317.5 2551.5 2725.5 185.75 304.75 4633.75 1075.25 12199.75 1681 329 2373.5 3419.75 6366.25 3774.25 380.5 377 856 281.25 1041 1777.25 404 1023 341 1245 3791 679.5 782 3058.25 4487.75 187.25 3480.25 931.25 1635.75 26882.5 6386.25 11705.25 4734.25 8202 2094 1919.25 1959 11542.25 245 206 2245.5 2998.75 3213.75 4245 2716 332 284 337 1002 306.75
leaf_count=11261 33325 2500 1962 8260 26132 5298 3141 1450 388 3048 4191 188 472 7612 1829 15808 1681 329 3164 3749 9919 4858 883 377 856 504 1041 2915 404 1023 341 1245 5825 792 833 3764 6857 260 5077 1400 2187 34768 9651 14550 12673 10785 2094 2808 1980 14525 245 206 2730 4078 7977 9456 2716 332 284 337 1152 1110
internal_value=0.000123278 -0.0273035 0.0461718 -0.0489072 0.0202376 -0.0157835 -0.0667473 -0.000471315 -0.0605193 -0.068091 -0.0204319 -0.0614563 -0.00674156 -0.0804987 0.0258151 -0.0867042 0.00991053 -0.146394 -0.0556764 0.0802242 0.0551313 0.00903531 0.0278947 -0.0178158 -0.24458 -0.00364272 -0.0734943 -0.047934 -0.300549 -0.168312 -0.0524435 -0.139847 0.0210797 0.0682812 0.0716544 0.081399 -0.0522444 -0.0609764 -0.116803 0.0129051 -0.00360204 0.0676371 -0.0287453 0.0629968 0.00432194 -0.0621674 -0.0156659 -0.111657 -0.0971705 -0.085223 -0.0364274 -0.200832 -0.0407674 -0.00643062 -0.0768279 0.0588155 0.0514504 0.023964 -0.16962 -0.263066 0.0572328 0.0805522
internal_weight=233040 146052 86988.5 100419 45632.5 35153.5 65265.5 34091.2 60535.5 54205.8 11198.2 12376 32641.2 43007.5 54444.8 40456 35298 4730 12190.2 32543.8 19146.8 22777.5 16099.8 6496.5 1589 6119.5 2345.25 10540 1260 1304.25 5361 1586 29937 6106.25 29124 11541.2 8472.75 8155.25 3667.5 22101.2 2315.25 28342 8759.75 18071.5 6329.75 20401.8 3775 20054.2 15420.5 13461.5 6677.75 451 10235.2 5244.25 4991 9603.25 9222.75 6506.75 953 621 5553.75 4551.75
internal_count=321606 206506 115100 144327 62179 51085 93242 47154 88512 73339 16773 18301 45704 56566 73788 53518 47490 4730 18113 41312 26298 32784 24073 7803 1589 7426 2568 18172 1260 1527 5361 1586 42129 8804 37563 15025 12582 12194 5337 27532 2979 36730 12815 24469 15173 26593 3775 26925 19313 17333 8711 451 17700 6808 10892 16270 15387 12671 953 621 11718 10566
cat_boundaries=0 1 2 3 4 5
cat_threshold=16 16 68 4 8
is_linear=0
shrinkage=0.04


Tree=51
num_leaves=63
num_cat=5
split_feature=4 4 17 4 0 4 30 12 56 25 54 42 47 0 49 45 43 43 53 49 48 22 30 25 4 8 50 25 43 47 47 48 56 1 11 2 22 42 47 37 22 39 19 31 29 19 50 19 50 11 22 22 22 19 5 23 53 42 25 43 37 22
split_gain=170893 82795.7 38276.2 35279.4 35191.1 25069.8 22592.9 18379.7 15736.5 15050.7 15020.2 14718.1 14044.8 13931.8 13830.9 13213.1 13121.4 12994.6 12734.2 12398.2 11898.2 12495.3 11396.2 11099.6 10771.6 10636 10200.5 15576.1 9868.11 15215.6 9441.06 9969.18 9387.89 9094.18 9058.56 9079.05 9058.51 9055.43 8895.87 8861.71 9305.83 8377.28 8021.61 8980.95 7818.64 7874.69 7585.82 7527 7474.93 7337.05 7260.33 7241.24 7176.97 8217.48 7150.33 7632.02 7120.81 7025.66 10401.1 9393.2 6939.31 6911.64
threshold=2.4550000429153447 1.0000000180025095e-35 4.5000000000000009 2.9450000524520878 2.8149999380111699 2.185000061988831 0.12137464433908464 2.5000000000000004 0 81.125000000000014 1 77.138763427734389 75.29248428344728 1.0000000180025095e-35 2.7138481140136723 17684.250000000004 0.057764163240790374 0.046010792255401618 2 2.1022522449493413 0.10305517911911012 0.019503099843859676 0.18334519118070605 6102.6250000000009 3.3850001096725468 93.250000000000014 24589.750000000004 345.75000000000006 0.058638731017708785 70.745716094970717 71.867458343505874 0.40537932515144354 3 3.495000004768372 0.52322071790695202 0.63499999046325695 0.18361064791679385 66.926166534423842 55.505079269409187 70.572387695312514 0.038171408697962768 3.6348249912261967 5.0000000000000009 67.342235565185561 16.250000000000004 9.5000000000000018 2086.1250000000005 7.5000000000000009 244.25000000000003 0.60030490159988414 0.084051545709371581 0.17032737284898761 0.039901101961731918 7.5000000000000009 8.5000000000000018 1.1544491052627566 4 72.626979827880874 256.87500000000006 0.04731948301196099 79.317783355712905 0.12007877603173257
decision_type=2 2 10 2 10 2 8 8 1 2 9 10 10 8 10 2 10 8 9 10 10 10 10 2 2 2 2 2 10 10 10 10 1 8 10 8 10 8 10 8 10 8 8 10 2 10 2 10 2 8 8 10 8 10 2 10 9 10 2 8 8 10
left_child=1 4 5 8 6 7 11 38 39 18 13 37 30 22 17 54 34 -10 -4 36 21 -17 -8 -15 32 50 27 -23 -27 56 31 -7 -5 -6 52 -36 -18 -1 48 -2 -41 49 -40 -44 -21 -46 -47 -42 -3 -12 -19 -32 -9 -54 -11 -56 -30 59 -59 -55 -14 -39
right_child=3 2 9 24 33 12 10 16 14 15 41 -13 60 23 -16 20 19 25 -20 44 -22 26 -24 -25 -26 28 -28 -29 29 -31 51 -33 -34 -35 35 -37 -38 61 42 40 47 -43 43 -45 45 46 -48 -49 -50 -51 -52 -53 53 57 55 -57 -58 58 -60 -61 -62 -63
leaf_value=0.102655717867375 0.032238230096397723 -0.28650673142559507 -0.063729771224669871 0.044977941059482038 0.075006798781926523 -0.027386999032717591 -0.062440479898482053 -0.076150659434391671 -0.062346690779286319 -0.42293894438326357 -0.0066482021918032406 0.14504049840351718 0.052853622410048047 -0.020722096073812812 0.13185760246581846 0.061109221642662422 -0.087491026670106178 0.044318831710556089 0.094785675832212993 -0.081105650464725482 0.10236228691043728 -0.058654416187733045 -0.49971531889141019 -0.54331504684550158 0.1327015669399555 0.026926147166714754 -0.0051863985596296638 -0.37107609636577493 0.082657625315467109 0.19405245027658669 -0.075657665341108307 -0.44920166975557807 0.093406439915849349 0.19094913275156877 -0.75126554941388568 -0.19822064690349911 -0.17201597252588718 0.017493717721076191 0.2032443932838805 0.022632766840396917 0.10900497538862614 0.066332798375119378 0.048268980466468533 -0.047793976008667693 0.069775236989234671 -0.088491970934630668 -0.013385728699483708 -0.048251495835758579 -0.039906819356634822 -0.34385162456942425 -0.01803899599184661 -0.3516535371970595 0.17172478559240328 0.033217974375015988 -0.04491343594444204 -0.23320970554200687 -0.047290628327217234 -0.036506616345748373 -0.25584141927155946 -0.14805237863022991 -0.17035649397275218 -0.040167215526625499
leaf_weight=1722.25 10170.75 349 998.25 13139.25 7039.25 23672.5 201.5 3430 1955 85.5 128.75 1452 3682.5 9129 2699.75 2090 7372.5 7019 4189.75 10345.75 1978 808 180.25 63.5 5017.5 5209.75 1732 372 5150 1972.25 6858 88 12508.25 1279 70.25 145.25 2803.5 19566.25 275.5 6232.25 512.25 136.5 2325 4705 1092.25 3624.75 5293 9223.75 449.25 521.75 5198.25 153.75 123.75 534 4889.25 368.75 771.5 432 1751 3156 235.25 4005.25
leaf_count=3031 16875 643 1545 16665 7997 36139 317 4186 1955 87 188 1452 4404 16848 3092 2090 10683 8756 12043 13273 1978 808 277 83 5826 8575 1732 372 6851 2150 7227 112 16472 2188 104 422 4449 23524 319 7028 582 258 4242 6157 1501 5625 6250 10672 471 710 8400 192 375 534 5793 386 983 432 1751 7776 239 5053
internal_value=0.000150085 -0.0262868 -0.0465466 0.0445988 0.018527 -0.0578885 0.00185582 -0.0765269 0.0257434 0.00719001 -0.0482847 0.0212826 -0.0319464 -0.0342787 0.0455229 -0.0168711 -0.0876114 0.0369682 0.0643304 -0.0747547 0.0193664 -0.0134799 -0.270457 -0.0244503 0.0790986 0.0446409 -0.0670219 -0.157615 0.0696711 0.0978671 -0.041028 -0.0289873 0.0686022 0.0928765 -0.128297 -0.383793 -0.110808 0.014167 -0.0215669 0.0030587 -0.015528 -0.214987 -0.00769456 -0.0160177 -0.056722 -0.0315086 -0.0439277 -0.0399561 -0.148178 -0.277348 0.0177873 -0.0818092 -0.122375 -0.148778 -0.0641976 -0.0582041 0.065775 -0.155589 -0.212513 -0.121814 0.0393684 0.0076931
internal_weight=232684 145904 100479 86779.5 45425.2 82967.8 37107 48277.8 56114.5 17511.5 10361.2 26745.8 34690 9574.25 29975.5 12323.5 40174 27275.8 5188 30531.8 6980 5002 381.75 9192.5 30665 25320.8 2912 1180 13103.5 7893.75 30772.2 23760.5 25647.5 8318.25 9642.25 215.5 10176 25293.8 8103.75 26139 15968.2 787 7305.5 7030 20355.8 10010 8917.75 9736 798.25 650.5 12217.2 7011.75 9426.75 5996.75 5343.5 5258 5921.5 5873 2183 3690 3917.75 23571.5
internal_count=321148 206266 144340 114882 61926 117506 51741 69193 75919 26834 18681 33060 48313 17525 40762 13246 57361 37670 13588 41781 6980 5002 594 16931 38963 35715 2912 1180 18559 9984 43670 36251 33137 10185 15580 526 15132 31608 11832 35157 18282 1156 10718 10399 26649 13376 11875 11254 1114 898 17156 7419 15054 10868 6266 6179 7834 10493 2183 8310 4643 28577
cat_boundaries=0 1 2 3 4 5
cat_threshold=8 12 136 8 112
is_linear=0
shrinkage=0.04


Tree=52
num_leaves=63
num_cat=2
split_feature=1 21 1 21 21 38 47 56 42 50 19 14 42 49 50 5 14 42 24 21 21 8 17 25 43 4 23 20 14 22 25 21 23 24 23 22 48 4 43 21 23 21 17 50 21 9 8 42 42 43 56 19 50 50 23 25 23 25 39 21 15 25
split_gain=152298 84556.8 46877.4 32064.6 26833.6 23947.6 19829.5 18765.4 17470.3 40559.8 16535 26123.4 14653.9 13766.4 18454.4 16253.1 15733 14945.6 13419.2 16200.9 12815.6 12455.6 12383.9 12219.9 11903.9 12127.8 11445.5 11192.2 12231.4 11001.1 11540.6 10986.6 13939.8 10950.3 10911.7 11479 10605.2 10545.2 10490.3 10302.3 10163.6 10155.9 10065.2 9878.44 11253.9 9475.93 10330.6 9463.59 12499.3 9416.45 12864.6 9105.65 9037.03 9001.19 8973.57 8837.87 10442.5 8713.16 8697.6 11336.3 8879.43 8670.4
threshold=2.7549999952316289 68.252796173095717 1.8849999904632571 77.739685058593764 79.325862884521499 1.0035736560821535 55.505079269409187 0 66.972438812255874 5065.1250000000009 10.500000000000002 85.31000137329103 67.600887298583999 2.4257929325103764 35970.250000000007 36.500000000000007 95.634998321533217 71.013305664062514 0.099169462919235243 60.947811126708991 89.870384216308608 14.500000000000002 4.5000000000000009 31.125000000000004 0.046389764174819 2.8850001096725468 1.146490812301636 141.00000000000003 85.889999389648452 0.11774935945868494 213.25000000000003 70.36801910400392 1.0484992265701296 0.3201736062765122 1.0496999621391299 0.051998689770698554 0.062712125480175032 3.1350001096725468 0.05499385483562947 77.618881225585952 1.1628997325897219 60.628669738769538 4.5000000000000009 4789.6250000000009 62.081874847412116 13.500000000000002 131.25000000000003 77.138763427734389 76.324802398681655 0.12114794924855234 1 52.500000000000007 20636.000000000004 465.62500000000006 1.0243858098983767 144.12500000000003 1.2721105217933657 3.8750000000000004 3.6348249912261967 62.764375686645515 3.5000000000000004 496.62500000000006
decision_type=10 8 8 10 8 8 8 1 10 2 8 10 8 8 2 2 10 8 10 10 10 2 10 2 8 2 10 2 10 10 2 10 10 10 10 10 10 2 10 10 10 10 10 2 10 2 2 10 10 10 1 8 2 2 10 2 10 2 10 10 2 2
left_child=1 6 22 5 7 -4 -1 37 9 23 11 21 40 15 17 16 27 26 47 38 34 -7 45 53 54 -26 -15 28 -12 30 -17 61 -33 -21 35 -5 -24 -2 -20 -13 -10 55 -32 -43 -45 51 -47 48 -14 -29 -51 -3 -40 -8 -19 56 -42 -52 59 -25 -61 -9
right_child=4 2 3 20 -6 10 8 31 12 -11 13 39 18 14 -16 29 -18 24 19 33 -22 -23 36 58 25 -27 -28 49 -30 -31 42 32 -34 -35 -36 -37 -38 -39 52 -41 41 43 -44 44 -46 46 -48 -49 -50 50 57 -53 -54 -55 -56 -57 -58 -59 -60 60 -62 -63
leaf_value=-0.17759092082954051 0.010666456497339827 -0.0061852647940135201 0.17388266153875798 0.043761997838802448 0.14910563113606792 -0.18387929207780374 -0.038472335299168325 0.030488175022627829 -0.071679411179184069 0.22250539427057997 0.014703773574674547 0.12427864846641054 -0.087236977441715047 0.034560143070890101 0.062782114752612889 0.033226847136214405 0.056054885947375725 0.21992515448111444 -0.50017669231891637 -0.030741310260024246 0.25603384803084361 0.0089583822546175345 -0.053718757375585 -0.07451310478738471 -0.044978422921093213 0.047512058256769442 0.42888763183113038 -0.061646677041230183 0.27001555741792821 -0.28769407202725744 0.075898216450795475 0.042031256188924823 0.12907684860893773 0.16867383186389714 0.1123598612493335 -0.2956609895911062 0.061147500473936883 0.078062595838914936 -0.12546810058703525 -0.28378441800423609 -0.019859689700174619 -0.17534416102800296 0.23500055792503241 -0.69558074556713678 -0.25669043744412401 -0.3144190838768578 -0.094907325592205508 0.29738960026025768 -0.36475179368240718 0.089481942172734516 -0.19807344554337195 -0.06778138358798598 0.070171816493773673 -0.15286428499545171 -0.13509979429916696 0.1396350583248494 -0.38255343543903375 -0.0096131955280956312 0.20252549909248352 0.0095388431935124456 0.23508085969841208 0.11463871679825736
leaf_weight=2049.75 18546 5807.5 1313.75 11166.5 4825 612.25 2696.25 10022.75 3206 1081 4179.75 4758.75 11375.25 2790.5 3487 4898.5 5454.75 117 108 23585.5 550 4201 2317.75 3037.5 20328 2551.5 121 9422.25 321.5 138.25 1686 4468.25 8641.75 447 4533.5 159.75 2884 4643.25 3375.75 99.25 373.25 1637.75 1023 132 325 385 3066.75 98 264 1834.5 513 11336.25 424 1860.25 2785 254.5 190.75 1651.75 310.5 5330.5 292.75 2434
leaf_count=2838 25980 7201 5255 12866 5164 1216 6102 13115 3680 1081 5865 7809 18939 3083 3487 9127 7017 117 108 27286 550 6190 2761 6171 36270 4290 121 12372 596 160 1686 5912 9487 447 4670 186 4366 5931 3885 115 395 1787 1023 132 325 535 4170 98 264 2283 537 13917 424 4654 2785 283 247 1960 357 8278 628 2434
internal_value=-2.14955e-05 -0.0177351 0.00239751 0.0159301 0.059137 0.00475127 -0.0552867 0.0502276 -0.0511306 -0.0130402 0.00170162 0.0504094 -0.0632799 -0.00574101 -0.0240849 0.0132258 -0.00341388 -0.0346456 -0.0543886 -0.0393061 0.0665304 -0.0156353 -0.0451776 -0.0318933 -0.0443475 -0.0346604 0.051234 -0.0215177 0.0330529 0.063435 0.069891 0.0738604 0.0994209 -0.0270182 0.0599266 0.0389226 0.00996389 0.0241673 -0.114822 0.115827 -0.120893 -0.174964 0.136112 -0.22162 -0.385956 -0.0591046 -0.119561 -0.0902785 -0.0935938 -0.0398222 0.0115994 -0.0469191 -0.10361 -0.0852227 -0.120642 -0.0552994 -0.143459 -0.0544196 -0.00479351 -0.0122722 0.0213615 0.0469473
internal_weight=232532 178950 116495 90698 53581 74288.2 62455.2 48756 60405.5 14608.8 72974.5 9671.25 45796.8 63303.2 32180 31123.2 23377.5 28693 39677.5 27940.2 16409.8 4813.25 25797.2 13527.8 25781.5 22879.5 2911.5 17922.8 4501.25 7745.75 7607.5 25566.8 13110 24032.5 15859.8 11326.2 5201.75 23189.2 3907.75 4858 6119.25 2913.25 2709 2094.75 457 20595.5 3451.75 11737.2 11639.2 13421.5 3999.25 17143.8 3799.75 4556.5 2902 818.5 564 2164.75 8971.25 8660.75 5623.25 12456.8
internal_count=321018 252995 164586 131636 68023 113364 88409 62859 85571 27271 108109 15330 58300 92779 50153 42626 30630 46666 51451 32150 18272 7406 32950 26190 43462 40560 3204 23613 6461 11996 11836 30948 15399 27733 17722 13052 7127 31911 4417 7924 6849 3169 2709 2244 457 25823 4705 19301 19203 17152 4780 21118 4309 10756 2902 925 642 2497 15434 15077 8906 15549
cat_boundaries=0 1 2
cat_threshold=8 4
is_linear=0
shrinkage=0.04


Tree=53
num_leaves=63
num_cat=4
split_feature=9 21 5 0 1 21 49 9 19 56 19 14 47 5 23 47 47 21 47 14 47 21 25 21 25 20 25 23 25 45 21 53 15 43 23 56 0 20 15 21 22 0 0 23 56 47 15 25 14 39 24 5 20 43 23 4 21 23 43 19 43 0
split_gain=151876 69981.8 33725.3 32994.4 32378.7 19505.9 19725.7 19379.6 20753.3 16361.1 15888.7 19183.8 15754.1 14173.4 12918.4 12269.9 12260.8 15370 11838.4 13900.6 13151.5 13187 11792 12801 11585.4 11552.2 11247.2 11186.7 10840.1 15898.3 12845.6 14620.4 13044.5 12531.7 11206.9 10919.3 10278.2 12410.3 10251.9 10124.2 10414.4 9980.63 9922.5 9783.21 9491.64 9277.68 9122.42 9114.88 10101.9 11437.7 8829.29 8813.94 8802.24 10033.9 8678.87 8606.86 8555.35 8372.05 11170 9045.94 9016.17 8306.04
threshold=2.5000000000000004 70.319358825683608 34.500000000000007 2.804999947547913 2.7150000333786015 75.113819122314467 2.420707225799561 15.500000000000002 59.500000000000007 0 9.5000000000000018 94.034999847412124 55.505079269409187 36.500000000000007 1.2043316364288332 71.665985107421889 72.087604522705092 75.92813873291017 71.997756958007827 86.534999847412124 72.416332244873061 64.709297180175795 40.125000000000007 78.053596496582045 9.1250000000000018 159.00000000000003 415.37500000000006 1.0362150073051455 690.87500000000011 32190.250000000004 59.93836975097657 1 1.5000000000000002 0.13083436340093615 1.0277263522148135 2 1.1349999904632571 159.00000000000003 3.5000000000000004 82.205451965332045 0.031053040176630024 1.1349999904632571 0.58499997854232799 1.5542461872100832 3 78.879863739013686 3.5000000000000004 296.12500000000006 97.115001678466811 1.3269515633583071 0.11578697711229326 18.500000000000004 218.00000000000003 0.05499385483562947 1.0928332209587099 2.3149999380111699 76.094738006591811 1.084925174713135 0.16431305557489398 49.500000000000007 0.11442039534449579 3.5049999952316289
decision_type=2 10 2 10 10 8 8 2 8 1 8 8 8 2 10 8 10 10 10 10 10 10 2 10 2 2 2 8 2 2 10 9 2 10 10 1 8 2 2 10 10 10 10 10 1 10 2 2 10 10 10 2 2 10 8 2 10 10 10 10 10 10
left_child=1 3 7 13 10 24 -7 8 12 56 11 41 -2 18 -8 -10 17 52 19 27 -20 -22 44 26 -4 -21 46 -1 29 30 -26 32 -32 34 -33 -31 37 -9 42 40 -11 -3 47 -44 45 -18 -24 -27 -49 -50 -23 -39 57 -54 -15 -34 -6 60 59 -59 -12 -5
right_child=2 4 5 61 9 6 14 36 15 39 16 -13 -14 54 -16 -17 22 -19 20 25 21 50 23 -25 28 38 -28 -29 -30 35 31 33 55 -35 -36 -37 -38 51 -40 -41 -42 -43 43 -45 -46 -47 -48 48 49 -51 -52 -53 53 -55 -56 -57 -58 58 -60 -61 -62 -63
leaf_value=0.063764156113432821 -0.16398191101829471 -0.10597074518910252 0.093746251052786805 0.027527588552966491 0.030527084406605121 0.12368746931851574 -0.014835533809395868 -0.66287824291004727 -0.072320192561169491 0.061556760420255617 -0.050988481327051541 0.13318202307635407 -0.015886445430082226 -0.026957648588664944 0.50047433372690708 -0.15079825526456936 -0.046877375342219252 0.089589456412628887 -0.1713748587330034 0.16934695610711661 -0.22673876459013415 -0.053436435914922704 -0.061141646336130617 0.02392373723126804 -0.18089811394885652 0.10224587935059937 0.032132701794543 -0.059937226144785138 -0.17236438526378461 -0.11753099974508931 0.25045906647890187 0.032633513082795357 -0.031264517525496596 0.054446523843017743 -0.097645467864205193 0.052299205146096393 -0.10496343813677761 -0.38481321240166461 -0.0632136788086331 0.21916954673162761 0.12928092605538136 0.047475702240615883 -0.019886154648350376 0.39299167086488451 0.14803666934137577 0.17141565339914328 -0.18595200295830216 -0.098755718274207926 -0.024470677189382849 0.46209418580627443 0.11844325135078326 -0.14268547886089414 -0.11222138567469524 0.11933034853960696 0.045933297983801691 0.051120463142167387 0.098206320256848334 -0.037687077237721987 -0.11769697501570965 0.074656972694334037 0.061713141423303329 0.11060114456545023
leaf_weight=1260.75 1241 864 1148.5 21698.5 9605.75 2799.5 5289.25 105.25 17041.5 6176 5371.75 4750 15258.25 4293 77 3923 1370.25 6463.5 2004.25 625.25 462 1308.25 4308.5 4688 1053.75 2849.25 1599 15924 897.25 692 298 1182.25 11094.25 1160 9853.5 4764 2004.75 336.75 3747.75 1267.75 8845.75 3125.75 7269.75 91 1207.75 401 1197 885 202 123 751 847 347 2118.75 6674.5 2481 4338.5 1466 699 5245.5 1438.25 2111.75
leaf_count=3651 1496 1029 2905 31780 11927 3935 9997 148 23694 6887 7594 6025 19645 7155 77 5744 1425 7719 2230 1481 462 1771 4337 4691 1797 5364 1599 25497 898 692 469 3331 15706 1532 12528 4764 3762 666 6738 1288 10597 4154 11424 91 1258 401 1197 885 202 123 754 1537 347 3516 8221 3474 4964 1976 699 5589 2384 2876
internal_value=0.000422741 0.0246052 -0.0427549 -0.00365262 0.0511671 -0.0179505 0.0376541 -0.0687941 -0.0606089 0.0834121 0.0302713 0.0788861 -0.0270445 -0.0225938 -0.00725619 -0.0870188 0.0190632 0.0372306 -0.0342905 -0.0259615 -0.0949449 -0.0340965 -0.00940903 -0.0273732 -0.0310658 0.00112836 -0.0612204 -0.0508551 -0.0353535 -0.0315695 -0.0441017 -0.0385584 -0.0104307 -0.0704811 -0.0836847 0.0307225 -0.161799 -0.249888 -0.00582689 0.110637 0.101449 0.0142077 0.0130131 -0.0146753 0.0616707 0.00267589 -0.0883369 0.0632057 -0.0287348 0.161351 0.0092976 -0.212105 0.0169403 0.0866768 0.0174012 -0.016202 0.0515959 0.00483735 0.0342551 0.0501124 -0.027174 0.0349045
internal_weight=232724 149176 83547.8 72281 76894.8 42790.2 8165.75 40757.5 37463.8 30233.8 46661 8739.75 16499.2 48470.8 5366.25 20964.5 37921.2 23149.8 37503.2 32977.8 4525.5 2521.25 14771.5 11792.5 34624.5 15793 7104.5 17184.8 33476 32578.8 27122.8 26069 13873.2 12195.8 11035.8 5456 3293.75 1289 15167.8 16289.5 15021.8 3989.75 11420 7360.75 2979 1771.25 5505.5 4059.25 1210 325 2059.25 1183.75 16686.2 2465.75 10967.5 13575.2 13944.2 14220.5 7410.5 6711.5 6810 23810.2
internal_count=321105 202308 118797 110705 91603 62105 14009 56692 50579 35663 55940 11208 21141 76049 10074 29438 44732 29824 60673 55456 5217 2987 14908 11824 48096 26308 7133 29148 45191 44293 38837 37040 19649 17391 15859 5456 6113 2351 24827 18772 17484 5183 18089 11515 3084 1826 5534 6574 1210 325 2525 2203 22105 3863 15376 19180 16891 18242 8264 7565 9978 34656
cat_boundaries=0 1 2 3 4
cat_threshold=8 96 16 8
is_linear=0
shrinkage=0.04


Tree=54
num_leaves=63
num_cat=5
split_feature=1 21 1 52 0 21 42 21 11 14 22 38 45 42 53 47 14 47 14 43 45 22 54 35 22 22 24 21 24 42 50 29 47 49 49 21 23 53 24 45 21 52 25 25 42 44 2 21 12 44 44 6 22 35 47 25 43 45 25 17 22 21
split_gain=141060 71058.5 30668.5 28390.6 26664.6 22448.3 21679.3 18654 16622.1 15718.3 15284.2 14038.6 12169.6 12020.7 15622.1 15209.9 12346.8 11934 13284.5 10835.6 11050.9 10832.8 10349.2 9987.8 10017 9531.85 8988.42 8907.2 9032.86 8873.35 9946.92 9508.68 8844.53 8781.21 8539.69 8397.56 8495.58 10308.1 9161.03 8327.9 8317.64 8289.07 8190.59 8012.37 7958.08 7692.21 7478.72 7241.01 7261.03 7376.9 11285.5 8731.88 8463.39 7221.77 7195.76 9380.41 11331.5 10059.1 7050.95 10664.6 9949.55 6888.63
threshold=2.2749999761581425 69.445976257324233 3.0849999189376835 0 2.7150000333786015 77.739685058593764 73.954586029052749 78.926559448242202 0.19489352405071261 66.100002288818374 0.072171278297901167 1.0035736560821535 32190.250000000004 71.013305664062514 1 72.010101318359389 91.145000457763686 71.997756958007827 88.184997558593764 0.046389764174819 32190.250000000004 0.03876463137567044 2 10.750000000000002 0.091056916862726225 0.074320640414953246 0.18260557204484942 59.93836975097657 0.11491150408983232 66.926166534423842 5065.1250000000009 22.750000000000004 55.505079269409187 2.4166435003280644 1.4375321269035342 84.929595947265639 1.0496999621391299 3 0.045012684538960464 34408.750000000007 68.810985565185561 4 677.12500000000011 364.12500000000006 72.12329483032228 2.3776366710662846 0.23499999940395358 88.393150329589858 2.5000000000000004 2.1913856267929082 2.1937454938888554 57.500000000000007 0.030633942224085334 13.750000000000002 73.124462127685561 457.12500000000006 0.046389764174819 31907.250000000004 353.87500000000006 3.5000000000000004 0.020587688311934475 69.096069335937514
decision_type=8 10 10 9 10 10 10 10 10 8 10 8 2 10 9 10 10 10 10 8 2 10 9 2 10 10 10 8 8 10 2 2 10 10 10 10 10 9 10 2 10 9 2 2 10 10 10 10 8 10 10 2 10 2 10 2 10 2 2 10 10 10
left_child=3 4 5 6 9 11 7 8 29 22 26 -3 13 34 16 -16 -15 18 -11 43 27 -18 -2 -14 -25 35 47 -21 44 30 40 -31 -12 -19 -13 36 37 -7 -39 -22 -1 -20 54 -6 -29 -4 -36 48 -5 51 52 -50 -51 -52 55 56 -34 -57 -8 60 -60 -43
right_child=1 2 45 10 19 25 58 -9 -10 17 32 12 23 14 15 -17 21 33 41 20 39 -23 -24 24 -26 -27 -28 28 -30 31 -32 -33 42 -35 46 -37 -38 38 -40 -41 -42 61 -44 -45 -46 -47 -48 -49 49 50 53 -53 -54 -55 -56 57 -58 -59 59 -61 -62 -63
leaf_value=-0.056216780006101814 -0.21493437624189082 0.17541706742253702 0.13838468775357213 0.13252768850526075 -0.18432081304084938 0.28291078018005988 -0.118902537022642 0.086897017616203401 -0.088079698149349087 -0.034538545952485747 -0.17532744625322993 -0.35907216202465558 -0.027874038277404502 -0.056993433086546683 0.018512415999611221 -0.046968103130004379 -0.013532840878675725 -0.33631367556133596 -7.3653966151218417e-05 -0.12007456433664068 0.19587003607882303 0.19704138646407118 -0.063412156197950875 0.11530091478486013 -0.17734501159677699 -0.29603766958930272 -0.38331798021177227 0.020603550826841378 0.053617817399589339 -0.056166930862673062 0.16380238738115754 0.042002959990330373 -0.33600385611611744 -0.066462781721484412 0.026231903706001682 0.14801086762502033 0.11312582710236699 0.042916896981867153 -0.33189471949940613 0.054939042572026739 0.067843886672912815 0.084217586176697501 -0.25702093675525933 0.01685463994221004 -0.062113588407711806 0.078008815247209221 0.091560777528581314 0.16606566771052134 -0.052735387580880068 -0.32733167228171539 -0.040120190422795812 0.099680292295780668 -0.0088655186570036956 0.030570331537237108 0.075731418252327126 0.27459849941314657 -0.042573804373772353 -0.0086467636442923955 -0.0081586545333949805 -0.10567312067298845 -0.43330528133429452 -0.149743030602635
leaf_weight=2378.25 1022.75 937.25 4735.75 784 662 273.75 1878 1444.25 18767.5 18603.5 746.5 85.75 1192 705 10595.25 12219.5 541.75 199 12289.5 690.25 1024 1398.75 2495.5 4253 194 108 87 6921.75 9473.25 21817.5 602 1700.25 213 4925.25 18089.25 2333.5 4304.25 9604.75 103.5 1946 1356 3267.75 255.75 605 2543 11813.25 3317 520.75 806.75 301 4000 2348 239 5474.5 963 299 10374 601 107 480 499 212.75
leaf_count=4749 1763 3749 6715 1099 662 396 1878 1622 25684 34199 853 88 1192 876 15567 12341 688 199 21087 931 1024 1722 4807 4253 194 108 87 13320 15618 26817 602 2352 213 5322 23193 2398 4431 11035 141 1946 1944 6453 258 605 2543 13170 4241 541 1175 301 4777 3662 239 6370 1281 299 15315 601 107 480 499 332
internal_value=0.000108542 0.0224416 0.0463155 -0.043314 -0.00854458 0.0347742 -0.0610752 -0.0545958 -0.0589827 -0.0273566 -0.0109572 0.0221328 0.0193943 0.0127242 -0.00587093 -0.0165522 0.0859217 -0.0201369 -0.0116451 0.0253623 0.0317469 0.138296 -0.10835 0.0749066 0.102458 0.0752187 0.0174404 0.02086 0.0260093 -0.0393725 0.0131986 -0.0490663 -0.041694 -0.0770711 0.0347515 0.077667 0.0661575 0.0458853 0.0388127 0.103631 -0.0111529 0.0153621 -0.0338156 -0.0883769 -0.00162857 0.0953014 0.0363629 0.0199024 0.0144239 0.0073732 -0.00943131 0.0606925 -0.186948 0.000722779 -0.0291893 -0.0379976 -0.0485404 0.085845 -0.166039 -0.247174 -0.358525 0.0698364
internal_weight=232730 153686 86805.2 79043 66881.2 70256.2 51029.8 48065.8 46621.5 43016 28013.2 53528.5 52591.2 46952.2 25460.2 22814.8 2645.5 39497.8 34373.5 23865.2 22598.2 1940.5 3518.25 5639 4447 16727.8 14561 19628.2 18938 27854 4336.25 23517.8 13452.2 5124.25 21492 16619.8 14286.2 9982 9708.25 2970 3734.25 15770 12705.8 1267 9464.75 16549 21406.2 14474 13953.2 13169.2 10014.5 3154.75 540 9474.5 12450 11487 10587 900 2964 1086 606 3480.5
internal_count=321114 217309 106498 103805 110811 86613 66734 63770 62148 74162 37071 68104 64355 58716 31194 27908 3286 67592 62071 36649 35382 2410 6570 5639 4447 18509 18251 32412 31481 36464 7295 29169 18820 5521 27522 18401 16003 11572 11176 2970 6693 27872 17967 1267 15863 19885 27434 18164 17623 16524 11687 4837 540 11147 17709 16428 15528 900 2964 1086 606 6785
cat_boundaries=0 1 2 3 4 5
cat_threshold=16 12 20 32 16
is_linear=0
shrinkage=0.04


Tree=55
num_leaves=63
num_cat=3
split_feature=0 21 1 21 1 21 0 56 25 42 50 14 56 47 23 21 45 21 24 19 21 45 44 44 25 25 43 23 25 23 21 23 44 24 43 25 17 23 5 15 44 20 56 5 49 17 47 49 6 22 29 27 22 47 37 21 23 20 49 19 48 48
split_gain=129618 64545.1 30976.7 26431.3 20451.1 17885.2 15669.8 14323.7 14009.6 13913.4 18714.8 15808.5 13892.5 13686.6 13483.3 13384.2 11617.8 11157.8 11148.6 10968.4 10592.5 12239.3 12771 10514.7 10574.8 10501.2 10619.8 9282.2 9274.4 10259.9 9928.61 9591.38 9453.76 10665.2 9698.48 9625.99 15691.7 9279.45 9060.41 9043.68 17617.5 8841.82 8567 8025.91 12220.3 8023.96 9144.19 7922.46 7803.68 7765.45 7702.91 7918.44 7620.31 7504.17 8181.33 7494.92 9487.88 8778.36 7318.65 7277.11 8123.65 7274.89
threshold=2.8349999189376835 70.549018859863295 1.9550000429153445 78.926559448242202 2.2050000429153447 65.668624877929702 3.3850001096725468 0 79.625000000000014 66.974662780761733 5065.1250000000009 87.689998626708999 1 72.087604522705092 1.0013249516487124 88.393150329589858 32190.250000000004 62.269115447998054 0.3201736062765122 9.5000000000000018 82.51377105712892 32190.250000000004 2.3680891990661626 2.5334342718124394 353.87500000000006 65.125000000000014 0.16693899035453799 1.0489010810852053 628.25000000000011 1.0153971314430239 67.659801483154311 1.1021022796630862 2.2333893775939946 0.064375076442956938 0.10619890317320825 370.12500000000006 3.5000000000000004 1.0389151573181155 49.500000000000007 3.5000000000000004 2.4863120317459111 110.00000000000001 2 28.500000000000004 2.2326078414916997 4.5000000000000009 68.378223419189467 1.4375321269035342 101.25000000000001 0.040818030014634139 20.250000000000004 1.0000000180025095e-35 0.10124228149652482 74.207809448242202 72.488491058349624 69.445976257324233 1.1699437499046328 177.50000000000003 1.9092210531234743 10.500000000000002 0.047804839909076698 0.089930556714534773
decision_type=10 10 8 10 8 8 10 1 2 8 2 10 1 10 10 10 2 10 10 8 10 2 8 10 2 2 10 10 2 10 8 8 10 10 10 2 10 10 2 2 10 2 1 2 10 10 8 10 2 10 2 2 8 10 10 10 10 2 10 8 8 10
left_child=1 2 -1 4 23 -2 20 17 38 10 47 41 16 39 -14 42 25 -4 28 -16 21 22 61 45 27 26 -6 -25 29 30 -19 -30 34 -34 -31 49 -37 -36 -5 -13 52 -11 -10 -21 -45 50 -47 -9 -42 -35 51 -3 -41 -17 -55 56 58 -58 -49 -24 -61 -7
right_child=5 3 7 8 12 6 -8 9 15 11 -12 13 14 -15 19 53 -18 18 -20 43 -22 -23 59 24 -26 -27 -28 -29 31 32 -32 -33 33 35 37 36 -38 -39 -40 40 48 -43 -44 44 -46 46 -48 55 -50 -51 -52 -53 -54 54 -56 -57 57 -59 -60 60 -62 -63
leaf_value=-0.071996531197517172 -0.010266557407355721 -0.05784681048211273 -0.1127056734204631 0.11651263581133868 0.094262951427725991 0.10933154178870355 0.10517272893884588 -0.17032031725184774 -0.015108150452013249 -0.18899083088171098 0.23446151040238555 0.04012809058389858 0.16919062127510265 -0.074266411059111595 0.064634089705625161 0.20137931535793457 0.14415223239237848 -0.036213839982275238 0.30442592429549864 -0.046192938587161628 0.13730212779701911 0.099046714057406685 0.089435067138361149 -0.18234095778358744 -0.28802772352913325 0.0093159104234309641 -0.16956502776632032 0.075386644191717492 0.3134191766426907 0.071492041852738775 0.11373429028818313 0.01493876652933001 -0.14124838425687286 0.24806810885127661 0.18914822707576309 -0.24064021590290288 -0.025050459339603065 -0.048516832578269831 0.33261187380913415 0.012012965539081025 -0.030628524024866322 -0.041371530545071825 0.058518611094703646 0.12065426323374208 -0.011824634200513856 0.12375115380880533 -0.0085707124333508702 -0.18344872961566491 0.19036039774847047 -0.036517708152531914 0.076370000019938905 0.020780261648938023 -0.11645628375058717 -0.30015123474051097 0.13500878416971554 0.13675969084117051 0.12515573256299167 -0.059603233250263087 -0.0071878785547383004 -0.037651349355617529 0.023444390095906466 0.045287867441589781
leaf_weight=29751.25 6481.25 12250 3450.75 1825.25 4757.75 4299 9999 329.25 4364.5 675 723 11224.75 701.75 2847.75 2834.25 1178.5 1705 1657 151 9299.25 2077.75 5655 1955.25 454 485 9586.75 255.5 437 220 1468.5 1228.75 770 3036.25 155.25 270.25 1023.25 1143 7651.75 373.5 1109.25 399 15948.75 6006.5 1285 8288.75 1080.75 3659.5 434.25 707 6310.75 890 2459.75 2207 107 187 904.75 1591.5 553.25 2773.25 4620.25 14115.75 8361.5
leaf_count=40636 8399 14890 5466 2648 7376 7284 12282 576 4525 960 723 17272 2807 3021 3732 1210 1705 6604 151 11070 2125 5655 2790 454 485 9730 317 437 220 1515 4576 770 4180 219 382 1024 1143 11272 795 1770 399 28338 6206 1639 10247 1641 4975 690 707 8731 1247 3257 4358 107 187 1177 1833 944 5234 4651 20226 11114
internal_value=0.000251825 -0.0168591 -0.0377368 0.0113759 -0.000111853 0.0523247 0.0602662 -0.0233719 0.0608062 -0.00863275 0.0415688 -0.0190833 0.0173158 0.00636005 -0.00312359 0.043575 0.0454044 -0.0452835 -0.0360005 -0.00870959 0.0493322 0.0446394 0.0354086 -0.0311799 -0.138115 0.0338538 0.0807531 -0.0560411 -0.0380866 -0.0430491 0.0276657 0.081774 -0.0527413 -0.0767818 -0.0228581 -0.0540783 -0.127018 -0.0403625 0.153494 0.0210422 -0.027397 -0.047388 0.027536 -0.0197301 0.00597749 -0.0239325 0.0216357 0.0203282 0.110718 -0.0296089 -0.0377807 -0.0446973 -0.0735009 0.156343 -0.0242967 0.0304129 0.01239 0.0774813 -0.031153 0.0160436 0.0083755 0.067049
internal_weight=232752 175188 100716 74472.2 60430 57564.8 51083.5 70964.2 14042.2 42427.8 7309.25 35118.5 38714 18494.8 22409 11843.5 16305 28536.5 25085.8 21707.2 41084.5 39006.8 33351.8 21716 1376 14600 5013.25 891 24934.8 23944.8 2885.75 990 21059 11668.5 9390.5 8632.25 2166.25 7922 2198.75 15647 4422.25 16623.8 10371 18873 9573.75 20340 4740.25 6586.25 1106 6466 15599.8 14709.8 3316.25 1472.5 294 6257 5352.25 2144.75 3207.5 20691.2 18736 12660.5
internal_count=321104 246578 154891 91687 76009 74526 66127 114255 15678 68002 11177 56825 48623 27527 29495 12235 19128 46253 40787 26688 53845 51720 46065 27386 1376 17423 7693 891 40636 39646 11180 990 28466 15297 13169 11117 2167 11654 3443 24506 7234 29298 10731 22956 11886 26010 6616 10454 1106 8950 19394 18147 6128 1504 294 9878 8701 2777 5924 27667 24877 18398
cat_boundaries=0 1 2 3
cat_threshold=8 4 8
is_linear=0
shrinkage=0.04


Tree=56
num_leaves=63
num_cat=5
split_feature=9 0 4 21 17 7 11 0 43 21 21 21 47 19 26 56 21 15 25 21 52 56 21 44 15 43 25 21 47 19 9 56 42 19 20 42 6 42 5 11 50 42 42 25 47 42 25 47 33 37 15 38 25 50 5 20 25 25 35 20 47 52
split_gain=123940 48716.1 39779.1 28289 23172.8 16100.9 14642.8 14257.3 13701.7 16156.6 12823.7 11044.3 13533.6 10721.3 14304.6 10739.1 10421.2 9944.32 9779.01 9315.83 9220.21 9147.6 8973.18 10883.5 10743.1 8581.81 8581.45 10814.3 8437.58 9123.32 8303.19 7466.44 11696.4 10645.7 10041.1 8405.92 8403.75 7237.59 7184.45 7103.17 7009.24 6994.43 6705.82 10866.3 7336.64 6557.5 6756.67 8131.27 6465.47 6456.99 6380.46 6327.64 6279 6254.09 8083.17 6936.78 8080.82 7005.62 6250.31 7759.08 6243.12 6213.85
threshold=1.5000000000000002 2.8850001096725468 2.2949999570846562 71.565551757812514 4.5000000000000009 35.500000000000007 0.50084745883941661 3.5049999952316289 0.058638731017708785 64.422271728515639 73.465930938720717 73.630203247070327 73.992649078369155 9.5000000000000018 1.5000000000000002 0 79.325862884521499 5.5000000000000009 496.62500000000006 62.269115447998054 1 2 81.344814300537124 2.5140902996063237 3.5000000000000004 0.090873055160045638 13.875000000000002 70.549018859863295 72.416332244873061 21.500000000000004 10.500000000000002 3 69.951828002929702 79.500000000000014 110.00000000000001 65.886707305908217 19.500000000000004 77.138763427734389 33.500000000000007 0.71984010934829723 2919.6250000000005 73.954586029052749 66.972438812255874 21.875000000000004 75.29248428344728 66.926166534423842 217.37500000000003 72.010101318359389 0.98090696334838878 67.320327758789077 3.5000000000000004 1.1455674767494204 65.125000000000014 18997.500000000004 30.500000000000004 177.50000000000003 2.1250000000000004 6.1250000000000009 8.7500000000000018 171.50000000000003 75.11142730712892 4
decision_type=2 10 2 10 10 2 10 10 10 10 10 8 10 8 2 1 10 2 2 8 9 1 10 10 2 10 2 10 10 10 2 1 10 8 2 8 2 10 2 10 2 10 10 2 10 10 2 10 10 8 2 10 2 2 2 2 2 2 2 2 10 9
left_child=1 3 4 5 6 19 8 10 20 -10 18 -6 17 14 -5 28 26 38 -3 -1 41 25 23 52 37 50 27 -4 29 -15 58 32 33 -21 51 -36 -35 -25 -13 -32 -40 -2 43 -27 48 -28 -47 -48 -44 -16 -11 -33 -17 55 -55 -34 -57 -58 -8 -60 -14 -7
right_child=2 7 16 13 11 61 30 -9 9 21 -12 12 60 15 49 22 -18 -19 -20 31 -22 -23 -24 24 -26 42 45 -29 -30 -31 39 34 53 36 35 -37 -38 -39 40 -41 -42 -43 44 -45 -46 46 47 -49 -50 -51 -52 -53 -54 54 -56 56 57 -59 59 -61 -62 -63
leaf_value=-0.078869535136683253 -0.092805570553452177 0.024819439471239994 0.0070414533274485549 0.10220716919884415 -0.026814032735545276 0.082830988202801839 0.10292397257949125 0.12093926630278853 -0.085711484117279926 0.094921841477869612 0.083471370810094467 -0.042449567078134257 -0.50597861604439587 -0.22527942855799732 -0.38011607895040866 0.10851016173711385 0.092826911584967836 -0.13617967167330847 0.089835673441059569 0.041958916958292888 -0.038394407169747756 -0.047773536946337444 0.13602118876378236 -0.030592540741349358 -0.14783500967479199 -0.064019702731352865 0.055672449343817799 0.15415759623937336 -0.051504521518415849 0.02881839630049322 -0.20223054795458179 -0.28777906748055915 -0.12107015039011153 -0.14444204371619479 0.083376246929457429 -0.0046633161908222363 -0.0073181869058652873 0.12305606921020328 0.19082210862605439 -0.53420658342359451 0.066649457213682664 -0.1790515942802752 0.11932713740557478 0.08179288284309881 0.066149041591014923 -0.03476477726856058 0.059865205477182062 -0.024102475408362262 -0.062855624949985117 -0.035505046569444913 -0.024529689643829889 -0.061599110050729822 0.037824384032594589 -0.29294097726968893 -0.055400130033095678 0.22096822503104019 -0.29701877905080337 -0.027521860890184907 -0.020247195289799205 -0.19708804142537947 -0.06548851063385093 0.013982920251590104
leaf_weight=4316 8478 22787.25 2236.5 6004 9133.25 2709.5 215.75 5285.25 10727.75 2034.5 13171.25 642.75 93 231.5 97.75 2678.5 2166.5 367.25 4418.25 3614.5 4297 18869.25 1607 1595 876 1334 2302 1242.5 3982.75 7125.25 814.75 282.75 2041.75 1155 1907.75 18982.25 1873.25 706 1025.75 117.5 2503.75 1832 324.5 2106.25 902.25 11660.5 3377.25 4063 6938.75 685.5 1101.75 654.5 8067.25 470 448 196.5 161.75 2700 669 976.5 114 9269.5
leaf_count=5828 13299 32616 6609 7792 12998 3746 341 6303 15365 2408 15104 1044 93 278 100 4441 2381 665 4419 7846 6598 27354 1652 1595 876 1655 3760 1874 4009 9394 1636 951 2218 1827 2150 30542 2897 706 2513 176 3154 1832 347 2680 933 16183 3402 4063 7760 714 1443 1028 8545 470 448 201 179 4695 1155 1257 144 12553
internal_value=-4.65e-05 0.0258819 -0.0329032 0.00788188 -0.0477939 -0.0109662 -0.0582925 0.0591661 -0.0540478 -0.042975 0.0510743 -0.00109229 0.0483904 0.0363202 0.0812334 0.0249695 0.00872711 0.0628565 0.0353844 -0.0234802 -0.0876477 -0.0293302 0.0465762 0.0362336 -0.0287926 -0.00571964 0.0013972 0.0596436 -0.00462368 0.0207624 -0.147755 -0.0165441 -0.0409788 -0.00437916 -0.00236814 0.0033836 -0.0596818 0.0166129 0.0804348 -0.245135 0.102827 -0.108163 -0.0215859 0.0252456 -0.0413191 -0.00807503 -0.0157632 0.0140166 -0.0546845 -0.0793815 0.0529676 -0.130309 0.0554613 -0.0813618 -0.177398 -0.0640109 -0.0258602 -0.0429538 -0.0987655 -0.125308 -0.266376 0.0295674
internal_weight=232769 130102 102668 84439.5 75619.2 50783 61739.5 45662 58946 44339 40376.8 13879.8 4746.5 33656.5 6787.25 26869.2 27048.2 4539.5 27205.5 38804 14607 33611.2 15529.8 13922.8 3177 14742 24881.8 3479 11339.5 7356.75 2793.5 34488 12660.8 6642.75 21827.2 20890 3028.25 2301 4172.25 932.25 3529.5 10310 11605.8 3440.25 8165.5 21402.8 19100.8 7440.25 7263.25 783.25 3136.25 937.25 10745.8 6018 918 5100 3058.25 2861.75 1861.25 1645.5 207 11979
internal_count=321245 176123 145122 117681 106850 77579 86239 58442 81674 59945 52139 20611 7613 40102 8606 31496 38272 7376 37035 61280 21729 44580 17815 16163 3177 17226 35891 8483 13681 9672 4565 55452 20781 12570 34671 32692 4724 2301 6711 1812 5667 15131 13375 4335 9040 27408 23648 7465 8107 814 3851 1979 12986 8211 918 7293 5075 4874 2753 2412 237 16299
cat_boundaries=0 1 2 3 4 5
cat_threshold=8 16 4 8 4
is_linear=0
shrinkage=0.04


Tree=57
num_leaves=63
num_cat=3
split_feature=4 4 14 11 52 4 22 34 6 42 20 48 32 49 5 33 25 15 25 15 22 49 47 53 6 17 50 50 5 19 47 42 14 44 45 25 22 23 19 49 23 1 33 45 49 22 14 20 14 25 50 43 23 44 53 17 14 50 43 25 45 47
split_gain=119029 63971.8 29109.5 26772.7 26677.4 24512.4 17538.7 16562.5 14970.8 13665 16988.2 13425.1 15409.2 13404.9 15662.8 12268.2 12207.1 12077.8 11932.1 11805.9 12858.5 11277.3 19999 11508.5 11143.3 11559.1 11098.3 10916 11415.1 10853.9 10398.7 11309.3 10136.1 10117.2 11690.1 12347.1 13661.9 11172.9 10029 9761.44 9723.56 9694.8 9364.07 10273.2 8934.48 12390.4 8607.52 8588.5 13920.8 8510.88 8795.57 8494.8 8458.5 8503.68 8251.41 8231.67 8155.85 7824.19 7740.19 7597.63 7580.82 7521.19
threshold=2.4550000429153447 1.0000000180025095e-35 91.979999542236342 0.54502454400062572 0 3.0749999284744267 0.092618513852357878 3.5000000000000004 112.25000000000001 66.926166534423842 159.00000000000003 0.12405720725655557 1.1561506986618044 2.7373944520950322 28.500000000000004 1.3681725859642031 276.37500000000006 3.5000000000000004 677.12500000000011 3.5000000000000004 0.020587688311934475 2.420707225799561 70.59751129150392 1 93.250000000000014 2.5000000000000004 3789.6250000000005 3378.0000000000005 1.5000000000000002 11.500000000000002 71.665985107421889 68.366474151611342 85.31000137329103 2.3497886657714848 19238.750000000004 106.62500000000001 0.030633942224085334 1.0424872636795046 10.500000000000002 2.443925261497498 1.1562275290489199 1.485000014305115 2.5972915887832646 85.000000000000014 2.4257929325103764 0.10738126188516618 91.720001220703139 159.00000000000003 69.479999542236342 353.87500000000006 13590.500000000002 0.13083436340093615 1.1509101986885073 2.5140902996063237 2 4.5000000000000009 78.434997558593764 1089.6250000000002 0.11148375272750856 537.62500000000011 13185.750000000002 63.709289550781257
decision_type=2 2 10 8 9 2 10 2 2 8 2 10 8 10 2 8 2 2 2 2 10 10 10 9 2 10 2 2 2 8 8 10 10 10 2 2 10 8 8 8 10 10 10 2 10 10 10 2 10 2 2 10 10 10 9 10 10 2 8 2 2 10
left_child=1 2 3 51 8 13 33 15 9 27 -11 47 -13 14 16 -5 -2 42 24 -18 -21 22 23 55 -8 -26 40 28 -3 60 31 41 57 34 35 37 38 -6 -37 -32 -27 -31 52 -44 45 -10 -35 48 -9 50 -22 -1 -4 -54 -48 -16 -49 -14 -25 -19 -12 -30
right_child=5 4 17 7 6 -7 18 11 44 10 29 12 32 -15 21 -17 19 59 -20 20 49 -23 -24 58 25 26 -28 -29 61 30 39 -33 -34 46 -36 36 -38 -39 -40 -41 -42 -43 43 -45 -46 -47 54 56 -50 -51 -52 -53 53 -55 -56 -57 -58 -59 -60 -61 -62 -63
leaf_value=0.012661496347654649 0.0116353419134568 0.16602605709019636 0.072256132581479296 0.070393830564286983 0.14107235819314862 0.075506749574645829 -0.071100053496497867 -0.11166884862223865 0.015019610700088374 0.017701477469760907 0.1151912123911831 -0.087065581120729818 0.076654646815443331 0.081993461155243128 0.033910740084126048 -0.35638456702554344 -0.012839581513826486 -0.031883326154888633 -0.3641441722028837 0.099605276615823135 -0.32186059087385305 0.015219407662054558 0.16451078677105771 -0.15103300868063074 -0.091526082105303233 0.082547785708825747 0.13023940083687952 0.07147433850684913 -0.10666216092341425 -0.17264771439177232 -0.23642079077791689 -0.053235490063780699 0.24068527289747374 -0.049522860818788983 0.11072460929794764 -0.49139742925078916 0.0077181082949661327 0.013843674462582856 -0.13324987565929663 -0.11291979247709245 -0.14702017986019375 -0.083054157582311688 0.42169087321128973 0.10488276658163975 -0.062417054952216534 -0.064696159057231944 -0.12031594023945105 -0.23603981836031843 0.083857224860438381 -0.23210559339792375 0.044996142679135556 0.11849983330416952 0.022571145310614927 -0.19611824725702887 0.040470742137023369 0.10471313956915931 -0.091938212867039418 -0.16493723593640872 0.027127069902867777 0.20363037800026346 -0.25994617148160937 -0.024800590866129141
leaf_weight=12240.25 20190.25 387.25 13754.75 137.5 1353.75 20467.25 8335.5 1326.5 10007 2574.25 624.75 1391 1181.5 6087.75 8638 486.25 4065.75 3350 188.5 329 136 17400 2542.75 761.5 1207.5 579.25 1484.75 1523.75 2905 2887.5 1187 12389.5 506.5 6204.75 2551 160.25 1153.5 5960.25 558.75 7499.75 598 5863.25 231 558.5 8020 4530.5 567.75 806.25 1035.75 1207 430 1345 3455.5 308 4301.25 3776.25 2854.5 260 796.75 232.5 98 4703
leaf_count=14881 29995 580 18023 157 4140 25355 12435 2642 17537 3190 834 2984 1258 6900 13957 667 4068 5018 190 329 136 20478 3169 1021 1623 1567 1709 2333 5092 3186 1187 18481 751 7560 2551 161 1209 10857 627 10877 736 6692 255 908 8785 6881 615 1500 1668 1207 430 2410 3766 308 5079 6762 4224 260 1096 249 98 7412
internal_value=0.000159488 -0.0219126 0.0174539 -0.0133911 -0.0397369 0.0372391 -0.0116763 -0.0631082 -0.0548872 -0.0688278 -0.0809662 -0.0497784 0.0145481 0.0254344 0.0197192 -0.262368 -0.00341052 0.0506658 -0.0499756 -0.0526525 -0.129571 0.0376943 0.061368 0.0425764 -0.0450639 0.0110276 0.0575834 -0.02658 -0.0452816 -0.0892812 -0.0929934 -0.0778386 0.087126 0.00913411 0.0350062 0.0139596 -0.0776371 0.0374257 -0.214226 -0.129847 -0.0341091 -0.112651 0.063808 0.198419 -0.0285296 -0.00982813 -0.0182894 -0.0854337 -0.0259369 -0.172166 -0.043962 0.0231565 0.0577191 0.0045771 0.0215149 0.0554173 -0.123789 0.0329056 -0.0596325 -0.0164914 0.0637371 -0.0560791
internal_weight=232695 145866 45461.2 23571 100405 86828.2 35204.8 9985.75 65200.5 42643 33124 9362 3339 66361 60273.2 623.75 26358 21890.2 12393.5 6167.75 2102 33915.2 16515.2 13972.5 12205 3869.5 2662 9519 7995.25 30549.8 29827 21140.2 1948 22811.2 11737.5 9186.5 1872.5 7314 719 8686.75 1177.25 8750.75 18307.8 789.5 22557.5 14537.5 11073.8 6023 2362.25 1773 566 13585.2 17518.2 3763.5 4869 12414.2 3660.75 1441.5 1558.25 3582.5 722.75 7608
internal_count=321056 206153 61929 33402 144224 114903 51059 16111 93165 59962 44545 15287 5253 89548 82648 824 36165 28527 18260 6170 2102 46483 26005 22836 18070 5635 4012 15417 13084 41355 40423 28359 2269 32799 19545 16994 1997 14997 788 12064 2303 9878 23260 1163 33203 24418 13254 10034 4310 1773 566 17291 22097 4074 5694 20719 5724 1518 2117 5267 932 12504
cat_boundaries=0 1 2 3
cat_threshold=16 112 64
is_linear=0
shrinkage=0.04


Tree=58
num_leaves=63
num_cat=3
split_feature=1 0 56 21 21 0 56 21 23 19 25 0 49 48 22 43 50 35 5 19 23 25 42 25 21 44 22 25 25 22 15 22 33 25 25 43 25 48 25 21 17 1 10 42 49 23 30 21 23 49 25 42 21 25 6 47 47 50 22 53 50 22
split_gain=111389 48948.7 27236.5 25716 20056.7 18782.9 17087.2 15195.6 16036.2 13376.8 13179.4 12127.7 10762 14066.4 12114.7 10754.9 10697.7 10244.2 9955.17 11188.8 9933.65 9298.48 11617.7 11238.1 9176.42 14133 9976.18 10843.9 9204.94 9088.44 8910.56 8535.11 9510.37 8456.8 12004.7 12661.7 12293.9 13775.3 10987 10365.9 9755.42 8429.84 9813.69 8273.5 9876.97 8621.19 8259.59 8258.74 9208.34 7974.85 7703.42 8272.76 8325.11 7695.09 7689.43 7949.03 7566.96 7427.29 12398.1 7426.03 7240.56 7140.65
threshold=2.5849999189376835 2.185000061988831 0 76.617176055908217 70.416618347167983 2.9550000429153447 1 64.422271728515639 1.0013249516487124 5.0000000000000009 661.25000000000011 1.5049999952316286 2.7262496948242192 0.04270900413393975 0.065291069447994246 0.046010792255401618 283.37500000000006 14.750000000000002 30.500000000000004 10.500000000000002 1.2481924295425417 472.37500000000006 67.171703338623061 650.37500000000011 81.344814300537124 2.5140902996063237 0.031053040176630024 350.12500000000006 45.125000000000007 0.06724956259131433 3.5000000000000004 0.34571312367916113 4.4095704555511483 465.75000000000006 298.37500000000006 0.046010792255401618 137.62500000000003 0.046878948807716377 690.87500000000011 66.469604492187514 4.5000000000000009 1.4650000333786013 35.250000000000007 66.972438812255874 2.2658077478408818 1.0484992265701296 0.1113002970814705 84.929595947265639 1.0484992265701296 1.9860275387763979 618.00000000000011 66.926166534423842 68.308303833007827 24.125000000000004 62.500000000000007 72.048854827880874 73.124462127685561 18997.500000000004 0.051017852500081069 2 972.25000000000011 0.055593475699424751
decision_type=10 8 1 10 10 10 1 8 8 8 2 10 10 8 10 8 2 2 2 8 10 2 10 2 10 10 10 2 2 10 2 10 10 2 2 8 2 10 2 8 10 10 2 8 8 8 10 10 10 10 2 10 10 2 2 10 10 2 10 9 2 10
left_child=1 6 5 7 21 18 9 31 -9 -1 15 -11 13 16 -14 -8 -10 41 19 -2 33 22 -4 -23 25 26 27 -6 -27 47 -30 32 56 34 35 -15 39 -38 -35 53 -36 42 -17 -41 -45 -46 -40 48 59 -24 51 60 -53 -37 55 -44 -3 -21 -59 -5 -19 -51
right_child=2 3 4 29 24 -7 10 8 12 11 -12 -13 14 20 -16 17 -18 50 -20 57 -22 23 49 -25 -26 28 -28 -29 30 -31 -32 -33 -34 38 40 36 37 -39 46 43 -42 -43 54 44 45 -47 -48 -49 -50 61 -52 52 -54 -55 -56 -57 -58 58 -60 -61 -62 -63
leaf_value=0.15513438653313644 0.05876109209477056 -0.045563947676391825 0.099832784224983553 0.19747297900722874 0.016161938245638861 0.052802394390456295 -0.14238503695877855 0.13208120971919654 0.015225234718792622 -0.10777669558928282 -0.17607918722382163 -0.052602171445503387 0.006893484472461687 -0.21298716221002362 0.18522193089975347 -0.037510836262115523 -0.20749316131871368 0.020328353030531453 0.013971848552974366 -0.044474030445195364 0.087438472850948509 0.14001660189697226 -0.21152784398798652 -0.0092115885560032987 0.16452002110299013 0.12882048993155026 0.12394883902111825 0.13927757154744208 0.042653108065912423 -0.23682210204388174 -0.087971441270979209 -0.22737320413355491 0.19924462942080856 0.058992735837177124 -0.090485611587559828 -0.19701782727431649 0.29951934546073278 0.02456987528541001 -0.015132563662253835 0.034201962837543079 0.030959140720708742 -0.016860591495845203 -0.20202749874863735 -0.061553922338744925 -0.067033958608973765 0.0074400442034659661 -0.24426214945211194 0.13263478629496794 0.082848186112060226 -0.068055587082164873 0.22839395062914189 -0.065501177651652615 0.018358343128597594 -0.051444659919845738 -0.089310588684883868 -0.69151409365376848 -0.23009408019757693 0.0010843487006005411 -0.26385072018030431 0.0069864180408080612 0.16958770970332804 0.019766446013484422
leaf_weight=417.5 1464.5 9897.25 2295 329 3613.25 12745.75 1187 1381.5 531.5 9969.75 933.75 17695.25 1611 472 978.75 6091.75 980 1408.75 12613.5 5953.5 1772.75 2380 272.5 1221 2329.25 922 9360.25 1674 1941 177 1464 432 244.5 5826 5145.5 731.75 298 10395.25 2249.5 5683.5 1331 15841 637 6528.5 2954.25 15666.25 281.5 1712.75 4968.75 1740.5 256 2926 5362.25 2804.75 2012.75 56.5 367 480 685 8315.75 823 9881
leaf_count=503 2288 13738 3291 485 4580 15766 1187 5526 863 15261 936 26021 1770 472 1182 9760 980 3742 17919 9126 1823 2380 328 1221 2420 922 11890 1674 1941 177 1464 537 246 5826 5153 1622 298 10420 2251 9009 1331 20530 1168 9563 5670 33253 304 1760 5160 2423 256 3370 6290 4292 3299 94 367 480 685 9836 1171 12764
internal_value=-0.000268071 -0.0189835 0.0406505 -0.000486671 0.0634104 0.0144339 -0.0454987 -0.00977759 -0.00270092 -0.0690971 -0.0278406 -0.0724923 -0.00551588 -0.00876904 0.0743836 -0.0240492 -0.129255 -0.020075 -0.00864009 -0.0418668 -0.00583415 0.0320516 0.0174765 0.0894382 0.0895912 0.0803763 0.0991375 0.0551811 0.0168489 0.0465905 -0.013526 -0.0535083 -0.0463183 -0.00857612 -0.0145776 -0.00732854 -0.00516486 0.0322875 0.0287683 -0.0168189 -0.0655241 -0.0343015 -0.0656924 -0.00937623 -0.0192269 -0.00438119 -0.0407925 0.0498946 0.0394663 0.00157066 0.0124532 0.00715523 -0.0112543 -0.0816623 -0.129051 -0.243792 -0.0522062 -0.062581 -0.154871 0.0145173 0.0754767 0.0066036
internal_weight=232722 159686 73036 94067.2 39093.8 33942.2 65618.2 78564 67623.2 28082.5 37535.8 27665 66241.8 63652 2589.75 36602 1511.5 35415 21196.5 8583 62140.5 17790 14189 3601 21303.8 18974.5 14647.5 5287.25 4327 15503.2 3405 10940.8 10508.8 60367.8 52010.8 45534.2 45062.2 10693.2 8357 34369 6476.5 24639 8798 30832.5 25149 18620.5 2531 15326.2 13613.5 11894 10776 10520 8288.25 3536.5 2706.25 693.5 10264.2 7118.5 1165 8644.75 2231.75 11621.5
internal_count=321064 227502 93562 133914 47298 46264 93588 116496 101608 41785 51803 41282 96082 93130 2952 50867 1843 49680 30498 12579 91287 22407 18806 3601 24891 22471 18144 6254 4327 17418 3405 14888 14351 89464 81083 74599 74127 10718 8381 63409 6484 34851 14321 57495 48486 38923 2555 17241 15481 15515 14829 14573 9660 5914 4561 1262 14105 10291 1165 10321 4913 15187
cat_boundaries=0 1 2 3
cat_threshold=8 8 160
is_linear=0
shrinkage=0.04


Tree=59
num_leaves=63
num_cat=5
split_feature=1 0 21 21 56 56 21 0 23 24 47 45 1 25 43 19 0 0 22 43 25 25 29 21 25 43 23 22 23 33 22 47 50 24 23 19 50 0 19 23 10 4 22 53 21 52 50 25 23 15 21 52 20 5 10 5 22 25 38 25 14 21
split_gain=103110 50360.5 28269 20949.7 18726.2 17357.7 16746.6 14090 12888.8 10979 13671.3 11164.8 10169.6 10113.4 9730.02 9697 9687.52 9683.35 9422.64 10168.2 9919.58 9239.92 9150.23 9143.54 11843.1 9545.13 8719.12 11614.2 8309.63 8766.89 8129.17 8063.93 11003.4 7577.64 12162.6 7461.4 7433.42 7427.64 7304.65 7246.37 7046.54 9907.04 7009.87 6990.36 6970.85 6825.61 6746.98 8184.31 6669.75 6550.88 6540.56 6517.19 6452.44 6444.1 6404.15 6332.08 6312.46 9278.36 6806.65 7446.86 7011.53 6200.83
threshold=2.6750000715255742 2.1149998903274541 76.617176055908217 79.325862884521499 0 1 63.620441436767585 2.9550000429153447 1.0013249516487124 0.064879272133111968 77.179512023925795 32190.250000000004 3.0649999380111699 661.25000000000011 0.11312286928296091 5.0000000000000009 3.1149998903274541 1.5549999475479128 0.051017852500081069 0.046389764174819 600.87500000000011 618.00000000000011 16.250000000000004 72.166973114013686 256.87500000000006 0.046010792255401618 1.0260539650917055 0.023618221282958988 1.2179238796234133 1.1919897794723513 0.028922154568135742 72.061790466308608 2086.1250000000005 0.11578697711229326 1.1616019010543825 7.5000000000000009 24589.750000000004 0.53499999642372142 49.500000000000007 1.0235687494277956 38.750000000000007 1.9450000524520876 0.0059330721851438293 2 68.252796173095717 3 1.0000000180025095e-35 132.62500000000003 1.2481924295425417 2.5000000000000004 65.778343200683608 4 110.00000000000001 28.500000000000004 9.7500000000000018 46.500000000000007 0.12391588091850282 293.62500000000006 1.136633098125458 199.62500000000003 89.845001220703139 65.38632965087892
decision_type=10 8 10 10 1 1 8 10 8 8 10 2 10 2 10 8 10 10 8 8 2 2 2 10 2 8 10 10 10 10 10 10 2 10 10 10 2 10 10 10 2 2 10 9 10 9 2 2 10 2 10 9 2 2 2 2 10 2 10 2 10 10
left_child=1 4 6 5 15 7 38 39 44 11 16 14 -7 21 42 -1 18 54 -11 20 -20 23 28 25 -25 -6 27 -5 29 -21 36 35 -33 34 51 -4 -26 -32 49 50 43 -42 -10 -27 -8 -41 47 -31 -40 52 -2 55 -3 -47 -17 -24 -35 58 59 -58 -60 -49
right_child=3 2 31 26 13 12 8 -9 9 10 -12 -13 -14 -15 -16 17 -18 -19 19 22 -22 -23 33 24 30 40 -28 -29 -30 46 37 32 -34 56 -36 -37 -38 -39 48 45 41 -43 -44 -45 -46 53 -48 61 -50 -51 -52 -53 -54 -55 -56 -57 57 -59 60 -61 -62 -63
leaf_value=0.13124688606820187 -0.12777488199140744 -0.25731630372260861 -0.18650799456003828 0.075890191544861055 -0.18932804457972574 0.039043341994834446 0.030275233962352259 0.048257088593827206 0.31069370556719161 0.045709993861572214 0.11857890174921515 0.043799612048813413 0.086678376179163991 -0.15838716627402974 0.020158700045690852 -0.049073840753771664 0.058950250811601823 -0.052518932608229409 -0.17883317028869949 -0.010710757607795532 0.068822206078237191 0.14133891146000194 -0.039231199241278748 0.046009334904120451 -0.060864101014116559 -0.099873952331992213 0.15376898991483606 -0.30600092979170507 0.062760575952552786 -0.4978198185201359 -0.42329399402291634 0.049218372147731969 -0.044035013033666782 0.056517449404717236 -0.5448208074552171 0.088698315483611997 0.11533797432663029 -0.10544695372787523 -0.07295479302103812 0.023461562468673102 -0.14902316645689395 -0.034952411330795012 -0.053562682630853724 -0.014070135155901362 0.1884852583876683 -0.079393760892054924 -0.052271010698059305 0.093620906525850298 0.0035875693617349069 -0.17166561537512096 0.089693936967857019 0.034549907456664995 -0.0051630520223840248 -0.013529476352798078 -0.11969473979003058 0.04626256529114401 -0.067788092673837175 -0.093380952518689955 0.033730570986232167 0.14731798088508394 0.20671095503218495 -0.16079376731910597
leaf_weight=374 252 191.25 159.75 1871.25 638 18613 964.75 11159.75 83 5485.25 1635.75 3016 11670.75 895.5 3681.75 2746.25 4285.5 14999.25 1031 8344.25 344 541 8621.5 5425 1293 1651.75 3662 134.75 1423 99.75 139 8056 2702 6953.75 66 6434 542 727 3857.5 4165 1822 3674 16523 17660.25 827.75 3707.5 5534.25 178 3448.75 1447 1724.25 4024 1017.25 6619.25 8208.5 1649.75 1352.25 1319 1259.75 316 532.5 1051
leaf_count=452 1002 261 165 1905 638 23014 3859 14024 83 5774 1779 3016 13803 897 6378 4334 7188 22128 1031 14972 344 541 13960 7189 1293 2167 3986 179 1519 102 139 8929 2702 7217 66 7835 542 727 6370 5371 2980 5765 23543 25440 3311 4798 8733 178 3700 1690 4908 6832 1570 8018 12425 2879 1779 1319 1526 316 696 1051
internal_value=0.000246122 -0.0160686 0.000381066 0.0436761 -0.0450094 0.0364899 -0.0085803 0.0135606 -0.00253262 -0.00494621 0.0047275 -0.0279864 0.0574057 -0.02584 -0.0386618 -0.0704949 0.00126603 -0.0734122 -0.00372147 -0.00987187 -0.116859 -0.0223512 -0.00642325 -0.0249975 0.0119397 -0.0367935 0.117059 0.049954 -0.0296094 -0.0382605 -0.05647 0.0471493 0.0257921 0.00835433 -0.0111283 0.081975 -0.00874641 -0.157331 -0.0575022 -0.00995443 -0.0328554 -0.0728104 -0.0517044 -0.0214779 0.103467 -0.0197553 -0.0717423 -0.152634 -0.0368325 -0.114299 0.0618584 -0.00858781 -0.0454331 -0.0371876 -0.102004 -0.0254922 0.0321991 -0.00318908 0.0312201 -0.0269103 0.0853028 -0.123847
internal_weight=232832 169252 107916 63579.5 61336.5 57911.5 90564.2 27627.8 80602.5 78810 55506.2 23303.8 30283.8 35008.5 20287.8 26328 53870.5 25954 49585 44099.8 1375 34113 42724.8 33572 8126 25446 5668 2006 16630.2 15207.2 2701 17351.8 10758 26094.5 14361.2 6593.75 1835 866 9961.75 16468 24808 5496 16606 19312 1792.5 14491.8 6863 1328.75 7306.25 2655.5 1976.25 14295.2 1208.5 10326.8 10954.8 10271.2 11733.2 4779.5 3460.5 1668.25 1792.25 1229
internal_count=321338 240330 152673 81008 87657 74938 133042 38121 119451 112281 79261 33020 36817 48318 30004 39339 77482 38887 70294 64520 1375 47421 63145 46880 9890 36990 6070 2084 26555 25036 2701 19631 11631 36590 23737 8000 1835 866 13591 24097 36352 8745 23626 27607 7170 18187 10064 1331 10070 3521 5910 23671 1831 12816 16759 16839 12853 5636 4317 2095 2222 1229
cat_boundaries=0 1 2 3 4 5
cat_threshold=8 8 132 4 16
is_linear=0
shrinkage=0.04


Tree=60
num_leaves=63
num_cat=4
split_feature=1 21 52 0 42 11 6 56 38 48 47 16 21 22 19 21 11 49 21 47 53 29 50 0 15 21 25 42 42 52 21 22 22 15 42 50 29 21 21 12 23 24 20 42 15 25 47 25 45 22 22 23 24 25 47 22 50 23 20 21 24 0
split_gain=96852.5 49089.7 27783.6 22750.9 18219.8 17072.8 16853.5 13895.3 19107.2 13793.9 15890.7 13427.2 13381.8 12896.2 10775.7 10480.5 10272.4 10259.6 10120.6 9895.49 9185.8 9078.37 10080.8 8789.59 8607.18 8870.04 8495.79 8471.35 8468.79 15523.7 8458.36 8087.73 8075.51 7821.69 7636.23 10527.2 8754.99 7758.12 7632.83 7279.87 7094.44 7242.2 6883.11 9765.22 9836.02 8286.48 7784.09 7324.83 14266.7 10445.2 6736.9 6663.23 6476.27 6418.91 8916.14 6391.99 7327.56 11024.3 11283 10694.1 12615.3 13687
threshold=2.4050000905990605 68.252796173095717 0 2.8149999380111699 73.898105621337905 0.1864021569490433 87.250000000000014 1 1.0035736560821535 0.044807683676481254 71.997756958007827 1.5000000000000002 79.325862884521499 0.072171278297901167 5.0000000000000009 77.739685058593764 0.027605257928371433 2.4577640295028691 89.870384216308608 51.795051574707038 2 16.250000000000004 8.1250000000000018 3.6049998998641972 2.5000000000000004 84.929595947265639 713.87500000000011 72.626979827880874 73.542205810546889 3 65.38632965087892 0.16155823320150378 0.13412782549858096 4.7500000000000009 66.972438812255874 5065.1250000000009 22.750000000000004 69.445976257324233 65.668624877929702 2.5000000000000004 1.0836817622184756 0.20352099835872653 171.50000000000003 72.626979827880874 2.5000000000000004 635.37500000000011 72.406764984130874 64.125000000000014 19238.750000000004 0.010512687265872957 0.1330504193902016 1.1699437499046328 0.3201736062765122 30.375000000000004 71.610759735107436 0.071642290800809874 604.25000000000011 1.0362150073051455 79.000000000000014 58.996784210205085 0.33845931291580206 3.3549998998641972
decision_type=8 10 9 10 10 10 2 1 8 8 10 2 10 8 8 10 10 10 10 8 9 2 2 10 2 10 2 10 10 9 10 10 10 2 10 2 2 10 10 8 10 10 2 10 2 2 10 2 2 10 10 10 10 2 10 8 2 8 2 10 10 8
left_child=2 6 4 7 5 12 9 8 -3 39 19 18 34 51 -10 21 38 32 26 -11 -13 22 -9 24 25 -5 31 -24 -26 -30 33 42 -12 -19 35 37 -36 -1 -15 -2 -23 -42 -4 47 45 46 -45 -44 49 -49 -37 -8 -33 -40 -55 -21 57 -57 -59 -58 61 -61
right_child=1 3 11 23 -6 -7 13 15 14 10 17 20 -14 16 -16 -17 -18 30 -20 55 -22 40 27 -25 28 -27 -28 -29 29 -31 -32 52 -34 -35 36 50 -38 -39 53 -41 41 -43 43 44 -46 -47 -48 48 -50 -51 -52 -53 -54 54 -56 56 59 58 -60 60 -62 -63
leaf_value=-0.040437877561264317 0.43748902252894623 0.15214513579057673 -0.01297757784354517 0.073819421757463019 -0.13448584344675207 -0.07069253344997449 -0.063314186308751005 -0.097743588748455484 0.13829379082483911 -0.28892916154098947 -0.30462227008540599 -0.17626488589885025 0.11280106500946509 0.032420512741867601 -0.015071613366064156 0.085517339330870162 -0.0022302015827307536 -0.20667789347620547 0.20193506834165609 -0.11710068171897993 -0.035250704835303952 0.015246727164109644 0.036485673800350428 0.13108333736823977 0.056158029666100395 0.23646866083246348 -0.23521235695264026 -0.050431438449587446 -0.46689191052075979 0.010188402888552621 0.015200599709084927 -0.092426543839471048 -0.10335225425224046 0.16304431277176121 -0.044343590385365082 0.085326498266903195 0.041613997783314469 0.070846802400575254 -0.048172945760448158 0.039918458073832923 0.083674191266376388 -0.12906306706245679 0.10569595819370892 -0.11246413561332895 -0.21925125754956903 0.20349926378567454 0.022997043740661055 -0.34361436904134685 0.081531161167069377 -0.0081827950882593821 0.36841370700846959 0.15954795912871192 0.15216401054120313 0.19924533951386855 0.056936741429601236 0.066566964645283652 -0.12129756327226522 -0.18088024971916297 -0.039739672541486665 -0.017417254634449937 0.33872388941841203 0.086254466378342637
leaf_weight=3496.75 146.25 1222.5 8680.5 13352.5 3665 21346.25 3444.75 1447.75 756 222.25 657.75 839 1085.25 4508.25 22232.25 6141.25 6545.75 688.75 431 1079 5799.75 5363 7363.5 2652.5 15815 557.5 227.75 2370 109 6464 1046 1782.25 623.75 104 26424.5 569 2040.75 1402.75 349.5 147.5 7000.25 264 2816.75 1019 373 282 2023 152 4500 4191.5 175 227 190 1518.75 1316.75 1396.25 969.5 997 9794.5 7321.25 190 2821
leaf_count=6511 183 4890 10773 16906 3665 29156 4308 1501 813 280 666 1058 1182 7884 27807 6658 13247 691 431 1709 7530 7124 10875 2990 19793 580 230 2370 109 6464 1088 2779 809 104 32798 569 2853 1810 870 194 7280 264 6935 1019 373 282 2023 152 4500 5753 175 227 190 1857 1391 3746 1118 1582 24790 11489 190 3676
internal_value=-0.000374647 0.0207725 -0.0318595 0.0374877 -0.0480761 -0.0424702 -0.0129768 0.0207185 -0.00181564 -0.0322458 -0.0351231 -0.00254558 -0.0253493 0.0173667 -0.010016 0.0389339 0.0346027 -0.120169 0.0101264 -0.0244098 -0.0534394 0.0269115 0.000660997 0.0608026 0.0556597 0.0803719 0.00696012 0.0153155 0.0402995 0.00213615 -0.059505 0.00909887 -0.206977 -0.157876 -0.0297514 0.0127497 -0.0381783 -0.00855901 0.0659352 0.239505 0.0501515 0.0759083 0.01549 0.0315811 -0.0250539 -0.00314103 -0.0224208 0.0495397 0.0316326 -0.0200757 0.152733 -0.0494546 -0.0687292 0.113321 0.13325 -0.0219933 -0.0176145 -0.0391256 -0.0528111 0.00558504 0.0175127 0.0114289
internal_weight=232739 139226 93512.8 93111 60205.2 56540.2 46115.5 54160.5 24210.8 28204.8 27911 33307.5 35194 17910.8 22988.2 29949.8 14239 3120.25 26668.8 24790.8 6638.75 23808.5 11181.2 38950.5 36298 13910 26237.8 9733.5 22388 6573 1838.75 26010 1281.5 792.75 34108.8 5643.5 28465.2 4899.5 7693.25 293.75 12627.2 7264.25 24037.8 15357.2 3697 3324 3042 11660.2 8843.5 4343.5 744 3671.75 1972.25 3185 2835.5 24568.5 23489.5 12187.8 10791.5 11301.8 10332.2 10142.2
internal_count=321270 198523 122747 116424 78719 75054 82099 69582 33510 52315 51938 44028 45898 29784 28620 36072 25249 3358 35440 48580 8588 29414 14746 46842 43852 17486 35009 13245 26366 6573 1883 34779 1475 795 44716 9065 35651 8321 12002 377 14668 7544 31810 21037 3697 3324 3042 17340 10405 5905 744 4535 2969 4118 3248 48300 46591 30118 26372 16473 15355 15165
cat_boundaries=0 1 2 3 4
cat_threshold=16 8 132 8
is_linear=0
shrinkage=0.04


Tree=61
num_leaves=63
num_cat=6
split_feature=1 21 0 52 42 0 56 38 21 54 11 22 56 45 15 43 53 19 43 44 20 15 22 19 45 42 48 17 24 44 45 42 45 22 44 44 50 22 42 24 21 23 48 5 23 21 21 21 22 47 25 48 43 25 43 11 25 53 23 19 12 1
split_gain=93450.9 48985.2 20230.7 19615.5 16399.4 15917.7 14888.3 13136.9 12776 11206.5 10499.8 10453.4 9559.35 12646.7 14973 9515.71 9461.14 8888.62 8646.68 8567.44 9530.08 11716.3 8170.13 9036.08 7915.83 7809.14 11579 13279.9 9723.13 12059.5 11583.8 7750.97 11017.7 10262.6 7645.35 8671.17 8351.49 8676.24 8496.01 7639.45 9257.13 7601.17 7887.31 8163.14 8005.42 7875.26 7493.46 7442.98 9501.49 7395.02 7333.03 10778.1 7229.88 11000.7 11633.2 8818.71 7220.85 7217.5 7012.28 6918.68 6843.14 6827.56
threshold=2.2749999761581425 69.445976257324233 2.8549998998641972 0 73.954586029052749 2.7250000238418584 1 1.0035736560821535 79.325862884521499 2 0.1864021569490433 0.07381992414593698 3 32190.250000000004 3.5000000000000004 0.046389764174819 4 5.0000000000000009 0.046389764174819 2.3680891990661626 177.50000000000003 3.5000000000000004 0.039901101961731918 170.50000000000003 4502.1250000000009 73.898105621337905 0.046240745112299926 3.5000000000000004 0.028551626950502399 1.6012742519378664 855.75000000000011 73.954586029052749 3053.5000000000005 0.020587688311934475 2.1913856267929082 2.2037314176559453 260.62500000000006 0.071642290800809874 66.800498962402358 0.1182806007564068 63.620441436767585 1.1277644634246828 0.096142191439867034 34.500000000000007 1.0884419083595278 75.92813873291017 82.205451965332045 74.235458374023452 0.097551945596933379 65.355613708496108 150.62500000000003 0.13639550656080249 0.04731948301196099 92.875000000000014 0.058638731017708785 0.036599317565560348 677.12500000000011 5 1.1662948131561282 9.5000000000000018 8.5000000000000018 2.995000004768372
decision_type=8 10 10 9 10 10 1 8 10 9 10 10 1 2 2 8 9 8 10 10 2 2 10 8 2 10 10 10 8 10 2 10 2 10 10 10 2 10 10 8 10 10 10 2 10 10 10 10 10 10 2 10 10 2 10 8 2 9 10 10 8 10
left_child=3 5 6 4 8 9 7 -3 10 -2 -1 34 13 14 61 -7 -17 -9 -8 -4 -21 59 24 -24 -19 28 -27 -28 30 -30 -14 -23 -33 -34 36 -36 -5 38 -38 58 -41 42 60 -44 45 -45 52 48 -25 50 -13 -52 -20 -54 -55 -56 -51 -43 -18 -22 -37 -11
right_child=1 2 19 11 -6 15 18 17 -10 12 -12 49 25 -15 -16 16 39 22 46 20 21 31 23 47 -26 26 27 -29 29 -31 -32 32 33 -35 35 41 37 -39 -40 40 -42 57 43 44 -46 -47 -48 -49 -50 56 51 -53 53 54 55 -57 -58 -59 -60 -61 -62 -63
leaf_value=-0.031690451410497401 -0.11363368532478274 0.14252715829323276 0.096270214895733605 -0.064925283001560516 -0.14167620354289812 -0.088183845538983854 -0.041940817676391913 0.12215572984970642 0.081977597801930757 0.0042928363047972911 -0.070069751588744053 -0.06791763076194364 0.13286408775264932 0.10946168861996219 -0.082163137801326197 -0.10129486167540319 0.010799958197540292 -0.063058155576005193 0.12136548563362516 -0.018215719895651041 0.13579992372893865 0.057404327845444039 -0.023873851438236709 -0.040809263957383955 0.027975832399554749 0.23758282303440478 -0.26326129015379474 -0.01126071104989184 -0.24732215669970803 -0.036611235905059838 -0.034268902195223543 0.17217562739481435 0.075372744214661572 -0.12996261471208709 -0.14303674030780703 0.0337555287235691 0.22568577443428073 0.46297628186688278 0.047814183722162139 0.011137514612786817 0.088215839537120658 -0.26213930891384229 0.014226701667318637 -0.18544041442592782 0.34543165898264433 0.17150133118449534 0.11482911350858885 -0.44892907925114289 -0.36333362213289866 -0.013806572734600045 -0.59199696612466457 -0.11000100046288115 0.064763879027445098 -0.044263178319392388 0.10104297375997828 0.011373680831708886 -0.2443277856796745 -0.0087645781656239662 -0.29289749978040536 0.064252992354019711 -0.040090641976093945 0.17992439658882209
leaf_weight=26946.75 2022.75 987.75 8889.75 638.25 2953 1255 1844 830 1241.5 16335.5 19783.25 2479.25 1188.25 1585 3566.75 900.25 11045.75 1822.25 1675 2861.5 2566.75 2217.75 10384.25 685.5 9419.25 127 807 571 445.75 14891.25 1497.75 319 515 1581 651.25 4258.25 529 97 2262 4347.5 5845.5 302 1044 126.5 303 429.5 2411.75 116 184 10028.75 108 232.25 11006 4206.75 2449.5 6178.25 220.25 435 121 13771.75 3795.5 360
leaf_count=35178 3108 3951 11994 1071 2953 1255 1844 893 1366 30635 27038 3596 3475 1585 7019 1438 17081 1841 1675 2953 3049 2565 12968 840 11508 127 807 571 616 21099 5379 319 515 1581 655 5057 1297 97 2880 9926 6291 302 1356 146 303 497 2471 134 184 14096 108 257 16478 4443 2550 6263 221 435 121 15634 4553 426
internal_value=-3.27243e-05 0.0181167 0.0379204 -0.0354354 -0.0502113 -0.00760929 0.0229246 -0.000218761 -0.0445752 -0.02197 -0.0479409 -0.00850202 -0.0174516 0.000721803 -0.00779387 0.0188932 0.0249379 -0.00624567 0.0419141 0.0627555 0.050247 0.0595899 -0.0109697 -0.0348754 0.0132099 -0.0377906 -0.12527 -0.159014 -0.0304721 -0.0427672 0.0397093 0.00343849 -0.0461228 -0.0794829 0.0144328 -0.00155935 0.0658583 0.0947893 0.0816679 0.0303008 0.05535 0.00708102 0.0162653 0.0894591 0.180639 0.0899027 0.0474538 -0.150507 -0.109747 -0.0345995 -0.0919454 -0.265582 0.0410766 0.0354256 0.0102603 0.0368501 -0.0188079 -0.116695 0.0074566 0.0755086 -0.00104636 0.0081015
internal_weight=232700 153836 86922.8 78864.2 50924.5 66913 54200.2 24429 47971.5 43398 46730 27939.8 41375.2 21847.2 20262.2 23515 22260 23441.2 29771.2 32722.5 23832.8 20971.2 22611.2 11369.8 11241.5 19528 1505 1378 18023 15337 2686 4632.75 2415 2096 14871.2 11345 3526.25 2888 2791 21359.8 10193 10693.8 9956.75 1903 859 556 27927.2 985.5 869.5 13068.5 2819.5 340.25 25515.5 23840.5 12834.5 8627.75 10249 737 11166.8 16338.5 8053.75 16695.5
internal_count=321074 217612 106653 103462 66535 110959 68043 32319 63582 74847 62216 36927 71739 39665 38080 36112 34857 28368 35724 38610 26616 23663 27475 14126 13349 32074 1505 1378 30569 21715 8854 4980 2415 2096 18649 13304 5345 4274 4177 33419 16217 12649 11912 2302 946 643 33880 1158 1024 18278 3961 365 31409 29734 13256 8813 14317 737 17202 18683 9610 31061
cat_boundaries=0 1 2 3 4 5 6
cat_threshold=16 8 48 4 4 68
is_linear=0
shrinkage=0.04


Tree=62
num_leaves=63
num_cat=5
split_feature=9 4 17 6 49 11 49 47 4 14 12 56 53 25 25 15 22 43 25 52 19 19 14 54 36 49 43 4 53 15 14 40 17 25 29 23 43 23 24 22 44 15 25 25 20 48 40 30 42 23 42 49 25 22 43 25 14 47 39 14 32 32
split_gain=87772 36633.6 28413 17718.6 21965.3 16400.1 13862.2 19877.6 12717.4 20425.9 17037.4 12553.4 11893 14518 11768 16151.5 11415.5 11273.9 11162.4 15161 9799.73 12671.1 16611.5 11249.2 9688.79 9252.69 8958.27 8854.66 8778.53 8543.41 10310.5 9712.7 8500.74 10462.3 8471.66 8398.83 8301.15 8300.04 8134.17 8571.22 7710.96 7520.03 10729.9 8751.86 8419.88 7780.9 7498.41 7430.23 7348.22 7331.59 7254.57 9321.88 7626.22 7109.64 7090.26 7353.51 7382.96 7055.37 7028.44 7017.29 7468.59 7873.73
threshold=2.5000000000000004 2.8950001001358037 4.5000000000000009 88.250000000000014 2.7262496948242192 0.3486414253711701 2.4104970693588261 70.548999786376967 1.1950000524520876 90.005001068115249 1.0000000180025095e-35 0 1 81.125000000000014 272.62500000000006 3.5000000000000004 0.028922154568135742 0.046010792255401618 189.12500000000003 2 36.000000000000007 52.500000000000007 69.479999542236342 3 0.20089568942785266 2.5456092357635502 0.13083436340093615 3.4050000905990605 4 3.5000000000000004 98.095001220703139 0.11437272652983667 2.5000000000000004 59.375000000000007 16.750000000000004 1.1562275290489199 0.048631824553012855 1.0448461771011355 0.3201736062765122 0.193641372025013 2.3245680332183842 3.5000000000000004 541.62500000000011 320.37500000000006 218.00000000000003 0.1351100951433182 0.30712012946605688 0.19239971041679385 72.768692016601577 1.2671241760253908 66.972438812255874 2.4325153827667241 45.125000000000007 0.012908976525068285 0.12136472016572954 64.125000000000014 85.31000137329103 64.515804290771499 0.59162229299545299 94.430000305175795 1.1708933711051943 1.123257637023926
decision_type=2 2 10 2 10 10 8 10 2 10 8 1 9 2 2 2 10 8 2 9 8 10 10 9 10 10 8 2 9 2 10 10 10 2 2 10 8 10 10 10 8 2 2 2 2 8 10 10 10 10 8 10 2 10 10 2 10 10 10 10 10 10
left_child=1 3 5 4 8 11 7 28 9 10 20 17 -4 -14 -10 38 -17 -2 35 -20 -1 22 23 24 -22 53 58 -3 -5 30 31 -11 33 -6 59 -15 -7 -34 39 -16 -8 44 43 45 50 -43 -28 -36 -35 -25 52 -52 -19 -21 -23 -56 -57 -13 -12 60 61 -33
right_child=2 27 12 6 32 36 40 -9 14 29 26 57 13 18 15 16 -18 41 19 25 21 54 -24 49 -26 -27 46 -29 -30 -31 -32 34 37 48 47 -37 -38 -39 -40 -41 -42 42 -44 -45 -46 -47 -48 -49 -50 -51 51 -53 -54 -55 55 56 -58 -59 -60 -61 -62 -63
leaf_value=-0.14361667692088387 -0.14842949926334117 0.046074042416135448 -0.10057622075330183 0.050123589063976411 0.18938718702387147 -0.24202014523153353 0.10748143913679585 0.16854116655033224 -0.014286674192203934 0.10671290679231611 0.19657356052736266 -0.125241124600801 0.087930064982283743 -0.038807830867363696 -0.030366482004282283 -0.013540794023039045 -0.20983808362088691 -0.010582266044181964 0.10906323801333397 0.067526601112602808 -0.10326300322986477 -0.13088399619204594 0.14655600986608311 -0.0091377109516436825 -0.48337394624084973 -0.32007734091758727 0.16418281575397095 0.10636913723720469 -0.05683413115644325 -0.032453578537500825 0.1114896784273257 -0.11480621293111221 -0.17341241786114611 0.12845112095755609 0.031873429895772978 -0.25693684906920766 -0.083101640788927969 0.031371393199734365 0.28879927349381329 -0.27616944741350363 0.0028109917022496505 -0.026387475060350898 0.095378808404249033 -0.23420585979102096 0.091889250786144169 -0.20138422029147254 -0.30274686182615085 0.30893535299538821 0.021024684163120685 0.34445702625521657 -0.036065404029412079 0.046350877476835868 0.10464815652216825 -0.032437687463407285 -0.13717284382798031 -0.020363510670782757 0.22156184326527728 -0.048069265840929382 -0.01101024174950394 0.0062889602589522864 0.05336108820343026 -0.40387754209923343
leaf_weight=1801.5 965 30289.75 1355 12521.75 1194.75 555 1189.25 2220.75 32165.25 2117.5 280.5 2020.75 4029 3485.5 5980.25 655 1717 1963.75 2472 1646 451.25 2251 1111.25 936.75 139.5 148 974.25 4472.75 1352.75 2145.75 3570.25 577 409.75 1521 4457.25 305.5 9657.5 1369.5 121 234 20599.75 2180 597 549 1509 498 56.5 158.5 3081 102.25 11117.5 2734.25 1724.5 3679 572.5 807 267 30401.75 3422.25 1494.75 267.75 203.5
leaf_count=3246 965 39016 1769 18176 1797 555 1448 2520 49653 3748 462 3865 11496 4273 5984 655 1717 2548 2472 1646 863 3496 1661 1914 147 148 1899 5174 1688 3717 4726 1000 451 1824 5415 322 15473 1617 121 234 24766 2807 597 549 2178 1584 85 181 3081 103 15931 2906 2332 3754 1363 807 267 40607 4599 2214 384 247
internal_value=-0.000503499 0.0178748 -0.033319 0.00695538 -0.00410956 -0.0451536 0.0293315 0.0574817 -0.0112051 0.00947519 -0.0268613 -0.0366859 0.0126314 0.0224232 -0.0254562 -0.0667035 -0.155693 -0.014648 -5.68095e-05 0.0268886 -0.0609233 -0.0384449 0.0274399 -0.0538549 -0.19114 -0.0102522 0.0338708 0.0538379 0.0396832 0.0414035 0.0537436 0.0314981 0.0605356 0.0840035 0.00922546 -0.0565142 -0.0917846 -0.0159263 -0.0333447 -0.0397095 0.00853364 -0.008991 -0.0601655 -0.0889851 0.00128686 -0.0590588 0.138044 0.0415189 0.0565721 0.0259977 -0.00651697 -0.019792 0.0433209 -0.00152267 -0.0847722 -0.0216438 0.0400725 -0.0528867 0.00481064 -0.0493731 -0.128613 -0.191026
internal_weight=232854 149261 83593 114498 76614.2 66473 37884.2 16095.2 69038.2 28165.8 13173.5 56260.5 17120 15765 40872.5 8707.25 2372 23838 11736 7945 8440 6638.5 2741 1629.75 590.75 5473 4733.5 34762.5 13874.5 14992.2 12846.5 9276.25 7576 5796.75 7158.75 3791 10212.5 1779.25 6335.25 6214.25 21789 22873 3824 3227 19049 2678 1030.75 4615.75 4602 1039 17540 13851.8 3688.25 5325 3897.5 1646.5 1074 32422.5 3702.75 2543 1048.25 780.5
internal_count=321243 202466 118777 158276 109678 92897 48598 22384 100908 42544 20912 76869 25880 24111 58364 8711 2372 32397 12615 8020 13867 10621 4688 3027 1010 5548 7045 44190 19864 21632 17915 13189 8770 6702 9441 4595 16028 2068 6339 6218 26214 31432 5537 4940 25895 4391 1984 5596 4905 2017 23717 18837 4880 5400 5933 2437 1074 44472 5061 3845 1631 1247
cat_boundaries=0 1 2 3 4 5
cat_threshold=4 136 4 20 112
is_linear=0
shrinkage=0.04


Tree=63
num_leaves=63
num_cat=5
split_feature=4 4 21 17 0 4 7 21 4 42 11 25 50 21 48 52 49 11 21 54 42 49 49 49 15 25 11 22 53 5 30 45 21 56 49 44 29 50 25 38 7 25 15 0 24 21 5 25 48 24 22 22 22 53 43 29 38 21 49 31 15 43
split_gain=79123.9 47594.1 22886.1 20235 19779.3 13432.2 14404.1 13238.8 12991 12035.7 11509.8 11434.8 14514.4 12321.7 11748.1 10869.9 10641.8 10335.4 9206.32 8941.81 8837.71 10889.4 8791.46 8615.21 8395.32 8328.43 8448.84 8156.2 8867.14 7863.34 7754.55 8972.84 7247.38 7132.82 7101.12 7708.43 6874.76 8863.13 6871.13 6845.81 6810.33 7770.04 7351.56 6771.25 6675.33 7515.77 6574.89 13294.9 9898.04 9543.1 8873.02 7148.09 6612.43 6942.08 6563.02 6277.97 6276.2 6192.54 6126.28 6743.88 6109.92 6068.23
threshold=2.4550000429153447 1.0000000180025095e-35 74.626205444335952 4.5000000000000009 2.435000061988831 2.0849999189376835 12.500000000000002 88.393150329589858 2.9450000524520878 77.138763427734389 0.50084745883941661 81.125000000000014 12674.375000000002 69.930908203125014 0.083178870379924788 0 2.5456092357635502 0.71984010934829723 89.870384216308608 1 70.881454467773452 2.2723572254180913 2.2536586523056035 2.3082107305526738 5.5000000000000009 206.62500000000003 0.11512971669435502 0.11901463195681573 2 30.500000000000004 0.12719504535198214 1241.0000000000002 66.871685028076186 3 2.421028852462769 2.2333893775939946 16.750000000000004 14.875000000000002 713.87500000000011 1.0639207959175112 23.500000000000004 261.37500000000006 3.5000000000000004 3.5049999952316289 0.056422362104058273 80.020374298095717 26.500000000000004 313.62500000000006 0.064025029540061965 0.03664576634764672 0.10587605834007265 0.10209254175424577 0.051998689770698554 4 0.053020549938082702 11.750000000000002 1.0649693608283999 64.554988861083999 1.4375321269035342 67.342235565185561 2.5000000000000004 0.048950795084238059
decision_type=2 2 10 10 10 2 2 8 2 10 10 2 2 10 10 9 10 10 10 9 10 10 10 10 2 2 10 10 9 2 10 2 10 1 8 10 2 2 2 10 2 2 2 10 10 10 2 2 10 10 10 10 10 9 10 2 10 10 8 8 2 8
left_child=1 4 8 5 9 6 25 11 20 17 54 13 16 39 -15 29 27 19 22 32 23 -22 -4 -2 57 58 -27 28 -13 -7 -21 -32 -1 -24 35 -31 37 -34 -17 -5 41 -10 -43 -6 45 -35 47 49 50 -23 51 -48 55 -54 -8 -51 -38 -14 -3 -60 -58 -12
right_child=2 3 18 7 43 15 10 -9 40 -11 61 12 24 14 -16 38 -18 -19 -20 30 21 46 33 -25 -26 26 -28 -29 -30 34 31 -33 36 44 -36 -37 56 -39 -40 -41 -42 42 -44 -45 -46 -47 48 -49 -50 52 -52 -53 53 -55 -56 -57 60 -59 59 -61 -62 -63
leaf_value=-0.027111822032821458 0.011213195035841816 -0.096233978882154056 0.14335028967509414 0.075911297776561568 0.047827868720180224 -0.060092842106755473 -0.10719969310253596 0.1288499525323156 0.039752223250553241 0.1100046121077688 -0.56775164375443388 0.1127295812596666 0.21184086521168211 0.021270197965192396 0.19158342345079246 0.0013727206915040546 -0.38674276554052323 -0.23610529196283239 0.25787390524570891 -0.031562071578543731 -0.16459988996070291 -0.14794396493996873 0.031990939925217204 0.074872912538986175 -0.11148678036399993 -0.37546486367994497 -0.066040641640262396 -0.21058173456528972 -0.065070404358627668 -0.024570106271495223 -0.31594125232424269 0.055516158167028852 -0.099036745344930122 0.036790871755668496 -0.055407104595210178 0.051451179224669207 -0.086876574622080482 0.0088470529902388868 -0.28948633427246839 -0.079886734624716293 0.0643687520712838 0.01068379113691911 -0.1304464516551537 0.15987861521687871 0.1575968015075446 0.11937330912376444 -0.011705573631436364 -0.143795094963763 0.10139779555263267 -0.23771241800134832 0.087734568517655764 -0.2358333489538966 -0.031972126712819134 0.15316992281187797 -0.058115669046928935 0.12581188158458725 -0.0021550600882701988 0.022932952388510321 0.076251316771802732 -0.013413892746660229 0.065076325677135366 -0.17796915295439589
leaf_weight=9828.5 17022.25 812.5 1947 693.5 13649 16634.25 5568.75 1302 7732.25 1470 67 493.25 291 1283.25 1308.5 16239.25 166 310.25 390 959.25 726 697.25 10673.75 4249.25 727 159.25 1149 535.75 4122 6438.25 403 139.25 1554.75 5146.25 5797.5 3189.75 623 5604.5 129 1283.25 11766.75 1618.5 927.5 919.75 1486 2683 9995.25 1504 1637.5 80.5 1485.75 231 3441.75 345.75 20121.25 986.25 3164 5323 2179.25 3487 6830.25 980.75
leaf_count=17372 27727 1129 2433 2618 16898 22584 8238 3201 10847 1470 67 515 291 3636 2570 22786 166 458 390 1401 807 818 11864 7307 727 160 1152 667 4854 8767 601 158 1698 6260 8400 5226 1034 8420 129 2250 15987 1620 929 1093 1558 2893 11760 1504 2047 97 1860 261 4236 420 28084 1263 3626 5323 3935 5026 7704 1838
internal_value=0.000530711 -0.0174545 0.0307782 -0.0328183 0.0165077 -0.0410695 -0.060133 0.00622993 0.0186862 -0.0016144 -0.0740754 -0.00362317 -0.0246436 0.0500027 0.107341 -0.0274769 -0.073372 -0.00719955 0.0656787 -0.00474328 0.00573621 -0.012585 0.0622381 0.0239362 0.0162247 -0.0122523 -0.104228 -0.0631253 -0.0459227 -0.0410171 -0.0994077 -0.220683 0.00044812 0.0543235 -0.0204409 0.000620319 0.0156879 -0.0146017 -0.000954171 -0.0252028 0.0435916 0.0197969 -0.0407884 0.0549233 0.0798998 0.0651153 -0.00716039 -0.0383873 0.00934637 -0.00978747 -0.00353813 -0.0168143 0.010108 -0.0146772 -0.0687633 0.0979783 0.0361119 0.0327983 0.00634549 0.0210848 0.0437951 -0.203936
internal_weight=232710 145937 86773.5 100481 45455.5 82952.8 34524.8 17528.5 64447.5 30886.8 26737.8 16226.5 11658 4568.5 2591.75 48428 5317 29416.8 22326 29106.5 42402.5 21131 21936 21271.5 6341 7787 1308.25 5151 4615.25 32059.8 1501.5 542.25 27605 19989 15425.5 9628 17776.5 7159.25 16368.2 1976.75 22045 10278.2 2546 14568.8 9315.25 7829.25 20405 7055.5 13349.5 5551.5 11712 10226.2 4854.25 3787.5 25690 1066.75 10617.2 5614 6478.75 5666.25 9994.25 1047.75
internal_count=321160 206272 114888 144339 61933 117521 49629 26818 89490 43942 38227 23617 12543 11074 6206 67892 6202 42472 25398 42014 60107 25073 25008 35034 6341 11402 1312 6036 5369 44977 2160 759 39854 22575 22393 13993 22482 10118 22915 4868 29383 13396 2549 17991 10711 9153 24266 8338 15928 6834 13881 12021 6016 4656 36322 1360 12364 5614 10090 8961 11330 1905
cat_boundaries=0 1 2 3 4 5
cat_threshold=16 12 32 8 112
is_linear=0
shrinkage=0.04


Tree=64
num_leaves=63
num_cat=6
split_feature=9 0 17 5 19 14 11 25 15 56 0 22 24 25 24 56 43 22 17 42 53 25 15 22 22 47 14 31 0 45 42 47 50 47 32 25 47 18 8 37 43 25 56 22 52 0 2 47 14 25 25 24 22 43 24 0 12 14 25 25 52 22
split_gain=75174.3 33330.3 22663.2 20843.4 22806.1 33374.3 15046.5 13851 22753.4 15102.9 13809.1 13109.3 12434.5 14282.2 11884.2 11570.1 11539.2 10511.1 10039.5 9928.43 9811.37 12962.7 10399.1 10374.4 9625.94 9545.71 8761 11378.5 8636.34 8586.84 9987.42 11643.2 10377.6 8496.28 8985.68 11015.2 14925 9841.83 12336.5 8872.77 8336.75 17667.1 9696.92 9181.14 8935.13 7794.38 9445.09 8126.72 8191.61 7762.81 9744.89 7696.08 9398.64 7691.47 9012.23 7353.13 7267.49 7013.64 6941.72 6863.03 9689.49 6853.19
threshold=2.5000000000000004 3.1550000905990605 4.5000000000000009 29.500000000000004 10.500000000000002 92.095001220703139 0.3486414253711701 298.37500000000006 3.5000000000000004 0 0.75499999523162853 0.020587688311934475 1.0000000180025095e-35 137.62500000000003 0.33845931291580206 1 0.046010792255401618 0.12391588091850282 2.5000000000000004 73.954586029052749 2 73.125000000000014 5.5000000000000009 0.15766757726669314 0.03408933803439141 73.992649078369155 91.145000457763686 67.671077728271499 2.2749999761581425 32190.250000000004 66.972438812255874 73.873912811279311 339.62500000000006 84.641208648681655 1.0673570632934573 44.125000000000007 71.665985107421889 1.5000000000000002 39.500000000000007 72.918098449707045 0.058638731017708785 252.12500000000003 3 0.086145080626010909 4 1.0000000180025095e-35 -1.1649999618530271 72.902023315429702 61.305000305175788 313.62500000000006 477.62500000000006 0.025270937941968444 0.038171408697962768 0.055610800161957748 0.11999874189496042 3.6049998998641972 2.5000000000000004 72.479999542236342 239.87500000000003 189.12500000000003 5 0.024313225410878662
decision_type=2 10 10 2 8 10 10 2 2 1 10 10 10 2 10 1 8 10 10 10 9 2 2 10 8 10 10 10 10 2 8 10 2 10 10 2 10 8 2 10 10 2 1 10 9 8 8 10 10 2 2 10 10 10 10 10 8 10 2 2 9 10
left_child=1 3 6 4 5 10 15 9 14 12 -1 -10 -6 33 17 16 -2 -9 24 -13 -4 -22 23 25 -7 59 -19 -28 56 30 32 49 -18 34 35 39 -37 38 -36 -14 -5 44 -43 -44 -42 46 -8 48 -48 -32 -51 -24 -53 54 -21 -3 -17 -12 -25 -23 61 -61
right_child=2 55 20 40 7 18 45 8 11 -11 57 19 13 -15 -16 28 29 26 -20 53 21 22 51 58 -26 -27 27 -29 -30 -31 31 -33 -34 -35 37 36 -38 -39 -40 -41 41 42 43 -45 -46 -47 47 -49 -50 50 -52 52 -54 -55 -56 -57 -58 -59 -60 60 -62 -63
leaf_value=-0.1285695101604534 -0.1489599794628696 0.050047319456673477 -0.092755071411628795 0.012268873705108287 0.078157098733922015 0.079992664419539242 -0.014604549640323967 -0.0035250476811476078 0.079961267999485955 0.013027135021329486 -0.050016840655307412 -0.10168608473492544 -0.27090263244391383 0.010605164525048213 0.37264124976307889 0.11324508709843807 -0.069934185376577765 -0.18490668818244177 0.00029716903565210606 -0.3840458200812909 0.086144707021440323 -0.021105899800073828 0.031051872827706255 -0.37744508230832685 0.18518958370750177 -0.3591560882003802 0.15793296634858572 -0.11335318505818981 -0.018362355142602576 0.058005476759498492 -0.032721909493533784 0.065455042971163099 0.077375347576145365 0.21739555209771744 0.075142479565129983 0.056581532695930081 -0.16188013690171357 -0.078092803754681403 -0.062405825235345179 -0.053123792561866202 0.28235888431663292 0.14679495258731529 0.10756989660441393 -0.016807947420942843 0.019031973241262747 -0.07315472599855484 -0.65812869976431243 -0.69090236708122921 -0.18024764301310733 -0.18507014787958459 0.090594546206383825 -0.4175706252331895 -0.10263811404432334 0.071027162926064605 -0.16477900985484631 0.11294723283454053 -0.065875796433468289 0.045099644785942687 -0.025297941607896418 0.010722701282369211 0.011386092959624354 0.15731432199846399
leaf_weight=1467 946 21302.25 1354.25 22156 1569 3080.5 382 7422 362 30883.75 1965 1408.25 999.25 6459 119 366.75 1021.75 1070.75 1202.25 653 3559.25 3752.25 390.25 176 2545.75 104 365 757 10141 2880 12756.5 1805.5 3029.25 171 1937.5 933.75 1074 6234.75 2255.75 428.75 207 3441.5 2224 1655 15346.25 8985 60.75 61.5 734.5 1096 251 205 575 106 563 3456.75 21867 3355.75 181 743 4446.25 1630
leaf_count=2973 946 26991 1772 27658 6276 3610 472 7422 362 45676 3075 1409 1204 6459 119 549 1120 1076 1599 653 10295 5136 421 260 4624 104 365 757 13345 2880 19601 2044 4461 171 3262 1953 1074 8898 2951 437 462 3446 2224 1706 23120 14130 81 72 1267 1096 251 205 575 106 563 4194 30600 5587 181 743 4516 1630
internal_value=-0.000554569 0.0164556 -0.0309437 0.00802072 -0.00430953 0.0428059 -0.0415249 -0.0140645 -0.0513562 -0.00502906 -0.0200034 -0.145843 -0.0303036 -0.0386146 -0.0213145 -0.0333972 -0.0122139 -0.0262677 0.105229 -0.175822 0.0100948 0.0189894 -0.000592864 0.0114401 0.127642 0.0185499 -0.10317 -0.0249695 -0.0489588 -0.00653719 -0.0158552 -0.0301333 0.0402025 -0.0612651 -0.0647336 -0.120826 -0.0603204 -0.0462323 0.00115228 -0.205687 0.0297587 0.0466968 0.0979294 0.0545199 0.022573 -0.0861554 -0.180177 -0.253785 -0.218323 -0.0423784 -0.133639 -0.113866 -0.186275 -0.254516 -0.282971 0.0588379 -0.0629109 0.00996519 -0.200063 0.0223336 0.0462363 0.111467
internal_weight=232678 149178 83500.8 124418 79388.8 13616.2 66384.5 65772.5 12826 52946.5 6787.75 3092.25 22062.8 20493.8 9733.75 56160.8 23786 9614.75 6828.5 2730.25 17116.2 15762 12202.8 11032.5 5626.25 10675.5 2192.75 1122 32374.8 22840 19960 15909 4051 14034.8 13863.8 3435.75 2007.75 10428 4193.25 1428 45029.8 22873.8 7320.5 3879 15553.2 10223.8 1238.75 856.75 795.25 14103.5 1347 1170.25 780 1322 1216 24759 22233.8 5320.75 357 10571.5 6819.25 2373
internal_count=321215 202462 118753 171277 112661 21468 92915 91193 12832 78361 11635 3093 32685 26409 9739 76893 32399 9620 9833 2731 25838 24066 13771 12570 8234 12129 2198 1122 44494 31453 28573 22992 5581 19950 19779 4668 3027 15111 6213 1641 58616 30958 7376 3930 23582 16022 1892 1420 1348 20948 1347 1201 780 1322 1216 31185 31149 8662 441 12025 6889 2373
cat_boundaries=0 1 2 3 4 5 6
cat_threshold=8 4 136 4 8 4
is_linear=0
shrinkage=0.04


Tree=65
num_leaves=63
num_cat=3
split_feature=1 21 1 38 14 19 47 5 21 15 21 24 49 42 50 24 21 24 23 21 45 24 56 23 22 22 43 22 48 19 19 14 43 14 18 7 1 42 35 24 22 23 47 42 42 23 23 15 24 42 42 42 24 52 22 50 47 7 48 23 53 24
split_gain=71516.5 39266.6 21981.9 15839.3 16231.3 17617.9 15443 13551 13222.2 11974.8 11927.9 22801.4 13462.2 11911.7 11700.4 11535.3 11497.3 10323.5 19532.9 13700.8 13925.2 10156.9 10130.4 9016.53 8771.82 8547.17 8286.76 8168.55 7842.47 8060.16 12314.3 9620.91 7943.32 8679.53 8024.93 7804.39 7525.44 7447.11 7800.88 7246.1 7139.82 8157.56 7056.64 7012.26 8840.39 7935.43 9207.92 8559.95 9104.14 8516.51 7090.74 7594.1 9197.51 7196.47 6924.53 7119.36 9083.28 7508.61 7578.57 6888.4 7914.84 6761.07
threshold=2.7549999952316289 68.252796173095717 1.8849999904632571 1.0035736560821535 94.430000305175795 9.5000000000000018 72.010101318359389 21.500000000000004 79.132259368896499 3.5000000000000004 62.269115447998054 0.3201736062765122 2.5456092357635502 70.985088348388686 22152.750000000004 0.14250016957521441 75.359088897705092 0.11999874189496042 1.1789435744285586 66.347663879394545 38485.250000000007 0.36651812493801122 0 1.0836817622184756 0.044447327032685287 0.063875023275613799 0.052107032388448722 0.22780887037515643 0.29477691650390631 52.500000000000007 36.000000000000007 85.889999389648452 0.12114794924855234 79.979999542236342 1.5000000000000002 6.5000000000000009 3.0649999380111699 66.972438812255874 15.250000000000002 0.078933078795671477 0.019996583461761478 1.0484992265701296 72.025802612304702 68.280803680419936 68.110095977783217 1.0949401855468752 1.0912117362022402 3.5000000000000004 0.084386415779590621 73.360767364501967 77.138763427734389 73.360767364501967 0.079831153154373183 1 0.019503099843859676 35970.250000000007 71.537059783935561 55.500000000000007 0.063957702368497862 1.0969299674034121 2 0.3201736062765122
decision_type=10 8 8 8 8 10 8 2 10 2 10 10 10 8 2 10 10 10 10 10 2 10 1 10 10 10 10 10 10 8 10 10 10 10 8 2 10 10 2 8 8 8 8 10 10 10 10 2 10 10 10 10 10 9 10 2 10 2 10 10 9 10
left_child=1 10 37 -4 7 39 -7 28 22 -8 14 12 17 16 26 -14 23 18 27 -19 -21 -13 61 24 -9 -18 -1 43 29 30 35 -32 33 -31 -34 -5 -24 -3 -39 -6 -11 -42 -43 44 59 46 50 -47 -49 -50 51 52 -45 -54 -15 56 -56 -58 -59 -12 -61 -2
right_child=8 2 3 4 5 6 9 13 -10 40 11 21 15 54 -16 -17 25 19 -20 20 -22 -23 36 -25 -26 -27 -28 -29 -30 32 31 -33 34 -35 -36 -37 -38 38 -40 -41 41 42 -44 45 -46 47 -48 48 49 -51 -52 -53 53 -55 55 -57 57 58 -60 60 -62 -63
leaf_value=-0.42449973743885488 0.013282829162048719 0.022487427809275297 0.14758493140939125 -0.078657474819492867 0.076369395920405647 0.050397812275574216 0.011903009326654517 -0.086120382235733609 0.10152256196302652 0.033054497203731034 -0.010778903988971474 0.3678223063238748 0.014392246999380211 0.021378042621653819 0.098531157340381925 0.37599258401343166 0.088752226316347327 -0.034295035774180041 -0.62740276908113601 0.04386656218677084 -0.2502230775705469 -0.043926322506521558 0.031511117489216457 0.047528358342027205 0.020220996844467262 0.45779293529192611 -0.077138352845410901 0.15740886114509273 -0.24010372250406359 -0.13965018421234052 0.03513795933341627 0.28329687792768526 0.074267636350628954 -0.045470823724150747 -0.060854336904448324 0.0045569470975853473 0.075145653459412584 -0.052396137406124164 0.0041478351088585635 0.20026647626274691 -0.20861866661097225 -0.2814793521959621 -0.037087365786942335 -0.093049096199264117 0.10928179840446375 -0.072357147290852644 -0.2548838983870792 0.3008980507331187 0.0819448953577466 -0.089932321380101293 0.24880562031630313 -0.2041920517682545 0.15627309780872564 -0.16996866140170538 0.03914387384097897 0.067295844434607982 -0.0242325234240292 -0.094377319762520215 -0.43242144994800891 -0.031954022344573681 -0.14236416973764709 0.31308363543844914
leaf_weight=109 22901.5 3594.5 1334.5 3380.75 4386.25 12965.5 11345 2044.25 5146.25 856 6132.5 331 354 6308.75 613 233 3550.75 16935.75 92 6655 266 134 13835.75 7185.25 3152.5 101.5 12248.25 299.25 272.5 2066.75 4296.75 263.5 1457.75 6456.5 1355 3861.25 11655.5 17187.25 5050.25 912.25 785 206 2087.5 4933.25 692.5 4000.25 570.25 177 991.5 859 97 844 434.5 142 1731.75 1036 3879 3398.5 107.75 2605.75 1739.75 119
leaf_count=109 31591 5708 5338 5105 5608 16447 13292 2633 5513 856 12893 331 441 14567 613 233 4123 20643 92 7465 266 134 17084 7681 5356 142 17418 462 310 4265 6729 322 1751 9746 1739 5890 13775 21082 6191 1537 785 206 3172 10370 763 5249 727 177 1539 859 97 844 592 289 4284 1036 4419 4168 137 3544 2264 134
internal_value=6.01937e-05 -0.0120756 0.00163453 0.0108984 0.00885581 0.0308525 0.0182931 -0.00434248 0.0405676 -0.00895203 -0.0376605 -0.0287143 -0.0313615 0.0123721 -0.0718061 0.158726 0.0369085 -0.0336703 -0.0518455 -0.0149178 0.0324934 0.249471 0.0340972 0.0185046 -0.0216261 0.0992554 -0.0802712 -0.0496345 -0.0275431 -0.0250189 -0.00187944 0.0495967 -0.0491048 -0.0683361 0.00917483 -0.0342996 0.051467 -0.0309206 -0.0395551 0.09777 -0.0690644 -0.0974649 -0.059268 -0.0522058 -0.0289344 -0.0721195 -0.10102 -0.0384331 0.0285003 0.00214441 -0.0873422 -0.092552 -0.0753813 0.0755916 -0.0115281 -0.031976 -0.0432698 -0.0626012 -0.105009 -0.0380891 -0.0766054 0.01486
internal_weight=232764 179106 116617 90784.8 89450.2 33543.5 28245 55906.8 53658 15279.5 62489.5 49519.2 49054.2 32496 12970.2 587 16034.2 48467.2 24610.5 23856.8 6921 465 48511.8 12382 5196.75 3652.25 12357.2 24518.5 23410.8 23138.2 11802.2 4560.25 11336 8523.25 2812.75 7242 25491.2 25832 22237.5 5298.5 3934.5 3078.5 2293.5 24219.2 11170.5 13048.8 7021 6027.75 2027.5 1850.5 6450.75 6353.75 5509.75 576.5 16461.8 10153 9117 7385.25 3506.25 10478 4345.5 23020.5
internal_count=321136 253039 164625 131644 126306 41903 34758 84403 68097 18311 88414 70274 69809 48546 18140 674 19935 69135 40761 28374 7731 465 62584 15670 7989 4265 17527 40669 35857 35547 18046 7051 17501 14011 3490 10995 30859 32981 27273 7145 5019 4163 3378 40207 19464 20743 12919 7824 2575 2398 12192 12095 11251 881 28611 14044 13008 8724 4305 18701 5808 31725
cat_boundaries=0 1 2 3
cat_threshold=8 16 100
is_linear=0
shrinkage=0.04


Tree=66
num_leaves=63
num_cat=4
split_feature=1 21 1 52 42 23 21 53 22 6 50 11 48 24 42 48 42 50 19 25 14 11 21 42 50 23 22 24 21 22 15 24 21 14 20 47 14 23 22 23 43 25 56 43 4 21 50 16 48 23 15 54 14 47 47 7 6 15 25 23 26 20
split_gain=67318.4 38512.9 17745.9 15781.4 14165.4 12852.2 14344 12266.1 12544.9 14189.5 10203.5 10117.6 9743.08 9479.08 10645.2 9397.44 12367.8 11713.5 10180.8 11029.2 10530 9319.11 9282.92 9098.79 15746.4 10321.1 9001.64 8946.15 8945.97 8882.47 11911.7 9183.51 8653.75 8399.39 8335.04 8269.46 8113.89 8111.99 7980.54 7738.4 7670.19 7622.95 7718.6 8732.81 7531.4 7417.32 8240.52 7324.4 7274.46 7256.25 7193.4 7185.7 7104.5 6908.87 10712 6876.42 6621.37 8435.82 10456.9 10782.4 6608.93 6585.34
threshold=2.304999947547913 68.252796173095717 3.0849999189376835 0 73.954586029052749 1.0013249516487124 77.426959991455092 1 0.072171278297901167 76.500000000000014 29204.000000000004 0.71984010934829723 0.044807683676481254 0.064879272133111968 73.898105621337905 0.12432544678449632 76.324802398681655 5175.8750000000009 128.50000000000003 345.75000000000006 80.704998016357436 0.022611652500927452 78.926559448242202 66.972438812255874 3315.8750000000005 1.0288630723953249 0.072171278297901167 0.33845931291580206 64.554988861083999 0.13181531429290774 4.7500000000000009 0.18446111679077151 67.775608062744155 69.479999542236342 218.00000000000003 65.552185058593764 94.759998321533217 1.1699437499046328 0.051017852500081069 1.3434811234474184 0.12759678810834887 284.25000000000006 2 0.046389764174819 2.495000004768372 65.668624877929702 29204.000000000004 1.5000000000000002 0.024161261506378654 1.2043316364288332 5.5000000000000009 3 86.174999237060561 72.282531738281264 72.136989593505874 24.500000000000004 107.25000000000001 3.5000000000000004 306.37500000000006 1.0542859435081484 1.5000000000000002 159.00000000000003
decision_type=8 10 10 9 10 10 10 9 8 2 2 10 8 8 10 8 10 2 10 2 10 10 10 10 2 10 10 10 8 10 2 10 10 10 2 8 10 10 10 10 10 2 1 10 2 10 2 2 10 10 2 9 10 10 10 2 2 2 2 10 2 2
left_child=3 7 5 4 22 -3 13 33 37 10 12 26 -10 14 34 16 27 18 19 20 -17 45 23 24 32 -25 49 29 -20 30 31 -14 -1 -2 40 -30 -31 -9 -15 -38 41 42 -7 -44 -27 46 -11 51 -40 61 -8 -35 -29 54 -28 -47 57 -16 59 -59 -42 -5
right_child=1 2 -4 11 -6 6 50 8 9 21 -12 -13 15 38 56 17 -18 -19 28 -21 -22 -23 -24 25 -26 44 53 52 35 36 -32 -33 -34 47 -36 -37 39 -39 48 -41 60 -43 43 -45 -46 55 -48 -49 -50 -51 -52 -53 -54 -55 -56 -57 -58 58 -60 -61 -62 -63
leaf_value=-0.070740367420210865 -0.19105519985208577 0.14466935596450931 0.065585481277947139 -0.02829278554882422 -0.12407393368344791 -0.064761598614887797 0.054632192071019332 -0.074575352908908973 0.22703095577739446 0.032845325111821227 -0.27371008867066932 -0.45823503349958705 -0.0037936531374961348 0.064232394172014221 -0.045679982501463476 -0.0047530191049676542 -0.25728285582557359 0.35016340411320712 -0.13344946776699926 -0.1942892026710227 0.094089046905981855 -0.0010265963906082984 0.06178447128950678 0.017598006568048965 0.081693317696034065 -0.060592643661776809 -0.030812134599617062 -0.043085423219203951 0.13791528841393119 -0.10860448900992299 -0.40635529527260622 0.2382753396619125 0.014562775093010155 0.010995154351710843 0.060111431361075461 -0.041964135937163569 0.0093006501372308609 0.15226314187319773 0.1466591728968128 -0.18000920746216933 0.10950998511368627 0.029526466545401555 -0.2330457719423083 0.0062118652460849619 0.005774723007442562 -0.12954836832831873 -0.34917983328000352 -0.2719748408934512 0.012961342161676976 -0.29597158582935218 -0.26666939746935275 -0.30926896494455297 0.33778067190514671 0.055270257553715244 -0.27830457214743265 0.11453055235629586 0.052843309457906565 -0.16040745097603176 -0.38049979295399022 0.28142565577754786 -0.13988773122318615 0.034719441888434663
leaf_weight=4405.25 947.5 1358 19077.5 3441.75 3121 5635.75 17469.75 5296.75 256.25 5031.25 249 76.5 4119.75 6782 2384 3806 421 154 1360.75 335 3150.75 9139 1497.25 3458.5 2488.5 31656 12085.25 138 505.75 3972.25 110.25 265 3347.25 1442 3612.5 2098.75 2316.25 263 664.5 404 1371.75 4762 251 6925.25 2994 193.75 90 196.5 28327.5 115 110.25 109.5 178 1464.75 284.5 3365.75 635 665 300 100 192.25 11567.25
leaf_count=7847 1597 5432 23360 3654 3121 8395 19350 6991 272 8680 249 99 6546 7100 2384 8108 421 154 2842 335 6126 17659 1690 6901 3600 37533 17162 138 1291 5497 132 265 5022 3389 5744 7111 3322 263 717 404 2529 4762 251 10637 3450 265 90 381 33435 115 126 171 178 1926 286 4388 635 665 300 100 223 15165
internal_value=0.00072349 0.0166076 0.0308571 -0.028436 -0.0414276 0.0227311 0.0206624 -0.0121176 -0.00736535 0.000165815 -0.0200157 -0.00473438 -0.0173147 0.0116968 -0.00627342 -0.0200175 -0.0448457 0.00593059 0.00115928 0.0292097 0.0400261 0.027166 -0.036248 -0.0392864 -0.00581108 -0.0482814 -0.00350452 -0.037027 -0.0504097 -0.0429673 0.000523381 0.0109363 -0.0339143 -0.0949182 0.00440232 -0.00695249 -0.0721703 -0.0637926 0.0251762 -0.0189235 -0.00611812 -0.0136759 -0.0297362 -0.00221801 -0.0548578 0.0568411 0.0259964 -0.0431864 0.0160359 0.0178236 0.0525866 -0.013892 0.172203 -0.0268204 -0.0365491 0.101177 -0.0657192 -0.0875682 -0.181066 -0.102058 0.0787089 0.0202676
internal_weight=232542 150540 100624 82002.8 52967.8 81546.5 80188.5 49915.8 47220.2 41660.5 23840.8 29035 23591.8 62608.5 26834.5 23335.5 11924.5 11411 11257 7291.75 6956.75 17819.8 49846.8 48349.5 10241 38108.5 28958.5 11503.5 3965.25 11187.5 4495 4384.75 7752.5 2695.5 22750.5 2604.5 6692.5 5559.75 35774 2720.25 19138 17574 12812 7176.25 34650 8680.75 5121.25 1748 28992 15124 17580 1551.5 316 13834.5 12369.8 3559.5 4084 3449 1065 765 1564 15009
internal_count=320981 213410 126145 107571 69164 102785 97353 87265 81727 74473 43391 38407 43142 77877 36625 42870 16903 25967 25813 14569 14234 31082 66043 64353 16469 47884 38308 16482 11244 16166 6943 6811 12869 5538 32541 8402 9223 7254 41252 3726 26797 24045 19283 10888 40983 13423 8770 3941 34152 18934 19476 3560 316 19374 17448 4653 4084 3449 1065 765 2752 18819
cat_boundaries=0 1 2 3 4
cat_threshold=16 4 8 24
is_linear=0
shrinkage=0.04


Tree=67
num_leaves=63
num_cat=3
split_feature=4 21 4 38 21 4 21 19 22 14 0 6 47 48 43 24 21 21 25 24 17 19 42 22 24 23 6 21 25 50 42 50 22 23 49 24 20 14 28 54 42 42 22 14 7 50 56 15 20 14 21 21 17 20 22 49 19 19 21 23 50 53
split_gain=60831.7 31374 20111 18483.2 17205.4 15775.8 12819.1 12063.2 11989.4 11075 13790.5 11058 10507.9 10650.3 10066.9 8715.7 12336.4 10077 9995.17 9438.49 8437.88 7717.66 8929.21 8190.99 7607.94 18025.8 12449 13039.3 9207 10907.8 10727 8271.73 7878.94 7701.02 7523.09 7408.73 7286.62 16439.5 13336.7 11139.4 7113.67 7037.27 7027.01 6684.15 6496.06 6832.15 6448.01 13292.1 8880.84 8240.03 8835.83 7920.42 11244.3 9710.42 11575.2 7517.62 7404.71 9738.31 7072.25 16744.6 9781.28 8013.86
threshold=2.6650000810623173 68.252796173095717 1.0000000180025095e-35 1.0035736560821535 88.393150329589858 2.2350000143051152 69.220321655273452 23.000000000000004 0.07381992414593698 95.450000762939467 0.86500000953674328 87.250000000000014 55.505079269409187 0.37970551848411566 0.047615710645914085 0.3201736062765122 62.269115447998054 59.93836975097657 635.37500000000011 0.36651812493801122 2.5000000000000004 10.500000000000002 73.542205810546889 0.098862621933221831 0.11999874189496042 1.1789435744285586 158.25000000000003 66.347663879394545 29.375000000000004 208.37500000000003 66.972438812255874 26471.750000000004 0.058820031583309181 1.1712989211082461 2.5468689203262334 0.13450220227241519 141.00000000000003 86.399997711181655 5.5000000000000009 0 66.926166534423842 68.774040222167983 0.22780887037515643 79.979999542236342 27.500000000000004 283.37500000000006 1 3.5000000000000004 110.00000000000001 97.189998626708999 66.233051300048842 61.135782241821296 2.5000000000000004 184.00000000000003 0.22780887037515643 2.2385590076446538 111.00000000000001 55.000000000000007 62.764375686645515 1.2374786734580996 123.25000000000001 2
decision_type=2 10 2 8 10 2 8 10 10 10 10 2 8 10 10 10 10 8 2 10 10 8 10 10 8 10 2 10 2 2 10 2 10 10 10 10 2 10 2 9 10 10 10 10 2 2 1 2 2 10 10 8 8 2 10 10 8 10 8 10 2 9
left_child=1 12 9 -4 5 -5 7 41 35 10 36 14 44 15 -10 17 20 18 -14 -18 -17 -8 -23 -24 25 28 27 34 29 -19 -30 -29 -32 -33 46 -9 37 39 -38 -3 -7 -2 -34 -15 45 -1 56 48 -48 50 58 52 -49 54 55 -53 57 -26 59 61 -61 -50
right_child=6 2 3 4 -6 40 21 8 11 -11 -12 -13 13 43 -16 16 19 24 -20 -21 -22 22 23 -25 26 -27 -28 31 30 -31 32 33 42 -35 -36 -37 38 -39 -40 -41 -42 -43 -44 -45 -46 -47 47 51 49 -51 -52 53 -54 -55 -56 -57 -58 -59 -60 60 -62 -63
leaf_value=-0.18273417394092595 -0.0058467954432967215 0.06395538270794647 0.1225208758584061 -0.034052682778584739 0.14013144334049069 0.055928519382203189 0.090469958799447789 -0.049841327316783986 -0.22127973089490505 0.061431486882476842 0.038792748957959089 0.080056124900953138 -0.11513643093357664 0.077633722508424208 0.015017509897278892 -0.078239796350737842 0.34936201831689256 -0.017764833093267488 0.28543797912354607 -0.040036337510059625 0.11834083618289329 0.053720557450128652 0.0164019188141665 -0.16739497687733998 -0.050696568810150222 -0.62545809781274131 0.064120158219591591 0.038266133057833843 0.030899243629493745 -0.13365211443170441 -0.10400041110146456 0.09212226173535798 -0.035360139903624861 -0.29239316603829379 0.2421216560916632 0.20192279370410404 -0.17869554734115717 0.44995732860846799 -0.02318793968787981 -0.16984417310804542 -0.0025247197550616082 -0.15063648426896806 0.31081394839822929 0.43655469176348521 -0.39055675022964514 -0.028925650969029298 -0.19592138459073519 -0.14269083593772217 0.14654096487429283 0.10652572287051143 -0.19490064932141077 -0.20795978231088377 0.25448527506151025 -0.065520694800453819 0.22439176916881745 -0.55859963422038339 -0.035965456442141615 -0.19595052205368824 0.0094887387766793025 -0.11702511198272142 0.11025666241812056 -0.18698128462138627
leaf_weight=903.25 1031.25 1163.25 1674 34452.5 1172.75 3659 5798.5 4095 300 11185.25 10514.5 5719.5 3196.25 454 6436 938 323 2063.75 101 143 554 24404 9766 402 1529.5 84 2692 5783 3504 3511.25 3065 127 13331.5 236 150 194 1151.5 138.75 3758.5 439.25 36971.5 1119.5 92.5 100 134.5 946 396.5 218 120.25 992.5 411.5 971.25 235 2250.75 90 108 3681.5 1429.75 9540.5 446.5 932 1303
leaf_count=1672 1545 1845 6696 43607 1205 5330 7648 5271 300 13331 12802 7557 4937 454 9490 938 323 5336 101 143 686 33464 9766 402 1756 84 4057 6578 7155 9080 3590 127 17377 236 150 194 1348 228 4153 608 45061 1520 205 100 148 946 1010 290 190 1837 458 2004 235 4173 201 108 5003 1672 20927 559 1004 2017
internal_value=5.66911e-05 -0.0119025 0.00161695 -0.00887804 -0.0117658 -0.0141421 0.0350402 0.00784655 0.019304 0.0304639 0.01028 0.039165 -0.033319 -0.0305531 0.00442984 -0.0320537 0.051011 -0.0346538 -0.102698 0.230191 -0.00518066 0.0477669 0.0405996 0.00910308 -0.0308666 -0.0472751 -0.0183538 -0.0255306 -0.0453265 -0.0907762 -0.0326447 0.0266207 -0.0461507 -0.158076 -0.038453 -0.0383629 -0.0347906 0.0354814 -0.0597173 -0.000916559 0.00274161 -0.0812858 -0.0329282 0.143773 -0.123968 -0.104173 -0.0401797 -0.0277545 -0.00976888 -0.00437115 -0.0130172 -0.0933903 0.0635451 -0.114205 -0.20764 -0.244024 -0.0738683 -0.120963 -0.00692177 -0.0627725 0.0365708 -0.158914
internal_weight=232636 173370 106281 77929.8 76255.8 75083 59265.8 18895.2 16744.5 28351 17165.8 12455.5 67089.5 65105.8 6736 64551.8 1958 62593.8 3297.25 466 1492 40370.5 34572 10168 59296.5 25652 33644.5 30952.5 25568 5575 19993 6146 16489 363 24806.5 4289 6651.25 1741.25 4910 1602.5 40630.5 2150.75 13424 554 1983.75 1849.25 24656.5 18015.8 14142.8 13746.2 12753.8 3873 453 3420 1169.25 1079.25 6640.75 2959.25 12342.2 2801.75 1378.5 1423.25
internal_count=321238 244081 136214 101899 95203 93998 77157 25877 22812 34315 20984 17347 107867 105101 9790 104547 2090 102457 5038 466 1624 51280 43632 10168 97419 42827 54592 50535 42743 14416 28327 6941 21172 363 43594 5465 8182 2681 5501 2453 50391 3065 17582 554 2766 2618 43444 35013 28002 26992 25155 7011 525 6486 2313 2112 8431 3428 24697 3770 1563 2207
cat_boundaries=0 1 2 3
cat_threshold=12 8 132
is_linear=0
shrinkage=0.04


Tree=68
num_leaves=63
num_cat=4
split_feature=9 0 5 5 19 14 9 19 56 23 43 17 22 25 6 17 43 47 53 8 22 45 43 43 56 25 40 47 22 32 25 42 47 24 50 45 24 50 24 31 0 31 52 0 43 40 22 20 14 24 24 22 14 43 50 14 43 25 48 47 19 39
split_gain=56105.9 27235.4 20073 18669.5 17722.5 28076.6 14935.3 13526.4 12886.6 14832.8 12307.4 13179.1 14711.9 11787.6 11239.5 10712.1 9432.45 8934.53 8729.98 8668.58 8323.04 13921.7 8280.79 8107.32 16130.8 11944.7 7919.18 7736.23 7480.61 7442.21 7572.93 7523.36 7427.78 9539.91 7420.2 9906.36 10934.6 7878.61 7048.16 7017.91 6950.24 7027.93 6883.06 6546.87 6539.19 6559.67 6450.08 9384.6 6347.38 12947.2 6462.85 6154.09 6102.45 6890.22 9870.83 7355.07 7135.76 7312.11 6119.73 6079.54 6054.96 10569.3
threshold=2.5000000000000004 3.1550000905990605 34.500000000000007 30.500000000000004 10.500000000000002 84.755001068115249 15.500000000000002 59.500000000000007 0 1.0153971314430239 0.058638731017708785 4.5000000000000009 0.11901463195681573 298.37500000000006 58.500000000000007 2.5000000000000004 0.059922086074948318 55.505079269409187 1 14.500000000000002 0.039901101961731918 26414.750000000004 0.057989934459328658 0.058638731017708785 2 144.12500000000003 0.16572503000497821 71.665985107421889 0.019503099843859676 1.0621463656425478 44.125000000000007 74.088081359863295 71.665985107421889 0.077784016728401198 33663.000000000007 24603.750000000004 0.16018743067979815 15089.500000000002 0.062285188585519798 70.912010192871108 0.33500000834465032 68.345565795898452 3 3.5849999189376835 0.046010792255401618 0.093358699232339873 0.03408933803439141 177.50000000000003 93.08499908447267 0.16615853458642962 0.030932125635445121 0.089220236986875548 98.424999237060561 0.11662739142775537 671.50000000000011 85.31000137329103 0.11189270019531251 88.125000000000014 0.13246610015630725 65.431388854980483 163.50000000000003 0.70594513416290294
decision_type=2 10 2 2 8 8 2 8 1 10 8 10 10 2 2 10 8 8 9 2 10 2 10 10 1 2 10 8 10 10 2 10 10 10 2 2 10 2 10 10 8 10 9 10 8 8 10 2 10 10 10 10 10 10 2 10 10 2 10 10 10 8
left_child=1 3 6 4 5 19 7 17 9 -6 22 16 18 44 40 46 -12 -2 -13 -1 32 29 28 -5 25 39 42 60 -4 30 31 -22 -11 -34 35 36 -30 -38 -23 -25 41 -8 -15 -3 -10 -46 -7 -48 -28 50 -50 -29 53 56 55 -55 -47 58 -58 -14 61 -9
right_child=2 43 10 23 8 15 14 27 13 20 11 12 59 26 -16 -17 -18 -19 -20 -21 21 38 -24 24 -26 -27 48 51 34 -31 -32 -33 33 -35 -36 -37 37 -39 -40 -41 -42 -43 -44 -45 45 52 47 -49 49 -51 -52 -53 -54 54 -56 -57 57 -59 -60 -61 -62 -63
leaf_value=-0.14898695613514595 -0.11620557182048566 0.043662234817937511 0.017949504130626931 0.010207844818450898 0.057059669535041241 0.065592934301008848 -0.29834466492771933 0.037415925747327848 -0.12763459409836031 0.053131988310385785 0.13671556413778135 -0.10169545153659071 0.1511488068858555 0.05930578364305749 -0.079314626224841089 -0.0023485590828669599 -0.015716946791637997 -0.0042385816336592014 0.079158357410021238 -0.01458213232265507 -0.25294364132904301 -0.49983089457716895 -0.2296602813426864 0.010338647060076128 0.015520799610672285 0.13750477793830587 -0.17690639697962751 -0.084492178721748204 -0.045343682111163582 -0.03640093317721408 -0.05602991514225443 -0.023730527531067285 -0.052306427351106251 0.33337394638415774 0.022259203462465089 -0.11602033686860877 0.061823169575784487 0.47191235940242715 -0.15850304784534175 0.10649282182994656 -0.18121299318122927 -0.80835857394549637 -0.038446583645237321 0.10094470718814753 0.054297918654960545 -0.0048079976854493132 0.024183681767096062 0.18175139848180646 0.09376085867321314 0.18904391633437292 -0.15878433529162705 -0.20419610495091825 0.061597070938836519 -0.06149591291379914 0.084954530721836119 0.078023877557932567 -0.1054199454184248 -0.1634261958606123 0.11141142444142434 -0.13080898812824779 -0.020053278999673435 -0.084361355756479864
leaf_weight=954 1230.5 21062.25 3554.5 21514 2545.75 3664.25 175 1306.25 521 2318 671 445.75 140 1475 2296.25 2033 18613 15245 7124.5 3903.5 803 105 347 3328 12674.5 3961.25 1025 3049.5 5105.75 14544.25 1854 321 3228 104 1934 3555 258.75 104 1088 1911 779.25 57.75 5244.75 3763.25 5564.5 14575.75 803 2458 199 294 846 888 2832.75 1944.25 3135 875 434.25 972.75 396.5 892.75 6787 8916.75
leaf_count=2106 1493 26679 3724 26914 7348 5027 352 1733 521 2981 671 574 317 1475 4145 2810 28207 19661 12205 6104 956 105 347 4573 18931 3965 1025 4908 8771 19249 2349 321 3252 104 1934 3555 336 104 1088 2184 1539 90 5250 4568 7150 23869 1484 4183 199 294 846 888 3819 3034 4047 1673 621 1023 404 1216 10222 11703
internal_value=-0.000585312 0.0141006 -0.026847 0.0064692 -0.00486538 0.0363943 -0.0469403 -0.0397337 -0.0133431 -0.0347795 -0.00769923 0.00796783 0.0491315 0.000959607 -0.128385 0.0783778 -0.0103989 -0.0126146 0.0684545 -0.041031 -0.0443793 -0.0572233 -0.0371004 0.0276448 0.0447913 0.085102 -0.0391433 -0.0610596 -0.0324645 -0.0482073 -0.105803 -0.187649 -0.00182766 -0.0400732 -0.0488193 -0.064056 -0.0302431 0.18136 -0.189337 0.045441 -0.239344 -0.430732 -0.0169773 0.0523533 0.0126181 0.0150043 0.102071 0.142992 -0.10208 -0.0446161 -0.110597 -0.11158 0.00631215 -0.000704645 0.0361373 -0.0181662 -0.0141008 -0.089112 -0.00190213 -0.0923607 -0.0493528 -0.0687961
internal_weight=232754 149276 83477.2 124451 81062.2 13815.8 40731.2 37423 67246.5 26911 42746 27887 8603 40335.5 3308.25 8958.25 19284 16475.5 7570.25 4857.5 24365.2 18715.2 14859 43388.8 21874.8 9200.25 9083.75 20947.5 14512 17522.2 2978 1124 5650 3332 10957.5 9023.5 5468.5 362.75 1193 5239 1012 232.75 6719.75 24825.5 31251.8 30730.8 6925.25 3261 2364 1339 1045 3937.5 25166.2 22333.5 5954.25 2819.25 16379.2 1803.5 830.75 1032.75 17010 10223
internal_count=321226 202531 118695 171284 114717 21714 56734 50608 93003 37753 61961 43190 14312 55250 6126 13504 28878 21154 12779 8210 30405 24068 18771 56567 29653 10722 9089 29454 18424 22875 3626 1277 6337 3356 14700 12766 9211 440 1193 6757 1981 442 6725 31247 46161 45640 10694 5667 2364 1339 1045 5796 38490 34671 8754 4707 25917 2048 1025 1533 23658 13436
cat_boundaries=0 1 2 3 4
cat_threshold=8 136 4 4
is_linear=0
shrinkage=0.04


Tree=69
num_leaves=63
num_cat=7
split_feature=1 21 21 52 42 23 45 21 56 25 56 53 49 5 42 50 35 23 25 5 47 22 22 16 22 22 45 56 50 44 21 53 20 25 23 53 20 50 25 47 23 25 21 24 25 32 4 22 21 25 44 4 24 50 44 21 22 17 24 21 43 21
split_gain=57792.3 30281.6 14968.1 14829.9 14306.1 14124.9 14399.1 11913.2 11606.6 16672.8 10883.6 10776.1 10753.1 20466.4 10288.6 15919.1 10227.8 10209.4 9890.99 9808.87 10025.7 13451.2 14982 9454.5 9410.18 8834.97 8431.24 10816 9113.63 8829.61 8282.39 7995.45 7894.02 7380.98 7247.29 7184.49 7129.18 7124.83 8245 7072.83 9132.72 6957.02 6860.31 12341.3 7301.95 6772.36 6663.2 6638.23 6630.51 6555.2 6543.82 6539.41 6531.66 6509.15 6482.82 7003.85 6482.78 12232.4 7225.88 8034.31 8009.97 6960.58
threshold=2.3750000000000004 68.252796173095717 83.14151763916017 0 73.898105621337905 1.0013249516487124 32190.250000000004 79.325862884521499 1 84.125000000000014 2 3 2.5562542676925664 53.500000000000007 66.972438812255874 3315.8750000000005 15.750000000000002 1.0288630723953249 661.25000000000011 37.500000000000007 71.997756958007827 0.10809095576405527 0.11437272652983667 1.5000000000000002 0.058820031583309181 0.10209254175424577 32190.250000000004 4 23187.750000000004 2.4724371433258061 68.810985565185561 5 159.00000000000003 110.62500000000001 1.1482241153717043 6 171.50000000000003 1634.1250000000002 16.875000000000004 68.402332305908217 1.3589462041854861 203.62500000000003 58.996784210205085 0.33845931291580206 248.37500000000003 1.1058549284935 3.2250000238418584 0.1857978627085686 71.05499649047853 41.125000000000007 1.6468316316604616 3.1750000715255742 0.027737906202673916 724.50000000000011 2.4882971048355107 86.135070800781264 0.026197687722742561 3.5000000000000004 0.023518731817603115 75.113819122314467 0.11230136826634408 68.308303833007827
decision_type=8 10 10 9 10 10 2 10 1 2 1 9 10 2 10 2 2 10 2 2 10 10 10 2 8 10 2 1 2 10 10 9 2 2 10 9 2 2 2 10 10 2 8 10 2 10 2 10 10 2 8 2 10 2 10 10 10 10 10 10 10 10
left_child=3 11 5 4 7 -3 8 14 16 48 18 50 -4 -14 15 30 46 -16 -8 20 42 25 33 34 -21 -22 28 -28 29 32 41 -25 39 -23 36 -24 45 49 -39 40 -19 -1 44 51 -13 -5 -7 52 -10 -34 -2 -44 -40 -51 55 56 57 -38 -59 60 -60 -58
right_child=1 2 12 23 -6 6 10 -9 9 -11 -12 19 13 -15 17 -17 -18 26 -20 24 21 22 35 31 -26 -27 27 -29 -30 -31 -32 -33 37 -35 -36 -37 54 38 47 -41 -42 -43 43 -45 -46 -47 -48 -49 -50 53 -52 -53 -54 -55 -56 -57 61 58 59 -61 -62 -63
leaf_value=-0.063492269181021008 -0.3126023341925056 0.13811720050048268 0.17302378199726484 0.033076078959722678 -0.1160174220761353 -0.020300820944837598 0.13109869812976527 0.082101995357321197 0.03175933883018954 0.01054108524015831 0.033206756655174231 -0.11473452540217145 0.071028331049026394 -0.46783946553120481 0.017051955025144429 0.083678789791018893 0.032214288633837782 -0.13270270855206781 -0.1724237700740496 -0.063789659728644574 -0.11200760079581196 0.010980473928435826 -0.10549798688101816 -0.1638276072912965 0.033320521031749789 -0.32690498915565008 -0.14895555285505924 0.0091356459238296703 -0.1353386277222105 0.034761781032238197 0.029957108561278579 -0.029803616145512475 -0.062621861468611581 0.38215341500470118 -0.036280164522800869 0.044071523097779813 0.092110925200758323 0.3261591671408039 -0.20928856013497854 0.072925391622412697 0.29272783562670585 0.22166292259097098 -0.01282516676301383 0.23884116537803302 0.19697836575253319 -0.046210570766371493 0.050819196296298268 -0.12180687589698927 0.082675891961883491 -0.077187933618924828 -0.071929870272207611 0.077882736871237271 -0.042843515761695039 -0.19711778729455298 -0.016809058605951367 0.21839859572142559 -0.0073820363667150271 -0.44191889603262724 -0.066682546633340639 0.0074166575602581421 -0.40017255695453452 0.084670794702458738
leaf_weight=5433.5 193.75 1717.5 1829.5 2885.75 3513 23189.5 3900 1406 6969 25741.5 6047 1484.5 2960.25 115.25 3869 2669.25 11060.75 661.75 178 1826.75 1246 149.75 1556.75 804.75 12577 405.75 785 5760 2361 1701 2613.5 5720.5 3148.5 199 4908.25 759 1060.75 89.25 384.25 1296.5 90 138.5 22946.75 327 129 4274.25 2316.5 2116.25 9926.25 1275 2411.25 1344.25 16488.5 1687 2957 380.5 1718.25 84 303.75 896 184.75 5582
leaf_count=9851 355 6870 1954 4604 3513 28657 3900 1559 11577 26658 6047 1891 2967 116 7727 3873 13793 778 178 2138 1276 179 1688 1014 22027 411 785 5760 2361 1701 3641 7426 4719 199 5455 780 1231 117 484 1487 90 149 45236 327 129 4515 2537 2405 14775 1512 5097 2386 20663 2002 2957 466 3576 84 345 1097 235 8945
internal_value=-0.000428084 0.0152901 0.0282257 -0.0257025 -0.0378218 0.0245573 0.0223708 -0.032728 0.0166277 0.0308077 0.0672834 -0.010809 0.0962793 0.0505415 -0.0358025 -0.00111127 9.28782e-05 -0.0448293 0.11777 -0.00621093 -0.0190427 -0.0755201 -0.0198829 -0.00376509 0.0209969 -0.165133 -0.0511565 -0.00986413 -0.0597898 -0.0536167 -0.0287755 -0.0466756 -0.0591386 0.223769 0.00733308 -0.0567416 0.0178671 -0.065279 -0.0532284 0.0163605 -0.0811177 -0.0563259 -0.00974425 -0.00450354 -0.089595 -0.0142536 -0.0138378 -0.0550462 0.0616804 -0.102872 -0.0897152 -0.00779912 -0.0466589 -0.145583 0.0353339 0.0504365 0.0438908 -0.0112886 -0.086007 -0.0638011 -0.193942 0.0630073
internal_weight=232755 143508 95951 89247.2 57486.8 91046 89328.5 53973.8 79203.5 42636.8 10125 47556.5 4905 3075.5 52567.8 10854.8 36566.8 41713 4078 44951.5 30547.8 4316.25 2664.5 31760.5 14403.8 1651.75 37844 6545 31299 28938 8185.5 6525.25 27237 348.75 25235.2 2315.75 20327 25188.8 19078.2 2048.25 751.75 5572 26231.5 24618 1613.5 7160 25506 18989 16895.2 6110.5 2605 24291 16872.8 2962 13167 10210 9829.5 2529.25 1468.5 1384.5 488.5 7300.25
internal_count=321275 204148 120029 117127 75177 114992 108122 71664 97997 53010 10125 84119 5037 3083 70105 17514 44987 52591 4078 78667 54502 4533 2846 41950 24165 1687 44864 6545 38319 35958 13641 8440 34257 378 33510 2468 28055 31902 23669 2355 868 10000 49969 47949 2020 9119 31194 23552 26352 8233 5452 47622 21147 3514 18936 15979 15513 2992 1761 1677 580 12521
cat_boundaries=0 1 2 3 4 5 6 7
cat_threshold=16 8 4 4 16 132 16
is_linear=0
shrinkage=0.04


Tree=70
num_leaves=63
num_cat=3
split_feature=4 1 21 11 21 21 48 50 19 4 12 6 9 44 38 4 11 24 31 43 14 21 21 23 6 56 43 50 15 23 53 19 43 50 23 14 24 47 21 44 15 22 22 21 21 22 20 49 44 19 5 49 23 43 47 56 44 15 48 14 32 43
split_gain=51040.7 27772.5 19396.1 10902.6 10617.3 10137.9 8967.71 8520.74 8898.79 8252.15 8070.4 8607.32 10969 8257.87 8023.19 8730.93 7837.69 7778.74 7670.06 7587.53 12148.6 12014 11260.7 9628.82 7729.97 7549.85 11452 8456.11 7347.65 8166.97 14993 7715.54 7514.18 7657.87 7293.03 7669.78 7037.54 8129.61 7393.94 6974.58 11988.3 7951.75 10379.9 6725.07 6717.41 8205.21 8912.91 8908.79 6712.38 6604 6498.82 6261.42 6261.34 6072.96 6106.78 9208.88 13333.9 6407.64 6403.99 6145.13 8937.23 6047.97
threshold=2.685000061988831 1.935000002384186 69.88785552978517 0.71984010934829723 82.205451965332045 65.668624877929702 0.29477691650390631 29204.000000000004 23.000000000000004 3.5049999952316289 2.5000000000000004 87.250000000000014 16.500000000000004 2.1506873369216923 1.0035736560821535 1.0000000180025095e-35 0.0066445916891098031 0.050352701917290694 74.128509521484389 0.091416083276271834 63.454999923706062 69.779163360595717 63.870082855224616 1.2374786734580996 189.25000000000003 0 0.05499385483562947 35970.250000000007 2.5000000000000004 1.2481924295425417 1 167.50000000000003 0.11230136826634408 3378.0000000000005 1.0399132370948794 87.184997558593764 0.10525537654757501 70.59751129150392 65.38632965087892 2.54919445514679 3.5000000000000004 0.020587688311934475 0.021314746700227264 68.052261352539077 73.233318328857436 0.025052327662706379 175.00000000000003 2.4172698259353642 2.379364132881165 9.5000000000000018 32.500000000000007 2.3658081293106084 1.0478878021240237 0.09065731987357141 72.087604522705092 2 2.4724371433258061 3.5000000000000004 0.090500488877296462 97.340000152587905 1.1616041064262392 0.093824308365583434
decision_type=2 8 10 10 10 8 10 2 10 2 10 2 2 10 8 2 8 10 10 8 8 10 10 10 2 1 8 2 2 8 9 10 10 2 10 10 10 10 10 10 2 10 10 10 10 8 2 8 10 8 2 8 10 10 10 1 10 2 10 10 10 8
left_child=1 3 19 10 6 7 14 8 -2 39 -1 12 -12 -13 -4 16 -16 -6 -14 20 -3 24 28 34 53 26 27 -17 29 32 -31 61 -21 -34 -24 -36 -10 -38 -39 44 43 -42 -43 -41 45 -7 48 -48 51 -27 -28 -47 -45 54 55 -22 57 59 -56 -57 -61 -32
right_child=5 2 4 -5 17 9 -8 -9 36 -11 11 13 18 -15 15 25 -18 -19 -20 22 21 -23 23 -25 -26 49 50 -29 -30 30 31 -33 33 -35 35 -37 37 38 -40 40 41 42 -44 52 -46 46 47 -49 -50 -51 -52 -53 -54 -55 58 56 -58 -59 -60 60 -62 -63
leaf_value=0.021689556535861184 -0.124821304743329 -0.19010658041822343 0.12734447971439855 -0.29083773464449375 0.052153157842224393 -0.047291749404310184 -0.31904681656035505 -0.25135048692629058 -0.064037367213075402 0.11429244064036155 -0.049321821260462605 0.043402433943676856 -0.13569604629671389 -0.031256175900808682 0.071110302313457857 -0.047293061349810553 0.014096324176760461 0.20197918218980779 -0.51975869896189009 0.068716762336986148 -0.053452189720555932 -0.23723513448671596 0.081238438809486613 0.095388374308866736 0.069086361393481954 0.037406128113678529 0.020989599081760443 0.090400179281830778 -0.049985524659552534 -0.1672024654121595 -0.11116910003006548 -0.040809114446772564 -0.11151795156343818 -0.50156924433956163 -0.018617142033531268 0.031852665736945091 0.0071552420353544989 0.098794886398676007 0.42919229500826211 -0.13306986858756389 0.093220103605114152 -0.42035051918209049 -0.059339089508570461 0.016629854365089292 0.067019757166732946 -0.00068528650177147573 0.095515961290162002 0.032207052451840565 -0.074846390563738846 -0.023062526942859797 0.08938308523703789 0.085868793939471416 0.099537158994008057 -0.17894916192714636 -0.059011475978630941 -0.014391709646317863 0.084981064118462055 -0.075735174626750668 -0.27718844406391707 0.03322571941823451 0.3448188425027649 0.1416104558896939
leaf_weight=3678 859.5 770 931.5 266.5 4174.25 1952.5 130 233 1357.5 2222 20896 2720 1565.5 18357.5 5691.25 4475 11972.5 638 86.25 303.5 6672.25 432.25 1774.5 1957.75 1319 3340.5 5581 847 11089.5 444.25 163.75 622.5 494 94.75 15513.75 6985.25 2803.25 870 122.25 342 526 131 3095 3771 12764 5330.5 5771.75 9270.75 1396 21337.25 3694.75 1783 2375 430.75 3925.5 4506.75 2608 2287.75 226 660.75 187.75 1811
leaf_count=5058 1038 887 3726 325 4313 2143 133 233 2565 2504 26416 5831 2695 22196 6847 5657 14266 638 96 434 11491 685 5484 2026 1868 4317 6631 847 23358 1327 199 2490 1403 214 21705 8972 3362 1113 135 342 526 131 3095 3771 15503 7393 9488 13875 1432 26432 4441 2890 2375 439 4263 6531 2608 3448 226 987 214 5048
internal_value=0.00012321 -0.0105472 -0.000854668 -0.0366456 0.015013 0.0330207 0.0102746 -0.0150625 -0.0058239 0.0389408 -0.0352011 -0.0399984 -0.0571765 -0.0216181 0.0110255 0.00911804 0.0324726 0.0720942 -0.15636 -0.0161225 -0.0339908 -0.0288057 -0.00571464 0.0101005 -0.0248377 -0.00138635 0.021414 -0.0253519 -0.0333268 0.0136348 0.0448556 0.0815607 -0.0926438 -0.17579 0.00321409 -0.00294602 0.0140636 0.0420183 0.140291 0.0354845 0.00616097 -0.0507351 -0.0742527 0.0390706 0.04333 0.0314696 0.0380029 0.0565084 0.00528347 -0.0148745 0.0482466 0.0210264 0.048691 -0.0306046 -0.0275555 -0.0168859 0.00691964 -0.0197313 -0.0710183 0.00421132 0.102831 0.120554
internal_weight=232640 175664 128094 47569.8 62813 56976 58000.8 6245.5 6012.5 50730.5 47303.2 43625.2 22547.8 21077.5 57870.8 56939.2 17663.8 4812.25 1651.75 65281.2 24026.8 23256.8 41254.5 26231.2 22824.5 39275.5 14597.8 5322 15023.2 3933.75 3041.5 2597.25 892.25 588.75 24273.5 22499 5153 3795.5 992.25 48508.5 10240 3752 3226 6488 38268.5 25504.5 23552 15042.5 8509.5 24677.8 9275.75 7113.5 6146 21505.5 21074.8 16923.2 10251 7643 4151.5 5355.25 848.5 1974.75
internal_count=321086 247172 184555 62617 78248 73914 73297 8446 8213 65468 62292 57234 29207 28027 73164 69438 21113 4951 2791 106307 33647 32760 72660 38187 32075 48325 17576 6504 34473 11115 9064 7737 2051 1617 36161 30677 7175 4610 1248 62964 10240 3752 3226 6488 52724 37221 35078 23363 11715 30749 11072 10283 6146 30207 29768 25279 13788 11180 4489 7732 1201 5247
cat_boundaries=0 1 2 3
cat_threshold=4 4 8
is_linear=0
shrinkage=0.04


Tree=71
num_leaves=63
num_cat=2
split_feature=9 21 35 6 23 48 42 45 50 1 0 42 18 45 15 24 21 23 42 45 14 53 21 0 21 25 10 4 21 47 25 24 23 23 42 50 21 15 19 27 24 24 47 24 15 47 21 21 42 47 39 25 48 47 42 21 21 56 47 14 50 24
split_gain=51099.1 25779.4 16930.4 13737.5 13927.2 12828.9 10871.5 14509.7 10317 9964.72 9726.28 9936.73 10137.7 11067.9 9847.55 15099.8 12811.9 12052.3 12323.8 10329.8 10150.5 9923.5 9683.01 9595.99 11047.6 8690.51 8376.3 9565.06 8264.19 13446.3 13040.8 8210.09 10191.9 8775.86 8042.47 7938.09 7819.51 9762.71 7650.22 9479.12 7632.27 7573.16 9236.91 7513.88 7437.55 7829.13 7582.49 9255.33 11024.4 7411.78 7387.88 7350.25 7091.52 6939.42 6904.15 6867.13 6840.07 6813.74 6512.7 6303.99 10257.9 6286.61
threshold=2.5000000000000004 72.081737518310561 13.250000000000002 88.250000000000014 1.0928332209587099 0.46700048446655279 66.926166534423842 32190.250000000004 3789.6250000000005 2.7549999952316289 3.3349999189376835 66.972438812255874 1.5000000000000002 6443.6250000000009 3.5000000000000004 0.10139193385839464 64.822723388671889 1.0153971314430239 77.138763427734389 20140.750000000004 88.184997558593764 0 72.750854492187514 1.1349999904632571 81.547885894775405 40.125000000000007 25.250000000000004 1.8750000000000002 65.668624877929702 71.600532531738295 26.125000000000004 0.081249449402093901 1.0980197787284853 1.0504927635192873 53.830335617065437 25219.000000000004 59.510065078735359 3.5000000000000004 64.000000000000014 1.0000000180025095e-35 0.23804991692304614 0.09577351808547975 72.828079223632827 0.19198799878358844 2.5000000000000004 70.548999786376967 71.112480163574233 64.915882110595717 68.565837860107436 72.061790466308608 2.328985452651978 650.37500000000011 0.169536828994751 64.433006286621108 67.600887298583999 67.996994018554702 71.565551757812514 1 82.650863647460952 92.845001220703139 51.625000000000007 0.027278393507003788
decision_type=2 10 2 2 8 10 8 2 2 10 10 8 8 2 2 8 8 10 10 2 8 9 8 10 10 2 2 2 10 10 2 8 8 10 8 2 10 2 10 2 10 10 10 10 2 10 10 8 8 10 8 2 10 10 10 10 10 1 10 8 2 10
left_child=1 3 23 5 -5 10 8 22 55 25 11 12 36 53 15 17 49 -13 41 31 -18 -22 61 26 51 52 -2 34 35 30 -30 33 -33 -16 -28 -6 -1 40 39 -24 50 42 -19 -37 46 -46 47 -23 -49 54 -38 58 -3 -14 -17 -4 -48 -53 -25 60 -27 -8
right_child=2 9 6 4 28 -7 7 -9 -10 -11 -12 14 13 -15 19 16 20 18 -20 -21 21 44 38 24 -26 59 27 -29 29 -31 -32 32 -34 -35 -36 43 37 -39 -40 -41 -42 -43 -44 -45 45 -47 56 48 -50 -51 -52 57 -54 -55 -56 -57 -58 -59 -60 -61 -62 -63
leaf_value=-0.080055933638743776 -0.045940799982165055 0.07801104315269862 -0.029459092217289002 -0.0093252015960498987 0.024537780829362182 -0.33933947631038686 0.03486440950122674 0.040952334905901396 0.15757025149090612 0.057917923933281906 0.049244584317986694 0.088996446528289933 -0.10068331017355166 0.25102339266424312 -0.081526793662972413 -0.1476900584777798 -0.01107337633480503 -0.063895669148629763 0.25680335541429189 -0.1537260942173555 0.21610926208735179 0.26054745234613835 0.01536677273279927 -0.033412993768751703 0.086234869115981397 -0.1368368862328552 -0.60416194350770913 -0.05760362000591629 -0.025587238731209636 0.023428761637218562 0.13437091706449089 -0.42046189432272302 -0.060529212029263341 0.093191087858240124 -0.16579615874689965 -0.1852594643382682 0.067236588296258129 0.24420635185221273 -0.024361249140776961 0.16010544430164672 0.21053826870165446 -0.15396630226673361 0.023166171471440941 0.084199806332202823 0.031782017592052389 0.12482138338689547 0.41148350048282423 0.15147025595880839 -0.093531606022381419 -0.20722929135899049 -0.043537959395109641 0.04812798962990443 -0.13173514856557564 0.003686127976577433 -0.012279295548049289 0.064657697748354934 0.052506293024423181 -0.19536446353225356 -0.34799176307829277 0.026839177980161825 0.001244754220946363 -0.047025474355291995
leaf_weight=638.5 5004.5 5419 2477 13367 6002 187 1611.75 5980 1014 19965.75 4226 1024.75 1772 217 734 717.25 7589.75 10990.25 201 1602 536 153.25 3630.75 26422.75 1176.75 950.75 67.5 1921.5 979.25 6360 4854.5 128.25 3824.5 1224.75 2138.25 580 3602.25 457.5 6095.5 902.5 443.75 1183.75 2369 230 3993.75 2269.5 107.75 341.5 2036 433.5 1313 235 269 2395.25 3714 2480.75 379.25 831.25 103.75 20457.25 8919 21350.5
leaf_count=937 6947 7435 5489 20447 9602 187 4758 5980 1014 23106 5903 3331 3179 217 1862 754 12056 16514 201 1602 821 154 3975 38446 1305 965 78 2757 1097 6516 5189 147 6127 2232 3309 580 6432 1146 11344 2221 446 1627 2837 230 5607 2559 110 346 3110 447 2567 235 326 4616 4665 4619 383 832 118 23050 10710 25267
internal_value=-0.000223542 0.0137991 -0.0252893 0.000909418 0.0219581 -0.010297 -0.00885179 -0.0164443 0.0414465 0.0352526 -0.00927066 -0.0136574 0.0207611 -0.0261694 -0.0218478 -0.0135805 0.0076248 -0.0435281 -0.0527503 -0.063689 0.0236639 0.0505177 -0.0266644 -0.0450392 -0.0336952 0.0226848 -0.0807622 -0.12294 0.0439592 0.0636713 0.107519 -0.0392441 -0.0724163 0.0276988 -0.17975 0.00866425 0.0526358 0.0672258 0.00490053 0.0442417 0.0520299 -0.057064 -0.0484552 -0.108718 0.0406325 0.0655254 -0.0109039 -0.038741 -0.0582389 -0.0497499 0.0376383 -0.0388161 0.0680474 -0.040719 -0.0342557 0.0176404 0.133305 -0.141702 -0.0346698 0.0141727 -0.0120808 -0.0412746
internal_weight=232604 149160 83444 93178.8 32372.8 60806 45542.8 39571 5971.75 55980.8 60619 56393 10839.2 4384.25 45553.8 38040.2 22271.5 15768.8 14744 7513.5 17406.8 9817 33591 37901.2 28769.5 36015 9131.75 4127.25 19005.8 12193.8 5833.75 5911.5 3952.75 1958.75 2205.75 6812 6455 5816.5 10628.8 4533.25 5359 14543 13359.2 810 9281 6263.25 3017.75 2530.75 2377.5 4864.75 4915.25 27592.8 5688 4167.25 4431.25 4957.75 487 1066.25 26526.5 30327 9869.75 22962.2
internal_count=321069 202375 118694 136783 43661 93122 64667 53545 11122 65592 92935 87032 19540 8012 67492 55522 31012 24510 21179 11970 25146 13090 47565 54027 40936 42486 13091 6144 23214 12802 6286 10368 6274 4094 3387 10412 11528 10591 17540 6196 9445 20978 19351 810 12269 8166 4103 3610 3456 5866 8999 39631 7761 7795 5419 10108 493 1067 38564 34725 11675 30025
cat_boundaries=0 1 2
cat_threshold=40 8
is_linear=0
shrinkage=0.04


Tree=72
num_leaves=63
num_cat=3
split_feature=9 21 5 48 0 5 9 19 42 25 21 44 22 6 17 25 47 15 25 15 22 22 43 14 23 21 19 23 25 22 23 23 15 21 25 23 15 42 21 47 25 14 29 48 14 56 21 14 52 47 25 56 50 25 17 43 48 15 23 21 22 35
split_gain=44180 21003.2 17280.2 13109.6 12277.2 11853.9 11366.4 11077.9 9819.12 9757 9900.8 15022.2 14527.4 9756.99 9227.4 9176.52 10265.2 9992.53 9230.49 9087 15098.2 14069.1 10642.8 9687.52 9066.78 8790.06 8567.33 8948.75 8456.01 8401.1 8153.82 10590.8 12552.9 9179.54 8117.64 8595.82 8100.06 11342.6 8762.49 9931.13 9068.44 8080.26 8079.88 7990.41 7935.18 7578.45 7259.03 7148.28 7100.6 6870.8 8595.73 8550.53 6734.11 6621.27 7017.79 7319.61 7227.27 6586.79 7254.73 7404.65 6627.01 7932.89
threshold=2.5000000000000004 72.110469818115249 34.500000000000007 0.46700048446655279 3.2649999856948857 33.500000000000007 15.500000000000002 59.500000000000007 66.972438812255874 15.125000000000002 77.426959991455092 2.5522066354751591 0.074320640414953246 58.500000000000007 4.5000000000000009 73.125000000000014 73.992649078369155 5.5000000000000009 189.12500000000003 3.5000000000000004 0.051017852500081069 0.078136648982763304 0.05499385483562947 88.184997558593764 1.0933781862258913 69.930908203125014 10.500000000000002 1.5542461872100832 345.75000000000006 0.053186543285846717 1.0484992265701296 1.0409196019172671 3.5000000000000004 78.199050903320327 375.00000000000006 1.0536118745803835 2.5000000000000004 77.138763427734389 70.925865173339858 72.040969848632827 3.1250000000000004 95.634998321533217 16.750000000000004 0.069626547396183028 85.31000137329103 0 67.372478485107436 71.259998321533217 1 72.087604522705092 194.12500000000003 2 20.375000000000004 504.12500000000006 1.5000000000000002 0.059922086074948318 0.049042209982872016 3.5000000000000004 1.118048429489136 62.568962097167976 0.057426862418651588 6.7500000000000009
decision_type=2 10 2 10 10 2 2 8 8 2 10 10 10 2 10 2 10 2 2 2 8 8 8 8 8 8 10 10 2 8 10 10 2 10 2 10 2 10 8 10 2 8 2 10 10 1 10 8 9 10 2 1 2 2 10 10 10 2 10 8 8 2
left_child=1 3 6 4 5 8 7 42 28 -3 11 41 30 -8 -4 25 17 18 -17 21 -21 -10 46 -23 -7 -16 -25 36 44 -26 31 47 33 -33 35 -13 37 38 39 40 -28 52 -2 -27 -1 -9 -22 -12 -20 50 -31 -52 -11 54 -32 56 -56 58 60 -60 -47 -62
right_child=2 9 14 -5 -6 24 13 45 19 10 12 34 -14 -15 15 16 -18 -19 48 20 22 23 -24 26 29 43 27 -29 -30 49 53 32 -34 -35 -36 -37 -38 -39 -40 -41 -42 -43 -44 -45 -46 57 -48 -49 -50 -51 51 -53 -54 -55 55 -57 -58 -59 59 -61 61 -63
leaf_value=0.0042602101987489847 -0.032274705019278219 0.095769938068067356 -0.01864371821855285 -0.33180638553182334 0.04606992750410465 -0.0067945401428188626 -0.21709627452569144 -0.08268924587467423 -0.053050443858092593 -0.098733121296408904 -0.15264801528117339 -0.088542772497741298 -0.40100524006810107 -0.067270251025133163 -0.0058121970124001276 -0.03201227905586445 -0.37756096428632741 -0.10830989645229516 0.0093952632419369714 0.12134390691680581 -0.06283433520576015 -0.022455625030490301 -0.050161337349600085 0.12091159624924296 0.13734650250007577 0.055563513161980972 -0.48925757581474139 0.33533634318017219 -0.20282355870062863 0.0063688950419968585 0.051396965527171233 -0.17251181163058615 -0.3331753894985075 0.027111483424855237 -0.24422785536208277 0.045631201050376859 0.03201647831495695 0.26864102985493599 0.097518790873075856 -0.19701592589405301 -0.022329260256253283 0.051035835803914069 0.025848691857715437 0.21324313890496382 0.078957096866250381 -0.0020722266375072973 -0.2357678734282472 0.055738377488600686 0.092694503726300559 -0.030559751134279809 0.14196259080109369 0.042555110278882695 0.012609401313659873 -0.17989600660086524 0.072448665951702046 0.090246689029140445 0.28404139496931574 -0.091573991542973909 -0.083933433353315157 0.039878861330668453 0.0286486151190746 -0.13672444860028063
leaf_weight=7564.5 10329.25 3690 28071.75 186 9338.5 11815 999.5 8879 10021.25 921 267.25 2215 112 2286.75 1219.25 3593 110 1079.75 3565.25 682.75 654.5 13390 5985.25 1340.25 1292.5 1098.5 66.5 136 261 5353 2773.5 454.5 209.25 1911.5 350 1164 9259 184 540.25 813.25 2354.25 10769 6076 968.25 3252.75 2125.5 960.5 12297.75 3027 2413.25 2066.75 4195 14885 139 381 1906.5 812 2514.5 961.5 3904.25 607.25 1957.5
leaf_count=12105 13417 4476 39894 186 12625 18136 1970 12638 12968 945 301 2215 112 4137 3161 4805 110 1100 3638 1111 752 22051 10195 2592 1321 4046 71 136 285 8734 2874 528 231 1940 350 1164 12040 184 1138 826 3375 12965 7678 2148 7440 2520 962 14139 3027 2447 2069 4195 19145 139 381 2007 812 3893 1140 4187 1052 4044
internal_value=0.000355625 0.0133748 -0.022971 0.00188255 0.00255039 -0.00225428 -0.0416435 -0.0353648 -0.0125431 0.0329495 0.0284506 0.013767 0.0493729 -0.112946 -0.00521119 0.0205069 0.00349263 0.0072806 0.0195541 -0.0206233 -0.0585907 -0.0123673 -0.0747834 0.00215239 0.0195337 0.0793639 0.0245779 0.0148918 0.0212881 0.0398366 0.0517957 0.0361369 -0.0377368 -0.0113454 -0.0613941 -0.0423204 0.0115437 -0.0363356 -0.0513401 -0.0762549 -0.0355528 0.0243177 -0.0107466 0.129573 0.0267328 -0.0546397 -0.165854 0.0512819 0.047662 0.0308334 0.0435931 0.0754016 0.00610941 0.0912032 0.0976799 0.139033 0.216708 -0.0339957 -0.0188281 0.0153868 -0.0543164 -0.0975745
internal_weight=232758 149384 83373.8 94126 93940 84601.5 40641 37354.8 57466 55258.2 51568.2 30304 21264.2 3286.25 42732.8 14661 11375 11265 10185.2 46387.8 8283 38104.8 7600.25 28083.5 27135.5 3286 14693.5 13353.2 11078.2 15320.5 21152.2 15140.2 2575.25 2366 3729 3379 13217.2 3958.25 3774.25 3234 2420.75 26575 16405.2 2066.75 10817.2 20949.5 1615 12565 6592.25 14028 11614.8 6261.75 15806 6012 5873 3099.5 1193 12070.5 9556 4865.75 4690.25 2564.75
internal_count=321273 202668 118605 137944 137758 125133 56676 50569 88231 64724 60248 36784 23464 6107 61929 22035 12680 12570 11470 68401 13020 55381 11909 42413 36902 9355 20362 17770 19830 18766 23352 17139 2699 2468 3729 3379 17634 5594 5410 4272 3446 33055 21095 6194 19545 29474 1714 14440 6665 17445 14998 6264 20090 6213 6074 3200 1193 16836 12943 5327 7616 5096
cat_boundaries=0 1 2 3
cat_threshold=8 16 4
is_linear=0
shrinkage=0.04


Tree=73
num_leaves=63
num_cat=4
split_feature=4 0 52 20 20 47 6 19 22 14 53 53 45 22 14 12 42 45 45 11 42 42 17 42 44 5 4 5 22 6 9 6 44 17 43 2 24 22 9 42 45 16 4 6 14 29 42 24 42 32 31 24 24 52 22 14 32 22 47 28 49 47
split_gain=43417.8 23664.3 15396.3 17477.8 16719 13982.6 15997.4 13265.6 9954.74 9782.43 9988.78 9722.2 9709 9624.67 9425.35 12118.2 9863.77 10394.9 9113.1 8378.96 7976.07 7959.3 10411.4 7820.14 7798.1 7558.57 8440.28 7558.14 7380.29 7358.42 7718.63 9218.31 8433.35 7358.33 7816.34 9746.72 7366.18 7339.56 7303.26 7293.71 7170.91 7028.54 6929.59 6891.03 6880.41 6871.46 6729.79 6719.53 6520.66 6519.84 6358.86 6167.77 6078.74 6017.3 5979.09 5941.51 10033.2 5910.17 9533.3 7012.64 6666.12 5855
threshold=2.7649999856948857 1.7549999952316286 0 79.000000000000014 141.00000000000003 72.087604522705092 101.25000000000001 17.500000000000004 0.03408933803439141 83.520000457763686 1 2 32190.250000000004 0.084342483431100859 95.634998321533217 2.5000000000000004 66.926166534423842 5194.0000000000009 32601.250000000004 0.71984010934829723 73.778861999511733 72.626979827880874 5.5000000000000009 72.001800537109389 2.073480606079102 1.5000000000000002 0.65500000119209301 6.5000000000000009 0.04496899992227555 159.25000000000003 13.500000000000002 58.500000000000007 2.1506873369216923 3.5000000000000004 0.092147998511791243 -0.90500000119209278 0.1087685637176037 0.34571312367916113 9.5000000000000018 77.138763427734389 624.37500000000011 1.5000000000000002 3.5349999666213994 75.500000000000014 77.045001983642592 12.250000000000002 70.881454467773452 0.10630202665925027 72.468437194824233 1.1955074667930605 64.77478408813478 0.040292333811521537 0.077784016728401198 3 0.020898253656923774 69.174999237060561 1.1601598262786867 0.019503099843859676 71.537059783935561 4.5000000000000009 2.4302760362625127 69.25498199462892
decision_type=2 8 9 2 2 8 2 10 10 10 9 9 2 10 10 8 10 2 2 10 10 10 10 10 10 2 2 2 10 2 2 2 8 10 10 10 8 10 2 10 2 2 2 2 10 2 10 10 10 10 10 10 10 9 10 10 10 8 10 2 10 10
left_child=1 19 4 -4 11 6 14 -7 18 10 46 -3 13 47 16 -16 17 24 52 25 -17 41 39 27 40 26 -1 -12 -10 30 -27 48 -33 34 44 -36 -35 42 -21 -23 49 -11 -2 -18 -13 -14 53 57 55 51 -42 -6 -9 -5 -22 56 -32 60 -59 -60 -8 -37
right_child=37 2 3 9 5 7 12 8 28 21 23 33 45 -15 15 20 43 -19 -20 38 54 22 -24 -25 -26 29 -28 -29 -30 -31 31 32 -34 36 35 61 -38 -39 -40 -41 50 -43 -44 -45 -46 -47 -48 -49 -50 -51 -52 -53 -54 -55 -56 -57 -58 58 59 -61 -62 -63
leaf_value=-0.039582998171870776 0.031486964480604965 -0.12554687331935832 -0.11926558615366954 0.030239280827481525 0.089702819808801598 0.091895222514390015 0.0083557177608030563 -0.049628487503770823 -0.17464987356910761 0.056752628258516687 -0.12388999295280721 -0.052071033126390942 -0.040745105833265842 -0.028438837497873747 0.048527977827579089 -0.018271419875008684 -0.062657546294545285 0.10946837866350417 0.049445185990458364 -0.11459532390422428 0.020049038563327619 -0.0032182496028207511 -0.30946297366402364 -0.21361647242529519 -0.084725947526576931 -0.032413853684441406 0.19023877870292955 -0.0082508393724885897 -0.069293292669311793 0.018601472404589776 -0.04204050443116527 0.043377450658006675 -0.080846661307365689 0.111266469987405 0.19621121904050567 -0.011122518930535303 0.40511670242749331 -0.28921387940817794 -0.45883712067483345 0.10169786849595529 -0.082338786698349153 -0.055560882999160753 0.10863281045116369 -0.013144543338771797 0.12961933887459609 0.089323355104094532 -0.020647216950419 0.10974535422277797 -0.59548697852293653 0.28439191760292537 0.076055610448883759 -0.13935953648451735 0.36166215871120316 0.25729425308994558 -0.27006885890373911 -0.11090723594050859 -0.59265668638629865 0.032308284183670537 0.077273861119863035 -0.06744028968942288 0.14003802919249725 0.13790417925509682
leaf_weight=518.75 45651.25 436.5 1481.75 11107 236.25 1054.5 1265.25 6899.25 1234 17581.75 1126.75 1492.75 775 8500 5770 5455 15736.25 1264.75 2065 604.25 164 7717 163 401 1853.5 26769.75 501 4551 7707 3480.75 95.25 1043 5369.5 519.25 963.25 1236.25 184.5 110.25 116.5 1227 487.75 937.5 1940.75 6299.25 427.25 3988 5276 1356.25 58 77 2361.5 897.75 56 188 366 753.75 118.25 6947.25 633.25 3425.75 1195.75 638
leaf_count=818 59335 852 1994 17719 519 1560 1407 14652 1234 27382 2098 1756 775 12304 7891 6943 20654 1858 2065 905 164 7717 163 401 3583 37326 759 6090 7707 4473 246 2450 7312 595 1750 1534 201 150 181 1227 823 1323 2156 8208 497 3988 6827 1384 58 77 3866 1005 56 449 366 1413 128 12963 637 4295 1294 725
internal_value=-0.000151255 -0.00891832 -0.00147977 0.0160386 -0.011129 -0.0154956 -0.00713129 -0.0458663 -0.053964 0.020031 0.000543875 0.0540594 0.0161201 0.00548962 -0.0230716 0.00717285 -0.0352411 0.00547901 -0.0243069 -0.0364092 -0.0326982 0.0360063 0.00538672 -0.043264 -0.0167889 -0.0338873 0.0734713 -0.0312364 -0.0838709 -0.0367962 -0.0424341 -0.0784791 -0.060633 0.0685613 0.0507795 0.0929315 0.189245 0.0338767 -0.171364 0.0111935 0.0142487 0.0510612 0.0346375 -0.0485062 -0.0115432 0.0681497 0.0166338 0.0249464 -0.189756 -0.0672169 0.0488993 -0.0915573 -0.0462128 0.0340641 -0.180544 -0.16424 -0.349714 0.0163909 0.00385512 -0.0448343 0.0724025 0.0396953
internal_weight=232858 185156 145727 51757.8 93969 88071.2 69055.5 19015.8 17961.2 50276 22649.8 5897.75 28086.5 23323.5 40969 11755 29214 7178.5 9020.25 39428.8 5985 27626.2 9107 6078.75 5913.75 38708 1019.75 5677.75 8941 37688.2 34207.5 7437.75 6412.5 5461.25 4757.5 2837.5 703.75 47702.2 720.75 8944 4060.25 18519.2 47592 22035.5 1920 4763 16571 14823.5 1025.25 1211 2849.25 1134 6955.25 11295 530 967.25 213.5 13467.2 11006.2 4059 2461 1874.25
internal_count=321288 259647 203578 73390 130188 122278 95004 27274 25714 71396 33584 7910 39047 34284 55957 15364 40593 11731 16773 56069 7473 37812 9107 8589 9873 54983 1577 8188 8941 53406 48933 11607 9762 7058 6262 4009 796 61641 1086 8944 6290 28705 61491 28862 2253 4763 24995 21980 1845 1601 4689 1524 14708 18168 530 1787 374 20596 17895 4932 2701 2259
cat_boundaries=0 1 2 3 4
cat_threshold=16 112 4 4
is_linear=0
shrinkage=0.04


Tree=74
num_leaves=63
num_cat=4
split_feature=1 21 0 25 47 21 56 21 17 56 25 25 42 44 42 49 6 45 43 21 42 38 44 44 43 25 15 11 25 0 23 53 21 24 24 23 45 20 25 21 43 17 23 21 24 25 48 49 35 20 47 53 42 23 20 21 35 15 23 24 23 44
split_gain=40903.2 22646 14170.6 13586.5 14520.1 10644.3 10201.5 9903.68 11241.6 9345.79 13123.6 11146 9695.62 10241.5 9066.82 8370.86 7738.49 7563.39 10178.1 7854.28 8099.21 7425.73 7409.6 10891.9 9388.97 9298.75 7365.4 7262.95 7192.07 7168.75 7157.71 7147.21 6952.28 6890.49 6789.53 6721.39 9086.13 9002.9 8072.97 7730.71 6683.39 10704.8 8851.5 6904.15 6480.4 6436.64 8337.05 11188 6342.96 6293.46 6612.21 6114.12 8379.2 6287.18 6166.95 6091.54 6088.08 6040.84 6014.47 7889.48 5776.44 5773.75
threshold=2.7549999952316289 73.465930938720717 2.4550000429153447 34.125000000000007 72.087604522705092 83.14151763916017 0 81.547885894775405 1.5000000000000002 1 661.25000000000011 618.00000000000011 66.972438812255874 2.1348059177398686 64.924766540527358 2.7262496948242192 9.5000000000000018 32190.250000000004 0.046389764174819 59.510065078735359 66.972438812255874 1.1486327052116396 2.2300163507461552 2.2280639410018925 0.046010792255401618 515.37500000000011 3.5000000000000004 0.33946646749973303 235.75000000000003 3.3449999094009404 1.1222091317176821 2 70.36801910400392 0.19607750326395038 0.3201736062765122 1.0368346571922304 855.75000000000011 175.00000000000003 2.8750000000000004 67.610927581787124 0.05499385483562947 3.5000000000000004 1.1211348772048952 62.269115447998054 0.23804991692304614 235.75000000000003 0.072734810411930098 2.5468689203262334 10.750000000000002 110.00000000000001 65.746799468994155 3 57.209436416625984 1.4528056383132937 171.50000000000003 63.022916793823249 7.2500000000000009 1.5000000000000002 1.0116243958473208 0.064879272133111968 1.0189087986946108 2.3394782543182377
decision_type=10 10 8 2 10 10 1 10 10 1 2 2 8 10 10 10 2 2 8 8 8 8 8 10 8 2 2 10 2 10 10 9 10 10 10 10 2 2 2 10 10 10 10 10 10 2 10 10 2 2 8 9 10 10 2 10 2 2 8 8 10 8
left_child=1 2 9 14 5 21 29 8 60 35 11 12 13 -11 -3 17 -12 18 -4 28 44 -5 23 25 -24 27 -10 57 -20 34 -16 -7 -8 -25 -2 36 -1 51 -39 -38 41 -40 -43 -42 -21 -9 -47 -48 -19 -22 -51 52 -37 -53 -54 -55 -52 -14 -58 -60 -6 -26
right_child=6 3 15 4 7 31 32 45 26 10 16 -13 22 -15 30 -17 -18 48 19 20 49 -23 24 33 61 -27 -28 -29 -30 -31 -32 -33 -34 -35 -36 37 39 38 40 -41 43 42 -44 -45 -46 46 47 -49 -50 50 56 53 54 55 -56 -57 58 -59 59 -61 -62 -63
leaf_value=0.076983743301764204 0.0015120968487979556 -0.36065792556684839 -0.09893146572516047 0.037538270008617668 -0.15691703409855956 0.19017431965554685 0.024475669199753809 0.061121670598749185 -0.051973139388505681 -0.0036705619506124214 0.0056361729392900226 0.15041493392026897 0.24367702334464628 0.093661309735421222 0.073337250329907802 0.10377407612078095 -0.20987117562374549 -0.063326011801636772 -0.1360825399429339 0.02410310771208856 -0.13293058394282142 -0.022210999444279986 -0.11423994711798509 -0.18026365480064185 0.024615320975465399 0.37045915013417768 -0.17274985969600498 -0.13788965389910232 0.089009843243969419 0.064240118682967445 0.26716478673454747 0.0072805318302232806 0.064252809329539765 0.09222429620719956 0.31550968798544282 -0.27286609211089846 -0.11344263495812698 0.23556717510859115 -0.12559842102495528 0.0092336673091769125 -0.087292347727805086 -0.053312868908541089 0.13330197104753708 -0.004694754115327388 0.16669194639620177 0.0021971065577143754 -0.024318861898779867 -0.55894819662662654 0.058848832594318633 -0.079401444116812922 0.057560508540977065 -0.10017279980094346 -0.033386390025263828 -0.051744009263264508 0.13348107927069564 0.32147905554696243 0.10143901714446896 -0.031576089017063463 -0.051664665290892302 -0.0021544375032630241 0.018175292702563132 -0.020411769876472502
leaf_weight=1583 21474.5 71.5 1956 13988.25 317.75 1058.75 12556.25 3509.25 7126 6871.25 383.5 656 127.75 2309.5 4231.75 1157.5 871.25 798 1248.75 7288 657.25 4365.25 1364 1386 6698.75 87 910 1074 276 3578.25 327 515 15986.5 165 108.75 191.25 1347 174.5 2862 2102.5 1961 1701 532.25 9247.5 546.5 2156 158 102 4535 1986.5 2363.75 8951.25 1651.75 188 449 109 773.5 7643.75 6299.25 28181 5271.75 14236.75
leaf_count=4364 29720 73 1956 18936 329 1232 15659 3669 7660 11117 385 656 148 2419 6274 1450 872 798 1608 13363 961 4828 1364 1386 8852 87 910 1275 276 4167 327 515 18448 165 123 273 4857 203 3774 5389 2870 1944 584 12111 548 2156 158 102 4535 2582 3890 11238 2359 188 449 109 2482 8786 8928 43715 5802 24910
internal_value=-0.00022822 -0.00940947 -0.0175399 0.0154729 0.00786792 0.031895 0.0303898 -0.0166222 -0.0353948 -0.0287994 -0.016697 -0.0129396 -0.0155004 0.0208283 0.0802807 -0.00262293 -0.144093 -0.00479068 -0.00948033 -0.00595023 -0.00311459 0.023326 -0.0256751 -0.0534072 -0.0126336 -0.0363978 -0.0656905 -0.0404832 -0.0952694 0.0118199 0.0873534 0.131667 0.0467577 -0.151189 0.00312367 -0.0448629 -0.00229747 -0.0525072 -0.0335249 -0.038706 -0.036434 -0.0744105 -0.00875394 -0.0191594 0.0340905 0.0265427 -0.0236891 -0.236754 0.0405489 -0.0103559 -0.00831492 -0.0796007 -0.0207223 -0.09406 0.00236796 0.0864375 -0.00455675 -0.0269888 -0.00872495 -0.0112022 0.00816771 -0.00600306
internal_weight=232805 179101 134992 44108.2 39478 19927.2 53704.2 19550.8 13625.5 76925.5 43874.5 42619.8 41963.8 9180.75 4630.25 58067 1254.75 56909.5 51576.5 49620.5 48095.8 18353.5 32783 10483.5 22299.5 8932.5 8036 8845.5 1524.75 25161.5 4558.75 1573.75 28542.8 1551 21583.2 33051 5032.5 28018.5 16478.2 3449.5 16303.8 5095.25 2233.25 11208.5 7834.5 5925.25 2416 260 5333 40261.2 39604 11540.2 2292 9248.25 2100.75 297 37617.5 7771.5 35253.8 34480.2 5589.5 20935.5
internal_count=321314 253197 200226 52971 46297 25511 68117 20786 14701 113134 62422 61165 60509 13536 6674 87092 1257 85642 80309 78353 76469 23764 46973 11847 35126 10296 8570 10209 1884 34010 6601 1747 34107 1551 29843 50712 14610 36102 21486 10246 21283 6302 2528 14981 13911 6085 2416 260 5333 62558 61597 14616 3081 11535 2808 297 59015 8934 55125 52643 6131 33762
cat_boundaries=0 1 2 3 4
cat_threshold=8 8 16 44
is_linear=0
shrinkage=0.04


Tree=75
num_leaves=63
num_cat=4
split_feature=1 21 1 24 21 23 49 45 50 21 52 44 25 56 25 20 20 50 21 42 45 15 53 49 23 20 40 15 39 24 18 17 25 42 12 0 40 21 23 19 42 20 25 25 42 42 25 19 15 23 24 25 17 25 53 15 23 50 23 24 42 24
split_gain=39404.2 25265.2 11855.6 9821.07 11130 13673.9 11130.8 10525 9996.68 11197.2 9312.68 8807.75 15181.3 8793.61 10384.7 10166.9 16571.7 9727.97 9702.84 12459.4 13765 8424.18 12342.2 8233.01 8184.87 7919.92 9750.92 7838.56 7989.05 7748.11 9501.96 7682.71 7758.8 7649.21 7452.66 8721.48 7095.3 7006.28 6965.4 8141.3 8588.95 7021.02 6962.99 6855.1 6804.47 7311.96 6783.09 6959.5 6766.51 6763.6 7739.09 10297.1 8293.13 7977.72 7223.13 7185.45 14140.6 7595.05 11283.7 8303.17 11227.4 9046.84
threshold=2.0649999380111699 69.88785552978517 3.0949999094009404 0.086485750973224654 65.29294586181642 1.2481924295425417 2.4673503637313847 37624.250000000007 352.62500000000006 66.512878417968764 0 2.3518515825271611 487.75000000000006 1 64.125000000000014 175.00000000000003 171.50000000000003 291.37500000000006 82.205451965332045 72.626979827880874 10749.500000000002 2.5000000000000004 2 2.4097166061401372 1.5542461872100832 79.000000000000014 0.33351126313209539 4.7500000000000009 3.2718747854232793 0.082709267735481276 1.5000000000000002 1.5000000000000002 288.37500000000006 73.954586029052749 2.5000000000000004 1.0000000180025095e-35 0.14621334522962573 69.930908203125014 1.1699437499046328 36.000000000000007 72.291889190673842 171.50000000000003 2.8750000000000004 3.1250000000000004 77.138763427734389 76.95593643188478 445.75000000000006 10.500000000000002 5.5000000000000009 1.0996620059013369 0.1018965281546116 713.87500000000011 3.5000000000000004 713.87500000000011 3 4.2500000000000009 1.146490812301636 8492.3750000000018 1.1277644634246828 0.15303881466388705 72.595653533935561 0.11491150408983232
decision_type=8 10 10 8 10 10 10 2 2 10 9 10 2 1 2 2 2 2 10 10 2 2 9 8 10 2 10 2 10 10 10 10 2 10 8 10 8 10 8 10 10 2 2 2 10 10 2 10 2 10 10 2 10 2 9 2 10 2 10 10 10 10
left_child=10 3 13 11 6 8 21 -7 9 -6 33 25 29 15 37 16 -3 -17 19 20 -16 22 -5 36 38 26 -2 28 -23 44 -31 -25 -33 -1 35 -27 -21 -15 -24 41 -41 -40 -19 -44 45 -13 47 -18 -29 -10 53 54 -53 -51 -52 57 -57 -56 -59 61 -61 -60
right_child=1 2 -4 4 5 7 -8 -9 49 -11 -12 12 -14 14 18 17 46 42 -20 23 -22 27 24 31 -26 34 -28 48 -30 30 -32 32 -34 -35 -36 -37 -38 -39 39 40 -42 -43 43 -45 -46 -47 -48 -49 -50 50 51 52 -54 -55 55 56 -58 58 59 60 -62 -63
leaf_value=-0.036116833042400397 -0.3698530748096725 0.015255566451441062 0.055562282595419024 -0.065290129453852958 -0.14467178579158976 0.1404937301690298 -0.16511704543483166 -0.12481751394757519 0.14556726060044983 -0.0079192820758714408 -0.0072270953905328216 -0.059063987294748273 0.089418052359647879 -0.23989980290268048 0.0040369759836878941 0.12431184594508603 0.024886850844605127 0.16767667449306597 0.083010337473386792 0.13166731029969259 0.079765796685677876 -0.036217666877921814 -0.069834253783512254 0.014463455300632007 0.35338371002184205 -0.05541626432474165 -0.050219150117717319 0.20344320062547488 0.16026150019710636 -0.37179566555971588 -0.073438382694836477 -0.13684937764181931 -0.036384790063727482 -0.11446660551895516 -0.01787465770836031 0.083927288372277462 -0.053990397148888487 0.06492451038960198 -0.042251894583816556 0.02341610063970305 0.40031931893348693 0.21466685216792258 -0.23123859807677291 0.0093858005360003011 0.17304608563136081 -0.27562059099154712 0.21801637754471678 -0.11510709948488072 -0.014090409086079697 -0.047291533098427596 0.17330926904746088 0.10859917401876606 -0.28714441852096562 0.21586768052157684 0.048802545684206507 -0.013520238315834493 0.22745627445844654 0.17267103210749174 -0.12906139141112252 -0.036408294718027111 -0.30841519904832049 0.022490476793288527
leaf_weight=35797.75 198.5 5586.75 15410.75 1742 1148.25 2123 784 268 715 5733.75 20901.5 8751.25 1056 120 11166 1261.5 665 440 3198.25 889 5852 16966.5 673.75 2700 144 966.25 644.5 427.25 335.75 291.5 411.75 1774 4009 2110 10152 2789.25 521 11468 211.5 2985 98 856 189 23077.25 194 255 112 3871 489.25 3369.75 588.5 120 279 193 7809.5 741 819 492 754 748 358 3786
leaf_count=47380 518 7410 18311 3794 1656 2123 784 268 1006 6771 27653 13426 1056 168 12771 3003 665 440 3253 889 5852 30978 1438 2700 144 1708 679 803 359 356 561 1774 4009 2110 21030 7221 521 18326 501 7620 98 2311 189 28319 194 255 112 3871 1006 4149 599 120 279 193 9665 741 819 492 754 748 358 3786
internal_value=-0.000363614 0.00921408 0.0235421 -0.00702078 0.00240984 0.0189418 -0.0169075 0.110673 0.0110031 -0.0307728 -0.0286648 -0.0274724 -0.0546303 0.0171238 0.0295518 0.00240193 -0.0311694 0.0161652 0.0171654 0.00933411 0.0300847 -0.0122332 0.0260753 -0.0263593 0.0581398 -0.00728909 -0.12619 -0.0263445 -0.0323864 -0.0700058 -0.197824 -0.0412379 -0.0672415 -0.0404839 -6.42747e-05 0.0480631 0.0630812 0.0617263 0.049303 0.0686688 0.0356512 0.163773 0.0103999 0.00741107 -0.0601939 -0.0652562 -0.0869549 -0.0945796 0.0875319 0.0248454 0.0205275 0.0320748 -0.168156 -0.0329204 0.0370591 0.031734 0.113117 0.0226388 -0.0106535 -0.0266856 -0.124859 -0.00272314
internal_weight=232588 173779 92310.5 81468.8 55758.8 30045.8 25713 2391 27654.8 6882 58809.2 25710 10959.5 76899.8 41697.2 35202.5 10234.8 24967.8 30109.2 26911 17018 24929 6710.25 9893 4968.25 14750.5 843 18218.8 17302.2 9903.5 703.25 8483 5783 37907.8 13907.5 3755.5 1410 11588 4824.25 4150.5 3083 1067.5 23706.2 23266.2 9200.25 9006.25 4648 4536 916.5 20772.8 20057.8 16495 399 3562.75 16096 15507.5 1560 13947.5 6138 5646 1106 4540
internal_count=321093 243950 112583 131367 84363 34527 49836 2391 32136 8427 77143 47004 15848 94272 50263 44009 12058 31951 31769 28516 18623 49052 15906 9893 12112 31156 1197 33146 31337 14792 917 8483 5783 49490 29959 8929 1410 18494 11968 10530 7718 2812 28948 28508 13875 13681 4648 4536 1809 23709 22703 18361 399 4342 17962 17363 1560 15803 6138 5646 1106 4540
cat_boundaries=0 1 2 3 4
cat_threshold=16 8 36 36
is_linear=0
shrinkage=0.04


Tree=76
num_leaves=63
num_cat=6
split_feature=1 21 56 25 24 0 11 48 21 56 0 5 43 14 5 44 21 44 24 43 19 17 24 25 25 19 9 49 21 56 25 43 24 22 22 48 25 48 25 44 56 19 49 24 21 49 25 39 21 49 49 53 44 56 21 24 25 21 48 49 21 50
split_gain=36143.6 19033.5 14359.6 12453.2 12004.5 11465.8 9206.73 9014.66 8826.13 8268.86 7819.05 7914 7489.69 10906.3 10235.4 7327.88 8644.42 6902.95 7574.89 8085.04 6800.24 6560.5 9097.99 9374.1 14795.7 8918.04 13191.8 8829.61 8678.37 7999.83 7406.05 6717.81 6536.08 6439.78 6343.17 6856.33 6320.79 10336.4 7861.36 7613.32 6195.78 9418.04 6061.84 6029.65 8905.48 7596.86 6026.13 5923.31 5809.31 5791.55 5788.78 7875.77 5729.62 5682.87 5426.9 7350.03 6553.96 7561.74 6253.59 12381.1 8631.17 8175.95
threshold=2.5849999189376835 66.469604492187514 0 31.125000000000004 1.0000000180025095e-35 2.185000061988831 0.50084745883941661 0.045447222888469703 70.499790191650405 1 3.3249999284744267 28.500000000000004 0.046389764174819 95.450000762939467 22.500000000000004 2.3776366710662846 75.359088897705092 2.5845172405242924 0.0313829854130745 0.39670972526073461 10.500000000000002 3.5000000000000004 0.077005371451377883 677.12500000000011 391.50000000000006 52.500000000000007 14.500000000000002 2.4334579706192021 73.465930938720717 2 97.625000000000014 0.1153497062623501 0.18446111679077151 0.029824725352227691 0.019503099843859676 0.12391464039683343 487.75000000000006 0.10547714680433275 650.37500000000011 2.1570417881011967 3 190.50000000000003 2.443925261497498 0.046761652454733856 79.617172241210952 2.4104970693588261 6.8750000000000009 3.6348249912261967 71.112480163574233 2.4468369483947758 2.4113857746124272 4 2.4882971048355107 5 59.93836975097657 0.28126463294029241 243.87500000000003 59.510065078735359 0.12209749221801759 2.1448600292205815 64.554988861083999 2186.2500000000005
decision_type=10 8 1 2 8 8 10 10 10 1 10 2 8 8 2 10 10 10 10 10 8 10 10 2 2 8 2 8 10 1 2 10 10 8 10 10 2 10 2 10 1 10 8 10 10 10 2 10 10 8 10 9 10 1 10 10 2 10 10 10 10 2
left_child=1 3 10 46 -3 6 21 -5 36 17 11 20 40 14 -14 16 33 18 -9 -20 -2 25 29 24 28 26 -6 30 50 34 31 -27 -32 -16 35 -23 39 38 53 -4 41 48 -29 44 45 -10 -1 54 -7 -44 51 -24 -47 -38 56 58 -11 -58 -56 60 61 -60
right_child=2 4 8 7 5 12 -8 9 43 47 -12 -13 13 -15 15 -17 -18 -19 19 -21 -22 22 23 -25 -26 27 -28 42 -30 -31 32 -33 -34 -35 -36 -37 37 -39 -40 -41 -42 -43 49 -45 -46 52 -48 -49 -50 -51 -52 -53 -54 -55 55 -57 57 -59 59 -61 -62 -63
leaf_value=0.057984244625813988 0.038011001114273239 0.083672369861107335 0.073605767311871684 0.25564086732401525 0.013455480421153337 0.15861186667923102 -0.13132750896216006 0.056210298152230748 0.082650765518407207 -0.10796505079268823 0.056805234732545479 0.012006047260480277 -0.022040323213007081 0.03123782668646434 -0.11085533765680017 -0.014638169579746936 0.098412972802419368 -0.21578875012489637 -0.054423000111130264 -0.33166162022617129 -0.045260180984016796 0.037458433010325733 -0.15687217509744081 -0.18563216672922722 0.19143977390059444 -0.098275931726302931 -0.1768786346214796 -0.24291323913428986 0.18480576408161559 0.0080321347518378921 -0.0062444693611340843 -0.010744457342633931 0.17182773304953639 0.024705522104809998 -0.098037609760938338 -0.28719793741744859 0.13810934806857797 0.46435503131735562 -0.026357914003520309 -0.0051279378163069291 -0.089719268134751007 -0.11906093352363115 0.05625948271205948 0.07783820045852434 0.093756003969738502 0.027001777646837182 -0.11161291459635235 0.17695121953117915 0.0041447652528621721 -0.088182838304133107 -0.082893626655081043 0.062998079516226366 -0.054907876614767342 -0.015837448185457598 -0.03200794524521678 0.081487613950638776 0.096336905746521054 -0.15918772059313641 0.020752346035801533 0.13329951384211788 0.060769290688675585 -0.11607485802869544
leaf_weight=363.25 1900 2469.25 2332 177 8885.5 512 1186.25 998.75 1784.25 1987 3892.75 19209 23010.25 21723.75 586.5 8297.25 2604.75 410 11098.5 169 8970 1194 289.5 261 1057 3166.75 621.5 369 454.5 6757.25 5710.75 2518.75 348 11872 2714.75 112 1619 100 1200 12428.75 2362 804 484 10661.5 2918.5 2842 4166.75 254.5 1610 5222.75 973.5 1940.5 2628 502 11873.5 1344 637 259 1275.75 1195.25 1661 1541.25
leaf_count=1099 2821 9877 3340 177 11584 512 1865 1967 2754 2830 4558 26382 34867 27432 696 11283 3027 410 14340 169 12549 1278 306 261 1057 5701 896 369 468 10781 5902 3598 348 20032 4010 112 1619 100 1200 16151 2362 804 484 11653 3190 4108 9752 274 1610 7409 1137 2170 2628 502 14329 1344 637 259 1521 1508 2120 2478
internal_value=-0.000823757 -0.011491 0.0224913 -0.0356111 -0.00357655 -0.0054092 -0.0214864 -0.0275044 0.0390462 -0.0289633 0.00347683 -0.00342785 0.0042894 0.00785102 -0.00310592 0.0155445 0.0321703 -0.0546998 -0.0492804 -0.0586401 -0.0306999 -0.0184557 0.00210209 0.0468287 0.0597716 -0.0303068 0.000977364 -0.0469957 0.0216393 -0.0185515 -0.0267351 -0.0595172 0.00403558 0.0183064 -0.0632115 0.00921385 0.0186771 0.0676504 0.0554303 0.00731867 -0.0415583 -0.00264319 -0.0861358 0.0568182 0.0347765 0.0110278 -0.097992 -0.0141492 0.0415329 -0.0759156 -0.00160847 0.0339152 -0.012355 0.101689 -0.0163993 -0.0085942 -0.0674978 0.0222754 -0.015503 0.0190377 -0.0115047 -0.0541356
internal_weight=232518 159530 72987.8 39411.5 120119 117650 44267.2 34881.5 39016 34704.5 33971.8 30079 73382.5 68094.5 46370.8 23360.5 15063.2 12676.2 12266.2 11267.5 10870 43081 15754 4976 4715 27327 9507 17820 3658 10778 11744.2 5685.5 6058.75 12458.5 4020.75 1306 18181.8 3421 3321 14760.8 5288 2926 6075.75 20834.2 10172.8 7254.25 4530 22028.2 2122 5706.75 3203.5 2230 5470 2121 21773.8 18890.8 2883 896 17546.8 5673.25 4478 2817
internal_count=321007 227452 93555 55214 172238 162361 59736 44363 47245 44186 46310 41752 102625 97337 69905 35038 23755 16886 16476 14509 15370 57871 21580 5399 5138 36291 12480 23811 4081 16181 15549 9299 6250 20728 5400 1390 22912 3421 3321 19491 5288 2926 8262 24333 12680 9490 10851 27300 2122 7893 3613 2476 6736 2121 27026 23300 3726 896 21956 7627 6119 3999
cat_boundaries=0 1 2 3 4 5 6
cat_threshold=8 8 8 8 128 4
is_linear=0
shrinkage=0.04


Tree=77
num_leaves=63
num_cat=6
split_feature=1 21 21 14 53 43 1 25 43 52 56 25 38 1 19 50 2 25 45 56 43 20 20 25 25 48 19 47 25 52 47 52 43 42 50 19 48 47 45 45 25 21 20 42 50 20 6 25 21 25 35 21 50 25 17 43 21 21 43 19 48 47
split_gain=33062.6 21595.2 11816.2 10691.9 11654.9 11191.6 9498.85 9348.34 8733.71 8718.96 8628.36 10043.4 9679.41 8110.41 8056.73 9283.3 9662.6 7991.3 8817.91 9364.29 8847.49 7774.07 13631.6 10476.7 9292.22 7446.7 8301 7471.07 7362.3 8612.94 7293.13 8077.62 11011.8 7000.7 10223.2 6895.92 6499.29 8329.89 7050.11 10825.9 9911.86 9594.02 7857.55 6744.79 10349.8 6490.6 8441.44 6397.52 6360.21 6339.62 8532.92 7322.29 10395.4 6279.99 6209 6146.96 6960.12 6109.11 7353.15 6925.33 6989.14 6004.75
threshold=2.0649999380111699 69.445976257324233 88.393150329589858 68.604999542236342 0 0.046010792255401618 3.2549999952316289 364.12500000000006 0.092496998608112349 1 2 63.125000000000007 1.0035736560821535 3.0649999380111699 9.5000000000000018 4719.8750000000009 0.17500000447034839 661.25000000000011 32190.250000000004 3 0.048950795084238059 171.50000000000003 175.00000000000003 375.00000000000006 635.37500000000011 0.025327008217573169 49.500000000000007 78.917053222656264 2.8750000000000004 4 51.795051574707038 5 0.39186818897724157 66.926166534423842 3378.0000000000005 190.50000000000003 0.048685854300856597 71.665985107421889 32190.250000000004 34408.750000000007 713.87500000000011 59.93836975097657 177.50000000000003 66.926166534423842 5065.1250000000009 159.00000000000003 111.25000000000001 547.62500000000011 64.554988861083999 309.75000000000006 7.7500000000000009 73.944297790527358 23187.750000000004 122.12500000000001 4.5000000000000009 0.11279501765966417 79.132259368896499 82.205451965332045 0.095477432012557997 5.0000000000000009 0.0149824395775795 55.505079269409187
decision_type=8 10 10 8 9 8 10 2 8 9 1 2 8 10 8 2 8 2 2 1 10 2 2 2 2 10 8 10 2 9 8 9 10 10 2 10 8 10 2 2 2 8 2 8 2 2 2 2 10 2 2 10 2 2 10 10 10 10 10 10 10 10
left_child=9 3 6 4 -2 7 10 -5 48 33 12 25 -3 30 -14 21 -17 18 20 -20 35 55 23 -23 28 -12 -27 -28 29 -24 -7 -32 36 34 -1 49 54 38 41 -40 47 42 -38 44 -43 -35 -47 -41 -6 50 -13 -52 -53 -44 -33 56 -16 59 -59 60 -22 -11
right_child=1 2 -4 5 8 13 -8 -9 -10 61 11 17 14 -15 15 16 -18 -19 19 -21 57 22 24 -25 -26 26 27 -29 -30 -31 31 32 -34 45 -36 -37 37 -39 39 40 -42 43 53 -45 -46 46 -48 -49 -50 -51 51 52 -54 -55 -56 -57 -58 58 -60 -61 -62 -63
leaf_value=-0.026104683170834621 -0.14657833813412594 0.1125369551693086 0.13297398879521236 -0.18560963163951111 -0.27788843458114376 -0.31431159045392726 0.058377089850762676 -0.0080148844097016596 0.0050271498215530433 -0.11804224261309459 0.15533292280425101 0.088347864442803792 0.042091588082928642 0.036702815529701692 -0.024983289242292706 -0.0079977920658794287 0.062263192148463223 -0.08230115469663464 0.09825906847122097 -0.032982116145450553 -0.44488911890691707 -0.11641725442073915 0.050011024370021424 0.10522267365237734 -0.39642722894177573 -0.0037438953809827108 0.07533337749579673 -0.10283883398249367 -0.01956850393351714 0.44612699136244394 0.022288284915881574 0.10827596624937645 0.29674099197882098 0.030622251782132955 0.090814310092044978 -0.09087291883751121 0.10186465500886477 -0.062720744823167612 0.10672938269018419 0.073800158220755904 0.24376642577476751 0.010594267162454252 -0.25626335876531309 -0.019176640602806799 0.18841435133547479 -0.068030368322614373 -0.023552349154888047 -0.16886447832772661 -0.068080988517031454 0.062826059348854116 -0.081825514256288201 0.040586505662450215 -0.1840218697881093 -0.082950109626223234 -0.15500903607846031 0.1021837838643537 0.15849408516034688 0.12280216094761404 -0.15293162666635904 0.02369949390142052 -0.045492162628976297 -0.0011993536308326563
leaf_weight=6065.5 1649.25 1218.5 1486 962 282 119.75 9052.25 934 4053.5 727.25 1100.75 961 5686 8529.25 3529 9635 4637.5 1295 3797 1127 95 4308 410.25 369 99 3674.25 8631.25 392 8487.75 110 13840 1119.5 181.25 1666.25 1488.5 1773 250 5471.75 1888 235 151 6093.25 495.25 26221 571 17380 11249.5 655 1257.25 1783 3122 2293 383 1033 162.5 1025.75 363 1651.25 169 14726 255 20121.75
leaf_count=10015 2913 4874 1507 962 309 134 10823 934 7910 833 1475 961 6991 11722 4579 11213 5248 1295 3797 1127 95 4308 414 369 99 6420 13507 392 10371 110 25846 1130 188 1892 2339 1773 250 5666 1888 235 151 12367 1207 45892 571 21436 13708 655 1402 1783 3122 2293 383 1150 167 1586 363 1688 169 16679 363 26817
internal_value=-0.000104047 0.00866206 0.0211138 -0.00730362 -0.0535305 -0.00244412 0.0193824 -0.0982285 -0.0257395 -0.026059 0.0153287 0.0268965 0.00162798 0.000268503 -0.0018731 -0.0094566 0.0148368 0.0150439 0.0189719 0.0682179 0.0100559 -0.0279965 -0.0433991 -0.0988914 -0.0148841 0.0556059 0.0469368 0.067571 -0.0106029 0.135168 -0.00504568 -0.00440029 -0.0126964 -0.0375002 -0.00304704 -0.0191328 -0.0139746 -0.0166182 -0.00990458 0.0496655 -0.0538265 -0.0149409 -0.105384 -0.0100439 0.0258832 -0.0460898 -0.0505566 -0.104759 -0.106835 -0.00422352 -0.0219255 -0.0402285 0.00832323 -0.139381 0.0747076 0.0151743 -0.00779601 0.027876 0.0970577 0.0195108 -0.155834 -0.00528636
internal_weight=232499 173800 97645.5 76154.5 7242 68912.5 96159.5 1896 5592.75 58698.8 87107.2 47228.5 39878.8 67016.5 38660.2 32974.2 14272.5 33430.2 32135.2 4924 27211.2 18701.8 13784 4677 9107 13798.2 12697.5 9023.25 9008 520.25 58487.2 58367.5 44527.5 37849.8 7554 10315 44346.2 43064.2 37592.5 2929 1041 34663.5 1778.25 32885.2 6664.25 30295.8 28629.5 890 1539.25 8542 6759 5798 2676 1528.25 1282 4917.75 3892 16896.2 1820.25 15076 350 20849
internal_count=320866 243826 120177 123649 12534 111115 118670 1896 9621 77040 107847 57322 50525 109219 45651 38660 16461 35528 34233 4924 29309 22199 15671 4677 10994 21794 20319 13899 10895 524 97497 97363 71517 49390 12354 10315 71329 70032 64366 2929 1041 61437 2607 58830 12938 37036 35144 890 1711 8542 6759 5798 2676 2357 1297 6528 4942 18994 1857 17137 458 27650
cat_boundaries=0 1 2 3 4 5 6
cat_threshold=12 16 8 4 16 4
is_linear=0
shrinkage=0.04


Tree=78
num_leaves=63
num_cat=0
split_feature=4 4 14 11 5 12 21 21 20 33 47 21 22 11 50 21 28 4 44 15 22 22 45 6 20 43 44 23 20 15 33 19 9 47 22 0 4 25 44 25 23 19 15 22 38 44 44 22 29 20 21 29 47 21 44 21 25 22 19 25 43 38
split_gain=32485.7 23538 13605.4 15837.7 13008 13237.7 12539.9 11006.5 10748.1 12859.5 10700.7 13077.1 10093.9 9613.01 9396.95 8923.7 8647.21 8613.41 8543.28 14419.1 10246.8 14377.9 10464.6 10420 9849.95 15468.9 13899 8527.55 8819.56 13948.6 8156.66 8083.06 13470.9 9627.43 8890.78 8577.87 8011.64 7687.43 7661.5 9906.94 7580.77 7417.86 7238.97 8371.41 7238.55 7316.53 7606.24 7169.71 7135.24 7092.59 8524.26 7006.79 6983.45 6875.22 6717.08 8124.06 6697.58 6584.18 6533.13 6388.42 6547.47 6378.82
threshold=2.4550000429153447 1.0000000180025095e-35 91.979999542236342 0.71984010934829723 34.500000000000007 2.5000000000000004 65.668624877929702 88.393150329589858 177.50000000000003 2.5972915887832646 71.537059783935561 69.445976257324233 0.025706643238663677 0.029137098230421547 28191.000000000004 75.613723754882827 4.5000000000000009 3.4050000905990605 2.54919445514679 3.5000000000000004 0.020587688311934475 0.021674870513379577 3053.5000000000005 136.25000000000003 175.00000000000003 0.059439036995172508 2.4125471115112309 1.1428120136260989 159.00000000000003 2.5000000000000004 1.3681725859642031 59.500000000000007 15.500000000000002 71.665985107421889 0.037652041763067252 1.0000000180025095e-35 1.6749999523162844 267.12500000000006 2.1506873369216923 31.125000000000004 1.1222091317176821 23.000000000000004 3.5000000000000004 0.16155823320150378 1.1132931709289553 2.3411355018615727 2.0562483072280888 0.020587688311934475 14.750000000000002 179.00000000000003 72.966880798339858 14.750000000000002 65.431388854980483 68.744674682617202 2.4724371433258061 65.602870941162124 59.375000000000007 0.036844028159976012 10.500000000000002 600.87500000000011 0.047615710645914085 1.1116834282875063
decision_type=2 2 10 8 2 8 8 10 2 10 10 10 10 10 2 10 2 2 10 2 10 10 2 2 2 10 10 10 2 2 8 8 2 8 10 10 2 2 10 2 10 10 2 10 8 10 8 8 2 2 10 2 10 10 10 10 2 10 10 2 10 10
left_child=1 2 3 -1 5 13 14 10 9 -4 11 37 49 -3 41 -14 30 18 24 53 -21 -22 -23 -24 26 -26 27 28 29 -8 -5 32 51 34 57 56 -15 38 39 -6 -36 -2 43 -42 48 46 -46 -35 -18 50 -13 -7 -45 -20 55 -43 -34 -33 -10 60 -49 -40
right_child=6 4 8 16 7 31 17 -9 58 -11 -12 12 15 36 -16 -17 44 -19 19 20 21 22 23 -25 25 -27 -28 -29 -30 -31 -32 33 35 47 40 -37 -38 -39 61 -41 42 54 -44 52 45 -47 -48 59 -50 -51 -52 -53 -54 -55 -56 -57 -58 -59 -60 -61 -62 -63
leaf_value=0.01885571367410719 -0.097628360404720171 -0.054276110246555244 0.073050723601944409 0.080904475478301374 -0.044313624490787865 -0.049868487015920157 -0.091477605396034112 0.16110102588321007 0.082926543015716114 0.32509241443014114 -0.032816830818202719 -0.45812150538080143 0.052047084242052802 -0.01922779474106049 -0.20498477042706131 0.17798680899528799 0.0016956433075410787 0.081046857415423335 -0.11714498217137066 0.080082669835868578 -0.42001498790252578 0.10346607066850792 -0.12395199201149057 0.059398565509211479 0.019513552824703646 0.071120366615273947 -0.088154374021997398 0.088562469172865171 -0.018329494948561967 0.069428399604099841 -0.27597917056207449 0.0079393052987638199 -0.13805172781265929 -0.0054511163283866891 -0.081946539029973897 -0.12313913851613309 0.058380729252011654 0.029650046302947781 -0.020637233842867465 0.07567419785019977 0.0098290497709588847 -0.0067587149792314883 -0.10392700265032652 -0.18132640092970184 0.05256292909722067 0.067915928500621753 -0.059213609397369166 -0.096701921208615579 -0.17545124225752834 0.043386519786494937 -0.072065855275825902 0.0034525460349141136 -0.036246444888920946 0.034448733476729186 0.086481643219542145 -0.24110724863641117 -0.71197380826267576 0.28569365807346819 0.016104340874146739 0.015105431557125678 -0.19411537085573549 -0.096690633815859656
leaf_weight=13640.5 1458.75 3442.75 1786 131 2352.25 6192.75 1029.75 621 2713.75 394.25 16848.5 104 5181.75 3757 430 1088.5 551.75 4088 509 696 194 492 2944 595 23984.5 15172.75 2267 2313.25 9342.75 5241.5 455.5 2487 57.75 1012 9056.5 718 4904.5 5038.5 3880.25 2066.25 5959.75 6981.5 1845.25 721.5 1189.5 1216.75 5341.5 2695 1065.25 827.25 679.5 10847.25 2000 7575 1226 243 76.25 142.5 16982.25 490 1879 3236.75
leaf_count=17389 1764 5296 2230 146 7780 7959 1929 651 4036 668 19094 104 8937 5494 430 1969 1202 4715 509 696 194 492 2944 595 33214 23653 2267 2401 12618 6995 619 3243 150 1012 16279 1315 6754 5124 7775 4692 6220 10364 2452 1062 1692 1360 9063 5896 1933 1398 762 14151 2363 7575 1226 282 98 210 21630 490 1879 3410
internal_value=-0.000394498 -0.0119358 0.0119336 -0.00913611 -0.0227661 -0.0349886 0.0189787 -0.00577307 0.0346547 0.118887 -0.0082899 0.00860913 0.051021 0.00224546 -0.022362 0.073961 -0.0475023 0.0245706 0.0213776 -0.00798352 -0.0619538 -0.0853807 -0.0690735 -0.0931075 0.0278113 0.0395131 0.00511913 0.016923 0.006299 0.0429853 -0.196248 -0.0447477 -0.0237008 -0.0580567 -0.0458442 -0.178732 0.0247198 -0.0115611 -0.0295641 0.0118041 -0.0551169 -0.0143968 -0.032022 -0.0167169 -0.0381458 -0.022064 -0.0388445 -0.102672 -0.115073 -0.0382548 -0.124356 -0.0159287 -0.0748166 0.0248762 -8.43586e-06 -0.0147068 -0.470357 0.0232003 0.0253191 -0.122089 -0.136788 -0.0552442
internal_weight=232461 145677 45468 23591.8 100209 58284.8 86783.8 41924.5 21876.2 2180.25 41303.5 24455 7881 12104.2 10339.2 6270.25 9951.25 76444.5 72356.5 13005 4921 4225 4031 3539 59351.5 39157.2 20194.2 17927.2 15614 6271.25 586.5 46180.5 17892 28288.5 22212.5 852 8661.5 16574 11535.5 4418.5 19583 9909.25 10526.5 8681.25 9364.75 7747.75 6531 6076 1617 1610.75 783.5 17040 2721.5 8084 8450.5 7224.5 134 2629.5 19696 5064 4574 7117
internal_count=320850 205987 61968 33404 144019 82323 114863 61696 28564 2898 61045 41951 13170 17544 14066 10906 16015 100797 96082 13005 4921 4225 4031 3539 83077 56867 26210 23943 21542 8924 765 64779 23673 41106 31829 1563 12248 28781 23657 12472 28376 13636 12097 9645 15250 12115 10755 9277 3135 2264 866 22110 3425 8084 11872 10646 248 3453 25666 8265 7775 11185
is_linear=0
shrinkage=0.04


Tree=79
num_leaves=63
num_cat=3
split_feature=4 1 56 15 20 1 43 22 44 19 45 45 25 45 17 25 25 25 22 24 25 52 22 24 22 17 22 44 43 23 49 24 23 23 25 56 25 25 25 20 14 33 40 23 20 22 15 47 42 8 23 48 25 17 23 17 4 25 32 33 24 45
split_gain=31088.1 17769.5 10389.8 11739 14362.5 11111.2 10181.2 9551.47 11005.5 9441.87 8948.67 8419.63 13449.7 9319.43 8241.47 7308.58 7281.23 12455.1 7050.76 7023.59 7245.6 9691.12 7724.25 11894.5 8637.04 7330.3 13345.5 7235.19 6856.35 6622.16 8627.56 7518.76 6607.27 6550.39 6510.12 6509.54 8156 6381.47 12447.2 7763.04 7406.55 9802.83 6387.99 6761.6 7039.2 6286.59 6205.74 7395.24 6357.68 6176.82 6175.19 6161.92 8275.35 7330.28 6321.25 6557.24 6158.7 6141.72 6135.93 6510.94 6128.38 6532.44
threshold=2.7649999856948857 1.935000002384186 0 3.5000000000000004 218.00000000000003 2.9850000143051152 0.046010792255401618 0.11531509459018709 2.5210835933685307 5.0000000000000009 20140.750000000004 10749.500000000002 677.12500000000011 10299.000000000002 4.5000000000000009 350.12500000000006 97.625000000000014 92.875000000000014 0.11901463195681573 0.011484527960419657 181.37500000000003 1 0.039901101961731918 0.063986252993345274 0.039280703291296966 4.5000000000000009 0.030162448994815353 2.212171316146851 0.092496998608112349 1.0399132370948794 2.170954823493958 0.3201736062765122 1.1031029224395754 1.0260539650917055 642.37500000000011 2 609.62500000000011 84.125000000000014 74.125000000000014 110.00000000000001 97.115001678466811 2.4724295139312749 0.35555928945541387 1.030423700809479 184.00000000000003 0.34571312367916113 2.5000000000000004 66.371269226074233 66.990200042724624 37.500000000000007 1.0433844327926638 0.06598143652081491 690.87500000000011 3.5000000000000004 1.1449801921844485 2.5000000000000004 3.5649999380111699 189.12500000000003 1.0693939328193667 1.8599293231964114 0.077784016728401198 34408.750000000007
decision_type=2 8 1 2 2 10 8 8 10 8 2 2 2 2 10 2 2 2 10 10 2 9 10 10 10 10 10 10 10 10 10 10 10 10 2 1 2 2 2 2 10 10 10 10 2 10 2 10 10 2 10 10 2 10 10 10 2 2 10 10 10 2
left_child=1 -1 9 4 5 6 33 8 16 -3 14 13 46 37 -6 -10 17 32 19 -11 -21 25 24 27 -23 -22 50 -24 -20 -30 -31 -32 -5 -4 49 -12 -37 38 39 -8 42 58 43 -39 -45 56 47 -13 -48 -18 -27 53 60 54 -25 -56 -2 -15 -42 -60 -53 -62
right_child=45 2 3 7 10 -7 11 -9 15 18 35 12 -14 57 -16 -17 34 -19 28 20 21 22 23 51 -26 26 -28 -29 29 30 31 -33 -34 -35 -36 36 -38 40 -40 -41 41 -43 -44 44 -46 -47 48 -49 -50 -51 -52 52 -54 -55 55 -57 -58 -59 59 -61 61 -63
leaf_value=-0.028413043186808644 0.026892769974539182 0.10749404781480867 0.13211967426436944 -0.0363193567303573 0.078007345664940941 0.08336848782053384 -0.11990808818082002 -0.073323875185659443 -0.03070534798160918 0.046974775744659997 0.037652951240835036 0.20123624370891804 -0.23436284016981884 -0.32366747435952975 0.24855890834740155 -0.19158648265514486 -0.029467991663328565 -0.30101902443139372 -0.095287866701896415 -0.028308999991125711 0.025690963350371319 0.013060770401401507 0.070941026901990875 -0.053535239587511337 0.32331567102021908 0.11395918690827825 0.24483011771574517 -0.18115521811108373 0.048041028144785378 -0.073182407113685954 -0.00027525629564079747 0.27035561496659188 0.15613439873966745 -0.082201734114196331 -0.24904467950161593 -0.25261770477708217 0.056217431508159249 0.072485275696471702 0.10686185420530409 0.011975566004010538 -0.18772438856935875 0.36222314086315061 0.1862526666004064 -0.018627297220104901 -0.082958682398820538 -0.2705360904825585 0.13636365206730583 0.059533201405834263 -0.0033513024779814166 0.10465884833455441 -0.17189564082380066 0.16289782902368832 0.3649100509610092 0.00020121856703147117 -0.10992197767482703 -0.4028460715454486 0.10855418818178096 0.011331341265372826 0.064718380213972748 -0.25605278415411287 0.022971263037079522 -0.16036676097429761
leaf_weight=47793.75 46051 1014.5 246 1219 5160 3043.5 737 4505 1853 3413.75 1700 666 275 231 495.75 596 693.25 237 2989 21830.25 3636.25 6163 213 768 145 246 743 1217 1612.5 4729.5 2279.75 175 370.5 2877 99.25 316 239 1034.75 2221.25 21207 188.5 149.25 227 12193.5 3502.25 110 594 5044 4146 2629.25 234 381 112 1757 287 214 1525 140 2066 104.5 1651 381
leaf_count=62883 59827 1220 246 2884 8022 3402 1793 8888 1853 10814 1700 666 275 231 933 596 715 240 5239 31518 3640 6163 213 768 145 246 743 1217 4056 6711 3065 175 468 2877 121 316 239 1202 2618 43359 223 150 227 12612 3896 149 594 5044 4146 2777 234 381 112 1757 287 214 1687 140 2096 106 1651 381
internal_value=1.41251e-05 -0.00740918 -9.20517e-05 0.00907567 0.0154883 0.00890007 0.00497939 -0.027079 -4.61517e-08 -0.0133081 0.0661858 0.00898903 0.0407647 0.00124237 0.0930409 -0.0699858 0.0326702 -0.0317908 -0.0155332 -0.00808012 -0.0127835 0.0058924 -0.0117835 -0.0407672 0.020294 0.0542188 0.138851 -0.143553 -0.0429668 -0.0251703 -0.0416125 0.0192192 0.00867492 -0.0652432 0.0670797 -0.00118862 -0.119885 0.00294444 0.0166737 0.0075353 -0.014099 0.0500288 -0.0235896 -0.0264592 -0.032991 0.0288113 0.0480492 0.0761272 0.0142057 0.0766696 -0.0255135 -0.0142449 0.0318752 -0.0527273 -0.125901 -0.236163 0.029515 -0.197848 0.0299833 0.0490495 0.0161246 -0.0115246
internal_weight=232679 184993 137199 81006.5 68804.2 60893.5 57850 12202.2 7697.25 56192.5 7910.75 54727 10725 44002 5655.75 2449 5248.25 1826.5 55178 43392.2 39978.5 18148.2 13289 6981 6308 4859.25 1223 1430 11785.8 8796.75 7184.25 2454.75 1589.5 3123 3421.75 2255 555 43631 24165.2 21944 19465.8 2508.25 16957.5 16730.5 15695.8 47686 10450 5710 4740 3322.5 480 5551 2525 3026 1269 501 47576 371 2359 2170.5 2413 2032
internal_count=321151 259488 196605 115655 97113 85903 82501 18542 9654 80950 11210 79378 10725 68653 8955 2449 7205 3592 79730 60484 49670 18152 13289 6981 6308 4863 1223 1430 19246 14007 9951 3240 3352 3123 3613 2255 555 68282 47770 45152 20512 2575 17937 17710 16508 61663 10450 5710 4740 3492 480 5551 2525 3026 1269 501 61514 371 2425 2202 2413 2032
cat_boundaries=0 1 2 3
cat_threshold=8 4 4
is_linear=0
shrinkage=0.04


Tree=80
num_leaves=63
num_cat=5
split_feature=1 21 25 11 21 22 42 19 14 22 53 53 21 45 8 15 35 20 47 5 14 25 45 23 14 22 50 25 43 25 1 42 25 56 53 15 35 42 49 47 22 43 21 49 42 22 22 23 23 49 43 30 50 56 39 40 49 24 21 42 21 50
split_gain=30463.6 17086.6 12702.7 11279.7 9041.08 13130.2 9548.36 10697.4 12123.2 13682.7 11007.4 9206.56 8483.09 7133.08 7939.74 7454.48 7019.07 7776.55 10491.2 10645.5 14020.8 10243.4 9697.08 8454.19 8126 7723.61 7276.29 7668.14 7010.64 6911.98 6877.16 7197.1 8080.48 7271.57 6829.33 6647.15 6001.17 5826.22 5795.82 5757.09 8612.01 6422.77 7928.34 6834.85 5733.27 7807.99 5674.65 5821.77 8290.27 5635.15 6213.55 8197.02 6545.91 5625.66 6663.5 6297.28 5623.33 6651.58 5678.06 7112.76 7761.89 6607.44
threshold=2.7549999952316289 66.469604492187514 29.375000000000004 0.23540768027305606 83.14151763916017 0.056795187294483192 66.926166534423842 10.500000000000002 84.755001068115249 0.03408933803439141 0 1 79.325862884521499 1.0000000180025095e-35 32.500000000000007 3.5000000000000004 19.750000000000004 159.00000000000003 72.087604522705092 36.500000000000007 95.634998321533217 199.62500000000003 8616.1250000000018 1.1108112931251528 71.259998321533217 0.12288130447268487 14758.250000000002 713.87500000000011 0.26497943699359899 298.37500000000006 3.5049999952316289 70.863967895507827 496.62500000000006 2 3 1.5000000000000002 14.750000000000002 70.925228118896499 2.3200839757919316 72.577026367187514 0.0059330721851438293 0.078315105289220824 72.511619567871108 2.5253818035125737 73.479915618896499 0.053768806159496314 0.098862621933221831 1.0830629467964175 1.0859734416007998 2.1584252119064335 0.096066299825906767 0.055873800069093711 465.62500000000006 4 3.6348249912261967 0.040922209620475776 1.2001183032989504 0.30805669724941259 62.764375686645515 66.972438812255874 62.908779144287116 22152.750000000004
decision_type=10 8 2 10 10 10 8 8 8 8 9 9 10 2 2 2 2 2 10 2 10 2 2 10 10 10 2 2 10 2 10 10 2 1 9 2 2 8 10 10 10 10 10 10 10 10 10 10 10 8 8 8 2 1 10 10 10 10 10 10 10 2
left_child=1 2 13 4 6 11 28 8 34 -10 -9 -6 30 -1 15 -15 17 24 19 20 -19 22 23 -21 49 -25 -23 -28 -3 -22 31 38 -33 -34 -8 -11 -5 -26 -2 40 -20 42 46 -43 -31 -46 47 -41 -49 -12 -51 -52 -53 55 56 -4 -55 58 61 60 -60 -58
right_child=12 3 53 36 5 -7 7 10 9 35 16 -13 -14 14 -16 -17 -18 18 39 21 29 26 -24 25 37 -27 27 -29 -30 44 -32 32 33 -35 -36 -37 -38 -39 -40 41 -42 43 -44 -45 45 -47 -48 48 -50 50 51 52 -54 54 -56 -57 57 -59 59 -61 -62 -63
leaf_value=-0.60619738932543021 0.023520904059241912 0.045865494301448415 0.1510314689704832 -0.045398849446436636 0.14802412607353335 -0.38233107091795726 0.03716273438243347 -0.14003576182269092 -0.0037701584349026686 -0.17486879996578772 -0.12358855473894964 0.027708359365597093 0.076686956492194133 -0.05142251893268146 -0.1335537628157725 0.22083352415265756 0.056256793841724911 -0.039108647465639738 0.18293539490768213 0.0034486611413276297 0.036065163297084583 0.10989975998531654 -0.055409394762166581 0.18526339409473905 0.10588179688385879 -0.17522850882081681 0.032550806581383734 -0.30353574872667138 -0.071539616816474458 -0.0057277586601610832 0.071916825719593014 -0.0060719486549397472 0.12598588366899768 0.018153375892301843 -0.052488387868570748 0.10828865282061838 0.0017017202003552384 -0.011632871192126765 0.076626863027121697 -0.00051150793933184063 -0.078218486986408778 0.010149241642330078 -0.037069118633076201 -0.12740986594415707 -0.013356932937515312 -0.28428712711357451 -0.080910357357582785 0.36681345067986032 0.077179417677557427 -0.016882596123151055 -0.42150763485387516 0.12642533637954451 -0.023823414228106361 -0.3192829211856682 0.18652209258926308 -0.045788523986422254 -0.055897992878883043 0.062448976841585395 0.40583272707611689 -0.015649254888273175 0.045006729655484121 0.13542956783068644
leaf_weight=41 13310.25 10198.75 263 12780.5 1522.75 104 2293.25 984.25 3274.5 134.5 548 3071 4851.5 1745 2609.25 175.25 2774.75 20131 207 5593.25 8189.75 2184 4466 737.25 2502 107.5 8718 108 882.5 2804 3936 22510.25 1452 3212 3305.75 5009.75 6543.25 923.5 4366.75 1526 6178.25 886 5970 1658 381 306 560 174 1583 4569 52 1428.25 685.75 93.5 269 14276 6660 1787.25 97.75 12713.25 2213 300
leaf_count=41 18846 18256 296 19313 1690 104 2990 1330 3855 313 668 3077 5192 4580 5814 575 3770 31411 207 16796 12245 2184 4466 921 3096 139 8718 108 1109 2804 4857 27119 1452 3212 5135 7934 9973 1453 7438 1526 6239 886 5970 1658 381 306 560 174 1583 5406 52 3121 949 98 290 19142 9294 1815 136 15087 3032 300
internal_value=-0.000195047 -0.00810701 -0.0300091 -0.00114539 0.00354067 0.057892 0.00126059 -0.00260846 0.0298153 0.0601463 -0.00783723 0.0680222 0.0262516 -0.0930583 -0.0881462 -0.0263672 -0.00630305 -0.00839219 -0.0130939 -0.00410409 -0.0188818 0.0173476 -0.0101317 0.0212833 0.0234218 0.139073 0.04456 0.0283695 0.0365035 0.0159778 0.0212331 0.0167821 0.0038576 0.0517652 -0.0157947 0.100819 -0.0294511 0.0742097 0.0366473 -0.0388602 -0.0696964 -0.0229168 -0.00822633 -0.0795286 -0.0311378 -0.13452 0.0365741 0.0566536 0.106252 -0.000478542 0.00957096 0.0653403 0.0777067 -0.0225531 -0.0107098 -0.0422074 -0.0129487 -0.0117167 -0.0177517 -0.00391298 0.0606117 -0.0476134
internal_weight=232938 179299 43243.2 136056 116732 4697.75 112034 100953 14017.8 8418.75 86935.5 4593.75 53638.8 4570.5 4529.5 1920.25 85951.2 83176.5 72468 53725.8 31811.8 21914 10904 6438 10708.5 844.75 11010 8826 11081.2 11680.8 48787.2 44851.2 27174.2 4664 5599 5144.25 19323.8 3425.5 17677 18742.2 6385.25 12357 9813 2544 3491 687 3843 3283 1757 7283 6735 2166 2114 38672.8 24133.8 14539 23864.8 23771.2 21984 15024 2310.75 6960
internal_count=321492 253376 60500 192876 163590 4871 158719 139354 20227 12102 119127 4767 68116 11010 10969 5155 117797 114027 99282 80479 47147 33332 22322 17856 14745 1060 11010 8826 19365 15736 62924 58067 31783 4664 8125 8247 29286 4549 26284 18803 6446 12357 9813 2544 3491 687 3843 3283 1757 10196 9528 4122 4070 49490 30052 19438 29762 29664 27849 18255 3168 9594
cat_boundaries=0 1 2 3 4 5
cat_threshold=128 16 4 160 8
is_linear=0
shrinkage=0.04


Tree=81
num_leaves=63
num_cat=3
split_feature=4 21 16 21 5 42 14 50 45 22 45 21 23 42 22 23 23 17 21 6 24 21 17 42 50 22 0 53 52 50 22 23 21 50 17 21 47 22 6 19 45 56 21 21 6 24 42 23 22 21 23 23 24 23 24 15 47 21 15 21 24 24
split_gain=27767.5 15421.8 9363.1 9217.5 8646.69 16095.9 15352.4 9216.79 9044.5 10307.3 9103.08 11379.3 13077.1 10116.8 11666.2 8882.66 14917.7 10388.4 10462.5 8589.37 7920.2 15559.5 10966.5 8341.58 20049.1 14047.9 10397.9 10108.6 8633.29 9852.65 13456.3 11207.3 8826.63 8658.09 9137.9 9807.84 11261 11183.4 8540.2 7712.17 7579.45 14719.1 9825.85 15337 7535.68 7501.88 9305.11 7408.01 10856.1 7344.04 7130.82 10906.7 7077.66 11952.4 11543.4 8339.33 7705.17 7549.08 12404.6 10509 8624.8 8498.98
threshold=2.7649999856948857 69.88785552978517 1.5000000000000002 89.870384216308608 22.500000000000004 67.72729873657228 93.83499908447267 15089.500000000002 3385.2500000000005 0.056795187294483192 32190.250000000004 81.547885894775405 1.0551179647445681 73.292812347412124 0.036844028159976012 1.0923750996589663 1.0735424160957339 3.5000000000000004 70.499790191650405 189.25000000000003 0.3201736062765122 62.269115447998054 1.5000000000000002 66.926166534423842 5065.1250000000009 0.1330504193902016 0.33500000834465032 0 1 22152.750000000004 0.11184507980942728 1.2232519388198855 68.579635620117202 21580.250000000004 3.5000000000000004 61.407785415649421 72.025802612304702 0.25641545653343206 43.500000000000007 36.000000000000007 32190.250000000004 2 59.93836975097657 60.142297744750984 71.500000000000014 0.10242780297994615 67.496311187744155 1.013817369937897 0.0059330721851438293 70.447662353515639 1.1428120136260989 1.1731454730033877 0.086485750973224654 1.0969299674034121 0.082709267735481276 4.7500000000000009 71.537059783935561 65.602870941162124 3.5000000000000004 65.948837280273452 0.10630202665925027 0.16761939227581027
decision_type=2 10 2 10 2 10 10 2 2 10 2 10 10 10 10 10 10 10 10 2 10 10 10 8 2 10 8 9 9 2 10 10 10 2 8 8 10 10 2 10 2 1 8 8 2 10 8 10 8 10 10 10 8 8 10 2 10 8 2 8 10 10
left_child=1 19 3 4 6 -6 -3 -8 9 -7 11 47 -13 15 -15 16 49 18 -17 20 23 39 -23 24 26 -26 -1 -25 29 33 32 -32 -31 34 38 37 45 -36 -29 -22 42 -42 -30 -44 -33 46 -37 -10 -49 -12 -47 -52 54 -54 56 -56 -45 -55 59 60 -59 -60
right_child=-2 2 -4 -5 5 8 7 -9 10 -11 13 12 -14 14 -16 17 -18 -19 -20 -21 21 22 -24 27 25 -27 -28 28 40 30 31 44 -34 -35 35 36 -38 -39 -40 -41 41 -43 43 52 -46 50 -48 48 -50 -51 51 -53 53 57 55 -57 -58 58 61 -61 -62 -63
leaf_value=-0.13149631650683782 0.027000007975297703 -0.033801172660714453 -0.040693882433373386 0.14725279920867793 0.082416580028126213 -0.0092155980022454974 0.02842004235915847 -0.086615453338410003 -0.16850013356860619 0.097787301618208491 0.31906407245852536 0.0024808531866400054 0.20431216697508486 0.034650817207307262 -0.15707537041827407 -0.30584389732345457 -0.13518029849152333 0.22484678488313481 0.090739284506067636 0.065184074342216153 -0.23047349413622048 0.075328852645691904 0.44117681094567168 -0.1377999459171198 0.076699504559266218 0.38368746349848237 -0.0014070782354837527 0.017978600198026971 -0.12900719999085011 0.14110674253094771 -0.44823444035128945 -0.38644143171714879 -0.12025474688575186 0.27745073124424358 -0.22481846848273385 -0.20370901195744864 -0.16560412771015945 0.10470516184246188 -0.043611394642298934 0.026895841536828554 0.064604349967873995 -0.060476764257584775 0.24149630286722901 -0.028041696052648994 -0.00065934644755670589 0.26439723726064157 0.070118640872055646 0.18429539185833455 -0.018582220304999574 0.050065782754900381 -0.17332167089427905 0.14334473106806025 0.15640270744412496 -0.057033447949320561 -0.14537913636181302 -0.47903206729548314 -0.091001728653040154 0.45833585771775909 -0.099598264749315324 -0.0064240398072852294 0.08617939454810454 0.08183393520026544
leaf_weight=1042 47635 17723.5 6668.5 758 5550.25 2393 15133.5 1201 511 3614.5 167 1395.25 811 1309 827 122 725 972 750 1931.75 209 287 241 1305.25 902 323 16845.25 6824.75 1912 392 250 110 433 181 398.75 231.25 285 278.25 7624.5 1588.5 3285 2775 313.5 8338 293 580.25 1333.75 428 22729.75 4225 201.75 1199 555.5 10745 865.5 138 4961.5 110.5 3406.5 12690 889 468.5
leaf_count=1678 61558 22756 7951 758 7927 4199 18501 1201 511 6103 167 1534 841 1309 827 122 725 972 750 2873 209 287 241 1573 902 323 32707 13028 2248 392 250 110 433 181 449 289 441 327 12024 1725 3285 2775 357 16234 293 788 3001 428 27757 4225 252 1199 623 12272 1125 138 5443 139 7011 20589 928 539
internal_value=-0.000229819 -0.00725055 0.00486539 0.00860123 0.00729336 0.0185028 -0.00802083 0.019952 0.00984255 0.055174 0.00205255 -0.010048 0.0767939 0.0364662 -0.039654 0.0598297 0.032677 0.135055 0.034672 -0.0182731 -0.0199749 0.0529031 0.243366 -0.0218085 0.00172851 0.158144 -0.00899957 -0.0279393 -0.025923 -0.00405437 -0.103488 -0.23885 0.00396281 0.00363421 0.000990451 0.0506974 0.0755016 -0.0894615 -0.0145219 -0.00324761 -0.0346897 0.00732473 -0.0402989 -0.0363922 -0.107368 0.0949645 0.0294434 -0.018149 -0.0148167 0.0604365 0.14664 0.0975475 -0.0384216 -0.0270167 -0.0614302 -0.192132 -0.0515403 -0.0306269 -0.0144677 0.00341925 0.128164 -0.0776296
internal_weight=232394 184759 88014.2 81345.8 80587.8 46529.8 34058 16334.5 40979.5 6007.5 34972 25875 2206.25 9097 2136 6961 5117 1844 872 96744.5 94812.8 2325.5 528 92487.2 19112.2 1225 17887.2 73375 72069.8 20616.2 1478 653 825 19138.2 18957.2 4508 3831 677 14449.2 1797.5 51453.5 6060 45393.5 43481.5 403 3546 1565 23668.8 23157.8 4392 1981 1400.75 43168 28865 14303 1003.5 13299.5 28309.5 17564.5 13689.5 999.5 3875
internal_count=320803 259245 109564 101613 100855 58397 42458 19702 50470 10302 40168 31071 2375 9097 2136 6961 5117 1844 872 149681 146808 2462 528 144346 35610 1225 34385 108736 107163 33457 1478 653 825 31979 31798 6746 5970 776 25052 1934 73706 6060 67646 65398 403 5529 3290 28696 28185 4392 2239 1451 65041 42101 22940 1263 21677 41478 29206 21656 1067 7550
cat_boundaries=0 1 2 3
cat_threshold=128 4 4
is_linear=0
shrinkage=0.04


Tree=82
num_leaves=63
num_cat=3
split_feature=9 1 17 21 48 29 23 45 43 23 24 23 21 24 21 45 50 19 15 22 43 56 38 44 5 44 49 18 23 48 21 49 19 19 56 20 43 22 15 22 15 1 23 43 53 21 49 22 21 23 5 15 32 45 50 23 22 43 43 23 9 22
split_gain=27148.4 17198.5 12226.5 11213.6 10305.7 9818.21 7956.25 7875.41 8288.94 10025.2 9600.67 12941.1 9552.07 9564.34 8548.94 8225.65 7924.16 7511.9 8577.7 7302.79 7557.31 7298.71 7052.25 7032.12 7528.26 8476.26 8572.33 7846.15 9663.79 9627.23 6882.58 6851.89 8488.78 6473.04 6452.6 6343.87 6307.95 7369.74 6301.78 6284.69 7027.85 6220.46 6189.22 6506.37 6174.3 6252.69 6837.77 7004.2 10304.9 6945.66 6679.75 6655.83 6098.01 6059.9 8193.27 8850.84 6051.38 7653.74 7682.23 6472.24 5946.58 5907.84
threshold=3.5000000000000004 3.0049999952316289 4.5000000000000009 76.617176055908217 0.46700048446655279 16.250000000000004 1.0566522479057314 32190.250000000004 0.098209854215383544 1.0399132370948794 0.064879272133111968 1.0780832767486574 58.996784210205085 0.33845931291580206 70.985752105712905 1208.2500000000002 534.50000000000011 170.50000000000003 2.5000000000000004 0.0515999123454094 0.059439036995172508 0 1.1373805403709414 2.2746651172637944 20.500000000000004 2.1387503147125249 2.2207179069519047 1.5000000000000002 1.1644505858421328 0.16059806197881701 88.393150329589858 2.4257929325103764 9.5000000000000018 170.50000000000003 1 218.00000000000003 0.057764163240790374 0.039280703291296966 3.5000000000000004 0.029824725352227691 2.5000000000000004 0.54500001668930065 1.1301903128623965 0.11185550317168237 2 62.081874847412116 2.4160554409027104 0.020587688311934475 69.220321655273452 1.0326827168464663 16.500000000000004 5.5000000000000009 1.1181017160415652 25987.250000000004 7806.3750000000009 1.0902283787727358 0.046474527567625053 0.046389764174819 0.04731948301196099 1.1748403906822207 16.500000000000004 0.017273891717195514
decision_type=2 10 10 10 10 2 10 2 8 8 10 10 8 10 10 2 2 8 2 10 10 1 8 10 2 10 10 8 10 10 8 10 10 8 1 2 10 8 2 8 2 10 10 10 9 10 10 10 10 10 2 2 10 2 2 10 10 10 10 10 2 10
left_child=1 3 5 4 7 41 19 8 10 -10 15 33 -11 23 56 16 -1 35 -19 -5 -21 -9 53 24 25 27 -27 28 -14 -29 44 -17 -33 -12 52 38 37 -7 -16 -26 -41 60 -42 -44 -4 -46 47 49 -49 -47 -50 -48 -25 54 -8 -56 -13 -58 59 -59 -2 -34
right_child=2 -3 30 6 -6 36 22 21 9 12 11 14 13 -15 17 31 -18 18 -20 20 -22 -23 -24 34 39 26 -28 29 -30 -31 -32 32 61 -35 -36 -37 -38 -39 -40 40 42 -43 43 -45 45 46 51 48 50 -51 -52 -53 -54 -55 55 -57 57 58 -60 -61 -62 -63
leaf_value=-0.049795661174846323 -0.067305699485861348 0.036823967190974277 -0.12036027801007455 0.018970345714047189 -0.2820756031363848 0.0088871195637036712 0.090588982603826043 -0.053143980298106346 0.077593376859138585 -0.10542173350723788 0.035052781432915271 0.091968323352732168 0.0024682915737493862 0.24620743394963188 0.020079889365388414 0.010717482030318953 -0.18657597312884378 -0.43746456768696124 -0.040269188256609384 -0.47624454982010356 -0.014875061113347288 0.043271270616998835 -0.001903557005915544 0.051506616765205411 -0.12090472528970692 -0.082674869569780388 0.0033383946244500461 0.017016697023221079 0.11058190951221515 -0.098168255288586748 0.10539178104688601 0.057525602030294359 0.0096927153061058674 0.22049013149624391 0.079478620798726293 0.14533200465747825 -0.0019681919891513045 -0.076573292863291301 0.24105055794298438 0.066840929280410008 -0.012863015155794955 -0.038780840654806838 -0.013498788306578111 0.084841419029389145 -0.17763963305918259 0.019965635662660509 -0.0029812881097106237 0.0056083067673502593 -0.15161765039146244 -0.21613599318566759 0.12290411804653573 -0.13453572961339427 -0.13528451293027674 -0.089119936638661926 0.353838703145125 -0.063481460226269867 -0.11938232530272021 0.013296014643484547 -0.020131645056470887 0.43981078145492852 -0.18553466701626289 -0.067922521120666032
leaf_weight=1882.5 3204.5 29137.75 603.75 16017.75 208 2520.5 2960.75 1445 3040.25 1272.25 616 752.25 5183.25 261 7067.75 5380.25 1059 95.5 813.5 95 137.5 9536 1452.25 631.5 508.25 4954.25 2961.25 2474.75 1774.25 2184 1146.25 1198.5 1896 589.25 3346.5 796.5 20819.75 4487 210.75 4153.25 8544.75 22655 1802.25 2668.75 278.25 536.25 5037.25 3259 147.75 315 2782.75 699 498.75 246 388 102 1250 122 22319 105 864.25 9081.5
leaf_count=2346 5609 36550 711 18507 208 3092 3041 1445 8657 1687 1132 819 13122 261 7328 13643 1059 112 863 95 196 9536 1474 1404 509 6809 3901 5756 2237 3024 2782 2295 1896 968 3957 819 27884 7955 216 6962 13761 30782 1857 3076 414 606 6670 5212 210 315 4921 699 693 246 388 102 1250 122 26675 105 1762 10352
internal_value=6.32922e-05 0.00897181 -0.0209012 0.00291869 -0.00212239 -0.0296504 0.029462 -0.0015996 -0.00508136 0.00740935 -0.0155423 -0.00273129 0.00246869 0.00574608 -0.00736343 -0.0372503 -0.0991354 0.0260181 -0.0828763 0.0157279 -0.20588 0.0305758 0.0727823 0.00422859 -0.00147084 -0.0185868 -0.0505029 0.00316555 0.0300636 -0.0369987 0.0113347 -0.0268711 -0.0434802 0.125935 0.0515813 0.0382948 -0.0130187 -0.0458395 0.0265437 0.0174403 0.0215498 -0.0469663 0.00708894 0.0452106 0.00342671 0.00925459 0.0133597 0.0397675 0.0545653 -0.0676948 0.108967 -0.0190548 -0.0310058 0.10211 0.115788 0.267047 -0.0195816 -0.0231158 -0.017768 0.212736 -0.0924997 -0.054517
internal_weight=232577 163220 69356.2 134083 112684 54551 21399.2 112476 101494 46259.2 55235.2 34737.5 43219 41946.8 33532.2 20497.8 2941.5 8984 909 16250.2 232.5 10981 5149 41685.8 37209 19531.8 7915.5 11616.2 6957.5 4658.75 14805.2 17556.2 12176 1205.25 4476.75 8075 27827.2 7007.5 7278.5 17677.2 17169 26723.8 13015.8 4471 13659 13055.2 12777 7040.75 6189.5 851.25 2930.5 5736.25 1130.25 3696.75 3450.75 490 24548.2 23796 22546 227 4068.75 10977.5
internal_count=321085 221461 99624 184911 160862 77084 24049 160654 149673 77673 72000 40409 69016 67329 38309 31591 3405 9338 975 18798 291 10981 5251 67068 61014 34849 10710 24139 15359 8780 22540 28186 14543 2100 6054 8363 38931 11047 7544 26165 25656 38153 18694 4933 19758 19047 18633 11264 10343 921 5131 7369 2097 3777 3531 490 28971 28152 26902 227 7371 12248
cat_boundaries=0 1 2 3
cat_threshold=16 8 128
is_linear=0
shrinkage=0.04


Tree=83
num_leaves=63
num_cat=3
split_feature=0 0 56 1 21 25 47 19 25 25 19 17 5 49 22 25 47 45 22 52 22 45 11 19 11 44 2 25 44 14 22 17 22 45 32 1 19 22 22 50 44 49 21 21 52 21 44 44 44 17 50 44 22 45 48 50 25 43 21 22 21 48
split_gain=26842 12543.4 12018.7 9879.78 9290.18 8537.36 8951.77 9015.09 7478 7494.03 7248.82 7100.98 6794.75 7680.73 6773.58 6534.22 10788.6 7578.81 6430.47 6218.97 6070.07 7728.38 6049.54 6021.52 5964.79 5848.63 5774.35 7542.26 7269.34 7785.55 6015.01 6948.28 5919.45 5728.32 5681.02 5663.84 5657.05 6803.29 6238.85 5652.8 5611.29 6245.71 5730.58 5449.93 5414.74 5352.4 5304.67 7812.12 6766.54 6599.08 5794.94 5236 6036.7 5214.71 4953.13 4787.52 6249.55 5209.41 4969.88 4703.53 4716.47 4686.25
threshold=2.2749999761581425 3.2649999856948857 0 2.4750000238418584 73.465930938720717 34.125000000000007 72.087604522705092 10.500000000000002 661.25000000000011 618.00000000000011 5.0000000000000009 2.5000000000000004 36.500000000000007 2.7262496948242192 0.019996583461761478 167.62500000000003 72.040969848632827 3819.3750000000005 0.055593475699424751 1 0.054964337497949607 12648.500000000002 0.50084745883941661 7.5000000000000009 0.22243923693895343 2.4416922330856328 -2.6249999999999996 164.62500000000003 2.54919445514679 65.020000457763686 0.029824725352227691 3.5000000000000004 0.1857978627085686 38485.250000000007 1.2039438486099245 3.1049998998641972 190.50000000000003 0.021314746700227264 0.026524198241531852 123.25000000000001 2.1387503147125249 1.4375321269035342 62.081874847412116 78.735221862792983 2 77.250598907470717 2.1506873369216923 2.2393586635589604 2.4882971048355107 3.5000000000000004 5065.1250000000009 2.1348059177398686 0.083397001028060927 6314.1250000000009 0.034275071695446975 35970.250000000007 472.37500000000006 0.044981943443417556 72.750854492187514 0.018359891138970855 88.393150329589858 0.064025029540061965
decision_type=8 10 1 10 10 2 10 10 2 2 8 10 2 10 10 2 10 2 10 9 10 2 10 10 10 10 10 2 10 10 10 10 10 2 10 10 10 10 10 2 8 10 8 10 9 10 8 10 10 10 2 10 10 2 10 2 2 10 10 10 10 10
left_child=2 4 10 8 12 18 20 11 9 19 -1 -8 13 40 59 17 33 -14 43 46 23 -22 26 -7 36 34 -12 32 29 -29 -30 -32 -28 -17 -24 -5 -16 -38 -39 -13 41 -2 -42 -6 -3 -41 50 -48 -49 -50 -4 -43 -53 -47 -19 58 -57 -58 -18 60 -9 -11
right_child=1 44 3 35 5 6 7 14 -10 61 22 39 15 -15 24 16 55 54 -20 -21 21 -23 25 -25 -26 -27 27 28 30 -31 31 -33 -34 -35 -36 -37 37 38 -40 45 42 51 -44 -45 -46 53 47 48 49 -51 -52 52 -54 -55 -56 56 57 -59 -60 -61 -62 -63
leaf_value=0.10986581692592175 -0.096510620990009885 -0.11556125374590731 -0.008844164083803634 0.032249785530721727 0.012862292268429347 -0.11643017329544857 0.058095964465608219 -0.019744518812034595 -0.11996758888426737 -0.05626256531589436 0.0055918580349656613 0.19433855250923648 0.027988941665569707 0.084123432326619646 -0.031277892776307603 0.059130306391545963 -0.038491059798449391 -0.19432283181677337 0.13763749440978729 0.0096481344695701944 0.00033525768138067415 -0.25016476428303008 -0.038562567347400857 0.048652420854233283 -0.31105520712183887 -0.29974639305755985 -0.052022572978468615 0.2646049125426953 0.0068191451358665927 -0.013219094173803313 -0.25181796598986889 -0.053670953913266393 -0.13376083366644867 -0.12986996340649662 -0.25977749207296885 0.20082505929403638 -0.38607248865492294 0.096202323395361028 -0.16474190805254618 0.0016280324298228364 -0.072663230594625719 0.018207129773635759 -0.013158641907696727 0.17706189894563515 0.045281339903785585 -0.060918909583614442 -0.063534875438109373 0.0096849142792200544 -0.10934152926928753 0.0016096814517060068 0.095872331842823316 0.0023651619460314435 0.25863707802751756 -0.33391700773854865 -0.026418347761442317 -0.20336069502190846 -0.083862891479873969 0.072995719062339148 0.0840161314402849 0.092742635631090628 0.13414988528877042 0.19742338014040858
leaf_weight=539.5 711.25 339.75 4617.5 6144.25 2226.25 360.5 4675 4280 1002.5 157 4977.25 125 5623.25 1385.75 5112.5 10753.5 5200 289.75 1652.5 14029.75 1122.5 237 949.75 14479.75 138.5 235.75 13773 161.5 586 12491.5 555 579 1579.75 261 229.25 334.5 149 204 509 489 2739.25 8084 46853.5 376.5 16947.5 239.75 8112 7469.75 1853 1595 1033 271.25 319.5 210 7776.5 162 393 2386 588 875 342.25 441
leaf_count=652 1114 393 6860 7300 2878 368 5374 4280 1004 157 8305 131 15290 1817 5150 10899 5200 304 2410 20047 1328 237 1858 18526 143 265 25488 166 586 12634 555 579 3262 261 254 399 149 204 509 615 3250 14669 67354 537 21230 335 12477 10811 1853 1595 1033 278 342 213 11696 162 393 2386 588 875 355 441
internal_value=-0.000103208 0.0100752 -0.0182639 -0.00482658 0.00586687 0.0226068 0.0158342 -0.00413166 -0.012196 -0.00944124 -0.0354137 0.0368728 -0.000880216 -0.00889235 -0.024403 0.0135854 0.0283092 -0.00765029 0.0759682 -0.0116152 0.0372149 -0.0436316 -0.03759 0.0446265 -0.0533692 -0.118621 -0.0342797 -0.040956 -0.020127 -0.00963112 -0.0972333 -0.150927 -0.06045 0.0546283 -0.0819504 0.0410139 -0.0472921 -0.14197 -0.0900104 -0.0563258 -0.0110807 0.0172766 -0.0164483 0.0367353 0.0421068 -0.0900539 -0.0237027 -0.0338071 -0.0117108 -0.0580434 0.0103254 0.0266271 0.141385 -0.189321 -0.0324974 -0.00490484 0.0366364 0.0507659 -0.0260195 0.00781386 -0.00829474 0.130841
internal_weight=232335 148889 83446.5 46789.2 131602 37804 33548.8 17349 40310.5 39308 36657.2 5738.75 93797.5 60364.5 11610.2 33433 19743.5 13689.5 4255.25 38710 16199.8 1359.5 36117.8 14840.2 6113 1414.75 34703 29725.8 14373 12653 1720 1134 15352.8 11014.5 1179 6478.75 5974.5 862 713 1063.75 58978.8 9386 49592.8 2602.75 17287.2 938.75 24680.2 19029.8 10917.8 3448 5650.5 8674.75 590.75 449.75 8066.25 8729 2941 2779 5788 5497.25 4622.25 598
internal_count=320824 202243 118581 63977 180620 44617 38792 18333 56278 55274 54604 6668 136003 88824 11665 47179 19889 27290 5825 54676 20459 1565 53952 18894 6155 2377 51575 43270 14520 12800 1720 1134 28750 11160 2112 7699 6012 862 713 1294 87007 16403 70604 3415 21623 1163 34629 26736 14259 3448 7893 15289 620 548 12000 8729 2941 2779 5788 5510 4635 598
cat_boundaries=0 1 2 3
cat_threshold=8 16 8
is_linear=0
shrinkage=0.04


Tree=84
num_leaves=63
num_cat=7
split_feature=1 14 53 19 52 42 49 56 0 17 0 42 20 2 29 14 25 22 42 25 17 22 30 30 20 48 6 56 49 53 22 49 50 20 14 20 45 43 22 6 20 45 49 22 22 54 11 52 22 12 6 9 42 25 25 18 49 22 49 45 49 42
split_gain=23637.1 14782.5 15849.9 15264.3 9204.77 9171.98 8954.2 9436.43 10312.9 8826.68 8548.97 7957.87 9986.68 9915.43 10400.4 7736.68 7430.03 6638.61 6073.43 11381.7 9505.14 7223.13 6024.15 9842.24 5993.48 7372.27 7249.8 7591.18 6650.4 6553.13 6772.63 6303.98 6103.42 5955.48 11689.7 5951.42 6884.09 6847.79 5842.24 5791.58 5854.69 8164.01 5768.81 5752.36 5731.72 5641.55 5629.94 5478.04 5365.14 5325.2 6990.87 8718.39 6810.09 8601.29 10933.2 10271.4 14420.5 11491.4 9193.61 7127.76 6798.37 6203.83
threshold=2.4050000905990605 88.345001220703139 0 9.5000000000000018 1 73.898105621337905 2.4588052034378056 2 3.2649999856948857 2.5000000000000004 1.6549999713897707 72.291889190673842 177.50000000000003 -0.86500000953674305 16.750000000000004 66.485000610351577 713.87500000000011 0.039901101961731918 73.954586029052749 2.8750000000000004 3.5000000000000004 0.066882424056530013 0.1113002970814705 0.15339973568916324 141.00000000000003 0.044807683676481254 87.250000000000014 3 2.2131117582321171 4 0.03614510782063008 2.1724563837051396 437.25000000000006 141.00000000000003 68.924999237060561 110.00000000000001 234.50000000000003 0.12286879494786264 0.031053040176630024 18.500000000000004 171.50000000000003 12271.500000000002 2.0372722148895268 0.15207345038652423 0.26366053521633154 5 0.71984010934829723 6 0.098224755376577391 2.5000000000000004 64.500000000000014 15.500000000000002 66.77695465087892 177.37500000000003 94.875000000000014 1.5000000000000002 2.0853734016418461 0.16155823320150378 2.7966728210449223 3624.3750000000005 2.1528636217117314 72.626979827880874
decision_type=8 8 9 8 9 10 8 1 10 10 10 10 2 10 2 10 2 10 10 2 10 10 10 10 2 10 2 1 10 9 10 10 2 2 10 2 2 8 8 2 2 2 8 10 10 9 10 9 10 8 2 2 10 2 2 10 10 10 10 2 10 10
left_child=4 2 15 9 5 24 7 8 17 -3 33 12 13 14 22 -2 46 -5 -19 -20 21 -21 -9 -24 28 32 27 -27 -1 30 31 -28 -26 34 35 36 -4 -37 -11 -29 41 -41 -35 -23 -42 47 49 -38 -18 -6 51 -51 59 54 -54 57 -57 58 60 -52 -56 -55
right_child=1 3 10 6 16 -7 -8 11 -10 38 -12 -13 -14 -15 -16 -17 48 18 19 20 -22 43 23 -25 25 26 29 39 -30 -31 -32 -33 -34 42 -36 37 45 -39 -40 40 44 -43 -44 -45 -46 -47 -48 -49 -50 50 52 -53 53 61 55 56 -58 -59 -60 -61 -62 -63
leaf_value=-0.018931244393973066 -0.19101919894915437 0.08555951591655088 -0.23310436485471578 0.028510718940940261 0.062150751448969595 -0.086212387249974501 -0.0064076832988730469 0.22477539633022037 0.071314127533948016 -0.12009721093729328 0.009437823750391823 0.071265933903039577 0.01021592439954035 0.032091911832968938 0.24255201994545064 -0.054815572865798211 -0.060437470445784111 -0.0082590136029620648 0.26301612352077169 -0.016281389675107585 0.025746764067531736 -0.26341629708225078 -0.30945936865186607 0.072254964776569841 0.0096853445372399125 0.018936931509422061 -0.18785367438865808 -0.11090905027287284 0.090507204828771448 -0.031007146350447268 -0.0038877310369262986 0.080136342343232386 -0.1928586275818629 0.023293205195727095 0.083045918296356797 -0.049550502923981714 0.2630074522684136 0.13539756524270286 0.033862165262390789 -0.11809656104866319 -0.026628773315934148 0.12309408094211211 -0.069314330569266641 -0.042599856144358073 -0.16556547593368126 -0.18176850050725082 -0.33287108269754251 -0.064675714151323005 -0.41666833329095249 -0.019416139470224778 0.029535450612948214 -0.2192194454415477 0.015563462083617046 0.054285966221928321 -0.075305481798466384 0.12821557272826972 -0.17767972379451816 -0.36299645493867189 -0.19097131556972963 0.22800145540633462 0.15141953480816842 -0.016234298938113401
leaf_weight=2040 850.5 7932.75 481.5 6939.25 2310.5 3691 23802 216.75 3319.75 547 34434.5 8451 16074.5 2975.75 937.75 3086.75 170.75 13603.75 144 416 647 823 141.25 438.25 351 3104.75 146.75 2112 1571 12459.75 13878.75 2546.5 736 1313.5 1854.25 1209 144.75 433.5 1398 2404.75 14553 246 5932.25 246 489.25 207.75 77.75 182.5 111 10936.25 764.75 359 5097.25 6786 288.75 285.75 1739.25 121.25 223.5 464.75 779.25 2826
leaf_count=2361 1368 11697 810 8305 3473 3691 30441 288 4198 580 54275 8451 22577 3392 1126 4898 173 21799 144 416 647 823 187 595 432 4745 164 2586 1781 16053 19380 3226 736 1900 2992 2256 150 1083 2055 3730 18957 246 10175 246 832 270 101 232 111 14048 1928 662 8926 6786 321 306 1971 149 231 1187 849 2826
internal_value=-0.000275855 0.010179 -0.00719522 0.0199595 -0.0158104 -0.0251317 0.0141091 0.0229281 0.00546391 0.0668405 -0.000617777 0.0385409 0.0252287 0.0764399 0.152417 -0.084108 0.00105633 -0.00412115 -0.0183832 -0.0788318 -0.10215 -0.157838 0.0459127 -0.0215164 -0.0211482 -0.0245439 -0.0223833 -0.039205 0.0287025 -0.0091067 0.0073748 0.0654026 -0.127551 -0.0300619 0.00600455 -0.0477392 -0.123705 -0.000627558 -0.00951122 -0.0483211 -0.0408378 -0.0956342 -0.0525237 -0.212784 -0.0311696 -0.0247299 0.0028057 0.0785724 -0.202756 0.00361738 -0.000795435 -0.0258049 0.0137842 0.0076057 -0.0216154 -0.0767209 -0.134427 0.0060605 0.0412226 0.10481 0.0900873 0.0335526
internal_weight=232857 139184 50130.8 89053.8 93672.2 60330.5 79176 55374 26138.8 9877.75 46193.5 29235.2 20784.2 4709.75 1734 3937.25 33341.8 22819 15879.8 2276 2132 1485 796.25 579.5 56639.5 53028.5 51941.5 22909.8 3611 29031.8 16572 2693.25 1087 11759 4513.25 2659 1016.5 1642.5 1945 19805 17693 2650.75 7245.75 1069 15042.2 535 33060 327.25 281.75 32982.2 30671.8 11295.2 19376.5 18147 8535 3437.75 2025 1412.75 1291.5 1229.5 1068 9612
internal_count=321344 198376 80409 117967 122968 78920 103635 73194 36578 14332 74143 36616 28165 5588 2196 6266 44048 32380 24075 2276 2132 1485 1070 782 75229 71087 69919 31096 4142 38823 22770 3390 1168 19868 7793 4801 1462 3339 2635 26351 23765 3976 12075 1069 19789 652 43764 382 284 43663 40190 14710 25480 22365 12753 3827 2277 1550 1401 3115 1170 9612
cat_boundaries=0 1 2 3 4 5 6 7
cat_threshold=4 16 8 16 68 8 16
is_linear=0
shrinkage=0.04


Tree=85
num_leaves=63
num_cat=4
split_feature=0 56 0 25 25 21 39 42 44 19 5 44 25 25 21 37 25 44 24 24 47 24 25 23 23 49 19 25 21 15 21 14 25 22 23 52 11 14 21 42 42 22 18 45 29 53 15 44 52 29 48 20 24 24 21 22 24 8 22 49 25 15
split_gain=21810.3 14439.9 11789.4 10226.6 11956.4 11303.7 10570.9 9870.82 11698.8 9760.11 9793.29 8384.92 11596.5 8273.31 8123.8 7616.97 7353.34 8038.17 7518.77 7092.94 7029.31 10379.2 7382.13 6835.06 6944.03 11436.3 11538.1 7791.44 7972.22 7708.26 11985.1 7558.46 6782.71 6683.95 9610.21 7364.01 6661.42 8584.3 6702.27 6470.74 10746.8 6318.34 7982.99 7281.24 6262.75 6135.65 7561.03 6430.06 6107.63 5908.9 5854.51 5831.32 5950.92 5820.29 7508.93 7052.47 6404.81 6545.65 5796.77 5809.78 5754.89 5754.12
threshold=2.8750000000000004 0 1.7050000429153445 661.25000000000011 618.00000000000011 72.166973114013686 1.2684089541435244 66.972438812255874 2.1348059177398686 9.5000000000000018 30.500000000000004 2.2300163507461552 515.37500000000011 53.375000000000007 72.26401519775392 67.226963043212905 403.87500000000006 2.2280639410018925 0.16018743067979815 0.011484527960419657 71.665985107421889 0.050352701917290694 2.1250000000000004 1.0317353606224062 1.0484992265701296 2.1724563837051396 128.50000000000003 487.75000000000006 74.03781890869142 3.5000000000000004 74.235458374023452 68.604999542236342 431.12500000000006 0.1857978627085686 1.2374786734580996 1 0.3486414253711701 97.340000152587905 75.729537963867202 69.05600738525392 69.587070465087905 0.023185245692729953 1.5000000000000002 3053.5000000000005 18.250000000000004 2 3.5000000000000004 2.1913856267929082 3 26.500000000000004 0.46700048446655279 159.00000000000003 0.091863982379436507 0.1087685637176037 65.668624877929702 0.040818030014634139 0.066635422408580794 60.500000000000007 0.012240967713296415 2.4465043544769292 167.62500000000003 1.0000000180025095e-35
decision_type=10 1 10 2 2 10 10 8 10 8 2 8 2 2 10 10 2 10 10 10 10 10 2 10 10 10 10 2 10 2 10 10 2 10 10 9 8 10 10 8 8 10 10 2 2 9 2 8 9 2 10 2 10 10 10 10 10 2 10 10 2 2
left_child=1 2 -1 4 5 7 -5 8 50 51 20 12 16 -7 -15 -8 17 33 -19 -16 21 -11 -22 41 29 26 -26 31 -29 -25 -31 -27 -32 45 35 -35 38 -38 -33 -13 -41 -21 43 -43 -6 -9 47 -47 -36 -42 -3 -4 -53 55 -55 56 -23 -58 -24 -60 -56 -2
right_child=61 3 9 6 44 13 15 11 -10 10 -12 39 -14 14 19 -17 -18 18 -20 23 22 53 58 24 25 27 -28 28 -30 30 32 36 -34 34 48 -37 37 -39 -40 40 49 42 -44 -45 -46 46 -48 -49 -50 -51 -52 52 -54 54 60 -57 57 -59 59 -61 -62 -63
leaf_value=-0.048854021550559186 -0.22135553847267792 0.0098673727954726783 -0.021448045767121848 -0.10724125623303682 0.062164149088930025 0.067052376751341847 -0.31606549427544539 0.012066785828190497 0.099092502984913816 0.035646037113844911 -0.0004729466842078376 0.043469950343157288 0.3423752997672464 0.25132899810629467 -0.21908298686026681 0.041111534609501177 -0.26950218365518502 -0.14537504755153774 0.037490941465953595 0.068284582944008326 0.12238415795588099 -0.057562121990494743 0.047503091680218476 -0.018156220686447861 -0.2928224327057149 -0.092633234260760741 -0.018372986622836075 0.0086129428926393688 -0.29903487659741307 0.048359404320091642 -0.37454652524507753 0.042300546743181101 0.017620401306180179 -0.13337461611140713 -0.099819453967697064 -0.44790690889992563 -0.039596759003023292 0.087385337225781318 0.13484373779897371 -0.11978019259426111 -0.0050895191183602286 0.14984975505814646 0.047062063118775442 -0.23860898649357284 0.23891219392475813 -0.072928664841166002 -0.30677370481836475 0.043698924293751461 0.074738734111041136 0.31163096071046492 -0.28479330001183606 0.041842512315553297 0.17234512380673228 -0.066636898866465982 -0.011403389026112666 -0.086415097433690455 0.011268946713483483 0.33086037148823394 -0.14573730694209014 -0.062844035581286012 0.098371844585975601 0.023109626907979176
leaf_weight=17390 152.5 10554.25 1952 2636.25 1013 5892.5 99.5 6321 2770.5 3952.75 26590.5 4287.5 125 226.75 209 1623 221 1761 451 5204 315.75 553.5 575 4976.75 344.75 627 837.25 345 219 268.75 334.75 3088.25 89 375.25 889.75 174.5 2220.25 1379.25 2107.75 1334.75 35371.75 95.25 780.75 380.25 469 2647 175.75 1057 499 92.5 107 3652.5 658.75 2237.5 2117.75 4948.25 237 179 1830 5203.5 1193 54349.5
leaf_count=26291 331 17530 2696 2637 1013 9485 113 7239 2916 9589 37149 4769 125 241 209 1632 221 1761 451 5690 330 579 575 5393 359 630 904 345 219 301 418 3347 89 412 979 209 2296 1476 2194 2699 58972 165 1386 435 469 3271 256 1294 529 208 107 5841 721 2962 2417 7493 237 179 1995 5319 1193 69945
internal_value=0.000273675 -0.00649641 -0.0200744 0.00304835 0.00565485 0.00396269 -0.0569177 -0.00488715 0.025894 -0.011167 -0.0170712 -0.0122995 -0.0382264 0.0246377 0.0141021 0.020132 -0.0415383 -0.0379902 -0.108087 0.0117922 -0.0359766 -0.0202354 -0.0665915 0.0138823 0.000460212 0.0187616 -0.0987869 0.0326925 -0.111466 -0.0355863 -0.160426 0.041344 -0.292465 -0.0252009 -0.0932487 -0.234489 0.0509146 0.0090793 0.0798795 -0.00302348 -0.00844277 0.0488529 -0.0316166 -0.160476 0.118351 -0.0122529 -0.0517607 -0.0396392 -0.0370749 -0.00424568 0.00685644 0.0358934 0.0618556 -0.0395033 -0.0100628 -0.0670915 0.031501 0.14973 -0.074465 -0.0844479 0.0281863 0.0224174
internal_weight=232771 178269 73586.8 104682 100324 98841.8 4358.75 69215.5 13431.8 56196.8 49933.5 55783.8 14697.2 29626.2 23733.8 1722.5 14572.2 14351.2 2212 23507 23343 15418.8 7924.25 23298 16837.8 11168.5 1182 9986.5 564 5669.25 692.5 9422.5 423.75 12139.2 1938.5 549.75 8795.5 3599.5 5196 41086.5 36799 6460.25 1256.25 475.5 1482 10200.8 3879.75 3704 1388.75 35464.2 10661.2 6263.25 4311.25 11466 5548.25 5917.75 969.5 416 7608.5 7033.5 3310.75 54502
internal_count=321236 250960 105566 145394 141012 139530 4382 103948 20553 79275 70017 83395 16747 35582 26097 1745 16622 16401 2212 25856 32868 24649 8219 25647 17971 11770 1263 10507 564 6201 808 9943 507 14189 2129 621 9313 3772 5541 66648 61879 7676 1986 600 1482 12060 4821 4565 1508 59180 17637 9258 6562 15060 6572 8488 995 416 7889 7314 3610 70276
cat_boundaries=0 1 2 3 4
cat_threshold=8 16 68 16
is_linear=0
shrinkage=0.04


Tree=86
num_leaves=63
num_cat=5
split_feature=1 1 49 42 50 22 14 19 47 22 50 25 23 25 44 48 22 5 20 53 15 24 22 23 22 20 14 25 23 22 23 42 56 48 31 47 20 29 47 20 0 5 48 47 52 49 50 23 14 49 22 56 48 52 29 0 33 18 1 33 42 42
split_gain=23067.4 14073.8 8946.63 9141.69 11531.4 10337.5 9782.29 15489.6 11754.5 9750.63 10774.8 12357.8 12555.7 10157.5 9272.6 8736.32 8620.82 8243.3 11427.9 12069.1 7805.65 12603.9 9176.45 8132.36 7619.27 7260.25 8375.84 7040.24 9727.81 6772.76 6373.35 7223.71 6328.19 10015.1 6239.03 6088.21 6051.22 5904.76 7503.43 6716.25 8738.69 5654.43 5798.15 8301.68 5476.44 5724.86 5792.29 5470.53 5268.67 5620.95 5222.85 5168.37 5145.58 5031.82 4987.18 4938.32 4896.01 4852.3 4811.11 4635.62 4629.73 9241.83
threshold=1.9049999713897707 3.0849999189376835 1.4375321269035342 66.926166534423842 5065.1250000000009 0.1330504193902016 88.345001220703139 9.5000000000000018 72.010101318359389 0.019996583461761478 35970.250000000007 298.37500000000006 1.0478878021240237 472.37500000000006 2.5254088640213017 0.024161261506378654 0.03408933803439141 20.500000000000004 159.00000000000003 0 2.5000000000000004 0.12433354556560518 0.193641372025013 1.1662948131561282 0.11184507980942728 110.00000000000001 77.970001220703139 158.62500000000003 1.3434811234474184 0.032543305307626731 1.2043316364288332 73.292812347412124 1 0.072734810411930098 71.650196075439467 64.515804290771499 177.50000000000003 16.250000000000004 71.610759735107436 177.50000000000003 3.6550000905990605 17.500000000000004 0.08397951722145082 70.207794189453139 2 2.5765407085418706 378.50000000000006 1.1748403906822207 80.704998016357436 1.4679428339004519 0.34571312367916113 3 0.38115406036376959 4 8.7500000000000018 1.8350000381469729 1.4688135981559756 1.5000000000000002 2.1650000810623173 1.1666418313980105 66.926166534423842 66.800498962402358
decision_type=8 10 8 8 2 10 8 8 10 10 2 2 10 2 10 10 8 2 2 9 2 10 10 10 10 2 10 2 10 10 10 10 1 10 10 8 2 2 10 2 8 2 8 10 9 10 2 10 10 10 10 1 10 9 2 10 10 10 10 8 10 10
left_child=44 2 24 4 48 -6 17 16 27 -10 11 12 -11 -12 15 -14 -8 18 19 25 -13 23 -23 32 -2 -5 41 28 34 -16 31 -15 -22 -34 -9 -19 -18 38 58 40 -39 42 -27 59 45 60 -47 -40 -4 -50 52 -3 -26 -45 -20 -37 -17 -51 -29 -44 61 -1
right_child=1 51 3 6 5 -7 7 8 9 10 13 20 14 30 29 56 36 35 54 -21 21 22 -24 -25 50 26 -28 37 -30 -31 -32 -33 33 -35 -36 55 -38 39 47 -41 -42 -43 43 53 -46 46 -48 -49 49 57 -52 -53 -54 -55 -56 -57 -58 -59 -60 -61 -62 -63
leaf_value=-0.019602239771824154 -0.34805469456890176 0.016490407646632836 -0.0010782695026435255 -0.11335560877931013 0.084874617551294537 0.35372260945173511 0.018924986537351158 -0.011382916103150783 0.020761703585630471 -0.076457967053421533 -0.17543627591129571 -0.02391603352655388 0.23752057182385275 0.094203366845078559 0.19858684558044734 -0.09338584201160563 0.020448596749024401 -0.13118733472566624 0.069795206905301443 -0.087484748796800113 -0.20440310115511978 0.015914707240156537 -0.3412162695426133 -0.42121938230307437 -0.13167320720088566 -0.062826021440707341 0.15300427193328178 -0.054809909575295926 -0.22187263836715815 0.035738161419725425 -0.14754277588543682 -0.092323874904352579 -0.081382546237359341 -0.460574286000482 0.034390400661927292 -0.031567339671466257 0.12428903891158452 0.044073456820987247 0.06420337003940095 0.038856708345644891 0.26912747798766173 -0.098328313201227327 0.15339819579181785 0.2430551352650458 -0.0067310231439732847 0.099474927560970899 -0.19295515750730455 0.31904182408853149 0.34334698102946271 0.07194964025256867 -0.1734929251881383 0.052609736966797216 0.073560039330250473 0.064413757213928863 -0.068553599147731334 0.0065050924247371427 0.034080977052799243 0.006688708922284973 0.0147486306236048 0.00095344333433760784 -0.040968326748728752 0.13252781487328466
leaf_weight=5671.75 169 13172.75 8520.75 565.5 1141 285 4727.25 15406.75 8275.75 3303.5 334 3169 166 2655 451 1862.5 1233.75 576.75 433.25 2003.5 1202 1605 122 154 312 850.5 846 2581.75 310.75 4193 228 378 2928 114 6895 6663 3307.25 645 898 12845.25 482 594.75 360 489.25 16491.75 129.25 635 157 97.75 3837 446 12222 515.75 523 10089 29925.25 649 3472.5 4138.75 2697.75 22957.5 718
leaf_count=9037 244 17678 14607 822 1141 285 5310 32776 8281 3320 334 3169 166 2655 451 1894 1578 681 680 3190 1202 1605 122 154 615 939 1254 2587 319 4193 228 378 2928 114 10237 9525 5933 645 898 12966 482 756 522 532 21942 163 635 157 115 8544 467 14253 818 817 16065 42409 652 7683 4147 5364 28071 1399
internal_value=-9.33109e-05 0.00620504 0.00183534 0.00273354 0.0301376 0.139032 -0.000615016 0.00793123 0.00198799 -0.0165757 -0.0297176 -0.0412207 -0.0117488 0.0340033 0.0174602 -0.0418032 0.0567503 -0.0135086 -0.0346039 -0.00132168 -0.0749026 -0.101265 -0.00967489 -0.137208 -0.0972555 0.0237092 0.0359642 0.0152916 -0.000335916 0.0516335 0.0555515 0.0709085 -0.126706 -0.0958888 0.00277021 -0.00246567 0.0960997 0.0315394 0.00359678 0.047086 0.140639 0.0179607 0.0320526 0.0519023 -0.025261 -0.0354083 -0.143358 0.102667 0.0203717 0.0450409 -0.0634799 0.033877 -0.00391886 0.151073 -0.0628442 -0.000429316 -0.0604429 0.0409577 -0.0119802 0.0189925 -0.0325872 -0.0024704
internal_weight=232830 186227 160832 159390 17354 1426 142036 85418.2 76150 31789.8 23514 19919 10625 3595 7321.5 2677.5 9268.25 56617.5 19452.5 8930.25 9294 6125 1727 4398 1442.75 6926.75 6361.25 44360.2 22612.5 4644 3261 3033 4244 3042 22301.8 37165 4541 21747.8 7775.5 13972.2 1127 5515.25 4920.5 4070 46603.2 30111.5 764.25 1055 15928 7407.25 1273.75 25394.8 827.75 1012.25 10522.2 36588.2 2511.5 7309.5 6720.5 3057.75 29347.2 6389.75
internal_count=321134 259887 227956 225812 32375 1426 193437 109881 97060 31846 23565 19970 10676 3595 7356 2712 12821 83556 30941 14196 9294 6125 1727 4398 2144 11006 10184 65214 43332 4644 3261 3033 4244 3042 43013 52615 7511 21882 7789 14093 1127 8930 8174 7235 61247 39305 798 1055 30949 16342 1900 31931 1433 1349 16745 51934 2546 16227 6734 5886 38507 10436
cat_boundaries=0 1 2 3 4 5
cat_threshold=176 4 16 8 16
is_linear=0
shrinkage=0.04


Tree=87
num_leaves=63
num_cat=3
split_feature=1 14 6 52 42 23 25 42 21 21 0 49 25 48 48 0 48 21 54 20 52 14 23 43 6 9 32 19 17 49 11 30 44 23 22 22 24 25 14 0 16 32 6 19 37 22 45 21 21 35 39 30 25 43 25 25 43 6 48 22 23 21
split_gain=20106 11185.8 9384.15 9159.26 8917.77 8776.08 7978.4 7444.55 8186.28 7313.27 7150.12 6364.34 6425.54 6247.63 9207.73 6029.95 5887.01 5837.83 5530.58 7307.37 10398.4 7609.7 7293.82 8307.08 7098.28 6616.57 6274.93 6246.78 6373.88 8431.06 6028.05 5837.04 5555.07 5516.28 5362.94 5277.95 5575.46 9730.3 5245.96 5222.8 7186.84 5471.83 7441.37 5204.23 5202.71 5366.83 7733.13 6308.06 9600.1 5163.44 5112.25 5300.69 4938.26 7066.64 6401.74 7930.37 6186.71 5944.02 5327.13 4879.04 4787.02 6023.21
threshold=2.5049999952316289 98.274997711181655 53.500000000000007 0 73.898105621337905 1.0013249516487124 713.87500000000011 70.237026214599624 75.613723754882827 79.325862884521499 3.3349999189376835 2.2085955142974858 50.125000000000007 0.024486950598657135 0.044807683676481254 2.2749999761581425 0.46700048446655279 64.554988861083999 1 141.00000000000003 2 88.345001220703139 1.1873807907104494 0.091416083276271834 9.5000000000000018 3.5000000000000004 1.0621463656425478 10.500000000000002 2.5000000000000004 2.2485872507095341 0.82555782794952404 0.19239971041679385 2.0562483072280888 1.0902283787727358 0.020898253656923774 0.16155823320150378 0.3201736062765122 177.37500000000003 78.434997558593764 1.0000000180025095e-35 1.5000000000000002 1.1927483081817629 16.500000000000004 10.500000000000002 69.846477508544936 0.24123191833496097 7065.3750000000009 62.081874847412116 65.480831146240249 14.750000000000002 3.2718747854232793 0.12719504535198214 642.37500000000011 0.046010792255401618 564.00000000000011 235.75000000000003 0.11262590810656549 132.25000000000003 0.06155414134263993 0.053768806159496314 1.4250591397285464 65.71753311157228
decision_type=8 8 2 9 10 8 2 8 10 10 8 8 2 10 10 10 10 10 9 2 9 10 10 10 2 2 8 10 10 10 8 10 8 8 10 10 10 2 10 8 2 10 2 10 8 10 2 10 8 2 10 10 2 10 2 2 10 2 10 10 10 10
left_child=3 2 5 4 9 -2 35 8 34 13 43 12 -9 -1 -15 -16 18 -14 19 20 22 32 23 -7 -24 27 -22 28 -23 -30 -20 -29 39 -32 -4 49 44 -38 -28 -21 41 42 -41 -3 45 46 -37 -48 -49 -5 51 -35 53 59 55 56 58 -56 -55 -51 61 -36
right_child=1 10 7 6 -6 16 -8 11 -10 -11 -12 -13 17 14 15 -17 -18 -19 30 21 26 25 24 -25 -26 -27 38 31 29 -31 33 -33 -34 50 60 36 37 -39 -40 40 -42 -43 -44 -45 -46 -47 47 48 -50 52 -52 -53 -54 54 57 -57 -58 -59 -60 -61 -62 -63
leaf_value=0.24891415321395016 0.08568383101171044 0.084108173677237094 -0.15617744879355067 -0.0043406797142082291 -0.07631216109476617 -0.052739170906312693 -0.19435121543736436 -0.27695193125939921 0.10952694510534482 0.06381056590034509 0.066122856153110129 0.0078375070640842124 -0.18521882555064359 -0.12586180194241683 -0.028370322148768268 -0.0026119698296914354 -0.23495474996796264 0.050420191312080628 -0.012103444785255031 -0.29136858794289433 -0.1704859416206195 0.071695123665799679 0.31957515079507326 0.111448332556723 -0.017884838644347895 -0.16326146363545013 -0.018972647615506422 -0.010717775988029412 0.21026907258721872 -0.12002070987754242 -0.35013014395291797 0.17372696121509612 -0.0555770063527114 -0.04810845741119988 -0.013683341259382552 -0.04975624928900451 -0.075593849263935281 0.25835804732172207 0.086329784441760024 -0.14623819189032861 0.18158780892203452 0.11454989279179804 0.064487841679243527 0.010071574727954296 0.024165586096422189 0.0011155447972664883 -0.3580243949262531 -0.00018470321544285478 -0.35664550549552793 -0.014067045717580572 0.20716403286690216 -0.25524617336824129 0.18046384554234418 0.027898435919406196 -0.0077078639118895913 0.082904250643427699 0.06721922393912895 -0.4014442350980148 -0.042958315655627174 -0.19431264925925112 0.14868645307544609 0.038950034252461352
leaf_weight=136 1551.75 1730.5 251.25 17863.25 4439 717 322.75 236 2117.25 1712.25 8230.75 34411 265.25 1298.25 37139 23899 185 452.25 1320.5 81.5 347.75 3180.75 365.75 1569.25 136.5 399 3208.25 20500 151.75 631 166.5 276.25 8914.75 505.5 4641.25 1101.75 296 261 988.5 620.25 402.25 417 469.5 12342.75 998.5 856 299 338.75 186 716 77.25 324 328 3706 152 3976 2672 101 3129.25 360 519.25 13874.5
leaf_count=136 6207 2296 255 23615 4439 1041 325 272 2502 1899 9697 50863 266 1371 50579 31150 185 453 1853 98 371 4722 584 2545 162 651 6080 26185 262 814 288 337 14590 774 6511 2193 296 261 1848 732 598 417 699 14892 1492 1240 299 344 186 716 78 438 328 5077 152 3976 4613 101 4060 360 550 21073
internal_value=3.25156e-05 0.0108028 0.00530302 -0.0127939 -0.0214928 -0.00781378 0.00305577 0.0162801 0.0348985 -0.0176991 0.036512 0.0050102 -0.0968194 -0.0199353 -0.0205299 -0.0182854 -0.0109746 -0.0369539 -0.0100589 -0.00678024 0.0296114 -0.0141873 0.0903897 0.0599522 0.228138 -0.0020808 -0.00770367 0.000531373 0.0465372 -0.0556053 -0.0690958 -0.00824845 -0.042089 -0.1397 0.0266949 0.00477258 -0.0367016 0.0812401 0.00585763 0.0183103 0.0318266 -0.0083369 -0.0554914 0.0191866 -0.0541167 -0.0822184 -0.119232 -0.2118 -0.127423 0.0102248 -0.100366 -0.129445 0.0274088 0.0239952 0.0317309 0.0354817 0.0156351 -0.166838 -0.00454244 -0.0746283 0.0291253 0.0257562
internal_weight=232866 126580 104276 106287 68623.5 47507.5 37663.2 56768 21403.5 64184.5 22304 35364.5 953.5 62472.2 62336.2 61038 45955.8 717.5 45770.8 43377 7333 36044 2788.5 2286.25 502.25 25138.8 4544.5 24739.8 3963.5 782.75 2393.75 20776.2 10905.2 1073.25 19286.2 37340.5 4337 557 4196.75 1990.5 1909 1506.75 1089.75 14073.2 3780 2781.5 1925.5 823.75 524.75 33003.5 906.75 829.5 15140.2 14812.2 13736.2 13483.2 9507.25 253 6835.25 1076 19035 18515.8
internal_count=321397 182189 155304 139208 89574 72559 49634 82745 30891 85135 26885 51854 991 83236 83100 81729 66352 719 66167 62736 12631 50105 4332 3586 746 32971 8299 32320 5798 1076 3431 26522 17134 1578 28389 49309 6311 557 7928 2544 2446 1848 1431 17188 5754 4262 3022 829 530 42998 1290 1212 19383 19055 17979 17726 13750 253 9137 1076 28134 27584
cat_boundaries=0 1 2 3
cat_threshold=16 12 16
is_linear=0
shrinkage=0.04


Tree=88
num_leaves=63
num_cat=3
split_feature=9 21 25 35 25 22 21 15 24 24 24 22 47 25 25 50 21 43 21 21 12 56 44 6 56 0 1 40 22 15 24 43 50 24 43 38 56 5 21 22 50 21 24 24 25 19 25 21 21 25 21 14 49 21 19 25 6 21 44 50 22 15
split_gain=18959.1 12589.9 10981.7 10174.8 8790.84 8501.93 7698.48 9922.02 8681.44 8040.75 8398.09 9149.31 9138.48 10071.7 7718.41 8274.07 7565.68 7324.84 7018.09 6772.59 6609.58 6193.22 5903.43 6156.74 5838.79 8206.67 6124.57 5777.73 5972.27 5744.6 11955.3 5598.14 5597.99 5574.27 5570.77 5405.63 5334.3 17641.4 8858.13 6814.7 5445.4 5272.18 9286.82 5540.6 10277.7 8128.3 7871.42 11496.1 12995.5 7355.15 7207.42 6101.36 6053.24 6049.99 5630.64 5590.88 5293.43 5245.49 5512.23 7534.82 7631.25 8951.32
threshold=3.5000000000000004 73.465930938720717 496.62500000000006 13.750000000000002 11.375000000000002 0.028545571491122249 66.512878417968764 1.0000000180025095e-35 0.16761939227581027 0.0095770866610109823 0.065656211227178587 0.049019973725080497 69.580577850341811 167.62500000000003 31.125000000000004 29204.000000000004 69.172683715820327 0.11185550317168237 86.135070800781264 72.385150909423842 2.5000000000000004 0 2.5140902996063237 159.25000000000003 1 0.53499999642372142 0.35500000417232519 0.042817937210202224 0.071642290800809874 2.5000000000000004 0.058036511763930328 0.050904363393783576 24589.750000000004 0.069786544889211669 0.10675206780433656 1.1281717419624331 2 31.500000000000004 65.551872253417983 0.10809095576405527 22152.750000000004 73.388397216796889 0.098091084510087981 0.10139193385839464 5.8750000000000009 79.500000000000014 298.37500000000006 67.372478485107436 67.659801483154311 403.87500000000006 72.110469818115249 95.634998321533217 2.6875492334365849 68.478199005126967 10.500000000000002 331.62500000000006 71.500000000000014 89.870384216308608 2.54919445514679 1701.3750000000002 0.020587688311934475 3.5000000000000004
decision_type=2 10 2 2 2 8 8 2 10 8 8 8 10 2 2 2 10 10 10 10 8 1 8 2 1 10 8 8 10 2 10 10 2 10 10 10 1 2 10 10 2 10 8 8 2 8 2 10 10 2 10 10 10 10 10 2 2 10 10 2 10 2
left_child=1 2 5 18 -3 33 14 20 9 -9 17 12 19 -14 21 27 -10 29 22 -12 -8 35 23 24 25 26 -2 -16 -29 30 -11 -24 34 -1 -18 -7 37 -4 39 -38 -39 43 -43 44 45 53 51 55 -49 -50 52 -45 56 -13 -53 -48 -46 58 -6 -60 -61 -62
right_child=3 4 36 -5 57 6 7 8 16 10 11 41 13 -15 15 -17 32 -19 -20 -21 -22 -23 31 -25 -26 -27 -28 28 -30 -31 -32 -33 -34 -35 -36 -37 38 40 -40 -41 -42 42 -44 46 50 -47 47 48 49 -51 -52 54 -54 -55 -56 -57 -58 -59 59 60 61 -63
leaf_value=-0.044669599205711112 -0.38463505096438061 0.13731086955835295 -0.00012186197347915105 -0.0034157451490182313 0.029236087121916134 -0.24210707833957981 0.12484759078718256 0.073583313370347 0.12678923964929367 0.047104388567703784 0.021067177494633875 -0.23484378609032916 0.20602130245476033 0.049585525678156578 0.10045268981587899 -0.18550466741783767 -0.14063562079510056 0.026386416525342012 0.13168641175330609 -0.22192965439568352 -0.29940734685161902 -0.035745714304150605 -0.037189287039127439 0.017035889716386778 -0.023789639696724454 -0.049055799437041775 -0.1252303802756573 -0.10239140994300684 -0.0069999885961236595 -0.057071418218750697 -0.099113569666385917 -0.14384611580491719 0.17951776115942483 -0.25283301581959899 0.075367594336233815 -0.071896564081234696 -0.21334999415684242 0.31657120500208263 0.027583759503436691 -0.0098540483020036623 0.11257442156643886 0.065493757889584198 -0.47122778872717724 0.015898094082902374 -0.038091079152752561 -0.17789069756657772 -0.083349055034102865 -0.38859988521471622 -0.097452799759281575 0.058840009547152815 0.064857157679874933 0.21279168601567958 0.093708362695480482 -0.011813478767169054 0.055025002141347992 0.15816291328653898 0.013444433209634812 0.14214450340790219 0.026404690210634005 0.0074958494245513495 -0.024676760169039771 -0.17714703633352508
leaf_weight=5180.25 170 1088.75 3815.25 37949 33207.5 534.25 73.75 2559.75 1749.75 2811 891.25 215 1026.5 1836 761 425 496 3639.5 401.25 229 269.25 2338.5 1652.25 3781.25 16070.25 7070.75 984.5 1098.25 23071.75 8388.25 1310 1506 196 212.5 308.25 679.5 457 224 6265 618.25 3002 104.5 99 14413.75 7364 909 206 198 1677 674 2495.25 393.25 859.5 1889 4353.5 586 5621.75 576 6525 2842 1487 1051
leaf_count=5976 257 1217 3837 54359 40955 1108 253 9207 1878 4953 892 524 1289 1836 995 425 496 6005 438 229 618 6321 3783 5555 22005 10325 1565 1561 29704 12769 1754 1506 196 262 309 1548 457 224 6265 619 3002 112 99 25648 10697 999 206 198 1677 674 2730 715 1038 3137 6377 586 6602 576 6525 2842 1487 1051
internal_value=0.000101451 0.0075515 0.000514392 -0.0173819 0.0250805 -0.00409341 -0.0013683 0.005997 0.00709051 0.00413289 0.0012719 0.00997739 0.0679068 0.105791 -0.0186529 -0.0109135 0.0766722 -0.0235458 -0.0341334 -0.0289058 -0.207968 -0.073857 -0.0362721 -0.0304349 -0.0378242 -0.0652311 -0.164034 -0.0079223 -0.0113429 -0.0380758 0.000596566 -0.0881096 -0.0110683 -0.0529644 -0.0578552 -0.147099 0.0332376 0.0581058 0.00937203 -0.0965863 0.126929 0.00448858 -0.19762 0.00548082 -0.0102108 -0.0780679 0.0189772 -0.037662 -0.079015 -0.0526304 0.0023088 0.0288567 -0.0089711 -0.0348093 0.0681812 0.0952836 -0.0157812 0.0224 0.0208646 -0.00248677 -0.0375253 -0.0879085
internal_weight=232888 163302 116525 69585.2 46777.2 102144 96751 67842.8 67499.8 64749.8 62190 46041.2 3982.75 2862.5 28908.2 25356 2750 16148.8 31636.2 1120.25 343 3552.25 31235 28076.8 24295.5 8225.25 1154.5 24931 24170 12509.2 4121 3158.25 1000.25 5392.75 804.25 1213.75 14381.5 7041.25 7340.25 1075.25 3226 42058.5 203.5 41855 19353.5 3013 22501.5 3341 2549 2351 16340.5 19160.5 13845.2 2104 4746.75 792 12985.8 45688.5 45112.5 11905 5380 2538
internal_count=321453 221660 167007 99793 54653 152603 146365 104703 103832 100953 91746 66265 4246 3125 41662 32685 2879 25481 45434 1121 871 8977 44996 39707 34152 12147 1822 32260 31265 19476 6707 5289 1001 6238 805 2656 14404 7063 7341 1076 3226 62019 211 61808 25727 4660 36081 3341 2549 2351 21067 32740 18337 3661 7092 792 17299 53436 52860 11905 5380 2538
cat_boundaries=0 1 2 3
cat_threshold=4 8 4
is_linear=0
shrinkage=0.04


Tree=89
num_leaves=63
num_cat=3
split_feature=0 56 35 4 4 6 38 32 11 0 15 4 2 45 21 22 6 50 23 42 50 14 21 43 48 21 14 33 16 47 48 11 2 5 14 49 40 45 2 9 2 31 47 35 39 6 4 22 21 6 0 56 43 24 6 52 23 32 30 14 14 21
split_gain=18211.5 14107.9 10531.3 9299.11 11465.6 8665 8214.21 7842.28 7494.56 7485.71 7307.87 6714.81 6531.02 6263.05 6180.33 9578.33 9102.02 7563.28 6035.3 5693.86 12561.7 7546.36 6572.8 7675.75 5992.05 7109.64 5781.82 5669.71 5566.37 5532.12 5197.05 5129.25 11123.3 5407.62 4956.59 4953.71 7432.62 4886.23 4768.98 4735.98 5260.75 4792.24 4709.6 4679.52 4650.59 4629.97 4709.05 4610.34 4603.4 4602.32 4537.89 4461.7 6896.93 5432.15 5246.98 11152.2 5127.77 4461.63 4442.2 6176.25 6071.45 4313.35
threshold=2.4850000143051152 0 13.250000000000002 1.7549999952316286 2.3850001096725468 12.500000000000002 1.1150497794151308 1.1641309261322024 0.3486414253711701 1.5549999475479128 1.0000000180025095e-35 3.5349999666213994 2.7849999666213994 24603.750000000004 67.996994018554702 0.072171278297901167 88.250000000000014 26471.750000000004 1.0013249516487124 66.972438812255874 534.50000000000011 74.15000152587892 64.422271728515639 0.15666645765304568 0.12684906274080279 66.039329528808608 83.795001983642592 1.4484367370605471 3.5000000000000004 75.267150878906264 0.044807683676481254 0.089578986167907729 2.1650000810623173 23.500000000000004 70.545001983642592 2.4097166061401372 0.11055976897478105 32601.250000000004 -1.5449999570846555 3.5000000000000004 -2.6249999999999996 75.37390518188478 72.136989593505874 8.7500000000000018 0.76586836576461803 160.25000000000003 1.9049999713897707 0.14480212330818179 89.870384216308608 212.25000000000003 2.745000004768372 1 0.046010792255401618 0.13076394051313403 204.25000000000003 2 1.1509101986885073 1.0684167146682741 0.11828700825572015 89.33499908447267 96.924999237060561 70.751132965087905
decision_type=10 1 2 2 2 2 8 10 8 10 2 2 8 2 8 10 2 2 8 8 2 10 8 10 10 10 10 10 2 8 10 10 8 2 10 8 10 2 8 2 8 10 10 2 10 2 2 10 10 2 10 1 8 10 2 9 10 8 10 10 10 10
left_child=1 9 6 12 50 -6 13 8 -8 39 -4 14 -2 -3 15 -7 17 30 -16 20 21 -12 -21 24 26 -26 29 37 -9 -24 -17 -11 33 44 -18 36 47 -10 -31 40 -1 45 -15 -42 -33 -41 -47 -28 51 57 -5 54 -53 56 -20 -56 61 -37 -29 -60 -61 -54
right_child=3 2 10 4 5 11 7 28 27 31 19 -13 -14 42 18 16 34 -19 48 22 -22 -23 23 -25 25 -27 35 58 -30 38 -32 32 -34 -35 -36 49 -38 -39 -40 41 43 -43 -44 -45 -46 46 -48 -49 -50 -51 -52 52 53 -55 55 -57 -58 -59 59 60 -62 -63
leaf_value=0.20043100459640284 0.036427805913928565 0.016114888685039554 -0.2611284016046368 -0.010343916492789746 -0.1023142943728049 -0.075891689809199886 -0.031914566461027721 -0.010831296731453459 -0.059601569784440554 -0.032677161857865664 -0.10963918947352581 0.089110709164053628 0.16201395056762039 -0.011616637061954663 0.12424954233125264 0.17262525077744781 -0.084565028571249923 -0.24802901732517502 0.0071999806810398512 -0.035221165256140545 0.10239153788906249 0.044281569290442128 -0.02900847616708058 -0.18158413722279007 0.20230244652128601 0.042224883109587615 0.12731185866374933 -0.094641148733349487 0.13546833354207322 -0.34790931158779775 -0.02385052359336606 -0.13730052221745692 0.07175849944699772 0.0013507701180857856 0.046535786014218018 -0.061098819721975499 0.027054242314264086 -0.43142727754444904 0.06175908070219862 -0.074492250870658777 0.27945891107355281 -0.29689333972130738 -0.12171885447536125 -0.033330288989491481 -0.032297916230147036 -0.23663258851195032 0.07099414886066692 -0.14817909249561589 0.1686744565941532 0.25843479324893492 -0.061767661645656551 -0.028770005214591381 0.0090419219306406423 0.12092604128035672 -0.48379781393011406 0.032183223528702828 -0.12303807127641671 0.015420052342667257 -0.15926310503665508 -0.64231911849920265 -0.17828199827778449 0.045157468613526215
leaf_weight=164 13515 15108.5 150.5 7709.25 1019.75 2769.25 8156.5 9342 2383.75 17515.75 903.75 1902.75 695 1811 864.5 220 493.75 234 26870.25 4425 3338 1163.5 7008.5 306 564.5 2060.5 2001.75 509.25 433.5 44.75 7261.5 781.5 2745.25 10887.75 6687.25 1441 6236.75 56 1687.5 7836.75 75.75 144 945 4914 4890.5 89.25 623.5 100.5 320 112.75 4263.75 3045 7932.75 1121.5 106.75 174 339.25 7859 349.75 105.75 81.25 15897.75
leaf_count=212 15537 24257 317 11094 1208 3574 11584 10341 5254 25690 1404 2103 1994 1811 3458 235 622 234 31077 5079 4592 2089 8579 306 596 2206 2325 708 456 47 10677 894 4162 16089 8899 2131 7112 56 4611 12051 144 153 945 7536 6899 105 811 114 320 151 6072 3045 15711 1129 124 195 376 11615 652 141 109 19347
internal_value=3.05526e-05 -0.00997404 0.000626251 0.0125412 0.00775473 0.0133993 -0.0140296 -0.0307338 -0.0529101 -0.0264356 0.0152369 0.0149498 0.0425926 0.00599778 0.0130491 -0.00760746 0.00509448 -0.0250664 0.0194884 0.0163099 0.0544255 -0.0230458 0.0102202 0.0170563 0.0191565 0.07678 0.0134412 -0.10199 -0.00431636 -0.0131866 -0.0180273 -0.0170051 -0.00278326 -0.0151483 0.0374994 0.0265528 0.0489986 -0.0684858 0.0507823 -0.0515054 -0.0211097 -0.0695149 -0.0494332 -0.0284701 -0.0468101 -0.0656156 0.0319078 0.11401 0.017861 0.00666049 -0.0286645 0.0169851 0.0280875 0.034935 0.00539649 -0.166015 0.0309349 0.00355229 -0.179849 -0.260025 -0.444761 0.0331373
internal_weight=232798 129354 78686.5 103443 89233 77260 39282.2 21417.8 11642.2 50668 39404.2 76240.2 14210 17864.5 74337.5 17665.8 14896.5 7715.5 56671.8 39253.8 5405.25 2067.25 33848.5 29423.5 29117.5 2625 26492.5 3485.75 9775.5 8740.75 7481.5 36820.8 19305 16559.8 7181 17751.8 8339 2439.75 1732.25 13847.2 5153.75 8693.5 2756 4989.75 5672 8549.5 712.75 2102.25 55807.2 9412.75 11973 55487.2 28336.2 25291.2 27151 280.75 24169.8 9300 1046 536.75 187 23830.5
internal_count=321365 184334 109588 137031 119500 102334 56314 29301 18504 74746 53274 101126 17531 27013 99023 24241 20667 11146 74782 52957 8085 3493 44872 39793 39487 2802 36685 6920 10797 13237 10912 53734 28044 23882 9521 23448 9551 5310 4658 21012 7892 13120 2756 7680 7793 12967 916 2439 71324 13897 17166 71004 39608 36563 31396 319 35434 13746 1610 902 250 35058
cat_boundaries=0 1 2 3
cat_threshold=8 8 8
is_linear=0
shrinkage=0.04


Tree=90
num_leaves=63
num_cat=5
split_feature=1 21 25 25 35 22 17 56 21 24 35 47 24 22 21 42 21 49 49 47 47 24 14 53 43 27 48 47 21 25 49 22 45 11 12 24 22 50 21 8 47 53 48 56 42 22 49 25 45 25 9 22 0 21 53 21 24 25 29 50 32 29
split_gain=17717.3 12124.4 11136.2 9659.18 11741.8 9120.5 8668.06 9054.36 8493.67 13093.6 7746.73 7734.51 7717.75 7557.33 7524.76 9125.03 9034.28 8672.06 13325.8 7486.41 11447.7 11260.4 9055.8 11549.3 8354.36 7933.75 7329.67 7004.51 7867.01 6816.99 9747.35 8032.57 6748.25 6242.55 6235.46 6084.23 6603.04 6327.43 5845.71 5790.85 6244.69 9506.29 9482.64 7063.49 6601.58 6148.08 7003.52 5916.61 5714.46 6391.17 5671.73 5502.35 5466.21 6569.5 7317.9 6816.29 6272.5 5528.84 5249.8 5247.55 6190.11 5874.9
threshold=1.9550000429153445 73.233318328857436 34.125000000000007 496.62500000000006 10.750000000000002 0.028545571491122249 3.5000000000000004 0 62.269115447998054 0.3201736062765122 5.5000000000000009 73.124462127685561 0.061354259029030807 0.046474527567625053 83.14151763916017 74.088081359863295 74.374259948730483 2.5456092357635502 2.5638598203659062 73.124462127685561 71.665985107421889 0.16761939227581027 86.534999847412124 1 0.11148375272750856 1.0000000180025095e-35 0.10497713461518289 75.29248428344728 77.913887023925795 2.1250000000000004 2.4204438924789433 0.14480212330818179 24603.750000000004 0.71984010934829723 2.5000000000000004 0.046185640618205077 0.023618221282958988 15089.500000000002 65.551872253417983 15.500000000000002 74.207809448242202 2 0.04270900413393975 3 75.814414978027358 0.11184507980942728 2.6381918191909794 137.62500000000003 19238.750000000004 331.62500000000006 9.5000000000000018 0.038171408697962768 3.2849999666213994 65.668624877929702 4 65.551872253417983 0.17924162000417712 89.500000000000014 8.7500000000000018 8.1250000000000018 1.1467078924179079 16.750000000000004
decision_type=8 10 2 2 2 8 10 1 8 10 2 10 10 10 10 8 10 10 10 10 10 10 10 9 10 2 10 10 10 2 10 10 2 10 10 10 10 2 10 2 10 9 10 1 10 10 10 2 2 2 2 10 8 8 9 10 10 2 2 2 8 2
left_child=33 3 13 5 -5 12 -6 38 11 10 -10 -7 -2 27 15 -4 -17 -16 -19 20 22 29 23 24 58 -26 -9 28 -3 -22 -31 -32 -23 34 -1 37 -37 -18 -8 -21 42 -42 -41 44 45 46 -43 -44 49 -25 -35 -20 53 55 -55 -24 -56 -57 -12 60 61 -54
right_child=1 2 14 4 6 8 7 26 9 -11 19 -13 -14 -15 17 16 35 18 51 39 21 32 52 48 25 -27 -28 -29 -30 30 31 -33 -34 50 -36 36 -38 -39 -40 40 41 43 47 -45 -46 -47 -48 -49 -50 -51 -52 -53 59 54 56 57 -58 -59 -60 -61 -62 -63
leaf_value=0.028013866385883771 -0.038189023729644 -0.10260880771391839 0.018111390353049789 -0.039559045107380598 0.012397068694043403 -0.032331214662321042 -0.12328055331668089 0.11407433384903254 0.043466078073234611 0.25513685766678812 -0.41745395563128063 -0.24263179697885232 -0.1947785859072802 0.10448741030772045 0.11874073611376763 -0.14489921786660387 -0.014399543514375335 -0.33676830975609534 0.024892007408764724 -0.031459224053476662 0.10866837918520542 0.23207958780995544 -0.019173460621730355 -0.0064996132850712934 0.044954062725403504 -0.11045871970865558 0.37532160307790924 0.10258277185698822 0.11950278645433544 -0.14264869451968096 -0.048430389665086192 0.11707119369972543 0.007054824333063754 -0.051947096565879293 -0.024256293541531949 0.21675898567631213 -0.003880126112519896 -0.14975632142785852 0.051980553659590437 -0.073510829290196575 0.13956525526469693 -0.26602446803231422 0.10264923457572903 0.069995015043888401 0.023309738559613248 0.20218727387761581 -0.063036630128393112 0.27427843133414403 0.078426503342672371 -0.15553433836615066 -0.42264016556790751 0.27587995873207916 -0.22348515759952542 0.096497550845940028 0.0042306435247132608 0.032559744744579636 0.13017996995840977 -0.25164717484255311 -0.11592486165218546 0.064288065107762582 0.031473083207066821 0.0053610708244022373
leaf_weight=3968.25 5539.75 984.75 33341.75 3237.5 6287.75 8885.25 335 2723 6266 322 95 287 552.25 4049.75 2272.25 965 4958 159 3291.5 1824.75 417.75 355 4610.75 29308.5 1279 889.25 182 833.5 342.25 1748.25 9863.5 490.75 530 153.25 45519.75 353 558 620 3162 402.25 894.75 395.75 1488.5 1360 1270 96 866.25 410 1249 465.75 115 144 339.5 1637.5 18168.25 153 653.5 379.25 2128 5797.75 2259.25 378
leaf_count=5472 6637 1083 40391 3239 6308 12750 335 2723 9905 322 110 287 625 6080 2456 965 4958 159 3299 1998 429 355 7169 53235 1474 1658 182 1180 460 1995 10615 589 530 172 59562 353 558 620 3162 424 1206 410 1703 1669 1270 162 1176 410 1249 498 160 144 380 3013 33562 261 661 485 3508 8818 5122 396
internal_value=5.04319e-05 0.005809 0.0219583 -0.00076011 0.0284171 -0.004835 0.0457638 0.0785198 -0.00214759 0.00127119 0.0004358 -0.0389639 -0.0524447 0.0722705 0.0152593 0.00916635 -0.0308379 0.0576093 0.0189186 -0.00248922 -0.00624003 -0.0400926 0.000263091 -0.0139324 -0.0745543 -0.0188237 0.130691 0.011837 -0.0452238 -0.0498435 -0.0553326 -0.0405644 0.0976478 -0.0211118 -0.0200638 -0.0138348 0.0818933 -0.0294943 0.035128 0.0321445 0.0483065 0.0226856 0.10261 -0.00393231 -0.0422321 -0.103477 -0.127018 0.139968 -0.00532126 -0.00884148 -0.212846 0.035569 0.0148873 0.00554788 0.0157074 -0.0348564 0.00861288 -0.170118 -0.129178 0.0421294 -0.00104019 -0.103231
internal_weight=232613 182857 52872.8 129984 15927.2 114057 12689.8 6402 107965 98792.8 98470.8 9172.25 6092 6210.25 46662.5 40795.8 7454 5866.75 3594.5 92204.8 83196.5 13405.2 69791.2 35414.5 4391.25 2168.25 2905 2160.5 1327 12520.2 12102.5 10354.2 885 49756.2 49488 6489 911 5578 3497 9008.25 7183.5 4882.75 2300.75 3988 2628 1358 1262 1898.5 31023.2 29774.2 268.25 3435.5 34376.8 25602.2 20459.2 5143 18821.8 532.25 2223 8774.5 2976.75 717.5
internal_count=321087 255721 62706 193015 15949 177066 12710 6402 169804 156767 156445 13037 7262 8803 53903 47845 7454 6058 3602 146540 136112 14513 121599 61732 6750 3132 2905 2723 1543 13628 13199 11204 885 65366 65034 6489 911 5578 3497 10428 8430 5893 2537 4687 3018 1748 1586 2113 54982 53733 332 3443 59867 45151 37236 7915 34223 746 3618 14716 5898 776
cat_boundaries=0 1 2 3 4 5
cat_threshold=8 132 140 8 44
is_linear=0
shrinkage=0.04


Tree=91
num_leaves=63
num_cat=4
split_feature=0 56 35 0 25 14 53 15 37 21 15 25 15 49 18 25 1 2 23 28 6 25 25 23 42 5 25 17 22 25 21 22 37 15 42 29 48 53 25 49 23 4 4 2 23 25 24 21 23 48 21 54 24 23 15 11 42 32 22 23 44 44
split_gain=15635 12521.5 10223.3 10150.2 7492.32 11760.8 8659.99 6947.78 6706.17 7584.28 6360.04 6941.32 7532.29 9549.74 7214.05 6882.83 6843.84 6142.28 6490.67 6653.06 6065.11 6021.95 5957.17 7107.33 5806.63 7615.12 8107.27 6035.52 7596.74 7842.74 5663.67 5564.36 5539.3 5422.59 5339.16 5289.64 5335.16 7665.06 7385.06 5845.23 5199.62 5184.86 6587.07 5594.94 5075.93 4986.9 6123.19 6600.75 8341.94 6011.44 5907.6 5172.72 5745.49 6510.55 5056.84 4912.07 4823.96 4823.4 4792.88 4754.01 4732.24 8321.7
threshold=2.8750000000000004 0 14.750000000000002 1.7450000047683718 298.37500000000006 95.384998321533217 1 1.0000000180025095e-35 70.413234710693374 65.880176544189467 3.5000000000000004 99.125000000000014 4.2500000000000009 2.3717528581619267 1.5000000000000002 89.500000000000014 3.0249999761581425 1.2749999761581423 1.1079552769660952 3.5000000000000004 184.25000000000003 609.62500000000011 213.25000000000003 1.0116243958473208 73.292812347412124 27.500000000000004 661.25000000000011 2.5000000000000004 0.018693005666136745 524.37500000000011 65.668624877929702 0.1468901410698891 66.798824310302749 1.0000000180025095e-35 78.052867889404311 21.750000000000004 0.12360532581806184 2 465.75000000000006 2.1834117174148564 1.1971753835678103 1.8350000381469729 2.3950001001358037 1.6250000000000002 1.0293902754783633 199.62500000000003 0.30805669724941259 65.480831146240249 1.1222091317176821 0.16643454879522326 73.233318328857436 3 0.042066721245646484 1.0587649345397951 1.5000000000000002 0.82555782794952404 72.071407318115249 1.0893658399581911 0.063157849013805403 1.1234417557716372 2.1418342590332036 2.2466990947723393
decision_type=10 1 2 10 2 10 9 2 10 10 2 2 2 10 10 2 10 8 10 2 2 2 2 10 10 2 2 10 10 2 8 8 10 2 10 2 8 9 2 10 10 2 2 8 8 2 10 10 10 10 10 9 10 10 2 10 10 10 10 10 10 10
left_child=1 3 4 55 5 6 17 -4 9 58 16 15 13 31 59 -12 35 18 32 -20 44 -14 23 -11 25 -6 -27 -26 -29 -30 -2 -13 -3 -32 -7 36 37 -9 -39 -38 -25 43 -43 -35 -8 46 47 -46 49 -49 60 -47 -53 -54 -55 -1 -24 -57 -5 -15 -50 -62
right_child=30 2 7 8 24 34 20 10 -10 22 11 12 21 14 -16 -17 -18 -19 19 -21 -22 -23 56 40 27 26 -28 28 29 -31 33 -33 -34 41 -36 -37 39 38 -40 -41 -42 42 -44 -45 45 51 -48 48 50 -51 -52 52 53 54 -56 57 -58 -59 -60 -61 61 -63
leaf_value=-0.042109615371459137 -0.018249452639187626 0.14675546892018387 -0.22451494445333889 -0.25123004872885457 -0.055604991547321021 0.046105745701447529 0.067738271571347722 0.038893541660220209 -0.023565791395700014 0.063932634277174064 -0.048536476835038422 0.16456149955969668 0.028840089546744076 -0.40163726242426989 -0.012018619993791998 -0.26009964602785929 0.13737394625865237 -0.15819805088270078 -0.21691231065972424 -0.038426664934098125 0.13947300582728664 0.22093368596452415 0.078810725838833764 -0.016805125591163567 -0.0064894940637955532 0.016862831062779408 -0.15045852752268193 -0.011017901919185471 -0.31303033201643687 -0.10775997758290581 -0.26023315877695047 -0.094682490488862042 -0.023946330086648752 0.046654535227659999 -0.16599608749980779 0.088247395476532889 0.038872983906228828 -0.023878893086393363 0.056320441881354676 0.17450092720161053 0.10375732200480055 -0.053475751650421344 0.021844697080474963 0.19438187145278366 -0.046287829123303377 -0.15869846872424861 0.10111849918109166 -0.01541743040576053 0.067860737690762479 -0.13416917720894428 0.1669430982247305 -0.12423150764434382 0.25383894278796354 0.2286970170280351 0.029865225992011055 -0.099607747348253478 0.0043892581736699318 -0.4718711648472223 -0.028403007164857524 -0.14869025080763426 -0.080451032900829042 0.036924467938934245
leaf_weight=18034.5 6016 389.25 183.75 156.5 5244.75 9104 1517.25 8602.25 28865.75 2473 1131 357 1979 180 410 313 879 860.75 506.5 978.25 476.5 299 3617 11176 1202 7461 492 691 438 934 106 208.25 1364.5 6128 192 1939.25 7223 10558.25 2222 545.25 601.25 1946.75 39810.5 438 8137 206 735.75 14125.25 2311 714.75 479 310 243 215 3628 179.75 2267 79.75 6127.75 356 1464.5 2832.25
leaf_count=27297 7798 522 369 224 5274 12623 3153 9728 34424 9892 3435 357 1979 180 410 313 996 1748 580 1036 931 299 3656 16690 1202 7467 492 691 438 934 247 209 1885 6884 192 2726 13772 13067 2222 585 614 2891 51266 1119 18295 206 762 22529 2536 918 479 310 243 215 3628 251 2267 148 10096 356 1646 3331
internal_value=-0.00041072 -0.00614204 0.00274871 -0.0187858 -0.00657313 0.00102804 -0.00808269 0.0195173 -0.0102386 0.0043235 0.0207349 -0.0201358 0.00831047 -0.0608797 -0.138499 -0.0946966 0.0274264 -0.063186 -0.0380436 -0.0995296 -0.00202158 0.0542286 0.0162974 0.00231382 -0.0300218 -0.0181992 0.00647552 -0.0777684 -0.119248 -0.173657 0.0183492 0.0690394 0.0140609 0.0228963 0.0416894 0.024309 0.0200495 0.00973267 -0.00992026 0.0484361 -0.0106329 0.0235283 0.0183306 0.0565664 -0.00385603 -0.00692832 -0.0127321 -0.0155251 -0.00410559 -0.0211548 0.0315911 0.031901 0.0411698 0.0538759 0.0411043 -0.0446111 0.0501501 -0.216777 -0.0340316 -0.234827 0.0217306 -0.00309864
internal_weight=232663 178218 104639 73578.2 67253.2 50790.5 41494.5 37386 55284.2 26418.5 37202.2 5233.25 3789.25 1511.25 946 1444 31969 4099.25 3238.5 1484.75 37395.2 2278 20134.2 14250.2 16462.8 13197.8 7953 3265 2063 1372 54445.2 565.25 1753.75 48429.2 9296 31090 29150.8 21382.5 12780.2 7768.25 11777.2 48323.2 41757.2 6566 36918.8 35401.5 30799.5 30063.8 21926.8 14840 7086.75 4602 4396 4086 3843 18294 5884 259.5 6284.25 536 6607.75 4296.75
internal_count=321033 250828 145269 105559 94266 77768 64953 51003 77863 43439 50634 7538 3790 1512 946 3748 43096 5771 4023 1616 59182 2278 33119 27196 16498 13233 7959 3265 2063 1372 70205 566 2407 62407 12815 42100 39374 25017 15289 14357 17304 62160 54157 8003 58251 55098 50496 49734 31439 23447 7992 4602 4396 4086 3843 27696 5923 399 10320 536 7513 4977
cat_boundaries=0 1 2 3 4
cat_threshold=8 132 100 16
is_linear=0
shrinkage=0.04


Tree=92
num_leaves=63
num_cat=1
split_feature=4 4 17 49 45 21 40 14 5 49 49 22 11 28 4 6 33 14 24 49 49 22 22 24 52 6 11 21 26 22 21 49 16 48 19 22 48 4 7 11 4 42 39 21 19 4 26 29 24 24 22 18 21 43 48 44 21 6 24 1 33 14
split_gain=16219 10419.3 10853.9 11269.5 12411.5 11113.2 9707.83 10072 9787.97 9478.34 10920.5 9657.15 9322.96 11750.2 8865.15 9347 8651.25 8303.76 7444.73 11248.4 10791.9 8941.61 7851.09 7948.25 7800.86 7129.36 6920.45 6900.18 6510.97 6439.68 8391.61 6774.89 6379.59 6170.5 6071.76 5897.25 8788.64 5689.14 5424.34 8896.52 7502.72 5486.43 7075.58 5519.61 5409.72 5400.5 5338.43 5752.91 5321.12 5278.88 5217.1 5170.43 9061.33 7025.27 5121.88 5650.26 5313.8 6062.05 5271.97 5094.69 6328.78 5086.61
threshold=2.7649999856948857 1.0000000180025095e-35 4.5000000000000009 2.5456092357635502 31145.250000000004 80.24106597900392 0.09445029124617578 98.095001220703139 57.500000000000007 2.0853734016418461 2.1127139329910283 0.12964180856943133 0.54502454400062572 4.5000000000000009 2.2350000143051152 3.5000000000000004 1.4166705012321474 78.58499908447267 0.076709736138582243 2.4302760362625127 2.4657217264175419 0.015367629006505014 0.089220236986875548 0.094128869473934187 0 12.500000000000002 0.56973218917846691 69.930908203125014 4.5000000000000009 0.06120711378753186 66.663600921630874 2.1441447734832768 3.5000000000000004 0.12432544678449632 21.500000000000004 0.094713956117630019 0.11751550063490869 0.90500000119209301 12.500000000000002 0.087010599672794356 0.79500001668930065 72.626979827880874 1.1437449455261233 64.422271728515639 59.500000000000007 3.6950000524520878 4.5000000000000009 19.750000000000004 0.3201736062765122 0.3201736062765122 0.34571312367916113 1.5000000000000002 84.929595947265639 0.050034569576382644 0.16107133030891421 2.212171316146851 70.319358825683608 202.75000000000003 0.055512959137558944 3.5349999666213994 2.9010794162750249 80.704998016357436
decision_type=2 2 10 10 2 8 8 10 2 10 10 10 8 2 2 2 10 10 10 10 10 10 10 10 9 2 10 10 2 10 10 10 2 10 10 8 10 2 2 10 2 8 10 10 10 2 2 2 10 10 10 10 10 8 10 8 8 2 10 8 10 10
left_child=1 6 14 5 -5 9 -1 8 12 27 -11 18 48 16 15 37 -14 -15 21 24 22 -12 23 -21 -20 -2 32 35 -18 31 -31 -23 38 46 -32 -4 -37 -3 39 -17 -41 43 -43 -40 -7 50 -19 -48 59 -45 -27 53 -53 -46 55 -16 57 -57 -56 -8 -61 -35
right_child=25 2 3 4 -6 44 7 -9 -10 10 11 -13 13 17 54 26 28 33 19 20 -22 29 -24 -25 -26 45 -28 -29 -30 30 34 -33 -34 61 -36 36 -38 -39 41 40 -42 42 -44 49 51 -47 47 -49 -50 -51 -52 52 -54 -55 58 56 -58 -59 -60 60 -62 -63
leaf_value=0.05282188254868183 -0.10443693285089406 0.016767207002519963 -0.031527179549750893 -0.06856307693673698 -0.51867311190757426 0.1684077713023131 0.0090203253355219306 0.049979486817323657 -0.20911513712132557 -0.15441129750671254 0.051117626565340697 -0.13638171771276134 0.057969169108778404 -0.062975748725568326 0.021601723292300572 -0.086797203239104212 -0.19435665126047927 -0.027488366069283846 0.036741706380069489 -0.029240340970322128 0.16659064924143827 0.14605899591772911 0.240550348234564 -0.22586991789585054 0.16218720652660967 0.021796520634285645 -0.13930591473642678 0.18522671742586277 -0.5603119862376853 -0.19201577981812035 -0.047701437550854812 -0.049471571879532182 0.060876438094382833 -0.10430102888993222 0.15233319554950325 -0.18434953375171112 0.15421641067158157 0.20820777224993381 -0.059211911908641279 -0.34215341770747471 0.0240118924612539 -0.086519184544475505 0.0051348178966890909 -0.022011963998338876 -0.29140689768166989 0.14872929362642212 0.090734299334171098 -0.18795660262195008 0.23729710963423217 0.25691186192768428 -0.27810757493588228 0.1986642240227805 -0.047986848816439345 0.027758368441137798 0.034244977165726657 -0.029165575688248777 0.002237564083676162 0.12193791640251873 -0.090563895958269497 0.10510220152644575 -0.38145541462116994 0.077310680421206521
leaf_weight=7499.5 715 644.75 961 561.25 117 954 13498.5 6124.25 373.25 726.75 3098.25 754 186.25 4483 12005 1558.75 478.25 7370.75 1671 953.75 375 293 117.25 500.75 1510.75 46390.25 908.25 703.5 92.25 190.5 343.75 7337 1258 276 817.75 141 870.25 402.5 7690.75 88.75 6693.5 6089.75 1730 27661.5 125 535.5 1128.25 130.5 174.75 107 91 691.5 362 839.5 730.75 18197.75 26493 433 2078.25 1337.5 42.25 2206.75
leaf_count=8515 817 980 1783 757 117 1707 16209 8003 377 846 3138 1015 271 8047 16088 2506 653 8960 1779 1028 375 293 154 536 1807 60143 1545 1431 93 483 868 11318 1420 360 2062 243 1564 554 11518 139 9587 9923 1730 38484 152 543 2884 522 177 107 133 1407 362 2224 2023 24902 35712 592 2529 3421 61 3337
internal_value=-4.23125e-05 -0.00540114 -0.0108084 0.013065 -0.147517 0.0175523 0.0112466 0.00301789 -0.0060348 0.00746693 -0.00261649 0.00354099 -0.00360776 -0.024517 -0.016012 -0.0276347 -0.178236 -0.0170355 0.00968729 0.0500562 -0.0256597 -0.00745554 -0.0716867 -0.097158 0.0963724 0.020748 -0.0299404 0.0778497 -0.255296 -0.0276675 0.0527351 -0.0419256 -0.0280565 0.00150542 0.0931451 0.0393955 0.106731 0.0906097 -0.0302263 -0.000688905 0.0191198 -0.0359185 -0.066245 -0.029227 0.0899981 0.0226562 -0.0144838 0.0615825 0.0191056 -0.0209185 0.0211973 0.0527962 0.113973 -0.0141149 -0.00537849 -0.00278454 -0.00927326 -0.0256406 -0.0580913 0.0165107 0.0896667 0.0570505
internal_weight=232920 185189 139787 25015.5 678.25 24337.2 45402 37902.5 31778.2 21365.2 18689.5 17962.8 31405 16352 114771 54833.5 756.75 15595.2 17208.8 5128.5 1946.75 12080.2 1571.75 1454.5 3181.75 47731.8 53786.2 2675.75 570.5 8982 1352 7630 52878 11112.2 1161.5 1972.25 1011.25 1047.25 51620 8341 6782.25 43279 7819.75 35459.2 2972 47016.8 8629.5 1258.75 15053 27768.5 46481.2 2018 1053.5 964.5 59937.8 57128.8 45123.8 18630.8 2809 14878.2 1379.75 2482.75
internal_count=321314 259678 197788 37449 874 36575 61890 53375 45372 30723 25702 24856 44995 25127 160339 78493 1017 24110 23841 5679 2093 18162 1718 1564 3586 61636 76959 5021 746 15024 3413 11611 75414 16063 2930 3590 1807 1534 73994 12232 9726 61762 11653 50109 5852 60819 12366 3406 19868 38591 60276 4145 1769 2376 81846 77294 61206 25494 4552 19691 3482 3697
cat_boundaries=0 1
cat_threshold=16
is_linear=0
shrinkage=0.04


Tree=93
num_leaves=63
num_cat=4
split_feature=21 25 0 50 32 47 11 48 19 20 5 49 25 21 15 17 20 22 44 48 17 14 19 47 49 50 52 21 21 53 25 21 48 25 21 42 25 50 52 47 22 15 22 47 25 25 25 47 12 14 47 50 22 49 21 44 53 19 22 25 42 8
split_gain=14597.2 13361.2 12225.8 11773.2 9450.31 8135.7 7908.6 7384.02 7221.22 11094.6 10156.8 17117.2 9723.1 10961.3 9245.74 10340.9 9073.08 8774.27 8205.51 10509.8 7917.59 7133.76 8653.4 8463.27 11852.7 6940.45 6896.71 6818.04 9049.71 6763.73 8668.47 6533.38 15127.9 20950.9 7541.15 8891.63 9848.78 8996.91 8929.39 7706.29 7491.05 6864.44 7303.09 7929.27 6730.86 6531.04 8008.22 6487.45 5968.94 6367.33 6216.38 5965.73 5888.53 7596.12 6159.76 5664.45 8470.3 5530.7 5529.49 5471.46 5456.07 5447.29
threshold=65.668624877929702 29.375000000000004 3.0749999284744267 26471.750000000004 1.0055662989616396 70.391494750976577 0.23540768027305606 0.04674722999334336 10.500000000000002 159.00000000000003 36.500000000000007 2.4104970693588261 209.37500000000003 69.445976257324233 1.5000000000000002 1.5000000000000002 159.00000000000003 0.03408933803439141 2.4109138250350957 0.02157175820320845 2.5000000000000004 83.305000305175795 145.50000000000003 71.665985107421889 2.443925261497498 26471.750000000004 0 75.113819122314467 74.374259948730483 1 8.8750000000000018 65.602870941162124 0.074320156127214446 184.37500000000003 62.568962097167976 66.972438812255874 279.37500000000006 3378.0000000000005 2 73.124462127685561 0.1597690433263779 1.5000000000000002 0.14833834767341617 73.608860015869155 256.87500000000006 199.62500000000003 66.125000000000014 71.254894256591811 2.5000000000000004 77.729999542236342 71.393615722656264 283.37500000000006 0.139328308403492 2.170954823493958 64.822723388671889 2.0413097143173222 3 36.000000000000007 0.15207345038652423 38.125000000000007 69.64237213134767 42.500000000000007
decision_type=8 2 10 2 8 10 10 10 8 2 2 10 2 8 2 10 2 8 10 8 10 8 10 8 8 2 9 10 10 9 2 10 10 2 10 10 2 2 9 10 10 2 10 10 2 2 2 10 10 10 10 2 10 10 10 10 9 8 10 2 10 2
left_child=1 -1 4 7 5 -2 8 -3 9 29 14 12 13 -12 15 -10 18 20 19 -16 -11 22 -18 -23 27 -14 -15 28 61 30 -6 34 -33 -34 39 37 40 55 45 -9 44 -38 43 52 -37 46 -39 -44 49 50 -21 -19 53 54 -43 -36 -57 -42 -5 -59 -7 -25
right_child=2 3 -4 58 6 60 -8 31 10 17 11 -13 25 26 16 -17 21 51 -20 48 -22 23 -24 24 -26 -27 -28 -29 -30 -31 -32 32 33 -35 35 36 41 38 -40 -41 57 42 47 -45 -46 -47 -48 -49 -50 -51 -52 -53 -54 -55 -56 56 -58 59 -60 -61 -62 -63
leaf_value=-0.092084963104071771 0.039339354870056187 0.21086462052402397 0.028302575963095423 -0.18601375109550525 0.14748923511704179 0.26977270321148294 -0.024199200290363057 -0.026253603437933908 -0.12222187866099576 0.027425359218394903 -0.030108769912003012 -0.0062024327234281593 0.088633048975756398 0.20843176194103546 0.39953359623352686 0.099918696296578652 -0.071805911858355359 0.032996274434651848 -0.099991615132229678 0.015970566538286962 -0.084327792915672953 0.0023927268943761668 -0.0025631538824297207 -0.042873895464566179 -0.018879978381305906 -0.14345244320585204 0.041840749802945068 0.0047276011993265463 -0.39468527686494953 -0.079149362814238081 -0.032944652075111297 -0.44128838618486316 0.16201508842103216 -0.29033306943871834 0.10975594109524575 -0.052421571231784689 0.27592168114172372 -0.020451654433816604 -0.29100861847747794 -0.23035918275020176 0.11299175444023686 0.10787616155437704 0.046893683050692136 0.3447144639106024 -0.3936836893583866 0.047166982584632935 0.3709181670416114 0.22423465579032406 0.00031595183245702575 0.15473669616233182 0.19400674004181423 0.096488019888844423 -0.23503794654587218 -0.054143814716489554 -0.033053860552665265 0.086713328670699572 -0.08834541098432018 0.17493853460981229 0.058254794349217549 -0.021384003500626889 -0.079828591117421285 -0.16932350579571306
leaf_weight=3877 3523 238 29846 885 607.75 419.75 20626.75 14976 396.75 4446.25 4187 27676.25 6644 423 118 2110.75 7995 4770 873 2948.75 1312 25625.25 4520.5 987.75 16040.5 211 6223.5 710.5 197.25 2266.5 1412 183 379.75 285 912.25 5948.25 182 103.75 58.5 300 707.25 1323 1047.5 103 92 254 424.75 481 6918.5 903.25 349.25 4707 172 1959.25 792 767.75 1010.25 240.75 177 3529 85 1219.75
leaf_count=9349 14092 238 37937 885 871 1679 29281 20178 495 5170 6614 32708 6647 777 118 2788 11586 9213 873 5375 1459 33105 6547 1152 19708 211 12342 832 288 3540 1532 183 460 285 1084 7518 182 325 174 300 708 1323 1049 103 92 254 682 481 7940 1558 350 5163 172 2089 792 1535 1437 507 177 5080 340 1246
internal_value=0.00012325 -0.0214089 0.00478429 -0.0141034 0.000436453 0.0609226 -0.00111177 -0.0102761 0.00236958 0.0248938 -0.00137994 0.0134406 0.0441727 0.0205747 -0.0107292 0.0646978 -0.013456 0.0408877 0.0179982 0.027181 0.00194091 -0.020105 -0.046801 -0.0126421 -0.0327531 0.0814484 0.0525037 -0.104126 -0.136268 -0.0319464 0.0213313 -0.0117405 -0.121347 -0.0321985 -0.00910757 0.0069871 -0.00529121 0.0645987 0.178633 -0.0302921 -0.028693 0.0353195 0.0277767 0.00132928 -0.0577493 0.214406 0.294286 0.102926 0.0231579 0.0607533 0.0349327 0.0645457 -0.0071566 0.00257236 0.0551172 0.0288413 -0.0127463 0.0105155 -0.145262 -0.00875789 0.210801 -0.112837
internal_weight=232710 41409 191302 37532 161456 4027.75 157428 36470 136801 19521.5 117280 45364.8 17688.5 10833.5 71914.8 2507.5 69407.2 15235.2 12110.8 11237.8 5758.25 57296.5 12515.5 44781 19155.8 6855 6646.5 3115.25 2404.75 4286.25 2019.75 36232 847.75 664.75 35384.2 20108.2 16577 3531.25 841 15276 10517.2 6059.75 5877.75 4349.25 6040.25 782.5 528.5 1528.5 11119.8 4201.25 3298 9477 4246.25 4074.25 2115 2690.25 1778 4477 1062 3769.75 504.75 2207.5
internal_count=321179 57642 263537 48293 225600 16111 209489 47231 180208 26948 153260 59299 26591 19733 93961 3283 90678 21005 16214 15341 6629 74464 18133 56331 23226 6858 13119 3518 2686 5943 2403 46993 928 745 46065 25587 20096 5491 1435 20478 13905 6191 6009 4479 7610 1261 1007 1530 15223 7283 5725 14376 4376 4204 2115 4056 2972 6295 1062 5587 2019 2398
cat_boundaries=0 1 2 3 4
cat_threshold=8 160 16 224
is_linear=0
shrinkage=0.04


Tree=94
num_leaves=63
num_cat=5
split_feature=1 1 56 19 15 43 43 43 30 50 29 43 0 6 22 37 11 56 53 45 43 49 50 16 52 24 22 43 20 45 22 15 17 20 29 14 31 20 15 14 20 22 37 23 32 45 22 11 42 24 6 0 49 12 2 45 6 45 53 17 42 14
split_gain=13931 9307.89 7178.83 8376.45 8178.13 7916.81 7756.12 7616.1 9430.68 9136.42 7494.85 6597.33 6561.39 6549.64 6254.02 6178.64 5867.5 7207.5 5703.51 5679.12 5600.9 5493.54 5289.11 5288.46 5217.2 5209.38 6133.47 5447.63 5176.36 6503.43 5116.9 5088.07 5061.38 5297.76 5569.5 4992.54 12462.2 6157.86 8175.04 7123.98 6677.66 5120.93 4867.39 4811.73 11840.5 6526.85 6355.92 5461.04 4787.12 4764.53 4600.05 4589.84 4498.39 5501.24 4433.36 4353.21 5050.15 5391.69 5381.12 4330.3 4237.12 4233.65
threshold=2.0649999380111699 3.2549999952316289 0 5.0000000000000009 1.0000000180025095e-35 0.046010792255401618 0.04731948301196099 0.048950795084238059 0.073003996163606658 283.37500000000006 14.750000000000002 0.11698764190077783 2.8149999380111699 187.75000000000003 0.064866729080677046 79.317783355712905 0.71984010934829723 1 2 554.87500000000011 0.13171624392271045 1.8745176792144778 473.00000000000006 4.5000000000000009 3 0.30805669724941259 0.26366053521633154 0.11195386201143266 181.50000000000003 31145.250000000004 0.062203435227274902 2.5000000000000004 4.5000000000000009 177.50000000000003 16.750000000000004 98.095001220703139 67.342235565185561 159.00000000000003 2.5000000000000004 86.174999237060561 110.00000000000001 0.16155823320150378 70.413234710693374 1.046083986759186 1.0621463656425478 1070.2500000000002 0.13181531429290774 0.50084745883941661 73.954586029052749 0.053375126793980605 86.500000000000014 0.65500000119209301 1.4375321269035342 2.5000000000000004 -0.67500001192092884 38485.250000000007 92.250000000000014 17684.250000000004 4 3.5000000000000004 72.020111083984389 95.384998321533217
decision_type=8 10 1 8 2 8 8 10 10 2 2 10 10 2 8 8 10 1 9 2 10 10 2 2 9 10 10 10 2 2 8 2 10 2 2 10 10 2 2 10 2 10 10 10 10 2 10 10 10 10 2 10 10 10 10 2 2 2 9 10 10 10
left_child=16 2 3 -2 -4 -6 -7 13 10 21 28 19 42 18 -15 -14 23 -18 30 54 -13 -10 -12 24 48 26 55 -28 60 59 -8 -27 33 34 -22 37 -37 38 -23 40 -40 49 43 45 -45 -5 -47 -46 -1 -42 -24 -3 -26 61 -11 56 58 -58 -21 -30 -9 -54
right_child=1 51 4 12 5 6 7 8 9 11 22 20 15 14 -16 -17 17 -19 -20 25 32 35 50 -25 52 31 27 -29 29 -31 -32 -33 -34 -35 -36 36 -38 -39 39 -41 41 -43 -44 44 47 46 -48 -49 -50 -51 -52 -53 53 -55 -56 -57 57 -59 -60 -61 -62 -63
leaf_value=-0.022179626634390378 0.08377372082680011 0.24653879927616465 -0.22311338450638324 0.078683808920251536 -0.037709072043804255 0.064797643655483142 -0.013706521563163843 -0.0050731869544062367 -0.13186600895787035 0.37305066281557081 0.11176233779378394 0.11573002678355092 0.013443810740921054 0.00015512376090020803 0.28225753471612158 -0.13209204442709077 -0.51195977569686935 -0.065681392649784009 -0.022839867872694132 0.079592122760186484 -0.0068242129976665532 -0.078037038148314905 0.014138172384255725 0.15351767626084634 -0.10298779170649118 0.22507653270028205 -0.074843630756708399 -0.43598128385430629 0.044030926764746035 -0.063422731884100553 0.16041655326066617 0.015940206856961542 0.16786708650207285 -0.019122261562622631 0.12166465062797785 0.42548426719381022 0.01809441499716017 -0.044779695131369084 -0.10030830014452549 0.25983802902285669 0.30757313781717549 0.28057709615816834 -0.030454109175720875 -0.1812971868789621 -0.0063377987465436962 0.014340876151762992 -0.12292722189243309 -0.18645466107130051 -0.084391692883229688 0.030356929212005626 0.074097017628373993 0.034575948790628475 0.043546647263837869 -0.0033057114244819438 0.059076438803836784 -0.096758266129582465 0.0072407386075742141 0.069046716735445324 -0.015061281763343776 0.15501698243259163 -0.1345511399582193 0.21396883075390957
leaf_weight=35594 1593.25 163.5 237.5 2284.75 5054 4518 545 3771.75 664 116 2646.75 1748.5 19810.25 275 229.75 476 81.25 192.75 15807.25 1037.5 950 1146 3764 291.25 663.25 339 329.75 82.25 2860.5 752 532.5 410.75 406 2479.75 1247 132.5 1128 7351.5 525.5 229 101.5 150.5 22783.5 665.75 15839.75 4143 618.5 272 2094 2416.25 4490.75 13733 1255.25 18521.5 187 631 5709.5 3735 11399 699.25 451 285
leaf_count=47135 1813 201 569 5455 5054 4518 545 4368 1555 116 3093 1942 24632 275 493 485 118 219 32011 1054 950 2262 4826 313 766 339 488 92 4551 752 2055 428 967 5290 1247 185 1287 9585 542 322 169 152 27348 923 21794 10470 2321 563 2094 3179 6470 17099 1952 24427 187 631 7409 3735 14744 1849 451 360
internal_value=4.26549e-06 0.00570836 0.00297709 -0.00681167 0.010321 0.0109349 0.0137946 0.0109648 0.017335 0.00721085 0.0405911 0.0193399 -0.00897177 -0.0125114 0.129184 0.0100159 -0.0167919 -0.200797 -0.0167625 0.00945728 0.0540125 -0.0197776 0.0625662 -0.0159261 -0.0167763 0.00724675 0.00384829 -0.148717 0.0125123 0.043332 0.0718102 0.110859 0.0327425 0.0209436 0.0661457 -0.0141113 0.0615306 -0.0221196 0.0143442 0.045305 0.029767 0.0554437 -0.0172366 -0.00459431 -0.0162441 0.02314 -0.00353215 -0.00940181 -0.0256407 0.041771 0.046768 0.0371055 -0.000655179 0.00273751 0.180962 0.00665376 0.00964487 0.0316933 -0.00710088 0.0659092 -0.0189608 0.0753225
internal_weight=232649 173671 159774 68486.8 91287.8 91050.2 85996.2 81478.2 64088.8 44652.8 19436 30808 66893.5 17389.5 504.75 20286.2 58978.2 274 16884.8 23976.8 6831.25 13844.8 10901.5 58704.2 58413 23673.8 22924 412 8534.5 4311.75 1077.5 749.75 5082.75 4676.75 2197 13180.8 1260.5 11920.2 4568.75 3422.75 3193.75 2668.25 46607.2 23823.8 16777.5 7046.25 4761.5 16111.8 37688 2517.75 8254.75 13896.5 20725 20061.8 303 22512 21881 9444.5 12436.5 3559.75 4222.75 1540.25
internal_count=321225 243841 226541 95804 130737 130168 125114 120596 85217 58857 26360 39619 93991 35379 768 25117 77384 337 34611 29223 10396 19238 14389 77047 76734 28920 28153 580 11971 7152 2600 767 8454 7487 2197 17683 1472 16211 6626 4364 4042 3500 68874 41526 23280 18246 12791 22357 49229 3348 11296 17300 27505 26739 303 27573 26942 11144 15798 6400 4819 2312
cat_boundaries=0 1 2 3 4 5
cat_threshold=8 8 168 16 4
is_linear=0
shrinkage=0.04


Tree=95
num_leaves=63
num_cat=4
split_feature=1 21 24 22 29 25 29 1 43 5 19 23 22 50 25 21 24 30 43 48 21 22 25 52 5 14 50 49 53 53 24 43 21 22 48 49 43 25 24 15 21 25 21 24 48 21 49 22 25 22 50 23 14 38 48 44 11 53 14 22 48 17
split_gain=13320.7 9884.8 14338.5 8976.48 7472.99 8277.28 8610.67 11398.6 7937.65 8652.64 8510.31 11454.6 7832.96 8343.21 11508 8893.82 8481.54 7300.25 7207.79 7686.13 6381.07 6258.84 5858.67 7812.65 5682.81 5674.45 5573.14 5565.55 10018.3 9719.37 9051.3 7252.65 6858.55 6737.87 8122.6 5523.59 5394.99 5386.17 8264.46 7286.52 7240.79 6804.67 5886.25 5927.27 5175.1 5135.99 5125.62 9813.9 7245.43 9700.81 7235.69 4983.87 4881.07 4873.89 4927.64 6196.21 5722.6 4822.33 5144.65 4735.85 4725.14 6269.86
threshold=2.8950001001358037 64.422271728515639 0.30805669724941259 0.22780887037515643 16.250000000000004 661.25000000000011 11.750000000000002 1.325000047683716 0.057989934459328658 41.500000000000007 9.5000000000000018 1.1301903128623965 0.039901101961731918 35970.250000000007 276.37500000000006 72.887008666992202 0.063986252993345274 0.10803186520934106 0.046389764174819 0.047972863540053375 67.886199951171889 0.17032737284898761 225.87500000000003 0 6.5000000000000009 94.430000305175795 22152.750000000004 2.5562542676925664 1 2 0.10525537654757501 0.11698764190077783 80.24106597900392 0.038171408697962768 0.03216610103845597 2.5253818035125737 0.048099422827363021 477.62500000000006 0.083215549588203444 3.5000000000000004 66.73026275634767 423.75000000000006 69.779163360595717 0.15303881466388705 0.46700048446655279 74.448661804199233 2.4302760362625127 0.031053040176630024 288.37500000000006 0.0069816617760807284 18997.500000000004 1.2374786734580996 86.020000457763686 1.2895159721374514 0.3237979412078858 2.0757722854614262 0.25645792484283453 3 69.479999542236342 0.11072703078389169 0.024486950598657135 2.5000000000000004
decision_type=10 8 10 10 2 2 2 8 8 2 8 10 10 2 2 10 10 10 10 10 8 10 2 9 2 8 2 10 9 9 10 10 10 10 10 8 10 2 10 2 10 2 10 10 10 10 10 10 2 10 2 10 10 10 10 8 8 9 10 10 8 10
left_child=1 18 3 4 5 6 26 -8 12 10 35 20 46 14 24 -15 45 -7 -1 -20 -12 22 23 -11 -14 53 27 29 33 31 -30 52 -31 34 -29 -10 -21 39 -39 40 -18 42 43 -41 -38 -16 47 -6 49 -48 -51 -28 -3 54 55 -9 -57 -22 -59 -56 61 -37
right_child=-2 2 -4 -5 8 17 7 25 9 21 11 -13 13 15 16 -17 37 -19 19 36 57 -23 -24 -25 -26 -27 51 28 30 32 -32 -33 -34 -35 -36 60 44 38 -40 41 -42 -43 -44 -45 -46 -47 48 -49 -50 50 -52 -53 -54 -55 59 56 -58 58 -60 -61 -62 -63
leaf_value=-0.33422833934157598 0.020566009928974775 -0.28173467682560777 0.21466943721121889 0.24977301597056933 0.010794391409770487 -0.056210116111422619 -0.071834141239391747 0.035695650488483048 0.015084328337137425 0.2057325918613454 -0.058343976375504342 0.029377399730716475 0.081235951178503463 0.087315703586355542 -0.14893638145607596 -0.26046865243528239 -0.19444094020004699 -0.25602949322763424 0.29746273897562781 -0.22894327233668185 -0.14926055898079826 -0.22475962663333185 0.078561466806768399 0.016659536314950929 -0.021838297475123336 0.013098708883292376 -0.027765865724315442 0.056211859320092636 -0.097807837477218537 0.033639219182138393 0.2733987853076007 0.036459058591931992 0.15452551361019828 0.1864762945285158 -0.25219505707434647 0.078576569997145379 -0.023988315302487767 0.17034456123171313 -0.047339375898014013 -0.1139213464953889 -0.0048519308502019088 -0.45892735575426608 -0.24951398427617477 0.1757179595120251 -0.20236269151235259 -0.39543238888341081 -0.31646763461995092 0.17584887870604901 0.022076472019349258 -0.015322075974208359 -0.19808390412883295 -0.25182386212599905 0.03640284686539294 0.10440837479532369 -0.32761625156336766 -0.015784057413931147 -0.059025090745814746 0.040756416746696056 -0.012170383102878149 -0.048790271181828347 0.12266811387946806 -0.11510060617805574
leaf_weight=120 41028 343.5 490 225 2147.75 2226 5650.5 2833.75 4468.5 362.5 4600.5 13456.5 1022 1341 677 127 396 335.25 115 209 364.75 138.5 4943 8619.25 5208.75 11155 2250 711.5 2003.75 11914 109 330.25 799.75 455.25 167 966.5 25302 339 1534 976 1696 107 471 126 261 169 190 786 7796 5281.5 369 169 98.75 491 161 19671 6519.5 3390.75 21944.25 244.75 1968.25 367.5
leaf_count=120 51993 498 490 228 2741 2226 7245 5587 6000 856 7695 14187 1349 1341 677 127 396 345 115 209 568 155 5015 16828 7113 14629 2250 848 2330 19222 109 457 1027 771 194 1493 36114 339 1534 976 1696 107 471 126 261 169 190 1053 7796 6534 369 169 203 491 221 29349 12446 4773 33687 484 3769 453
internal_value=-0.00011918 -0.00454619 -0.00094772 -0.00158984 -0.0019357 -0.0120215 -0.00928536 -0.0185776 0.00524939 0.0131116 0.00552089 -0.00133012 -0.0115151 -0.0333256 -0.043746 0.0569092 -0.0810111 -0.0825476 -0.0274719 -0.0260239 -0.0149688 0.0409187 0.0435937 0.0243354 -0.0049096 -0.0112482 0.0131508 0.0212653 -0.0240865 0.0328577 -0.0780434 -0.103942 0.0412348 0.0614917 -0.00284589 0.0440901 -0.0274907 -0.0632623 -0.00779615 -0.0907834 -0.040895 -0.152779 -0.131393 -0.0805391 -0.0258255 -0.199003 0.00716338 0.0551076 -0.0031573 -0.0368372 -0.0273244 -0.0436178 -0.210836 -0.0203256 -0.0224138 -0.0204721 -0.0265519 -0.00719997 -0.00508186 -0.160511 0.0833044 0.0251226
internal_weight=232740 191712 165705 165215 164990 68639.5 66078.2 46726.5 96350.8 65590.8 51527.5 43756.8 30760 14189.8 12721.8 1468 6491 2561.25 26007 25887 30300.2 14063.2 13924.8 8981.75 6230.75 41076 19351.8 16932.8 3446.5 13486.2 2112.75 772.5 12713.8 1333.75 878.5 7770.75 25772 5645 1873 3772 2092 1680 1573 1102 25563 846 16570.2 2933.75 13636.5 5840.5 5650.5 2419 442.25 29921 29430 29024.2 26190.5 25699.8 25335 405.75 3302.25 1334
internal_count=321214 269221 232402 231912 231684 101101 98530 70452 130583 95479 72625 60910 35104 16421 14953 1468 6491 2571 36819 36699 46723 22854 22699 17684 8462 63207 28078 25659 4252 21407 2439 1158 20249 1813 1042 11715 36584 5645 1873 3772 2092 1680 1573 1102 36375 846 18683 3794 14889 7093 6903 2419 701 48578 48087 47382 41795 39028 38460 705 5715 1946
cat_boundaries=0 1 2 3 4
cat_threshold=8 12 4 128
is_linear=0
shrinkage=0.04


Tree=96
num_leaves=63
num_cat=2
split_feature=4 4 40 21 23 5 12 10 25 37 33 11 35 47 49 21 35 49 21 23 48 24 42 40 21 24 43 23 11 52 24 21 25 42 5 5 25 25 33 49 49 44 21 12 19 20 47 19 21 52 23 45 25 44 23 49 35 25 42 25 25 23
split_gain=13417.4 12548.2 9181.77 7757.59 7719.49 6875.43 8968.56 9009.8 7432.73 7376.76 7159.72 6780.77 6630.62 6546.71 8877.55 6834.91 6389.79 6245.36 5839.35 7186.17 5819.53 5490.79 8761.07 7852.64 6947.81 6314.38 7516.05 5653.24 5261.27 5186.41 6175.82 8822.12 7355.19 6246.87 7918.36 4959.27 4994.05 5737.58 4917.99 6662.31 8020.66 6763.44 4904.75 4895.69 5407.58 4812.39 5982.4 7389.75 7122.94 7389.19 7027.59 7098.78 6803.4 5501.07 5533.28 6320.18 5586.05 5482.69 5963.67 5370.14 5931.65 4950.96
threshold=2.4550000429153447 1.0000000180025095e-35 0.11437272652983667 74.626205444335952 1.119209945201874 40.500000000000007 2.5000000000000004 2.5000000000000004 31.125000000000004 75.952301025390639 1.3821491599082949 0.71984010934829723 13.750000000000002 71.537059783935561 2.2485872507095341 64.105865478515639 8.7500000000000018 2.2439385652542119 54.907316207885749 1.5542461872100832 0.10231949388980867 0.064879272133111968 73.778861999511733 0.1311110854148865 65.668624877929702 0.11759745702147485 0.046389764174819 1.0264810323715212 0.64760348200798046 0 0.11067965626716615 65.01169586181642 591.12500000000011 72.961151123046889 34.500000000000007 58.500000000000007 31.125000000000004 84.125000000000014 4.4095704555511483 2.074770569801331 2.0567613840103154 2.1506873369216923 65.602870941162124 9.5000000000000018 59.500000000000007 175.00000000000003 71.600532531738295 23.000000000000004 73.036865234375014 1 1.0856467485427859 20140.750000000004 1.8750000000000002 2.3680891990661626 1.1496215462684634 2.3627363443374638 10.750000000000002 472.37500000000006 73.292812347412124 2.8750000000000004 4.8750000000000009 1.2526267170906069
decision_type=2 2 8 8 10 2 8 2 2 10 10 10 2 10 10 10 2 10 10 10 10 10 8 8 10 10 10 10 10 9 10 10 2 10 2 2 2 2 10 10 10 10 10 10 10 2 10 10 10 9 10 2 2 10 10 10 2 2 10 2 2 10
left_child=1 2 43 18 20 6 7 8 -3 28 -10 35 16 14 17 -15 -9 -7 -2 21 -5 22 27 -24 25 42 -27 -20 29 30 32 -32 -8 -33 -35 36 -4 -38 39 40 -39 -41 -23 -1 -45 53 48 -48 52 -50 51 -49 -47 54 55 56 -26 59 -59 -52 -61 -62
right_child=3 5 11 4 -6 13 9 12 10 -11 -12 -13 -14 15 -16 -17 -18 -19 19 -21 -22 24 23 -25 45 26 -28 -29 -30 -31 31 33 -34 34 -36 -37 37 38 -40 41 -42 -43 -44 44 -46 46 47 50 49 -51 57 -53 -54 -55 -56 -57 -58 58 -60 60 61 -63
leaf_value=0.049416890659005057 -0.25976879091336763 0.034854977446104156 -0.032005659306918524 0.021302537350347112 0.16585933646892201 0.0016995010483566734 -0.052481731737423383 0.08139279011045833 -0.026415563372152402 -0.099037403232377502 -0.1561516649520617 -0.19547319675267985 0.11217903992724332 0.1760475042234099 0.05972438453871045 -0.025181877293929022 -0.0088504110132030297 -0.20881016169798802 0.04352340233096566 0.30379692707447581 0.088495516278837713 -0.057960321950580415 -0.039371660226520389 -0.19270504164141478 0.075244610026637904 -0.31189144753708559 0.008908613347842459 -0.012639069273498471 -0.21226366169101546 -0.0083992647594836271 -0.052105615314434639 0.030169365772215372 0.070554969273655135 -0.1409629953125085 0.098254584676239487 -0.17683913098128418 0.043401297524842633 -0.063857149649166653 0.16724313711372246 0.17130333706083695 -0.44023941365262581 -0.0016476358614004392 -0.30808079028894314 -0.099353622597207467 0.021450496246886747 -0.2093510176853467 0.13467987679946236 0.21750592887165895 -0.26021044498984069 0.060513166988993297 0.10273097219551337 -0.0074261851703865079 0.072532159500938567 -0.055528128825188476 0.085847718964474198 0.062619213853155525 -0.036152684020869352 0.08915077615074761 -0.013519618762863918 -0.21496918993875774 -0.027442656391809279 0.22672615789270401
leaf_weight=10966.5 131 1533.75 5911.5 21059.5 665.5 13755.75 20703 1755.75 1868.25 2337.75 1069.75 286 1443 273.5 5138 13726.25 4391 227.25 3595.25 127 2284.75 2417.25 2277 697 840.75 117 6474.5 14136.5 240.75 18310.5 5339.5 6419.25 806 781 307 251 5877.25 1147 269 367.75 96.5 16774.5 130.5 759.5 2675.25 137.5 782 490.75 220 237 522 412 7958.75 2218.5 1464.75 1990 4954.25 1865 1756 265 6469.5 123
leaf_count=12795 176 3195 15513 28933 676 21864 33426 2616 2376 2481 1384 433 1731 305 10931 15578 6239 258 10226 127 2764 3240 2277 697 1215 117 7727 20669 444 26355 6484 6699 806 781 307 254 10333 1270 269 409 104 17004 144 770 2730 160 911 616 220 312 522 412 9605 2415 1542 2329 6014 1865 1756 265 6876 123
internal_value=-6.2843e-05 -0.0074756 0.00997992 0.0123863 0.0317244 -0.0153637 -0.0227053 0.00854216 -0.0364863 -0.0295278 -0.0737304 -0.00228728 0.0350758 -0.000443535 0.0147725 -0.0212255 0.0169433 -0.00175048 0.00499317 0.00555492 0.0278862 0.00493958 -0.0119071 -0.0754156 0.0132758 -0.0175542 0.00312028 -0.00124762 -0.0264526 -0.0255951 -0.0347586 -0.0128108 -0.0478647 0.0151429 -0.0733994 -0.000474367 0.000990981 0.0089445 -0.00191431 -0.00440759 -0.0937322 0.00208174 -0.0710067 0.0363668 -0.00530194 0.0218915 0.0331654 0.0157282 0.0590157 -0.094327 0.00789152 0.115052 0.0676934 0.00101001 0.0145803 0.00115168 -0.0199692 -0.000921165 0.0393787 -0.020702 -0.0301263 -0.0226319
internal_weight=232628 145809 45381.8 86819.5 24009.8 100427 67306.2 12061.5 4471.75 55244.8 2938 30980.5 7589.75 33120.8 19121 13999.8 6146.75 13983 62809.8 62678.8 23344.2 62551.8 20705.8 2974 41846 9139.25 6591.5 17731.8 52907 52666.2 34355.8 12846.8 21509 7507.25 1088 30694.5 30443.5 24532 18654.8 18385.8 1243.5 17142.2 2547.75 14401.2 3434.75 32706.8 21238.5 12685.2 8553.25 457 11903.2 902.75 8096.25 11468.2 9249.75 7785 5795 11000.5 3621 7379.5 6857.5 6592.5
internal_count=321075 206144 61884 114931 32373 144260 95324 17541 6955 77783 3760 45589 10586 48936 33053 15883 8855 22122 82558 82382 31697 82255 33869 2974 48386 11228 7844 30895 75302 74858 48503 14271 34232 7787 1088 45156 44902 29389 19056 18787 1374 17413 3384 16295 3500 37158 23643 13346 10297 532 12435 1028 9765 13515 11100 9558 7229 11407 3621 7786 7264 6999
cat_boundaries=0 1 2
cat_threshold=16 4
is_linear=0
shrinkage=0.04


Tree=97
num_leaves=63
num_cat=1
split_feature=1 21 24 17 21 47 42 25 50 21 14 17 15 47 21 5 25 15 42 48 40 31 22 21 50 25 50 10 48 22 24 50 25 42 6 23 22 11 42 53 23 21 0 48 43 33 50 21 47 25 11 23 44 43 23 45 47 48 24 50 47 48
split_gain=11264 7786.53 14500.1 7705.33 7145.21 6691.02 6492.29 8228.54 9271.9 7303.79 7159.9 6967.75 8935.52 8189.62 8493.3 8715.73 8217.79 7053.54 8269.17 6962.55 6328.2 7255.93 6287.44 14175.7 12817.7 12654.3 7442.98 7096.59 7106.56 6183.06 5790.8 5781.8 5649.57 5601.84 5436.68 5431.65 6758.54 5418.6 5427.88 5606.14 5497.35 7279.92 5352.45 5286.67 5268.55 6294.11 5214.08 7927.6 6245.97 5593.19 4984.32 4919.3 4882.51 6554.98 9672.34 7546.74 6236.61 10129.5 8383.55 6071.52 5089.57 4940.28
threshold=2.8950001001358037 62.269115447998054 0.3201736062765122 1.5000000000000002 89.870384216308608 73.124462127685561 66.926166534423842 44.125000000000007 41.375000000000007 68.810985565185561 90.005001068115249 1.5000000000000002 1.5000000000000002 72.087604522705092 76.24585342407228 33.500000000000007 45.125000000000007 1.5000000000000002 73.778861999511733 0.39865697920322424 0.11865461617708208 67.342235565185561 0.029379380866885189 75.359088897705092 225.62500000000003 331.62500000000006 1701.3750000000002 4.7500000000000009 0.046240745112299926 0.024720381014049057 0.019153827801346782 22152.750000000004 53.875000000000007 72.603244781494155 6.5000000000000009 1.0949401855468752 0.046474527567625053 0.25356170535087591 67.331287384033217 0 1.1244551539421084 68.924358367919936 1.0000000180025095e-35 0.074320156127214446 0.12136472016572954 2.5651557445526127 266.12500000000006 73.78296279907228 69.580577850341811 1.8750000000000002 0.52322071790695202 1.0413430929183962 2.4109138250350957 0.072455380111932768 1.0866417288780215 6314.1250000000009 75.29248428344728 0.04030540585517884 0.14250016957521441 671.50000000000011 72.282531738281264 0.029359355568885807
decision_type=10 8 10 10 10 10 8 2 2 10 8 8 2 10 10 2 2 2 10 10 10 10 10 10 2 2 2 2 10 10 10 2 2 10 2 10 10 8 8 9 10 10 10 10 10 10 2 10 10 2 10 10 10 10 10 2 10 8 10 2 10 10
left_child=1 5 4 -4 6 31 7 9 -9 -3 37 12 34 14 15 17 -15 33 -19 46 -14 -22 25 -24 -25 26 -18 -26 -29 -27 -16 43 51 -13 -12 -17 -37 38 39 -8 -41 -42 -2 -1 45 -39 47 -11 -49 -48 -23 -10 56 -54 55 -55 57 -40 59 -58 -59 -61
right_child=42 2 3 -5 -6 -7 10 8 32 19 11 13 20 16 30 35 22 18 -20 -21 21 50 23 24 27 29 -28 28 -30 -31 -32 -33 -34 -35 -36 36 -38 44 52 40 41 -43 -44 -45 -46 -47 49 48 -50 -51 -52 -53 53 54 -56 -57 58 60 -60 61 -62 -63
leaf_value=0.19933064993903993 0.14931772990831557 -0.029162129470425013 0.063772886070523324 0.37258223272110436 0.11586681859322749 -0.21890512249259764 0.13957825622018777 -0.19623354576323124 0.27868394141928809 0.018269687943589397 0.23370622136857777 0.046528524581249141 0.047654349128543959 0.033931514996646282 -0.032595385702954865 -0.0024181466337316686 0.011973779951594085 -0.023211903323824251 -0.15361108287350964 -0.34558174709185141 0.090447192458090048 0.00094308780581572069 -0.044677233095375385 0.15021423926440647 -0.17312012861262932 0.030828300866537747 -0.10910621531964333 -0.22435085698495427 -0.6029753547803216 0.24089885775964767 0.077235250794810126 0.084743927688281803 0.041349467011376907 0.34749596609731553 -0.13475861274394024 0.16772447667074158 0.031486757898411162 -0.033439382791582907 -0.12799512538852345 -0.093153473593732133 -0.045533656869312898 0.16481641912107636 0.017824548262489186 -0.037857466680129855 0.0422342540744019 -0.13548287779093512 -0.15879874487174964 -0.44761030579286465 -0.05795508644174216 0.083399378529002727 -0.19816927918664098 0.089890341519174341 -0.012902726472817412 -0.12579622051835465 -0.0065260979586295974 -0.41297503440448219 0.10721597411590265 -0.0032746215504268379 0.41315734320036085 -0.085688220673158191 0.057620007657162936 0.037949623990953286
leaf_weight=150.25 499.5 7229.75 276 243 816 301 226.5 239.75 286 2525.75 67.75 494.5 10577 2811.25 961.25 9540.5 1292.25 12947 826 75.75 1506 13267.5 6595.75 136 513.5 2776 2183 164 159 242 3799.5 679 7176.25 122 808.5 638 6525.5 15420.5 999.75 2842 1188.25 336 40451.25 12294 1352.5 1030.25 159 104.25 175 2964.25 202.25 964.5 13178 923 1171 173 1411.5 30323 97 709 2365.5 1894
leaf_count=313 618 15185 276 243 816 301 246 272 895 4256 124 862 14297 3265 1040 15461 1479 19235 826 78 2400 15573 6616 217 581 2776 2183 176 159 242 4770 679 10693 122 1236 671 6842 24848 1104 3088 1207 336 51312 17487 1507 1181 177 168 331 5239 230 1995 18332 923 1171 173 2007 46574 97 709 2763 1894
internal_value=0.000395509 -0.00367717 -0.00146185 0.20925 -0.00208031 -0.0330514 -0.00262635 0.0177571 0.0480505 -0.00208502 -0.00551039 0.00289898 0.0196608 -0.00550304 0.00531123 -0.00230759 -0.0284815 -0.0251233 -0.031054 0.0305175 0.0239711 0.00723958 -0.0409631 -0.0657337 -0.208151 -0.0120789 -0.0641001 -0.266644 -0.413321 0.047824 0.0550531 -0.0287553 0.0550465 0.107031 -0.105793 0.017347 0.043665 -0.0143105 -0.00836997 -0.0500831 -0.0601649 0.000985104 0.0194359 -0.0349615 -0.0336061 -0.0398462 0.0354395 -0.00414515 -0.205599 0.0709731 -0.00207499 0.133451 -0.00477001 -0.0237178 -0.0865153 -0.171803 0.00297272 -0.00270424 0.0494685 0.0404775 0.00113502 0.00423039
internal_weight=232407 191456 178032 519 177513 13424.2 176697 21900.2 8666.5 13233.8 154797 79156 26429 52727 35854.2 31093.5 16872.8 14389.5 13773 6004 25552.8 14975.8 14061.5 7568.25 972.5 6493.25 3475.25 836.5 323 3018 4760.75 13123.2 8426.75 616.5 876.25 16704 7163.5 75640.8 57837.5 4592.75 4366.25 1524.25 40950.8 12444.2 17803.2 16450.8 5928.25 2805 279.25 3123.25 13469.8 1250.5 53244.8 15445 2267 1096 37799.8 33688.2 4111.5 4014.5 32688.5 2603
internal_count=320877 268947 250167 519 249648 18780 248832 39289 13855 25434 209543 101383 33860 67523 49829 44019 17694 21045 20061 10249 32500 18203 14429 7749 1133 6680 3662 916 335 3018 5810 18479 13583 984 1360 22974 7513 108160 80624 4877 4631 1543 51930 17800 27536 26029 10171 4755 499 5416 15803 2890 75747 20599 2267 1096 55148 50441 4707 4610 49337 2603
cat_boundaries=0 1
cat_threshold=32
is_linear=0
shrinkage=0.04


Tree=98
num_leaves=63
num_cat=4
split_feature=21 45 56 21 23 21 47 22 15 24 22 21 43 23 50 22 20 50 6 21 44 50 47 6 10 24 15 23 21 44 15 22 19 44 21 45 45 5 23 23 56 24 47 24 24 56 43 45 23 14 50 21 23 17 56 22 45 32 24 21 23 19
split_gain=12103 10352.9 11361.9 9890.01 11970 12519 13111.2 12446.9 8551.17 8556.64 8847.31 8076.26 7948.39 8944.46 10140.4 8464.76 7023.26 9157.44 7418.79 7389.58 7041.15 8686.67 8107.65 8743.1 8644.51 8692.92 12287.1 8698.42 8148.44 7837.1 7705.35 11903.8 8506.08 9567.04 7312.42 6787.22 9215.44 6773.8 7924.12 16067.8 10919.8 8507.67 7560.67 8420.09 6888.22 6680.88 8317.43 7232.92 12026.5 6484.56 6477.85 6428.84 6386.11 12315 8306.32 6816.31 30291.3 7832.75 7756.27 7545.44 7898.56 12202.2
threshold=73.465930938720717 32190.250000000004 0 59.93836975097657 1.2481924295425417 64.206577301025405 71.863182067871108 0.10899818688631059 5.5000000000000009 0.016853686422109607 0.022868599742650989 79.325862884521499 0.048950795084238059 1.212078928947449 2186.2500000000005 0.16613544523715976 79.000000000000014 410.00000000000006 16.500000000000004 60.142297744750984 2.1506873369216923 3378.0000000000005 76.71866607666017 131.25000000000003 26.250000000000004 0.10043824836611749 3.5000000000000004 1.1146236062049868 62.764375686645515 2.1937454938888554 4.7500000000000009 0.051017852500081069 190.50000000000003 2.54919445514679 67.32593154907228 15677.125000000002 26414.750000000004 29.500000000000004 1.0933781862258913 1.1234417557716372 1 0.099169462919235243 72.577026367187514 0.12520358711481097 0.088619273155927672 2 0.111591424793005 14057.000000000002 1.1789435744285586 91.520000457763686 5065.1250000000009 72.966880798339858 1.119209945201874 3.5000000000000004 3 0.070718556642532363 26414.750000000004 1.10090047121048 0.095385804772377028 84.929595947265639 1.0484992265701296 190.50000000000003
decision_type=10 2 1 8 10 10 10 10 2 10 10 10 8 10 2 10 2 2 2 8 8 2 10 2 2 8 2 10 8 10 2 10 10 10 8 2 2 2 10 10 1 10 10 10 10 1 10 2 10 10 2 10 10 10 1 10 2 10 10 10 10 10
left_child=1 3 -3 -1 12 6 -6 -7 52 11 -11 -10 13 14 49 -16 17 -14 -19 -18 21 -21 23 24 25 27 28 30 29 -27 32 -32 -22 -34 35 -25 -37 -4 -39 41 -41 44 43 -42 -40 46 -28 -47 -49 -5 -9 -23 55 54 -54 58 -57 -58 59 60 -2 -62
right_child=8 2 37 4 5 7 -8 50 9 10 -12 -13 16 -15 15 -17 19 18 -20 20 22 51 -24 34 -26 26 45 -29 -30 -31 31 -33 33 -35 -36 36 -38 38 39 40 42 -43 -44 -45 -46 47 -48 48 -50 -51 -52 -53 53 -55 -56 56 57 -59 -60 -61 61 -63
leaf_value=-0.060005088283898757 0.00023839391748922171 -0.051689834781035379 -0.030866403371367344 -0.19195251568731744 -0.011272456029659731 -0.056343412116716493 0.33942250672806362 0.082115589671589717 0.085734085342367289 -0.44178916204472385 -0.060305681328789086 -0.30462828818129167 -0.13995026513880443 -0.2062540616106274 -0.043330823893061005 0.18502634015882558 0.16461866017210094 0.15017629066484023 -0.097115644284153493 0.0053866133399303705 -0.024405453549970126 0.092501077823209515 0.048646914054957691 -0.04742865317423782 -0.060050816025391945 -0.16900980262505955 -0.080550414650457314 -0.096873392564160915 0.016283964784568072 0.0080970161495398704 0.016273017341737705 -0.26064078507962302 0.090932929852372488 -0.14360686128344272 0.036687583744341702 0.092309831126939648 -0.075736629253931528 0.0058402783457495808 0.16327495677807083 0.088025960881849927 -0.15933928148661872 0.30900093847883375 0.08525176764348126 0.0012238450463319095 -0.011421651592875368 0.055464042162116006 -0.33695592478289782 0.042650929019258668 -0.25169612365673133 0.083781995570857082 0.19972763149702552 -0.2673358521752241 -0.06987225195846862 0.21434175166403843 0.09904481311631097 0.0038889305883331223 -0.27750421585898472 -0.74701154605393272 -0.14449525452625275 0.073126535939418147 0.021085017876426467 0.11270186752394584
leaf_weight=5845.25 28979.5 2794 2111 147 6070.25 775 173.5 2262 392.75 190 198.75 106 1371.75 470 16204 262 407.75 404 370 19133.5 28659.5 2642 3588.75 4362.25 7211.25 764.5 2311.25 2697.5 26254 835 465 530.5 1903.25 324 9452.25 1578 778 4977 1443 3159 801 473 840 1496 481 1239.25 220.25 478 412 1632 1123 80 845 753.25 1033 1446.5 136 101 472 3704.75 19797.75 2634
leaf_count=8120 37225 2794 2111 147 6485 775 202 2346 488 190 441 106 2262 470 16204 262 731 404 370 35572 44990 4928 4533 6880 12333 799 5228 2801 39298 1342 852 1120 4805 324 17853 1578 778 4977 1443 3159 801 473 840 1496 481 1663 239 478 412 1632 1123 80 845 769 1033 1958 136 101 523 3875 21477 3030
internal_value=-0.000147741 -0.00556967 0.0226327 -0.00898412 -0.00696265 0.0343987 -0.00142057 0.0881366 0.0151937 -0.107919 -0.248082 0.00186855 -0.0100998 -0.0343231 -0.0298715 -0.0396748 -0.00627273 -0.0779477 0.0320059 -0.00494925 -0.00554861 0.0149023 -0.0103006 -0.0126399 -0.0184405 -0.0139665 0.000881659 -0.0279272 0.0109416 -0.0766536 -0.0220878 -0.131513 -0.0185525 0.0567124 0.0140133 -0.0178886 0.0367968 0.0357968 0.0460949 0.0691343 0.0355548 0.157228 -0.0173043 -0.0548535 0.11963 -0.0592154 -0.10311 -0.00697666 -0.0938585 0.0608034 0.121232 0.081734 0.0170214 0.0779308 0.0230434 0.0142203 -0.065028 -0.4822 0.0166227 0.0180078 0.0140331 0.0318524
internal_weight=232803 172012 18575 153438 147592 10403.8 6243.75 4160 60790.2 887.5 388.75 498.75 137188 18715 18245 16466 118474 2145.75 774 116328 115920 21855.5 94064.5 90475.8 74305.2 67094 32514.2 34579.8 27853.5 1599.5 31882.2 995.5 30886.8 2227.25 16170.5 6718.25 2356 15781 13670 8693 6296 2397 3137 2297 1924 4660.75 2531.5 2129.25 890 1779 3385 2722 59902.8 2631.25 1878 57271.5 1683.5 237 55588 55116 51411.2 22431.8
internal_count=321191 248994 18575 230419 222299 10931 6687 4244 72197 1225 631 594 211368 18715 18245 16466 192653 3036 774 189617 188886 40580 148306 143773 116684 104351 49459 54892 41439 2141 52091 1972 50119 5129 27089 9236 2356 15781 13670 8693 6296 2397 3137 2297 1924 8020 5467 2553 890 1779 3469 5008 70972 2647 1878 68325 2195 237 66130 65607 61732 24507
cat_boundaries=0 1 2 3 4
cat_threshold=16 4 4 8
is_linear=0
shrinkage=0.04


Tree=99
num_leaves=63
num_cat=8
split_feature=1 21 49 50 21 6 19 23 45 56 21 23 21 22 50 44 47 22 54 22 21 53 53 53 44 15 22 17 56 42 42 23 21 21 23 50 15 21 43 56 43 1 43 23 23 6 42 23 42 21 47 49 21 23 6 42 15 21 53 5 47 23
split_gain=12024.7 8709.05 8635.16 10452.9 7403.41 9033.97 7115.18 7215.35 7033.86 10152 6826.56 8312.25 9001.93 9867.46 9218.6 8442.74 9875.65 7049.31 7090.12 6448 6296.99 7164.31 6189.7 6049.23 5920.19 5767.94 5717.73 6176.28 8536.93 5422.69 5300.23 5210.78 8416.73 10516.4 8256.8 12248.1 11916.9 9639.37 7308.2 12668.5 7249.84 6100.25 6068.13 6054.78 8227.46 5835.18 5396.61 5008.48 7261.6 4879.59 5648.86 4860.97 8250.98 4803.31 7322 6451.76 5540.23 6762.98 4642 4616.34 5858.33 5783.04
threshold=1.9049999713897707 76.617176055908217 2.4588052034378056 2132.6250000000005 86.135070800781264 190.25000000000003 21.500000000000004 1.0260539650917055 32190.250000000004 0 59.93836975097657 1.2481924295425417 63.870082855224616 0.10899818688631059 8492.3750000000018 2.3680891990661626 72.282531738281264 0.021314746700227264 1 0.062203435227274902 75.613723754882827 2 3 4 2.3604769706726079 3.5000000000000004 0.23089858889579776 2.5000000000000004 5 67.407749176025405 69.64237213134767 1.1211348772048952 67.886199951171889 63.022916793823249 1.1789435744285586 18997.500000000004 4.7500000000000009 70.751132965087905 0.071397572755813613 6 0.05499385483562947 3.3950001001358037 0.092147998511791243 1.0625432729721072 1.111389219760895 141.25000000000003 72.196907043457045 1.1900373101234438 72.196907043457045 71.500827789306655 78.917053222656264 2.5765407085418706 71.414505004882827 1.0399132370948794 23.500000000000004 58.281900405883796 3.5000000000000004 65.29294586181642 7 29.500000000000004 72.072006225585952 1.1358339190483095
decision_type=8 10 10 2 10 2 10 10 2 1 8 10 10 10 2 10 10 8 9 10 10 9 9 9 10 2 10 10 1 10 10 10 10 10 10 2 2 10 10 1 10 8 10 10 10 2 10 10 10 10 10 10 10 8 2 8 2 10 9 2 10 10
left_child=-1 8 6 -4 5 -5 -3 -8 10 -10 -2 15 26 -14 -15 16 17 22 20 25 53 -22 -12 -20 30 49 -13 28 29 -28 -21 32 33 -17 41 36 47 -37 40 -40 -34 -33 -41 -42 58 46 -35 -36 -49 -18 -51 -43 -53 54 -19 -55 57 -56 -45 60 61 -11
right_child=1 2 3 4 -6 -7 7 -9 9 59 11 12 13 14 -16 31 19 18 23 24 21 -23 -24 -25 -26 -27 27 -29 -30 -31 -32 34 38 45 35 37 -38 -39 39 42 43 51 -44 44 -46 -47 -48 48 -50 50 -52 52 -54 55 56 -57 -58 -59 -60 -61 -62 -63
leaf_value=-0.018649723201820741 -0.054880146405620146 -0.044015234753061849 0.024172047344126271 -0.056832276576515177 0.08474187121450541 -0.39386434900128481 0.0017981696732739926 0.077402325632900434 -0.046790811097798847 -0.21485114482788167 -0.056352095440269985 -0.03911250936456865 -0.060500662459288021 0.073180380147328916 0.23565476078435743 0.17444582261392302 -0.10720618843128535 0.10967443150664714 -0.1357564660337385 0.13700818253758049 0.039223107271779523 0.27683100574109837 -0.34264121241065698 -0.022208391292263884 0.27026659865731117 -0.3066266701007157 0.23673214501209747 0.20615511633426536 -0.13054422505256036 0.013353616762288075 0.031185514857713828 6.0408566626811113e-05 -0.02004759714902133 -0.061166183178632129 0.041907581614467712 -0.25231497872677705 0.17716363930018716 0.048497770469182216 0.063570510040422815 -0.12418915342348501 -0.0075871599576556991 0.081226631802530438 -0.023762610598264868 0.10652375019969197 -0.12754529617573288 -0.023403126141914341 -0.16371946019838063 0.0053529870598729165 -0.14574827864369305 0.060296088312856801 -0.133857071263111 -0.11421072591322683 0.17455771908952517 -0.12049910544843709 -0.10271007571485255 0.0018190198037234273 -0.071436590160884175 0.059793532882468747 -0.022703900005226246 0.046218930963075194 0.052263987257965702 -0.01555209987606063
leaf_weight=46625.25 3889 1174 12335.25 3607 579 130 2649 8504 2710 359 516 2333.75 563 1792.5 812 264.75 413.5 1650.5 943.5 1290 799 266 152 3572.25 268.25 87 275 355 409.5 468 1834.25 7880 20314.5 1584.5 849.25 666 470 228 1079.75 2802 3963.25 3319.5 1468 2595.75 320.75 1711 1711 973.25 1064 2336.25 265.25 544 221 696.75 478.75 54769.5 1006.75 2776.5 537.75 12743 938 658
leaf_count=61335 5284 1183 13626 3607 579 130 3597 10148 2710 359 528 2540 563 1899 812 501 595 4766 1530 2436 949 503 152 5556 281 87 383 355 414 468 2414 8624 26883 3257 946 666 470 228 1796 2802 5665 3765 1468 3285 347 2383 1711 1250 1064 2844 410 544 221 936 1903 88734 3682 9996 570 12743 938 658
internal_value=-0.000486288 0.00406755 0.0242145 0.00542512 -0.0481387 -0.0687632 0.0495895 0.0594495 0.000348508 0.0243222 -0.00264151 -0.00114355 0.0412713 0.0911697 0.12398 -0.00345423 0.00533639 0.000811002 0.00210286 0.0524434 0.00560625 0.101947 -0.128291 -0.0462313 0.090539 0.0107462 9.68941e-05 0.0607734 0.0157055 0.096455 0.0749419 -0.0153948 -0.0234316 -0.0703657 0.00361458 -0.044261 -0.00917913 -0.175652 -0.0159491 -0.0587453 -0.00768938 0.0206281 -0.0896923 0.0261516 0.0648462 -0.0833777 -0.114481 -0.0396252 -0.0736247 0.020104 0.0404095 0.0602867 -0.0305407 0.00393214 0.0381986 0.000278063 0.0104786 0.0358433 0.084611 0.0374391 -0.0197739 -0.0861959
internal_weight=232599 185974 28978.2 16651.2 4316 3737 12327 11153 156996 17408 139588 135699 7008.75 3167.5 2604.5 128690 74122 67627.5 66959.5 6494.5 62443.8 1065 668 4515.75 3392.5 3102 3841.25 1507.5 1152.5 743 3124.25 54568 38353 5271.25 16215 4250.5 3356.5 894 33081.8 5349.75 27732 11964.5 4270 7417.5 3454.25 5006.5 3295.5 2886.5 2037.25 3015 2601.5 4084.5 765 61378.8 5912.5 55466.2 4262 3255.25 3133.5 14698 1955 1017
internal_count=321079 259744 32870 17942 4316 3737 14928 13745 226874 17408 209466 204182 7434 3274 2711 196748 128302 119235 118555 9067 111469 1452 680 7086 5131 3936 4160 1620 1265 851 4850 68446 50668 7852 17778 4624 3730 894 42816 6066 36750 13154 4270 9867 4202 7351 4968 3260 2314 3849 3254 4530 765 110017 20347 89670 15581 11899 3855 14698 1955 1017
cat_boundaries=0 1 2 3 4 5 6 7 8
cat_threshold=16 8 28 152 12 4 4 76
is_linear=0
shrinkage=0.04


Tree=100
num_leaves=63
num_cat=4
split_feature=21 25 1 42 35 25 21 47 19 20 5 20 47 25 44 48 25 0 22 20 21 43 25 22 49 31 53 25 48 19 21 24 25 25 18 52 22 21 36 42 38 35 30 35 20 25 24 48 20 24 24 24 6 22 52 22 21 24 21 25 52 24
split_gain=12803.8 11761.7 9080.66 9192.16 7771.4 7364.72 8082.79 7161.07 7769.65 10232.6 9750.6 14339.9 13894.1 10392.6 8696.99 8778.35 8415.11 12281 7806.81 10897 7829.07 7762.1 7256.99 7196.61 7112.57 9151.66 8786.42 7333.58 6910.06 6823.93 6668.6 7406.59 6596.85 8964.29 11002.1 6645.16 6541.45 8230.93 6525.82 6849.29 6508.68 8235.72 6304.27 6166.48 6116.94 6065.47 7018.19 9661.15 6471.72 6094.24 8115.1 6018.96 8536.51 5919.28 5852.68 5710.84 5700.07 5810.9 5655.81 5476.54 5440.85 5424.56
threshold=66.469604492187514 31.125000000000004 3.0949999094009404 66.972438812255874 18.750000000000004 16.875000000000004 66.595855712890639 65.028675079345717 10.500000000000002 141.00000000000003 31.500000000000004 181.50000000000003 73.873912811279311 272.62500000000006 2.4109138250350957 0.02157175820320845 137.62500000000003 3.1750000715255742 0.03876463137567044 177.50000000000003 72.887008666992202 0.093704223632812514 510.25000000000006 0.061836544424295432 2.4104970693588261 66.686382293701186 0 11.375000000000002 0.060231450945138938 5.0000000000000009 66.512878417968764 0.090412408113479628 209.37500000000003 690.87500000000011 1.5000000000000002 1 0.0059330721851438293 76.951923370361342 0.03606847673654557 68.829753875732436 1.088285028934479 10.750000000000002 0.054674405604600913 6.7500000000000009 171.50000000000003 194.12500000000003 0.086485750973224654 0.11136261373758317 171.50000000000003 0.089190665632486357 0.12849343568086627 0.11999874189496042 35.500000000000007 0.054383184760808952 2 0.063875023275613799 68.052261352539077 0.057562462985515601 72.166973114013686 120.62500000000001 3 0.065656211227178587
decision_type=8 2 10 8 2 2 10 8 8 2 2 2 10 2 10 8 2 8 8 2 10 10 2 10 8 8 9 2 10 10 8 10 2 2 10 9 8 10 10 10 8 2 10 2 2 2 10 10 2 10 10 10 2 10 9 10 10 10 10 2 9 8
left_child=1 -1 3 5 7 56 -7 -5 18 14 11 16 24 -13 15 -10 17 43 20 -20 -9 61 -22 53 26 -26 -12 44 -25 -8 -6 -32 35 -34 -35 -29 37 -27 -23 42 41 -18 -40 -11 -28 46 48 49 -37 -48 58 -42 -53 60 -16 -33 -2 -58 -51 -56 -15 -17
right_child=2 -3 -4 4 30 6 29 8 9 10 12 13 -14 23 54 21 40 -19 19 -21 22 38 -24 28 25 36 27 32 -30 -31 31 55 33 34 -36 45 -38 -39 39 -41 51 -43 -44 -45 -46 -47 47 -49 -50 50 -52 52 -54 -55 59 -57 57 -59 -60 -61 -62 -63
leaf_value=-0.072340261160423885 -0.072439254677003503 -0.010552439639107616 0.02994145447977711 -0.12164813448110588 0.38986679324933465 0.22013108089001493 -0.30169710656247295 -0.19122220541995189 0.35062351772767925 0.0084067456002306015 -0.099336378454618013 0.014951254192468724 -0.13942476916738211 0.048784345475644128 0.015406505642189322 -0.043481678550858799 -0.10957859556458958 0.010748597798007303 0.0070775377912502789 0.086854027069546633 0.0076624527618994491 -0.29874573996799442 -0.18552632228570753 -0.12825450631645979 -0.25974948541087289 0.31940609180807467 -0.047391090675355622 0.18864624242666797 -0.018945876631198056 0.046293354698694403 0.048537426902327506 -0.34231142272371229 0.062574581378030014 0.017017764960476793 -0.43324393697458369 -0.12008830779247617 -0.0090433726464746525 0.039905784296467031 -0.35042983473241329 0.099591151212331877 -0.043561510236551096 0.18198110469509476 0.016163141348866612 -0.088152201390958085 0.19714468234268168 -0.20037359734799759 0.26089023386310822 0.14350734920031047 -0.0042145811208263136 -0.058107977620537266 0.11815493642286568 -0.059097997147535927 0.11152456888872943 0.13990812636679156 -0.087834653180064143 -0.028038133730068148 0.13071861693896034 9.5621509110336433e-05 -0.32244609364227012 -0.34756038854293653 -0.042203680900723718 0.028331839745130358
leaf_weight=5512.25 1491.25 46486.25 21307.25 814.75 82 428.75 89 362.5 137 1162 846.5 17714.5 1087 1392 627 2466 216 2964.75 6183.25 4917.75 6808.75 74.5 324 2090 225.25 197 211.25 286.25 1661 10085 7253.75 97 7114 257 129 929.5 27704.25 1109 78 3960.25 6222.5 537 1212.5 11790.75 713.75 249 99 1093.75 4483.5 362.75 255 826 1081 395 522 1423 623.5 4230.25 200.5 172 4279 5288.75
leaf_count=13361 3508 58856 26429 1189 82 536 89 376 137 1648 1136 28627 1087 1392 627 2817 222 4770 8812 8343 7777 91 324 2090 244 197 560 587 1661 16040 10490 121 7114 257 129 1171 38796 1109 78 6610 6227 537 1700 16365 1418 249 105 1171 8979 413 255 826 1081 395 522 1453 2311 6178 238 172 4279 6980
internal_value=0.000388155 -0.0171051 0.00541542 0.00214148 -0.0011666 0.0299907 0.0503857 -0.00356814 -0.00284302 -0.00674041 -0.0113041 -0.0232171 0.00180626 -0.00334315 0.0246114 0.034395 -0.0452776 -0.0626821 0.0211354 0.0424286 -0.0104032 0.0310291 -0.00116143 -0.036352 0.00511616 -0.00689802 0.0254996 0.0320022 -0.079889 0.0431897 0.0351187 0.0317142 0.0254647 0.0523771 -0.134895 9.72756e-05 -0.00491671 0.0824963 0.0682038 0.0735235 -0.0140808 0.0982671 -0.00649613 -0.0794893 0.141308 -0.00698304 -0.000443452 0.0633252 -0.0241505 -0.0323813 -0.0684235 -0.0245097 0.0376323 -0.00941151 -0.0731747 -0.0485225 -0.00409402 0.0169237 -0.153026 -0.15303 -0.0198591 0.00548888
internal_weight=232943 51998.5 180944 159637 142690 16947.8 10602.8 133834 133019 114423 99884.8 52331.5 47553.2 27531.5 14538 13217 24800 15917.5 18596.2 11101 7495.25 13080 7132.75 9817 46466.2 29235.5 17230.8 16384.2 3751 10174 8855.75 8773.75 15459.2 7500 386 7959.25 29010.2 1306 5325.25 5250.75 8882.5 753 1290.5 12952.8 925 7673 7424 2011 5413 917.25 818.25 8129.5 1907 6066 1321 1520 6345 4853.75 563.25 694 5671 7754.75
internal_count=321344 72217 249127 222698 194036 28662 16665 181890 180701 155069 135335 70120 65215 38444 19734 18413 31676 22783 25632 17155 8477 18276 8101 9817 64128 40346 23782 22646 3751 16129 12146 12064 20668 7500 386 13168 40102 1306 8479 8388 8893 759 1778 18013 1978 12581 12332 2182 10150 1011 906 8134 1907 6066 1321 1574 11997 8489 651 694 5671 9797
cat_boundaries=0 1 2 3 4
cat_threshold=128 8 16 4
is_linear=0
shrinkage=0.04


Tree=101
num_leaves=63
num_cat=1
split_feature=0 56 1 43 0 15 29 38 15 22 21 25 25 24 14 23 30 23 22 22 21 21 24 21 25 50 21 22 42 22 25 21 15 24 21 25 21 21 15 24 19 16 22 25 40 43 45 32 22 45 21 17 17 19 32 43 47 47 23 4 47 42
split_gain=10888.2 8211.08 8695.4 9098.39 8600.64 6914.53 6502.06 10608.3 6932.02 9208 8724.31 7621.85 13440.9 7516.07 6486.46 6443.32 6348.47 7039.86 6187.28 5994.11 5900.2 8650.3 5636.68 7722.38 6755.45 8457.99 7315.56 7964.86 6528.71 9896.33 7229.44 9123.65 7018.34 6078.36 6065.7 6085.05 5987.69 9442.78 7485.79 7338.26 5591.1 5594.41 5482.81 5471.84 7182.63 5297.89 5263.33 8521.36 5286.92 5148.59 5145.41 5110.44 5371.71 6666.82 5104.2 6612.28 5012.35 4933.41 5228.29 4777.06 4754.57 7070.62
threshold=3.1350001096725468 0 2.995000004768372 0.046010792255401618 1.7549999952316286 1.0000000180025095e-35 16.250000000000004 1.1150497794151308 3.5000000000000004 0.11531509459018709 64.915882110595717 661.25000000000011 541.62500000000011 0.19926892220973971 88.345001220703139 1.2481924295425417 0.13986628502607348 1.1410874724388125 0.069665897637605681 0.13412782549858096 77.618881225585952 79.802574157714858 0.0095770866610109823 65.778343200683608 167.62500000000003 169.25000000000003 78.408687591552749 0.041297197341918952 73.672908782958999 0.029824725352227691 358.00000000000006 74.235458374023452 4.2500000000000009 0.3201736062765122 62.269115447998054 313.62500000000006 65.668624877929702 65.551872253417983 4.7500000000000009 0.026129708625376228 23.000000000000004 3.5000000000000004 0.14480212330818179 661.25000000000011 0.18320593237876895 0.13083436340093615 1350.7500000000002 1.1616041064262392 0.11774935945868494 1411.0000000000002 62.269115447998054 4.5000000000000009 3.5000000000000004 145.50000000000003 1.1561506986618044 0.28574889898300176 63.273033142089851 74.461875915527358 1.212078928947449 2.1250000000000004 72.592372894287124 68.61108779907228
decision_type=10 1 10 8 10 2 2 8 2 8 10 2 2 8 10 10 10 8 10 10 10 10 10 10 2 2 10 10 10 10 2 10 2 10 10 2 10 10 2 10 10 2 10 2 10 10 2 10 10 2 10 10 10 10 10 10 10 10 10 2 10 10
left_child=1 4 3 18 -1 -5 7 56 14 11 13 12 20 50 16 19 17 -8 -3 43 -10 -22 23 -6 25 60 -27 -28 33 32 57 -32 -30 36 35 -35 37 38 -26 -38 -17 -42 -12 54 -45 -19 47 48 -16 -48 -11 52 53 -15 55 -9 -7 58 -31 -4 -24 -62
right_child=-2 2 59 5 22 6 8 15 9 10 42 -13 -14 51 46 40 -18 45 -20 -21 21 -23 24 -25 28 26 27 -29 29 30 31 -33 -34 34 -36 -37 39 -39 -40 -41 41 -43 -44 44 -46 -47 49 -49 -50 -51 -52 -53 -54 -55 -56 -57 -58 -59 -60 -61 61 -63
leaf_value=-0.036431138994329211 0.023552322780888164 -0.028206992199145492 0.12626648928370329 -0.19346749451086054 -0.072321203978573056 -0.13337007889469665 -0.00080417315084615061 -0.028414977826984305 0.0048330512244700091 0.1651084209946744 -0.29486767544599873 -0.27994063325191776 0.15632008516564599 -0.1618398950074442 0.0692401554948434 -0.098192722407859923 -0.046260105321919404 0.033938105826402755 -0.13604167753848292 -0.075805535946752531 -0.33547805238968165 0.082958152823375944 0.0046251728340815307 0.061721024049515724 -0.024674652722805949 -0.036629960670423747 0.0086483236352283503 0.22949010970698627 -0.0058431609579671249 0.14325094007682712 -0.082071583279949803 -0.36563709517867909 0.14418133756998311 -0.18577030873855699 0.35140002905511286 0.23250071078127829 -0.047364726803872187 -0.2200230333567573 0.23070407703503423 0.03016072651191825 0.02736152065986739 0.20676444526879476 -0.085143186936804519 -0.055831787043634167 -0.29665522953816165 0.13359968641229772 -0.19467466189541729 0.1783108541510588 -0.063315138157981135 0.029301354239812255 -0.012781935736174397 0.14511167088704852 -0.29430927141436269 0.02953780309513962 0.014647283891195484 -0.37449199565140051 0.014687678870040709 -0.075236355764455254 -0.13617301852044775 0.03296345367420267 -0.16767151560400212 0.13549724059341156
leaf_weight=18731.75 27934.5 3872 1018.5 282.5 841 369.25 13729.75 12164.5 5434.5 364.25 373.25 138.25 961 686 2691.25 508 3148 4877.25 1090 4000 197 130 3051 3734 3789 25018.75 2434.75 290.75 2124 537 2892 192 650 105 167 114 2204 382 191 17076 2969.5 305 431 1049.5 242.75 1033.25 164 1012 584.5 15421.75 897 130.5 223 504 5785.5 87 25158.25 530 132 6314.5 138 1030.5
leaf_count=28301 35427 3872 1140 617 3355 631 17050 21160 6936 641 449 154 961 1301 5569 520 4228 9150 1090 5167 254 130 4476 12899 3789 36277 3346 416 2124 537 2892 192 650 105 167 114 2207 382 191 17076 3193 317 650 1051 248 1100 368 1123 649 17869 1089 522 814 1443 6144 150 38635 530 132 7468 138 1413
internal_value=0.000127645 -0.00306912 0.00377405 0.000987013 -0.0124475 0.00346445 0.00399415 -0.00596942 0.0138654 -0.0152972 -0.0669998 0.0119106 0.0179953 -0.0336346 0.0210229 -0.0233929 0.0064559 0.0149096 -0.0519419 -0.0312448 -0.00512167 -0.16961 -0.00580303 0.0370581 -0.00891436 -0.0218259 -0.0298504 0.0323611 0.00436244 -0.0294577 -0.0675672 -0.0999536 0.029386 0.0142973 0.171338 0.0320573 0.0117187 -0.0305922 -0.0123073 0.021294 0.025024 0.0441903 -0.182976 -0.0220161 -0.101465 0.0514012 0.0377236 0.0769634 0.0455614 0.0269194 0.0387667 -0.0927752 -0.114925 -0.0808655 -0.016313 -0.0309339 0.0125355 0.0157563 0.0878645 0.0459545 0.0309244 0.0994608
internal_weight=232638 204704 118348 111015 86355.5 106053 105771 52639.2 53131.5 10469.8 3609 6860.75 6722.5 2804.75 42661.8 27111.8 22788.2 19640.2 4962 23329.2 5761.5 327 67623.8 4575 63048.8 31963.8 27744.2 2725.5 31085 7057 4283 3084 2774 24028 386 219 23642 4362 3980 19280 3782.5 3274.5 804.25 19329.2 1292.25 5910.5 19873.5 4287.75 3275.75 15585.8 1261.25 1543.5 1413 1190 18037 12251.5 25527.5 1199 669 7333 4219.5 1168.5
internal_count=320989 285562 163853 155245 121709 150283 149666 77216 72450 15344 6909 8435 8281 5810 57106 37950 31528 27300 4962 33920 7320 384 93408 16254 77154 46066 40039 3762 31088 7057 4283 3084 2774 24031 386 219 23645 4362 3980 19283 4030 3510 1099 28753 1299 10250 25578 7341 6218 18237 1730 4080 3558 2744 27454 21310 39266 1199 669 8608 6027 1551
cat_boundaries=0 1
cat_threshold=8
is_linear=0
shrinkage=0.04


Tree=102
num_leaves=63
num_cat=2
split_feature=4 4 0 17 49 49 49 21 50 21 23 23 15 21 23 23 14 6 4 21 1 25 16 12 11 4 23 11 5 11 6 11 49 50 52 18 49 19 19 14 54 18 14 11 15 44 49 23 25 21 49 23 48 4 4 44 49 8 11 25 19 7
split_gain=9969.07 7322.54 8439.4 7705.11 9986.78 8367.54 9862.13 8520.71 8073.85 6997.49 8308.74 9372.41 7490.35 10005.6 7091.94 9593.27 6526.55 6365.83 6819.89 6335.01 5931.25 5884.83 5848.67 6052.33 7601.33 6785.14 5846.93 5586.07 5430.17 5234.52 5215.24 4986.71 4898.94 6710.26 4874.98 4820.26 4796.78 4747.51 5253.29 12393.8 5700.6 6145.15 5553.67 6753.71 5127.01 4718.65 7761.27 4601.9 4680.94 5819.91 4521.07 5256.67 6039.34 4517.55 4471.7 4456.49 4476.27 4430.99 4425.74 4394.32 4335.74 4933.57
threshold=2.7649999856948857 1.0000000180025095e-35 2.435000061988831 4.5000000000000009 2.5456092357635502 2.0853734016418461 2.1012587547302251 79.617172241210952 3315.8750000000005 64.206577301025405 1.0933781862258913 1.0285536050796511 4.7500000000000009 75.613723754882827 1.1021022796630862 1.1079552769660952 98.095001220703139 3.5000000000000004 2.2350000143051152 74.03781890869142 3.5849999189376835 63.125000000000007 3.5000000000000004 2.5000000000000004 0.087010599672794356 1.6349999904632571 1.0293902754783633 0.71984010934829723 68.500000000000014 0.17844672501087191 12.500000000000002 0.44647009670734411 2.4302760362625127 33663.000000000007 0 1.5000000000000002 2.4657217264175419 36.000000000000007 55.000000000000007 76.795001983642592 1 1.5000000000000002 79.729999542236342 0.30389449000358587 3.5000000000000004 2.3478208780288701 2.561372041702271 1.0826513767242434 107.62500000000001 78.553573608398452 2.1871975660324101 1.0478878021240237 0.064025029540061965 0.90500000119209301 3.6950000524520878 2.2303310632705693 2.2021313905715947 216.25000000000003 0.11271057650446893 186.62500000000003 64.000000000000014 25.500000000000004
decision_type=2 2 10 10 10 10 8 8 2 10 10 10 2 10 10 10 10 2 2 10 8 2 2 8 10 2 10 10 2 10 2 10 10 2 9 10 10 8 10 10 9 10 8 8 2 8 10 10 2 10 10 10 10 2 2 10 10 2 10 2 8 2
left_child=1 2 16 17 5 -5 35 9 -6 55 11 -11 19 -14 36 28 27 -3 22 -13 -4 -9 23 24 -19 29 -21 37 -16 -26 -2 45 34 -34 -17 59 -12 44 39 40 41 -39 43 -40 -1 46 -25 48 -28 -50 -23 52 -52 -31 -32 56 -8 60 -47 -7 -20 -62
right_child=30 3 20 4 8 6 7 21 -10 10 14 12 13 -15 15 32 -18 18 57 26 -22 50 -24 31 25 -27 47 -29 -30 53 54 -33 33 -35 -36 -37 -38 38 42 -41 -42 -43 -44 -45 -46 58 -48 -49 49 -51 51 -53 -54 -55 -56 -57 -58 -59 -60 -61 61 -63
leaf_value=-0.027637431469276792 -0.090881781273018367 0.079241969058597983 0.02714650522821796 0.071600576570761409 -0.079036823495284847 0.088447918366317713 -0.082568771560813284 0.30862658283466837 -0.45351278504380232 0.045646013951548117 0.11864984705046222 -0.039375308844630447 -0.090813041274906747 -0.50090284674635555 -0.048221752368990185 0.025489671905846768 0.038309220545639115 -0.073340627057762758 0.0071588958182662752 -0.16623291115548675 0.12125155299735459 -0.18284709243210298 0.057512434843705898 -0.022325172193319909 -0.21208185083795505 0.061428899394195956 0.14960243868210285 -0.17786467018614857 -0.33100550338754625 -0.12157423490062944 0.016424211990593355 -0.090154660773071993 -0.10929747183195479 0.12910843389610605 0.14891616862772375 -0.29403632627075832 0.40040030498332807 0.086313775663789963 0.0010383524416797039 0.16922245348490125 -0.084550593700852536 -0.04938768978284238 0.0059829835104506721 -0.11116851245197001 -0.18746990805573077 -0.080484669622173155 0.096270367785458971 0.26815077265682102 0.029428081438319733 -0.27192165549418756 -0.05047698030700308 0.17482350293476581 0.11560115613250299 0.019456334648402566 0.13154812937683044 0.03235658683534038 -0.35463781226174668 0.065106596233552139 -0.033781251633822403 -0.17614882953340033 -0.033360801052029168 -0.003126140202071654
leaf_weight=7423.5 715.75 1175 13386.5 3607.25 550.25 171 205.5 169.25 109 3476.75 786.75 6243.25 880 105 394.25 987.25 5262 1551.75 22381.25 197.5 1163.25 110 1350.5 23434.25 213.25 3581.25 480 313.5 148.5 442.5 46473.5 2270.75 536.5 289 1064.25 231 109 1465.75 1784.5 949 833.5 837.5 10041 1651.25 333.75 4263 915.5 156 1212 110 677.5 623 721.5 1990 544.25 170.75 183.75 1407.75 13630.25 238 14428.75 21504
leaf_count=10998 817 1661 15401 8435 734 171 225 383 109 6872 864 8278 1180 105 476 1027 6642 2454 29612 316 2571 110 1532 31952 292 5040 1011 450 171 669 60287 3938 574 289 1173 231 109 2647 2245 1267 1234 1262 13836 2861 591 6396 1166 156 1221 110 751 623 810 2926 551 329 279 2016 20450 238 19594 30519
internal_value=-0.00016731 -0.004374 0.00957027 -0.0089173 0.0112277 0.0154031 0.0055928 0.0105367 -0.142149 0.00113672 0.00568102 -0.0104356 -0.0312204 -0.135463 0.0536942 0.0274068 -0.00225908 -0.0133045 -0.0142652 -0.0189647 0.0346864 0.0829161 -0.0246169 -0.0267402 0.00581085 0.0255537 0.0401313 -0.0105896 -0.126539 -0.0230133 0.0161295 -0.0324287 0.0565194 -0.0257138 0.0896058 -0.14873 0.153759 -0.00850427 0.00300731 0.0427279 0.00437198 0.0368073 -0.00903876 -0.0529202 -0.0345617 -0.0293213 -0.0178584 0.0610993 0.0428929 0.00397467 0.0647217 0.0783612 0.0352108 -0.00627428 0.0177625 -0.137753 -0.212179 -0.00496655 -0.0449164 -0.0656113 -0.00666048 -0.0152682
internal_weight=232662 184928 45445 139484 24943.8 24284.5 20677.2 20037.2 659.25 17736 17176 12860.5 9383.75 985 4315.5 3419.75 30895.2 114540 113365 8398.75 14549.8 2301.25 53643 52292.5 7778.75 6227 2155.5 25633.2 542.75 2645.75 47733.5 44513.8 2877 825.5 2051.5 640 895.75 25319.8 17562.5 4085.75 3136.75 2303.25 13476.8 3435.75 7757.25 42243 24349.8 1958 1802 1322 2132 2022 1399 2432.5 47017.8 560 389.25 59721.8 17893.2 409 58314 35932.8
internal_count=321237 259582 62005 197577 37360 36517 28082 27442 843 24765 23932 19249 12377 1285 4683 3710 44033 160217 158556 11092 17972 2677 76815 75283 11381 8927 2814 37391 647 3887 61655 63902 3063 863 2200 640 973 36941 25352 6410 5143 3909 18942 5106 11589 59964 33118 2498 2342 1331 2294 2184 1561 3595 60838 833 504 81741 26846 409 79725 50113
cat_boundaries=0 1 2
cat_threshold=16 12
is_linear=0
shrinkage=0.04


Tree=103
num_leaves=63
num_cat=4
split_feature=0 56 29 19 21 6 23 43 32 31 6 24 21 24 43 15 23 38 30 14 42 50 14 44 50 43 53 15 39 53 21 20 32 45 10 50 14 30 26 23 21 21 21 15 6 0 24 21 53 11 23 24 42 24 15 1 50 24 50 6 7 42
split_gain=8893.26 8239.4 7817.65 7606.17 6896.38 5705.93 5672.23 7122.47 6931.17 5972.8 7094.77 5644.93 5732.13 6220.7 7373.01 6260.33 5891.96 5582.28 5352.15 5233.26 5102.31 6987.66 6942.3 5922.77 10110.7 7057.28 6358.99 5691.32 4948.5 4821.59 4625.99 4206.86 6284.71 5678.96 4689.05 4173.65 4172.42 7630.72 6332.32 4161.29 4152.58 4152.13 4462.26 5505.43 4142.19 4086.92 4061.2 6319.84 5270.11 6527.91 6459.92 9960.35 8846.9 7019.51 5682.42 5507.24 4460.06 4632.67 4300.7 4281.22 3947.62 3900.94
threshold=2.4850000143051152 0 16.250000000000004 5.0000000000000009 54.907316207885749 189.25000000000003 1.2671241760253908 0.047000281512737281 1.1139726638793948 73.273212432861342 52.500000000000007 0.3201736062765122 65.668624877929702 0.13076394051313403 0.046010792255401618 1.0000000180025095e-35 1.0013249516487124 1.1419963240623476 0.14558459073305133 95.58499908447267 66.972438812255874 534.50000000000011 74.15000152587892 2.2287582159042363 147.12500000000003 0.12136472016572954 1 3.5000000000000004 3.6348249912261967 2 84.398693084716811 110.00000000000001 1.1524543762207033 1241.0000000000002 35.250000000000007 28191.000000000004 92.389999389648452 0.14131432771682742 1.5000000000000002 1.2999808788299563 73.630203247070327 63.870082855224616 61.135782241821296 3.5000000000000004 59.500000000000007 3.6049998998641972 0.011484527960419657 67.659801483154311 3 0.46678280830383306 1.1789435744285586 0.13790606707334521 73.954586029052749 0.3201736062765122 4.7500000000000009 0.44499999284744268 1239.3750000000002 0.13302168995141986 657.75000000000011 157.25000000000003 5.5000000000000009 67.72729873657228
decision_type=10 1 2 8 8 2 10 10 8 10 2 10 8 10 10 2 8 10 10 10 8 2 10 8 2 10 9 2 10 9 10 2 10 2 2 2 10 10 2 8 10 10 10 2 2 10 10 10 9 8 10 10 10 10 2 8 2 10 2 2 2 8
left_child=1 3 6 -1 -2 20 8 -8 18 31 17 12 35 15 -15 -14 -17 19 40 -11 21 22 -4 24 -22 27 -26 36 29 -9 46 32 33 -10 -33 -6 -25 -38 -39 -29 -3 42 43 -28 -36 61 47 60 49 50 51 -48 53 54 56 -51 58 -58 -52 -50 -5 -18
right_child=4 2 5 30 11 -7 7 28 9 10 -12 -13 13 14 -16 16 45 -19 -20 -21 23 -23 -24 25 26 -27 41 39 -30 -31 -32 34 -34 -35 44 -37 37 38 -40 -41 -42 -43 -44 -45 -46 -47 48 -49 59 55 52 -53 -54 -55 -56 -57 57 -59 -60 -61 -62 -63
leaf_value=0.10234527030067556 -0.27552966161721792 -0.015846713606419469 -0.10193519749414687 0.093789390544677859 -0.012584107281877433 0.11065207283915401 0.33636047641533173 0.032819677096441437 -0.19387377196971312 -0.41129207402731988 -0.016914355061289757 0.13537595751466833 -0.19618321220672144 -0.093785665355303444 0.056922789091592707 0.084859488297406027 0.032172657717373411 -0.50431943196145712 0.14835540257262242 -0.071984459119151301 -0.26182386679454228 0.08263135444957323 0.051857367692660972 0.0045092043486253085 -0.073993722362911199 0.14014875722484141 -0.062422433125545719 -0.012344496834306636 0.30516508782271184 -0.1384874022466441 0.070038913649556681 -0.013761700239946429 -0.050683438549571885 -0.72074471056766998 -0.18408036083811782 -0.1325436881208642 0.034225026536466065 0.030582693301938725 0.36384539520345033 -0.1190080343349494 0.024078179314642907 0.030470465019522507 -0.13283306181462273 0.16911049890506025 -0.049276443794906567 0.053527756507656898 -0.00035837074562760821 0.059226714425305707 -0.043939110033600404 -0.40059728820502438 -0.02119994196609154 0.18756230190087553 -0.32231685886764394 0.16255647468670939 0.13870780933668128 -0.079104892903300583 0.15440926603189969 -0.10247221935400225 0.26317754565676049 0.020486076370512016 -0.060925045000093346 0.0028338799722717064
leaf_weight=802 134.5 11639.5 809.25 309.25 11866.25 952.5 121 3033.25 225 99.5 430.75 560.25 236.25 558 7188.75 1610.75 8090 100.25 387.25 261 277.5 3369.25 1113.25 10411.75 2140 699 497 4103 97 276 862.75 14153 886.5 37 440.25 481 7853.25 161.5 209 680.75 6491 3638.5 599 243 2099.25 2989.25 14769.5 2292.75 22850.5 91.5 399.75 463.5 184 254 224 996 116 2437 106 1777.5 1735.5 69795.5
leaf_count=967 184 18964 1260 1228 16037 1239 121 3334 771 101 433 564 570 558 7401 6443 11372 101 928 261 378 4588 2014 15397 2182 699 497 5282 97 279 901 20513 1137 37 777 481 9804 214 209 1946 8378 3709 599 243 2952 3656 19280 7485 28993 138 417 861 184 350 224 1458 116 2821 106 2211 6942 89744
internal_value=-0.000135225 -0.00713406 0.000979559 -0.0197089 0.00860092 0.0140945 -0.011164 0.0373029 -0.0157553 -0.0329091 -0.133843 0.008976 0.00828454 0.0117738 0.0460448 0.00856328 0.00915454 -0.242595 0.0015987 -0.16741 0.0115895 0.0479263 -0.012914 0.00548487 -0.0258272 0.0150873 -0.016554 0.0113425 0.0264861 0.0181357 -0.021676 -0.0278507 -0.10184 -0.273206 -0.0227479 -0.0172786 0.0213333 0.0426264 0.219543 -0.0275683 -0.00155146 0.00829148 -0.0518638 0.0138481 -0.0727758 0.00764459 -0.0232936 0.0136525 -0.0268817 -0.0116279 -0.00615957 0.00538291 -0.0533949 -0.0392277 -0.0549325 -0.106848 -0.0691972 -0.0906855 0.0391888 -0.0392717 -0.0374532 0.00588216
internal_weight=232717 129206 78535 50671.5 103510 37757.5 40777.5 3527.25 37250.2 18732.5 891.5 103376 102816 90468.5 7746.75 82721.8 82485.5 460.75 18517.8 360.5 36805 5291.75 1922.5 31513.2 7395 24118.2 7117.5 23419.2 3406.25 3309.25 49869.5 17841 1148.5 262 16692.5 12347.2 18635.5 8223.75 370.5 4783.75 18130.5 4977.5 1339 740 2539.5 80874.8 49006.8 4337.5 44669.2 20041.2 18953.8 15233 3720.75 3536.75 3282.75 1087.5 3058.75 2553 505.75 24628 2044.75 77885.5
internal_count=321136 184126 109444 74682 137010 50260 59184 3831 55353 27083 896 136826 136262 119744 7959 111785 111215 463 28270 362 49021 7862 3274 41159 7608 33551 7230 32852 3710 3613 73715 26187 1945 808 24242 16518 25624 10227 423 7228 27342 5048 1339 740 3729 104772 72814 15655 57159 25955 24359 20141 4218 4034 3684 1596 3460 2937 523 31204 8170 101116
cat_boundaries=0 1 2 3 4
cat_threshold=8 144 112 76
is_linear=0
shrinkage=0.04


Tree=104
num_leaves=63
num_cat=3
split_feature=21 23 22 22 23 56 25 50 47 25 21 42 50 22 21 23 50 21 25 21 23 49 49 49 18 53 25 23 23 21 44 22 23 23 21 42 22 21 45 23 17 50 21 25 22 21 53 22 19 20 20 25 25 23 47 23 21 23 23 22 5 15
split_gain=9211.11 7722.79 7664.15 7452.68 8000.75 7424.33 9031.83 8896.32 7405.12 7109.14 11056.6 9955.22 8882.58 10530.2 8026.56 8292.05 7878.29 7693.56 7076.21 13872.8 7066.83 7775.57 6932.41 10424.7 6712.38 6639.59 6376.21 11202.2 11540.6 8629.72 9006.93 7635.75 8401.86 20317.6 11211.6 9203.22 7366.48 8009.17 6377.97 6370.01 6302.17 7348.5 10126.1 9403.12 9316.31 12952.1 10684.8 15887.5 8733.31 8418.96 14511 18843.1 13369.3 7401.63 6209.63 6177.86 6159.24 13727.5 6064.09 13005.9 11346 11982.1
threshold=69.88785552978517 1.0013249516487124 0.049720298498868949 0.046474527567625053 1.0949401855468752 0 53.375000000000007 178.87500000000003 72.406764984130874 32.125000000000007 67.996994018554702 66.926166534423842 5065.1250000000009 0.11774935945868494 62.269115447998054 1.4250591397285464 22152.750000000004 64.554988861083999 661.25000000000011 70.171470642089858 1.1440888047218325 2.5658940076828007 2.5456092357635502 2.5765407085418706 1.5000000000000002 1 438.62500000000006 1.2429965138435366 1.0902283787727358 82.205451965332045 2.4738953113555913 0.0059330721851438293 1.0504927635192873 1.0409196019172671 73.78296279907228 74.264919281005874 0.0069816617760807284 79.617172241210952 10749.500000000002 1.0722166895866396 5.5000000000000009 9238.0000000000018 69.972118377685561 650.37500000000011 0.053768806159496314 72.966880798339858 2 0.096611455082893385 9.5000000000000018 171.50000000000003 179.00000000000003 635.37500000000011 531.87500000000011 1.2043316364288332 67.452968597412124 1.0580005049705508 75.359088897705092 1.0484992265701296 1.0293902754783633 0.030633942224085334 58.500000000000007 1.5000000000000002
decision_type=10 10 8 10 10 1 2 2 10 2 8 10 2 10 10 10 2 10 2 10 10 10 10 10 10 9 2 10 10 10 10 10 10 10 10 10 10 10 2 10 8 2 10 2 10 10 9 10 10 2 2 2 2 10 10 8 10 10 10 10 2 2
left_child=2 -2 3 4 -1 40 7 20 -5 10 -4 12 17 -14 16 22 -13 -11 26 -20 21 -7 -16 -24 -15 55 29 28 39 30 38 -32 33 36 -34 -35 -33 -38 58 -28 41 48 43 -43 -44 46 -46 -48 -3 53 52 -52 -51 56 -31 -12 -50 -58 -8 -60 61 -61
right_child=1 5 9 8 -6 6 18 -9 -10 11 25 14 13 24 15 -17 -18 -19 19 -21 -22 -23 23 -25 -26 -27 27 -29 -30 54 31 32 34 35 -36 -37 37 -39 -40 -41 -42 42 44 -45 45 -47 47 -49 49 50 51 -53 -54 -55 -56 -57 57 -59 59 60 -62 -63
leaf_value=-0.043878111656070667 0.096366801464566831 0.023572201062518054 -0.055635170333285168 -0.11322649850524873 0.12729619374433962 -0.055384792127468989 0.062804146951209394 0.060903090144373784 -0.48214142879382849 -0.0092361342144153778 0.120473558245518 -0.051879345922626295 0.029040872063249023 0.072719726161523307 -0.004073300493983135 0.11401100117598245 0.079963307342541312 0.058108874499713102 -0.47210412986416284 -0.040475273945130737 0.14563053850898797 0.055943083629534644 0.25901669628837026 -0.0014379280289191576 0.33778147385527041 -0.035221003539785807 0.037856469038383099 -0.32624937642225993 0.13988582530642213 -0.2066696656460271 0.21805151278300161 -0.21822197362532625 -0.043952329108841337 -0.11536394055202065 0.068762042018704353 -0.32459427100720112 -0.043963591939027387 0.082434747255859503 0.050468647267345207 -0.097841658667748604 -0.18859258522261654 0.029978921732690077 0.025942430842462852 0.42601192330411963 0.05782416862255145 -0.27154557343721392 -0.026019602732800837 -0.38800001567674636 -0.020568580918616197 -0.08022991497424993 0.002024535796810386 -0.60692143002806642 0.16832493083071079 0.26705495690199044 0.068402458178034017 0.0087790581704552083 -0.1135859685253167 0.11785880006268068 -0.064378455888964653 0.25529284407968889 -0.15115664926562961 0.017711053102671771
leaf_weight=6167 1550 7569 10394.5 881.5 468.25 3022.5 2179.75 11339 95 6100 875.75 8383.5 825 240 58288.75 996 792 4887 127 1568 461 1500.5 402 628 426 5786.5 4611 126 1762 134 193 303 3635 828 2306 569 3516 1037 5309 627 294.5 200 14211 183 1279 378 793 255 4505 9861.75 9581.75 80 357 176.75 3872.5 8146.75 542 1665 4638.25 350 611.5 9701.25
leaf_count=7775 6200 9111 24067 1114 547 4368 3658 17381 95 10927 3242 9534 825 240 68647 996 792 8058 127 1568 461 2654 402 739 426 16540 4611 126 1762 134 193 303 3635 828 2306 569 3516 1037 5309 627 323 200 14211 183 1279 378 793 255 6008 10680 14144 80 357 221 3991 21796 653 1752 5272 458 961 11649
internal_value=-0.000129308 0.00772781 -0.00819359 -0.0469722 -0.0317624 0.00654434 0.0156264 0.041328 -0.150037 -0.00543848 -0.0240165 0.000274216 0.033168 0.124716 -0.00563302 -0.000330056 -0.0404833 0.0207232 0.00688554 -0.0733386 -0.00321177 -0.0184417 -0.00225383 0.100512 0.242779 -0.00181817 0.00982509 0.044624 0.0513922 0.00349428 -0.002842 -0.0302936 -0.03426 -0.066616 -0.000192466 -0.200932 -0.0279069 -0.0151496 0.0120799 0.0215804 -0.00470556 -0.00364939 0.0176088 0.220457 0.0129901 -0.0550225 -0.0196439 -0.113594 -0.0143595 -0.025086 -0.0382898 -0.00314132 -0.0715144 0.0130182 0.059102 0.0196239 0.00624982 0.0609651 0.000416071 -0.00847813 0.015845 0.026034
internal_weight=232592 117809 114784 7611.75 6635.25 116259 64327.2 16323 976.5 107172 25203.5 81968.2 12478 1491 69490.2 60314.8 9175.5 10987 48004.2 1695 4984 4523 59318.8 1030 666 14809 46309.2 7126 7000 39183.2 35176.8 12387 12194 6253 5941 1397 4856 4553 22789.8 5238 51931.8 51637.2 17299 383 16916 2705 2327 1048 34338.2 26769.2 19880.5 9661.75 10218.8 6888.75 4006.5 9022.5 6712 2207 17480.8 15301 10662.8 10051.2
internal_count=321094 144332 176762 9531 8322 138132 77504 24864 1209 167231 65645 101586 20476 1491 81110 70784 10326 18985 52640 1695 7483 7022 69788 1141 666 41578 50945 7126 7000 43819 39694 12387 12194 6253 5941 1397 4856 4553 27307 5238 60628 60305 17299 383 16916 2705 2327 1048 43006 33895 25261 14224 11037 8634 4125 25038 8413 2405 21998 18340 13068 12107
cat_boundaries=0 1 2 3
cat_threshold=8 56 16
is_linear=0
shrinkage=0.04


Tree=105
num_leaves=63
num_cat=4
split_feature=0 56 21 29 25 6 14 23 47 11 24 21 44 47 6 30 33 45 21 42 52 24 21 21 47 1 25 20 14 24 23 23 23 24 43 40 37 24 43 48 21 15 42 40 32 44 29 47 45 21 45 24 24 2 53 21 23 31 0 23 15 56
split_gain=8088.37 8153.13 7653.13 7410.96 7382.6 5794.57 5646.64 6260.49 6049.56 5576.35 5512.81 6825.36 6554 6425.59 6218.29 7521.61 6436.19 5997.44 10583.6 6301.1 18504.4 8200.08 7076.88 5361.53 5440.95 5297.99 5159.95 5058.46 12505.6 8425.38 6169.27 5834.77 5717.48 6704.74 4842.55 4830.9 4782.69 4642.11 6173.44 6532.79 5391.92 5370.03 4571.15 4552.92 6221.74 4541.97 5089.65 6047.66 5868.13 4948.12 5308.5 4912.54 6746.77 4751.13 4725.04 4664.37 4497.89 4472.71 4936.85 4374.44 4309.06 4304.38
threshold=2.3249999284744267 0 54.907316207885749 16.250000000000004 661.25000000000011 188.25000000000003 95.634998321533217 1.2481924295425417 71.863182067871108 0.50084745883941661 0.3201736062765122 65.668624877929702 2.2222588062286381 65.352180480957045 32.500000000000007 0.080758187919855132 1.145594120025635 32190.250000000004 66.512878417968764 73.292812347412124 1 0.083215549588203444 68.182941436767592 83.14151763916017 74.03985977172853 3.304999947547913 279.37500000000006 177.50000000000003 83.520000457763686 0.099169462919235243 1.146490812301636 1.1482241153717043 1.1146236062049868 0.093082275241613402 0.090411271899938597 0.18438576906919482 65.600341796875014 0.11652579903602601 0.046389764174819 0.047972863540053375 65.602870941162124 4.7500000000000009 78.052867889404311 0.095303121954202666 1.1641309261322024 2.2300163507461552 9.7500000000000018 72.040969848632827 6738.1250000000009 79.325862884521499 6596.1250000000009 0.16477622091770175 0.14897271245718005 0.31499999761581426 2 80.24106597900392 1.100289046764374 70.15881729125978 1.185000002384186 1.1900373101234438 1.0000000180025095e-35 3
decision_type=10 1 8 2 2 2 10 10 10 8 10 8 8 8 2 10 10 2 10 10 9 10 10 10 10 8 2 2 10 10 8 8 8 10 10 10 10 10 10 10 10 2 10 8 8 10 2 10 2 10 2 10 10 10 9 10 10 10 8 10 2 1
left_child=1 -1 -2 4 6 27 7 9 -9 -3 11 37 14 34 15 16 -13 23 -19 22 -21 56 -20 25 -25 45 -8 28 30 -30 57 32 33 -29 -14 -6 -31 40 -39 -40 -4 -41 60 -11 -45 -15 47 55 49 50 -48 52 53 -50 -49 -47 -22 -5 -59 -54 -27 -42
right_child=2 3 10 5 35 -7 26 8 -10 43 -12 12 13 17 -16 -17 -18 18 19 20 21 -23 -24 24 -26 42 -28 31 29 36 -32 -33 -34 -35 -36 -37 -38 38 39 41 61 -43 -44 44 -46 46 48 54 51 -51 -52 -53 59 -55 -56 -57 -58 58 -60 -61 -62 -63
leaf_value=-0.021801639075642105 -0.25566326456123006 -0.014314102035705005 -0.039952214842707771 -0.051586359823030462 -0.071294973252298735 0.11566519182036428 0.049611609369795355 0.021806102169796889 0.26572014764805285 0.072813662812134583 0.12066604818826519 -0.42736264009854891 -0.35168485684647571 -0.074148598651176942 0.041593709849892316 0.0065588907694339631 -0.083547267086476917 0.17694565926798242 -0.05519079983337459 -0.52357985228403758 0.029996360614257058 -0.083417767531618753 0.049509820317458264 0.13663648528348346 0.020754448273423601 -0.30693486640101719 -0.024017849593219842 0.01092668276129382 0.025137151716405771 0.35179747072341799 0.055753617917372628 -0.026183937348232073 0.070231640476500712 -0.13815617469397296 -0.063170183662137155 -0.2872088307586555 0.1314538734834301 -0.27841823247354475 0.23160268733909092 -0.0092635758477863338 -0.38126855379995639 0.14774950883919322 -0.06068941027222733 -0.13106332906482948 -0.031333758778081928 0.049367797176631756 -0.0030189229717672338 0.038353323508614014 -0.01242787932361827 0.078987041906728866 0.19359114336289535 0.074017210074424744 -0.038178217315525745 -0.055767329462849395 -0.069015029908601686 0.23501797617081696 0.29790504448650018 -0.16456131013966885 0.060796562314697516 -0.31495558955989056 0.023831702004202579 -0.044716424117883048
leaf_weight=41377.25 175 19862.75 4864.25 3050 1304.25 877.25 4479.75 3367.25 169 355.75 683.5 112.75 125.5 1570.5 16091 2548.5 368.25 743 1162 113 1874 1350 9186 881 2443.25 61.25 2305 10572 1498.75 172 2359.5 8127.75 2579 503.75 349.75 188.5 1790.25 126 191 9355 135 360 1118 1816 2231.25 3518.25 21441.25 1232 12092.75 1310.25 220 748 159 6082.75 1377.75 229 104 175 1282.75 215 17577.75 110.5
leaf_count=61598 250 29339 8195 3578 1305 1136 6309 3692 184 439 691 130 154 2295 21002 4152 459 743 1162 113 1874 1350 9186 944 2447 224 2305 13380 1882 172 2895 13200 3071 716 529 196 2121 126 191 11296 135 360 1118 3643 5007 6003 33427 1544 12155 1662 220 748 159 6097 1608 295 104 187 1417 215 30126 175
internal_value=8.74246e-05 -0.00776085 0.00716888 0.000651033 -0.0118773 0.0143536 -0.00811513 -0.0160995 0.0336088 -0.023346 0.00754942 0.00691129 0.010487 0.00584024 0.0316964 -0.0208625 -0.165593 0.00664487 0.0300906 0.0221525 -0.0247265 -0.0074816 0.0377436 0.00193011 0.0515319 -0.000462502 0.0245964 0.0115785 0.0346316 0.0966074 0.00337644 0.000645287 0.016617 0.00412162 -0.14053 -0.0989131 0.151111 -0.0182141 -0.00240424 0.00116122 -0.0492391 -0.00341525 0.0176744 -0.0640636 -0.076127 -0.00724033 -0.00507623 0.0282878 -0.0100953 0.00356465 -0.00100402 -0.026355 -0.0304104 -0.0269372 -0.0184528 0.0608346 0.0443733 -0.0240502 0.0335489 -0.198138 0.022648 -0.231404
internal_weight=232850 110445 122406 69067.5 36079.5 32988 34586.8 27802 3536.25 24265.8 122231 121547 106406 87285 19120.5 3029.5 481 86809.8 14532 13789 3441 3328 10348 72277.8 3324.25 68953.5 6784.75 32110.8 10328.2 3461 6867.25 21782.5 13654.8 11075.8 475.25 1492.75 1962.25 15141.8 10032 9906 5109.75 9715 18757 4403 4047.25 50196.5 48626 6357 42269 22971.5 21661.2 19297.5 18549.5 18175.5 2609.75 3747.25 1978 4507.75 1457.75 374 17639 245.5
internal_count=321436 157772 163664 96174 52419 43755 50918 42304 3876 38428 163414 162723 142245 116502 25743 4741 589 115819 14532 13789 3441 3328 10348 101287 3391 97896 8614 42619 12252 4175 8077 30367 17167 14096 683 1501 2293 20478 11973 11847 8505 11656 31468 9089 8650 66428 64133 9450 54683 35309 33647 19374 18626 18252 3152 6298 1978 5182 1604 374 30350 310
cat_boundaries=0 1 2 3 4
cat_threshold=8 8 28 4
is_linear=0
shrinkage=0.04


Tree=106
num_leaves=63
num_cat=5
split_feature=1 56 0 15 14 53 18 6 24 24 21 14 43 43 43 45 24 24 53 20 43 18 25 25 52 25 17 20 23 44 24 52 21 23 15 44 23 21 23 21 43 23 23 24 24 21 25 15 17 23 24 21 44 25 25 21 43 25 25 23 23 21
split_gain=9338.68 6130.77 7054.82 6111.93 7912.87 10328.3 7705.75 9051.73 7684.88 7310.32 6943.04 6659.19 5715.82 5427.29 6149.42 5257.07 5186.24 5136.39 5779.42 5586.88 13440.3 6356.35 10119.2 6311.57 7349.87 5960.56 5731.51 5701.09 5576.37 7485.46 5480.89 11074.3 5480.87 5717.64 5614.36 5413.3 5627 6842.92 5186.38 5032.44 6058.68 5143.51 4825.35 10353.1 5538.93 12410.3 7526.65 5942.69 5528.32 4725.37 7533.05 6806.51 4724.25 4714.13 15163 5175.42 4627.16 4602.25 8434.88 4814.02 5713.82 5232.71
threshold=1.9049999713897707 0 3.3449999094009404 3.5000000000000004 88.345001220703139 1 1.5000000000000002 15.500000000000002 0.23804991692304614 0.058516236022114761 78.553573608398452 58.864999771118171 0.058638731017708785 0.046389764174819 0.047615710645914085 2780.2500000000005 0.070649027824401869 0.0095770866610109823 2 175.00000000000003 0.088665883988142027 1.5000000000000002 403.87500000000006 2.8750000000000004 3 7.3750000000000009 3.5000000000000004 171.50000000000003 1.0859734416007998 2.2333893775939946 0.024643816985189918 4 65.602870941162124 1.5542461872100832 3.5000000000000004 2.1314548254013066 1.1390727162361147 62.568962097167976 1.0969299674034121 81.547885894775405 0.057989934459328658 1.0474960803985598 1.2588252425193789 0.1710208207368851 0.052416019141674049 74.03781890869142 331.62500000000006 1.5000000000000002 2.5000000000000004 1.0272935032844546 0.0313829854130745 74.235458374023452 2.485109925270081 578.75000000000011 650.37500000000011 69.172683715820327 0.11230136826634408 313.62500000000006 105.12500000000001 1.0260539650917055 1.1092929840087893 63.725015640258796
decision_type=8 1 10 2 8 9 10 2 8 10 10 10 8 10 10 2 10 10 9 2 10 8 2 2 9 2 10 2 8 10 10 9 10 10 2 10 10 10 10 10 10 10 10 10 10 10 2 2 10 8 8 10 10 2 2 10 10 2 2 10 10 10
left_child=-1 2 17 4 5 11 8 -8 15 10 49 -3 39 -11 -15 -5 -16 18 -2 20 -19 -22 26 24 -21 -25 27 -23 29 -28 31 -27 33 34 -32 -36 -37 -38 -30 40 42 -41 43 44 46 -46 -6 -48 -44 -9 51 -51 -47 57 -55 -56 -33 58 -17 -59 -61 -62
right_child=1 3 -4 6 12 -7 7 9 -10 13 -12 -13 -14 14 16 53 -18 19 -20 23 21 22 -24 25 -26 30 28 -29 38 -31 32 56 -34 -35 35 36 37 -39 -40 41 -42 -43 48 -45 45 52 47 -49 -50 50 -52 -53 -54 54 55 -57 -58 59 -60 60 61 -63
leaf_value=-0.015984507292784562 0.066907744675731504 -0.26617029614106757 0.039613969846071857 0.063501942726285746 -0.043827888046403911 0.009185525810175045 -0.25652291893371965 0.1030863235871799 -0.12172573050857612 -0.19014095983328297 -0.20086016339706 -0.042428235718201111 0.037721221452199583 0.38769963804678043 0.16348253952121025 -0.085455459712756823 0.041943132104344021 -0.084568651680112558 -0.016033295210246833 0.29613909441455272 0.016046936541397473 -0.01415053713328035 -0.38129075078146801 -0.14335301508875806 0.019608316651919734 -0.44391274856925012 -0.15925331241448698 -0.086231922497060937 0.29034765555504627 0.083080946072817158 -0.060939338853053568 -0.025198781740424836 0.009270654516754892 0.25076609338912287 0.24839375905613265 -0.10318927687647499 -0.05578751362005005 0.14059377080610436 0.052758731773736224 0.04446497649751583 -0.16779738754529219 0.23091875704983081 0.041464322753178469 -0.17760930577797915 0.012538062299510051 0.25502125895588829 0.25686997468309253 0.023659278310054776 0.32886788805793316 -0.027044911942841154 0.0093233375367568726 -0.3730391488508274 0.081908332491634595 0.16570702847340527 -0.056062707794431066 -0.39227889435508034 -0.27289333022561496 0.029158343493522604 0.024361593320200884 -0.23206415675604461 -0.31356079431542982 -0.045118196429859585
leaf_weight=46578.5 3009.25 221 5469.25 1062.25 5273.25 35542 180.75 580.25 1367.5 126 297.25 4729.75 27167.5 96 700.75 1888.25 2814.25 5004 2418.75 239 7986.25 4211.5 129.25 486.25 426 103 444 3010.25 169.75 374 4395.25 6473.75 33364.25 111 153 552.25 515.5 627.5 1032.5 1641.5 323 275 359.5 492 8726.25 457.5 189 2074 151 193 1713.5 170.75 566 634 222 108 121 428 2741.25 515 128 1106
leaf_count=61235 10600 368 6364 1720 7272 53263 288 872 3928 126 328 7204 38113 96 826 3560 3283 5004 8775 248 10690 6499 130 622 435 199 615 3011 208 425 5758 7763 40838 111 531 892 562 725 1061 1658 323 275 376 492 10158 495 189 2074 151 232 3161 209 566 634 222 108 199 428 2877 515 128 1106
internal_value=3.28344e-05 0.00404222 -0.0042431 0.0104043 0.0146452 0.00164096 -0.0115008 0.0212337 -0.0335565 0.0288118 -0.0181982 -0.0524152 0.0256849 0.0659733 0.0750125 -0.0198806 0.0662547 -0.00742722 0.0300486 -0.010337 -0.0268261 -0.0101712 -0.032514 -0.00258458 0.119595 -0.00432207 -0.0275541 -0.044213 0.031977 -0.0485129 -0.00285932 -0.0363258 0.00278545 -0.031256 -0.0363499 0.0221236 0.00142883 0.0520749 0.0867379 0.00975319 0.003394 0.0714364 0.00643593 0.00294681 0.00810628 0.0280111 -0.0176444 0.0433496 0.127442 0.00236583 -0.0258372 -0.190634 0.159643 -0.0312937 0.051413 -0.167821 -0.029826 -0.0430202 -0.0204457 -0.0909596 -0.120358 -0.0734319
internal_weight=232666 186088 80826.5 105261 88188.2 40492.8 17072.8 6872.5 10200.2 6691.75 2954.75 4950.75 47695.5 3737 3611 8832.75 3515 75357.2 5428 69929.2 22361.5 17357.5 9371.25 47567.8 665 46902.8 9242 7221.75 2020.25 818 46416.5 6697.75 39718.8 6354.5 6243.5 1848.25 1695.25 1143 1202.25 20528 18611.5 1916.5 18288.5 17778 17286 9749.75 7536.25 2263 510.5 2657.5 2077.25 363.75 1023.5 7770.5 964 330 6594.75 6806.5 4629.5 2177 1749 1234
internal_count=321124 259889 112265 147624 122977 60835 24647 9421 15226 9133 4802 7572 62142 4331 4205 11298 4109 105901 19375 86526 27643 22639 11949 58883 683 58200 11819 9510 2309 1040 57578 8161 49417 8579 8468 2710 2179 1287 1269 24029 22096 1933 21773 21246 20754 11219 9535 2263 527 4474 3602 441 1061 9578 964 330 7962 8614 6437 2177 1749 1234
cat_boundaries=0 1 2 3 4 5
cat_threshold=8 12 24 4 8
is_linear=0
shrinkage=0.04


Tree=107
num_leaves=63
num_cat=3
split_feature=21 23 38 25 50 49 19 23 19 25 52 25 42 50 19 20 53 24 24 50 15 47 25 23 45 47 17 56 25 25 48 21 37 4 23 18 17 45 24 49 21 23 49 50 45 44 1 44 23 43 25 45 6 20 21 21 25 6 23 24 17 6
split_gain=8610.3 8616.68 9672.68 9418.92 8518.1 7471.42 10263 9307 8449.37 7516.56 10263.7 7300.14 7653.51 10951.9 7798.95 10578.9 10462.1 7806.81 12430.1 10536.9 11466.6 9298.17 9234.42 7928.86 9569.61 8321.52 16356.3 7297.47 10123 9121.39 9046.73 8324.9 7841.01 7683.81 7295.54 13782.2 7123.43 7327.98 7107.11 8094.56 7018.9 7353.3 6752.65 8167.08 6705.1 6874.29 9364.19 8688.2 7987.16 16463.7 10244.7 9863 7984.03 9188.56 7979.94 7685.68 7568.32 8419.39 7119.76 6765.87 6609.53 6391.51
threshold=76.617176055908217 1.0484992265701296 1.1373805403709414 487.75000000000006 4981.2500000000009 2.4554109573364262 10.500000000000002 1.046083986759186 10.500000000000002 635.37500000000011 0 472.37500000000006 66.972438812255874 5065.1250000000009 9.5000000000000018 177.50000000000003 1 0.064879272133111968 0.071071736514568343 1062.7500000000002 3.5000000000000004 68.247966766357436 11.375000000000002 1.0593760013580324 39285.250000000007 71.665985107421889 3.5000000000000004 2 661.25000000000011 628.25000000000011 0.10654533281922342 65.551872253417983 67.84973526000978 1.825000047683716 1.1293570995330813 1.5000000000000002 2.5000000000000004 6126.8750000000009 0.019153827801346782 2.3199609518051152 74.626205444335952 1.0866417288780215 1.4375321269035342 319.00000000000006 37624.250000000007 2.1937454938888554 1.8849999904632571 2.212171316146851 1.2481924295425417 0.047385564073920257 298.37500000000006 32190.250000000004 17.500000000000004 110.00000000000001 72.385150909423842 59.93836975097657 383.37500000000006 47.500000000000007 1.212078928947449 0.2057449668645859 3.5000000000000004 67.250000000000014
decision_type=10 10 8 2 2 10 10 10 10 2 9 2 8 2 8 2 9 8 8 2 2 10 2 10 2 10 10 1 2 2 10 10 10 2 10 10 10 2 10 10 10 10 10 2 2 8 10 8 10 10 2 2 2 2 10 8 2 2 10 10 10 2
left_child=11 5 3 4 -3 8 36 9 -2 -8 -11 12 13 42 15 -14 -16 22 19 21 -21 -19 -18 24 25 -24 -27 28 29 30 -13 -29 -30 -34 61 -36 -7 -38 39 -10 44 -42 43 -1 45 46 -20 -47 50 -50 52 -52 53 -49 56 -54 57 -48 -55 -51 -22 -15
right_child=1 2 -4 -5 -6 6 7 -9 38 10 -12 27 14 34 16 -17 17 18 40 20 60 -23 23 -25 -26 26 -28 31 32 -31 -32 -33 33 -35 35 -37 37 -39 -40 -41 41 -43 -44 -45 -46 47 54 48 49 59 51 -53 55 58 -56 -57 -58 -59 -60 -61 -62 -63
leaf_value=-0.12641862181275959 -0.21150700580013518 0.057021830238531801 -0.01064540780399478 -0.14311853193149821 0.15755060114616254 0.045438036016856607 -0.022196844705052659 -0.1927703020967878 -0.28327429882890365 -0.53443331838846209 -0.028092552619102672 0.039624883206855047 -0.0069783332621672469 -0.16780171843013 -0.11669655146671165 0.063734692250928107 0.079207176797045198 -0.30408935022960276 -0.069942966970117496 0.046143409547223353 0.24248091004740624 0.0012109478356060084 -0.0023907731025169577 -0.056304076688049265 0.26834850967635393 -0.086834819447949435 0.014184833564940099 -0.074739463482634244 -0.25159523037447651 0.17563219454470766 0.27421110423420464 0.010582146226616853 0.048256702674727106 -0.077387738162349659 0.057724412931957757 0.34156032458339347 0.0074357365441730227 -0.27237001150196122 0.060905953254743156 -8.1736616056328067e-05 -0.17647818867560255 0.084908034747388256 0.012080668154086314 0.020232130629090139 -0.13929694244445759 0.061699870591255541 -0.080905423647566255 -0.16086050744139346 0.37363307285527392 0.1061288461322072 -0.060191828537697306 0.11864387487612993 -0.26662926998667547 0.053432821089366839 -0.1717518237349874 -0.011007199774284297 -0.24680032952129841 0.02541175707631561 -0.062669231983911541 -0.00062935622776462408 -0.015701533833857504 0.079040328287675696
leaf_weight=1292.5 217.25 5973.25 3264.25 314 1742 4886.75 7634 599 174.25 108 154 6632 9730 225 1524.5 5188.5 1295.25 175 6537.25 2925.75 909 1624 17364.25 12108 184 6528.75 4221.5 2140.25 210.5 1046 272 12539 1991 1276.25 704 447 403.5 236 6418 1929.25 186.75 1975 25446 1144 643 3083.5 1436.25 380.25 223 1236.75 8765 521 187.25 7196.25 445.5 33973 190 6952.25 955.75 4071.5 191.75 642
leaf_count=2128 221 6355 3397 314 1742 6035 7634 599 202 108 154 6632 13594 225 2042 8892 4935 208 7021 3297 1356 2512 35650 13764 184 6582 4283 2141 233 1046 272 12539 1994 1277 704 447 672 308 9028 2185 237 2032 47259 1144 643 3121 1518 612 223 1311 8765 521 275 12765 447 53389 190 7361 1339 4448 224 642
internal_value=0.000260928 0.018846 0.0474068 0.0710054 0.0797559 0.00467079 -0.0134213 -0.0410197 0.0336967 -0.0294608 -0.239311 -0.00292052 -0.00589868 0.0125042 -0.0097487 0.0176196 -0.0129385 -0.0116759 -0.00470712 0.0516687 0.0876143 -0.0287878 -0.025846 -0.0292175 -0.0176246 -0.0195154 -0.0471696 0.0167937 0.0407591 0.0656544 0.0489449 -0.00186578 -0.0161532 -0.000837277 0.102442 0.168363 0.0290013 -0.0963381 0.0399971 -0.0237915 -0.00886776 0.0621814 0.00598777 -0.0575989 -0.0108694 -0.00978127 -0.0334941 -0.00369042 -0.00719861 0.0384893 -0.0120619 -0.0501338 -0.00377877 0.0308283 -0.00707901 -0.0124242 0.00150991 0.0071926 0.0398079 0.0242729 0.197552 0.014733
internal_weight=232990 34053.5 11293.5 8029.25 7715.25 22760 14021.2 8495 8738.75 7896 262 198937 172830 29900.5 142930 14918.5 128011 126486 84784.8 5825.5 4026.5 1799 41701.8 40406.5 28298.5 28114.5 10750.2 26107 11427.8 7950 6904 14679.2 3477.75 3267.25 2018 1151 5526.25 639.5 8521.5 2103.5 78959.2 2161.75 27882.5 2436.5 76797.5 76154.5 15561.2 60593.2 57509.8 5531.25 51978.5 9286 42692.5 8532.25 9024 34160.2 8578.5 8388.5 8152 5308.25 1100.75 867
internal_count=321378 38954 11808 8411 8097 27146 15510 8495 11636 7896 262 282424 256290 52549 203741 22486 181255 179213 113815 7597 4877 2720 65398 60463 46699 46515 10865 26134 11454 7950 6904 14680 3504 3271 2018 1151 7015 980 11415 2387 106218 2269 50531 3272 103949 103306 16537 86769 83648 5982 77666 9286 68380 14716 9516 53664 9069 8879 14104 5759 1580 867
cat_boundaries=0 1 2 3
cat_threshold=8 128 4
is_linear=0
shrinkage=0.04


Tree=108
num_leaves=63
num_cat=4
split_feature=4 4 5 5 7 47 0 14 20 16 21 0 48 44 23 43 47 49 47 21 50 0 49 54 56 23 21 0 29 23 23 42 15 53 23 22 50 48 54 4 5 12 23 15 21 22 50 45 23 42 20 44 22 21 23 23 6 15 23 18 23 23
split_gain=8387.21 7372.31 11916.7 7031.39 8436.99 6911.87 6812.22 6561.85 7657.45 5900.4 5806.34 5537.05 5423.8 5197.36 5174.96 5154.57 5028.7 7810.01 7108.89 5270.2 4914.02 4830.15 6011.9 4858.05 4739.06 6326.62 7210.9 4741.26 4715.2 4591.18 5029.68 7917.9 5900.57 4936.53 4573.65 6634.67 6255.49 5100.66 4559.59 4522.56 4456.18 5054.09 4451.26 4442.28 4415.14 5035.32 6444.87 5404.53 4762.83 4350.91 4130.74 8614.84 5278.42 4964.82 7042.13 4532.24 4214.74 4122.41 8527.71 5703.06 4625.84 5848.23
threshold=2.4550000429153447 0.50499999523162853 1.5000000000000002 34.500000000000007 43.500000000000007 75.29248428344728 2.054999947547913 97.115001678466811 177.50000000000003 2.5000000000000004 59.93836975097657 1.0000000180025095e-35 0.042698385193943984 2.5334342718124394 1.1662948131561282 0.094743471592664733 71.537059783935561 2.2485872507095341 68.445358276367202 75.258960723876967 437.25000000000006 1.1349999904632571 2.74841320514679 0 1 1.1699437499046328 70.416618347167983 3.6049998998641972 21.250000000000004 1.0484992265701296 1.0409196019172671 74.264919281005874 3.5000000000000004 2 1.0521262884140017 0.012240967713296415 3957.8750000000005 0.097298033535480513 3 1.575000047683716 59.500000000000007 14.500000000000002 1.0454032421112063 2.5000000000000004 64.105865478515639 0.019503099843859676 33663.000000000007 2758.5000000000005 1.2078961133956911 69.03259658813478 175.00000000000003 2.379364132881165 0.23492708802223208 75.613723754882827 1.0474960803985598 1.0409196019172671 12.500000000000002 2.5000000000000004 1.0220997929573061 1.5000000000000002 1.0608530640602114 1.0531432628631594
decision_type=2 2 2 2 2 10 10 10 2 2 8 10 8 10 10 10 10 10 10 10 2 10 10 9 1 10 8 10 2 10 10 10 2 9 10 10 2 10 9 2 2 8 8 2 10 10 2 2 10 10 2 10 10 10 10 10 2 2 8 10 10 10
left_child=1 6 -3 4 5 9 7 38 15 12 -2 -12 -4 42 34 -9 17 18 49 -20 -7 22 23 -6 27 26 -26 50 -8 30 -28 33 -33 -32 35 -15 37 -36 -1 -22 41 -40 -14 -11 48 -46 47 -47 -18 57 51 53 56 54 -13 -55 -52 58 -5 -60 61 -59
right_child=10 2 3 16 21 20 28 8 -10 43 11 24 13 14 -16 -17 44 -19 19 -21 39 -23 -24 -25 25 -27 29 -29 -30 -31 31 32 -34 -35 36 -37 -38 -39 40 -41 -42 -43 -44 -45 45 46 -48 -49 -50 -51 52 -53 -54 55 -56 -57 -58 60 59 -61 -62 -63
leaf_value=-0.234490968786397 -0.081461928171566222 0.14264648785746298 -0.15699973650222163 -0.19186031051323274 -0.08323509866067838 0.075892440176359544 0.031045205650099598 0.31583435094281248 0.017669925491414596 -0.054187053939000772 0.10097960399384735 0.095059378540878814 0.01521564777944877 0.055429374645443029 -0.23477183509914024 -0.0065301926493152116 0.013476287862779808 0.047504712579421099 -0.13038278422420932 0.085193266046850111 -0.21195037910473422 -0.042727593232685754 -0.41677158083036397 -0.36399559725247899 -0.008973064704852202 0.063510322289106705 0.020933527333045241 0.079980620513752931 -0.037725843512616083 0.043383271031649746 0.056584584276158846 -0.030088906268082045 -0.319215214850117 -0.081820566491728849 0.16119171781804226 -0.15479094927508599 -0.081350563436017098 -0.10083471267757239 -0.018134692520694887 0.0068065766685793793 -0.28092660787782547 0.11168662921655231 -0.025546371356670542 0.061643753370792052 0.018227738075249886 0.10605683011388983 0.029852656826730026 -0.05110993255264594 0.32293489446117718 -0.084161440929628531 -0.18453993578293468 -0.084766262713700802 0.2473968639354015 -0.074476229599326302 -0.03023695595949373 0.11726120732731822 0.0052117386979642633 -0.024142065992242556 1.9451456730388672e-05 0.094098142897585696 0.0086688201327164375 -0.1853821080457827
leaf_weight=142.5 1110.75 784.25 497 236.25 1838 1991.75 17712.5 235.5 6389 699 1066.75 811 4915.75 307 290 119 225.25 6597 1068 217 157 5139 99 95.25 14433.75 4500.75 9487 1142.75 1751.25 12661 897 200 259 742.75 440 1087 764 161 19005.5 3084 99.25 490.25 33403.5 2168.75 4022.75 360.5 2166 10328.75 121.25 856.25 186.5 2754 141.25 252.25 6122.25 883.25 29205.5 1993.25 1792.5 2425.25 9283 437.5
leaf_count=210 1542 1127 563 786 2972 3071 22028 246 7997 906 1435 2071 10930 307 290 206 271 13551 1086 217 157 7677 111 120 19614 4752 16918 1226 2274 14035 1110 200 259 955 440 1087 764 161 28835 3084 100 695 45444 2624 4160 581 2166 12155 122 1790 245 2754 226 280 7695 917 38780 5819 3093 4199 11395 562
internal_value=-0.000519054 -0.0063745 -0.0124656 -0.0136939 -0.0228352 -0.0170103 0.0068895 -0.00631504 0.0277443 -0.0220988 0.00932304 0.010501 -0.0259014 -0.0243186 -0.0745673 0.20817 -0.00129598 0.010196 -0.00325022 -0.0938961 0.0264799 -0.0634028 -0.115587 -0.099745 0.00935877 0.018635 0.0134102 -0.000293774 0.0248539 0.0267346 0.00853577 -0.0474687 -0.193929 -0.0062803 -0.0575674 -0.108475 -0.00548928 0.0908834 -0.0179538 -0.00391212 -0.0162269 -0.0148586 -0.0203165 0.0333897 -0.0179126 -0.0208206 -0.0330414 -0.0457898 0.123019 0.00360164 -0.00257093 -0.0237088 0.00517604 -0.00285197 -0.0155564 0.0746039 0.00399497 0.00825993 0.0410063 0.0541365 -0.00419563 -0.0532948
internal_weight=232854 145996 100052 99267.5 57137 49965.8 45944.8 26481 6743.5 44733 86857.5 85746.8 41865.2 41368.2 3049 354.5 42130.5 24906 18309 1285 5232.75 7171.25 2032.25 1933.25 84680 43181.2 38680.5 41498.8 19463.8 24246.8 11585.8 2098.75 459 1639.75 2759 1394 1365 601 19737.5 3241 19595 19495.8 38319.2 2867.75 17224.5 16878 12855.2 10689.2 346.5 17024 40356 10822.8 29533.2 8068.75 6933.25 1135.5 29392 16167.8 4454 4217.75 11713.8 2430.75
internal_count=321393 206379 143788 142661 80708 69828 62591 38289 8449 63516 115014 113472 59986 59423 3049 452 61953 42498 28947 1303 6312 10880 3203 3092 112037 57843 53091 54194 24302 33477 19442 2524 459 2065 2759 1394 1365 601 29840 3241 29630 29530 56374 3530 19455 19062 14902 12736 393 27644 52968 13717 39251 10963 9766 1197 39025 25854 8078 7292 17776 6381
cat_boundaries=0 1 2 3 4
cat_threshold=8 8 76 32
is_linear=0
shrinkage=0.04


Tree=109
num_leaves=63
num_cat=1
split_feature=48 1 42 50 22 47 25 18 1 48 22 24 25 22 50 22 47 38 47 48 25 25 25 25 32 25 17 14 23 22 45 24 25 35 22 25 25 22 6 23 20 15 42 23 52 23 24 17 15 2 17 50 42 23 44 50 24 44 23 47 24 20
split_gain=8247.19 7898.45 5828.28 11070 10446.7 7152.02 10405.3 6499.56 6319.67 5705.22 6105.79 9366.97 12698.3 9796 6559.93 7808.52 6363.96 5705.76 5320.23 6375.29 5239.95 8587.97 14731.5 8842.87 10558.3 5964.33 4972.89 7730.08 7287.84 15827.9 9017.92 7910.19 6591.23 8789.82 7795.16 8934.47 8960.51 9304.75 8666.14 8279.3 11377.7 12570 12520.6 12655.5 7578.42 7488.78 6810.79 9275.52 6599.03 6191.67 6107.94 10585.7 7046.78 10595.7 11731.6 6392.61 6070.78 9408.12 6191.52 6047.63 8684.99 5928.12
threshold=0.46700048446655279 3.2549999952316289 66.972438812255874 5065.1250000000009 0.11774935945868494 66.371269226074233 515.37500000000011 1.5000000000000002 1.7450000047683718 0.12432544678449632 0.13181531429290774 0.16615853458642962 438.62500000000006 0.096611455082893385 2642.7500000000005 0.31542138755321508 66.520885467529311 1.0035736560821535 68.867820739746108 0.08214722573757173 39.125000000000007 82.375000000000014 80.625000000000014 174.62500000000003 1.1305490732192995 403.87500000000006 1.5000000000000002 78.434997558593764 1.1789435744285586 0.082905523478984847 10749.500000000002 0.12991900742053988 465.75000000000006 10.750000000000002 0.0059330721851438293 276.37500000000006 284.25000000000006 0.04550715163350106 104.25000000000001 1.1343392133712771 218.00000000000003 4.2500000000000009 73.954586029052749 1.0884419083595278 0 1.0956143736839297 0.049344956874847419 2.5000000000000004 1.5000000000000002 1.1649999618530276 2.5000000000000004 9437.6250000000018 72.12329483032228 1.1496215462684634 2.485109925270081 3852.0000000000005 0.095385804772377028 2.485109925270081 1.0879712104797366 72.282531738281264 0.15303881466388705 159.00000000000003
decision_type=10 10 8 2 10 8 2 10 10 10 10 10 2 10 2 10 8 8 10 10 2 2 2 2 10 2 8 8 10 10 2 10 2 2 8 2 2 10 2 10 2 2 10 10 9 10 10 10 2 8 10 2 10 10 10 2 10 10 10 10 10 2
left_child=1 2 3 18 -5 6 8 -6 -4 10 11 16 -13 -14 15 -12 -7 -18 19 -1 -10 22 -22 24 -23 -25 27 49 32 -30 -31 -32 34 -34 -28 39 -37 38 48 40 44 42 43 46 -36 -43 -42 -48 -38 -19 55 52 -52 -54 -55 -41 57 58 -39 60 -33 -46
right_child=-2 -3 5 4 7 9 -8 -9 20 -11 14 12 13 -15 -16 -17 17 26 -20 -21 21 23 -24 25 -26 -27 28 -29 29 30 31 59 33 -35 35 36 37 56 -40 50 41 45 -44 -45 61 -47 47 -49 -50 -51 51 -53 53 54 -56 -57 -58 -59 -60 -61 -62 -63
leaf_value=-0.13430862727652096 -0.21531387725435849 0.029185747259403802 -0.065107899150990398 0.044197583765920367 0.062669284671932085 0.068843789032341202 0.29554314163630935 0.32782388665372475 -0.097538125742358289 0.031115205664292395 -0.053917376155314764 0.11680402267161695 -0.26215157155606938 0.018798388637113694 -0.00064709257987325232 0.18356042994066482 0.058786993986362619 0.013601932929046138 0.06917174924171296 0.0055822506598088937 0.043936143297269727 -0.0014428501084564086 0.48232181450056238 0.021523062450920689 -0.13617590723943873 -0.18973975459142114 0.14138337787581448 0.017625640309601977 0.085544710996470846 0.11122252043355733 -0.3598352097607711 -0.061679332860714448 -0.036199828834557135 0.027398692618818381 0.0012887208161251737 -0.16238232338021216 0.13554437956698104 0.053250617500081046 0.023224418258365714 0.051226373879023845 0.073253870352525327 -0.058461476079052166 -0.022655003309137622 -0.10323499066352725 0.033170420332250108 0.10295176839104206 0.054859205884434568 0.24705821525742136 -0.066830737186885356 -0.07809055331593498 0.062952346964738989 -0.19364931165274799 0.024731360142725218 -0.58071548134189543 -0.018634890202555012 0.20548602111548803 -0.030271843020760414 -0.1695303498948611 -0.11393933087167547 0.17248303308070831 -0.24824008913806694 -0.037034718625885893
leaf_weight=530.25 283 13937.25 5942.25 1549 229 1976 155 422 1096.25 7950.5 9320.75 2345.75 259 829 8973.5 225 2318.25 2110.75 2079.75 25202.25 1256 1905.5 134 5190 1817.25 221 525 27112.25 775 232 253 958 4448 15901 17610.5 885 275 699 5906 1677.75 3089.25 3169 2321 496 2071.5 536 655.25 1042.75 3742 2663.5 2475.25 375 519 116 120 577 3165 1782 715 104 685 26823.75
leaf_count=1158 283 17361 6933 1549 229 1976 155 422 1589 10016 13520 2411 259 829 10907 225 9273 2758 4911 44637 1403 2192 134 5190 1944 221 525 35051 775 232 253 958 4448 15901 25574 885 275 699 5906 1716 6966 6271 2321 649 2436 536 1250 1756 3742 5512 2620 375 519 116 120 577 3165 1782 715 104 685 43404
internal_value=-0.000271277 -7.61449e-06 -0.0018697 0.0145017 0.100836 -0.00447609 -0.0286652 0.235041 -0.0315604 -0.00196672 -0.00358213 -0.000807689 0.0644478 -0.0484331 -0.0252034 -0.0482817 -0.00239886 -0.00341318 0.00766546 0.0026891 -0.0143958 -0.00571732 0.0868358 -0.0198191 -0.0672524 0.0128261 -0.0044696 0.00936053 -0.00868074 -0.0700318 -0.124083 -0.151466 -0.00686566 0.0134944 -0.0119577 -0.012957 -0.0385638 -0.0318149 -0.00760127 -0.00605144 -0.0106439 0.0253362 0.0547678 0.0887779 -0.0193944 -0.0350648 0.108709 0.173046 -0.0529138 -0.0375619 0.039245 0.00693439 0.0303281 -0.0765031 -0.297504 0.0908527 -0.069572 -0.108445 -0.0313261 -0.120909 -0.139672 -0.0319995
internal_weight=232759 232476 218539 30012.2 2200 188526 17717.2 651 17562.2 170809 162859 144340 3433.75 1088 18519.2 9545.75 140906 138930 27812.2 25732.5 11620 10523.8 1390 9133.75 3722.75 5411 136612 31886.5 104725 3007 2232 2000 101718 20349 81369 80844 17169 16284 9923 63675 57815 11309.2 7604.25 5283.25 46505.8 3705 4787.25 1698 4017 4774.25 5860 3605.25 3230.25 755 236 2254.75 6361 3196 1414 1747 1643 28895.2
internal_count=321304 321021 303660 52906 2200 250754 19761 651 19606 230993 220977 196325 3499 1088 24652 13745 192826 190850 50706 45795 12673 11084 1537 9547 4136 5411 181577 43321 138256 3007 2232 2000 135249 20349 114900 114375 17169 16284 9923 97206 91163 19749 12942 10621 71414 6807 9972 3006 4017 8270 6043 3750 3375 755 236 2293 6361 3196 1414 1747 1643 45840
cat_boundaries=0 1
cat_threshold=4
is_linear=0
shrinkage=0.04


Tree=110
num_leaves=63
num_cat=3
split_feature=14 19 47 5 7 17 21 22 22 15 15 23 39 40 5 53 20 5 43 35 19 23 45 19 14 53 43 21 23 17 33 22 45 7 44 35 45 44 25 56 23 21 25 25 25 25 25 23 44 23 30 15 23 21 31 45 23 43 48 31 23 47
split_gain=6796.46 8356.07 8472.11 7666.68 9921 7656.56 10231.6 7244.24 6524.44 9964.37 7325.66 6136.48 6078.9 7085.39 6061.96 5980.32 8701.49 12456.5 10376 7944.29 7108.37 6734.7 6654.75 6402.23 7282.33 7472.79 6576.91 6249.4 13360.3 10475.7 10286.7 10048.4 7433.09 6596.36 6475.05 5898.24 5784.95 5538.74 5460.62 6298.33 7470.95 8595.5 5877.47 5660.93 5205.1 11987.5 6093.29 5195.59 5187.64 7688.71 5607.42 5287 8047.85 7814.13 5827.74 5086.06 5037.3 5430.5 5015.4 4986.74 5005.76 7107.31
threshold=88.345001220703139 9.5000000000000018 72.087604522705092 33.500000000000007 6.5000000000000009 2.5000000000000004 77.250598907470717 0.03408933803439141 0.063875023275613799 3.5000000000000004 1.5000000000000002 1.5542461872100832 1.8310694098472597 0.11437272652983667 21.500000000000004 0 141.00000000000003 30.500000000000004 0.093218237161636366 8.2500000000000018 145.50000000000003 1.0389151573181155 782.00000000000011 9.5000000000000018 65.020000457763686 1 0.090411271899938597 75.359088897705092 1.0403597354888918 1.5000000000000002 0.56264767050743114 0.13746111840009692 6596.1250000000009 22.500000000000004 2.3621283769607548 6.7500000000000009 6126.8750000000009 2.153017640113831 194.12500000000003 2 1.013817369937897 80.24106597900392 541.62500000000011 82.375000000000014 84.125000000000014 135.12500000000003 130.37500000000003 1.0293902754783633 2.2599911689758305 1.0293902754783633 0.052992679178714759 2.5000000000000004 1.1496215462684634 65.29294586181642 74.128509521484389 31145.250000000004 1.0764702558517458 0.11161950975656511 0.027611522935330871 64.992851257324233 1.1211348772048952 66.949768066406264
decision_type=8 8 8 2 2 10 10 8 10 2 2 10 10 8 2 9 2 2 8 2 10 8 2 8 10 9 10 8 10 10 10 10 2 2 10 2 2 10 2 1 10 10 2 2 2 2 2 10 8 10 10 2 10 8 8 2 10 10 10 8 8 8
left_child=15 5 3 4 12 7 -7 -2 10 11 14 35 13 -3 -6 16 18 19 27 -18 21 22 -21 24 25 26 -17 29 -29 33 -30 32 34 -1 58 -10 -8 -25 43 42 -41 55 -40 -5 -19 46 47 -46 49 -20 -51 -50 53 -53 -55 -42 57 -47 -31 -22 -61 -62
right_child=1 2 -4 38 8 6 36 -9 9 -11 -12 -13 -14 -15 -16 23 17 44 48 20 59 -23 -24 37 -26 -27 -28 28 30 31 -32 -33 -34 -35 -36 -37 -38 -39 39 40 41 -43 -44 -45 45 56 -48 -49 51 50 -52 52 -54 54 -56 -57 -58 -59 -60 60 61 -63
leaf_value=0.012255508942173711 0.020346948525179737 0.073782020580479724 -0.013501466224792251 0.036008716643832546 0.35200968559695489 0.013077164531896664 -0.075027374862347687 0.086901308769489649 0.059531183414715312 -0.078170329852140397 0.0024935284372116849 0.21505736803600661 0.094346191524883868 -0.0017100749088817941 0.071715312069659767 0.35350594701345889 0.030813169538572504 0.025864995738998444 0.15545993028028299 0.11028957590076194 -0.085845329484284583 -0.059990952013252143 -0.048383037204036812 -0.030032708174856183 3.9251611238880312e-05 -0.11414667812664857 -0.022773935305063366 -0.15102739736672996 -0.081145659720226804 0.14186204589891055 0.13212009330368368 -0.17807292368757247 0.18752308886678054 0.18350033220956827 -0.10189535331443433 -0.022673034176388565 -0.3562830129332013 -0.12582347680540634 0.044253391889886286 -0.19755794880093061 0.041462745569019063 0.17887382098600277 0.12391606106221391 -0.018609295608075647 0.06289242979081261 -0.0017966271767130709 -0.23838129960244839 -0.059580560405528546 0.0022607040393204663 -0.30567324666662532 0.010539906801234391 -0.25760866315907405 0.21807915271267456 0.10991672725006145 -0.0041105509133988341 -0.010631797207148703 0.023548727646257674 -0.091855987061347288 -0.02562577670860346 -0.027222289077745425 0.1233830972747475 0.0011404949195546956
leaf_weight=2197.75 5512.25 2676.5 34777.5 5228.75 157 2185.75 289.75 4983 1564.5 4619 12106.75 188 1968.5 7728.75 560 102.75 3042.5 12120.75 600.75 772.5 1135.5 16019.75 929.75 2069 9284.25 1805.75 255 460.5 460 316 1674 904 230 428.5 1921 12872 196 1812.5 4832.5 242.25 6869 559 2138.25 7235 619.25 6047 275.5 5154.25 1404 89 6411.25 112.25 677.25 2602.5 989.25 5319 13228.25 1300 2846.25 3933 1087.25 2525.75
leaf_count=2545 6347 3605 41508 14627 187 2941 355 8742 2178 7019 15706 188 2867 10722 638 111 4778 29820 1692 1887 1815 22340 2195 2360 13890 2843 324 465 460 316 1680 904 230 442 2230 16862 259 2177 4834 336 6869 559 2139 8612 938 6125 277 6688 3486 89 7807 185 783 4278 1773 5319 13265 1318 2955 6789 1292 4103
internal_value=7.91845e-05 0.00643427 0.00287953 0.0102914 -0.000499067 0.0365697 -0.0238727 0.0519573 -0.0122392 -0.026967 0.00986165 -0.0107859 0.0299226 0.0177181 0.13391 -0.0072755 -0.00343864 -0.0107657 0.0170997 -0.0303754 -0.0374283 -0.0519534 0.0236646 -0.0304057 -0.0153663 -0.0814192 0.0842971 -0.0106287 0.0439352 -0.0266438 0.0861124 -0.0549343 -0.0339227 0.0403173 -0.0440138 -0.0137569 -0.189526 -0.0748069 0.0250805 0.0380511 0.0215842 0.0257798 0.0687193 0.00430533 0.0041381 -0.00575402 -0.0552456 -0.0464258 0.0417101 0.0187924 0.00611647 0.0698226 0.0914604 0.0682018 0.078524 0.0187293 0.00879978 -0.0177537 -0.0088073 -0.00777139 0.00399552 0.0379767
internal_weight=232654 124809 111642 76864.8 44441 13166.8 2671.5 10495.2 32067.2 19243.5 12823.8 14624.5 12373.8 10405.2 717 107844 92515.2 68191 24324.2 29446 26403.5 17722 1702.25 15329.2 11447.8 2163.5 357.75 11438 2594.5 8843.5 2134 6217.25 5313.25 2626.25 5083.25 14436.5 485.75 3881.5 32423.8 19960 12989.2 12747 6970.75 12463.8 38745 26624.2 6049 5773.5 12886.2 7101 6500.25 5785.25 4381.25 3704 3591.75 12188 20575.2 7347 3162.25 8681.5 7546 3613
internal_count=321074 163419 144775 103267 59972 18644 3555 15089 42778 26247 16531 19228 17194 14327 825 157655 135950 103630 32320 45199 40421 26422 4082 21705 17168 3278 435 12227 2605 9622 2140 6635 5731 2987 5501 19040 614 4537 43295 20056 13083 12747 6973 23239 58431 28611 7903 7626 20093 9588 7896 10505 7019 6236 6051 12188 20708 7443 3271 13999 12184 5395
cat_boundaries=0 1 2 3
cat_threshold=112 128 4
is_linear=0
shrinkage=0.04


Tree=111
num_leaves=63
num_cat=2
split_feature=4 35 1 50 25 42 50 22 19 21 47 6 47 20 21 21 25 44 22 22 44 52 21 15 24 7 21 24 25 53 23 24 21 20 25 20 25 25 42 22 22 1 22 24 24 14 23 48 23 15 42 24 7 35 20 9 4 11 22 21 25 22
split_gain=7476.28 6408.78 5941.61 5191.16 5175.33 7003.68 8409.38 7448.94 6833.89 5884.87 6116.36 5548.99 5671.32 10975 8061.5 8931.51 8679.19 6814.95 6636.87 9325.04 7106.28 6994.38 6558.35 8870.65 6231.52 6133.9 6120.27 7406.84 6501.32 5916.24 5865.55 8629.15 5488.29 6396.59 5531.45 5348.08 9889.21 12222.4 7014.05 5463.87 5268.99 5976.85 5194.39 5120.01 5348.07 5264.13 5035.22 4987.41 7816.23 4943.02 5456.04 4776.92 4750.9 4687.69 5580.55 5310.25 4838.72 4831.66 4657.18 4585.42 4567.23 4550.76
threshold=2.9250000715255742 13.250000000000002 1.5549999475479128 14.875000000000002 465.75000000000006 66.972438812255874 5065.1250000000009 0.11774935945868494 9.5000000000000018 83.14151763916017 74.03985977172853 189.25000000000003 71.665985107421889 159.00000000000003 72.750854492187514 82.51377105712892 144.12500000000003 2.4718201160430913 0.029824725352227691 0.049267832189798362 2.212171316146851 0 72.335590362548842 1.5000000000000002 0.067248854786157622 16.500000000000004 58.996784210205085 0.16761939227581027 130.37500000000003 1 1.0413430929183962 0.025558751076459888 66.798545837402358 171.50000000000003 438.62500000000006 171.50000000000003 84.125000000000014 78.375000000000014 68.61108779907228 0.066882424056530013 0.0059330721851438293 2.5849999189376835 0.06120711378753186 0.12200778722763063 0.11491150408983232 68.924999237060561 1.1358339190483095 0.087666798382997527 1.1301903128623965 2.5000000000000004 67.053691864013686 0.023518731817603115 15.500000000000002 7.7500000000000009 141.00000000000003 15.500000000000002 1.4550000429153445 0.29503209888935095 0.26898275315761572 77.739685058593764 177.37500000000003 0.11437272652983667
decision_type=2 2 8 2 2 10 2 10 8 10 10 2 10 2 10 10 2 10 10 10 10 9 10 2 10 2 10 10 2 9 10 10 10 2 2 2 2 2 10 10 10 8 10 10 10 10 10 10 10 2 10 10 2 2 2 2 2 10 10 10 2 10
left_child=1 2 53 58 5 6 -3 -8 -7 11 -11 12 14 30 16 18 26 -15 -16 21 52 29 32 -24 -23 -26 -10 28 35 -20 31 -14 34 -34 -18 51 37 39 -39 -37 -19 -42 -22 44 45 -41 -44 48 -47 -30 -51 -28 -21 57 55 60 -56 -1 -4 -32 -55 -6
right_child=-2 4 3 -5 61 8 7 -9 9 10 -12 -13 13 17 15 -17 22 40 19 20 42 24 23 -25 25 -27 27 -29 49 -31 59 -33 33 -35 -36 36 -38 38 -40 43 41 -43 46 -45 -46 47 -48 -49 -50 50 -52 -53 -54 54 56 -57 -58 -59 -60 -61 -62 -63
leaf_value=-0.032570073104992145 0.017574559172462385 0.014371906757732792 -0.047595498656016463 -0.0033264354958098693 0.03190490145277497 0.023989876502474142 0.057442786167568684 0.26037568234447755 -0.22830522362235933 0.12147165107019764 -0.036372527965148581 0.057238550354153817 0.041269285033313612 -0.09869101300251179 -0.0028101786620692067 -0.32255920221845985 -0.019446742396858497 0.1331516690032287 0.32547810347922201 0.00075908522893709611 -0.038973984295453151 0.028416280093903384 0.15807839559814305 -0.27940947776927211 -0.011273782596990429 0.25518082700472083 0.20924333286085695 0.041045405939351312 -0.33408123099956105 0.10515196872268648 0.038537369922834915 -0.38885680534165412 0.14952134222456251 0.023668679783059528 0.16080037662291458 0.048964722906881988 -0.055231758762709353 0.31027858572111305 0.017611442617471589 0.18821727456917756 -0.062621014329544575 -0.011549539927770129 0.04626661931410974 0.064975469027569718 -0.22017356277634759 -0.021794306828178317 0.27461474954526038 -0.094800569866421491 0.29119208628701987 -0.35459006721333219 -0.043192928282789478 -0.074589617817054907 -0.29563778733985852 0.0014482035387241513 -0.15332761692639615 -0.25397086533856766 -0.055838207282151102 0.054827835687946219 0.24247984183629354 0.20089957941159273 0.28381519736079719 -0.032987765912493583
leaf_weight=2760.5 32578.25 16098 5663.25 61042.25 14084 11167.25 1002 406 246 1078 616 1841.25 191.25 2897 5783.5 116 7280 302 345.5 151.25 973.75 1802.25 101 266 199.5 446.5 95 2205.75 174.25 512.75 2531.75 120 706 7421 281 2261.25 6606.5 327 218.25 163.5 6802 7954 781.5 820.25 257.5 1919.25 191 1622 134.75 106 546.25 4550.5 200 2429 933.5 124 6366.5 1595.25 88 311 93.25 1969.25
leaf_count=4118 41384 37371 12276 85160 14084 14324 1002 406 348 1114 616 2670 267 2897 7330 116 7352 302 614 158 1327 2931 101 266 207 448 323 2631 175 527 2900 120 706 7505 281 5988 7367 327 408 348 6802 7954 1092 1376 361 6861 191 1910 251 106 649 7042 212 2720 1220 160 8609 2553 88 311 94 1970
internal_value=-0.000195788 -0.00308658 -0.0117609 -0.00675011 0.00281566 -0.000473024 0.0225788 0.116251 -0.00518653 -0.00956313 0.0640938 -0.0112798 -0.0130603 -0.0304353 -0.00569622 0.0236661 -0.0145142 -0.0425236 0.0272497 0.0582638 -0.00363767 0.101254 0.00790044 -0.158785 0.0667063 0.1731 -0.0306847 -0.0284548 -0.0362001 0.199413 0.0383613 -0.125961 0.0118201 0.0346367 -0.0127062 -0.031407 -0.0193104 0.0114201 0.193638 -0.0024694 -0.0317054 -0.0350975 0.0262911 -0.0261338 -0.0443994 -0.0325003 0.0915942 -0.0424165 -0.000994063 -0.145895 -0.0947409 -0.068696 -0.168703 -0.0351574 -0.0503093 -0.000540111 -0.0683445 -0.000549152 -0.0430729 0.0564315 0.0121074 0.0239409
internal_weight=232857 200279 81095.5 66793.5 119183 103130 17506 1408 85624 74456.8 1694 72762.8 70921.5 21109 49812.5 11503.5 38309 17955 11387.5 5604 2297.5 3306.5 16055 367 2448.25 646 22254 22008 19802.2 858.25 3154 311.25 15688 8127 7561 18975.8 14330.2 7723.75 545.25 7178.5 15058 14756 1946.25 4917.25 4097 3839.5 972.5 3676 2054 826.5 652.25 4645.5 351.25 14302 9946.25 2646.25 7300 4355.75 5751.25 2842.75 2522.25 16053.2
internal_count=321327 279943 116998 97524 162945 146891 38779 1408 108112 93788 1730 92058 89388 21553 67835 15153 52682 17955 15037 7707 2980 4727 16211 367 3586 655 36471 36123 33492 1141 3598 387 15844 8211 7633 32562 25197 17830 735 17095 15058 14756 2610 11107 9731 9370 1283 9022 7112 930 755 7365 370 19474 12803 2974 9829 6671 12364 3211 2814 16054
cat_boundaries=0 1 2
cat_threshold=4 48
is_linear=0
shrinkage=0.04


Tree=112
num_leaves=63
num_cat=2
split_feature=1 1 29 29 56 15 2 28 24 15 18 6 23 23 42 20 24 45 25 23 44 24 1 6 19 25 15 25 16 24 17 38 24 18 23 24 20 9 11 44 11 0 2 31 20 31 14 54 5 24 31 42 38 11 42 44 44 25 24 25 50 19
split_gain=7436.61 5619.4 4733.34 5729.63 4644.59 8675.11 5974.85 5609.03 5954.55 4707.29 7367.04 7667.58 7704.21 8544.32 8785.4 7108.86 6576.51 5913.28 5763.83 5342.89 4974.66 5362.04 5029.23 4603.44 7683.82 4478.23 5480.04 7428.88 4360.02 4713.18 4336.03 6160.48 4275.97 6104.36 5432.15 4342.72 4230.58 8684.59 6302.2 5805.29 5348.8 4793.02 6665.23 4421.45 4190.34 7402.88 6487.41 4600.92 4178.44 4156.91 5008.52 4141.25 4085.49 4034.94 3952.27 5487.21 9421.39 8516.28 7323.47 6686.51 6527.95 7117.92
threshold=1.5649999976158144 3.5049999952316289 16.250000000000004 11.750000000000002 0 1.0000000180025095e-35 0.19500000029802325 6.5000000000000009 0.0095770866610109823 3.5000000000000004 1.5000000000000002 15.500000000000002 1.0489010810852053 1.0413430929183962 73.778861999511733 218.00000000000003 0.23804991692304614 2780.2500000000005 64.125000000000014 1.0153971314430239 2.4882971048355107 0.13302168995141986 2.9750000238418584 79.500000000000014 9.5000000000000018 105.12500000000001 4.2500000000000009 325.37500000000006 3.5000000000000004 0.24477943778038028 3.5000000000000004 1.1080810427665713 0.08732261881232263 1.5000000000000002 1.0249221920967104 0.021704585291445259 141.00000000000003 16.500000000000004 0.11271057650446893 1.3184209465980532 0.41498298943042761 1.0000000180025095e-35 -0.43500000238418574 67.133598327636733 110.00000000000001 63.178062438964851 64.020000457763686 1 4.5000000000000009 0.19607750326395038 70.878776550292983 53.830335617065437 1.0300515294075014 0.37640480697155004 66.972438812255874 2.2300163507461552 2.2280639410018925 515.37500000000011 0.13176712393760684 65.125000000000014 74.750000000000014 9.5000000000000018
decision_type=8 10 2 2 1 2 8 2 10 2 10 2 8 10 10 2 8 2 2 10 10 10 10 2 8 2 2 2 2 10 10 10 10 10 10 10 2 2 10 10 10 10 10 10 2 8 10 9 2 10 10 10 10 8 8 8 10 2 10 2 2 10
left_child=2 4 3 28 6 -6 23 8 -8 15 16 -12 13 19 -15 20 17 -11 -17 -13 22 32 44 24 -2 -19 27 -27 -1 -30 31 -29 34 -34 -22 -36 37 38 -5 -40 -38 42 -42 -44 45 46 -7 53 -41 50 -20 -50 -10 -48 -46 56 57 60 59 -58 -56 -62
right_child=1 -3 -4 36 5 9 7 -9 52 10 11 12 -14 14 -16 18 -18 25 49 -21 21 -23 -24 -25 -26 26 -28 30 29 -31 -32 -33 33 -35 35 -37 40 -39 39 48 41 -43 43 -45 54 -47 47 -49 51 -51 -52 -53 -54 -55 55 -57 58 -59 -60 -61 61 -63
leaf_value=-0.0057995162820815077 0.027205906165080784 0.047630013270799972 -0.0017343233006176489 -0.16791173337697984 -0.2077658037655144 -0.13671507019419546 0.067812293393604534 0.029139767213785174 -0.10424180561433347 0.066834882095372292 -0.2295259808820764 -0.26246502981676118 0.0514446700259166 0.010627946998912601 -0.30709930654674589 0.10532365572255242 -0.11215209906459095 -0.083125948101735972 -0.02524296957859562 0.030606734146382653 0.085705577618005832 -0.12206311789230098 0.040017681393916898 -0.004804817014369283 -0.042351597034316783 0.0037725295649012713 0.029200693987137712 -0.091241544968028665 0.024332388867627303 0.3871316924061694 -0.0086834742083326463 -0.29398773520530308 0.11052401580960471 -0.037046959895703752 -0.21386523291454887 -0.031510105822419164 -0.049154830278515756 -0.37653929081131288 -0.16524141435034864 0.15526462326622345 -0.083426005544003187 -0.096936803369602628 -0.24375114826637612 -0.67601951256111026 0.032059543121500403 -0.11971162281858996 -0.056722851316318962 -0.092761964331766616 -0.21363498685396079 0.17004782140152527 0.041530978889441912 0.034065663750975056 -0.0063462054157314811 0.22091093958194361 -0.14145358808092551 0.011959750783596504 -0.067771111387167043 0.33911348282228349 0.065950468084159108 -0.23197711909417001 0.085932365083476195 -0.011686453225756835
leaf_weight=4187.75 3058.75 4400.75 13450.5 300.5 297.75 250 1718.5 12100.25 701.25 1109 191 105 5319.5 242.75 324 1864.75 1419.5 2025.5 2469 1423.5 624 762 8303.75 28960.25 14972.5 2069.75 2637 792 143.5 93.75 471 344 980 824 215 5710 6068.25 97.25 229 441.75 153.5 1242.25 82.5 74.25 9913.75 1095.5 105.5 145 113.5 318 6592 1661 22698 390.75 547.5 42101.25 1023 113 364 649 1349.75 10311
leaf_count=6533 4483 5324 17142 332 669 262 5362 16508 729 1844 305 105 7277 371 324 5425 3998 3896 2565 2058 624 762 10331 40958 21526 2222 2637 792 169 105 471 344 980 824 215 5710 8064 134 229 531 212 1735 129 96 14746 2210 107 151 121 369 7036 1859 27612 393 975 65085 1023 113 364 649 1544 11541
internal_value=0.000266784 0.0029292 -0.018935 -0.0344713 0.00194511 0.00714333 -0.00520263 0.00676929 -0.00400863 0.00770103 -0.0108043 0.0193867 0.0258598 -0.0390793 -0.171438 0.0112248 -0.0319339 -0.0198599 0.0411281 0.0101523 0.00730412 -0.0206288 0.0106258 -0.0146846 -0.03055 -0.0314032 -0.0147879 -0.0463378 0.00368414 0.169765 -0.110807 -0.153052 -0.0113476 0.0431483 -0.0263689 -0.0381985 -0.0506051 -0.00895204 0.00432898 0.0256191 -0.0661368 -0.13236 -0.272641 -0.454497 0.00705434 -0.0501573 0.0354047 0.102737 0.0454751 0.028344 0.0233335 0.0179951 -0.00928903 0.158696 0.00876846 0.00467757 -0.0166749 -0.00349632 -0.0963418 -0.131715 -0.00672321 -0.000373438
internal_weight=232742 204403 28339.2 14888.8 200002 115793 84209.5 37218 25117.8 115495 18473.5 7605.75 7414.75 2095.25 566.75 97021.5 10867.8 9448.25 11243.8 1528.5 85777.8 9115 76662.8 46991.5 18031.2 8339.25 6313.75 3676.75 4425 237.25 1607 1136 8353 1804 6549 5925 10463.8 2843 2745.75 2445.25 7620.75 1552.5 310.25 156.75 68359 1986.75 891.25 641.25 2216.25 9379 9061 1774.5 23399.2 496.25 66372.2 56458.5 14357.2 12321.2 2036 1672 12208.2 11660.8
internal_count=321210 283819 37391 20249 278495 161317 117178 50211 33703 160648 26644 10440 10135 2858 695 134004 16204 12206 15395 2163 118609 9115 109494 66967 26009 10362 6466 3829 6807 274 1607 1136 8353 1804 6549 5925 13442 3206 3072 2740 10236 2172 437 225 99163 3123 913 651 2511 9970 9601 1980 28341 500 96040 81294 16209 14173 2036 1672 14060 13085
cat_boundaries=0 1 2
cat_threshold=8 24
is_linear=0
shrinkage=0.04


Tree=113
num_leaves=63
num_cat=2
split_feature=4 4 6 40 17 49 47 21 7 2 56 12 10 4 37 19 30 45 43 23 21 21 50 21 49 0 0 43 6 23 23 49 21 23 15 23 50 21 52 23 23 23 30 24 44 24 19 35 42 44 24 21 43 12 23 43 21 4 21 23 23 29
split_gain=7207.46 7049.24 8447.82 6530.24 5118.25 5319.6 7242.83 5909.75 4950.58 4926.4 4692.81 4579.55 6211.09 7733.22 6190.16 5357.53 6656.4 4382.04 6004.91 4292.7 7588.29 5172.28 4242.99 4312.42 4085.07 4063.56 4054.98 3999.11 3847.79 4126.69 5991.78 5155.09 4435.88 5268.65 6155.81 4934.31 7342.61 4266.87 4247.99 4063.49 4017.59 3981.39 3826.36 3791.56 3753.49 3729.99 3668.96 3641.26 3612.78 4427.92 3482.78 3653.64 3456.31 3893.07 4937.39 3448.65 4620.61 4075.28 4520.92 3429.94 5291.1 4512.11
threshold=2.4150000810623173 0.50499999523162853 3.5000000000000004 0.11333534866571428 4.5000000000000009 2.0853734016418461 66.289653778076186 64.206577301025405 76.500000000000014 -2.9350000619888301 0 2.5000000000000004 2.5000000000000004 1.6749999523162844 76.584270477294936 79.500000000000014 0.082823019474744811 933.50000000000011 0.091584928333759322 1.1699437499046328 70.416618347167983 63.725015640258796 26471.750000000004 68.39477920532228 1.8815748095512392 3.5049999952316289 3.6049998998641972 0.1072763465344906 54.500000000000007 1.0933781862258913 1.1021022796630862 2.4302760362625127 79.617172241210952 1.0285536050796511 4.7500000000000009 1.0478878021240237 2919.6250000000005 75.113819122314467 1 1.0826513767242434 1.1146236062049868 1.0780832767486574 0.095845874398946776 0.053375126793980605 2.2303310632705693 0.11005826666951181 36.000000000000007 19.750000000000004 72.626979827880874 2.4718201160430913 0.070649027824401869 75.613723754882827 0.046389764174819 3.5000000000000004 1.1616019010543825 0.047385564073920257 70.447662353515639 1.9750000238418581 74.448661804199233 1.0484992265701296 1.0424872636795046 16.750000000000004
decision_type=2 2 2 8 10 10 10 10 2 8 1 8 2 2 10 10 10 2 10 10 8 10 2 10 10 10 8 10 2 10 10 10 10 10 2 10 2 10 9 10 10 10 10 10 10 10 10 2 8 8 10 10 10 10 10 10 10 2 10 8 10 2
left_child=1 3 -3 8 11 -6 45 44 -1 -2 26 12 15 -14 47 17 -17 18 -4 20 24 -21 -23 -24 -12 -5 -11 -15 -9 32 -31 38 33 -30 37 36 -34 -35 -32 41 -33 43 -19 -39 -8 -7 -20 48 55 -50 51 -36 -26 54 -54 56 -13 -58 -59 60 -22 -62
right_child=9 2 4 25 5 6 7 28 -10 10 19 14 13 27 -16 16 -18 42 46 21 59 22 23 -25 52 -27 -28 -29 29 30 31 40 35 34 50 -37 -38 39 -40 -41 -42 -43 -44 -45 -46 -47 -48 -49 49 -51 -52 -53 53 -55 -56 -57 57 58 -60 -61 61 -63
leaf_value=0.032052112669659183 0.15823709844703585 0.12038347535774974 -0.16148089090043546 -0.0046260168862724514 0.058578298057156621 -0.2191013686413375 -0.22972432983385072 -0.084897945402197653 -0.21137538299604697 -0.0034658525836537696 -0.16995068027579527 0.11870990615382189 -0.019321644399678182 0.10983997331757536 -0.090353727010636056 -0.01142698742793901 -0.15835392898173081 0.011242907540771676 0.021179029874061835 -0.0034673243532501665 0.019894400522795092 0.095282847483661004 -0.16362791243603783 0.076694487896935573 -0.085100499704115887 0.12874870433931901 0.072067330181321929 0.02667002440520258 0.042010478101848027 0.16961333905695128 0.0020928211272432562 -0.19686403610758266 0.21091389295567861 -0.036107225012030578 -0.16365428177370236 0.19687539566490098 -0.036292031934216429 0.002203084138120212 0.1391398652934617 0.28187895953494152 0.0063537026186750315 -0.23698351958287614 -0.15007228695093053 0.18511692590591391 0.042533582204103991 -0.018002365821504974 0.20203795373225419 0.03120145229046668 -0.27305457485083379 -0.039810192816714822 -0.052129584035020583 -0.48161667263813507 -0.02475729836327099 0.0094919864957795103 -0.20002356414250333 -0.01872324857139929 -0.19849100251913798 -0.051076724246730952 0.14775433211205724 0.037315507521982288 0.0062137951598812769 -0.12669688168844881
leaf_weight=13803.75 347.75 760 136 31731.5 2671.75 362 274.5 674.75 133 43447.75 248.5 691 2782.5 1878.75 2025 1075.75 910 754 310 1899.5 8993.25 3100 217 261 857 367.75 1165.75 1824.25 2165 585.5 754.5 239 250.75 4005.75 240.5 345.25 801.25 686.25 693.75 109 439 82 339.75 244.5 113.75 249 426.25 2199.5 130 10150.25 299.75 76 3450.5 10930.25 276 50445.75 162 506 284 15637.5 841.25 792.25
leaf_count=15606 410 1057 166 46538 6265 362 369 1025 136 57322 322 691 4041 2478 2226 1369 1297 1042 589 2264 11697 3196 217 261 857 505 1267 2464 4421 623 798 239 412 5274 383 364 889 1020 798 109 466 103 546 279 212 249 1150 3308 130 16037 341 76 4979 15035 309 70770 162 506 284 22902 989 928
internal_value=-0.000272412 -0.00599016 -0.012262 0.00683707 -0.0133441 0.00697164 -0.00310516 0.00319124 0.0296985 0.00839635 0.00782718 -0.0176599 0.00697397 0.0310577 -0.021521 -0.0325452 -0.0788541 0.0142575 0.0810366 0.0165762 0.0122336 0.0498773 0.0781853 -0.0326164 -0.00970565 -0.00308981 -0.00148885 0.0689057 0.00790466 0.0131291 0.0565311 0.0252581 0.000471535 -0.0111399 -0.031183 0.0661225 0.0229117 -0.0167976 0.0678488 0.0520913 -0.0656386 0.026845 -0.0390414 0.0505554 -0.150128 -0.137487 0.126161 -0.0193594 -0.0211435 -0.042813 -0.150422 -0.242575 -0.00711675 -0.0025454 -0.0378407 -0.0168652 0.0401314 -0.0170249 0.0205843 0.0254003 0.00786225 -0.0583193
internal_weight=232656 140190 94154.2 46036 93394.2 16363.5 13691.8 13080.8 13936.8 92465.2 92117.5 77030.8 10437.2 6485.5 66593.5 3951.75 1985.75 1966 872.25 47504 42026.5 5477.5 3578 478 15762.2 32099.2 44613.5 3703 12692.5 12017.8 2711.75 2126.25 9306 7908.75 5743.75 1397.25 1052 5127.5 1448.25 1121.75 678 1012.75 1093.75 930.75 388.25 611 736.25 64568.5 62369 10280.2 616.25 316.5 15513.8 14656.8 3726.5 52088.8 1643 952 790 26264.2 10626.8 1633.5
internal_count=321130 198175 135390 62785 134333 25077 18812 18201 15742 122955 122545 109256 15142 8983 94114 6159 2666 3493 1905 63956 58018 5938 3674 478 21502 47043 58589 4942 17620 16595 2924 2301 13671 12006 7585 1665 1301 6785 1596 1511 705 1402 1588 1299 581 611 1739 91888 88580 16167 800 459 21180 20323 5288 72413 1643 952 790 36516 13614 1917
cat_boundaries=0 1 2
cat_threshold=8 16
is_linear=0
shrinkage=0.04


Tree=114
num_leaves=63
num_cat=2
split_feature=4 4 17 48 49 50 6 40 5 22 21 21 22 48 43 14 0 28 33 43 40 19 19 14 14 33 21 40 14 22 22 40 4 50 24 6 9 43 21 22 5 48 22 24 52 45 50 21 22 23 48 52 21 20 33 21 4 44 50 20 19 24
split_gain=6005.31 5775.29 5839.76 7813.9 6808.63 8261.6 6065.78 5703.44 6486.87 5294.29 6761.09 5256.55 4962.63 4830.97 6100.18 4522.65 5165.22 7213.68 9707.75 6744.3 6487.28 5885.72 5286.35 13161.4 9597.76 6068.25 5348.98 5141.18 5139.2 6453.61 5104.82 4528.84 4507.97 4442.64 4374.14 4425.02 4338.94 11003.5 4182.36 6750.13 4083.12 5729.01 6936.94 5303.36 5274.43 5188.98 7254.5 4252.73 4472.55 4532.97 4347.15 5559.89 3999.47 3886.4 4990.46 3878.62 3870.33 3857.2 4749.52 6418.05 5747.76 5192.84
threshold=2.685000061988831 1.0000000180025095e-35 4.5000000000000009 0.13375491648912433 2.5456092357635502 3315.8750000000005 3.5000000000000004 0.09445029124617578 57.500000000000007 0.0059330721851438293 76.951923370361342 64.422271728515639 0.208744652569294 0.16240628808736804 0.11554113402962686 98.095001220703139 0.81499999761581432 4.5000000000000009 1.3681725859642031 0.14040777832269671 0.18648491054773333 36.000000000000007 59.500000000000007 69.479999542236342 80.704998016357436 1.3335633277893069 77.250598907470717 0.25853985548019415 91.720001220703139 0.089220236986875548 0.023185245692729953 0.26735769212245947 2.2350000143051152 2186.2500000000005 0.3201736062765122 16.500000000000004 10.500000000000002 0.39670972526073461 69.88785552978517 0.0917622745037079 35.500000000000007 0.064025029540061965 0.089220236986875548 0.12303834408521654 0 19238.750000000004 8492.3750000000018 69.587730407714858 0.028922154568135742 1.0326827168464663 0.11781200394034387 1 80.24106597900392 177.50000000000003 1.897472679615021 76.094738006591811 3.6750000715255742 2.0642277002334599 319.00000000000006 79.000000000000014 79.500000000000014 0.042066721245646484
decision_type=2 2 10 8 10 2 2 8 2 10 10 8 10 8 10 10 10 2 10 10 10 8 10 10 10 8 10 10 10 10 10 8 2 2 10 2 2 10 8 10 2 10 10 10 9 2 2 10 10 10 10 9 10 2 10 8 2 10 2 2 8 8
left_child=1 7 6 4 9 -6 -3 -1 15 10 -4 -5 40 14 32 16 17 18 -9 34 -20 -19 23 -23 -24 26 30 -22 31 -30 -26 -27 -8 36 35 -18 57 -38 39 -13 -11 42 43 -42 -43 46 47 50 49 -49 -46 -52 -51 54 -17 -37 -2 58 59 -15 -61 -62
right_child=56 2 3 11 5 -7 13 8 -10 12 -12 38 -14 33 -16 53 19 21 20 -21 27 22 24 -25 25 28 -28 -29 29 -31 -32 -33 -34 -35 -36 55 37 -39 -40 -41 41 44 -44 -45 45 -47 -48 48 -50 52 51 -53 -54 -55 -56 -57 -58 -59 -60 60 61 -63
leaf_value=0.040475100986467498 0.010160160303675532 0.0790496286921131 0.40411512636372798 0.35132615766317238 -0.062309325900295115 -0.45538192105760755 -0.023595209185752929 0.097705738948786855 -0.14570612245030354 -0.037970050606508828 0.061867642633008153 -0.15705694452184793 -0.17256760136400284 -0.13917923529079571 0.016403457729899755 0.04381951009712591 0.097141687450364569 -0.044470543173072516 -0.41333281996854321 0.1514473198106909 0.034315568988542336 -0.022345420091974787 -0.094627273288296329 0.15019242082485043 -0.35998421898603439 -0.028540379901028028 0.089988213053656591 -0.24651159610132861 0.0080939280712094153 0.16111804357029957 -0.063137124048483012 0.10220079997536262 -0.0049524327275142482 -0.3763505123845271 0.21249368652485034 -0.0064168116944373832 -0.08175674506522837 -0.71472570025265869 0.10884062231747771 0.14223860394860446 -0.01331765054718439 0.15318432239178736 0.20460502381397505 -0.27294309505820274 -0.058127663105405951 0.067691459909867344 -0.11447757547788814 0.058312529673655258 0.10491286237988082 -0.25499701394304902 0.11577222204451283 -0.21774829048601788 0.019854754098035669 0.027035189034891546 0.32612682552176997 0.05909979060791818 0.10512240140575678 -0.083127777909376699 0.021680289286878235 0.046119867271128968 0.14119727143758665 -0.082177297951412792
leaf_weight=7512.75 56151.5 1159.25 107 112.25 537 100 39952.5 215 465.75 2915.75 613 278.5 251 871 12174 261.5 828.25 5527.25 181.5 559.5 180.25 1625 1700.25 1250 98 1861.5 350.25 244 815.5 959 1300 546.75 43188.25 60 166.75 11385.25 1332 43.5 1290 209.5 7668.75 568.25 229.5 126 1438.75 3155 726 587.25 1377.75 177.25 545.5 91.75 160 5622 161.25 1654 693.25 1586.75 3263.25 1352 182 1765
leaf_count=8505 73127 1637 107 386 720 100 50238 326 471 4001 613 967 251 1231 21753 302 1678 8561 219 1173 325 3053 2832 1838 98 2493 354 265 1552 1364 1588 993 53803 60 169 13810 4242 48 4269 634 9777 1031 378 126 2590 3155 726 1041 2871 256 676 130 253 7416 219 2347 718 2303 5058 3809 182 5797
internal_value=2.15812e-05 -0.00363524 -0.00792146 0.0102391 0.00334163 -0.125261 -0.011873 0.00863688 0.00233344 0.00730385 0.113719 0.088148 0.00346506 -0.0128711 -0.0100392 0.00418034 -0.00191096 -0.0169949 -0.132512 0.0155088 -0.214289 -0.0110654 0.00651316 0.0527205 -0.0109032 0.0131206 -0.0494241 -0.127577 0.0392752 0.0908861 -0.0844364 0.00119892 -0.0139115 -0.0386799 0.010068 0.00760311 -0.0366582 -0.102789 0.0711523 -0.0284959 0.00571789 0.013281 -0.0111792 -0.0175844 0.0355139 0.0273819 0.00244773 0.0218815 0.059295 -0.00875886 -0.0196227 0.0672091 -0.125228 0.035862 0.152548 0.001901 0.0113221 -0.0265522 -0.014455 -0.0427316 -0.0171962 -0.0611693
internal_weight=232511 175666 130195 23265.8 21375.5 637 106930 45471.2 37958.5 20738.5 720 1890.25 20018.5 105770 95314.8 37492.8 31448 16854.2 820.75 14593.8 605.75 16033.5 10506.2 2875 7631.25 5931 1748.25 424.25 4182.75 1774.5 1398 2408.25 83140.8 10455.5 14034.2 13867.5 10395.5 1375.5 1778 488 19767.5 16851.8 8024.25 7794.75 8827.5 8259.25 5104.25 4378.25 2302.25 924.5 2076 637.25 337.25 6044.75 422.75 13039.2 56844.8 9020 7433.25 4170 3299 1947
internal_count=321015 247170 185219 35058 28802 820 150161 61951 53446 27982 720 6256 27262 148524 125794 52975 45038 25861 1135 19177 809 24726 16165 4891 11274 8442 2040 590 6402 2916 1686 3486 104041 22730 18004 17835 22670 4290 5870 1601 27011 23010 10281 9903 12729 11698 8543 7817 4421 1550 3396 806 509 7937 521 16157 73845 18380 16077 11019 9788 5979
cat_boundaries=0 1 2
cat_threshold=8 16
is_linear=0
shrinkage=0.04


Tree=115
num_leaves=63
num_cat=2
split_feature=1 40 2 4 56 15 43 43 19 25 21 19 21 43 35 33 23 6 21 33 5 23 20 23 25 25 19 25 15 25 23 15 7 21 54 25 23 23 23 21 23 17 47 18 17 47 15 17 25 23 23 15 15 18 25 25 23 48 12 31 45 23
split_gain=6721.87 5271.87 5050.61 4870.97 4591.1 6077.83 5729.02 5695.73 5171.84 4825.24 7624.23 5008 4594.09 4802.21 6205.43 6137.23 5657.72 6540.49 5594.16 4974.17 4679.29 4702.54 4687.04 9254.83 7020.65 7375.48 5827.24 4657.57 5365.52 4543.41 4910.53 6360.17 6338.12 5812.53 4506.02 4376.24 4675.45 7104.84 5375.55 8645.15 5062.21 4597.89 4398.82 5127.15 5254.86 4366.06 5690.73 4358.77 6272.75 4631.46 4789.11 5458.11 4550.61 4431.63 4347.54 5478.95 4267.61 4860.75 4260.19 4171.8 4137.68 4189.63
threshold=1.9049999713897707 0.53202426433563244 -2.6249999999999996 3.6750000715255742 0 1.0000000180025095e-35 0.046010792255401618 0.04731948301196099 5.0000000000000009 291.62500000000006 70.416618347167983 167.50000000000003 82.205451965332045 0.048950795084238059 13.750000000000002 1.272243916988373 1.1200792789459231 189.25000000000003 66.440532684326186 1.206227779388428 43.500000000000007 1.1293570995330813 177.50000000000003 1.1509101986885073 555.62500000000011 650.37500000000011 7.5000000000000009 100.12500000000001 3.5000000000000004 91.375000000000014 1.100289046764374 1.5000000000000002 50.500000000000007 77.739685058593764 1 642.37500000000011 1.1163005232810976 1.1132603287696841 1.1048992872238161 72.750854492187514 1.0700095891952517 4.5000000000000009 72.577026367187514 1.5000000000000002 2.5000000000000004 65.355613708496108 3.5000000000000004 3.5000000000000004 487.75000000000006 1.0830629467964175 1.0393541455268862 2.5000000000000004 3.5000000000000004 1.5000000000000002 364.12500000000006 325.37500000000006 1.1314728260040285 0.057764397934079177 4.5000000000000009 72.21307754516603 38485.250000000007 1.013817369937897
decision_type=8 10 8 2 1 2 8 8 8 2 10 10 10 8 2 8 10 2 10 8 2 8 2 8 2 2 10 2 2 2 10 2 2 10 9 2 8 10 10 10 10 10 10 8 8 8 2 10 2 10 10 2 2 10 2 2 10 10 8 10 2 10
left_child=1 -1 -2 4 8 58 9 47 -4 11 54 -7 13 16 19 27 18 56 -9 60 21 -17 34 -24 26 -26 -25 28 -16 -20 31 33 -32 -31 -23 -10 37 38 39 40 -37 42 43 -38 -45 -28 59 52 49 50 51 53 -8 -49 55 -11 -18 -58 -6 -47 61 -15
right_child=2 -3 3 -5 5 6 7 12 35 10 -12 -13 -14 14 15 20 17 -19 29 -21 -22 22 23 24 25 -27 45 -29 -30 30 32 -33 -34 -35 -36 36 41 -39 -40 -41 -42 -43 -44 44 -46 46 -48 48 -50 -51 -52 -53 -54 -55 -56 -57 57 -59 -60 -61 -62 -63
leaf_value=-0.014221854958922951 0.096751764286332739 0.31077149170041085 0.062722043009541151 0.10932898959344538 0.06487380327774929 0.033819684028143858 0.075765338912294922 -0.21197473466221023 -0.0080407673772912476 -0.060938633920325454 0.027833524562631197 -0.13496264411306672 0.051485947148730865 -0.23552381867057873 0.042358040882141984 -0.010883623320953396 0.10162215679895339 0.29099437229625053 0.044101742058497137 -0.020447397581649679 0.046868987223283753 0.063116986582002668 0.11291477215384671 0.17882544959126481 0.22856166605376665 -0.12471561719430971 -0.13495698396688902 0.085911933330132639 -0.081492023083583054 -0.013485910720295376 -0.076713513728960195 -0.036026267309095833 -0.36872076003645599 0.39785630391438803 -0.024851527349080214 0.097991511770011322 0.033721852435612341 0.39605074292396503 -0.10318761939651865 -0.047402215438568672 0.35186358021046404 0.20877149999624972 0.12440194294436109 0.042012423741348677 -0.21835856194481795 0.010567445124613219 -0.08076965712653579 -0.37544438510532524 0.068712003253567633 -0.17434736339202872 0.083194469962151921 0.11118416019973829 0.31970007759286451 -0.052756023167720621 0.013752999926419882 -0.24884163805067222 0.01834502788344829 -0.12091926032201887 -0.28182587077512916 -0.18205295295224472 -0.062417959487127916 0.016677456960729638
leaf_weight=46506.25 919.25 78 1775.75 683 79.25 377 2487 270 75633.5 757 3126 1097 3816.25 104 4077.5 13231 718 142 1210 14154.5 5506 5293 1077 223.25 356 127 559 3572 646.75 115 555 6480 150 103 1127.5 265 495 118 222 312 241 146 250 176 413 4737.75 1745.25 127 1579 350 475 127 127 146 556 369 2074 495 191.5 185 1165 18426.75
leaf_count=61207 1145 78 2021 710 188 377 2487 270 106640 757 3126 1097 3922 104 6650 17848 718 142 1210 24947 9778 7504 1293 698 356 127 733 3572 1123 115 555 6480 150 103 1630 265 495 118 222 312 241 146 250 176 413 9459 3714 127 1579 350 475 127 127 146 556 369 2074 495 424 185 1165 27294
internal_value=-7.61588e-05 -0.0136642 0.00332593 0.00286098 0.00246553 0.00799087 0.00848467 0.0108619 -0.00474161 -0.0285381 -0.00911169 -0.091801 0.00852496 0.00667385 0.0104139 0.0205974 -0.0165054 0.0271252 -0.0333508 -0.00236127 0.0131022 0.00661246 0.0216144 0.00300166 -0.0119436 0.135523 -0.0215387 0.0514543 0.025374 -0.0277025 -0.0394485 -0.0288545 -0.139721 0.182678 0.0477243 -0.00627383 0.0443504 0.104478 0.0706912 0.118027 0.219832 -0.00276745 -0.0262032 -0.0611094 -0.140664 -0.0277771 -0.0187529 0.0507157 0.0160519 -0.0518207 -0.00251505 -0.104223 0.0878552 -0.204539 -0.0777307 -0.122855 0.0155535 -0.00855877 -0.180584 0.00325603 0.0106368 0.0152363
internal_weight=232647 46584.2 186063 185144 184460 104413 104142 97860.5 80047.2 6282 4808 1474 92442.5 88626.2 76314.2 42464 12312 3429 8883 33850.2 34167.8 28661.8 15430.8 9010.25 7933.25 483 7450.25 8296.25 4724.25 8613 7403 6698 705 218 6420.5 78271.5 2638 1158 1040 818 506 1480 1334 1084 589 7227 6668 5418 2804 1225 875 400 2614 273 1682 1126 3287 2569 270.75 4922.75 19695.8 18530.8
internal_count=321165 61285 259880 258735 258025 146726 146114 139832 111299 6282 4808 1474 134414 130492 118180 64670 12312 3429 8883 53510 53325 43547 25699 16565 15272 483 14789 11345 7773 8613 7403 6698 705 218 9134 109278 2638 1158 1040 818 506 1480 1334 1084 589 14091 13358 5418 2804 1225 875 400 2614 273 1682 1126 3287 2569 612 9644 28563 27398
cat_boundaries=0 1 2
cat_threshold=8 8
is_linear=0
shrinkage=0.04


Tree=116
num_leaves=63
num_cat=2
split_feature=48 1 42 50 22 24 47 25 18 25 25 17 24 25 24 22 18 45 24 43 15 45 25 25 22 15 22 22 17 12 25 22 14 19 14 22 22 24 25 25 47 25 50 24 45 24 56 29 25 42 31 45 6 48 45 24 56 22 6 17 17 24
split_gain=6675.56 5842.84 5552.93 7550.92 9112.03 6798.15 6719.34 8048.89 6573.82 6095.36 5686.06 8993.24 7627.56 8373.59 6205.76 9798.76 6629.03 5961.66 5494.16 7183.88 5521.25 6232.41 7397.22 16098.4 10840.7 9728.94 5747.93 6232.32 12154.3 7349.51 6755.85 5553.69 5204.83 5134.16 5459.66 8491.71 5305.07 7884.15 12099.7 10504.2 7215.24 8872.16 8080.79 7242.81 6952.16 7743.89 6828.76 6587.02 7952.01 7339.69 5906.76 5887.43 5256.85 5217.66 5490.74 4986.77 4950.25 5431.97 9665.29 6733.83 4949.25 4905.16
threshold=0.46700048446655279 3.2849999666213994 66.972438812255874 5065.1250000000009 0.1330504193902016 0.21344789117574695 66.371269226074233 515.37500000000011 1.5000000000000002 387.87500000000006 284.25000000000006 2.5000000000000004 0.12520358711481097 306.37500000000006 0.15579897165298465 0.15766757726669314 1.5000000000000002 21140.750000000004 0.14791696518659594 0.11230136826634408 3.5000000000000004 19238.750000000004 84.125000000000014 63.125000000000007 0.10459657013416292 1.5000000000000002 0.044447327032685287 0.088442854583263411 3.5000000000000004 8.5000000000000018 217.37500000000003 0.042542364448308952 80.845001220703139 9.5000000000000018 84.625000000000014 0.03408933803439141 0.012908976525068285 0.042904643341898925 331.62500000000006 370.12500000000006 72.010101318359389 29.375000000000004 33663.000000000007 0.16477622091770175 20140.750000000004 0.037792729213833816 0 8.7500000000000018 137.62500000000003 77.138763427734389 77.52548980712892 31145.250000000004 222.25000000000003 0.029359355568885807 5487.6250000000009 0.10748013481497766 1 0.16155823320150378 71.500000000000014 2.5000000000000004 2.5000000000000004 0.15579897165298465
decision_type=10 10 8 2 10 10 8 2 10 2 2 10 10 2 10 10 10 2 10 10 2 2 2 2 10 2 10 10 10 10 2 10 10 8 8 8 8 10 2 2 10 2 2 10 2 10 1 2 2 10 10 2 2 10 2 10 1 10 2 10 10 8
left_child=1 2 3 32 -5 -6 7 9 -7 10 14 17 13 -13 15 18 -17 -12 20 -20 21 22 23 -4 -25 -24 31 28 55 -29 -30 -27 -1 34 -8 -36 37 38 44 -40 47 46 -43 61 45 -35 53 51 49 52 -50 -38 -49 -42 -55 -28 57 -16 59 -59 -37 -44
right_child=-2 -3 6 4 5 8 33 -9 -10 -11 11 12 -14 -15 56 16 -18 -19 19 -21 -22 -23 25 24 -26 26 27 29 30 -31 -32 -33 -34 36 35 60 40 -39 39 -41 41 42 43 -45 -46 -47 -48 48 50 -51 -52 -53 -54 54 -56 -57 -58 58 -60 -61 -62 -63
leaf_value=-0.0048117420203271314 -0.19012713349027699 0.026682479680939845 -0.052083419164912548 0.039332059134598037 0.34001515921179631 -0.16441505638190682 -0.011598322016599773 0.25739450597385816 0.26623675566626631 -0.19004434637153469 0.079594228044745613 0.1225498749345398 0.13131079920393596 -0.10956970161015724 0.11816959728932962 -0.022304782807395184 0.1691391362572516 -0.15240831651102205 -0.10711552478346908 0.30492712534325461 -0.13624833399989511 0.090936455406737324 0.14460339589247337 0.06545347691955028 0.38319728334572534 -0.12397872261667842 -0.02647567260029482 -0.029453182639246435 0.14473351300080436 -0.18622951399824886 -0.19492859374660407 -0.37616215333952957 0.030477754420473825 0.020525091589511126 -0.00013798612242127382 0.086799206050456962 0.051285491947234148 0.16791496299406919 0.18549876464937481 0.03003600004851208 0.32278934883085408 -0.032836504205993107 0.016233838636200319 -0.14834565804614577 -0.1152158114122865 -0.2827102045888702 -0.0044882880658687349 -0.014619543389204893 0.013319492534550264 0.21789411362653396 -0.18786595453277546 -0.05109645085935427 0.1694632043975717 0.049791074148560294 0.32693562722501673 -0.20064554299639528 -0.13026675982070979 -0.06218571697596402 0.010519199679389806 -0.37608084648364304 0.0099667318660026389 0.2688793809375763
leaf_weight=16713.75 292 12970 1785.5 1702 332 110 6448.25 156 113 368 246 415 1241 614 305.5 507 670.75 622 112 166 872.25 623 323 563 246 916.75 649.5 934.75 762.5 980.25 105 164 11144 2095 6189.75 4738.25 6464.25 580 814 4715 131 34888 7586 428 1300 142 4518.75 48174.75 36493 218 233 1042 247.5 2129.25 119 441 1767.75 217.5 838.25 220 1872 123
leaf_count=27264 292 16168 2753 1702 332 110 9287 156 113 368 246 415 1241 614 313 696 736 622 112 166 984 623 383 713 246 982 651 982 872 1047 105 164 23576 2095 6990 7949 11541 580 814 4715 131 35119 7586 428 1300 142 5046 94326 36721 218 233 1042 495 2382 119 441 1941 228 839 220 2664 123
internal_value=0.000355635 0.000596421 -0.0009442 0.0150106 0.0853465 0.225795 -0.00347955 -0.0268476 0.0541988 -0.0293853 -0.0259476 0.0227593 0.0646249 -0.015891 -0.0367353 -0.0220012 0.0868211 -0.0866154 -0.0353063 0.139316 -0.0405186 -0.0306577 -0.0403034 0.0149875 0.162789 -0.067486 -0.0813693 -0.0585501 -0.00834258 -0.109819 0.103259 -0.162878 0.00930608 -0.001052 0.0184129 0.0335317 -0.00351003 0.0251971 0.0160307 0.0529841 -0.00544961 -0.017713 -0.024465 0.0114269 -0.0417293 0.00103745 0.0243949 0.00114264 -0.00201646 -0.0126246 0.0120327 0.0370622 -0.0136715 0.0792119 0.0647414 -0.097156 -0.0843042 -0.0328159 -0.0691066 -0.221041 0.0650513 0.0203346
internal_weight=232900 232608 219638 30114.8 2257 555 189523 17833.2 223 17677.2 17309.2 3138 2270 1029 14171.2 10822.2 1177.75 868 9644.5 278 9366.5 8494.25 7871.25 2594.5 809 5276.75 4953.75 3873 1958 1915 867.5 1080.75 27857.8 171690 19248.2 12800 152442 9646 9066 5529 142796 49923 43025 8137 3537 2237 6898 92872.5 85366.2 48640.2 36726 7506.25 48422.2 2379.25 2248.25 1090.5 3349 1581.25 1275.75 437.5 6610.25 7709
internal_count=321462 321170 305002 53097 2257 555 251905 19859 223 19703 19335 3138 2270 1029 16197 12656 1432 868 11224 278 10946 9962 9339 3712 959 5627 5244 4098 2069 2029 977 1146 50840 232046 26890 17603 205156 9646 9066 5529 195510 50934 43256 8137 3537 2237 7678 144576 131993 95039 36954 12583 94821 2632 2501 1092 3541 1600 1287 448 10613 7709
cat_boundaries=0 1 2
cat_threshold=4 4
is_linear=0
shrinkage=0.04


Tree=117
num_leaves=63
num_cat=4
split_feature=48 4 21 47 1 52 12 49 50 56 15 19 25 22 22 48 22 21 37 25 21 50 45 53 49 22 19 20 25 22 21 23 15 19 18 25 25 42 23 21 50 22 23 29 20 21 21 43 25 38 38 25 53 22 37 25 33 14 33 22 25 25
split_gain=5777.75 5670.1 4951.24 4952.08 4608.05 4158.58 4164.15 4068.1 5959.37 3630.14 5459.97 4137.65 3988.43 5290.45 8924.11 4660.99 5183.81 8272.9 4278.89 4484.17 4361.62 4140.81 4534.32 4781.67 4765.61 4552.02 4463.16 5604.82 5271.31 4153.02 4671.36 3897.2 3868.14 6508.75 6868.97 5695.81 7639.19 5175.6 4721.8 7018.84 5236.86 6832.99 4702.46 4691.14 4866.23 9410.27 4689.3 4340.45 4178.27 4156.13 4079.07 4067.96 5058.12 4910.83 4598.83 4060.74 3961.02 3854.51 4066.76 5720.36 3810.42 10303.8
threshold=0.46700048446655279 3.3249999284744267 88.393150329589858 78.090774536132827 1.985000014305115 0 2.5000000000000004 2.5765407085418706 437.25000000000006 1 1.0000000180025095e-35 5.0000000000000009 642.37500000000011 0.096611455082893385 0.10587605834007265 0.096857436001300826 0.07381992414593698 69.88785552978517 70.413234710693374 564.00000000000011 63.086299896240241 1311.3750000000002 226.87500000000003 2 2.0030492544174199 0.03614510782063008 167.50000000000003 171.50000000000003 2.8750000000000004 0.029824725352227691 73.712642669677749 1.2374786734580996 3.5000000000000004 7.5000000000000009 1.5000000000000002 472.37500000000006 375.00000000000006 77.138763427734389 1.0489010810852053 70.499790191650405 4789.6250000000009 0.07483816891908647 1.2999808788299563 17.250000000000004 110.00000000000001 60.34489822387696 78.553573608398452 0.12136472016572954 48.375000000000007 1.1973098516464236 1.263650715351105 353.87500000000006 3 0.010512687265872957 71.164417266845717 24.125000000000004 2.8410743474960332 83.520000457763686 3.3321957588195805 0.26366053521633154 578.75000000000011 650.37500000000011
decision_type=10 2 10 10 8 9 10 10 2 1 2 8 2 10 10 10 10 10 8 2 10 2 2 9 10 10 10 2 2 10 10 10 2 8 10 2 2 10 10 10 2 10 8 2 2 8 10 8 2 8 10 2 9 10 10 2 10 10 10 10 2 2
left_child=1 2 4 -4 5 7 -7 -1 -9 11 -11 -6 18 15 -15 -14 17 -17 19 20 -13 22 -20 24 -24 -26 27 29 -28 -25 -31 -22 37 -34 42 36 38 43 46 40 -40 -42 55 44 45 50 -36 51 56 -41 -12 52 53 -45 -55 -35 -49 58 -50 -60 -57 -62
right_child=-2 -3 3 -5 9 6 -8 8 -10 10 32 12 13 14 -16 16 -18 -19 21 -21 31 -23 23 26 25 -27 28 -29 -30 30 -32 -33 33 34 35 -37 -38 -39 39 49 41 -43 -44 47 -46 -47 -48 48 57 -51 -52 -53 -54 54 -56 60 -58 -59 59 -61 61 -63
leaf_value=-0.0180207079211392 -0.17858738934907378 0.035741854869856871 0.085302352425645989 -0.1265765285399662 0.060327134302149268 0.065465440499644298 -0.0023404111355727368 0.11470734209662829 -0.16030464738580519 -0.17546122508103257 0.010095764284661553 -0.035337273065054083 0.046182415469850233 -0.33437975277934034 0.02711207670442246 -0.17416129384753859 0.37788808664885709 0.32822945530669201 0.091040682987665586 -0.099716392439764906 0.0073854487759005142 -0.0075310272784209712 -0.18631715021263681 -0.24941112466073034 -0.036772603072515057 0.049082500635330276 0.22062119474528319 -0.096059994662692647 -0.019592868703180239 -0.042982434934712953 0.080755080477757882 0.079057958210629942 -0.35776102565194284 0.09002302265154119 -0.0043745778601537054 0.099524442795920487 -0.16007811491932844 0.079987918081263348 -0.068190259654367508 0.16782931349294203 -0.089615061318703795 0.12630478801853171 -0.10143656166307535 -0.24808329830884934 0.0045408830817674816 -0.13900443959687686 -0.1840676815990685 0.046954721745594313 0.11337013050747986 -0.094610772046868657 0.2863395823860525 0.047231875041272131 -0.013738519664242633 0.011545644937046233 0.078264024634885784 -0.03628649918695509 -0.0854889443942531 0.18482462584670006 -0.22125417559960817 0.13699457658334557 0.15712729470478201 -0.13495310403539823
leaf_weight=32217 287 7031.25 1708.25 195 1526 1589 16250.5 154 663 260 318.75 3737 1454 141 462 105 157 101 438 664 26056.25 25768.75 216.5 123 2000.75 1948.25 170.75 4495.5 948 2048 638.75 1271.25 84 509.25 1379 1262 412 1696 851 853.25 330 798.25 1283.75 98 51942.75 982.25 277.5 3222.5 645 107.5 115 4900 9375.25 4882.75 2498 6839.5 405 648.5 163.5 123.5 544 297.25
leaf_count=42321 287 8430 1742 195 1766 2348 21487 193 663 593 327 6272 1454 141 462 105 157 101 543 664 46343 30610 278 123 2225 2426 173 4785 1176 2819 695 1308 108 873 2981 1262 412 1696 1427 986 330 817 3722 98 73809 1865 303 9269 726 112 115 4900 11389 5878 2780 8881 1101 848 177 125 544 298
internal_value=0.000152046 0.000374363 -0.000729414 0.0634797 -0.00127692 -0.0118564 0.00370541 -0.0202602 -0.108303 0.00184185 0.00689633 -0.00481664 -0.00618117 0.0442898 -0.0582286 0.0783431 0.206182 0.0729057 -0.00791436 0.00298033 0.00518199 -0.0168242 -0.0352017 -0.0396082 -0.00446044 0.00558563 -0.0569091 -0.0683683 0.0173911 -0.024023 -0.0135238 0.0107254 0.00738456 -0.0107183 -0.008821 0.0236492 0.00449706 0.0108785 0.0193134 0.0497339 0.00663264 0.0630968 -0.0303137 0.00941714 0.00254509 -0.0705636 -0.0346676 0.0230157 0.0558107 0.138321 0.0843326 0.0151596 0.00583023 0.0303373 0.0341425 -0.0191425 0.0321266 0.110055 0.0577363 -0.067186 -0.026403 0.0538379
internal_weight=232671 232384 225352 1903.25 223449 50873.5 17839.5 33034 817 172576 98105 74470.8 72944.8 2420 603 1817 363 206 70524.8 31728.5 31064.5 38796.2 13027.5 12589.5 4165.5 3949 8424 7305.25 1118.75 2809.75 2686.75 27327.5 97845 15828.2 15744.2 6270.5 5008.5 82016.8 4596.5 2940 1979.25 1128.25 9473.75 80320.8 53358.8 1416 1656.5 26962 5208 960.75 433.75 21754 16854 7478.75 7380.75 8190 3627.5 1580.5 932 287 7680.75 841.25
internal_count=321044 320757 312327 1937 310390 67012 23835 43177 856 243378 138752 104626 102860 2420 603 1817 363 206 100440 54587 53923 45853 15243 14700 4929 4651 9771 8422 1349 3637 3514 47651 138159 23056 22948 8630 7368 115103 6956 3672 2574 1147 14318 113407 76116 2307 3284 37291 12246 1098 442 25045 20145 8756 8658 10596 10370 1876 1028 302 9723 842
cat_boundaries=0 1 2 3 4
cat_threshold=16 8 140 100
is_linear=0
shrinkage=0.04


Tree=118
num_leaves=63
num_cat=1
split_feature=21 24 50 48 43 43 15 22 23 15 47 5 48 42 25 21 24 21 22 22 21 42 22 21 48 42 23 21 21 25 4 47 53 23 21 21 43 25 50 23 25 50 21 23 25 23 45 14 48 47 15 21 25 25 21 24 19 25 24 25 24 42
split_gain=5692.26 11938.2 8365.86 10261.2 9559.75 8367.63 5763.4 5411.49 5111.95 7138.38 7570.48 5268.85 4951.76 8123.74 6618.68 6905.25 6042.04 15653.5 12423.2 15680.8 6719.47 6461.55 10470.5 6320 10900.6 13375.4 12555.2 6875.35 6498.93 6492.91 5875.13 5707.78 5519.43 5209.49 5085.67 5041.29 11109 10571.8 5499.54 5328.65 5039.98 5026.84 7909.32 7518.28 6486.47 8169.86 5004.97 4925.83 4922.54 6271.64 11863.1 12632.6 11795.8 11168 9405.23 9397.65 8011.23 6721.08 12107.6 10019.3 7144.08 7059.57
threshold=64.422271728515639 0.30805669724941259 33663.000000000007 0.057764397934079177 0.052107032388448722 0.048099422827363021 4.7500000000000009 0.22780887037515643 1.0013249516487124 1.5000000000000002 70.391494750976577 7.5000000000000009 0.16107133030891421 66.926166534423842 17.125000000000004 69.930908203125014 0.066635422408580794 69.296958923339858 0.047027543187141425 0.025052327662706379 64.709297180175795 73.542205810546889 0.030162448994815353 65.668624877929702 0.12405720725655557 73.778861999511733 1.1900373101234438 65.551872253417983 65.602870941162124 26.125000000000004 2.9550000429153447 72.577026367187514 0 1.3789317607879641 89.870384216308608 66.233051300048842 0.11456704512238504 713.87500000000011 4789.6250000000009 1.0797850489616396 291.62500000000006 2740.2500000000005 74.235458374023452 1.0780832767486574 110.62500000000001 1.0808470845222475 597.62500000000011 98.274997711181655 0.14611614495515826 68.207115173339858 1.5000000000000002 67.659801483154311 677.12500000000011 156.12500000000003 72.385150909423842 0.073554810136556639 64.000000000000014 403.87500000000006 0.089190665632486357 279.37500000000006 0.10819531977176668 73.542205810546889
decision_type=8 10 2 10 10 10 2 10 8 2 10 2 10 8 2 10 8 10 8 10 8 10 10 8 10 10 10 10 10 2 2 10 9 10 10 8 10 2 2 8 2 2 10 10 2 10 2 8 10 8 2 10 2 2 10 10 8 2 10 2 10 10
left_child=2 7 3 5 -5 -1 -7 8 9 -2 11 -11 13 14 15 46 17 -15 19 -18 40 32 -23 24 25 26 28 -27 29 -22 33 -30 -21 35 47 36 37 -25 -38 -37 -20 -34 43 -43 -44 -46 -10 -19 49 50 -41 -52 53 55 -55 -53 -51 59 -59 60 -58 -60
right_child=1 -3 -4 4 -6 6 -8 -9 12 10 -12 -13 -14 16 -16 -17 18 34 20 21 23 22 -24 30 -26 27 -28 -29 31 -31 -32 -33 41 -35 -36 39 38 -39 -40 48 -42 42 44 -45 45 -47 -48 -49 -50 56 51 52 -54 54 -56 -57 57 58 61 -61 -62 -63
leaf_value=0.48274498143196104 -0.1407857209112755 0.1931971870379284 -0.31657505248930001 -0.22470760791130961 -0.018048933552665066 0.013947928614569755 0.18866689314129528 0.19409089407337526 0.019928849207224635 0.12499068191777089 0.19113306192714277 0.011402791834112516 -0.031525539182934645 -0.053245735621763227 0.049250261723789726 0.050011209996771895 -0.096787143862239827 -0.008085941678868962 0.0038171161036248498 -0.0081842592916512597 -0.3351810456777502 0.3073521368575507 -0.10346202728976273 0.0074059401413598836 0.078415133878189366 0.024440711081844486 0.018697487170895782 0.33572137211797071 -0.32042755669252593 -0.080598688265934498 0.032144801945576326 0.00037816515946999577 0.15142927256923547 -0.15994542008711071 0.089325705248709197 0.066474821302684908 0.088357195749441286 0.33547483484925644 0.4106133567127197 0.21657608018308622 0.16053308354139531 0.22333370957056251 -0.22862978638655065 0.072060558899499888 -0.3022532863020897 0.075860962643282889 -0.10842669603375896 0.018080953905621686 0.093167394104027149 0.020549121835168403 0.026451879944550172 -0.31738832861885441 -0.34861922442225313 0.021567605035526329 -0.27390175457413535 -0.086114223158759606 -0.030162078740170687 0.112454189352179 0.017660257818359684 -0.077775146523500413 0.024015883687166374 -0.073618533817885246
leaf_weight=78 316 521 146 361 26935 1084.25 417 232 766.25 827 571.25 3087.75 7373.75 10767.25 9694 1547 1077.5 56885.5 593 1133.25 166.75 114 687 3310.75 1128 290 1650.75 185 385.75 3314 9885.5 115 1533 326 970 1719.5 159.75 163 182 290.5 734.25 596.25 213.75 4384.25 105 626.5 1324.25 14428.25 805.75 18420.25 3025 302.25 235.25 2523 183 3771 10894.5 1700 5102 4527 6058 1844
leaf_count=78 1264 521 146 361 38308 1604 417 235 1415 3308 2285 12351 9602 15160 15676 2216 1175 71881 764 1164 232 114 687 3715 1371 290 1890 185 409 3938 12188 115 1533 326 970 3518 237 163 182 373 735 711 279 4475 105 637 2933 16229 913 26587 3385 342 236 2523 183 4284 24216 1700 5102 4527 6805 1844
internal_value=-2.61107e-05 0.0023344 -0.0165997 -0.0150608 -0.0207986 0.0840082 0.0626711 0.00184322 0.00162158 0.0423926 0.0553547 0.0354521 0.0006334 0.00187631 0.0319883 -0.0140149 -0.00038545 -0.0082557 0.00653409 0.0476146 0.00141176 0.0641973 -0.0443642 -2.282e-05 -0.0357286 -0.0568308 -0.074034 0.146592 -0.112473 -0.0929826 0.00340292 -0.247028 0.074327 -0.000932824 -0.00155267 -0.000132959 0.0444678 0.0229865 0.261389 -0.00290597 0.0906313 0.086758 0.0701271 0.0902545 -0.0358821 0.0208991 -0.0614015 -0.00279137 -0.00490722 -0.00625268 -0.0345509 -0.0418599 -0.0713196 -0.0615957 0.00139527 -0.103425 -0.000229799 -0.0129359 0.0168403 -0.0249223 -0.0108005 -0.00658518
internal_weight=232794 203772 29021.2 28875.2 27296 1579.25 1501.25 203251 203019 4802 4486 3914.75 198217 190844 13331.5 3637.5 177512 83051 94461 10470.5 83990.5 9393 801 82663.2 7235.25 6107.25 5632.25 475 3981.5 3480.75 75428 500.75 8592 65542.5 72283.8 65216.5 3815.5 3473.75 341.75 61401 1327.25 7458.75 5925.75 4980.5 945.25 731.5 2090.5 71313.8 59681.5 58875.8 10330 10039.5 7014.5 6779.25 2706 4073.25 48545.8 30125.5 8646 21479.5 16952.5 6946
internal_count=321118 280204 40914 40768 38669 2099 2021 279683 279448 19208 17944 15659 260240 250638 22240 6564 228398 104240 124158 10880 113278 9705 801 111779 8430 7059 6584 475 4694 4170 103349 524 8904 91161 89080 90835 4297 3878 419 86538 1499 7740 6207 5186 1021 742 4348 88110 83020 82107 11326 10953 7568 7332 2706 4626 70781 44194 8646 35548 31021 6946
cat_boundaries=0 1
cat_threshold=140
is_linear=0
shrinkage=0.04


Tree=119
num_leaves=63
num_cat=2
split_feature=1 11 10 21 50 21 25 24 50 25 23 48 25 48 22 44 53 42 49 18 8 50 21 24 25 21 23 21 6 43 44 25 50 22 44 25 25 31 25 50 50 24 50 21 23 24 48 15 24 25 24 15 20 22 53 50 42 22 22 21 25 50
split_gain=5189.14 4991.19 7007.28 4833.78 7690.79 6840 7822.41 7003.81 6644.21 6353.37 5787.55 5735.39 5545.73 5536.38 5352.31 6645.89 5218.11 4727.55 6844.76 6468.93 5629.34 5759.96 4965.15 8316.23 7252.75 12118.3 7200.52 6799.16 7671.22 6787.88 5891.83 7250.05 10915.9 7242.16 7527.62 6514.32 5669.73 8158.73 6809.12 5937.94 7204.1 9167.3 11733.8 7894.34 7769.94 9699.2 9107.19 8488.33 7812.4 7678.85 7166.05 5986.88 7003.53 13835.2 11265.4 5940.79 5869.52 5869.32 5479.43 5446.66 5414.35 9547.46
threshold=3.2849999666213994 0.64760348200798046 29.750000000000004 59.93836975097657 22152.750000000004 60.142297744750984 248.37500000000003 0.3201736062765122 3315.8750000000005 403.87500000000006 1.4904463291168215 0.12684906274080279 235.75000000000003 0.11136261373758317 0.22780887037515643 2.1273615360260014 0 66.926166534423842 1.9092210531234743 1.5000000000000002 38.500000000000007 657.75000000000011 69.88785552978517 0.10043824836611749 661.25000000000011 67.536304473876967 1.1079552769660952 64.422271728515639 159.25000000000003 0.046389764174819 2.1937454938888554 364.12500000000006 12674.375000000002 0.25641545653343206 2.153017640113831 306.37500000000006 650.37500000000011 67.189815521240249 628.25000000000011 51.625000000000007 8492.3750000000018 0.18812897801399234 22152.750000000004 69.669704437255874 1.1321590542793276 0.11578697711229326 0.051776392385363586 4.2500000000000009 0.11395748704671861 578.75000000000011 0.11121132597327234 3.5000000000000004 175.00000000000003 0.078136648982763304 1 4789.6250000000009 67.965118408203139 0.14480212330818179 0.193641372025013 67.32593154907228 364.12500000000006 15089.500000000002
decision_type=10 10 2 8 2 8 2 10 2 2 10 10 2 10 10 10 9 8 10 8 2 2 8 10 2 10 10 10 2 10 10 2 2 10 10 2 2 10 2 2 2 10 2 10 10 10 10 2 10 2 10 2 2 10 9 2 10 10 10 10 2 2
left_child=1 3 -3 4 9 6 11 17 -9 12 -10 -5 14 -12 15 -1 -16 18 19 20 -7 -22 23 24 26 -26 -19 28 29 -25 31 32 33 34 58 -34 38 -38 39 -29 49 43 -43 44 46 48 -42 60 -46 51 59 52 -41 -54 -55 -53 57 -56 -31 -48 -47 -62
right_child=-2 2 -4 5 -6 7 -8 8 10 -11 13 -13 -14 -15 16 -17 -18 22 -20 -21 21 -23 -24 27 25 -27 -28 36 -30 30 -32 -33 35 -35 -36 -37 37 -39 -40 40 41 42 -44 -45 45 47 50 -49 -50 -51 -52 55 53 54 56 -57 -58 -59 -60 -61 61 -63
leaf_value=0.11684717737717001 0.024741001975035783 -0.0340981263399407 -0.28111527366010092 0.38544821672612545 0.16355786845026976 0.064666754491267173 -0.070807148077675908 -0.0050937181244395217 0.31244841770683324 -0.24018640525138515 -0.064316154587069199 0.10846709458386425 0.042921525622208731 0.23850870986969935 -0.1024657067931863 -0.29332318711472266 -0.0079806146656370563 -0.02238139857447162 0.026922127739631981 -0.066291215051705696 -0.13077683613862084 0.044292224254643131 0.0024893007351652996 -0.32307456164578957 0.31884924733919257 -0.064394634381669466 -0.084969818851462875 -0.055667492382744987 0.07691760937465715 0.065373959356208669 -0.0081753603010860515 -0.24158427110734551 -0.14342656504937037 0.16240142123010706 -0.12771116342121869 0.14577891623472344 -0.27307328667876329 -0.020059965187755328 0.13734417326992732 0.020078598628370053 0.25610360570983121 0.16849264392273561 -0.11115448325817232 -0.28559963296268176 -0.094964027311841781 -0.064229020773207302 -0.11301652036388721 0.11837482315752494 -0.39191866089616506 0.32828121931685339 0.17619387779939313 -0.018317015543882337 -0.19219229585125291 0.22388081445316779 0.069154585895276691 -0.2919202729863663 0.092702287477631415 -0.15571644061190815 -0.17919286715353608 0.078062626430481452 0.23194895104511046 -0.012154918928438847
leaf_weight=79.75 12986.75 880.25 230.5 181.5 291 1736.25 239 586 292 257 207 351 1097 178 1504.25 286 2461.75 27987.5 19244.25 2802.75 632.5 570 108244.5 125 253 272.5 3285 1842 1122.5 651 7943.25 342 155 185 2540.75 606 213 3970.25 729 8174.25 320 928 322 172 925 3149 588 709 166 142 342 977.75 276 905 403.5 144 2729 340.75 187 399 281 2722
leaf_count=205 16160 1310 406 300 291 2895 239 586 292 257 207 555 1097 178 3137 286 2860 44879 36015 4542 820 1488 146856 125 253 283 3789 2034 1304 651 9528 342 155 185 2777 606 213 3971 729 9279 320 928 322 172 925 3149 588 709 166 142 342 1616 348 995 411 144 3872 388 187 399 281 2722
internal_value=0.000173465 -0.00127776 -0.0857788 -0.000847902 -0.0363196 0.000148705 0.118881 -0.00028442 0.0935543 -0.0466047 0.178718 0.203979 -0.0373539 0.0761796 -0.0576956 -0.203717 -0.0441315 -0.000847691 0.0154869 -0.0228359 0.0186225 -0.0478495 -0.00304486 -0.0107719 -0.0264817 0.120611 -0.0289612 0.000152958 -0.0232358 -0.0320749 -0.0291389 -0.0648002 -0.0507132 -0.0800782 -0.0934455 0.0866417 0.0103239 -0.033069 0.0168826 0.0136147 0.0187003 -0.00552149 0.0963867 -0.0185738 -0.0137307 -0.0301196 0.0652377 -0.0124846 -0.140789 0.0376454 0.0189587 0.0346398 0.04239 0.0815484 0.0988864 -0.0539039 0.0653727 -0.0339318 0.0104926 -0.035762 -0.0276006 0.0108231
internal_weight=232864 219877 1110.75 218766 5976.75 212790 771.5 212018 1263 5685.75 677 532.5 5428.75 385 4331.75 365.75 3966 210755 24985.8 5741.5 2938.75 1202.5 185770 77525 31798 525.5 31272.5 45727 13857.5 12735 12610 4666.75 4324.75 3563.75 3378.75 761 31869.5 4183.25 27686.2 26957.2 25115.2 11023 1250 9773 9601 7952 1649 6861 1091 14092.2 1329 13950.2 12828.5 4654.25 4378.25 1121.75 3473.25 744.25 838 987 6152 3003
internal_count=321211 305051 1716 303335 8133 295202 1094 294108 1263 7842 677 855 7585 385 6488 491 5997 292845 45760 9745 5203 2308 247085 100229 49204 536 48668 51025 15860 14556 14431 4903 4561 3800 3615 761 35165 4184 30981 30252 28218 11023 1250 9773 9601 7952 1649 6861 1091 17195 1329 17053 15293 6014 5666 1760 4671 799 838 987 6152 3003
cat_boundaries=0 1 2
cat_threshold=76 104
is_linear=0
shrinkage=0.04


Tree=120
num_leaves=63
num_cat=2
split_feature=0 2 0 24 53 22 42 48 18 8 15 42 22 21 21 42 21 21 25 25 15 45 30 9 25 23 38 21 21 43 25 29 2 48 32 25 53 24 45 25 22 25 42 25 21 2 5 20 25 22 23 21 37 25 47 25 36 25 21 48 24 25
split_gain=5255.03 5022.29 4737.82 4907.43 6767.48 5270.56 4855.85 6518.73 8483.66 5788.5 5078.23 4803.48 8046.4 9938.7 9788.17 7088.48 8590.25 6603.92 10084.7 5715.63 5047.2 4492.3 4476.12 4461.4 4297.11 4102.28 4916.69 4081.91 4066.04 4042.55 4452.38 5080.47 5086.62 4145.92 4037.64 5999.7 3998.46 6234.63 4584.2 6601.05 13030.7 6536.82 6515.72 5969.05 5525.15 4627.78 4463.41 3974.95 4040.8 5080.95 3763.63 3720.92 3831.5 3660.41 3653.77 4594.07 6263.32 3620.17 4352.87 4328.84 4239.81 4340.34
threshold=3.3850001096725468 -2.6249999999999996 1.0850000381469729 0.3201736062765122 0 0.208744652569294 66.926166534423842 0.16240628808736804 1.5000000000000002 38.500000000000007 3.5000000000000004 67.514312744140639 0.19607897847890857 60.628669738769538 58.996784210205085 67.72729873657228 67.659801483154311 69.501586914062514 267.12500000000006 317.62500000000006 1.5000000000000002 1724.1250000000002 0.16761596500873568 6.5000000000000009 403.87500000000006 1.2151231765747073 1.0904321074485781 86.135070800781264 60.34489822387696 0.28574889898300176 132.62500000000003 14.750000000000002 -1.5449999570846555 0.37970551848411566 1.2322457432746889 107.62500000000001 1 0.18812897801399234 1435.0000000000002 84.125000000000014 0.089763846248388304 80.625000000000014 66.974662780761733 86.625000000000014 69.330890655517592 -0.31499999761581415 10.500000000000002 110.00000000000001 55.875000000000007 0.34571312367916113 1.4904463291168215 60.142297744750984 63.674917221069343 379.25000000000006 74.207809448242202 320.37500000000006 0.055844170972704894 16.875000000000004 69.930908203125014 0.08695083856582643 0.058036511763930328 0.62500000000000011
decision_type=10 8 8 10 9 10 8 10 8 2 2 8 10 10 10 8 10 10 2 2 2 2 10 2 2 10 8 10 10 10 2 2 10 10 10 2 9 10 2 2 10 2 10 2 10 10 2 2 2 10 10 10 8 2 10 2 10 2 10 8 10 2
left_child=1 -1 23 6 5 -5 7 22 9 10 34 12 20 14 -14 16 19 -18 -19 -13 -8 -15 25 29 -10 57 -27 50 -16 30 -3 32 -32 -31 35 47 37 -22 45 40 42 -42 -40 -41 -44 -38 -46 48 49 -9 -17 52 -6 -7 -29 -56 -57 58 60 -60 -4 -62
right_child=-2 2 3 4 51 53 11 8 24 -11 -12 15 13 21 28 27 17 18 -20 -21 36 -23 -24 -25 -26 26 -28 54 -30 33 31 -33 -34 -35 -36 -37 38 -39 39 43 41 -43 44 -45 46 -47 -48 -49 -50 -51 -52 -53 -54 -55 55 56 -58 -59 59 -61 61 -63
leaf_value=0.091123091575730689 0.026291767602167653 0.036678082795517243 0.059794328573280431 0.39947604496763867 0.06466280242129771 0.025367207161205135 0.17165084288883711 -0.050189455199800052 -0.046748641599398386 -0.036841270375712935 0.28989476829380317 -0.068548140253475734 -0.22136452634954196 -0.095112850670904192 0.24737904713694583 -0.0034496734645462945 0.27096042717882746 0.15884574072934488 -0.11900535415785279 0.12232414100183682 -0.067911392565049328 -0.31596897009536018 -0.03186332895472109 -0.045010244315848207 -0.30249889211460118 -0.11812086657770196 0.14661896461153043 0.089706100418149387 -0.022445203237904759 -0.26557597172816594 -0.2198580007440582 0.0096636904010113135 -0.0015459912114083717 -0.033650494466053754 0.13889788419783519 -0.17892085534886079 -0.28925012516801629 0.12024817079490997 -0.30053079824867068 -0.24449361304822037 0.1377216007441773 0.4334528769560349 -0.087106994211408523 -0.014485312277524752 -0.08510473349956911 -0.03246453135461181 0.10715440054557802 0.080934332350125746 0.12133656405355579 -0.47358202964305873 -0.18158259029906046 0.061773200887742651 -0.15772881816088313 0.19797993994480181 0.041453731925234591 0.065487476326268293 -0.32974289569854731 0.045526772489253679 -0.089634714656223677 0.086465523207796838 0.25028922887430849 -0.082182628167095914
leaf_weight=922.25 11087 3713.25 541.25 111 189 418.5 220.5 497 4078 1607 140.5 873 206.5 237.25 192 161891.25 389 705 295 350 3646.5 397.75 1618.25 7784 106 126.25 920 1423 165 166.75 390 1276.25 302.75 461.25 590 214 169.5 303.5 106 186.25 529.25 154 531.75 4414.5 241.25 327.25 942.25 1435 197.25 48 188 644 353 370 711 114 143 9179.25 275 1155 63.5 1583.5
leaf_count=1145 13583 6024 2165 111 189 558 282 1340 7036 3386 505 873 259 244 192 219006 389 705 295 350 4233 427 4166 11111 121 328 1085 1423 165 226 390 1280 305 606 590 235 249 332 106 250 551 154 678 4848 257 589 1120 1858 198 48 188 644 353 370 711 114 143 16461 524 1782 167 3016
internal_value=-0.000579898 -0.00192502 -0.00231486 -0.000783323 0.060236 0.142043 -0.00140644 0.0153481 -0.0118953 0.024808 0.0565493 -0.00367478 -0.0271214 -0.125774 -0.00337987 -0.00185421 0.0634978 0.131492 0.0767978 -0.013807 -0.0170578 -0.234023 0.031052 -0.0247516 -0.0533713 0.0384105 0.114501 -0.00289289 0.123218 0.00024347 0.0108998 -0.0376981 -0.124741 -0.0958929 0.0453626 0.0221842 -0.0206896 -0.0532637 -0.00367852 0.00454284 0.0567737 0.20546 0.000824973 -0.0239006 0.0197813 -0.120909 0.0678792 0.0421004 -0.0329826 -0.0890889 -0.00365858 -0.00310655 -0.0802116 0.106671 0.0489676 -0.0109728 -0.155244 0.0321723 -0.00171136 0.0525166 -0.0371681 -0.0690713
internal_weight=232617 221530 220608 206514 2085.5 899.5 204428 24374.8 8912.75 4728.75 3121.75 180053 12971 1198.5 563.5 167082 2612 1389 1000 1223 11772.5 635 15462 14094.2 4184 13843.8 1046.25 164470 357 6310.25 5682.25 1969 692.75 628 2981.25 2391.25 11552 3950 7602 7105.25 2504.5 683.25 1821.25 4600.75 1715.25 496.75 1183.5 2177.25 742.25 545 162079 1186 542 788.5 2391 968 257 12797.5 3618.25 1430 2188.25 1647
internal_count=321039 307456 306311 286369 2225 1039 284144 45011 15317 8160 4774 239133 14936 1287 616 224197 2612 1389 1000 1223 13649 671 29694 19942 7157 25528 1413 221585 357 8831 7999 1975 695 832 4269 3679 13367 4565 8802 7964 2866 705 2161 5098 2055 838 1377 3444 1586 1388 219194 1186 542 928 2391 968 257 24115 7654 2306 5348 3183
cat_boundaries=0 1 2
cat_threshold=64 144
is_linear=0
shrinkage=0.04


end of trees

feature_importances:
course_history_avg_mark=952
course_history_effective_support=437
course_history_fail_rate=381
course_history_avg_attempt=367
start_agpa_points=360
gpa_prev_1=311
degree_history_avg_mark=310
gpa_prev_2=288
course_history_retake_rate=270
prior_fail_credit_ratio=243
degree_history_fail_rate=233
degree_requirement_history_avg_mark=230
degree_requirement_history_effective_support=224
diploma_gpa=216
plan_credits_count=210
degree_requirement_history_avg_points=204
part_semester=192
degree_history_avg_points=178
degree_history_effective_support=175
degree_credits_count=174
course_credits=173
degree_requirement_history_fail_rate=143
start_total_in_credits=131
plan_year_order=117
plan_requirement_type_id=113
plan_course_type_id=97
start_total_in_courses=96
prior_total_fail_courses=64
peer_total_credits=47
plan_total_credits=45
plan_credit_weighted_avg_attempt=38
peer_credit_weighted_avg_attempt=38
gpa_trend_delta=37
attempt_number=36
prior_registered_semesters=33
plan_difficulty_credit_load=33
plan_credit_weighted_avg_mark=32
plan_semester_order=31
peer_max_fail_rate=30
prior_total_reg_credits=29
plan_credit_weighted_fail_rate=29
prior_total_fail_credits=27
prior_total_reg_courses=26
peer_difficulty_credit_load=23
diploma_type_id=23
peer_credit_weighted_avg_mark=21
course_history_fallback_level=8
plan_course_count=8
peer_credit_weighted_fail_rate=7
course_history_missing=6
observed_gap_semesters=3
peer_course_count=2
degree_requirement_history_missing=1

parameters:
[boosting: gbdt]
[objective: regression]
[metric: l1]
[tree_learner: serial]
[device_type: cpu]
[data_sample_strategy: bagging]
[data: ]
[valid: ]
[num_iterations: 121]
[learning_rate: 0.04]
[num_leaves: 63]
[num_threads: 0]
[seed: 42]
[deterministic: 1]
[force_col_wise: 1]
[force_row_wise: 0]
[histogram_pool_size: -1]
[max_depth: -1]
[min_data_in_leaf: 100]
[min_sum_hessian_in_leaf: 0.001]
[bagging_fraction: 0.9]
[pos_bagging_fraction: 1]
[neg_bagging_fraction: 1]
[bagging_freq: 1]
[bagging_seed: 42]
[bagging_by_query: 0]
[feature_fraction: 0.85]
[feature_fraction_bynode: 1]
[feature_fraction_seed: 42]
[extra_trees: 0]
[extra_seed: 12879]
[early_stopping_round: 0]
[early_stopping_min_delta: 0]
[first_metric_only: 0]
[max_delta_step: 0]
[lambda_l1: 0.2]
[lambda_l2: 2]
[linear_lambda: 0]
[min_gain_to_split: 0]
[drop_rate: 0.1]
[max_drop: 50]
[skip_drop: 0.5]
[xgboost_dart_mode: 0]
[uniform_drop: 0]
[drop_seed: 17869]
[top_rate: 0.2]
[other_rate: 0.1]
[min_data_per_group: 100]
[max_cat_threshold: 32]
[cat_l2: 10]
[cat_smooth: 10]
[max_cat_to_onehot: 4]
[top_k: 20]
[monotone_constraints: ]
[monotone_constraints_method: basic]
[monotone_penalty: 0]
[feature_contri: ]
[forcedsplits_filename: ]
[refit_decay_rate: 0.9]
[cegb_tradeoff: 1]
[cegb_penalty_split: 0]
[cegb_penalty_feature_lazy: ]
[cegb_penalty_feature_coupled: ]
[path_smooth: 0]
[interaction_constraints: ]
[verbosity: -1]
[saved_feature_importance_type: 0]
[use_quantized_grad: 0]
[num_grad_quant_bins: 4]
[quant_train_renew_leaf: 0]
[stochastic_rounding: 1]
[linear_tree: 0]
[max_bin: 255]
[max_bin_by_feature: ]
[min_data_in_bin: 3]
[bin_construct_sample_cnt: 200000]
[data_random_seed: 42]
[is_enable_sparse: 1]
[enable_bundle: 1]
[use_missing: 1]
[zero_as_missing: 0]
[feature_pre_filter: 1]
[pre_partition: 0]
[two_round: 0]
[header: 0]
[label_column: ]
[weight_column: ]
[group_column: ]
[ignore_column: ]
[categorical_feature: 52,53,54,55,56]
[forcedbins_filename: ]
[precise_float_parser: 0]
[parser_config_file: ]
[objective_seed: 16083]
[num_class: 1]
[is_unbalance: 0]
[scale_pos_weight: 1]
[sigmoid: 1]
[boost_from_average: 1]
[reg_sqrt: 0]
[alpha: 0.9]
[fair_c: 1]
[poisson_max_delta_step: 0.7]
[tweedie_variance_power: 1.5]
[lambdarank_truncation_level: 30]
[lambdarank_norm: 1]
[label_gain: ]
[lambdarank_position_bias_regularization: 0]
[eval_at: ]
[multi_error_top_k: 1]
[auc_mu_weights: ]
[num_machines: 1]
[local_listen_port: 12400]
[time_out: 120]
[machine_list_filename: ]
[machines: ]
[gpu_platform_id: -1]
[gpu_device_id: -1]
[gpu_device_id_list: ]
[gpu_use_dp: 0]
[num_gpu: 1]

end of parameters

pandas_categorical:[["__MISSING__", "__UNKNOWN__", "1", "2", "3"], ["__MISSING__", "__UNKNOWN__", "1", "2", "3", "4", "5", "6"], ["__MISSING__", "__UNKNOWN__", "13.111", "15.111", "16.111", "55.111"], ["__MISSING__", "__UNKNOWN__", "2.111", "3.111"], ["__MISSING__", "__UNKNOWN__", "1", "2", "3"]]
