mix_type,registered_failed_retake_credits,registered_withdrawn_retake_credits,registered_new_credits,registered_other_previous_credits,semester_total_registered_credits,case_count,percentage_within_type
FAILED_AND_NEW,3.0,0.0,15.0,0.0,18.0,994,8.09973924380704
FAILED_AND_NEW,3.0,0.0,14.0,0.0,17.0,690,5.622555410691004
FAILED_AND_NEW,3.0,0.0,12.0,0.0,15.0,436,3.5528031290743156
FAILED_AND_NEW,3.0,0.0,6.0,0.0,9.0,398,3.243155149934811
FAILED_AND_NEW,2.0,0.0,15.0,0.0,17.0,352,2.8683181225554106
FAILED_AND_NEW,2.0,0.0,16.0,0.0,18.0,344,2.803129074315515
FAILED_AND_NEW,3.0,0.0,3.0,0.0,6.0,332,2.7053455019556716
FAILED_AND_NEW,4.0,0.0,14.0,0.0,18.0,322,2.623859191655802
FAILED_AND_NEW,3.0,0.0,5.0,0.0,8.0,312,2.542372881355932
FAILED_AND_NEW,3.0,0.0,13.0,0.0,16.0,262,2.1349413298565842
FAILED_AND_NEW,6.0,0.0,12.0,0.0,18.0,230,1.8741851368970013
FAILED_AND_NEW,4.0,0.0,13.0,0.0,17.0,226,1.8415906127770534
FAILED_AND_NEW,3.0,0.0,11.0,0.0,14.0,190,1.5482398956975227
FAILED_AND_NEW,3.0,0.0,9.0,0.0,12.0,188,1.5319426336375488
FAILED_AND_NEW,3.0,0.0,4.0,0.0,7.0,177,1.4423076923076923
FAILED_AND_NEW,6.0,0.0,6.0,0.0,12.0,174,1.4178617992177314
FAILED_AND_NEW,2.0,0.0,14.0,0.0,16.0,172,1.4015645371577574
FAILED_AND_NEW,4.0,0.0,3.0,0.0,7.0,159,1.295632333767927
FAILED_AND_NEW,2.0,0.0,12.0,0.0,14.0,150,1.2222946544980444
FAILED_AND_NEW,2.0,0.0,13.0,0.0,15.0,141,1.1489569752281616
FAILED_AND_NEW,4.0,0.0,12.0,0.0,16.0,135,1.1000651890482398
FAILED_AND_NEW,4.0,0.0,5.0,0.0,9.0,133,1.083767926988266
FAILED_AND_NEW,6.0,0.0,11.0,0.0,17.0,132,1.075619295958279
FAILED_AND_NEW,2.0,0.0,6.0,0.0,8.0,128,1.0430247718383312
FAILED_AND_NEW,3.0,0.0,2.0,0.0,5.0,128,1.0430247718383312
FAILED_AND_NEW,4.0,0.0,2.0,0.0,6.0,128,1.0430247718383312
FAILED_AND_NEW,6.0,0.0,3.0,0.0,9.0,128,1.0430247718383312
FAILED_AND_NEW,4.0,0.0,4.0,0.0,8.0,124,1.0104302477183833
FAILED_AND_NEW,2.0,0.0,5.0,0.0,7.0,120,0.9778357235984355
FAILED_AND_NEW,6.0,0.0,9.0,0.0,15.0,113,0.9207953063885267
FAILED_AND_NEW,3.0,0.0,10.0,0.0,13.0,112,0.9126466753585397
FAILED_AND_NEW,5.0,0.0,13.0,0.0,18.0,102,0.8311603650586702
FAILED_AND_NEW,2.0,0.0,7.0,0.0,9.0,101,0.8230117340286832
FAILED_AND_NEW,5.0,0.0,12.0,0.0,17.0,99,0.8067144719687093
FAILED_AND_NEW,6.0,0.0,2.0,0.0,8.0,95,0.7741199478487614
FAILED_AND_NEW,2.0,0.0,10.0,0.0,12.0,90,0.7333767926988266
FAILED_AND_NEW,1.0,0.0,17.0,0.0,18.0,89,0.7252281616688396
FAILED_AND_NEW,2.0,0.0,4.0,0.0,6.0,85,0.6926336375488917
FAILED_AND_NEW,4.0,0.0,8.0,0.0,12.0,83,0.6763363754889179
FAILED_AND_NEW,2.0,0.0,3.0,0.0,5.0,80,0.651890482398957
FAILED_AND_NEW,7.0,0.0,11.0,0.0,18.0,80,0.651890482398957
FAILED_AND_NEW,4.0,0.0,11.0,0.0,15.0,74,0.6029986962190352
FAILED_AND_NEW,5.0,0.0,3.0,0.0,8.0,72,0.5867014341590613
FAILED_AND_NEW,2.0,0.0,11.0,0.0,13.0,70,0.5704041720990873
FAILED_AND_NEW,4.0,0.0,16.0,0.0,20.0,69,0.5622555410691004
FAILED_AND_NEW,4.0,0.0,17.0,0.0,21.0,69,0.5622555410691004
FAILED_AND_NEW,9.0,0.0,6.0,0.0,15.0,68,0.5541069100391134
FAILED_AND_NEW,9.0,0.0,9.0,0.0,18.0,64,0.5215123859191656
FAILED_AND_NEW,4.0,0.0,10.0,0.0,14.0,62,0.5052151238591917
FAILED_AND_NEW,4.0,0.0,15.0,0.0,19.0,57,0.46447196870925683
FAILED_AND_NEW,5.0,0.0,11.0,0.0,16.0,56,0.45632333767926986
FAILED_AND_NEW,6.0,0.0,8.0,0.0,14.0,55,0.44817470664928294
FAILED_AND_NEW,9.0,0.0,3.0,0.0,12.0,53,0.431877444589309
FAILED_AND_NEW,8.0,0.0,6.0,0.0,14.0,52,0.423728813559322
FAILED_AND_NEW,1.0,0.0,16.0,0.0,17.0,51,0.4155801825293351
FAILED_AND_NEW,2.0,0.0,2.0,0.0,4.0,49,0.39928292046936115
FAILED_AND_NEW,8.0,0.0,10.0,0.0,18.0,49,0.39928292046936115
FAILED_AND_NEW,5.0,0.0,9.0,0.0,14.0,48,0.39113428943937417
FAILED_AND_NEW,6.0,0.0,10.0,0.0,16.0,44,0.35853976531942633
FAILED_AND_NEW,5.0,0.0,7.0,0.0,12.0,43,0.35039113428943935
FAILED_AND_NEW,8.0,0.0,9.0,0.0,17.0,43,0.35039113428943935
FAILED_AND_NEW,4.0,0.0,9.0,0.0,13.0,42,0.34224250325945244
FAILED_AND_NEW,5.0,0.0,2.0,0.0,7.0,42,0.34224250325945244
FAILED_AND_NEW,1.0,0.0,15.0,0.0,16.0,39,0.3177966101694915
FAILED_AND_NEW,4.0,0.0,19.0,0.0,23.0,36,0.29335071707953064
FAILED_AND_NEW,1.0,0.0,5.0,0.0,6.0,35,0.28520208604954367
FAILED_AND_NEW,8.0,0.0,7.0,0.0,15.0,34,0.2770534550195567
FAILED_AND_NEW,2.0,0.0,19.0,0.0,21.0,33,0.2689048239895698
FAILED_AND_NEW,5.0,0.0,4.0,0.0,9.0,33,0.2689048239895698
FAILED_AND_NEW,4.0,0.0,18.0,0.0,22.0,32,0.2607561929595828
FAILED_AND_NEW,4.0,0.0,20.0,0.0,24.0,32,0.2607561929595828
FAILED_AND_NEW,8.0,0.0,4.0,0.0,12.0,32,0.2607561929595828
FAILED_AND_NEW,3.0,0.0,18.0,0.0,21.0,31,0.2526075619295958
FAILED_AND_NEW,5.0,0.0,10.0,0.0,15.0,31,0.2526075619295958
FAILED_AND_NEW,2.0,0.0,17.0,0.0,19.0,30,0.24445893089960888
FAILED_AND_NEW,3.0,0.0,17.0,0.0,20.0,30,0.24445893089960888
FAILED_AND_NEW,4.0,0.0,21.0,0.0,25.0,30,0.24445893089960888
FAILED_AND_NEW,7.0,0.0,6.0,0.0,13.0,30,0.24445893089960888
FAILED_AND_NEW,7.0,0.0,9.0,0.0,16.0,30,0.24445893089960888
FAILED_AND_NEW,2.0,0.0,18.0,0.0,20.0,29,0.2363102998696219
FAILED_AND_NEW,7.0,0.0,8.0,0.0,15.0,29,0.2363102998696219
FAILED_AND_NEW,7.0,0.0,10.0,0.0,17.0,29,0.2363102998696219
FAILED_AND_NEW,7.0,0.0,5.0,0.0,12.0,28,0.22816166883963493
FAILED_AND_NEW,5.0,0.0,15.0,0.0,20.0,27,0.22001303780964798
FAILED_AND_NEW,6.0,0.0,7.0,0.0,13.0,27,0.22001303780964798
FAILED_AND_NEW,5.0,0.0,8.0,0.0,13.0,26,0.211864406779661
FAILED_AND_NEW,7.0,0.0,7.0,0.0,14.0,26,0.211864406779661
FAILED_AND_NEW,9.0,0.0,8.0,0.0,17.0,26,0.211864406779661
FAILED_AND_NEW,1.0,0.0,14.0,0.0,15.0,25,0.20371577574967406
FAILED_AND_NEW,3.0,0.0,24.0,0.0,27.0,24,0.19556714471968709
FAILED_AND_NEW,4.5,0.0,20.0,0.0,24.5,24,0.19556714471968709
FAILED_AND_NEW,1.0,0.0,6.0,0.0,7.0,23,0.18741851368970014
FAILED_AND_NEW,8.0,0.0,8.0,0.0,16.0,23,0.18741851368970014
FAILED_AND_NEW,12.0,0.0,6.0,0.0,18.0,23,0.18741851368970014
FAILED_AND_NEW,9.0,0.0,5.0,0.0,14.0,22,0.17926988265971316
FAILED_AND_NEW,1.0,0.0,4.0,0.0,5.0,21,0.17112125162972622
FAILED_AND_NEW,5.0,0.0,14.0,0.0,19.0,21,0.17112125162972622
FAILED_AND_NEW,10.0,0.0,6.0,0.0,16.0,21,0.17112125162972622
FAILED_AND_NEW,3.0,0.0,7.0,0.0,10.0,20,0.16297262059973924
FAILED_AND_NEW,4.5,0.0,19.5,0.0,24.0,20,0.16297262059973924
FAILED_AND_NEW,5.0,0.0,20.0,0.0,25.0,20,0.16297262059973924
FAILED_AND_NEW,1.0,0.0,12.0,0.0,13.0,19,0.15482398956975227
FAILED_AND_NEW,3.0,0.0,16.0,0.0,19.0,19,0.15482398956975227
FAILED_AND_NEW,5.0,0.0,16.0,0.0,21.0,19,0.15482398956975227
FAILED_AND_NEW,9.0,0.0,4.0,0.0,13.0,19,0.15482398956975227
FAILED_AND_NEW,10.0,0.0,7.0,0.0,17.0,19,0.15482398956975227
FAILED_AND_NEW,11.0,0.0,6.0,0.0,17.0,19,0.15482398956975227
FAILED_AND_NEW,2.0,0.0,21.0,0.0,23.0,18,0.14667535853976532
FAILED_AND_NEW,7.0,0.0,2.0,0.0,9.0,18,0.14667535853976532
FAILED_AND_NEW,8.0,0.0,5.0,0.0,13.0,18,0.14667535853976532
FAILED_AND_NEW,10.0,0.0,8.0,0.0,18.0,18,0.14667535853976532
FAILED_AND_NEW,0.0,0.0,18.0,0.0,18.0,17,0.13852672750977835
FAILED_AND_NEW,2.0,0.0,9.0,0.0,11.0,17,0.13852672750977835
FAILED_AND_NEW,4.0,0.0,19.5,0.0,23.5,17,0.13852672750977835
FAILED_AND_NEW,6.0,0.0,15.0,0.0,21.0,17,0.13852672750977835
FAILED_AND_NEW,0.0,0.0,15.0,0.0,15.0,15,0.12222946544980444
FAILED_AND_NEW,0.0,0.0,17.0,0.0,17.0,15,0.12222946544980444
FAILED_AND_NEW,2.0,0.0,8.0,0.0,10.0,15,0.12222946544980444
FAILED_AND_NEW,2.0,0.0,23.0,0.0,25.0,15,0.12222946544980444
FAILED_AND_NEW,3.0,0.0,8.0,0.0,11.0,15,0.12222946544980444
FAILED_AND_NEW,4.5,0.0,20.5,0.0,25.0,15,0.12222946544980444
FAILED_AND_NEW,5.0,0.0,17.0,0.0,22.0,15,0.12222946544980444
FAILED_AND_NEW,5.0,0.0,19.0,0.0,24.0,15,0.12222946544980444
FAILED_AND_NEW,4.0,0.0,20.5,0.0,24.5,14,0.11408083441981746
FAILED_AND_NEW,5.0,0.0,18.5,0.0,23.5,14,0.11408083441981746
FAILED_AND_NEW,6.0,0.0,18.5,0.0,24.5,14,0.11408083441981746
FAILED_AND_NEW,9.0,0.0,7.0,0.0,16.0,14,0.11408083441981746
FAILED_AND_NEW,2.0,0.0,22.0,0.0,24.0,13,0.1059322033898305
FAILED_AND_NEW,4.5,0.0,19.0,0.0,23.5,13,0.1059322033898305
FAILED_AND_NEW,5.0,0.0,18.0,0.0,23.0,13,0.1059322033898305
FAILED_AND_NEW,6.0,0.0,14.0,0.0,20.0,13,0.1059322033898305
FAILED_AND_NEW,6.0,0.0,18.0,0.0,24.0,13,0.1059322033898305
FAILED_AND_NEW,6.0,0.0,19.0,0.0,25.0,13,0.1059322033898305
FAILED_AND_NEW,8.0,0.0,11.0,0.0,19.0,13,0.1059322033898305
FAILED_AND_NEW,8.0,0.0,13.0,0.0,21.0,13,0.1059322033898305
FAILED_AND_NEW,12.0,0.0,3.0,0.0,15.0,13,0.1059322033898305
FAILED_AND_NEW,1.0,0.0,13.0,0.0,14.0,12,0.09778357235984354
FAILED_AND_NEW,2.0,0.0,20.0,0.0,22.0,12,0.09778357235984354
FAILED_AND_NEW,3.0,0.0,1.0,0.0,4.0,12,0.09778357235984354
FAILED_AND_NEW,6.0,0.0,13.0,0.0,19.0,12,0.09778357235984354
FAILED_AND_NEW,10.0,0.0,3.0,0.0,13.0,12,0.09778357235984354
FAILED_AND_NEW,10.0,0.0,5.0,0.0,15.0,12,0.09778357235984354
FAILED_AND_NEW,3.0,0.0,21.0,0.0,24.0,11,0.08963494132985658
FAILED_AND_NEW,5.0,0.0,19.5,0.0,24.5,11,0.08963494132985658
FAILED_AND_NEW,10.0,0.0,2.0,0.0,12.0,11,0.08963494132985658
FAILED_AND_NEW,11.0,0.0,5.0,0.0,16.0,11,0.08963494132985658
FAILED_AND_NEW,13.0,0.0,5.0,0.0,18.0,11,0.08963494132985658
FAILED_AND_NEW,1.0,0.0,7.0,0.0,8.0,10,0.08148631029986962
FAILED_AND_NEW,2.0,0.0,22.5,0.0,24.5,10,0.08148631029986962
FAILED_AND_NEW,6.0,0.0,16.0,0.0,22.0,10,0.08148631029986962
FAILED_AND_NEW,11.0,0.0,4.0,0.0,15.0,10,0.08148631029986962
FAILED_AND_NEW,11.0,0.0,7.0,0.0,18.0,10,0.08148631029986962
FAILED_AND_NEW,12.0,0.0,4.0,0.0,16.0,10,0.08148631029986962
FAILED_AND_NEW,0.0,0.0,14.0,0.0,14.0,9,0.07333767926988266
FAILED_AND_NEW,1.0,0.0,8.0,0.0,9.0,9,0.07333767926988266
FAILED_AND_NEW,4.0,0.0,1.0,0.0,5.0,9,0.07333767926988266
FAILED_AND_NEW,8.0,0.0,12.0,0.0,20.0,9,0.07333767926988266
FAILED_AND_NEW,1.0,0.0,3.0,0.0,4.0,8,0.0651890482398957
FAILED_AND_NEW,3.0,0.0,22.0,0.0,25.0,8,0.0651890482398957
FAILED_AND_NEW,4.0,0.0,6.0,0.0,10.0,8,0.0651890482398957
FAILED_AND_NEW,4.5,0.0,17.0,0.0,21.5,8,0.0651890482398957
FAILED_AND_NEW,4.5,0.0,18.0,0.0,22.5,8,0.0651890482398957
FAILED_AND_NEW,4.5,0.0,18.5,0.0,23.0,8,0.0651890482398957
FAILED_AND_NEW,6.0,0.0,15.5,0.0,21.5,8,0.0651890482398957
FAILED_AND_NEW,7.0,0.0,12.0,0.0,19.0,8,0.0651890482398957
FAILED_AND_NEW,0.0,0.0,16.0,0.0,16.0,7,0.05704041720990873
FAILED_AND_NEW,1.0,0.0,2.0,0.0,3.0,7,0.05704041720990873
FAILED_AND_NEW,3.0,0.0,19.0,0.0,22.0,7,0.05704041720990873
FAILED_AND_NEW,3.0,0.0,21.5,0.0,24.5,7,0.05704041720990873
FAILED_AND_NEW,4.0,0.0,4.5,0.0,8.5,7,0.05704041720990873
FAILED_AND_NEW,4.5,0.0,3.0,0.0,7.5,7,0.05704041720990873
FAILED_AND_NEW,5.0,0.0,17.5,0.0,22.5,7,0.05704041720990873
FAILED_AND_NEW,6.0,0.0,17.5,0.0,23.5,7,0.05704041720990873
FAILED_AND_NEW,11.0,0.0,1.0,0.0,12.0,7,0.05704041720990873
FAILED_AND_NEW,12.0,0.0,5.0,0.0,17.0,7,0.05704041720990873
FAILED_AND_NEW,13.0,0.0,3.0,0.0,16.0,7,0.05704041720990873
FAILED_AND_NEW,2.0,0.0,18.5,0.0,20.5,6,0.04889178617992177
FAILED_AND_NEW,3.0,0.0,20.0,0.0,23.0,6,0.04889178617992177
FAILED_AND_NEW,4.5,0.0,14.0,0.0,18.5,6,0.04889178617992177
FAILED_AND_NEW,5.0,0.0,6.0,0.0,11.0,6,0.04889178617992177
FAILED_AND_NEW,5.0,0.0,15.5,0.0,20.5,6,0.04889178617992177
FAILED_AND_NEW,5.0,0.0,16.5,0.0,21.5,6,0.04889178617992177
FAILED_AND_NEW,6.0,0.0,17.0,0.0,23.0,6,0.04889178617992177
FAILED_AND_NEW,7.0,0.0,13.0,0.0,20.0,6,0.04889178617992177
FAILED_AND_NEW,8.0,0.0,15.0,0.0,23.0,6,0.04889178617992177
FAILED_AND_NEW,9.0,0.0,10.0,0.0,19.0,6,0.04889178617992177
FAILED_AND_NEW,10.0,0.0,4.0,0.0,14.0,6,0.04889178617992177
FAILED_AND_NEW,11.0,0.0,2.0,0.0,13.0,6,0.04889178617992177
FAILED_AND_NEW,11.0,0.0,3.0,0.0,14.0,6,0.04889178617992177
FAILED_AND_NEW,1.0,0.0,9.0,0.0,10.0,5,0.04074315514993481
FAILED_AND_NEW,1.0,0.0,11.0,0.0,12.0,5,0.04074315514993481
FAILED_AND_NEW,1.0,0.0,18.0,0.0,19.0,5,0.04074315514993481
FAILED_AND_NEW,3.0,0.0,18.5,0.0,21.5,5,0.04074315514993481
FAILED_AND_NEW,3.0,0.0,19.5,0.0,22.5,5,0.04074315514993481
FAILED_AND_NEW,4.0,0.0,15.5,0.0,19.5,5,0.04074315514993481
FAILED_AND_NEW,7.0,0.0,4.0,0.0,11.0,5,0.04074315514993481
FAILED_AND_NEW,8.0,0.0,16.0,0.0,24.0,5,0.04074315514993481
FAILED_AND_NEW,9.0,0.0,11.0,0.0,20.0,5,0.04074315514993481
FAILED_AND_NEW,9.0,0.0,15.0,0.0,24.0,5,0.04074315514993481
FAILED_AND_NEW,10.0,0.0,13.5,0.0,23.5,5,0.04074315514993481
FAILED_AND_NEW,10.5,0.0,14.0,0.0,24.5,5,0.04074315514993481
FAILED_AND_NEW,11.0,0.0,14.0,0.0,25.0,5,0.04074315514993481
FAILED_AND_NEW,12.0,0.0,2.0,0.0,14.0,5,0.04074315514993481
FAILED_AND_NEW,12.0,0.0,8.0,0.0,20.0,5,0.04074315514993481
FAILED_AND_NEW,0.0,0.0,6.0,0.0,6.0,4,0.03259452411994785
FAILED_AND_NEW,2.0,0.0,1.0,0.0,3.0,4,0.03259452411994785
FAILED_AND_NEW,4.0,0.0,16.5,0.0,20.5,4,0.03259452411994785
FAILED_AND_NEW,4.0,0.0,18.5,0.0,22.5,4,0.03259452411994785
FAILED_AND_NEW,4.5,0.0,11.0,0.0,15.5,4,0.03259452411994785
FAILED_AND_NEW,4.5,0.0,12.0,0.0,16.5,4,0.03259452411994785
FAILED_AND_NEW,4.5,0.0,15.0,0.0,19.5,4,0.03259452411994785
FAILED_AND_NEW,4.5,0.0,16.0,0.0,20.5,4,0.03259452411994785
FAILED_AND_NEW,6.0,0.0,16.5,0.0,22.5,4,0.03259452411994785
FAILED_AND_NEW,9.0,0.0,14.0,0.0,23.0,4,0.03259452411994785
FAILED_AND_NEW,10.0,0.0,10.0,0.0,20.0,4,0.03259452411994785
FAILED_AND_NEW,10.0,0.0,14.0,0.0,24.0,4,0.03259452411994785
FAILED_AND_NEW,10.5,0.0,9.0,0.0,19.5,4,0.03259452411994785
FAILED_AND_NEW,11.0,0.0,9.0,0.0,20.0,4,0.03259452411994785
FAILED_AND_NEW,11.0,0.0,12.0,0.0,23.0,4,0.03259452411994785
FAILED_AND_NEW,12.0,0.0,7.0,0.0,19.0,4,0.03259452411994785
FAILED_AND_NEW,12.0,0.0,9.0,0.0,21.0,4,0.03259452411994785
FAILED_AND_NEW,12.0,0.0,11.0,0.0,23.0,4,0.03259452411994785
FAILED_AND_NEW,13.0,0.0,8.0,0.0,21.0,4,0.03259452411994785
FAILED_AND_NEW,14.0,0.0,2.0,0.0,16.0,4,0.03259452411994785
FAILED_AND_NEW,0.0,0.0,5.0,0.0,5.0,3,0.024445893089960886
FAILED_AND_NEW,0.0,0.0,12.0,0.0,12.0,3,0.024445893089960886
FAILED_AND_NEW,0.0,0.0,13.0,0.0,13.0,3,0.024445893089960886
FAILED_AND_NEW,1.0,0.0,10.0,0.0,11.0,3,0.024445893089960886
FAILED_AND_NEW,1.0,0.0,20.0,0.0,21.0,3,0.024445893089960886
FAILED_AND_NEW,2.0,0.0,21.5,0.0,23.5,3,0.024445893089960886
FAILED_AND_NEW,3.0,0.0,16.5,0.0,19.5,3,0.024445893089960886
FAILED_AND_NEW,4.0,0.0,7.0,0.0,11.0,3,0.024445893089960886
FAILED_AND_NEW,4.0,0.0,17.5,0.0,21.5,3,0.024445893089960886
FAILED_AND_NEW,4.5,0.0,4.0,0.0,8.5,3,0.024445893089960886
FAILED_AND_NEW,5.0,0.0,13.5,0.0,18.5,3,0.024445893089960886
FAILED_AND_NEW,6.0,0.0,1.0,0.0,7.0,3,0.024445893089960886
FAILED_AND_NEW,6.0,0.0,11.5,0.0,17.5,3,0.024445893089960886
FAILED_AND_NEW,7.0,0.0,14.0,0.0,21.0,3,0.024445893089960886
FAILED_AND_NEW,7.0,0.0,15.0,0.0,22.0,3,0.024445893089960886
FAILED_AND_NEW,8.0,0.0,10.5,0.0,18.5,3,0.024445893089960886
FAILED_AND_NEW,8.0,0.0,11.5,0.0,19.5,3,0.024445893089960886
FAILED_AND_NEW,8.0,0.0,14.0,0.0,22.0,3,0.024445893089960886
FAILED_AND_NEW,8.0,0.0,16.5,0.0,24.5,3,0.024445893089960886
FAILED_AND_NEW,8.0,0.0,17.0,0.0,25.0,3,0.024445893089960886
FAILED_AND_NEW,9.0,0.0,12.0,0.0,21.0,3,0.024445893089960886
FAILED_AND_NEW,10.0,0.0,9.0,0.0,19.0,3,0.024445893089960886
FAILED_AND_NEW,10.0,0.0,11.0,0.0,21.0,3,0.024445893089960886
FAILED_AND_NEW,10.0,0.0,12.0,0.0,22.0,3,0.024445893089960886
FAILED_AND_NEW,10.5,0.0,13.5,0.0,24.0,3,0.024445893089960886
FAILED_AND_NEW,13.0,0.0,4.0,0.0,17.0,3,0.024445893089960886
FAILED_AND_NEW,13.0,0.0,6.0,0.0,19.0,3,0.024445893089960886
FAILED_AND_NEW,14.0,0.0,3.0,0.0,17.0,3,0.024445893089960886
FAILED_AND_NEW,16.5,0.0,4.5,0.0,21.0,3,0.024445893089960886
FAILED_AND_NEW,0.0,0.0,7.0,0.0,7.0,2,0.016297262059973925
FAILED_AND_NEW,0.0,0.0,9.0,0.0,9.0,2,0.016297262059973925
FAILED_AND_NEW,1.0,0.0,19.0,0.0,20.0,2,0.016297262059973925
FAILED_AND_NEW,2.0,0.0,6.5,0.0,8.5,2,0.016297262059973925
FAILED_AND_NEW,3.0,0.0,20.5,0.0,23.5,2,0.016297262059973925
FAILED_AND_NEW,4.0,0.0,10.5,0.0,14.5,2,0.016297262059973925
FAILED_AND_NEW,4.0,0.0,12.5,0.0,16.5,2,0.016297262059973925
FAILED_AND_NEW,4.0,0.0,14.5,0.0,18.5,2,0.016297262059973925
FAILED_AND_NEW,4.5,0.0,15.5,0.0,20.0,2,0.016297262059973925
FAILED_AND_NEW,4.5,0.0,16.5,0.0,21.0,2,0.016297262059973925
FAILED_AND_NEW,4.5,0.0,17.5,0.0,22.0,2,0.016297262059973925
FAILED_AND_NEW,5.0,0.0,1.0,0.0,6.0,2,0.016297262059973925
FAILED_AND_NEW,5.0,0.0,5.0,0.0,10.0,2,0.016297262059973925
FAILED_AND_NEW,6.0,0.0,4.0,0.0,10.0,2,0.016297262059973925
FAILED_AND_NEW,6.0,0.0,5.0,0.0,11.0,2,0.016297262059973925
FAILED_AND_NEW,6.0,0.0,6.5,0.0,12.5,2,0.016297262059973925
FAILED_AND_NEW,6.0,0.0,10.5,0.0,16.5,2,0.016297262059973925
FAILED_AND_NEW,6.0,0.0,12.5,0.0,18.5,2,0.016297262059973925
FAILED_AND_NEW,6.0,0.0,13.5,0.0,19.5,2,0.016297262059973925
FAILED_AND_NEW,6.5,0.0,11.0,0.0,17.5,2,0.016297262059973925
FAILED_AND_NEW,6.5,0.0,17.0,0.0,23.5,2,0.016297262059973925
FAILED_AND_NEW,6.5,0.0,18.0,0.0,24.5,2,0.016297262059973925
FAILED_AND_NEW,7.0,0.0,17.0,0.0,24.0,2,0.016297262059973925
FAILED_AND_NEW,7.0,0.0,18.0,0.0,25.0,2,0.016297262059973925
FAILED_AND_NEW,7.5,0.0,11.0,0.0,18.5,2,0.016297262059973925
FAILED_AND_NEW,7.5,0.0,12.0,0.0,19.5,2,0.016297262059973925
FAILED_AND_NEW,7.5,0.0,15.5,0.0,23.0,2,0.016297262059973925
FAILED_AND_NEW,7.5,0.0,16.0,0.0,23.5,2,0.016297262059973925
FAILED_AND_NEW,8.0,0.0,1.0,0.0,9.0,2,0.016297262059973925
FAILED_AND_NEW,8.0,0.0,14.5,0.0,22.5,2,0.016297262059973925
FAILED_AND_NEW,8.5,0.0,12.0,0.0,20.5,2,0.016297262059973925
FAILED_AND_NEW,8.5,0.0,15.0,0.0,23.5,2,0.016297262059973925
FAILED_AND_NEW,8.5,0.0,16.0,0.0,24.5,2,0.016297262059973925
FAILED_AND_NEW,9.0,0.0,2.0,0.0,11.0,2,0.016297262059973925
FAILED_AND_NEW,9.0,0.0,15.5,0.0,24.5,2,0.016297262059973925
FAILED_AND_NEW,9.5,0.0,13.5,0.0,23.0,2,0.016297262059973925
FAILED_AND_NEW,9.5,0.0,14.0,0.0,23.5,2,0.016297262059973925
FAILED_AND_NEW,9.5,0.0,15.5,0.0,25.0,2,0.016297262059973925
FAILED_AND_NEW,10.0,0.0,15.0,0.0,25.0,2,0.016297262059973925
FAILED_AND_NEW,10.5,0.0,3.0,0.0,13.5,2,0.016297262059973925
FAILED_AND_NEW,10.5,0.0,8.0,0.0,18.5,2,0.016297262059973925
FAILED_AND_NEW,10.5,0.0,11.0,0.0,21.5,2,0.016297262059973925
FAILED_AND_NEW,10.5,0.0,12.5,0.0,23.0,2,0.016297262059973925
FAILED_AND_NEW,10.5,0.0,13.0,0.0,23.5,2,0.016297262059973925
FAILED_AND_NEW,11.0,0.0,13.0,0.0,24.0,2,0.016297262059973925
FAILED_AND_NEW,12.0,0.0,7.5,0.0,19.5,2,0.016297262059973925
FAILED_AND_NEW,13.0,0.0,2.0,0.0,15.0,2,0.016297262059973925
FAILED_AND_NEW,13.0,0.0,9.0,0.0,22.0,2,0.016297262059973925
FAILED_AND_NEW,14.5,0.0,9.0,0.0,23.5,2,0.016297262059973925
FAILED_AND_NEW,15.0,0.0,4.0,0.0,19.0,2,0.016297262059973925
FAILED_AND_NEW,16.0,0.0,5.0,0.0,21.0,2,0.016297262059973925
FAILED_AND_NEW,17.0,0.0,4.5,0.0,21.5,2,0.016297262059973925
FAILED_AND_NEW,0.0,0.0,2.0,0.0,2.0,1,0.008148631029986962
FAILED_AND_NEW,0.0,0.0,8.0,0.0,8.0,1,0.008148631029986962
FAILED_AND_NEW,0.0,0.0,19.0,0.0,19.0,1,0.008148631029986962
FAILED_AND_NEW,0.0,0.0,21.0,0.0,21.0,1,0.008148631029986962
FAILED_AND_NEW,0.0,0.0,23.5,0.0,23.5,1,0.008148631029986962
FAILED_AND_NEW,0.0,0.0,24.0,0.0,24.0,1,0.008148631029986962
FAILED_AND_NEW,2.0,0.0,4.5,0.0,6.5,1,0.008148631029986962
FAILED_AND_NEW,2.0,0.0,11.5,0.0,13.5,1,0.008148631029986962
FAILED_AND_NEW,2.0,0.0,14.5,0.0,16.5,1,0.008148631029986962
FAILED_AND_NEW,2.0,0.0,16.5,0.0,18.5,1,0.008148631029986962
FAILED_AND_NEW,2.0,0.0,19.5,0.0,21.5,1,0.008148631029986962
FAILED_AND_NEW,2.0,0.0,20.5,0.0,22.5,1,0.008148631029986962
FAILED_AND_NEW,2.0,0.0,27.0,0.0,29.0,1,0.008148631029986962
FAILED_AND_NEW,3.0,0.0,4.5,0.0,7.5,1,0.008148631029986962
FAILED_AND_NEW,3.0,0.0,12.5,0.0,15.5,1,0.008148631029986962
FAILED_AND_NEW,3.0,0.0,13.5,0.0,16.5,1,0.008148631029986962
FAILED_AND_NEW,3.0,0.0,15.5,0.0,18.5,1,0.008148631029986962
FAILED_AND_NEW,3.0,0.0,17.5,0.0,20.5,1,0.008148631029986962
FAILED_AND_NEW,4.0,0.0,0.0,0.0,4.0,1,0.008148631029986962
FAILED_AND_NEW,4.0,0.0,11.5,0.0,15.5,1,0.008148631029986962
FAILED_AND_NEW,4.0,0.0,27.0,0.0,31.0,1,0.008148631029986962
FAILED_AND_NEW,4.5,0.0,2.0,0.0,6.5,1,0.008148631029986962
FAILED_AND_NEW,4.5,0.0,8.0,0.0,12.5,1,0.008148631029986962
FAILED_AND_NEW,4.5,0.0,11.5,0.0,16.0,1,0.008148631029986962
FAILED_AND_NEW,4.5,0.0,12.5,0.0,17.0,1,0.008148631029986962
FAILED_AND_NEW,4.5,0.0,13.0,0.0,17.5,1,0.008148631029986962
FAILED_AND_NEW,5.0,0.0,7.5,0.0,12.5,1,0.008148631029986962
FAILED_AND_NEW,5.0,0.0,9.5,0.0,14.5,1,0.008148631029986962
FAILED_AND_NEW,5.0,0.0,10.5,0.0,15.5,1,0.008148631029986962
FAILED_AND_NEW,5.0,0.0,12.5,0.0,17.5,1,0.008148631029986962
FAILED_AND_NEW,5.0,0.0,14.5,0.0,19.5,1,0.008148631029986962
FAILED_AND_NEW,6.0,0.0,14.5,0.0,20.5,1,0.008148631029986962
FAILED_AND_NEW,6.5,0.0,6.0,0.0,12.5,1,0.008148631029986962
FAILED_AND_NEW,6.5,0.0,7.0,0.0,13.5,1,0.008148631029986962
FAILED_AND_NEW,6.5,0.0,12.0,0.0,18.5,1,0.008148631029986962
FAILED_AND_NEW,6.5,0.0,14.0,0.0,20.5,1,0.008148631029986962
FAILED_AND_NEW,6.5,0.0,15.0,0.0,21.5,1,0.008148631029986962
FAILED_AND_NEW,6.5,0.0,16.0,0.0,22.5,1,0.008148631029986962
FAILED_AND_NEW,6.5,0.0,16.5,0.0,23.0,1,0.008148631029986962
FAILED_AND_NEW,6.5,0.0,18.5,0.0,25.0,1,0.008148631029986962
FAILED_AND_NEW,7.0,0.0,1.0,0.0,8.0,1,0.008148631029986962
FAILED_AND_NEW,7.0,0.0,3.0,0.0,10.0,1,0.008148631029986962
FAILED_AND_NEW,7.0,0.0,15.5,0.0,22.5,1,0.008148631029986962
FAILED_AND_NEW,7.5,0.0,13.5,0.0,21.0,1,0.008148631029986962
FAILED_AND_NEW,7.5,0.0,14.0,0.0,21.5,1,0.008148631029986962
FAILED_AND_NEW,7.5,0.0,16.5,0.0,24.0,1,0.008148631029986962
FAILED_AND_NEW,7.5,0.0,17.0,0.0,24.5,1,0.008148631029986962
FAILED_AND_NEW,7.5,0.0,17.5,0.0,25.0,1,0.008148631029986962
FAILED_AND_NEW,8.0,0.0,2.0,0.0,10.0,1,0.008148631029986962
FAILED_AND_NEW,8.0,0.0,4.5,0.0,12.5,1,0.008148631029986962
FAILED_AND_NEW,8.0,0.0,7.5,0.0,15.5,1,0.008148631029986962
FAILED_AND_NEW,8.0,0.0,9.5,0.0,17.5,1,0.008148631029986962
FAILED_AND_NEW,8.0,0.0,12.5,0.0,20.5,1,0.008148631029986962
FAILED_AND_NEW,8.5,0.0,9.0,0.0,17.5,1,0.008148631029986962
FAILED_AND_NEW,8.5,0.0,11.0,0.0,19.5,1,0.008148631029986962
FAILED_AND_NEW,8.5,0.0,13.5,0.0,22.0,1,0.008148631029986962
FAILED_AND_NEW,8.5,0.0,16.5,0.0,25.0,1,0.008148631029986962
FAILED_AND_NEW,9.0,0.0,9.5,0.0,18.5,1,0.008148631029986962
FAILED_AND_NEW,9.0,0.0,11.5,0.0,20.5,1,0.008148631029986962
FAILED_AND_NEW,9.0,0.0,13.0,0.0,22.0,1,0.008148631029986962
FAILED_AND_NEW,9.0,0.0,13.5,0.0,22.5,1,0.008148631029986962
FAILED_AND_NEW,9.0,0.0,14.5,0.0,23.5,1,0.008148631029986962
FAILED_AND_NEW,9.0,0.0,16.0,0.0,25.0,1,0.008148631029986962
FAILED_AND_NEW,9.5,0.0,6.0,0.0,15.5,1,0.008148631029986962
FAILED_AND_NEW,9.5,0.0,8.0,0.0,17.5,1,0.008148631029986962
FAILED_AND_NEW,9.5,0.0,10.0,0.0,19.5,1,0.008148631029986962
FAILED_AND_NEW,9.5,0.0,12.0,0.0,21.5,1,0.008148631029986962
FAILED_AND_NEW,9.5,0.0,12.5,0.0,22.0,1,0.008148631029986962
FAILED_AND_NEW,9.5,0.0,13.0,0.0,22.5,1,0.008148631029986962
FAILED_AND_NEW,9.5,0.0,14.5,0.0,24.0,1,0.008148631029986962
FAILED_AND_NEW,9.5,0.0,15.0,0.0,24.5,1,0.008148631029986962
FAILED_AND_NEW,10.0,0.0,8.5,0.0,18.5,1,0.008148631029986962
FAILED_AND_NEW,10.0,0.0,10.5,0.0,20.5,1,0.008148631029986962
FAILED_AND_NEW,10.0,0.0,12.5,0.0,22.5,1,0.008148631029986962
FAILED_AND_NEW,10.0,0.0,14.5,0.0,24.5,1,0.008148631029986962
FAILED_AND_NEW,10.5,0.0,7.5,0.0,18.0,1,0.008148631029986962
FAILED_AND_NEW,10.5,0.0,8.5,0.0,19.0,1,0.008148631029986962
FAILED_AND_NEW,10.5,0.0,10.0,0.0,20.5,1,0.008148631029986962
FAILED_AND_NEW,10.5,0.0,10.5,0.0,21.0,1,0.008148631029986962
FAILED_AND_NEW,11.0,0.0,7.5,0.0,18.5,1,0.008148631029986962
FAILED_AND_NEW,11.0,0.0,10.0,0.0,21.0,1,0.008148631029986962
FAILED_AND_NEW,11.0,0.0,10.5,0.0,21.5,1,0.008148631029986962
FAILED_AND_NEW,11.0,0.0,11.0,0.0,22.0,1,0.008148631029986962
FAILED_AND_NEW,11.0,0.0,11.5,0.0,22.5,1,0.008148631029986962
FAILED_AND_NEW,11.0,0.0,12.5,0.0,23.5,1,0.008148631029986962
FAILED_AND_NEW,11.5,0.0,3.0,0.0,14.5,1,0.008148631029986962
FAILED_AND_NEW,11.5,0.0,12.0,0.0,23.5,1,0.008148631029986962
FAILED_AND_NEW,11.5,0.0,13.0,0.0,24.5,1,0.008148631029986962
FAILED_AND_NEW,12.0,0.0,6.5,0.0,18.5,1,0.008148631029986962
FAILED_AND_NEW,12.0,0.0,10.5,0.0,22.5,1,0.008148631029986962
FAILED_AND_NEW,12.0,0.0,12.5,0.0,24.5,1,0.008148631029986962
FAILED_AND_NEW,12.5,0.0,4.0,0.0,16.5,1,0.008148631029986962
FAILED_AND_NEW,12.5,0.0,5.0,0.0,17.5,1,0.008148631029986962
FAILED_AND_NEW,12.5,0.0,6.5,0.0,19.0,1,0.008148631029986962
FAILED_AND_NEW,13.5,0.0,3.0,0.0,16.5,1,0.008148631029986962
FAILED_AND_NEW,13.5,0.0,5.0,0.0,18.5,1,0.008148631029986962
FAILED_AND_NEW,13.5,0.0,8.5,0.0,22.0,1,0.008148631029986962
FAILED_AND_NEW,13.5,0.0,9.0,0.0,22.5,1,0.008148631029986962
FAILED_AND_NEW,13.5,0.0,11.0,0.0,24.5,1,0.008148631029986962
FAILED_AND_NEW,14.0,0.0,4.0,0.0,18.0,1,0.008148631029986962
FAILED_AND_NEW,14.0,0.0,5.0,0.0,19.0,1,0.008148631029986962
FAILED_AND_NEW,14.0,0.0,6.0,0.0,20.0,1,0.008148631029986962
FAILED_AND_NEW,14.0,0.0,7.0,0.0,21.0,1,0.008148631029986962
FAILED_AND_NEW,14.0,0.0,8.0,0.0,22.0,1,0.008148631029986962
FAILED_AND_NEW,14.0,0.0,10.5,0.0,24.5,1,0.008148631029986962
FAILED_AND_NEW,14.5,0.0,6.0,0.0,20.5,1,0.008148631029986962
FAILED_AND_NEW,14.5,0.0,9.5,0.0,24.0,1,0.008148631029986962
FAILED_AND_NEW,15.0,0.0,3.0,0.0,18.0,1,0.008148631029986962
FAILED_AND_NEW,15.0,0.0,5.0,0.0,20.0,1,0.008148631029986962
FAILED_AND_NEW,15.0,0.0,6.0,0.0,21.0,1,0.008148631029986962
FAILED_AND_NEW,15.5,0.0,4.0,0.0,19.5,1,0.008148631029986962
FAILED_AND_NEW,15.5,0.0,9.5,0.0,25.0,1,0.008148631029986962
FAILED_AND_NEW,16.0,0.0,0.0,0.0,16.0,1,0.008148631029986962
FAILED_AND_NEW,16.0,0.0,4.5,0.0,20.5,1,0.008148631029986962
FAILED_AND_NEW,18.0,0.0,4.5,0.0,22.5,1,0.008148631029986962
FAILED_AND_NEW,19.0,0.0,2.0,0.0,21.0,1,0.008148631029986962
FAILED_AND_NEW,19.5,0.0,5.0,0.0,24.5,1,0.008148631029986962
FAILED_AND_NEW,20.0,0.0,2.0,0.0,22.0,1,0.008148631029986962
FAILED_AND_NEW,24.0,0.0,3.0,0.0,27.0,1,0.008148631029986962
FAILED_RETAKE_ONLY,3.0,0.0,0.0,0.0,3.0,471,19.053398058252426
FAILED_RETAKE_ONLY,6.0,0.0,0.0,0.0,6.0,431,17.43527508090615
FAILED_RETAKE_ONLY,2.0,0.0,0.0,0.0,2.0,321,12.985436893203884
FAILED_RETAKE_ONLY,4.0,0.0,0.0,0.0,4.0,308,12.459546925566343
FAILED_RETAKE_ONLY,5.0,0.0,0.0,0.0,5.0,217,8.77831715210356
FAILED_RETAKE_ONLY,12.0,0.0,0.0,0.0,12.0,172,6.957928802588997
FAILED_RETAKE_ONLY,7.0,0.0,0.0,0.0,7.0,118,4.773462783171521
FAILED_RETAKE_ONLY,24.0,0.0,0.0,0.0,24.0,101,4.085760517799352
FAILED_RETAKE_ONLY,9.0,0.0,0.0,0.0,9.0,91,3.6812297734627832
FAILED_RETAKE_ONLY,8.0,0.0,0.0,0.0,8.0,80,3.236245954692557
FAILED_RETAKE_ONLY,13.0,0.0,0.0,0.0,13.0,52,2.103559870550162
FAILED_RETAKE_ONLY,1.0,0.0,0.0,0.0,1.0,38,1.5372168284789645
FAILED_RETAKE_ONLY,15.0,0.0,0.0,0.0,15.0,20,0.8090614886731392
FAILED_RETAKE_ONLY,14.0,0.0,0.0,0.0,14.0,12,0.4854368932038835
FAILED_RETAKE_ONLY,10.0,0.0,0.0,0.0,10.0,8,0.32362459546925565
FAILED_RETAKE_ONLY,4.5,0.0,0.0,0.0,4.5,7,0.28317152103559873
FAILED_RETAKE_ONLY,16.0,0.0,0.0,0.0,16.0,6,0.24271844660194175
FAILED_RETAKE_ONLY,27.0,0.0,0.0,0.0,27.0,4,0.16181229773462782
FAILED_RETAKE_ONLY,8.5,0.0,0.0,0.0,8.5,3,0.12135922330097088
FAILED_RETAKE_ONLY,7.5,0.0,0.0,0.0,7.5,2,0.08090614886731391
FAILED_RETAKE_ONLY,11.0,0.0,0.0,0.0,11.0,2,0.08090614886731391
FAILED_RETAKE_ONLY,20.0,0.0,0.0,0.0,20.0,2,0.08090614886731391
FAILED_RETAKE_ONLY,16.5,0.0,0.0,0.0,16.5,1,0.040453074433656956
FAILED_RETAKE_ONLY,17.0,0.0,0.0,0.0,17.0,1,0.040453074433656956
FAILED_RETAKE_ONLY,17.5,0.0,0.0,0.0,17.5,1,0.040453074433656956
FAILED_RETAKE_ONLY,18.0,0.0,0.0,0.0,18.0,1,0.040453074433656956
FAILED_RETAKE_ONLY,19.0,0.0,0.0,0.0,19.0,1,0.040453074433656956
FAILED_RETAKE_ONLY,21.0,0.0,0.0,0.0,21.0,1,0.040453074433656956
FAILED_WITHDRAWN_AND_NEW,3.0,3.0,12.0,0.0,18.0,164,5.899280575539568
FAILED_WITHDRAWN_AND_NEW,3.0,3.0,11.0,0.0,17.0,134,4.820143884892087
FAILED_WITHDRAWN_AND_NEW,3.0,3.0,9.0,0.0,15.0,79,2.841726618705036
FAILED_WITHDRAWN_AND_NEW,3.0,3.0,3.0,0.0,9.0,56,2.014388489208633
FAILED_WITHDRAWN_AND_NEW,3.0,3.0,6.0,0.0,12.0,51,1.8345323741007193
FAILED_WITHDRAWN_AND_NEW,6.0,3.0,3.0,0.0,12.0,41,1.474820143884892
FAILED_WITHDRAWN_AND_NEW,2.0,3.0,13.0,0.0,18.0,40,1.4388489208633093
FAILED_WITHDRAWN_AND_NEW,3.0,3.0,10.0,0.0,16.0,40,1.4388489208633093
FAILED_WITHDRAWN_AND_NEW,3.0,6.0,9.0,0.0,18.0,40,1.4388489208633093
FAILED_WITHDRAWN_AND_NEW,2.0,3.0,12.0,0.0,17.0,36,1.2949640287769784
FAILED_WITHDRAWN_AND_NEW,3.0,2.0,12.0,0.0,17.0,36,1.2949640287769784
FAILED_WITHDRAWN_AND_NEW,3.0,2.0,13.0,0.0,18.0,35,1.2589928057553956
FAILED_WITHDRAWN_AND_NEW,6.0,3.0,6.0,0.0,15.0,34,1.223021582733813
FAILED_WITHDRAWN_AND_NEW,6.0,3.0,9.0,0.0,18.0,33,1.1870503597122302
FAILED_WITHDRAWN_AND_NEW,3.0,4.0,11.0,0.0,18.0,29,1.0431654676258992
FAILED_WITHDRAWN_AND_NEW,3.0,2.0,11.0,0.0,16.0,28,1.0071942446043165
FAILED_WITHDRAWN_AND_NEW,2.0,3.0,9.0,0.0,14.0,24,0.8633093525179856
FAILED_WITHDRAWN_AND_NEW,3.0,3.0,8.0,0.0,14.0,23,0.8273381294964028
FAILED_WITHDRAWN_AND_NEW,4.0,3.0,11.0,0.0,18.0,22,0.7913669064748201
FAILED_WITHDRAWN_AND_NEW,2.0,2.0,14.0,0.0,18.0,21,0.7553956834532374
FAILED_WITHDRAWN_AND_NEW,2.0,2.0,13.0,0.0,17.0,19,0.6834532374100719
FAILED_WITHDRAWN_AND_NEW,3.0,3.0,2.0,0.0,8.0,19,0.6834532374100719
FAILED_WITHDRAWN_AND_NEW,4.0,2.0,12.0,0.0,18.0,18,0.6474820143884892
FAILED_WITHDRAWN_AND_NEW,4.0,3.0,10.0,0.0,17.0,18,0.6474820143884892
FAILED_WITHDRAWN_AND_NEW,6.0,3.0,8.0,0.0,17.0,18,0.6474820143884892
FAILED_WITHDRAWN_AND_NEW,2.0,2.0,12.0,0.0,16.0,17,0.6115107913669064
FAILED_WITHDRAWN_AND_NEW,2.0,3.0,11.0,0.0,16.0,17,0.6115107913669064
FAILED_WITHDRAWN_AND_NEW,3.0,4.0,10.0,0.0,17.0,16,0.5755395683453237
FAILED_WITHDRAWN_AND_NEW,3.0,6.0,6.0,0.0,15.0,16,0.5755395683453237
FAILED_WITHDRAWN_AND_NEW,9.0,3.0,3.0,0.0,15.0,16,0.5755395683453237
FAILED_WITHDRAWN_AND_NEW,2.0,3.0,10.0,0.0,15.0,15,0.539568345323741
FAILED_WITHDRAWN_AND_NEW,3.0,6.0,3.0,0.0,12.0,15,0.539568345323741
FAILED_WITHDRAWN_AND_NEW,4.0,3.0,9.0,0.0,16.0,15,0.539568345323741
FAILED_WITHDRAWN_AND_NEW,5.0,3.0,9.0,0.0,17.0,15,0.539568345323741
FAILED_WITHDRAWN_AND_NEW,2.0,2.0,9.0,0.0,13.0,14,0.5035971223021583
FAILED_WITHDRAWN_AND_NEW,2.0,3.0,8.0,0.0,13.0,14,0.5035971223021583
FAILED_WITHDRAWN_AND_NEW,3.0,2.0,10.0,0.0,15.0,14,0.5035971223021583
FAILED_WITHDRAWN_AND_NEW,3.0,6.0,8.0,0.0,17.0,14,0.5035971223021583
FAILED_WITHDRAWN_AND_NEW,2.0,3.0,7.0,0.0,12.0,13,0.4676258992805755
FAILED_WITHDRAWN_AND_NEW,3.0,2.0,3.0,0.0,8.0,13,0.4676258992805755
FAILED_WITHDRAWN_AND_NEW,3.0,2.0,9.0,0.0,14.0,13,0.4676258992805755
FAILED_WITHDRAWN_AND_NEW,3.0,4.0,9.0,0.0,16.0,13,0.4676258992805755
FAILED_WITHDRAWN_AND_NEW,3.0,5.0,9.0,0.0,17.0,13,0.4676258992805755
FAILED_WITHDRAWN_AND_NEW,4.0,3.0,8.0,0.0,15.0,13,0.4676258992805755
FAILED_WITHDRAWN_AND_NEW,2.0,4.0,12.0,0.0,18.0,12,0.4316546762589928
FAILED_WITHDRAWN_AND_NEW,3.0,2.0,8.0,0.0,13.0,12,0.4316546762589928
FAILED_WITHDRAWN_AND_NEW,3.0,3.0,7.0,0.0,13.0,12,0.4316546762589928
FAILED_WITHDRAWN_AND_NEW,4.0,4.0,10.0,0.0,18.0,12,0.4316546762589928
FAILED_WITHDRAWN_AND_NEW,6.0,3.0,5.0,0.0,14.0,12,0.4316546762589928
FAILED_WITHDRAWN_AND_NEW,9.0,3.0,6.0,0.0,18.0,12,0.4316546762589928
FAILED_WITHDRAWN_AND_NEW,1.0,3.0,14.0,0.0,18.0,11,0.39568345323741005
FAILED_WITHDRAWN_AND_NEW,2.0,2.0,11.0,0.0,15.0,11,0.39568345323741005
FAILED_WITHDRAWN_AND_NEW,3.0,2.0,2.0,0.0,7.0,11,0.39568345323741005
FAILED_WITHDRAWN_AND_NEW,4.0,4.0,4.0,0.0,12.0,11,0.39568345323741005
FAILED_WITHDRAWN_AND_NEW,3.0,1.0,13.0,0.0,17.0,10,0.3597122302158273
FAILED_WITHDRAWN_AND_NEW,3.0,2.0,7.0,0.0,12.0,10,0.3597122302158273
FAILED_WITHDRAWN_AND_NEW,3.0,5.0,10.0,0.0,18.0,10,0.3597122302158273
FAILED_WITHDRAWN_AND_NEW,4.0,2.0,3.0,0.0,9.0,10,0.3597122302158273
FAILED_WITHDRAWN_AND_NEW,4.0,4.0,8.0,0.0,16.0,10,0.3597122302158273
FAILED_WITHDRAWN_AND_NEW,4.0,4.0,9.0,0.0,17.0,10,0.3597122302158273
FAILED_WITHDRAWN_AND_NEW,5.0,3.0,6.0,0.0,14.0,10,0.3597122302158273
FAILED_WITHDRAWN_AND_NEW,6.0,2.0,9.0,0.0,17.0,10,0.3597122302158273
FAILED_WITHDRAWN_AND_NEW,6.0,2.0,10.0,0.0,18.0,10,0.3597122302158273
FAILED_WITHDRAWN_AND_NEW,1.0,2.0,15.0,0.0,18.0,9,0.3237410071942446
FAILED_WITHDRAWN_AND_NEW,1.0,3.0,13.0,0.0,17.0,9,0.3237410071942446
FAILED_WITHDRAWN_AND_NEW,3.0,4.0,8.0,0.0,15.0,9,0.3237410071942446
FAILED_WITHDRAWN_AND_NEW,4.0,2.0,11.0,0.0,17.0,9,0.3237410071942446
FAILED_WITHDRAWN_AND_NEW,6.0,3.0,7.0,0.0,16.0,9,0.3237410071942446
FAILED_WITHDRAWN_AND_NEW,7.0,3.0,3.0,0.0,13.0,9,0.3237410071942446
FAILED_WITHDRAWN_AND_NEW,2.0,2.0,8.0,0.0,12.0,8,0.28776978417266186
FAILED_WITHDRAWN_AND_NEW,2.0,2.0,10.0,0.0,14.0,8,0.28776978417266186
FAILED_WITHDRAWN_AND_NEW,3.0,9.0,3.0,0.0,15.0,8,0.28776978417266186
FAILED_WITHDRAWN_AND_NEW,5.0,3.0,10.0,0.0,18.0,8,0.28776978417266186
FAILED_WITHDRAWN_AND_NEW,5.0,4.0,9.0,0.0,18.0,8,0.28776978417266186
FAILED_WITHDRAWN_AND_NEW,7.0,3.0,8.0,0.0,18.0,8,0.28776978417266186
FAILED_WITHDRAWN_AND_NEW,3.0,4.0,6.0,0.0,13.0,7,0.2517985611510791
FAILED_WITHDRAWN_AND_NEW,3.0,6.0,7.0,0.0,16.0,7,0.2517985611510791
FAILED_WITHDRAWN_AND_NEW,4.0,3.0,7.0,0.0,14.0,7,0.2517985611510791
FAILED_WITHDRAWN_AND_NEW,5.0,2.0,8.0,0.0,15.0,7,0.2517985611510791
FAILED_WITHDRAWN_AND_NEW,7.0,2.0,9.0,0.0,18.0,7,0.2517985611510791
FAILED_WITHDRAWN_AND_NEW,8.0,3.0,3.0,0.0,14.0,7,0.2517985611510791
FAILED_WITHDRAWN_AND_NEW,8.0,3.0,6.0,0.0,17.0,7,0.2517985611510791
FAILED_WITHDRAWN_AND_NEW,8.0,3.0,7.0,0.0,18.0,7,0.2517985611510791
FAILED_WITHDRAWN_AND_NEW,2.0,2.0,2.0,0.0,6.0,6,0.2158273381294964
FAILED_WITHDRAWN_AND_NEW,2.0,2.0,3.0,0.0,7.0,6,0.2158273381294964
FAILED_WITHDRAWN_AND_NEW,2.0,3.0,2.0,0.0,7.0,6,0.2158273381294964
FAILED_WITHDRAWN_AND_NEW,2.0,4.0,3.0,0.0,9.0,6,0.2158273381294964
FAILED_WITHDRAWN_AND_NEW,2.0,4.0,9.0,0.0,15.0,6,0.2158273381294964
FAILED_WITHDRAWN_AND_NEW,2.0,5.0,5.0,0.0,12.0,6,0.2158273381294964
FAILED_WITHDRAWN_AND_NEW,2.0,6.0,10.0,0.0,18.0,6,0.2158273381294964
FAILED_WITHDRAWN_AND_NEW,3.0,2.0,4.0,0.0,9.0,6,0.2158273381294964
FAILED_WITHDRAWN_AND_NEW,3.0,4.0,7.0,0.0,14.0,6,0.2158273381294964
FAILED_WITHDRAWN_AND_NEW,3.0,5.0,6.0,0.0,14.0,6,0.2158273381294964
FAILED_WITHDRAWN_AND_NEW,3.0,6.0,5.0,0.0,14.0,6,0.2158273381294964
FAILED_WITHDRAWN_AND_NEW,4.0,2.0,8.0,0.0,14.0,6,0.2158273381294964
FAILED_WITHDRAWN_AND_NEW,4.0,2.0,9.0,0.0,15.0,6,0.2158273381294964
FAILED_WITHDRAWN_AND_NEW,4.0,3.0,5.0,0.0,12.0,6,0.2158273381294964
FAILED_WITHDRAWN_AND_NEW,4.0,3.0,6.0,0.0,13.0,6,0.2158273381294964
FAILED_WITHDRAWN_AND_NEW,4.0,4.0,7.0,0.0,15.0,6,0.2158273381294964
FAILED_WITHDRAWN_AND_NEW,4.0,4.0,12.0,0.0,20.0,6,0.2158273381294964
FAILED_WITHDRAWN_AND_NEW,4.0,4.0,14.0,0.0,22.0,6,0.2158273381294964
FAILED_WITHDRAWN_AND_NEW,6.0,2.0,5.0,0.0,13.0,6,0.2158273381294964
FAILED_WITHDRAWN_AND_NEW,7.0,3.0,7.0,0.0,17.0,6,0.2158273381294964
FAILED_WITHDRAWN_AND_NEW,2.0,1.0,14.0,0.0,17.0,5,0.17985611510791366
FAILED_WITHDRAWN_AND_NEW,2.0,2.0,4.0,0.0,8.0,5,0.17985611510791366
FAILED_WITHDRAWN_AND_NEW,2.0,5.0,6.0,0.0,13.0,5,0.17985611510791366
FAILED_WITHDRAWN_AND_NEW,2.0,6.0,5.0,0.0,13.0,5,0.17985611510791366
FAILED_WITHDRAWN_AND_NEW,2.0,6.0,9.0,0.0,17.0,5,0.17985611510791366
FAILED_WITHDRAWN_AND_NEW,3.0,1.0,14.0,0.0,18.0,5,0.17985611510791366
FAILED_WITHDRAWN_AND_NEW,3.0,7.0,8.0,0.0,18.0,5,0.17985611510791366
FAILED_WITHDRAWN_AND_NEW,4.0,2.0,2.0,0.0,8.0,5,0.17985611510791366
FAILED_WITHDRAWN_AND_NEW,4.0,2.0,10.0,0.0,16.0,5,0.17985611510791366
FAILED_WITHDRAWN_AND_NEW,4.0,4.0,11.0,0.0,19.0,5,0.17985611510791366
FAILED_WITHDRAWN_AND_NEW,4.0,4.0,15.0,0.0,23.0,5,0.17985611510791366
FAILED_WITHDRAWN_AND_NEW,5.0,2.0,9.0,0.0,16.0,5,0.17985611510791366
FAILED_WITHDRAWN_AND_NEW,5.0,4.0,8.0,0.0,17.0,5,0.17985611510791366
FAILED_WITHDRAWN_AND_NEW,5.0,6.0,7.0,0.0,18.0,5,0.17985611510791366
FAILED_WITHDRAWN_AND_NEW,6.0,2.0,4.0,0.0,12.0,5,0.17985611510791366
FAILED_WITHDRAWN_AND_NEW,6.0,2.0,8.0,0.0,16.0,5,0.17985611510791366
FAILED_WITHDRAWN_AND_NEW,6.0,6.0,3.0,0.0,15.0,5,0.17985611510791366
FAILED_WITHDRAWN_AND_NEW,6.0,6.0,6.0,0.0,18.0,5,0.17985611510791366
FAILED_WITHDRAWN_AND_NEW,7.0,3.0,2.0,0.0,12.0,5,0.17985611510791366
FAILED_WITHDRAWN_AND_NEW,7.0,4.0,7.0,0.0,18.0,5,0.17985611510791366
FAILED_WITHDRAWN_AND_NEW,1.0,1.0,12.0,0.0,14.0,4,0.14388489208633093
FAILED_WITHDRAWN_AND_NEW,1.0,1.0,14.0,0.0,16.0,4,0.14388489208633093
FAILED_WITHDRAWN_AND_NEW,1.0,2.0,13.0,0.0,16.0,4,0.14388489208633093
FAILED_WITHDRAWN_AND_NEW,2.0,3.0,3.0,0.0,8.0,4,0.14388489208633093
FAILED_WITHDRAWN_AND_NEW,2.0,4.0,11.0,0.0,17.0,4,0.14388489208633093
FAILED_WITHDRAWN_AND_NEW,2.0,4.0,15.0,0.0,21.0,4,0.14388489208633093
FAILED_WITHDRAWN_AND_NEW,2.0,5.0,9.0,0.0,16.0,4,0.14388489208633093
FAILED_WITHDRAWN_AND_NEW,2.0,5.0,10.0,0.0,17.0,4,0.14388489208633093
FAILED_WITHDRAWN_AND_NEW,2.0,5.0,11.0,0.0,18.0,4,0.14388489208633093
FAILED_WITHDRAWN_AND_NEW,3.0,2.0,1.0,0.0,6.0,4,0.14388489208633093
FAILED_WITHDRAWN_AND_NEW,3.0,3.0,13.0,0.0,19.0,4,0.14388489208633093
FAILED_WITHDRAWN_AND_NEW,3.0,5.0,5.0,0.0,13.0,4,0.14388489208633093
FAILED_WITHDRAWN_AND_NEW,3.0,6.0,4.0,0.0,13.0,4,0.14388489208633093
FAILED_WITHDRAWN_AND_NEW,3.0,7.0,2.0,0.0,12.0,4,0.14388489208633093
FAILED_WITHDRAWN_AND_NEW,3.0,7.0,6.0,0.0,16.0,4,0.14388489208633093
FAILED_WITHDRAWN_AND_NEW,4.0,3.0,2.0,0.0,9.0,4,0.14388489208633093
FAILED_WITHDRAWN_AND_NEW,4.0,4.0,6.0,0.0,14.0,4,0.14388489208633093
FAILED_WITHDRAWN_AND_NEW,5.0,2.0,6.0,0.0,13.0,4,0.14388489208633093
FAILED_WITHDRAWN_AND_NEW,5.0,2.0,10.0,0.0,17.0,4,0.14388489208633093
FAILED_WITHDRAWN_AND_NEW,5.0,2.0,11.0,0.0,18.0,4,0.14388489208633093
FAILED_WITHDRAWN_AND_NEW,5.0,3.0,8.0,0.0,16.0,4,0.14388489208633093
FAILED_WITHDRAWN_AND_NEW,5.0,6.0,5.0,0.0,16.0,4,0.14388489208633093
FAILED_WITHDRAWN_AND_NEW,6.0,2.0,6.0,0.0,14.0,4,0.14388489208633093
FAILED_WITHDRAWN_AND_NEW,6.0,4.0,7.0,0.0,17.0,4,0.14388489208633093
FAILED_WITHDRAWN_AND_NEW,6.0,4.0,8.0,0.0,18.0,4,0.14388489208633093
FAILED_WITHDRAWN_AND_NEW,7.0,2.0,3.0,0.0,12.0,4,0.14388489208633093
FAILED_WITHDRAWN_AND_NEW,7.0,3.0,5.0,0.0,15.0,4,0.14388489208633093
FAILED_WITHDRAWN_AND_NEW,7.0,3.0,6.0,0.0,16.0,4,0.14388489208633093
FAILED_WITHDRAWN_AND_NEW,7.0,4.0,4.0,0.0,15.0,4,0.14388489208633093
FAILED_WITHDRAWN_AND_NEW,8.0,2.0,3.0,0.0,13.0,4,0.14388489208633093
FAILED_WITHDRAWN_AND_NEW,8.0,3.0,2.0,0.0,13.0,4,0.14388489208633093
FAILED_WITHDRAWN_AND_NEW,8.0,4.0,3.0,0.0,15.0,4,0.14388489208633093
FAILED_WITHDRAWN_AND_NEW,9.0,2.0,6.0,0.0,17.0,4,0.14388489208633093
FAILED_WITHDRAWN_AND_NEW,9.0,3.0,5.0,0.0,17.0,4,0.14388489208633093
FAILED_WITHDRAWN_AND_NEW,10.0,2.0,3.0,0.0,15.0,4,0.14388489208633093
FAILED_WITHDRAWN_AND_NEW,0.0,3.0,14.0,0.0,17.0,3,0.1079136690647482
FAILED_WITHDRAWN_AND_NEW,0.0,3.0,15.0,0.0,18.0,3,0.1079136690647482
FAILED_WITHDRAWN_AND_NEW,1.0,2.0,4.0,0.0,7.0,3,0.1079136690647482
FAILED_WITHDRAWN_AND_NEW,1.0,2.0,14.0,0.0,17.0,3,0.1079136690647482
FAILED_WITHDRAWN_AND_NEW,1.0,3.0,12.0,0.0,16.0,3,0.1079136690647482
FAILED_WITHDRAWN_AND_NEW,2.0,1.0,13.0,0.0,16.0,3,0.1079136690647482
FAILED_WITHDRAWN_AND_NEW,2.0,1.0,15.0,0.0,18.0,3,0.1079136690647482
FAILED_WITHDRAWN_AND_NEW,2.0,2.0,6.0,0.0,10.0,3,0.1079136690647482
FAILED_WITHDRAWN_AND_NEW,2.0,4.0,6.0,0.0,12.0,3,0.1079136690647482
FAILED_WITHDRAWN_AND_NEW,2.0,4.0,14.0,0.0,20.0,3,0.1079136690647482
FAILED_WITHDRAWN_AND_NEW,2.0,5.0,7.0,0.0,14.0,3,0.1079136690647482
FAILED_WITHDRAWN_AND_NEW,3.0,1.0,3.0,0.0,7.0,3,0.1079136690647482
FAILED_WITHDRAWN_AND_NEW,3.0,2.0,15.0,0.0,20.0,3,0.1079136690647482
FAILED_WITHDRAWN_AND_NEW,3.0,2.0,16.0,0.0,21.0,3,0.1079136690647482
FAILED_WITHDRAWN_AND_NEW,3.0,4.0,2.0,0.0,9.0,3,0.1079136690647482
FAILED_WITHDRAWN_AND_NEW,3.0,5.0,8.0,0.0,16.0,3,0.1079136690647482
FAILED_WITHDRAWN_AND_NEW,3.0,7.0,5.0,0.0,15.0,3,0.1079136690647482
FAILED_WITHDRAWN_AND_NEW,3.0,8.0,3.0,0.0,14.0,3,0.1079136690647482
FAILED_WITHDRAWN_AND_NEW,3.0,8.0,5.0,0.0,16.0,3,0.1079136690647482
FAILED_WITHDRAWN_AND_NEW,3.0,9.0,6.0,0.0,18.0,3,0.1079136690647482
FAILED_WITHDRAWN_AND_NEW,4.0,1.0,11.0,0.0,16.0,3,0.1079136690647482
FAILED_WITHDRAWN_AND_NEW,4.0,1.0,13.0,0.0,18.0,3,0.1079136690647482
FAILED_WITHDRAWN_AND_NEW,4.0,2.0,6.0,0.0,12.0,3,0.1079136690647482
FAILED_WITHDRAWN_AND_NEW,4.0,2.0,17.0,0.0,23.0,3,0.1079136690647482
FAILED_WITHDRAWN_AND_NEW,4.0,4.0,16.0,0.0,24.0,3,0.1079136690647482
FAILED_WITHDRAWN_AND_NEW,4.0,5.0,6.0,0.0,15.0,3,0.1079136690647482
FAILED_WITHDRAWN_AND_NEW,4.0,5.0,8.0,0.0,17.0,3,0.1079136690647482
FAILED_WITHDRAWN_AND_NEW,4.0,5.0,9.0,0.0,18.0,3,0.1079136690647482
FAILED_WITHDRAWN_AND_NEW,4.0,6.0,7.0,0.0,17.0,3,0.1079136690647482
FAILED_WITHDRAWN_AND_NEW,4.0,7.0,3.0,0.0,14.0,3,0.1079136690647482
FAILED_WITHDRAWN_AND_NEW,4.0,7.0,6.0,0.0,17.0,3,0.1079136690647482
FAILED_WITHDRAWN_AND_NEW,4.0,8.0,11.0,0.0,23.0,3,0.1079136690647482
FAILED_WITHDRAWN_AND_NEW,5.0,2.0,5.0,0.0,12.0,3,0.1079136690647482
FAILED_WITHDRAWN_AND_NEW,5.0,2.0,7.0,0.0,14.0,3,0.1079136690647482
FAILED_WITHDRAWN_AND_NEW,5.0,2.0,12.0,0.0,19.0,3,0.1079136690647482
FAILED_WITHDRAWN_AND_NEW,5.0,3.0,4.0,0.0,12.0,3,0.1079136690647482
FAILED_WITHDRAWN_AND_NEW,5.0,6.0,3.0,0.0,14.0,3,0.1079136690647482
FAILED_WITHDRAWN_AND_NEW,5.0,6.0,13.0,0.0,24.0,3,0.1079136690647482
FAILED_WITHDRAWN_AND_NEW,6.0,2.0,7.0,0.0,15.0,3,0.1079136690647482
FAILED_WITHDRAWN_AND_NEW,6.0,3.0,4.0,0.0,13.0,3,0.1079136690647482
FAILED_WITHDRAWN_AND_NEW,6.0,4.0,3.0,0.0,13.0,3,0.1079136690647482
FAILED_WITHDRAWN_AND_NEW,6.0,5.0,7.0,0.0,18.0,3,0.1079136690647482
FAILED_WITHDRAWN_AND_NEW,7.0,2.0,7.0,0.0,16.0,3,0.1079136690647482
FAILED_WITHDRAWN_AND_NEW,8.0,2.0,2.0,0.0,12.0,3,0.1079136690647482
FAILED_WITHDRAWN_AND_NEW,8.0,2.0,6.0,0.0,16.0,3,0.1079136690647482
FAILED_WITHDRAWN_AND_NEW,8.0,4.0,5.0,0.0,17.0,3,0.1079136690647482
FAILED_WITHDRAWN_AND_NEW,8.0,4.0,7.0,0.0,19.0,3,0.1079136690647482
FAILED_WITHDRAWN_AND_NEW,8.0,4.0,9.0,0.0,21.0,3,0.1079136690647482
FAILED_WITHDRAWN_AND_NEW,9.0,2.0,2.0,0.0,13.0,3,0.1079136690647482
FAILED_WITHDRAWN_AND_NEW,1.0,1.0,16.0,0.0,18.0,2,0.07194244604316546
FAILED_WITHDRAWN_AND_NEW,1.0,2.0,2.0,0.0,5.0,2,0.07194244604316546
FAILED_WITHDRAWN_AND_NEW,1.0,2.0,5.0,0.0,8.0,2,0.07194244604316546
FAILED_WITHDRAWN_AND_NEW,1.0,2.0,9.0,0.0,12.0,2,0.07194244604316546
FAILED_WITHDRAWN_AND_NEW,1.0,3.0,1.0,0.0,5.0,2,0.07194244604316546
FAILED_WITHDRAWN_AND_NEW,1.0,3.0,10.0,0.0,14.0,2,0.07194244604316546
FAILED_WITHDRAWN_AND_NEW,1.0,5.0,9.0,0.0,15.0,2,0.07194244604316546
FAILED_WITHDRAWN_AND_NEW,1.0,5.0,11.0,0.0,17.0,2,0.07194244604316546
FAILED_WITHDRAWN_AND_NEW,1.0,6.0,11.0,0.0,18.0,2,0.07194244604316546
FAILED_WITHDRAWN_AND_NEW,1.0,9.0,8.0,0.0,18.0,2,0.07194244604316546
FAILED_WITHDRAWN_AND_NEW,2.0,1.0,1.0,0.0,4.0,2,0.07194244604316546
FAILED_WITHDRAWN_AND_NEW,2.0,3.0,4.0,0.0,9.0,2,0.07194244604316546
FAILED_WITHDRAWN_AND_NEW,2.0,3.0,15.0,0.0,20.0,2,0.07194244604316546
FAILED_WITHDRAWN_AND_NEW,2.0,4.0,8.0,0.0,14.0,2,0.07194244604316546
FAILED_WITHDRAWN_AND_NEW,2.0,4.0,10.0,0.0,16.0,2,0.07194244604316546
FAILED_WITHDRAWN_AND_NEW,2.0,4.0,13.0,0.0,19.0,2,0.07194244604316546
FAILED_WITHDRAWN_AND_NEW,2.0,5.0,8.0,0.0,15.0,2,0.07194244604316546
FAILED_WITHDRAWN_AND_NEW,2.0,6.0,8.0,0.0,16.0,2,0.07194244604316546
FAILED_WITHDRAWN_AND_NEW,2.0,7.0,3.0,0.0,12.0,2,0.07194244604316546
FAILED_WITHDRAWN_AND_NEW,2.0,7.0,8.0,0.0,17.0,2,0.07194244604316546
FAILED_WITHDRAWN_AND_NEW,2.0,7.0,9.0,0.0,18.0,2,0.07194244604316546
FAILED_WITHDRAWN_AND_NEW,2.0,8.0,4.0,0.0,14.0,2,0.07194244604316546
FAILED_WITHDRAWN_AND_NEW,2.0,8.0,6.0,0.0,16.0,2,0.07194244604316546
FAILED_WITHDRAWN_AND_NEW,2.0,9.0,10.0,0.0,21.0,2,0.07194244604316546
FAILED_WITHDRAWN_AND_NEW,3.0,1.0,8.0,0.0,12.0,2,0.07194244604316546
FAILED_WITHDRAWN_AND_NEW,3.0,1.0,11.0,0.0,15.0,2,0.07194244604316546
FAILED_WITHDRAWN_AND_NEW,3.0,3.0,4.0,0.0,10.0,2,0.07194244604316546
FAILED_WITHDRAWN_AND_NEW,3.0,6.0,15.5,0.0,24.5,2,0.07194244604316546
FAILED_WITHDRAWN_AND_NEW,3.0,7.0,3.0,0.0,13.0,2,0.07194244604316546
FAILED_WITHDRAWN_AND_NEW,3.0,8.0,6.0,0.0,17.0,2,0.07194244604316546
FAILED_WITHDRAWN_AND_NEW,3.0,9.0,4.0,0.0,16.0,2,0.07194244604316546
FAILED_WITHDRAWN_AND_NEW,3.0,9.0,5.0,0.0,17.0,2,0.07194244604316546
FAILED_WITHDRAWN_AND_NEW,3.0,10.0,3.0,0.0,16.0,2,0.07194244604316546
FAILED_WITHDRAWN_AND_NEW,4.0,1.0,10.0,0.0,15.0,2,0.07194244604316546
FAILED_WITHDRAWN_AND_NEW,4.0,2.0,1.0,0.0,7.0,2,0.07194244604316546
FAILED_WITHDRAWN_AND_NEW,4.0,2.0,7.0,0.0,13.0,2,0.07194244604316546
FAILED_WITHDRAWN_AND_NEW,4.0,3.0,14.0,0.0,21.0,2,0.07194244604316546
FAILED_WITHDRAWN_AND_NEW,4.0,3.0,17.0,0.0,24.0,2,0.07194244604316546
FAILED_WITHDRAWN_AND_NEW,4.0,4.0,13.0,0.0,21.0,2,0.07194244604316546
FAILED_WITHDRAWN_AND_NEW,4.0,5.0,3.0,0.0,12.0,2,0.07194244604316546
FAILED_WITHDRAWN_AND_NEW,4.0,5.0,15.0,0.0,24.0,2,0.07194244604316546
FAILED_WITHDRAWN_AND_NEW,4.0,6.0,5.0,0.0,15.0,2,0.07194244604316546
FAILED_WITHDRAWN_AND_NEW,4.0,6.0,6.0,0.0,16.0,2,0.07194244604316546
FAILED_WITHDRAWN_AND_NEW,4.0,7.0,2.0,0.0,13.0,2,0.07194244604316546
FAILED_WITHDRAWN_AND_NEW,4.0,7.0,7.0,0.0,18.0,2,0.07194244604316546
FAILED_WITHDRAWN_AND_NEW,4.0,7.0,12.0,0.0,23.0,2,0.07194244604316546
FAILED_WITHDRAWN_AND_NEW,4.0,8.0,5.0,0.0,17.0,2,0.07194244604316546
FAILED_WITHDRAWN_AND_NEW,4.0,8.0,6.0,0.0,18.0,2,0.07194244604316546
FAILED_WITHDRAWN_AND_NEW,4.0,9.0,8.0,0.0,21.0,2,0.07194244604316546
FAILED_WITHDRAWN_AND_NEW,4.5,2.0,18.0,0.0,24.5,2,0.07194244604316546
FAILED_WITHDRAWN_AND_NEW,4.5,6.0,10.0,0.0,20.5,2,0.07194244604316546
FAILED_WITHDRAWN_AND_NEW,4.5,6.0,13.0,0.0,23.5,2,0.07194244604316546
FAILED_WITHDRAWN_AND_NEW,4.5,6.0,13.5,0.0,24.0,2,0.07194244604316546
FAILED_WITHDRAWN_AND_NEW,5.0,1.0,7.0,0.0,13.0,2,0.07194244604316546
FAILED_WITHDRAWN_AND_NEW,5.0,2.0,2.0,0.0,9.0,2,0.07194244604316546
FAILED_WITHDRAWN_AND_NEW,5.0,2.0,14.0,0.0,21.0,2,0.07194244604316546
FAILED_WITHDRAWN_AND_NEW,5.0,2.0,16.5,0.0,23.5,2,0.07194244604316546
FAILED_WITHDRAWN_AND_NEW,5.0,3.0,5.0,0.0,13.0,2,0.07194244604316546
FAILED_WITHDRAWN_AND_NEW,5.0,3.0,7.0,0.0,15.0,2,0.07194244604316546
FAILED_WITHDRAWN_AND_NEW,5.0,4.0,3.0,0.0,12.0,2,0.07194244604316546
FAILED_WITHDRAWN_AND_NEW,5.0,4.0,4.0,0.0,13.0,2,0.07194244604316546
FAILED_WITHDRAWN_AND_NEW,5.0,4.0,6.0,0.0,15.0,2,0.07194244604316546
FAILED_WITHDRAWN_AND_NEW,5.0,4.0,12.0,0.0,21.0,2,0.07194244604316546
FAILED_WITHDRAWN_AND_NEW,5.0,5.0,6.0,0.0,16.0,2,0.07194244604316546
FAILED_WITHDRAWN_AND_NEW,5.0,5.0,7.0,0.0,17.0,2,0.07194244604316546
FAILED_WITHDRAWN_AND_NEW,5.0,5.0,8.0,0.0,18.0,2,0.07194244604316546
FAILED_WITHDRAWN_AND_NEW,5.0,7.0,6.0,0.0,18.0,2,0.07194244604316546
FAILED_WITHDRAWN_AND_NEW,6.0,3.0,15.0,0.0,24.0,2,0.07194244604316546
FAILED_WITHDRAWN_AND_NEW,6.0,4.0,11.0,0.0,21.0,2,0.07194244604316546
FAILED_WITHDRAWN_AND_NEW,6.0,4.0,13.0,0.0,23.0,2,0.07194244604316546
FAILED_WITHDRAWN_AND_NEW,6.0,4.0,14.0,0.0,24.0,2,0.07194244604316546
FAILED_WITHDRAWN_AND_NEW,6.0,4.5,14.5,0.0,25.0,2,0.07194244604316546
FAILED_WITHDRAWN_AND_NEW,6.0,5.0,2.0,0.0,13.0,2,0.07194244604316546
FAILED_WITHDRAWN_AND_NEW,6.0,5.0,4.0,0.0,15.0,2,0.07194244604316546
FAILED_WITHDRAWN_AND_NEW,6.0,5.0,14.0,0.0,25.0,2,0.07194244604316546
FAILED_WITHDRAWN_AND_NEW,6.0,7.0,2.0,0.0,15.0,2,0.07194244604316546
FAILED_WITHDRAWN_AND_NEW,6.0,9.0,3.0,0.0,18.0,2,0.07194244604316546
FAILED_WITHDRAWN_AND_NEW,7.0,2.0,4.0,0.0,13.0,2,0.07194244604316546
FAILED_WITHDRAWN_AND_NEW,7.0,2.0,8.0,0.0,17.0,2,0.07194244604316546
FAILED_WITHDRAWN_AND_NEW,7.0,3.0,4.0,0.0,14.0,2,0.07194244604316546
FAILED_WITHDRAWN_AND_NEW,7.0,4.0,2.0,0.0,13.0,2,0.07194244604316546
FAILED_WITHDRAWN_AND_NEW,7.0,5.0,5.0,0.0,17.0,2,0.07194244604316546
FAILED_WITHDRAWN_AND_NEW,7.0,5.0,6.0,0.0,18.0,2,0.07194244604316546
FAILED_WITHDRAWN_AND_NEW,8.0,1.0,9.0,0.0,18.0,2,0.07194244604316546
FAILED_WITHDRAWN_AND_NEW,8.0,2.0,7.0,0.0,17.0,2,0.07194244604316546
FAILED_WITHDRAWN_AND_NEW,8.0,2.0,8.0,0.0,18.0,2,0.07194244604316546
FAILED_WITHDRAWN_AND_NEW,8.0,3.0,5.0,0.0,16.0,2,0.07194244604316546
FAILED_WITHDRAWN_AND_NEW,8.0,4.0,0.0,0.0,12.0,2,0.07194244604316546
FAILED_WITHDRAWN_AND_NEW,8.0,4.0,4.0,0.0,16.0,2,0.07194244604316546
FAILED_WITHDRAWN_AND_NEW,9.0,2.0,1.0,0.0,12.0,2,0.07194244604316546
FAILED_WITHDRAWN_AND_NEW,9.0,2.0,3.0,0.0,14.0,2,0.07194244604316546
FAILED_WITHDRAWN_AND_NEW,9.0,3.0,2.0,0.0,14.0,2,0.07194244604316546
FAILED_WITHDRAWN_AND_NEW,9.0,4.0,4.0,0.0,17.0,2,0.07194244604316546
FAILED_WITHDRAWN_AND_NEW,9.0,6.0,3.0,0.0,18.0,2,0.07194244604316546
FAILED_WITHDRAWN_AND_NEW,9.0,6.0,9.5,0.0,24.5,2,0.07194244604316546
FAILED_WITHDRAWN_AND_NEW,10.0,3.0,3.0,0.0,16.0,2,0.07194244604316546
FAILED_WITHDRAWN_AND_NEW,10.0,3.0,4.0,0.0,17.0,2,0.07194244604316546
FAILED_WITHDRAWN_AND_NEW,10.5,3.0,4.5,0.0,18.0,2,0.07194244604316546
FAILED_WITHDRAWN_AND_NEW,11.0,2.0,5.0,0.0,18.0,2,0.07194244604316546
FAILED_WITHDRAWN_AND_NEW,12.0,3.0,3.0,0.0,18.0,2,0.07194244604316546
FAILED_WITHDRAWN_AND_NEW,12.0,3.0,7.5,0.0,22.5,2,0.07194244604316546
FAILED_WITHDRAWN_AND_NEW,0.0,2.0,10.0,0.0,12.0,1,0.03597122302158273
FAILED_WITHDRAWN_AND_NEW,0.0,2.0,12.0,0.0,14.0,1,0.03597122302158273
FAILED_WITHDRAWN_AND_NEW,0.0,2.0,17.0,0.0,19.0,1,0.03597122302158273
FAILED_WITHDRAWN_AND_NEW,0.0,3.0,2.0,0.0,5.0,1,0.03597122302158273
FAILED_WITHDRAWN_AND_NEW,0.0,3.0,5.0,0.0,8.0,1,0.03597122302158273
FAILED_WITHDRAWN_AND_NEW,0.0,3.0,11.0,0.0,14.0,1,0.03597122302158273
FAILED_WITHDRAWN_AND_NEW,0.0,3.0,13.0,0.0,16.0,1,0.03597122302158273
FAILED_WITHDRAWN_AND_NEW,0.0,4.0,14.0,0.0,18.0,1,0.03597122302158273
FAILED_WITHDRAWN_AND_NEW,0.0,6.0,9.0,0.0,15.0,1,0.03597122302158273
FAILED_WITHDRAWN_AND_NEW,0.0,6.0,12.0,0.0,18.0,1,0.03597122302158273
FAILED_WITHDRAWN_AND_NEW,0.0,7.0,6.0,0.0,13.0,1,0.03597122302158273
FAILED_WITHDRAWN_AND_NEW,0.0,9.0,3.0,0.0,12.0,1,0.03597122302158273
FAILED_WITHDRAWN_AND_NEW,1.0,1.0,4.0,0.0,6.0,1,0.03597122302158273
FAILED_WITHDRAWN_AND_NEW,1.0,1.0,6.0,0.0,8.0,1,0.03597122302158273
FAILED_WITHDRAWN_AND_NEW,1.0,1.0,7.0,0.0,9.0,1,0.03597122302158273
FAILED_WITHDRAWN_AND_NEW,1.0,1.0,10.0,0.0,12.0,1,0.03597122302158273
FAILED_WITHDRAWN_AND_NEW,1.0,1.0,11.0,0.0,13.0,1,0.03597122302158273
FAILED_WITHDRAWN_AND_NEW,1.0,1.0,15.0,0.0,17.0,1,0.03597122302158273
FAILED_WITHDRAWN_AND_NEW,1.0,2.0,1.0,0.0,4.0,1,0.03597122302158273
FAILED_WITHDRAWN_AND_NEW,1.0,2.0,3.0,0.0,6.0,1,0.03597122302158273
FAILED_WITHDRAWN_AND_NEW,1.0,2.0,6.0,0.0,9.0,1,0.03597122302158273
FAILED_WITHDRAWN_AND_NEW,1.0,2.0,8.0,0.0,11.0,1,0.03597122302158273
FAILED_WITHDRAWN_AND_NEW,1.0,2.0,10.0,0.0,13.0,1,0.03597122302158273
FAILED_WITHDRAWN_AND_NEW,1.0,2.0,12.0,0.0,15.0,1,0.03597122302158273
FAILED_WITHDRAWN_AND_NEW,1.0,3.0,2.0,0.0,6.0,1,0.03597122302158273
FAILED_WITHDRAWN_AND_NEW,1.0,3.0,3.0,0.0,7.0,1,0.03597122302158273
FAILED_WITHDRAWN_AND_NEW,1.0,3.0,6.0,0.0,10.0,1,0.03597122302158273
FAILED_WITHDRAWN_AND_NEW,1.0,3.0,8.0,0.0,12.0,1,0.03597122302158273
FAILED_WITHDRAWN_AND_NEW,1.0,3.0,9.0,0.0,13.0,1,0.03597122302158273
FAILED_WITHDRAWN_AND_NEW,1.0,4.0,1.0,0.0,6.0,1,0.03597122302158273
FAILED_WITHDRAWN_AND_NEW,1.0,4.0,2.0,0.0,7.0,1,0.03597122302158273
FAILED_WITHDRAWN_AND_NEW,1.0,4.0,8.0,0.0,13.0,1,0.03597122302158273
FAILED_WITHDRAWN_AND_NEW,1.0,4.0,11.0,0.0,16.0,1,0.03597122302158273
FAILED_WITHDRAWN_AND_NEW,1.0,4.0,12.0,0.0,17.0,1,0.03597122302158273
FAILED_WITHDRAWN_AND_NEW,1.0,4.0,13.0,0.0,18.0,1,0.03597122302158273
FAILED_WITHDRAWN_AND_NEW,1.0,5.0,1.0,0.0,7.0,1,0.03597122302158273
FAILED_WITHDRAWN_AND_NEW,1.0,5.0,6.0,0.0,12.0,1,0.03597122302158273
FAILED_WITHDRAWN_AND_NEW,1.0,5.0,10.0,0.0,16.0,1,0.03597122302158273
FAILED_WITHDRAWN_AND_NEW,1.0,6.0,6.0,0.0,13.0,1,0.03597122302158273
FAILED_WITHDRAWN_AND_NEW,1.0,6.0,8.0,0.0,15.0,1,0.03597122302158273
FAILED_WITHDRAWN_AND_NEW,1.0,6.0,9.0,0.0,16.0,1,0.03597122302158273
FAILED_WITHDRAWN_AND_NEW,1.0,7.0,6.0,0.0,14.0,1,0.03597122302158273
FAILED_WITHDRAWN_AND_NEW,1.0,7.0,7.0,0.0,15.0,1,0.03597122302158273
FAILED_WITHDRAWN_AND_NEW,1.0,7.0,8.0,0.0,16.0,1,0.03597122302158273
FAILED_WITHDRAWN_AND_NEW,1.0,9.0,2.0,0.0,12.0,1,0.03597122302158273
FAILED_WITHDRAWN_AND_NEW,1.0,9.0,6.0,0.0,16.0,1,0.03597122302158273
FAILED_WITHDRAWN_AND_NEW,1.0,10.0,9.0,0.0,20.0,1,0.03597122302158273
FAILED_WITHDRAWN_AND_NEW,1.0,11.0,2.0,0.0,14.0,1,0.03597122302158273
FAILED_WITHDRAWN_AND_NEW,1.0,12.0,2.0,0.0,15.0,1,0.03597122302158273
FAILED_WITHDRAWN_AND_NEW,2.0,1.0,2.0,0.0,5.0,1,0.03597122302158273
FAILED_WITHDRAWN_AND_NEW,2.0,1.0,3.0,0.0,6.0,1,0.03597122302158273
FAILED_WITHDRAWN_AND_NEW,2.0,1.0,4.0,0.0,7.0,1,0.03597122302158273
FAILED_WITHDRAWN_AND_NEW,2.0,1.0,5.0,0.0,8.0,1,0.03597122302158273
FAILED_WITHDRAWN_AND_NEW,2.0,1.0,7.0,0.0,10.0,1,0.03597122302158273
FAILED_WITHDRAWN_AND_NEW,2.0,1.0,9.0,0.0,12.0,1,0.03597122302158273
FAILED_WITHDRAWN_AND_NEW,2.0,1.0,11.0,0.0,14.0,1,0.03597122302158273
FAILED_WITHDRAWN_AND_NEW,2.0,1.0,12.0,0.0,15.0,1,0.03597122302158273
FAILED_WITHDRAWN_AND_NEW,2.0,1.0,16.0,0.0,19.0,1,0.03597122302158273
FAILED_WITHDRAWN_AND_NEW,2.0,1.0,17.0,0.0,20.0,1,0.03597122302158273
FAILED_WITHDRAWN_AND_NEW,2.0,1.0,18.0,0.0,21.0,1,0.03597122302158273
FAILED_WITHDRAWN_AND_NEW,2.0,2.0,1.0,0.0,5.0,1,0.03597122302158273
FAILED_WITHDRAWN_AND_NEW,2.0,2.0,5.0,0.0,9.0,1,0.03597122302158273
FAILED_WITHDRAWN_AND_NEW,2.0,2.0,10.5,0.0,14.5,1,0.03597122302158273
FAILED_WITHDRAWN_AND_NEW,2.0,2.0,15.0,0.0,19.0,1,0.03597122302158273
FAILED_WITHDRAWN_AND_NEW,2.0,2.0,17.0,0.0,21.0,1,0.03597122302158273
FAILED_WITHDRAWN_AND_NEW,2.0,2.0,21.0,0.0,25.0,1,0.03597122302158273
FAILED_WITHDRAWN_AND_NEW,2.0,3.0,1.0,0.0,6.0,1,0.03597122302158273
FAILED_WITHDRAWN_AND_NEW,2.0,3.0,6.0,0.0,11.0,1,0.03597122302158273
FAILED_WITHDRAWN_AND_NEW,2.0,3.0,14.0,0.0,19.0,1,0.03597122302158273
FAILED_WITHDRAWN_AND_NEW,2.0,3.0,14.5,0.0,19.5,1,0.03597122302158273
FAILED_WITHDRAWN_AND_NEW,2.0,3.0,16.0,0.0,21.0,1,0.03597122302158273
FAILED_WITHDRAWN_AND_NEW,2.0,4.0,1.0,0.0,7.0,1,0.03597122302158273
FAILED_WITHDRAWN_AND_NEW,2.0,4.0,2.0,0.0,8.0,1,0.03597122302158273
FAILED_WITHDRAWN_AND_NEW,2.0,4.0,16.0,0.0,22.0,1,0.03597122302158273
FAILED_WITHDRAWN_AND_NEW,2.0,4.0,18.0,0.0,24.0,1,0.03597122302158273
FAILED_WITHDRAWN_AND_NEW,2.0,4.0,18.5,0.0,24.5,1,0.03597122302158273
FAILED_WITHDRAWN_AND_NEW,2.0,4.0,19.0,0.0,25.0,1,0.03597122302158273
FAILED_WITHDRAWN_AND_NEW,2.0,4.5,18.5,0.0,25.0,1,0.03597122302158273
FAILED_WITHDRAWN_AND_NEW,2.0,5.0,2.0,0.0,9.0,1,0.03597122302158273
FAILED_WITHDRAWN_AND_NEW,2.0,5.0,13.0,0.0,20.0,1,0.03597122302158273
FAILED_WITHDRAWN_AND_NEW,2.0,5.0,13.5,0.0,20.5,1,0.03597122302158273
FAILED_WITHDRAWN_AND_NEW,2.0,5.0,14.5,0.0,21.5,1,0.03597122302158273
FAILED_WITHDRAWN_AND_NEW,2.0,5.0,18.0,0.0,25.0,1,0.03597122302158273
FAILED_WITHDRAWN_AND_NEW,2.0,6.0,4.0,0.0,12.0,1,0.03597122302158273
FAILED_WITHDRAWN_AND_NEW,2.0,6.0,6.0,0.0,14.0,1,0.03597122302158273
FAILED_WITHDRAWN_AND_NEW,2.0,6.0,7.0,0.0,15.0,1,0.03597122302158273
FAILED_WITHDRAWN_AND_NEW,2.0,6.0,13.0,0.0,21.0,1,0.03597122302158273
FAILED_WITHDRAWN_AND_NEW,2.0,6.0,16.0,0.0,24.0,1,0.03597122302158273
FAILED_WITHDRAWN_AND_NEW,2.0,6.0,16.5,0.0,24.5,1,0.03597122302158273
FAILED_WITHDRAWN_AND_NEW,2.0,6.0,17.0,0.0,25.0,1,0.03597122302158273
FAILED_WITHDRAWN_AND_NEW,2.0,7.0,2.0,0.0,11.0,1,0.03597122302158273
FAILED_WITHDRAWN_AND_NEW,2.0,7.0,4.0,0.0,13.0,1,0.03597122302158273
FAILED_WITHDRAWN_AND_NEW,2.0,7.0,5.0,0.0,14.0,1,0.03597122302158273
FAILED_WITHDRAWN_AND_NEW,2.0,7.0,7.0,0.0,16.0,1,0.03597122302158273
FAILED_WITHDRAWN_AND_NEW,2.0,7.0,15.0,0.0,24.0,1,0.03597122302158273
FAILED_WITHDRAWN_AND_NEW,2.0,8.0,8.0,0.0,18.0,1,0.03597122302158273
FAILED_WITHDRAWN_AND_NEW,2.0,8.0,11.0,0.0,21.0,1,0.03597122302158273
FAILED_WITHDRAWN_AND_NEW,2.0,9.0,2.0,0.0,13.0,1,0.03597122302158273
FAILED_WITHDRAWN_AND_NEW,2.0,9.0,5.0,0.0,16.0,1,0.03597122302158273
FAILED_WITHDRAWN_AND_NEW,2.0,9.0,6.0,0.0,17.0,1,0.03597122302158273
FAILED_WITHDRAWN_AND_NEW,2.0,9.0,7.0,0.0,18.0,1,0.03597122302158273
FAILED_WITHDRAWN_AND_NEW,2.0,9.0,9.0,0.0,20.0,1,0.03597122302158273
FAILED_WITHDRAWN_AND_NEW,2.0,10.0,4.0,0.0,16.0,1,0.03597122302158273
FAILED_WITHDRAWN_AND_NEW,2.0,11.0,2.0,0.0,15.0,1,0.03597122302158273
FAILED_WITHDRAWN_AND_NEW,2.0,11.0,4.0,0.0,17.0,1,0.03597122302158273
FAILED_WITHDRAWN_AND_NEW,2.0,12.0,3.0,0.0,17.0,1,0.03597122302158273
FAILED_WITHDRAWN_AND_NEW,2.0,13.0,2.0,0.0,17.0,1,0.03597122302158273
FAILED_WITHDRAWN_AND_NEW,2.0,14.0,1.0,0.0,17.0,1,0.03597122302158273
FAILED_WITHDRAWN_AND_NEW,3.0,0.0,14.0,0.0,17.0,1,0.03597122302158273
FAILED_WITHDRAWN_AND_NEW,3.0,0.0,15.0,0.0,18.0,1,0.03597122302158273
FAILED_WITHDRAWN_AND_NEW,3.0,1.0,2.0,0.0,6.0,1,0.03597122302158273
FAILED_WITHDRAWN_AND_NEW,3.0,1.0,4.0,0.0,8.0,1,0.03597122302158273
FAILED_WITHDRAWN_AND_NEW,3.0,1.0,5.0,0.0,9.0,1,0.03597122302158273
FAILED_WITHDRAWN_AND_NEW,3.0,1.0,6.0,0.0,10.0,1,0.03597122302158273
FAILED_WITHDRAWN_AND_NEW,3.0,1.0,10.0,0.0,14.0,1,0.03597122302158273
FAILED_WITHDRAWN_AND_NEW,3.0,1.0,12.0,0.0,16.0,1,0.03597122302158273
FAILED_WITHDRAWN_AND_NEW,3.0,1.0,16.0,0.0,20.0,1,0.03597122302158273
FAILED_WITHDRAWN_AND_NEW,3.0,2.0,5.0,0.0,10.0,1,0.03597122302158273
FAILED_WITHDRAWN_AND_NEW,3.0,2.0,6.0,0.0,11.0,1,0.03597122302158273
FAILED_WITHDRAWN_AND_NEW,3.0,2.0,13.5,0.0,18.5,1,0.03597122302158273
FAILED_WITHDRAWN_AND_NEW,3.0,2.0,14.0,0.0,19.0,1,0.03597122302158273
FAILED_WITHDRAWN_AND_NEW,3.0,2.0,17.5,0.0,22.5,1,0.03597122302158273
FAILED_WITHDRAWN_AND_NEW,3.0,2.0,18.5,0.0,23.5,1,0.03597122302158273
FAILED_WITHDRAWN_AND_NEW,3.0,2.0,19.0,0.0,24.0,1,0.03597122302158273
FAILED_WITHDRAWN_AND_NEW,3.0,3.0,1.0,0.0,7.0,1,0.03597122302158273
FAILED_WITHDRAWN_AND_NEW,3.0,3.0,5.0,0.0,11.0,1,0.03597122302158273
FAILED_WITHDRAWN_AND_NEW,3.0,3.0,14.0,0.0,20.0,1,0.03597122302158273
FAILED_WITHDRAWN_AND_NEW,3.0,3.0,16.0,0.0,22.0,1,0.03597122302158273
FAILED_WITHDRAWN_AND_NEW,3.0,4.0,3.0,0.0,10.0,1,0.03597122302158273
FAILED_WITHDRAWN_AND_NEW,3.0,4.0,4.0,0.0,11.0,1,0.03597122302158273
FAILED_WITHDRAWN_AND_NEW,3.0,4.0,5.0,0.0,12.0,1,0.03597122302158273
FAILED_WITHDRAWN_AND_NEW,3.0,4.0,12.0,0.0,19.0,1,0.03597122302158273
FAILED_WITHDRAWN_AND_NEW,3.0,4.0,13.0,0.0,20.0,1,0.03597122302158273
FAILED_WITHDRAWN_AND_NEW,3.0,4.5,15.5,0.0,23.0,1,0.03597122302158273
FAILED_WITHDRAWN_AND_NEW,3.0,4.5,16.5,0.0,24.0,1,0.03597122302158273
FAILED_WITHDRAWN_AND_NEW,3.0,5.0,3.0,0.0,11.0,1,0.03597122302158273
FAILED_WITHDRAWN_AND_NEW,3.0,5.0,4.0,0.0,12.0,1,0.03597122302158273
FAILED_WITHDRAWN_AND_NEW,3.0,5.0,7.0,0.0,15.0,1,0.03597122302158273
FAILED_WITHDRAWN_AND_NEW,3.0,5.0,12.0,0.0,20.0,1,0.03597122302158273
FAILED_WITHDRAWN_AND_NEW,3.0,5.0,13.5,0.0,21.5,1,0.03597122302158273
FAILED_WITHDRAWN_AND_NEW,3.0,5.0,14.5,0.0,22.5,1,0.03597122302158273
FAILED_WITHDRAWN_AND_NEW,3.0,6.0,4.5,0.0,13.5,1,0.03597122302158273
FAILED_WITHDRAWN_AND_NEW,3.0,6.0,9.5,0.0,18.5,1,0.03597122302158273
FAILED_WITHDRAWN_AND_NEW,3.0,6.0,13.0,0.0,22.0,1,0.03597122302158273
FAILED_WITHDRAWN_AND_NEW,3.0,6.0,13.5,0.0,22.5,1,0.03597122302158273
FAILED_WITHDRAWN_AND_NEW,3.0,7.0,7.0,0.0,17.0,1,0.03597122302158273
FAILED_WITHDRAWN_AND_NEW,3.0,8.0,4.0,0.0,15.0,1,0.03597122302158273
FAILED_WITHDRAWN_AND_NEW,3.0,8.0,7.0,0.0,18.0,1,0.03597122302158273
FAILED_WITHDRAWN_AND_NEW,3.0,8.0,14.0,0.0,25.0,1,0.03597122302158273
FAILED_WITHDRAWN_AND_NEW,3.0,9.0,2.0,0.0,14.0,1,0.03597122302158273
FAILED_WITHDRAWN_AND_NEW,3.0,10.0,2.0,0.0,15.0,1,0.03597122302158273
FAILED_WITHDRAWN_AND_NEW,3.0,10.0,4.0,0.0,17.0,1,0.03597122302158273
FAILED_WITHDRAWN_AND_NEW,3.0,10.0,5.0,0.0,18.0,1,0.03597122302158273
FAILED_WITHDRAWN_AND_NEW,3.0,11.0,3.0,0.0,17.0,1,0.03597122302158273
FAILED_WITHDRAWN_AND_NEW,3.0,11.0,4.0,0.0,18.0,1,0.03597122302158273
FAILED_WITHDRAWN_AND_NEW,3.0,11.0,7.0,0.0,21.0,1,0.03597122302158273
FAILED_WITHDRAWN_AND_NEW,3.0,12.0,2.0,0.0,17.0,1,0.03597122302158273
FAILED_WITHDRAWN_AND_NEW,3.0,12.0,6.0,0.0,21.0,1,0.03597122302158273
FAILED_WITHDRAWN_AND_NEW,3.0,12.5,7.0,0.0,22.5,1,0.03597122302158273
FAILED_WITHDRAWN_AND_NEW,3.0,13.0,2.0,0.0,18.0,1,0.03597122302158273
FAILED_WITHDRAWN_AND_NEW,4.0,1.0,12.0,0.0,17.0,1,0.03597122302158273
FAILED_WITHDRAWN_AND_NEW,4.0,2.0,14.5,0.0,20.5,1,0.03597122302158273
FAILED_WITHDRAWN_AND_NEW,4.0,2.0,15.0,0.0,21.0,1,0.03597122302158273
FAILED_WITHDRAWN_AND_NEW,4.0,2.0,18.0,0.0,24.0,1,0.03597122302158273
FAILED_WITHDRAWN_AND_NEW,4.0,3.0,16.0,0.0,23.0,1,0.03597122302158273
FAILED_WITHDRAWN_AND_NEW,4.0,3.0,16.5,0.0,23.5,1,0.03597122302158273
FAILED_WITHDRAWN_AND_NEW,4.0,3.0,18.0,0.0,25.0,1,0.03597122302158273
FAILED_WITHDRAWN_AND_NEW,4.0,4.0,5.0,0.0,13.0,1,0.03597122302158273
FAILED_WITHDRAWN_AND_NEW,4.0,4.0,17.0,0.0,25.0,1,0.03597122302158273
FAILED_WITHDRAWN_AND_NEW,4.0,5.0,5.0,0.0,14.0,1,0.03597122302158273
FAILED_WITHDRAWN_AND_NEW,4.0,5.0,7.0,0.0,16.0,1,0.03597122302158273
FAILED_WITHDRAWN_AND_NEW,4.0,5.0,11.0,0.0,20.0,1,0.03597122302158273
FAILED_WITHDRAWN_AND_NEW,4.0,5.0,14.0,0.0,23.0,1,0.03597122302158273
FAILED_WITHDRAWN_AND_NEW,4.0,5.0,16.0,0.0,25.0,1,0.03597122302158273
FAILED_WITHDRAWN_AND_NEW,4.0,6.0,9.0,0.0,19.0,1,0.03597122302158273
FAILED_WITHDRAWN_AND_NEW,4.0,6.0,11.0,0.0,21.0,1,0.03597122302158273
FAILED_WITHDRAWN_AND_NEW,4.0,7.0,5.0,0.0,16.0,1,0.03597122302158273
FAILED_WITHDRAWN_AND_NEW,4.0,7.0,10.0,0.0,21.0,1,0.03597122302158273
FAILED_WITHDRAWN_AND_NEW,4.0,7.5,12.0,0.0,23.5,1,0.03597122302158273
FAILED_WITHDRAWN_AND_NEW,4.0,8.0,1.0,0.0,13.0,1,0.03597122302158273
FAILED_WITHDRAWN_AND_NEW,4.0,8.0,2.0,0.0,14.0,1,0.03597122302158273
FAILED_WITHDRAWN_AND_NEW,4.0,8.0,4.0,0.0,16.0,1,0.03597122302158273
FAILED_WITHDRAWN_AND_NEW,4.0,8.0,9.0,0.0,21.0,1,0.03597122302158273
FAILED_WITHDRAWN_AND_NEW,4.0,9.0,1.0,0.0,14.0,1,0.03597122302158273
FAILED_WITHDRAWN_AND_NEW,4.0,9.0,2.0,0.0,15.0,1,0.03597122302158273
FAILED_WITHDRAWN_AND_NEW,4.0,9.0,4.0,0.0,17.0,1,0.03597122302158273
FAILED_WITHDRAWN_AND_NEW,4.0,9.0,5.0,0.0,18.0,1,0.03597122302158273
FAILED_WITHDRAWN_AND_NEW,4.0,10.0,3.0,0.0,17.0,1,0.03597122302158273
FAILED_WITHDRAWN_AND_NEW,4.0,10.0,4.0,0.0,18.0,1,0.03597122302158273
FAILED_WITHDRAWN_AND_NEW,4.0,10.0,9.0,0.0,23.0,1,0.03597122302158273
FAILED_WITHDRAWN_AND_NEW,4.0,12.0,2.0,0.0,18.0,1,0.03597122302158273
FAILED_WITHDRAWN_AND_NEW,4.0,16.0,5.0,0.0,25.0,1,0.03597122302158273
FAILED_WITHDRAWN_AND_NEW,4.5,2.0,12.0,0.0,18.5,1,0.03597122302158273
FAILED_WITHDRAWN_AND_NEW,4.5,2.0,13.0,0.0,19.5,1,0.03597122302158273
FAILED_WITHDRAWN_AND_NEW,4.5,2.0,15.0,0.0,21.5,1,0.03597122302158273
FAILED_WITHDRAWN_AND_NEW,4.5,2.0,18.5,0.0,25.0,1,0.03597122302158273
FAILED_WITHDRAWN_AND_NEW,4.5,3.0,8.0,0.0,15.5,1,0.03597122302158273
FAILED_WITHDRAWN_AND_NEW,4.5,3.0,15.0,0.0,22.5,1,0.03597122302158273
FAILED_WITHDRAWN_AND_NEW,4.5,3.0,16.0,0.0,23.5,1,0.03597122302158273
FAILED_WITHDRAWN_AND_NEW,4.5,3.0,16.5,0.0,24.0,1,0.03597122302158273
FAILED_WITHDRAWN_AND_NEW,4.5,3.0,17.0,0.0,24.5,1,0.03597122302158273
FAILED_WITHDRAWN_AND_NEW,4.5,4.0,5.0,0.0,13.5,1,0.03597122302158273
FAILED_WITHDRAWN_AND_NEW,4.5,4.0,16.0,0.0,24.5,1,0.03597122302158273
FAILED_WITHDRAWN_AND_NEW,4.5,4.5,8.0,0.0,17.0,1,0.03597122302158273
FAILED_WITHDRAWN_AND_NEW,4.5,4.5,14.0,0.0,23.0,1,0.03597122302158273
FAILED_WITHDRAWN_AND_NEW,4.5,4.5,15.0,0.0,24.0,1,0.03597122302158273
FAILED_WITHDRAWN_AND_NEW,4.5,5.0,15.5,0.0,25.0,1,0.03597122302158273
FAILED_WITHDRAWN_AND_NEW,4.5,6.0,6.0,0.0,16.5,1,0.03597122302158273
FAILED_WITHDRAWN_AND_NEW,4.5,10.0,10.0,0.0,24.5,1,0.03597122302158273
FAILED_WITHDRAWN_AND_NEW,4.5,11.0,6.0,0.0,21.5,1,0.03597122302158273
FAILED_WITHDRAWN_AND_NEW,4.5,11.0,8.0,0.0,23.5,1,0.03597122302158273
FAILED_WITHDRAWN_AND_NEW,4.5,12.0,6.0,0.0,22.5,1,0.03597122302158273
FAILED_WITHDRAWN_AND_NEW,4.5,17.0,3.0,0.0,24.5,1,0.03597122302158273
FAILED_WITHDRAWN_AND_NEW,5.0,1.0,9.0,0.0,15.0,1,0.03597122302158273
FAILED_WITHDRAWN_AND_NEW,5.0,1.0,10.0,0.0,16.0,1,0.03597122302158273
FAILED_WITHDRAWN_AND_NEW,5.0,1.0,12.0,0.0,18.0,1,0.03597122302158273
FAILED_WITHDRAWN_AND_NEW,5.0,1.0,15.0,0.0,21.0,1,0.03597122302158273
FAILED_WITHDRAWN_AND_NEW,5.0,2.0,3.0,0.0,10.0,1,0.03597122302158273
FAILED_WITHDRAWN_AND_NEW,5.0,2.0,13.0,0.0,20.0,1,0.03597122302158273
FAILED_WITHDRAWN_AND_NEW,5.0,2.0,15.0,0.0,22.0,1,0.03597122302158273
FAILED_WITHDRAWN_AND_NEW,5.0,2.0,15.5,0.0,22.5,1,0.03597122302158273
FAILED_WITHDRAWN_AND_NEW,5.0,2.0,18.0,0.0,25.0,1,0.03597122302158273
FAILED_WITHDRAWN_AND_NEW,5.0,4.0,5.0,0.0,14.0,1,0.03597122302158273
FAILED_WITHDRAWN_AND_NEW,5.0,4.0,10.0,0.0,19.0,1,0.03597122302158273
FAILED_WITHDRAWN_AND_NEW,5.0,4.0,14.0,0.0,23.0,1,0.03597122302158273
FAILED_WITHDRAWN_AND_NEW,5.0,4.0,15.5,0.0,24.5,1,0.03597122302158273
FAILED_WITHDRAWN_AND_NEW,5.0,4.5,4.0,0.0,13.5,1,0.03597122302158273
FAILED_WITHDRAWN_AND_NEW,5.0,4.5,11.0,0.0,20.5,1,0.03597122302158273
FAILED_WITHDRAWN_AND_NEW,5.0,4.5,14.0,0.0,23.5,1,0.03597122302158273
FAILED_WITHDRAWN_AND_NEW,5.0,4.5,15.0,0.0,24.5,1,0.03597122302158273
FAILED_WITHDRAWN_AND_NEW,5.0,5.0,2.0,0.0,12.0,1,0.03597122302158273
FAILED_WITHDRAWN_AND_NEW,5.0,5.0,3.0,0.0,13.0,1,0.03597122302158273
FAILED_WITHDRAWN_AND_NEW,5.0,5.0,5.0,0.0,15.0,1,0.03597122302158273
FAILED_WITHDRAWN_AND_NEW,5.0,5.0,11.0,0.0,21.0,1,0.03597122302158273
FAILED_WITHDRAWN_AND_NEW,5.0,5.0,13.5,0.0,23.5,1,0.03597122302158273
FAILED_WITHDRAWN_AND_NEW,5.0,5.0,14.0,0.0,24.0,1,0.03597122302158273
FAILED_WITHDRAWN_AND_NEW,5.0,6.0,2.0,0.0,13.0,1,0.03597122302158273
FAILED_WITHDRAWN_AND_NEW,5.0,6.0,4.0,0.0,15.0,1,0.03597122302158273
FAILED_WITHDRAWN_AND_NEW,5.0,6.0,6.0,0.0,17.0,1,0.03597122302158273
FAILED_WITHDRAWN_AND_NEW,5.0,6.0,10.0,0.0,21.0,1,0.03597122302158273
FAILED_WITHDRAWN_AND_NEW,5.0,6.0,12.5,0.0,23.5,1,0.03597122302158273
FAILED_WITHDRAWN_AND_NEW,5.0,8.0,3.0,0.0,16.0,1,0.03597122302158273
FAILED_WITHDRAWN_AND_NEW,5.0,8.0,5.0,0.0,18.0,1,0.03597122302158273
FAILED_WITHDRAWN_AND_NEW,5.0,8.0,9.5,0.0,22.5,1,0.03597122302158273
FAILED_WITHDRAWN_AND_NEW,5.0,9.0,3.0,0.0,17.0,1,0.03597122302158273
FAILED_WITHDRAWN_AND_NEW,5.0,9.0,11.0,0.0,25.0,1,0.03597122302158273
FAILED_WITHDRAWN_AND_NEW,5.0,10.0,10.0,0.0,25.0,1,0.03597122302158273
FAILED_WITHDRAWN_AND_NEW,5.0,11.0,2.0,0.0,18.0,1,0.03597122302158273
FAILED_WITHDRAWN_AND_NEW,6.0,2.0,3.0,0.0,11.0,1,0.03597122302158273
FAILED_WITHDRAWN_AND_NEW,6.0,2.0,12.0,0.0,20.0,1,0.03597122302158273
FAILED_WITHDRAWN_AND_NEW,6.0,2.0,17.0,0.0,25.0,1,0.03597122302158273
FAILED_WITHDRAWN_AND_NEW,6.0,3.0,13.5,0.0,22.5,1,0.03597122302158273
FAILED_WITHDRAWN_AND_NEW,6.0,3.0,14.0,0.0,23.0,1,0.03597122302158273
FAILED_WITHDRAWN_AND_NEW,6.0,3.0,16.0,0.0,25.0,1,0.03597122302158273
FAILED_WITHDRAWN_AND_NEW,6.0,4.0,2.0,0.0,12.0,1,0.03597122302158273
FAILED_WITHDRAWN_AND_NEW,6.0,4.0,4.0,0.0,14.0,1,0.03597122302158273
FAILED_WITHDRAWN_AND_NEW,6.0,4.0,5.0,0.0,15.0,1,0.03597122302158273
FAILED_WITHDRAWN_AND_NEW,6.0,4.0,9.0,0.0,19.0,1,0.03597122302158273
FAILED_WITHDRAWN_AND_NEW,6.0,4.0,10.0,0.0,20.0,1,0.03597122302158273
FAILED_WITHDRAWN_AND_NEW,6.0,4.0,11.5,0.0,21.5,1,0.03597122302158273
FAILED_WITHDRAWN_AND_NEW,6.0,4.0,12.0,0.0,22.0,1,0.03597122302158273
FAILED_WITHDRAWN_AND_NEW,6.0,4.5,11.0,0.0,21.5,1,0.03597122302158273
FAILED_WITHDRAWN_AND_NEW,6.0,4.5,12.0,0.0,22.5,1,0.03597122302158273
FAILED_WITHDRAWN_AND_NEW,6.0,4.5,13.0,0.0,23.5,1,0.03597122302158273
FAILED_WITHDRAWN_AND_NEW,6.0,5.0,3.0,0.0,14.0,1,0.03597122302158273
FAILED_WITHDRAWN_AND_NEW,6.0,5.0,6.0,0.0,17.0,1,0.03597122302158273
FAILED_WITHDRAWN_AND_NEW,6.0,5.0,9.5,0.0,20.5,1,0.03597122302158273
FAILED_WITHDRAWN_AND_NEW,6.0,5.0,12.0,0.0,23.0,1,0.03597122302158273
FAILED_WITHDRAWN_AND_NEW,6.0,6.0,2.0,0.0,14.0,1,0.03597122302158273
FAILED_WITHDRAWN_AND_NEW,6.0,6.0,5.0,0.0,17.0,1,0.03597122302158273
FAILED_WITHDRAWN_AND_NEW,6.0,6.0,7.5,0.0,19.5,1,0.03597122302158273
FAILED_WITHDRAWN_AND_NEW,6.0,6.0,8.0,0.0,20.0,1,0.03597122302158273
FAILED_WITHDRAWN_AND_NEW,6.0,6.0,9.5,0.0,21.5,1,0.03597122302158273
FAILED_WITHDRAWN_AND_NEW,6.0,6.0,11.5,0.0,23.5,1,0.03597122302158273
FAILED_WITHDRAWN_AND_NEW,6.0,6.0,12.0,0.0,24.0,1,0.03597122302158273
FAILED_WITHDRAWN_AND_NEW,6.0,6.0,12.5,0.0,24.5,1,0.03597122302158273
FAILED_WITHDRAWN_AND_NEW,6.0,7.0,3.0,0.0,16.0,1,0.03597122302158273
FAILED_WITHDRAWN_AND_NEW,6.0,7.0,4.0,0.0,17.0,1,0.03597122302158273
FAILED_WITHDRAWN_AND_NEW,6.0,7.0,9.0,0.0,22.0,1,0.03597122302158273
FAILED_WITHDRAWN_AND_NEW,6.0,8.0,3.0,0.0,17.0,1,0.03597122302158273
FAILED_WITHDRAWN_AND_NEW,6.0,8.0,6.0,0.0,20.0,1,0.03597122302158273
FAILED_WITHDRAWN_AND_NEW,6.0,9.0,8.0,0.0,23.0,1,0.03597122302158273
FAILED_WITHDRAWN_AND_NEW,6.0,9.0,9.0,0.0,24.0,1,0.03597122302158273
FAILED_WITHDRAWN_AND_NEW,6.0,9.0,9.5,0.0,24.5,1,0.03597122302158273
FAILED_WITHDRAWN_AND_NEW,6.5,4.5,14.0,0.0,25.0,1,0.03597122302158273
FAILED_WITHDRAWN_AND_NEW,7.0,1.0,8.0,0.0,16.0,1,0.03597122302158273
FAILED_WITHDRAWN_AND_NEW,7.0,1.0,10.0,0.0,18.0,1,0.03597122302158273
FAILED_WITHDRAWN_AND_NEW,7.0,1.0,12.0,0.0,20.0,1,0.03597122302158273
FAILED_WITHDRAWN_AND_NEW,7.0,2.0,6.0,0.0,15.0,1,0.03597122302158273
FAILED_WITHDRAWN_AND_NEW,7.0,2.0,12.0,0.0,21.0,1,0.03597122302158273
FAILED_WITHDRAWN_AND_NEW,7.0,4.0,3.0,0.0,14.0,1,0.03597122302158273
FAILED_WITHDRAWN_AND_NEW,7.0,4.0,5.0,0.0,16.0,1,0.03597122302158273
FAILED_WITHDRAWN_AND_NEW,7.0,4.0,6.0,0.0,17.0,1,0.03597122302158273
FAILED_WITHDRAWN_AND_NEW,7.0,4.0,8.0,0.0,19.0,1,0.03597122302158273
FAILED_WITHDRAWN_AND_NEW,7.0,5.0,2.0,0.0,14.0,1,0.03597122302158273
FAILED_WITHDRAWN_AND_NEW,7.0,5.0,3.0,0.0,15.0,1,0.03597122302158273
FAILED_WITHDRAWN_AND_NEW,7.0,6.0,3.0,0.0,16.0,1,0.03597122302158273
FAILED_WITHDRAWN_AND_NEW,7.0,7.0,7.0,0.0,21.0,1,0.03597122302158273
FAILED_WITHDRAWN_AND_NEW,7.0,10.5,6.0,0.0,23.5,1,0.03597122302158273
FAILED_WITHDRAWN_AND_NEW,7.5,12.0,3.0,0.0,22.5,1,0.03597122302158273
FAILED_WITHDRAWN_AND_NEW,8.0,1.0,3.0,0.0,12.0,1,0.03597122302158273
FAILED_WITHDRAWN_AND_NEW,8.0,2.0,8.5,0.0,18.5,1,0.03597122302158273
FAILED_WITHDRAWN_AND_NEW,8.0,2.0,10.0,0.0,20.0,1,0.03597122302158273
FAILED_WITHDRAWN_AND_NEW,8.0,2.0,14.0,0.0,24.0,1,0.03597122302158273
FAILED_WITHDRAWN_AND_NEW,8.0,3.0,11.5,0.0,22.5,1,0.03597122302158273
FAILED_WITHDRAWN_AND_NEW,8.0,3.0,12.5,0.0,23.5,1,0.03597122302158273
FAILED_WITHDRAWN_AND_NEW,8.0,3.0,13.0,0.0,24.0,1,0.03597122302158273
FAILED_WITHDRAWN_AND_NEW,8.0,4.0,2.0,0.0,14.0,1,0.03597122302158273
FAILED_WITHDRAWN_AND_NEW,8.0,4.0,6.0,0.0,18.0,1,0.03597122302158273
FAILED_WITHDRAWN_AND_NEW,8.0,4.0,11.0,0.0,23.0,1,0.03597122302158273
FAILED_WITHDRAWN_AND_NEW,8.0,5.0,2.0,0.0,15.0,1,0.03597122302158273
FAILED_WITHDRAWN_AND_NEW,8.0,5.0,6.0,0.0,19.0,1,0.03597122302158273
FAILED_WITHDRAWN_AND_NEW,8.0,6.0,3.0,0.0,17.0,1,0.03597122302158273
FAILED_WITHDRAWN_AND_NEW,8.0,7.0,1.0,0.0,16.0,1,0.03597122302158273
FAILED_WITHDRAWN_AND_NEW,8.0,8.0,2.0,0.0,18.0,1,0.03597122302158273
FAILED_WITHDRAWN_AND_NEW,8.0,8.0,4.0,0.0,20.0,1,0.03597122302158273
FAILED_WITHDRAWN_AND_NEW,8.0,8.0,6.0,0.0,22.0,1,0.03597122302158273
FAILED_WITHDRAWN_AND_NEW,8.0,9.0,6.0,0.0,23.0,1,0.03597122302158273
FAILED_WITHDRAWN_AND_NEW,8.0,10.0,3.0,0.0,21.0,1,0.03597122302158273
FAILED_WITHDRAWN_AND_NEW,8.5,6.0,6.0,0.0,20.5,1,0.03597122302158273
FAILED_WITHDRAWN_AND_NEW,9.0,1.0,7.0,0.0,17.0,1,0.03597122302158273
FAILED_WITHDRAWN_AND_NEW,9.0,2.0,4.0,0.0,15.0,1,0.03597122302158273
FAILED_WITHDRAWN_AND_NEW,9.0,2.0,5.0,0.0,16.0,1,0.03597122302158273
FAILED_WITHDRAWN_AND_NEW,9.0,2.0,8.0,0.0,19.0,1,0.03597122302158273
FAILED_WITHDRAWN_AND_NEW,9.0,2.0,10.0,0.0,21.0,1,0.03597122302158273
FAILED_WITHDRAWN_AND_NEW,9.0,3.0,4.0,0.0,16.0,1,0.03597122302158273
FAILED_WITHDRAWN_AND_NEW,9.0,4.0,2.0,0.0,15.0,1,0.03597122302158273
FAILED_WITHDRAWN_AND_NEW,9.0,4.0,5.0,0.0,18.0,1,0.03597122302158273
FAILED_WITHDRAWN_AND_NEW,9.0,4.0,9.5,0.0,22.5,1,0.03597122302158273
FAILED_WITHDRAWN_AND_NEW,9.0,5.0,9.0,0.0,23.0,1,0.03597122302158273
FAILED_WITHDRAWN_AND_NEW,9.0,5.0,11.0,0.0,25.0,1,0.03597122302158273
FAILED_WITHDRAWN_AND_NEW,9.0,9.5,4.5,0.0,23.0,1,0.03597122302158273
FAILED_WITHDRAWN_AND_NEW,9.5,2.0,5.0,0.0,16.5,1,0.03597122302158273
FAILED_WITHDRAWN_AND_NEW,9.5,3.0,5.0,0.0,17.5,1,0.03597122302158273
FAILED_WITHDRAWN_AND_NEW,9.5,4.0,11.0,0.0,24.5,1,0.03597122302158273
FAILED_WITHDRAWN_AND_NEW,9.5,5.0,10.5,0.0,25.0,1,0.03597122302158273
FAILED_WITHDRAWN_AND_NEW,10.0,2.0,2.0,0.0,14.0,1,0.03597122302158273
FAILED_WITHDRAWN_AND_NEW,10.0,2.0,4.0,0.0,16.0,1,0.03597122302158273
FAILED_WITHDRAWN_AND_NEW,10.0,3.0,5.0,0.0,18.0,1,0.03597122302158273
FAILED_WITHDRAWN_AND_NEW,10.0,4.0,2.0,0.0,16.0,1,0.03597122302158273
FAILED_WITHDRAWN_AND_NEW,10.0,4.0,9.0,0.0,23.0,1,0.03597122302158273
FAILED_WITHDRAWN_AND_NEW,10.0,5.0,4.0,0.0,19.0,1,0.03597122302158273
FAILED_WITHDRAWN_AND_NEW,10.0,6.0,5.0,0.0,21.0,1,0.03597122302158273
FAILED_WITHDRAWN_AND_NEW,10.0,6.0,8.0,0.0,24.0,1,0.03597122302158273
FAILED_WITHDRAWN_AND_NEW,10.5,3.0,8.0,0.0,21.5,1,0.03597122302158273
FAILED_WITHDRAWN_AND_NEW,10.5,4.0,9.0,0.0,23.5,1,0.03597122302158273
FAILED_WITHDRAWN_AND_NEW,10.5,4.0,10.5,0.0,25.0,1,0.03597122302158273
FAILED_WITHDRAWN_AND_NEW,10.5,5.0,9.0,0.0,24.5,1,0.03597122302158273
FAILED_WITHDRAWN_AND_NEW,10.5,6.0,8.0,0.0,24.5,1,0.03597122302158273
FAILED_WITHDRAWN_AND_NEW,11.0,2.0,2.0,0.0,15.0,1,0.03597122302158273
FAILED_WITHDRAWN_AND_NEW,11.0,2.0,8.0,0.0,21.0,1,0.03597122302158273
FAILED_WITHDRAWN_AND_NEW,11.0,3.0,0.0,0.0,14.0,1,0.03597122302158273
FAILED_WITHDRAWN_AND_NEW,11.0,3.0,1.0,0.0,15.0,1,0.03597122302158273
FAILED_WITHDRAWN_AND_NEW,11.0,3.0,6.0,0.0,20.0,1,0.03597122302158273
FAILED_WITHDRAWN_AND_NEW,11.0,4.0,2.0,0.0,17.0,1,0.03597122302158273
FAILED_WITHDRAWN_AND_NEW,11.0,4.5,9.0,0.0,24.5,1,0.03597122302158273
FAILED_WITHDRAWN_AND_NEW,11.0,5.0,2.0,0.0,18.0,1,0.03597122302158273
FAILED_WITHDRAWN_AND_NEW,11.0,6.0,8.0,0.0,25.0,1,0.03597122302158273
FAILED_WITHDRAWN_AND_NEW,12.0,2.0,3.0,0.0,17.0,1,0.03597122302158273
FAILED_WITHDRAWN_AND_NEW,12.0,2.0,9.0,0.0,23.0,1,0.03597122302158273
FAILED_WITHDRAWN_AND_NEW,12.0,3.0,2.0,0.0,17.0,1,0.03597122302158273
FAILED_WITHDRAWN_AND_NEW,12.0,3.0,4.0,0.0,19.0,1,0.03597122302158273
FAILED_WITHDRAWN_AND_NEW,12.0,4.0,2.0,0.0,18.0,1,0.03597122302158273
FAILED_WITHDRAWN_AND_NEW,12.0,7.0,6.0,0.0,25.0,1,0.03597122302158273
FAILED_WITHDRAWN_AND_NEW,13.0,2.0,3.0,0.0,18.0,1,0.03597122302158273
FAILED_WITHDRAWN_AND_NEW,13.0,3.0,2.0,0.0,18.0,1,0.03597122302158273
FAILED_WITHDRAWN_AND_NEW,13.0,4.0,2.0,0.0,19.0,1,0.03597122302158273
FAILED_WITHDRAWN_AND_NEW,14.5,4.0,5.0,0.0,23.5,1,0.03597122302158273
FAILED_WITHDRAWN_AND_NEW,15.0,5.0,2.0,0.0,22.0,1,0.03597122302158273
FAILED_WITHDRAWN_AND_NEW,15.0,6.0,3.0,0.0,24.0,1,0.03597122302158273
FAILED_WITHDRAWN_AND_NEW,15.5,4.0,5.0,0.0,24.5,1,0.03597122302158273
FAILED_WITHDRAWN_AND_NEW,15.5,4.5,3.0,0.0,23.0,1,0.03597122302158273
FAILED_WITHDRAWN_AND_NEW,17.0,2.0,3.0,0.0,22.0,1,0.03597122302158273
NEW_ONLY,0.0,0.0,18.0,0.0,18.0,11324,18.80969386907629
NEW_ONLY,0.0,0.0,17.0,0.0,17.0,8739,14.515887912562496
NEW_ONLY,0.0,0.0,16.0,0.0,16.0,4522,7.511253592013687
NEW_ONLY,0.0,0.0,15.0,0.0,15.0,4478,7.43816753317941
NEW_ONLY,0.0,0.0,6.0,0.0,6.0,3265,5.423317774861718
NEW_ONLY,0.0,0.0,9.0,0.0,9.0,2835,4.709067654435826
NEW_ONLY,0.0,0.0,8.0,0.0,8.0,2662,4.4217065594737806
NEW_ONLY,0.0,0.0,14.0,0.0,14.0,2270,3.7705762171320365
NEW_ONLY,0.0,0.0,7.0,0.0,7.0,2126,3.531385479128947
NEW_ONLY,0.0,0.0,12.0,0.0,12.0,2072,3.4416889523777883
NEW_ONLY,0.0,0.0,20.0,0.0,20.0,1854,3.079580751789778
NEW_ONLY,0.0,0.0,19.0,0.0,19.0,1678,2.7872365164526687
NEW_ONLY,0.0,0.0,5.0,0.0,5.0,1651,2.742388253077089
NEW_ONLY,0.0,0.0,24.0,0.0,24.0,1356,2.2523794495290934
NEW_ONLY,0.0,0.0,21.0,0.0,21.0,1341,2.2274637476537715
NEW_ONLY,0.0,0.0,13.0,0.0,13.0,1325,2.2008869989867614
NEW_ONLY,0.0,0.0,23.0,0.0,23.0,924,1.5348072355198246
NEW_ONLY,0.0,0.0,4.0,0.0,4.0,874,1.4517548959354185
NEW_ONLY,0.0,0.0,22.0,0.0,22.0,870,1.445110708768666
NEW_ONLY,0.0,0.0,3.0,0.0,3.0,803,1.333820573725562
NEW_ONLY,0.0,0.0,25.0,0.0,25.0,671,1.1145623972227299
NEW_ONLY,0.0,0.0,24.5,0.0,24.5,352,0.5846884706742189
NEW_ONLY,0.0,0.0,2.0,0.0,2.0,297,0.4933308971313722
NEW_ONLY,0.0,0.0,10.0,0.0,10.0,258,0.42855007225553543
NEW_ONLY,0.0,0.0,23.5,0.0,23.5,245,0.40695646396358987
NEW_ONLY,0.0,0.0,27.0,0.0,27.0,228,0.3787186685048918
NEW_ONLY,0.0,0.0,11.0,0.0,11.0,204,0.33885354550437685
NEW_ONLY,0.0,0.0,22.5,0.0,22.5,176,0.29234423533710946
NEW_ONLY,0.0,0.0,21.5,0.0,21.5,155,0.2574622527116589
NEW_ONLY,0.0,0.0,19.5,0.0,19.5,98,0.16278258558543593
NEW_ONLY,0.0,0.0,20.5,0.0,20.5,98,0.16278258558543593
NEW_ONLY,0.0,0.0,7.5,0.0,7.5,63,0.10464594787635167
NEW_ONLY,0.0,0.0,18.5,0.0,18.5,61,0.10132385429297543
NEW_ONLY,0.0,0.0,4.5,0.0,4.5,57,0.09467966712622294
NEW_ONLY,0.0,0.0,16.5,0.0,16.5,41,0.068102918459213
NEW_ONLY,0.0,0.0,6.5,0.0,6.5,39,0.06478082487583675
NEW_ONLY,0.0,0.0,36.0,0.0,36.0,39,0.06478082487583675
NEW_ONLY,0.0,0.0,8.5,0.0,8.5,37,0.06145873129246051
NEW_ONLY,0.0,0.0,39.0,0.0,39.0,32,0.053153497334019896
NEW_ONLY,0.0,0.0,15.5,0.0,15.5,23,0.0382040762088268
NEW_ONLY,0.0,0.0,17.5,0.0,17.5,20,0.033220935833762434
NEW_ONLY,0.0,0.0,12.5,0.0,12.5,10,0.016610467916881217
NEW_ONLY,0.0,0.0,13.5,0.0,13.5,10,0.016610467916881217
NEW_ONLY,0.0,0.0,9.5,0.0,9.5,5,0.008305233958440609
NEW_ONLY,0.0,0.0,10.5,0.0,10.5,5,0.008305233958440609
NEW_ONLY,0.0,0.0,11.5,0.0,11.5,4,0.006644187166752487
NEW_ONLY,0.0,0.0,14.5,0.0,14.5,3,0.0049831403750643655
NEW_ONLY,0.0,0.0,31.0,0.0,31.0,1,0.0016610467916881218
NEW_ONLY,0.0,0.0,33.0,0.0,33.0,1,0.0016610467916881218
NEW_ONLY,0.0,0.0,37.0,0.0,37.0,1,0.0016610467916881218
OTHER,0.0,0.0,0.0,2.0,2.0,194,1.9870941309023866
OTHER,9.0,0.0,0.0,3.0,12.0,168,1.7207825463484585
OTHER,3.0,0.0,0.0,3.0,6.0,161,1.6490832735839394
OTHER,6.0,0.0,0.0,6.0,12.0,161,1.6490832735839394
OTHER,3.0,0.0,6.0,3.0,12.0,145,1.4851992215507528
OTHER,0.0,0.0,0.0,3.0,3.0,101,1.0345180784594898
OTHER,0.0,0.0,15.0,3.0,18.0,91,0.9320905459387483
OTHER,0.0,0.0,0.0,6.0,6.0,86,0.8808767796783775
OTHER,3.0,3.0,0.0,0.0,6.0,76,0.778449247157636
OTHER,0.0,0.0,15.0,2.0,17.0,74,0.7579637406534877
OTHER,3.0,0.0,0.0,9.0,12.0,74,0.7579637406534877
OTHER,0.0,0.0,16.0,2.0,18.0,73,0.7477209874014135
OTHER,0.0,0.0,0.0,4.0,4.0,65,0.6657789613848203
OTHER,0.0,0.0,14.0,3.0,17.0,63,0.6452934548806719
OTHER,3.0,0.0,0.0,2.0,5.0,62,0.6350507016285978
OTHER,3.0,0.0,6.0,6.0,15.0,60,0.6145651951244494
OTHER,6.0,0.0,3.0,3.0,12.0,60,0.6145651951244494
OTHER,8.0,0.0,0.0,4.0,12.0,60,0.6145651951244494
OTHER,0.0,0.0,0.0,5.0,5.0,58,0.5940796886203011
OTHER,0.0,0.0,3.0,3.0,6.0,53,0.5428659223599304
OTHER,0.0,0.0,12.0,2.0,14.0,51,0.522380415855782
OTHER,0.0,0.0,6.0,3.0,9.0,48,0.49165215609955953
OTHER,0.0,0.0,6.0,2.0,8.0,47,0.4814094028474854
OTHER,7.0,0.0,0.0,5.0,12.0,47,0.4814094028474854
OTHER,6.0,0.0,6.0,3.0,15.0,46,0.47116664959541127
OTHER,0.0,0.0,0.0,12.0,12.0,43,0.44043838983918876
OTHER,3.0,0.0,6.0,5.0,14.0,43,0.44043838983918876
OTHER,0.0,0.0,9.0,3.0,12.0,42,0.4301956365871146
OTHER,0.0,0.0,12.0,3.0,15.0,42,0.4301956365871146
OTHER,4.0,0.0,0.0,2.0,6.0,42,0.4301956365871146
OTHER,0.0,0.0,14.0,2.0,16.0,40,0.4097101300829663
OTHER,3.0,0.0,9.0,3.0,15.0,40,0.4097101300829663
OTHER,0.0,0.0,6.0,6.0,12.0,39,0.3994673768308921
OTHER,2.0,0.0,0.0,2.0,4.0,38,0.389224623578818
OTHER,3.0,0.0,3.0,6.0,12.0,38,0.389224623578818
OTHER,7.0,0.0,0.0,6.0,13.0,38,0.389224623578818
OTHER,2.0,0.0,0.0,3.0,5.0,37,0.37898187032674385
OTHER,0.0,0.0,5.0,3.0,8.0,36,0.36873911707466966
OTHER,0.0,0.0,13.0,3.0,16.0,36,0.36873911707466966
OTHER,0.0,0.0,0.0,7.0,7.0,35,0.35849636382259553
OTHER,5.0,0.0,6.0,3.0,14.0,35,0.35849636382259553
OTHER,10.0,0.0,0.0,2.0,12.0,35,0.35849636382259553
OTHER,0.0,0.0,0.0,8.0,8.0,34,0.34825361057052134
OTHER,0.0,0.0,3.0,4.0,7.0,34,0.34825361057052134
OTHER,3.0,0.0,8.0,3.0,14.0,34,0.34825361057052134
OTHER,3.0,3.0,3.0,3.0,12.0,34,0.34825361057052134
OTHER,4.0,0.0,0.0,3.0,7.0,34,0.34825361057052134
OTHER,9.0,0.0,0.0,4.0,13.0,34,0.34825361057052134
OTHER,0.0,0.0,0.0,9.0,9.0,33,0.3380108573184472
OTHER,0.0,0.0,4.0,4.0,8.0,31,0.3175253508142989
OTHER,3.0,0.0,0.0,10.0,13.0,31,0.3175253508142989
OTHER,4.0,0.0,0.0,8.0,12.0,31,0.3175253508142989
OTHER,6.0,0.0,0.0,7.0,13.0,31,0.3175253508142989
OTHER,0.0,0.0,11.0,3.0,14.0,30,0.3072825975622247
OTHER,3.0,0.0,7.0,3.0,13.0,30,0.3072825975622247
OTHER,6.0,3.0,0.0,3.0,12.0,30,0.3072825975622247
OTHER,10.0,0.0,0.0,3.0,13.0,30,0.3072825975622247
OTHER,0.0,0.0,14.0,4.0,18.0,29,0.29703984431015057
OTHER,3.0,0.0,12.0,3.0,18.0,29,0.29703984431015057
OTHER,0.0,0.0,10.0,2.0,12.0,28,0.28679709105807644
OTHER,4.0,0.0,5.0,3.0,12.0,28,0.28679709105807644
OTHER,5.0,0.0,0.0,7.0,12.0,28,0.28679709105807644
OTHER,6.0,0.0,0.0,8.0,14.0,28,0.28679709105807644
OTHER,0.0,0.0,4.0,3.0,7.0,27,0.27655433780600225
OTHER,0.0,0.0,5.0,2.0,7.0,27,0.27655433780600225
OTHER,0.0,0.0,12.0,6.0,18.0,27,0.27655433780600225
OTHER,0.0,0.0,17.0,1.0,18.0,26,0.2663115845539281
OTHER,6.0,0.0,5.0,3.0,14.0,26,0.2663115845539281
OTHER,0.0,0.0,4.0,2.0,6.0,25,0.2560688313018539
OTHER,0.0,0.0,7.0,2.0,9.0,25,0.2560688313018539
OTHER,0.0,0.0,2.0,3.0,5.0,24,0.24582607804977977
OTHER,2.0,0.0,6.0,6.0,14.0,24,0.24582607804977977
OTHER,4.0,0.0,0.0,4.0,8.0,24,0.24582607804977977
OTHER,0.0,0.0,3.0,2.0,5.0,23,0.23558332479770563
OTHER,0.0,0.0,6.0,9.0,15.0,23,0.23558332479770563
OTHER,3.0,0.0,7.0,2.0,12.0,23,0.23558332479770563
OTHER,4.0,0.0,6.0,2.0,12.0,23,0.23558332479770563
OTHER,5.0,0.0,5.0,2.0,12.0,23,0.23558332479770563
OTHER,8.0,0.0,0.0,5.0,13.0,23,0.23558332479770563
OTHER,0.0,0.0,0.0,13.0,13.0,22,0.22534057154563147
OTHER,2.0,0.0,7.0,3.0,12.0,22,0.22534057154563147
OTHER,4.0,0.0,6.0,3.0,13.0,22,0.22534057154563147
OTHER,4.0,0.0,7.0,4.0,15.0,22,0.22534057154563147
OTHER,6.0,0.0,0.0,2.0,8.0,22,0.22534057154563147
OTHER,8.0,0.0,0.0,6.0,14.0,22,0.22534057154563147
OTHER,9.0,3.0,0.0,0.0,12.0,22,0.22534057154563147
OTHER,11.0,0.0,0.0,3.0,14.0,22,0.22534057154563147
OTHER,0.0,3.0,12.0,3.0,18.0,21,0.2150978182935573
OTHER,3.0,0.0,0.0,4.0,7.0,21,0.2150978182935573
OTHER,0.0,0.0,10.0,3.0,13.0,20,0.20485506504148315
OTHER,0.0,3.0,0.0,3.0,6.0,20,0.20485506504148315
OTHER,2.0,0.0,0.0,4.0,6.0,20,0.20485506504148315
OTHER,3.0,0.0,5.0,6.0,14.0,20,0.20485506504148315
OTHER,3.0,0.0,11.0,3.0,17.0,20,0.20485506504148315
OTHER,7.0,0.0,3.0,2.0,12.0,20,0.20485506504148315
OTHER,0.0,0.0,2.0,4.0,6.0,19,0.194612311789409
OTHER,0.0,0.0,3.0,6.0,9.0,19,0.194612311789409
OTHER,0.0,0.0,5.0,4.0,9.0,19,0.194612311789409
OTHER,0.0,0.0,8.0,4.0,12.0,19,0.194612311789409
OTHER,0.0,0.0,11.0,2.0,13.0,19,0.194612311789409
OTHER,0.0,0.0,15.0,1.0,16.0,19,0.194612311789409
OTHER,0.0,0.0,18.0,3.0,21.0,19,0.194612311789409
OTHER,2.0,0.0,0.0,10.0,12.0,19,0.194612311789409
OTHER,3.0,0.0,5.0,5.0,13.0,19,0.194612311789409
OTHER,3.0,0.0,8.0,2.0,13.0,19,0.194612311789409
OTHER,3.0,2.0,0.0,0.0,5.0,19,0.194612311789409
OTHER,3.0,3.0,0.0,6.0,12.0,19,0.194612311789409
OTHER,5.0,0.0,0.0,8.0,13.0,19,0.194612311789409
OTHER,5.0,0.0,0.0,9.0,14.0,19,0.194612311789409
OTHER,6.0,0.0,0.0,3.0,9.0,19,0.194612311789409
OTHER,6.0,0.0,6.0,2.0,14.0,19,0.194612311789409
OTHER,0.0,0.0,0.0,15.0,15.0,18,0.18436955853733483
OTHER,0.0,0.0,12.0,4.0,16.0,18,0.18436955853733483
OTHER,0.0,0.0,13.0,2.0,15.0,18,0.18436955853733483
OTHER,0.0,0.0,19.0,2.0,21.0,18,0.18436955853733483
OTHER,2.0,0.0,6.0,5.0,13.0,18,0.18436955853733483
OTHER,3.0,0.0,0.0,11.0,14.0,18,0.18436955853733483
OTHER,3.0,0.0,3.0,3.0,9.0,18,0.18436955853733483
OTHER,5.0,0.0,0.0,3.0,8.0,18,0.18436955853733483
OTHER,8.0,0.0,2.0,3.0,13.0,18,0.18436955853733483
OTHER,0.0,0.0,3.0,5.0,8.0,17,0.17412680528526067
OTHER,2.0,0.0,8.0,3.0,13.0,17,0.17412680528526067
OTHER,3.0,0.0,0.0,6.0,9.0,17,0.17412680528526067
OTHER,4.0,0.0,3.0,5.0,12.0,17,0.17412680528526067
OTHER,8.0,0.0,0.0,7.0,15.0,17,0.17412680528526067
OTHER,2.0,4.0,0.0,0.0,6.0,16,0.1638840520331865
OTHER,3.0,0.0,11.0,2.0,16.0,16,0.1638840520331865
OTHER,4.0,0.0,7.0,2.0,13.0,16,0.1638840520331865
OTHER,5.0,0.0,0.0,2.0,7.0,16,0.1638840520331865
OTHER,6.0,0.0,3.0,6.0,15.0,16,0.1638840520331865
OTHER,6.0,6.0,0.0,0.0,12.0,16,0.1638840520331865
OTHER,11.0,0.0,0.0,2.0,13.0,16,0.1638840520331865
OTHER,0.0,0.0,0.0,1.0,1.0,15,0.15364129878111235
OTHER,0.0,0.0,0.0,14.0,14.0,15,0.15364129878111235
OTHER,0.0,0.0,5.0,7.0,12.0,15,0.15364129878111235
OTHER,0.0,0.0,7.0,5.0,12.0,15,0.15364129878111235
OTHER,0.0,0.0,14.0,1.0,15.0,15,0.15364129878111235
OTHER,0.0,3.0,3.0,6.0,12.0,15,0.15364129878111235
OTHER,2.0,0.0,9.0,3.0,14.0,15,0.15364129878111235
OTHER,3.0,0.0,0.0,5.0,8.0,15,0.15364129878111235
OTHER,3.0,0.0,3.0,2.0,8.0,15,0.15364129878111235
OTHER,4.0,4.0,0.0,0.0,8.0,15,0.15364129878111235
OTHER,9.0,0.0,3.0,3.0,15.0,15,0.15364129878111235
OTHER,11.0,0.0,0.0,4.0,15.0,15,0.15364129878111235
OTHER,0.0,0.0,2.0,2.0,4.0,14,0.14339854552903822
OTHER,0.0,0.0,12.0,5.0,17.0,14,0.14339854552903822
OTHER,0.0,0.0,16.0,4.0,20.0,14,0.14339854552903822
OTHER,0.0,3.0,11.0,3.0,17.0,14,0.14339854552903822
OTHER,2.0,0.0,9.0,2.0,13.0,14,0.14339854552903822
OTHER,3.0,0.0,2.0,3.0,8.0,14,0.14339854552903822
OTHER,4.0,0.0,6.0,4.0,14.0,14,0.14339854552903822
OTHER,7.0,0.0,2.0,3.0,12.0,14,0.14339854552903822
OTHER,0.0,0.0,9.0,5.0,14.0,13,0.13315579227696406
OTHER,0.0,0.0,12.0,9.0,21.0,13,0.13315579227696406
OTHER,0.0,0.0,13.0,5.0,18.0,13,0.13315579227696406
OTHER,2.0,2.0,0.0,0.0,4.0,13,0.13315579227696406
OTHER,3.0,0.0,6.0,4.0,13.0,13,0.13315579227696406
OTHER,3.0,0.0,12.0,2.0,17.0,13,0.13315579227696406
OTHER,4.0,0.0,0.0,9.0,13.0,13,0.13315579227696406
OTHER,4.0,0.0,7.0,3.0,14.0,13,0.13315579227696406
OTHER,5.0,0.0,4.0,3.0,12.0,13,0.13315579227696406
OTHER,5.0,0.0,5.0,3.0,13.0,13,0.13315579227696406
OTHER,6.0,0.0,0.0,9.0,15.0,13,0.13315579227696406
OTHER,0.0,0.0,6.0,7.0,13.0,12,0.12291303902488988
OTHER,0.0,0.0,9.0,6.0,15.0,12,0.12291303902488988
OTHER,0.0,0.0,11.0,4.0,15.0,12,0.12291303902488988
OTHER,0.0,0.0,12.0,12.0,24.0,12,0.12291303902488988
OTHER,0.0,0.0,15.0,4.0,19.0,12,0.12291303902488988
OTHER,0.0,3.0,6.0,3.0,12.0,12,0.12291303902488988
OTHER,0.0,3.0,8.0,3.0,14.0,12,0.12291303902488988
OTHER,2.0,0.0,0.0,11.0,13.0,12,0.12291303902488988
OTHER,2.0,0.0,14.0,2.0,18.0,12,0.12291303902488988
OTHER,2.0,3.0,0.0,0.0,5.0,12,0.12291303902488988
OTHER,3.0,0.0,8.0,4.0,15.0,12,0.12291303902488988
OTHER,3.0,3.0,6.0,3.0,15.0,12,0.12291303902488988
OTHER,3.0,4.0,0.0,0.0,7.0,12,0.12291303902488988
OTHER,4.0,0.0,8.0,3.0,15.0,12,0.12291303902488988
OTHER,5.0,0.0,6.0,2.0,13.0,12,0.12291303902488988
OTHER,6.0,3.0,0.0,0.0,9.0,12,0.12291303902488988
OTHER,8.0,0.0,3.0,3.0,14.0,12,0.12291303902488988
OTHER,9.0,0.0,0.0,5.0,14.0,12,0.12291303902488988
OTHER,12.0,0.0,0.0,3.0,15.0,12,0.12291303902488988
OTHER,0.0,0.0,2.0,6.0,8.0,11,0.11267028577281574
OTHER,0.0,0.0,3.0,9.0,12.0,11,0.11267028577281574
OTHER,0.0,0.0,5.0,8.0,13.0,11,0.11267028577281574
OTHER,0.0,0.0,7.0,6.0,13.0,11,0.11267028577281574
OTHER,0.0,0.0,18.0,0.0,18.0,11,0.11267028577281574
OTHER,2.0,0.0,0.0,5.0,7.0,11,0.11267028577281574
OTHER,2.0,0.0,5.0,5.0,12.0,11,0.11267028577281574
OTHER,2.0,0.0,8.0,2.0,12.0,11,0.11267028577281574
OTHER,2.0,0.0,10.0,2.0,14.0,11,0.11267028577281574
OTHER,3.0,0.0,4.0,5.0,12.0,11,0.11267028577281574
OTHER,3.0,0.0,5.0,4.0,12.0,11,0.11267028577281574
OTHER,3.0,0.0,10.0,3.0,16.0,11,0.11267028577281574
OTHER,4.0,0.0,0.0,11.0,15.0,11,0.11267028577281574
OTHER,4.0,0.0,2.0,7.0,13.0,11,0.11267028577281574
OTHER,5.0,0.0,3.0,5.0,13.0,11,0.11267028577281574
OTHER,6.0,0.0,2.0,4.0,12.0,11,0.11267028577281574
OTHER,0.0,0.0,6.0,8.0,14.0,10,0.10242753252074158
OTHER,0.0,0.0,8.0,7.0,15.0,10,0.10242753252074158
OTHER,0.0,0.0,11.0,1.0,12.0,10,0.10242753252074158
OTHER,0.0,0.0,11.0,6.0,17.0,10,0.10242753252074158
OTHER,0.0,0.0,12.0,10.0,22.0,10,0.10242753252074158
OTHER,0.0,0.0,13.0,4.0,17.0,10,0.10242753252074158
OTHER,0.0,0.0,16.0,1.0,17.0,10,0.10242753252074158
OTHER,0.0,0.0,16.0,3.0,19.0,10,0.10242753252074158
OTHER,0.0,0.0,17.0,4.0,21.0,10,0.10242753252074158
OTHER,0.0,0.0,23.0,2.0,25.0,10,0.10242753252074158
OTHER,3.0,0.0,3.0,9.0,15.0,10,0.10242753252074158
OTHER,3.0,0.0,9.0,2.0,14.0,10,0.10242753252074158
OTHER,3.0,6.0,0.0,3.0,12.0,10,0.10242753252074158
OTHER,5.0,0.0,6.0,4.0,15.0,10,0.10242753252074158
OTHER,6.0,0.0,4.0,2.0,12.0,10,0.10242753252074158
OTHER,6.0,0.0,5.0,2.0,13.0,10,0.10242753252074158
OTHER,6.0,0.0,9.0,2.0,17.0,10,0.10242753252074158
OTHER,7.0,0.0,6.0,3.0,16.0,10,0.10242753252074158
OTHER,0.0,0.0,7.0,3.0,10.0,9,0.09218477926866742
OTHER,0.0,0.0,9.0,4.0,13.0,9,0.09218477926866742
OTHER,0.0,0.0,17.0,2.0,19.0,9,0.09218477926866742
OTHER,0.0,0.0,17.0,3.0,20.0,9,0.09218477926866742
OTHER,0.0,0.0,17.0,6.0,23.0,9,0.09218477926866742
OTHER,0.0,3.0,0.0,9.0,12.0,9,0.09218477926866742
OTHER,0.0,3.0,9.0,3.0,15.0,9,0.09218477926866742
OTHER,0.0,3.0,10.0,3.0,16.0,9,0.09218477926866742
OTHER,0.0,9.0,0.0,3.0,12.0,9,0.09218477926866742
OTHER,2.0,0.0,5.0,6.0,13.0,9,0.09218477926866742
OTHER,3.0,0.0,0.0,12.0,15.0,9,0.09218477926866742
OTHER,3.0,0.0,3.0,8.0,14.0,9,0.09218477926866742
OTHER,3.0,0.0,7.0,4.0,14.0,9,0.09218477926866742
OTHER,3.0,0.0,7.0,6.0,16.0,9,0.09218477926866742
OTHER,3.0,6.0,0.0,0.0,9.0,9,0.09218477926866742
OTHER,4.0,0.0,4.0,4.0,12.0,9,0.09218477926866742
OTHER,4.0,3.0,0.0,0.0,7.0,9,0.09218477926866742
OTHER,6.0,0.0,3.0,5.0,14.0,9,0.09218477926866742
OTHER,6.0,0.0,9.0,3.0,18.0,9,0.09218477926866742
OTHER,7.0,0.0,0.0,2.0,9.0,9,0.09218477926866742
OTHER,7.0,0.0,2.0,4.0,13.0,9,0.09218477926866742
OTHER,0.0,0.0,3.0,1.0,4.0,8,0.08194202601659326
OTHER,0.0,0.0,6.0,12.0,18.0,8,0.08194202601659326
OTHER,0.0,0.0,12.0,11.0,23.0,8,0.08194202601659326
OTHER,0.0,0.0,12.0,13.0,25.0,8,0.08194202601659326
OTHER,0.0,0.0,14.0,6.0,20.0,8,0.08194202601659326
OTHER,0.0,0.0,18.0,6.0,24.0,8,0.08194202601659326
OTHER,0.0,2.0,9.0,3.0,14.0,8,0.08194202601659326
OTHER,0.0,3.0,3.0,3.0,9.0,8,0.08194202601659326
OTHER,0.0,3.0,9.0,2.0,14.0,8,0.08194202601659326
OTHER,0.0,4.0,0.0,2.0,6.0,8,0.08194202601659326
OTHER,0.0,6.0,0.0,6.0,12.0,8,0.08194202601659326
OTHER,0.0,6.0,3.0,3.0,12.0,8,0.08194202601659326
OTHER,2.0,0.0,0.0,12.0,14.0,8,0.08194202601659326
OTHER,2.0,0.0,3.0,7.0,12.0,8,0.08194202601659326
OTHER,2.0,0.0,4.0,6.0,12.0,8,0.08194202601659326
OTHER,3.0,0.0,4.0,2.0,9.0,8,0.08194202601659326
OTHER,3.0,0.0,6.0,9.0,18.0,8,0.08194202601659326
OTHER,3.0,0.0,10.0,2.0,15.0,8,0.08194202601659326
OTHER,3.0,0.0,13.0,2.0,18.0,8,0.08194202601659326
OTHER,3.0,3.0,9.0,3.0,18.0,8,0.08194202601659326
OTHER,4.0,0.0,5.0,4.0,13.0,8,0.08194202601659326
OTHER,4.0,0.0,6.0,5.0,15.0,8,0.08194202601659326
OTHER,4.0,0.0,6.0,6.0,16.0,8,0.08194202601659326
OTHER,4.0,0.0,8.0,4.0,16.0,8,0.08194202601659326
OTHER,4.0,2.0,0.0,0.0,6.0,8,0.08194202601659326
OTHER,5.0,0.0,0.0,10.0,15.0,8,0.08194202601659326
OTHER,5.0,0.0,2.0,6.0,13.0,8,0.08194202601659326
OTHER,5.0,0.0,8.0,2.0,15.0,8,0.08194202601659326
OTHER,5.0,3.0,0.0,0.0,8.0,8,0.08194202601659326
OTHER,6.0,0.0,2.0,5.0,13.0,8,0.08194202601659326
OTHER,6.0,2.0,0.0,0.0,8.0,8,0.08194202601659326
OTHER,6.0,3.0,3.0,3.0,15.0,8,0.08194202601659326
OTHER,7.0,0.0,3.0,3.0,13.0,8,0.08194202601659326
OTHER,7.0,0.0,9.0,2.0,18.0,8,0.08194202601659326
OTHER,12.0,0.0,0.0,2.0,14.0,8,0.08194202601659326
OTHER,0.0,0.0,4.0,1.0,5.0,7,0.07169927276451911
OTHER,0.0,0.0,4.0,5.0,9.0,7,0.07169927276451911
OTHER,0.0,0.0,8.0,8.0,16.0,7,0.07169927276451911
OTHER,0.0,0.0,9.0,9.0,18.0,7,0.07169927276451911
OTHER,0.0,0.0,11.0,5.0,16.0,7,0.07169927276451911
OTHER,0.0,0.0,22.0,2.0,24.0,7,0.07169927276451911
OTHER,0.0,0.0,24.0,2.0,26.0,7,0.07169927276451911
OTHER,0.0,2.0,0.0,3.0,5.0,7,0.07169927276451911
OTHER,0.0,3.0,0.0,2.0,5.0,7,0.07169927276451911
OTHER,0.0,3.0,12.0,2.0,17.0,7,0.07169927276451911
OTHER,0.0,3.0,13.0,2.0,18.0,7,0.07169927276451911
OTHER,2.0,0.0,3.0,3.0,8.0,7,0.07169927276451911
OTHER,2.0,0.0,10.0,3.0,15.0,7,0.07169927276451911
OTHER,2.0,0.0,11.0,2.0,15.0,7,0.07169927276451911
OTHER,3.0,3.0,3.0,6.0,15.0,7,0.07169927276451911
OTHER,3.0,3.0,5.0,3.0,14.0,7,0.07169927276451911
OTHER,4.0,0.0,0.0,10.0,14.0,7,0.07169927276451911
OTHER,4.0,0.0,2.0,3.0,9.0,7,0.07169927276451911
OTHER,4.0,0.0,4.0,5.0,13.0,7,0.07169927276451911
OTHER,4.0,0.0,8.0,2.0,14.0,7,0.07169927276451911
OTHER,4.0,0.0,12.0,2.0,18.0,7,0.07169927276451911
OTHER,4.0,4.0,0.0,4.0,12.0,7,0.07169927276451911
OTHER,5.0,0.0,3.0,4.0,12.0,7,0.07169927276451911
OTHER,5.0,3.0,3.0,3.0,14.0,7,0.07169927276451911
OTHER,6.0,0.0,3.0,4.0,13.0,7,0.07169927276451911
OTHER,8.0,0.0,3.0,2.0,13.0,7,0.07169927276451911
OTHER,0.0,0.0,2.0,5.0,7.0,6,0.06145651951244494
OTHER,0.0,0.0,4.0,8.0,12.0,6,0.06145651951244494
OTHER,0.0,0.0,5.0,9.0,14.0,6,0.06145651951244494
OTHER,0.0,0.0,6.0,1.0,7.0,6,0.06145651951244494
OTHER,0.0,0.0,8.0,3.0,11.0,6,0.06145651951244494
OTHER,0.0,0.0,8.0,5.0,13.0,6,0.06145651951244494
OTHER,0.0,0.0,8.0,6.0,14.0,6,0.06145651951244494
OTHER,0.0,0.0,9.0,2.0,11.0,6,0.06145651951244494
OTHER,0.0,0.0,10.0,4.0,14.0,6,0.06145651951244494
OTHER,0.0,0.0,10.0,8.0,18.0,6,0.06145651951244494
OTHER,0.0,0.0,13.0,1.0,14.0,6,0.06145651951244494
OTHER,0.0,0.0,15.0,6.0,21.0,6,0.06145651951244494
OTHER,0.0,0.0,15.0,9.0,24.0,6,0.06145651951244494
OTHER,0.0,0.0,18.0,4.0,22.0,6,0.06145651951244494
OTHER,0.0,0.0,19.0,6.0,25.0,6,0.06145651951244494
OTHER,0.0,0.0,21.0,4.0,25.0,6,0.06145651951244494
OTHER,0.0,0.0,22.0,3.0,25.0,6,0.06145651951244494
OTHER,0.0,2.0,0.0,2.0,4.0,6,0.06145651951244494
OTHER,0.0,2.0,14.0,2.0,18.0,6,0.06145651951244494
OTHER,0.0,6.0,0.0,2.0,8.0,6,0.06145651951244494
OTHER,0.0,10.0,0.0,3.0,13.0,6,0.06145651951244494
OTHER,2.0,0.0,3.0,2.0,7.0,6,0.06145651951244494
OTHER,2.0,0.0,6.0,4.0,12.0,6,0.06145651951244494
OTHER,2.0,0.0,12.0,4.0,18.0,6,0.06145651951244494
OTHER,2.0,2.0,6.0,2.0,12.0,6,0.06145651951244494
OTHER,3.0,0.0,6.0,7.0,16.0,6,0.06145651951244494
OTHER,3.0,0.0,6.0,8.0,17.0,6,0.06145651951244494
OTHER,3.0,0.0,7.0,5.0,15.0,6,0.06145651951244494
OTHER,3.0,0.0,8.0,5.0,16.0,6,0.06145651951244494
OTHER,3.0,0.0,9.0,4.0,16.0,6,0.06145651951244494
OTHER,3.0,3.0,4.0,3.0,13.0,6,0.06145651951244494
OTHER,3.0,9.0,0.0,0.0,12.0,6,0.06145651951244494
OTHER,4.0,0.0,3.0,6.0,13.0,6,0.06145651951244494
OTHER,4.0,0.0,4.0,6.0,14.0,6,0.06145651951244494
OTHER,4.0,0.0,4.0,7.0,15.0,6,0.06145651951244494
OTHER,4.0,0.0,10.0,4.0,18.0,6,0.06145651951244494
OTHER,4.0,0.0,11.0,2.0,17.0,6,0.06145651951244494
OTHER,4.0,0.0,13.0,1.0,18.0,6,0.06145651951244494
OTHER,5.0,0.0,8.0,3.0,16.0,6,0.06145651951244494
OTHER,5.0,0.0,11.0,2.0,18.0,6,0.06145651951244494
OTHER,6.0,0.0,0.0,10.0,16.0,6,0.06145651951244494
OTHER,6.0,0.0,4.0,3.0,13.0,6,0.06145651951244494
OTHER,6.0,0.0,5.0,5.0,16.0,6,0.06145651951244494
OTHER,6.0,0.0,7.0,2.0,15.0,6,0.06145651951244494
OTHER,6.0,0.0,7.0,3.0,16.0,6,0.06145651951244494
OTHER,7.0,0.0,0.0,8.0,15.0,6,0.06145651951244494
OTHER,7.0,0.0,3.0,4.0,14.0,6,0.06145651951244494
OTHER,7.0,0.0,4.0,3.0,14.0,6,0.06145651951244494
OTHER,7.0,0.0,7.0,2.0,16.0,6,0.06145651951244494
OTHER,7.0,3.0,0.0,2.0,12.0,6,0.06145651951244494
OTHER,8.0,0.0,1.0,3.0,12.0,6,0.06145651951244494
OTHER,8.0,0.0,2.0,2.0,12.0,6,0.06145651951244494
OTHER,9.0,0.0,0.0,6.0,15.0,6,0.06145651951244494
OTHER,9.0,0.0,2.0,2.0,13.0,6,0.06145651951244494
OTHER,0.0,0.0,0.0,11.0,11.0,5,0.05121376626037079
OTHER,0.0,0.0,0.0,16.0,16.0,5,0.05121376626037079
OTHER,0.0,0.0,2.0,7.0,9.0,5,0.05121376626037079
OTHER,0.0,0.0,2.0,10.0,12.0,5,0.05121376626037079
OTHER,0.0,0.0,3.0,11.0,14.0,5,0.05121376626037079
OTHER,0.0,0.0,3.0,12.0,15.0,5,0.05121376626037079
OTHER,0.0,0.0,3.0,15.0,18.0,5,0.05121376626037079
OTHER,0.0,0.0,4.0,12.0,16.0,5,0.05121376626037079
OTHER,0.0,0.0,4.5,4.0,8.5,5,0.05121376626037079
OTHER,0.0,0.0,8.0,9.0,17.0,5,0.05121376626037079
OTHER,0.0,0.0,10.0,5.0,15.0,5,0.05121376626037079
OTHER,0.0,0.0,11.0,7.0,18.0,5,0.05121376626037079
OTHER,0.0,0.0,14.0,9.0,23.0,5,0.05121376626037079
OTHER,0.0,0.0,15.0,8.0,23.0,5,0.05121376626037079
OTHER,0.0,0.0,16.0,5.0,21.0,5,0.05121376626037079
OTHER,0.0,0.0,17.0,8.0,25.0,5,0.05121376626037079
OTHER,0.0,0.0,18.0,2.0,20.0,5,0.05121376626037079
OTHER,0.0,0.0,36.0,2.0,38.0,5,0.05121376626037079
OTHER,0.0,2.0,7.0,4.0,13.0,5,0.05121376626037079
OTHER,0.0,2.0,9.0,2.0,13.0,5,0.05121376626037079
OTHER,0.0,2.0,10.0,3.0,15.0,5,0.05121376626037079
OTHER,0.0,2.0,11.0,2.0,15.0,5,0.05121376626037079
OTHER,0.0,2.0,12.0,3.0,17.0,5,0.05121376626037079
OTHER,0.0,3.0,0.0,4.0,7.0,5,0.05121376626037079
OTHER,0.0,3.0,0.0,10.0,13.0,5,0.05121376626037079
OTHER,0.0,3.0,2.0,3.0,8.0,5,0.05121376626037079
OTHER,0.0,3.0,3.0,8.0,14.0,5,0.05121376626037079
OTHER,0.0,3.0,6.0,6.0,15.0,5,0.05121376626037079
OTHER,0.0,3.0,7.0,3.0,13.0,5,0.05121376626037079
OTHER,0.0,3.0,9.0,6.0,18.0,5,0.05121376626037079
OTHER,0.0,6.0,0.0,7.0,13.0,5,0.05121376626037079
OTHER,0.0,6.0,9.0,3.0,18.0,5,0.05121376626037079
OTHER,0.0,7.0,0.0,5.0,12.0,5,0.05121376626037079
OTHER,0.0,8.0,0.0,4.0,12.0,5,0.05121376626037079
OTHER,2.0,0.0,0.0,6.0,8.0,5,0.05121376626037079
OTHER,2.0,0.0,2.0,2.0,6.0,5,0.05121376626037079
OTHER,2.0,0.0,5.0,2.0,9.0,5,0.05121376626037079
OTHER,2.0,0.0,5.0,7.0,14.0,5,0.05121376626037079
OTHER,2.0,0.0,7.0,5.0,14.0,5,0.05121376626037079
OTHER,2.0,0.0,7.0,6.0,15.0,5,0.05121376626037079
OTHER,2.0,0.0,11.0,3.0,16.0,5,0.05121376626037079
OTHER,2.0,0.0,12.0,3.0,17.0,5,0.05121376626037079
OTHER,2.0,0.0,13.0,3.0,18.0,5,0.05121376626037079
OTHER,2.0,2.0,0.0,2.0,6.0,5,0.05121376626037079
OTHER,2.0,3.0,6.0,3.0,14.0,5,0.05121376626037079
OTHER,2.0,7.0,0.0,3.0,12.0,5,0.05121376626037079
OTHER,3.0,0.0,0.0,1.0,4.0,5,0.05121376626037079
OTHER,3.0,0.0,5.0,7.0,15.0,5,0.05121376626037079
OTHER,3.0,0.0,9.0,5.0,17.0,5,0.05121376626037079
OTHER,3.0,2.0,0.0,2.0,7.0,5,0.05121376626037079
OTHER,3.0,3.0,0.0,9.0,15.0,5,0.05121376626037079
OTHER,3.0,3.0,2.0,4.0,12.0,5,0.05121376626037079
OTHER,3.0,3.0,6.0,2.0,14.0,5,0.05121376626037079
OTHER,4.0,0.0,0.0,5.0,9.0,5,0.05121376626037079
OTHER,4.0,0.0,2.0,2.0,8.0,5,0.05121376626037079
OTHER,4.0,0.0,5.0,5.0,14.0,5,0.05121376626037079
OTHER,4.0,0.0,9.0,2.0,15.0,5,0.05121376626037079
OTHER,4.0,0.0,9.0,3.0,16.0,5,0.05121376626037079
OTHER,4.0,0.0,10.0,3.0,17.0,5,0.05121376626037079
OTHER,4.0,3.0,0.0,6.0,13.0,5,0.05121376626037079
OTHER,4.0,3.0,3.0,2.0,12.0,5,0.05121376626037079
OTHER,5.0,0.0,2.0,5.0,12.0,5,0.05121376626037079
OTHER,5.0,0.0,5.0,4.0,14.0,5,0.05121376626037079
OTHER,5.0,0.0,5.0,6.0,16.0,5,0.05121376626037079
OTHER,5.0,0.0,7.0,2.0,14.0,5,0.05121376626037079
OTHER,5.0,2.0,0.0,0.0,7.0,5,0.05121376626037079
OTHER,5.0,3.0,0.0,6.0,14.0,5,0.05121376626037079
OTHER,5.0,6.0,0.0,3.0,14.0,5,0.05121376626037079
OTHER,6.0,0.0,2.0,6.0,14.0,5,0.05121376626037079
OTHER,6.0,0.0,8.0,3.0,17.0,5,0.05121376626037079
OTHER,6.0,2.0,3.0,3.0,14.0,5,0.05121376626037079
OTHER,6.0,3.0,0.0,4.0,13.0,5,0.05121376626037079
OTHER,7.0,0.0,5.0,3.0,15.0,5,0.05121376626037079
OTHER,7.0,2.0,0.0,3.0,12.0,5,0.05121376626037079
OTHER,8.0,0.0,4.0,2.0,14.0,5,0.05121376626037079
OTHER,8.0,0.0,6.0,2.0,16.0,5,0.05121376626037079
OTHER,9.0,0.0,5.0,2.0,16.0,5,0.05121376626037079
OTHER,9.0,0.0,6.0,2.0,17.0,5,0.05121376626037079
OTHER,9.0,6.0,0.0,0.0,15.0,5,0.05121376626037079
OTHER,10.0,0.0,3.0,2.0,15.0,5,0.05121376626037079
OTHER,10.0,3.0,0.0,0.0,13.0,5,0.05121376626037079
OTHER,0.0,0.0,3.0,10.0,13.0,4,0.04097101300829663
OTHER,0.0,0.0,4.0,9.0,13.0,4,0.04097101300829663
OTHER,0.0,0.0,5.0,1.0,6.0,4,0.04097101300829663
OTHER,0.0,0.0,5.0,10.0,15.0,4,0.04097101300829663
OTHER,0.0,0.0,5.0,11.0,16.0,4,0.04097101300829663
OTHER,0.0,0.0,9.0,1.0,10.0,4,0.04097101300829663
OTHER,0.0,0.0,9.0,8.0,17.0,4,0.04097101300829663
OTHER,0.0,0.0,10.0,1.0,11.0,4,0.04097101300829663
OTHER,0.0,0.0,10.0,7.0,17.0,4,0.04097101300829663
OTHER,0.0,0.0,12.0,4.5,16.5,4,0.04097101300829663
OTHER,0.0,0.0,12.0,7.0,19.0,4,0.04097101300829663
OTHER,0.0,0.0,14.0,7.0,21.0,4,0.04097101300829663
OTHER,0.0,0.0,14.0,8.0,22.0,4,0.04097101300829663
OTHER,0.0,0.0,14.0,11.0,25.0,4,0.04097101300829663
OTHER,0.0,0.0,15.0,7.0,22.0,4,0.04097101300829663
OTHER,0.0,0.0,17.0,5.0,22.0,4,0.04097101300829663
OTHER,0.0,0.0,18.0,1.0,19.0,4,0.04097101300829663
OTHER,0.0,0.0,20.0,5.0,25.0,4,0.04097101300829663
OTHER,0.0,0.0,22.5,2.0,24.5,4,0.04097101300829663
OTHER,0.0,2.0,0.0,6.0,8.0,4,0.04097101300829663
OTHER,0.0,2.0,0.0,10.0,12.0,4,0.04097101300829663
OTHER,0.0,2.0,2.0,2.0,6.0,4,0.04097101300829663
OTHER,0.0,2.0,3.0,2.0,7.0,4,0.04097101300829663
OTHER,0.0,2.0,11.0,3.0,16.0,4,0.04097101300829663
OTHER,0.0,3.0,2.0,2.0,7.0,4,0.04097101300829663
OTHER,0.0,3.0,5.0,5.0,13.0,4,0.04097101300829663
OTHER,0.0,3.0,7.0,2.0,12.0,4,0.04097101300829663
OTHER,0.0,3.0,10.0,2.0,15.0,4,0.04097101300829663
OTHER,0.0,3.0,11.0,2.0,16.0,4,0.04097101300829663
OTHER,0.0,4.0,7.0,2.0,13.0,4,0.04097101300829663
OTHER,0.0,5.0,5.0,2.0,12.0,4,0.04097101300829663
OTHER,0.0,6.0,5.0,2.0,13.0,4,0.04097101300829663
OTHER,0.0,6.0,5.0,3.0,14.0,4,0.04097101300829663
OTHER,0.0,6.0,6.0,3.0,15.0,4,0.04097101300829663
OTHER,1.0,0.0,0.0,2.0,3.0,4,0.04097101300829663
OTHER,2.0,0.0,0.0,1.0,3.0,4,0.04097101300829663
OTHER,2.0,0.0,2.0,3.0,7.0,4,0.04097101300829663
OTHER,2.0,0.0,3.0,4.0,9.0,4,0.04097101300829663
OTHER,2.0,0.0,3.0,8.0,13.0,4,0.04097101300829663
OTHER,2.0,0.0,4.0,2.0,8.0,4,0.04097101300829663
OTHER,2.0,0.0,4.0,7.0,13.0,4,0.04097101300829663
OTHER,2.0,0.0,5.0,8.0,15.0,4,0.04097101300829663
OTHER,2.0,0.0,6.0,7.0,15.0,4,0.04097101300829663
OTHER,2.0,0.0,8.0,5.0,15.0,4,0.04097101300829663
OTHER,2.0,0.0,8.0,7.0,17.0,4,0.04097101300829663
OTHER,2.0,0.0,9.0,4.0,15.0,4,0.04097101300829663
OTHER,2.0,0.0,12.0,2.0,16.0,4,0.04097101300829663
OTHER,2.0,0.0,13.0,2.0,17.0,4,0.04097101300829663
OTHER,2.0,3.0,3.0,5.0,13.0,4,0.04097101300829663
OTHER,2.0,3.0,4.0,3.0,12.0,4,0.04097101300829663
OTHER,2.0,3.0,9.0,3.0,17.0,4,0.04097101300829663
OTHER,3.0,0.0,3.0,7.0,13.0,4,0.04097101300829663
OTHER,3.0,0.0,4.0,8.0,15.0,4,0.04097101300829663
OTHER,3.0,0.0,9.0,6.0,18.0,4,0.04097101300829663
OTHER,3.0,0.0,14.0,1.0,18.0,4,0.04097101300829663
OTHER,3.0,0.0,14.0,2.0,19.0,4,0.04097101300829663
OTHER,3.0,2.0,3.0,6.0,14.0,4,0.04097101300829663
OTHER,3.0,2.0,5.0,3.0,13.0,4,0.04097101300829663
OTHER,3.0,3.0,0.0,3.0,9.0,4,0.04097101300829663
OTHER,3.0,3.0,0.0,8.0,14.0,4,0.04097101300829663
OTHER,3.0,3.0,8.0,2.0,16.0,4,0.04097101300829663
OTHER,3.0,4.0,0.0,5.0,12.0,4,0.04097101300829663
OTHER,3.0,6.0,6.0,3.0,18.0,4,0.04097101300829663
OTHER,3.0,10.0,0.0,0.0,13.0,4,0.04097101300829663
OTHER,4.0,0.0,3.0,2.0,9.0,4,0.04097101300829663
OTHER,4.0,0.0,3.0,8.0,15.0,4,0.04097101300829663
OTHER,4.0,0.0,9.0,4.0,17.0,4,0.04097101300829663
OTHER,4.0,0.0,10.0,2.0,16.0,4,0.04097101300829663
OTHER,4.0,0.0,11.0,4.0,19.0,4,0.04097101300829663
OTHER,4.0,0.0,15.0,4.0,23.0,4,0.04097101300829663
OTHER,4.0,3.0,3.0,3.0,13.0,4,0.04097101300829663
OTHER,4.0,6.0,0.0,3.0,13.0,4,0.04097101300829663
OTHER,4.5,0.0,12.0,2.0,18.5,4,0.04097101300829663
OTHER,5.0,0.0,0.0,4.0,9.0,4,0.04097101300829663
OTHER,5.0,0.0,2.0,7.0,14.0,4,0.04097101300829663
OTHER,5.0,0.0,3.0,6.0,14.0,4,0.04097101300829663
OTHER,5.0,0.0,5.0,5.0,15.0,4,0.04097101300829663
OTHER,5.0,0.0,6.0,5.0,16.0,4,0.04097101300829663
OTHER,5.0,0.0,7.0,3.0,15.0,4,0.04097101300829663
OTHER,5.0,0.0,9.0,2.0,16.0,4,0.04097101300829663
OTHER,5.0,0.0,12.0,6.0,23.0,4,0.04097101300829663
OTHER,5.0,3.0,0.0,5.0,13.0,4,0.04097101300829663
OTHER,5.0,3.0,2.0,2.0,12.0,4,0.04097101300829663
OTHER,5.0,4.0,0.0,0.0,9.0,4,0.04097101300829663
OTHER,6.0,0.0,5.0,4.0,15.0,4,0.04097101300829663
OTHER,6.0,0.0,6.0,4.0,16.0,4,0.04097101300829663
OTHER,6.0,0.0,6.0,5.0,17.0,4,0.04097101300829663
OTHER,6.0,0.0,6.0,6.0,18.0,4,0.04097101300829663
OTHER,6.0,0.0,8.0,2.0,16.0,4,0.04097101300829663
OTHER,6.0,3.0,3.0,2.0,14.0,4,0.04097101300829663
OTHER,7.0,0.0,4.0,2.0,13.0,4,0.04097101300829663
OTHER,7.0,0.0,5.0,2.0,14.0,4,0.04097101300829663
OTHER,7.0,0.0,6.0,2.0,15.0,4,0.04097101300829663
OTHER,7.0,2.0,0.0,0.0,9.0,4,0.04097101300829663
OTHER,7.0,2.0,0.0,4.0,13.0,4,0.04097101300829663
OTHER,8.0,0.0,0.0,2.0,10.0,4,0.04097101300829663
OTHER,8.0,0.0,0.0,8.0,16.0,4,0.04097101300829663
OTHER,8.0,0.0,3.0,4.0,15.0,4,0.04097101300829663
OTHER,8.0,0.0,6.0,3.0,17.0,4,0.04097101300829663
OTHER,8.0,4.0,0.0,0.0,12.0,4,0.04097101300829663
OTHER,8.0,5.0,0.0,0.0,13.0,4,0.04097101300829663
OTHER,9.0,3.0,3.0,3.0,18.0,4,0.04097101300829663
OTHER,10.0,0.0,0.0,4.0,14.0,4,0.04097101300829663
OTHER,10.0,0.0,0.0,5.0,15.0,4,0.04097101300829663
OTHER,12.0,0.0,0.0,4.0,16.0,4,0.04097101300829663
OTHER,13.0,0.0,0.0,2.0,15.0,4,0.04097101300829663
OTHER,0.0,0.0,0.0,10.0,10.0,3,0.03072825975622247
OTHER,0.0,0.0,1.0,3.0,4.0,3,0.03072825975622247
OTHER,0.0,0.0,2.0,12.0,14.0,3,0.03072825975622247
OTHER,0.0,0.0,2.0,14.0,16.0,3,0.03072825975622247
OTHER,0.0,0.0,3.0,14.0,17.0,3,0.03072825975622247
OTHER,0.0,0.0,4.0,10.0,14.0,3,0.03072825975622247
OTHER,0.0,0.0,5.0,12.0,17.0,3,0.03072825975622247
OTHER,0.0,0.0,6.0,4.0,10.0,3,0.03072825975622247
OTHER,0.0,0.0,6.0,5.0,11.0,3,0.03072825975622247
OTHER,0.0,0.0,6.0,10.0,16.0,3,0.03072825975622247
OTHER,0.0,0.0,6.0,11.0,17.0,3,0.03072825975622247
OTHER,0.0,0.0,7.0,4.0,11.0,3,0.03072825975622247
OTHER,0.0,0.0,7.0,7.0,14.0,3,0.03072825975622247
OTHER,0.0,0.0,7.0,8.0,15.0,3,0.03072825975622247
OTHER,0.0,0.0,7.0,9.0,16.0,3,0.03072825975622247
OTHER,0.0,0.0,8.0,2.0,10.0,3,0.03072825975622247
OTHER,0.0,0.0,9.0,7.0,16.0,3,0.03072825975622247
OTHER,0.0,0.0,10.0,6.0,16.0,3,0.03072825975622247
OTHER,0.0,0.0,10.0,11.0,21.0,3,0.03072825975622247
OTHER,0.0,0.0,12.0,1.0,13.0,3,0.03072825975622247
OTHER,0.0,0.0,12.0,8.0,20.0,3,0.03072825975622247
OTHER,0.0,0.0,12.0,8.5,20.5,3,0.03072825975622247
OTHER,0.0,0.0,14.0,5.0,19.0,3,0.03072825975622247
OTHER,0.0,0.0,15.0,10.0,25.0,3,0.03072825975622247
OTHER,0.0,0.0,16.0,6.0,22.0,3,0.03072825975622247
OTHER,0.0,0.0,16.5,8.0,24.5,3,0.03072825975622247
OTHER,0.0,0.0,19.0,4.0,23.0,3,0.03072825975622247
OTHER,0.0,0.0,19.0,5.0,24.0,3,0.03072825975622247
OTHER,0.0,0.0,20.0,1.0,21.0,3,0.03072825975622247
OTHER,0.0,0.0,20.0,2.0,22.0,3,0.03072825975622247
OTHER,0.0,0.0,21.0,3.0,24.0,3,0.03072825975622247
OTHER,0.0,1.0,14.0,2.0,17.0,3,0.03072825975622247
OTHER,0.0,2.0,0.0,5.0,7.0,3,0.03072825975622247
OTHER,0.0,2.0,0.0,11.0,13.0,3,0.03072825975622247
OTHER,0.0,2.0,5.0,2.0,9.0,3,0.03072825975622247
OTHER,0.0,2.0,7.0,3.0,12.0,3,0.03072825975622247
OTHER,0.0,2.0,10.0,2.0,14.0,3,0.03072825975622247
OTHER,0.0,2.0,12.0,4.0,18.0,3,0.03072825975622247
OTHER,0.0,2.0,14.0,1.0,17.0,3,0.03072825975622247
OTHER,0.0,2.0,15.0,2.0,19.0,3,0.03072825975622247
OTHER,0.0,3.0,0.0,11.0,14.0,3,0.03072825975622247
OTHER,0.0,3.0,3.0,2.0,8.0,3,0.03072825975622247
OTHER,0.0,3.0,8.0,2.0,13.0,3,0.03072825975622247
OTHER,0.0,3.0,8.0,4.0,15.0,3,0.03072825975622247
OTHER,0.0,3.0,11.0,4.0,18.0,3,0.03072825975622247
OTHER,0.0,4.0,0.0,3.0,7.0,3,0.03072825975622247
OTHER,0.0,4.0,0.0,5.0,9.0,3,0.03072825975622247
OTHER,0.0,4.0,0.0,8.0,12.0,3,0.03072825975622247
OTHER,0.0,4.0,5.0,4.0,13.0,3,0.03072825975622247
OTHER,0.0,4.0,6.0,5.0,15.0,3,0.03072825975622247
OTHER,0.0,4.0,7.0,4.0,15.0,3,0.03072825975622247
OTHER,0.0,4.0,9.0,2.0,15.0,3,0.03072825975622247
OTHER,0.0,4.0,15.0,2.0,21.0,3,0.03072825975622247
OTHER,0.0,5.0,0.0,3.0,8.0,3,0.03072825975622247
OTHER,0.0,6.0,0.0,8.0,14.0,3,0.03072825975622247
OTHER,0.0,6.0,4.0,3.0,13.0,3,0.03072825975622247
OTHER,0.0,8.0,7.0,2.0,17.0,3,0.03072825975622247
OTHER,0.0,9.0,3.0,3.0,15.0,3,0.03072825975622247
OTHER,1.0,0.0,14.0,3.0,18.0,3,0.03072825975622247
OTHER,1.0,0.0,15.0,2.0,18.0,3,0.03072825975622247
OTHER,1.0,3.0,0.0,0.0,4.0,3,0.03072825975622247
OTHER,2.0,0.0,0.0,13.0,15.0,3,0.03072825975622247
OTHER,2.0,0.0,2.0,4.0,8.0,3,0.03072825975622247
OTHER,2.0,0.0,2.0,8.0,12.0,3,0.03072825975622247
OTHER,2.0,0.0,2.0,10.0,14.0,3,0.03072825975622247
OTHER,2.0,0.0,3.0,9.0,14.0,3,0.03072825975622247
OTHER,2.0,0.0,4.0,3.0,9.0,3,0.03072825975622247
OTHER,2.0,0.0,7.0,4.0,13.0,3,0.03072825975622247
OTHER,2.0,0.0,13.0,1.0,16.0,3,0.03072825975622247
OTHER,2.0,2.0,0.0,8.0,12.0,3,0.03072825975622247
OTHER,2.0,2.0,3.0,5.0,12.0,3,0.03072825975622247
OTHER,2.0,2.0,5.0,3.0,12.0,3,0.03072825975622247
OTHER,2.0,2.0,6.0,3.0,13.0,3,0.03072825975622247
OTHER,2.0,3.0,0.0,2.0,7.0,3,0.03072825975622247
OTHER,2.0,3.0,3.0,4.0,12.0,3,0.03072825975622247
OTHER,2.0,3.0,5.0,2.0,12.0,3,0.03072825975622247
OTHER,2.0,3.0,6.0,2.0,13.0,3,0.03072825975622247
OTHER,2.0,6.0,0.0,0.0,8.0,3,0.03072825975622247
OTHER,2.0,6.0,0.0,4.0,12.0,3,0.03072825975622247
OTHER,2.0,6.0,0.0,6.0,14.0,3,0.03072825975622247
OTHER,3.0,0.0,2.0,2.0,7.0,3,0.03072825975622247
OTHER,3.0,0.0,2.0,7.0,12.0,3,0.03072825975622247
OTHER,3.0,0.0,2.0,8.0,13.0,3,0.03072825975622247
OTHER,3.0,0.0,2.0,9.0,14.0,3,0.03072825975622247
OTHER,3.0,0.0,4.0,6.0,13.0,3,0.03072825975622247
OTHER,3.0,0.0,5.0,9.0,17.0,3,0.03072825975622247
OTHER,3.0,0.0,10.0,4.0,17.0,3,0.03072825975622247
OTHER,3.0,0.0,11.0,4.0,18.0,3,0.03072825975622247
OTHER,3.0,2.0,0.0,9.0,14.0,3,0.03072825975622247
OTHER,3.0,2.0,2.0,5.0,12.0,3,0.03072825975622247
OTHER,3.0,2.0,5.0,2.0,12.0,3,0.03072825975622247
OTHER,3.0,2.0,6.0,3.0,14.0,3,0.03072825975622247
OTHER,3.0,2.0,7.0,2.0,14.0,3,0.03072825975622247
OTHER,3.0,2.0,9.0,2.0,16.0,3,0.03072825975622247
OTHER,3.0,3.0,3.0,5.0,14.0,3,0.03072825975622247
OTHER,3.0,3.0,5.0,2.0,13.0,3,0.03072825975622247
OTHER,3.0,3.0,7.0,3.0,16.0,3,0.03072825975622247
OTHER,3.0,3.0,8.0,3.0,17.0,3,0.03072825975622247
OTHER,3.0,3.0,9.0,2.0,17.0,3,0.03072825975622247
OTHER,3.0,4.0,5.0,3.0,15.0,3,0.03072825975622247
OTHER,3.0,11.0,0.0,0.0,14.0,3,0.03072825975622247
OTHER,3.0,12.0,0.0,0.0,15.0,3,0.03072825975622247
OTHER,4.0,0.0,5.0,6.0,15.0,3,0.03072825975622247
OTHER,4.0,0.0,7.0,5.0,16.0,3,0.03072825975622247
OTHER,4.0,0.0,7.0,7.0,18.0,3,0.03072825975622247
OTHER,4.0,0.0,8.0,6.0,18.0,3,0.03072825975622247
OTHER,4.0,2.0,0.0,7.0,13.0,3,0.03072825975622247
OTHER,4.0,3.0,0.0,7.0,14.0,3,0.03072825975622247
OTHER,4.0,3.0,0.0,8.0,15.0,3,0.03072825975622247
OTHER,4.0,3.0,3.0,6.0,16.0,3,0.03072825975622247
OTHER,4.0,3.0,4.0,3.0,14.0,3,0.03072825975622247
OTHER,4.0,4.0,0.0,7.0,15.0,3,0.03072825975622247
OTHER,4.0,4.0,3.0,4.0,15.0,3,0.03072825975622247
OTHER,4.0,4.0,8.0,2.0,18.0,3,0.03072825975622247
OTHER,4.0,8.0,0.0,0.0,12.0,3,0.03072825975622247
OTHER,4.5,0.0,12.0,6.0,22.5,3,0.03072825975622247
OTHER,5.0,0.0,3.0,7.0,15.0,3,0.03072825975622247
OTHER,5.0,0.0,4.0,6.0,15.0,3,0.03072825975622247
OTHER,5.0,0.0,9.0,3.0,17.0,3,0.03072825975622247
OTHER,5.0,0.0,10.0,2.0,17.0,3,0.03072825975622247
OTHER,5.0,0.0,10.0,3.0,18.0,3,0.03072825975622247
OTHER,5.0,0.0,12.0,1.0,18.0,3,0.03072825975622247
OTHER,5.0,3.0,2.0,3.0,13.0,3,0.03072825975622247
OTHER,5.0,3.0,3.0,2.0,13.0,3,0.03072825975622247
OTHER,6.0,0.0,3.0,9.0,18.0,3,0.03072825975622247
OTHER,6.0,0.0,4.0,4.0,14.0,3,0.03072825975622247
OTHER,6.0,0.0,10.0,2.0,18.0,3,0.03072825975622247
OTHER,6.0,3.0,2.0,3.0,14.0,3,0.03072825975622247
OTHER,6.0,8.0,0.0,0.0,14.0,3,0.03072825975622247
OTHER,7.0,0.0,0.0,7.0,14.0,3,0.03072825975622247
OTHER,7.0,0.0,2.0,5.0,14.0,3,0.03072825975622247
OTHER,7.0,3.0,3.0,3.0,16.0,3,0.03072825975622247
OTHER,7.0,6.0,0.0,0.0,13.0,3,0.03072825975622247
OTHER,8.0,0.0,0.0,9.0,17.0,3,0.03072825975622247
OTHER,8.0,0.0,2.0,5.0,15.0,3,0.03072825975622247
OTHER,8.0,0.0,4.0,3.0,15.0,3,0.03072825975622247
OTHER,8.0,0.0,4.0,4.0,16.0,3,0.03072825975622247
OTHER,8.0,0.0,5.0,2.0,15.0,3,0.03072825975622247
OTHER,8.0,0.0,8.0,4.0,20.0,3,0.03072825975622247
OTHER,8.0,2.0,2.0,2.0,14.0,3,0.03072825975622247
OTHER,8.0,3.0,0.0,2.0,13.0,3,0.03072825975622247
OTHER,8.0,3.0,0.0,3.0,14.0,3,0.03072825975622247
OTHER,9.0,0.0,0.0,2.0,11.0,3,0.03072825975622247
OTHER,9.0,0.0,4.0,2.0,15.0,3,0.03072825975622247
OTHER,9.0,0.0,5.0,3.0,17.0,3,0.03072825975622247
OTHER,9.0,0.0,6.0,3.0,18.0,3,0.03072825975622247
OTHER,9.0,2.0,0.0,3.0,14.0,3,0.03072825975622247
OTHER,11.0,2.0,0.0,0.0,13.0,3,0.03072825975622247
OTHER,12.0,0.0,3.0,3.0,18.0,3,0.03072825975622247
OTHER,0.0,0.0,0.0,4.5,4.5,2,0.020485506504148314
OTHER,0.0,0.0,0.0,17.0,17.0,2,0.020485506504148314
OTHER,0.0,0.0,0.0,18.0,18.0,2,0.020485506504148314
OTHER,0.0,0.0,0.0,20.0,20.0,2,0.020485506504148314
OTHER,0.0,0.0,2.0,1.0,3.0,2,0.020485506504148314
OTHER,0.0,0.0,2.0,11.0,13.0,2,0.020485506504148314
OTHER,0.0,0.0,3.0,4.5,7.5,2,0.020485506504148314
OTHER,0.0,0.0,4.0,11.0,15.0,2,0.020485506504148314
OTHER,0.0,0.0,4.5,3.0,7.5,2,0.020485506504148314
OTHER,0.0,0.0,7.0,10.0,17.0,2,0.020485506504148314
OTHER,0.0,0.0,9.0,12.0,21.0,2,0.020485506504148314
OTHER,0.0,0.0,10.0,9.0,19.0,2,0.020485506504148314
OTHER,0.0,0.0,12.0,12.5,24.5,2,0.020485506504148314
OTHER,0.0,0.0,14.0,0.0,14.0,2,0.020485506504148314
OTHER,0.0,0.0,14.0,9.5,23.5,2,0.020485506504148314
OTHER,0.0,0.0,15.0,5.0,20.0,2,0.020485506504148314
OTHER,0.0,0.0,15.5,2.0,17.5,2,0.020485506504148314
OTHER,0.0,0.0,16.0,8.0,24.0,2,0.020485506504148314
OTHER,0.0,0.0,16.0,9.0,25.0,2,0.020485506504148314
OTHER,0.0,0.0,17.0,0.0,17.0,2,0.020485506504148314
OTHER,0.0,0.0,18.0,5.0,23.0,2,0.020485506504148314
OTHER,0.0,0.0,18.5,3.0,21.5,2,0.020485506504148314
OTHER,0.0,0.0,18.5,4.0,22.5,2,0.020485506504148314
OTHER,0.0,0.0,19.0,4.5,23.5,2,0.020485506504148314
OTHER,0.0,0.0,19.5,4.5,24.0,2,0.020485506504148314
OTHER,0.0,0.0,20.0,3.0,23.0,2,0.020485506504148314
OTHER,0.0,0.0,20.0,4.0,24.0,2,0.020485506504148314
OTHER,0.0,0.0,20.5,3.0,23.5,2,0.020485506504148314
OTHER,0.0,0.0,21.0,2.0,23.0,2,0.020485506504148314
OTHER,0.0,0.0,21.5,2.0,23.5,2,0.020485506504148314
OTHER,0.0,0.0,27.0,12.0,39.0,2,0.020485506504148314
OTHER,0.0,1.0,4.0,3.0,8.0,2,0.020485506504148314
OTHER,0.0,1.0,15.0,2.0,18.0,2,0.020485506504148314
OTHER,0.0,2.0,0.0,13.0,15.0,2,0.020485506504148314
OTHER,0.0,2.0,2.0,8.0,12.0,2,0.020485506504148314
OTHER,0.0,2.0,3.0,4.0,9.0,2,0.020485506504148314
OTHER,0.0,2.0,3.0,7.0,12.0,2,0.020485506504148314
OTHER,0.0,2.0,4.0,1.0,7.0,2,0.020485506504148314
OTHER,0.0,2.0,4.0,2.0,8.0,2,0.020485506504148314
OTHER,0.0,2.0,4.0,8.0,14.0,2,0.020485506504148314
OTHER,0.0,2.0,6.0,5.0,13.0,2,0.020485506504148314
OTHER,0.0,2.0,6.0,6.0,14.0,2,0.020485506504148314
OTHER,0.0,2.0,7.0,9.0,18.0,2,0.020485506504148314
OTHER,0.0,2.0,8.0,3.0,13.0,2,0.020485506504148314
OTHER,0.0,2.0,9.0,1.0,12.0,2,0.020485506504148314
OTHER,0.0,2.0,9.0,4.0,15.0,2,0.020485506504148314
OTHER,0.0,2.0,12.0,2.0,16.0,2,0.020485506504148314
OTHER,0.0,2.0,13.0,2.0,17.0,2,0.020485506504148314
OTHER,0.0,2.0,14.0,4.0,20.0,2,0.020485506504148314
OTHER,0.0,2.0,15.0,1.0,18.0,2,0.020485506504148314
OTHER,0.0,3.0,0.0,5.0,8.0,2,0.020485506504148314
OTHER,0.0,3.0,4.0,5.0,12.0,2,0.020485506504148314
OTHER,0.0,3.0,5.0,6.0,14.0,2,0.020485506504148314
OTHER,0.0,3.0,6.0,5.0,14.0,2,0.020485506504148314
OTHER,0.0,3.0,6.0,9.0,18.0,2,0.020485506504148314
OTHER,0.0,3.0,7.0,4.0,14.0,2,0.020485506504148314
OTHER,0.0,3.0,8.0,7.0,18.0,2,0.020485506504148314
OTHER,0.0,3.0,9.0,4.0,16.0,2,0.020485506504148314
OTHER,0.0,3.0,14.0,0.0,17.0,2,0.020485506504148314
OTHER,0.0,3.0,14.0,1.0,18.0,2,0.020485506504148314
OTHER,0.0,4.0,0.0,4.0,8.0,2,0.020485506504148314
OTHER,0.0,4.0,0.0,11.0,15.0,2,0.020485506504148314
OTHER,0.0,4.0,1.0,2.0,7.0,2,0.020485506504148314
OTHER,0.0,4.0,2.0,2.0,8.0,2,0.020485506504148314
OTHER,0.0,4.0,2.0,3.0,9.0,2,0.020485506504148314
OTHER,0.0,4.0,2.0,7.0,13.0,2,0.020485506504148314
OTHER,0.0,4.0,4.0,5.0,13.0,2,0.020485506504148314
OTHER,0.0,4.0,5.0,3.0,12.0,2,0.020485506504148314
OTHER,0.0,4.0,5.0,10.0,19.0,2,0.020485506504148314
OTHER,0.0,4.0,6.0,3.0,13.0,2,0.020485506504148314
OTHER,0.0,4.0,8.0,3.0,15.0,2,0.020485506504148314
OTHER,0.0,4.0,9.0,5.0,18.0,2,0.020485506504148314
OTHER,0.0,4.0,10.0,4.0,18.0,2,0.020485506504148314
OTHER,0.0,4.0,11.0,3.0,18.0,2,0.020485506504148314
OTHER,0.0,4.0,12.0,2.0,18.0,2,0.020485506504148314
OTHER,0.0,4.0,12.0,4.0,20.0,2,0.020485506504148314
OTHER,0.0,4.0,16.0,4.0,24.0,2,0.020485506504148314
OTHER,0.0,5.0,0.0,7.0,12.0,2,0.020485506504148314
OTHER,0.0,5.0,3.0,5.0,13.0,2,0.020485506504148314
OTHER,0.0,5.0,8.0,2.0,15.0,2,0.020485506504148314
OTHER,0.0,5.0,9.0,2.0,16.0,2,0.020485506504148314
OTHER,0.0,5.0,9.0,3.0,17.0,2,0.020485506504148314
OTHER,0.0,5.0,11.0,2.0,18.0,2,0.020485506504148314
OTHER,0.0,5.0,17.0,3.0,25.0,2,0.020485506504148314
OTHER,0.0,6.0,3.0,5.0,14.0,2,0.020485506504148314
OTHER,0.0,6.0,3.0,6.0,15.0,2,0.020485506504148314
OTHER,0.0,6.0,8.0,3.0,17.0,2,0.020485506504148314
OTHER,0.0,6.0,9.0,2.0,17.0,2,0.020485506504148314
OTHER,0.0,6.0,10.0,2.0,18.0,2,0.020485506504148314
OTHER,0.0,6.0,13.0,4.0,23.0,2,0.020485506504148314
OTHER,0.0,7.0,0.0,8.0,15.0,2,0.020485506504148314
OTHER,0.0,7.0,2.0,3.0,12.0,2,0.020485506504148314
OTHER,0.0,7.0,2.0,7.0,16.0,2,0.020485506504148314
OTHER,0.0,7.0,5.0,2.0,14.0,2,0.020485506504148314
OTHER,0.0,7.0,5.0,5.0,17.0,2,0.020485506504148314
OTHER,0.0,7.0,8.0,3.0,18.0,2,0.020485506504148314
OTHER,0.0,8.0,0.0,6.0,14.0,2,0.020485506504148314
OTHER,0.0,8.0,2.0,3.0,13.0,2,0.020485506504148314
OTHER,0.0,8.0,3.0,2.0,13.0,2,0.020485506504148314
OTHER,0.0,8.0,6.0,3.0,17.0,2,0.020485506504148314
OTHER,0.0,9.0,0.0,7.0,16.0,2,0.020485506504148314
OTHER,0.0,9.0,2.0,2.0,13.0,2,0.020485506504148314
OTHER,0.0,9.0,2.0,3.0,14.0,2,0.020485506504148314
OTHER,0.0,9.0,6.0,2.0,17.0,2,0.020485506504148314
OTHER,0.0,9.0,6.0,3.0,18.0,2,0.020485506504148314
OTHER,0.0,11.0,0.0,2.0,13.0,2,0.020485506504148314
OTHER,0.0,14.0,0.0,2.0,16.0,2,0.020485506504148314
OTHER,0.0,15.0,0.0,2.0,17.0,2,0.020485506504148314
OTHER,1.0,0.0,0.0,1.0,2.0,2,0.020485506504148314
OTHER,1.0,0.0,3.0,2.0,6.0,2,0.020485506504148314
OTHER,1.0,0.0,5.0,1.0,7.0,2,0.020485506504148314
OTHER,1.0,0.0,9.0,2.0,12.0,2,0.020485506504148314
OTHER,1.0,0.0,9.0,3.0,13.0,2,0.020485506504148314
OTHER,1.0,0.0,9.0,5.0,15.0,2,0.020485506504148314
OTHER,1.0,0.0,12.0,5.0,18.0,2,0.020485506504148314
OTHER,1.0,0.0,13.0,4.0,18.0,2,0.020485506504148314
OTHER,1.0,0.0,14.0,2.0,17.0,2,0.020485506504148314
OTHER,2.0,0.0,0.0,7.0,9.0,2,0.020485506504148314
OTHER,2.0,0.0,0.0,9.0,11.0,2,0.020485506504148314
OTHER,2.0,0.0,0.0,14.0,16.0,2,0.020485506504148314
OTHER,2.0,0.0,2.0,0.0,4.0,2,0.020485506504148314
OTHER,2.0,0.0,2.0,9.0,13.0,2,0.020485506504148314
OTHER,2.0,0.0,3.0,10.0,15.0,2,0.020485506504148314
OTHER,2.0,0.0,4.0,8.0,14.0,2,0.020485506504148314
OTHER,2.0,0.0,4.0,9.0,15.0,2,0.020485506504148314
OTHER,2.0,0.0,6.0,8.0,16.0,2,0.020485506504148314
OTHER,2.0,0.0,7.0,7.0,16.0,2,0.020485506504148314
OTHER,2.0,0.0,9.0,5.0,16.0,2,0.020485506504148314
OTHER,2.0,0.0,10.0,1.0,13.0,2,0.020485506504148314
OTHER,2.0,0.0,14.0,4.0,20.0,2,0.020485506504148314
OTHER,2.0,0.0,15.0,2.0,19.0,2,0.020485506504148314
OTHER,2.0,0.0,17.0,2.0,21.0,2,0.020485506504148314
OTHER,2.0,2.0,0.0,4.0,8.0,2,0.020485506504148314
OTHER,2.0,2.0,2.0,7.0,13.0,2,0.020485506504148314
OTHER,2.0,3.0,0.0,7.0,12.0,2,0.020485506504148314
OTHER,2.0,3.0,4.0,5.0,14.0,2,0.020485506504148314
OTHER,2.0,3.0,5.0,3.0,13.0,2,0.020485506504148314
OTHER,2.0,3.0,6.0,5.0,16.0,2,0.020485506504148314
OTHER,2.0,3.0,9.0,1.0,15.0,2,0.020485506504148314
OTHER,2.0,3.0,9.0,2.0,16.0,2,0.020485506504148314
OTHER,2.0,4.0,0.0,6.0,12.0,2,0.020485506504148314
OTHER,2.0,4.0,5.0,2.0,13.0,2,0.020485506504148314
OTHER,2.0,5.0,0.0,0.0,7.0,2,0.020485506504148314
OTHER,2.0,5.0,0.0,5.0,12.0,2,0.020485506504148314
OTHER,2.0,5.0,6.0,2.0,15.0,2,0.020485506504148314
OTHER,2.0,6.0,0.0,5.0,13.0,2,0.020485506504148314
OTHER,2.0,11.0,0.0,0.0,13.0,2,0.020485506504148314
OTHER,3.0,0.0,0.0,8.0,11.0,2,0.020485506504148314
OTHER,3.0,0.0,2.0,10.0,15.0,2,0.020485506504148314
OTHER,3.0,0.0,4.0,7.0,14.0,2,0.020485506504148314
OTHER,3.0,0.0,5.0,8.0,16.0,2,0.020485506504148314
OTHER,3.0,0.0,6.0,2.0,11.0,2,0.020485506504148314
OTHER,3.0,0.0,7.0,7.0,17.0,2,0.020485506504148314
OTHER,3.0,0.0,10.0,5.0,18.0,2,0.020485506504148314
OTHER,3.0,0.0,12.0,4.0,19.0,2,0.020485506504148314
OTHER,3.0,0.0,12.0,6.0,21.0,2,0.020485506504148314
OTHER,3.0,0.0,13.0,1.0,17.0,2,0.020485506504148314
OTHER,3.0,2.0,0.0,3.0,8.0,2,0.020485506504148314
OTHER,3.0,2.0,2.0,2.0,9.0,2,0.020485506504148314
OTHER,3.0,2.0,4.0,3.0,12.0,2,0.020485506504148314
OTHER,3.0,2.0,5.0,5.0,15.0,2,0.020485506504148314
OTHER,3.0,2.0,7.0,6.0,18.0,2,0.020485506504148314
OTHER,3.0,3.0,0.0,2.0,8.0,2,0.020485506504148314
OTHER,3.0,3.0,0.0,7.0,13.0,2,0.020485506504148314
OTHER,3.0,3.0,2.0,5.0,13.0,2,0.020485506504148314
OTHER,3.0,3.0,5.0,4.0,15.0,2,0.020485506504148314
OTHER,3.0,4.0,0.0,9.0,16.0,2,0.020485506504148314
OTHER,3.0,4.0,2.0,3.0,12.0,2,0.020485506504148314
OTHER,3.0,4.0,2.0,4.0,13.0,2,0.020485506504148314
OTHER,3.0,4.0,4.0,3.0,14.0,2,0.020485506504148314
OTHER,3.0,4.0,4.0,5.0,16.0,2,0.020485506504148314
OTHER,3.0,4.0,5.0,2.0,14.0,2,0.020485506504148314
OTHER,3.0,5.0,0.0,0.0,8.0,2,0.020485506504148314
OTHER,3.0,5.0,0.0,4.0,12.0,2,0.020485506504148314
OTHER,3.0,5.0,0.0,5.0,13.0,2,0.020485506504148314
OTHER,3.0,5.0,2.0,3.0,13.0,2,0.020485506504148314
OTHER,3.0,5.0,3.0,3.0,14.0,2,0.020485506504148314
OTHER,3.0,6.0,0.0,5.0,14.0,2,0.020485506504148314
OTHER,3.0,6.0,0.0,6.0,15.0,2,0.020485506504148314
OTHER,3.0,6.0,6.0,2.0,17.0,2,0.020485506504148314
OTHER,3.0,7.0,0.0,4.0,14.0,2,0.020485506504148314
OTHER,3.0,9.0,0.0,2.0,14.0,2,0.020485506504148314
OTHER,3.0,13.0,0.0,0.0,16.0,2,0.020485506504148314
OTHER,4.0,0.0,0.0,16.0,20.0,2,0.020485506504148314
OTHER,4.0,0.0,2.0,6.0,12.0,2,0.020485506504148314
OTHER,4.0,0.0,3.0,7.0,14.0,2,0.020485506504148314
OTHER,4.0,0.0,5.0,8.0,17.0,2,0.020485506504148314
OTHER,4.0,0.0,6.0,1.0,11.0,2,0.020485506504148314
OTHER,4.0,0.0,6.0,7.0,17.0,2,0.020485506504148314
OTHER,4.0,0.0,6.0,8.0,18.0,2,0.020485506504148314
OTHER,4.0,0.0,7.0,6.0,17.0,2,0.020485506504148314
OTHER,4.0,0.0,9.0,5.0,18.0,2,0.020485506504148314
OTHER,4.0,0.0,11.0,3.0,18.0,2,0.020485506504148314
OTHER,4.0,0.0,11.0,6.0,21.0,2,0.020485506504148314
OTHER,4.0,0.0,14.0,3.0,21.0,2,0.020485506504148314
OTHER,4.0,0.0,14.0,6.0,24.0,2,0.020485506504148314
OTHER,4.0,0.0,15.0,2.0,21.0,2,0.020485506504148314
OTHER,4.0,1.0,6.0,2.0,13.0,2,0.020485506504148314
OTHER,4.0,2.0,3.0,3.0,12.0,2,0.020485506504148314
OTHER,4.0,2.0,3.0,4.0,13.0,2,0.020485506504148314
OTHER,4.0,2.0,5.0,3.0,14.0,2,0.020485506504148314
OTHER,4.0,2.0,10.0,2.0,18.0,2,0.020485506504148314
OTHER,4.0,3.0,2.0,5.0,14.0,2,0.020485506504148314
OTHER,4.0,3.0,2.0,6.0,15.0,2,0.020485506504148314
OTHER,4.0,3.0,3.0,4.0,14.0,2,0.020485506504148314
OTHER,4.0,3.0,7.0,2.0,16.0,2,0.020485506504148314
OTHER,4.0,4.0,0.0,5.0,13.0,2,0.020485506504148314
OTHER,4.0,4.0,0.0,6.0,14.0,2,0.020485506504148314
OTHER,4.0,4.0,4.0,3.0,15.0,2,0.020485506504148314
OTHER,4.0,4.0,5.0,2.0,15.0,2,0.020485506504148314
OTHER,4.0,4.0,7.0,2.0,17.0,2,0.020485506504148314
OTHER,4.0,4.0,8.0,4.0,20.0,2,0.020485506504148314
OTHER,4.0,5.0,0.0,3.0,12.0,2,0.020485506504148314
OTHER,4.0,9.0,0.0,0.0,13.0,2,0.020485506504148314
OTHER,4.5,0.0,0.0,4.0,8.5,2,0.020485506504148314
OTHER,4.5,0.0,8.0,2.0,14.5,2,0.020485506504148314
OTHER,4.5,0.0,15.0,4.0,23.5,2,0.020485506504148314
OTHER,5.0,0.0,3.0,8.0,16.0,2,0.020485506504148314
OTHER,5.0,0.0,4.0,4.0,13.0,2,0.020485506504148314
OTHER,5.0,0.0,5.0,8.0,18.0,2,0.020485506504148314
OTHER,5.0,0.0,6.0,1.0,12.0,2,0.020485506504148314
OTHER,5.0,0.0,6.0,7.0,18.0,2,0.020485506504148314
OTHER,5.0,0.0,7.0,5.0,17.0,2,0.020485506504148314
OTHER,5.0,0.0,12.0,2.0,19.0,2,0.020485506504148314
OTHER,5.0,0.0,12.0,3.0,20.0,2,0.020485506504148314
OTHER,5.0,0.0,12.0,7.0,24.0,2,0.020485506504148314
OTHER,5.0,2.0,0.0,2.0,9.0,2,0.020485506504148314
OTHER,5.0,2.0,0.0,5.0,12.0,2,0.020485506504148314
OTHER,5.0,2.0,0.0,6.0,13.0,2,0.020485506504148314
OTHER,5.0,2.0,2.0,3.0,12.0,2,0.020485506504148314
OTHER,5.0,2.0,3.0,2.0,12.0,2,0.020485506504148314
OTHER,5.0,2.0,4.0,5.0,16.0,2,0.020485506504148314
OTHER,5.0,2.0,5.0,2.0,14.0,2,0.020485506504148314
OTHER,5.0,2.0,9.0,2.0,18.0,2,0.020485506504148314
OTHER,5.0,3.0,2.0,4.0,14.0,2,0.020485506504148314
OTHER,5.0,3.0,3.0,4.0,15.0,2,0.020485506504148314
OTHER,5.0,3.0,4.0,2.0,14.0,2,0.020485506504148314
OTHER,5.0,3.0,4.0,3.0,15.0,2,0.020485506504148314
OTHER,5.0,3.0,6.0,3.0,17.0,2,0.020485506504148314
OTHER,5.0,4.0,0.0,3.0,12.0,2,0.020485506504148314
OTHER,5.0,5.0,0.0,2.0,12.0,2,0.020485506504148314
OTHER,5.0,7.0,0.0,0.0,12.0,2,0.020485506504148314
OTHER,6.0,0.0,0.0,4.0,10.0,2,0.020485506504148314
OTHER,6.0,0.0,2.0,7.0,15.0,2,0.020485506504148314
OTHER,6.0,0.0,2.0,8.0,16.0,2,0.020485506504148314
OTHER,6.0,0.0,2.0,9.0,17.0,2,0.020485506504148314
OTHER,6.0,0.0,4.0,5.0,15.0,2,0.020485506504148314
OTHER,6.0,0.0,5.0,6.0,17.0,2,0.020485506504148314
OTHER,6.0,0.0,7.0,4.0,17.0,2,0.020485506504148314
OTHER,6.0,0.0,8.0,6.0,20.0,2,0.020485506504148314
OTHER,6.0,0.0,9.0,4.0,19.0,2,0.020485506504148314
OTHER,6.0,0.0,12.0,6.0,24.0,2,0.020485506504148314
OTHER,6.0,0.0,14.0,4.0,24.0,2,0.020485506504148314
OTHER,6.0,0.0,15.0,4.0,25.0,2,0.020485506504148314
OTHER,6.0,2.0,0.0,4.0,12.0,2,0.020485506504148314
OTHER,6.0,2.0,0.0,5.0,13.0,2,0.020485506504148314
OTHER,6.0,2.0,2.0,5.0,15.0,2,0.020485506504148314
OTHER,6.0,2.0,3.0,2.0,13.0,2,0.020485506504148314
OTHER,6.0,2.0,3.0,4.0,15.0,2,0.020485506504148314
OTHER,6.0,3.0,0.0,6.0,15.0,2,0.020485506504148314
OTHER,6.0,3.0,3.0,6.0,18.0,2,0.020485506504148314
OTHER,6.0,3.0,4.0,2.0,15.0,2,0.020485506504148314
OTHER,6.0,3.0,6.0,3.0,18.0,2,0.020485506504148314
OTHER,6.0,4.0,0.0,3.0,13.0,2,0.020485506504148314
OTHER,6.0,5.0,0.0,0.0,11.0,2,0.020485506504148314
OTHER,6.0,5.0,0.0,2.0,13.0,2,0.020485506504148314
OTHER,6.0,10.0,0.0,0.0,16.0,2,0.020485506504148314
OTHER,7.0,0.0,0.0,9.0,16.0,2,0.020485506504148314
OTHER,7.0,0.0,0.0,10.0,17.0,2,0.020485506504148314
OTHER,7.0,0.0,2.0,6.0,15.0,2,0.020485506504148314
OTHER,7.0,0.0,4.0,4.0,15.0,2,0.020485506504148314
OTHER,7.0,0.0,4.0,5.0,16.0,2,0.020485506504148314
OTHER,7.0,0.0,5.0,4.0,16.0,2,0.020485506504148314
OTHER,7.0,0.0,6.0,4.0,17.0,2,0.020485506504148314
OTHER,7.0,0.0,7.0,3.0,17.0,2,0.020485506504148314
OTHER,7.0,0.0,8.0,3.0,18.0,2,0.020485506504148314
OTHER,7.0,4.0,2.0,3.0,16.0,2,0.020485506504148314
OTHER,7.0,5.0,0.0,0.0,12.0,2,0.020485506504148314
OTHER,8.0,0.0,2.0,4.0,14.0,2,0.020485506504148314
OTHER,8.0,0.0,5.0,3.0,16.0,2,0.020485506504148314
OTHER,8.0,0.0,8.0,2.0,18.0,2,0.020485506504148314
OTHER,8.0,2.0,0.0,2.0,12.0,2,0.020485506504148314
OTHER,8.0,3.0,2.0,3.0,16.0,2,0.020485506504148314
OTHER,8.0,3.0,3.0,3.0,17.0,2,0.020485506504148314
OTHER,8.0,4.0,0.0,3.0,15.0,2,0.020485506504148314
OTHER,8.0,6.0,0.0,0.0,14.0,2,0.020485506504148314
OTHER,9.0,0.0,2.0,4.0,15.0,2,0.020485506504148314
OTHER,9.0,0.0,3.0,2.0,14.0,2,0.020485506504148314
OTHER,9.0,0.0,3.0,4.0,16.0,2,0.020485506504148314
OTHER,9.0,0.0,3.0,5.0,17.0,2,0.020485506504148314
OTHER,9.0,3.0,0.0,2.0,14.0,2,0.020485506504148314
OTHER,9.0,4.0,0.0,0.0,13.0,2,0.020485506504148314
OTHER,9.0,9.0,0.0,0.0,18.0,2,0.020485506504148314
OTHER,10.0,0.0,0.0,7.0,17.0,2,0.020485506504148314
OTHER,10.0,4.0,0.0,0.0,14.0,2,0.020485506504148314
OTHER,10.0,4.0,0.0,2.0,16.0,2,0.020485506504148314
OTHER,10.0,5.0,0.0,0.0,15.0,2,0.020485506504148314
OTHER,10.0,6.0,0.0,0.0,16.0,2,0.020485506504148314
OTHER,11.0,0.0,3.0,2.0,16.0,2,0.020485506504148314
OTHER,11.0,3.0,0.0,0.0,14.0,2,0.020485506504148314
OTHER,12.0,0.0,4.0,2.0,18.0,2,0.020485506504148314
OTHER,12.0,0.0,5.0,2.0,19.0,2,0.020485506504148314
OTHER,12.0,3.0,0.0,0.0,15.0,2,0.020485506504148314
OTHER,13.0,0.0,0.0,3.0,16.0,2,0.020485506504148314
OTHER,17.0,2.0,0.0,0.0,19.0,2,0.020485506504148314
OTHER,0.0,0.0,0.0,7.5,7.5,1,0.010242753252074157
OTHER,0.0,0.0,0.0,13.5,13.5,1,0.010242753252074157
OTHER,0.0,0.0,0.0,21.0,21.0,1,0.010242753252074157
OTHER,0.0,0.0,0.0,22.5,22.5,1,0.010242753252074157
OTHER,0.0,0.0,0.0,24.0,24.0,1,0.010242753252074157
OTHER,0.0,0.0,0.0,25.0,25.0,1,0.010242753252074157
OTHER,0.0,0.0,1.0,6.0,7.0,1,0.010242753252074157
OTHER,0.0,0.0,1.0,11.0,12.0,1,0.010242753252074157
OTHER,0.0,0.0,2.0,0.0,2.0,1,0.010242753252074157
OTHER,0.0,0.0,2.0,15.0,17.0,1,0.010242753252074157
OTHER,0.0,0.0,3.0,7.0,10.0,1,0.010242753252074157
OTHER,0.0,0.0,3.0,13.0,16.0,1,0.010242753252074157
OTHER,0.0,0.0,3.0,16.0,19.0,1,0.010242753252074157
OTHER,0.0,0.0,3.0,18.0,21.0,1,0.010242753252074157
OTHER,0.0,0.0,3.0,22.0,25.0,1,0.010242753252074157
OTHER,0.0,0.0,4.0,7.0,11.0,1,0.010242753252074157
OTHER,0.0,0.0,4.0,14.0,18.0,1,0.010242753252074157
OTHER,0.0,0.0,4.5,2.0,6.5,1,0.010242753252074157
OTHER,0.0,0.0,4.5,10.5,15.0,1,0.010242753252074157
OTHER,0.0,0.0,4.5,19.5,24.0,1,0.010242753252074157
OTHER,0.0,0.0,5.0,7.5,12.5,1,0.010242753252074157
OTHER,0.0,0.0,5.0,13.0,18.0,1,0.010242753252074157
OTHER,0.0,0.0,6.0,15.0,21.0,1,0.010242753252074157
OTHER,0.0,0.0,6.0,16.5,22.5,1,0.010242753252074157
OTHER,0.0,0.0,6.5,2.0,8.5,1,0.010242753252074157
OTHER,0.0,0.0,7.0,1.0,8.0,1,0.010242753252074157
OTHER,0.0,0.0,7.0,11.0,18.0,1,0.010242753252074157
OTHER,0.0,0.0,7.0,12.0,19.0,1,0.010242753252074157
OTHER,0.0,0.0,7.5,4.0,11.5,1,0.010242753252074157
OTHER,0.0,0.0,7.5,11.0,18.5,1,0.010242753252074157
OTHER,0.0,0.0,8.0,1.0,9.0,1,0.010242753252074157
OTHER,0.0,0.0,8.0,4.5,12.5,1,0.010242753252074157
OTHER,0.0,0.0,8.0,12.0,20.0,1,0.010242753252074157
OTHER,0.0,0.0,8.0,13.0,21.0,1,0.010242753252074157
OTHER,0.0,0.0,8.5,8.0,16.5,1,0.010242753252074157
OTHER,0.0,0.0,9.0,4.5,13.5,1,0.010242753252074157
OTHER,0.0,0.0,9.0,10.5,19.5,1,0.010242753252074157
OTHER,0.0,0.0,9.0,15.0,24.0,1,0.010242753252074157
OTHER,0.0,0.0,9.0,16.0,25.0,1,0.010242753252074157
OTHER,0.0,0.0,9.5,5.0,14.5,1,0.010242753252074157
OTHER,0.0,0.0,9.5,6.0,15.5,1,0.010242753252074157
OTHER,0.0,0.0,10.5,4.0,14.5,1,0.010242753252074157
OTHER,0.0,0.0,10.5,5.0,15.5,1,0.010242753252074157
OTHER,0.0,0.0,10.5,6.0,16.5,1,0.010242753252074157
OTHER,0.0,0.0,11.0,13.0,24.0,1,0.010242753252074157
OTHER,0.0,0.0,11.5,6.0,17.5,1,0.010242753252074157
OTHER,0.0,0.0,12.0,0.0,12.0,1,0.010242753252074157
OTHER,0.0,0.0,12.0,7.5,19.5,1,0.010242753252074157
OTHER,0.0,0.0,12.0,9.5,21.5,1,0.010242753252074157
OTHER,0.0,0.0,12.0,11.5,23.5,1,0.010242753252074157
OTHER,0.0,0.0,12.5,6.0,18.5,1,0.010242753252074157
OTHER,0.0,0.0,13.0,6.0,19.0,1,0.010242753252074157
OTHER,0.0,0.0,13.0,10.0,23.0,1,0.010242753252074157
OTHER,0.0,0.0,13.5,6.0,19.5,1,0.010242753252074157
OTHER,0.0,0.0,14.0,4.5,18.5,1,0.010242753252074157
OTHER,0.0,0.0,14.0,8.5,22.5,1,0.010242753252074157
OTHER,0.0,0.0,14.0,10.0,24.0,1,0.010242753252074157
OTHER,0.0,0.0,14.0,10.5,24.5,1,0.010242753252074157
OTHER,0.0,0.0,14.5,4.0,18.5,1,0.010242753252074157
OTHER,0.0,0.0,14.5,5.0,19.5,1,0.010242753252074157
OTHER,0.0,0.0,15.0,0.0,15.0,1,0.010242753252074157
OTHER,0.0,0.0,15.0,4.5,19.5,1,0.010242753252074157
OTHER,0.0,0.0,15.0,8.5,23.5,1,0.010242753252074157
OTHER,0.0,0.0,15.5,3.0,18.5,1,0.010242753252074157
OTHER,0.0,0.0,15.5,4.0,19.5,1,0.010242753252074157
OTHER,0.0,0.0,15.5,5.0,20.5,1,0.010242753252074157
OTHER,0.0,0.0,15.5,6.0,21.5,1,0.010242753252074157
OTHER,0.0,0.0,15.5,7.5,23.0,1,0.010242753252074157
OTHER,0.0,0.0,16.0,4.5,20.5,1,0.010242753252074157
OTHER,0.0,0.0,16.5,3.0,19.5,1,0.010242753252074157
OTHER,0.0,0.0,16.5,4.0,20.5,1,0.010242753252074157
OTHER,0.0,0.0,16.5,6.0,22.5,1,0.010242753252074157
OTHER,0.0,0.0,16.5,7.0,23.5,1,0.010242753252074157
OTHER,0.0,0.0,17.0,4.5,21.5,1,0.010242753252074157
OTHER,0.0,0.0,17.0,6.5,23.5,1,0.010242753252074157
OTHER,0.0,0.0,17.0,7.5,24.5,1,0.010242753252074157
OTHER,0.0,0.0,17.5,2.0,19.5,1,0.010242753252074157
OTHER,0.0,0.0,17.5,3.0,20.5,1,0.010242753252074157
OTHER,0.0,0.0,17.5,4.0,21.5,1,0.010242753252074157
OTHER,0.0,0.0,17.5,4.5,22.0,1,0.010242753252074157
OTHER,0.0,0.0,18.0,6.5,24.5,1,0.010242753252074157
OTHER,0.0,0.0,18.5,2.0,20.5,1,0.010242753252074157
OTHER,0.0,0.0,18.5,4.5,23.0,1,0.010242753252074157
OTHER,0.0,0.0,18.5,5.0,23.5,1,0.010242753252074157
OTHER,0.0,0.0,18.5,6.0,24.5,1,0.010242753252074157
OTHER,0.0,0.0,19.0,3.0,22.0,1,0.010242753252074157
OTHER,0.0,0.0,19.5,3.0,22.5,1,0.010242753252074157
OTHER,0.0,0.0,19.5,5.0,24.5,1,0.010242753252074157
OTHER,0.0,0.0,20.0,0.0,20.0,1,0.010242753252074157
OTHER,0.0,0.0,20.0,4.5,24.5,1,0.010242753252074157
OTHER,0.0,0.0,20.5,4.0,24.5,1,0.010242753252074157
OTHER,0.0,0.0,21.5,3.0,24.5,1,0.010242753252074157
OTHER,0.0,0.0,27.0,5.0,32.0,1,0.010242753252074157
OTHER,0.0,0.0,27.0,10.0,37.0,1,0.010242753252074157
OTHER,0.0,0.0,27.0,10.5,37.5,1,0.010242753252074157
OTHER,0.0,0.0,30.0,6.0,36.0,1,0.010242753252074157
OTHER,0.0,1.0,0.0,3.0,4.0,1,0.010242753252074157
OTHER,0.0,1.0,0.0,11.0,12.0,1,0.010242753252074157
OTHER,0.0,1.0,0.0,12.0,13.0,1,0.010242753252074157
OTHER,0.0,1.0,3.0,2.0,6.0,1,0.010242753252074157
OTHER,0.0,1.0,4.0,1.0,6.0,1,0.010242753252074157
OTHER,0.0,1.0,4.0,2.0,7.0,1,0.010242753252074157
OTHER,0.0,1.0,5.0,2.0,8.0,1,0.010242753252074157
OTHER,0.0,1.0,5.0,3.0,9.0,1,0.010242753252074157
OTHER,0.0,1.0,6.0,5.0,12.0,1,0.010242753252074157
OTHER,0.0,1.0,8.0,5.0,14.0,1,0.010242753252074157
OTHER,0.0,1.0,10.0,1.0,12.0,1,0.010242753252074157
OTHER,0.0,1.0,10.0,3.0,14.0,1,0.010242753252074157
OTHER,0.0,1.0,10.0,6.0,17.0,1,0.010242753252074157
OTHER,0.0,1.0,11.0,1.0,13.0,1,0.010242753252074157
OTHER,0.0,1.0,11.0,2.0,14.0,1,0.010242753252074157
OTHER,0.0,1.0,12.0,3.0,16.0,1,0.010242753252074157
OTHER,0.0,1.0,12.0,5.0,18.0,1,0.010242753252074157
OTHER,0.0,1.0,15.0,1.0,17.0,1,0.010242753252074157
OTHER,0.0,1.0,16.0,1.0,18.0,1,0.010242753252074157
OTHER,0.0,1.0,18.0,2.0,21.0,1,0.010242753252074157
OTHER,0.0,2.0,0.0,7.0,9.0,1,0.010242753252074157
OTHER,0.0,2.0,0.0,8.0,10.0,1,0.010242753252074157
OTHER,0.0,2.0,0.0,9.0,11.0,1,0.010242753252074157
OTHER,0.0,2.0,0.0,11.5,13.5,1,0.010242753252074157
OTHER,0.0,2.0,1.0,2.0,5.0,1,0.010242753252074157
OTHER,0.0,2.0,1.0,9.0,12.0,1,0.010242753252074157
OTHER,0.0,2.0,1.0,10.0,13.0,1,0.010242753252074157
OTHER,0.0,2.0,2.0,9.0,13.0,1,0.010242753252074157
OTHER,0.0,2.0,2.0,12.0,16.0,1,0.010242753252074157
OTHER,0.0,2.0,3.0,3.0,8.0,1,0.010242753252074157
OTHER,0.0,2.0,3.0,8.0,13.0,1,0.010242753252074157
OTHER,0.0,2.0,5.0,5.0,12.0,1,0.010242753252074157
OTHER,0.0,2.0,5.0,6.0,13.0,1,0.010242753252074157
OTHER,0.0,2.0,5.0,7.0,14.0,1,0.010242753252074157
OTHER,0.0,2.0,5.0,8.0,15.0,1,0.010242753252074157
OTHER,0.0,2.0,5.0,9.0,16.0,1,0.010242753252074157
OTHER,0.0,2.0,6.0,2.0,10.0,1,0.010242753252074157
OTHER,0.0,2.0,6.0,4.0,12.0,1,0.010242753252074157
OTHER,0.0,2.0,6.0,7.0,15.0,1,0.010242753252074157
OTHER,0.0,2.0,6.0,9.0,17.0,1,0.010242753252074157
OTHER,0.0,2.0,6.0,13.0,21.0,1,0.010242753252074157
OTHER,0.0,2.0,7.0,8.0,17.0,1,0.010242753252074157
OTHER,0.0,2.0,7.0,10.0,19.0,1,0.010242753252074157
OTHER,0.0,2.0,8.0,2.0,12.0,1,0.010242753252074157
OTHER,0.0,2.0,8.0,4.0,14.0,1,0.010242753252074157
OTHER,0.0,2.0,8.0,6.0,16.0,1,0.010242753252074157
OTHER,0.0,2.0,9.0,5.0,16.0,1,0.010242753252074157
OTHER,0.0,2.0,9.0,6.0,17.0,1,0.010242753252074157
OTHER,0.0,2.0,9.5,3.0,14.5,1,0.010242753252074157
OTHER,0.0,2.0,10.0,4.0,16.0,1,0.010242753252074157
OTHER,0.0,2.0,10.0,5.0,17.0,1,0.010242753252074157
OTHER,0.0,2.0,11.0,4.0,17.0,1,0.010242753252074157
OTHER,0.0,2.0,11.0,5.0,18.0,1,0.010242753252074157
OTHER,0.0,2.0,12.0,0.0,14.0,1,0.010242753252074157
OTHER,0.0,2.0,12.0,1.0,15.0,1,0.010242753252074157
OTHER,0.0,2.0,12.0,8.0,22.0,1,0.010242753252074157
OTHER,0.0,2.0,12.0,10.0,24.0,1,0.010242753252074157
OTHER,0.0,2.0,13.0,3.0,18.0,1,0.010242753252074157
OTHER,0.0,2.0,14.0,8.5,24.5,1,0.010242753252074157
OTHER,0.0,2.0,15.0,3.0,20.0,1,0.010242753252074157
OTHER,0.0,2.0,16.0,2.0,20.0,1,0.010242753252074157
OTHER,0.0,2.0,16.0,3.0,21.0,1,0.010242753252074157
OTHER,0.0,2.0,16.0,4.0,22.0,1,0.010242753252074157
OTHER,0.0,2.0,17.0,2.0,21.0,1,0.010242753252074157
OTHER,0.0,2.0,18.0,1.0,21.0,1,0.010242753252074157
OTHER,0.0,2.0,19.0,4.0,25.0,1,0.010242753252074157
OTHER,0.0,3.0,0.0,6.0,9.0,1,0.010242753252074157
OTHER,0.0,3.0,1.0,2.0,6.0,1,0.010242753252074157
OTHER,0.0,3.0,2.0,1.0,6.0,1,0.010242753252074157
OTHER,0.0,3.0,2.0,7.0,12.0,1,0.010242753252074157
OTHER,0.0,3.0,2.0,9.0,14.0,1,0.010242753252074157
OTHER,0.0,3.0,2.0,12.0,17.0,1,0.010242753252074157
OTHER,0.0,3.0,3.0,1.0,7.0,1,0.010242753252074157
OTHER,0.0,3.0,3.0,4.0,10.0,1,0.010242753252074157
OTHER,0.0,3.0,3.0,9.0,15.0,1,0.010242753252074157
OTHER,0.0,3.0,3.0,10.0,16.0,1,0.010242753252074157
OTHER,0.0,3.0,3.0,12.0,18.0,1,0.010242753252074157
OTHER,0.0,3.0,4.0,6.0,13.0,1,0.010242753252074157
OTHER,0.0,3.0,5.0,8.0,16.0,1,0.010242753252074157
OTHER,0.0,3.0,5.0,12.0,20.0,1,0.010242753252074157
OTHER,0.0,3.0,6.0,4.0,13.0,1,0.010242753252074157
OTHER,0.0,3.0,6.0,4.5,13.5,1,0.010242753252074157
OTHER,0.0,3.0,6.0,11.0,20.0,1,0.010242753252074157
OTHER,0.0,3.0,7.0,5.0,15.0,1,0.010242753252074157
OTHER,0.0,3.0,7.5,2.0,12.5,1,0.010242753252074157
OTHER,0.0,3.0,8.0,4.5,15.5,1,0.010242753252074157
OTHER,0.0,3.0,8.0,5.0,16.0,1,0.010242753252074157
OTHER,0.0,3.0,9.0,5.0,17.0,1,0.010242753252074157
OTHER,0.0,3.0,9.5,9.0,21.5,1,0.010242753252074157
OTHER,0.0,3.0,10.0,4.0,17.0,1,0.010242753252074157
OTHER,0.0,3.0,10.0,4.5,17.5,1,0.010242753252074157
OTHER,0.0,3.0,10.0,5.0,18.0,1,0.010242753252074157
OTHER,0.0,3.0,12.0,0.0,15.0,1,0.010242753252074157
OTHER,0.0,3.0,12.0,1.0,16.0,1,0.010242753252074157
OTHER,0.0,3.0,12.0,6.0,21.0,1,0.010242753252074157
OTHER,0.0,3.0,12.0,8.0,23.0,1,0.010242753252074157
OTHER,0.0,3.0,13.0,1.0,17.0,1,0.010242753252074157
OTHER,0.0,3.0,13.0,3.0,19.0,1,0.010242753252074157
OTHER,0.0,3.0,14.0,3.0,20.0,1,0.010242753252074157
OTHER,0.0,3.0,14.0,7.0,24.0,1,0.010242753252074157
OTHER,0.0,3.0,15.0,1.0,19.0,1,0.010242753252074157
OTHER,0.0,3.0,15.0,2.0,20.0,1,0.010242753252074157
OTHER,0.0,3.0,15.0,3.0,21.0,1,0.010242753252074157
OTHER,0.0,3.0,15.0,5.0,23.0,1,0.010242753252074157
OTHER,0.0,3.0,16.0,2.0,21.0,1,0.010242753252074157
OTHER,0.0,3.0,17.0,2.0,22.0,1,0.010242753252074157
OTHER,0.0,3.0,19.5,2.0,24.5,1,0.010242753252074157
OTHER,0.0,4.0,0.0,1.0,5.0,1,0.010242753252074157
OTHER,0.0,4.0,0.0,6.0,10.0,1,0.010242753252074157
OTHER,0.0,4.0,0.0,9.0,13.0,1,0.010242753252074157
OTHER,0.0,4.0,0.0,10.0,14.0,1,0.010242753252074157
OTHER,0.0,4.0,2.0,1.0,7.0,1,0.010242753252074157
OTHER,0.0,4.0,2.0,6.0,12.0,1,0.010242753252074157
OTHER,0.0,4.0,2.0,10.0,16.0,1,0.010242753252074157
OTHER,0.0,4.0,2.0,12.0,18.0,1,0.010242753252074157
OTHER,0.0,4.0,3.0,2.0,9.0,1,0.010242753252074157
OTHER,0.0,4.0,3.0,4.0,11.0,1,0.010242753252074157
OTHER,0.0,4.0,3.0,6.0,13.0,1,0.010242753252074157
OTHER,0.0,4.0,4.0,4.0,12.0,1,0.010242753252074157
OTHER,0.0,4.0,4.0,8.0,16.0,1,0.010242753252074157
OTHER,0.0,4.0,4.0,9.0,17.0,1,0.010242753252074157
OTHER,0.0,4.0,5.0,2.0,11.0,1,0.010242753252074157
OTHER,0.0,4.0,5.0,5.0,14.0,1,0.010242753252074157
OTHER,0.0,4.0,6.0,2.0,12.0,1,0.010242753252074157
OTHER,0.0,4.0,6.0,8.0,18.0,1,0.010242753252074157
OTHER,0.0,4.0,7.0,3.0,14.0,1,0.010242753252074157
OTHER,0.0,4.0,7.0,7.0,18.0,1,0.010242753252074157
OTHER,0.0,4.0,8.0,2.0,14.0,1,0.010242753252074157
OTHER,0.0,4.0,9.0,3.0,16.0,1,0.010242753252074157
OTHER,0.0,4.0,9.0,4.0,17.0,1,0.010242753252074157
OTHER,0.0,4.0,9.0,10.0,23.0,1,0.010242753252074157
OTHER,0.0,4.0,11.0,1.0,16.0,1,0.010242753252074157
OTHER,0.0,4.0,11.0,2.0,17.0,1,0.010242753252074157
OTHER,0.0,4.0,12.0,5.0,21.0,1,0.010242753252074157
OTHER,0.0,4.0,13.0,1.0,18.0,1,0.010242753252074157
OTHER,0.0,4.0,13.0,4.0,21.0,1,0.010242753252074157
OTHER,0.0,4.0,13.0,5.0,22.0,1,0.010242753252074157
OTHER,0.0,4.0,14.0,3.0,21.0,1,0.010242753252074157
OTHER,0.0,4.0,14.0,4.0,22.0,1,0.010242753252074157
OTHER,0.0,4.0,14.0,6.0,24.0,1,0.010242753252074157
OTHER,0.0,4.0,15.0,4.0,23.0,1,0.010242753252074157
OTHER,0.0,4.0,18.5,2.0,24.5,1,0.010242753252074157
OTHER,0.0,4.5,0.0,9.0,13.5,1,0.010242753252074157
OTHER,0.0,4.5,7.0,2.0,13.5,1,0.010242753252074157
OTHER,0.0,4.5,12.0,5.0,21.5,1,0.010242753252074157
OTHER,0.0,4.5,12.0,6.0,22.5,1,0.010242753252074157
OTHER,0.0,4.5,15.0,2.0,21.5,1,0.010242753252074157
OTHER,0.0,5.0,0.0,1.0,6.0,1,0.010242753252074157
OTHER,0.0,5.0,0.0,2.0,7.0,1,0.010242753252074157
OTHER,0.0,5.0,0.0,5.0,10.0,1,0.010242753252074157
OTHER,0.0,5.0,0.0,8.0,13.0,1,0.010242753252074157
OTHER,0.0,5.0,0.0,9.0,14.0,1,0.010242753252074157
OTHER,0.0,5.0,0.0,12.0,17.0,1,0.010242753252074157
OTHER,0.0,5.0,1.0,7.0,13.0,1,0.010242753252074157
OTHER,0.0,5.0,2.0,2.0,9.0,1,0.010242753252074157
OTHER,0.0,5.0,2.0,6.0,13.0,1,0.010242753252074157
OTHER,0.0,5.0,3.0,4.0,12.0,1,0.010242753252074157
OTHER,0.0,5.0,4.0,3.0,12.0,1,0.010242753252074157
OTHER,0.0,5.0,5.0,3.0,13.0,1,0.010242753252074157
OTHER,0.0,5.0,6.0,2.0,13.0,1,0.010242753252074157
OTHER,0.0,5.0,6.0,3.0,14.0,1,0.010242753252074157
OTHER,0.0,5.0,6.0,5.0,16.0,1,0.010242753252074157
OTHER,0.0,5.0,6.0,7.0,18.0,1,0.010242753252074157
OTHER,0.0,5.0,8.0,3.0,16.0,1,0.010242753252074157
OTHER,0.0,5.0,8.0,5.0,18.0,1,0.010242753252074157
OTHER,0.0,5.0,10.0,9.5,24.5,1,0.010242753252074157
OTHER,0.0,5.0,11.0,1.0,17.0,1,0.010242753252074157
OTHER,0.0,5.0,13.5,3.0,21.5,1,0.010242753252074157
OTHER,0.0,5.0,15.0,4.0,24.0,1,0.010242753252074157
OTHER,0.0,6.0,0.0,11.0,17.0,1,0.010242753252074157
OTHER,0.0,6.0,2.0,3.0,11.0,1,0.010242753252074157
OTHER,0.0,6.0,2.0,4.0,12.0,1,0.010242753252074157
OTHER,0.0,6.0,2.0,5.0,13.0,1,0.010242753252074157
OTHER,0.0,6.0,2.0,7.0,15.0,1,0.010242753252074157
OTHER,0.0,6.0,3.0,7.0,16.0,1,0.010242753252074157
OTHER,0.0,6.0,4.0,2.0,12.0,1,0.010242753252074157
OTHER,0.0,6.0,5.0,5.0,16.0,1,0.010242753252074157
OTHER,0.0,6.0,6.0,2.0,14.0,1,0.010242753252074157
OTHER,0.0,6.0,6.0,4.0,16.0,1,0.010242753252074157
OTHER,0.0,6.0,6.0,5.0,17.0,1,0.010242753252074157
OTHER,0.0,6.0,6.0,6.0,18.0,1,0.010242753252074157
OTHER,0.0,6.0,7.0,2.0,15.0,1,0.010242753252074157
OTHER,0.0,6.0,7.0,5.0,18.0,1,0.010242753252074157
OTHER,0.0,6.0,11.0,6.0,23.0,1,0.010242753252074157
OTHER,0.0,7.0,0.0,3.0,10.0,1,0.010242753252074157
OTHER,0.0,7.0,0.0,6.0,13.0,1,0.010242753252074157
OTHER,0.0,7.0,2.0,4.0,13.0,1,0.010242753252074157
OTHER,0.0,7.0,3.0,3.0,13.0,1,0.010242753252074157
OTHER,0.0,7.0,4.0,4.0,15.0,1,0.010242753252074157
OTHER,0.0,7.0,4.0,8.0,19.0,1,0.010242753252074157
OTHER,0.0,7.0,5.0,4.0,16.0,1,0.010242753252074157
OTHER,0.0,7.0,6.0,2.0,15.0,1,0.010242753252074157
OTHER,0.0,7.0,6.0,4.0,17.0,1,0.010242753252074157
OTHER,0.0,7.0,7.0,4.0,18.0,1,0.010242753252074157
OTHER,0.0,7.0,9.0,1.0,17.0,1,0.010242753252074157
OTHER,0.0,7.0,9.0,2.0,18.0,1,0.010242753252074157
OTHER,0.0,7.5,0.0,6.0,13.5,1,0.010242753252074157
OTHER,0.0,8.0,0.0,5.0,13.0,1,0.010242753252074157
OTHER,0.0,8.0,0.0,7.0,15.0,1,0.010242753252074157
OTHER,0.0,8.0,2.0,2.0,12.0,1,0.010242753252074157
OTHER,0.0,8.0,3.0,1.0,12.0,1,0.010242753252074157
OTHER,0.0,8.0,3.0,4.0,15.0,1,0.010242753252074157
OTHER,0.0,8.0,3.0,6.0,17.0,1,0.010242753252074157
OTHER,0.0,8.0,4.0,4.0,16.0,1,0.010242753252074157
OTHER,0.0,8.0,4.0,5.0,17.0,1,0.010242753252074157
OTHER,0.0,8.0,5.0,3.0,16.0,1,0.010242753252074157
OTHER,0.0,8.0,6.0,2.0,16.0,1,0.010242753252074157
OTHER,0.0,8.0,7.0,3.0,18.0,1,0.010242753252074157
OTHER,0.0,8.0,8.0,2.0,18.0,1,0.010242753252074157
OTHER,0.0,8.5,8.0,5.0,21.5,1,0.010242753252074157
OTHER,0.0,9.0,0.0,4.0,13.0,1,0.010242753252074157
OTHER,0.0,9.0,0.0,5.0,14.0,1,0.010242753252074157
OTHER,0.0,9.0,2.0,4.0,15.0,1,0.010242753252074157
OTHER,0.0,9.0,5.0,3.0,17.0,1,0.010242753252074157
OTHER,0.0,10.0,0.0,1.0,11.0,1,0.010242753252074157
OTHER,0.0,10.0,0.0,2.0,12.0,1,0.010242753252074157
OTHER,0.0,10.0,2.0,3.0,15.0,1,0.010242753252074157
OTHER,0.0,10.0,3.0,2.0,15.0,1,0.010242753252074157
OTHER,0.0,10.0,4.0,3.0,17.0,1,0.010242753252074157
OTHER,0.0,10.0,5.0,2.0,17.0,1,0.010242753252074157
OTHER,0.0,10.0,9.0,2.0,21.0,1,0.010242753252074157
OTHER,0.0,10.5,0.0,2.0,12.5,1,0.010242753252074157
OTHER,0.0,10.5,7.0,6.0,23.5,1,0.010242753252074157
OTHER,0.0,11.0,0.0,3.0,14.0,1,0.010242753252074157
OTHER,0.0,11.0,2.0,2.0,15.0,1,0.010242753252074157
OTHER,0.0,11.0,2.0,3.0,16.0,1,0.010242753252074157
OTHER,0.0,11.0,2.0,5.0,18.0,1,0.010242753252074157
OTHER,0.0,11.0,3.0,3.0,17.0,1,0.010242753252074157
OTHER,0.0,12.0,2.0,2.0,16.0,1,0.010242753252074157
OTHER,0.0,12.0,4.0,1.0,17.0,1,0.010242753252074157
OTHER,0.0,13.0,0.0,2.0,15.0,1,0.010242753252074157
OTHER,0.0,13.0,0.0,3.0,16.0,1,0.010242753252074157
OTHER,0.0,16.5,3.0,5.0,24.5,1,0.010242753252074157
OTHER,1.0,0.0,0.0,5.0,6.0,1,0.010242753252074157
OTHER,1.0,0.0,0.0,14.0,15.0,1,0.010242753252074157
OTHER,1.0,0.0,1.0,2.0,4.0,1,0.010242753252074157
OTHER,1.0,0.0,3.0,3.0,7.0,1,0.010242753252074157
OTHER,1.0,0.0,3.0,8.0,12.0,1,0.010242753252074157
OTHER,1.0,0.0,3.0,11.0,15.0,1,0.010242753252074157
OTHER,1.0,0.0,5.0,2.0,8.0,1,0.010242753252074157
OTHER,1.0,0.0,5.0,6.0,12.0,1,0.010242753252074157
OTHER,1.0,0.0,5.0,9.0,15.0,1,0.010242753252074157
OTHER,1.0,0.0,6.0,1.0,8.0,1,0.010242753252074157
OTHER,1.0,0.0,6.0,2.0,9.0,1,0.010242753252074157
OTHER,1.0,0.0,6.0,6.0,13.0,1,0.010242753252074157
OTHER,1.0,0.0,7.0,6.0,14.0,1,0.010242753252074157
OTHER,1.0,0.0,8.0,3.0,12.0,1,0.010242753252074157
OTHER,1.0,0.0,9.0,1.0,11.0,1,0.010242753252074157
OTHER,1.0,0.0,10.0,4.0,15.0,1,0.010242753252074157
OTHER,1.0,0.0,11.0,1.0,13.0,1,0.010242753252074157
OTHER,1.0,0.0,11.0,3.0,15.0,1,0.010242753252074157
OTHER,1.0,0.0,11.0,4.0,16.0,1,0.010242753252074157
OTHER,1.0,0.0,12.0,2.0,15.0,1,0.010242753252074157
OTHER,1.0,0.0,13.0,1.0,15.0,1,0.010242753252074157
OTHER,1.0,0.0,13.0,2.0,16.0,1,0.010242753252074157
OTHER,1.0,0.0,13.0,3.0,17.0,1,0.010242753252074157
OTHER,1.0,0.0,14.0,1.0,16.0,1,0.010242753252074157
OTHER,1.0,0.0,16.0,1.0,18.0,1,0.010242753252074157
OTHER,1.0,0.0,17.0,2.0,20.0,1,0.010242753252074157
OTHER,1.0,2.0,11.0,3.0,17.0,1,0.010242753252074157
OTHER,1.0,2.0,13.0,2.0,18.0,1,0.010242753252074157
OTHER,1.0,2.0,14.0,1.0,18.0,1,0.010242753252074157
OTHER,1.0,3.0,1.0,1.0,6.0,1,0.010242753252074157
OTHER,1.0,3.0,3.0,6.0,13.0,1,0.010242753252074157
OTHER,1.0,3.0,3.0,7.0,14.0,1,0.010242753252074157
OTHER,1.0,3.0,4.0,5.0,13.0,1,0.010242753252074157
OTHER,1.0,3.0,5.0,3.0,12.0,1,0.010242753252074157
OTHER,1.0,3.0,6.0,2.0,12.0,1,0.010242753252074157
OTHER,1.0,3.0,10.0,1.0,15.0,1,0.010242753252074157
OTHER,1.0,4.0,0.0,0.0,5.0,1,0.010242753252074157
OTHER,1.0,4.0,0.0,2.0,7.0,1,0.010242753252074157
OTHER,1.0,4.0,6.0,3.0,14.0,1,0.010242753252074157
OTHER,1.0,5.0,0.0,0.0,6.0,1,0.010242753252074157
OTHER,1.0,5.0,0.0,2.0,8.0,1,0.010242753252074157
OTHER,1.0,5.0,3.0,6.0,15.0,1,0.010242753252074157
OTHER,1.0,6.0,3.0,3.0,13.0,1,0.010242753252074157
OTHER,1.0,6.0,3.0,4.0,14.0,1,0.010242753252074157
OTHER,1.0,6.0,5.0,3.0,15.0,1,0.010242753252074157
OTHER,1.0,8.0,0.0,6.0,15.0,1,0.010242753252074157
OTHER,1.0,8.0,2.0,2.0,13.0,1,0.010242753252074157
OTHER,1.0,9.0,0.0,0.0,10.0,1,0.010242753252074157
OTHER,2.0,0.0,0.0,4.5,6.5,1,0.010242753252074157
OTHER,2.0,0.0,0.0,10.5,12.5,1,0.010242753252074157
OTHER,2.0,0.0,3.0,1.0,6.0,1,0.010242753252074157
OTHER,2.0,0.0,3.0,6.0,11.0,1,0.010242753252074157
OTHER,2.0,0.0,3.0,11.0,16.0,1,0.010242753252074157
OTHER,2.0,0.0,5.0,9.0,16.0,1,0.010242753252074157
OTHER,2.0,0.0,5.0,10.0,17.0,1,0.010242753252074157
OTHER,2.0,0.0,6.0,1.0,9.0,1,0.010242753252074157
OTHER,2.0,0.0,6.0,2.0,10.0,1,0.010242753252074157
OTHER,2.0,0.0,6.0,9.0,17.0,1,0.010242753252074157
OTHER,2.0,0.0,6.0,10.0,18.0,1,0.010242753252074157
OTHER,2.0,0.0,6.0,11.0,19.0,1,0.010242753252074157
OTHER,2.0,0.0,7.0,8.0,17.0,1,0.010242753252074157
OTHER,2.0,0.0,7.0,9.0,18.0,1,0.010242753252074157
OTHER,2.0,0.0,8.0,4.0,14.0,1,0.010242753252074157
OTHER,2.0,0.0,8.0,8.0,18.0,1,0.010242753252074157
OTHER,2.0,0.0,8.0,11.0,21.0,1,0.010242753252074157
OTHER,2.0,0.0,9.0,6.0,17.0,1,0.010242753252074157
OTHER,2.0,0.0,9.0,9.0,20.0,1,0.010242753252074157
OTHER,2.0,0.0,10.0,4.0,16.0,1,0.010242753252074157
OTHER,2.0,0.0,10.0,5.0,17.0,1,0.010242753252074157
OTHER,2.0,0.0,11.0,4.0,17.0,1,0.010242753252074157
OTHER,2.0,0.0,11.0,5.0,18.0,1,0.010242753252074157
OTHER,2.0,0.0,11.5,5.0,18.5,1,0.010242753252074157
OTHER,2.0,0.0,12.0,5.0,19.0,1,0.010242753252074157
OTHER,2.0,0.0,12.0,7.0,21.0,1,0.010242753252074157
OTHER,2.0,0.0,12.0,8.0,22.0,1,0.010242753252074157
OTHER,2.0,0.0,12.0,9.5,23.5,1,0.010242753252074157
OTHER,2.0,0.0,12.0,10.0,24.0,1,0.010242753252074157
OTHER,2.0,0.0,12.0,10.5,24.5,1,0.010242753252074157
OTHER,2.0,0.0,12.0,11.0,25.0,1,0.010242753252074157
OTHER,2.0,0.0,13.0,4.0,19.0,1,0.010242753252074157
OTHER,2.0,0.0,14.0,1.0,17.0,1,0.010242753252074157
OTHER,2.0,0.0,14.0,3.0,19.0,1,0.010242753252074157
OTHER,2.0,0.0,14.0,7.0,23.0,1,0.010242753252074157
OTHER,2.0,0.0,14.0,8.0,24.0,1,0.010242753252074157
OTHER,2.0,0.0,15.0,1.0,18.0,1,0.010242753252074157
OTHER,2.0,0.0,15.0,3.0,20.0,1,0.010242753252074157
OTHER,2.0,0.0,15.0,4.0,21.0,1,0.010242753252074157
OTHER,2.0,0.0,15.0,4.5,21.5,1,0.010242753252074157
OTHER,2.0,0.0,15.0,5.0,22.0,1,0.010242753252074157
OTHER,2.0,0.0,15.5,3.0,20.5,1,0.010242753252074157
OTHER,2.0,0.0,16.0,4.0,22.0,1,0.010242753252074157
OTHER,2.0,0.0,17.0,5.0,24.0,1,0.010242753252074157
OTHER,2.0,0.0,17.0,6.0,25.0,1,0.010242753252074157
OTHER,2.0,0.0,17.5,5.0,24.5,1,0.010242753252074157
OTHER,2.0,0.0,18.0,3.0,23.0,1,0.010242753252074157
OTHER,2.0,1.0,0.0,0.0,3.0,1,0.010242753252074157
OTHER,2.0,1.0,6.0,9.0,18.0,1,0.010242753252074157
OTHER,2.0,1.0,9.0,1.0,13.0,1,0.010242753252074157
OTHER,2.0,1.0,9.0,2.0,14.0,1,0.010242753252074157
OTHER,2.0,1.0,11.0,3.0,17.0,1,0.010242753252074157
OTHER,2.0,1.0,12.0,4.0,19.0,1,0.010242753252074157
OTHER,2.0,1.0,13.0,1.0,17.0,1,0.010242753252074157
OTHER,2.0,2.0,0.0,1.0,5.0,1,0.010242753252074157
OTHER,2.0,2.0,0.0,3.0,7.0,1,0.010242753252074157
OTHER,2.0,2.0,0.0,5.0,9.0,1,0.010242753252074157
OTHER,2.0,2.0,0.0,9.0,13.0,1,0.010242753252074157
OTHER,2.0,2.0,0.0,13.0,17.0,1,0.010242753252074157
OTHER,2.0,2.0,2.0,2.0,8.0,1,0.010242753252074157
OTHER,2.0,2.0,2.0,3.0,9.0,1,0.010242753252074157
OTHER,2.0,2.0,4.0,5.0,13.0,1,0.010242753252074157
OTHER,2.0,2.0,5.0,2.0,11.0,1,0.010242753252074157
OTHER,2.0,2.0,5.0,6.0,15.0,1,0.010242753252074157
OTHER,2.0,2.0,6.0,4.0,14.0,1,0.010242753252074157
OTHER,2.0,2.0,7.0,2.0,13.0,1,0.010242753252074157
OTHER,2.0,2.0,7.0,3.0,14.0,1,0.010242753252074157
OTHER,2.0,2.0,8.0,2.0,14.0,1,0.010242753252074157
OTHER,2.0,2.0,8.0,3.0,15.0,1,0.010242753252074157
OTHER,2.0,2.0,11.0,1.0,16.0,1,0.010242753252074157
OTHER,2.0,2.0,12.0,2.0,18.0,1,0.010242753252074157
OTHER,2.0,3.0,0.0,3.0,8.0,1,0.010242753252074157
OTHER,2.0,3.0,0.0,4.0,9.0,1,0.010242753252074157
OTHER,2.0,3.0,2.0,5.0,12.0,1,0.010242753252074157
OTHER,2.0,3.0,3.0,6.0,14.0,1,0.010242753252074157
OTHER,2.0,3.0,3.0,9.0,17.0,1,0.010242753252074157
OTHER,2.0,3.0,4.0,4.0,13.0,1,0.010242753252074157
OTHER,2.0,3.0,5.0,4.0,14.0,1,0.010242753252074157
OTHER,2.0,3.0,7.0,2.0,14.0,1,0.010242753252074157
OTHER,2.0,3.0,8.0,4.0,17.0,1,0.010242753252074157
OTHER,2.0,3.0,10.0,2.0,17.0,1,0.010242753252074157
OTHER,2.0,3.0,10.0,3.0,18.0,1,0.010242753252074157
OTHER,2.0,3.0,11.0,2.0,18.0,1,0.010242753252074157
OTHER,2.0,3.0,12.0,1.0,18.0,1,0.010242753252074157
OTHER,2.0,3.0,14.0,5.0,24.0,1,0.010242753252074157
OTHER,2.0,4.0,2.0,5.0,13.0,1,0.010242753252074157
OTHER,2.0,4.0,2.0,6.0,14.0,1,0.010242753252074157
OTHER,2.0,4.0,3.0,3.0,12.0,1,0.010242753252074157
OTHER,2.0,4.0,3.0,6.0,15.0,1,0.010242753252074157
OTHER,2.0,4.0,4.0,3.0,13.0,1,0.010242753252074157
OTHER,2.0,4.0,6.0,2.0,14.0,1,0.010242753252074157
OTHER,2.0,4.0,6.0,6.0,18.0,1,0.010242753252074157
OTHER,2.0,4.0,7.0,0.0,13.0,1,0.010242753252074157
OTHER,2.0,4.0,9.0,3.0,18.0,1,0.010242753252074157
OTHER,2.0,4.0,10.0,2.0,18.0,1,0.010242753252074157
OTHER,2.0,4.0,11.5,3.0,20.5,1,0.010242753252074157
OTHER,2.0,5.0,0.0,6.0,13.0,1,0.010242753252074157
OTHER,2.0,5.0,3.0,4.0,14.0,1,0.010242753252074157
OTHER,2.0,5.0,4.0,3.0,14.0,1,0.010242753252074157
OTHER,2.0,5.0,7.0,6.0,20.0,1,0.010242753252074157
OTHER,2.0,5.0,9.0,4.0,20.0,1,0.010242753252074157
OTHER,2.0,6.0,2.0,3.0,13.0,1,0.010242753252074157
OTHER,2.0,6.0,3.0,1.0,12.0,1,0.010242753252074157
OTHER,2.0,6.0,3.0,2.0,13.0,1,0.010242753252074157
OTHER,2.0,6.0,5.0,2.0,15.0,1,0.010242753252074157
OTHER,2.0,6.0,5.0,3.0,16.0,1,0.010242753252074157
OTHER,2.0,6.0,6.0,2.0,16.0,1,0.010242753252074157
OTHER,2.0,7.0,0.0,0.0,9.0,1,0.010242753252074157
OTHER,2.0,8.0,0.0,3.0,13.0,1,0.010242753252074157
OTHER,2.0,8.0,3.0,2.0,15.0,1,0.010242753252074157
OTHER,2.0,9.0,4.0,2.0,17.0,1,0.010242753252074157
OTHER,2.0,10.0,0.0,3.0,15.0,1,0.010242753252074157
OTHER,2.0,12.0,0.0,0.0,14.0,1,0.010242753252074157
OTHER,3.0,0.0,0.0,7.0,10.0,1,0.010242753252074157
OTHER,3.0,0.0,0.0,13.0,16.0,1,0.010242753252074157
OTHER,3.0,0.0,0.0,18.0,21.0,1,0.010242753252074157
OTHER,3.0,0.0,1.0,2.0,6.0,1,0.010242753252074157
OTHER,3.0,0.0,1.0,4.0,8.0,1,0.010242753252074157
OTHER,3.0,0.0,1.0,9.0,13.0,1,0.010242753252074157
OTHER,3.0,0.0,2.0,4.0,9.0,1,0.010242753252074157
OTHER,3.0,0.0,2.0,12.0,17.0,1,0.010242753252074157
OTHER,3.0,0.0,3.0,1.0,7.0,1,0.010242753252074157
OTHER,3.0,0.0,3.0,11.0,17.0,1,0.010242753252074157
OTHER,3.0,0.0,4.0,4.0,11.0,1,0.010242753252074157
OTHER,3.0,0.0,4.0,9.0,16.0,1,0.010242753252074157
OTHER,3.0,0.0,4.0,10.0,17.0,1,0.010242753252074157
OTHER,3.0,0.0,6.0,12.0,21.0,1,0.010242753252074157
OTHER,3.0,0.0,6.0,15.0,24.0,1,0.010242753252074157
OTHER,3.0,0.0,7.0,1.0,11.0,1,0.010242753252074157
OTHER,3.0,0.0,7.0,8.0,18.0,1,0.010242753252074157
OTHER,3.0,0.0,7.0,10.0,20.0,1,0.010242753252074157
OTHER,3.0,0.0,7.5,9.0,19.5,1,0.010242753252074157
OTHER,3.0,0.0,8.0,1.0,12.0,1,0.010242753252074157
OTHER,3.0,0.0,8.0,6.0,17.0,1,0.010242753252074157
OTHER,3.0,0.0,8.0,7.0,18.0,1,0.010242753252074157
OTHER,3.0,0.0,9.0,7.0,19.0,1,0.010242753252074157
OTHER,3.0,0.0,10.0,1.0,14.0,1,0.010242753252074157
OTHER,3.0,0.0,12.0,4.5,19.5,1,0.010242753252074157
OTHER,3.0,0.0,12.0,5.0,20.0,1,0.010242753252074157
OTHER,3.0,0.0,12.0,7.0,22.0,1,0.010242753252074157
OTHER,3.0,0.0,12.0,9.0,24.0,1,0.010242753252074157
OTHER,3.0,0.0,12.0,10.0,25.0,1,0.010242753252074157
OTHER,3.0,0.0,13.0,3.0,19.0,1,0.010242753252074157
OTHER,3.0,0.0,15.0,2.0,20.0,1,0.010242753252074157
OTHER,3.0,0.0,15.0,4.0,22.0,1,0.010242753252074157
OTHER,3.0,0.0,15.0,6.5,24.5,1,0.010242753252074157
OTHER,3.0,0.0,16.0,2.0,21.0,1,0.010242753252074157
OTHER,3.0,0.0,17.0,2.0,22.0,1,0.010242753252074157
OTHER,3.0,0.0,17.0,4.0,24.0,1,0.010242753252074157
OTHER,3.0,0.0,17.0,5.0,25.0,1,0.010242753252074157
OTHER,3.0,0.0,17.5,2.0,22.5,1,0.010242753252074157
OTHER,3.0,0.0,18.0,3.0,24.0,1,0.010242753252074157
OTHER,3.0,1.0,0.0,0.0,4.0,1,0.010242753252074157
OTHER,3.0,1.0,5.0,3.0,12.0,1,0.010242753252074157
OTHER,3.0,1.0,5.0,9.0,18.0,1,0.010242753252074157
OTHER,3.0,1.0,7.0,2.0,13.0,1,0.010242753252074157
OTHER,3.0,1.0,8.0,2.0,14.0,1,0.010242753252074157
OTHER,3.0,1.0,11.0,2.0,17.0,1,0.010242753252074157
OTHER,3.0,2.0,0.0,7.0,12.0,1,0.010242753252074157
OTHER,3.0,2.0,0.0,8.0,13.0,1,0.010242753252074157
OTHER,3.0,2.0,0.0,12.0,17.0,1,0.010242753252074157
OTHER,3.0,2.0,2.0,9.0,16.0,1,0.010242753252074157
OTHER,3.0,2.0,3.0,2.0,10.0,1,0.010242753252074157
OTHER,3.0,2.0,3.0,5.0,13.0,1,0.010242753252074157
OTHER,3.0,2.0,4.0,4.0,13.0,1,0.010242753252074157
OTHER,3.0,2.0,4.0,6.0,15.0,1,0.010242753252074157
OTHER,3.0,2.0,6.0,2.0,13.0,1,0.010242753252074157
OTHER,3.0,2.0,6.0,7.0,18.0,1,0.010242753252074157
OTHER,3.0,2.0,8.0,2.0,15.0,1,0.010242753252074157
OTHER,3.0,2.0,9.0,4.0,18.0,1,0.010242753252074157
OTHER,3.0,2.0,10.0,2.0,17.0,1,0.010242753252074157
OTHER,3.0,2.0,11.0,2.0,18.0,1,0.010242753252074157
OTHER,3.0,2.0,11.0,3.0,19.0,1,0.010242753252074157
OTHER,3.0,2.0,12.0,3.0,20.0,1,0.010242753252074157
OTHER,3.0,2.0,12.0,4.0,21.0,1,0.010242753252074157
OTHER,3.0,2.0,13.0,7.0,25.0,1,0.010242753252074157
OTHER,3.0,3.0,0.0,12.0,18.0,1,0.010242753252074157
OTHER,3.0,3.0,2.0,6.0,14.0,1,0.010242753252074157
OTHER,3.0,3.0,3.0,4.0,13.0,1,0.010242753252074157
OTHER,3.0,3.0,3.0,9.0,18.0,1,0.010242753252074157
OTHER,3.0,3.0,4.0,2.0,12.0,1,0.010242753252074157
OTHER,3.0,3.0,4.0,4.0,14.0,1,0.010242753252074157
OTHER,3.0,3.0,4.0,6.0,16.0,1,0.010242753252074157
OTHER,3.0,3.0,5.0,5.0,16.0,1,0.010242753252074157
OTHER,3.0,3.0,5.0,6.0,17.0,1,0.010242753252074157
OTHER,3.0,3.0,6.0,5.0,17.0,1,0.010242753252074157
OTHER,3.0,3.0,6.0,6.0,18.0,1,0.010242753252074157
OTHER,3.0,3.0,6.0,7.0,19.0,1,0.010242753252074157
OTHER,3.0,3.0,7.0,0.0,13.0,1,0.010242753252074157
OTHER,3.0,3.0,7.0,4.0,17.0,1,0.010242753252074157
OTHER,3.0,3.0,8.0,1.0,15.0,1,0.010242753252074157
OTHER,3.0,3.0,10.0,5.0,21.0,1,0.010242753252074157
OTHER,3.0,3.0,11.0,0.0,17.0,1,0.010242753252074157
OTHER,3.0,3.0,11.0,3.0,20.0,1,0.010242753252074157
OTHER,3.0,3.0,12.0,2.0,20.0,1,0.010242753252074157
OTHER,3.0,4.0,0.0,6.0,13.0,1,0.010242753252074157
OTHER,3.0,4.0,0.0,7.0,14.0,1,0.010242753252074157
OTHER,3.0,4.0,2.0,6.0,15.0,1,0.010242753252074157
OTHER,3.0,4.0,3.0,2.0,12.0,1,0.010242753252074157
OTHER,3.0,4.0,3.0,3.0,13.0,1,0.010242753252074157
OTHER,3.0,4.0,3.0,4.0,14.0,1,0.010242753252074157
OTHER,3.0,4.0,3.0,6.0,16.0,1,0.010242753252074157
OTHER,3.0,4.0,4.0,2.0,13.0,1,0.010242753252074157
OTHER,3.0,4.0,6.0,2.0,15.0,1,0.010242753252074157
OTHER,3.0,4.0,6.0,3.0,16.0,1,0.010242753252074157
OTHER,3.0,4.0,8.0,2.0,17.0,1,0.010242753252074157
OTHER,3.0,4.0,8.0,3.0,18.0,1,0.010242753252074157
OTHER,3.0,4.0,9.0,4.0,20.0,1,0.010242753252074157
OTHER,3.0,4.0,10.0,1.0,18.0,1,0.010242753252074157
OTHER,3.0,4.5,6.0,6.0,19.5,1,0.010242753252074157
OTHER,3.0,5.0,0.0,6.0,14.0,1,0.010242753252074157
OTHER,3.0,5.0,3.0,4.0,15.0,1,0.010242753252074157
OTHER,3.0,5.0,4.0,3.0,15.0,1,0.010242753252074157
OTHER,3.0,5.0,5.0,2.0,15.0,1,0.010242753252074157
OTHER,3.0,5.0,5.0,5.0,18.0,1,0.010242753252074157
OTHER,3.0,5.0,7.0,0.0,15.0,1,0.010242753252074157
OTHER,3.0,5.0,8.0,5.0,21.0,1,0.010242753252074157
OTHER,3.0,6.0,0.0,4.0,13.0,1,0.010242753252074157
OTHER,3.0,6.0,2.0,3.0,14.0,1,0.010242753252074157
OTHER,3.0,6.0,3.0,3.0,15.0,1,0.010242753252074157
OTHER,3.0,6.0,5.0,0.0,14.0,1,0.010242753252074157
OTHER,3.0,7.0,0.0,2.0,12.0,1,0.010242753252074157
OTHER,3.0,7.0,3.0,4.0,17.0,1,0.010242753252074157
OTHER,3.0,7.0,5.0,3.0,18.0,1,0.010242753252074157
OTHER,3.0,7.0,8.0,2.0,20.0,1,0.010242753252074157
OTHER,3.0,8.0,0.0,0.0,11.0,1,0.010242753252074157
OTHER,3.0,8.0,0.0,2.0,13.0,1,0.010242753252074157
OTHER,3.0,8.0,0.0,3.0,14.0,1,0.010242753252074157
OTHER,3.0,8.0,1.0,3.0,15.0,1,0.010242753252074157
OTHER,3.0,9.0,0.0,3.0,15.0,1,0.010242753252074157
OTHER,3.0,9.0,3.0,2.0,17.0,1,0.010242753252074157
OTHER,3.0,10.0,2.0,2.0,17.0,1,0.010242753252074157
OTHER,3.0,10.0,8.0,4.0,25.0,1,0.010242753252074157
OTHER,4.0,0.0,0.0,1.0,5.0,1,0.010242753252074157
OTHER,4.0,0.0,0.0,6.0,10.0,1,0.010242753252074157
OTHER,4.0,0.0,2.0,1.0,7.0,1,0.010242753252074157
OTHER,4.0,0.0,2.0,8.0,14.0,1,0.010242753252074157
OTHER,4.0,0.0,2.0,9.0,15.0,1,0.010242753252074157
OTHER,4.0,0.0,2.0,11.0,17.0,1,0.010242753252074157
OTHER,4.0,0.0,2.0,13.0,19.0,1,0.010242753252074157
OTHER,4.0,0.0,3.0,3.0,10.0,1,0.010242753252074157
OTHER,4.0,0.0,3.0,10.0,17.0,1,0.010242753252074157
OTHER,4.0,0.0,3.0,11.0,18.0,1,0.010242753252074157
OTHER,4.0,0.0,4.0,2.0,10.0,1,0.010242753252074157
OTHER,4.0,0.0,4.0,9.0,17.0,1,0.010242753252074157
OTHER,4.0,0.0,4.0,10.0,18.0,1,0.010242753252074157
OTHER,4.0,0.0,4.0,11.0,19.0,1,0.010242753252074157
OTHER,4.0,0.0,5.0,9.0,18.0,1,0.010242753252074157
OTHER,4.0,0.0,6.5,6.0,16.5,1,0.010242753252074157
OTHER,4.0,0.0,7.0,8.0,19.0,1,0.010242753252074157
OTHER,4.0,0.0,8.0,7.0,19.0,1,0.010242753252074157
OTHER,4.0,0.0,8.0,8.0,20.0,1,0.010242753252074157
OTHER,4.0,0.0,9.0,1.0,14.0,1,0.010242753252074157
OTHER,4.0,0.0,9.0,8.0,21.0,1,0.010242753252074157
OTHER,4.0,0.0,9.5,4.5,18.0,1,0.010242753252074157
OTHER,4.0,0.0,9.5,5.0,18.5,1,0.010242753252074157
OTHER,4.0,0.0,10.0,6.0,20.0,1,0.010242753252074157
OTHER,4.0,0.0,10.5,4.0,18.5,1,0.010242753252074157
OTHER,4.0,0.0,10.5,4.5,19.0,1,0.010242753252074157
OTHER,4.0,0.0,11.0,0.0,15.0,1,0.010242753252074157
OTHER,4.0,0.0,11.0,1.0,16.0,1,0.010242753252074157
OTHER,4.0,0.0,12.0,3.0,19.0,1,0.010242753252074157
OTHER,4.0,0.0,12.0,7.0,23.0,1,0.010242753252074157
OTHER,4.0,0.0,13.0,2.0,19.0,1,0.010242753252074157
OTHER,4.0,0.0,14.0,4.0,22.0,1,0.010242753252074157
OTHER,4.0,0.0,14.0,7.0,25.0,1,0.010242753252074157
OTHER,4.0,0.0,15.0,0.0,19.0,1,0.010242753252074157
OTHER,4.0,0.0,15.0,5.0,24.0,1,0.010242753252074157
OTHER,4.0,0.0,16.0,2.0,22.0,1,0.010242753252074157
OTHER,4.0,0.0,16.0,5.0,25.0,1,0.010242753252074157
OTHER,4.0,0.0,17.0,2.0,23.0,1,0.010242753252074157
OTHER,4.0,0.0,17.0,3.0,24.0,1,0.010242753252074157
OTHER,4.0,0.0,19.0,2.0,25.0,1,0.010242753252074157
OTHER,4.0,0.0,24.0,11.0,39.0,1,0.010242753252074157
OTHER,4.0,1.0,2.0,14.0,21.0,1,0.010242753252074157
OTHER,4.0,1.0,5.0,3.0,13.0,1,0.010242753252074157
OTHER,4.0,1.0,7.0,1.0,13.0,1,0.010242753252074157
OTHER,4.0,2.0,0.0,2.0,8.0,1,0.010242753252074157
OTHER,4.0,2.0,0.0,3.0,9.0,1,0.010242753252074157
OTHER,4.0,2.0,0.0,6.0,12.0,1,0.010242753252074157
OTHER,4.0,2.0,2.0,4.0,12.0,1,0.010242753252074157
OTHER,4.0,2.0,2.0,5.0,13.0,1,0.010242753252074157
OTHER,4.0,2.0,3.0,5.0,14.0,1,0.010242753252074157
OTHER,4.0,2.0,4.0,2.0,12.0,1,0.010242753252074157
OTHER,4.0,2.0,4.0,3.0,13.0,1,0.010242753252074157
OTHER,4.0,2.0,4.0,4.0,14.0,1,0.010242753252074157
OTHER,4.0,2.0,4.0,6.0,16.0,1,0.010242753252074157
OTHER,4.0,2.0,4.0,11.0,21.0,1,0.010242753252074157
OTHER,4.0,2.0,6.0,2.0,14.0,1,0.010242753252074157
OTHER,4.0,2.0,6.0,3.0,15.0,1,0.010242753252074157
OTHER,4.0,2.0,8.0,2.0,16.0,1,0.010242753252074157
OTHER,4.0,2.0,8.0,3.0,17.0,1,0.010242753252074157
OTHER,4.0,2.0,9.0,2.0,17.0,1,0.010242753252074157
OTHER,4.0,2.0,9.0,3.0,18.0,1,0.010242753252074157
OTHER,4.0,2.0,12.0,5.0,23.0,1,0.010242753252074157
OTHER,4.0,2.0,13.0,2.0,21.0,1,0.010242753252074157
OTHER,4.0,3.0,0.0,2.0,9.0,1,0.010242753252074157
OTHER,4.0,3.0,0.0,3.0,10.0,1,0.010242753252074157
OTHER,4.0,3.0,0.0,5.0,12.0,1,0.010242753252074157
OTHER,4.0,3.0,1.0,5.0,13.0,1,0.010242753252074157
OTHER,4.0,3.0,2.0,3.0,12.0,1,0.010242753252074157
OTHER,4.0,3.0,2.0,4.0,13.0,1,0.010242753252074157
OTHER,4.0,3.0,3.0,5.0,15.0,1,0.010242753252074157
OTHER,4.0,3.0,4.0,1.0,12.0,1,0.010242753252074157
OTHER,4.0,3.0,4.0,2.0,13.0,1,0.010242753252074157
OTHER,4.0,3.0,5.0,4.0,16.0,1,0.010242753252074157
OTHER,4.0,3.0,6.0,3.0,16.0,1,0.010242753252074157
OTHER,4.0,3.0,8.0,3.0,18.0,1,0.010242753252074157
OTHER,4.0,3.0,9.0,2.0,18.0,1,0.010242753252074157
OTHER,4.0,3.0,9.0,5.0,21.0,1,0.010242753252074157
OTHER,4.0,4.0,2.0,2.0,12.0,1,0.010242753252074157
OTHER,4.0,4.0,2.0,3.0,13.0,1,0.010242753252074157
OTHER,4.0,4.0,2.0,4.0,14.0,1,0.010242753252074157
OTHER,4.0,4.0,2.0,7.0,17.0,1,0.010242753252074157
OTHER,4.0,4.0,3.0,2.0,13.0,1,0.010242753252074157
OTHER,4.0,4.0,3.0,3.0,14.0,1,0.010242753252074157
OTHER,4.0,4.0,4.0,5.0,17.0,1,0.010242753252074157
OTHER,4.0,4.0,4.0,7.0,19.0,1,0.010242753252074157
OTHER,4.0,4.0,6.0,8.0,22.0,1,0.010242753252074157
OTHER,4.0,4.0,7.0,5.0,20.0,1,0.010242753252074157
OTHER,4.0,4.0,10.0,5.0,23.0,1,0.010242753252074157
OTHER,4.0,5.0,0.0,0.0,9.0,1,0.010242753252074157
OTHER,4.0,5.0,0.0,4.0,13.0,1,0.010242753252074157
OTHER,4.0,5.0,0.0,7.0,16.0,1,0.010242753252074157
OTHER,4.0,5.0,2.0,2.0,13.0,1,0.010242753252074157
OTHER,4.0,5.0,2.0,6.0,17.0,1,0.010242753252074157
OTHER,4.0,5.0,4.0,4.0,17.0,1,0.010242753252074157
OTHER,4.0,5.0,9.0,4.0,22.0,1,0.010242753252074157
OTHER,4.0,6.0,0.0,0.0,10.0,1,0.010242753252074157
OTHER,4.0,6.0,0.0,4.0,14.0,1,0.010242753252074157
OTHER,4.0,6.0,1.0,4.0,15.0,1,0.010242753252074157
OTHER,4.0,6.0,3.0,2.0,15.0,1,0.010242753252074157
OTHER,4.0,6.0,6.0,1.0,17.0,1,0.010242753252074157
OTHER,4.0,6.0,8.0,3.0,21.0,1,0.010242753252074157
OTHER,4.0,7.0,0.0,0.0,11.0,1,0.010242753252074157
OTHER,4.0,7.0,0.0,2.0,13.0,1,0.010242753252074157
OTHER,4.0,7.0,5.0,2.0,18.0,1,0.010242753252074157
OTHER,4.0,8.0,3.0,3.0,18.0,1,0.010242753252074157
OTHER,4.0,8.0,5.0,1.0,18.0,1,0.010242753252074157
OTHER,4.0,11.0,0.0,0.0,15.0,1,0.010242753252074157
OTHER,4.5,0.0,0.0,3.0,7.5,1,0.010242753252074157
OTHER,4.5,0.0,0.0,8.0,12.5,1,0.010242753252074157
OTHER,4.5,0.0,2.0,6.0,12.5,1,0.010242753252074157
OTHER,4.5,0.0,3.0,6.0,13.5,1,0.010242753252074157
OTHER,4.5,0.0,5.0,4.0,13.5,1,0.010242753252074157
OTHER,4.5,0.0,6.0,8.5,19.0,1,0.010242753252074157
OTHER,4.5,0.0,9.0,10.0,23.5,1,0.010242753252074157
OTHER,4.5,0.0,9.5,5.0,19.0,1,0.010242753252074157
OTHER,4.5,0.0,9.5,9.0,23.0,1,0.010242753252074157
OTHER,4.5,0.0,11.0,4.0,19.5,1,0.010242753252074157
OTHER,4.5,0.0,12.0,3.0,19.5,1,0.010242753252074157
OTHER,4.5,0.0,12.0,4.0,20.5,1,0.010242753252074157
OTHER,4.5,0.0,12.0,5.0,21.5,1,0.010242753252074157
OTHER,4.5,0.0,13.5,6.0,24.0,1,0.010242753252074157
OTHER,4.5,0.0,14.0,4.5,23.0,1,0.010242753252074157
OTHER,4.5,0.0,15.0,5.0,24.5,1,0.010242753252074157
OTHER,4.5,0.0,16.0,3.0,23.5,1,0.010242753252074157
OTHER,4.5,0.0,16.5,2.0,23.0,1,0.010242753252074157
OTHER,4.5,0.0,17.0,3.0,24.5,1,0.010242753252074157
OTHER,4.5,0.0,18.5,2.0,25.0,1,0.010242753252074157
OTHER,4.5,2.0,12.5,3.0,22.0,1,0.010242753252074157
OTHER,4.5,3.0,14.0,2.0,23.5,1,0.010242753252074157
OTHER,4.5,5.0,6.0,2.0,17.5,1,0.010242753252074157
OTHER,4.5,6.0,6.0,6.0,22.5,1,0.010242753252074157
OTHER,5.0,0.0,0.0,1.0,6.0,1,0.010242753252074157
OTHER,5.0,0.0,0.0,7.5,12.5,1,0.010242753252074157
OTHER,5.0,0.0,0.0,8.5,13.5,1,0.010242753252074157
OTHER,5.0,0.0,0.0,11.0,16.0,1,0.010242753252074157
OTHER,5.0,0.0,0.0,13.0,18.0,1,0.010242753252074157
OTHER,5.0,0.0,0.0,15.0,20.0,1,0.010242753252074157
OTHER,5.0,0.0,1.0,6.0,12.0,1,0.010242753252074157
OTHER,5.0,0.0,2.0,2.0,9.0,1,0.010242753252074157
OTHER,5.0,0.0,2.0,8.0,15.0,1,0.010242753252074157
OTHER,5.0,0.0,2.0,9.0,16.0,1,0.010242753252074157
OTHER,5.0,0.0,2.0,11.0,18.0,1,0.010242753252074157
OTHER,5.0,0.0,3.0,2.0,10.0,1,0.010242753252074157
OTHER,5.0,0.0,4.0,2.0,11.0,1,0.010242753252074157
OTHER,5.0,0.0,4.0,5.0,14.0,1,0.010242753252074157
OTHER,5.0,0.0,4.0,7.0,16.0,1,0.010242753252074157
OTHER,5.0,0.0,4.0,8.0,17.0,1,0.010242753252074157
OTHER,5.0,0.0,4.5,5.0,14.5,1,0.010242753252074157
OTHER,5.0,0.0,5.0,7.0,17.0,1,0.010242753252074157
OTHER,5.0,0.0,5.0,9.0,19.0,1,0.010242753252074157
OTHER,5.0,0.0,5.0,10.0,20.0,1,0.010242753252074157
OTHER,5.0,0.0,6.0,6.0,17.0,1,0.010242753252074157
OTHER,5.0,0.0,7.0,6.0,18.0,1,0.010242753252074157
OTHER,5.0,0.0,8.0,1.0,14.0,1,0.010242753252074157
OTHER,5.0,0.0,8.0,10.0,23.0,1,0.010242753252074157
OTHER,5.0,0.0,8.0,11.0,24.0,1,0.010242753252074157
OTHER,5.0,0.0,9.0,1.0,15.0,1,0.010242753252074157
OTHER,5.0,0.0,9.0,4.0,18.0,1,0.010242753252074157
OTHER,5.0,0.0,9.0,7.0,21.0,1,0.010242753252074157
OTHER,5.0,0.0,9.5,9.0,23.5,1,0.010242753252074157
OTHER,5.0,0.0,10.0,1.0,16.0,1,0.010242753252074157
OTHER,5.0,0.0,10.5,2.0,17.5,1,0.010242753252074157
OTHER,5.0,0.0,11.0,0.0,16.0,1,0.010242753252074157
OTHER,5.0,0.0,12.0,0.0,17.0,1,0.010242753252074157
OTHER,5.0,0.0,12.0,4.0,21.0,1,0.010242753252074157
OTHER,5.0,0.0,13.0,6.0,24.0,1,0.010242753252074157
OTHER,5.0,0.0,13.5,6.0,24.5,1,0.010242753252074157
OTHER,5.0,0.0,14.0,2.0,21.0,1,0.010242753252074157
OTHER,5.0,0.0,14.0,5.0,24.0,1,0.010242753252074157
OTHER,5.0,0.0,14.0,6.0,25.0,1,0.010242753252074157
OTHER,5.0,0.0,15.0,0.0,20.0,1,0.010242753252074157
OTHER,5.0,0.0,15.0,4.0,24.0,1,0.010242753252074157
OTHER,5.0,0.0,16.0,3.0,24.0,1,0.010242753252074157
OTHER,5.0,0.0,17.0,2.0,24.0,1,0.010242753252074157
OTHER,5.0,0.0,17.0,3.0,25.0,1,0.010242753252074157
OTHER,5.0,2.0,0.0,7.0,14.0,1,0.010242753252074157
OTHER,5.0,2.0,0.0,8.0,15.0,1,0.010242753252074157
OTHER,5.0,2.0,0.0,9.0,16.0,1,0.010242753252074157
OTHER,5.0,2.0,3.0,3.0,13.0,1,0.010242753252074157
OTHER,5.0,2.0,3.0,4.0,14.0,1,0.010242753252074157
OTHER,5.0,2.0,4.0,2.0,13.0,1,0.010242753252074157
OTHER,5.0,2.0,6.0,3.0,16.0,1,0.010242753252074157
OTHER,5.0,2.0,6.0,4.0,17.0,1,0.010242753252074157
OTHER,5.0,3.0,0.0,4.0,12.0,1,0.010242753252074157
OTHER,5.0,3.0,1.0,3.0,12.0,1,0.010242753252074157
OTHER,5.0,3.0,2.0,6.0,16.0,1,0.010242753252074157
OTHER,5.0,3.0,3.0,6.0,17.0,1,0.010242753252074157
OTHER,5.0,3.0,11.0,3.0,22.0,1,0.010242753252074157
OTHER,5.0,4.0,0.0,5.0,14.0,1,0.010242753252074157
OTHER,5.0,4.0,0.0,6.0,15.0,1,0.010242753252074157
OTHER,5.0,4.0,2.0,3.0,14.0,1,0.010242753252074157
OTHER,5.0,4.0,3.0,2.0,14.0,1,0.010242753252074157
OTHER,5.0,4.0,3.0,4.0,16.0,1,0.010242753252074157
OTHER,5.0,4.0,4.0,6.0,19.0,1,0.010242753252074157
OTHER,5.0,4.0,6.0,2.0,17.0,1,0.010242753252074157
OTHER,5.0,4.0,6.0,3.0,18.0,1,0.010242753252074157
OTHER,5.0,4.0,8.0,4.0,21.0,1,0.010242753252074157
OTHER,5.0,4.0,11.0,3.0,23.0,1,0.010242753252074157
OTHER,5.0,5.0,0.0,4.0,14.0,1,0.010242753252074157
OTHER,5.0,5.0,2.0,1.0,13.0,1,0.010242753252074157
OTHER,5.0,6.0,0.0,2.0,13.0,1,0.010242753252074157
OTHER,5.0,6.0,2.0,4.5,17.5,1,0.010242753252074157
OTHER,5.0,6.0,2.0,5.0,18.0,1,0.010242753252074157
OTHER,5.0,6.0,3.0,6.0,20.0,1,0.010242753252074157
OTHER,5.0,7.0,0.0,3.0,15.0,1,0.010242753252074157
OTHER,5.0,7.0,8.0,4.0,24.0,1,0.010242753252074157
OTHER,5.0,8.0,0.0,4.0,17.0,1,0.010242753252074157
OTHER,5.0,11.0,0.0,0.0,16.0,1,0.010242753252074157
OTHER,6.0,0.0,0.0,12.0,18.0,1,0.010242753252074157
OTHER,6.0,0.0,0.0,13.0,19.0,1,0.010242753252074157
OTHER,6.0,0.0,1.0,6.0,13.0,1,0.010242753252074157
OTHER,6.0,0.0,1.0,10.0,17.0,1,0.010242753252074157
OTHER,6.0,0.0,3.0,7.0,16.0,1,0.010242753252074157
OTHER,6.0,0.0,4.0,6.0,16.0,1,0.010242753252074157
OTHER,6.0,0.0,4.0,7.0,17.0,1,0.010242753252074157
OTHER,6.0,0.0,4.0,8.0,18.0,1,0.010242753252074157
OTHER,6.0,0.0,4.5,6.0,16.5,1,0.010242753252074157
OTHER,6.0,0.0,5.0,7.0,18.0,1,0.010242753252074157
OTHER,6.0,0.0,7.0,1.0,14.0,1,0.010242753252074157
OTHER,6.0,0.0,8.0,4.0,18.0,1,0.010242753252074157
OTHER,6.0,0.0,8.0,10.0,24.0,1,0.010242753252074157
OTHER,6.0,0.0,9.0,0.0,15.0,1,0.010242753252074157
OTHER,6.0,0.0,9.0,5.0,20.0,1,0.010242753252074157
OTHER,6.0,0.0,9.0,6.0,21.0,1,0.010242753252074157
OTHER,6.0,0.0,10.0,4.0,20.0,1,0.010242753252074157
OTHER,6.0,0.0,10.5,4.0,20.5,1,0.010242753252074157
OTHER,6.0,0.0,11.0,1.0,18.0,1,0.010242753252074157
OTHER,6.0,0.0,11.0,4.0,21.0,1,0.010242753252074157
OTHER,6.0,0.0,12.0,2.0,20.0,1,0.010242753252074157
OTHER,6.0,0.0,12.0,4.5,22.5,1,0.010242753252074157
OTHER,6.0,0.0,12.0,5.0,23.0,1,0.010242753252074157
OTHER,6.0,0.0,13.0,2.0,21.0,1,0.010242753252074157
OTHER,6.0,0.0,15.5,2.0,23.5,1,0.010242753252074157
OTHER,6.0,0.0,15.5,3.0,24.5,1,0.010242753252074157
OTHER,6.0,0.0,16.0,2.0,24.0,1,0.010242753252074157
OTHER,6.0,1.0,3.0,3.0,13.0,1,0.010242753252074157
OTHER,6.0,2.0,2.0,2.0,12.0,1,0.010242753252074157
OTHER,6.0,2.0,2.0,3.0,13.0,1,0.010242753252074157
OTHER,6.0,2.0,2.0,4.0,14.0,1,0.010242753252074157
OTHER,6.0,2.0,4.0,2.0,14.0,1,0.010242753252074157
OTHER,6.0,2.0,6.0,1.0,15.0,1,0.010242753252074157
OTHER,6.0,2.0,6.0,3.0,17.0,1,0.010242753252074157
OTHER,6.0,2.0,7.0,3.0,18.0,1,0.010242753252074157
OTHER,6.0,3.0,2.0,5.0,16.0,1,0.010242753252074157
OTHER,6.0,3.0,3.0,5.0,17.0,1,0.010242753252074157
OTHER,6.0,3.0,4.0,3.0,16.0,1,0.010242753252074157
OTHER,6.0,3.0,5.0,6.0,20.0,1,0.010242753252074157
OTHER,6.0,3.0,6.0,2.0,17.0,1,0.010242753252074157
OTHER,6.0,3.0,11.0,4.5,24.5,1,0.010242753252074157
OTHER,6.0,4.0,0.0,0.0,10.0,1,0.010242753252074157
OTHER,6.0,4.0,0.0,2.0,12.0,1,0.010242753252074157
OTHER,6.0,4.0,3.0,8.0,21.0,1,0.010242753252074157
OTHER,6.0,4.0,6.0,2.0,18.0,1,0.010242753252074157
OTHER,6.0,5.0,0.0,1.0,12.0,1,0.010242753252074157
OTHER,6.0,5.0,1.0,2.0,14.0,1,0.010242753252074157
OTHER,6.0,5.0,2.0,3.0,16.0,1,0.010242753252074157
OTHER,6.0,5.0,3.0,2.0,16.0,1,0.010242753252074157
OTHER,6.0,5.0,6.0,1.0,18.0,1,0.010242753252074157
OTHER,6.0,5.0,6.0,2.0,19.0,1,0.010242753252074157
OTHER,6.0,6.0,0.0,2.0,14.0,1,0.010242753252074157
OTHER,6.0,7.0,0.0,0.0,13.0,1,0.010242753252074157
OTHER,6.0,7.5,8.5,3.0,25.0,1,0.010242753252074157
OTHER,6.0,9.0,0.0,0.0,15.0,1,0.010242753252074157
OTHER,6.0,9.0,0.0,2.0,17.0,1,0.010242753252074157
OTHER,6.0,10.5,0.0,0.0,16.5,1,0.010242753252074157
OTHER,6.5,0.0,3.0,9.0,18.5,1,0.010242753252074157
OTHER,6.5,0.0,9.0,6.0,21.5,1,0.010242753252074157
OTHER,7.0,0.0,0.0,11.0,18.0,1,0.010242753252074157
OTHER,7.0,0.0,0.0,12.0,19.0,1,0.010242753252074157
OTHER,7.0,0.0,1.0,7.0,15.0,1,0.010242753252074157
OTHER,7.0,0.0,3.0,5.0,15.0,1,0.010242753252074157
OTHER,7.0,0.0,3.0,6.0,16.0,1,0.010242753252074157
OTHER,7.0,0.0,3.0,8.0,18.0,1,0.010242753252074157
OTHER,7.0,0.0,4.0,6.0,17.0,1,0.010242753252074157
OTHER,7.0,0.0,5.0,1.0,13.0,1,0.010242753252074157
OTHER,7.0,0.0,6.0,5.0,18.0,1,0.010242753252074157
OTHER,7.0,0.0,6.0,6.0,19.0,1,0.010242753252074157
OTHER,7.0,0.0,7.0,4.0,18.0,1,0.010242753252074157
OTHER,7.0,0.0,8.0,2.0,17.0,1,0.010242753252074157
OTHER,7.0,0.0,8.0,4.0,19.0,1,0.010242753252074157
OTHER,7.0,0.0,9.0,0.0,16.0,1,0.010242753252074157
OTHER,7.0,0.0,9.0,4.0,20.0,1,0.010242753252074157
OTHER,7.0,0.0,10.0,4.0,21.0,1,0.010242753252074157
OTHER,7.0,0.0,15.0,2.0,24.0,1,0.010242753252074157
OTHER,7.0,1.0,2.0,3.0,13.0,1,0.010242753252074157
OTHER,7.0,1.0,8.0,2.0,18.0,1,0.010242753252074157
OTHER,7.0,2.0,0.0,2.0,11.0,1,0.010242753252074157
OTHER,7.0,2.0,2.0,3.0,14.0,1,0.010242753252074157
OTHER,7.0,2.0,4.0,2.0,15.0,1,0.010242753252074157
OTHER,7.0,2.0,4.0,3.0,16.0,1,0.010242753252074157
OTHER,7.0,2.0,6.0,2.0,17.0,1,0.010242753252074157
OTHER,7.0,3.0,0.0,3.0,13.0,1,0.010242753252074157
OTHER,7.0,3.0,2.0,1.0,13.0,1,0.010242753252074157
OTHER,7.0,4.0,0.0,0.0,11.0,1,0.010242753252074157
OTHER,7.0,4.0,0.0,2.0,13.0,1,0.010242753252074157
OTHER,7.0,4.0,0.0,4.0,15.0,1,0.010242753252074157
OTHER,7.0,4.0,2.0,2.0,15.0,1,0.010242753252074157
OTHER,7.0,4.0,5.0,2.0,18.0,1,0.010242753252074157
OTHER,7.0,9.0,0.0,0.0,16.0,1,0.010242753252074157
OTHER,7.0,10.0,0.0,0.0,17.0,1,0.010242753252074157
OTHER,7.5,0.0,0.0,6.0,13.5,1,0.010242753252074157
OTHER,7.5,0.0,5.0,8.0,20.5,1,0.010242753252074157
OTHER,7.5,0.0,11.0,6.0,24.5,1,0.010242753252074157
OTHER,8.0,0.0,0.0,1.0,9.0,1,0.010242753252074157
OTHER,8.0,0.0,0.0,3.0,11.0,1,0.010242753252074157
OTHER,8.0,0.0,0.0,4.5,12.5,1,0.010242753252074157
OTHER,8.0,0.0,0.0,10.0,18.0,1,0.010242753252074157
OTHER,8.0,0.0,2.0,6.0,16.0,1,0.010242753252074157
OTHER,8.0,0.0,2.0,9.0,19.0,1,0.010242753252074157
OTHER,8.0,0.0,3.0,7.0,18.0,1,0.010242753252074157
OTHER,8.0,0.0,4.0,6.0,18.0,1,0.010242753252074157
OTHER,8.0,0.0,5.0,1.0,14.0,1,0.010242753252074157
OTHER,8.0,0.0,5.0,4.0,17.0,1,0.010242753252074157
OTHER,8.0,0.0,5.0,6.0,19.0,1,0.010242753252074157
OTHER,8.0,0.0,7.0,3.0,18.0,1,0.010242753252074157
OTHER,8.0,0.0,7.0,4.0,19.0,1,0.010242753252074157
OTHER,8.0,0.0,7.0,5.0,20.0,1,0.010242753252074157
OTHER,8.0,0.0,11.5,3.0,22.5,1,0.010242753252074157
OTHER,8.0,0.0,12.0,2.0,22.0,1,0.010242753252074157
OTHER,8.0,0.0,12.0,4.0,24.0,1,0.010242753252074157
OTHER,8.0,2.0,0.0,3.0,13.0,1,0.010242753252074157
OTHER,8.0,2.0,3.0,2.0,15.0,1,0.010242753252074157
OTHER,8.0,2.0,3.0,5.0,18.0,1,0.010242753252074157
OTHER,8.0,2.0,4.0,2.0,16.0,1,0.010242753252074157
OTHER,8.0,2.0,5.0,4.0,19.0,1,0.010242753252074157
OTHER,8.0,3.0,0.0,4.0,15.0,1,0.010242753252074157
OTHER,8.0,3.0,0.0,7.0,18.0,1,0.010242753252074157
OTHER,8.0,3.0,3.0,1.0,15.0,1,0.010242753252074157
OTHER,8.0,4.0,0.0,5.0,17.0,1,0.010242753252074157
OTHER,8.0,5.0,4.0,1.0,18.0,1,0.010242753252074157
OTHER,8.0,5.0,9.0,3.0,25.0,1,0.010242753252074157
OTHER,8.0,8.0,0.0,0.0,16.0,1,0.010242753252074157
OTHER,8.0,9.0,0.0,0.0,17.0,1,0.010242753252074157
OTHER,8.0,11.0,0.0,0.0,19.0,1,0.010242753252074157
OTHER,8.5,0.0,10.0,2.0,20.5,1,0.010242753252074157
OTHER,8.5,0.0,12.0,4.5,25.0,1,0.010242753252074157
OTHER,8.5,4.0,4.0,2.0,18.5,1,0.010242753252074157
OTHER,9.0,0.0,0.0,7.0,16.0,1,0.010242753252074157
OTHER,9.0,0.0,2.0,3.0,14.0,1,0.010242753252074157
OTHER,9.0,0.0,2.0,5.0,16.0,1,0.010242753252074157
OTHER,9.0,0.0,3.0,6.0,18.0,1,0.010242753252074157
OTHER,9.0,0.0,4.0,3.0,16.0,1,0.010242753252074157
OTHER,9.0,0.0,6.0,5.0,20.0,1,0.010242753252074157
OTHER,9.0,0.0,6.0,6.0,21.0,1,0.010242753252074157
OTHER,9.0,0.0,7.0,2.0,18.0,1,0.010242753252074157
OTHER,9.0,0.0,7.0,3.0,19.0,1,0.010242753252074157
OTHER,9.0,0.0,7.0,5.0,21.0,1,0.010242753252074157
OTHER,9.0,0.0,8.0,1.0,18.0,1,0.010242753252074157
OTHER,9.0,0.0,8.0,3.0,20.0,1,0.010242753252074157
OTHER,9.0,0.0,9.0,2.0,20.0,1,0.010242753252074157
OTHER,9.0,0.0,10.0,2.0,21.0,1,0.010242753252074157
OTHER,9.0,0.0,10.0,5.0,24.0,1,0.010242753252074157
OTHER,9.0,0.0,11.0,5.0,25.0,1,0.010242753252074157
OTHER,9.0,0.0,12.0,2.0,23.0,1,0.010242753252074157
OTHER,9.0,0.0,15.0,0.0,24.0,1,0.010242753252074157
OTHER,9.0,1.0,0.0,2.0,12.0,1,0.010242753252074157
OTHER,9.0,2.0,6.0,1.0,18.0,1,0.010242753252074157
OTHER,9.0,3.0,0.0,3.0,15.0,1,0.010242753252074157
OTHER,9.0,3.0,0.0,6.0,18.0,1,0.010242753252074157
OTHER,9.0,4.0,0.0,3.0,16.0,1,0.010242753252074157
OTHER,9.0,4.0,2.0,2.0,17.0,1,0.010242753252074157
OTHER,9.0,4.0,2.0,4.0,19.0,1,0.010242753252074157
OTHER,9.0,6.0,0.0,3.0,18.0,1,0.010242753252074157
OTHER,9.0,8.0,0.0,2.0,19.0,1,0.010242753252074157
OTHER,9.5,0.0,0.0,4.0,13.5,1,0.010242753252074157
OTHER,9.5,0.0,2.0,4.0,15.5,1,0.010242753252074157
OTHER,9.5,0.0,5.0,4.0,18.5,1,0.010242753252074157
OTHER,9.5,0.0,7.5,6.0,23.0,1,0.010242753252074157
OTHER,9.5,0.0,10.0,3.0,22.5,1,0.010242753252074157
OTHER,9.5,0.0,11.0,3.0,23.5,1,0.010242753252074157
OTHER,10.0,0.0,0.0,6.0,16.0,1,0.010242753252074157
OTHER,10.0,0.0,3.0,3.0,16.0,1,0.010242753252074157
OTHER,10.0,0.0,4.0,1.0,15.0,1,0.010242753252074157
OTHER,10.0,0.0,4.0,4.0,18.0,1,0.010242753252074157
OTHER,10.0,0.0,5.0,2.0,17.0,1,0.010242753252074157
OTHER,10.0,0.0,5.0,4.5,19.5,1,0.010242753252074157
OTHER,10.0,0.0,6.0,1.0,17.0,1,0.010242753252074157
OTHER,10.0,0.0,7.0,4.0,21.0,1,0.010242753252074157
OTHER,10.0,0.0,7.5,6.0,23.5,1,0.010242753252074157
OTHER,10.0,0.0,8.0,3.0,21.0,1,0.010242753252074157
OTHER,10.0,0.0,8.0,4.0,22.0,1,0.010242753252074157
OTHER,10.0,2.0,0.0,0.0,12.0,1,0.010242753252074157
OTHER,10.0,2.0,2.0,2.0,16.0,1,0.010242753252074157
OTHER,10.0,3.0,0.0,2.0,15.0,1,0.010242753252074157
OTHER,10.0,3.0,0.0,3.0,16.0,1,0.010242753252074157
OTHER,10.5,0.0,0.0,6.0,16.5,1,0.010242753252074157
OTHER,10.5,0.0,6.0,4.5,21.0,1,0.010242753252074157
OTHER,10.5,0.0,8.0,6.0,24.5,1,0.010242753252074157
OTHER,10.5,0.0,9.0,2.0,21.5,1,0.010242753252074157
OTHER,10.5,0.0,10.0,3.0,23.5,1,0.010242753252074157
OTHER,10.5,3.0,0.0,0.0,13.5,1,0.010242753252074157
OTHER,11.0,0.0,0.0,1.0,12.0,1,0.010242753252074157
OTHER,11.0,0.0,2.0,2.0,15.0,1,0.010242753252074157
OTHER,11.0,0.0,2.0,6.0,19.0,1,0.010242753252074157
OTHER,11.0,0.0,3.0,4.0,18.0,1,0.010242753252074157
OTHER,11.0,0.0,5.0,2.0,18.0,1,0.010242753252074157
OTHER,11.0,0.0,6.0,3.0,20.0,1,0.010242753252074157
OTHER,11.0,0.0,6.0,6.0,23.0,1,0.010242753252074157
OTHER,11.0,0.0,9.0,3.0,23.0,1,0.010242753252074157
OTHER,11.0,0.0,11.5,2.0,24.5,1,0.010242753252074157
OTHER,11.0,2.0,3.0,2.0,18.0,1,0.010242753252074157
OTHER,11.0,2.0,6.0,5.0,24.0,1,0.010242753252074157
OTHER,11.0,3.0,0.0,1.0,15.0,1,0.010242753252074157
OTHER,11.0,4.0,0.0,0.0,15.0,1,0.010242753252074157
OTHER,11.0,5.0,0.0,0.0,16.0,1,0.010242753252074157
OTHER,11.5,0.0,0.0,3.0,14.5,1,0.010242753252074157
OTHER,11.5,11.0,0.0,0.0,22.5,1,0.010242753252074157
OTHER,12.0,0.0,0.0,1.0,13.0,1,0.010242753252074157
OTHER,12.0,0.0,0.0,6.0,18.0,1,0.010242753252074157
OTHER,12.0,0.0,0.0,7.0,19.0,1,0.010242753252074157
OTHER,12.0,0.0,3.0,2.0,17.0,1,0.010242753252074157
OTHER,12.0,0.0,3.0,6.0,21.0,1,0.010242753252074157
OTHER,12.0,0.0,5.0,4.0,21.0,1,0.010242753252074157
OTHER,12.0,0.0,5.0,5.0,22.0,1,0.010242753252074157
OTHER,12.0,3.0,0.0,2.0,17.0,1,0.010242753252074157
OTHER,12.0,4.0,0.0,0.0,16.0,1,0.010242753252074157
OTHER,12.0,4.0,0.0,4.5,20.5,1,0.010242753252074157
OTHER,12.0,5.0,0.0,0.0,17.0,1,0.010242753252074157
OTHER,12.0,7.0,0.0,0.0,19.0,1,0.010242753252074157
OTHER,12.0,8.0,0.0,0.0,20.0,1,0.010242753252074157
OTHER,12.0,11.0,0.0,0.0,23.0,1,0.010242753252074157
OTHER,13.0,0.0,0.0,1.0,14.0,1,0.010242753252074157
OTHER,13.0,0.0,0.0,6.0,19.0,1,0.010242753252074157
OTHER,13.0,0.0,2.0,3.0,18.0,1,0.010242753252074157
OTHER,13.0,0.0,3.0,5.0,21.0,1,0.010242753252074157
OTHER,13.0,0.0,5.0,2.0,20.0,1,0.010242753252074157
OTHER,13.0,4.0,0.0,0.0,17.0,1,0.010242753252074157
OTHER,13.5,0.0,0.0,6.0,19.5,1,0.010242753252074157
OTHER,13.5,0.0,9.0,2.0,24.5,1,0.010242753252074157
OTHER,13.5,4.5,0.0,0.0,18.0,1,0.010242753252074157
OTHER,14.0,0.0,0.0,2.0,16.0,1,0.010242753252074157
OTHER,14.0,0.0,0.0,4.0,18.0,1,0.010242753252074157
OTHER,14.0,0.0,0.0,5.0,19.0,1,0.010242753252074157
OTHER,14.0,0.0,5.0,5.0,24.0,1,0.010242753252074157
OTHER,14.0,0.0,6.0,4.0,24.0,1,0.010242753252074157
OTHER,14.0,1.0,0.0,0.0,15.0,1,0.010242753252074157
OTHER,14.0,2.0,0.0,2.0,18.0,1,0.010242753252074157
OTHER,15.0,0.0,0.0,6.0,21.0,1,0.010242753252074157
OTHER,15.0,0.0,7.5,2.0,24.5,1,0.010242753252074157
OTHER,15.0,0.0,8.0,2.0,25.0,1,0.010242753252074157
OTHER,17.0,0.0,0.0,2.0,19.0,1,0.010242753252074157
OTHER,17.0,4.0,0.0,4.0,25.0,1,0.010242753252074157
OTHER,17.0,6.0,0.0,0.0,23.0,1,0.010242753252074157
OTHER,24.0,0.0,0.0,6.0,30.0,1,0.010242753252074157
OTHER,24.0,3.0,0.0,0.0,27.0,1,0.010242753252074157
WITHDRAWN_AND_NEW,0.0,3.0,15.0,0.0,18.0,628,8.875070661390616
WITHDRAWN_AND_NEW,0.0,3.0,14.0,0.0,17.0,512,7.235726399095534
WITHDRAWN_AND_NEW,0.0,3.0,12.0,0.0,15.0,274,3.8722442057659694
WITHDRAWN_AND_NEW,0.0,2.0,16.0,0.0,18.0,218,3.0808366308648956
WITHDRAWN_AND_NEW,0.0,3.0,13.0,0.0,16.0,218,3.0808366308648956
WITHDRAWN_AND_NEW,0.0,3.0,3.0,0.0,6.0,206,2.911249293386094
WITHDRAWN_AND_NEW,0.0,2.0,15.0,0.0,17.0,202,2.85472018089316
WITHDRAWN_AND_NEW,0.0,3.0,6.0,0.0,9.0,169,2.3883550028264557
WITHDRAWN_AND_NEW,0.0,3.0,11.0,0.0,14.0,165,2.331825890333522
WITHDRAWN_AND_NEW,0.0,2.0,14.0,0.0,16.0,154,2.1763708309779535
WITHDRAWN_AND_NEW,0.0,4.0,14.0,0.0,18.0,143,2.0209157716223856
WITHDRAWN_AND_NEW,0.0,3.0,5.0,0.0,8.0,141,1.9926512153759186
WITHDRAWN_AND_NEW,0.0,2.0,12.0,0.0,14.0,114,1.611079706048615
WITHDRAWN_AND_NEW,0.0,2.0,13.0,0.0,15.0,109,1.5404183154324478
WITHDRAWN_AND_NEW,0.0,3.0,9.0,0.0,12.0,99,1.399095534200113
WITHDRAWN_AND_NEW,0.0,6.0,12.0,0.0,18.0,98,1.3849632560768796
WITHDRAWN_AND_NEW,0.0,4.0,13.0,0.0,17.0,89,1.2577727529677785
WITHDRAWN_AND_NEW,0.0,3.0,2.0,0.0,5.0,79,1.1164499717354437
WITHDRAWN_AND_NEW,0.0,3.0,4.0,0.0,7.0,78,1.1023176936122103
WITHDRAWN_AND_NEW,0.0,2.0,6.0,0.0,8.0,77,1.0881854154889767
WITHDRAWN_AND_NEW,0.0,6.0,11.0,0.0,17.0,76,1.0740531373657434
WITHDRAWN_AND_NEW,0.0,4.0,12.0,0.0,16.0,72,1.0175240248728095
WITHDRAWN_AND_NEW,0.0,1.0,17.0,0.0,18.0,71,1.003391746749576
WITHDRAWN_AND_NEW,0.0,2.0,5.0,0.0,7.0,66,0.9327303561334087
WITHDRAWN_AND_NEW,0.0,4.0,4.0,0.0,8.0,65,0.9185980780101752
WITHDRAWN_AND_NEW,0.0,4.0,3.0,0.0,7.0,64,0.9044657998869418
WITHDRAWN_AND_NEW,0.0,3.0,10.0,0.0,13.0,63,0.8903335217637083
WITHDRAWN_AND_NEW,0.0,2.0,7.0,0.0,9.0,62,0.8762012436404748
WITHDRAWN_AND_NEW,0.0,2.0,11.0,0.0,13.0,62,0.8762012436404748
WITHDRAWN_AND_NEW,0.0,4.0,15.0,0.0,19.0,62,0.8762012436404748
WITHDRAWN_AND_NEW,0.0,2.0,3.0,0.0,5.0,60,0.847936687394008
WITHDRAWN_AND_NEW,0.0,5.0,12.0,0.0,17.0,57,0.8055398530243075
WITHDRAWN_AND_NEW,0.0,4.0,2.0,0.0,6.0,54,0.7631430186546071
WITHDRAWN_AND_NEW,0.0,2.0,10.0,0.0,12.0,52,0.7348784624081401
WITHDRAWN_AND_NEW,0.0,5.0,13.0,0.0,18.0,51,0.7207461842849068
WITHDRAWN_AND_NEW,0.0,4.0,5.0,0.0,9.0,49,0.6924816280384398
WITHDRAWN_AND_NEW,0.0,2.0,4.0,0.0,6.0,48,0.6783493499152063
WITHDRAWN_AND_NEW,0.0,4.0,17.0,0.0,21.0,47,0.6642170717919729
WITHDRAWN_AND_NEW,0.0,1.0,16.0,0.0,17.0,44,0.6218202374222724
WITHDRAWN_AND_NEW,0.0,4.0,11.0,0.0,15.0,44,0.6218202374222724
WITHDRAWN_AND_NEW,0.0,3.0,16.0,0.0,19.0,42,0.5935556811758056
WITHDRAWN_AND_NEW,0.0,6.0,8.0,0.0,14.0,42,0.5935556811758056
WITHDRAWN_AND_NEW,0.0,6.0,6.0,0.0,12.0,41,0.5794234030525721
WITHDRAWN_AND_NEW,0.0,2.0,17.0,0.0,19.0,40,0.5652911249293386
WITHDRAWN_AND_NEW,0.0,4.0,16.0,0.0,20.0,40,0.5652911249293386
WITHDRAWN_AND_NEW,0.0,6.0,9.0,0.0,15.0,39,0.5511588468061052
WITHDRAWN_AND_NEW,0.0,2.0,2.0,0.0,4.0,37,0.5228942905596382
WITHDRAWN_AND_NEW,0.0,5.0,11.0,0.0,16.0,37,0.5228942905596382
WITHDRAWN_AND_NEW,0.0,3.0,17.0,0.0,20.0,36,0.5087620124364047
WITHDRAWN_AND_NEW,0.0,3.0,18.0,0.0,21.0,35,0.4946297343131713
WITHDRAWN_AND_NEW,0.0,6.0,3.0,0.0,9.0,35,0.4946297343131713
WITHDRAWN_AND_NEW,0.0,9.0,9.0,0.0,18.0,35,0.4946297343131713
WITHDRAWN_AND_NEW,0.0,1.0,15.0,0.0,16.0,34,0.48049745618993783
WITHDRAWN_AND_NEW,0.0,4.0,18.0,0.0,22.0,33,0.46636517806670436
WITHDRAWN_AND_NEW,0.0,6.0,10.0,0.0,16.0,32,0.4522328999434709
WITHDRAWN_AND_NEW,0.0,1.0,14.0,0.0,15.0,27,0.38157150932730355
WITHDRAWN_AND_NEW,0.0,2.0,18.0,0.0,20.0,27,0.38157150932730355
WITHDRAWN_AND_NEW,0.0,7.0,11.0,0.0,18.0,27,0.38157150932730355
WITHDRAWN_AND_NEW,0.0,4.0,10.0,0.0,14.0,26,0.36743923120407007
WITHDRAWN_AND_NEW,0.0,9.0,3.0,0.0,12.0,26,0.36743923120407007
WITHDRAWN_AND_NEW,0.0,5.0,3.0,0.0,8.0,25,0.35330695308083665
WITHDRAWN_AND_NEW,0.0,5.0,10.0,0.0,15.0,25,0.35330695308083665
WITHDRAWN_AND_NEW,0.0,5.0,9.0,0.0,14.0,24,0.3391746749576032
WITHDRAWN_AND_NEW,0.0,4.0,9.0,0.0,13.0,22,0.3109101187111362
WITHDRAWN_AND_NEW,0.0,2.0,19.0,0.0,21.0,21,0.2967778405879028
WITHDRAWN_AND_NEW,0.0,4.0,19.0,0.0,23.0,21,0.2967778405879028
WITHDRAWN_AND_NEW,0.0,1.0,5.0,0.0,6.0,20,0.2826455624646693
WITHDRAWN_AND_NEW,0.0,8.0,10.0,0.0,18.0,20,0.2826455624646693
WITHDRAWN_AND_NEW,0.0,9.0,8.0,0.0,17.0,20,0.2826455624646693
WITHDRAWN_AND_NEW,0.0,4.0,20.0,0.0,24.0,19,0.26851328434143584
WITHDRAWN_AND_NEW,0.0,5.0,8.0,0.0,13.0,19,0.26851328434143584
WITHDRAWN_AND_NEW,0.0,8.0,9.0,0.0,17.0,19,0.26851328434143584
WITHDRAWN_AND_NEW,0.0,9.0,6.0,0.0,15.0,18,0.25438100621820237
WITHDRAWN_AND_NEW,0.0,1.0,4.0,0.0,5.0,17,0.24024872809496892
WITHDRAWN_AND_NEW,0.0,3.0,8.0,0.0,11.0,17,0.24024872809496892
WITHDRAWN_AND_NEW,0.0,5.0,2.0,0.0,7.0,17,0.24024872809496892
WITHDRAWN_AND_NEW,0.0,5.0,4.0,0.0,9.0,17,0.24024872809496892
WITHDRAWN_AND_NEW,0.0,7.0,5.0,0.0,12.0,17,0.24024872809496892
WITHDRAWN_AND_NEW,0.0,12.0,6.0,0.0,18.0,17,0.24024872809496892
WITHDRAWN_AND_NEW,0.0,6.0,2.0,0.0,8.0,16,0.22611644997173544
WITHDRAWN_AND_NEW,0.0,7.0,9.0,0.0,16.0,16,0.22611644997173544
WITHDRAWN_AND_NEW,0.0,11.0,6.0,0.0,17.0,16,0.22611644997173544
WITHDRAWN_AND_NEW,0.0,4.0,8.0,0.0,12.0,15,0.211984171848502
WITHDRAWN_AND_NEW,0.0,9.0,5.0,0.0,14.0,15,0.211984171848502
WITHDRAWN_AND_NEW,0.0,10.0,8.0,0.0,18.0,15,0.211984171848502
WITHDRAWN_AND_NEW,0.0,5.0,14.0,0.0,19.0,14,0.1978518937252685
WITHDRAWN_AND_NEW,0.0,5.0,15.0,0.0,20.0,14,0.1978518937252685
WITHDRAWN_AND_NEW,0.0,1.0,6.0,0.0,7.0,13,0.18371961560203504
WITHDRAWN_AND_NEW,0.0,1.0,7.0,0.0,8.0,13,0.18371961560203504
WITHDRAWN_AND_NEW,0.0,5.0,7.0,0.0,12.0,13,0.18371961560203504
WITHDRAWN_AND_NEW,0.0,5.0,17.0,0.0,22.0,13,0.18371961560203504
WITHDRAWN_AND_NEW,0.0,7.0,10.0,0.0,17.0,13,0.18371961560203504
WITHDRAWN_AND_NEW,0.0,1.0,12.0,0.0,13.0,12,0.1695873374788016
WITHDRAWN_AND_NEW,0.0,2.0,8.0,0.0,10.0,12,0.1695873374788016
WITHDRAWN_AND_NEW,0.0,6.0,7.0,0.0,13.0,12,0.1695873374788016
WITHDRAWN_AND_NEW,0.0,9.0,7.0,0.0,16.0,12,0.1695873374788016
WITHDRAWN_AND_NEW,0.0,12.0,3.0,0.0,15.0,12,0.1695873374788016
WITHDRAWN_AND_NEW,0.0,15.0,2.0,0.0,17.0,12,0.1695873374788016
WITHDRAWN_AND_NEW,0.0,1.0,9.0,0.0,10.0,11,0.1554550593555681
WITHDRAWN_AND_NEW,0.0,2.0,9.0,0.0,11.0,11,0.1554550593555681
WITHDRAWN_AND_NEW,0.0,2.0,20.0,0.0,22.0,11,0.1554550593555681
WITHDRAWN_AND_NEW,0.0,2.0,23.0,0.0,25.0,11,0.1554550593555681
WITHDRAWN_AND_NEW,0.0,6.0,14.0,0.0,20.0,11,0.1554550593555681
WITHDRAWN_AND_NEW,0.0,6.0,15.0,0.0,21.0,11,0.1554550593555681
WITHDRAWN_AND_NEW,0.0,10.0,3.0,0.0,13.0,11,0.1554550593555681
WITHDRAWN_AND_NEW,0.0,1.0,18.0,0.0,19.0,10,0.14132278123233466
WITHDRAWN_AND_NEW,0.0,2.0,21.0,0.0,23.0,10,0.14132278123233466
WITHDRAWN_AND_NEW,0.0,3.0,7.0,0.0,10.0,10,0.14132278123233466
WITHDRAWN_AND_NEW,0.0,3.0,24.0,0.0,27.0,10,0.14132278123233466
WITHDRAWN_AND_NEW,0.0,4.0,21.0,0.0,25.0,10,0.14132278123233466
WITHDRAWN_AND_NEW,0.0,8.0,4.0,0.0,12.0,10,0.14132278123233466
WITHDRAWN_AND_NEW,0.0,8.0,5.0,0.0,13.0,10,0.14132278123233466
WITHDRAWN_AND_NEW,0.0,8.0,8.0,0.0,16.0,10,0.14132278123233466
WITHDRAWN_AND_NEW,0.0,8.0,13.0,0.0,21.0,10,0.14132278123233466
WITHDRAWN_AND_NEW,0.0,12.0,5.0,0.0,17.0,10,0.14132278123233466
WITHDRAWN_AND_NEW,0.0,15.0,3.0,0.0,18.0,10,0.14132278123233466
WITHDRAWN_AND_NEW,0.0,2.0,22.0,0.0,24.0,9,0.12719050310910118
WITHDRAWN_AND_NEW,0.0,3.0,22.0,0.0,25.0,9,0.12719050310910118
WITHDRAWN_AND_NEW,0.0,4.0,4.5,0.0,8.5,9,0.12719050310910118
WITHDRAWN_AND_NEW,0.0,5.0,16.0,0.0,21.0,9,0.12719050310910118
WITHDRAWN_AND_NEW,0.0,5.0,18.0,0.0,23.0,9,0.12719050310910118
WITHDRAWN_AND_NEW,0.0,6.0,17.0,0.0,23.0,9,0.12719050310910118
WITHDRAWN_AND_NEW,0.0,7.0,7.0,0.0,14.0,9,0.12719050310910118
WITHDRAWN_AND_NEW,0.0,8.0,12.0,0.0,20.0,9,0.12719050310910118
WITHDRAWN_AND_NEW,0.0,10.0,7.0,0.0,17.0,9,0.12719050310910118
WITHDRAWN_AND_NEW,0.0,1.0,8.0,0.0,9.0,8,0.11305822498586772
WITHDRAWN_AND_NEW,0.0,1.0,11.0,0.0,12.0,8,0.11305822498586772
WITHDRAWN_AND_NEW,0.0,1.0,13.0,0.0,14.0,8,0.11305822498586772
WITHDRAWN_AND_NEW,0.0,3.0,19.0,0.0,22.0,8,0.11305822498586772
WITHDRAWN_AND_NEW,0.0,3.0,21.5,0.0,24.5,8,0.11305822498586772
WITHDRAWN_AND_NEW,0.0,4.0,6.0,0.0,10.0,8,0.11305822498586772
WITHDRAWN_AND_NEW,0.0,5.0,19.0,0.0,24.0,8,0.11305822498586772
WITHDRAWN_AND_NEW,0.0,7.0,6.0,0.0,13.0,8,0.11305822498586772
WITHDRAWN_AND_NEW,0.0,7.0,8.0,0.0,15.0,8,0.11305822498586772
WITHDRAWN_AND_NEW,0.0,8.0,6.0,0.0,14.0,8,0.11305822498586772
WITHDRAWN_AND_NEW,0.0,8.0,15.0,0.0,23.0,8,0.11305822498586772
WITHDRAWN_AND_NEW,0.0,14.0,2.0,0.0,16.0,8,0.11305822498586772
WITHDRAWN_AND_NEW,0.0,2.0,22.5,0.0,24.5,7,0.09892594686263426
WITHDRAWN_AND_NEW,0.0,3.0,1.0,0.0,4.0,7,0.09892594686263426
WITHDRAWN_AND_NEW,0.0,4.0,19.5,0.0,23.5,7,0.09892594686263426
WITHDRAWN_AND_NEW,0.0,5.0,18.5,0.0,23.5,7,0.09892594686263426
WITHDRAWN_AND_NEW,0.0,6.0,18.0,0.0,24.0,7,0.09892594686263426
WITHDRAWN_AND_NEW,0.0,8.0,7.0,0.0,15.0,7,0.09892594686263426
WITHDRAWN_AND_NEW,0.0,9.0,10.0,0.0,19.0,7,0.09892594686263426
WITHDRAWN_AND_NEW,0.0,10.0,2.0,0.0,12.0,7,0.09892594686263426
WITHDRAWN_AND_NEW,0.0,11.0,2.0,0.0,13.0,7,0.09892594686263426
WITHDRAWN_AND_NEW,0.0,11.0,3.0,0.0,14.0,7,0.09892594686263426
WITHDRAWN_AND_NEW,0.0,14.0,3.0,0.0,17.0,7,0.09892594686263426
WITHDRAWN_AND_NEW,0.0,1.0,2.0,0.0,3.0,6,0.0847936687394008
WITHDRAWN_AND_NEW,0.0,1.0,3.0,0.0,4.0,6,0.0847936687394008
WITHDRAWN_AND_NEW,0.0,2.0,21.5,0.0,23.5,6,0.0847936687394008
WITHDRAWN_AND_NEW,0.0,3.0,21.0,0.0,24.0,6,0.0847936687394008
WITHDRAWN_AND_NEW,0.0,4.0,18.5,0.0,22.5,6,0.0847936687394008
WITHDRAWN_AND_NEW,0.0,5.0,20.0,0.0,25.0,6,0.0847936687394008
WITHDRAWN_AND_NEW,0.0,9.0,12.0,0.0,21.0,6,0.0847936687394008
WITHDRAWN_AND_NEW,0.0,11.0,7.0,0.0,18.0,6,0.0847936687394008
WITHDRAWN_AND_NEW,0.0,12.0,4.0,0.0,16.0,6,0.0847936687394008
WITHDRAWN_AND_NEW,0.0,12.0,8.0,0.0,20.0,6,0.0847936687394008
WITHDRAWN_AND_NEW,0.0,2.0,19.5,0.0,21.5,5,0.07066139061616733
WITHDRAWN_AND_NEW,0.0,3.0,20.0,0.0,23.0,5,0.07066139061616733
WITHDRAWN_AND_NEW,0.0,4.5,20.0,0.0,24.5,5,0.07066139061616733
WITHDRAWN_AND_NEW,0.0,5.0,19.5,0.0,24.5,5,0.07066139061616733
WITHDRAWN_AND_NEW,0.0,6.0,15.5,0.0,21.5,5,0.07066139061616733
WITHDRAWN_AND_NEW,0.0,6.0,18.5,0.0,24.5,5,0.07066139061616733
WITHDRAWN_AND_NEW,0.0,9.0,4.0,0.0,13.0,5,0.07066139061616733
WITHDRAWN_AND_NEW,0.0,13.0,4.0,0.0,17.0,5,0.07066139061616733
WITHDRAWN_AND_NEW,0.0,1.0,10.0,0.0,11.0,4,0.05652911249293386
WITHDRAWN_AND_NEW,0.0,1.0,19.0,0.0,20.0,4,0.05652911249293386
WITHDRAWN_AND_NEW,0.0,2.0,20.5,0.0,22.5,4,0.05652911249293386
WITHDRAWN_AND_NEW,0.0,3.0,20.5,0.0,23.5,4,0.05652911249293386
WITHDRAWN_AND_NEW,0.0,5.0,15.5,0.0,20.5,4,0.05652911249293386
WITHDRAWN_AND_NEW,0.0,6.0,13.0,0.0,19.0,4,0.05652911249293386
WITHDRAWN_AND_NEW,0.0,8.0,14.0,0.0,22.0,4,0.05652911249293386
WITHDRAWN_AND_NEW,0.0,11.0,4.0,0.0,15.0,4,0.05652911249293386
WITHDRAWN_AND_NEW,0.0,13.0,5.0,0.0,18.0,4,0.05652911249293386
WITHDRAWN_AND_NEW,0.0,2.0,1.0,0.0,3.0,3,0.0423968343697004
WITHDRAWN_AND_NEW,0.0,3.0,18.5,0.0,21.5,3,0.0423968343697004
WITHDRAWN_AND_NEW,0.0,4.0,20.5,0.0,24.5,3,0.0423968343697004
WITHDRAWN_AND_NEW,0.0,4.5,16.0,0.0,20.5,3,0.0423968343697004
WITHDRAWN_AND_NEW,0.0,4.5,18.0,0.0,22.5,3,0.0423968343697004
WITHDRAWN_AND_NEW,0.0,4.5,19.0,0.0,23.5,3,0.0423968343697004
WITHDRAWN_AND_NEW,0.0,4.5,19.5,0.0,24.0,3,0.0423968343697004
WITHDRAWN_AND_NEW,0.0,5.0,1.0,0.0,6.0,3,0.0423968343697004
WITHDRAWN_AND_NEW,0.0,6.0,4.0,0.0,10.0,3,0.0423968343697004
WITHDRAWN_AND_NEW,0.0,6.0,11.5,0.0,17.5,3,0.0423968343697004
WITHDRAWN_AND_NEW,0.0,6.0,13.5,0.0,19.5,3,0.0423968343697004
WITHDRAWN_AND_NEW,0.0,6.0,19.0,0.0,25.0,3,0.0423968343697004
WITHDRAWN_AND_NEW,0.0,7.0,2.0,0.0,9.0,3,0.0423968343697004
WITHDRAWN_AND_NEW,0.0,7.0,13.0,0.0,20.0,3,0.0423968343697004
WITHDRAWN_AND_NEW,0.0,8.0,2.0,0.0,10.0,3,0.0423968343697004
WITHDRAWN_AND_NEW,0.0,8.0,17.0,0.0,25.0,3,0.0423968343697004
WITHDRAWN_AND_NEW,0.0,10.0,4.0,0.0,14.0,3,0.0423968343697004
WITHDRAWN_AND_NEW,0.0,10.0,5.0,0.0,15.0,3,0.0423968343697004
WITHDRAWN_AND_NEW,0.0,10.0,6.0,0.0,16.0,3,0.0423968343697004
WITHDRAWN_AND_NEW,0.0,10.0,10.0,0.0,20.0,3,0.0423968343697004
WITHDRAWN_AND_NEW,0.0,11.0,10.0,0.0,21.0,3,0.0423968343697004
WITHDRAWN_AND_NEW,0.0,11.0,14.0,0.0,25.0,3,0.0423968343697004
WITHDRAWN_AND_NEW,0.0,12.0,2.0,0.0,14.0,3,0.0423968343697004
WITHDRAWN_AND_NEW,0.0,13.0,2.0,0.0,15.0,3,0.0423968343697004
WITHDRAWN_AND_NEW,0.0,14.0,4.0,0.0,18.0,3,0.0423968343697004
WITHDRAWN_AND_NEW,0.0,0.0,22.0,0.0,22.0,2,0.02826455624646693
WITHDRAWN_AND_NEW,0.0,1.0,1.0,0.0,2.0,2,0.02826455624646693
WITHDRAWN_AND_NEW,0.0,2.0,4.5,0.0,6.5,2,0.02826455624646693
WITHDRAWN_AND_NEW,0.0,2.0,15.5,0.0,17.5,2,0.02826455624646693
WITHDRAWN_AND_NEW,0.0,2.0,18.5,0.0,20.5,2,0.02826455624646693
WITHDRAWN_AND_NEW,0.0,2.0,24.0,0.0,26.0,2,0.02826455624646693
WITHDRAWN_AND_NEW,0.0,2.0,36.0,0.0,38.0,2,0.02826455624646693
WITHDRAWN_AND_NEW,0.0,3.0,17.5,0.0,20.5,2,0.02826455624646693
WITHDRAWN_AND_NEW,0.0,3.0,19.5,0.0,22.5,2,0.02826455624646693
WITHDRAWN_AND_NEW,0.0,4.0,17.5,0.0,21.5,2,0.02826455624646693
WITHDRAWN_AND_NEW,0.0,4.5,14.0,0.0,18.5,2,0.02826455624646693
WITHDRAWN_AND_NEW,0.0,4.5,15.0,0.0,19.5,2,0.02826455624646693
WITHDRAWN_AND_NEW,0.0,4.5,17.0,0.0,21.5,2,0.02826455624646693
WITHDRAWN_AND_NEW,0.0,4.5,18.5,0.0,23.0,2,0.02826455624646693
WITHDRAWN_AND_NEW,0.0,5.0,5.0,0.0,10.0,2,0.02826455624646693
WITHDRAWN_AND_NEW,0.0,5.0,9.5,0.0,14.5,2,0.02826455624646693
WITHDRAWN_AND_NEW,0.0,6.0,12.5,0.0,18.5,2,0.02826455624646693
WITHDRAWN_AND_NEW,0.0,6.0,14.5,0.0,20.5,2,0.02826455624646693
WITHDRAWN_AND_NEW,0.0,6.0,16.0,0.0,22.0,2,0.02826455624646693
WITHDRAWN_AND_NEW,0.0,6.0,17.5,0.0,23.5,2,0.02826455624646693
WITHDRAWN_AND_NEW,0.0,6.5,17.0,0.0,23.5,2,0.02826455624646693
WITHDRAWN_AND_NEW,0.0,7.0,15.0,0.0,22.0,2,0.02826455624646693
WITHDRAWN_AND_NEW,0.0,7.0,16.0,0.0,23.0,2,0.02826455624646693
WITHDRAWN_AND_NEW,0.0,7.0,17.0,0.0,24.0,2,0.02826455624646693
WITHDRAWN_AND_NEW,0.0,8.0,11.0,0.0,19.0,2,0.02826455624646693
WITHDRAWN_AND_NEW,0.0,8.0,16.0,0.0,24.0,2,0.02826455624646693
WITHDRAWN_AND_NEW,0.0,9.0,2.0,0.0,11.0,2,0.02826455624646693
WITHDRAWN_AND_NEW,0.0,9.0,11.0,0.0,20.0,2,0.02826455624646693
WITHDRAWN_AND_NEW,0.0,9.0,14.0,0.0,23.0,2,0.02826455624646693
WITHDRAWN_AND_NEW,0.0,9.0,15.0,0.0,24.0,2,0.02826455624646693
WITHDRAWN_AND_NEW,0.0,9.5,15.0,0.0,24.5,2,0.02826455624646693
WITHDRAWN_AND_NEW,0.0,10.0,11.0,0.0,21.0,2,0.02826455624646693
WITHDRAWN_AND_NEW,0.0,10.5,12.0,0.0,22.5,2,0.02826455624646693
WITHDRAWN_AND_NEW,0.0,12.0,7.0,0.0,19.0,2,0.02826455624646693
WITHDRAWN_AND_NEW,0.0,13.0,3.0,0.0,16.0,2,0.02826455624646693
WITHDRAWN_AND_NEW,0.0,13.0,7.0,0.0,20.0,2,0.02826455624646693
WITHDRAWN_AND_NEW,0.0,17.0,3.0,0.0,20.0,2,0.02826455624646693
WITHDRAWN_AND_NEW,0.0,0.0,14.0,0.0,14.0,1,0.014132278123233465
WITHDRAWN_AND_NEW,0.0,0.0,15.0,0.0,15.0,1,0.014132278123233465
WITHDRAWN_AND_NEW,0.0,0.0,16.0,0.0,16.0,1,0.014132278123233465
WITHDRAWN_AND_NEW,0.0,0.0,18.0,0.0,18.0,1,0.014132278123233465
WITHDRAWN_AND_NEW,0.0,1.0,20.0,0.0,21.0,1,0.014132278123233465
WITHDRAWN_AND_NEW,0.0,2.0,6.5,0.0,8.5,1,0.014132278123233465
WITHDRAWN_AND_NEW,0.0,2.0,12.5,0.0,14.5,1,0.014132278123233465
WITHDRAWN_AND_NEW,0.0,2.0,17.5,0.0,19.5,1,0.014132278123233465
WITHDRAWN_AND_NEW,0.0,3.0,4.5,0.0,7.5,1,0.014132278123233465
WITHDRAWN_AND_NEW,0.0,3.0,6.5,0.0,9.5,1,0.014132278123233465
WITHDRAWN_AND_NEW,0.0,3.0,9.5,0.0,12.5,1,0.014132278123233465
WITHDRAWN_AND_NEW,0.0,3.0,11.5,0.0,14.5,1,0.014132278123233465
WITHDRAWN_AND_NEW,0.0,3.0,16.5,0.0,19.5,1,0.014132278123233465
WITHDRAWN_AND_NEW,0.0,3.0,36.0,0.0,39.0,1,0.014132278123233465
WITHDRAWN_AND_NEW,0.0,4.0,1.0,0.0,5.0,1,0.014132278123233465
WITHDRAWN_AND_NEW,0.0,4.0,7.0,0.0,11.0,1,0.014132278123233465
WITHDRAWN_AND_NEW,0.0,4.0,8.5,0.0,12.5,1,0.014132278123233465
WITHDRAWN_AND_NEW,0.0,4.0,14.5,0.0,18.5,1,0.014132278123233465
WITHDRAWN_AND_NEW,0.0,4.0,15.5,0.0,19.5,1,0.014132278123233465
WITHDRAWN_AND_NEW,0.0,4.5,2.0,0.0,6.5,1,0.014132278123233465
WITHDRAWN_AND_NEW,0.0,4.5,4.5,0.0,9.0,1,0.014132278123233465
WITHDRAWN_AND_NEW,0.0,4.5,15.5,0.0,20.0,1,0.014132278123233465
WITHDRAWN_AND_NEW,0.0,4.5,16.5,0.0,21.0,1,0.014132278123233465
WITHDRAWN_AND_NEW,0.0,4.5,20.5,0.0,25.0,1,0.014132278123233465
WITHDRAWN_AND_NEW,0.0,5.0,6.0,0.0,11.0,1,0.014132278123233465
WITHDRAWN_AND_NEW,0.0,5.0,7.5,0.0,12.5,1,0.014132278123233465
WITHDRAWN_AND_NEW,0.0,5.0,13.5,0.0,18.5,1,0.014132278123233465
WITHDRAWN_AND_NEW,0.0,5.0,16.5,0.0,21.5,1,0.014132278123233465
WITHDRAWN_AND_NEW,0.0,5.0,17.5,0.0,22.5,1,0.014132278123233465
WITHDRAWN_AND_NEW,0.0,6.0,1.0,0.0,7.0,1,0.014132278123233465
WITHDRAWN_AND_NEW,0.0,6.0,8.5,0.0,14.5,1,0.014132278123233465
WITHDRAWN_AND_NEW,0.0,6.0,16.5,0.0,22.5,1,0.014132278123233465
WITHDRAWN_AND_NEW,0.0,6.5,15.0,0.0,21.5,1,0.014132278123233465
WITHDRAWN_AND_NEW,0.0,7.0,1.0,0.0,8.0,1,0.014132278123233465
WITHDRAWN_AND_NEW,0.0,7.0,4.0,0.0,11.0,1,0.014132278123233465
WITHDRAWN_AND_NEW,0.0,7.0,13.5,0.0,20.5,1,0.014132278123233465
WITHDRAWN_AND_NEW,0.0,7.0,14.0,0.0,21.0,1,0.014132278123233465
WITHDRAWN_AND_NEW,0.0,7.0,17.5,0.0,24.5,1,0.014132278123233465
WITHDRAWN_AND_NEW,0.0,7.0,18.0,0.0,25.0,1,0.014132278123233465
WITHDRAWN_AND_NEW,0.0,7.5,6.0,0.0,13.5,1,0.014132278123233465
WITHDRAWN_AND_NEW,0.0,7.5,16.0,0.0,23.5,1,0.014132278123233465
WITHDRAWN_AND_NEW,0.0,8.0,12.5,0.0,20.5,1,0.014132278123233465
WITHDRAWN_AND_NEW,0.0,8.0,15.5,0.0,23.5,1,0.014132278123233465
WITHDRAWN_AND_NEW,0.0,8.0,16.5,0.0,24.5,1,0.014132278123233465
WITHDRAWN_AND_NEW,0.0,9.0,11.5,0.0,20.5,1,0.014132278123233465
WITHDRAWN_AND_NEW,0.0,9.0,15.5,0.0,24.5,1,0.014132278123233465
WITHDRAWN_AND_NEW,0.0,9.0,16.0,0.0,25.0,1,0.014132278123233465
WITHDRAWN_AND_NEW,0.0,9.5,12.5,0.0,22.0,1,0.014132278123233465
WITHDRAWN_AND_NEW,0.0,9.5,15.5,0.0,25.0,1,0.014132278123233465
WITHDRAWN_AND_NEW,0.0,10.0,14.0,0.0,24.0,1,0.014132278123233465
WITHDRAWN_AND_NEW,0.0,10.0,15.0,0.0,25.0,1,0.014132278123233465
WITHDRAWN_AND_NEW,0.0,10.5,9.0,0.0,19.5,1,0.014132278123233465
WITHDRAWN_AND_NEW,0.0,10.5,11.0,0.0,21.5,1,0.014132278123233465
WITHDRAWN_AND_NEW,0.0,10.5,12.5,0.0,23.0,1,0.014132278123233465
WITHDRAWN_AND_NEW,0.0,10.5,13.0,0.0,23.5,1,0.014132278123233465
WITHDRAWN_AND_NEW,0.0,10.5,13.5,0.0,24.0,1,0.014132278123233465
WITHDRAWN_AND_NEW,0.0,11.0,1.0,0.0,12.0,1,0.014132278123233465
WITHDRAWN_AND_NEW,0.0,11.0,4.5,0.0,15.5,1,0.014132278123233465
WITHDRAWN_AND_NEW,0.0,11.0,5.0,0.0,16.0,1,0.014132278123233465
WITHDRAWN_AND_NEW,0.0,11.0,10.5,0.0,21.5,1,0.014132278123233465
WITHDRAWN_AND_NEW,0.0,12.0,9.0,0.0,21.0,1,0.014132278123233465
WITHDRAWN_AND_NEW,0.0,12.0,12.5,0.0,24.5,1,0.014132278123233465
WITHDRAWN_AND_NEW,0.0,12.5,10.5,0.0,23.0,1,0.014132278123233465
WITHDRAWN_AND_NEW,0.0,13.0,1.0,0.0,14.0,1,0.014132278123233465
WITHDRAWN_AND_NEW,0.0,13.0,10.0,0.0,23.0,1,0.014132278123233465
WITHDRAWN_AND_NEW,0.0,13.0,10.5,0.0,23.5,1,0.014132278123233465
WITHDRAWN_AND_NEW,0.0,13.0,11.0,0.0,24.0,1,0.014132278123233465
WITHDRAWN_AND_NEW,0.0,14.0,1.0,0.0,15.0,1,0.014132278123233465
WITHDRAWN_AND_NEW,0.0,14.0,5.0,0.0,19.0,1,0.014132278123233465
WITHDRAWN_AND_NEW,0.0,14.0,7.5,0.0,21.5,1,0.014132278123233465
WITHDRAWN_AND_NEW,0.0,14.0,9.5,0.0,23.5,1,0.014132278123233465
WITHDRAWN_AND_NEW,0.0,14.0,10.5,0.0,24.5,1,0.014132278123233465
WITHDRAWN_AND_NEW,0.0,14.5,10.0,0.0,24.5,1,0.014132278123233465
WITHDRAWN_AND_NEW,0.0,15.0,4.0,0.0,19.0,1,0.014132278123233465
WITHDRAWN_AND_NEW,0.0,15.5,5.0,0.0,20.5,1,0.014132278123233465
WITHDRAWN_AND_NEW,0.0,16.0,2.0,0.0,18.0,1,0.014132278123233465
WITHDRAWN_AND_NEW,0.0,16.0,3.0,0.0,19.0,1,0.014132278123233465
WITHDRAWN_AND_NEW,0.0,16.5,3.0,0.0,19.5,1,0.014132278123233465
WITHDRAWN_AND_NEW,0.0,16.5,6.0,0.0,22.5,1,0.014132278123233465
WITHDRAWN_AND_NEW,0.0,17.0,6.0,0.0,23.0,1,0.014132278123233465
WITHDRAWN_AND_NEW,0.0,18.0,3.0,0.0,21.0,1,0.014132278123233465
WITHDRAWN_AND_NEW,0.0,19.0,4.0,0.0,23.0,1,0.014132278123233465
WITHDRAWN_AND_NEW,0.0,19.0,6.0,0.0,25.0,1,0.014132278123233465
WITHDRAWN_AND_NEW,0.0,19.5,5.0,0.0,24.5,1,0.014132278123233465
WITHDRAWN_RETAKE_ONLY,0.0,3.0,0.0,0.0,3.0,125,21.404109589041095
WITHDRAWN_RETAKE_ONLY,0.0,4.0,0.0,0.0,4.0,102,17.465753424657535
WITHDRAWN_RETAKE_ONLY,0.0,2.0,0.0,0.0,2.0,83,14.212328767123287
WITHDRAWN_RETAKE_ONLY,0.0,6.0,0.0,0.0,6.0,73,12.5
WITHDRAWN_RETAKE_ONLY,0.0,12.0,0.0,0.0,12.0,33,5.6506849315068495
WITHDRAWN_RETAKE_ONLY,0.0,5.0,0.0,0.0,5.0,32,5.47945205479452
WITHDRAWN_RETAKE_ONLY,0.0,8.0,0.0,0.0,8.0,24,4.109589041095891
WITHDRAWN_RETAKE_ONLY,0.0,13.0,0.0,0.0,13.0,20,3.4246575342465753
WITHDRAWN_RETAKE_ONLY,0.0,7.0,0.0,0.0,7.0,17,2.910958904109589
WITHDRAWN_RETAKE_ONLY,0.0,15.0,0.0,0.0,15.0,17,2.910958904109589
WITHDRAWN_RETAKE_ONLY,0.0,9.0,0.0,0.0,9.0,16,2.73972602739726
WITHDRAWN_RETAKE_ONLY,0.0,18.0,0.0,0.0,18.0,10,1.7123287671232876
WITHDRAWN_RETAKE_ONLY,0.0,16.0,0.0,0.0,16.0,8,1.36986301369863
WITHDRAWN_RETAKE_ONLY,0.0,1.0,0.0,0.0,1.0,7,1.1986301369863013
WITHDRAWN_RETAKE_ONLY,0.0,14.0,0.0,0.0,14.0,6,1.0273972602739727
WITHDRAWN_RETAKE_ONLY,0.0,17.0,0.0,0.0,17.0,4,0.684931506849315
WITHDRAWN_RETAKE_ONLY,0.0,8.5,0.0,0.0,8.5,2,0.3424657534246575
WITHDRAWN_RETAKE_ONLY,0.0,10.0,0.0,0.0,10.0,2,0.3424657534246575
WITHDRAWN_RETAKE_ONLY,0.0,11.0,0.0,0.0,11.0,2,0.3424657534246575
WITHDRAWN_RETAKE_ONLY,0.0,21.0,0.0,0.0,21.0,1,0.17123287671232876
