registered_failed_retake_credits,registered_withdrawn_retake_credits,registered_new_credits,registered_other_previous_credits,semester_total_registered_credits,case_count,percentage
0.0,0.0,18.0,0.0,18.0,11353,11.931686810299528
0.0,0.0,17.0,0.0,17.0,8756,9.202312138728324
0.0,0.0,16.0,0.0,16.0,4530,4.760903836048345
0.0,0.0,15.0,0.0,15.0,4495,4.724119810825013
0.0,0.0,6.0,0.0,6.0,3269,3.43562795585917
0.0,0.0,9.0,0.0,9.0,2837,2.981607987388334
0.0,0.0,8.0,0.0,8.0,2663,2.7987388334209142
0.0,0.0,14.0,0.0,14.0,2282,2.398318444561219
0.0,0.0,7.0,0.0,7.0,2128,2.23646873357856
0.0,0.0,12.0,0.0,12.0,2076,2.1818181818181817
0.0,0.0,20.0,0.0,20.0,1855,1.9495533368365738
0.0,0.0,19.0,0.0,19.0,1679,1.764582238570678
0.0,0.0,5.0,0.0,5.0,1654,1.7383079348397268
0.0,0.0,24.0,0.0,24.0,1357,1.4261692065160274
0.0,0.0,21.0,0.0,21.0,1342,1.4104046242774566
0.0,0.0,13.0,0.0,13.0,1328,1.395691014188124
3.0,0.0,15.0,0.0,18.0,995,1.0457172884918549
0.0,0.0,23.0,0.0,23.0,924,0.9710982658959537
0.0,0.0,4.0,0.0,4.0,874,0.9185496584340515
0.0,0.0,22.0,0.0,22.0,872,0.9164477141355754
0.0,0.0,3.0,0.0,3.0,803,0.8439306358381503
3.0,0.0,14.0,0.0,17.0,691,0.7262217551234892
0.0,0.0,25.0,0.0,25.0,671,0.7052023121387283
0.0,3.0,15.0,0.0,18.0,631,0.6631634261692065
0.0,3.0,14.0,0.0,17.0,517,0.5433526011560693
3.0,0.0,0.0,0.0,3.0,471,0.4950078822911193
3.0,0.0,12.0,0.0,15.0,436,0.4582238570677877
6.0,0.0,0.0,0.0,6.0,431,0.4529689963215975
3.0,0.0,6.0,0.0,9.0,398,0.418286915396742
2.0,0.0,15.0,0.0,17.0,352,0.3699421965317919
0.0,0.0,24.5,0.0,24.5,352,0.3699421965317919
2.0,0.0,16.0,0.0,18.0,344,0.36153441933788755
3.0,0.0,3.0,0.0,6.0,332,0.348922753547031
4.0,0.0,14.0,0.0,18.0,322,0.33841303205465056
2.0,0.0,0.0,0.0,2.0,321,0.3373620599054125
3.0,0.0,5.0,0.0,8.0,312,0.3279033105622701
4.0,0.0,0.0,0.0,4.0,309,0.324750394114556
0.0,0.0,2.0,0.0,2.0,299,0.31424067262217553
0.0,3.0,12.0,0.0,15.0,275,0.28901734104046245
3.0,0.0,13.0,0.0,16.0,262,0.27535470310036786
0.0,0.0,10.0,0.0,10.0,258,0.27115081450341566
0.0,0.0,23.5,0.0,23.5,246,0.2585391487125591
6.0,0.0,12.0,0.0,18.0,230,0.2417235943247504
0.0,0.0,27.0,0.0,27.0,228,0.2396216500262743
4.0,0.0,13.0,0.0,17.0,226,0.2375197057277982
0.0,3.0,13.0,0.0,16.0,219,0.2301629006831319
0.0,2.0,16.0,0.0,18.0,218,0.22911192853389384
5.0,0.0,0.0,0.0,5.0,217,0.22806095638465582
0.0,3.0,3.0,0.0,6.0,206,0.2165002627430373
0.0,0.0,11.0,0.0,11.0,204,0.21439831844456123
0.0,2.0,15.0,0.0,17.0,202,0.21229637414608513
0.0,0.0,0.0,2.0,2.0,194,0.20388859695218076
3.0,0.0,11.0,0.0,14.0,190,0.19968470835522859
3.0,0.0,9.0,0.0,12.0,188,0.19758276405675249
3.0,0.0,4.0,0.0,7.0,177,0.186022070415134
0.0,0.0,22.5,0.0,22.5,176,0.18497109826589594
6.0,0.0,6.0,0.0,12.0,174,0.18286915396741987
12.0,0.0,0.0,0.0,12.0,172,0.18076720966894377
2.0,0.0,14.0,0.0,16.0,172,0.18076720966894377
0.0,3.0,6.0,0.0,9.0,169,0.17761429322122962
9.0,0.0,0.0,3.0,12.0,168,0.1765633210719916
0.0,3.0,11.0,0.0,14.0,166,0.1744613767735155
3.0,3.0,12.0,0.0,18.0,164,0.1723594324750394
6.0,0.0,0.0,6.0,12.0,161,0.16920651602732528
3.0,0.0,0.0,3.0,6.0,161,0.16920651602732528
4.0,0.0,3.0,0.0,7.0,159,0.16710457172884918
0.0,0.0,21.5,0.0,21.5,155,0.162900683131897
0.0,2.0,14.0,0.0,16.0,154,0.16184971098265896
2.0,0.0,12.0,0.0,14.0,150,0.1576458223857068
3.0,0.0,6.0,3.0,12.0,145,0.15239096163951654
0.0,4.0,14.0,0.0,18.0,144,0.15133998949027852
0.0,3.0,5.0,0.0,8.0,142,0.14923804519180242
2.0,0.0,13.0,0.0,15.0,141,0.14818707304256437
4.0,0.0,12.0,0.0,16.0,135,0.1418812401471361
3.0,3.0,11.0,0.0,17.0,135,0.1418812401471361
4.0,0.0,5.0,0.0,9.0,133,0.13977929584866
6.0,0.0,11.0,0.0,17.0,132,0.13872832369942195
2.0,0.0,6.0,0.0,8.0,128,0.13452443510246978
3.0,0.0,2.0,0.0,5.0,128,0.13452443510246978
4.0,0.0,2.0,0.0,6.0,128,0.13452443510246978
6.0,0.0,3.0,0.0,9.0,128,0.13452443510246978
0.0,3.0,0.0,0.0,3.0,125,0.13137151865475566
4.0,0.0,4.0,0.0,8.0,124,0.1303205465055176
2.0,0.0,5.0,0.0,7.0,120,0.1261166579085654
7.0,0.0,0.0,0.0,7.0,118,0.12401471361008934
0.0,2.0,12.0,0.0,14.0,116,0.12191276931161324
6.0,0.0,9.0,0.0,15.0,114,0.11981082501313715
3.0,0.0,10.0,0.0,13.0,112,0.11770888071466107
0.0,2.0,13.0,0.0,15.0,109,0.11455596426694692
5.0,0.0,13.0,0.0,18.0,102,0.10719915922228061
0.0,4.0,0.0,0.0,4.0,102,0.10719915922228061
0.0,0.0,0.0,3.0,3.0,101,0.10614818707304256
2.0,0.0,7.0,0.0,9.0,101,0.10614818707304256
24.0,0.0,0.0,0.0,24.0,101,0.10614818707304256
5.0,0.0,12.0,0.0,17.0,100,0.10509721492380451
0.0,3.0,9.0,0.0,12.0,99,0.10404624277456648
0.0,6.0,12.0,0.0,18.0,99,0.10404624277456648
0.0,0.0,19.5,0.0,19.5,98,0.10299527062532843
0.0,0.0,20.5,0.0,20.5,98,0.10299527062532843
6.0,0.0,2.0,0.0,8.0,95,0.09984235417761429
0.0,0.0,15.0,3.0,18.0,91,0.09563846558066211
9.0,0.0,0.0,0.0,9.0,91,0.09563846558066211
2.0,0.0,10.0,0.0,12.0,90,0.09458749343142407
1.0,0.0,17.0,0.0,18.0,89,0.09353652128218602
0.0,4.0,13.0,0.0,17.0,89,0.09353652128218602
0.0,0.0,0.0,6.0,6.0,86,0.09038360483447189
2.0,0.0,4.0,0.0,6.0,85,0.08933263268523384
4.0,0.0,8.0,0.0,12.0,83,0.08723068838675775
0.0,2.0,0.0,0.0,2.0,83,0.08723068838675775
2.0,0.0,3.0,0.0,5.0,80,0.08407777193904362
8.0,0.0,0.0,0.0,8.0,80,0.08407777193904362
0.0,3.0,2.0,0.0,5.0,80,0.08407777193904362
7.0,0.0,11.0,0.0,18.0,80,0.08407777193904362
3.0,3.0,9.0,0.0,15.0,79,0.08302679978980557
0.0,3.0,4.0,0.0,7.0,78,0.08197582764056753
0.0,2.0,6.0,0.0,8.0,77,0.08092485549132948
0.0,6.0,11.0,0.0,17.0,76,0.07987388334209143
3.0,3.0,0.0,0.0,6.0,76,0.07987388334209143
4.0,0.0,11.0,0.0,15.0,75,0.0788229111928534
3.0,0.0,0.0,9.0,12.0,74,0.07777193904361535
0.0,0.0,15.0,2.0,17.0,74,0.07777193904361535
0.0,0.0,16.0,2.0,18.0,73,0.0767209668943773
0.0,6.0,0.0,0.0,6.0,73,0.0767209668943773
5.0,0.0,3.0,0.0,8.0,72,0.07566999474513926
0.0,4.0,12.0,0.0,16.0,72,0.07566999474513926
0.0,1.0,17.0,0.0,18.0,71,0.07461902259590121
2.0,0.0,11.0,0.0,13.0,70,0.07356805044666316
4.0,0.0,16.0,0.0,20.0,69,0.07251707829742512
4.0,0.0,17.0,0.0,21.0,69,0.07251707829742512
9.0,0.0,6.0,0.0,15.0,68,0.07146610614818708
0.0,2.0,5.0,0.0,7.0,66,0.06936416184971098
0.0,0.0,0.0,4.0,4.0,65,0.06831318970047294
0.0,4.0,4.0,0.0,8.0,65,0.06831318970047294
0.0,4.0,3.0,0.0,7.0,64,0.06726221755123489
9.0,0.0,9.0,0.0,18.0,64,0.06726221755123489
0.0,0.0,14.0,3.0,17.0,63,0.06621124540199684
0.0,3.0,10.0,0.0,13.0,63,0.06621124540199684
0.0,0.0,7.5,0.0,7.5,63,0.06621124540199684
4.0,0.0,10.0,0.0,14.0,62,0.0651602732527588
3.0,0.0,0.0,2.0,5.0,62,0.0651602732527588
0.0,2.0,7.0,0.0,9.0,62,0.0651602732527588
0.0,2.0,11.0,0.0,13.0,62,0.0651602732527588
0.0,4.0,15.0,0.0,19.0,62,0.0651602732527588
0.0,0.0,18.5,0.0,18.5,61,0.06410930110352075
0.0,2.0,3.0,0.0,5.0,60,0.0630583289542827
8.0,0.0,0.0,4.0,12.0,60,0.0630583289542827
3.0,0.0,6.0,6.0,15.0,60,0.0630583289542827
6.0,0.0,3.0,3.0,12.0,60,0.0630583289542827
4.0,0.0,15.0,0.0,19.0,58,0.06095638465580662
0.0,0.0,0.0,5.0,5.0,58,0.06095638465580662
0.0,0.0,4.5,0.0,4.5,57,0.05990541250656858
0.0,5.0,12.0,0.0,17.0,57,0.05990541250656858
5.0,0.0,11.0,0.0,16.0,57,0.05990541250656858
3.0,3.0,3.0,0.0,9.0,56,0.058854440357330534
6.0,0.0,8.0,0.0,14.0,55,0.057803468208092484
0.0,4.0,2.0,0.0,6.0,54,0.05675249605885444
9.0,0.0,3.0,0.0,12.0,53,0.05570152390961639
0.0,2.0,10.0,0.0,12.0,53,0.05570152390961639
0.0,0.0,3.0,3.0,6.0,53,0.05570152390961639
13.0,0.0,0.0,0.0,13.0,52,0.05465055176037835
8.0,0.0,6.0,0.0,14.0,52,0.05465055176037835
3.0,3.0,6.0,0.0,12.0,51,0.053599579611140306
0.0,5.0,13.0,0.0,18.0,51,0.053599579611140306
0.0,0.0,12.0,2.0,14.0,51,0.053599579611140306
1.0,0.0,16.0,0.0,17.0,51,0.053599579611140306
2.0,0.0,2.0,0.0,4.0,51,0.053599579611140306
0.0,4.0,5.0,0.0,9.0,49,0.051497635312664214
8.0,0.0,10.0,0.0,18.0,49,0.051497635312664214
0.0,0.0,6.0,3.0,9.0,48,0.05044666316342617
5.0,0.0,9.0,0.0,14.0,48,0.05044666316342617
0.0,2.0,4.0,0.0,6.0,48,0.05044666316342617
7.0,0.0,0.0,5.0,12.0,47,0.04939569101418812
0.0,4.0,17.0,0.0,21.0,47,0.04939569101418812
0.0,0.0,6.0,2.0,8.0,47,0.04939569101418812
6.0,0.0,6.0,3.0,15.0,46,0.04834471886495008
0.0,1.0,16.0,0.0,17.0,44,0.046242774566473986
6.0,0.0,10.0,0.0,16.0,44,0.046242774566473986
0.0,4.0,11.0,0.0,15.0,44,0.046242774566473986
5.0,0.0,7.0,0.0,12.0,43,0.04519180241723594
0.0,0.0,0.0,12.0,12.0,43,0.04519180241723594
8.0,0.0,9.0,0.0,17.0,43,0.04519180241723594
3.0,0.0,6.0,5.0,14.0,43,0.04519180241723594
0.0,3.0,16.0,0.0,19.0,42,0.0441408302679979
0.0,6.0,8.0,0.0,14.0,42,0.0441408302679979
4.0,0.0,0.0,2.0,6.0,42,0.0441408302679979
4.0,0.0,9.0,0.0,13.0,42,0.0441408302679979
0.0,0.0,9.0,3.0,12.0,42,0.0441408302679979
5.0,0.0,2.0,0.0,7.0,42,0.0441408302679979
0.0,0.0,12.0,3.0,15.0,42,0.0441408302679979
0.0,0.0,16.5,0.0,16.5,41,0.04308985811875985
6.0,3.0,3.0,0.0,12.0,41,0.04308985811875985
0.0,6.0,6.0,0.0,12.0,41,0.04308985811875985
0.0,2.0,17.0,0.0,19.0,41,0.04308985811875985
2.0,3.0,13.0,0.0,18.0,40,0.04203888596952181
3.0,0.0,9.0,3.0,15.0,40,0.04203888596952181
0.0,6.0,9.0,0.0,15.0,40,0.04203888596952181
3.0,3.0,10.0,0.0,16.0,40,0.04203888596952181
3.0,6.0,9.0,0.0,18.0,40,0.04203888596952181
0.0,0.0,14.0,2.0,16.0,40,0.04203888596952181
0.0,4.0,16.0,0.0,20.0,40,0.04203888596952181
0.0,0.0,6.0,6.0,12.0,39,0.040987913820283765
0.0,0.0,36.0,0.0,36.0,39,0.040987913820283765
1.0,0.0,15.0,0.0,16.0,39,0.040987913820283765
0.0,0.0,6.5,0.0,6.5,39,0.040987913820283765
1.0,0.0,0.0,0.0,1.0,38,0.039936941671045716
7.0,0.0,0.0,6.0,13.0,38,0.039936941671045716
2.0,0.0,0.0,2.0,4.0,38,0.039936941671045716
3.0,0.0,3.0,6.0,12.0,38,0.039936941671045716
0.0,0.0,8.5,0.0,8.5,37,0.03888596952180767
2.0,0.0,0.0,3.0,5.0,37,0.03888596952180767
0.0,2.0,2.0,0.0,4.0,37,0.03888596952180767
0.0,5.0,11.0,0.0,16.0,37,0.03888596952180767
3.0,2.0,12.0,0.0,17.0,36,0.03783499737256963
4.0,0.0,19.0,0.0,23.0,36,0.03783499737256963
0.0,0.0,5.0,3.0,8.0,36,0.03783499737256963
0.0,0.0,13.0,3.0,16.0,36,0.03783499737256963
2.0,3.0,12.0,0.0,17.0,36,0.03783499737256963
0.0,3.0,17.0,0.0,20.0,36,0.03783499737256963
5.0,0.0,6.0,3.0,14.0,35,0.03678402522333158
10.0,0.0,0.0,2.0,12.0,35,0.03678402522333158
1.0,0.0,5.0,0.0,6.0,35,0.03678402522333158
0.0,3.0,18.0,0.0,21.0,35,0.03678402522333158
0.0,9.0,9.0,0.0,18.0,35,0.03678402522333158
0.0,6.0,3.0,0.0,9.0,35,0.03678402522333158
0.0,0.0,0.0,7.0,7.0,35,0.03678402522333158
3.0,2.0,13.0,0.0,18.0,35,0.03678402522333158
6.0,3.0,6.0,0.0,15.0,34,0.03573305307409354
4.0,0.0,0.0,3.0,7.0,34,0.03573305307409354
0.0,0.0,0.0,8.0,8.0,34,0.03573305307409354
3.0,0.0,8.0,3.0,14.0,34,0.03573305307409354
3.0,3.0,3.0,3.0,12.0,34,0.03573305307409354
8.0,0.0,7.0,0.0,15.0,34,0.03573305307409354
9.0,0.0,0.0,4.0,13.0,34,0.03573305307409354
0.0,1.0,15.0,0.0,16.0,34,0.03573305307409354
0.0,0.0,3.0,4.0,7.0,34,0.03573305307409354
0.0,12.0,0.0,0.0,12.0,33,0.03468208092485549
5.0,0.0,4.0,0.0,9.0,33,0.03468208092485549
6.0,3.0,9.0,0.0,18.0,33,0.03468208092485549
0.0,4.0,18.0,0.0,22.0,33,0.03468208092485549
0.0,0.0,0.0,9.0,9.0,33,0.03468208092485549
2.0,0.0,19.0,0.0,21.0,33,0.03468208092485549
8.0,0.0,4.0,0.0,12.0,32,0.033631108775617445
4.0,0.0,20.0,0.0,24.0,32,0.033631108775617445
0.0,6.0,10.0,0.0,16.0,32,0.033631108775617445
0.0,5.0,0.0,0.0,5.0,32,0.033631108775617445
0.0,0.0,39.0,0.0,39.0,32,0.033631108775617445
4.0,0.0,18.0,0.0,22.0,32,0.033631108775617445
6.0,0.0,0.0,7.0,13.0,31,0.0325801366263794
7.0,0.0,9.0,0.0,16.0,31,0.0325801366263794
0.0,0.0,4.0,4.0,8.0,31,0.0325801366263794
5.0,0.0,10.0,0.0,15.0,31,0.0325801366263794
3.0,0.0,0.0,10.0,13.0,31,0.0325801366263794
4.0,0.0,0.0,8.0,12.0,31,0.0325801366263794
3.0,0.0,18.0,0.0,21.0,31,0.0325801366263794
7.0,0.0,6.0,0.0,13.0,30,0.03152916447714135
0.0,0.0,11.0,3.0,14.0,30,0.03152916447714135
3.0,0.0,7.0,3.0,13.0,30,0.03152916447714135
3.0,0.0,17.0,0.0,20.0,30,0.03152916447714135
10.0,0.0,0.0,3.0,13.0,30,0.03152916447714135
4.0,0.0,21.0,0.0,25.0,30,0.03152916447714135
2.0,0.0,17.0,0.0,19.0,30,0.03152916447714135
6.0,3.0,0.0,3.0,12.0,30,0.03152916447714135
7.0,0.0,8.0,0.0,15.0,29,0.03047819232790331
3.0,4.0,11.0,0.0,18.0,29,0.03047819232790331
7.0,0.0,10.0,0.0,17.0,29,0.03047819232790331
3.0,0.0,12.0,3.0,18.0,29,0.03047819232790331
2.0,0.0,18.0,0.0,20.0,29,0.03047819232790331
0.0,0.0,14.0,4.0,18.0,29,0.03047819232790331
4.0,0.0,5.0,3.0,12.0,28,0.029427220178665267
3.0,2.0,11.0,0.0,16.0,28,0.029427220178665267
0.0,0.0,10.0,2.0,12.0,28,0.029427220178665267
5.0,0.0,0.0,7.0,12.0,28,0.029427220178665267
5.0,0.0,15.0,0.0,20.0,28,0.029427220178665267
6.0,0.0,0.0,8.0,14.0,28,0.029427220178665267
7.0,0.0,5.0,0.0,12.0,28,0.029427220178665267
6.0,0.0,7.0,0.0,13.0,27,0.02837624802942722
0.0,0.0,4.0,3.0,7.0,27,0.02837624802942722
0.0,9.0,3.0,0.0,12.0,27,0.02837624802942722
0.0,2.0,18.0,0.0,20.0,27,0.02837624802942722
0.0,7.0,11.0,0.0,18.0,27,0.02837624802942722
0.0,0.0,12.0,6.0,18.0,27,0.02837624802942722
0.0,1.0,14.0,0.0,15.0,27,0.02837624802942722
0.0,0.0,5.0,2.0,7.0,27,0.02837624802942722
5.0,0.0,8.0,0.0,13.0,26,0.027325275880189175
7.0,0.0,7.0,0.0,14.0,26,0.027325275880189175
0.0,4.0,10.0,0.0,14.0,26,0.027325275880189175
6.0,0.0,5.0,3.0,14.0,26,0.027325275880189175
0.0,0.0,17.0,1.0,18.0,26,0.027325275880189175
9.0,0.0,8.0,0.0,17.0,26,0.027325275880189175
0.0,5.0,3.0,0.0,8.0,25,0.02627430373095113
0.0,5.0,10.0,0.0,15.0,25,0.02627430373095113
0.0,0.0,7.0,2.0,9.0,25,0.02627430373095113
1.0,0.0,14.0,0.0,15.0,25,0.02627430373095113
0.0,0.0,4.0,2.0,6.0,25,0.02627430373095113
3.0,0.0,24.0,0.0,27.0,24,0.025223331581713086
4.5,0.0,20.0,0.0,24.5,24,0.025223331581713086
0.0,5.0,9.0,0.0,14.0,24,0.025223331581713086
2.0,0.0,6.0,6.0,14.0,24,0.025223331581713086
2.0,3.0,9.0,0.0,14.0,24,0.025223331581713086
0.0,0.0,2.0,3.0,5.0,24,0.025223331581713086
4.0,0.0,0.0,4.0,8.0,24,0.025223331581713086
0.0,8.0,0.0,0.0,8.0,24,0.025223331581713086
0.0,0.0,6.0,9.0,15.0,23,0.02417235943247504
8.0,0.0,8.0,0.0,16.0,23,0.02417235943247504
8.0,0.0,0.0,5.0,13.0,23,0.02417235943247504
12.0,0.0,6.0,0.0,18.0,23,0.02417235943247504
4.0,0.0,6.0,2.0,12.0,23,0.02417235943247504
3.0,3.0,8.0,0.0,14.0,23,0.02417235943247504
5.0,0.0,5.0,2.0,12.0,23,0.02417235943247504
3.0,0.0,7.0,2.0,12.0,23,0.02417235943247504
0.0,0.0,15.5,0.0,15.5,23,0.02417235943247504
0.0,0.0,3.0,2.0,5.0,23,0.02417235943247504
1.0,0.0,6.0,0.0,7.0,23,0.02417235943247504
9.0,0.0,5.0,0.0,14.0,22,0.023121387283236993
2.0,0.0,7.0,3.0,12.0,22,0.023121387283236993
0.0,4.0,9.0,0.0,13.0,22,0.023121387283236993
6.0,0.0,0.0,2.0,8.0,22,0.023121387283236993
11.0,0.0,0.0,3.0,14.0,22,0.023121387283236993
4.0,3.0,11.0,0.0,18.0,22,0.023121387283236993
4.0,0.0,7.0,4.0,15.0,22,0.023121387283236993
9.0,3.0,0.0,0.0,12.0,22,0.023121387283236993
8.0,0.0,0.0,6.0,14.0,22,0.023121387283236993
0.0,0.0,0.0,13.0,13.0,22,0.023121387283236993
4.0,0.0,6.0,3.0,13.0,22,0.023121387283236993
5.0,0.0,14.0,0.0,19.0,21,0.02207041513399895
10.0,0.0,6.0,0.0,16.0,21,0.02207041513399895
3.0,0.0,0.0,4.0,7.0,21,0.02207041513399895
2.0,2.0,14.0,0.0,18.0,21,0.02207041513399895
1.0,0.0,4.0,0.0,5.0,21,0.02207041513399895
0.0,2.0,19.0,0.0,21.0,21,0.02207041513399895
0.0,3.0,12.0,3.0,18.0,21,0.02207041513399895
0.0,4.0,19.0,0.0,23.0,21,0.02207041513399895
7.0,0.0,3.0,2.0,12.0,20,0.021019442984760904
4.5,0.0,19.5,0.0,24.0,20,0.021019442984760904
15.0,0.0,0.0,0.0,15.0,20,0.021019442984760904
0.0,0.0,17.5,0.0,17.5,20,0.021019442984760904
3.0,0.0,5.0,6.0,14.0,20,0.021019442984760904
0.0,0.0,10.0,3.0,13.0,20,0.021019442984760904
5.0,0.0,20.0,0.0,25.0,20,0.021019442984760904
2.0,0.0,0.0,4.0,6.0,20,0.021019442984760904
3.0,0.0,7.0,0.0,10.0,20,0.021019442984760904
0.0,1.0,5.0,0.0,6.0,20,0.021019442984760904
3.0,0.0,11.0,3.0,17.0,20,0.021019442984760904
0.0,3.0,0.0,3.0,6.0,20,0.021019442984760904
0.0,13.0,0.0,0.0,13.0,20,0.021019442984760904
0.0,8.0,10.0,0.0,18.0,20,0.021019442984760904
0.0,9.0,8.0,0.0,17.0,20,0.021019442984760904
3.0,0.0,5.0,5.0,13.0,19,0.019968470835522858
3.0,0.0,8.0,2.0,13.0,19,0.019968470835522858
0.0,0.0,11.0,2.0,13.0,19,0.019968470835522858
0.0,5.0,8.0,0.0,13.0,19,0.019968470835522858
6.0,0.0,0.0,3.0,9.0,19,0.019968470835522858
0.0,0.0,5.0,4.0,9.0,19,0.019968470835522858
0.0,0.0,15.0,1.0,16.0,19,0.019968470835522858
2.0,2.0,13.0,0.0,17.0,19,0.019968470835522858
5.0,0.0,0.0,9.0,14.0,19,0.019968470835522858
3.0,3.0,0.0,6.0,12.0,19,0.019968470835522858
0.0,8.0,9.0,0.0,17.0,19,0.019968470835522858
0.0,0.0,2.0,4.0,6.0,19,0.019968470835522858
0.0,0.0,3.0,6.0,9.0,19,0.019968470835522858
5.0,0.0,0.0,8.0,13.0,19,0.019968470835522858
5.0,0.0,16.0,0.0,21.0,19,0.019968470835522858
1.0,0.0,12.0,0.0,13.0,19,0.019968470835522858
3.0,3.0,2.0,0.0,8.0,19,0.019968470835522858
9.0,0.0,4.0,0.0,13.0,19,0.019968470835522858
3.0,0.0,16.0,0.0,19.0,19,0.019968470835522858
2.0,0.0,0.0,10.0,12.0,19,0.019968470835522858
0.0,0.0,8.0,4.0,12.0,19,0.019968470835522858
3.0,2.0,0.0,0.0,5.0,19,0.019968470835522858
10.0,0.0,7.0,0.0,17.0,19,0.019968470835522858
6.0,0.0,6.0,2.0,14.0,19,0.019968470835522858
11.0,0.0,6.0,0.0,17.0,19,0.019968470835522858
0.0,4.0,20.0,0.0,24.0,19,0.019968470835522858
0.0,0.0,18.0,3.0,21.0,19,0.019968470835522858
6.0,3.0,8.0,0.0,17.0,18,0.018917498686284815
3.0,0.0,0.0,11.0,14.0,18,0.018917498686284815
2.0,0.0,21.0,0.0,23.0,18,0.018917498686284815
0.0,0.0,0.0,15.0,15.0,18,0.018917498686284815
5.0,0.0,0.0,3.0,8.0,18,0.018917498686284815
0.0,0.0,19.0,2.0,21.0,18,0.018917498686284815
8.0,0.0,2.0,3.0,13.0,18,0.018917498686284815
4.0,3.0,10.0,0.0,17.0,18,0.018917498686284815
4.0,2.0,12.0,0.0,18.0,18,0.018917498686284815
8.0,0.0,5.0,0.0,13.0,18,0.018917498686284815
0.0,9.0,6.0,0.0,15.0,18,0.018917498686284815
0.0,0.0,12.0,4.0,16.0,18,0.018917498686284815
7.0,0.0,2.0,0.0,9.0,18,0.018917498686284815
10.0,0.0,8.0,0.0,18.0,18,0.018917498686284815
0.0,0.0,13.0,2.0,15.0,18,0.018917498686284815
3.0,0.0,3.0,3.0,9.0,18,0.018917498686284815
2.0,0.0,6.0,5.0,13.0,18,0.018917498686284815
8.0,0.0,0.0,7.0,15.0,17,0.01786652653704677
4.0,0.0,3.0,5.0,12.0,17,0.01786652653704677
0.0,15.0,0.0,0.0,15.0,17,0.01786652653704677
2.0,0.0,9.0,0.0,11.0,17,0.01786652653704677
0.0,5.0,2.0,0.0,7.0,17,0.01786652653704677
2.0,0.0,8.0,3.0,13.0,17,0.01786652653704677
0.0,5.0,4.0,0.0,9.0,17,0.01786652653704677
3.0,0.0,0.0,6.0,9.0,17,0.01786652653704677
0.0,3.0,8.0,0.0,11.0,17,0.01786652653704677
6.0,0.0,15.0,0.0,21.0,17,0.01786652653704677
0.0,1.0,4.0,0.0,5.0,17,0.01786652653704677
0.0,12.0,6.0,0.0,18.0,17,0.01786652653704677
4.0,0.0,19.5,0.0,23.5,17,0.01786652653704677
0.0,7.0,5.0,0.0,12.0,17,0.01786652653704677
2.0,2.0,12.0,0.0,16.0,17,0.01786652653704677
2.0,3.0,11.0,0.0,16.0,17,0.01786652653704677
0.0,7.0,0.0,0.0,7.0,17,0.01786652653704677
0.0,0.0,3.0,5.0,8.0,17,0.01786652653704677
2.0,4.0,0.0,0.0,6.0,16,0.016815554387808723
4.0,0.0,7.0,2.0,13.0,16,0.016815554387808723
0.0,11.0,6.0,0.0,17.0,16,0.016815554387808723
0.0,6.0,2.0,0.0,8.0,16,0.016815554387808723
3.0,0.0,11.0,2.0,16.0,16,0.016815554387808723
9.0,3.0,3.0,0.0,15.0,16,0.016815554387808723
3.0,6.0,6.0,0.0,15.0,16,0.016815554387808723
0.0,7.0,9.0,0.0,16.0,16,0.016815554387808723
3.0,4.0,10.0,0.0,17.0,16,0.016815554387808723
6.0,0.0,3.0,6.0,15.0,16,0.016815554387808723
6.0,6.0,0.0,0.0,12.0,16,0.016815554387808723
11.0,0.0,0.0,2.0,13.0,16,0.016815554387808723
0.0,9.0,0.0,0.0,9.0,16,0.016815554387808723
5.0,0.0,0.0,2.0,7.0,16,0.016815554387808723
3.0,0.0,8.0,0.0,11.0,15,0.015764582238570676
2.0,0.0,9.0,3.0,14.0,15,0.015764582238570676
2.0,0.0,8.0,0.0,10.0,15,0.015764582238570676
3.0,0.0,3.0,2.0,8.0,15,0.015764582238570676
3.0,0.0,0.0,5.0,8.0,15,0.015764582238570676
0.0,4.0,8.0,0.0,12.0,15,0.015764582238570676
2.0,0.0,23.0,0.0,25.0,15,0.015764582238570676
11.0,0.0,0.0,4.0,15.0,15,0.015764582238570676
5.0,3.0,9.0,0.0,17.0,15,0.015764582238570676
0.0,0.0,14.0,1.0,15.0,15,0.015764582238570676
0.0,0.0,0.0,1.0,1.0,15,0.015764582238570676
0.0,0.0,5.0,7.0,12.0,15,0.015764582238570676
0.0,10.0,8.0,0.0,18.0,15,0.015764582238570676
0.0,9.0,5.0,0.0,14.0,15,0.015764582238570676
3.0,6.0,3.0,0.0,12.0,15,0.015764582238570676
0.0,0.0,7.0,5.0,12.0,15,0.015764582238570676
2.0,3.0,10.0,0.0,15.0,15,0.015764582238570676
0.0,0.0,0.0,14.0,14.0,15,0.015764582238570676
4.0,4.0,0.0,0.0,8.0,15,0.015764582238570676
4.5,0.0,20.5,0.0,25.0,15,0.015764582238570676
5.0,0.0,17.0,0.0,22.0,15,0.015764582238570676
5.0,0.0,19.0,0.0,24.0,15,0.015764582238570676
9.0,0.0,3.0,3.0,15.0,15,0.015764582238570676
4.0,3.0,9.0,0.0,16.0,15,0.015764582238570676
0.0,3.0,3.0,6.0,12.0,15,0.015764582238570676
6.0,0.0,18.5,0.0,24.5,14,0.014713610089332634
0.0,3.0,11.0,3.0,17.0,14,0.014713610089332634
2.0,0.0,9.0,2.0,13.0,14,0.014713610089332634
3.0,0.0,2.0,3.0,8.0,14,0.014713610089332634
7.0,0.0,2.0,3.0,12.0,14,0.014713610089332634
0.0,5.0,15.0,0.0,20.0,14,0.014713610089332634
5.0,0.0,18.5,0.0,23.5,14,0.014713610089332634
0.0,0.0,12.0,5.0,17.0,14,0.014713610089332634
0.0,5.0,14.0,0.0,19.0,14,0.014713610089332634
0.0,0.0,16.0,4.0,20.0,14,0.014713610089332634
9.0,0.0,7.0,0.0,16.0,14,0.014713610089332634
3.0,2.0,10.0,0.0,15.0,14,0.014713610089332634
4.0,0.0,6.0,4.0,14.0,14,0.014713610089332634
3.0,6.0,8.0,0.0,17.0,14,0.014713610089332634
0.0,0.0,2.0,2.0,4.0,14,0.014713610089332634
4.0,0.0,20.5,0.0,24.5,14,0.014713610089332634
2.0,2.0,9.0,0.0,13.0,14,0.014713610089332634
2.0,3.0,8.0,0.0,13.0,14,0.014713610089332634
2.0,3.0,7.0,0.0,12.0,13,0.013662637940094587
12.0,0.0,3.0,0.0,15.0,13,0.013662637940094587
2.0,2.0,0.0,0.0,4.0,13,0.013662637940094587
8.0,0.0,11.0,0.0,19.0,13,0.013662637940094587
4.0,0.0,7.0,3.0,14.0,13,0.013662637940094587
0.0,1.0,6.0,0.0,7.0,13,0.013662637940094587
3.0,5.0,9.0,0.0,17.0,13,0.013662637940094587
4.5,0.0,19.0,0.0,23.5,13,0.013662637940094587
5.0,0.0,4.0,3.0,12.0,13,0.013662637940094587
5.0,0.0,5.0,3.0,13.0,13,0.013662637940094587
0.0,0.0,12.0,9.0,21.0,13,0.013662637940094587
0.0,5.0,17.0,0.0,22.0,13,0.013662637940094587
3.0,2.0,9.0,0.0,14.0,13,0.013662637940094587
0.0,7.0,10.0,0.0,17.0,13,0.013662637940094587
3.0,3.0,7.0,0.0,13.0,13,0.013662637940094587
3.0,4.0,9.0,0.0,16.0,13,0.013662637940094587
4.0,0.0,0.0,9.0,13.0,13,0.013662637940094587
4.0,3.0,8.0,0.0,15.0,13,0.013662637940094587
8.0,0.0,13.0,0.0,21.0,13,0.013662637940094587
6.0,0.0,0.0,9.0,15.0,13,0.013662637940094587
3.0,0.0,12.0,2.0,17.0,13,0.013662637940094587
2.0,0.0,22.0,0.0,24.0,13,0.013662637940094587
0.0,0.0,13.0,5.0,18.0,13,0.013662637940094587
6.0,0.0,18.0,0.0,24.0,13,0.013662637940094587
6.0,0.0,19.0,0.0,25.0,13,0.013662637940094587
0.0,0.0,9.0,5.0,14.0,13,0.013662637940094587
6.0,0.0,14.0,0.0,20.0,13,0.013662637940094587
0.0,5.0,7.0,0.0,12.0,13,0.013662637940094587
3.0,0.0,6.0,4.0,13.0,13,0.013662637940094587
0.0,1.0,7.0,0.0,8.0,13,0.013662637940094587
3.0,2.0,3.0,0.0,8.0,13,0.013662637940094587
5.0,0.0,18.0,0.0,23.0,13,0.013662637940094587
2.0,3.0,0.0,0.0,5.0,12,0.012611665790856543
6.0,3.0,0.0,0.0,9.0,12,0.012611665790856543
8.0,0.0,3.0,3.0,14.0,12,0.012611665790856543
0.0,3.0,6.0,3.0,12.0,12,0.012611665790856543
10.0,0.0,3.0,0.0,13.0,12,0.012611665790856543
0.0,3.0,8.0,3.0,14.0,12,0.012611665790856543
0.0,0.0,9.0,6.0,15.0,12,0.012611665790856543
0.0,0.0,11.0,4.0,15.0,12,0.012611665790856543
3.0,0.0,8.0,4.0,15.0,12,0.012611665790856543
0.0,1.0,12.0,0.0,13.0,12,0.012611665790856543
9.0,3.0,6.0,0.0,18.0,12,0.012611665790856543
12.0,0.0,0.0,3.0,15.0,12,0.012611665790856543
0.0,9.0,7.0,0.0,16.0,12,0.012611665790856543
14.0,0.0,0.0,0.0,14.0,12,0.012611665790856543
3.0,2.0,8.0,0.0,13.0,12,0.012611665790856543
3.0,4.0,0.0,0.0,7.0,12,0.012611665790856543
0.0,0.0,15.0,4.0,19.0,12,0.012611665790856543
4.0,0.0,8.0,3.0,15.0,12,0.012611665790856543
0.0,2.0,8.0,0.0,10.0,12,0.012611665790856543
1.0,0.0,13.0,0.0,14.0,12,0.012611665790856543
4.0,4.0,10.0,0.0,18.0,12,0.012611665790856543
3.0,3.0,6.0,3.0,15.0,12,0.012611665790856543
0.0,6.0,7.0,0.0,13.0,12,0.012611665790856543
0.0,0.0,12.0,12.0,24.0,12,0.012611665790856543
2.0,0.0,0.0,11.0,13.0,12,0.012611665790856543
5.0,0.0,6.0,2.0,13.0,12,0.012611665790856543
0.0,12.0,3.0,0.0,15.0,12,0.012611665790856543
0.0,0.0,6.0,7.0,13.0,12,0.012611665790856543
2.0,4.0,12.0,0.0,18.0,12,0.012611665790856543
2.0,0.0,20.0,0.0,22.0,12,0.012611665790856543
2.0,0.0,14.0,2.0,18.0,12,0.012611665790856543
6.0,3.0,5.0,0.0,14.0,12,0.012611665790856543
6.0,0.0,13.0,0.0,19.0,12,0.012611665790856543
10.0,0.0,5.0,0.0,15.0,12,0.012611665790856543
3.0,0.0,1.0,0.0,4.0,12,0.012611665790856543
0.0,15.0,2.0,0.0,17.0,12,0.012611665790856543
9.0,0.0,0.0,5.0,14.0,12,0.012611665790856543
6.0,0.0,2.0,4.0,12.0,11,0.011560693641618497
2.0,0.0,8.0,2.0,12.0,11,0.011560693641618497
0.0,1.0,9.0,0.0,10.0,11,0.011560693641618497
0.0,0.0,5.0,8.0,13.0,11,0.011560693641618497
13.0,0.0,5.0,0.0,18.0,11,0.011560693641618497
2.0,2.0,11.0,0.0,15.0,11,0.011560693641618497
0.0,0.0,3.0,9.0,12.0,11,0.011560693641618497
11.0,0.0,5.0,0.0,16.0,11,0.011560693641618497
2.0,0.0,10.0,2.0,14.0,11,0.011560693641618497
2.0,0.0,0.0,5.0,7.0,11,0.011560693641618497
3.0,0.0,21.0,0.0,24.0,11,0.011560693641618497
4.0,0.0,0.0,11.0,15.0,11,0.011560693641618497
0.0,2.0,9.0,0.0,11.0,11,0.011560693641618497
0.0,2.0,20.0,0.0,22.0,11,0.011560693641618497
0.0,0.0,7.0,6.0,13.0,11,0.011560693641618497
0.0,2.0,23.0,0.0,25.0,11,0.011560693641618497
4.0,4.0,4.0,0.0,12.0,11,0.011560693641618497
0.0,0.0,2.0,6.0,8.0,11,0.011560693641618497
0.0,10.0,3.0,0.0,13.0,11,0.011560693641618497
2.0,0.0,5.0,5.0,12.0,11,0.011560693641618497
3.0,0.0,5.0,4.0,12.0,11,0.011560693641618497
3.0,0.0,4.0,5.0,12.0,11,0.011560693641618497
10.0,0.0,2.0,0.0,12.0,11,0.011560693641618497
3.0,0.0,10.0,3.0,16.0,11,0.011560693641618497
0.0,6.0,14.0,0.0,20.0,11,0.011560693641618497
0.0,6.0,15.0,0.0,21.0,11,0.011560693641618497
1.0,3.0,14.0,0.0,18.0,11,0.011560693641618497
5.0,0.0,3.0,5.0,13.0,11,0.011560693641618497
3.0,2.0,2.0,0.0,7.0,11,0.011560693641618497
5.0,0.0,19.5,0.0,24.5,11,0.011560693641618497
4.0,0.0,2.0,7.0,13.0,11,0.011560693641618497
4.0,2.0,3.0,0.0,9.0,10,0.010509721492380452
12.0,0.0,4.0,0.0,16.0,10,0.010509721492380452
0.0,3.0,24.0,0.0,27.0,10,0.010509721492380452
6.0,2.0,10.0,0.0,18.0,10,0.010509721492380452
6.0,2.0,9.0,0.0,17.0,10,0.010509721492380452
0.0,12.0,5.0,0.0,17.0,10,0.010509721492380452
0.0,0.0,6.0,8.0,14.0,10,0.010509721492380452
0.0,8.0,4.0,0.0,12.0,10,0.010509721492380452
0.0,8.0,13.0,0.0,21.0,10,0.010509721492380452
0.0,8.0,5.0,0.0,13.0,10,0.010509721492380452
0.0,18.0,0.0,0.0,18.0,10,0.010509721492380452
0.0,15.0,3.0,0.0,18.0,10,0.010509721492380452
0.0,8.0,8.0,0.0,16.0,10,0.010509721492380452
4.0,4.0,9.0,0.0,17.0,10,0.010509721492380452
0.0,2.0,21.0,0.0,23.0,10,0.010509721492380452
0.0,1.0,18.0,0.0,19.0,10,0.010509721492380452
0.0,0.0,8.0,7.0,15.0,10,0.010509721492380452
5.0,0.0,6.0,4.0,15.0,10,0.010509721492380452
0.0,0.0,12.5,0.0,12.5,10,0.010509721492380452
0.0,0.0,12.0,10.0,22.0,10,0.010509721492380452
3.0,5.0,10.0,0.0,18.0,10,0.010509721492380452
3.0,6.0,0.0,3.0,12.0,10,0.010509721492380452
1.0,0.0,7.0,0.0,8.0,10,0.010509721492380452
3.0,2.0,7.0,0.0,12.0,10,0.010509721492380452
4.0,4.0,8.0,0.0,16.0,10,0.010509721492380452
3.0,1.0,13.0,0.0,17.0,10,0.010509721492380452
7.0,0.0,6.0,3.0,16.0,10,0.010509721492380452
0.0,3.0,7.0,0.0,10.0,10,0.010509721492380452
0.0,0.0,11.0,6.0,17.0,10,0.010509721492380452
0.0,0.0,16.0,1.0,17.0,10,0.010509721492380452
0.0,0.0,16.0,3.0,19.0,10,0.010509721492380452
0.0,4.0,21.0,0.0,25.0,10,0.010509721492380452
5.0,3.0,6.0,0.0,14.0,10,0.010509721492380452
3.0,0.0,9.0,2.0,14.0,10,0.010509721492380452
11.0,0.0,7.0,0.0,18.0,10,0.010509721492380452
0.0,0.0,13.0,4.0,17.0,10,0.010509721492380452
0.0,0.0,13.5,0.0,13.5,10,0.010509721492380452
6.0,0.0,4.0,2.0,12.0,10,0.010509721492380452
6.0,0.0,5.0,2.0,13.0,10,0.010509721492380452
0.0,0.0,23.0,2.0,25.0,10,0.010509721492380452
3.0,0.0,3.0,9.0,15.0,10,0.010509721492380452
11.0,0.0,4.0,0.0,15.0,10,0.010509721492380452
2.0,0.0,22.5,0.0,24.5,10,0.010509721492380452
0.0,0.0,17.0,4.0,21.0,10,0.010509721492380452
0.0,0.0,11.0,1.0,12.0,10,0.010509721492380452
6.0,0.0,9.0,2.0,17.0,10,0.010509721492380452
6.0,0.0,16.0,0.0,22.0,10,0.010509721492380452
0.0,2.0,22.0,0.0,24.0,9,0.009458749343142408
0.0,3.0,0.0,9.0,12.0,9,0.009458749343142408
4.0,3.0,0.0,0.0,7.0,9,0.009458749343142408
0.0,3.0,22.0,0.0,25.0,9,0.009458749343142408
3.0,0.0,3.0,8.0,14.0,9,0.009458749343142408
6.0,0.0,9.0,3.0,18.0,9,0.009458749343142408
0.0,6.0,17.0,0.0,23.0,9,0.009458749343142408
7.0,3.0,3.0,0.0,13.0,9,0.009458749343142408
4.0,2.0,11.0,0.0,17.0,9,0.009458749343142408
0.0,8.0,12.0,0.0,20.0,9,0.009458749343142408
0.0,9.0,0.0,3.0,12.0,9,0.009458749343142408
0.0,5.0,16.0,0.0,21.0,9,0.009458749343142408
0.0,5.0,18.0,0.0,23.0,9,0.009458749343142408
0.0,10.0,7.0,0.0,17.0,9,0.009458749343142408
8.0,0.0,12.0,0.0,20.0,9,0.009458749343142408
7.0,0.0,2.0,4.0,13.0,9,0.009458749343142408
0.0,3.0,9.0,3.0,15.0,9,0.009458749343142408
4.0,0.0,1.0,0.0,5.0,9,0.009458749343142408
4.0,0.0,4.0,4.0,12.0,9,0.009458749343142408
3.0,4.0,8.0,0.0,15.0,9,0.009458749343142408
0.0,4.0,4.5,0.0,8.5,9,0.009458749343142408
0.0,0.0,9.0,4.0,13.0,9,0.009458749343142408
3.0,6.0,0.0,0.0,9.0,9,0.009458749343142408
1.0,0.0,8.0,0.0,9.0,9,0.009458749343142408
1.0,3.0,13.0,0.0,17.0,9,0.009458749343142408
1.0,2.0,15.0,0.0,18.0,9,0.009458749343142408
0.0,0.0,7.0,3.0,10.0,9,0.009458749343142408
6.0,0.0,3.0,5.0,14.0,9,0.009458749343142408
7.0,0.0,0.0,2.0,9.0,9,0.009458749343142408
0.0,3.0,10.0,3.0,16.0,9,0.009458749343142408
6.0,3.0,7.0,0.0,16.0,9,0.009458749343142408
3.0,0.0,7.0,4.0,14.0,9,0.009458749343142408
3.0,0.0,7.0,6.0,16.0,9,0.009458749343142408
2.0,0.0,5.0,6.0,13.0,9,0.009458749343142408
0.0,0.0,17.0,2.0,19.0,9,0.009458749343142408
0.0,0.0,17.0,3.0,20.0,9,0.009458749343142408
0.0,0.0,17.0,6.0,23.0,9,0.009458749343142408
3.0,0.0,0.0,12.0,15.0,9,0.009458749343142408
0.0,7.0,6.0,0.0,13.0,9,0.009458749343142408
0.0,7.0,7.0,0.0,14.0,9,0.009458749343142408
0.0,0.0,18.0,6.0,24.0,8,0.008407777193904361
5.0,0.0,0.0,10.0,15.0,8,0.008407777193904361
4.5,0.0,18.5,0.0,23.0,8,0.008407777193904361
0.0,7.0,8.0,0.0,15.0,8,0.008407777193904361
5.0,0.0,2.0,6.0,13.0,8,0.008407777193904361
2.0,2.0,8.0,0.0,12.0,8,0.008407777193904361
4.5,0.0,17.0,0.0,21.5,8,0.008407777193904361
4.5,0.0,18.0,0.0,22.5,8,0.008407777193904361
12.0,0.0,0.0,2.0,14.0,8,0.008407777193904361
5.0,3.0,10.0,0.0,18.0,8,0.008407777193904361
5.0,4.0,9.0,0.0,18.0,8,0.008407777193904361
3.0,0.0,22.0,0.0,25.0,8,0.008407777193904361
3.0,0.0,13.0,2.0,18.0,8,0.008407777193904361
0.0,1.0,13.0,0.0,14.0,8,0.008407777193904361
6.0,0.0,2.0,5.0,13.0,8,0.008407777193904361
3.0,3.0,9.0,3.0,18.0,8,0.008407777193904361
3.0,9.0,3.0,0.0,15.0,8,0.008407777193904361
10.0,0.0,0.0,0.0,10.0,8,0.008407777193904361
2.0,0.0,0.0,12.0,14.0,8,0.008407777193904361
2.0,0.0,3.0,7.0,12.0,8,0.008407777193904361
3.0,0.0,10.0,2.0,15.0,8,0.008407777193904361
3.0,0.0,6.0,9.0,18.0,8,0.008407777193904361
0.0,0.0,14.0,6.0,20.0,8,0.008407777193904361
0.0,1.0,8.0,0.0,9.0,8,0.008407777193904361
2.0,0.0,4.0,6.0,12.0,8,0.008407777193904361
0.0,1.0,11.0,0.0,12.0,8,0.008407777193904361
0.0,4.0,6.0,0.0,10.0,8,0.008407777193904361
6.0,0.0,15.5,0.0,21.5,8,0.008407777193904361
0.0,6.0,0.0,6.0,12.0,8,0.008407777193904361
4.0,2.0,0.0,0.0,6.0,8,0.008407777193904361
0.0,8.0,15.0,0.0,23.0,8,0.008407777193904361
0.0,5.0,19.0,0.0,24.0,8,0.008407777193904361
0.0,0.0,12.0,13.0,25.0,8,0.008407777193904361
0.0,8.0,6.0,0.0,14.0,8,0.008407777193904361
0.0,0.0,12.0,11.0,23.0,8,0.008407777193904361
0.0,3.0,19.0,0.0,22.0,8,0.008407777193904361
0.0,0.0,3.0,1.0,4.0,8,0.008407777193904361
2.0,2.0,10.0,0.0,14.0,8,0.008407777193904361
6.0,3.0,3.0,3.0,15.0,8,0.008407777193904361
7.0,3.0,8.0,0.0,18.0,8,0.008407777193904361
3.0,0.0,4.0,2.0,9.0,8,0.008407777193904361
0.0,3.0,3.0,3.0,9.0,8,0.008407777193904361
0.0,0.0,6.0,12.0,18.0,8,0.008407777193904361
5.0,0.0,8.0,2.0,15.0,8,0.008407777193904361
4.0,0.0,6.0,6.0,16.0,8,0.008407777193904361
4.0,0.0,6.0,5.0,15.0,8,0.008407777193904361
4.0,0.0,6.0,0.0,10.0,8,0.008407777193904361
0.0,14.0,2.0,0.0,16.0,8,0.008407777193904361
4.0,0.0,5.0,4.0,13.0,8,0.008407777193904361
7.0,0.0,12.0,0.0,19.0,8,0.008407777193904361
0.0,6.0,3.0,3.0,12.0,8,0.008407777193904361
4.0,0.0,8.0,4.0,16.0,8,0.008407777193904361
7.0,0.0,9.0,2.0,18.0,8,0.008407777193904361
0.0,2.0,9.0,3.0,14.0,8,0.008407777193904361
7.0,0.0,3.0,3.0,13.0,8,0.008407777193904361
0.0,3.0,9.0,2.0,14.0,8,0.008407777193904361
0.0,16.0,0.0,0.0,16.0,8,0.008407777193904361
1.0,0.0,3.0,0.0,4.0,8,0.008407777193904361
0.0,3.0,21.5,0.0,24.5,8,0.008407777193904361
0.0,4.0,0.0,2.0,6.0,8,0.008407777193904361
6.0,2.0,0.0,0.0,8.0,8,0.008407777193904361
5.0,3.0,0.0,0.0,8.0,8,0.008407777193904361
5.0,3.0,3.0,3.0,14.0,7,0.007356805044666317
0.0,0.0,4.0,5.0,9.0,7,0.007356805044666317
3.0,6.0,7.0,0.0,16.0,7,0.007356805044666317
3.0,6.0,5.0,0.0,14.0,7,0.007356805044666317
0.0,4.0,19.5,0.0,23.5,7,0.007356805044666317
0.0,2.0,0.0,3.0,5.0,7,0.007356805044666317
3.0,0.0,19.0,0.0,22.0,7,0.007356805044666317
0.0,0.0,11.0,5.0,16.0,7,0.007356805044666317
3.0,4.0,6.0,0.0,13.0,7,0.007356805044666317
3.0,0.0,21.5,0.0,24.5,7,0.007356805044666317
0.0,0.0,8.0,8.0,16.0,7,0.007356805044666317
0.0,3.0,12.0,2.0,17.0,7,0.007356805044666317
3.0,3.0,3.0,6.0,15.0,7,0.007356805044666317
3.0,3.0,5.0,3.0,14.0,7,0.007356805044666317
4.5,0.0,0.0,0.0,4.5,7,0.007356805044666317
13.0,0.0,3.0,0.0,16.0,7,0.007356805044666317
5.0,0.0,3.0,4.0,12.0,7,0.007356805044666317
6.0,0.0,3.0,4.0,13.0,7,0.007356805044666317
2.0,0.0,3.0,3.0,8.0,7,0.007356805044666317
0.0,3.0,13.0,2.0,18.0,7,0.007356805044666317
0.0,0.0,22.0,2.0,24.0,7,0.007356805044666317
0.0,5.0,18.5,0.0,23.5,7,0.007356805044666317
8.0,0.0,3.0,2.0,13.0,7,0.007356805044666317
0.0,3.0,1.0,0.0,4.0,7,0.007356805044666317
0.0,8.0,7.0,0.0,15.0,7,0.007356805044666317
4.0,4.0,0.0,4.0,12.0,7,0.007356805044666317
0.0,9.0,10.0,0.0,19.0,7,0.007356805044666317
0.0,10.0,2.0,0.0,12.0,7,0.007356805044666317
6.0,0.0,17.5,0.0,23.5,7,0.007356805044666317
4.5,0.0,3.0,0.0,7.5,7,0.007356805044666317
0.0,2.0,22.5,0.0,24.5,7,0.007356805044666317
0.0,3.0,0.0,2.0,5.0,7,0.007356805044666317
0.0,0.0,4.0,1.0,5.0,7,0.007356805044666317
7.0,2.0,9.0,0.0,18.0,7,0.007356805044666317
0.0,0.0,24.0,2.0,26.0,7,0.007356805044666317
4.0,0.0,12.0,2.0,18.0,7,0.007356805044666317
0.0,11.0,2.0,0.0,13.0,7,0.007356805044666317
11.0,0.0,1.0,0.0,12.0,7,0.007356805044666317
4.0,0.0,2.0,3.0,9.0,7,0.007356805044666317
8.0,3.0,6.0,0.0,17.0,7,0.007356805044666317
16.0,0.0,0.0,0.0,16.0,7,0.007356805044666317
12.0,0.0,5.0,0.0,17.0,7,0.007356805044666317
0.0,6.0,18.0,0.0,24.0,7,0.007356805044666317
2.0,0.0,10.0,3.0,15.0,7,0.007356805044666317
2.0,0.0,11.0,2.0,15.0,7,0.007356805044666317
4.0,3.0,7.0,0.0,14.0,7,0.007356805044666317
4.0,0.0,8.0,2.0,14.0,7,0.007356805044666317
0.0,11.0,3.0,0.0,14.0,7,0.007356805044666317
5.0,0.0,17.5,0.0,22.5,7,0.007356805044666317
4.0,0.0,4.0,5.0,13.0,7,0.007356805044666317
0.0,14.0,3.0,0.0,17.0,7,0.007356805044666317
4.0,0.0,4.5,0.0,8.5,7,0.007356805044666317
0.0,1.0,0.0,0.0,1.0,7,0.007356805044666317
1.0,0.0,2.0,0.0,3.0,7,0.007356805044666317
0.0,0.0,9.0,9.0,18.0,7,0.007356805044666317
4.0,0.0,0.0,10.0,14.0,7,0.007356805044666317
8.0,3.0,7.0,0.0,18.0,7,0.007356805044666317
8.0,3.0,3.0,0.0,14.0,7,0.007356805044666317
5.0,2.0,8.0,0.0,15.0,7,0.007356805044666317
0.0,0.0,13.0,1.0,14.0,6,0.006305832895428271
3.0,4.0,7.0,0.0,14.0,6,0.006305832895428271
3.0,3.0,4.0,3.0,13.0,6,0.006305832895428271
0.0,0.0,10.0,4.0,14.0,6,0.006305832895428271
0.0,0.0,10.0,8.0,18.0,6,0.006305832895428271
4.0,4.0,12.0,0.0,20.0,6,0.006305832895428271
0.0,0.0,19.0,6.0,25.0,6,0.006305832895428271
0.0,0.0,18.0,4.0,22.0,6,0.006305832895428271
4.0,4.0,14.0,0.0,22.0,6,0.006305832895428271
0.0,0.0,2.0,5.0,7.0,6,0.006305832895428271
4.5,0.0,14.0,0.0,18.5,6,0.006305832895428271
7.0,3.0,7.0,0.0,17.0,6,0.006305832895428271
2.0,6.0,10.0,0.0,18.0,6,0.006305832895428271
0.0,0.0,9.0,2.0,11.0,6,0.006305832895428271
0.0,2.0,0.0,2.0,4.0,6,0.006305832895428271
6.0,0.0,0.0,10.0,16.0,6,0.006305832895428271
0.0,4.0,18.5,0.0,22.5,6,0.006305832895428271
2.0,0.0,3.0,2.0,7.0,6,0.006305832895428271
3.0,0.0,20.0,0.0,23.0,6,0.006305832895428271
0.0,0.0,8.0,6.0,14.0,6,0.006305832895428271
6.0,0.0,5.0,5.0,16.0,6,0.006305832895428271
6.0,0.0,7.0,3.0,16.0,6,0.006305832895428271
10.0,0.0,4.0,0.0,14.0,6,0.006305832895428271
3.0,0.0,8.0,5.0,16.0,6,0.006305832895428271
3.0,0.0,9.0,4.0,16.0,6,0.006305832895428271
3.0,0.0,7.0,5.0,15.0,6,0.006305832895428271
6.0,0.0,7.0,2.0,15.0,6,0.006305832895428271
6.0,0.0,4.0,3.0,13.0,6,0.006305832895428271
7.0,0.0,0.0,8.0,15.0,6,0.006305832895428271
0.0,0.0,8.0,3.0,11.0,6,0.006305832895428271
0.0,0.0,8.0,5.0,13.0,6,0.006305832895428271
2.0,5.0,5.0,0.0,12.0,6,0.006305832895428271
2.0,0.0,18.5,0.0,20.5,6,0.006305832895428271
2.0,2.0,6.0,2.0,12.0,6,0.006305832895428271
6.0,0.0,17.0,0.0,23.0,6,0.006305832895428271
9.0,0.0,2.0,2.0,13.0,6,0.006305832895428271
9.0,0.0,0.0,6.0,15.0,6,0.006305832895428271
3.0,9.0,0.0,0.0,12.0,6,0.006305832895428271
3.0,2.0,4.0,0.0,9.0,6,0.006305832895428271
0.0,0.0,4.0,8.0,12.0,6,0.006305832895428271
9.0,0.0,10.0,0.0,19.0,6,0.006305832895428271
9.0,0.0,15.0,0.0,24.0,6,0.006305832895428271
5.0,0.0,11.0,2.0,18.0,6,0.006305832895428271
0.0,12.0,4.0,0.0,16.0,6,0.006305832895428271
7.0,0.0,13.0,0.0,20.0,6,0.006305832895428271
4.0,0.0,4.0,6.0,14.0,6,0.006305832895428271
0.0,14.0,0.0,0.0,14.0,6,0.006305832895428271
5.0,0.0,16.5,0.0,21.5,6,0.006305832895428271
4.0,0.0,4.0,7.0,15.0,6,0.006305832895428271
7.0,0.0,7.0,2.0,16.0,6,0.006305832895428271
0.0,11.0,7.0,0.0,18.0,6,0.006305832895428271
2.0,0.0,12.0,4.0,18.0,6,0.006305832895428271
2.0,0.0,6.0,4.0,12.0,6,0.006305832895428271
0.0,1.0,3.0,0.0,4.0,6,0.006305832895428271
0.0,1.0,2.0,0.0,3.0,6,0.006305832895428271
11.0,0.0,3.0,0.0,14.0,6,0.006305832895428271
11.0,0.0,2.0,0.0,13.0,6,0.006305832895428271
3.0,0.0,6.0,8.0,17.0,6,0.006305832895428271
3.0,0.0,6.0,7.0,16.0,6,0.006305832895428271
6.0,2.0,5.0,0.0,13.0,6,0.006305832895428271
0.0,3.0,21.0,0.0,24.0,6,0.006305832895428271
8.0,4.0,0.0,0.0,12.0,6,0.006305832895428271
3.0,5.0,6.0,0.0,14.0,6,0.006305832895428271
4.0,0.0,3.0,6.0,13.0,6,0.006305832895428271
8.0,0.0,15.0,0.0,23.0,6,0.006305832895428271
7.0,0.0,4.0,3.0,14.0,6,0.006305832895428271
7.0,0.0,3.0,4.0,14.0,6,0.006305832895428271
0.0,0.0,5.0,9.0,14.0,6,0.006305832895428271
0.0,0.0,6.0,1.0,7.0,6,0.006305832895428271
0.0,12.0,8.0,0.0,20.0,6,0.006305832895428271
5.0,0.0,8.0,3.0,16.0,6,0.006305832895428271
5.0,0.0,15.5,0.0,20.5,6,0.006305832895428271
0.0,2.0,14.0,2.0,18.0,6,0.006305832895428271
8.0,0.0,2.0,2.0,12.0,6,0.006305832895428271
5.0,0.0,6.0,0.0,11.0,6,0.006305832895428271
0.0,6.0,0.0,2.0,8.0,6,0.006305832895428271
4.0,0.0,10.0,4.0,18.0,6,0.006305832895428271
4.0,0.0,13.0,1.0,18.0,6,0.006305832895428271
4.0,0.0,11.0,2.0,17.0,6,0.006305832895428271
0.0,5.0,20.0,0.0,25.0,6,0.006305832895428271
4.0,2.0,9.0,0.0,15.0,6,0.006305832895428271
4.0,2.0,8.0,0.0,14.0,6,0.006305832895428271
0.0,10.0,0.0,3.0,13.0,6,0.006305832895428271
4.0,3.0,6.0,0.0,13.0,6,0.006305832895428271
4.0,4.0,7.0,0.0,15.0,6,0.006305832895428271
0.0,0.0,15.0,6.0,21.0,6,0.006305832895428271
0.0,9.0,12.0,0.0,21.0,6,0.006305832895428271
7.0,3.0,0.0,2.0,12.0,6,0.006305832895428271
8.0,0.0,1.0,3.0,12.0,6,0.006305832895428271
0.0,2.0,21.5,0.0,23.5,6,0.006305832895428271
4.0,3.0,5.0,0.0,12.0,6,0.006305832895428271
0.0,0.0,21.0,4.0,25.0,6,0.006305832895428271
0.0,0.0,22.0,3.0,25.0,6,0.006305832895428271
0.0,0.0,15.0,9.0,24.0,6,0.006305832895428271
2.0,2.0,3.0,0.0,7.0,6,0.006305832895428271
2.0,3.0,2.0,0.0,7.0,6,0.006305832895428271
2.0,2.0,2.0,0.0,6.0,6,0.006305832895428271
2.0,4.0,3.0,0.0,9.0,6,0.006305832895428271
2.0,4.0,9.0,0.0,15.0,6,0.006305832895428271
0.0,0.0,0.0,16.0,16.0,5,0.005254860746190226
0.0,0.0,18.0,2.0,20.0,5,0.005254860746190226
0.0,0.0,3.0,15.0,18.0,5,0.005254860746190226
6.0,3.0,0.0,4.0,13.0,5,0.005254860746190226
0.0,3.0,20.0,0.0,23.0,5,0.005254860746190226
3.0,3.0,6.0,2.0,14.0,5,0.005254860746190226
3.0,3.0,2.0,4.0,12.0,5,0.005254860746190226
9.0,0.0,11.0,0.0,20.0,5,0.005254860746190226
9.0,0.0,6.0,2.0,17.0,5,0.005254860746190226
9.0,0.0,5.0,2.0,16.0,5,0.005254860746190226
3.0,3.0,0.0,9.0,15.0,5,0.005254860746190226
5.0,3.0,0.0,6.0,14.0,5,0.005254860746190226
1.0,0.0,11.0,0.0,12.0,5,0.005254860746190226
2.0,7.0,0.0,3.0,12.0,5,0.005254860746190226
2.0,6.0,9.0,0.0,17.0,5,0.005254860746190226
2.0,6.0,5.0,0.0,13.0,5,0.005254860746190226
2.0,5.0,6.0,0.0,13.0,5,0.005254860746190226
12.0,0.0,2.0,0.0,14.0,5,0.005254860746190226
0.0,7.0,0.0,5.0,12.0,5,0.005254860746190226
1.0,0.0,18.0,0.0,19.0,5,0.005254860746190226
0.0,0.0,4.5,4.0,8.5,5,0.005254860746190226
0.0,0.0,4.0,12.0,16.0,5,0.005254860746190226
5.0,6.0,7.0,0.0,18.0,5,0.005254860746190226
5.0,4.0,8.0,0.0,17.0,5,0.005254860746190226
0.0,4.5,20.0,0.0,24.5,5,0.005254860746190226
5.0,6.0,0.0,3.0,14.0,5,0.005254860746190226
0.0,0.0,10.5,0.0,10.5,5,0.005254860746190226
0.0,0.0,10.0,5.0,15.0,5,0.005254860746190226
4.0,4.0,15.0,0.0,23.0,5,0.005254860746190226
4.0,4.0,11.0,0.0,19.0,5,0.005254860746190226
0.0,0.0,2.0,10.0,12.0,5,0.005254860746190226
0.0,0.0,2.0,7.0,9.0,5,0.005254860746190226
0.0,6.0,9.0,3.0,18.0,5,0.005254860746190226
5.0,0.0,2.0,5.0,12.0,5,0.005254860746190226
0.0,6.0,18.5,0.0,24.5,5,0.005254860746190226
0.0,6.0,15.5,0.0,21.5,5,0.005254860746190226
3.0,0.0,0.0,1.0,4.0,5,0.005254860746190226
3.0,2.0,0.0,2.0,7.0,5,0.005254860746190226
3.0,1.0,14.0,0.0,18.0,5,0.005254860746190226
3.0,0.0,19.5,0.0,22.5,5,0.005254860746190226
3.0,0.0,18.5,0.0,21.5,5,0.005254860746190226
3.0,7.0,8.0,0.0,18.0,5,0.005254860746190226
1.0,0.0,9.0,0.0,10.0,5,0.005254860746190226
0.0,0.0,3.0,12.0,15.0,5,0.005254860746190226
0.0,0.0,3.0,11.0,14.0,5,0.005254860746190226
6.0,2.0,8.0,0.0,16.0,5,0.005254860746190226
0.0,0.0,15.0,8.0,23.0,5,0.005254860746190226
0.0,8.0,0.0,4.0,12.0,5,0.005254860746190226
4.0,3.0,3.0,2.0,12.0,5,0.005254860746190226
6.0,2.0,4.0,0.0,12.0,5,0.005254860746190226
2.0,0.0,13.0,3.0,18.0,5,0.005254860746190226
0.0,0.0,8.0,9.0,17.0,5,0.005254860746190226
6.0,6.0,6.0,0.0,18.0,5,0.005254860746190226
6.0,0.0,2.0,6.0,14.0,5,0.005254860746190226
8.0,0.0,16.0,0.0,24.0,5,0.005254860746190226
5.0,2.0,9.0,0.0,16.0,5,0.005254860746190226
0.0,3.0,9.0,6.0,18.0,5,0.005254860746190226
7.0,0.0,4.0,0.0,11.0,5,0.005254860746190226
0.0,9.0,4.0,0.0,13.0,5,0.005254860746190226
4.0,2.0,2.0,0.0,8.0,5,0.005254860746190226
0.0,2.0,19.5,0.0,21.5,5,0.005254860746190226
7.0,3.0,2.0,0.0,12.0,5,0.005254860746190226
0.0,3.0,3.0,8.0,14.0,5,0.005254860746190226
0.0,3.0,2.0,3.0,8.0,5,0.005254860746190226
7.0,2.0,0.0,3.0,12.0,5,0.005254860746190226
2.0,0.0,11.0,3.0,16.0,5,0.005254860746190226
2.0,0.0,0.0,6.0,8.0,5,0.005254860746190226
0.0,0.0,16.0,5.0,21.0,5,0.005254860746190226
9.0,6.0,0.0,0.0,15.0,5,0.005254860746190226
4.0,0.0,2.0,2.0,8.0,5,0.005254860746190226
0.0,0.0,9.5,0.0,9.5,5,0.005254860746190226
6.0,2.0,3.0,3.0,14.0,5,0.005254860746190226
6.0,0.0,8.0,3.0,17.0,5,0.005254860746190226
2.0,0.0,12.0,3.0,17.0,5,0.005254860746190226
4.0,3.0,0.0,6.0,13.0,5,0.005254860746190226
4.0,2.0,10.0,0.0,16.0,5,0.005254860746190226
4.0,0.0,0.0,5.0,9.0,5,0.005254860746190226
0.0,2.0,7.0,4.0,13.0,5,0.005254860746190226
8.0,0.0,6.0,2.0,16.0,5,0.005254860746190226
0.0,13.0,4.0,0.0,17.0,5,0.005254860746190226
4.0,0.0,5.0,5.0,14.0,5,0.005254860746190226
5.0,2.0,0.0,0.0,7.0,5,0.005254860746190226
0.0,3.0,7.0,3.0,13.0,5,0.005254860746190226
0.0,3.0,6.0,6.0,15.0,5,0.005254860746190226
0.0,0.0,11.0,7.0,18.0,5,0.005254860746190226
0.0,2.0,10.0,3.0,15.0,5,0.005254860746190226
0.0,2.0,9.0,2.0,13.0,5,0.005254860746190226
7.0,0.0,5.0,3.0,15.0,5,0.005254860746190226
2.0,0.0,2.0,2.0,6.0,5,0.005254860746190226
2.0,0.0,7.0,5.0,14.0,5,0.005254860746190226
0.0,0.0,36.0,2.0,38.0,5,0.005254860746190226
10.5,0.0,14.0,0.0,24.5,5,0.005254860746190226
10.0,3.0,0.0,0.0,13.0,5,0.005254860746190226
10.0,0.0,13.5,0.0,23.5,5,0.005254860746190226
0.0,2.0,12.0,3.0,17.0,5,0.005254860746190226
5.0,0.0,7.0,2.0,14.0,5,0.005254860746190226
5.0,0.0,5.0,6.0,16.0,5,0.005254860746190226
5.0,0.0,5.0,4.0,14.0,5,0.005254860746190226
3.0,0.0,9.0,5.0,17.0,5,0.005254860746190226
2.0,0.0,5.0,7.0,14.0,5,0.005254860746190226
2.0,0.0,5.0,2.0,9.0,5,0.005254860746190226
4.0,0.0,9.0,3.0,16.0,5,0.005254860746190226
4.0,0.0,9.0,2.0,15.0,5,0.005254860746190226
0.0,2.0,11.0,2.0,15.0,5,0.005254860746190226
4.0,0.0,15.5,0.0,19.5,5,0.005254860746190226
6.0,6.0,3.0,0.0,15.0,5,0.005254860746190226
8.0,0.0,4.0,2.0,14.0,5,0.005254860746190226
3.0,0.0,5.0,7.0,15.0,5,0.005254860746190226
2.0,0.0,7.0,6.0,15.0,5,0.005254860746190226
4.0,0.0,10.0,3.0,17.0,5,0.005254860746190226
0.0,6.0,0.0,7.0,13.0,5,0.005254860746190226
0.0,5.0,19.5,0.0,24.5,5,0.005254860746190226
10.0,0.0,3.0,2.0,15.0,5,0.005254860746190226
0.0,0.0,14.0,9.0,23.0,5,0.005254860746190226
2.0,2.0,4.0,0.0,8.0,5,0.005254860746190226
2.0,1.0,14.0,0.0,17.0,5,0.005254860746190226
2.0,2.0,0.0,2.0,6.0,5,0.005254860746190226
12.0,0.0,8.0,0.0,20.0,5,0.005254860746190226
0.0,0.0,0.0,11.0,11.0,5,0.005254860746190226
2.0,3.0,6.0,3.0,14.0,5,0.005254860746190226
0.0,3.0,0.0,10.0,13.0,5,0.005254860746190226
0.0,3.0,0.0,4.0,7.0,5,0.005254860746190226
7.0,4.0,7.0,0.0,18.0,5,0.005254860746190226
0.0,0.0,17.0,8.0,25.0,5,0.005254860746190226
11.0,0.0,14.0,0.0,25.0,5,0.005254860746190226
6.0,3.0,3.0,2.0,14.0,4,0.004203888596952181
27.0,0.0,0.0,0.0,27.0,4,0.004203888596952181
0.0,0.0,17.0,5.0,22.0,4,0.004203888596952181
7.0,4.0,4.0,0.0,15.0,4,0.004203888596952181
2.0,3.0,3.0,0.0,8.0,4,0.004203888596952181
2.0,3.0,3.0,5.0,13.0,4,0.004203888596952181
2.0,3.0,4.0,3.0,12.0,4,0.004203888596952181
4.0,6.0,0.0,3.0,13.0,4,0.004203888596952181
4.5,0.0,11.0,0.0,15.5,4,0.004203888596952181
4.5,0.0,12.0,0.0,16.5,4,0.004203888596952181
3.0,3.0,8.0,2.0,16.0,4,0.004203888596952181
3.0,3.0,13.0,0.0,19.0,4,0.004203888596952181
3.0,4.0,0.0,5.0,12.0,4,0.004203888596952181
0.0,0.0,18.0,1.0,19.0,4,0.004203888596952181
12.0,0.0,9.0,0.0,21.0,4,0.004203888596952181
12.0,0.0,11.0,0.0,23.0,4,0.004203888596952181
2.0,3.0,9.0,3.0,17.0,4,0.004203888596952181
2.0,4.0,11.0,0.0,17.0,4,0.004203888596952181
11.0,0.0,12.0,0.0,23.0,4,0.004203888596952181
12.0,0.0,7.0,0.0,19.0,4,0.004203888596952181
0.0,3.0,20.5,0.0,23.5,4,0.004203888596952181
0.0,0.0,14.0,11.0,25.0,4,0.004203888596952181
6.0,0.0,6.0,6.0,18.0,4,0.004203888596952181
6.0,0.0,8.0,2.0,16.0,4,0.004203888596952181
0.0,1.0,10.0,0.0,11.0,4,0.004203888596952181
10.0,0.0,10.0,0.0,20.0,4,0.004203888596952181
4.0,0.0,9.0,4.0,17.0,4,0.004203888596952181
4.0,0.0,10.0,2.0,16.0,4,0.004203888596952181
5.0,0.0,7.0,3.0,15.0,4,0.004203888596952181
0.0,6.0,5.0,2.0,13.0,4,0.004203888596952181
0.0,6.0,5.0,3.0,14.0,4,0.004203888596952181
4.0,0.0,11.0,4.0,19.0,4,0.004203888596952181
4.0,0.0,18.5,0.0,22.5,4,0.004203888596952181
0.0,0.0,5.0,1.0,6.0,4,0.004203888596952181
0.0,0.0,5.0,10.0,15.0,4,0.004203888596952181
0.0,0.0,5.0,11.0,16.0,4,0.004203888596952181
8.0,0.0,3.0,4.0,15.0,4,0.004203888596952181
0.0,6.0,13.0,0.0,19.0,4,0.004203888596952181
0.0,6.0,6.0,3.0,15.0,4,0.004203888596952181
0.0,0.0,12.0,7.0,19.0,4,0.004203888596952181
6.0,4.0,7.0,0.0,17.0,4,0.004203888596952181
6.0,4.0,8.0,0.0,18.0,4,0.004203888596952181
0.0,0.0,14.0,7.0,21.0,4,0.004203888596952181
0.0,0.0,14.0,8.0,22.0,4,0.004203888596952181
4.0,0.0,15.0,4.0,23.0,4,0.004203888596952181
4.0,0.0,16.5,0.0,20.5,4,0.004203888596952181
0.0,2.0,11.0,3.0,16.0,4,0.004203888596952181
0.0,13.0,5.0,0.0,18.0,4,0.004203888596952181
0.0,11.0,4.0,0.0,15.0,4,0.004203888596952181
2.0,0.0,4.0,2.0,8.0,4,0.004203888596952181
2.0,0.0,4.0,7.0,13.0,4,0.004203888596952181
2.0,0.0,5.0,8.0,15.0,4,0.004203888596952181
3.0,0.0,9.0,6.0,18.0,4,0.004203888596952181
5.0,0.0,5.0,5.0,15.0,4,0.004203888596952181
5.0,0.0,6.0,5.0,16.0,4,0.004203888596952181
2.0,0.0,9.0,4.0,15.0,4,0.004203888596952181
10.0,0.0,14.0,0.0,24.0,4,0.004203888596952181
10.0,2.0,3.0,0.0,15.0,4,0.004203888596952181
10.5,0.0,9.0,0.0,19.5,4,0.004203888596952181
2.0,0.0,6.0,7.0,15.0,4,0.004203888596952181
2.0,0.0,2.0,3.0,7.0,4,0.004203888596952181
2.0,0.0,3.0,4.0,9.0,4,0.004203888596952181
0.0,3.0,10.0,2.0,15.0,4,0.004203888596952181
0.0,3.0,11.0,2.0,16.0,4,0.004203888596952181
5.0,0.0,9.0,2.0,16.0,4,0.004203888596952181
5.0,0.0,12.0,6.0,23.0,4,0.004203888596952181
0.0,5.0,15.5,0.0,20.5,4,0.004203888596952181
7.0,0.0,6.0,2.0,15.0,4,0.004203888596952181
6.0,0.0,5.0,4.0,15.0,4,0.004203888596952181
6.0,0.0,6.0,4.0,16.0,4,0.004203888596952181
6.0,0.0,6.0,5.0,17.0,4,0.004203888596952181
2.0,0.0,3.0,8.0,13.0,4,0.004203888596952181
0.0,0.0,11.5,0.0,11.5,4,0.004203888596952181
0.0,0.0,12.0,4.5,16.5,4,0.004203888596952181
0.0,3.0,7.0,2.0,12.0,4,0.004203888596952181
0.0,5.0,5.0,2.0,12.0,4,0.004203888596952181
5.0,2.0,6.0,0.0,13.0,4,0.004203888596952181
8.0,0.0,6.0,3.0,17.0,4,0.004203888596952181
8.0,3.0,2.0,0.0,13.0,4,0.004203888596952181
0.0,8.0,14.0,0.0,22.0,4,0.004203888596952181
8.0,0.0,0.0,2.0,10.0,4,0.004203888596952181
7.0,2.0,0.0,0.0,9.0,4,0.004203888596952181
2.0,0.0,12.0,2.0,16.0,4,0.004203888596952181
0.0,4.0,7.0,2.0,13.0,4,0.004203888596952181
6.0,0.0,16.5,0.0,22.5,4,0.004203888596952181
0.0,0.0,9.0,8.0,17.0,4,0.004203888596952181
2.0,0.0,8.0,5.0,15.0,4,0.004203888596952181
2.0,0.0,8.0,7.0,17.0,4,0.004203888596952181
5.0,0.0,3.0,6.0,14.0,4,0.004203888596952181
4.0,0.0,3.0,2.0,9.0,4,0.004203888596952181
0.0,17.0,0.0,0.0,17.0,4,0.004203888596952181
4.0,0.0,3.0,8.0,15.0,4,0.004203888596952181
0.0,3.0,5.0,5.0,13.0,4,0.004203888596952181
2.0,0.0,1.0,0.0,3.0,4,0.004203888596952181
9.0,3.0,3.0,3.0,18.0,4,0.004203888596952181
9.0,3.0,5.0,0.0,17.0,4,0.004203888596952181
10.0,0.0,0.0,4.0,14.0,4,0.004203888596952181
10.0,0.0,0.0,5.0,15.0,4,0.004203888596952181
2.0,0.0,0.0,1.0,3.0,4,0.004203888596952181
0.0,2.0,2.0,2.0,6.0,4,0.004203888596952181
0.0,2.0,3.0,2.0,7.0,4,0.004203888596952181
0.0,0.0,20.0,5.0,25.0,4,0.004203888596952181
0.0,0.0,22.5,2.0,24.5,4,0.004203888596952181
3.0,0.0,4.0,8.0,15.0,4,0.004203888596952181
7.0,2.0,0.0,4.0,13.0,4,0.004203888596952181
7.0,2.0,3.0,0.0,12.0,4,0.004203888596952181
0.0,3.0,2.0,2.0,7.0,4,0.004203888596952181
0.0,2.0,20.5,0.0,22.5,4,0.004203888596952181
8.0,0.0,0.0,8.0,16.0,4,0.004203888596952181
7.0,0.0,4.0,2.0,13.0,4,0.004203888596952181
7.0,0.0,5.0,2.0,14.0,4,0.004203888596952181
5.0,2.0,10.0,0.0,17.0,4,0.004203888596952181
5.0,2.0,11.0,0.0,18.0,4,0.004203888596952181
8.0,2.0,3.0,0.0,13.0,4,0.004203888596952181
9.0,2.0,6.0,0.0,17.0,4,0.004203888596952181
0.0,1.0,19.0,0.0,20.0,4,0.004203888596952181
0.0,2.0,0.0,6.0,8.0,4,0.004203888596952181
3.0,6.0,4.0,0.0,13.0,4,0.004203888596952181
3.0,0.0,3.0,7.0,13.0,4,0.004203888596952181
11.0,0.0,9.0,0.0,20.0,4,0.004203888596952181
4.0,3.0,2.0,0.0,9.0,4,0.004203888596952181
4.0,3.0,3.0,3.0,13.0,4,0.004203888596952181
4.0,4.0,6.0,0.0,14.0,4,0.004203888596952181
0.0,0.0,15.0,7.0,22.0,4,0.004203888596952181
6.0,2.0,6.0,0.0,14.0,4,0.004203888596952181
0.0,0.0,3.0,10.0,13.0,4,0.004203888596952181
3.0,6.0,6.0,3.0,18.0,4,0.004203888596952181
3.0,7.0,2.0,0.0,12.0,4,0.004203888596952181
3.0,7.0,6.0,0.0,16.0,4,0.004203888596952181
3.0,10.0,0.0,0.0,13.0,4,0.004203888596952181
1.0,0.0,0.0,2.0,3.0,4,0.004203888596952181
0.0,0.0,9.0,1.0,10.0,4,0.004203888596952181
3.0,0.0,14.0,1.0,18.0,4,0.004203888596952181
3.0,0.0,14.0,2.0,19.0,4,0.004203888596952181
3.0,2.0,1.0,0.0,6.0,4,0.004203888596952181
3.0,2.0,3.0,6.0,14.0,4,0.004203888596952181
5.0,0.0,0.0,4.0,9.0,4,0.004203888596952181
5.0,0.0,2.0,7.0,14.0,4,0.004203888596952181
0.0,0.0,10.0,1.0,11.0,4,0.004203888596952181
0.0,0.0,10.0,7.0,17.0,4,0.004203888596952181
2.0,0.0,13.0,2.0,17.0,4,0.004203888596952181
5.0,3.0,8.0,0.0,16.0,4,0.004203888596952181
5.0,4.0,0.0,0.0,9.0,4,0.004203888596952181
8.0,4.0,3.0,0.0,15.0,4,0.004203888596952181
8.0,5.0,0.0,0.0,13.0,4,0.004203888596952181
5.0,6.0,5.0,0.0,16.0,4,0.004203888596952181
0.0,0.0,4.0,9.0,13.0,4,0.004203888596952181
3.0,2.0,5.0,3.0,13.0,4,0.004203888596952181
1.0,1.0,12.0,0.0,14.0,4,0.004203888596952181
1.0,1.0,14.0,0.0,16.0,4,0.004203888596952181
4.5,0.0,12.0,2.0,18.5,4,0.004203888596952181
4.5,0.0,15.0,0.0,19.5,4,0.004203888596952181
4.5,0.0,16.0,0.0,20.5,4,0.004203888596952181
7.0,3.0,5.0,0.0,15.0,4,0.004203888596952181
7.0,3.0,6.0,0.0,16.0,4,0.004203888596952181
12.0,0.0,0.0,4.0,16.0,4,0.004203888596952181
2.0,4.0,15.0,0.0,21.0,4,0.004203888596952181
2.0,5.0,9.0,0.0,16.0,4,0.004203888596952181
2.0,5.0,10.0,0.0,17.0,4,0.004203888596952181
2.0,5.0,11.0,0.0,18.0,4,0.004203888596952181
3.0,5.0,5.0,0.0,13.0,4,0.004203888596952181
5.0,3.0,0.0,5.0,13.0,4,0.004203888596952181
5.0,3.0,2.0,2.0,12.0,4,0.004203888596952181
3.0,3.0,0.0,3.0,9.0,4,0.004203888596952181
3.0,3.0,0.0,8.0,14.0,4,0.004203888596952181
9.0,0.0,14.0,0.0,23.0,4,0.004203888596952181
0.0,2.0,0.0,10.0,12.0,4,0.004203888596952181
1.0,2.0,13.0,0.0,16.0,4,0.004203888596952181
13.0,0.0,0.0,2.0,15.0,4,0.004203888596952181
13.0,0.0,8.0,0.0,21.0,4,0.004203888596952181
14.0,0.0,2.0,0.0,16.0,4,0.004203888596952181
13.0,0.0,6.0,0.0,19.0,3,0.0031529164477141357
13.0,0.0,4.0,0.0,17.0,3,0.0031529164477141357
0.0,0.0,1.0,3.0,4.0,3,0.0031529164477141357
2.0,2.0,5.0,3.0,12.0,3,0.0031529164477141357
2.0,2.0,3.0,5.0,12.0,3,0.0031529164477141357
2.0,2.0,0.0,8.0,12.0,3,0.0031529164477141357
12.0,0.0,3.0,3.0,18.0,3,0.0031529164477141357
2.0,1.0,15.0,0.0,18.0,3,0.0031529164477141357
2.0,1.0,13.0,0.0,16.0,3,0.0031529164477141357
2.0,0.0,21.5,0.0,23.5,3,0.0031529164477141357
2.0,4.0,6.0,0.0,12.0,3,0.0031529164477141357
0.0,0.0,20.0,2.0,22.0,3,0.0031529164477141357
0.0,0.0,20.0,1.0,21.0,3,0.0031529164477141357
0.0,0.0,19.0,5.0,24.0,3,0.0031529164477141357
0.0,0.0,19.0,4.0,23.0,3,0.0031529164477141357
0.0,0.0,0.0,10.0,10.0,3,0.0031529164477141357
1.0,0.0,14.0,3.0,18.0,3,0.0031529164477141357
3.0,4.0,2.0,0.0,9.0,3,0.0031529164477141357
3.0,3.0,9.0,2.0,17.0,3,0.0031529164477141357
3.0,3.0,8.0,3.0,17.0,3,0.0031529164477141357
3.0,3.0,7.0,3.0,16.0,3,0.0031529164477141357
1.0,2.0,14.0,0.0,17.0,3,0.0031529164477141357
1.0,2.0,4.0,0.0,7.0,3,0.0031529164477141357
3.0,3.0,5.0,2.0,13.0,3,0.0031529164477141357
3.0,3.0,3.0,5.0,14.0,3,0.0031529164477141357
0.0,2.0,1.0,0.0,3.0,3,0.0031529164477141357
0.0,2.0,0.0,11.0,13.0,3,0.0031529164477141357
9.0,0.0,12.0,0.0,21.0,3,0.0031529164477141357
9.0,0.0,6.0,3.0,18.0,3,0.0031529164477141357
9.0,0.0,5.0,3.0,17.0,3,0.0031529164477141357
0.0,2.0,5.0,2.0,9.0,3,0.0031529164477141357
1.0,3.0,12.0,0.0,16.0,3,0.0031529164477141357
1.0,3.0,0.0,0.0,4.0,3,0.0031529164477141357
3.0,2.0,16.0,0.0,21.0,3,0.0031529164477141357
5.0,2.0,12.0,0.0,19.0,3,0.0031529164477141357
3.0,4.0,5.0,3.0,15.0,3,0.0031529164477141357
0.0,0.0,7.0,9.0,16.0,3,0.0031529164477141357
0.0,0.0,7.0,8.0,15.0,3,0.0031529164477141357
0.0,0.0,7.0,7.0,14.0,3,0.0031529164477141357
0.0,0.0,7.0,4.0,11.0,3,0.0031529164477141357
1.0,0.0,20.0,0.0,21.0,3,0.0031529164477141357
1.0,0.0,15.0,2.0,18.0,3,0.0031529164477141357
3.0,2.0,15.0,0.0,20.0,3,0.0031529164477141357
3.0,2.0,9.0,2.0,16.0,3,0.0031529164477141357
3.0,2.0,7.0,2.0,14.0,3,0.0031529164477141357
3.0,2.0,6.0,3.0,14.0,3,0.0031529164477141357
0.0,0.0,4.0,10.0,14.0,3,0.0031529164477141357
0.0,4.5,19.5,0.0,24.0,3,0.0031529164477141357
0.0,4.5,19.0,0.0,23.5,3,0.0031529164477141357
0.0,4.5,18.0,0.0,22.5,3,0.0031529164477141357
0.0,4.5,16.0,0.0,20.5,3,0.0031529164477141357
5.0,6.0,13.0,0.0,24.0,3,0.0031529164477141357
9.0,0.0,0.0,2.0,11.0,3,0.0031529164477141357
8.5,0.0,0.0,0.0,8.5,3,0.0031529164477141357
8.0,4.0,9.0,0.0,21.0,3,0.0031529164477141357
8.0,4.0,7.0,0.0,19.0,3,0.0031529164477141357
8.0,4.0,5.0,0.0,17.0,3,0.0031529164477141357
5.0,3.0,4.0,0.0,12.0,3,0.0031529164477141357
5.0,3.0,3.0,2.0,13.0,3,0.0031529164477141357
0.0,5.0,1.0,0.0,6.0,3,0.0031529164477141357
0.0,5.0,0.0,3.0,8.0,3,0.0031529164477141357
5.0,3.0,2.0,3.0,13.0,3,0.0031529164477141357
5.0,6.0,3.0,0.0,14.0,3,0.0031529164477141357
3.0,2.0,5.0,2.0,12.0,3,0.0031529164477141357
3.0,2.0,2.0,5.0,12.0,3,0.0031529164477141357
3.0,2.0,0.0,9.0,14.0,3,0.0031529164477141357
3.0,1.0,3.0,0.0,7.0,3,0.0031529164477141357
3.0,0.0,16.5,0.0,19.5,3,0.0031529164477141357
7.0,0.0,2.0,5.0,14.0,3,0.0031529164477141357
3.0,9.0,6.0,0.0,18.0,3,0.0031529164477141357
3.0,8.0,5.0,0.0,16.0,3,0.0031529164477141357
3.0,8.0,3.0,0.0,14.0,3,0.0031529164477141357
3.0,7.0,5.0,0.0,15.0,3,0.0031529164477141357
1.0,0.0,10.0,0.0,11.0,3,0.0031529164477141357
3.0,5.0,8.0,0.0,16.0,3,0.0031529164477141357
9.0,0.0,4.0,2.0,15.0,3,0.0031529164477141357
0.0,2.0,0.0,5.0,7.0,3,0.0031529164477141357
0.0,1.0,14.0,2.0,17.0,3,0.0031529164477141357
9.0,2.0,2.0,0.0,13.0,3,0.0031529164477141357
7.0,0.0,0.0,7.0,14.0,3,0.0031529164477141357
6.0,8.0,0.0,0.0,14.0,3,0.0031529164477141357
0.0,0.0,14.5,0.0,14.5,3,0.0031529164477141357
6.0,0.0,1.0,0.0,7.0,3,0.0031529164477141357
0.0,4.0,20.5,0.0,24.5,3,0.0031529164477141357
0.0,4.0,15.0,2.0,21.0,3,0.0031529164477141357
9.0,2.0,0.0,3.0,14.0,3,0.0031529164477141357
8.0,2.0,2.0,2.0,14.0,3,0.0031529164477141357
8.0,2.0,2.0,0.0,12.0,3,0.0031529164477141357
8.0,0.0,17.0,0.0,25.0,3,0.0031529164477141357
8.0,0.0,16.5,0.0,24.5,3,0.0031529164477141357
8.0,0.0,14.0,0.0,22.0,3,0.0031529164477141357
0.0,3.0,8.0,4.0,15.0,3,0.0031529164477141357
0.0,3.0,8.0,2.0,13.0,3,0.0031529164477141357
0.0,0.0,8.0,2.0,10.0,3,0.0031529164477141357
3.0,0.0,11.0,4.0,18.0,3,0.0031529164477141357
0.0,0.0,16.5,8.0,24.5,3,0.0031529164477141357
0.0,0.0,16.0,6.0,22.0,3,0.0031529164477141357
3.0,0.0,10.0,4.0,17.0,3,0.0031529164477141357
7.0,0.0,15.0,0.0,22.0,3,0.0031529164477141357
7.0,0.0,14.0,0.0,21.0,3,0.0031529164477141357
3.0,12.0,0.0,0.0,15.0,3,0.0031529164477141357
3.0,11.0,0.0,0.0,14.0,3,0.0031529164477141357
0.0,2.0,7.0,3.0,12.0,3,0.0031529164477141357
8.0,3.0,0.0,3.0,14.0,3,0.0031529164477141357
8.0,3.0,0.0,2.0,13.0,3,0.0031529164477141357
8.0,2.0,6.0,0.0,16.0,3,0.0031529164477141357
0.0,13.0,2.0,0.0,15.0,3,0.0031529164477141357
4.0,0.0,7.0,0.0,11.0,3,0.0031529164477141357
0.0,14.0,4.0,0.0,18.0,3,0.0031529164477141357
4.0,0.0,5.0,6.0,15.0,3,0.0031529164477141357
5.0,2.0,7.0,0.0,14.0,3,0.0031529164477141357
5.0,2.0,5.0,0.0,12.0,3,0.0031529164477141357
0.0,0.0,12.0,1.0,13.0,3,0.0031529164477141357
2.0,0.0,0.0,13.0,15.0,3,0.0031529164477141357
2.0,0.0,3.0,9.0,14.0,3,0.0031529164477141357
6.0,3.0,4.0,0.0,13.0,3,0.0031529164477141357
0.0,4.0,9.0,2.0,15.0,3,0.0031529164477141357
6.0,0.0,4.0,4.0,14.0,3,0.0031529164477141357
6.0,0.0,3.0,9.0,18.0,3,0.0031529164477141357
0.0,0.0,14.0,5.0,19.0,3,0.0031529164477141357
0.0,3.0,11.0,4.0,18.0,3,0.0031529164477141357
0.0,2.0,10.0,2.0,14.0,3,0.0031529164477141357
8.0,0.0,11.5,0.0,19.5,3,0.0031529164477141357
8.0,0.0,10.5,0.0,18.5,3,0.0031529164477141357
8.0,0.0,8.0,4.0,20.0,3,0.0031529164477141357
5.0,0.0,13.5,0.0,18.5,3,0.0031529164477141357
5.0,0.0,12.0,1.0,18.0,3,0.0031529164477141357
5.0,0.0,10.0,3.0,18.0,3,0.0031529164477141357
5.0,0.0,10.0,2.0,17.0,3,0.0031529164477141357
5.0,0.0,9.0,3.0,17.0,3,0.0031529164477141357
2.0,0.0,2.0,10.0,14.0,3,0.0031529164477141357
2.0,0.0,2.0,8.0,12.0,3,0.0031529164477141357
2.0,0.0,2.0,4.0,8.0,3,0.0031529164477141357
2.0,0.0,4.0,3.0,9.0,3,0.0031529164477141357
4.0,0.0,8.0,6.0,18.0,3,0.0031529164477141357
0.0,0.0,6.0,11.0,17.0,3,0.0031529164477141357
0.0,0.0,6.0,10.0,16.0,3,0.0031529164477141357
0.0,0.0,6.0,5.0,11.0,3,0.0031529164477141357
0.0,0.0,6.0,4.0,10.0,3,0.0031529164477141357
4.0,0.0,7.0,7.0,18.0,3,0.0031529164477141357
4.0,0.0,7.0,5.0,16.0,3,0.0031529164477141357
0.0,12.0,2.0,0.0,14.0,3,0.0031529164477141357
0.0,11.0,14.0,0.0,25.0,3,0.0031529164477141357
0.0,11.0,10.0,0.0,21.0,3,0.0031529164477141357
4.0,0.0,17.5,0.0,21.5,3,0.0031529164477141357
0.0,6.0,0.0,8.0,14.0,3,0.0031529164477141357
0.0,6.0,4.0,3.0,13.0,3,0.0031529164477141357
0.0,6.0,4.0,0.0,10.0,3,0.0031529164477141357
10.0,0.0,11.0,0.0,21.0,3,0.0031529164477141357
10.0,0.0,9.0,0.0,19.0,3,0.0031529164477141357
6.0,5.0,7.0,0.0,18.0,3,0.0031529164477141357
6.0,4.0,3.0,0.0,13.0,3,0.0031529164477141357
8.0,0.0,4.0,3.0,15.0,3,0.0031529164477141357
8.0,0.0,2.0,5.0,15.0,3,0.0031529164477141357
0.0,0.0,5.0,12.0,17.0,3,0.0031529164477141357
0.0,10.0,10.0,0.0,20.0,3,0.0031529164477141357
0.0,10.0,6.0,0.0,16.0,3,0.0031529164477141357
0.0,10.0,5.0,0.0,15.0,3,0.0031529164477141357
0.0,10.0,4.0,0.0,14.0,3,0.0031529164477141357
3.0,0.0,5.0,9.0,17.0,3,0.0031529164477141357
2.0,0.0,7.0,4.0,13.0,3,0.0031529164477141357
10.5,0.0,13.5,0.0,24.0,3,0.0031529164477141357
10.0,0.0,12.0,0.0,22.0,3,0.0031529164477141357
0.0,2.0,15.0,2.0,19.0,3,0.0031529164477141357
0.0,2.0,14.0,1.0,17.0,3,0.0031529164477141357
0.0,2.0,12.0,4.0,18.0,3,0.0031529164477141357
8.0,0.0,5.0,2.0,15.0,3,0.0031529164477141357
8.0,0.0,4.0,4.0,16.0,3,0.0031529164477141357
5.0,0.0,4.0,6.0,15.0,3,0.0031529164477141357
5.0,0.0,3.0,7.0,15.0,3,0.0031529164477141357
0.0,0.0,12.0,8.5,20.5,3,0.0031529164477141357
0.0,0.0,12.0,8.0,20.0,3,0.0031529164477141357
0.0,0.0,9.0,7.0,16.0,3,0.0031529164477141357
0.0,4.0,7.0,4.0,15.0,3,0.0031529164477141357
0.0,4.0,6.0,5.0,15.0,3,0.0031529164477141357
0.0,4.0,5.0,4.0,13.0,3,0.0031529164477141357
6.0,0.0,11.5,0.0,17.5,3,0.0031529164477141357
6.0,0.0,10.0,2.0,18.0,3,0.0031529164477141357
0.0,0.0,2.0,14.0,16.0,3,0.0031529164477141357
4.0,3.0,0.0,7.0,14.0,3,0.0031529164477141357
0.0,8.0,17.0,0.0,25.0,3,0.0031529164477141357
4.0,2.0,17.0,0.0,23.0,3,0.0031529164477141357
0.0,9.0,3.0,3.0,15.0,3,0.0031529164477141357
4.0,2.0,6.0,0.0,12.0,3,0.0031529164477141357
4.0,2.0,0.0,7.0,13.0,3,0.0031529164477141357
4.0,1.0,13.0,0.0,18.0,3,0.0031529164477141357
4.0,1.0,11.0,0.0,16.0,3,0.0031529164477141357
4.0,3.0,0.0,8.0,15.0,3,0.0031529164477141357
8.0,0.0,0.0,9.0,17.0,3,0.0031529164477141357
0.0,6.0,11.5,0.0,17.5,3,0.0031529164477141357
7.0,3.0,3.0,3.0,16.0,3,0.0031529164477141357
0.0,3.0,3.0,2.0,8.0,3,0.0031529164477141357
7.0,2.0,7.0,0.0,16.0,3,0.0031529164477141357
3.0,0.0,4.0,6.0,13.0,3,0.0031529164477141357
0.0,0.0,21.0,3.0,24.0,3,0.0031529164477141357
0.0,0.0,3.0,14.0,17.0,3,0.0031529164477141357
0.0,4.0,0.0,8.0,12.0,3,0.0031529164477141357
0.0,4.0,0.0,5.0,9.0,3,0.0031529164477141357
0.0,4.0,0.0,3.0,7.0,3,0.0031529164477141357
6.0,2.0,7.0,0.0,15.0,3,0.0031529164477141357
0.0,6.0,13.5,0.0,19.5,3,0.0031529164477141357
0.0,0.0,15.0,10.0,25.0,3,0.0031529164477141357
4.0,4.0,8.0,2.0,18.0,3,0.0031529164477141357
0.0,8.0,2.0,0.0,10.0,3,0.0031529164477141357
4.0,4.0,3.0,4.0,15.0,3,0.0031529164477141357
4.0,4.0,0.0,7.0,15.0,3,0.0031529164477141357
0.0,8.0,7.0,2.0,17.0,3,0.0031529164477141357
4.0,3.0,4.0,3.0,14.0,3,0.0031529164477141357
4.0,3.0,3.0,6.0,16.0,3,0.0031529164477141357
2.0,0.0,13.0,1.0,16.0,3,0.0031529164477141357
3.0,0.0,2.0,9.0,14.0,3,0.0031529164477141357
3.0,0.0,2.0,8.0,13.0,3,0.0031529164477141357
3.0,0.0,2.0,7.0,12.0,3,0.0031529164477141357
3.0,0.0,2.0,2.0,7.0,3,0.0031529164477141357
0.0,0.0,10.0,11.0,21.0,3,0.0031529164477141357
0.0,0.0,10.0,6.0,16.0,3,0.0031529164477141357
4.0,5.0,9.0,0.0,18.0,3,0.0031529164477141357
4.0,5.0,8.0,0.0,17.0,3,0.0031529164477141357
4.0,5.0,6.0,0.0,15.0,3,0.0031529164477141357
4.0,4.0,16.0,0.0,24.0,3,0.0031529164477141357
0.0,0.0,2.0,12.0,14.0,3,0.0031529164477141357
0.0,6.0,19.0,0.0,25.0,3,0.0031529164477141357
2.0,6.0,0.0,6.0,14.0,3,0.0031529164477141357
2.0,6.0,0.0,4.0,12.0,3,0.0031529164477141357
2.0,6.0,0.0,0.0,8.0,3,0.0031529164477141357
2.0,5.0,7.0,0.0,14.0,3,0.0031529164477141357
2.0,4.0,14.0,0.0,20.0,3,0.0031529164477141357
4.5,0.0,12.0,6.0,22.5,3,0.0031529164477141357
0.0,7.0,2.0,0.0,9.0,3,0.0031529164477141357
4.5,0.0,4.0,0.0,8.5,3,0.0031529164477141357
4.0,8.0,11.0,0.0,23.0,3,0.0031529164477141357
4.0,8.0,0.0,0.0,12.0,3,0.0031529164477141357
4.0,7.0,6.0,0.0,17.0,3,0.0031529164477141357
4.0,7.0,3.0,0.0,14.0,3,0.0031529164477141357
2.0,3.0,6.0,2.0,13.0,3,0.0031529164477141357
2.0,3.0,5.0,2.0,12.0,3,0.0031529164477141357
2.0,3.0,3.0,4.0,12.0,3,0.0031529164477141357
2.0,3.0,0.0,2.0,7.0,3,0.0031529164477141357
4.0,6.0,7.0,0.0,17.0,3,0.0031529164477141357
0.0,7.0,13.0,0.0,20.0,3,0.0031529164477141357
0.0,3.0,0.0,11.0,14.0,3,0.0031529164477141357
7.0,6.0,0.0,0.0,13.0,3,0.0031529164477141357
11.0,3.0,0.0,0.0,14.0,3,0.0031529164477141357
11.0,2.0,0.0,0.0,13.0,3,0.0031529164477141357
2.0,2.0,6.0,3.0,13.0,3,0.0031529164477141357
2.0,2.0,6.0,0.0,10.0,3,0.0031529164477141357
16.5,0.0,4.5,0.0,21.0,3,0.0031529164477141357
6.0,3.0,2.0,3.0,14.0,3,0.0031529164477141357
0.0,3.0,18.5,0.0,21.5,3,0.0031529164477141357
14.0,0.0,3.0,0.0,17.0,3,0.0031529164477141357
15.0,0.0,4.0,0.0,19.0,2,0.0021019442984760903
13.0,0.0,9.0,0.0,22.0,2,0.0021019442984760903
2.0,2.0,2.0,7.0,13.0,2,0.0021019442984760903
13.0,0.0,0.0,3.0,16.0,2,0.0021019442984760903
13.0,0.0,2.0,0.0,15.0,2,0.0021019442984760903
0.0,0.0,20.0,3.0,23.0,2,0.0021019442984760903
0.0,0.0,20.0,4.0,24.0,2,0.0021019442984760903
0.0,0.0,0.0,17.0,17.0,2,0.0021019442984760903
0.0,0.0,0.0,18.0,18.0,2,0.0021019442984760903
0.0,0.0,0.0,20.0,20.0,2,0.0021019442984760903
0.0,0.0,2.0,1.0,3.0,2,0.0021019442984760903
12.0,3.0,7.5,0.0,22.5,2,0.0021019442984760903
12.0,3.0,0.0,0.0,15.0,2,0.0021019442984760903
12.0,3.0,3.0,0.0,18.0,2,0.0021019442984760903
0.0,0.0,19.0,4.5,23.5,2,0.0021019442984760903
0.0,0.0,19.5,4.5,24.0,2,0.0021019442984760903
12.0,0.0,4.0,2.0,18.0,2,0.0021019442984760903
12.0,0.0,5.0,2.0,19.0,2,0.0021019442984760903
12.0,0.0,7.5,0.0,19.5,2,0.0021019442984760903
2.0,3.0,0.0,7.0,12.0,2,0.0021019442984760903
2.0,3.0,4.0,0.0,9.0,2,0.0021019442984760903
11.0,0.0,13.0,0.0,24.0,2,0.0021019442984760903
11.0,2.0,5.0,0.0,18.0,2,0.0021019442984760903
11.0,0.0,3.0,2.0,16.0,2,0.0021019442984760903
0.0,0.0,20.5,3.0,23.5,2,0.0021019442984760903
0.0,0.0,21.0,2.0,23.0,2,0.0021019442984760903
0.0,0.0,21.5,2.0,23.5,2,0.0021019442984760903
11.0,0.0,0.0,0.0,11.0,2,0.0021019442984760903
0.0,0.0,27.0,12.0,39.0,2,0.0021019442984760903
0.0,1.0,1.0,0.0,2.0,2,0.0021019442984760903
10.5,0.0,3.0,0.0,13.5,2,0.0021019442984760903
10.5,0.0,8.0,0.0,18.5,2,0.0021019442984760903
10.5,0.0,11.0,0.0,21.5,2,0.0021019442984760903
10.5,0.0,12.5,0.0,23.0,2,0.0021019442984760903
10.5,0.0,13.0,0.0,23.5,2,0.0021019442984760903
10.5,3.0,4.5,0.0,18.0,2,0.0021019442984760903
10.0,3.0,3.0,0.0,16.0,2,0.0021019442984760903
10.0,3.0,4.0,0.0,17.0,2,0.0021019442984760903
10.0,4.0,0.0,0.0,14.0,2,0.0021019442984760903
10.0,4.0,0.0,2.0,16.0,2,0.0021019442984760903
10.0,5.0,0.0,0.0,15.0,2,0.0021019442984760903
10.0,6.0,0.0,0.0,16.0,2,0.0021019442984760903
10.0,0.0,15.0,0.0,25.0,2,0.0021019442984760903
0.0,0.0,16.0,9.0,25.0,2,0.0021019442984760903
10.0,0.0,0.0,7.0,17.0,2,0.0021019442984760903
0.0,1.0,4.0,3.0,8.0,2,0.0021019442984760903
9.5,0.0,13.5,0.0,23.0,2,0.0021019442984760903
9.5,0.0,14.0,0.0,23.5,2,0.0021019442984760903
9.5,0.0,15.5,0.0,25.0,2,0.0021019442984760903
2.0,3.0,15.0,0.0,20.0,2,0.0021019442984760903
2.0,4.0,0.0,6.0,12.0,2,0.0021019442984760903
2.0,3.0,4.0,5.0,14.0,2,0.0021019442984760903
2.0,3.0,5.0,3.0,13.0,2,0.0021019442984760903
2.0,3.0,6.0,5.0,16.0,2,0.0021019442984760903
0.0,0.0,16.0,8.0,24.0,2,0.0021019442984760903
9.0,6.0,3.0,0.0,18.0,2,0.0021019442984760903
9.0,6.0,9.5,0.0,24.5,2,0.0021019442984760903
9.0,9.0,0.0,0.0,18.0,2,0.0021019442984760903
0.0,1.0,15.0,2.0,18.0,2,0.0021019442984760903
9.0,3.0,2.0,0.0,14.0,2,0.0021019442984760903
9.0,4.0,0.0,0.0,13.0,2,0.0021019442984760903
9.0,4.0,4.0,0.0,17.0,2,0.0021019442984760903
9.0,2.0,1.0,0.0,12.0,2,0.0021019442984760903
9.0,2.0,3.0,0.0,14.0,2,0.0021019442984760903
9.0,3.0,0.0,2.0,14.0,2,0.0021019442984760903
9.0,0.0,15.5,0.0,24.5,2,0.0021019442984760903
2.0,1.0,1.0,0.0,4.0,2,0.0021019442984760903
2.0,2.0,0.0,4.0,8.0,2,0.0021019442984760903
2.0,3.0,9.0,1.0,15.0,2,0.0021019442984760903
2.0,3.0,9.0,2.0,16.0,2,0.0021019442984760903
0.0,2.0,0.0,13.0,15.0,2,0.0021019442984760903
0.0,2.0,2.0,8.0,12.0,2,0.0021019442984760903
9.0,0.0,3.0,4.0,16.0,2,0.0021019442984760903
9.0,0.0,3.0,5.0,17.0,2,0.0021019442984760903
0.0,2.0,3.0,4.0,9.0,2,0.0021019442984760903
0.0,2.0,3.0,7.0,12.0,2,0.0021019442984760903
0.0,2.0,4.0,1.0,7.0,2,0.0021019442984760903
0.0,2.0,4.0,2.0,8.0,2,0.0021019442984760903
0.0,2.0,4.0,8.0,14.0,2,0.0021019442984760903
0.0,2.0,4.5,0.0,6.5,2,0.0021019442984760903
8.5,0.0,12.0,0.0,20.5,2,0.0021019442984760903
8.5,0.0,15.0,0.0,23.5,2,0.0021019442984760903
8.5,0.0,16.0,0.0,24.5,2,0.0021019442984760903
2.0,4.0,13.0,0.0,19.0,2,0.0021019442984760903
2.0,4.0,5.0,2.0,13.0,2,0.0021019442984760903
9.0,0.0,2.0,0.0,11.0,2,0.0021019442984760903
9.0,0.0,2.0,4.0,15.0,2,0.0021019442984760903
9.0,0.0,3.0,2.0,14.0,2,0.0021019442984760903
8.0,6.0,0.0,0.0,14.0,2,0.0021019442984760903
0.0,2.0,8.0,3.0,13.0,2,0.0021019442984760903
8.0,3.0,3.0,3.0,17.0,2,0.0021019442984760903
8.0,3.0,5.0,0.0,16.0,2,0.0021019442984760903
8.0,4.0,0.0,3.0,15.0,2,0.0021019442984760903
8.0,4.0,4.0,0.0,16.0,2,0.0021019442984760903
8.0,2.0,8.0,0.0,18.0,2,0.0021019442984760903
8.0,3.0,2.0,3.0,16.0,2,0.0021019442984760903
0.0,2.0,6.0,5.0,13.0,2,0.0021019442984760903
2.0,5.0,8.0,0.0,15.0,2,0.0021019442984760903
2.0,6.0,0.0,5.0,13.0,2,0.0021019442984760903
2.0,4.0,8.0,0.0,14.0,2,0.0021019442984760903
2.0,4.0,10.0,0.0,16.0,2,0.0021019442984760903
0.0,2.0,6.0,6.0,14.0,2,0.0021019442984760903
0.0,2.0,7.0,9.0,18.0,2,0.0021019442984760903
8.0,0.0,14.5,0.0,22.5,2,0.0021019442984760903
8.0,1.0,9.0,0.0,18.0,2,0.0021019442984760903
8.0,2.0,0.0,2.0,12.0,2,0.0021019442984760903
8.0,2.0,7.0,0.0,17.0,2,0.0021019442984760903
0.0,2.0,15.0,1.0,18.0,2,0.0021019442984760903
8.0,0.0,8.0,2.0,18.0,2,0.0021019442984760903
0.0,2.0,9.0,1.0,12.0,2,0.0021019442984760903
0.0,2.0,9.0,4.0,15.0,2,0.0021019442984760903
8.0,0.0,5.0,3.0,16.0,2,0.0021019442984760903
0.0,2.0,12.0,2.0,16.0,2,0.0021019442984760903
0.0,2.0,13.0,2.0,17.0,2,0.0021019442984760903
0.0,2.0,14.0,4.0,20.0,2,0.0021019442984760903
0.0,2.0,18.5,0.0,20.5,2,0.0021019442984760903
2.0,0.0,17.0,2.0,21.0,2,0.0021019442984760903
2.0,5.0,0.0,0.0,7.0,2,0.0021019442984760903
2.0,5.0,0.0,5.0,12.0,2,0.0021019442984760903
2.0,5.0,6.0,2.0,15.0,2,0.0021019442984760903
8.0,0.0,1.0,0.0,9.0,2,0.0021019442984760903
8.0,0.0,2.0,4.0,14.0,2,0.0021019442984760903
0.0,0.0,15.0,5.0,20.0,2,0.0021019442984760903
0.0,0.0,15.5,2.0,17.5,2,0.0021019442984760903
0.0,0.0,2.0,11.0,13.0,2,0.0021019442984760903
0.0,0.0,3.0,4.5,7.5,2,0.0021019442984760903
0.0,2.0,15.5,0.0,17.5,2,0.0021019442984760903
7.5,0.0,11.0,0.0,18.5,2,0.0021019442984760903
7.5,0.0,12.0,0.0,19.5,2,0.0021019442984760903
7.5,0.0,15.5,0.0,23.0,2,0.0021019442984760903
2.0,7.0,3.0,0.0,12.0,2,0.0021019442984760903
7.5,0.0,16.0,0.0,23.5,2,0.0021019442984760903
0.0,2.0,24.0,0.0,26.0,2,0.0021019442984760903
0.0,2.0,36.0,0.0,38.0,2,0.0021019442984760903
0.0,3.0,0.0,5.0,8.0,2,0.0021019442984760903
7.0,5.0,0.0,0.0,12.0,2,0.0021019442984760903
7.0,5.0,5.0,0.0,17.0,2,0.0021019442984760903
7.0,5.0,6.0,0.0,18.0,2,0.0021019442984760903
7.5,0.0,0.0,0.0,7.5,2,0.0021019442984760903
0.0,3.0,4.0,5.0,12.0,2,0.0021019442984760903
7.0,3.0,4.0,0.0,14.0,2,0.0021019442984760903
7.0,4.0,2.0,0.0,13.0,2,0.0021019442984760903
7.0,4.0,2.0,3.0,16.0,2,0.0021019442984760903
0.0,3.0,6.0,9.0,18.0,2,0.0021019442984760903
7.0,2.0,4.0,0.0,13.0,2,0.0021019442984760903
2.0,9.0,10.0,0.0,21.0,2,0.0021019442984760903
2.0,6.0,8.0,0.0,16.0,2,0.0021019442984760903
7.0,2.0,8.0,0.0,17.0,2,0.0021019442984760903
7.0,0.0,17.0,0.0,24.0,2,0.0021019442984760903
7.0,0.0,18.0,0.0,25.0,2,0.0021019442984760903
0.0,3.0,5.0,6.0,14.0,2,0.0021019442984760903
0.0,3.0,6.0,5.0,14.0,2,0.0021019442984760903
0.0,3.0,8.0,7.0,18.0,2,0.0021019442984760903
0.0,3.0,9.0,4.0,16.0,2,0.0021019442984760903
7.0,0.0,5.0,4.0,16.0,2,0.0021019442984760903
7.0,0.0,6.0,4.0,17.0,2,0.0021019442984760903
7.0,0.0,7.0,3.0,17.0,2,0.0021019442984760903
7.0,0.0,8.0,3.0,18.0,2,0.0021019442984760903
7.0,0.0,2.0,6.0,15.0,2,0.0021019442984760903
7.0,0.0,4.0,4.0,15.0,2,0.0021019442984760903
7.0,0.0,4.0,5.0,16.0,2,0.0021019442984760903
0.0,3.0,7.0,4.0,14.0,2,0.0021019442984760903
6.5,0.0,17.0,0.0,23.5,2,0.0021019442984760903
6.5,0.0,18.0,0.0,24.5,2,0.0021019442984760903
7.0,0.0,0.0,9.0,16.0,2,0.0021019442984760903
7.0,0.0,0.0,10.0,17.0,2,0.0021019442984760903
3.0,0.0,0.0,8.0,11.0,2,0.0021019442984760903
2.0,0.0,15.0,2.0,19.0,2,0.0021019442984760903
0.0,0.0,10.0,9.0,19.0,2,0.0021019442984760903
2.0,7.0,8.0,0.0,17.0,2,0.0021019442984760903
2.0,7.0,9.0,0.0,18.0,2,0.0021019442984760903
2.0,8.0,4.0,0.0,14.0,2,0.0021019442984760903
2.0,8.0,6.0,0.0,16.0,2,0.0021019442984760903
6.0,9.0,3.0,0.0,18.0,2,0.0021019442984760903
6.0,10.0,0.0,0.0,16.0,2,0.0021019442984760903
6.5,0.0,11.0,0.0,17.5,2,0.0021019442984760903
0.0,3.0,14.0,1.0,18.0,2,0.0021019442984760903
2.0,11.0,0.0,0.0,13.0,2,0.0021019442984760903
6.0,7.0,2.0,0.0,15.0,2,0.0021019442984760903
6.0,5.0,14.0,0.0,25.0,2,0.0021019442984760903
0.0,0.0,14.0,9.5,23.5,2,0.0021019442984760903
6.0,4.0,13.0,0.0,23.0,2,0.0021019442984760903
6.0,4.0,14.0,0.0,24.0,2,0.0021019442984760903
6.0,4.5,14.5,0.0,25.0,2,0.0021019442984760903
6.0,5.0,0.0,0.0,11.0,2,0.0021019442984760903
6.0,5.0,0.0,2.0,13.0,2,0.0021019442984760903
6.0,5.0,2.0,0.0,13.0,2,0.0021019442984760903
6.0,5.0,4.0,0.0,15.0,2,0.0021019442984760903
6.0,3.0,15.0,0.0,24.0,2,0.0021019442984760903
6.0,4.0,0.0,3.0,13.0,2,0.0021019442984760903
6.0,4.0,11.0,0.0,21.0,2,0.0021019442984760903
0.0,3.0,17.5,0.0,20.5,2,0.0021019442984760903
0.0,3.0,19.5,0.0,22.5,2,0.0021019442984760903
6.0,3.0,0.0,6.0,15.0,2,0.0021019442984760903
3.0,0.0,4.0,7.0,14.0,2,0.0021019442984760903
3.0,0.0,2.0,10.0,15.0,2,0.0021019442984760903
6.0,3.0,3.0,6.0,18.0,2,0.0021019442984760903
6.0,3.0,4.0,2.0,15.0,2,0.0021019442984760903
6.0,3.0,6.0,3.0,18.0,2,0.0021019442984760903
0.0,4.0,0.0,11.0,15.0,2,0.0021019442984760903
0.0,4.0,4.0,5.0,13.0,2,0.0021019442984760903
6.0,2.0,3.0,4.0,15.0,2,0.0021019442984760903
0.0,4.0,0.0,4.0,8.0,2,0.0021019442984760903
6.0,2.0,0.0,5.0,13.0,2,0.0021019442984760903
6.0,2.0,2.0,5.0,15.0,2,0.0021019442984760903
6.0,2.0,3.0,2.0,13.0,2,0.0021019442984760903
0.0,4.0,1.0,2.0,7.0,2,0.0021019442984760903
0.0,4.0,2.0,2.0,8.0,2,0.0021019442984760903
0.0,4.0,2.0,3.0,9.0,2,0.0021019442984760903
0.0,4.0,2.0,7.0,13.0,2,0.0021019442984760903
6.0,0.0,12.0,6.0,24.0,2,0.0021019442984760903
6.0,0.0,12.5,0.0,18.5,2,0.0021019442984760903
6.0,0.0,13.5,0.0,19.5,2,0.0021019442984760903
2.0,0.0,9.0,5.0,16.0,2,0.0021019442984760903
2.0,0.0,14.0,4.0,20.0,2,0.0021019442984760903
6.0,0.0,14.0,4.0,24.0,2,0.0021019442984760903
6.0,0.0,15.0,4.0,25.0,2,0.0021019442984760903
6.0,2.0,0.0,4.0,12.0,2,0.0021019442984760903
6.0,0.0,10.5,0.0,16.5,2,0.0021019442984760903
0.0,4.0,5.0,3.0,12.0,2,0.0021019442984760903
0.0,4.0,5.0,10.0,19.0,2,0.0021019442984760903
0.0,4.0,6.0,3.0,13.0,2,0.0021019442984760903
0.0,4.0,10.0,4.0,18.0,2,0.0021019442984760903
0.0,4.0,11.0,3.0,18.0,2,0.0021019442984760903
0.0,4.0,12.0,2.0,18.0,2,0.0021019442984760903
0.0,4.0,12.0,4.0,20.0,2,0.0021019442984760903
6.0,0.0,5.0,6.0,17.0,2,0.0021019442984760903
2.0,0.0,7.0,7.0,16.0,2,0.0021019442984760903
3.0,0.0,5.0,8.0,16.0,2,0.0021019442984760903
3.0,0.0,6.0,2.0,11.0,2,0.0021019442984760903
0.0,0.0,9.0,12.0,21.0,2,0.0021019442984760903
6.0,0.0,6.5,0.0,12.5,2,0.0021019442984760903
6.0,0.0,7.0,4.0,17.0,2,0.0021019442984760903
6.0,0.0,8.0,6.0,20.0,2,0.0021019442984760903
6.0,0.0,9.0,4.0,19.0,2,0.0021019442984760903
6.0,0.0,4.0,0.0,10.0,2,0.0021019442984760903
6.0,0.0,4.0,5.0,15.0,2,0.0021019442984760903
6.0,0.0,5.0,0.0,11.0,2,0.0021019442984760903
0.0,4.0,8.0,3.0,15.0,2,0.0021019442984760903
0.0,4.0,9.0,5.0,18.0,2,0.0021019442984760903
6.0,0.0,0.0,4.0,10.0,2,0.0021019442984760903
6.0,0.0,2.0,7.0,15.0,2,0.0021019442984760903
6.0,0.0,2.0,8.0,16.0,2,0.0021019442984760903
2.0,0.0,2.0,9.0,13.0,2,0.0021019442984760903
2.0,0.0,10.0,1.0,13.0,2,0.0021019442984760903
2.0,0.0,6.0,8.0,16.0,2,0.0021019442984760903
2.0,0.0,6.5,0.0,8.5,2,0.0021019442984760903
6.0,0.0,2.0,9.0,17.0,2,0.0021019442984760903
0.0,4.5,18.5,0.0,23.0,2,0.0021019442984760903
0.0,0.0,4.0,11.0,15.0,2,0.0021019442984760903
0.0,0.0,4.5,3.0,7.5,2,0.0021019442984760903
0.0,4.0,16.0,4.0,24.0,2,0.0021019442984760903
0.0,4.0,17.5,0.0,21.5,2,0.0021019442984760903
0.0,4.5,14.0,0.0,18.5,2,0.0021019442984760903
0.0,4.5,15.0,0.0,19.5,2,0.0021019442984760903
0.0,4.5,17.0,0.0,21.5,2,0.0021019442984760903
5.0,7.0,0.0,0.0,12.0,2,0.0021019442984760903
5.0,7.0,6.0,0.0,18.0,2,0.0021019442984760903
5.0,5.0,0.0,2.0,12.0,2,0.0021019442984760903
3.0,0.0,10.0,5.0,18.0,2,0.0021019442984760903
3.0,0.0,12.0,4.0,19.0,2,0.0021019442984760903
3.0,0.0,12.0,6.0,21.0,2,0.0021019442984760903
2.0,0.0,4.0,8.0,14.0,2,0.0021019442984760903
2.0,0.0,4.0,9.0,15.0,2,0.0021019442984760903
3.0,0.0,7.0,7.0,17.0,2,0.0021019442984760903
5.0,5.0,6.0,0.0,16.0,2,0.0021019442984760903
5.0,5.0,7.0,0.0,17.0,2,0.0021019442984760903
5.0,5.0,8.0,0.0,18.0,2,0.0021019442984760903
5.0,4.0,3.0,0.0,12.0,2,0.0021019442984760903
5.0,4.0,4.0,0.0,13.0,2,0.0021019442984760903
5.0,4.0,6.0,0.0,15.0,2,0.0021019442984760903
5.0,4.0,12.0,0.0,21.0,2,0.0021019442984760903
5.0,3.0,3.0,4.0,15.0,2,0.0021019442984760903
5.0,3.0,4.0,2.0,14.0,2,0.0021019442984760903
5.0,3.0,4.0,3.0,15.0,2,0.0021019442984760903
2.0,0.0,0.0,9.0,11.0,2,0.0021019442984760903
3.0,0.0,13.0,1.0,17.0,2,0.0021019442984760903
2.0,0.0,3.0,10.0,15.0,2,0.0021019442984760903
2.0,0.0,0.0,14.0,16.0,2,0.0021019442984760903
5.0,3.0,5.0,0.0,13.0,2,0.0021019442984760903
5.0,3.0,6.0,3.0,17.0,2,0.0021019442984760903
5.0,3.0,7.0,0.0,15.0,2,0.0021019442984760903
5.0,4.0,0.0,3.0,12.0,2,0.0021019442984760903
5.0,2.0,14.0,0.0,21.0,2,0.0021019442984760903
5.0,2.0,16.5,0.0,23.5,2,0.0021019442984760903
5.0,3.0,2.0,4.0,14.0,2,0.0021019442984760903
0.0,5.0,0.0,7.0,12.0,2,0.0021019442984760903
0.0,5.0,8.0,2.0,15.0,2,0.0021019442984760903
5.0,2.0,3.0,2.0,12.0,2,0.0021019442984760903
3.0,0.0,20.5,0.0,23.5,2,0.0021019442984760903
1.0,9.0,8.0,0.0,18.0,2,0.0021019442984760903
2.0,0.0,0.0,7.0,9.0,2,0.0021019442984760903
5.0,2.0,4.0,5.0,16.0,2,0.0021019442984760903
5.0,2.0,5.0,2.0,14.0,2,0.0021019442984760903
5.0,2.0,9.0,2.0,18.0,2,0.0021019442984760903
5.0,2.0,0.0,2.0,9.0,2,0.0021019442984760903
5.0,2.0,0.0,5.0,12.0,2,0.0021019442984760903
5.0,2.0,0.0,6.0,13.0,2,0.0021019442984760903
5.0,2.0,2.0,0.0,9.0,2,0.0021019442984760903
5.0,2.0,2.0,3.0,12.0,2,0.0021019442984760903
0.0,5.0,3.0,5.0,13.0,2,0.0021019442984760903
0.0,5.0,5.0,0.0,10.0,2,0.0021019442984760903
0.0,5.0,11.0,2.0,18.0,2,0.0021019442984760903
5.0,1.0,7.0,0.0,13.0,2,0.0021019442984760903
5.0,0.0,12.0,2.0,19.0,2,0.0021019442984760903
5.0,0.0,12.0,3.0,20.0,2,0.0021019442984760903
5.0,0.0,12.0,7.0,24.0,2,0.0021019442984760903
1.0,6.0,11.0,0.0,18.0,2,0.0021019442984760903
0.0,5.0,9.0,2.0,16.0,2,0.0021019442984760903
0.0,5.0,9.0,3.0,17.0,2,0.0021019442984760903
0.0,5.0,9.5,0.0,14.5,2,0.0021019442984760903
0.0,5.0,17.0,3.0,25.0,2,0.0021019442984760903
5.0,0.0,6.0,1.0,12.0,2,0.0021019442984760903
5.0,0.0,6.0,7.0,18.0,2,0.0021019442984760903
5.0,0.0,7.0,5.0,17.0,2,0.0021019442984760903
0.0,6.0,3.0,5.0,14.0,2,0.0021019442984760903
0.0,6.0,3.0,6.0,15.0,2,0.0021019442984760903
0.0,6.0,13.0,4.0,23.0,2,0.0021019442984760903
0.0,0.0,12.0,12.5,24.5,2,0.0021019442984760903
5.0,0.0,3.0,8.0,16.0,2,0.0021019442984760903
5.0,0.0,4.0,4.0,13.0,2,0.0021019442984760903
5.0,0.0,5.0,0.0,10.0,2,0.0021019442984760903
5.0,0.0,5.0,8.0,18.0,2,0.0021019442984760903
3.0,1.0,11.0,0.0,15.0,2,0.0021019442984760903
3.0,2.0,0.0,3.0,8.0,2,0.0021019442984760903
1.0,5.0,9.0,0.0,15.0,2,0.0021019442984760903
1.0,5.0,11.0,0.0,17.0,2,0.0021019442984760903
0.0,6.0,8.0,3.0,17.0,2,0.0021019442984760903
0.0,6.0,9.0,2.0,17.0,2,0.0021019442984760903
0.0,6.0,10.0,2.0,18.0,2,0.0021019442984760903
0.0,6.0,12.5,0.0,18.5,2,0.0021019442984760903
4.5,6.0,10.0,0.0,20.5,2,0.0021019442984760903
4.5,6.0,13.0,0.0,23.5,2,0.0021019442984760903
4.5,6.0,13.5,0.0,24.0,2,0.0021019442984760903
5.0,0.0,1.0,0.0,6.0,2,0.0021019442984760903
0.0,6.0,14.5,0.0,20.5,2,0.0021019442984760903
0.0,6.0,16.0,0.0,22.0,2,0.0021019442984760903
0.0,6.0,17.5,0.0,23.5,2,0.0021019442984760903
0.0,6.5,17.0,0.0,23.5,2,0.0021019442984760903
3.0,1.0,8.0,0.0,12.0,2,0.0021019442984760903
4.5,0.0,17.5,0.0,22.0,2,0.0021019442984760903
4.5,2.0,18.0,0.0,24.5,2,0.0021019442984760903
0.0,7.0,5.0,2.0,14.0,2,0.0021019442984760903
0.0,7.0,5.0,5.0,17.0,2,0.0021019442984760903
4.5,0.0,15.0,4.0,23.5,2,0.0021019442984760903
4.5,0.0,15.5,0.0,20.0,2,0.0021019442984760903
4.5,0.0,16.5,0.0,21.0,2,0.0021019442984760903
4.5,0.0,8.0,2.0,14.5,2,0.0021019442984760903
0.0,7.0,0.0,8.0,15.0,2,0.0021019442984760903
0.0,7.0,2.0,3.0,12.0,2,0.0021019442984760903
0.0,7.0,2.0,7.0,16.0,2,0.0021019442984760903
4.0,9.0,8.0,0.0,21.0,2,0.0021019442984760903
4.5,0.0,0.0,4.0,8.5,2,0.0021019442984760903
4.0,7.0,7.0,0.0,18.0,2,0.0021019442984760903
4.0,7.0,12.0,0.0,23.0,2,0.0021019442984760903
3.0,2.0,7.0,6.0,18.0,2,0.0021019442984760903
3.0,2.0,2.0,2.0,9.0,2,0.0021019442984760903
3.0,2.0,4.0,3.0,12.0,2,0.0021019442984760903
4.0,8.0,5.0,0.0,17.0,2,0.0021019442984760903
4.0,8.0,6.0,0.0,18.0,2,0.0021019442984760903
4.0,9.0,0.0,0.0,13.0,2,0.0021019442984760903
0.0,7.0,15.0,0.0,22.0,2,0.0021019442984760903
4.0,6.0,5.0,0.0,15.0,2,0.0021019442984760903
4.0,6.0,6.0,0.0,16.0,2,0.0021019442984760903
4.0,7.0,2.0,0.0,13.0,2,0.0021019442984760903
4.0,5.0,15.0,0.0,24.0,2,0.0021019442984760903
0.0,7.0,8.0,3.0,18.0,2,0.0021019442984760903
0.0,8.0,0.0,6.0,14.0,2,0.0021019442984760903
0.0,8.0,2.0,3.0,13.0,2,0.0021019442984760903
4.0,4.0,8.0,4.0,20.0,2,0.0021019442984760903
4.0,4.0,13.0,0.0,21.0,2,0.0021019442984760903
3.0,3.0,0.0,2.0,8.0,2,0.0021019442984760903
1.0,3.0,1.0,0.0,5.0,2,0.0021019442984760903
3.0,2.0,5.0,5.0,15.0,2,0.0021019442984760903
4.0,5.0,0.0,3.0,12.0,2,0.0021019442984760903
4.0,5.0,3.0,0.0,12.0,2,0.0021019442984760903
4.0,4.0,4.0,3.0,15.0,2,0.0021019442984760903
4.0,4.0,5.0,2.0,15.0,2,0.0021019442984760903
4.0,4.0,7.0,2.0,17.0,2,0.0021019442984760903
0.0,7.0,16.0,0.0,23.0,2,0.0021019442984760903
0.0,7.0,17.0,0.0,24.0,2,0.0021019442984760903
4.0,3.0,14.0,0.0,21.0,2,0.0021019442984760903
4.0,3.0,17.0,0.0,24.0,2,0.0021019442984760903
4.0,4.0,0.0,5.0,13.0,2,0.0021019442984760903
4.0,4.0,0.0,6.0,14.0,2,0.0021019442984760903
4.0,3.0,7.0,2.0,16.0,2,0.0021019442984760903
3.0,3.0,0.0,7.0,13.0,2,0.0021019442984760903
3.0,3.0,2.0,5.0,13.0,2,0.0021019442984760903
3.0,3.0,4.0,0.0,10.0,2,0.0021019442984760903
0.0,8.0,3.0,2.0,13.0,2,0.0021019442984760903
0.0,8.0,6.0,3.0,17.0,2,0.0021019442984760903
0.0,8.0,16.0,0.0,24.0,2,0.0021019442984760903
0.0,8.5,0.0,0.0,8.5,2,0.0021019442984760903
4.0,3.0,2.0,5.0,14.0,2,0.0021019442984760903
4.0,3.0,2.0,6.0,15.0,2,0.0021019442984760903
4.0,3.0,3.0,4.0,14.0,2,0.0021019442984760903
0.0,9.0,2.0,3.0,14.0,2,0.0021019442984760903
0.0,9.0,6.0,2.0,17.0,2,0.0021019442984760903
0.0,9.0,6.0,3.0,18.0,2,0.0021019442984760903
4.0,2.0,7.0,0.0,13.0,2,0.0021019442984760903
4.0,2.0,10.0,2.0,18.0,2,0.0021019442984760903
0.0,8.0,11.0,0.0,19.0,2,0.0021019442984760903
4.0,2.0,3.0,3.0,12.0,2,0.0021019442984760903
4.0,2.0,3.0,4.0,13.0,2,0.0021019442984760903
1.0,2.0,2.0,0.0,5.0,2,0.0021019442984760903
1.0,2.0,5.0,0.0,8.0,2,0.0021019442984760903
1.0,3.0,10.0,0.0,14.0,2,0.0021019442984760903
4.0,2.0,5.0,3.0,14.0,2,0.0021019442984760903
0.0,9.0,0.0,7.0,16.0,2,0.0021019442984760903
0.0,9.0,2.0,0.0,11.0,2,0.0021019442984760903
0.0,9.0,2.0,2.0,13.0,2,0.0021019442984760903
4.0,1.0,6.0,2.0,13.0,2,0.0021019442984760903
4.0,1.0,10.0,0.0,15.0,2,0.0021019442984760903
4.0,2.0,1.0,0.0,7.0,2,0.0021019442984760903
0.0,10.0,11.0,0.0,21.0,2,0.0021019442984760903
0.0,9.0,11.0,0.0,20.0,2,0.0021019442984760903
0.0,9.0,14.0,0.0,23.0,2,0.0021019442984760903
0.0,9.0,15.0,0.0,24.0,2,0.0021019442984760903
0.0,9.5,15.0,0.0,24.5,2,0.0021019442984760903
0.0,10.0,0.0,0.0,10.0,2,0.0021019442984760903
4.0,0.0,14.0,3.0,21.0,2,0.0021019442984760903
4.0,0.0,14.0,6.0,24.0,2,0.0021019442984760903
4.0,0.0,14.5,0.0,18.5,2,0.0021019442984760903
4.0,0.0,15.0,2.0,21.0,2,0.0021019442984760903
3.0,4.0,0.0,9.0,16.0,2,0.0021019442984760903
3.0,3.0,5.0,4.0,15.0,2,0.0021019442984760903
4.0,0.0,10.5,0.0,14.5,2,0.0021019442984760903
4.0,0.0,11.0,3.0,18.0,2,0.0021019442984760903
4.0,0.0,11.0,6.0,21.0,2,0.0021019442984760903
4.0,0.0,12.5,0.0,16.5,2,0.0021019442984760903
4.0,0.0,9.0,5.0,18.0,2,0.0021019442984760903
0.0,10.5,12.0,0.0,22.5,2,0.0021019442984760903
0.0,11.0,0.0,0.0,11.0,2,0.0021019442984760903
0.0,11.0,0.0,2.0,13.0,2,0.0021019442984760903
0.0,13.0,7.0,0.0,20.0,2,0.0021019442984760903
3.0,4.0,4.0,3.0,14.0,2,0.0021019442984760903
3.0,4.0,4.0,5.0,16.0,2,0.0021019442984760903
1.0,0.0,19.0,0.0,20.0,2,0.0021019442984760903
1.0,2.0,9.0,0.0,12.0,2,0.0021019442984760903
4.0,0.0,7.0,6.0,17.0,2,0.0021019442984760903
0.0,15.0,0.0,2.0,17.0,2,0.0021019442984760903
4.0,0.0,5.0,8.0,17.0,2,0.0021019442984760903
4.0,0.0,6.0,1.0,11.0,2,0.0021019442984760903
4.0,0.0,6.0,7.0,17.0,2,0.0021019442984760903
4.0,0.0,6.0,8.0,18.0,2,0.0021019442984760903
0.0,12.0,7.0,0.0,19.0,2,0.0021019442984760903
0.0,13.0,3.0,0.0,16.0,2,0.0021019442984760903
4.0,0.0,3.0,7.0,14.0,2,0.0021019442984760903
0.0,14.0,0.0,2.0,16.0,2,0.0021019442984760903
3.0,4.0,5.0,2.0,14.0,2,0.0021019442984760903
3.0,4.0,2.0,3.0,12.0,2,0.0021019442984760903
3.0,4.0,2.0,4.0,13.0,2,0.0021019442984760903
0.0,17.0,3.0,0.0,20.0,2,0.0021019442984760903
1.0,0.0,5.0,1.0,7.0,2,0.0021019442984760903
3.0,13.0,0.0,0.0,16.0,2,0.0021019442984760903
4.0,0.0,0.0,16.0,20.0,2,0.0021019442984760903
4.0,0.0,2.0,6.0,12.0,2,0.0021019442984760903
3.0,9.0,5.0,0.0,17.0,2,0.0021019442984760903
3.0,10.0,3.0,0.0,16.0,2,0.0021019442984760903
1.0,0.0,0.0,1.0,2.0,2,0.0021019442984760903
1.0,0.0,3.0,2.0,6.0,2,0.0021019442984760903
3.0,8.0,6.0,0.0,17.0,2,0.0021019442984760903
3.0,9.0,0.0,2.0,14.0,2,0.0021019442984760903
3.0,9.0,4.0,0.0,16.0,2,0.0021019442984760903
1.0,0.0,9.0,2.0,12.0,2,0.0021019442984760903
1.0,0.0,9.0,3.0,13.0,2,0.0021019442984760903
1.0,0.0,9.0,5.0,15.0,2,0.0021019442984760903
3.0,6.0,6.0,2.0,17.0,2,0.0021019442984760903
3.0,5.0,0.0,0.0,8.0,2,0.0021019442984760903
3.0,5.0,0.0,4.0,12.0,2,0.0021019442984760903
3.0,5.0,0.0,5.0,13.0,2,0.0021019442984760903
3.0,5.0,2.0,3.0,13.0,2,0.0021019442984760903
3.0,5.0,3.0,3.0,14.0,2,0.0021019442984760903
1.0,1.0,16.0,0.0,18.0,2,0.0021019442984760903
0.0,0.0,7.0,10.0,17.0,2,0.0021019442984760903
3.0,6.0,15.5,0.0,24.5,2,0.0021019442984760903
3.0,7.0,0.0,4.0,14.0,2,0.0021019442984760903
3.0,7.0,3.0,0.0,13.0,2,0.0021019442984760903
1.0,0.0,14.0,2.0,17.0,2,0.0021019442984760903
3.0,6.0,0.0,5.0,14.0,2,0.0021019442984760903
3.0,6.0,0.0,6.0,15.0,2,0.0021019442984760903
3.0,5.0,7.0,0.0,15.0,2,0.0021019442984760903
1.0,0.0,12.0,5.0,18.0,2,0.0021019442984760903
1.0,0.0,13.0,4.0,18.0,2,0.0021019442984760903
16.0,0.0,5.0,0.0,21.0,2,0.0021019442984760903
0.0,0.0,18.5,4.0,22.5,2,0.0021019442984760903
14.5,0.0,9.0,0.0,23.5,2,0.0021019442984760903
20.0,0.0,0.0,0.0,20.0,2,0.0021019442984760903
0.0,0.0,18.0,5.0,23.0,2,0.0021019442984760903
0.0,0.0,18.5,3.0,21.5,2,0.0021019442984760903
17.0,2.0,0.0,0.0,19.0,2,0.0021019442984760903
17.0,0.0,4.5,0.0,21.5,2,0.0021019442984760903
0.0,0.0,0.0,4.5,4.5,2,0.0021019442984760903
17.5,0.0,0.0,0.0,17.5,1,0.0010509721492380452
15.0,0.0,8.0,2.0,25.0,1,0.0010509721492380452
0.0,0.0,0.0,7.5,7.5,1,0.0010509721492380452
0.0,0.0,0.0,13.5,13.5,1,0.0010509721492380452
17.0,2.0,3.0,0.0,22.0,1,0.0010509721492380452
17.0,4.0,0.0,4.0,25.0,1,0.0010509721492380452
0.0,0.0,18.5,2.0,20.5,1,0.0010509721492380452
0.0,0.0,18.0,6.5,24.5,1,0.0010509721492380452
24.0,0.0,0.0,6.0,30.0,1,0.0010509721492380452
21.0,0.0,0.0,0.0,21.0,1,0.0010509721492380452
20.0,0.0,2.0,0.0,22.0,1,0.0010509721492380452
13.0,3.0,2.0,0.0,18.0,1,0.0010509721492380452
13.0,4.0,0.0,0.0,17.0,1,0.0010509721492380452
13.0,4.0,2.0,0.0,19.0,1,0.0010509721492380452
13.5,0.0,0.0,6.0,19.5,1,0.0010509721492380452
13.5,0.0,3.0,0.0,16.5,1,0.0010509721492380452
13.5,0.0,5.0,0.0,18.5,1,0.0010509721492380452
2.0,2.0,11.0,1.0,16.0,1,0.0010509721492380452
2.0,2.0,0.0,5.0,9.0,1,0.0010509721492380452
2.0,2.0,0.0,9.0,13.0,1,0.0010509721492380452
2.0,2.0,0.0,13.0,17.0,1,0.0010509721492380452
2.0,2.0,1.0,0.0,5.0,1,0.0010509721492380452
2.0,2.0,2.0,2.0,8.0,1,0.0010509721492380452
2.0,2.0,2.0,3.0,9.0,1,0.0010509721492380452
14.0,0.0,4.0,0.0,18.0,1,0.0010509721492380452
14.0,0.0,5.0,0.0,19.0,1,0.0010509721492380452
14.0,0.0,5.0,5.0,24.0,1,0.0010509721492380452
3.0,5.0,4.0,0.0,12.0,1,0.0010509721492380452
3.0,5.0,4.0,3.0,15.0,1,0.0010509721492380452
3.0,5.0,5.0,2.0,15.0,1,0.0010509721492380452
3.0,5.0,5.0,5.0,18.0,1,0.0010509721492380452
1.0,0.0,10.0,4.0,15.0,1,0.0010509721492380452
1.0,0.0,11.0,1.0,13.0,1,0.0010509721492380452
1.0,0.0,11.0,3.0,15.0,1,0.0010509721492380452
1.0,0.0,11.0,4.0,16.0,1,0.0010509721492380452
1.0,0.0,12.0,2.0,15.0,1,0.0010509721492380452
1.0,0.0,13.0,1.0,15.0,1,0.0010509721492380452
1.0,0.0,13.0,2.0,16.0,1,0.0010509721492380452
1.0,0.0,13.0,3.0,17.0,1,0.0010509721492380452
3.0,4.0,8.0,2.0,17.0,1,0.0010509721492380452
3.0,4.0,8.0,3.0,18.0,1,0.0010509721492380452
3.0,4.0,9.0,4.0,20.0,1,0.0010509721492380452
3.0,4.0,10.0,1.0,18.0,1,0.0010509721492380452
3.0,7.0,0.0,2.0,12.0,1,0.0010509721492380452
3.0,7.0,3.0,4.0,17.0,1,0.0010509721492380452
1.0,0.0,14.0,1.0,16.0,1,0.0010509721492380452
3.0,5.0,8.0,5.0,21.0,1,0.0010509721492380452
3.0,5.0,12.0,0.0,20.0,1,0.0010509721492380452
3.0,5.0,13.5,0.0,21.5,1,0.0010509721492380452
3.0,5.0,14.5,0.0,22.5,1,0.0010509721492380452
3.0,6.0,0.0,4.0,13.0,1,0.0010509721492380452
3.0,6.0,2.0,3.0,14.0,1,0.0010509721492380452
3.0,6.0,3.0,3.0,15.0,1,0.0010509721492380452
1.0,0.0,5.0,6.0,12.0,1,0.0010509721492380452
1.0,0.0,5.0,9.0,15.0,1,0.0010509721492380452
1.0,0.0,6.0,1.0,8.0,1,0.0010509721492380452
1.0,0.0,6.0,2.0,9.0,1,0.0010509721492380452
1.0,0.0,6.0,6.0,13.0,1,0.0010509721492380452
3.0,5.0,3.0,4.0,15.0,1,0.0010509721492380452
1.0,0.0,7.0,6.0,14.0,1,0.0010509721492380452
1.0,0.0,8.0,3.0,12.0,1,0.0010509721492380452
1.0,0.0,9.0,1.0,11.0,1,0.0010509721492380452
3.0,6.0,4.5,0.0,13.5,1,0.0010509721492380452
3.0,4.5,16.5,0.0,24.0,1,0.0010509721492380452
3.0,5.0,0.0,6.0,14.0,1,0.0010509721492380452
3.0,5.0,3.0,0.0,11.0,1,0.0010509721492380452
1.0,1.0,6.0,0.0,8.0,1,0.0010509721492380452
1.0,1.0,7.0,0.0,9.0,1,0.0010509721492380452
1.0,1.0,10.0,0.0,12.0,1,0.0010509721492380452
1.0,1.0,11.0,0.0,13.0,1,0.0010509721492380452
1.0,1.0,15.0,0.0,17.0,1,0.0010509721492380452
0.0,0.0,7.0,11.0,18.0,1,0.0010509721492380452
3.0,6.0,9.5,0.0,18.5,1,0.0010509721492380452
3.0,6.0,13.0,0.0,22.0,1,0.0010509721492380452
3.0,6.0,13.5,0.0,22.5,1,0.0010509721492380452
1.0,0.0,1.0,2.0,4.0,1,0.0010509721492380452
1.0,0.0,3.0,3.0,7.0,1,0.0010509721492380452
1.0,0.0,3.0,8.0,12.0,1,0.0010509721492380452
3.0,7.0,5.0,3.0,18.0,1,0.0010509721492380452
3.0,7.0,7.0,0.0,17.0,1,0.0010509721492380452
3.0,7.0,8.0,2.0,20.0,1,0.0010509721492380452
3.0,8.0,0.0,0.0,11.0,1,0.0010509721492380452
3.0,8.0,0.0,2.0,13.0,1,0.0010509721492380452
3.0,8.0,0.0,3.0,14.0,1,0.0010509721492380452
3.0,8.0,1.0,3.0,15.0,1,0.0010509721492380452
3.0,8.0,4.0,0.0,15.0,1,0.0010509721492380452
3.0,8.0,7.0,0.0,18.0,1,0.0010509721492380452
3.0,8.0,14.0,0.0,25.0,1,0.0010509721492380452
3.0,9.0,0.0,3.0,15.0,1,0.0010509721492380452
3.0,9.0,2.0,0.0,14.0,1,0.0010509721492380452
3.0,9.0,3.0,2.0,17.0,1,0.0010509721492380452
3.0,12.0,2.0,0.0,17.0,1,0.0010509721492380452
3.0,12.0,6.0,0.0,21.0,1,0.0010509721492380452
3.0,12.5,7.0,0.0,22.5,1,0.0010509721492380452
3.0,13.0,2.0,0.0,18.0,1,0.0010509721492380452
4.0,0.0,0.0,1.0,5.0,1,0.0010509721492380452
4.0,0.0,0.0,6.0,10.0,1,0.0010509721492380452
4.0,0.0,2.0,1.0,7.0,1,0.0010509721492380452
3.0,10.0,2.0,0.0,15.0,1,0.0010509721492380452
3.0,10.0,2.0,2.0,17.0,1,0.0010509721492380452
3.0,10.0,4.0,0.0,17.0,1,0.0010509721492380452
3.0,10.0,5.0,0.0,18.0,1,0.0010509721492380452
3.0,10.0,8.0,4.0,25.0,1,0.0010509721492380452
0.0,19.5,5.0,0.0,24.5,1,0.0010509721492380452
0.0,21.0,0.0,0.0,21.0,1,0.0010509721492380452
1.0,0.0,0.0,5.0,6.0,1,0.0010509721492380452
1.0,0.0,0.0,14.0,15.0,1,0.0010509721492380452
3.0,4.0,3.0,2.0,12.0,1,0.0010509721492380452
3.0,4.0,3.0,3.0,13.0,1,0.0010509721492380452
3.0,4.0,3.0,4.0,14.0,1,0.0010509721492380452
3.0,4.0,3.0,6.0,16.0,1,0.0010509721492380452
0.0,16.0,3.0,0.0,19.0,1,0.0010509721492380452
0.0,16.5,3.0,0.0,19.5,1,0.0010509721492380452
0.0,16.5,3.0,5.0,24.5,1,0.0010509721492380452
0.0,16.5,6.0,0.0,22.5,1,0.0010509721492380452
0.0,17.0,6.0,0.0,23.0,1,0.0010509721492380452
0.0,18.0,3.0,0.0,21.0,1,0.0010509721492380452
0.0,19.0,4.0,0.0,23.0,1,0.0010509721492380452
1.0,0.0,3.0,11.0,15.0,1,0.0010509721492380452
1.0,0.0,5.0,2.0,8.0,1,0.0010509721492380452
3.0,11.0,3.0,0.0,17.0,1,0.0010509721492380452
3.0,11.0,4.0,0.0,18.0,1,0.0010509721492380452
3.0,11.0,7.0,0.0,21.0,1,0.0010509721492380452
4.0,0.0,2.0,9.0,15.0,1,0.0010509721492380452
4.0,0.0,2.0,11.0,17.0,1,0.0010509721492380452
4.0,0.0,2.0,13.0,19.0,1,0.0010509721492380452
4.0,0.0,3.0,3.0,10.0,1,0.0010509721492380452
0.0,15.0,4.0,0.0,19.0,1,0.0010509721492380452
0.0,15.5,5.0,0.0,20.5,1,0.0010509721492380452
0.0,16.0,2.0,0.0,18.0,1,0.0010509721492380452
0.0,0.0,7.0,12.0,19.0,1,0.0010509721492380452
0.0,0.0,7.5,4.0,11.5,1,0.0010509721492380452
0.0,0.0,7.5,11.0,18.5,1,0.0010509721492380452
0.0,0.0,8.0,1.0,9.0,1,0.0010509721492380452
3.0,4.0,5.0,0.0,12.0,1,0.0010509721492380452
3.0,4.0,6.0,2.0,15.0,1,0.0010509721492380452
3.0,4.0,6.0,3.0,16.0,1,0.0010509721492380452
3.0,4.0,2.0,6.0,15.0,1,0.0010509721492380452
3.0,4.0,3.0,0.0,10.0,1,0.0010509721492380452
0.0,13.0,1.0,0.0,14.0,1,0.0010509721492380452
0.0,19.0,6.0,0.0,25.0,1,0.0010509721492380452
4.0,0.0,3.0,10.0,17.0,1,0.0010509721492380452
4.0,0.0,3.0,11.0,18.0,1,0.0010509721492380452
4.0,0.0,4.0,2.0,10.0,1,0.0010509721492380452
4.0,0.0,4.0,9.0,17.0,1,0.0010509721492380452
4.0,0.0,4.0,10.0,18.0,1,0.0010509721492380452
4.0,0.0,4.0,11.0,19.0,1,0.0010509721492380452
0.0,13.0,10.5,0.0,23.5,1,0.0010509721492380452
0.0,13.0,11.0,0.0,24.0,1,0.0010509721492380452
0.0,14.0,1.0,0.0,15.0,1,0.0010509721492380452
0.0,14.0,5.0,0.0,19.0,1,0.0010509721492380452
0.0,14.0,7.5,0.0,21.5,1,0.0010509721492380452
0.0,14.0,9.5,0.0,23.5,1,0.0010509721492380452
0.0,14.0,10.5,0.0,24.5,1,0.0010509721492380452
4.0,0.0,2.0,8.0,14.0,1,0.0010509721492380452
3.0,3.0,8.0,1.0,15.0,1,0.0010509721492380452
0.0,0.0,6.0,15.0,21.0,1,0.0010509721492380452
0.0,0.0,6.0,16.5,22.5,1,0.0010509721492380452
0.0,0.0,6.5,2.0,8.5,1,0.0010509721492380452
0.0,0.0,7.0,1.0,8.0,1,0.0010509721492380452
4.0,0.0,7.0,8.0,19.0,1,0.0010509721492380452
4.0,0.0,8.0,7.0,19.0,1,0.0010509721492380452
4.0,0.0,8.0,8.0,20.0,1,0.0010509721492380452
0.0,14.5,10.0,0.0,24.5,1,0.0010509721492380452
4.0,0.0,5.0,9.0,18.0,1,0.0010509721492380452
4.0,0.0,6.5,6.0,16.5,1,0.0010509721492380452
0.0,12.0,9.0,0.0,21.0,1,0.0010509721492380452
0.0,12.0,12.5,0.0,24.5,1,0.0010509721492380452
0.0,12.5,10.5,0.0,23.0,1,0.0010509721492380452
0.0,13.0,0.0,2.0,15.0,1,0.0010509721492380452
0.0,13.0,0.0,3.0,16.0,1,0.0010509721492380452
0.0,11.0,4.5,0.0,15.5,1,0.0010509721492380452
0.0,11.0,5.0,0.0,16.0,1,0.0010509721492380452
0.0,11.0,10.5,0.0,21.5,1,0.0010509721492380452
0.0,12.0,2.0,2.0,16.0,1,0.0010509721492380452
0.0,12.0,4.0,1.0,17.0,1,0.0010509721492380452
3.0,4.0,4.0,0.0,11.0,1,0.0010509721492380452
3.0,4.0,4.0,2.0,13.0,1,0.0010509721492380452
1.0,0.0,16.0,1.0,18.0,1,0.0010509721492380452
1.0,0.0,17.0,2.0,20.0,1,0.0010509721492380452
1.0,1.0,4.0,0.0,6.0,1,0.0010509721492380452
1.0,2.0,10.0,0.0,13.0,1,0.0010509721492380452
1.0,2.0,11.0,3.0,17.0,1,0.0010509721492380452
1.0,2.0,12.0,0.0,15.0,1,0.0010509721492380452
1.0,2.0,13.0,2.0,18.0,1,0.0010509721492380452
1.0,2.0,14.0,1.0,18.0,1,0.0010509721492380452
3.0,3.0,7.0,4.0,17.0,1,0.0010509721492380452
4.0,0.0,12.0,7.0,23.0,1,0.0010509721492380452
4.0,0.0,13.0,2.0,19.0,1,0.0010509721492380452
4.0,0.0,9.0,1.0,14.0,1,0.0010509721492380452
4.0,0.0,9.0,8.0,21.0,1,0.0010509721492380452
4.0,0.0,9.5,4.5,18.0,1,0.0010509721492380452
4.0,0.0,9.5,5.0,18.5,1,0.0010509721492380452
0.0,10.5,0.0,2.0,12.5,1,0.0010509721492380452
0.0,10.5,7.0,6.0,23.5,1,0.0010509721492380452
0.0,10.5,9.0,0.0,19.5,1,0.0010509721492380452
0.0,10.5,11.0,0.0,21.5,1,0.0010509721492380452
0.0,10.5,12.5,0.0,23.0,1,0.0010509721492380452
0.0,10.5,13.0,0.0,23.5,1,0.0010509721492380452
0.0,10.5,13.5,0.0,24.0,1,0.0010509721492380452
0.0,11.0,0.0,3.0,14.0,1,0.0010509721492380452
0.0,13.0,10.0,0.0,23.0,1,0.0010509721492380452
0.0,11.0,3.0,3.0,17.0,1,0.0010509721492380452
4.0,0.0,17.0,3.0,24.0,1,0.0010509721492380452
0.0,10.0,2.0,3.0,15.0,1,0.0010509721492380452
0.0,10.0,3.0,2.0,15.0,1,0.0010509721492380452
0.0,10.0,4.0,3.0,17.0,1,0.0010509721492380452
0.0,10.0,5.0,2.0,17.0,1,0.0010509721492380452
0.0,10.0,9.0,2.0,21.0,1,0.0010509721492380452
0.0,11.0,1.0,0.0,12.0,1,0.0010509721492380452
0.0,11.0,2.0,2.0,15.0,1,0.0010509721492380452
0.0,11.0,2.0,3.0,16.0,1,0.0010509721492380452
0.0,11.0,2.0,5.0,18.0,1,0.0010509721492380452
4.0,0.0,10.0,6.0,20.0,1,0.0010509721492380452
4.0,0.0,10.5,4.0,18.5,1,0.0010509721492380452
4.0,0.0,10.5,4.5,19.0,1,0.0010509721492380452
4.0,0.0,11.0,1.0,16.0,1,0.0010509721492380452
4.0,0.0,11.5,0.0,15.5,1,0.0010509721492380452
4.0,0.0,12.0,3.0,19.0,1,0.0010509721492380452
3.0,3.0,10.0,5.0,21.0,1,0.0010509721492380452
3.0,3.0,11.0,3.0,20.0,1,0.0010509721492380452
3.0,3.0,12.0,2.0,20.0,1,0.0010509721492380452
3.0,3.0,14.0,0.0,20.0,1,0.0010509721492380452
3.0,3.0,16.0,0.0,22.0,1,0.0010509721492380452
3.0,4.0,0.0,6.0,13.0,1,0.0010509721492380452
3.0,4.0,0.0,7.0,14.0,1,0.0010509721492380452
3.0,3.0,4.0,2.0,12.0,1,0.0010509721492380452
3.0,3.0,4.0,4.0,14.0,1,0.0010509721492380452
3.0,3.0,4.0,6.0,16.0,1,0.0010509721492380452
3.0,3.0,5.0,0.0,11.0,1,0.0010509721492380452
3.0,3.0,5.0,5.0,16.0,1,0.0010509721492380452
3.0,3.0,5.0,6.0,17.0,1,0.0010509721492380452
3.0,3.0,6.0,5.0,17.0,1,0.0010509721492380452
4.0,0.0,16.0,5.0,25.0,1,0.0010509721492380452
4.0,0.0,17.0,2.0,23.0,1,0.0010509721492380452
4.0,2.0,2.0,4.0,12.0,1,0.0010509721492380452
4.0,2.0,2.0,5.0,13.0,1,0.0010509721492380452
0.0,10.0,14.0,0.0,24.0,1,0.0010509721492380452
0.0,10.0,15.0,0.0,25.0,1,0.0010509721492380452
4.0,0.0,19.0,2.0,25.0,1,0.0010509721492380452
0.0,0.0,5.0,7.5,12.5,1,0.0010509721492380452
0.0,0.0,5.0,13.0,18.0,1,0.0010509721492380452
0.0,9.0,11.5,0.0,20.5,1,0.0010509721492380452
0.0,9.0,15.5,0.0,24.5,1,0.0010509721492380452
0.0,9.0,16.0,0.0,25.0,1,0.0010509721492380452
0.0,9.5,12.5,0.0,22.0,1,0.0010509721492380452
0.0,9.5,15.5,0.0,25.0,1,0.0010509721492380452
4.0,0.0,14.0,4.0,22.0,1,0.0010509721492380452
4.0,0.0,14.0,7.0,25.0,1,0.0010509721492380452
4.0,0.0,15.0,5.0,24.0,1,0.0010509721492380452
4.0,0.0,16.0,2.0,22.0,1,0.0010509721492380452
1.0,3.0,10.0,1.0,15.0,1,0.0010509721492380452
4.0,2.0,6.0,2.0,14.0,1,0.0010509721492380452
4.0,2.0,6.0,3.0,15.0,1,0.0010509721492380452
0.0,9.0,0.0,4.0,13.0,1,0.0010509721492380452
0.0,9.0,0.0,5.0,14.0,1,0.0010509721492380452
0.0,10.0,0.0,1.0,11.0,1,0.0010509721492380452
0.0,10.0,0.0,2.0,12.0,1,0.0010509721492380452
4.0,0.0,24.0,11.0,39.0,1,0.0010509721492380452
4.0,0.0,27.0,0.0,31.0,1,0.0010509721492380452
4.0,1.0,2.0,14.0,21.0,1,0.0010509721492380452
4.0,1.0,5.0,3.0,13.0,1,0.0010509721492380452
4.0,1.0,7.0,1.0,13.0,1,0.0010509721492380452
4.0,1.0,12.0,0.0,17.0,1,0.0010509721492380452
4.0,2.0,0.0,2.0,8.0,1,0.0010509721492380452
4.0,2.0,0.0,3.0,9.0,1,0.0010509721492380452
4.0,2.0,0.0,6.0,12.0,1,0.0010509721492380452
4.0,2.0,4.0,3.0,13.0,1,0.0010509721492380452
4.0,2.0,4.0,4.0,14.0,1,0.0010509721492380452
4.0,2.0,4.0,6.0,16.0,1,0.0010509721492380452
4.0,2.0,4.0,11.0,21.0,1,0.0010509721492380452
3.0,3.0,6.0,6.0,18.0,1,0.0010509721492380452
3.0,3.0,6.0,7.0,19.0,1,0.0010509721492380452
1.0,2.0,1.0,0.0,4.0,1,0.0010509721492380452
1.0,2.0,3.0,0.0,6.0,1,0.0010509721492380452
1.0,2.0,6.0,0.0,9.0,1,0.0010509721492380452
1.0,2.0,8.0,0.0,11.0,1,0.0010509721492380452
1.0,3.0,4.0,5.0,13.0,1,0.0010509721492380452
1.0,3.0,5.0,3.0,12.0,1,0.0010509721492380452
1.0,3.0,6.0,0.0,10.0,1,0.0010509721492380452
1.0,3.0,6.0,2.0,12.0,1,0.0010509721492380452
1.0,3.0,8.0,0.0,12.0,1,0.0010509721492380452
1.0,3.0,9.0,0.0,13.0,1,0.0010509721492380452
4.0,3.0,0.0,5.0,12.0,1,0.0010509721492380452
4.0,3.0,1.0,5.0,13.0,1,0.0010509721492380452
4.0,3.0,2.0,3.0,12.0,1,0.0010509721492380452
4.0,3.0,2.0,4.0,13.0,1,0.0010509721492380452
0.0,9.0,2.0,4.0,15.0,1,0.0010509721492380452
0.0,9.0,5.0,3.0,17.0,1,0.0010509721492380452
4.0,2.0,8.0,2.0,16.0,1,0.0010509721492380452
4.0,2.0,8.0,3.0,17.0,1,0.0010509721492380452
4.0,2.0,9.0,2.0,17.0,1,0.0010509721492380452
4.0,2.0,9.0,3.0,18.0,1,0.0010509721492380452
4.0,2.0,12.0,5.0,23.0,1,0.0010509721492380452
4.0,2.0,13.0,2.0,21.0,1,0.0010509721492380452
4.0,2.0,14.5,0.0,20.5,1,0.0010509721492380452
4.0,2.0,15.0,0.0,21.0,1,0.0010509721492380452
4.0,2.0,3.0,5.0,14.0,1,0.0010509721492380452
4.0,2.0,4.0,2.0,12.0,1,0.0010509721492380452
3.0,2.0,14.0,0.0,19.0,1,0.0010509721492380452
3.0,2.0,17.5,0.0,22.5,1,0.0010509721492380452
3.0,2.0,18.5,0.0,23.5,1,0.0010509721492380452
0.0,8.0,3.0,4.0,15.0,1,0.0010509721492380452
0.0,8.0,3.0,6.0,17.0,1,0.0010509721492380452
0.0,8.0,4.0,4.0,16.0,1,0.0010509721492380452
0.0,8.0,4.0,5.0,17.0,1,0.0010509721492380452
0.0,8.0,5.0,3.0,16.0,1,0.0010509721492380452
0.0,8.0,6.0,2.0,16.0,1,0.0010509721492380452
0.0,8.0,12.5,0.0,20.5,1,0.0010509721492380452
0.0,8.0,15.5,0.0,23.5,1,0.0010509721492380452
0.0,8.0,16.5,0.0,24.5,1,0.0010509721492380452
0.0,8.5,8.0,5.0,21.5,1,0.0010509721492380452
4.0,2.0,18.0,0.0,24.0,1,0.0010509721492380452
4.0,3.0,0.0,2.0,9.0,1,0.0010509721492380452
4.0,3.0,0.0,3.0,10.0,1,0.0010509721492380452
4.0,3.0,4.0,1.0,12.0,1,0.0010509721492380452
4.0,3.0,4.0,2.0,13.0,1,0.0010509721492380452
4.0,3.0,5.0,4.0,16.0,1,0.0010509721492380452
4.0,3.0,6.0,3.0,16.0,1,0.0010509721492380452
4.0,3.0,8.0,3.0,18.0,1,0.0010509721492380452
4.0,3.0,9.0,2.0,18.0,1,0.0010509721492380452
3.0,3.0,0.0,12.0,18.0,1,0.0010509721492380452
3.0,3.0,1.0,0.0,7.0,1,0.0010509721492380452
3.0,3.0,2.0,6.0,14.0,1,0.0010509721492380452
3.0,3.0,3.0,4.0,13.0,1,0.0010509721492380452
3.0,3.0,3.0,9.0,18.0,1,0.0010509721492380452
3.0,2.0,11.0,3.0,19.0,1,0.0010509721492380452
3.0,2.0,12.0,3.0,20.0,1,0.0010509721492380452
3.0,2.0,12.0,4.0,21.0,1,0.0010509721492380452
3.0,2.0,13.0,7.0,25.0,1,0.0010509721492380452
3.0,2.0,13.5,0.0,18.5,1,0.0010509721492380452
0.0,7.5,6.0,0.0,13.5,1,0.0010509721492380452
0.0,7.5,16.0,0.0,23.5,1,0.0010509721492380452
0.0,8.0,0.0,5.0,13.0,1,0.0010509721492380452
0.0,8.0,7.0,3.0,18.0,1,0.0010509721492380452
0.0,8.0,8.0,2.0,18.0,1,0.0010509721492380452
4.0,3.0,9.0,5.0,21.0,1,0.0010509721492380452
4.0,3.0,16.0,0.0,23.0,1,0.0010509721492380452
4.0,3.0,16.5,0.0,23.5,1,0.0010509721492380452
4.0,3.0,18.0,0.0,25.0,1,0.0010509721492380452
4.0,4.0,2.0,2.0,12.0,1,0.0010509721492380452
4.0,4.0,2.0,3.0,13.0,1,0.0010509721492380452
4.0,4.0,2.0,4.0,14.0,1,0.0010509721492380452
4.0,4.0,2.0,7.0,17.0,1,0.0010509721492380452
4.0,4.0,3.0,2.0,13.0,1,0.0010509721492380452
4.0,4.0,3.0,3.0,14.0,1,0.0010509721492380452
4.0,3.0,3.0,5.0,15.0,1,0.0010509721492380452
3.0,2.0,4.0,6.0,15.0,1,0.0010509721492380452
3.0,2.0,5.0,0.0,10.0,1,0.0010509721492380452
4.0,4.0,17.0,0.0,25.0,1,0.0010509721492380452
4.0,5.0,0.0,0.0,9.0,1,0.0010509721492380452
4.0,5.0,0.0,4.0,13.0,1,0.0010509721492380452
4.0,5.0,0.0,7.0,16.0,1,0.0010509721492380452
4.0,5.0,2.0,2.0,13.0,1,0.0010509721492380452
4.0,5.0,2.0,6.0,17.0,1,0.0010509721492380452
4.0,4.0,4.0,5.0,17.0,1,0.0010509721492380452
4.0,4.0,4.0,7.0,19.0,1,0.0010509721492380452
4.0,4.0,5.0,0.0,13.0,1,0.0010509721492380452
4.0,4.0,6.0,8.0,22.0,1,0.0010509721492380452
4.0,4.0,7.0,5.0,20.0,1,0.0010509721492380452
0.0,7.0,17.5,0.0,24.5,1,0.0010509721492380452
0.0,7.0,18.0,0.0,25.0,1,0.0010509721492380452
0.0,7.5,0.0,6.0,13.5,1,0.0010509721492380452
0.0,7.0,13.5,0.0,20.5,1,0.0010509721492380452
0.0,8.0,0.0,7.0,15.0,1,0.0010509721492380452
0.0,8.0,2.0,2.0,12.0,1,0.0010509721492380452
0.0,8.0,3.0,1.0,12.0,1,0.0010509721492380452
4.0,4.0,10.0,5.0,23.0,1,0.0010509721492380452
3.0,2.0,19.0,0.0,24.0,1,0.0010509721492380452
1.0,3.0,1.0,1.0,6.0,1,0.0010509721492380452
1.0,3.0,2.0,0.0,6.0,1,0.0010509721492380452
1.0,3.0,3.0,0.0,7.0,1,0.0010509721492380452
1.0,3.0,3.0,6.0,13.0,1,0.0010509721492380452
1.0,3.0,3.0,7.0,14.0,1,0.0010509721492380452
1.0,5.0,0.0,0.0,6.0,1,0.0010509721492380452
1.0,5.0,0.0,2.0,8.0,1,0.0010509721492380452
1.0,5.0,1.0,0.0,7.0,1,0.0010509721492380452
1.0,5.0,3.0,6.0,15.0,1,0.0010509721492380452
1.0,5.0,6.0,0.0,12.0,1,0.0010509721492380452
4.0,7.0,0.0,2.0,13.0,1,0.0010509721492380452
4.0,7.0,5.0,0.0,16.0,1,0.0010509721492380452
4.0,7.0,5.0,2.0,18.0,1,0.0010509721492380452
4.0,5.0,4.0,4.0,17.0,1,0.0010509721492380452
4.0,5.0,5.0,0.0,14.0,1,0.0010509721492380452
4.0,5.0,7.0,0.0,16.0,1,0.0010509721492380452
4.0,5.0,9.0,4.0,22.0,1,0.0010509721492380452
4.0,5.0,11.0,0.0,20.0,1,0.0010509721492380452
4.0,5.0,14.0,0.0,23.0,1,0.0010509721492380452
4.0,5.0,16.0,0.0,25.0,1,0.0010509721492380452
4.0,6.0,0.0,0.0,10.0,1,0.0010509721492380452
0.0,7.0,6.0,2.0,15.0,1,0.0010509721492380452
0.0,7.0,6.0,4.0,17.0,1,0.0010509721492380452
0.0,7.0,7.0,4.0,18.0,1,0.0010509721492380452
0.0,7.0,9.0,1.0,17.0,1,0.0010509721492380452
0.0,7.0,9.0,2.0,18.0,1,0.0010509721492380452
3.0,2.0,4.0,4.0,13.0,1,0.0010509721492380452
1.0,4.0,0.0,0.0,5.0,1,0.0010509721492380452
4.0,8.0,5.0,1.0,18.0,1,0.0010509721492380452
4.0,8.0,9.0,0.0,21.0,1,0.0010509721492380452
4.0,9.0,1.0,0.0,14.0,1,0.0010509721492380452
4.0,9.0,2.0,0.0,15.0,1,0.0010509721492380452
4.0,9.0,4.0,0.0,17.0,1,0.0010509721492380452
0.0,7.0,14.0,0.0,21.0,1,0.0010509721492380452
4.0,6.0,0.0,4.0,14.0,1,0.0010509721492380452
4.0,6.0,1.0,4.0,15.0,1,0.0010509721492380452
4.0,6.0,3.0,2.0,15.0,1,0.0010509721492380452
4.0,6.0,6.0,1.0,17.0,1,0.0010509721492380452
4.0,6.0,8.0,3.0,21.0,1,0.0010509721492380452
4.0,6.0,9.0,0.0,19.0,1,0.0010509721492380452
4.0,6.0,11.0,0.0,21.0,1,0.0010509721492380452
4.0,7.0,0.0,0.0,11.0,1,0.0010509721492380452
4.0,7.5,12.0,0.0,23.5,1,0.0010509721492380452
4.0,8.0,1.0,0.0,13.0,1,0.0010509721492380452
4.0,8.0,2.0,0.0,14.0,1,0.0010509721492380452
4.0,8.0,3.0,3.0,18.0,1,0.0010509721492380452
4.0,8.0,4.0,0.0,16.0,1,0.0010509721492380452
3.0,2.0,6.0,0.0,11.0,1,0.0010509721492380452
3.0,2.0,6.0,2.0,13.0,1,0.0010509721492380452
3.0,2.0,6.0,7.0,18.0,1,0.0010509721492380452
3.0,2.0,8.0,2.0,15.0,1,0.0010509721492380452
3.0,2.0,9.0,4.0,18.0,1,0.0010509721492380452
3.0,2.0,10.0,2.0,17.0,1,0.0010509721492380452
3.0,2.0,11.0,2.0,18.0,1,0.0010509721492380452
3.0,2.0,0.0,12.0,17.0,1,0.0010509721492380452
3.0,2.0,2.0,9.0,16.0,1,0.0010509721492380452
3.0,2.0,3.0,2.0,10.0,1,0.0010509721492380452
3.0,2.0,3.0,5.0,13.0,1,0.0010509721492380452
0.0,7.0,4.0,4.0,15.0,1,0.0010509721492380452
4.0,9.0,5.0,0.0,18.0,1,0.0010509721492380452
4.0,10.0,3.0,0.0,17.0,1,0.0010509721492380452
4.0,10.0,4.0,0.0,18.0,1,0.0010509721492380452
4.0,10.0,9.0,0.0,23.0,1,0.0010509721492380452
4.0,11.0,0.0,0.0,15.0,1,0.0010509721492380452
4.0,12.0,2.0,0.0,18.0,1,0.0010509721492380452
4.0,16.0,5.0,0.0,25.0,1,0.0010509721492380452
4.5,0.0,0.0,3.0,7.5,1,0.0010509721492380452
4.5,0.0,0.0,8.0,12.5,1,0.0010509721492380452
4.5,0.0,2.0,0.0,6.5,1,0.0010509721492380452
4.5,0.0,2.0,6.0,12.5,1,0.0010509721492380452
4.5,0.0,3.0,6.0,13.5,1,0.0010509721492380452
4.5,0.0,5.0,4.0,13.5,1,0.0010509721492380452
4.5,0.0,6.0,8.5,19.0,1,0.0010509721492380452
4.0,7.0,10.0,0.0,21.0,1,0.0010509721492380452
4.5,0.0,13.0,0.0,17.5,1,0.0010509721492380452
4.5,0.0,13.5,6.0,24.0,1,0.0010509721492380452
4.5,0.0,14.0,4.5,23.0,1,0.0010509721492380452
4.5,0.0,15.0,5.0,24.5,1,0.0010509721492380452
4.5,0.0,16.0,3.0,23.5,1,0.0010509721492380452
4.5,0.0,8.0,0.0,12.5,1,0.0010509721492380452
4.5,0.0,9.0,10.0,23.5,1,0.0010509721492380452
4.5,0.0,9.5,5.0,19.0,1,0.0010509721492380452
4.5,0.0,9.5,9.0,23.0,1,0.0010509721492380452
4.5,0.0,11.0,4.0,19.5,1,0.0010509721492380452
4.5,0.0,11.5,0.0,16.0,1,0.0010509721492380452
0.0,7.0,0.0,6.0,13.0,1,0.0010509721492380452
0.0,7.0,1.0,0.0,8.0,1,0.0010509721492380452
0.0,7.0,2.0,4.0,13.0,1,0.0010509721492380452
0.0,7.0,3.0,3.0,13.0,1,0.0010509721492380452
0.0,7.0,4.0,0.0,11.0,1,0.0010509721492380452
3.0,1.0,5.0,9.0,18.0,1,0.0010509721492380452
3.0,1.0,6.0,0.0,10.0,1,0.0010509721492380452
3.0,1.0,7.0,2.0,13.0,1,0.0010509721492380452
3.0,1.0,8.0,2.0,14.0,1,0.0010509721492380452
4.5,0.0,17.0,3.0,24.5,1,0.0010509721492380452
4.5,0.0,18.5,2.0,25.0,1,0.0010509721492380452
4.5,2.0,12.0,0.0,18.5,1,0.0010509721492380452
4.5,2.0,12.5,3.0,22.0,1,0.0010509721492380452
4.5,2.0,13.0,0.0,19.5,1,0.0010509721492380452
4.5,2.0,15.0,0.0,21.5,1,0.0010509721492380452
0.0,7.0,4.0,8.0,19.0,1,0.0010509721492380452
0.0,7.0,5.0,4.0,16.0,1,0.0010509721492380452
4.5,0.0,12.0,3.0,19.5,1,0.0010509721492380452
4.5,0.0,12.0,4.0,20.5,1,0.0010509721492380452
4.5,0.0,12.0,5.0,21.5,1,0.0010509721492380452
4.5,0.0,12.5,0.0,17.0,1,0.0010509721492380452
4.5,6.0,6.0,6.0,22.5,1,0.0010509721492380452
0.0,6.0,16.5,0.0,22.5,1,0.0010509721492380452
0.0,6.5,15.0,0.0,21.5,1,0.0010509721492380452
0.0,7.0,0.0,3.0,10.0,1,0.0010509721492380452
4.5,0.0,16.5,2.0,23.0,1,0.0010509721492380452
1.0,4.0,0.0,2.0,7.0,1,0.0010509721492380452
1.0,4.0,1.0,0.0,6.0,1,0.0010509721492380452
1.0,4.0,2.0,0.0,7.0,1,0.0010509721492380452
1.0,4.0,6.0,3.0,14.0,1,0.0010509721492380452
1.0,4.0,8.0,0.0,13.0,1,0.0010509721492380452
1.0,4.0,11.0,0.0,16.0,1,0.0010509721492380452
1.0,4.0,12.0,0.0,17.0,1,0.0010509721492380452
1.0,4.0,13.0,0.0,18.0,1,0.0010509721492380452
1.0,8.0,2.0,2.0,13.0,1,0.0010509721492380452
1.0,9.0,0.0,0.0,10.0,1,0.0010509721492380452
3.0,1.0,5.0,3.0,12.0,1,0.0010509721492380452
5.0,0.0,1.0,6.0,12.0,1,0.0010509721492380452
4.5,2.0,18.5,0.0,25.0,1,0.0010509721492380452
4.5,3.0,8.0,0.0,15.5,1,0.0010509721492380452
4.5,3.0,14.0,2.0,23.5,1,0.0010509721492380452
4.5,3.0,15.0,0.0,22.5,1,0.0010509721492380452
4.5,3.0,16.0,0.0,23.5,1,0.0010509721492380452
4.5,3.0,16.5,0.0,24.0,1,0.0010509721492380452
4.5,3.0,17.0,0.0,24.5,1,0.0010509721492380452
4.5,4.0,5.0,0.0,13.5,1,0.0010509721492380452
4.5,4.0,16.0,0.0,24.5,1,0.0010509721492380452
4.5,4.5,8.0,0.0,17.0,1,0.0010509721492380452
4.5,4.5,14.0,0.0,23.0,1,0.0010509721492380452
4.5,4.5,15.0,0.0,24.0,1,0.0010509721492380452
4.5,5.0,6.0,2.0,17.5,1,0.0010509721492380452
4.5,5.0,15.5,0.0,25.0,1,0.0010509721492380452
4.5,6.0,6.0,0.0,16.5,1,0.0010509721492380452
1.0,6.0,5.0,3.0,15.0,1,0.0010509721492380452
0.0,6.0,7.0,2.0,15.0,1,0.0010509721492380452
0.0,6.0,7.0,5.0,18.0,1,0.0010509721492380452
0.0,6.0,8.5,0.0,14.5,1,0.0010509721492380452
0.0,6.0,11.0,6.0,23.0,1,0.0010509721492380452
4.5,10.0,10.0,0.0,24.5,1,0.0010509721492380452
4.5,11.0,6.0,0.0,21.5,1,0.0010509721492380452
4.5,11.0,8.0,0.0,23.5,1,0.0010509721492380452
4.5,12.0,6.0,0.0,22.5,1,0.0010509721492380452
4.5,17.0,3.0,0.0,24.5,1,0.0010509721492380452
5.0,0.0,0.0,1.0,6.0,1,0.0010509721492380452
5.0,0.0,0.0,7.5,12.5,1,0.0010509721492380452
5.0,0.0,0.0,8.5,13.5,1,0.0010509721492380452
5.0,0.0,0.0,11.0,16.0,1,0.0010509721492380452
5.0,0.0,0.0,13.0,18.0,1,0.0010509721492380452
5.0,0.0,0.0,15.0,20.0,1,0.0010509721492380452
5.0,0.0,2.0,11.0,18.0,1,0.0010509721492380452
5.0,0.0,3.0,2.0,10.0,1,0.0010509721492380452
0.0,0.0,12.5,6.0,18.5,1,0.0010509721492380452
0.0,6.0,6.0,5.0,17.0,1,0.0010509721492380452
0.0,6.0,6.0,6.0,18.0,1,0.0010509721492380452
3.0,1.0,10.0,0.0,14.0,1,0.0010509721492380452
3.0,1.0,11.0,2.0,17.0,1,0.0010509721492380452
3.0,1.0,12.0,0.0,16.0,1,0.0010509721492380452
3.0,1.0,16.0,0.0,20.0,1,0.0010509721492380452
3.0,2.0,0.0,7.0,12.0,1,0.0010509721492380452
3.0,2.0,0.0,8.0,13.0,1,0.0010509721492380452
3.0,1.0,4.0,0.0,8.0,1,0.0010509721492380452
3.0,1.0,5.0,0.0,9.0,1,0.0010509721492380452
1.0,5.0,10.0,0.0,16.0,1,0.0010509721492380452
1.0,6.0,3.0,3.0,13.0,1,0.0010509721492380452
1.0,6.0,3.0,4.0,14.0,1,0.0010509721492380452
0.0,6.0,3.0,7.0,16.0,1,0.0010509721492380452
0.0,6.0,4.0,2.0,12.0,1,0.0010509721492380452
0.0,6.0,5.0,5.0,16.0,1,0.0010509721492380452
0.0,6.0,6.0,4.0,16.0,1,0.0010509721492380452
0.0,0.0,12.0,7.5,19.5,1,0.0010509721492380452
0.0,0.0,12.0,9.5,21.5,1,0.0010509721492380452
0.0,0.0,12.0,11.5,23.5,1,0.0010509721492380452
5.0,0.0,4.0,2.0,11.0,1,0.0010509721492380452
5.0,0.0,4.0,5.0,14.0,1,0.0010509721492380452
5.0,0.0,4.0,7.0,16.0,1,0.0010509721492380452
5.0,0.0,4.0,8.0,17.0,1,0.0010509721492380452
5.0,0.0,4.5,5.0,14.5,1,0.0010509721492380452
5.0,0.0,5.0,7.0,17.0,1,0.0010509721492380452
5.0,0.0,2.0,2.0,9.0,1,0.0010509721492380452
5.0,0.0,2.0,8.0,15.0,1,0.0010509721492380452
5.0,0.0,2.0,9.0,16.0,1,0.0010509721492380452
5.0,0.0,8.0,10.0,23.0,1,0.0010509721492380452
5.0,0.0,8.0,11.0,24.0,1,0.0010509721492380452
5.0,0.0,9.0,1.0,15.0,1,0.0010509721492380452
5.0,0.0,9.0,4.0,18.0,1,0.0010509721492380452
5.0,0.0,9.0,7.0,21.0,1,0.0010509721492380452
5.0,0.0,9.5,0.0,14.5,1,0.0010509721492380452
5.0,0.0,9.5,9.0,23.5,1,0.0010509721492380452
5.0,0.0,10.0,1.0,16.0,1,0.0010509721492380452
5.0,0.0,5.0,9.0,19.0,1,0.0010509721492380452
5.0,0.0,5.0,10.0,20.0,1,0.0010509721492380452
5.0,0.0,6.0,6.0,17.0,1,0.0010509721492380452
5.0,0.0,7.0,6.0,18.0,1,0.0010509721492380452
0.0,6.0,2.0,3.0,11.0,1,0.0010509721492380452
0.0,6.0,2.0,4.0,12.0,1,0.0010509721492380452
0.0,6.0,2.0,5.0,13.0,1,0.0010509721492380452
0.0,6.0,2.0,7.0,15.0,1,0.0010509721492380452
3.0,0.0,15.0,6.5,24.5,1,0.0010509721492380452
3.0,0.0,15.5,0.0,18.5,1,0.0010509721492380452
3.0,0.0,16.0,2.0,21.0,1,0.0010509721492380452
3.0,0.0,17.0,2.0,22.0,1,0.0010509721492380452
5.0,0.0,13.5,6.0,24.5,1,0.0010509721492380452
5.0,0.0,14.0,2.0,21.0,1,0.0010509721492380452
0.0,5.0,8.0,3.0,16.0,1,0.0010509721492380452
0.0,5.0,8.0,5.0,18.0,1,0.0010509721492380452
0.0,5.0,10.0,9.5,24.5,1,0.0010509721492380452
0.0,6.0,6.0,2.0,14.0,1,0.0010509721492380452
0.0,5.0,16.5,0.0,21.5,1,0.0010509721492380452
0.0,5.0,17.5,0.0,22.5,1,0.0010509721492380452
0.0,6.0,0.0,11.0,17.0,1,0.0010509721492380452
0.0,6.0,1.0,0.0,7.0,1,0.0010509721492380452
5.0,0.0,7.5,0.0,12.5,1,0.0010509721492380452
5.0,0.0,8.0,1.0,14.0,1,0.0010509721492380452
5.0,0.0,10.5,0.0,15.5,1,0.0010509721492380452
5.0,0.0,10.5,2.0,17.5,1,0.0010509721492380452
5.0,0.0,12.0,4.0,21.0,1,0.0010509721492380452
5.0,0.0,12.5,0.0,17.5,1,0.0010509721492380452
5.0,0.0,13.0,6.0,24.0,1,0.0010509721492380452
1.0,6.0,6.0,0.0,13.0,1,0.0010509721492380452
1.0,6.0,8.0,0.0,15.0,1,0.0010509721492380452
1.0,6.0,9.0,0.0,16.0,1,0.0010509721492380452
1.0,7.0,6.0,0.0,14.0,1,0.0010509721492380452
1.0,7.0,7.0,0.0,15.0,1,0.0010509721492380452
1.0,7.0,8.0,0.0,16.0,1,0.0010509721492380452
1.0,8.0,0.0,6.0,15.0,1,0.0010509721492380452
3.0,0.0,13.0,3.0,19.0,1,0.0010509721492380452
3.0,0.0,13.5,0.0,16.5,1,0.0010509721492380452
3.0,0.0,15.0,2.0,20.0,1,0.0010509721492380452
3.0,0.0,15.0,4.0,22.0,1,0.0010509721492380452
0.0,5.0,5.0,3.0,13.0,1,0.0010509721492380452
0.0,5.0,6.0,0.0,11.0,1,0.0010509721492380452
0.0,5.0,11.0,1.0,17.0,1,0.0010509721492380452
0.0,5.0,13.5,0.0,18.5,1,0.0010509721492380452
0.0,5.0,13.5,3.0,21.5,1,0.0010509721492380452
0.0,5.0,15.0,4.0,24.0,1,0.0010509721492380452
5.0,0.0,14.0,5.0,24.0,1,0.0010509721492380452
5.0,0.0,14.0,6.0,25.0,1,0.0010509721492380452
5.0,0.0,14.5,0.0,19.5,1,0.0010509721492380452
5.0,0.0,15.0,4.0,24.0,1,0.0010509721492380452
5.0,0.0,16.0,3.0,24.0,1,0.0010509721492380452
5.0,0.0,17.0,2.0,24.0,1,0.0010509721492380452
5.0,0.0,17.0,3.0,25.0,1,0.0010509721492380452
5.0,1.0,9.0,0.0,15.0,1,0.0010509721492380452
5.0,1.0,10.0,0.0,16.0,1,0.0010509721492380452
5.0,1.0,12.0,0.0,18.0,1,0.0010509721492380452
1.0,10.0,9.0,0.0,20.0,1,0.0010509721492380452
1.0,11.0,2.0,0.0,14.0,1,0.0010509721492380452
1.0,12.0,2.0,0.0,15.0,1,0.0010509721492380452
2.0,0.0,0.0,4.5,6.5,1,0.0010509721492380452
5.0,2.0,3.0,4.0,14.0,1,0.0010509721492380452
5.0,2.0,4.0,2.0,13.0,1,0.0010509721492380452
5.0,2.0,6.0,3.0,16.0,1,0.0010509721492380452
5.0,2.0,6.0,4.0,17.0,1,0.0010509721492380452
5.0,2.0,13.0,0.0,20.0,1,0.0010509721492380452
5.0,1.0,15.0,0.0,21.0,1,0.0010509721492380452
5.0,2.0,0.0,7.0,14.0,1,0.0010509721492380452
5.0,2.0,0.0,8.0,15.0,1,0.0010509721492380452
5.0,2.0,0.0,9.0,16.0,1,0.0010509721492380452
5.0,2.0,3.0,0.0,10.0,1,0.0010509721492380452
0.0,5.0,3.0,4.0,12.0,1,0.0010509721492380452
0.0,5.0,4.0,3.0,12.0,1,0.0010509721492380452
0.0,5.0,0.0,9.0,14.0,1,0.0010509721492380452
0.0,5.0,6.0,2.0,13.0,1,0.0010509721492380452
0.0,5.0,6.0,3.0,14.0,1,0.0010509721492380452
0.0,5.0,6.0,5.0,16.0,1,0.0010509721492380452
0.0,5.0,6.0,7.0,18.0,1,0.0010509721492380452
0.0,5.0,7.5,0.0,12.5,1,0.0010509721492380452
5.0,2.0,3.0,3.0,13.0,1,0.0010509721492380452
3.0,0.0,17.0,4.0,24.0,1,0.0010509721492380452
3.0,0.0,17.0,5.0,25.0,1,0.0010509721492380452
3.0,0.0,17.5,0.0,20.5,1,0.0010509721492380452
3.0,0.0,17.5,2.0,22.5,1,0.0010509721492380452
3.0,0.0,18.0,3.0,24.0,1,0.0010509721492380452
3.0,1.0,0.0,0.0,4.0,1,0.0010509721492380452
3.0,1.0,2.0,0.0,6.0,1,0.0010509721492380452
1.0,9.0,2.0,0.0,12.0,1,0.0010509721492380452
1.0,9.0,6.0,0.0,16.0,1,0.0010509721492380452
3.0,0.0,10.0,1.0,14.0,1,0.0010509721492380452
5.0,3.0,11.0,3.0,22.0,1,0.0010509721492380452
5.0,4.0,0.0,5.0,14.0,1,0.0010509721492380452
5.0,4.0,0.0,6.0,15.0,1,0.0010509721492380452
5.0,4.0,2.0,3.0,14.0,1,0.0010509721492380452
5.0,2.0,15.0,0.0,22.0,1,0.0010509721492380452
5.0,2.0,15.5,0.0,22.5,1,0.0010509721492380452
5.0,2.0,18.0,0.0,25.0,1,0.0010509721492380452
5.0,3.0,0.0,4.0,12.0,1,0.0010509721492380452
5.0,3.0,1.0,3.0,12.0,1,0.0010509721492380452
5.0,3.0,2.0,6.0,16.0,1,0.0010509721492380452
0.0,4.5,20.5,0.0,25.0,1,0.0010509721492380452
0.0,5.0,0.0,1.0,6.0,1,0.0010509721492380452
0.0,5.0,0.0,2.0,7.0,1,0.0010509721492380452
0.0,5.0,0.0,5.0,10.0,1,0.0010509721492380452
0.0,5.0,0.0,8.0,13.0,1,0.0010509721492380452
0.0,5.0,0.0,12.0,17.0,1,0.0010509721492380452
0.0,5.0,1.0,7.0,13.0,1,0.0010509721492380452
0.0,5.0,2.0,2.0,9.0,1,0.0010509721492380452
0.0,5.0,2.0,6.0,13.0,1,0.0010509721492380452
5.0,3.0,3.0,6.0,17.0,1,0.0010509721492380452
2.0,0.0,0.0,10.5,12.5,1,0.0010509721492380452
3.0,0.0,12.5,0.0,15.5,1,0.0010509721492380452
0.0,0.0,8.0,4.5,12.5,1,0.0010509721492380452
0.0,0.0,8.0,12.0,20.0,1,0.0010509721492380452
0.0,0.0,8.0,13.0,21.0,1,0.0010509721492380452
0.0,0.0,8.5,8.0,16.5,1,0.0010509721492380452
2.0,0.0,3.0,1.0,6.0,1,0.0010509721492380452
2.0,0.0,3.0,6.0,11.0,1,0.0010509721492380452
2.0,0.0,3.0,11.0,16.0,1,0.0010509721492380452
0.0,0.0,11.0,13.0,24.0,1,0.0010509721492380452
0.0,0.0,11.5,6.0,17.5,1,0.0010509721492380452
5.0,5.0,11.0,0.0,21.0,1,0.0010509721492380452
5.0,5.0,13.5,0.0,23.5,1,0.0010509721492380452
5.0,5.0,14.0,0.0,24.0,1,0.0010509721492380452
5.0,6.0,0.0,2.0,13.0,1,0.0010509721492380452
5.0,4.0,3.0,2.0,14.0,1,0.0010509721492380452
5.0,4.0,3.0,4.0,16.0,1,0.0010509721492380452
5.0,4.0,4.0,6.0,19.0,1,0.0010509721492380452
5.0,4.0,5.0,0.0,14.0,1,0.0010509721492380452
5.0,4.0,6.0,2.0,17.0,1,0.0010509721492380452
5.0,4.0,6.0,3.0,18.0,1,0.0010509721492380452
5.0,4.0,8.0,4.0,21.0,1,0.0010509721492380452
5.0,4.0,10.0,0.0,19.0,1,0.0010509721492380452
5.0,4.0,11.0,3.0,23.0,1,0.0010509721492380452
5.0,4.0,14.0,0.0,23.0,1,0.0010509721492380452
5.0,4.0,15.5,0.0,24.5,1,0.0010509721492380452
5.0,4.5,4.0,0.0,13.5,1,0.0010509721492380452
5.0,4.5,15.0,0.0,24.5,1,0.0010509721492380452
5.0,5.0,0.0,4.0,14.0,1,0.0010509721492380452
5.0,5.0,2.0,0.0,12.0,1,0.0010509721492380452
5.0,5.0,2.0,1.0,13.0,1,0.0010509721492380452
5.0,5.0,3.0,0.0,13.0,1,0.0010509721492380452
3.0,0.0,12.0,4.5,19.5,1,0.0010509721492380452
3.0,0.0,12.0,5.0,20.0,1,0.0010509721492380452
3.0,0.0,12.0,7.0,22.0,1,0.0010509721492380452
3.0,0.0,12.0,9.0,24.0,1,0.0010509721492380452
3.0,0.0,12.0,10.0,25.0,1,0.0010509721492380452
2.0,0.0,4.5,0.0,6.5,1,0.0010509721492380452
2.0,0.0,5.0,9.0,16.0,1,0.0010509721492380452
2.0,0.0,5.0,10.0,17.0,1,0.0010509721492380452
2.0,0.0,6.0,1.0,9.0,1,0.0010509721492380452
2.0,0.0,6.0,2.0,10.0,1,0.0010509721492380452
5.0,5.0,5.0,0.0,15.0,1,0.0010509721492380452
5.0,6.0,2.0,0.0,13.0,1,0.0010509721492380452
5.0,6.0,2.0,4.5,17.5,1,0.0010509721492380452
5.0,6.0,2.0,5.0,18.0,1,0.0010509721492380452
5.0,6.0,3.0,6.0,20.0,1,0.0010509721492380452
5.0,6.0,4.0,0.0,15.0,1,0.0010509721492380452
5.0,6.0,6.0,0.0,17.0,1,0.0010509721492380452
5.0,6.0,10.0,0.0,21.0,1,0.0010509721492380452
5.0,6.0,12.5,0.0,23.5,1,0.0010509721492380452
5.0,7.0,0.0,3.0,15.0,1,0.0010509721492380452
5.0,7.0,8.0,4.0,24.0,1,0.0010509721492380452
5.0,8.0,0.0,4.0,17.0,1,0.0010509721492380452
5.0,8.0,3.0,0.0,16.0,1,0.0010509721492380452
5.0,8.0,5.0,0.0,18.0,1,0.0010509721492380452
5.0,8.0,9.5,0.0,22.5,1,0.0010509721492380452
5.0,4.5,11.0,0.0,20.5,1,0.0010509721492380452
5.0,4.5,14.0,0.0,23.5,1,0.0010509721492380452
0.0,4.0,15.0,4.0,23.0,1,0.0010509721492380452
0.0,4.0,15.5,0.0,19.5,1,0.0010509721492380452
0.0,4.0,18.5,2.0,24.5,1,0.0010509721492380452
5.0,9.0,3.0,0.0,17.0,1,0.0010509721492380452
5.0,9.0,11.0,0.0,25.0,1,0.0010509721492380452
5.0,10.0,10.0,0.0,25.0,1,0.0010509721492380452
5.0,11.0,0.0,0.0,16.0,1,0.0010509721492380452
5.0,11.0,2.0,0.0,18.0,1,0.0010509721492380452
0.0,4.5,2.0,0.0,6.5,1,0.0010509721492380452
0.0,4.5,4.5,0.0,9.0,1,0.0010509721492380452
0.0,4.5,7.0,2.0,13.5,1,0.0010509721492380452
0.0,4.5,12.0,5.0,21.5,1,0.0010509721492380452
0.0,4.5,12.0,6.0,22.5,1,0.0010509721492380452
0.0,4.5,15.0,2.0,21.5,1,0.0010509721492380452
0.0,4.5,15.5,0.0,20.0,1,0.0010509721492380452
0.0,4.5,16.5,0.0,21.0,1,0.0010509721492380452
2.0,0.0,6.0,11.0,19.0,1,0.0010509721492380452
0.0,4.0,12.0,5.0,21.0,1,0.0010509721492380452
0.0,4.0,13.0,1.0,18.0,1,0.0010509721492380452
0.0,4.0,13.0,4.0,21.0,1,0.0010509721492380452
0.0,0.0,13.0,6.0,19.0,1,0.0010509721492380452
0.0,0.0,13.0,10.0,23.0,1,0.0010509721492380452
0.0,0.0,13.5,6.0,19.5,1,0.0010509721492380452
0.0,0.0,14.0,4.5,18.5,1,0.0010509721492380452
0.0,0.0,4.0,7.0,11.0,1,0.0010509721492380452
0.0,0.0,4.0,14.0,18.0,1,0.0010509721492380452
0.0,0.0,4.5,2.0,6.5,1,0.0010509721492380452
0.0,0.0,4.5,10.5,15.0,1,0.0010509721492380452
0.0,0.0,4.5,19.5,24.0,1,0.0010509721492380452
0.0,4.0,14.0,4.0,22.0,1,0.0010509721492380452
0.0,4.0,14.0,6.0,24.0,1,0.0010509721492380452
0.0,4.0,14.5,0.0,18.5,1,0.0010509721492380452
0.0,4.5,0.0,9.0,13.5,1,0.0010509721492380452
6.0,0.0,0.0,12.0,18.0,1,0.0010509721492380452
6.0,0.0,0.0,13.0,19.0,1,0.0010509721492380452
6.0,0.0,1.0,6.0,13.0,1,0.0010509721492380452
6.0,0.0,1.0,10.0,17.0,1,0.0010509721492380452
3.0,0.0,7.0,8.0,18.0,1,0.0010509721492380452
3.0,0.0,7.0,10.0,20.0,1,0.0010509721492380452
3.0,0.0,7.5,9.0,19.5,1,0.0010509721492380452
3.0,0.0,8.0,1.0,12.0,1,0.0010509721492380452
3.0,0.0,8.0,6.0,17.0,1,0.0010509721492380452
3.0,0.0,8.0,7.0,18.0,1,0.0010509721492380452
3.0,0.0,9.0,7.0,19.0,1,0.0010509721492380452
2.0,0.0,9.0,6.0,17.0,1,0.0010509721492380452
2.0,0.0,9.0,9.0,20.0,1,0.0010509721492380452
2.0,0.0,6.0,9.0,17.0,1,0.0010509721492380452
2.0,0.0,6.0,10.0,18.0,1,0.0010509721492380452
0.0,0.0,9.0,10.5,19.5,1,0.0010509721492380452
6.0,0.0,5.0,7.0,18.0,1,0.0010509721492380452
6.0,0.0,7.0,1.0,14.0,1,0.0010509721492380452
6.0,0.0,8.0,4.0,18.0,1,0.0010509721492380452
6.0,0.0,8.0,10.0,24.0,1,0.0010509721492380452
0.0,4.0,13.0,5.0,22.0,1,0.0010509721492380452
0.0,4.0,14.0,3.0,21.0,1,0.0010509721492380452
6.0,0.0,3.0,7.0,16.0,1,0.0010509721492380452
6.0,0.0,4.0,6.0,16.0,1,0.0010509721492380452
6.0,0.0,4.0,7.0,17.0,1,0.0010509721492380452
6.0,0.0,4.0,8.0,18.0,1,0.0010509721492380452
6.0,0.0,4.5,6.0,16.5,1,0.0010509721492380452
0.0,4.0,8.0,2.0,14.0,1,0.0010509721492380452
0.0,4.0,8.5,0.0,12.5,1,0.0010509721492380452
0.0,4.0,9.0,3.0,16.0,1,0.0010509721492380452
0.0,4.0,9.0,4.0,17.0,1,0.0010509721492380452
0.0,4.0,6.0,2.0,12.0,1,0.0010509721492380452
0.0,4.0,6.0,8.0,18.0,1,0.0010509721492380452
0.0,4.0,9.0,10.0,23.0,1,0.0010509721492380452
0.0,4.0,11.0,1.0,16.0,1,0.0010509721492380452
0.0,4.0,11.0,2.0,17.0,1,0.0010509721492380452
2.0,0.0,7.0,8.0,17.0,1,0.0010509721492380452
2.0,0.0,7.0,9.0,18.0,1,0.0010509721492380452
3.0,0.0,6.0,12.0,21.0,1,0.0010509721492380452
3.0,0.0,6.0,15.0,24.0,1,0.0010509721492380452
3.0,0.0,7.0,1.0,11.0,1,0.0010509721492380452
2.0,0.0,11.5,0.0,13.5,1,0.0010509721492380452
2.0,0.0,11.5,5.0,18.5,1,0.0010509721492380452
2.0,0.0,12.0,5.0,19.0,1,0.0010509721492380452
2.0,0.0,12.0,7.0,21.0,1,0.0010509721492380452
2.0,0.0,12.0,8.0,22.0,1,0.0010509721492380452
0.0,0.0,9.0,4.5,13.5,1,0.0010509721492380452
3.0,0.0,4.0,4.0,11.0,1,0.0010509721492380452
6.0,0.0,14.5,0.0,20.5,1,0.0010509721492380452
6.0,0.0,15.5,2.0,23.5,1,0.0010509721492380452
6.0,0.0,15.5,3.0,24.5,1,0.0010509721492380452
6.0,0.0,16.0,2.0,24.0,1,0.0010509721492380452
6.0,1.0,3.0,3.0,13.0,1,0.0010509721492380452
6.0,0.0,9.0,5.0,20.0,1,0.0010509721492380452
6.0,0.0,9.0,6.0,21.0,1,0.0010509721492380452
6.0,0.0,10.0,4.0,20.0,1,0.0010509721492380452
6.0,0.0,10.5,4.0,20.5,1,0.0010509721492380452
6.0,0.0,11.0,1.0,18.0,1,0.0010509721492380452
6.0,0.0,11.0,4.0,21.0,1,0.0010509721492380452
6.0,0.0,12.0,2.0,20.0,1,0.0010509721492380452
6.0,0.0,12.0,4.5,22.5,1,0.0010509721492380452
0.0,4.0,5.0,2.0,11.0,1,0.0010509721492380452
0.0,4.0,5.0,5.0,14.0,1,0.0010509721492380452
0.0,4.0,7.0,7.0,18.0,1,0.0010509721492380452
6.0,0.0,12.0,5.0,23.0,1,0.0010509721492380452
6.0,0.0,13.0,2.0,21.0,1,0.0010509721492380452
0.0,0.0,9.0,15.0,24.0,1,0.0010509721492380452
0.0,0.0,9.0,16.0,25.0,1,0.0010509721492380452
0.0,0.0,9.5,5.0,14.5,1,0.0010509721492380452
0.0,0.0,9.5,6.0,15.5,1,0.0010509721492380452
2.0,0.0,8.0,4.0,14.0,1,0.0010509721492380452
2.0,0.0,8.0,8.0,18.0,1,0.0010509721492380452
2.0,0.0,8.0,11.0,21.0,1,0.0010509721492380452
2.0,0.0,14.0,3.0,19.0,1,0.0010509721492380452
2.0,0.0,14.0,7.0,23.0,1,0.0010509721492380452
2.0,0.0,14.0,8.0,24.0,1,0.0010509721492380452
2.0,0.0,14.5,0.0,16.5,1,0.0010509721492380452
2.0,0.0,15.0,1.0,18.0,1,0.0010509721492380452
3.0,0.0,3.0,11.0,17.0,1,0.0010509721492380452
6.0,2.0,7.0,3.0,18.0,1,0.0010509721492380452
6.0,2.0,12.0,0.0,20.0,1,0.0010509721492380452
6.0,2.0,17.0,0.0,25.0,1,0.0010509721492380452
0.0,3.0,36.0,0.0,39.0,1,0.0010509721492380452
0.0,4.0,0.0,1.0,5.0,1,0.0010509721492380452
6.0,2.0,2.0,2.0,12.0,1,0.0010509721492380452
6.0,2.0,2.0,3.0,13.0,1,0.0010509721492380452
6.0,2.0,2.0,4.0,14.0,1,0.0010509721492380452
6.0,2.0,3.0,0.0,11.0,1,0.0010509721492380452
0.0,4.0,2.0,1.0,7.0,1,0.0010509721492380452
0.0,4.0,2.0,6.0,12.0,1,0.0010509721492380452
0.0,4.0,2.0,10.0,16.0,1,0.0010509721492380452
0.0,4.0,2.0,12.0,18.0,1,0.0010509721492380452
0.0,4.0,3.0,2.0,9.0,1,0.0010509721492380452
0.0,4.0,7.0,0.0,11.0,1,0.0010509721492380452
0.0,4.0,7.0,3.0,14.0,1,0.0010509721492380452
0.0,0.0,3.0,18.0,21.0,1,0.0010509721492380452
0.0,0.0,3.0,22.0,25.0,1,0.0010509721492380452
0.0,3.0,14.0,3.0,20.0,1,0.0010509721492380452
0.0,3.0,14.0,7.0,24.0,1,0.0010509721492380452
0.0,3.0,15.0,1.0,19.0,1,0.0010509721492380452
0.0,3.0,15.0,2.0,20.0,1,0.0010509721492380452
0.0,3.0,15.0,3.0,21.0,1,0.0010509721492380452
0.0,3.0,15.0,5.0,23.0,1,0.0010509721492380452
0.0,4.0,3.0,4.0,11.0,1,0.0010509721492380452
0.0,4.0,3.0,6.0,13.0,1,0.0010509721492380452
0.0,4.0,4.0,4.0,12.0,1,0.0010509721492380452
0.0,4.0,4.0,8.0,16.0,1,0.0010509721492380452
0.0,4.0,4.0,9.0,17.0,1,0.0010509721492380452
6.0,2.0,4.0,2.0,14.0,1,0.0010509721492380452
6.0,2.0,6.0,1.0,15.0,1,0.0010509721492380452
6.0,2.0,6.0,3.0,17.0,1,0.0010509721492380452
3.0,0.0,1.0,2.0,6.0,1,0.0010509721492380452
3.0,0.0,1.0,4.0,8.0,1,0.0010509721492380452
3.0,0.0,1.0,9.0,13.0,1,0.0010509721492380452
3.0,0.0,2.0,4.0,9.0,1,0.0010509721492380452
6.0,3.0,3.0,5.0,17.0,1,0.0010509721492380452
6.0,3.0,4.0,3.0,16.0,1,0.0010509721492380452
6.0,3.0,5.0,6.0,20.0,1,0.0010509721492380452
6.0,3.0,6.0,2.0,17.0,1,0.0010509721492380452
6.0,3.0,11.0,4.5,24.5,1,0.0010509721492380452
0.0,4.0,0.0,6.0,10.0,1,0.0010509721492380452
0.0,4.0,0.0,9.0,13.0,1,0.0010509721492380452
0.0,4.0,0.0,10.0,14.0,1,0.0010509721492380452
0.0,4.0,1.0,0.0,5.0,1,0.0010509721492380452
0.0,0.0,3.0,7.0,10.0,1,0.0010509721492380452
0.0,0.0,3.0,13.0,16.0,1,0.0010509721492380452
0.0,0.0,3.0,16.0,19.0,1,0.0010509721492380452
6.0,4.0,11.5,0.0,21.5,1,0.0010509721492380452
0.0,3.0,16.0,2.0,21.0,1,0.0010509721492380452
0.0,3.0,16.5,0.0,19.5,1,0.0010509721492380452
0.0,3.0,17.0,2.0,22.0,1,0.0010509721492380452
0.0,3.0,19.5,2.0,24.5,1,0.0010509721492380452
6.0,3.0,2.0,5.0,16.0,1,0.0010509721492380452
3.0,0.0,4.0,9.0,16.0,1,0.0010509721492380452
3.0,0.0,4.0,10.0,17.0,1,0.0010509721492380452
3.0,0.0,4.5,0.0,7.5,1,0.0010509721492380452
2.0,0.0,10.0,4.0,16.0,1,0.0010509721492380452
2.0,0.0,10.0,5.0,17.0,1,0.0010509721492380452
2.0,0.0,11.0,4.0,17.0,1,0.0010509721492380452
2.0,0.0,11.0,5.0,18.0,1,0.0010509721492380452
0.0,0.0,10.5,6.0,16.5,1,0.0010509721492380452
3.0,0.0,0.0,13.0,16.0,1,0.0010509721492380452
3.0,0.0,0.0,18.0,21.0,1,0.0010509721492380452
6.0,5.0,1.0,2.0,14.0,1,0.0010509721492380452
6.0,5.0,2.0,3.0,16.0,1,0.0010509721492380452
6.0,5.0,3.0,0.0,14.0,1,0.0010509721492380452
6.0,5.0,3.0,2.0,16.0,1,0.0010509721492380452
6.0,3.0,13.5,0.0,22.5,1,0.0010509721492380452
6.0,3.0,14.0,0.0,23.0,1,0.0010509721492380452
6.0,3.0,16.0,0.0,25.0,1,0.0010509721492380452
6.0,4.0,0.0,0.0,10.0,1,0.0010509721492380452
6.0,4.0,0.0,2.0,12.0,1,0.0010509721492380452
6.0,4.0,2.0,0.0,12.0,1,0.0010509721492380452
6.0,4.0,3.0,8.0,21.0,1,0.0010509721492380452
6.0,4.0,4.0,0.0,14.0,1,0.0010509721492380452
6.0,4.0,5.0,0.0,15.0,1,0.0010509721492380452
6.0,4.0,6.0,2.0,18.0,1,0.0010509721492380452
6.0,4.0,9.0,0.0,19.0,1,0.0010509721492380452
6.0,4.0,10.0,0.0,20.0,1,0.0010509721492380452
6.0,5.0,9.5,0.0,20.5,1,0.0010509721492380452
6.0,5.0,12.0,0.0,23.0,1,0.0010509721492380452
6.0,6.0,0.0,2.0,14.0,1,0.0010509721492380452
6.0,6.0,2.0,0.0,14.0,1,0.0010509721492380452
6.0,6.0,5.0,0.0,17.0,1,0.0010509721492380452
0.0,3.0,13.0,3.0,19.0,1,0.0010509721492380452
0.0,0.0,14.0,8.5,22.5,1,0.0010509721492380452
0.0,0.0,14.0,10.0,24.0,1,0.0010509721492380452
0.0,0.0,14.0,10.5,24.5,1,0.0010509721492380452
0.0,0.0,14.5,4.0,18.5,1,0.0010509721492380452
0.0,0.0,14.5,5.0,19.5,1,0.0010509721492380452
6.0,4.0,12.0,0.0,22.0,1,0.0010509721492380452
6.0,4.5,11.0,0.0,21.5,1,0.0010509721492380452
6.0,4.5,12.0,0.0,22.5,1,0.0010509721492380452
6.0,4.5,13.0,0.0,23.5,1,0.0010509721492380452
6.0,5.0,0.0,1.0,12.0,1,0.0010509721492380452
2.0,10.0,4.0,0.0,16.0,1,0.0010509721492380452
2.0,11.0,2.0,0.0,15.0,1,0.0010509721492380452
2.0,11.0,4.0,0.0,17.0,1,0.0010509721492380452
2.0,12.0,0.0,0.0,14.0,1,0.0010509721492380452
2.0,12.0,3.0,0.0,17.0,1,0.0010509721492380452
2.0,13.0,2.0,0.0,17.0,1,0.0010509721492380452
6.0,7.0,3.0,0.0,16.0,1,0.0010509721492380452
6.0,7.0,4.0,0.0,17.0,1,0.0010509721492380452
6.0,7.0,9.0,0.0,22.0,1,0.0010509721492380452
6.0,7.5,8.5,3.0,25.0,1,0.0010509721492380452
6.0,8.0,3.0,0.0,17.0,1,0.0010509721492380452
6.0,8.0,6.0,0.0,20.0,1,0.0010509721492380452
6.0,9.0,0.0,0.0,15.0,1,0.0010509721492380452
6.0,5.0,6.0,0.0,17.0,1,0.0010509721492380452
6.0,5.0,6.0,1.0,18.0,1,0.0010509721492380452
6.0,5.0,6.0,2.0,19.0,1,0.0010509721492380452
6.0,6.0,7.5,0.0,19.5,1,0.0010509721492380452
6.0,6.0,8.0,0.0,20.0,1,0.0010509721492380452
6.0,6.0,9.5,0.0,21.5,1,0.0010509721492380452
6.0,6.0,11.5,0.0,23.5,1,0.0010509721492380452
6.0,6.0,12.0,0.0,24.0,1,0.0010509721492380452
6.0,6.0,12.5,0.0,24.5,1,0.0010509721492380452
6.0,7.0,0.0,0.0,13.0,1,0.0010509721492380452
3.0,0.0,2.0,12.0,17.0,1,0.0010509721492380452
3.0,0.0,3.0,1.0,7.0,1,0.0010509721492380452
2.0,0.0,12.0,9.5,23.5,1,0.0010509721492380452
2.0,0.0,12.0,10.0,24.0,1,0.0010509721492380452
2.0,0.0,12.0,10.5,24.5,1,0.0010509721492380452
2.0,0.0,12.0,11.0,25.0,1,0.0010509721492380452
2.0,0.0,13.0,4.0,19.0,1,0.0010509721492380452
2.0,0.0,14.0,1.0,17.0,1,0.0010509721492380452
2.0,10.0,0.0,3.0,15.0,1,0.0010509721492380452
0.0,3.0,10.0,4.5,17.5,1,0.0010509721492380452
0.0,3.0,10.0,5.0,18.0,1,0.0010509721492380452
0.0,3.0,11.5,0.0,14.5,1,0.0010509721492380452
6.0,9.0,0.0,2.0,17.0,1,0.0010509721492380452
6.0,9.0,8.0,0.0,23.0,1,0.0010509721492380452
6.0,9.0,9.0,0.0,24.0,1,0.0010509721492380452
6.0,9.0,9.5,0.0,24.5,1,0.0010509721492380452
6.0,10.5,0.0,0.0,16.5,1,0.0010509721492380452
6.5,0.0,3.0,9.0,18.5,1,0.0010509721492380452
6.5,0.0,6.0,0.0,12.5,1,0.0010509721492380452
6.5,0.0,7.0,0.0,13.5,1,0.0010509721492380452
6.5,0.0,9.0,6.0,21.5,1,0.0010509721492380452
6.5,0.0,12.0,0.0,18.5,1,0.0010509721492380452
6.5,0.0,14.0,0.0,20.5,1,0.0010509721492380452
6.5,0.0,15.0,0.0,21.5,1,0.0010509721492380452
6.5,0.0,16.0,0.0,22.5,1,0.0010509721492380452
6.5,4.5,14.0,0.0,25.0,1,0.0010509721492380452
7.0,0.0,0.0,11.0,18.0,1,0.0010509721492380452
2.0,14.0,1.0,0.0,17.0,1,0.0010509721492380452
3.0,0.0,0.0,7.0,10.0,1,0.0010509721492380452
2.0,0.0,15.0,3.0,20.0,1,0.0010509721492380452
0.0,0.0,10.5,4.0,14.5,1,0.0010509721492380452
0.0,0.0,10.5,5.0,15.5,1,0.0010509721492380452
2.0,7.0,15.0,0.0,24.0,1,0.0010509721492380452
2.0,8.0,0.0,3.0,13.0,1,0.0010509721492380452
2.0,8.0,3.0,2.0,15.0,1,0.0010509721492380452
2.0,8.0,8.0,0.0,18.0,1,0.0010509721492380452
7.0,0.0,0.0,12.0,19.0,1,0.0010509721492380452
7.0,0.0,1.0,0.0,8.0,1,0.0010509721492380452
7.0,0.0,1.0,7.0,15.0,1,0.0010509721492380452
0.0,3.0,9.5,9.0,21.5,1,0.0010509721492380452
0.0,3.0,10.0,4.0,17.0,1,0.0010509721492380452
7.0,0.0,8.0,4.0,19.0,1,0.0010509721492380452
7.0,0.0,9.0,4.0,20.0,1,0.0010509721492380452
0.0,3.0,12.0,1.0,16.0,1,0.0010509721492380452
0.0,3.0,12.0,6.0,21.0,1,0.0010509721492380452
0.0,3.0,12.0,8.0,23.0,1,0.0010509721492380452
0.0,3.0,13.0,1.0,17.0,1,0.0010509721492380452
7.0,0.0,3.0,0.0,10.0,1,0.0010509721492380452
7.0,0.0,3.0,5.0,15.0,1,0.0010509721492380452
7.0,0.0,3.0,6.0,16.0,1,0.0010509721492380452
7.0,0.0,3.0,8.0,18.0,1,0.0010509721492380452
0.0,3.0,7.0,5.0,15.0,1,0.0010509721492380452
0.0,3.0,7.5,2.0,12.5,1,0.0010509721492380452
0.0,3.0,8.0,4.5,15.5,1,0.0010509721492380452
0.0,3.0,8.0,5.0,16.0,1,0.0010509721492380452
6.5,0.0,16.5,0.0,23.0,1,0.0010509721492380452
6.5,0.0,18.5,0.0,25.0,1,0.0010509721492380452
7.0,1.0,8.0,0.0,16.0,1,0.0010509721492380452
7.0,1.0,8.0,2.0,18.0,1,0.0010509721492380452
7.0,1.0,10.0,0.0,18.0,1,0.0010509721492380452
0.0,3.0,4.5,0.0,7.5,1,0.0010509721492380452
0.0,3.0,5.0,8.0,16.0,1,0.0010509721492380452
0.0,3.0,5.0,12.0,20.0,1,0.0010509721492380452
0.0,3.0,6.0,4.0,13.0,1,0.0010509721492380452
0.0,3.0,6.0,4.5,13.5,1,0.0010509721492380452
0.0,3.0,9.0,5.0,17.0,1,0.0010509721492380452
0.0,3.0,9.5,0.0,12.5,1,0.0010509721492380452
7.0,0.0,4.0,6.0,17.0,1,0.0010509721492380452
7.0,0.0,5.0,1.0,13.0,1,0.0010509721492380452
7.0,0.0,6.0,5.0,18.0,1,0.0010509721492380452
7.0,0.0,6.0,6.0,19.0,1,0.0010509721492380452
7.0,0.0,7.0,4.0,18.0,1,0.0010509721492380452
7.0,0.0,8.0,2.0,17.0,1,0.0010509721492380452
2.0,0.0,20.5,0.0,22.5,1,0.0010509721492380452
2.0,6.0,6.0,2.0,16.0,1,0.0010509721492380452
2.0,6.0,7.0,0.0,15.0,1,0.0010509721492380452
2.0,6.0,13.0,0.0,21.0,1,0.0010509721492380452
2.0,6.0,16.0,0.0,24.0,1,0.0010509721492380452
7.0,2.0,4.0,3.0,16.0,1,0.0010509721492380452
7.0,2.0,6.0,0.0,15.0,1,0.0010509721492380452
7.0,2.0,6.0,2.0,17.0,1,0.0010509721492380452
7.0,2.0,12.0,0.0,21.0,1,0.0010509721492380452
0.0,3.0,2.0,7.0,12.0,1,0.0010509721492380452
0.0,3.0,2.0,9.0,14.0,1,0.0010509721492380452
0.0,3.0,2.0,12.0,17.0,1,0.0010509721492380452
7.0,0.0,10.0,4.0,21.0,1,0.0010509721492380452
7.0,0.0,15.0,2.0,24.0,1,0.0010509721492380452
7.0,0.0,15.5,0.0,22.5,1,0.0010509721492380452
7.0,1.0,2.0,3.0,13.0,1,0.0010509721492380452
7.0,4.0,2.0,2.0,15.0,1,0.0010509721492380452
0.0,3.0,6.0,11.0,20.0,1,0.0010509721492380452
0.0,3.0,6.5,0.0,9.5,1,0.0010509721492380452
7.0,1.0,12.0,0.0,20.0,1,0.0010509721492380452
7.0,2.0,0.0,2.0,11.0,1,0.0010509721492380452
7.0,2.0,2.0,3.0,14.0,1,0.0010509721492380452
7.0,2.0,4.0,2.0,15.0,1,0.0010509721492380452
2.0,8.0,11.0,0.0,21.0,1,0.0010509721492380452
2.0,9.0,2.0,0.0,13.0,1,0.0010509721492380452
2.0,9.0,4.0,2.0,17.0,1,0.0010509721492380452
2.0,9.0,5.0,0.0,16.0,1,0.0010509721492380452
2.0,9.0,6.0,0.0,17.0,1,0.0010509721492380452
2.0,9.0,7.0,0.0,18.0,1,0.0010509721492380452
2.0,9.0,9.0,0.0,20.0,1,0.0010509721492380452
2.0,0.0,18.0,3.0,23.0,1,0.0010509721492380452
2.0,0.0,19.5,0.0,21.5,1,0.0010509721492380452
7.0,6.0,3.0,0.0,16.0,1,0.0010509721492380452
7.0,7.0,7.0,0.0,21.0,1,0.0010509721492380452
7.0,9.0,0.0,0.0,16.0,1,0.0010509721492380452
7.0,10.0,0.0,0.0,17.0,1,0.0010509721492380452
7.0,10.5,6.0,0.0,23.5,1,0.0010509721492380452
0.0,3.0,3.0,1.0,7.0,1,0.0010509721492380452
0.0,3.0,3.0,4.0,10.0,1,0.0010509721492380452
0.0,3.0,3.0,9.0,15.0,1,0.0010509721492380452
0.0,3.0,3.0,10.0,16.0,1,0.0010509721492380452
0.0,3.0,3.0,12.0,18.0,1,0.0010509721492380452
0.0,3.0,4.0,6.0,13.0,1,0.0010509721492380452
7.0,3.0,0.0,3.0,13.0,1,0.0010509721492380452
7.0,3.0,2.0,1.0,13.0,1,0.0010509721492380452
7.0,4.0,0.0,0.0,11.0,1,0.0010509721492380452
7.0,4.0,0.0,2.0,13.0,1,0.0010509721492380452
7.0,4.0,0.0,4.0,15.0,1,0.0010509721492380452
2.0,6.0,5.0,2.0,15.0,1,0.0010509721492380452
2.0,6.0,5.0,3.0,16.0,1,0.0010509721492380452
2.0,6.0,6.0,0.0,14.0,1,0.0010509721492380452
2.0,0.0,15.0,4.0,21.0,1,0.0010509721492380452
2.0,0.0,15.0,4.5,21.5,1,0.0010509721492380452
7.5,0.0,16.5,0.0,24.0,1,0.0010509721492380452
7.5,0.0,17.0,0.0,24.5,1,0.0010509721492380452
7.5,0.0,17.5,0.0,25.0,1,0.0010509721492380452
0.0,3.0,0.0,6.0,9.0,1,0.0010509721492380452
7.0,4.0,3.0,0.0,14.0,1,0.0010509721492380452
7.0,4.0,5.0,0.0,16.0,1,0.0010509721492380452
7.0,4.0,5.0,2.0,18.0,1,0.0010509721492380452
7.0,4.0,6.0,0.0,17.0,1,0.0010509721492380452
7.0,4.0,8.0,0.0,19.0,1,0.0010509721492380452
7.0,5.0,2.0,0.0,14.0,1,0.0010509721492380452
7.0,5.0,3.0,0.0,15.0,1,0.0010509721492380452
8.0,0.0,0.0,1.0,9.0,1,0.0010509721492380452
7.5,0.0,0.0,6.0,13.5,1,0.0010509721492380452
7.5,0.0,5.0,8.0,20.5,1,0.0010509721492380452
7.5,0.0,11.0,6.0,24.5,1,0.0010509721492380452
7.5,0.0,13.5,0.0,21.0,1,0.0010509721492380452
7.5,0.0,14.0,0.0,21.5,1,0.0010509721492380452
2.0,6.0,16.5,0.0,24.5,1,0.0010509721492380452
2.0,6.0,17.0,0.0,25.0,1,0.0010509721492380452
2.0,7.0,0.0,0.0,9.0,1,0.0010509721492380452
2.0,7.0,2.0,0.0,11.0,1,0.0010509721492380452
2.0,7.0,4.0,0.0,13.0,1,0.0010509721492380452
2.0,7.0,5.0,0.0,14.0,1,0.0010509721492380452
2.0,7.0,7.0,0.0,16.0,1,0.0010509721492380452
2.0,6.0,3.0,1.0,12.0,1,0.0010509721492380452
2.0,6.0,3.0,2.0,13.0,1,0.0010509721492380452
2.0,6.0,4.0,0.0,12.0,1,0.0010509721492380452
0.0,0.0,15.0,4.5,19.5,1,0.0010509721492380452
8.0,0.0,0.0,3.0,11.0,1,0.0010509721492380452
8.0,0.0,0.0,4.5,12.5,1,0.0010509721492380452
8.0,0.0,0.0,10.0,18.0,1,0.0010509721492380452
8.0,0.0,2.0,0.0,10.0,1,0.0010509721492380452
8.0,0.0,2.0,6.0,16.0,1,0.0010509721492380452
0.0,3.0,1.0,2.0,6.0,1,0.0010509721492380452
0.0,3.0,2.0,1.0,6.0,1,0.0010509721492380452
0.0,0.0,15.0,8.5,23.5,1,0.0010509721492380452
0.0,0.0,15.5,3.0,18.5,1,0.0010509721492380452
0.0,0.0,15.5,4.0,19.5,1,0.0010509721492380452
0.0,0.0,15.5,5.0,20.5,1,0.0010509721492380452
0.0,0.0,15.5,6.0,21.5,1,0.0010509721492380452
0.0,0.0,15.5,7.5,23.0,1,0.0010509721492380452
7.5,12.0,3.0,0.0,22.5,1,0.0010509721492380452
0.0,0.0,2.0,15.0,17.0,1,0.0010509721492380452
0.0,2.0,17.0,2.0,21.0,1,0.0010509721492380452
0.0,2.0,17.5,0.0,19.5,1,0.0010509721492380452
0.0,2.0,18.0,1.0,21.0,1,0.0010509721492380452
0.0,2.0,19.0,4.0,25.0,1,0.0010509721492380452
2.0,0.0,15.0,5.0,22.0,1,0.0010509721492380452
2.0,0.0,15.5,3.0,20.5,1,0.0010509721492380452
2.0,0.0,16.0,4.0,22.0,1,0.0010509721492380452
2.0,0.0,16.5,0.0,18.5,1,0.0010509721492380452
2.0,0.0,17.0,5.0,24.0,1,0.0010509721492380452
2.0,0.0,17.0,6.0,25.0,1,0.0010509721492380452
2.0,0.0,17.5,5.0,24.5,1,0.0010509721492380452
2.0,5.0,0.0,6.0,13.0,1,0.0010509721492380452
2.0,5.0,2.0,0.0,9.0,1,0.0010509721492380452
2.0,5.0,3.0,4.0,14.0,1,0.0010509721492380452
2.0,5.0,4.0,3.0,14.0,1,0.0010509721492380452
2.0,5.0,7.0,6.0,20.0,1,0.0010509721492380452
0.0,2.0,9.5,3.0,14.5,1,0.0010509721492380452
8.0,0.0,2.0,9.0,19.0,1,0.0010509721492380452
8.0,0.0,3.0,7.0,18.0,1,0.0010509721492380452
8.0,0.0,4.0,6.0,18.0,1,0.0010509721492380452
8.0,0.0,4.5,0.0,12.5,1,0.0010509721492380452
8.0,0.0,5.0,1.0,14.0,1,0.0010509721492380452
8.0,0.0,5.0,4.0,17.0,1,0.0010509721492380452
8.0,0.0,5.0,6.0,19.0,1,0.0010509721492380452
0.0,2.0,12.0,1.0,15.0,1,0.0010509721492380452
0.0,2.0,12.0,8.0,22.0,1,0.0010509721492380452
0.0,2.0,12.0,10.0,24.0,1,0.0010509721492380452
0.0,2.0,12.5,0.0,14.5,1,0.0010509721492380452
0.0,2.0,13.0,3.0,18.0,1,0.0010509721492380452
0.0,2.0,16.0,2.0,20.0,1,0.0010509721492380452
0.0,2.0,16.0,3.0,21.0,1,0.0010509721492380452
0.0,2.0,16.0,4.0,22.0,1,0.0010509721492380452
8.0,2.0,0.0,3.0,13.0,1,0.0010509721492380452
8.0,2.0,3.0,2.0,15.0,1,0.0010509721492380452
8.0,2.0,3.0,5.0,18.0,1,0.0010509721492380452
8.0,2.0,4.0,2.0,16.0,1,0.0010509721492380452
8.0,2.0,5.0,4.0,19.0,1,0.0010509721492380452
0.0,2.0,14.0,8.5,24.5,1,0.0010509721492380452
0.0,2.0,15.0,3.0,20.0,1,0.0010509721492380452
8.0,0.0,7.0,3.0,18.0,1,0.0010509721492380452
8.0,0.0,7.0,4.0,19.0,1,0.0010509721492380452
8.0,0.0,7.0,5.0,20.0,1,0.0010509721492380452
8.0,0.0,7.5,0.0,15.5,1,0.0010509721492380452
8.0,0.0,9.5,0.0,17.5,1,0.0010509721492380452
8.0,0.0,11.5,3.0,22.5,1,0.0010509721492380452
8.0,0.0,12.0,2.0,22.0,1,0.0010509721492380452
0.0,2.0,9.0,5.0,16.0,1,0.0010509721492380452
0.0,2.0,9.0,6.0,17.0,1,0.0010509721492380452
2.0,1.0,9.0,1.0,13.0,1,0.0010509721492380452
2.0,1.0,9.0,2.0,14.0,1,0.0010509721492380452
2.0,4.0,9.0,3.0,18.0,1,0.0010509721492380452
0.0,2.0,6.0,7.0,15.0,1,0.0010509721492380452
0.0,2.0,6.0,9.0,17.0,1,0.0010509721492380452
0.0,2.0,6.0,13.0,21.0,1,0.0010509721492380452
0.0,2.0,6.5,0.0,8.5,1,0.0010509721492380452
0.0,2.0,7.0,8.0,17.0,1,0.0010509721492380452
0.0,2.0,7.0,10.0,19.0,1,0.0010509721492380452
0.0,2.0,10.0,4.0,16.0,1,0.0010509721492380452
0.0,2.0,10.0,5.0,17.0,1,0.0010509721492380452
0.0,2.0,11.0,4.0,17.0,1,0.0010509721492380452
0.0,2.0,11.0,5.0,18.0,1,0.0010509721492380452
8.0,0.0,12.0,4.0,24.0,1,0.0010509721492380452
8.0,0.0,12.5,0.0,20.5,1,0.0010509721492380452
8.0,1.0,3.0,0.0,12.0,1,0.0010509721492380452
8.0,4.0,6.0,0.0,18.0,1,0.0010509721492380452
8.0,4.0,11.0,0.0,23.0,1,0.0010509721492380452
8.0,2.0,8.5,0.0,18.5,1,0.0010509721492380452
8.0,2.0,10.0,0.0,20.0,1,0.0010509721492380452
8.0,2.0,14.0,0.0,24.0,1,0.0010509721492380452
8.0,3.0,0.0,4.0,15.0,1,0.0010509721492380452
8.0,3.0,0.0,7.0,18.0,1,0.0010509721492380452
2.0,5.0,9.0,4.0,20.0,1,0.0010509721492380452
2.0,5.0,13.0,0.0,20.0,1,0.0010509721492380452
2.0,5.0,13.5,0.0,20.5,1,0.0010509721492380452
2.0,5.0,14.5,0.0,21.5,1,0.0010509721492380452
2.0,5.0,18.0,0.0,25.0,1,0.0010509721492380452
2.0,6.0,2.0,3.0,13.0,1,0.0010509721492380452
2.0,1.0,6.0,9.0,18.0,1,0.0010509721492380452
2.0,1.0,7.0,0.0,10.0,1,0.0010509721492380452
2.0,1.0,9.0,0.0,12.0,1,0.0010509721492380452
8.0,8.0,4.0,0.0,20.0,1,0.0010509721492380452
8.0,8.0,6.0,0.0,22.0,1,0.0010509721492380452
8.0,9.0,0.0,0.0,17.0,1,0.0010509721492380452
8.0,9.0,6.0,0.0,23.0,1,0.0010509721492380452
8.0,10.0,3.0,0.0,21.0,1,0.0010509721492380452
8.0,11.0,0.0,0.0,19.0,1,0.0010509721492380452
8.5,0.0,9.0,0.0,17.5,1,0.0010509721492380452
0.0,2.0,8.0,2.0,12.0,1,0.0010509721492380452
0.0,2.0,8.0,4.0,14.0,1,0.0010509721492380452
0.0,2.0,8.0,6.0,16.0,1,0.0010509721492380452
8.0,3.0,3.0,1.0,15.0,1,0.0010509721492380452
8.0,3.0,11.5,0.0,22.5,1,0.0010509721492380452
8.0,3.0,12.5,0.0,23.5,1,0.0010509721492380452
8.0,3.0,13.0,0.0,24.0,1,0.0010509721492380452
8.0,4.0,0.0,5.0,17.0,1,0.0010509721492380452
8.0,4.0,2.0,0.0,14.0,1,0.0010509721492380452
2.0,4.0,4.0,3.0,13.0,1,0.0010509721492380452
2.0,4.0,6.0,2.0,14.0,1,0.0010509721492380452
2.0,4.0,6.0,6.0,18.0,1,0.0010509721492380452
8.5,4.0,4.0,2.0,18.5,1,0.0010509721492380452
8.5,6.0,6.0,0.0,20.5,1,0.0010509721492380452
9.0,0.0,0.0,7.0,16.0,1,0.0010509721492380452
9.0,0.0,2.0,3.0,14.0,1,0.0010509721492380452
9.0,0.0,2.0,5.0,16.0,1,0.0010509721492380452
8.0,5.0,2.0,0.0,15.0,1,0.0010509721492380452
8.0,5.0,4.0,1.0,18.0,1,0.0010509721492380452
8.0,5.0,6.0,0.0,19.0,1,0.0010509721492380452
8.0,5.0,9.0,3.0,25.0,1,0.0010509721492380452
8.0,6.0,3.0,0.0,17.0,1,0.0010509721492380452
8.0,7.0,1.0,0.0,16.0,1,0.0010509721492380452
8.0,8.0,0.0,0.0,16.0,1,0.0010509721492380452
8.0,8.0,2.0,0.0,18.0,1,0.0010509721492380452
8.5,0.0,10.0,2.0,20.5,1,0.0010509721492380452
8.5,0.0,11.0,0.0,19.5,1,0.0010509721492380452
8.5,0.0,12.0,4.5,25.0,1,0.0010509721492380452
8.5,0.0,13.5,0.0,22.0,1,0.0010509721492380452
8.5,0.0,16.5,0.0,25.0,1,0.0010509721492380452
2.0,4.0,10.0,2.0,18.0,1,0.0010509721492380452
2.0,4.0,11.5,3.0,20.5,1,0.0010509721492380452
2.0,4.0,16.0,0.0,22.0,1,0.0010509721492380452
2.0,4.0,18.0,0.0,24.0,1,0.0010509721492380452
2.0,4.0,18.5,0.0,24.5,1,0.0010509721492380452
2.0,4.0,19.0,0.0,25.0,1,0.0010509721492380452
2.0,4.5,18.5,0.0,25.0,1,0.0010509721492380452
2.0,4.0,2.0,5.0,13.0,1,0.0010509721492380452
2.0,4.0,2.0,6.0,14.0,1,0.0010509721492380452
2.0,4.0,3.0,3.0,12.0,1,0.0010509721492380452
2.0,4.0,3.0,6.0,15.0,1,0.0010509721492380452
9.0,0.0,8.0,1.0,18.0,1,0.0010509721492380452
9.0,0.0,8.0,3.0,20.0,1,0.0010509721492380452
9.0,0.0,9.0,2.0,20.0,1,0.0010509721492380452
9.0,0.0,9.5,0.0,18.5,1,0.0010509721492380452
9.0,0.0,10.0,2.0,21.0,1,0.0010509721492380452
9.0,0.0,10.0,5.0,24.0,1,0.0010509721492380452
9.0,0.0,11.0,5.0,25.0,1,0.0010509721492380452
9.0,0.0,11.5,0.0,20.5,1,0.0010509721492380452
9.0,0.0,3.0,6.0,18.0,1,0.0010509721492380452
0.0,2.0,3.0,3.0,8.0,1,0.0010509721492380452
0.0,2.0,3.0,8.0,13.0,1,0.0010509721492380452
0.0,2.0,5.0,5.0,12.0,1,0.0010509721492380452
0.0,2.0,5.0,6.0,13.0,1,0.0010509721492380452
0.0,2.0,5.0,7.0,14.0,1,0.0010509721492380452
0.0,2.0,5.0,8.0,15.0,1,0.0010509721492380452
0.0,2.0,5.0,9.0,16.0,1,0.0010509721492380452
2.0,3.0,11.0,2.0,18.0,1,0.0010509721492380452
2.0,3.0,12.0,1.0,18.0,1,0.0010509721492380452
0.0,2.0,0.0,9.0,11.0,1,0.0010509721492380452
0.0,2.0,0.0,11.5,13.5,1,0.0010509721492380452
0.0,2.0,1.0,2.0,5.0,1,0.0010509721492380452
0.0,2.0,1.0,9.0,12.0,1,0.0010509721492380452
0.0,2.0,1.0,10.0,13.0,1,0.0010509721492380452
0.0,2.0,2.0,9.0,13.0,1,0.0010509721492380452
0.0,2.0,6.0,2.0,10.0,1,0.0010509721492380452
0.0,2.0,6.0,4.0,12.0,1,0.0010509721492380452
9.0,0.0,4.0,3.0,16.0,1,0.0010509721492380452
9.0,0.0,6.0,5.0,20.0,1,0.0010509721492380452
9.0,0.0,6.0,6.0,21.0,1,0.0010509721492380452
9.0,0.0,7.0,2.0,18.0,1,0.0010509721492380452
9.0,0.0,7.0,3.0,19.0,1,0.0010509721492380452
9.0,0.0,7.0,5.0,21.0,1,0.0010509721492380452
9.0,0.0,13.0,0.0,22.0,1,0.0010509721492380452
9.0,0.0,13.5,0.0,22.5,1,0.0010509721492380452
9.0,0.0,14.5,0.0,23.5,1,0.0010509721492380452
9.0,0.0,16.0,0.0,25.0,1,0.0010509721492380452
0.0,2.0,0.0,7.0,9.0,1,0.0010509721492380452
0.0,2.0,0.0,8.0,10.0,1,0.0010509721492380452
2.0,4.0,7.0,0.0,13.0,1,0.0010509721492380452
2.0,0.0,27.0,0.0,29.0,1,0.0010509721492380452
2.0,1.0,0.0,0.0,3.0,1,0.0010509721492380452
2.0,1.0,2.0,0.0,5.0,1,0.0010509721492380452
2.0,1.0,3.0,0.0,6.0,1,0.0010509721492380452
2.0,1.0,4.0,0.0,7.0,1,0.0010509721492380452
2.0,1.0,5.0,0.0,8.0,1,0.0010509721492380452
2.0,3.0,8.0,4.0,17.0,1,0.0010509721492380452
2.0,3.0,10.0,2.0,17.0,1,0.0010509721492380452
2.0,3.0,10.0,3.0,18.0,1,0.0010509721492380452
9.0,5.0,9.0,0.0,23.0,1,0.0010509721492380452
9.0,5.0,11.0,0.0,25.0,1,0.0010509721492380452
0.0,2.0,2.0,12.0,16.0,1,0.0010509721492380452
9.0,1.0,0.0,2.0,12.0,1,0.0010509721492380452
9.0,1.0,7.0,0.0,17.0,1,0.0010509721492380452
9.0,2.0,4.0,0.0,15.0,1,0.0010509721492380452
9.0,2.0,5.0,0.0,16.0,1,0.0010509721492380452
9.0,2.0,6.0,1.0,18.0,1,0.0010509721492380452
9.0,2.0,8.0,0.0,19.0,1,0.0010509721492380452
9.0,2.0,10.0,0.0,21.0,1,0.0010509721492380452
9.0,3.0,0.0,3.0,15.0,1,0.0010509721492380452
9.0,3.0,0.0,6.0,18.0,1,0.0010509721492380452
0.0,1.0,12.0,3.0,16.0,1,0.0010509721492380452
0.0,1.0,12.0,5.0,18.0,1,0.0010509721492380452
0.0,1.0,15.0,1.0,17.0,1,0.0010509721492380452
9.0,0.0,12.0,2.0,23.0,1,0.0010509721492380452
9.5,0.0,7.5,6.0,23.0,1,0.0010509721492380452
9.5,0.0,8.0,0.0,17.5,1,0.0010509721492380452
9.5,0.0,10.0,0.0,19.5,1,0.0010509721492380452
9.5,0.0,10.0,3.0,22.5,1,0.0010509721492380452
9.5,0.0,11.0,3.0,23.5,1,0.0010509721492380452
9.5,0.0,12.0,0.0,21.5,1,0.0010509721492380452
0.0,1.0,16.0,1.0,18.0,1,0.0010509721492380452
0.0,1.0,18.0,2.0,21.0,1,0.0010509721492380452
0.0,1.0,20.0,0.0,21.0,1,0.0010509721492380452
9.0,3.0,4.0,0.0,16.0,1,0.0010509721492380452
9.0,4.0,0.0,3.0,16.0,1,0.0010509721492380452
9.0,4.0,2.0,0.0,15.0,1,0.0010509721492380452
9.0,4.0,2.0,2.0,17.0,1,0.0010509721492380452
9.0,4.0,2.0,4.0,19.0,1,0.0010509721492380452
9.0,4.0,5.0,0.0,18.0,1,0.0010509721492380452
9.0,4.0,9.5,0.0,22.5,1,0.0010509721492380452
2.0,1.0,11.0,0.0,14.0,1,0.0010509721492380452
2.0,1.0,11.0,3.0,17.0,1,0.0010509721492380452
9.5,3.0,5.0,0.0,17.5,1,0.0010509721492380452
9.5,4.0,11.0,0.0,24.5,1,0.0010509721492380452
9.5,5.0,10.5,0.0,25.0,1,0.0010509721492380452
10.0,0.0,0.0,6.0,16.0,1,0.0010509721492380452
0.0,1.0,11.0,1.0,13.0,1,0.0010509721492380452
0.0,1.0,11.0,2.0,14.0,1,0.0010509721492380452
0.0,0.0,16.0,4.5,20.5,1,0.0010509721492380452
9.0,6.0,0.0,3.0,18.0,1,0.0010509721492380452
9.0,8.0,0.0,2.0,19.0,1,0.0010509721492380452
9.0,9.5,4.5,0.0,23.0,1,0.0010509721492380452
9.5,0.0,0.0,4.0,13.5,1,0.0010509721492380452
9.5,0.0,2.0,4.0,15.5,1,0.0010509721492380452
9.5,0.0,5.0,4.0,18.5,1,0.0010509721492380452
9.5,0.0,6.0,0.0,15.5,1,0.0010509721492380452
10.0,0.0,7.5,6.0,23.5,1,0.0010509721492380452
0.0,1.0,4.0,2.0,7.0,1,0.0010509721492380452
9.5,0.0,12.5,0.0,22.0,1,0.0010509721492380452
9.5,0.0,13.0,0.0,22.5,1,0.0010509721492380452
9.5,0.0,14.5,0.0,24.0,1,0.0010509721492380452
9.5,0.0,15.0,0.0,24.5,1,0.0010509721492380452
9.5,2.0,5.0,0.0,16.5,1,0.0010509721492380452
2.0,3.0,14.0,0.0,19.0,1,0.0010509721492380452
2.0,3.0,14.0,5.0,24.0,1,0.0010509721492380452
2.0,3.0,14.5,0.0,19.5,1,0.0010509721492380452
2.0,3.0,16.0,0.0,21.0,1,0.0010509721492380452
2.0,4.0,1.0,0.0,7.0,1,0.0010509721492380452
2.0,4.0,2.0,0.0,8.0,1,0.0010509721492380452
2.0,3.0,5.0,4.0,14.0,1,0.0010509721492380452
2.0,3.0,6.0,0.0,11.0,1,0.0010509721492380452
2.0,3.0,7.0,2.0,14.0,1,0.0010509721492380452
10.0,0.0,10.5,0.0,20.5,1,0.0010509721492380452
10.0,0.0,12.5,0.0,22.5,1,0.0010509721492380452
10.0,0.0,14.5,0.0,24.5,1,0.0010509721492380452
10.0,2.0,0.0,0.0,12.0,1,0.0010509721492380452
10.0,2.0,2.0,0.0,14.0,1,0.0010509721492380452
0.0,0.0,16.5,3.0,19.5,1,0.0010509721492380452
0.0,0.0,16.5,4.0,20.5,1,0.0010509721492380452
0.0,0.0,16.5,6.0,22.5,1,0.0010509721492380452
0.0,0.0,16.5,7.0,23.5,1,0.0010509721492380452
10.0,0.0,3.0,3.0,16.0,1,0.0010509721492380452
10.0,0.0,4.0,1.0,15.0,1,0.0010509721492380452
10.0,0.0,4.0,4.0,18.0,1,0.0010509721492380452
10.0,0.0,5.0,2.0,17.0,1,0.0010509721492380452
10.0,0.0,5.0,4.5,19.5,1,0.0010509721492380452
10.0,0.0,6.0,1.0,17.0,1,0.0010509721492380452
10.0,0.0,7.0,4.0,21.0,1,0.0010509721492380452
2.0,3.0,0.0,3.0,8.0,1,0.0010509721492380452
10.0,4.0,2.0,0.0,16.0,1,0.0010509721492380452
10.0,4.0,9.0,0.0,23.0,1,0.0010509721492380452
10.0,5.0,4.0,0.0,19.0,1,0.0010509721492380452
10.0,6.0,5.0,0.0,21.0,1,0.0010509721492380452
10.0,6.0,8.0,0.0,24.0,1,0.0010509721492380452
0.0,1.0,5.0,2.0,8.0,1,0.0010509721492380452
0.0,1.0,5.0,3.0,9.0,1,0.0010509721492380452
0.0,1.0,6.0,5.0,12.0,1,0.0010509721492380452
0.0,1.0,8.0,5.0,14.0,1,0.0010509721492380452
0.0,1.0,10.0,1.0,12.0,1,0.0010509721492380452
0.0,1.0,10.0,3.0,14.0,1,0.0010509721492380452
0.0,1.0,10.0,6.0,17.0,1,0.0010509721492380452
10.0,0.0,8.0,3.0,21.0,1,0.0010509721492380452
10.0,0.0,8.0,4.0,22.0,1,0.0010509721492380452
10.0,0.0,8.5,0.0,18.5,1,0.0010509721492380452
10.0,3.0,5.0,0.0,18.0,1,0.0010509721492380452
2.0,1.0,12.0,0.0,15.0,1,0.0010509721492380452
2.0,1.0,12.0,4.0,19.0,1,0.0010509721492380452
2.0,1.0,13.0,1.0,17.0,1,0.0010509721492380452
2.0,1.0,16.0,0.0,19.0,1,0.0010509721492380452
2.0,1.0,17.0,0.0,20.0,1,0.0010509721492380452
2.0,1.0,18.0,0.0,21.0,1,0.0010509721492380452
2.0,2.0,0.0,1.0,5.0,1,0.0010509721492380452
2.0,2.0,0.0,3.0,7.0,1,0.0010509721492380452
2.0,2.0,4.0,5.0,13.0,1,0.0010509721492380452
2.0,2.0,5.0,0.0,9.0,1,0.0010509721492380452
2.0,2.0,5.0,2.0,11.0,1,0.0010509721492380452
2.0,2.0,12.0,2.0,18.0,1,0.0010509721492380452
2.0,2.0,15.0,0.0,19.0,1,0.0010509721492380452
2.0,2.0,17.0,0.0,21.0,1,0.0010509721492380452
2.0,2.0,21.0,0.0,25.0,1,0.0010509721492380452
0.0,1.0,0.0,11.0,12.0,1,0.0010509721492380452
0.0,1.0,0.0,12.0,13.0,1,0.0010509721492380452
10.5,0.0,0.0,6.0,16.5,1,0.0010509721492380452
10.5,0.0,6.0,4.5,21.0,1,0.0010509721492380452
10.5,0.0,7.5,0.0,18.0,1,0.0010509721492380452
10.5,0.0,8.0,6.0,24.5,1,0.0010509721492380452
10.5,0.0,8.5,0.0,19.0,1,0.0010509721492380452
10.5,0.0,9.0,2.0,21.5,1,0.0010509721492380452
10.5,0.0,10.0,0.0,20.5,1,0.0010509721492380452
10.5,0.0,10.0,3.0,23.5,1,0.0010509721492380452
10.5,0.0,10.5,0.0,21.0,1,0.0010509721492380452
10.5,3.0,0.0,0.0,13.5,1,0.0010509721492380452
10.0,2.0,2.0,2.0,16.0,1,0.0010509721492380452
10.0,2.0,4.0,0.0,16.0,1,0.0010509721492380452
10.0,3.0,0.0,2.0,15.0,1,0.0010509721492380452
10.0,3.0,0.0,3.0,16.0,1,0.0010509721492380452
11.0,0.0,6.0,6.0,23.0,1,0.0010509721492380452
11.0,0.0,7.5,0.0,18.5,1,0.0010509721492380452
11.0,0.0,9.0,3.0,23.0,1,0.0010509721492380452
0.0,0.0,20.5,4.0,24.5,1,0.0010509721492380452
0.0,0.0,21.5,3.0,24.5,1,0.0010509721492380452
10.5,3.0,8.0,0.0,21.5,1,0.0010509721492380452
10.5,4.0,9.0,0.0,23.5,1,0.0010509721492380452
10.5,4.0,10.5,0.0,25.0,1,0.0010509721492380452
10.5,5.0,9.0,0.0,24.5,1,0.0010509721492380452
10.5,6.0,8.0,0.0,24.5,1,0.0010509721492380452
11.0,0.0,0.0,1.0,12.0,1,0.0010509721492380452
0.0,0.0,30.0,6.0,36.0,1,0.0010509721492380452
0.0,0.0,31.0,0.0,31.0,1,0.0010509721492380452
0.0,0.0,33.0,0.0,33.0,1,0.0010509721492380452
0.0,0.0,37.0,0.0,37.0,1,0.0010509721492380452
0.0,1.0,0.0,3.0,4.0,1,0.0010509721492380452
11.0,0.0,11.0,0.0,22.0,1,0.0010509721492380452
11.0,0.0,11.5,0.0,22.5,1,0.0010509721492380452
11.0,0.0,11.5,2.0,24.5,1,0.0010509721492380452
11.0,0.0,12.5,0.0,23.5,1,0.0010509721492380452
11.0,2.0,2.0,0.0,15.0,1,0.0010509721492380452
11.0,2.0,3.0,2.0,18.0,1,0.0010509721492380452
11.0,2.0,6.0,5.0,24.0,1,0.0010509721492380452
11.0,2.0,8.0,0.0,21.0,1,0.0010509721492380452
11.0,3.0,0.0,1.0,15.0,1,0.0010509721492380452
0.0,1.0,3.0,2.0,6.0,1,0.0010509721492380452
0.0,1.0,4.0,1.0,6.0,1,0.0010509721492380452
11.0,0.0,2.0,2.0,15.0,1,0.0010509721492380452
11.0,0.0,2.0,6.0,19.0,1,0.0010509721492380452
11.0,0.0,3.0,4.0,18.0,1,0.0010509721492380452
11.0,0.0,5.0,2.0,18.0,1,0.0010509721492380452
11.0,0.0,6.0,3.0,20.0,1,0.0010509721492380452
2.0,2.0,8.0,2.0,14.0,1,0.0010509721492380452
2.0,2.0,8.0,3.0,15.0,1,0.0010509721492380452
2.0,2.0,10.5,0.0,14.5,1,0.0010509721492380452
11.5,0.0,0.0,3.0,14.5,1,0.0010509721492380452
11.5,0.0,3.0,0.0,14.5,1,0.0010509721492380452
11.5,0.0,12.0,0.0,23.5,1,0.0010509721492380452
11.5,0.0,13.0,0.0,24.5,1,0.0010509721492380452
11.5,11.0,0.0,0.0,22.5,1,0.0010509721492380452
12.0,0.0,0.0,1.0,13.0,1,0.0010509721492380452
0.0,0.0,20.0,4.5,24.5,1,0.0010509721492380452
0.0,0.0,17.0,4.5,21.5,1,0.0010509721492380452
0.0,0.0,27.0,5.0,32.0,1,0.0010509721492380452
0.0,0.0,27.0,10.0,37.0,1,0.0010509721492380452
0.0,0.0,27.0,10.5,37.5,1,0.0010509721492380452
11.0,0.0,10.0,0.0,21.0,1,0.0010509721492380452
11.0,0.0,10.5,0.0,21.5,1,0.0010509721492380452
11.0,4.0,2.0,0.0,17.0,1,0.0010509721492380452
11.0,4.5,9.0,0.0,24.5,1,0.0010509721492380452
11.0,5.0,0.0,0.0,16.0,1,0.0010509721492380452
11.0,5.0,2.0,0.0,18.0,1,0.0010509721492380452
11.0,6.0,8.0,0.0,25.0,1,0.0010509721492380452
2.0,3.0,0.0,4.0,9.0,1,0.0010509721492380452
2.0,3.0,1.0,0.0,6.0,1,0.0010509721492380452
2.0,3.0,2.0,5.0,12.0,1,0.0010509721492380452
2.0,3.0,3.0,6.0,14.0,1,0.0010509721492380452
2.0,3.0,3.0,9.0,17.0,1,0.0010509721492380452
2.0,3.0,4.0,4.0,13.0,1,0.0010509721492380452
24.0,3.0,0.0,0.0,27.0,1,0.0010509721492380452
2.0,2.0,5.0,6.0,15.0,1,0.0010509721492380452
2.0,2.0,6.0,4.0,14.0,1,0.0010509721492380452
2.0,2.0,7.0,2.0,13.0,1,0.0010509721492380452
2.0,2.0,7.0,3.0,14.0,1,0.0010509721492380452
0.0,0.0,17.0,6.5,23.5,1,0.0010509721492380452
0.0,0.0,17.0,7.5,24.5,1,0.0010509721492380452
0.0,0.0,17.5,2.0,19.5,1,0.0010509721492380452
0.0,0.0,17.5,3.0,20.5,1,0.0010509721492380452
0.0,0.0,17.5,4.0,21.5,1,0.0010509721492380452
0.0,0.0,17.5,4.5,22.0,1,0.0010509721492380452
12.0,0.0,0.0,6.0,18.0,1,0.0010509721492380452
12.0,0.0,0.0,7.0,19.0,1,0.0010509721492380452
12.0,0.0,3.0,2.0,17.0,1,0.0010509721492380452
12.0,0.0,3.0,6.0,21.0,1,0.0010509721492380452
12.0,0.0,5.0,4.0,21.0,1,0.0010509721492380452
12.0,0.0,5.0,5.0,22.0,1,0.0010509721492380452
12.0,0.0,6.5,0.0,18.5,1,0.0010509721492380452
11.0,3.0,1.0,0.0,15.0,1,0.0010509721492380452
11.0,3.0,6.0,0.0,20.0,1,0.0010509721492380452
11.0,4.0,0.0,0.0,15.0,1,0.0010509721492380452
0.0,0.0,1.0,6.0,7.0,1,0.0010509721492380452
0.0,0.0,1.0,11.0,12.0,1,0.0010509721492380452
12.0,4.0,0.0,0.0,16.0,1,0.0010509721492380452
12.0,4.0,0.0,4.5,20.5,1,0.0010509721492380452
12.0,0.0,10.5,0.0,22.5,1,0.0010509721492380452
12.0,0.0,12.5,0.0,24.5,1,0.0010509721492380452
12.0,2.0,3.0,0.0,17.0,1,0.0010509721492380452
12.0,2.0,9.0,0.0,23.0,1,0.0010509721492380452
12.0,3.0,0.0,2.0,17.0,1,0.0010509721492380452
12.0,3.0,2.0,0.0,17.0,1,0.0010509721492380452
12.0,3.0,4.0,0.0,19.0,1,0.0010509721492380452
0.0,0.0,18.5,4.5,23.0,1,0.0010509721492380452
0.0,0.0,18.5,5.0,23.5,1,0.0010509721492380452
0.0,0.0,18.5,6.0,24.5,1,0.0010509721492380452
0.0,0.0,19.0,3.0,22.0,1,0.0010509721492380452
0.0,0.0,19.5,3.0,22.5,1,0.0010509721492380452
12.0,7.0,6.0,0.0,25.0,1,0.0010509721492380452
12.0,8.0,0.0,0.0,20.0,1,0.0010509721492380452
12.0,11.0,0.0,0.0,23.0,1,0.0010509721492380452
12.5,0.0,4.0,0.0,16.5,1,0.0010509721492380452
12.5,0.0,5.0,0.0,17.5,1,0.0010509721492380452
12.5,0.0,6.5,0.0,19.0,1,0.0010509721492380452
13.0,0.0,0.0,1.0,14.0,1,0.0010509721492380452
13.0,0.0,0.0,6.0,19.0,1,0.0010509721492380452
13.0,0.0,2.0,3.0,18.0,1,0.0010509721492380452
13.0,0.0,3.0,5.0,21.0,1,0.0010509721492380452
13.0,0.0,5.0,2.0,20.0,1,0.0010509721492380452
0.0,0.0,19.5,5.0,24.5,1,0.0010509721492380452
0.0,0.0,0.0,21.0,21.0,1,0.0010509721492380452
0.0,0.0,0.0,22.5,22.5,1,0.0010509721492380452
0.0,0.0,0.0,24.0,24.0,1,0.0010509721492380452
0.0,0.0,0.0,25.0,25.0,1,0.0010509721492380452
14.0,0.0,6.0,0.0,20.0,1,0.0010509721492380452
14.0,0.0,6.0,4.0,24.0,1,0.0010509721492380452
14.0,0.0,7.0,0.0,21.0,1,0.0010509721492380452
19.0,0.0,2.0,0.0,21.0,1,0.0010509721492380452
19.5,0.0,5.0,0.0,24.5,1,0.0010509721492380452
13.5,0.0,8.5,0.0,22.0,1,0.0010509721492380452
13.5,0.0,9.0,0.0,22.5,1,0.0010509721492380452
13.5,0.0,9.0,2.0,24.5,1,0.0010509721492380452
13.5,0.0,11.0,0.0,24.5,1,0.0010509721492380452
13.5,4.5,0.0,0.0,18.0,1,0.0010509721492380452
14.0,0.0,0.0,2.0,16.0,1,0.0010509721492380452
14.0,0.0,0.0,4.0,18.0,1,0.0010509721492380452
14.0,0.0,0.0,5.0,19.0,1,0.0010509721492380452
12.0,4.0,2.0,0.0,18.0,1,0.0010509721492380452
12.0,5.0,0.0,0.0,17.0,1,0.0010509721492380452
12.0,7.0,0.0,0.0,19.0,1,0.0010509721492380452
14.5,0.0,9.5,0.0,24.0,1,0.0010509721492380452
18.0,0.0,0.0,0.0,18.0,1,0.0010509721492380452
18.0,0.0,4.5,0.0,22.5,1,0.0010509721492380452
19.0,0.0,0.0,0.0,19.0,1,0.0010509721492380452
15.0,5.0,2.0,0.0,22.0,1,0.0010509721492380452
15.0,6.0,3.0,0.0,24.0,1,0.0010509721492380452
15.5,0.0,4.0,0.0,19.5,1,0.0010509721492380452
15.5,0.0,9.5,0.0,25.0,1,0.0010509721492380452
14.5,4.0,5.0,0.0,23.5,1,0.0010509721492380452
15.0,0.0,0.0,6.0,21.0,1,0.0010509721492380452
15.0,0.0,3.0,0.0,18.0,1,0.0010509721492380452
15.0,0.0,5.0,0.0,20.0,1,0.0010509721492380452
15.0,0.0,6.0,0.0,21.0,1,0.0010509721492380452
15.0,0.0,7.5,2.0,24.5,1,0.0010509721492380452
17.0,6.0,0.0,0.0,23.0,1,0.0010509721492380452
13.0,2.0,3.0,0.0,18.0,1,0.0010509721492380452
3.0,4.0,12.0,0.0,19.0,1,0.0010509721492380452
3.0,4.0,13.0,0.0,20.0,1,0.0010509721492380452
3.0,4.5,6.0,6.0,19.5,1,0.0010509721492380452
3.0,4.5,15.5,0.0,23.0,1,0.0010509721492380452
15.5,4.0,5.0,0.0,24.5,1,0.0010509721492380452
15.5,4.5,3.0,0.0,23.0,1,0.0010509721492380452
16.0,0.0,4.5,0.0,20.5,1,0.0010509721492380452
16.5,0.0,0.0,0.0,16.5,1,0.0010509721492380452
17.0,0.0,0.0,0.0,17.0,1,0.0010509721492380452
17.0,0.0,0.0,2.0,19.0,1,0.0010509721492380452
24.0,0.0,3.0,0.0,27.0,1,0.0010509721492380452
14.0,0.0,8.0,0.0,22.0,1,0.0010509721492380452
14.0,0.0,10.5,0.0,24.5,1,0.0010509721492380452
14.0,1.0,0.0,0.0,15.0,1,0.0010509721492380452
14.0,2.0,0.0,2.0,18.0,1,0.0010509721492380452
14.5,0.0,6.0,0.0,20.5,1,0.0010509721492380452
