cohort,metric,sample_count,missing_count,mean,std,min,max,zero_percentage,p10,p25,median,p75,p90,p95
part_type=part_3,available_failed_credits,23638,0,2.659912006091886,4.122356683152498,0.0,51.5,54.10356206108807,0.0,0.0,0.0,4.0,8.0,11.0
part_type=part_3,available_withdrawn_credits,23638,0,2.109442423216854,3.7910973599231186,0.0,68.5,60.940011845333785,0.0,0.0,0.0,3.0,6.0,10.0
part_type=part_3,registered_failed_retake_credits,23638,0,0.9224976732380066,1.7979967951154008,0.0,12.0,75.14172095777984,0.0,0.0,0.0,0.0,4.0,5.0
part_type=part_3,registered_withdrawn_retake_credits,23638,0,0.33205008884000337,1.069282872228315,0.0,11.0,89.6268719857856,0.0,0.0,0.0,0.0,1.0,3.0
part_type=part_3,registered_new_credits,23638,0,5.181275911667654,2.95277185804485,0.0,12.0,14.345545308401725,0.0,3.0,6.0,8.0,9.0,9.0
part_type=part_3,registered_other_previous_credits,23638,0,0.27316185802521364,1.036391880800384,0.0,12.0,91.9367120737795,0.0,0.0,0.0,0.0,0.0,3.0
part_type=part_3,semester_total_registered_credits,23638,0,6.708985531770877,2.005493486339176,1.0,12.0,0.0,4.0,6.0,7.0,8.0,9.0,9.0
part_type=part_3,failed_retake_ratio,23638,0,0.15160540678749146,0.29813334879510367,0.0,1.0,75.14172095777984,0.0,0.0,0.0,0.0,0.625,1.0
part_type=part_3,withdrawn_retake_ratio,23638,0,0.05205682131173292,0.17199944524199673,0.0,1.0,89.6268719857856,0.0,0.0,0.0,0.0,0.1818181818181818,0.5
part_type=part_3,previously_attempted_ratio,23638,0,0.20366222809922438,0.3305612896216741,0.0,1.0,66.76960825788983,0.0,0.0,0.0,0.375,0.75,1.0
part_type=part_3,new_credit_ratio,23638,0,0.7503113612242497,0.3680780441640238,0.0,1.0,14.345545308401725,0.0,0.5,1.0,1.0,1.0,1.0
part_type=part_3,other_previous_ratio,23638,0,0.04602641067652594,0.17429527720848986,0.0,1.0,91.9367120737795,0.0,0.0,0.0,0.0,0.0,0.4285714285714285
part_type=part_3,failed_backlog_consumption_ratio,10849,12789,0.38784354550420685,0.41902320339523097,0.0,1.0,45.838326113005806,0.0,0.0,0.2727272727272727,1.0,1.0,1.0
part_type=part_3,withdrawn_backlog_consumption_ratio,9233,14405,0.17005989350992004,0.3286782239385668,0.0,1.0,73.44308458789126,0.0,0.0,0.0,0.1818181818181818,1.0,1.0
part_type=parts_1_2,available_failed_credits,71512,0,2.2018122832531604,4.10487360906466,0.0,65.5,62.94048551292091,0.0,0.0,0.0,3.0,7.0,10.0
part_type=parts_1_2,available_withdrawn_credits,71512,0,1.7170754558675467,3.55230481980515,0.0,77.5,68.0067680948652,0.0,0.0,0.0,2.0,6.0,9.0
part_type=parts_1_2,registered_failed_retake_credits,71512,0,1.1339285714285714,2.5047857288427458,0.0,27.0,75.65443561919678,0.0,0.0,0.0,0.0,4.0,6.0
part_type=parts_1_2,registered_withdrawn_retake_credits,71512,0,0.5622273184920014,1.6759203405549823,0.0,21.0,85.83174851773128,0.0,0.0,0.0,0.0,3.0,4.0
part_type=parts_1_2,registered_new_credits,71512,0,14.69349899317597,5.571472358582711,0.0,39.0,4.381082895178431,6.0,12.0,16.0,18.0,20.0,23.0
part_type=parts_1_2,registered_other_previous_credits,71512,0,0.476493455643808,1.6723365075079981,0.0,25.0,89.61712719543573,0.0,0.0,0.0,0.0,2.0,4.0
part_type=parts_1_2,semester_total_registered_credits,71512,0,16.866148338740352,3.5740650076676435,1.0,39.0,0.0,13.0,15.0,17.0,18.0,21.0,24.0
part_type=parts_1_2,failed_retake_ratio,71512,0,0.07811994370546582,0.17632075868491318,0.0,1.0,75.65443561919678,0.0,0.0,0.0,0.0,0.2666666666666666,0.4666666666666667
part_type=parts_1_2,withdrawn_retake_ratio,71512,0,0.03698946283871911,0.11500658521796749,0.0,1.0,85.83174851773128,0.0,0.0,0.0,0.0,0.1666666666666666,0.2352941176470588
part_type=parts_1_2,previously_attempted_ratio,71512,0,0.11510940654418496,0.2122320430198225,0.0,1.0,66.52170265130329,0.0,0.0,0.0,0.1764705882352941,0.4,0.5882352941176471
part_type=parts_1_2,new_credit_ratio,71512,0,0.8502260474633335,0.26510187898373466,0.0,1.0,4.381082895178431,0.4444444444444444,0.8,1.0,1.0,1.0,1.0
part_type=parts_1_2,other_previous_ratio,71512,0,0.034664545992481484,0.12378563906993999,0.0,1.0,89.61712719543573,0.0,0.0,0.0,0.0,0.0952380952380952,0.25
part_type=parts_1_2,failed_backlog_consumption_ratio,26502,45010,0.5376836223995922,0.4440582671191115,0.0,1.0,34.30684476643272,0.0,0.0,0.6,1.0,1.0,1.0
part_type=parts_1_2,withdrawn_backlog_consumption_ratio,22879,48633,0.3200663759916956,0.40857317727590564,0.0,1.0,55.71484767690895,0.0,0.0,0.0,0.6363636363636364,1.0,1.0
target_part=20201,available_failed_credits,4959,0,2.691772534785239,5.167019335157059,0.0,65.5,61.66565839887074,0.0,0.0,0.0,4.0,9.0,13.0
target_part=20201,available_withdrawn_credits,4959,0,1.2044767090139141,2.5572966505958648,0.0,26.0,72.59528130671507,0.0,0.0,0.0,2.0,4.0,7.0
target_part=20201,registered_failed_retake_credits,4959,0,0.8974591651542649,2.2900819174608382,0.0,27.0,80.07662835249042,0.0,0.0,0.0,0.0,4.0,6.0
target_part=20201,registered_withdrawn_retake_credits,4959,0,0.3841500302480339,1.2517993658551212,0.0,15.0,88.82839282113329,0.0,0.0,0.0,0.0,2.0,3.0
target_part=20201,registered_new_credits,4959,0,15.138838475499092,5.1357364190422725,0.0,27.0,3.407945150231902,8.0,13.0,16.0,18.0,20.0,22.5
target_part=20201,registered_other_previous_credits,4959,0,0.4276063722524703,1.615058142944237,0.0,18.0,90.76426698931236,0.0,0.0,0.0,0.0,0.0,3.0
target_part=20201,semester_total_registered_credits,4959,0,16.848054043153862,3.437940516979448,1.0,32.0,0.0,13.0,15.0,17.0,18.0,21.0,23.0
target_part=20201,failed_retake_ratio,4959,0,0.05974748443821128,0.1510782029686332,0.0,1.0,80.07662835249042,0.0,0.0,0.0,0.0,0.2307692307692307,0.3846153846153846
target_part=20201,withdrawn_retake_ratio,4959,0,0.025753756036409396,0.0897201023276268,0.0,1.0,88.82839282113329,0.0,0.0,0.0,0.0,0.11241830065359358,0.2
target_part=20201,previously_attempted_ratio,4959,0,0.0855012404746207,0.1801297111364645,0.0,1.0,72.4339584593668,0.0,0.0,0.0,0.1111111111111111,0.3076923076923077,0.5
target_part=20201,new_credit_ratio,4959,0,0.883276085628615,0.23671216024547737,0.0,1.0,3.407945150231902,0.5833333333333334,0.8461538461538461,1.0,1.0,1.0,1.0
target_part=20201,other_previous_ratio,4959,0,0.031222673896764176,0.120969713632693,0.0,1.0,90.76426698931236,0.0,0.0,0.0,0.0,0.0,0.2307692307692307
target_part=20201,failed_backlog_consumption_ratio,1901,3058,0.3639929101719568,0.4187745374393811,0.0,1.0,48.02735402419779,0.0,0.0,0.1538461538461538,1.0,1.0,1.0
target_part=20201,withdrawn_backlog_consumption_ratio,1359,3600,0.3141219026396276,0.41895825327478586,0.0,1.0,59.23473142016188,0.0,0.0,0.0,0.6666666666666666,1.0,1.0
target_part=20202,available_failed_credits,4782,0,3.523525721455458,5.285314952083585,0.0,54.0,49.53994144709327,0.0,0.0,1.0,5.0,10.0,14.0
target_part=20202,available_withdrawn_credits,4782,0,1.6361355081555835,3.08486517988001,0.0,26.5,66.3111668757842,0.0,0.0,0.0,3.0,5.0,8.0
target_part=20202,registered_failed_retake_credits,4782,0,1.6849644500209118,3.015928880446801,0.0,24.0,66.70849017147637,0.0,0.0,0.0,3.0,6.0,8.0
target_part=20202,registered_withdrawn_retake_credits,4782,0,0.479297365119197,1.5508497673428427,0.0,17.0,87.85027185278126,0.0,0.0,0.0,0.0,2.0,3.0
target_part=20202,registered_new_credits,4782,0,13.489125888749477,6.171390132657761,0.0,27.0,7.800083647009619,3.0,11.0,15.0,18.0,20.0,22.0
target_part=20202,registered_other_previous_credits,4782,0,0.7305520702634881,1.9850711566263306,0.0,16.0,83.85612714345461,0.0,0.0,0.0,0.0,3.0,5.0
target_part=20202,semester_total_registered_credits,4782,0,16.383939774153074,3.5741199063443276,1.0,27.0,0.0,12.0,14.0,17.0,18.0,21.0,23.0
target_part=20202,failed_retake_ratio,4782,0,0.12017570458265765,0.22028882296225527,0.0,1.0,66.70849017147637,0.0,0.0,0.0,0.1764705882352941,0.4375,0.6153846153846154
target_part=20202,withdrawn_retake_ratio,4782,0,0.03278475182100038,0.112420059404707,0.0,1.0,87.85027185278126,0.0,0.0,0.0,0.0,0.1333333333333333,0.2222222222222222
target_part=20202,previously_attempted_ratio,4782,0,0.15296045640365805,0.24364754728760638,0.0,1.0,59.20117105813467,0.0,0.0,0.0,0.2307692307692307,0.5,0.6923076923076923
target_part=20202,new_credit_ratio,4782,0,0.7921766380359362,0.3128554867519578,0.0,1.0,7.800083647009619,0.25,0.6850328947368421,1.0,1.0,1.0,1.0
target_part=20202,other_previous_ratio,4782,0,0.05486290556040583,0.15075552447341295,0.0,1.0,83.85612714345461,0.0,0.0,0.0,0.0,0.2307692307692307,0.4166666666666667
target_part=20202,failed_backlog_consumption_ratio,2413,2369,0.5183600408087202,0.4383163657262435,0.0,1.0,34.02403646912557,0.0,0.0,0.5,1.0,1.0,1.0
target_part=20202,withdrawn_backlog_consumption_ratio,1611,3171,0.2757860103427262,0.40296298528682384,0.0,1.0,63.93544382371198,0.0,0.0,0.0,0.5714285714285714,1.0,1.0
target_part=20203,available_failed_credits,3351,0,3.3484034616532377,5.026704476897923,0.0,51.5,48.46314532975231,0.0,0.0,1.0,5.0,10.0,14.0
target_part=20203,available_withdrawn_credits,3351,0,1.9823933154282303,3.3811135322690093,0.0,29.5,60.31035511787526,0.0,0.0,0.0,3.0,6.0,9.0
target_part=20203,registered_failed_retake_credits,3351,0,0.8942106833780961,1.7404106298156716,0.0,9.0,74.5150701283199,0.0,0.0,0.0,1.0,4.0,4.5
target_part=20203,registered_withdrawn_retake_credits,3351,0,0.31900925096985977,1.0412362214548714,0.0,9.0,89.67472396299611,0.0,0.0,0.0,0.0,1.0,3.0
target_part=20203,registered_new_credits,3351,0,5.2023276633840645,2.850259053124486,0.0,12.0,13.309459862727543,0.0,3.0,6.0,7.0,9.0,9.0
target_part=20203,registered_other_previous_credits,3351,0,0.27603700387943897,0.975240616526425,0.0,8.0,90.95792300805729,0.0,0.0,0.0,0.0,0.0,3.0
target_part=20203,semester_total_registered_credits,3351,0,6.691584601611459,1.9167761091132414,1.0,12.0,0.0,4.0,6.0,7.0,8.0,9.0,9.0
target_part=20203,failed_retake_ratio,3351,0,0.14838544096535564,0.2915201812461103,0.0,1.0,74.5150701283199,0.0,0.0,0.0,0.1428571428571428,0.6,1.0
target_part=20203,withdrawn_retake_ratio,3351,0,0.04993875465069313,0.16614212312831217,0.0,1.0,89.67472396299611,0.0,0.0,0.0,0.0,0.125,0.4444444444444444
target_part=20203,previously_attempted_ratio,3351,0,0.19832419561604878,0.32231352292520776,0.0,1.0,65.98030438675022,0.0,0.0,0.0,0.375,0.7142857142857143,1.0
target_part=20203,new_credit_ratio,3351,0,0.7542535296313799,0.3586255514172978,0.0,1.0,13.309459862727543,0.0,0.5555555555555556,1.0,1.0,1.0,1.0
target_part=20203,other_previous_ratio,3351,0,0.04742227475257124,0.17023981220320988,0.0,1.0,90.95792300805729,0.0,0.0,0.0,0.0,0.0,0.4285714285714285
target_part=20203,failed_backlog_consumption_ratio,1727,1624,0.32233699964442886,0.3983791773223343,0.0,1.0,50.550086855819345,0.0,0.0,0.0,0.6,1.0,1.0
target_part=20203,withdrawn_backlog_consumption_ratio,1330,2021,0.16994063305129511,0.3286163447876382,0.0,1.0,73.98496240601504,0.0,0.0,0.0,0.1897321428571428,1.0,1.0
target_part=20211,available_failed_credits,5668,0,2.166284403669725,4.375828882624706,0.0,50.5,65.50811573747353,0.0,0.0,0.0,3.0,7.0,11.0
target_part=20211,available_withdrawn_credits,5668,0,1.5155257586450246,3.1533405036506714,0.0,40.0,70.11291460832744,0.0,0.0,0.0,2.0,5.0,8.0
target_part=20211,registered_failed_retake_credits,5668,0,0.8846153846153846,2.1803718161515846,0.0,24.0,79.23429781227946,0.0,0.0,0.0,0.0,4.0,5.0
target_part=20211,registered_withdrawn_retake_credits,5668,0,0.5456951305575158,1.597828339233031,0.0,16.0,85.88567395906846,0.0,0.0,0.0,0.0,3.0,4.0
target_part=20211,registered_new_credits,5668,0,15.019671841919548,4.900772161255344,0.0,31.0,2.399435426958363,9.0,13.0,16.0,18.0,20.0,23.0
target_part=20211,registered_other_previous_credits,5668,0,0.39723006351446716,1.5226590720597926,0.0,16.0,91.31968948482711,0.0,0.0,0.0,0.0,0.0,3.0
target_part=20211,semester_total_registered_credits,5668,0,16.847212420606915,3.340499248822348,1.0,31.0,0.0,13.0,15.0,17.0,18.0,21.0,24.0
target_part=20211,failed_retake_ratio,5668,0,0.05727454785398154,0.14247721314026285,0.0,1.0,79.23429781227946,0.0,0.0,0.0,0.0,0.2222222222222222,0.3333333333333333
target_part=20211,withdrawn_retake_ratio,5668,0,0.03503158038585337,0.10811403273739735,0.0,1.0,85.88567395906846,0.0,0.0,0.0,0.0,0.1666666666666666,0.2307692307692307
target_part=20211,previously_attempted_ratio,5668,0,0.0923061282398349,0.18284935005173011,0.0,1.0,69.76005645730416,0.0,0.0,0.0,0.1428571428571428,0.3333333333333333,0.4736842105263157
target_part=20211,new_credit_ratio,5668,0,0.8802543749562476,0.2282946267495289,0.0,1.0,2.399435426958363,0.5714285714285714,0.8333333333333334,1.0,1.0,1.0,1.0
target_part=20211,other_previous_ratio,5668,0,0.027439496803917298,0.1072130542941376,0.0,1.0,91.31968948482711,0.0,0.0,0.0,0.0,0.0,0.2307692307692307
target_part=20211,failed_backlog_consumption_ratio,1955,3713,0.45254637073264714,0.43552898613721047,0.0,1.0,39.79539641943734,0.0,0.0,0.4,1.0,1.0,1.0
target_part=20211,withdrawn_backlog_consumption_ratio,1694,3974,0.35558458858468944,0.42505744553593056,0.0,1.0,52.77449822904369,0.0,0.0,0.0,1.0,1.0,1.0
target_part=20212,available_failed_credits,5518,0,2.6561254077564334,4.300219568590134,0.0,50.5,56.14353026458861,0.0,0.0,0.0,4.0,8.0,11.0
target_part=20212,available_withdrawn_credits,5518,0,1.680409568684306,3.3009754155284594,0.0,40.0,65.71221457049656,0.0,0.0,0.0,3.0,5.0,8.0
target_part=20212,registered_failed_retake_credits,5518,0,1.4446357375860819,2.6801533688295094,0.0,24.0,69.22798115259152,0.0,0.0,0.0,3.0,5.0,7.0
target_part=20212,registered_withdrawn_retake_credits,5518,0,0.5452156578470461,1.5780100659494092,0.0,16.0,85.44762595143169,0.0,0.0,0.0,0.0,3.0,4.0
target_part=20212,registered_new_credits,5518,0,14.099492569771657,5.7733281118969195,0.0,27.0,4.947444726350127,5.0,12.0,15.0,18.0,20.0,22.074999999999818
target_part=20212,registered_other_previous_credits,5518,0,0.665911562160203,1.952808194625343,0.0,18.0,85.41138093512141,0.0,0.0,0.0,0.0,3.0,5.0
target_part=20212,semester_total_registered_credits,5518,0,16.755255527364987,3.4730695092599637,1.0,39.0,0.0,12.0,15.0,17.0,18.0,21.0,23.5
target_part=20212,failed_retake_ratio,5518,0,0.09691226009048255,0.18600748054722635,0.0,1.0,69.22798115259152,0.0,0.0,0.0,0.1666666666666666,0.3333333333333333,0.5
target_part=20212,withdrawn_retake_ratio,5518,0,0.035223248965365835,0.10599593466623944,0.0,1.0,85.44762595143169,0.0,0.0,0.0,0.0,0.1666666666666666,0.2307692307692307
target_part=20212,previously_attempted_ratio,5518,0,0.1321355090558484,0.21542194040236692,0.0,1.0,60.65603479521566,0.0,0.0,0.0,0.2,0.4444444444444444,0.6
target_part=20212,new_credit_ratio,5518,0,0.8200694529032905,0.28226848554589234,0.0,1.0,4.947444726350127,0.3571428571428571,0.75,1.0,1.0,1.0,1.0
target_part=20212,other_previous_ratio,5518,0,0.04779503804086114,0.14141141025937348,0.0,1.0,85.41138093512141,0.0,0.0,0.0,0.0,0.2,0.3333333333333333
target_part=20212,failed_backlog_consumption_ratio,2420,3098,0.5837483647103923,0.4397284067019064,0.0,1.0,29.83471074380165,0.0,0.0,0.7272727272727273,1.0,1.0,1.0
target_part=20212,withdrawn_backlog_consumption_ratio,1892,3626,0.3206201667165305,0.418707206700901,0.0,1.0,57.55813953488372,0.0,0.0,0.0,0.6666666666666666,1.0,1.0
target_part=20213,available_failed_credits,3923,0,2.552638287025236,3.9886817240026153,0.0,32.0,54.779505480499616,0.0,0.0,0.0,4.0,8.0,10.0
target_part=20213,available_withdrawn_credits,3923,0,1.9857252102982412,3.4169576146150322,0.0,29.0,60.92276319143512,0.0,0.0,0.0,3.0,6.0,9.0
target_part=20213,registered_failed_retake_credits,3923,0,0.762936528167219,1.6120032743929598,0.0,12.0,78.02702013764976,0.0,0.0,0.0,0.0,3.0,4.0
target_part=20213,registered_withdrawn_retake_credits,3923,0,0.27198572521029823,0.935828738957617,0.0,9.0,91.00178434871272,0.0,0.0,0.0,0.0,0.0,3.0
target_part=20213,registered_new_credits,3923,0,5.093041040020393,2.9235778596396145,0.0,12.0,14.045373438694877,0.0,3.0,5.0,7.0,9.0,9.0
target_part=20213,registered_other_previous_credits,3923,0,0.33928116237573286,1.158017170282691,0.0,11.0,89.82921233749681,0.0,0.0,0.0,0.0,1.0,3.0
target_part=20213,semester_total_registered_credits,3923,0,6.467244455773643,2.075699037623262,1.0,12.0,0.0,4.0,5.0,7.0,8.0,9.0,9.0
target_part=20213,failed_retake_ratio,3923,0,0.13154775346825248,0.28057393723104435,0.0,1.0,78.02702013764976,0.0,0.0,0.0,0.0,0.5714285714285714,1.0
target_part=20213,withdrawn_retake_ratio,3923,0,0.04384922663401019,0.156630690887815,0.0,1.0,91.00178434871272,0.0,0.0,0.0,0.0,0.0,0.4
target_part=20213,previously_attempted_ratio,3923,0,0.17539698010226265,0.3109232211875601,0.0,1.0,70.48177415243437,0.0,0.0,0.0,0.2857142857142857,0.6666666666666666,1.0
target_part=20213,new_credit_ratio,3923,0,0.7640338311148465,0.36520680949322337,0.0,1.0,14.045373438694877,0.0,0.5714285714285714,1.0,1.0,1.0,1.0
target_part=20213,other_previous_ratio,3923,0,0.06056918878289078,0.20346808960518611,0.0,1.0,89.82921233749681,0.0,0.0,0.0,0.0,0.15333333333334542,0.5
target_part=20213,failed_backlog_consumption_ratio,1774,2149,0.34756373163010246,0.41576055246799126,0.0,1.0,51.40924464487034,0.0,0.0,0.0,0.7142857142857143,1.0,1.0
target_part=20213,withdrawn_backlog_consumption_ratio,1533,2390,0.15067931229250542,0.3173164158274136,0.0,1.0,76.97325505544683,0.0,0.0,0.0,0.0,0.9599999999999909,1.0
target_part=20221,available_failed_credits,6062,0,1.9322005938634115,3.6980049746615165,0.0,40.0,65.19300560871,0.0,0.0,0.0,3.0,6.0,9.0
target_part=20221,available_withdrawn_credits,6062,0,1.6492906631474762,3.315154265734573,0.0,50.5,67.91487957769714,0.0,0.0,0.0,2.0,6.0,8.0
target_part=20221,registered_failed_retake_credits,6062,0,0.8717419993401517,2.073016647513713,0.0,24.0,79.0498185417354,0.0,0.0,0.0,0.0,3.0,5.0
target_part=20221,registered_withdrawn_retake_credits,6062,0,0.5272187396898713,1.5569806991525628,0.0,16.0,86.077202243484,0.0,0.0,0.0,0.0,2.0,4.0
target_part=20221,registered_new_credits,6062,0,15.264104256021115,5.157703827784007,0.0,27.0,2.9198284394589247,9.0,13.0,16.0,18.0,21.0,24.0
target_part=20221,registered_other_previous_credits,6062,0,0.3719894424282415,1.4298572083436007,0.0,15.0,91.32299571098648,0.0,0.0,0.0,0.0,0.0,3.0
target_part=20221,semester_total_registered_credits,6062,0,17.03505443747938,3.570345722031483,1.0,31.0,0.0,13.0,15.0,17.0,18.0,22.0,24.0
target_part=20221,failed_retake_ratio,6062,0,0.06028343722129806,0.15085654125738154,0.0,1.0,79.0498185417354,0.0,0.0,0.0,0.0,0.2222222222222222,0.35045045045044715
target_part=20221,withdrawn_retake_ratio,6062,0,0.03366141667290834,0.10304790502997592,0.0,1.0,86.077202243484,0.0,0.0,0.0,0.0,0.1666666666666666,0.2222222222222222
target_part=20221,previously_attempted_ratio,6062,0,0.09394485389420638,0.1852914008491081,0.0,1.0,69.7459584295612,0.0,0.0,0.0,0.1428571428571428,0.3333333333333333,0.5
target_part=20221,new_credit_ratio,6062,0,0.8782502206260961,0.23315145425967534,0.0,1.0,2.9198284394589247,0.567953667953668,0.8333333333333334,1.0,1.0,1.0,1.0
target_part=20221,other_previous_ratio,6062,0,0.0278049254796975,0.11009698246258612,0.0,1.0,91.32299571098648,0.0,0.0,0.0,0.0,0.0,0.2307692307692307
target_part=20221,failed_backlog_consumption_ratio,2110,3952,0.48683758788498893,0.4485384622532035,0.0,1.0,39.81042654028436,0.0,0.0,0.5,1.0,1.0,1.0
target_part=20221,withdrawn_backlog_consumption_ratio,1945,4117,0.3102392071745582,0.4028814102140849,0.0,1.0,56.606683804627245,0.0,0.0,0.0,0.6,1.0,1.0
target_part=20222,available_failed_credits,5863,0,2.3111035306157257,3.8531347520286,0.0,38.0,58.468360907385296,0.0,0.0,0.0,3.0,7.0,10.0
target_part=20222,available_withdrawn_credits,5863,0,1.855193586900904,3.59046367983953,0.0,61.0,64.18215930411051,0.0,0.0,0.0,3.0,6.0,9.0
target_part=20222,registered_failed_retake_credits,5863,0,1.221558928876002,2.35722265112689,0.0,17.0,72.18147705952585,0.0,0.0,0.0,2.0,4.5,6.0
target_part=20222,registered_withdrawn_retake_credits,5863,0,0.5457956677468873,1.609341008703386,0.0,21.0,85.50230257547331,0.0,0.0,0.0,0.0,3.0,3.0
target_part=20222,registered_new_credits,5863,0,14.56600716356814,5.673422857840356,0.0,30.0,4.4004775712092785,6.0,12.0,16.0,18.0,21.0,23.0
target_part=20222,registered_other_previous_credits,5863,0,0.5259252942179772,1.69695571820021,0.0,16.5,88.06071976803685,0.0,0.0,0.0,0.0,2.0,4.0
target_part=20222,semester_total_registered_credits,5863,0,16.859287054409005,3.615695433298347,1.0,37.0,0.0,13.0,15.0,17.0,18.0,21.0,23.5
target_part=20222,failed_retake_ratio,5863,0,0.08933147287119104,0.18565374810746832,0.0,1.0,72.18147705952585,0.0,0.0,0.0,0.125,0.3125,0.5
target_part=20222,withdrawn_retake_ratio,5863,0,0.035839565077021567,0.10904495543077776,0.0,1.0,85.50230257547331,0.0,0.0,0.0,0.0,0.1666666666666666,0.23041958041957908
target_part=20222,previously_attempted_ratio,5863,0,0.1251710379482126,0.21674007613605345,0.0,1.0,63.10762408323384,0.0,0.0,0.0,0.1875,0.4279635258358668,0.6
target_part=20222,new_credit_ratio,5863,0,0.8369188631622873,0.26943745598587204,0.0,1.0,4.4004775712092785,0.4166666666666667,0.7857142857142857,1.0,1.0,1.0,1.0
target_part=20222,other_previous_ratio,5863,0,0.03791009888950015,0.12476196361764609,0.0,1.0,88.06071976803685,0.0,0.0,0.0,0.0,0.1428571428571428,0.27248157248157157
target_part=20222,failed_backlog_consumption_ratio,2435,3428,0.5614596953917891,0.44681132518817107,0.0,1.0,33.01848049281314,0.0,0.0,0.6666666666666666,1.0,1.0,1.0
target_part=20222,withdrawn_backlog_consumption_ratio,2100,3763,0.29687706400950564,0.4059081278640055,0.0,1.0,59.523809523809526,0.0,0.0,0.0,0.6,1.0,1.0
target_part=20223,available_failed_credits,4269,0,2.628133052237058,3.9486930685342854,0.0,35.0,53.90021082220661,0.0,0.0,0.0,4.0,8.0,10.5
target_part=20223,available_withdrawn_credits,4269,0,2.291286015460295,3.942684369491882,0.0,36.5,58.25720309205903,0.0,0.0,0.0,3.0,7.0,10.0
target_part=20223,registered_failed_retake_credits,4269,0,0.9538533614429608,1.807896165575447,0.0,12.0,74.0220192082455,0.0,0.0,0.0,2.0,3.0,5.0
target_part=20223,registered_withdrawn_retake_credits,4269,0,0.32864839540876084,1.040409665957675,0.0,9.0,89.5057390489576,0.0,0.0,0.0,0.0,2.0,3.0
target_part=20223,registered_new_credits,4269,0,5.098617943312251,2.9703108337948927,0.0,12.0,15.530569219957835,0.0,3.0,6.0,8.0,9.0,9.0
target_part=20223,registered_other_previous_credits,4269,0,0.32021550714453034,1.1355284599054551,0.0,12.0,90.72382290934645,0.0,0.0,0.0,0.0,0.0,3.0
target_part=20223,semester_total_registered_credits,4269,0,6.701335207308503,1.9432073790089062,1.0,12.0,0.0,4.0,6.0,7.0,8.0,9.0,9.0
target_part=20223,failed_retake_ratio,4269,0,0.1560906136626446,0.29933896884442074,0.0,1.0,74.0220192082455,0.0,0.0,0.0,0.2222222222222222,0.6,1.0
target_part=20223,withdrawn_retake_ratio,4269,0,0.05246546548373674,0.17019038381277413,0.0,1.0,89.5057390489576,0.0,0.0,0.0,0.0,0.2222222222222222,0.5
target_part=20223,previously_attempted_ratio,4269,0,0.20855607914638133,0.3329343421559187,0.0,1.0,66.03420004684938,0.0,0.0,0.0,0.375,0.8,1.0
target_part=20223,new_credit_ratio,4269,0,0.737959870092688,0.37611303434180765,0.0,1.0,15.530569219957835,0.0,0.5,1.0,1.0,1.0,1.0
target_part=20223,other_previous_ratio,4269,0,0.053484050760930595,0.18803893146194184,0.0,1.0,90.72382290934645,0.0,0.0,0.0,0.0,0.0,0.5
target_part=20223,failed_backlog_consumption_ratio,1968,2301,0.39792500371157874,0.4159300724578432,0.0,1.0,43.64837398373984,0.0,0.0,0.3,1.0,1.0,1.0
target_part=20223,withdrawn_backlog_consumption_ratio,1782,2487,0.1527240700720855,0.31051314637076954,0.0,1.0,74.85970819304153,0.0,0.0,0.0,0.1027568922305764,0.6666666666666666,1.0
target_part=20231,available_failed_credits,6458,0,1.8266491173738,3.7137632019925424,0.0,44.0,67.28089191700218,0.0,0.0,0.0,3.0,6.0,9.0
target_part=20231,available_withdrawn_credits,6458,0,1.8174357386187674,3.7167764591514496,0.0,70.5,67.12604521523691,0.0,0.0,0.0,3.0,6.0,9.0
target_part=20231,registered_failed_retake_credits,6458,0,0.9289253638897491,2.3560254519661123,0.0,24.0,79.0182719108083,0.0,0.0,0.0,0.0,3.0,6.0
target_part=20231,registered_withdrawn_retake_credits,6458,0,0.584933415918241,1.6168379929533645,0.0,17.0,84.71663053576958,0.0,0.0,0.0,0.0,3.0,4.0
target_part=20231,registered_new_credits,6458,0,15.10614741406008,5.327590949832587,0.0,36.0,3.189842056364199,7.0,13.0,16.0,18.0,21.0,23.5
target_part=20231,registered_other_previous_credits,6458,0,0.4564880768039641,1.670572360048111,0.0,19.5,90.3065964694952,0.0,0.0,0.0,0.0,0.0,3.0
target_part=20231,semester_total_registered_credits,6458,0,17.076494270672036,3.4328152454755196,1.0,36.0,0.0,13.0,15.0,17.0,18.0,22.0,24.0
target_part=20231,failed_retake_ratio,6458,0,0.06245551454506735,0.15478058050871624,0.0,1.0,79.0182719108083,0.0,0.0,0.0,0.0,0.2222222222222222,0.375
target_part=20231,withdrawn_retake_ratio,6458,0,0.03787672024997784,0.10798202474160708,0.0,1.0,84.71663053576958,0.0,0.0,0.0,0.0,0.1764705882352941,0.25
target_part=20231,previously_attempted_ratio,6458,0,0.1003322347950452,0.19353874019630654,0.0,1.0,69.09259832765562,0.0,0.0,0.0,0.1666666666666666,0.3529411764705882,0.5
target_part=20231,new_credit_ratio,6458,0,0.8667056243903125,0.2460188112004364,0.0,1.0,3.189842056364199,0.5,0.8235294117647058,1.0,1.0,1.0,1.0
target_part=20231,other_previous_ratio,6458,0,0.03296214081464226,0.12333846011205093,0.0,1.0,90.3065964694952,0.0,0.0,0.0,0.0,0.0,0.25
target_part=20231,failed_backlog_consumption_ratio,2113,4345,0.520982452689763,0.4421313657391675,0.0,1.0,35.873166114529106,0.0,0.0,0.5,1.0,1.0,1.0
target_part=20231,withdrawn_backlog_consumption_ratio,2123,4335,0.3236149566533509,0.4010159994952104,0.0,1.0,53.50918511540274,0.0,0.0,0.0,0.6,1.0,1.0
target_part=20232,available_failed_credits,6157,0,2.4238265388988145,4.059504499101268,0.0,41.0,59.42829299983758,0.0,0.0,0.0,4.0,8.0,11.0
target_part=20232,available_withdrawn_credits,6157,0,1.937956797141465,3.720788313677122,0.0,37.5,64.26831248984895,0.0,0.0,0.0,3.0,6.0,9.0
target_part=20232,registered_failed_retake_credits,6157,0,1.4874127009907423,2.9105763337516155,0.0,24.0,70.76498294624005,0.0,0.0,0.0,3.0,6.0,8.0
target_part=20232,registered_withdrawn_retake_credits,6157,0,0.6073574792918629,1.7451332451249757,0.0,19.5,84.58664934221211,0.0,0.0,0.0,0.0,3.0,4.0
target_part=20232,registered_new_credits,6157,0,14.376157219425044,6.532511284657679,0.0,39.0,6.70781224622381,4.0,12.0,16.0,18.0,20.0,23.0
target_part=20232,registered_other_previous_credits,6157,0,0.5947701802826052,1.88136839654096,0.0,24.0,87.42894266688323,0.0,0.0,0.0,0.0,3.0,5.0
target_part=20232,semester_total_registered_credits,6157,0,17.065697579990253,4.200431908871741,2.0,39.0,0.0,12.0,15.0,17.0,18.0,21.0,24.0
target_part=20232,failed_retake_ratio,6157,0,0.1037650627173851,0.2073567298227183,0.0,1.0,70.76498294624005,0.0,0.0,0.0,0.1666666666666666,0.3888888888888889,0.5635135135135125
target_part=20232,withdrawn_retake_ratio,6157,0,0.04051454530268798,0.12162035775756616,0.0,1.0,84.58664934221211,0.0,0.0,0.0,0.0,0.1666666666666666,0.25
target_part=20232,previously_attempted_ratio,6157,0,0.14427960802007309,0.2384578655910523,0.0,1.0,60.955010557089494,0.0,0.0,0.0,0.2,0.5,0.6923076923076923
target_part=20232,new_credit_ratio,6157,0,0.8111923750593909,0.2988524079072454,0.0,1.0,6.70781224622381,0.3304347826086958,0.75,1.0,1.0,1.0,1.0
target_part=20232,other_previous_ratio,6157,0,0.04452801692053612,0.14310839837611813,0.0,1.0,87.42894266688323,0.0,0.0,0.0,0.0,0.1666666666666666,0.3333333333333333
target_part=20232,failed_backlog_consumption_ratio,2498,3659,0.6091900813534553,0.43079037571778245,0.0,1.0,27.942353883106485,0.0,0.0,0.7777777777777778,1.0,1.0,1.0
target_part=20232,withdrawn_backlog_consumption_ratio,2200,3957,0.308286835649997,0.4034362213768292,0.0,1.0,56.86363636363636,0.0,0.0,0.0,0.6,1.0,1.0
target_part=20233,available_failed_credits,4344,0,2.541781767955801,3.8440161538303395,0.0,35.5,54.28176795580111,0.0,0.0,0.0,4.0,8.0,10.0
target_part=20233,available_withdrawn_credits,4344,0,2.1822053406998156,3.9055606777289404,0.0,36.0,60.10589318600368,0.0,0.0,0.0,3.0,7.0,10.0
target_part=20233,registered_failed_retake_credits,4344,0,0.932780847145488,1.7672782446608932,0.0,9.0,74.67771639042357,0.0,0.0,0.0,1.25,4.0,5.0
target_part=20233,registered_withdrawn_retake_credits,4344,0,0.34967771639042355,1.0887234727389599,0.0,9.0,89.11141804788214,0.0,0.0,0.0,0.0,2.0,3.0
target_part=20233,registered_new_credits,4344,0,5.238489871086556,2.944529948627434,0.0,12.0,13.052486187845306,0.0,3.0,6.0,8.0,9.0,9.0
target_part=20233,registered_other_previous_credits,4344,0,0.22341160220994474,0.9266724666665336,0.0,10.0,93.39318600368324,0.0,0.0,0.0,0.0,0.0,2.0
target_part=20233,semester_total_registered_credits,4344,0,6.744360036832412,2.0515665053068775,1.0,12.0,0.0,4.0,6.0,7.0,8.0,9.0,9.0
target_part=20233,failed_retake_ratio,4344,0,0.15289666106411312,0.29587675794735224,0.0,1.0,74.67771639042357,0.0,0.0,0.0,0.17045454545454541,0.625,1.0
target_part=20233,withdrawn_retake_ratio,4344,0,0.05474535766926894,0.17577000598431328,0.0,1.0,89.11141804788214,0.0,0.0,0.0,0.0,0.25,0.5
target_part=20233,previously_attempted_ratio,4344,0,0.2076420187333821,0.32971926271997665,0.0,1.0,66.04511970534071,0.0,0.0,0.0,0.375,0.75,1.0
target_part=20233,new_credit_ratio,4344,0,0.75425334484483,0.3611888375209862,0.0,1.0,13.052486187845306,0.0,0.5,1.0,1.0,1.0,1.0
target_part=20233,other_previous_ratio,4344,0,0.03810463642178787,0.15964860500689862,0.0,1.0,93.39318600368324,0.0,0.0,0.0,0.0,0.0,0.3333333333333333
target_part=20233,failed_backlog_consumption_ratio,1986,2358,0.40384060397549393,0.4225784388697499,0.0,1.0,44.6122860020141,0.0,0.0,0.3,1.0,1.0,1.0
target_part=20233,withdrawn_backlog_consumption_ratio,1733,2611,0.17286225800380317,0.3295900467842499,0.0,1.0,72.7062896710906,0.0,0.0,0.0,0.2142857142857142,1.0,1.0
target_part=20241,available_failed_credits,6629,0,1.7861668426610349,3.4555248525453903,0.0,65.0,66.8879167295218,0.0,0.0,0.0,3.0,6.0,9.0
target_part=20241,available_withdrawn_credits,6629,0,1.8563131694071504,3.7950052993861267,0.0,42.5,67.5667521496455,0.0,0.0,0.0,3.0,6.0,9.0
target_part=20241,registered_failed_retake_credits,6629,0,0.9721677477749283,2.2058761073426476,0.0,20.0,78.05098808266708,0.0,0.0,0.0,0.0,4.0,6.0
target_part=20241,registered_withdrawn_retake_credits,6629,0,0.6269422235631317,1.7347241775189342,0.0,19.0,84.34152964248001,0.0,0.0,0.0,0.0,3.0,4.0
target_part=20241,registered_new_credits,6629,0,14.673555589078292,5.067335880240148,0.0,25.0,3.318750942826972,7.0,12.0,16.0,18.0,19.0,22.0
target_part=20241,registered_other_previous_credits,6629,0,0.40805551365213455,1.5516023331307125,0.0,22.5,91.1147986121587,0.0,0.0,0.0,0.0,0.0,3.0
target_part=20241,semester_total_registered_credits,6629,0,16.680721074068487,3.389139977598874,1.0,25.0,0.0,13.0,15.0,17.0,18.0,21.0,23.0
target_part=20241,failed_retake_ratio,6629,0,0.0643055324071359,0.15112854079704466,0.0,1.0,78.05098808266708,0.0,0.0,0.0,0.0,0.2352941176470588,0.4
target_part=20241,withdrawn_retake_ratio,6629,0,0.04153843941860431,0.12106603616977465,0.0,1.0,84.34152964248001,0.0,0.0,0.0,0.0,0.1764705882352941,0.25
target_part=20241,previously_attempted_ratio,6629,0,0.10584397182574021,0.19785035921198155,0.0,1.0,68.06456479106954,0.0,0.0,0.0,0.1666666666666666,0.375,0.5294117647058824
target_part=20241,new_credit_ratio,6629,0,0.8632910007779686,0.24775146967564618,0.0,1.0,3.318750942826972,0.5,0.8235294117647058,1.0,1.0,1.0,1.0
target_part=20241,other_previous_ratio,6629,0,0.030865027396291156,0.12092953317763241,0.0,1.0,91.1147986121587,0.0,0.0,0.0,0.0,0.0,0.25
target_part=20241,failed_backlog_consumption_ratio,2195,4434,0.5509401431947928,0.4430330979661681,0.0,1.0,33.712984054669704,0.0,0.0,0.6,1.0,1.0,1.0
target_part=20241,withdrawn_backlog_consumption_ratio,2150,4479,0.33856766805296534,0.40516359357644977,0.0,1.0,51.72093023255814,0.0,0.0,0.0,0.6666666666666666,1.0,1.0
target_part=20242,available_failed_credits,6177,0,1.7956127570017808,3.796574145700432,0.0,58.0,67.36279747450219,0.0,0.0,0.0,3.0,6.0,9.0
target_part=20242,available_withdrawn_credits,6177,0,1.7242998219200258,3.8669267102070846,0.0,77.5,69.7425934919864,0.0,0.0,0.0,2.0,6.0,9.0
target_part=20242,registered_failed_retake_credits,6177,0,0.9631698235389348,2.4585577757299477,0.0,24.0,78.95418487939129,0.0,0.0,0.0,0.0,3.0,6.0
target_part=20242,registered_withdrawn_retake_credits,6177,0,0.5310021045815121,1.6757621949713841,0.0,18.0,86.66019103124493,0.0,0.0,0.0,0.0,2.4000000000005457,3.0
target_part=20242,registered_new_credits,6177,0,15.147563542172575,5.229601158386265,0.0,33.0,3.3025740650801363,8.0,13.0,16.0,18.0,20.5,23.0
target_part=20242,registered_other_previous_credits,6177,0,0.3143920997247855,1.3209128074207026,0.0,15.0,92.61777561923263,0.0,0.0,0.0,0.0,0.0,3.0
target_part=20242,semester_total_registered_credits,6177,0,16.95612757001781,3.5401017449435366,1.0,33.0,0.0,13.0,15.0,17.0,18.0,21.0,23.5
target_part=20242,failed_retake_ratio,6177,0,0.06542898331603426,0.16398596516059896,0.0,1.0,78.95418487939129,0.0,0.0,0.0,0.0,0.2307692307692307,0.4
target_part=20242,withdrawn_retake_ratio,6177,0,0.035964857709906685,0.12031179003506301,0.0,1.0,86.66019103124493,0.0,0.0,0.0,0.0,0.1578947368421052,0.2222222222222222
target_part=20242,previously_attempted_ratio,6177,0,0.10139384102594096,0.20396862859609483,0.0,1.0,69.66164804921483,0.0,0.0,0.0,0.1578947368421052,0.3529411764705882,0.5333333333333333
target_part=20242,new_credit_ratio,6177,0,0.87661536799505,0.23930575501990992,0.0,1.0,3.3025740650801363,0.5555555555555556,0.8333333333333334,1.0,1.0,1.0,1.0
target_part=20242,other_previous_ratio,6177,0,0.021990790979009,0.09392259407427814,0.0,1.0,92.61777561923263,0.0,0.0,0.0,0.0,0.0,0.1875
target_part=20242,failed_backlog_consumption_ratio,2016,4161,0.54156336082645,0.45025100998334877,0.0,1.0,35.51587301587302,0.0,0.0,0.6,1.0,1.0,1.0
target_part=20242,withdrawn_backlog_consumption_ratio,1869,4308,0.3083136859424989,0.4030865597452138,0.0,1.0,55.912252541466025,0.0,0.0,0.0,0.6,1.0,1.0
target_part=20243,available_failed_credits,3352,0,2.2164379474940334,3.799245408322922,0.0,41.0,59.75536992840096,0.0,0.0,0.0,3.0,7.0,9.0
target_part=20243,available_withdrawn_credits,3352,0,2.055041766109785,3.9507409635651274,0.0,68.5,62.85799522673031,0.0,0.0,0.0,3.0,6.0,9.0
target_part=20243,registered_failed_retake_credits,3352,0,0.7596957040572793,1.6316846431158707,0.0,9.0,79.29594272076372,0.0,0.0,0.0,0.0,3.0,4.0
target_part=20243,registered_withdrawn_retake_credits,3352,0,0.3287589498806683,1.0862131642852786,0.0,9.0,90.09546539379475,0.0,0.0,0.0,0.0,0.0,3.0
target_part=20243,registered_new_credits,3352,0,5.65244630071599,2.8465216928099735,0.0,12.0,10.173031026252984,0.0,4.0,6.0,8.0,9.0,9.0
target_part=20243,registered_other_previous_credits,3352,0,0.19331742243436753,0.8859509438910023,0.0,9.0,94.42124105011933,0.0,0.0,0.0,0.0,0.0,2.0
target_part=20243,semester_total_registered_credits,3352,0,6.934218377088306,2.0111777433368085,1.0,12.0,0.0,4.0,6.0,7.0,9.0,9.0,9.0
target_part=20243,failed_retake_ratio,3352,0,0.12400538902188488,0.2729498168594214,0.0,1.0,79.29594272076372,0.0,0.0,0.0,0.0,0.5,1.0
target_part=20243,withdrawn_retake_ratio,3352,0,0.04901525270022059,0.16666448506159764,0.0,1.0,90.09546539379475,0.0,0.0,0.0,0.0,0.0,0.4444444444444444
target_part=20243,previously_attempted_ratio,3352,0,0.17302064172210546,0.3078795262664162,0.0,1.0,70.88305489260142,0.0,0.0,0.0,0.3333333333333333,0.6666666666666666,1.0
target_part=20243,new_credit_ratio,3352,0,0.7960031966172425,0.33410142231224416,0.0,1.0,10.173031026252984,0.0,0.625,1.0,1.0,1.0,1.0
target_part=20243,other_previous_ratio,3352,0,0.030976161660652042,0.1429941548674527,0.0,1.0,94.42124105011933,0.0,0.0,0.0,0.0,0.0,0.25
target_part=20243,failed_backlog_consumption_ratio,1349,2003,0.37142298587165645,0.4189465997204708,0.0,1.0,48.55448480355819,0.0,0.0,0.2,1.0,1.0,1.0
target_part=20243,withdrawn_backlog_consumption_ratio,1245,2107,0.1744348173954089,0.3344150802666103,0.0,1.0,73.33333333333333,0.0,0.0,0.0,0.1764705882352941,1.0,1.0
target_part=20251,available_failed_credits,6725,0,1.5211152416356877,3.4663655763202987,0.0,55.0,72.38661710037174,0.0,0.0,0.0,2.0,5.0,8.0
target_part=20251,available_withdrawn_credits,6725,0,1.5956133828996282,3.70794925199672,0.0,35.0,73.72490706319702,0.0,0.0,0.0,2.0,6.0,9.0
target_part=20251,registered_failed_retake_credits,6725,0,0.8327137546468402,2.2915248428914303,0.0,27.0,82.21561338289963,0.0,0.0,0.0,0.0,3.0,6.0
target_part=20251,registered_withdrawn_retake_credits,6725,0,0.5537546468401487,1.7960321167896882,0.0,18.0,87.5985130111524,0.0,0.0,0.0,0.0,3.0,4.0
target_part=20251,registered_new_credits,6725,0,15.36907063197026,5.136672611358201,0.0,36.0,3.5836431226765804,9.0,13.0,17.0,18.0,20.0,23.5
target_part=20251,registered_other_previous_credits,6725,0,0.28059479553903344,1.3323982852302496,0.0,22.0,94.03717472118959,0.0,0.0,0.0,0.0,0.0,2.0
target_part=20251,semester_total_registered_credits,6725,0,17.03613382899628,3.5124114829943545,2.0,39.0,0.0,13.0,15.0,17.0,18.0,21.0,24.0
target_part=20251,failed_retake_ratio,6725,0,0.05744016277721318,0.15911969073981017,0.0,1.0,82.21561338289963,0.0,0.0,0.0,0.0,0.2,0.3623376623376576
target_part=20251,withdrawn_retake_ratio,6725,0,0.03610828973870061,0.1212205243094033,0.0,1.0,87.5985130111524,0.0,0.0,0.0,0.0,0.16195918367347054,0.2352941176470588
target_part=20251,previously_attempted_ratio,6725,0,0.09354845251591379,0.20467671834876672,0.0,1.0,74.1263940520446,0.0,0.0,0.0,0.1111111111111111,0.3478260869565217,0.5591111111111079
target_part=20251,new_credit_ratio,6725,0,0.8869001233402819,0.23891533304231036,0.0,1.0,3.5836431226765804,0.5789473684210527,0.8571428571428571,1.0,1.0,1.0,1.0
target_part=20251,other_previous_ratio,6725,0,0.01955142414380436,0.09456178937581804,0.0,1.0,94.03717472118959,0.0,0.0,0.0,0.0,0.0,0.1538461538461538
target_part=20251,failed_backlog_consumption_ratio,1857,4868,0.5401649909171465,0.44844782988878545,0.0,1.0,35.595045772751746,0.0,0.0,0.6,1.0,1.0,1.0
target_part=20251,withdrawn_backlog_consumption_ratio,1767,4958,0.3233846557086117,0.3981998608730395,0.0,1.0,52.801358234295414,0.0,0.0,0.0,0.6,1.0,1.0
target_part=20252,available_failed_credits,6514,0,2.3301350936444583,3.9443054646168436,0.0,53.0,60.25483573840958,0.0,0.0,0.0,3.0,8.0,10.0
target_part=20252,available_withdrawn_credits,6514,0,1.9805035308566166,4.079313546349457,0.0,45.5,66.70248695118207,0.0,0.0,0.0,3.0,6.0,10.0
target_part=20252,registered_failed_retake_credits,6514,0,1.5349247774025176,2.9051039815700594,0.0,27.0,70.09517961314093,0.0,0.0,0.0,3.0,6.0,8.0
target_part=20252,registered_withdrawn_retake_credits,6514,0,0.7421707092416334,2.089441248999802,0.0,19.0,83.60454405894995,0.0,0.0,0.0,0.0,3.0,4.0
target_part=20252,registered_new_credits,6514,0,13.824838808719681,6.208116422592841,0.0,27.0,7.10776788455634,3.0,11.0,15.0,18.0,20.0,23.0
target_part=20252,registered_other_previous_credits,6514,0,0.6221215842800123,1.9584624974357598,0.0,25.0,87.31961928154743,0.0,0.0,0.0,0.0,3.0,5.0
target_part=20252,semester_total_registered_credits,6514,0,16.724055879643846,3.643048322693101,1.0,27.0,0.0,12.0,15.0,17.0,18.0,21.0,23.5
target_part=20252,failed_retake_ratio,6514,0,0.10869240194921244,0.21136744001419394,0.0,1.0,70.09517961314093,0.0,0.0,0.0,0.1666666666666666,0.4,0.6
target_part=20252,withdrawn_retake_ratio,6514,0,0.049002109229115735,0.14102396194219916,0.0,1.0,83.60454405894995,0.0,0.0,0.0,0.0,0.1875,0.3125
target_part=20252,previously_attempted_ratio,6514,0,0.1576945111783282,0.2524318478967451,0.0,1.0,59.93245317777095,0.0,0.0,0.0,0.2307692307692307,0.5294117647058824,0.75
target_part=20252,new_credit_ratio,6514,0,0.7973700133052236,0.30947475099465355,0.0,1.0,7.10776788455634,0.25,0.6666666666666666,1.0,1.0,1.0,1.0
target_part=20252,other_previous_ratio,6514,0,0.04493547551644812,0.14182057517243082,0.0,1.0,87.31961928154743,0.0,0.0,0.0,0.0,0.1764705882352941,0.3529411764705882
target_part=20252,failed_backlog_consumption_ratio,2589,3925,0.6521331442261948,0.42147602516211696,0.0,1.0,24.758594051757434,0.0,0.1875,1.0,1.0,1.0,1.0
target_part=20252,withdrawn_backlog_consumption_ratio,2169,4345,0.3572798080762654,0.4153567408174822,0.0,1.0,50.76071922544951,0.0,0.0,0.0,0.75,1.0,1.0
target_part=20253,available_failed_credits,4399,0,2.7165264832916574,4.079028557272797,0.0,50.0,53.51216185496703,0.0,0.0,0.0,5.0,8.0,10.5
target_part=20253,available_withdrawn_credits,4399,0,2.109684019095249,4.002325025191354,0.0,41.5,63.40077290293249,0.0,0.0,0.0,3.0,7.0,10.0
target_part=20253,registered_failed_retake_credits,4399,0,1.169811320754717,2.0879726031476746,0.0,10.0,71.42532393725847,0.0,0.0,0.0,2.0,4.0,6.0
target_part=20253,registered_withdrawn_retake_credits,4399,0,0.383950897931348,1.1882311835134782,0.0,11.0,88.63378040463742,0.0,0.0,0.0,0.0,2.0,3.0
target_part=20253,registered_new_credits,4399,0,4.908615594453285,3.0807225086495844,0.0,12.0,18.70879745396681,0.0,3.0,6.0,7.0,9.0,9.0
target_part=20253,registered_other_previous_credits,4399,0,0.2763127983632644,1.068524394832995,0.0,11.0,92.40736531029779,0.0,0.0,0.0,0.0,0.0,3.0
target_part=20253,semester_total_registered_credits,4399,0,6.738690611502614,1.9948988411750754,1.0,12.0,0.0,4.0,6.0,7.0,8.0,9.0,9.0
target_part=20253,failed_retake_ratio,4399,0,0.18734875351720087,0.33219437025581305,0.0,1.0,71.42532393725847,0.0,0.0,0.0,0.3333333333333333,1.0,1.0
target_part=20253,withdrawn_retake_ratio,4399,0,0.060255927785981406,0.19017750066406902,0.0,1.0,88.63378040463742,0.0,0.0,0.0,0.0,0.25454545454546074,0.5
target_part=20253,previously_attempted_ratio,4399,0,0.2476046813031823,0.3624432510929618,0.0,1.0,62.35508070015913,0.0,0.0,0.0,0.5,1.0,1.0
target_part=20253,new_credit_ratio,4399,0,0.7083477446846765,0.39545673508380547,0.0,1.0,18.70879745396681,0.0,0.4285714285714285,1.0,1.0,1.0,1.0
target_part=20253,other_previous_ratio,4399,0,0.04404757401214106,0.16950499798721777,0.0,1.0,92.40736531029779,0.0,0.0,0.0,0.0,0.0,0.4285714285714285
target_part=20253,failed_backlog_consumption_ratio,2045,2354,0.4637002993334119,0.42535668316928366,0.0,1.0,38.53300733496333,0.0,0.0,0.5,1.0,1.0,1.0
target_part=20253,withdrawn_backlog_consumption_ratio,1610,2789,0.2014003946758553,0.3506496763096194,0.0,1.0,68.94409937888199,0.0,0.0,0.0,0.3,1.0,1.0
degree_id=1.111,available_failed_credits,14737,0,1.5562190405102803,3.016756412749266,0.0,44.0,64.76894890411889,0.0,0.0,0.0,2.0,5.0,8.0
degree_id=1.111,available_withdrawn_credits,14737,0,1.6335753545497727,3.4312831890905864,0.0,35.0,65.14894483273393,0.0,0.0,0.0,2.0,5.0,8.0
degree_id=1.111,registered_failed_retake_credits,14737,0,0.5992400081427699,1.4932691795415254,0.0,13.0,80.63377892379725,0.0,0.0,0.0,0.0,3.0,4.0
degree_id=1.111,registered_withdrawn_retake_credits,14737,0,0.48198412159869714,1.4770564067373317,0.0,16.0,85.1665875008482,0.0,0.0,0.0,0.0,2.0,3.0
degree_id=1.111,registered_new_credits,14737,0,12.002171405306372,5.808738657925633,0.0,21.0,4.6006649928750765,4.0,6.0,14.0,17.0,18.0,18.0
degree_id=1.111,registered_other_previous_credits,14737,0,0.3315464477166316,1.322979890632899,0.0,21.0,90.66295718260162,0.0,0.0,0.0,0.0,0.0,3.0
degree_id=1.111,semester_total_registered_credits,14737,0,13.41494198276447,5.14053074199593,1.0,21.0,0.0,5.0,8.0,16.0,18.0,18.0,18.0
degree_id=1.111,failed_retake_ratio,14737,0,0.06005316877085635,0.1672099637133563,0.0,1.0,80.63377892379725,0.0,0.0,0.0,0.0,0.2,0.4
degree_id=1.111,withdrawn_retake_ratio,14737,0,0.040921177159018926,0.12984867132917896,0.0,1.0,85.1665875008482,0.0,0.0,0.0,0.0,0.1578947368421052,0.2777777777777778
degree_id=1.111,previously_attempted_ratio,14737,0,0.10097434592987527,0.21288297801023087,0.0,1.0,70.32638936011399,0.0,0.0,0.0,0.1111111111111111,0.375,0.6
degree_id=1.111,new_credit_ratio,14737,0,0.8664814141403284,0.260028697337093,0.0,1.0,4.6006649928750765,0.5,0.8333333333333334,1.0,1.0,1.0,1.0
degree_id=1.111,other_previous_ratio,14737,0,0.0325442399297963,0.13260183872421225,0.0,1.0,90.66295718260162,0.0,0.0,0.0,0.0,0.0,0.2307692307692307
degree_id=1.111,failed_backlog_consumption_ratio,5192,9545,0.4082618253422626,0.433592537264591,0.0,1.0,45.03081664098613,0.0,0.0,0.25,1.0,1.0,1.0
degree_id=1.111,withdrawn_backlog_consumption_ratio,5136,9601,0.2957251163909999,0.39836842349705087,0.0,1.0,57.43769470404985,0.0,0.0,0.0,0.6,1.0,1.0
degree_id=10.111,available_failed_credits,905,0,1.9248618784530387,2.8682135384872427,0.0,15.0,57.4585635359116,0.0,0.0,0.0,3.0,6.0,8.0
degree_id=10.111,available_withdrawn_credits,905,0,2.0099447513812154,3.1315039392794914,0.0,25.0,58.12154696132596,0.0,0.0,0.0,3.0,6.0,8.0
degree_id=10.111,registered_failed_retake_credits,905,0,1.0408839779005525,1.9000137670721768,0.0,11.0,71.04972375690608,0.0,0.0,0.0,2.0,3.0,5.0
degree_id=10.111,registered_withdrawn_retake_credits,905,0,0.6408839779005525,1.5551396704829514,0.0,12.0,81.65745856353591,0.0,0.0,0.0,0.0,3.0,4.0
degree_id=10.111,registered_new_credits,905,0,11.240883977900552,5.278471815255276,0.0,21.0,5.856353591160221,3.0,7.0,13.0,15.0,17.0,18.0
degree_id=10.111,registered_other_previous_credits,905,0,0.30386740331491713,1.267111403875878,0.0,13.0,92.707182320442,0.0,0.0,0.0,0.0,0.0,3.0
degree_id=10.111,semester_total_registered_credits,905,0,13.226519337016574,4.407425795347567,2.0,21.0,0.0,6.0,11.0,15.0,16.0,18.0,18.0
degree_id=10.111,failed_retake_ratio,905,0,0.10381820917946331,0.21230633578384248,0.0,1.0,71.04972375690608,0.0,0.0,0.0,0.1428571428571428,0.3529411764705882,0.5374358974358971
degree_id=10.111,withdrawn_retake_ratio,905,0,0.055590909863655016,0.14753441581677293,0.0,1.0,81.65745856353591,0.0,0.0,0.0,0.0,0.2142857142857142,0.35238095238095124
degree_id=10.111,previously_attempted_ratio,905,0,0.15940911904311833,0.25114352655318073,0.0,1.0,58.232044198895025,0.0,0.0,0.0,0.25,0.5,0.7047619047619026
degree_id=10.111,new_credit_ratio,905,0,0.8166659850316608,0.28032120652945597,0.0,1.0,5.856353591160221,0.4166666666666667,0.7142857142857143,1.0,1.0,1.0,1.0
degree_id=10.111,other_previous_ratio,905,0,0.02392489592522092,0.10156268047322255,0.0,1.0,92.707182320442,0.0,0.0,0.0,0.0,0.0,0.1764705882352941
degree_id=10.111,failed_backlog_consumption_ratio,385,520,0.5690589425005009,0.44331343405281337,0.0,1.0,31.948051948051948,0.0,0.0,0.6153846153846154,1.0,1.0,1.0
degree_id=10.111,withdrawn_backlog_consumption_ratio,379,526,0.31794017729096186,0.4079839553710039,0.0,1.0,56.200527704485495,0.0,0.0,0.0,0.6201923076923077,1.0,1.0
degree_id=11.111,available_failed_credits,2455,0,2.164154786150713,3.0894598017812163,0.0,23.0,52.138492871690424,0.0,0.0,0.0,3.0,6.0,9.0
degree_id=11.111,available_withdrawn_credits,2455,0,2.3869653767820775,3.3594969262398875,0.0,24.0,47.86150712830957,0.0,0.0,2.0,3.0,6.0,9.0
degree_id=11.111,registered_failed_retake_credits,2455,0,1.1079429735234216,2.009390658854704,0.0,15.0,69.28716904276986,0.0,0.0,0.0,2.0,4.0,5.0
degree_id=11.111,registered_withdrawn_retake_credits,2455,0,0.6505091649694501,1.4998148301278629,0.0,13.0,79.75560081466395,0.0,0.0,0.0,0.0,3.0,4.0
degree_id=11.111,registered_new_credits,2455,0,10.881873727087576,5.545681351717776,0.0,21.0,7.983706720977597,3.0,6.0,12.0,15.0,17.0,18.0
degree_id=11.111,registered_other_previous_credits,2455,0,0.3975560081466395,1.3818572563012919,0.0,14.0,89.61303462321793,0.0,0.0,0.0,0.0,2.0,3.0
degree_id=11.111,semester_total_registered_credits,2455,0,13.037881873727088,4.5411940896059075,2.0,21.0,0.0,6.0,9.0,14.0,16.0,18.0,18.0
degree_id=11.111,failed_retake_ratio,2455,0,0.10939174628208821,0.22055805809325418,0.0,1.0,69.28716904276986,0.0,0.0,0.0,0.1428571428571428,0.3571428571428571,0.5833333333333334
degree_id=11.111,withdrawn_retake_ratio,2455,0,0.06171745217629965,0.16270073215309416,0.0,1.0,79.75560081466395,0.0,0.0,0.0,0.0,0.2142857142857142,0.375
degree_id=11.111,previously_attempted_ratio,2455,0,0.1711091984583879,0.2666921185686128,0.0,1.0,55.64154786150712,0.0,0.0,0.0,0.25,0.5384615384615384,1.0
degree_id=11.111,new_credit_ratio,2455,0,0.7903812516353423,0.30588815221312976,0.0,1.0,7.983706720977597,0.2857142857142857,0.6875,1.0,1.0,1.0,1.0
degree_id=11.111,other_previous_ratio,2455,0,0.038509549906269806,0.13966405469098925,0.0,1.0,89.61303462321793,0.0,0.0,0.0,0.0,0.1176470588235294,0.3076923076923077
degree_id=11.111,failed_backlog_consumption_ratio,1175,1280,0.5263753197580263,0.44396273968761407,0.0,1.0,35.829787234042556,0.0,0.0,0.5,1.0,1.0,1.0
degree_id=11.111,withdrawn_backlog_consumption_ratio,1280,1175,0.2643400747780451,0.38074643206630326,0.0,1.0,61.171875,0.0,0.0,0.0,0.5,1.0,1.0
degree_id=13.111,available_failed_credits,13564,0,3.143468003538779,4.813967574290427,0.0,37.0,51.45237393099381,0.0,0.0,0.0,5.0,9.0,13.0
degree_id=13.111,available_withdrawn_credits,13564,0,2.0070038336773814,3.863523104883118,0.0,40.0,62.89442642288411,0.0,0.0,0.0,3.0,6.0,10.0
degree_id=13.111,registered_failed_retake_credits,13564,0,1.4573134768504865,2.4711307325753067,0.0,17.0,66.27101150103213,0.0,0.0,0.0,3.0,5.0,7.0
degree_id=13.111,registered_withdrawn_retake_credits,13564,0,0.5118696549690357,1.5245318540937653,0.0,17.0,85.86700088469478,0.0,0.0,0.0,0.0,2.0,3.0
degree_id=13.111,registered_new_credits,13564,0,11.229357121792981,5.925795596695491,0.0,21.0,8.360365673842525,2.0,6.0,13.0,17.0,18.0,18.0
degree_id=13.111,registered_other_previous_credits,13564,0,0.3812297257446181,1.381502736557771,0.0,18.0,89.96608670008847,0.0,0.0,0.0,0.0,1.0,3.0
degree_id=13.111,semester_total_registered_credits,13564,0,13.579769979357122,4.91783622065088,1.0,21.0,0.0,6.0,9.0,16.0,18.0,18.0,18.0
degree_id=13.111,failed_retake_ratio,13564,0,0.13660341485378658,0.24850276286115386,0.0,1.0,66.27101150103213,0.0,0.0,0.0,0.2,0.5,0.7222222222222222
degree_id=13.111,withdrawn_retake_ratio,13564,0,0.04066237787754827,0.12800955113655063,0.0,1.0,85.86700088469478,0.0,0.0,0.0,0.0,0.1666666666666666,0.2666666666666666
degree_id=13.111,previously_attempted_ratio,13564,0,0.1772657927313348,0.2732843366318392,0.0,1.0,57.46829843703922,0.0,0.0,0.0,0.2777777777777778,0.5882352941176471,0.875
degree_id=13.111,new_credit_ratio,13564,0,0.7846723003107471,0.31437000317047437,0.0,1.0,8.360365673842525,0.25,0.6666666666666666,1.0,1.0,1.0,1.0
degree_id=13.111,other_previous_ratio,13564,0,0.03806190695791812,0.14243855469969616,0.0,1.0,89.96608670008847,0.0,0.0,0.0,0.0,0.0555555555555555,0.29911764705881494
degree_id=13.111,failed_backlog_consumption_ratio,6585,6979,0.526418205330063,0.4270989780713502,0.0,1.0,30.52391799544419,0.0,0.0,0.5,1.0,1.0,1.0
degree_id=13.111,withdrawn_backlog_consumption_ratio,5033,8531,0.26414277424329025,0.38671965527704233,0.0,1.0,61.9113848599245,0.0,0.0,0.0,0.5,1.0,1.0
degree_id=16.111,available_failed_credits,33,0,17.939393939393938,15.46152360284109,4.0,58.0,0.0,5.0,9.0,12.0,20.0,47.60000000000001,53.8
degree_id=16.111,available_withdrawn_credits,33,0,3.696969696969697,4.073426448372798,0.0,15.0,30.303030303030305,0.0,0.0,2.0,5.0,10.0,11.399999999999999
degree_id=16.111,registered_failed_retake_credits,33,0,3.8181818181818183,4.1717393364050315,0.0,13.0,27.27272727272727,0.0,0.0,2.0,7.0,11.0,11.399999999999999
degree_id=16.111,registered_withdrawn_retake_credits,33,0,1.0606060606060606,1.5600359358720302,0.0,5.0,63.63636363636363,0.0,0.0,0.0,2.0,3.0,4.0
degree_id=16.111,registered_new_credits,33,0,4.606060606060606,5.5110082672059315,0.0,16.0,45.45454545454545,0.0,0.0,2.0,10.0,13.600000000000001,14.399999999999999
degree_id=16.111,registered_other_previous_credits,33,0,2.393939393939394,3.872494302282719,0.0,15.0,54.54545454545454,0.0,0.0,0.0,4.0,7.800000000000001,10.399999999999999
degree_id=16.111,semester_total_registered_credits,33,0,11.878787878787879,5.605564064824207,1.0,20.0,0.0,2.8000000000000007,7.0,13.0,15.0,18.0,19.4
degree_id=16.111,failed_retake_ratio,33,0,0.35663062427768305,0.3572110024449165,0.0,1.0,27.27272727272727,0.0,0.0,0.1764705882352941,0.7142857142857143,0.9142857142857144,1.0
degree_id=16.111,withdrawn_retake_ratio,33,0,0.09018247547659312,0.1474863741612574,0.0,0.5,63.63636363636363,0.0,0.0,0.0,0.1538461538461538,0.2352941176470588,0.4499999999999999
degree_id=16.111,previously_attempted_ratio,33,0,0.4468130997542762,0.37748901952924785,0.0,1.0,18.181818181818183,0.0,0.1111111111111111,0.3846153846153846,0.7857142857142857,1.0,1.0
degree_id=16.111,new_credit_ratio,33,0,0.3184706418452548,0.35406926960398266,0.0,1.0,45.45454545454545,0.0,0.0,0.1428571428571428,0.7,0.8333333333333334,0.8555555555555555
degree_id=16.111,other_previous_ratio,33,0,0.23471625840046892,0.35743315185164315,0.0,1.0,54.54545454545454,0.0,0.0,0.0,0.2631578947368421,0.9500000000000002,1.0
degree_id=16.111,failed_backlog_consumption_ratio,33,0,0.20568585111259358,0.2032245127289713,0.0,0.7857142857142857,27.27272727272727,0.0,0.0,0.1818181818181818,0.3421052631578947,0.4377142857142857,0.555080213903743
degree_id=16.111,withdrawn_backlog_consumption_ratio,23,10,0.28123470732166383,0.33606167746619414,0.0,1.0,47.82608695652174,0.0,0.0,0.0833333333333333,0.5357142857142857,0.6533333333333333,0.9666666666666662
degree_id=19.111,available_failed_credits,7,0,13.428571428571429,6.294366339755546,8.0,27.0,0.0,9.2,10.5,11.0,13.5,19.200000000000003,23.09999999999999
degree_id=19.111,available_withdrawn_credits,7,0,1.7142857142857142,4.535573676110727,0.0,12.0,85.71428571428571,0.0,0.0,0.0,0.0,4.800000000000004,8.399999999999991
degree_id=19.111,registered_failed_retake_credits,7,0,5.0,2.309401076758503,2.0,9.0,0.0,2.6,3.5,5.0,6.0,7.200000000000001,8.099999999999998
degree_id=19.111,registered_withdrawn_retake_credits,7,0,0.0,0.0,0.0,0.0,100.0,0.0,0.0,0.0,0.0,0.0,0.0
degree_id=19.111,registered_new_credits,7,0,2.857142857142857,3.9761191895520196,0.0,10.0,57.14285714285714,0.0,0.0,0.0,5.0,7.600000000000001,8.799999999999997
degree_id=19.111,registered_other_previous_credits,7,0,3.4285714285714284,3.2071349029490928,0.0,9.0,28.57142857142857,0.0,1.5,3.0,4.5,7.200000000000001,8.099999999999998
degree_id=19.111,semester_total_registered_credits,7,0,11.285714285714286,3.3022358947782493,5.0,15.0,0.0,7.4,10.5,12.0,13.0,13.8,14.399999999999999
degree_id=19.111,failed_retake_ratio,7,0,0.46501831501831503,0.25094683104748217,0.2307692307692307,1.0,0.0,0.27692307692307694,0.35384615384615387,0.4,0.45833333333333337,0.7000000000000002,0.8499999999999996
degree_id=19.111,withdrawn_retake_ratio,7,0,0.0,0.0,0.0,0.0,100.0,0.0,0.0,0.0,0.0,0.0,0.0
degree_id=19.111,previously_attempted_ratio,7,0,0.46501831501831503,0.25094683104748217,0.2307692307692307,1.0,0.0,0.27692307692307694,0.35384615384615387,0.4,0.45833333333333337,0.7000000000000002,0.8499999999999996
degree_id=19.111,new_credit_ratio,7,0,0.22344322344322345,0.307234091045377,0.0,0.7692307692307693,57.14285714285714,0.0,0.0,0.0,0.3974358974358974,0.5846153846153848,0.6769230769230767
degree_id=19.111,other_previous_ratio,7,0,0.3115384615384615,0.26024377890276973,0.0,0.6,28.57142857142857,0.0,0.11538461538461535,0.25,0.55,0.6,0.6
degree_id=19.111,failed_backlog_consumption_ratio,7,0,0.4421538778681636,0.27167661932272735,0.1111111111111111,0.8181818181818182,0.0,0.16444444444444445,0.24285714285714285,0.3846153846153846,0.6477272727272727,0.7772727272727273,0.7977272727272727
degree_id=19.111,withdrawn_backlog_consumption_ratio,1,6,0.0,,0.0,0.0,100.0,0.0,0.0,0.0,0.0,0.0,0.0
degree_id=2.111,available_failed_credits,18049,0,3.062274918278021,5.58745102767748,0.0,65.5,62.191811180674826,0.0,0.0,0.0,4.0,10.0,14.0
degree_id=2.111,available_withdrawn_credits,18049,0,1.5582303728738434,3.78804430964421,0.0,77.5,75.0013851182891,0.0,0.0,0.0,0.0,5.0,8.0
degree_id=2.111,registered_failed_retake_credits,18049,0,1.0962380187267993,2.9608326636502564,0.0,27.0,81.55576486231925,0.0,0.0,0.0,0.0,4.0,6.0
degree_id=2.111,registered_withdrawn_retake_credits,18049,0,0.39176685688957835,1.4819076695365838,0.0,19.5,91.55077843647848,0.0,0.0,0.0,0.0,0.0,4.0
degree_id=2.111,registered_new_credits,18049,0,15.142113136461854,7.8193922782334075,0.0,39.0,5.158180508615436,4.0,8.0,17.0,22.0,24.0,25.0
degree_id=2.111,registered_other_previous_credits,18049,0,0.45415258463072744,1.7098485852218261,0.0,25.0,91.21835004709402,0.0,0.0,0.0,0.0,0.0,4.0
degree_id=2.111,semester_total_registered_credits,18049,0,17.084270596708958,6.991225521150707,2.0,39.0,0.0,6.0,12.0,19.0,23.0,24.100000000000364,25.0
degree_id=2.111,failed_retake_ratio,18049,0,0.07685521986076052,0.20183897346546145,0.0,1.0,81.55576486231925,0.0,0.0,0.0,0.0,0.2777777777777778,0.5506122448979577
degree_id=2.111,withdrawn_retake_ratio,18049,0,0.027360565535924457,0.11210162585741755,0.0,1.0,91.55077843647848,0.0,0.0,0.0,0.0,0.0,0.2127659574468085
degree_id=2.111,previously_attempted_ratio,18049,0,0.10421578539668498,0.23008432026765183,0.0,1.0,75.50002770236578,0.0,0.0,0.0,0.0,0.4285714285714285,0.6666666666666666
degree_id=2.111,new_credit_ratio,18049,0,0.8611808034831304,0.2712842407532596,0.0,1.0,5.158180508615436,0.4444444444444444,0.8222222222222222,1.0,1.0,1.0,1.0
degree_id=2.111,other_previous_ratio,18049,0,0.034603411120184564,0.13585067522262342,0.0,1.0,91.21835004709402,0.0,0.0,0.0,0.0,0.0,0.2785529715762255
degree_id=2.111,failed_backlog_consumption_ratio,6824,11225,0.3615307266198961,0.4242720000224208,0.0,1.0,51.21629542790153,0.0,0.0,0.0,1.0,1.0,1.0
degree_id=2.111,withdrawn_backlog_consumption_ratio,4512,13537,0.24905756339252919,0.39036861710914994,0.0,1.0,66.20124113475178,0.0,0.0,0.0,0.4705882352941176,1.0,1.0
degree_id=20.111,available_failed_credits,337,0,9.433234421364984,7.217032551722429,0.0,33.0,13.353115727002967,0.0,3.0,9.0,14.0,20.400000000000034,23.0
degree_id=20.111,available_withdrawn_credits,337,0,4.362017804154303,5.8258030888998,0.0,26.0,45.103857566765576,0.0,0.0,3.0,6.0,12.0,18.19999999999999
degree_id=20.111,registered_failed_retake_credits,337,0,2.2611275964391693,2.826859255172009,0.0,15.0,48.367952522255194,0.0,0.0,1.0,4.0,6.0,8.0
degree_id=20.111,registered_withdrawn_retake_credits,337,0,1.0949554896142433,2.440336520712349,0.0,13.0,76.8545994065282,0.0,0.0,0.0,0.0,4.0,6.0
degree_id=20.111,registered_new_credits,337,0,9.062314540059347,6.070932744551313,0.0,21.0,17.50741839762611,0.0,4.0,9.0,14.0,17.400000000000034,18.0
degree_id=20.111,registered_other_previous_credits,337,0,0.9376854599406528,2.44930225405573,0.0,15.0,80.71216617210682,0.0,0.0,0.0,0.0,3.0,7.0
degree_id=20.111,semester_total_registered_credits,337,0,13.356083086053413,5.510074655334706,1.0,21.0,0.0,4.0,9.0,16.0,18.0,18.0,18.19999999999999
degree_id=20.111,failed_retake_ratio,337,0,0.20884112912837957,0.28591294833946296,0.0,1.0,48.367952522255194,0.0,0.0,0.0666666666666666,0.3333333333333333,0.629545454545455,1.0
degree_id=20.111,withdrawn_retake_ratio,337,0,0.08915473482266621,0.20861754673866845,0.0,1.0,76.8545994065282,0.0,0.0,0.0,0.0,0.3333333333333333,0.5142857142857135
degree_id=20.111,previously_attempted_ratio,337,0,0.2979958639510458,0.3103752092500962,0.0,1.0,32.93768545994065,0.0,0.0,0.2222222222222222,0.4705882352941176,0.7788235294117659,1.0
degree_id=20.111,new_credit_ratio,337,0,0.6067546445769888,0.352620080139839,0.0,1.0,17.50741839762611,0.0,0.375,0.6666666666666666,0.9411764705882352,1.0,1.0
degree_id=20.111,other_previous_ratio,337,0,0.09524949147196532,0.2448848206561576,0.0,1.0,80.71216617210682,0.0,0.0,0.0,0.0,0.3411764705882359,0.7599999999999995
degree_id=20.111,failed_backlog_consumption_ratio,292,45,0.2753637226748513,0.3236698594882238,0.0,1.0,40.41095890410959,0.0,0.0,0.1666666666666666,0.4392361111111111,1.0,1.0
degree_id=20.111,withdrawn_backlog_consumption_ratio,185,152,0.2864430496722192,0.3932509380249689,0.0,1.0,57.83783783783784,0.0,0.0,0.0,0.5,1.0,1.0
degree_id=21.111,available_failed_credits,687,0,1.282387190684134,3.0537499971674356,0.0,20.0,78.89374090247453,0.0,0.0,0.0,0.0,5.0,8.0
degree_id=21.111,available_withdrawn_credits,687,0,0.9213973799126638,2.487799810818854,0.0,17.0,81.36826783114994,0.0,0.0,0.0,0.0,3.0,5.0
degree_id=21.111,registered_failed_retake_credits,687,0,1.032023289665211,2.4888367345010782,0.0,13.0,80.78602620087337,0.0,0.0,0.0,0.0,4.0,7.0
degree_id=21.111,registered_withdrawn_retake_credits,687,0,0.5618631732168851,1.8971825109338887,0.0,16.0,88.06404657933042,0.0,0.0,0.0,0.0,3.0,3.0
degree_id=21.111,registered_new_credits,687,0,10.972343522561863,6.268817099223042,0.0,21.0,13.24599708879185,0.0,6.0,14.0,16.0,18.0,18.0
degree_id=21.111,registered_other_previous_credits,687,0,0.62882096069869,1.923594994807848,0.0,12.0,87.627365356623,0.0,0.0,0.0,0.0,3.0,5.0
degree_id=21.111,semester_total_registered_credits,687,0,13.195050946142649,4.221951377070242,2.0,21.0,0.0,6.0,12.0,15.0,16.0,18.0,18.0
degree_id=21.111,failed_retake_ratio,687,0,0.10045120668354678,0.24284903419603526,0.0,1.0,80.78602620087337,0.0,0.0,0.0,0.0,0.4615384615384615,0.7692307692307693
degree_id=21.111,withdrawn_retake_ratio,687,0,0.0502270957119065,0.16426519833087455,0.0,1.0,88.06404657933042,0.0,0.0,0.0,0.0,0.2142857142857142,0.3333333333333333
degree_id=21.111,previously_attempted_ratio,687,0,0.1506783023954533,0.29534469311785494,0.0,1.0,73.07132459970887,0.0,0.0,0.0,0.1875,0.6,1.0
degree_id=21.111,new_credit_ratio,687,0,0.7943388646998026,0.3612095604224733,0.0,1.0,13.24599708879185,0.0,0.75,1.0,1.0,1.0,1.0
degree_id=21.111,other_previous_ratio,687,0,0.05498283290474403,0.1682812886516792,0.0,1.0,87.627365356623,0.0,0.0,0.0,0.0,0.2142857142857142,0.4651282051282048
degree_id=21.111,failed_backlog_consumption_ratio,145,542,0.8425180183800874,0.31403183155695585,0.0,1.0,8.96551724137931,0.3066666666666667,0.8666666666666667,1.0,1.0,1.0,1.0
degree_id=21.111,withdrawn_backlog_consumption_ratio,128,559,0.5681048501131222,0.4592453112427668,0.0,1.0,35.9375,0.0,0.0,0.6862745098039216,1.0,1.0,1.0
degree_id=22.111,available_failed_credits,588,0,3.4064625850340136,3.836491032823489,0.0,32.0,39.455782312925166,0.0,0.0,2.0,6.0,9.0,11.0
degree_id=22.111,available_withdrawn_credits,588,0,3.2193877551020407,4.95648852517147,0.0,32.0,49.31972789115646,0.0,0.0,2.0,4.0,10.0,15.0
degree_id=22.111,registered_failed_retake_credits,588,0,2.392857142857143,2.9528521135962795,0.0,13.0,48.63945578231292,0.0,0.0,2.0,4.0,7.0,8.0
degree_id=22.111,registered_withdrawn_retake_credits,588,0,0.9812925170068028,2.100861435098456,0.0,13.0,75.85034013605441,0.0,0.0,0.0,0.0,4.0,6.0
degree_id=22.111,registered_new_credits,588,0,7.086734693877551,5.96990985961076,0.0,18.0,24.829931972789115,0.0,2.0,6.0,13.0,16.0,16.0
degree_id=22.111,registered_other_previous_credits,588,0,1.9081632653061225,2.803332409867862,0.0,14.0,57.31292517006803,0.0,0.0,0.0,3.0,6.0,8.0
degree_id=22.111,semester_total_registered_credits,588,0,12.369047619047619,3.231793892877765,2.0,18.0,0.0,7.0,12.0,13.0,14.0,16.0,17.0
degree_id=22.111,failed_retake_ratio,588,0,0.22616338354633672,0.2878701316850727,0.0,1.0,48.63945578231292,0.0,0.0,0.1428571428571428,0.3846153846153846,0.6182692307692315,0.8461538461538461
degree_id=22.111,withdrawn_retake_ratio,588,0,0.08252309623483092,0.18045666625671553,0.0,1.0,75.85034013605441,0.0,0.0,0.0,0.0,0.30913461538461573,0.5
degree_id=22.111,previously_attempted_ratio,588,0,0.30868647978116764,0.31521758083875473,0.0,1.0,38.435374149659864,0.0,0.0,0.25,0.5384615384615384,0.7692307692307693,1.0
degree_id=22.111,new_credit_ratio,588,0,0.523738220868323,0.40716070224467715,0.0,1.0,24.829931972789115,0.0,0.14047619047619042,0.5,1.0,1.0,1.0
degree_id=22.111,other_previous_ratio,588,0,0.16757529935050944,0.24339114540757922,0.0,1.0,57.31292517006803,0.0,0.0,0.0,0.2857142857142857,0.5384615384615384,0.6666666666666666
degree_id=22.111,failed_backlog_consumption_ratio,356,232,0.717131063633253,0.370874507965197,0.0,1.0,15.168539325842698,0.0,0.5,1.0,1.0,1.0,1.0
degree_id=22.111,withdrawn_backlog_consumption_ratio,298,290,0.2889942797171261,0.3661745414547084,0.0,1.0,52.348993288590606,0.0,0.0,0.0,0.5,1.0,1.0
degree_id=24.111,available_failed_credits,5247,0,2.990089574995235,3.7996298919302616,0.0,26.0,46.29311987802554,0.0,0.0,2.0,5.0,8.0,11.0
degree_id=24.111,available_withdrawn_credits,5247,0,2.8187535734705547,4.042913028790338,0.0,36.0,51.24833238040786,0.0,0.0,0.0,4.0,8.0,11.0
degree_id=24.111,registered_failed_retake_credits,5247,0,1.4570230607966457,2.411295485987035,0.0,17.0,66.4760815704212,0.0,0.0,0.0,3.0,5.0,6.0
degree_id=24.111,registered_withdrawn_retake_credits,5247,0,0.6415094339622641,1.647366412514306,0.0,16.0,83.3809796073947,0.0,0.0,0.0,0.0,3.0,4.0
degree_id=24.111,registered_new_credits,5247,0,11.09853249475891,5.964248209951875,0.0,21.0,8.44291976367448,3.0,6.0,12.0,17.0,18.0,18.0
degree_id=24.111,registered_other_previous_credits,5247,0,0.6483704974271012,1.915695727317669,0.0,15.0,86.48751667619592,0.0,0.0,0.0,0.0,3.0,5.0
degree_id=24.111,semester_total_registered_credits,5247,0,13.84543548694492,4.54363451410565,2.0,21.0,0.0,7.0,9.0,16.0,18.0,18.0,18.0
degree_id=24.111,failed_retake_ratio,5247,0,0.1275945578487323,0.2290376595077253,0.0,1.0,66.4760815704212,0.0,0.0,0.0,0.1875,0.4444444444444444,0.6
degree_id=24.111,withdrawn_retake_ratio,5247,0,0.05000283840381764,0.13490747251278512,0.0,1.0,83.3809796073947,0.0,0.0,0.0,0.0,0.2,0.3333333333333333
degree_id=24.111,previously_attempted_ratio,5247,0,0.17759739625254992,0.2587819691911257,0.0,1.0,55.53649704593101,0.0,0.0,0.0,0.2941176470588235,0.5555555555555556,0.75
degree_id=24.111,new_credit_ratio,5247,0,0.7679355926802942,0.318206637331909,0.0,1.0,8.44291976367448,0.2307692307692307,0.6111111111111112,1.0,1.0,1.0,1.0
degree_id=24.111,other_previous_ratio,5247,0,0.05446701106715587,0.16249580459914312,0.0,1.0,86.48751667619592,0.0,0.0,0.0,0.0,0.2307692307692307,0.4285714285714285
degree_id=24.111,failed_backlog_consumption_ratio,2818,2429,0.48834578299978504,0.4342215263902695,0.0,1.0,37.57984386089425,0.0,0.0,0.5,1.0,1.0,1.0
degree_id=24.111,withdrawn_backlog_consumption_ratio,2558,2689,0.22001868857902115,0.3521294841426935,0.0,1.0,65.91086786551995,0.0,0.0,0.0,0.4,1.0,1.0
degree_id=26.111,available_failed_credits,2307,0,2.050281751192024,3.4410011424689415,0.0,22.0,62.46207195491981,0.0,0.0,0.0,3.0,6.0,9.0
degree_id=26.111,available_withdrawn_credits,2307,0,2.3346337234503682,3.9605416529203494,0.0,37.0,58.08409189423494,0.0,0.0,0.0,3.0,6.400000000000091,11.0
degree_id=26.111,registered_failed_retake_credits,2307,0,0.9436497615951452,2.0605191446032225,0.0,15.0,78.15344603381014,0.0,0.0,0.0,0.0,3.0,6.0
degree_id=26.111,registered_withdrawn_retake_credits,2307,0,0.6285218899003034,1.8078372385806347,0.0,18.0,84.8287819679237,0.0,0.0,0.0,0.0,3.0,3.0
degree_id=26.111,registered_new_credits,2307,0,12.055049848287819,5.660916074447432,0.0,21.0,5.201560468140442,3.0,8.0,14.0,17.0,18.0,18.0
degree_id=26.111,registered_other_previous_credits,2307,0,0.2661465106198526,1.1883698562367835,0.0,15.0,93.28131772865193,0.0,0.0,0.0,0.0,0.0,3.0
degree_id=26.111,semester_total_registered_credits,2307,0,13.89336801040312,4.5683480843374955,2.0,21.0,0.0,6.0,9.0,16.0,17.0,18.0,18.0
degree_id=26.111,failed_retake_ratio,2307,0,0.08913845386250341,0.21108834096672194,0.0,1.0,78.15344603381014,0.0,0.0,0.0,0.0,0.3529411764705882,0.5615384615384555
degree_id=26.111,withdrawn_retake_ratio,2307,0,0.0471357974824843,0.1358741556575929,0.0,1.0,84.8287819679237,0.0,0.0,0.0,0.0,0.18088235294117747,0.3333333333333333
degree_id=26.111,previously_attempted_ratio,2307,0,0.13627425134498772,0.24885842812432926,0.0,1.0,67.49024707412224,0.0,0.0,0.0,0.1764705882352941,0.5,0.75
degree_id=26.111,new_credit_ratio,2307,0,0.8412584652149323,0.2776572285020229,0.0,1.0,5.201560468140442,0.4,0.8,1.0,1.0,1.0,1.0
degree_id=26.111,other_previous_ratio,2307,0,0.02246728344007992,0.10109282249753183,0.0,1.0,93.28131772865193,0.0,0.0,0.0,0.0,0.0,0.1764705882352941
degree_id=26.111,failed_backlog_consumption_ratio,866,1441,0.45500620456048774,0.43848908924745233,0.0,1.0,41.801385681293304,0.0,0.0,0.4285714285714285,1.0,1.0,1.0
degree_id=26.111,withdrawn_backlog_consumption_ratio,967,1340,0.24938192989635963,0.37524339811178564,0.0,1.0,63.805584281282314,0.0,0.0,0.0,0.5,1.0,1.0
degree_id=27.111,available_failed_credits,1204,0,2.0971760797342194,3.1429809907880095,0.0,20.0,58.4717607973422,0.0,0.0,0.0,3.0,6.0,9.0
degree_id=27.111,available_withdrawn_credits,1204,0,2.4983388704318936,4.600859787889054,0.0,39.0,57.80730897009967,0.0,0.0,0.0,3.0,7.0,12.0
degree_id=27.111,registered_failed_retake_credits,1204,0,0.877906976744186,1.9174684417017638,0.0,13.0,78.90365448504983,0.0,0.0,0.0,0.0,3.0,6.0
degree_id=27.111,registered_withdrawn_retake_credits,1204,0,0.7533222591362126,1.929716148755035,0.0,14.0,82.30897009966777,0.0,0.0,0.0,0.0,3.0,5.0
degree_id=27.111,registered_new_credits,1204,0,12.102159468438538,5.694380014112357,0.0,21.0,4.651162790697675,3.0,7.0,14.0,17.0,18.0,18.0
degree_id=27.111,registered_other_previous_credits,1204,0,0.2367109634551495,1.0716389881285624,0.0,12.0,94.10299003322258,0.0,0.0,0.0,0.0,0.0,3.0
degree_id=27.111,semester_total_registered_credits,1204,0,13.970099667774086,4.67416482180646,2.0,21.0,0.0,6.0,9.0,16.0,17.25,18.0,18.0
degree_id=27.111,failed_retake_ratio,1204,0,0.07857866312893672,0.18820125979953992,0.0,1.0,78.90365448504983,0.0,0.0,0.0,0.0,0.3333333333333333,0.5
degree_id=27.111,withdrawn_retake_ratio,1204,0,0.059418806296474135,0.15866162204016818,0.0,1.0,82.30897009966777,0.0,0.0,0.0,0.0,0.2,0.4
degree_id=27.111,previously_attempted_ratio,1204,0,0.13799746942541086,0.24821596200870225,0.0,1.0,66.61129568106313,0.0,0.0,0.0,0.1764705882352941,0.5,0.7446428571428539
degree_id=27.111,new_credit_ratio,1204,0,0.842344740898131,0.2735842121225093,0.0,1.0,4.651162790697675,0.4,0.8,1.0,1.0,1.0,1.0
degree_id=27.111,other_previous_ratio,1204,0,0.019657789676458096,0.09147181292051017,0.0,1.0,94.10299003322258,0.0,0.0,0.0,0.0,0.0,0.1666666666666666
degree_id=27.111,failed_backlog_consumption_ratio,500,704,0.39619545366913794,0.43421925148847446,0.0,1.0,49.2,0.0,0.0,0.25,1.0,1.0,1.0
degree_id=27.111,withdrawn_backlog_consumption_ratio,508,696,0.2917351243024985,0.39440723040703396,0.0,1.0,58.07086614173228,0.0,0.0,0.0,0.5,1.0,1.0
degree_id=29.111,available_failed_credits,1368,0,2.0657894736842106,3.157888480338776,0.0,16.0,60.01461988304093,0.0,0.0,0.0,3.0,6.0,9.0
degree_id=29.111,available_withdrawn_credits,1368,0,2.2346491228070176,3.9158744723725367,0.0,31.0,59.57602339181286,0.0,0.0,0.0,3.0,6.0,10.649999999999864
degree_id=29.111,registered_failed_retake_credits,1368,0,1.067251461988304,2.1330665331953655,0.0,13.0,74.70760233918129,0.0,0.0,0.0,2.0,3.0,6.0
degree_id=29.111,registered_withdrawn_retake_credits,1368,0,0.6279239766081871,1.8454581159465322,0.0,18.0,85.01461988304094,0.0,0.0,0.0,0.0,3.0,3.0
degree_id=29.111,registered_new_credits,1368,0,11.805555555555555,5.8423746423378375,0.0,21.0,5.555555555555555,3.0,6.0,14.0,17.0,18.0,18.0
degree_id=29.111,registered_other_previous_credits,1368,0,0.2858187134502924,1.2497973158400553,0.0,15.0,93.12865497076024,0.0,0.0,0.0,0.0,0.0,3.0
degree_id=29.111,semester_total_registered_credits,1368,0,13.786549707602338,4.731694602077551,2.0,21.0,0.0,6.0,9.0,16.0,17.0,18.0,18.0
degree_id=29.111,failed_retake_ratio,1368,0,0.09987508728801298,0.2132259562791149,0.0,1.0,74.70760233918129,0.0,0.0,0.0,0.1176470588235294,0.375,0.5833333333333334
degree_id=29.111,withdrawn_retake_ratio,1368,0,0.051720886280303885,0.15217992803676594,0.0,1.0,85.01461988304094,0.0,0.0,0.0,0.0,0.19124999999999945,0.3529411764705882
degree_id=29.111,previously_attempted_ratio,1368,0,0.15159597356831686,0.2554719872238984,0.0,1.0,63.81578947368421,0.0,0.0,0.0,0.2,0.5,0.75
degree_id=29.111,new_credit_ratio,1368,0,0.8255979499975107,0.28451931405458186,0.0,1.0,5.555555555555555,0.39250000000000046,0.7202380952380952,1.0,1.0,1.0,1.0
degree_id=29.111,other_previous_ratio,1368,0,0.02280607643417241,0.09748981162024925,0.0,1.0,93.12865497076024,0.0,0.0,0.0,0.0,0.0,0.18363970588235143
degree_id=29.111,failed_backlog_consumption_ratio,547,821,0.519884193604486,0.44321431654357235,0.0,1.0,36.74588665447898,0.0,0.0,0.5,1.0,1.0,1.0
degree_id=29.111,withdrawn_backlog_consumption_ratio,553,815,0.26806897906803473,0.39248513848341243,0.0,1.0,62.92947558770343,0.0,0.0,0.0,0.5,1.0,1.0
degree_id=3.111,available_failed_credits,6053,0,2.223690731868495,3.3340936143904503,0.0,31.0,56.64959524202875,0.0,0.0,0.0,3.0,6.0,9.0
degree_id=3.111,available_withdrawn_credits,6053,0,2.602180736824715,3.8707226187437893,0.0,39.0,52.05683132331076,0.0,0.0,0.0,4.0,7.0,10.0
degree_id=3.111,registered_failed_retake_credits,6053,0,1.2879563852635056,2.373261078378793,0.0,16.0,70.57657359986783,0.0,0.0,0.0,3.0,4.0,6.0
degree_id=3.111,registered_withdrawn_retake_credits,6053,0,0.7951429043449529,1.8382177459138387,0.0,18.0,79.563852635057,0.0,0.0,0.0,0.0,3.0,4.0
degree_id=3.111,registered_new_credits,6053,0,11.028085246984967,5.797805176316884,0.0,21.0,8.392532628448702,3.0,6.0,12.0,16.0,18.0,18.0
degree_id=3.111,registered_other_previous_credits,6053,0,0.4278869981827193,1.5138582496993813,0.0,15.0,90.203205022303,0.0,0.0,0.0,0.0,0.0,3.0
degree_id=3.111,semester_total_registered_credits,6053,0,13.539071534776143,4.725582692978021,2.0,21.0,0.0,6.0,9.0,15.0,17.0,18.0,18.0
degree_id=3.111,failed_retake_ratio,6053,0,0.11404372672668875,0.22525049422819857,0.0,1.0,70.57657359986783,0.0,0.0,0.0,0.1666666666666666,0.4,0.6
degree_id=3.111,withdrawn_retake_ratio,6053,0,0.06602447568412428,0.16629775557757082,0.0,1.0,79.563852635057,0.0,0.0,0.0,0.0,0.2222222222222222,0.375
degree_id=3.111,previously_attempted_ratio,6053,0,0.180068202410813,0.27351115608470405,0.0,1.0,57.22782091524864,0.0,0.0,0.0,0.2941176470588235,0.5714285714285714,1.0
degree_id=3.111,new_credit_ratio,6053,0,0.7823152415695503,0.3125818517145927,0.0,1.0,8.392532628448702,0.25,0.6666666666666666,1.0,1.0,1.0,1.0
degree_id=3.111,other_previous_ratio,6053,0,0.0376165560196366,0.1377051380882545,0.0,1.0,90.203205022303,0.0,0.0,0.0,0.0,0.0,0.2857142857142857
degree_id=3.111,failed_backlog_consumption_ratio,2624,3429,0.5695772905150517,0.44020255946888076,0.0,1.0,32.1265243902439,0.0,0.0,0.6594202898550725,1.0,1.0,1.0
degree_id=3.111,withdrawn_backlog_consumption_ratio,2902,3151,0.2984998800912349,0.3958352783929392,0.0,1.0,57.37422467263956,0.0,0.0,0.0,0.6,1.0,1.0
degree_id=30.111,available_failed_credits,575,0,2.6556521739130434,3.8895507140099124,0.0,21.0,55.130434782608695,0.0,0.0,0.0,4.0,9.0,10.0
degree_id=30.111,available_withdrawn_credits,575,0,3.7686956521739132,5.074400553625975,0.0,30.0,46.95652173913044,0.0,0.0,3.0,6.0,11.0,15.0
degree_id=30.111,registered_failed_retake_credits,575,0,1.2782608695652173,2.322244446609272,0.0,12.0,70.95652173913042,0.0,0.0,0.0,3.0,5.0,6.0
degree_id=30.111,registered_withdrawn_retake_credits,575,0,1.1165217391304347,2.4753815893773488,0.0,18.0,76.0,0.0,0.0,0.0,0.0,3.0,6.0
degree_id=30.111,registered_new_credits,575,0,10.777391304347827,5.924540895333726,0.0,21.0,9.391304347826086,2.0,6.0,12.0,17.0,18.0,18.0
degree_id=30.111,registered_other_previous_credits,575,0,0.4973913043478261,1.5671642019305942,0.0,12.0,88.34782608695653,0.0,0.0,0.0,0.0,3.0,3.0
degree_id=30.111,semester_total_registered_credits,575,0,13.669565217391304,4.402884980566511,3.0,21.0,0.0,6.0,11.5,15.0,17.0,18.0,18.0
degree_id=30.111,failed_retake_ratio,575,0,0.1145856636969169,0.2228506898533403,0.0,1.0,70.95652173913042,0.0,0.0,0.0,0.1764705882352941,0.44835164835164903,0.5749999999999994
degree_id=30.111,withdrawn_retake_ratio,575,0,0.08761740422273469,0.19764304381113168,0.0,1.0,76.0,0.0,0.0,0.0,0.0,0.3333333333333333,0.5
degree_id=30.111,previously_attempted_ratio,575,0,0.20220306791965156,0.28192932914431473,0.0,1.0,53.73913043478261,0.0,0.0,0.0,0.3529411764705882,0.6,0.8823529411764706
degree_id=30.111,new_credit_ratio,575,0,0.7531022178043312,0.32963823697033967,0.0,1.0,9.391304347826086,0.17500000000000007,0.6125,1.0,1.0,1.0,1.0
degree_id=30.111,other_previous_ratio,575,0,0.04469471427601728,0.14494616568165533,0.0,1.0,88.34782608695653,0.0,0.0,0.0,0.0,0.1764705882352941,0.4
degree_id=30.111,failed_backlog_consumption_ratio,258,317,0.5134417211708593,0.4367431951762918,0.0,1.0,35.27131782945737,0.0,0.0,0.5,1.0,1.0,1.0
degree_id=30.111,withdrawn_backlog_consumption_ratio,305,270,0.3058089296465432,0.3896680994656789,0.0,1.0,54.75409836065573,0.0,0.0,0.0,0.6,1.0,1.0
degree_id=31.111,available_failed_credits,443,0,3.3137697516930023,4.376352022379924,0.0,23.0,45.146726862302486,0.0,0.0,3.0,6.0,9.0,12.899999999999977
degree_id=31.111,available_withdrawn_credits,443,0,2.4063205417607225,3.9398366592468537,0.0,26.0,58.013544018058695,0.0,0.0,0.0,3.0,7.0,12.0
degree_id=31.111,registered_failed_retake_credits,443,0,1.9706546275395034,2.6859019020632187,0.0,12.0,55.98194130925508,0.0,0.0,0.0,3.0,6.0,6.0
degree_id=31.111,registered_withdrawn_retake_credits,443,0,0.891647855530474,1.9673805408348934,0.0,11.0,78.78103837471784,0.0,0.0,0.0,0.0,3.0,6.0
degree_id=31.111,registered_new_credits,443,0,9.241534988713319,6.05539207682622,0.0,21.0,13.769751693002258,0.0,4.0,9.0,15.0,17.0,17.899999999999977
degree_id=31.111,registered_other_previous_credits,443,0,0.7562076749435666,1.923697437248568,0.0,12.0,83.06997742663657,0.0,0.0,0.0,0.0,3.0,5.899999999999977
degree_id=31.111,semester_total_registered_credits,443,0,12.860045146726863,4.250451878850971,3.0,21.0,0.0,6.0,9.0,14.0,17.0,17.0,18.0
degree_id=31.111,failed_retake_ratio,443,0,0.19527478728945993,0.28914260350258875,0.0,1.0,55.98194130925508,0.0,0.0,0.0,0.3009049773755656,0.6,1.0
degree_id=31.111,withdrawn_retake_ratio,443,0,0.0713066030371169,0.1599312573190903,0.0,1.0,78.78103837471784,0.0,0.0,0.0,0.0,0.25,0.4591346153846148
degree_id=31.111,previously_attempted_ratio,443,0,0.26658139032657685,0.3186597024492885,0.0,1.0,45.598194130925506,0.0,0.0,0.1764705882352941,0.4495192307692307,0.75,1.0
degree_id=31.111,new_credit_ratio,443,0,0.6695096288211413,0.3649517429089552,0.0,1.0,13.769751693002258,0.0,0.4,0.8235294117647058,1.0,1.0,1.0
degree_id=31.111,other_previous_ratio,443,0,0.06390898085228187,0.16576043931377277,0.0,1.0,83.06997742663657,0.0,0.0,0.0,0.0,0.25,0.4615384615384615
degree_id=31.111,failed_backlog_consumption_ratio,243,200,0.6603980995680027,0.4047749685797848,0.0,1.0,19.753086419753085,0.0,0.3333333333333333,1.0,1.0,1.0,1.0
degree_id=31.111,withdrawn_backlog_consumption_ratio,186,257,0.3737569259911682,0.4234000442004547,0.0,1.0,49.46236559139785,0.0,0.0,0.17156862745098034,1.0,1.0,1.0
degree_id=33.111,available_failed_credits,194,0,2.4896907216494846,3.0133376924813806,0.0,15.0,48.45360824742268,0.0,0.0,2.0,4.0,6.0,9.0
degree_id=33.111,available_withdrawn_credits,194,0,2.304123711340206,3.13351984794511,0.0,20.0,49.48453608247423,0.0,0.0,2.0,3.0,6.0,8.0
degree_id=33.111,registered_failed_retake_credits,194,0,1.5103092783505154,2.4836036218534177,0.0,12.0,64.94845360824742,0.0,0.0,0.0,3.0,5.0,6.0
degree_id=33.111,registered_withdrawn_retake_credits,194,0,0.4845360824742268,1.42234865289814,0.0,12.0,86.5979381443299,0.0,0.0,0.0,0.0,3.0,3.0
degree_id=33.111,registered_new_credits,194,0,11.22680412371134,5.983578832119634,0.0,19.0,8.24742268041237,3.0,6.0,13.0,17.0,18.0,18.0
degree_id=33.111,registered_other_previous_credits,194,0,0.5618556701030928,1.6692242186160362,0.0,9.0,88.14432989690721,0.0,0.0,0.0,0.0,3.0,5.0
degree_id=33.111,semester_total_registered_credits,194,0,13.783505154639176,4.47497776443652,2.0,19.0,0.0,6.0,9.25,16.0,17.0,18.0,18.0
degree_id=33.111,failed_retake_ratio,194,0,0.12998418307317638,0.2306456271588672,0.0,1.0,64.94845360824742,0.0,0.0,0.0,0.18474264705882354,0.4615384615384615,0.6395833333333331
degree_id=33.111,withdrawn_retake_ratio,194,0,0.03699932656118223,0.10851753840391942,0.0,0.8,86.5979381443299,0.0,0.0,0.0,0.0,0.1764705882352941,0.25
degree_id=33.111,previously_attempted_ratio,194,0,0.1669835096343586,0.24413853652555134,0.0,1.0,55.154639175257735,0.0,0.0,0.0,0.25,0.5,0.6958333333333329
degree_id=33.111,new_credit_ratio,194,0,0.7867655435158467,0.3143525421359693,0.0,1.0,8.24742268041237,0.20923076923076925,0.6666666666666666,1.0,1.0,1.0,1.0
degree_id=33.111,other_previous_ratio,194,0,0.04625094684979463,0.14360509567047186,0.0,1.0,88.14432989690721,0.0,0.0,0.0,0.0,0.20625000000000038,0.3899999999999999
degree_id=33.111,failed_backlog_consumption_ratio,100,94,0.5871547619047619,0.4467850042551301,0.0,1.0,32.0,0.0,0.0,0.775,1.0,1.0,1.0
degree_id=33.111,withdrawn_backlog_consumption_ratio,98,96,0.19534632034632032,0.35728852324884697,0.0,1.0,73.46938775510205,0.0,0.0,0.0,0.29318181818181815,1.0,1.0
degree_id=34.111,available_failed_credits,552,0,1.4094202898550725,2.4403857860845135,0.0,15.0,67.3913043478261,0.0,0.0,0.0,3.0,6.0,6.0
degree_id=34.111,available_withdrawn_credits,552,0,1.6884057971014492,2.5597774535688376,0.0,19.0,59.60144927536232,0.0,0.0,0.0,3.0,6.0,6.0
degree_id=34.111,registered_failed_retake_credits,552,0,0.8152173913043478,1.8875618156308591,0.0,12.0,79.34782608695652,0.0,0.0,0.0,0.0,3.0,5.0
degree_id=34.111,registered_withdrawn_retake_credits,552,0,0.5344202898550725,1.2987122020811226,0.0,9.0,83.69565217391305,0.0,0.0,0.0,0.0,3.0,3.0
degree_id=34.111,registered_new_credits,552,0,12.407608695652174,5.529870715790232,0.0,21.0,4.3478260869565215,3.0,8.0,14.0,17.0,18.0,18.0
degree_id=34.111,registered_other_previous_credits,552,0,0.29347826086956524,1.2896745616726901,0.0,15.0,93.47826086956522,0.0,0.0,0.0,0.0,0.0,3.0
degree_id=34.111,semester_total_registered_credits,552,0,14.05072463768116,4.531915399386431,2.0,21.0,0.0,7.0,10.0,16.0,18.0,18.0,19.0
degree_id=34.111,failed_retake_ratio,552,0,0.07559606210900968,0.1818781151749723,0.0,1.0,79.34782608695652,0.0,0.0,0.0,0.0,0.3333333333333333,0.5
degree_id=34.111,withdrawn_retake_ratio,552,0,0.04379744702066851,0.12424930495213447,0.0,1.0,83.69565217391305,0.0,0.0,0.0,0.0,0.1764705882352941,0.25
degree_id=34.111,previously_attempted_ratio,552,0,0.11939350912967818,0.21676929561413433,0.0,1.0,66.12318840579711,0.0,0.0,0.0,0.1764705882352941,0.4257142857142866,0.5714285714285714
degree_id=34.111,new_credit_ratio,552,0,0.8577944702250632,0.25405017577734473,0.0,1.0,4.3478260869565215,0.5,0.8181818181818182,1.0,1.0,1.0,1.0
degree_id=34.111,other_previous_ratio,552,0,0.02281202064525863,0.0971046258532801,0.0,0.8333333333333334,93.47826086956522,0.0,0.0,0.0,0.0,0.0,0.2142857142857142
degree_id=34.111,failed_backlog_consumption_ratio,180,372,0.5751683501683502,0.4675088530457738,0.0,1.0,36.666666666666664,0.0,0.0,1.0,1.0,1.0,1.0
degree_id=34.111,withdrawn_backlog_consumption_ratio,223,329,0.3206236902897276,0.4227464597581592,0.0,1.0,59.64125560538116,0.0,0.0,0.0,0.6,1.0,1.0
degree_id=35.111,available_failed_credits,191,0,2.099476439790576,3.0942305800209406,0.0,18.0,57.06806282722513,0.0,0.0,0.0,3.0,6.0,7.0
degree_id=35.111,available_withdrawn_credits,191,0,2.549738219895288,3.240595694841658,0.0,15.0,50.78534031413613,0.0,0.0,0.0,3.0,8.0,9.0
degree_id=35.111,registered_failed_retake_credits,191,0,1.1675392670157068,2.0321608197025642,0.0,9.0,70.68062827225131,0.0,0.0,0.0,3.0,3.0,6.0
degree_id=35.111,registered_withdrawn_retake_credits,191,0,0.5968586387434555,1.4066722866457149,0.0,9.0,82.19895287958116,0.0,0.0,0.0,0.0,3.0,3.0
degree_id=35.111,registered_new_credits,191,0,11.335078534031414,5.528183757048483,0.0,18.0,5.2356020942408374,3.0,6.0,13.0,16.0,17.0,18.0
degree_id=35.111,registered_other_previous_credits,191,0,0.42408376963350786,1.2410717241661189,0.0,6.0,87.95811518324608,0.0,0.0,0.0,0.0,3.0,3.0
degree_id=35.111,semester_total_registered_credits,191,0,13.523560209424083,4.304003019868824,3.0,21.0,0.0,6.0,10.0,15.0,17.0,18.0,18.0
degree_id=35.111,failed_retake_ratio,191,0,0.10447495819377556,0.20364476854192456,0.0,1.0,70.68062827225131,0.0,0.0,0.0,0.1764705882352941,0.3571428571428571,0.5
degree_id=35.111,withdrawn_retake_ratio,191,0,0.04572970146576552,0.11263545933409246,0.0,0.6923076923076923,82.19895287958116,0.0,0.0,0.0,0.0,0.1875,0.29166666666666663
degree_id=35.111,previously_attempted_ratio,191,0,0.15020465965954105,0.23391751551659104,0.0,1.0,58.1151832460733,0.0,0.0,0.0,0.2142857142857142,0.5,0.6666666666666666
degree_id=35.111,new_credit_ratio,191,0,0.8150415354757826,0.2833032542388526,0.0,1.0,5.2356020942408374,0.3571428571428571,0.7692307692307693,1.0,1.0,1.0,1.0
degree_id=35.111,other_previous_ratio,191,0,0.034753804864676434,0.10267358720876446,0.0,0.5,87.95811518324608,0.0,0.0,0.0,0.0,0.1666666666666666,0.25
degree_id=35.111,failed_backlog_consumption_ratio,82,109,0.6004619364375462,0.4455891981769471,0.0,1.0,31.70731707317073,0.0,0.0,0.875,1.0,1.0,1.0
degree_id=35.111,withdrawn_backlog_consumption_ratio,94,97,0.25113060698167083,0.38342659450228966,0.0,1.0,63.829787234042556,0.0,0.0,0.0,0.5,1.0,1.0
degree_id=36.111,available_failed_credits,565,0,1.975221238938053,3.1158634088365993,0.0,20.0,59.64601769911504,0.0,0.0,0.0,3.0,6.0,9.0
degree_id=36.111,available_withdrawn_credits,565,0,1.6017699115044248,2.7345303867990056,0.0,16.0,64.95575221238938,0.0,0.0,0.0,3.0,5.0,6.7999999999999545
degree_id=36.111,registered_failed_retake_credits,565,0,1.0831858407079646,2.0486504230413565,0.0,12.0,72.7433628318584,0.0,0.0,0.0,2.0,3.0,6.0
degree_id=36.111,registered_withdrawn_retake_credits,565,0,0.45486725663716815,1.3222717898558778,0.0,11.0,87.2566371681416,0.0,0.0,0.0,0.0,3.0,3.0
degree_id=36.111,registered_new_credits,565,0,11.96283185840708,5.618835387809052,0.0,21.0,7.079646017699115,3.0,8.0,14.0,17.0,18.0,18.0
degree_id=36.111,registered_other_previous_credits,565,0,0.4353982300884956,1.539602529644467,0.0,15.0,89.91150442477877,0.0,0.0,0.0,0.0,1.2000000000000455,3.0
degree_id=36.111,semester_total_registered_credits,565,0,13.936283185840708,4.308104311242129,2.0,21.0,0.0,7.0,12.0,15.0,17.0,18.0,19.0
degree_id=36.111,failed_retake_ratio,565,0,0.10299879032262112,0.21686921359894662,0.0,1.0,72.7433628318584,0.0,0.0,0.0,0.1538461538461538,0.362229102167183,0.5
degree_id=36.111,withdrawn_retake_ratio,565,0,0.03652503266602283,0.11549919739773878,0.0,1.0,87.2566371681416,0.0,0.0,0.0,0.0,0.1764705882352941,0.2307692307692307
degree_id=36.111,previously_attempted_ratio,565,0,0.13952382298864394,0.24761644013483022,0.0,1.0,65.30973451327434,0.0,0.0,0.0,0.2142857142857142,0.5,0.7399999999999978
degree_id=36.111,new_credit_ratio,565,0,0.822537795037521,0.29351795804013453,0.0,1.0,7.079646017699115,0.39076923076923087,0.75,1.0,1.0,1.0,1.0
degree_id=36.111,other_previous_ratio,565,0,0.037938381973835,0.13518615634480324,0.0,1.0,89.91150442477877,0.0,0.0,0.0,0.0,0.07058823529412031,0.25
degree_id=36.111,failed_backlog_consumption_ratio,228,337,0.5586271550087339,0.44049824227149165,0.0,1.0,32.45614035087719,0.0,0.0,0.625,1.0,1.0,1.0
degree_id=36.111,withdrawn_backlog_consumption_ratio,198,367,0.27089570782752603,0.39974700849531725,0.0,1.0,63.63636363636363,0.0,0.0,0.0,0.5,1.0,1.0
degree_id=37.111,available_failed_credits,152,0,2.2039473684210527,3.1144585187093505,0.0,15.0,55.26315789473685,0.0,0.0,0.0,3.0,6.0,9.0
degree_id=37.111,available_withdrawn_credits,152,0,1.888157894736842,3.0547961250519853,0.0,15.0,63.1578947368421,0.0,0.0,0.0,3.0,6.0,9.0
degree_id=37.111,registered_failed_retake_credits,152,0,0.9210526315789473,1.8504565958448234,0.0,9.0,76.31578947368422,0.0,0.0,0.0,0.0,3.0,5.0
degree_id=37.111,registered_withdrawn_retake_credits,152,0,0.5723684210526315,1.435602066671194,0.0,10.0,83.55263157894737,0.0,0.0,0.0,0.0,3.0,3.0
degree_id=37.111,registered_new_credits,152,0,11.901315789473685,5.323644457532135,0.0,21.0,3.9473684210526314,4.100000000000001,8.0,13.0,17.0,18.0,18.0
degree_id=37.111,registered_other_previous_credits,152,0,0.2236842105263158,1.0241932274557666,0.0,7.0,94.73684210526315,0.0,0.0,0.0,0.0,0.0,1.349999999999966
degree_id=37.111,semester_total_registered_credits,152,0,13.618421052631579,4.545479102566827,3.0,21.0,0.0,6.0,9.0,15.0,17.0,18.0,18.0
degree_id=37.111,failed_retake_ratio,152,0,0.08855726585505996,0.20805167768276683,0.0,1.0,76.31578947368422,0.0,0.0,0.0,0.0,0.2750000000000002,0.5
degree_id=37.111,withdrawn_retake_ratio,152,0,0.04357337064380408,0.11483164736707444,0.0,0.7692307692307693,83.55263157894737,0.0,0.0,0.0,0.0,0.19764705882352956,0.24642857142857055
degree_id=37.111,previously_attempted_ratio,152,0,0.13213063649886403,0.24015115543399085,0.0,1.0,65.13157894736842,0.0,0.0,0.0,0.2,0.3984615384615386,0.7041666666666657
degree_id=37.111,new_credit_ratio,152,0,0.8515030269867732,0.25736774657721434,0.0,1.0,3.9473684210526314,0.5,0.7857142857142857,1.0,1.0,1.0,1.0
degree_id=37.111,other_previous_ratio,152,0,0.01636633651436283,0.07650621763331146,0.0,0.5384615384615384,94.73684210526315,0.0,0.0,0.0,0.0,0.0,0.07499999999999808
degree_id=37.111,failed_backlog_consumption_ratio,68,84,0.4124442959001783,0.43525716695053324,0.0,1.0,47.05882352941176,0.0,0.0,0.3333333333333333,1.0,1.0,1.0
degree_id=37.111,withdrawn_backlog_consumption_ratio,56,96,0.32142857142857145,0.4147040357043047,0.0,1.0,55.35714285714286,0.0,0.0,0.0,0.53125,1.0,1.0
degree_id=39.111,available_failed_credits,264,0,3.768939393939394,3.912981856298312,0.0,16.0,37.5,0.0,0.0,3.0,6.0,9.0,12.0
degree_id=39.111,available_withdrawn_credits,264,0,3.768939393939394,4.492031518123069,0.0,21.0,43.93939393939394,0.0,0.0,3.0,6.0,10.0,12.849999999999994
degree_id=39.111,registered_failed_retake_credits,264,0,2.571969696969697,2.925327043403063,0.0,12.0,46.96969696969697,0.0,0.0,3.0,5.0,6.0,9.0
degree_id=39.111,registered_withdrawn_retake_credits,264,0,1.018939393939394,1.9134358869978745,0.0,9.0,74.24242424242425,0.0,0.0,0.0,2.0,3.0,6.0
degree_id=39.111,registered_new_credits,264,0,7.678030303030303,6.631424376514872,0.0,20.0,24.62121212121212,0.0,2.0,6.0,14.0,18.0,18.0
degree_id=39.111,registered_other_previous_credits,264,0,1.9621212121212122,2.9864212417474705,0.0,15.0,60.60606060606061,0.0,0.0,0.0,3.0,6.0,9.0
degree_id=39.111,semester_total_registered_credits,264,0,13.231060606060606,3.654730411965517,3.0,20.0,0.0,8.0,12.0,13.5,16.0,18.0,18.0
degree_id=39.111,failed_retake_ratio,264,0,0.22864344601476952,0.2732147482364463,0.0,1.0,46.96969696969697,0.0,0.0,0.17156862745098034,0.4285714285714285,0.6221153846153847,0.75
degree_id=39.111,withdrawn_retake_ratio,264,0,0.08058232617056146,0.1530190202796181,0.0,0.75,74.24242424242425,0.0,0.0,0.0,0.1538461538461538,0.29375000000000107,0.4615384615384615
degree_id=39.111,previously_attempted_ratio,264,0,0.30922577218533104,0.30403232687796566,0.0,1.0,35.984848484848484,0.0,0.0,0.25,0.5,0.75,1.0
degree_id=39.111,new_credit_ratio,264,0,0.5217829964153493,0.3993441175982845,0.0,1.0,24.62121212121212,0.0,0.1428571428571428,0.5,1.0,1.0,1.0
degree_id=39.111,other_previous_ratio,264,0,0.16899123139931965,0.25614906690867806,0.0,1.0,60.60606060606061,0.0,0.0,0.0,0.25,0.5269230769230776,0.6923076923076923
degree_id=39.111,failed_backlog_consumption_ratio,165,99,0.7304273252000525,0.373244710968019,0.0,1.0,15.151515151515152,0.0,0.5,1.0,1.0,1.0,1.0
degree_id=39.111,withdrawn_backlog_consumption_ratio,148,116,0.2840826552223611,0.3685063302121478,0.0,1.0,54.054054054054056,0.0,0.0,0.0,0.5,1.0,1.0
degree_id=4.111,available_failed_credits,406,0,1.9285714285714286,3.4715523163289386,0.0,22.0,66.25615763546799,0.0,0.0,0.0,3.0,6.0,9.75
degree_id=4.111,available_withdrawn_credits,406,0,1.4211822660098523,3.2897062920091718,0.0,25.0,73.89162561576354,0.0,0.0,0.0,2.0,5.0,7.0
degree_id=4.111,registered_failed_retake_credits,406,0,1.2758620689655173,2.6975541955108477,0.0,14.0,75.61576354679804,0.0,0.0,0.0,0.0,4.5,7.0
degree_id=4.111,registered_withdrawn_retake_credits,406,0,0.4433497536945813,1.6072344504162661,0.0,16.0,89.65517241379311,0.0,0.0,0.0,0.0,2.0,3.0
degree_id=4.111,registered_new_credits,406,0,10.842364532019705,6.124210471673569,0.0,21.0,11.576354679802956,0.0,6.0,13.0,16.0,18.0,18.0
degree_id=4.111,registered_other_previous_credits,406,0,0.6280788177339901,1.8717126912832263,0.0,16.0,85.96059113300493,0.0,0.0,0.0,0.0,3.0,4.0
degree_id=4.111,semester_total_registered_credits,406,0,13.189655172413794,4.586721724401497,2.0,21.0,0.0,6.0,9.0,15.0,17.0,18.0,18.0
degree_id=4.111,failed_retake_ratio,406,0,0.11954615279919541,0.25449789511184434,0.0,1.0,75.61576354679804,0.0,0.0,0.0,0.0,0.5,0.7857142857142857
degree_id=4.111,withdrawn_retake_ratio,406,0,0.03394334745392409,0.12155665537533765,0.0,1.0,89.65517241379311,0.0,0.0,0.0,0.0,0.1547619047619047,0.24305555555555555
degree_id=4.111,previously_attempted_ratio,406,0,0.1534895002531195,0.28040922101424676,0.0,1.0,68.96551724137932,0.0,0.0,0.0,0.2142857142857142,0.5,1.0
degree_id=4.111,new_credit_ratio,406,0,0.7859760593008203,0.34572548977779066,0.0,1.0,11.576354679802956,0.0,0.6519607843137255,1.0,1.0,1.0,1.0
degree_id=4.111,other_previous_ratio,406,0,0.06053444044606026,0.1790078085985016,0.0,1.0,85.96059113300493,0.0,0.0,0.0,0.0,0.2142857142857142,0.4615384615384615
degree_id=4.111,failed_backlog_consumption_ratio,137,269,0.6587812430878124,0.4424529934917948,0.0,1.0,27.73722627737226,0.0,0.0,1.0,1.0,1.0,1.0
degree_id=4.111,withdrawn_backlog_consumption_ratio,106,300,0.2859205940809714,0.39568843530247244,0.0,1.0,60.37735849056604,0.0,0.0,0.0,0.590625,1.0,1.0
degree_id=40.111,available_failed_credits,1614,0,2.473358116480793,3.661968750068437,0.0,28.0,56.50557620817844,0.0,0.0,0.0,3.0,8.0,9.0
degree_id=40.111,available_withdrawn_credits,1614,0,1.3506815365551426,2.738161606526003,0.0,21.0,71.18959107806691,0.0,0.0,0.0,2.0,5.0,7.0
degree_id=40.111,registered_failed_retake_credits,1614,0,1.731722428748451,2.856436354883973,0.0,15.0,65.61338289962825,0.0,0.0,0.0,3.0,6.0,9.0
degree_id=40.111,registered_withdrawn_retake_credits,1614,0,0.275092936802974,1.1195879633706383,0.0,12.0,92.68897149938043,0.0,0.0,0.0,0.0,0.0,3.0
degree_id=40.111,registered_new_credits,1614,0,10.631970260223047,6.377044927340141,0.0,21.0,16.232961586121437,0.0,6.0,13.0,17.0,17.0,18.0
degree_id=40.111,registered_other_previous_credits,1614,0,0.9603469640644362,2.2510536495121785,0.0,14.0,80.42131350681537,0.0,0.0,0.0,0.0,3.0,6.0
degree_id=40.111,semester_total_registered_credits,1614,0,13.59913258983891,3.7427871352450164,2.0,21.0,0.0,8.0,12.0,14.0,17.0,18.0,18.0
degree_id=40.111,failed_retake_ratio,1614,0,0.1626810353029465,0.27462709319520473,0.0,1.0,65.61338289962825,0.0,0.0,0.0,0.25,0.5714285714285714,0.75
degree_id=40.111,withdrawn_retake_ratio,1614,0,0.02104210987573861,0.08842009627122198,0.0,1.0,92.68897149938043,0.0,0.0,0.0,0.0,0.0,0.1875
degree_id=40.111,previously_attempted_ratio,1614,0,0.18372314517868513,0.2875541139443778,0.0,1.0,61.71003717472119,0.0,0.0,0.0,0.2941176470588235,0.6607843137254911,0.8
degree_id=40.111,new_credit_ratio,1614,0,0.7343146614032938,0.3817700959951877,0.0,1.0,16.232961586121437,0.0,0.5,1.0,1.0,1.0,1.0
degree_id=40.111,other_previous_ratio,1614,0,0.0819621934180211,0.19023226920305156,0.0,1.0,80.42131350681537,0.0,0.0,0.0,0.0,0.375,0.5
degree_id=40.111,failed_backlog_consumption_ratio,702,912,0.6935346240681837,0.40274367033016384,0.0,1.0,20.94017094017094,0.0,0.435064935064935,1.0,1.0,1.0,1.0
degree_id=40.111,withdrawn_backlog_consumption_ratio,465,1149,0.17720856817206562,0.34145512772836106,0.0,1.0,74.6236559139785,0.0,0.0,0.0,0.1818181818181818,1.0,1.0
degree_id=41.111,available_failed_credits,4869,0,1.208256315465188,2.794646840781768,0.0,43.0,78.20907783939207,0.0,0.0,0.0,0.0,4.0,7.599999999999454
degree_id=41.111,available_withdrawn_credits,4869,0,1.0078044773054016,2.7215965542302603,0.0,31.0,81.3719449578969,0.0,0.0,0.0,0.0,4.0,6.0
degree_id=41.111,registered_failed_retake_credits,4869,0,0.6536249743273773,1.9535531393759098,0.0,18.0,87.26637913329226,0.0,0.0,0.0,0.0,4.0,4.0
degree_id=41.111,registered_withdrawn_retake_credits,4869,0,0.34750462107208874,1.295020976878707,0.0,15.0,92.05175600739372,0.0,0.0,0.0,0.0,0.0,4.0
degree_id=41.111,registered_new_credits,4869,0,14.038303553090984,6.527147757218788,0.0,25.0,4.1076196344218525,4.0,8.0,17.0,19.0,21.0,22.0
degree_id=41.111,registered_other_previous_credits,4869,0,0.20579174368453482,1.084722157779812,0.0,20.0,95.3378517149312,0.0,0.0,0.0,0.0,0.0,0.0
degree_id=41.111,semester_total_registered_credits,4869,0,15.245224892174985,5.772587044921557,2.0,25.0,0.0,7.0,9.0,17.0,20.0,22.0,23.0
degree_id=41.111,failed_retake_ratio,4869,0,0.059142238691427734,0.18448535901358112,0.0,1.0,87.26637913329226,0.0,0.0,0.0,0.0,0.2105263157894736,0.5
degree_id=41.111,withdrawn_retake_ratio,4869,0,0.02635062642511843,0.10828734772005262,0.0,1.0,92.05175600739372,0.0,0.0,0.0,0.0,0.0,0.2105263157894736
degree_id=41.111,previously_attempted_ratio,4869,0,0.08549286511654618,0.2131402576049445,0.0,1.0,80.77634011090574,0.0,0.0,0.0,0.0,0.3478260869565217,0.5714285714285714
degree_id=41.111,new_credit_ratio,4869,0,0.8972507240648542,0.24572992353685708,0.0,1.0,4.1076196344218525,0.5555555555555556,1.0,1.0,1.0,1.0,1.0
degree_id=41.111,other_previous_ratio,4869,0,0.017256410818599646,0.09222688936005541,0.0,1.0,95.3378517149312,0.0,0.0,0.0,0.0,0.0,0.0
degree_id=41.111,failed_backlog_consumption_ratio,1061,3808,0.5249420051845537,0.47179659204620006,0.0,1.0,41.56456173421301,0.0,0.0,0.5,1.0,1.0,1.0
degree_id=41.111,withdrawn_backlog_consumption_ratio,907,3962,0.34084957111101327,0.4334921557495086,0.0,1.0,57.331863285556786,0.0,0.0,0.0,1.0,1.0,1.0
degree_id=42.111,available_failed_credits,3566,0,0.7190128996074032,1.9856745668380684,0.0,17.0,82.47335950644981,0.0,0.0,0.0,0.0,3.0,5.0
degree_id=42.111,available_withdrawn_credits,3566,0,0.4747616376892877,1.8124726469777817,0.0,21.0,86.98822209758833,0.0,0.0,0.0,0.0,1.0,3.0
degree_id=42.111,registered_failed_retake_credits,3566,0,0.5148625911385306,1.5947593242529199,0.0,12.0,86.98822209758833,0.0,0.0,0.0,0.0,2.0,3.0
degree_id=42.111,registered_withdrawn_retake_credits,3566,0,0.16741446999439147,0.9110593007509502,0.0,14.0,95.0084127874369,0.0,0.0,0.0,0.0,0.0,0.0
degree_id=42.111,registered_new_credits,3566,0,12.72630398205272,5.553838814572874,0.0,21.0,3.168816601233875,5.0,7.0,16.0,17.0,18.0,18.0
degree_id=42.111,registered_other_previous_credits,3566,0,0.20779584969153111,0.9938130170556057,0.0,12.0,94.7279865395401,0.0,0.0,0.0,0.0,0.0,1.0
degree_id=42.111,semester_total_registered_credits,3566,0,13.616376892877174,4.808571227307987,2.0,21.0,0.0,6.0,9.0,16.0,17.0,18.0,18.0
degree_id=42.111,failed_retake_ratio,3566,0,0.050100493876886934,0.1619554054984221,0.0,1.0,86.98822209758833,0.0,0.0,0.0,0.0,0.1666666666666666,0.4
degree_id=42.111,withdrawn_retake_ratio,3566,0,0.014540558185713063,0.07826691223653513,0.0,1.0,95.0084127874369,0.0,0.0,0.0,0.0,0.0,0.0
degree_id=42.111,previously_attempted_ratio,3566,0,0.0646410520626,0.1810594383023465,0.0,1.0,83.09029725182278,0.0,0.0,0.0,0.0,0.2307692307692307,0.5
degree_id=42.111,new_credit_ratio,3566,0,0.9162178499491013,0.22450882027538938,0.0,1.0,3.168816601233875,0.6666666666666666,1.0,1.0,1.0,1.0,1.0
degree_id=42.111,other_previous_ratio,3566,0,0.019141097988298675,0.09472123505683394,0.0,1.0,94.7279865395401,0.0,0.0,0.0,0.0,0.0,0.10256410256410256
degree_id=42.111,failed_backlog_consumption_ratio,625,2941,0.6686081730034672,0.4275801287620396,0.0,1.0,25.759999999999998,0.0,0.0,1.0,1.0,1.0,1.0
degree_id=42.111,withdrawn_backlog_consumption_ratio,464,3102,0.30330857902802627,0.41896373976383794,0.0,1.0,61.63793103448276,0.0,0.0,0.0,0.6666666666666666,1.0,1.0
degree_id=44.111,available_failed_credits,2428,0,0.9962932454695222,2.2644460606884182,0.0,16.0,76.89456342668863,0.0,0.0,0.0,0.0,4.0,6.0
degree_id=44.111,available_withdrawn_credits,2428,0,0.6371499176276771,1.9731749744464167,0.0,19.0,86.03789126853377,0.0,0.0,0.0,0.0,3.0,5.0
degree_id=44.111,registered_failed_retake_credits,2428,0,0.7129324546952224,1.9402821063478546,0.0,16.0,83.60790774299835,0.0,0.0,0.0,0.0,3.0,5.0
degree_id=44.111,registered_withdrawn_retake_credits,2428,0,0.18204283360790774,1.0062714485058193,0.0,15.0,95.42833607907743,0.0,0.0,0.0,0.0,0.0,0.0
degree_id=44.111,registered_new_credits,2428,0,13.355848434925864,5.667353031176476,0.0,21.0,4.2833607907743,5.0,8.0,16.0,18.0,18.0,18.0
degree_id=44.111,registered_other_previous_credits,2428,0,0.33607907742998355,1.3739826701080942,0.0,11.0,92.9159802306425,0.0,0.0,0.0,0.0,0.0,3.0
degree_id=44.111,semester_total_registered_credits,2428,0,14.58690280065898,4.486148783319828,2.0,21.0,0.0,6.0,13.0,17.0,18.0,18.0,18.0
degree_id=44.111,failed_retake_ratio,2428,0,0.062775957993996,0.17581047295982422,0.0,1.0,83.60790774299835,0.0,0.0,0.0,0.0,0.2307692307692307,0.45101010101010186
degree_id=44.111,withdrawn_retake_ratio,2428,0,0.014576833018733752,0.0813021143320587,0.0,1.0,95.42833607907743,0.0,0.0,0.0,0.0,0.0,0.0
degree_id=44.111,previously_attempted_ratio,2428,0,0.07735279101272975,0.19465039027904,0.0,1.0,80.6013179571664,0.0,0.0,0.0,0.0,0.3333333333333333,0.5555555555555556
degree_id=44.111,new_credit_ratio,2428,0,0.8942506332559844,0.25253088040568444,0.0,1.0,4.2833607907743,0.5357466063348417,1.0,1.0,1.0,1.0,1.0
degree_id=44.111,other_previous_ratio,2428,0,0.028396575731285973,0.1169551893647823,0.0,1.0,92.9159802306425,0.0,0.0,0.0,0.0,0.0,0.25
degree_id=44.111,failed_backlog_consumption_ratio,561,1867,0.6546071402354825,0.4459305847667076,0.0,1.0,29.055258467023172,0.0,0.0,1.0,1.0,1.0,1.0
degree_id=44.111,withdrawn_backlog_consumption_ratio,339,2089,0.25109663538010885,0.39070209226037333,0.0,1.0,67.2566371681416,0.0,0.0,0.0,0.5,1.0,1.0
degree_id=45.111,available_failed_credits,644,0,1.9456521739130435,3.318991449166082,0.0,18.0,66.14906832298136,0.0,0.0,0.0,3.0,6.0,9.0
degree_id=45.111,available_withdrawn_credits,644,0,1.1630434782608696,2.725343425726996,0.0,18.0,76.86335403726709,0.0,0.0,0.0,0.0,3.0,6.0
degree_id=45.111,registered_failed_retake_credits,644,0,1.4798136645962734,2.694599627086574,0.0,12.0,70.65217391304348,0.0,0.0,0.0,3.0,6.0,6.0
degree_id=45.111,registered_withdrawn_retake_credits,644,0,0.4642857142857143,1.5516902796109622,0.0,15.0,88.66459627329193,0.0,0.0,0.0,0.0,3.0,3.0
degree_id=45.111,registered_new_credits,644,0,11.868012422360248,6.178750151174476,0.0,21.0,9.627329192546584,3.0,6.0,15.0,17.0,18.0,18.0
degree_id=45.111,registered_other_previous_credits,644,0,0.4301242236024845,1.51501330138139,0.0,12.0,90.527950310559,0.0,0.0,0.0,0.0,0.0,3.0
degree_id=45.111,semester_total_registered_credits,644,0,14.24223602484472,4.211775535005326,3.0,21.0,0.0,6.0,12.0,15.0,18.0,18.0,18.0
degree_id=45.111,failed_retake_ratio,644,0,0.13650181226336688,0.26035055907917765,0.0,1.0,70.65217391304348,0.0,0.0,0.0,0.1764705882352941,0.5,0.75
degree_id=45.111,withdrawn_retake_ratio,644,0,0.038907910462195786,0.13501745692783595,0.0,1.0,88.66459627329193,0.0,0.0,0.0,0.0,0.1666666666666666,0.25
degree_id=45.111,previously_attempted_ratio,644,0,0.17540972272556266,0.28518273487431184,0.0,1.0,62.267080745341616,0.0,0.0,0.0,0.25,0.6,1.0
degree_id=45.111,new_credit_ratio,644,0,0.7861921170069859,0.3293078887103101,0.0,1.0,9.627329192546584,0.2,0.625,1.0,1.0,1.0,1.0
degree_id=45.111,other_previous_ratio,644,0,0.038398160267451464,0.1403592480744406,0.0,1.0,90.527950310559,0.0,0.0,0.0,0.0,0.0,0.25
degree_id=45.111,failed_backlog_consumption_ratio,218,426,0.7703741976677756,0.3566249901394748,0.0,1.0,13.302752293577983,0.0,0.5,1.0,1.0,1.0,1.0
degree_id=45.111,withdrawn_backlog_consumption_ratio,149,495,0.37522371364653245,0.4246730175514637,0.0,1.0,51.006711409395976,0.0,0.0,0.0,1.0,1.0,1.0
degree_id=46.111,available_failed_credits,665,0,1.3157894736842106,2.7203174121932534,0.0,15.0,75.0375939849624,0.0,0.0,0.0,0.0,6.0,7.7999999999999545
degree_id=46.111,available_withdrawn_credits,665,0,0.48270676691729325,1.5619974506614327,0.0,18.0,87.06766917293233,0.0,0.0,0.0,0.0,3.0,3.0
degree_id=46.111,registered_failed_retake_credits,665,0,1.0556390977443608,2.412611615928357,0.0,12.0,79.3984962406015,0.0,0.0,0.0,0.0,3.0,6.0
degree_id=46.111,registered_withdrawn_retake_credits,665,0,0.23308270676691728,1.09686861277523,0.0,15.0,93.6842105263158,0.0,0.0,0.0,0.0,0.0,3.0
degree_id=46.111,registered_new_credits,665,0,13.371428571428572,5.7344941719315905,0.0,21.0,5.864661654135339,3.0,9.0,15.0,18.0,18.0,18.0
degree_id=46.111,registered_other_previous_credits,665,0,0.23458646616541354,1.0778468268012273,0.0,12.0,94.28571428571428,0.0,0.0,0.0,0.0,0.0,3.0
degree_id=46.111,semester_total_registered_credits,665,0,14.894736842105264,4.2099694463711455,2.0,21.0,0.0,7.400000000000006,14.0,17.0,18.0,18.0,18.0
degree_id=46.111,failed_retake_ratio,665,0,0.09861896580494545,0.23014833575445479,0.0,1.0,79.3984962406015,0.0,0.0,0.0,0.0,0.41714285714285776,0.6
degree_id=46.111,withdrawn_retake_ratio,665,0,0.017825498620500833,0.08284766813086665,0.0,0.8823529411764706,93.6842105263158,0.0,0.0,0.0,0.0,0.0,0.1666666666666666
degree_id=46.111,previously_attempted_ratio,665,0,0.11644446442544629,0.24751416807645923,0.0,1.0,75.0375939849624,0.0,0.0,0.0,0.0,0.5,0.75
degree_id=46.111,new_credit_ratio,665,0,0.8640065175867917,0.2795320650445182,0.0,1.0,5.864661654135339,0.4,0.8333333333333334,1.0,1.0,1.0,1.0
degree_id=46.111,other_previous_ratio,665,0,0.01954901798776191,0.09119731752955614,0.0,1.0,94.28571428571428,0.0,0.0,0.0,0.0,0.0,0.2
degree_id=46.111,failed_backlog_consumption_ratio,166,499,0.770051635111876,0.385129002167558,0.0,1.0,17.46987951807229,0.0,0.6166666666666667,1.0,1.0,1.0,1.0
degree_id=46.111,withdrawn_backlog_consumption_ratio,86,579,0.4390919158361019,0.47337549833841364,0.0,1.0,51.162790697674424,0.0,0.0,0.0,1.0,1.0,1.0
degree_id=47.111,available_failed_credits,795,0,1.2754716981132075,2.5700933781547257,0.0,15.0,74.0880503144654,0.0,0.0,0.0,3.0,6.0,6.0
degree_id=47.111,available_withdrawn_credits,795,0,1.0088050314465409,3.0526320073449478,0.0,23.0,82.64150943396227,0.0,0.0,0.0,0.0,3.0,6.0
degree_id=47.111,registered_failed_retake_credits,795,0,0.9207547169811321,2.1522665538575065,0.0,12.0,80.12578616352202,0.0,0.0,0.0,0.0,3.0,6.0
degree_id=47.111,registered_withdrawn_retake_credits,795,0,0.49056603773584906,2.037024811390481,0.0,18.0,91.06918238993711,0.0,0.0,0.0,0.0,0.0,3.0
degree_id=47.111,registered_new_credits,795,0,13.10314465408805,5.841907806884409,0.0,21.0,5.157232704402516,3.0,9.0,15.0,18.0,18.0,18.0
degree_id=47.111,registered_other_previous_credits,795,0,0.23270440251572327,1.0248485085166514,0.0,9.0,94.0880503144654,0.0,0.0,0.0,0.0,0.0,3.0
degree_id=47.111,semester_total_registered_credits,795,0,14.747169811320754,4.271365193909602,2.0,21.0,0.0,6.0,13.0,17.0,18.0,18.0,18.0
degree_id=47.111,failed_retake_ratio,795,0,0.08387053660361096,0.2054924770448842,0.0,1.0,80.12578616352202,0.0,0.0,0.0,0.0,0.3333333333333333,0.5
degree_id=47.111,withdrawn_retake_ratio,795,0,0.036814065410069846,0.1418846875363767,0.0,1.0,91.06918238993711,0.0,0.0,0.0,0.0,0.0,0.25
degree_id=47.111,previously_attempted_ratio,795,0,0.12068460201368081,0.2481240562644955,0.0,1.0,73.71069182389937,0.0,0.0,0.0,0.1666666666666666,0.5,0.75
degree_id=47.111,new_credit_ratio,795,0,0.858451465088535,0.27883323367247864,0.0,1.0,5.157232704402516,0.4,0.8333333333333334,1.0,1.0,1.0,1.0
degree_id=47.111,other_previous_ratio,795,0,0.020863932897784175,0.09512216603299464,0.0,1.0,94.0880503144654,0.0,0.0,0.0,0.0,0.0,0.2
degree_id=47.111,failed_backlog_consumption_ratio,206,589,0.6951329819048265,0.41978411276020844,0.0,1.0,23.300970873786408,0.0,0.34375,1.0,1.0,1.0,1.0
degree_id=47.111,withdrawn_backlog_consumption_ratio,138,657,0.39830653957855233,0.4351355603282997,0.0,1.0,48.55072463768116,0.0,0.0,0.21323529411764705,1.0,1.0,1.0
degree_id=48.111,available_failed_credits,700,0,1.582857142857143,2.9112269205113495,0.0,18.0,69.14285714285714,0.0,0.0,0.0,3.0,6.0,9.0
degree_id=48.111,available_withdrawn_credits,700,0,0.6814285714285714,1.8675600399342034,0.0,18.0,83.42857142857143,0.0,0.0,0.0,0.0,3.0,3.0
degree_id=48.111,registered_failed_retake_credits,700,0,1.1642857142857144,2.5146515280209076,0.0,12.0,77.14285714285715,0.0,0.0,0.0,0.0,6.0,6.0
degree_id=48.111,registered_withdrawn_retake_credits,700,0,0.2914285714285714,1.096586308870379,0.0,12.0,92.0,0.0,0.0,0.0,0.0,0.0,3.0
degree_id=48.111,registered_new_credits,700,0,12.65857142857143,5.949164542808389,0.0,21.0,8.0,3.0,8.0,15.0,18.0,18.0,18.0
degree_id=48.111,registered_other_previous_credits,700,0,0.35285714285714287,1.4401976327353838,0.0,15.0,92.71428571428572,0.0,0.0,0.0,0.0,0.0,3.0
degree_id=48.111,semester_total_registered_credits,700,0,14.467142857142857,4.226465476382522,2.0,21.0,0.0,6.0,12.0,16.0,18.0,18.0,18.0
degree_id=48.111,failed_retake_ratio,700,0,0.11227607581494137,0.25556645631483726,0.0,1.0,77.14285714285715,0.0,0.0,0.0,0.0,0.5,0.789285714285711
degree_id=48.111,withdrawn_retake_ratio,700,0,0.022384830855419088,0.08408029492489139,0.0,0.7058823529411765,92.0,0.0,0.0,0.0,0.0,0.0,0.2
degree_id=48.111,previously_attempted_ratio,700,0,0.13466090667036043,0.26538941542280026,0.0,1.0,71.71428571428572,0.0,0.0,0.0,0.1666666666666666,0.5,0.789285714285711
degree_id=48.111,new_credit_ratio,700,0,0.8351299096561702,0.30724722307668967,0.0,1.0,8.0,0.3333333333333333,0.8235294117647058,1.0,1.0,1.0,1.0
degree_id=48.111,other_previous_ratio,700,0,0.030209183673469385,0.1252474784186911,0.0,1.0,92.71428571428572,0.0,0.0,0.0,0.0,0.0,0.25
degree_id=48.111,failed_backlog_consumption_ratio,216,484,0.666335978835979,0.4257536206261532,0.0,1.0,25.925925925925924,0.0,0.0,1.0,1.0,1.0,1.0
degree_id=48.111,withdrawn_backlog_consumption_ratio,116,584,0.41278735632183905,0.45997982395692416,0.0,1.0,51.724137931034484,0.0,0.0,0.0,1.0,1.0,1.0
degree_id=49.111,available_failed_credits,347,0,2.2997118155619596,3.7666125177546776,0.0,18.0,63.976945244956774,0.0,0.0,0.0,3.0,9.0,9.0
degree_id=49.111,available_withdrawn_credits,347,0,1.0,2.605019609835991,0.0,18.0,79.2507204610951,0.0,0.0,0.0,0.0,3.0,6.0
degree_id=49.111,registered_failed_retake_credits,347,0,1.7463976945244957,2.87790215277023,0.0,12.0,66.57060518731988,0.0,0.0,0.0,3.0,6.0,7.399999999999977
degree_id=49.111,registered_withdrawn_retake_credits,347,0,0.4495677233429395,1.5147325019557805,0.0,15.0,89.04899135446685,0.0,0.0,0.0,0.0,3.0,3.0
degree_id=49.111,registered_new_credits,347,0,10.893371757925072,6.468924103807261,0.0,20.0,12.39193083573487,0.0,6.0,14.0,17.0,18.0,18.0
degree_id=49.111,registered_other_previous_credits,347,0,0.4668587896253602,1.6005498297330971,0.0,12.0,90.20172910662824,0.0,0.0,0.0,0.0,0.0,3.0
degree_id=49.111,semester_total_registered_credits,347,0,13.556195965417867,4.457135014728772,2.0,20.0,0.0,6.0,12.0,15.0,17.0,18.0,18.0
degree_id=49.111,failed_retake_ratio,347,0,0.1762428380795901,0.30123062046753885,0.0,1.0,66.57060518731988,0.0,0.0,0.0,0.25,0.6061538461538467,1.0
degree_id=49.111,withdrawn_retake_ratio,347,0,0.036264698741389705,0.12729813792180125,0.0,1.0,89.04899135446685,0.0,0.0,0.0,0.0,0.17058823529411793,0.25
degree_id=49.111,previously_attempted_ratio,347,0,0.21250753682097975,0.3198578429032655,0.0,1.0,59.94236311239193,0.0,0.0,0.0,0.375,0.75,1.0
degree_id=49.111,new_credit_ratio,347,0,0.7498801715321465,0.35870824892822023,0.0,1.0,12.39193083573487,0.0,0.5,1.0,1.0,1.0,1.0
degree_id=49.111,other_previous_ratio,347,0,0.03761229164687378,0.1253120836325168,0.0,0.8,90.20172910662824,0.0,0.0,0.0,0.0,0.0,0.30833333333333235
degree_id=49.111,failed_backlog_consumption_ratio,125,222,0.7893944055944055,0.3060510002265438,0.0,1.0,7.199999999999999,0.385,0.5454545454545454,1.0,1.0,1.0,1.0
degree_id=49.111,withdrawn_backlog_consumption_ratio,72,275,0.4373842592592593,0.4589528315582928,0.0,1.0,47.22222222222222,0.0,0.0,0.29166666666666663,1.0,1.0,1.0
degree_id=5.111,available_failed_credits,147,0,0.9659863945578231,2.414042724101259,0.0,14.0,80.27210884353741,0.0,0.0,0.0,0.0,3.0,5.699999999999989
degree_id=5.111,available_withdrawn_credits,147,0,1.1428571428571428,2.3261467933278825,0.0,11.0,74.82993197278913,0.0,0.0,0.0,1.0,4.0,6.0
degree_id=5.111,registered_failed_retake_credits,147,0,0.6802721088435374,1.9654076734127977,0.0,10.0,86.39455782312925,0.0,0.0,0.0,0.0,3.0,5.0
degree_id=5.111,registered_withdrawn_retake_credits,147,0,0.38095238095238093,1.2623816007594824,0.0,10.0,89.79591836734694,0.0,0.0,0.0,0.0,1.200000000000017,3.0
degree_id=5.111,registered_new_credits,147,0,11.952380952380953,5.979798564130727,0.0,21.0,7.482993197278912,3.0,8.0,14.0,17.0,18.0,18.0
degree_id=5.111,registered_other_previous_credits,147,0,0.6258503401360545,2.0514307882106033,0.0,12.0,88.43537414965986,0.0,0.0,0.0,0.0,2.4000000000000057,5.399999999999977
degree_id=5.111,semester_total_registered_credits,147,0,13.639455782312925,4.478174741662837,3.0,21.0,0.0,7.0,9.0,15.0,18.0,18.0,18.0
degree_id=5.111,failed_retake_ratio,147,0,0.05775214847843899,0.1748431864767816,0.0,1.0,86.39455782312925,0.0,0.0,0.0,0.0,0.1925000000000001,0.4499999999999981
degree_id=5.111,withdrawn_retake_ratio,147,0,0.037343325608631725,0.13678973600679545,0.0,1.0,89.79591836734694,0.0,0.0,0.0,0.0,0.06666666666666758,0.23928571428571385
degree_id=5.111,previously_attempted_ratio,147,0,0.09509547408707071,0.2233301793107992,0.0,1.0,79.59183673469387,0.0,0.0,0.0,0.0,0.3964285714285717,0.6089285714285708
degree_id=5.111,new_credit_ratio,147,0,0.851309528695483,0.3063682325553339,0.0,1.0,7.482993197278912,0.3000000000000001,0.9444444444444444,1.0,1.0,1.0,1.0
degree_id=5.111,other_previous_ratio,147,0,0.05359499721744619,0.17596314900355742,0.0,1.0,88.43537414965986,0.0,0.0,0.0,0.0,0.1666666666666666,0.4516483516483512
degree_id=5.111,failed_backlog_consumption_ratio,29,118,0.6365626710454296,0.45503547128535776,0.0,1.0,31.03448275862069,0.0,0.0,1.0,1.0,1.0,1.0
degree_id=5.111,withdrawn_backlog_consumption_ratio,37,110,0.2884520884520885,0.39776492548263814,0.0,1.0,59.45945945945946,0.0,0.0,0.0,0.5,1.0,1.0
degree_id=50.111,available_failed_credits,973,0,2.049331963001028,3.474426273178499,0.0,22.0,64.95375128468653,0.0,0.0,0.0,3.0,7.0,10.0
degree_id=50.111,available_withdrawn_credits,973,0,1.0082219938335046,2.4595355344695147,0.0,18.0,78.41726618705036,0.0,0.0,0.0,0.0,3.0,6.0
degree_id=50.111,registered_failed_retake_credits,973,0,1.28879753340185,2.6179673367814993,0.0,13.0,75.43679342240493,0.0,0.0,0.0,0.0,6.0,7.0
degree_id=50.111,registered_withdrawn_retake_credits,973,0,0.22918807810894143,1.058908446139836,0.0,18.0,93.83350462487154,0.0,0.0,0.0,0.0,0.0,3.0
degree_id=50.111,registered_new_credits,973,0,11.642343268242549,5.972634392094846,0.0,21.0,8.324768756423433,3.0,7.0,13.0,17.0,18.0,18.0
degree_id=50.111,registered_other_previous_credits,973,0,0.5632065775950668,1.6359398437297046,0.0,12.0,86.43371017471738,0.0,0.0,0.0,0.0,3.0,4.0
degree_id=50.111,semester_total_registered_credits,973,0,13.723535457348406,4.161679860011956,2.0,21.0,0.0,7.0,12.0,15.0,17.0,18.0,18.0
degree_id=50.111,failed_retake_ratio,973,0,0.11737759881280446,0.2455577216344878,0.0,1.0,75.43679342240493,0.0,0.0,0.0,0.0,0.5,0.75
degree_id=50.111,withdrawn_retake_ratio,973,0,0.019744385001449587,0.09652305014309254,0.0,1.0,93.83350462487154,0.0,0.0,0.0,0.0,0.0,0.1666666666666666
degree_id=50.111,previously_attempted_ratio,973,0,0.13712198381425406,0.25877178430253406,0.0,1.0,70.91469681397739,0.0,0.0,0.0,0.1875,0.5696428571428577,0.7611111111111105
degree_id=50.111,new_credit_ratio,973,0,0.8143065446161183,0.32345582877773416,0.0,1.0,8.324768756423433,0.25,0.75,1.0,1.0,1.0,1.0
degree_id=50.111,other_previous_ratio,973,0,0.04857147156962767,0.14275023298967365,0.0,1.0,86.43371017471738,0.0,0.0,0.0,0.0,0.2222222222222222,0.3846153846153846
degree_id=50.111,failed_backlog_consumption_ratio,341,632,0.5975903863927842,0.4294456079875596,0.0,1.0,29.91202346041056,0.0,0.0,0.7,1.0,1.0,1.0
degree_id=50.111,withdrawn_backlog_consumption_ratio,210,763,0.2254921968787515,0.3884293524227162,0.0,1.0,71.42857142857143,0.0,0.0,0.0,0.4214285714285714,1.0,1.0
degree_id=52.111,available_failed_credits,92,0,2.097826086956522,2.7338327264145645,0.0,12.0,54.347826086956516,0.0,0.0,0.0,3.0,6.0,6.0
degree_id=52.111,available_withdrawn_credits,92,0,2.4347826086956523,3.518567227841053,0.0,12.0,58.69565217391305,0.0,0.0,0.0,5.25,6.0,12.0
degree_id=52.111,registered_failed_retake_credits,92,0,1.0,1.8575654633281302,0.0,6.0,75.0,0.0,0.0,0.0,0.75,3.0,5.450000000000003
degree_id=52.111,registered_withdrawn_retake_credits,92,0,0.13043478260869565,0.6151456774546669,0.0,3.0,95.65217391304348,0.0,0.0,0.0,0.0,0.0,0.0
degree_id=52.111,registered_new_credits,92,0,12.08695652173913,5.498555602371826,0.0,18.0,3.260869565217391,3.0999999999999996,8.75,14.0,17.0,18.0,18.0
degree_id=52.111,registered_other_previous_credits,92,0,0.5652173913043478,1.9118160506603008,0.0,12.0,90.21739130434783,0.0,0.0,0.0,0.0,0.0,6.0
degree_id=52.111,semester_total_registered_credits,92,0,13.782608695652174,4.081117297340132,3.0,18.0,0.0,8.0,9.0,15.0,17.0,18.0,18.0
degree_id=52.111,failed_retake_ratio,92,0,0.09123625202589396,0.18640216070589796,0.0,1.0,75.0,0.0,0.0,0.0,0.044117647058823525,0.3312500000000001,0.4788461538461539
degree_id=52.111,withdrawn_retake_ratio,92,0,0.008077578857630007,0.03821812706542197,0.0,0.2,95.65217391304348,0.0,0.0,0.0,0.0,0.0,0.0
degree_id=52.111,previously_attempted_ratio,92,0,0.09931383088352395,0.18935940799539183,0.0,1.0,71.73913043478261,0.0,0.0,0.0,0.190625,0.35476190476190483,0.48382352941176476
degree_id=52.111,new_credit_ratio,92,0,0.857522331675145,0.26727145821822385,0.0,1.0,3.260869565217391,0.38901098901098896,0.8,1.0,1.0,1.0,1.0
degree_id=52.111,other_previous_ratio,92,0,0.043163837441331045,0.14951303081585143,0.0,1.0,90.21739130434783,0.0,0.0,0.0,0.0,0.0,0.38928571428571446
degree_id=52.111,failed_backlog_consumption_ratio,42,50,0.4722222222222222,0.46840076571895845,0.0,1.0,45.23809523809524,0.0,0.0,0.5,1.0,1.0,1.0
degree_id=52.111,withdrawn_backlog_consumption_ratio,38,54,0.061403508771929814,0.19917642982432932,0.0,1.0,89.47368421052632,0.0,0.0,0.0,0.0,0.10000000000000142,0.5
degree_id=53.111,available_failed_credits,333,0,1.1561561561561562,2.0651146295964136,0.0,12.0,70.87087087087087,0.0,0.0,0.0,3.0,3.0,6.0
degree_id=53.111,available_withdrawn_credits,333,0,1.4804804804804805,2.380343148242056,0.0,14.0,65.46546546546547,0.0,0.0,0.0,3.0,6.0,6.0
degree_id=53.111,registered_failed_retake_credits,333,0,0.6246246246246246,1.6299882456502768,0.0,12.0,83.78378378378379,0.0,0.0,0.0,0.0,3.0,3.0
degree_id=53.111,registered_withdrawn_retake_credits,333,0,0.34534534534534533,1.0517989255437352,0.0,6.0,89.4894894894895,0.0,0.0,0.0,0.0,2.8000000000000114,3.0
degree_id=53.111,registered_new_credits,333,0,13.138138138138139,5.065131703483283,0.0,21.0,3.6036036036036037,6.0,9.0,15.0,17.0,18.0,18.0
degree_id=53.111,registered_other_previous_credits,333,0,0.26126126126126126,1.1304523434510927,0.0,9.0,93.993993993994,0.0,0.0,0.0,0.0,0.0,3.0
degree_id=53.111,semester_total_registered_credits,333,0,14.36936936936937,4.0276033889818965,3.0,21.0,0.0,9.0,12.0,15.0,18.0,18.0,18.0
degree_id=53.111,failed_retake_ratio,333,0,0.054361447743800674,0.150223542712151,0.0,1.0,83.78378378378379,0.0,0.0,0.0,0.0,0.2,0.34999999999999903
degree_id=53.111,withdrawn_retake_ratio,333,0,0.025731849803057226,0.0838321294889037,0.0,0.6666666666666666,89.4894894894895,0.0,0.0,0.0,0.0,0.14984520123839049,0.1875
degree_id=53.111,previously_attempted_ratio,333,0,0.08009329754685791,0.1685353839081362,0.0,1.0,75.07507507507508,0.0,0.0,0.0,0.0,0.3333333333333333,0.4285714285714285
degree_id=53.111,new_credit_ratio,333,0,0.8965300128999819,0.22762326099488597,0.0,1.0,3.6036036036036037,0.6509803921568629,0.8666666666666667,1.0,1.0,1.0,1.0
degree_id=53.111,other_previous_ratio,333,0,0.02337668955316014,0.1036233248528725,0.0,0.75,93.993993993994,0.0,0.0,0.0,0.0,0.0,0.17058823529411737
degree_id=53.111,failed_backlog_consumption_ratio,97,236,0.5027491408934708,0.4738697591983511,0.0,1.0,44.329896907216494,0.0,0.0,0.5,1.0,1.0,1.0
degree_id=53.111,withdrawn_backlog_consumption_ratio,115,218,0.22220496894409938,0.36676701353258984,0.0,1.0,69.56521739130434,0.0,0.0,0.0,0.5,1.0,1.0
degree_id=54.111,available_failed_credits,109,0,1.3669724770642202,2.927078402000482,0.0,14.0,71.55963302752293,0.0,0.0,0.0,2.0,3.4000000000000057,6.0
degree_id=54.111,available_withdrawn_credits,109,0,1.2935779816513762,2.890926905995203,0.0,16.0,77.06422018348624,0.0,0.0,0.0,0.0,5.200000000000003,6.0
degree_id=54.111,registered_failed_retake_credits,109,0,0.5596330275229358,1.417033891362325,0.0,6.0,84.40366972477065,0.0,0.0,0.0,0.0,3.0,3.0
degree_id=54.111,registered_withdrawn_retake_credits,109,0,0.3853211009174312,1.3871650872455128,0.0,11.0,89.90825688073394,0.0,0.0,0.0,0.0,0.4000000000000057,3.0
degree_id=54.111,registered_new_credits,109,0,13.082568807339449,4.880286194489942,0.0,20.0,2.7522935779816518,6.0,11.0,15.0,17.0,18.0,18.0
degree_id=54.111,registered_other_previous_credits,109,0,0.3577981651376147,1.4562949931362252,0.0,9.0,93.57798165137615,0.0,0.0,0.0,0.0,0.0,3.0
degree_id=54.111,semester_total_registered_credits,109,0,14.385321100917432,3.6512510714384265,6.0,20.0,0.0,9.0,12.0,15.0,17.0,18.0,18.0
degree_id=54.111,failed_retake_ratio,109,0,0.05153162182304114,0.1364778211880881,0.0,0.6666666666666666,84.40366972477065,0.0,0.0,0.0,0.0,0.20285714285714287,0.43333333333333235
degree_id=54.111,withdrawn_retake_ratio,109,0,0.027488609317862022,0.10256166542063291,0.0,0.7857142857142857,89.90825688073394,0.0,0.0,0.0,0.0,0.023529411764706215,0.1905882352941175
degree_id=54.111,previously_attempted_ratio,109,0,0.07902023114090316,0.16212894117007853,0.0,0.7857142857142857,74.31192660550458,0.0,0.0,0.0,0.1176470588235294,0.3166666666666667,0.5
degree_id=54.111,new_credit_ratio,109,0,0.892735994285047,0.2318782004127149,0.0,1.0,2.7522935779816518,0.5,0.8823529411764706,1.0,1.0,1.0,1.0
degree_id=54.111,other_previous_ratio,109,0,0.0282437745740498,0.11052161645231288,0.0,0.5,93.57798165137615,0.0,0.0,0.0,0.0,0.0,0.3399999999999992
degree_id=54.111,failed_backlog_consumption_ratio,31,78,0.4832565284178187,0.47821612170578554,0.0,1.0,45.16129032258064,0.0,0.0,0.5,1.0,1.0,1.0
degree_id=54.111,withdrawn_backlog_consumption_ratio,25,84,0.29073076923076924,0.40338676557740216,0.0,1.0,56.00000000000001,0.0,0.0,0.0,0.5,1.0,1.0
degree_id=55.111,available_failed_credits,379,0,1.5092348284960422,2.677911646904176,0.0,15.0,68.07387862796834,0.0,0.0,0.0,3.0,6.0,6.199999999999932
degree_id=55.111,available_withdrawn_credits,379,0,0.9947229551451188,2.1930562894398222,0.0,18.0,73.87862796833772,0.0,0.0,0.0,2.0,3.0,5.0
degree_id=55.111,registered_failed_retake_credits,379,0,0.8258575197889182,1.8027804776359084,0.0,9.0,79.68337730870712,0.0,0.0,0.0,0.0,3.0,6.0
degree_id=55.111,registered_withdrawn_retake_credits,379,0,0.21635883905013192,0.9290414004789771,0.0,9.0,93.93139841688655,0.0,0.0,0.0,0.0,0.0,3.0
degree_id=55.111,registered_new_credits,379,0,13.110817941952506,5.239589235898848,0.0,20.0,3.95778364116095,6.0,9.0,15.0,17.0,18.0,18.0
degree_id=55.111,registered_other_previous_credits,379,0,0.2532981530343008,1.1335240004282416,0.0,9.0,94.45910290237467,0.0,0.0,0.0,0.0,0.0,3.0
degree_id=55.111,semester_total_registered_credits,379,0,14.406332453825858,4.05302969900714,3.0,21.0,0.0,9.0,12.0,16.0,18.0,18.0,18.0
degree_id=55.111,failed_retake_ratio,379,0,0.07503510639084128,0.18376720120785953,0.0,1.0,79.68337730870712,0.0,0.0,0.0,0.0,0.30196078431372503,0.5
degree_id=55.111,withdrawn_retake_ratio,379,0,0.01663691861969062,0.07457706522157008,0.0,0.6666666666666666,93.93139841688655,0.0,0.0,0.0,0.0,0.0,0.1666666666666666
degree_id=55.111,previously_attempted_ratio,379,0,0.0916720250105319,0.19960857614957095,0.0,1.0,75.19788918205805,0.0,0.0,0.0,0.0,0.3333333333333333,0.5
degree_id=55.111,new_credit_ratio,379,0,0.8873799915744661,0.2465182169254565,0.0,1.0,3.95778364116095,0.6,0.8452380952380952,1.0,1.0,1.0,1.0
degree_id=55.111,other_previous_ratio,379,0,0.020947983415001883,0.09414311393053428,0.0,0.6666666666666666,94.45910290237467,0.0,0.0,0.0,0.0,0.0,0.17142857142856974
degree_id=55.111,failed_backlog_consumption_ratio,121,258,0.535894064613073,0.44642482257241806,0.0,1.0,36.36363636363637,0.0,0.0,0.5,1.0,1.0,1.0
degree_id=55.111,withdrawn_backlog_consumption_ratio,99,280,0.183889313301078,0.3658369151503766,0.0,1.0,76.76767676767676,0.0,0.0,0.0,0.0,1.0,1.0
degree_id=56.111,available_failed_credits,114,0,1.6140350877192982,2.267542320608175,0.0,11.0,58.77192982456141,0.0,0.0,0.0,3.0,5.0,6.0
degree_id=56.111,available_withdrawn_credits,114,0,2.6842105263157894,3.101001235609404,0.0,15.0,45.614035087719294,0.0,0.0,3.0,5.0,6.0,8.0
degree_id=56.111,registered_failed_retake_credits,114,0,0.8245614035087719,1.776172747493781,0.0,9.0,78.94736842105263,0.0,0.0,0.0,0.0,3.0,5.0
degree_id=56.111,registered_withdrawn_retake_credits,114,0,0.38596491228070173,1.0767763420475747,0.0,6.0,87.71929824561403,0.0,0.0,0.0,0.0,3.0,3.0
degree_id=56.111,registered_new_credits,114,0,12.482456140350877,5.1769271237831775,0.0,21.0,6.140350877192982,6.0,9.0,14.0,17.0,18.0,18.0
degree_id=56.111,registered_other_previous_credits,114,0,0.4298245614035088,1.8044649551206737,0.0,11.0,93.85964912280701,0.0,0.0,0.0,0.0,0.0,3.6999999999999886
degree_id=56.111,semester_total_registered_credits,114,0,14.12280701754386,3.944617371839226,3.0,21.0,0.0,9.0,12.0,15.0,17.0,18.0,18.0
degree_id=56.111,failed_retake_ratio,114,0,0.07214170418504785,0.17535329691200657,0.0,1.0,78.94736842105263,0.0,0.0,0.0,0.0,0.30833333333333357,0.38374999999999987
degree_id=56.111,withdrawn_retake_ratio,114,0,0.025662808983242417,0.07198065083173158,0.0,0.3529411764705882,87.71929824561403,0.0,0.0,0.0,0.0,0.1666666666666666,0.2
degree_id=56.111,previously_attempted_ratio,114,0,0.09780451316829025,0.19065060813179974,0.0,1.0,71.05263157894737,0.0,0.0,0.0,0.1666666666666666,0.3470588235294118,0.5
degree_id=56.111,new_credit_ratio,114,0,0.8703313241625935,0.2644404076821327,0.0,1.0,6.140350877192982,0.53,0.8259803921568627,1.0,1.0,1.0,1.0
degree_id=56.111,other_previous_ratio,114,0,0.03186416266911623,0.13327732014266955,0.0,0.7857142857142857,93.85964912280701,0.0,0.0,0.0,0.0,0.0,0.24932126696832457
degree_id=56.111,failed_backlog_consumption_ratio,47,67,0.4658123791102514,0.4753587061729355,0.0,1.0,48.93617021276596,0.0,0.0,0.5,1.0,1.0,1.0
degree_id=56.111,withdrawn_backlog_consumption_ratio,62,52,0.14206989247311827,0.29891435095388325,0.0,1.0,77.41935483870968,0.0,0.0,0.0,0.0,0.5,1.0
degree_id=57.111,available_failed_credits,172,0,1.3488372093023255,2.598998645949687,0.0,10.0,74.4186046511628,0.0,0.0,0.0,3.0,6.0,7.899999999999977
degree_id=57.111,available_withdrawn_credits,172,0,1.1453488372093024,2.530938710201012,0.0,18.0,75.0,0.0,0.0,0.0,0.75,3.0,6.0
degree_id=57.111,registered_failed_retake_credits,172,0,1.1162790697674418,2.249983000071777,0.0,9.0,75.5813953488372,0.0,0.0,0.0,0.0,3.0,6.0
degree_id=57.111,registered_withdrawn_retake_credits,172,0,0.5755813953488372,1.8448877394339829,0.0,15.0,86.62790697674419,0.0,0.0,0.0,0.0,3.0,3.0
degree_id=57.111,registered_new_credits,172,0,11.453488372093023,6.808417522714562,0.0,20.0,13.953488372093023,0.0,6.0,13.0,18.0,18.0,18.0
degree_id=57.111,registered_other_previous_credits,172,0,0.6976744186046512,1.9827900918522905,0.0,9.0,86.04651162790698,0.0,0.0,0.0,0.0,3.0,6.0
degree_id=57.111,semester_total_registered_credits,172,0,13.843023255813954,4.618018123748419,3.0,20.0,0.0,6.0,11.25,15.0,18.0,18.0,18.0
degree_id=57.111,failed_retake_ratio,172,0,0.1090358527131783,0.2273566457211876,0.0,1.0,75.5813953488372,0.0,0.0,0.0,0.0,0.5,0.5449999999999988
degree_id=57.111,withdrawn_retake_ratio,172,0,0.052676128590971275,0.16715376789760936,0.0,1.0,86.62790697674419,0.0,0.0,0.0,0.0,0.1666666666666666,0.35208333333333286
degree_id=57.111,previously_attempted_ratio,172,0,0.16171198130414954,0.27940531533728447,0.0,1.0,67.44186046511628,0.0,0.0,0.0,0.25,0.5,0.7724999999999994
degree_id=57.111,new_credit_ratio,172,0,0.7742376310989513,0.36799338163116185,0.0,1.0,13.953488372093023,0.0,0.6666666666666666,1.0,1.0,1.0,1.0
degree_id=57.111,other_previous_ratio,172,0,0.06405038759689922,0.1791828685176662,0.0,1.0,86.04651162790698,0.0,0.0,0.0,0.0,0.25,0.5
degree_id=57.111,failed_backlog_consumption_ratio,44,128,0.8491341991341991,0.2731083471916911,0.0,1.0,4.545454545454546,0.5,0.6666666666666666,1.0,1.0,1.0,1.0
degree_id=57.111,withdrawn_backlog_consumption_ratio,43,129,0.43798449612403106,0.4499018937942148,0.0,1.0,46.51162790697674,0.0,0.0,0.5,1.0,1.0,1.0
degree_id=58.111,available_failed_credits,168,0,1.3214285714285714,2.6746121294071035,0.0,12.0,76.19047619047619,0.0,0.0,0.0,0.0,6.0,7.0
degree_id=58.111,available_withdrawn_credits,168,0,0.9642857142857143,2.556880718316536,0.0,18.0,80.35714285714286,0.0,0.0,0.0,0.0,3.0,6.0
degree_id=58.111,registered_failed_retake_credits,168,0,1.0,2.242752799521267,0.0,12.0,79.76190476190477,0.0,0.0,0.0,0.0,3.900000000000034,6.0
degree_id=58.111,registered_withdrawn_retake_credits,168,0,0.5178571428571429,2.0237311076909648,0.0,18.0,88.69047619047619,0.0,0.0,0.0,0.0,3.0,3.0
degree_id=58.111,registered_new_credits,168,0,11.797619047619047,6.7403153178872275,0.0,18.0,13.690476190476192,0.0,6.0,14.5,18.0,18.0,18.0
degree_id=58.111,registered_other_previous_credits,168,0,0.5535714285714286,1.6945100808284042,0.0,9.0,88.69047619047619,0.0,0.0,0.0,0.0,3.0,6.0
degree_id=58.111,semester_total_registered_credits,168,0,13.869047619047619,4.657823916641484,2.0,18.0,0.0,6.0,12.0,15.0,18.0,18.0,18.0
degree_id=58.111,failed_retake_ratio,168,0,0.10952380952380951,0.25204137567431495,0.0,1.0,79.76190476190477,0.0,0.0,0.0,0.0,0.5,0.75
degree_id=58.111,withdrawn_retake_ratio,168,0,0.041389472455648925,0.14650222089259315,0.0,1.0,88.69047619047619,0.0,0.0,0.0,0.0,0.2,0.25
degree_id=58.111,previously_attempted_ratio,168,0,0.15091328197945844,0.28867905692849916,0.0,1.0,73.21428571428571,0.0,0.0,0.0,0.2,0.5300000000000011,0.9588235294117654
degree_id=58.111,new_credit_ratio,168,0,0.796308940242764,0.3636749453282442,0.0,1.0,13.690476190476192,0.0,0.75,1.0,1.0,1.0,1.0
degree_id=58.111,other_previous_ratio,168,0,0.05277777777777778,0.1625301718922927,0.0,1.0,88.69047619047619,0.0,0.0,0.0,0.0,0.25,0.5
degree_id=58.111,failed_backlog_consumption_ratio,40,128,0.7472619047619047,0.3717671471164409,0.0,1.0,15.0,0.0,0.5,1.0,1.0,1.0,1.0
degree_id=58.111,withdrawn_backlog_consumption_ratio,33,135,0.5079365079365079,0.471504723687432,0.0,1.0,42.42424242424242,0.0,0.0,0.5,1.0,1.0,1.0
degree_id=59.111,available_failed_credits,186,0,1.1021505376344085,2.379029031763312,0.0,12.0,78.49462365591397,0.0,0.0,0.0,0.0,6.0,6.0
degree_id=59.111,available_withdrawn_credits,186,0,0.8763440860215054,2.5149884895534727,0.0,20.0,81.72043010752688,0.0,0.0,0.0,0.0,3.0,5.25
degree_id=59.111,registered_failed_retake_credits,186,0,0.9516129032258065,2.1188529739039934,0.0,12.0,79.56989247311827,0.0,0.0,0.0,0.0,3.0,6.0
degree_id=59.111,registered_withdrawn_retake_credits,186,0,0.45161290322580644,1.6766512895183117,0.0,15.0,89.78494623655914,0.0,0.0,0.0,0.0,1.5,3.0
degree_id=59.111,registered_new_credits,186,0,11.897849462365592,6.9067374625951965,0.0,21.0,12.903225806451612,0.0,6.0,15.0,18.0,18.0,18.0
degree_id=59.111,registered_other_previous_credits,186,0,0.45161290322580644,1.4257563495440022,0.0,9.0,89.24731182795699,0.0,0.0,0.0,0.0,3.0,3.0
degree_id=59.111,semester_total_registered_credits,186,0,13.75268817204301,4.985722130955814,3.0,21.0,0.0,6.0,9.0,15.0,18.0,18.0,18.0
degree_id=59.111,failed_retake_ratio,186,0,0.11358317520556609,0.2558226115943526,0.0,1.0,79.56989247311827,0.0,0.0,0.0,0.0,0.5,0.7291666666666666
degree_id=59.111,withdrawn_retake_ratio,186,0,0.04028893571113685,0.146309974341528,0.0,1.0,89.78494623655914,0.0,0.0,0.0,0.0,0.0833333333333333,0.3125
degree_id=59.111,previously_attempted_ratio,186,0,0.15387211091670294,0.28968544086053705,0.0,1.0,72.04301075268818,0.0,0.0,0.0,0.19411764705882353,0.55,1.0
degree_id=59.111,new_credit_ratio,186,0,0.8022658819148383,0.35630366525635837,0.0,1.0,12.903225806451612,0.0,0.7892857142857143,1.0,1.0,1.0,1.0
degree_id=59.111,other_previous_ratio,186,0,0.04386200716845878,0.13469475472766076,0.0,0.75,89.24731182795699,0.0,0.0,0.0,0.0,0.2,0.475
degree_id=59.111,failed_backlog_consumption_ratio,40,146,0.8773809523809524,0.27230168249767284,0.0,1.0,5.0,0.4928571428571429,1.0,1.0,1.0,1.0,1.0
degree_id=59.111,withdrawn_backlog_consumption_ratio,34,152,0.4735739750445633,0.45862466985887856,0.0,1.0,44.11764705882353,0.0,0.0,0.5,1.0,1.0,1.0
degree_id=6.111,available_failed_credits,1441,0,3.0555170020818876,3.754031040819974,0.0,21.0,45.45454545454545,0.0,0.0,2.0,5.0,9.0,11.0
degree_id=6.111,available_withdrawn_credits,1441,0,2.9403192227619708,4.041354580146427,0.0,28.0,49.34073560027758,0.0,0.0,2.0,4.0,9.0,12.0
degree_id=6.111,registered_failed_retake_credits,1441,0,1.6086051353226927,2.594766808233931,0.0,13.0,64.26092990978486,0.0,0.0,0.0,3.0,6.0,7.0
degree_id=6.111,registered_withdrawn_retake_credits,1441,0,0.8598195697432338,1.9775973696157678,0.0,21.0,78.83414295628036,0.0,0.0,0.0,0.0,3.0,5.0
degree_id=6.111,registered_new_credits,1441,0,9.87439278278973,6.110115991220633,0.0,21.0,13.1852879944483,0.0,5.0,11.0,15.0,18.0,18.0
degree_id=6.111,registered_other_previous_credits,1441,0,0.600971547536433,1.8685181739953738,0.0,16.0,86.8147120055517,0.0,0.0,0.0,0.0,3.0,4.0
degree_id=6.111,semester_total_registered_credits,1441,0,12.943789035392088,4.860301696158918,2.0,21.0,0.0,6.0,9.0,15.0,17.0,18.0,18.0
degree_id=6.111,failed_retake_ratio,1441,0,0.15248665828296418,0.2583846895031356,0.0,1.0,64.26092990978486,0.0,0.0,0.0,0.2142857142857142,0.5,0.7333333333333333
degree_id=6.111,withdrawn_retake_ratio,1441,0,0.0774973227799084,0.18767432137600698,0.0,1.0,78.83414295628036,0.0,0.0,0.0,0.0,0.2857142857142857,0.5
degree_id=6.111,previously_attempted_ratio,1441,0,0.22998398106287257,0.3006441738500671,0.0,1.0,49.8265093684941,0.0,0.0,0.1176470588235294,0.375,0.6666666666666666,1.0
degree_id=6.111,new_credit_ratio,1441,0,0.711476097285611,0.35123146370171654,0.0,1.0,13.1852879944483,0.0,0.5,0.8333333333333334,1.0,1.0,1.0
degree_id=6.111,other_previous_ratio,1441,0,0.05853992165151641,0.18028874375890117,0.0,1.0,86.8147120055517,0.0,0.0,0.0,0.0,0.2307692307692307,0.4666666666666667
degree_id=6.111,failed_backlog_consumption_ratio,786,655,0.5189291882200976,0.43214784713349397,0.0,1.0,34.478371501272264,0.0,0.0,0.5,1.0,1.0,1.0
degree_id=6.111,withdrawn_backlog_consumption_ratio,730,711,0.29287506757861453,0.39520109953882626,0.0,1.0,58.21917808219178,0.0,0.0,0.0,0.5220588235294118,1.0,1.0
degree_id=60.111,available_failed_credits,127,0,1.4015748031496063,2.85707099022226,0.0,12.0,75.59055118110236,0.0,0.0,0.0,0.0,6.0,9.0
degree_id=60.111,available_withdrawn_credits,127,0,0.7007874015748031,1.6729166652074783,0.0,8.0,82.67716535433071,0.0,0.0,0.0,0.0,3.0,5.099999999999966
degree_id=60.111,registered_failed_retake_credits,127,0,1.125984251968504,2.4912294599197917,0.0,12.0,78.74015748031496,0.0,0.0,0.0,0.0,5.400000000000006,6.0
degree_id=60.111,registered_withdrawn_retake_credits,127,0,0.23622047244094488,0.8949301020270022,0.0,6.0,92.91338582677166,0.0,0.0,0.0,0.0,0.0,3.0
degree_id=60.111,registered_new_credits,127,0,11.645669291338583,6.497285830222112,0.0,18.0,11.023622047244094,0.0,6.0,13.0,18.0,18.0,18.0
degree_id=60.111,registered_other_previous_credits,127,0,0.6377952755905512,1.83730863959226,0.0,9.0,86.61417322834646,0.0,0.0,0.0,0.0,3.0,5.099999999999966
degree_id=60.111,semester_total_registered_credits,127,0,13.645669291338583,4.4105349332819355,3.0,18.0,0.0,6.0,12.0,15.0,18.0,18.0,18.0
degree_id=60.111,failed_retake_ratio,127,0,0.10866141732283466,0.2338816346356523,0.0,1.0,78.74015748031496,0.0,0.0,0.0,0.0,0.5,0.6541666666666661
degree_id=60.111,withdrawn_retake_ratio,127,0,0.030064072873243784,0.1297562597898226,0.0,1.0,92.91338582677166,0.0,0.0,0.0,0.0,0.0,0.2
degree_id=60.111,previously_attempted_ratio,127,0,0.13872549019607844,0.2610104319128523,0.0,1.0,74.01574803149606,0.0,0.0,0.0,0.18823529411764706,0.5,0.75
degree_id=60.111,new_credit_ratio,127,0,0.801628840512583,0.3470945164279861,0.0,1.0,11.023622047244094,0.0,0.6458333333333333,1.0,1.0,1.0,1.0
degree_id=60.111,other_previous_ratio,127,0,0.05964566929133858,0.1700562244819764,0.0,1.0,86.61417322834646,0.0,0.0,0.0,0.0,0.25,0.5
degree_id=60.111,failed_backlog_consumption_ratio,31,96,0.786405529953917,0.3556557364260473,0.0,1.0,12.903225806451612,0.0,0.6,1.0,1.0,1.0,1.0
degree_id=60.111,withdrawn_backlog_consumption_ratio,22,105,0.4090909090909091,0.5032362797401964,0.0,1.0,59.09090909090909,0.0,0.0,0.0,1.0,1.0,1.0
degree_id=61.111,available_failed_credits,112,0,1.6160714285714286,3.1343649893948036,0.0,15.0,70.53571428571429,0.0,0.0,0.0,3.0,6.0,9.0
degree_id=61.111,available_withdrawn_credits,112,0,0.8303571428571429,2.3206413871764946,0.0,18.0,82.14285714285714,0.0,0.0,0.0,0.0,3.0,4.349999999999966
degree_id=61.111,registered_failed_retake_credits,112,0,1.3035714285714286,2.6907893805252554,0.0,12.0,75.0,0.0,0.0,0.0,0.5,6.0,7.349999999999966
degree_id=61.111,registered_withdrawn_retake_credits,112,0,0.5089285714285714,2.048930882342731,0.0,18.0,90.17857142857143,0.0,0.0,0.0,0.0,0.0,3.0
degree_id=61.111,registered_new_credits,112,0,11.535714285714286,6.614110729830636,0.0,18.0,13.392857142857142,0.0,6.0,13.0,18.0,18.0,18.0
degree_id=61.111,registered_other_previous_credits,112,0,0.42857142857142855,1.4439328533356686,0.0,9.0,90.17857142857143,0.0,0.0,0.0,0.0,0.0,3.0
degree_id=61.111,semester_total_registered_credits,112,0,13.776785714285714,4.571178453984537,2.0,21.0,0.0,6.0,11.75,15.0,18.0,18.0,18.0
degree_id=61.111,failed_retake_ratio,112,0,0.1402529761904762,0.28707973677418924,0.0,1.0,75.0,0.0,0.0,0.0,0.04166666666666665,0.5,1.0
degree_id=61.111,withdrawn_retake_ratio,112,0,0.041954622758194185,0.160552484139629,0.0,1.0,90.17857142857143,0.0,0.0,0.0,0.0,0.0,0.2602272727272725
degree_id=61.111,previously_attempted_ratio,112,0,0.1822075989486704,0.3204195416201804,0.0,1.0,67.85714285714286,0.0,0.0,0.0,0.2556818181818182,0.75,1.0
degree_id=61.111,new_credit_ratio,112,0,0.7831197820037106,0.35969400125905615,0.0,1.0,13.392857142857142,0.0,0.65625,1.0,1.0,1.0,1.0
degree_id=61.111,other_previous_ratio,112,0,0.03467261904761905,0.11385805030785315,0.0,0.6,90.17857142857143,0.0,0.0,0.0,0.0,0.0,0.25
degree_id=61.111,failed_backlog_consumption_ratio,33,79,0.7897546897546897,0.36465098247426425,0.0,1.0,15.151515151515152,0.0,0.75,1.0,1.0,1.0,1.0
degree_id=61.111,withdrawn_backlog_consumption_ratio,20,92,0.5333333333333333,0.5002923122143881,0.0,1.0,45.0,0.0,0.0,0.8333333333333333,1.0,1.0,1.0
degree_id=64.111,available_failed_credits,120,0,1.5666666666666667,3.193305322005997,0.0,15.0,73.33333333333333,0.0,0.0,0.0,3.0,6.0,9.0
degree_id=64.111,available_withdrawn_credits,120,0,0.775,2.112239243515928,0.0,18.0,80.83333333333333,0.0,0.0,0.0,0.0,3.0,3.0
degree_id=64.111,registered_failed_retake_credits,120,0,1.2,2.6492427965284686,0.0,12.0,79.16666666666666,0.0,0.0,0.0,0.0,6.0,6.0
degree_id=64.111,registered_withdrawn_retake_credits,120,0,0.275,1.5060801143778406,0.0,15.0,94.16666666666667,0.0,0.0,0.0,0.0,0.0,3.0
degree_id=64.111,registered_new_credits,120,0,12.458333333333334,6.634384374032678,0.0,18.0,11.666666666666666,0.0,6.0,15.0,18.0,18.0,18.0
degree_id=64.111,registered_other_previous_credits,120,0,0.55,1.6027811962414615,0.0,9.0,87.5,0.0,0.0,0.0,0.0,3.0,3.1499999999999915
degree_id=64.111,semester_total_registered_credits,120,0,14.483333333333333,4.373301991416011,3.0,18.0,0.0,6.0,12.0,17.0,18.0,18.0,18.0
degree_id=64.111,failed_retake_ratio,120,0,0.11353408029878616,0.25761485113262933,0.0,1.0,79.16666666666666,0.0,0.0,0.0,0.0,0.5,0.75
degree_id=64.111,withdrawn_retake_ratio,120,0,0.020486111111111108,0.10585065052378632,0.0,1.0,94.16666666666667,0.0,0.0,0.0,0.0,0.0,0.1666666666666666
degree_id=64.111,previously_attempted_ratio,120,0,0.1340201914098973,0.27763396507413246,0.0,1.0,75.83333333333333,0.0,0.0,0.0,0.0,0.5,0.7624999999999993
degree_id=64.111,new_credit_ratio,120,0,0.8129440943043884,0.3534277372921328,0.0,1.0,11.666666666666666,0.0,0.8333333333333334,1.0,1.0,1.0,1.0
degree_id=64.111,other_previous_ratio,120,0,0.05303571428571428,0.15985507955202247,0.0,1.0,87.5,0.0,0.0,0.0,0.0,0.25,0.40499999999999975
degree_id=64.111,failed_backlog_consumption_ratio,32,88,0.7197916666666666,0.4095507964083451,0.0,1.0,21.875,0.0,0.575,1.0,1.0,1.0,1.0
degree_id=64.111,withdrawn_backlog_consumption_ratio,23,97,0.25362318840579706,0.4109288727112708,0.0,1.0,69.56521739130434,0.0,0.0,0.0,0.5,1.0,1.0
degree_id=65.111,available_failed_credits,231,0,1.341991341991342,2.5554568076132465,0.0,11.0,73.16017316017316,0.0,0.0,0.0,3.0,5.0,8.0
degree_id=65.111,available_withdrawn_credits,231,0,0.48917748917748916,1.6546678948579585,0.0,15.0,87.87878787878788,0.0,0.0,0.0,0.0,3.0,3.0
degree_id=65.111,registered_failed_retake_credits,231,0,1.0173160173160174,1.9912097436425706,0.0,9.0,75.32467532467533,0.0,0.0,0.0,0.0,3.0,6.0
degree_id=65.111,registered_withdrawn_retake_credits,231,0,0.24675324675324675,1.0528121037510114,0.0,10.0,93.5064935064935,0.0,0.0,0.0,0.0,0.0,3.0
degree_id=65.111,registered_new_credits,231,0,11.917748917748918,5.720838046481905,0.0,20.0,8.225108225108226,3.0,6.0,15.0,16.0,17.0,17.0
degree_id=65.111,registered_other_previous_credits,231,0,0.4805194805194805,1.3280622327978748,0.0,8.0,85.71428571428571,0.0,0.0,0.0,0.0,2.0,3.0
degree_id=65.111,semester_total_registered_credits,231,0,13.662337662337663,3.976923837242493,2.0,20.0,0.0,6.0,12.5,15.0,16.0,17.0,17.0
degree_id=65.111,failed_retake_ratio,231,0,0.11103620935553708,0.24140486928010846,0.0,1.0,75.32467532467533,0.0,0.0,0.0,0.0,0.4166666666666667,0.641025641025641
degree_id=65.111,withdrawn_retake_ratio,231,0,0.020684147784988116,0.09435340139398836,0.0,0.7692307692307693,93.5064935064935,0.0,0.0,0.0,0.0,0.0,0.1764705882352941
degree_id=65.111,previously_attempted_ratio,231,0,0.1317203571405252,0.25962848692132334,0.0,1.0,71.86147186147186,0.0,0.0,0.0,0.1875,0.5,0.7596153846153846
degree_id=65.111,new_credit_ratio,231,0,0.8189833042774219,0.3193296121519894,0.0,1.0,8.225108225108226,0.25,0.7678571428571428,1.0,1.0,1.0,1.0
degree_id=65.111,other_previous_ratio,231,0,0.04929633858205286,0.15341980353525642,0.0,1.0,85.71428571428571,0.0,0.0,0.0,0.0,0.1666666666666666,0.3125
degree_id=65.111,failed_backlog_consumption_ratio,62,169,0.8120967741935484,0.3244174936203445,0.0,1.0,8.064516129032258,0.375,0.6318181818181818,1.0,1.0,1.0,1.0
degree_id=65.111,withdrawn_backlog_consumption_ratio,28,203,0.5059523809523809,0.4916633037280739,0.0,1.0,46.42857142857143,0.0,0.0,0.5833333333333333,1.0,1.0,1.0
degree_id=7.111,available_failed_credits,1055,0,2.5260663507109005,3.4939678535752607,0.0,23.0,49.38388625592417,0.0,0.0,2.0,4.0,7.0,9.0
degree_id=7.111,available_withdrawn_credits,1055,0,3.1582938388625594,4.171213008120971,0.0,24.0,44.170616113744074,0.0,0.0,2.0,5.0,8.0,12.299999999999955
degree_id=7.111,registered_failed_retake_credits,1055,0,1.1184834123222749,1.9107678432793833,0.0,12.0,67.86729857819905,0.0,0.0,0.0,2.0,4.0,5.0
degree_id=7.111,registered_withdrawn_retake_credits,1055,0,0.704265402843602,1.518928891335217,0.0,12.0,77.91469194312796,0.0,0.0,0.0,0.0,3.0,4.0
degree_id=7.111,registered_new_credits,1055,0,10.435071090047394,5.4319406732643545,0.0,21.0,7.677725118483412,3.0,6.0,12.0,15.0,17.0,18.0
degree_id=7.111,registered_other_previous_credits,1055,0,0.6227488151658768,1.8170220931351369,0.0,15.0,85.68720379146919,0.0,0.0,0.0,0.0,3.0,5.0
degree_id=7.111,semester_total_registered_credits,1055,0,12.880568720379147,4.295197403946512,2.0,21.0,0.0,6.0,9.0,14.0,16.0,18.0,18.0
degree_id=7.111,failed_retake_ratio,1055,0,0.10825846148399812,0.20671388243024935,0.0,1.0,67.86729857819905,0.0,0.0,0.0,0.1666666666666666,0.3831501831501832,0.5
degree_id=7.111,withdrawn_retake_ratio,1055,0,0.06501188533692605,0.15695886826698122,0.0,1.0,77.91469194312796,0.0,0.0,0.0,0.0,0.23348416289592766,0.4
degree_id=7.111,previously_attempted_ratio,1055,0,0.1732703468209242,0.24834017989053628,0.0,1.0,52.796208530805686,0.0,0.0,0.0,0.2857142857142857,0.5,0.6666666666666666
degree_id=7.111,new_credit_ratio,1055,0,0.7725047898226262,0.31054948355036405,0.0,1.0,7.677725118483412,0.25,0.6428571428571429,1.0,1.0,1.0,1.0
degree_id=7.111,other_previous_ratio,1055,0,0.05422486335644964,0.15555442353654372,0.0,1.0,85.68720379146919,0.0,0.0,0.0,0.0,0.2307692307692307,0.4166666666666667
degree_id=7.111,failed_backlog_consumption_ratio,534,521,0.4973771717257521,0.44085013175059257,0.0,1.0,36.51685393258427,0.0,0.0,0.5,1.0,1.0,1.0
degree_id=7.111,withdrawn_backlog_consumption_ratio,589,466,0.24526570066821116,0.3613796689080451,0.0,1.0,60.441426146010194,0.0,0.0,0.0,0.4285714285714285,1.0,1.0
degree_id=8.111,available_failed_credits,2880,0,2.2427083333333333,3.3715885270746417,0.0,26.0,53.09027777777777,0.0,0.0,0.0,3.0,6.0,9.0
degree_id=8.111,available_withdrawn_credits,2880,0,2.5614583333333334,3.967702269239145,0.0,33.0,51.701388888888886,0.0,0.0,0.0,4.0,7.0,11.0
degree_id=8.111,registered_failed_retake_credits,2880,0,1.0329861111111112,1.9066314794104087,0.0,15.0,70.69444444444444,0.0,0.0,0.0,2.0,3.0,5.0
degree_id=8.111,registered_withdrawn_retake_credits,2880,0,0.7930555555555555,1.8285928164772163,0.0,16.0,77.91666666666667,0.0,0.0,0.0,0.0,3.0,4.0
degree_id=8.111,registered_new_credits,2880,0,10.833333333333334,5.607455464874623,0.0,21.0,8.159722222222223,3.0,6.0,12.0,16.0,17.0,18.0
degree_id=8.111,registered_other_previous_credits,2880,0,0.528125,1.6654678665942093,0.0,15.0,87.22222222222223,0.0,0.0,0.0,0.0,2.0,4.0
degree_id=8.111,semester_total_registered_credits,2880,0,13.1875,4.395786845804495,2.0,21.0,0.0,7.0,9.0,14.0,17.0,18.0,18.0
degree_id=8.111,failed_retake_ratio,2880,0,0.09884427327792748,0.2026440457703385,0.0,1.0,70.69444444444444,0.0,0.0,0.0,0.13571428571428568,0.3333333333333333,0.5
degree_id=8.111,withdrawn_retake_ratio,2880,0,0.07023686237784212,0.1730200669888631,0.0,1.0,77.91666666666667,0.0,0.0,0.0,0.0,0.25,0.40058823529411447
degree_id=8.111,previously_attempted_ratio,2880,0,0.1690811356557696,0.25888760787080783,0.0,1.0,55.3125,0.0,0.0,0.0,0.25,0.5,0.778174603174601
degree_id=8.111,new_credit_ratio,2880,0,0.7843732333684523,0.3098614181646212,0.0,1.0,8.159722222222223,0.25,0.6666666666666666,1.0,1.0,1.0,1.0
degree_id=8.111,other_previous_ratio,2880,0,0.04654563097577803,0.1477820825229841,0.0,1.0,87.22222222222223,0.0,0.0,0.0,0.0,0.1666666666666666,0.375
degree_id=8.111,failed_backlog_consumption_ratio,1351,1529,0.5020433212296685,0.44519983104587973,0.0,1.0,37.52775721687639,0.0,0.0,0.5,1.0,1.0,1.0
degree_id=8.111,withdrawn_backlog_consumption_ratio,1391,1489,0.31694297254668385,0.40334306727119573,0.0,1.0,54.27749820273184,0.0,0.0,0.0,0.6,1.0,1.0
