tree
version=v4
num_class=1
num_tree_per_iteration=1
label_index=0
max_feature_idx=32
objective=binary sigmoid:1
feature_names=gpa_prev_1 gpa_prev_2 gpa_trend_delta gpa_trend_missing start_agpa_points start_total_in_courses start_total_in_credits prior_total_reg_courses prior_total_reg_credits prior_total_fail_courses prior_total_fail_credits prior_fail_credit_ratio prior_registered_semesters observed_gap_semesters diploma_gpa course_credits attempt_number plan_year_order plan_semester_order plan_credits_count degree_credits_count course_history_avg_mark course_history_fail_rate course_history_avg_attempt course_history_retake_rate course_history_effective_support course_history_fallback_level course_history_missing plan_course_type_id plan_requirement_type_id diploma_type_id grade_version_id part_semester
feature_infos=[0:4] [0:4] [-4:4] [0:1] [0:4] [0:81] [0:250] [0:169] [0:495] [0:95] [0:277] [0:1] [0:35] [0:2] [9.6499996185302734:100] [0:24] [1:5] [1:6] [1:2] [4:210] [72:251] [50.046512603759766:93.041046142578125] [0.0024035871028900146:0.53361159563064575] [1:1.9865478277206421] [0:0.50827360153198242] [0:15240.75] [1:6] [0:1] -1:4:2:3 -1:4:6:2:3:5:7 -1:3:4:2:5 -1:3 -1:2:3:4
tree_sizes=6771 6923 6953 6965 6972 6924 6954 6938 6953 6923 6979 6963 7004 6949 6959 6976 6979 6997 6946 6980 6989 6988 6986 7000 6962 6957 6966 6950 6967 6992 6950 6965 7020 6949 6994 7006 7025 7019 7004 6941 6914 7028 6985 7027 7005 6988 7009 7002 6976 7005 6970 7058 7021 6952 7014 7001 6982 6996 6982 7027 6919 6992 6986 7026 6963 6995 7032 6954 7050 6961 6965 7021 6989 6931 6966 6966 7001 6994 6991 7031 6982 7012 6986 6999 6964

Tree=0
num_leaves=63
num_cat=2
split_feature=11 22 11 0 0 20 22 22 0 0 1 11 22 21 0 22 11 16 19 0 22 1 11 9 1 1 23 0 21 11 24 23 11 19 25 22 20 22 21 0 1 23 1 0 7 32 11 5 5 22 16 12 32 5 1 1 0 22 21 5 22 1
split_gain=10903.5 3546.06 1803.08 1037.69 857.013 814.413 644.28 439.705 423.151 297.59 259.765 248.748 237.973 174.862 135.08 133.991 121.65 113.315 113.031 112.183 112.889 71.8044 71.6743 67.5426 67.337 60.9973 60.6946 59.7664 59.1649 59.0996 57.2408 65.8611 54.3784 50.126 49.6941 49.1506 46.2697 54.6275 44.7156 44.1097 44.1001 42.1265 41.5134 41.1079 46.6471 38.2587 38.1675 37.8838 37.4575 37.2429 49.1714 36.6795 36.1565 35.7919 38.5196 35.3612 34.8664 34.8263 34.616 34.5283 33.9651 33.2456
threshold=0.10838299617171289 0.084876112639904036 0.25356170535087591 2.4750000238418584 2.0949999094009404 79.000000000000014 0.070718556642532363 0.03614510782063008 1.1349999904632571 2.054999947547913 1.935000002384186 0.37640480697155004 0.19607897847890857 74.533176422119155 2.2649999856948857 0.16155823320150378 0.46678280830383306 1.5000000000000002 11.500000000000002 2.7549999952316289 0.069005299359560027 1.4049999713897707 0.047675872221589095 3.5000000000000004 2.1650000810623173 1.5349999666213991 1.1662948131561282 2.6650000810623173 77.16318511962892 0.19489352405071261 0.23804991692304614 1.3153603076934817 0.15560796856880191 21.500000000000004 302.12500000000006 0.02731382101774216 184.00000000000003 0.14145641028881076 70.066753387451186 2.5649999380111699 2.0249999761581425 1.0013249516487124 2.5249999761581425 1.0000000180025095e-35 5.5000000000000009 0 0.41498298943042761 35.500000000000007 35.500000000000007 0.17265895754098895 2.5000000000000004 2.5000000000000004 1 42.500000000000007 2.3149999380111699 0.70499998331069957 1.9950000047683718 0.16758911311626437 63.460294723510749 33.500000000000007 0.18932993710041049 2.5349999666213994
decision_type=8 8 10 8 8 2 8 10 10 8 10 10 10 10 10 10 10 2 8 10 8 8 10 2 10 8 10 10 10 10 10 10 8 10 2 10 2 8 10 10 8 10 8 8 2 1 10 2 2 10 2 8 1 2 8 8 10 8 10 2 10 8
left_child=3 4 5 6 7 30 35 17 16 21 15 18 27 32 25 41 23 28 -9 20 -5 48 -12 -4 60 49 -23 36 -2 45 56 -32 -6 -13 53 -1 37 -11 -34 58 59 -8 -38 -18 -45 -20 -19 -47 -7 51 -51 -10 -46 54 -31 -25 -3 -57 -14 -37 -22 -16
right_child=1 2 8 19 13 9 10 11 14 12 22 33 39 -15 61 -17 43 46 29 -21 24 26 -24 55 -26 -27 -28 -29 -30 34 31 -33 38 -35 -36 40 42 -39 -40 -41 -42 -43 -44 44 52 47 -48 -49 -50 50 -52 -53 -54 -55 -56 57 -58 -59 -60 -61 -62 -63
leaf_value=-2.4521251182536261 -2.4108209680496091 -2.256159032799963 -2.3575861135804983 -2.4542106218081732 -2.4324424583224551 -2.3204780000054801 -2.4194011160354312 -2.4124152185952865 -2.3808536843563703 -2.3969096223307944 -2.4276471212293771 -2.373825213551243 -2.3391976196594491 -2.4435155769551162 -2.3560265177012925 -2.3406357139060407 -2.2062200821739832 -2.3868164302825634 -2.4047997361765443 -2.4570552650550339 -2.4249454253482057 -2.3751909057537115 -2.407707448006235 -2.2467949652048351 -2.4428955393383296 -2.3349451008372784 -2.350140338257344 -2.4231167518503423 -2.4384395557149143 -2.3581087831353957 -2.3776478398482657 -2.2781519335139007 -2.398406433981175 -2.3102835371784001 -2.3408999510007358 -2.4073179421011552 -2.3774010809476871 -2.3755172074667743 -2.4191923805177087 -2.4072994632209128 -2.4422515944718532 -2.3874299331852624 -2.4150901817573813 -2.3337437278400097 -2.3493109238763257 -2.3622984837970677 -2.3112374258534332 -2.3980715435305249 -2.3641221165865103 -2.2577907217056645 -2.3302197225791246 -2.31371548841213 -2.2443594155092432 -2.3996427363462565 -2.3972836848710046 -2.3180628901235405 -2.358202311498887 -2.2768897783108057 -2.3869699815301324 -2.4363710483267149 -2.3807759683195844 -2.4036693508125877
leaf_weight=630.01294167339802 259.49987997859716 94.349945515394211 32.406992025673389 1273.0299629494548 296.78574746847153 108.83645266294479 83.5413598716259 153.17792467027903 17.958014689385891 487.68113245815039 644.06785599142313 29.911259576678276 177.74118614196777 735.39665170013905 108.27350549399853 91.553974576294422 43.497051253914833 69.223736874759197 131.823462061584 4700.5150361731648 275.20610599219799 412.58398012071848 519.03728976845741 37.961404092609882 736.56007584929466 304.57318330556154 273.04814184457064 116.51129906624556 234.05466794222593 199.86500988155603 24.394377321004868 21.485816948115826 246.75850905478001 107.52290926873684 108.53621417284012 114.72863303124905 57.345551609992981 325.25210931152105 492.9353060349822 22.086293928325176 940.44077553600073 301.51450368762016 225.87316908687353 22.46159204095602 9.8328105509281158 119.26974019408226 11.746830925345419 84.929962888360023 59.29710179567337 56.91395878046751 34.058303721249104 148.76817184686661 77.630414597690105 69.280031591653824 54.737229727208614 116.19229567050934 9.3073931932449323 86.900277979671955 33.082528628408909 146.79785675555468 28.954249389469624 32.331932403147221
leaf_count=9631 4448 1806 701 20990 5280 1885 4452 2820 369 8919 11757 586 3262 11428 1990 1843 935 1043 2090 81109 6839 10113 9675 739 13374 7219 4135 2660 3662 3793 325 287 4705 2133 1446 1995 1151 8768 8551 385 16826 5250 5800 486 203 2210 185 1736 1117 1107 600 2807 1707 1601 1054 2112 142 2054 638 2540 556 1177
internal_value=-2.41885 -2.38013 -2.35234 -2.44464 -2.40937 -2.3717 -2.42674 -2.38848 -2.31055 -2.37767 -2.40854 -2.37322 -2.38881 -2.42863 -2.33016 -2.38373 -2.27884 -2.41669 -2.38088 -2.45349 -2.44621 -2.35893 -2.41875 -2.29709 -2.43637 -2.32129 -2.36503 -2.396 -2.42393 -2.37464 -2.28174 -2.32695 -2.41804 -2.32321 -2.36477 -2.44303 -2.39311 -2.38826 -2.41223 -2.35189 -2.43822 -2.39435 -2.40719 -2.24836 -2.26861 -2.38761 -2.37342 -2.37679 -2.335 -2.30596 -2.28233 -2.32036 -2.25425 -2.37322 -2.36627 -2.28956 -2.26392 -2.29919 -2.34629 -2.4236 -2.42049 -2.36656
internal_weight=17470.1 6984.09 3578.64 10486 3405.46 2448.88 3471.7 1633.58 1129.76 2299.34 1639.71 1059.05 1445.57 1771.88 702.877 476.61 426.883 574.525 921.62 7014.27 2313.75 853.766 1163.11 273.461 1040.72 562.272 685.632 1212.66 493.555 768.442 149.538 45.8802 1036.48 137.434 432.418 1831.98 1096.15 812.933 739.694 232.91 1201.97 385.056 283.219 153.422 109.925 336.023 80.9706 204.2 168.134 257.698 90.9723 166.726 87.4632 323.882 254.602 241.054 103.657 203.093 210.824 261.526 304.16 140.605
internal_count=321207 134370 75599 186837 58771 51393 63969 28807 24206 48833 32977 19469 31583 29964 15269 11545 8937 9338 16750 122868 41759 17250 21432 5606 20769 12102 14248 27298 8110 13930 2560 612 18536 2719 7894 30992 24638 17687 13256 4285 21361 9702 6951 3331 2396 6036 1228 3946 3002 4883 1707 3176 1910 6448 4847 4905 1948 4166 3900 4535 7395 3167
cat_boundaries=0 1 2
cat_threshold=4 16
is_linear=0
shrinkage=1


Tree=1
num_leaves=63
num_cat=2
split_feature=11 22 11 0 22 0 22 0 0 1 14 26 11 21 21 4 1 1 14 11 1 26 22 4 22 22 22 14 7 22 7 0 0 28 6 1 16 12 23 10 6 1 1 0 0 25 0 0 1 6 26 16 2 32 17 21 25 0 22 25 21 0
split_gain=10026.8 3001.06 1558.39 963.626 565.816 562.213 501.141 390.666 285.721 219.429 215.507 214.117 180.379 168.629 155.799 125.159 124.006 119.481 105.319 171.966 99.3631 101.437 97.5919 88.5012 82.7896 78.7914 78.5582 71.3422 70.3154 65.3885 57.8747 67.778 53.9536 52.8726 50.364 50.03 48.3862 47.104 46.4454 44.5671 44.4399 44.2529 44.0889 39.8663 39.335 38.4984 38.1321 37.0018 36.8342 36.6726 36.106 34.682 34.3078 33.7142 33.703 33.4865 33.4401 33.1694 32.3656 29.5265 31.2209 29.485
threshold=0.10838299617171289 0.069005299359560027 0.25845077633857733 2.4750000238418584 0.070718556642532363 1.8350000381469729 0.13181531429290774 0.92500001192092907 2.0349999666213994 2.1750000715255742 78.58499908447267 1.5000000000000002 0.37640480697155004 74.533176422119155 75.258960723876967 2.2050000429153447 1.0549999475479128 2.4050000905990605 87.184997558593764 0.25645792484283453 2.185000061988831 1.5000000000000002 0.13746111840009692 2.5049999952316289 0.1782375052571297 0.18932993710041049 0.070410095155239119 91.979999542236342 38.500000000000007 0.193641372025013 12.500000000000002 1.6349999904632571 2.1350001096725468 0 103.25000000000001 2.0649999380111699 1.5000000000000002 4.5000000000000009 1.0350533723831179 12.750000000000002 7.5000000000000009 2.6049998998641972 1.6250000000000002 2.4650000333786015 2.1350001096725468 217.37500000000003 1.5049999952316286 2.7549999952316289 1.3849999904632571 156.25000000000003 3.5000000000000004 2.5000000000000004 0.6850000023841859 1 2.5000000000000004 60.34489822387696 677.12500000000011 2.8149999380111699 0.069665897637605681 164.62500000000003 63.725015640258796 0.88499999046325695
decision_type=8 8 10 10 8 8 10 10 8 10 10 2 10 10 10 2 10 8 10 8 8 2 10 2 10 10 10 10 2 10 2 10 8 9 2 8 2 8 10 2 2 10 8 8 10 2 10 10 8 2 2 2 10 1 8 8 2 8 8 2 10 10
left_child=3 5 6 4 35 12 8 16 53 22 11 24 14 32 33 25 39 26 19 43 34 -22 42 44 -8 30 -5 -23 -17 47 -9 -32 52 38 46 -1 -14 -24 -2 55 -27 59 -6 -10 -11 -38 -12 58 -40 61 -34 -42 -7 -3 -44 -4 -55 -31 -19 60 -26 -41
right_child=1 2 7 17 9 13 10 15 18 23 20 -13 36 -15 -16 28 -18 29 -20 -21 21 27 37 -25 41 40 -28 -29 -30 57 31 -33 50 -35 -36 -37 45 -39 48 49 51 -43 54 -45 -46 -47 -48 -49 -50 -51 -52 -53 -54 56 -56 -57 -58 -59 -60 -61 -62 -63
leaf_value=-0.011757637452165782 0.0076888945800940656 0.036596226423266591 0.16390328449833211 -0.031537221587618972 0.041476625381082377 0.008910031011146546 0.048143988876383388 0.048535356677718494 0.019212846944311818 0.014035383394262814 0.11229293715732393 0.14364607747685262 0.048878540383018212 -0.023279166876056072 -0.0052318594789594964 0.063189629299503128 0.096667621223912745 -0.037112916458524103 0.0015284030862072796 0.050761898382410013 0.024574822446856995 0.09372964105267112 0.071315738596338843 -0.023188796167743685 0.1054355997178166 0.046948223898235754 -0.010344572156817933 0.035340810600995455 -0.0021867171056840322 0.006322181420340434 0.097045635230972052 0.067329063823373392 -0.0065740409856021977 0.014133780735671286 0.04190641360375099 -0.027484415540910669 0.062000233288702952 0.031104536863129029 0.070934958654276889 0.16666531485414729 0.12419630963813762 0.0086700572683589602 0.021304294999673491 -0.0064637894060380211 -0.0054397367599470659 0.13863392212347989 0.064772001673686977 -0.039507466295403436 0.038347250839986552 0.038392462281588005 0.052361607254310931 0.078821838669996286 0.044071876200570063 0.052785330959339953 -0.0011693146609858104 0.088130010615479593 0.11851848782660909 -0.02685816994651162 -0.025064855345394092 0.058038195777911923 0.061006689762094418 0.048369542324805635
leaf_weight=432.49185126461089 57.611252631992102 284.29051838256419 16.464820131659508 646.49474945291877 88.306203547865152 217.90548694320023 197.41919504851103 120.32062214054167 241.28581241331995 315.29800770245492 48.720982667058706 71.431779561564326 85.767864517867565 860.68744554929435 258.72743352130055 59.225603740662336 167.47345114685595 865.22467811591923 518.8699390925467 260.84185294434428 379.25180788338184 67.932972310110927 86.205410534515977 271.41527652181685 143.25646383501589 23.633765300735831 499.72480755113065 72.97891041263938 45.543193250894547 78.257542889565229 249.04845836944878 309.58719325065613 613.51953902095556 175.89776897989213 88.810941992327571 1365.4498094189912 29.345564313232899 113.61966664344072 80.059064880013466 145.63944911770523 129.8655299525708 12.672003360465167 220.53377387300134 158.70452951081097 345.47644441761076 23.415790267288685 96.474289400503039 3938.0037564113736 226.6551944501698 5.5192751716822377 15.084709882736204 55.023078706115484 54.627949019894004 378.97894438169897 203.62902945838869 52.168943079188466 12.540490865707396 119.60164810344577 656.60566151887178 57.006672946736217 44.554339811205864 5.6817094273865214
leaf_count=7267 1500 5635 248 10612 1507 3837 3448 2465 5208 5885 860 892 1524 13691 4153 1035 2806 14788 11077 6793 7322 888 1772 5094 2788 457 8985 940 1106 1531 4923 6653 10882 2986 1704 23791 548 2063 1213 2910 2399 196 5286 3547 6455 288 1680 70532 3465 110 200 866 916 7407 4812 1107 160 2309 13988 721 773 106
internal_value=-3.98135e-05 0.0360564 0.0559749 -0.0254794 -0.00822439 0.00267397 0.040319 0.0913042 0.0269804 0.00872396 0.0595688 0.0792977 0.0276692 -0.0106379 0.0202432 0.0776055 0.125307 -0.0342034 0.0150477 0.025614 0.0456159 0.0356015 0.025408 -0.00404302 0.0685914 0.0825138 -0.0223388 0.0644636 0.0351869 -0.0365969 0.0753278 0.0808904 0.00145182 0.0324329 0.0673522 -0.0237231 0.0695435 0.0490263 0.0411205 0.145506 0.104936 0.0837459 0.0160283 0.00902373 0.00385534 0.0999779 0.0820813 -0.0374176 0.0472837 0.15917 -0.00498548 0.111724 0.0162569 0.0476927 0.0105417 0.110547 0.0555028 -0.0137627 -0.0319597 0.0874977 0.0956918 0.162965
internal_weight=17466.9 7220.52 4521.22 10246.3 3442.43 2699.31 3136.02 1385.2 1855.51 1644.48 1280.51 526.34 937.48 1761.83 798.951 992.247 392.948 6803.91 1179.7 660.832 754.17 520.164 712.294 932.19 454.909 887.479 1146.22 140.912 104.769 5657.69 678.956 558.636 901.138 540.223 234.006 1797.94 138.529 199.825 364.326 225.474 208.522 257.489 512.469 399.99 660.774 52.7614 145.195 5459.83 306.714 156.84 628.604 184.889 272.533 675.81 424.163 68.6338 391.519 197.859 1521.83 244.817 187.811 151.321
internal_count=321110 134433 89230 186677 63932 45203 62039 27191 39827 32874 22212 8818 15677 29526 13317 19904 7287 122745 26625 15548 13394 9150 15440 17434 7926 17763 19597 1828 2141 103148 14041 11576 15835 9164 4244 31058 2360 3835 6178 4481 3722 4478 11605 8755 12340 836 2540 99308 4678 3126 11082 3265 4753 13202 10098 1355 7567 3840 28776 4282 3561 3016
cat_boundaries=0 1 2
cat_threshold=16 4
is_linear=0
shrinkage=0.04


Tree=2
num_leaves=63
num_cat=2
split_feature=0 22 10 10 20 22 4 10 0 22 17 6 22 22 16 22 2 4 5 4 0 21 4 20 4 21 20 4 0 5 24 22 21 4 25 10 22 4 22 4 6 25 21 10 22 2 16 26 4 24 19 0 25 24 32 5 24 6 29 22 24 8
split_gain=8279.41 2496.35 1016.69 882.425 762.724 524.857 481.413 451.523 342.093 240.648 226.75 217.036 181.575 180.418 174.027 143.62 130.446 103.549 99.0892 98.4805 96.2479 88.1325 84.2481 96.8481 81.4357 78.0411 67.4457 66.6842 63.6416 62.9988 62.701 60.057 53.8734 53.2145 52.0873 51.305 48.1585 47.1408 46.679 45.594 45.5354 46.1448 46.5137 44.8784 44.178 43.8478 43.6183 43.0775 42.6123 42.5051 40.8486 40.3892 38.8272 40.8166 38.3854 38.0149 36.8489 35.9237 35.587 36.6849 36.0147 34.8959
threshold=2.1350001096725468 0.069005299359560027 5.5000000000000009 9.2500000000000018 79.000000000000014 0.098846774548292174 2.0249999761581425 10.250000000000002 2.6350001096725468 0.069665897637605681 4.5000000000000009 62.500000000000007 0.20162245631217959 0.18043268471956256 1.5000000000000002 0.053768806159496314 0.2950000017881394 2.2350000143051152 39.500000000000007 2.2949999570846562 1.1250000000000002 75.359088897705092 0.35500000417232519 184.00000000000003 2.3649998903274541 74.03781890869142 177.50000000000003 2.1650000810623173 1.5349999666213991 33.500000000000007 0.23804991692304614 0.16758911311626437 67.775608062744155 0.35500000417232519 677.12500000000011 20.250000000000004 0.074320640414953246 2.5149999856948857 0.17032737284898761 2.1350001096725468 5.5000000000000009 24.125000000000004 65.778343200683608 77.250000000000014 0.18043268471956256 -0.90500000119209278 4.5000000000000009 1.5000000000000002 2.5149999856948857 0.1018965281546116 59.500000000000007 3.1049998998641972 84.125000000000014 0.098091084510087981 0 21.500000000000004 0.028551626950502399 88.250000000000014 1 0.17500815540552142 0.13638249784708026 30.500000000000004
decision_type=10 8 2 2 2 10 2 2 10 8 10 2 10 8 2 8 8 2 2 2 10 10 2 2 2 10 2 2 10 2 10 10 10 2 2 2 8 2 10 2 2 2 8 2 10 8 2 2 2 10 10 10 2 10 1 2 10 2 9 10 10 2
left_child=1 7 8 4 30 15 13 26 9 -2 14 31 17 20 21 -4 48 22 39 29 45 27 23 40 43 56 55 32 -16 -17 61 -7 -9 -22 44 -31 -10 -33 -18 -8 41 42 -6 -13 -20 -5 54 -14 -11 -28 -44 -38 53 -43 -15 -1 -12 -34 59 60 -54 -3
right_child=2 3 5 6 12 11 18 10 36 16 25 24 47 46 28 19 38 -19 34 -21 33 -23 -24 -25 -26 -27 49 -29 -30 35 -32 37 57 -35 -36 -37 51 -39 -40 -41 -42 52 50 -45 -46 -47 -48 -49 -50 -51 -52 -53 58 -55 -56 -57 -58 -59 -60 -61 -62 -63
leaf_value=0.012924562815092027 -0.030560568746254554 0.12589387916086309 -0.023493584081729524 0.070856362616038115 0.10333710848234405 0.04134002254628192 0.071322571975382013 0.077479843285753469 -0.039996540397682537 -0.0061851829305774883 -0.02170138269380913 0.016789510086184092 0.045243187555491532 0.12724314203528059 0.077157618237552072 0.023521387440627907 0.0069842951953101445 -0.000352290577833971 0.023690501771460776 -0.016468017076435457 0.031497283562994631 -0.0022769147246648378 0.038809847278441306 -0.0011408839867742635 -0.011271081183062586 -0.025688951922719656 -0.021789974374938858 0.0013728317208341213 0.026488589566496256 -0.021491441774832136 0.065111815914963123 0.097032028360969386 0.043782193347624614 0.068346029500064701 0.10706993644307591 0.011018675901924886 -0.026957316513574497 -0.0014881025016177749 0.04384174742031479 0.045581564445819893 -0.00047952836996052565 0.042975530564271579 0.024894016530597179 0.067324228724098018 0.0564961013042031 0.10291880252454146 0.023294511072543562 0.081064580280918522 -0.025215051983385427 0.012310614931172288 0.070886562504421088 -0.039208360455206578 0.028110581323579607 -0.0089365753046975766 0.097208265552232637 -0.015721632984399266 0.016545089378862114 0.017945564454485818 -0.013162631685338771 -0.004784359985755114 0.059988589402522059 0.044313530446305781
leaf_weight=188.04757706448436 1260.8998780753464 141.07374290004373 1122.1099095288664 139.11859688535333 20.412312392145395 158.17564545571804 259.59084884636104 44.97748601064086 3060.9376272521913 409.17409681528807 48.434368427842855 395.67915127426386 222.73027970455587 155.35606257990003 141.00380243174732 247.25714010186493 336.81656164489686 290.97342139668763 345.73874766379595 456.13630288466811 80.033717283979058 197.67336621508002 514.50639051571488 279.65557792410254 182.65995409339666 177.21682138182223 929.24978865869343 109.71377782151103 59.624353978782892 137.88661013171077 54.067886058241129 66.235916474834085 177.43687332607806 441.9650248978287 13.089668110013006 172.47169015370309 1162.0628198087215 8.521955266594885 64.204469040036201 227.30241117067635 85.691283036023378 30.497437227517366 105.41490574553609 28.786371426656842 82.250725235790014 215.6779466252774 11.143881971016524 78.165611850097775 351.83797691389918 60.851516617462039 44.893622959032655 724.49232548475266 157.70040955394506 93.117560595273972 246.96004340611398 119.44023539125919 198.95385165140033 177.44109633937478 26.102888498455286 31.372618788853288 95.520570171996951 12.242019092664121
leaf_count=3020 22011 2290 19179 2219 798 2510 4749 743 51918 7544 1340 6848 4302 2739 2089 5289 8247 5729 7081 10131 1252 3234 10044 5823 3483 3239 15986 1798 908 2718 629 968 2938 7436 158 4147 24172 118 1192 4085 1604 631 3762 553 1554 3400 136 915 6778 909 2005 15007 2005 1863 5007 1763 3130 3057 366 402 1194 158
internal_value=5.5818e-06 0.0331581 -0.0228499 0.0512382 0.0337328 -0.00311081 0.0692136 0.00218851 -0.0308157 -0.0184711 0.0185327 0.0236364 0.0263619 0.0850506 0.0297988 -0.0136468 -0.00531627 0.0214403 0.0470497 -0.00271488 0.074367 0.0203468 0.0257108 0.0186918 0.0109472 -0.0055639 -0.0145916 0.0291133 0.0625489 0.00853971 0.10655 0.0563014 0.0366602 0.0628534 0.033018 -0.0034445 -0.0368497 0.0859509 0.0130934 0.0595576 0.0267132 0.0305666 0.0482289 0.0205351 0.0302471 0.0908369 0.10722 0.055049 -0.0150368 -0.0196655 0.0394339 -0.0317029 0.0234162 0.00428746 0.109398 0.00174173 0.00891102 0.0310591 0.0309252 0.0343221 0.0405429 0.120086
internal_weight=17478.8 7132.43 10346.3 4502.37 2284.14 2975.92 2218.23 2630.06 7370.43 2422.93 1332.48 840.059 2076.75 1290.26 907.871 2135.86 1162.03 1775.86 927.972 1013.75 876.795 707.243 1484.89 970.379 607.125 424.605 1297.59 509.569 200.628 557.615 207.384 232.934 399.855 521.999 441.079 310.358 4947.49 74.7579 401.021 486.893 690.724 605.032 170.721 424.466 427.989 354.797 413.46 300.896 761.012 990.101 150.309 1886.56 434.311 123.615 402.316 307.488 247.388 354.878 310.696 284.594 253.221 153.316
internal_count=321303 128490 192813 84336 44520 55944 39816 44154 136869 45772 22476 14480 41443 22189 14767 41464 23761 36226 17627 22285 14307 11770 30497 20453 10884 7709 21678 8536 2997 12154 3077 3596 6738 8688 8793 6865 91097 1086 9439 8834 14630 13026 6565 7401 8635 5619 7882 5217 14322 16895 5767 39179 6461 2494 7746 4783 4470 5995 3967 3601 3199 2448
cat_boundaries=0 1 2
cat_threshold=8 20
is_linear=0
shrinkage=0.04


Tree=3
num_leaves=63
num_cat=2
split_feature=11 22 11 0 22 0 20 0 0 1 22 21 11 0 21 22 1 4 0 14 0 22 14 1 1 22 22 0 2 1 23 23 28 1 22 20 32 20 24 0 1 1 25 20 0 4 10 4 24 20 21 21 5 5 25 25 20 22 22 22 25 11
split_gain=8392.51 2238.79 1091.74 883.365 500.965 462.842 418.173 298.391 199.157 194.151 185.276 161.775 137.059 120.369 119.425 117.283 95.3293 89.6535 87.2814 86.3221 135.277 83.9424 66.8906 66.3366 65.7914 62.8766 52.2447 49.1651 48.6347 46.4787 45.9249 40.4123 43.2196 39.964 39.5605 38.9347 35.6058 34.5997 33.2184 33.1133 32.9916 32.3241 32.0475 53.5258 39.8677 31.2 50.2587 29.951 29.7546 41.0054 35.356 31.4698 29.6118 29.4131 29.2582 54.0125 28.4989 27.6187 27.1775 27.1191 27.0851 27.0217
threshold=0.10534475743770601 0.069005299359560027 0.25845077633857733 2.4750000238418584 0.070718556642532363 1.8350000381469729 79.000000000000014 1.9650000333786013 0.92500001192092907 1.8949999809265139 0.19607897847890857 74.533176422119155 0.37640480697155004 2.7549999952316289 75.258960723876967 0.098846774548292174 1.0549999475479128 2.5049999952316289 2.685000061988831 90.005001068115249 2.2749999761581425 0.11901463195681573 83.305000305175795 2.1950000524520878 1.3849999904632571 0.12391588091850282 0.13181531429290774 2.3750000000000004 0.69499999284744274 2.0049999952316289 1.1662948131561282 1.0350533723831179 0 2.5849999189376835 0.139328308403492 159.00000000000003 1 177.50000000000003 0.034154307097196586 1.9550000429153445 1.6549999713897707 2.4650000333786015 71.375000000000014 79.000000000000014 1.0000000180025095e-35 2.0849999189376835 17.250000000000004 2.1650000810623173 0.13638249784708026 218.00000000000003 64.822723388671889 64.206577301025405 41.500000000000007 33.500000000000007 213.25000000000003 164.62500000000003 177.50000000000003 0.028922154568135742 0.086935181170701994 0.053186543285846717 50.125000000000007 0.20519568026065829
decision_type=8 8 10 10 8 8 2 8 10 10 10 10 10 10 10 10 10 2 10 10 10 10 10 10 8 10 10 10 10 8 10 10 9 8 8 2 1 2 10 10 8 8 2 2 8 2 2 2 10 2 10 10 2 2 2 2 2 10 10 8 2 8
left_child=3 5 6 4 29 12 22 24 16 21 19 27 14 15 31 59 42 26 25 20 34 -6 54 -17 52 45 39 28 -7 53 36 -2 47 -21 -9 -28 -26 -16 -14 -11 -22 -15 43 -4 -45 46 -10 -33 -35 50 51 -50 58 -1 55 -3 61 -31 -8 -5 -40 -13
right_child=1 2 8 13 9 11 7 10 18 17 -12 56 38 41 37 23 -18 -19 -20 33 40 -23 -24 -25 30 -27 35 -29 -30 57 -32 32 -34 48 -36 -37 -38 -39 60 -41 -42 -43 -44 44 -46 -47 -48 -49 49 -51 -52 -53 -54 -55 -56 -57 -58 -59 -60 -61 -62 -63
leaf_value=0.0035643650770458492 0.00023652538046414626 0.092260208011970005 0.14271300585624835 -0.035652633181294427 0.016139792988009709 0.0024004104238967909 0.040653099935598729 0.027118820566537038 0.037635380852662596 0.013174988473255779 0.051092130212465267 -0.018736677577342719 0.026279923230776339 -0.027766264827309376 0.020781728278387559 0.012848453053905425 0.073640567557184358 -0.020675002045951386 0.01471391568436803 0.022688598767356519 0.024096937355438351 0.051334014051696741 0.017423775397860299 -0.018238782356988625 0.022542571857638714 0.077569228329459575 0.055061291328830565 -0.012323821285060526 0.031458616926586289 -0.034236685233666055 0.055040570601982398 0.04472188413274885 0.015090577598294384 -0.007979736569030468 0.047459661106256962 0.01307482806575439 0.043379660391125403 -0.01304663025285762 0.025881155287104291 -0.0072685809025748753 -0.0024281006121106593 -0.038671958394011843 0.13049694677757853 0.11191676589027065 0.059875267298984153 0.038822471870512007 0.071516170955653935 0.0071412338656272776 0.016628778550320703 -0.011902336323539429 0.013031678764660196 0.09953988574648559 0.038673877210854309 -0.019643920925472604 0.12372344507489542 0.0077041918343719188 -0.026489914277055326 -0.022129240726129734 0.084394434506670848 -0.024951854625241691 0.080130564958022718 0.016290846387555041
leaf_weight=144.26678508147597 75.390053816139698 112.6553969476372 34.200371319428086 908.96652783825994 290.57391810417175 516.26532606594265 35.481184849515557 475.567890657112 103.68531084060669 176.61772441677749 292.77080246247351 106.20468242652714 41.541518803685904 526.78281736187637 61.659571973606944 152.65646762773395 194.57943785004318 278.65822341293097 54.185679664835334 165.69889760576189 99.669153243303299 174.82779335230589 19.932623254135251 377.17313915863633 224.48408487252891 534.21334704197943 40.202205713838339 286.41947560012341 110.50429013185203 496.48331364244223 306.87848811410367 288.45000775158405 170.35963282547891 299.73494940437376 238.33991260267794 240.21051959134638 352.94642682187259 199.0393242854625 21.120435323566198 434.19851890951395 283.64679383300245 3739.7058438602835 120.36715300194919 44.527238691225648 73.594850461930037 129.49510148353875 292.6465851329267 39.961079137399793 15.32715409807861 78.580963280051947 117.39143140800297 14.599731514230369 53.406558260321617 215.54657248966396 57.416435904800892 14.173779450356959 682.62514340877533 846.70572178438306 131.86222780495882 711.20104093290865 88.319637171924114 50.239030366763473
leaf_count=2464 2059 1695 480 15881 7591 9385 531 8559 2012 3055 4668 1553 815 9223 862 3057 2811 5332 1111 2723 1644 3193 265 7119 4601 8336 572 4896 1822 8189 3983 4151 2542 7393 6417 4717 7267 3360 357 7793 6370 71579 1327 1002 1675 2811 5654 579 238 1244 1635 222 902 3705 558 163 11528 16120 1938 15399 1193 807
internal_value=-0.000105156 0.0310788 0.0470689 -0.0247551 -0.00805729 0.00202669 0.0342291 0.0306287 0.0745132 0.00774821 0.0216676 -0.0103036 0.0239274 -0.0334359 0.017485 -0.0256555 0.0966961 -0.000950005 0.0650467 0.0167949 0.0237639 0.0295407 0.0895346 -0.00925214 0.0474298 0.0675795 0.00524089 0.00134273 0.00762009 -0.0232303 0.0423327 0.0276528 0.0317633 0.00568604 0.0340345 0.01947 0.0353985 -0.00491791 0.0588046 -0.00132056 0.00453741 -0.0373409 0.112462 0.0966528 0.0810962 0.0571598 0.0629061 0.0402442 0.000245375 0.0111682 0.0235225 0.061029 0.0672491 -0.0103482 0.0970221 0.0831391 -0.0229613 -0.0266547 0.075757 -0.0309968 0.0703853 -0.00737409
internal_weight=17464.9 7710.16 4972.06 9754.78 3338.29 2738.1 3390.56 3186.39 1581.5 1635.29 2081.33 1752.26 985.841 6416.49 834.86 2150 467.269 1169.89 1114.23 1788.56 1097.22 465.402 204.178 529.83 1105.06 1060.04 891.229 913.189 626.77 1703 884.309 574.161 498.771 691.333 713.908 280.413 577.431 260.699 150.982 610.816 383.316 4266.49 272.69 152.322 118.122 525.827 396.332 328.411 525.634 225.899 147.318 29.9269 220.75 359.813 184.246 126.829 839.069 1343.19 167.343 1620.17 109.44 156.444
internal_count=321133 136144 90235 184989 62731 45909 63016 60335 27219 32253 41113 29991 15918 122258 13553 41456 7295 21469 19924 36445 22990 10784 2681 10176 19222 18813 16137 16103 11207 30478 15851 9331 7272 13455 14976 5289 11868 4222 2365 10848 8014 80802 4484 3157 2677 10477 7666 4730 10732 3339 2095 460 3371 6169 2416 1858 13888 24309 2469 31280 1550 2360
cat_boundaries=0 1 2
cat_threshold=16 4
is_linear=0
shrinkage=0.04


Tree=4
num_leaves=63
num_cat=1
split_feature=11 22 0 11 22 0 20 0 22 0 1 21 22 0 22 11 22 14 11 0 1 11 26 11 11 11 22 19 6 32 1 22 6 26 17 11 5 0 26 22 24 19 14 1 21 1 0 21 8 21 0 15 19 23 23 23 14 2 21 24 22 19
split_gain=7633.46 1935.49 904.518 897.693 485.429 453.807 346.782 205.572 180.479 175.933 166.102 149.676 127.1 116.912 111.142 104.759 84.1104 71.7913 88.3427 68.4718 62.1251 56.7816 56.0719 53.8403 53.0125 52.1858 52.1762 46.983 46.6876 44.7409 43.4375 39.6976 38.7803 37.3103 35.9769 36.6424 35.4011 32.1055 32.0856 42.3705 49.598 34.4323 66.444 30.8498 29.9913 29.5741 28.8822 28.8658 35.8329 28.7136 28.6047 28.5109 28.2767 30.1816 28.2522 27.6497 27.475 27.4695 27.1658 41.0854 26.4851 25.6874
threshold=0.10534475743770601 0.069005299359560027 2.4750000238418584 0.25356170535087591 0.070718556642532363 1.8350000381469729 79.000000000000014 2.054999947547913 0.19607897847890857 1.1549999713897707 2.1750000715255742 75.92813873291017 0.020587688311934475 2.7549999952316289 0.069005299359560027 0.31928828358650213 0.13746111840009692 94.33499908447267 0.1864021569490433 2.685000061988831 2.2849999666213994 0.047675872221589095 1.5000000000000002 0.38209463655948644 0.23540768027305606 0.46678280830383306 0.037652041763067252 36.000000000000007 88.250000000000014 0 1.8650000095367434 0.17032737284898761 45.500000000000007 3.5000000000000004 3.5000000000000004 0.13134284317493441 33.500000000000007 0.99500000476837169 1.5000000000000002 0.1330504193902016 0.17640001326799395 64.000000000000014 78.434997558593764 2.0049999952316289 68.308303833007827 2.4650000333786015 1.5549999475479128 62.269115447998054 27.500000000000004 78.926559448242202 2.5249999761581425 3.5000000000000004 49.500000000000007 1.1562275290489199 1.1520796418190005 1.1683899760246279 86.174999237060561 0.43500000238418585 64.320678710937514 0.16477622091770175 0.11531509459018709 23.000000000000004
decision_type=8 8 10 10 8 8 2 8 10 10 10 10 10 10 8 10 10 10 8 10 10 8 2 10 10 10 10 10 2 1 8 10 2 2 10 10 2 10 2 10 10 10 10 8 10 8 10 8 2 10 10 2 10 10 8 10 10 8 10 10 10 10
left_child=2 5 4 6 26 12 22 29 17 25 16 24 -2 14 -4 27 36 18 -9 23 31 -12 52 -11 33 47 -1 -14 49 34 -31 -16 -18 44 35 -8 -6 -27 58 41 -41 -40 -43 -28 -7 -15 -17 -5 -49 -29 56 -37 -3 -54 -53 -23 57 -10 -20 60 -60 -19
right_child=1 3 13 9 10 11 7 8 50 19 21 -13 15 45 20 46 32 61 38 -21 -22 55 -24 -25 -26 37 43 28 -30 30 -32 -33 -34 -35 -36 51 -38 -39 39 40 -42 42 -44 -45 -46 -47 -48 48 -50 -51 -52 54 53 -55 -56 -57 -58 -59 59 -61 -62 -63
leaf_value=-0.02951802392140802 -0.0067353186220338451 0.087356440195083013 -0.033940940476049355 0.093442302461079305 0.021502739114120383 0.015333388607541482 0.0069534355634030404 0.006080849676574027 0.02725763390467555 0.052521457095890102 -0.011414976696276613 -0.02515205778392007 0.0010908473874649131 -0.027722759785920866 -0.0075967080858152574 0.061549670914091269 0.063885813656240728 -0.014272593478946903 0.045531175998775757 0.013541653071231617 -0.023038720091517449 0.001328958910718113 0.10979757760169767 0.07429033519969884 0.014611977369469221 0.10322079793930539 -0.00057467970870391308 0.043948346384161639 0.015103978949905316 0.058995305161676684 0.038803019988868169 0.029831814849578607 0.028431990809298188 0.05141303265536272 0.014398724624455841 0.03786505636212386 -0.00020736164521949525 0.047020758153992724 0.015013595528856945 0.10028390838818217 0.015603340002539883 0.087618247630000451 0.026336859016656715 -0.019294540036004126 -0.010027109885307013 -0.038324351195689707 0.023592327633899277 0.021623261297747991 0.070812692318413778 -0.020066490208674796 0.010880376695091017 0.026198545973979224 0.075953203659918658 0.02663051444310972 0.096842044630119389 0.0246194026014236 0.038601778440017651 0.075776549113962061 0.016336551977539648 -0.0063179899749515713 0.042190159650404124 0.0071641267435799492
leaf_weight=832.159179860726 182.9303484056145 54.488984180614352 1123.3757809214294 106.36380492337048 324.38734614476562 81.261346699669957 52.541434222832322 461.28340155631304 26.873312966898084 701.56899462081492 540.80940298736095 674.23955110087991 141.28084996528924 512.79067583568394 304.75580471940339 170.05772049725056 87.510324874892831 122.26834089495242 63.407638903707266 58.578950786963105 621.58659132570028 256.54887164570391 73.62480428814888 274.16372201964259 258.12579748407006 224.64420329965651 180.56440247036517 211.49909371323884 242.07130887545645 305.85583234764636 450.20270193181932 51.179378444328904 127.19713915139437 15.635228000581263 148.04622332938015 255.54721737094223 189.00121649168432 23.396121453493834 119.12190676480532 32.128734987229109 17.98894939571619 39.513772763311863 100.47316311486065 655.22770212031901 714.80205854028463 3615.2181033734232 44.61407738737762 28.516114940866828 311.35862516239285 10.552485216408966 29.244253721088171 16.183562872931361 34.93829569965601 52.330619469285011 28.282944887876511 118.29373433813453 119.73252630606294 107.22401452809572 219.18720647133887 89.762768313288689 91.490208344534039 316.66805019415915
leaf_count=14590 2543 984 20796 1465 7248 1473 810 9465 422 11742 10227 11145 2486 9206 7528 2639 1525 2515 1202 1187 12098 5292 781 4861 4466 3273 3190 3200 4069 4931 8015 958 2209 196 2687 3926 4077 381 3116 368 199 1191 2317 12697 12814 71507 779 545 4628 165 437 263 336 550 491 1707 1863 1607 4573 1231 2021 5772
internal_value=-3.69798e-05 0.0290291 -0.0241191 0.0434711 -0.00721887 0.0019025 0.0315853 0.0282511 0.0200996 0.0669766 0.00820016 -0.0104211 0.0233173 -0.0330979 -0.025353 0.0300308 0.0224332 0.0150587 0.0199929 0.0562621 -0.0154264 -0.00313299 0.08057 0.0587858 -0.00110013 0.0827196 -0.0224106 0.0213726 0.0274981 0.0408829 0.0471163 -0.00205595 0.0433754 -0.00613015 0.0313028 0.0382573 0.013525 0.0983703 0.0282466 0.0383037 0.0718078 0.0312922 0.0446815 -0.0152709 -0.00739637 -0.0370234 0.0539887 0.0736023 0.0668597 0.0407185 0.0495544 0.0436307 0.0640181 0.0477258 0.0735378 0.0087919 0.053859 0.0666555 0.0213892 0.0173393 0.0241968 0.001137
internal_weight=17444.7 7904.07 9540.61 5157 3311.7 2747.07 3428.41 3213.03 1956.37 1728.59 1643.75 1744.06 1003.01 6228.91 2100.9 820.076 728.096 1673.29 1234.36 1034.31 977.522 915.652 215.383 975.733 1069.82 694.279 1667.95 605.404 464.123 1256.66 756.059 355.935 214.707 811.699 500.601 352.555 513.389 248.04 773.074 309.227 50.1177 259.109 139.987 835.792 796.063 4128.01 214.672 446.239 339.875 222.052 283.074 300.014 141.758 87.2689 44.4665 374.843 253.83 134.097 463.848 400.44 310.677 438.936
internal_count=320985 136130 184855 90155 62762 45975 62073 59422 38299 28082 32285 30094 15881 122093 41380 13338 15059 33970 25683 17790 20584 17226 2651 16603 18949 10292 30477 9920 7434 21123 12946 8486 3734 14483 8177 5490 11325 3654 16218 7191 567 6624 3508 15887 14287 80713 3418 6638 5173 3365 4329 4680 1870 886 754 6999 3892 2029 9027 7825 6594 8287
cat_boundaries=0 1
cat_threshold=4
is_linear=0
shrinkage=0.04


Tree=5
num_leaves=63
num_cat=4
split_feature=11 22 11 4 22 16 22 1 22 20 4 1 4 22 4 14 4 1 1 19 11 1 22 11 14 6 14 23 1 6 4 4 2 11 32 11 20 19 25 6 1 4 4 19 32 24 4 22 24 25 17 22 26 25 22 23 6 4 32 32 23 15
split_gain=7074.69 1644.15 733.594 705.935 514.35 302.059 286.644 208.076 206.791 114.294 113.573 101.749 100.321 88.2949 84.6918 82.4119 116.843 98.8985 81.052 66.0052 65.5757 62.835 61.1596 56.728 55.6276 55.2448 48.1482 46.0702 44.8618 44.5275 56.839 60.0084 44.275 42.2829 42.1548 41.6663 40.7009 50.1361 40.5734 38.0204 37.1485 36.7036 35.9971 35.4225 32.3033 31.8337 31.7091 34.1372 30.5938 29.9174 36.8707 28.9022 28.3068 28.2776 26.5525 26.3184 25.9155 25.8013 25.7957 25.315 27.8725 26.507
threshold=0.10838299617171289 0.069005299359560027 0.28582468628883367 2.554999947547913 0.070718556642532363 1.5000000000000002 0.12391588091850282 2.1750000715255742 0.03614510782063008 79.000000000000014 2.0449999570846562 1.9650000333786013 1.9149999618530276 0.1857978627085686 2.2549999952316289 90.005001068115249 2.1550000905990605 2.435000061988831 2.0749999284744267 55.000000000000007 0.50084745883941661 2.1950000524520878 0.10294625535607339 0.23766434192657473 69.479999542236342 13.500000000000002 79.149997711181655 1.0640090107917788 1.5349999666213991 113.25000000000001 1.3650000095367434 2.2250000238418584 -0.41499999165534968 0.27782855927944189 0 0.25845077633857733 110.00000000000001 59.500000000000007 296.12500000000006 64.500000000000014 2.4150000810623173 2.1049998998641972 2.0949999094009404 5.0000000000000009 1 0.044037016108632095 2.3750000000000004 0.15766757726669314 0.061684973537921912 298.37500000000006 1.5000000000000002 0.12127390503883363 1.5000000000000002 313.62500000000006 0.10995427891612054 1.3275320529937746 87.250000000000014 3.0249999761581425 2 3 1.1772943735122683 2.5000000000000004
decision_type=8 8 10 2 8 2 10 10 10 2 2 8 2 10 2 10 2 8 8 8 10 8 10 10 10 2 10 10 8 2 2 2 8 10 1 8 2 8 2 2 10 2 2 10 1 10 2 10 10 2 10 8 2 2 10 10 2 2 1 1 10 2
left_child=3 5 6 4 21 8 15 13 23 24 20 19 -9 29 -14 16 36 -17 42 -10 25 45 -5 -2 52 -4 35 -25 34 30 -6 -32 -13 -7 -27 -20 -3 -38 43 54 57 56 -11 -28 -22 -1 47 -12 -29 -15 -51 -30 -8 -35 -16 59 58 -24 -21 -45 -61 -62
right_child=1 2 10 22 7 33 9 12 11 18 46 32 14 49 39 17 -18 -19 26 41 44 -23 40 27 -26 28 38 48 51 -31 31 -33 -34 53 -36 -37 37 -39 -40 -41 -42 -43 -44 55 -46 -47 -48 -49 -50 50 -52 -53 -54 -55 -56 -57 -58 -59 -60 60 61 -63
leaf_value=-0.026299800853495172 -0.020495843919079684 0.077931967775248912 0.045118454466390234 -0.036996580221972025 -0.0096052849046970763 0.024826313456031403 0.071417109413768776 -0.024887635699241767 0.0001037483929905335 0.057801258589105675 0.037302696088656002 0.014712458115389777 0.022207796870304632 0.033211277216388724 -0.0066228935053750798 0.028331564713148922 0.0080817233755870448 -0.0035723599645547887 0.031506772086366278 0.033359409289657131 0.040634320363968135 -0.029732560326923566 -0.0029655792113955221 -0.0081074389906569278 0.04570765511771345 0.047318864454135565 0.095361400659823112 0.06403468582539229 0.042081505066775202 -0.0056760518200310471 0.036719852126462636 0.0091797244971775372 -0.0078243728015469013 0.039759423306752847 0.085755346949006425 0.062146706777835188 0.021683287095163994 0.040275437997484398 0.042058487450986892 -0.014509030513469577 -0.030237576772432148 0.013043100326843636 0.036954724078726471 0.030724304541162626 0.093589259019535992 -0.0092590850530524706 0.0046514076628348597 0.072087367476839831 0.0063200792787835259 0.1406598396541324 0.040810338540907577 0.068502014892629054 0.11892952975828378 0.079460935003754174 0.021200375763491461 0.043568692254830135 0.026808315161019197 -0.030425481363046711 0.073530861537169173 -0.0058443691262420076 0.044522556149306086 0.0090102065056636635
leaf_weight=284.763297772035 834.09307282045484 31.619978424161673 195.80550454184413 3710.6842874139547 121.52162301726639 200.0245749540627 78.595871595665812 457.42404493317008 163.44455294124782 403.82291799969971 191.47019832953811 190.0917057543993 183.48644792474806 108.49670508876443 123.53763685002923 256.88031495735049 396.48713090084493 387.28444092348218 176.42110008560121 59.559351244941354 25.345992045477033 1726.0375577285886 169.9760238789022 238.3892510086298 92.071583099663258 64.143052300438285 7.7198759242892256 23.689305052161217 128.98180455714464 225.88233960047364 215.28173388727009 310.30414347909391 506.6273759547621 96.571024972945452 327.30209194682539 130.49928438477218 424.25799815170467 544.85595739819109 171.67659782990813 477.5862716473639 660.81637515872717 131.04287941940129 226.20981172285974 105.26026376895607 235.00414942391217 467.15271613933146 33.555398235097528 64.171247547492385 36.328011794015765 9.0173094719648379 19.183929845690727 185.76765545457602 40.025997556746006 47.297803066670895 95.392047218978405 53.481288958340883 133.76201459392905 79.668854709714651 55.036629511043429 131.49660241417587 44.13453127630055 133.00141369737685
leaf_count=6185 13699 799 2981 74475 3130 2936 949 8005 2803 5767 3743 3283 3465 2005 2407 3676 8500 8657 2815 914 356 32749 3511 4221 948 936 83 316 1926 5084 4274 7178 9364 1487 4174 2142 8420 10294 1922 9428 13648 2187 3354 2292 3374 7372 575 933 473 98 226 3415 322 511 1875 607 2243 1555 925 2462 619 2263
internal_value=-8.41848e-05 0.0275821 0.040572 -0.0235262 -0.0128142 0.00227957 0.0313738 0.000603504 -0.00280706 0.0430427 0.0647966 0.00847156 -0.00973532 0.0142983 -0.00181152 0.0210806 0.0265377 0.00918623 0.0392532 0.0214218 0.0704329 -0.0255169 -0.0346988 -0.0151522 0.0708524 0.0649339 0.0317449 -0.000152122 0.0702739 0.00955152 0.0148804 0.0205719 -0.0016395 0.0372019 0.0797499 0.0448784 0.0338112 0.0322058 0.025381 -0.00819596 -0.0252644 0.0305358 0.0504697 0.0191867 0.0888135 -0.015776 0.0417877 0.0465572 0.0305599 0.0439801 0.0802025 0.0580344 0.0892214 0.0537769 0.00554622 0.0175105 0.0395557 -0.0119328 0.0536514 0.0139308 0.00801659 0.0183013
internal_weight=17449.5 8003.31 5287.35 9446.21 4825.07 2715.96 3835.8 2347.11 2372.06 1794.42 1451.55 1239.56 1337.43 1009.69 880.002 2041.39 1397.22 644.165 1583.72 542.845 1162.35 2477.95 4621.15 1132.5 210.693 902 953.691 298.407 706.195 872.99 647.108 525.586 696.719 343.893 391.445 306.92 1000.73 969.114 646.771 696.516 910.461 379.401 630.033 475.094 260.35 751.916 289.197 255.641 60.0173 136.698 28.2012 314.749 118.622 143.869 218.93 467.374 248.358 249.645 114.596 413.893 308.633 177.136
internal_count=321336 134666 89304 186670 93481 45362 66891 47175 40428 26545 22413 21719 25180 21995 17175 40346 28013 12333 24326 9072 17162 46306 93189 18709 2219 13432 15205 5010 10451 19666 14582 11452 12647 4934 5110 4957 19513 18714 10248 13710 18714 6269 9121 8326 3730 13557 5251 4676 789 2329 324 5341 1271 1998 4282 8243 4082 5066 1839 7636 5344 2882
cat_boundaries=0 1 2 3 4
cat_threshold=16 16 4 8
is_linear=0
shrinkage=0.04


Tree=6
num_leaves=63
num_cat=4
split_feature=11 22 0 11 22 0 20 0 4 23 22 11 0 1 11 21 11 14 0 1 1 14 22 26 22 28 32 23 22 28 4 4 22 4 0 5 25 19 10 1 5 1 1 32 4 24 24 24 22 24 19 14 19 10 0 5 25 0 22 25 5 14
split_gain=6478.88 1455.69 881.578 648.964 484.931 378.87 242.883 236.246 170.934 152.615 139.022 98.6484 96.7734 89.9689 87.0804 81.5286 67.8963 56.6214 83.841 54.6001 51.0989 49.5164 48.6951 47.6829 46.6377 45.9244 45.2974 44.9204 44.438 44.2037 40.1476 39.656 37.0265 36.7727 35.0576 42.5331 34.7479 35.5968 32.5769 31.807 30.8948 30.8603 30.8031 30.3217 30.2254 31.1207 28.2314 27.9875 33.1882 44.0333 27.7204 38.6328 27.6625 31.5344 27.247 26.9765 38.771 26.9624 26.7417 26.332 25.7255 33.8765
threshold=0.10838299617171289 0.069005299359560027 2.554999947547913 0.28582468628883367 0.070718556642532363 2.1149998903274541 79.000000000000014 1.9650000333786013 2.4250000715255742 1.0368346571922304 0.14145641028881076 0.3095842450857163 2.435000061988831 1.8949999809265139 0.038984065875411041 75.92813873291017 0.50084745883941661 90.005001068115249 2.4750000238418584 1.5349999666213991 2.054999947547913 68.604999542236342 0.11901463195681573 1.5000000000000002 0.10294625535607339 0 1 1.1712989211082461 0.097551945596933379 2 1.6549999713897707 2.2350000143051152 0.020898253656923774 2.1650000810623173 3.0349999666213994 5.5000000000000009 256.87500000000006 190.50000000000003 21.750000000000004 1.3849999904632571 33.500000000000007 2.9850000143051152 1.9750000238418581 3 2.2949999570846562 0.051364365965127952 0.074046105146408095 0.13076394051313403 0.18043268471956256 0.33845931291580206 64.000000000000014 79.729999542236342 167.50000000000003 32.250000000000007 2.3950001001358037 33.500000000000007 364.12500000000006 0.88499999046325695 0.028922154568135742 364.12500000000006 31.500000000000004 99.905002593994155
decision_type=8 8 10 10 8 8 2 8 2 10 10 10 10 10 10 10 10 10 10 8 8 10 10 2 8 9 1 10 10 9 2 2 10 2 10 2 2 10 2 8 2 8 10 1 2 10 10 10 10 10 10 10 10 2 8 2 2 10 10 2 2 10
left_child=2 5 4 6 20 9 21 27 13 32 17 29 16 22 24 44 19 18 42 26 40 -3 -6 -12 -4 36 -5 39 -16 33 -15 -32 -2 55 35 -26 37 46 43 -8 -1 -19 50 -18 45 -7 -13 -29 -49 -50 -9 -52 -47 -54 59 56 -11 -34 -22 -24 61 -10
right_child=1 3 14 12 8 15 7 10 60 11 23 25 -14 30 28 -17 38 41 -20 -21 58 -23 54 -25 34 -27 -28 47 -30 -31 31 -33 57 -35 -36 -37 -38 -39 -40 -41 -42 -43 -44 -45 -46 52 -48 48 49 -51 51 -53 53 -55 -56 -57 -58 -59 -60 -61 -62 -63
leaf_value=0.0024414010991198791 -0.01903748843992743 0.084029383906458865 -0.037733601297819767 0.040417301327789666 0.017143961997314834 -0.014225296410515165 0.049006014608389235 0.018773064536099122 -0.0059545671296124848 0.031613991875325355 0.026889782171058571 0.068688283769401531 0.022607460398194466 -0.0091183852024041452 -0.026825148734635908 -0.025639241557316939 0.0068981391086714505 0.014806720944243196 -0.0056608194922510837 0.049276744052088102 -0.033153704809337041 0.04692613319900623 0.042447706983010217 0.051418696277041293 0.020446655213881167 0.021326981215822074 0.072832244083693001 0.10931472452419487 -0.0057062460543776099 0.0050725172110443299 0.022781916918176146 0.0028449091903829157 0.044695404806377043 0.0013731877301348424 -0.036678314910060954 -0.023830259721504383 0.080557133662486166 -0.013911052730430458 0.098197887844575643 0.029964403016891763 -0.019188881198410106 -0.0061502950142942239 0.0079620420603633141 0.0723921749896487 -0.019908193830790497 -0.0022919855993549262 0.021654351465400068 0.037674832060095122 0.065343117550963947 0.0029278605135831062 0.052168997722988122 0.021978938068550967 0.0075153105776714305 0.049528657585930586 0.0016728397559829078 0.017522163757305368 0.081701493922338567 -3.0187975573531629e-06 -0.021876059297799892 0.093938065001564583 -0.020142498058153557 0.073610986168224021
leaf_weight=176.21248657628894 185.92981244809926 134.29255022108555 3560.2641108604148 92.79935391061008 280.08128731139004 185.22738682106137 184.71169223450124 294.90207120589912 323.85540799237788 194.97128706611693 627.63614100962877 54.654854310676455 105.85292112641037 209.00970437005162 644.66480248421431 532.67541226558387 13.022954342886806 163.08324937708676 203.34733206778765 580.10766011662781 555.81806839816272 121.46700386144221 143.27350278571248 163.5221851170063 35.495677550323308 92.76370633020997 460.08940662443638 11.497011385858057 214.63450165838003 325.01790866814554 266.52663597278297 397.95796278677881 23.748438231647015 93.804394464939833 400.82950945198536 521.16244802158326 64.591438286006451 14.879622323438523 119.75984202325344 716.64333104528487 258.14065187238157 350.26886009052396 167.85682626254857 146.13972117938101 169.55057409033179 254.36550648510456 36.867049176245928 279.04095464386046 194.02566376142204 20.432486457750201 134.21459615975618 147.97026533819735 101.42118892632425 38.676414607092738 22.147648770362139 183.360296940431 28.154091089963913 131.55170602910221 940.33556219935417 18.558984713628888 295.50703642889857 6.787564964964985
leaf_count=3105 2752 1532 70083 1397 6780 4301 2829 6489 6746 2769 10277 850 1964 3446 13560 8986 170 2556 4392 9647 9937 1274 2489 1665 813 1300 5562 128 4121 4763 4693 7379 594 1336 10224 12790 663 293 1835 13425 4630 7784 2965 1810 2990 3951 418 2934 2373 225 2981 2792 1692 564 387 2451 323 4203 19094 199 6286 114
internal_value=-1.02906e-05 0.0260151 -0.0228754 0.0379598 -0.00837263 0.00207592 0.0293215 0.0266549 0.00561809 0.0162212 0.0185904 0.0235263 0.0601679 0.0136892 -0.0333701 -0.013701 0.0629423 0.0112458 0.0170286 0.0583146 -0.0225992 0.0669399 0.0278894 0.0320865 -0.0355994 0.044777 0.0675713 0.0395228 -0.0215849 0.0166334 0.00608951 0.0108981 -0.00707187 0.024078 -0.0275934 -0.0209295 0.0570588 0.0414971 0.0811624 0.0339753 -0.0104244 0.000523495 0.0232314 0.0672351 -0.00515723 -0.000775431 0.0506958 0.0492355 0.0473841 0.0595155 0.0276161 0.0366324 0.00555992 0.019704 0.0438444 0.0292656 0.0386393 0.00726276 -0.0261097 0.0494761 -0.0115991 -0.0038644
internal_weight=17416.2 8144.9 9271.26 5432.68 3894.21 2712.21 3914.91 3659.15 1963.71 1430.29 2252.8 1089.06 1517.77 1337.56 5377.05 1281.92 1411.92 1461.64 948.291 1133 1930.51 255.76 464.061 791.158 4517.75 263.757 552.889 1406.35 859.299 825.308 873.494 664.485 341.23 500.29 957.488 556.658 170.993 106.402 278.923 901.355 434.353 513.352 744.944 159.163 749.241 579.69 91.5219 504.996 493.499 214.458 577.087 282.185 394.463 140.098 183.98 406.486 223.125 155.3 1496.15 161.832 626.15 330.643
internal_count=321081 134205 186876 89006 75285 45199 66621 63815 38519 22715 41901 15166 22385 25373 111591 22484 20421 29959 19619 16606 36766 2806 9855 11942 93910 3524 6959 21914 17681 11642 15518 12072 7549 6879 23827 13603 2224 1561 3815 16254 7735 10340 15227 1980 13498 10508 1268 5660 5532 2598 12262 5773 6207 2256 3075 5543 3092 4797 29031 2688 13146 6860
cat_boundaries=0 1 2 3 4
cat_threshold=16 16 16 16
is_linear=0
shrinkage=0.04


Tree=7
num_leaves=63
num_cat=3
split_feature=11 22 0 0 22 0 20 11 22 11 4 1 22 22 11 5 21 14 0 0 14 28 22 1 1 1 1 1 21 28 11 26 15 1 1 16 0 1 25 9 22 16 9 32 20 24 25 22 25 1 5 0 15 17 4 25 24 5 25 20 5 4
split_gain=5913.68 1363.79 760.928 577.688 354.487 335.009 245.657 166.694 145.326 141.985 134.174 109.485 100.334 98.551 89.3369 78.7599 73.2646 55.8984 55.452 54.4647 57.0647 51.5891 50.9986 49.9528 45.6868 42.9358 41.2823 39.5591 38.5754 38.4413 37.2778 46.4977 36.6174 39.7355 36.4588 36.4531 35.6732 33.9022 32.8723 32.7839 31.8989 33.6103 31.6987 31.4046 30.3529 29.4858 29.117 29.01 29.0015 28.9087 27.947 27.7333 26.4895 26.0891 25.4662 25.338 24.8753 24.8408 24.7746 27.8377 24.755 29.3355
threshold=0.093683511018753066 0.069005299359560027 2.4750000238418584 1.7549999952316286 0.066482517868280425 2.1350001096725468 79.000000000000014 0.312537431716919 0.14145641028881076 0.30389449000358587 2.5049999952316289 2.5349999666213994 0.03614510782063008 0.098846774548292174 0.23540768027305606 31.500000000000004 75.92813873291017 83.305000305175795 0.58499997854232799 2.554999947547913 90.005001068115249 0 0.193641372025013 1.3849999904632571 1.0000000180025095e-35 1.7549999952316286 1.985000014305115 2.1950000524520878 79.325862884521499 1 0.24693857133388522 1.5000000000000002 3.5000000000000004 1.6349999904632571 2.9750000238418584 3.5000000000000004 2.7549999952316289 1.3849999904632571 89.500000000000014 2.5000000000000004 0.12391588091850282 2.5000000000000004 2.5000000000000004 2 159.00000000000003 0.13894352316856387 677.12500000000011 0.013452543411403896 84.125000000000014 2.3549998998641972 9.5000000000000018 2.554999947547913 3.5000000000000004 4.5000000000000009 2.1350001096725468 10.125000000000002 0.3201736062765122 33.500000000000007 256.87500000000006 218.00000000000003 51.500000000000007 2.245000004768372
decision_type=8 8 10 8 8 8 2 10 10 10 2 10 10 10 10 2 10 10 10 10 10 9 10 8 8 10 10 8 10 9 10 2 2 8 8 2 10 8 2 2 8 2 2 1 2 10 2 10 2 8 2 10 2 8 2 2 10 2 2 2 2 2
left_child=2 5 4 7 27 9 17 23 14 12 15 13 28 -4 19 22 26 -5 -11 20 25 37 32 35 55 -8 -7 -1 53 47 31 49 33 -6 57 -3 -15 -14 -34 44 48 -42 -17 45 -26 -25 -44 -20 -41 56 -35 -16 -45 -2 -39 -9 -10 -22 59 -49 61 -54
right_child=1 3 11 6 10 16 8 24 30 18 -12 -13 21 36 51 42 -18 -19 29 -21 34 -23 -24 43 39 -27 -28 -29 -30 -31 -32 -33 38 50 -36 -37 -38 54 -40 40 41 -43 46 52 -46 -47 -48 58 -50 -51 -52 -53 60 -55 -56 -57 -58 -59 -60 -61 -62 -63
leaf_value=-0.01222934089359615 0.006932068869520888 0.057561458329028703 -0.030174042340603113 0.067014233816860336 0.048296058303408204 0.0012541966262105231 0.025342898860617118 0.015825826628371439 0.03670028453280498 0.067027832642231833 -0.018096178871602132 -0.036823040990202671 0.044148411708695198 0.00040260290006825127 0.034465000035165956 -0.010393912632792695 -0.025199762520822584 -0.0016272697268817694 -0.019812305751781011 -0.0084046652678431682 0.030733064471111189 0.0010127274230744858 0.046600191419817277 0.036317925482007414 0.065070824345667369 0.007341641064690191 -0.017189317400755653 -0.027076450752359389 -0.024930201108245932 0.0080487257617807666 0.047922077419185083 0.0473761916350037 0.0087041753967550314 0.022995005819043946 -0.0049346685344695603 0.0082809862461664871 -0.020377008188767361 0.025040280310287544 0.064675730191062167 0.035734473000268559 0.073975356416681112 0.049470267386460716 0.0065980100433218197 0.025646920136433271 0.0086363241485931559 0.059466717751508809 0.081711044569207872 0.039001118857213857 0.061985806511491888 0.017066688103229102 0.0032174611925844107 0.0077919036410068268 0.066124622054910112 -0.015735720800665418 0.0016097993757948751 0.094335810821175453 -0.0011145102612405181 0.00045799389923721422 0.061436086269257138 -0.007124126705215018 0.0057178097688808781 -0.0049442345309023009
leaf_weight=426.20295729953796 248.60571775212884 311.43842083215714 1598.9408327760175 232.01156952045858 42.725142773240805 474.31627031974494 593.79281013831496 8.2996072042733413 294.76641331799328 66.658629883080721 312.32530271075666 3509.1402261024341 102.68630958348513 259.58512342721224 381.93681283853948 270.14953512325883 555.23449702281505 20.308985181152821 12.092034608125685 218.60532325319946 95.909513847902417 239.18136627972126 94.062842097133398 297.66789877973497 22.775800615549088 334.70467699877918 325.63242614921182 929.18005277775228 140.72943202778697 115.25437056832016 203.57447828352451 173.71679726243019 29.367411801591516 159.73786009661853 354.87993073835969 27.220153657719493 265.6270300000906 241.23960504867136 40.837243562564254 145.72308910451829 367.41623794101179 147.27989520505071 248.2514770179987 512.23173374123871 42.643447065725923 140.41609443537891 6.5984501391649237 102.08299092948437 152.6102207545191 419.20729309786111 397.06500254012644 77.076413495466113 73.218108344823122 118.17852141708136 108.3083299472928 92.685494784265757 30.13447611220181 78.92024645768106 64.06187554448843 25.158910032361746 18.836977623403072 10.062316570430992
leaf_count=7879 3842 3873 36876 2424 630 8462 12772 149 4377 851 6726 72228 1466 5091 6634 5122 9625 244 162 4962 1487 4013 1573 5505 279 5711 6180 18311 2261 1911 2705 1713 1199 3150 7678 270 5618 3770 532 2463 5351 1558 4708 7496 662 1623 83 1619 1400 7267 7674 1604 1172 2178 1783 1007 332 1187 646 624 272 149
internal_value=-0.000222364 0.022782 -0.0238427 0.0339001 -0.00739882 0.000530586 0.0235694 0.0491586 0.0205936 0.0130152 0.00533975 -0.0324657 0.0061937 -0.0252357 0.014442 0.0110446 -0.014056 0.0614886 0.0340789 0.0101322 0.0129243 0.0160919 0.0192261 0.0401251 0.0618728 0.0188921 -0.00626771 -0.0224385 -0.00728568 0.0267862 0.0322562 0.0286761 0.0152423 0.0119349 0.0024168 0.0536958 -0.010129 0.0240099 0.0422626 0.058621 0.0608555 0.0671974 -0.000870871 0.0356571 0.0297502 0.0439924 0.00919506 0.0371831 0.0495131 0.0241844 0.00896763 0.0300567 0.029577 -0.000395569 0.0178535 0.0883937 0.0331831 0.0172715 0.0409948 0.02985 0.0483423 0.0575294
internal_weight=17409.3 8819.49 8589.8 5880.07 2956.5 2939.42 3509.55 2370.53 3257.23 1584.24 1601.12 5633.29 1198.93 2124.15 2135.83 1288.79 1355.18 252.321 385.309 1676.81 1458.21 691.416 763.796 1391.09 979.434 928.497 799.949 1355.38 507.514 318.65 1121.4 917.825 669.733 599.528 529.71 338.659 525.212 452.234 70.2047 878.449 813.029 514.696 524.999 1052.43 65.4192 438.084 254.85 203.396 298.333 744.108 556.803 459.013 614.349 366.784 349.548 100.985 324.901 174.83 191.304 127.242 102.117 83.2804
internal_count=321119 143719 177400 94326 57587 49393 61097 33229 58429 25126 31397 119813 19313 47585 42035 24671 24267 2668 5813 33797 28835 11032 14758 20360 12869 18483 14642 26190 8281 4962 16394 13689 13185 11454 10352 4143 10709 7019 1731 11713 10772 6909 9913 16217 941 7128 4791 3051 3863 11976 10824 8238 9089 6020 5553 1156 4709 2674 2889 2243 1593 1321
cat_boundaries=0 1 2 3
cat_threshold=16 16 8
is_linear=0
shrinkage=0.04


Tree=8
num_leaves=63
num_cat=3
split_feature=11 22 0 0 11 22 20 21 22 4 22 0 11 22 17 0 0 21 11 0 14 6 14 0 2 0 2 0 22 14 20 0 4 0 25 22 28 21 22 26 19 21 25 28 0 32 5 20 22 0 16 6 21 17 26 25 0 25 25 14 9 4
split_gain=5462.28 1201.98 731.824 404.284 383.724 321.299 192.467 157.295 131.485 128.004 104.539 104.072 94.918 92.7267 72.7585 69.149 67.2434 59.3135 58.9148 47.591 47.4311 47.3196 45.2428 43.009 40.0385 39.7531 39.0183 38.5717 35.8552 35.6914 35.0624 33.9469 30.482 30.0009 29.9635 28.7569 27.7437 27.3105 27.2448 27.1391 31.8428 36.1728 26.7097 26.6953 25.4205 25.3906 29.2375 25.2234 25.1974 24.6522 24.6464 24.0971 23.9358 23.9206 23.6125 35.1106 23.2969 23.2062 23.171 22.4532 22.2911 22.1399
threshold=0.093683511018753066 0.084876112639904036 2.4750000238418584 1.9550000429153445 0.25356170535087591 0.066482517868280425 79.000000000000014 74.533176422119155 0.017273891717195514 2.4750000238418584 0.10294625535607339 2.054999947547913 0.37119558453559881 0.19607897847890857 2.5000000000000004 0.86500000953674328 2.7549999952316289 74.533176422119155 0.1864021569490433 2.8349999189376835 91.979999542236342 93.250000000000014 94.430000305175795 2.7549999952316289 0.25499999523162847 2.685000061988831 -0.064999999478459344 0.44499999284744268 0.17265895754098895 83.305000305175795 177.50000000000003 2.2549999952316289 2.1450001001358037 2.0949999094009404 496.62500000000006 0.04550715163350106 0 79.325862884521499 0.11531509459018709 1.5000000000000002 64.000000000000014 66.180812835693374 650.37500000000011 1 2.5349999666213994 2 37.500000000000007 177.50000000000003 0.22302109003067019 2.2150000333786015 1.5000000000000002 50.500000000000007 70.751132965087905 4.5000000000000009 1.5000000000000002 164.62500000000003 2.0249999761581425 256.87500000000006 515.37500000000011 79.345001220703139 5.5000000000000009 1.7649999856948855
decision_type=8 8 10 8 10 8 2 10 10 2 10 8 10 10 10 8 10 10 8 10 10 2 10 10 8 10 10 10 10 10 2 10 2 8 2 8 9 10 10 2 10 8 2 9 8 1 2 2 8 10 2 2 10 10 2 2 8 2 2 10 2 2
left_child=2 3 5 8 6 30 29 18 -2 14 23 38 17 19 28 26 24 32 -5 20 21 39 31 35 -12 -17 48 -14 56 54 -1 -20 36 -32 47 -4 45 -9 53 -13 -41 -42 49 57 -24 -10 61 -19 -6 -16 -33 -30 -22 -8 55 -3 -7 -29 -15 -43 -38 -47
right_child=1 4 10 7 15 9 11 37 12 -11 16 13 27 58 42 25 -18 34 22 -21 52 -23 44 -25 -26 -27 -28 43 51 -31 33 50 -34 -35 -36 -37 60 -39 -40 40 41 59 -44 -45 -46 46 -48 -49 -50 -51 -52 -53 -54 -55 -56 -57 -58 -59 -60 -61 -62 -63
leaf_value=-0.010112496353724871 -0.014952153869214961 0.060449587115619936 -0.0351603614256513 -0.007767663312610037 0.049109217415300617 0.027800165190121188 0.028096370418137853 -0.014838447589420456 0.019973185815781599 -0.015859203924784845 -0.018342539090119982 0.01802914982854726 0.077263084267261417 0.038205719131222456 0.0059688994176665079 0.045708599696532293 -0.028604795721393343 0.013214772593791507 0.021874595363008335 -0.018031484428721715 0.0011527582308506461 0.0034440473933778637 0.01722068858619992 -0.037518899776068579 0.0065356854930887958 0.0086264748051547348 0.089115178639550055 0.033952710761776472 0.054980690338642391 0.0063645148357483836 -0.015480638400727749 -0.0026849392644028086 0.0075974851759632077 -0.03032670217189827 0.050764883435670448 -0.023493858616064903 -0.0018257326478805307 -0.030322467913136808 0.037433156631784752 0.018341709991840087 0.0035612596066549422 0.073276227714753867 0.042447867057479612 0.015098699537622683 -0.01595938135075577 0.021988426012966557 0.022000777849852885 -0.01225997540837402 0.071456345391439774 -0.010829791995379503 0.044400599896116985 0.014987576186186562 0.036132570382441553 0.00012297050727228309 0.081896903701576582 0.0037032005392980973 0.0098097588807653513 0.070185329704650606 -0.021822403826964702 0.038683173832013036 0.023026725082203655 0.05308722227377307
leaf_weight=325.35427660867572 160.22117536887527 129.32914287783206 648.71208059415221 610.38983279187232 286.07853828556836 176.67010026797652 422.00192157179117 477.76945569552481 227.23660017549992 363.37081841751933 254.35992032662034 447.961380681023 48.785236714407802 325.98158989287913 360.52614317834377 1219.7362982071936 689.31336100958288 103.19165368378162 363.14862583018839 72.749243887141347 411.10046145692468 223.86825960502028 47.150967098772526 2933.3683768231422 171.61439014039934 49.717168560251594 78.923224234953523 94.434442905709147 70.883558448404074 19.39951703324914 338.8894317233935 191.79751440696418 177.06366568617523 663.72197112813592 16.592781540006399 772.73959204368293 85.123507563024759 305.25117121543735 744.1044006831944 130.81399209238589 28.873998811468482 56.474514041095972 22.115988276898861 65.87991451844573 146.70154065638781 52.579146077856421 134.03318794630468 149.90790646988899 140.6282978579402 225.40849408507347 17.57296958565712 39.86980589851737 31.951643636450171 55.958082212135196 85.138167468830943 20.78063739836216 341.56861720047891 46.17071820050478 9.231101378798483 87.538841845467687 172.12913617864251 175.88289865106344
leaf_count=5503 2270 1453 13052 11144 3312 3219 7176 8925 2964 7870 5367 8103 559 4491 6754 17312 15256 1391 6081 1699 8341 4568 740 64636 3449 929 802 1454 1055 227 6876 3389 2838 13789 210 18006 1388 5173 10375 3002 321 1419 284 1035 2583 770 2156 2951 1878 4545 263 761 402 1146 711 194 6855 406 98 1688 2663 2564
internal_value=-9.99599e-05 0.0216444 -0.023266 0.00484126 0.0344376 -0.00711796 0.0263442 -0.00665704 0.019366 0.00494652 -0.0319035 0.0235188 0.0229355 0.0174311 0.0110802 0.0494476 -0.0208921 0.0184739 0.00148292 0.0131169 0.014743 0.0196666 0.00886215 -0.0347108 -0.00831733 0.0442785 0.0621841 0.0451969 0.0205963 0.0596916 -0.0216492 0.0145099 0.0228623 -0.0253574 0.00173563 -0.0288657 0.0260186 -0.0209468 0.0325678 0.0244656 0.0337533 0.0450255 0.00118805 0.0369139 -0.00775467 0.0308228 0.0374552 -0.00182009 0.0567917 -0.000494791 0.00161194 0.0411758 0.00384442 0.0248522 0.0639647 0.0527984 0.0160415 0.046724 0.0364093 0.0531214 0.0148217 0.0462177
internal_weight=17345.8 8947.35 8398.49 3869.01 5078.34 2928.38 3303.26 2159.78 1709.23 1600.41 5470.11 3048.61 1549.01 1826.55 1237.04 1775.08 1115.29 1293.74 1376.76 1491.33 1418.58 975.531 766.372 4354.82 425.974 1269.45 505.63 255.27 628.992 254.647 1327.97 572.519 1024.05 1002.61 269.692 1421.45 846.984 783.021 1222.06 751.663 303.701 172.887 608.051 206.485 193.853 589.732 362.495 253.1 426.707 585.935 209.37 110.753 443.052 477.96 235.248 150.11 518.239 140.605 335.213 144.013 257.253 228.462
internal_count=320841 143564 177277 63917 79647 57511 55414 38298 25619 31343 119766 52829 23349 34132 23473 24233 24072 19895 24200 29543 27844 19101 13056 95694 8816 18241 5992 3454 11890 2585 26168 9733 15343 20665 4552 31058 12505 14098 18697 14533 6430 3428 11583 2895 3323 8454 5490 4342 5190 11299 3652 1816 8743 8322 2358 1647 10074 1860 4589 3107 4051 3334
cat_boundaries=0 1 2 3
cat_threshold=16 16 4
is_linear=0
shrinkage=0.04


Tree=9
num_leaves=63
num_cat=5
split_feature=11 22 0 11 0 22 22 22 17 0 11 4 20 1 21 4 11 0 14 21 22 29 0 21 4 11 22 29 4 17 9 5 28 5 20 25 1 25 4 17 26 26 26 14 4 0 1 23 32 21 25 0 21 16 25 24 23 23 17 25 24 28
split_gain=5204.71 1223.63 584.703 465.337 306.03 279.319 182.586 128.044 107.523 101.451 99.6051 92.5347 82.5439 69.8108 68.863 64.6914 56.7986 55.0504 52.703 50.1233 49.2652 46.46 44.9531 44.2412 42.9657 42.106 39.8861 35.1923 32.2954 32.2504 39.5437 30.7805 30.7412 30.6821 30.4679 30.3627 30.2428 29.5228 29.0785 28.4478 27.7913 27.1338 27.0664 27.2785 27.1594 25.9884 25.5655 25.557 25.5226 25.1304 25.0026 24.9791 23.9813 23.951 23.6426 23.5887 23.5218 23.8164 33.438 49.3624 24.5699 23.3515
threshold=0.078321117907762541 0.069005299359560027 2.5449999570846562 0.23540768027305606 2.1350001096725468 0.066482517868280425 0.11531509459018709 0.017273891717195514 1.5000000000000002 2.4550000429153447 0.25845077633857733 2.0849999189376835 79.000000000000014 2.5249999761581425 74.374259948730483 2.5049999952316289 0.33946646749973303 1.7749999761581423 83.520000457763686 68.182941436767592 0.070410095155239119 0 1.1250000000000002 74.235458374023452 2.1650000810623173 0.16927146911621097 0.19607897847890857 1 2.1350001096725468 3.5000000000000004 7.5000000000000009 30.500000000000004 2 31.500000000000004 79.000000000000014 88.125000000000014 2.3249999284744267 298.37500000000006 2.2849999666213994 1.5000000000000002 3.5000000000000004 1.5000000000000002 3.5000000000000004 95.384998321533217 2.2749999761581425 3.0649999380111699 2.3549998998641972 1.0350533723831179 3 70.697650909423842 243.87500000000003 1.935000002384186 68.744674682617202 4.5000000000000009 42.125000000000007 0.025558751076459888 1.1873807907104494 1.1644505858421328 3.5000000000000004 276.37500000000006 0.10043824836611749 4
decision_type=8 8 8 10 8 8 10 10 10 10 10 2 2 10 10 2 10 8 10 8 10 9 10 10 2 8 10 9 2 8 2 2 9 2 2 2 10 2 2 10 2 2 2 10 2 8 10 10 1 10 2 10 10 2 2 10 10 10 10 2 10 9
left_child=2 4 5 6 7 36 9 -2 19 18 27 16 41 20 25 33 -5 -14 24 50 -4 23 37 56 61 -6 42 -9 55 30 34 52 47 -10 -18 -36 51 -12 -33 -25 -27 54 43 44 -19 -22 -28 -24 -37 -45 -7 -1 -13 -32 -8 -29 57 60 59 -59 -20 -3
right_child=1 3 13 11 14 8 12 10 15 -11 22 31 17 -15 -16 -17 29 26 21 -21 45 -23 32 39 -26 40 46 28 -30 -31 53 38 -34 -35 35 48 -38 -39 -40 -41 -42 -43 -44 49 -46 -47 -48 -49 -50 -51 -52 -53 -54 -55 -56 -57 -58 58 -60 -61 -62 -63
leaf_value=-0.001346890666284136 -0.017889481428250847 0.035003382882286271 -0.032772844476254108 0.039745768984115359 -0.015142695672070919 0.027361602486355798 0.058269659231527333 -0.012834233263548735 0.0078318594853686047 -0.0087122915990075801 0.033737521026808132 0.043282945985943864 0.037995331111049475 -0.036981251879821521 -0.022766869191784608 -0.019502256454941903 0.067394936027684496 0.024301416470904783 0.019754736929065302 0.0031562649928497419 -0.014048471645265043 -0.014654868337326288 -0.0051791978343992953 0.013026306558362356 0.0076644155073246137 0.0014323762343742522 0.035999121163992856 -0.010980986181377666 -0.00098506975487582405 0.035750154109821304 0.066886357740243596 0.020887589376199119 0.0032971916680178265 -0.006778038671075578 0.032238015972198338 0.07833745513732264 -0.029529055052492929 0.070542579662813562 -0.021522997686263819 0.13730989845623071 0.051985031324036521 0.069663216695848865 0.08278560164841782 0.00080232387251104472 0.0047435666889032056 -0.031518985773567175 0.0052759095066049521 0.033902820626216225 0.034201772610765388 0.070269219764811583 0.068481986597840591 -0.02146116009573985 0.01520779421656897 0.0069065614622889054 0.025671377803103138 0.01793013530079442 -0.008121490611047744 0.0083368777629011341 -0.012650600792374834 0.098349572393526694 0.0029633715089154508 0.019602647895451034
leaf_weight=125.6867428952828 217.69486193824559 368.21962008997798 929.26825676392764 885.06572386808693 363.16840351838619 160.59280035551637 67.005499912425876 114.68511754088104 474.91426441259682 301.55349053815007 132.14901611022651 184.73885509558022 499.56375414691865 3085.787588596344 741.6783640505746 344.30148642510176 99.285864122211933 585.41351079940796 286.65630654245615 150.11707655712962 531.4387351507321 106.71070875041187 30.03378975763917 5.887135358527301 219.78219478391111 357.38704226352274 380.68954751268029 47.703553952276707 282.98023456335068 149.93015275336802 445.68195282295346 151.49714818224311 117.85598480887711 442.01300869975239 224.10867922008038 53.949878510087729 744.04278035927564 51.646652892231941 29.237173551693559 5.480700122192502 16.325101904571056 88.147820154204965 8.2903031110763532 196.02050323225558 143.55073582753539 186.88283517304808 50.421435729600489 194.23578536882997 43.353487551212311 6.7183268629014483 28.025315880775452 479.97819735761732 71.232694000005722 11.717215314507483 88.836080975830555 526.37355498317629 84.988136190921068 18.554301686584949 13.555909119546412 20.07559497654438 273.78289250843227 299.26826430857182
leaf_count=2336 3193 6425 23769 11698 7021 3308 885 1920 9256 7189 1944 2670 6754 67581 13692 7717 934 8867 7638 2944 11532 2568 892 162 4433 6542 5159 1573 4930 2097 5670 2576 2013 8483 3278 486 15317 480 589 65 195 594 75 3016 2404 4172 807 2448 358 74 311 9636 1006 101 746 7585 1022 220 149 212 3550 5887
internal_value=-0.000125258 0.0194102 -0.0246945 0.0294094 -0.000845405 -0.010702 0.0212853 0.0106417 0.000602412 0.0126093 0.0148125 0.0436172 0.029486 -0.0334043 -0.014174 -0.00477196 0.04743 0.026569 0.0163954 0.0205471 -0.0266634 0.00900709 0.0288082 0.0126393 0.0231431 -0.00547616 0.0223507 0.00718607 0.00993178 0.0539478 0.0569575 0.0267564 0.0199992 0.000780898 0.0474892 0.0409367 -0.0240893 0.0447708 0.0138226 0.0851233 0.00392697 0.0514201 0.0176443 0.01688 0.0204845 -0.0186797 0.0324653 0.0286342 0.0598383 0.00380732 0.0341678 -0.0173184 0.0356796 0.065404 0.0402987 0.0154841 0.0113874 0.0141245 0.0395988 0.0578511 0.0116058 0.0281896
internal_weight=17345.9 9662.89 7683.05 6468.97 3193.92 2949.67 4119.17 1715.36 1599.96 2004.52 1497.66 2349.8 2114.66 4733.38 1478.56 1261.23 1913.09 1870.67 1702.96 338.735 1647.59 815.692 525.921 708.981 887.27 736.881 1371.1 971.742 857.057 1028.03 878.097 436.706 342.126 916.927 420.698 321.412 1349.71 183.796 180.734 11.3678 373.712 243.989 939.993 931.703 728.964 718.322 431.111 224.27 97.3034 202.739 188.618 605.665 255.972 457.399 155.842 574.077 697.613 612.625 52.1858 38.6299 560.439 667.488
internal_count=321154 154792 166362 100364 54428 59308 68901 26978 32019 39520 23785 31463 29381 107054 27450 25456 24622 27156 32331 6563 39473 15586 7777 13018 16745 13758 20402 16008 14088 12924 10827 6841 5353 17739 5056 4122 27289 2424 3165 227 6737 2225 14436 14361 11271 15704 5966 3340 844 3090 3619 11972 3676 5771 1631 9158 12791 11769 581 432 11188 12312
cat_boundaries=0 1 2 3 4 5
cat_threshold=208 12 16 8 16
is_linear=0
shrinkage=0.04


Tree=10
num_leaves=63
num_cat=2
split_feature=11 22 0 0 0 22 20 4 11 22 1 22 14 11 1 4 24 11 19 22 22 1 23 11 5 5 0 1 22 8 14 32 4 26 22 1 1 17 25 23 22 32 5 19 19 23 16 9 20 10 0 22 0 0 22 23 25 14 22 23 25 15
split_gain=4743.47 1059.69 572.474 413.542 309.205 260.945 173.223 108.128 107.432 106.693 103.002 84.3049 76.5853 69.167 68.2565 66.0282 58.8984 57.8048 52.5225 48.2571 47.8636 42.3535 41.6329 41.02 39.8214 38.8465 35.1763 34.8101 33.2039 32.1028 32.0788 30.8088 30.7226 30.6751 28.6959 27.9354 26.2919 26.1562 25.7836 25.7318 25.4336 25.2187 25.1339 25.3012 25.0816 25.385 25.014 30.0032 25.4268 24.9719 24.904 24.5815 24.2576 24.1527 23.9765 25.7463 67.1195 23.9538 23.8541 23.4912 22.5786 24.5425
threshold=0.075166236609220519 0.069005299359560027 2.554999947547913 1.7749999761581423 1.8350000381469729 0.066482517868280425 79.000000000000014 2.2949999570846562 0.312537431716919 0.042542364448308952 2.2250000238418584 0.017273891717195514 91.909999847412124 0.37119558453559881 2.5149999856948857 1.3149999976158144 0.13638249784708026 0.30720923840999609 36.000000000000007 0.193641372025013 0.10209254175424577 1.6549999713897707 1.1628997325897219 0.153984010219574 35.500000000000007 28.500000000000004 2.054999947547913 2.1950000524520878 0.17500815540552142 44.500000000000007 83.305000305175795 0 2.5949999094009404 3.5000000000000004 0.097551945596933379 0.35500000417232519 1.2450000047683718 3.5000000000000004 45.125000000000007 1.0346044898033144 0.24675761908292773 1 33.500000000000007 11.500000000000002 167.50000000000003 1.2151231765747073 2.5000000000000004 2.5000000000000004 159.00000000000003 16.750000000000004 2.1049998998641972 0.10209254175424577 2.2350000143051152 1.0000000180025095e-35 0.042542364448308952 1.0649436712265017 115.62500000000001 77.305000305175795 0.11901463195681573 1.1482241153717043 298.37500000000006 4.7500000000000009
decision_type=8 8 8 8 8 8 2 2 10 10 10 10 10 10 10 2 8 8 10 10 10 8 10 10 2 2 8 10 10 2 10 1 2 2 10 8 8 10 2 10 10 1 2 8 8 8 2 2 2 2 10 10 10 10 10 10 2 8 8 10 2 2
left_child=2 4 5 8 11 27 30 12 22 21 19 -2 17 18 20 16 -14 28 -13 42 -4 -6 36 33 29 32 -19 39 37 -20 -5 -31 51 -11 -9 -10 -3 44 -25 -1 -18 -24 43 -7 -8 59 47 48 -37 -48 -27 -12 -41 -15 -33 56 -56 -22 -49 -46 -26 -62
right_child=1 3 14 6 9 10 7 34 35 23 25 13 15 53 -16 -17 40 26 24 -21 57 -23 41 38 60 50 -28 -29 -30 31 -32 54 -34 -35 -36 46 -38 -39 -40 52 -42 -43 -44 -45 45 -47 49 58 -50 -51 -52 -53 -54 -55 55 -57 -58 -59 -60 -61 61 -63
leaf_value=-0.030514304103463386 -0.01376004554394435 0.041874491160518224 -0.030235112546664455 0.052656457550157326 -0.0028312584227695174 -0.0075068040329798139 0.01580382398968537 -0.009141726194786752 0.066212160926722011 -0.0088720554130738028 -0.0046485397225316518 -0.0031456106945801825 -0.016266112357947223 0.077906849062221992 -0.036899264415549804 0.023592696569542868 0.007355914258217286 0.052452596463969457 0.0010445496032798476 0.039219170138676901 0.0077684867644285541 -0.022048837895319254 0.050241824262424045 -0.0055397970159966605 -1.3423078200536788e-05 -0.00094947841324730163 0.02785746182177623 -0.028238817735237311 0.030948519439889133 0.017733027819238842 0.0008319022895876705 0.024574899659222615 -0.020245674754720052 0.042376789434080263 0.0083820223670423629 0.054334811326760976 0.02377824084186703 0.0050799596789930946 0.017586113392908602 0.0020340599426241289 0.045906107268286575 0.033486806401038301 -0.0039962189230188152 0.017991938352661802 0.03135129546991388 0.0052792317093163415 0.004840466571605472 0.041452186403168015 0.0056936465187002972 0.039853508112909303 -0.021958946943925261 0.017312745047689235 -0.019865054898318742 0.034881934820322882 0.033879044842552962 0.041734768729117133 0.15368032195493245 -0.018398116260399906 0.058042914070064483 0.085311213064949293 0.01449465302894541 0.066862893289336506
leaf_weight=113.09631921164691 139.34024518448859 159.10948082990944 1205.8732234565541 261.04734457843006 230.24251063540578 74.42528884857893 607.69196879863739 257.19484625384212 138.82273968495429 502.99481755681336 164.351049778983 205.99507592432201 204.95296895038337 25.141114879399538 2958.9123835610226 311.20868855994195 291.36323521006852 107.29851543530822 57.653544581495225 88.662791673094034 67.835205037146807 934.26267156936228 256.57630380243063 109.33877077046782 180.17152126319706 123.40183554030955 857.03133767656982 879.123435520567 242.57284309342504 124.24543766118586 21.016093404963613 71.827586599625647 88.396647320128977 17.399166937917471 351.09039192274213 25.877250520512462 800.34100018441677 330.84775267355144 250.16835276130587 169.66484455019236 28.54608760215342 400.76367040164769 193.53493615984917 340.489282540977 39.607775127515197 26.710767047479749 42.054556120187044 253.96460947021842 47.433528002351522 162.66904579102993 344.67621064838022 157.78222452756017 151.15606241114438 153.11312397569418 19.633092766627673 83.614065110683441 12.145160548388956 285.3686500787735 434.29873253032565 21.527349041774869 102.27661821618676 15.25553749501705
leaf_count=2836 2023 2097 30529 2436 4063 1707 9445 6293 1416 9745 3242 3525 3603 280 66927 4994 5583 1554 842 1350 1482 17585 2606 2406 3466 2363 14791 18389 3306 1613 248 1070 1871 201 5831 279 13566 6388 3701 3020 344 3940 4085 7041 849 682 435 3074 683 1498 7019 3003 2833 1997 572 958 143 6283 5580 268 1136 174
internal_value=-0.000195989 0.0178917 -0.0244119 0.0269877 -0.000898883 -0.0104905 0.0187176 0.0163786 0.0389931 -0.0103349 0.000482838 0.01529 0.0194303 0.0191675 -0.0333028 0.00905809 0.000368002 0.0232982 0.0144529 0.0119504 -0.0264335 -0.0182674 0.0323249 0.000171901 0.0198945 -0.00861322 0.0307053 -0.0236458 0.0176234 0.028657 0.0488563 0.0337034 0.000355946 -0.00698758 0.000953854 0.0486655 0.0268684 0.0144124 0.0105388 -0.0142352 0.0110845 0.0401714 0.00784821 0.0133848 0.0188128 0.0387238 0.0460048 0.0494445 0.0239562 0.0328162 -0.0164647 0.00612396 -0.00831816 0.0417917 0.0439601 0.0553343 0.0862905 -0.0133347 0.0520705 0.0525794 0.00888465 0.0223639
internal_weight=17323.2 9916.44 7406.75 6681.62 3234.82 2888.76 3959.71 3677.64 2721.91 2044.41 1575.72 1190.41 3069.36 1051.07 4517.99 836.071 524.862 2233.29 872.818 697.112 1559.08 1164.51 1616.79 879.901 666.823 878.608 964.33 1313.04 1268.96 369.119 282.063 311.465 410.53 520.394 608.285 1105.12 959.45 1026.39 359.507 433.917 319.909 657.34 608.45 414.915 695.538 87.8459 966.298 761.574 73.3108 204.724 468.078 322.133 320.821 178.254 187.22 115.392 31.7783 353.204 688.263 61.1351 297.704 117.532
internal_count=321269 157289 163980 101789 55500 58759 66615 63931 35174 37701 31681 17799 51807 15776 105221 14524 9530 37283 13499 14183 38294 21648 22209 16053 9974 17498 16345 27078 20938 5198 2684 4356 8116 9946 12124 12965 15663 17632 6107 8689 5927 6546 12833 8748 11244 1799 11549 9616 962 1933 9382 6245 5853 2277 2743 1673 715 7765 8654 1117 4776 1310
cat_boundaries=0 1 2
cat_threshold=4 8
is_linear=0
shrinkage=0.04


Tree=11
num_leaves=63
num_cat=3
split_feature=11 21 0 0 16 21 20 1 11 4 11 21 6 1 21 14 0 1 20 1 11 6 14 23 1 23 17 21 23 23 19 32 11 10 15 14 19 20 10 4 25 25 28 19 19 19 0 23 7 20 0 0 11 19 16 32 8 17 15 1 23 8
split_gain=4414.93 965.538 523.068 372.767 273.225 185.587 175.724 155.804 129.09 99.6192 96.8208 92.4939 70.4336 64.8296 61.8243 60.7933 74.296 56.5285 51.326 50.3505 44.8401 44.4268 41.6815 36.9443 36.7817 36.5929 35.4613 34.4625 32.8739 32.6735 30.3873 33.8259 29.445 29.8682 29.0779 28.9755 28.4401 28.0915 40.675 32.3098 31.2151 29.1992 28.381 27.4902 32.1465 27.4771 26.6928 25.2546 24.9766 24.9128 25.246 24.8735 23.0858 22.598 22.4122 22.2736 24.3113 21.7529 25.0361 21.2683 21.1997 20.7504
threshold=0.071059312671422972 70.319358825683608 2.554999947547913 1.7749999761581423 1.5000000000000002 74.533176422119155 79.000000000000014 2.1750000715255742 0.153984010219574 2.2350000143051152 0.312537431716919 74.533176422119155 84.250000000000014 2.4850000143051152 69.445976257324233 86.854999542236342 2.554999947547913 1.5049999952316286 159.00000000000003 1.5349999666213991 0.23766434192657473 64.500000000000014 84.979999542236342 1.1628997325897219 1.6050000190734866 1.1712989211082461 4.5000000000000009 63.345434188842781 1.0350533723831179 1.1772943735122683 9.5000000000000018 0 0.52322071790695202 24.250000000000004 2.5000000000000004 79.979999542236342 11.500000000000002 79.000000000000014 12.750000000000002 1.9450000524520876 153.12500000000003 54.625000000000007 1 128.50000000000003 79.500000000000014 49.500000000000007 1.8849999904632571 1.0230884552001955 24.500000000000004 177.50000000000003 2.2250000238418584 2.0849999189376835 0.37119558453559881 17.500000000000004 3.5000000000000004 2 76.500000000000014 3.5000000000000004 3.5000000000000004 2.6350001096725468 1.0013249516487124 238.75000000000003
decision_type=8 10 8 8 2 10 2 10 8 2 10 8 2 10 10 10 8 10 2 8 10 2 8 10 8 10 8 8 10 10 8 1 10 2 2 10 8 2 2 2 2 2 9 10 8 10 8 10 2 2 10 10 8 10 2 1 2 8 2 10 10 2
left_child=2 3 7 10 5 9 35 11 21 19 23 12 36 22 18 17 53 27 -9 47 49 24 -4 -2 -8 51 32 -10 52 -18 -30 43 33 -6 -22 -5 -1 41 40 42 -39 -12 55 44 -32 -27 -45 -3 -20 50 -7 -23 -21 -17 -41 56 -40 58 -16 -19 -38 -51
right_child=1 4 13 6 26 20 8 14 15 -11 37 -13 -14 -15 57 16 29 59 48 28 34 25 -24 -25 -26 45 -28 -29 30 -31 31 -33 -34 -35 -36 -37 60 38 39 54 -42 -43 -44 46 -46 -47 -48 -49 -50 61 -52 -53 -54 -55 -56 -57 -58 -59 -60 -61 -62 -63
leaf_value=-0.0030317969742770642 0.025753655583026266 -0.024825220407420349 -0.014116580319699572 0.052942308062326027 0.017789949245490023 0.0028934061000984229 0.041632157632730128 0.024387126147570264 0.046771517552120459 -0.013353735821485037 0.077960895027207863 -0.021031293629690091 -0.0060347100279428498 -0.036383348886161453 -0.022349775005691012 -0.012979113184481021 -0.0049938162396750314 0.017981088653915917 0.00082913624111104602 -0.025302585371890288 -0.015751196094183767 0.0065542793765889585 -0.02996012950531201 0.038058918418465558 0.0094990966532355909 0.037617454249356197 -0.002411461997429626 0.027402068185002539 -0.0091387632637441232 0.013514251282797825 0.022087258821058664 0.0041412852449121173 0.062284381308313271 0.041203001832065052 0.011534469480751224 0.014130849359934781 -0.0089852566773453678 0.017269297381256245 0.0021999816256842537 0.036702477857225753 0.063148630521415131 0.040462646542481155 0.035102241883530616 0.028160258089457119 0.069728946030168854 0.0047007577609629887 -0.0063687243561744893 0.026302640861741007 -0.016717656705272727 -0.025743058991702653 -0.02253778338727002 -0.011778391038068631 0.034212726139309833 0.029161236778769833 -0.016633367503092373 0.061563507887287906 0.054246046699117818 -0.031595835459969634 0.0039844882444491766 -0.0076977261007084375 0.025560705335859572 0.0064906746027093331
leaf_weight=81.570457780733705 1047.8821394862607 14.675001909956334 369.84732445888221 244.36927971988916 218.57770767249167 126.77128181327134 68.582516944035888 63.799158011563122 191.18870875053108 421.85809508152306 87.354746472090483 218.31407209020108 322.13099328614771 2950.4085499262437 482.8622012687847 20.272726465016603 316.80489438399673 537.03551707975566 169.12755343411118 80.619904867373407 118.41395055223256 164.57326780259609 1019.4188423668966 659.78206136263907 314.00405480526388 51.283128559589386 54.80196919105947 746.85236795060337 152.25517751649022 290.41646887734532 79.308455660007894 483.79221569839865 44.330920593813062 152.16249786503613 127.7899235887453 37.857912831008434 29.57402263674885 147.83726781792939 25.241938726976514 216.70366996712983 27.300165861845016 68.381522662937641 131.52931971289217 66.255427138879895 32.245363421738148 176.57281014230102 73.540025737136602 277.46774517185986 541.76140281464905 716.01365469582379 119.44281786680222 406.87512532342225 10.06503197737038 342.82361368648708 12.060057377442716 357.80376655422151 32.936033044010401 418.85865521524101 64.375286757946014 55.503758694976568 351.65052824933082 32.278456804342568
leaf_count=1696 17063 445 9700 2224 2803 1865 1002 1119 2329 7762 841 5998 5729 68806 9738 424 7583 7740 3698 2236 2224 3054 25864 6389 6133 612 816 14010 2332 3780 1249 7142 420 1750 2086 404 1376 2098 284 2831 208 450 1679 829 350 2281 1123 3739 11072 13932 2049 9529 238 5548 105 4034 361 9155 1301 1045 5630 666
internal_value=-0.000113244 0.0167555 -0.0243603 0.0254795 -0.00062939 -0.00517365 0.0175584 -0.0106759 0.0152062 0.00343894 0.0366141 0.00187116 0.00828852 -0.0330024 -0.0179055 0.0203523 0.0124631 0.0253257 -0.00943477 0.00903452 -0.0169126 0.00429426 -0.0257744 0.0305516 0.0154666 -0.00106866 0.0276192 0.0314495 0.00464977 0.00386023 0.00701023 0.0103814 0.0315958 0.0275903 -0.00157776 0.0479004 0.0182586 0.0458856 0.0430705 0.0470401 0.0250983 0.0622685 0.0524412 0.0222332 0.0369144 0.0124069 0.0101061 0.0235558 -0.0125413 -0.0206901 -0.00949368 -0.00648031 -0.018015 0.0267283 0.0337362 0.0577103 0.0326211 -0.0246561 -0.0192341 0.0155445 0.022827 -0.0243284
internal_weight=17266.2 10182.5 7083.7 6779.83 3402.67 2932.79 3965.02 2744.02 3682.79 1692.08 2814.81 1003.24 784.926 4339.67 1740.78 2500.9 970.318 1530.58 774.688 1270.22 1240.71 1181.89 1389.27 1707.66 382.587 799.304 469.873 938.041 978.082 607.221 887.397 735.141 415.071 370.74 246.204 282.227 462.795 1107.15 951.412 776.275 175.137 155.736 547.511 251.349 111.554 227.856 139.795 292.143 710.889 994.506 246.214 571.448 90.6849 363.096 228.764 415.982 58.178 966.096 547.237 592.539 381.225 748.292
internal_count=320979 160097 160882 104041 56056 50267 67698 56512 65070 27445 36343 20429 14431 104370 36083 42459 17335 25124 15889 19683 22822 22611 35564 23452 7135 15476 5789 16339 15499 11363 13025 10693 4973 4553 4310 2628 8702 12891 11600 9294 2306 1291 6358 3551 1599 2893 1952 4184 14770 18512 3914 12583 2474 5972 2936 4679 645 20194 11039 8785 7006 14598
cat_boundaries=0 1 2 3
cat_threshold=8 16 16
is_linear=0
shrinkage=0.04


Tree=12
num_leaves=63
num_cat=2
split_feature=11 22 0 11 22 0 22 0 6 0 30 21 22 14 21 11 22 11 22 15 14 21 4 17 9 9 22 21 0 20 4 22 0 21 9 17 2 0 0 14 24 26 4 4 14 0 14 5 14 21 15 22 22 22 0 24 24 6 4 29 24 4
split_gain=4078.27 874.613 556.074 396.527 257.526 194.93 183.106 97.0722 92.9406 83.0421 70.4372 69.5672 64.2214 63.9567 52.2949 49.4787 44.633 40.0756 38.6867 36.673 66.0489 49.7162 45.0092 35.6225 42.897 33.9651 32.9468 46.5651 32.7294 32.1666 31.9051 31.6531 29.603 29.1963 32.4536 29.0676 29.0638 28.1965 27.9957 30.7781 25.3044 24.7937 24.3911 23.9826 26.1112 23.9795 23.4677 23.4272 22.6401 22.4911 22.2198 29.2089 21.9341 21.8347 21.4415 20.9907 23.5594 20.9264 20.5935 23.384 20.1542 22.5977
threshold=0.078321117907762541 0.051998689770698554 2.554999947547913 0.23540768027305606 0.066482517868280425 1.9550000429153445 0.11531509459018709 2.4750000238418584 52.500000000000007 1.3049999475479128 0 75.258960723876967 0.193641372025013 81.674999237060561 79.325862884521499 0.50084745883941661 0.12612471729516986 0.031537504866719253 0.12391588091850282 3.5000000000000004 90.645000457763686 66.984218597412124 2.1250000000000004 4.5000000000000009 13.500000000000002 1.5000000000000002 0.070410095155239119 76.951923370361342 1.985000014305115 177.50000000000003 2.4750000238418584 0.19607897847890857 3.1049998998641972 62.269115447998054 3.5000000000000004 3.5000000000000004 0.59499999880790722 2.5649999380111699 0.44499999284744268 66.100002288818374 0.070171166211366667 3.5000000000000004 1.9550000429153445 2.2250000238418584 77.479999542236342 2.1149998903274541 97.405002593994155 33.500000000000007 91.520000457763686 67.32593154907228 2.5000000000000004 0.013452543411403896 0.11072703078389169 0.071642290800809874 2.7549999952316289 0.0281465407460928 0.074046105146408095 153.25000000000003 1.3149999976158144 1 1.0000000180025095e-35 1.985000014305115
decision_type=8 8 8 10 8 8 10 10 2 10 9 10 10 8 10 10 10 10 8 2 10 8 2 10 2 2 8 10 8 2 2 10 8 8 2 8 8 10 10 10 10 2 2 2 10 10 10 2 10 10 2 10 10 10 10 10 10 2 2 9 8 2
left_child=2 5 4 6 29 11 7 19 12 33 28 23 30 16 43 50 -4 -10 37 20 22 40 -3 24 -2 -22 -15 32 -8 -1 58 41 36 -5 -35 53 -28 -11 39 -12 -21 46 -26 44 -7 -31 -30 -20 -36 -49 -13 -52 -23 -24 -9 -25 -57 -50 -6 -60 -61 -62
right_child=1 3 13 9 8 14 10 54 17 18 38 15 -14 26 -16 -17 -18 -19 47 21 25 52 35 55 42 -27 27 -29 31 45 -32 -33 -34 34 48 -37 -38 -39 -40 -41 -42 -43 -44 -45 -46 -47 -48 49 57 -51 51 -53 -54 -55 -56 56 -58 -59 59 60 61 -63
leaf_value=-0.011482852557044738 0.01410515668102566 0.019274242371712526 -0.026004827314927616 0.052789420050509024 -0.0045270381388081557 0.0079178633244142878 0.028558907766708854 -0.0025817089657038388 -0.01437336124389775 0.024546583220005431 0.085820976103519325 -0.019307807684299374 0.047471770860463836 -0.037842279066715542 -0.029914010895701063 0.050680013418551315 -0.00017557249377552115 0.0012999985841647809 0.040000346572864651 0.044587536209965979 -0.011327439959075687 0.040098738154787809 -0.0029432192797508535 -0.025771594173023188 0.061118941935705974 0.0089013466599903411 -0.030242563916780551 0.063663451467153756 0.014437165271320907 -0.016270379198381726 -0.010419205644003043 0.026230753063376865 -0.038187165618115478 0.018456188693653969 0.037932161693191239 -0.0078611325414253107 -0.014017132214088861 -0.00081247980914690005 0.032629703389412228 0.041989682501899529 -0.0052804292167137317 0.052895324621993887 0.02522189828902777 -0.019831639262160826 -0.010903065537589397 -0.030366205161448799 -0.0051785055979215082 0.020677565549779637 0.060448495269529563 0.076569519373804434 -0.028773160632739631 0.0084239305308717385 -0.0060352563776846129 0.019838744584285823 -0.022163171544687384 0.020092437887375029 -0.016939242345664598 0.0029813871912133666 -0.0068995495237070712 -0.012415581680745628 0.065324770228147117 0.022593246665993123
leaf_weight=310.96673256903887 289.31268703471869 967.22029320709407 667.15508320555091 326.77672290802002 76.410147284157574 150.66818871162832 683.70682280883193 253.33831180259585 489.4071285482496 747.31657657213509 47.48850610665977 166.69483987241983 77.089613257907331 2081.1514107761905 308.94953421503305 21.951627466827631 128.201182262972 554.31654923316091 496.7594598941505 17.533069354481995 291.21601763833314 187.96754994336516 100.51828585285693 35.059753995388746 57.937911160290241 240.54709254112095 659.86441428679973 6.6443019323050967 710.82325651030988 281.19099468737841 108.64347006846219 448.49675710592419 501.47087049484253 121.01909278705716 706.42917583324015 189.2602926203981 251.41872159112245 76.589476082473993 133.92513463646173 73.313890634104609 95.342619325965643 22.476289577782154 73.752306090667844 331.26340438146144 515.49789101164788 705.24482513871044 111.37188044376671 217.73379600420594 134.37907611764967 10.699758000671862 40.961274813860655 155.88517503254116 17.199774414300919 195.61787082627416 137.81485654599965 85.214955287985504 38.14981955755502 11.501454167068003 49.75043529458344 21.457966417074203 20.963397484272718 220.67442353256047
leaf_count=5652 3963 16658 17332 3097 1727 2602 8821 5583 10390 10151 443 3015 1124 48262 5660 232 2828 10664 6496 346 6143 3932 2144 789 689 3991 16056 125 10505 6072 2457 5501 13635 1617 8288 4018 7789 1236 1417 720 1259 159 1015 6523 9713 16051 1722 3441 1433 128 624 2325 248 3151 3378 1284 448 126 1089 1002 282 3775
internal_value=-0.000136865 0.0163372 -0.023083 0.0227155 -0.0095888 -0.00549231 0.0158309 0.00879604 0.0010517 0.034594 0.0243031 0.00812762 0.0139421 -0.0322324 -0.0155554 -0.0050101 -0.0218624 -0.0060551 0.0282457 0.0119268 0.0098802 0.0245295 0.0142912 0.0168691 0.0229288 -0.00216274 -0.0345724 -0.029726 0.0213259 -0.0228518 0.00856559 0.0176221 -0.0302602 0.0420971 0.0383982 0.00430704 -0.0258153 0.0221833 0.0444677 0.0604024 0.00303738 0.0129906 0.0417529 -0.011049 -0.00662336 -0.0263972 0.0117643 0.0350423 0.0411706 0.0239721 -0.00865359 0.000431902 0.0361716 0.0121111 -0.00957884 0.000630606 0.00848926 0.0560734 0.013911 0.0184399 0.0226822 0.0268391
internal_weight=17257.7 10045.7 7212.02 7774.38 2916.12 2271.3 4925.18 2693.58 1618.71 2849.2 2231.6 964.92 574.989 4295.91 1306.38 385.493 795.356 1043.72 1549.1 2302.42 1984.38 318.043 1452.62 579.427 421.003 531.763 3500.55 1419.4 1976.88 1297.4 497.9 1293.17 1412.75 1300.11 973.329 485.396 911.283 823.906 254.728 120.802 112.876 844.671 131.69 997.429 666.166 986.436 822.195 725.193 852.31 228.434 363.541 196.846 205.167 296.136 391.153 158.425 123.365 145.881 389.256 312.846 263.096 241.638
internal_count=321346 155034 166312 116152 60285 38882 80139 50851 32510 36013 29288 14384 11456 106027 24498 6196 20160 21054 21452 41890 36105 5785 25971 8188 5667 10134 85867 37605 26708 27775 10332 17887 37480 14561 11464 9313 23845 11387 2580 1163 1605 12386 1704 18838 12315 22123 12227 10065 9847 3569 5964 2949 4180 5295 8961 2521 1732 1559 7875 6148 5059 4057
cat_boundaries=0 1 2
cat_threshold=8 12
is_linear=0
shrinkage=0.04


Tree=13
num_leaves=63
num_cat=4
split_feature=11 22 0 11 22 0 22 0 1 22 23 1 1 20 22 4 22 9 14 29 4 21 0 4 25 0 1 5 28 21 11 22 20 17 1 11 21 25 21 1 14 22 8 25 29 4 5 21 24 25 5 22 20 0 32 25 23 20 11 1 17 14
split_gain=3812.1 830.973 492.806 356.368 209.73 184.047 181.833 103.562 89.7367 72.4036 72 65.9652 57.4548 55.0386 51.6501 45.6526 45.2178 43.6372 42.4049 55.0066 43.2114 40.2516 39.811 37.6429 36.557 33.9743 31.1559 30.739 30.5515 32.8163 29.0419 27.704 36.3036 26.9028 26.3067 25.916 24.9371 30.2314 25.1543 24.933 24.8232 24.5209 23.8332 23.5225 23.081 31.6113 23.0627 22.8666 22.2776 22.2107 22.2093 22.1301 21.912 28.6075 21.8804 36.3923 60.6295 40.4559 23.7503 21.6254 21.1782 20.4359
threshold=0.071059312671422972 0.0515999123454094 2.554999947547913 0.23540768027305606 0.066482517868280425 2.0049999952316289 0.11531509459018709 2.4550000429153447 2.1750000715255742 0.193641372025013 1.0350533723831179 2.5349999666213994 1.4249999523162844 79.000000000000014 0.10209254175424577 2.0449999570846562 0.11901463195681573 3.5000000000000004 84.979999542236342 0 2.1450001001358037 79.325862884521499 2.5749999284744267 1.1950000524520876 335.87500000000006 2.1250000000000004 1.2549999952316286 36.500000000000007 1 67.775608062744155 0.46678280830383306 0.14145641028881076 184.00000000000003 4.5000000000000009 2.3249999284744267 0.54502454400062572 65.602870941162124 618.00000000000011 66.114692687988295 1.3650000095367434 77.305000305175795 0.055593475699424751 132.25000000000003 661.25000000000011 2 2.2150000333786015 28.500000000000004 76.79990386962892 0.3201736062765122 375.00000000000006 38.500000000000007 0.053768806159496314 177.50000000000003 2.2050000429153447 3 26.125000000000004 1.1748403906822207 177.50000000000003 0.1282736882567406 1.9950000047683718 2.5000000000000004 84.755001068115249
decision_type=8 8 8 10 8 8 10 10 10 10 10 10 8 2 10 2 10 2 10 9 2 10 10 2 2 10 8 2 9 10 10 10 2 10 10 10 10 2 10 8 8 8 2 2 9 2 2 10 10 2 2 10 2 10 1 2 10 2 10 8 10 8
left_child=2 5 4 6 34 10 7 18 16 15 30 14 -12 -8 61 17 33 -5 20 23 -3 52 24 -20 26 -10 50 42 29 -14 -2 32 -26 -6 47 -19 37 48 -38 -22 -16 51 -25 44 45 -17 -27 -1 -33 -18 -15 -29 53 -7 55 -28 -57 58 -58 -54 -60 -4
right_child=1 3 11 9 8 21 13 -9 25 -11 12 -13 28 22 40 43 49 35 19 -21 39 -23 -24 27 31 46 54 41 -30 -31 -32 36 -34 -35 -36 -37 38 -39 -40 -41 -42 -43 -44 -45 -46 -47 -48 -49 -50 -51 -52 -53 59 -55 -56 56 57 -59 60 -61 -62 -63
leaf_value=-0.010843685939289553 -0.014496622795564412 0.020752261290852576 -0.019575197988759716 0.013922400322966606 0.0064755930784844594 0.019720551152764623 0.039787199698245013 -0.0095857898951738265 0.0036537490537741414 0.043630220520703152 0.028269254130847802 -0.036081172590114702 0.060198168056164986 0.046189503597831409 0.010049015397056884 0.01597574921782698 0.019727146038286323 0.032555265535719691 -0.0015096399668002381 -0.017968161017879101 0.034554414537066605 -0.029400851944119354 0.0015453744582155488 0.018161422384990022 -0.014292519736098722 -0.0051915506639715189 0.035092499221359909 -0.00086547923785682674 -0.0065367712860623884 0.0091895346264607575 0.037690772260159405 0.043238056963914778 0.039721248944493234 -0.027329720127770379 -0.028083714060047772 0.050428542142653326 0.10961620891389612 -0.016835334788956463 0.046611053735510846 0.0015167906651273363 -0.016868884423405991 -0.00066434399530048652 0.050908734131702209 0.062573389743413227 0.025338786978031588 -0.01478653833586578 -0.020747861492592914 -0.029673276737965281 -0.0045028004306371166 0.055439036084496775 0.0077600498808607522 0.093113111104243598 -0.0056861283493808657 -0.010990247652919062 0.023812535312910148 -0.0065589135337421516 -0.010046834444332953 0.025647486744692097 0.035395229476511435 -0.020606668633533057 -0.021679276467217578 -0.032586321299944605
leaf_weight=390.49009233620018 267.92012091446668 919.90526634547859 270.39838286489248 191.08572681620717 342.69590214639902 68.105632664635777 274.55863592214882 455.58156324364245 257.53397605847567 679.77655548229814 243.09142010565847 2649.9329737089574 19.818888744339347 109.12295230850577 66.976534833200276 231.16960835829377 205.56679441966116 1279.6854902822524 356.40468832850456 131.72624629084021 38.811297284439206 299.1026384467259 162.3258027555421 331.79418937582523 37.699561702087522 287.13791127689183 109.14137084782124 6.9755842238664609 220.32437626365572 306.95954777114093 16.242772348225117 138.2572317160666 38.117382753640413 40.254655846394598 663.57951447740197 153.8972803093493 13.719621177762745 16.570312894880772 54.117589943110943 358.86767920292914 267.53615045081824 205.9929534913972 39.32737971842289 17.908922119066119 309.63052808865905 67.371565170586109 331.62264663632959 141.98751723766327 16.863091856241226 31.907268468290567 32.551793916150928 6.8240972831845284 231.68449198175222 155.47630172874779 595.27244979515672 229.83936898969114 102.78218130208552 350.27564175613225 41.865065103396773 493.75053532421589 11.959881685674189 846.10609679017216
leaf_count=8291 5697 15602 7754 2590 7637 990 2229 10484 4874 6669 2889 65946 205 1282 1495 3622 3385 15627 6994 3165 562 5649 2572 5129 386 5889 2427 129 3173 4002 253 1193 412 1104 14985 1790 128 152 479 7119 6309 3898 519 160 4441 1263 7014 2900 155 336 476 132 4460 2601 9496 3332 1199 3934 380 10375 106 22953
internal_value=-0.000253408 0.0149208 -0.0235711 0.020956 -0.0102612 -0.00617034 0.0146444 0.00785546 -0.000271545 0.0321076 0.00595581 -0.0322995 0.0121636 0.0229198 -0.0253476 0.0285883 0.0113424 0.0321464 0.0111795 0.00527474 0.0159938 -0.0166075 0.0206319 0.0086444 0.0222566 -0.00851054 0.0197192 0.0149124 0.00491596 0.0126549 -0.0112431 0.0347628 0.0130833 0.00277777 -0.0227339 0.0345471 0.0414267 0.0325341 0.0622423 0.00491787 -0.0114279 0.00297436 0.0219073 0.0192695 0.0177803 0.00866646 -0.0135818 -0.0159719 0.038006 0.0249818 0.0376464 0.0510055 -0.0125137 -0.00150802 0.0179016 0.013686 0.0104175 0.0181264 0.00114273 -0.0158812 0.0222477 -0.029483
internal_weight=17234 10440.3 6793.73 8117.78 2692.78 2322.48 5187.25 2852.21 1496.72 2930.53 1074.36 4100.95 790.194 2335.04 1451.02 2250.75 620.425 1624.67 2396.63 1079.05 1317.58 1248.12 2060.48 947.319 1898.16 876.295 1582.81 590.914 547.103 326.778 284.163 315.345 75.8169 382.951 1196.06 1433.58 239.528 171.691 67.8372 397.679 334.513 219.793 371.122 626.081 608.172 298.541 618.761 532.478 155.12 237.474 141.675 13.7997 949.017 223.582 1441.14 845.864 736.722 506.883 156.607 725.435 53.8249 1116.5
internal_count=321399 160527 160872 120233 56415 40294 84071 53733 30239 36162 16219 104457 10269 30338 38511 29493 12462 20007 43249 19966 23283 24075 28109 16801 25537 17777 22632 9807 7380 4207 5950 2905 798 8741 26176 17417 2107 1500 607 7681 7804 4159 5648 9486 9326 4885 12903 11191 1348 3721 1758 261 18426 3591 20874 11378 8951 5619 1685 14835 486 30707
cat_boundaries=0 1 2 3 4
cat_threshold=208 16 76 4
is_linear=0
shrinkage=0.04


Tree=14
num_leaves=63
num_cat=4
split_feature=11 22 0 11 22 0 22 1 22 20 0 1 25 32 22 14 11 1 5 0 0 23 4 16 23 29 32 10 14 4 24 24 0 29 1 22 21 1 14 22 21 24 21 1 21 14 8 1 5 15 25 20 22 25 16 11 22 21 25 21 20 25
split_gain=3624.7 748.038 454.487 342.352 197.156 180.091 124.138 97.23 96.1012 84.4489 78.8356 68.0542 67.1855 64.8276 56.0983 50.794 46.3348 44.6093 44.0169 43.7559 42.5746 41.7634 36.8121 35.5237 31.912 31.1265 38.0049 30.0574 29.7387 28.3779 28.2113 28.0627 27.9239 27.4462 30.0192 26.6897 25.6525 33.3117 27.7175 25.2251 24.5939 24.5327 24.3018 23.8849 33.967 30.6538 23.4794 23.2469 22.93 26.5307 22.5902 31.9175 25.2644 22.6586 22.5756 22.2071 22.2029 21.8901 21.6624 21.3326 21.2356 20.6477
threshold=0.069035604596138014 0.092618513852357878 2.554999947547913 0.19311824440956118 0.066482517868280425 1.7749999761581423 0.037652041763067252 1.9149999618530276 0.03614510782063008 79.000000000000014 2.2549999952316289 2.4850000143051152 33.125000000000007 0 0.16758911311626437 84.979999542236342 0.37119558453559881 1.4650000333786013 40.500000000000007 0.58499997854232799 2.1250000000000004 1.0013249516487124 2.1950000524520878 1.5000000000000002 1.0640090107917788 1 2 8.7500000000000018 91.625000000000014 1.7549999952316286 0.061684973537921912 0.058954022824764259 2.1450001001358037 3 2.2050000429153447 0.12007877603173257 73.712642669677749 1.485000014305115 95.884998321533217 0.1857978627085686 60.947811126708991 0.13638249784708026 61.583427429199226 2.3549998998641972 65.880176544189467 77.479999542236342 108.25000000000001 1.9149999618530276 33.500000000000007 3.5000000000000004 302.12500000000006 218.00000000000003 0.059390088543295867 221.37500000000003 3.5000000000000004 0.24247197061777118 0.1857978627085686 75.92813873291017 677.12500000000011 76.617176055908217 177.50000000000003 353.87500000000006
decision_type=8 8 8 10 8 8 10 10 10 2 8 10 2 1 10 8 10 10 2 8 10 10 2 2 10 9 1 2 10 2 10 10 10 9 8 10 10 10 10 10 8 10 8 8 10 10 2 10 2 2 2 2 10 2 2 8 10 10 2 10 2 2
left_child=2 3 4 6 32 13 23 21 19 -7 18 15 -10 27 22 35 33 54 25 -5 -9 -6 28 57 59 -8 -27 -3 42 41 31 -26 47 -14 46 -4 37 38 -12 -23 -17 -30 -11 44 -16 -45 -35 -1 49 -24 53 61 -53 -48 -15 -44 -13 -2 -50 -21 -34 -52
right_child=1 5 11 8 7 9 10 20 12 14 36 56 16 17 43 40 -18 -19 -20 24 -22 39 48 -25 30 26 -28 -29 29 -31 -32 -33 60 34 -36 -37 -38 -39 -40 -41 -42 -43 55 45 -46 -47 50 -49 58 -51 51 52 -54 -55 -56 -57 -58 -59 -60 -61 -62 -63
leaf_value=0.0057598459503448093 -0.011989367090053897 0.026175838503634034 -0.017263087575096151 0.037238466778830671 -0.010274745408722658 0.038359680330460465 -0.005431346455184686 0.0044729786720643294 0.0057581885852970426 -0.030928856846603906 0.012612961104361744 -0.03628907916611334 -3.3175135975436423e-05 0.035902094198598897 0.02834837475563038 0.01190425603358076 0.040612232129360513 0.018742948518335689 -0.0052200415611967565 0.0011525386547526482 -0.012834018822751592 0.01584356544662726 0.0055329100967621029 0.014871992091824672 0.019236216473701006 0.028887234542025117 0.0079325737192014606 0.043170905251827582 -0.010539336452579951 0.022601498124864085 -0.00023221740805784078 0.092885390129889292 -0.014479098586942083 0.039800766836052597 0.0087619937799966428 0.0084863151153290496 -0.020638502017178852 -0.012573851824339193 -0.012028554067014233 0.043716282035155478 -0.030130460531887615 0.012140365909706508 0.012443657709050837 0.035626958029530184 0.075176760526072292 0.012351824207393778 0.020930652102293647 -0.018742166754419795 -0.0078604812806314511 0.035696979117949973 0.051567135515575346 0.10994035320964636 0.040492435981131399 -0.0078632211983857055 0.008938224875934455 0.024324528783534697 -0.016299039363656738 -0.024852694966186206 0.058315522399412574 -0.018036325153327808 -0.030624746123453034 0.01147163106817287
leaf_weight=77.222604655660689 366.56434227805585 224.03826453536749 269.10605758894235 45.805404039099813 81.964103123173118 299.82081963121891 116.9197207139805 330.61289535555989 366.16825025808066 13.445436956360934 222.1023517632857 2580.5428837481886 98.046079897321761 613.93392603285611 384.95017179101706 21.555682954378426 254.53475799411535 640.01264761947095 288.25356987398118 181.4475454762578 716.763596910052 285.35765551496297 289.98293706588447 48.658845216035843 31.789092375896871 252.2952925870195 311.90385658293962 872.90896946005523 161.3595455698669 124.74499431904405 67.963119894266129 10.227079780772327 175.2542950771749 187.98807221557945 170.93482622876763 82.657928843982518 211.08211206737906 397.33698418363929 106.23387994989753 63.788703467696905 915.14484523329884 141.206577334553 415.46079024020582 121.43367567192763 25.784061085432768 364.04727598652244 189.16758342087269 287.55064016580582 230.70046656485647 54.126450291834772 25.995994538068771 11.41868796572089 37.749350659549236 55.066158145666122 56.624427914619446 684.17748606950045 98.409080866724253 533.00800835434347 6.1866612769663325 185.48709569592029 613.36271481402218 87.448277309536934
leaf_count=1551 7203 3255 7930 559 4128 2565 2044 5925 6663 172 3749 65799 1343 8010 4829 458 2855 6637 4994 3160 14698 4440 5404 741 389 3961 4420 9782 4249 2016 845 120 3382 2265 2343 1719 4171 8238 1900 735 25248 1814 6949 1622 265 5010 2843 6211 5301 989 250 115 337 549 438 11608 2831 10346 73 3371 14600 820
internal_value=-0.00010162 0.0144009 -0.023365 0.00285856 -0.010461 0.0241968 -0.00603966 -0.000779985 0.0155095 0.0181283 -0.000147575 -0.0319135 0.0206973 0.0325334 0.0160915 -0.0242605 0.0255624 0.0264264 0.00783696 0.000738484 -0.00736519 0.0151603 0.0125181 -0.0178502 -0.00289134 0.0133736 0.0170843 0.0397611 0.0157531 0.00671193 0.0158015 0.0407507 -0.022841 0.021035 0.0234312 -0.0111761 -0.00841774 -0.00480505 0.00459137 0.0211787 -0.0291313 2.91531e-05 0.0191985 0.0244942 0.0316575 0.0183123 0.0279823 -0.0135301 0.00390282 0.0104795 0.0223339 0.0338893 0.060444 0.014395 0.0336704 0.0198737 -0.0355705 -0.0196581 -0.00562495 -0.00857102 -0.0270925 0.0214631
internal_weight=17185.8 10586.5 6599.29 4861.6 2631.88 5724.95 2854.36 1478.49 2007.24 3317.43 1906.13 3967.42 1484.52 2407.52 3017.61 1288.46 1118.35 1310.57 969.372 522.719 1047.38 431.11 2121.39 948.231 476.914 681.119 564.199 1096.95 1540.39 427.311 109.979 42.0162 1153.39 863.815 765.769 351.764 936.755 725.673 328.336 349.146 936.701 302.566 1113.08 896.215 410.734 485.481 594.834 364.773 580.997 344.109 406.846 162.612 49.168 244.234 670.558 1099.64 2678.95 899.572 236.887 366.935 788.617 113.444
internal_count=321237 161582 159655 80594 55670 80988 51767 29926 28827 52866 33477 103985 20383 28122 50301 35355 13720 15085 15419 8444 20623 9303 38575 18290 7885 10425 8381 13037 26808 8079 1354 509 25744 10865 9522 9649 18058 13887 5649 5175 25706 6063 18729 11726 5094 6632 7179 7762 11767 6393 4914 1522 452 3392 8448 18557 68630 17549 5374 6531 17982 1070
cat_boundaries=0 1 2 3 4
cat_threshold=8 44 8 44
is_linear=0
shrinkage=0.04


Tree=15
num_leaves=63
num_cat=3
split_feature=11 22 0 0 11 22 0 23 1 20 11 1 1 11 21 14 15 22 11 22 1 22 4 0 11 0 17 5 21 1 2 17 20 25 20 29 0 10 17 0 32 15 14 26 26 25 20 23 21 21 21 17 5 23 25 14 25 21 27 8 32 22
split_gain=3364.12 705.544 455.888 239.427 229.059 209.248 121.188 111.373 91.8956 76.7049 76.1425 51.4276 50.4921 48.4952 47.9287 47.5373 45.568 43.6602 41.4935 39.8021 39.2629 38.8276 38.3823 34.5135 32.029 30.7984 29.055 28.2274 27.605 27.3588 26.9743 26.7033 25.7847 24.3185 37.6696 23.1697 22.3183 23.1743 22.2556 27.0158 21.7658 21.3054 21.2326 22.7756 20.9295 20.9142 20.6701 21.9082 26.3695 19.9554 19.9298 30.8889 25.5391 22.0911 19.977 21.0202 20.2705 19.7521 19.4659 19.3188 19.3022 19.602
threshold=0.069035604596138014 0.069005299359560027 2.6350001096725468 2.1750000715255742 0.23540768027305606 0.070410095155239119 2.2749999761581425 1.0350533723831179 2.3549998998641972 79.000000000000014 0.25845077633857733 2.5249999761581425 1.8049999475479128 0.35620281100273138 74.533176422119155 88.184997558593764 3.5000000000000004 0.17032737284898761 0.14484369754791263 0.17032737284898761 1.985000014305115 0.10209254175424577 2.1550000905990605 2.1450001001358037 0.42314894497394567 2.7549999952316289 4.5000000000000009 26.500000000000004 79.325862884521499 2.5949999094009404 1.044999957084656 4.5000000000000009 177.50000000000003 296.12500000000006 184.00000000000003 0 2.6750000715255742 13.750000000000002 2.5000000000000004 2.0049999952316289 1 3.5000000000000004 83.305000305175795 1.5000000000000002 2.5000000000000004 51.875000000000007 218.00000000000003 1.0760451555252077 67.717876434326186 65.602870941162124 59.93836975097657 1.5000000000000002 32.500000000000007 1.0912117362022402 541.62500000000011 93.229999542236342 13.875000000000002 68.252796173095717 1.0000000180025095e-35 246.25000000000003 2 0.042542364448308952
decision_type=8 8 8 8 10 8 10 10 10 2 10 10 8 10 10 10 2 10 8 10 10 10 2 10 10 10 10 2 10 10 10 10 2 2 2 9 10 2 10 10 1 2 10 2 2 2 2 10 10 10 8 10 2 10 2 10 2 10 2 2 1 10
left_child=2 3 5 7 6 23 9 24 19 42 22 21 40 29 20 18 35 25 -14 38 44 -4 28 -1 -2 30 33 57 -9 -6 -8 36 -25 46 -35 -17 37 -15 39 -7 -11 -16 43 45 -5 -3 47 48 -12 -21 -18 53 54 -52 55 -53 -57 -10 -33 -39 -24 -62
right_child=1 4 11 14 13 8 17 10 27 12 26 -13 15 31 41 16 50 -19 -20 49 -22 -23 60 32 -26 -27 -28 -29 -30 -31 -32 58 -34 34 -36 -37 -38 59 -40 -41 -42 -43 -44 -45 -46 -47 -48 -49 -50 -51 51 52 -54 -55 -56 56 -58 -59 -60 -61 61 -63
leaf_value=-0.012197548352682901 -0.015244472705480825 0.043860497439641793 -0.029665587087295921 -0.000911808203983078 0.026156232675634841 0.028577839393226317 -0.0009943529684486173 0.013280987051320971 0.0079112121142481569 0.017849949160852509 0.089971197210262352 -0.036083880006572783 0.0078668883795981279 0.027251942524451383 -0.023955310476472147 0.0050784445344015921 0.049160673756465524 0.020860002747789232 0.022531876238663179 0.019830626351112428 -0.017095089053107998 -0.012258275469700158 -0.016976967649129523 -0.014598263821145025 0.025572326597810113 -0.017135032921182153 0.0052165322504552263 -0.018669476989900041 -0.018227683445157145 -0.00090384810783706335 0.023587682161886735 0.02795673028845792 -0.029930817752995251 0.011787879655369293 0.060536861804479404 -0.015783381514687903 0.00054267823033923618 0.044297966108191485 -0.0046420102422236832 0.0039206038036214853 0.031306513739280201 0.0035847464950536814 -8.297165599194905e-05 0.055103248271696645 0.039719160637565393 0.015630847265810238 -0.0064511285731267808 0.015515360833257209 0.031341851141673323 0.063340668643880965 0.041815197603398371 0.014713702678739256 0.0099744346961546104 -0.0076517106740128836 0.0043046913642410508 0.0078012112652629155 0.086611742370002173 -0.012132597459722125 -0.015515728057284304 0.027240374141432544 -0.01150333277660916 0.015283403818384634
leaf_weight=385.80492516048253 347.04976812563837 92.726614447310567 897.20514025166631 395.51969393994659 1460.5889981724322 90.972696460783482 513.01345562189817 652.57239841297269 146.85902101546526 358.92179900594056 12.936192221939562 2312.5650237342343 432.82577751018107 258.93783080764115 606.44246225710958 719.51846809498966 35.755242818966508 163.40791655890644 1118.1923421546817 135.26830313913524 342.8922941731289 273.18384633399546 135.01714899949729 237.3532435093075 31.794258218258619 162.60016454290599 101.13870289642364 410.57387936953455 45.814063969068229 61.596223589032888 80.86184243299067 38.218918358907104 778.84652956482023 39.306507386267185 78.705109111964703 84.742002794519067 26.205504521727562 707.08724973909557 305.10154871828854 310.47562290169299 455.18441325798631 47.468151222914457 21.81043865904212 109.38958409428596 19.364582102745771 83.592120334506035 32.746131505817175 146.29963952861726 119.05471754260361 18.422649784013629 15.310181463137267 15.086857026442884 57.613143913447857 85.144712897017598 14.858336336910723 6.9905209243297568 30.624657541513443 164.49749882239848 25.990166928619146 142.91932779178023 78.128098181448877 93.967415540479124
leaf_count=8283 8507 1004 26273 7257 17296 1634 10448 8736 3214 3919 167 61288 7226 2937 12369 11357 448 2263 17308 2180 7210 6528 2068 4751 568 3938 1256 9044 721 890 1187 399 19458 351 696 2157 441 7544 6705 6727 5924 1034 224 732 218 589 587 1452 1681 199 626 304 826 1342 140 191 385 3386 525 1503 1262 1487
internal_value=1.06852e-05 0.0137703 -0.0227635 -0.00152241 0.0206627 -0.0112748 0.0152614 0.00768735 -0.00129326 0.0184607 0.0124797 -0.0325925 0.0167222 0.0298866 -0.0140115 0.0139889 0.00745151 0.00223932 0.01846 0.00752479 -0.00712031 -0.0256372 0.00597982 -0.0225154 -0.0116816 -0.00181682 0.024723 -0.0118035 0.0111565 0.0250562 0.00240724 0.0359587 -0.0263932 0.0292571 0.0448336 0.00270392 0.0373822 0.038243 0.00346692 0.00964201 0.0254419 -0.0219391 0.0375957 0.0404804 0.00114689 0.0308472 0.0230729 0.0265968 0.0384049 0.0258442 0.0218977 0.0171482 0.0302453 0.000478479 0.0466328 0.0578265 0.0733006 -0.00266276 0.0103022 0.04151 -0.00576219 0.00308433
internal_weight=17173.1 10705.9 6467.13 3326.22 7379.71 2984.18 4658.17 1914.53 1582.17 3738.29 1535.69 3482.95 3430.77 2721.54 1411.69 2616.66 1065.64 919.883 1551.02 860.241 757.777 1170.39 1005.5 1402 378.844 756.475 530.187 721.93 698.386 1522.19 593.875 1199.36 1016.2 429.048 118.012 804.26 1135.15 1108.94 706.55 401.448 814.106 653.911 307.519 285.708 414.884 176.319 311.037 278.291 131.991 153.691 261.384 225.628 125.174 100.455 67.5604 52.702 37.6152 311.357 64.2091 850.007 307.113 172.096
internal_count=321370 161700 159670 57627 104073 65581 72538 29539 33089 54702 20464 94089 52153 31535 28088 42310 17776 17836 24534 17445 14685 32801 14274 32492 9075 15573 6190 15644 9457 18186 11635 13349 24209 4934 1047 13514 12425 11984 15066 8361 9843 13403 2549 2325 7475 1593 3887 3300 1848 2379 4262 3814 1846 1968 1020 880 576 6600 924 9047 4817 2749
cat_boundaries=0 1 2 3
cat_threshold=208 4 4
is_linear=0
shrinkage=0.04


Tree=16
num_leaves=63
num_cat=1
split_feature=0 22 1 9 0 22 22 17 0 20 14 1 21 17 17 4 15 4 22 9 20 23 6 22 4 22 19 23 19 1 22 5 16 10 6 10 19 22 23 20 23 16 22 6 28 25 19 25 4 5 22 25 5 19 25 8 1 20 21 0 22 5
split_gain=3039.66 598.165 492.213 286.395 189.8 169.25 146.021 132.731 108.127 95.2295 67.8593 65.8548 63.4877 59.0101 52.1536 48.4879 46.1755 45.7005 44.5351 39.9412 37.8372 34.7025 32.2993 31.521 31.4077 31.1096 30.685 44.2925 30.0709 30.9417 30.0602 30.0059 29.4928 29.8726 31.2954 29.3537 28.7757 28.2415 26.5901 25.3269 32.2794 25.5766 26.8371 25.3069 28.5956 25.1953 24.948 24.2453 23.7664 23.583 23.3244 28.0692 27.296 24.8702 22.7572 25.671 22.1604 21.7047 21.7015 20.2546 20.4646 19.7965
threshold=2.2749999761581425 0.092618513852357878 2.3249999284744267 3.5000000000000004 2.7549999952316289 0.053186543285846717 0.069005299359560027 4.5000000000000009 1.6349999904632571 175.00000000000003 79.979999542236342 1.5049999952316286 73.944297790527358 1.5000000000000002 2.5000000000000004 2.1250000000000004 3.5000000000000004 2.3850001096725468 0.049019973725080497 13.500000000000002 110.00000000000001 1.0560394525527956 58.500000000000007 0.1468901410698891 2.5049999952316289 0.1857978627085686 23.000000000000004 1.0399132370948794 23.000000000000004 2.5049999952316289 0.020898253656923774 21.500000000000004 4.5000000000000009 24.250000000000004 153.25000000000003 4.7500000000000009 167.50000000000003 0.10294625535607339 1.0326827168464663 79.000000000000014 1.2017182707786562 1.5000000000000002 0.20162245631217959 116.25000000000001 0 150.62500000000003 9.5000000000000018 457.12500000000006 2.2549999952316289 35.500000000000007 0.13181531429290774 650.37500000000011 28.500000000000004 167.50000000000003 82.375000000000014 17.500000000000004 1.8949999809265139 171.50000000000003 67.120429992675795 1.0000000180025095e-35 0.23492708802223208 27.500000000000004
decision_type=10 8 8 2 10 10 8 10 8 2 8 10 10 8 10 2 2 2 10 2 2 10 2 10 2 8 10 10 10 10 10 2 2 2 2 2 8 8 10 2 10 2 10 2 9 2 10 2 2 2 10 2 2 10 2 2 8 2 10 10 10 2
left_child=1 3 5 9 6 -2 -4 11 15 31 20 19 38 23 35 32 28 61 56 43 -10 -13 45 -8 49 48 27 -14 -12 -30 -23 -1 33 39 50 -7 -32 -6 58 40 -3 42 -41 44 -5 -21 -20 -24 -22 -15 51 53 -52 -35 59 -56 -11 -17 -9 60 -43 -16
right_child=2 8 4 7 37 14 13 12 10 18 16 21 26 24 17 57 -18 -19 46 22 25 30 47 -25 -26 -27 -28 -29 29 -31 36 -33 -34 34 -36 -37 -38 -39 -40 41 -42 54 -44 -45 -46 -47 -48 -49 -50 -51 52 -53 -54 -55 55 -57 -58 -59 -60 -61 -62 -63
leaf_value=0.0093777308668724427 -0.02033847201166122 0.054845456950659156 -0.029385127424110126 0.029760540614663107 -0.03632237268432556 0.00079332226480503267 -0.0019501030698422369 0.048612312730060205 0.037999383370721639 -0.001645787405130075 -0.0059589787863466069 0.0001009020156303949 0.072667834173782267 0.00086264568105121422 0.01786003551015353 0.030655440567363513 0.025163768679204258 -0.01869516085398535 -0.027676941673781656 0.035616029044928596 0.01950443953540737 0.073334707558912304 0.039066436268841265 0.026765202080543792 -0.021867191128296524 0.03092662834638055 -0.030140921920641044 -0.0210931808719063 0.013477915911658225 -0.010228638226359773 0.0099113974194723151 -0.0086910936701271608 -0.0094374457863252558 0.02273829656527045 0.018414543452847029 0.018801413294010298 0.026867899866785075 -0.02632000768232937 0.0085507713818192606 0.029476121507143058 0.022046406623891568 0.021289390309710523 0.066572641280585237 -0.0069577588913252719 0.0080389733421456049 0.098533476743402779 -0.0031085959446005978 0.0066214604809818126 -0.0005940578181990396 -0.016238437579118876 0.056910947439224716 0.081375303633188484 0.035273235911087067 0.051660557830398281 0.063777504397655185 0.023996613497554903 -0.023709019727904523 0.0058584916330332061 -0.026441473538448328 0.008785238946427406 0.081307248087585812 -0.00083075921952652525
leaf_weight=478.09326461795717 655.23341605160385 113.55520800873637 1046.908366329968 295.37185180559754 2140.4399643018842 221.80584441125393 193.63812474906445 4.958027039654552 273.53492520935833 83.447539930231869 173.88077140506357 325.24143117852509 10.431070120073857 275.47747426945716 115.23052031546831 79.881729213520885 385.56745522469282 208.86807536799461 74.229799889028072 24.281463985331357 702.35534962452948 12.330630268901585 167.78444359451532 86.948228733614087 422.98945862241089 373.4335431996733 159.26844439096749 21.021657471545041 1167.0037589389831 93.449056354351342 608.78322642762214 209.77604619786143 26.444307126104832 235.74595090560615 119.38749220222235 421.51941158808768 219.19129262119532 617.15475909039378 374.70421432610601 257.59737798199058 91.376342874020338 47.591315405443311 36.224572001025081 50.431105908937752 148.40261012222618 22.819293212145567 514.63069829344749 49.045649837702513 107.63674239534885 239.00876359734684 231.1845597345382 16.420868955552578 187.26947616785765 61.519782559946179 29.079651417210698 222.94742375425994 637.01897267624736 190.01382737327367 58.192792815156281 296.40554801374674 10.333272734656928 396.41103862877935
leaf_count=7651 13987 951 26281 3305 56919 4492 4710 208 2386 1628 3851 7014 223 6514 2015 1015 6463 4584 1630 393 9469 161 2200 1415 11398 6709 3450 341 16991 1627 7276 3656 197 2880 1230 5640 2621 20614 5294 3637 607 541 381 752 1918 175 9687 422 1846 6111 2039 109 2121 807 256 1814 13250 3032 1712 3842 81 6541
internal_value=-0.000187966 0.0138979 -0.0203497 0.00315035 -0.027053 -0.00366057 -0.0184381 0.0120254 0.0227343 -0.00818795 0.0180691 0.0172361 -0.00391272 -0.00899 0.00436426 0.029494 0.0128854 -0.00301651 -0.0145127 0.0264146 0.024512 0.0112241 0.0390193 0.00704635 -0.013803 0.0213289 -0.0230542 0.0122483 0.00954886 0.0117006 0.0155093 0.00384655 0.0316649 0.0322335 0.0379702 0.0126267 0.0144639 -0.0341074 0.00447368 0.0277454 0.0406139 0.0247234 0.0344959 0.0195367 0.0225832 0.069033 -0.00630234 0.0318917 0.0168289 -0.00709843 0.0410893 0.0323182 0.0474604 0.0290558 0.0198769 0.0290841 -0.0211763 0.0133986 -0.0191147 0.0131791 0.0344859 0.00341631
internal_weight=17120.9 10079.3 7041.63 4549.46 5022.57 2019.07 2264.97 2552.26 5529.84 1997.2 3276.86 1923.68 628.576 1218.06 1363.83 2252.98 1819.9 720.51 1309.33 758.136 1456.96 1165.55 263.931 280.586 937.476 1183.43 190.721 31.4527 1434.33 1260.45 840.305 687.869 1983.08 1956.64 851.528 643.325 827.975 2757.59 437.855 1105.11 204.932 900.179 293.822 494.206 443.774 47.1008 588.86 216.83 809.992 514.486 732.141 313.687 418.454 297.266 606.357 252.027 720.467 269.896 63.1508 354.33 57.9246 511.642
internal_count=321070 149849 171221 74967 133962 37259 56429 37465 74882 37502 49342 26237 11228 30148 23272 25540 28932 13140 26195 9165 20410 17072 3190 6125 24023 18024 4014 564 22469 18618 10058 11307 21493 21296 9186 10132 9897 77533 7214 12110 1558 10552 4018 5975 5223 568 11317 2622 11315 12625 7956 3796 4160 3687 6534 2070 14878 4047 1920 4464 622 8556
cat_boundaries=0 1
cat_threshold=16
is_linear=0
shrinkage=0.04


Tree=17
num_leaves=63
num_cat=2
split_feature=11 22 0 11 22 0 22 0 0 5 1 21 30 22 17 1 1 1 22 1 20 0 14 11 1 17 15 14 23 17 14 19 1 1 5 26 32 19 1 20 11 6 20 0 21 14 22 24 1 21 19 22 0 22 23 24 1 12 27 21 22 0
split_gain=2928.42 577.831 409.682 257.974 171.246 164.695 114.65 74.9313 74.1051 73.4506 64.3081 59.3456 58.5568 50.5704 48.1263 45.7567 45.0353 44.86 42.7062 33.7491 31.9035 30.7935 30.4816 28.7835 28.4355 28.3223 28.3182 42.2921 33.4086 32.7953 28.239 28.0537 26.4184 24.9734 24.876 24.4893 29.0215 23.6984 23.5947 22.9324 24.8545 21.8413 21.5548 21.226 21.1072 20.639 20.4279 23.527 20.135 20.1281 19.6347 27.0981 19.5587 19.3762 19.2793 18.8399 18.5873 19.5067 18.5829 19.4274 18.1714 18.0283
threshold=0.06256990879774095 0.0515999123454094 2.554999947547913 0.19489352405071261 0.066482517868280425 1.825000047683716 0.11531509459018709 1.3049999475479128 2.5049999952316289 28.500000000000004 2.5349999666213994 79.325862884521499 0 0.193641372025013 4.5000000000000009 1.9950000047683718 2.3149999380111699 1.6050000190734866 0.070410095155239119 1.0549999475479128 110.00000000000001 1.6050000190734866 77.305000305175795 0.54502454400062572 2.2749999761581425 3.5000000000000004 3.5000000000000004 92.095001220703139 1.06830769777298 3.5000000000000004 69.479999542236342 49.500000000000007 2.5949999094009404 1.6749999523162844 1.5000000000000002 1.5000000000000002 1 167.50000000000003 2.3349999189376835 177.50000000000003 0.24982566386461261 137.25000000000003 159.00000000000003 2.4650000333786015 76.79990386962892 93.08499908447267 0.12391588091850282 0.15755258500576022 2.1450001001358037 63.345434188842781 49.500000000000007 0.036844028159976012 2.4050000905990605 0.1330504193902016 1.0326827168464663 0.30805669724941259 0.35500000417232519 22.500000000000004 1.0000000180025095e-35 70.018600463867202 0.26898275315761572 2.2949999570846562
decision_type=8 8 8 10 8 8 10 10 10 2 10 10 9 10 10 8 8 8 10 8 2 10 8 10 10 10 2 10 10 10 10 8 10 8 2 2 1 10 8 2 8 2 2 10 10 10 10 10 8 8 10 10 10 10 10 10 10 10 2 10 10 8
left_child=2 5 4 6 24 14 8 19 20 13 18 15 33 32 17 25 46 56 -4 -5 -3 30 -20 34 44 31 27 29 41 49 -14 -7 52 -8 -21 36 -35 -30 -11 40 -17 -28 -12 -18 -1 53 47 58 -10 -22 -19 -52 -6 -37 -16 -15 -2 -58 -9 -60 -32 -39
right_child=1 3 10 7 9 11 12 16 48 38 42 -13 21 55 54 39 43 50 22 23 26 -23 -24 -25 -26 -27 28 -29 37 -31 60 -33 -34 35 -36 45 -38 61 -40 -41 -42 -43 -44 -45 -46 -47 -48 -49 -50 -51 51 -53 -54 -55 -56 -57 57 -59 59 -61 -62 -63
leaf_value=-0.0079705278055689048 0.050569945638316821 0.041004469270077878 -0.030535670306052486 0.040265281779752436 0.012451549403914393 -0.013213929108118992 0.02564858516811382 0.024077403670325098 6.0964612844459731e-05 -0.0015026103645094 -0.022987028165025878 -0.028339191574259501 0.062333066151558154 0.040708327252811989 -0.02433445881396399 -0.0095112130018188152 0.013048898590135645 -0.0083839082651318633 0.003024261890330207 -0.0072443220957701454 0.06780922525416902 0.016973291193232865 -0.020185102940690296 0.041552990151217259 -0.027560289563742738 -0.0097549978227822482 0.050372037351031532 -0.0056023212737685082 -0.0062708392573330623 -0.0017118965401118444 0.039284363187532471 0.017881075475539222 -0.010747553418210326 0.0051139740291261003 0.025613469490778331 0.0031240305835698078 0.017052677161079922 0.029312112526302347 -0.017656086248563924 -0.018933338758704489 0.029857533439373612 -0.0062019561121618091 -0.036498467823823239 -0.0083101168132396173 -0.028641014155646283 0.0076630405228899556 0.027823057680868412 9.4736646271978542e-05 -0.019244894597951586 0.011417990321410845 -0.00078022144340983803 0.024664187853631149 -0.0052307431659859779 0.036086318729602801 0.00070472588282862229 -0.0073584935174240652 0.01846805397216356 0.071397407164301305 0.020478716935714032 -0.0038765490827424639 -0.0035520191720815049 -0.0018637423322411916
leaf_weight=291.54193543642759 45.545112401247025 43.036687340587378 704.64687693770975 462.9157031904906 385.58850009739399 60.039719551801682 286.60284692887217 710.43714264873415 139.02738684881479 246.45814019069076 226.10577207617462 327.98015732225031 88.862693367525935 86.050109935924411 69.161605472676456 125.64428975526243 459.33280719537288 110.76951788365841 110.81195357628167 37.165984062477946 8.3784142155200225 88.419000955298543 468.33961096964777 192.07446647621691 621.62955709733069 213.30255410820246 62.935116927139461 449.18616145383567 84.229504922404885 376.08054383378476 57.00464646704495 183.11000055354089 156.42856838367879 741.6415690490976 939.12826686538756 35.508903472684324 586.32754487730563 99.904847574420273 353.75035791285336 579.40847671031952 30.092431781813502 12.339581986889241 2077.1532592689618 86.863973377272487 108.7816807879135 97.058055004104972 766.84450463019311 96.206018814817071 222.91975172050297 1059.8184907799587 137.46756947226822 127.28947092033923 132.92250732239336 165.95844094827771 157.20379957742989 14.343353739008306 191.24943239428103 10.344628145918248 123.57442928850651 88.168891333974898 20.782923649996519 40.888539676554501
leaf_count=6607 525 854 22418 3974 7606 1092 3455 8259 2600 4303 6022 6714 728 1342 1628 2180 7802 1662 2726 508 94 1000 12098 1922 15221 4016 2034 8592 1210 7282 534 3041 3436 10209 10317 347 8684 1173 8539 12802 431 384 58905 2084 2412 941 7789 814 6421 18330 2044 1628 2802 1310 2222 154 2356 98 2262 1460 144 583
internal_value=-6.75372e-05 0.012093 -0.0226168 0.0168466 -0.00979905 -0.0054229 0.0105673 0.0243892 0.00489082 -0.000572594 -0.0311714 -0.0133029 0.0173565 0.00754596 0.00866918 -0.00911694 0.0197452 0.0144033 -0.0239 0.0309892 0.00761111 0.0353597 -0.0157354 0.0272446 -0.0221846 0.000815573 0.00691561 0.00508829 0.018301 0.00842186 0.0468472 0.0101251 0.00354775 0.0146564 0.0243422 0.0127755 0.0104089 0.0103531 -0.0110634 -0.0152804 -0.0015713 0.041074 -0.0351966 0.00961957 -0.0137217 0.023137 0.0228245 0.0190055 -0.0118478 0.0119937 0.00561167 0.0115161 0.00790057 0.0304038 -0.0070566 0.0337532 0.0275776 0.0218981 0.0209653 0.0103585 0.0279371 0.0203029
internal_weight=17082.8 11098.2 5984.55 8729.62 2397.49 2368.61 4766.91 3962.71 2598.75 1375.54 3587.06 1519.58 2168.17 775.333 849.031 1191.6 2331.43 622.666 1283.8 1631.28 2236.8 255.069 579.152 1168.37 1021.95 456.452 2193.76 1893.46 300.298 1444.28 166.65 243.15 674.94 1913.1 976.294 1626.49 1327.97 225.023 600.208 735.145 155.737 75.2747 2303.26 546.197 400.324 298.525 1785.23 1018.39 361.947 1068.2 375.527 264.757 518.511 201.467 226.365 100.393 247.139 201.594 922.18 211.743 77.7876 140.793
internal_count=321130 166539 154591 124100 52422 42439 76909 47191 49557 28182 102169 30276 27352 15340 12163 23562 30470 8313 37242 16721 40536 2406 14824 12747 24240 8149 39682 34298 5384 25706 1406 4133 13844 24946 10825 21491 18893 2966 12842 15413 2611 2418 64927 9886 9019 2598 20584 12795 9021 18424 5334 3672 10408 1657 3850 1496 2979 2454 11981 3722 678 1756
cat_boundaries=0 1 2
cat_threshold=8 4
is_linear=0
shrinkage=0.04


Tree=18
num_leaves=63
num_cat=4
split_feature=11 22 4 4 22 11 16 6 22 4 21 4 11 22 19 25 25 22 22 23 1 32 5 25 1 1 25 15 8 21 23 32 7 17 6 19 1 1 26 25 4 23 24 4 5 32 25 29 21 11 25 22 15 21 22 25 23 24 5 1 22 15
split_gain=2717.47 523.43 316.875 247.196 203.196 143.457 126.711 85.6903 83.6935 85.2048 75.3906 74.6524 57.9268 49.8708 49.5376 46.7337 77.3879 43.5558 42.5925 40.7261 38.5424 38.1632 37.6812 37.1546 35.1366 34.5427 32.4885 32.226 28.4129 27.1322 27.1147 26.9817 37.2264 25.2747 25.1946 25.1342 26.0909 24.1719 23.6587 30.0812 38.8123 23.7453 38.0222 23.4507 26.9789 23.432 32.1934 32.7633 23.3371 23.2971 24.0147 35.451 22.7319 27.4587 21.601 32.8738 20.997 20.9334 20.7683 20.4503 20.4404 20.2406
threshold=0.064839839935302748 0.047027543187141425 2.6350001096725468 2.2050000429153447 0.070410095155239119 0.3486414253711701 1.5000000000000002 57.500000000000007 0.12391588091850282 0.65500000119209301 77.739685058593764 1.485000014305115 0.13287874311208728 0.097551945596933379 167.50000000000003 298.37500000000006 431.12500000000006 0.14145641028881076 0.10294625535607339 1.0752580165863039 2.5049999952316289 0 41.500000000000007 690.87500000000011 1.4249999523162844 2.2749999761581425 331.62500000000006 3.5000000000000004 200.25000000000003 58.605054855346687 1.1644505858421328 1 78.500000000000014 4.5000000000000009 15.500000000000002 9.5000000000000018 1.9650000333786013 1.7150000333786013 1.5000000000000002 30.375000000000004 1.1349999904632571 1.1748403906822207 0.20886715501546863 2.5149999856948857 41.500000000000007 2 325.37500000000006 3 65.01169586181642 0.64760348200798046 88.125000000000014 0.12520716339349749 3.5000000000000004 62.568962097167976 0.10359223932027818 423.75000000000006 1.0013249516487124 0.07844030857086183 58.500000000000007 1.9550000429153445 0.19803933054208758 4.7500000000000009
decision_type=8 8 2 2 8 10 2 2 8 2 10 2 10 10 10 2 2 10 10 10 8 1 2 2 8 10 2 2 2 8 10 1 2 8 2 10 8 8 2 2 2 10 10 2 2 1 2 9 10 10 2 8 2 8 10 2 10 8 2 10 10 2
left_child=2 6 4 5 25 8 10 11 9 58 12 60 -2 43 22 31 -17 -13 -4 -18 -9 35 45 30 -14 -1 29 -28 -24 -23 -21 32 -16 -26 -20 -10 -37 -15 39 -31 41 -41 48 44 -5 -11 47 -47 -43 50 51 -7 53 -40 55 -36 -49 -55 59 -3 -6 -54
right_child=1 3 18 13 7 49 -8 20 21 14 -12 17 24 37 15 16 19 -19 34 23 -22 26 28 -25 33 -27 27 -29 -30 38 -32 -33 -34 -35 54 36 -38 -39 52 40 -42 42 -44 -45 -46 46 -48 56 -50 -51 -52 -53 61 57 -56 -57 -58 -59 -60 -61 -62 -63
leaf_value=-0.01606913283563086 -0.014830649327781496 0.0036561110913779778 -0.034744754326989195 0.0034220803391901912 -0.020790867060991088 0.011437065766254941 0.020823000385952299 -0.0047025891381731674 0.0041664156312228992 0.0089949458353600076 -0.022056085120381146 0.0068070399343577804 0.017449785284400495 0.020651294957570544 0.016802342178770652 0.063600312306765688 0.087619649657616261 0.032223550648646078 0.0078720336773572281 -0.0053968812497629118 -0.020549067783005505 0.032574425741147252 -0.011547726656457704 0.058544811458622441 0.0031792954020794712 -0.028630198571729468 0.022796329577666943 0.054770374176884795 0.011455589800988486 0.025234318644206128 0.032910260736373383 0.0040210168571221472 0.078722420935487564 -0.016591513894816372 -0.029236470073099631 0.03922828716379826 0.023882319794042907 0.0050595389347558107 0.045964751891701003 -0.018093266407720559 0.014831923272546951 0.03670091027094103 -0.0099606950199453512 -0.018781307957761898 -0.013253300093115688 -0.0081583411525803472 -0.0079179917398356555 -0.0051053655140975707 0.0023716991453778999 0.043744186138373074 0.034030515975527087 0.03030477654919193 0.052012841553056743 0.07193645100837609 -0.025585937071490338 0.10251275967257488 0.027109753062280424 0.012264988938535053 0.057284417981051584 -0.011665905654706828 0.021673567712859311 -0.011923229531737172
leaf_weight=567.18149236775935 508.11165544576943 776.83374307304621 2125.217883978039 516.05463535618037 153.97457852493972 272.45832071360201 232.1114457026124 579.01678412035108 65.23299895785749 519.74491054750979 596.52043054811656 375.05593387316912 190.87467766366899 211.76573243271559 71.409965817816556 110.29328582808375 11.457847248762844 151.02986857295036 40.349942022934556 96.683600816875696 428.73557088151574 141.45635981671512 161.24796635098755 23.933809161186218 346.58809255436063 977.88889392092824 232.15789689682424 65.970164939761162 179.2835848396644 192.40140017867088 40.177161406725645 164.75499213673174 18.71884189080447 144.97176909353584 5.1385946972295624 316.78380365483463 450.93656178656965 639.57828197255731 48.079999938607216 104.07398749794811 519.99773850850761 63.699281025677919 140.77843781840056 151.39455145411193 219.50747645739466 51.159259911626577 58.577010296285152 33.197213787585497 62.791947290301323 183.04357773251832 596.21891665644944 400.89230866543949 56.468022422865033 7.8486612737178794 505.07655758596957 3.5046925283968449 588.49184365477413 347.19348365440965 8.5815240014344436 167.67225237283856 18.701170966029167 8.1698282593861205
leaf_count=13575 10806 12042 62615 10043 4569 4119 2901 10946 805 5800 11918 8301 2881 2524 1107 1012 103 2354 1021 885 12344 1261 2464 209 5681 25575 1718 499 2227 3276 342 3518 263 2887 175 3423 5810 9711 309 1561 5491 889 1404 3730 5329 836 507 1228 685 1606 4251 5430 1692 49 14104 74 7162 9577 95 2593 372 354
internal_value=-0.000100337 0.011564 -0.0219609 0.0156529 -0.0135508 0.018857 -0.00685145 -0.00402214 0.0160743 0.011498 -0.0104697 0.00672357 -0.00463033 0.00207826 0.0159446 0.0264536 0.0376419 0.0142132 -0.0321468 0.0204355 -0.0114795 0.0210544 0.0123625 0.0145814 0.00297384 -0.024051 0.0179993 0.0302161 0.000535914 0.0158101 0.00610308 0.0138235 0.0311791 -0.00267894 -0.0220783 0.0282874 0.0303104 0.00898656 0.0142365 0.0109412 0.00779738 -0.00205844 0.00424377 -0.00454896 -0.00156581 0.0155689 0.0201922 0.0226675 0.0200239 0.0301282 0.028093 0.0227386 0.0217751 0.0180421 -0.0244676 0.0326585 0.0249655 0.0140021 0.00154361 0.000908734 -0.0159506 0.0436963
internal_weight=17047.2 11116.4 5930.87 9097.17 3251.58 7358.87 2019.18 1706.51 5906.26 3082.22 1787.07 698.762 1190.55 1738.3 2129.13 537.43 282.546 526.086 2679.29 172.252 1007.75 2824.04 1591.7 160.795 682.435 1545.07 1991.09 298.128 340.532 1692.96 136.861 254.884 90.1288 491.56 554.07 832.953 767.72 851.344 1551.5 1083.74 891.341 371.344 267.27 886.957 735.562 1251.17 731.425 672.848 126.491 1452.61 1269.57 673.351 467.76 403.122 513.72 8.64329 621.689 355.042 953.088 944.506 172.676 64.6379
internal_count=321038 165013 156025 127939 78036 96602 37074 38886 81196 42393 34173 15596 22255 31337 27663 7439 2551 10655 77989 1539 23290 38803 20224 1436 11449 39150 28765 2217 4691 26548 1227 4888 1370 8568 15374 10038 9233 12235 25287 13306 10030 4539 2978 19102 15372 15533 9733 9226 1574 15406 13800 9549 11981 9935 14353 249 8390 9626 14730 14635 4941 2046
cat_boundaries=0 1 2 3 4
cat_threshold=8 4 4 8
is_linear=0
shrinkage=0.04


Tree=19
num_leaves=63
num_cat=2
split_feature=0 21 4 22 16 21 4 0 0 6 4 14 4 9 5 22 4 22 6 9 4 8 16 22 20 25 20 22 21 14 24 24 5 21 12 24 22 21 21 28 32 17 25 9 4 4 14 15 5 24 21 16 25 17 16 19 17 22 9 22 21 26
split_gain=2470.55 441.869 435.768 275.032 138.609 116.704 109.857 98.8074 78.4137 65.1456 59.1977 50.8755 71.6754 48.1962 47.3941 42.616 40.6148 38.3959 36.3631 34.6232 32.5836 31.1883 34.562 32.2735 30.2277 30.2036 33.5817 32.9556 37.1941 43.7404 31.7239 59.79 29.768 29.902 29.0071 28.6217 27.9566 28.0849 26.6891 26.024 36.9463 25.369 25.1913 24.3323 23.94 36.2177 22.205 22.015 31.3736 26.0009 21.5591 23.4398 20.9126 20.7737 20.6144 20.5263 20.4145 19.8215 21.1994 19.7956 35.5821 19.7819
threshold=2.2749999761581425 70.319358825683608 2.6650000810623173 0.070410095155239119 1.5000000000000002 75.729537963867202 2.2250000238418584 2.7549999952316289 1.1250000000000002 79.500000000000014 2.245000004768372 78.215000152587905 1.4550000429153445 2.5000000000000004 34.500000000000007 0.17032737284898761 2.4650000333786015 0.10209254175424577 96.250000000000014 3.5000000000000004 1.1349999904632571 114.50000000000001 1.5000000000000002 0.14145641028881076 177.50000000000003 109.62500000000001 184.00000000000003 0.096088465303182616 72.26401519775392 79.979999542236342 0.065228797495365157 0.056422362104058273 28.500000000000004 76.094738006591811 2.5000000000000004 0.027737906202673916 0.16155823320150378 65.480831146240249 63.022916793823249 0 1 2.5000000000000004 690.87500000000011 2.5000000000000004 0.35500000417232519 2.3950001001358037 91.979999542236342 3.5000000000000004 31.500000000000004 0.081249449402093901 69.330890655517592 1.5000000000000002 765.12500000000011 4.5000000000000009 1.5000000000000002 52.500000000000007 3.5000000000000004 0.23492708802223208 2.5000000000000004 0.19607897847890857 60.628669738769538 1.5000000000000002
decision_type=10 10 2 8 2 10 2 10 8 2 2 10 2 2 2 10 2 10 2 2 2 2 2 10 2 2 2 10 10 10 10 10 2 10 10 10 10 10 8 9 1 8 2 2 2 2 10 2 2 10 10 2 2 8 2 10 8 10 2 8 10 2
left_child=1 6 3 13 5 10 8 9 57 15 25 18 38 32 21 44 36 -4 50 52 -9 22 23 -14 -7 26 39 28 -27 30 31 -30 33 -2 -24 -15 47 -38 -13 40 -3 -22 -20 -6 -5 -46 61 -8 49 -49 51 59 -11 -45 -37 -21 -12 58 -1 -10 -61 -40
right_child=2 4 17 7 43 24 16 20 11 19 56 12 14 35 -16 -17 -18 -19 42 55 41 -23 34 -25 -26 27 -28 -29 29 -31 -32 -33 -34 -35 -36 54 37 -39 46 -41 -42 -43 -44 53 45 -47 -48 48 -50 -51 -52 -53 -54 -55 -56 -57 -58 -59 -60 60 -62 -63
leaf_value=0.0046834092918595386 -0.012947366435304329 0.026893425441186235 -0.034930163672209455 -0.011318992951076964 -0.00074812271029003246 -0.0003048590651902474 0.0013387341409334611 -0.030889649015178936 0.025325938973091083 -0.016026523028837614 -0.0044517520583258856 0.016179446297288801 0.020015767574814092 -0.031259029120789511 0.010827214272952215 0.026371663622291819 -0.010708018132698711 -0.02259692327540903 0.010245350828776168 0.019980722658972019 0.0032507197278455087 0.038929946348965863 -0.0098584675715161739 0.043198377208017308 -0.019959948318287214 -0.0019033405816493195 -0.017235081047286598 0.042675779077421892 0.037280495514414549 0.0086259913876309043 0.013030979338167204 0.14454830637293806 -0.03328715936584635 -0.033703117454776985 0.018250434253402822 -0.012490387807465895 0.017346613181010766 0.068614115575749354 0.0013395464600681575 -0.0048912935067041722 -0.00076615022007901377 -0.019428749693978013 0.072859961903787629 0.025480053948313219 0.016369983545150818 -0.0022576666053842425 -0.0048673372457564241 -0.0017082120060809369 0.0045515081528263905 0.067950373518679372 0.01031721631750411 0.017688412651591042 0.045914487600207117 -0.00059590164983878903 0.017908281984441193 -0.0022603766672180704 -0.023605554926866872 0.038007590931776636 0.026988096732495068 0.027808429017272557 0.055737762180478143 0.019359220543798433
leaf_weight=74.87566436547786 331.51335579808801 140.42219877615571 1967.9988751253113 116.90603899117559 87.854660090990365 154.19583607744426 473.80560449417681 186.00622351933271 728.36299021169543 376.75846919044852 211.55656870547682 277.20920651778579 317.20378956757486 130.64337009191513 690.059798784554 188.00410242099315 205.65887881629169 533.42630558088422 450.11449759360403 78.368790191598237 136.34069628454745 197.63642264157534 85.460700476542115 142.92804343812168 684.68630148842931 291.72201016824692 148.69421027228236 47.677233401685953 46.979083547368646 272.10013334918767 44.185191731899977 8.9947127737104875 658.89753222838044 170.44637323915958 177.10205315705389 556.87024475261569 144.45986921899021 18.09189741872251 253.43705527577549 278.77966977003962 167.48108412884176 182.06121949851513 8.643314875662325 384.15963367186487 375.38254385627806 297.59326164796948 399.8198284804821 11.506689715199171 70.812588955275714 28.34876637160778 158.06334770005196 402.637720040977 6.9795225746929637 55.179932392202318 36.194647419266403 378.40171793755144 154.90347859077156 265.61214750446379 1043.5077153611928 230.55342334136367 113.782136708498 157.81725129671395
leaf_count=1100 9020 1828 59676 2706 1325 2445 8773 5226 9130 9263 3878 2977 5191 4081 9967 2577 4530 15021 5769 1299 3157 2535 974 1634 14483 3625 4562 440 580 3602 475 100 17278 4420 1776 11145 2001 229 3977 4910 2129 5535 63 3914 6477 6685 7810 332 1223 326 2132 4270 116 812 610 7198 3459 2064 10810 4012 1171 2536
internal_value=-0.000216117 0.0120792 -0.0191052 -0.011233 -0.000318734 -0.00404771 0.0176095 -0.00201288 0.0195603 0.00233261 0.00165778 0.0171191 0.0134629 -0.0225788 0.01882 0.00934618 0.00494308 -0.0323235 0.021814 -0.00582061 -0.0176415 0.0247677 0.020787 0.0273899 -0.016366 0.00530021 -0.000377324 0.0111628 0.00876662 0.017115 0.0394784 0.0590479 -0.0276435 -0.0201169 0.00906576 -0.0143898 0.00927965 0.0238659 0.00550844 0.00392571 0.0119146 -0.00973269 0.0117536 0.0183715 0.00522738 0.00813861 0.00182064 0.00514179 0.0210401 0.0485274 0.0246168 0.0261274 -0.014647 0.022199 -0.0105678 0.00160859 -0.012654 0.0279681 0.025513 0.0292487 0.0373291 0.00833411
internal_weight=17015.9 10307.1 6708.79 4207.37 3179.57 2652.38 7127.51 2322.8 6174.83 1818.39 1813.5 4790.83 2698.67 1884.57 1610.39 977.886 952.684 2501.43 2092.16 840.508 504.408 920.331 722.695 460.132 838.882 1447.04 735.377 711.658 663.981 372.259 100.159 55.9738 1160.86 501.96 262.563 723.708 747.025 162.552 1088.28 586.683 307.903 318.402 458.758 527.194 789.882 672.976 811.074 584.474 110.668 39.8555 1633.4 1475.34 383.738 439.34 593.065 456.771 366.46 1384 1118.38 1072.7 344.336 411.254
internal_count=321369 149879 171490 96793 52567 46516 97312 50239 79898 36321 29588 65924 39377 46554 22077 18445 17414 74697 26547 17876 13918 12110 9575 6825 16928 22251 13429 8822 8382 4757 1155 680 30718 13440 2750 15836 12884 2230 17300 8867 3957 8692 5832 6051 15868 13162 14323 10654 1881 658 20715 18583 9379 4726 11755 8497 7337 13974 11910 14313 5183 6513
cat_boundaries=0 1 2
cat_threshold=16 8
is_linear=0
shrinkage=0.04


Tree=20
num_leaves=63
num_cat=1
split_feature=11 0 22 11 22 4 11 23 17 21 22 4 22 21 16 0 4 14 0 1 4 5 19 28 25 19 17 14 19 21 25 4 21 21 21 0 25 7 22 19 21 21 7 14 0 5 22 21 23 4 5 6 16 25 23 16 5 19 22 15 23 21
split_gain=2385.36 437.272 429.675 173.908 171.591 147.905 96.1524 80.2421 65.5083 54.6255 53.4577 52.7309 50.8676 49.7857 48.8845 46.3942 44.902 55.5712 35.9177 35.2352 33.8453 38.5628 35.0154 32.93 32.55 32.1591 51.9401 29.7367 29.0709 28.2404 27.08 27.035 26.4842 26.5505 33.8299 26.2255 26.1943 29.762 26.6798 33.7461 25.7536 25.1944 25.1585 24.5395 24.6493 22.968 29.8714 22.0527 29.5258 26.7987 21.3988 20.7791 20.6776 20.4743 19.7043 22.3136 19.3793 19.3076 19.1167 21.8159 18.3407 18.2897
threshold=0.069035604596138014 2.6350001096725468 0.069005299359560027 0.15221863985061648 0.070410095155239119 2.185000061988831 0.33946646749973303 1.0346044898033144 1.5000000000000002 74.448661804199233 0.074320640414953246 2.5149999856948857 0.139328308403492 78.053596496582045 1.5000000000000002 3.1049998998641972 0.65500000119209301 86.720001220703139 2.1450001001358037 2.2549999952316289 2.5049999952316289 32.500000000000007 49.500000000000007 0 335.87500000000006 167.50000000000003 3.5000000000000004 77.045001983642592 79.500000000000014 68.111885070800795 267.12500000000006 2.304999947547913 58.605054855346687 60.628669738769538 65.29294586181642 0.58499997854232799 677.12500000000011 23.500000000000004 0.10809095576405527 49.500000000000007 76.79990386962892 69.445976257324233 8.5000000000000018 81.020000457763686 1.0549999475479128 28.500000000000004 0.193641372025013 67.775608062744155 1.06830769777298 2.0849999189376835 33.500000000000007 85.500000000000014 1.5000000000000002 225.87500000000003 1.0574034452438357 3.5000000000000004 61.500000000000007 5.0000000000000009 0.16758911311626437 3.5000000000000004 1.4528056383132937 66.233051300048842
decision_type=8 8 8 10 8 2 10 10 10 10 8 2 10 10 2 10 2 10 10 10 2 2 10 9 2 8 10 8 8 10 2 2 10 10 10 10 2 2 10 10 10 10 2 10 8 2 10 10 10 2 2 2 2 2 10 2 2 10 10 2 10 10
left_child=1 4 3 9 19 6 12 35 28 18 -3 50 16 15 23 27 17 41 -2 40 21 58 -23 31 43 30 42 -12 29 -6 -18 47 -26 -34 -35 -5 38 -38 39 -32 51 -4 -27 60 -45 46 -29 48 49 -9 -10 -1 -11 -43 -44 -56 -16 -46 59 -7 -14 -36
right_child=2 10 5 7 8 20 -8 14 11 52 13 -13 24 -15 56 -17 25 -19 -20 -21 -22 22 -24 -25 32 26 -28 45 -30 -31 36 -33 33 34 61 -37 37 -39 -40 -41 -42 53 54 44 57 -47 -48 -49 -50 -51 -52 -53 -54 -55 55 -57 -58 -59 -60 -61 -62 -63
leaf_value=0.0050505202865820872 0.0025665346100525255 -0.035508757528879886 0.018333070239322076 0.025050669113039738 0.016340774849876082 0.0065056234836078607 0.027965713922092329 0.083416731388844853 0.0056289110740452113 -0.020974657948228361 -0.0025939345147420029 -0.01829140873258904 0.02432880781872818 0.096746215034085661 0.028261812840124828 -0.035570247931278075 0.015960953736380203 -0.0049083474989754898 -0.014241045213741652 -0.025385833562225735 -0.01021080797948656 0.018767262667222496 -0.0059804284792407507 -0.0015295153378177431 -0.015518295299680566 -0.0013891107510051153 0.0072319272920212179 -0.01964204878537322 0.025854214299757372 -0.013722827139376479 0.052688599489150778 -0.013187827597221344 0.061865520007192622 0.017405936432095426 0.073389490582610795 -0.014201216679221307 -0.0071823830370333361 0.062558536596321754 -0.022442926796010756 -0.0022787031537162129 -0.027299906660728665 -0.0071569346500952079 0.013292928966537427 0.034068674290833413 0.062071547776535584 -0.030858594867752043 0.017597194576179757 0.011913922829163787 0.014748165623238005 0.003160714074013595 -0.0072453551913590547 -0.014260460390715218 0.012923103087633373 0.030747865338978872 0.048280090496932722 -0.0089874003627244247 -0.0066852364671597811 0.0098439759441007434 0.025946048648734028 0.029332585621670418 0.0034002483969011706 0.034063710184805134
leaf_weight=152.68303827382624 499.31875439919531 1818.5502546196803 461.8420567009598 28.03294971678406 115.48301083408296 480.00673567783087 1398.0950625259429 23.740511195734143 499.33842708263546 653.12737833149731 143.85397022496909 339.32358663994819 925.05890675261617 3.4482396207749835 288.92935526184738 435.05986961722374 1114.2549938419834 438.09723151195794 340.03761440049857 790.13931277021766 209.72504596039653 113.39058202411979 438.93602526467294 412.57075927779078 16.053439676761627 24.973629754036665 153.68986480124295 300.35775795020163 176.18671327270567 84.919175714254379 19.444701209664345 57.670504804700613 50.369104541838169 154.74766805768013 30.93974258005619 294.50146332662553 16.875594399869442 19.620681323111057 79.065583141520619 105.03959519416094 122.22515999432653 126.2894425354898 39.546133537776768 80.134610561653972 9.6653467863798124 302.65844478458166 37.108474056236446 562.20365699287504 57.67983222194016 9.4824930038303119 349.2408731803298 208.09768556058407 28.542542648501694 25.722169227898121 196.85394083149731 10.661785967648028 26.669660088606179 692.27160926908255 148.9956779833883 76.695750080980361 73.947258993983269 67.047903832048178
leaf_count=3832 8763 53801 7537 477 2486 7699 14138 259 9657 14046 4381 9019 9518 76 2989 15117 15348 8664 7465 21074 4438 1817 8512 6282 123 324 2594 9776 2749 1774 172 975 364 1096 224 7449 147 166 658 914 2908 1870 1310 788 68 9882 1056 7264 635 126 7265 4685 437 239 1925 88 303 9278 1589 1237 529 506
internal_value=2.51342e-06 -0.0205886 0.0109294 -0.0012087 -0.00928133 0.0160388 0.0186913 0.00734043 -0.000398534 -0.0111112 -0.0311239 -0.00501399 0.0160504 -0.0245471 0.0113835 -0.0250547 0.0125285 0.00594879 -0.00425066 -0.0201728 0.00458346 0.00706845 -0.000836007 0.00743993 0.0207791 0.0164014 0.0260158 -0.0191333 0.0140888 0.00355227 0.0133393 0.0126472 0.0326116 0.035272 0.0294965 -0.0106316 0.00110565 0.0314053 -0.00454084 0.00694141 -0.011559 0.0137011 0.0364686 0.0186201 0.0132293 -0.0228181 -0.015444 0.0149739 0.0331492 0.0622174 0.000316401 -0.00608318 -0.01951 -0.000375047 0.0403079 0.0452419 0.0252599 0.0107488 0.0132512 0.00975851 0.0227975 0.0477805
internal_weight=16959.2 5878.67 11080.6 3282.51 2837.64 7798.06 6330.31 1761.48 1564.49 1521.03 3041.04 1187.9 4932.21 1222.49 1438.95 1219.04 2831.98 1051.95 839.356 1273.15 1467.75 1258.02 552.327 1123.35 2100.24 1780.03 425.725 783.979 376.589 200.402 1354.3 710.777 319.158 303.104 252.735 322.534 240.046 36.4963 203.55 124.484 483.006 613.854 272.035 1781.08 782.072 640.125 337.466 653.106 90.9028 33.223 848.579 360.781 681.67 152.012 247.062 207.516 315.599 701.937 705.698 556.702 999.006 97.9876
internal_count=320888 159538 161350 57470 65449 103880 78588 26759 32950 30711 94089 25941 64450 40288 18833 40212 41956 18310 16228 32499 25292 20854 10329 15541 22494 23646 6241 25095 7009 4260 17405 9259 2313 2190 1826 7926 2057 313 1744 1086 11425 9646 3647 20181 10134 20714 10832 8284 1020 385 16922 8517 14483 2109 3323 2013 3292 9346 10525 8936 10047 730
cat_boundaries=0 1
cat_threshold=16
is_linear=0
shrinkage=0.04


Tree=21
num_leaves=63
num_cat=0
split_feature=11 22 0 4 22 11 11 22 1 4 22 21 22 0 14 0 19 25 25 15 24 1 21 5 20 22 5 21 20 14 0 19 5 2 2 17 25 0 20 26 25 6 0 17 19 21 21 25 24 14 22 21 2 19 20 24 7 10 11 16 21 5
split_gain=2215 397.104 387.156 206.798 151.586 114.88 77.134 72.6054 70.9654 67.3829 55.2867 65.6452 50.791 49.0659 47.4705 43.832 41.6107 42.1475 74.9202 41.359 42.1143 36.1875 34.8895 34.1255 33.2988 33.264 32.2065 31.9715 31.6809 30.887 44.7263 29.6575 26.4203 26.4002 25.7952 25.7332 25.7107 25.2874 24.7275 23.6619 23.0871 22.9528 22.8601 22.7766 22.7082 39.4521 22.6796 30.2029 22.1056 22.9712 21.5425 20.9404 20.8598 20.6971 20.5029 20.3159 19.8679 19.6657 21.0155 22.249 19.6292 19.1336
threshold=0.0658288709819317 0.037652041763067252 2.6350001096725468 2.2050000429153447 0.066482517868280425 0.35620281100273138 0.15221863985061648 0.12391588091850282 2.185000061988831 1.5149999856948855 0.074320640414953246 82.51377105712892 0.097551945596933379 0.58499997854232799 94.430000305175795 3.1049998998641972 167.50000000000003 279.37500000000006 431.12500000000006 3.5000000000000004 0.11491150408983232 1.8550000190734866 80.24106597900392 36.500000000000007 177.50000000000003 0.17032737284898761 55.500000000000007 72.887008666992202 159.00000000000003 78.215000152587905 2.3549998998641972 190.50000000000003 27.500000000000004 0.60500001907348644 -0.92500001192092884 4.5000000000000009 635.37500000000011 2.1149998903274541 79.000000000000014 1.5000000000000002 335.87500000000006 27.500000000000004 2.4550000429153447 3.5000000000000004 11.500000000000002 69.501586914062514 68.924358367919936 217.37500000000003 0.10819531977176668 69.479999542236342 0.10209254175424577 65.29294586181642 0.37500000000000006 5.0000000000000009 218.00000000000003 0.071824256330728545 58.500000000000007 25.250000000000004 0.64760348200798046 4.5000000000000009 63.870082855224616 33.500000000000007
decision_type=8 8 8 2 8 10 10 8 10 2 8 10 10 8 10 10 8 2 2 2 10 10 10 2 2 10 2 10 2 10 8 10 2 8 10 8 2 10 2 2 2 2 10 10 10 10 10 2 10 10 10 8 10 10 2 10 2 2 10 2 10 2
left_child=2 6 4 5 24 7 -2 9 25 14 -4 15 42 -8 21 28 23 43 19 34 -21 38 -15 40 -1 -6 -23 31 51 39 -31 50 54 -30 -19 57 46 -26 -3 -9 44 -14 -5 56 45 -11 47 60 49 -46 -20 -12 -27 -32 -10 -33 -18 -7 59 -59 -25 -45
right_child=1 3 10 12 8 35 13 29 32 16 11 -13 41 22 -16 -17 17 18 27 20 -22 26 -24 36 37 52 -28 -29 33 30 53 55 -34 -35 -36 -37 -38 -39 -40 -41 -42 -43 -44 61 48 -47 -48 -49 -50 -51 -52 -53 -54 -55 -56 -57 -58 58 -60 -61 -62 -63
leaf_value=-0.0084267259639111153 -0.018511165962478579 0.051517605030692824 -0.035169166478702114 -0.00031154187981457816 0.0038981154173375553 0.022064485312846972 0.033953947886239774 0.019865799154494872 -0.0043466451095224073 0.021660781695732777 0.037229957429670058 0.11846730851246319 0.023407171013494002 0.0011179078465606126 -0.011870097153398363 -0.034838327212186895 0.011019089647559287 -0.0070988185577091105 -0.018240251665619888 0.10423485710098021 0.024429524174048707 -0.011347421371500568 -0.022668413395275779 0.056963754479565462 -0.01216680013650882 0.034811237520553331 0.058003377379966796 0.062554081165392086 -0.027138279091482979 0.020526726280088014 0.055593990717650546 0.063645755086707417 -0.01516727680778286 -0.0095404707338738841 0.045300165103769711 0.0062727973229465784 0.037517997501760547 -0.028463201758306841 0.0097588534977918733 0.033119193442370375 -0.0060588579596209573 0.0052832148469535104 -0.012783986709409343 0.036991754173734084 0.009823515526871331 -0.0091373471858464377 -0.011891693848532397 -0.0077120982694565245 0.0094885721192134991 0.02765467605247415 0.026304398857648452 -0.0068753992719875322 -0.0041582147662773978 0.0062508825999986403 0.025516517959086851 0.016001243283138962 0.041390974296025819 0.031033123214188874 0.058571550060945859 -0.018630026621862007 0.012343243061229527 -0.0091874980984895712
leaf_weight=272.06513539236039 729.81538062542677 21.843680096790195 1743.0902626700699 606.08707226719707 541.76551332045346 638.84843922685832 60.094115059822798 1072.3514437405393 383.06297796871513 119.98991426452994 19.646830823272467 3.2055079489946356 131.16727699991316 534.91183996479958 302.47934796661139 417.64572839438915 124.83994032256305 17.58687586337328 65.566364791244268 36.670121379196644 17.03802103549242 200.79745320044458 118.79520280100405 16.126114502549171 206.59958930313587 100.19904072396457 9.3107936270534974 19.025412183254957 451.71373570431024 880.53994460776448 11.948559891432522 16.023435067385435 488.6215799562633 201.66983643732965 77.994100667536259 101.57873520907015 27.963619403541088 655.82034582365304 603.89397800527513 280.10207130387425 85.587985936552286 726.86927735526115 383.67596493847668 14.611647121608256 163.95319593604654 144.27604830823839 179.23688128497452 139.63594713062048 309.68766956962645 431.37173284497112 21.367963165044785 81.980806710198522 27.04137184470892 738.42673248145729 38.642957551404834 87.700597804039717 47.573393939994276 673.65580058377236 45.382154824212193 13.30616259947419 151.27262503374368 102.9605253348127
leaf_count=5851 15828 270 53373 11687 11951 5901 707 10829 8025 1601 401 65 1514 9170 5511 15020 2310 146 640 317 135 2955 2251 247 5115 1307 107 181 14105 11398 120 126 11394 7587 716 1294 243 18681 8719 4731 757 10623 9640 266 2256 2144 2742 1316 2763 5581 167 2633 392 12223 920 743 877 7342 423 92 2299 2271
internal_value=-1.59204e-05 0.0101946 -0.0205042 0.0130634 -0.00961354 0.0158447 -0.00938591 0.0135615 -0.00158947 0.00968718 -0.0306133 -0.0238047 0.00099466 -1.91077e-05 0.00165026 -0.0244015 0.0134628 0.0221338 0.0312835 0.0528033 0.0808475 0.00656927 -0.00324843 0.0102561 -0.0207545 0.00828096 -0.00771853 0.01557 -0.0185408 0.0181677 0.0144131 0.0102393 -0.00885434 -0.0217645 0.0356289 0.0259454 0.00155174 -0.0246057 0.0113888 0.0226614 0.0138086 0.0081111 -0.00517051 0.0106434 0.0152776 0.00487416 -0.00064536 0.00592847 0.0182891 0.0228067 -0.00685615 0.0021279 0.0265313 0.00719292 -0.00148373 0.0245019 0.0198239 0.0273857 0.0319439 0.0300083 0.0173107 -0.00285878
internal_weight=16936.7 11303.9 5632.77 9860.33 2713.82 8012.53 1443.62 6539.75 1579.33 3556.39 2918.95 1175.86 1847.8 713.801 1138.33 1172.66 2418.06 648.958 358.973 149.289 53.7081 835.846 653.707 1769.1 1134.49 669.006 210.108 209.684 755.011 2983.37 1630.92 190.658 910.328 653.384 95.581 1472.77 514.235 862.42 625.738 1352.45 1254.87 858.037 989.763 289.986 1169.28 264.266 486.272 307.035 905.013 595.325 86.9343 101.628 127.24 750.375 421.706 103.724 172.413 1371.19 732.344 686.962 167.399 117.572
internal_count=320999 164179 156820 136223 63636 102759 27956 87707 33989 48406 93184 39811 33464 12128 17562 39746 30844 8895 3171 1314 452 12051 11421 21949 29647 13650 3062 1857 24726 39301 23741 1676 20339 21692 862 15052 6847 23796 8989 15560 15102 12137 21327 5724 14345 3745 6604 3862 10600 7837 807 3034 1699 12343 8945 869 3187 13758 7857 7434 2546 2537
is_linear=0
shrinkage=0.04


Tree=22
num_leaves=63
num_cat=2
split_feature=11 21 1 22 16 11 21 4 5 4 22 4 30 1 4 25 11 22 4 4 21 22 24 11 22 22 22 21 2 5 14 22 23 22 11 14 17 11 17 21 17 19 32 17 19 4 4 26 4 24 14 16 1 19 17 5 4 8 25 9 21 25
split_gain=2084 381.783 309.615 169.58 137.335 136.208 86.6148 78.7512 78.3711 73.0285 51.6204 45.8425 38.6972 47.8901 37.3594 34.4179 32.0393 31.0264 30.3295 37.0016 30.0658 29.9423 66.6284 28.9474 28.688 33.1159 27.2314 27.049 26.2595 26.1481 26.9481 25.89 25.8518 25.6431 25.6403 34.2274 25.278 24.8085 24.7291 27.519 36.9417 24.6985 25.9509 25.7866 42.2161 24.2224 23.8102 35.3631 31.0914 28.628 23.9294 23.3018 25.2484 22.9837 21.8623 21.1466 23.4996 21.0125 20.4041 20.0417 20.3269 20.017
threshold=0.06256990879774095 70.447662353515639 2.5249999761581425 0.066482517868280425 1.5000000000000002 0.23540768027305606 75.729537963867202 2.4750000238418584 34.500000000000007 2.2749999761581425 0.042542364448308952 2.995000004768372 0 1.4249999523162844 2.4650000333786015 677.12500000000011 0.30389449000358587 0.21249818801879886 1.485000014305115 2.2549999952316289 84.929595947265639 0.054964337497949607 0.038757976144552238 0.50084745883941661 0.11901463195681573 0.12288130447268487 0.081615630537271514 63.022916793823249 -0.13499999791383741 31.500000000000004 67.939998626708999 0.096611455082893385 1.0277263522148135 0.10294625535607339 0.20519568026065829 66.100002288818374 4.5000000000000009 0.13517320156097415 4.5000000000000009 78.926559448242202 1.5000000000000002 9.5000000000000018 1 3.5000000000000004 10.500000000000002 2.3149999380111699 1.4550000429153445 1.5000000000000002 2.2250000238418584 0.10139193385839464 91.979999542236342 4.5000000000000009 1.5349999666213991 190.50000000000003 3.5000000000000004 5.5000000000000009 2.8349999189376835 52.500000000000007 82.375000000000014 2.5000000000000004 70.843441009521499 288.37500000000006
decision_type=8 10 10 10 2 10 10 2 2 2 10 2 9 8 2 2 10 10 2 2 10 10 10 10 10 10 10 8 10 2 10 10 10 10 8 10 8 10 10 10 8 10 1 10 10 2 2 2 2 10 10 2 8 10 10 2 2 2 2 2 10 2
left_child=2 5 3 14 6 8 9 18 12 16 -4 17 13 -2 -1 24 31 20 -5 61 28 37 -23 51 45 -26 -17 -15 29 30 -12 32 -3 -9 -14 -36 59 -8 39 40 -39 -34 43 57 -45 54 47 49 -48 -29 -49 52 -7 -32 -10 56 -35 -43 -33 -6 -61 -20
right_child=1 4 10 7 36 23 21 33 15 -11 11 -13 34 27 -16 26 -18 -19 19 -21 -22 22 -24 -25 25 -27 -28 46 -30 -31 53 58 41 55 35 -37 -38 38 -40 -41 -42 42 -44 44 -46 -47 48 50 -50 -51 -52 -53 -54 -55 -56 -57 -58 -59 -60 60 -62 -63
leaf_value=-0.014791099000653512 0.026080379472525315 -0.022013473312445627 -0.037307586843890773 -0.0082877175518009071 -0.00134698346241547 0.024168811827502381 -0.023092602285747041 -0.021810394099959152 0.011121731343033743 -0.015466812422174568 0.020622868221249077 -0.036596437063963434 0.014490486881871155 0.017831153541549516 -0.029004032378072933 6.4944145246627178e-05 0.017306497383578982 0.0056653592988241512 0.015156918754689878 0.0019880783557538282 0.069001030310532882 0.10738649248116615 -0.007583568386524916 0.031049508064073448 0.04806276296142456 0.0062139147408387212 0.061172362982619799 0.010322885433364353 -0.030013057114217249 -0.026290962305056204 -0.019010850935415803 0 -0.011833814309650815 0.0428287550099491 0.052077814162675783 0.021553645244263519 -0.0076097618740686556 -0.018517593803717539 -0.025687525098363199 -0.015548294627722919 0.023456027690804786 0.0025081678084226656 -0.0013226269679391211 0.069753535778012826 -0.0087903227263183142 -0.016548546176851059 0.017327792101206468 0.018424360988580274 0.0035527501593013841 -0.0089145622976360556 -0.00138279252194564 -0.016830495367194383 0.01620823900684017 0.0095855137148717889 -0.0041489895668520719 -0.009850966626655985 -0.0090268658837466681 0.02945517738662954 0.034340905262632566 -0.00023652053640553625 0.026837003847902649 0.041933816203948954
leaf_weight=620.63139303121716 336.98056694678962 80.958383247256279 959.67029972560704 189.6786336498335 58.627517767250538 1215.282589841634 471.17093452997506 277.40954550728202 209.85811859089881 397.78225980792195 37.38915475551039 461.99118932709098 216.45869432203472 569.53851118776947 585.55491980351508 20.290709238499403 233.43439171090722 61.427685299888253 236.19080406893045 420.52408214565367 3.72278719395399 8.0163610754534584 39.809198314324021 411.64455148391426 30.229250086471438 538.99502234905958 26.335782609879971 176.90465163718909 567.18383957259357 336.89279285725206 275.09761750511825 48.343315675854683 191.85445056390017 26.616590802557766 97.610540268942714 160.32259824126959 56.734983884729445 49.252796494401991 106.21055288240314 142.7946565747261 95.213696635328233 68.939697446301579 573.59931513480842 10.042832519859074 118.13825358543545 166.10750873479992 683.18845865875483 299.45036030933261 429.33406782336533 398.76860940642655 142.84682066738605 26.262830063700676 1415.9724139180034 52.001132345758379 511.52115005720407 237.6173037039116 25.820376629941165 146.00479655619711 62.334530208259821 49.955695161595941 355.28873179014772 55.456467110663652
leaf_count=17694 3711 2521 29241 4394 762 11159 10731 7649 3470 8239 935 15615 2489 6211 20689 234 3040 1736 4070 8035 78 165 708 3915 394 7204 241 3621 18170 9787 7280 511 3021 522 1005 1721 828 865 2478 2719 1745 989 9060 162 1791 4511 9797 4824 8158 6188 3302 187 17820 1468 9296 5782 714 1919 583 474 3646 621
internal_value=6.0667e-05 0.00974135 -0.020341 -0.0106322 -0.00157862 0.0144529 -0.00504096 -0.00149592 0.0103808 -0.000234854 -0.0297509 -0.025671 0.0136519 0.0118363 -0.0217341 0.00272712 0.00372564 -0.0218313 0.00584062 0.00962741 -0.023172 -0.0151826 0.0150637 0.0210926 0.00161404 0.00861085 0.0358408 0.0100814 -0.023557 -0.0182543 -0.0107014 0.00125842 -0.000470091 -0.0131492 0.0243995 0.0334476 0.0172666 -0.0168957 -0.00937565 -0.00318101 0.00903393 0.00113281 0.00387505 0.0125445 -0.00159796 -0.0028739 0.00799116 0.003549 0.012035 -0.00297376 0.0120319 0.0195251 0.0199035 -0.0144098 0.000300859 -0.00474562 0.0177542 0.0209521 0.0195856 0.0203459 0.0234952 0.0205267
internal_weight=16879.3 11448.4 5430.88 2675.5 3364.51 8083.9 2843.9 1469.31 5014.74 1931.43 2755.38 1795.71 3511.4 3037.01 1206.19 1503.34 1533.65 1333.72 901.85 712.171 1272.29 912.468 47.8256 3069.16 1456.71 569.224 46.6265 2700.03 1268.56 701.381 364.488 1300.22 1189.54 567.464 474.392 257.933 520.607 864.643 393.472 287.261 144.466 1108.58 916.725 343.126 128.181 887.487 2130.49 1017.97 1112.52 575.673 442.297 2657.52 2631.26 327.099 721.379 290.054 52.437 214.944 110.678 463.872 405.244 291.647
internal_count=320895 166415 154480 70170 56957 109458 51247 31787 76377 31836 84310 55069 51027 45812 38383 25350 23597 39454 17120 12726 37718 19411 873 33081 24875 7598 475 42101 37640 19470 9683 20557 19463 14667 5215 2726 5710 18538 7807 5329 2610 16942 13921 4861 1953 17277 35890 17935 17955 9809 8126 29166 28979 8748 12766 7018 1236 2908 1094 4882 4120 4691
cat_boundaries=0 1 2
cat_threshold=8 8
is_linear=0
shrinkage=0.04


Tree=23
num_leaves=63
num_cat=1
split_feature=11 22 1 4 22 11 11 4 14 21 22 21 4 26 4 1 1 5 5 17 22 15 14 4 15 11 5 19 22 25 17 22 1 29 22 4 5 14 26 25 22 24 19 4 16 4 21 23 2 22 4 14 10 4 23 19 23 22 22 10 6 22
split_gain=1975.89 380.355 244.783 173.492 138.154 96.9896 89.6813 63.3316 59.2883 55.6898 49.6414 45.6201 44.5827 44.2032 41.4545 39.6536 36.0813 35.2986 35.2782 35.2495 33.4744 29.8601 28.4094 28.2785 27.0046 27.4523 26.4921 26.2056 25.3732 33.4313 29.732 25.327 24.5617 23.5431 23.1157 22.8872 22.479 22.469 23.5699 21.6649 24.5664 23.5035 33.7899 28.2471 21.1867 20.8295 19.6818 19.1213 18.8297 18.6412 29.0029 18.6166 18.5375 18.3772 18.3365 18.3233 18.2991 25.4322 17.7377 20.5321 33.6242 17.659
threshold=0.052738554775714881 0.047027543187141425 2.5249999761581425 2.2050000429153447 0.066482517868280425 0.23540768027305606 0.15367746353149417 2.6650000810623173 88.184997558593764 79.325862884521499 0.042542364448308952 84.929595947265639 2.5049999952316289 1.5000000000000002 2.7350000143051152 1.1649999618530276 1.3049999475479128 32.500000000000007 33.500000000000007 4.5000000000000009 0.13412782549858096 3.5000000000000004 70.759998321533217 2.4650000333786015 3.5000000000000004 0.50084745883941661 1.5000000000000002 23.000000000000004 0.058820031583309181 107.62500000000001 4.5000000000000009 0.15084849298000338 1.5349999666213991 0 0.193641372025013 2.2350000143051152 42.500000000000007 77.729999542236342 1.5000000000000002 677.12500000000011 0.16758911311626437 0.10819531977176668 17.500000000000004 2.0749999284744267 4.5000000000000009 1.485000014305115 65.01169586181642 1.0593760013580324 0.7150000035762788 0.1857978627085686 1.7649999856948855 67.204998016357436 20.750000000000004 1.8350000381469729 1.0165802240371706 167.50000000000003 1.2481924295425417 0.10359223932027818 0.13181531429290774 28.750000000000004 57.500000000000007 0.10032052919268609
decision_type=8 8 10 2 10 10 10 2 10 10 10 10 2 2 2 8 8 2 2 10 10 2 10 2 2 10 2 10 8 2 8 10 8 9 10 2 2 10 2 2 10 10 10 2 2 2 8 8 10 8 2 10 2 2 8 8 10 10 10 2 2 10
left_child=2 5 4 6 23 9 8 18 13 16 -4 14 17 61 22 44 -2 32 34 -7 -15 27 31 47 25 26 -17 -10 29 -26 36 -12 48 -20 45 37 53 38 -18 40 41 42 51 54 58 -6 -38 -1 -5 50 -23 -28 -41 -30 -44 -43 57 -57 -8 -60 -61 -3
right_child=1 3 10 12 7 19 15 -9 21 -11 11 -13 -14 20 -16 24 35 -19 33 -21 -22 49 -24 -25 28 -27 39 -29 30 -31 -32 -33 -34 -35 -36 -37 46 -39 -40 52 -42 55 43 -45 -46 -47 -48 -49 -50 -51 -52 -53 -54 -55 -56 56 -58 -59 59 60 -62 -63
leaf_value=-0.023659989699289743 0.012519762829263145 0.0038265677410875745 -0.037429581368205594 0.058804024390078119 -0.012511433506092781 0.013465887724574618 0.020367826094879228 -0.019591730574591314 -0.015860426350731687 -0.026198635865350286 -0.0074293694817749965 0.081239807890034099 -0.011636095378189149 0.015884419468132446 -0.032220453942119615 -0.016020510537843934 0.0028386601926058247 -0.0024172705300303842 0.0031184819728923485 -0.0093447037431939658 0.036627675509589216 -0.0063325495134991276 -0.022217336727136314 -0.029000710666606422 0.0041332387499487195 0.027565284316881183 0.023780000824988167 0.002037979838810986 0.016045116701633545 0.086738273166650531 -0.0095359011432088886 0.04955902516423074 0.0062836163677366412 -0.018869092883496162 0.023714268107741226 -0.018545733265536612 -0.0035004233696345733 -0.0098091054242191965 0.062491143477412123 0.00037436462480262166 0.019927845426468565 0.0031833603302889447 -0.00032641578316847656 0.006239990100358952 -0.012468206893281431 0.0067338392484179409 0.026104342890090532 -0.0081497338153888477 0.017802445400927479 0.030823734639905558 0.02501008230007103 -0.0055194013217110963 0.054756871485312594 0.036195106348605982 0.023789276724260261 0.0085400956967817514 -0.010498315937719008 0.052453144820953375 0.022999449042410133 0.056936645008458159 0.026637263240623481 0.013414790674466586
leaf_weight=252.75945572182536 122.91653358470649 501.58873631153256 900.09761569555849 19.52195005863905 107.33286719676107 412.75591473933309 668.71585005708039 293.62134261336178 155.23851421382278 339.57550422940403 84.799012215808034 4.4470070339739314 343.15474557783455 362.86940634157509 857.46630566939712 46.850181622430682 147.39428284298629 715.68577135074884 133.69590077083558 144.71659385133535 194.78679937496781 106.89687102008611 726.04460822418332 550.60153010487556 12.681251481175421 233.45825011190027 41.203691862523556 777.37849270179868 113.2272456753999 20.471692642197013 43.475715378299356 12.567954813130198 733.47927218489349 174.15308985859156 102.48695684038103 351.33283024840057 73.858644047752023 556.33491163700819 9.4778972994536144 14.230333574116228 660.94108428061008 688.95124002732337 53.928730498068035 253.37970061041415 23.260171044617891 503.70631934143603 66.489863527938724 264.67000191845 145.48096669279039 75.376051712781191 81.394323721528053 174.1334698619321 34.819780543446541 239.02662640064955 647.4712150990963 47.172575376927853 22.268590062856674 38.458880297839642 314.26312383450568 99.859169159084558 159.76054302044213 811.92981613241136
leaf_count=7900 1990 8215 28445 192 2995 5672 6601 8479 3621 7555 2316 89 7950 5927 29376 571 2600 14394 2675 2671 1204 1919 21094 20087 259 2263 638 11733 1701 179 689 240 12248 3703 1491 8478 830 11242 138 118 5993 5824 1580 4649 162 9753 803 7176 1751 1417 1108 2919 248 3011 8651 400 170 332 2334 752 1516 10188
internal_value=-6.78833e-05 0.00877647 -0.0212506 0.0120714 -0.011982 -0.00673427 0.0147245 -0.00328525 0.00936872 -0.0119455 -0.0297748 -0.0256422 0.0014094 0.0138125 -0.0260259 0.0181456 -0.00782568 0.00419865 0.00142379 0.00751786 0.0232492 0.00239977 -0.0195031 -0.0226561 0.01594 0.0143782 0.0132256 -0.000960299 0.0239611 0.0574016 0.0216725 0.00069552 0.00947111 -0.00984412 0.00631041 -0.0102014 0.0244705 -0.0060394 0.00723441 0.013752 0.0132335 0.010962 0.0145728 0.0177949 0.024249 0.00331045 0.0106383 -0.0158037 0.0233475 0.0142326 0.00729463 0.000217324 0.039769 0.0298679 0.0219281 0.00562671 0.020813 0.0291007 0.0249617 0.0302114 0.0386683 0.00977083
internal_weight=16870.1 11901.6 4968.45 9817.14 2383.03 2084.5 7859.82 1315 3067.46 1527.03 2585.42 1685.32 1957.32 1871.17 1680.88 4792.36 1187.46 1614.17 1021.38 557.473 557.656 1196.28 823.412 1068.03 3526.5 2957.27 2723.81 932.617 569.231 33.1529 536.078 97.367 898.482 307.849 713.526 1064.54 492.602 713.207 156.872 2676.96 2627.91 1966.97 1170.12 954.78 1265.86 611.039 140.349 517.429 165.003 263.667 188.291 215.337 49.0501 352.254 701.4 796.851 107.9 85.6315 1242.6 573.883 259.62 1313.52
internal_count=321225 175406 145819 135060 64259 40346 98525 29096 45332 32003 81560 53115 36535 25534 53026 53193 24448 28585 20617 8343 7131 19798 23650 35163 41828 34356 32093 15354 7472 438 7034 2556 14191 6378 14239 22458 6345 13980 2738 31522 31156 25163 18437 14880 11365 12748 1633 15076 1943 4444 3027 3557 366 4712 10231 6726 902 732 11203 4602 2268 18403
cat_boundaries=0 1
cat_threshold=148
is_linear=0
shrinkage=0.04


Tree=24
num_leaves=63
num_cat=2
split_feature=0 21 1 4 0 0 16 21 14 1 4 4 5 6 21 32 1 20 5 17 19 21 9 1 15 4 0 20 16 23 24 0 10 29 20 6 6 25 25 25 19 7 1 6 6 25 21 7 10 8 21 15 23 8 20 19 6 14 25 25 6 15
split_gain=1791.58 332.765 268.135 221.226 104.618 92.3013 76.5693 54.6549 53.284 55.8005 52.3757 48.7592 45.6677 40.1941 37.761 37.0956 43.0134 36.7066 34.7176 30.584 29.057 27.4717 25.8465 25.4002 25.393 24.9712 27.4717 24.6326 23.5643 22.6523 22.9452 21.9105 20.9984 20.4764 22.5118 20.2735 20.2169 19.8209 19.2597 88.8369 19.1132 19.0372 18.7543 18.4064 17.8474 17.6153 17.2296 17.1894 17.187 17.1746 22.2856 17.1425 17.5402 37.1867 17.0015 36.7084 20.9124 17.3784 17.2798 17.3483 16.9455 16.4834
threshold=2.4650000333786015 74.533176422119155 2.3950001001358037 2.2849999666213994 1.5049999952316286 2.7549999952316289 1.5000000000000002 70.447662353515639 88.184997558593764 1.5850000381469729 1.7549999952316286 2.5049999952316289 26.500000000000004 86.500000000000014 68.111885070800795 0 1.5649999976158144 177.50000000000003 42.500000000000007 3.5000000000000004 21.500000000000004 59.93836975097657 13.500000000000002 1.8149999976158144 3.5000000000000004 2.1750000715255742 0.53499999642372142 79.000000000000014 1.5000000000000002 1.109942674636841 0.096784874796867384 2.0849999189376835 5.5000000000000009 1 171.50000000000003 30.500000000000004 78.500000000000014 213.25000000000003 379.25000000000006 457.12500000000006 9.5000000000000018 15.500000000000002 2.7849999666213994 49.500000000000007 160.25000000000003 677.12500000000011 77.426959991455092 5.5000000000000009 11.250000000000002 66.250000000000014 67.996994018554702 3.5000000000000004 1.0326827168464663 67.500000000000014 110.00000000000001 59.500000000000007 83.500000000000014 65.020000457763686 335.87500000000006 284.25000000000006 179.25000000000003 3.5000000000000004
decision_type=10 10 8 2 8 10 2 10 10 10 2 2 2 2 10 1 10 2 2 8 10 8 2 8 2 2 8 2 2 10 10 10 2 9 2 2 2 2 2 2 10 2 10 2 2 2 10 2 2 2 8 2 10 2 2 8 2 10 2 2 2 2
left_child=1 3 7 4 15 12 17 13 9 54 21 18 14 -2 47 40 22 -3 24 20 -12 -10 -17 -13 33 26 -19 -7 -9 37 -31 -23 -14 34 49 -36 -24 -11 -26 -40 -1 -18 -29 -43 -42 -21 -16 -4 -15 -5 -51 60 -53 -54 57 61 58 -6 59 -57 -28 -56
right_child=2 6 5 11 8 27 -8 28 10 29 19 23 32 48 46 16 41 25 -20 45 -22 31 36 -25 38 -27 51 42 -30 30 -32 -33 -34 -35 35 -37 -38 -39 39 -41 44 43 -44 -45 -46 -47 -48 -49 -50 50 -52 52 53 -55 55 56 -58 -59 -60 -61 -62 -63
leaf_value=0.0089289479677313027 0.0086927778086941139 -0.0017160845430999462 0.038895993816495014 0.00806658641651508 0.036159187065285384 0.02231168555737454 0.015202450929676797 -0.017811019979704096 0.021981827298050486 0.0050945905929152069 -0.013555284509834412 0.018499269075134758 -0.030433752937355285 -0.017630879600401193 -0.012446095528408925 0.01546322992698836 -0.0057224841996786806 0.028283707026271886 -0.010135778458365526 -0.0013367382211335651 0.017380376222215606 -0.0014876097834619839 0.041922180490768568 -0.017865205288084822 0.0088137889861257621 -0.027644306722332538 -0.018325673083756197 -0.027823407039270952 0.01905820508468636 0.033996322505709359 0.0093121861579127836 -0.019360312685271976 -0.014870671189276966 -0.0073815299187539752 0.016485395442431966 -0.0057855163983873267 0.021476678920887476 -0.010692256022306407 0.11718554208396559 0.0054753952404949478 0.02641570633415383 0.022510515375624495 -0.035735659015496316 0.0068647300004999346 0.0046915398275917067 0.036447703193294372 -0.035765466036696461 0.0010207144172303432 -0.00099158132805066699 0.056051603340702014 0.0046844006530217296 -0.019414897587159755 -0.0087753259524951475 0.086247285158445985 0.0070241400886316679 0.021447565500659654 0.010842638211670657 0.017536808493662567 0.035608154273583818 -0.0085314717908866865 0.020803107554969877 0.053639523439348864
leaf_weight=131.4409144166857 429.05131781939417 287.05319953709841 19.91468524094671 83.20302230399102 132.53676098398864 11.72408048994839 158.6844272557646 534.21568976622075 68.352132640779018 600.639618168585 50.558820141479373 31.533344987779856 423.26583022717386 188.00637322291732 273.21011751703918 623.44482953753322 134.54010713193566 22.412801311351359 331.2092800475657 334.93942657578737 681.82464493438601 809.49618158116937 128.65505578741431 390.2688951054588 95.52666172105819 299.49536199588329 521.03548522293568 886.88418964296579 27.455132477916777 63.375666662119329 895.94915088266134 125.30128542147577 219.39577970746905 239.49470636341721 91.281150525435805 216.51861713919789 222.18372884765267 159.16708748042583 14.344773899763821 38.831203889101744 1153.5340607026592 158.57999520096928 1258.7209425605834 504.61121917422861 65.821624570526183 18.960615951567888 62.491053538396955 158.29621488694102 210.91231894306839 34.518688508309424 22.646173399873078 18.08363339677453 15.195492802187802 9.0522437645122391 712.79153696913272 645.28586612269282 335.38399087172002 227.17626408673823 143.60225898213685 31.022683590650558 16.543652311898768 10.464867781847714
leaf_count=1595 7436 4779 443 1533 1004 254 1943 12819 651 12490 955 509 13953 4615 7768 6190 1267 348 7523 5865 9348 14131 1315 10135 2043 8062 11796 32183 487 696 9277 2623 6323 4762 1199 4026 2350 2051 187 469 12180 1411 43335 5278 655 194 1806 4782 3386 423 505 493 308 124 11172 8872 4880 2097 1035 268 334 119
internal_value=-0.000147882 0.00799119 -0.0210934 0.0103386 0.0127264 -0.0272761 -0.0107326 -0.00632581 0.00964769 0.0123767 0.0044682 -0.00343077 -0.01809 0.000204747 -0.00912526 0.0186752 0.0148243 -0.0142207 0.000779755 0.0105471 0.0152028 -0.00211443 0.0204648 -0.0150533 0.00512583 -0.0181795 -0.0133841 -0.0321759 -0.0159334 0.00693693 0.0110185 -0.00392804 -0.0251958 0.00184844 0.00682189 0.000857114 0.029192 0.00175761 0.0200031 0.0389107 0.0236916 0.00789157 -0.0324978 0.0106744 0.0252592 0.000858574 -0.0169968 0.00568229 -0.0089023 0.0201287 0.0366837 -0.0150999 0.00894194 0.0302628 0.0165413 0.0149728 0.0194002 0.0245824 0.022856 0.0200395 -0.017034 0.00785571
internal_weight=16810.1 12106.6 4703.54 10759 9169.64 3313.9 1347.56 1389.64 6046.83 3957.4 2089.43 1589.38 1156.57 827.97 513.912 3122.81 1772.01 1188.87 1167.57 1086.28 732.383 1003.15 974.284 421.802 836.365 901.819 602.323 2157.33 561.671 1719.13 959.325 934.797 642.662 687.662 448.168 307.8 350.839 759.807 148.703 53.176 1350.8 797.731 2145.61 663.191 1219.36 353.9 335.701 178.211 398.919 140.368 57.1649 579.911 42.3314 24.2477 2238.26 1878.55 1155.29 359.713 819.911 676.309 537.579 723.256
internal_count=321060 181470 139590 153283 119969 110847 28187 28743 87728 53961 33767 33314 35075 15437 14799 32241 17811 26244 22670 16362 10303 17405 9855 10644 15147 21465 13403 75772 13306 24514 9973 16754 20276 12448 7686 5225 3665 14541 2699 656 14430 7956 75518 6689 12835 6059 9574 5225 8001 2461 928 13055 925 432 29447 26346 15055 3101 10175 9140 12130 11291
cat_boundaries=0 1 2
cat_threshold=8 148
is_linear=0
shrinkage=0.04


Tree=25
num_leaves=63
num_cat=4
split_feature=0 22 1 4 0 22 22 22 0 9 1 17 1 9 14 1 4 29 5 32 0 5 19 17 19 1 22 23 5 19 22 25 15 15 19 23 25 25 15 24 25 25 22 21 25 25 32 25 21 6 22 5 0 0 17 14 25 15 2 22 32 5
split_gain=1698.17 370.335 241.106 173.486 117.827 91.1082 82.7637 80.6264 54.9238 54.4228 46.8139 43.909 43.4853 40.6021 33.6041 34.773 33.0751 32.5532 31.5407 31.3776 30.2992 30.1678 29.9702 29.4086 28.0607 28.0624 26.2931 25.7166 25.0932 24.9472 24.7812 24.6846 24.1226 23.6967 23.6639 23.5067 25.288 43.9925 31.4483 39.7288 22.8448 24.0145 22.5007 22.3948 22.2565 34.5818 22.9581 22.8032 24.3388 22.5318 28.1406 22.0167 21.7773 21.6173 21.2894 21.2562 23.754 23.6319 21.2037 20.7204 20.4987 23.3565
threshold=2.4750000238418584 0.047027543187141425 2.4050000905990605 2.2849999666213994 1.8750000000000002 0.10294625535607339 0.12391588091850282 0.069005299359560027 3.0149999856948857 2.5000000000000004 1.9650000333786013 4.5000000000000009 0.99500000476837169 13.500000000000002 83.520000457763686 1.3049999475479128 2.5049999952316289 0 24.500000000000004 1 2.7549999952316289 5.5000000000000009 17.500000000000004 4.5000000000000009 167.50000000000003 0.35500000417232519 0.10359223932027818 1.2151231765747073 34.500000000000007 64.000000000000014 0.014092112425714733 340.12500000000006 3.5000000000000004 3.5000000000000004 5.0000000000000009 1.0165802240371706 431.12500000000006 302.12500000000006 3.5000000000000004 0.11491150408983232 340.12500000000006 510.25000000000006 0.080034654587507262 68.924358367919936 213.25000000000003 650.37500000000011 2 115.62500000000001 66.469604492187514 8.5000000000000018 0.081615630537271514 35.500000000000007 1.0850000381469729 1.8750000000000002 1.5000000000000002 64.020000457763686 331.62500000000006 3.5000000000000004 -1.2749999761581419 0.024720381014049057 3 31.500000000000004
decision_type=10 8 8 2 8 8 10 10 10 2 8 10 8 2 10 8 2 9 2 1 10 2 10 8 10 10 8 8 2 8 10 2 2 2 10 8 2 2 2 10 2 2 10 10 2 2 1 2 10 2 10 2 10 10 10 10 2 2 10 10 1 2
left_child=1 4 7 6 11 20 9 -2 21 14 59 13 -8 -1 29 -16 28 18 -9 -14 -4 -7 -17 24 25 33 -23 31 32 -3 -12 43 -5 -11 -21 -26 37 -37 58 -40 -34 -42 -33 -25 46 52 47 51 -49 -47 -51 -27 -46 -30 -31 -36 -57 -58 -39 -6 -38 -62
right_child=2 3 5 16 10 8 12 17 -10 23 30 -13 19 -15 15 22 -18 -19 -20 34 -22 26 -24 27 35 44 -28 -29 53 54 -32 42 40 -35 55 36 60 38 39 -41 41 -43 -44 -45 45 49 -48 48 -50 50 -52 -53 -54 -55 -56 56 57 -59 -60 -61 61 -63
leaf_value=0.0037895223458430005 -0.018349754226442454 0.0044748640925995585 -0.024390625595958639 0.0029230409524188166 -0.014864927987820279 0.02303624737266298 0.027823321537743598 0.015203303739958148 -0.030398952792181317 0.018700259915149214 -0.035324298152784886 -0.010400818597088675 0.020491773152532016 0.027613426753854146 0.047043396430747453 -0.020903865505486462 -0.012353781450259053 0.0076835220264650219 -0.015821662597234065 0.057535473920168591 -0.034441710870186437 0.05736775223742227 -0.00010022460609124693 0.0097634464235502507 -0.010101641899629121 0.0063969885250639924 -0.012434988242169763 -0.023850247117558638 0.0098650472457569669 0.030419321542102751 -0.016885618335419701 0.043678154390676946 0.0086167480518702776 0.055468505575726239 0.025320662080882305 0.019256876167409911 -0.0060819827196129305 -0.0102826588333054 0.095930120284136305 0.021838084935187161 0.078373826026716234 0.013651361502675621 0.001726344918460201 -0.01149381892588089 0.015870164641486141 -0.0073295459542198653 0.016723293999453406 0.052361712229163693 0.0098958029722923183 0.0016991969215026737 0.074335013972049349 -0.015491937849652786 -0.0079494434337022309 -0.01175731714520057 0.0058291499706329044 0.0085790058387703316 0.014090358251735059 0.03914373269051153 0.039306044836605436 0.0047097219235287943 0.043321348578458367 0.008002359452201244
leaf_weight=457.92472801636904 581.00875106360763 498.96497891936451 734.92663323506713 575.06476470176131 137.39881548006088 42.427059600129724 536.64524958096445 65.122530060820282 277.1863149702549 266.92035322636366 138.34044934809208 237.65426913648844 1255.7299461206421 151.46474421489984 20.498655182309449 129.23124788980931 372.23670957703143 480.42263123113662 237.91079318430275 16.659383237361908 1594.537921410054 6.7962482450529924 716.81092385668308 196.09865157026798 35.823291783221066 372.77789479773492 515.7583657251671 48.953505899757147 95.766093433834612 136.5833295872435 816.85767356678843 45.703088574111462 63.160586382262409 30.607781337574124 174.64798367023468 315.9868242982775 73.133240450173616 15.747501235455273 33.692942596971989 19.770581163465977 18.416294559836388 19.158940646797419 36.830508042126894 130.11969288345426 75.731762334704399 15.827471069991587 741.15155837591738 29.413228943943977 75.454150732606649 13.71740899980068 22.093389861285686 89.386855282820761 289.33165086992085 301.36941245477647 98.384240001440048 1532.5672826338559 247.79101273790002 80.61961518228054 72.568258430808783 225.58205599430948 43.842394948005676 92.194475319236517
leaf_count=6880 14585 8968 22905 9895 2689 964 4238 1248 11742 4163 3154 4484 14232 1781 274 3307 9361 8218 4567 107 55355 235 13368 2933 1326 3905 17935 1317 1751 2216 20475 445 1311 581 1363 5331 623 109 247 145 199 204 324 2495 507 114 9669 249 651 118 158 1212 2632 6595 1911 16594 1758 559 604 4389 300 785
internal_value=-0.000266839 0.00748113 -0.0211667 0.0107072 -0.00751961 -0.0272139 0.0128553 -0.00708531 -0.0158609 0.00933263 -0.0149924 0.00410813 0.0172288 0.00979504 0.00330342 -0.00202278 -0.00211196 0.00128363 -0.00878416 0.0154919 -0.0312978 -0.00863214 -0.00332918 0.0123579 0.0139336 0.0115111 -0.0112966 0.00293869 0.00145019 0.00959125 -0.0196327 0.006267 0.00613928 0.0228546 0.0124117 0.0208413 0.0225405 0.0278128 0.0462928 0.0704509 0.0240074 0.0479328 0.0255356 0.00124175 0.00952563 0.00144426 0.0120876 0.00597684 0.0226385 0.0314518 0.0482849 0.00209773 -0.00292677 -0.00649991 0.0202929 0.0119824 0.0107005 0.0204645 0.0303435 -0.00271879 0.0108101 0.0199058
internal_weight=16774.5 12238.4 4536.1 10073.2 2165.22 3171.63 8628.01 1364.46 842.168 4783.35 1318.18 847.044 3844.66 609.389 1600.47 866.541 1445.17 783.456 303.033 3308.02 2329.46 564.982 846.042 3182.88 2725.17 2022.41 522.555 457.705 1072.94 733.933 955.198 408.752 675.801 297.528 2052.29 702.76 666.936 457.766 141.779 53.4635 100.736 37.5752 82.5336 326.218 1724.89 416.702 1308.18 567.032 104.867 51.6383 35.8108 462.165 365.063 397.136 234.968 2035.63 1860.98 328.411 88.3158 362.981 209.17 136.037
internal_count=320760 183006 137754 139154 43852 109136 109838 28618 30876 70987 30707 13145 38851 8661 30044 16949 29316 14033 5815 34613 78260 19134 16675 40943 33429 23959 18170 7514 19955 13095 23629 6197 11609 4744 20381 9470 8144 6436 1105 392 1714 403 769 5428 19215 3529 15686 6017 900 390 276 5117 3139 8346 4127 20274 18911 2317 713 7078 1708 1085
cat_boundaries=0 1 2 3 4
cat_threshold=64 8 4 4
is_linear=0
shrinkage=0.04


Tree=26
num_leaves=63
num_cat=5
split_feature=11 0 22 11 22 0 4 17 22 22 30 21 17 9 0 1 4 12 1 21 14 1 5 4 14 5 22 23 19 17 8 29 21 6 4 19 14 14 1 32 2 32 14 6 19 19 21 6 23 19 6 0 19 21 8 9 32 11 24 14 21 19
split_gain=1598.37 303.827 283.685 131.406 121.2 115.507 75.3693 53.7892 53.3932 49.4491 44.0389 39.6691 36.9798 35.0026 32.9827 30.3026 29.2766 29.1078 27.1353 28.9385 26.9019 25.133 25.0025 26.3256 24.2373 23.9563 26.0951 29.5946 21.5388 26.5157 20.9267 20.6987 20.0013 19.7244 22.0541 19.2103 19.4991 18.5982 18.4692 18.4012 18.2972 18.1878 18.3321 20.7327 18.1446 17.7082 21.8098 17.5815 17.3815 18.3232 16.5135 16.2863 17.2248 16.2732 16.0327 17.9495 15.9465 15.8336 15.7472 17.1005 17.9941 15.6532
threshold=0.052738554775714881 2.6350001096725468 0.0515999123454094 0.19489352405071261 0.066482517868280425 1.8350000381469729 2.4250000715255742 1.5000000000000002 0.12520716339349749 0.10032052919268609 0 79.325862884521499 4.5000000000000009 13.500000000000002 1.1250000000000002 1.9950000047683718 2.5149999856948857 2.5000000000000004 2.1950000524520878 76.478694915771499 77.045001983642592 2.554999947547913 37.500000000000007 1.2549999952316286 94.430000305175795 33.500000000000007 0.17265895754098895 1.2374786734580996 49.500000000000007 3.5000000000000004 140.25000000000003 1 78.926559448242202 56.500000000000007 3.0149999856948857 10.500000000000002 66.100002288818374 60.010000228881843 1.8450000286102297 2 -0.88499999046325672 3 78.215000152587905 20.500000000000004 167.50000000000003 79.500000000000014 60.947811126708991 8.5000000000000018 1.3789317607879641 21.500000000000004 76.500000000000014 1.7150000333786013 167.50000000000003 73.944297790527358 144.25000000000003 24.500000000000004 4 0.312537431716919 0.07844030857086183 72.715000152587905 66.288085937500014 59.500000000000007
decision_type=8 8 8 10 8 8 2 8 10 8 9 10 10 2 10 8 2 8 10 10 8 10 2 2 10 2 8 10 8 10 2 9 10 2 2 8 10 10 10 1 10 1 10 2 10 10 8 2 8 10 2 8 10 10 2 2 1 10 8 10 10 10
left_child=1 4 5 6 18 12 9 45 21 22 41 15 13 31 39 28 56 -16 19 50 -10 -3 23 24 37 26 27 44 -7 -30 35 47 -33 34 -22 -25 -37 -4 61 -5 -12 42 43 58 -19 46 -6 -2 49 -28 -1 52 -43 -14 -15 57 -9 -56 -11 -60 -61 -39
right_child=2 8 3 14 7 11 -8 16 20 10 40 -13 53 54 17 -17 -18 25 -20 -21 33 -23 -24 30 -26 -27 48 -29 29 -31 -32 32 -34 -35 -36 36 -38 38 -40 -41 -42 51 -44 -45 -46 -47 -48 -49 -50 -51 -52 -53 -54 -55 55 -57 -58 -59 59 60 -62 -63
leaf_value=0.012868863773679221 0.027548297687147127 -0.025647318943849768 0.039939047186037378 0.0085343280422211665 0.042183660790356702 -0.016886023818926184 -0.0090858359253324483 -0.0086418711702380396 0.010166847947225192 0.061973536413968633 0.032707721689306128 -0.02480728427499675 0.0021306042798188442 0.05410976309555468 0.0030485472206796252 -0.013431391857109691 -0.016424506589661256 0.01446530628643998 -0.025001427112134295 -0.029197863198135485 0.0081522790176616552 -0.03504035113511228 -0.0050070280225089003 -0.0062483523841748503 -0.014464466507248998 0.0099030083661248644 0.0061740060528640674 -0.0048543318779107596 0.014551955743618745 -0.0068705380451784719 0.03543813358621508 0.013497589772501945 -0.013617577089836122 -0.028236991387159273 -0.027592176193830358 -0.0064107702141879422 0.014321028921394748 -0.0011427336793695547 -0.016274155384211845 0.022583312798812556 0.012796643340392504 0.016748413962660275 0.0037919119386936847 0.0043837038934900477 0.029376377538824872 0.02089626783815415 -0.0019545054544332545 -0.016751340815140667 0.017089366870250988 0.037702890842903493 -0.010698812802529685 0.010274777665255405 0.042600935532207673 -0.019254915285110842 0.014774442575307085 0.033621233887641003 0.0037643123638812183 -0.030530266429671226 0.0095936179621774181 0.039507694736394539 -0.0013245813449857809 0.015657301444903224
leaf_weight=77.331731793470681 14.906426460482178 739.09517231024802 19.873725332319736 175.33060086518526 18.122660574503243 96.933637208305299 453.83290833700448 288.21825135219842 57.124245129525661 12.391792114824055 209.48311789613217 291.1530310548842 126.21993212588131 26.662989163771272 381.50847991555929 721.04138440638781 308.60935310740024 880.11462774407119 629.00557754561305 83.694983705878258 66.626923062838614 1397.1194105930626 483.57134955655783 114.45338543131948 151.20302624255419 964.32809583190829 35.912174977362156 110.65288618952036 187.99654294550419 177.78675243165344 48.499239798635244 336.57109176833183 48.020331061445177 166.60365206282586 44.169707017019391 82.422631428577006 525.35885745473206 213.82622764632106 70.947361655533314 1245.7959586363286 121.91871573962271 233.77049266546965 1127.2987647363916 245.49278319999576 156.42306005209684 174.51035316009074 159.7911802874878 93.173174341209233 203.27157807722688 213.17670265957713 116.62273519299924 725.87354365736246 50.806719707325101 100.33264871221036 65.051455195061862 80.366257948800921 383.88116113096476 13.112950844690202 159.02447345294058 78.758649367839098 21.326055726036429 148.43073190096766
leaf_count=2170 161 27815 293 1518 190 1851 10654 5823 1430 210 2192 7085 1963 266 4273 16946 8997 9610 18881 2267 2205 51284 8665 2024 2879 12416 254 789 3116 3529 614 4347 809 5788 1544 1285 7449 3230 1225 11220 1155 2707 18417 3628 1939 2671 3682 1443 3149 1905 2791 10203 644 2073 773 841 8205 155 2420 1125 228 1670
internal_value=-6.71616e-05 -0.0198181 0.00765871 0.0107044 -0.00913128 -0.00470845 0.00646401 -0.00144407 -0.0294875 0.00792545 0.0111131 -0.0116058 0.00653168 0.0112047 0.0158428 -0.00831574 -0.00626539 0.0134019 -0.0203976 -0.0098349 -0.0144602 -0.0318213 0.00279318 0.00554549 -0.000694123 0.0149358 0.0179488 0.0146774 -0.000303424 0.00413719 0.010437 0.0055637 0.00978523 -0.0195967 -0.0062631 0.00865391 0.0114846 0.00392716 0.00208075 0.0208701 0.024784 0.00925799 0.00667411 0.0129045 0.0167755 0.0119096 0.00291598 -0.0093316 0.0261264 0.0332745 -0.00122586 0.0135247 0.021657 -0.00739095 0.0259488 0.0205475 -0.00155385 0.00650221 0.0204914 0.0180174 0.0308733 0.0057671
internal_weight=16754.9 4710.53 12044.4 9665.08 2239.79 2379.33 5298.56 1333.13 2470.74 4844.73 2986.15 1474.91 904.417 677.865 4366.51 1183.76 980.709 2945.39 906.655 277.649 334.525 2136.21 1858.59 1375.02 604.281 2563.88 1599.55 1147.19 462.717 365.783 770.734 492.671 384.591 277.4 110.797 722.235 607.781 453.078 433.204 1421.13 331.402 2654.74 1644.29 516.994 1036.54 352.424 177.914 108.08 452.36 249.089 193.954 1010.45 284.577 226.553 185.194 158.531 672.099 78.1644 271.501 259.109 100.085 362.257
internal_count=321091 145743 175348 129990 55677 45358 82917 29568 90066 72263 42929 32527 12831 8795 47073 25442 23025 34335 26109 7228 10967 79099 29334 20669 9297 30062 17646 12338 8496 6645 11372 6760 5156 9537 3749 10758 8734 6418 6125 12738 3347 39582 26028 7611 11549 6543 3872 1604 5308 2159 4961 13554 3351 4036 2035 1769 14028 928 3983 3773 1353 4900
cat_boundaries=0 1 2 3 4 5
cat_threshold=8 140 16 4 4
is_linear=0
shrinkage=0.04


Tree=27
num_leaves=63
num_cat=4
split_feature=0 11 22 11 22 11 22 22 21 0 19 6 5 25 6 10 30 4 4 21 29 21 0 21 0 12 4 21 2 21 12 4 16 21 19 21 16 25 22 21 19 21 22 22 4 17 11 2 17 29 22 10 2 26 29 16 0 14 25 4 22 25
split_gain=1473.59 298.053 267.406 140.005 92.7326 89.4623 82.1861 78.6921 77.82 76.7152 46.0909 42.5366 37.9843 36.089 34.9282 33.0403 32.5763 30.886 30.56 27.5232 26.1804 28.5378 25.287 25.3002 23.8302 23.7698 22.8444 22.131 20.7883 20.3921 18.3375 19.2627 17.8826 17.643 17.5445 17.2794 17.0076 16.6767 16.6508 27.3952 23.6916 18.0869 18.061 17.4902 16.5571 16.4296 15.9922 15.7401 15.5755 19.4348 37.9315 15.6919 15.2909 15.2111 18.422 15.1603 18.0719 15.1292 15.0205 14.9595 14.5062 14.0099
threshold=2.3950001001358037 0.038984065875411041 0.042542364448308952 0.14311316609382632 0.070410095155239119 0.13287874311208728 0.053186543285846717 0.092618513852357878 82.51377105712892 2.9050000905990605 10.500000000000002 34.500000000000007 35.500000000000007 677.12500000000011 61.500000000000007 40.250000000000007 0 2.4550000429153447 2.4550000429153447 69.587730407714858 1 63.870082855224616 0.58499997854232799 80.24106597900392 1.8350000381469729 5.5000000000000009 1.9750000238418581 62.269115447998054 0.2650000005960465 66.595855712890639 2.5000000000000004 2.1350001096725468 1.5000000000000002 63.086299896240241 11.500000000000002 61.860757827758796 3.5000000000000004 296.12500000000006 0.13412782549858096 66.798545837402358 79.500000000000014 65.551872253417983 0.16613544523715976 0.18043268471956256 2.1149998903274541 3.5000000000000004 0.2333859130740166 1.0049999952316286 4.5000000000000009 2 0.025706643238663677 130.75000000000003 -0.49500000476837153 3.5000000000000004 3 3.5000000000000004 1.0000000180025095e-35 76.795001983642592 81.125000000000014 1.0000000180025095e-35 0.193641372025013 79.625000000000014
decision_type=10 10 8 10 8 10 8 8 10 10 10 2 2 2 2 2 9 2 2 8 9 8 8 10 8 10 2 10 10 10 10 2 2 10 10 10 2 2 10 10 8 10 10 10 2 10 10 10 10 9 10 2 8 2 9 2 8 8 2 2 10 2
left_child=2 4 5 7 57 24 32 18 9 11 19 28 15 26 25 27 17 37 53 -5 21 33 44 48 -1 46 -14 34 60 -18 -29 59 -3 -16 -12 55 -28 47 39 -39 -41 42 -40 -43 -7 -35 -8 -9 49 50 -24 -51 -17 54 -4 56 -36 -2 -37 -32 -6 -49
right_child=1 6 3 10 8 22 14 16 -10 -11 12 -13 13 -15 20 52 29 -19 -20 -21 -22 -23 23 -25 -26 -27 36 30 -30 -31 31 -33 -34 45 35 58 -38 38 41 40 -42 43 -44 -45 -46 -47 -48 61 -50 51 -52 -53 -54 -55 -56 -57 -58 -59 -60 -61 -62 -63
leaf_value=-0.0027509914096375721 -0.019293493929161871 -0.020471619840192905 -0.018333915207257977 0.010225869542018847 -0.0046084839542822678 0.029966855042926916 -0.0012027492188274862 0.0059081323213248799 0.13760221383649565 -0.029876242445594756 0.05290627953037183 -0.016852083085798702 0.016699258485716066 0.041178376939166809 0.01053527621327216 0.016317087916431973 0.030669646985236491 -0.0086970095197211276 -0.016778605122763159 -0.0073465703000010416 -0.011385814528351941 -0.0019898311639669269 0.11599258008152692 -0.017599718958926206 -0.019167356671063788 0.024093254948265731 0.0063078745440224935 0.0084825037624646823 0.044156862177687557 0.010067453654855034 0.0037312513815773796 0.0078511869682353404 0.014995797587916682 0.016942510770595623 0.041430598664559559 0.015326587630054199 -0.025626472109886091 -0.011906209369250496 -0.015993099024484134 -0.0070022506820737089 0.021676642488795177 0.026775462046714271 0.017957063001958082 0.07648971604730069 -0.020508657107102257 0.094181926149413883 0.017784757239375233 0.05559678597652945 -0.0069771224893626005 0.0032956107249564044 0.007681233460434536 0.050884777586689175 0.032207372256422777 0.028719425968476067 0.00048359108331601301 -0.004358320955881019 0.018243493180979495 -0.033956833190405537 0.06457902691795675 0.020104548468059799 0.023787765186975562 0.0063403248395752093
leaf_weight=179.26571306958795 134.5181691609323 535.93954490404576 76.833633497357368 414.76751192472875 181.38043135218322 71.987998268567026 321.88614458218217 1825.920132804662 3.0940022990107527 620.5872522382997 29.264054700732231 591.40185315720737 412.3476838413626 56.029396459460258 32.807980802841485 146.60567604191601 172.76262624468654 179.33882716018707 199.06812982074916 214.55729132238775 511.16624572966248 298.08375324774534 7.244158415123823 108.89968694001436 705.15635342616588 105.94821315538138 913.05194488167763 606.43813245091587 16.400823309086263 144.92466359678656 98.82430053781718 322.86618288978934 22.110731025226414 9.8793867398053425 61.791174238547683 18.792335484176874 25.455965084955096 84.420639399439096 26.970896761864424 60.422848952934146 177.37940477579832 90.121350307017565 191.78439456596971 12.422098830342291 10.462578590959309 8.6488706246018392 88.754145001061261 17.63891801610589 175.98042177595198 436.39856213424355 12.850376811809836 9.4263910753652436 351.92648433335125 26.685234133154154 1309.7158741960302 38.920947905629873 460.92435631342232 1478.1664914260618 25.394637707620859 1206.7510335957631 32.139617518521845 19.330467656254768
leaf_count=3672 4389 13931 1580 4493 5176 775 6710 31142 60 25328 158 18925 3926 388 446 1477 1847 4372 5099 3315 11551 7394 92 2171 18050 1390 12404 6351 436 1600 1132 3728 414 144 535 178 204 981 267 550 1805 775 1452 90 139 99 1159 269 3663 6409 189 110 3912 271 24000 239 4930 53197 185 11057 501 178
internal_value=-0.000184181 -0.018382 0.00755754 0.0100573 -0.0261542 -0.00701554 -0.00608319 0.00493528 -0.0187368 -0.0192679 0.0144267 -0.0111895 0.0157681 0.0102104 -0.000821919 0.0180795 0.00876051 0.00721864 -0.00218752 0.00421789 -0.00575813 0.00271649 0.00238078 3.57982e-05 -0.0158626 0.00737639 0.00886106 0.0163989 0.00336116 0.0207684 0.0144904 0.0167097 -0.0190035 0.0297529 0.0230357 0.0214103 0.00538053 0.00839543 0.0139554 0.00742175 0.0143587 0.0203966 0.0136281 0.0342225 0.023133 0.0590502 0.00294806 0.00645759 0.0030855 0.00691688 0.0372127 0.00444323 0.0276343 -0.00010576 -0.000706851 0.0193563 0.0211472 -0.0327641 0.0453763 0.0188789 -0.000116001 0.0316942
internal_weight=16731 4992.91 11738.1 10020.4 3057.69 1717.67 1935.23 4615.74 1445 1441.91 5404.71 821.323 4775.38 1406.88 1377.17 3368.5 3003.44 2685.75 1612.3 629.325 860.586 349.42 833.25 750.8 884.422 516.589 1350.86 2869.97 229.921 317.687 2234.88 1628.44 558.05 51.3362 635.088 605.823 938.508 2506.41 643.522 322.223 237.802 321.299 218.755 102.543 82.4506 18.5283 410.64 1862.89 641.9 465.919 20.0945 445.825 498.532 1413.23 1386.55 561.636 522.716 1612.68 44.187 1305.58 213.52 36.9694
internal_count=321410 151250 170160 134890 108012 35270 43238 76278 50426 50366 58612 25038 50804 16922 28893 33882 45328 41881 30950 7808 19634 8083 13548 12634 21722 9259 16534 28493 6113 3447 22268 15917 14345 689 6225 6067 12608 37509 5920 3336 2355 2584 1719 865 914 243 7869 31589 10463 6800 281 6519 5389 25851 25580 5704 5465 57586 363 12189 5677 447
cat_boundaries=0 1 2 3 4
cat_threshold=8 148 32 8
is_linear=0
shrinkage=0.04


Tree=28
num_leaves=63
num_cat=4
split_feature=11 0 22 0 22 11 0 22 32 23 0 21 5 0 11 32 10 5 0 19 23 5 20 21 19 1 20 1 32 23 0 2 19 1 5 20 17 12 20 21 11 19 19 17 22 29 22 1 23 0 1 21 21 21 22 1 9 23 24 23 21 20
split_gain=1416.76 296.502 240.249 133.327 112.927 79.2906 65.3545 49.245 47.9359 45.6022 39.0007 37.5991 35.7076 34.7012 33.8262 33.0173 36.8354 34.6007 30.168 30.0373 26.5624 28.4945 26.2058 23.4603 22.7177 22.4812 22.4012 22.3726 22.3518 20.8775 20.7719 31.8122 20.1566 19.9518 19.1377 21.104 18.9566 39.6527 18.8364 18.1077 17.8812 17.4761 17.441 17.1229 16.8226 16.2376 16.1113 17.3824 16.0637 15.9179 15.8514 15.5888 15.4065 15.1499 14.8569 14.8043 14.6985 14.6093 14.5353 18.5342 15.7478 14.0228
threshold=0.052738554775714881 2.6350001096725468 0.037652041763067252 1.7749999761581423 0.066482517868280425 0.153984010219574 1.5349999666213991 0.10294625535607339 0 1.0350533723831179 2.7549999952316289 69.821186065673842 31.500000000000004 3.1049998998641972 0.16219487786293033 1 40.250000000000007 34.500000000000007 2.1250000000000004 10.500000000000002 1.013817369937897 41.500000000000007 177.50000000000003 69.72491836547853 170.50000000000003 1.6250000000000002 159.00000000000003 1.9149999618530276 2 1.1712989211082461 0.81499999761581432 -0.30500000715255732 23.000000000000004 2.3750000000000004 19.500000000000004 159.00000000000003 3.5000000000000004 2.5000000000000004 159.00000000000003 76.478694915771499 0.50084745883941661 36.000000000000007 49.500000000000007 2.5000000000000004 0.17032737284898761 3 0.18932993710041049 2.2350000143051152 1.2232519388198855 2.1149998903274541 2.5349999666213994 84.929595947265639 68.052261352539077 75.729537963867202 0.016121459193527702 2.6049998998641972 14.500000000000002 1.0722166895866396 0.15059998631477359 1.1108112931251528 67.372478485107436 159.00000000000003
decision_type=8 8 8 8 8 8 8 8 1 10 10 10 2 10 10 1 2 2 10 10 10 2 2 10 8 8 2 10 1 10 10 10 8 10 2 2 10 8 2 10 10 10 10 10 10 9 10 8 10 10 8 10 10 10 10 8 2 10 10 10 10 2
left_child=1 4 6 15 22 10 38 26 27 -8 12 33 24 34 54 19 30 -18 -10 23 52 -22 28 -4 25 45 -3 -6 -1 -14 31 -17 -13 -7 46 -36 37 41 -2 56 -41 -34 -31 53 -20 -5 47 -9 -27 -24 51 -28 55 -30 -11 -21 -40 -43 59 -26 -61 -39
right_child=2 7 3 5 8 11 9 13 18 14 -12 32 29 -15 -16 16 17 -19 44 20 21 -23 49 -25 58 48 50 -29 43 42 -32 -33 36 -35 35 -37 -38 61 39 40 -42 57 -44 -45 -46 -47 -48 -49 -50 -51 -52 -53 -54 -55 -56 -57 -58 -59 -60 60 -62 -63
leaf_value=-0.023699814072847901 0.040347861241714592 -0.018471175998912015 0.012548676305758748 0.026188892935245484 0.0060255754664475872 0.011575966403724873 -0.023330131589078987 0.049839070041744135 0.018232850399228045 -0.036101167050695188 -0.015631844965069867 -0.0078513822213609891 -0.0083673588962862762 -0.03243441347179208 0.0047904519657858066 0.010477593021994105 0.03152616618895409 0.012310419679949888 -0.0026084863631143447 0.020759753773689941 0.024182585130502622 0.010256184812655228 -0.011921937619551459 -0.015770341185354277 0.0093375232887073535 -0.0011887445569360203 -0.026126900554788463 -0.015077409371117434 0.032815493939490042 0.027259391181967876 0.0054164732416890713 0.03747862472100786 0.019870183101827813 -0.0009804716122034365 0.022694812247925938 -0.021750620441789853 -0.0098348067175122993 0.002871304334495737 0.002486422561793379 -0.012433880661350634 0.033898620337682719 0.0091153676360411964 0 -0.0087399999172662682 0.014766981341987187 0.00059479477824616223 0.02439857274909853 -0.011455475045693109 0.015862403559341282 -0.027100431147871262 -0.035773826068964343 0.033882040518688629 -0.014343880295099904 -0.014422381211729814 -0.010841389014088806 -0.0075694321726038774 0.025117947888508234 -0.011025553566584512 -0.019668008110988049 0.020070735497221541 0.070510954197396281 0.023491664231398458
leaf_weight=80.661330939270556 23.432136371731758 177.70593833876774 157.54165890160948 100.97921293135732 98.213805356994271 2908.2048791386187 416.00709984917194 5.964887090958654 196.80126437917352 40.032636873424053 252.56990899518132 256.34574343729764 662.36138594523072 193.03192321583629 260.73512723576277 426.11451449152082 236.80406964384019 422.09041234850883 521.85519363638014 93.478369771502912 1291.5224645361304 295.18761611450464 149.63127755280584 64.158582176081836 39.439918936230242 634.68499788176268 271.05505592375994 407.85854975972325 38.180865524336696 45.328072551637888 1259.7792599238455 82.770911686122417 49.411713869310915 216.03828911762685 16.754817271605134 218.57643722370267 112.55784722790122 71.11785167362541 108.18034388870001 113.5993018867448 13.05661356821656 77.609151657670736 181.66284904349595 79.39975144341588 105.41303889174014 73.726838779635727 31.826283778995275 102.20706447679549 100.58017813321203 511.43524316791445 1322.7504023518413 5.3461970798671237 45.535372578538954 13.29942953865975 409.24053027201444 40.974146329797804 79.594243288971484 205.74250070750713 8.9252136740833503 21.605041487142444 22.004871677607298 221.07378954999149
leaf_count=1821 277 6256 1910 1208 3279 39281 11783 153 3667 877 6801 4174 14462 8927 4055 4037 2353 4094 12774 2388 11028 2635 4083 935 1165 12044 8993 7933 849 463 13688 530 727 3200 474 8631 1991 1011 1549 1949 112 1311 2205 1998 2041 988 809 3984 1026 17000 51675 149 1491 356 8993 1073 964 3190 141 287 278 2798
internal_value=-0.000154366 -0.019192 0.00697792 0.00906161 -0.00863681 0.00530343 -0.00820721 -0.0290868 -0.00128766 -0.0128344 -0.00093118 0.00854996 0.00104221 -0.0186921 -0.00662524 0.0143842 0.0112277 0.0193031 0.00465386 0.0182187 0.0199603 0.021613 -0.0198016 0.00424985 0.00621801 0.00426341 -0.0323826 -0.0109586 -0.0074018 -0.00478076 0.00819641 0.0150145 0.00175933 0.0107051 -0.0114688 -0.018388 0.00512285 0.00785235 0.0071753 0.00443853 -0.00714269 -0.00157499 0.0056317 0.00278798 0.000336418 0.017078 0.000200947 -0.00715953 0.00116961 -0.0237232 -0.0338985 -0.0247024 0.00526945 0.0203795 -0.0132599 0.0120835 0.0122853 -0.00545576 0.0249688 0.0302096 0.0476733 0.0185536
internal_weight=16689.8 4547.97 12141.8 10677.9 2202.75 6261.97 1463.88 2345.22 1330.14 1126.02 2143.87 4118.1 1891.3 568.361 710.008 4415.96 2427.56 658.894 824.069 1988.4 1766.7 1586.71 872.608 221.7 1001.95 909.971 1776.86 506.072 211.541 889.352 1768.66 508.885 993.859 3124.24 375.329 235.331 737.513 624.955 337.863 314.431 126.656 332.763 226.991 130.88 627.268 174.706 139.998 108.172 735.265 661.067 1599.15 276.401 179.988 51.4803 449.273 134.453 187.775 283.352 91.975 83.0498 43.6099 292.192
internal_count=321324 145852 175472 144913 55801 98751 30559 90051 29694 25708 41068 57683 34267 22978 13925 46162 24702 6447 18482 21460 18615 13663 26107 2845 17137 15266 67073 11212 5024 17130 18255 4567 15202 42481 14051 9105 11028 9037 4851 4574 2061 5228 2668 3203 14815 2196 4946 4137 13070 21083 60817 9142 4952 1205 9870 3461 2513 4501 1871 1730 565 3809
cat_boundaries=0 1 2 3 4
cat_threshold=4 8 4 16
is_linear=0
shrinkage=0.04


Tree=29
num_leaves=63
num_cat=2
split_feature=0 22 11 11 22 11 22 21 0 22 19 8 20 19 5 9 32 23 5 25 23 10 25 17 0 22 15 20 21 17 25 19 12 21 32 19 22 2 26 21 21 16 15 25 21 0 22 25 20 25 21 21 21 21 23 17 24 21 21 23 6 22
split_gain=1343.95 261.796 236.69 149.721 86.3104 78.176 74.2535 59.201 59.2879 52.6751 44.5597 35.1079 34.5446 35.2991 33.8411 35.7456 38.0113 35.3065 31.039 48.5845 30.8972 29.0626 28.0168 27.1352 26.8031 26.3331 25.6657 25.6458 25.3166 23.9822 23.9136 22.9571 22.924 24.3191 21.8777 29.7356 20.5724 20.1106 23.5414 19.9719 19.7719 19.6064 19.0721 41.2024 19.9326 23.8196 18.4204 17.9855 17.9746 17.5893 17.5278 26.6608 23.8819 17.466 16.5216 16.4708 21.6151 16.3221 16.3053 16.1126 16.0899 16.0497
threshold=2.4750000238418584 0.03614510782063008 0.038984065875411041 0.14484369754791263 0.092618513852357878 0.1368290111422539 0.070410095155239119 82.51377105712892 3.0049999952316289 0.097551945596933379 10.500000000000002 72.500000000000014 175.00000000000003 163.50000000000003 35.500000000000007 13.500000000000002 0 1.013817369937897 31.500000000000004 677.12500000000011 1.0326827168464663 6.2500000000000009 690.87500000000011 3.5000000000000004 0.75499999523162853 0.030162448994815353 3.5000000000000004 218.00000000000003 70.200405120849624 2.5000000000000004 276.37500000000006 49.500000000000007 8.5000000000000018 63.022916793823249 1 79.500000000000014 0.12791433185338977 0.81499999761581432 1.5000000000000002 70.018600463867202 67.059993743896499 1.5000000000000002 3.5000000000000004 293.62500000000006 69.096069335937514 2.054999947547913 0.017273891717195514 9.1250000000000018 79.000000000000014 21.875000000000004 67.659801483154311 65.116699218750014 83.14151763916017 67.372478485107436 1.0895674228668215 2.5000000000000004 0.11578697711229326 63.870082855224616 83.14151763916017 1.1321590542793276 53.500000000000007 0.094713956117630019
decision_type=10 8 10 10 8 10 8 10 10 10 8 2 2 10 2 2 1 10 2 2 10 2 2 10 10 8 2 2 8 10 2 10 10 8 1 8 8 10 2 10 10 2 2 2 10 10 10 2 2 2 8 10 10 8 8 10 10 10 10 10 2 8
left_child=1 5 6 4 12 46 -2 8 11 25 28 27 23 58 15 16 17 -12 32 31 -7 -19 29 34 -22 -4 -18 36 -5 53 54 -20 33 -6 35 -3 -8 38 -36 40 -25 -27 -15 47 45 -45 -1 -44 -11 -37 51 57 -52 -16 -29 -46 -57 -31 59 -14 -17 -55
right_child=2 3 9 10 18 20 7 -9 -10 48 14 -13 13 42 22 60 26 21 19 -21 24 -23 -24 39 -26 41 -28 30 -30 50 -32 -33 -34 -35 37 49 -38 -39 -40 -41 -42 -43 43 44 55 -47 -48 -49 -50 -51 52 -53 -54 61 -56 56 -58 -59 -60 -61 -62 -63
leaf_value=-0.027024009275236866 -0.033174711897074029 0.0071268554966496282 -0.025148556577667087 0.0084226124705813026 0.016110793940169142 -0.011646299410377804 -0.016905463617286915 0.11308341431202087 -0.031946790127592002 0.039366437074349205 -0.0019901223359570373 -0.022598428545826145 -0.020743472021527754 -0.0055285572674334859 0.010597588791645376 0.036820916751402359 0.0081431301325998722 0.0091997485398499362 0.012790185475818163 0.055817218203438768 0.03152102508220108 0.024043410658215327 0.037409835038195526 -0.022965716375898556 0.0028412773812296964 -0.010960908064628003 0.022558815048442083 0.032850480410458689 -0.0083364636425989243 0.0084061839934372138 0.053926405998082211 -0.0051102148245390604 0.043844149496450838 0.0069922318097908722 -0.0052194007930047295 0.059912984523166284 0.0023377731820790558 0.050542668792836379 0.021756730601220436 -0.018808849746310714 0.017286593845233334 0.014572935799786869 0.050406078706194513 0.040669854357738205 0.0055872834142785604 -0.020139846216425741 -0.013710094836907534 -0.012195629597584762 0.0011049336522698889 0.019833177346669353 -0.00079863029220347587 0.018698236188267034 0.066387392050613628 0.011394891807408497 -0.019564872055093527 0.085071588297977771 0.0076672182212622342 -0.0083618715436581843 0.038295761258341991 -0.0026351771721263751 0.021239737410904572 0.04838429672453029
leaf_weight=246.44447047635913 1414.7865923643112 165.34180296957493 214.82844023453072 470.62511619925499 629.59116703830659 214.05530264228582 231.74680146295577 3.3762457929551593 446.70155086694285 18.413238430395722 113.7535218084231 376.15615773107857 361.45251265726984 506.11934819072485 116.38017825596035 156.89665137603879 1335.4008518857881 268.68570851441473 141.35110386181623 22.464689143002033 58.668998582288623 1082.4138655569404 52.821324728429317 25.57068595290184 381.47330796625465 729.55509207397699 232.369061274454 13.342436002101747 205.32607867196202 320.26666008867323 18.345968356356025 568.7016658782959 29.43460182286799 1863.461551846005 288.45084336958826 30.974276706576347 141.65024677757174 10.848605067469178 60.971549328416586 127.50762456655502 64.707297848537564 49.545083726290613 5.957366405054926 17.640723809599876 10.863722663372753 19.704664226621389 551.54247336648405 92.702984937466681 546.48404282098636 46.059549368917942 498.3779026074335 320.98271355032921 6.6095959916710845 32.308551609516144 23.80484133027494 20.895765446126465 8.6033308431506139 128.26957627944648 6.8434103727340689 102.47165157273412 391.75759586226195 51.455060720443726
leaf_count=5959 54314 3293 5842 5131 6433 4853 7708 59 19627 143 3017 13427 9081 11094 1200 1558 12628 2733 2127 241 588 8947 359 351 5566 20487 2675 619 3366 3307 412 10361 309 29889 5106 389 4608 142 695 2476 1240 841 165 205 154 353 14612 2483 9060 604 7759 3587 72 447 722 282 98 1211 124 1391 4228 544
internal_value=-0.00016016 0.00644984 -0.019641 0.00855523 0.00364553 -0.00950184 -0.0268696 -0.0197147 -0.0202591 -0.00723632 0.0129889 -0.0137008 -0.00294955 -0.0074099 0.0142661 0.0163975 0.0146729 0.0193154 0.0076463 0.000384783 0.00074011 0.0211154 0.0092487 0.00331326 0.00680754 -0.0127723 0.0103109 -0.00580996 0.00331052 0.00818526 0.0190687 -0.00150961 0.00974986 0.00930929 0.00768856 0.0169304 -0.00961056 0.00138978 -0.000392475 -0.00871726 0.00554803 -0.00929374 -0.0015726 0.00966955 0.031096 0.00898852 -0.0178891 -0.0074097 0.00250069 0.0371583 0.00613463 0.0099271 0.000323384 0.0210141 0 0.0499719 0.064671 0.00357737 -0.0158131 -0.0167894 0.0258275 0.0348088
internal_weight=16694.3 12465.6 4228.74 11013.4 5228.69 1452.18 2669.91 1255.12 1251.75 1558.83 5784.7 805.046 1973.69 1153.26 5108.75 3581.28 3032.62 1464.85 3255 732.517 654.198 1351.1 1527.47 820.432 440.142 993.929 1567.77 428.89 675.951 1474.65 55.4932 710.053 2522.49 2493.05 602.647 242.376 373.397 360.271 349.422 217.786 90.278 779.1 682.488 176.369 77.7082 37.3454 797.987 98.6604 564.897 77.0338 1274.51 769.519 504.987 200.144 37.1473 40.3628 29.4991 448.536 470.768 463.924 548.654 83.7636
internal_count=321302 183433 137869 151855 89086 31578 101496 47182 47123 36373 62769 27496 39726 25430 54272 35786 30000 14697 49360 12729 11007 11680 18486 14296 6154 27170 15303 14069 8497 18127 1753 12488 36631 36322 10229 4286 12316 5943 5801 4067 1591 21328 14834 3740 1092 558 20571 2648 9203 993 15936 8105 7831 2191 1341 534 380 4518 10596 10472 5786 991
cat_boundaries=0 1 2
cat_threshold=8 8
is_linear=0
shrinkage=0.04


Tree=30
num_leaves=63
num_cat=5
split_feature=4 0 22 4 4 22 22 11 21 1 23 6 32 11 29 21 21 25 21 8 32 20 25 25 22 23 25 17 22 25 20 5 14 1 10 11 22 23 21 28 21 0 24 1 26 23 25 29 25 1 11 20 4 0 20 22 25 5 17 23 21 25
split_gain=1233.55 281.701 142.751 139.77 121.922 84.246 76.12 76.0535 52.4606 44.9101 42.5058 39.3546 36.0568 35.0169 34.9594 34.7345 32.5459 31.0945 30.1413 29.357 27.1812 26.7337 35.4621 30.431 31.7668 30.5458 25.8388 25.5384 25.3792 23.7598 23.2596 23.0842 27.5667 22.622 22.3879 28.7819 22.0322 24.1595 28.1488 22.5148 21.8718 21.7602 21.7504 21.5137 21.4424 21.264 35.0721 20.8519 24.3672 20.221 25.328 19.9948 19.8697 19.4997 19.2405 18.9776 18.1543 17.9799 33.203 17.6133 30.4174 21.0258
threshold=2.4550000429153447 2.2749999761581425 0.03614510782063008 1.075000047683716 2.7549999952316289 0.052642140537500388 0.087603129446506514 0.30720923840999609 68.252796173095717 1.2050000429153445 1.0165802240371706 64.500000000000014 0 0.02616090048104525 1 76.79990386962892 72.887008666992202 84.125000000000014 60.947811126708991 63.500000000000007 2 218.00000000000003 276.37500000000006 171.87500000000003 0.059999207034707076 1.2232519388198855 510.25000000000006 1.5000000000000002 0.038171408697962768 423.75000000000006 171.50000000000003 34.500000000000007 79.345001220703139 1.7450000047683718 12.750000000000002 0.64760348200798046 0.11698624119162561 1.06156462430954 74.03781890869142 3 76.24585342407228 1.5349999666213991 0.053375126793980605 2.4050000905990605 1.5000000000000002 1.0668813586235049 109.62500000000001 4 650.37500000000011 2.2949999570846562 0.032301537692546851 175.00000000000003 1.544999957084656 1.1349999904632571 79.000000000000014 0.12391588091850282 92.875000000000014 41.500000000000007 2.5000000000000004 1.2374786734580996 62.269115447998054 5.8750000000000009
decision_type=2 10 8 2 2 8 10 10 10 8 10 2 1 10 9 10 10 2 8 2 1 2 2 2 10 10 2 10 8 2 2 2 10 8 2 10 10 10 10 9 10 10 10 8 2 10 2 9 2 10 8 2 2 8 2 10 2 2 10 10 10 2
left_child=1 2 9 13 6 33 28 8 20 -1 -10 -7 14 -3 -12 41 55 30 -6 -8 31 23 -23 24 -22 -26 29 -18 -2 -24 -14 32 44 -5 54 -36 37 39 47 -19 42 -11 -41 -13 59 46 -29 48 -39 50 -25 -20 -27 -34 -9 57 -56 -16 -59 60 -4 -62
right_child=4 3 7 5 18 11 19 34 10 15 12 43 17 -15 16 -17 27 36 51 -21 21 22 26 49 25 52 -28 45 -30 -31 -32 -33 53 -35 35 -37 -38 38 -40 40 -42 -43 -44 -45 -46 -47 -48 -49 -50 -51 -52 -53 -54 -55 56 -57 -58 58 -60 -61 61 -63
leaf_value=0.013672709456403729 -0.029142820306765755 -0.028697897987958913 0.049237666599811415 0.0007339470620577193 0.004797959981587792 0.011538364258720931 0.0069628881320116355 0.023881488466319812 -0.023336653024362657 0.010109210009789987 -0.0067986251238040052 0.0027797549549632432 0.0027454409545684807 -0.010733244664155076 0.011746425663754563 -0.016739785028912317 0.0030291618515640539 -0.0034710468577716729 -0.023069986189163432 -0.010624398567413975 0.058249543539681918 0.0089846340797368786 0.036462534623415789 0.047047128295339836 0.011762930444021361 0.0025224720689792273 0.01917633427096133 0.030599876852032193 -0.016282787192958142 0.086601219814607319 -0.011001657284945858 -2.144338992426873e-05 0.022028153501384179 -0.018738262634754102 0.016741121545905426 0.035352269012850636 0.020093121904865684 -0.011672833102505345 -0.019914001930346294 0.010603084271181305 0.086095730689141683 -0.0073838261614799176 0.071136037329577712 -0.010496473343689266 0.02485544405125921 0.027461081738248856 0.11616649915202595 0.0075529642662173638 0.030530677738654279 -0.0084467310053599459 0.0070216343772190751 -0.033864231042305688 0.033923873530816474 0.0033292876355399069 -0.0023515671164008236 0.032657760282151449 0.017543310596058601 0.045854520581949804 -0.011754085981897817 0.00083019496330787414 0.052915359068308229 0.0084725235501090998
leaf_weight=167.85874758195132 405.15837333817035 416.20300755137578 37.726075747981668 122.38174092955887 37.466691324487329 644.1712603373453 249.30724853603169 95.068582121282816 87.470727321691811 170.73995221126825 150.50867820158601 619.28770610969514 363.30817973427474 306.12908570235595 500.43158974871039 446.75839230697602 41.457542131654918 36.398493808694184 397.60946168936789 381.0807120767422 26.858805138617754 103.2185408109799 47.611671660095453 24.82616519741714 829.60193062480539 40.046468963846564 57.020343724638224 21.982533606700599 666.26126410998404 26.028957448899746 424.45331458374858 485.15905304066837 98.042883118614554 417.47973777959123 1641.5897032571957 145.94556680507958 145.63972293399274 194.15876199677587 87.564367949962616 47.061476128175855 9.6556076481938344 330.804303673096 10.393611203879116 282.60061989957467 259.71907401457429 81.358511184342206 12.236981909722088 589.08470042329282 22.628374826163054 129.20307428389788 508.99934659712017 1130.909457298927 184.90538568235934 859.39435048215091 241.14849102776498 53.911167792975903 102.94649871438742 16.342383520677686 123.16280285362154 187.61640763841569 16.477211775258183 259.53450112696737
leaf_count=2404 13686 14534 382 2553 1252 10168 5653 698 3658 2670 2300 10375 5807 6351 6137 10245 608 569 14655 9689 492 2130 412 235 13272 411 450 431 22783 224 7985 6951 1056 12161 15453 1079 1158 2184 1424 623 135 6964 117 8865 4071 997 114 6351 216 1284 3935 46975 1607 13313 2868 564 669 185 1747 1391 307 2959
internal_value=-0.000145325 0.00524581 0.00824427 -0.0060074 -0.0221659 -0.00074598 -0.0147171 0.00984584 0.00784208 -0.00527007 0.00381626 0.0040021 0.00464447 -0.0211461 0.0107966 -0.00865327 0.0138444 0.00144095 -0.0302265 -0.00365626 0.0107434 0.0141538 0.0268673 0.0124159 0.016553 0.0153752 0.0405854 0.0303861 -0.0211985 0.0561115 -0.0046606 0.00766811 0.00984112 -0.0143229 0.0163096 0.0183029 0.00565547 0.00350232 0.00135194 0.02161 0.0350356 -0.00139631 0.0237126 -0.00138543 0.0155217 0.0399125 0.0661445 0.00371614 -0.0066866 0.00562669 0.00906665 -0.0310954 0.0284405 0.00529434 0.00813184 0.0102114 0.00364446 0.00821215 -0.00439626 0.010591 0.0163604 0.011516
internal_weight=16620.1 13352.3 10544.1 2808.25 3267.79 2085.92 1701.81 9427.9 7201.2 1116.16 3019.21 1546.06 2931.74 722.332 1001.39 948.303 850.884 1930.35 1565.99 630.388 4181.99 1978.32 233.88 1744.44 1081.41 1054.55 130.661 157.036 1071.42 73.6406 787.761 2203.67 1718.51 539.861 2226.7 1787.54 1142.59 996.945 893.436 103.509 67.1107 501.544 57.4551 901.888 761.073 115.578 34.2195 805.872 216.787 663.029 533.826 1528.52 224.952 957.437 439.164 693.848 344.095 639.937 139.505 501.354 313.738 276.012
internal_count=320942 206249 141242 65007 114693 44122 51811 118959 98192 22283 43310 29408 39652 20885 13083 19879 10783 26569 62882 15342 54882 24452 3216 21236 15782 15290 1086 2150 36469 636 13792 30430 23479 14714 20767 16532 12777 11619 10175 1444 875 9634 740 19240 9110 1542 545 8751 2400 5454 4170 61630 2018 14369 4235 8633 3537 8069 1932 5039 3648 3266
cat_boundaries=0 1 2 3 4 5
cat_threshold=8 44 4 4 96
is_linear=0
shrinkage=0.04


Tree=31
num_leaves=63
num_cat=2
split_feature=4 0 4 21 4 22 22 1 21 8 6 0 0 23 32 21 14 32 20 14 15 26 22 14 15 1 22 19 20 11 21 20 22 16 22 16 9 22 1 4 24 0 22 21 15 6 8 23 22 19 4 9 0 19 19 1 11 6 11 4 7 10
split_gain=1150.53 268.174 137.151 132.69 118.813 75.9938 74.2979 68.956 65.3593 42.2831 41.78 38.745 33.4861 32.11 33.6314 29.8123 28.4166 25.0734 26.4073 24.8007 29.188 25.2055 23.478 23.0443 22.9087 22.1539 22.1305 21.9978 21.1363 20.3519 19.3494 19.3175 19.0977 18.9039 20.4731 21.4506 18.8727 18.6082 18.3437 17.8887 17.1521 16.9298 21.0793 22.706 16.5093 16.0593 15.9892 15.6045 15.2553 15.1883 15.0653 20.4848 15.0541 14.4641 18.9471 22.8022 20.338 15.8634 14.4614 14.412 14.3001 20.9133
threshold=2.4550000429153447 2.2549999952316289 1.075000047683716 75.729537963867202 2.7549999952316289 0.070718556642532363 0.0515999123454094 1.5049999952316286 68.252796173095717 63.500000000000007 64.500000000000014 1.6050000190734866 2.8149999380111699 1.030423700809479 0 60.947811126708991 64.020000457763686 1 218.00000000000003 88.184997558593764 3.5000000000000004 1.5000000000000002 0.014692337252199652 84.399997711181655 2.5000000000000004 1.7450000047683718 0.39696128666400915 7.5000000000000009 110.00000000000001 0.13517320156097415 62.081874847412116 175.00000000000003 0.193641372025013 4.5000000000000009 0.18043268471956256 1.5000000000000002 21.500000000000004 0.017273891717195514 2.4750000238418584 2.2949999570846562 0.11491150408983232 1.9550000429153445 0.032027559354901321 74.235458374023452 3.5000000000000004 109.25000000000001 184.25000000000003 1.1533122658729555 0.037652041763067252 64.000000000000014 1.9650000333786013 12.500000000000002 3.1049998998641972 49.500000000000007 128.50000000000003 1.735000014305115 0.099431358277797713 92.250000000000014 0.37119558453559881 1.9950000047683718 30.500000000000004 10.250000000000002
decision_type=2 10 2 10 2 8 8 8 10 2 2 8 10 10 1 8 10 1 2 10 2 2 10 10 2 8 10 8 2 10 8 2 8 2 10 2 2 10 10 2 10 10 10 10 2 2 2 10 10 10 2 2 8 10 10 10 10 2 8 2 2 2
left_child=1 3 12 7 5 48 22 33 16 30 44 37 23 58 27 49 -9 19 26 21 -21 53 -4 -3 -13 -24 -19 -15 -16 -26 -7 52 -25 34 36 -36 45 -5 -30 -12 47 -29 -43 -44 -8 59 -38 -20 -2 -6 51 -37 -17 -18 56 -56 -55 -58 -10 -1 61 -31
right_child=4 2 6 11 15 9 10 8 13 -11 39 24 -14 14 28 31 17 18 40 20 -22 -23 25 32 29 -27 -28 41 38 60 -32 -33 -34 -35 35 50 46 -39 -40 -41 -42 42 43 -45 -46 -47 -48 -49 -50 -51 -52 -53 -54 54 55 -57 57 -59 -60 -61 -62 -63
leaf_value=0.0099278432311405637 -0.029298211011006128 -0.0033706299318010322 -0.03372921399164331 -0.012853405857198534 0.033253973745908598 0.032353996981625596 0.0086811990729717368 0.02110452070316415 -0.017442988779831057 -0.013475300225397549 0.0024044127427932447 -0.023376480077055808 -0.031948146347619194 -0.013103735582574286 0.024212262408971758 -0.01568007823712159 0.014816510094447686 0.010291909539782675 0.030888189467027087 -0.0054803198621616945 0.011710170855852027 0.017231342310609223 0.0058309635332439705 -0.025168250237445559 -0.013684293772891241 -0.014955745234309955 0.050667926839600551 0.014527628273199276 0.00075250970940156717 0 0.001058168199990186 -0.033483728572120335 0.013542929464486483 -0.014208254185237763 0.033786720222470396 0.014228631712010701 0.041782434871944968 0.01200504156398891 -0.014594205174009405 -0.0089399822123660509 0.012830600996333874 -0.024675940480437048 0.0038801370348064408 0.052182083182769699 0.028300299260940732 0.0029113889827894887 0.017713348081626206 0.089612971909465267 -0.017751435395998112 -0.015967548438900185 0.0018029918700792709 0.036947680492770738 -0.031881730819957856 -0.016734310062764667 0.020928799284554149 0.0005768038454807069 0.014632467245455503 -0.01899696308672651 0.015641301777396581 0.018808262435384408 -0.0053199426290146106 0.053318382781972956
leaf_weight=819.51349731720984 385.90929773636162 188.5941018066369 78.702544616535306 63.530195120722055 15.572665084619073 33.092627191916108 597.97296241670847 359.38613457232714 165.24496757052839 548.82839087210596 562.32266474841163 227.78003863617778 277.0455686673522 62.878750749863684 55.476937698200345 223.9613908440806 195.3085184879601 1596.5211885320023 116.50221271906048 476.96365932095796 233.82983931805938 441.35655270703137 105.0387418307364 233.53680799668655 218.68620325252414 351.02201739978045 20.277537086978555 660.83936552517116 1592.6076252441853 26.68004406336695 327.02035306347534 1099.1394838355482 20.806355955079198 33.808210339397192 169.9685221388936 237.5616861321032 52.347506353631616 179.34043495170772 133.14735773578286 364.54306957079098 101.05815927311778 36.448385111987591 244.58241440542042 14.723499102517961 76.873656341806054 303.7776291416958 311.63731991220266 6.7205025181174269 386.9649565834552 21.305104524828494 87.664293298497796 88.662295334041119 168.18520337110385 133.14433711953461 136.45611475408077 244.74866019375622 85.903987908735871 28.099871810525656 22.365883179940283 469.27860855869949 59.333993513137102 19.356899173930287
leaf_count=7125 13377 3820 1979 1097 387 565 9146 4000 5463 16398 10461 6017 10225 989 499 7948 2336 19167 2132 8343 3597 8108 2200 6581 5151 10589 226 7568 21792 460 8559 47141 522 223 1416 1569 574 2632 2119 9358 1025 744 3897 226 1516 3753 2829 49 12860 859 742 686 6778 1390 1687 2663 654 241 470 4972 1108 293
internal_value=-0.000249292 0.00490689 -0.00595901 0.00785481 -0.0217497 -0.0143773 -0.00086089 0.00913777 0.0071146 -0.0065021 0.00344738 -0.00784074 -0.0210318 0.00259207 0.00367048 -0.0298288 0.010346 0.00932035 0.0126835 0.00617285 0.000180604 0.00952788 -0.0137446 -0.014073 -0.013689 -0.0101462 0.0108652 0.00945696 0.000347255 -0.00675355 0.00411901 -0.0307075 -0.0218893 0.0147557 0.0151552 0.0217704 0.0131568 0.00541802 -0.00044243 -0.00205845 0.0255439 0.0109725 0.00295778 0.00703176 0.0110049 0.0112419 0.0214062 0.035535 -0.023588 0.00525327 0.0166777 0.0206152 -0.0227755 0.00535857 0.00236843 0.00795409 -0.00620956 0.00608985 -0.0133333 0.0131917 0.00754294 0.0238189
internal_weight=16600 13390 2856.46 10533.5 3209.98 1681.82 2136.48 9738.81 7164.59 908.941 1601.71 794.708 719.983 2988.32 2800.7 1528.16 4176.28 3816.89 1841.08 1975.81 710.793 1265.02 534.763 442.937 551.837 456.061 1616.8 1019.47 1781.23 324.057 360.113 1491.29 254.343 2574.22 2540.41 583.857 1956.55 242.871 1725.75 926.866 224.281 956.594 295.754 259.306 674.847 1592.57 363.985 123.223 772.874 36.8778 413.888 326.224 392.147 823.661 628.353 381.205 247.148 114.004 187.611 1288.79 105.371 46.0369
internal_count=321301 206429 66397 140032 114872 51759 45249 123274 99385 25522 30481 16758 21148 43767 37834 63113 55618 51618 22599 29019 11940 17079 14768 10923 13029 12789 19393 13424 24410 7012 9124 61867 7103 23889 23666 4413 19253 3729 23911 19819 3206 12435 4867 4123 10662 15850 3403 2181 26237 1246 2997 2255 14726 8971 6635 4350 2285 895 5933 12097 1861 753
cat_boundaries=0 1 2
cat_threshold=8 4
is_linear=0
shrinkage=0.04


Tree=32
num_leaves=63
num_cat=3
split_feature=11 0 22 22 0 0 22 1 0 22 24 20 1 0 28 10 22 20 24 6 17 24 1 17 25 15 21 29 15 25 21 22 25 19 25 21 24 19 25 20 6 9 24 25 25 7 1 11 21 22 22 9 22 21 22 19 0 30 6 24 6 14
split_gain=1083.06 266.118 173.933 111.893 95.0422 59.4378 46.1389 43.499 42.6511 40.2257 33.4834 32.8106 31.0441 30.5732 30.2502 26.5013 24.876 23.5261 22.9133 22.5781 24.9101 29.9658 22.4051 22.3838 31.5807 28.3321 29.2141 28.3742 23.2037 25.4025 28.1543 21.1727 20.4498 20.177 34.1521 20.1188 19.7542 29.5261 21.675 19.7318 19.6619 19.2546 18.952 26.0596 18.9453 18.2977 18.2088 17.878 17.2301 18.9114 17.2607 17.2375 17.1746 16.8607 43.6451 20.0932 20.4828 16.8044 16.7197 16.4451 16.1489 16.067
threshold=0.052738554775714881 2.6650000810623173 0.069005299359560027 0.066482517868280425 2.1750000715255742 1.6349999904632571 0.10294625535607339 2.3349999189376835 2.9050000905990605 0.013452543411403896 0.026837668381631378 79.000000000000014 1.5349999666213991 3.1049998998641972 0 13.750000000000002 0.17032737284898761 159.00000000000003 0.17924162000417712 83.500000000000014 1.5000000000000002 0.068650234490633025 2.1950000524520878 3.5000000000000004 677.12500000000011 3.5000000000000004 66.347663879394545 1 2.5000000000000004 84.125000000000014 64.105865478515639 0.086145080626010909 96.375000000000014 163.50000000000003 153.12500000000003 76.478694915771499 0.095385804772377028 190.50000000000003 477.62500000000006 79.000000000000014 76.500000000000014 3.5000000000000004 0.12093919888138772 309.75000000000006 409.25000000000006 33.500000000000007 2.5349999666213994 0.24693857133388522 67.775608062744155 0.054964337497949607 0.046048244461417205 36.500000000000007 0.12391588091850282 73.78296279907228 0.021674870513379577 128.50000000000003 0.75499999523162853 2 179.25000000000003 0.13076394051313403 69.250000000000014 70.545001983642592
decision_type=8 8 8 8 8 8 8 10 10 10 10 2 8 10 9 2 10 2 10 2 10 10 10 10 2 2 8 9 2 2 10 10 2 10 2 10 10 10 2 2 2 2 10 2 2 2 8 10 10 10 10 2 8 10 10 10 10 9 2 10 2 8
left_child=1 3 4 22 9 41 39 18 11 -2 -6 57 -13 61 19 -16 23 32 -5 20 -11 33 35 25 44 27 -27 59 29 -29 -31 -26 -17 -22 -35 40 47 -38 -39 -3 -1 -4 -30 -44 -25 -9 -41 -12 49 50 -21 -50 -43 54 -19 56 -55 -7 -58 -14 -28 -8
right_child=2 6 5 7 10 8 13 45 -10 14 36 12 16 -15 15 17 -18 53 -20 48 21 -23 -24 24 31 26 60 28 42 30 -32 -33 -34 34 -36 -37 37 38 -40 46 -42 52 43 -45 -46 -47 -48 -49 51 -51 -52 -53 -54 55 -56 -57 58 -59 -60 -61 -62 -63
leaf_value=0.013385685987904617 -0.017778482832589683 0.053470266924921142 0.0069902226283371791 0.0027216563237191238 -0.0243888626927047 0.025416990135376238 0.015227520750826649 -0.0028526603751582724 -0.013209266518227535 0.00019732116919217704 -0.011333538394880924 0.012503917076243794 -0.0024213098483692312 -0.030946689000886717 -0.012699768324127754 0.0086529959563092541 0.010298607707155807 0.068675025892518435 0.022317315307944986 0.0020261266746630165 0.040672110170442782 0.0071869922270714672 -0.023596076150514352 -0.002619399129417286 0.005834087267434891 -0.0030385121010794566 0.014397243429845413 0.0030021844638028843 0.0055703099947427351 -0.013584538092547022 0.024186290194815836 0.074346990011422309 0.049896047898715018 -0.0019597595284760677 0.036165591736137752 -0.026282148312464563 -0.00048929521960109159 0.095135810647386784 0.0074825423442819094 -0.021721033857963416 -0.012812636512586857 0.010875224883565576 -0.009823306210027442 0.015779443507171191 -0.021946621187275188 -0.016869104843166782 -0.033623531278396554 0.0052653035999418165 -0.0018380049532794923 0.0045271803068225487 0.053321967730615996 0.022084705877796193 0.01761578836534114 0.029379291266900424 0.001408053914013071 -0.03049050625844079 -0.016159719420735196 0.0077400613065001294 0.038143794647880556 -0.022155623051123202 0.036486976376875417 -0.013047478966263123
leaf_weight=75.264939166605473 129.33837447315454 2.580625142902135 639.00453916937113 638.16746448352933 213.48582110647112 214.64181372523308 34.064422005787492 365.664074330125 169.89327248139307 153.78662454336882 865.66288368077949 985.28364103101194 294.28771633375436 171.0140634952113 230.5774592878297 62.213907772675157 937.23415760975331 14.859352696686981 110.76745137944818 16.247426992282271 111.54479105956852 203.53999277204275 588.68469772441313 539.77054277248681 17.383617829531435 94.700421530753374 142.5321198599413 284.62102898303419 768.90763198863715 34.25604110583663 263.41548205167055 11.196678087115286 27.042711727321148 72.311886238865554 75.030173558741808 77.219048411119729 155.88612720137462 7.5022331932559636 9.7262704726308566 268.87554865144193 110.45800684392452 1061.6272476874292 336.91328602749854 76.235936563462019 94.001717334613204 252.72667493252084 1268.3478600704111 116.05043053068221 495.08225328288972 79.594970845617354 30.439222487621009 51.350271780975163 1482.6133183836937 25.800161241553724 187.08155082445592 50.916809258982539 76.939991461113095 195.47037395834923 8.266775085590778 86.425620101392269 89.119617111980915 299.05030674627051
leaf_count=2236 2476 78 7007 14080 7158 1411 1131 8891 4189 1838 20539 10164 6186 8836 4352 665 10887 162 1240 210 1316 1888 20072 11645 186 1294 3038 7481 12160 331 2710 97 298 1649 768 2388 2608 118 148 9528 2845 9682 3901 629 1068 7013 55319 2048 8190 1038 292 490 13527 323 2815 1100 1533 1464 144 847 1293 12153
internal_value=-0.00012837 -0.017497 0.00589739 -0.00788913 -0.00168614 0.00888194 -0.0279058 -0.000787869 0.00640757 0.00365136 -0.00988466 0.00702333 0.00613329 -0.0172545 0.00507708 -0.00171156 0.0045841 0.00389362 0.00568223 0.00868131 0.0142059 0.0188265 -0.0192526 0.002867 -0.00364838 0.00461792 0.0155678 0.00293532 0.00506367 0.0116164 0.0197513 0.0360434 0.022056 0.0278217 0.0176254 -0.00939332 -0.00715891 0.00522225 0.0519929 -0.0313609 -0.00212355 0.0132538 0.00185757 -0.00502646 -0.00555864 -0.00862977 -0.0315778 -0.00935651 0.00358178 0.0167763 0.0364514 0.000467852 0.0148171 -0.000636006 0.0070219 -0.0102044 -0.000453825 0.0178941 -0.0100455 -0.00683585 0.0231693 -0.0100586
internal_weight=16552.7 4262.89 12289.8 2218.95 3470.28 8819.54 2043.93 1367.33 5636.29 2101.96 1368.31 5466.4 5056.29 504.129 1972.63 683.699 4071 453.121 748.935 1288.93 616.213 462.427 851.627 3133.77 662.353 2471.41 326.352 2145.06 1764.35 582.293 297.672 28.5803 89.2566 258.887 147.342 262.942 1154.83 173.115 17.2285 1539.8 185.723 3183.25 1182.06 413.149 633.772 618.391 1537.22 981.713 672.714 126.282 46.6866 546.433 2544.24 363.865 201.941 161.924 111.007 410.112 85.2068 380.713 231.652 333.115
internal_count=321173 145810 175363 58765 64166 111197 87045 31224 80981 31547 32619 76792 73917 22120 29071 11392 63753 7040 15320 17679 7459 5621 27541 52866 12996 39870 5625 34245 27212 10522 3041 283 963 3733 2417 7469 25461 2874 266 64925 5081 30216 16690 4530 12713 15904 64847 22587 10220 1540 502 8680 23209 6077 2977 3100 2000 2875 1677 7033 4331 13284
cat_boundaries=0 1 2 3
cat_threshold=16 72 20
is_linear=0
shrinkage=0.04


Tree=33
num_leaves=63
num_cat=5
split_feature=4 22 0 22 4 0 4 22 1 8 5 20 21 10 32 19 32 23 1 20 21 0 24 19 23 22 4 23 23 20 19 24 25 25 25 6 23 21 29 25 1 26 23 21 8 8 21 9 20 1 4 30 1 1 19 5 17 29 22 22 18 25
split_gain=1027.13 226.73 144.972 119.539 94.8221 75.8103 75.5443 54.1167 42.9439 38.5673 38.4365 34.1225 33.765 32.949 31.7668 28.0305 35.3294 29.0965 27.9205 27.5868 24.2366 22.8696 22.108 25.7577 20.7036 39.0347 20.5318 20.4842 21.7637 20.3998 20.0676 20.8061 20.0553 40.7668 28.6413 20.3082 19.2728 19.2552 18.4213 23.1087 18.3645 18.2532 17.6845 17.2505 16.6404 16.2136 20.4938 15.8902 15.8309 15.8136 15.7423 15.7336 17.5112 15.7189 15.4003 15.1389 20.4676 15.1 24.1896 19.7629 15.7821 15.4508
threshold=2.4550000429153447 0.03614510782063008 2.2749999761581425 0.066482517868280425 1.1349999904632571 1.8650000095367434 2.7050000429153447 0.12391588091850282 1.8650000095367434 63.500000000000007 28.500000000000004 79.000000000000014 78.926559448242202 1.5000000000000002 0 11.500000000000002 1 1.0013249516487124 2.1450001001358037 175.00000000000003 77.739685058593764 3.0049999952316289 0.13076394051313403 49.500000000000007 1.063160836696625 0.020898253656923774 2.0949999094009404 1.0368346571922304 1.0321614742279055 159.00000000000003 167.50000000000003 0.14791696518659594 431.12500000000006 302.12500000000006 677.12500000000011 67.250000000000014 1.1644505858421328 62.081874847412116 2 364.12500000000006 2.0349999666213994 1.5000000000000002 1.1712989211082461 72.081737518310561 221.25000000000003 96.500000000000014 68.111885070800795 2.5000000000000004 79.000000000000014 1.8149999976158144 2.7549999952316289 3 1.5649999976158144 1.3049999475479128 9.5000000000000018 28.500000000000004 1.5000000000000002 4 0.15766757726669314 0.1857978627085686 1.5000000000000002 79.625000000000014
decision_type=2 8 10 10 2 8 2 8 8 2 2 2 10 2 1 10 1 10 10 2 10 8 10 10 10 10 2 10 10 2 8 10 2 2 2 2 10 10 9 2 10 2 10 10 2 2 10 2 2 8 2 9 8 8 8 2 8 9 10 10 8 2
left_child=1 5 7 19 13 24 9 8 30 37 43 -10 21 -4 27 29 -17 -18 20 49 -7 40 42 -24 53 -26 -12 28 -9 -13 31 36 33 -32 35 -34 -3 -5 39 47 -8 -31 -19 -6 -15 -38 -47 -29 -23 -2 -21 52 54 -1 -16 56 -56 58 61 60 -60 -28
right_child=3 2 4 6 10 18 12 14 11 -11 26 15 -14 44 51 16 17 22 -20 50 -22 48 23 -25 25 -27 57 38 -30 41 32 -33 34 -35 -36 -37 45 -39 -40 -41 -42 -43 -44 -45 -46 46 -48 -49 -50 -51 -52 -53 -54 -55 55 -57 -58 -59 59 -61 -62 -63
leaf_value=0.011649044833189289 0.011620702336968004 0.0086192606058463021 -0.026716274785711227 0.035468106101407576 0.010219503789775427 -0.0032783578587990297 -0.00055405960067122996 0.011866238074182143 0.037954016940974285 -0.011678054693032586 0.0099082456168933172 0.0056884033749507639 0.086173542745413695 -0.0093888272934225161 -0.010690713703115752 -0.0011436681674531362 -0.012472780839781979 0.011680868755377407 -0.02382683320470708 -0.026536377038487796 -0.019534771535643983 0.026765565649210954 0.028355773770508498 -0.0081461103596810937 0.065171859381514999 0.0065233230835665323 -0.015170720654496794 0.012895775380126626 -0.01677200835542025 -0.015772052434489221 0.013685280483700782 -0.0045283157303022533 0.028839347488268934 0.044754699530675186 0.043444028282111663 -0.0071450361452594837 0.0046812637080296425 0.0028354457577549814 0.012071808786153817 0.050996318740259082 -0.020651866530875189 0.013658284686281668 0.0543525599180315 -0.0057804440676955358 0.033180156335335574 0.018711474704621735 0.074452364906460344 0.025765695343974816 -0.031435551485019086 -0.021028728374357496 -0.036308371430458182 0.017414950413459078 0.0063414191409090284 -0.0065765854126086333 0.011843081651181897 0.0067394323905175255 0.030973192310303741 -0.01142943060563008 0.097901460400893522 0.0064459321292369446 0.014462518834065042 0.0040940189813671564
leaf_weight=98.711770257912576 24.119484128430486 1359.388606694527 272.27933385176584 30.29959832970053 764.70743249729276 341.24418167304248 94.202486122958362 243.04330695327371 41.778770401142538 485.010877372697 142.7116266079247 144.92573934048414 2.6415343740954986 265.40335699310526 35.734950952231884 1145.1383827701211 97.419568074867129 1042.3203846216202 425.35548906167969 532.5024919710122 258.70862413104624 6.0559905786067239 35.428626144304872 175.6280444636941 19.750351224094629 116.42080508638173 116.5112218237482 245.03141903970391 49.329772904515266 281.53505921829492 226.26601342204958 182.78494670242071 29.125161986798048 97.031553927809 26.467609271407127 127.44609803706408 27.877949818968773 291.02232709201053 526.59898862522095 44.621828302741051 331.94210858037695 36.426368278451264 14.058276209980248 123.4560510404408 13.538554593920706 26.713384382426739 18.493255376815796 460.67011464573443 344.82913796370849 310.17281005438417 633.82847547950223 357.95930740423501 1897.9829143052921 301.85697235912085 204.39109969884157 199.1890179682523 166.21188444830477 413.86246084980667 7.0896557671949241 29.750759427435696 7.8328860029578218 149.65508836042136
leaf_count=1428 494 15031 10302 479 12370 7802 2892 4708 456 13184 2309 2299 55 5565 276 16217 4102 14273 13598 21903 6841 138 336 1622 230 1310 4504 2547 290 5510 3531 1292 184 689 181 1024 212 6907 4995 277 12635 469 111 2578 205 184 120 3239 15175 11099 29902 2791 27335 5618 1418 1799 1239 9576 103 417 111 2607
internal_value=-7.81758e-05 0.00470215 0.00658739 -0.0208787 -0.0024092 -0.0096134 -0.0131863 0.00875753 0.00595646 -0.00457099 0.00213498 0.00288133 -0.0220515 -0.0168518 0.0119986 0.00236057 0.00403096 0.00837373 -0.0159803 -0.0289751 -0.0103433 -0.0226499 0.0099995 -0.00177258 0.00254828 0.0159079 -0.00384372 0.0165831 0.00692604 -0.00665821 0.0103154 0.00811021 0.017275 0.0232526 0.00653636 -0.000121508 0.00973254 0.0061377 0.0187737 0.0229564 -0.0162511 -0.0123111 0.0123579 0.00797851 -0.00707275 0.0295521 0.0438718 0.0213574 -0.0302624 -0.0185942 -0.0319068 0.00947182 0.00821759 -0.00202983 0.0141802 0.0157859 0.0205644 -0.00658265 0.000234607 0.0268411 0.0614623 -0.00435932
internal_weight=16522.5 13435.9 11873.8 3086.63 2306.8 1562.05 1586 9567.02 5136.25 806.333 1755.58 3014.66 779.671 551.221 4430.76 2972.88 2509.99 1364.85 1025.31 1500.62 599.953 777.03 1267.44 211.057 536.74 136.171 867.414 1569.3 292.373 462.887 2121.59 1615.26 506.336 323.298 183.039 156.571 1432.47 321.322 1276.92 750.323 426.145 317.961 1056.38 888.163 278.942 73.0846 45.2066 705.702 350.885 334.292 1166.33 2861.47 2503.51 400.569 605.527 569.792 370.603 724.702 310.84 44.6733 14.9225 266.166
internal_count=321094 206231 169404 114863 50647 36827 51465 118757 67843 20570 34575 45395 30895 16072 50914 44939 36661 20444 28241 63398 14643 30840 16342 1958 8586 1540 19627 16056 4998 8278 22448 16839 5609 4220 1389 1208 15547 7386 11058 6063 15527 5979 14384 14948 5770 516 304 5786 15313 11593 51805 34858 32067 7046 4732 4456 2657 17318 7742 631 214 7111
cat_boundaries=0 1 2 3 4 5
cat_threshold=8 4 144 8 148
is_linear=0
shrinkage=0.04


Tree=34
num_leaves=63
num_cat=0
split_feature=11 0 22 4 22 11 16 22 5 5 11 20 4 15 14 1 5 15 23 23 10 1 1 14 20 4 25 22 19 5 23 25 25 20 6 13 20 20 19 15 25 26 5 14 14 0 5 25 19 4 20 23 1 22 16 23 20 1 25 25 20 10
split_gain=954.399 207.32 175.467 101.82 92.8977 57.5249 55.1756 40.6891 37.6433 35.9812 33.844 33.698 39.1175 34.7643 34.0774 35.7308 27.1671 27.0854 27.0094 31.7088 31.1078 26.4625 26.0776 23.6714 22.454 21.9304 21.5035 24.5608 21.1142 20.9011 20.5154 19.9303 43.6437 29.3356 19.8194 28.5469 19.4267 19.3304 19.3202 20.0505 19 42.6266 18.8816 18.705 36.3031 18.6083 20.832 18.5215 17.8492 17.7842 17.3104 17.2637 16.5048 16.4697 16.3758 16.3707 16.2881 15.5321 15.3527 15.1436 26.3784 16.9283
threshold=0.038984065875411041 2.6650000810623173 0.03614510782063008 2.245000004768372 0.10032052919268609 0.30720923840999609 1.5000000000000002 0.13181531429290774 31.500000000000004 18.500000000000004 0.1368290111422539 79.000000000000014 1.544999957084656 3.5000000000000004 87.045001983642592 1.8650000095367434 49.500000000000007 2.5000000000000004 1.063160836696625 1.074293911457062 13.750000000000002 1.0000000180025095e-35 2.4250000715255742 77.045001983642592 159.00000000000003 2.1350001096725468 213.25000000000003 0.029824725352227691 64.000000000000014 53.500000000000007 1.1772943735122683 296.12500000000006 510.25000000000006 218.00000000000003 26.500000000000004 1.0000000180025095e-35 159.00000000000003 159.00000000000003 17.500000000000004 1.0000000180025095e-35 44.125000000000007 1.5000000000000002 55.500000000000007 78.954998016357436 72.18500137329103 2.7549999952316289 41.500000000000007 291.62500000000006 10.500000000000002 2.4750000238418584 177.50000000000003 1.1079552769660952 2.3750000000000004 0.10516104474663736 4.5000000000000009 1.1405673623085024 110.00000000000001 2.554999947547913 10.125000000000002 85.375000000000014 79.000000000000014 12.750000000000002
decision_type=8 8 8 2 10 10 2 10 2 2 10 2 2 2 10 10 2 2 10 10 2 8 8 8 2 2 2 10 10 2 10 2 2 2 2 8 2 2 8 2 2 2 2 10 10 10 2 2 10 2 2 10 10 8 2 10 2 10 2 2 2 2
left_child=1 4 6 5 8 11 10 23 17 47 52 -4 14 25 15 37 31 -1 -12 20 -20 58 34 -3 -8 38 27 -22 -9 -17 42 53 33 55 48 -36 -27 56 39 -14 -39 50 -16 44 -43 46 -24 -6 -5 -10 -42 -41 -2 -15 59 -33 -13 -25 -7 60 -23 -62
right_child=2 7 3 22 9 21 24 28 49 -11 18 12 13 16 30 29 -18 -19 19 -21 26 54 45 57 -26 36 -28 -29 -30 -31 -32 32 -34 -35 35 -37 -38 40 -40 51 41 43 -44 -45 -46 -47 -48 -49 -50 -51 -52 -53 -54 -55 -56 -57 -58 -59 -60 -61 61 -63
leaf_value=-0.021019768341803375 -0.013259446934856737 -0.015617359171560111 0.017245039769438524 -0.013641248691287284 0.0096779431294605305 -0.0076896367670461901 0.066425207608378639 0.0061427525161657729 -0.015625538608612634 -0.0050668442475117446 -0.0090690231675857012 0.043082853216184568 0.043986921189705888 0.0022025825171207662 -0.00894200016598924 -0.00859381667751263 0.0010822916164621578 -0.0030800416348725451 -0.024865726681080051 -0.0058480466850769717 0.099194572892255112 0.023500209532711966 2.6731493796541474e-06 -0.025530166498898724 0.0094659202323966393 0.014514608353874562 0.01383346298624539 0.022730529572491102 -0.019801056770244518 0.043009413635248496 0.0032700065536614871 -0.014906339189725537 0.010368283530376877 0.056660252573208378 -0.00049769751747370176 0.065857158917250719 -0.0013687012688180815 0.025225815018498625 0.0096226306702129841 -0.011219870330031459 -0.010199639347889479 -0.0059824258220356223 0.037785958470996105 0.013250549115138123 0.05496446290646425 -0.020066770584342836 -0.015850936819237941 0.037696410455848095 0.023263600048833412 -0.030008959952433051 0.010053499401393714 0.0067139203895408926 -0.027415835056230253 0.020303385217032583 -0.020395288687009124 0.033619106542207226 0.00013590477830594376 -0.034787741761249616 0.029458580100238729 0.016039455122500407 -0.0025569231714577794 0.0096931202163762775
leaf_weight=190.90794506249949 475.02601424977183 170.93933654669672 428.29937145486474 24.133064399473369 242.04390104115009 18.24736794270575 10.209092142060397 70.197045617736876 299.37104472983629 331.66078778821975 459.40050588920712 12.774190412834285 13.528626879677175 134.65458695590496 658.24468723777682 278.67084238072857 160.20623970031738 453.51300864992663 11.601042700000106 83.373413703404367 14.847121007740499 174.61992667615414 478.75444704480469 477.32416812516749 143.37951168511063 143.46318844612688 24.562839899212122 14.292059428989885 164.20132200326771 11.13785191811621 420.21183562465012 16.132747869938612 120.29926907271147 90.269876480102539 1028.670210741926 8.4785512397065741 800.78797011822462 169.20513176079839 2177.890342538245 174.2824535863474 145.38480354938656 20.575718460604548 12.131699537858365 121.81134350225329 56.173810859210789 147.13117478927597 180.89198720967397 43.780795201659203 109.44291436951607 274.50600328762084 122.50084700807929 165.15231880173087 188.53872524062172 203.79381020087749 22.548043839633465 27.428745128214359 333.31760974414647 955.11785119213164 212.5197351295501 1033.0352599043399 239.22062243986875 712.99560347013175
leaf_count=6499 12499 7454 2948 388 4517 224 121 2115 8608 7717 9649 374 234 2321 13931 3780 2100 11997 177 1141 156 1171 10382 22237 1774 1766 286 183 6691 131 4758 139 871 659 18049 102 12839 3531 24442 3171 1381 142 169 909 375 5643 5133 405 1325 10411 1240 1438 6108 3304 139 171 5192 44506 1569 6596 2809 10078
internal_value=-0.000308017 -0.01828 0.00483754 0.00649114 -0.00875164 0.00822129 -0.00838458 -0.0277737 -0.0151509 0.00386935 -0.0111255 0.00638415 0.00567204 0.00797521 0.00154306 0.00599056 0.0157687 -0.0084556 -0.00426994 0.0104294 0.0308861 0.0135513 -0.00175655 -0.0300552 0.0141086 0.00627657 0.0435339 0.0658164 -0.0120114 -0.00630201 -0.00363659 0.0197088 0.028201 0.043783 0.00205095 0.000162754 0.00106163 0.00963287 0.00821671 -0.000441066 0.0137664 0.00950247 -0.00797459 0.0234493 0.0387867 -0.00728297 -0.00436747 0.0142295 0.0164341 -0.0225999 -0.000902614 -0.00248252 -0.017364 0.0131806 0.0121612 0.0156069 0.00198248 -0.0317484 0.026446 0.0125233 0.00927004 0.00660831
internal_weight=16507.8 3673.56 12834.2 11409 1835.78 9431.52 1425.23 1837.78 1218.3 617.485 1271.64 7018.33 6590.03 4227.89 2362.14 1271.55 752.785 644.421 608.077 148.676 65.3031 2413.19 1977.5 1603.38 153.589 3475.1 53.702 29.1392 234.398 289.809 1090.59 592.579 254.131 133.831 1170.72 1037.15 944.251 981.743 2530.85 352.963 635.652 466.447 670.376 198.561 76.7495 806.778 659.646 285.825 133.576 573.877 267.886 339.435 663.565 338.448 2182.42 43.5615 346.092 1432.44 230.767 2159.87 1126.84 952.216
internal_count=321175 133157 188018 155924 50154 114902 32094 83003 37515 12639 30199 92316 89368 53455 35913 17055 9565 18496 11592 1943 802 22586 41022 74197 1895 43890 625 339 8806 3911 18858 7465 1840 969 19864 18151 14605 13144 29285 4843 7578 4047 14100 1426 517 21158 15515 4922 1713 19019 2621 4609 18607 5625 20793 310 5566 66743 1793 20654 14058 12887
is_linear=0
shrinkage=0.04


Tree=35
num_leaves=63
num_cat=1
split_feature=4 22 0 22 4 0 4 21 24 6 17 21 1 11 10 19 4 0 20 21 14 32 21 25 25 0 25 16 25 20 4 22 0 14 20 15 11 2 24 24 21 0 6 20 7 17 25 11 1 6 22 21 4 22 2 12 20 2 7 1 4 25
split_gain=910.559 198.16 125.865 113.787 84.7114 70.4709 70.2385 51.716 45.7756 36.961 36.334 38.4721 35.6326 33.8185 33.0622 32.2166 30.2098 29.2785 28.0893 27.9676 30.962 27.3722 25.7457 25.6107 24.4705 23.4851 21.8444 21.6172 21.3174 20.9272 20.4787 20.225 19.9916 21.4688 20.3416 19.5327 18.8969 18.8323 18.368 18.1319 18.7471 20.4328 18.0823 21.2359 17.8993 22.0204 23.0517 16.8486 16.4516 16.1572 16.4467 16.1424 15.7653 15.5297 17.5402 15.3845 14.9481 14.7059 19.4145 14.5326 19.1378 14.4781
threshold=2.4550000429153447 0.03614510782063008 2.2749999761581425 0.070410095155239119 1.4049999713897707 1.8650000095367434 2.9450000524520878 68.252796173095717 1.0000000180025095e-35 84.250000000000014 2.5000000000000004 74.448661804199233 1.8650000095367434 0.060840187594294555 1.5000000000000002 23.000000000000004 2.7549999952316289 0.86500000953674328 177.50000000000003 61.135782241821296 86.720001220703139 0 79.802574157714858 84.125000000000014 167.62500000000003 0.58499997854232799 86.625000000000014 2.5000000000000004 765.12500000000011 79.000000000000014 2.1250000000000004 0.11698624119162561 1.5549999475479128 78.58499908447267 184.00000000000003 3.5000000000000004 0.056641967967152602 -0.074999999254941926 0.044037016108632095 0.057562462985515601 71.316844940185561 1.9249999523162844 6.5000000000000009 171.50000000000003 14.500000000000002 3.5000000000000004 661.25000000000011 0.019631931558251384 1.8049999475479128 213.25000000000003 0.193641372025013 83.14151763916017 2.1450001001358037 0.14145641028881076 -0.36500000953674311 23.500000000000004 218.00000000000003 0.16499999910593036 81.500000000000014 2.054999947547913 2.2749999761581425 524.37500000000011
decision_type=2 8 10 10 2 8 2 10 10 2 8 10 8 8 2 10 2 8 2 10 10 1 10 2 2 10 2 2 2 2 2 10 8 10 2 2 10 10 10 10 10 10 2 2 2 10 2 8 8 2 10 10 2 8 10 8 2 10 2 10 2 2
left_child=1 5 7 16 14 25 10 17 -9 -6 19 48 38 -7 -4 18 -2 29 42 36 -21 -17 39 -23 -13 52 -25 28 32 -3 -11 -28 34 56 53 47 -5 -31 -10 -15 -41 -42 -14 -44 -40 -46 -47 -35 -12 50 -16 -20 -1 -19 -55 -36 -34 -32 -59 -60 -61 -37
right_child=3 2 4 6 9 13 -8 8 12 30 11 24 15 22 49 21 -18 27 51 20 -22 23 -24 26 -26 -27 31 -29 -30 37 57 -33 33 35 55 61 -38 -39 44 40 41 -43 43 -45 45 46 -48 -49 -50 -51 -52 -53 -54 54 -56 -57 -58 58 59 60 -62 -63
leaf_value=0.029896454786371294 -0.021947898799012759 0.031506462828788218 -0.02645836957545683 0.047517015606972725 0.0072571919617437641 -0.026493736105566216 -0.027742949000368639 -0.022672620778650353 0.027141620007620895 0.0076792471704625635 0.0096689146138153968 -0.0030565156795796626 0.015826281051318693 -0.009671163002079446 -0.011242339272259008 0.010414157741465185 -0.033441770198062895 0.0058617984397494006 -0.021870645257114837 0.007199781906455446 -0.012009433854919514 -0.0076227864213828916 -0.023916212487448654 0.046568681510268536 0.10747238627372124 -0.001286421811569832 0.00052947945026612681 0.00077342510780409204 0.053459951218207624 0.011846571982961445 -0.015355356653431278 0.017490961517982261 0.011497555373324728 0.020574336827179709 0.030306361970483326 0.014794275084641506 -0.0065011139114664 0.030056784603671952 -0.002464161208111226 -0.018710584071967219 -0.014857691894295626 0.031740215506103425 0.0024336228875076076 -0.028825829217148199 0.014354481820735928 -0.0011569431059840144 0.046884580294321021 0.0018970870684986119 -0.018215987064550652 0.05307536254157242 0.021418006075727154 0.037274014940686377 -0.010481877166009353 0.011234189194355253 0.026568550854729173 -0.003041504768133944 0.057841341534915332 -0.0057645717445463504 -0.00032320309730622145 0.079028853111737296 -0.0020215232330233839 -0.0073673399237716829
leaf_weight=68.493784093298018 748.53350912965834 134.06655729189515 259.55326989945024 29.071878850460052 939.76842957641929 311.30419582687318 349.52352225221694 95.713624157011509 93.986064499244094 173.49564066994935 34.771601335145533 5.7230240581557137 84.412242715246975 412.71998636331409 254.48698231065646 719.76306221354753 771.60134183894843 409.05656523630023 177.76827244088054 256.01401609135792 277.55302316742018 403.62771290540695 170.4376178109087 17.583526385016739 4.643644580617547 444.61978714261204 606.15943619981408 453.95404617860913 16.131322100758553 692.29054134897888 246.27471801033244 136.45674884878099 1410.4350259508938 80.23257917817682 170.63615114334971 424.2110043996945 14.528763817623256 105.10164416395128 187.71342993807048 26.250043038278818 18.92690409347415 54.318575520068407 116.98020559642464 47.09485824406147 786.35890709236264 281.8967962032184 14.923963651061056 1334.5510286511853 486.969657080248 5.0691208858042947 25.29676962736994 5.8388510234653941 18.376657653599977 383.6992640402168 177.87216702289879 24.5012445487082 9.4478648640215379 348.91366206435487 18.738899245858192 10.217962017282845 7.0746299922466269 51.311683665961027
leaf_count=769 29543 772 10257 591 15917 11032 15606 4214 1800 2851 730 134 1175 10519 5402 8898 37543 4018 3478 6629 7791 7441 4765 222 92 7435 7086 3486 107 6609 7729 1057 17052 1398 1975 6516 173 769 1826 465 375 958 1926 562 7015 3125 97 19455 16093 95 366 77 346 4208 1436 530 127 7183 335 190 180 433
internal_value=-0.000157662 0.00426885 0.00600351 -0.0201626 -0.00242542 -0.00929657 -0.0121468 0.00800291 0.0043434 0.00187324 -0.00718432 -0.0147032 0.00506006 -0.0155744 -0.016171 0.0020308 -0.0278236 0.0103505 -0.00778984 -0.000211754 -0.00278514 0.00429376 -0.0105204 0.000490394 0.0551808 0.00244313 0.00481728 0.00911486 0.00995531 0.0168696 -0.00440678 0.00369553 0.00977293 0.00817159 0.0142913 0.00536285 0.0298458 0.014326 0.0101832 -0.00597174 0.0091833 0.019518 0.000965867 -0.00672977 0.00888214 0.0108567 0.00152941 0.00298947 -0.0163125 -0.00665036 -0.00812989 -0.0195653 0.0212211 0.0118622 0.0161824 0.0260903 0.0118925 -0.00775511 -0.00281782 0.0243094 0.0486833 0.0123653
internal_weight=16447 13468.1 11942.7 2978.93 2288.89 1525.45 1458.8 9653.78 3776.28 1744.48 1109.28 532.108 3680.56 993.957 544.406 2315.68 1520.13 5877.5 432.094 577.168 533.567 1883.59 682.653 1163.83 10.3667 531.49 760.2 4946.04 4492.09 931.459 804.716 742.616 4475.95 3310.19 1165.77 1890.31 43.6006 797.392 1364.88 512.216 99.4955 73.2455 248.487 164.075 1270.89 1083.18 296.821 1414.78 521.741 284.853 279.784 183.607 86.8704 970.628 561.571 195.137 1419.88 631.22 384.945 36.0315 17.2926 475.523
internal_count=320984 206059 169395 114925 50505 36664 47839 118890 49999 34385 32233 17049 45785 28114 16120 31922 67086 68891 7218 15184 14420 24704 17082 15806 226 8550 8365 60741 57255 8150 18468 8143 57148 44981 12167 27802 764 7378 13863 12317 1798 1333 3663 2488 12063 10237 3222 20853 16823 5863 5768 3555 1115 9662 5644 2505 17179 15617 7888 705 370 6949
cat_boundaries=0 1
cat_threshold=8
is_linear=0
shrinkage=0.04


Tree=36
num_leaves=63
num_cat=1
split_feature=11 0 21 0 6 16 17 21 1 1 0 1 11 7 21 11 15 15 14 21 24 26 25 19 25 7 0 21 6 19 25 25 25 25 6 19 23 24 24 16 30 11 14 14 23 21 6 2 19 11 25 25 7 15 17 23 16 11 1 0 1 12
split_gain=862.089 209.286 143.294 93.7034 76.7469 52.9994 49.417 39.4644 38.4568 38.3943 33.8302 33.1908 31.1569 27.2805 37.3897 25.8369 24.7263 23.4001 48.6687 24.021 25.2677 23.9136 22.9323 24.5059 37.9276 21.0998 21.0572 20.7126 19.4744 19.1337 31.5049 18.9444 28.4629 21.7185 18.2779 18.1586 18.1308 17.635 17.5262 17.0527 16.8112 19.3946 19.7913 15.5044 19.6087 15.8927 18.8768 14.7795 14.728 14.6764 18.2658 14.651 14.6053 13.8726 17.9418 17.0459 13.8003 14.3706 13.7481 13.4777 14.6486 14.2918
threshold=0.038984065875411041 2.6650000810623173 74.533176422119155 2.0949999094009404 64.500000000000014 1.5000000000000002 4.5000000000000009 75.729537963867202 2.3850001096725468 1.2849999666213991 3.1049998998641972 2.3149999380111699 0.15221863985061648 26.500000000000004 68.39477920532228 0.40153984725475317 2.5000000000000004 3.5000000000000004 87.840000152587905 74.03781890869142 0.24477943778038028 2.5000000000000004 279.37500000000006 167.50000000000003 457.12500000000006 13.500000000000002 2.7250000238418584 68.308303833007827 106.25000000000001 190.50000000000003 353.87500000000006 438.62500000000006 677.12500000000011 379.25000000000006 87.250000000000014 23.000000000000004 1.06156462430954 0.049767626449465759 0.074908807873725905 4.5000000000000009 0 0.06003003008663655 65.020000457763686 70.545001983642592 1.2151231765747073 84.398693084716811 173.25000000000003 -0.5649999976158141 7.5000000000000009 0.35252426564693456 85.375000000000014 101.12500000000001 11.500000000000002 2.5000000000000004 4.5000000000000009 1.2481924295425417 1.5000000000000002 0.040595471858978278 2.5749999284744267 0.88499999046325695 0.65500000119209301 2.5000000000000004
decision_type=8 8 10 10 2 2 8 10 8 8 8 10 10 2 10 10 2 2 10 10 8 2 2 10 2 2 10 8 2 10 2 2 2 2 2 10 10 10 10 2 9 10 10 10 10 10 2 10 10 10 2 2 2 2 10 8 2 10 10 10 10 10
left_child=1 4 3 9 7 12 8 27 31 39 13 38 -4 14 -3 17 -14 18 40 20 21 22 51 34 25 -25 28 -1 52 58 -31 33 -33 37 47 -20 -8 -5 -6 59 -11 42 -42 44 -15 -45 -47 -24 -39 56 -51 -19 -10 54 55 -37 57 -50 -29 60 -2 -61
right_child=2 10 5 6 11 -7 36 -9 26 15 -12 -13 16 43 -16 -17 -18 19 35 -21 -22 -23 23 24 -26 -27 -28 29 -30 30 -32 32 -34 -35 -36 53 -38 48 -40 -41 41 -43 -44 45 -46 46 -48 -49 49 50 -52 -53 -54 -55 -56 -57 -58 -59 -60 61 -62 -63
leaf_value=0.011827541002310661 0.027031418571669494 0.00073458502225313765 -0.016429094415770059 -0.0062411896749308936 -0.014800948955420501 0.01295567675086714 -0.024421048932401476 -0.023866752914401112 -0.013269418146346744 0.0063762598717181217 -0.034343883002098195 -0.021009995668211663 -0.014179540992720339 -0.015611737644325441 -0.02311206905662604 0.014967084081391434 0.0048067610458386364 0.0081806640259319031 -0.011267137289826408 0.062683836557933803 0.026069970437156718 0.064116210165238136 -0.001302481191965603 -0.0011481857907348621 0.0064266162707983876 0.046442375023004148 -0.016230104168678604 3.7530197118255226e-05 -0.011769711861836427 0.0041352709244517928 0.094301866425739359 -0.012885622740804188 0.018971301549705329 0.032070484876749988 -0.020388788649433779 0.013962894876448266 -0.0066197234821241185 -0.010226455528195573 0.0029796335305490797 -0.016947904580676104 0.037803408165076095 0.0077104007874036649 0.014023072835612656 -0.03152185714614647 0.058293170074202455 -0.021103821117603543 0.077211873867619379 0.051364128030129762 0.053774792217889458 0.0057181960918609113 0.036807016942004722 -0.0068018568358474887 0.0065338859797671482 -0.0018082780917340168 -0.016123237174478625 -0.0087360087948065799 0.016005894683638385 0.0046119312535296648 -0.017443023579757185 -0.0013042953176747873 0.01310635244045455 0.013263286224558348
leaf_weight=315.62426588870585 235.67142235673964 152.03800954995677 676.431321057491 166.90530879795551 168.73007117398083 167.89186512632295 134.58445626683533 88.494914690032601 68.901619565673172 3051.1333902394399 691.08146297885105 627.42087132483721 181.60224428121001 36.789978834800422 334.02773241279647 589.41597132571042 270.33652296476066 215.27862921729684 225.49128249194473 12.965508870780466 151.43692615441978 10.076158585026858 23.180766321718693 17.243518128991127 123.40440735965967 91.163649443536997 198.52442522114143 294.24093073280528 195.51771930372342 25.076524221338335 6.4214202370494595 182.20334468781948 57.275366146117449 51.088552730157971 44.452528148889542 302.05478892289102 290.67272252123803 70.215292592532933 182.2344597671181 26.790233440697193 87.086179757490754 338.2073462754488 167.45355346426368 521.22990687470883 4.7347236294299355 6.5180879468098265 3.0040780855342746 11.147655267268417 7.6550363032147279 61.800776447169483 60.325966253876686 198.83593858778477 368.31684363121167 895.17732952628285 45.343122489750385 62.206451050937176 224.01230553071946 1056.819328315556 92.912422869354486 118.24943571165204 268.36404255684465 1075.508629838936
leaf_count=6142 1677 6640 18883 5064 5998 1941 5655 3066 1164 37484 34593 20921 4236 1405 15036 5576 4710 4651 4708 147 2366 167 234 178 983 738 6845 6904 4928 832 119 2286 617 585 367 3820 5283 991 3194 173 834 3152 1741 24787 106 276 89 76 142 727 453 1957 8592 11955 838 919 2490 14993 2857 1016 1912 9675
internal_value=-9.09234e-05 -0.0175364 0.00472014 0.00613223 -0.00794583 -0.00788076 0.000299742 0.00105069 0.00225402 0.00835232 -0.0273856 -0.0155063 -0.0110056 -0.0227782 -0.0156642 0.00696918 -0.00283373 0.006187 0.00514556 0.0121461 0.0112582 0.00813222 0.00716851 0.015349 0.0218577 0.0389164 -0.0049306 0.00412128 -0.00133275 -0.00169812 0.027289 0.00534125 -0.00513935 0.00682769 -0.00377057 -0.000835536 -0.0123601 0.00600225 -0.00558134 0.0136771 0.00765864 0.0138623 0.0224216 -0.028731 -0.00470975 -0.0305706 0.0172372 0.0174662 0.00739417 0.00829016 0.021485 0.000969507 0.00334864 0.000975608 0.00705836 0.0100381 0.00700195 0.00507316 -0.00420513 0.0141844 0.0197142 0.0118138
internal_weight=16429 3550.58 12878.4 11582.2 1801.16 1296.26 3194.82 822.77 2769.56 8387.34 1749.42 978.385 1128.37 1058.34 486.066 6662.76 451.939 6073.34 5174.15 899.186 886.22 734.783 724.707 310.593 231.812 108.407 831.261 734.276 632.736 418.651 31.4979 1938.3 239.479 1698.82 78.7809 1530.27 425.257 1647.73 350.965 1724.58 3643.88 592.747 254.54 572.277 41.5247 530.752 9.52217 34.3284 1480.83 1410.61 122.127 414.115 437.218 1304.78 409.604 364.261 1288.49 1064.47 387.153 1697.79 504.035 1193.76
internal_count=320894 132965 187929 158159 50033 29770 60815 19920 49877 97344 82932 30113 27829 48339 21676 82891 8946 77315 65451 11864 11717 9351 9184 2576 1899 916 21529 16854 14684 10712 951 28348 2903 25445 677 22240 10938 24860 9192 14453 43211 5727 2575 26663 1511 25152 365 310 19796 18805 1180 6608 9756 17532 5577 4739 17625 15135 9761 14280 3589 10691
cat_boundaries=0 1
cat_threshold=8
is_linear=0
shrinkage=0.04


Tree=37
num_leaves=63
num_cat=3
split_feature=4 0 4 22 24 21 4 32 9 10 26 5 17 21 29 20 22 21 25 16 25 0 14 20 0 23 24 17 17 9 19 0 15 5 11 17 20 25 25 23 22 0 5 15 25 25 21 20 20 23 1 14 17 25 15 17 29 0 23 17 7 1
split_gain=800.754 189.66 128.259 96.7546 84.0408 67.6109 61.524 40.969 43.8808 39.755 37.8423 37.0498 30.4302 29.6545 29.0716 27.108 26.7123 26.4506 26.7133 25.9841 24.2248 23.5015 23.3193 21.8498 21.7832 21.5053 23.5019 21.1863 20.8439 20.0779 19.5902 21.3818 19.4685 17.4692 20.0094 18.58 17.4213 30.8693 55.5249 43.4446 27.174 17.3798 17.66 20.3004 17.1112 16.9786 38.5914 16.4834 39.1134 20.0656 15.9474 15.782 15.5431 16.2335 15.4891 20.2999 15.3023 18.0798 15.7032 15.2598 15.1902 15.1306
threshold=2.4750000238418584 2.0949999094009404 0.79500001668930065 0.070410095155239119 0.050815589725971229 75.729537963867202 2.9450000524520878 0 13.500000000000002 1.5000000000000002 1.5000000000000002 25.500000000000004 2.5000000000000004 74.448661804199233 1 175.00000000000003 0.014692337252199652 58.605054855346687 690.87500000000011 1.5000000000000002 167.62500000000003 1.5049999952316286 93.08499908447267 159.00000000000003 2.554999947547913 1.0350533723831179 0.0313829854130745 3.5000000000000004 4.5000000000000009 3.5000000000000004 36.000000000000007 0.92500001192092907 2.5000000000000004 34.500000000000007 0.063855923712253584 1.5000000000000002 218.00000000000003 170.12500000000003 82.375000000000014 1.0643191933631899 0.071053862571716322 2.745000004768372 30.500000000000004 3.5000000000000004 661.25000000000011 26.125000000000004 69.296958923339858 110.00000000000001 159.00000000000003 1.1267514824867251 2.3950001001358037 99.064998626708999 3.5000000000000004 504.12500000000006 3.5000000000000004 3.5000000000000004 2 2.8449999094009404 1.1748403906822207 1.5000000000000002 31.500000000000004 1.2250000238418581
decision_type=2 10 2 8 8 10 2 1 2 2 2 2 8 10 9 2 10 10 2 2 2 10 10 2 8 10 10 10 10 2 10 10 2 2 10 8 2 2 2 10 10 8 2 2 2 2 10 2 2 10 10 10 10 2 2 10 9 10 10 10 2 8
left_child=1 5 9 15 16 7 12 21 10 -3 17 14 23 24 -6 -2 -4 30 29 61 -15 51 47 -5 44 -23 -27 50 36 45 -9 -32 -18 35 -35 -31 37 38 -13 -40 -38 42 43 60 -14 46 -19 -12 -49 -50 -10 -1 -36 -54 -42 -56 57 -39 -58 -25 -17 -7
right_child=3 2 4 6 11 19 -8 8 27 -11 22 28 13 20 -16 41 32 18 -20 -21 -22 25 -24 59 -26 26 -28 -29 -30 33 31 -33 -34 34 52 -37 40 56 39 -41 54 -43 -44 -45 -46 -47 -48 48 49 -51 -52 -53 53 -55 55 -57 58 -59 -60 -61 -62 -63
leaf_value=0.013766850314754258 -0.017207492811620918 -0.027612659088576456 -0.030440834081891958 0.012508035325060108 -0.0062117460445321009 0.0082810948082607597 -0.027179133544916804 0.038798337743257263 0.02012474302307873 -0.0097126686863192296 0.025256027114922398 -0.0043741191474698229 -0.0093776478585460583 -0.01168939846519149 0.010795872420629527 -0.024750923333086431 -0.018598534196102353 0.015012754442860389 0.043795958116173248 0.012747238378550959 0.097460245993416128 -0.0041087833723320146 -0.00032256057803472669 0.0028153591683109502 -0.023606527671846182 0.053018304230545078 0.0088860863819899116 0.0070077381539786418 -0.010406781906301754 -0.00057600092086232803 0.023728195523553486 -0.0070406874501104787 -0.0032737844246511368 0.036421362358432227 0.0045452775876662129 0.0098363374640995406 0.038892456663217854 -0.0030770691442960491 0.09844139434659617 0.017088365320483478 -0.016915259564710818 -0.035308444239829408 -0.031225234269459064 0.011052264110474068 0.03830005567228046 -0.0053609070681995639 -0.010396945001369125 -0.0062109544678677657 0.0077689805094690095 0.023669563944131645 -0.017719884603843643 0.036678051084569535 -0.0061110114757995694 -0.032172348671518851 0.029630887919401491 -0.0055293129026408204 -0.025074200723238294 0.051947089155991874 -0.0035705615068238258 -0.012681144073228588 0.03298992842233351 -0.011312718540173213
leaf_weight=1706.1670127399266 311.04480960778892 355.81185062462464 109.41857808222994 136.62574247224256 183.77498404122889 70.332999652251601 349.56222876301035 45.155000142753124 500.68880408536643 458.33264833921567 157.13872341252863 345.46654062019661 209.27349966391921 5.2755542788654548 1058.5569415139034 120.02256168285385 208.9927303949371 225.91198927909136 21.090588588267565 104.02626907173544 4.8203798085451126 211.06461224704981 249.23051177617162 179.66749034682289 281.24965446349233 17.751682130619884 1402.5855486616492 468.9436435578391 301.72323740553111 420.77875566203147 71.624268820509315 69.014936622232199 364.59608268365264 17.792524545453489 176.36966980155557 776.55450427997857 44.949033892713487 195.76965321414173 9.2952894344925863 199.25246490677819 39.778156758286059 613.68268295796588 234.84055200126022 38.597109185531735 10.763310767710207 1084.7314190622419 162.62850310280919 162.70372622460127 246.44068761076778 270.96378532797098 16.774802342057228 48.806649413891137 228.61570616345853 44.674738802015781 49.8793810098432 51.534062130376697 132.15702372044325 8.0372464377433044 94.207150002941489 228.35438823932782 5.9467938500456503 492.04779712669551
leaf_count=17164 10905 14358 2998 3655 2883 1195 17808 350 4753 9536 1043 8337 6078 124 14860 4826 8882 4226 168 1083 87 6251 4470 4681 12797 179 15012 5058 6918 3231 412 530 11362 341 2050 6910 1163 2657 164 2933 711 30668 10030 1378 183 14734 2873 2177 6102 1904 163 534 3237 474 628 739 1954 140 949 7612 177 11626
internal_value=-0.000242125 0.0037046 -0.00335523 -0.0200153 6.2901e-05 0.00684496 -0.0126672 0.00777521 0.00561152 -0.0175939 0.00390701 0.0032226 -0.00781362 -0.0148024 0.00830445 -0.0277787 -0.0124553 0.00179482 0.000924552 -0.00541958 0.0472613 0.0112292 0.0103872 -0.00120692 -0.0162511 0.00774643 0.00951706 0.0132375 -0.00106623 0.000606158 0.0163824 0.00868609 -0.00891663 0.00361611 -0.00292111 0.0061756 0.00134869 -0.000774093 0.00545155 0.021653 0.0125039 -0.0309761 -0.0241568 -0.0137682 -0.00668544 -0.00278994 0.00435794 0.013578 0.0108019 0.0161706 0.018819 0.0144496 -0.00464994 -0.0106031 0.00362128 0.0119252 -0.00879869 -0.000366741 -0.015587 -0.00585749 -0.0214896 -0.00882742
internal_weight=16411.9 13682.1 4211.53 2729.73 3397.39 9470.61 1405.59 8804.2 5417.83 814.144 4431.42 2714.38 1056.03 511.382 1242.33 1324.13 683.007 3344.94 3159.15 666.407 10.0959 3386.38 1086.48 544.648 501.286 1631.4 1420.34 986.407 1472.05 3138.06 185.794 140.639 573.589 1664.79 467.453 1197.33 1170.33 984.185 554.014 208.548 186.141 1013.09 399.407 164.566 220.037 1473.27 388.54 837.247 680.108 517.404 517.464 1754.97 449.66 273.29 141.192 101.413 430.171 203.807 226.364 408.022 125.969 562.381
internal_count=321431 210422 92172 111009 68278 118250 53025 104346 65206 23894 55232 45036 35217 19269 17743 57984 23242 39536 38244 13904 211 39140 15696 15948 19058 21442 15191 9974 27293 38076 1292 942 20244 16243 6102 10141 20375 17134 11434 3097 3241 47079 16411 6381 6261 21833 7099 11226 10183 8006 4916 17698 5761 3711 2078 1367 5700 2797 2903 12293 5003 12821
cat_boundaries=0 1 2 3
cat_threshold=8 140 48
is_linear=0
shrinkage=0.04


Tree=38
num_leaves=63
num_cat=3
split_feature=4 0 22 21 22 4 22 1 4 0 11 0 17 1 32 1 1 6 17 15 21 22 21 14 21 16 25 25 25 24 15 25 13 15 22 25 29 23 0 21 14 17 21 11 17 6 23 11 21 23 22 25 21 32 14 23 25 1 12 6 23 24
split_gain=759.049 180.919 95.6957 84.1847 78.4421 59.9694 48.0637 43.0154 37.4329 36.9942 33.232 32.9781 28.4047 27.5221 24.8194 24.4429 24.4138 23.821 23.1843 23.0388 28.1986 29.6487 28.6827 24.108 21.8762 20.6211 20.2175 26.9391 20.4779 19.8684 23.9303 34.2185 21.3233 19.2566 22.7572 31.9988 19.0667 18.5348 18.3095 18.0992 26.9572 20.4223 17.6502 18.4378 17.5966 30.0364 17.3175 16.16 15.9639 18.9496 19.3676 16.9857 15.9164 15.4857 22.3004 20.79 17.8913 17.3598 21.5203 15.4818 15.4776 23.0532
threshold=2.5049999952316289 2.2549999952316289 0.053768806159496314 76.094738006591811 0.089763846248388304 1.075000047683716 0.12391588091850282 1.9750000238418581 2.745000004768372 3.1049998998641972 0.099431358277797713 0.58499997854232799 2.5000000000000004 2.685000061988831 0 2.2749999761581425 2.4050000905990605 15.500000000000002 3.5000000000000004 3.5000000000000004 64.422271728515639 0.14480212330818179 59.93836975097657 85.31000137329103 64.822723388671889 3.5000000000000004 677.12500000000011 510.25000000000006 84.125000000000014 0.024408102035522464 3.5000000000000004 293.62500000000006 1.0000000180025095e-35 2.5000000000000004 0.012908976525068285 487.75000000000006 1 1.1218423247337344 1.794999957084656 61.583427429199226 97.674999237060561 2.5000000000000004 69.296958923339858 0.33946646749973303 1.5000000000000002 44.500000000000007 1.1358339190483095 0.19311824440956118 62.269115447998054 1.3589462041854861 0.26366053521633154 125.50000000000001 61.860757827758796 2 60.010000228881843 1.0013249516487124 82.375000000000014 2.4750000238418584 13.500000000000002 93.250000000000014 1.0368346571922304 0.076709736138582243
decision_type=2 10 8 10 10 2 8 8 2 10 10 8 8 8 1 10 8 2 8 2 8 8 10 10 8 2 2 2 2 10 2 2 10 2 10 2 9 10 10 10 10 10 10 8 10 2 10 10 8 10 10 2 10 1 10 10 2 10 10 2 10 10
left_child=1 3 10 6 8 13 7 26 17 15 -3 -5 -7 -4 60 -6 -14 -2 53 23 22 -22 -21 25 -23 42 27 28 37 -30 32 -32 36 -13 -35 44 -31 -1 -20 41 52 -24 43 48 -36 -46 -44 -40 49 51 -51 -16 -41 54 -9 -55 -56 58 -58 -19 -8 -62
right_child=4 2 5 11 9 12 14 18 -10 -11 -12 33 16 -15 19 -17 -18 59 38 20 21 24 39 -25 -26 -27 -28 -29 29 30 31 -33 -34 34 35 -37 -38 -39 47 40 -42 -43 46 -45 45 -47 -48 -49 -50 50 -52 -53 -54 55 56 -57 57 -59 -60 -61 61 -63
leaf_value=0.007912038510377823 0.027091913281387717 -0.023063289082658932 -0.0051697860235359943 0.019589638098637546 0.0051922924877754392 0.0076790558718761335 0.0056893355638796255 0.031463767726791922 -0.030906539131467375 -0.027540955331309135 -0.006395058306675582 -0.018273161964676734 0.0021317348007970274 -0.025494691071496375 0.014276860603399553 -0.01130032494777279 -0.011897939641008619 -0.013773766801927847 0.0015510967507268336 0.028411717541526355 0.055040126149522604 0.077620386980809142 0.0031912931732249704 0.00046346308444114505 0.013930277360155707 -0.012825520039142961 0.027370875577276587 -0.0054490165077686562 -0.017183916421148377 0.013818344398943146 0.010020369727522922 0.042700937182965165 0.050120212249676874 -0.029127266005595197 -0.011740120686365514 0.058523751931499925 0.0027370310815124877 -0.0039319574515294334 -0.015213293426768977 0.064216703838130135 -0.018628675018274844 -0.036493276145502497 0.019648332001876007 0.014726377930720652 0.044846325795434953 -0.0014832845853589586 -0.032980465534830805 0.003763788419599744 0.0018869549031582731 -0.021020315887463576 0.01678811490940792 0.044719332980521921 0.013841302670520885 -0.013507981381208088 -0.0082947061161554279 0.0079724211829540932 0.0026625457144800512 -0.021182703569237106 0.036616548827150132 -0.025855050098737297 0.028090371324936157 0.013497726221272884
leaf_weight=720.22775644809008 16.031391134485602 503.91448069317266 250.84493299107999 63.717200124636292 207.91121176211163 876.62309560086578 300.16565343085676 32.3260164745152 920.99736218107864 159.1018383349292 313.57116677006707 268.68534058425575 608.50204108795151 186.741113148164 114.53597912658006 453.50861412798986 291.73357870988548 363.01611146843061 367.05556919518858 77.301562564447522 46.240803735330701 7.4542038552463046 45.440329201519489 797.23650924675167 139.23943025805056 64.907397471368313 83.127178747206926 232.61584164202213 34.462695733644068 653.02975736185908 113.78214008640498 95.113577503710985 19.412412559613585 48.340940468013287 164.40235127881169 12.201132906600831 430.76092759426683 296.44235175661743 305.23125351499766 9.8388019409030658 38.220589743927121 35.246513383463025 13.318531204015015 807.74435348063707 25.637704050168395 115.78965195640922 27.50531367957592 91.97488053701818 504.88682298082858 38.810640089213848 44.198564331978559 39.874583326280117 88.735407545231283 75.386328848078847 372.01884281635284 1042.8940224950202 581.57975530344993 43.418728407472372 29.583445953205228 342.27890863688663 208.19621019158512 1109.1565607273951
leaf_count=12272 561 19091 5337 804 5110 14078 5018 466 47814 7472 7403 7194 10720 7675 1168 15557 9902 13641 5296 878 430 55 315 11319 2876 409 551 1960 582 5896 1051 642 147 1107 3666 135 3780 2387 6926 90 492 270 106 8266 409 2306 232 1420 6426 258 276 269 973 2945 7529 13643 6908 590 263 14807 1590 9473
internal_value=-1.97776e-05 0.00360465 -0.00503228 0.00601328 -0.020479 -0.000706289 0.00693589 0.00445545 -0.0255273 -0.0103272 -0.0167107 -0.00739602 0.00255984 -0.0139382 0.00998929 -0.00610394 -0.0024222 -0.0185815 0.00111127 0.0077846 0.0157247 0.0275607 0.0078176 0.00619114 0.018221 0.00894022 0.00812075 0.00748062 0.00876021 0.0119973 0.0127948 0.0252021 0.0103969 -0.0101691 -0.00413723 -0.000155442 0.00958699 0.00444975 -0.00487021 0.000268986 0.00912778 -0.0145108 0.00984827 0.0105404 -0.00288747 0.00736773 -0.0155081 -0.0108022 0.00594725 0.0144604 -0.00087362 0.0226607 0.0201259 0.00321715 -0.000243332 0.0064957 -0.00130875 0.00266257 0.00443322 -0.0197046 0.013978 0.0158491
internal_weight=16372.2 13909.4 3031.93 10877.5 2462.85 2214.44 10178.7 5620.44 1642.32 820.522 817.486 698.774 1776.86 437.586 4558.25 661.42 900.236 721.326 2941.47 2940.74 487.718 192.934 294.783 2453.02 146.694 1655.78 2678.97 2595.85 2363.23 1346.56 1312.1 208.896 1103.2 635.057 366.372 318.031 1083.79 1016.67 764.262 217.482 136.795 80.6868 1590.87 1550.05 305.83 141.427 40.8238 397.206 742.307 237.42 83.0092 154.411 98.5742 2177.21 1058.93 1118.28 1026.6 654.582 611.163 705.295 1617.52 1317.35
internal_count=321232 216270 74206 142064 104962 47712 126443 75254 76823 28139 26494 15621 34700 13012 51189 20667 20622 29009 45986 35108 6379 3361 3018 28729 2931 17410 29268 28717 26757 12098 11516 1693 9823 14817 7623 6516 9676 14659 13642 2140 1555 585 17001 16663 6381 2715 338 8346 8397 1971 534 1437 1063 32344 15756 16588 15290 7761 7171 28448 16081 11063
cat_boundaries=0 1 2 3
cat_threshold=8 176 4
is_linear=0
shrinkage=0.04


Tree=39
num_leaves=63
num_cat=5
split_feature=0 4 11 11 23 5 15 14 25 20 25 24 19 17 15 32 16 20 25 15 20 14 32 5 2 32 25 0 4 10 11 25 0 24 25 17 4 5 0 32 11 16 14 25 14 19 5 0 0 23 20 10 6 14 29 25 25 18 17 23 23 23
split_gain=738.84 165.817 123.355 72.2871 66.0256 44.6937 40.258 71.5541 45.0828 66.2068 56.6781 60.6073 39.8305 38.3759 37.8665 42.1097 36.4365 32.5519 31.6886 31.3218 33.3975 30.8256 27.5807 25.5182 35.2188 24.6924 23.9896 22.9436 21.6196 21.0709 23.2591 20.565 20.0129 19.9506 31.0141 19.9143 29.618 19.57 19.1425 19.2526 19.747 19.0406 18.9829 18.8635 18.7148 22.524 18.2977 24.3903 18.2632 18.0879 17.6239 17.2479 20.9433 16.381 16.3069 16.5018 20.7145 16.2364 16.0501 18.6408 15.6603 15.2023
threshold=2.6550000905990605 2.3950001001358037 0.038984065875411041 0.3095842450857163 1.0350533723831179 31.500000000000004 3.5000000000000004 85.145000457763686 293.62500000000006 218.00000000000003 510.25000000000006 0.11491150408983232 17.500000000000004 1.5000000000000002 4.2500000000000009 0 1.5000000000000002 110.00000000000001 16.125000000000004 3.5000000000000004 175.00000000000003 77.045001983642592 1 34.500000000000007 1.2749999761581423 2 99.125000000000014 2.1049998998641972 2.6149998903274541 12.750000000000002 0.64760348200798046 677.12500000000011 1.935000002384186 0.19926892220973971 139.87500000000003 3.5000000000000004 1.8049999475479128 38.500000000000007 2.2749999761581425 3 0.2333859130740166 3.5000000000000004 97.115001678466811 13.125000000000002 97.014999389648452 167.50000000000003 28.500000000000004 3.1149998903274541 1.5049999952316286 1.06830769777298 159.00000000000003 18.750000000000004 139.25000000000003 92.845001220703139 4 171.87500000000003 677.12500000000011 1.5000000000000002 4.5000000000000009 1.1234417557716372 1.1544491052627566 1.0764702558517458
decision_type=10 2 10 10 8 2 2 10 2 2 2 10 10 10 2 1 2 2 2 2 2 8 1 2 10 1 2 8 2 2 10 2 8 10 2 10 2 2 10 1 8 2 10 2 10 10 2 10 10 10 2 2 2 10 9 2 2 10 8 10 8 8
left_child=1 3 21 4 48 19 7 17 18 37 11 13 32 -11 15 -15 28 49 43 20 -3 -2 -12 24 25 26 57 -7 -4 -5 41 51 -9 -20 -35 36 -13 -10 39 40 -19 58 -21 -8 45 -27 47 60 -1 -6 -42 -25 -53 -32 -41 -56 -57 -14 -31 -60 -23 -22
right_child=2 5 16 29 6 27 8 12 9 10 22 35 23 14 -16 -17 -18 38 33 42 61 46 -24 31 -26 44 -28 -29 -30 30 53 -33 -34 34 -36 -37 -38 -39 -40 54 50 -43 -44 -45 -46 -47 -48 -49 -50 -51 -52 52 -54 -55 55 56 -58 -59 59 -61 -62 -63
leaf_value=0.0012538931332373186 -0.011429034002670287 0.0020682675971937046 -0.0067979522073267672 0.0033282360603749993 0.043510128384645061 -0.0028071331811652684 0.016332781387251943 0.00047270710136528525 0.011385742496856577 -0.0064549280228187733 -0.0093948345333014164 0.0062543655096331478 0.0069153923169103723 0.034594600890681677 0.043453501380467517 0.12466901184163214 0.016406228971473126 -0.00055033865349499796 -0.0029561383269691285 -0.0022210960349676487 -0.026578630008754711 -0.021548272235715232 0.0232027720966697 -0.013922481761526729 0.03511131008159931 -0.00193459668403023 0.002691151163406057 -0.020349805104246808 -0.023405759279431223 0.013813883864510972 0.019620610516324275 0.023533193426464753 -0.018866629773594032 0.0319291148618224 -0.0065827964966366495 -0.01091291231922463 0.05038393531719991 -0.017207996339307301 -0.00083513442473017493 -0.007837826699871122 -0.00030278054856982281 -0.0031157758075239768 0.027105848128196906 0.062390440638696865 -0.010431882214798903 0.012596932913851173 -0.033321866058581374 -0.032747738719760888 -0.011359469880956086 0.014331607165919798 0.011654848936594195 0.0084396877384358727 -0.010684807079201367 0.050470232657501446 0.013099356855054168 0.0029882318318258873 0.04154517011994522 0.030445295758049596 -0.0040924791859754906 0.024027264488930361 -0.0024540169151890342 -0.0086177131859631693
leaf_weight=269.15737180691212 194.69465709803626 369.23402267415076 571.23929509380832 482.18290719017386 36.534957907162607 155.58174443151802 99.819764893036336 120.76043296139687 74.6494255438447 10.373004015535114 64.968833148479462 47.380495145916939 86.374152310192585 14.177967811003327 44.765304833650589 30.560964792966843 88.352325861342251 903.16621581558138 479.65972756547853 61.192932699806988 121.56385114649311 346.7277109134011 107.73498884215951 337.96940147364512 50.698437666520476 739.47301543364301 352.521319989115 536.11920457612723 160.84704019874334 1634.1846234323457 122.72974289022386 34.013197911903262 284.87273634551093 71.641472849063575 59.735989582724869 22.560344856232405 50.554042059928179 74.395959794521332 664.42745977360755 77.315929162316024 288.9268046207726 133.01758058741689 79.140888402238488 15.47601398359984 272.75384357850999 219.54277395829558 707.98302383581176 305.22228947095573 566.63209855323657 379.14976560045034 610.01112771313637 176.70754865091294 185.79648948088288 36.708997642621398 1143.6781650120392 531.64818918332458 21.351462669670582 107.76165053481236 168.26962385047227 46.400460310280323 87.49801022047177 206.77893226640299
leaf_count=6215 8569 7788 14906 4420 445 3997 2849 1858 646 116 540 449 1355 143 464 264 1400 11479 7758 1730 5179 17431 856 7044 481 9429 3658 19100 5765 15374 870 388 6999 990 499 198 337 790 11600 1097 4227 817 1676 152 4630 3931 37403 16754 19793 2579 6605 2169 2754 281 14124 4719 154 1775 2676 295 3439 4700
internal_value=-9.07689e-05 0.00349124 -0.0202742 0.00503016 0.00343874 -0.00892229 0.0044497 0.00334878 0.011046 0.0197585 0.0283312 0.0417137 -0.00150071 0.0645803 0.0728614 0.098997 -0.00757026 0.00644232 0.00449574 -0.00268661 -0.00616879 -0.0265995 0.010927 0.00034273 0.00287438 0.00191249 0.0089727 -0.016435 -0.0105116 0.0109221 0.0126237 -0.00594179 -0.0131154 0.000823863 0.014522 0.0219495 0.0296667 -0.00287272 0.00538701 0.00654512 0.00361989 0.0114118 0.01441 0.0235417 -0.0012238 0.001403 -0.028616 -0.0240218 -0.00729462 0.0171114 0.00781054 -0.00744733 -0.00134521 0.0273102 0.00950477 0.0102936 0.00463569 0.0201945 0.0124635 0.0021143 -0.0177479 -0.0154123
internal_weight=16345.4 13882.8 2462.56 12353.2 9729.7 1529.61 8893.91 7625.46 1268.45 542.121 393.076 220.372 2969.25 99.8772 89.5042 44.7389 820.439 4656.21 726.333 837.911 697.577 1642.13 172.704 2563.61 1829.13 1778.43 546.657 691.701 732.086 2623.49 2141.31 734.487 405.633 611.037 131.377 120.495 97.9345 149.045 4240.53 3576.1 1802.1 1981.87 140.334 115.296 1231.77 959.016 1447.43 739.448 835.789 415.685 898.938 700.473 362.504 159.439 1773.99 1696.68 553 194.136 1848.85 214.67 434.226 328.343
internal_count=321129 215462 105667 171292 146559 44170 120551 103500 17051 4803 3367 1971 46471 987 871 407 22071 57029 12248 21073 17667 83596 1396 37614 25259 24778 6788 23097 20671 24733 20313 12355 8857 9247 1489 984 786 1436 54005 42405 22311 19162 3406 3001 17990 13360 75027 37624 26008 3024 10832 11967 4923 1151 20094 18997 4873 3130 18345 2971 20870 9879
cat_boundaries=0 1 2 3 4 5
cat_threshold=16 4 8 4 8
is_linear=0
shrinkage=0.04


Tree=40
num_leaves=63
num_cat=5
split_feature=0 22 0 4 1 11 22 20 1 15 29 20 25 32 22 22 24 23 24 25 32 11 19 23 25 23 15 21 23 25 22 6 14 15 20 25 21 25 15 23 23 1 14 21 23 24 17 21 23 25 32 7 1 21 23 4 29 25 25 6 24 23
split_gain=665.241 197.376 98.8448 88.1005 74.4777 46.4788 31.8802 31.2501 30.2751 30.1258 31.6386 47.5438 47.1502 29.456 29.1632 28.8432 50.8716 28.0359 29.4312 27.4241 25.8563 25.1856 25.1829 28.6981 32.6965 37.4672 35.5625 28.1882 25.285 24.836 23.09 21.9765 21.4311 35.8345 24.9552 21.3091 37.1379 38.2592 21.0445 20.1113 22.987 19.8363 19.6629 18.9797 18.8599 18.5615 17.9342 24.4042 21.9199 17.5385 17.5132 17.472 17.4194 17.3094 17.9487 17.2642 16.9762 30.2495 34.4703 24.6453 21.34 22.6909
threshold=2.7549999952316289 0.047027543187141425 2.1750000715255742 2.4750000238418584 2.6750000715255742 0.3486414253711701 0.11901463195681573 177.50000000000003 2.054999947547913 3.5000000000000004 0 171.50000000000003 677.12500000000011 1 0.10209254175424577 0.055593475699424751 0.080905284732580199 1.0013249516487124 0.10748013481497766 197.62500000000003 2 0.088281687349081053 49.500000000000007 1.2481924295425417 335.87500000000006 1.2151231765747073 2.5000000000000004 63.620441436767585 1.0873403549194338 738.75000000000011 0.072171278297901167 111.25000000000001 97.255001068115249 3.5000000000000004 175.00000000000003 353.87500000000006 67.372478485107436 438.62500000000006 4.2500000000000009 1.0346044898033144 1.0895674228668215 2.0249999761581425 77.305000305175795 66.469604492187514 1.074293911457062 0.23804991692304614 4.5000000000000009 58.605054855346687 1.212078928947449 276.37500000000006 3 35.500000000000007 1.3849999904632571 74.235458374023452 1.1390727162361147 2.0449999570846562 4 364.12500000000006 171.87500000000003 16.500000000000004 0.3201736062765122 1.4904463291168215
decision_type=10 8 8 2 10 10 10 2 8 2 9 2 2 1 10 10 10 8 8 2 1 8 10 10 2 10 2 10 10 2 10 2 10 2 2 2 10 2 2 8 10 8 8 8 10 10 8 10 10 2 1 2 8 10 10 2 9 2 2 2 10 8
left_child=1 2 8 5 14 6 9 -4 39 10 17 19 -13 32 42 16 -11 -3 30 -12 56 -9 28 24 25 -24 -27 51 -22 50 44 35 34 -34 -5 52 -37 -38 49 -1 -41 -15 -2 -20 -19 -25 47 -30 -48 -35 -14 -28 -17 54 -32 -10 57 58 59 -8 61 -58
right_child=4 3 7 13 -6 -7 20 21 55 15 11 12 29 41 -16 31 -18 18 43 -21 22 -23 23 45 -26 26 27 -29 46 -31 53 -33 33 38 -36 36 37 -39 -40 40 -42 -43 -44 -45 -46 -47 48 -49 -50 -51 -52 -53 -54 -55 -56 -57 60 -59 -60 -61 -62 -63
leaf_value=-0.0068681832253638568 -0.0056889831762944685 -0.019744468830065798 -0.0026126278446919312 0.0077331443765207434 -0.030761011596589328 0.011683316510847187 0.007208760921949461 -0.026181437054825642 0.0012723477383535192 0.01807292443510309 0.0079011357906448986 -0.0094262386020637703 0.017236481483481999 0.0091555801596338929 -0.0033311530071405216 0.033133771913705909 0.10087003818458964 0.013140217432670818 0.015891137573661639 -0.015441471083943715 -0.024037506243488344 -0.012600879871447531 -0.00094382573340749177 -0.01650808999342826 0.019433768067469732 0.06046021759147073 0.01624040668594778 -0.0059514848743900898 0.038963518318179305 -0.0089823781861478585 0.011751453255128747 -0.0021366687902855761 -0.0079297950348174249 0.020176713979082259 -0.013687635238520885 -0.0031456569661666585 0.079537765708203062 0.020656940784040307 0 0.011831826075674408 -0.0084928951104383064 -0.016127334564870827 -0.022849721953382317 -0.0013578082143501176 -0.0019379318377308818 -0.00061109735740976553 0.054580425495898241 0.0085937770856183635 0 0.089002925140895014 0.080016796323622408 0.060913569964381076 0.000707137709126436 0.050409866724957578 0.064188423662857833 -0.013457491203418466 0.0067131906385268407 0.043248614453730953 -0.0024489879414760045 0.023637143234617516 -0.024877774929186844 0.057211168378756623
leaf_weight=183.35626442264766 139.06349879829213 73.992926931940019 210.3392636096105 163.95232142368332 937.13142087170854 1769.4835790852085 237.315404843539 472.69918308360502 207.1459593991749 129.26907841069624 672.61760501284152 1102.4833906893618 15.453117111697793 53.912052605301142 263.62102939328179 28.919335207901895 11.364797443151472 196.17361117666587 110.82773180864751 89.375221529975533 29.401799064129591 423.77660120371729 823.61001409357414 158.43611667398363 227.1086114346981 26.349623661488295 58.735822831280529 75.50718299113214 44.06204791739583 15.474105630069969 717.63741960050538 280.82558884751052 38.020215928088874 11.605462014209481 180.64509731531143 44.163666194304824 26.807161251083016 52.495998101308942 11.950618986040352 493.43053678516299 106.54980085510761 460.20136725297198 505.06730761937797 1066.5126204229891 398.69896115362644 444.23106820881367 31.649962956085801 597.34020882518962 17.951702727004886 15.844220906496046 14.799806667491794 17.913617653772235 190.38496822025627 18.305720083415508 8.791277112439273 323.23706797277555 617.1756439069286 56.29549415782094 175.08525244984776 395.72005771100521 31.398025332018733 12.675479691475628
leaf_count=4515 4948 3664 5109 4366 49301 15667 2853 20130 3454 3561 11116 20634 150 956 7327 366 126 4040 1164 1014 440 11793 10217 1370 1544 241 651 660 353 156 10294 3776 1253 333 7138 443 182 418 351 6287 1135 14638 24666 15716 5844 3314 299 5960 139 291 121 199 3561 188 82 7926 8353 365 1346 4185 320 99
internal_value=-0.000234214 0.00265051 -0.00776712 0.00474493 -0.0228419 0.00573823 0.00460921 -0.016562 -0.000337369 0.0025491 0.00129833 -0.00259895 -0.00775074 -0.00702514 -0.014608 0.00988279 0.0261405 0.00416847 0.0049063 0.00511952 0.00726466 -0.019813 0.00479056 0.00228811 0.00579369 0.00266194 0.019169 0.0112749 0.0111189 0.0311802 0.00895686 0.00613171 0.000791632 0.0195455 -0.00348718 0.0129021 0.0260767 0.042126 0.0453539 0.00464882 0.00819287 -0.0134354 -0.0191863 0.000283316 0.00304842 -0.00484429 0.0126914 0.0108071 0.0355385 0.063522 0.0512542 0.0280661 0.00528014 0.0136448 0.0125715 -0.00770642 0.0113867 0.015086 0.0131986 0.0175331 0.00618698 0.00791998
internal_weight=16314.4 14469.5 2420.53 12049 1844.88 11112.8 9343.34 1106.82 1313.72 5265.37 4501.14 1910.2 1148.21 936.131 907.752 764.231 140.634 2590.94 2516.95 761.993 4077.96 896.476 2552.3 1831.89 1229.22 1002.12 178.506 152.157 720.406 45.727 1339.61 623.597 422.018 77.4205 344.597 342.771 123.467 79.3032 39.4003 783.337 599.98 514.113 644.131 1177.34 594.873 602.667 691.004 641.402 49.6017 27.4497 30.2529 76.6494 219.304 744.734 726.429 530.383 1525.67 864.416 808.121 633.035 661.249 629.851
internal_count=321108 234866 60349 174517 86242 145191 129524 37032 23317 86616 74183 33191 21061 29326 36941 12433 3687 40992 37328 12130 42908 31923 25387 18196 13512 11968 1751 1510 7191 427 20448 8746 13732 2228 11504 4970 1043 600 975 11937 7422 15594 29614 16880 9884 4684 6751 6313 438 624 271 850 3927 10564 10376 11380 17521 8749 8384 7038 8772 8452
cat_boundaries=0 1 2 3 4 5
cat_threshold=144 8 8 8 144
is_linear=0
shrinkage=0.04


Tree=41
num_leaves=63
num_cat=0
split_feature=4 11 22 4 24 0 21 14 0 11 0 17 5 1 22 20 19 22 6 14 20 23 23 0 22 22 23 24 19 17 1 21 24 23 24 19 22 16 14 6 10 11 14 22 11 1 4 1 7 23 14 12 8 23 19 24 24 23 1 21 16 0
split_gain=610.99 130.272 102.825 86.2146 62.819 51.2335 49.4083 46.1288 41.1341 30.1741 29.2093 28.9626 28.463 26.3441 24.7478 24.4067 23.3366 24.8932 22.2379 21.4976 20.7675 21.3158 23.2284 20.2381 19.5036 19.0522 21.3645 18.8644 17.798 17.6212 18.7089 17.1838 19.4738 84.2326 16.971 16.9359 18.9634 16.3452 16.3181 16.0274 19.5748 16.0233 15.5819 15.5608 15.3998 17.0456 15.2561 17.8283 15.1933 14.8636 14.7805 15.9707 24.8344 14.5675 16.0252 14.2564 24.0654 17.0979 14.2321 13.9545 13.8564 13.8227
threshold=2.4550000429153447 0.14311316609382632 0.089220236986875548 1.3650000095367434 0.050352701917290694 2.7549999952316289 76.617176055908217 88.345001220703139 3.0049999952316289 0.35620281100273138 1.1250000000000002 2.5000000000000004 32.500000000000007 2.1750000715255742 0.026524198241531852 177.50000000000003 49.500000000000007 0.079519651830196394 214.25000000000003 84.755001068115249 218.00000000000003 1.0826513767242434 1.0668813586235049 2.5449999570846562 0.12391588091850282 0.21839360147714618 1.3589462041854861 0.14663357287645343 9.5000000000000018 4.5000000000000009 1.5049999952316286 59.93836975097657 0.12303834408521654 1.1789435744285586 0.3201736062765122 145.50000000000003 0.18932993710041049 1.5000000000000002 73.189998626708999 165.75000000000003 138.25000000000003 0.21433816105127337 83.305000305175795 0.054964337497949607 0.13287874311208728 1.9450000524520876 2.1250000000000004 1.7849999666213991 40.500000000000007 1.0643191933631899 78.215000152587905 2.5000000000000004 53.500000000000007 1.0326827168464663 190.50000000000003 0.14897271245718005 0.16188172996044162 1.1921853423118594 2.4050000905990605 68.810985565185561 3.5000000000000004 2.0849999189376835
decision_type=2 8 10 2 8 8 10 8 10 10 8 10 2 10 10 2 10 10 2 10 2 10 8 8 8 10 10 10 10 10 8 10 10 10 10 10 8 2 10 2 2 10 10 10 10 10 2 10 2 10 10 10 2 10 10 8 8 8 10 10 2 10
left_child=1 3 7 5 14 18 10 11 13 15 39 -2 20 -4 -5 -8 17 -14 19 -1 44 22 -22 -9 27 61 -27 28 42 30 41 34 33 -33 -15 36 49 -13 -34 40 -3 -30 -12 -17 45 48 47 -23 -6 59 58 55 -53 -31 -55 -52 -57 -58 60 -18 -26 -21
right_child=2 6 8 4 12 -7 9 23 -10 -11 24 37 16 31 -16 43 35 -19 -20 25 21 46 -24 -25 50 26 -28 -29 29 53 -32 32 38 -35 -36 -37 -38 -39 -40 -41 -42 -43 -44 -45 -46 -47 -48 -49 -50 -51 51 52 -54 54 -56 56 57 -59 -60 -61 -62 -63
leaf_value=-0.0010683786638012018 -0.00063622317296146958 0.011301211691041353 0.0085919379581668991 -0.019325752894327017 0.010345699816039689 -0.029110755280157111 0.009577522971173839 -0.018395130211332242 -0.022644843517727588 0.015640927186643706 0.0021116153423745808 -0.021652851679765578 -0.007403378741212544 0.037714673920011127 -0.0040845870316607294 -0.016509194026824613 -0.011634021217579775 0.021178181471956849 0.047856252773810358 -0.0050902857839651107 0.043937075832621679 0.010234665482066772 -0.024172844802501706 -0.030959318413969004 0.012358598182905347 0.063123608356893221 -0.013702775412790965 -0.0053548939194356668 0.021444260346243277 -0.020490973272498714 0.0044883706461594638 -0.0050483687585490414 0.010030185802346761 0.14442353424950496 -0.027720031640722606 0.0010055286578641688 0.0078200546880097116 0.019506915234495385 -0.021061856389500339 -0.0055751653213402929 0.040977898398273725 0.0082892667577471064 -0.014502584295628236 0.032345074608574727 -0.0074916253246250517 0.0024401461498035656 0.020279422726936575 0.081588781320871231 0.040913973224654739 -0.015126515762167992 -0.0065278757874340093 0.028902296400686315 0.0068107811846124825 -0.0030347072231281646 0.021634170385751775 0.029625727230018488 -0.022522264531895545 0.0041333894475631735 -0.0062539707952325206 0.052142861214454266 -0.0095082816245939759 -0.023347204825344203
leaf_weight=322.12343062274158 181.11154197342694 1765.4302610298619 232.06528194155544 275.65112268459052 512.9527099551633 240.05051917443052 77.221931698732078 287.34514351189137 206.70457883179188 82.783112187869847 266.97628518007696 376.44869751809165 74.89561832556501 22.204773619771007 449.91736216284335 335.45200089085847 9.802868371363731 131.78299387916923 9.3832380417734367 97.663927220739424 8.8913165135309082 9.9614430312067288 28.231413213536143 878.82318715378642 1356.5342780025676 8.3119378387928027 11.6453814888373 346.23881321027875 208.228132462129 59.042859829030931 1820.085592681542 233.91263008536771 29.24906132183969 4.1897876169532529 6.8217557342723003 520.77518853638321 81.129334166646004 14.401012284681199 216.3352132877335 86.061194317415357 34.853638406842947 533.06080836709589 133.72220570780337 8.8583276243880373 134.34844925999641 681.09559914981946 107.53838432952762 14.257836657576261 25.966152751818299 358.31761045055464 239.53906182199717 92.88362979143858 609.19399253092706 263.93906572740525 48.03647103626281 55.070185896009207 38.867440307512879 651.68783448450267 73.286234466359019 8.6430569044314307 46.192413480952382 223.46201441297308
leaf_count=5835 7272 14897 4967 8281 7522 11095 1155 10139 10076 1142 3684 18304 1750 693 16218 8522 213 1687 167 1778 145 97 853 47282 13946 147 154 2954 2394 2118 24544 9247 580 89 163 10283 1544 402 5793 732 276 5255 2877 129 1530 10357 1296 147 284 5980 3122 725 6025 3621 547 560 483 10986 710 177 308 6805
internal_value=-0.00013546 0.00331437 -0.0175464 -0.00239345 0.000510587 -0.013307 0.00600228 -0.0233312 -0.00694381 -0.00614441 0.00670622 -0.0139226 0.00331373 -0.00252648 -0.00992307 -0.0104953 -0.00132815 0.0108108 -0.00758506 -0.00852301 0.00692817 0.020096 -0.00624309 -0.0279071 0.00548612 -0.0154927 0.0207652 0.00349904 0.00442384 0.00550515 0.00668558 -0.0075883 -0.00941787 -0.00120375 0.0212829 -0.00391668 -0.00951228 -0.0200244 -0.0172754 0.0111173 0.011925 0.012043 -0.00345755 -0.0150496 0.00525312 0.00667308 0.0275592 0.0555652 0.0119792 -0.0132872 0.00779119 0.00521452 0.00981861 -0.00261482 0.000851819 0.00191207 0.00464439 0.00256083 0.0107201 0.0200355 0.0116203 -0.0178854
internal_weight=16269.7 13580 2689.61 4346.8 3434.16 912.64 9233.25 1738.13 951.483 504.315 8728.93 571.961 2708.59 744.779 725.568 421.532 1185.35 206.679 672.59 663.207 1523.24 168.88 37.1227 1166.17 6842.59 341.083 19.9573 3679.33 3333.09 2932.39 2561.37 512.713 483.687 238.102 29.0265 978.668 457.893 390.85 245.584 1886.35 1800.28 741.289 400.698 344.31 1354.36 1220.01 131.758 24.2193 538.919 376.764 3163.26 1687.24 702.078 371.018 311.976 985.165 745.625 690.555 1476.01 18.4459 1402.73 321.126
internal_count=321064 206057 115007 94345 68364 25981 111712 83399 31608 10948 100764 25978 43865 21532 24499 9806 21634 3437 14886 14719 22231 2538 998 57421 84859 8884 301 47994 45040 38479 32193 16565 15709 9336 856 18197 7914 18706 6373 15905 15173 7649 6561 8651 19693 18163 1540 244 7806 6370 36865 21901 6750 6286 4168 15151 12029 11469 14964 390 14254 8583
is_linear=0
shrinkage=0.04


Tree=42
num_leaves=63
num_cat=4
split_feature=0 11 1 22 21 22 22 1 25 22 32 20 4 20 22 20 25 25 25 5 25 25 0 14 1 22 1 30 22 21 5 20 2 22 29 25 16 17 8 14 11 25 2 1 21 22 21 32 1 25 25 4 23 14 17 25 22 21 11 19 23 21
split_gain=601.779 145.26 105.164 92.8341 44.2 43.3607 40.5715 35.2969 31.2771 33.6481 28.4344 33.6152 28.4362 27.5661 27.3929 28.7665 42.0988 51.8266 50.1405 26.6371 26.0145 25.6356 23.7606 22.6773 30.5643 21.6908 21.5809 21.0061 20.7115 19.4512 19.1455 20.272 21.5778 21.1212 19.0866 18.7608 18.4895 17.3531 18.7584 17.0308 20.3712 16.9006 16.5564 24.5711 16.51 19.2288 16.4561 15.8013 15.7384 15.5605 22.7488 16.4166 15.3127 20.0785 17.9486 18.4596 14.8916 44.6348 14.7475 14.594 14.5322 14.5304
threshold=2.6750000715255742 0.14311316609382632 2.5349999666213994 0.069005299359560027 70.319358825683608 0.014692337252199652 0.038171408697962768 2.1950000524520878 94.875000000000014 0.017273891717195514 0 79.000000000000014 2.6350001096725468 159.00000000000003 0.12127390503883363 218.00000000000003 364.12500000000006 457.12500000000006 423.75000000000006 33.500000000000007 690.87500000000011 403.87500000000006 3.0249999761581425 95.58499908447267 2.7549999952316289 0.26898275315761572 1.325000047683716 1 0.099577285349369063 78.926559448242202 29.500000000000004 218.00000000000003 0.7150000035762788 0.10124228149652482 2 431.12500000000006 1.5000000000000002 2.5000000000000004 66.250000000000014 68.604999542236342 0.16927146911621097 765.12500000000011 1.2749999761581423 2.0849999189376835 63.345434188842781 0.10899818688631059 63.460294723510749 3 1.6349999904632571 113.87500000000001 335.87500000000006 2.554999947547913 1.070607662200928 79.979999542236342 3.5000000000000004 137.62500000000003 0.042542364448308952 82.51377105712892 0.029882637783885006 7.5000000000000009 1.3789317607879641 70.319358825683608
decision_type=10 8 10 8 10 10 8 10 2 10 1 2 2 2 10 2 2 2 2 2 2 2 10 10 8 10 8 9 10 10 2 2 10 10 9 2 2 10 2 10 10 2 8 10 10 8 10 1 8 2 2 2 10 10 10 2 10 10 10 10 10 8
left_child=1 3 6 5 26 -1 -2 19 47 -10 11 -5 30 46 15 21 37 18 -18 29 -19 -12 35 52 -25 56 -3 -28 -26 -7 31 32 -13 -34 -32 36 -8 38 -17 40 -29 49 43 -38 45 -36 -4 59 -49 -16 -51 -52 53 -11 -54 -56 -15 -58 -9 -6 -27 -33
right_child=2 4 13 10 8 7 22 58 9 23 14 12 -14 25 41 16 17 20 -20 -21 -22 -23 -24 24 28 60 27 39 -30 -31 34 61 33 -35 44 -37 42 -39 -40 -41 -42 -43 -44 -45 -46 -47 -48 48 -50 50 51 -53 54 -55 55 -57 57 -59 -60 -61 -62 -63
leaf_value=-0.028246192446925937 -0.025369867333403927 0.011553853945087414 0.03550275673476512 0.043611096572635927 -0.0189246302084158 0.0088974526162838002 -0.001700965594261353 -0.019681881692926478 -0.010703277504293408 0.029746027321137052 0.00028930909167793918 -0.0022603013192312562 -0.024334530332842146 -0.037193441197799895 0.015259500775270565 0.0015003109386861372 0.021815196589891533 -0.0094473621394527384 0.13676570659462953 -0.0092154359599426298 0.048281385836227861 -0.019147150594677947 -0.016648983047083791 0.011847544752697888 -0.015728720009180047 0.075411390207539036 0.0053103210020241185 0.031779523598002263 0.035118334831999443 -0.021004324845719562 0.0014230060373312653 0.034038722308209535 0.054698897269907135 0.0020889120745080643 0.062019040132005612 -0.021693377617924735 0.073427738842993806 -0.019559762537043682 0.063951187820021071 0.0066789261051202519 0.010781900088577661 0.064980922589434165 -0.0057132595215604286 0.0023502766579945552 -0.02283040303205687 -0.0071330495990935498 -0.015008571027587396 0.00025732122001568137 -0.013907487546941799 -0.0029698722625345537 0.020631661542999575 -0.020980705851960386 0.010505758780028141 0.0097746858472945349 0.028811348106863033 -0.012932950721891037 -0.027512047111807842 0.093478959131621631 -0.0088065099811686486 0.0044624386488968468 -0.011140078179912314 -0.015749579089854641
leaf_weight=183.61560241505504 221.32231971481815 1665.7007754240185 9.1370842903852445 22.159419239498675 46.525092963129282 346.53955947374925 484.36830930039287 348.08036324987188 187.53986906912178 128.8225402245298 749.05849342094734 523.80931281484663 99.256829076446593 369.56739839725196 391.02349870931357 38.118658826220781 12.926675606518984 31.26606815867126 11.647912235930562 357.23991129361093 18.083080416545272 124.82319569401443 242.57528710411862 152.05469618737698 175.71640868205577 3.244949466083197 4524.9803926339373 133.81090016104281 11.858167961239813 36.635296676307917 207.7699486115016 46.700871140696108 19.894390911795199 28.73417654260993 4.8037705942988387 65.511014217510819 15.336205594707282 45.930416029877961 7.767723075579851 306.03629829920828 173.03202544059604 7.0137861985713235 18.252947157248855 14.804112014826385 169.87935833865777 114.132054801099 144.69363580225036 193.66009017452598 348.60254808422178 264.9456362593919 138.66011645738035 15.194809956476091 409.70464072562754 222.92245810758322 17.993118319660425 108.86080191284418 636.79663414089009 2.984765361994504 488.75938537484035 350.51093973312527 6.252230464015156 10.117941612377761
leaf_count=5848 9262 13257 231 168 887 7638 16640 14585 3846 1495 16359 8516 3248 21107 8473 874 174 414 119 8487 227 1855 11831 1489 3379 223 55593 1235 85 1215 3913 696 246 290 69 1503 215 1130 174 2701 1474 75 255 303 2739 2713 6370 2856 7262 3054 1308 302 3733 3115 191 1144 34080 69 14026 5719 209 441
internal_value=-8.41433e-05 0.00298837 -0.0193522 -0.00259577 0.00595527 -0.00992699 -0.0101945 -0.00775623 0.00122647 0.00498171 0.00156468 -0.00309944 -0.00402055 -0.0276086 0.00470252 0.000383904 0.0155651 0.0376109 0.0827932 -0.00137517 0.0126071 -0.0025152 -0.00613993 0.00739726 -0.00136817 -0.0299995 0.00758993 0.00629927 -0.0121355 0.00592356 -0.00218256 0.00243986 0.000127625 0.0250807 -0.00804226 -0.00182433 0.000675902 -0.00252257 0.0144686 0.013245 0.0201111 0.0101749 0.0237481 0.041084 -0.0143958 -0.00329441 -0.0115399 -0.00442252 -0.00885171 0.00953143 0.00411715 0.0162542 0.0107531 0.0172384 0.00643856 -0.00659451 -0.0305814 -0.0266456 -0.0133758 0.00162075 0.0257105 0.0248027
internal_weight=16257.8 14022.9 2234.85 4864.59 9158.33 1760.87 1062.17 1577.25 2354.77 1415.47 3103.72 1247.26 1225.1 1172.68 1856.46 1039.62 165.741 73.9237 24.5746 740.415 49.3491 873.882 840.848 1227.93 339.629 1018.85 6803.56 5137.86 187.575 383.175 1125.84 629.257 572.438 48.6286 496.585 598.273 532.762 91.8168 45.8864 612.879 306.843 816.838 48.3933 30.1403 288.815 118.936 153.831 939.299 542.263 809.824 418.801 153.855 888.304 351.745 536.559 126.854 1009.35 639.781 836.84 397.036 9.49718 56.8188
internal_count=321135 218837 102298 109376 109461 51799 40009 45951 35201 18477 57577 23039 22871 62289 34538 21326 3112 934 293 17340 641 18214 30747 14631 4953 55688 74260 61003 3464 8853 19623 10189 9052 536 9434 18916 17413 2178 1048 5410 2709 13212 773 518 5521 2782 6601 16724 10118 13137 4664 1610 9678 4610 5068 1335 55256 34149 28611 6606 432 1137
cat_boundaries=0 1 2 3 4
cat_threshold=4 8 148 8
is_linear=0
shrinkage=0.04


Tree=43
num_leaves=63
num_cat=3
split_feature=0 22 0 1 1 32 11 6 1 1 21 19 21 11 20 5 0 20 25 25 22 20 19 1 20 25 25 14 14 11 23 19 5 1 12 25 29 6 20 22 21 23 11 6 22 23 19 23 25 14 12 1 1 25 6 7 22 21 24 19 24 29
split_gain=548.956 153.621 89.0709 77.5227 77.0195 36.5961 36.1626 30.4203 29.134 24.4762 23.9806 23.943 23.7357 24.5221 23.1293 23.074 32.5155 27.1304 29.7415 25.5971 20.306 16.1447 28.8692 19.4703 15.9655 15.7852 15.4532 15.2698 15.1344 16.6357 14.8418 14.764 14.2421 27.3331 23.6223 22.6465 27.1056 21.3442 19.2291 18.9186 17.2644 15.7153 14.8661 15.9258 14.6663 21.4821 20.8494 14.9407 19.3167 14.198 14.5558 13.4684 16.2026 13.1929 23.5277 17.3356 14.1011 15.1741 15.7449 13.0044 21.0505 13.2598
threshold=2.7549999952316289 0.047027543187141425 2.1750000715255742 2.6149998903274541 2.3750000000000004 0 0.14311316609382632 31.500000000000004 1.3849999904632571 2.2649999856948857 77.250598907470717 9.5000000000000018 60.947811126708991 0.039625767618417747 159.00000000000003 31.500000000000004 2.1350001096725468 218.00000000000003 261.37500000000006 510.25000000000006 0.092618513852357878 175.00000000000003 163.50000000000003 1.8350000381469729 159.00000000000003 88.125000000000014 194.12500000000003 76.795001983642592 77.729999542236342 0.43920244276523596 1.1321590542793276 167.50000000000003 36.500000000000007 1.0000000180025095e-35 2.5000000000000004 677.12500000000011 1 2.5000000000000004 79.000000000000014 0.049267832189798362 68.744674682617202 1.0235687494277956 0.71984010934829723 4.5000000000000009 0.17265895754098895 1.3789317607879641 167.50000000000003 1.1748403906822207 189.12500000000003 63.454999923706062 25.500000000000004 2.5149999856948857 2.4050000905990605 465.75000000000006 115.25000000000001 27.500000000000004 0.063875023275613799 67.610927581787124 0.072209183126688017 64.000000000000014 0.11005826666951181 2
decision_type=10 8 10 10 10 1 10 2 8 8 10 10 8 10 2 2 10 2 2 2 10 2 10 10 2 2 2 8 8 8 8 10 2 8 8 2 9 2 2 8 10 10 10 2 8 10 10 10 2 8 8 10 10 2 2 2 10 10 10 8 10 9
left_child=1 2 8 12 6 7 20 51 -1 -4 28 14 -2 27 -8 17 -17 26 -19 -20 21 23 30 59 -5 -24 -7 -14 29 -10 -23 -28 33 -13 38 36 41 -36 -35 -38 -41 -34 43 -40 46 -46 47 -39 -49 -12 -51 52 -6 54 -27 -55 57 -56 -59 61 -61 -3
right_child=3 4 9 24 5 15 11 -9 10 -11 49 32 13 -15 -16 16 -18 18 19 -21 -22 22 25 -25 -26 53 31 -29 -30 -31 -32 -33 35 34 37 -37 39 44 42 40 -42 -43 -44 -45 45 -47 -48 48 -50 50 -52 -53 -54 55 56 -57 -58 58 -60 60 -62 -63
leaf_value=0.0093781048752226703 0.021658380681236041 0.013380310263692866 -0.0092628275703416207 -0.015292364762316704 -0.0040807877954278362 0.0058309559173155955 0.0081316435200717366 -0.014225731325050039 0.0060635018007726442 -0.023001726482532365 0.022635835681237945 0.022272359880142378 -0.00092818677422368322 -0.0056345873954794625 -0.0084214608945070244 0.0061336760281481438 -0.01258562697168795 0.0014996029195372379 0.06302036766374404 0.0030170947333141235 0.0050710185020680946 -0.018963970337233457 -0.0069961305994826915 -0.0044412509299983326 -0.031416596218663655 0.0041221577055714108 -0.017602231646593729 -0.022838433334236879 -0.003105400021350646 0.048319128719024003 -0.0031787892029780111 0.013397666617765945 -0.009257370029377418 0.0147123186699717 -0.027875577961350827 0.029450989624833931 0.046040999122832139 0.0094138901984986943 -0.019447148180293389 0.0021893421183437956 -0.012020079741728433 0.015547551897469187 0.017517409565026097 0.00036824437596055733 0.020087003130473274 0.0050363943060979634 0.018185734797969557 0.0069702656578853571 -0.012591431393749769 -0.014898359946528689 0.041399077895839208 -0.0024288617547979798 0.04428140034828932 0.040562541729059022 0.0073590493925568528 -0.014078047591450552 0.01482489944238179 0.02817862450181258 0.10706210954193031 0.027074777646493513 -0.017711652476049566 -0.0027243755124121199
leaf_weight=336.03551081009209 29.750470974016935 139.49850661726668 372.08385468227789 121.16124645574018 17.425190669018775 497.52812110213563 267.32302600424737 562.85284830490127 177.27515763184056 487.33317833673209 16.026185261085629 270.26156270690262 59.757547984365374 347.46100727049634 268.88044060114771 253.45858598826453 351.98606666224077 47.682130326516926 36.236718967556953 16.898197719827294 2865.0266393655911 222.42907324340194 192.87061191117391 266.33828242588788 793.82953396113589 190.42952766222879 94.308935537002981 381.79035635804757 594.00691574811935 14.487783232703803 169.68142290320247 31.068268144503236 44.169423210434616 178.01214956492186 20.515910988673568 57.534702688455582 12.274478968232868 1096.3102106321603 72.227769328281283 758.55847485549748 164.77658234909177 369.65958450455219 66.848765626549721 510.17013762332499 552.63009223528206 213.29601233452559 338.65260913409293 220.73915786854923 124.7062858119607 360.51704913098365 5.5524837682023636 71.509102270007133 25.841528415679932 8.6835714932531101 9.4341353042982536 68.951088419184089 41.634704263880849 10.332225982565435 8.6096802465617639 104.66225767647848 18.269035171717405 173.3227530317381
leaf_count=4327 660 2538 10559 5499 262 10432 2540 12612 2756 20750 244 2031 2589 9448 3516 4212 11633 1493 462 212 35430 5980 7852 4879 46280 2852 1228 21631 12023 180 5379 498 1599 1068 168 347 164 10789 732 8641 1998 3370 517 5211 6907 1166 3397 1442 816 9202 100 1225 357 106 175 1080 587 185 139 2248 206 3689
internal_value=-6.76317e-05 0.00248169 -0.00684127 -0.0213243 0.00430343 -0.00284892 0.00572594 -0.0104004 -0.000959693 -0.0170981 -0.00395202 0.00786861 -0.0123202 -0.013663 -0.000154533 0.00100475 -0.00474156 0.00582278 0.0248715 0.0448846 0.00304598 -0.000520965 -0.00399867 0.00403827 -0.0293282 0.00206927 0.00265722 -0.0199088 4.17262e-05 0.00976302 -0.0122042 -0.00976795 0.00871822 0.0100351 0.00904582 0.00527335 0.00419453 0.0109407 0.00314441 0.000335229 -0.000358297 0.0125473 -5.04611e-05 -0.00213367 0.0112782 0.0159301 0.00925687 0.00713175 -0.000100339 -0.0121433 -0.0138024 0.00821273 0.0253076 0.00727531 0.0115823 -0.00700072 0.0310846 0.0521314 0.0712161 0.00923596 0.020178 0.00480974
internal_weight=16201.6 14467.8 2363.32 1733.75 12104.5 2006.8 10097.7 677.629 1503.9 859.417 1167.87 5607.55 818.759 789.009 536.203 1329.17 605.445 723.722 100.817 53.1349 4490.17 1625.15 923.056 702.091 914.991 530.946 622.905 441.548 785.77 191.763 392.11 125.377 5071.34 3664.37 3394.11 1406.97 1349.44 2566.85 827.259 935.61 923.335 413.829 649.247 582.398 2546.33 765.926 1780.41 1441.76 345.445 382.096 366.07 114.776 43.2667 338.075 260.44 77.6347 70.0107 28.376 18.9419 435.753 122.931 312.821
internal_count=320618 234511 60141 86107 174370 44626 129744 14456 28832 31309 24505 56419 34328 33668 6056 30170 15845 14325 2167 674 73325 37895 24335 13560 51779 12976 12158 24220 14959 2936 11359 1726 50363 34244 32213 16119 15772 24685 7528 10803 10639 4969 6460 5943 24517 8073 16444 13047 2258 9546 9302 1844 619 5124 3938 1186 1086 499 324 8681 2454 6227
cat_boundaries=0 1 2 3
cat_threshold=4 144 196
is_linear=0
shrinkage=0.04


Tree=44
num_leaves=63
num_cat=0
split_feature=4 22 1 14 0 0 1 17 22 21 0 0 5 21 15 8 21 8 22 14 10 20 16 11 14 23 25 19 23 4 9 16 25 2 5 4 23 25 6 1 19 19 6 2 23 15 15 16 15 15 20 20 19 23 23 6 10 0 25 6 22 19
split_gain=530.777 127.225 88.124 63.6568 52.1521 49.0353 40.8322 38.8183 37.1659 70.6618 33.078 30.1751 23.2243 23.0472 22.4377 34.0577 22.0821 23.5962 21.7451 20.9862 26.3954 20.638 21.6256 20.4421 19.5707 18.6096 18.5282 18.503 34.2491 18.3562 18.1396 18.4091 17.4952 17.3586 17.3177 21.4671 18.5205 17.1929 18.72 17.2088 16.964 16.8094 37.456 26.5347 27.5627 17.1833 16.9919 16.4801 16.2595 15.9225 15.8465 15.4248 15.3029 14.6611 22.4994 15.4274 14.289 14.246 14.0729 16.5375 16.1588 21.5864
threshold=2.5449999570846562 0.069005299359560027 2.1950000524520878 85.505001068115249 2.7549999952316289 1.9650000333786013 2.2749999761581425 4.5000000000000009 0.066482517868280425 82.51377105712892 2.054999947547913 3.0149999856948857 31.500000000000004 73.944297790527358 3.5000000000000004 76.500000000000014 78.926559448242202 329.25000000000006 0.014692337252199652 79.979999542236342 3.5000000000000004 79.000000000000014 4.5000000000000009 0.50084745883941661 95.58499908447267 1.1990813612937929 677.12500000000011 23.000000000000004 1.0399132370948794 1.9550000429153445 3.5000000000000004 1.5000000000000002 82.375000000000014 1.0000000180025095e-35 5.5000000000000009 2.7250000238418584 1.1108112931251528 438.62500000000006 183.25000000000003 2.3349999189376835 17.500000000000004 64.000000000000014 27.500000000000004 -0.54500001668930043 1.019891679286957 3.5000000000000004 3.5000000000000004 1.5000000000000002 2.5000000000000004 1.0000000180025095e-35 175.00000000000003 79.000000000000014 7.5000000000000009 1.0326827168464663 1.0933781862258913 166.25000000000003 4.7500000000000009 2.3649998903274541 677.12500000000011 163.25000000000003 0.1857978627085686 167.50000000000003
decision_type=2 8 8 8 10 10 10 10 8 10 8 8 2 10 2 2 10 2 10 10 2 2 2 10 10 10 2 10 10 2 2 2 2 8 2 2 10 2 2 8 8 8 2 8 10 2 2 2 2 2 2 2 10 10 10 2 2 10 2 2 8 10
left_child=1 2 7 6 10 24 33 16 -5 11 21 14 19 53 -10 -16 17 32 -7 -12 -21 25 30 -18 -4 -3 37 28 -15 -6 31 41 50 -2 35 36 -35 39 -39 -14 -22 46 43 -43 -45 -44 -23 49 -20 -8 -1 -13 -32 -9 57 -56 -26 -55 59 60 61 -54
right_child=3 4 5 8 29 18 47 13 9 -11 12 51 26 27 15 -17 23 -19 48 20 40 22 -24 -25 56 -27 -28 -29 -30 -31 52 -33 -34 34 -36 -37 -38 38 -40 -41 -42 42 45 44 -46 -47 -48 -49 -50 -51 -52 -53 58 54 55 -57 -58 -59 -60 -61 -62 -63
leaf_value=0.0043454547717024436 0.068662967558637003 0.024487571729027574 0.0015523537767311499 -0.030161180322643113 -0.022515132768432693 -0.033957062762521688 0.058986963798532639 -0.021212123575216402 -0.017896261684450427 0.14630221930883758 0.0081077963412712357 0.052474286956546101 0.0034137967592323261 0.059879338050090027 0.022480646143574642 -0.016092554574394395 -0.013689799428373022 0.047130392516142962 -0.021437926687309913 -0.00085625284427827669 -0.012780799359145509 -0.0018942542892089254 -0.023001158032100965 0.046834563786064876 -0.017012493458046687 0.0068610995455939058 0.021500747513089495 -0.026134971689998676 -0.022023853593590471 -0.0029826908602676679 -0.0050232335580701953 -0.0024373755266043433 0.0085570065621643782 0.0083006653881445534 -0.00094342403087871397 0.0027065348466108747 0.1014536981011703 -0.019238124167291284 0.028323123361506775 -0.0080592945312245694 0.012608815675122809 -0.0086685192261533681 -0.0025443212584486258 -0.010684421444541735 0.041352985396213786 0.018766938754658315 0.053681703621297462 0.015374501293283041 -0.0098214058469932863 -0.017932435399664153 -0.010479369457582511 -0.031250507941410592 0.0058322032559386906 0.012122224055074611 -0.02671488785683632 0.017824538703548231 0.0031910673037721543 -0.014705847018458413 0.023786530404047431 -0.0012817904824408621 0.014155767437823406 0.015891081596249221
leaf_weight=358.82396795926616 5.5076887411996722 212.85273616015911 541.76261566299945 723.18075594399124 126.2078462773934 98.87290081102401 2.4125585248693815 50.957861322909594 358.25557442940772 2.2161473557353011 1542.7748036207631 1.7698256168514479 542.88942005205899 10.649340438656511 62.924309053458273 81.982570603489876 139.65310278953984 20.243369080126286 308.44199990294874 1436.5589323551394 44.860994963906705 290.41775847133249 36.196945127099752 7.541025945916771 201.12839469127357 179.64289771765471 48.909368043765426 136.2817379264161 21.047965058591217 197.35051833884791 124.21944109071046 546.22004180401564 1036.2333850827999 6.2859721565619093 123.70916559873149 20.351415248587728 7.4008393455296755 148.13061789982021 12.635327257215975 337.22998634213582 419.28192544355989 26.254517704248428 213.62762413267046 17.745237892493606 117.60951354540884 82.030018453486264 7.0742049515247336 25.221310870256275 540.03501661727205 348.33615329721943 167.52807627385482 228.8878094390966 1861.6696789860725 191.94023149926215 57.522177130915225 13.998720160685478 75.703294976614416 35.842122184112668 101.41567815840244 244.36368923727423 863.99303153343499 419.47526973392814
leaf_count=4944 111 1413 9788 39719 5516 3716 124 1763 14729 36 20200 49 8350 250 2071 3078 3146 177 12813 22791 796 4316 239 76 5617 935 559 3998 417 5650 1294 5914 12872 163 5208 521 90 1981 143 9880 5664 258 3405 517 1028 1240 61 713 17379 16497 5461 14434 16764 2833 767 178 1225 912 573 2415 9383 3973
internal_value=-5.56144e-05 0.00265821 -0.00337189 -0.0193477 0.00503195 -0.0100545 -0.00754521 0.00187781 -0.0236872 -0.017251 0.00555071 -0.0181522 0.00303244 -0.00770025 -0.0125488 0.000681019 0.00475718 0.00614067 -0.0162428 0.00464316 0.00182119 0.00768317 0.00697513 -0.00994914 -0.00286092 0.016516 -0.00204886 -0.0197916 0.00717651 -0.0107176 0.00720673 0.00314024 0.00554496 0.00905223 0.00608728 0.0304961 0.065694 -0.0032022 -0.0151488 -0.000981514 0.0100934 0.00718311 0.0119814 0.0273476 0.0344163 0.00342797 -0.000196315 -0.0147831 -0.0140942 -0.0170492 -0.000379677 -0.0301281 0.00866538 -0.00179929 0.00159815 -0.0176407 -0.0114756 0.00777469 0.00915736 0.00870352 0.0094822 0.00769771
internal_weight=16214.3 14215.8 4014.21 1998.44 10201.6 1765.94 539.225 2248.26 1459.22 736.036 9878.08 733.82 4533.27 518.24 503.162 144.907 1730.02 1582.83 947.35 3443.48 1900.7 5344.81 4952.31 147.194 818.594 392.496 1089.79 167.979 31.6973 323.558 4916.12 1300.98 1562.59 163.255 157.747 34.0382 13.6868 1040.89 160.766 880.119 464.143 754.759 457.267 161.609 135.355 295.658 297.492 375.97 848.477 350.749 526.352 230.658 3615.14 350.261 299.303 71.5209 276.832 227.782 3490.92 3389.5 3145.14 2281.14
internal_count=321133 223590 88332 97543 135258 50538 23427 37794 74116 34397 124092 34361 70364 11118 19878 5149 26676 23454 33908 49451 29251 53728 51380 3222 16630 2348 20913 4665 667 11166 51141 16739 23277 6093 5982 774 253 20354 2124 18230 6460 10825 6448 1803 1545 4645 4377 17334 30192 16621 10405 14483 34402 6453 4690 945 6842 3745 33108 32535 30120 20737
is_linear=0
shrinkage=0.04


Tree=45
num_leaves=63
num_cat=2
split_feature=4 22 0 22 21 0 0 4 32 9 4 22 10 17 22 24 21 19 19 8 17 21 0 0 15 20 20 15 24 25 19 7 22 17 22 25 15 32 20 14 24 25 22 22 20 24 15 25 21 25 5 24 25 24 24 22 4 25 15 17 15 2
split_gain=503.51 125.042 64.7722 63.7285 80.6326 54.7706 49.3165 43.4327 34.9272 32.7894 32.9032 31.5134 29.7186 29.4076 28.0399 26.8055 29.6498 26.8493 29.4811 26.0697 24.2419 23.5742 21.3404 21.0573 20.8086 19.7929 19.4474 19.3413 19.0133 18.5623 28.6911 25.7836 24.6937 47.9948 24.9395 24.4356 19.9392 18.4563 23.9422 29.3598 25.4559 37.8569 23.7395 17.7813 17.283 24.0524 21.4353 20.4827 21.7585 20.3777 19.1741 17.2684 19.3138 25.8395 24.3583 17.1363 17.0034 16.6145 25.9218 21.0473 20.1567 19.4688
threshold=2.5449999570846562 0.042542364448308952 1.8650000095367434 0.049019973725080497 84.929595947265639 2.2549999952316289 3.0049999952316289 1.075000047683716 0 11.500000000000002 1.9249999523162844 0.015367629006505014 6.2500000000000009 2.5000000000000004 0.092618513852357878 0.011484527960419657 68.252796173095717 17.500000000000004 111.00000000000001 240.25000000000003 3.5000000000000004 59.510065078735359 2.6350001096725468 2.9650000333786015 3.5000000000000004 177.50000000000003 79.000000000000014 1.5000000000000002 0.026837668381631378 235.75000000000003 145.50000000000003 98.500000000000014 0.12127390503883363 3.5000000000000004 0.15084849298000338 515.37500000000011 3.5000000000000004 1 218.00000000000003 85.505001068115249 0.12303834408521654 276.37500000000006 0.070718556642532363 0.054383184760808952 110.00000000000001 0.12625986337661746 3.5000000000000004 139.87500000000003 65.668624877929702 331.62500000000006 25.500000000000004 0.15579897165298465 115.62500000000001 0.17640001326799395 0.23409039527177813 0.39696128666400915 2.1049998998641972 547.62500000000011 3.5000000000000004 2.5000000000000004 2.5000000000000004 0.47499999403953558
decision_type=2 8 8 8 10 10 8 2 1 2 2 10 2 10 8 10 10 8 8 2 8 10 10 10 2 2 2 2 10 2 8 2 10 10 10 2 2 1 2 10 10 2 10 10 2 10 2 2 8 2 2 10 2 10 10 8 2 2 2 10 2 8
left_child=1 2 -1 -2 6 8 20 19 15 14 -11 -4 22 24 -10 16 27 21 43 23 37 -17 25 -7 -9 -13 -8 -3 -14 51 32 57 35 36 -35 -31 -34 38 39 -5 41 -40 -43 -19 45 -16 -46 48 50 -49 -48 -20 -53 -54 -55 -29 -15 58 59 60 61 -32
right_child=3 5 11 4 -6 7 26 13 9 10 -12 12 28 56 44 17 -18 18 29 -21 -22 -23 -24 -25 -26 -27 -28 55 -30 30 31 -33 33 34 -36 -37 -38 -39 40 -41 -42 42 -44 -45 46 -47 47 49 -50 -51 -52 52 53 54 -56 -57 -58 -59 -60 -61 -62 -63
leaf_value=0.0028011503455998756 -0.029319688293012333 0.045374440413344493 -0.025956583407315784 0.010953271735872142 0.15092694625205574 -0.0090388583077647463 0.035764480972487349 0.0038710176550765291 -0.0028805903628498141 0.018898359274451007 0.004804530179766035 0.0066773668286345678 -0.020868590491964087 0.0081561322705382515 0.029445539540829038 0.030468886161098423 -0.019692196380884593 0.032835275909393412 -0.001088483670739777 0.053760981152513286 -0.020060051953284433 -0.0028209541180111743 -0.033529152980871814 -0.030103433318903763 0.020958062171306916 -0.016310738742080104 -0.02762498769373304 0.00041724582944336263 0.00047880406533280887 -0.02269194284407897 0.071981510452984454 -0.013912582849597049 -0.017295141751476392 0.079919475492022274 0.022472163256709927 0.010800768156539688 0.016543738670805226 -0.012067969760618656 0.0056949763365980776 -0.015575342567163641 -0.011122518387390277 0.0077143205725860222 0.10591908973051162 0.013635049237261436 0.001230554166028042 0.0064303981123438004 0.044687581355104894 -0.0089290748194447728 0.0070921924404765881 0.013213912680338389 0.0087116612222659477 0.038144984247268747 0.03934841673291236 -0.02136145476381374 0.016856330601191679 0.062556969162304438 -0.0056013089886603742 0.0058913950096517141 0.04054324679884181 -0.00038841914381722737 0.012651477249694367 0.013887540810651029
leaf_weight=702.43331266846508 652.25851738080382 15.992345063015817 223.26891635218635 114.83852258371189 2.7351850345730773 352.43880192702636 6.1533540640957645 882.74128056876361 1369.3291629157029 387.24517215229571 844.53053110372275 71.27887353906408 76.278264608699828 168.85548751987517 90.455445006489754 35.268495727330446 104.71203912282363 81.551970785483718 569.09925023652613 7.3774964045733205 248.10136312991381 390.25142343342304 92.961426108144224 96.804808537010103 129.68100546626374 332.83290303498507 384.31109244236723 237.94384124968201 448.63350545661524 89.760077137500048 22.738641895353794 35.297964356839657 65.99218761920929 16.47722190991044 44.546028595417738 54.291821589693427 45.124806724488735 331.93149592960253 25.617686865385622 153.45130516262725 23.13885111734271 6.0337339881807592 13.048588458448647 1442.6108374800533 2427.9160868274048 355.63350357674062 68.219081629067659 123.7363445982337 117.4846267355606 138.87534607760608 38.45206440705806 37.168013440445065 26.857324788346887 54.685295330360532 48.33797088637948 5.3301106821745625 897.2078627999872 91.369622096419334 114.1547372341156 74.344830295071006 65.172277186065912 17.199228089302778
leaf_count=10866 35781 505 7282 3859 54 9682 151 14632 19917 3234 8826 1765 3605 2639 1106 239 4263 887 7562 98 12093 4523 4887 5118 2628 11675 24307 6658 10255 763 173 227 429 113 297 434 249 12584 1188 6490 613 210 270 12247 29666 2369 814 1140 2565 1020 597 555 263 408 348 118 23234 665 803 753 484 118
internal_value=-0.000106725 0.00251238 -0.00689742 -0.0190948 -0.0139583 0.00400598 -0.0145397 -0.00122838 0.00536802 0.00345578 0.00926528 -0.0123704 -0.00934958 0.00122539 0.00193795 0.0083735 -0.00191907 0.00947098 0.0108052 -0.0123717 -0.0094175 4.91352e-05 -0.0163424 -0.013709 0.00610459 -0.0122234 -0.0264285 0.00532429 -0.00267557 0.00674459 0.0112288 0.0180545 0.00207468 0.0122566 0.0401547 -0.010039 -0.00343285 -0.00540509 0.00118339 -0.00419344 0.0220734 0.0391689 0.0789243 0.0147093 0.00390416 0.0112257 0.00277393 0.0104191 0.019251 0.0027618 0.0321919 0.0022293 0.0134588 0.0058623 -0.00337418 0.00231034 -0.00340356 0.0210629 0.0256853 0.0158471 0.027198 0.0490095
internal_weight=16192.6 14230.9 1947.69 1961.62 1309.36 12283.3 1306.63 2535.11 9748.16 5961.88 1231.78 1245.25 1021.98 2078.49 4730.1 3786.28 363.978 3422.3 2996.78 456.621 916.162 425.52 497.073 449.244 1012.42 404.112 390.464 259.266 524.912 1472.62 736.469 420.277 316.192 172.14 61.0233 144.052 111.117 668.06 336.129 268.29 67.8389 44.7 19.0823 1524.16 3360.77 446.089 2914.68 486.767 224.156 262.612 106.671 736.148 167.049 129.881 103.023 243.274 1066.06 384.979 293.61 179.455 105.11 39.9379
internal_count=321304 223704 50335 97600 61819 173369 61765 58031 115338 71254 12060 39469 32187 43133 59194 44084 11544 32540 27778 14898 37307 4762 18327 14800 17260 13440 24458 7281 13860 14644 5508 3223 2285 1088 410 1197 678 25214 12630 10349 2281 1668 480 13134 39277 3475 35802 6136 3976 2160 1411 9136 1574 1019 756 6776 25873 2996 2331 1528 775 291
cat_boundaries=0 1 2
cat_threshold=8 8
is_linear=0
shrinkage=0.04


Tree=46
num_leaves=63
num_cat=2
split_feature=4 22 22 1 1 0 21 17 22 9 0 0 22 21 19 25 25 23 25 25 24 15 22 22 23 25 14 17 16 21 30 29 14 24 23 23 12 5 4 0 16 5 23 24 0 4 21 14 25 24 22 8 22 24 21 25 19 21 23 23 24 4
split_gain=449.702 107.532 65.0877 63.5639 51.573 37.3678 33.9734 36.4066 45.4342 32.1448 31.5215 28.6647 26.5897 38.491 27.9157 35.6687 36.2449 30.4545 26.1899 41.6113 47.7585 27.7547 36.0468 27.5818 26.1613 28.4088 25.4726 24.0341 23.85 22.4644 22.2986 26.4901 32.9218 21.0738 33.8893 20.9558 22.0373 20.2847 19.8485 19.8402 19.2858 25.601 19.7314 26.7738 19.2582 18.5543 18.5029 17.9441 17.6595 35.1352 25.7808 20.9682 40.3834 19.0132 17.7817 17.5362 23.5659 16.1873 21.0212 16.0834 19.0732 15.963
threshold=2.5449999570846562 0.037652041763067252 0.089763846248388304 2.5849999189376835 1.6250000000000002 2.7050000429153447 83.633903503417983 4.5000000000000009 0.11901463195681573 3.5000000000000004 2.0849999189376835 3.1049998998641972 0.18043268471956256 61.583427429199226 167.50000000000003 199.62500000000003 677.12500000000011 1.1428120136260989 510.25000000000006 232.12500000000003 0.16761939227581027 3.5000000000000004 0.058820031583309181 0.11184507980942728 1.1520796418190005 713.87500000000011 86.399997711181655 1.5000000000000002 2.5000000000000004 72.750854492187514 0 1 83.795001983642592 0.10449781268835069 1.21013480424881 1.0326827168464663 16.500000000000004 48.500000000000007 0.65500000119209301 1.0850000381469729 1.5000000000000002 31.500000000000004 1.013817369937897 0.022106132470071319 0.33500000834465032 2.1350001096725468 66.469604492187514 78.58499908447267 82.375000000000014 0.058036511763930328 0.048324164003133781 111.25000000000001 0.096611455082893385 0.056422362104058273 70.200405120849624 73.125000000000014 128.50000000000003 73.233318328857436 1.030423700809479 1.0601473450660708 0.052788728848099715 2.0649999380111699
decision_type=2 8 10 10 8 10 10 10 10 2 10 10 8 10 10 2 2 10 2 2 10 2 10 10 10 2 8 8 2 8 9 9 10 10 10 10 8 2 2 10 2 2 8 8 10 2 10 10 2 10 10 2 10 10 10 2 10 10 10 10 10 2
left_child=1 4 26 6 57 -5 7 9 29 30 -6 27 13 -11 15 48 39 -18 19 -16 21 23 -23 -21 25 -20 -2 -4 -14 45 31 32 -3 -10 37 -12 -37 -35 44 -17 41 42 -40 -44 -33 -9 -32 -29 55 53 -51 54 -53 59 -52 -15 -57 58 -1 60 -50 -45
right_child=2 3 11 5 10 -7 -8 8 33 12 35 -13 28 14 18 16 17 -19 24 20 -22 22 -24 -25 -26 -27 -28 47 -30 -31 46 38 -34 34 -36 36 -38 -39 40 -41 -42 -43 43 61 -46 -47 -48 -49 49 50 51 52 -54 -55 -56 56 -58 -59 -60 -61 -62 -63
leaf_value=-0.018750449863833167 -0.013767178485554943 0.0021088298388695186 0.009234351495126249 -0.0026877645294615389 -0.005414776671031094 -0.023400451611334108 0.064772219187064078 0.0010148173981137782 -0.0059680812747541691 -0.025946879059622899 -0.029331689250601329 -0.024856451854618884 0.014692645857588574 0.0051093611963202055 0.0059075647789520449 0.0065272776341810572 0.0049261393116811648 0.060471166899040946 -0.02059926772325768 0.014112993132520926 -0.0090142605366655831 0.089782082544486927 0.033922238203096235 0.059663012008856424 0.013867118031000134 0.025512331187240857 -0.027001940617614045 0.0079303856645573951 0.0030010630294098708 -0.022700044491163952 0.017223961155031765 0.0014746351690722015 -0.018387748021038069 0.05879265992966197 0.0022970715192218759 -0.01551199724755245 0.021323693029930448 0.012275120409779057 -0.011168226433077116 -0.0095363464846223937 -0.0011238198224264517 -0.0029303827768693172 0.058206126731616646 0.018361190154975532 -0.0094934860744309967 -0.013247140630647213 0.0035038320754496801 -0.013711205796876789 0.022013918518235594 -0.02183509047805449 -0.0015911109706965528 0.0007033216075494911 0.028407128264219095 0.075834673729157961 0.021034002841990553 0.001942623610024253 -0.035359748676170255 -0.0010834757952293114 0.02203162962675994 -0.011058381962951027 0.077644453583335188 0.007655603367570249
leaf_weight=22.34201848693192 322.60085727507249 277.52583882445469 154.797970848158 776.67601808998734 634.54952025553212 168.38132104417309 12.895860528573392 373.17131188558415 58.90011133858934 59.823893216438591 188.55750273866579 129.23424752615392 1077.7896689227782 1390.5418075015768 387.97595630353317 154.8423516266048 48.3440654091537 22.026062406599522 108.24406062625349 168.857601583004 56.615063443779945 22.120134681463242 113.26031146943569 23.004167623817921 118.95130709931254 24.582359943538904 936.93386810645461 74.84625732107088 380.62042718939483 131.53620231337845 285.49485450331122 1449.9274290306494 225.27358995564282 41.722809264436364 68.949623545631766 354.06589281372726 26.138476719148457 25.53254406992346 65.622243011370301 566.54036320187151 560.76038484089077 305.12630680808797 17.119342375546694 296.41043674666435 308.91535853873938 236.4667878523469 354.14513541385531 302.3534414563328 55.829147068783641 41.343734961003065 276.48975726682693 145.00337562337518 201.08492777589709 13.324763376265762 67.346550045534968 77.5840635728091 39.189256145618856 258.34927311167121 122.48783110547811 14.714918989688156 11.172234313562511 931.40996261825785
leaf_count=562 16806 4483 4359 15638 14304 8005 172 5132 1068 617 9083 7372 13535 17237 6588 891 335 129 933 1338 428 151 726 138 821 181 54663 2467 2502 4526 2690 19804 5701 321 534 12220 585 222 2472 4898 6014 7912 200 3195 7717 5593 4454 11725 510 421 1885 1434 1603 96 540 649 504 4756 1496 166 95 15475
internal_value=-0.000152362 0.00229765 -0.0183109 0.00353728 -0.00744254 -0.00642822 0.00434428 0.00426581 -0.00328845 0.0049253 -0.0115882 -0.0080963 0.00699677 0.00537593 0.00584178 0.00395561 -0.00336775 0.0236131 0.0115741 0.0152204 0.0245329 0.0303806 0.0442817 0.0201749 0.000332878 -0.0117541 -0.0236457 -0.00393205 0.0116551 -0.00781721 0.00260992 0.00158244 -0.00695723 0.0137798 0.0223402 -0.0184186 -0.0128603 0.0421129 0.00269339 -0.00606877 0.00525245 0.00746907 0.00989716 0.0110301 -0.000455809 -0.00452927 0.00952623 -0.00937667 0.00644446 0.011144 0.00810285 0.00996637 0.0168936 0.0338115 0.00291331 0.00385152 -0.0108934 0.00490688 0.0155162 0.0252156 0.0333877 0.0102722
internal_weight=16166.4 14245.7 1920.77 12639.2 1606.49 945.057 11694.1 11681.2 936.279 10745 1203.31 661.232 5667.22 4208.81 4148.99 3125.38 791.753 70.3701 1023.61 771.833 383.857 327.242 135.38 191.862 251.778 132.826 1259.53 531.998 1458.41 741.174 5077.73 4438.09 502.799 195.105 136.205 568.762 380.204 67.2554 3935.29 721.383 2176.45 1615.69 1310.56 1244.94 1758.84 609.638 639.64 377.2 2333.62 826.309 731.268 689.925 346.088 95.0411 343.836 1507.32 116.773 403.179 144.83 81.7163 67.0014 1227.82
internal_count=321077 223685 97392 180679 43006 23643 157036 156864 17396 139468 36192 25923 59351 43314 42697 31393 6253 464 11304 9369 2781 2353 877 1476 1935 1114 71469 18551 16037 15251 80117 72973 10184 2145 1077 21888 12805 543 62789 5789 35268 29254 21342 18870 27521 10725 7144 14192 25140 6750 5883 5462 3037 867 2425 18390 1153 6814 2058 771 605 18670
cat_boundaries=0 1 2
cat_threshold=8 12
is_linear=0
shrinkage=0.04


Tree=47
num_leaves=63
num_cat=4
split_feature=4 0 22 22 4 11 5 22 11 21 25 19 17 20 1 14 29 21 1 4 17 14 20 29 1 20 20 25 2 19 0 15 18 15 23 22 23 6 14 21 15 21 17 10 22 21 28 24 5 19 1 28 14 14 20 7 15 20 24 4 8 24
split_gain=456.052 120.197 90.7885 49.4005 43.8488 40.9123 38.8483 36.1068 28.6382 25.9124 25.8472 24.5027 24.9114 23.1982 22.7602 22.0707 21.9863 34.9142 24.9916 20.3288 20.001 19.7631 18.474 17.3256 15.8826 17.6039 18.0678 17.0292 15.8815 15.8806 15.5324 15.4927 15.3364 22.9088 18.2748 15.1362 25.9408 15.1222 14.8488 14.8338 14.4585 14.3776 16.4444 14.2451 26.3854 16.6816 16.1241 14.0571 13.9802 13.7439 13.5568 13.4378 13.3733 12.8891 16.7411 13.777 12.7016 12.7574 13.2521 15.2688 12.6997 22.8199
threshold=2.6250000000000004 2.0949999094009404 0.053768806159496314 0.10209254175424577 0.79500001668930065 0.10008787363767625 25.500000000000004 0.013452543411403896 0.37640480697155004 70.447662353515639 100.12500000000001 10.500000000000002 4.5000000000000009 175.00000000000003 2.685000061988831 84.755001068115249 0 63.870082855224616 2.3649998903274541 2.2949999570846562 4.5000000000000009 95.729999542236342 177.50000000000003 1 1.0000000180025095e-35 184.00000000000003 218.00000000000003 128.12500000000003 0.9350000023841859 52.500000000000007 3.1250000000000004 1.0000000180025095e-35 1.5000000000000002 3.5000000000000004 1.0357401967048647 0.10359223932027818 1.1789435744285586 224.50000000000003 68.604999542236342 78.926559448242202 2.5000000000000004 75.613723754882827 1.5000000000000002 6.2500000000000009 0.096088465303182616 74.03781890869142 2 0.14474020153284076 34.500000000000007 23.000000000000004 0.54500001668930065 3 65.434997558593764 66.485000610351577 181.50000000000003 47.500000000000007 1.0000000180025095e-35 79.000000000000014 0.23409039527177813 1.9149999618530276 33.500000000000007 0.3201736062765122
decision_type=2 10 8 10 2 10 2 8 10 10 2 10 10 2 8 8 9 8 8 2 8 10 2 9 8 2 2 2 10 10 8 2 8 2 10 10 10 2 10 10 2 10 10 2 10 10 9 10 2 8 8 9 10 10 2 2 2 2 10 2 2 10
left_child=1 7 5 13 14 22 23 -1 9 51 11 -11 47 30 -4 28 17 40 -19 -18 29 -12 -3 31 -10 -26 27 -27 -5 -7 -2 -6 33 -25 -34 36 -17 -22 -33 41 -8 -31 -43 44 -23 -45 -47 53 -21 -37 -36 -9 -44 55 -55 -13 -53 58 -58 -60 -59 -62
right_child=3 2 4 15 6 20 16 8 24 10 21 12 -14 -15 -16 35 19 18 -20 48 37 43 -24 32 25 26 -28 -29 -30 39 -32 38 34 -35 50 49 -38 -39 -40 -41 -42 42 52 45 -46 46 -48 -49 -50 -51 -52 56 -54 54 -56 -57 57 60 59 -61 61 -63
leaf_value=-0.016223722748040247 -0.0096069432155027404 -0.0070367549655611572 -0.0041952242735081987 0.00050202257912887612 0.032559649552660865 -0.011982259407578339 0.003637032345878137 -0.027126647151403959 0.021759374637166706 -0.017018347170695673 0.0074808190573228571 -0.016500880228368292 -0.024861333531670308 -0.028764264945635838 -0.021696931770369767 -0.017384942142489476 -0.0012778333602319909 0.0063922856799819381 -0.010772154350458467 -0.0023173982158419051 -0.019734672574839487 -0.014143093974548104 -0.022170104488514714 -0.00027793440802227571 0.0063381836911484725 0.010185382292514009 0.0069303410812482993 0.04023941787996764 0.047720323088668533 0.0044402335355745986 -0.028951270940337673 0.0098238465651144177 -0.0071950629236741297 0.018919836117508013 0.038826799583504552 0.0049107286558182535 0.089515658343076621 0.046940549402256893 -0.014883521117267113 -0.022428318893516878 0.038896959661407424 -0.019918188309287835 -0.0039482557970996939 -0.005204699554097897 0.041830125789734766 -0.0052984677970456693 0.036087208287756523 -0.030797103033438349 -0.018623043926731406 -0.02014459158032782 0.012911315055159165 0.033950295756693796 0.049898494899283732 0.0086696789175975744 -0.011057765550732544 0.015657751026879854 0.015626872917458273 0.001966246474313304 -0.0041979017117278897 0.031887713953566543 0.0067038734570008373 -0.0098969028131076029
leaf_weight=127.48539724014699 219.05902369553223 174.56577882356942 333.30458214133978 108.66786243440583 14.563344487920402 100.6946398797445 29.197292116936296 18.209862727671862 167.05665930733085 204.14679999742657 830.962932579685 92.758635988458991 62.752889712806791 799.50123852677643 185.25671286461875 7.6296179317869228 527.92888275207952 344.10593521408737 221.23558002989739 126.49029335239902 123.25997378304601 197.44190307473764 542.75977589795366 489.36712674656883 1059.7778866542503 52.90614103898406 124.62767405342311 77.174107393249869 10.787648090161381 187.57019901229069 97.029337495565414 52.753948531579226 67.869586794637144 122.5560441580601 33.178986737504601 39.478824527468532 4.0289079491049051 3.7638400625437489 132.49599049380049 23.507932479958981 54.4912049327977 7.8595073195174328 8.7140304679051024 92.422992277890444 12.469387941062449 22.461488484404981 39.430861706845462 19.177808679640293 260.49872355442494 243.383034797851 605.29705989500508 23.222494472749531 32.180461650714278 397.88849107176065 81.029188327956945 25.539763611741364 357.39307509548962 1709.8687163768336 123.30290235579014 20.047519985586405 3733.1413620742969 135.27074174024165
leaf_count=2875 10015 5422 6605 3902 367 2444 528 451 1186 4567 10291 1275 2234 51075 8205 369 8888 5799 8268 3165 3466 4314 24786 7666 8603 803 1378 433 220 3611 5799 768 2598 2189 290 1436 85 73 2550 684 592 165 176 873 105 367 435 176 8543 10951 8187 465 759 5499 3056 301 2447 24389 667 105 42203 903
internal_value=3.75317e-05 0.00221414 -0.00296667 -0.0207283 0.000213475 -0.0124613 0.00202807 0.00475341 0.00503379 0.00410545 0.000242208 -0.00493615 -0.00125327 -0.0251088 -0.0105224 -0.00884039 -0.0023915 0.00321692 -0.000324884 -0.00634301 -0.00347955 0.00407776 -0.0185282 0.00658359 0.0101534 0.00864155 0.0180701 0.0284158 0.00554762 0.00132953 -0.0157149 -0.00428955 0.00821201 0.00360308 0.012288 -0.0147011 0.0266699 -0.017 -0.00777506 0.00657102 0.0270608 0.00965326 0.0285863 -0.00366275 -0.0104169 0.00548937 0.0212469 0.00120988 -0.0133533 -0.0166096 0.0143876 0.00541558 0.0385889 0.0023504 0.00528321 -0.00934668 0.00552285 0.00540181 0.0115232 0.00116295 0.00484695 0.0061165
internal_weight=16143 14613.4 4805.47 1529.57 3600.59 1204.88 3082.03 9807.97 9680.48 8198.94 2078.48 883.294 679.147 1115.59 518.561 413.976 1563.95 649.03 565.342 914.918 487.551 1195.19 717.326 1518.08 1481.54 1314.49 254.708 130.08 119.456 360.527 316.088 199.813 1318.27 611.923 706.346 294.52 11.6585 127.024 185.25 259.832 83.6885 236.324 48.754 364.227 209.911 154.315 61.8924 616.394 386.989 282.862 638.476 6120.46 40.8945 597.216 478.918 118.298 6102.25 6079.02 500.743 143.35 5578.28 3868.41
internal_count=321047 237195 116794 83852 75208 41586 60398 120401 117526 105123 33493 17108 12541 66889 14810 16963 35783 15187 14067 20596 11378 16385 30208 24615 12403 11217 2614 1236 4122 7839 15814 3685 20930 9855 11075 12841 454 3539 3318 5395 1120 4711 1100 6094 4419 1675 802 10307 11708 12387 8477 71630 935 10131 8555 1576 71179 70714 3219 772 67495 43106
cat_boundaries=0 1 2 3 4
cat_threshold=148 12 4 8
is_linear=0
shrinkage=0.04


Tree=48
num_leaves=63
num_cat=5
split_feature=0 4 22 1 21 5 15 1 19 22 16 32 9 17 29 19 23 21 21 22 15 23 23 21 2 29 32 14 5 14 16 21 9 22 0 28 23 5 10 22 0 22 22 23 0 4 22 15 21 22 23 2 17 4 7 2 19 21 26 23 15 21
split_gain=420.332 115.613 76.0451 74.4875 44.8318 39.0053 34.4504 29.5698 29.3069 24.6588 24.2734 21.6698 27.6751 28.7004 27.3352 31.4025 25.8125 21.6333 21.1301 19.8217 22.1836 19.7789 24.9358 22.9862 20.3014 19.527 23.0162 20.9992 19.2589 18.9877 24.1557 17.7176 18.8591 17.2565 20.9924 17.143 37.4796 19.0266 22.0245 16.7788 16.7518 16.4523 16.0073 15.8063 15.2339 14.7992 14.7075 14.7502 14.5013 62.7816 14.6945 14.2153 14.0409 13.8708 15.2317 18.3451 13.6979 13.2412 15.9788 13.0399 13.2194 12.9072
threshold=2.7549999952316289 2.245000004768372 0.035123189911246307 2.6450001001358037 75.92813873291017 32.500000000000007 3.5000000000000004 2.6350001096725468 55.000000000000007 0.027693261392414573 1.5000000000000002 0 12.500000000000002 3.5000000000000004 1 128.50000000000003 1.0153971314430239 71.316844940185561 84.929595947265639 0.092618513852357878 3.5000000000000004 1.0668813586235049 1.0859734416007998 69.779163360595717 -0.51499998569488514 2 3 88.659999847412124 9.5000000000000018 78.434997558593764 1.5000000000000002 60.947811126708991 15.500000000000002 0.11901463195681573 2.1250000000000004 4 1.0368346571922304 31.500000000000004 5.5000000000000009 0.18043268471956256 2.3750000000000004 0.11184507980942728 0.28212143480777746 1.0474960803985598 2.3750000000000004 1.9249999523162844 0.017273891717195514 2.5000000000000004 72.750854492187514 0.033055298030376441 1.1662948131561282 0.44499999284744268 3.5000000000000004 1.4550000429153445 19.500000000000004 -0.36500000953674311 7.5000000000000009 59.510065078735359 1.5000000000000002 1.1533122658729555 1.5000000000000002 70.888572692871108
decision_type=10 2 8 10 10 2 2 10 10 8 2 1 2 8 9 10 10 10 10 8 2 8 8 10 10 9 1 10 2 10 2 8 2 10 8 9 10 2 2 10 10 10 10 10 10 2 10 2 10 10 10 10 10 2 2 10 10 8 2 10 2 10
left_child=1 4 46 9 7 6 25 11 41 -2 35 14 19 -14 42 16 -16 -18 31 -13 29 23 -23 -8 -25 26 43 -27 -28 30 -21 -11 -33 34 -17 36 -6 38 -37 -5 -10 -7 -1 -4 -9 -15 -3 -48 49 -19 -51 -30 -45 57 -55 -56 -39 -22 -59 60 -31 -61
right_child=3 2 5 39 10 8 21 44 40 18 -12 12 13 45 15 33 17 48 -20 20 53 22 -24 24 -26 27 28 -29 51 59 -32 32 -34 -35 -36 37 -38 56 -40 -41 -42 -43 -44 52 -46 -47 47 -49 -50 50 -52 -53 -54 54 55 -57 -58 58 -60 61 -62 -63
leaf_value=-0.0061787671303685666 -0.027746791911907924 -0.028984888211063535 -0.0086146845256145441 -0.029544810463721545 0.068996188308245332 -0.0037591174453876332 0 -0.0018307843250105974 -0.0062160068669877581 0.019737122680891426 0.011938488974966724 -0.0014825657151258712 0.014114178841693456 0.014639154188399764 -0.0056224082154639745 0.0044565423512503482 0.011584800097808825 0.11420317620638311 0.076819166172198472 0.0093958776373674838 0.032240772254711551 -0.026913734627432372 0.013867552483476238 0.011465845264962238 0.076509401782218017 -0.00045892517715580153 0.011112576928660458 -0.016377570800462551 -0.011882791319467678 0.023951445513251936 -0.0019376440919810832 -0.011341146933554961 0.02243696364738226 0.0097557250402739576 -0.009138749784267694 -0.013984625310449646 -0.024841273862153235 0.018447920574946375 0.0050162150689048411 -0.0025113492394853417 -0.017469861007971332 0.017792023387264523 0.02344951341003727 0.011292528482906756 -0.020884022608569881 -0.00047950213689881344 -0.023260456596884506 -0.0062126304498463314 0.014458594837480665 0.027931791809500683 -0.021020604923521379 0.0089446889246294313 0.053078417957076705 0.036589583881502394 0.026533418009188358 0.0024294441190959772 -0.024845558741908552 -0.0093074075783206329 0.01328449728405282 0.0015444612825270751 -0.0061272367026417264 0.024796446283971044
leaf_weight=311.45441970229149 116.93325432855636 159.52204225352034 62.049836490768939 753.86603982979432 11.641229906585069 141.68038867460564 18.860662963241339 283.03590333648026 489.36949001578614 31.874675042927265 101.77921965904534 1564.8705352745019 725.13579725846648 127.01552789937705 118.45813424186781 844.90260410867631 1388.0020708525553 12.123080797493456 2.6773104108870021 985.72692816983908 22.340569796040654 25.143482098355889 205.41751540638506 12.986439274623988 21.824849286582321 348.63412296073511 110.52381845097989 213.16022670967504 275.37054670322686 22.294246264733374 430.31370483431965 626.22808491252363 25.6453768434003 661.58406618610024 229.19032578030601 218.65533339371905 11.892665311694143 10.998749544378368 172.79219689127058 39.704116945620626 380.27653480879962 91.416275804396719 30.126954533159733 349.74077552789822 86.69796998379752 520.63733475096524 149.18769265618175 183.53325041057542 127.89246299769729 103.17505945079029 9.1874086596071702 62.652282985858619 11.688058919273315 55.074562266469002 87.383021394722164 119.12195073068142 155.62297603860497 108.31266981177032 89.66810776758939 841.37156704440713 595.48135199537501 38.121527433395386
leaf_count=4546 5673 6319 2237 48404 192 4348 823 4157 11533 705 1076 23816 7058 1126 3173 10335 11346 110 72 10859 248 794 3433 345 633 8107 1560 5799 6310 556 3225 28915 503 7593 4690 6647 332 269 3431 2171 14672 1433 172 5630 2845 6479 7176 6645 1515 1139 75 889 237 657 1227 1189 4567 1560 1502 7494 10560 321
internal_value=-5.46757e-05 0.00208591 -0.00447673 -0.0195214 0.00402454 -0.0019362 0.00182857 0.00466896 -0.00780156 -0.010878 -0.0058863 0.00507369 0.00363217 0.0086566 0.00744821 0.00849001 0.0122823 0.0135854 -0.00792047 0.00223703 0.00395363 0.0144999 0.0091926 0.0360056 0.0544033 -0.000694457 0.00304019 -0.00643561 -0.003221 0.0026307 0.00594827 -0.00848702 -0.00993548 0.00468166 0.00153655 -0.00904953 0.0230314 -0.0104941 -0.00559411 -0.028212 -0.011175 0.00473828 -0.00332427 0.00974623 -0.00640837 0.00250914 -0.0189523 -0.0139739 0.0243792 0.0341182 0.0235616 -0.007969 0.0129505 0.0118909 0.0180979 0.0128241 -0.0217554 0.00438914 0.000915287 -0.000505314 -0.00495506 0.00261536
internal_weight=16132 14535.1 3313.04 1596.93 11222.1 2820.8 1718.05 10538.7 1102.74 803.359 683.382 10169 6332.87 1372.79 3836.1 3494.52 1758.84 1640.38 686.425 4960.08 3395.21 284.233 230.561 53.672 34.8113 1433.82 872.025 561.794 448.547 2913.31 1416.04 683.748 651.873 1735.68 1074.09 581.603 23.5339 558.069 391.448 793.57 869.646 233.097 341.581 423.479 369.734 647.653 492.243 332.721 252.378 124.486 112.362 338.023 361.429 481.901 261.58 206.505 166.622 220.321 197.981 1497.27 617.776 879.493
internal_count=321453 235010 88923 86443 146087 68783 36797 129573 31986 35868 16514 122571 77877 14663 44694 39976 17358 14185 30195 63214 39398 6028 4227 1801 978 30769 16863 13906 8759 33015 14084 30123 29418 22618 15025 15438 524 14914 10078 50575 26205 5781 4718 8104 7002 7605 20140 13821 2839 1324 1214 7199 5867 6383 3073 2416 4836 3310 3062 18931 11116 7815
cat_boundaries=0 1 2 3 4 5
cat_threshold=8 12 16 8 8
is_linear=0
shrinkage=0.04


Tree=49
num_leaves=63
num_cat=4
split_feature=4 0 22 4 22 21 5 25 22 15 11 32 24 4 0 4 21 19 29 18 22 25 23 19 32 23 10 14 24 14 15 14 0 21 21 5 21 22 22 15 11 18 12 5 23 22 25 23 23 24 0 24 17 22 14 0 2 28 19 22 23 16
split_gain=385.662 115.358 82.675 47.1169 41.3499 39.1509 34.8338 34.22 38.2695 29.6551 27.7688 24.9444 24.5447 22.5657 22.1779 21.9759 20.5727 20.49 19.5745 23.6578 19.1456 21.5163 25.6861 21.1628 19.0398 18.0917 17.9342 17.2969 16.6337 16.4675 23.3823 15.8035 15.7796 15.4274 18.1175 15.2803 18.6858 30.264 15.2289 15.1442 15.1391 14.6155 15.3299 14.5422 14.1417 13.3274 17.9637 26.4139 17.3983 23.3738 23.239 22.3146 25.8178 24.8325 18.3406 18.328 17.1962 15.6562 13.2721 16.2152 20.2477 12.9239
threshold=2.6350001096725468 2.0949999094009404 0.035123189911246307 0.79500001668930065 0.10209254175424577 69.260829925537124 28.500000000000004 94.875000000000014 0.017273891717195514 3.5000000000000004 0.058887748047709472 0 0.057562462985515601 3.0649999380111699 2.9650000333786015 2.3950001001358037 75.847866058349624 167.50000000000003 1 1.5000000000000002 0.096611455082893385 158.62500000000003 1.0722166895866396 163.50000000000003 2 1.0230884552001955 6.2500000000000009 78.58499908447267 0.022670523263514045 85.31000137329103 3.5000000000000004 84.755001068115249 1.0000000180025095e-35 75.92813873291017 71.707183837890639 27.500000000000004 84.929595947265639 0.03614510782063008 0.14480212330818179 1.0000000180025095e-35 0.82555782794952404 1.5000000000000002 16.500000000000004 42.500000000000007 1.0956143736839297 0.09360570460557939 353.87500000000006 1.1367053985595705 1.074293911457062 0.057562462985515601 0.58499997854232799 0.059608468785882003 3.5000000000000004 0.021314746700227264 70.759998321533217 1.7849999666213991 0.90500000119209301 3 23.000000000000004 0.10359223932027818 1.1789435744285586 1.5000000000000002
decision_type=2 10 8 2 10 10 2 2 10 2 10 1 10 2 10 2 10 10 9 8 10 2 10 10 1 10 2 8 10 10 2 10 10 10 10 2 10 10 10 2 10 10 10 2 10 10 2 10 10 10 8 10 10 10 10 10 8 9 8 10 10 2
left_child=1 5 10 14 13 24 9 11 17 18 -3 25 -12 35 31 41 20 26 38 39 21 23 -23 -11 40 -7 -9 -6 -27 32 -31 -4 -26 34 -14 -2 -37 -38 -5 -20 -1 42 -8 -17 -36 48 56 -48 49 50 -10 52 -51 -53 55 -52 -47 -56 -29 60 -60 -34
right_child=4 2 3 6 27 7 15 8 45 16 12 -13 33 -15 -16 43 -18 -19 19 -21 -22 22 -24 -25 29 28 -28 58 -30 30 -32 -33 61 -35 44 36 37 -39 -40 -41 -42 -43 -44 -45 -46 46 47 -49 -50 51 54 53 -54 -55 57 -57 -58 -59 59 -61 -62 -63
leaf_value=0.0083134932134259331 -0.013899731535635467 -0.025209957040291442 -0.0012284396772781598 -0.020935705098069603 0.00823702956438516 -0.019805020554111426 0.00070711890460987113 -0.01824729210182403 0.029559047823077542 0.034593483862809117 -0.013668459865221867 -0.0086866327328259958 -0.0049775750242334786 -0.033560037562049075 -0.028517637757545036 -0.0035719391576173086 0.084059255036394304 -0.021892440831842688 0.033858291716043008 0.0079088856228001353 0.025016173247031419 0.076291217079675983 0.0058382715147278583 -0.015927962575596592 0.010271380001111391 0.051325596682329409 0.018082342615968364 0.0065396682715576446 0.0032822627145735412 -0.0021769616111810552 0.0087204232024370686 -0.015380568665923983 0.0070057043676902808 -0.014426677535843138 0.060336196434521192 -0.027221193025381993 -0.02331153482132562 0.094726618455605538 0.021573036751935018 -0.0029826897004829028 0.030531284297011158 -0.0049059484565761773 0.017893236106218093 -0.017909847887749731 -0.0058442231445445456 -0.010594046636369113 -0.014575788436691198 0.040871029529314866 0.00079723373845251664 0.076586747333619448 0.049676151504438715 0.067158085884515217 0.00038717594071341224 0.0036897097618882597 -0.010505002734317008 -0.010789566584785502 0.016079374266526118 0.0059541655625467782 -0.015428614231523812 -0.018377677975097172 0.08154339634540636 -0.00021651686606523419
leaf_weight=2423.5772901382297 339.72962726652622 308.23097298527136 265.80137386545539 91.029688690323383 74.611744944006205 52.518239138647914 435.32937296200544 34.731036622077227 57.728572877123952 13.991654515732078 287.76428365474567 802.47470892686397 17.403694041538984 300.65352043695748 100.71643556375057 217.55167007027194 5.1653547557070842 126.25284250220284 16.307951816357672 835.54382230481133 133.56611054111272 10.185503933578728 27.929243911057711 75.70403642160818 978.28954027127475 9.8364603323861939 51.133484764955938 46.110721439123154 526.00046444917098 1074.0887856511399 443.20944573450834 241.45925573445857 891.34754631668329 20.202182333916426 20.710700225550685 383.79274490638636 7.6715643298812193 3.5172089040279388 13.923629442229865 688.25245940219611 48.70479453727603 644.89785587508231 101.00374941527843 240.61602453235537 5.9825347885489455 56.712625594809651 15.899785995483397 65.831288252025843 805.70477809291333 21.803887584246695 22.717462116852403 9.7844844143837673 10.478579351678489 64.355590614490211 134.99204332893714 10.674858255311845 111.12515535019338 282.19653617637232 6.519403650891034 259.40951417386532 4.0865446347743273 708.72953522391617
leaf_count=25411 18951 15103 5336 2335 2441 2474 9337 1082 594 445 9326 14273 349 21228 5718 7336 135 2675 425 13705 1898 136 370 2350 10298 249 1009 1692 7243 14530 5315 7620 10437 495 390 24675 408 93 117 11762 327 12743 1398 9743 115 414 115 430 8522 212 241 92 137 700 2605 147 914 4380 331 12048 83 5598
internal_value=-0.000192614 0.0017396 -0.00332895 -0.001236 -0.0200358 0.00422275 0.000525694 0.000645377 0.00416159 0.00419449 -0.0164561 -0.00410629 -0.00867046 -0.0242225 -0.0115066 -0.00374728 0.0165247 -0.0117563 0.00217417 0.00334069 0.0145315 0.00329651 0.02773 -0.00737723 0.00600347 0.00213569 0.00321559 -0.00885462 0.00436666 0.0043228 0.00100824 -0.0080146 0.00626793 0.0133145 0.0262716 -0.0203099 -0.0257054 0.0219253 -0.0136475 -0.00202521 0.00877875 -0.000849651 0.00401297 -0.0111643 0.0458514 0.00619984 0.0147093 0.0298985 0.00468053 0.00973816 0.00609372 0.0266379 0.053552 0.0137149 0.00295232 0.030603 0.00700067 0.000584585 -0.0129401 -0.0163198 0.02831 0.00380546
internal_weight=16086.3 14660.2 4819.27 4158.98 1426.1 9840.9 3551 3272.95 1882.12 1911.6 660.294 1390.83 352.063 1035.36 607.977 1639.4 266.542 212.117 1645.06 1540.1 261.377 127.81 38.1147 89.6957 6567.95 588.355 85.8645 390.738 535.837 4095.66 1517.3 507.261 2578.37 64.2991 44.0969 734.711 394.982 11.1888 104.953 704.56 2472.28 1181.23 536.333 458.168 26.6932 1670.01 249.569 81.7311 1420.44 614.732 508.309 106.423 32.2825 74.1401 450.581 33.3923 167.838 417.189 316.126 270.015 10.6059 1600.08
internal_count=321061 239111 118687 92909 81950 120424 74235 48508 24269 33678 25778 24239 10675 65355 18674 40557 5334 4766 28344 25892 5199 3301 506 2795 71916 9966 2091 16595 7492 46178 19845 12956 26333 1349 854 44127 25176 501 2452 12187 25738 23478 10735 17079 505 19503 1873 545 17630 9108 7967 1141 349 792 7373 388 1328 6985 14154 12462 414 16035
cat_boundaries=0 1 2 3 4
cat_threshold=8 8 8 4
is_linear=0
shrinkage=0.04


Tree=50
num_leaves=63
num_cat=5
split_feature=0 22 1 4 4 23 6 22 20 0 19 14 22 24 24 1 6 19 23 23 29 22 9 25 29 19 1 14 23 14 22 22 19 25 32 6 14 25 19 25 22 25 23 1 25 32 19 19 24 25 25 24 23 32 25 23 25 1 1 17 25 25
split_gain=392.757 100.555 68.6618 51.7593 46.1422 29.988 29.4792 28.4151 27.7405 25.9338 23.4169 30.0616 25.6103 24.1392 34.002 22.7353 22.709 31.1205 29.6391 34.0509 23.3458 19.8879 22.0363 20.6184 19.4018 24.946 19.246 19.0314 18.3428 22.9298 20.212 17.2343 21.1708 23.4478 23.4012 27.213 21.2675 21.049 38.3603 43.2326 46.3645 19.6321 28.2327 27.4805 26.2025 24.231 21.794 18.4574 17.9092 17.8659 17.4313 16.6884 20.2834 16.4021 16.1234 16.306 27.0118 15.4503 15.2787 15.04 18.076 14.7646
threshold=2.7549999952316289 0.042542364448308952 2.8149999380111699 2.2250000238418584 2.3249999284744267 1.0293902754783633 203.25000000000003 0.031494658440351493 177.50000000000003 0.58499997854232799 10.500000000000002 82.520000457763686 0.043845927342772491 0.059608468785882003 0.047235339879989631 1.0850000381469729 109.25000000000001 190.50000000000003 1.1806011199951174 1.1789435744285586 0 0.18932993710041049 15.500000000000002 89.500000000000014 1 167.50000000000003 2.0049999952316289 86.399997711181655 1.0884419083595278 94.505001068115249 0.012240967713296415 0.19607897847890857 167.50000000000003 197.62500000000003 2 85.500000000000014 91.720001220703139 194.12500000000003 55.000000000000007 650.37500000000011 0.081615630537271514 431.12500000000006 1.2481924295425417 2.5249999761581425 279.37500000000006 3 190.50000000000003 52.500000000000007 0.17924162000417712 94.875000000000014 618.00000000000011 0.15059998631477359 1.1990813612937929 4 661.25000000000011 1.0689035058021548 105.12500000000001 1.794999957084656 2.4650000333786015 3.5000000000000004 350.12500000000006 677.12500000000011
decision_type=10 8 10 2 2 10 2 8 2 8 10 10 8 10 10 8 2 10 8 10 9 10 2 2 9 10 8 8 10 10 10 8 10 2 1 2 10 2 10 2 10 2 10 8 2 1 10 10 10 2 2 10 10 1 2 10 2 8 8 10 2 2
left_child=1 3 7 5 10 -1 9 57 -5 -7 11 -3 13 14 -12 -14 17 20 19 54 27 22 58 -24 61 -26 -10 -6 29 30 -11 32 34 -34 35 36 -17 49 59 -40 -41 42 43 44 -35 -43 -47 -37 -45 -36 -33 -13 -53 -46 55 56 -19 -2 -9 60 -39 -18
right_child=2 4 -4 8 16 6 -8 21 26 28 12 51 15 -15 -16 31 24 18 -20 -21 -22 -23 23 -25 25 -27 -28 -29 -30 -31 -32 50 33 41 37 47 -38 38 39 40 -42 45 -44 48 53 46 -48 -49 -50 -51 -52 52 -54 -55 -56 -57 -58 -59 -60 -61 -62 -63
leaf_value=-0.01402061442578586 0.01002029084883594 0.0032111541348833006 -0.029674946637191373 1.9234153680529564e-06 0.0073674168628781265 0.022711484737594084 0.053257158882175609 -0.0057542261769795546 -0.0040377941458840704 -0.027840160957580459 0.0085492814728434958 -0.014073645839793331 0.0095823306144372077 0.0029148268458568179 0.096059583518057684 0.0033559181608261673 -0.018787099017736033 -0.012957019070362287 -0.01201414957307387 0.10532004336381968 -0.0095528447744231033 0.011524725500446626 -0.013855485313515247 0.052021222350975997 0.0093554340612141476 -0.017435566796196497 -0.023843440178988692 -0.0047943103775675341 -0.017614138343647067 -0.0095310756843585368 0.0063697312756891009 0.007705893652570457 0.0010245505919864429 0.0052140493344369002 0.0043393998974340349 0.0093842418444610807 -0.0076668672568715925 0.017984198726841816 -0.01010085644389567 -0.010225561594999509 0.069286895197070819 -0.010258054082511148 -0.022910217250656683 0.0021391385806497462 0.0080681159296758821 -0.0029424867666248541 0.021648520750838021 -0.012187183406936603 0.042136285028545988 0.013791136427059271 -0.028596938823800142 0.046842674985166692 -0.0061588949755348446 0.036488212009321667 0.069217907164254452 0.0049160964962771097 0.065390172080455417 -0.031068177393066086 -0.017951761105033392 0.039752345997147054 -0.024905050133902842 0.019670809856716206
leaf_weight=257.27738308813423 14.937328437343238 832.70439378172159 609.04452741495334 140.50100985355675 466.07072967384011 74.513749621808529 15.105461953207849 304.0007002656348 99.444856904447079 27.00835694745183 13.850030744913967 309.34815505286679 1372.9759299857542 25.453957865480334 14.133485473692415 1387.4967302074656 275.7637106240727 9.4758066665381211 40.529706660658121 6.4364894777536383 408.38683960819617 66.668148224707693 12.316430361475797 14.899232257157562 148.57778344210237 86.143044891301543 408.67038450110704 365.00187985086814 98.967313329223543 256.78552325954661 569.23194312630221 1909.8834449229762 618.02073057834059 80.941068425774574 1276.9383101798594 71.725936074741185 348.55936306295916 70.963353054597974 474.63357027620077 21.917214140295982 21.854732116684318 125.13460135646164 26.656741065904498 181.38682035868987 41.221126928925514 97.485750986263156 135.89134090766311 456.47189484676346 17.983333148062229 428.70135695580393 19.391585292294621 14.70014997012913 35.653323343023658 199.67973071429878 8.2024766840040666 73.754934628028423 19.089428062085062 151.81830643978901 369.23948754370213 34.703537963330746 18.053511386737227 15.164058370515702
leaf_count=8029 471 10891 41720 3684 9769 726 246 8892 3040 666 313 6903 10802 317 135 14260 9224 592 793 66 11363 1743 372 174 3689 3830 19487 9459 1456 6222 10210 24917 13312 740 18891 789 4741 585 4333 208 155 1233 262 2179 325 981 1026 5416 158 3807 145 88 327 1660 121 1555 319 8578 24501 257 154 299
internal_value=-4.93527e-05 0.00198538 -0.0192261 -0.0064681 0.00329269 -0.00184524 0.0011755 -0.0123544 -0.0156792 0.00029925 0.00431939 -0.000957013 0.00498312 0.0321318 0.0564738 0.00482179 -0.00240739 0.000257047 0.0168948 0.0270134 -0.00187436 -0.00904023 -0.0110362 0.0230273 -0.00947761 -0.000486799 -0.0200139 0.00199384 -0.00149053 0.000407581 0.00471883 0.00400827 0.00296761 0.00705279 0.00161314 -0.00128506 0.00113192 0.00441037 -0.00174865 -0.00654519 0.030592 0.0111431 0.0158981 0.0179782 0.0251855 0.00380641 0.0114047 -0.00921848 0.0061693 0.00673309 0.00730763 -0.0105928 0.0103599 0.0317646 0.0205911 0.0153639 0.0399915 -0.0272651 -0.0124892 0.0180703 0.00884181 -0.0160855
internal_weight=16097.5 14554.6 1542.92 1947.51 12607.1 1298.89 1041.61 933.88 648.616 1026.51 10684.5 1192.41 9492.11 53.4375 27.9835 9438.67 1922.6 1396.95 157.489 116.959 1239.46 767.124 700.456 27.2157 525.649 234.721 508.115 831.073 951.993 853.026 596.24 8065.7 6136.42 1524.4 4612.02 2264.25 1736.06 2347.77 642.126 518.406 43.7719 906.381 547.869 521.212 321.842 358.512 233.377 528.198 199.37 1705.64 1929.28 359.702 50.3535 240.901 110.523 102.32 28.5652 166.756 673.24 123.72 89.0169 290.928
internal_count=321606 235155 86451 53766 181389 27555 19526 44731 26211 19280 130310 18209 112101 765 448 111336 51079 34037 3446 2653 30591 35682 33939 546 17042 7519 22527 19228 18554 17098 10876 100534 75472 21876 53596 25206 19001 28390 5692 4696 363 8564 5324 5062 2725 3240 2007 6205 2337 22698 25062 7318 415 1985 2587 2466 911 9049 33393 996 739 9523
cat_boundaries=0 1 2 3 4 5
cat_threshold=148 96 4 4 16
is_linear=0
shrinkage=0.04


Tree=51
num_leaves=63
num_cat=1
split_feature=4 0 22 22 21 21 22 11 5 7 4 0 25 32 19 23 17 21 20 24 15 20 21 14 25 23 0 17 22 20 20 14 23 11 19 21 22 14 2 2 21 2 19 20 0 22 20 14 5 20 24 24 18 21 17 21 25 20 25 25 21 23
split_gain=342.43 89.1282 66.2602 47.3413 46.2065 35.4688 34.3477 30.9366 29.7485 46.6628 29.7271 25.6263 22.45 22.0944 27.6492 23.5778 21.6151 38.7474 20.9342 21.6144 21.1164 28.1393 23.8375 20.1675 20.139 18.0283 17.5273 17.0716 16.9264 16.2589 15.9645 17.249 21.4421 21.301 15.9121 15.7229 15.7146 15.6253 15.374 14.5625 14.5197 14.1305 14.035 19.3937 13.7711 13.761 13.6356 14.3978 13.6323 13.5441 13.2656 53.1973 31.3362 19.5375 16.6999 14.1196 13.2554 15.7927 23.7258 26.3466 17.1597 23.6767
threshold=2.6250000000000004 2.2749999761581425 0.047027543187141425 0.074320640414953246 80.50296783447267 78.926559448242202 0.17032737284898761 0.035785431042313583 34.500000000000007 43.500000000000007 1.075000047683716 3.1049998998641972 690.87500000000011 0 17.500000000000004 1.0116243958473208 4.5000000000000009 73.944297790527358 110.00000000000001 0.12093919888138772 3.5000000000000004 218.00000000000003 76.478694915771499 83.305000305175795 510.25000000000006 1.0293902754783633 2.8349999189376835 4.5000000000000009 0.15766757726669314 184.00000000000003 159.00000000000003 90.005001068115249 1.1533122658729555 0.33946646749973303 49.500000000000007 65.480831146240249 0.29634784162044531 84.399997711181655 0.59499999880790722 0.60500001907348644 69.142997741699233 -0.5649999976158141 167.50000000000003 175.00000000000003 0.44499999284744268 0.208744652569294 141.00000000000003 70.979999542236342 27.500000000000004 79.000000000000014 0.10819531977176668 0.10748013481497766 1.5000000000000002 67.165924072265639 3.5000000000000004 66.984218597412124 66.125000000000014 184.00000000000003 279.37500000000006 600.87500000000011 71.316844940185561 1.070607662200928
decision_type=2 10 8 10 8 10 10 10 2 2 2 10 2 1 10 10 10 8 2 10 2 2 10 10 2 10 10 10 10 2 2 10 10 8 10 10 10 10 8 10 10 10 8 2 8 10 2 10 2 2 10 10 10 10 10 10 2 2 2 2 10 10
left_child=1 5 7 29 11 8 10 -3 9 13 26 38 16 14 36 -16 24 45 19 -15 21 30 -22 -21 50 -9 37 39 -29 -2 34 33 -33 -32 -20 -8 -1 -4 -5 -12 -34 -17 43 -41 -7 -18 48 -48 -11 -13 51 -10 53 55 -54 -52 -43 60 -59 -60 -58 -62
right_child=3 2 6 4 -6 44 35 25 12 46 27 49 -14 18 15 41 17 -19 20 23 22 -23 -24 -25 -26 -27 -28 28 -30 -31 31 32 40 -35 -36 -37 -38 -39 -40 42 -42 56 -44 -45 -46 -47 47 -49 -50 -51 52 -53 54 -55 -56 -57 57 58 59 -61 61 -63
leaf_value=-0.00440063699781474 -0.017609702455075676 -0.025882680711517045 0.0019722023830871841 -0.011476470705958277 0.10678363940395674 0.015336497026336363 0.0067658833539932951 -0.024839681761694345 0.0053904604899548169 0.012095600597756946 -0.0023493684382986731 0.033531676263995232 0.02052892457098264 0.025200721052077175 -0.0051169208761945237 0.0070179924541724538 -0.0033043755343040381 -0.027919719998430553 0.00027410870004127458 0.0086784972333556389 0.0072119071971246881 -0.018268632902222831 0.058516695377106742 -0.020397390187114801 -0.0077133341940053349 -0.0040284629224759446 -0.027504036863778808 -0.01390003918773635 0.044625943391541217 -0.029970849065671976 0.00049878397314088367 -0.0070816935317461593 0.00028066693891097306 0.0098045441260184822 -0.011715158842684282 0.032257327628870638 0.025788118138225902 -0.017708942231868901 0.0040869635808867674 0.0083147604474012038 0.017131345811914302 0.019863700432511889 0.017457250535802247 -0.0092540756393599301 -0.011910961457005095 0.028603924041910585 0.00012826210581409284 0.014302838510235083 0.041996504531014889 -0.027584459031883581 0.010497468575237113 0.081401793934109318 -0.0017966761113286645 -0.0091521900749896076 -0.018019698352418886 0.050136988900960966 0.0016471984497615098 0.0030865821438621466 0.044441662075089046 -0.0057969543596327637 -0.0078859705699259788 0.045537144555342399
leaf_weight=402.70859771268442 288.52238278486766 260.06463057710789 128.1529624001123 356.27633237373084 3.3178640939295283 30.92445712396875 370.04207315389067 81.963664888869971 1002.7561174114235 51.702735973522067 1057.0438265353441 4.2784225367940953 84.873627113178372 114.58427343703806 180.10827067028731 1199.6212826818228 598.12636952009052 108.24275016691536 473.49724135734141 335.14411605522037 532.38394296169281 125.15093106776476 13.009065867401658 40.999151526018977 297.70791854895651 334.96762727759778 101.77347700763494 202.09273962117732 6.2521746959537259 480.44378172722645 818.11500247335061 535.39261703845114 286.57243094407022 760.24417830258608 279.69076651800424 41.846890888176858 27.573618821799755 126.00422574672848 139.62132316222414 287.55150911584496 113.11380181089044 345.86550759198144 122.77162960777059 151.80049317097291 302.28903329838067 20.407080687582493 139.56281092017889 672.35763373412192 50.443239228799939 155.53332866425626 297.04272418934852 12.984656784683464 293.00126674305648 82.249151607975364 154.8412611624226 13.464074727147816 327.72374202497303 76.329661242198199 72.03095892816782 20.667980076745152 20.060362180229276 33.343711407855153
leaf_count=6099 17137 14107 2804 16122 53 452 5700 4047 17800 391 27408 108 599 1344 5249 11518 9775 3568 6474 1814 6918 3150 217 669 2759 9947 5781 7275 108 35564 10290 10364 2608 7596 2584 488 158 4087 4615 4217 1110 3386 2087 2439 8200 134 1360 6884 426 10339 2572 92 2694 765 1581 98 2482 1228 590 148 278 291
internal_value=2.70671e-05 0.00185468 -0.00395839 -0.0186541 -0.0107167 0.00353221 -0.00104377 -0.0150841 0.00392224 0.00518404 -0.0030468 -0.0116463 0.000494217 0.00408974 0.00693778 0.00869544 -0.000107095 -0.00606504 0.00234506 0.0101209 0.00136921 0.00019015 0.00865961 0.00539699 0.00190317 -0.00823785 -0.0135901 -0.00097637 -0.0116981 -0.0254009 0.000910535 0.00244328 -0.00185321 0.00499286 -0.00418666 0.00951844 -0.00233719 -0.00781603 -0.00707966 0.000411034 0.00513099 0.0098901 0.00560593 0.002212 -0.00928193 -0.00214994 0.0136883 0.0118825 0.0274615 -0.0255046 0.00345635 0.00652806 -0.000252557 0.00796302 -0.00747874 0.0125518 0.0137023 0.00975635 0.0198822 0.0332702 0.00516435 0.025765
internal_weight=16047.2 14619.2 3272.33 1427.99 659.027 11346.9 2595.33 676.996 11013.7 8048 2183.44 655.709 2965.7 7133.93 2706.03 2275.75 2880.82 726.776 4427.9 490.728 3937.17 3391.78 545.393 376.143 2154.05 416.931 355.931 1827.51 208.345 768.966 3266.63 2513.44 935.079 1578.36 753.188 411.889 430.282 254.157 495.898 1619.17 399.686 2095.64 562.124 439.352 333.213 618.533 914.066 811.92 102.146 159.812 1856.34 1015.74 840.598 392.756 447.843 310.507 896.022 550.156 169.029 92.6989 381.128 53.4041
internal_count=321148 237210 90495 83938 31237 146715 62394 28101 138063 95626 56206 31184 42437 86565 31427 25170 41838 13477 55138 3827 51311 44176 7135 2483 28361 13994 12672 43534 7383 52701 41026 31968 14082 17886 9058 6188 6257 6891 20737 36151 3718 19921 8743 6656 8652 9909 9061 8244 817 10447 25602 17892 7710 3435 4275 2670 8403 5017 1966 738 3051 569
cat_boundaries=0 1
cat_threshold=8
is_linear=0
shrinkage=0.04


Tree=52
num_leaves=63
num_cat=2
split_feature=0 1 1 22 21 22 19 22 11 11 21 19 17 23 22 20 32 9 24 15 21 21 23 21 21 0 20 15 21 22 21 11 20 26 22 22 5 1 20 15 22 21 23 22 19 19 23 24 21 21 22 19 24 8 24 21 20 24 28 22 21 21
split_gain=318.984 91.365 67.095 60.2442 57.1642 28.1056 27.4842 25.6721 29.1782 24.2173 23.3491 22.9229 27.5506 41.5779 26.4167 24.9512 23.0432 22.3235 21.9259 20.7853 27.9629 23.8615 37.41 21.0988 20.3015 19.0629 24.6744 20.0938 17.852 18.0322 17.3691 17.5915 16.8619 16.3401 16.0713 18.8901 15.845 15.7163 15.6752 19.6536 23.2195 15.7972 15.4005 16.2598 14.6738 17.4504 21.442 18.357 23.49 16.1572 20.6051 15.465 20.7036 20.6882 16.6135 21.5397 16.2944 15.3996 23.318 15.3461 22.6322 14.7938
threshold=2.7549999952316289 2.2549999952316289 2.8149999380111699 0.066482517868280425 76.617176055908217 0.027693261392414573 52.500000000000007 0.054964337497949607 0.42314894497394567 0.029882637783885006 84.929595947265639 9.5000000000000018 4.5000000000000009 1.0326827168464663 0.11901463195681573 159.00000000000003 0 16.500000000000004 0.032635716721415527 3.5000000000000004 66.921916961669936 67.610927581787124 1.1405673623085024 69.669704437255874 68.308303833007827 0.44499999284744268 184.00000000000003 1.5000000000000002 73.712642669677749 0.098862621933221831 62.269115447998054 0.038157539442181594 184.00000000000003 1.5000000000000002 0.077523924410343184 0.084051545709371581 60.500000000000007 1.0000000180025095e-35 177.50000000000003 3.5000000000000004 0.019503099843859676 77.618881225585952 1.0013249516487124 0.39696128666400915 111.00000000000001 163.50000000000003 1.21013480424881 0.3201736062765122 63.086299896240241 65.480831146240249 0.097551945596933379 52.500000000000007 0.077784016728401198 62.500000000000007 0.03053365554660559 66.663600921630874 177.50000000000003 0.061354259029030807 1 0.14480212330818179 69.330890655517592 60.947811126708991
decision_type=10 10 10 10 10 8 8 10 10 10 10 8 10 10 10 2 1 2 10 2 10 10 10 10 10 10 2 2 10 10 8 10 2 2 10 10 2 8 2 2 10 10 10 8 10 10 10 10 10 10 10 8 10 2 10 10 2 10 9 10 10 10
left_child=1 4 5 9 11 -2 24 8 38 -3 30 15 16 -14 18 -1 42 33 -15 -8 -21 22 -22 -23 -5 26 -17 -27 29 -20 -7 -32 -9 37 -25 -36 -16 -18 -6 -40 -41 -42 43 -13 51 46 61 48 -48 50 -47 52 56 -54 55 -53 -44 58 -58 60 -55 -46
right_child=2 3 -4 6 7 10 19 32 -10 -11 -12 12 13 14 36 25 17 -19 28 20 21 23 -24 34 -26 27 -28 -29 -30 -31 31 -33 -34 -35 35 -37 -38 -39 39 40 41 -43 44 -45 45 49 47 -49 -50 -51 -52 54 53 59 -56 -57 57 -59 -60 -61 -62 -63
leaf_value=0.0053296817363299148 -0.027570477762497835 -0.02037828605232091 -0.0283163236669427 0.01361601393526507 0.00041667043033876273 0.012114259606990738 -0.0057347967009617048 0.0051960147557944571 0.019714264321001217 -0.0076087824894105708 0.074699929832983042 -0.0031449607764126152 -0.021213567868593592 0.048165117332473438 0.026857928570654419 0.012329944818895655 0.01573126940828538 0.010309548989783283 0.0014659658731031961 -0.0035801458143042033 0.010600805611676875 -0.0071771202951538115 0.095544764938565035 0.049720998633790321 -0.0023668660958213643 0.022599158715948052 -0.024469830462650312 -0.013796791939601772 -0.031532343500607178 -0.022987800373382834 -0.015883957630715366 -0.0032411411449683731 0.067129682919710124 0.0069688584110826962 -0.032731346508408386 0.026843092530714249 -0.0067229786480268163 0.00096745827287120461 -0.018735720974255389 -0.021154659312121682 0.011001211692330811 0.093631759117871763 0.010488042063901888 0.062126244497003887 -0.033971362562052645 0.063686640004944992 0.024861600537188992 -0.028396177628256719 -0.012198092523909566 0.0063551197515262095 0.015211308319712796 -0.024079262293376206 -0.0038240387383058115 -0.0088962556887589202 0.016881699633396793 0.015381091132106828 0.048445604503374248 0.059859569959778397 -0.006304410417379348 0.023987965357512117 0.031698926341782785 -0.003803343160682017
leaf_weight=473.18598544225097 135.35254430072382 361.56012339727022 577.10712663992308 330.60412887623534 110.03292910568416 58.797965263947845 1138.5026161135174 22.382770973723385 45.602686686441302 708.95427049905993 3.4439638489857307 247.917308205273 149.737708106637 11.702018368057905 91.142241572029889 131.91871224995703 117.39804011303931 721.31819963082671 445.93283251998946 239.19018847169355 20.556218530517071 59.867572017479688 12.912178973667322 24.244723001495004 203.78198604565114 23.935383405070752 35.226252357941121 391.75321422098204 31.079764044377953 52.038601132109761 389.07889398396946 326.01499943924136 8.7556385681964439 1125.9122672034428 10.714316597208379 23.761576248798519 28.258126112632453 3527.0295552383177 398.40709345135838 13.575956288259478 9.8845194964669627 4.91869400627911 268.23851515026763 4.2545270519331089 26.807072640396655 13.957270545884965 109.03255647886544 14.790797603316603 34.629272188991308 805.2518697893247 156.48805178422481 36.765072263777256 325.3230057596229 80.15586937405169 770.82113098958507 49.516294790431857 20.290867891628295 20.912806789390743 26.79196257609874 94.498449230566621 27.96959350258112 289.63503918936476
leaf_count=5866 7647 18795 41589 4812 2039 1507 23878 276 521 19003 96 7782 6112 318 914 2261 911 7016 6549 4662 431 1386 118 433 4497 515 1234 7019 589 645 25692 9735 121 18261 202 417 237 41743 12395 367 241 99 2357 96 344 116 829 169 256 9873 1533 213 3109 631 7086 377 238 233 315 587 279 3446
internal_value=-3.15009e-05 0.00177625 -0.0176465 -0.00426839 0.00344021 -0.0108438 -0.000268241 -0.0084135 -0.0103414 -0.011959 -0.00785776 0.00411696 0.00472483 -0.00232717 0.00199574 -0.00147212 0.0053667 0.00375593 -0.00177004 -0.00300043 0.00492476 0.018228 0.0471376 0.00935619 0.00752011 -0.00700733 0.00432936 -0.0115838 -0.00306685 -0.00115521 -0.00842708 -0.0101563 0.0258527 0.00275939 0.0260254 0.00732987 0.0188647 0.00145361 -0.0129732 -0.0164298 0.0147815 0.0468097 0.00794408 -0.00153207 0.00870047 0.00571275 -0.000559785 0.0113482 0.0158287 0.00876883 0.0199198 0.0112041 0.00738233 0.00240445 0.015022 -0.0015072 0.0151144 0.0324296 0.0181403 0.0123833 0.00191713 -0.00658143
internal_weight=16019.6 14529.8 1489.8 3134.65 11395.2 912.688 2064.14 613.56 582.422 1070.51 777.336 10781.6 9725.6 809.891 660.154 1056.02 8915.71 5491.66 540.753 1529.75 391.247 152.057 33.4684 118.588 534.386 582.834 167.145 415.689 529.051 497.971 773.892 715.094 31.1384 4770.34 58.7206 34.4759 119.4 3644.43 536.819 426.786 28.3792 14.8032 3424.05 252.172 3171.88 1450.59 474.895 158.453 143.662 975.697 170.445 1721.28 864.181 527.947 857.102 86.2814 336.234 67.9956 47.0828 202.624 108.125 316.442
internal_count=321018 234752 86266 78634 156118 44677 40836 16059 15662 37798 37030 140059 123164 15364 9252 16895 107800 67931 8101 31527 7649 2987 549 2438 9309 11029 3495 7534 7783 7194 36934 35427 397 60915 1052 619 1151 42654 15141 13102 707 340 39869 7878 31991 16566 5044 1254 1085 11522 1649 15425 7749 4606 7676 590 3143 786 553 1497 910 3790
cat_boundaries=0 1 2
cat_threshold=8 16
is_linear=0
shrinkage=0.04


Tree=53
num_leaves=63
num_cat=6
split_feature=4 22 0 4 5 29 22 4 28 4 0 32 9 6 15 18 14 21 22 25 32 21 20 20 2 14 22 14 19 0 19 22 21 25 14 25 18 26 22 2 8 25 25 20 25 0 19 21 25 25 29 32 6 14 5 25 21 19 25 6 20 21
split_gain=311.116 80.4024 63.0747 52.5668 50.5301 43.0352 38.6592 34.8626 31.3614 26.7545 25.873 25.6127 24.6171 26.2124 22.184 22.0493 21.7888 20.6884 23.7875 22.6754 22.2991 19.5982 19.7979 19.5713 18.0744 19.3606 18.0171 20.9144 17.8961 17.6877 15.8574 16.9446 15.7536 18.2147 15.1844 16.8261 23.0927 22.2754 18.5812 16.2104 15.9937 14.9378 32.1457 35.0142 20.8301 15.4504 17.826 15.0213 17.5617 14.7111 14.668 14.1765 20.5525 18.6957 22.9695 14.0332 20.573 13.9516 18.3392 13.8855 13.7777 13.6778
threshold=2.6650000810623173 0.013452543411403896 2.0949999094009404 0.79500001668930065 25.500000000000004 0 0.066482517868280425 2.3950001001358037 1 3.0149999856948857 2.935000061988831 2 15.500000000000002 78.500000000000014 3.5000000000000004 1.5000000000000002 85.715000152587905 73.844284057617202 0.098862621933221831 350.12500000000006 3 63.022916793823249 79.000000000000014 177.50000000000003 0.9350000023841859 97.115001678466811 0.193641372025013 84.755001068115249 5.0000000000000009 1.5049999952316286 49.500000000000007 0.15207345038652423 59.93836975097657 120.62500000000001 95.795001983642592 89.500000000000014 1.5000000000000002 3.5000000000000004 0.193641372025013 0.25499999523162847 39.500000000000007 82.375000000000014 164.62500000000003 218.00000000000003 276.37500000000006 2.8449999094009404 163.50000000000003 76.24585342407228 496.62500000000006 59.375000000000007 4 5 21.500000000000004 89.689998626708999 9.5000000000000018 19.125000000000004 69.501586914062514 145.50000000000003 225.87500000000003 9.5000000000000018 175.00000000000003 74.448661804199233
decision_type=2 8 10 2 2 9 8 2 9 2 10 1 2 2 2 10 10 10 10 2 1 10 2 2 10 10 10 10 8 10 10 10 8 2 10 2 8 2 10 10 2 2 2 2 2 10 10 10 2 2 9 1 2 10 2 2 10 10 2 2 2 10
left_child=1 -1 11 8 5 16 60 41 -4 24 26 28 21 -14 15 -7 -5 18 57 -19 -21 -13 30 51 25 32 27 -10 -3 -30 31 -23 33 -8 35 37 38 39 -37 55 -36 -6 -43 45 -45 -44 -47 48 -46 -34 -38 53 -53 -17 -55 56 -24 -16 -59 -31 -2 -27
right_child=6 2 3 4 7 14 9 -9 10 -11 -12 12 13 -15 17 23 -18 19 -20 20 -22 22 34 -25 -26 61 -28 -29 29 59 -32 -33 49 -35 40 36 50 -39 -40 -41 -42 42 43 44 47 46 -48 -49 -50 -51 -52 52 -54 54 -56 -57 -58 58 -60 -61 -62 -63
leaf_value=-0.021118400350026698 -0.014596196330781845 -0.02033458546045027 0.072551160806812981 -0.0012793798383238214 -0.0064651749473234191 -0.00082147649724967115 0.070785737424683914 -0.011932623557668458 -0.0035587256619521498 -0.024728891265042692 -0.029514947757422656 0.0053302089496858459 0.021027970958990512 0.0045455656013907225 0.033680863771287782 0.016792081266964343 -0.024421884589010526 0.021395974010016024 0.0258757549232786 0.1410669467395628 0.016046695842017868 0.044259412620440426 0.0095925694624111064 0.0019251848315170895 0.024842400346797917 0.0030970715383155105 0.013467236941629055 -0.019953406491842601 0.0092574694817332635 -0.012544678675268253 0.0033508902903388359 0.0028711054558319695 -0.006602473233831254 -0.010063685570267253 -0.010796152083437762 0.0083439515983047604 -0.010739204036958409 0.058541344543893759 -0.015524326544263391 0.0060876191234914842 0.0016141331756113978 0.012669029200120852 -0.0089969840245549011 -0.020118905948163599 0.030661388663789917 -0.0057150251656702834 0.071914365173031167 0.066926298028597841 0.00016435292976789591 -0.023807595986685512 0.0019525412430260751 0.027785831124944382 0.00040394731876070304 0.0079710486358936117 0.076279087000589621 -0.0084197148079737747 -0.0088742526064915124 -0.014271189143282086 0.023075601012236709 0.0045003171468426676 -0.030635301595004195 0.075926257377550349
leaf_weight=244.56143302004784 116.41414543590508 37.871747257187963 4.9389082109555602 172.56758979568258 512.91141207143664 588.64363896776922 5.5162380882538846 665.4939457536675 260.65986549016088 209.12879118742421 122.80406191549264 1277.9434086652473 197.56415247917175 699.345797047019 15.637419729959218 187.64335795352235 103.52911228034645 23.034948806278408 117.14705418143421 4.7346305903047323 4.5718775643035752 38.460321888327599 203.77294435352087 324.70825692871585 24.219679818954319 91.752248514210805 48.990870591718704 240.7538785552606 1939.3558901106007 77.842207086272538 117.38963839411736 27.190921999514103 155.26764824613929 9.5999702052213234 452.07466715015471 899.13833996234462 227.47364917676896 7.3589962124824515 53.365156784653664 238.70213058125228 259.68336889520288 305.82712232274935 514.99821936711669 22.453502550721169 60.333474759478122 10.010397206991913 6.2927217697724691 8.4527325537055713 59.699010202661157 169.38452722644433 366.26501521002501 57.774855171330273 167.27025681501254 13.999280195683239 18.708919219207019 771.01526425546035 179.66661064140499 79.732783184852451 26.288912527263165 1748.540893945843 435.03744454937987 2.3542686244472852
leaf_count=8252 6215 513 132 3092 17135 10406 237 26971 5518 15206 7599 17325 1911 6969 441 2650 3538 703 1628 118 100 381 3480 6756 687 4001 810 8650 18984 950 575 268 10898 278 8615 8850 2499 36 410 2761 3140 5408 7329 394 785 179 121 166 741 6884 3650 576 2687 146 281 10860 2955 2469 398 22874 32461 53
internal_value=-6.79848e-05 0.00153058 0.00191413 -0.00186803 -0.000146786 0.00459894 -0.0194787 -0.004326 -0.012162 -0.0129164 -0.0130084 0.00374464 0.00211722 0.00822379 0.0070597 0.00499485 -0.00974866 0.0175237 0.01317 0.0467988 0.09406 0.00104302 -0.000383113 0.00944164 -0.00742235 -0.00934751 -0.00921751 -0.0114945 0.00631427 0.00659505 0.012379 0.0278274 -0.0137851 0.0237964 -0.00103022 0.000234922 0.00311215 -0.0029359 0.00696859 -0.00334982 -0.00626524 -0.000936716 0.00193232 -0.00289188 0.0139726 -0.0077324 0.0283955 0.0202087 0.0158103 -0.0156944 -0.00306372 0.0148704 0.00765165 0.0220718 0.0494174 -0.00531524 0.000917747 0.0006502 -0.00468091 0.00375654 -0.0273288 0.00654441
internal_weight=16033.9 14815.2 14570.6 4750.61 4072.47 1905.99 1218.67 2166.47 678.148 667.223 673.209 9820.02 6016.41 896.91 1629.9 1358.75 276.097 271.148 238.806 32.3415 9.30651 5119.5 3841.56 770.105 458.095 433.875 550.405 501.414 3803.61 3765.74 183.041 65.6512 339.768 15.1162 3658.52 2946.76 1546.24 1400.52 952.503 1393.16 711.758 1500.98 988.067 682.24 150.939 531.301 16.3031 128.485 120.032 324.652 593.739 445.397 225.045 220.352 32.7082 1154.45 383.44 121.659 106.022 1826.38 551.452 94.1065
internal_count=321105 244185 235933 117927 95218 35989 76920 59229 22709 38244 22577 118006 74685 8880 29359 23502 6630 5857 4936 921 218 65805 48480 13096 23038 22351 14978 14168 43321 42808 1224 649 18297 515 47256 35501 15409 20092 9260 20056 11755 32258 15123 9715 2086 7629 300 1692 1526 17782 6149 6340 3263 3077 427 17295 6435 3308 2867 23824 38676 4054
cat_boundaries=0 1 2 3 4 5 6
cat_threshold=12 8 8 4 68 8
is_linear=0
shrinkage=0.04


Tree=54
num_leaves=63
num_cat=2
split_feature=0 4 1 22 20 22 22 1 21 32 6 21 17 15 21 21 22 21 24 17 22 22 15 5 24 15 19 19 21 7 5 19 9 11 22 19 21 19 21 22 5 32 21 15 24 6 22 6 4 15 22 1 5 20 2 6 24 1 15 19 12 24
split_gain=302.247 77.32 63.6644 56.7637 32.5326 29.5292 28.6643 28.3711 19.7362 19.343 33.5589 25.3803 18.3379 20.1517 43.5368 70.468 25.0047 18.7966 21.1443 17.9765 24.1402 23.3683 17.6233 32.9237 31.3907 30.5952 17.5008 17.4724 20.4341 17.1331 19.7161 20.8374 17.6566 16.6094 21.6539 20.9147 16.5904 19.6756 24.4731 29.6874 16.4636 16.2874 15.9948 15.5947 20.0353 17.3921 15.4537 15.2577 18.2101 14.9827 14.3155 14.1698 16.4894 15.2711 13.7172 13.4831 13.483 13.3884 12.8547 23.5178 14.3049 12.8422
threshold=2.7549999952316289 2.2350000143051152 2.7849999666213994 0.052642140537500388 177.50000000000003 0.013452543411403896 0.027693261392414573 0.95499998331069957 84.929595947265639 0 203.25000000000003 63.022916793823249 1.5000000000000002 3.5000000000000004 67.372478485107436 67.430934906005874 0.17032737284898761 69.142997741699233 0.060283005237579353 3.5000000000000004 0.11072703078389169 0.13584823906421664 3.5000000000000004 25.500000000000004 0.042066721245646484 4.7500000000000009 5.0000000000000009 64.000000000000014 75.92813873291017 91.500000000000014 34.500000000000007 167.50000000000003 18.500000000000004 0.16590895503759387 0.16347154229879382 163.50000000000003 61.583427429199226 23.000000000000004 62.081874847412116 0.23492708802223208 66.500000000000014 1 77.618881225585952 1.5000000000000002 0.011484527960419657 47.500000000000007 0.39696128666400915 153.25000000000003 1.9149999618530276 1.0000000180025095e-35 0.12391588091850282 2.3649998903274541 20.500000000000004 171.50000000000003 -0.40500000119209284 145.25000000000003 0.0281465407460928 2.4150000810623173 3.5000000000000004 145.50000000000003 25.500000000000004 0.20352099835872653
decision_type=10 2 10 8 2 8 8 8 10 1 2 10 10 2 8 8 10 8 8 10 8 8 2 2 10 2 8 10 10 2 2 10 2 10 10 10 10 8 10 10 2 1 10 2 10 2 10 2 2 2 10 8 2 2 10 2 10 10 2 10 8 10
left_child=1 5 6 4 27 -1 -2 47 33 11 26 19 43 16 -15 -16 42 50 -19 20 -9 -22 57 24 25 54 -11 -3 41 30 32 -32 -13 34 49 -35 58 -38 39 -39 46 -29 51 45 -45 -5 56 55 -49 -8 -17 53 -53 -14 -24 -7 -28 -6 -23 60 -60 -36
right_child=2 3 -4 12 22 7 8 9 -10 10 -12 29 13 14 15 17 -18 18 -20 -21 21 36 23 -25 -26 -27 40 28 -30 -31 31 -33 -34 35 61 -37 37 38 -40 -41 -42 -43 -44 44 -46 -47 -48 48 -50 -51 -52 52 -54 -55 -56 -57 -58 -59 59 -61 -62 -63
leaf_value=-0.014956172304606406 -0.028509790524231585 -0.0057084958861294277 -0.028001889881282639 1.2014171197811595e-05 -0.014793811575187492 0.009160918401277798 0.051669568133454281 0.060815293695896611 0.065018160477109219 -0.019658488839429066 0.035728630581382127 -0.00062252787033968931 0.0053335639141106062 -0.0064686051616917326 0.11459691309929611 -0.013783855208391229 0.0078977868114417857 0.055181329648298735 0.013067500782495252 -0.00479313567782471 -0.034385336781218898 0.002110845294178348 0.015295883137329791 -0.021740525534565958 -0.0052917004980441388 -0.011882440927908661 -0.0013933667904599504 -0.0063015117834598492 -0.018347864686515777 0.011008103715166469 -0.013824107415272869 0.00071389664563764003 0.019528579484122781 -0.0062457573838450714 0.022876811008183312 0.029970143679030004 -0.011275685768857888 0.024264188770742275 0.01227990334677685 0.088134648530410628 -0.012352281349094177 0.052882145495765982 0.040073517461259284 -0.02502960996269005 0.005815238309641345 0.054670622567992017 0.028063659757667857 0.030889420497803789 -0.015349622889215025 -0.014275849990560854 0.03669106413825108 -0.0020805240579461703 -0.015186201022521131 -0.0074524928199245326 0.111044505932616 0.03900538715069992 0.005197973742766997 -0.028471530916089286 0.017071219094314395 -0.011940958724289796 0.055620471877871891 -0.0089959075982484135
leaf_weight=140.61369245685637 123.32321833167225 166.72045983420685 574.41513008531183 17.26132661383599 266.73198842210695 1294.6268638651818 3.6045112237334243 11.605209577828644 3.9188482216559342 47.347480655182153 52.13903170125559 2668.9241943578236 233.24289891775697 232.93406385136768 9.690141484141348 51.04847650649026 214.59352402947843 22.681526020169258 98.020975234452635 218.96557808294892 19.363816991448402 607.77081989496946 4.2180778020992884 67.904641144908965 31.006084750872105 6.4706449322402468 564.34020059648901 9.4059323468245566 13.41526194475591 180.09793986799195 381.14485401613638 266.10780388442799 69.427654762752354 74.658481651451439 43.053924232721329 36.197778572328389 34.93700784817338 50.300827926024795 181.06497161835432 14.595230404287575 91.282386092469096 25.035478436388075 9.5786125608719868 34.132671738509089 489.96250396734104 19.010791746433824 42.714128026738763 14.572949497029184 74.494729345664382 544.81307010445744 8.8084136825054866 228.12414804520085 482.64816165575758 406.51126601547003 9.2610821351408958 23.084311730228364 3979.5289191845804 218.16161673585884 99.530972562730312 37.551781562156975 17.559401047416031 34.739519358146936
leaf_count=3785 7209 4292 43325 415 10398 10580 238 92 94 775 725 34833 4215 4894 76 1301 3715 589 2475 4162 212 10696 140 2772 1064 240 13556 242 429 1786 5051 4349 641 1351 1552 680 234 347 1531 137 1602 574 250 1644 6999 563 356 105 704 30868 104 6202 17574 7729 289 223 44747 11980 1225 927 399 852
internal_value=-0.000207709 0.0015209 -0.017685 -0.00378139 -0.0129381 0.00312287 -0.0107705 0.00335646 -0.00773853 0.00257949 0.0043867 0.000799915 -0.000841396 -0.00263795 0.00508557 0.0191938 -0.00472245 0.0128306 0.0218169 0.00559652 0.00772661 0.00702617 -0.0176794 -0.00371901 0.0200598 0.0567176 0.0040242 0.000405594 0.0212405 -0.000939688 -0.00158374 -0.00785093 -9.48214e-05 -0.00831109 -0.0108378 0.00583045 0.00786674 0.0161584 0.020147 0.0409539 0.00427392 0.0370408 -0.00672818 0.00553623 0.00370369 0.0302284 0.00461179 0.00866174 -0.00718407 -0.0136417 -0.00528058 -0.00712481 -0.0110088 -0.00277637 0.0874461 0.00974813 0.00437733 -0.0210557 0.00476706 0.0149952 0.0237564 0.00867471
internal_weight=15999 14560.3 1438.72 3376.58 818.331 11183.7 864.309 11043.1 740.986 9636.3 4777.35 4858.95 2558.25 1997.88 423.184 190.25 1574.7 180.559 120.703 1293.25 1074.28 1062.67 603.754 118.861 50.9559 19.9498 4725.21 214.577 47.8567 3565.7 3385.6 647.253 2738.35 737.067 626.211 110.856 1043.31 280.898 245.961 64.8961 4677.87 34.4414 1360.11 560.367 524.095 36.2721 4586.58 1406.78 89.0677 548.418 59.8569 1350.53 710.772 639.754 13.4792 1317.71 4543.87 484.894 762.413 154.642 117.09 77.7934
internal_count=321114 234945 86169 91165 32420 143780 42844 139995 35635 128383 61761 66622 58745 49124 9439 4545 39685 4469 3064 19962 15800 15708 26883 4505 1733 669 61036 5537 1245 46660 44874 9400 35474 35541 33510 2031 15496 2249 2015 484 60261 816 35970 9621 8643 978 58659 11612 809 31106 1405 35720 23776 11944 429 10803 58303 22378 13247 2551 1624 2404
cat_boundaries=0 1 2
cat_threshold=4 4
is_linear=0
shrinkage=0.04


Tree=55
num_leaves=63
num_cat=4
split_feature=11 22 1 22 11 20 1 22 21 5 21 22 1 16 32 29 20 20 9 25 25 12 5 1 23 14 22 23 29 22 6 25 23 29 22 25 23 23 21 15 5 23 23 15 8 20 9 21 21 23 6 21 25 23 5 9 20 26 19 23 23 23
split_gain=251.255 104.924 48.1748 44.2583 33.9332 32.5378 32.0895 36.8589 24.3269 23.9998 23.9645 22.6453 20.8724 20.2441 19.5636 18.9492 19.875 18.5392 17.9331 15.8289 22.1652 15.9386 18.4797 18.1119 18.0132 15.5213 24.9846 15.1642 14.9304 15.0898 26.7187 22.4465 16.9985 14.476 14.5126 22.8306 14.6765 14.4728 15.3903 14.2328 16.9218 23.555 19.7079 22.1875 14.1987 14.0765 13.9973 13.8537 17.4281 15.2713 14.1145 16.1684 19.5757 16.0036 14.0153 15.861 14.2674 20.9867 19.1866 16.2255 13.4663 20.9663
threshold=0.036599317565560348 0.070410095155239119 2.7849999666213994 0.013452543411403896 0.52322071790695202 175.00000000000003 1.9550000429153445 0.092618513852357878 74.448661804199233 19.500000000000004 68.182941436767592 0.24675761908292773 2.7150000333786015 4.5000000000000009 0 1 79.000000000000014 159.00000000000003 10.500000000000002 690.87500000000011 618.00000000000011 2.5000000000000004 37.500000000000007 1.0000000180025095e-35 1.1200792789459231 78.58499908447267 0.09360570460557939 1.013817369937897 2 0.193641372025013 66.500000000000014 243.87500000000003 1.1846018433570864 3 0.1857978627085686 331.62500000000006 1.3153603076934817 1.0293902754783633 67.488975524902358 3.5000000000000004 25.500000000000004 1.0496999621391299 1.0239408016204836 4.7500000000000009 240.25000000000003 79.000000000000014 12.500000000000002 68.39477920532228 65.551872253417983 1.0235687494277956 196.25000000000003 71.414505004882827 309.75000000000006 1.0780832767486574 30.500000000000004 5.5000000000000009 177.50000000000003 1.5000000000000002 167.50000000000003 1.0717836618423464 1.063160836696625 1.0727675557136538
decision_type=8 8 10 8 10 2 8 8 10 2 8 10 10 2 1 9 2 2 2 2 2 10 2 10 10 10 8 10 9 10 2 2 10 9 10 2 10 10 10 2 2 10 10 2 2 2 2 10 10 10 2 10 2 10 2 2 2 2 10 10 10 10
left_child=1 5 9 -2 6 14 13 47 11 10 27 17 39 15 -1 16 -5 -4 -6 20 21 23 24 -17 37 -9 -27 -3 -26 32 31 -31 -30 34 44 -36 -37 -23 -39 -7 41 42 -41 -44 -24 -12 -18 48 -8 -49 54 -52 53 -53 55 56 57 -51 -58 -59 -35 -62
right_child=3 2 8 4 18 12 7 25 -10 -11 45 -13 -14 -15 -16 19 46 -19 -20 -21 -22 22 33 -25 28 26 -28 -29 29 30 -32 -33 -34 60 35 36 -38 38 -40 40 -42 -43 43 -45 -46 -47 -48 49 -50 50 51 52 -54 -55 -56 -57 58 59 -60 -61 61 -63
leaf_value=-0.022403376443893501 -0.017365584103216387 -0.011678967702842564 0.00305104273836095 0.018468852562620174 0.0073877790149494199 -0.021778457804520451 -0.015422372017998617 0.0052252220901625101 0.0446357711128757 -0.0069858142643493947 0.047776582930347818 0.027494789623396132 -0.031666782727776621 -0.022791577070796213 -0.00030017630263560281 0.029084450086944297 -0.0093304523124050735 -0.024301591524282962 0.023478972874065827 0.019306183783424493 -0.012203265135273571 -0.0016350841301699076 -0.0078688285584791479 -0.0064196969826443261 0.0020952365801025145 0.050072433379142293 5.1771895055817619e-05 0.014452165307589877 0.011836866005103934 0.053136856998414202 0.0047128078377605713 0.010612324910761764 -0.0059981170137512431 -0.0031538674674282141 -0.000554104494757763 0.059670957019160531 0.010021177426755845 0.021979473165736608 0.010322388662984003 -0.011846057474605272 -0.020130878093663755 -0.0074927305179592974 0.11469657505065221 -0.011518671423061976 0.0037053450975971904 -0.0046945133869290894 0.010464466132026768 -0.019742309272065203 0.0058523647938845211 -0.0021943293342297876 -0.017972338829241364 -0.028503796302311781 0.058882628463824513 0.051881953276956411 -0.0089806458894016433 0.0075166667784358704 -0.013746452381097059 0.047101964564904036 -0.00010474964904514107 0.0065543019417451673 0.036307622514878804 0.0074872948450293879
leaf_weight=99.544505402678624 182.20056290924549 38.243642713408917 44.407202734611928 57.647446939721704 379.44385910406709 411.25946991262026 70.217875781003386 1874.0508018052205 8.0253681458998454 555.12250703363679 6.3749220087192944 14.414463070686905 366.07597287977114 41.854928893968463 175.80246057081968 22.993205644190311 355.70216602180153 307.58081428846344 157.98550720047206 123.13276241160929 116.74985438026488 124.3752072956413 441.93589364271611 280.89038120210171 1084.0538575984538 14.08517298218794 2430.3235395324882 310.2990000739228 249.70899796951562 48.865005742758512 91.072318920865655 35.460891749709845 127.30656587332487 155.31039556954056 83.542659130878747 18.713892884552479 20.293627142906189 228.13079226203263 942.44284732779488 4.1731449207290998 42.273785005090758 24.529286896344274 6.4918445164803398 2.4133268580771983 271.80016226135194 330.33701947098598 65.943247011862695 101.81664303480648 414.45925701293163 445.82043920829892 12.64181579928845 10.22109880205244 17.358477804809809 3.8548754630610338 727.3894957115408 226.08608096651733 378.83198820939288 23.167483060620725 293.1712867137976 46.083907399326563 43.375530005432665 407.34038758650422
leaf_count=4285 5492 2177 2346 333 2672 22890 1059 24169 237 20546 121 675 29278 273 7688 227 4794 18926 1578 811 992 3228 6461 2959 7317 200 37862 6100 1945 471 722 187 858 3772 1136 106 116 2544 11216 295 2306 1271 358 155 2442 10956 686 4994 7561 8222 281 354 285 107 18132 2732 9318 353 6554 515 567 3891
internal_value=-0.000181887 -0.0111865 -0.00462363 0.00210101 0.0023757 -0.0205121 0.00195164 0.000177136 -0.0171584 -0.000811829 0.00418383 -0.0187686 -0.024357 0.00426243 -0.00842379 0.00448209 -0.00307131 -0.0208304 0.0122024 0.00521651 0.00485596 0.00528849 0.00590467 -0.00353454 0.00772879 0.00248819 0.000383971 0.0115118 0.00492126 0.0102032 0.0200396 0.0360072 0.00579356 0.00218615 -0.00123862 0.011337 0.0357843 0.0112575 0.0126347 -0.0187861 -0.00312677 0.0158365 0.0553127 0.0839189 -0.00345201 -0.00340122 -0.00618095 -0.00342068 0.00270303 -0.0047235 -0.00400245 0.0178865 0.0327594 -0.00227578 -0.00447318 -0.00213801 -0.00399309 0.00100166 -0.0078249 0.0211728 0.00682203 0.0104267
internal_weight=15995.2 2747.37 1614.8 13247.9 13065.7 1132.56 12528.2 7089.58 374.428 1240.38 685.255 366.402 857.217 5438.64 275.347 5396.79 479.293 351.988 537.429 4917.5 4794.36 4677.61 4373.73 303.884 2931.42 4318.46 2444.41 348.543 1636.47 552.414 175.398 84.3259 377.016 1442.31 836.286 122.55 39.0075 1294.95 1170.57 491.141 79.8814 37.6076 13.0783 8.90517 713.736 336.712 421.645 2771.12 484.677 2286.44 2184.63 44.0763 31.4345 14.076 2140.55 1413.16 1187.08 515.072 672.003 69.2514 606.026 450.716
internal_count=321104 130610 62084 190494 185002 68526 180752 122698 22184 39900 19354 21947 56553 58054 11973 57781 5813 21272 4250 51968 51157 50165 46979 3186 28488 62231 38062 8277 11500 4183 1380 658 2803 18491 10261 1358 222 16988 13760 27275 4385 2079 808 513 8903 11077 5480 60467 8620 51847 46853 1027 746 461 45826 27694 24962 9090 15872 868 8230 4458
cat_boundaries=0 1 2 3 4
cat_threshold=4 12 48 64
is_linear=0
shrinkage=0.04


Tree=56
num_leaves=63
num_cat=4
split_feature=4 22 1 5 14 11 4 11 5 4 5 15 29 21 22 1 15 14 21 25 23 23 5 25 21 26 25 25 20 32 2 32 21 22 21 25 25 25 22 25 28 22 22 19 4 15 21 8 19 21 15 19 22 21 24 15 22 25 22 4 7 25
split_gain=271.089 67.3275 53.3508 42.6527 41.5674 30.4774 27.3845 26.3151 23.9898 33.5216 22.2227 28.068 21.1084 19.2181 26.5247 18.8355 17.4886 33.8212 28.2988 54.669 20.4649 24.0088 18.5266 22.6846 20.1196 17.6612 17.0166 31.4965 23.0789 22.0423 20.0072 19.8197 25.4156 16.8337 16.5488 17.4854 16.1003 20.7692 39.8409 24.9419 16.7546 26.5316 15.1399 15.6375 14.9797 14.3952 15.1448 14.2632 16.7138 13.2798 13.1615 14.5332 13.1512 13.1382 17.666 21.1691 13.1313 24.4923 13.0261 12.7223 12.6001 12.4391
threshold=2.6250000000000004 0.013452543411403896 2.3750000000000004 20.500000000000004 85.31000137329103 0.057424349710345275 3.0649999380111699 0.33946646749973303 5.5000000000000009 2.7250000238418584 27.500000000000004 3.5000000000000004 0 84.929595947265639 0.038171408697962768 2.054999947547913 3.5000000000000004 94.430000305175795 74.235458374023452 375.00000000000006 1.0504927635192873 1.0424872636795046 33.500000000000007 677.12500000000011 73.712642669677749 4.5000000000000009 293.62500000000006 524.37500000000011 218.00000000000003 1 2.3549998998641972 2 61.583427429199226 0.042542364448308952 70.447662353515639 101.12500000000001 431.12500000000006 325.37500000000006 0.18043268471956256 243.87500000000003 3 0.022299411706626419 0.051017852500081069 163.50000000000003 0.90500000119209301 4.7500000000000009 75.729537963867202 248.25000000000003 23.000000000000004 76.094738006591811 3.5000000000000004 52.500000000000007 0.047027543187141425 71.971065521240249 0.11491150408983232 4.2500000000000009 0.11774935945868494 353.87500000000006 0.21839360147714618 2.745000004768372 9.5000000000000018 85.375000000000014
decision_type=2 8 10 2 8 10 2 10 2 2 2 2 9 10 10 8 2 10 8 2 10 10 2 2 8 2 2 2 2 1 8 1 10 10 8 2 2 2 10 2 9 10 10 10 2 2 8 2 10 8 2 10 8 10 10 2 10 2 10 2 2 2
left_child=1 -1 7 44 8 33 10 12 9 -2 11 -6 34 -12 -15 59 17 22 25 20 21 45 -14 24 36 26 42 28 31 -29 53 32 -28 -5 -3 -36 37 39 56 40 41 -24 43 -18 58 -20 -47 48 -19 -13 51 -7 -50 54 -30 -56 57 -39 -4 -10 -46 -9
right_child=4 2 3 5 6 50 -8 61 15 -11 13 49 16 14 -16 -17 18 47 19 -21 -22 -23 23 -25 -26 -27 27 29 30 -31 -32 -33 -34 -35 35 -37 -38 38 -40 -41 -42 -43 -44 -45 60 46 -48 -49 52 -51 -52 -53 -54 -55 55 -57 -58 -59 -60 -61 -62 -63
leaf_value=-0.020188984798372583 0.0862243654361734 0.00094894633443826364 -0.013113065553012289 -0.026358531900567625 -0.016686580463362168 0.0041385285701888005 -0.03210085758358458 0.0038329071300705572 -0.00063632740928696652 -0.00028940525871705018 -0.02604787168825946 0.014693059780105351 0.0040191713807494088 -0.022414756991671569 0.10249089957049101 -0.011868584336244277 0.026225378015957555 -0.014523383442145314 0.022250834639266363 0.080816496153021847 -0.014692681585883065 0.087036094038872497 0.068567596862445526 0.025893578999246113 -0.010849644790649704 0.05496597849334478 -0.012148278687552567 -0.017001053377266796 0.050632307463384513 0.0078346498118452429 0.0039327571766720739 -0.013811214266954483 0.043664013474696839 -0.010630583189027097 -0.023645187104971922 0.0057414098146690729 -0.0090002325828963791 0.039145663513232253 0.047759043382824419 -0.012608287267083674 -0.0008916201873932026 0.007546754773762725 0.0019254322665315097 -0.023330762131088173 0.040411494309313678 0.059698823822672768 -0.02660541585820636 0.03050916700894566 -0.012115634139957886 -0.029123663680180815 0.0056801614313928151 -0.0086373674058705142 -0.00040799788335810488 -0.0024494549535447043 0.040899436366130908 -0.0019949193760888479 -0.014318104165582931 -0.00024328067467468861 0.035854632271405923 0.052232607748963072 0.0058474096330162839 0.0099867651833407955
leaf_weight=225.08016064297408 8.4928510515019315 170.29993630386889 101.58176935161464 142.66845416859724 264.02404261473566 187.41122148698196 286.96069575613365 1078.13932779897 16.457694537471983 21.984686101321131 333.48102159588598 79.975095451576635 4865.3496688613668 5.0727784554474047 2.6355167981237173 279.35671195550822 10.054969332646577 237.69090381637216 86.666822242550552 19.96334139443934 32.135303055867553 6.2388970889151087 9.8785363622009736 48.869654461741447 290.83548632496968 8.9620709884911758 21.249516226351261 91.456854626536369 68.605886973440647 145.04882406815886 54.634141341783106 56.456160740926862 28.567716674879193 483.39463929412887 130.61814780812711 41.435479880776256 244.12620663829148 33.662732688710093 41.758125361055136 203.76179645396769 734.25177776627243 350.17785463202745 674.75737094460055 68.627015780191869 15.563347940798847 1.8886222955770815 18.644488246180117 16.295484067406505 189.28755392692983 10.804531861795111 215.9619189593941 569.9814746985212 786.31809705216438 14.968779129907487 37.500844489783049 33.506889715790749 41.397423883900046 85.13150404766202 7.4974597087129942 10.597165890969334 577.19425014592707 1042.218461685814
leaf_count=7874 167 2438 4153 8463 15013 3454 23236 12162 380 584 22700 3863 60774 319 42 16611 174 6594 3050 199 654 105 131 380 10080 66 171 867 586 1215 504 485 253 18186 3935 899 2716 391 274 2267 12775 5924 10619 1787 222 55 1129 238 4929 766 3718 11699 11964 151 223 268 344 953 193 294 10138 6441
internal_value=-0.000145091 0.00141979 0.00176032 -0.00381936 -0.0174942 -0.00742576 -0.0216471 0.00282074 -0.00529751 0.0273973 -0.0172459 -0.0101106 0.00196066 -0.0245404 0.0317835 -0.00873206 0.00230877 0.00158496 0.00631152 0.0218121 0.0126807 0.0206246 0.0026678 -0.000484365 -0.00114655 0.0043231 0.00388576 0.00920758 0.0174423 -0.00179781 0.0250967 0.00211425 0.0201529 -0.0143 -0.00763897 -0.0165374 0.000477423 0.00203516 0.0139021 0.000164239 0.00256846 0.00961254 -1.66598e-05 -0.0164056 0.00438568 0.015163 -0.013718 -0.00452272 -0.00504924 0.00887641 -0.00297581 -0.00546296 -0.00270784 0.0323798 0.0361524 0.0210489 0.00454694 0.0113155 -0.00909033 0.0219666 0.00690121 0.00686804
internal_weight=15967.6 14647.8 14422.7 2301.25 1319.84 1599.42 982.954 12121.4 336.889 30.4775 695.993 354.804 10001.1 341.189 7.7083 306.412 9658.73 8178.79 1479.93 165.537 145.574 113.439 6949.2 2083.85 2034.98 1314.4 1305.43 551.996 315.49 236.506 209.217 106.273 49.8172 626.063 342.354 172.054 1744.15 1500.02 201.95 1298.07 1094.31 360.056 753.439 78.682 701.837 107.2 20.5331 1229.59 1213.3 90.7796 973.355 757.393 975.606 154.582 139.614 71.0077 160.192 118.794 109.079 27.0549 592.758 2120.36
internal_count=321245 237270 229396 60226 83975 45520 65939 169170 18036 751 42703 19642 150567 23061 361 17285 143295 120734 22561 5192 4993 4339 97009 36235 35855 17369 17303 4723 2641 2082 1732 909 424 26649 7272 4834 25775 23059 1962 21097 18830 6055 12580 1961 14706 4234 1184 23725 23487 4629 18871 15153 16893 1228 1077 491 1688 1344 4346 674 10360 18603
cat_boundaries=0 1 2 3 4
cat_threshold=8 4 4 4
is_linear=0
shrinkage=0.04


Tree=57
num_leaves=63
num_cat=5
split_feature=4 1 22 21 17 23 22 4 10 9 6 5 1 21 19 22 24 21 16 24 21 29 19 22 21 24 24 0 14 29 1 24 6 21 0 22 21 29 21 16 0 2 21 14 24 23 6 23 28 4 29 21 5 22 14 10 5 6 1 19 22 7
split_gain=257.362 63.0208 44.7926 33.5161 33.7684 53.6747 34.9048 33.13 30.6296 30.608 29.8477 27.0011 26.9337 25.6616 23.026 22.0456 21.3494 23.3201 18.6362 17.3354 16.9878 16.2119 15.852 16.0427 15.4328 15.2756 23.0632 14.9441 14.886 24.9114 18.2498 16.4363 16.0321 15.5267 14.3603 16.5768 14.3544 14.2296 14.9203 14.2206 14.1948 13.9866 13.9226 12.8796 14.7275 19.0863 12.5268 12.5162 12.464 12.1485 11.8622 11.7049 11.6576 12.2286 11.651 12.3124 11.6149 11.5109 17.6049 11.5003 11.2103 13.1442
threshold=2.6650000810623173 2.3750000000000004 0.038171408697962768 78.926559448242202 4.5000000000000009 1.0326827168464663 0.11901463195681573 3.0649999380111699 17.250000000000004 3.5000000000000004 175.25000000000003 31.500000000000004 1.8550000190734866 84.929595947265639 52.500000000000007 0.066482517868280425 0.032635716721415527 73.712642669677749 3.5000000000000004 0.043391132727265365 82.51377105712892 0 190.50000000000003 0.193641372025013 63.086299896240241 0.10449781268835069 0.12093919888138772 1.5049999952316286 77.305000305175795 1 2.0349999666213994 0.12093919888138772 86.500000000000014 68.478199005126967 2.4550000429153447 0.023618221282958988 59.93836975097657 2 76.371921539306655 1.5000000000000002 2.9150000810623173 -0.82499998807907093 64.206577301025405 66.100002288818374 0.3201736062765122 1.4904463291168215 151.25000000000003 1.0689035058021548 3 2.0449999570846562 4 64.320678710937514 29.500000000000004 0.096611455082893385 92.634998321533217 1.5000000000000002 60.500000000000007 30.500000000000004 2.5349999666213994 163.50000000000003 0.065291069447994246 57.500000000000007
decision_type=2 10 10 10 10 10 10 2 2 2 2 2 8 10 10 8 10 10 2 10 10 9 10 10 8 10 10 10 10 9 8 10 2 10 10 10 8 9 10 2 10 10 8 10 10 10 2 10 9 2 9 8 2 10 10 2 2 2 10 10 10 2
left_child=1 3 8 4 9 -6 16 12 -3 24 39 22 -2 -12 21 -14 49 34 27 -10 36 -13 23 40 -1 -8 -27 -11 31 -30 32 33 54 -26 35 46 -17 60 43 -5 57 -16 -32 -39 45 -45 47 -18 -35 -7 -37 -44 -52 -54 -31 -56 -28 58 -4 -25 -29 -62
right_child=7 2 11 10 5 6 25 -9 19 18 13 14 15 -15 41 20 17 -19 -20 -21 -22 -23 -24 59 28 26 56 37 29 30 42 -33 -34 48 -36 50 -38 38 -40 -41 -42 -43 51 44 -46 -47 -48 -49 -50 -51 52 -53 53 -55 55 -57 -58 -59 -60 -61 61 -63
leaf_value=0.0057523367102462458 0.019207399778336638 -0.023225098564110893 0.023177212413240802 -0.015710455844019165 -0.022744044737980293 0.064837003677943775 -0.0041907519356230369 -0.02932787494386227 -0.011968682026975128 0.0082626476120194747 -0.0081658134918797635 0.015934742426809301 -0.023433477874288677 0.068662837448385222 -7.8073268902139497e-05 0.020915001929213913 0.0088205108351070288 -0.027368718080252798 -0.0049972743412858931 0.02320945236293705 0.065796496318527589 -0.0080063422804056757 0.015058731761799041 0.018923512172478979 0.012461992013867168 0.065850957323112858 0.022603727237953716 -0.024058909650119458 -0.011785095762039842 0.0041666493629037927 -0.015841364260011856 -0.0032890177785513904 -0.0061080128303236279 -0.0039793513655482686 -0.018012895415027506 0.017106277525594828 -0.012123778137777706 -0.003333194547756828 0.022786000929186589 0.010902280449871689 -0.023040189448992669 -0.013158791041485514 0.026951710984191492 0.0054111880207946498 -0.012926102836799565 0.05720604253803286 -0.0089012951306315872 0.076077905468558277 0.0079062065274573285 0.0047393210138719343 0.010044441919916484 -0.0016059166664807271 -0.0037750213933888063 -0.025229270507707291 0.05024985032547407 0.013717803994378644 -0.0079016217094242461 -0.0027403397760856728 -0.0033592239009129672 -0.011221257806270257 -0.0079179913760172877 0.031213867212118107
leaf_weight=964.89003346906975 35.360341477673501 295.0977263727691 73.6165556977503 295.56556153064594 196.11526773683727 8.9834593227133173 42.27507167449221 320.50988141028211 48.408966820687056 2481.442593107 12.773450131528081 94.245087537681684 333.36562309716828 11.974575903266667 169.49304167786613 20.169815461616963 8.9318279246799701 64.737523596733809 258.28491398505867 38.274603568948805 2.718662202358245 70.337905962020159 127.09136018203571 104.89787225611508 395.07758182520047 15.84269932284951 89.443468200974166 47.755469466093928 322.43021243344992 274.01950063137338 109.09044908219948 392.66456759860739 134.29673316329718 273.71164789469913 80.472535905893892 37.099203595891595 430.73591292998753 319.54311194363981 69.226874547079206 34.235665659420192 45.332737411139533 589.97129415348172 21.255814607255161 2492.2019453491084 68.062107784673572 9.4935354515910131 8.2490936531685275 8.953490134328602 286.5552987344563 11.844166111666707 80.915676748845726 1706.771422855556 354.1745308120735 46.784083246253431 14.912870745640246 170.60027567762882 23.998047366738319 695.28679210855626 83.06269785691984 23.213854852598161 65.024711835198104 15.272494317963718
leaf_count=9026 993 15307 1007 9589 8932 222 594 26245 1528 20861 351 2067 24760 177 2748 664 144 1481 1598 666 35 1908 2933 1386 7708 126 630 906 8330 3571 1702 3873 2718 4825 2303 432 24334 3506 1394 418 2925 19331 192 31046 470 57 145 127 3982 399 1209 33560 5052 584 314 2399 184 14560 1357 315 683 167
internal_value=-0.000127293 0.00128689 -0.00455734 0.00245368 0.00281372 -0.00392797 0.00028542 -0.0183987 -0.0171157 0.00348276 -0.00962824 -0.00223034 -0.0140686 0.0310639 -0.00731847 -0.0156187 -0.00362119 -0.00487664 0.00545993 0.00364693 -0.00978051 0.00615767 0.00184788 0.00017659 0.00120615 0.0163803 0.0231292 0.00594807 0.00013238 -0.00155163 -0.000133464 0.00357519 0.00594657 0.00640585 -0.00245652 -8.79065e-05 -0.0105424 0.00408053 0.00464553 -0.0128747 -0.00171525 -0.0102579 -0.00210818 0.00420873 0.00515152 0.00565648 0.0298038 0.0471576 0.00209193 0.0344209 -0.00171718 -0.00121926 -0.00352825 -0.00641096 0.00949801 0.0172018 0.0160561 -0.000519888 0.00919362 0.0133113 -0.00848696 5.34956e-06
internal_weight=15927.1 14784.3 2458.33 12326 11971.4 1078.82 882.705 1142.86 381.781 10892.6 354.549 2076.55 822.35 24.748 924.047 786.99 711.146 690.318 5826.31 86.6836 453.624 164.583 1152.5 1025.41 5066.28 171.559 129.284 5568.02 4101.39 2753.38 2430.95 1348.01 593.829 955.345 625.58 545.108 450.906 3086.58 2958.53 329.801 897.299 759.464 1837.12 2889.3 2569.76 2501.7 26.1344 17.8853 560.267 20.8276 518.973 1728.03 481.874 400.959 459.533 185.513 113.442 851.966 156.679 128.112 128.053 80.2972
internal_count=321056 244025 68038 175987 165452 22564 13632 77031 17501 142888 10535 50537 50786 528 26054 49793 12098 11477 60688 2194 25033 3975 24483 21550 82200 1534 940 59090 73174 52786 44456 20388 9002 16515 9996 7693 24998 38229 36473 10007 19849 22079 35454 35079 31573 31103 416 271 8807 621 7277 33752 6845 5636 6284 2713 814 16924 2364 1701 1756 850
cat_boundaries=0 1 2 3 4 5
cat_threshold=20 12 136 4 128
is_linear=0
shrinkage=0.04


Tree=58
num_leaves=63
num_cat=4
split_feature=0 1 5 9 7 21 32 29 1 23 17 9 22 20 15 21 23 20 23 5 0 20 19 22 19 26 22 0 22 21 21 24 25 1 5 0 21 32 22 20 14 7 21 22 32 25 20 2 24 23 25 22 22 18 25 21 21 25 23 25 23 7
split_gain=240.911 61.1765 57.4551 64.2788 44.6435 44.8084 34.0354 41.0667 32.8876 30.6673 29.2798 28.6941 26.6157 23.2354 25.2102 27.2444 22.9825 20.8628 20.6637 23.2219 20.1351 18.9099 18.2846 17.9606 17.07 19.5231 16.8465 16.5579 15.3731 19.1907 15.0465 13.8988 23.6305 13.8804 13.8745 13.8336 13.7456 13.6918 16.3281 13.6032 15.5906 13.5249 14.3373 16.9043 13.3574 17.3306 23.8008 20.3183 13.1451 20.2434 13.5681 20.1567 22.2277 18.0584 18.2754 13.4883 22.4043 13.2889 12.8697 12.7975 12.7342 17.2057
threshold=2.7549999952316289 2.6049998998641972 34.500000000000007 2.5000000000000004 43.500000000000007 78.926559448242202 0 1 2.5149999856948857 1.0116243958473208 4.5000000000000009 12.500000000000002 0.11901463195681573 110.00000000000001 3.5000000000000004 75.113819122314467 1.1594945192337038 218.00000000000003 1.2043316364288332 29.500000000000004 1.1250000000000002 159.00000000000003 145.50000000000003 0.02731382101774216 49.500000000000007 1.5000000000000002 0.015367629006505014 0.44499999284744268 0.12127390503883363 67.536304473876967 57.208528518676765 0.10449781268835069 276.37500000000006 2.4850000143051152 3.5000000000000004 3.1250000000000004 70.118667602539077 2 0.030162448994815353 141.00000000000003 70.979999542236342 75.500000000000014 61.860757827758796 0.18361064791679385 3 515.37500000000011 175.00000000000003 0.014999999664723875 0.050815589725971229 1.0674442648887636 167.62500000000003 0.0917622745037079 0.099577285349369063 1.5000000000000002 677.12500000000011 72.26401519775392 73.712642669677749 29.375000000000004 1.0424872636795046 225.87500000000003 1.1358339190483095 18.500000000000004
decision_type=10 10 2 2 2 10 1 9 10 10 10 2 10 2 2 10 8 2 8 2 10 2 8 8 10 2 10 8 8 10 8 10 2 8 2 10 10 1 10 2 10 2 8 10 1 2 2 8 10 10 2 10 10 10 2 10 10 2 10 2 10 2
left_child=2 23 4 28 5 6 7 9 13 -1 41 -7 26 24 17 16 -16 30 19 -18 -9 -3 -20 -2 -8 27 -12 -26 33 -30 -15 -14 -33 -4 -29 -25 60 38 -17 -6 -41 44 43 -43 45 46 -5 -48 57 55 -51 -52 -53 -54 -55 -50 -57 -46 -40 -27 61 -22
right_child=1 21 3 10 39 11 8 20 -10 -11 12 -13 31 14 15 37 18 -19 22 -21 36 -23 -24 35 25 59 -28 34 29 -31 -32 32 -34 -35 -36 -37 -38 -39 58 40 -42 42 -44 -45 48 -47 47 -49 49 50 51 52 53 54 -56 56 -58 -59 -60 -61 -62 -63
leaf_value=-0.0062343066685632068 -0.024585213326333726 -0.0079018542289126664 -0.010250346912761299 -0.015728269618413834 0.022472985382640202 -0.016178697457348856 0.018581380159940424 0.0085399700795056009 -0.010429465680072348 0.0085576864553564263 -0.023230214607945575 0.075460860162718732 -0.010881370478018961 0.031895593402243752 -0.0030529856651222193 0.0086420466575291861 0.040577767328570234 -0.015881557334296807 0.016766161600221392 -0.010662893949207632 -0.0080793963231219641 -0.027499691699656534 -0.0039418940410662897 -0.0015183989285024791 0.028180430800163726 0.035499191555812395 -0.0065997649499137953 -0.018146551053032423 -0.005462375161008717 0.052261897402530046 -0.00017950023201009814 0.032325028629206727 -0.0065529545547062572 -0.02294311273762574 0.0058075258459031869 -0.01484694413019475 -0.020901697107906889 0.0026821389306893903 0.029379831724280207 -0.0021907491047029534 0.011423601667518726 -0.031431545045370289 0.0077435401551028708 0.0012186707624018596 0.01019536342614547 -0.022945972626970856 -0.0065575077382317784 0.011027465200321477 0.011797806007097483 0.010175065520263413 -0.012118440784309664 0.038827933090800702 0.012867796883389382 -0.012290585501532812 0.035766376122363226 0.10377175254701754 0.016556352641039111 -0.013977855785202027 0.11673560676577951 0.0071785058627799212 -0.016899327122257966 0.020210918377669338
leaf_weight=241.08931890130043 87.00166646647267 95.156368000432849 304.60194501606748 152.36039554839954 140.32142427377403 249.52570054214448 204.33478295570239 120.2137312553823 389.98164956062101 2885.8013959687669 113.21630111383274 3.6104465480893841 36.144125368446112 21.548829905688763 255.46169090596959 7.7589302351698306 65.284946400672197 134.81180287897587 144.63516209553927 16.716146280989051 85.646327702328563 566.5232955685351 125.47923913132399 444.95797737012617 19.525880679488182 35.168679571710527 680.1844931114465 100.1756593734026 141.45670609781519 7.8400441599078468 3695.9667240241542 62.497885700315237 39.427264623343945 264.99086300237104 60.354790125973523 172.26359417382628 123.91455030464567 10.081330991815777 6.850146094337104 160.8730829898268 776.29742405004799 30.019308462738991 842.72989567788318 119.6161626111716 48.89053962379694 71.760461691766977 198.71348018571734 218.35376960830763 36.662487225607038 272.12743029277772 166.15081479400396 26.484158579260111 121.88579485565424 133.32965972647071 11.96651131287217 6.5920944875106242 13.182830531615762 125.39883594051935 7.0089749172329903 89.578316539525986 78.479853047989309 54.513710210565478
leaf_count=8690 5172 5531 10499 2036 1324 8749 1848 1528 10299 34869 3964 43 781 121 4095 142 578 3707 1801 169 1845 46709 2032 18593 107 287 14437 912 4840 182 50058 473 290 14034 451 10319 3134 177 134 1630 8295 253 9286 1036 1956 811 2824 4543 675 4289 2056 222 949 1147 85 73 228 3580 75 390 635 1066
internal_value=4.78583e-05 -0.0160011 0.00155624 -0.00235763 0.00316908 0.00226757 0.00273738 0.00575425 0.000725592 0.00738777 -0.00013113 -0.014259 -0.00620951 0.00160094 0.000679106 0.00802322 0.00604464 -0.000541071 0.0126476 0.0300318 -0.00529546 -0.0247257 0.00715875 -0.00774552 0.00968317 0.00360965 -0.00903539 -0.00477545 -0.0132416 -0.00172743 2.13248e-05 0.00986915 0.0173724 -0.016229 -0.00913065 -0.00528719 -0.0103491 0.0430995 0.0597857 0.0108686 0.00907838 0.00204969 0.0057152 -0.00560691 -0.000217609 -0.00468691 -0.00229961 0.00263863 0.00275443 0.0049584 0.00312818 -0.00105097 0.00522335 0.00159887 -0.00784643 0.0276385 0.0528585 -0.00711282 0.0832129 0.01566 -0.00419684 0.00299708
internal_weight=15923.5 1365.9 14557.6 4246.58 10311 9233.52 8980.38 3589.66 5390.72 3126.89 3527.69 253.136 931.47 5000.74 4491.6 639.277 607.577 3852.33 352.115 82.0011 462.768 661.68 270.114 704.223 509.138 304.803 793.401 180.056 718.89 149.297 3717.52 138.069 101.925 569.593 160.53 617.222 342.554 31.6994 21.6181 1077.49 937.171 2596.22 992.365 149.635 1603.86 641.188 569.428 417.067 962.671 788.382 731.944 459.817 293.666 267.182 145.296 56.4374 19.7749 174.289 13.8591 124.747 218.64 140.16
internal_count=321064 86324 234740 85549 149191 137942 129150 51767 77383 43559 55994 8792 19945 67084 63089 9203 8675 53886 4580 747 8208 52240 3833 34084 3995 2147 18401 1470 29555 5022 50179 1544 763 24533 1363 28912 6680 528 351 11249 9925 36049 10575 1289 25474 10214 9403 7367 15260 9724 8748 4459 2403 2181 1232 976 301 5536 209 677 3546 2911
cat_boundaries=0 1 2 3 4
cat_threshold=8 112 4 4
is_linear=0
shrinkage=0.04


Tree=59
num_leaves=63
num_cat=3
split_feature=1 10 21 22 22 10 17 23 21 20 25 10 15 24 22 20 29 14 22 25 20 20 6 22 17 24 19 23 23 29 21 15 25 22 7 22 21 24 23 23 1 14 5 1 8 20 22 23 24 14 1 21 32 25 25 24 22 25 25 15 24 5
split_gain=189.048 88.0295 51.5495 33.0651 31.4573 30.4242 27.7188 40.3804 28.9751 26.6375 25.5394 23.3367 28.2122 22.4 21.236 20.865 28.0074 21.2787 20.8218 28.0293 35.3342 20.6156 20.4489 21.648 19.1506 29.2646 28.1674 23.7807 25.2275 23.4372 26.6954 28.4998 20.9796 18.1514 17.6912 17.1477 17.0289 30.5272 28.1446 16.5392 16.2597 16.2417 15.9397 19.8958 18.4935 17.4627 17.0841 16.9438 33.6974 17.7472 15.9252 15.7654 15.4338 14.9381 15.984 15.5271 14.7812 14.7574 36.0817 21.2686 20.0699 19.5819
threshold=2.5249999761581425 1.5000000000000002 76.617176055908217 0.042542364448308952 0.193641372025013 4.7500000000000009 4.5000000000000009 1.0326827168464663 61.583427429199226 159.00000000000003 618.00000000000011 18.750000000000004 1.0000000180025095e-35 0.030085007660090927 0.11901463195681573 79.000000000000014 0 85.505001068115249 0.0096936672925949114 496.62500000000006 218.00000000000003 218.00000000000003 44.500000000000007 0.010512687265872957 1.5000000000000002 0.3201736062765122 163.50000000000003 1.1731454730033877 1.1823590993881228 1 61.135782241821296 2.5000000000000004 39.125000000000007 0.032027559354901321 26.500000000000004 0.21249818801879886 60.142297744750984 0.26936763525009161 1.4528056383132937 1.2481924295425417 2.7849999666213994 74.805000305175795 33.500000000000007 2.1950000524520878 119.25000000000001 159.00000000000003 0.16155823320150378 1.0153971314430239 0.021704585291445259 95.795001983642592 2.3549998998641972 77.739685058593764 2 445.75000000000006 43.125000000000007 0.19198799878358844 0.054964337497949607 164.62500000000003 128.12500000000003 5.5000000000000009 0.086485750973224654 68.500000000000014
decision_type=10 2 10 10 10 2 10 10 8 2 2 2 2 10 10 2 9 10 10 2 2 2 2 10 8 10 10 10 10 9 10 2 2 10 2 10 10 10 10 10 10 10 2 8 2 2 10 8 8 8 8 10 1 2 2 10 8 2 2 2 10 2
left_child=2 3 4 -2 6 -4 8 -8 9 -1 21 12 -10 -9 57 -14 17 50 -7 22 -21 24 -20 -24 53 27 -27 32 -29 41 36 -32 -26 -3 40 -23 37 -31 -39 -13 -5 -30 43 44 -18 -45 -44 -47 -49 -50 -17 -36 -35 54 -6 -56 -52 58 61 -59 -60 -15
right_child=1 33 5 34 10 18 7 13 11 -11 -12 39 15 14 -16 16 42 -19 19 20 -22 35 23 -25 25 26 -28 28 29 30 31 -33 -34 52 51 -37 -38 38 -40 -41 -42 -43 46 45 -46 47 -48 48 49 -51 56 -53 -54 -55 55 -57 -58 59 60 -61 -62 -63
leaf_value=0.019341807519730747 -0.031846362657501799 -0.01650513180542091 -0.018083377340690064 0.0024151383300605221 0.010495746025224963 -0.025105214315357317 -0.02126434245397895 0.052935027179843407 0.036114951789624435 -0.022703287780525289 -0.03166849564891798 0.0059088440049915193 0.011434908808908264 -0.0055882835174171841 0.012398844923116666 -0.0093301577756741104 0.0047416135434464801 -0.017299204045754447 0.01248122470814543 -0.0072297411468630135 0.072169932248214649 0.057920559590857831 0.058842584353969239 -0.010010149081724909 0.013431700450082889 -0.016007914083033297 0.037313887506093539 0.058243009926231902 0.015008977559353851 0.038098120997175897 0.08010396620343363 0.026104322532197931 -0.014631186507083343 -0.0096618136784664618 -0.023436765427007688 0.016028820085465984 0.0019885574562037486 -0.0081248776885366036 0.047923545749890543 -0.0042259001164719054 -0.015367449315638161 -0.0069143022636247034 -0.0054817557350368652 -0.0066043327843258353 0.031218559519020653 -0.016771880403046717 0.022144682606821821 0.035278520168738933 0.0039231046705864815 -0.0043354410902657556 0.041176594352754052 0.035265782151543835 0.00058178103223876848 0.04118663544932865 -0.00823608616688426 0.003096535841811411 0.0025637371064899778 -0.013015673694203953 0.050811472787863111 0.01429701296549421 -0.0084023866144373321 0.03923536567031085
leaf_weight=27.798421405255795 275.09597810008563 163.95263567520306 308.9772170886863 126.85237634996884 290.1938100149855 52.006247866898775 191.04355344222859 10.093694723211227 34.105480110738426 127.54129502223805 25.622434049844742 3005.8241488602944 271.81247187266126 301.58153415331617 139.27858551591635 234.06677267095074 1684.6287132743746 233.71015783539042 108.58735089655966 15.916181875392793 17.168286228552461 17.387213673442602 5.5231852978467932 251.58059833757579 88.529877062886953 100.39356814837083 16.75265446305275 21.574222480878234 108.3510912861675 96.717894243542105 21.768473067786545 58.571457905694842 78.533867589663714 326.64075044938363 309.42746431706473 105.48085109749809 92.895132831297815 62.040230328217149 16.452018268406391 279.42522994428873 225.98819751129486 103.75316326040775 735.93540939386003 527.02689439756796 41.510148590430617 75.852880243211985 35.595451179891825 46.232929190155119 1374.1247287942097 594.368399676634 15.505383361130951 5.6855331561528137 823.78841643594205 14.08501126244664 271.81377881392837 656.69422142487019 180.69804629171267 361.60670710168779 31.390253332909197 50.215107934549451 11.618584642186759 14.42139342939481
leaf_count=158 22840 7720 13399 5245 3071 1628 10027 251 955 1600 209 32715 2139 6810 1476 3230 20843 7054 1676 340 154 249 175 7072 1511 855 101 240 681 1098 246 410 969 8848 21072 1212 664 537 115 1701 15013 915 20572 10069 449 3769 580 738 25191 13664 314 228 21232 112 2200 4063 3505 5611 461 695 148 513
internal_value=-0.00011996 -0.0108375 0.00165398 -0.0201521 0.00225193 -0.00845535 0.00134184 -0.00462894 0.00204004 -0.0149782 0.00655041 0.00232615 0.000857244 -0.00112796 -0.00185108 0.000645333 0.000132709 -0.00751936 -0.00178767 0.00134343 0.0355099 0.00702281 -0.00190222 -0.00805737 0.00607149 0.0106263 -0.00781706 0.0135339 0.0173402 0.0155503 0.0217031 0.0424232 0.000175461 -0.00412791 -0.0152432 0.0228538 0.0159998 0.0232771 0.00442238 0.00504236 -0.00897417 0.00409206 0.00114255 0.00208728 0.00541835 -0.000108742 -0.00414288 0.0015297 0.00223865 0.00142358 -0.00230721 -0.0221366 -0.00233146 0.00285215 0.00233579 -0.000222979 0.00604027 -0.00446162 0.00144588 -0.00961299 0.0349749 -0.00328362
internal_weight=15901.8 2257.43 13644.4 943.05 12884.6 759.759 10637 1111.25 9525.76 155.34 2247.61 9370.42 6085.17 920.206 910.112 6051.07 5779.26 663.98 450.782 398.776 33.0845 2221.99 365.691 257.104 2099.12 866.334 117.146 749.187 582.124 560.549 348.445 80.3399 167.064 1314.38 667.954 122.868 268.105 175.21 78.4922 3285.25 352.841 212.104 5115.28 4343.74 1726.14 2617.61 771.531 2090.58 2014.73 1968.49 430.27 315.113 1150.43 1232.79 1218.7 928.508 196.203 770.834 359.012 411.822 43.0088 316.003
internal_count=321338 102198 219140 64398 194696 24444 175238 25992 149246 1758 19458 147488 113072 15965 15714 112117 109978 14103 11045 9417 494 19249 8923 7247 17788 8342 956 7386 4906 4666 3070 656 2480 37800 41558 1461 2414 1750 652 34416 20258 1596 95875 74723 21292 53431 21152 43362 39593 38855 7049 21300 30080 9446 9334 6263 3819 14238 7932 6306 609 7323
cat_boundaries=0 1 2 3
cat_threshold=12 152 4
is_linear=0
shrinkage=0.04


Tree=60
num_leaves=63
num_cat=8
split_feature=0 1 22 4 5 15 22 4 29 14 4 6 14 5 6 6 19 29 22 24 9 21 6 0 24 21 32 6 17 4 0 20 22 30 20 19 2 16 21 10 19 0 21 20 29 32 20 28 24 22 22 22 1 24 24 20 22 15 21 32 22 6
split_gain=216.822 58.873 56.1078 42.9749 30.5894 29.4398 25.1602 24.0451 22.6446 22.5175 19.8753 35.5415 33.7608 27.2304 23.1467 22.1336 18.9617 18.2175 22.7495 22.106 18.3851 18.1734 17.8616 20.7779 17.8507 18.0672 17.086 18.9009 16.841 16.7949 16.1856 19.2425 15.9761 15.8615 19.2124 15.827 15.3797 14.9586 14.6064 17.645 19.1655 16.2627 15.6001 14.2649 14.1395 22.9089 17.9284 13.7693 17.4132 13.7456 14.9031 13.6132 13.6082 14.2163 13.5388 13.0292 15.6115 12.9686 28.3297 15.8036 12.9637 12.9442
threshold=2.7549999952316289 2.8149999380111699 0.013452543411403896 2.2250000238418584 30.500000000000004 3.5000000000000004 0.027693261392414573 2.495000004768372 0 83.795001983642592 0.50499999523162853 4.5000000000000009 86.174999237060561 35.500000000000007 2.5000000000000004 165.75000000000003 167.50000000000003 1 0.193641372025013 0.14791696518659594 16.500000000000004 76.24585342407228 214.25000000000003 2.0849999189376835 0.33845931291580206 60.142297744750984 2 27.500000000000004 4.5000000000000009 0.79500001668930065 1.0000000180025095e-35 171.50000000000003 0.22302109003067019 3 159.00000000000003 55.000000000000007 0.83499997854232799 1.5000000000000002 62.269115447998054 38.750000000000007 163.50000000000003 2.9650000333786015 84.929595947265639 159.00000000000003 4 5 79.000000000000014 6 0.15755258500576022 0.11901463195681573 0.096611455082893385 0.089763846248388304 2.9250000715255742 0.13790606707334521 0.10449781268835069 179.00000000000003 0.020898253656923774 3.5000000000000004 75.113819122314467 7 0.074320640414953246 131.25000000000003
decision_type=10 10 8 2 2 2 8 2 9 8 2 2 10 2 2 2 10 9 8 10 2 10 2 10 10 10 1 2 10 2 8 2 8 9 2 10 8 2 8 2 10 10 10 2 9 1 2 9 10 10 8 8 8 10 10 2 10 2 10 1 10 2
left_child=2 6 16 10 5 8 -2 43 26 -10 12 -12 14 17 30 -16 21 18 19 35 29 -1 23 -14 25 32 36 -28 55 -19 31 -4 -20 -32 -35 -13 -5 -18 -8 42 -41 -42 -40 -6 46 -46 -31 -27 -49 50 60 -9 53 57 -51 56 -15 -37 -59 -60 -30 -56
right_child=1 -3 3 4 7 -7 38 51 9 -11 11 13 22 28 15 -17 37 20 24 -21 -22 -23 -24 -25 -26 47 27 -29 49 44 33 -33 -34 34 -36 52 -38 -39 39 40 41 -43 -44 -45 45 -47 -48 48 -50 54 -52 -53 -54 -55 61 -57 -58 58 59 -61 -62 -63
leaf_value=0.049675247065428557 -0.026304969878813884 -0.026592828821742878 0.004214456996236563 0.014754959564683642 0.011448809237633502 0.012174605177955117 0.01243411234227062 -0.021098929098557845 0.00060215336987172051 -0.014533196036863122 -0.016180465528247853 0.026395729391519036 -0.0027764275265010981 0.023560720483303703 -0.0029813253862740253 0.056975856131155071 -0.029447524995393336 0.026229222658251575 -0.034795643148057082 -0.0053073605089255264 0.015400637254925131 -0.0089782962195630693 0.03969117819179916 -0.016548368744151679 -0.014561137077156054 0.024660733709516131 0.010059606644036339 -0.00742081506684309 -0.008305393157869349 0.015342335151286102 0.016431124182381948 0.044463504270922209 0.016340528756728964 -0.0031110782092837394 0.008677858563462296 0.0038776033577354158 0.00029194940997042068 0.020600621635831765 -0.010145134507817536 -0.013373721376501627 0.077700311248362186 0.0077793076834529653 0.05381168038877273 -0.004877273790213704 0.0082805432013206177 0.0011953811791237437 -0.0051001382461236221 0.0095306499731029112 0.073988598544887665 -0.016224947701018601 -0.023565276423472545 -0.0059469391513857538 -0.0092659499711344427 0.030847998849000528 0.041030432567200945 0.0066313225771467092 -0.0012272313502314023 0.010522340873568672 0.083144015867383028 0.019326731596154341 0.0085221952222341042 0.005199114070228438
leaf_weight=7.9625544855371109 115.32018157467246 483.01219876436517 38.222872633486986 255.31997139658779 91.79523101914674 316.66746763535775 59.163591315969825 235.58620280795731 306.9664136020001 318.10114694619551 134.96601571794599 82.876013246364892 1201.7574101802893 40.396919230930507 653.59560804069042 7.9944632132537654 143.79175811912864 50.79671018384397 8.5658710915595275 182.55182900652289 232.00751838553697 53.744798621162772 12.569662784226237 204.03920924500562 20.631340498104692 89.12965483777225 135.3497027461417 351.01307822181843 330.37198848091066 77.48705143481493 182.03959550522268 37.755221001803875 137.58948097191751 382.48002286721021 517.50453787390143 447.83922534156591 218.98229485377669 8.6616229228675348 633.81660568667576 16.162121796049178 8.8418726362288016 12.00635357480496 4.1684655132703474 966.28836034354754 1403.5547399781644 1527.5771648124792 497.7929814318195 10.4552463311702 23.138004699721932 24.265888946130872 77.560829078778625 164.36080554872751 64.238113577943295 45.926817128434777 22.598021671175957 789.12258159741759 982.74560378305614 264.0818122504279 12.291760928928852 14.554515465162694 91.774084033910185 50.833250200375915
leaf_count=211 7630 41718 304 5568 1635 6697 1513 13266 6785 9911 1222 840 21460 912 9429 95 5713 336 80 1207 2473 1973 162 6714 133 654 1905 7915 7017 467 1531 235 2481 4758 5731 5452 3495 179 34589 383 171 221 94 25643 13131 14274 7076 215 180 517 1751 6379 969 333 142 10366 10354 2892 142 179 1124 338
internal_value=-2.39043e-05 -0.0154557 0.00139069 0.00169596 -0.00225968 0.00107798 -0.00906613 -0.00661556 -0.0011455 -0.00699776 0.00290799 0.00400893 0.000273747 0.00437255 0.00388034 -0.00207523 -0.018834 0.00600298 0.00990743 0.00734699 0.00451181 0 -0.00434639 -0.00480166 0.0199573 0.0227234 0.00270525 -0.00251854 0.000853425 0.0038038 0.00728749 0.0249451 0.0128603 0.00599648 0.00362291 0.00984075 0.00812354 -0.0263223 -0.00628331 -0.0079676 0.0181614 0.0419891 -0.00954789 -0.00343441 0.00346188 0.00457852 -0.0022502 0.034011 0.0558149 -0.00495559 -0.00764628 -0.0149526 0.00815695 0.00961335 0.00860397 0.0027761 -0.000196664 0.00820274 0.0147614 0.052562 -0.0046053 0.0171276
internal_weight=15882.8 1332.49 14550.3 14336.1 3360.43 1902.4 849.479 1458.03 1585.73 625.068 10975.7 7737.72 3237.96 7602.76 1819.59 661.59 214.161 5193.09 1403.87 1114.36 3789.22 61.7074 1418.37 1405.8 289.51 268.878 960.665 486.363 2409.67 3557.21 1158 75.9781 146.155 1082.02 899.985 931.808 474.302 152.453 734.159 674.995 37.0103 20.8482 637.985 1058.08 3506.41 2931.13 575.28 122.723 33.5933 597.404 499.707 399.947 848.932 784.694 97.6972 1812.27 1023.14 738.767 290.928 26.8463 422.146 73.4313
internal_count=321270 86319 234951 226875 89199 42276 44601 46923 35579 16696 137676 87257 50419 86035 22083 9524 8076 53514 15757 12014 37757 2184 28336 28174 3743 3610 18883 9820 32521 35284 12559 539 2561 12020 10489 10807 9063 5892 36971 35458 775 392 34683 27278 34948 27405 7543 1049 395 10889 9892 19645 9967 8998 997 21632 11266 8665 3213 321 8141 480
cat_boundaries=0 1 2 3 4 5 6 7 8
cat_threshold=16 192 8 48 12 8 16 4
is_linear=0
shrinkage=0.04


Tree=61
num_leaves=63
num_cat=4
split_feature=4 1 21 25 20 21 0 11 21 19 1 17 21 19 16 30 9 21 7 21 20 25 23 5 21 25 32 24 1 19 14 9 25 9 29 25 23 24 14 1 26 24 23 21 21 25 21 28 23 11 24 11 24 11 24 23 16 4 11 21 17 17
split_gain=201.895 51.2095 40.3273 56.6245 38.5334 33.8966 32.2859 31.148 26.0537 25.0738 22.6242 20.815 43.4554 19.4405 22.6337 20.5154 18.9608 17.4995 16.9233 16.611 15.4616 15.065 15.0518 14.7597 19.8201 14.0373 17.4029 13.1222 12.9823 12.9741 12.7084 12.7871 12.5842 15.6692 12.1184 11.7323 11.5869 18.5329 14.4024 21.2194 20.9998 16.4372 15.0319 13.2095 12.7628 16.5809 11.5491 11.5367 21.9816 13.6037 11.4275 11.3699 11.2901 17.8669 17.6977 18.2187 14.9578 13.2 12.2129 11.1506 17.1138 13.3911
threshold=2.6650000810623173 2.2549999952316289 68.308303833007827 164.62500000000003 218.00000000000003 67.372478485107436 3.1049998998641972 0.04313445836305619 78.926559448242202 59.500000000000007 1.794999957084656 4.5000000000000009 73.944297790527358 10.500000000000002 4.5000000000000009 0 3.5000000000000004 59.93836975097657 11.500000000000002 74.235458374023452 79.000000000000014 9.6250000000000018 1.0326827168464663 43.500000000000007 84.398693084716811 677.12500000000011 1 0.15303881466388705 2.7050000429153447 190.50000000000003 63.454999923706062 8.5000000000000018 472.37500000000006 2.5000000000000004 2 120.62500000000001 1.0013249516487124 0.022670523263514045 88.345001220703139 1.8949999809265139 1.5000000000000002 0.12433354556560518 1.0362150073051455 58.195064544677741 66.347663879394545 167.62500000000003 78.199050903320327 3 1.0368346571922304 0.39246422052383428 0.01448150258511305 0.23540768027305606 0.3201736062765122 0.33946646749973303 0.22043872624635699 1.2481924295425417 2.5000000000000004 2.1650000810623173 0.06256990879774095 74.533176422119155 2.5000000000000004 3.5000000000000004
decision_type=2 10 10 2 2 10 8 10 10 10 8 10 8 8 2 9 2 8 2 8 2 2 10 2 10 2 1 10 10 10 10 2 2 2 9 2 8 8 10 8 2 10 10 10 10 2 10 9 10 10 10 10 10 10 10 10 2 2 10 8 10 10
left_child=1 8 3 9 25 29 10 21 11 34 -2 13 22 15 16 -1 36 35 -14 52 -8 -4 -13 46 -25 51 -27 50 -11 -6 -17 -32 33 -7 -3 -12 -15 44 40 -40 41 42 -39 -44 -38 -46 -19 48 -10 -49 -9 -5 54 -54 55 57 -56 -18 -59 60 -21 -62
right_child=6 2 7 4 5 32 20 27 47 28 17 12 18 14 -16 30 19 23 -20 59 -22 -23 -24 24 -26 26 -28 -29 -30 -31 31 -33 -34 -35 -36 -37 37 38 39 -41 -42 -43 43 -45 45 -47 -48 49 -50 -51 -52 -53 53 -55 56 -57 -58 58 -60 -61 61 -63
leaf_value=0.0095019256707508885 0.020792827305916022 -0.00014919578622563754 0.0020141137680928121 -0.01816544718610871 0.03169812756565972 0.096936360025141277 0.03434094011040819 -0.023002777062408823 0.050528568975853533 0.0069688146360766369 0.052066993763475893 -0.016065162440060423 0.045807573549850468 -0.010954382651006534 -0.023723361579750982 0.0080345642100666335 0.0062811811848291479 -0.0091419348956142382 -0.023718938115735017 -0.0098262964619236226 -0.028005204842664437 -0.017226705195424991 0.0028035067991364505 -0.027982729780986211 0.040842920919213634 0.057148407490762429 -0.015948961331119636 0.015993029093483661 -0.0073507798010333083 -0.0060034060709305594 -0.0090956418305613001 0.002555196069227072 0.012473301877591514 0.020557469024716477 0.02170067351212928 -0.0043729597011340649 -0.0011512316835028394 -0.012043321991326215 0.0090232163254053005 -0.0027846635925844456 0.0099452585589311759 -0.0028494384168551048 0.033714583245495644 0.0056858870664781352 0.040478595194313204 0.0020473464938713486 -0.029235632353707845 -0.013816261585264198 -0.020574083079664889 0.013574231780807994 -0.0033949485254636614 -0.00062884356034821262 -0.014241771001884061 0.011325989571680168 0.017280159235313248 -0.007065904574903371 0.0033809465548682665 0.037973978514464594 -0.001213561503148513 0.011311295453539342 0.073877985038689101 0.0099479496611833106
leaf_weight=205.092935399618 30.662043362623081 57.598703950643539 73.266504229977727 346.88303009606898 14.992206217721103 9.3000423759222048 4.759743219241499 48.244840674567968 12.431914830580356 405.39460575883277 8.6535802027210611 72.261163252871484 3.9313869983889154 101.96741918986663 44.690165889449418 115.19151249341667 3023.8736310824752 485.06168105942197 157.90214712126181 8.8645255384035391 328.22007280401886 511.90945643931627 751.72582202823833 152.23812389024533 5.1955941789783529 7.979029611684382 9.2617264315485972 51.230983451008797 132.55490890005603 101.57662191288546 578.50061660329811 201.26658930070698 14.376741384156047 9.672237763181327 229.34032808896154 12.039919483009724 36.358421533368528 72.987684944178909 292.84837306430563 1393.9199954015203 695.15161697752774 725.2864414351061 26.042553290724754 848.92215024027973 50.359555867034942 28.368437039665878 49.795792910736054 263.5051729765255 11.637109829112886 30.674325470812619 995.64990771468729 72.555482929572463 113.44750599004328 68.271539442241192 346.48798890784383 201.6292329095304 196.47657073102891 11.014147440902887 563.35278467042372 413.51277179224417 14.444263443350792 9.1937763490714133
leaf_count=2265 861 910 2881 6503 139 142 138 2679 115 9064 314 2937 145 4054 290 1438 27631 29049 6509 108 29778 25717 10442 12551 252 117 165 585 4576 1731 12418 2250 208 81 3516 340 224 773 3965 24677 8608 7315 121 12766 793 502 3829 8702 347 401 22246 505 725 330 2082 1281 1116 235 7716 8605 150 161
internal_value=0.000173889 0.00139317 -0.0031823 0.00179657 -0.00768167 0.00969219 -0.0165325 -0.00736657 0.00260416 0.00854872 -0.0118242 0.00292106 -0.00262492 0.00344857 0.00404429 -0.00157185 0.00418452 -0.0132923 -0.0214425 0.00586487 -0.0268904 -0.0148054 0.0011042 -0.014399 -0.0251773 -0.0136816 0.0198887 -0.00336462 0.00341138 -0.000634158 -0.0041932 -0.00607935 0.0440071 0.064053 0.0180622 0.0213851 0.00222578 0.00255506 0.00209873 -0.000721642 0.0041097 0.00167154 0.00513772 0.00660425 0.0182554 0.0271234 -0.0111295 -0.00864362 0.0169033 -0.0108608 -0.00435105 -0.0151683 0.0051315 -0.00457373 0.00554136 0.00456811 0.0122962 0.00522581 -0.000319053 0.0132305 0.0353442 0.0520408
internal_weight=15860 14783.4 3091.79 1411.49 586.597 149.918 1076.63 1680.3 11691.6 824.889 743.647 11373.3 985.821 10387.5 9287.47 1100.05 9242.78 712.985 161.834 4970.57 332.98 585.176 823.987 692.291 157.434 436.679 17.2408 1095.13 537.95 116.569 894.959 779.767 33.349 18.9723 286.939 20.6935 4272.21 4170.25 4055.16 1686.77 2368.39 1673.24 947.952 874.965 115.086 78.728 534.857 318.249 24.069 294.179 1043.89 419.439 4524.55 181.719 4342.83 3799.87 542.965 3598.24 574.367 446.015 32.5026 23.638
internal_count=321074 243962 81765 27657 9591 2301 77112 54108 162197 18066 47196 152632 20033 132599 114228 18371 113938 46335 6654 50140 29916 28598 13379 45681 12803 7290 282 25510 13640 1870 16106 14668 431 223 4426 654 63798 59744 58225 28642 29583 20975 13660 12887 1519 1295 32878 9565 462 9103 24925 7008 41116 1055 40061 36863 3198 35582 7951 9024 419 311
cat_boundaries=0 1 2 3 4
cat_threshold=20 16 136 8
is_linear=0
shrinkage=0.04


Tree=62
num_leaves=63
num_cat=3
split_feature=0 22 1 11 5 11 21 11 1 15 20 5 21 15 23 14 21 32 7 24 21 22 22 1 26 20 20 21 29 22 22 24 23 23 23 23 23 23 0 22 22 21 22 14 23 24 15 22 7 22 32 21 21 18 23 23 17 21 23 22 0 17
split_gain=185.302 55.2866 41.9112 39.7734 45.0387 24.5602 22.4198 21.615 20.4794 20.4699 36.1337 25.2799 23.07 19.123 29.3762 25.2121 17.7291 17.3302 16.9958 16.863 29.1955 20.0601 39.5685 21.8736 16.0913 15.9 15.7442 22.4598 15.6566 25.1463 38.1052 19.8162 28.1708 35.1203 19.2278 20.7283 18.6918 16.3437 16.1771 15.5954 22.6166 34.2067 20.3493 22.8547 15.5117 23.276 18.4303 16.1867 22.0839 21.8908 54.9227 19.9308 26.6961 24.7256 19.3901 18.3462 16.3604 19.0186 32.2474 15.6452 15.1873 14.9225
threshold=2.9050000905990605 0.017273891717195514 2.8249999284744267 0.035785431042313583 26.500000000000004 0.15221863985061648 68.252796173095717 0.52322071790695202 1.8450000286102297 3.5000000000000004 218.00000000000003 22.500000000000004 76.478694915771499 3.5000000000000004 1.0484992265701296 90.970001220703139 83.633903503417983 0 5.5000000000000009 0.24477943778038028 63.194150924682624 0.10294625535607339 0.10459657013416292 3.1049998998641972 4.5000000000000009 159.00000000000003 184.00000000000003 77.16318511962892 1 0.193641372025013 0.208744652569294 0.3201736062765122 1.2232519388198855 1.2429965138435366 1.2588252425193789 1.3589462041854861 1.3434811234474184 1.4528056383132937 1.7749999761581423 0.11531509459018709 0.10677414759993555 67.717876434326186 0.12520716339349749 95.634998321533217 1.019891679286957 0.078933078795671477 1.5000000000000002 0.093937966972589507 43.500000000000007 0.10516104474663736 2 66.798545837402358 66.114692687988295 1.5000000000000002 1.1378521323204043 1.2078961133956911 4.5000000000000009 66.984218597412124 1.1683899760246279 0.089220236986875548 2.5449999570846562 4.5000000000000009
decision_type=10 8 10 8 2 8 8 10 8 2 2 2 10 2 8 8 10 1 2 8 10 10 10 8 2 2 2 10 9 10 10 10 10 10 10 10 8 10 10 10 10 10 10 10 8 8 2 10 2 10 1 8 10 10 10 10 10 10 10 10 8 10
left_child=1 5 -2 4 6 26 -3 9 -8 10 28 -12 19 15 18 17 -13 -10 -15 20 -11 -22 -23 39 -25 -6 27 -1 29 38 -31 32 -32 -34 -35 36 -36 -37 -5 40 41 -24 43 -41 46 61 -30 51 -49 50 -50 52 -47 -54 -51 56 57 -56 -59 -53 -27 -46
right_child=2 3 -4 7 25 -7 8 -9 13 12 11 16 -14 14 -16 -17 -18 -19 -20 -21 21 22 23 24 -26 60 -28 -29 44 30 31 -33 33 34 35 37 -38 -39 -40 42 -42 -43 -44 -45 45 47 -48 48 49 54 -52 59 53 -55 55 -57 -58 58 -60 -61 -62 -63
leaf_value=0.066076962035248488 -0.01019853011303877 0.0086440618947761852 -0.027798629630083425 0.0010726348361857283 0.01035237372747758 -0.0017745495820424549 0.036370991047309391 0.010273144003718006 -0.012049885692268064 -0.0086229827865937619 -0.020838033322684107 -0.0044169684037271067 0.037827572333904845 -0.0067059299588329638 -0.0003297135959181245 -0.018153015805028035 0.037093164835869351 0.0074866246804752446 0.074948900095615986 0.014405424457958976 0.0020131540702091038 0.078224021008098193 -0.019374894061265881 -0.012965836015445459 0.038711079904123542 -0.0081210506653740695 -0.026532971309676218 -0.013340276114809133 0.029181063105666278 0.034655870190301849 -0.015408188568987362 -0.018366526571996097 0.064690341509909169 -0.018638809455377211 0.018780511508758042 -0.0064156573842993969 0.071808312762181151 0.032893370647258266 -0.0056119404068945304 0.067150140315887369 -0.01123281924334602 0.061135145937713721 0.014208447140532692 0.0057307897633480645 0.0082017294119608713 -0.0038265740495927064 -0.012581262290539614 0.001614444896809426 -0.010793400835742354 -0.0071671011896726113 0.051516884206375436 -0.0018840499269409049 0.013593137959999564 0.075718935053364855 0.0036974203407840111 0.0041441121983270494 0.051861092797759842 0.0020522157728769265 0.058666207015854351 -0.018257228065581048 -0.020084085329178995 -0.002190270810356703
leaf_weight=5.3827606635168221 538.32592886313796 425.07683753129095 367.18082445138134 1142.2577159069479 50.239346977788955 159.56292958976701 18.12108700023964 534.65570451598614 116.9095338541083 257.22699810331687 185.85842158249579 269.49095600727014 33.591359212528914 4.859000675147402 62.8538722936064 208.56540448358282 15.510102336294947 184.71154788252898 13.704701424110679 273.54007507394999 807.60006809397601 12.132390853948889 12.999158300459387 84.302273499779403 8.848035663366316 476.1198824418243 191.13564532320015 22.87016164092347 16.77351184701547 71.357513485942036 63.762022759765387 56.765296101570129 18.364311650395393 31.214289543218911 43.927092282567173 70.139471050351858 13.493823964148758 20.078075110912323 1168.7301373102237 24.524064288940281 75.554417726583779 18.209177131764591 287.97801469033584 16.38770467787981 1707.5343258774374 52.076859834603965 168.5758385239169 2851.1670311838388 35.671405546367168 124.74164417432621 56.439726548269391 1247.992800401058 28.844452862627804 15.352302867686374 93.277281761635095 289.10635797819123 21.736945032142103 31.051514281425625 32.472491458058357 99.216548003256321 269.98416140885092 251.73505213949829
leaf_count=187 30752 9724 34002 14029 1656 3937 392 4141 3875 3349 5483 5705 718 166 2426 9433 192 5348 760 4116 12050 105 134 1315 38 17396 9276 1036 590 687 1105 407 232 244 373 450 86 132 21683 274 757 137 3110 127 25598 562 6017 24323 327 1381 519 20269 285 221 874 2025 198 294 208 1124 18303 6580
internal_value=0.000159943 0.00122546 -0.0173897 0.00161896 -0.00388885 -0.0138157 0.00160857 0.00241158 -0.00329545 0.00206499 0.0013573 -0.00944099 0.005864 -0.00464238 0.0131108 -0.00753125 -0.00188732 -8.89497e-05 0.0546134 0.00524881 0.00366803 0.00602771 0.0119771 0.0101531 -0.00726263 -0.0110286 -0.022442 0.00489393 0.0018775 -0.000715388 0.00865887 0.00261531 0.00731444 0.014782 0.00895449 0.015013 0.0333741 0.00276954 -0.00230641 0.0139113 0.00053078 0.0282123 0.0182013 0.044148 0.00285831 0.00316904 -0.00848804 0.00171227 0.00316984 0.00961335 0.0275847 -0.0018518 0.0155305 0.0376903 0.00672208 0.0104587 0.0204804 0.0154815 0.0320218 -0.00312107 -0.0125028 0.00686157
internal_weight=15857.9 14952.4 905.507 14573.4 1831.15 378.951 1034.8 12742.3 609.725 12207.6 10294.7 470.859 1912.89 591.604 81.4176 510.186 285.001 301.621 18.5637 1879.3 1605.76 1348.54 540.935 528.803 93.1503 796.343 219.389 28.2529 9823.86 2700.09 389.102 317.744 260.979 197.217 178.853 147.638 57.4209 90.2175 2310.99 435.653 106.763 31.2083 328.89 40.9118 7123.77 6938.42 185.349 4979.15 3535.66 684.497 92.1111 1443.48 96.2736 44.1968 592.386 467.645 178.538 156.801 63.524 1347.21 746.104 1959.27
internal_count=321243 256489 64754 242053 69479 14436 32124 172574 22400 168433 142203 11380 26230 22008 3352 18656 5897 9223 926 25512 21396 18047 5997 5892 1353 37355 10499 1223 130823 39428 3716 3029 2622 1517 1285 1041 459 582 35712 4539 1028 271 3511 401 91395 84788 6607 52610 30149 5826 846 22461 1068 506 4980 3599 1574 1376 502 21393 35699 32178
cat_boundaries=0 1 2 3
cat_threshold=4 72 8
is_linear=0
shrinkage=0.04


Tree=63
num_leaves=63
num_cat=2
split_feature=4 0 22 22 21 16 25 20 23 25 22 32 19 25 6 9 21 4 25 21 23 25 23 7 11 25 6 25 0 0 4 22 16 0 20 6 29 23 21 19 25 21 11 19 22 0 24 21 22 23 23 21 23 22 22 24 12 21 24 17 6 21
split_gain=167.224 54.6206 48.3463 28.0968 25.872 22.8112 21.5343 33.0118 27.6242 23.6958 22.1073 21.4694 21.0316 20.0446 19.6078 18.7242 21.3558 20.9289 20.8335 18.6908 17.7047 17.1695 23.2993 18.5672 19.4314 16.5788 20.8636 18.7146 16.9103 16.2143 16.058 15.556 15.5556 15.2724 15.1204 14.6444 15.8063 14.7581 16.7158 14.6539 16.9956 33.3067 16.9049 16.7825 28.2662 25.139 30.2917 23.9936 19.5462 18.9939 31.2943 24.8542 18.9946 16.3312 15.3248 16.2967 15.3085 14.7028 14.3287 13.993 17.4225 13.5084
threshold=2.7350000143051152 2.2749999761581425 0.053768806159496314 0.063157849013805403 80.50296783447267 1.5000000000000002 167.62500000000003 179.00000000000003 1.0593760013580324 150.62500000000003 0.21839360147714618 0 5.0000000000000009 677.12500000000011 103.25000000000001 15.500000000000002 70.319358825683608 1.9249999523162844 132.62500000000003 78.408687591552749 1.2232519388198855 252.12500000000003 1.3789317607879641 22.500000000000004 0.063855923712253584 423.75000000000006 197.25000000000003 391.50000000000006 1.325000047683716 3.0349999666213994 1.7150000333786013 0.10032052919268609 2.5000000000000004 3.1350001096725468 79.000000000000014 155.25000000000003 1 1.0013249516487124 68.052261352539077 111.00000000000001 261.37500000000006 66.114692687988295 0.21433816105127337 167.50000000000003 0.10032052919268609 2.1450001001358037 0.11309601366519929 67.372478485107436 0.026524198241531852 1.21013480424881 1.2276534438133242 63.086299896240241 1.0317353606224062 0.10587605834007265 0.26366053521633154 0.019757772795856002 3.5000000000000004 61.135782241821296 0.029096443206071857 1.5000000000000002 18.500000000000004 70.018600463867202
decision_type=2 10 8 10 8 2 2 2 10 2 10 1 8 2 2 2 10 2 2 10 10 2 10 2 10 2 2 2 10 10 2 10 2 10 2 2 9 10 10 10 2 10 8 10 10 8 10 10 10 10 10 10 10 10 10 10 10 10 8 8 2 8
left_child=1 11 5 -2 33 14 9 13 -9 29 -11 12 -1 20 19 16 32 -17 -18 30 -8 -10 23 -23 -25 27 -27 -20 -29 58 -3 -15 -13 59 -35 36 -14 38 -38 40 54 42 -42 49 45 46 48 -46 -45 52 -51 -52 56 -49 55 -39 -41 -57 -4 60 -5 -60
right_child=3 2 6 4 -6 -7 7 8 21 10 -12 15 35 31 -16 17 18 -19 25 -21 -22 22 -24 24 -26 26 -28 28 -30 -31 -32 -33 -34 34 -36 -37 37 39 -40 43 41 -43 -44 44 47 -47 -48 53 -50 50 51 -53 -54 -55 -56 57 -58 -59 61 -61 -62 -63
leaf_value=-0.022725156896358883 -0.025545349712635147 -0.02132733559696523 -0.012584644871029704 -0.0076608026956613952 0.077583897679434494 0.020516099556995054 -0.023961492772464069 0.047611049128619021 -0.014635406747270962 0.013158143101072679 0.074492157391541206 0.0021500896565881705 -0.0024175562579779593 -0.0041240834554278393 -0.020091002283441243 0.014294193714251073 -0.0085355890626949565 0.0019636312797884181 0.0024717867378642694 -0.023802780509563158 -0.0061599187212690067 0.024534115991834554 0.069179342830267845 -0.014218378656310411 0.0082900972684689621 -0.014481269806302093 0.04038063134203098 -0.00091667023065451455 0.063877128938915118 -0.01462755003659004 0.00057004393492364285 0.041774967363864837 -0.0058149340025438088 0.037762103061865636 -0.025809618158439976 -0.0033457103711307255 0.0031836717841284114 0.03737279542445842 -0.018015602294696335 -0.0099730523343140986 0.035120327050628765 -0.018988191005694457 -0.0021073009208067892 -0.005052627104760973 0.0076652466990258733 -0.017353141359029531 -0.017449631010966742 0.071807674189147047 0.016038490477595965 0.052058367378380342 0.013333921206850926 -0.015732642586201429 -0.0046749538287946717 0.02661517749711435 -0.00032955199943091485 0.031339336231101633 0.072010598369203885 0.010203366511131242 0.0053654769903029465 -0.012119366830929568 0.027103229748050836 -0.0026346950192541367
leaf_weight=43.395508811809123 376.26482123159803 63.221623542020097 101.98426860268228 56.563508299877867 3.258317661471664 31.598683443851769 229.94600683450699 18.225775222294033 98.350181358866394 46.961839666590095 10.367244472727178 3965.6594063895755 385.82999013410881 42.670005775056779 361.2164621592965 317.76573577523232 805.66192783787847 716.54152638372034 527.68498532054946 88.036449840757996 150.64478049473837 48.725756712257862 6.6596052767708889 111.50033797835931 131.37240164913237 147.76769764721394 9.9978307560086233 10.530869504436852 13.4892769344151 100.43434840231203 296.24192007561214 14.063754704780875 433.00850943382829 4.460945349186658 128.43601230508648 338.64879360049963 224.54503463022411 37.181383457034826 78.606145043857396 4.9785739947110397 36.841905817389488 91.49648997373879 38.035102687776089 89.446137626189739 112.18899688217789 77.440251538064331 67.148375516757369 15.025422429665921 305.15654988586903 22.96489442139864 155.75919098220766 65.009096976369619 602.2710645836778 84.44771412294358 188.80676938220859 53.666487906128168 7.4377272296696901 1438.3565062507987 1031.0211228812113 236.08903085161 36.000448871869594 498.70708791096695
leaf_count=726 35713 3695 6382 2310 50 796 4682 476 1695 789 105 49296 6083 910 19053 2704 16357 7895 8326 4762 2060 736 80 3729 1595 2681 128 232 240 5673 10739 218 3062 117 11328 4934 6246 272 3638 58 215 886 196 2116 1091 1861 513 118 3700 180 1115 434 6669 704 1064 308 231 13928 21916 14871 1768 16705
internal_value=-7.99736e-05 0.000893998 -0.00349363 -0.0174145 -0.0107341 -0.011839 -0.000828961 -0.00605678 0.00200982 0.00166007 0.0265217 0.00222207 0.00435299 -0.0137011 -0.0131606 0.000820131 -4.76262e-05 0.00577989 -0.00414138 -0.00748412 -0.0170053 -0.000294045 0.00447434 0.00250816 -0.00204237 0.000847323 -0.0104925 0.0041307 0.0372759 0.000802972 -0.00335578 0.00815272 0.0013619 -0.0117069 -0.0230882 0.00462459 0.0052731 0.00604804 -0.00236907 0.00679893 0.00919585 -0.00294319 0.016543 0.00397935 0.00833867 0.00342787 0.00699011 0.0206619 0.0112361 0.000146474 0.00955895 0.00467445 -0.00359164 0.0348011 0.0103781 0.0117041 0.0417596 0.0110099 0.00177439 -0.00696863 0.00606247 0.00275208
internal_weight=15835.8 14994.7 3481.95 841.073 464.808 840.315 2641.63 852.159 414.834 1789.48 57.3291 11512.8 4564.68 437.325 808.716 6948.11 5913.8 1034.31 1515.13 447.5 380.591 396.608 298.258 291.598 242.873 709.471 157.766 551.705 24.0201 1732.15 359.464 56.7338 4398.67 461.55 132.897 4521.29 4182.64 3796.81 303.151 3493.66 1884.38 166.373 74.877 1609.27 750.853 539.191 461.751 211.662 394.603 858.421 243.733 220.768 614.687 99.4731 1718.01 1529.2 12.4163 1492.02 1631.71 328.653 92.564 1529.73
internal_count=321160 255003 106796 66157 30444 39045 67751 16181 8311 51570 894 148207 57286 7870 38249 90921 80322 10599 27964 19196 6742 7835 6140 6060 5324 11607 2809 8798 472 50676 14434 1128 52358 30394 11445 56560 51626 45543 9884 35659 16869 1297 411 18790 10103 8190 6329 1913 5816 8687 1729 1549 6958 822 15572 14508 289 14236 45003 18949 4078 38621
cat_boundaries=0 1 2
cat_threshold=8 12
is_linear=0
shrinkage=0.04


Tree=64
num_leaves=63
num_cat=4
split_feature=4 0 14 24 4 5 25 20 1 25 29 0 15 11 25 25 16 1 14 0 6 15 20 6 15 25 32 24 25 2 2 4 32 24 24 0 19 28 6 25 20 25 23 25 2 15 25 9 14 6 26 23 25 23 20 24 5 6 2 4 11 23
split_gain=158.924 38.3616 35.332 30.8519 26.5673 22.8847 22.0263 41.7252 28.5559 26.5066 22.3567 19.1835 19.0792 18.8051 18.2908 28.0463 17.9378 16.5669 17.7993 15.8054 20.5793 15.1944 27.7958 15.1659 22.5848 25.0378 13.9443 13.8551 15.2578 21.1251 13.3619 16.4713 13.1632 12.5222 19.1644 12.3993 12.3829 27.6138 11.9851 11.5804 15.7905 14.48 14.9017 13.7945 25.2978 14.6353 11.5496 11.4172 11.3936 20.4881 11.3707 11.3406 11.224 15.4173 18.1203 17.3971 19.3026 11.0955 11.0429 13.7495 10.9408 10.47
threshold=2.6350001096725468 2.2749999761581425 76.58499908447267 0.051364365965127952 3.0149999856948857 19.500000000000004 164.62500000000003 218.00000000000003 2.3850001096725468 147.87500000000003 0 2.9050000905990605 3.5000000000000004 0.50084745883941661 261.37500000000006 477.62500000000006 3.5000000000000004 1.9950000047683718 79.149997711181655 1.0000000180025095e-35 4.5000000000000009 3.5000000000000004 218.00000000000003 52.500000000000007 3.5000000000000004 100.12500000000001 1 0.11491150408983232 302.12500000000006 0.53499999642372142 1.3650000095367434 2.4450000524520878 2 0.01448150258511305 0.024960681796073917 2.495000004768372 49.500000000000007 3 203.25000000000003 279.37500000000006 184.00000000000003 135.12500000000003 1.0209555029869082 457.12500000000006 -0.085000000894069658 4.2500000000000009 89.500000000000014 13.500000000000002 75.145000457763686 97.250000000000014 1.5000000000000002 1.1712989211082461 186.62500000000003 1.1789435744285586 184.00000000000003 0.16615853458642962 22.500000000000004 62.500000000000007 0.27500000596046453 2.4450000524520878 0.25645792484283453 1.2276534438133242
decision_type=2 10 8 8 2 2 2 2 10 2 9 10 2 10 2 2 2 8 8 8 2 2 2 2 2 2 1 10 2 10 10 2 1 10 10 10 10 9 2 2 2 2 10 2 8 2 2 2 10 2 2 10 2 10 2 10 2 2 8 2 10 10
left_child=1 13 48 23 5 12 9 8 10 11 -8 -5 -4 16 -9 27 17 26 50 -15 -21 22 -20 24 -3 -26 30 28 -16 -30 31 52 -22 -28 -35 -17 37 -7 -24 41 -41 51 -43 44 45 57 -14 -36 -2 -50 -19 -23 -1 54 -54 56 -55 -42 59 -11 -10 -12
right_child=2 3 4 6 -6 36 7 14 60 58 61 -13 46 19 15 35 -18 18 21 20 32 39 38 -25 25 -27 33 -29 29 -31 -32 -33 -34 34 47 -37 -38 -39 -40 40 43 42 -44 -45 -46 -47 -48 -49 49 -51 -52 -53 53 55 -56 -57 -58 -59 -60 -61 -62 -63
leaf_value=0.01045643225635696 -0.00035167832650074069 -0.0076912732482095269 -0.0086673152306690499 0.0025964040783698185 -0.027021270771260104 0.074938902469250904 0.0036230155362039162 -0.015808096824819918 -0.023159243322798912 0.068090315598869522 -0.019246449215216045 -0.011448649408383544 -0.0096569208775764796 0.020530622426734126 0.0024527520588664815 0.015408740466059325 -0.0088622593027090496 0.0019531206398566579 -0.00095520519327012255 -0.0074787156169374182 -0.0086426840374318557 0.00014533472830542034 -0.016513754245144757 -0.015049652389273976 -0.0049491944265032855 0.062651940715433452 0.042949000318624829 0.01232045006395994 0.028127679702150275 0.090828809705421384 -0.0026255046263456796 0.054344835297878771 0.014527720177217315 -0.020163214613079398 0.00092384726059773089 -0.016125238269022093 -0.021051682518541972 -0.010252155156524216 0.012227765896125807 -0.011892839833780372 0.016641852150175832 0.032649975296607091 -0.013934644613222025 0.0013313925040816712 0.00029255147142608176 0.016174060484898667 0.029927833646565951 0.0066862976824735845 0.068349774387479634 -0.026435414327010166 0.0084502380516580464 0.017394753113333314 -0.010160924351456622 -0.0042129741187804451 0.006918934239327307 0.0044576038019845188 0.042979897334640076 0.059876891623296319 0.013715770728271959 -0.0050963106871666289 0.015979267397160882 -0.00061739386460846538
leaf_weight=928.40220011770725 151.43890655087307 156.87589859310538 187.70359648554586 1424.1019585751928 302.87014676700346 4.7177425145637244 258.35484804119915 34.33386601600796 231.40717513486743 15.213577792979779 162.12729850038886 172.55882960581221 15.392674971604718 147.49883279576898 11.883184393867849 33.032655615359545 238.90880458895117 1886.399307387881 2644.2897108099423 135.39550165086985 44.242838920094073 213.22415654500946 262.6704876977019 414.21928148134612 17.148819548310712 14.983074221760033 10.058413339778779 45.0102220447734 24.656918786466122 14.733353924006222 210.32407304830849 10.320893165655432 262.34948345646262 58.720674408599734 1961.0206816266291 44.193254774436355 363.21588888764381 62.520214102929458 23.690263871103525 41.728115424513817 16.094020178541541 9.978259470779447 133.81519414484501 88.417509788647294 59.937256501987576 48.849441474303603 36.925002583069727 765.45233030151576 8.2763265504036081 4.1698889762628815 559.58084343466908 83.970029377378523 189.08017593249679 18.804169446229935 204.84596832189709 153.81654146686196 44.849218629300594 35.855033276602626 35.862858950626105 4.787850202061235 10.423264123499392 69.851585797965527
leaf_count=11311 7807 6312 10425 32717 29048 148 3861 729 8237 283 2825 7916 1381 1009 270 433 1529 24633 43262 1006 381 5609 7818 23478 935 346 209 662 551 223 2121 186 2147 1583 19433 956 26707 4277 507 433 122 226 1459 880 574 594 1446 6682 369 343 7263 1124 1544 109 1901 854 260 273 496 144 124 724
internal_value=0.000109875 0.00122648 -0.0142819 -0.00264775 -0.017171 -0.0126424 -0.000745491 -0.00562976 -0.0101214 0.00203145 -0.00451671 0.00106106 -0.00267431 0.00230476 0.0101002 0.0153943 0.0019266 0.00217067 0.00080703 0.00925548 0.00539923 -0.000955762 -0.00224518 -0.0107805 -0.00132302 0.0281628 0.00399619 0.0295767 0.0435436 0.0550291 0.00678541 0.0080692 0.0111238 0.00223309 0.00205247 -0.00248742 -0.018144 -0.00216718 -0.0140399 0.00418864 0.0103545 7.5082e-05 -0.0102436 0.0141774 0.0210914 0.0331347 0.0182074 0.00254829 0.00282919 0.0367765 0.00344846 0.00512947 0.00768375 0.00344003 -0.00126892 0.0119401 0.0292129 0.0477443 0.0286326 0.0513369 -0.0213223 -0.0131619
internal_weight=15825.6 14688.4 1137.23 3195.76 973.345 670.475 2592.53 940.008 732.164 1652.53 490.334 1596.66 240.021 11492.6 207.843 173.51 10903.1 10664.2 6108.5 589.487 441.988 3662.52 2930.65 603.227 189.008 32.1319 4555.7 96.2837 51.2735 39.3903 1760.44 1550.12 306.592 2795.25 2785.19 77.2259 430.454 67.238 286.361 731.869 290.881 440.988 143.793 249.153 160.736 100.798 52.3177 2726.47 163.885 12.4462 2445.98 297.194 1539.8 611.396 393.926 217.47 63.6534 51.9491 55.8643 20.0014 241.83 231.979
internal_count=321215 239264 81951 92222 73432 44384 61151 19595 15771 41556 7410 40633 13252 147042 3824 3095 142499 140970 94777 4543 3534 62881 51587 31071 7593 1281 46193 1706 1044 774 18286 16165 2528 27907 27698 1389 31132 4425 8325 11294 2876 8418 1685 2443 1563 989 2827 26115 8519 712 31896 6733 15979 4668 3445 1223 369 395 923 427 8361 3549
cat_boundaries=0 1 2 3 4
cat_threshold=16 8 16 8
is_linear=0
shrinkage=0.04


Tree=65
num_leaves=63
num_cat=2
split_feature=0 1 5 9 21 7 17 11 25 25 21 21 11 19 21 23 21 24 16 15 25 25 1 20 21 25 32 1 29 23 15 1 11 24 0 5 20 25 24 24 23 25 15 23 23 19 21 2 20 7 21 25 20 24 23 9 24 15 25 23 18 23
split_gain=154.209 50.5603 38.4841 40.5453 33.1047 28.6893 20.2717 19.8403 18.1146 18.8676 17.6809 17.6256 20.0783 17.4257 22.2626 20.14 18.2577 17.1333 17.0971 17.0207 36.9275 57.718 40.713 30.3842 18.7326 31.8401 17.4609 24.6982 22.9522 17.8872 15.8075 15.7088 15.528 15.3401 26.6841 14.51 14.4911 14.2801 13.4155 13.0182 16.2519 35.9598 25.5775 18.946 12.9863 12.8322 15.2879 16.333 12.4718 12.4332 14.1315 14.1462 15.7764 13.5443 21.9008 12.4285 11.826 18.8777 11.5474 19.5999 11.5462 12.72
threshold=2.7549999952316289 2.7849999666213994 34.500000000000007 2.5000000000000004 78.926559448242202 43.500000000000007 4.5000000000000009 0.36030898988246923 150.62500000000003 677.12500000000011 62.269115447998054 62.269115447998054 0.038157539442181594 23.000000000000004 73.944297790527358 1.0368346571922304 67.717876434326186 0.3201736062765122 1.5000000000000002 3.5000000000000004 345.75000000000006 431.12500000000006 3.0749999284744267 218.00000000000003 69.096069335937514 661.25000000000011 0 2.2050000429153447 1 1.4528056383132937 1.0000000180025095e-35 2.2549999952316289 0.14790815860033038 0.11999874189496042 2.4450000524520878 9.5000000000000018 175.00000000000003 306.37500000000006 0.098091084510087981 0.13176712393760684 1.0504927635192873 91.375000000000014 4.7500000000000009 1.0780832767486574 1.3789317607879641 163.50000000000003 73.944297790527358 -0.27500000596046442 218.00000000000003 67.500000000000014 59.93836975097657 213.25000000000003 218.00000000000003 0.052416019141674049 1.0649436712265017 5.5000000000000009 0.10242780297994615 4.7500000000000009 487.75000000000006 1.0764702558517458 1.5000000000000002 1.0350533723831179
decision_type=10 10 2 2 10 2 10 10 2 2 8 8 10 10 8 8 8 10 2 2 2 2 8 2 10 2 1 10 9 10 2 8 10 10 10 2 2 2 10 8 10 2 2 10 10 10 10 10 2 2 8 2 2 8 8 2 10 2 2 10 10 10
left_child=2 11 4 8 5 10 17 -6 -4 -10 -1 37 30 15 60 -8 -17 44 -3 23 39 22 33 26 -23 58 28 -28 38 31 -13 -30 -7 34 -22 -29 -32 -2 -12 40 41 -21 45 -42 49 -43 -47 -48 -9 50 -5 53 -53 -52 -55 -41 57 -45 -26 -60 61 -15
right_child=1 18 3 6 7 32 13 48 9 -11 19 12 -14 14 -16 16 -18 -19 -20 20 21 24 -24 -25 25 -27 27 35 29 -31 36 -33 -34 -35 -36 -37 -38 -39 -40 55 43 42 -44 56 -46 46 47 -49 -50 -51 51 52 -54 54 -56 -57 -58 -59 59 -61 -62 -63
leaf_value=0.0062180543498436781 0.023426291610503944 -0.025392585894179715 -0.0031651508496345418 0.021260374960447446 -0.015596945598606842 0.02393895598155012 0.039517524566416239 0.037963806620075126 -0.018633470904160131 0.018296812396750066 -0.00076310426609687676 0.059720776920891339 -0.0019989334086874468 -0.020406803676013423 -0.021488367159968168 0.012666828256459881 -0.018959757312386524 -0.020560635097202167 0.02244725457908478 -0.0097014864512408889 0.045976708610904422 -0.0091110364396315337 -0.008298831268646745 -0.013532522055723568 -0.021598033187630795 0.066937968678298709 0.00082267953005207644 0.005044490682727232 0.0092379416219218868 -0.022920586259818056 -0.0047325406182600468 0.0024238475854577927 0.0073482080584129196 0.028249733659665481 0.11453299946222022 -0.01020605200108359 -0.021382877285607355 -0.023658329086064672 -0.017714307915490869 0.003833308308369884 -0.02370920296802451 0.07957030557849952 -0.01940711209449528 0.00083181566649382364 0.015652553759990001 0.0029085029741856261 0.0093326092319252901 0.082979844939033306 -0.010564254232497019 0.003986803218850473 -0.010363435008131925 -0.012823030380293948 0.0025707181020460383 0.034227289574630781 0.0018210619288742736 0.024976916428500608 -0.014158052765823053 0.055123651684431521 0.046780910551481598 -0.0065698772793801423 -0.011103724888154792 0.0027121288219108682
leaf_weight=1348.1075549442321 46.012028593104333 445.95054178708233 275.973381169606 39.379925592802465 232.84950684988871 98.906996487639844 23.404205833096057 17.730645787436515 379.59177178423852 21.72958950791508 248.3952383773867 2.4921590748708686 343.63158480147831 41.09048510552384 153.7912207164336 72.429000871255994 46.05623926455155 53.899463200010359 10.639340148540212 77.475682832999155 43.070422041229904 88.69980575889349 21.439559389837086 235.39416881557554 17.629114521667361 14.536417338997124 3179.6135957809165 119.04755648551509 1006.2880767714232 33.806287784129381 126.03337396169081 1182.0402234692592 963.66493394272402 35.06798536516726 12.621727016754447 566.222399110673 263.7836225326173 11.22925780341029 105.6212943084538 229.7360531790182 86.390198663109913 10.778012420982121 11.787759542232378 132.44422672130167 102.24975436925888 19.612975631374866 9.3077148888260108 10.286286856979133 13.267880176194014 1266.9180801222101 128.86384117859416 321.55829674657434 156.76904849987477 33.772194311022758 514.91997401090339 53.925222361460328 76.832857728935778 9.1449763737618905 16.472711795940995 25.757309416308999 249.77375402464531 325.29664082708769
leaf_count=10799 1139 42714 15006 622 8898 1131 546 184 13940 653 5453 210 11211 1829 6412 634 1057 468 653 2951 345 897 254 6953 237 174 42247 1684 10399 242 7287 20016 9602 292 244 13004 22691 304 1071 4220 2320 94 319 2244 653 254 186 185 203 15018 4674 3990 1750 653 8297 515 1104 121 175 205 5000 4503
internal_value=-0.000106951 -0.0135799 0.00105055 -0.00217359 0.00236166 0.00272891 -0.000448911 -0.0115674 -0.0111233 -0.0165332 0.00199489 -0.00742974 -0.0091061 -0.00558022 -0.00795774 0.00719689 0.000196246 0.00133793 -0.0241674 0.00125106 0.00610488 0.0185286 0.040346 0.000519051 0.00316425 0.0177598 0.00103786 -0.0006608 0.00358793 0.00508642 -0.0152694 0.00556649 0.00894211 0.0518544 0.0650844 -0.00753806 -0.0160716 0.0135676 -0.00575251 0.00135614 -0.00290443 0.00831191 0.0306256 -0.00807528 0.00181697 0.0428712 0.0292161 0.0524703 0.0175692 0.00122692 -0.0016935 -0.0025178 -0.00777147 0.00119126 0.00394727 0.00802753 -0.00169645 0.00511309 0.00390982 0.0152342 -0.00450901 9.00094e-07
internal_weight=15811.2 1249.77 14561.4 4207.47 10354 10090.1 3530.17 263.848 677.295 401.321 9027.55 793.182 735.941 911.842 769.952 141.889 118.485 2618.33 456.59 7679.45 1003.02 275.295 112.2 6676.43 163.095 74.3956 6441.03 3864.88 2576.15 2222.13 392.309 2188.33 1062.57 90.7601 55.6921 685.27 389.817 57.2413 354.017 727.722 444.061 139.248 61.7727 304.812 2564.43 49.985 39.207 19.594 30.9985 2462.18 1195.26 1155.88 478.327 677.556 548.692 283.661 218.422 141.589 59.8591 42.23 616.161 366.387
internal_count=321136 86209 234927 85705 149222 139937 56106 9285 29599 14593 129204 42842 41399 19981 17744 2237 1691 36125 43367 118405 17336 2823 1135 101069 1688 791 94116 56935 37181 30657 30188 30415 10733 881 589 14688 29978 1443 6524 14513 9778 3989 1038 5789 35657 719 625 371 387 35004 19986 19364 5740 13624 8950 4735 3469 2365 617 380 11332 6332
cat_boundaries=0 1 2
cat_threshold=8 12
is_linear=0
shrinkage=0.04


Tree=66
num_leaves=63
num_cat=1
split_feature=0 1 22 11 9 17 21 21 1 21 25 21 21 24 14 22 21 15 21 5 25 25 19 25 14 28 25 20 11 23 16 11 25 25 15 25 17 0 23 22 23 24 6 1 23 23 24 25 25 1 20 23 14 0 21 24 25 19 21 22 24 25
split_gain=137.666 55.087 51.1661 24.8875 22.6934 23.742 23.4512 22.0553 21.6359 19.7278 42.0095 40.4391 38.1478 21.6972 23.0438 18.8545 17.9881 17.5853 26.1261 17.336 16.1696 17.6056 16.0133 15.9009 20.4176 19.3542 24.3507 15.4412 14.7051 17.8537 14.4673 16.0538 14.1573 27.9647 18.897 24.1585 17.5391 16.758 16.7379 27.183 22.1126 18.3232 15.8471 15.7587 14.8643 18.3339 17.3699 14.7847 14.3181 14.0045 13.51 18.6979 17.2809 17.1363 13.3941 17.2584 13.7232 13.1251 12.4474 15.0016 16.8152 24.3645
threshold=3.0049999952316289 2.3249999284744267 0.037285478785634048 0.1368290111422539 2.5000000000000004 4.5000000000000009 76.617176055908217 73.944297790527358 2.8349999189376835 68.252796173095717 170.12500000000003 67.372478485107436 67.430934906005874 0.25813205540180212 88.83499908447267 0.12391588091850282 84.929595947265639 3.5000000000000004 69.669704437255874 33.500000000000007 243.87500000000003 13.125000000000002 59.500000000000007 298.37500000000006 77.305000305175795 0 650.37500000000011 175.00000000000003 0.082451861351728453 1.2588252425193789 3.5000000000000004 0.54502454400062572 690.87500000000011 510.25000000000006 3.5000000000000004 313.62500000000006 3.5000000000000004 1.0000000180025095e-35 1.0890776515007021 0.028922154568135742 1.1334272623062136 0.11953127756714822 5.5000000000000009 1.0000000180025095e-35 1.1731454730033877 1.1823590993881228 0.14791696518659594 137.62500000000003 225.87500000000003 1.1349999904632571 218.00000000000003 1.1343392133712771 91.979999542236342 1.2050000429153445 79.132259368896499 0.019153827801346782 415.37500000000006 9.5000000000000018 79.325862884521499 0.020898253656923774 0.061354259029030807 438.62500000000006
decision_type=10 10 10 10 2 8 10 8 10 10 2 10 10 10 10 10 10 2 10 2 2 2 10 2 10 9 2 2 10 10 2 10 2 2 2 2 10 8 10 10 10 10 2 8 8 8 10 2 2 8 2 10 10 10 10 10 2 10 10 8 10 2
left_child=1 4 3 -3 6 30 19 -7 -2 10 13 -12 -13 22 -15 -14 17 27 -19 23 21 -20 -4 24 28 26 -25 -11 29 -1 32 -32 33 34 37 44 -35 43 39 -37 -40 -42 -34 -6 46 -46 -36 -47 -49 -26 51 -27 -53 -52 -9 -56 -57 -39 59 60 61 -59
right_child=8 2 9 -5 5 7 -8 54 -10 16 11 12 15 14 -16 -17 -18 18 20 -21 -22 -23 -24 25 49 50 -28 -29 -30 -31 31 -33 42 36 35 38 -38 57 40 -41 41 -43 -44 -45 45 47 -48 48 -50 -51 53 52 -54 -55 55 56 -58 58 -60 -61 -62 -63
leaf_value=0.009172512429232978 -0.011912508573464813 -0.021626053243117182 0.013796028287142055 0.0013219437468034421 0.030927222355134548 0.00034151300719979571 -0.011597655785936226 -0.021184891473503331 -0.027446858337778351 -0.0038638464411619444 -0.01171654623889205 0.078111181098867194 -0.0059579638561538173 0.01731979281322352 0.084248302584278498 0.041654054824389546 0.046227415612856489 -0.015139855918694671 0.043371720727351029 -0.0088681670040929202 0.031662717457165104 -0.0077791330683100006 0.0012108028732008113 0.0096652393163360675 0.016738209048644662 -0.013602504566955203 -0.02096745751157918 -0.013735258198598848 -0.0026240007836388986 -0.0073418398516562813 -0.008806649313336563 0.020370634294598636 -0.017966453748814094 0.00073798130551130871 0.0040247370660960258 -0.0041177538775753718 -0.015859715418034673 -0.0025902897420174813 -0.010599826537354666 0.061291562376942617 0.057446656276639745 0.016243605811242387 0.021790048342945796 0.0083133820641001204 0.055142996400134654 0.018920129265512384 -0.029793727572338523 -0.015245679083625402 0.024519885567806331 -0.0031847464833346124 0.0036789835028528078 0.015584019173410074 -0.0025596629840392709 0.036663165794429957 0.067089917224763249 -0.020710180047470255 0.019990830398403745 0.003444894201963138 -0.014636457586407166 0.0038696845149856817 0.066825794921478207 0.077861918905159963
leaf_weight=729.66669684043154 323.67876289994456 350.97826806874946 243.65835575014353 95.126116507221013 56.826426368206739 740.51298890449107 280.39984865207225 140.44425144442357 268.28359460574575 589.70271706208587 463.44976169150323 12.339026140980421 51.752677155658603 41.268413268961012 9.0292904344387335 15.666719512082635 8.5727287316694838 63.554145528934896 11.381195319583638 304.32120965863578 55.214114950038493 52.836759611731395 479.73689832864329 80.870739290490746 56.020180114544928 59.803841664455831 81.098770580254495 449.96496119326912 379.82816966064274 120.16232626140118 234.88060962501913 32.530706368386745 16.627876929938793 254.38069986738265 402.22749344399199 13.620996758341787 166.77386542037129 557.0792472618632 38.176769867539406 33.344638057053089 19.727261334657669 107.38471574708819 123.92588070966303 340.4508734466508 14.933147750794886 133.75361539144069 23.830701217055321 48.593173226341605 18.260804980993271 1993.6604953985661 44.73358241096139 272.56298752687871 119.26852693594992 59.068390620872378 3.842129689641296 32.741312680067495 19.385130539536476 55.444409579504281 54.77334557659924 3896.3748460947536 9.6057461481541377 6.1499782949686042
leaf_count=12076 21559 23199 4526 2213 371 11159 10934 5290 27631 16277 9210 127 1217 396 165 169 155 1991 502 10643 1009 2090 14822 806 813 886 721 18523 4724 821 1479 168 102 1977 5630 167 1674 7134 250 193 103 619 815 2735 113 2231 240 316 106 39726 418 1865 1235 669 143 1208 342 997 1191 41944 77 89
internal_value=-0.000143564 0.000595389 -0.00426283 -0.0167308 0.00179104 0.00313184 -0.00043081 -0.00282039 -0.019035 -0.0020655 0.00133233 -0.00717119 0.018783 0.00731604 0.03225 0.00587205 -0.00570252 -0.00614806 0.00521583 0.000300384 0.0161847 0.00220156 0.00548721 0.00100458 -0.000174353 0.00639025 -0.00569255 -0.00816201 0.00389427 0.0068163 0.00397104 -0.00510265 0.00435335 0.00406594 0.00478602 0.0102846 -0.00585956 0.00383727 0.0219417 0.0427648 0.0155366 0.0234909 0.0168446 0.0117068 0.00635955 0.0148739 0.00198411 0.0113221 -0.00387101 -0.00262054 0.00993581 0.00685948 0.010056 0.0228625 -0.0146649 0.00172431 -0.00524683 0.00314801 0.00394562 0.00421141 0.0221861 0.013216
internal_weight=15764.3 15172.3 2994.23 446.104 12178.1 7596.6 4581.47 936.926 591.962 2548.13 1316.9 543.208 79.7584 773.693 50.2977 67.4194 1231.23 1222.65 182.986 4301.07 119.432 64.218 723.395 3996.74 3279.34 717.407 161.97 1039.67 1229.66 849.829 6659.68 267.411 6392.27 6251.71 5830.56 853.853 421.155 4976.7 212.254 46.9656 165.289 127.112 140.554 397.277 641.599 215.541 426.058 200.608 66.854 2049.68 555.437 451.635 391.832 103.802 196.413 55.9686 52.1264 4579.43 4022.35 3967.57 71.2001 61.5944
internal_count=320981 271791 96591 25412 175200 88863 86337 18142 49190 71179 30632 10723 1513 19909 561 1386 40547 40392 5592 75403 3601 2592 19348 64760 58160 6600 1527 34800 17621 12897 70721 1647 69074 68157 64506 9968 3651 54538 1332 360 972 722 917 3106 8636 2766 5870 2653 422 40539 5073 3986 3100 1087 6983 1693 1550 51432 44298 43107 1163 1086
cat_boundaries=0 1
cat_threshold=4
is_linear=0
shrinkage=0.04


Tree=67
num_leaves=63
num_cat=5
split_feature=4 22 22 22 1 25 20 21 0 0 4 28 25 1 6 25 23 25 6 17 25 25 23 23 19 23 25 22 25 25 25 32 15 23 21 21 22 21 20 23 28 21 23 21 21 21 21 22 16 14 25 29 12 20 32 22 19 25 19 16 25 25
split_gain=135.777 42.1048 34.6261 29.0954 33.1729 30.7498 29.0384 28.2113 27.8704 27.4373 21.9 22.2269 20.4352 19.7081 18.0404 16.9889 18.385 17.8675 24.0425 16.9523 25.7359 22.5158 22.4867 38.0881 24.3082 48.9873 22.8585 22.5464 21.3169 18.911 28.0782 18.8831 24.6582 21.4275 18.9148 18.2059 17.6643 24.4372 19.0495 16.8353 18.0073 16.6004 16.5085 17.0053 15.8902 17.9107 19.7405 23.0186 15.8454 15.6837 15.5386 15.1071 14.9681 14.6393 14.4796 15.3807 14.2345 13.943 13.4795 13.8121 13.2899 31.9592
threshold=2.6650000810623173 0.013452543411403896 0.050325168296694762 0.12391588091850282 1.9750000238418581 765.12500000000011 79.000000000000014 80.860542297363295 3.1650000810623173 2.2250000238418584 1.735000014305115 0 618.00000000000011 2.054999947547913 160.25000000000003 335.87500000000006 1.5542461872100832 243.87500000000003 72.500000000000014 1.5000000000000002 239.87500000000003 43.125000000000007 1.2151231765747073 1.2276534438133242 79.500000000000014 1.2043316364288332 75.625000000000014 0.16758911311626437 186.62500000000003 225.87500000000003 170.12500000000003 1 3.5000000000000004 1.2588252425193789 59.93836975097657 58.195064544677741 0.39696128666400915 60.947811126708991 177.50000000000003 1.0933781862258913 2 66.469604492187514 1.0845111012458803 70.549018859863295 58.605054855346687 59.93836975097657 65.551872253417983 0.18043268471956256 1.5000000000000002 93.08499908447267 293.62500000000006 3 9.5000000000000018 159.00000000000003 4 0.26898275315761572 128.50000000000003 144.12500000000003 167.50000000000003 1.5000000000000002 677.12500000000011 431.12500000000006
decision_type=2 8 8 8 8 2 2 10 10 10 2 9 2 8 2 2 10 2 2 10 2 2 10 10 10 8 2 10 2 2 2 1 2 10 10 10 10 8 2 10 9 10 10 10 10 10 10 10 2 10 2 9 10 2 1 10 10 2 10 2 2 2
left_child=1 58 53 4 39 12 -6 8 13 -8 11 -11 14 -4 15 17 44 19 50 21 22 -5 24 27 25 26 -21 -24 36 30 31 32 33 -25 35 -35 37 -26 -39 40 42 -16 56 52 -17 -46 -47 -48 -12 -34 -19 -28 -44 -2 55 -15 -3 -29 -1 -60 61 -41
right_child=2 3 7 5 6 -7 9 -9 -10 10 48 -13 -14 54 41 16 -18 18 -20 20 -22 -23 23 29 28 -27 51 57 -30 -31 -32 -33 49 34 -36 -37 -38 38 -40 60 -42 -43 43 -45 45 46 47 -49 -50 -51 -52 -53 -54 -55 -56 -57 -58 -59 59 -61 -62 -63
leaf_value=-0.0010103167458253991 0.0047587221036268484 -0.00021368169068366281 0.022721571727081842 0.0069203945671249068 0.027099410800541689 0.047618305285208433 -0.00051892216226472629 0.071334910351552941 -0.025060979992891714 0.058564091573920375 -0.0056043708193579331 -0.017670415767973804 -0.013089830599714847 -0.018512959443207525 -0.010922932397164407 -0.020806842109955381 -0.029186087446213285 -0.0047906910512678065 -0.014494671237008924 0.0095809536351748863 0.061581391360046651 -0.001077944990991735 -0.0063836667076291598 -0.018978830201544724 -0.017562191628289318 -0.014704654685430146 -0.0075126063657575308 0.032751216585066113 -0.02407817088732089 0.039877828744822409 -0.010325144730839808 0.022047384852713844 0.057053806773119831 0.0029226403160866766 -0.0020796336018575252 0.061185740224045937 0.062875999948902597 -0.015546068752212466 0.0055094204747596952 0.0015436449252607062 0.0081829256166504726 0.018067253468490193 0.01156024989618301 0.00012851789816203306 0.034783662157161513 0.004880505516009985 0.015538024400039341 0.059300003078245241 0.014061517815744969 -0.0082654884024040507 0.01332500436849535 0.032226074493469391 0.065541739529841062 -0.027500170389461179 -0.0022091730091969982 0.045928714857815543 -0.018195502988344627 0.079780455478527953 -0.026936130589164508 0.021463528479954423 0.013630513790272244 -0.012822082801535455
leaf_weight=60.385236555710435 23.313508523162454 348.19111583265476 34.917713272385299 884.58360142749734 50.846212995238602 23.119101820513606 3179.3018979099579 4.9187580912839612 148.46116421208717 4.2875801622867584 1285.4880431822967 314.53855389496312 118.11407181527466 176.71284070448019 219.12316255900078 20.814377008005977 15.983793796040116 167.69740078318864 200.64965878613293 331.34257535054348 11.68903813883662 1538.8703353081364 11.618414623662828 67.037533823400736 101.24564203503542 102.72345663234591 18.591705539263785 30.504151936154813 55.123346565291286 28.900020834058523 108.36754112876952 176.87557073589414 18.483400596305732 17.070646185427904 71.538287767209113 16.368311995640397 5.3635074677877119 74.921437263954431 639.05817205016501 1623.2718995762989 1209.2393507780507 34.847082749474794 20.17635257774964 50.78149100067094 54.473424770869315 314.21851332299411 130.91036094119772 21.45287617482245 66.980698277009651 7.3264550752937785 134.5415057381615 126.08748547313735 13.89596556778997 295.40148619562387 306.24614213267341 4.2004926027730098 86.614816394867375 19.56903663277626 133.01643281243742 8.5060606142505986 108.38129788078368 290.28213152848184
leaf_count=2254 1365 6849 870 15062 524 171 53360 98 15140 109 44558 15471 805 11450 4027 200 131 1234 1755 3743 104 12737 99 608 2061 3271 150 338 475 186 802 1652 268 102 552 114 125 952 16499 14032 18601 371 288 622 335 2351 955 123 1465 91 984 1015 190 28585 19500 149 2032 121 5800 175 724 2458
internal_value=4.52842e-05 0.00100947 -0.0142477 0.0012624 -0.00021521 0.00342297 -0.0023823 -0.00905595 -0.00986794 -0.00270403 -0.00685039 -0.0162616 0.00323223 -0.00545313 0.00357169 0.00405245 0.0106671 0.00330381 -0.00382439 0.00411011 0.00679701 0.00184153 0.00641697 0.0131168 0.00375458 0.0101008 0.0155096 0.0423667 -0.000443909 0.0094255 0.00743026 0.0126141 0.00400351 -0.00158359 0.00959721 0.0335116 0.00118869 0.000620164 0.00325154 0.00261429 0.00551 -0.00680387 -0.000702036 0.0152094 0.0119604 0.0133592 0.010703 0.0224401 -0.00460519 0.0389635 0.00328179 0.0287171 0.036211 -0.0251006 -0.00757359 -0.0164872 -0.00388095 0.0536425 -0.0170388 -0.0237128 0.000131294 -0.000642542
internal_weight=15767.6 14773.4 994.172 14571.5 8652.28 5919.21 4901.44 675.457 670.538 4850.6 1671.29 318.826 5896.09 522.077 5777.97 5524 557.853 4966.15 502.889 4463.26 2039.81 2423.45 2028.12 573.659 1454.46 578.745 476.022 61.6916 875.712 511.968 483.068 374.7 197.825 172.015 104.977 33.439 820.589 815.225 713.98 3750.83 1728.9 253.97 519.66 84.8538 541.87 521.055 466.582 152.363 1352.47 25.8099 302.239 144.679 34.0723 318.715 487.159 180.913 434.806 50.0732 201.908 141.522 2021.94 1913.55
internal_count=321238 244081 77157 235852 161283 74569 115487 47207 47109 114963 61603 15580 74398 31969 73593 69195 4095 65100 3973 61127 33328 27799 33224 4933 28291 8179 4908 558 20112 4375 4189 3387 1735 1376 768 216 19637 19512 17451 45796 28582 4398 9981 1100 3964 3764 3429 1078 46023 359 2218 1165 478 29950 31099 11599 8881 459 8229 5975 17214 16490
cat_boundaries=0 1 2 3 4 5
cat_threshold=8 4 4 64 4
is_linear=0
shrinkage=0.04


Tree=68
num_leaves=63
num_cat=3
split_feature=0 1 22 32 21 22 11 28 1 11 5 4 25 7 25 25 25 29 22 22 24 24 25 21 24 10 24 24 7 21 22 19 21 20 25 24 21 21 22 16 15 19 25 18 22 22 22 24 25 25 25 5 0 25 20 8 0 25 24 24 24 24
split_gain=127.108 53.6838 31.0197 29.6937 25.6153 27.5406 23.5942 23.2314 20.0873 18.4916 18.0103 21.0031 21.1573 20.3131 16.1266 18.5387 21.0792 21.8851 23.4475 22.9895 18.8224 17.0761 16.994 26.8148 16.9426 16.8172 15.6351 18.3138 14.5913 14.5159 15.6667 16.9463 24.5196 20.8424 19.0272 22.9413 19.2259 22.8353 19.215 20.0599 18.5568 16.6772 23.489 18.1476 21.4531 20.3914 15.614 15.5013 20.4382 18.2388 16.0869 15.4224 14.9336 14.1698 13.9198 13.6853 16.165 14.5485 13.532 13.3823 15.8607 18.0186
threshold=3.0649999380111699 2.5249999761581425 0.038171408697962768 0 76.617176055908217 0.055593475699424751 0.058887748047709472 1 2.8449999094009404 0.44647009670734411 34.500000000000007 2.2949999570846562 156.12500000000003 43.500000000000007 677.12500000000011 431.12500000000006 82.375000000000014 2 0.051017852500081069 0.055593475699424751 0.066635422408580794 0.058954022824764259 31.125000000000004 67.996994018554702 0.066231090575456633 57.250000000000007 0.054965471848845489 0.064375076442956938 57.500000000000007 62.269115447998054 0.22780887037515643 59.500000000000007 75.482559204101577 79.000000000000014 298.37500000000006 0.11067965626716615 65.116699218750014 63.870082855224616 0.039901101961731918 1.5000000000000002 1.5000000000000002 167.50000000000003 139.87500000000003 1.5000000000000002 0.064373973757028594 0.046474527567625053 0.065291069447994246 0.072471819818019881 431.12500000000006 375.00000000000006 209.37500000000003 20.500000000000004 1.0000000180025095e-35 120.62500000000001 218.00000000000003 75.500000000000014 2.2250000238418584 677.12500000000011 0.044467166066169746 0.16615853458642962 0.11953127756714822 0.10819531977176668
decision_type=10 10 10 1 10 10 10 9 10 10 2 2 2 2 2 2 2 9 10 10 10 10 2 8 10 2 10 10 2 8 10 8 10 2 2 10 10 10 8 2 2 8 2 10 8 10 8 10 2 2 2 2 10 2 2 2 10 2 10 10 10 10
left_child=1 4 6 -4 10 9 -3 -7 -2 -6 13 14 53 29 15 16 22 18 20 -20 21 -18 23 -12 25 -17 -21 -28 -29 -1 31 33 34 -31 35 38 37 -37 58 41 -35 43 46 -40 45 51 -43 48 49 50 -34 -45 -41 -13 -8 -5 -57 -58 -33 60 61 -30
right_child=8 2 3 55 5 7 54 -9 -10 -11 11 12 -14 -15 -16 24 17 -19 19 26 -22 -23 -24 -25 -26 -27 27 28 59 30 -32 32 47 40 -36 36 -38 -39 39 52 -42 42 -44 44 -46 -47 -48 -49 -50 -51 -52 -53 -54 -55 -56 56 57 -59 -60 -61 -62 -63
leaf_value=0.0061062978368188305 -0.012236363014665909 -0.026114633995543212 -0.011669208918855006 0.0065881452265310085 -0.0096395979600378424 -0.011323820503242796 0.0076635450319650477 0.048551556455227469 -0.028555867163483156 0.017244663629744018 0.018128369680000617 -0.0030130401596725033 -0.014923226007998756 0.0082506824594596236 0.01591688293722068 -0.0036339398904584016 -0.00063011691338132848 0.00034017513073650633 0.066308765402373432 -0.017923879212836322 -0.022010000218781144 0.030216918145256778 -0.0094963350933257428 -0.0053826698212783401 -0.0099723379594771119 0.028078369919416667 0.053853396231379788 4.6928179707907655e-05 0.021312445710081222 0.0088775603765153654 -0.01198292469195085 0.0061926317981730959 0.038927361217365092 0.024658307642087162 0.0085389808435153078 -0.0033261988395629537 -0.006155315662191495 0.015777598691762852 0.0053098038335348775 0.020659784829565955 -0.0023226820684795093 -0.02005280379046024 0.021094207665751367 0.067143933539718245 0.020098595166608252 -0.013203378152317223 0.00087141567712354013 -0.0077971103559463387 -0.018930454758904057 0.094853840819742796 -0.020388726365033801 -0.0041490992882988274 -0.0054237856228530378 0.023690344599567658 -0.02150317557136646 0.0035981365574783309 -0.010847330471982655 0.021511265051020897 -0.018051156335156995 0.0061990088155629798 0.037729560331073261 -0.019952694046778595
leaf_weight=1301.4482221491635 270.72680254979059 187.34689004370011 477.82707432680763 364.27031584712677 617.70689630904235 15.725113994907588 71.508539458969608 24.39865845721215 228.06736221909523 41.827305290382355 117.00985318329185 276.9641826308798 293.08231984777376 1006.6783428536728 108.60869381669909 76.806741328909993 137.59728183271363 868.05046526016667 11.989289064891635 21.853676244616508 48.510214494541287 34.105072692036629 379.35718663455918 220.71416906407103 425.88489680737257 38.481442799791694 17.350284714251757 97.971277722157538 89.283493999391794 324.69871416967362 133.0632527959533 56.664899404393509 45.595956064295024 39.447203958407044 781.76405053026974 245.637254093308 830.57759538432583 165.80505113769323 517.10069711087272 37.1770652057603 2435.5299428768922 72.678402773570269 71.084921480622143 8.2831530189141649 387.98502901801839 62.79353393567726 238.55703026638366 18.068743057549 9.2561932196840626 7.2758210413157931 7.1648781532421699 8.4087472003884596 333.23128928057849 33.883842430543154 38.581619461998343 314.17236501537263 339.36583177675493 21.794011449441314 97.24174966593273 104.38414573296905 79.936792727559805 18.9245420768857
leaf_count=9897 18605 16259 16892 11847 21402 177 2250 356 24787 453 2245 12657 7653 9857 798 1467 2629 8620 120 237 632 378 8689 6588 4036 327 174 1027 790 2456 1247 1757 1095 949 7324 2764 8486 1594 8999 365 38818 2692 932 106 7161 860 8078 330 144 103 139 122 3543 773 1496 5221 17656 765 1956 711 588 147
internal_value=3.02351e-05 0.000681462 -0.00577127 -0.00343787 0.00155389 -0.00588457 -0.0175463 0.0254721 -0.0197985 -0.00787554 0.00196376 -0.000477527 -0.00725167 0.00288913 0.00093602 0.000338615 0.00194285 0.00459568 0.00999103 0.015438 -0.000489209 0.00572831 -0.00370311 0.00279832 -0.00629033 0.00718123 0.0136994 0.0154926 0.0135021 0.00223103 0.00150108 0.00176948 0.00343898 -0.000615097 0.00296215 0.00156357 -0.00265342 0.00439208 0.00433712 0.005542 -0.00186986 0.00777858 0.000660341 0.0105276 0.0162351 -0.00255542 -0.00408602 0.0241738 0.0326076 0.0410366 0.0302757 0.0342001 -0.00268746 5.01939e-06 -0.00268799 0.000352922 -0.00300803 -0.00876492 -0.0091089 0.0179503 0.0242942 0.0137919
internal_weight=15757.3 15258.5 1814.87 1517.43 13443.6 699.658 297.437 40.1238 498.794 659.534 12744 3500.75 603.93 9243.22 2896.82 2788.21 2247.04 1529.96 661.906 441.694 220.213 171.702 717.081 337.724 541.173 115.288 429.704 407.851 390.5 8236.54 6935.09 6802.03 4002.35 2799.68 3914.99 3133.23 1242.02 411.442 1891.21 1737.3 2474.98 1366.89 382.32 984.571 467.47 79.4854 311.235 87.3616 69.2928 60.0367 52.7608 16.6919 370.408 310.848 110.09 1039.6 675.332 361.16 153.907 292.529 188.145 108.208
internal_count=321226 277834 72386 52381 205448 22388 20005 533 43392 21855 183060 61286 21083 121774 40203 39405 33575 16053 7433 3794 3639 3007 17522 8833 5830 1794 3674 3437 3263 111917 102020 100773 58550 42223 56739 49415 12844 4358 36571 32858 39767 28950 11702 17248 8249 1088 10770 1811 1481 1337 1234 228 3908 13430 3746 35489 23642 18421 3713 2236 1525 937
cat_boundaries=0 1 2 3
cat_threshold=4 16 176
is_linear=0
shrinkage=0.04


Tree=69
num_leaves=63
num_cat=7
split_feature=0 4 22 1 22 1 7 29 19 6 8 24 25 15 14 1 11 25 25 1 30 29 24 4 28 6 1 7 25 4 15 25 25 22 18 14 14 22 24 25 22 25 22 6 14 4 24 25 29 25 7 32 22 22 25 6 2 15 32 16 25 22
split_gain=127.397 50.1191 43.6991 21.3688 23.8675 18.1058 17.3184 17.1442 21.9418 16.5445 16.1639 16.3827 14.6373 13.9566 25.3087 14.6848 14.5862 12.9163 22.317 15.8227 12.6979 15.5575 15.6602 12.9964 24.3598 18.1098 18.0968 17.2808 21.6922 16.1969 13.3534 18.3373 50.4087 25.1163 23.9133 12.9602 14.646 12.9075 16.7086 13.8623 14.0138 12.802 16.0752 12.5229 12.156 12.0721 15.5369 14.8132 23.2686 14.163 16.271 15.5722 13.7531 13.8671 13.7712 12.0213 11.9915 11.9807 11.7495 11.7302 11.4528 23.9413
threshold=3.0049999952316289 2.4150000810623173 0.037652041763067252 1.3049999475479128 0.013452543411403896 2.8349999189376835 24.500000000000004 0 167.50000000000003 206.25000000000003 155.25000000000003 0.20886715501546863 690.87500000000011 3.5000000000000004 88.345001220703139 2.7749999761581425 0.083424910902977004 387.87500000000006 504.12500000000006 3.1450001001358037 1 2 0.031984170898795135 0.50499999523162853 3 4.5000000000000009 1.985000014305115 63.500000000000007 661.25000000000011 0.79500001668930065 3.5000000000000004 293.62500000000006 524.37500000000011 0.058820031583309181 1.5000000000000002 97.014999389648452 96.924999237060561 0.10516104474663736 0.044467166066169746 139.87500000000003 0.1330504193902016 164.62500000000003 0.25641545653343206 109.25000000000001 99.965000152587905 2.1350001096725468 0.0332412887364626 170.12500000000003 4 82.375000000000014 28.500000000000004 5 0.07483816891908647 0.023185245692729953 197.62500000000003 131.25000000000003 -1.4049999713897703 1.5000000000000002 6 4.5000000000000009 89.500000000000014 0.035563597455620773
decision_type=10 2 8 8 8 10 2 9 8 2 2 8 2 2 8 8 10 2 2 8 9 9 10 2 9 2 10 2 2 2 2 2 2 10 10 10 10 8 10 2 10 2 10 2 10 2 10 2 9 2 2 1 10 10 2 2 10 2 1 2 2 10
left_child=1 3 -3 59 -5 -2 13 12 10 -7 -9 -12 43 14 15 -4 17 -15 19 -19 21 22 -6 24 -23 -25 35 41 -29 -27 45 37 33 34 -33 36 -26 38 60 55 -41 42 -28 -8 -37 -31 57 49 -49 51 -51 -48 53 -50 -54 58 -36 -47 -39 -1 -32 -62
right_child=5 2 6 4 20 9 7 8 -10 -11 11 -13 -14 16 -16 -17 -18 18 -20 -21 -22 23 -24 25 26 29 27 28 -30 30 31 32 -34 -35 56 44 -38 39 -40 40 -42 -43 -44 -45 -46 46 47 48 52 50 -52 -53 54 -55 -56 -57 -58 -59 -60 -61 61 -63
leaf_value=0.0051063859653410325 -0.012082044182990328 -0.019307280298508055 0.014222325306986328 -0.016159538046677611 -0.028284744511760197 -0.028237430132741853 -0.0070137765401178075 0.0010822773498711412 -0.013982309536199795 0.036531066790025019 0.035291603904504351 -0.020623300911881116 0.019300879085449311 0.01121250384526289 -0.010430781426376122 -0.0025838709547494616 -0.015414397370470543 0.086274404086950071 -0.014252958096450816 0.0040516876106409354 0.0051762252128711187 0.059537193981004599 -0.0042619479269988556 -0.016719622573567763 0.00099811823750132686 0.02925489235885801 -0.0067357602798881781 0.00045446163077449863 0.068103094802128034 0.0025384883685458338 -0.005148334285175824 0.072267532598436046 -0.0044710419479886514 0.014805920409417373 -0.013388636044644296 -0.0092993471218357146 0.051500689227935291 0.02197281350971822 -0.010588571097667421 0.021896503058523923 -0.013550299026099433 -0.018383267817530417 0.048343955995980147 -0.021035684354669626 0.014175770797040846 0.019053250433996739 -0.0066106118150690944 -0.0137484503914339 0.018965715352262331 -0.0037297092850685793 0.013795723140015701 0.0045667375924110364 -0.015058279259093563 -0.011434112410928701 0.01125882101693745 -0.0051846118765605954 0.033179993733016541 -0.012834695684541271 0.0044198339374333382 -0.018351539825484091 -0.0058944587463326563 0.043155570338515567
leaf_weight=2558.1494862590916 313.93113657878712 304.16886584390886 175.96023695310578 129.90537243243307 51.367883880855516 245.25676642660983 214.51458693109453 209.70479577151127 126.08965415554121 4.7243976574391118 44.094853489659727 8.6637116915080679 20.489561502821743 85.093297473154962 249.60975201893598 153.94191055558622 21.516039643902332 12.890552259981638 6.8713438836857668 5.556039202027022 1019.8050221898593 8.391164243221283 245.75382171268575 81.891668946482241 1743.7277987436391 32.690648578107357 263.50085054384544 36.144668501801789 7.6907358402386299 3135.3512780671008 53.77053678734228 25.384920295327902 190.58976564928889 225.92252332950011 9.8085296675562841 339.36293278262019 7.2457243478856972 140.71413140371442 221.46704990649596 20.521469201892614 83.53308922611177 201.23953286092728 6.7470750296488395 201.82280842098407 37.32849729526788 18.475467709358782 361.75089422194287 264.23745917063206 26.145694234408438 117.99737928854302 287.08898866991512 439.1908566695638 35.398298289626837 160.61028870474547 210.41857775300741 61.047127462923527 39.04659862909466 243.78315133857541 111.05200304370373 32.510450668632984 29.363287494517863 31.121534288860857
leaf_count=22728 21653 22056 4137 4949 2349 27284 7945 7014 8799 384 1379 245 575 3355 10227 5047 422 224 153 126 10502 141 4633 862 24570 241 7482 534 123 36125 2433 207 1578 1639 93 6918 129 2506 3483 151 601 5530 119 10460 797 945 6528 3605 756 1456 4351 8152 334 3246 2091 1443 461 11758 2021 204 627 389
internal_value=-1.31645e-05 0.000680565 -0.00550188 0.00153461 0.000747873 -0.0186484 -0.00274276 -0.00668024 -0.000367056 -0.0267014 0.00618597 0.0255456 -0.0119691 0.00182003 -0.000853657 0.00638765 0.0134617 0.0193342 0.0435189 0.0647193 0.000958311 0.000502837 -0.00832491 0.000795788 -0.00156934 0.00174017 -0.00181125 -0.00852153 0.0149514 0.00197627 0.00182987 0.00555859 0.0115604 0.0217283 0.041748 -0.000175773 0.00127019 0.00161406 -0.0041952 0.00630932 -0.00620301 -0.0107747 -0.0049862 -0.0138982 -0.00688936 0.000951941 -0.00134212 -7.56422e-05 -0.00471503 0.00260161 0.00867785 -0.000475518 0.00111327 -0.00697992 0.00734586 0.0105098 0.0235144 -0.0104308 0.0143577 0.004795 0.00809755 0.019789
internal_weight=15752.1 15188.2 1840.99 13347.2 10756.6 563.912 1536.82 825.38 388.553 249.981 262.463 52.7586 436.827 711.439 579.512 329.902 131.927 110.411 25.3179 18.4466 10626.7 9606.87 297.122 9309.75 2651.38 6658.37 2642.99 515.323 43.8354 6576.48 6543.79 1243.34 490.752 300.163 74.24 2127.66 1750.97 752.59 335.722 416.868 104.055 471.487 270.248 416.337 376.691 5300.45 2165.1 1902.84 696.81 1206.03 405.086 800.942 432.573 186.756 245.817 312.813 48.8551 262.259 251.766 2590.66 114.255 60.4848
internal_count=321275 271954 82164 189790 166858 49321 60108 36417 17437 27668 8638 1624 18980 23691 19411 9184 4280 3858 503 350 161909 151407 6982 144425 46343 98082 46202 13788 657 97220 96979 17632 3978 2400 761 32414 24699 13654 6932 6722 752 13131 7601 18405 7715 79347 43222 30519 10032 20487 5807 14680 6427 4002 2425 5970 554 12703 4527 22932 3449 1016
cat_boundaries=0 1 2 3 4 5 6 7
cat_threshold=96 8 8 8 64 4 4
is_linear=0
shrinkage=0.04


Tree=70
num_leaves=63
num_cat=5
split_feature=4 22 22 21 23 25 1 12 8 1 11 11 14 6 21 25 25 25 17 20 21 23 32 11 22 21 24 25 32 22 24 23 22 23 23 23 21 22 6 24 22 32 8 25 7 24 23 25 25 23 11 25 4 11 15 25 25 32 6 28 17 23
split_gain=115.566 37.5278 28.5698 24.1492 37.2937 30.7085 29.4696 23.0751 20.2899 17.7806 17.5004 16.955 16.5329 19.9492 15.0476 14.707 14.2459 30.9979 38.4995 32.9175 30.3906 36.069 39.4166 26.6506 31.0312 34.1027 22.45 21.5113 36.1334 21.2242 20.999 21.3395 40.8642 20.8221 20.7977 18.539 18.4773 17.8745 17.6358 29.0821 18.4361 16.8569 16.5997 15.8757 15.8306 15.2432 19.7588 21.4831 15.1996 14.8299 14.5734 14.4671 14.0343 13.8494 13.6733 20.6077 13.6667 19.0401 13.6139 15.3701 33.0673 23.6419
threshold=2.7350000143051152 0.013452543411403896 0.066482517868280425 68.252796173095717 1.0013249516487124 29.375000000000004 1.9550000429153445 1.5000000000000002 206.25000000000003 2.1250000000000004 0.074118375778198256 0.030631792731583122 77.045001983642592 15.500000000000002 60.947811126708991 64.125000000000014 84.125000000000014 167.62500000000003 1.5000000000000002 184.00000000000003 67.372478485107436 1.1789435744285586 0 0.25356170535087591 0.17032737284898761 65.480831146240249 0.3201736062765122 677.12500000000011 1 0.39696128666400915 0.25058004260063177 1.2481924295425417 0.21839360147714618 1.4250591397285464 1.1440888047218325 1.2232519388198855 67.22434234619142 0.044447327032685287 57.500000000000007 0.18260557204484942 0.078872710466384902 2 46.500000000000007 537.62500000000011 19.500000000000004 0.14791696518659594 1.3153603076934817 317.62500000000006 184.37500000000003 1.0189087986946108 0.11929211765527727 272.62500000000006 2.9250000715255742 0.047675872221589095 4.7500000000000009 6.8750000000000009 125.50000000000001 3 196.25000000000003 4 3.5000000000000004 1.0939428806304934
decision_type=2 8 10 10 10 2 8 10 2 8 10 8 10 2 10 2 2 2 10 2 10 10 1 8 10 10 10 2 1 10 10 10 10 10 10 10 10 10 2 10 10 1 2 2 2 10 10 2 2 10 8 2 2 8 2 2 2 1 2 9 10 10
left_child=1 -1 -2 5 54 7 15 -3 9 52 -9 12 -8 -14 -11 -6 29 18 49 23 36 22 43 24 27 26 45 51 -29 38 31 32 37 50 48 -34 -21 -20 42 40 -40 -42 -7 -22 -44 -26 47 -47 -24 -18 -32 -19 -4 -50 -5 -56 57 -13 59 -39 61 -61
right_child=2 3 8 4 6 16 11 10 -10 14 -12 56 13 -15 -16 -17 17 19 30 20 21 -23 34 -25 25 -27 -28 28 -30 -31 33 -33 35 -35 -36 -37 -38 58 39 -41 41 -43 44 -45 -46 46 -48 -49 53 -51 -52 -53 -54 -55 55 -57 -58 -59 -60 60 -62 -63
leaf_value=-0.016260781672882977 -0.023686084284047396 0.0027104755528375764 0.04209789160032254 -0.026206285286400455 -0.0011083484313130891 -0.0030838778594272521 0.0033369072232015875 0.025500145612613961 0.056930791110816524 0.015367444775907188 0.0094276380632278556 0.0012225265565174823 0.0089812612667333654 -0.013093901905479127 -0.013595961721823735 0.0052027021313478085 0.032473172641489564 -0.0072683332735472795 0.051956797358749411 0.0043157009915292723 0.092877192826691712 0.06467066466153 -0.028134579959979682 0.0019295119535823139 -0.030638330014479638 0.035131473670257755 -0.019144137872118692 -0.023334274465701684 0.072175186322099003 0.0220463238995054 0.064268905420933886 -0.0064747615101885319 0.01808441374868346 -0.0023878595744595481 -0.024917411039544236 0.072545678676781786 -0.026971178416060341 0.0062023235927406465 0.0068045060703504183 0.015283446643010186 0.0016104858495292096 -0.017553110541936125 0.022236803014329988 0.019730840656090307 0.0027444503036161546 0.0070126713985225854 -0.0010161348498155403 0.053056677700700758 -0.019056251324719463 -0.0021421687547986414 0.025710692054241605 -0.019500738130269021 -0.019260125044014403 0.028151306978090599 0.10233819050205892 -0.012187312743191719 0.0015786588117896606 -0.0073733593122859379 -0.021544381844772999 0.050008891161901881 0.047505223373624415 0.00087969688356398003
leaf_weight=202.39891222771257 345.33622153755277 897.17761395731941 16.455051405820999 114.24280323996209 911.82305046124384 746.51236893492751 170.77471175999381 128.54297138145193 5.5547963376156977 29.289889601059258 706.71382536925375 720.8688971537631 72.077040200354531 572.13545688916929 358.23466196330264 1663.3666753873695 18.46098861284554 290.58724745875224 13.757166533498092 672.54073361470364 10.24907281342894 25.069380588829517 10.05270705744624 967.90777691826224 17.661421549506485 40.991268197074533 94.176735710352659 11.159196405671537 10.545987254939973 55.74862723518163 22.934784902725369 113.88181417272426 20.483975654002279 26.843827768228948 28.752499852329493 22.818455620203167 29.584314653649926 526.44636483350769 77.63219562638551 74.092300761025399 88.99213397083804 391.31529405410402 84.252642304403707 10.548857430927454 302.72365642944351 47.374979897402227 185.42401937115937 23.677412199787796 10.239142009988425 602.2923590966966 61.763747908174992 345.19767969241366 7.1908006875310084 58.164306985214353 1.4820862179622034 7.5163802476599813 1496.926673812326 955.29632824216969 21.175490711349994 16.579222373431548 48.055635652970523 102.97588099306449
leaf_count=8839 37270 27558 389 7257 13393 8868 5425 4479 220 1282 9674 13998 2026 27850 26737 18582 126 3449 227 7345 156 176 144 5420 152 290 903 187 114 406 264 1143 219 308 378 211 370 6195 2324 779 1894 8294 888 152 2911 395 1681 183 314 4741 378 5035 256 490 102 537 22038 23379 282 275 491 1237
internal_value=-1.56694e-05 0.000759158 -0.0151898 0.000995443 -0.000780839 0.00246947 -0.00036689 0.00718595 -0.00805036 -0.00921893 0.0119657 -0.00252133 -0.0076621 -0.0105915 -0.0113186 0.00296586 0.00117544 0.00238204 0.00681046 -9.82871e-05 0.0064748 0.0225113 0.0133252 -0.00286858 -0.00722485 0.00140259 -0.0024991 -0.0125958 0.024908 -0.00180634 0.0116695 0.00955346 0.0119379 0.0279461 0.00303182 0.0488954 0.00291319 0.00960391 -0.00258814 -0.00793108 -0.0110717 -0.0139939 0.000392748 0.0611134 0.00710141 0.00328737 0.0058735 0.0234983 0.0137388 -0.000998891 0.0374855 -0.0139628 0.0230799 0.0206307 -0.0224041 0.0211276 -0.00119444 -0.00367471 0.00863551 0.00962704 0.0201366 0.00846919
internal_weight=15713 14951 762.061 14748.6 6686.51 8062.08 6563.27 1732.43 416.725 411.17 835.257 3988.08 814.987 644.212 387.525 2575.19 6329.64 4508.37 1618.47 2889.9 855.201 153.076 128.007 2034.7 1066.8 409.306 368.315 657.49 21.7052 1821.27 997.716 886.174 772.292 111.542 107.209 43.3024 702.125 728.99 1765.52 632.032 557.94 480.307 1133.49 20.7979 386.976 274.138 256.476 71.0524 78.4562 620.753 84.6985 635.785 23.6459 68.4034 123.241 8.99847 3173.09 1676.17 715.233 694.057 167.611 119.555
internal_count=321086 254932 66154 246093 134587 111506 126691 41711 28884 28664 14153 94716 35301 29876 28019 31975 69795 43431 16097 27334 9525 1810 1634 17809 12389 3604 3314 8785 301 26364 11230 10280 9137 950 1326 430 7715 8707 25958 13291 12512 10188 12667 308 3799 2411 2259 578 948 4867 642 8484 645 804 7896 639 59415 37377 8480 8198 2003 1512
cat_boundaries=0 1 2 3 4 5
cat_threshold=4 8 16 8 16
is_linear=0
shrinkage=0.04


Tree=71
num_leaves=63
num_cat=3
split_feature=4 22 9 5 21 22 0 25 16 21 21 11 10 21 19 10 5 25 25 24 25 32 0 1 15 23 24 1 0 25 22 21 28 25 23 23 24 25 0 21 25 17 22 19 25 25 25 28 0 19 21 25 19 24 25 24 25 24 23 25 11 25
split_gain=114.645 35.4675 25.4527 29.6883 24.9021 22.8098 19.4716 19.1604 18.0983 17.9282 15.7718 15.7533 16.0467 14.6779 14.6707 15.2775 15.2566 14.0678 16.9416 14.0085 13.9195 13.8545 26.2284 15.1055 13.5094 16.409 15.8259 13.6564 13.4838 12.9213 14.103 20.235 18.4611 17.7404 17.5267 16.5579 20.1738 19.5939 20.9721 19.7808 23.6599 21.5518 18.5438 17.6494 49.5614 33.0504 33.5123 23.6994 19.2701 17.2733 17.5177 16.5844 15.4356 29.3824 19.8868 17.3315 22.7129 15.2524 15.2395 15.14 14.9127 14.8396
threshold=2.7549999952316289 0.013452543411403896 3.5000000000000004 33.500000000000007 84.929595947265639 0.031053040176630024 1.8149999976158144 415.37500000000006 4.5000000000000009 60.947811126708991 84.929595947265639 0.64760348200798046 29.750000000000004 78.926559448242202 167.50000000000003 27.750000000000004 43.500000000000007 162.12500000000003 765.12500000000011 0.19926892220973971 124.12500000000001 0 2.4850000143051152 1.935000002384186 1.0000000180025095e-35 1.0153971314430239 0.01448150258511305 1.0000000180025095e-35 2.7549999952316289 690.87500000000011 0.1857978627085686 61.583427429199226 1 618.00000000000011 1.3789317607879641 1.2374786734580996 0.22043872624635699 82.375000000000014 2.8249999284744267 69.930908203125014 29.375000000000004 4.5000000000000009 0.092618513852357878 163.50000000000003 217.37500000000003 510.25000000000006 256.87500000000006 2 1.9650000333786013 128.50000000000003 65.948837280273452 38.125000000000007 190.50000000000003 0.16188172996044162 97.625000000000014 0.084386415779590621 125.50000000000001 0.28126463294029241 1.0625432729721072 170.12500000000003 0.20519568026065829 78.375000000000014
decision_type=2 8 2 2 10 8 10 2 2 8 10 10 2 10 10 2 2 2 2 10 2 1 8 8 2 8 8 8 10 2 10 8 9 2 10 10 10 2 10 10 2 10 10 10 2 2 2 9 10 10 10 2 10 10 2 10 2 10 10 2 10 2
left_child=1 14 3 13 6 -2 -5 -6 11 -7 21 29 -13 24 15 -1 -17 19 -19 -8 -21 23 -23 -11 -3 -26 -27 -28 -29 30 31 32 34 57 -4 37 42 39 43 40 -33 51 -37 44 -39 46 52 -46 -49 50 -42 -41 53 55 60 56 -45 -32 -53 -58 -54 -51
right_child=5 2 8 4 7 9 17 -9 -10 10 -12 12 -14 -15 -16 16 -18 18 -20 20 -22 22 -24 -25 25 26 27 28 -30 -31 33 35 -34 -35 -36 36 -38 38 -40 41 49 -43 -44 45 47 -47 -48 48 -50 61 -52 58 54 -55 -56 -57 59 -59 -60 -61 -62 -63
leaf_value=-0.011612642214894364 -0.030291371155476594 0.025234945616493615 -0.032473703761964096 0.0080852164772311236 -0.010436540779806274 0.017769806949789978 -0.0060931271126594419 0.074458110445994374 -0.020716492301477714 0.03170789232285974 0.052169895530632192 0.0073826821902588241 0.033160708540075391 -0.012440261960733071 -0.022844811251717789 0.065050690137876802 -0.006078289161306644 -0.01616246728001091 0.030067997657921151 -0.0016675154933111335 0.068503313852858905 0.032396612188284733 -0.01229071387903961 -0.025018536337651102 -0.011140705111759575 0.032188875678279702 0.017646227446710322 0.00091920821437757236 -0.0089648101669143661 0.013188006401382695 0.009873652057838694 0.0064858382922615984 0.015720424011623373 -0.03359471345678449 0.020198363117026719 0.019676732523379793 0.0043253945243441833 0.0070280053018921661 0.026000252158792533 -0.008512110913265078 -0.010383371894056137 -0.022075645968264938 -0.016326448885683704 9.4607582163930107e-06 0.040869605012280701 -0.0053012709145541358 0.016932083592967332 -0.0031223829544861671 -0.016865790997094669 -0.0069484972936510112 0.007393425710579494 -0.0068634832092466019 -0.012043585968808952 0.050250675889610574 -0.01277374606587703 -0.0036749719737490206 0.040518704935768216 7.0466360247784632e-05 0.011616069713747724 0.012318892712505308 0.039155280328674463 -0.033086839185988481
leaf_weight=44.349830395542085 137.79007856361568 33.54789120494388 68.015708594582975 104.43179783690721 6.1731441614683709 28.663778691086918 379.31899256259203 8.4873702330514771 50.821227692067623 6.0472023054026058 3.7888649683445683 183.81979182548821 48.085029441863298 138.38930906681344 139.8180542550981 7.9813518635928657 8.3783564530312997 441.10279763187282 11.157557510770856 9.4035318866372091 6.200889970175921 20.534537016181275 312.31408784398809 188.32974217832088 185.57812818838283 23.733411008492112 73.43216032255441 5290.8997230185196 228.36373001127504 173.47723437473178 802.27375714760274 876.27841859031469 20.934460675343871 15.667328484356402 10.229633733630179 23.458572855219245 184.80315456166863 969.17488934565336 67.86142769549042 375.98136611888185 125.0468544382602 108.54424997139722 234.67373819090426 133.74143747682683 14.453359320759773 284.28150850534439 566.21752022765577 500.52179946750402 242.55565724894404 266.54779668152332 290.95990024413913 117.69358197716065 13.20423951698467 22.381556503474712 145.58122260449454 202.29197983117774 49.65830485522747 373.55909479223192 174.39868786581792 83.969868489541113 21.788937799632549 38.662908958736807
leaf_count=2048 14995 968 705 2556 331 1241 21664 207 336 185 93 1212 396 6075 6546 162 234 16610 297 245 134 911 27394 18066 8073 227 830 82867 12408 1167 7106 18266 290 107 62 213 1180 9298 1461 6240 1090 4943 1657 2285 154 2669 4931 3895 3403 6232 2650 3266 211 147 1740 1781 565 2262 2029 904 255 594
internal_value=8.68104e-05 0.000824266 0.00105181 -0.000713637 -0.00721134 -0.0157423 -0.00805161 0.0412695 0.0026072 -0.0120511 -0.0137364 0.00276484 0.0129997 0.00033808 -0.0157995 0.000509766 0.0314935 -0.0100646 -0.014877 -0.00448614 0.0303772 -0.0144205 -0.00933288 -0.022908 0.000646646 0.000494448 0.00088415 0.000738414 0.000505701 0.00244809 0.00219262 0.00142777 -0.0163087 0.00617851 -0.025156 0.00172104 -0.00570668 0.00230227 0.00428689 -0.000469021 0.00207301 -0.00570011 -0.0128977 0.00381531 0.00103903 0.00695194 0.00977421 -0.00661099 -0.00765248 -0.00328063 0.00200667 -0.00296964 0.00370443 0.00737565 -0.00622659 0.00511108 0.0117662 0.00677141 0.00414681 0.0233003 0.0200131 -0.0104795
internal_weight=15719.8 15022.4 14821.8 6940.22 966.276 697.468 951.616 14.6605 7881.62 559.678 531.014 7830.79 231.905 5973.94 200.528 60.7095 16.3597 847.184 452.26 394.923 15.6044 527.226 332.849 194.377 5835.56 5802.01 5616.43 5592.7 5519.26 7598.89 7425.41 6233.91 99.1798 1191.5 78.2453 6134.73 442.935 5691.8 3317.68 2374.11 1597.5 776.618 258.132 3249.82 1726.71 1523.12 1238.84 757.531 743.077 721.217 416.007 668.074 672.618 492.043 180.574 469.662 267.37 1175.83 292.092 133.628 34.9932 305.211
internal_count=321069 258184 249194 153492 42044 62885 41506 538 95702 47890 46649 95366 1608 111448 8990 2444 396 38950 16907 22043 379 46556 28305 18251 105373 104405 96332 96105 95275 93758 92591 83116 1057 9475 767 82059 3050 79009 33699 45310 28832 16478 1870 32238 16750 15488 12819 7452 7298 10566 3740 11535 7888 5682 2206 5535 3754 9368 5295 1469 466 6826
cat_boundaries=0 1 2 3
cat_threshold=4 16 8
is_linear=0
shrinkage=0.04


Tree=72
num_leaves=63
num_cat=2
split_feature=0 1 21 25 17 1 20 19 9 22 25 6 17 20 10 21 19 32 21 21 22 22 14 22 22 17 21 21 19 25 21 15 25 21 22 25 25 19 22 25 10 21 25 17 28 25 17 21 25 22 21 21 22 1 15 10 25 25 20 10 21 4
split_gain=100.51 45.4969 26.1458 29.3505 27.1271 27.1464 24.3474 23.4612 34.6309 20.857 20.098 19.3791 18.1764 17.9825 17.4496 16.6789 40.4812 20.9093 21.7311 15.2394 15.3538 14.9784 14.9772 16.1566 14.7609 13.9977 27.2034 21.8176 15.6493 13.6966 13.3399 25.9349 22.2518 34.9211 20.0789 28.0524 17.5771 18.8485 16.0051 22.1736 19.423 15.8155 15.106 19.9253 24.4137 19.7782 17.8878 13.8455 12.9744 12.5516 12.5268 43.9912 46.0103 26.3303 17.9408 15.2058 12.4807 21.9461 33.0462 19.3972 18.498 12.2642
threshold=2.6750000715255742 2.7150000333786015 67.996994018554702 31.125000000000004 3.5000000000000004 1.6050000190734866 159.00000000000003 52.500000000000007 16.500000000000004 0.029824725352227691 5.1250000000000009 205.25000000000003 4.5000000000000009 218.00000000000003 17.250000000000004 67.372478485107436 190.50000000000003 0 67.488975524902358 78.926559448242202 0.13584823906421664 0.31542138755321508 71.259998321533217 0.12612471729516986 0.1597690433263779 3.5000000000000004 63.086299896240241 65.71753311157228 145.50000000000003 24.125000000000004 66.469604492187514 5.5000000000000009 515.37500000000011 66.180812835693374 0.0917622745037079 164.62500000000003 111.87500000000001 163.50000000000003 0.15579720586538318 88.125000000000014 21.750000000000004 66.347663879394545 335.87500000000006 3.5000000000000004 1 457.12500000000006 1.5000000000000002 61.583427429199226 465.75000000000006 0.076873797923326506 74.235458374023452 74.533176422119155 0.03408933803439141 1.0549999475479128 2.5000000000000004 5.5000000000000009 431.12500000000006 296.12500000000006 218.00000000000003 21.750000000000004 79.617172241210952 2.4650000333786015
decision_type=10 10 10 2 10 10 2 8 2 8 2 2 10 2 2 10 10 1 10 10 10 10 10 10 10 10 10 10 10 2 10 2 2 10 10 2 2 10 10 2 2 10 2 10 9 2 10 10 2 10 10 10 10 10 2 2 2 2 2 2 10 2
left_child=2 9 3 10 7 -6 -3 8 13 -2 12 -8 -1 -4 -15 30 24 -18 -19 20 50 25 -7 61 -17 -12 -27 28 -28 -23 32 -32 33 38 35 36 37 -35 39 -5 -41 -37 -40 44 45 46 -44 -42 -45 -33 -9 52 -52 -54 -53 -56 57 -11 59 -59 -58 -24
right_child=1 6 4 15 5 22 11 19 -10 56 21 -13 -14 14 -16 16 17 18 -20 -21 -22 29 23 -25 -26 26 27 -29 -30 -31 31 49 -34 34 -36 41 -38 -39 42 40 47 -43 43 48 -46 -47 -48 -49 -50 -51 51 54 53 -55 55 -57 60 58 -60 -61 -62 -63
leaf_value=0.0036447800971719305 -0.019949183085779219 0.00062722881484908433 -0.0028934782722606091 -0.011250225472840721 0.0022990193461233576 0.0013320468553455608 -0.02422361284540183 0.0023893354523461456 0.023080626707039073 -0.0032590409079995418 0.0077007530842745312 0.023663468148873289 -0.020241346350149254 -0.022184388829530381 0.007618026248650594 0.00054594796966929285 -0.016524929518798581 0.08173707994809308 0.027590718214373439 -0.015164465966042489 -0.012153729027245534 0.0072294863470498995 -0.0095577309155564123 0.036632159607353401 0.026173273250449554 -0.023120113312346157 0.07124740582495287 0.016174701320307225 0.014312372860110816 0.059121344425025896 -0.0055630878172397693 0.0035956438876672083 -0.0089283519582315455 0.0094739592402720736 0.0079451824769946368 -0.019816533867321448 0.098237665191825307 0.077045597019816989 0.0017511027954245323 -0.0049951183481164547 -0.030314770116677634 0.024515910995491105 0.011375750308177855 0.039479443528965999 -0.037394072765362177 0.037363901315305481 -0.015651337442137311 0.0073612550694487902 0.0015573398968039048 0.076142841776529316 0.11956903196940126 -0.021202871946242961 -0.01562525516820093 0.043823825201743764 -0.0025205316873690366 0.013943390511330424 -0.020673389545144132 -0.014624518386048439 0.04916067572072829 0.04622926089498576 0.058574191426930627 -0.022962819727241995
leaf_weight=558.30168961919844 125.8581537778955 82.891753337578848 1525.5382581069134 341.82615203969181 505.33059552358463 191.89866503817029 444.05500405328348 2588.9982915762812 74.936917548067868 722.2730382126756 849.42769312066957 12.256476968759669 54.033130523283035 148.17846170463599 38.213466820307076 358.97633061185479 9.7799891624599695 15.851960235275326 50.105543551035225 73.836853720014915 101.74130815081298 15.786329701542853 814.10027480963618 9.3553381925448758 38.06996185425669 17.601281330920756 23.95501989684999 87.935920432209969 13.275283943861721 17.394130835309625 727.88559645181522 7.2700378599110973 313.34414722397923 19.314187406562272 211.1386743769981 16.415581131353974 10.135525349527596 8.9068858234677446 2348.430017797742 502.50200316845439 14.111463919281958 41.235538296401501 143.26524174958467 52.023128855973482 17.616350226104259 31.830869253724813 51.57053354755044 479.81432701647282 20.539795529097319 7.239241125062108 8.2346390383318049 36.587292015552521 16.405938254669309 33.629214506829157 146.68943143775687 224.25190890813246 86.193577438592911 39.70666089002043 31.466962996404618 8.4770663287490589 3.0289462972432366 127.36391199450009
leaf_count=17089 9011 5593 23750 5735 7848 4030 46467 36218 888 34731 13078 837 2530 6136 933 4446 114 138 720 2688 903 127 21990 136 278 406 372 2123 359 182 8280 146 2871 399 1958 195 150 165 21009 6493 110 391 797 352 145 178 408 3406 143 60 144 1317 289 405 4665 2974 3121 1581 876 95 49 8245
internal_value=-0.00019384 -0.00983604 0.000867863 0.00249173 -0.00095274 -0.00540227 -0.0192136 0.000508805 -0.00316481 -0.00482837 0.0072215 -0.0228223 0.00146498 -0.00434392 -0.0160159 0.00116179 0.008349 0.0347597 0.0427443 0.00254402 0.00297013 0.0106419 -0.00881298 -0.0108674 0.00314208 0.00969829 0.0212572 0.0278261 0.0529145 0.0364746 0.000524229 -0.00444332 0.00132508 0.00207606 0.0150313 0.0300532 0.0557634 0.0347525 0.00107314 -0.00249044 0.000523118 0.0115174 0.00286596 0.0110413 0.00542696 0.00908792 0.00409504 0.0061508 0.0291821 0.0451161 0.00348407 0.0095155 0.0414396 0.0243261 0.00475127 0.00743265 -0.00264398 -0.00103588 0.0186118 -0.00234325 -0.0166702 -0.0114245
internal_weight=15698.4 1556.21 14142.2 7476.91 6665.29 1648.05 539.203 5017.24 1786.87 1017 1637.71 456.311 612.335 1711.93 186.392 5839.2 472.784 75.7375 65.9575 3230.37 3156.54 1025.38 1142.72 950.82 397.046 992.195 142.768 125.166 37.2303 33.1805 5366.42 742.395 4624.02 4310.68 307.146 96.0077 38.3566 28.2211 4003.53 1338.25 996.428 57.6511 2665.28 316.846 244.283 226.667 194.836 493.926 72.5629 14.5093 3054.8 465.798 58.2698 50.0352 407.529 370.941 891.146 801.924 79.6507 48.1837 89.2225 941.464
internal_count=321273 102361 218912 95353 123559 42249 52897 81310 31707 49464 36266 47304 19619 30819 7069 59087 5696 972 858 49603 46915 16647 34401 30371 4724 16338 3260 2854 731 309 53391 8486 44905 42034 3258 1300 714 564 38776 15744 10009 586 23032 2023 1528 1383 1205 3516 495 206 46012 9794 838 694 8956 7639 40453 37283 2552 1676 3170 30235
cat_boundaries=0 1 2
cat_threshold=16 16
is_linear=0
shrinkage=0.04


Tree=73
num_leaves=63
num_cat=7
split_feature=0 4 25 5 15 32 5 23 1 17 19 23 24 25 29 23 18 24 24 15 29 16 24 24 11 11 8 11 15 25 25 2 25 25 25 28 19 25 8 15 23 20 16 25 32 19 19 4 6 32 4 1 5 20 15 16 32 23 23 8 25 25
split_gain=107.537 41.9824 36.7473 21.7326 22.0279 20.5757 18.4025 18.6475 17.6641 16.5789 29.5797 28.4294 26.698 24.5087 22.1156 18.8739 16.9654 16.2693 38.6391 17.6771 15.1071 15.0823 14.4592 16.0164 13.9773 13.3457 14.4099 14.2485 14.0352 13.1213 12.8116 12.4544 12.363 11.8097 27.5479 16.0903 17.3518 13.1836 13.3176 14.6714 18.4542 11.5771 11.4899 11.2988 14.1897 10.816 10.7461 13.104 11.5249 12.0665 10.295 17.6108 21.4542 18.2847 13.7048 16.4293 16.2156 16.2807 24.8112 32.9298 22.8948 41.3497
threshold=3.0149999856948857 2.4550000429153447 137.62500000000003 33.500000000000007 3.5000000000000004 0 7.5000000000000009 1.3153603076934817 2.8249999284744267 4.5000000000000009 23.000000000000004 1.0326827168464663 0.037270663306117065 19.125000000000004 1 1.1321590542793276 1.5000000000000002 0.074046105146408095 0.072209183126688017 5.5000000000000009 2 1.5000000000000002 0.12200778722763063 0.11395748704671861 0.20519568026065829 0.35620281100273138 32.500000000000007 0.64760348200798046 1.0000000180025095e-35 97.625000000000014 677.12500000000011 1.185000002384186 418.37500000000006 96.375000000000014 164.62500000000003 3 163.50000000000003 340.12500000000006 101.25000000000001 3.5000000000000004 1.146490812301636 79.000000000000014 3.5000000000000004 217.37500000000003 4 128.50000000000003 36.000000000000007 1.0000000180025095e-35 4.5000000000000009 5 1.544999957084656 1.985000014305115 55.500000000000007 184.00000000000003 3.5000000000000004 1.5000000000000002 6 1.0542859435081484 1.0668813586235049 55.500000000000007 229.62500000000003 115.62500000000001
decision_type=10 2 2 2 2 1 2 10 10 10 10 10 8 2 9 10 8 10 10 2 9 2 10 8 8 10 2 10 2 2 2 10 2 2 2 9 10 2 2 2 8 2 2 2 1 10 10 2 2 1 2 10 2 2 2 2 1 10 10 2 2 2
left_child=1 9 5 4 -4 6 -3 -8 41 14 12 -12 13 -11 24 20 17 18 19 32 -14 29 23 -6 -1 28 46 31 -16 -7 -5 42 -13 -18 35 45 -37 -36 -39 40 -40 -2 -28 44 -17 -35 -27 -48 -49 -50 51 -30 -53 -54 56 -56 -52 -58 59 -59 61 -61
right_child=8 2 3 30 22 21 7 -9 -10 10 11 16 15 -15 25 43 33 -19 -20 -21 -22 -23 -24 -25 -26 26 27 -29 50 -31 -32 -33 -34 34 37 36 -38 38 39 -41 -42 -43 -44 -45 -46 -47 47 48 49 -51 54 52 53 -55 55 -57 57 58 -60 60 -62 -63
leaf_value=-0.016965526910737411 0.034200222448031295 0.025880382442867184 -0.01364374912519385 -0.023411467830035892 0.0071186951700601296 0.00012431071779028238 -0.01143103504498454 0.045402728322769453 -0.02612447210780772 -0.028269635196466913 -0.019861709354020089 0.0085549564595159382 0.0047120336418948073 0.047853997009705676 0.02373417169151389 -0.0016055344605284295 -0.023981072572745545 -0.0041783380965941565 0.079967099870776132 0.047879412059699568 -0.017217810878278832 0.029636281895945606 -0.0090697305039281507 0.049896753358049772 -0.0012970353127927986 0.010489567006590159 0.0063464027601201727 0.026550330915304943 0.00080217727913862557 0.019093753077573501 0.0094346544825892782 0.01809309127086179 -0.017148206894784399 0.011498775600680203 -0.023263881363931201 -0.032396769594520952 0.024780260803392115 0.049330109006673346 -0.025443868028433014 0.012540766105249327 0.031100178314847932 -0.012491404057866308 -0.0083337381142141956 -0.010195769108573725 0.035112757714679081 0.08120951644542318 0.012373354234643483 -0.016047363451730655 0.0084972830441747138 -0.010113946838066087 -0.0012245143741650389 -0.0090933653747182156 0.066370963998991131 0 0.0089591324005499073 -0.00076607941025694693 -0.0030343817646175109 -0.0080875457773549077 0.0032191849522211573 0.016475401667611706 0.0014907880970028695 0.064640361866497437
leaf_weight=156.27211764641106 6.7853103745728722 22.580819915514439 228.72995279356837 268.16453711269423 57.527484849095345 409.55594360386021 339.25642766989768 7.5062832478433839 229.83995130215771 6.6355384713970116 200.70970694650896 118.64344884757884 113.91452517942525 37.637169206282124 43.107069644844159 23.588756433688104 72.473892426816747 267.72334067383781 10.262193021364508 12.895256552612407 73.703646451933309 34.375465861987323 50.900769956409931 17.181046487763524 218.35878902953118 112.34434675518423 991.25500176055357 58.328762525692582 2566.1217365409248 66.211715867742896 19.031386196613312 131.63075689505786 37.757307374849916 7.3732772613875568 91.385344940237701 11.278546875342725 21.484715138562024 5.3251478681340805 60.160165842622519 39.738579718396068 8.9819067362695915 290.11010607052594 91.155203975737095 17.940774301066995 52.225275354459882 7.586640190333128 68.356695789843798 126.654176723212 107.87673044577241 110.96758661419153 2310.4323597201146 500.37440261687152 9.2478068468626606 16.411852445453405 888.19343238673173 401.55184255354106 573.28812695294619 61.145185973495245 2639.1709576083813 79.992584581486881 46.482983111403883 44.733061708975583
leaf_count=4045 169 495 8865 14618 2033 24024 18581 125 27502 330 10415 3121 1863 862 890 198 2171 3220 187 183 1657 1002 1067 256 3763 962 8702 440 36818 3177 802 1075 820 131 1563 158 427 123 1332 526 106 20903 523 152 392 122 511 949 820 811 31141 12591 120 469 13156 3513 15706 876 27096 1510 602 521
internal_value=-5.44068e-05 0.000562917 -0.00573534 -0.0129993 -0.0062833 -0.000410137 -0.00758635 -0.00992452 -0.0177879 0.00126591 -0.00302651 -0.00651862 0.0073676 0.0355431 0.00171848 0.00268652 -0.00300176 0.00204123 0.0113026 0.0062086 -0.00461093 0.00477916 0.00706088 0.0181053 -0.00770498 0.00201984 0.00519798 0.00749767 0.00145864 0.00284988 -0.021157 0.00653355 0.00216118 -0.00992 -0.00570941 0.0210381 0.00413584 -0.0120996 -0.00285073 -0.0063187 -0.0173182 -0.0111758 0.00508965 0.0171647 0.0238378 0.0527307 -0.000354949 -0.00335431 -0.00654234 -0.000909666 0.00135846 -0.00056332 -0.00721751 0.0270858 0.00220302 0.00592857 0.00136497 0.00310376 0.00433325 0.0168177 0.0257492 0.0345605
internal_weight=15700.6 15173.9 1521.02 641.535 354.339 879.487 369.344 346.763 526.735 13652.9 1299.43 973.779 325.646 44.2727 12353.5 281.373 773.07 447.282 179.558 169.296 187.618 510.143 125.609 74.7085 374.631 11978.8 1798.57 1272.37 10180.3 475.768 287.196 1214.04 156.401 325.788 253.314 47.7232 32.7633 205.591 114.206 108.881 69.1421 296.895 1082.41 93.7548 75.814 14.9599 526.2 413.855 345.498 218.844 10137.1 3092.16 526.034 25.6597 7044.99 1289.75 5755.25 3444.81 2871.52 232.354 171.209 124.726
internal_count=321288 272714 75045 27641 12221 47404 19201 18706 48574 197669 30059 24605 5454 1192 167610 4262 14190 7531 4311 4124 3520 28203 3356 2289 7808 159802 14793 10740 145009 27201 15420 10300 3941 6659 4488 838 585 3650 2087 1964 1438 21072 9225 742 590 253 4053 3091 2580 1631 144119 49998 13180 589 94121 16669 77452 46311 30605 3509 2633 2031
cat_boundaries=0 1 2 3 4 5 6 7
cat_threshold=4 8 136 4 8 8 4
is_linear=0
shrinkage=0.04


Tree=74
num_leaves=63
num_cat=4
split_feature=0 22 4 6 25 15 6 15 14 0 9 19 21 16 22 19 14 25 25 2 32 4 14 0 29 5 6 17 6 0 16 4 0 25 0 12 29 15 25 22 25 24 23 32 21 22 17 14 6 5 21 21 21 21 25 25 22 19 25 19 24 21
split_gain=94.347 37.527 24.9205 28.8304 22.6698 23.2889 22.0788 20.5714 33.2659 19.9911 19.5377 17.6189 14.5614 14.3689 13.9228 13.6641 13.0517 15.8593 30.6526 23.3831 14.0647 13.0001 24.3497 23.5184 19.3036 18.9765 21.7826 16.7708 16.5599 16.1871 14.4575 13.7273 13.7987 28.5192 12.9057 14.0323 13.0474 12.6762 21.0629 23.166 19.8165 15.3384 14.6215 13.9982 15.4081 13.0422 12.4084 12.3297 15.0456 16.94 12.2252 11.9652 12.0101 11.5127 11.4878 11.4808 11.843 11.323 12.4199 11.0986 17.2701 19.4013
threshold=3.1049998998641972 0.017273891717195514 2.3950001001358037 122.25000000000001 97.625000000000014 2.5000000000000004 216.25000000000003 3.5000000000000004 88.345001220703139 2.0249999761581425 1.5000000000000002 167.50000000000003 77.16318511962892 4.5000000000000009 0.26898275315761572 23.000000000000004 97.115001678466811 524.37500000000011 387.87500000000006 -1.014999985694885 0 1.4049999713897707 86.174999237060561 0.75499999523162853 1 34.500000000000007 9.5000000000000018 2.5000000000000004 164.25000000000003 1.9550000429153445 1.5000000000000002 1.9450000524520876 2.8149999380111699 99.125000000000014 1.2549999952316286 9.5000000000000018 2 3.5000000000000004 243.87500000000003 0.096088465303182616 531.87500000000011 0.33845931291580206 1.0504927635192873 3 63.086299896240241 0.018359891138970855 3.5000000000000004 78.58499908447267 90.250000000000014 41.500000000000007 69.330890655517592 74.235458374023452 75.729537963867202 66.180812835693374 661.25000000000011 677.12500000000011 0.092618513852357878 145.50000000000003 144.12500000000003 167.50000000000003 0.084386415779590621 67.536304473876967
decision_type=10 8 2 2 2 2 2 2 8 8 2 10 10 2 10 10 10 2 2 10 1 2 10 10 9 2 2 10 2 10 2 2 10 2 8 8 9 2 2 8 2 10 10 1 10 8 10 8 2 2 10 10 10 10 2 2 10 10 2 10 10 10
left_child=1 4 13 7 5 -1 11 8 34 -5 -2 12 -6 21 -10 -11 47 18 20 -20 -18 22 23 46 -23 26 30 59 -25 -24 -26 -29 55 -34 35 -4 -36 45 39 42 51 43 -39 44 57 -28 -3 48 -9 -50 -19 -40 -53 -35 -52 -33 -57 58 -41 -27 -61 -62
right_child=10 2 3 9 6 -7 -8 16 14 15 -12 -13 -14 -15 -16 -17 17 50 19 -21 -22 24 29 28 25 27 37 31 -30 -31 -32 32 33 53 36 -37 -38 38 40 41 -42 -43 -44 -45 -46 -47 -48 -49 49 -51 54 52 -54 -55 -56 56 -58 -59 -60 60 61 -63
leaf_value=-0.018472267927015729 -0.024156494370330878 0.0048387306890574329 0.049896663739493551 0.0087947305009506826 0.029079715825500174 0.070012600559934551 0.057158023684171839 -0.0028509917956273481 -0.011399304460517914 0.0022693436009886092 -0.0035007354348008924 -0.022351244643073091 -0.0090561927066652968 -0.019531336273724755 0.039080121095992133 -0.020197097706345334 -0.011789534566696139 -0.025440469330422256 -0.018418724409399356 0.071856624053433751 0.020930462911873518 -0.0076509262254705161 -0.0024156434572224304 -0.0037041670421629471 0.0018469130490251803 0.0017328300548089795 0.045271861707089397 0.0067079939179586021 0.045558946779135641 -0.013090001902173052 -0.018824860115855737 -0.0031011891677061869 -0.014504322151616985 0.0036490080651015149 0.0053589030253213951 -0.01407787908610513 -0.0059809985036835336 0.0093016067018030606 0.018583540807205225 0.033792713952023247 0.0020548836423049228 -0.032187273542837666 -0.013801087286515414 0.0036635521988809374 0.036384230153665091 0.0035532464977070929 0.031923297279971716 -0.006813664954439678 0.078353519037728886 -0.016556888235246724 -0.014291959410017915 0.066239602472359604 0.017408164269875157 0.065227152075940931 0.051098213579619016 -0.0011643394044138034 0.027403173818175121 -0.0061540551374869223 -0.01352505882137226 0.032925618596807329 -0.0079754352580557481 0.02048345072994107
leaf_weight=7.1841414517257354 303.55524277582299 1366.636353794951 15.780227045062931 55.169258415931836 16.874337810091674 8.6594716906547529 4.8090312012936911 16.555656734621156 545.26877161324956 49.818175293505192 98.618262167554349 223.90738545916975 103.0000077104196 50.360265458002687 6.9064485640265039 285.30883227218874 28.311228551203385 21.269617208279669 4.526214865967634 24.644069261848927 67.241438997676596 291.66363475797698 1326.7330783540383 834.71306802053005 106.95865567680448 274.99812253401615 10.071072747930883 318.21053998637944 9.0493199001066369 273.54488211404532 105.64918184932321 2254.2091942073312 19.964566000038758 7.3685466893948641 451.35376727767289 6.6262467084452501 238.2716722174082 61.093907924368978 213.98149147816002 34.855161217041314 109.88168871589005 10.868064532056449 141.23033872665837 147.24949112441391 60.590081078931689 4516.7694586110301 25.814545716159046 109.04466829146259 8.4611587557010335 3.1981937792152157 6.7892518052831274 17.48301824554801 18.019169308245182 16.088523471262306 6.8163403701037169 52.446069484576583 38.743667159229517 38.118354989215732 10.196320332586764 54.710192631464452 72.166030616499484 77.228862184099853
leaf_count=386 35071 13791 330 1665 486 282 166 548 28301 2505 3952 10814 4462 334 182 19773 1064 533 92 536 2388 5049 21558 12552 1030 3628 176 2869 127 10913 962 39460 1016 115 13754 154 9815 1582 1281 608 693 79 2274 2138 515 50825 254 4837 254 131 155 112 177 376 142 521 231 819 63 1106 722 580
internal_value=-7.78141e-05 0.000426069 0.000737093 -0.00347385 -0.0122191 0.0318683 -0.0144161 -0.00103084 -0.0032621 -0.0131697 -0.0191536 -0.0157653 -0.00323317 0.00137181 -0.0106147 -0.01684 0.00840273 0.0161087 0.0227129 0.0573093 0.0111109 0.00145693 -0.000493466 0.00219928 0.00228175 0.00261966 0.00402386 0.000155013 -0.00305988 -0.00425933 -0.00846774 -0.00106473 -0.00210821 0.0197146 0.00244237 0.0310465 0.00141434 0.00452099 0.00896553 0.00364601 0.0163454 0.0106473 -0.00676307 0.0124831 0.0212876 0.00366778 0.00539165 -0.000602619 0.021999 0.0531213 -0.00724352 0.0225412 0.0439186 0.0480043 0.0203058 -0.00253209 0.0112149 0.00959952 0.0227938 0.0070392 0.0140637 0.00675963
internal_weight=15685.6 15283.5 14919 1951.36 364.434 15.8436 348.591 1561.06 1264.21 390.296 402.174 343.782 119.874 12967.7 552.175 335.127 296.858 159.598 124.723 29.1703 95.5527 12917.3 3836.49 2236.21 9080.81 8789.15 5603.02 3186.13 843.762 1600.28 212.608 2707.03 2388.82 43.4216 712.032 22.4065 689.625 5390.41 863.567 504.202 359.365 301.877 202.324 291.009 143.76 4526.84 1392.45 137.26 28.215 11.6594 34.8752 249.484 35.5022 23.4571 13.6056 2345.4 91.1897 83.1698 45.0515 479.103 204.105 149.395
internal_count=321314 282291 265695 87159 16596 668 15928 63216 52536 23943 39023 15762 4948 178536 28483 22278 10680 4910 4080 628 3452 178202 59195 26724 119007 113958 63334 50624 12679 32471 1992 44588 41719 1507 24053 484 23569 61342 10341 8078 2263 4222 3856 4143 2005 51001 14045 5770 933 385 830 1570 289 491 297 40212 752 1490 671 6036 2408 1302
cat_boundaries=0 1 2 3 4
cat_threshold=4 8 20 4
is_linear=0
shrinkage=0.04


Tree=75
num_leaves=63
num_cat=4
split_feature=4 22 22 0 22 4 6 21 4 25 24 25 19 22 25 22 14 6 6 32 25 9 10 19 28 25 19 4 26 14 22 22 21 0 8 19 16 14 19 25 25 25 19 5 24 19 30 0 0 21 21 32 19 4 9 2 1 1 19 24 14 25
split_gain=87.232 27.1804 26.1173 20.9195 27.0134 23.5302 22.6429 18.93 17.4266 17.3344 34.7699 18.2941 22.6966 22.955 20.6243 17.0594 17.0303 16.975 16.5172 16.0696 15.6685 15.0041 14.9052 14.6164 19.3506 14.5496 14.517 13.8571 12.9559 20.0791 16.4792 13.4847 12.8991 13.1967 12.8683 12.6422 14.1185 13.7322 12.5678 46.6107 33.3468 15.6057 13.3267 12.2371 12.065 12.0044 13.8031 11.8558 11.8049 11.6949 11.4714 17.6876 11.2638 10.9949 10.9135 10.8713 10.6177 10.4091 10.1174 14.7059 10.0774 10.0248
threshold=2.7549999952316289 0.013452543411403896 0.065291069447994246 2.0949999094009404 0.10209254175424577 1.6749999523162844 163.25000000000003 59.510065078735359 2.3950001001358037 677.12500000000011 0.16477622091770175 170.12500000000003 145.50000000000003 0.13746111840009692 225.87500000000003 0.10516104474663736 94.505001068115249 104.25000000000001 59.500000000000007 0 89.500000000000014 13.500000000000002 30.250000000000004 49.500000000000007 1 164.62500000000003 5.0000000000000009 1.9249999523162844 1.5000000000000002 93.08499908447267 0.049720298498868949 0.13412782549858096 78.926559448242202 2.995000004768372 143.25000000000003 167.50000000000003 1.5000000000000002 96.549999237060561 170.50000000000003 302.12500000000006 403.87500000000006 431.12500000000006 36.000000000000007 35.500000000000007 0.17640001326799395 59.500000000000007 2 3.2350000143051152 2.4650000333786015 78.926559448242202 70.697650909423842 3 163.50000000000003 2.9550000429153447 2.5000000000000004 1.1250000000000002 2.7549999952316289 2.0349999666213994 21.500000000000004 0.12707602232694629 74.15000152587892 661.25000000000011
decision_type=2 8 10 10 8 2 2 8 2 2 10 2 8 10 2 10 10 2 2 1 2 2 2 8 9 2 10 2 2 10 8 10 10 10 2 10 2 10 10 2 2 2 10 2 10 10 9 8 10 10 10 1 10 2 2 10 8 10 10 10 8 2
left_child=1 35 60 19 5 6 25 16 38 11 -11 20 13 58 -14 43 -4 49 56 26 34 28 -20 24 -9 -5 -3 -23 61 30 -30 45 -19 -34 57 37 -37 -1 41 -40 48 42 -7 -16 -33 46 -32 50 -41 -10 54 -52 -8 -26 -25 -44 -17 -6 59 -13 -2 -21
right_child=2 3 7 4 9 8 52 23 17 10 -12 12 14 -15 15 18 -18 32 22 21 -22 27 -24 47 53 -27 -28 -29 29 -31 31 44 33 -35 -36 36 -38 -39 39 40 -42 -43 55 -45 -46 -47 -48 -49 -50 -51 51 -53 -54 -55 -56 -57 -58 -59 -60 -61 -62 -63
leaf_value=0.015501566944909432 0.0028314814484755126 -0.020532381582080102 0.061359393036974054 -0.009096254231842061 0.00035640616153127997 -0.0076537882222202239 0.057287322673468984 -0.0064133317750063425 -0.001604814852803908 0.063305365188519605 -0.007496445635491812 -0.028900479689055354 -0.013476720323892149 -0.0033743773051477122 0.065187292430286245 0.043804787980522307 -0.012196084629637644 -0.017661622974917149 -0.0086763494775356064 -0.0016380502865675733 0.010949662612614626 0.011085427268914908 0.024825750021293419 -0.015314987578588441 0.059457692647659197 -0.025756388020747568 0.0042256737882745031 0.0016660278933657961 0.036100719175052587 -0.0057737987338558972 -0.01007380672063098 0.027729781132931324 -0.0038060669966552998 0.066312525465178504 -0.0076488980843877818 -0.024431565975037567 0.025867267562515749 -0.022690137736361509 -0.0077365203163583529 0.034855091993527307 0.010075903718075067 -0.01287575281185001 0.00074005041294136059 0.00041243586458878344 0.0078229499803362419 0.007270602705395755 0.0075037108421677524 -0.029039020228093716 0.087561283269541129 -0.026353626608661061 0.028789901635865131 -0.021945217998591386 0.0028169565908550864 0.0025476166480290258 0.032534921382422428 0.012555657453350527 0.0022784539720409839 0.0097871788620450505 -0.029371017985602363 0.035323849452359612 -0.025049720429419407 0.016556840850603188
leaf_weight=37.729452925734222 21.477220112690702 36.216755299363285 9.9925945084542054 224.79527322715148 522.82588502974249 252.08695255941711 7.52140252478421 55.003889021230862 543.52860061381944 19.581620012409985 21.709707144647837 9.793925831094386 63.208476814441383 269.40491515398026 13.598923380486669 25.541667434386909 7.4464324342552564 248.53378443187103 83.865068796556443 3733.6663187344093 394.11437925300561 377.98968361038715 26.226090904325247 169.88436769833788 11.919631038559602 137.82403368875384 3847.9289882159792 740.01020489260554 26.885764442384243 288.89367265254259 186.90878341905773 63.526248855516315 14.609682987676935 3.870206026127561 194.04367648600601 123.59127846919 7.8594730328768483 22.237966987304389 111.6374584659934 21.316353870555758 54.900366450659931 158.60657578520477 750.57130720978603 7.052183559164404 209.40104101598263 320.23160005221143 101.62168376520276 58.68404301838018 14.204576993361114 30.483361156890169 26.520794298034161 15.916751821292562 18.343613657169044 9.7146436846815032 6.0466888202354303 147.90848476998508 16.351891972124577 291.5339793425519 100.41252034693025 9.0260243760421854 271.35594335757196 47.029466470703483
leaf_count=1376 1730 526 342 9867 12689 6491 189 4201 20531 233 275 172 921 3248 152 242 312 15356 1575 46725 5196 3043 211 12561 533 5906 42665 7738 435 5614 3337 348 935 222 6984 6391 178 1058 3657 217 717 2744 16917 151 1070 5484 975 6486 178 2000 1630 1109 662 706 208 2066 156 7912 1773 152 33276 339
internal_value=0.000101941 0.000732069 -0.0140629 0.00092729 -0.00123857 -0.00384275 -0.0129418 -0.00692615 -0.00232688 0.0022088 0.0272686 0.001668 -0.00401185 -0.00994055 0.00572559 0.0128759 0.0315164 -0.00693491 0.00787097 0.00197175 0.0042048 0.000688535 -0.0003235 -0.00901064 0.00625509 -0.0155569 0.00398232 0.00487193 -0.000250947 0.00336956 0.00629189 0.00529422 -0.0152363 0.0155299 0.00154434 -0.0141633 -0.0210216 0.000934458 0.000238056 0.00947644 0.0305223 -0.00119398 0.000428967 0.0454099 0.0126536 0.00195106 -0.00393482 -0.0132767 0.059689 -0.00301995 -0.00877931 0.00944975 0.0219186 0.0366194 -0.0132782 0.0027176 0.0286208 0.00375805 -0.0244104 0.00195157 -0.0229724 -0.00140097
internal_weight=15644.7 14980.8 663.963 14789.3 4809.03 2740.74 388.484 371.13 2352.26 2068.29 41.2913 2027 624.482 388.637 235.844 172.636 17.439 841.026 151.985 9980.31 1402.52 6096.16 110.091 353.691 76.6382 362.619 3884.15 1118 4978.16 1197.47 908.575 881.689 267.014 18.4799 1008.4 191.418 131.451 59.9674 1511.23 202.059 90.4213 1309.17 1150.57 20.6511 272.927 608.762 288.53 277.053 35.5209 574.012 218.369 42.4375 25.865 21.6343 175.931 898.48 41.8936 814.36 119.232 18.82 292.833 3780.7
internal_count=321093 257999 63094 248996 130697 88655 16624 28088 72031 42042 508 41534 8753 5345 3408 2487 654 39044 2184 118299 32781 75108 1786 27434 5440 15773 43191 10781 64327 17263 11649 11214 16513 1157 27585 9003 6569 2434 32987 4769 1112 28218 25474 303 1418 9796 4312 21994 395 22531 15508 2739 851 1239 12769 18983 398 20601 2097 324 35006 47064
cat_boundaries=0 1 2 3 4
cat_threshold=8 4 8 8
is_linear=0
shrinkage=0.04


Tree=76
num_leaves=63
num_cat=2
split_feature=0 22 22 4 5 25 25 15 14 14 2 20 17 25 22 11 4 5 1 25 24 21 21 17 14 25 21 24 24 21 16 24 21 24 21 17 29 22 21 21 15 21 2 7 21 7 0 25 25 24 28 21 25 21 0 24 8 25 16 4 25 21
split_gain=80.8855 35.1443 28.7398 31.4683 22.6423 19.4376 19.522 19.3773 28.0576 19.714 17.4938 18.7506 16.982 20.455 16.7043 16.7563 17.6656 18.9513 22.4242 16.5566 32.5799 21.5015 19.7939 19.3873 15.9545 15.795 24.1968 17.3475 25.687 18.5906 15.985 16.2352 15.6894 15.5786 19.7688 14.9685 17.3855 14.4317 14.0426 25.9378 29.7523 26.6416 20.5667 13.6403 13.6353 18.7493 13.5082 13.4899 14.3626 13.4221 13.3692 13.3588 16.0239 14.2885 12.945 12.7973 16.5939 14.8072 12.6197 17.036 14.556 13.6243
threshold=3.1049998998641972 0.0096936672925949114 0.12391588091850282 2.4550000429153447 36.500000000000007 765.12500000000011 618.00000000000011 3.5000000000000004 88.345001220703139 97.115001678466811 0.80500000715255748 79.000000000000014 2.5000000000000004 472.37500000000006 0.12288130447268487 0.64760348200798046 1.6549999713897707 57.500000000000007 1.985000014305115 335.87500000000006 0.3201736062765122 66.984218597412124 59.93836975097657 2.5000000000000004 94.430000305175795 31.125000000000004 67.886199951171889 0.14663357287645343 0.16477622091770175 64.320678710937514 2.5000000000000004 0.17924162000417712 63.022916793823249 1.0000000180025095e-35 68.052261352539077 4.5000000000000009 0 0.14145641028881076 66.663600921630874 62.764375686645515 3.5000000000000004 60.947811126708991 1.9650000333786013 50.500000000000007 84.398693084716811 60.500000000000007 2.6450001001358037 156.12500000000003 677.12500000000011 0.12520358711481097 1 65.29294586181642 515.37500000000011 66.233051300048842 1.2849999666213991 0.078933078795671477 158.25000000000003 107.62500000000001 1.5000000000000002 1.3149999976158144 107.62500000000001 65.38632965087892
decision_type=10 8 8 2 2 2 2 2 8 10 10 2 10 2 10 10 2 2 10 2 10 10 10 10 10 2 8 10 10 10 2 10 10 10 10 10 9 10 10 10 2 10 8 2 10 2 8 2 2 10 9 10 2 10 8 10 2 2 2 2 2 10
left_child=1 -1 3 14 7 6 19 8 -5 -9 11 -2 -11 -14 15 16 17 18 24 25 21 22 46 -22 -3 26 -4 49 38 30 31 54 -6 34 -18 36 -28 -24 39 40 41 -29 -40 -23 47 -46 -21 55 -49 58 -13 52 -39 -53 -30 -34 -57 -58 61 60 -60 -27
right_child=10 2 5 4 32 -7 -8 9 -10 12 -12 50 13 -15 -16 -17 33 -19 -20 20 23 43 37 -25 -26 27 35 28 29 -31 -32 -33 44 -35 -36 -37 -38 51 42 -41 -42 -43 -44 -45 45 -47 -48 48 -50 -51 -52 53 -54 -55 -56 56 57 -59 59 -61 -62 -63
leaf_value=-0.022070074507087568 0.046630436051741837 0.0012411749101501265 0.010287692594988277 0.0026541626613724757 0.056635643730617635 0.036406531080244338 -0.013092385052481796 -0.011211150721179864 -0.014385161302887337 0.0046602915992040505 -0.0022885633711569341 0.028691861969059405 0.05728609532419663 0.0015200120695943872 -0.020671872514182395 0.018509894016629495 0.0046202626986055631 0.023627713821511392 -0.011669178603455486 0.042736540403549211 0.019221022855553726 0.017851382928262598 -0.0086511416826192695 -0.03474922531950643 -0.0080424724168034999 -0.0012823542283299553 0.01050029848724863 0.0018376683262877824 0.018344198825973306 -0.0050645218447209405 -0.0041561124691203303 0.0068963918675734202 -0.017922667872663358 0.0015310815338760182 -0.022271871222813801 -0.019253824387537484 -0.0033186008254485213 0.0087229183584180518 0.047344360553388899 -0.0024145992836853577 -0.017127959290608948 0.047887582442245905 0.0071400026437813359 0.070857268394952308 0.065350602108909445 -0.024622896699701555 0.0025760500208589967 -0.028499317963289854 0.015660555648558692 -0.0093270136481744034 -0.025167579159634201 0.032303258000969746 -0.016687177831312665 0.0080764129834100407 -0.01852321727105433 -0.0083851674304457943 0.011040408320540233 0.089392905302420222 -6.7274876840879737e-05 -0.011610383541154613 0.034044786701968789 0.011720338038242809
leaf_weight=107.8159845136106 4.2939596083015195 1037.0036181511823 817.76898501324467 293.24823795561679 2.8405268229544154 25.40849722083658 121.92438218928874 47.716762236086652 322.29359841172118 58.400608815252781 89.857236600713804 5.8390867977868766 27.863624757621437 16.886628109961748 59.45139900688082 77.716914230026305 76.038013612385839 39.07248026994057 443.8846776355058 42.75104340724647 12.752409432083367 20.681648341007531 78.560402488801628 38.732914024032652 411.86772166751325 334.09411839488894 220.16496205539443 30.580072954297066 17.413884829729795 562.29441513656639 344.26038865931332 1115.8482169974595 106.5437212435063 5699.716186020989 97.885098810074851 56.925029865698889 380.68717550812289 220.37814448215067 39.382792170159519 154.19678946700878 22.523059187456965 59.808039280585945 42.80258952267468 13.372883537784217 5.7630461619701219 5.3992099924944341 20.136591576971114 163.13258660887368 11.214120272547005 367.19227417302318 289.66265516960993 69.499841656535864 46.265823769383132 92.197047715075314 69.799163476796821 47.277518754824996 14.90817724436056 3.7477692803367963 140.9862816799432 268.84854744677432 21.235991053283215 206.68716361722909
leaf_count=5941 134 14001 12993 11642 144 196 945 2625 19582 2587 3441 543 835 472 766 522 2871 816 13671 260 73 206 1007 457 9591 5513 7620 338 140 4627 2142 9696 11555 83280 5459 3379 11386 1586 311 1938 297 499 362 82 264 264 155 10579 535 5103 34838 552 451 699 1102 2120 754 114 1124 2836 116 2870
internal_value=1.35835e-05 0.000474885 0.000638791 -0.000786662 -0.00703472 0.00276744 0.00261287 -0.00311526 -0.00627225 0.0096265 -0.0179349 -0.0225518 0.0193718 0.037379 0.000100617 0.000263491 7.60972e-05 -0.00323896 -0.00382215 0.0029415 0.00893268 0.0115601 0.00960741 -0.0210129 -0.0013998 0.00219237 0.00570245 0.000824273 0.00282009 0.00114714 0.00341324 0.00558918 -0.0152747 0.00116851 -0.0105505 0 0.00186883 0.00689304 0.0128373 0.00822914 0.0226234 0.0327716 0.0271678 0.0416641 -0.016179 0.0240939 0.0304762 -0.0176288 -0.0254682 -0.00283345 -0.0238907 0.00978949 0.00419278 0.0188058 -0.010826 -0.00945746 0.00422888 0.0342992 -0.00035767 -0.00545687 0.00470974 0.00369742
internal_weight=15643.5 15253.8 15146 9069.87 1127.24 6076.16 6050.75 766.409 615.542 150.868 389.653 299.796 103.151 44.7503 7942.64 7883.18 7805.47 1931.83 1892.76 5928.83 655.329 603.843 569.789 51.4853 1448.87 5273.5 1475.55 3797.95 2458.91 2109.62 1547.32 1203.06 360.827 5873.64 173.923 657.777 600.852 506.901 349.293 267.108 112.911 90.3881 82.1854 34.0545 357.986 11.1623 62.8876 346.824 174.347 1339.04 295.502 428.341 266.644 161.697 87.213 172.477 65.9335 18.6559 971.852 431.071 162.222 540.781
internal_count=321007 282051 276110 195049 64072 81061 80865 37743 31224 6519 38956 35515 3894 1307 130977 130211 129689 38079 37263 79920 5528 4998 4710 530 23592 74392 35378 39014 21452 17707 13080 10938 26329 91610 8330 22385 19006 4295 3745 3072 1134 837 673 288 26185 528 415 25657 11114 17562 35381 3288 2037 1251 1242 14543 2988 868 12459 4076 1240 8383
cat_boundaries=0 1 2
cat_threshold=68 8
is_linear=0
shrinkage=0.04


Tree=77
num_leaves=63
num_cat=2
split_feature=0 22 1 5 19 21 21 25 21 2 6 29 23 22 4 32 24 11 23 15 14 12 15 23 5 25 5 5 11 14 11 7 1 5 4 22 15 0 4 25 24 15 24 25 21 24 8 21 19 21 25 25 19 5 2 24 1 4 22 19 19 22
split_gain=82.0025 38.933 26.0509 32.0569 25.093 19.1497 17.9836 26.0367 24.0971 14.3162 16.3086 14.0415 13.9792 13.9595 13.9263 14.7538 13.49 13.4691 14.9998 12.8961 22.2921 13.2479 12.7907 14.2697 28.1409 29.5243 18.5751 12.5741 12.5385 13.0431 11.9079 11.0576 10.5348 14.1479 12.586 9.88077 11.423 11.0071 10.7637 9.73753 15.7851 20.2389 17.9482 18.2689 20.8829 20.6664 19.5367 13.9995 29.8518 23.4805 18.722 18.1363 18.0209 19.3059 17.9577 15.1202 13.9598 13.9412 13.9331 13.7671 22.5394 24.293
threshold=3.1250000000000004 0.0096936672925949114 2.4050000905990605 41.500000000000007 23.000000000000004 68.308303833007827 67.32593154907228 170.12500000000003 67.430934906005874 0.79500001668930065 206.25000000000003 0 1.0368346571922304 0.072607375681400313 2.6550000905990605 1 0.25813205540180212 0.10008787363767625 1.4250591397285464 3.5000000000000004 90.520000457763686 8.5000000000000018 4.7500000000000009 1.051506042480469 25.500000000000004 99.125000000000014 24.500000000000004 30.500000000000004 0.56973218917846691 69.174999237060561 0.074118375778198256 120.50000000000001 1.1250000000000002 60.500000000000007 1.9049999713897707 0.051998689770698554 1.5000000000000002 2.2250000238418584 2.5049999952316289 84.125000000000014 0.10393471643328668 1.5000000000000002 0.028551626950502399 78.375000000000014 68.924358367919936 0.10242780297994615 46.500000000000007 69.669704437255874 23.000000000000004 69.88785552978517 102.62500000000001 86.625000000000014 128.50000000000003 52.500000000000007 0.044999999925494201 0.059608468785882003 1.7450000047683718 2.6550000905990605 0.1857978627085686 59.500000000000007 145.50000000000003 0.10032052919268609
decision_type=10 8 10 2 10 10 10 2 10 10 2 9 10 10 2 1 10 10 10 2 10 10 2 10 2 2 2 2 8 10 10 2 8 2 2 8 2 10 2 2 10 2 8 2 8 10 2 10 10 10 2 2 10 2 10 10 10 2 10 8 10 10
left_child=1 -1 11 5 13 6 7 16 -8 10 -2 12 -3 -5 15 -6 -4 18 -18 20 -7 -22 23 24 25 -21 -25 -10 -14 -30 -9 -17 33 -13 -35 36 -34 38 -38 40 41 -37 -43 44 45 57 -47 50 55 54 52 -51 53 -41 -50 -49 -53 -44 -42 -46 -61 -62
right_child=9 2 3 4 14 19 8 30 27 -11 -12 32 28 -15 -16 31 17 -19 -20 22 21 -23 -24 26 -26 -27 -28 -29 29 -31 -32 -33 35 34 -36 39 37 -39 -40 47 58 42 43 -45 59 46 -48 48 49 51 -52 56 -54 -55 -56 -57 -58 -59 -60 60 61 -63
leaf_value=-0.023654867730756965 -0.024447532305144279 -0.021891790434359772 0.0048147525333317601 -0.0081455663380693329 0.0046045603980725469 -0.0011940628822426117 0.051999037111070734 -0.019081446101199499 0.016783577260081631 -0.0043975188379367014 0.037693570683786766 0.0049613688165872777 -0.0061489495586280543 0.022250146542924194 -0.02643286896197786 -0.014440384486552105 0.0773168026797596 0.0065639927224176043 0 -0.021507980804471232 -0.017501274100359614 0.017754154290288694 -0.017315911360001282 -0.0092924887704719274 -0.020123660091807154 0.082570907862591428 0.026048103950041094 -0.011421028770326129 0.044315391743636592 0.0030513167408803012 0.00010377427066535519 0.029261867953375677 -0.018734830504105474 0.024696699193632279 -0.020108200524355246 0.020854800130986399 0.000549176677476755 -0.006592396191788993 0.038967720693216489 7.9538928730024441e-05 -0.0056386204670191434 -0.0063967357243755671 0.0067616951887051633 -0.020597639382121741 -0.0042074287603699615 -0.00024605262691200172 0.077697073522319277 0.013183495492008309 0.018492941518535224 0.049504515325015062 0.00096315642628536969 0.0025841632209358477 0.021151422777635005 0.05056356552731861 0.073186589698257282 -0.020000308552293757 0.014604605615330635 0.043303941439173474 0.0026714922621115514 0.010443953405157223 -0.0072465959411278117 0.036894657314139087
leaf_weight=104.3035697019659 274.10455598472618 69.783121499232948 365.33292984240688 41.81852236262057 85.101060666842386 531.89169027958997 24.078466453356668 108.38910610694438 93.017443816643208 89.215727352071553 5.1138586271554223 1892.0077284006402 295.72690021572635 51.990132444538176 106.17308246146422 411.84304595203139 11.277457450050862 21.974154084920883 6.0447262227535239 4.6548528063576731 257.01189138635527 16.457332020625472 27.326906665926799 60.657832473167218 9.044302032561971 16.221944814547896 36.300396183272824 32.52031577238813 14.029651295393704 55.753715679049492 95.87569316662848 7.5564525621011844 59.179898897651583 10.054197914898394 60.113699720241129 87.080368482042104 1120.216221104376 422.40213488298468 9.8025054696481657 208.17664456786588 1035.3709727462847 390.90511926263571 709.67191704269499 49.423834030050784 568.74621095787734 8.0610962426289934 11.244437879882751 27.800080503337085 30.607869988307357 15.12094335304573 3504.4082292779349 376.38739600079134 147.73029381642118 10.891192797571419 14.010845673503352 82.649448233656585 264.04386681714095 15.293743363814427 465.73105233954266 393.54393710265867 277.64334636507556 19.461902445182204
leaf_count=5940 33603 3420 9666 2152 3108 16820 381 3690 2412 3438 425 16460 4837 1387 11301 15144 185 137 110 339 15003 537 1455 2073 606 483 950 1250 199 1153 859 104 1810 62 774 2854 21204 16877 348 1925 13391 10760 10445 727 12773 152 107 334 297 189 29548 3937 1932 96 161 1126 3083 634 5265 9581 10565 282
internal_value=1.39003e-05 0.000466051 0.000635794 -0.00316334 -0.0103362 -0.000208942 0.00452939 0.0014407 0.0168619 -0.018581 -0.023021 0.00136019 -0.00560613 0.0087295 -0.0132969 -0.0104232 0.00731955 0.0290516 0.0535322 -0.00396441 -0.00599836 -0.0152371 0.00654776 0.0119385 0.0351873 0.0591634 0.00411694 0.00934998 -0.00252543 0.0124623 -0.010124 -0.0134989 0.00161174 0.00429981 -0.0130709 0.00110098 -0.00177232 -0.00109727 0.000957768 0.00163358 0.000190384 0.0021191 0.00143176 0.00293097 0.00353529 0.00883804 0.0478082 0.0028742 0.00765117 0.0107063 0.00186842 0.00870934 0.0104435 0.00306034 0.038242 -0.0114909 0.00758257 0.0076606 -0.00305488 0.000386109 0.00418164 -0.00410101
internal_weight=15618.4 15249.9 15145.6 2422.56 704.482 1718.08 758.51 608.894 149.616 368.434 279.218 12723.1 435.293 93.8087 610.674 504.501 404.629 39.2963 17.3222 959.567 805.361 273.469 154.206 126.879 29.9211 20.8768 96.9582 125.538 365.51 69.7834 204.265 419.399 12287.8 1962.18 70.1679 10325.6 1611.6 1552.42 1130.02 8714 4032.18 2531.08 2444 2053.09 2003.67 744.271 19.3055 4681.83 810.62 700.171 3871.21 655.552 366.798 219.068 44.6187 110.45 640.431 724.966 1501.1 1259.4 690.649 297.105
internal_count=320866 283400 277460 90152 33196 56956 18690 14647 4043 37466 34028 187308 9609 3539 29657 18356 10098 432 295 38266 32360 15540 5906 4451 1428 822 3023 3662 6189 1352 4549 15248 177699 17296 836 160403 40239 38429 21552 120164 77536 58880 56026 45266 44539 11338 259 42628 9127 7667 33501 7209 3953 2021 458 1460 7020 11079 18656 33201 20428 10847
cat_boundaries=0 1 2
cat_threshold=8 16
is_linear=0
shrinkage=0.04


Tree=78
num_leaves=63
num_cat=4
split_feature=0 22 0 21 15 16 19 20 21 22 0 20 5 25 1 32 23 1 22 23 32 24 23 23 23 24 21 25 15 2 25 25 23 22 22 23 15 24 20 22 21 21 24 19 2 14 21 19 23 21 21 20 5 24 21 32 28 22 25 0 24 23
split_gain=80.0806 29.4537 32.6984 26.0502 20.466 18.3845 18.2999 31.3727 24.6965 23.4009 18.8845 18.9539 17.5327 22.8449 24.7965 21.7801 19.4745 18.763 17.4467 26.5644 16.8441 16.4979 34.8905 32.0431 21.7102 26.0123 21.175 18.5617 18.2811 15.9908 15.6568 15.2759 15.2692 23.7798 27.3065 20.7402 16.6499 25.2036 14.8275 14.6588 14.4856 19.9873 45.9143 26.3088 15.7284 16.372 15.2598 22.7886 16.5423 14.7071 25.51 19.4681 17.5364 16.1067 15.2901 14.2169 20.3221 46.3522 14.1111 15.334 13.8599 15.4242
threshold=3.1049998998641972 0.03614510782063008 2.6650000810623173 83.633903503417983 1.0000000180025095e-35 1.5000000000000002 10.500000000000002 159.00000000000003 66.347663879394545 0.10516104474663736 1.0000000180025095e-35 184.00000000000003 35.500000000000007 677.12500000000011 2.3850001096725468 0 1.013817369937897 2.2150000333786015 0.078872710466384902 1.1509101986885073 1 0.12520358711481097 1.1748403906822207 1.21013480424881 1.2323408722877505 0.18260557204484942 68.478199005126967 137.62500000000003 2.5000000000000004 1.2749999761581423 524.37500000000011 618.00000000000011 1.0326827168464663 0.021674870513379577 0.019503099843859676 1.0433844327926638 3.5000000000000004 0.061354259029030807 159.00000000000003 0.29634784162044531 65.948837280273452 67.886199951171889 0.063986252993345274 79.500000000000014 -1.1249999999999998 86.020000457763686 66.288085937500014 49.500000000000007 1.1155806779861452 71.316844940185561 71.707183837890639 184.00000000000003 11.500000000000002 0.063396923243999495 75.729537963867202 2 3 0.015367629006505014 164.62500000000003 2.1049998998641972 0.13894352316856387 1.2017182707786562
decision_type=10 8 10 10 2 2 8 2 8 10 10 2 2 2 10 1 10 10 10 10 1 10 10 10 10 10 10 2 2 10 2 2 10 10 10 10 2 10 2 10 10 10 10 10 10 10 10 10 10 10 10 2 2 10 10 1 9 10 2 10 10 10
left_child=1 2 5 4 -3 30 7 20 9 -9 11 -10 15 14 31 16 -8 -17 -15 -20 -6 22 40 28 25 -25 27 39 60 -4 32 -14 -1 34 35 55 37 -36 -7 -26 -18 42 43 -42 -43 -46 47 -44 -49 52 -51 54 -47 -53 -52 -34 57 -57 -16 -60 -23 -62
right_child=-2 3 29 -5 6 38 12 8 10 -11 -12 -13 13 18 58 17 21 -19 19 -21 -22 23 -24 24 26 -27 -28 -29 -30 -31 -32 -33 33 -35 36 -37 -38 -39 -40 -41 41 44 46 -45 45 49 -48 48 -50 50 51 53 -54 -55 -56 56 -58 -59 59 -61 61 -63
leaf_value=-0.010295554043388387 -0.018206243789594592 0.024045117597245053 -0.023629639928040451 0.03923976736540976 0.021159605231115527 0.050846693846822603 -0.0051107914728008687 0.043511772587664234 0.011166904801887631 -0.00080894702327032151 -0.015473847626598891 -0.024974351280774281 0.00055662771191593166 -0.0045691972979938072 -0.0025976196499724823 0.0016847127223342418 0.00056870690188882012 -0.0046790919470461462 0.063401805032045677 0.012485821285502916 0.0009533062018767316 -0.010615333327791129 0.052083872677791833 0.0048506044178809353 0.020358754351845611 0.041972063660234378 -0.024716736646460808 0.00019298938612524413 -0.0088413915684149511 0.018893892758396032 -0.01986535686845128 -0.017420310979400624 -0.006297874210266138 -0.0046242462932248145 0.0065779477944592378 -0.013824283015566236 0.069550622908327697 0.061582987409431564 0.0061980678622716766 -0.0051716726670748966 0.060162186369770061 0.00074228092291277734 -0.0077869356924244884 0.021887009447843896 0.0052149942650878299 0.040022851144131642 -0.00024607901108159377 0.0059713935424617658 0.073466353097215345 0.063639775828398554 0.04316365556776075 0.023648657485946117 0.0029741843886255215 -0.012686619344777326 -0.012096678162452039 -0.010912790497711031 0.003490812034729594 0.11445365514257272 -0.0037665536304131182 -0.020834226305606326 0.030243136331478879 -0.023399630171202754
leaf_weight=314.61591884912923 375.97781541466247 59.027819154085591 176.06920698785689 26.466964487917721 73.22495910548605 11.118231624364851 298.0487494955305 19.261168284108862 90.368524526245892 180.65796926780604 524.91234184545465 28.978995312238112 2381.3897712542675 51.613781240768731 330.64092109329067 4429.127313159639 433.52086955611594 887.89133983012289 19.524472233839333 78.148662754334509 549.56151247350499 30.21199897909537 26.067918652668595 64.380992445396259 174.20999953057617 56.868590468307957 35.881200012750924 332.40183558128774 444.58807504363358 13.695678185438735 94.591139746829867 76.108331877738237 24.010584129020572 492.53563791420311 56.12766333273612 75.658064104150981 11.999464843422173 15.914118501357732 150.0712548494339 43.742703662253916 45.030054750619456 477.45688134338707 17.780918889446184 87.47545015742071 483.71713525103405 22.052405268186703 161.35170794418082 9.8185228924267012 15.004607203416525 22.521758969174698 50.810561033897102 34.732642778195441 143.4299302798463 39.54518891707994 8.2951426783110929 7.4682484623044756 20.035520890029147 9.0950521109625679 141.84336752677336 214.0537435899023 50.574747791979462 8.53972897864878
leaf_count=15273 38955 1427 16474 347 1029 112 11131 409 1617 2254 14535 1203 37868 888 16534 53031 3897 21747 177 704 7841 414 199 743 1337 532 339 2422 5051 445 3127 849 794 12836 1451 2322 195 198 1921 437 471 7299 331 901 6975 206 2255 134 126 399 873 784 3033 936 219 285 676 192 1623 9259 696 112
internal_value=-1.81245e-05 0.00043198 -0.00493942 0.00100733 0.000927487 -0.00262559 0.000823768 -0.00339333 -0.00841219 0.00381019 -0.0122173 0.00205847 0.00133079 -0.00116187 -0.00189355 0.0022505 0.00464401 0.000619154 0.014016 0.023812 0.00340202 0.00552469 0.00770359 0.00186337 0.00744189 0.0227248 0.00420084 0.00618332 -0.00551394 -0.0203539 -0.00444827 -1.05756e-05 -0.00298532 0.000249663 0.0111256 0 0.028768 0.0201719 0.0099122 0.015198 0.0070859 0.0088232 0.017495 0.0356549 0.00651834 0.00992352 0.00542645 0.0261368 0.0495035 0.0169095 0.0256934 0.0183816 0.00837809 0.00437361 0.0351352 0.0171165 0.0322151 0.0624105 -0.00860255 -0.0141133 0.0107905 0.0218508
internal_weight=15629.8 15253.9 1473.01 13780.9 13754.4 1283.24 13695.4 1466.97 844.179 199.919 644.26 119.348 12228.4 3293.32 3144.04 8935.08 3618.06 5317.02 149.287 97.6731 622.786 3320.01 2078.61 1241.4 707.485 121.25 586.236 550.355 533.915 189.765 1122.05 2457.5 1027.46 712.844 220.309 136.267 84.0412 72.0418 161.189 217.953 2052.54 1619.02 336.461 132.506 1282.56 805.105 203.956 42.604 24.8231 321.388 155.905 133.384 165.482 74.2778 59.1057 60.6094 36.5988 16.5633 686.538 355.897 89.3265 59.1145
internal_count=320850 281895 56301 225594 225247 39382 223820 28888 20018 2663 17355 2820 194932 67902 66133 127030 52252 74778 1769 881 8870 41121 29038 12083 5810 1275 4535 4196 6273 16919 37349 38717 34222 18949 6113 4269 1844 1649 2033 1774 28839 24942 4218 1372 20724 13425 2846 591 260 6450 3211 2812 3239 1720 1092 1947 1153 477 27416 10882 1222 808
cat_boundaries=0 1 2 3 4
cat_threshold=8 16 8 16
is_linear=0
shrinkage=0.04


Tree=79
num_leaves=63
num_cat=2
split_feature=0 1 22 1 21 17 7 25 32 26 21 22 25 25 0 22 15 23 6 17 1 6 25 15 16 22 21 21 24 24 22 21 21 21 12 24 25 23 17 22 23 21 17 25 25 17 29 21 21 25 25 25 24 22 24 4 18 25 22 24 24 5
split_gain=69.3885 35.2645 23.8159 17.7508 20.8679 23.6989 19.9997 17.9572 20.4028 16.8023 16.3344 15.7613 15.7052 15.652 15.2044 15.7402 15.1595 20.4187 12.9445 12.7768 13.5495 12.6245 15.2556 12.5576 12.0223 11.9051 21.0124 37.8672 13.6007 19.1348 22.2587 13.4775 12.4766 11.6561 11.9668 13.7331 11.5713 29.0113 19.3402 18.4137 14.8046 12.5589 13.375 15.3067 11.4555 11.4364 11.8194 11.4282 11.3029 11.4091 36.6613 18.0571 14.3312 14.3162 15.0345 13.941 11.2327 22.9241 19.838 19.2212 18.5341 32.1673
threshold=2.7549999952316289 2.8449999094009404 0.0096936672925949114 1.5349999666213991 68.252796173095717 3.5000000000000004 58.500000000000007 31.125000000000004 0 1.5000000000000002 80.24106597900392 0.02731382101774216 591.12500000000011 6.8750000000000009 1.7450000047683718 0.11901463195681573 5.5000000000000009 1.1449801921844485 78.500000000000014 2.5000000000000004 2.0249999761581425 197.25000000000003 415.37500000000006 1.5000000000000002 1.5000000000000002 0.021674870513379577 74.626205444335952 73.944297790527358 0.023071561008691791 0.045012684538960464 0.018693005666136745 79.325862884521499 78.408687591552749 62.269115447998054 9.5000000000000018 0.20352099835872653 167.62500000000003 1.2232519388198855 1.5000000000000002 0.055593475699424751 1.5542461872100832 58.195064544677741 1.5000000000000002 403.87500000000006 403.87500000000006 4.5000000000000009 1 68.533378601074233 68.182941436767592 313.62500000000006 235.75000000000003 481.37500000000006 0.3201736062765122 0.20419328659772876 0.14791696518659594 2.3950001001358037 1.5000000000000002 677.12500000000011 0.12127390503883363 0.2057449668645859 0.11491150408983232 46.500000000000007
decision_type=10 10 8 8 10 8 2 2 1 2 10 8 2 2 10 10 2 10 2 10 8 2 2 2 2 10 10 10 10 10 10 10 10 8 8 10 2 10 10 10 10 10 8 2 2 8 9 10 8 2 2 2 10 10 10 2 8 2 10 10 10 2
left_child=2 11 19 -4 7 6 10 13 9 12 25 -2 48 23 -7 21 36 44 -15 20 -1 -16 -23 -5 -3 26 27 -6 -28 31 -31 -30 -27 34 35 -13 37 39 -39 -10 41 -38 43 -43 -18 46 -25 -8 49 50 -9 52 53 54 55 -51 58 60 -44 -60 61 -58
right_child=1 24 3 4 5 14 47 8 16 -11 -12 33 -14 18 15 -17 17 -19 -20 -21 -22 22 -24 45 -26 32 28 -29 29 30 -32 -33 -34 -35 -36 -37 40 38 -40 -41 -42 42 56 -45 -46 -47 -48 -49 -50 51 -52 -53 -54 -55 -56 -57 57 -59 59 -61 -62 -63
leaf_value=0.05049872747127232 -0.020612864727452669 -0.021804580175714565 0.0034600461121866346 0.024236452071534124 -6.3289795113828873e-05 6.5111641087904545e-05 -0.019262071659134451 -0.0032837656430313466 0.033221753498987761 0.0046685724815242946 -0.015133431015761247 0.047366829278410245 -0.028455594638081262 0.0069199985909359678 -0.011281291314713676 0.036367282579509948 0.0048668244031357388 -0.020875803617066816 0.019905454981225715 -0.026483419981344236 -0.017923363989606891 -0.013726175465933771 0.048889546125110636 0.010069281370897623 0.021397974386473298 -0.00062362163267441566 0.031288351132196933 0.11177467223208055 -0.02578783032387532 -0.013874097867260902 0.051504831154324235 0.029645785285807698 -0.019901384858996281 -0.0043273530216872396 -0.01612654142470368 0.0030536070315292357 -0.018695059920834364 0.0073319066952194228 0.028472561152704131 0.00088640078061842491 -0.032382915855231419 0.0059868129848035922 -0.0074953950281179569 0.038065302054360643 0.056244528087881121 -0.017473708393054045 -0.0021928411911878777 0.011632973368775475 0.03785845171118904 0.028763719448212627 -0.027415686507901205 -0.011125469415961714 -0.029444321898247715 0.050968755128981587 -0.0058829714694082014 -0.014680051098706695 0.015008489581714959 0.029928831086196043 0.02161846479653862 -0.00038103694827054918 -0.0145237777468102 -0.017924539804064145
leaf_weight=6.1572527093812797 87.276669892831706 319.4781110973563 3589.6017365925945 33.709941147360951 10.554584559053184 365.48516973736696 18.553530699573457 1231.6912241394166 27.106218378990889 427.6719051678665 124.51420321152546 19.683638098184019 39.824473663233221 628.53735333122313 769.58018764201552 9.6896964767947775 10.829934340203179 9.8067412711679918 153.59654763620347 72.816948416642845 8.8187529873102903 10.670931095955895 10.602718016132711 167.70025533484295 8.9380710064433497 3204.0742701003328 21.441244605928659 6.7319171489216378 44.87979931011796 14.190593064762654 15.700966864824293 6.4056041473522773 52.678589119343087 617.44757286331151 14.059438239550216 24.598658984759822 50.771550083998591 166.37530149146914 120.80960868066177 917.6845938086044 20.584882583469152 151.07496338151395 145.34024748485535 26.764629788696766 22.084194464609027 53.600575516466051 408.9733945033513 286.99981039157137 8.4479261348023993 66.726644743233919 107.9661963256076 78.63929564319551 10.344266505911945 14.481168542057274 51.00159497000277 12.713564621284602 117.88000577036291 26.267865272238851 128.75991888344288 122.11865990050137 243.64157240465283 76.485615321435034
leaf_count=166 7766 39531 33268 1179 283 6212 260 15302 613 2772 5338 641 582 10192 29094 166 310 155 4151 3845 482 518 153 5581 609 56498 830 129 1522 448 344 288 2261 36944 360 558 418 1331 1279 13223 175 1044 1914 185 244 2764 12310 4446 106 634 1438 1167 114 113 561 367 1451 246 1180 977 2841 1272
internal_value=0.000162654 -0.00955401 0.000894318 0.00102239 0.000214897 -0.0016912 -0.000159675 0.00182828 0.000562947 -0.00236029 -0.00102027 -0.00479892 -0.00422217 0.00569622 -0.00667548 -0.00975533 0.00307885 0.026175 0.00952457 -0.0196384 0.0123717 -0.0104208 0.0186571 0.00115958 -0.0204822 -0.00048883 0.0117794 0.0501497 0.00440416 -0.00318216 0.0212926 -0.0178611 -0.000949921 -0.00268999 0.0140752 0.0241195 0.0026321 0.00529782 0.0163882 0.00189078 -0.000324393 0.000332452 0.00130468 0.0112287 0.0408157 -0.000134789 0.00151782 0.00961792 -0.00357193 -0.0038472 -0.00527255 0.00425778 0.0121423 0.0155255 0.0108201 0.021523 -0.000758334 -0.00497822 0.00416646 0.0109599 -0.00721635 0.00195757
internal_weight=15621.6 1091.48 14530.2 14442.4 10852.8 4972.75 3806.73 5880.01 4433.89 2049.51 3501.17 763.066 1621.84 1446.12 1166.03 800.544 2384.39 42.7209 782.134 87.793 14.976 790.854 21.2736 663.984 328.416 3376.66 119.905 17.2865 102.618 81.177 29.8916 51.2854 3256.75 675.789 58.3417 44.2823 2341.67 1231.98 287.185 944.791 1109.69 1089.11 1038.33 177.84 32.9141 630.274 576.674 305.553 1582.01 1573.56 1339.66 233.907 155.267 144.923 130.442 79.4402 860.494 464.275 396.219 250.879 438.007 194.366
internal_count=321151 86409 234742 230249 196981 108790 72647 88191 52014 23156 67941 46269 20384 36177 36143 29931 28858 709 14343 4493 648 29765 671 21834 40140 62603 3844 412 3432 2602 792 1810 58759 38503 1559 1199 28149 16446 2610 13836 11703 11528 11110 1229 554 20655 17891 4706 19802 19696 16740 2956 1789 1675 1562 1001 9881 5810 4071 2157 5564 2723
cat_boundaries=0 1 2
cat_threshold=4 64
is_linear=0
shrinkage=0.04


Tree=80
num_leaves=63
num_cat=5
split_feature=0 22 4 6 8 20 6 29 22 1 22 11 8 4 6 5 12 30 25 6 29 4 22 20 29 19 22 25 22 8 20 24 22 22 22 10 19 20 25 32 12 0 19 1 25 10 24 7 11 22 25 5 4 18 5 8 1 24 25 7 11 19
split_gain=71.0743 27.0285 22.1093 26.8957 25.0936 16.9541 17.974 16.5312 13.5838 13.4323 12.6112 11.5718 17.3803 11.9924 31.5946 17.7004 23.2921 17.3019 15.2208 17.0776 15.1293 14.0543 13.7493 12.8751 12.1712 11.5305 11.4949 11.2192 14.2899 10.6955 10.3472 13.7647 10.0934 10.1826 9.99735 9.95045 9.93807 20.792 17.0733 12.6099 15.2574 23.4506 22.1596 11.2032 10.7167 10.4144 9.80844 9.71001 13.1997 9.67529 22.0914 9.59781 13.3701 13.6976 12.9268 12.8524 12.1882 13.8242 13.5947 11.9598 11.2818 11.1089
threshold=3.0049999952316289 0.0096936672925949114 2.2949999570846562 103.25000000000001 125.25000000000001 159.00000000000003 206.25000000000003 0 0.18361064791679385 2.7150000333786015 0.072607375681400313 0.64760348200798046 34.500000000000007 0.50499999523162853 4.5000000000000009 57.500000000000007 1.0000000180025095e-35 1 164.62500000000003 73.250000000000014 2 0.79500001668930065 0.0917622745037079 159.00000000000003 3 5.0000000000000009 0.046048244461417205 49.125000000000007 0.080321915447711958 201.25000000000003 218.00000000000003 0.20352099835872653 0.024720381014049057 0.018693005666136745 0.19607897847890857 28.750000000000004 170.50000000000003 184.00000000000003 306.37500000000006 4 4.5000000000000009 2.3149999380111699 55.000000000000007 2.2549999952316289 431.12500000000006 13.750000000000002 0.11067965626716615 49.500000000000007 0.047675872221589095 0.010512687265872957 309.75000000000006 34.500000000000007 1.9450000524520876 1.5000000000000002 53.500000000000007 116.25000000000001 1.2050000429153445 0.026837668381631378 423.75000000000006 43.500000000000007 0.11271057650446893 163.50000000000003
decision_type=10 8 2 2 2 2 2 9 10 10 8 10 2 2 2 2 8 9 2 2 9 2 10 2 9 8 8 2 10 2 2 8 8 10 10 2 8 2 2 1 8 10 10 8 2 2 8 2 8 8 2 2 2 10 2 2 8 8 2 2 10 10
left_child=1 29 11 4 10 8 9 27 47 -7 36 13 -13 15 -15 16 17 46 20 -20 34 -16 -21 -19 -25 -23 -9 28 -5 -1 32 -32 33 -26 -18 -6 37 39 -38 45 41 42 -41 -39 -40 -4 -3 -2 -49 50 -27 59 54 55 -53 -54 -57 58 -58 60 -51 -59
right_child=5 2 3 7 35 6 -8 26 -10 -11 -12 12 -14 14 21 -17 18 23 19 22 -22 25 -24 24 30 49 -28 -29 -30 -31 31 -33 -34 -35 -36 -37 38 43 44 40 -42 -43 -44 -45 -46 -47 -48 48 -50 51 -52 52 53 -55 -56 56 57 61 -60 -61 -62 -63
leaf_value=-0.027866200950684733 -0.011130757473397732 0.028115854801266726 -0.015324808138924487 -0.0087208582801199704 0.037669319935081616 -0.012359440665264943 0.025645050542130857 -0.0185820770225468 0.039021306740408858 -0.027730486765557293 0.0015475061023441615 0.0039605210463479514 0.029120082795661865 -0.01865251272553612 0.028873524536824197 0.02292538479042067 0.0016256292675558618 -0.0060480578771429164 -0.030710128551735428 -0.016703198216956268 -0.0075188605262550435 -0.015746809184020178 0.00086368289089411689 -0.0091043098450227459 0.00088280479650654112 0.090022947405516404 -0.0073526639736425075 -0.0025504509759519635 0.044829373958972143 0.0021725098283532354 -0.013761794076850799 0.010671897642970718 0.0037112229212598476 0.049416154542164269 0.02418038213396256 0.0015838612111205496 -0.0086663993704313488 -0.0005355874586496337 0.037902115486473383 0.0023589908598002796 -0.0065545055354048719 0.0041289916556030764 0.079988267500589155 -0.02532338056964635 0 0.019430042110444627 0.0073052179515034543 0.086651782678805453 -0.00018127363388304203 0.0064144631455006831 -0.013840861673327745 0.0033962502273563056 -0.018668756445753991 -0.0034154939514854511 0.02114609471604428 -0.0066004188689088939 -0.02010707147730208 0.0025114788584658736 0.032624252816082659 0.0071697091255976987 0.0013754841299024997 0.011611021857080364
leaf_weight=72.523520245682448 69.22530416236259 48.607503223232925 125.53277880651876 10.98429994471371 36.813357361126691 187.72600833908655 12.365190007491035 195.11403815879021 10.692888540215788 191.41948271857109 1301.4897969297599 186.90046332217753 56.2046455796808 115.15192687045783 29.682702887803316 47.108556975843385 241.13737528282218 437.56625553034246 68.117120933253318 149.24535815790296 399.91136909113266 55.098349037114531 132.92945571430027 137.35495398752391 13.067886781878771 4.3441597037017328 604.46132906922139 51.957596022170037 21.03818234638311 24.426906845066696 117.04606149531901 51.376285220496356 1130.4441484631971 13.763020344078539 34.414091273676604 18.806587480474263 58.000056320801377 39.106785315554589 28.286279631778598 10.41672334354371 115.6257587489672 88.653964570024982 12.627036128193138 122.26761227624957 19.616270090453327 13.555215562693773 142.27444137074053 2.0296509994659546 8.5664044497534633 877.02990348194726 5.6121635241433978 314.74196518305689 42.101676476420835 1370.6468265657313 81.906692126765847 165.62489142920822 54.025038907304406 511.86331035709009 7.1525863781571379 994.30207353411242 3767.3355361297727 373.22899023839273
leaf_count=4715 5152 599 4736 561 739 15500 762 14532 259 27091 32814 1251 426 1107 211 845 5921 5867 1412 4270 8810 1112 1803 3287 465 133 25042 1372 662 899 3224 946 15163 387 537 365 3174 1553 771 328 3967 3819 291 9689 608 227 1029 143 375 14183 183 2997 962 21488 594 1729 2494 6313 102 9765 36111 5620
internal_value=2.62655e-05 0.000508822 0.000646237 -0.00250708 6.85987e-05 -0.015062 -0.0186529 -0.0083066 0.000451417 -0.0202456 -0.000701187 0.0013915 0.0100001 0.00121382 0.00197565 -0.000894935 -0.00127195 0.00114682 -0.0062042 -0.0129525 -0.00266486 0.00225528 -0.00845165 -3.97123e-05 0.00175732 0.00215608 -0.0100174 0.00798016 0.0267927 -0.0203261 0.00294711 -0.00622372 0.00432253 0.0277567 0.00446445 0.0260852 -0.00532255 -0.00756996 0.00573641 -0.00224087 0.0035348 0.0139809 0.0482069 -0.0194455 0.022984 -0.0116536 0.0122477 -0.00544516 0.0269339 0.00227576 0.0382861 0.00222401 0.000359695 -0.000711829 0.00716931 0.00249285 0.00333339 0.00509079 -0.0129777 0.00318798 0.00233111 0.00637515
internal_weight=15630.6 15148.6 15051.7 2874.35 1990.8 482.025 391.511 883.555 90.5142 379.145 1935.18 12177.3 243.105 11934.2 8769.85 3164.36 3117.26 2091.5 1025.75 350.292 675.463 8654.7 282.175 1900.62 1463.05 8625.01 799.575 83.9801 32.0225 96.9504 1325.7 168.422 1157.28 26.8309 275.551 55.6199 633.688 527.786 105.903 366.411 227.323 111.698 23.0438 161.374 47.9025 139.088 190.882 79.8214 10.5961 8569.92 9.95632 8559.96 2921.29 2524.64 396.649 1154 1111.89 946.27 61.1776 5638.67 4644.37 885.092
internal_count=321492 272210 266596 105250 63081 49282 43353 42169 5929 42591 61977 161346 1677 159669 105104 54565 53720 30967 22753 7485 15268 103997 6073 29339 23472 103786 39574 2595 1223 5614 20185 4170 16015 852 6458 1104 29163 24610 4553 13368 8405 4438 619 11242 1379 4963 1628 5670 518 102674 316 102358 42299 38708 3591 17220 16258 14529 2596 60059 50294 11933
cat_boundaries=0 1 2 3 4 5
cat_threshold=132 48 224 64 4
is_linear=0
shrinkage=0.04


Tree=81
num_leaves=63
num_cat=4
split_feature=0 4 5 21 25 16 6 15 2 11 11 16 23 25 21 29 25 8 4 20 23 25 20 25 21 18 8 25 20 21 21 18 4 25 21 5 20 23 25 23 0 21 21 21 25 21 23 0 25 29 28 15 23 25 28 21 25 23 23 11 6 23
split_gain=65.4403 21.4202 28.0881 26.419 24.3771 17.8162 16.8144 15.1392 14.6809 14.2987 14.0047 13.8563 13.4323 13.3484 13.1534 12.7987 12.3745 12.2475 13.0516 11.7444 19.4308 18.294 20.4168 32.8758 25.8985 24.9692 26.0136 19.9318 27.6575 44.9202 22.5638 19.2786 22.2357 27.7076 22.108 19.061 21.1756 18.1788 17.6091 43.7758 17.5766 17.5347 46.2456 21.9742 18.9185 19.6478 21.9885 16.7687 16.653 16.6344 16.0018 16.1591 24.0097 20.6294 15.9313 15.8865 22.8692 14.8589 15.8647 14.7346 14.0773 13.7126
threshold=3.0649999380111699 2.4550000429153447 28.500000000000004 77.426959991455092 186.62500000000003 1.5000000000000002 206.25000000000003 3.5000000000000004 0.21499999612569812 0.71984010934829723 0.040595471858978278 4.5000000000000009 1.0593760013580324 122.12500000000001 68.111885070800795 0 677.12500000000011 38.500000000000007 1.0000000180025095e-35 79.000000000000014 1.2429965138435366 84.125000000000014 175.00000000000003 73.125000000000014 67.996994018554702 1.5000000000000002 38.500000000000007 102.62500000000001 177.50000000000003 69.172683715820327 66.984218597412124 1.5000000000000002 1.3650000095367434 6102.6250000000009 62.432231903076179 55.500000000000007 184.00000000000003 1.3434811234474184 64.125000000000014 1.1043072342872622 1.0000000180025095e-35 62.081874847412116 61.860757827758796 65.01169586181642 515.37500000000011 59.510065078735359 1.1748403906822207 2.8149999380111699 423.75000000000006 1 2 3.5000000000000004 1.0918927788734438 92.875000000000014 3 63.086299896240241 132.62500000000003 1.1222091317176821 1.1124781370162966 0.41498298943042761 23.500000000000004 1.1253831982612612
decision_type=10 2 2 10 2 2 2 2 8 10 10 2 10 2 8 9 2 2 2 2 10 2 2 2 10 8 2 2 2 10 10 10 2 2 10 2 2 10 2 10 10 10 10 10 2 10 10 8 2 9 9 2 8 2 9 10 2 8 10 8 2 10
left_child=1 9 3 7 12 6 8 13 -2 11 -9 19 -4 14 -3 -14 -6 18 -11 20 -1 22 25 24 57 26 40 28 -23 30 50 41 35 34 37 -33 -37 -34 -26 -40 61 42 44 48 45 -29 -47 55 -43 -27 51 53 -53 -30 -45 56 -36 58 -24 -51 -60 -21
right_child=5 2 4 -5 16 -7 -8 10 -10 17 -12 -13 15 -15 -16 -17 -18 -19 -20 21 -22 27 23 -25 38 49 -28 31 29 -31 -32 32 33 -35 47 36 -38 -39 39 -41 -42 43 -44 54 -46 46 -48 -49 -50 59 -52 52 -54 -55 -56 -57 -58 -59 60 -61 -62 -63
leaf_value=0.010298313044089935 -0.030846776612080962 0.012434154790394057 -0.015253495137055831 -0.024588010635901724 -0.021624934461849116 0.016480486271517623 0.029293806295202073 0.021570556248876171 -0.013553775616208465 0.020281261197805319 -0.0027580992401267362 -0.020090840606005619 -0.0080082097476936037 -0.0092354157474794658 -0.0015829956627477235 0.0089159048027527572 0.0062528862151077667 0.037005045421346944 -0.0032010631183368638 0.0060482449496642426 -0.0030959851458657538 -0.0015374307746952288 0.0045125159623442537 -0.017956590286486794 -0.01066027133590527 -0.010394224455277642 0.0017925864572622618 -0.00022559989224748059 0.017601682255157357 -0.00064521219211303548 0.043738319955266849 -0.012194811669209982 -0.019056928087206267 0.044942775017088266 0.048111923721917693 0.055500689936630779 -0.0065128620668571191 0.001006307303487417 -0.009302438966264379 0.061399669738071733 -0.013836690274520436 -0.0023414329235998473 0.060995960701786131 0.032740236499457107 -0.020894803195775084 -0.011791374724742239 0.021004715086096928 0.029915024420359249 -0.023278462150866489 0.0041518969536667996 -0.0067974542690524119 0.054247022179092011 -0.0024133032758384869 0.059538805414118941 0.0033785578976678462 0.00020333942598684836 0.0017458282114790208 -0.0026112700992444705 -0.0088063067733308818 0.016389718818159212 0.04504678108865786 -0.010328554273918279
leaf_weight=510.81987681798637 117.57749442034401 166.82977370498702 106.11793178028893 58.930578294442967 257.82223800034262 24.274692046572454 9.9965847004204971 110.1228441700805 258.87345484120306 68.144333190284669 55.710213646525517 48.044839629903436 117.30469650798477 180.58158009266481 289.8044961792184 148.27397353353444 26.897417275700718 25.609378200024366 80.260739352554083 180.12487036827952 259.4057048112154 282.40928321052343 440.16202061180957 244.32399713224731 607.64252403052524 100.73972079413943 973.23307344224304 196.17716607498005 50.578875731443986 185.61796142812818 73.187713797669858 383.09045815444551 165.53563228622079 20.051022436469793 25.348412834107876 12.614490524865685 20.794878704007715 125.44246960151941 47.471918497933075 17.572120869066566 397.28550729621202 536.1755378190428 25.087628318928182 28.021299757063389 33.64116832241416 36.465218244120479 228.46687353774905 30.182946814689785 66.871741646900773 1251.2120054517873 34.604768629185855 12.813069753348826 60.33332221233286 31.388445309828967 2523.0421754738782 2183.8344069235027 46.501701207831502 632.27710966137238 9.4568278966471535 179.39759817160666 27.389440016355366 146.30105372332036
leaf_count=3380 17336 5320 14139 5048 15224 857 647 4720 24535 442 1285 322 6045 5780 14045 6516 1069 181 529 3743 1281 2617 11962 5721 21078 1702 12697 1301 619 4402 981 7409 1202 153 163 153 638 916 2267 265 5508 4269 169 326 300 275 1393 684 658 16693 431 110 781 367 31898 24787 347 17796 377 2276 467 2201
internal_value=0.000130716 0.000558336 -0.00394457 0.000796701 -0.0101663 -0.0155842 -0.0176934 0.00272592 -0.0191105 0.00105976 0.0134144 0.000911201 -0.00336018 -7.64789e-05 0.00355257 0.00144065 -0.0189382 0.0123909 0.00765462 0.000989833 0.00578053 0.000697169 -0.00110736 -0.00425312 -0.00235174 0.000866058 -0.00247142 0.00197641 0.00824082 0.0143949 0.0249684 0.00128825 -0.00108085 0.000294835 -8.40639e-05 -0.00963788 0.0184882 -0.0104324 -0.00853351 0.0109408 -0.00820573 0.0032331 0.0100302 0.00210467 0.00719458 0.00934256 0.0164062 0.00123769 -0.00474563 0.00456805 0.0173051 0.0227512 0.00858505 0.0347919 0.0037296 0.000824263 0.0190719 0.00139838 0.00671861 0.00567323 0.0312773 -0.00128552
internal_weight=15594.3 15183.5 1518.4 861.979 656.416 410.722 386.448 803.049 376.451 13665.2 165.833 13491.1 371.697 637.216 456.634 265.579 284.72 174.014 148.405 13443.1 770.226 12672.9 5254.59 2026.3 1781.97 3228.29 1696.94 7418.28 730.933 448.524 262.906 6687.35 3013.4 2596.9 2576.85 416.5 33.4094 290.978 672.687 65.044 723.711 3673.95 519.838 3154.11 494.75 461.109 264.932 2285.87 603.047 1531.35 189.718 155.114 73.1464 81.9673 2551.06 2255.68 71.8501 1109.29 477.008 1430.61 36.8463 326.426
internal_count=320803 277428 79191 36198 42993 43375 42518 31150 41871 198237 6005 197085 26700 25145 19365 12561 16293 1152 971 196763 4661 192102 104753 59933 54212 44820 24149 87349 10308 7691 3289 77041 36452 28252 28099 8200 791 2118 23610 2532 11452 40589 3438 37151 3269 2969 1668 25981 4927 20671 2308 1877 891 986 32224 25297 510 30602 12806 18969 844 5944
cat_boundaries=0 1 2 3 4
cat_threshold=96 8 16 8
is_linear=0
shrinkage=0.04


Tree=82
num_leaves=63
num_cat=5
split_feature=0 22 4 2 0 24 1 2 6 22 25 24 17 29 11 7 32 23 23 23 25 25 22 22 21 22 25 14 23 32 22 21 25 21 22 25 22 2 21 24 32 2 25 21 24 22 24 23 25 22 23 23 21 25 25 28 22 14 8 22 22 21
split_gain=66.045 25.104 17.6848 15.8138 14.8649 14.0546 13.8079 13.6438 14.5984 12.5641 18.2268 16.8717 16.7757 24.2347 20.5717 17.683 14.6734 43.6928 22.0931 20.0115 13.6616 14.989 16.225 13.7173 23.2067 13.6567 18.6267 13.7588 12.9506 12.6633 15.1022 16.9116 18.0574 12.2496 16.5006 15.0499 12.2039 14.4421 11.8823 36.4546 27.4802 22.8788 19.4222 18.0343 15.6413 18.6529 24.1026 21.7344 23.032 15.8071 15.0226 15.4614 14.902 14.4782 19.745 16.2715 13.5433 13.067 13.2024 12.8625 12.6751 19.6545
threshold=3.1250000000000004 0.013452543411403896 2.6650000810623173 0.9350000023841859 2.2549999952316289 0.011484527960419657 2.2649999856948857 0.79500001668930065 206.25000000000003 0.12391588091850282 765.12500000000011 0.15755258500576022 3.5000000000000004 0 0.030631792731583122 58.500000000000007 1 1.1343392133712771 1.1582394242286684 1.1200792789459231 29.375000000000004 25.125000000000004 0.34571312367916113 0.12520716339349749 67.059993743896499 0.10516104474663736 504.12500000000006 91.354999542236342 1.0013249516487124 2 0.10359223932027818 65.880176544189467 89.500000000000014 65.602870941162124 0.066882424056530013 78.375000000000014 0.26366053521633154 0.12499999627470972 67.886199951171889 0.06282465904951097 3 0.33500000834465032 409.25000000000006 67.659801483154311 0.025270937941968444 0.023618221282958988 0.029096443206071857 1.0643191933631899 243.87500000000003 0.076539270579814925 1.0526289939880373 1.0326827168464663 82.51377105712892 26.125000000000004 261.37500000000006 4 0.064866729080677046 98.604999542236342 266.25000000000006 0.029379380866885189 0.073388416320085539 64.320678710937514
decision_type=10 8 2 10 8 8 8 10 2 10 2 10 10 9 8 2 1 10 10 10 2 2 10 10 10 10 2 10 8 1 8 8 2 8 10 2 10 10 8 10 1 8 2 10 8 8 8 10 2 10 10 10 10 2 2 9 10 10 2 8 10 10
left_child=1 4 9 -4 5 6 -1 8 -2 11 20 12 13 -3 -14 28 17 19 -19 33 21 -11 36 24 -22 26 27 -13 -15 30 -30 32 -32 -17 -35 -36 37 -23 39 43 41 60 53 -16 52 47 -47 50 -49 56 51 -46 -40 -42 57 -56 59 58 -55 -48 -41 -62
right_child=7 2 3 -5 -6 -7 -8 -9 -10 10 -12 25 14 15 38 16 -18 18 -20 -21 23 22 -24 -25 -26 -27 -28 -29 29 -31 31 -33 -34 34 35 -37 -38 -39 44 40 42 -43 -44 -45 45 46 49 48 -50 -51 -52 -53 -54 54 55 -57 -58 -59 -60 -61 61 -63
leaf_value=0.068512276882373088 -0.023440841905383404 -0.010152342900540958 -0.0074967372001685665 0.022703630581368567 -0.026030185258059169 -0.0084995249643144075 -0.017621082629119777 -0.0033518658592126493 0.034184473474854815 0.0046834029263729503 0.03399585374016037 0.0022645283235909587 -0.01288595904932115 -0.011584898736965728 0.023853196341448335 -0.030404264695637836 0.0027188046752751271 0.067971808625977612 0.020841581593400226 -0.028205530749877108 -0.0051729433245203647 0.0080542571485256575 0.058729285738694098 0.0010782279604435278 0.045010646333257902 -0.013767645793542409 0.035534996763553289 -0.021165757174851977 -0.0021513250430526989 0.0036864169303751954 0.00011023515177785751 0.003267512922703148 0.054460513722277108 0.0046705126409614479 0.0033456873874943083 0.045072267011945763 -0.014179800715645535 0.042863727564091729 -0.021779488369793994 -0.0016123634545050052 0.028088644000578304 -0.017019810248420173 -0.017225018987144496 -0.019858184521125661 -0.021026554388253658 0.025434331310110393 -0.019140318678024643 0.064547976794172665 0.0048330482641687766 0.003614800961325782 -0.02653547353703296 0.018795206993949702 0.024926769261667481 -0.013425739039040228 0.014957835642086191 -0.031922272642151528 -0.017175972006947232 0.036225051269284936 0.016672074592410695 -0.0029092025181957854 -0.0012122860817266232 0.053279208864924155
leaf_weight=5.9283901071175906 250.25212880712934 259.05348613508977 581.75568879558705 27.097489674109966 86.343888558447361 94.785808368586004 3.4927686098963031 86.309709087363444 5.4289901608135542 767.39492882043123 27.095298138447106 151.51513261720538 262.38726609107107 119.8310720147565 148.16046197037213 9.3115360722877067 353.46359827136621 29.168392546474934 39.400317631661892 22.198342898394912 27.623781246133149 57.839185174554586 13.407768435776232 4467.0292411276605 28.162228782661259 249.57186666689813 19.19621773250401 52.171663630753756 1892.127604048932 2403.7787822892424 18.117610745597631 584.21373786963522 20.061531906947494 139.138200848829 22.818396295420825 36.432611108757555 18.518598993774503 28.019208861049265 105.51087435008958 15.06162499450147 24.874109241645783 19.917096570599824 145.47479327209294 15.080416217911987 18.472611305769533 42.243602902628481 86.724367235787213 19.655838868580759 21.038629352115095 285.13134491327219 21.729638690128922 63.844287242274731 10.343159923795609 226.03454363252968 117.56652945838869 11.175996032543479 172.7750932960771 8.008231290150432 24.042019844055176 685.3548897812143 13.854462110903112 38.361183284316212
leaf_count=170 33664 7172 44406 828 7069 3356 156 3437 420 10905 183 1449 14698 5731 2872 153 5095 216 279 241 342 652 164 40718 182 2306 245 739 32256 38389 368 14592 200 2532 404 292 246 253 6119 228 274 277 1532 328 848 1299 1918 219 419 4604 418 1509 149 3063 1106 150 2731 108 213 15632 145 416
internal_value=2.05197e-05 0.00041172 0.000595544 -0.00606962 -0.0139383 -0.00354242 0.0383852 -0.0173116 -0.0219304 0.000877552 0.00239653 -3.67204e-05 0.000369635 0.00154217 -0.00230641 0.00209353 0.00828814 0.0147951 0.0423618 0.00624419 0.00222422 0.00676528 0.0199577 0.00133111 0.0207036 -0.00737961 -0.000132235 -0.00384538 0.00129155 0.00161148 -0.000370243 0.00502114 0.0301574 0.0101981 0.0124282 0.0297673 0.0138916 0.0202223 -0.00110693 0.00280989 -0.00147238 0.0191341 -0.00476837 0.0195752 -0.0031768 -0.00200284 -0.00356025 0.0114937 0.0355359 -0.00460223 0.00152208 0.00947721 -0.0171895 -0.000285479 -0.00226569 0.010401 -0.00709275 -0.00864645 -0.0103911 -0.00478745 0.0301352 0.039162
internal_weight=15600.9 15258.9 15068.3 608.853 190.551 104.207 9.42116 341.991 255.681 14459.5 5435.09 9024.39 8551.94 5949.12 2602.82 5690.06 651.931 298.468 68.5687 229.899 5407.99 885.18 117.785 4522.82 55.786 472.455 222.883 203.687 5038.13 4918.3 2514.52 622.393 38.1791 207.701 198.389 59.251 104.377 85.8584 2340.44 807.611 644.371 87.1944 557.176 163.241 1532.82 1416.97 1272.23 144.741 40.6945 1229.99 104.047 82.3169 115.854 411.701 386.827 128.743 944.854 258.085 250.077 772.079 67.2773 52.2156
internal_count=321085 283564 272813 45234 10751 3682 326 37521 34084 227579 53645 173934 169195 107920 61275 100748 9212 4117 495 3622 53462 12220 1315 41242 524 4739 2433 2188 91536 85805 47416 15160 568 3381 3228 696 1151 905 46577 10712 7512 1066 6446 3200 35865 29597 26184 3413 638 24885 2775 2357 6268 4914 4640 1256 20281 3384 3276 17550 789 561
cat_boundaries=0 1 2 3 4 5
cat_threshold=8 4 4 16 16
is_linear=0
shrinkage=0.04


Tree=83
num_leaves=63
num_cat=4
split_feature=4 22 21 23 25 23 0 20 23 24 23 25 25 21 23 24 32 25 28 23 23 23 21 6 25 25 6 22 25 32 24 23 25 19 24 23 24 21 21 17 19 22 19 23 23 14 6 22 21 22 22 10 22 9 21 21 32 25 23 23 23 21
split_gain=61.047 24.8697 20.1243 31.3929 23.0146 19.7107 19.5884 17.2246 29.8526 32.308 26.1694 26.3543 27.4208 25.7789 25.4828 22.5395 20.5182 20.213 21.9063 18.5066 16.8815 29.428 36.4936 29.444 21.9916 24.3863 26.6974 27.8277 21.2952 31.0443 20.9685 27.1625 28.6852 34.2519 34.3302 24.9085 21.0037 19.8072 24.0623 19.0307 18.3419 17.4346 24.0019 16.5976 16.5289 16.0053 15.67 15.5092 15.4762 14.6572 20.2576 14.414 20.0761 14.3779 14.8122 20.3443 14.3324 29.5001 24.4058 23.5311 23.9925 20.487
threshold=3.0149999856948857 0.0096936672925949114 68.252796173095717 1.0013249516487124 29.375000000000004 1.1533122658729555 2.6350001096725468 184.00000000000003 1.0949401855468752 0.081249449402093901 1.3434811234474184 276.37500000000006 504.12500000000006 67.372478485107436 1.1789435744285586 0.084386415779590621 0 63.125000000000007 1 1.0879712104797366 1.2232519388198855 1.2481924295425417 62.081874847412116 17.500000000000004 199.62500000000003 88.125000000000014 53.500000000000007 0.095373723655939116 677.12500000000011 2 0.16477622091770175 1.1293570995330813 122.12500000000001 64.000000000000014 0.14250016957521441 1.1772943735122683 0.13894352316856387 66.288085937500014 66.233051300048842 3.5000000000000004 23.000000000000004 0.04550715163350106 64.000000000000014 1.2526267170906069 1.0521262884140017 80.704998016357436 81.500000000000014 0.12791433185338977 66.73026275634767 0.1857978627085686 0.16613544523715976 6.2500000000000009 0.042111476883292205 2.5000000000000004 63.460294723510749 63.870082855224616 3 125.50000000000001 1.0298770666122439 1.0484992265701296 1.0478878021240237 74.03781890869142
decision_type=2 8 10 10 2 8 10 2 10 10 10 2 2 10 10 10 1 2 9 10 10 10 10 2 2 2 2 10 2 1 10 10 2 10 10 10 10 10 10 10 10 10 10 10 10 8 2 10 10 10 10 2 10 2 10 10 1 2 10 10 8 10
left_child=1 -1 4 -4 5 -3 56 20 9 16 11 -10 13 48 46 -11 -9 -18 -19 -20 24 22 23 -22 25 26 -6 -28 37 -30 31 41 33 35 -35 -33 -34 38 53 -38 -32 42 -27 -23 -39 -2 -15 -29 -13 50 -36 52 -8 -26 -55 -56 -5 58 -58 60 -59 -61
right_child=45 2 3 6 7 -7 51 8 10 15 -12 12 -14 14 -16 -17 17 18 19 -21 21 43 -24 -25 28 30 27 47 29 -31 40 32 36 34 49 -37 39 44 -40 -41 -42 -43 -44 -45 -46 -47 -48 -49 -50 -51 -52 -53 -54 54 55 -57 57 59 -60 61 -62 -63
leaf_value=-0.019388397173540909 0.0059174181248127389 0.010078336174227914 -0.02128463294295915 0.0024569906373745087 0.0010823440954244156 0.0016942579594605102 -0.022234894869799571 -0.0050629884560756608 -0.006799814520941071 0.054761488412985011 0.02848086508129018 0.012699972377185039 -0.0059486106869268618 0.038144997020060252 0.059168352166659388 -0.006925582853201516 -0.0038884096108273663 -0.030014194357154359 0.025437940320363419 0.082862995686898311 0.0051658475220805094 -0.021048969645235928 0.0048579337804315207 0.049730216172234776 -0.018927952256055924 -0.013074053633944135 0.0056577661035409196 -0.027643815174114083 0.055895640896347042 -0.0033194738072302131 0.031843005016093578 -0.0098506678487732119 0.015986587363429654 0.082127626286911989 0.033443021906340555 0.032013209952148916 -0.021473621829680795 0.031997798226419856 0.019307497898275395 0.015251768428182749 -0.016468040248245306 -0.0025488263062033271 0.063829416425294647 0.00098038025102639291 -0.022231905288446121 -0.02377178474467025 -0.0081301789365026186 -0.010202902920155694 -0.0073752638748091331 0.060324469553579202 -0.02185949839236186 0.00085804216001407463 -0.0050422262044654128 -0.013012563823615406 0.031864833260370255 -0.0022930068739301676 -0.0258057194486849 0.011000315789207023 -0.0039461475473294271 0.0022729760394429887 0.074598395460856198 -0.011424335302951557
leaf_weight=98.357165745459497 32.39646253164392 904.56714336539153 117.99525799741969 2477.0630819946527 758.19300433294848 895.45465483912267 160.66501991963014 97.643612379441038 475.4391872814158 44.796467456384562 52.848683094605803 208.35185330407694 199.36601505568251 18.523553309030831 31.815504412166774 11.083071395987643 47.670347522478551 8.4157999753952026 101.15282190369908 8.7303711355198157 39.263026074972004 54.574956489726901 270.66680687037297 61.768917608773336 144.00474211666733 10.072693330701442 120.94113891280722 126.37448107381351 17.941512742079794 47.461368045769632 12.336630707606671 47.450291495071724 124.5766318612732 26.329682960407808 25.448817733675241 40.15408933442086 62.551011420786381 7.5834217483643434 54.157076807692647 32.738111257553101 101.9017864651978 347.87034446932375 13.212407287675886 1661.2479611122981 201.86575500899926 208.92615423887037 25.488397305831313 242.45661929971538 84.715193748939782 12.68955297488719 15.352347653824834 263.62531262543052 337.86740213772282 167.07401052489877 30.67846411652863 187.58971260115504 83.907729263650253 238.34972757310607 1795.1654019623529 1254.3152107438073 8.0390082187950593 200.89595150342211
leaf_count=6167 2875 19654 9089 40827 8566 26291 17304 2868 8887 760 304 2471 2485 164 235 196 2083 268 1952 200 258 427 2219 601 2898 197 2429 2212 148 390 74 491 1243 406 214 316 523 183 323 320 1000 3893 119 12711 2686 28279 342 4595 1052 115 162 8223 21414 1310 204 1656 5133 5931 34187 13847 133 4314
internal_value=0.000140197 0.000456393 0.000587689 -0.00100059 0.00191899 0.00591847 -0.000642333 0.000805737 0.00470285 0.0154247 0.00154923 0.000126004 0.00593809 0.0123812 0.0328958 0.0425718 0.00936284 0.0178567 0.0266047 0.0314716 -0.000283312 0.00247175 0.0126439 0.0329257 -0.00221695 -2.48194e-05 -0.00361335 -0.0108736 -0.00761087 0.0139825 0.00509427 0.0075093 0.0148912 0.0272795 0.0459475 0.00953491 0.00526085 -0.00943265 -0.00558978 -0.00871964 -0.010724 -0.000210633 0.0318433 0.000251348 -0.0199465 -0.0197374 0.0119835 -0.0163172 0.00685917 0.0256763 0.0123982 -0.00667743 -0.0106657 -0.00821515 -0.00411399 0.00271743 0.00011761 -0.00149898 -0.00495291 0.00231183 0.0136915 0.00036345
internal_weight=15560.2 15318.8 15220.5 6937.89 8282.59 1800.02 6819.89 6482.57 1416.04 319.492 1096.55 1043.7 568.261 368.895 75.8275 55.8795 263.613 165.969 118.299 109.883 5066.53 2087.52 371.699 101.032 2979.01 2120.65 1247.97 489.772 858.356 65.4029 872.684 758.446 387.291 167.425 79.8204 87.6044 219.866 792.953 583.504 95.2891 114.238 371.155 23.2851 1715.82 209.449 241.323 44.012 368.831 293.067 53.4907 40.8012 762.158 498.532 529.347 385.342 218.268 6057.74 3580.67 1879.07 1701.6 246.389 1455.21
internal_count=320824 289670 283503 160402 123101 45945 151313 77156 24267 8327 15940 15636 6749 4264 741 956 7371 4503 2420 2152 52889 16216 3078 859 36673 26875 17802 9236 9798 538 9073 7999 3790 1704 897 807 2086 9260 6391 843 1074 4209 316 13138 2869 31154 506 6807 3523 491 376 46941 38718 6068 3170 1860 104372 63545 39320 24225 6064 18161
cat_boundaries=0 1 2 3 4
cat_threshold=4 8 16 8
is_linear=0
shrinkage=0.04


Tree=84
num_leaves=63
num_cat=2
split_feature=4 1 32 22 16 22 20 22 10 14 2 20 19 22 1 30 12 23 25 0 0 22 23 25 6 21 22 22 19 18 19 25 18 14 6 25 4 5 20 8 22 14 18 25 4 4 6 21 0 25 21 25 21 23 7 20 25 25 21 23 19 6
split_gain=54.8528 27.1167 24.8474 21.622 15.9447 14.2872 13.5771 11.4558 13.7042 11.0368 14.4425 10.6817 17.8991 13.3471 11.2437 11.8608 11.6313 10.5084 14.0174 10.3601 9.72792 17.5568 11.5867 11.7903 21.4016 13.1116 16.3191 20.0191 23.4274 11.9845 10.1337 9.97723 13.4736 12.5397 17.7042 11.9218 13.7661 22.8286 11.2473 10.4493 10.7887 10.2699 9.89346 9.71119 10.8236 9.64404 10.583 14.2837 9.4041 9.21884 9.2032 15.5649 9.46892 9.10349 15.668 13.3842 13.5449 14.7894 11.5583 11.4734 11.1592 10.8361
threshold=3.0649999380111699 2.5849999189376835 0 0.11531509459018709 4.5000000000000009 0.0069816617760807284 79.000000000000014 0.027693261392414573 13.250000000000002 65.020000457763686 -0.69499999284744252 79.000000000000014 49.500000000000007 0.39696128666400915 1.8049999475479128 1 7.5000000000000009 1.2429965138435366 62.125000000000007 1.0000000180025095e-35 2.1049998998641972 0.17032737284898761 1.0230884552001955 431.12500000000006 184.25000000000003 79.325862884521499 0.021314746700227264 0.020587688311934475 190.50000000000003 1.5000000000000002 5.0000000000000009 84.125000000000014 1.5000000000000002 89.505001068115249 177.25000000000003 46.125000000000007 1.6749999523162844 20.500000000000004 159.00000000000003 13.500000000000002 0.068113554269075408 63.055000305175788 1.5000000000000002 677.12500000000011 2.1950000524520878 2.9150000810623173 114.25000000000001 77.913887023925795 2.1650000810623173 14.375000000000002 65.480831146240249 515.37500000000011 67.059993743896499 1.1343392133712771 16.500000000000004 184.00000000000003 122.12500000000001 677.12500000000011 65.197986602783217 1.2078961133956911 49.500000000000007 156.25000000000003
decision_type=2 10 1 10 2 8 2 10 2 10 8 2 10 10 8 9 8 10 2 10 10 10 8 2 2 10 8 10 10 10 10 2 10 10 2 2 2 2 2 2 10 10 10 2 2 2 2 10 10 2 10 2 10 10 2 2 2 2 10 10 10 2
left_child=1 4 3 9 5 -1 -2 8 -4 10 -3 12 13 -7 15 -13 48 -14 -19 -18 31 22 -22 25 43 26 27 -24 -29 -26 -28 35 33 38 -35 -16 -37 42 -33 40 -34 -39 -38 -25 -45 -9 -47 -48 -17 -5 51 -23 -52 58 -55 56 -56 60 -41 61 -58 -57
right_child=6 2 7 49 -6 11 -8 45 -10 -11 -12 14 17 -15 20 16 19 18 -20 -21 21 50 23 24 29 -27 30 28 -30 -31 -32 32 39 34 -36 36 37 41 -40 53 -42 -43 -44 44 -46 46 47 -49 -50 -51 52 -53 -54 54 55 59 57 -59 -60 -61 -62 -63
leaf_value=-0.024666414142386781 0.035878188809360688 0.044069729138241351 -0.021566313456253556 0.032834669715442757 -0.021117539659041156 0.0099744686663779877 -0.023011706007761173 -0.0010041907886340869 0.012816114754517344 -0.020069120156190914 -0.01406204071411773 0.0026134512178015408 0.0046026270200225945 0.040059142241361416 0.0007125244358672059 -0.020086470108685202 0.039226295654166139 0.019723503126512294 -0.012528615123032237 -0.0010019203919895512 -0.015227679686810618 0.0058689811454180896 0.0077869979823236551 -0.017941425121339206 0.048551546773318667 -0.020652725107232085 -0.029585231464837873 0 0.11754638190704871 -0.011178084922273105 -0.0014397354856664102 -0.0034413245393205422 -0.00025239352778718609 0.00016321449710101729 0.032512537135135099 -0.010416002838066899 0.000617810798714443 0.023490213968992861 0.0091404367441386587 -0.019298548916588047 -0.023289261310094744 -0.011781459100375818 0.021069059978144754 0.020435961517700673 -0.012882979275145952 0.028662825317912755 -0.025235613826452563 0.067017284076070868 0.001660128131760475 -0.0022771156810898734 0.037499346847031607 -0.030262053567867549 0 0.022445526050146297 0.012753104229832246 0.02751382528045037 0.0074431080406984268 0.028186325462184799 -0.0012091340289438325 -0.0096506597652880159 -0.015697799003234016 -0.0059482442953685292
leaf_weight=32.91339902440086 4.649313678033649 8.497407238930462 80.702289510169066 11.234786949586121 50.89041811414063 316.94649418536574 186.94051431247499 913.54324728995562 22.141261680284515 305.78816342842765 17.564436287153516 4619.55023377412 324.07154294475913 24.124212007969618 1589.7819416727871 100.18836022727191 10.948249727487562 23.362503543496132 141.65935821831226 46.913390768691897 124.23443177016452 297.74054796225391 47.033220788813196 195.69577956106514 12.717282144352795 54.609285256243311 18.738581630401313 4.6735031455755216 4.4579069325700402 7.1749829119071356 1865.6151533444645 129.31534240674227 65.538951103575528 978.03652202826925 25.8569415519014 400.7803962295875 70.189031823538244 12.349388162139801 841.64038698188961 62.939357044175267 64.089012214913964 166.45260466123 82.626152558717877 23.766601780429482 37.514784731902182 34.214427570812404 13.636452197679317 1.2477106443839137 44.835407262668014 121.3137933339458 25.737905010348186 18.345792677253485 17.525787418708205 62.987380340695381 61.84585840255022 65.361220140010118 39.989602968096733 14.6014780215919 448.73042471450754 25.859807198867202 162.89218351244926 18.81464864499867
leaf_count=1825 146 157 8236 315 342 2496 26105 34132 729 20423 831 48992 1597 134 32301 780 77 110 744 464 8066 4658 2401 5765 173 3442 712 183 104 232 57621 1025 1684 12337 257 6448 904 127 7054 608 698 3912 1030 341 761 3404 1967 80 510 3955 296 273 166 433 452 473 295 88 5874 197 1252 150
internal_value=-2.53201e-05 0.000239912 -0.00480994 -0.0125124 0.0007976 0.000881851 -0.0211854 -0.00142812 -0.0139845 -0.0179408 0.00639666 0.000946934 0.0053415 0.0123468 0.000664228 0.00219474 -0.00701744 0.000409638 -0.00773321 0.00753245 -0.000241141 -0.00217434 -0.00341356 -0.00275121 -0.0104617 -0.00166779 -0.00110869 0.0197504 0.068181 0.0275891 -0.00175493 0.00074602 0.00224334 0.00421529 0.00106737 -0.00122931 -0.00544571 0.000563656 0.0074529 -0.00131138 -0.0118836 -0.00906819 0.0118567 -0.0136284 0.000150078 -5.21593e-05 0.0168511 -0.010006 -0.0133778 0.00108333 0.00604007 0.00356968 0.0229569 0.000123592 0.00425578 0.00119312 -0.00344701 -0.00816452 -0.00351632 0.0128949 -0.0110694 0.0199772
internal_weight=15604.1 15412.5 1529.88 464.399 13882.7 13831.8 191.59 1065.49 102.844 331.85 26.0618 13798.9 830.164 341.071 12968.7 4822.44 202.885 489.093 165.022 57.8616 8146.26 2755.58 2396.23 2272 276.869 1995.13 1940.52 56.1646 9.13141 19.8923 1884.35 5390.68 3068.5 1974.85 1003.89 2322.18 732.398 331.617 970.956 1093.65 129.628 178.802 152.815 256.977 61.2814 962.642 49.0986 14.8842 145.024 132.549 359.35 316.086 43.2637 964.022 452.352 389.365 279.329 217.483 511.67 110.036 202.882 84.1759
internal_count=321344 295093 74229 25681 220864 220522 26251 48548 8965 21411 988 218697 5081 2630 213616 50823 1831 2451 854 541 162793 85194 79801 71735 7272 64463 61021 2688 287 405 58333 77599 32877 20673 12594 44722 12421 5973 8079 12204 2382 4039 1934 6867 1102 39583 5451 2047 1290 4270 5393 4931 462 9822 3340 2907 2087 1635 6482 820 1547 623
cat_boundaries=0 1 2
cat_threshold=4 12
is_linear=0
shrinkage=0.04


end of trees

feature_importances:
course_history_fail_rate=602
course_history_effective_support=505
course_history_avg_mark=491
gpa_prev_1=353
course_history_avg_attempt=317
gpa_prev_2=294
start_agpa_points=261
course_history_retake_rate=240
plan_credits_count=226
prior_fail_credit_ratio=218
degree_credits_count=216
diploma_gpa=194
start_total_in_courses=172
start_total_in_credits=147
course_credits=146
plan_year_order=141
part_semester=127
attempt_number=88
plan_requirement_type_id=79
gpa_trend_delta=68
prior_total_fail_courses=61
prior_total_fail_credits=60
prior_total_reg_credits=53
prior_total_reg_courses=52
course_history_fallback_level=45
plan_course_type_id=45
prior_registered_semesters=28
plan_semester_order=21
diploma_type_id=16
observed_gap_semesters=2
course_history_missing=2

parameters:
[boosting: gbdt]
[objective: binary]
[metric: binary_logloss]
[tree_learner: serial]
[device_type: cpu]
[data_sample_strategy: bagging]
[data: ]
[valid: ]
[num_iterations: 85]
[learning_rate: 0.04]
[num_leaves: 63]
[num_threads: 0]
[seed: 42]
[deterministic: 1]
[force_col_wise: 1]
[force_row_wise: 0]
[histogram_pool_size: -1]
[max_depth: -1]
[min_data_in_leaf: 100]
[min_sum_hessian_in_leaf: 0.001]
[bagging_fraction: 0.9]
[pos_bagging_fraction: 1]
[neg_bagging_fraction: 1]
[bagging_freq: 1]
[bagging_seed: 42]
[bagging_by_query: 0]
[feature_fraction: 0.85]
[feature_fraction_bynode: 1]
[feature_fraction_seed: 42]
[extra_trees: 0]
[extra_seed: 12879]
[early_stopping_round: 0]
[early_stopping_min_delta: 0]
[first_metric_only: 0]
[max_delta_step: 0]
[lambda_l1: 0.2]
[lambda_l2: 2]
[linear_lambda: 0]
[min_gain_to_split: 0]
[drop_rate: 0.1]
[max_drop: 50]
[skip_drop: 0.5]
[xgboost_dart_mode: 0]
[uniform_drop: 0]
[drop_seed: 17869]
[top_rate: 0.2]
[other_rate: 0.1]
[min_data_per_group: 100]
[max_cat_threshold: 32]
[cat_l2: 10]
[cat_smooth: 10]
[max_cat_to_onehot: 4]
[top_k: 20]
[monotone_constraints: ]
[monotone_constraints_method: basic]
[monotone_penalty: 0]
[feature_contri: ]
[forcedsplits_filename: ]
[refit_decay_rate: 0.9]
[cegb_tradeoff: 1]
[cegb_penalty_split: 0]
[cegb_penalty_feature_lazy: ]
[cegb_penalty_feature_coupled: ]
[path_smooth: 0]
[interaction_constraints: ]
[verbosity: -1]
[saved_feature_importance_type: 0]
[use_quantized_grad: 0]
[num_grad_quant_bins: 4]
[quant_train_renew_leaf: 0]
[stochastic_rounding: 1]
[linear_tree: 0]
[max_bin: 255]
[max_bin_by_feature: ]
[min_data_in_bin: 3]
[bin_construct_sample_cnt: 200000]
[data_random_seed: 42]
[is_enable_sparse: 1]
[enable_bundle: 1]
[use_missing: 1]
[zero_as_missing: 0]
[feature_pre_filter: 1]
[pre_partition: 0]
[two_round: 0]
[header: 0]
[label_column: ]
[weight_column: ]
[group_column: ]
[ignore_column: ]
[categorical_feature: 28,29,30,31,32]
[forcedbins_filename: ]
[precise_float_parser: 0]
[parser_config_file: ]
[objective_seed: 16083]
[num_class: 1]
[is_unbalance: 0]
[scale_pos_weight: 1]
[sigmoid: 1]
[boost_from_average: 1]
[reg_sqrt: 0]
[alpha: 0.9]
[fair_c: 1]
[poisson_max_delta_step: 0.7]
[tweedie_variance_power: 1.5]
[lambdarank_truncation_level: 30]
[lambdarank_norm: 1]
[label_gain: ]
[lambdarank_position_bias_regularization: 0]
[eval_at: ]
[multi_error_top_k: 1]
[auc_mu_weights: ]
[num_machines: 1]
[local_listen_port: 12400]
[time_out: 120]
[machine_list_filename: ]
[machines: ]
[gpu_platform_id: -1]
[gpu_device_id: -1]
[gpu_device_id_list: ]
[gpu_use_dp: 0]
[num_gpu: 1]

end of parameters

pandas_categorical:[["__MISSING__", "__UNKNOWN__", "1", "2", "3"], ["__MISSING__", "__UNKNOWN__", "1", "2", "3", "4", "5", "6"], ["__MISSING__", "__UNKNOWN__", "13.111", "15.111", "16.111", "55.111"], ["__MISSING__", "__UNKNOWN__", "2.111", "3.111"], ["__MISSING__", "__UNKNOWN__", "1", "2", "3"]]
