dataset,a,b,a_minus_b,rows
raw,start_total_in_credits,start_total_in_courses,0.0,11041
raw,start_total_in_credits,start_total_in_courses,1.0,242
raw,start_total_in_credits,start_total_in_courses,2.0,476
raw,start_total_in_credits,start_total_in_courses,3.0,437
raw,start_total_in_credits,start_total_in_courses,4.0,590
raw,start_total_in_credits,start_total_in_courses,5.0,551
raw,start_total_in_credits,start_total_in_courses,6.0,684
raw,start_total_in_credits,start_total_in_courses,7.0,679
raw,start_total_in_credits,start_total_in_courses,8.0,922
raw,start_total_in_credits,start_total_in_courses,9.0,1035
raw,start_total_in_credits,start_total_in_courses,10.0,1554
raw,start_total_in_credits,start_total_in_courses,11.0,1277
raw,start_total_in_credits,start_total_in_courses,12.0,1122
raw,start_total_in_credits,start_total_in_courses,13.0,624
raw,start_total_in_credits,start_total_in_courses,14.0,781
raw,start_total_in_credits,start_total_in_courses,15.0,662
raw,start_total_in_credits,start_total_in_courses,16.0,802
raw,start_total_in_credits,start_total_in_courses,17.0,755
raw,start_total_in_credits,start_total_in_courses,18.0,842
raw,start_total_in_credits,start_total_in_courses,19.0,853
raw,start_total_in_credits,start_total_in_courses,20.0,1151
raw,start_total_in_credits,start_total_in_courses,21.0,1008
raw,start_total_in_credits,start_total_in_courses,22.0,1066
raw,start_total_in_credits,start_total_in_courses,23.0,891
raw,start_total_in_credits,start_total_in_courses,24.0,837
raw,start_total_in_credits,start_total_in_courses,25.0,923
raw,start_total_in_credits,start_total_in_courses,26.0,796
raw,start_total_in_credits,start_total_in_courses,27.0,774
raw,start_total_in_credits,start_total_in_courses,28.0,759
raw,start_total_in_credits,start_total_in_courses,29.0,821
raw,start_total_in_credits,start_total_in_courses,30.0,778
raw,start_total_in_credits,start_total_in_courses,31.0,822
raw,start_total_in_credits,start_total_in_courses,32.0,815
raw,start_total_in_credits,start_total_in_courses,33.0,778
raw,start_total_in_credits,start_total_in_courses,34.0,783
raw,start_total_in_credits,start_total_in_courses,35.0,703
raw,start_total_in_credits,start_total_in_courses,36.0,750
raw,start_total_in_credits,start_total_in_courses,37.0,756
raw,start_total_in_credits,start_total_in_courses,38.0,778
raw,start_total_in_credits,start_total_in_courses,39.0,749
raw,start_total_in_credits,start_total_in_courses,40.0,802
raw,start_total_in_credits,start_total_in_courses,41.0,790
raw,start_total_in_credits,start_total_in_courses,42.0,761
raw,start_total_in_credits,start_total_in_courses,43.0,826
raw,start_total_in_credits,start_total_in_courses,44.0,724
raw,start_total_in_credits,start_total_in_courses,45.0,728
raw,start_total_in_credits,start_total_in_courses,46.0,745
raw,start_total_in_credits,start_total_in_courses,47.0,678
raw,start_total_in_credits,start_total_in_courses,48.0,665
raw,start_total_in_credits,start_total_in_courses,49.0,663
raw,start_total_in_credits,start_total_in_courses,49.5,3
raw,start_total_in_credits,start_total_in_courses,50.0,696
raw,start_total_in_credits,start_total_in_courses,51.0,745
raw,start_total_in_credits,start_total_in_courses,52.0,692
raw,start_total_in_credits,start_total_in_courses,53.0,673
raw,start_total_in_credits,start_total_in_courses,53.5,1
raw,start_total_in_credits,start_total_in_courses,54.0,683
raw,start_total_in_credits,start_total_in_courses,55.0,676
raw,start_total_in_credits,start_total_in_courses,56.0,727
raw,start_total_in_credits,start_total_in_courses,56.5,1
raw,start_total_in_credits,start_total_in_courses,57.0,685
raw,start_total_in_credits,start_total_in_courses,58.0,702
raw,start_total_in_credits,start_total_in_courses,58.5,6
raw,start_total_in_credits,start_total_in_courses,59.0,669
raw,start_total_in_credits,start_total_in_courses,59.5,2
raw,start_total_in_credits,start_total_in_courses,60.0,731
raw,start_total_in_credits,start_total_in_courses,60.5,3
raw,start_total_in_credits,start_total_in_courses,61.0,684
raw,start_total_in_credits,start_total_in_courses,61.5,2
raw,start_total_in_credits,start_total_in_courses,62.0,715
raw,start_total_in_credits,start_total_in_courses,62.5,2
raw,start_total_in_credits,start_total_in_courses,63.0,636
raw,start_total_in_credits,start_total_in_courses,63.5,6
raw,start_total_in_credits,start_total_in_courses,64.0,662
raw,start_total_in_credits,start_total_in_courses,64.5,4
raw,start_total_in_credits,start_total_in_courses,65.0,680
raw,start_total_in_credits,start_total_in_courses,65.5,7
raw,start_total_in_credits,start_total_in_courses,66.0,585
raw,start_total_in_credits,start_total_in_courses,66.5,6
raw,start_total_in_credits,start_total_in_courses,67.0,677
raw,start_total_in_credits,start_total_in_courses,67.5,6
raw,start_total_in_credits,start_total_in_courses,68.0,607
raw,start_total_in_credits,start_total_in_courses,68.5,7
raw,start_total_in_credits,start_total_in_courses,69.0,674
raw,start_total_in_credits,start_total_in_courses,69.5,10
raw,start_total_in_credits,start_total_in_courses,70.0,614
raw,start_total_in_credits,start_total_in_courses,70.5,11
raw,start_total_in_credits,start_total_in_courses,71.0,635
raw,start_total_in_credits,start_total_in_courses,71.5,7
raw,start_total_in_credits,start_total_in_courses,72.0,618
raw,start_total_in_credits,start_total_in_courses,72.5,12
raw,start_total_in_credits,start_total_in_courses,73.0,572
raw,start_total_in_credits,start_total_in_courses,73.5,7
raw,start_total_in_credits,start_total_in_courses,74.0,635
raw,start_total_in_credits,start_total_in_courses,74.5,6
raw,start_total_in_credits,start_total_in_courses,75.0,634
raw,start_total_in_credits,start_total_in_courses,75.5,10
raw,start_total_in_credits,start_total_in_courses,76.0,571
raw,start_total_in_credits,start_total_in_courses,76.5,13
raw,start_total_in_credits,start_total_in_courses,77.0,598
raw,start_total_in_credits,start_total_in_courses,77.5,17
raw,start_total_in_credits,start_total_in_courses,78.0,627
raw,start_total_in_credits,start_total_in_courses,78.5,29
raw,start_total_in_credits,start_total_in_courses,79.0,588
raw,start_total_in_credits,start_total_in_courses,79.5,10
raw,start_total_in_credits,start_total_in_courses,80.0,595
raw,start_total_in_credits,start_total_in_courses,80.5,16
raw,start_total_in_credits,start_total_in_courses,81.0,591
raw,start_total_in_credits,start_total_in_courses,81.5,19
raw,start_total_in_credits,start_total_in_courses,82.0,615
raw,start_total_in_credits,start_total_in_courses,82.5,23
raw,start_total_in_credits,start_total_in_courses,83.0,594
raw,start_total_in_credits,start_total_in_courses,83.5,24
raw,start_total_in_credits,start_total_in_courses,84.0,554
raw,start_total_in_credits,start_total_in_courses,84.5,30
raw,start_total_in_credits,start_total_in_courses,85.0,532
raw,start_total_in_credits,start_total_in_courses,85.5,22
raw,start_total_in_credits,start_total_in_courses,86.0,574
raw,start_total_in_credits,start_total_in_courses,86.5,30
raw,start_total_in_credits,start_total_in_courses,87.0,443
raw,start_total_in_credits,start_total_in_courses,87.5,26
raw,start_total_in_credits,start_total_in_courses,88.0,503
raw,start_total_in_credits,start_total_in_courses,88.5,34
raw,start_total_in_credits,start_total_in_courses,89.0,503
raw,start_total_in_credits,start_total_in_courses,89.5,22
raw,start_total_in_credits,start_total_in_courses,90.0,474
raw,start_total_in_credits,start_total_in_courses,90.5,48
raw,start_total_in_credits,start_total_in_courses,91.0,448
raw,start_total_in_credits,start_total_in_courses,91.5,32
raw,start_total_in_credits,start_total_in_courses,92.0,504
raw,start_total_in_credits,start_total_in_courses,92.5,33
raw,start_total_in_credits,start_total_in_courses,93.0,494
raw,start_total_in_credits,start_total_in_courses,93.5,36
raw,start_total_in_credits,start_total_in_courses,94.0,509
raw,start_total_in_credits,start_total_in_courses,94.5,24
raw,start_total_in_credits,start_total_in_courses,95.0,489
raw,start_total_in_credits,start_total_in_courses,95.5,24
raw,start_total_in_credits,start_total_in_courses,96.0,494
raw,start_total_in_credits,start_total_in_courses,96.5,18
raw,start_total_in_credits,start_total_in_courses,97.0,471
raw,start_total_in_credits,start_total_in_courses,97.5,28
raw,start_total_in_credits,start_total_in_courses,98.0,525
raw,start_total_in_credits,start_total_in_courses,98.5,37
raw,start_total_in_credits,start_total_in_courses,99.0,434
raw,start_total_in_credits,start_total_in_courses,99.5,26
raw,start_total_in_credits,start_total_in_courses,100.0,453
raw,start_total_in_credits,start_total_in_courses,100.5,40
raw,start_total_in_credits,start_total_in_courses,101.0,405
raw,start_total_in_credits,start_total_in_courses,101.5,32
raw,start_total_in_credits,start_total_in_courses,102.0,398
raw,start_total_in_credits,start_total_in_courses,102.5,35
raw,start_total_in_credits,start_total_in_courses,103.0,448
raw,start_total_in_credits,start_total_in_courses,103.5,32
raw,start_total_in_credits,start_total_in_courses,104.0,389
raw,start_total_in_credits,start_total_in_courses,104.5,40
raw,start_total_in_credits,start_total_in_courses,105.0,280
raw,start_total_in_credits,start_total_in_courses,105.5,35
raw,start_total_in_credits,start_total_in_courses,106.0,281
raw,start_total_in_credits,start_total_in_courses,106.5,38
raw,start_total_in_credits,start_total_in_courses,107.0,244
raw,start_total_in_credits,start_total_in_courses,107.5,39
raw,start_total_in_credits,start_total_in_courses,108.0,304
raw,start_total_in_credits,start_total_in_courses,108.5,33
raw,start_total_in_credits,start_total_in_courses,109.0,432
raw,start_total_in_credits,start_total_in_courses,109.5,27
raw,start_total_in_credits,start_total_in_courses,110.0,251
raw,start_total_in_credits,start_total_in_courses,110.5,41
raw,start_total_in_credits,start_total_in_courses,111.0,98
raw,start_total_in_credits,start_total_in_courses,111.5,42
raw,start_total_in_credits,start_total_in_courses,112.0,93
raw,start_total_in_credits,start_total_in_courses,112.5,39
raw,start_total_in_credits,start_total_in_courses,113.0,88
raw,start_total_in_credits,start_total_in_courses,113.5,30
raw,start_total_in_credits,start_total_in_courses,114.0,93
raw,start_total_in_credits,start_total_in_courses,114.5,33
raw,start_total_in_credits,start_total_in_courses,115.0,64
raw,start_total_in_credits,start_total_in_courses,115.5,16
raw,start_total_in_credits,start_total_in_courses,116.0,84
raw,start_total_in_credits,start_total_in_courses,116.5,42
raw,start_total_in_credits,start_total_in_courses,117.0,61
raw,start_total_in_credits,start_total_in_courses,117.5,30
raw,start_total_in_credits,start_total_in_courses,118.0,78
raw,start_total_in_credits,start_total_in_courses,118.5,33
raw,start_total_in_credits,start_total_in_courses,119.0,82
raw,start_total_in_credits,start_total_in_courses,119.5,42
raw,start_total_in_credits,start_total_in_courses,120.0,82
raw,start_total_in_credits,start_total_in_courses,120.5,21
raw,start_total_in_credits,start_total_in_courses,121.0,75
raw,start_total_in_credits,start_total_in_courses,121.5,33
raw,start_total_in_credits,start_total_in_courses,122.0,68
raw,start_total_in_credits,start_total_in_courses,122.5,33
raw,start_total_in_credits,start_total_in_courses,123.0,90
raw,start_total_in_credits,start_total_in_courses,123.5,34
raw,start_total_in_credits,start_total_in_courses,124.0,63
raw,start_total_in_credits,start_total_in_courses,124.5,43
raw,start_total_in_credits,start_total_in_courses,125.0,57
raw,start_total_in_credits,start_total_in_courses,125.5,39
raw,start_total_in_credits,start_total_in_courses,126.0,59
raw,start_total_in_credits,start_total_in_courses,126.5,34
raw,start_total_in_credits,start_total_in_courses,127.0,70
raw,start_total_in_credits,start_total_in_courses,127.5,41
raw,start_total_in_credits,start_total_in_courses,128.0,44
raw,start_total_in_credits,start_total_in_courses,128.5,41
raw,start_total_in_credits,start_total_in_courses,129.0,43
raw,start_total_in_credits,start_total_in_courses,129.5,45
raw,start_total_in_credits,start_total_in_courses,130.0,38
raw,start_total_in_credits,start_total_in_courses,130.5,41
raw,start_total_in_credits,start_total_in_courses,131.0,26
raw,start_total_in_credits,start_total_in_courses,131.5,28
raw,start_total_in_credits,start_total_in_courses,132.0,40
raw,start_total_in_credits,start_total_in_courses,132.5,24
raw,start_total_in_credits,start_total_in_courses,133.0,36
raw,start_total_in_credits,start_total_in_courses,133.5,38
raw,start_total_in_credits,start_total_in_courses,134.0,36
raw,start_total_in_credits,start_total_in_courses,134.5,40
raw,start_total_in_credits,start_total_in_courses,135.0,40
raw,start_total_in_credits,start_total_in_courses,135.5,31
raw,start_total_in_credits,start_total_in_courses,136.0,42
raw,start_total_in_credits,start_total_in_courses,136.5,34
raw,start_total_in_credits,start_total_in_courses,137.0,40
raw,start_total_in_credits,start_total_in_courses,137.5,43
raw,start_total_in_credits,start_total_in_courses,138.0,53
raw,start_total_in_credits,start_total_in_courses,138.5,39
raw,start_total_in_credits,start_total_in_courses,139.0,64
raw,start_total_in_credits,start_total_in_courses,139.5,43
raw,start_total_in_credits,start_total_in_courses,140.0,43
raw,start_total_in_credits,start_total_in_courses,140.5,35
raw,start_total_in_credits,start_total_in_courses,141.0,57
raw,start_total_in_credits,start_total_in_courses,141.5,43
raw,start_total_in_credits,start_total_in_courses,142.0,58
raw,start_total_in_credits,start_total_in_courses,142.5,30
raw,start_total_in_credits,start_total_in_courses,143.0,54
raw,start_total_in_credits,start_total_in_courses,143.5,38
raw,start_total_in_credits,start_total_in_courses,144.0,68
raw,start_total_in_credits,start_total_in_courses,144.5,36
raw,start_total_in_credits,start_total_in_courses,145.0,54
raw,start_total_in_credits,start_total_in_courses,145.5,40
raw,start_total_in_credits,start_total_in_courses,146.0,59
raw,start_total_in_credits,start_total_in_courses,146.5,38
raw,start_total_in_credits,start_total_in_courses,147.0,44
raw,start_total_in_credits,start_total_in_courses,147.5,33
raw,start_total_in_credits,start_total_in_courses,148.0,52
raw,start_total_in_credits,start_total_in_courses,148.5,35
raw,start_total_in_credits,start_total_in_courses,149.0,49
raw,start_total_in_credits,start_total_in_courses,149.5,26
raw,start_total_in_credits,start_total_in_courses,150.0,44
raw,start_total_in_credits,start_total_in_courses,150.5,20
raw,start_total_in_credits,start_total_in_courses,151.0,65
raw,start_total_in_credits,start_total_in_courses,151.5,20
raw,start_total_in_credits,start_total_in_courses,152.0,73
raw,start_total_in_credits,start_total_in_courses,152.5,23
raw,start_total_in_credits,start_total_in_courses,153.0,76
raw,start_total_in_credits,start_total_in_courses,153.5,35
raw,start_total_in_credits,start_total_in_courses,154.0,103
raw,start_total_in_credits,start_total_in_courses,154.5,51
raw,start_total_in_credits,start_total_in_courses,155.0,113
raw,start_total_in_credits,start_total_in_courses,155.5,30
raw,start_total_in_credits,start_total_in_courses,156.0,134
raw,start_total_in_credits,start_total_in_courses,156.5,32
raw,start_total_in_credits,start_total_in_courses,157.0,175
raw,start_total_in_credits,start_total_in_courses,157.5,31
raw,start_total_in_credits,start_total_in_courses,158.0,226
raw,start_total_in_credits,start_total_in_courses,158.5,29
raw,start_total_in_credits,start_total_in_courses,159.0,149
raw,start_total_in_credits,start_total_in_courses,159.5,36
raw,start_total_in_credits,start_total_in_courses,160.0,160
raw,start_total_in_credits,start_total_in_courses,160.5,9
raw,start_total_in_credits,start_total_in_courses,161.0,119
raw,start_total_in_credits,start_total_in_courses,161.5,11
raw,start_total_in_credits,start_total_in_courses,162.0,219
raw,start_total_in_credits,start_total_in_courses,163.0,1025
raw,start_total_in_credits,start_total_in_courses,164.0,98
raw,start_total_in_credits,start_total_in_courses,165.0,666
raw,start_total_in_credits,start_total_in_courses,166.0,14
raw,start_total_in_credits,start_total_in_courses,167.0,1
raw,start_total_in_credits,start_total_in_courses,168.5,1
raw,start_total_in_credits,start_total_in_courses,171.0,1
raw,start_total_in_credits,start_total_in_courses,174.0,1
raw,start_total_in_credits,start_total_in_courses,175.0,1
raw,start_total_in_credits,start_total_in_courses,178.5,1
raw,start_total_in_credits,start_total_in_courses,179.0,1
raw,start_total_in_credits,start_total_in_courses,180.0,2
raw,start_total_in_credits,start_total_in_courses,181.0,1
raw,start_total_in_credits,start_total_in_courses,182.0,1
raw,start_total_in_credits,start_total_in_courses,183.0,1
raw,start_total_in_credits,start_total_in_courses,183.5,1
raw,start_total_in_credits,start_total_in_courses,184.0,4
raw,start_total_in_credits,start_total_in_courses,185.0,1
raw,start_total_in_credits,start_total_in_courses,186.0,71
raw,start_total_in_credits,start_total_in_courses,187.0,10
raw,start_total_in_credits,start_total_in_courses,188.0,10
raw,start_total_in_credits,start_total_in_courses,189.0,1
raw,start_total_in_credits,total_reg_credits,-769.0,2
raw,start_total_in_credits,total_reg_credits,-757.0,2
raw,start_total_in_credits,total_reg_credits,-745.0,3
raw,start_total_in_credits,total_reg_credits,-733.0,1
raw,start_total_in_credits,total_reg_credits,-732.0,1
raw,start_total_in_credits,total_reg_credits,-727.5,1
raw,start_total_in_credits,total_reg_credits,-718.5,1
raw,start_total_in_credits,total_reg_credits,-717.0,1
raw,start_total_in_credits,total_reg_credits,-714.0,1
raw,start_total_in_credits,total_reg_credits,-689.0,1
raw,start_total_in_credits,total_reg_credits,-682.0,1
raw,start_total_in_credits,total_reg_credits,-675.5,1
raw,start_total_in_credits,total_reg_credits,-667.5,1
raw,start_total_in_credits,total_reg_credits,-664.0,1
raw,start_total_in_credits,total_reg_credits,-660.0,3
raw,start_total_in_credits,total_reg_credits,-654.0,1
raw,start_total_in_credits,total_reg_credits,-646.5,1
raw,start_total_in_credits,total_reg_credits,-640.5,2
raw,start_total_in_credits,total_reg_credits,-639.0,1
raw,start_total_in_credits,total_reg_credits,-635.0,1
raw,start_total_in_credits,total_reg_credits,-629.5,1
raw,start_total_in_credits,total_reg_credits,-627.0,1
raw,start_total_in_credits,total_reg_credits,-623.5,1
raw,start_total_in_credits,total_reg_credits,-619.0,1
raw,start_total_in_credits,total_reg_credits,-618.5,2
raw,start_total_in_credits,total_reg_credits,-611.0,1
raw,start_total_in_credits,total_reg_credits,-604.0,1
raw,start_total_in_credits,total_reg_credits,-603.5,2
raw,start_total_in_credits,total_reg_credits,-601.5,1
raw,start_total_in_credits,total_reg_credits,-600.0,1
raw,start_total_in_credits,total_reg_credits,-599.5,1
raw,start_total_in_credits,total_reg_credits,-589.5,1
raw,start_total_in_credits,total_reg_credits,-588.5,1
raw,start_total_in_credits,total_reg_credits,-587.5,1
raw,start_total_in_credits,total_reg_credits,-586.5,1
raw,start_total_in_credits,total_reg_credits,-582.0,1
raw,start_total_in_credits,total_reg_credits,-575.5,1
raw,start_total_in_credits,total_reg_credits,-574.0,1
raw,start_total_in_credits,total_reg_credits,-571.0,1
raw,start_total_in_credits,total_reg_credits,-563.5,1
raw,start_total_in_credits,total_reg_credits,-562.0,1
raw,start_total_in_credits,total_reg_credits,-560.5,1
raw,start_total_in_credits,total_reg_credits,-558.5,1
raw,start_total_in_credits,total_reg_credits,-553.0,1
raw,start_total_in_credits,total_reg_credits,-543.5,1
raw,start_total_in_credits,total_reg_credits,-540.0,1
raw,start_total_in_credits,total_reg_credits,-538.0,1
raw,start_total_in_credits,total_reg_credits,-518.0,1
raw,start_total_in_credits,total_reg_credits,-514.0,1
raw,start_total_in_credits,total_reg_credits,-505.0,1
raw,start_total_in_credits,total_reg_credits,-493.0,1
raw,start_total_in_credits,total_reg_credits,-476.0,1
raw,start_total_in_credits,total_reg_credits,-468.0,1
raw,start_total_in_credits,total_reg_credits,-454.0,8
raw,start_total_in_credits,total_reg_credits,-453.0,1
raw,start_total_in_credits,total_reg_credits,-451.0,1
raw,start_total_in_credits,total_reg_credits,-449.0,1
raw,start_total_in_credits,total_reg_credits,-448.0,1
raw,start_total_in_credits,total_reg_credits,-436.0,1
raw,start_total_in_credits,total_reg_credits,-428.5,1
raw,start_total_in_credits,total_reg_credits,-425.0,1
raw,start_total_in_credits,total_reg_credits,-419.0,2
raw,start_total_in_credits,total_reg_credits,-413.5,1
raw,start_total_in_credits,total_reg_credits,-412.0,2
raw,start_total_in_credits,total_reg_credits,-411.5,1
raw,start_total_in_credits,total_reg_credits,-409.0,2
raw,start_total_in_credits,total_reg_credits,-408.0,2
raw,start_total_in_credits,total_reg_credits,-407.0,2
raw,start_total_in_credits,total_reg_credits,-400.0,2
raw,start_total_in_credits,total_reg_credits,-399.5,2
raw,start_total_in_credits,total_reg_credits,-398.5,1
raw,start_total_in_credits,total_reg_credits,-397.0,1
raw,start_total_in_credits,total_reg_credits,-396.0,2
raw,start_total_in_credits,total_reg_credits,-395.5,1
raw,start_total_in_credits,total_reg_credits,-395.0,6
raw,start_total_in_credits,total_reg_credits,-393.0,1
raw,start_total_in_credits,total_reg_credits,-392.5,1
raw,start_total_in_credits,total_reg_credits,-392.0,1
raw,start_total_in_credits,total_reg_credits,-391.0,2
raw,start_total_in_credits,total_reg_credits,-390.0,1
raw,start_total_in_credits,total_reg_credits,-387.0,1
raw,start_total_in_credits,total_reg_credits,-385.0,1
raw,start_total_in_credits,total_reg_credits,-381.0,1
raw,start_total_in_credits,total_reg_credits,-380.5,3
raw,start_total_in_credits,total_reg_credits,-377.5,1
raw,start_total_in_credits,total_reg_credits,-377.0,1
raw,start_total_in_credits,total_reg_credits,-376.5,2
raw,start_total_in_credits,total_reg_credits,-375.0,1
raw,start_total_in_credits,total_reg_credits,-373.0,1
raw,start_total_in_credits,total_reg_credits,-372.0,1
raw,start_total_in_credits,total_reg_credits,-369.0,1
raw,start_total_in_credits,total_reg_credits,-368.5,1
raw,start_total_in_credits,total_reg_credits,-367.5,1
raw,start_total_in_credits,total_reg_credits,-367.0,1
raw,start_total_in_credits,total_reg_credits,-365.5,1
raw,start_total_in_credits,total_reg_credits,-365.0,2
raw,start_total_in_credits,total_reg_credits,-361.0,1
raw,start_total_in_credits,total_reg_credits,-360.0,1
raw,start_total_in_credits,total_reg_credits,-358.0,1
raw,start_total_in_credits,total_reg_credits,-357.5,1
raw,start_total_in_credits,total_reg_credits,-355.0,1
raw,start_total_in_credits,total_reg_credits,-352.5,1
raw,start_total_in_credits,total_reg_credits,-349.0,1
raw,start_total_in_credits,total_reg_credits,-345.0,1
raw,start_total_in_credits,total_reg_credits,-344.0,1
raw,start_total_in_credits,total_reg_credits,-343.0,1
raw,start_total_in_credits,total_reg_credits,-342.0,1
raw,start_total_in_credits,total_reg_credits,-341.0,2
raw,start_total_in_credits,total_reg_credits,-339.0,1
raw,start_total_in_credits,total_reg_credits,-337.5,5
raw,start_total_in_credits,total_reg_credits,-337.0,1
raw,start_total_in_credits,total_reg_credits,-336.0,2
raw,start_total_in_credits,total_reg_credits,-335.0,1
raw,start_total_in_credits,total_reg_credits,-334.0,3
raw,start_total_in_credits,total_reg_credits,-333.0,1
raw,start_total_in_credits,total_reg_credits,-332.0,2
raw,start_total_in_credits,total_reg_credits,-330.5,1
raw,start_total_in_credits,total_reg_credits,-329.5,2
raw,start_total_in_credits,total_reg_credits,-329.0,1
raw,start_total_in_credits,total_reg_credits,-328.0,2
raw,start_total_in_credits,total_reg_credits,-327.0,1
raw,start_total_in_credits,total_reg_credits,-326.0,1
raw,start_total_in_credits,total_reg_credits,-323.0,2
raw,start_total_in_credits,total_reg_credits,-322.5,1
raw,start_total_in_credits,total_reg_credits,-321.0,4
raw,start_total_in_credits,total_reg_credits,-320.0,4
raw,start_total_in_credits,total_reg_credits,-319.0,1
raw,start_total_in_credits,total_reg_credits,-318.0,1
raw,start_total_in_credits,total_reg_credits,-317.0,2
raw,start_total_in_credits,total_reg_credits,-315.0,3
raw,start_total_in_credits,total_reg_credits,-313.5,1
raw,start_total_in_credits,total_reg_credits,-313.0,1
raw,start_total_in_credits,total_reg_credits,-312.0,1
raw,start_total_in_credits,total_reg_credits,-309.5,1
raw,start_total_in_credits,total_reg_credits,-309.0,1
raw,start_total_in_credits,total_reg_credits,-308.0,3
raw,start_total_in_credits,total_reg_credits,-305.0,1
raw,start_total_in_credits,total_reg_credits,-303.0,4
raw,start_total_in_credits,total_reg_credits,-302.5,1
raw,start_total_in_credits,total_reg_credits,-302.0,3
raw,start_total_in_credits,total_reg_credits,-301.0,1
raw,start_total_in_credits,total_reg_credits,-298.5,1
raw,start_total_in_credits,total_reg_credits,-298.0,2
raw,start_total_in_credits,total_reg_credits,-296.5,1
raw,start_total_in_credits,total_reg_credits,-296.0,1
raw,start_total_in_credits,total_reg_credits,-295.5,2
raw,start_total_in_credits,total_reg_credits,-295.0,2
raw,start_total_in_credits,total_reg_credits,-294.0,1
raw,start_total_in_credits,total_reg_credits,-293.0,2
raw,start_total_in_credits,total_reg_credits,-291.0,4
raw,start_total_in_credits,total_reg_credits,-290.5,2
raw,start_total_in_credits,total_reg_credits,-289.5,2
raw,start_total_in_credits,total_reg_credits,-289.0,2
raw,start_total_in_credits,total_reg_credits,-288.5,1
raw,start_total_in_credits,total_reg_credits,-287.0,2
raw,start_total_in_credits,total_reg_credits,-286.0,4
raw,start_total_in_credits,total_reg_credits,-285.5,1
raw,start_total_in_credits,total_reg_credits,-285.0,1
raw,start_total_in_credits,total_reg_credits,-284.5,2
raw,start_total_in_credits,total_reg_credits,-284.0,4
raw,start_total_in_credits,total_reg_credits,-283.5,2
raw,start_total_in_credits,total_reg_credits,-282.0,1
raw,start_total_in_credits,total_reg_credits,-281.0,1
raw,start_total_in_credits,total_reg_credits,-279.5,3
raw,start_total_in_credits,total_reg_credits,-279.0,3
raw,start_total_in_credits,total_reg_credits,-278.5,1
raw,start_total_in_credits,total_reg_credits,-277.0,1
raw,start_total_in_credits,total_reg_credits,-276.0,2
raw,start_total_in_credits,total_reg_credits,-275.5,2
raw,start_total_in_credits,total_reg_credits,-275.0,4
raw,start_total_in_credits,total_reg_credits,-274.5,4
raw,start_total_in_credits,total_reg_credits,-273.5,1
raw,start_total_in_credits,total_reg_credits,-273.0,5
raw,start_total_in_credits,total_reg_credits,-272.5,2
raw,start_total_in_credits,total_reg_credits,-272.0,3
raw,start_total_in_credits,total_reg_credits,-271.0,2
raw,start_total_in_credits,total_reg_credits,-270.0,1
raw,start_total_in_credits,total_reg_credits,-269.5,1
raw,start_total_in_credits,total_reg_credits,-269.0,1
raw,start_total_in_credits,total_reg_credits,-268.5,3
raw,start_total_in_credits,total_reg_credits,-268.0,3
raw,start_total_in_credits,total_reg_credits,-267.0,4
raw,start_total_in_credits,total_reg_credits,-266.0,2
raw,start_total_in_credits,total_reg_credits,-265.5,1
raw,start_total_in_credits,total_reg_credits,-265.0,5
raw,start_total_in_credits,total_reg_credits,-264.0,5
raw,start_total_in_credits,total_reg_credits,-263.5,1
raw,start_total_in_credits,total_reg_credits,-263.0,3
raw,start_total_in_credits,total_reg_credits,-262.5,2
raw,start_total_in_credits,total_reg_credits,-262.0,5
raw,start_total_in_credits,total_reg_credits,-261.0,3
raw,start_total_in_credits,total_reg_credits,-260.0,3
raw,start_total_in_credits,total_reg_credits,-259.5,2
raw,start_total_in_credits,total_reg_credits,-259.0,5
raw,start_total_in_credits,total_reg_credits,-258.0,5
raw,start_total_in_credits,total_reg_credits,-257.5,5
raw,start_total_in_credits,total_reg_credits,-257.0,3
raw,start_total_in_credits,total_reg_credits,-256.5,6
raw,start_total_in_credits,total_reg_credits,-256.0,4
raw,start_total_in_credits,total_reg_credits,-255.0,6
raw,start_total_in_credits,total_reg_credits,-254.0,2
raw,start_total_in_credits,total_reg_credits,-253.5,2
raw,start_total_in_credits,total_reg_credits,-253.0,7
raw,start_total_in_credits,total_reg_credits,-252.0,4
raw,start_total_in_credits,total_reg_credits,-251.5,4
raw,start_total_in_credits,total_reg_credits,-251.0,6
raw,start_total_in_credits,total_reg_credits,-250.5,1
raw,start_total_in_credits,total_reg_credits,-250.0,6
raw,start_total_in_credits,total_reg_credits,-249.5,1
raw,start_total_in_credits,total_reg_credits,-249.0,2
raw,start_total_in_credits,total_reg_credits,-248.0,4
raw,start_total_in_credits,total_reg_credits,-247.5,3
raw,start_total_in_credits,total_reg_credits,-247.0,8
raw,start_total_in_credits,total_reg_credits,-246.0,9
raw,start_total_in_credits,total_reg_credits,-245.0,8
raw,start_total_in_credits,total_reg_credits,-244.0,8
raw,start_total_in_credits,total_reg_credits,-243.5,1
raw,start_total_in_credits,total_reg_credits,-243.0,6
raw,start_total_in_credits,total_reg_credits,-242.5,3
raw,start_total_in_credits,total_reg_credits,-242.0,4
raw,start_total_in_credits,total_reg_credits,-241.5,5
raw,start_total_in_credits,total_reg_credits,-241.0,5
raw,start_total_in_credits,total_reg_credits,-240.5,1
raw,start_total_in_credits,total_reg_credits,-240.0,6
raw,start_total_in_credits,total_reg_credits,-239.5,1
raw,start_total_in_credits,total_reg_credits,-239.0,14
raw,start_total_in_credits,total_reg_credits,-238.0,2
raw,start_total_in_credits,total_reg_credits,-237.5,1
raw,start_total_in_credits,total_reg_credits,-237.0,7
raw,start_total_in_credits,total_reg_credits,-236.5,1
raw,start_total_in_credits,total_reg_credits,-236.0,6
raw,start_total_in_credits,total_reg_credits,-235.0,9
raw,start_total_in_credits,total_reg_credits,-234.0,10
raw,start_total_in_credits,total_reg_credits,-233.5,2
raw,start_total_in_credits,total_reg_credits,-233.0,10
raw,start_total_in_credits,total_reg_credits,-232.5,1
raw,start_total_in_credits,total_reg_credits,-232.0,10
raw,start_total_in_credits,total_reg_credits,-231.5,2
raw,start_total_in_credits,total_reg_credits,-231.0,14
raw,start_total_in_credits,total_reg_credits,-230.5,2
raw,start_total_in_credits,total_reg_credits,-230.0,10
raw,start_total_in_credits,total_reg_credits,-229.5,1
raw,start_total_in_credits,total_reg_credits,-229.0,4
raw,start_total_in_credits,total_reg_credits,-228.5,1
raw,start_total_in_credits,total_reg_credits,-228.0,8
raw,start_total_in_credits,total_reg_credits,-227.5,1
raw,start_total_in_credits,total_reg_credits,-227.0,6
raw,start_total_in_credits,total_reg_credits,-226.5,4
raw,start_total_in_credits,total_reg_credits,-226.0,4
raw,start_total_in_credits,total_reg_credits,-225.0,11
raw,start_total_in_credits,total_reg_credits,-224.5,3
raw,start_total_in_credits,total_reg_credits,-224.0,7
raw,start_total_in_credits,total_reg_credits,-223.5,2
raw,start_total_in_credits,total_reg_credits,-223.0,12
raw,start_total_in_credits,total_reg_credits,-222.5,2
raw,start_total_in_credits,total_reg_credits,-222.0,6
raw,start_total_in_credits,total_reg_credits,-221.5,3
raw,start_total_in_credits,total_reg_credits,-221.0,14
raw,start_total_in_credits,total_reg_credits,-220.5,2
raw,start_total_in_credits,total_reg_credits,-220.0,8
raw,start_total_in_credits,total_reg_credits,-219.5,3
raw,start_total_in_credits,total_reg_credits,-219.0,10
raw,start_total_in_credits,total_reg_credits,-218.5,4
raw,start_total_in_credits,total_reg_credits,-218.0,8
raw,start_total_in_credits,total_reg_credits,-217.5,5
raw,start_total_in_credits,total_reg_credits,-217.0,10
raw,start_total_in_credits,total_reg_credits,-216.5,1
raw,start_total_in_credits,total_reg_credits,-216.0,8
raw,start_total_in_credits,total_reg_credits,-215.5,1
raw,start_total_in_credits,total_reg_credits,-215.0,7
raw,start_total_in_credits,total_reg_credits,-214.0,11
raw,start_total_in_credits,total_reg_credits,-213.5,6
raw,start_total_in_credits,total_reg_credits,-213.0,11
raw,start_total_in_credits,total_reg_credits,-212.0,5
raw,start_total_in_credits,total_reg_credits,-211.5,2
raw,start_total_in_credits,total_reg_credits,-211.0,9
raw,start_total_in_credits,total_reg_credits,-210.5,2
raw,start_total_in_credits,total_reg_credits,-210.0,5
raw,start_total_in_credits,total_reg_credits,-209.5,3
raw,start_total_in_credits,total_reg_credits,-209.0,22
raw,start_total_in_credits,total_reg_credits,-208.5,1
raw,start_total_in_credits,total_reg_credits,-208.0,12
raw,start_total_in_credits,total_reg_credits,-207.5,1
raw,start_total_in_credits,total_reg_credits,-207.0,14
raw,start_total_in_credits,total_reg_credits,-206.5,1
raw,start_total_in_credits,total_reg_credits,-206.0,13
raw,start_total_in_credits,total_reg_credits,-205.0,11
raw,start_total_in_credits,total_reg_credits,-204.5,2
raw,start_total_in_credits,total_reg_credits,-204.0,13
raw,start_total_in_credits,total_reg_credits,-203.0,13
raw,start_total_in_credits,total_reg_credits,-202.5,1
raw,start_total_in_credits,total_reg_credits,-202.0,16
raw,start_total_in_credits,total_reg_credits,-201.0,8
raw,start_total_in_credits,total_reg_credits,-200.5,8
raw,start_total_in_credits,total_reg_credits,-200.0,10
raw,start_total_in_credits,total_reg_credits,-199.5,8
raw,start_total_in_credits,total_reg_credits,-199.0,18
raw,start_total_in_credits,total_reg_credits,-198.5,1
raw,start_total_in_credits,total_reg_credits,-198.0,20
raw,start_total_in_credits,total_reg_credits,-197.5,3
raw,start_total_in_credits,total_reg_credits,-197.0,18
raw,start_total_in_credits,total_reg_credits,-196.5,2
raw,start_total_in_credits,total_reg_credits,-196.0,11
raw,start_total_in_credits,total_reg_credits,-195.5,1
raw,start_total_in_credits,total_reg_credits,-195.0,19
raw,start_total_in_credits,total_reg_credits,-194.5,6
raw,start_total_in_credits,total_reg_credits,-194.0,18
raw,start_total_in_credits,total_reg_credits,-193.5,1
raw,start_total_in_credits,total_reg_credits,-193.0,13
raw,start_total_in_credits,total_reg_credits,-192.5,6
raw,start_total_in_credits,total_reg_credits,-192.0,25
raw,start_total_in_credits,total_reg_credits,-191.5,7
raw,start_total_in_credits,total_reg_credits,-191.0,24
raw,start_total_in_credits,total_reg_credits,-190.0,12
raw,start_total_in_credits,total_reg_credits,-189.5,1
raw,start_total_in_credits,total_reg_credits,-189.0,20
raw,start_total_in_credits,total_reg_credits,-188.5,3
raw,start_total_in_credits,total_reg_credits,-188.0,26
raw,start_total_in_credits,total_reg_credits,-187.0,20
raw,start_total_in_credits,total_reg_credits,-186.5,4
raw,start_total_in_credits,total_reg_credits,-186.0,15
raw,start_total_in_credits,total_reg_credits,-185.5,4
raw,start_total_in_credits,total_reg_credits,-185.0,31
raw,start_total_in_credits,total_reg_credits,-184.0,32
raw,start_total_in_credits,total_reg_credits,-183.0,22
raw,start_total_in_credits,total_reg_credits,-182.5,5
raw,start_total_in_credits,total_reg_credits,-182.0,23
raw,start_total_in_credits,total_reg_credits,-181.5,2
raw,start_total_in_credits,total_reg_credits,-181.0,20
raw,start_total_in_credits,total_reg_credits,-180.5,6
raw,start_total_in_credits,total_reg_credits,-180.0,23
raw,start_total_in_credits,total_reg_credits,-179.5,7
raw,start_total_in_credits,total_reg_credits,-179.0,25
raw,start_total_in_credits,total_reg_credits,-178.5,5
raw,start_total_in_credits,total_reg_credits,-178.0,21
raw,start_total_in_credits,total_reg_credits,-177.5,3
raw,start_total_in_credits,total_reg_credits,-177.0,29
raw,start_total_in_credits,total_reg_credits,-176.5,2
raw,start_total_in_credits,total_reg_credits,-176.0,30
raw,start_total_in_credits,total_reg_credits,-175.5,3
raw,start_total_in_credits,total_reg_credits,-175.0,35
raw,start_total_in_credits,total_reg_credits,-174.5,12
raw,start_total_in_credits,total_reg_credits,-174.0,25
raw,start_total_in_credits,total_reg_credits,-173.5,9
raw,start_total_in_credits,total_reg_credits,-173.0,37
raw,start_total_in_credits,total_reg_credits,-172.5,1
raw,start_total_in_credits,total_reg_credits,-172.0,36
raw,start_total_in_credits,total_reg_credits,-171.5,4
raw,start_total_in_credits,total_reg_credits,-171.0,31
raw,start_total_in_credits,total_reg_credits,-170.5,1
raw,start_total_in_credits,total_reg_credits,-170.0,31
raw,start_total_in_credits,total_reg_credits,-169.5,8
raw,start_total_in_credits,total_reg_credits,-169.0,20
raw,start_total_in_credits,total_reg_credits,-168.5,9
raw,start_total_in_credits,total_reg_credits,-168.0,32
raw,start_total_in_credits,total_reg_credits,-167.5,3
raw,start_total_in_credits,total_reg_credits,-167.0,39
raw,start_total_in_credits,total_reg_credits,-166.5,1
raw,start_total_in_credits,total_reg_credits,-166.0,34
raw,start_total_in_credits,total_reg_credits,-165.5,1
raw,start_total_in_credits,total_reg_credits,-165.0,36
raw,start_total_in_credits,total_reg_credits,-164.5,4
raw,start_total_in_credits,total_reg_credits,-164.0,35
raw,start_total_in_credits,total_reg_credits,-163.5,7
raw,start_total_in_credits,total_reg_credits,-163.0,38
raw,start_total_in_credits,total_reg_credits,-162.5,2
raw,start_total_in_credits,total_reg_credits,-162.0,41
raw,start_total_in_credits,total_reg_credits,-161.5,2
raw,start_total_in_credits,total_reg_credits,-161.0,38
raw,start_total_in_credits,total_reg_credits,-160.5,6
raw,start_total_in_credits,total_reg_credits,-160.0,48
raw,start_total_in_credits,total_reg_credits,-159.5,5
raw,start_total_in_credits,total_reg_credits,-159.0,37
raw,start_total_in_credits,total_reg_credits,-158.5,4
raw,start_total_in_credits,total_reg_credits,-158.0,36
raw,start_total_in_credits,total_reg_credits,-157.5,6
raw,start_total_in_credits,total_reg_credits,-157.0,38
raw,start_total_in_credits,total_reg_credits,-156.5,4
raw,start_total_in_credits,total_reg_credits,-156.0,43
raw,start_total_in_credits,total_reg_credits,-155.5,2
raw,start_total_in_credits,total_reg_credits,-155.0,46
raw,start_total_in_credits,total_reg_credits,-154.5,2
raw,start_total_in_credits,total_reg_credits,-154.0,44
raw,start_total_in_credits,total_reg_credits,-153.5,2
raw,start_total_in_credits,total_reg_credits,-153.0,45
raw,start_total_in_credits,total_reg_credits,-152.5,5
raw,start_total_in_credits,total_reg_credits,-152.0,47
raw,start_total_in_credits,total_reg_credits,-151.5,7
raw,start_total_in_credits,total_reg_credits,-151.0,40
raw,start_total_in_credits,total_reg_credits,-150.5,7
raw,start_total_in_credits,total_reg_credits,-150.0,45
raw,start_total_in_credits,total_reg_credits,-149.5,6
raw,start_total_in_credits,total_reg_credits,-149.0,47
raw,start_total_in_credits,total_reg_credits,-148.5,3
raw,start_total_in_credits,total_reg_credits,-148.0,56
raw,start_total_in_credits,total_reg_credits,-147.5,3
raw,start_total_in_credits,total_reg_credits,-147.0,55
raw,start_total_in_credits,total_reg_credits,-146.5,3
raw,start_total_in_credits,total_reg_credits,-146.0,48
raw,start_total_in_credits,total_reg_credits,-145.5,4
raw,start_total_in_credits,total_reg_credits,-145.0,56
raw,start_total_in_credits,total_reg_credits,-144.5,4
raw,start_total_in_credits,total_reg_credits,-144.0,36
raw,start_total_in_credits,total_reg_credits,-143.5,6
raw,start_total_in_credits,total_reg_credits,-143.0,52
raw,start_total_in_credits,total_reg_credits,-142.5,4
raw,start_total_in_credits,total_reg_credits,-142.0,58
raw,start_total_in_credits,total_reg_credits,-141.5,8
raw,start_total_in_credits,total_reg_credits,-141.0,41
raw,start_total_in_credits,total_reg_credits,-140.5,9
raw,start_total_in_credits,total_reg_credits,-140.0,50
raw,start_total_in_credits,total_reg_credits,-139.5,6
raw,start_total_in_credits,total_reg_credits,-139.0,49
raw,start_total_in_credits,total_reg_credits,-138.5,2
raw,start_total_in_credits,total_reg_credits,-138.0,58
raw,start_total_in_credits,total_reg_credits,-137.5,6
raw,start_total_in_credits,total_reg_credits,-137.0,42
raw,start_total_in_credits,total_reg_credits,-136.5,3
raw,start_total_in_credits,total_reg_credits,-136.0,62
raw,start_total_in_credits,total_reg_credits,-135.5,5
raw,start_total_in_credits,total_reg_credits,-135.0,67
raw,start_total_in_credits,total_reg_credits,-134.5,3
raw,start_total_in_credits,total_reg_credits,-134.0,53
raw,start_total_in_credits,total_reg_credits,-133.5,13
raw,start_total_in_credits,total_reg_credits,-133.0,64
raw,start_total_in_credits,total_reg_credits,-132.5,3
raw,start_total_in_credits,total_reg_credits,-132.0,65
raw,start_total_in_credits,total_reg_credits,-131.5,7
raw,start_total_in_credits,total_reg_credits,-131.0,66
raw,start_total_in_credits,total_reg_credits,-130.5,2
raw,start_total_in_credits,total_reg_credits,-130.0,55
raw,start_total_in_credits,total_reg_credits,-129.5,4
raw,start_total_in_credits,total_reg_credits,-129.0,73
raw,start_total_in_credits,total_reg_credits,-128.5,11
raw,start_total_in_credits,total_reg_credits,-128.0,54
raw,start_total_in_credits,total_reg_credits,-127.5,6
raw,start_total_in_credits,total_reg_credits,-127.0,69
raw,start_total_in_credits,total_reg_credits,-126.5,2
raw,start_total_in_credits,total_reg_credits,-126.0,93
raw,start_total_in_credits,total_reg_credits,-125.5,11
raw,start_total_in_credits,total_reg_credits,-125.0,50
raw,start_total_in_credits,total_reg_credits,-124.5,6
raw,start_total_in_credits,total_reg_credits,-124.0,68
raw,start_total_in_credits,total_reg_credits,-123.5,7
raw,start_total_in_credits,total_reg_credits,-123.0,83
raw,start_total_in_credits,total_reg_credits,-122.5,5
raw,start_total_in_credits,total_reg_credits,-122.0,75
raw,start_total_in_credits,total_reg_credits,-121.5,3
raw,start_total_in_credits,total_reg_credits,-121.0,69
raw,start_total_in_credits,total_reg_credits,-120.5,8
raw,start_total_in_credits,total_reg_credits,-120.0,75
raw,start_total_in_credits,total_reg_credits,-119.5,10
raw,start_total_in_credits,total_reg_credits,-119.0,84
raw,start_total_in_credits,total_reg_credits,-118.5,6
raw,start_total_in_credits,total_reg_credits,-118.0,82
raw,start_total_in_credits,total_reg_credits,-117.5,8
raw,start_total_in_credits,total_reg_credits,-117.0,78
raw,start_total_in_credits,total_reg_credits,-116.5,3
raw,start_total_in_credits,total_reg_credits,-116.0,63
raw,start_total_in_credits,total_reg_credits,-115.5,7
raw,start_total_in_credits,total_reg_credits,-115.0,100
raw,start_total_in_credits,total_reg_credits,-114.5,5
raw,start_total_in_credits,total_reg_credits,-114.0,70
raw,start_total_in_credits,total_reg_credits,-113.5,6
raw,start_total_in_credits,total_reg_credits,-113.0,87
raw,start_total_in_credits,total_reg_credits,-112.5,10
raw,start_total_in_credits,total_reg_credits,-112.0,65
raw,start_total_in_credits,total_reg_credits,-111.5,12
raw,start_total_in_credits,total_reg_credits,-111.0,92
raw,start_total_in_credits,total_reg_credits,-110.5,6
raw,start_total_in_credits,total_reg_credits,-110.0,85
raw,start_total_in_credits,total_reg_credits,-109.5,7
raw,start_total_in_credits,total_reg_credits,-109.0,90
raw,start_total_in_credits,total_reg_credits,-108.5,14
raw,start_total_in_credits,total_reg_credits,-108.0,76
raw,start_total_in_credits,total_reg_credits,-107.5,5
raw,start_total_in_credits,total_reg_credits,-107.0,89
raw,start_total_in_credits,total_reg_credits,-106.5,8
raw,start_total_in_credits,total_reg_credits,-106.0,81
raw,start_total_in_credits,total_reg_credits,-105.5,4
raw,start_total_in_credits,total_reg_credits,-105.0,121
raw,start_total_in_credits,total_reg_credits,-104.5,6
raw,start_total_in_credits,total_reg_credits,-104.0,87
raw,start_total_in_credits,total_reg_credits,-103.5,5
raw,start_total_in_credits,total_reg_credits,-103.0,103
raw,start_total_in_credits,total_reg_credits,-102.5,6
raw,start_total_in_credits,total_reg_credits,-102.0,107
raw,start_total_in_credits,total_reg_credits,-101.5,5
raw,start_total_in_credits,total_reg_credits,-101.0,116
raw,start_total_in_credits,total_reg_credits,-100.5,13
raw,start_total_in_credits,total_reg_credits,-100.0,107
raw,start_total_in_credits,total_reg_credits,-99.5,5
raw,start_total_in_credits,total_reg_credits,-99.0,112
raw,start_total_in_credits,total_reg_credits,-98.5,12
raw,start_total_in_credits,total_reg_credits,-98.0,112
raw,start_total_in_credits,total_reg_credits,-97.5,8
raw,start_total_in_credits,total_reg_credits,-97.0,120
raw,start_total_in_credits,total_reg_credits,-96.5,11
raw,start_total_in_credits,total_reg_credits,-96.0,108
raw,start_total_in_credits,total_reg_credits,-95.5,10
raw,start_total_in_credits,total_reg_credits,-95.0,134
raw,start_total_in_credits,total_reg_credits,-94.5,14
raw,start_total_in_credits,total_reg_credits,-94.0,94
raw,start_total_in_credits,total_reg_credits,-93.5,6
raw,start_total_in_credits,total_reg_credits,-93.0,112
raw,start_total_in_credits,total_reg_credits,-92.5,11
raw,start_total_in_credits,total_reg_credits,-92.0,117
raw,start_total_in_credits,total_reg_credits,-91.5,18
raw,start_total_in_credits,total_reg_credits,-91.0,114
raw,start_total_in_credits,total_reg_credits,-90.5,13
raw,start_total_in_credits,total_reg_credits,-90.0,120
raw,start_total_in_credits,total_reg_credits,-89.5,14
raw,start_total_in_credits,total_reg_credits,-89.0,139
raw,start_total_in_credits,total_reg_credits,-88.5,6
raw,start_total_in_credits,total_reg_credits,-88.0,108
raw,start_total_in_credits,total_reg_credits,-87.5,10
raw,start_total_in_credits,total_reg_credits,-87.0,138
raw,start_total_in_credits,total_reg_credits,-86.5,5
raw,start_total_in_credits,total_reg_credits,-86.0,148
raw,start_total_in_credits,total_reg_credits,-85.5,14
raw,start_total_in_credits,total_reg_credits,-85.0,126
raw,start_total_in_credits,total_reg_credits,-84.5,17
raw,start_total_in_credits,total_reg_credits,-84.0,129
raw,start_total_in_credits,total_reg_credits,-83.5,11
raw,start_total_in_credits,total_reg_credits,-83.0,153
raw,start_total_in_credits,total_reg_credits,-82.5,14
raw,start_total_in_credits,total_reg_credits,-82.0,157
raw,start_total_in_credits,total_reg_credits,-81.5,14
raw,start_total_in_credits,total_reg_credits,-81.0,158
raw,start_total_in_credits,total_reg_credits,-80.5,13
raw,start_total_in_credits,total_reg_credits,-80.0,150
raw,start_total_in_credits,total_reg_credits,-79.5,12
raw,start_total_in_credits,total_reg_credits,-79.0,159
raw,start_total_in_credits,total_reg_credits,-78.5,12
raw,start_total_in_credits,total_reg_credits,-78.0,148
raw,start_total_in_credits,total_reg_credits,-77.5,9
raw,start_total_in_credits,total_reg_credits,-77.0,141
raw,start_total_in_credits,total_reg_credits,-76.5,15
raw,start_total_in_credits,total_reg_credits,-76.0,160
raw,start_total_in_credits,total_reg_credits,-75.5,11
raw,start_total_in_credits,total_reg_credits,-75.0,174
raw,start_total_in_credits,total_reg_credits,-74.5,20
raw,start_total_in_credits,total_reg_credits,-74.0,179
raw,start_total_in_credits,total_reg_credits,-73.5,13
raw,start_total_in_credits,total_reg_credits,-73.0,186
raw,start_total_in_credits,total_reg_credits,-72.5,7
raw,start_total_in_credits,total_reg_credits,-72.0,212
raw,start_total_in_credits,total_reg_credits,-71.5,14
raw,start_total_in_credits,total_reg_credits,-71.0,205
raw,start_total_in_credits,total_reg_credits,-70.5,22
raw,start_total_in_credits,total_reg_credits,-70.0,174
raw,start_total_in_credits,total_reg_credits,-69.5,12
raw,start_total_in_credits,total_reg_credits,-69.0,222
raw,start_total_in_credits,total_reg_credits,-68.5,17
raw,start_total_in_credits,total_reg_credits,-68.0,244
raw,start_total_in_credits,total_reg_credits,-67.5,13
raw,start_total_in_credits,total_reg_credits,-67.0,209
raw,start_total_in_credits,total_reg_credits,-66.5,5
raw,start_total_in_credits,total_reg_credits,-66.0,217
raw,start_total_in_credits,total_reg_credits,-65.5,15
raw,start_total_in_credits,total_reg_credits,-65.0,219
raw,start_total_in_credits,total_reg_credits,-64.5,31
raw,start_total_in_credits,total_reg_credits,-64.0,237
raw,start_total_in_credits,total_reg_credits,-63.5,20
raw,start_total_in_credits,total_reg_credits,-63.0,272
raw,start_total_in_credits,total_reg_credits,-62.5,18
raw,start_total_in_credits,total_reg_credits,-62.0,221
raw,start_total_in_credits,total_reg_credits,-61.5,14
raw,start_total_in_credits,total_reg_credits,-61.0,260
raw,start_total_in_credits,total_reg_credits,-60.5,9
raw,start_total_in_credits,total_reg_credits,-60.0,276
raw,start_total_in_credits,total_reg_credits,-59.5,22
raw,start_total_in_credits,total_reg_credits,-59.0,268
raw,start_total_in_credits,total_reg_credits,-58.5,18
raw,start_total_in_credits,total_reg_credits,-58.0,297
raw,start_total_in_credits,total_reg_credits,-57.5,19
raw,start_total_in_credits,total_reg_credits,-57.0,282
raw,start_total_in_credits,total_reg_credits,-56.5,6
raw,start_total_in_credits,total_reg_credits,-56.0,270
raw,start_total_in_credits,total_reg_credits,-55.5,27
raw,start_total_in_credits,total_reg_credits,-55.0,285
raw,start_total_in_credits,total_reg_credits,-54.5,10
raw,start_total_in_credits,total_reg_credits,-54.0,320
raw,start_total_in_credits,total_reg_credits,-53.5,27
raw,start_total_in_credits,total_reg_credits,-53.0,292
raw,start_total_in_credits,total_reg_credits,-52.5,15
raw,start_total_in_credits,total_reg_credits,-52.0,360
raw,start_total_in_credits,total_reg_credits,-51.5,29
raw,start_total_in_credits,total_reg_credits,-51.0,324
raw,start_total_in_credits,total_reg_credits,-50.5,14
raw,start_total_in_credits,total_reg_credits,-50.0,304
raw,start_total_in_credits,total_reg_credits,-49.5,15
raw,start_total_in_credits,total_reg_credits,-49.0,353
raw,start_total_in_credits,total_reg_credits,-48.5,16
raw,start_total_in_credits,total_reg_credits,-48.0,363
raw,start_total_in_credits,total_reg_credits,-47.5,22
raw,start_total_in_credits,total_reg_credits,-47.0,357
raw,start_total_in_credits,total_reg_credits,-46.5,17
raw,start_total_in_credits,total_reg_credits,-46.0,343
raw,start_total_in_credits,total_reg_credits,-45.5,19
raw,start_total_in_credits,total_reg_credits,-45.0,387
raw,start_total_in_credits,total_reg_credits,-44.5,24
raw,start_total_in_credits,total_reg_credits,-44.0,365
raw,start_total_in_credits,total_reg_credits,-43.5,24
raw,start_total_in_credits,total_reg_credits,-43.0,435
raw,start_total_in_credits,total_reg_credits,-42.5,14
raw,start_total_in_credits,total_reg_credits,-42.0,412
raw,start_total_in_credits,total_reg_credits,-41.5,32
raw,start_total_in_credits,total_reg_credits,-41.0,428
raw,start_total_in_credits,total_reg_credits,-40.5,11
raw,start_total_in_credits,total_reg_credits,-40.0,463
raw,start_total_in_credits,total_reg_credits,-39.5,16
raw,start_total_in_credits,total_reg_credits,-39.0,455
raw,start_total_in_credits,total_reg_credits,-38.5,11
raw,start_total_in_credits,total_reg_credits,-38.0,490
raw,start_total_in_credits,total_reg_credits,-37.5,37
raw,start_total_in_credits,total_reg_credits,-37.0,450
raw,start_total_in_credits,total_reg_credits,-36.5,12
raw,start_total_in_credits,total_reg_credits,-36.0,533
raw,start_total_in_credits,total_reg_credits,-35.5,24
raw,start_total_in_credits,total_reg_credits,-35.0,482
raw,start_total_in_credits,total_reg_credits,-34.5,20
raw,start_total_in_credits,total_reg_credits,-34.0,569
raw,start_total_in_credits,total_reg_credits,-33.5,38
raw,start_total_in_credits,total_reg_credits,-33.0,607
raw,start_total_in_credits,total_reg_credits,-32.5,35
raw,start_total_in_credits,total_reg_credits,-32.0,600
raw,start_total_in_credits,total_reg_credits,-31.5,24
raw,start_total_in_credits,total_reg_credits,-31.0,550
raw,start_total_in_credits,total_reg_credits,-30.5,14
raw,start_total_in_credits,total_reg_credits,-30.0,716
raw,start_total_in_credits,total_reg_credits,-29.5,25
raw,start_total_in_credits,total_reg_credits,-29.0,675
raw,start_total_in_credits,total_reg_credits,-28.5,13
raw,start_total_in_credits,total_reg_credits,-28.0,644
raw,start_total_in_credits,total_reg_credits,-27.5,13
raw,start_total_in_credits,total_reg_credits,-27.0,819
raw,start_total_in_credits,total_reg_credits,-26.5,12
raw,start_total_in_credits,total_reg_credits,-26.0,750
raw,start_total_in_credits,total_reg_credits,-25.5,30
raw,start_total_in_credits,total_reg_credits,-25.0,689
raw,start_total_in_credits,total_reg_credits,-24.5,10
raw,start_total_in_credits,total_reg_credits,-24.0,884
raw,start_total_in_credits,total_reg_credits,-23.5,15
raw,start_total_in_credits,total_reg_credits,-23.0,782
raw,start_total_in_credits,total_reg_credits,-22.5,18
raw,start_total_in_credits,total_reg_credits,-22.0,804
raw,start_total_in_credits,total_reg_credits,-21.5,9
raw,start_total_in_credits,total_reg_credits,-21.0,961
raw,start_total_in_credits,total_reg_credits,-20.5,20
raw,start_total_in_credits,total_reg_credits,-20.0,879
raw,start_total_in_credits,total_reg_credits,-19.5,25
raw,start_total_in_credits,total_reg_credits,-19.0,940
raw,start_total_in_credits,total_reg_credits,-18.5,13
raw,start_total_in_credits,total_reg_credits,-18.0,1299
raw,start_total_in_credits,total_reg_credits,-17.5,31
raw,start_total_in_credits,total_reg_credits,-17.0,1167
raw,start_total_in_credits,total_reg_credits,-16.5,18
raw,start_total_in_credits,total_reg_credits,-16.0,1064
raw,start_total_in_credits,total_reg_credits,-15.5,7
raw,start_total_in_credits,total_reg_credits,-15.0,1526
raw,start_total_in_credits,total_reg_credits,-14.5,24
raw,start_total_in_credits,total_reg_credits,-14.0,1145
raw,start_total_in_credits,total_reg_credits,-13.5,9
raw,start_total_in_credits,total_reg_credits,-13.0,1172
raw,start_total_in_credits,total_reg_credits,-12.5,15
raw,start_total_in_credits,total_reg_credits,-12.0,1819
raw,start_total_in_credits,total_reg_credits,-11.5,10
raw,start_total_in_credits,total_reg_credits,-11.0,1363
raw,start_total_in_credits,total_reg_credits,-10.5,2
raw,start_total_in_credits,total_reg_credits,-10.0,1188
raw,start_total_in_credits,total_reg_credits,-9.5,8
raw,start_total_in_credits,total_reg_credits,-9.0,1646
raw,start_total_in_credits,total_reg_credits,-8.5,5
raw,start_total_in_credits,total_reg_credits,-8.0,1549
raw,start_total_in_credits,total_reg_credits,-7.5,8
raw,start_total_in_credits,total_reg_credits,-7.0,1227
raw,start_total_in_credits,total_reg_credits,-6.5,13
raw,start_total_in_credits,total_reg_credits,-6.0,1846
raw,start_total_in_credits,total_reg_credits,-5.5,2
raw,start_total_in_credits,total_reg_credits,-5.0,1511
raw,start_total_in_credits,total_reg_credits,-4.5,5
raw,start_total_in_credits,total_reg_credits,-4.0,2223
raw,start_total_in_credits,total_reg_credits,-3.0,2919
raw,start_total_in_credits,total_reg_credits,-2.5,5
raw,start_total_in_credits,total_reg_credits,-2.0,2367
raw,start_total_in_credits,total_reg_credits,-1.5,3
raw,start_total_in_credits,total_reg_credits,-1.0,579
raw,start_total_in_credits,total_reg_credits,-0.5,4
raw,start_total_in_credits,total_reg_credits,0.0,22560
raw,start_total_in_credits,total_reg_credits,0.5,6
raw,start_total_in_credits,total_reg_credits,1.0,196
raw,start_total_in_credits,total_reg_credits,2.0,220
raw,start_total_in_credits,total_reg_credits,2.5,4
raw,start_total_in_credits,total_reg_credits,3.0,243
raw,start_total_in_credits,total_reg_credits,4.0,222
raw,start_total_in_credits,total_reg_credits,4.5,7
raw,start_total_in_credits,total_reg_credits,5.0,247
raw,start_total_in_credits,total_reg_credits,5.5,1
raw,start_total_in_credits,total_reg_credits,6.0,273
raw,start_total_in_credits,total_reg_credits,6.5,3
raw,start_total_in_credits,total_reg_credits,7.0,297
raw,start_total_in_credits,total_reg_credits,8.0,318
raw,start_total_in_credits,total_reg_credits,9.0,333
raw,start_total_in_credits,total_reg_credits,9.5,1
raw,start_total_in_credits,total_reg_credits,10.0,268
raw,start_total_in_credits,total_reg_credits,11.0,357
raw,start_total_in_credits,total_reg_credits,12.0,195
raw,start_total_in_credits,total_reg_credits,13.0,246
raw,start_total_in_credits,total_reg_credits,14.0,181
raw,start_total_in_credits,total_reg_credits,14.5,2
raw,start_total_in_credits,total_reg_credits,15.0,351
raw,start_total_in_credits,total_reg_credits,16.0,172
raw,start_total_in_credits,total_reg_credits,17.0,217
raw,start_total_in_credits,total_reg_credits,17.5,3
raw,start_total_in_credits,total_reg_credits,18.0,121
raw,start_total_in_credits,total_reg_credits,19.0,616
raw,start_total_in_credits,total_reg_credits,20.0,194
raw,start_total_in_credits,total_reg_credits,21.0,118
raw,start_total_in_credits,total_reg_credits,21.5,1
raw,start_total_in_credits,total_reg_credits,22.0,114
raw,start_total_in_credits,total_reg_credits,23.0,97
raw,start_total_in_credits,total_reg_credits,24.0,49
raw,start_total_in_credits,total_reg_credits,25.0,86
raw,start_total_in_credits,total_reg_credits,26.0,71
raw,start_total_in_credits,total_reg_credits,26.5,4
raw,start_total_in_credits,total_reg_credits,27.0,50
raw,start_total_in_credits,total_reg_credits,28.0,61
raw,start_total_in_credits,total_reg_credits,28.5,1
raw,start_total_in_credits,total_reg_credits,29.0,36
raw,start_total_in_credits,total_reg_credits,30.0,66
raw,start_total_in_credits,total_reg_credits,31.0,15
raw,start_total_in_credits,total_reg_credits,32.0,34
raw,start_total_in_credits,total_reg_credits,33.0,18
raw,start_total_in_credits,total_reg_credits,33.5,5
raw,start_total_in_credits,total_reg_credits,34.0,32
raw,start_total_in_credits,total_reg_credits,35.0,14
raw,start_total_in_credits,total_reg_credits,36.0,25
raw,start_total_in_credits,total_reg_credits,36.5,1
raw,start_total_in_credits,total_reg_credits,37.0,22
raw,start_total_in_credits,total_reg_credits,37.5,1
raw,start_total_in_credits,total_reg_credits,38.0,23
raw,start_total_in_credits,total_reg_credits,39.0,4
raw,start_total_in_credits,total_reg_credits,40.0,2
raw,start_total_in_credits,total_reg_credits,40.5,1
raw,start_total_in_credits,total_reg_credits,41.0,7
raw,start_total_in_credits,total_reg_credits,42.0,17
raw,start_total_in_credits,total_reg_credits,43.0,23
raw,start_total_in_credits,total_reg_credits,44.0,11
raw,start_total_in_credits,total_reg_credits,45.0,16
raw,start_total_in_credits,total_reg_credits,46.0,12
raw,start_total_in_credits,total_reg_credits,47.0,15
raw,start_total_in_credits,total_reg_credits,48.0,14
raw,start_total_in_credits,total_reg_credits,48.5,3
raw,start_total_in_credits,total_reg_credits,49.0,13
raw,start_total_in_credits,total_reg_credits,50.0,23
raw,start_total_in_credits,total_reg_credits,51.0,1
raw,start_total_in_credits,total_reg_credits,52.0,12
raw,start_total_in_credits,total_reg_credits,52.5,1
raw,start_total_in_credits,total_reg_credits,53.0,21
raw,start_total_in_credits,total_reg_credits,54.0,4
raw,start_total_in_credits,total_reg_credits,54.5,3
raw,start_total_in_credits,total_reg_credits,55.0,6
raw,start_total_in_credits,total_reg_credits,55.5,1
raw,start_total_in_credits,total_reg_credits,56.0,14
raw,start_total_in_credits,total_reg_credits,57.0,10
raw,start_total_in_credits,total_reg_credits,58.0,16
raw,start_total_in_credits,total_reg_credits,58.5,4
raw,start_total_in_credits,total_reg_credits,59.0,11
raw,start_total_in_credits,total_reg_credits,59.5,1
raw,start_total_in_credits,total_reg_credits,60.0,22
raw,start_total_in_credits,total_reg_credits,61.0,10
raw,start_total_in_credits,total_reg_credits,62.0,1
raw,start_total_in_credits,total_reg_credits,63.0,13
raw,start_total_in_credits,total_reg_credits,64.0,6
raw,start_total_in_credits,total_reg_credits,65.0,3
raw,start_total_in_credits,total_reg_credits,66.0,12
raw,start_total_in_credits,total_reg_credits,67.0,13
raw,start_total_in_credits,total_reg_credits,68.0,2
raw,start_total_in_credits,total_reg_credits,69.0,15
raw,start_total_in_credits,total_reg_credits,70.0,9
raw,start_total_in_credits,total_reg_credits,71.0,10
raw,start_total_in_credits,total_reg_credits,72.0,8
raw,start_total_in_credits,total_reg_credits,73.0,2
raw,start_total_in_credits,total_reg_credits,74.0,17
raw,start_total_in_credits,total_reg_credits,76.0,11
raw,start_total_in_credits,total_reg_credits,77.0,4
raw,start_total_in_credits,total_reg_credits,78.0,9
raw,start_total_in_credits,total_reg_credits,79.0,3
raw,start_total_in_credits,total_reg_credits,80.0,7
raw,start_total_in_credits,total_reg_credits,81.0,4
raw,start_total_in_credits,total_reg_credits,83.0,4
raw,start_total_in_credits,total_reg_credits,84.0,5
raw,start_total_in_credits,total_reg_credits,85.0,1
raw,start_total_in_credits,total_reg_credits,86.0,7
raw,start_total_in_credits,total_reg_credits,88.0,4
raw,start_total_in_credits,total_reg_credits,90.0,1
raw,start_total_in_credits,total_reg_credits,91.0,5
raw,start_total_in_credits,total_reg_credits,100.0,7
raw,start_total_in_credits,total_reg_credits,103.0,4
raw,start_total_in_credits,total_reg_courses,-136.0,1
raw,start_total_in_credits,total_reg_courses,-130.0,1
raw,start_total_in_credits,total_reg_courses,-115.0,1
raw,start_total_in_credits,total_reg_courses,-100.0,1
raw,start_total_in_credits,total_reg_courses,-97.0,2
raw,start_total_in_credits,total_reg_courses,-94.0,4
raw,start_total_in_credits,total_reg_courses,-88.0,2
raw,start_total_in_credits,total_reg_courses,-84.0,1
raw,start_total_in_credits,total_reg_courses,-83.0,1
raw,start_total_in_credits,total_reg_courses,-81.0,1
raw,start_total_in_credits,total_reg_courses,-80.0,1
raw,start_total_in_credits,total_reg_courses,-79.0,1
raw,start_total_in_credits,total_reg_courses,-77.0,2
raw,start_total_in_credits,total_reg_courses,-76.0,1
raw,start_total_in_credits,total_reg_courses,-75.0,4
raw,start_total_in_credits,total_reg_courses,-74.0,1
raw,start_total_in_credits,total_reg_courses,-73.0,2
raw,start_total_in_credits,total_reg_courses,-72.0,2
raw,start_total_in_credits,total_reg_courses,-71.0,3
raw,start_total_in_credits,total_reg_courses,-70.0,1
raw,start_total_in_credits,total_reg_courses,-69.0,2
raw,start_total_in_credits,total_reg_courses,-68.0,4
raw,start_total_in_credits,total_reg_courses,-67.0,4
raw,start_total_in_credits,total_reg_courses,-66.0,2
raw,start_total_in_credits,total_reg_courses,-65.5,1
raw,start_total_in_credits,total_reg_courses,-65.0,4
raw,start_total_in_credits,total_reg_courses,-64.5,1
raw,start_total_in_credits,total_reg_courses,-64.0,4
raw,start_total_in_credits,total_reg_courses,-63.0,5
raw,start_total_in_credits,total_reg_courses,-62.0,5
raw,start_total_in_credits,total_reg_courses,-61.0,3
raw,start_total_in_credits,total_reg_courses,-60.0,5
raw,start_total_in_credits,total_reg_courses,-59.0,4
raw,start_total_in_credits,total_reg_courses,-58.5,1
raw,start_total_in_credits,total_reg_courses,-58.0,9
raw,start_total_in_credits,total_reg_courses,-57.0,5
raw,start_total_in_credits,total_reg_courses,-56.5,1
raw,start_total_in_credits,total_reg_courses,-56.0,5
raw,start_total_in_credits,total_reg_courses,-55.0,3
raw,start_total_in_credits,total_reg_courses,-54.0,8
raw,start_total_in_credits,total_reg_courses,-53.0,7
raw,start_total_in_credits,total_reg_courses,-52.0,4
raw,start_total_in_credits,total_reg_courses,-51.0,7
raw,start_total_in_credits,total_reg_courses,-50.0,4
raw,start_total_in_credits,total_reg_courses,-49.5,1
raw,start_total_in_credits,total_reg_courses,-49.0,13
raw,start_total_in_credits,total_reg_courses,-48.0,10
raw,start_total_in_credits,total_reg_courses,-47.0,9
raw,start_total_in_credits,total_reg_courses,-46.0,10
raw,start_total_in_credits,total_reg_courses,-45.5,1
raw,start_total_in_credits,total_reg_courses,-45.0,8
raw,start_total_in_credits,total_reg_courses,-44.0,19
raw,start_total_in_credits,total_reg_courses,-43.5,1
raw,start_total_in_credits,total_reg_courses,-43.0,10
raw,start_total_in_credits,total_reg_courses,-42.0,10
raw,start_total_in_credits,total_reg_courses,-41.5,2
raw,start_total_in_credits,total_reg_courses,-41.0,19
raw,start_total_in_credits,total_reg_courses,-40.0,13
raw,start_total_in_credits,total_reg_courses,-39.5,1
raw,start_total_in_credits,total_reg_courses,-39.0,22
raw,start_total_in_credits,total_reg_courses,-38.0,15
raw,start_total_in_credits,total_reg_courses,-37.5,1
raw,start_total_in_credits,total_reg_courses,-37.0,18
raw,start_total_in_credits,total_reg_courses,-36.0,15
raw,start_total_in_credits,total_reg_courses,-35.0,22
raw,start_total_in_credits,total_reg_courses,-34.0,15
raw,start_total_in_credits,total_reg_courses,-33.0,21
raw,start_total_in_credits,total_reg_courses,-32.0,31
raw,start_total_in_credits,total_reg_courses,-31.0,13
raw,start_total_in_credits,total_reg_courses,-30.0,29
raw,start_total_in_credits,total_reg_courses,-29.0,21
raw,start_total_in_credits,total_reg_courses,-28.0,29
raw,start_total_in_credits,total_reg_courses,-27.0,29
raw,start_total_in_credits,total_reg_courses,-26.0,43
raw,start_total_in_credits,total_reg_courses,-25.0,35
raw,start_total_in_credits,total_reg_courses,-24.0,42
raw,start_total_in_credits,total_reg_courses,-23.5,1
raw,start_total_in_credits,total_reg_courses,-23.0,48
raw,start_total_in_credits,total_reg_courses,-22.0,53
raw,start_total_in_credits,total_reg_courses,-21.0,60
raw,start_total_in_credits,total_reg_courses,-20.0,82
raw,start_total_in_credits,total_reg_courses,-19.0,78
raw,start_total_in_credits,total_reg_courses,-18.0,81
raw,start_total_in_credits,total_reg_courses,-17.0,109
raw,start_total_in_credits,total_reg_courses,-16.0,102
raw,start_total_in_credits,total_reg_courses,-15.0,114
raw,start_total_in_credits,total_reg_courses,-14.5,1
raw,start_total_in_credits,total_reg_courses,-14.0,160
raw,start_total_in_credits,total_reg_courses,-13.0,148
raw,start_total_in_credits,total_reg_courses,-12.5,1
raw,start_total_in_credits,total_reg_courses,-12.0,191
raw,start_total_in_credits,total_reg_courses,-11.0,195
raw,start_total_in_credits,total_reg_courses,-10.5,2
raw,start_total_in_credits,total_reg_courses,-10.0,261
raw,start_total_in_credits,total_reg_courses,-9.0,238
raw,start_total_in_credits,total_reg_courses,-8.5,1
raw,start_total_in_credits,total_reg_courses,-8.0,256
raw,start_total_in_credits,total_reg_courses,-7.0,372
raw,start_total_in_credits,total_reg_courses,-6.0,643
raw,start_total_in_credits,total_reg_courses,-5.0,585
raw,start_total_in_credits,total_reg_courses,-4.5,2
raw,start_total_in_credits,total_reg_courses,-4.0,528
raw,start_total_in_credits,total_reg_courses,-3.5,1
raw,start_total_in_credits,total_reg_courses,-3.0,572
raw,start_total_in_credits,total_reg_courses,-2.5,1
raw,start_total_in_credits,total_reg_courses,-2.0,579
raw,start_total_in_credits,total_reg_courses,-1.0,563
raw,start_total_in_credits,total_reg_courses,-0.5,2
raw,start_total_in_credits,total_reg_courses,0.0,10578
raw,start_total_in_credits,total_reg_courses,0.5,1
raw,start_total_in_credits,total_reg_courses,1.0,612
raw,start_total_in_credits,total_reg_courses,2.0,660
raw,start_total_in_credits,total_reg_courses,2.5,2
raw,start_total_in_credits,total_reg_courses,3.0,727
raw,start_total_in_credits,total_reg_courses,4.0,681
raw,start_total_in_credits,total_reg_courses,4.5,4
raw,start_total_in_credits,total_reg_courses,5.0,712
raw,start_total_in_credits,total_reg_courses,6.0,767
raw,start_total_in_credits,total_reg_courses,7.0,881
raw,start_total_in_credits,total_reg_courses,7.5,1
raw,start_total_in_credits,total_reg_courses,8.0,836
raw,start_total_in_credits,total_reg_courses,8.5,1
raw,start_total_in_credits,total_reg_courses,9.0,1126
raw,start_total_in_credits,total_reg_courses,10.0,1396
raw,start_total_in_credits,total_reg_courses,10.5,1
raw,start_total_in_credits,total_reg_courses,11.0,1317
raw,start_total_in_credits,total_reg_courses,12.0,1162
raw,start_total_in_credits,total_reg_courses,12.5,4
raw,start_total_in_credits,total_reg_courses,13.0,702
raw,start_total_in_credits,total_reg_courses,13.5,2
raw,start_total_in_credits,total_reg_courses,14.0,769
raw,start_total_in_credits,total_reg_courses,14.5,1
raw,start_total_in_credits,total_reg_courses,15.0,679
raw,start_total_in_credits,total_reg_courses,15.5,4
raw,start_total_in_credits,total_reg_courses,16.0,752
raw,start_total_in_credits,total_reg_courses,16.5,2
raw,start_total_in_credits,total_reg_courses,17.0,811
raw,start_total_in_credits,total_reg_courses,17.5,1
raw,start_total_in_credits,total_reg_courses,18.0,877
raw,start_total_in_credits,total_reg_courses,18.5,2
raw,start_total_in_credits,total_reg_courses,19.0,941
raw,start_total_in_credits,total_reg_courses,19.5,1
raw,start_total_in_credits,total_reg_courses,20.0,969
raw,start_total_in_credits,total_reg_courses,20.5,5
raw,start_total_in_credits,total_reg_courses,21.0,1033
raw,start_total_in_credits,total_reg_courses,21.5,1
raw,start_total_in_credits,total_reg_courses,22.0,1017
raw,start_total_in_credits,total_reg_courses,22.5,3
raw,start_total_in_credits,total_reg_courses,23.0,908
raw,start_total_in_credits,total_reg_courses,23.5,5
raw,start_total_in_credits,total_reg_courses,24.0,833
raw,start_total_in_credits,total_reg_courses,24.5,3
raw,start_total_in_credits,total_reg_courses,25.0,838
raw,start_total_in_credits,total_reg_courses,25.5,4
raw,start_total_in_credits,total_reg_courses,26.0,811
raw,start_total_in_credits,total_reg_courses,26.5,3
raw,start_total_in_credits,total_reg_courses,27.0,806
raw,start_total_in_credits,total_reg_courses,27.5,3
raw,start_total_in_credits,total_reg_courses,28.0,758
raw,start_total_in_credits,total_reg_courses,28.5,4
raw,start_total_in_credits,total_reg_courses,29.0,766
raw,start_total_in_credits,total_reg_courses,29.5,6
raw,start_total_in_credits,total_reg_courses,30.0,827
raw,start_total_in_credits,total_reg_courses,30.5,2
raw,start_total_in_credits,total_reg_courses,31.0,801
raw,start_total_in_credits,total_reg_courses,31.5,4
raw,start_total_in_credits,total_reg_courses,32.0,836
raw,start_total_in_credits,total_reg_courses,32.5,7
raw,start_total_in_credits,total_reg_courses,33.0,740
raw,start_total_in_credits,total_reg_courses,33.5,5
raw,start_total_in_credits,total_reg_courses,34.0,782
raw,start_total_in_credits,total_reg_courses,34.5,4
raw,start_total_in_credits,total_reg_courses,35.0,732
raw,start_total_in_credits,total_reg_courses,35.5,5
raw,start_total_in_credits,total_reg_courses,36.0,748
raw,start_total_in_credits,total_reg_courses,36.5,11
raw,start_total_in_credits,total_reg_courses,37.0,716
raw,start_total_in_credits,total_reg_courses,37.5,2
raw,start_total_in_credits,total_reg_courses,38.0,704
raw,start_total_in_credits,total_reg_courses,38.5,4
raw,start_total_in_credits,total_reg_courses,39.0,732
raw,start_total_in_credits,total_reg_courses,39.5,9
raw,start_total_in_credits,total_reg_courses,40.0,798
raw,start_total_in_credits,total_reg_courses,40.5,2
raw,start_total_in_credits,total_reg_courses,41.0,796
raw,start_total_in_credits,total_reg_courses,41.5,5
raw,start_total_in_credits,total_reg_courses,42.0,830
raw,start_total_in_credits,total_reg_courses,42.5,7
raw,start_total_in_credits,total_reg_courses,43.0,775
raw,start_total_in_credits,total_reg_courses,43.5,3
raw,start_total_in_credits,total_reg_courses,44.0,702
raw,start_total_in_credits,total_reg_courses,44.5,7
raw,start_total_in_credits,total_reg_courses,45.0,730
raw,start_total_in_credits,total_reg_courses,45.5,10
raw,start_total_in_credits,total_reg_courses,46.0,692
raw,start_total_in_credits,total_reg_courses,46.5,5
raw,start_total_in_credits,total_reg_courses,47.0,675
raw,start_total_in_credits,total_reg_courses,47.5,2
raw,start_total_in_credits,total_reg_courses,48.0,622
raw,start_total_in_credits,total_reg_courses,48.5,6
raw,start_total_in_credits,total_reg_courses,49.0,704
raw,start_total_in_credits,total_reg_courses,49.5,3
raw,start_total_in_credits,total_reg_courses,50.0,670
raw,start_total_in_credits,total_reg_courses,50.5,7
raw,start_total_in_credits,total_reg_courses,51.0,684
raw,start_total_in_credits,total_reg_courses,51.5,10
raw,start_total_in_credits,total_reg_courses,52.0,648
raw,start_total_in_credits,total_reg_courses,52.5,10
raw,start_total_in_credits,total_reg_courses,53.0,649
raw,start_total_in_credits,total_reg_courses,53.5,8
raw,start_total_in_credits,total_reg_courses,54.0,647
raw,start_total_in_credits,total_reg_courses,54.5,9
raw,start_total_in_credits,total_reg_courses,55.0,701
raw,start_total_in_credits,total_reg_courses,55.5,15
raw,start_total_in_credits,total_reg_courses,56.0,626
raw,start_total_in_credits,total_reg_courses,56.5,11
raw,start_total_in_credits,total_reg_courses,57.0,662
raw,start_total_in_credits,total_reg_courses,57.5,10
raw,start_total_in_credits,total_reg_courses,58.0,612
raw,start_total_in_credits,total_reg_courses,58.5,11
raw,start_total_in_credits,total_reg_courses,59.0,677
raw,start_total_in_credits,total_reg_courses,59.5,10
raw,start_total_in_credits,total_reg_courses,60.0,672
raw,start_total_in_credits,total_reg_courses,60.5,16
raw,start_total_in_credits,total_reg_courses,61.0,634
raw,start_total_in_credits,total_reg_courses,61.5,13
raw,start_total_in_credits,total_reg_courses,62.0,598
raw,start_total_in_credits,total_reg_courses,62.5,9
raw,start_total_in_credits,total_reg_courses,63.0,619
raw,start_total_in_credits,total_reg_courses,63.5,11
raw,start_total_in_credits,total_reg_courses,64.0,582
raw,start_total_in_credits,total_reg_courses,64.5,15
raw,start_total_in_credits,total_reg_courses,65.0,587
raw,start_total_in_credits,total_reg_courses,65.5,13
raw,start_total_in_credits,total_reg_courses,66.0,582
raw,start_total_in_credits,total_reg_courses,66.5,13
raw,start_total_in_credits,total_reg_courses,67.0,604
raw,start_total_in_credits,total_reg_courses,67.5,13
raw,start_total_in_credits,total_reg_courses,68.0,537
raw,start_total_in_credits,total_reg_courses,68.5,16
raw,start_total_in_credits,total_reg_courses,69.0,561
raw,start_total_in_credits,total_reg_courses,69.5,12
raw,start_total_in_credits,total_reg_courses,70.0,572
raw,start_total_in_credits,total_reg_courses,70.5,13
raw,start_total_in_credits,total_reg_courses,71.0,545
raw,start_total_in_credits,total_reg_courses,71.5,16
raw,start_total_in_credits,total_reg_courses,72.0,551
raw,start_total_in_credits,total_reg_courses,72.5,10
raw,start_total_in_credits,total_reg_courses,73.0,568
raw,start_total_in_credits,total_reg_courses,73.5,12
raw,start_total_in_credits,total_reg_courses,74.0,537
raw,start_total_in_credits,total_reg_courses,74.5,16
raw,start_total_in_credits,total_reg_courses,75.0,496
raw,start_total_in_credits,total_reg_courses,75.5,21
raw,start_total_in_credits,total_reg_courses,76.0,508
raw,start_total_in_credits,total_reg_courses,76.5,16
raw,start_total_in_credits,total_reg_courses,77.0,502
raw,start_total_in_credits,total_reg_courses,77.5,22
raw,start_total_in_credits,total_reg_courses,78.0,548
raw,start_total_in_credits,total_reg_courses,78.5,17
raw,start_total_in_credits,total_reg_courses,79.0,498
raw,start_total_in_credits,total_reg_courses,79.5,23
raw,start_total_in_credits,total_reg_courses,80.0,508
raw,start_total_in_credits,total_reg_courses,80.5,19
raw,start_total_in_credits,total_reg_courses,81.0,504
raw,start_total_in_credits,total_reg_courses,81.5,23
raw,start_total_in_credits,total_reg_courses,82.0,463
raw,start_total_in_credits,total_reg_courses,82.5,26
raw,start_total_in_credits,total_reg_courses,83.0,454
raw,start_total_in_credits,total_reg_courses,83.5,26
raw,start_total_in_credits,total_reg_courses,84.0,493
raw,start_total_in_credits,total_reg_courses,84.5,25
raw,start_total_in_credits,total_reg_courses,85.0,438
raw,start_total_in_credits,total_reg_courses,85.5,27
raw,start_total_in_credits,total_reg_courses,86.0,421
raw,start_total_in_credits,total_reg_courses,86.5,35
raw,start_total_in_credits,total_reg_courses,87.0,391
raw,start_total_in_credits,total_reg_courses,87.5,17
raw,start_total_in_credits,total_reg_courses,88.0,397
raw,start_total_in_credits,total_reg_courses,88.5,24
raw,start_total_in_credits,total_reg_courses,89.0,400
raw,start_total_in_credits,total_reg_courses,89.5,28
raw,start_total_in_credits,total_reg_courses,90.0,358
raw,start_total_in_credits,total_reg_courses,90.5,24
raw,start_total_in_credits,total_reg_courses,91.0,398
raw,start_total_in_credits,total_reg_courses,91.5,31
raw,start_total_in_credits,total_reg_courses,92.0,316
raw,start_total_in_credits,total_reg_courses,92.5,26
raw,start_total_in_credits,total_reg_courses,93.0,328
raw,start_total_in_credits,total_reg_courses,93.5,33
raw,start_total_in_credits,total_reg_courses,94.0,334
raw,start_total_in_credits,total_reg_courses,94.5,45
raw,start_total_in_credits,total_reg_courses,95.0,308
raw,start_total_in_credits,total_reg_courses,95.5,40
raw,start_total_in_credits,total_reg_courses,96.0,327
raw,start_total_in_credits,total_reg_courses,96.5,30
raw,start_total_in_credits,total_reg_courses,97.0,289
raw,start_total_in_credits,total_reg_courses,97.5,26
raw,start_total_in_credits,total_reg_courses,98.0,259
raw,start_total_in_credits,total_reg_courses,98.5,21
raw,start_total_in_credits,total_reg_courses,99.0,250
raw,start_total_in_credits,total_reg_courses,99.5,22
raw,start_total_in_credits,total_reg_courses,100.0,237
raw,start_total_in_credits,total_reg_courses,100.5,29
raw,start_total_in_credits,total_reg_courses,101.0,222
raw,start_total_in_credits,total_reg_courses,101.5,31
raw,start_total_in_credits,total_reg_courses,102.0,208
raw,start_total_in_credits,total_reg_courses,102.5,29
raw,start_total_in_credits,total_reg_courses,103.0,197
raw,start_total_in_credits,total_reg_courses,103.5,34
raw,start_total_in_credits,total_reg_courses,104.0,213
raw,start_total_in_credits,total_reg_courses,104.5,39
raw,start_total_in_credits,total_reg_courses,105.0,175
raw,start_total_in_credits,total_reg_courses,105.5,17
raw,start_total_in_credits,total_reg_courses,106.0,130
raw,start_total_in_credits,total_reg_courses,106.5,31
raw,start_total_in_credits,total_reg_courses,107.0,134
raw,start_total_in_credits,total_reg_courses,107.5,40
raw,start_total_in_credits,total_reg_courses,108.0,119
raw,start_total_in_credits,total_reg_courses,108.5,36
raw,start_total_in_credits,total_reg_courses,109.0,104
raw,start_total_in_credits,total_reg_courses,109.5,32
raw,start_total_in_credits,total_reg_courses,110.0,76
raw,start_total_in_credits,total_reg_courses,110.5,26
raw,start_total_in_credits,total_reg_courses,111.0,84
raw,start_total_in_credits,total_reg_courses,111.5,29
raw,start_total_in_credits,total_reg_courses,112.0,88
raw,start_total_in_credits,total_reg_courses,112.5,36
raw,start_total_in_credits,total_reg_courses,113.0,70
raw,start_total_in_credits,total_reg_courses,113.5,37
raw,start_total_in_credits,total_reg_courses,114.0,74
raw,start_total_in_credits,total_reg_courses,114.5,38
raw,start_total_in_credits,total_reg_courses,115.0,81
raw,start_total_in_credits,total_reg_courses,115.5,35
raw,start_total_in_credits,total_reg_courses,116.0,79
raw,start_total_in_credits,total_reg_courses,116.5,29
raw,start_total_in_credits,total_reg_courses,117.0,65
raw,start_total_in_credits,total_reg_courses,117.5,26
raw,start_total_in_credits,total_reg_courses,118.0,88
raw,start_total_in_credits,total_reg_courses,118.5,33
raw,start_total_in_credits,total_reg_courses,119.0,80
raw,start_total_in_credits,total_reg_courses,119.5,21
raw,start_total_in_credits,total_reg_courses,120.0,98
raw,start_total_in_credits,total_reg_courses,120.5,32
raw,start_total_in_credits,total_reg_courses,121.0,104
raw,start_total_in_credits,total_reg_courses,121.5,36
raw,start_total_in_credits,total_reg_courses,122.0,78
raw,start_total_in_credits,total_reg_courses,122.5,36
raw,start_total_in_credits,total_reg_courses,123.0,94
raw,start_total_in_credits,total_reg_courses,123.5,28
raw,start_total_in_credits,total_reg_courses,124.0,95
raw,start_total_in_credits,total_reg_courses,124.5,35
raw,start_total_in_credits,total_reg_courses,125.0,80
raw,start_total_in_credits,total_reg_courses,125.5,42
raw,start_total_in_credits,total_reg_courses,126.0,76
raw,start_total_in_credits,total_reg_courses,126.5,38
raw,start_total_in_credits,total_reg_courses,127.0,88
raw,start_total_in_credits,total_reg_courses,127.5,40
raw,start_total_in_credits,total_reg_courses,128.0,71
raw,start_total_in_credits,total_reg_courses,128.5,37
raw,start_total_in_credits,total_reg_courses,129.0,85
raw,start_total_in_credits,total_reg_courses,129.5,37
raw,start_total_in_credits,total_reg_courses,130.0,72
raw,start_total_in_credits,total_reg_courses,130.5,28
raw,start_total_in_credits,total_reg_courses,131.0,67
raw,start_total_in_credits,total_reg_courses,131.5,27
raw,start_total_in_credits,total_reg_courses,132.0,72
raw,start_total_in_credits,total_reg_courses,132.5,32
raw,start_total_in_credits,total_reg_courses,133.0,73
raw,start_total_in_credits,total_reg_courses,133.5,39
raw,start_total_in_credits,total_reg_courses,134.0,78
raw,start_total_in_credits,total_reg_courses,134.5,20
raw,start_total_in_credits,total_reg_courses,135.0,84
raw,start_total_in_credits,total_reg_courses,135.5,33
raw,start_total_in_credits,total_reg_courses,136.0,59
raw,start_total_in_credits,total_reg_courses,136.5,24
raw,start_total_in_credits,total_reg_courses,137.0,72
raw,start_total_in_credits,total_reg_courses,137.5,32
raw,start_total_in_credits,total_reg_courses,138.0,87
raw,start_total_in_credits,total_reg_courses,138.5,24
raw,start_total_in_credits,total_reg_courses,139.0,98
raw,start_total_in_credits,total_reg_courses,139.5,31
raw,start_total_in_credits,total_reg_courses,140.0,104
raw,start_total_in_credits,total_reg_courses,140.5,27
raw,start_total_in_credits,total_reg_courses,141.0,100
raw,start_total_in_credits,total_reg_courses,141.5,29
raw,start_total_in_credits,total_reg_courses,142.0,104
raw,start_total_in_credits,total_reg_courses,142.5,22
raw,start_total_in_credits,total_reg_courses,143.0,106
raw,start_total_in_credits,total_reg_courses,143.5,22
raw,start_total_in_credits,total_reg_courses,144.0,109
raw,start_total_in_credits,total_reg_courses,144.5,36
raw,start_total_in_credits,total_reg_courses,145.0,100
raw,start_total_in_credits,total_reg_courses,145.5,25
raw,start_total_in_credits,total_reg_courses,146.0,98
raw,start_total_in_credits,total_reg_courses,146.5,35
raw,start_total_in_credits,total_reg_courses,147.0,106
raw,start_total_in_credits,total_reg_courses,147.5,27
raw,start_total_in_credits,total_reg_courses,148.0,119
raw,start_total_in_credits,total_reg_courses,148.5,24
raw,start_total_in_credits,total_reg_courses,149.0,128
raw,start_total_in_credits,total_reg_courses,149.5,14
raw,start_total_in_credits,total_reg_courses,150.0,97
raw,start_total_in_credits,total_reg_courses,150.5,22
raw,start_total_in_credits,total_reg_courses,151.0,133
raw,start_total_in_credits,total_reg_courses,151.5,18
raw,start_total_in_credits,total_reg_courses,152.0,119
raw,start_total_in_credits,total_reg_courses,152.5,20
raw,start_total_in_credits,total_reg_courses,153.0,136
raw,start_total_in_credits,total_reg_courses,153.5,16
raw,start_total_in_credits,total_reg_courses,154.0,160
raw,start_total_in_credits,total_reg_courses,154.5,12
raw,start_total_in_credits,total_reg_courses,155.0,117
raw,start_total_in_credits,total_reg_courses,155.5,14
raw,start_total_in_credits,total_reg_courses,156.0,131
raw,start_total_in_credits,total_reg_courses,156.5,12
raw,start_total_in_credits,total_reg_courses,157.0,128
raw,start_total_in_credits,total_reg_courses,157.5,11
raw,start_total_in_credits,total_reg_courses,158.0,123
raw,start_total_in_credits,total_reg_courses,158.5,8
raw,start_total_in_credits,total_reg_courses,159.0,97
raw,start_total_in_credits,total_reg_courses,159.5,12
raw,start_total_in_credits,total_reg_courses,160.0,114
raw,start_total_in_credits,total_reg_courses,160.5,5
raw,start_total_in_credits,total_reg_courses,161.0,78
raw,start_total_in_credits,total_reg_courses,161.5,4
raw,start_total_in_credits,total_reg_courses,162.0,73
raw,start_total_in_credits,total_reg_courses,162.5,4
raw,start_total_in_credits,total_reg_courses,163.0,83
raw,start_total_in_credits,total_reg_courses,164.0,33
raw,start_total_in_credits,total_reg_courses,164.5,3
raw,start_total_in_credits,total_reg_courses,165.0,30
raw,start_total_in_credits,total_reg_courses,165.5,1
raw,start_total_in_credits,total_reg_courses,166.0,32
raw,start_total_in_credits,total_reg_courses,166.5,1
raw,start_total_in_credits,total_reg_courses,167.0,13
raw,start_total_in_credits,total_reg_courses,167.5,2
raw,start_total_in_credits,total_reg_courses,168.0,11
raw,start_total_in_credits,total_reg_courses,168.5,1
raw,start_total_in_credits,total_reg_courses,169.0,14
raw,start_total_in_credits,total_reg_courses,169.5,1
raw,start_total_in_credits,total_reg_courses,170.0,10
raw,start_total_in_credits,total_reg_courses,171.0,9
raw,start_total_in_credits,total_reg_courses,171.5,1
raw,start_total_in_credits,total_reg_courses,172.0,6
raw,start_total_in_credits,total_reg_courses,173.0,8
raw,start_total_in_credits,total_reg_courses,174.0,4
raw,start_total_in_credits,total_reg_courses,175.0,9
raw,start_total_in_credits,total_reg_courses,175.5,1
raw,start_total_in_credits,total_reg_courses,176.0,9
raw,start_total_in_credits,total_reg_courses,177.0,3
raw,start_total_in_credits,total_reg_courses,177.5,1
raw,start_total_in_credits,total_reg_courses,178.0,3
raw,start_total_in_credits,total_reg_courses,179.0,3
raw,start_total_in_credits,total_reg_courses,179.5,2
raw,start_total_in_credits,total_reg_courses,180.0,4
raw,start_total_in_credits,total_reg_courses,181.0,2
raw,start_total_in_credits,total_reg_courses,182.0,3
raw,start_total_in_credits,total_reg_courses,183.0,2
raw,start_total_in_credits,total_reg_courses,184.0,1
raw,start_total_in_credits,total_reg_courses,185.0,1
raw,start_total_in_credits,total_reg_courses,187.0,3
raw,start_total_in_credits,total_reg_courses,188.0,2
raw,start_total_in_credits,total_reg_courses,189.0,1
raw,start_total_in_credits,total_reg_courses,190.0,1
raw,start_total_in_credits,total_reg_courses,192.0,1
raw,start_total_in_courses,total_reg_credits,-934.0,2
raw,start_total_in_courses,total_reg_credits,-922.0,1
raw,start_total_in_courses,total_reg_credits,-920.0,1
raw,start_total_in_courses,total_reg_credits,-908.0,1
raw,start_total_in_courses,total_reg_credits,-893.0,1
raw,start_total_in_courses,total_reg_credits,-892.5,1
raw,start_total_in_courses,total_reg_credits,-889.0,1
raw,start_total_in_courses,total_reg_credits,-887.0,1
raw,start_total_in_courses,total_reg_credits,-883.5,1
raw,start_total_in_courses,total_reg_credits,-870.0,1
raw,start_total_in_courses,total_reg_credits,-850.0,1
raw,start_total_in_courses,total_reg_credits,-842.0,1
raw,start_total_in_courses,total_reg_credits,-841.0,1
raw,start_total_in_courses,total_reg_credits,-837.5,1
raw,start_total_in_courses,total_reg_credits,-819.0,1
raw,start_total_in_courses,total_reg_credits,-817.5,1
raw,start_total_in_courses,total_reg_credits,-816.0,1
raw,start_total_in_courses,total_reg_credits,-813.0,1
raw,start_total_in_courses,total_reg_credits,-809.5,1
raw,start_total_in_courses,total_reg_credits,-792.5,1
raw,start_total_in_courses,total_reg_credits,-791.0,2
raw,start_total_in_courses,total_reg_credits,-788.5,1
raw,start_total_in_courses,total_reg_credits,-778.5,1
raw,start_total_in_courses,total_reg_credits,-771.5,1
raw,start_total_in_courses,total_reg_credits,-771.0,1
raw,start_total_in_courses,total_reg_credits,-766.0,1
raw,start_total_in_courses,total_reg_credits,-765.5,1
raw,start_total_in_courses,total_reg_credits,-764.5,1
raw,start_total_in_courses,total_reg_credits,-763.0,1
raw,start_total_in_courses,total_reg_credits,-752.5,1
raw,start_total_in_courses,total_reg_credits,-750.5,1
raw,start_total_in_courses,total_reg_credits,-746.0,1
raw,start_total_in_courses,total_reg_credits,-744.0,1
raw,start_total_in_courses,total_reg_credits,-741.5,1
raw,start_total_in_courses,total_reg_credits,-739.0,1
raw,start_total_in_courses,total_reg_credits,-728.5,1
raw,start_total_in_courses,total_reg_credits,-726.0,1
raw,start_total_in_courses,total_reg_credits,-722.0,1
raw,start_total_in_courses,total_reg_credits,-717.0,1
raw,start_total_in_courses,total_reg_credits,-715.0,1
raw,start_total_in_courses,total_reg_credits,-712.0,1
raw,start_total_in_courses,total_reg_credits,-709.0,1
raw,start_total_in_courses,total_reg_credits,-705.5,1
raw,start_total_in_courses,total_reg_credits,-705.0,1
raw,start_total_in_courses,total_reg_credits,-699.5,1
raw,start_total_in_courses,total_reg_credits,-693.5,1
raw,start_total_in_courses,total_reg_credits,-692.0,1
raw,start_total_in_courses,total_reg_credits,-686.5,1
raw,start_total_in_courses,total_reg_credits,-678.5,1
raw,start_total_in_courses,total_reg_credits,-676.5,1
raw,start_total_in_courses,total_reg_credits,-669.0,1
raw,start_total_in_courses,total_reg_credits,-667.5,1
raw,start_total_in_courses,total_reg_credits,-652.5,1
raw,start_total_in_courses,total_reg_credits,-635.0,1
raw,start_total_in_courses,total_reg_credits,-629.0,1
raw,start_total_in_courses,total_reg_credits,-621.0,1
raw,start_total_in_courses,total_reg_credits,-611.0,1
raw,start_total_in_courses,total_reg_credits,-607.0,1
raw,start_total_in_courses,total_reg_credits,-606.0,1
raw,start_total_in_courses,total_reg_credits,-605.0,1
raw,start_total_in_courses,total_reg_credits,-590.5,1
raw,start_total_in_courses,total_reg_credits,-588.5,1
raw,start_total_in_courses,total_reg_credits,-585.5,1
raw,start_total_in_courses,total_reg_credits,-584.0,1
raw,start_total_in_courses,total_reg_credits,-576.5,1
raw,start_total_in_courses,total_reg_credits,-575.0,1
raw,start_total_in_courses,total_reg_credits,-573.5,1
raw,start_total_in_courses,total_reg_credits,-572.0,1
raw,start_total_in_courses,total_reg_credits,-570.0,1
raw,start_total_in_courses,total_reg_credits,-567.5,1
raw,start_total_in_courses,total_reg_credits,-563.0,1
raw,start_total_in_courses,total_reg_credits,-561.5,1
raw,start_total_in_courses,total_reg_credits,-560.5,1
raw,start_total_in_courses,total_reg_credits,-559.0,1
raw,start_total_in_courses,total_reg_credits,-558.0,2
raw,start_total_in_courses,total_reg_credits,-557.5,1
raw,start_total_in_courses,total_reg_credits,-556.5,1
raw,start_total_in_courses,total_reg_credits,-553.0,2
raw,start_total_in_courses,total_reg_credits,-551.0,1
raw,start_total_in_courses,total_reg_credits,-548.0,1
raw,start_total_in_courses,total_reg_credits,-547.0,1
raw,start_total_in_courses,total_reg_credits,-546.5,1
raw,start_total_in_courses,total_reg_credits,-546.0,1
raw,start_total_in_courses,total_reg_credits,-543.5,1
raw,start_total_in_courses,total_reg_credits,-541.5,1
raw,start_total_in_courses,total_reg_credits,-539.5,1
raw,start_total_in_courses,total_reg_credits,-538.5,1
raw,start_total_in_courses,total_reg_credits,-536.0,1
raw,start_total_in_courses,total_reg_credits,-535.5,1
raw,start_total_in_courses,total_reg_credits,-535.0,1
raw,start_total_in_courses,total_reg_credits,-534.0,1
raw,start_total_in_courses,total_reg_credits,-532.5,1
raw,start_total_in_courses,total_reg_credits,-530.0,2
raw,start_total_in_courses,total_reg_credits,-528.5,1
raw,start_total_in_courses,total_reg_credits,-525.5,1
raw,start_total_in_courses,total_reg_credits,-522.0,1
raw,start_total_in_courses,total_reg_credits,-521.5,1
raw,start_total_in_courses,total_reg_credits,-521.0,1
raw,start_total_in_courses,total_reg_credits,-515.0,1
raw,start_total_in_courses,total_reg_credits,-512.0,3
raw,start_total_in_courses,total_reg_credits,-511.0,1
raw,start_total_in_courses,total_reg_credits,-510.0,1
raw,start_total_in_courses,total_reg_credits,-509.0,1
raw,start_total_in_courses,total_reg_credits,-508.5,2
raw,start_total_in_courses,total_reg_credits,-506.0,1
raw,start_total_in_courses,total_reg_credits,-503.5,1
raw,start_total_in_courses,total_reg_credits,-502.5,1
raw,start_total_in_courses,total_reg_credits,-501.0,2
raw,start_total_in_courses,total_reg_credits,-497.0,1
raw,start_total_in_courses,total_reg_credits,-496.0,1
raw,start_total_in_courses,total_reg_credits,-495.0,1
raw,start_total_in_courses,total_reg_credits,-494.0,3
raw,start_total_in_courses,total_reg_credits,-492.5,1
raw,start_total_in_courses,total_reg_credits,-491.0,2
raw,start_total_in_courses,total_reg_credits,-490.5,1
raw,start_total_in_courses,total_reg_credits,-490.0,1
raw,start_total_in_courses,total_reg_credits,-487.0,3
raw,start_total_in_courses,total_reg_credits,-486.0,1
raw,start_total_in_courses,total_reg_credits,-485.0,1
raw,start_total_in_courses,total_reg_credits,-484.0,1
raw,start_total_in_courses,total_reg_credits,-483.0,1
raw,start_total_in_courses,total_reg_credits,-482.0,2
raw,start_total_in_courses,total_reg_credits,-480.0,1
raw,start_total_in_courses,total_reg_credits,-479.5,1
raw,start_total_in_courses,total_reg_credits,-479.0,1
raw,start_total_in_courses,total_reg_credits,-477.0,1
raw,start_total_in_courses,total_reg_credits,-476.0,1
raw,start_total_in_courses,total_reg_credits,-475.5,1
raw,start_total_in_courses,total_reg_credits,-474.0,1
raw,start_total_in_courses,total_reg_credits,-473.5,1
raw,start_total_in_courses,total_reg_credits,-473.0,1
raw,start_total_in_courses,total_reg_credits,-471.5,1
raw,start_total_in_courses,total_reg_credits,-469.0,2
raw,start_total_in_courses,total_reg_credits,-467.0,1
raw,start_total_in_courses,total_reg_credits,-466.0,2
raw,start_total_in_courses,total_reg_credits,-465.5,1
raw,start_total_in_courses,total_reg_credits,-464.0,2
raw,start_total_in_courses,total_reg_credits,-461.0,1
raw,start_total_in_courses,total_reg_credits,-459.5,1
raw,start_total_in_courses,total_reg_credits,-457.5,1
raw,start_total_in_courses,total_reg_credits,-456.0,1
raw,start_total_in_courses,total_reg_credits,-455.0,3
raw,start_total_in_courses,total_reg_credits,-454.0,1
raw,start_total_in_courses,total_reg_credits,-452.0,1
raw,start_total_in_courses,total_reg_credits,-450.0,2
raw,start_total_in_courses,total_reg_credits,-449.0,1
raw,start_total_in_courses,total_reg_credits,-447.5,3
raw,start_total_in_courses,total_reg_credits,-447.0,1
raw,start_total_in_courses,total_reg_credits,-446.0,2
raw,start_total_in_courses,total_reg_credits,-444.5,1
raw,start_total_in_courses,total_reg_credits,-444.0,1
raw,start_total_in_courses,total_reg_credits,-443.5,2
raw,start_total_in_courses,total_reg_credits,-442.5,1
raw,start_total_in_courses,total_reg_credits,-442.0,1
raw,start_total_in_courses,total_reg_credits,-441.5,1
raw,start_total_in_courses,total_reg_credits,-440.5,2
raw,start_total_in_courses,total_reg_credits,-440.0,2
raw,start_total_in_courses,total_reg_credits,-439.5,2
raw,start_total_in_courses,total_reg_credits,-439.0,1
raw,start_total_in_courses,total_reg_credits,-436.0,1
raw,start_total_in_courses,total_reg_credits,-434.5,1
raw,start_total_in_courses,total_reg_credits,-433.5,1
raw,start_total_in_courses,total_reg_credits,-433.0,2
raw,start_total_in_courses,total_reg_credits,-432.0,1
raw,start_total_in_courses,total_reg_credits,-430.5,1
raw,start_total_in_courses,total_reg_credits,-429.0,2
raw,start_total_in_courses,total_reg_credits,-428.5,2
raw,start_total_in_courses,total_reg_credits,-428.0,1
raw,start_total_in_courses,total_reg_credits,-427.0,2
raw,start_total_in_courses,total_reg_credits,-426.5,1
raw,start_total_in_courses,total_reg_credits,-426.0,1
raw,start_total_in_courses,total_reg_credits,-425.0,2
raw,start_total_in_courses,total_reg_credits,-424.5,1
raw,start_total_in_courses,total_reg_credits,-424.0,4
raw,start_total_in_courses,total_reg_credits,-423.0,2
raw,start_total_in_courses,total_reg_credits,-422.0,1
raw,start_total_in_courses,total_reg_credits,-420.5,2
raw,start_total_in_courses,total_reg_credits,-419.5,2
raw,start_total_in_courses,total_reg_credits,-419.0,1
raw,start_total_in_courses,total_reg_credits,-417.5,3
raw,start_total_in_courses,total_reg_credits,-417.0,1
raw,start_total_in_courses,total_reg_credits,-416.5,3
raw,start_total_in_courses,total_reg_credits,-415.5,1
raw,start_total_in_courses,total_reg_credits,-414.5,1
raw,start_total_in_courses,total_reg_credits,-414.0,1
raw,start_total_in_courses,total_reg_credits,-413.0,2
raw,start_total_in_courses,total_reg_credits,-412.5,3
raw,start_total_in_courses,total_reg_credits,-412.0,1
raw,start_total_in_courses,total_reg_credits,-411.5,1
raw,start_total_in_courses,total_reg_credits,-411.0,1
raw,start_total_in_courses,total_reg_credits,-410.0,1
raw,start_total_in_courses,total_reg_credits,-409.0,6
raw,start_total_in_courses,total_reg_credits,-408.5,2
raw,start_total_in_courses,total_reg_credits,-408.0,1
raw,start_total_in_courses,total_reg_credits,-407.0,2
raw,start_total_in_courses,total_reg_credits,-405.5,3
raw,start_total_in_courses,total_reg_credits,-405.0,1
raw,start_total_in_courses,total_reg_credits,-404.5,3
raw,start_total_in_courses,total_reg_credits,-404.0,4
raw,start_total_in_courses,total_reg_credits,-401.5,1
raw,start_total_in_courses,total_reg_credits,-400.0,3
raw,start_total_in_courses,total_reg_credits,-399.0,2
raw,start_total_in_courses,total_reg_credits,-398.5,1
raw,start_total_in_courses,total_reg_credits,-398.0,1
raw,start_total_in_courses,total_reg_credits,-397.5,1
raw,start_total_in_courses,total_reg_credits,-396.5,2
raw,start_total_in_courses,total_reg_credits,-396.0,1
raw,start_total_in_courses,total_reg_credits,-395.0,4
raw,start_total_in_courses,total_reg_credits,-394.5,1
raw,start_total_in_courses,total_reg_credits,-394.0,1
raw,start_total_in_courses,total_reg_credits,-393.0,4
raw,start_total_in_courses,total_reg_credits,-391.5,1
raw,start_total_in_courses,total_reg_credits,-390.5,1
raw,start_total_in_courses,total_reg_credits,-390.0,3
raw,start_total_in_courses,total_reg_credits,-389.5,1
raw,start_total_in_courses,total_reg_credits,-388.5,2
raw,start_total_in_courses,total_reg_credits,-388.0,2
raw,start_total_in_courses,total_reg_credits,-387.0,2
raw,start_total_in_courses,total_reg_credits,-386.5,2
raw,start_total_in_courses,total_reg_credits,-386.0,4
raw,start_total_in_courses,total_reg_credits,-385.5,1
raw,start_total_in_courses,total_reg_credits,-385.0,2
raw,start_total_in_courses,total_reg_credits,-384.5,4
raw,start_total_in_courses,total_reg_credits,-383.0,3
raw,start_total_in_courses,total_reg_credits,-382.5,2
raw,start_total_in_courses,total_reg_credits,-382.0,1
raw,start_total_in_courses,total_reg_credits,-381.5,3
raw,start_total_in_courses,total_reg_credits,-381.0,1
raw,start_total_in_courses,total_reg_credits,-380.5,1
raw,start_total_in_courses,total_reg_credits,-380.0,3
raw,start_total_in_courses,total_reg_credits,-379.5,1
raw,start_total_in_courses,total_reg_credits,-379.0,3
raw,start_total_in_courses,total_reg_credits,-378.5,1
raw,start_total_in_courses,total_reg_credits,-377.5,1
raw,start_total_in_courses,total_reg_credits,-376.5,2
raw,start_total_in_courses,total_reg_credits,-376.0,3
raw,start_total_in_courses,total_reg_credits,-375.5,1
raw,start_total_in_courses,total_reg_credits,-375.0,1
raw,start_total_in_courses,total_reg_credits,-374.5,1
raw,start_total_in_courses,total_reg_credits,-374.0,3
raw,start_total_in_courses,total_reg_credits,-373.0,4
raw,start_total_in_courses,total_reg_credits,-372.5,1
raw,start_total_in_courses,total_reg_credits,-372.0,3
raw,start_total_in_courses,total_reg_credits,-371.5,3
raw,start_total_in_courses,total_reg_credits,-371.0,4
raw,start_total_in_courses,total_reg_credits,-370.5,3
raw,start_total_in_courses,total_reg_credits,-369.5,2
raw,start_total_in_courses,total_reg_credits,-369.0,4
raw,start_total_in_courses,total_reg_credits,-368.0,1
raw,start_total_in_courses,total_reg_credits,-367.5,1
raw,start_total_in_courses,total_reg_credits,-367.0,6
raw,start_total_in_courses,total_reg_credits,-366.5,1
raw,start_total_in_courses,total_reg_credits,-366.0,3
raw,start_total_in_courses,total_reg_credits,-365.5,3
raw,start_total_in_courses,total_reg_credits,-365.0,7
raw,start_total_in_courses,total_reg_credits,-364.5,2
raw,start_total_in_courses,total_reg_credits,-364.0,6
raw,start_total_in_courses,total_reg_credits,-363.5,1
raw,start_total_in_courses,total_reg_credits,-363.0,2
raw,start_total_in_courses,total_reg_credits,-362.5,3
raw,start_total_in_courses,total_reg_credits,-362.0,2
raw,start_total_in_courses,total_reg_credits,-361.5,5
raw,start_total_in_courses,total_reg_credits,-361.0,1
raw,start_total_in_courses,total_reg_credits,-360.5,1
raw,start_total_in_courses,total_reg_credits,-360.0,6
raw,start_total_in_courses,total_reg_credits,-359.5,3
raw,start_total_in_courses,total_reg_credits,-358.5,3
raw,start_total_in_courses,total_reg_credits,-358.0,6
raw,start_total_in_courses,total_reg_credits,-357.5,3
raw,start_total_in_courses,total_reg_credits,-357.0,3
raw,start_total_in_courses,total_reg_credits,-356.5,4
raw,start_total_in_courses,total_reg_credits,-356.0,2
raw,start_total_in_courses,total_reg_credits,-355.5,1
raw,start_total_in_courses,total_reg_credits,-355.0,6
raw,start_total_in_courses,total_reg_credits,-354.5,2
raw,start_total_in_courses,total_reg_credits,-354.0,1
raw,start_total_in_courses,total_reg_credits,-353.5,3
raw,start_total_in_courses,total_reg_credits,-353.0,3
raw,start_total_in_courses,total_reg_credits,-352.0,8
raw,start_total_in_courses,total_reg_credits,-351.5,1
raw,start_total_in_courses,total_reg_credits,-351.0,1
raw,start_total_in_courses,total_reg_credits,-350.5,2
raw,start_total_in_courses,total_reg_credits,-350.0,5
raw,start_total_in_courses,total_reg_credits,-349.5,1
raw,start_total_in_courses,total_reg_credits,-349.0,6
raw,start_total_in_courses,total_reg_credits,-348.5,4
raw,start_total_in_courses,total_reg_credits,-348.0,7
raw,start_total_in_courses,total_reg_credits,-347.5,3
raw,start_total_in_courses,total_reg_credits,-347.0,8
raw,start_total_in_courses,total_reg_credits,-346.5,1
raw,start_total_in_courses,total_reg_credits,-346.0,6
raw,start_total_in_courses,total_reg_credits,-345.5,4
raw,start_total_in_courses,total_reg_credits,-345.0,8
raw,start_total_in_courses,total_reg_credits,-344.5,3
raw,start_total_in_courses,total_reg_credits,-344.0,2
raw,start_total_in_courses,total_reg_credits,-343.5,3
raw,start_total_in_courses,total_reg_credits,-343.0,6
raw,start_total_in_courses,total_reg_credits,-342.5,3
raw,start_total_in_courses,total_reg_credits,-342.0,5
raw,start_total_in_courses,total_reg_credits,-341.5,1
raw,start_total_in_courses,total_reg_credits,-341.0,7
raw,start_total_in_courses,total_reg_credits,-340.5,4
raw,start_total_in_courses,total_reg_credits,-340.0,2
raw,start_total_in_courses,total_reg_credits,-339.5,2
raw,start_total_in_courses,total_reg_credits,-339.0,3
raw,start_total_in_courses,total_reg_credits,-338.5,3
raw,start_total_in_courses,total_reg_credits,-338.0,7
raw,start_total_in_courses,total_reg_credits,-337.5,2
raw,start_total_in_courses,total_reg_credits,-337.0,4
raw,start_total_in_courses,total_reg_credits,-336.5,2
raw,start_total_in_courses,total_reg_credits,-336.0,8
raw,start_total_in_courses,total_reg_credits,-335.5,3
raw,start_total_in_courses,total_reg_credits,-335.0,7
raw,start_total_in_courses,total_reg_credits,-334.5,5
raw,start_total_in_courses,total_reg_credits,-334.0,13
raw,start_total_in_courses,total_reg_credits,-333.5,4
raw,start_total_in_courses,total_reg_credits,-333.0,3
raw,start_total_in_courses,total_reg_credits,-332.5,4
raw,start_total_in_courses,total_reg_credits,-332.0,5
raw,start_total_in_courses,total_reg_credits,-331.5,4
raw,start_total_in_courses,total_reg_credits,-331.0,9
raw,start_total_in_courses,total_reg_credits,-330.5,2
raw,start_total_in_courses,total_reg_credits,-330.0,10
raw,start_total_in_courses,total_reg_credits,-329.5,2
raw,start_total_in_courses,total_reg_credits,-329.0,4
raw,start_total_in_courses,total_reg_credits,-328.5,1
raw,start_total_in_courses,total_reg_credits,-328.0,8
raw,start_total_in_courses,total_reg_credits,-327.5,2
raw,start_total_in_courses,total_reg_credits,-327.0,4
raw,start_total_in_courses,total_reg_credits,-326.5,4
raw,start_total_in_courses,total_reg_credits,-326.0,6
raw,start_total_in_courses,total_reg_credits,-325.5,3
raw,start_total_in_courses,total_reg_credits,-325.0,7
raw,start_total_in_courses,total_reg_credits,-324.5,3
raw,start_total_in_courses,total_reg_credits,-324.0,8
raw,start_total_in_courses,total_reg_credits,-323.5,1
raw,start_total_in_courses,total_reg_credits,-323.0,4
raw,start_total_in_courses,total_reg_credits,-322.5,6
raw,start_total_in_courses,total_reg_credits,-322.0,10
raw,start_total_in_courses,total_reg_credits,-321.5,4
raw,start_total_in_courses,total_reg_credits,-321.0,8
raw,start_total_in_courses,total_reg_credits,-320.5,3
raw,start_total_in_courses,total_reg_credits,-320.0,9
raw,start_total_in_courses,total_reg_credits,-319.5,1
raw,start_total_in_courses,total_reg_credits,-319.0,9
raw,start_total_in_courses,total_reg_credits,-318.5,1
raw,start_total_in_courses,total_reg_credits,-318.0,9
raw,start_total_in_courses,total_reg_credits,-317.5,2
raw,start_total_in_courses,total_reg_credits,-317.0,10
raw,start_total_in_courses,total_reg_credits,-316.5,8
raw,start_total_in_courses,total_reg_credits,-316.0,9
raw,start_total_in_courses,total_reg_credits,-315.5,3
raw,start_total_in_courses,total_reg_credits,-315.0,11
raw,start_total_in_courses,total_reg_credits,-314.5,4
raw,start_total_in_courses,total_reg_credits,-314.0,11
raw,start_total_in_courses,total_reg_credits,-313.5,5
raw,start_total_in_courses,total_reg_credits,-313.0,6
raw,start_total_in_courses,total_reg_credits,-312.5,2
raw,start_total_in_courses,total_reg_credits,-312.0,7
raw,start_total_in_courses,total_reg_credits,-311.5,4
raw,start_total_in_courses,total_reg_credits,-311.0,14
raw,start_total_in_courses,total_reg_credits,-310.5,3
raw,start_total_in_courses,total_reg_credits,-310.0,19
raw,start_total_in_courses,total_reg_credits,-309.5,7
raw,start_total_in_courses,total_reg_credits,-309.0,13
raw,start_total_in_courses,total_reg_credits,-308.5,5
raw,start_total_in_courses,total_reg_credits,-308.0,15
raw,start_total_in_courses,total_reg_credits,-307.5,2
raw,start_total_in_courses,total_reg_credits,-307.0,6
raw,start_total_in_courses,total_reg_credits,-306.5,4
raw,start_total_in_courses,total_reg_credits,-306.0,7
raw,start_total_in_courses,total_reg_credits,-305.5,3
raw,start_total_in_courses,total_reg_credits,-305.0,10
raw,start_total_in_courses,total_reg_credits,-304.5,4
raw,start_total_in_courses,total_reg_credits,-304.0,11
raw,start_total_in_courses,total_reg_credits,-303.5,9
raw,start_total_in_courses,total_reg_credits,-303.0,12
raw,start_total_in_courses,total_reg_credits,-302.5,1
raw,start_total_in_courses,total_reg_credits,-302.0,11
raw,start_total_in_courses,total_reg_credits,-301.5,6
raw,start_total_in_courses,total_reg_credits,-301.0,6
raw,start_total_in_courses,total_reg_credits,-300.5,2
raw,start_total_in_courses,total_reg_credits,-300.0,11
raw,start_total_in_courses,total_reg_credits,-299.5,4
raw,start_total_in_courses,total_reg_credits,-299.0,7
raw,start_total_in_courses,total_reg_credits,-298.5,8
raw,start_total_in_courses,total_reg_credits,-298.0,19
raw,start_total_in_courses,total_reg_credits,-297.5,6
raw,start_total_in_courses,total_reg_credits,-297.0,10
raw,start_total_in_courses,total_reg_credits,-296.5,4
raw,start_total_in_courses,total_reg_credits,-296.0,12
raw,start_total_in_courses,total_reg_credits,-295.5,6
raw,start_total_in_courses,total_reg_credits,-295.0,10
raw,start_total_in_courses,total_reg_credits,-294.5,4
raw,start_total_in_courses,total_reg_credits,-294.0,12
raw,start_total_in_courses,total_reg_credits,-293.5,2
raw,start_total_in_courses,total_reg_credits,-293.0,15
raw,start_total_in_courses,total_reg_credits,-292.5,6
raw,start_total_in_courses,total_reg_credits,-292.0,10
raw,start_total_in_courses,total_reg_credits,-291.5,5
raw,start_total_in_courses,total_reg_credits,-291.0,14
raw,start_total_in_courses,total_reg_credits,-290.5,6
raw,start_total_in_courses,total_reg_credits,-290.0,9
raw,start_total_in_courses,total_reg_credits,-289.5,7
raw,start_total_in_courses,total_reg_credits,-289.0,13
raw,start_total_in_courses,total_reg_credits,-288.5,3
raw,start_total_in_courses,total_reg_credits,-288.0,13
raw,start_total_in_courses,total_reg_credits,-287.5,6
raw,start_total_in_courses,total_reg_credits,-287.0,21
raw,start_total_in_courses,total_reg_credits,-286.5,9
raw,start_total_in_courses,total_reg_credits,-286.0,14
raw,start_total_in_courses,total_reg_credits,-285.5,6
raw,start_total_in_courses,total_reg_credits,-285.0,8
raw,start_total_in_courses,total_reg_credits,-284.5,6
raw,start_total_in_courses,total_reg_credits,-284.0,12
raw,start_total_in_courses,total_reg_credits,-283.5,5
raw,start_total_in_courses,total_reg_credits,-283.0,20
raw,start_total_in_courses,total_reg_credits,-282.5,4
raw,start_total_in_courses,total_reg_credits,-282.0,11
raw,start_total_in_courses,total_reg_credits,-281.5,7
raw,start_total_in_courses,total_reg_credits,-281.0,16
raw,start_total_in_courses,total_reg_credits,-280.5,2
raw,start_total_in_courses,total_reg_credits,-280.0,22
raw,start_total_in_courses,total_reg_credits,-279.5,5
raw,start_total_in_courses,total_reg_credits,-279.0,23
raw,start_total_in_courses,total_reg_credits,-278.5,6
raw,start_total_in_courses,total_reg_credits,-278.0,16
raw,start_total_in_courses,total_reg_credits,-277.5,5
raw,start_total_in_courses,total_reg_credits,-277.0,17
raw,start_total_in_courses,total_reg_credits,-276.5,2
raw,start_total_in_courses,total_reg_credits,-276.0,23
raw,start_total_in_courses,total_reg_credits,-275.5,6
raw,start_total_in_courses,total_reg_credits,-275.0,17
raw,start_total_in_courses,total_reg_credits,-274.5,13
raw,start_total_in_courses,total_reg_credits,-274.0,25
raw,start_total_in_courses,total_reg_credits,-273.5,3
raw,start_total_in_courses,total_reg_credits,-273.0,29
raw,start_total_in_courses,total_reg_credits,-272.5,9
raw,start_total_in_courses,total_reg_credits,-272.0,22
raw,start_total_in_courses,total_reg_credits,-271.5,8
raw,start_total_in_courses,total_reg_credits,-271.0,23
raw,start_total_in_courses,total_reg_credits,-270.5,5
raw,start_total_in_courses,total_reg_credits,-270.0,21
raw,start_total_in_courses,total_reg_credits,-269.5,9
raw,start_total_in_courses,total_reg_credits,-269.0,25
raw,start_total_in_courses,total_reg_credits,-268.5,4
raw,start_total_in_courses,total_reg_credits,-268.0,25
raw,start_total_in_courses,total_reg_credits,-267.5,8
raw,start_total_in_courses,total_reg_credits,-267.0,32
raw,start_total_in_courses,total_reg_credits,-266.5,8
raw,start_total_in_courses,total_reg_credits,-266.0,31
raw,start_total_in_courses,total_reg_credits,-265.5,10
raw,start_total_in_courses,total_reg_credits,-265.0,31
raw,start_total_in_courses,total_reg_credits,-264.5,6
raw,start_total_in_courses,total_reg_credits,-264.0,22
raw,start_total_in_courses,total_reg_credits,-263.5,9
raw,start_total_in_courses,total_reg_credits,-263.0,28
raw,start_total_in_courses,total_reg_credits,-262.5,9
raw,start_total_in_courses,total_reg_credits,-262.0,28
raw,start_total_in_courses,total_reg_credits,-261.5,2
raw,start_total_in_courses,total_reg_credits,-261.0,29
raw,start_total_in_courses,total_reg_credits,-260.5,9
raw,start_total_in_courses,total_reg_credits,-260.0,35
raw,start_total_in_courses,total_reg_credits,-259.5,8
raw,start_total_in_courses,total_reg_credits,-259.0,20
raw,start_total_in_courses,total_reg_credits,-258.5,3
raw,start_total_in_courses,total_reg_credits,-258.0,35
raw,start_total_in_courses,total_reg_credits,-257.5,9
raw,start_total_in_courses,total_reg_credits,-257.0,33
raw,start_total_in_courses,total_reg_credits,-256.5,7
raw,start_total_in_courses,total_reg_credits,-256.0,24
raw,start_total_in_courses,total_reg_credits,-255.5,7
raw,start_total_in_courses,total_reg_credits,-255.0,23
raw,start_total_in_courses,total_reg_credits,-254.5,4
raw,start_total_in_courses,total_reg_credits,-254.0,31
raw,start_total_in_courses,total_reg_credits,-253.5,8
raw,start_total_in_courses,total_reg_credits,-253.0,39
raw,start_total_in_courses,total_reg_credits,-252.5,12
raw,start_total_in_courses,total_reg_credits,-252.0,24
raw,start_total_in_courses,total_reg_credits,-251.5,6
raw,start_total_in_courses,total_reg_credits,-251.0,28
raw,start_total_in_courses,total_reg_credits,-250.5,16
raw,start_total_in_courses,total_reg_credits,-250.0,30
raw,start_total_in_courses,total_reg_credits,-249.5,9
raw,start_total_in_courses,total_reg_credits,-249.0,38
raw,start_total_in_courses,total_reg_credits,-248.5,9
raw,start_total_in_courses,total_reg_credits,-248.0,27
raw,start_total_in_courses,total_reg_credits,-247.5,15
raw,start_total_in_courses,total_reg_credits,-247.0,47
raw,start_total_in_courses,total_reg_credits,-246.5,6
raw,start_total_in_courses,total_reg_credits,-246.0,32
raw,start_total_in_courses,total_reg_credits,-245.5,11
raw,start_total_in_courses,total_reg_credits,-245.0,40
raw,start_total_in_courses,total_reg_credits,-244.5,10
raw,start_total_in_courses,total_reg_credits,-244.0,34
raw,start_total_in_courses,total_reg_credits,-243.5,11
raw,start_total_in_courses,total_reg_credits,-243.0,33
raw,start_total_in_courses,total_reg_credits,-242.5,13
raw,start_total_in_courses,total_reg_credits,-242.0,41
raw,start_total_in_courses,total_reg_credits,-241.5,10
raw,start_total_in_courses,total_reg_credits,-241.0,40
raw,start_total_in_courses,total_reg_credits,-240.5,10
raw,start_total_in_courses,total_reg_credits,-240.0,47
raw,start_total_in_courses,total_reg_credits,-239.5,8
raw,start_total_in_courses,total_reg_credits,-239.0,32
raw,start_total_in_courses,total_reg_credits,-238.5,9
raw,start_total_in_courses,total_reg_credits,-238.0,42
raw,start_total_in_courses,total_reg_credits,-237.5,14
raw,start_total_in_courses,total_reg_credits,-237.0,38
raw,start_total_in_courses,total_reg_credits,-236.5,9
raw,start_total_in_courses,total_reg_credits,-236.0,40
raw,start_total_in_courses,total_reg_credits,-235.5,15
raw,start_total_in_courses,total_reg_credits,-235.0,48
raw,start_total_in_courses,total_reg_credits,-234.5,6
raw,start_total_in_courses,total_reg_credits,-234.0,46
raw,start_total_in_courses,total_reg_credits,-233.5,7
raw,start_total_in_courses,total_reg_credits,-233.0,46
raw,start_total_in_courses,total_reg_credits,-232.5,9
raw,start_total_in_courses,total_reg_credits,-232.0,36
raw,start_total_in_courses,total_reg_credits,-231.5,9
raw,start_total_in_courses,total_reg_credits,-231.0,52
raw,start_total_in_courses,total_reg_credits,-230.5,18
raw,start_total_in_courses,total_reg_credits,-230.0,33
raw,start_total_in_courses,total_reg_credits,-229.5,13
raw,start_total_in_courses,total_reg_credits,-229.0,61
raw,start_total_in_courses,total_reg_credits,-228.5,11
raw,start_total_in_courses,total_reg_credits,-228.0,51
raw,start_total_in_courses,total_reg_credits,-227.5,12
raw,start_total_in_courses,total_reg_credits,-227.0,66
raw,start_total_in_courses,total_reg_credits,-226.5,16
raw,start_total_in_courses,total_reg_credits,-226.0,50
raw,start_total_in_courses,total_reg_credits,-225.5,16
raw,start_total_in_courses,total_reg_credits,-225.0,48
raw,start_total_in_courses,total_reg_credits,-224.5,12
raw,start_total_in_courses,total_reg_credits,-224.0,53
raw,start_total_in_courses,total_reg_credits,-223.5,8
raw,start_total_in_courses,total_reg_credits,-223.0,65
raw,start_total_in_courses,total_reg_credits,-222.5,7
raw,start_total_in_courses,total_reg_credits,-222.0,50
raw,start_total_in_courses,total_reg_credits,-221.5,10
raw,start_total_in_courses,total_reg_credits,-221.0,57
raw,start_total_in_courses,total_reg_credits,-220.5,22
raw,start_total_in_courses,total_reg_credits,-220.0,61
raw,start_total_in_courses,total_reg_credits,-219.5,5
raw,start_total_in_courses,total_reg_credits,-219.0,52
raw,start_total_in_courses,total_reg_credits,-218.5,10
raw,start_total_in_courses,total_reg_credits,-218.0,66
raw,start_total_in_courses,total_reg_credits,-217.5,15
raw,start_total_in_courses,total_reg_credits,-217.0,54
raw,start_total_in_courses,total_reg_credits,-216.5,16
raw,start_total_in_courses,total_reg_credits,-216.0,55
raw,start_total_in_courses,total_reg_credits,-215.5,11
raw,start_total_in_courses,total_reg_credits,-215.0,61
raw,start_total_in_courses,total_reg_credits,-214.5,18
raw,start_total_in_courses,total_reg_credits,-214.0,66
raw,start_total_in_courses,total_reg_credits,-213.5,12
raw,start_total_in_courses,total_reg_credits,-213.0,63
raw,start_total_in_courses,total_reg_credits,-212.5,14
raw,start_total_in_courses,total_reg_credits,-212.0,57
raw,start_total_in_courses,total_reg_credits,-211.5,14
raw,start_total_in_courses,total_reg_credits,-211.0,66
raw,start_total_in_courses,total_reg_credits,-210.5,11
raw,start_total_in_courses,total_reg_credits,-210.0,75
raw,start_total_in_courses,total_reg_credits,-209.5,10
raw,start_total_in_courses,total_reg_credits,-209.0,74
raw,start_total_in_courses,total_reg_credits,-208.5,16
raw,start_total_in_courses,total_reg_credits,-208.0,72
raw,start_total_in_courses,total_reg_credits,-207.5,11
raw,start_total_in_courses,total_reg_credits,-207.0,61
raw,start_total_in_courses,total_reg_credits,-206.5,13
raw,start_total_in_courses,total_reg_credits,-206.0,73
raw,start_total_in_courses,total_reg_credits,-205.5,22
raw,start_total_in_courses,total_reg_credits,-205.0,80
raw,start_total_in_courses,total_reg_credits,-204.5,12
raw,start_total_in_courses,total_reg_credits,-204.0,89
raw,start_total_in_courses,total_reg_credits,-203.5,11
raw,start_total_in_courses,total_reg_credits,-203.0,83
raw,start_total_in_courses,total_reg_credits,-202.5,13
raw,start_total_in_courses,total_reg_credits,-202.0,87
raw,start_total_in_courses,total_reg_credits,-201.5,10
raw,start_total_in_courses,total_reg_credits,-201.0,68
raw,start_total_in_courses,total_reg_credits,-200.5,13
raw,start_total_in_courses,total_reg_credits,-200.0,75
raw,start_total_in_courses,total_reg_credits,-199.5,19
raw,start_total_in_courses,total_reg_credits,-199.0,97
raw,start_total_in_courses,total_reg_credits,-198.5,11
raw,start_total_in_courses,total_reg_credits,-198.0,92
raw,start_total_in_courses,total_reg_credits,-197.5,14
raw,start_total_in_courses,total_reg_credits,-197.0,85
raw,start_total_in_courses,total_reg_credits,-196.5,14
raw,start_total_in_courses,total_reg_credits,-196.0,99
raw,start_total_in_courses,total_reg_credits,-195.5,13
raw,start_total_in_courses,total_reg_credits,-195.0,87
raw,start_total_in_courses,total_reg_credits,-194.5,18
raw,start_total_in_courses,total_reg_credits,-194.0,87
raw,start_total_in_courses,total_reg_credits,-193.5,12
raw,start_total_in_courses,total_reg_credits,-193.0,107
raw,start_total_in_courses,total_reg_credits,-192.5,19
raw,start_total_in_courses,total_reg_credits,-192.0,96
raw,start_total_in_courses,total_reg_credits,-191.5,12
raw,start_total_in_courses,total_reg_credits,-191.0,84
raw,start_total_in_courses,total_reg_credits,-190.5,14
raw,start_total_in_courses,total_reg_credits,-190.0,113
raw,start_total_in_courses,total_reg_credits,-189.5,14
raw,start_total_in_courses,total_reg_credits,-189.0,138
raw,start_total_in_courses,total_reg_credits,-188.5,10
raw,start_total_in_courses,total_reg_credits,-188.0,97
raw,start_total_in_courses,total_reg_credits,-187.5,14
raw,start_total_in_courses,total_reg_credits,-187.0,147
raw,start_total_in_courses,total_reg_credits,-186.5,5
raw,start_total_in_courses,total_reg_credits,-186.0,110
raw,start_total_in_courses,total_reg_credits,-185.5,23
raw,start_total_in_courses,total_reg_credits,-185.0,114
raw,start_total_in_courses,total_reg_credits,-184.5,18
raw,start_total_in_courses,total_reg_credits,-184.0,81
raw,start_total_in_courses,total_reg_credits,-183.5,22
raw,start_total_in_courses,total_reg_credits,-183.0,115
raw,start_total_in_courses,total_reg_credits,-182.5,21
raw,start_total_in_courses,total_reg_credits,-182.0,118
raw,start_total_in_courses,total_reg_credits,-181.5,21
raw,start_total_in_courses,total_reg_credits,-181.0,118
raw,start_total_in_courses,total_reg_credits,-180.5,17
raw,start_total_in_courses,total_reg_credits,-180.0,129
raw,start_total_in_courses,total_reg_credits,-179.5,12
raw,start_total_in_courses,total_reg_credits,-179.0,145
raw,start_total_in_courses,total_reg_credits,-178.5,17
raw,start_total_in_courses,total_reg_credits,-178.0,117
raw,start_total_in_courses,total_reg_credits,-177.5,20
raw,start_total_in_courses,total_reg_credits,-177.0,127
raw,start_total_in_courses,total_reg_credits,-176.5,19
raw,start_total_in_courses,total_reg_credits,-176.0,119
raw,start_total_in_courses,total_reg_credits,-175.5,13
raw,start_total_in_courses,total_reg_credits,-175.0,202
raw,start_total_in_courses,total_reg_credits,-174.5,16
raw,start_total_in_courses,total_reg_credits,-174.0,109
raw,start_total_in_courses,total_reg_credits,-173.5,21
raw,start_total_in_courses,total_reg_credits,-173.0,114
raw,start_total_in_courses,total_reg_credits,-172.5,24
raw,start_total_in_courses,total_reg_credits,-172.0,117
raw,start_total_in_courses,total_reg_credits,-171.5,8
raw,start_total_in_courses,total_reg_credits,-171.0,144
raw,start_total_in_courses,total_reg_credits,-170.5,15
raw,start_total_in_courses,total_reg_credits,-170.0,127
raw,start_total_in_courses,total_reg_credits,-169.5,24
raw,start_total_in_courses,total_reg_credits,-169.0,134
raw,start_total_in_courses,total_reg_credits,-168.5,12
raw,start_total_in_courses,total_reg_credits,-168.0,133
raw,start_total_in_courses,total_reg_credits,-167.5,17
raw,start_total_in_courses,total_reg_credits,-167.0,144
raw,start_total_in_courses,total_reg_credits,-166.5,14
raw,start_total_in_courses,total_reg_credits,-166.0,137
raw,start_total_in_courses,total_reg_credits,-165.5,22
raw,start_total_in_courses,total_reg_credits,-165.0,175
raw,start_total_in_courses,total_reg_credits,-164.5,12
raw,start_total_in_courses,total_reg_credits,-164.0,165
raw,start_total_in_courses,total_reg_credits,-163.5,23
raw,start_total_in_courses,total_reg_credits,-163.0,182
raw,start_total_in_courses,total_reg_credits,-162.5,12
raw,start_total_in_courses,total_reg_credits,-162.0,147
raw,start_total_in_courses,total_reg_credits,-161.5,27
raw,start_total_in_courses,total_reg_credits,-161.0,158
raw,start_total_in_courses,total_reg_credits,-160.5,12
raw,start_total_in_courses,total_reg_credits,-160.0,165
raw,start_total_in_courses,total_reg_credits,-159.5,26
raw,start_total_in_courses,total_reg_credits,-159.0,154
raw,start_total_in_courses,total_reg_credits,-158.5,21
raw,start_total_in_courses,total_reg_credits,-158.0,159
raw,start_total_in_courses,total_reg_credits,-157.5,26
raw,start_total_in_courses,total_reg_credits,-157.0,141
raw,start_total_in_courses,total_reg_credits,-156.5,19
raw,start_total_in_courses,total_reg_credits,-156.0,126
raw,start_total_in_courses,total_reg_credits,-155.5,18
raw,start_total_in_courses,total_reg_credits,-155.0,138
raw,start_total_in_courses,total_reg_credits,-154.5,25
raw,start_total_in_courses,total_reg_credits,-154.0,151
raw,start_total_in_courses,total_reg_credits,-153.5,23
raw,start_total_in_courses,total_reg_credits,-153.0,145
raw,start_total_in_courses,total_reg_credits,-152.5,24
raw,start_total_in_courses,total_reg_credits,-152.0,145
raw,start_total_in_courses,total_reg_credits,-151.5,22
raw,start_total_in_courses,total_reg_credits,-151.0,144
raw,start_total_in_courses,total_reg_credits,-150.5,31
raw,start_total_in_courses,total_reg_credits,-150.0,141
raw,start_total_in_courses,total_reg_credits,-149.5,23
raw,start_total_in_courses,total_reg_credits,-149.0,181
raw,start_total_in_courses,total_reg_credits,-148.5,24
raw,start_total_in_courses,total_reg_credits,-148.0,162
raw,start_total_in_courses,total_reg_credits,-147.5,19
raw,start_total_in_courses,total_reg_credits,-147.0,168
raw,start_total_in_courses,total_reg_credits,-146.5,29
raw,start_total_in_courses,total_reg_credits,-146.0,197
raw,start_total_in_courses,total_reg_credits,-145.5,26
raw,start_total_in_courses,total_reg_credits,-145.0,193
raw,start_total_in_courses,total_reg_credits,-144.5,26
raw,start_total_in_courses,total_reg_credits,-144.0,203
raw,start_total_in_courses,total_reg_credits,-143.5,15
raw,start_total_in_courses,total_reg_credits,-143.0,195
raw,start_total_in_courses,total_reg_credits,-142.5,21
raw,start_total_in_courses,total_reg_credits,-142.0,170
raw,start_total_in_courses,total_reg_credits,-141.5,28
raw,start_total_in_courses,total_reg_credits,-141.0,196
raw,start_total_in_courses,total_reg_credits,-140.5,23
raw,start_total_in_courses,total_reg_credits,-140.0,207
raw,start_total_in_courses,total_reg_credits,-139.5,27
raw,start_total_in_courses,total_reg_credits,-139.0,208
raw,start_total_in_courses,total_reg_credits,-138.5,30
raw,start_total_in_courses,total_reg_credits,-138.0,184
raw,start_total_in_courses,total_reg_credits,-137.5,33
raw,start_total_in_courses,total_reg_credits,-137.0,197
raw,start_total_in_courses,total_reg_credits,-136.5,23
raw,start_total_in_courses,total_reg_credits,-136.0,198
raw,start_total_in_courses,total_reg_credits,-135.5,15
raw,start_total_in_courses,total_reg_credits,-135.0,230
raw,start_total_in_courses,total_reg_credits,-134.5,26
raw,start_total_in_courses,total_reg_credits,-134.0,211
raw,start_total_in_courses,total_reg_credits,-133.5,28
raw,start_total_in_courses,total_reg_credits,-133.0,219
raw,start_total_in_courses,total_reg_credits,-132.5,17
raw,start_total_in_courses,total_reg_credits,-132.0,205
raw,start_total_in_courses,total_reg_credits,-131.5,33
raw,start_total_in_courses,total_reg_credits,-131.0,257
raw,start_total_in_courses,total_reg_credits,-130.5,23
raw,start_total_in_courses,total_reg_credits,-130.0,255
raw,start_total_in_courses,total_reg_credits,-129.5,24
raw,start_total_in_courses,total_reg_credits,-129.0,209
raw,start_total_in_courses,total_reg_credits,-128.5,24
raw,start_total_in_courses,total_reg_credits,-128.0,253
raw,start_total_in_courses,total_reg_credits,-127.5,20
raw,start_total_in_courses,total_reg_credits,-127.0,269
raw,start_total_in_courses,total_reg_credits,-126.5,18
raw,start_total_in_courses,total_reg_credits,-126.0,244
raw,start_total_in_courses,total_reg_credits,-125.5,22
raw,start_total_in_courses,total_reg_credits,-125.0,263
raw,start_total_in_courses,total_reg_credits,-124.5,29
raw,start_total_in_courses,total_reg_credits,-124.0,280
raw,start_total_in_courses,total_reg_credits,-123.5,12
raw,start_total_in_courses,total_reg_credits,-123.0,283
raw,start_total_in_courses,total_reg_credits,-122.5,19
raw,start_total_in_courses,total_reg_credits,-122.0,260
raw,start_total_in_courses,total_reg_credits,-121.5,20
raw,start_total_in_courses,total_reg_credits,-121.0,298
raw,start_total_in_courses,total_reg_credits,-120.5,23
raw,start_total_in_courses,total_reg_credits,-120.0,281
raw,start_total_in_courses,total_reg_credits,-119.5,11
raw,start_total_in_courses,total_reg_credits,-119.0,289
raw,start_total_in_courses,total_reg_credits,-118.5,16
raw,start_total_in_courses,total_reg_credits,-118.0,271
raw,start_total_in_courses,total_reg_credits,-117.5,8
raw,start_total_in_courses,total_reg_credits,-117.0,284
raw,start_total_in_courses,total_reg_credits,-116.5,9
raw,start_total_in_courses,total_reg_credits,-116.0,285
raw,start_total_in_courses,total_reg_credits,-115.5,22
raw,start_total_in_courses,total_reg_credits,-115.0,284
raw,start_total_in_courses,total_reg_credits,-114.5,16
raw,start_total_in_courses,total_reg_credits,-114.0,320
raw,start_total_in_courses,total_reg_credits,-113.5,10
raw,start_total_in_courses,total_reg_credits,-113.0,299
raw,start_total_in_courses,total_reg_credits,-112.5,15
raw,start_total_in_courses,total_reg_credits,-112.0,314
raw,start_total_in_courses,total_reg_credits,-111.5,15
raw,start_total_in_courses,total_reg_credits,-111.0,307
raw,start_total_in_courses,total_reg_credits,-110.5,14
raw,start_total_in_courses,total_reg_credits,-110.0,335
raw,start_total_in_courses,total_reg_credits,-109.5,13
raw,start_total_in_courses,total_reg_credits,-109.0,356
raw,start_total_in_courses,total_reg_credits,-108.5,12
raw,start_total_in_courses,total_reg_credits,-108.0,377
raw,start_total_in_courses,total_reg_credits,-107.5,14
raw,start_total_in_courses,total_reg_credits,-107.0,389
raw,start_total_in_courses,total_reg_credits,-106.5,17
raw,start_total_in_courses,total_reg_credits,-106.0,384
raw,start_total_in_courses,total_reg_credits,-105.5,15
raw,start_total_in_courses,total_reg_credits,-105.0,400
raw,start_total_in_courses,total_reg_credits,-104.5,18
raw,start_total_in_courses,total_reg_credits,-104.0,382
raw,start_total_in_courses,total_reg_credits,-103.5,14
raw,start_total_in_courses,total_reg_credits,-103.0,414
raw,start_total_in_courses,total_reg_credits,-102.5,14
raw,start_total_in_courses,total_reg_credits,-102.0,410
raw,start_total_in_courses,total_reg_credits,-101.5,18
raw,start_total_in_courses,total_reg_credits,-101.0,435
raw,start_total_in_courses,total_reg_credits,-100.5,14
raw,start_total_in_courses,total_reg_credits,-100.0,437
raw,start_total_in_courses,total_reg_credits,-99.5,14
raw,start_total_in_courses,total_reg_credits,-99.0,459
raw,start_total_in_courses,total_reg_credits,-98.5,14
raw,start_total_in_courses,total_reg_credits,-98.0,416
raw,start_total_in_courses,total_reg_credits,-97.5,24
raw,start_total_in_courses,total_reg_credits,-97.0,453
raw,start_total_in_courses,total_reg_credits,-96.5,14
raw,start_total_in_courses,total_reg_credits,-96.0,422
raw,start_total_in_courses,total_reg_credits,-95.5,11
raw,start_total_in_courses,total_reg_credits,-95.0,433
raw,start_total_in_courses,total_reg_credits,-94.5,9
raw,start_total_in_courses,total_reg_credits,-94.0,486
raw,start_total_in_courses,total_reg_credits,-93.5,13
raw,start_total_in_courses,total_reg_credits,-93.0,432
raw,start_total_in_courses,total_reg_credits,-92.5,14
raw,start_total_in_courses,total_reg_credits,-92.0,438
raw,start_total_in_courses,total_reg_credits,-91.5,13
raw,start_total_in_courses,total_reg_credits,-91.0,474
raw,start_total_in_courses,total_reg_credits,-90.5,13
raw,start_total_in_courses,total_reg_credits,-90.0,433
raw,start_total_in_courses,total_reg_credits,-89.5,11
raw,start_total_in_courses,total_reg_credits,-89.0,499
raw,start_total_in_courses,total_reg_credits,-88.5,12
raw,start_total_in_courses,total_reg_credits,-88.0,504
raw,start_total_in_courses,total_reg_credits,-87.5,5
raw,start_total_in_courses,total_reg_credits,-87.0,528
raw,start_total_in_courses,total_reg_credits,-86.5,5
raw,start_total_in_courses,total_reg_credits,-86.0,544
raw,start_total_in_courses,total_reg_credits,-85.5,6
raw,start_total_in_courses,total_reg_credits,-85.0,515
raw,start_total_in_courses,total_reg_credits,-84.5,9
raw,start_total_in_courses,total_reg_credits,-84.0,488
raw,start_total_in_courses,total_reg_credits,-83.5,3
raw,start_total_in_courses,total_reg_credits,-83.0,512
raw,start_total_in_courses,total_reg_credits,-82.5,3
raw,start_total_in_courses,total_reg_credits,-82.0,535
raw,start_total_in_courses,total_reg_credits,-81.5,8
raw,start_total_in_courses,total_reg_credits,-81.0,528
raw,start_total_in_courses,total_reg_credits,-80.5,9
raw,start_total_in_courses,total_reg_credits,-80.0,540
raw,start_total_in_courses,total_reg_credits,-79.5,5
raw,start_total_in_courses,total_reg_credits,-79.0,478
raw,start_total_in_courses,total_reg_credits,-78.5,2
raw,start_total_in_courses,total_reg_credits,-78.0,499
raw,start_total_in_courses,total_reg_credits,-77.5,3
raw,start_total_in_courses,total_reg_credits,-77.0,486
raw,start_total_in_courses,total_reg_credits,-76.5,4
raw,start_total_in_courses,total_reg_credits,-76.0,500
raw,start_total_in_courses,total_reg_credits,-75.0,538
raw,start_total_in_courses,total_reg_credits,-74.5,6
raw,start_total_in_courses,total_reg_credits,-74.0,470
raw,start_total_in_courses,total_reg_credits,-73.5,1
raw,start_total_in_courses,total_reg_credits,-73.0,497
raw,start_total_in_courses,total_reg_credits,-72.5,5
raw,start_total_in_courses,total_reg_credits,-72.0,531
raw,start_total_in_courses,total_reg_credits,-71.5,5
raw,start_total_in_courses,total_reg_credits,-71.0,549
raw,start_total_in_courses,total_reg_credits,-70.5,1
raw,start_total_in_courses,total_reg_credits,-70.0,521
raw,start_total_in_courses,total_reg_credits,-69.5,3
raw,start_total_in_courses,total_reg_credits,-69.0,549
raw,start_total_in_courses,total_reg_credits,-68.5,1
raw,start_total_in_courses,total_reg_credits,-68.0,519
raw,start_total_in_courses,total_reg_credits,-67.5,1
raw,start_total_in_courses,total_reg_credits,-67.0,522
raw,start_total_in_courses,total_reg_credits,-66.5,1
raw,start_total_in_courses,total_reg_credits,-66.0,549
raw,start_total_in_courses,total_reg_credits,-65.5,2
raw,start_total_in_courses,total_reg_credits,-65.0,542
raw,start_total_in_courses,total_reg_credits,-64.5,1
raw,start_total_in_courses,total_reg_credits,-64.0,564
raw,start_total_in_courses,total_reg_credits,-63.5,1
raw,start_total_in_courses,total_reg_credits,-63.0,568
raw,start_total_in_courses,total_reg_credits,-62.5,1
raw,start_total_in_courses,total_reg_credits,-62.0,530
raw,start_total_in_courses,total_reg_credits,-61.0,568
raw,start_total_in_courses,total_reg_credits,-60.0,549
raw,start_total_in_courses,total_reg_credits,-59.5,1
raw,start_total_in_courses,total_reg_credits,-59.0,567
raw,start_total_in_courses,total_reg_credits,-58.5,1
raw,start_total_in_courses,total_reg_credits,-58.0,594
raw,start_total_in_courses,total_reg_credits,-57.0,585
raw,start_total_in_courses,total_reg_credits,-56.0,566
raw,start_total_in_courses,total_reg_credits,-55.0,633
raw,start_total_in_courses,total_reg_credits,-54.5,1
raw,start_total_in_courses,total_reg_credits,-54.0,599
raw,start_total_in_courses,total_reg_credits,-53.5,2
raw,start_total_in_courses,total_reg_credits,-53.0,558
raw,start_total_in_courses,total_reg_credits,-52.5,2
raw,start_total_in_courses,total_reg_credits,-52.0,571
raw,start_total_in_courses,total_reg_credits,-51.0,561
raw,start_total_in_courses,total_reg_credits,-50.5,1
raw,start_total_in_courses,total_reg_credits,-50.0,547
raw,start_total_in_courses,total_reg_credits,-49.5,3
raw,start_total_in_courses,total_reg_credits,-49.0,579
raw,start_total_in_courses,total_reg_credits,-48.0,553
raw,start_total_in_courses,total_reg_credits,-47.5,1
raw,start_total_in_courses,total_reg_credits,-47.0,549
raw,start_total_in_courses,total_reg_credits,-46.5,2
raw,start_total_in_courses,total_reg_credits,-46.0,580
raw,start_total_in_courses,total_reg_credits,-45.5,1
raw,start_total_in_courses,total_reg_credits,-45.0,648
raw,start_total_in_courses,total_reg_credits,-44.5,1
raw,start_total_in_courses,total_reg_credits,-44.0,655
raw,start_total_in_courses,total_reg_credits,-43.0,682
raw,start_total_in_courses,total_reg_credits,-42.0,674
raw,start_total_in_courses,total_reg_credits,-41.0,645
raw,start_total_in_courses,total_reg_credits,-40.0,594
raw,start_total_in_courses,total_reg_credits,-39.0,553
raw,start_total_in_courses,total_reg_credits,-38.0,520
raw,start_total_in_courses,total_reg_credits,-37.0,536
raw,start_total_in_courses,total_reg_credits,-36.5,1
raw,start_total_in_courses,total_reg_credits,-36.0,507
raw,start_total_in_courses,total_reg_credits,-35.5,1
raw,start_total_in_courses,total_reg_credits,-35.0,523
raw,start_total_in_courses,total_reg_credits,-34.0,580
raw,start_total_in_courses,total_reg_credits,-33.0,558
raw,start_total_in_courses,total_reg_credits,-32.0,619
raw,start_total_in_courses,total_reg_credits,-31.5,2
raw,start_total_in_courses,total_reg_credits,-31.0,586
raw,start_total_in_courses,total_reg_credits,-30.0,636
raw,start_total_in_courses,total_reg_credits,-29.5,1
raw,start_total_in_courses,total_reg_credits,-29.0,631
raw,start_total_in_courses,total_reg_credits,-28.0,685
raw,start_total_in_courses,total_reg_credits,-27.5,1
raw,start_total_in_courses,total_reg_credits,-27.0,747
raw,start_total_in_courses,total_reg_credits,-26.0,774
raw,start_total_in_courses,total_reg_credits,-25.0,853
raw,start_total_in_courses,total_reg_credits,-24.0,884
raw,start_total_in_courses,total_reg_credits,-23.0,920
raw,start_total_in_courses,total_reg_credits,-22.0,909
raw,start_total_in_courses,total_reg_credits,-21.0,768
raw,start_total_in_courses,total_reg_credits,-20.0,699
raw,start_total_in_courses,total_reg_credits,-19.0,485
raw,start_total_in_courses,total_reg_credits,-18.5,1
raw,start_total_in_courses,total_reg_credits,-18.0,530
raw,start_total_in_courses,total_reg_credits,-17.0,484
raw,start_total_in_courses,total_reg_credits,-16.0,409
raw,start_total_in_courses,total_reg_credits,-15.0,545
raw,start_total_in_courses,total_reg_credits,-14.5,1
raw,start_total_in_courses,total_reg_credits,-14.0,638
raw,start_total_in_courses,total_reg_credits,-13.0,757
raw,start_total_in_courses,total_reg_credits,-12.5,1
raw,start_total_in_courses,total_reg_credits,-12.0,1183
raw,start_total_in_courses,total_reg_credits,-11.5,1
raw,start_total_in_courses,total_reg_credits,-11.0,1150
raw,start_total_in_courses,total_reg_credits,-10.0,1093
raw,start_total_in_courses,total_reg_credits,-9.0,580
raw,start_total_in_courses,total_reg_credits,-8.0,282
raw,start_total_in_courses,total_reg_credits,-7.0,207
raw,start_total_in_courses,total_reg_credits,-6.5,1
raw,start_total_in_courses,total_reg_credits,-6.0,142
raw,start_total_in_courses,total_reg_credits,-5.0,136
raw,start_total_in_courses,total_reg_credits,-4.0,109
raw,start_total_in_courses,total_reg_credits,-3.0,103
raw,start_total_in_courses,total_reg_credits,-2.0,64
raw,start_total_in_courses,total_reg_credits,-1.0,55
raw,start_total_in_courses,total_reg_credits,0.0,10042
raw,start_total_in_courses,total_reg_credits,1.0,24
raw,start_total_in_courses,total_reg_credits,2.0,35
raw,start_total_in_courses,total_reg_credits,3.0,17
raw,start_total_in_courses,total_reg_credits,4.0,18
raw,start_total_in_courses,total_reg_credits,5.0,18
raw,start_total_in_courses,total_reg_credits,6.0,14
raw,start_total_in_courses,total_reg_credits,7.0,7
raw,start_total_in_courses,total_reg_credits,8.0,10
raw,start_total_in_courses,total_reg_credits,9.0,6
raw,start_total_in_courses,total_reg_credits,10.0,7
raw,start_total_in_courses,total_reg_credits,11.0,3
raw,start_total_in_courses,total_reg_credits,12.0,5
raw,start_total_in_courses,total_reg_credits,13.0,4
raw,start_total_in_courses,total_reg_credits,14.0,3
raw,start_total_in_courses,total_reg_credits,15.0,6
raw,start_total_in_courses,total_reg_credits,16.0,1
raw,start_total_in_courses,total_reg_credits,17.0,2
raw,start_total_in_courses,total_reg_credits,18.0,1
raw,start_total_in_courses,total_reg_credits,20.0,1
raw,start_total_in_courses,total_reg_credits,21.0,1
raw,start_total_in_courses,total_reg_credits,22.0,2
raw,start_total_in_courses,total_reg_credits,23.0,1
raw,start_total_in_courses,total_reg_credits,24.0,1
raw,start_total_in_courses,total_reg_courses,-216.0,2
raw,start_total_in_courses,total_reg_courses,-212.0,2
raw,start_total_in_courses,total_reg_courses,-207.0,3
raw,start_total_in_courses,total_reg_courses,-205.0,1
raw,start_total_in_courses,total_reg_courses,-202.0,1
raw,start_total_in_courses,total_reg_courses,-191.0,1
raw,start_total_in_courses,total_reg_courses,-186.0,1
raw,start_total_in_courses,total_reg_courses,-181.0,1
raw,start_total_in_courses,total_reg_courses,-179.0,1
raw,start_total_in_courses,total_reg_courses,-176.0,2
raw,start_total_in_courses,total_reg_courses,-173.0,1
raw,start_total_in_courses,total_reg_courses,-171.0,1
raw,start_total_in_courses,total_reg_courses,-169.0,1
raw,start_total_in_courses,total_reg_courses,-168.0,1
raw,start_total_in_courses,total_reg_courses,-167.0,2
raw,start_total_in_courses,total_reg_courses,-165.0,1
raw,start_total_in_courses,total_reg_courses,-164.0,1
raw,start_total_in_courses,total_reg_courses,-163.0,2
raw,start_total_in_courses,total_reg_courses,-162.0,2
raw,start_total_in_courses,total_reg_courses,-160.0,2
raw,start_total_in_courses,total_reg_courses,-159.0,2
raw,start_total_in_courses,total_reg_courses,-157.0,2
raw,start_total_in_courses,total_reg_courses,-156.0,1
raw,start_total_in_courses,total_reg_courses,-155.0,1
raw,start_total_in_courses,total_reg_courses,-154.0,2
raw,start_total_in_courses,total_reg_courses,-153.0,2
raw,start_total_in_courses,total_reg_courses,-152.0,2
raw,start_total_in_courses,total_reg_courses,-151.0,1
raw,start_total_in_courses,total_reg_courses,-150.0,1
raw,start_total_in_courses,total_reg_courses,-149.0,1
raw,start_total_in_courses,total_reg_courses,-147.0,2
raw,start_total_in_courses,total_reg_courses,-146.0,1
raw,start_total_in_courses,total_reg_courses,-144.0,1
raw,start_total_in_courses,total_reg_courses,-143.0,2
raw,start_total_in_courses,total_reg_courses,-142.0,3
raw,start_total_in_courses,total_reg_courses,-141.0,2
raw,start_total_in_courses,total_reg_courses,-140.0,2
raw,start_total_in_courses,total_reg_courses,-139.0,1
raw,start_total_in_courses,total_reg_courses,-138.0,2
raw,start_total_in_courses,total_reg_courses,-137.0,1
raw,start_total_in_courses,total_reg_courses,-136.0,3
raw,start_total_in_courses,total_reg_courses,-135.0,2
raw,start_total_in_courses,total_reg_courses,-134.0,1
raw,start_total_in_courses,total_reg_courses,-133.0,11
raw,start_total_in_courses,total_reg_courses,-132.0,5
raw,start_total_in_courses,total_reg_courses,-131.0,1
raw,start_total_in_courses,total_reg_courses,-130.0,1
raw,start_total_in_courses,total_reg_courses,-129.0,3
raw,start_total_in_courses,total_reg_courses,-128.0,1
raw,start_total_in_courses,total_reg_courses,-127.0,4
raw,start_total_in_courses,total_reg_courses,-126.0,1
raw,start_total_in_courses,total_reg_courses,-125.0,1
raw,start_total_in_courses,total_reg_courses,-123.0,3
raw,start_total_in_courses,total_reg_courses,-122.0,1
raw,start_total_in_courses,total_reg_courses,-121.0,5
raw,start_total_in_courses,total_reg_courses,-120.0,1
raw,start_total_in_courses,total_reg_courses,-119.0,2
raw,start_total_in_courses,total_reg_courses,-118.0,6
raw,start_total_in_courses,total_reg_courses,-117.0,4
raw,start_total_in_courses,total_reg_courses,-116.0,3
raw,start_total_in_courses,total_reg_courses,-115.0,7
raw,start_total_in_courses,total_reg_courses,-114.0,5
raw,start_total_in_courses,total_reg_courses,-113.0,4
raw,start_total_in_courses,total_reg_courses,-112.0,5
raw,start_total_in_courses,total_reg_courses,-111.0,2
raw,start_total_in_courses,total_reg_courses,-110.0,4
raw,start_total_in_courses,total_reg_courses,-109.0,10
raw,start_total_in_courses,total_reg_courses,-108.0,7
raw,start_total_in_courses,total_reg_courses,-107.0,9
raw,start_total_in_courses,total_reg_courses,-106.0,4
raw,start_total_in_courses,total_reg_courses,-105.0,3
raw,start_total_in_courses,total_reg_courses,-104.0,8
raw,start_total_in_courses,total_reg_courses,-103.0,6
raw,start_total_in_courses,total_reg_courses,-102.0,7
raw,start_total_in_courses,total_reg_courses,-101.0,6
raw,start_total_in_courses,total_reg_courses,-100.0,8
raw,start_total_in_courses,total_reg_courses,-99.0,4
raw,start_total_in_courses,total_reg_courses,-98.0,12
raw,start_total_in_courses,total_reg_courses,-97.0,13
raw,start_total_in_courses,total_reg_courses,-96.0,10
raw,start_total_in_courses,total_reg_courses,-95.0,9
raw,start_total_in_courses,total_reg_courses,-94.0,14
raw,start_total_in_courses,total_reg_courses,-93.0,12
raw,start_total_in_courses,total_reg_courses,-92.0,12
raw,start_total_in_courses,total_reg_courses,-91.0,28
raw,start_total_in_courses,total_reg_courses,-90.0,18
raw,start_total_in_courses,total_reg_courses,-89.0,20
raw,start_total_in_courses,total_reg_courses,-88.0,11
raw,start_total_in_courses,total_reg_courses,-87.0,28
raw,start_total_in_courses,total_reg_courses,-86.0,17
raw,start_total_in_courses,total_reg_courses,-85.0,17
raw,start_total_in_courses,total_reg_courses,-84.0,25
raw,start_total_in_courses,total_reg_courses,-83.0,17
raw,start_total_in_courses,total_reg_courses,-82.0,13
raw,start_total_in_courses,total_reg_courses,-81.0,28
raw,start_total_in_courses,total_reg_courses,-80.0,21
raw,start_total_in_courses,total_reg_courses,-79.0,39
raw,start_total_in_courses,total_reg_courses,-78.0,30
raw,start_total_in_courses,total_reg_courses,-77.0,32
raw,start_total_in_courses,total_reg_courses,-76.0,34
raw,start_total_in_courses,total_reg_courses,-75.0,36
raw,start_total_in_courses,total_reg_courses,-74.0,41
raw,start_total_in_courses,total_reg_courses,-73.0,57
raw,start_total_in_courses,total_reg_courses,-72.0,58
raw,start_total_in_courses,total_reg_courses,-71.0,55
raw,start_total_in_courses,total_reg_courses,-70.0,72
raw,start_total_in_courses,total_reg_courses,-69.0,59
raw,start_total_in_courses,total_reg_courses,-68.0,70
raw,start_total_in_courses,total_reg_courses,-67.0,66
raw,start_total_in_courses,total_reg_courses,-66.0,81
raw,start_total_in_courses,total_reg_courses,-65.0,67
raw,start_total_in_courses,total_reg_courses,-64.0,78
raw,start_total_in_courses,total_reg_courses,-63.0,65
raw,start_total_in_courses,total_reg_courses,-62.0,91
raw,start_total_in_courses,total_reg_courses,-61.0,107
raw,start_total_in_courses,total_reg_courses,-60.0,81
raw,start_total_in_courses,total_reg_courses,-59.0,97
raw,start_total_in_courses,total_reg_courses,-58.0,102
raw,start_total_in_courses,total_reg_courses,-57.0,109
raw,start_total_in_courses,total_reg_courses,-56.0,124
raw,start_total_in_courses,total_reg_courses,-55.0,98
raw,start_total_in_courses,total_reg_courses,-54.0,115
raw,start_total_in_courses,total_reg_courses,-53.0,142
raw,start_total_in_courses,total_reg_courses,-52.0,147
raw,start_total_in_courses,total_reg_courses,-51.0,146
raw,start_total_in_courses,total_reg_courses,-50.0,153
raw,start_total_in_courses,total_reg_courses,-49.0,178
raw,start_total_in_courses,total_reg_courses,-48.0,170
raw,start_total_in_courses,total_reg_courses,-47.0,171
raw,start_total_in_courses,total_reg_courses,-46.0,213
raw,start_total_in_courses,total_reg_courses,-45.0,189
raw,start_total_in_courses,total_reg_courses,-44.0,191
raw,start_total_in_courses,total_reg_courses,-43.0,219
raw,start_total_in_courses,total_reg_courses,-42.0,206
raw,start_total_in_courses,total_reg_courses,-41.0,237
raw,start_total_in_courses,total_reg_courses,-40.0,237
raw,start_total_in_courses,total_reg_courses,-39.0,287
raw,start_total_in_courses,total_reg_courses,-38.0,256
raw,start_total_in_courses,total_reg_courses,-37.0,287
raw,start_total_in_courses,total_reg_courses,-36.0,295
raw,start_total_in_courses,total_reg_courses,-35.0,314
raw,start_total_in_courses,total_reg_courses,-34.0,337
raw,start_total_in_courses,total_reg_courses,-33.0,330
raw,start_total_in_courses,total_reg_courses,-32.0,335
raw,start_total_in_courses,total_reg_courses,-31.0,389
raw,start_total_in_courses,total_reg_courses,-30.0,406
raw,start_total_in_courses,total_reg_courses,-29.0,441
raw,start_total_in_courses,total_reg_courses,-28.0,481
raw,start_total_in_courses,total_reg_courses,-27.0,468
raw,start_total_in_courses,total_reg_courses,-26.0,588
raw,start_total_in_courses,total_reg_courses,-25.0,575
raw,start_total_in_courses,total_reg_courses,-24.0,623
raw,start_total_in_courses,total_reg_courses,-23.0,684
raw,start_total_in_courses,total_reg_courses,-22.0,739
raw,start_total_in_courses,total_reg_courses,-21.0,761
raw,start_total_in_courses,total_reg_courses,-20.0,840
raw,start_total_in_courses,total_reg_courses,-19.0,915
raw,start_total_in_courses,total_reg_courses,-18.0,1083
raw,start_total_in_courses,total_reg_courses,-17.0,1094
raw,start_total_in_courses,total_reg_courses,-16.0,1175
raw,start_total_in_courses,total_reg_courses,-15.0,1240
raw,start_total_in_courses,total_reg_courses,-14.0,1318
raw,start_total_in_courses,total_reg_courses,-13.0,1385
raw,start_total_in_courses,total_reg_courses,-12.0,1578
raw,start_total_in_courses,total_reg_courses,-11.0,1783
raw,start_total_in_courses,total_reg_courses,-10.0,1916
raw,start_total_in_courses,total_reg_courses,-9.0,2294
raw,start_total_in_courses,total_reg_courses,-8.0,2619
raw,start_total_in_courses,total_reg_courses,-7.0,2742
raw,start_total_in_courses,total_reg_courses,-6.0,3288
raw,start_total_in_courses,total_reg_courses,-5.0,3678
raw,start_total_in_courses,total_reg_courses,-4.0,4214
raw,start_total_in_courses,total_reg_courses,-3.0,4204
raw,start_total_in_courses,total_reg_courses,-2.0,4698
raw,start_total_in_courses,total_reg_courses,-1.0,7010
raw,start_total_in_courses,total_reg_courses,0.0,23176
raw,start_total_in_courses,total_reg_courses,1.0,529
raw,start_total_in_courses,total_reg_courses,2.0,600
raw,start_total_in_courses,total_reg_courses,3.0,875
raw,start_total_in_courses,total_reg_courses,4.0,863
raw,start_total_in_courses,total_reg_courses,5.0,767
raw,start_total_in_courses,total_reg_courses,6.0,780
raw,start_total_in_courses,total_reg_courses,7.0,766
raw,start_total_in_courses,total_reg_courses,8.0,310
raw,start_total_in_courses,total_reg_courses,9.0,315
raw,start_total_in_courses,total_reg_courses,10.0,189
raw,start_total_in_courses,total_reg_courses,11.0,127
raw,start_total_in_courses,total_reg_courses,12.0,124
raw,start_total_in_courses,total_reg_courses,13.0,106
raw,start_total_in_courses,total_reg_courses,14.0,44
raw,start_total_in_courses,total_reg_courses,15.0,61
raw,start_total_in_courses,total_reg_courses,16.0,48
raw,start_total_in_courses,total_reg_courses,17.0,54
raw,start_total_in_courses,total_reg_courses,18.0,36
raw,start_total_in_courses,total_reg_courses,19.0,42
raw,start_total_in_courses,total_reg_courses,20.0,48
raw,start_total_in_courses,total_reg_courses,21.0,34
raw,start_total_in_courses,total_reg_courses,22.0,6
raw,start_total_in_courses,total_reg_courses,23.0,21
raw,start_total_in_courses,total_reg_courses,24.0,25
raw,start_total_in_courses,total_reg_courses,25.0,15
raw,start_total_in_courses,total_reg_courses,26.0,19
raw,start_total_in_courses,total_reg_courses,27.0,11
raw,start_total_in_courses,total_reg_courses,28.0,9
raw,start_total_in_courses,total_reg_courses,29.0,11
raw,start_total_in_courses,total_reg_courses,30.0,19
raw,start_total_in_courses,total_reg_courses,32.0,16
raw,start_total_in_courses,total_reg_courses,33.0,3
raw,start_total_in_courses,total_reg_courses,35.0,4
raw,total_reg_credits,total_reg_courses,0.0,10000
raw,total_reg_credits,total_reg_courses,1.0,4
raw,total_reg_credits,total_reg_courses,2.0,4
raw,total_reg_credits,total_reg_courses,4.0,3
raw,total_reg_credits,total_reg_courses,5.0,8
raw,total_reg_credits,total_reg_courses,6.0,31
raw,total_reg_credits,total_reg_courses,7.0,432
raw,total_reg_credits,total_reg_courses,8.0,573
raw,total_reg_credits,total_reg_courses,9.0,1190
raw,total_reg_credits,total_reg_courses,10.0,1762
raw,total_reg_credits,total_reg_courses,11.0,1367
raw,total_reg_credits,total_reg_courses,12.0,1401
raw,total_reg_credits,total_reg_courses,13.0,326
raw,total_reg_credits,total_reg_courses,14.0,427
raw,total_reg_credits,total_reg_courses,15.0,202
raw,total_reg_credits,total_reg_courses,16.0,439
raw,total_reg_credits,total_reg_courses,17.0,541
raw,total_reg_credits,total_reg_courses,18.0,756
raw,total_reg_credits,total_reg_courses,19.0,806
raw,total_reg_credits,total_reg_courses,20.0,1096
raw,total_reg_credits,total_reg_courses,21.0,1019
raw,total_reg_credits,total_reg_courses,22.0,1154
raw,total_reg_credits,total_reg_courses,23.0,938
raw,total_reg_credits,total_reg_courses,24.0,796
raw,total_reg_credits,total_reg_courses,25.0,720
raw,total_reg_credits,total_reg_courses,26.0,709
raw,total_reg_credits,total_reg_courses,27.0,597
raw,total_reg_credits,total_reg_courses,28.0,617
raw,total_reg_credits,total_reg_courses,29.0,610
raw,total_reg_credits,total_reg_courses,30.0,673
raw,total_reg_credits,total_reg_courses,31.0,681
raw,total_reg_credits,total_reg_courses,32.0,669
raw,total_reg_credits,total_reg_courses,33.0,696
raw,total_reg_credits,total_reg_courses,34.0,651
raw,total_reg_credits,total_reg_courses,35.0,563
raw,total_reg_credits,total_reg_courses,36.0,597
raw,total_reg_credits,total_reg_courses,36.5,2
raw,total_reg_credits,total_reg_courses,37.0,552
raw,total_reg_credits,total_reg_courses,38.0,587
raw,total_reg_credits,total_reg_courses,39.0,599
raw,total_reg_credits,total_reg_courses,40.0,621
raw,total_reg_credits,total_reg_courses,41.0,679
raw,total_reg_credits,total_reg_courses,41.5,2
raw,total_reg_credits,total_reg_courses,42.0,752
raw,total_reg_credits,total_reg_courses,42.5,1
raw,total_reg_credits,total_reg_courses,43.0,746
raw,total_reg_credits,total_reg_courses,44.0,798
raw,total_reg_credits,total_reg_courses,45.0,727
raw,total_reg_credits,total_reg_courses,46.0,669
raw,total_reg_credits,total_reg_courses,47.0,632
raw,total_reg_credits,total_reg_courses,47.5,1
raw,total_reg_credits,total_reg_courses,48.0,613
raw,total_reg_credits,total_reg_courses,48.5,2
raw,total_reg_credits,total_reg_courses,49.0,582
raw,total_reg_credits,total_reg_courses,50.0,548
raw,total_reg_credits,total_reg_courses,51.0,584
raw,total_reg_credits,total_reg_courses,52.0,585
raw,total_reg_credits,total_reg_courses,53.0,570
raw,total_reg_credits,total_reg_courses,54.0,566
raw,total_reg_credits,total_reg_courses,55.0,600
raw,total_reg_credits,total_reg_courses,56.0,607
raw,total_reg_credits,total_reg_courses,57.0,604
raw,total_reg_credits,total_reg_courses,58.0,590
raw,total_reg_credits,total_reg_courses,58.5,1
raw,total_reg_credits,total_reg_courses,59.0,597
raw,total_reg_credits,total_reg_courses,59.5,1
raw,total_reg_credits,total_reg_courses,60.0,614
raw,total_reg_credits,total_reg_courses,60.5,3
raw,total_reg_credits,total_reg_courses,61.0,647
raw,total_reg_credits,total_reg_courses,61.5,1
raw,total_reg_credits,total_reg_courses,62.0,597
raw,total_reg_credits,total_reg_courses,62.5,3
raw,total_reg_credits,total_reg_courses,63.0,597
raw,total_reg_credits,total_reg_courses,64.0,632
raw,total_reg_credits,total_reg_courses,65.0,604
raw,total_reg_credits,total_reg_courses,65.5,3
raw,total_reg_credits,total_reg_courses,66.0,620
raw,total_reg_credits,total_reg_courses,66.5,2
raw,total_reg_credits,total_reg_courses,67.0,603
raw,total_reg_credits,total_reg_courses,67.5,2
raw,total_reg_credits,total_reg_courses,68.0,568
raw,total_reg_credits,total_reg_courses,69.0,577
raw,total_reg_credits,total_reg_courses,69.5,2
raw,total_reg_credits,total_reg_courses,70.0,558
raw,total_reg_credits,total_reg_courses,70.5,3
raw,total_reg_credits,total_reg_courses,71.0,548
raw,total_reg_credits,total_reg_courses,71.5,1
raw,total_reg_credits,total_reg_courses,72.0,528
raw,total_reg_credits,total_reg_courses,73.0,554
raw,total_reg_credits,total_reg_courses,73.5,1
raw,total_reg_credits,total_reg_courses,74.0,577
raw,total_reg_credits,total_reg_courses,74.5,2
raw,total_reg_credits,total_reg_courses,75.0,525
raw,total_reg_credits,total_reg_courses,75.5,3
raw,total_reg_credits,total_reg_courses,76.0,523
raw,total_reg_credits,total_reg_courses,76.5,2
raw,total_reg_credits,total_reg_courses,77.0,539
raw,total_reg_credits,total_reg_courses,77.5,3
raw,total_reg_credits,total_reg_courses,78.0,537
raw,total_reg_credits,total_reg_courses,78.5,5
raw,total_reg_credits,total_reg_courses,79.0,517
raw,total_reg_credits,total_reg_courses,79.5,10
raw,total_reg_credits,total_reg_courses,80.0,565
raw,total_reg_credits,total_reg_courses,80.5,2
raw,total_reg_credits,total_reg_courses,81.0,524
raw,total_reg_credits,total_reg_courses,81.5,2
raw,total_reg_credits,total_reg_courses,82.0,505
raw,total_reg_credits,total_reg_courses,82.5,9
raw,total_reg_credits,total_reg_courses,83.0,491
raw,total_reg_credits,total_reg_courses,83.5,4
raw,total_reg_credits,total_reg_courses,84.0,562
raw,total_reg_credits,total_reg_courses,84.5,11
raw,total_reg_credits,total_reg_courses,85.0,566
raw,total_reg_credits,total_reg_courses,85.5,13
raw,total_reg_credits,total_reg_courses,86.0,537
raw,total_reg_credits,total_reg_courses,86.5,10
raw,total_reg_credits,total_reg_courses,87.0,559
raw,total_reg_credits,total_reg_courses,87.5,11
raw,total_reg_credits,total_reg_courses,88.0,535
raw,total_reg_credits,total_reg_courses,88.5,12
raw,total_reg_credits,total_reg_courses,89.0,564
raw,total_reg_credits,total_reg_courses,89.5,11
raw,total_reg_credits,total_reg_courses,90.0,509
raw,total_reg_credits,total_reg_courses,90.5,12
raw,total_reg_credits,total_reg_courses,91.0,496
raw,total_reg_credits,total_reg_courses,91.5,11
raw,total_reg_credits,total_reg_courses,92.0,490
raw,total_reg_credits,total_reg_courses,92.5,10
raw,total_reg_credits,total_reg_courses,93.0,494
raw,total_reg_credits,total_reg_courses,93.5,17
raw,total_reg_credits,total_reg_courses,94.0,469
raw,total_reg_credits,total_reg_courses,94.5,12
raw,total_reg_credits,total_reg_courses,95.0,488
raw,total_reg_credits,total_reg_courses,95.5,14
raw,total_reg_credits,total_reg_courses,96.0,471
raw,total_reg_credits,total_reg_courses,96.5,17
raw,total_reg_credits,total_reg_courses,97.0,469
raw,total_reg_credits,total_reg_courses,97.5,13
raw,total_reg_credits,total_reg_courses,98.0,464
raw,total_reg_credits,total_reg_courses,98.5,12
raw,total_reg_credits,total_reg_courses,99.0,434
raw,total_reg_credits,total_reg_courses,99.5,14
raw,total_reg_credits,total_reg_courses,100.0,455
raw,total_reg_credits,total_reg_courses,100.5,16
raw,total_reg_credits,total_reg_courses,101.0,405
raw,total_reg_credits,total_reg_courses,101.5,11
raw,total_reg_credits,total_reg_courses,102.0,371
raw,total_reg_credits,total_reg_courses,102.5,16
raw,total_reg_credits,total_reg_courses,103.0,425
raw,total_reg_credits,total_reg_courses,103.5,27
raw,total_reg_credits,total_reg_courses,104.0,467
raw,total_reg_credits,total_reg_courses,104.5,17
raw,total_reg_credits,total_reg_courses,105.0,418
raw,total_reg_credits,total_reg_courses,105.5,21
raw,total_reg_credits,total_reg_courses,106.0,411
raw,total_reg_credits,total_reg_courses,106.5,13
raw,total_reg_credits,total_reg_courses,107.0,370
raw,total_reg_credits,total_reg_courses,107.5,17
raw,total_reg_credits,total_reg_courses,108.0,407
raw,total_reg_credits,total_reg_courses,108.5,26
raw,total_reg_credits,total_reg_courses,109.0,351
raw,total_reg_credits,total_reg_courses,109.5,18
raw,total_reg_credits,total_reg_courses,110.0,342
raw,total_reg_credits,total_reg_courses,110.5,23
raw,total_reg_credits,total_reg_courses,111.0,310
raw,total_reg_credits,total_reg_courses,111.5,26
raw,total_reg_credits,total_reg_courses,112.0,332
raw,total_reg_credits,total_reg_courses,112.5,13
raw,total_reg_credits,total_reg_courses,113.0,275
raw,total_reg_credits,total_reg_courses,113.5,16
raw,total_reg_credits,total_reg_courses,114.0,340
raw,total_reg_credits,total_reg_courses,114.5,15
raw,total_reg_credits,total_reg_courses,115.0,289
raw,total_reg_credits,total_reg_courses,115.5,19
raw,total_reg_credits,total_reg_courses,116.0,300
raw,total_reg_credits,total_reg_courses,116.5,9
raw,total_reg_credits,total_reg_courses,117.0,294
raw,total_reg_credits,total_reg_courses,117.5,12
raw,total_reg_credits,total_reg_courses,118.0,271
raw,total_reg_credits,total_reg_courses,118.5,20
raw,total_reg_credits,total_reg_courses,119.0,285
raw,total_reg_credits,total_reg_courses,119.5,19
raw,total_reg_credits,total_reg_courses,120.0,316
raw,total_reg_credits,total_reg_courses,120.5,15
raw,total_reg_credits,total_reg_courses,121.0,262
raw,total_reg_credits,total_reg_courses,121.5,20
raw,total_reg_credits,total_reg_courses,122.0,259
raw,total_reg_credits,total_reg_courses,122.5,21
raw,total_reg_credits,total_reg_courses,123.0,284
raw,total_reg_credits,total_reg_courses,123.5,23
raw,total_reg_credits,total_reg_courses,124.0,271
raw,total_reg_credits,total_reg_courses,124.5,24
raw,total_reg_credits,total_reg_courses,125.0,252
raw,total_reg_credits,total_reg_courses,125.5,24
raw,total_reg_credits,total_reg_courses,126.0,216
raw,total_reg_credits,total_reg_courses,126.5,28
raw,total_reg_credits,total_reg_courses,127.0,255
raw,total_reg_credits,total_reg_courses,127.5,35
raw,total_reg_credits,total_reg_courses,128.0,228
raw,total_reg_credits,total_reg_courses,128.5,32
raw,total_reg_credits,total_reg_courses,129.0,241
raw,total_reg_credits,total_reg_courses,129.5,28
raw,total_reg_credits,total_reg_courses,130.0,224
raw,total_reg_credits,total_reg_courses,130.5,34
raw,total_reg_credits,total_reg_courses,131.0,216
raw,total_reg_credits,total_reg_courses,131.5,23
raw,total_reg_credits,total_reg_courses,132.0,203
raw,total_reg_credits,total_reg_courses,132.5,31
raw,total_reg_credits,total_reg_courses,133.0,179
raw,total_reg_credits,total_reg_courses,133.5,31
raw,total_reg_credits,total_reg_courses,134.0,187
raw,total_reg_credits,total_reg_courses,134.5,24
raw,total_reg_credits,total_reg_courses,135.0,195
raw,total_reg_credits,total_reg_courses,135.5,25
raw,total_reg_credits,total_reg_courses,136.0,172
raw,total_reg_credits,total_reg_courses,136.5,35
raw,total_reg_credits,total_reg_courses,137.0,165
raw,total_reg_credits,total_reg_courses,137.5,25
raw,total_reg_credits,total_reg_courses,138.0,179
raw,total_reg_credits,total_reg_courses,138.5,18
raw,total_reg_credits,total_reg_courses,139.0,152
raw,total_reg_credits,total_reg_courses,139.5,28
raw,total_reg_credits,total_reg_courses,140.0,167
raw,total_reg_credits,total_reg_courses,140.5,17
raw,total_reg_credits,total_reg_courses,141.0,155
raw,total_reg_credits,total_reg_courses,141.5,29
raw,total_reg_credits,total_reg_courses,142.0,162
raw,total_reg_credits,total_reg_courses,142.5,25
raw,total_reg_credits,total_reg_courses,143.0,153
raw,total_reg_credits,total_reg_courses,143.5,21
raw,total_reg_credits,total_reg_courses,144.0,176
raw,total_reg_credits,total_reg_courses,144.5,32
raw,total_reg_credits,total_reg_courses,145.0,145
raw,total_reg_credits,total_reg_courses,145.5,24
raw,total_reg_credits,total_reg_courses,146.0,163
raw,total_reg_credits,total_reg_courses,146.5,45
raw,total_reg_credits,total_reg_courses,147.0,155
raw,total_reg_credits,total_reg_courses,147.5,32
raw,total_reg_credits,total_reg_courses,148.0,136
raw,total_reg_credits,total_reg_courses,148.5,36
raw,total_reg_credits,total_reg_courses,149.0,121
raw,total_reg_credits,total_reg_courses,149.5,25
raw,total_reg_credits,total_reg_courses,150.0,143
raw,total_reg_credits,total_reg_courses,150.5,27
raw,total_reg_credits,total_reg_courses,151.0,132
raw,total_reg_credits,total_reg_courses,151.5,26
raw,total_reg_credits,total_reg_courses,152.0,117
raw,total_reg_credits,total_reg_courses,152.5,23
raw,total_reg_credits,total_reg_courses,153.0,141
raw,total_reg_credits,total_reg_courses,153.5,25
raw,total_reg_credits,total_reg_courses,154.0,108
raw,total_reg_credits,total_reg_courses,154.5,27
raw,total_reg_credits,total_reg_courses,155.0,113
raw,total_reg_credits,total_reg_courses,155.5,29
raw,total_reg_credits,total_reg_courses,156.0,110
raw,total_reg_credits,total_reg_courses,156.5,27
raw,total_reg_credits,total_reg_courses,157.0,139
raw,total_reg_credits,total_reg_courses,157.5,20
raw,total_reg_credits,total_reg_courses,158.0,129
raw,total_reg_credits,total_reg_courses,158.5,24
raw,total_reg_credits,total_reg_courses,159.0,135
raw,total_reg_credits,total_reg_courses,159.5,25
raw,total_reg_credits,total_reg_courses,160.0,133
raw,total_reg_credits,total_reg_courses,160.5,24
raw,total_reg_credits,total_reg_courses,161.0,156
raw,total_reg_credits,total_reg_courses,161.5,31
raw,total_reg_credits,total_reg_courses,162.0,157
raw,total_reg_credits,total_reg_courses,162.5,23
raw,total_reg_credits,total_reg_courses,163.0,176
raw,total_reg_credits,total_reg_courses,163.5,16
raw,total_reg_credits,total_reg_courses,164.0,100
raw,total_reg_credits,total_reg_courses,164.5,20
raw,total_reg_credits,total_reg_courses,165.0,120
raw,total_reg_credits,total_reg_courses,165.5,16
raw,total_reg_credits,total_reg_courses,166.0,128
raw,total_reg_credits,total_reg_courses,166.5,17
raw,total_reg_credits,total_reg_courses,167.0,108
raw,total_reg_credits,total_reg_courses,167.5,24
raw,total_reg_credits,total_reg_courses,168.0,110
raw,total_reg_credits,total_reg_courses,168.5,20
raw,total_reg_credits,total_reg_courses,169.0,125
raw,total_reg_credits,total_reg_courses,169.5,18
raw,total_reg_credits,total_reg_courses,170.0,116
raw,total_reg_credits,total_reg_courses,170.5,19
raw,total_reg_credits,total_reg_courses,171.0,144
raw,total_reg_credits,total_reg_courses,171.5,19
raw,total_reg_credits,total_reg_courses,172.0,148
raw,total_reg_credits,total_reg_courses,172.5,22
raw,total_reg_credits,total_reg_courses,173.0,120
raw,total_reg_credits,total_reg_courses,173.5,16
raw,total_reg_credits,total_reg_courses,174.0,101
raw,total_reg_credits,total_reg_courses,174.5,18
raw,total_reg_credits,total_reg_courses,175.0,120
raw,total_reg_credits,total_reg_courses,175.5,16
raw,total_reg_credits,total_reg_courses,176.0,95
raw,total_reg_credits,total_reg_courses,176.5,20
raw,total_reg_credits,total_reg_courses,177.0,73
raw,total_reg_credits,total_reg_courses,177.5,17
raw,total_reg_credits,total_reg_courses,178.0,138
raw,total_reg_credits,total_reg_courses,178.5,9
raw,total_reg_credits,total_reg_courses,179.0,101
raw,total_reg_credits,total_reg_courses,179.5,20
raw,total_reg_credits,total_reg_courses,180.0,117
raw,total_reg_credits,total_reg_courses,180.5,20
raw,total_reg_credits,total_reg_courses,181.0,110
raw,total_reg_credits,total_reg_courses,181.5,22
raw,total_reg_credits,total_reg_courses,182.0,103
raw,total_reg_credits,total_reg_courses,182.5,14
raw,total_reg_credits,total_reg_courses,183.0,93
raw,total_reg_credits,total_reg_courses,183.5,10
raw,total_reg_credits,total_reg_courses,184.0,83
raw,total_reg_credits,total_reg_courses,184.5,16
raw,total_reg_credits,total_reg_courses,185.0,73
raw,total_reg_credits,total_reg_courses,185.5,17
raw,total_reg_credits,total_reg_courses,186.0,84
raw,total_reg_credits,total_reg_courses,186.5,19
raw,total_reg_credits,total_reg_courses,187.0,91
raw,total_reg_credits,total_reg_courses,187.5,22
raw,total_reg_credits,total_reg_courses,188.0,71
raw,total_reg_credits,total_reg_courses,188.5,21
raw,total_reg_credits,total_reg_courses,189.0,74
raw,total_reg_credits,total_reg_courses,189.5,18
raw,total_reg_credits,total_reg_courses,190.0,60
raw,total_reg_credits,total_reg_courses,190.5,15
raw,total_reg_credits,total_reg_courses,191.0,72
raw,total_reg_credits,total_reg_courses,191.5,18
raw,total_reg_credits,total_reg_courses,192.0,68
raw,total_reg_credits,total_reg_courses,192.5,16
raw,total_reg_credits,total_reg_courses,193.0,52
raw,total_reg_credits,total_reg_courses,193.5,25
raw,total_reg_credits,total_reg_courses,194.0,66
raw,total_reg_credits,total_reg_courses,194.5,20
raw,total_reg_credits,total_reg_courses,195.0,43
raw,total_reg_credits,total_reg_courses,195.5,21
raw,total_reg_credits,total_reg_courses,196.0,52
raw,total_reg_credits,total_reg_courses,196.5,20
raw,total_reg_credits,total_reg_courses,197.0,54
raw,total_reg_credits,total_reg_courses,197.5,12
raw,total_reg_credits,total_reg_courses,198.0,42
raw,total_reg_credits,total_reg_courses,198.5,18
raw,total_reg_credits,total_reg_courses,199.0,40
raw,total_reg_credits,total_reg_courses,199.5,17
raw,total_reg_credits,total_reg_courses,200.0,50
raw,total_reg_credits,total_reg_courses,200.5,12
raw,total_reg_credits,total_reg_courses,201.0,33
raw,total_reg_credits,total_reg_courses,201.5,18
raw,total_reg_credits,total_reg_courses,202.0,54
raw,total_reg_credits,total_reg_courses,202.5,20
raw,total_reg_credits,total_reg_courses,203.0,46
raw,total_reg_credits,total_reg_courses,203.5,17
raw,total_reg_credits,total_reg_courses,204.0,42
raw,total_reg_credits,total_reg_courses,204.5,20
raw,total_reg_credits,total_reg_courses,205.0,40
raw,total_reg_credits,total_reg_courses,205.5,13
raw,total_reg_credits,total_reg_courses,206.0,42
raw,total_reg_credits,total_reg_courses,206.5,21
raw,total_reg_credits,total_reg_courses,207.0,39
raw,total_reg_credits,total_reg_courses,207.5,14
raw,total_reg_credits,total_reg_courses,208.0,45
raw,total_reg_credits,total_reg_courses,208.5,11
raw,total_reg_credits,total_reg_courses,209.0,25
raw,total_reg_credits,total_reg_courses,209.5,17
raw,total_reg_credits,total_reg_courses,210.0,43
raw,total_reg_credits,total_reg_courses,210.5,15
raw,total_reg_credits,total_reg_courses,211.0,36
raw,total_reg_credits,total_reg_courses,211.5,15
raw,total_reg_credits,total_reg_courses,212.0,29
raw,total_reg_credits,total_reg_courses,212.5,8
raw,total_reg_credits,total_reg_courses,213.0,39
raw,total_reg_credits,total_reg_courses,213.5,8
raw,total_reg_credits,total_reg_courses,214.0,32
raw,total_reg_credits,total_reg_courses,214.5,9
raw,total_reg_credits,total_reg_courses,215.0,30
raw,total_reg_credits,total_reg_courses,215.5,13
raw,total_reg_credits,total_reg_courses,216.0,25
raw,total_reg_credits,total_reg_courses,216.5,15
raw,total_reg_credits,total_reg_courses,217.0,28
raw,total_reg_credits,total_reg_courses,217.5,8
raw,total_reg_credits,total_reg_courses,218.0,31
raw,total_reg_credits,total_reg_courses,218.5,9
raw,total_reg_credits,total_reg_courses,219.0,30
raw,total_reg_credits,total_reg_courses,219.5,20
raw,total_reg_credits,total_reg_courses,220.0,32
raw,total_reg_credits,total_reg_courses,220.5,11
raw,total_reg_credits,total_reg_courses,221.0,26
raw,total_reg_credits,total_reg_courses,221.5,15
raw,total_reg_credits,total_reg_courses,222.0,21
raw,total_reg_credits,total_reg_courses,222.5,5
raw,total_reg_credits,total_reg_courses,223.0,25
raw,total_reg_credits,total_reg_courses,223.5,13
raw,total_reg_credits,total_reg_courses,224.0,25
raw,total_reg_credits,total_reg_courses,224.5,11
raw,total_reg_credits,total_reg_courses,225.0,25
raw,total_reg_credits,total_reg_courses,225.5,15
raw,total_reg_credits,total_reg_courses,226.0,20
raw,total_reg_credits,total_reg_courses,226.5,15
raw,total_reg_credits,total_reg_courses,227.0,26
raw,total_reg_credits,total_reg_courses,227.5,12
raw,total_reg_credits,total_reg_courses,228.0,20
raw,total_reg_credits,total_reg_courses,228.5,10
raw,total_reg_credits,total_reg_courses,229.0,22
raw,total_reg_credits,total_reg_courses,229.5,13
raw,total_reg_credits,total_reg_courses,230.0,14
raw,total_reg_credits,total_reg_courses,230.5,11
raw,total_reg_credits,total_reg_courses,231.0,27
raw,total_reg_credits,total_reg_courses,231.5,7
raw,total_reg_credits,total_reg_courses,232.0,18
raw,total_reg_credits,total_reg_courses,232.5,12
raw,total_reg_credits,total_reg_courses,233.0,22
raw,total_reg_credits,total_reg_courses,233.5,8
raw,total_reg_credits,total_reg_courses,234.0,24
raw,total_reg_credits,total_reg_courses,234.5,5
raw,total_reg_credits,total_reg_courses,235.0,15
raw,total_reg_credits,total_reg_courses,235.5,9
raw,total_reg_credits,total_reg_courses,236.0,16
raw,total_reg_credits,total_reg_courses,236.5,6
raw,total_reg_credits,total_reg_courses,237.0,19
raw,total_reg_credits,total_reg_courses,237.5,9
raw,total_reg_credits,total_reg_courses,238.0,14
raw,total_reg_credits,total_reg_courses,238.5,6
raw,total_reg_credits,total_reg_courses,239.0,18
raw,total_reg_credits,total_reg_courses,239.5,11
raw,total_reg_credits,total_reg_courses,240.0,15
raw,total_reg_credits,total_reg_courses,240.5,6
raw,total_reg_credits,total_reg_courses,241.0,15
raw,total_reg_credits,total_reg_courses,241.5,11
raw,total_reg_credits,total_reg_courses,242.0,13
raw,total_reg_credits,total_reg_courses,242.5,12
raw,total_reg_credits,total_reg_courses,243.0,17
raw,total_reg_credits,total_reg_courses,243.5,6
raw,total_reg_credits,total_reg_courses,244.0,7
raw,total_reg_credits,total_reg_courses,244.5,12
raw,total_reg_credits,total_reg_courses,245.0,19
raw,total_reg_credits,total_reg_courses,245.5,6
raw,total_reg_credits,total_reg_courses,246.0,20
raw,total_reg_credits,total_reg_courses,246.5,7
raw,total_reg_credits,total_reg_courses,247.0,12
raw,total_reg_credits,total_reg_courses,247.5,7
raw,total_reg_credits,total_reg_courses,248.0,8
raw,total_reg_credits,total_reg_courses,248.5,9
raw,total_reg_credits,total_reg_courses,249.0,17
raw,total_reg_credits,total_reg_courses,249.5,7
raw,total_reg_credits,total_reg_courses,250.0,4
raw,total_reg_credits,total_reg_courses,250.5,6
raw,total_reg_credits,total_reg_courses,251.0,22
raw,total_reg_credits,total_reg_courses,251.5,4
raw,total_reg_credits,total_reg_courses,252.0,6
raw,total_reg_credits,total_reg_courses,252.5,14
raw,total_reg_credits,total_reg_courses,253.0,13
raw,total_reg_credits,total_reg_courses,253.5,7
raw,total_reg_credits,total_reg_courses,254.0,13
raw,total_reg_credits,total_reg_courses,254.5,5
raw,total_reg_credits,total_reg_courses,255.0,10
raw,total_reg_credits,total_reg_courses,255.5,5
raw,total_reg_credits,total_reg_courses,256.0,14
raw,total_reg_credits,total_reg_courses,256.5,9
raw,total_reg_credits,total_reg_courses,257.0,12
raw,total_reg_credits,total_reg_courses,257.5,3
raw,total_reg_credits,total_reg_courses,258.0,12
raw,total_reg_credits,total_reg_courses,258.5,8
raw,total_reg_credits,total_reg_courses,259.0,10
raw,total_reg_credits,total_reg_courses,259.5,6
raw,total_reg_credits,total_reg_courses,260.0,14
raw,total_reg_credits,total_reg_courses,260.5,5
raw,total_reg_credits,total_reg_courses,261.0,4
raw,total_reg_credits,total_reg_courses,261.5,7
raw,total_reg_credits,total_reg_courses,262.0,5
raw,total_reg_credits,total_reg_courses,262.5,12
raw,total_reg_credits,total_reg_courses,263.0,7
raw,total_reg_credits,total_reg_courses,263.5,6
raw,total_reg_credits,total_reg_courses,264.0,10
raw,total_reg_credits,total_reg_courses,264.5,4
raw,total_reg_credits,total_reg_courses,265.0,9
raw,total_reg_credits,total_reg_courses,265.5,5
raw,total_reg_credits,total_reg_courses,266.0,6
raw,total_reg_credits,total_reg_courses,266.5,5
raw,total_reg_credits,total_reg_courses,267.0,1
raw,total_reg_credits,total_reg_courses,267.5,3
raw,total_reg_credits,total_reg_courses,268.0,9
raw,total_reg_credits,total_reg_courses,268.5,2
raw,total_reg_credits,total_reg_courses,269.0,8
raw,total_reg_credits,total_reg_courses,269.5,3
raw,total_reg_credits,total_reg_courses,270.0,13
raw,total_reg_credits,total_reg_courses,270.5,5
raw,total_reg_credits,total_reg_courses,271.0,6
raw,total_reg_credits,total_reg_courses,271.5,5
raw,total_reg_credits,total_reg_courses,272.0,12
raw,total_reg_credits,total_reg_courses,272.5,4
raw,total_reg_credits,total_reg_courses,273.0,3
raw,total_reg_credits,total_reg_courses,273.5,5
raw,total_reg_credits,total_reg_courses,274.0,6
raw,total_reg_credits,total_reg_courses,274.5,3
raw,total_reg_credits,total_reg_courses,275.0,10
raw,total_reg_credits,total_reg_courses,275.5,6
raw,total_reg_credits,total_reg_courses,276.0,12
raw,total_reg_credits,total_reg_courses,276.5,7
raw,total_reg_credits,total_reg_courses,277.0,8
raw,total_reg_credits,total_reg_courses,277.5,5
raw,total_reg_credits,total_reg_courses,278.0,6
raw,total_reg_credits,total_reg_courses,278.5,1
raw,total_reg_credits,total_reg_courses,279.0,7
raw,total_reg_credits,total_reg_courses,279.5,3
raw,total_reg_credits,total_reg_courses,280.0,4
raw,total_reg_credits,total_reg_courses,280.5,3
raw,total_reg_credits,total_reg_courses,281.0,6
raw,total_reg_credits,total_reg_courses,281.5,7
raw,total_reg_credits,total_reg_courses,282.0,4
raw,total_reg_credits,total_reg_courses,282.5,5
raw,total_reg_credits,total_reg_courses,283.0,5
raw,total_reg_credits,total_reg_courses,283.5,3
raw,total_reg_credits,total_reg_courses,284.0,5
raw,total_reg_credits,total_reg_courses,284.5,3
raw,total_reg_credits,total_reg_courses,285.0,7
raw,total_reg_credits,total_reg_courses,285.5,5
raw,total_reg_credits,total_reg_courses,286.0,4
raw,total_reg_credits,total_reg_courses,286.5,7
raw,total_reg_credits,total_reg_courses,287.0,3
raw,total_reg_credits,total_reg_courses,287.5,4
raw,total_reg_credits,total_reg_courses,288.0,4
raw,total_reg_credits,total_reg_courses,288.5,3
raw,total_reg_credits,total_reg_courses,289.0,3
raw,total_reg_credits,total_reg_courses,289.5,4
raw,total_reg_credits,total_reg_courses,290.0,4
raw,total_reg_credits,total_reg_courses,291.0,6
raw,total_reg_credits,total_reg_courses,291.5,4
raw,total_reg_credits,total_reg_courses,292.0,3
raw,total_reg_credits,total_reg_courses,292.5,2
raw,total_reg_credits,total_reg_courses,293.0,6
raw,total_reg_credits,total_reg_courses,293.5,3
raw,total_reg_credits,total_reg_courses,294.0,6
raw,total_reg_credits,total_reg_courses,294.5,1
raw,total_reg_credits,total_reg_courses,295.0,3
raw,total_reg_credits,total_reg_courses,295.5,2
raw,total_reg_credits,total_reg_courses,296.0,4
raw,total_reg_credits,total_reg_courses,296.5,3
raw,total_reg_credits,total_reg_courses,297.0,5
raw,total_reg_credits,total_reg_courses,297.5,5
raw,total_reg_credits,total_reg_courses,298.0,2
raw,total_reg_credits,total_reg_courses,298.5,5
raw,total_reg_credits,total_reg_courses,299.0,5
raw,total_reg_credits,total_reg_courses,299.5,5
raw,total_reg_credits,total_reg_courses,300.0,4
raw,total_reg_credits,total_reg_courses,300.5,5
raw,total_reg_credits,total_reg_courses,301.0,4
raw,total_reg_credits,total_reg_courses,301.5,4
raw,total_reg_credits,total_reg_courses,302.0,3
raw,total_reg_credits,total_reg_courses,302.5,2
raw,total_reg_credits,total_reg_courses,303.0,3
raw,total_reg_credits,total_reg_courses,303.5,3
raw,total_reg_credits,total_reg_courses,304.0,5
raw,total_reg_credits,total_reg_courses,304.5,5
raw,total_reg_credits,total_reg_courses,305.0,3
raw,total_reg_credits,total_reg_courses,305.5,5
raw,total_reg_credits,total_reg_courses,306.0,3
raw,total_reg_credits,total_reg_courses,306.5,2
raw,total_reg_credits,total_reg_courses,307.0,2
raw,total_reg_credits,total_reg_courses,307.5,4
raw,total_reg_credits,total_reg_courses,308.0,4
raw,total_reg_credits,total_reg_courses,309.0,3
raw,total_reg_credits,total_reg_courses,310.0,3
raw,total_reg_credits,total_reg_courses,310.5,3
raw,total_reg_credits,total_reg_courses,311.0,2
raw,total_reg_credits,total_reg_courses,311.5,1
raw,total_reg_credits,total_reg_courses,312.0,4
raw,total_reg_credits,total_reg_courses,312.5,2
raw,total_reg_credits,total_reg_courses,313.5,1
raw,total_reg_credits,total_reg_courses,314.0,5
raw,total_reg_credits,total_reg_courses,315.0,4
raw,total_reg_credits,total_reg_courses,315.5,5
raw,total_reg_credits,total_reg_courses,316.0,2
raw,total_reg_credits,total_reg_courses,316.5,1
raw,total_reg_credits,total_reg_courses,317.0,3
raw,total_reg_credits,total_reg_courses,317.5,3
raw,total_reg_credits,total_reg_courses,318.0,1
raw,total_reg_credits,total_reg_courses,318.5,2
raw,total_reg_credits,total_reg_courses,319.0,1
raw,total_reg_credits,total_reg_courses,319.5,1
raw,total_reg_credits,total_reg_courses,320.0,5
raw,total_reg_credits,total_reg_courses,320.5,2
raw,total_reg_credits,total_reg_courses,321.0,3
raw,total_reg_credits,total_reg_courses,321.5,1
raw,total_reg_credits,total_reg_courses,322.0,2
raw,total_reg_credits,total_reg_courses,323.0,3
raw,total_reg_credits,total_reg_courses,324.0,2
raw,total_reg_credits,total_reg_courses,325.0,2
raw,total_reg_credits,total_reg_courses,325.5,1
raw,total_reg_credits,total_reg_courses,326.0,2
raw,total_reg_credits,total_reg_courses,326.5,2
raw,total_reg_credits,total_reg_courses,327.0,4
raw,total_reg_credits,total_reg_courses,327.5,1
raw,total_reg_credits,total_reg_courses,328.0,1
raw,total_reg_credits,total_reg_courses,328.5,3
raw,total_reg_credits,total_reg_courses,329.0,1
raw,total_reg_credits,total_reg_courses,329.5,5
raw,total_reg_credits,total_reg_courses,330.0,1
raw,total_reg_credits,total_reg_courses,330.5,2
raw,total_reg_credits,total_reg_courses,331.0,2
raw,total_reg_credits,total_reg_courses,331.5,1
raw,total_reg_credits,total_reg_courses,332.0,1
raw,total_reg_credits,total_reg_courses,333.0,1
raw,total_reg_credits,total_reg_courses,333.5,1
raw,total_reg_credits,total_reg_courses,334.0,1
raw,total_reg_credits,total_reg_courses,334.5,3
raw,total_reg_credits,total_reg_courses,335.0,1
raw,total_reg_credits,total_reg_courses,336.5,1
raw,total_reg_credits,total_reg_courses,337.0,3
raw,total_reg_credits,total_reg_courses,338.0,2
raw,total_reg_credits,total_reg_courses,338.5,1
raw,total_reg_credits,total_reg_courses,339.0,1
raw,total_reg_credits,total_reg_courses,340.0,5
raw,total_reg_credits,total_reg_courses,340.5,1
raw,total_reg_credits,total_reg_courses,341.0,3
raw,total_reg_credits,total_reg_courses,342.5,4
raw,total_reg_credits,total_reg_courses,343.0,1
raw,total_reg_credits,total_reg_courses,343.5,1
raw,total_reg_credits,total_reg_courses,344.0,3
raw,total_reg_credits,total_reg_courses,345.0,2
raw,total_reg_credits,total_reg_courses,345.5,2
raw,total_reg_credits,total_reg_courses,346.0,2
raw,total_reg_credits,total_reg_courses,346.5,1
raw,total_reg_credits,total_reg_courses,347.0,1
raw,total_reg_credits,total_reg_courses,347.5,2
raw,total_reg_credits,total_reg_courses,348.0,3
raw,total_reg_credits,total_reg_courses,348.5,1
raw,total_reg_credits,total_reg_courses,349.0,4
raw,total_reg_credits,total_reg_courses,349.5,4
raw,total_reg_credits,total_reg_courses,350.0,1
raw,total_reg_credits,total_reg_courses,351.0,1
raw,total_reg_credits,total_reg_courses,351.5,1
raw,total_reg_credits,total_reg_courses,352.5,1
raw,total_reg_credits,total_reg_courses,353.0,2
raw,total_reg_credits,total_reg_courses,353.5,1
raw,total_reg_credits,total_reg_courses,354.0,1
raw,total_reg_credits,total_reg_courses,355.0,1
raw,total_reg_credits,total_reg_courses,357.0,1
raw,total_reg_credits,total_reg_courses,357.5,2
raw,total_reg_credits,total_reg_courses,358.0,1
raw,total_reg_credits,total_reg_courses,359.0,2
raw,total_reg_credits,total_reg_courses,359.5,2
raw,total_reg_credits,total_reg_courses,360.0,2
raw,total_reg_credits,total_reg_courses,360.5,2
raw,total_reg_credits,total_reg_courses,362.0,1
raw,total_reg_credits,total_reg_courses,362.5,1
raw,total_reg_credits,total_reg_courses,363.0,2
raw,total_reg_credits,total_reg_courses,364.5,1
raw,total_reg_credits,total_reg_courses,365.0,2
raw,total_reg_credits,total_reg_courses,366.0,1
raw,total_reg_credits,total_reg_courses,367.0,3
raw,total_reg_credits,total_reg_courses,367.5,5
raw,total_reg_credits,total_reg_courses,369.0,1
raw,total_reg_credits,total_reg_courses,369.5,2
raw,total_reg_credits,total_reg_courses,371.0,1
raw,total_reg_credits,total_reg_courses,373.0,1
raw,total_reg_credits,total_reg_courses,374.0,1
raw,total_reg_credits,total_reg_courses,374.5,1
raw,total_reg_credits,total_reg_courses,375.5,1
raw,total_reg_credits,total_reg_courses,377.0,1
raw,total_reg_credits,total_reg_courses,378.0,1
raw,total_reg_credits,total_reg_courses,378.5,1
raw,total_reg_credits,total_reg_courses,379.0,4
raw,total_reg_credits,total_reg_courses,381.0,1
raw,total_reg_credits,total_reg_courses,382.0,1
raw,total_reg_credits,total_reg_courses,382.5,1
raw,total_reg_credits,total_reg_courses,383.0,2
raw,total_reg_credits,total_reg_courses,385.5,1
raw,total_reg_credits,total_reg_courses,387.0,1
raw,total_reg_credits,total_reg_courses,387.5,1
raw,total_reg_credits,total_reg_courses,388.0,1
raw,total_reg_credits,total_reg_courses,391.0,1
raw,total_reg_credits,total_reg_courses,391.5,1
raw,total_reg_credits,total_reg_courses,392.0,1
raw,total_reg_credits,total_reg_courses,393.0,1
raw,total_reg_credits,total_reg_courses,394.5,1
raw,total_reg_credits,total_reg_courses,395.0,3
raw,total_reg_credits,total_reg_courses,397.0,2
raw,total_reg_credits,total_reg_courses,399.5,1
raw,total_reg_credits,total_reg_courses,400.0,1
raw,total_reg_credits,total_reg_courses,402.0,3
raw,total_reg_credits,total_reg_courses,404.0,1
raw,total_reg_credits,total_reg_courses,405.5,1
raw,total_reg_credits,total_reg_courses,407.5,1
raw,total_reg_credits,total_reg_courses,408.0,1
raw,total_reg_credits,total_reg_courses,411.0,1
raw,total_reg_credits,total_reg_courses,411.5,2
raw,total_reg_credits,total_reg_courses,413.0,2
raw,total_reg_credits,total_reg_courses,413.5,1
raw,total_reg_credits,total_reg_courses,415.0,1
raw,total_reg_credits,total_reg_courses,416.0,1
raw,total_reg_credits,total_reg_courses,416.5,1
raw,total_reg_credits,total_reg_courses,418.0,2
raw,total_reg_credits,total_reg_courses,419.5,1
raw,total_reg_credits,total_reg_courses,420.0,1
raw,total_reg_credits,total_reg_courses,426.0,1
raw,total_reg_credits,total_reg_courses,427.0,2
raw,total_reg_credits,total_reg_courses,428.5,1
raw,total_reg_credits,total_reg_courses,430.5,1
raw,total_reg_credits,total_reg_courses,432.5,1
raw,total_reg_credits,total_reg_courses,433.5,2
raw,total_reg_credits,total_reg_courses,435.5,1
raw,total_reg_credits,total_reg_courses,437.0,1
raw,total_reg_credits,total_reg_courses,441.0,2
raw,total_reg_credits,total_reg_courses,443.0,1
raw,total_reg_credits,total_reg_courses,443.5,1
raw,total_reg_credits,total_reg_courses,447.5,1
raw,total_reg_credits,total_reg_courses,449.0,2
raw,total_reg_credits,total_reg_courses,449.5,1
raw,total_reg_credits,total_reg_courses,450.0,1
raw,total_reg_credits,total_reg_courses,450.5,1
raw,total_reg_credits,total_reg_courses,453.5,1
raw,total_reg_credits,total_reg_courses,455.0,1
raw,total_reg_credits,total_reg_courses,456.0,1
raw,total_reg_credits,total_reg_courses,457.0,1
raw,total_reg_credits,total_reg_courses,457.5,1
raw,total_reg_credits,total_reg_courses,458.0,1
raw,total_reg_credits,total_reg_courses,458.5,1
raw,total_reg_credits,total_reg_courses,459.0,1
raw,total_reg_credits,total_reg_courses,465.0,2
raw,total_reg_credits,total_reg_courses,466.0,2
raw,total_reg_credits,total_reg_courses,466.5,1
raw,total_reg_credits,total_reg_courses,468.5,1
raw,total_reg_credits,total_reg_courses,473.0,1
raw,total_reg_credits,total_reg_courses,474.0,1
raw,total_reg_credits,total_reg_courses,475.5,2
raw,total_reg_credits,total_reg_courses,478.0,1
raw,total_reg_credits,total_reg_courses,489.0,2
raw,total_reg_credits,total_reg_courses,492.5,1
raw,total_reg_credits,total_reg_courses,497.0,1
raw,total_reg_credits,total_reg_courses,512.5,1
raw,total_reg_credits,total_reg_courses,520.0,1
raw,total_reg_credits,total_reg_courses,523.0,1
raw,total_reg_credits,total_reg_courses,532.5,1
raw,total_reg_credits,total_reg_courses,533.5,1
raw,total_reg_credits,total_reg_courses,538.0,1
raw,total_reg_credits,total_reg_courses,543.0,1
raw,total_reg_credits,total_reg_courses,546.5,1
raw,total_reg_credits,total_reg_courses,549.5,1
raw,total_reg_credits,total_reg_courses,557.0,1
raw,total_reg_credits,total_reg_courses,557.5,1
raw,total_reg_credits,total_reg_courses,562.0,1
raw,total_reg_credits,total_reg_courses,566.5,1
raw,total_reg_credits,total_reg_courses,569.0,2
raw,total_reg_credits,total_reg_courses,571.0,1
raw,total_reg_credits,total_reg_courses,575.0,2
raw,total_reg_credits,total_reg_courses,586.5,1
raw,total_reg_credits,total_reg_courses,588.0,1
raw,total_reg_credits,total_reg_courses,590.0,1
raw,total_reg_credits,total_reg_courses,592.0,1
raw,total_reg_credits,total_reg_courses,598.5,1
raw,total_reg_credits,total_reg_courses,603.5,1
raw,total_reg_credits,total_reg_courses,606.5,1
raw,total_reg_credits,total_reg_courses,608.5,1
raw,total_reg_credits,total_reg_courses,610.0,1
raw,total_reg_credits,total_reg_courses,611.0,1
raw,total_reg_credits,total_reg_courses,612.5,1
raw,total_reg_credits,total_reg_courses,613.5,1
raw,total_reg_credits,total_reg_courses,617.0,1
raw,total_reg_credits,total_reg_courses,621.5,1
raw,total_reg_credits,total_reg_courses,630.0,1
raw,total_reg_credits,total_reg_courses,630.5,1
raw,total_reg_credits,total_reg_courses,634.0,1
raw,total_reg_credits,total_reg_courses,636.5,1
raw,total_reg_credits,total_reg_courses,648.0,1
raw,total_reg_credits,total_reg_courses,649.5,1
raw,total_reg_credits,total_reg_courses,650.0,2
raw,total_reg_credits,total_reg_courses,655.5,1
raw,total_reg_credits,total_reg_courses,656.0,1
raw,total_reg_credits,total_reg_courses,665.0,1
raw,total_reg_credits,total_reg_courses,672.5,1
raw,total_reg_credits,total_reg_courses,674.0,1
raw,total_reg_credits,total_reg_courses,680.0,1
raw,total_reg_credits,total_reg_courses,686.0,1
raw,total_reg_credits,total_reg_courses,701.0,1
raw,total_reg_credits,total_reg_courses,708.0,1
raw,total_reg_credits,total_reg_courses,710.0,2
raw,total_reg_credits,total_reg_courses,710.5,1
raw,total_reg_credits,total_reg_courses,716.5,1
raw,total_reg_credits,total_reg_courses,718.0,2
clean_v1,start_total_in_credits,start_total_in_courses,0.0,6884
clean_v1,start_total_in_credits,start_total_in_courses,1.0,170
clean_v1,start_total_in_credits,start_total_in_courses,2.0,358
clean_v1,start_total_in_credits,start_total_in_courses,3.0,323
clean_v1,start_total_in_credits,start_total_in_courses,4.0,463
clean_v1,start_total_in_credits,start_total_in_courses,5.0,422
clean_v1,start_total_in_credits,start_total_in_courses,6.0,541
clean_v1,start_total_in_credits,start_total_in_courses,7.0,546
clean_v1,start_total_in_credits,start_total_in_courses,8.0,768
clean_v1,start_total_in_credits,start_total_in_courses,9.0,931
clean_v1,start_total_in_credits,start_total_in_courses,10.0,1404
clean_v1,start_total_in_credits,start_total_in_courses,11.0,1129
clean_v1,start_total_in_credits,start_total_in_courses,12.0,1022
clean_v1,start_total_in_credits,start_total_in_courses,13.0,561
clean_v1,start_total_in_credits,start_total_in_courses,14.0,702
clean_v1,start_total_in_credits,start_total_in_courses,15.0,576
clean_v1,start_total_in_credits,start_total_in_courses,16.0,699
clean_v1,start_total_in_credits,start_total_in_courses,17.0,664
clean_v1,start_total_in_credits,start_total_in_courses,18.0,765
clean_v1,start_total_in_credits,start_total_in_courses,19.0,761
clean_v1,start_total_in_credits,start_total_in_courses,20.0,1040
clean_v1,start_total_in_credits,start_total_in_courses,21.0,911
clean_v1,start_total_in_credits,start_total_in_courses,22.0,980
clean_v1,start_total_in_credits,start_total_in_courses,23.0,825
clean_v1,start_total_in_credits,start_total_in_courses,24.0,777
clean_v1,start_total_in_credits,start_total_in_courses,25.0,818
clean_v1,start_total_in_credits,start_total_in_courses,26.0,740
clean_v1,start_total_in_credits,start_total_in_courses,27.0,709
clean_v1,start_total_in_credits,start_total_in_courses,28.0,697
clean_v1,start_total_in_credits,start_total_in_courses,29.0,761
clean_v1,start_total_in_credits,start_total_in_courses,30.0,717
clean_v1,start_total_in_credits,start_total_in_courses,31.0,769
clean_v1,start_total_in_credits,start_total_in_courses,32.0,754
clean_v1,start_total_in_credits,start_total_in_courses,33.0,717
clean_v1,start_total_in_credits,start_total_in_courses,34.0,723
clean_v1,start_total_in_credits,start_total_in_courses,35.0,654
clean_v1,start_total_in_credits,start_total_in_courses,36.0,683
clean_v1,start_total_in_credits,start_total_in_courses,37.0,699
clean_v1,start_total_in_credits,start_total_in_courses,38.0,733
clean_v1,start_total_in_credits,start_total_in_courses,39.0,704
clean_v1,start_total_in_credits,start_total_in_courses,40.0,751
clean_v1,start_total_in_credits,start_total_in_courses,41.0,739
clean_v1,start_total_in_credits,start_total_in_courses,42.0,707
clean_v1,start_total_in_credits,start_total_in_courses,43.0,773
clean_v1,start_total_in_credits,start_total_in_courses,44.0,692
clean_v1,start_total_in_credits,start_total_in_courses,45.0,699
clean_v1,start_total_in_credits,start_total_in_courses,46.0,697
clean_v1,start_total_in_credits,start_total_in_courses,47.0,640
clean_v1,start_total_in_credits,start_total_in_courses,48.0,623
clean_v1,start_total_in_credits,start_total_in_courses,49.0,630
clean_v1,start_total_in_credits,start_total_in_courses,49.5,3
clean_v1,start_total_in_credits,start_total_in_courses,50.0,657
clean_v1,start_total_in_credits,start_total_in_courses,51.0,683
clean_v1,start_total_in_credits,start_total_in_courses,52.0,668
clean_v1,start_total_in_credits,start_total_in_courses,53.0,628
clean_v1,start_total_in_credits,start_total_in_courses,53.5,1
clean_v1,start_total_in_credits,start_total_in_courses,54.0,652
clean_v1,start_total_in_credits,start_total_in_courses,55.0,651
clean_v1,start_total_in_credits,start_total_in_courses,56.0,678
clean_v1,start_total_in_credits,start_total_in_courses,56.5,1
clean_v1,start_total_in_credits,start_total_in_courses,57.0,662
clean_v1,start_total_in_credits,start_total_in_courses,58.0,658
clean_v1,start_total_in_credits,start_total_in_courses,58.5,5
clean_v1,start_total_in_credits,start_total_in_courses,59.0,638
clean_v1,start_total_in_credits,start_total_in_courses,59.5,1
clean_v1,start_total_in_credits,start_total_in_courses,60.0,683
clean_v1,start_total_in_credits,start_total_in_courses,60.5,3
clean_v1,start_total_in_credits,start_total_in_courses,61.0,644
clean_v1,start_total_in_credits,start_total_in_courses,61.5,2
clean_v1,start_total_in_credits,start_total_in_courses,62.0,680
clean_v1,start_total_in_credits,start_total_in_courses,62.5,2
clean_v1,start_total_in_credits,start_total_in_courses,63.0,618
clean_v1,start_total_in_credits,start_total_in_courses,63.5,6
clean_v1,start_total_in_credits,start_total_in_courses,64.0,624
clean_v1,start_total_in_credits,start_total_in_courses,64.5,2
clean_v1,start_total_in_credits,start_total_in_courses,65.0,634
clean_v1,start_total_in_credits,start_total_in_courses,65.5,6
clean_v1,start_total_in_credits,start_total_in_courses,66.0,567
clean_v1,start_total_in_credits,start_total_in_courses,66.5,6
clean_v1,start_total_in_credits,start_total_in_courses,67.0,646
clean_v1,start_total_in_credits,start_total_in_courses,67.5,6
clean_v1,start_total_in_credits,start_total_in_courses,68.0,581
clean_v1,start_total_in_credits,start_total_in_courses,68.5,7
clean_v1,start_total_in_credits,start_total_in_courses,69.0,647
clean_v1,start_total_in_credits,start_total_in_courses,69.5,9
clean_v1,start_total_in_credits,start_total_in_courses,70.0,589
clean_v1,start_total_in_credits,start_total_in_courses,70.5,10
clean_v1,start_total_in_credits,start_total_in_courses,71.0,601
clean_v1,start_total_in_credits,start_total_in_courses,71.5,7
clean_v1,start_total_in_credits,start_total_in_courses,72.0,594
clean_v1,start_total_in_credits,start_total_in_courses,72.5,10
clean_v1,start_total_in_credits,start_total_in_courses,73.0,559
clean_v1,start_total_in_credits,start_total_in_courses,73.5,7
clean_v1,start_total_in_credits,start_total_in_courses,74.0,602
clean_v1,start_total_in_credits,start_total_in_courses,74.5,6
clean_v1,start_total_in_credits,start_total_in_courses,75.0,612
clean_v1,start_total_in_credits,start_total_in_courses,75.5,10
clean_v1,start_total_in_credits,start_total_in_courses,76.0,551
clean_v1,start_total_in_credits,start_total_in_courses,76.5,13
clean_v1,start_total_in_credits,start_total_in_courses,77.0,585
clean_v1,start_total_in_credits,start_total_in_courses,77.5,10
clean_v1,start_total_in_credits,start_total_in_courses,78.0,604
clean_v1,start_total_in_credits,start_total_in_courses,78.5,28
clean_v1,start_total_in_credits,start_total_in_courses,79.0,572
clean_v1,start_total_in_credits,start_total_in_courses,79.5,7
clean_v1,start_total_in_credits,start_total_in_courses,80.0,570
clean_v1,start_total_in_credits,start_total_in_courses,80.5,16
clean_v1,start_total_in_credits,start_total_in_courses,81.0,565
clean_v1,start_total_in_credits,start_total_in_courses,81.5,19
clean_v1,start_total_in_credits,start_total_in_courses,82.0,589
clean_v1,start_total_in_credits,start_total_in_courses,82.5,22
clean_v1,start_total_in_credits,start_total_in_courses,83.0,560
clean_v1,start_total_in_credits,start_total_in_courses,83.5,23
clean_v1,start_total_in_credits,start_total_in_courses,84.0,525
clean_v1,start_total_in_credits,start_total_in_courses,84.5,25
clean_v1,start_total_in_credits,start_total_in_courses,85.0,515
clean_v1,start_total_in_credits,start_total_in_courses,85.5,22
clean_v1,start_total_in_credits,start_total_in_courses,86.0,548
clean_v1,start_total_in_credits,start_total_in_courses,86.5,30
clean_v1,start_total_in_credits,start_total_in_courses,87.0,430
clean_v1,start_total_in_credits,start_total_in_courses,87.5,26
clean_v1,start_total_in_credits,start_total_in_courses,88.0,487
clean_v1,start_total_in_credits,start_total_in_courses,88.5,31
clean_v1,start_total_in_credits,start_total_in_courses,89.0,483
clean_v1,start_total_in_credits,start_total_in_courses,89.5,21
clean_v1,start_total_in_credits,start_total_in_courses,90.0,457
clean_v1,start_total_in_credits,start_total_in_courses,90.5,44
clean_v1,start_total_in_credits,start_total_in_courses,91.0,440
clean_v1,start_total_in_credits,start_total_in_courses,91.5,30
clean_v1,start_total_in_credits,start_total_in_courses,92.0,479
clean_v1,start_total_in_credits,start_total_in_courses,92.5,33
clean_v1,start_total_in_credits,start_total_in_courses,93.0,479
clean_v1,start_total_in_credits,start_total_in_courses,93.5,35
clean_v1,start_total_in_credits,start_total_in_courses,94.0,501
clean_v1,start_total_in_credits,start_total_in_courses,94.5,23
clean_v1,start_total_in_credits,start_total_in_courses,95.0,470
clean_v1,start_total_in_credits,start_total_in_courses,95.5,23
clean_v1,start_total_in_credits,start_total_in_courses,96.0,483
clean_v1,start_total_in_credits,start_total_in_courses,96.5,18
clean_v1,start_total_in_credits,start_total_in_courses,97.0,461
clean_v1,start_total_in_credits,start_total_in_courses,97.5,27
clean_v1,start_total_in_credits,start_total_in_courses,98.0,508
clean_v1,start_total_in_credits,start_total_in_courses,98.5,35
clean_v1,start_total_in_credits,start_total_in_courses,99.0,421
clean_v1,start_total_in_credits,start_total_in_courses,99.5,26
clean_v1,start_total_in_credits,start_total_in_courses,100.0,438
clean_v1,start_total_in_credits,start_total_in_courses,100.5,39
clean_v1,start_total_in_credits,start_total_in_courses,101.0,391
clean_v1,start_total_in_credits,start_total_in_courses,101.5,31
clean_v1,start_total_in_credits,start_total_in_courses,102.0,377
clean_v1,start_total_in_credits,start_total_in_courses,102.5,33
clean_v1,start_total_in_credits,start_total_in_courses,103.0,429
clean_v1,start_total_in_credits,start_total_in_courses,103.5,32
clean_v1,start_total_in_credits,start_total_in_courses,104.0,351
clean_v1,start_total_in_credits,start_total_in_courses,104.5,40
clean_v1,start_total_in_credits,start_total_in_courses,105.0,267
clean_v1,start_total_in_credits,start_total_in_courses,105.5,35
clean_v1,start_total_in_credits,start_total_in_courses,106.0,272
clean_v1,start_total_in_credits,start_total_in_courses,106.5,38
clean_v1,start_total_in_credits,start_total_in_courses,107.0,235
clean_v1,start_total_in_credits,start_total_in_courses,107.5,39
clean_v1,start_total_in_credits,start_total_in_courses,108.0,277
clean_v1,start_total_in_credits,start_total_in_courses,108.5,33
clean_v1,start_total_in_credits,start_total_in_courses,109.0,340
clean_v1,start_total_in_credits,start_total_in_courses,109.5,27
clean_v1,start_total_in_credits,start_total_in_courses,110.0,216
clean_v1,start_total_in_credits,start_total_in_courses,110.5,40
clean_v1,start_total_in_credits,start_total_in_courses,111.0,92
clean_v1,start_total_in_credits,start_total_in_courses,111.5,42
clean_v1,start_total_in_credits,start_total_in_courses,112.0,74
clean_v1,start_total_in_credits,start_total_in_courses,112.5,39
clean_v1,start_total_in_credits,start_total_in_courses,113.0,82
clean_v1,start_total_in_credits,start_total_in_courses,113.5,30
clean_v1,start_total_in_credits,start_total_in_courses,114.0,85
clean_v1,start_total_in_credits,start_total_in_courses,114.5,33
clean_v1,start_total_in_credits,start_total_in_courses,115.0,59
clean_v1,start_total_in_credits,start_total_in_courses,115.5,16
clean_v1,start_total_in_credits,start_total_in_courses,116.0,77
clean_v1,start_total_in_credits,start_total_in_courses,116.5,42
clean_v1,start_total_in_credits,start_total_in_courses,117.0,61
clean_v1,start_total_in_credits,start_total_in_courses,117.5,26
clean_v1,start_total_in_credits,start_total_in_courses,118.0,76
clean_v1,start_total_in_credits,start_total_in_courses,118.5,33
clean_v1,start_total_in_credits,start_total_in_courses,119.0,79
clean_v1,start_total_in_credits,start_total_in_courses,119.5,42
clean_v1,start_total_in_credits,start_total_in_courses,120.0,80
clean_v1,start_total_in_credits,start_total_in_courses,120.5,20
clean_v1,start_total_in_credits,start_total_in_courses,121.0,72
clean_v1,start_total_in_credits,start_total_in_courses,121.5,33
clean_v1,start_total_in_credits,start_total_in_courses,122.0,66
clean_v1,start_total_in_credits,start_total_in_courses,122.5,32
clean_v1,start_total_in_credits,start_total_in_courses,123.0,87
clean_v1,start_total_in_credits,start_total_in_courses,123.5,34
clean_v1,start_total_in_credits,start_total_in_courses,124.0,63
clean_v1,start_total_in_credits,start_total_in_courses,124.5,42
clean_v1,start_total_in_credits,start_total_in_courses,125.0,57
clean_v1,start_total_in_credits,start_total_in_courses,125.5,38
clean_v1,start_total_in_credits,start_total_in_courses,126.0,59
clean_v1,start_total_in_credits,start_total_in_courses,126.5,33
clean_v1,start_total_in_credits,start_total_in_courses,127.0,62
clean_v1,start_total_in_credits,start_total_in_courses,127.5,41
clean_v1,start_total_in_credits,start_total_in_courses,128.0,42
clean_v1,start_total_in_credits,start_total_in_courses,128.5,40
clean_v1,start_total_in_credits,start_total_in_courses,129.0,41
clean_v1,start_total_in_credits,start_total_in_courses,129.5,44
clean_v1,start_total_in_credits,start_total_in_courses,130.0,37
clean_v1,start_total_in_credits,start_total_in_courses,130.5,37
clean_v1,start_total_in_credits,start_total_in_courses,131.0,26
clean_v1,start_total_in_credits,start_total_in_courses,131.5,27
clean_v1,start_total_in_credits,start_total_in_courses,132.0,40
clean_v1,start_total_in_credits,start_total_in_courses,132.5,24
clean_v1,start_total_in_credits,start_total_in_courses,133.0,35
clean_v1,start_total_in_credits,start_total_in_courses,133.5,38
clean_v1,start_total_in_credits,start_total_in_courses,134.0,35
clean_v1,start_total_in_credits,start_total_in_courses,134.5,38
clean_v1,start_total_in_credits,start_total_in_courses,135.0,39
clean_v1,start_total_in_credits,start_total_in_courses,135.5,31
clean_v1,start_total_in_credits,start_total_in_courses,136.0,42
clean_v1,start_total_in_credits,start_total_in_courses,136.5,34
clean_v1,start_total_in_credits,start_total_in_courses,137.0,40
clean_v1,start_total_in_credits,start_total_in_courses,137.5,43
clean_v1,start_total_in_credits,start_total_in_courses,138.0,53
clean_v1,start_total_in_credits,start_total_in_courses,138.5,39
clean_v1,start_total_in_credits,start_total_in_courses,139.0,60
clean_v1,start_total_in_credits,start_total_in_courses,139.5,43
clean_v1,start_total_in_credits,start_total_in_courses,140.0,43
clean_v1,start_total_in_credits,start_total_in_courses,140.5,34
clean_v1,start_total_in_credits,start_total_in_courses,141.0,57
clean_v1,start_total_in_credits,start_total_in_courses,141.5,42
clean_v1,start_total_in_credits,start_total_in_courses,142.0,58
clean_v1,start_total_in_credits,start_total_in_courses,142.5,30
clean_v1,start_total_in_credits,start_total_in_courses,143.0,51
clean_v1,start_total_in_credits,start_total_in_courses,143.5,34
clean_v1,start_total_in_credits,start_total_in_courses,144.0,67
clean_v1,start_total_in_credits,start_total_in_courses,144.5,36
clean_v1,start_total_in_credits,start_total_in_courses,145.0,50
clean_v1,start_total_in_credits,start_total_in_courses,145.5,40
clean_v1,start_total_in_credits,start_total_in_courses,146.0,54
clean_v1,start_total_in_credits,start_total_in_courses,146.5,38
clean_v1,start_total_in_credits,start_total_in_courses,147.0,44
clean_v1,start_total_in_credits,start_total_in_courses,147.5,33
clean_v1,start_total_in_credits,start_total_in_courses,148.0,51
clean_v1,start_total_in_credits,start_total_in_courses,148.5,34
clean_v1,start_total_in_credits,start_total_in_courses,149.0,47
clean_v1,start_total_in_credits,start_total_in_courses,149.5,23
clean_v1,start_total_in_credits,start_total_in_courses,150.0,44
clean_v1,start_total_in_credits,start_total_in_courses,150.5,20
clean_v1,start_total_in_credits,start_total_in_courses,151.0,65
clean_v1,start_total_in_credits,start_total_in_courses,151.5,20
clean_v1,start_total_in_credits,start_total_in_courses,152.0,69
clean_v1,start_total_in_credits,start_total_in_courses,152.5,23
clean_v1,start_total_in_credits,start_total_in_courses,153.0,76
clean_v1,start_total_in_credits,start_total_in_courses,153.5,34
clean_v1,start_total_in_credits,start_total_in_courses,154.0,102
clean_v1,start_total_in_credits,start_total_in_courses,154.5,49
clean_v1,start_total_in_credits,start_total_in_courses,155.0,113
clean_v1,start_total_in_credits,start_total_in_courses,155.5,30
clean_v1,start_total_in_credits,start_total_in_courses,156.0,131
clean_v1,start_total_in_credits,start_total_in_courses,156.5,29
clean_v1,start_total_in_credits,start_total_in_courses,157.0,170
clean_v1,start_total_in_credits,start_total_in_courses,157.5,31
clean_v1,start_total_in_credits,start_total_in_courses,158.0,219
clean_v1,start_total_in_credits,start_total_in_courses,158.5,28
clean_v1,start_total_in_credits,start_total_in_courses,159.0,137
clean_v1,start_total_in_credits,start_total_in_courses,159.5,34
clean_v1,start_total_in_credits,start_total_in_courses,160.0,150
clean_v1,start_total_in_credits,start_total_in_courses,160.5,9
clean_v1,start_total_in_credits,start_total_in_courses,161.0,109
clean_v1,start_total_in_credits,start_total_in_courses,161.5,10
clean_v1,start_total_in_credits,start_total_in_courses,162.0,200
clean_v1,start_total_in_credits,start_total_in_courses,163.0,672
clean_v1,start_total_in_credits,start_total_in_courses,164.0,78
clean_v1,start_total_in_credits,start_total_in_courses,165.0,467
clean_v1,start_total_in_credits,start_total_in_courses,166.0,13
clean_v1,start_total_in_credits,start_total_in_courses,167.0,1
clean_v1,start_total_in_credits,start_total_in_courses,168.5,1
clean_v1,start_total_in_credits,start_total_in_courses,171.0,1
clean_v1,start_total_in_credits,start_total_in_courses,174.0,1
clean_v1,start_total_in_credits,start_total_in_courses,175.0,1
clean_v1,start_total_in_credits,start_total_in_courses,178.5,1
clean_v1,start_total_in_credits,start_total_in_courses,179.0,1
clean_v1,start_total_in_credits,start_total_in_courses,180.0,2
clean_v1,start_total_in_credits,start_total_in_courses,181.0,1
clean_v1,start_total_in_credits,start_total_in_courses,182.0,1
clean_v1,start_total_in_credits,start_total_in_courses,183.0,1
clean_v1,start_total_in_credits,start_total_in_courses,183.5,1
clean_v1,start_total_in_credits,start_total_in_courses,184.0,4
clean_v1,start_total_in_credits,start_total_in_courses,185.0,1
clean_v1,start_total_in_credits,start_total_in_courses,186.0,71
clean_v1,start_total_in_credits,start_total_in_courses,187.0,10
clean_v1,start_total_in_credits,start_total_in_courses,188.0,1
clean_v1,start_total_in_credits,total_reg_credits,-769.0,1
clean_v1,start_total_in_credits,total_reg_credits,-757.0,1
clean_v1,start_total_in_credits,total_reg_credits,-745.0,2
clean_v1,start_total_in_credits,total_reg_credits,-733.0,1
clean_v1,start_total_in_credits,total_reg_credits,-732.0,1
clean_v1,start_total_in_credits,total_reg_credits,-727.5,1
clean_v1,start_total_in_credits,total_reg_credits,-718.5,1
clean_v1,start_total_in_credits,total_reg_credits,-717.0,1
clean_v1,start_total_in_credits,total_reg_credits,-689.0,1
clean_v1,start_total_in_credits,total_reg_credits,-682.0,1
clean_v1,start_total_in_credits,total_reg_credits,-675.5,1
clean_v1,start_total_in_credits,total_reg_credits,-667.5,1
clean_v1,start_total_in_credits,total_reg_credits,-660.0,3
clean_v1,start_total_in_credits,total_reg_credits,-654.0,1
clean_v1,start_total_in_credits,total_reg_credits,-646.5,1
clean_v1,start_total_in_credits,total_reg_credits,-640.5,2
clean_v1,start_total_in_credits,total_reg_credits,-639.0,1
clean_v1,start_total_in_credits,total_reg_credits,-635.0,1
clean_v1,start_total_in_credits,total_reg_credits,-629.5,1
clean_v1,start_total_in_credits,total_reg_credits,-627.0,1
clean_v1,start_total_in_credits,total_reg_credits,-623.5,1
clean_v1,start_total_in_credits,total_reg_credits,-618.5,2
clean_v1,start_total_in_credits,total_reg_credits,-611.0,1
clean_v1,start_total_in_credits,total_reg_credits,-604.0,1
clean_v1,start_total_in_credits,total_reg_credits,-603.5,2
clean_v1,start_total_in_credits,total_reg_credits,-601.5,1
clean_v1,start_total_in_credits,total_reg_credits,-600.0,1
clean_v1,start_total_in_credits,total_reg_credits,-599.5,1
clean_v1,start_total_in_credits,total_reg_credits,-589.5,1
clean_v1,start_total_in_credits,total_reg_credits,-588.5,1
clean_v1,start_total_in_credits,total_reg_credits,-587.5,1
clean_v1,start_total_in_credits,total_reg_credits,-586.5,1
clean_v1,start_total_in_credits,total_reg_credits,-582.0,1
clean_v1,start_total_in_credits,total_reg_credits,-575.5,1
clean_v1,start_total_in_credits,total_reg_credits,-571.0,1
clean_v1,start_total_in_credits,total_reg_credits,-563.5,1
clean_v1,start_total_in_credits,total_reg_credits,-562.0,1
clean_v1,start_total_in_credits,total_reg_credits,-560.5,1
clean_v1,start_total_in_credits,total_reg_credits,-558.5,1
clean_v1,start_total_in_credits,total_reg_credits,-553.0,1
clean_v1,start_total_in_credits,total_reg_credits,-543.5,1
clean_v1,start_total_in_credits,total_reg_credits,-540.0,1
clean_v1,start_total_in_credits,total_reg_credits,-538.0,1
clean_v1,start_total_in_credits,total_reg_credits,-518.0,1
clean_v1,start_total_in_credits,total_reg_credits,-505.0,1
clean_v1,start_total_in_credits,total_reg_credits,-493.0,1
clean_v1,start_total_in_credits,total_reg_credits,-468.0,1
clean_v1,start_total_in_credits,total_reg_credits,-454.0,6
clean_v1,start_total_in_credits,total_reg_credits,-453.0,1
clean_v1,start_total_in_credits,total_reg_credits,-451.0,1
clean_v1,start_total_in_credits,total_reg_credits,-449.0,1
clean_v1,start_total_in_credits,total_reg_credits,-448.0,1
clean_v1,start_total_in_credits,total_reg_credits,-436.0,1
clean_v1,start_total_in_credits,total_reg_credits,-428.5,1
clean_v1,start_total_in_credits,total_reg_credits,-425.0,1
clean_v1,start_total_in_credits,total_reg_credits,-419.0,1
clean_v1,start_total_in_credits,total_reg_credits,-412.0,2
clean_v1,start_total_in_credits,total_reg_credits,-411.5,1
clean_v1,start_total_in_credits,total_reg_credits,-408.0,2
clean_v1,start_total_in_credits,total_reg_credits,-407.0,1
clean_v1,start_total_in_credits,total_reg_credits,-400.0,1
clean_v1,start_total_in_credits,total_reg_credits,-399.5,2
clean_v1,start_total_in_credits,total_reg_credits,-398.5,1
clean_v1,start_total_in_credits,total_reg_credits,-396.0,2
clean_v1,start_total_in_credits,total_reg_credits,-395.5,1
clean_v1,start_total_in_credits,total_reg_credits,-395.0,4
clean_v1,start_total_in_credits,total_reg_credits,-393.0,1
clean_v1,start_total_in_credits,total_reg_credits,-392.5,1
clean_v1,start_total_in_credits,total_reg_credits,-392.0,1
clean_v1,start_total_in_credits,total_reg_credits,-391.0,2
clean_v1,start_total_in_credits,total_reg_credits,-390.0,1
clean_v1,start_total_in_credits,total_reg_credits,-387.0,1
clean_v1,start_total_in_credits,total_reg_credits,-385.0,1
clean_v1,start_total_in_credits,total_reg_credits,-381.0,1
clean_v1,start_total_in_credits,total_reg_credits,-380.5,3
clean_v1,start_total_in_credits,total_reg_credits,-377.5,1
clean_v1,start_total_in_credits,total_reg_credits,-377.0,1
clean_v1,start_total_in_credits,total_reg_credits,-376.5,2
clean_v1,start_total_in_credits,total_reg_credits,-375.0,1
clean_v1,start_total_in_credits,total_reg_credits,-373.0,1
clean_v1,start_total_in_credits,total_reg_credits,-372.0,1
clean_v1,start_total_in_credits,total_reg_credits,-369.0,1
clean_v1,start_total_in_credits,total_reg_credits,-368.5,1
clean_v1,start_total_in_credits,total_reg_credits,-367.5,1
clean_v1,start_total_in_credits,total_reg_credits,-367.0,1
clean_v1,start_total_in_credits,total_reg_credits,-365.5,1
clean_v1,start_total_in_credits,total_reg_credits,-365.0,1
clean_v1,start_total_in_credits,total_reg_credits,-361.0,1
clean_v1,start_total_in_credits,total_reg_credits,-360.0,1
clean_v1,start_total_in_credits,total_reg_credits,-358.0,1
clean_v1,start_total_in_credits,total_reg_credits,-357.5,1
clean_v1,start_total_in_credits,total_reg_credits,-355.0,1
clean_v1,start_total_in_credits,total_reg_credits,-352.5,1
clean_v1,start_total_in_credits,total_reg_credits,-349.0,1
clean_v1,start_total_in_credits,total_reg_credits,-345.0,1
clean_v1,start_total_in_credits,total_reg_credits,-344.0,1
clean_v1,start_total_in_credits,total_reg_credits,-343.0,1
clean_v1,start_total_in_credits,total_reg_credits,-342.0,1
clean_v1,start_total_in_credits,total_reg_credits,-341.0,2
clean_v1,start_total_in_credits,total_reg_credits,-339.0,1
clean_v1,start_total_in_credits,total_reg_credits,-337.5,5
clean_v1,start_total_in_credits,total_reg_credits,-337.0,1
clean_v1,start_total_in_credits,total_reg_credits,-336.0,1
clean_v1,start_total_in_credits,total_reg_credits,-335.0,1
clean_v1,start_total_in_credits,total_reg_credits,-334.0,3
clean_v1,start_total_in_credits,total_reg_credits,-333.0,1
clean_v1,start_total_in_credits,total_reg_credits,-332.0,1
clean_v1,start_total_in_credits,total_reg_credits,-330.5,1
clean_v1,start_total_in_credits,total_reg_credits,-329.5,2
clean_v1,start_total_in_credits,total_reg_credits,-329.0,1
clean_v1,start_total_in_credits,total_reg_credits,-328.0,2
clean_v1,start_total_in_credits,total_reg_credits,-327.0,1
clean_v1,start_total_in_credits,total_reg_credits,-326.0,1
clean_v1,start_total_in_credits,total_reg_credits,-321.0,3
clean_v1,start_total_in_credits,total_reg_credits,-320.0,4
clean_v1,start_total_in_credits,total_reg_credits,-319.0,1
clean_v1,start_total_in_credits,total_reg_credits,-317.0,1
clean_v1,start_total_in_credits,total_reg_credits,-315.0,2
clean_v1,start_total_in_credits,total_reg_credits,-313.5,1
clean_v1,start_total_in_credits,total_reg_credits,-313.0,1
clean_v1,start_total_in_credits,total_reg_credits,-312.0,1
clean_v1,start_total_in_credits,total_reg_credits,-309.5,1
clean_v1,start_total_in_credits,total_reg_credits,-308.0,2
clean_v1,start_total_in_credits,total_reg_credits,-305.0,1
clean_v1,start_total_in_credits,total_reg_credits,-303.0,2
clean_v1,start_total_in_credits,total_reg_credits,-302.5,1
clean_v1,start_total_in_credits,total_reg_credits,-302.0,3
clean_v1,start_total_in_credits,total_reg_credits,-301.0,1
clean_v1,start_total_in_credits,total_reg_credits,-298.5,1
clean_v1,start_total_in_credits,total_reg_credits,-298.0,1
clean_v1,start_total_in_credits,total_reg_credits,-296.5,1
clean_v1,start_total_in_credits,total_reg_credits,-296.0,1
clean_v1,start_total_in_credits,total_reg_credits,-295.5,2
clean_v1,start_total_in_credits,total_reg_credits,-294.0,1
clean_v1,start_total_in_credits,total_reg_credits,-293.0,2
clean_v1,start_total_in_credits,total_reg_credits,-291.0,4
clean_v1,start_total_in_credits,total_reg_credits,-290.5,2
clean_v1,start_total_in_credits,total_reg_credits,-289.5,2
clean_v1,start_total_in_credits,total_reg_credits,-289.0,2
clean_v1,start_total_in_credits,total_reg_credits,-288.5,1
clean_v1,start_total_in_credits,total_reg_credits,-287.0,2
clean_v1,start_total_in_credits,total_reg_credits,-286.0,3
clean_v1,start_total_in_credits,total_reg_credits,-285.5,1
clean_v1,start_total_in_credits,total_reg_credits,-284.5,2
clean_v1,start_total_in_credits,total_reg_credits,-284.0,3
clean_v1,start_total_in_credits,total_reg_credits,-283.5,1
clean_v1,start_total_in_credits,total_reg_credits,-282.0,1
clean_v1,start_total_in_credits,total_reg_credits,-281.0,1
clean_v1,start_total_in_credits,total_reg_credits,-279.5,3
clean_v1,start_total_in_credits,total_reg_credits,-279.0,2
clean_v1,start_total_in_credits,total_reg_credits,-278.5,1
clean_v1,start_total_in_credits,total_reg_credits,-277.0,1
clean_v1,start_total_in_credits,total_reg_credits,-276.0,2
clean_v1,start_total_in_credits,total_reg_credits,-275.5,1
clean_v1,start_total_in_credits,total_reg_credits,-275.0,3
clean_v1,start_total_in_credits,total_reg_credits,-274.5,3
clean_v1,start_total_in_credits,total_reg_credits,-273.5,1
clean_v1,start_total_in_credits,total_reg_credits,-273.0,4
clean_v1,start_total_in_credits,total_reg_credits,-271.0,2
clean_v1,start_total_in_credits,total_reg_credits,-270.0,1
clean_v1,start_total_in_credits,total_reg_credits,-269.0,1
clean_v1,start_total_in_credits,total_reg_credits,-268.5,3
clean_v1,start_total_in_credits,total_reg_credits,-268.0,3
clean_v1,start_total_in_credits,total_reg_credits,-267.0,3
clean_v1,start_total_in_credits,total_reg_credits,-266.0,1
clean_v1,start_total_in_credits,total_reg_credits,-265.5,1
clean_v1,start_total_in_credits,total_reg_credits,-265.0,5
clean_v1,start_total_in_credits,total_reg_credits,-264.0,5
clean_v1,start_total_in_credits,total_reg_credits,-263.0,3
clean_v1,start_total_in_credits,total_reg_credits,-262.5,2
clean_v1,start_total_in_credits,total_reg_credits,-262.0,4
clean_v1,start_total_in_credits,total_reg_credits,-261.0,2
clean_v1,start_total_in_credits,total_reg_credits,-260.0,3
clean_v1,start_total_in_credits,total_reg_credits,-259.5,1
clean_v1,start_total_in_credits,total_reg_credits,-259.0,3
clean_v1,start_total_in_credits,total_reg_credits,-258.0,3
clean_v1,start_total_in_credits,total_reg_credits,-257.5,5
clean_v1,start_total_in_credits,total_reg_credits,-257.0,2
clean_v1,start_total_in_credits,total_reg_credits,-256.5,4
clean_v1,start_total_in_credits,total_reg_credits,-256.0,2
clean_v1,start_total_in_credits,total_reg_credits,-255.0,4
clean_v1,start_total_in_credits,total_reg_credits,-254.0,1
clean_v1,start_total_in_credits,total_reg_credits,-253.5,2
clean_v1,start_total_in_credits,total_reg_credits,-253.0,1
clean_v1,start_total_in_credits,total_reg_credits,-252.0,3
clean_v1,start_total_in_credits,total_reg_credits,-251.5,3
clean_v1,start_total_in_credits,total_reg_credits,-251.0,4
clean_v1,start_total_in_credits,total_reg_credits,-250.0,5
clean_v1,start_total_in_credits,total_reg_credits,-249.5,1
clean_v1,start_total_in_credits,total_reg_credits,-249.0,1
clean_v1,start_total_in_credits,total_reg_credits,-248.0,4
clean_v1,start_total_in_credits,total_reg_credits,-247.5,2
clean_v1,start_total_in_credits,total_reg_credits,-247.0,6
clean_v1,start_total_in_credits,total_reg_credits,-246.0,9
clean_v1,start_total_in_credits,total_reg_credits,-245.0,8
clean_v1,start_total_in_credits,total_reg_credits,-244.0,6
clean_v1,start_total_in_credits,total_reg_credits,-243.5,1
clean_v1,start_total_in_credits,total_reg_credits,-243.0,5
clean_v1,start_total_in_credits,total_reg_credits,-242.5,1
clean_v1,start_total_in_credits,total_reg_credits,-242.0,3
clean_v1,start_total_in_credits,total_reg_credits,-241.5,2
clean_v1,start_total_in_credits,total_reg_credits,-241.0,5
clean_v1,start_total_in_credits,total_reg_credits,-240.5,1
clean_v1,start_total_in_credits,total_reg_credits,-240.0,6
clean_v1,start_total_in_credits,total_reg_credits,-239.5,1
clean_v1,start_total_in_credits,total_reg_credits,-239.0,8
clean_v1,start_total_in_credits,total_reg_credits,-238.0,2
clean_v1,start_total_in_credits,total_reg_credits,-237.5,1
clean_v1,start_total_in_credits,total_reg_credits,-237.0,7
clean_v1,start_total_in_credits,total_reg_credits,-236.5,1
clean_v1,start_total_in_credits,total_reg_credits,-236.0,4
clean_v1,start_total_in_credits,total_reg_credits,-235.0,8
clean_v1,start_total_in_credits,total_reg_credits,-234.0,10
clean_v1,start_total_in_credits,total_reg_credits,-233.5,2
clean_v1,start_total_in_credits,total_reg_credits,-233.0,7
clean_v1,start_total_in_credits,total_reg_credits,-232.5,1
clean_v1,start_total_in_credits,total_reg_credits,-232.0,9
clean_v1,start_total_in_credits,total_reg_credits,-231.5,2
clean_v1,start_total_in_credits,total_reg_credits,-231.0,12
clean_v1,start_total_in_credits,total_reg_credits,-230.5,2
clean_v1,start_total_in_credits,total_reg_credits,-230.0,8
clean_v1,start_total_in_credits,total_reg_credits,-229.5,1
clean_v1,start_total_in_credits,total_reg_credits,-229.0,3
clean_v1,start_total_in_credits,total_reg_credits,-228.5,1
clean_v1,start_total_in_credits,total_reg_credits,-228.0,6
clean_v1,start_total_in_credits,total_reg_credits,-227.5,1
clean_v1,start_total_in_credits,total_reg_credits,-227.0,4
clean_v1,start_total_in_credits,total_reg_credits,-226.5,4
clean_v1,start_total_in_credits,total_reg_credits,-226.0,4
clean_v1,start_total_in_credits,total_reg_credits,-225.0,8
clean_v1,start_total_in_credits,total_reg_credits,-224.5,3
clean_v1,start_total_in_credits,total_reg_credits,-224.0,4
clean_v1,start_total_in_credits,total_reg_credits,-223.5,2
clean_v1,start_total_in_credits,total_reg_credits,-223.0,7
clean_v1,start_total_in_credits,total_reg_credits,-222.5,2
clean_v1,start_total_in_credits,total_reg_credits,-222.0,5
clean_v1,start_total_in_credits,total_reg_credits,-221.5,2
clean_v1,start_total_in_credits,total_reg_credits,-221.0,10
clean_v1,start_total_in_credits,total_reg_credits,-220.5,2
clean_v1,start_total_in_credits,total_reg_credits,-220.0,8
clean_v1,start_total_in_credits,total_reg_credits,-219.5,3
clean_v1,start_total_in_credits,total_reg_credits,-219.0,6
clean_v1,start_total_in_credits,total_reg_credits,-218.5,4
clean_v1,start_total_in_credits,total_reg_credits,-218.0,2
clean_v1,start_total_in_credits,total_reg_credits,-217.5,5
clean_v1,start_total_in_credits,total_reg_credits,-217.0,7
clean_v1,start_total_in_credits,total_reg_credits,-216.5,1
clean_v1,start_total_in_credits,total_reg_credits,-216.0,8
clean_v1,start_total_in_credits,total_reg_credits,-215.5,1
clean_v1,start_total_in_credits,total_reg_credits,-215.0,4
clean_v1,start_total_in_credits,total_reg_credits,-214.0,9
clean_v1,start_total_in_credits,total_reg_credits,-213.5,5
clean_v1,start_total_in_credits,total_reg_credits,-213.0,6
clean_v1,start_total_in_credits,total_reg_credits,-212.0,3
clean_v1,start_total_in_credits,total_reg_credits,-211.5,1
clean_v1,start_total_in_credits,total_reg_credits,-211.0,7
clean_v1,start_total_in_credits,total_reg_credits,-210.5,2
clean_v1,start_total_in_credits,total_reg_credits,-210.0,5
clean_v1,start_total_in_credits,total_reg_credits,-209.5,2
clean_v1,start_total_in_credits,total_reg_credits,-209.0,18
clean_v1,start_total_in_credits,total_reg_credits,-208.5,1
clean_v1,start_total_in_credits,total_reg_credits,-208.0,8
clean_v1,start_total_in_credits,total_reg_credits,-207.5,1
clean_v1,start_total_in_credits,total_reg_credits,-207.0,11
clean_v1,start_total_in_credits,total_reg_credits,-206.5,1
clean_v1,start_total_in_credits,total_reg_credits,-206.0,10
clean_v1,start_total_in_credits,total_reg_credits,-205.0,7
clean_v1,start_total_in_credits,total_reg_credits,-204.0,8
clean_v1,start_total_in_credits,total_reg_credits,-203.0,12
clean_v1,start_total_in_credits,total_reg_credits,-202.5,1
clean_v1,start_total_in_credits,total_reg_credits,-202.0,13
clean_v1,start_total_in_credits,total_reg_credits,-201.0,5
clean_v1,start_total_in_credits,total_reg_credits,-200.5,8
clean_v1,start_total_in_credits,total_reg_credits,-200.0,10
clean_v1,start_total_in_credits,total_reg_credits,-199.5,8
clean_v1,start_total_in_credits,total_reg_credits,-199.0,15
clean_v1,start_total_in_credits,total_reg_credits,-198.5,1
clean_v1,start_total_in_credits,total_reg_credits,-198.0,13
clean_v1,start_total_in_credits,total_reg_credits,-197.5,3
clean_v1,start_total_in_credits,total_reg_credits,-197.0,15
clean_v1,start_total_in_credits,total_reg_credits,-196.5,2
clean_v1,start_total_in_credits,total_reg_credits,-196.0,8
clean_v1,start_total_in_credits,total_reg_credits,-195.0,15
clean_v1,start_total_in_credits,total_reg_credits,-194.5,6
clean_v1,start_total_in_credits,total_reg_credits,-194.0,16
clean_v1,start_total_in_credits,total_reg_credits,-193.5,1
clean_v1,start_total_in_credits,total_reg_credits,-193.0,6
clean_v1,start_total_in_credits,total_reg_credits,-192.5,5
clean_v1,start_total_in_credits,total_reg_credits,-192.0,21
clean_v1,start_total_in_credits,total_reg_credits,-191.5,4
clean_v1,start_total_in_credits,total_reg_credits,-191.0,19
clean_v1,start_total_in_credits,total_reg_credits,-190.0,11
clean_v1,start_total_in_credits,total_reg_credits,-189.5,1
clean_v1,start_total_in_credits,total_reg_credits,-189.0,20
clean_v1,start_total_in_credits,total_reg_credits,-188.5,2
clean_v1,start_total_in_credits,total_reg_credits,-188.0,21
clean_v1,start_total_in_credits,total_reg_credits,-187.0,16
clean_v1,start_total_in_credits,total_reg_credits,-186.5,3
clean_v1,start_total_in_credits,total_reg_credits,-186.0,12
clean_v1,start_total_in_credits,total_reg_credits,-185.5,4
clean_v1,start_total_in_credits,total_reg_credits,-185.0,22
clean_v1,start_total_in_credits,total_reg_credits,-184.0,26
clean_v1,start_total_in_credits,total_reg_credits,-183.0,17
clean_v1,start_total_in_credits,total_reg_credits,-182.5,4
clean_v1,start_total_in_credits,total_reg_credits,-182.0,19
clean_v1,start_total_in_credits,total_reg_credits,-181.5,2
clean_v1,start_total_in_credits,total_reg_credits,-181.0,16
clean_v1,start_total_in_credits,total_reg_credits,-180.5,6
clean_v1,start_total_in_credits,total_reg_credits,-180.0,19
clean_v1,start_total_in_credits,total_reg_credits,-179.5,5
clean_v1,start_total_in_credits,total_reg_credits,-179.0,21
clean_v1,start_total_in_credits,total_reg_credits,-178.5,3
clean_v1,start_total_in_credits,total_reg_credits,-178.0,18
clean_v1,start_total_in_credits,total_reg_credits,-177.5,3
clean_v1,start_total_in_credits,total_reg_credits,-177.0,23
clean_v1,start_total_in_credits,total_reg_credits,-176.5,2
clean_v1,start_total_in_credits,total_reg_credits,-176.0,25
clean_v1,start_total_in_credits,total_reg_credits,-175.5,3
clean_v1,start_total_in_credits,total_reg_credits,-175.0,28
clean_v1,start_total_in_credits,total_reg_credits,-174.5,11
clean_v1,start_total_in_credits,total_reg_credits,-174.0,22
clean_v1,start_total_in_credits,total_reg_credits,-173.5,9
clean_v1,start_total_in_credits,total_reg_credits,-173.0,29
clean_v1,start_total_in_credits,total_reg_credits,-172.5,1
clean_v1,start_total_in_credits,total_reg_credits,-172.0,28
clean_v1,start_total_in_credits,total_reg_credits,-171.5,4
clean_v1,start_total_in_credits,total_reg_credits,-171.0,29
clean_v1,start_total_in_credits,total_reg_credits,-170.5,1
clean_v1,start_total_in_credits,total_reg_credits,-170.0,23
clean_v1,start_total_in_credits,total_reg_credits,-169.5,7
clean_v1,start_total_in_credits,total_reg_credits,-169.0,15
clean_v1,start_total_in_credits,total_reg_credits,-168.5,9
clean_v1,start_total_in_credits,total_reg_credits,-168.0,25
clean_v1,start_total_in_credits,total_reg_credits,-167.5,3
clean_v1,start_total_in_credits,total_reg_credits,-167.0,33
clean_v1,start_total_in_credits,total_reg_credits,-166.5,1
clean_v1,start_total_in_credits,total_reg_credits,-166.0,32
clean_v1,start_total_in_credits,total_reg_credits,-165.5,1
clean_v1,start_total_in_credits,total_reg_credits,-165.0,28
clean_v1,start_total_in_credits,total_reg_credits,-164.5,4
clean_v1,start_total_in_credits,total_reg_credits,-164.0,32
clean_v1,start_total_in_credits,total_reg_credits,-163.5,6
clean_v1,start_total_in_credits,total_reg_credits,-163.0,30
clean_v1,start_total_in_credits,total_reg_credits,-162.5,2
clean_v1,start_total_in_credits,total_reg_credits,-162.0,33
clean_v1,start_total_in_credits,total_reg_credits,-161.5,2
clean_v1,start_total_in_credits,total_reg_credits,-161.0,34
clean_v1,start_total_in_credits,total_reg_credits,-160.5,6
clean_v1,start_total_in_credits,total_reg_credits,-160.0,40
clean_v1,start_total_in_credits,total_reg_credits,-159.5,5
clean_v1,start_total_in_credits,total_reg_credits,-159.0,35
clean_v1,start_total_in_credits,total_reg_credits,-158.5,4
clean_v1,start_total_in_credits,total_reg_credits,-158.0,32
clean_v1,start_total_in_credits,total_reg_credits,-157.5,5
clean_v1,start_total_in_credits,total_reg_credits,-157.0,31
clean_v1,start_total_in_credits,total_reg_credits,-156.5,3
clean_v1,start_total_in_credits,total_reg_credits,-156.0,39
clean_v1,start_total_in_credits,total_reg_credits,-155.5,1
clean_v1,start_total_in_credits,total_reg_credits,-155.0,35
clean_v1,start_total_in_credits,total_reg_credits,-154.5,1
clean_v1,start_total_in_credits,total_reg_credits,-154.0,34
clean_v1,start_total_in_credits,total_reg_credits,-153.5,2
clean_v1,start_total_in_credits,total_reg_credits,-153.0,39
clean_v1,start_total_in_credits,total_reg_credits,-152.5,4
clean_v1,start_total_in_credits,total_reg_credits,-152.0,32
clean_v1,start_total_in_credits,total_reg_credits,-151.5,6
clean_v1,start_total_in_credits,total_reg_credits,-151.0,26
clean_v1,start_total_in_credits,total_reg_credits,-150.5,5
clean_v1,start_total_in_credits,total_reg_credits,-150.0,36
clean_v1,start_total_in_credits,total_reg_credits,-149.5,6
clean_v1,start_total_in_credits,total_reg_credits,-149.0,43
clean_v1,start_total_in_credits,total_reg_credits,-148.5,3
clean_v1,start_total_in_credits,total_reg_credits,-148.0,46
clean_v1,start_total_in_credits,total_reg_credits,-147.5,3
clean_v1,start_total_in_credits,total_reg_credits,-147.0,47
clean_v1,start_total_in_credits,total_reg_credits,-146.5,3
clean_v1,start_total_in_credits,total_reg_credits,-146.0,38
clean_v1,start_total_in_credits,total_reg_credits,-145.5,4
clean_v1,start_total_in_credits,total_reg_credits,-145.0,46
clean_v1,start_total_in_credits,total_reg_credits,-144.5,4
clean_v1,start_total_in_credits,total_reg_credits,-144.0,33
clean_v1,start_total_in_credits,total_reg_credits,-143.5,6
clean_v1,start_total_in_credits,total_reg_credits,-143.0,43
clean_v1,start_total_in_credits,total_reg_credits,-142.5,3
clean_v1,start_total_in_credits,total_reg_credits,-142.0,48
clean_v1,start_total_in_credits,total_reg_credits,-141.5,7
clean_v1,start_total_in_credits,total_reg_credits,-141.0,39
clean_v1,start_total_in_credits,total_reg_credits,-140.5,7
clean_v1,start_total_in_credits,total_reg_credits,-140.0,45
clean_v1,start_total_in_credits,total_reg_credits,-139.5,4
clean_v1,start_total_in_credits,total_reg_credits,-139.0,40
clean_v1,start_total_in_credits,total_reg_credits,-138.5,2
clean_v1,start_total_in_credits,total_reg_credits,-138.0,49
clean_v1,start_total_in_credits,total_reg_credits,-137.5,6
clean_v1,start_total_in_credits,total_reg_credits,-137.0,37
clean_v1,start_total_in_credits,total_reg_credits,-136.5,3
clean_v1,start_total_in_credits,total_reg_credits,-136.0,43
clean_v1,start_total_in_credits,total_reg_credits,-135.5,2
clean_v1,start_total_in_credits,total_reg_credits,-135.0,59
clean_v1,start_total_in_credits,total_reg_credits,-134.5,2
clean_v1,start_total_in_credits,total_reg_credits,-134.0,44
clean_v1,start_total_in_credits,total_reg_credits,-133.5,11
clean_v1,start_total_in_credits,total_reg_credits,-133.0,49
clean_v1,start_total_in_credits,total_reg_credits,-132.5,3
clean_v1,start_total_in_credits,total_reg_credits,-132.0,52
clean_v1,start_total_in_credits,total_reg_credits,-131.5,6
clean_v1,start_total_in_credits,total_reg_credits,-131.0,54
clean_v1,start_total_in_credits,total_reg_credits,-130.5,2
clean_v1,start_total_in_credits,total_reg_credits,-130.0,48
clean_v1,start_total_in_credits,total_reg_credits,-129.5,3
clean_v1,start_total_in_credits,total_reg_credits,-129.0,59
clean_v1,start_total_in_credits,total_reg_credits,-128.5,11
clean_v1,start_total_in_credits,total_reg_credits,-128.0,46
clean_v1,start_total_in_credits,total_reg_credits,-127.5,5
clean_v1,start_total_in_credits,total_reg_credits,-127.0,62
clean_v1,start_total_in_credits,total_reg_credits,-126.5,2
clean_v1,start_total_in_credits,total_reg_credits,-126.0,76
clean_v1,start_total_in_credits,total_reg_credits,-125.5,10
clean_v1,start_total_in_credits,total_reg_credits,-125.0,41
clean_v1,start_total_in_credits,total_reg_credits,-124.5,6
clean_v1,start_total_in_credits,total_reg_credits,-124.0,61
clean_v1,start_total_in_credits,total_reg_credits,-123.5,6
clean_v1,start_total_in_credits,total_reg_credits,-123.0,76
clean_v1,start_total_in_credits,total_reg_credits,-122.5,5
clean_v1,start_total_in_credits,total_reg_credits,-122.0,63
clean_v1,start_total_in_credits,total_reg_credits,-121.5,2
clean_v1,start_total_in_credits,total_reg_credits,-121.0,63
clean_v1,start_total_in_credits,total_reg_credits,-120.5,7
clean_v1,start_total_in_credits,total_reg_credits,-120.0,60
clean_v1,start_total_in_credits,total_reg_credits,-119.5,10
clean_v1,start_total_in_credits,total_reg_credits,-119.0,65
clean_v1,start_total_in_credits,total_reg_credits,-118.5,5
clean_v1,start_total_in_credits,total_reg_credits,-118.0,71
clean_v1,start_total_in_credits,total_reg_credits,-117.5,8
clean_v1,start_total_in_credits,total_reg_credits,-117.0,69
clean_v1,start_total_in_credits,total_reg_credits,-116.5,3
clean_v1,start_total_in_credits,total_reg_credits,-116.0,54
clean_v1,start_total_in_credits,total_reg_credits,-115.5,7
clean_v1,start_total_in_credits,total_reg_credits,-115.0,89
clean_v1,start_total_in_credits,total_reg_credits,-114.5,5
clean_v1,start_total_in_credits,total_reg_credits,-114.0,61
clean_v1,start_total_in_credits,total_reg_credits,-113.5,6
clean_v1,start_total_in_credits,total_reg_credits,-113.0,74
clean_v1,start_total_in_credits,total_reg_credits,-112.5,10
clean_v1,start_total_in_credits,total_reg_credits,-112.0,58
clean_v1,start_total_in_credits,total_reg_credits,-111.5,12
clean_v1,start_total_in_credits,total_reg_credits,-111.0,78
clean_v1,start_total_in_credits,total_reg_credits,-110.5,5
clean_v1,start_total_in_credits,total_reg_credits,-110.0,82
clean_v1,start_total_in_credits,total_reg_credits,-109.5,7
clean_v1,start_total_in_credits,total_reg_credits,-109.0,85
clean_v1,start_total_in_credits,total_reg_credits,-108.5,13
clean_v1,start_total_in_credits,total_reg_credits,-108.0,61
clean_v1,start_total_in_credits,total_reg_credits,-107.5,3
clean_v1,start_total_in_credits,total_reg_credits,-107.0,78
clean_v1,start_total_in_credits,total_reg_credits,-106.5,6
clean_v1,start_total_in_credits,total_reg_credits,-106.0,71
clean_v1,start_total_in_credits,total_reg_credits,-105.5,3
clean_v1,start_total_in_credits,total_reg_credits,-105.0,105
clean_v1,start_total_in_credits,total_reg_credits,-104.5,6
clean_v1,start_total_in_credits,total_reg_credits,-104.0,73
clean_v1,start_total_in_credits,total_reg_credits,-103.5,5
clean_v1,start_total_in_credits,total_reg_credits,-103.0,89
clean_v1,start_total_in_credits,total_reg_credits,-102.5,6
clean_v1,start_total_in_credits,total_reg_credits,-102.0,96
clean_v1,start_total_in_credits,total_reg_credits,-101.5,4
clean_v1,start_total_in_credits,total_reg_credits,-101.0,105
clean_v1,start_total_in_credits,total_reg_credits,-100.5,12
clean_v1,start_total_in_credits,total_reg_credits,-100.0,89
clean_v1,start_total_in_credits,total_reg_credits,-99.5,3
clean_v1,start_total_in_credits,total_reg_credits,-99.0,96
clean_v1,start_total_in_credits,total_reg_credits,-98.5,9
clean_v1,start_total_in_credits,total_reg_credits,-98.0,99
clean_v1,start_total_in_credits,total_reg_credits,-97.5,6
clean_v1,start_total_in_credits,total_reg_credits,-97.0,106
clean_v1,start_total_in_credits,total_reg_credits,-96.5,8
clean_v1,start_total_in_credits,total_reg_credits,-96.0,94
clean_v1,start_total_in_credits,total_reg_credits,-95.5,9
clean_v1,start_total_in_credits,total_reg_credits,-95.0,121
clean_v1,start_total_in_credits,total_reg_credits,-94.5,14
clean_v1,start_total_in_credits,total_reg_credits,-94.0,83
clean_v1,start_total_in_credits,total_reg_credits,-93.5,5
clean_v1,start_total_in_credits,total_reg_credits,-93.0,103
clean_v1,start_total_in_credits,total_reg_credits,-92.5,8
clean_v1,start_total_in_credits,total_reg_credits,-92.0,102
clean_v1,start_total_in_credits,total_reg_credits,-91.5,15
clean_v1,start_total_in_credits,total_reg_credits,-91.0,102
clean_v1,start_total_in_credits,total_reg_credits,-90.5,13
clean_v1,start_total_in_credits,total_reg_credits,-90.0,102
clean_v1,start_total_in_credits,total_reg_credits,-89.5,12
clean_v1,start_total_in_credits,total_reg_credits,-89.0,117
clean_v1,start_total_in_credits,total_reg_credits,-88.5,6
clean_v1,start_total_in_credits,total_reg_credits,-88.0,98
clean_v1,start_total_in_credits,total_reg_credits,-87.5,8
clean_v1,start_total_in_credits,total_reg_credits,-87.0,119
clean_v1,start_total_in_credits,total_reg_credits,-86.5,4
clean_v1,start_total_in_credits,total_reg_credits,-86.0,132
clean_v1,start_total_in_credits,total_reg_credits,-85.5,13
clean_v1,start_total_in_credits,total_reg_credits,-85.0,116
clean_v1,start_total_in_credits,total_reg_credits,-84.5,15
clean_v1,start_total_in_credits,total_reg_credits,-84.0,111
clean_v1,start_total_in_credits,total_reg_credits,-83.5,11
clean_v1,start_total_in_credits,total_reg_credits,-83.0,135
clean_v1,start_total_in_credits,total_reg_credits,-82.5,13
clean_v1,start_total_in_credits,total_reg_credits,-82.0,128
clean_v1,start_total_in_credits,total_reg_credits,-81.5,14
clean_v1,start_total_in_credits,total_reg_credits,-81.0,144
clean_v1,start_total_in_credits,total_reg_credits,-80.5,12
clean_v1,start_total_in_credits,total_reg_credits,-80.0,126
clean_v1,start_total_in_credits,total_reg_credits,-79.5,11
clean_v1,start_total_in_credits,total_reg_credits,-79.0,143
clean_v1,start_total_in_credits,total_reg_credits,-78.5,10
clean_v1,start_total_in_credits,total_reg_credits,-78.0,124
clean_v1,start_total_in_credits,total_reg_credits,-77.5,8
clean_v1,start_total_in_credits,total_reg_credits,-77.0,131
clean_v1,start_total_in_credits,total_reg_credits,-76.5,14
clean_v1,start_total_in_credits,total_reg_credits,-76.0,135
clean_v1,start_total_in_credits,total_reg_credits,-75.5,11
clean_v1,start_total_in_credits,total_reg_credits,-75.0,158
clean_v1,start_total_in_credits,total_reg_credits,-74.5,18
clean_v1,start_total_in_credits,total_reg_credits,-74.0,163
clean_v1,start_total_in_credits,total_reg_credits,-73.5,13
clean_v1,start_total_in_credits,total_reg_credits,-73.0,169
clean_v1,start_total_in_credits,total_reg_credits,-72.5,7
clean_v1,start_total_in_credits,total_reg_credits,-72.0,193
clean_v1,start_total_in_credits,total_reg_credits,-71.5,14
clean_v1,start_total_in_credits,total_reg_credits,-71.0,188
clean_v1,start_total_in_credits,total_reg_credits,-70.5,21
clean_v1,start_total_in_credits,total_reg_credits,-70.0,147
clean_v1,start_total_in_credits,total_reg_credits,-69.5,8
clean_v1,start_total_in_credits,total_reg_credits,-69.0,192
clean_v1,start_total_in_credits,total_reg_credits,-68.5,17
clean_v1,start_total_in_credits,total_reg_credits,-68.0,221
clean_v1,start_total_in_credits,total_reg_credits,-67.5,10
clean_v1,start_total_in_credits,total_reg_credits,-67.0,190
clean_v1,start_total_in_credits,total_reg_credits,-66.5,4
clean_v1,start_total_in_credits,total_reg_credits,-66.0,197
clean_v1,start_total_in_credits,total_reg_credits,-65.5,12
clean_v1,start_total_in_credits,total_reg_credits,-65.0,200
clean_v1,start_total_in_credits,total_reg_credits,-64.5,29
clean_v1,start_total_in_credits,total_reg_credits,-64.0,217
clean_v1,start_total_in_credits,total_reg_credits,-63.5,20
clean_v1,start_total_in_credits,total_reg_credits,-63.0,235
clean_v1,start_total_in_credits,total_reg_credits,-62.5,18
clean_v1,start_total_in_credits,total_reg_credits,-62.0,202
clean_v1,start_total_in_credits,total_reg_credits,-61.5,13
clean_v1,start_total_in_credits,total_reg_credits,-61.0,241
clean_v1,start_total_in_credits,total_reg_credits,-60.5,9
clean_v1,start_total_in_credits,total_reg_credits,-60.0,250
clean_v1,start_total_in_credits,total_reg_credits,-59.5,22
clean_v1,start_total_in_credits,total_reg_credits,-59.0,242
clean_v1,start_total_in_credits,total_reg_credits,-58.5,18
clean_v1,start_total_in_credits,total_reg_credits,-58.0,269
clean_v1,start_total_in_credits,total_reg_credits,-57.5,19
clean_v1,start_total_in_credits,total_reg_credits,-57.0,245
clean_v1,start_total_in_credits,total_reg_credits,-56.5,6
clean_v1,start_total_in_credits,total_reg_credits,-56.0,235
clean_v1,start_total_in_credits,total_reg_credits,-55.5,25
clean_v1,start_total_in_credits,total_reg_credits,-55.0,255
clean_v1,start_total_in_credits,total_reg_credits,-54.5,8
clean_v1,start_total_in_credits,total_reg_credits,-54.0,292
clean_v1,start_total_in_credits,total_reg_credits,-53.5,27
clean_v1,start_total_in_credits,total_reg_credits,-53.0,266
clean_v1,start_total_in_credits,total_reg_credits,-52.5,14
clean_v1,start_total_in_credits,total_reg_credits,-52.0,313
clean_v1,start_total_in_credits,total_reg_credits,-51.5,25
clean_v1,start_total_in_credits,total_reg_credits,-51.0,295
clean_v1,start_total_in_credits,total_reg_credits,-50.5,13
clean_v1,start_total_in_credits,total_reg_credits,-50.0,273
clean_v1,start_total_in_credits,total_reg_credits,-49.5,10
clean_v1,start_total_in_credits,total_reg_credits,-49.0,321
clean_v1,start_total_in_credits,total_reg_credits,-48.5,15
clean_v1,start_total_in_credits,total_reg_credits,-48.0,327
clean_v1,start_total_in_credits,total_reg_credits,-47.5,21
clean_v1,start_total_in_credits,total_reg_credits,-47.0,321
clean_v1,start_total_in_credits,total_reg_credits,-46.5,16
clean_v1,start_total_in_credits,total_reg_credits,-46.0,298
clean_v1,start_total_in_credits,total_reg_credits,-45.5,15
clean_v1,start_total_in_credits,total_reg_credits,-45.0,349
clean_v1,start_total_in_credits,total_reg_credits,-44.5,24
clean_v1,start_total_in_credits,total_reg_credits,-44.0,325
clean_v1,start_total_in_credits,total_reg_credits,-43.5,20
clean_v1,start_total_in_credits,total_reg_credits,-43.0,388
clean_v1,start_total_in_credits,total_reg_credits,-42.5,12
clean_v1,start_total_in_credits,total_reg_credits,-42.0,373
clean_v1,start_total_in_credits,total_reg_credits,-41.5,31
clean_v1,start_total_in_credits,total_reg_credits,-41.0,385
clean_v1,start_total_in_credits,total_reg_credits,-40.5,9
clean_v1,start_total_in_credits,total_reg_credits,-40.0,420
clean_v1,start_total_in_credits,total_reg_credits,-39.5,16
clean_v1,start_total_in_credits,total_reg_credits,-39.0,410
clean_v1,start_total_in_credits,total_reg_credits,-38.5,10
clean_v1,start_total_in_credits,total_reg_credits,-38.0,436
clean_v1,start_total_in_credits,total_reg_credits,-37.5,35
clean_v1,start_total_in_credits,total_reg_credits,-37.0,419
clean_v1,start_total_in_credits,total_reg_credits,-36.5,11
clean_v1,start_total_in_credits,total_reg_credits,-36.0,466
clean_v1,start_total_in_credits,total_reg_credits,-35.5,22
clean_v1,start_total_in_credits,total_reg_credits,-35.0,440
clean_v1,start_total_in_credits,total_reg_credits,-34.5,19
clean_v1,start_total_in_credits,total_reg_credits,-34.0,513
clean_v1,start_total_in_credits,total_reg_credits,-33.5,38
clean_v1,start_total_in_credits,total_reg_credits,-33.0,555
clean_v1,start_total_in_credits,total_reg_credits,-32.5,32
clean_v1,start_total_in_credits,total_reg_credits,-32.0,531
clean_v1,start_total_in_credits,total_reg_credits,-31.5,23
clean_v1,start_total_in_credits,total_reg_credits,-31.0,503
clean_v1,start_total_in_credits,total_reg_credits,-30.5,13
clean_v1,start_total_in_credits,total_reg_credits,-30.0,643
clean_v1,start_total_in_credits,total_reg_credits,-29.5,22
clean_v1,start_total_in_credits,total_reg_credits,-29.0,616
clean_v1,start_total_in_credits,total_reg_credits,-28.5,10
clean_v1,start_total_in_credits,total_reg_credits,-28.0,590
clean_v1,start_total_in_credits,total_reg_credits,-27.5,9
clean_v1,start_total_in_credits,total_reg_credits,-27.0,745
clean_v1,start_total_in_credits,total_reg_credits,-26.5,11
clean_v1,start_total_in_credits,total_reg_credits,-26.0,666
clean_v1,start_total_in_credits,total_reg_credits,-25.5,28
clean_v1,start_total_in_credits,total_reg_credits,-25.0,621
clean_v1,start_total_in_credits,total_reg_credits,-24.5,10
clean_v1,start_total_in_credits,total_reg_credits,-24.0,796
clean_v1,start_total_in_credits,total_reg_credits,-23.5,14
clean_v1,start_total_in_credits,total_reg_credits,-23.0,692
clean_v1,start_total_in_credits,total_reg_credits,-22.5,15
clean_v1,start_total_in_credits,total_reg_credits,-22.0,723
clean_v1,start_total_in_credits,total_reg_credits,-21.5,8
clean_v1,start_total_in_credits,total_reg_credits,-21.0,870
clean_v1,start_total_in_credits,total_reg_credits,-20.5,18
clean_v1,start_total_in_credits,total_reg_credits,-20.0,767
clean_v1,start_total_in_credits,total_reg_credits,-19.5,24
clean_v1,start_total_in_credits,total_reg_credits,-19.0,864
clean_v1,start_total_in_credits,total_reg_credits,-18.5,11
clean_v1,start_total_in_credits,total_reg_credits,-18.0,1084
clean_v1,start_total_in_credits,total_reg_credits,-17.5,31
clean_v1,start_total_in_credits,total_reg_credits,-17.0,1044
clean_v1,start_total_in_credits,total_reg_credits,-16.5,18
clean_v1,start_total_in_credits,total_reg_credits,-16.0,931
clean_v1,start_total_in_credits,total_reg_credits,-15.5,6
clean_v1,start_total_in_credits,total_reg_credits,-15.0,1353
clean_v1,start_total_in_credits,total_reg_credits,-14.5,24
clean_v1,start_total_in_credits,total_reg_credits,-14.0,1032
clean_v1,start_total_in_credits,total_reg_credits,-13.5,9
clean_v1,start_total_in_credits,total_reg_credits,-13.0,1055
clean_v1,start_total_in_credits,total_reg_credits,-12.5,15
clean_v1,start_total_in_credits,total_reg_credits,-12.0,1595
clean_v1,start_total_in_credits,total_reg_credits,-11.5,10
clean_v1,start_total_in_credits,total_reg_credits,-11.0,1265
clean_v1,start_total_in_credits,total_reg_credits,-10.5,2
clean_v1,start_total_in_credits,total_reg_credits,-10.0,1100
clean_v1,start_total_in_credits,total_reg_credits,-9.5,8
clean_v1,start_total_in_credits,total_reg_credits,-9.0,1534
clean_v1,start_total_in_credits,total_reg_credits,-8.5,5
clean_v1,start_total_in_credits,total_reg_credits,-8.0,1480
clean_v1,start_total_in_credits,total_reg_credits,-7.5,8
clean_v1,start_total_in_credits,total_reg_credits,-7.0,1151
clean_v1,start_total_in_credits,total_reg_credits,-6.5,13
clean_v1,start_total_in_credits,total_reg_credits,-6.0,1718
clean_v1,start_total_in_credits,total_reg_credits,-5.5,2
clean_v1,start_total_in_credits,total_reg_credits,-5.0,1439
clean_v1,start_total_in_credits,total_reg_credits,-4.5,5
clean_v1,start_total_in_credits,total_reg_credits,-4.0,2138
clean_v1,start_total_in_credits,total_reg_credits,-3.0,2769
clean_v1,start_total_in_credits,total_reg_credits,-2.5,5
clean_v1,start_total_in_credits,total_reg_credits,-2.0,2270
clean_v1,start_total_in_credits,total_reg_credits,-1.5,3
clean_v1,start_total_in_credits,total_reg_credits,-1.0,565
clean_v1,start_total_in_credits,total_reg_credits,-0.5,4
clean_v1,start_total_in_credits,total_reg_credits,0.0,18462
clean_v1,start_total_in_credits,total_reg_credits,0.5,4
clean_v1,start_total_in_credits,total_reg_credits,1.0,191
clean_v1,start_total_in_credits,total_reg_credits,2.0,206
clean_v1,start_total_in_credits,total_reg_credits,2.5,3
clean_v1,start_total_in_credits,total_reg_credits,3.0,237
clean_v1,start_total_in_credits,total_reg_credits,4.0,217
clean_v1,start_total_in_credits,total_reg_credits,4.5,7
clean_v1,start_total_in_credits,total_reg_credits,5.0,240
clean_v1,start_total_in_credits,total_reg_credits,5.5,1
clean_v1,start_total_in_credits,total_reg_credits,6.0,261
clean_v1,start_total_in_credits,total_reg_credits,6.5,3
clean_v1,start_total_in_credits,total_reg_credits,7.0,283
clean_v1,start_total_in_credits,total_reg_credits,8.0,303
clean_v1,start_total_in_credits,total_reg_credits,9.0,329
clean_v1,start_total_in_credits,total_reg_credits,9.5,1
clean_v1,start_total_in_credits,total_reg_credits,10.0,262
clean_v1,start_total_in_credits,total_reg_credits,11.0,346
clean_v1,start_total_in_credits,total_reg_credits,12.0,194
clean_v1,start_total_in_credits,total_reg_credits,13.0,239
clean_v1,start_total_in_credits,total_reg_credits,14.0,173
clean_v1,start_total_in_credits,total_reg_credits,14.5,2
clean_v1,start_total_in_credits,total_reg_credits,15.0,343
clean_v1,start_total_in_credits,total_reg_credits,16.0,164
clean_v1,start_total_in_credits,total_reg_credits,17.0,216
clean_v1,start_total_in_credits,total_reg_credits,17.5,3
clean_v1,start_total_in_credits,total_reg_credits,18.0,114
clean_v1,start_total_in_credits,total_reg_credits,19.0,601
clean_v1,start_total_in_credits,total_reg_credits,20.0,184
clean_v1,start_total_in_credits,total_reg_credits,21.0,115
clean_v1,start_total_in_credits,total_reg_credits,21.5,1
clean_v1,start_total_in_credits,total_reg_credits,22.0,109
clean_v1,start_total_in_credits,total_reg_credits,23.0,95
clean_v1,start_total_in_credits,total_reg_credits,24.0,46
clean_v1,start_total_in_credits,total_reg_credits,25.0,86
clean_v1,start_total_in_credits,total_reg_credits,26.0,70
clean_v1,start_total_in_credits,total_reg_credits,26.5,4
clean_v1,start_total_in_credits,total_reg_credits,27.0,44
clean_v1,start_total_in_credits,total_reg_credits,28.0,57
clean_v1,start_total_in_credits,total_reg_credits,28.5,1
clean_v1,start_total_in_credits,total_reg_credits,29.0,33
clean_v1,start_total_in_credits,total_reg_credits,30.0,64
clean_v1,start_total_in_credits,total_reg_credits,31.0,12
clean_v1,start_total_in_credits,total_reg_credits,32.0,34
clean_v1,start_total_in_credits,total_reg_credits,33.0,17
clean_v1,start_total_in_credits,total_reg_credits,33.5,4
clean_v1,start_total_in_credits,total_reg_credits,34.0,32
clean_v1,start_total_in_credits,total_reg_credits,35.0,13
clean_v1,start_total_in_credits,total_reg_credits,36.0,20
clean_v1,start_total_in_credits,total_reg_credits,37.0,21
clean_v1,start_total_in_credits,total_reg_credits,37.5,1
clean_v1,start_total_in_credits,total_reg_credits,38.0,22
clean_v1,start_total_in_credits,total_reg_credits,39.0,2
clean_v1,start_total_in_credits,total_reg_credits,40.0,2
clean_v1,start_total_in_credits,total_reg_credits,41.0,7
clean_v1,start_total_in_credits,total_reg_credits,42.0,17
clean_v1,start_total_in_credits,total_reg_credits,43.0,22
clean_v1,start_total_in_credits,total_reg_credits,44.0,10
clean_v1,start_total_in_credits,total_reg_credits,45.0,15
clean_v1,start_total_in_credits,total_reg_credits,46.0,12
clean_v1,start_total_in_credits,total_reg_credits,47.0,15
clean_v1,start_total_in_credits,total_reg_credits,48.0,13
clean_v1,start_total_in_credits,total_reg_credits,48.5,3
clean_v1,start_total_in_credits,total_reg_credits,49.0,13
clean_v1,start_total_in_credits,total_reg_credits,50.0,22
clean_v1,start_total_in_credits,total_reg_credits,51.0,1
clean_v1,start_total_in_credits,total_reg_credits,52.0,12
clean_v1,start_total_in_credits,total_reg_credits,52.5,1
clean_v1,start_total_in_credits,total_reg_credits,53.0,20
clean_v1,start_total_in_credits,total_reg_credits,54.0,3
clean_v1,start_total_in_credits,total_reg_credits,54.5,3
clean_v1,start_total_in_credits,total_reg_credits,55.0,6
clean_v1,start_total_in_credits,total_reg_credits,55.5,1
clean_v1,start_total_in_credits,total_reg_credits,56.0,14
clean_v1,start_total_in_credits,total_reg_credits,57.0,8
clean_v1,start_total_in_credits,total_reg_credits,58.0,16
clean_v1,start_total_in_credits,total_reg_credits,58.5,3
clean_v1,start_total_in_credits,total_reg_credits,59.0,11
clean_v1,start_total_in_credits,total_reg_credits,59.5,1
clean_v1,start_total_in_credits,total_reg_credits,60.0,21
clean_v1,start_total_in_credits,total_reg_credits,61.0,9
clean_v1,start_total_in_credits,total_reg_credits,62.0,1
clean_v1,start_total_in_credits,total_reg_credits,63.0,13
clean_v1,start_total_in_credits,total_reg_credits,64.0,6
clean_v1,start_total_in_credits,total_reg_credits,65.0,3
clean_v1,start_total_in_credits,total_reg_credits,66.0,12
clean_v1,start_total_in_credits,total_reg_credits,67.0,13
clean_v1,start_total_in_credits,total_reg_credits,68.0,2
clean_v1,start_total_in_credits,total_reg_credits,69.0,15
clean_v1,start_total_in_credits,total_reg_credits,70.0,9
clean_v1,start_total_in_credits,total_reg_credits,71.0,10
clean_v1,start_total_in_credits,total_reg_credits,72.0,8
clean_v1,start_total_in_credits,total_reg_credits,73.0,2
clean_v1,start_total_in_credits,total_reg_credits,74.0,17
clean_v1,start_total_in_credits,total_reg_credits,76.0,11
clean_v1,start_total_in_credits,total_reg_credits,77.0,4
clean_v1,start_total_in_credits,total_reg_credits,78.0,7
clean_v1,start_total_in_credits,total_reg_credits,79.0,2
clean_v1,start_total_in_credits,total_reg_credits,80.0,7
clean_v1,start_total_in_credits,total_reg_credits,81.0,4
clean_v1,start_total_in_credits,total_reg_credits,83.0,4
clean_v1,start_total_in_credits,total_reg_credits,84.0,5
clean_v1,start_total_in_credits,total_reg_credits,85.0,1
clean_v1,start_total_in_credits,total_reg_credits,86.0,7
clean_v1,start_total_in_credits,total_reg_credits,88.0,3
clean_v1,start_total_in_credits,total_reg_credits,90.0,1
clean_v1,start_total_in_credits,total_reg_credits,91.0,5
clean_v1,start_total_in_credits,total_reg_credits,100.0,6
clean_v1,start_total_in_credits,total_reg_credits,103.0,4
clean_v1,start_total_in_credits,total_reg_courses,-115.0,1
clean_v1,start_total_in_credits,total_reg_courses,-100.0,1
clean_v1,start_total_in_credits,total_reg_courses,-97.0,1
clean_v1,start_total_in_credits,total_reg_courses,-94.0,2
clean_v1,start_total_in_credits,total_reg_courses,-84.0,1
clean_v1,start_total_in_credits,total_reg_courses,-83.0,1
clean_v1,start_total_in_credits,total_reg_courses,-80.0,1
clean_v1,start_total_in_credits,total_reg_courses,-79.0,1
clean_v1,start_total_in_credits,total_reg_courses,-77.0,2
clean_v1,start_total_in_credits,total_reg_courses,-75.0,2
clean_v1,start_total_in_credits,total_reg_courses,-74.0,1
clean_v1,start_total_in_credits,total_reg_courses,-72.0,2
clean_v1,start_total_in_credits,total_reg_courses,-71.0,3
clean_v1,start_total_in_credits,total_reg_courses,-70.0,1
clean_v1,start_total_in_credits,total_reg_courses,-69.0,2
clean_v1,start_total_in_credits,total_reg_courses,-68.0,3
clean_v1,start_total_in_credits,total_reg_courses,-67.0,3
clean_v1,start_total_in_credits,total_reg_courses,-66.0,2
clean_v1,start_total_in_credits,total_reg_courses,-65.5,1
clean_v1,start_total_in_credits,total_reg_courses,-65.0,4
clean_v1,start_total_in_credits,total_reg_courses,-64.5,1
clean_v1,start_total_in_credits,total_reg_courses,-64.0,2
clean_v1,start_total_in_credits,total_reg_courses,-63.0,3
clean_v1,start_total_in_credits,total_reg_courses,-62.0,4
clean_v1,start_total_in_credits,total_reg_courses,-61.0,2
clean_v1,start_total_in_credits,total_reg_courses,-60.0,3
clean_v1,start_total_in_credits,total_reg_courses,-59.0,4
clean_v1,start_total_in_credits,total_reg_courses,-58.5,1
clean_v1,start_total_in_credits,total_reg_courses,-58.0,5
clean_v1,start_total_in_credits,total_reg_courses,-57.0,5
clean_v1,start_total_in_credits,total_reg_courses,-56.5,1
clean_v1,start_total_in_credits,total_reg_courses,-56.0,4
clean_v1,start_total_in_credits,total_reg_courses,-55.0,3
clean_v1,start_total_in_credits,total_reg_courses,-54.0,4
clean_v1,start_total_in_credits,total_reg_courses,-53.0,3
clean_v1,start_total_in_credits,total_reg_courses,-52.0,4
clean_v1,start_total_in_credits,total_reg_courses,-51.0,5
clean_v1,start_total_in_credits,total_reg_courses,-50.0,4
clean_v1,start_total_in_credits,total_reg_courses,-49.5,1
clean_v1,start_total_in_credits,total_reg_courses,-49.0,5
clean_v1,start_total_in_credits,total_reg_courses,-48.0,4
clean_v1,start_total_in_credits,total_reg_courses,-47.0,6
clean_v1,start_total_in_credits,total_reg_courses,-46.0,4
clean_v1,start_total_in_credits,total_reg_courses,-45.5,1
clean_v1,start_total_in_credits,total_reg_courses,-45.0,6
clean_v1,start_total_in_credits,total_reg_courses,-44.0,11
clean_v1,start_total_in_credits,total_reg_courses,-43.5,1
clean_v1,start_total_in_credits,total_reg_courses,-43.0,5
clean_v1,start_total_in_credits,total_reg_courses,-42.0,5
clean_v1,start_total_in_credits,total_reg_courses,-41.5,2
clean_v1,start_total_in_credits,total_reg_courses,-41.0,8
clean_v1,start_total_in_credits,total_reg_courses,-40.0,8
clean_v1,start_total_in_credits,total_reg_courses,-39.5,1
clean_v1,start_total_in_credits,total_reg_courses,-39.0,11
clean_v1,start_total_in_credits,total_reg_courses,-38.0,10
clean_v1,start_total_in_credits,total_reg_courses,-37.5,1
clean_v1,start_total_in_credits,total_reg_courses,-37.0,15
clean_v1,start_total_in_credits,total_reg_courses,-36.0,9
clean_v1,start_total_in_credits,total_reg_courses,-35.0,16
clean_v1,start_total_in_credits,total_reg_courses,-34.0,10
clean_v1,start_total_in_credits,total_reg_courses,-33.0,18
clean_v1,start_total_in_credits,total_reg_courses,-32.0,25
clean_v1,start_total_in_credits,total_reg_courses,-31.0,10
clean_v1,start_total_in_credits,total_reg_courses,-30.0,22
clean_v1,start_total_in_credits,total_reg_courses,-29.0,14
clean_v1,start_total_in_credits,total_reg_courses,-28.0,23
clean_v1,start_total_in_credits,total_reg_courses,-27.0,15
clean_v1,start_total_in_credits,total_reg_courses,-26.0,31
clean_v1,start_total_in_credits,total_reg_courses,-25.0,27
clean_v1,start_total_in_credits,total_reg_courses,-24.0,30
clean_v1,start_total_in_credits,total_reg_courses,-23.5,1
clean_v1,start_total_in_credits,total_reg_courses,-23.0,38
clean_v1,start_total_in_credits,total_reg_courses,-22.0,40
clean_v1,start_total_in_credits,total_reg_courses,-21.0,41
clean_v1,start_total_in_credits,total_reg_courses,-20.0,45
clean_v1,start_total_in_credits,total_reg_courses,-19.0,66
clean_v1,start_total_in_credits,total_reg_courses,-18.0,52
clean_v1,start_total_in_credits,total_reg_courses,-17.0,64
clean_v1,start_total_in_credits,total_reg_courses,-16.0,72
clean_v1,start_total_in_credits,total_reg_courses,-15.0,72
clean_v1,start_total_in_credits,total_reg_courses,-14.5,1
clean_v1,start_total_in_credits,total_reg_courses,-14.0,100
clean_v1,start_total_in_credits,total_reg_courses,-13.0,112
clean_v1,start_total_in_credits,total_reg_courses,-12.5,1
clean_v1,start_total_in_credits,total_reg_courses,-12.0,128
clean_v1,start_total_in_credits,total_reg_courses,-11.0,136
clean_v1,start_total_in_credits,total_reg_courses,-10.5,2
clean_v1,start_total_in_credits,total_reg_courses,-10.0,181
clean_v1,start_total_in_credits,total_reg_courses,-9.0,158
clean_v1,start_total_in_credits,total_reg_courses,-8.5,1
clean_v1,start_total_in_credits,total_reg_courses,-8.0,197
clean_v1,start_total_in_credits,total_reg_courses,-7.0,238
clean_v1,start_total_in_credits,total_reg_courses,-6.0,349
clean_v1,start_total_in_credits,total_reg_courses,-5.0,389
clean_v1,start_total_in_credits,total_reg_courses,-4.5,2
clean_v1,start_total_in_credits,total_reg_courses,-4.0,373
clean_v1,start_total_in_credits,total_reg_courses,-3.5,1
clean_v1,start_total_in_credits,total_reg_courses,-3.0,437
clean_v1,start_total_in_credits,total_reg_courses,-2.5,1
clean_v1,start_total_in_credits,total_reg_courses,-2.0,455
clean_v1,start_total_in_credits,total_reg_courses,-1.0,452
clean_v1,start_total_in_credits,total_reg_courses,-0.5,2
clean_v1,start_total_in_credits,total_reg_courses,0.0,6869
clean_v1,start_total_in_credits,total_reg_courses,0.5,1
clean_v1,start_total_in_credits,total_reg_courses,1.0,494
clean_v1,start_total_in_credits,total_reg_courses,2.0,535
clean_v1,start_total_in_credits,total_reg_courses,2.5,2
clean_v1,start_total_in_credits,total_reg_courses,3.0,613
clean_v1,start_total_in_credits,total_reg_courses,4.0,578
clean_v1,start_total_in_credits,total_reg_courses,4.5,4
clean_v1,start_total_in_credits,total_reg_courses,5.0,608
clean_v1,start_total_in_credits,total_reg_courses,6.0,661
clean_v1,start_total_in_credits,total_reg_courses,7.0,783
clean_v1,start_total_in_credits,total_reg_courses,7.5,1
clean_v1,start_total_in_credits,total_reg_courses,8.0,748
clean_v1,start_total_in_credits,total_reg_courses,8.5,1
clean_v1,start_total_in_credits,total_reg_courses,9.0,1027
clean_v1,start_total_in_credits,total_reg_courses,10.0,1280
clean_v1,start_total_in_credits,total_reg_courses,10.5,1
clean_v1,start_total_in_credits,total_reg_courses,11.0,1232
clean_v1,start_total_in_credits,total_reg_courses,12.0,1073
clean_v1,start_total_in_credits,total_reg_courses,12.5,4
clean_v1,start_total_in_credits,total_reg_courses,13.0,642
clean_v1,start_total_in_credits,total_reg_courses,13.5,1
clean_v1,start_total_in_credits,total_reg_courses,14.0,697
clean_v1,start_total_in_credits,total_reg_courses,14.5,1
clean_v1,start_total_in_credits,total_reg_courses,15.0,614
clean_v1,start_total_in_credits,total_reg_courses,15.5,2
clean_v1,start_total_in_credits,total_reg_courses,16.0,676
clean_v1,start_total_in_credits,total_reg_courses,16.5,2
clean_v1,start_total_in_credits,total_reg_courses,17.0,749
clean_v1,start_total_in_credits,total_reg_courses,18.0,812
clean_v1,start_total_in_credits,total_reg_courses,18.5,2
clean_v1,start_total_in_credits,total_reg_courses,19.0,876
clean_v1,start_total_in_credits,total_reg_courses,19.5,1
clean_v1,start_total_in_credits,total_reg_courses,20.0,921
clean_v1,start_total_in_credits,total_reg_courses,20.5,5
clean_v1,start_total_in_credits,total_reg_courses,21.0,956
clean_v1,start_total_in_credits,total_reg_courses,21.5,1
clean_v1,start_total_in_credits,total_reg_courses,22.0,943
clean_v1,start_total_in_credits,total_reg_courses,22.5,1
clean_v1,start_total_in_credits,total_reg_courses,23.0,848
clean_v1,start_total_in_credits,total_reg_courses,23.5,3
clean_v1,start_total_in_credits,total_reg_courses,24.0,773
clean_v1,start_total_in_credits,total_reg_courses,24.5,2
clean_v1,start_total_in_credits,total_reg_courses,25.0,801
clean_v1,start_total_in_credits,total_reg_courses,25.5,3
clean_v1,start_total_in_credits,total_reg_courses,26.0,760
clean_v1,start_total_in_credits,total_reg_courses,26.5,2
clean_v1,start_total_in_credits,total_reg_courses,27.0,758
clean_v1,start_total_in_credits,total_reg_courses,27.5,2
clean_v1,start_total_in_credits,total_reg_courses,28.0,718
clean_v1,start_total_in_credits,total_reg_courses,28.5,3
clean_v1,start_total_in_credits,total_reg_courses,29.0,716
clean_v1,start_total_in_credits,total_reg_courses,29.5,5
clean_v1,start_total_in_credits,total_reg_courses,30.0,790
clean_v1,start_total_in_credits,total_reg_courses,30.5,2
clean_v1,start_total_in_credits,total_reg_courses,31.0,771
clean_v1,start_total_in_credits,total_reg_courses,31.5,4
clean_v1,start_total_in_credits,total_reg_courses,32.0,792
clean_v1,start_total_in_credits,total_reg_courses,32.5,7
clean_v1,start_total_in_credits,total_reg_courses,33.0,696
clean_v1,start_total_in_credits,total_reg_courses,33.5,5
clean_v1,start_total_in_credits,total_reg_courses,34.0,737
clean_v1,start_total_in_credits,total_reg_courses,34.5,3
clean_v1,start_total_in_credits,total_reg_courses,35.0,699
clean_v1,start_total_in_credits,total_reg_courses,35.5,5
clean_v1,start_total_in_credits,total_reg_courses,36.0,716
clean_v1,start_total_in_credits,total_reg_courses,36.5,8
clean_v1,start_total_in_credits,total_reg_courses,37.0,680
clean_v1,start_total_in_credits,total_reg_courses,37.5,2
clean_v1,start_total_in_credits,total_reg_courses,38.0,664
clean_v1,start_total_in_credits,total_reg_courses,38.5,4
clean_v1,start_total_in_credits,total_reg_courses,39.0,703
clean_v1,start_total_in_credits,total_reg_courses,39.5,8
clean_v1,start_total_in_credits,total_reg_courses,40.0,766
clean_v1,start_total_in_credits,total_reg_courses,40.5,2
clean_v1,start_total_in_credits,total_reg_courses,41.0,751
clean_v1,start_total_in_credits,total_reg_courses,41.5,5
clean_v1,start_total_in_credits,total_reg_courses,42.0,787
clean_v1,start_total_in_credits,total_reg_courses,42.5,7
clean_v1,start_total_in_credits,total_reg_courses,43.0,742
clean_v1,start_total_in_credits,total_reg_courses,43.5,3
clean_v1,start_total_in_credits,total_reg_courses,44.0,674
clean_v1,start_total_in_credits,total_reg_courses,44.5,7
clean_v1,start_total_in_credits,total_reg_courses,45.0,698
clean_v1,start_total_in_credits,total_reg_courses,45.5,9
clean_v1,start_total_in_credits,total_reg_courses,46.0,665
clean_v1,start_total_in_credits,total_reg_courses,46.5,5
clean_v1,start_total_in_credits,total_reg_courses,47.0,643
clean_v1,start_total_in_credits,total_reg_courses,47.5,2
clean_v1,start_total_in_credits,total_reg_courses,48.0,598
clean_v1,start_total_in_credits,total_reg_courses,48.5,6
clean_v1,start_total_in_credits,total_reg_courses,49.0,674
clean_v1,start_total_in_credits,total_reg_courses,49.5,3
clean_v1,start_total_in_credits,total_reg_courses,50.0,645
clean_v1,start_total_in_credits,total_reg_courses,50.5,7
clean_v1,start_total_in_credits,total_reg_courses,51.0,659
clean_v1,start_total_in_credits,total_reg_courses,51.5,9
clean_v1,start_total_in_credits,total_reg_courses,52.0,622
clean_v1,start_total_in_credits,total_reg_courses,52.5,10
clean_v1,start_total_in_credits,total_reg_courses,53.0,623
clean_v1,start_total_in_credits,total_reg_courses,53.5,8
clean_v1,start_total_in_credits,total_reg_courses,54.0,627
clean_v1,start_total_in_credits,total_reg_courses,54.5,9
clean_v1,start_total_in_credits,total_reg_courses,55.0,671
clean_v1,start_total_in_credits,total_reg_courses,55.5,14
clean_v1,start_total_in_credits,total_reg_courses,56.0,602
clean_v1,start_total_in_credits,total_reg_courses,56.5,10
clean_v1,start_total_in_credits,total_reg_courses,57.0,634
clean_v1,start_total_in_credits,total_reg_courses,57.5,10
clean_v1,start_total_in_credits,total_reg_courses,58.0,590
clean_v1,start_total_in_credits,total_reg_courses,58.5,11
clean_v1,start_total_in_credits,total_reg_courses,59.0,650
clean_v1,start_total_in_credits,total_reg_courses,59.5,10
clean_v1,start_total_in_credits,total_reg_courses,60.0,635
clean_v1,start_total_in_credits,total_reg_courses,60.5,13
clean_v1,start_total_in_credits,total_reg_courses,61.0,607
clean_v1,start_total_in_credits,total_reg_courses,61.5,12
clean_v1,start_total_in_credits,total_reg_courses,62.0,567
clean_v1,start_total_in_credits,total_reg_courses,62.5,8
clean_v1,start_total_in_credits,total_reg_courses,63.0,598
clean_v1,start_total_in_credits,total_reg_courses,63.5,10
clean_v1,start_total_in_credits,total_reg_courses,64.0,567
clean_v1,start_total_in_credits,total_reg_courses,64.5,15
clean_v1,start_total_in_credits,total_reg_courses,65.0,569
clean_v1,start_total_in_credits,total_reg_courses,65.5,11
clean_v1,start_total_in_credits,total_reg_courses,66.0,572
clean_v1,start_total_in_credits,total_reg_courses,66.5,12
clean_v1,start_total_in_credits,total_reg_courses,67.0,591
clean_v1,start_total_in_credits,total_reg_courses,67.5,13
clean_v1,start_total_in_credits,total_reg_courses,68.0,519
clean_v1,start_total_in_credits,total_reg_courses,68.5,12
clean_v1,start_total_in_credits,total_reg_courses,69.0,542
clean_v1,start_total_in_credits,total_reg_courses,69.5,10
clean_v1,start_total_in_credits,total_reg_courses,70.0,560
clean_v1,start_total_in_credits,total_reg_courses,70.5,10
clean_v1,start_total_in_credits,total_reg_courses,71.0,526
clean_v1,start_total_in_credits,total_reg_courses,71.5,16
clean_v1,start_total_in_credits,total_reg_courses,72.0,525
clean_v1,start_total_in_credits,total_reg_courses,72.5,10
clean_v1,start_total_in_credits,total_reg_courses,73.0,549
clean_v1,start_total_in_credits,total_reg_courses,73.5,12
clean_v1,start_total_in_credits,total_reg_courses,74.0,522
clean_v1,start_total_in_credits,total_reg_courses,74.5,16
clean_v1,start_total_in_credits,total_reg_courses,75.0,488
clean_v1,start_total_in_credits,total_reg_courses,75.5,21
clean_v1,start_total_in_credits,total_reg_courses,76.0,493
clean_v1,start_total_in_credits,total_reg_courses,76.5,16
clean_v1,start_total_in_credits,total_reg_courses,77.0,488
clean_v1,start_total_in_credits,total_reg_courses,77.5,22
clean_v1,start_total_in_credits,total_reg_courses,78.0,531
clean_v1,start_total_in_credits,total_reg_courses,78.5,17
clean_v1,start_total_in_credits,total_reg_courses,79.0,475
clean_v1,start_total_in_credits,total_reg_courses,79.5,21
clean_v1,start_total_in_credits,total_reg_courses,80.0,481
clean_v1,start_total_in_credits,total_reg_courses,80.5,19
clean_v1,start_total_in_credits,total_reg_courses,81.0,483
clean_v1,start_total_in_credits,total_reg_courses,81.5,23
clean_v1,start_total_in_credits,total_reg_courses,82.0,443
clean_v1,start_total_in_credits,total_reg_courses,82.5,25
clean_v1,start_total_in_credits,total_reg_courses,83.0,437
clean_v1,start_total_in_credits,total_reg_courses,83.5,26
clean_v1,start_total_in_credits,total_reg_courses,84.0,482
clean_v1,start_total_in_credits,total_reg_courses,84.5,24
clean_v1,start_total_in_credits,total_reg_courses,85.0,428
clean_v1,start_total_in_credits,total_reg_courses,85.5,27
clean_v1,start_total_in_credits,total_reg_courses,86.0,406
clean_v1,start_total_in_credits,total_reg_courses,86.5,35
clean_v1,start_total_in_credits,total_reg_courses,87.0,379
clean_v1,start_total_in_credits,total_reg_courses,87.5,17
clean_v1,start_total_in_credits,total_reg_courses,88.0,381
clean_v1,start_total_in_credits,total_reg_courses,88.5,23
clean_v1,start_total_in_credits,total_reg_courses,89.0,386
clean_v1,start_total_in_credits,total_reg_courses,89.5,28
clean_v1,start_total_in_credits,total_reg_courses,90.0,352
clean_v1,start_total_in_credits,total_reg_courses,90.5,23
clean_v1,start_total_in_credits,total_reg_courses,91.0,388
clean_v1,start_total_in_credits,total_reg_courses,91.5,29
clean_v1,start_total_in_credits,total_reg_courses,92.0,309
clean_v1,start_total_in_credits,total_reg_courses,92.5,26
clean_v1,start_total_in_credits,total_reg_courses,93.0,322
clean_v1,start_total_in_credits,total_reg_courses,93.5,32
clean_v1,start_total_in_credits,total_reg_courses,94.0,325
clean_v1,start_total_in_credits,total_reg_courses,94.5,45
clean_v1,start_total_in_credits,total_reg_courses,95.0,303
clean_v1,start_total_in_credits,total_reg_courses,95.5,38
clean_v1,start_total_in_credits,total_reg_courses,96.0,317
clean_v1,start_total_in_credits,total_reg_courses,96.5,30
clean_v1,start_total_in_credits,total_reg_courses,97.0,274
clean_v1,start_total_in_credits,total_reg_courses,97.5,26
clean_v1,start_total_in_credits,total_reg_courses,98.0,252
clean_v1,start_total_in_credits,total_reg_courses,98.5,21
clean_v1,start_total_in_credits,total_reg_courses,99.0,240
clean_v1,start_total_in_credits,total_reg_courses,99.5,22
clean_v1,start_total_in_credits,total_reg_courses,100.0,221
clean_v1,start_total_in_credits,total_reg_courses,100.5,28
clean_v1,start_total_in_credits,total_reg_courses,101.0,214
clean_v1,start_total_in_credits,total_reg_courses,101.5,31
clean_v1,start_total_in_credits,total_reg_courses,102.0,202
clean_v1,start_total_in_credits,total_reg_courses,102.5,29
clean_v1,start_total_in_credits,total_reg_courses,103.0,182
clean_v1,start_total_in_credits,total_reg_courses,103.5,34
clean_v1,start_total_in_credits,total_reg_courses,104.0,203
clean_v1,start_total_in_credits,total_reg_courses,104.5,39
clean_v1,start_total_in_credits,total_reg_courses,105.0,165
clean_v1,start_total_in_credits,total_reg_courses,105.5,16
clean_v1,start_total_in_credits,total_reg_courses,106.0,123
clean_v1,start_total_in_credits,total_reg_courses,106.5,29
clean_v1,start_total_in_credits,total_reg_courses,107.0,123
clean_v1,start_total_in_credits,total_reg_courses,107.5,40
clean_v1,start_total_in_credits,total_reg_courses,108.0,111
clean_v1,start_total_in_credits,total_reg_courses,108.5,35
clean_v1,start_total_in_credits,total_reg_courses,109.0,96
clean_v1,start_total_in_credits,total_reg_courses,109.5,32
clean_v1,start_total_in_credits,total_reg_courses,110.0,69
clean_v1,start_total_in_credits,total_reg_courses,110.5,26
clean_v1,start_total_in_credits,total_reg_courses,111.0,79
clean_v1,start_total_in_credits,total_reg_courses,111.5,29
clean_v1,start_total_in_credits,total_reg_courses,112.0,81
clean_v1,start_total_in_credits,total_reg_courses,112.5,35
clean_v1,start_total_in_credits,total_reg_courses,113.0,68
clean_v1,start_total_in_credits,total_reg_courses,113.5,37
clean_v1,start_total_in_credits,total_reg_courses,114.0,69
clean_v1,start_total_in_credits,total_reg_courses,114.5,38
clean_v1,start_total_in_credits,total_reg_courses,115.0,77
clean_v1,start_total_in_credits,total_reg_courses,115.5,35
clean_v1,start_total_in_credits,total_reg_courses,116.0,75
clean_v1,start_total_in_credits,total_reg_courses,116.5,29
clean_v1,start_total_in_credits,total_reg_courses,117.0,63
clean_v1,start_total_in_credits,total_reg_courses,117.5,25
clean_v1,start_total_in_credits,total_reg_courses,118.0,83
clean_v1,start_total_in_credits,total_reg_courses,118.5,33
clean_v1,start_total_in_credits,total_reg_courses,119.0,77
clean_v1,start_total_in_credits,total_reg_courses,119.5,20
clean_v1,start_total_in_credits,total_reg_courses,120.0,90
clean_v1,start_total_in_credits,total_reg_courses,120.5,31
clean_v1,start_total_in_credits,total_reg_courses,121.0,103
clean_v1,start_total_in_credits,total_reg_courses,121.5,36
clean_v1,start_total_in_credits,total_reg_courses,122.0,71
clean_v1,start_total_in_credits,total_reg_courses,122.5,36
clean_v1,start_total_in_credits,total_reg_courses,123.0,92
clean_v1,start_total_in_credits,total_reg_courses,123.5,28
clean_v1,start_total_in_credits,total_reg_courses,124.0,89
clean_v1,start_total_in_credits,total_reg_courses,124.5,34
clean_v1,start_total_in_credits,total_reg_courses,125.0,75
clean_v1,start_total_in_credits,total_reg_courses,125.5,38
clean_v1,start_total_in_credits,total_reg_courses,126.0,75
clean_v1,start_total_in_credits,total_reg_courses,126.5,37
clean_v1,start_total_in_credits,total_reg_courses,127.0,81
clean_v1,start_total_in_credits,total_reg_courses,127.5,39
clean_v1,start_total_in_credits,total_reg_courses,128.0,67
clean_v1,start_total_in_credits,total_reg_courses,128.5,37
clean_v1,start_total_in_credits,total_reg_courses,129.0,79
clean_v1,start_total_in_credits,total_reg_courses,129.5,37
clean_v1,start_total_in_credits,total_reg_courses,130.0,70
clean_v1,start_total_in_credits,total_reg_courses,130.5,27
clean_v1,start_total_in_credits,total_reg_courses,131.0,65
clean_v1,start_total_in_credits,total_reg_courses,131.5,27
clean_v1,start_total_in_credits,total_reg_courses,132.0,66
clean_v1,start_total_in_credits,total_reg_courses,132.5,32
clean_v1,start_total_in_credits,total_reg_courses,133.0,67
clean_v1,start_total_in_credits,total_reg_courses,133.5,38
clean_v1,start_total_in_credits,total_reg_courses,134.0,76
clean_v1,start_total_in_credits,total_reg_courses,134.5,20
clean_v1,start_total_in_credits,total_reg_courses,135.0,79
clean_v1,start_total_in_credits,total_reg_courses,135.5,33
clean_v1,start_total_in_credits,total_reg_courses,136.0,57
clean_v1,start_total_in_credits,total_reg_courses,136.5,24
clean_v1,start_total_in_credits,total_reg_courses,137.0,68
clean_v1,start_total_in_credits,total_reg_courses,137.5,31
clean_v1,start_total_in_credits,total_reg_courses,138.0,75
clean_v1,start_total_in_credits,total_reg_courses,138.5,23
clean_v1,start_total_in_credits,total_reg_courses,139.0,92
clean_v1,start_total_in_credits,total_reg_courses,139.5,31
clean_v1,start_total_in_credits,total_reg_courses,140.0,97
clean_v1,start_total_in_credits,total_reg_courses,140.5,26
clean_v1,start_total_in_credits,total_reg_courses,141.0,89
clean_v1,start_total_in_credits,total_reg_courses,141.5,29
clean_v1,start_total_in_credits,total_reg_courses,142.0,93
clean_v1,start_total_in_credits,total_reg_courses,142.5,21
clean_v1,start_total_in_credits,total_reg_courses,143.0,98
clean_v1,start_total_in_credits,total_reg_courses,143.5,20
clean_v1,start_total_in_credits,total_reg_courses,144.0,100
clean_v1,start_total_in_credits,total_reg_courses,144.5,35
clean_v1,start_total_in_credits,total_reg_courses,145.0,94
clean_v1,start_total_in_credits,total_reg_courses,145.5,25
clean_v1,start_total_in_credits,total_reg_courses,146.0,90
clean_v1,start_total_in_credits,total_reg_courses,146.5,34
clean_v1,start_total_in_credits,total_reg_courses,147.0,91
clean_v1,start_total_in_credits,total_reg_courses,147.5,26
clean_v1,start_total_in_credits,total_reg_courses,148.0,108
clean_v1,start_total_in_credits,total_reg_courses,148.5,24
clean_v1,start_total_in_credits,total_reg_courses,149.0,119
clean_v1,start_total_in_credits,total_reg_courses,149.5,14
clean_v1,start_total_in_credits,total_reg_courses,150.0,84
clean_v1,start_total_in_credits,total_reg_courses,150.5,21
clean_v1,start_total_in_credits,total_reg_courses,151.0,112
clean_v1,start_total_in_credits,total_reg_courses,151.5,17
clean_v1,start_total_in_credits,total_reg_courses,152.0,105
clean_v1,start_total_in_credits,total_reg_courses,152.5,20
clean_v1,start_total_in_credits,total_reg_courses,153.0,112
clean_v1,start_total_in_credits,total_reg_courses,153.5,16
clean_v1,start_total_in_credits,total_reg_courses,154.0,135
clean_v1,start_total_in_credits,total_reg_courses,154.5,11
clean_v1,start_total_in_credits,total_reg_courses,155.0,98
clean_v1,start_total_in_credits,total_reg_courses,155.5,12
clean_v1,start_total_in_credits,total_reg_courses,156.0,109
clean_v1,start_total_in_credits,total_reg_courses,156.5,12
clean_v1,start_total_in_credits,total_reg_courses,157.0,90
clean_v1,start_total_in_credits,total_reg_courses,157.5,11
clean_v1,start_total_in_credits,total_reg_courses,158.0,85
clean_v1,start_total_in_credits,total_reg_courses,158.5,8
clean_v1,start_total_in_credits,total_reg_courses,159.0,59
clean_v1,start_total_in_credits,total_reg_courses,159.5,12
clean_v1,start_total_in_credits,total_reg_courses,160.0,78
clean_v1,start_total_in_credits,total_reg_courses,160.5,5
clean_v1,start_total_in_credits,total_reg_courses,161.0,53
clean_v1,start_total_in_credits,total_reg_courses,161.5,4
clean_v1,start_total_in_credits,total_reg_courses,162.0,41
clean_v1,start_total_in_credits,total_reg_courses,162.5,4
clean_v1,start_total_in_credits,total_reg_courses,163.0,39
clean_v1,start_total_in_credits,total_reg_courses,164.0,23
clean_v1,start_total_in_credits,total_reg_courses,164.5,3
clean_v1,start_total_in_credits,total_reg_courses,165.0,23
clean_v1,start_total_in_credits,total_reg_courses,165.5,1
clean_v1,start_total_in_credits,total_reg_courses,166.0,25
clean_v1,start_total_in_credits,total_reg_courses,166.5,1
clean_v1,start_total_in_credits,total_reg_courses,167.0,12
clean_v1,start_total_in_credits,total_reg_courses,167.5,2
clean_v1,start_total_in_credits,total_reg_courses,168.0,7
clean_v1,start_total_in_credits,total_reg_courses,168.5,1
clean_v1,start_total_in_credits,total_reg_courses,169.0,10
clean_v1,start_total_in_credits,total_reg_courses,169.5,1
clean_v1,start_total_in_credits,total_reg_courses,170.0,9
clean_v1,start_total_in_credits,total_reg_courses,171.0,7
clean_v1,start_total_in_credits,total_reg_courses,172.0,6
clean_v1,start_total_in_credits,total_reg_courses,173.0,7
clean_v1,start_total_in_credits,total_reg_courses,174.0,3
clean_v1,start_total_in_credits,total_reg_courses,175.0,7
clean_v1,start_total_in_credits,total_reg_courses,175.5,1
clean_v1,start_total_in_credits,total_reg_courses,176.0,8
clean_v1,start_total_in_credits,total_reg_courses,177.0,3
clean_v1,start_total_in_credits,total_reg_courses,177.5,1
clean_v1,start_total_in_credits,total_reg_courses,178.0,1
clean_v1,start_total_in_credits,total_reg_courses,179.0,1
clean_v1,start_total_in_credits,total_reg_courses,179.5,1
clean_v1,start_total_in_credits,total_reg_courses,180.0,2
clean_v1,start_total_in_credits,total_reg_courses,181.0,2
clean_v1,start_total_in_credits,total_reg_courses,182.0,2
clean_v1,start_total_in_credits,total_reg_courses,183.0,2
clean_v1,start_total_in_credits,total_reg_courses,184.0,1
clean_v1,start_total_in_credits,total_reg_courses,185.0,1
clean_v1,start_total_in_credits,total_reg_courses,187.0,2
clean_v1,start_total_in_credits,total_reg_courses,188.0,1
clean_v1,start_total_in_credits,total_reg_courses,190.0,1
clean_v1,start_total_in_credits,total_reg_courses,192.0,1
clean_v1,start_total_in_courses,total_reg_credits,-934.0,1
clean_v1,start_total_in_courses,total_reg_credits,-920.0,1
clean_v1,start_total_in_courses,total_reg_credits,-893.0,1
clean_v1,start_total_in_courses,total_reg_credits,-892.5,1
clean_v1,start_total_in_courses,total_reg_credits,-889.0,1
clean_v1,start_total_in_courses,total_reg_credits,-887.0,1
clean_v1,start_total_in_courses,total_reg_credits,-883.5,1
clean_v1,start_total_in_courses,total_reg_credits,-870.0,1
clean_v1,start_total_in_courses,total_reg_credits,-850.0,1
clean_v1,start_total_in_courses,total_reg_credits,-842.0,1
clean_v1,start_total_in_courses,total_reg_credits,-837.5,1
clean_v1,start_total_in_courses,total_reg_credits,-819.0,1
clean_v1,start_total_in_courses,total_reg_credits,-817.5,1
clean_v1,start_total_in_courses,total_reg_credits,-816.0,1
clean_v1,start_total_in_courses,total_reg_credits,-813.0,1
clean_v1,start_total_in_courses,total_reg_credits,-809.5,1
clean_v1,start_total_in_courses,total_reg_credits,-792.5,1
clean_v1,start_total_in_courses,total_reg_credits,-791.0,1
clean_v1,start_total_in_courses,total_reg_credits,-788.5,1
clean_v1,start_total_in_courses,total_reg_credits,-778.5,1
clean_v1,start_total_in_courses,total_reg_credits,-771.5,1
clean_v1,start_total_in_courses,total_reg_credits,-771.0,1
clean_v1,start_total_in_courses,total_reg_credits,-766.0,1
clean_v1,start_total_in_courses,total_reg_credits,-765.5,1
clean_v1,start_total_in_courses,total_reg_credits,-764.5,1
clean_v1,start_total_in_courses,total_reg_credits,-763.0,1
clean_v1,start_total_in_courses,total_reg_credits,-752.5,1
clean_v1,start_total_in_courses,total_reg_credits,-750.5,1
clean_v1,start_total_in_courses,total_reg_credits,-744.0,1
clean_v1,start_total_in_courses,total_reg_credits,-741.5,1
clean_v1,start_total_in_courses,total_reg_credits,-739.0,1
clean_v1,start_total_in_courses,total_reg_credits,-728.5,1
clean_v1,start_total_in_courses,total_reg_credits,-726.0,1
clean_v1,start_total_in_courses,total_reg_credits,-722.0,1
clean_v1,start_total_in_courses,total_reg_credits,-717.0,1
clean_v1,start_total_in_courses,total_reg_credits,-715.0,1
clean_v1,start_total_in_courses,total_reg_credits,-712.0,1
clean_v1,start_total_in_courses,total_reg_credits,-705.5,1
clean_v1,start_total_in_courses,total_reg_credits,-705.0,1
clean_v1,start_total_in_courses,total_reg_credits,-699.5,1
clean_v1,start_total_in_courses,total_reg_credits,-693.5,1
clean_v1,start_total_in_courses,total_reg_credits,-692.0,1
clean_v1,start_total_in_courses,total_reg_credits,-686.5,1
clean_v1,start_total_in_courses,total_reg_credits,-678.5,1
clean_v1,start_total_in_courses,total_reg_credits,-676.5,1
clean_v1,start_total_in_courses,total_reg_credits,-669.0,1
clean_v1,start_total_in_courses,total_reg_credits,-667.5,1
clean_v1,start_total_in_courses,total_reg_credits,-652.5,1
clean_v1,start_total_in_courses,total_reg_credits,-635.0,1
clean_v1,start_total_in_courses,total_reg_credits,-629.0,1
clean_v1,start_total_in_courses,total_reg_credits,-611.0,1
clean_v1,start_total_in_courses,total_reg_credits,-606.0,1
clean_v1,start_total_in_courses,total_reg_credits,-605.0,1
clean_v1,start_total_in_courses,total_reg_credits,-590.5,1
clean_v1,start_total_in_courses,total_reg_credits,-588.5,1
clean_v1,start_total_in_courses,total_reg_credits,-585.5,1
clean_v1,start_total_in_courses,total_reg_credits,-584.0,1
clean_v1,start_total_in_courses,total_reg_credits,-575.0,1
clean_v1,start_total_in_courses,total_reg_credits,-573.5,1
clean_v1,start_total_in_courses,total_reg_credits,-570.0,1
clean_v1,start_total_in_courses,total_reg_credits,-567.5,1
clean_v1,start_total_in_courses,total_reg_credits,-561.5,1
clean_v1,start_total_in_courses,total_reg_credits,-560.5,1
clean_v1,start_total_in_courses,total_reg_credits,-559.0,1
clean_v1,start_total_in_courses,total_reg_credits,-558.0,1
clean_v1,start_total_in_courses,total_reg_credits,-557.5,1
clean_v1,start_total_in_courses,total_reg_credits,-556.5,1
clean_v1,start_total_in_courses,total_reg_credits,-553.0,1
clean_v1,start_total_in_courses,total_reg_credits,-551.0,1
clean_v1,start_total_in_courses,total_reg_credits,-548.0,1
clean_v1,start_total_in_courses,total_reg_credits,-547.0,1
clean_v1,start_total_in_courses,total_reg_credits,-546.5,1
clean_v1,start_total_in_courses,total_reg_credits,-546.0,1
clean_v1,start_total_in_courses,total_reg_credits,-543.5,1
clean_v1,start_total_in_courses,total_reg_credits,-541.5,1
clean_v1,start_total_in_courses,total_reg_credits,-539.5,1
clean_v1,start_total_in_courses,total_reg_credits,-538.5,1
clean_v1,start_total_in_courses,total_reg_credits,-536.0,1
clean_v1,start_total_in_courses,total_reg_credits,-535.5,1
clean_v1,start_total_in_courses,total_reg_credits,-535.0,1
clean_v1,start_total_in_courses,total_reg_credits,-534.0,1
clean_v1,start_total_in_courses,total_reg_credits,-532.5,1
clean_v1,start_total_in_courses,total_reg_credits,-530.0,2
clean_v1,start_total_in_courses,total_reg_credits,-528.5,1
clean_v1,start_total_in_courses,total_reg_credits,-525.5,1
clean_v1,start_total_in_courses,total_reg_credits,-522.0,1
clean_v1,start_total_in_courses,total_reg_credits,-521.5,1
clean_v1,start_total_in_courses,total_reg_credits,-521.0,1
clean_v1,start_total_in_courses,total_reg_credits,-515.0,1
clean_v1,start_total_in_courses,total_reg_credits,-512.0,1
clean_v1,start_total_in_courses,total_reg_credits,-511.0,1
clean_v1,start_total_in_courses,total_reg_credits,-510.0,1
clean_v1,start_total_in_courses,total_reg_credits,-509.0,1
clean_v1,start_total_in_courses,total_reg_credits,-508.5,2
clean_v1,start_total_in_courses,total_reg_credits,-506.0,1
clean_v1,start_total_in_courses,total_reg_credits,-503.5,1
clean_v1,start_total_in_courses,total_reg_credits,-502.5,1
clean_v1,start_total_in_courses,total_reg_credits,-501.0,2
clean_v1,start_total_in_courses,total_reg_credits,-496.0,1
clean_v1,start_total_in_courses,total_reg_credits,-495.0,1
clean_v1,start_total_in_courses,total_reg_credits,-494.0,1
clean_v1,start_total_in_courses,total_reg_credits,-492.5,1
clean_v1,start_total_in_courses,total_reg_credits,-491.0,2
clean_v1,start_total_in_courses,total_reg_credits,-490.5,1
clean_v1,start_total_in_courses,total_reg_credits,-490.0,1
clean_v1,start_total_in_courses,total_reg_credits,-487.0,3
clean_v1,start_total_in_courses,total_reg_credits,-486.0,1
clean_v1,start_total_in_courses,total_reg_credits,-485.0,1
clean_v1,start_total_in_courses,total_reg_credits,-484.0,1
clean_v1,start_total_in_courses,total_reg_credits,-483.0,1
clean_v1,start_total_in_courses,total_reg_credits,-482.0,1
clean_v1,start_total_in_courses,total_reg_credits,-480.0,1
clean_v1,start_total_in_courses,total_reg_credits,-479.5,1
clean_v1,start_total_in_courses,total_reg_credits,-479.0,1
clean_v1,start_total_in_courses,total_reg_credits,-477.0,1
clean_v1,start_total_in_courses,total_reg_credits,-475.5,1
clean_v1,start_total_in_courses,total_reg_credits,-474.0,1
clean_v1,start_total_in_courses,total_reg_credits,-473.5,1
clean_v1,start_total_in_courses,total_reg_credits,-473.0,1
clean_v1,start_total_in_courses,total_reg_credits,-471.5,1
clean_v1,start_total_in_courses,total_reg_credits,-469.0,2
clean_v1,start_total_in_courses,total_reg_credits,-467.0,1
clean_v1,start_total_in_courses,total_reg_credits,-466.0,2
clean_v1,start_total_in_courses,total_reg_credits,-465.5,1
clean_v1,start_total_in_courses,total_reg_credits,-464.0,1
clean_v1,start_total_in_courses,total_reg_credits,-461.0,1
clean_v1,start_total_in_courses,total_reg_credits,-459.5,1
clean_v1,start_total_in_courses,total_reg_credits,-457.5,1
clean_v1,start_total_in_courses,total_reg_credits,-456.0,1
clean_v1,start_total_in_courses,total_reg_credits,-455.0,3
clean_v1,start_total_in_courses,total_reg_credits,-452.0,1
clean_v1,start_total_in_courses,total_reg_credits,-450.0,2
clean_v1,start_total_in_courses,total_reg_credits,-449.0,1
clean_v1,start_total_in_courses,total_reg_credits,-447.5,2
clean_v1,start_total_in_courses,total_reg_credits,-447.0,1
clean_v1,start_total_in_courses,total_reg_credits,-446.0,2
clean_v1,start_total_in_courses,total_reg_credits,-444.5,1
clean_v1,start_total_in_courses,total_reg_credits,-444.0,1
clean_v1,start_total_in_courses,total_reg_credits,-443.5,2
clean_v1,start_total_in_courses,total_reg_credits,-442.5,1
clean_v1,start_total_in_courses,total_reg_credits,-442.0,1
clean_v1,start_total_in_courses,total_reg_credits,-441.5,1
clean_v1,start_total_in_courses,total_reg_credits,-440.5,1
clean_v1,start_total_in_courses,total_reg_credits,-440.0,2
clean_v1,start_total_in_courses,total_reg_credits,-439.5,1
clean_v1,start_total_in_courses,total_reg_credits,-439.0,1
clean_v1,start_total_in_courses,total_reg_credits,-436.0,1
clean_v1,start_total_in_courses,total_reg_credits,-434.5,1
clean_v1,start_total_in_courses,total_reg_credits,-433.0,2
clean_v1,start_total_in_courses,total_reg_credits,-430.5,1
clean_v1,start_total_in_courses,total_reg_credits,-429.0,2
clean_v1,start_total_in_courses,total_reg_credits,-428.5,1
clean_v1,start_total_in_courses,total_reg_credits,-428.0,1
clean_v1,start_total_in_courses,total_reg_credits,-427.0,2
clean_v1,start_total_in_courses,total_reg_credits,-426.5,1
clean_v1,start_total_in_courses,total_reg_credits,-426.0,1
clean_v1,start_total_in_courses,total_reg_credits,-425.0,1
clean_v1,start_total_in_courses,total_reg_credits,-424.5,1
clean_v1,start_total_in_courses,total_reg_credits,-424.0,2
clean_v1,start_total_in_courses,total_reg_credits,-423.0,2
clean_v1,start_total_in_courses,total_reg_credits,-422.0,1
clean_v1,start_total_in_courses,total_reg_credits,-420.5,2
clean_v1,start_total_in_courses,total_reg_credits,-419.5,2
clean_v1,start_total_in_courses,total_reg_credits,-417.5,3
clean_v1,start_total_in_courses,total_reg_credits,-417.0,1
clean_v1,start_total_in_courses,total_reg_credits,-416.5,3
clean_v1,start_total_in_courses,total_reg_credits,-415.5,1
clean_v1,start_total_in_courses,total_reg_credits,-414.5,1
clean_v1,start_total_in_courses,total_reg_credits,-414.0,1
clean_v1,start_total_in_courses,total_reg_credits,-413.0,1
clean_v1,start_total_in_courses,total_reg_credits,-412.5,3
clean_v1,start_total_in_courses,total_reg_credits,-412.0,1
clean_v1,start_total_in_courses,total_reg_credits,-410.0,1
clean_v1,start_total_in_courses,total_reg_credits,-409.0,5
clean_v1,start_total_in_courses,total_reg_credits,-408.5,2
clean_v1,start_total_in_courses,total_reg_credits,-408.0,1
clean_v1,start_total_in_courses,total_reg_credits,-407.0,1
clean_v1,start_total_in_courses,total_reg_credits,-405.0,1
clean_v1,start_total_in_courses,total_reg_credits,-404.5,2
clean_v1,start_total_in_courses,total_reg_credits,-404.0,3
clean_v1,start_total_in_courses,total_reg_credits,-401.5,1
clean_v1,start_total_in_courses,total_reg_credits,-400.0,3
clean_v1,start_total_in_courses,total_reg_credits,-399.0,1
clean_v1,start_total_in_courses,total_reg_credits,-398.5,1
clean_v1,start_total_in_courses,total_reg_credits,-397.5,1
clean_v1,start_total_in_courses,total_reg_credits,-396.5,2
clean_v1,start_total_in_courses,total_reg_credits,-396.0,1
clean_v1,start_total_in_courses,total_reg_credits,-395.0,4
clean_v1,start_total_in_courses,total_reg_credits,-394.5,1
clean_v1,start_total_in_courses,total_reg_credits,-394.0,1
clean_v1,start_total_in_courses,total_reg_credits,-393.0,3
clean_v1,start_total_in_courses,total_reg_credits,-391.5,1
clean_v1,start_total_in_courses,total_reg_credits,-390.5,1
clean_v1,start_total_in_courses,total_reg_credits,-390.0,3
clean_v1,start_total_in_courses,total_reg_credits,-389.5,1
clean_v1,start_total_in_courses,total_reg_credits,-388.5,2
clean_v1,start_total_in_courses,total_reg_credits,-388.0,1
clean_v1,start_total_in_courses,total_reg_credits,-387.0,1
clean_v1,start_total_in_courses,total_reg_credits,-386.5,2
clean_v1,start_total_in_courses,total_reg_credits,-386.0,3
clean_v1,start_total_in_courses,total_reg_credits,-385.5,1
clean_v1,start_total_in_courses,total_reg_credits,-385.0,2
clean_v1,start_total_in_courses,total_reg_credits,-384.5,4
clean_v1,start_total_in_courses,total_reg_credits,-383.0,3
clean_v1,start_total_in_courses,total_reg_credits,-382.5,2
clean_v1,start_total_in_courses,total_reg_credits,-382.0,1
clean_v1,start_total_in_courses,total_reg_credits,-381.5,3
clean_v1,start_total_in_courses,total_reg_credits,-381.0,1
clean_v1,start_total_in_courses,total_reg_credits,-380.5,1
clean_v1,start_total_in_courses,total_reg_credits,-380.0,3
clean_v1,start_total_in_courses,total_reg_credits,-379.5,1
clean_v1,start_total_in_courses,total_reg_credits,-379.0,1
clean_v1,start_total_in_courses,total_reg_credits,-378.5,1
clean_v1,start_total_in_courses,total_reg_credits,-377.5,1
clean_v1,start_total_in_courses,total_reg_credits,-376.5,1
clean_v1,start_total_in_courses,total_reg_credits,-376.0,3
clean_v1,start_total_in_courses,total_reg_credits,-375.5,1
clean_v1,start_total_in_courses,total_reg_credits,-375.0,1
clean_v1,start_total_in_courses,total_reg_credits,-374.5,1
clean_v1,start_total_in_courses,total_reg_credits,-374.0,3
clean_v1,start_total_in_courses,total_reg_credits,-373.0,4
clean_v1,start_total_in_courses,total_reg_credits,-372.0,2
clean_v1,start_total_in_courses,total_reg_credits,-371.5,3
clean_v1,start_total_in_courses,total_reg_credits,-371.0,4
clean_v1,start_total_in_courses,total_reg_credits,-370.5,1
clean_v1,start_total_in_courses,total_reg_credits,-369.5,1
clean_v1,start_total_in_courses,total_reg_credits,-369.0,4
clean_v1,start_total_in_courses,total_reg_credits,-368.0,1
clean_v1,start_total_in_courses,total_reg_credits,-367.5,1
clean_v1,start_total_in_courses,total_reg_credits,-367.0,5
clean_v1,start_total_in_courses,total_reg_credits,-366.5,1
clean_v1,start_total_in_courses,total_reg_credits,-366.0,2
clean_v1,start_total_in_courses,total_reg_credits,-365.5,3
clean_v1,start_total_in_courses,total_reg_credits,-365.0,6
clean_v1,start_total_in_courses,total_reg_credits,-364.5,1
clean_v1,start_total_in_courses,total_reg_credits,-364.0,5
clean_v1,start_total_in_courses,total_reg_credits,-363.5,1
clean_v1,start_total_in_courses,total_reg_credits,-363.0,2
clean_v1,start_total_in_courses,total_reg_credits,-362.5,3
clean_v1,start_total_in_courses,total_reg_credits,-361.5,5
clean_v1,start_total_in_courses,total_reg_credits,-360.5,1
clean_v1,start_total_in_courses,total_reg_credits,-360.0,6
clean_v1,start_total_in_courses,total_reg_credits,-359.5,3
clean_v1,start_total_in_courses,total_reg_credits,-358.5,3
clean_v1,start_total_in_courses,total_reg_credits,-358.0,4
clean_v1,start_total_in_courses,total_reg_credits,-357.5,2
clean_v1,start_total_in_courses,total_reg_credits,-357.0,3
clean_v1,start_total_in_courses,total_reg_credits,-356.5,3
clean_v1,start_total_in_courses,total_reg_credits,-356.0,1
clean_v1,start_total_in_courses,total_reg_credits,-355.5,1
clean_v1,start_total_in_courses,total_reg_credits,-355.0,5
clean_v1,start_total_in_courses,total_reg_credits,-354.5,2
clean_v1,start_total_in_courses,total_reg_credits,-354.0,1
clean_v1,start_total_in_courses,total_reg_credits,-353.5,2
clean_v1,start_total_in_courses,total_reg_credits,-353.0,3
clean_v1,start_total_in_courses,total_reg_credits,-352.0,6
clean_v1,start_total_in_courses,total_reg_credits,-351.5,1
clean_v1,start_total_in_courses,total_reg_credits,-351.0,1
clean_v1,start_total_in_courses,total_reg_credits,-350.5,2
clean_v1,start_total_in_courses,total_reg_credits,-350.0,4
clean_v1,start_total_in_courses,total_reg_credits,-349.5,1
clean_v1,start_total_in_courses,total_reg_credits,-349.0,6
clean_v1,start_total_in_courses,total_reg_credits,-348.5,4
clean_v1,start_total_in_courses,total_reg_credits,-348.0,4
clean_v1,start_total_in_courses,total_reg_credits,-347.5,2
clean_v1,start_total_in_courses,total_reg_credits,-347.0,8
clean_v1,start_total_in_courses,total_reg_credits,-346.0,5
clean_v1,start_total_in_courses,total_reg_credits,-345.5,4
clean_v1,start_total_in_courses,total_reg_credits,-345.0,7
clean_v1,start_total_in_courses,total_reg_credits,-344.5,2
clean_v1,start_total_in_courses,total_reg_credits,-344.0,2
clean_v1,start_total_in_courses,total_reg_credits,-343.5,2
clean_v1,start_total_in_courses,total_reg_credits,-343.0,4
clean_v1,start_total_in_courses,total_reg_credits,-342.5,3
clean_v1,start_total_in_courses,total_reg_credits,-342.0,5
clean_v1,start_total_in_courses,total_reg_credits,-341.5,1
clean_v1,start_total_in_courses,total_reg_credits,-341.0,4
clean_v1,start_total_in_courses,total_reg_credits,-340.5,4
clean_v1,start_total_in_courses,total_reg_credits,-340.0,2
clean_v1,start_total_in_courses,total_reg_credits,-339.5,2
clean_v1,start_total_in_courses,total_reg_credits,-339.0,2
clean_v1,start_total_in_courses,total_reg_credits,-338.5,3
clean_v1,start_total_in_courses,total_reg_credits,-338.0,7
clean_v1,start_total_in_courses,total_reg_credits,-337.5,2
clean_v1,start_total_in_courses,total_reg_credits,-337.0,4
clean_v1,start_total_in_courses,total_reg_credits,-336.5,1
clean_v1,start_total_in_courses,total_reg_credits,-336.0,7
clean_v1,start_total_in_courses,total_reg_credits,-335.5,3
clean_v1,start_total_in_courses,total_reg_credits,-335.0,5
clean_v1,start_total_in_courses,total_reg_credits,-334.5,4
clean_v1,start_total_in_courses,total_reg_credits,-334.0,9
clean_v1,start_total_in_courses,total_reg_credits,-333.5,4
clean_v1,start_total_in_courses,total_reg_credits,-333.0,3
clean_v1,start_total_in_courses,total_reg_credits,-332.5,4
clean_v1,start_total_in_courses,total_reg_credits,-332.0,4
clean_v1,start_total_in_courses,total_reg_credits,-331.5,4
clean_v1,start_total_in_courses,total_reg_credits,-331.0,8
clean_v1,start_total_in_courses,total_reg_credits,-330.5,2
clean_v1,start_total_in_courses,total_reg_credits,-330.0,10
clean_v1,start_total_in_courses,total_reg_credits,-329.5,2
clean_v1,start_total_in_courses,total_reg_credits,-329.0,4
clean_v1,start_total_in_courses,total_reg_credits,-328.5,1
clean_v1,start_total_in_courses,total_reg_credits,-328.0,6
clean_v1,start_total_in_courses,total_reg_credits,-327.5,1
clean_v1,start_total_in_courses,total_reg_credits,-327.0,4
clean_v1,start_total_in_courses,total_reg_credits,-326.5,3
clean_v1,start_total_in_courses,total_reg_credits,-326.0,5
clean_v1,start_total_in_courses,total_reg_credits,-325.5,3
clean_v1,start_total_in_courses,total_reg_credits,-325.0,5
clean_v1,start_total_in_courses,total_reg_credits,-324.5,3
clean_v1,start_total_in_courses,total_reg_credits,-324.0,7
clean_v1,start_total_in_courses,total_reg_credits,-323.5,1
clean_v1,start_total_in_courses,total_reg_credits,-323.0,4
clean_v1,start_total_in_courses,total_reg_credits,-322.5,5
clean_v1,start_total_in_courses,total_reg_credits,-322.0,7
clean_v1,start_total_in_courses,total_reg_credits,-321.5,4
clean_v1,start_total_in_courses,total_reg_credits,-321.0,8
clean_v1,start_total_in_courses,total_reg_credits,-320.5,3
clean_v1,start_total_in_courses,total_reg_credits,-320.0,8
clean_v1,start_total_in_courses,total_reg_credits,-319.0,9
clean_v1,start_total_in_courses,total_reg_credits,-318.5,1
clean_v1,start_total_in_courses,total_reg_credits,-318.0,7
clean_v1,start_total_in_courses,total_reg_credits,-317.5,2
clean_v1,start_total_in_courses,total_reg_credits,-317.0,7
clean_v1,start_total_in_courses,total_reg_credits,-316.5,8
clean_v1,start_total_in_courses,total_reg_credits,-316.0,7
clean_v1,start_total_in_courses,total_reg_credits,-315.5,2
clean_v1,start_total_in_courses,total_reg_credits,-315.0,9
clean_v1,start_total_in_courses,total_reg_credits,-314.5,4
clean_v1,start_total_in_courses,total_reg_credits,-314.0,11
clean_v1,start_total_in_courses,total_reg_credits,-313.5,5
clean_v1,start_total_in_courses,total_reg_credits,-313.0,6
clean_v1,start_total_in_courses,total_reg_credits,-312.5,2
clean_v1,start_total_in_courses,total_reg_credits,-312.0,5
clean_v1,start_total_in_courses,total_reg_credits,-311.5,4
clean_v1,start_total_in_courses,total_reg_credits,-311.0,8
clean_v1,start_total_in_courses,total_reg_credits,-310.5,3
clean_v1,start_total_in_courses,total_reg_credits,-310.0,10
clean_v1,start_total_in_courses,total_reg_credits,-309.5,7
clean_v1,start_total_in_courses,total_reg_credits,-309.0,11
clean_v1,start_total_in_courses,total_reg_credits,-308.5,5
clean_v1,start_total_in_courses,total_reg_credits,-308.0,13
clean_v1,start_total_in_courses,total_reg_credits,-307.5,2
clean_v1,start_total_in_courses,total_reg_credits,-307.0,6
clean_v1,start_total_in_courses,total_reg_credits,-306.5,4
clean_v1,start_total_in_courses,total_reg_credits,-306.0,5
clean_v1,start_total_in_courses,total_reg_credits,-305.5,3
clean_v1,start_total_in_courses,total_reg_credits,-305.0,9
clean_v1,start_total_in_courses,total_reg_credits,-304.5,4
clean_v1,start_total_in_courses,total_reg_credits,-304.0,10
clean_v1,start_total_in_courses,total_reg_credits,-303.5,8
clean_v1,start_total_in_courses,total_reg_credits,-303.0,11
clean_v1,start_total_in_courses,total_reg_credits,-302.5,1
clean_v1,start_total_in_courses,total_reg_credits,-302.0,10
clean_v1,start_total_in_courses,total_reg_credits,-301.5,5
clean_v1,start_total_in_courses,total_reg_credits,-301.0,4
clean_v1,start_total_in_courses,total_reg_credits,-300.5,2
clean_v1,start_total_in_courses,total_reg_credits,-300.0,10
clean_v1,start_total_in_courses,total_reg_credits,-299.5,4
clean_v1,start_total_in_courses,total_reg_credits,-299.0,6
clean_v1,start_total_in_courses,total_reg_credits,-298.5,5
clean_v1,start_total_in_courses,total_reg_credits,-298.0,15
clean_v1,start_total_in_courses,total_reg_credits,-297.5,5
clean_v1,start_total_in_courses,total_reg_credits,-297.0,8
clean_v1,start_total_in_courses,total_reg_credits,-296.5,2
clean_v1,start_total_in_courses,total_reg_credits,-296.0,8
clean_v1,start_total_in_courses,total_reg_credits,-295.5,6
clean_v1,start_total_in_courses,total_reg_credits,-295.0,10
clean_v1,start_total_in_courses,total_reg_credits,-294.5,4
clean_v1,start_total_in_courses,total_reg_credits,-294.0,10
clean_v1,start_total_in_courses,total_reg_credits,-293.5,2
clean_v1,start_total_in_courses,total_reg_credits,-293.0,8
clean_v1,start_total_in_courses,total_reg_credits,-292.5,6
clean_v1,start_total_in_courses,total_reg_credits,-292.0,8
clean_v1,start_total_in_courses,total_reg_credits,-291.5,5
clean_v1,start_total_in_courses,total_reg_credits,-291.0,14
clean_v1,start_total_in_courses,total_reg_credits,-290.5,6
clean_v1,start_total_in_courses,total_reg_credits,-290.0,8
clean_v1,start_total_in_courses,total_reg_credits,-289.5,6
clean_v1,start_total_in_courses,total_reg_credits,-289.0,11
clean_v1,start_total_in_courses,total_reg_credits,-288.5,3
clean_v1,start_total_in_courses,total_reg_credits,-288.0,13
clean_v1,start_total_in_courses,total_reg_credits,-287.5,6
clean_v1,start_total_in_courses,total_reg_credits,-287.0,18
clean_v1,start_total_in_courses,total_reg_credits,-286.5,7
clean_v1,start_total_in_courses,total_reg_credits,-286.0,13
clean_v1,start_total_in_courses,total_reg_credits,-285.5,6
clean_v1,start_total_in_courses,total_reg_credits,-285.0,8
clean_v1,start_total_in_courses,total_reg_credits,-284.5,5
clean_v1,start_total_in_courses,total_reg_credits,-284.0,10
clean_v1,start_total_in_courses,total_reg_credits,-283.5,4
clean_v1,start_total_in_courses,total_reg_credits,-283.0,18
clean_v1,start_total_in_courses,total_reg_credits,-282.5,3
clean_v1,start_total_in_courses,total_reg_credits,-282.0,8
clean_v1,start_total_in_courses,total_reg_credits,-281.5,7
clean_v1,start_total_in_courses,total_reg_credits,-281.0,14
clean_v1,start_total_in_courses,total_reg_credits,-280.5,2
clean_v1,start_total_in_courses,total_reg_credits,-280.0,18
clean_v1,start_total_in_courses,total_reg_credits,-279.5,4
clean_v1,start_total_in_courses,total_reg_credits,-279.0,19
clean_v1,start_total_in_courses,total_reg_credits,-278.5,6
clean_v1,start_total_in_courses,total_reg_credits,-278.0,14
clean_v1,start_total_in_courses,total_reg_credits,-277.5,5
clean_v1,start_total_in_courses,total_reg_credits,-277.0,16
clean_v1,start_total_in_courses,total_reg_credits,-276.5,2
clean_v1,start_total_in_courses,total_reg_credits,-276.0,18
clean_v1,start_total_in_courses,total_reg_credits,-275.5,6
clean_v1,start_total_in_courses,total_reg_credits,-275.0,13
clean_v1,start_total_in_courses,total_reg_credits,-274.5,13
clean_v1,start_total_in_courses,total_reg_credits,-274.0,20
clean_v1,start_total_in_courses,total_reg_credits,-273.5,2
clean_v1,start_total_in_courses,total_reg_credits,-273.0,25
clean_v1,start_total_in_courses,total_reg_credits,-272.5,8
clean_v1,start_total_in_courses,total_reg_credits,-272.0,19
clean_v1,start_total_in_courses,total_reg_credits,-271.5,8
clean_v1,start_total_in_courses,total_reg_credits,-271.0,19
clean_v1,start_total_in_courses,total_reg_credits,-270.5,4
clean_v1,start_total_in_courses,total_reg_credits,-270.0,16
clean_v1,start_total_in_courses,total_reg_credits,-269.5,9
clean_v1,start_total_in_courses,total_reg_credits,-269.0,23
clean_v1,start_total_in_courses,total_reg_credits,-268.5,3
clean_v1,start_total_in_courses,total_reg_credits,-268.0,24
clean_v1,start_total_in_courses,total_reg_credits,-267.5,7
clean_v1,start_total_in_courses,total_reg_credits,-267.0,24
clean_v1,start_total_in_courses,total_reg_credits,-266.5,7
clean_v1,start_total_in_courses,total_reg_credits,-266.0,21
clean_v1,start_total_in_courses,total_reg_credits,-265.5,9
clean_v1,start_total_in_courses,total_reg_credits,-265.0,22
clean_v1,start_total_in_courses,total_reg_credits,-264.5,5
clean_v1,start_total_in_courses,total_reg_credits,-264.0,16
clean_v1,start_total_in_courses,total_reg_credits,-263.5,8
clean_v1,start_total_in_courses,total_reg_credits,-263.0,28
clean_v1,start_total_in_courses,total_reg_credits,-262.5,7
clean_v1,start_total_in_courses,total_reg_credits,-262.0,24
clean_v1,start_total_in_courses,total_reg_credits,-261.5,1
clean_v1,start_total_in_courses,total_reg_credits,-261.0,25
clean_v1,start_total_in_courses,total_reg_credits,-260.5,5
clean_v1,start_total_in_courses,total_reg_credits,-260.0,28
clean_v1,start_total_in_courses,total_reg_credits,-259.5,7
clean_v1,start_total_in_courses,total_reg_credits,-259.0,16
clean_v1,start_total_in_courses,total_reg_credits,-258.5,3
clean_v1,start_total_in_courses,total_reg_credits,-258.0,28
clean_v1,start_total_in_courses,total_reg_credits,-257.5,6
clean_v1,start_total_in_courses,total_reg_credits,-257.0,28
clean_v1,start_total_in_courses,total_reg_credits,-256.5,5
clean_v1,start_total_in_courses,total_reg_credits,-256.0,20
clean_v1,start_total_in_courses,total_reg_credits,-255.5,6
clean_v1,start_total_in_courses,total_reg_credits,-255.0,21
clean_v1,start_total_in_courses,total_reg_credits,-254.5,3
clean_v1,start_total_in_courses,total_reg_credits,-254.0,27
clean_v1,start_total_in_courses,total_reg_credits,-253.5,8
clean_v1,start_total_in_courses,total_reg_credits,-253.0,34
clean_v1,start_total_in_courses,total_reg_credits,-252.5,11
clean_v1,start_total_in_courses,total_reg_credits,-252.0,22
clean_v1,start_total_in_courses,total_reg_credits,-251.5,6
clean_v1,start_total_in_courses,total_reg_credits,-251.0,23
clean_v1,start_total_in_courses,total_reg_credits,-250.5,14
clean_v1,start_total_in_courses,total_reg_credits,-250.0,27
clean_v1,start_total_in_courses,total_reg_credits,-249.5,6
clean_v1,start_total_in_courses,total_reg_credits,-249.0,33
clean_v1,start_total_in_courses,total_reg_credits,-248.5,9
clean_v1,start_total_in_courses,total_reg_credits,-248.0,24
clean_v1,start_total_in_courses,total_reg_credits,-247.5,13
clean_v1,start_total_in_courses,total_reg_credits,-247.0,43
clean_v1,start_total_in_courses,total_reg_credits,-246.5,6
clean_v1,start_total_in_courses,total_reg_credits,-246.0,27
clean_v1,start_total_in_courses,total_reg_credits,-245.5,10
clean_v1,start_total_in_courses,total_reg_credits,-245.0,34
clean_v1,start_total_in_courses,total_reg_credits,-244.5,10
clean_v1,start_total_in_courses,total_reg_credits,-244.0,28
clean_v1,start_total_in_courses,total_reg_credits,-243.5,10
clean_v1,start_total_in_courses,total_reg_credits,-243.0,26
clean_v1,start_total_in_courses,total_reg_credits,-242.5,13
clean_v1,start_total_in_courses,total_reg_credits,-242.0,36
clean_v1,start_total_in_courses,total_reg_credits,-241.5,8
clean_v1,start_total_in_courses,total_reg_credits,-241.0,30
clean_v1,start_total_in_courses,total_reg_credits,-240.5,9
clean_v1,start_total_in_courses,total_reg_credits,-240.0,43
clean_v1,start_total_in_courses,total_reg_credits,-239.5,7
clean_v1,start_total_in_courses,total_reg_credits,-239.0,27
clean_v1,start_total_in_courses,total_reg_credits,-238.5,9
clean_v1,start_total_in_courses,total_reg_credits,-238.0,33
clean_v1,start_total_in_courses,total_reg_credits,-237.5,13
clean_v1,start_total_in_courses,total_reg_credits,-237.0,36
clean_v1,start_total_in_courses,total_reg_credits,-236.5,8
clean_v1,start_total_in_courses,total_reg_credits,-236.0,35
clean_v1,start_total_in_courses,total_reg_credits,-235.5,14
clean_v1,start_total_in_courses,total_reg_credits,-235.0,37
clean_v1,start_total_in_courses,total_reg_credits,-234.5,5
clean_v1,start_total_in_courses,total_reg_credits,-234.0,34
clean_v1,start_total_in_courses,total_reg_credits,-233.5,6
clean_v1,start_total_in_courses,total_reg_credits,-233.0,43
clean_v1,start_total_in_courses,total_reg_credits,-232.5,8
clean_v1,start_total_in_courses,total_reg_credits,-232.0,29
clean_v1,start_total_in_courses,total_reg_credits,-231.5,9
clean_v1,start_total_in_courses,total_reg_credits,-231.0,46
clean_v1,start_total_in_courses,total_reg_credits,-230.5,15
clean_v1,start_total_in_courses,total_reg_credits,-230.0,31
clean_v1,start_total_in_courses,total_reg_credits,-229.5,11
clean_v1,start_total_in_courses,total_reg_credits,-229.0,57
clean_v1,start_total_in_courses,total_reg_credits,-228.5,10
clean_v1,start_total_in_courses,total_reg_credits,-228.0,45
clean_v1,start_total_in_courses,total_reg_credits,-227.5,11
clean_v1,start_total_in_courses,total_reg_credits,-227.0,55
clean_v1,start_total_in_courses,total_reg_credits,-226.5,14
clean_v1,start_total_in_courses,total_reg_credits,-226.0,42
clean_v1,start_total_in_courses,total_reg_credits,-225.5,15
clean_v1,start_total_in_courses,total_reg_credits,-225.0,45
clean_v1,start_total_in_courses,total_reg_credits,-224.5,11
clean_v1,start_total_in_courses,total_reg_credits,-224.0,47
clean_v1,start_total_in_courses,total_reg_credits,-223.5,8
clean_v1,start_total_in_courses,total_reg_credits,-223.0,57
clean_v1,start_total_in_courses,total_reg_credits,-222.5,7
clean_v1,start_total_in_courses,total_reg_credits,-222.0,40
clean_v1,start_total_in_courses,total_reg_credits,-221.5,10
clean_v1,start_total_in_courses,total_reg_credits,-221.0,49
clean_v1,start_total_in_courses,total_reg_credits,-220.5,21
clean_v1,start_total_in_courses,total_reg_credits,-220.0,50
clean_v1,start_total_in_courses,total_reg_credits,-219.5,5
clean_v1,start_total_in_courses,total_reg_credits,-219.0,47
clean_v1,start_total_in_courses,total_reg_credits,-218.5,9
clean_v1,start_total_in_courses,total_reg_credits,-218.0,58
clean_v1,start_total_in_courses,total_reg_credits,-217.5,12
clean_v1,start_total_in_courses,total_reg_credits,-217.0,49
clean_v1,start_total_in_courses,total_reg_credits,-216.5,15
clean_v1,start_total_in_courses,total_reg_credits,-216.0,44
clean_v1,start_total_in_courses,total_reg_credits,-215.5,10
clean_v1,start_total_in_courses,total_reg_credits,-215.0,50
clean_v1,start_total_in_courses,total_reg_credits,-214.5,12
clean_v1,start_total_in_courses,total_reg_credits,-214.0,61
clean_v1,start_total_in_courses,total_reg_credits,-213.5,11
clean_v1,start_total_in_courses,total_reg_credits,-213.0,55
clean_v1,start_total_in_courses,total_reg_credits,-212.5,13
clean_v1,start_total_in_courses,total_reg_credits,-212.0,48
clean_v1,start_total_in_courses,total_reg_credits,-211.5,13
clean_v1,start_total_in_courses,total_reg_credits,-211.0,55
clean_v1,start_total_in_courses,total_reg_credits,-210.5,10
clean_v1,start_total_in_courses,total_reg_credits,-210.0,66
clean_v1,start_total_in_courses,total_reg_credits,-209.5,10
clean_v1,start_total_in_courses,total_reg_credits,-209.0,62
clean_v1,start_total_in_courses,total_reg_credits,-208.5,12
clean_v1,start_total_in_courses,total_reg_credits,-208.0,65
clean_v1,start_total_in_courses,total_reg_credits,-207.5,11
clean_v1,start_total_in_courses,total_reg_credits,-207.0,50
clean_v1,start_total_in_courses,total_reg_credits,-206.5,10
clean_v1,start_total_in_courses,total_reg_credits,-206.0,58
clean_v1,start_total_in_courses,total_reg_credits,-205.5,18
clean_v1,start_total_in_courses,total_reg_credits,-205.0,71
clean_v1,start_total_in_courses,total_reg_credits,-204.5,11
clean_v1,start_total_in_courses,total_reg_credits,-204.0,73
clean_v1,start_total_in_courses,total_reg_credits,-203.5,9
clean_v1,start_total_in_courses,total_reg_credits,-203.0,64
clean_v1,start_total_in_courses,total_reg_credits,-202.5,12
clean_v1,start_total_in_courses,total_reg_credits,-202.0,78
clean_v1,start_total_in_courses,total_reg_credits,-201.5,9
clean_v1,start_total_in_courses,total_reg_credits,-201.0,55
clean_v1,start_total_in_courses,total_reg_credits,-200.5,12
clean_v1,start_total_in_courses,total_reg_credits,-200.0,66
clean_v1,start_total_in_courses,total_reg_credits,-199.5,17
clean_v1,start_total_in_courses,total_reg_credits,-199.0,87
clean_v1,start_total_in_courses,total_reg_credits,-198.5,10
clean_v1,start_total_in_courses,total_reg_credits,-198.0,77
clean_v1,start_total_in_courses,total_reg_credits,-197.5,12
clean_v1,start_total_in_courses,total_reg_credits,-197.0,78
clean_v1,start_total_in_courses,total_reg_credits,-196.5,12
clean_v1,start_total_in_courses,total_reg_credits,-196.0,90
clean_v1,start_total_in_courses,total_reg_credits,-195.5,9
clean_v1,start_total_in_courses,total_reg_credits,-195.0,71
clean_v1,start_total_in_courses,total_reg_credits,-194.5,14
clean_v1,start_total_in_courses,total_reg_credits,-194.0,77
clean_v1,start_total_in_courses,total_reg_credits,-193.5,11
clean_v1,start_total_in_courses,total_reg_credits,-193.0,90
clean_v1,start_total_in_courses,total_reg_credits,-192.5,18
clean_v1,start_total_in_courses,total_reg_credits,-192.0,83
clean_v1,start_total_in_courses,total_reg_credits,-191.5,10
clean_v1,start_total_in_courses,total_reg_credits,-191.0,73
clean_v1,start_total_in_courses,total_reg_credits,-190.5,11
clean_v1,start_total_in_courses,total_reg_credits,-190.0,101
clean_v1,start_total_in_courses,total_reg_credits,-189.5,13
clean_v1,start_total_in_courses,total_reg_credits,-189.0,121
clean_v1,start_total_in_courses,total_reg_credits,-188.5,9
clean_v1,start_total_in_courses,total_reg_credits,-188.0,75
clean_v1,start_total_in_courses,total_reg_credits,-187.5,11
clean_v1,start_total_in_courses,total_reg_credits,-187.0,131
clean_v1,start_total_in_courses,total_reg_credits,-186.5,5
clean_v1,start_total_in_courses,total_reg_credits,-186.0,97
clean_v1,start_total_in_courses,total_reg_credits,-185.5,23
clean_v1,start_total_in_courses,total_reg_credits,-185.0,99
clean_v1,start_total_in_courses,total_reg_credits,-184.5,14
clean_v1,start_total_in_courses,total_reg_credits,-184.0,69
clean_v1,start_total_in_courses,total_reg_credits,-183.5,19
clean_v1,start_total_in_courses,total_reg_credits,-183.0,96
clean_v1,start_total_in_courses,total_reg_credits,-182.5,21
clean_v1,start_total_in_courses,total_reg_credits,-182.0,105
clean_v1,start_total_in_courses,total_reg_credits,-181.5,19
clean_v1,start_total_in_courses,total_reg_credits,-181.0,93
clean_v1,start_total_in_courses,total_reg_credits,-180.5,17
clean_v1,start_total_in_courses,total_reg_credits,-180.0,109
clean_v1,start_total_in_courses,total_reg_credits,-179.5,11
clean_v1,start_total_in_courses,total_reg_credits,-179.0,105
clean_v1,start_total_in_courses,total_reg_credits,-178.5,17
clean_v1,start_total_in_courses,total_reg_credits,-178.0,97
clean_v1,start_total_in_courses,total_reg_credits,-177.5,19
clean_v1,start_total_in_courses,total_reg_credits,-177.0,89
clean_v1,start_total_in_courses,total_reg_credits,-176.5,18
clean_v1,start_total_in_courses,total_reg_credits,-176.0,108
clean_v1,start_total_in_courses,total_reg_credits,-175.5,13
clean_v1,start_total_in_courses,total_reg_credits,-175.0,137
clean_v1,start_total_in_courses,total_reg_credits,-174.5,16
clean_v1,start_total_in_courses,total_reg_credits,-174.0,100
clean_v1,start_total_in_courses,total_reg_credits,-173.5,20
clean_v1,start_total_in_courses,total_reg_credits,-173.0,102
clean_v1,start_total_in_courses,total_reg_credits,-172.5,24
clean_v1,start_total_in_courses,total_reg_credits,-172.0,107
clean_v1,start_total_in_courses,total_reg_credits,-171.5,8
clean_v1,start_total_in_courses,total_reg_credits,-171.0,126
clean_v1,start_total_in_courses,total_reg_credits,-170.5,14
clean_v1,start_total_in_courses,total_reg_credits,-170.0,111
clean_v1,start_total_in_courses,total_reg_credits,-169.5,23
clean_v1,start_total_in_courses,total_reg_credits,-169.0,123
clean_v1,start_total_in_courses,total_reg_credits,-168.5,12
clean_v1,start_total_in_courses,total_reg_credits,-168.0,105
clean_v1,start_total_in_courses,total_reg_credits,-167.5,17
clean_v1,start_total_in_courses,total_reg_credits,-167.0,124
clean_v1,start_total_in_courses,total_reg_credits,-166.5,13
clean_v1,start_total_in_courses,total_reg_credits,-166.0,124
clean_v1,start_total_in_courses,total_reg_credits,-165.5,22
clean_v1,start_total_in_courses,total_reg_credits,-165.0,156
clean_v1,start_total_in_courses,total_reg_credits,-164.5,12
clean_v1,start_total_in_courses,total_reg_credits,-164.0,154
clean_v1,start_total_in_courses,total_reg_credits,-163.5,22
clean_v1,start_total_in_courses,total_reg_credits,-163.0,138
clean_v1,start_total_in_courses,total_reg_credits,-162.5,12
clean_v1,start_total_in_courses,total_reg_credits,-162.0,130
clean_v1,start_total_in_courses,total_reg_credits,-161.5,27
clean_v1,start_total_in_courses,total_reg_credits,-161.0,145
clean_v1,start_total_in_courses,total_reg_credits,-160.5,11
clean_v1,start_total_in_courses,total_reg_credits,-160.0,152
clean_v1,start_total_in_courses,total_reg_credits,-159.5,25
clean_v1,start_total_in_courses,total_reg_credits,-159.0,143
clean_v1,start_total_in_courses,total_reg_credits,-158.5,21
clean_v1,start_total_in_courses,total_reg_credits,-158.0,133
clean_v1,start_total_in_courses,total_reg_credits,-157.5,26
clean_v1,start_total_in_courses,total_reg_credits,-157.0,128
clean_v1,start_total_in_courses,total_reg_credits,-156.5,19
clean_v1,start_total_in_courses,total_reg_credits,-156.0,119
clean_v1,start_total_in_courses,total_reg_credits,-155.5,16
clean_v1,start_total_in_courses,total_reg_credits,-155.0,129
clean_v1,start_total_in_courses,total_reg_credits,-154.5,24
clean_v1,start_total_in_courses,total_reg_credits,-154.0,141
clean_v1,start_total_in_courses,total_reg_credits,-153.5,22
clean_v1,start_total_in_courses,total_reg_credits,-153.0,135
clean_v1,start_total_in_courses,total_reg_credits,-152.5,24
clean_v1,start_total_in_courses,total_reg_credits,-152.0,141
clean_v1,start_total_in_courses,total_reg_credits,-151.5,20
clean_v1,start_total_in_courses,total_reg_credits,-151.0,135
clean_v1,start_total_in_courses,total_reg_credits,-150.5,31
clean_v1,start_total_in_courses,total_reg_credits,-150.0,138
clean_v1,start_total_in_courses,total_reg_credits,-149.5,22
clean_v1,start_total_in_courses,total_reg_credits,-149.0,164
clean_v1,start_total_in_courses,total_reg_credits,-148.5,24
clean_v1,start_total_in_courses,total_reg_credits,-148.0,147
clean_v1,start_total_in_courses,total_reg_credits,-147.5,19
clean_v1,start_total_in_courses,total_reg_credits,-147.0,151
clean_v1,start_total_in_courses,total_reg_credits,-146.5,28
clean_v1,start_total_in_courses,total_reg_credits,-146.0,184
clean_v1,start_total_in_courses,total_reg_credits,-145.5,25
clean_v1,start_total_in_courses,total_reg_credits,-145.0,172
clean_v1,start_total_in_courses,total_reg_credits,-144.5,25
clean_v1,start_total_in_courses,total_reg_credits,-144.0,179
clean_v1,start_total_in_courses,total_reg_credits,-143.5,15
clean_v1,start_total_in_courses,total_reg_credits,-143.0,182
clean_v1,start_total_in_courses,total_reg_credits,-142.5,20
clean_v1,start_total_in_courses,total_reg_credits,-142.0,160
clean_v1,start_total_in_courses,total_reg_credits,-141.5,27
clean_v1,start_total_in_courses,total_reg_credits,-141.0,184
clean_v1,start_total_in_courses,total_reg_credits,-140.5,22
clean_v1,start_total_in_courses,total_reg_credits,-140.0,195
clean_v1,start_total_in_courses,total_reg_credits,-139.5,27
clean_v1,start_total_in_courses,total_reg_credits,-139.0,197
clean_v1,start_total_in_courses,total_reg_credits,-138.5,29
clean_v1,start_total_in_courses,total_reg_credits,-138.0,175
clean_v1,start_total_in_courses,total_reg_credits,-137.5,33
clean_v1,start_total_in_courses,total_reg_credits,-137.0,177
clean_v1,start_total_in_courses,total_reg_credits,-136.5,22
clean_v1,start_total_in_courses,total_reg_credits,-136.0,189
clean_v1,start_total_in_courses,total_reg_credits,-135.5,14
clean_v1,start_total_in_courses,total_reg_credits,-135.0,221
clean_v1,start_total_in_courses,total_reg_credits,-134.5,26
clean_v1,start_total_in_courses,total_reg_credits,-134.0,202
clean_v1,start_total_in_courses,total_reg_credits,-133.5,28
clean_v1,start_total_in_courses,total_reg_credits,-133.0,209
clean_v1,start_total_in_courses,total_reg_credits,-132.5,16
clean_v1,start_total_in_courses,total_reg_credits,-132.0,185
clean_v1,start_total_in_courses,total_reg_credits,-131.5,33
clean_v1,start_total_in_courses,total_reg_credits,-131.0,232
clean_v1,start_total_in_courses,total_reg_credits,-130.5,21
clean_v1,start_total_in_courses,total_reg_credits,-130.0,233
clean_v1,start_total_in_courses,total_reg_credits,-129.5,19
clean_v1,start_total_in_courses,total_reg_credits,-129.0,197
clean_v1,start_total_in_courses,total_reg_credits,-128.5,23
clean_v1,start_total_in_courses,total_reg_credits,-128.0,236
clean_v1,start_total_in_courses,total_reg_credits,-127.5,20
clean_v1,start_total_in_courses,total_reg_credits,-127.0,250
clean_v1,start_total_in_courses,total_reg_credits,-126.5,18
clean_v1,start_total_in_courses,total_reg_credits,-126.0,230
clean_v1,start_total_in_courses,total_reg_credits,-125.5,22
clean_v1,start_total_in_courses,total_reg_credits,-125.0,247
clean_v1,start_total_in_courses,total_reg_credits,-124.5,28
clean_v1,start_total_in_courses,total_reg_credits,-124.0,271
clean_v1,start_total_in_courses,total_reg_credits,-123.5,11
clean_v1,start_total_in_courses,total_reg_credits,-123.0,263
clean_v1,start_total_in_courses,total_reg_credits,-122.5,18
clean_v1,start_total_in_courses,total_reg_credits,-122.0,243
clean_v1,start_total_in_courses,total_reg_credits,-121.5,20
clean_v1,start_total_in_courses,total_reg_credits,-121.0,281
clean_v1,start_total_in_courses,total_reg_credits,-120.5,23
clean_v1,start_total_in_courses,total_reg_credits,-120.0,260
clean_v1,start_total_in_courses,total_reg_credits,-119.5,10
clean_v1,start_total_in_courses,total_reg_credits,-119.0,265
clean_v1,start_total_in_courses,total_reg_credits,-118.5,16
clean_v1,start_total_in_courses,total_reg_credits,-118.0,256
clean_v1,start_total_in_courses,total_reg_credits,-117.5,8
clean_v1,start_total_in_courses,total_reg_credits,-117.0,271
clean_v1,start_total_in_courses,total_reg_credits,-116.5,9
clean_v1,start_total_in_courses,total_reg_credits,-116.0,269
clean_v1,start_total_in_courses,total_reg_credits,-115.5,21
clean_v1,start_total_in_courses,total_reg_credits,-115.0,271
clean_v1,start_total_in_courses,total_reg_credits,-114.5,16
clean_v1,start_total_in_courses,total_reg_credits,-114.0,297
clean_v1,start_total_in_courses,total_reg_credits,-113.5,10
clean_v1,start_total_in_courses,total_reg_credits,-113.0,283
clean_v1,start_total_in_courses,total_reg_credits,-112.5,15
clean_v1,start_total_in_courses,total_reg_credits,-112.0,296
clean_v1,start_total_in_courses,total_reg_credits,-111.5,15
clean_v1,start_total_in_courses,total_reg_credits,-111.0,294
clean_v1,start_total_in_courses,total_reg_credits,-110.5,14
clean_v1,start_total_in_courses,total_reg_credits,-110.0,316
clean_v1,start_total_in_courses,total_reg_credits,-109.5,13
clean_v1,start_total_in_courses,total_reg_credits,-109.0,340
clean_v1,start_total_in_courses,total_reg_credits,-108.5,12
clean_v1,start_total_in_courses,total_reg_credits,-108.0,355
clean_v1,start_total_in_courses,total_reg_credits,-107.5,14
clean_v1,start_total_in_courses,total_reg_credits,-107.0,367
clean_v1,start_total_in_courses,total_reg_credits,-106.5,17
clean_v1,start_total_in_courses,total_reg_credits,-106.0,363
clean_v1,start_total_in_courses,total_reg_credits,-105.5,15
clean_v1,start_total_in_courses,total_reg_credits,-105.0,390
clean_v1,start_total_in_courses,total_reg_credits,-104.5,18
clean_v1,start_total_in_courses,total_reg_credits,-104.0,366
clean_v1,start_total_in_courses,total_reg_credits,-103.5,14
clean_v1,start_total_in_courses,total_reg_credits,-103.0,389
clean_v1,start_total_in_courses,total_reg_credits,-102.5,14
clean_v1,start_total_in_courses,total_reg_credits,-102.0,390
clean_v1,start_total_in_courses,total_reg_credits,-101.5,18
clean_v1,start_total_in_courses,total_reg_credits,-101.0,408
clean_v1,start_total_in_courses,total_reg_credits,-100.5,14
clean_v1,start_total_in_courses,total_reg_credits,-100.0,415
clean_v1,start_total_in_courses,total_reg_credits,-99.5,13
clean_v1,start_total_in_courses,total_reg_credits,-99.0,429
clean_v1,start_total_in_courses,total_reg_credits,-98.5,13
clean_v1,start_total_in_courses,total_reg_credits,-98.0,395
clean_v1,start_total_in_courses,total_reg_credits,-97.5,23
clean_v1,start_total_in_courses,total_reg_credits,-97.0,434
clean_v1,start_total_in_courses,total_reg_credits,-96.5,14
clean_v1,start_total_in_courses,total_reg_credits,-96.0,398
clean_v1,start_total_in_courses,total_reg_credits,-95.5,10
clean_v1,start_total_in_courses,total_reg_credits,-95.0,417
clean_v1,start_total_in_courses,total_reg_credits,-94.5,9
clean_v1,start_total_in_courses,total_reg_credits,-94.0,457
clean_v1,start_total_in_courses,total_reg_credits,-93.5,13
clean_v1,start_total_in_courses,total_reg_credits,-93.0,414
clean_v1,start_total_in_courses,total_reg_credits,-92.5,14
clean_v1,start_total_in_courses,total_reg_credits,-92.0,410
clean_v1,start_total_in_courses,total_reg_credits,-91.5,12
clean_v1,start_total_in_courses,total_reg_credits,-91.0,459
clean_v1,start_total_in_courses,total_reg_credits,-90.5,12
clean_v1,start_total_in_courses,total_reg_credits,-90.0,415
clean_v1,start_total_in_courses,total_reg_credits,-89.5,10
clean_v1,start_total_in_courses,total_reg_credits,-89.0,475
clean_v1,start_total_in_courses,total_reg_credits,-88.5,12
clean_v1,start_total_in_courses,total_reg_credits,-88.0,478
clean_v1,start_total_in_courses,total_reg_credits,-87.5,4
clean_v1,start_total_in_courses,total_reg_credits,-87.0,501
clean_v1,start_total_in_courses,total_reg_credits,-86.5,4
clean_v1,start_total_in_courses,total_reg_credits,-86.0,510
clean_v1,start_total_in_courses,total_reg_credits,-85.5,6
clean_v1,start_total_in_courses,total_reg_credits,-85.0,483
clean_v1,start_total_in_courses,total_reg_credits,-84.5,9
clean_v1,start_total_in_courses,total_reg_credits,-84.0,462
clean_v1,start_total_in_courses,total_reg_credits,-83.5,3
clean_v1,start_total_in_courses,total_reg_credits,-83.0,492
clean_v1,start_total_in_courses,total_reg_credits,-82.5,3
clean_v1,start_total_in_courses,total_reg_credits,-82.0,506
clean_v1,start_total_in_courses,total_reg_credits,-81.5,8
clean_v1,start_total_in_courses,total_reg_credits,-81.0,502
clean_v1,start_total_in_courses,total_reg_credits,-80.5,9
clean_v1,start_total_in_courses,total_reg_credits,-80.0,514
clean_v1,start_total_in_courses,total_reg_credits,-79.5,5
clean_v1,start_total_in_courses,total_reg_credits,-79.0,456
clean_v1,start_total_in_courses,total_reg_credits,-78.5,2
clean_v1,start_total_in_courses,total_reg_credits,-78.0,471
clean_v1,start_total_in_courses,total_reg_credits,-77.5,3
clean_v1,start_total_in_courses,total_reg_credits,-77.0,453
clean_v1,start_total_in_courses,total_reg_credits,-76.5,4
clean_v1,start_total_in_courses,total_reg_credits,-76.0,484
clean_v1,start_total_in_courses,total_reg_credits,-75.0,505
clean_v1,start_total_in_courses,total_reg_credits,-74.5,4
clean_v1,start_total_in_courses,total_reg_credits,-74.0,438
clean_v1,start_total_in_courses,total_reg_credits,-73.5,1
clean_v1,start_total_in_courses,total_reg_credits,-73.0,465
clean_v1,start_total_in_courses,total_reg_credits,-72.5,5
clean_v1,start_total_in_courses,total_reg_credits,-72.0,504
clean_v1,start_total_in_courses,total_reg_credits,-71.5,5
clean_v1,start_total_in_courses,total_reg_credits,-71.0,507
clean_v1,start_total_in_courses,total_reg_credits,-70.5,1
clean_v1,start_total_in_courses,total_reg_credits,-70.0,494
clean_v1,start_total_in_courses,total_reg_credits,-69.5,3
clean_v1,start_total_in_courses,total_reg_credits,-69.0,528
clean_v1,start_total_in_courses,total_reg_credits,-68.5,1
clean_v1,start_total_in_courses,total_reg_credits,-68.0,487
clean_v1,start_total_in_courses,total_reg_credits,-67.5,1
clean_v1,start_total_in_courses,total_reg_credits,-67.0,482
clean_v1,start_total_in_courses,total_reg_credits,-66.5,1
clean_v1,start_total_in_courses,total_reg_credits,-66.0,524
clean_v1,start_total_in_courses,total_reg_credits,-65.5,2
clean_v1,start_total_in_courses,total_reg_credits,-65.0,520
clean_v1,start_total_in_courses,total_reg_credits,-64.5,1
clean_v1,start_total_in_courses,total_reg_credits,-64.0,542
clean_v1,start_total_in_courses,total_reg_credits,-63.5,1
clean_v1,start_total_in_courses,total_reg_credits,-63.0,521
clean_v1,start_total_in_courses,total_reg_credits,-62.5,1
clean_v1,start_total_in_courses,total_reg_credits,-62.0,497
clean_v1,start_total_in_courses,total_reg_credits,-61.0,531
clean_v1,start_total_in_courses,total_reg_credits,-60.0,511
clean_v1,start_total_in_courses,total_reg_credits,-59.5,1
clean_v1,start_total_in_courses,total_reg_credits,-59.0,529
clean_v1,start_total_in_courses,total_reg_credits,-58.5,1
clean_v1,start_total_in_courses,total_reg_credits,-58.0,565
clean_v1,start_total_in_courses,total_reg_credits,-57.0,559
clean_v1,start_total_in_courses,total_reg_credits,-56.0,540
clean_v1,start_total_in_courses,total_reg_credits,-55.0,589
clean_v1,start_total_in_courses,total_reg_credits,-54.5,1
clean_v1,start_total_in_courses,total_reg_credits,-54.0,555
clean_v1,start_total_in_courses,total_reg_credits,-53.5,1
clean_v1,start_total_in_courses,total_reg_credits,-53.0,517
clean_v1,start_total_in_courses,total_reg_credits,-52.5,2
clean_v1,start_total_in_courses,total_reg_credits,-52.0,534
clean_v1,start_total_in_courses,total_reg_credits,-51.0,527
clean_v1,start_total_in_courses,total_reg_credits,-50.5,1
clean_v1,start_total_in_courses,total_reg_credits,-50.0,509
clean_v1,start_total_in_courses,total_reg_credits,-49.5,2
clean_v1,start_total_in_courses,total_reg_credits,-49.0,528
clean_v1,start_total_in_courses,total_reg_credits,-48.0,511
clean_v1,start_total_in_courses,total_reg_credits,-47.5,1
clean_v1,start_total_in_courses,total_reg_credits,-47.0,519
clean_v1,start_total_in_courses,total_reg_credits,-46.5,2
clean_v1,start_total_in_courses,total_reg_credits,-46.0,542
clean_v1,start_total_in_courses,total_reg_credits,-45.5,1
clean_v1,start_total_in_courses,total_reg_credits,-45.0,602
clean_v1,start_total_in_courses,total_reg_credits,-44.5,1
clean_v1,start_total_in_courses,total_reg_credits,-44.0,602
clean_v1,start_total_in_courses,total_reg_credits,-43.0,640
clean_v1,start_total_in_courses,total_reg_credits,-42.0,629
clean_v1,start_total_in_courses,total_reg_credits,-41.0,591
clean_v1,start_total_in_courses,total_reg_credits,-40.0,547
clean_v1,start_total_in_courses,total_reg_credits,-39.0,502
clean_v1,start_total_in_courses,total_reg_credits,-38.0,477
clean_v1,start_total_in_courses,total_reg_credits,-37.0,467
clean_v1,start_total_in_courses,total_reg_credits,-36.5,1
clean_v1,start_total_in_courses,total_reg_credits,-36.0,473
clean_v1,start_total_in_courses,total_reg_credits,-35.5,1
clean_v1,start_total_in_courses,total_reg_credits,-35.0,481
clean_v1,start_total_in_courses,total_reg_credits,-34.0,546
clean_v1,start_total_in_courses,total_reg_credits,-33.0,518
clean_v1,start_total_in_courses,total_reg_credits,-32.0,582
clean_v1,start_total_in_courses,total_reg_credits,-31.5,2
clean_v1,start_total_in_courses,total_reg_credits,-31.0,550
clean_v1,start_total_in_courses,total_reg_credits,-30.0,582
clean_v1,start_total_in_courses,total_reg_credits,-29.5,1
clean_v1,start_total_in_courses,total_reg_credits,-29.0,565
clean_v1,start_total_in_courses,total_reg_credits,-28.0,604
clean_v1,start_total_in_courses,total_reg_credits,-27.5,1
clean_v1,start_total_in_courses,total_reg_credits,-27.0,670
clean_v1,start_total_in_courses,total_reg_credits,-26.0,684
clean_v1,start_total_in_courses,total_reg_credits,-25.0,751
clean_v1,start_total_in_courses,total_reg_credits,-24.0,803
clean_v1,start_total_in_courses,total_reg_credits,-23.0,831
clean_v1,start_total_in_courses,total_reg_credits,-22.0,840
clean_v1,start_total_in_courses,total_reg_credits,-21.0,699
clean_v1,start_total_in_courses,total_reg_credits,-20.0,637
clean_v1,start_total_in_courses,total_reg_credits,-19.0,442
clean_v1,start_total_in_courses,total_reg_credits,-18.5,1
clean_v1,start_total_in_courses,total_reg_credits,-18.0,395
clean_v1,start_total_in_courses,total_reg_credits,-17.0,398
clean_v1,start_total_in_courses,total_reg_credits,-16.0,327
clean_v1,start_total_in_courses,total_reg_credits,-15.0,439
clean_v1,start_total_in_courses,total_reg_credits,-14.5,1
clean_v1,start_total_in_courses,total_reg_credits,-14.0,549
clean_v1,start_total_in_courses,total_reg_credits,-13.0,644
clean_v1,start_total_in_courses,total_reg_credits,-12.5,1
clean_v1,start_total_in_courses,total_reg_credits,-12.0,1032
clean_v1,start_total_in_courses,total_reg_credits,-11.5,1
clean_v1,start_total_in_courses,total_reg_credits,-11.0,1058
clean_v1,start_total_in_courses,total_reg_credits,-10.0,1002
clean_v1,start_total_in_courses,total_reg_credits,-9.0,539
clean_v1,start_total_in_courses,total_reg_credits,-8.0,252
clean_v1,start_total_in_courses,total_reg_credits,-7.0,187
clean_v1,start_total_in_courses,total_reg_credits,-6.5,1
clean_v1,start_total_in_courses,total_reg_credits,-6.0,137
clean_v1,start_total_in_courses,total_reg_credits,-5.0,131
clean_v1,start_total_in_courses,total_reg_credits,-4.0,106
clean_v1,start_total_in_courses,total_reg_credits,-3.0,96
clean_v1,start_total_in_courses,total_reg_credits,-2.0,59
clean_v1,start_total_in_courses,total_reg_credits,-1.0,50
clean_v1,start_total_in_courses,total_reg_credits,0.0,6424
clean_v1,start_total_in_courses,total_reg_credits,1.0,23
clean_v1,start_total_in_courses,total_reg_credits,2.0,29
clean_v1,start_total_in_courses,total_reg_credits,3.0,16
clean_v1,start_total_in_courses,total_reg_credits,4.0,18
clean_v1,start_total_in_courses,total_reg_credits,5.0,18
clean_v1,start_total_in_courses,total_reg_credits,6.0,13
clean_v1,start_total_in_courses,total_reg_credits,7.0,7
clean_v1,start_total_in_courses,total_reg_credits,8.0,10
clean_v1,start_total_in_courses,total_reg_credits,9.0,6
clean_v1,start_total_in_courses,total_reg_credits,10.0,7
clean_v1,start_total_in_courses,total_reg_credits,11.0,3
clean_v1,start_total_in_courses,total_reg_credits,12.0,5
clean_v1,start_total_in_courses,total_reg_credits,13.0,4
clean_v1,start_total_in_courses,total_reg_credits,14.0,3
clean_v1,start_total_in_courses,total_reg_credits,15.0,6
clean_v1,start_total_in_courses,total_reg_credits,16.0,1
clean_v1,start_total_in_courses,total_reg_credits,17.0,2
clean_v1,start_total_in_courses,total_reg_credits,18.0,1
clean_v1,start_total_in_courses,total_reg_credits,20.0,1
clean_v1,start_total_in_courses,total_reg_credits,21.0,1
clean_v1,start_total_in_courses,total_reg_credits,22.0,2
clean_v1,start_total_in_courses,total_reg_credits,23.0,1
clean_v1,start_total_in_courses,total_reg_credits,24.0,1
clean_v1,start_total_in_courses,total_reg_courses,-216.0,1
clean_v1,start_total_in_courses,total_reg_courses,-212.0,1
clean_v1,start_total_in_courses,total_reg_courses,-207.0,2
clean_v1,start_total_in_courses,total_reg_courses,-205.0,1
clean_v1,start_total_in_courses,total_reg_courses,-202.0,1
clean_v1,start_total_in_courses,total_reg_courses,-186.0,1
clean_v1,start_total_in_courses,total_reg_courses,-179.0,1
clean_v1,start_total_in_courses,total_reg_courses,-176.0,2
clean_v1,start_total_in_courses,total_reg_courses,-173.0,1
clean_v1,start_total_in_courses,total_reg_courses,-169.0,1
clean_v1,start_total_in_courses,total_reg_courses,-168.0,1
clean_v1,start_total_in_courses,total_reg_courses,-167.0,2
clean_v1,start_total_in_courses,total_reg_courses,-165.0,1
clean_v1,start_total_in_courses,total_reg_courses,-164.0,1
clean_v1,start_total_in_courses,total_reg_courses,-163.0,2
clean_v1,start_total_in_courses,total_reg_courses,-162.0,2
clean_v1,start_total_in_courses,total_reg_courses,-160.0,2
clean_v1,start_total_in_courses,total_reg_courses,-159.0,2
clean_v1,start_total_in_courses,total_reg_courses,-157.0,2
clean_v1,start_total_in_courses,total_reg_courses,-156.0,1
clean_v1,start_total_in_courses,total_reg_courses,-155.0,1
clean_v1,start_total_in_courses,total_reg_courses,-154.0,2
clean_v1,start_total_in_courses,total_reg_courses,-153.0,2
clean_v1,start_total_in_courses,total_reg_courses,-152.0,2
clean_v1,start_total_in_courses,total_reg_courses,-151.0,1
clean_v1,start_total_in_courses,total_reg_courses,-150.0,1
clean_v1,start_total_in_courses,total_reg_courses,-149.0,1
clean_v1,start_total_in_courses,total_reg_courses,-147.0,2
clean_v1,start_total_in_courses,total_reg_courses,-146.0,1
clean_v1,start_total_in_courses,total_reg_courses,-144.0,1
clean_v1,start_total_in_courses,total_reg_courses,-143.0,1
clean_v1,start_total_in_courses,total_reg_courses,-142.0,3
clean_v1,start_total_in_courses,total_reg_courses,-141.0,2
clean_v1,start_total_in_courses,total_reg_courses,-140.0,1
clean_v1,start_total_in_courses,total_reg_courses,-139.0,1
clean_v1,start_total_in_courses,total_reg_courses,-138.0,1
clean_v1,start_total_in_courses,total_reg_courses,-137.0,1
clean_v1,start_total_in_courses,total_reg_courses,-136.0,2
clean_v1,start_total_in_courses,total_reg_courses,-135.0,1
clean_v1,start_total_in_courses,total_reg_courses,-134.0,1
clean_v1,start_total_in_courses,total_reg_courses,-133.0,7
clean_v1,start_total_in_courses,total_reg_courses,-132.0,4
clean_v1,start_total_in_courses,total_reg_courses,-129.0,3
clean_v1,start_total_in_courses,total_reg_courses,-128.0,1
clean_v1,start_total_in_courses,total_reg_courses,-127.0,2
clean_v1,start_total_in_courses,total_reg_courses,-126.0,1
clean_v1,start_total_in_courses,total_reg_courses,-122.0,1
clean_v1,start_total_in_courses,total_reg_courses,-121.0,5
clean_v1,start_total_in_courses,total_reg_courses,-120.0,1
clean_v1,start_total_in_courses,total_reg_courses,-119.0,1
clean_v1,start_total_in_courses,total_reg_courses,-118.0,4
clean_v1,start_total_in_courses,total_reg_courses,-117.0,3
clean_v1,start_total_in_courses,total_reg_courses,-116.0,3
clean_v1,start_total_in_courses,total_reg_courses,-115.0,4
clean_v1,start_total_in_courses,total_reg_courses,-114.0,3
clean_v1,start_total_in_courses,total_reg_courses,-113.0,3
clean_v1,start_total_in_courses,total_reg_courses,-112.0,2
clean_v1,start_total_in_courses,total_reg_courses,-111.0,2
clean_v1,start_total_in_courses,total_reg_courses,-110.0,4
clean_v1,start_total_in_courses,total_reg_courses,-109.0,7
clean_v1,start_total_in_courses,total_reg_courses,-108.0,6
clean_v1,start_total_in_courses,total_reg_courses,-107.0,5
clean_v1,start_total_in_courses,total_reg_courses,-106.0,2
clean_v1,start_total_in_courses,total_reg_courses,-105.0,3
clean_v1,start_total_in_courses,total_reg_courses,-104.0,6
clean_v1,start_total_in_courses,total_reg_courses,-103.0,5
clean_v1,start_total_in_courses,total_reg_courses,-102.0,5
clean_v1,start_total_in_courses,total_reg_courses,-101.0,4
clean_v1,start_total_in_courses,total_reg_courses,-100.0,5
clean_v1,start_total_in_courses,total_reg_courses,-99.0,4
clean_v1,start_total_in_courses,total_reg_courses,-98.0,8
clean_v1,start_total_in_courses,total_reg_courses,-97.0,13
clean_v1,start_total_in_courses,total_reg_courses,-96.0,7
clean_v1,start_total_in_courses,total_reg_courses,-95.0,7
clean_v1,start_total_in_courses,total_reg_courses,-94.0,13
clean_v1,start_total_in_courses,total_reg_courses,-93.0,11
clean_v1,start_total_in_courses,total_reg_courses,-92.0,10
clean_v1,start_total_in_courses,total_reg_courses,-91.0,21
clean_v1,start_total_in_courses,total_reg_courses,-90.0,17
clean_v1,start_total_in_courses,total_reg_courses,-89.0,12
clean_v1,start_total_in_courses,total_reg_courses,-88.0,9
clean_v1,start_total_in_courses,total_reg_courses,-87.0,24
clean_v1,start_total_in_courses,total_reg_courses,-86.0,15
clean_v1,start_total_in_courses,total_reg_courses,-85.0,14
clean_v1,start_total_in_courses,total_reg_courses,-84.0,19
clean_v1,start_total_in_courses,total_reg_courses,-83.0,13
clean_v1,start_total_in_courses,total_reg_courses,-82.0,12
clean_v1,start_total_in_courses,total_reg_courses,-81.0,18
clean_v1,start_total_in_courses,total_reg_courses,-80.0,18
clean_v1,start_total_in_courses,total_reg_courses,-79.0,28
clean_v1,start_total_in_courses,total_reg_courses,-78.0,24
clean_v1,start_total_in_courses,total_reg_courses,-77.0,23
clean_v1,start_total_in_courses,total_reg_courses,-76.0,24
clean_v1,start_total_in_courses,total_reg_courses,-75.0,30
clean_v1,start_total_in_courses,total_reg_courses,-74.0,27
clean_v1,start_total_in_courses,total_reg_courses,-73.0,48
clean_v1,start_total_in_courses,total_reg_courses,-72.0,50
clean_v1,start_total_in_courses,total_reg_courses,-71.0,50
clean_v1,start_total_in_courses,total_reg_courses,-70.0,58
clean_v1,start_total_in_courses,total_reg_courses,-69.0,45
clean_v1,start_total_in_courses,total_reg_courses,-68.0,59
clean_v1,start_total_in_courses,total_reg_courses,-67.0,55
clean_v1,start_total_in_courses,total_reg_courses,-66.0,71
clean_v1,start_total_in_courses,total_reg_courses,-65.0,56
clean_v1,start_total_in_courses,total_reg_courses,-64.0,59
clean_v1,start_total_in_courses,total_reg_courses,-63.0,49
clean_v1,start_total_in_courses,total_reg_courses,-62.0,79
clean_v1,start_total_in_courses,total_reg_courses,-61.0,92
clean_v1,start_total_in_courses,total_reg_courses,-60.0,71
clean_v1,start_total_in_courses,total_reg_courses,-59.0,84
clean_v1,start_total_in_courses,total_reg_courses,-58.0,80
clean_v1,start_total_in_courses,total_reg_courses,-57.0,89
clean_v1,start_total_in_courses,total_reg_courses,-56.0,104
clean_v1,start_total_in_courses,total_reg_courses,-55.0,82
clean_v1,start_total_in_courses,total_reg_courses,-54.0,96
clean_v1,start_total_in_courses,total_reg_courses,-53.0,125
clean_v1,start_total_in_courses,total_reg_courses,-52.0,123
clean_v1,start_total_in_courses,total_reg_courses,-51.0,108
clean_v1,start_total_in_courses,total_reg_courses,-50.0,127
clean_v1,start_total_in_courses,total_reg_courses,-49.0,129
clean_v1,start_total_in_courses,total_reg_courses,-48.0,145
clean_v1,start_total_in_courses,total_reg_courses,-47.0,150
clean_v1,start_total_in_courses,total_reg_courses,-46.0,179
clean_v1,start_total_in_courses,total_reg_courses,-45.0,159
clean_v1,start_total_in_courses,total_reg_courses,-44.0,162
clean_v1,start_total_in_courses,total_reg_courses,-43.0,193
clean_v1,start_total_in_courses,total_reg_courses,-42.0,172
clean_v1,start_total_in_courses,total_reg_courses,-41.0,201
clean_v1,start_total_in_courses,total_reg_courses,-40.0,203
clean_v1,start_total_in_courses,total_reg_courses,-39.0,252
clean_v1,start_total_in_courses,total_reg_courses,-38.0,216
clean_v1,start_total_in_courses,total_reg_courses,-37.0,261
clean_v1,start_total_in_courses,total_reg_courses,-36.0,257
clean_v1,start_total_in_courses,total_reg_courses,-35.0,284
clean_v1,start_total_in_courses,total_reg_courses,-34.0,296
clean_v1,start_total_in_courses,total_reg_courses,-33.0,292
clean_v1,start_total_in_courses,total_reg_courses,-32.0,299
clean_v1,start_total_in_courses,total_reg_courses,-31.0,336
clean_v1,start_total_in_courses,total_reg_courses,-30.0,362
clean_v1,start_total_in_courses,total_reg_courses,-29.0,381
clean_v1,start_total_in_courses,total_reg_courses,-28.0,433
clean_v1,start_total_in_courses,total_reg_courses,-27.0,402
clean_v1,start_total_in_courses,total_reg_courses,-26.0,513
clean_v1,start_total_in_courses,total_reg_courses,-25.0,512
clean_v1,start_total_in_courses,total_reg_courses,-24.0,554
clean_v1,start_total_in_courses,total_reg_courses,-23.0,610
clean_v1,start_total_in_courses,total_reg_courses,-22.0,671
clean_v1,start_total_in_courses,total_reg_courses,-21.0,679
clean_v1,start_total_in_courses,total_reg_courses,-20.0,741
clean_v1,start_total_in_courses,total_reg_courses,-19.0,831
clean_v1,start_total_in_courses,total_reg_courses,-18.0,985
clean_v1,start_total_in_courses,total_reg_courses,-17.0,994
clean_v1,start_total_in_courses,total_reg_courses,-16.0,1042
clean_v1,start_total_in_courses,total_reg_courses,-15.0,1110
clean_v1,start_total_in_courses,total_reg_courses,-14.0,1198
clean_v1,start_total_in_courses,total_reg_courses,-13.0,1263
clean_v1,start_total_in_courses,total_reg_courses,-12.0,1423
clean_v1,start_total_in_courses,total_reg_courses,-11.0,1600
clean_v1,start_total_in_courses,total_reg_courses,-10.0,1698
clean_v1,start_total_in_courses,total_reg_courses,-9.0,2050
clean_v1,start_total_in_courses,total_reg_courses,-8.0,2395
clean_v1,start_total_in_courses,total_reg_courses,-7.0,2437
clean_v1,start_total_in_courses,total_reg_courses,-6.0,2857
clean_v1,start_total_in_courses,total_reg_courses,-5.0,3298
clean_v1,start_total_in_courses,total_reg_courses,-4.0,3855
clean_v1,start_total_in_courses,total_reg_courses,-3.0,3948
clean_v1,start_total_in_courses,total_reg_courses,-2.0,4442
clean_v1,start_total_in_courses,total_reg_courses,-1.0,6693
clean_v1,start_total_in_courses,total_reg_courses,0.0,19064
clean_v1,start_total_in_courses,total_reg_courses,1.0,504
clean_v1,start_total_in_courses,total_reg_courses,2.0,575
clean_v1,start_total_in_courses,total_reg_courses,3.0,842
clean_v1,start_total_in_courses,total_reg_courses,4.0,843
clean_v1,start_total_in_courses,total_reg_courses,5.0,741
clean_v1,start_total_in_courses,total_reg_courses,6.0,761
clean_v1,start_total_in_courses,total_reg_courses,7.0,751
clean_v1,start_total_in_courses,total_reg_courses,8.0,291
clean_v1,start_total_in_courses,total_reg_courses,9.0,303
clean_v1,start_total_in_courses,total_reg_courses,10.0,179
clean_v1,start_total_in_courses,total_reg_courses,11.0,120
clean_v1,start_total_in_courses,total_reg_courses,12.0,117
clean_v1,start_total_in_courses,total_reg_courses,13.0,99
clean_v1,start_total_in_courses,total_reg_courses,14.0,43
clean_v1,start_total_in_courses,total_reg_courses,15.0,56
clean_v1,start_total_in_courses,total_reg_courses,16.0,47
clean_v1,start_total_in_courses,total_reg_courses,17.0,51
clean_v1,start_total_in_courses,total_reg_courses,18.0,36
clean_v1,start_total_in_courses,total_reg_courses,19.0,39
clean_v1,start_total_in_courses,total_reg_courses,20.0,48
clean_v1,start_total_in_courses,total_reg_courses,21.0,34
clean_v1,start_total_in_courses,total_reg_courses,22.0,6
clean_v1,start_total_in_courses,total_reg_courses,23.0,21
clean_v1,start_total_in_courses,total_reg_courses,24.0,22
clean_v1,start_total_in_courses,total_reg_courses,25.0,14
clean_v1,start_total_in_courses,total_reg_courses,26.0,19
clean_v1,start_total_in_courses,total_reg_courses,27.0,11
clean_v1,start_total_in_courses,total_reg_courses,28.0,9
clean_v1,start_total_in_courses,total_reg_courses,29.0,11
clean_v1,start_total_in_courses,total_reg_courses,30.0,18
clean_v1,start_total_in_courses,total_reg_courses,32.0,16
clean_v1,start_total_in_courses,total_reg_courses,33.0,3
clean_v1,start_total_in_courses,total_reg_courses,35.0,4
clean_v1,total_reg_credits,total_reg_courses,0.0,6387
clean_v1,total_reg_credits,total_reg_courses,1.0,3
clean_v1,total_reg_credits,total_reg_courses,2.0,4
clean_v1,total_reg_credits,total_reg_courses,4.0,3
clean_v1,total_reg_credits,total_reg_courses,5.0,5
clean_v1,total_reg_credits,total_reg_courses,6.0,26
clean_v1,total_reg_credits,total_reg_courses,7.0,326
clean_v1,total_reg_credits,total_reg_courses,8.0,452
clean_v1,total_reg_credits,total_reg_courses,9.0,1016
clean_v1,total_reg_credits,total_reg_courses,10.0,1520
clean_v1,total_reg_credits,total_reg_courses,11.0,1250
clean_v1,total_reg_credits,total_reg_courses,12.0,1184
clean_v1,total_reg_credits,total_reg_courses,13.0,295
clean_v1,total_reg_credits,total_reg_courses,14.0,381
clean_v1,total_reg_credits,total_reg_courses,15.0,167
clean_v1,total_reg_credits,total_reg_courses,16.0,346
clean_v1,total_reg_credits,total_reg_courses,17.0,462
clean_v1,total_reg_credits,total_reg_courses,18.0,654
clean_v1,total_reg_credits,total_reg_courses,19.0,681
clean_v1,total_reg_credits,total_reg_courses,20.0,959
clean_v1,total_reg_credits,total_reg_courses,21.0,911
clean_v1,total_reg_credits,total_reg_courses,22.0,1061
clean_v1,total_reg_credits,total_reg_courses,23.0,872
clean_v1,total_reg_credits,total_reg_courses,24.0,742
clean_v1,total_reg_credits,total_reg_courses,25.0,660
clean_v1,total_reg_credits,total_reg_courses,26.0,660
clean_v1,total_reg_credits,total_reg_courses,27.0,551
clean_v1,total_reg_credits,total_reg_courses,28.0,555
clean_v1,total_reg_credits,total_reg_courses,29.0,559
clean_v1,total_reg_credits,total_reg_courses,30.0,617
clean_v1,total_reg_credits,total_reg_courses,31.0,622
clean_v1,total_reg_credits,total_reg_courses,32.0,610
clean_v1,total_reg_credits,total_reg_courses,33.0,645
clean_v1,total_reg_credits,total_reg_courses,34.0,600
clean_v1,total_reg_credits,total_reg_courses,35.0,521
clean_v1,total_reg_credits,total_reg_courses,36.0,541
clean_v1,total_reg_credits,total_reg_courses,36.5,2
clean_v1,total_reg_credits,total_reg_courses,37.0,472
clean_v1,total_reg_credits,total_reg_courses,38.0,540
clean_v1,total_reg_credits,total_reg_courses,39.0,556
clean_v1,total_reg_credits,total_reg_courses,40.0,573
clean_v1,total_reg_credits,total_reg_courses,41.0,638
clean_v1,total_reg_credits,total_reg_courses,41.5,2
clean_v1,total_reg_credits,total_reg_courses,42.0,704
clean_v1,total_reg_credits,total_reg_courses,42.5,1
clean_v1,total_reg_credits,total_reg_courses,43.0,706
clean_v1,total_reg_credits,total_reg_courses,44.0,742
clean_v1,total_reg_credits,total_reg_courses,45.0,697
clean_v1,total_reg_credits,total_reg_courses,46.0,622
clean_v1,total_reg_credits,total_reg_courses,47.0,595
clean_v1,total_reg_credits,total_reg_courses,47.5,1
clean_v1,total_reg_credits,total_reg_courses,48.0,558
clean_v1,total_reg_credits,total_reg_courses,48.5,2
clean_v1,total_reg_credits,total_reg_courses,49.0,546
clean_v1,total_reg_credits,total_reg_courses,50.0,524
clean_v1,total_reg_credits,total_reg_courses,51.0,543
clean_v1,total_reg_credits,total_reg_courses,52.0,542
clean_v1,total_reg_credits,total_reg_courses,53.0,535
clean_v1,total_reg_credits,total_reg_courses,54.0,533
clean_v1,total_reg_credits,total_reg_courses,55.0,554
clean_v1,total_reg_credits,total_reg_courses,56.0,566
clean_v1,total_reg_credits,total_reg_courses,57.0,581
clean_v1,total_reg_credits,total_reg_courses,58.0,553
clean_v1,total_reg_credits,total_reg_courses,58.5,1
clean_v1,total_reg_credits,total_reg_courses,59.0,554
clean_v1,total_reg_credits,total_reg_courses,59.5,1
clean_v1,total_reg_credits,total_reg_courses,60.0,584
clean_v1,total_reg_credits,total_reg_courses,60.5,3
clean_v1,total_reg_credits,total_reg_courses,61.0,612
clean_v1,total_reg_credits,total_reg_courses,61.5,1
clean_v1,total_reg_credits,total_reg_courses,62.0,568
clean_v1,total_reg_credits,total_reg_courses,62.5,3
clean_v1,total_reg_credits,total_reg_courses,63.0,568
clean_v1,total_reg_credits,total_reg_courses,64.0,595
clean_v1,total_reg_credits,total_reg_courses,65.0,570
clean_v1,total_reg_credits,total_reg_courses,65.5,3
clean_v1,total_reg_credits,total_reg_courses,66.0,576
clean_v1,total_reg_credits,total_reg_courses,66.5,2
clean_v1,total_reg_credits,total_reg_courses,67.0,579
clean_v1,total_reg_credits,total_reg_courses,67.5,2
clean_v1,total_reg_credits,total_reg_courses,68.0,545
clean_v1,total_reg_credits,total_reg_courses,69.0,544
clean_v1,total_reg_credits,total_reg_courses,69.5,2
clean_v1,total_reg_credits,total_reg_courses,70.0,534
clean_v1,total_reg_credits,total_reg_courses,70.5,3
clean_v1,total_reg_credits,total_reg_courses,71.0,525
clean_v1,total_reg_credits,total_reg_courses,71.5,1
clean_v1,total_reg_credits,total_reg_courses,72.0,503
clean_v1,total_reg_credits,total_reg_courses,73.0,523
clean_v1,total_reg_credits,total_reg_courses,73.5,1
clean_v1,total_reg_credits,total_reg_courses,74.0,545
clean_v1,total_reg_credits,total_reg_courses,74.5,2
clean_v1,total_reg_credits,total_reg_courses,75.0,503
clean_v1,total_reg_credits,total_reg_courses,75.5,3
clean_v1,total_reg_credits,total_reg_courses,76.0,495
clean_v1,total_reg_credits,total_reg_courses,76.5,2
clean_v1,total_reg_credits,total_reg_courses,77.0,509
clean_v1,total_reg_credits,total_reg_courses,77.5,2
clean_v1,total_reg_credits,total_reg_courses,78.0,516
clean_v1,total_reg_credits,total_reg_courses,78.5,5
clean_v1,total_reg_credits,total_reg_courses,79.0,485
clean_v1,total_reg_credits,total_reg_courses,79.5,9
clean_v1,total_reg_credits,total_reg_courses,80.0,537
clean_v1,total_reg_credits,total_reg_courses,80.5,2
clean_v1,total_reg_credits,total_reg_courses,81.0,498
clean_v1,total_reg_credits,total_reg_courses,81.5,2
clean_v1,total_reg_credits,total_reg_courses,82.0,486
clean_v1,total_reg_credits,total_reg_courses,82.5,6
clean_v1,total_reg_credits,total_reg_courses,83.0,469
clean_v1,total_reg_credits,total_reg_courses,83.5,4
clean_v1,total_reg_credits,total_reg_courses,84.0,539
clean_v1,total_reg_credits,total_reg_courses,84.5,11
clean_v1,total_reg_credits,total_reg_courses,85.0,548
clean_v1,total_reg_credits,total_reg_courses,85.5,13
clean_v1,total_reg_credits,total_reg_courses,86.0,516
clean_v1,total_reg_credits,total_reg_courses,86.5,10
clean_v1,total_reg_credits,total_reg_courses,87.0,526
clean_v1,total_reg_credits,total_reg_courses,87.5,11
clean_v1,total_reg_credits,total_reg_courses,88.0,502
clean_v1,total_reg_credits,total_reg_courses,88.5,11
clean_v1,total_reg_credits,total_reg_courses,89.0,541
clean_v1,total_reg_credits,total_reg_courses,89.5,10
clean_v1,total_reg_credits,total_reg_courses,90.0,482
clean_v1,total_reg_credits,total_reg_courses,90.5,12
clean_v1,total_reg_credits,total_reg_courses,91.0,471
clean_v1,total_reg_credits,total_reg_courses,91.5,11
clean_v1,total_reg_credits,total_reg_courses,92.0,463
clean_v1,total_reg_credits,total_reg_courses,92.5,9
clean_v1,total_reg_credits,total_reg_courses,93.0,469
clean_v1,total_reg_credits,total_reg_courses,93.5,17
clean_v1,total_reg_credits,total_reg_courses,94.0,450
clean_v1,total_reg_credits,total_reg_courses,94.5,12
clean_v1,total_reg_credits,total_reg_courses,95.0,466
clean_v1,total_reg_credits,total_reg_courses,95.5,13
clean_v1,total_reg_credits,total_reg_courses,96.0,447
clean_v1,total_reg_credits,total_reg_courses,96.5,16
clean_v1,total_reg_credits,total_reg_courses,97.0,442
clean_v1,total_reg_credits,total_reg_courses,97.5,13
clean_v1,total_reg_credits,total_reg_courses,98.0,441
clean_v1,total_reg_credits,total_reg_courses,98.5,12
clean_v1,total_reg_credits,total_reg_courses,99.0,413
clean_v1,total_reg_credits,total_reg_courses,99.5,13
clean_v1,total_reg_credits,total_reg_courses,100.0,429
clean_v1,total_reg_credits,total_reg_courses,100.5,15
clean_v1,total_reg_credits,total_reg_courses,101.0,395
clean_v1,total_reg_credits,total_reg_courses,101.5,11
clean_v1,total_reg_credits,total_reg_courses,102.0,356
clean_v1,total_reg_credits,total_reg_courses,102.5,16
clean_v1,total_reg_credits,total_reg_courses,103.0,407
clean_v1,total_reg_credits,total_reg_courses,103.5,27
clean_v1,total_reg_credits,total_reg_courses,104.0,445
clean_v1,total_reg_credits,total_reg_courses,104.5,17
clean_v1,total_reg_credits,total_reg_courses,105.0,406
clean_v1,total_reg_credits,total_reg_courses,105.5,20
clean_v1,total_reg_credits,total_reg_courses,106.0,384
clean_v1,total_reg_credits,total_reg_courses,106.5,13
clean_v1,total_reg_credits,total_reg_courses,107.0,348
clean_v1,total_reg_credits,total_reg_courses,107.5,16
clean_v1,total_reg_credits,total_reg_courses,108.0,390
clean_v1,total_reg_credits,total_reg_courses,108.5,26
clean_v1,total_reg_credits,total_reg_courses,109.0,329
clean_v1,total_reg_credits,total_reg_courses,109.5,17
clean_v1,total_reg_credits,total_reg_courses,110.0,321
clean_v1,total_reg_credits,total_reg_courses,110.5,21
clean_v1,total_reg_credits,total_reg_courses,111.0,291
clean_v1,total_reg_credits,total_reg_courses,111.5,22
clean_v1,total_reg_credits,total_reg_courses,112.0,310
clean_v1,total_reg_credits,total_reg_courses,112.5,13
clean_v1,total_reg_credits,total_reg_courses,113.0,258
clean_v1,total_reg_credits,total_reg_courses,113.5,16
clean_v1,total_reg_credits,total_reg_courses,114.0,317
clean_v1,total_reg_credits,total_reg_courses,114.5,15
clean_v1,total_reg_credits,total_reg_courses,115.0,260
clean_v1,total_reg_credits,total_reg_courses,115.5,19
clean_v1,total_reg_credits,total_reg_courses,116.0,277
clean_v1,total_reg_credits,total_reg_courses,116.5,9
clean_v1,total_reg_credits,total_reg_courses,117.0,273
clean_v1,total_reg_credits,total_reg_courses,117.5,12
clean_v1,total_reg_credits,total_reg_courses,118.0,258
clean_v1,total_reg_credits,total_reg_courses,118.5,19
clean_v1,total_reg_credits,total_reg_courses,119.0,261
clean_v1,total_reg_credits,total_reg_courses,119.5,19
clean_v1,total_reg_credits,total_reg_courses,120.0,292
clean_v1,total_reg_credits,total_reg_courses,120.5,14
clean_v1,total_reg_credits,total_reg_courses,121.0,253
clean_v1,total_reg_credits,total_reg_courses,121.5,20
clean_v1,total_reg_credits,total_reg_courses,122.0,241
clean_v1,total_reg_credits,total_reg_courses,122.5,21
clean_v1,total_reg_credits,total_reg_courses,123.0,265
clean_v1,total_reg_credits,total_reg_courses,123.5,23
clean_v1,total_reg_credits,total_reg_courses,124.0,257
clean_v1,total_reg_credits,total_reg_courses,124.5,24
clean_v1,total_reg_credits,total_reg_courses,125.0,233
clean_v1,total_reg_credits,total_reg_courses,125.5,24
clean_v1,total_reg_credits,total_reg_courses,126.0,204
clean_v1,total_reg_credits,total_reg_courses,126.5,28
clean_v1,total_reg_credits,total_reg_courses,127.0,229
clean_v1,total_reg_credits,total_reg_courses,127.5,35
clean_v1,total_reg_credits,total_reg_courses,128.0,208
clean_v1,total_reg_credits,total_reg_courses,128.5,30
clean_v1,total_reg_credits,total_reg_courses,129.0,227
clean_v1,total_reg_credits,total_reg_courses,129.5,28
clean_v1,total_reg_credits,total_reg_courses,130.0,198
clean_v1,total_reg_credits,total_reg_courses,130.5,31
clean_v1,total_reg_credits,total_reg_courses,131.0,199
clean_v1,total_reg_credits,total_reg_courses,131.5,23
clean_v1,total_reg_credits,total_reg_courses,132.0,192
clean_v1,total_reg_credits,total_reg_courses,132.5,29
clean_v1,total_reg_credits,total_reg_courses,133.0,158
clean_v1,total_reg_credits,total_reg_courses,133.5,31
clean_v1,total_reg_credits,total_reg_courses,134.0,167
clean_v1,total_reg_credits,total_reg_courses,134.5,24
clean_v1,total_reg_credits,total_reg_courses,135.0,172
clean_v1,total_reg_credits,total_reg_courses,135.5,24
clean_v1,total_reg_credits,total_reg_courses,136.0,162
clean_v1,total_reg_credits,total_reg_courses,136.5,35
clean_v1,total_reg_credits,total_reg_courses,137.0,147
clean_v1,total_reg_credits,total_reg_courses,137.5,23
clean_v1,total_reg_credits,total_reg_courses,138.0,164
clean_v1,total_reg_credits,total_reg_courses,138.5,17
clean_v1,total_reg_credits,total_reg_courses,139.0,151
clean_v1,total_reg_credits,total_reg_courses,139.5,27
clean_v1,total_reg_credits,total_reg_courses,140.0,163
clean_v1,total_reg_credits,total_reg_courses,140.5,17
clean_v1,total_reg_credits,total_reg_courses,141.0,141
clean_v1,total_reg_credits,total_reg_courses,141.5,28
clean_v1,total_reg_credits,total_reg_courses,142.0,150
clean_v1,total_reg_credits,total_reg_courses,142.5,24
clean_v1,total_reg_credits,total_reg_courses,143.0,141
clean_v1,total_reg_credits,total_reg_courses,143.5,20
clean_v1,total_reg_credits,total_reg_courses,144.0,162
clean_v1,total_reg_credits,total_reg_courses,144.5,30
clean_v1,total_reg_credits,total_reg_courses,145.0,131
clean_v1,total_reg_credits,total_reg_courses,145.5,24
clean_v1,total_reg_credits,total_reg_courses,146.0,140
clean_v1,total_reg_credits,total_reg_courses,146.5,43
clean_v1,total_reg_credits,total_reg_courses,147.0,146
clean_v1,total_reg_credits,total_reg_courses,147.5,31
clean_v1,total_reg_credits,total_reg_courses,148.0,118
clean_v1,total_reg_credits,total_reg_courses,148.5,35
clean_v1,total_reg_credits,total_reg_courses,149.0,113
clean_v1,total_reg_credits,total_reg_courses,149.5,23
clean_v1,total_reg_credits,total_reg_courses,150.0,125
clean_v1,total_reg_credits,total_reg_courses,150.5,25
clean_v1,total_reg_credits,total_reg_courses,151.0,120
clean_v1,total_reg_credits,total_reg_courses,151.5,26
clean_v1,total_reg_credits,total_reg_courses,152.0,104
clean_v1,total_reg_credits,total_reg_courses,152.5,23
clean_v1,total_reg_credits,total_reg_courses,153.0,123
clean_v1,total_reg_credits,total_reg_courses,153.5,25
clean_v1,total_reg_credits,total_reg_courses,154.0,96
clean_v1,total_reg_credits,total_reg_courses,154.5,27
clean_v1,total_reg_credits,total_reg_courses,155.0,105
clean_v1,total_reg_credits,total_reg_courses,155.5,28
clean_v1,total_reg_credits,total_reg_courses,156.0,100
clean_v1,total_reg_credits,total_reg_courses,156.5,26
clean_v1,total_reg_credits,total_reg_courses,157.0,128
clean_v1,total_reg_credits,total_reg_courses,157.5,20
clean_v1,total_reg_credits,total_reg_courses,158.0,114
clean_v1,total_reg_credits,total_reg_courses,158.5,22
clean_v1,total_reg_credits,total_reg_courses,159.0,119
clean_v1,total_reg_credits,total_reg_courses,159.5,25
clean_v1,total_reg_credits,total_reg_courses,160.0,115
clean_v1,total_reg_credits,total_reg_courses,160.5,24
clean_v1,total_reg_credits,total_reg_courses,161.0,130
clean_v1,total_reg_credits,total_reg_courses,161.5,30
clean_v1,total_reg_credits,total_reg_courses,162.0,141
clean_v1,total_reg_credits,total_reg_courses,162.5,23
clean_v1,total_reg_credits,total_reg_courses,163.0,127
clean_v1,total_reg_credits,total_reg_courses,163.5,16
clean_v1,total_reg_credits,total_reg_courses,164.0,83
clean_v1,total_reg_credits,total_reg_courses,164.5,19
clean_v1,total_reg_credits,total_reg_courses,165.0,104
clean_v1,total_reg_credits,total_reg_courses,165.5,16
clean_v1,total_reg_credits,total_reg_courses,166.0,110
clean_v1,total_reg_credits,total_reg_courses,166.5,16
clean_v1,total_reg_credits,total_reg_courses,167.0,93
clean_v1,total_reg_credits,total_reg_courses,167.5,21
clean_v1,total_reg_credits,total_reg_courses,168.0,98
clean_v1,total_reg_credits,total_reg_courses,168.5,19
clean_v1,total_reg_credits,total_reg_courses,169.0,104
clean_v1,total_reg_credits,total_reg_courses,169.5,15
clean_v1,total_reg_credits,total_reg_courses,170.0,95
clean_v1,total_reg_credits,total_reg_courses,170.5,19
clean_v1,total_reg_credits,total_reg_courses,171.0,109
clean_v1,total_reg_credits,total_reg_courses,171.5,19
clean_v1,total_reg_credits,total_reg_courses,172.0,116
clean_v1,total_reg_credits,total_reg_courses,172.5,21
clean_v1,total_reg_credits,total_reg_courses,173.0,91
clean_v1,total_reg_credits,total_reg_courses,173.5,15
clean_v1,total_reg_credits,total_reg_courses,174.0,75
clean_v1,total_reg_credits,total_reg_courses,174.5,18
clean_v1,total_reg_credits,total_reg_courses,175.0,93
clean_v1,total_reg_credits,total_reg_courses,175.5,15
clean_v1,total_reg_credits,total_reg_courses,176.0,79
clean_v1,total_reg_credits,total_reg_courses,176.5,17
clean_v1,total_reg_credits,total_reg_courses,177.0,57
clean_v1,total_reg_credits,total_reg_courses,177.5,17
clean_v1,total_reg_credits,total_reg_courses,178.0,126
clean_v1,total_reg_credits,total_reg_courses,178.5,7
clean_v1,total_reg_credits,total_reg_courses,179.0,83
clean_v1,total_reg_credits,total_reg_courses,179.5,17
clean_v1,total_reg_credits,total_reg_courses,180.0,101
clean_v1,total_reg_credits,total_reg_courses,180.5,16
clean_v1,total_reg_credits,total_reg_courses,181.0,89
clean_v1,total_reg_credits,total_reg_courses,181.5,18
clean_v1,total_reg_credits,total_reg_courses,182.0,82
clean_v1,total_reg_credits,total_reg_courses,182.5,13
clean_v1,total_reg_credits,total_reg_courses,183.0,76
clean_v1,total_reg_credits,total_reg_courses,183.5,7
clean_v1,total_reg_credits,total_reg_courses,184.0,71
clean_v1,total_reg_credits,total_reg_courses,184.5,12
clean_v1,total_reg_credits,total_reg_courses,185.0,62
clean_v1,total_reg_credits,total_reg_courses,185.5,16
clean_v1,total_reg_credits,total_reg_courses,186.0,69
clean_v1,total_reg_credits,total_reg_courses,186.5,15
clean_v1,total_reg_credits,total_reg_courses,187.0,81
clean_v1,total_reg_credits,total_reg_courses,187.5,18
clean_v1,total_reg_credits,total_reg_courses,188.0,63
clean_v1,total_reg_credits,total_reg_courses,188.5,20
clean_v1,total_reg_credits,total_reg_courses,189.0,61
clean_v1,total_reg_credits,total_reg_courses,189.5,16
clean_v1,total_reg_credits,total_reg_courses,190.0,54
clean_v1,total_reg_credits,total_reg_courses,190.5,14
clean_v1,total_reg_credits,total_reg_courses,191.0,60
clean_v1,total_reg_credits,total_reg_courses,191.5,15
clean_v1,total_reg_credits,total_reg_courses,192.0,56
clean_v1,total_reg_credits,total_reg_courses,192.5,15
clean_v1,total_reg_credits,total_reg_courses,193.0,43
clean_v1,total_reg_credits,total_reg_courses,193.5,20
clean_v1,total_reg_credits,total_reg_courses,194.0,56
clean_v1,total_reg_credits,total_reg_courses,194.5,19
clean_v1,total_reg_credits,total_reg_courses,195.0,35
clean_v1,total_reg_credits,total_reg_courses,195.5,19
clean_v1,total_reg_credits,total_reg_courses,196.0,46
clean_v1,total_reg_credits,total_reg_courses,196.5,16
clean_v1,total_reg_credits,total_reg_courses,197.0,43
clean_v1,total_reg_credits,total_reg_courses,197.5,10
clean_v1,total_reg_credits,total_reg_courses,198.0,38
clean_v1,total_reg_credits,total_reg_courses,198.5,16
clean_v1,total_reg_credits,total_reg_courses,199.0,38
clean_v1,total_reg_credits,total_reg_courses,199.5,14
clean_v1,total_reg_credits,total_reg_courses,200.0,42
clean_v1,total_reg_credits,total_reg_courses,200.5,10
clean_v1,total_reg_credits,total_reg_courses,201.0,29
clean_v1,total_reg_credits,total_reg_courses,201.5,16
clean_v1,total_reg_credits,total_reg_courses,202.0,48
clean_v1,total_reg_credits,total_reg_courses,202.5,19
clean_v1,total_reg_credits,total_reg_courses,203.0,37
clean_v1,total_reg_credits,total_reg_courses,203.5,15
clean_v1,total_reg_credits,total_reg_courses,204.0,32
clean_v1,total_reg_credits,total_reg_courses,204.5,18
clean_v1,total_reg_credits,total_reg_courses,205.0,37
clean_v1,total_reg_credits,total_reg_courses,205.5,13
clean_v1,total_reg_credits,total_reg_courses,206.0,36
clean_v1,total_reg_credits,total_reg_courses,206.5,21
clean_v1,total_reg_credits,total_reg_courses,207.0,32
clean_v1,total_reg_credits,total_reg_courses,207.5,13
clean_v1,total_reg_credits,total_reg_courses,208.0,35
clean_v1,total_reg_credits,total_reg_courses,208.5,11
clean_v1,total_reg_credits,total_reg_courses,209.0,22
clean_v1,total_reg_credits,total_reg_courses,209.5,14
clean_v1,total_reg_credits,total_reg_courses,210.0,37
clean_v1,total_reg_credits,total_reg_courses,210.5,13
clean_v1,total_reg_credits,total_reg_courses,211.0,34
clean_v1,total_reg_credits,total_reg_courses,211.5,13
clean_v1,total_reg_credits,total_reg_courses,212.0,21
clean_v1,total_reg_credits,total_reg_courses,212.5,8
clean_v1,total_reg_credits,total_reg_courses,213.0,38
clean_v1,total_reg_credits,total_reg_courses,213.5,6
clean_v1,total_reg_credits,total_reg_courses,214.0,23
clean_v1,total_reg_credits,total_reg_courses,214.5,9
clean_v1,total_reg_credits,total_reg_courses,215.0,26
clean_v1,total_reg_credits,total_reg_courses,215.5,13
clean_v1,total_reg_credits,total_reg_courses,216.0,17
clean_v1,total_reg_credits,total_reg_courses,216.5,14
clean_v1,total_reg_credits,total_reg_courses,217.0,26
clean_v1,total_reg_credits,total_reg_courses,217.5,7
clean_v1,total_reg_credits,total_reg_courses,218.0,27
clean_v1,total_reg_credits,total_reg_courses,218.5,8
clean_v1,total_reg_credits,total_reg_courses,219.0,22
clean_v1,total_reg_credits,total_reg_courses,219.5,18
clean_v1,total_reg_credits,total_reg_courses,220.0,25
clean_v1,total_reg_credits,total_reg_courses,220.5,10
clean_v1,total_reg_credits,total_reg_courses,221.0,22
clean_v1,total_reg_credits,total_reg_courses,221.5,13
clean_v1,total_reg_credits,total_reg_courses,222.0,18
clean_v1,total_reg_credits,total_reg_courses,222.5,5
clean_v1,total_reg_credits,total_reg_courses,223.0,23
clean_v1,total_reg_credits,total_reg_courses,223.5,11
clean_v1,total_reg_credits,total_reg_courses,224.0,21
clean_v1,total_reg_credits,total_reg_courses,224.5,9
clean_v1,total_reg_credits,total_reg_courses,225.0,23
clean_v1,total_reg_credits,total_reg_courses,225.5,14
clean_v1,total_reg_credits,total_reg_courses,226.0,17
clean_v1,total_reg_credits,total_reg_courses,226.5,13
clean_v1,total_reg_credits,total_reg_courses,227.0,24
clean_v1,total_reg_credits,total_reg_courses,227.5,12
clean_v1,total_reg_credits,total_reg_courses,228.0,18
clean_v1,total_reg_credits,total_reg_courses,228.5,9
clean_v1,total_reg_credits,total_reg_courses,229.0,17
clean_v1,total_reg_credits,total_reg_courses,229.5,11
clean_v1,total_reg_credits,total_reg_courses,230.0,12
clean_v1,total_reg_credits,total_reg_courses,230.5,9
clean_v1,total_reg_credits,total_reg_courses,231.0,25
clean_v1,total_reg_credits,total_reg_courses,231.5,6
clean_v1,total_reg_credits,total_reg_courses,232.0,13
clean_v1,total_reg_credits,total_reg_courses,232.5,9
clean_v1,total_reg_credits,total_reg_courses,233.0,19
clean_v1,total_reg_credits,total_reg_courses,233.5,7
clean_v1,total_reg_credits,total_reg_courses,234.0,20
clean_v1,total_reg_credits,total_reg_courses,234.5,4
clean_v1,total_reg_credits,total_reg_courses,235.0,13
clean_v1,total_reg_credits,total_reg_courses,235.5,9
clean_v1,total_reg_credits,total_reg_courses,236.0,14
clean_v1,total_reg_credits,total_reg_courses,236.5,5
clean_v1,total_reg_credits,total_reg_courses,237.0,16
clean_v1,total_reg_credits,total_reg_courses,237.5,7
clean_v1,total_reg_credits,total_reg_courses,238.0,14
clean_v1,total_reg_credits,total_reg_courses,238.5,4
clean_v1,total_reg_credits,total_reg_courses,239.0,15
clean_v1,total_reg_credits,total_reg_courses,239.5,10
clean_v1,total_reg_credits,total_reg_courses,240.0,11
clean_v1,total_reg_credits,total_reg_courses,240.5,5
clean_v1,total_reg_credits,total_reg_courses,241.0,14
clean_v1,total_reg_credits,total_reg_courses,241.5,11
clean_v1,total_reg_credits,total_reg_courses,242.0,11
clean_v1,total_reg_credits,total_reg_courses,242.5,12
clean_v1,total_reg_credits,total_reg_courses,243.0,17
clean_v1,total_reg_credits,total_reg_courses,243.5,5
clean_v1,total_reg_credits,total_reg_courses,244.0,6
clean_v1,total_reg_credits,total_reg_courses,244.5,9
clean_v1,total_reg_credits,total_reg_courses,245.0,16
clean_v1,total_reg_credits,total_reg_courses,245.5,6
clean_v1,total_reg_credits,total_reg_courses,246.0,19
clean_v1,total_reg_credits,total_reg_courses,246.5,7
clean_v1,total_reg_credits,total_reg_courses,247.0,6
clean_v1,total_reg_credits,total_reg_courses,247.5,7
clean_v1,total_reg_credits,total_reg_courses,248.0,8
clean_v1,total_reg_credits,total_reg_courses,248.5,8
clean_v1,total_reg_credits,total_reg_courses,249.0,15
clean_v1,total_reg_credits,total_reg_courses,249.5,6
clean_v1,total_reg_credits,total_reg_courses,250.0,3
clean_v1,total_reg_credits,total_reg_courses,250.5,6
clean_v1,total_reg_credits,total_reg_courses,251.0,21
clean_v1,total_reg_credits,total_reg_courses,251.5,4
clean_v1,total_reg_credits,total_reg_courses,252.0,5
clean_v1,total_reg_credits,total_reg_courses,252.5,14
clean_v1,total_reg_credits,total_reg_courses,253.0,11
clean_v1,total_reg_credits,total_reg_courses,253.5,7
clean_v1,total_reg_credits,total_reg_courses,254.0,13
clean_v1,total_reg_credits,total_reg_courses,254.5,5
clean_v1,total_reg_credits,total_reg_courses,255.0,9
clean_v1,total_reg_credits,total_reg_courses,255.5,2
clean_v1,total_reg_credits,total_reg_courses,256.0,14
clean_v1,total_reg_credits,total_reg_courses,256.5,8
clean_v1,total_reg_credits,total_reg_courses,257.0,12
clean_v1,total_reg_credits,total_reg_courses,257.5,2
clean_v1,total_reg_credits,total_reg_courses,258.0,12
clean_v1,total_reg_credits,total_reg_courses,258.5,8
clean_v1,total_reg_credits,total_reg_courses,259.0,10
clean_v1,total_reg_credits,total_reg_courses,259.5,6
clean_v1,total_reg_credits,total_reg_courses,260.0,11
clean_v1,total_reg_credits,total_reg_courses,260.5,5
clean_v1,total_reg_credits,total_reg_courses,261.0,3
clean_v1,total_reg_credits,total_reg_courses,261.5,7
clean_v1,total_reg_credits,total_reg_courses,262.0,4
clean_v1,total_reg_credits,total_reg_courses,262.5,8
clean_v1,total_reg_credits,total_reg_courses,263.0,6
clean_v1,total_reg_credits,total_reg_courses,263.5,6
clean_v1,total_reg_credits,total_reg_courses,264.0,7
clean_v1,total_reg_credits,total_reg_courses,264.5,4
clean_v1,total_reg_credits,total_reg_courses,265.0,9
clean_v1,total_reg_credits,total_reg_courses,265.5,4
clean_v1,total_reg_credits,total_reg_courses,266.0,6
clean_v1,total_reg_credits,total_reg_courses,266.5,5
clean_v1,total_reg_credits,total_reg_courses,267.0,1
clean_v1,total_reg_credits,total_reg_courses,267.5,3
clean_v1,total_reg_credits,total_reg_courses,268.0,8
clean_v1,total_reg_credits,total_reg_courses,268.5,2
clean_v1,total_reg_credits,total_reg_courses,269.0,6
clean_v1,total_reg_credits,total_reg_courses,269.5,3
clean_v1,total_reg_credits,total_reg_courses,270.0,8
clean_v1,total_reg_credits,total_reg_courses,270.5,5
clean_v1,total_reg_credits,total_reg_courses,271.0,6
clean_v1,total_reg_credits,total_reg_courses,271.5,5
clean_v1,total_reg_credits,total_reg_courses,272.0,9
clean_v1,total_reg_credits,total_reg_courses,272.5,3
clean_v1,total_reg_credits,total_reg_courses,273.0,3
clean_v1,total_reg_credits,total_reg_courses,273.5,5
clean_v1,total_reg_credits,total_reg_courses,274.0,4
clean_v1,total_reg_credits,total_reg_courses,274.5,3
clean_v1,total_reg_credits,total_reg_courses,275.0,7
clean_v1,total_reg_credits,total_reg_courses,275.5,5
clean_v1,total_reg_credits,total_reg_courses,276.0,11
clean_v1,total_reg_credits,total_reg_courses,276.5,7
clean_v1,total_reg_credits,total_reg_courses,277.0,6
clean_v1,total_reg_credits,total_reg_courses,277.5,4
clean_v1,total_reg_credits,total_reg_courses,278.0,6
clean_v1,total_reg_credits,total_reg_courses,278.5,1
clean_v1,total_reg_credits,total_reg_courses,279.0,5
clean_v1,total_reg_credits,total_reg_courses,279.5,2
clean_v1,total_reg_credits,total_reg_courses,280.0,3
clean_v1,total_reg_credits,total_reg_courses,280.5,3
clean_v1,total_reg_credits,total_reg_courses,281.0,6
clean_v1,total_reg_credits,total_reg_courses,281.5,7
clean_v1,total_reg_credits,total_reg_courses,282.0,4
clean_v1,total_reg_credits,total_reg_courses,282.5,4
clean_v1,total_reg_credits,total_reg_courses,283.0,5
clean_v1,total_reg_credits,total_reg_courses,283.5,2
clean_v1,total_reg_credits,total_reg_courses,284.0,5
clean_v1,total_reg_credits,total_reg_courses,284.5,3
clean_v1,total_reg_credits,total_reg_courses,285.0,7
clean_v1,total_reg_credits,total_reg_courses,285.5,4
clean_v1,total_reg_credits,total_reg_courses,286.0,4
clean_v1,total_reg_credits,total_reg_courses,286.5,5
clean_v1,total_reg_credits,total_reg_courses,287.0,2
clean_v1,total_reg_credits,total_reg_courses,287.5,4
clean_v1,total_reg_credits,total_reg_courses,288.0,2
clean_v1,total_reg_credits,total_reg_courses,288.5,3
clean_v1,total_reg_credits,total_reg_courses,289.0,2
clean_v1,total_reg_credits,total_reg_courses,289.5,3
clean_v1,total_reg_credits,total_reg_courses,290.0,3
clean_v1,total_reg_credits,total_reg_courses,291.0,3
clean_v1,total_reg_credits,total_reg_courses,291.5,1
clean_v1,total_reg_credits,total_reg_courses,292.0,3
clean_v1,total_reg_credits,total_reg_courses,292.5,1
clean_v1,total_reg_credits,total_reg_courses,293.0,5
clean_v1,total_reg_credits,total_reg_courses,293.5,3
clean_v1,total_reg_credits,total_reg_courses,294.0,5
clean_v1,total_reg_credits,total_reg_courses,294.5,1
clean_v1,total_reg_credits,total_reg_courses,295.0,3
clean_v1,total_reg_credits,total_reg_courses,295.5,2
clean_v1,total_reg_credits,total_reg_courses,296.0,4
clean_v1,total_reg_credits,total_reg_courses,296.5,3
clean_v1,total_reg_credits,total_reg_courses,297.0,3
clean_v1,total_reg_credits,total_reg_courses,297.5,5
clean_v1,total_reg_credits,total_reg_courses,298.0,2
clean_v1,total_reg_credits,total_reg_courses,298.5,4
clean_v1,total_reg_credits,total_reg_courses,299.0,4
clean_v1,total_reg_credits,total_reg_courses,299.5,4
clean_v1,total_reg_credits,total_reg_courses,300.0,4
clean_v1,total_reg_credits,total_reg_courses,300.5,5
clean_v1,total_reg_credits,total_reg_courses,301.0,4
clean_v1,total_reg_credits,total_reg_courses,301.5,4
clean_v1,total_reg_credits,total_reg_courses,302.0,2
clean_v1,total_reg_credits,total_reg_courses,302.5,2
clean_v1,total_reg_credits,total_reg_courses,303.0,3
clean_v1,total_reg_credits,total_reg_courses,303.5,2
clean_v1,total_reg_credits,total_reg_courses,304.0,4
clean_v1,total_reg_credits,total_reg_courses,304.5,5
clean_v1,total_reg_credits,total_reg_courses,305.0,3
clean_v1,total_reg_credits,total_reg_courses,305.5,5
clean_v1,total_reg_credits,total_reg_courses,306.0,3
clean_v1,total_reg_credits,total_reg_courses,306.5,1
clean_v1,total_reg_credits,total_reg_courses,307.0,2
clean_v1,total_reg_credits,total_reg_courses,307.5,4
clean_v1,total_reg_credits,total_reg_courses,308.0,4
clean_v1,total_reg_credits,total_reg_courses,309.0,3
clean_v1,total_reg_credits,total_reg_courses,310.0,3
clean_v1,total_reg_credits,total_reg_courses,310.5,3
clean_v1,total_reg_credits,total_reg_courses,311.0,1
clean_v1,total_reg_credits,total_reg_courses,311.5,1
clean_v1,total_reg_credits,total_reg_courses,312.0,4
clean_v1,total_reg_credits,total_reg_courses,312.5,2
clean_v1,total_reg_credits,total_reg_courses,313.5,1
clean_v1,total_reg_credits,total_reg_courses,314.0,4
clean_v1,total_reg_credits,total_reg_courses,315.0,4
clean_v1,total_reg_credits,total_reg_courses,315.5,5
clean_v1,total_reg_credits,total_reg_courses,316.0,2
clean_v1,total_reg_credits,total_reg_courses,316.5,1
clean_v1,total_reg_credits,total_reg_courses,317.0,3
clean_v1,total_reg_credits,total_reg_courses,317.5,3
clean_v1,total_reg_credits,total_reg_courses,318.0,1
clean_v1,total_reg_credits,total_reg_courses,318.5,1
clean_v1,total_reg_credits,total_reg_courses,319.5,1
clean_v1,total_reg_credits,total_reg_courses,320.0,5
clean_v1,total_reg_credits,total_reg_courses,320.5,1
clean_v1,total_reg_credits,total_reg_courses,321.0,2
clean_v1,total_reg_credits,total_reg_courses,321.5,1
clean_v1,total_reg_credits,total_reg_courses,322.0,2
clean_v1,total_reg_credits,total_reg_courses,323.0,2
clean_v1,total_reg_credits,total_reg_courses,324.0,2
clean_v1,total_reg_credits,total_reg_courses,325.0,1
clean_v1,total_reg_credits,total_reg_courses,325.5,1
clean_v1,total_reg_credits,total_reg_courses,326.0,1
clean_v1,total_reg_credits,total_reg_courses,326.5,2
clean_v1,total_reg_credits,total_reg_courses,327.0,4
clean_v1,total_reg_credits,total_reg_courses,327.5,1
clean_v1,total_reg_credits,total_reg_courses,328.0,1
clean_v1,total_reg_credits,total_reg_courses,328.5,3
clean_v1,total_reg_credits,total_reg_courses,329.0,1
clean_v1,total_reg_credits,total_reg_courses,329.5,5
clean_v1,total_reg_credits,total_reg_courses,330.0,1
clean_v1,total_reg_credits,total_reg_courses,330.5,2
clean_v1,total_reg_credits,total_reg_courses,331.0,2
clean_v1,total_reg_credits,total_reg_courses,331.5,1
clean_v1,total_reg_credits,total_reg_courses,332.0,1
clean_v1,total_reg_credits,total_reg_courses,333.0,1
clean_v1,total_reg_credits,total_reg_courses,333.5,1
clean_v1,total_reg_credits,total_reg_courses,334.0,1
clean_v1,total_reg_credits,total_reg_courses,334.5,3
clean_v1,total_reg_credits,total_reg_courses,336.5,1
clean_v1,total_reg_credits,total_reg_courses,337.0,3
clean_v1,total_reg_credits,total_reg_courses,338.0,2
clean_v1,total_reg_credits,total_reg_courses,339.0,1
clean_v1,total_reg_credits,total_reg_courses,340.0,3
clean_v1,total_reg_credits,total_reg_courses,340.5,1
clean_v1,total_reg_credits,total_reg_courses,341.0,1
clean_v1,total_reg_credits,total_reg_courses,343.0,1
clean_v1,total_reg_credits,total_reg_courses,343.5,1
clean_v1,total_reg_credits,total_reg_courses,344.0,2
clean_v1,total_reg_credits,total_reg_courses,345.0,2
clean_v1,total_reg_credits,total_reg_courses,345.5,2
clean_v1,total_reg_credits,total_reg_courses,346.0,1
clean_v1,total_reg_credits,total_reg_courses,346.5,1
clean_v1,total_reg_credits,total_reg_courses,347.0,1
clean_v1,total_reg_credits,total_reg_courses,347.5,2
clean_v1,total_reg_credits,total_reg_courses,348.0,3
clean_v1,total_reg_credits,total_reg_courses,348.5,1
clean_v1,total_reg_credits,total_reg_courses,349.0,4
clean_v1,total_reg_credits,total_reg_courses,349.5,4
clean_v1,total_reg_credits,total_reg_courses,350.0,1
clean_v1,total_reg_credits,total_reg_courses,351.0,1
clean_v1,total_reg_credits,total_reg_courses,351.5,1
clean_v1,total_reg_credits,total_reg_courses,352.5,1
clean_v1,total_reg_credits,total_reg_courses,353.0,2
clean_v1,total_reg_credits,total_reg_courses,354.0,1
clean_v1,total_reg_credits,total_reg_courses,355.0,1
clean_v1,total_reg_credits,total_reg_courses,357.0,1
clean_v1,total_reg_credits,total_reg_courses,357.5,1
clean_v1,total_reg_credits,total_reg_courses,358.0,1
clean_v1,total_reg_credits,total_reg_courses,359.0,1
clean_v1,total_reg_credits,total_reg_courses,359.5,2
clean_v1,total_reg_credits,total_reg_courses,360.0,2
clean_v1,total_reg_credits,total_reg_courses,360.5,1
clean_v1,total_reg_credits,total_reg_courses,362.0,1
clean_v1,total_reg_credits,total_reg_courses,362.5,1
clean_v1,total_reg_credits,total_reg_courses,363.0,2
clean_v1,total_reg_credits,total_reg_courses,364.5,1
clean_v1,total_reg_credits,total_reg_courses,365.0,1
clean_v1,total_reg_credits,total_reg_courses,366.0,1
clean_v1,total_reg_credits,total_reg_courses,367.0,1
clean_v1,total_reg_credits,total_reg_courses,367.5,3
clean_v1,total_reg_credits,total_reg_courses,369.0,1
clean_v1,total_reg_credits,total_reg_courses,369.5,2
clean_v1,total_reg_credits,total_reg_courses,371.0,1
clean_v1,total_reg_credits,total_reg_courses,373.0,1
clean_v1,total_reg_credits,total_reg_courses,374.0,1
clean_v1,total_reg_credits,total_reg_courses,374.5,1
clean_v1,total_reg_credits,total_reg_courses,375.5,1
clean_v1,total_reg_credits,total_reg_courses,377.0,1
clean_v1,total_reg_credits,total_reg_courses,378.0,1
clean_v1,total_reg_credits,total_reg_courses,378.5,1
clean_v1,total_reg_credits,total_reg_courses,379.0,2
clean_v1,total_reg_credits,total_reg_courses,381.0,1
clean_v1,total_reg_credits,total_reg_courses,382.0,1
clean_v1,total_reg_credits,total_reg_courses,382.5,1
clean_v1,total_reg_credits,total_reg_courses,383.0,1
clean_v1,total_reg_credits,total_reg_courses,385.5,1
clean_v1,total_reg_credits,total_reg_courses,387.0,1
clean_v1,total_reg_credits,total_reg_courses,387.5,1
clean_v1,total_reg_credits,total_reg_courses,388.0,1
clean_v1,total_reg_credits,total_reg_courses,391.0,1
clean_v1,total_reg_credits,total_reg_courses,391.5,1
clean_v1,total_reg_credits,total_reg_courses,392.0,1
clean_v1,total_reg_credits,total_reg_courses,393.0,1
clean_v1,total_reg_credits,total_reg_courses,394.5,1
clean_v1,total_reg_credits,total_reg_courses,395.0,3
clean_v1,total_reg_credits,total_reg_courses,397.0,2
clean_v1,total_reg_credits,total_reg_courses,399.5,1
clean_v1,total_reg_credits,total_reg_courses,400.0,1
clean_v1,total_reg_credits,total_reg_courses,402.0,3
clean_v1,total_reg_credits,total_reg_courses,404.0,1
clean_v1,total_reg_credits,total_reg_courses,405.5,1
clean_v1,total_reg_credits,total_reg_courses,407.5,1
clean_v1,total_reg_credits,total_reg_courses,408.0,1
clean_v1,total_reg_credits,total_reg_courses,411.0,1
clean_v1,total_reg_credits,total_reg_courses,411.5,2
clean_v1,total_reg_credits,total_reg_courses,413.0,1
clean_v1,total_reg_credits,total_reg_courses,413.5,1
clean_v1,total_reg_credits,total_reg_courses,415.0,1
clean_v1,total_reg_credits,total_reg_courses,416.0,1
clean_v1,total_reg_credits,total_reg_courses,416.5,1
clean_v1,total_reg_credits,total_reg_courses,418.0,2
clean_v1,total_reg_credits,total_reg_courses,419.5,1
clean_v1,total_reg_credits,total_reg_courses,420.0,1
clean_v1,total_reg_credits,total_reg_courses,426.0,1
clean_v1,total_reg_credits,total_reg_courses,427.0,2
clean_v1,total_reg_credits,total_reg_courses,428.5,1
clean_v1,total_reg_credits,total_reg_courses,430.5,1
clean_v1,total_reg_credits,total_reg_courses,432.5,1
clean_v1,total_reg_credits,total_reg_courses,433.5,2
clean_v1,total_reg_credits,total_reg_courses,435.5,1
clean_v1,total_reg_credits,total_reg_courses,437.0,1
clean_v1,total_reg_credits,total_reg_courses,441.0,2
clean_v1,total_reg_credits,total_reg_courses,443.0,1
clean_v1,total_reg_credits,total_reg_courses,443.5,1
clean_v1,total_reg_credits,total_reg_courses,447.5,1
clean_v1,total_reg_credits,total_reg_courses,449.0,1
clean_v1,total_reg_credits,total_reg_courses,449.5,1
clean_v1,total_reg_credits,total_reg_courses,450.0,1
clean_v1,total_reg_credits,total_reg_courses,450.5,1
clean_v1,total_reg_credits,total_reg_courses,453.5,1
clean_v1,total_reg_credits,total_reg_courses,455.0,1
clean_v1,total_reg_credits,total_reg_courses,456.0,1
clean_v1,total_reg_credits,total_reg_courses,457.0,1
clean_v1,total_reg_credits,total_reg_courses,457.5,1
clean_v1,total_reg_credits,total_reg_courses,458.5,1
clean_v1,total_reg_credits,total_reg_courses,465.0,2
clean_v1,total_reg_credits,total_reg_courses,466.0,2
clean_v1,total_reg_credits,total_reg_courses,466.5,1
clean_v1,total_reg_credits,total_reg_courses,474.0,1
clean_v1,total_reg_credits,total_reg_courses,475.5,2
clean_v1,total_reg_credits,total_reg_courses,489.0,1
clean_v1,total_reg_credits,total_reg_courses,492.5,1
clean_v1,total_reg_credits,total_reg_courses,497.0,1
clean_v1,total_reg_credits,total_reg_courses,512.5,1
clean_v1,total_reg_credits,total_reg_courses,520.0,1
clean_v1,total_reg_credits,total_reg_courses,523.0,1
clean_v1,total_reg_credits,total_reg_courses,532.5,1
clean_v1,total_reg_credits,total_reg_courses,533.5,1
clean_v1,total_reg_credits,total_reg_courses,538.0,1
clean_v1,total_reg_credits,total_reg_courses,543.0,1
clean_v1,total_reg_credits,total_reg_courses,546.5,1
clean_v1,total_reg_credits,total_reg_courses,549.5,1
clean_v1,total_reg_credits,total_reg_courses,557.0,1
clean_v1,total_reg_credits,total_reg_courses,557.5,1
clean_v1,total_reg_credits,total_reg_courses,562.0,1
clean_v1,total_reg_credits,total_reg_courses,566.5,1
clean_v1,total_reg_credits,total_reg_courses,569.0,1
clean_v1,total_reg_credits,total_reg_courses,571.0,1
clean_v1,total_reg_credits,total_reg_courses,575.0,1
clean_v1,total_reg_credits,total_reg_courses,586.5,1
clean_v1,total_reg_credits,total_reg_courses,588.0,1
clean_v1,total_reg_credits,total_reg_courses,590.0,1
clean_v1,total_reg_credits,total_reg_courses,592.0,1
clean_v1,total_reg_credits,total_reg_courses,598.5,1
clean_v1,total_reg_credits,total_reg_courses,603.5,1
clean_v1,total_reg_credits,total_reg_courses,606.5,1
clean_v1,total_reg_credits,total_reg_courses,608.5,1
clean_v1,total_reg_credits,total_reg_courses,611.0,1
clean_v1,total_reg_credits,total_reg_courses,612.5,1
clean_v1,total_reg_credits,total_reg_courses,613.5,1
clean_v1,total_reg_credits,total_reg_courses,617.0,1
clean_v1,total_reg_credits,total_reg_courses,621.5,1
clean_v1,total_reg_credits,total_reg_courses,630.0,1
clean_v1,total_reg_credits,total_reg_courses,630.5,1
clean_v1,total_reg_credits,total_reg_courses,634.0,1
clean_v1,total_reg_credits,total_reg_courses,636.5,1
clean_v1,total_reg_credits,total_reg_courses,648.0,1
clean_v1,total_reg_credits,total_reg_courses,649.5,1
clean_v1,total_reg_credits,total_reg_courses,650.0,1
clean_v1,total_reg_credits,total_reg_courses,655.5,1
clean_v1,total_reg_credits,total_reg_courses,656.0,1
clean_v1,total_reg_credits,total_reg_courses,665.0,1
clean_v1,total_reg_credits,total_reg_courses,672.5,1
clean_v1,total_reg_credits,total_reg_courses,674.0,1
clean_v1,total_reg_credits,total_reg_courses,680.0,1
clean_v1,total_reg_credits,total_reg_courses,686.0,1
clean_v1,total_reg_credits,total_reg_courses,708.0,1
clean_v1,total_reg_credits,total_reg_courses,710.0,1
clean_v1,total_reg_credits,total_reg_courses,710.5,1
clean_v1,total_reg_credits,total_reg_courses,716.5,1
clean_v1,total_reg_credits,total_reg_courses,718.0,1
clean_v2,start_total_in_credits,start_total_in_courses,0.0,7252
clean_v2,start_total_in_credits,start_total_in_courses,1.0,217
clean_v2,start_total_in_credits,start_total_in_courses,2.0,434
clean_v2,start_total_in_credits,start_total_in_courses,3.0,389
clean_v2,start_total_in_credits,start_total_in_courses,4.0,541
clean_v2,start_total_in_credits,start_total_in_courses,5.0,509
clean_v2,start_total_in_credits,start_total_in_courses,6.0,654
clean_v2,start_total_in_credits,start_total_in_courses,7.0,630
clean_v2,start_total_in_credits,start_total_in_courses,8.0,863
clean_v2,start_total_in_credits,start_total_in_courses,9.0,985
clean_v2,start_total_in_credits,start_total_in_courses,10.0,1495
clean_v2,start_total_in_credits,start_total_in_courses,11.0,1245
clean_v2,start_total_in_credits,start_total_in_courses,12.0,1088
clean_v2,start_total_in_credits,start_total_in_courses,13.0,608
clean_v2,start_total_in_credits,start_total_in_courses,14.0,761
clean_v2,start_total_in_credits,start_total_in_courses,15.0,644
clean_v2,start_total_in_credits,start_total_in_courses,16.0,768
clean_v2,start_total_in_credits,start_total_in_courses,17.0,728
clean_v2,start_total_in_credits,start_total_in_courses,18.0,826
clean_v2,start_total_in_credits,start_total_in_courses,19.0,835
clean_v2,start_total_in_credits,start_total_in_courses,20.0,1123
clean_v2,start_total_in_credits,start_total_in_courses,21.0,983
clean_v2,start_total_in_credits,start_total_in_courses,22.0,1048
clean_v2,start_total_in_credits,start_total_in_courses,23.0,876
clean_v2,start_total_in_credits,start_total_in_courses,24.0,823
clean_v2,start_total_in_credits,start_total_in_courses,25.0,905
clean_v2,start_total_in_credits,start_total_in_courses,26.0,791
clean_v2,start_total_in_credits,start_total_in_courses,27.0,763
clean_v2,start_total_in_credits,start_total_in_courses,28.0,750
clean_v2,start_total_in_credits,start_total_in_courses,29.0,805
clean_v2,start_total_in_credits,start_total_in_courses,30.0,774
clean_v2,start_total_in_credits,start_total_in_courses,31.0,813
clean_v2,start_total_in_credits,start_total_in_courses,32.0,805
clean_v2,start_total_in_credits,start_total_in_courses,33.0,757
clean_v2,start_total_in_credits,start_total_in_courses,34.0,772
clean_v2,start_total_in_credits,start_total_in_courses,35.0,690
clean_v2,start_total_in_credits,start_total_in_courses,36.0,734
clean_v2,start_total_in_credits,start_total_in_courses,37.0,750
clean_v2,start_total_in_credits,start_total_in_courses,38.0,772
clean_v2,start_total_in_credits,start_total_in_courses,39.0,741
clean_v2,start_total_in_credits,start_total_in_courses,40.0,800
clean_v2,start_total_in_credits,start_total_in_courses,41.0,788
clean_v2,start_total_in_credits,start_total_in_courses,42.0,748
clean_v2,start_total_in_credits,start_total_in_courses,43.0,822
clean_v2,start_total_in_credits,start_total_in_courses,44.0,720
clean_v2,start_total_in_credits,start_total_in_courses,45.0,728
clean_v2,start_total_in_credits,start_total_in_courses,46.0,732
clean_v2,start_total_in_credits,start_total_in_courses,47.0,677
clean_v2,start_total_in_credits,start_total_in_courses,48.0,661
clean_v2,start_total_in_credits,start_total_in_courses,49.0,661
clean_v2,start_total_in_credits,start_total_in_courses,49.5,3
clean_v2,start_total_in_credits,start_total_in_courses,50.0,687
clean_v2,start_total_in_credits,start_total_in_courses,51.0,738
clean_v2,start_total_in_credits,start_total_in_courses,52.0,692
clean_v2,start_total_in_credits,start_total_in_courses,53.0,671
clean_v2,start_total_in_credits,start_total_in_courses,53.5,1
clean_v2,start_total_in_credits,start_total_in_courses,54.0,683
clean_v2,start_total_in_credits,start_total_in_courses,55.0,676
clean_v2,start_total_in_credits,start_total_in_courses,56.0,724
clean_v2,start_total_in_credits,start_total_in_courses,56.5,1
clean_v2,start_total_in_credits,start_total_in_courses,57.0,682
clean_v2,start_total_in_credits,start_total_in_courses,58.0,701
clean_v2,start_total_in_credits,start_total_in_courses,58.5,6
clean_v2,start_total_in_credits,start_total_in_courses,59.0,669
clean_v2,start_total_in_credits,start_total_in_courses,59.5,2
clean_v2,start_total_in_credits,start_total_in_courses,60.0,729
clean_v2,start_total_in_credits,start_total_in_courses,60.5,3
clean_v2,start_total_in_credits,start_total_in_courses,61.0,682
clean_v2,start_total_in_credits,start_total_in_courses,61.5,2
clean_v2,start_total_in_credits,start_total_in_courses,62.0,712
clean_v2,start_total_in_credits,start_total_in_courses,62.5,2
clean_v2,start_total_in_credits,start_total_in_courses,63.0,636
clean_v2,start_total_in_credits,start_total_in_courses,63.5,6
clean_v2,start_total_in_credits,start_total_in_courses,64.0,660
clean_v2,start_total_in_credits,start_total_in_courses,64.5,4
clean_v2,start_total_in_credits,start_total_in_courses,65.0,679
clean_v2,start_total_in_credits,start_total_in_courses,65.5,6
clean_v2,start_total_in_credits,start_total_in_courses,66.0,580
clean_v2,start_total_in_credits,start_total_in_courses,66.5,6
clean_v2,start_total_in_credits,start_total_in_courses,67.0,672
clean_v2,start_total_in_credits,start_total_in_courses,67.5,6
clean_v2,start_total_in_credits,start_total_in_courses,68.0,607
clean_v2,start_total_in_credits,start_total_in_courses,68.5,7
clean_v2,start_total_in_credits,start_total_in_courses,69.0,674
clean_v2,start_total_in_credits,start_total_in_courses,69.5,10
clean_v2,start_total_in_credits,start_total_in_courses,70.0,614
clean_v2,start_total_in_credits,start_total_in_courses,70.5,10
clean_v2,start_total_in_credits,start_total_in_courses,71.0,632
clean_v2,start_total_in_credits,start_total_in_courses,71.5,7
clean_v2,start_total_in_credits,start_total_in_courses,72.0,617
clean_v2,start_total_in_credits,start_total_in_courses,72.5,12
clean_v2,start_total_in_credits,start_total_in_courses,73.0,571
clean_v2,start_total_in_credits,start_total_in_courses,73.5,7
clean_v2,start_total_in_credits,start_total_in_courses,74.0,635
clean_v2,start_total_in_credits,start_total_in_courses,74.5,6
clean_v2,start_total_in_credits,start_total_in_courses,75.0,634
clean_v2,start_total_in_credits,start_total_in_courses,75.5,10
clean_v2,start_total_in_credits,start_total_in_courses,76.0,571
clean_v2,start_total_in_credits,start_total_in_courses,76.5,13
clean_v2,start_total_in_credits,start_total_in_courses,77.0,598
clean_v2,start_total_in_credits,start_total_in_courses,77.5,17
clean_v2,start_total_in_credits,start_total_in_courses,78.0,626
clean_v2,start_total_in_credits,start_total_in_courses,78.5,29
clean_v2,start_total_in_credits,start_total_in_courses,79.0,588
clean_v2,start_total_in_credits,start_total_in_courses,79.5,10
clean_v2,start_total_in_credits,start_total_in_courses,80.0,594
clean_v2,start_total_in_credits,start_total_in_courses,80.5,16
clean_v2,start_total_in_credits,start_total_in_courses,81.0,587
clean_v2,start_total_in_credits,start_total_in_courses,81.5,19
clean_v2,start_total_in_credits,start_total_in_courses,82.0,615
clean_v2,start_total_in_credits,start_total_in_courses,82.5,23
clean_v2,start_total_in_credits,start_total_in_courses,83.0,594
clean_v2,start_total_in_credits,start_total_in_courses,83.5,24
clean_v2,start_total_in_credits,start_total_in_courses,84.0,554
clean_v2,start_total_in_credits,start_total_in_courses,84.5,29
clean_v2,start_total_in_credits,start_total_in_courses,85.0,532
clean_v2,start_total_in_credits,start_total_in_courses,85.5,22
clean_v2,start_total_in_credits,start_total_in_courses,86.0,574
clean_v2,start_total_in_credits,start_total_in_courses,86.5,30
clean_v2,start_total_in_credits,start_total_in_courses,87.0,443
clean_v2,start_total_in_credits,start_total_in_courses,87.5,26
clean_v2,start_total_in_credits,start_total_in_courses,88.0,503
clean_v2,start_total_in_credits,start_total_in_courses,88.5,33
clean_v2,start_total_in_credits,start_total_in_courses,89.0,503
clean_v2,start_total_in_credits,start_total_in_courses,89.5,22
clean_v2,start_total_in_credits,start_total_in_courses,90.0,473
clean_v2,start_total_in_credits,start_total_in_courses,90.5,48
clean_v2,start_total_in_credits,start_total_in_courses,91.0,446
clean_v2,start_total_in_credits,start_total_in_courses,91.5,30
clean_v2,start_total_in_credits,start_total_in_courses,92.0,504
clean_v2,start_total_in_credits,start_total_in_courses,92.5,33
clean_v2,start_total_in_credits,start_total_in_courses,93.0,494
clean_v2,start_total_in_credits,start_total_in_courses,93.5,36
clean_v2,start_total_in_credits,start_total_in_courses,94.0,509
clean_v2,start_total_in_credits,start_total_in_courses,94.5,24
clean_v2,start_total_in_credits,start_total_in_courses,95.0,487
clean_v2,start_total_in_credits,start_total_in_courses,95.5,24
clean_v2,start_total_in_credits,start_total_in_courses,96.0,494
clean_v2,start_total_in_credits,start_total_in_courses,96.5,18
clean_v2,start_total_in_credits,start_total_in_courses,97.0,470
clean_v2,start_total_in_credits,start_total_in_courses,97.5,28
clean_v2,start_total_in_credits,start_total_in_courses,98.0,525
clean_v2,start_total_in_credits,start_total_in_courses,98.5,37
clean_v2,start_total_in_credits,start_total_in_courses,99.0,434
clean_v2,start_total_in_credits,start_total_in_courses,99.5,26
clean_v2,start_total_in_credits,start_total_in_courses,100.0,453
clean_v2,start_total_in_credits,start_total_in_courses,100.5,40
clean_v2,start_total_in_credits,start_total_in_courses,101.0,405
clean_v2,start_total_in_credits,start_total_in_courses,101.5,32
clean_v2,start_total_in_credits,start_total_in_courses,102.0,398
clean_v2,start_total_in_credits,start_total_in_courses,102.5,35
clean_v2,start_total_in_credits,start_total_in_courses,103.0,448
clean_v2,start_total_in_credits,start_total_in_courses,103.5,32
clean_v2,start_total_in_credits,start_total_in_courses,104.0,388
clean_v2,start_total_in_credits,start_total_in_courses,104.5,40
clean_v2,start_total_in_credits,start_total_in_courses,105.0,280
clean_v2,start_total_in_credits,start_total_in_courses,105.5,35
clean_v2,start_total_in_credits,start_total_in_courses,106.0,281
clean_v2,start_total_in_credits,start_total_in_courses,106.5,38
clean_v2,start_total_in_credits,start_total_in_courses,107.0,244
clean_v2,start_total_in_credits,start_total_in_courses,107.5,39
clean_v2,start_total_in_credits,start_total_in_courses,108.0,304
clean_v2,start_total_in_credits,start_total_in_courses,108.5,33
clean_v2,start_total_in_credits,start_total_in_courses,109.0,432
clean_v2,start_total_in_credits,start_total_in_courses,109.5,27
clean_v2,start_total_in_credits,start_total_in_courses,110.0,250
clean_v2,start_total_in_credits,start_total_in_courses,110.5,41
clean_v2,start_total_in_credits,start_total_in_courses,111.0,96
clean_v2,start_total_in_credits,start_total_in_courses,111.5,42
clean_v2,start_total_in_credits,start_total_in_courses,112.0,93
clean_v2,start_total_in_credits,start_total_in_courses,112.5,39
clean_v2,start_total_in_credits,start_total_in_courses,113.0,88
clean_v2,start_total_in_credits,start_total_in_courses,113.5,30
clean_v2,start_total_in_credits,start_total_in_courses,114.0,93
clean_v2,start_total_in_credits,start_total_in_courses,114.5,33
clean_v2,start_total_in_credits,start_total_in_courses,115.0,64
clean_v2,start_total_in_credits,start_total_in_courses,115.5,16
clean_v2,start_total_in_credits,start_total_in_courses,116.0,84
clean_v2,start_total_in_credits,start_total_in_courses,116.5,42
clean_v2,start_total_in_credits,start_total_in_courses,117.0,61
clean_v2,start_total_in_credits,start_total_in_courses,117.5,30
clean_v2,start_total_in_credits,start_total_in_courses,118.0,78
clean_v2,start_total_in_credits,start_total_in_courses,118.5,33
clean_v2,start_total_in_credits,start_total_in_courses,119.0,82
clean_v2,start_total_in_credits,start_total_in_courses,119.5,42
clean_v2,start_total_in_credits,start_total_in_courses,120.0,82
clean_v2,start_total_in_credits,start_total_in_courses,120.5,21
clean_v2,start_total_in_credits,start_total_in_courses,121.0,75
clean_v2,start_total_in_credits,start_total_in_courses,121.5,33
clean_v2,start_total_in_credits,start_total_in_courses,122.0,68
clean_v2,start_total_in_credits,start_total_in_courses,122.5,33
clean_v2,start_total_in_credits,start_total_in_courses,123.0,90
clean_v2,start_total_in_credits,start_total_in_courses,123.5,34
clean_v2,start_total_in_credits,start_total_in_courses,124.0,63
clean_v2,start_total_in_credits,start_total_in_courses,124.5,43
clean_v2,start_total_in_credits,start_total_in_courses,125.0,57
clean_v2,start_total_in_credits,start_total_in_courses,125.5,39
clean_v2,start_total_in_credits,start_total_in_courses,126.0,59
clean_v2,start_total_in_credits,start_total_in_courses,126.5,34
clean_v2,start_total_in_credits,start_total_in_courses,127.0,70
clean_v2,start_total_in_credits,start_total_in_courses,127.5,41
clean_v2,start_total_in_credits,start_total_in_courses,128.0,44
clean_v2,start_total_in_credits,start_total_in_courses,128.5,41
clean_v2,start_total_in_credits,start_total_in_courses,129.0,43
clean_v2,start_total_in_credits,start_total_in_courses,129.5,45
clean_v2,start_total_in_credits,start_total_in_courses,130.0,38
clean_v2,start_total_in_credits,start_total_in_courses,130.5,41
clean_v2,start_total_in_credits,start_total_in_courses,131.0,26
clean_v2,start_total_in_credits,start_total_in_courses,131.5,28
clean_v2,start_total_in_credits,start_total_in_courses,132.0,40
clean_v2,start_total_in_credits,start_total_in_courses,132.5,24
clean_v2,start_total_in_credits,start_total_in_courses,133.0,36
clean_v2,start_total_in_credits,start_total_in_courses,133.5,38
clean_v2,start_total_in_credits,start_total_in_courses,134.0,36
clean_v2,start_total_in_credits,start_total_in_courses,134.5,40
clean_v2,start_total_in_credits,start_total_in_courses,135.0,40
clean_v2,start_total_in_credits,start_total_in_courses,135.5,31
clean_v2,start_total_in_credits,start_total_in_courses,136.0,42
clean_v2,start_total_in_credits,start_total_in_courses,136.5,34
clean_v2,start_total_in_credits,start_total_in_courses,137.0,40
clean_v2,start_total_in_credits,start_total_in_courses,137.5,43
clean_v2,start_total_in_credits,start_total_in_courses,138.0,53
clean_v2,start_total_in_credits,start_total_in_courses,138.5,39
clean_v2,start_total_in_credits,start_total_in_courses,139.0,64
clean_v2,start_total_in_credits,start_total_in_courses,139.5,43
clean_v2,start_total_in_credits,start_total_in_courses,140.0,43
clean_v2,start_total_in_credits,start_total_in_courses,140.5,35
clean_v2,start_total_in_credits,start_total_in_courses,141.0,57
clean_v2,start_total_in_credits,start_total_in_courses,141.5,43
clean_v2,start_total_in_credits,start_total_in_courses,142.0,58
clean_v2,start_total_in_credits,start_total_in_courses,142.5,30
clean_v2,start_total_in_credits,start_total_in_courses,143.0,54
clean_v2,start_total_in_credits,start_total_in_courses,143.5,38
clean_v2,start_total_in_credits,start_total_in_courses,144.0,68
clean_v2,start_total_in_credits,start_total_in_courses,144.5,36
clean_v2,start_total_in_credits,start_total_in_courses,145.0,54
clean_v2,start_total_in_credits,start_total_in_courses,145.5,40
clean_v2,start_total_in_credits,start_total_in_courses,146.0,58
clean_v2,start_total_in_credits,start_total_in_courses,146.5,38
clean_v2,start_total_in_credits,start_total_in_courses,147.0,44
clean_v2,start_total_in_credits,start_total_in_courses,147.5,33
clean_v2,start_total_in_credits,start_total_in_courses,148.0,52
clean_v2,start_total_in_credits,start_total_in_courses,148.5,35
clean_v2,start_total_in_credits,start_total_in_courses,149.0,49
clean_v2,start_total_in_credits,start_total_in_courses,149.5,26
clean_v2,start_total_in_credits,start_total_in_courses,150.0,44
clean_v2,start_total_in_credits,start_total_in_courses,150.5,20
clean_v2,start_total_in_credits,start_total_in_courses,151.0,65
clean_v2,start_total_in_credits,start_total_in_courses,151.5,20
clean_v2,start_total_in_credits,start_total_in_courses,152.0,73
clean_v2,start_total_in_credits,start_total_in_courses,152.5,23
clean_v2,start_total_in_credits,start_total_in_courses,153.0,76
clean_v2,start_total_in_credits,start_total_in_courses,153.5,35
clean_v2,start_total_in_credits,start_total_in_courses,154.0,103
clean_v2,start_total_in_credits,start_total_in_courses,154.5,51
clean_v2,start_total_in_credits,start_total_in_courses,155.0,113
clean_v2,start_total_in_credits,start_total_in_courses,155.5,30
clean_v2,start_total_in_credits,start_total_in_courses,156.0,134
clean_v2,start_total_in_credits,start_total_in_courses,156.5,32
clean_v2,start_total_in_credits,start_total_in_courses,157.0,175
clean_v2,start_total_in_credits,start_total_in_courses,157.5,31
clean_v2,start_total_in_credits,start_total_in_courses,158.0,226
clean_v2,start_total_in_credits,start_total_in_courses,158.5,29
clean_v2,start_total_in_credits,start_total_in_courses,159.0,149
clean_v2,start_total_in_credits,start_total_in_courses,159.5,36
clean_v2,start_total_in_credits,start_total_in_courses,160.0,160
clean_v2,start_total_in_credits,start_total_in_courses,160.5,9
clean_v2,start_total_in_credits,start_total_in_courses,161.0,119
clean_v2,start_total_in_credits,start_total_in_courses,161.5,11
clean_v2,start_total_in_credits,start_total_in_courses,162.0,219
clean_v2,start_total_in_credits,start_total_in_courses,163.0,1025
clean_v2,start_total_in_credits,start_total_in_courses,164.0,98
clean_v2,start_total_in_credits,start_total_in_courses,165.0,666
clean_v2,start_total_in_credits,start_total_in_courses,166.0,14
clean_v2,start_total_in_credits,start_total_in_courses,167.0,1
clean_v2,start_total_in_credits,start_total_in_courses,168.5,1
clean_v2,start_total_in_credits,start_total_in_courses,171.0,1
clean_v2,start_total_in_credits,start_total_in_courses,174.0,1
clean_v2,start_total_in_credits,start_total_in_courses,175.0,1
clean_v2,start_total_in_credits,start_total_in_courses,178.5,1
clean_v2,start_total_in_credits,start_total_in_courses,179.0,1
clean_v2,start_total_in_credits,start_total_in_courses,180.0,2
clean_v2,start_total_in_credits,start_total_in_courses,181.0,1
clean_v2,start_total_in_credits,start_total_in_courses,182.0,1
clean_v2,start_total_in_credits,start_total_in_courses,183.0,1
clean_v2,start_total_in_credits,start_total_in_courses,183.5,1
clean_v2,start_total_in_credits,start_total_in_courses,184.0,4
clean_v2,start_total_in_credits,start_total_in_courses,185.0,1
clean_v2,start_total_in_credits,start_total_in_courses,186.0,71
clean_v2,start_total_in_credits,start_total_in_courses,187.0,10
clean_v2,start_total_in_credits,start_total_in_courses,188.0,10
clean_v2,start_total_in_credits,start_total_in_courses,189.0,1
clean_v2,start_total_in_credits,total_reg_credits,-769.0,2
clean_v2,start_total_in_credits,total_reg_credits,-757.0,2
clean_v2,start_total_in_credits,total_reg_credits,-745.0,3
clean_v2,start_total_in_credits,total_reg_credits,-733.0,1
clean_v2,start_total_in_credits,total_reg_credits,-732.0,1
clean_v2,start_total_in_credits,total_reg_credits,-727.5,1
clean_v2,start_total_in_credits,total_reg_credits,-718.5,1
clean_v2,start_total_in_credits,total_reg_credits,-717.0,1
clean_v2,start_total_in_credits,total_reg_credits,-714.0,1
clean_v2,start_total_in_credits,total_reg_credits,-689.0,1
clean_v2,start_total_in_credits,total_reg_credits,-682.0,1
clean_v2,start_total_in_credits,total_reg_credits,-675.5,1
clean_v2,start_total_in_credits,total_reg_credits,-667.5,1
clean_v2,start_total_in_credits,total_reg_credits,-664.0,1
clean_v2,start_total_in_credits,total_reg_credits,-660.0,3
clean_v2,start_total_in_credits,total_reg_credits,-654.0,1
clean_v2,start_total_in_credits,total_reg_credits,-646.5,1
clean_v2,start_total_in_credits,total_reg_credits,-640.5,2
clean_v2,start_total_in_credits,total_reg_credits,-639.0,1
clean_v2,start_total_in_credits,total_reg_credits,-635.0,1
clean_v2,start_total_in_credits,total_reg_credits,-629.5,1
clean_v2,start_total_in_credits,total_reg_credits,-627.0,1
clean_v2,start_total_in_credits,total_reg_credits,-623.5,1
clean_v2,start_total_in_credits,total_reg_credits,-619.0,1
clean_v2,start_total_in_credits,total_reg_credits,-618.5,2
clean_v2,start_total_in_credits,total_reg_credits,-611.0,1
clean_v2,start_total_in_credits,total_reg_credits,-604.0,1
clean_v2,start_total_in_credits,total_reg_credits,-603.5,2
clean_v2,start_total_in_credits,total_reg_credits,-601.5,1
clean_v2,start_total_in_credits,total_reg_credits,-600.0,1
clean_v2,start_total_in_credits,total_reg_credits,-599.5,1
clean_v2,start_total_in_credits,total_reg_credits,-589.5,1
clean_v2,start_total_in_credits,total_reg_credits,-588.5,1
clean_v2,start_total_in_credits,total_reg_credits,-587.5,1
clean_v2,start_total_in_credits,total_reg_credits,-586.5,1
clean_v2,start_total_in_credits,total_reg_credits,-582.0,1
clean_v2,start_total_in_credits,total_reg_credits,-575.5,1
clean_v2,start_total_in_credits,total_reg_credits,-574.0,1
clean_v2,start_total_in_credits,total_reg_credits,-571.0,1
clean_v2,start_total_in_credits,total_reg_credits,-563.5,1
clean_v2,start_total_in_credits,total_reg_credits,-562.0,1
clean_v2,start_total_in_credits,total_reg_credits,-560.5,1
clean_v2,start_total_in_credits,total_reg_credits,-558.5,1
clean_v2,start_total_in_credits,total_reg_credits,-553.0,1
clean_v2,start_total_in_credits,total_reg_credits,-543.5,1
clean_v2,start_total_in_credits,total_reg_credits,-540.0,1
clean_v2,start_total_in_credits,total_reg_credits,-538.0,1
clean_v2,start_total_in_credits,total_reg_credits,-518.0,1
clean_v2,start_total_in_credits,total_reg_credits,-514.0,1
clean_v2,start_total_in_credits,total_reg_credits,-505.0,1
clean_v2,start_total_in_credits,total_reg_credits,-493.0,1
clean_v2,start_total_in_credits,total_reg_credits,-476.0,1
clean_v2,start_total_in_credits,total_reg_credits,-468.0,1
clean_v2,start_total_in_credits,total_reg_credits,-454.0,8
clean_v2,start_total_in_credits,total_reg_credits,-453.0,1
clean_v2,start_total_in_credits,total_reg_credits,-451.0,1
clean_v2,start_total_in_credits,total_reg_credits,-449.0,1
clean_v2,start_total_in_credits,total_reg_credits,-448.0,1
clean_v2,start_total_in_credits,total_reg_credits,-436.0,1
clean_v2,start_total_in_credits,total_reg_credits,-428.5,1
clean_v2,start_total_in_credits,total_reg_credits,-425.0,1
clean_v2,start_total_in_credits,total_reg_credits,-419.0,2
clean_v2,start_total_in_credits,total_reg_credits,-413.5,1
clean_v2,start_total_in_credits,total_reg_credits,-412.0,2
clean_v2,start_total_in_credits,total_reg_credits,-411.5,1
clean_v2,start_total_in_credits,total_reg_credits,-409.0,2
clean_v2,start_total_in_credits,total_reg_credits,-408.0,2
clean_v2,start_total_in_credits,total_reg_credits,-407.0,2
clean_v2,start_total_in_credits,total_reg_credits,-400.0,2
clean_v2,start_total_in_credits,total_reg_credits,-399.5,2
clean_v2,start_total_in_credits,total_reg_credits,-398.5,1
clean_v2,start_total_in_credits,total_reg_credits,-397.0,1
clean_v2,start_total_in_credits,total_reg_credits,-396.0,2
clean_v2,start_total_in_credits,total_reg_credits,-395.5,1
clean_v2,start_total_in_credits,total_reg_credits,-395.0,6
clean_v2,start_total_in_credits,total_reg_credits,-393.0,1
clean_v2,start_total_in_credits,total_reg_credits,-392.5,1
clean_v2,start_total_in_credits,total_reg_credits,-392.0,1
clean_v2,start_total_in_credits,total_reg_credits,-391.0,2
clean_v2,start_total_in_credits,total_reg_credits,-390.0,1
clean_v2,start_total_in_credits,total_reg_credits,-387.0,1
clean_v2,start_total_in_credits,total_reg_credits,-385.0,1
clean_v2,start_total_in_credits,total_reg_credits,-381.0,1
clean_v2,start_total_in_credits,total_reg_credits,-380.5,3
clean_v2,start_total_in_credits,total_reg_credits,-377.5,1
clean_v2,start_total_in_credits,total_reg_credits,-377.0,1
clean_v2,start_total_in_credits,total_reg_credits,-376.5,2
clean_v2,start_total_in_credits,total_reg_credits,-375.0,1
clean_v2,start_total_in_credits,total_reg_credits,-373.0,1
clean_v2,start_total_in_credits,total_reg_credits,-372.0,1
clean_v2,start_total_in_credits,total_reg_credits,-369.0,1
clean_v2,start_total_in_credits,total_reg_credits,-368.5,1
clean_v2,start_total_in_credits,total_reg_credits,-367.5,1
clean_v2,start_total_in_credits,total_reg_credits,-367.0,1
clean_v2,start_total_in_credits,total_reg_credits,-365.5,1
clean_v2,start_total_in_credits,total_reg_credits,-365.0,2
clean_v2,start_total_in_credits,total_reg_credits,-361.0,1
clean_v2,start_total_in_credits,total_reg_credits,-360.0,1
clean_v2,start_total_in_credits,total_reg_credits,-358.0,1
clean_v2,start_total_in_credits,total_reg_credits,-357.5,1
clean_v2,start_total_in_credits,total_reg_credits,-355.0,1
clean_v2,start_total_in_credits,total_reg_credits,-352.5,1
clean_v2,start_total_in_credits,total_reg_credits,-349.0,1
clean_v2,start_total_in_credits,total_reg_credits,-345.0,1
clean_v2,start_total_in_credits,total_reg_credits,-344.0,1
clean_v2,start_total_in_credits,total_reg_credits,-343.0,1
clean_v2,start_total_in_credits,total_reg_credits,-342.0,1
clean_v2,start_total_in_credits,total_reg_credits,-341.0,2
clean_v2,start_total_in_credits,total_reg_credits,-339.0,1
clean_v2,start_total_in_credits,total_reg_credits,-337.5,5
clean_v2,start_total_in_credits,total_reg_credits,-337.0,1
clean_v2,start_total_in_credits,total_reg_credits,-336.0,1
clean_v2,start_total_in_credits,total_reg_credits,-335.0,1
clean_v2,start_total_in_credits,total_reg_credits,-334.0,3
clean_v2,start_total_in_credits,total_reg_credits,-333.0,1
clean_v2,start_total_in_credits,total_reg_credits,-332.0,2
clean_v2,start_total_in_credits,total_reg_credits,-330.5,1
clean_v2,start_total_in_credits,total_reg_credits,-329.5,2
clean_v2,start_total_in_credits,total_reg_credits,-329.0,1
clean_v2,start_total_in_credits,total_reg_credits,-328.0,2
clean_v2,start_total_in_credits,total_reg_credits,-327.0,1
clean_v2,start_total_in_credits,total_reg_credits,-326.0,1
clean_v2,start_total_in_credits,total_reg_credits,-323.0,2
clean_v2,start_total_in_credits,total_reg_credits,-322.5,1
clean_v2,start_total_in_credits,total_reg_credits,-321.0,4
clean_v2,start_total_in_credits,total_reg_credits,-320.0,4
clean_v2,start_total_in_credits,total_reg_credits,-319.0,1
clean_v2,start_total_in_credits,total_reg_credits,-318.0,1
clean_v2,start_total_in_credits,total_reg_credits,-317.0,2
clean_v2,start_total_in_credits,total_reg_credits,-315.0,3
clean_v2,start_total_in_credits,total_reg_credits,-313.5,1
clean_v2,start_total_in_credits,total_reg_credits,-313.0,1
clean_v2,start_total_in_credits,total_reg_credits,-312.0,1
clean_v2,start_total_in_credits,total_reg_credits,-309.5,1
clean_v2,start_total_in_credits,total_reg_credits,-309.0,1
clean_v2,start_total_in_credits,total_reg_credits,-308.0,3
clean_v2,start_total_in_credits,total_reg_credits,-305.0,1
clean_v2,start_total_in_credits,total_reg_credits,-303.0,3
clean_v2,start_total_in_credits,total_reg_credits,-302.5,1
clean_v2,start_total_in_credits,total_reg_credits,-302.0,3
clean_v2,start_total_in_credits,total_reg_credits,-301.0,1
clean_v2,start_total_in_credits,total_reg_credits,-298.5,1
clean_v2,start_total_in_credits,total_reg_credits,-298.0,2
clean_v2,start_total_in_credits,total_reg_credits,-296.5,1
clean_v2,start_total_in_credits,total_reg_credits,-296.0,1
clean_v2,start_total_in_credits,total_reg_credits,-295.5,2
clean_v2,start_total_in_credits,total_reg_credits,-295.0,2
clean_v2,start_total_in_credits,total_reg_credits,-294.0,1
clean_v2,start_total_in_credits,total_reg_credits,-293.0,2
clean_v2,start_total_in_credits,total_reg_credits,-291.0,4
clean_v2,start_total_in_credits,total_reg_credits,-290.5,2
clean_v2,start_total_in_credits,total_reg_credits,-289.5,2
clean_v2,start_total_in_credits,total_reg_credits,-289.0,2
clean_v2,start_total_in_credits,total_reg_credits,-288.5,1
clean_v2,start_total_in_credits,total_reg_credits,-287.0,2
clean_v2,start_total_in_credits,total_reg_credits,-286.0,4
clean_v2,start_total_in_credits,total_reg_credits,-285.5,1
clean_v2,start_total_in_credits,total_reg_credits,-285.0,1
clean_v2,start_total_in_credits,total_reg_credits,-284.5,2
clean_v2,start_total_in_credits,total_reg_credits,-284.0,4
clean_v2,start_total_in_credits,total_reg_credits,-283.5,2
clean_v2,start_total_in_credits,total_reg_credits,-282.0,1
clean_v2,start_total_in_credits,total_reg_credits,-281.0,1
clean_v2,start_total_in_credits,total_reg_credits,-279.5,3
clean_v2,start_total_in_credits,total_reg_credits,-279.0,3
clean_v2,start_total_in_credits,total_reg_credits,-278.5,1
clean_v2,start_total_in_credits,total_reg_credits,-277.0,1
clean_v2,start_total_in_credits,total_reg_credits,-276.0,2
clean_v2,start_total_in_credits,total_reg_credits,-275.5,2
clean_v2,start_total_in_credits,total_reg_credits,-275.0,4
clean_v2,start_total_in_credits,total_reg_credits,-274.5,4
clean_v2,start_total_in_credits,total_reg_credits,-273.5,1
clean_v2,start_total_in_credits,total_reg_credits,-273.0,5
clean_v2,start_total_in_credits,total_reg_credits,-272.5,2
clean_v2,start_total_in_credits,total_reg_credits,-272.0,3
clean_v2,start_total_in_credits,total_reg_credits,-271.0,2
clean_v2,start_total_in_credits,total_reg_credits,-270.0,1
clean_v2,start_total_in_credits,total_reg_credits,-269.5,1
clean_v2,start_total_in_credits,total_reg_credits,-269.0,1
clean_v2,start_total_in_credits,total_reg_credits,-268.5,3
clean_v2,start_total_in_credits,total_reg_credits,-268.0,3
clean_v2,start_total_in_credits,total_reg_credits,-267.0,4
clean_v2,start_total_in_credits,total_reg_credits,-266.0,2
clean_v2,start_total_in_credits,total_reg_credits,-265.5,1
clean_v2,start_total_in_credits,total_reg_credits,-265.0,5
clean_v2,start_total_in_credits,total_reg_credits,-264.0,5
clean_v2,start_total_in_credits,total_reg_credits,-263.5,1
clean_v2,start_total_in_credits,total_reg_credits,-263.0,3
clean_v2,start_total_in_credits,total_reg_credits,-262.5,2
clean_v2,start_total_in_credits,total_reg_credits,-262.0,5
clean_v2,start_total_in_credits,total_reg_credits,-261.0,3
clean_v2,start_total_in_credits,total_reg_credits,-260.0,3
clean_v2,start_total_in_credits,total_reg_credits,-259.5,2
clean_v2,start_total_in_credits,total_reg_credits,-259.0,5
clean_v2,start_total_in_credits,total_reg_credits,-258.0,5
clean_v2,start_total_in_credits,total_reg_credits,-257.5,5
clean_v2,start_total_in_credits,total_reg_credits,-257.0,3
clean_v2,start_total_in_credits,total_reg_credits,-256.5,6
clean_v2,start_total_in_credits,total_reg_credits,-256.0,4
clean_v2,start_total_in_credits,total_reg_credits,-255.0,5
clean_v2,start_total_in_credits,total_reg_credits,-254.0,2
clean_v2,start_total_in_credits,total_reg_credits,-253.5,2
clean_v2,start_total_in_credits,total_reg_credits,-253.0,3
clean_v2,start_total_in_credits,total_reg_credits,-252.0,4
clean_v2,start_total_in_credits,total_reg_credits,-251.5,4
clean_v2,start_total_in_credits,total_reg_credits,-251.0,6
clean_v2,start_total_in_credits,total_reg_credits,-250.5,1
clean_v2,start_total_in_credits,total_reg_credits,-250.0,6
clean_v2,start_total_in_credits,total_reg_credits,-249.5,1
clean_v2,start_total_in_credits,total_reg_credits,-249.0,2
clean_v2,start_total_in_credits,total_reg_credits,-248.0,4
clean_v2,start_total_in_credits,total_reg_credits,-247.5,3
clean_v2,start_total_in_credits,total_reg_credits,-247.0,7
clean_v2,start_total_in_credits,total_reg_credits,-246.0,9
clean_v2,start_total_in_credits,total_reg_credits,-245.0,8
clean_v2,start_total_in_credits,total_reg_credits,-244.0,8
clean_v2,start_total_in_credits,total_reg_credits,-243.5,1
clean_v2,start_total_in_credits,total_reg_credits,-243.0,6
clean_v2,start_total_in_credits,total_reg_credits,-242.5,3
clean_v2,start_total_in_credits,total_reg_credits,-242.0,3
clean_v2,start_total_in_credits,total_reg_credits,-241.5,5
clean_v2,start_total_in_credits,total_reg_credits,-241.0,5
clean_v2,start_total_in_credits,total_reg_credits,-240.5,1
clean_v2,start_total_in_credits,total_reg_credits,-240.0,6
clean_v2,start_total_in_credits,total_reg_credits,-239.5,1
clean_v2,start_total_in_credits,total_reg_credits,-239.0,14
clean_v2,start_total_in_credits,total_reg_credits,-238.0,2
clean_v2,start_total_in_credits,total_reg_credits,-237.5,1
clean_v2,start_total_in_credits,total_reg_credits,-237.0,7
clean_v2,start_total_in_credits,total_reg_credits,-236.5,1
clean_v2,start_total_in_credits,total_reg_credits,-236.0,6
clean_v2,start_total_in_credits,total_reg_credits,-235.0,9
clean_v2,start_total_in_credits,total_reg_credits,-234.0,10
clean_v2,start_total_in_credits,total_reg_credits,-233.5,2
clean_v2,start_total_in_credits,total_reg_credits,-233.0,8
clean_v2,start_total_in_credits,total_reg_credits,-232.5,1
clean_v2,start_total_in_credits,total_reg_credits,-232.0,10
clean_v2,start_total_in_credits,total_reg_credits,-231.5,2
clean_v2,start_total_in_credits,total_reg_credits,-231.0,14
clean_v2,start_total_in_credits,total_reg_credits,-230.5,2
clean_v2,start_total_in_credits,total_reg_credits,-230.0,9
clean_v2,start_total_in_credits,total_reg_credits,-229.5,1
clean_v2,start_total_in_credits,total_reg_credits,-229.0,4
clean_v2,start_total_in_credits,total_reg_credits,-228.5,1
clean_v2,start_total_in_credits,total_reg_credits,-228.0,8
clean_v2,start_total_in_credits,total_reg_credits,-227.5,1
clean_v2,start_total_in_credits,total_reg_credits,-227.0,6
clean_v2,start_total_in_credits,total_reg_credits,-226.5,4
clean_v2,start_total_in_credits,total_reg_credits,-226.0,4
clean_v2,start_total_in_credits,total_reg_credits,-225.0,9
clean_v2,start_total_in_credits,total_reg_credits,-224.5,3
clean_v2,start_total_in_credits,total_reg_credits,-224.0,7
clean_v2,start_total_in_credits,total_reg_credits,-223.5,2
clean_v2,start_total_in_credits,total_reg_credits,-223.0,12
clean_v2,start_total_in_credits,total_reg_credits,-222.5,2
clean_v2,start_total_in_credits,total_reg_credits,-222.0,6
clean_v2,start_total_in_credits,total_reg_credits,-221.5,3
clean_v2,start_total_in_credits,total_reg_credits,-221.0,14
clean_v2,start_total_in_credits,total_reg_credits,-220.5,2
clean_v2,start_total_in_credits,total_reg_credits,-220.0,8
clean_v2,start_total_in_credits,total_reg_credits,-219.5,3
clean_v2,start_total_in_credits,total_reg_credits,-219.0,10
clean_v2,start_total_in_credits,total_reg_credits,-218.5,4
clean_v2,start_total_in_credits,total_reg_credits,-218.0,7
clean_v2,start_total_in_credits,total_reg_credits,-217.5,5
clean_v2,start_total_in_credits,total_reg_credits,-217.0,10
clean_v2,start_total_in_credits,total_reg_credits,-216.5,1
clean_v2,start_total_in_credits,total_reg_credits,-216.0,8
clean_v2,start_total_in_credits,total_reg_credits,-215.5,1
clean_v2,start_total_in_credits,total_reg_credits,-215.0,7
clean_v2,start_total_in_credits,total_reg_credits,-214.0,11
clean_v2,start_total_in_credits,total_reg_credits,-213.5,6
clean_v2,start_total_in_credits,total_reg_credits,-213.0,11
clean_v2,start_total_in_credits,total_reg_credits,-212.0,4
clean_v2,start_total_in_credits,total_reg_credits,-211.5,2
clean_v2,start_total_in_credits,total_reg_credits,-211.0,9
clean_v2,start_total_in_credits,total_reg_credits,-210.5,2
clean_v2,start_total_in_credits,total_reg_credits,-210.0,5
clean_v2,start_total_in_credits,total_reg_credits,-209.5,3
clean_v2,start_total_in_credits,total_reg_credits,-209.0,22
clean_v2,start_total_in_credits,total_reg_credits,-208.5,1
clean_v2,start_total_in_credits,total_reg_credits,-208.0,12
clean_v2,start_total_in_credits,total_reg_credits,-207.5,1
clean_v2,start_total_in_credits,total_reg_credits,-207.0,14
clean_v2,start_total_in_credits,total_reg_credits,-206.5,1
clean_v2,start_total_in_credits,total_reg_credits,-206.0,13
clean_v2,start_total_in_credits,total_reg_credits,-205.0,11
clean_v2,start_total_in_credits,total_reg_credits,-204.5,2
clean_v2,start_total_in_credits,total_reg_credits,-204.0,13
clean_v2,start_total_in_credits,total_reg_credits,-203.0,12
clean_v2,start_total_in_credits,total_reg_credits,-202.5,1
clean_v2,start_total_in_credits,total_reg_credits,-202.0,16
clean_v2,start_total_in_credits,total_reg_credits,-201.0,8
clean_v2,start_total_in_credits,total_reg_credits,-200.5,8
clean_v2,start_total_in_credits,total_reg_credits,-200.0,10
clean_v2,start_total_in_credits,total_reg_credits,-199.5,8
clean_v2,start_total_in_credits,total_reg_credits,-199.0,18
clean_v2,start_total_in_credits,total_reg_credits,-198.5,1
clean_v2,start_total_in_credits,total_reg_credits,-198.0,19
clean_v2,start_total_in_credits,total_reg_credits,-197.5,3
clean_v2,start_total_in_credits,total_reg_credits,-197.0,18
clean_v2,start_total_in_credits,total_reg_credits,-196.5,2
clean_v2,start_total_in_credits,total_reg_credits,-196.0,11
clean_v2,start_total_in_credits,total_reg_credits,-195.5,1
clean_v2,start_total_in_credits,total_reg_credits,-195.0,19
clean_v2,start_total_in_credits,total_reg_credits,-194.5,6
clean_v2,start_total_in_credits,total_reg_credits,-194.0,16
clean_v2,start_total_in_credits,total_reg_credits,-193.5,1
clean_v2,start_total_in_credits,total_reg_credits,-193.0,11
clean_v2,start_total_in_credits,total_reg_credits,-192.5,6
clean_v2,start_total_in_credits,total_reg_credits,-192.0,24
clean_v2,start_total_in_credits,total_reg_credits,-191.5,7
clean_v2,start_total_in_credits,total_reg_credits,-191.0,24
clean_v2,start_total_in_credits,total_reg_credits,-190.0,12
clean_v2,start_total_in_credits,total_reg_credits,-189.5,1
clean_v2,start_total_in_credits,total_reg_credits,-189.0,20
clean_v2,start_total_in_credits,total_reg_credits,-188.5,3
clean_v2,start_total_in_credits,total_reg_credits,-188.0,23
clean_v2,start_total_in_credits,total_reg_credits,-187.0,20
clean_v2,start_total_in_credits,total_reg_credits,-186.5,4
clean_v2,start_total_in_credits,total_reg_credits,-186.0,15
clean_v2,start_total_in_credits,total_reg_credits,-185.5,4
clean_v2,start_total_in_credits,total_reg_credits,-185.0,30
clean_v2,start_total_in_credits,total_reg_credits,-184.0,32
clean_v2,start_total_in_credits,total_reg_credits,-183.0,22
clean_v2,start_total_in_credits,total_reg_credits,-182.5,5
clean_v2,start_total_in_credits,total_reg_credits,-182.0,22
clean_v2,start_total_in_credits,total_reg_credits,-181.5,2
clean_v2,start_total_in_credits,total_reg_credits,-181.0,18
clean_v2,start_total_in_credits,total_reg_credits,-180.5,6
clean_v2,start_total_in_credits,total_reg_credits,-180.0,23
clean_v2,start_total_in_credits,total_reg_credits,-179.5,7
clean_v2,start_total_in_credits,total_reg_credits,-179.0,24
clean_v2,start_total_in_credits,total_reg_credits,-178.5,5
clean_v2,start_total_in_credits,total_reg_credits,-178.0,21
clean_v2,start_total_in_credits,total_reg_credits,-177.5,3
clean_v2,start_total_in_credits,total_reg_credits,-177.0,29
clean_v2,start_total_in_credits,total_reg_credits,-176.5,2
clean_v2,start_total_in_credits,total_reg_credits,-176.0,28
clean_v2,start_total_in_credits,total_reg_credits,-175.5,3
clean_v2,start_total_in_credits,total_reg_credits,-175.0,33
clean_v2,start_total_in_credits,total_reg_credits,-174.5,12
clean_v2,start_total_in_credits,total_reg_credits,-174.0,25
clean_v2,start_total_in_credits,total_reg_credits,-173.5,9
clean_v2,start_total_in_credits,total_reg_credits,-173.0,36
clean_v2,start_total_in_credits,total_reg_credits,-172.5,1
clean_v2,start_total_in_credits,total_reg_credits,-172.0,36
clean_v2,start_total_in_credits,total_reg_credits,-171.5,4
clean_v2,start_total_in_credits,total_reg_credits,-171.0,30
clean_v2,start_total_in_credits,total_reg_credits,-170.5,1
clean_v2,start_total_in_credits,total_reg_credits,-170.0,31
clean_v2,start_total_in_credits,total_reg_credits,-169.5,8
clean_v2,start_total_in_credits,total_reg_credits,-169.0,19
clean_v2,start_total_in_credits,total_reg_credits,-168.5,9
clean_v2,start_total_in_credits,total_reg_credits,-168.0,32
clean_v2,start_total_in_credits,total_reg_credits,-167.5,3
clean_v2,start_total_in_credits,total_reg_credits,-167.0,39
clean_v2,start_total_in_credits,total_reg_credits,-166.5,1
clean_v2,start_total_in_credits,total_reg_credits,-166.0,33
clean_v2,start_total_in_credits,total_reg_credits,-165.5,1
clean_v2,start_total_in_credits,total_reg_credits,-165.0,36
clean_v2,start_total_in_credits,total_reg_credits,-164.5,4
clean_v2,start_total_in_credits,total_reg_credits,-164.0,35
clean_v2,start_total_in_credits,total_reg_credits,-163.5,7
clean_v2,start_total_in_credits,total_reg_credits,-163.0,36
clean_v2,start_total_in_credits,total_reg_credits,-162.5,2
clean_v2,start_total_in_credits,total_reg_credits,-162.0,41
clean_v2,start_total_in_credits,total_reg_credits,-161.5,2
clean_v2,start_total_in_credits,total_reg_credits,-161.0,35
clean_v2,start_total_in_credits,total_reg_credits,-160.5,6
clean_v2,start_total_in_credits,total_reg_credits,-160.0,48
clean_v2,start_total_in_credits,total_reg_credits,-159.5,5
clean_v2,start_total_in_credits,total_reg_credits,-159.0,36
clean_v2,start_total_in_credits,total_reg_credits,-158.5,4
clean_v2,start_total_in_credits,total_reg_credits,-158.0,36
clean_v2,start_total_in_credits,total_reg_credits,-157.5,6
clean_v2,start_total_in_credits,total_reg_credits,-157.0,36
clean_v2,start_total_in_credits,total_reg_credits,-156.5,4
clean_v2,start_total_in_credits,total_reg_credits,-156.0,43
clean_v2,start_total_in_credits,total_reg_credits,-155.5,2
clean_v2,start_total_in_credits,total_reg_credits,-155.0,44
clean_v2,start_total_in_credits,total_reg_credits,-154.5,2
clean_v2,start_total_in_credits,total_reg_credits,-154.0,44
clean_v2,start_total_in_credits,total_reg_credits,-153.5,2
clean_v2,start_total_in_credits,total_reg_credits,-153.0,45
clean_v2,start_total_in_credits,total_reg_credits,-152.5,5
clean_v2,start_total_in_credits,total_reg_credits,-152.0,47
clean_v2,start_total_in_credits,total_reg_credits,-151.5,7
clean_v2,start_total_in_credits,total_reg_credits,-151.0,38
clean_v2,start_total_in_credits,total_reg_credits,-150.5,7
clean_v2,start_total_in_credits,total_reg_credits,-150.0,43
clean_v2,start_total_in_credits,total_reg_credits,-149.5,6
clean_v2,start_total_in_credits,total_reg_credits,-149.0,46
clean_v2,start_total_in_credits,total_reg_credits,-148.5,3
clean_v2,start_total_in_credits,total_reg_credits,-148.0,56
clean_v2,start_total_in_credits,total_reg_credits,-147.5,3
clean_v2,start_total_in_credits,total_reg_credits,-147.0,53
clean_v2,start_total_in_credits,total_reg_credits,-146.5,3
clean_v2,start_total_in_credits,total_reg_credits,-146.0,48
clean_v2,start_total_in_credits,total_reg_credits,-145.5,4
clean_v2,start_total_in_credits,total_reg_credits,-145.0,54
clean_v2,start_total_in_credits,total_reg_credits,-144.5,4
clean_v2,start_total_in_credits,total_reg_credits,-144.0,36
clean_v2,start_total_in_credits,total_reg_credits,-143.5,6
clean_v2,start_total_in_credits,total_reg_credits,-143.0,50
clean_v2,start_total_in_credits,total_reg_credits,-142.5,4
clean_v2,start_total_in_credits,total_reg_credits,-142.0,55
clean_v2,start_total_in_credits,total_reg_credits,-141.5,8
clean_v2,start_total_in_credits,total_reg_credits,-141.0,41
clean_v2,start_total_in_credits,total_reg_credits,-140.5,9
clean_v2,start_total_in_credits,total_reg_credits,-140.0,48
clean_v2,start_total_in_credits,total_reg_credits,-139.5,6
clean_v2,start_total_in_credits,total_reg_credits,-139.0,48
clean_v2,start_total_in_credits,total_reg_credits,-138.5,2
clean_v2,start_total_in_credits,total_reg_credits,-138.0,58
clean_v2,start_total_in_credits,total_reg_credits,-137.5,6
clean_v2,start_total_in_credits,total_reg_credits,-137.0,39
clean_v2,start_total_in_credits,total_reg_credits,-136.5,3
clean_v2,start_total_in_credits,total_reg_credits,-136.0,60
clean_v2,start_total_in_credits,total_reg_credits,-135.5,5
clean_v2,start_total_in_credits,total_reg_credits,-135.0,64
clean_v2,start_total_in_credits,total_reg_credits,-134.5,3
clean_v2,start_total_in_credits,total_reg_credits,-134.0,53
clean_v2,start_total_in_credits,total_reg_credits,-133.5,13
clean_v2,start_total_in_credits,total_reg_credits,-133.0,54
clean_v2,start_total_in_credits,total_reg_credits,-132.5,3
clean_v2,start_total_in_credits,total_reg_credits,-132.0,65
clean_v2,start_total_in_credits,total_reg_credits,-131.5,7
clean_v2,start_total_in_credits,total_reg_credits,-131.0,64
clean_v2,start_total_in_credits,total_reg_credits,-130.5,2
clean_v2,start_total_in_credits,total_reg_credits,-130.0,55
clean_v2,start_total_in_credits,total_reg_credits,-129.5,4
clean_v2,start_total_in_credits,total_reg_credits,-129.0,73
clean_v2,start_total_in_credits,total_reg_credits,-128.5,11
clean_v2,start_total_in_credits,total_reg_credits,-128.0,53
clean_v2,start_total_in_credits,total_reg_credits,-127.5,6
clean_v2,start_total_in_credits,total_reg_credits,-127.0,69
clean_v2,start_total_in_credits,total_reg_credits,-126.5,2
clean_v2,start_total_in_credits,total_reg_credits,-126.0,88
clean_v2,start_total_in_credits,total_reg_credits,-125.5,11
clean_v2,start_total_in_credits,total_reg_credits,-125.0,49
clean_v2,start_total_in_credits,total_reg_credits,-124.5,6
clean_v2,start_total_in_credits,total_reg_credits,-124.0,68
clean_v2,start_total_in_credits,total_reg_credits,-123.5,7
clean_v2,start_total_in_credits,total_reg_credits,-123.0,79
clean_v2,start_total_in_credits,total_reg_credits,-122.5,5
clean_v2,start_total_in_credits,total_reg_credits,-122.0,74
clean_v2,start_total_in_credits,total_reg_credits,-121.5,3
clean_v2,start_total_in_credits,total_reg_credits,-121.0,69
clean_v2,start_total_in_credits,total_reg_credits,-120.5,8
clean_v2,start_total_in_credits,total_reg_credits,-120.0,75
clean_v2,start_total_in_credits,total_reg_credits,-119.5,10
clean_v2,start_total_in_credits,total_reg_credits,-119.0,81
clean_v2,start_total_in_credits,total_reg_credits,-118.5,6
clean_v2,start_total_in_credits,total_reg_credits,-118.0,82
clean_v2,start_total_in_credits,total_reg_credits,-117.5,8
clean_v2,start_total_in_credits,total_reg_credits,-117.0,78
clean_v2,start_total_in_credits,total_reg_credits,-116.5,3
clean_v2,start_total_in_credits,total_reg_credits,-116.0,63
clean_v2,start_total_in_credits,total_reg_credits,-115.5,7
clean_v2,start_total_in_credits,total_reg_credits,-115.0,99
clean_v2,start_total_in_credits,total_reg_credits,-114.5,5
clean_v2,start_total_in_credits,total_reg_credits,-114.0,69
clean_v2,start_total_in_credits,total_reg_credits,-113.5,6
clean_v2,start_total_in_credits,total_reg_credits,-113.0,83
clean_v2,start_total_in_credits,total_reg_credits,-112.5,10
clean_v2,start_total_in_credits,total_reg_credits,-112.0,63
clean_v2,start_total_in_credits,total_reg_credits,-111.5,12
clean_v2,start_total_in_credits,total_reg_credits,-111.0,91
clean_v2,start_total_in_credits,total_reg_credits,-110.5,6
clean_v2,start_total_in_credits,total_reg_credits,-110.0,84
clean_v2,start_total_in_credits,total_reg_credits,-109.5,7
clean_v2,start_total_in_credits,total_reg_credits,-109.0,90
clean_v2,start_total_in_credits,total_reg_credits,-108.5,14
clean_v2,start_total_in_credits,total_reg_credits,-108.0,72
clean_v2,start_total_in_credits,total_reg_credits,-107.5,5
clean_v2,start_total_in_credits,total_reg_credits,-107.0,89
clean_v2,start_total_in_credits,total_reg_credits,-106.5,8
clean_v2,start_total_in_credits,total_reg_credits,-106.0,81
clean_v2,start_total_in_credits,total_reg_credits,-105.5,4
clean_v2,start_total_in_credits,total_reg_credits,-105.0,121
clean_v2,start_total_in_credits,total_reg_credits,-104.5,6
clean_v2,start_total_in_credits,total_reg_credits,-104.0,86
clean_v2,start_total_in_credits,total_reg_credits,-103.5,5
clean_v2,start_total_in_credits,total_reg_credits,-103.0,99
clean_v2,start_total_in_credits,total_reg_credits,-102.5,6
clean_v2,start_total_in_credits,total_reg_credits,-102.0,106
clean_v2,start_total_in_credits,total_reg_credits,-101.5,5
clean_v2,start_total_in_credits,total_reg_credits,-101.0,116
clean_v2,start_total_in_credits,total_reg_credits,-100.5,13
clean_v2,start_total_in_credits,total_reg_credits,-100.0,107
clean_v2,start_total_in_credits,total_reg_credits,-99.5,5
clean_v2,start_total_in_credits,total_reg_credits,-99.0,111
clean_v2,start_total_in_credits,total_reg_credits,-98.5,12
clean_v2,start_total_in_credits,total_reg_credits,-98.0,111
clean_v2,start_total_in_credits,total_reg_credits,-97.5,8
clean_v2,start_total_in_credits,total_reg_credits,-97.0,118
clean_v2,start_total_in_credits,total_reg_credits,-96.5,11
clean_v2,start_total_in_credits,total_reg_credits,-96.0,107
clean_v2,start_total_in_credits,total_reg_credits,-95.5,10
clean_v2,start_total_in_credits,total_reg_credits,-95.0,133
clean_v2,start_total_in_credits,total_reg_credits,-94.5,14
clean_v2,start_total_in_credits,total_reg_credits,-94.0,94
clean_v2,start_total_in_credits,total_reg_credits,-93.5,6
clean_v2,start_total_in_credits,total_reg_credits,-93.0,112
clean_v2,start_total_in_credits,total_reg_credits,-92.5,11
clean_v2,start_total_in_credits,total_reg_credits,-92.0,114
clean_v2,start_total_in_credits,total_reg_credits,-91.5,18
clean_v2,start_total_in_credits,total_reg_credits,-91.0,114
clean_v2,start_total_in_credits,total_reg_credits,-90.5,13
clean_v2,start_total_in_credits,total_reg_credits,-90.0,120
clean_v2,start_total_in_credits,total_reg_credits,-89.5,14
clean_v2,start_total_in_credits,total_reg_credits,-89.0,139
clean_v2,start_total_in_credits,total_reg_credits,-88.5,6
clean_v2,start_total_in_credits,total_reg_credits,-88.0,108
clean_v2,start_total_in_credits,total_reg_credits,-87.5,10
clean_v2,start_total_in_credits,total_reg_credits,-87.0,134
clean_v2,start_total_in_credits,total_reg_credits,-86.5,5
clean_v2,start_total_in_credits,total_reg_credits,-86.0,148
clean_v2,start_total_in_credits,total_reg_credits,-85.5,14
clean_v2,start_total_in_credits,total_reg_credits,-85.0,126
clean_v2,start_total_in_credits,total_reg_credits,-84.5,17
clean_v2,start_total_in_credits,total_reg_credits,-84.0,129
clean_v2,start_total_in_credits,total_reg_credits,-83.5,11
clean_v2,start_total_in_credits,total_reg_credits,-83.0,153
clean_v2,start_total_in_credits,total_reg_credits,-82.5,14
clean_v2,start_total_in_credits,total_reg_credits,-82.0,154
clean_v2,start_total_in_credits,total_reg_credits,-81.5,14
clean_v2,start_total_in_credits,total_reg_credits,-81.0,151
clean_v2,start_total_in_credits,total_reg_credits,-80.5,13
clean_v2,start_total_in_credits,total_reg_credits,-80.0,147
clean_v2,start_total_in_credits,total_reg_credits,-79.5,12
clean_v2,start_total_in_credits,total_reg_credits,-79.0,156
clean_v2,start_total_in_credits,total_reg_credits,-78.5,12
clean_v2,start_total_in_credits,total_reg_credits,-78.0,143
clean_v2,start_total_in_credits,total_reg_credits,-77.5,9
clean_v2,start_total_in_credits,total_reg_credits,-77.0,141
clean_v2,start_total_in_credits,total_reg_credits,-76.5,15
clean_v2,start_total_in_credits,total_reg_credits,-76.0,160
clean_v2,start_total_in_credits,total_reg_credits,-75.5,11
clean_v2,start_total_in_credits,total_reg_credits,-75.0,170
clean_v2,start_total_in_credits,total_reg_credits,-74.5,20
clean_v2,start_total_in_credits,total_reg_credits,-74.0,178
clean_v2,start_total_in_credits,total_reg_credits,-73.5,13
clean_v2,start_total_in_credits,total_reg_credits,-73.0,185
clean_v2,start_total_in_credits,total_reg_credits,-72.5,7
clean_v2,start_total_in_credits,total_reg_credits,-72.0,208
clean_v2,start_total_in_credits,total_reg_credits,-71.5,14
clean_v2,start_total_in_credits,total_reg_credits,-71.0,205
clean_v2,start_total_in_credits,total_reg_credits,-70.5,22
clean_v2,start_total_in_credits,total_reg_credits,-70.0,171
clean_v2,start_total_in_credits,total_reg_credits,-69.5,12
clean_v2,start_total_in_credits,total_reg_credits,-69.0,222
clean_v2,start_total_in_credits,total_reg_credits,-68.5,17
clean_v2,start_total_in_credits,total_reg_credits,-68.0,242
clean_v2,start_total_in_credits,total_reg_credits,-67.5,13
clean_v2,start_total_in_credits,total_reg_credits,-67.0,202
clean_v2,start_total_in_credits,total_reg_credits,-66.5,5
clean_v2,start_total_in_credits,total_reg_credits,-66.0,213
clean_v2,start_total_in_credits,total_reg_credits,-65.5,15
clean_v2,start_total_in_credits,total_reg_credits,-65.0,218
clean_v2,start_total_in_credits,total_reg_credits,-64.5,31
clean_v2,start_total_in_credits,total_reg_credits,-64.0,237
clean_v2,start_total_in_credits,total_reg_credits,-63.5,20
clean_v2,start_total_in_credits,total_reg_credits,-63.0,267
clean_v2,start_total_in_credits,total_reg_credits,-62.5,18
clean_v2,start_total_in_credits,total_reg_credits,-62.0,219
clean_v2,start_total_in_credits,total_reg_credits,-61.5,14
clean_v2,start_total_in_credits,total_reg_credits,-61.0,258
clean_v2,start_total_in_credits,total_reg_credits,-60.5,9
clean_v2,start_total_in_credits,total_reg_credits,-60.0,272
clean_v2,start_total_in_credits,total_reg_credits,-59.5,22
clean_v2,start_total_in_credits,total_reg_credits,-59.0,265
clean_v2,start_total_in_credits,total_reg_credits,-58.5,18
clean_v2,start_total_in_credits,total_reg_credits,-58.0,293
clean_v2,start_total_in_credits,total_reg_credits,-57.5,19
clean_v2,start_total_in_credits,total_reg_credits,-57.0,280
clean_v2,start_total_in_credits,total_reg_credits,-56.5,6
clean_v2,start_total_in_credits,total_reg_credits,-56.0,269
clean_v2,start_total_in_credits,total_reg_credits,-55.5,27
clean_v2,start_total_in_credits,total_reg_credits,-55.0,283
clean_v2,start_total_in_credits,total_reg_credits,-54.5,10
clean_v2,start_total_in_credits,total_reg_credits,-54.0,312
clean_v2,start_total_in_credits,total_reg_credits,-53.5,27
clean_v2,start_total_in_credits,total_reg_credits,-53.0,292
clean_v2,start_total_in_credits,total_reg_credits,-52.5,15
clean_v2,start_total_in_credits,total_reg_credits,-52.0,352
clean_v2,start_total_in_credits,total_reg_credits,-51.5,29
clean_v2,start_total_in_credits,total_reg_credits,-51.0,319
clean_v2,start_total_in_credits,total_reg_credits,-50.5,14
clean_v2,start_total_in_credits,total_reg_credits,-50.0,297
clean_v2,start_total_in_credits,total_reg_credits,-49.5,15
clean_v2,start_total_in_credits,total_reg_credits,-49.0,349
clean_v2,start_total_in_credits,total_reg_credits,-48.5,16
clean_v2,start_total_in_credits,total_reg_credits,-48.0,358
clean_v2,start_total_in_credits,total_reg_credits,-47.5,22
clean_v2,start_total_in_credits,total_reg_credits,-47.0,354
clean_v2,start_total_in_credits,total_reg_credits,-46.5,17
clean_v2,start_total_in_credits,total_reg_credits,-46.0,330
clean_v2,start_total_in_credits,total_reg_credits,-45.5,19
clean_v2,start_total_in_credits,total_reg_credits,-45.0,386
clean_v2,start_total_in_credits,total_reg_credits,-44.5,24
clean_v2,start_total_in_credits,total_reg_credits,-44.0,362
clean_v2,start_total_in_credits,total_reg_credits,-43.5,24
clean_v2,start_total_in_credits,total_reg_credits,-43.0,431
clean_v2,start_total_in_credits,total_reg_credits,-42.5,14
clean_v2,start_total_in_credits,total_reg_credits,-42.0,407
clean_v2,start_total_in_credits,total_reg_credits,-41.5,32
clean_v2,start_total_in_credits,total_reg_credits,-41.0,420
clean_v2,start_total_in_credits,total_reg_credits,-40.5,11
clean_v2,start_total_in_credits,total_reg_credits,-40.0,455
clean_v2,start_total_in_credits,total_reg_credits,-39.5,16
clean_v2,start_total_in_credits,total_reg_credits,-39.0,439
clean_v2,start_total_in_credits,total_reg_credits,-38.5,11
clean_v2,start_total_in_credits,total_reg_credits,-38.0,486
clean_v2,start_total_in_credits,total_reg_credits,-37.5,37
clean_v2,start_total_in_credits,total_reg_credits,-37.0,443
clean_v2,start_total_in_credits,total_reg_credits,-36.5,12
clean_v2,start_total_in_credits,total_reg_credits,-36.0,518
clean_v2,start_total_in_credits,total_reg_credits,-35.5,24
clean_v2,start_total_in_credits,total_reg_credits,-35.0,476
clean_v2,start_total_in_credits,total_reg_credits,-34.5,20
clean_v2,start_total_in_credits,total_reg_credits,-34.0,564
clean_v2,start_total_in_credits,total_reg_credits,-33.5,38
clean_v2,start_total_in_credits,total_reg_credits,-33.0,604
clean_v2,start_total_in_credits,total_reg_credits,-32.5,35
clean_v2,start_total_in_credits,total_reg_credits,-32.0,592
clean_v2,start_total_in_credits,total_reg_credits,-31.5,24
clean_v2,start_total_in_credits,total_reg_credits,-31.0,539
clean_v2,start_total_in_credits,total_reg_credits,-30.5,14
clean_v2,start_total_in_credits,total_reg_credits,-30.0,709
clean_v2,start_total_in_credits,total_reg_credits,-29.5,25
clean_v2,start_total_in_credits,total_reg_credits,-29.0,665
clean_v2,start_total_in_credits,total_reg_credits,-28.5,13
clean_v2,start_total_in_credits,total_reg_credits,-28.0,628
clean_v2,start_total_in_credits,total_reg_credits,-27.5,13
clean_v2,start_total_in_credits,total_reg_credits,-27.0,796
clean_v2,start_total_in_credits,total_reg_credits,-26.5,12
clean_v2,start_total_in_credits,total_reg_credits,-26.0,743
clean_v2,start_total_in_credits,total_reg_credits,-25.5,30
clean_v2,start_total_in_credits,total_reg_credits,-25.0,675
clean_v2,start_total_in_credits,total_reg_credits,-24.5,10
clean_v2,start_total_in_credits,total_reg_credits,-24.0,868
clean_v2,start_total_in_credits,total_reg_credits,-23.5,15
clean_v2,start_total_in_credits,total_reg_credits,-23.0,765
clean_v2,start_total_in_credits,total_reg_credits,-22.5,18
clean_v2,start_total_in_credits,total_reg_credits,-22.0,788
clean_v2,start_total_in_credits,total_reg_credits,-21.5,9
clean_v2,start_total_in_credits,total_reg_credits,-21.0,945
clean_v2,start_total_in_credits,total_reg_credits,-20.5,20
clean_v2,start_total_in_credits,total_reg_credits,-20.0,857
clean_v2,start_total_in_credits,total_reg_credits,-19.5,25
clean_v2,start_total_in_credits,total_reg_credits,-19.0,923
clean_v2,start_total_in_credits,total_reg_credits,-18.5,13
clean_v2,start_total_in_credits,total_reg_credits,-18.0,1218
clean_v2,start_total_in_credits,total_reg_credits,-17.5,31
clean_v2,start_total_in_credits,total_reg_credits,-17.0,1136
clean_v2,start_total_in_credits,total_reg_credits,-16.5,18
clean_v2,start_total_in_credits,total_reg_credits,-16.0,1029
clean_v2,start_total_in_credits,total_reg_credits,-15.5,7
clean_v2,start_total_in_credits,total_reg_credits,-15.0,1467
clean_v2,start_total_in_credits,total_reg_credits,-14.5,24
clean_v2,start_total_in_credits,total_reg_credits,-14.0,1117
clean_v2,start_total_in_credits,total_reg_credits,-13.5,9
clean_v2,start_total_in_credits,total_reg_credits,-13.0,1133
clean_v2,start_total_in_credits,total_reg_credits,-12.5,15
clean_v2,start_total_in_credits,total_reg_credits,-12.0,1742
clean_v2,start_total_in_credits,total_reg_credits,-11.5,10
clean_v2,start_total_in_credits,total_reg_credits,-11.0,1336
clean_v2,start_total_in_credits,total_reg_credits,-10.5,2
clean_v2,start_total_in_credits,total_reg_credits,-10.0,1172
clean_v2,start_total_in_credits,total_reg_credits,-9.5,8
clean_v2,start_total_in_credits,total_reg_credits,-9.0,1621
clean_v2,start_total_in_credits,total_reg_credits,-8.5,5
clean_v2,start_total_in_credits,total_reg_credits,-8.0,1534
clean_v2,start_total_in_credits,total_reg_credits,-7.5,8
clean_v2,start_total_in_credits,total_reg_credits,-7.0,1201
clean_v2,start_total_in_credits,total_reg_credits,-6.5,13
clean_v2,start_total_in_credits,total_reg_credits,-6.0,1821
clean_v2,start_total_in_credits,total_reg_credits,-5.5,2
clean_v2,start_total_in_credits,total_reg_credits,-5.0,1495
clean_v2,start_total_in_credits,total_reg_credits,-4.5,5
clean_v2,start_total_in_credits,total_reg_credits,-4.0,2209
clean_v2,start_total_in_credits,total_reg_credits,-3.0,2879
clean_v2,start_total_in_credits,total_reg_credits,-2.5,5
clean_v2,start_total_in_credits,total_reg_credits,-2.0,2339
clean_v2,start_total_in_credits,total_reg_credits,-1.5,3
clean_v2,start_total_in_credits,total_reg_credits,-1.0,577
clean_v2,start_total_in_credits,total_reg_credits,-0.5,4
clean_v2,start_total_in_credits,total_reg_credits,0.0,18882
clean_v2,start_total_in_credits,total_reg_credits,0.5,6
clean_v2,start_total_in_credits,total_reg_credits,1.0,195
clean_v2,start_total_in_credits,total_reg_credits,2.0,218
clean_v2,start_total_in_credits,total_reg_credits,2.5,4
clean_v2,start_total_in_credits,total_reg_credits,3.0,242
clean_v2,start_total_in_credits,total_reg_credits,4.0,221
clean_v2,start_total_in_credits,total_reg_credits,4.5,7
clean_v2,start_total_in_credits,total_reg_credits,5.0,247
clean_v2,start_total_in_credits,total_reg_credits,5.5,1
clean_v2,start_total_in_credits,total_reg_credits,6.0,267
clean_v2,start_total_in_credits,total_reg_credits,6.5,3
clean_v2,start_total_in_credits,total_reg_credits,7.0,296
clean_v2,start_total_in_credits,total_reg_credits,8.0,316
clean_v2,start_total_in_credits,total_reg_credits,9.0,333
clean_v2,start_total_in_credits,total_reg_credits,9.5,1
clean_v2,start_total_in_credits,total_reg_credits,10.0,266
clean_v2,start_total_in_credits,total_reg_credits,11.0,354
clean_v2,start_total_in_credits,total_reg_credits,12.0,195
clean_v2,start_total_in_credits,total_reg_credits,13.0,245
clean_v2,start_total_in_credits,total_reg_credits,14.0,181
clean_v2,start_total_in_credits,total_reg_credits,14.5,2
clean_v2,start_total_in_credits,total_reg_credits,15.0,351
clean_v2,start_total_in_credits,total_reg_credits,16.0,172
clean_v2,start_total_in_credits,total_reg_credits,17.0,217
clean_v2,start_total_in_credits,total_reg_credits,17.5,3
clean_v2,start_total_in_credits,total_reg_credits,18.0,117
clean_v2,start_total_in_credits,total_reg_credits,19.0,611
clean_v2,start_total_in_credits,total_reg_credits,20.0,194
clean_v2,start_total_in_credits,total_reg_credits,21.0,118
clean_v2,start_total_in_credits,total_reg_credits,21.5,1
clean_v2,start_total_in_credits,total_reg_credits,22.0,114
clean_v2,start_total_in_credits,total_reg_credits,23.0,97
clean_v2,start_total_in_credits,total_reg_credits,24.0,49
clean_v2,start_total_in_credits,total_reg_credits,25.0,86
clean_v2,start_total_in_credits,total_reg_credits,26.0,71
clean_v2,start_total_in_credits,total_reg_credits,26.5,4
clean_v2,start_total_in_credits,total_reg_credits,27.0,48
clean_v2,start_total_in_credits,total_reg_credits,28.0,61
clean_v2,start_total_in_credits,total_reg_credits,28.5,1
clean_v2,start_total_in_credits,total_reg_credits,29.0,36
clean_v2,start_total_in_credits,total_reg_credits,30.0,66
clean_v2,start_total_in_credits,total_reg_credits,31.0,15
clean_v2,start_total_in_credits,total_reg_credits,32.0,34
clean_v2,start_total_in_credits,total_reg_credits,33.0,18
clean_v2,start_total_in_credits,total_reg_credits,33.5,5
clean_v2,start_total_in_credits,total_reg_credits,34.0,32
clean_v2,start_total_in_credits,total_reg_credits,35.0,14
clean_v2,start_total_in_credits,total_reg_credits,36.0,25
clean_v2,start_total_in_credits,total_reg_credits,36.5,1
clean_v2,start_total_in_credits,total_reg_credits,37.0,22
clean_v2,start_total_in_credits,total_reg_credits,37.5,1
clean_v2,start_total_in_credits,total_reg_credits,38.0,23
clean_v2,start_total_in_credits,total_reg_credits,39.0,4
clean_v2,start_total_in_credits,total_reg_credits,40.0,2
clean_v2,start_total_in_credits,total_reg_credits,40.5,1
clean_v2,start_total_in_credits,total_reg_credits,41.0,7
clean_v2,start_total_in_credits,total_reg_credits,42.0,17
clean_v2,start_total_in_credits,total_reg_credits,43.0,23
clean_v2,start_total_in_credits,total_reg_credits,44.0,11
clean_v2,start_total_in_credits,total_reg_credits,45.0,16
clean_v2,start_total_in_credits,total_reg_credits,46.0,12
clean_v2,start_total_in_credits,total_reg_credits,47.0,15
clean_v2,start_total_in_credits,total_reg_credits,48.0,14
clean_v2,start_total_in_credits,total_reg_credits,48.5,3
clean_v2,start_total_in_credits,total_reg_credits,49.0,13
clean_v2,start_total_in_credits,total_reg_credits,50.0,23
clean_v2,start_total_in_credits,total_reg_credits,51.0,1
clean_v2,start_total_in_credits,total_reg_credits,52.0,12
clean_v2,start_total_in_credits,total_reg_credits,52.5,1
clean_v2,start_total_in_credits,total_reg_credits,53.0,21
clean_v2,start_total_in_credits,total_reg_credits,54.0,4
clean_v2,start_total_in_credits,total_reg_credits,54.5,3
clean_v2,start_total_in_credits,total_reg_credits,55.0,6
clean_v2,start_total_in_credits,total_reg_credits,55.5,1
clean_v2,start_total_in_credits,total_reg_credits,56.0,14
clean_v2,start_total_in_credits,total_reg_credits,57.0,10
clean_v2,start_total_in_credits,total_reg_credits,58.0,16
clean_v2,start_total_in_credits,total_reg_credits,58.5,4
clean_v2,start_total_in_credits,total_reg_credits,59.0,11
clean_v2,start_total_in_credits,total_reg_credits,59.5,1
clean_v2,start_total_in_credits,total_reg_credits,60.0,22
clean_v2,start_total_in_credits,total_reg_credits,61.0,10
clean_v2,start_total_in_credits,total_reg_credits,62.0,1
clean_v2,start_total_in_credits,total_reg_credits,63.0,13
clean_v2,start_total_in_credits,total_reg_credits,64.0,6
clean_v2,start_total_in_credits,total_reg_credits,65.0,3
clean_v2,start_total_in_credits,total_reg_credits,66.0,12
clean_v2,start_total_in_credits,total_reg_credits,67.0,13
clean_v2,start_total_in_credits,total_reg_credits,68.0,2
clean_v2,start_total_in_credits,total_reg_credits,69.0,15
clean_v2,start_total_in_credits,total_reg_credits,70.0,9
clean_v2,start_total_in_credits,total_reg_credits,71.0,10
clean_v2,start_total_in_credits,total_reg_credits,72.0,8
clean_v2,start_total_in_credits,total_reg_credits,73.0,2
clean_v2,start_total_in_credits,total_reg_credits,74.0,17
clean_v2,start_total_in_credits,total_reg_credits,76.0,11
clean_v2,start_total_in_credits,total_reg_credits,77.0,4
clean_v2,start_total_in_credits,total_reg_credits,78.0,9
clean_v2,start_total_in_credits,total_reg_credits,79.0,3
clean_v2,start_total_in_credits,total_reg_credits,80.0,7
clean_v2,start_total_in_credits,total_reg_credits,81.0,4
clean_v2,start_total_in_credits,total_reg_credits,83.0,4
clean_v2,start_total_in_credits,total_reg_credits,84.0,5
clean_v2,start_total_in_credits,total_reg_credits,85.0,1
clean_v2,start_total_in_credits,total_reg_credits,86.0,7
clean_v2,start_total_in_credits,total_reg_credits,88.0,4
clean_v2,start_total_in_credits,total_reg_credits,90.0,1
clean_v2,start_total_in_credits,total_reg_credits,91.0,5
clean_v2,start_total_in_credits,total_reg_credits,100.0,7
clean_v2,start_total_in_credits,total_reg_credits,103.0,4
clean_v2,start_total_in_credits,total_reg_courses,-136.0,1
clean_v2,start_total_in_credits,total_reg_courses,-115.0,1
clean_v2,start_total_in_credits,total_reg_courses,-100.0,1
clean_v2,start_total_in_credits,total_reg_courses,-97.0,2
clean_v2,start_total_in_credits,total_reg_courses,-94.0,3
clean_v2,start_total_in_credits,total_reg_courses,-88.0,2
clean_v2,start_total_in_credits,total_reg_courses,-84.0,1
clean_v2,start_total_in_credits,total_reg_courses,-83.0,1
clean_v2,start_total_in_credits,total_reg_courses,-81.0,1
clean_v2,start_total_in_credits,total_reg_courses,-80.0,1
clean_v2,start_total_in_credits,total_reg_courses,-79.0,1
clean_v2,start_total_in_credits,total_reg_courses,-77.0,2
clean_v2,start_total_in_credits,total_reg_courses,-76.0,1
clean_v2,start_total_in_credits,total_reg_courses,-75.0,4
clean_v2,start_total_in_credits,total_reg_courses,-74.0,1
clean_v2,start_total_in_credits,total_reg_courses,-72.0,2
clean_v2,start_total_in_credits,total_reg_courses,-71.0,3
clean_v2,start_total_in_credits,total_reg_courses,-70.0,1
clean_v2,start_total_in_credits,total_reg_courses,-69.0,2
clean_v2,start_total_in_credits,total_reg_courses,-68.0,3
clean_v2,start_total_in_credits,total_reg_courses,-67.0,4
clean_v2,start_total_in_credits,total_reg_courses,-66.0,2
clean_v2,start_total_in_credits,total_reg_courses,-65.5,1
clean_v2,start_total_in_credits,total_reg_courses,-65.0,4
clean_v2,start_total_in_credits,total_reg_courses,-64.5,1
clean_v2,start_total_in_credits,total_reg_courses,-64.0,4
clean_v2,start_total_in_credits,total_reg_courses,-63.0,4
clean_v2,start_total_in_credits,total_reg_courses,-62.0,5
clean_v2,start_total_in_credits,total_reg_courses,-61.0,2
clean_v2,start_total_in_credits,total_reg_courses,-60.0,3
clean_v2,start_total_in_credits,total_reg_courses,-59.0,4
clean_v2,start_total_in_credits,total_reg_courses,-58.5,1
clean_v2,start_total_in_credits,total_reg_courses,-58.0,9
clean_v2,start_total_in_credits,total_reg_courses,-57.0,5
clean_v2,start_total_in_credits,total_reg_courses,-56.5,1
clean_v2,start_total_in_credits,total_reg_courses,-56.0,4
clean_v2,start_total_in_credits,total_reg_courses,-55.0,3
clean_v2,start_total_in_credits,total_reg_courses,-54.0,7
clean_v2,start_total_in_credits,total_reg_courses,-53.0,7
clean_v2,start_total_in_credits,total_reg_courses,-52.0,4
clean_v2,start_total_in_credits,total_reg_courses,-51.0,6
clean_v2,start_total_in_credits,total_reg_courses,-50.0,4
clean_v2,start_total_in_credits,total_reg_courses,-49.5,1
clean_v2,start_total_in_credits,total_reg_courses,-49.0,11
clean_v2,start_total_in_credits,total_reg_courses,-48.0,10
clean_v2,start_total_in_credits,total_reg_courses,-47.0,8
clean_v2,start_total_in_credits,total_reg_courses,-46.0,9
clean_v2,start_total_in_credits,total_reg_courses,-45.5,1
clean_v2,start_total_in_credits,total_reg_courses,-45.0,7
clean_v2,start_total_in_credits,total_reg_courses,-44.0,16
clean_v2,start_total_in_credits,total_reg_courses,-43.5,1
clean_v2,start_total_in_credits,total_reg_courses,-43.0,7
clean_v2,start_total_in_credits,total_reg_courses,-42.0,9
clean_v2,start_total_in_credits,total_reg_courses,-41.5,2
clean_v2,start_total_in_credits,total_reg_courses,-41.0,19
clean_v2,start_total_in_credits,total_reg_courses,-40.0,12
clean_v2,start_total_in_credits,total_reg_courses,-39.5,1
clean_v2,start_total_in_credits,total_reg_courses,-39.0,21
clean_v2,start_total_in_credits,total_reg_courses,-38.0,14
clean_v2,start_total_in_credits,total_reg_courses,-37.5,1
clean_v2,start_total_in_credits,total_reg_courses,-37.0,18
clean_v2,start_total_in_credits,total_reg_courses,-36.0,15
clean_v2,start_total_in_credits,total_reg_courses,-35.0,20
clean_v2,start_total_in_credits,total_reg_courses,-34.0,12
clean_v2,start_total_in_credits,total_reg_courses,-33.0,21
clean_v2,start_total_in_credits,total_reg_courses,-32.0,31
clean_v2,start_total_in_credits,total_reg_courses,-31.0,13
clean_v2,start_total_in_credits,total_reg_courses,-30.0,27
clean_v2,start_total_in_credits,total_reg_courses,-29.0,18
clean_v2,start_total_in_credits,total_reg_courses,-28.0,26
clean_v2,start_total_in_credits,total_reg_courses,-27.0,23
clean_v2,start_total_in_credits,total_reg_courses,-26.0,41
clean_v2,start_total_in_credits,total_reg_courses,-25.0,33
clean_v2,start_total_in_credits,total_reg_courses,-24.0,42
clean_v2,start_total_in_credits,total_reg_courses,-23.5,1
clean_v2,start_total_in_credits,total_reg_courses,-23.0,47
clean_v2,start_total_in_credits,total_reg_courses,-22.0,50
clean_v2,start_total_in_credits,total_reg_courses,-21.0,53
clean_v2,start_total_in_credits,total_reg_courses,-20.0,80
clean_v2,start_total_in_credits,total_reg_courses,-19.0,76
clean_v2,start_total_in_credits,total_reg_courses,-18.0,75
clean_v2,start_total_in_credits,total_reg_courses,-17.0,92
clean_v2,start_total_in_credits,total_reg_courses,-16.0,92
clean_v2,start_total_in_credits,total_reg_courses,-15.0,103
clean_v2,start_total_in_credits,total_reg_courses,-14.5,1
clean_v2,start_total_in_credits,total_reg_courses,-14.0,142
clean_v2,start_total_in_credits,total_reg_courses,-13.0,142
clean_v2,start_total_in_credits,total_reg_courses,-12.5,1
clean_v2,start_total_in_credits,total_reg_courses,-12.0,169
clean_v2,start_total_in_credits,total_reg_courses,-11.0,184
clean_v2,start_total_in_credits,total_reg_courses,-10.5,2
clean_v2,start_total_in_credits,total_reg_courses,-10.0,245
clean_v2,start_total_in_credits,total_reg_courses,-9.0,214
clean_v2,start_total_in_credits,total_reg_courses,-8.5,1
clean_v2,start_total_in_credits,total_reg_courses,-8.0,242
clean_v2,start_total_in_credits,total_reg_courses,-7.0,326
clean_v2,start_total_in_credits,total_reg_courses,-6.0,526
clean_v2,start_total_in_credits,total_reg_courses,-5.0,508
clean_v2,start_total_in_credits,total_reg_courses,-4.5,2
clean_v2,start_total_in_credits,total_reg_courses,-4.0,464
clean_v2,start_total_in_credits,total_reg_courses,-3.5,1
clean_v2,start_total_in_credits,total_reg_courses,-3.0,527
clean_v2,start_total_in_credits,total_reg_courses,-2.5,1
clean_v2,start_total_in_credits,total_reg_courses,-2.0,541
clean_v2,start_total_in_credits,total_reg_courses,-1.0,529
clean_v2,start_total_in_credits,total_reg_courses,-0.5,2
clean_v2,start_total_in_credits,total_reg_courses,0.0,7025
clean_v2,start_total_in_credits,total_reg_courses,0.5,1
clean_v2,start_total_in_credits,total_reg_courses,1.0,578
clean_v2,start_total_in_credits,total_reg_courses,2.0,626
clean_v2,start_total_in_credits,total_reg_courses,2.5,2
clean_v2,start_total_in_credits,total_reg_courses,3.0,697
clean_v2,start_total_in_credits,total_reg_courses,4.0,650
clean_v2,start_total_in_credits,total_reg_courses,4.5,4
clean_v2,start_total_in_credits,total_reg_courses,5.0,692
clean_v2,start_total_in_credits,total_reg_courses,6.0,743
clean_v2,start_total_in_credits,total_reg_courses,7.0,846
clean_v2,start_total_in_credits,total_reg_courses,7.5,1
clean_v2,start_total_in_credits,total_reg_courses,8.0,814
clean_v2,start_total_in_credits,total_reg_courses,8.5,1
clean_v2,start_total_in_credits,total_reg_courses,9.0,1090
clean_v2,start_total_in_credits,total_reg_courses,10.0,1353
clean_v2,start_total_in_credits,total_reg_courses,10.5,1
clean_v2,start_total_in_credits,total_reg_courses,11.0,1294
clean_v2,start_total_in_credits,total_reg_courses,12.0,1148
clean_v2,start_total_in_credits,total_reg_courses,12.5,4
clean_v2,start_total_in_credits,total_reg_courses,13.0,692
clean_v2,start_total_in_credits,total_reg_courses,13.5,2
clean_v2,start_total_in_credits,total_reg_courses,14.0,753
clean_v2,start_total_in_credits,total_reg_courses,14.5,1
clean_v2,start_total_in_credits,total_reg_courses,15.0,666
clean_v2,start_total_in_credits,total_reg_courses,15.5,4
clean_v2,start_total_in_credits,total_reg_courses,16.0,736
clean_v2,start_total_in_credits,total_reg_courses,16.5,2
clean_v2,start_total_in_credits,total_reg_courses,17.0,803
clean_v2,start_total_in_credits,total_reg_courses,17.5,1
clean_v2,start_total_in_credits,total_reg_courses,18.0,859
clean_v2,start_total_in_credits,total_reg_courses,18.5,2
clean_v2,start_total_in_credits,total_reg_courses,19.0,934
clean_v2,start_total_in_credits,total_reg_courses,19.5,1
clean_v2,start_total_in_credits,total_reg_courses,20.0,957
clean_v2,start_total_in_credits,total_reg_courses,20.5,5
clean_v2,start_total_in_credits,total_reg_courses,21.0,1021
clean_v2,start_total_in_credits,total_reg_courses,21.5,1
clean_v2,start_total_in_credits,total_reg_courses,22.0,993
clean_v2,start_total_in_credits,total_reg_courses,22.5,3
clean_v2,start_total_in_credits,total_reg_courses,23.0,895
clean_v2,start_total_in_credits,total_reg_courses,23.5,5
clean_v2,start_total_in_credits,total_reg_courses,24.0,818
clean_v2,start_total_in_credits,total_reg_courses,24.5,3
clean_v2,start_total_in_credits,total_reg_courses,25.0,832
clean_v2,start_total_in_credits,total_reg_courses,25.5,4
clean_v2,start_total_in_credits,total_reg_courses,26.0,804
clean_v2,start_total_in_credits,total_reg_courses,26.5,3
clean_v2,start_total_in_credits,total_reg_courses,27.0,799
clean_v2,start_total_in_credits,total_reg_courses,27.5,3
clean_v2,start_total_in_credits,total_reg_courses,28.0,755
clean_v2,start_total_in_credits,total_reg_courses,28.5,4
clean_v2,start_total_in_credits,total_reg_courses,29.0,750
clean_v2,start_total_in_credits,total_reg_courses,29.5,6
clean_v2,start_total_in_credits,total_reg_courses,30.0,825
clean_v2,start_total_in_credits,total_reg_courses,30.5,2
clean_v2,start_total_in_credits,total_reg_courses,31.0,798
clean_v2,start_total_in_credits,total_reg_courses,31.5,4
clean_v2,start_total_in_credits,total_reg_courses,32.0,833
clean_v2,start_total_in_credits,total_reg_courses,32.5,7
clean_v2,start_total_in_credits,total_reg_courses,33.0,738
clean_v2,start_total_in_credits,total_reg_courses,33.5,5
clean_v2,start_total_in_credits,total_reg_courses,34.0,778
clean_v2,start_total_in_credits,total_reg_courses,34.5,4
clean_v2,start_total_in_credits,total_reg_courses,35.0,728
clean_v2,start_total_in_credits,total_reg_courses,35.5,5
clean_v2,start_total_in_credits,total_reg_courses,36.0,748
clean_v2,start_total_in_credits,total_reg_courses,36.5,11
clean_v2,start_total_in_credits,total_reg_courses,37.0,713
clean_v2,start_total_in_credits,total_reg_courses,37.5,2
clean_v2,start_total_in_credits,total_reg_courses,38.0,701
clean_v2,start_total_in_credits,total_reg_courses,38.5,4
clean_v2,start_total_in_credits,total_reg_courses,39.0,728
clean_v2,start_total_in_credits,total_reg_courses,39.5,9
clean_v2,start_total_in_credits,total_reg_courses,40.0,795
clean_v2,start_total_in_credits,total_reg_courses,40.5,2
clean_v2,start_total_in_credits,total_reg_courses,41.0,791
clean_v2,start_total_in_credits,total_reg_courses,41.5,5
clean_v2,start_total_in_credits,total_reg_courses,42.0,823
clean_v2,start_total_in_credits,total_reg_courses,42.5,7
clean_v2,start_total_in_credits,total_reg_courses,43.0,773
clean_v2,start_total_in_credits,total_reg_courses,43.5,3
clean_v2,start_total_in_credits,total_reg_courses,44.0,701
clean_v2,start_total_in_credits,total_reg_courses,44.5,7
clean_v2,start_total_in_credits,total_reg_courses,45.0,726
clean_v2,start_total_in_credits,total_reg_courses,45.5,10
clean_v2,start_total_in_credits,total_reg_courses,46.0,689
clean_v2,start_total_in_credits,total_reg_courses,46.5,5
clean_v2,start_total_in_credits,total_reg_courses,47.0,673
clean_v2,start_total_in_credits,total_reg_courses,47.5,2
clean_v2,start_total_in_credits,total_reg_courses,48.0,621
clean_v2,start_total_in_credits,total_reg_courses,48.5,6
clean_v2,start_total_in_credits,total_reg_courses,49.0,699
clean_v2,start_total_in_credits,total_reg_courses,49.5,3
clean_v2,start_total_in_credits,total_reg_courses,50.0,670
clean_v2,start_total_in_credits,total_reg_courses,50.5,7
clean_v2,start_total_in_credits,total_reg_courses,51.0,682
clean_v2,start_total_in_credits,total_reg_courses,51.5,9
clean_v2,start_total_in_credits,total_reg_courses,52.0,646
clean_v2,start_total_in_credits,total_reg_courses,52.5,10
clean_v2,start_total_in_credits,total_reg_courses,53.0,646
clean_v2,start_total_in_credits,total_reg_courses,53.5,8
clean_v2,start_total_in_credits,total_reg_courses,54.0,643
clean_v2,start_total_in_credits,total_reg_courses,54.5,9
clean_v2,start_total_in_credits,total_reg_courses,55.0,701
clean_v2,start_total_in_credits,total_reg_courses,55.5,15
clean_v2,start_total_in_credits,total_reg_courses,56.0,626
clean_v2,start_total_in_credits,total_reg_courses,56.5,10
clean_v2,start_total_in_credits,total_reg_courses,57.0,662
clean_v2,start_total_in_credits,total_reg_courses,57.5,10
clean_v2,start_total_in_credits,total_reg_courses,58.0,610
clean_v2,start_total_in_credits,total_reg_courses,58.5,11
clean_v2,start_total_in_credits,total_reg_courses,59.0,676
clean_v2,start_total_in_credits,total_reg_courses,59.5,10
clean_v2,start_total_in_credits,total_reg_courses,60.0,671
clean_v2,start_total_in_credits,total_reg_courses,60.5,16
clean_v2,start_total_in_credits,total_reg_courses,61.0,633
clean_v2,start_total_in_credits,total_reg_courses,61.5,13
clean_v2,start_total_in_credits,total_reg_courses,62.0,595
clean_v2,start_total_in_credits,total_reg_courses,62.5,9
clean_v2,start_total_in_credits,total_reg_courses,63.0,618
clean_v2,start_total_in_credits,total_reg_courses,63.5,11
clean_v2,start_total_in_credits,total_reg_courses,64.0,581
clean_v2,start_total_in_credits,total_reg_courses,64.5,15
clean_v2,start_total_in_credits,total_reg_courses,65.0,587
clean_v2,start_total_in_credits,total_reg_courses,65.5,12
clean_v2,start_total_in_credits,total_reg_courses,66.0,582
clean_v2,start_total_in_credits,total_reg_courses,66.5,13
clean_v2,start_total_in_credits,total_reg_courses,67.0,603
clean_v2,start_total_in_credits,total_reg_courses,67.5,13
clean_v2,start_total_in_credits,total_reg_courses,68.0,537
clean_v2,start_total_in_credits,total_reg_courses,68.5,14
clean_v2,start_total_in_credits,total_reg_courses,69.0,561
clean_v2,start_total_in_credits,total_reg_courses,69.5,12
clean_v2,start_total_in_credits,total_reg_courses,70.0,572
clean_v2,start_total_in_credits,total_reg_courses,70.5,12
clean_v2,start_total_in_credits,total_reg_courses,71.0,545
clean_v2,start_total_in_credits,total_reg_courses,71.5,16
clean_v2,start_total_in_credits,total_reg_courses,72.0,551
clean_v2,start_total_in_credits,total_reg_courses,72.5,10
clean_v2,start_total_in_credits,total_reg_courses,73.0,568
clean_v2,start_total_in_credits,total_reg_courses,73.5,12
clean_v2,start_total_in_credits,total_reg_courses,74.0,537
clean_v2,start_total_in_credits,total_reg_courses,74.5,16
clean_v2,start_total_in_credits,total_reg_courses,75.0,496
clean_v2,start_total_in_credits,total_reg_courses,75.5,21
clean_v2,start_total_in_credits,total_reg_courses,76.0,508
clean_v2,start_total_in_credits,total_reg_courses,76.5,16
clean_v2,start_total_in_credits,total_reg_courses,77.0,502
clean_v2,start_total_in_credits,total_reg_courses,77.5,22
clean_v2,start_total_in_credits,total_reg_courses,78.0,547
clean_v2,start_total_in_credits,total_reg_courses,78.5,17
clean_v2,start_total_in_credits,total_reg_courses,79.0,498
clean_v2,start_total_in_credits,total_reg_courses,79.5,23
clean_v2,start_total_in_credits,total_reg_courses,80.0,508
clean_v2,start_total_in_credits,total_reg_courses,80.5,19
clean_v2,start_total_in_credits,total_reg_courses,81.0,504
clean_v2,start_total_in_credits,total_reg_courses,81.5,23
clean_v2,start_total_in_credits,total_reg_courses,82.0,463
clean_v2,start_total_in_credits,total_reg_courses,82.5,26
clean_v2,start_total_in_credits,total_reg_courses,83.0,452
clean_v2,start_total_in_credits,total_reg_courses,83.5,26
clean_v2,start_total_in_credits,total_reg_courses,84.0,493
clean_v2,start_total_in_credits,total_reg_courses,84.5,25
clean_v2,start_total_in_credits,total_reg_courses,85.0,438
clean_v2,start_total_in_credits,total_reg_courses,85.5,27
clean_v2,start_total_in_credits,total_reg_courses,86.0,421
clean_v2,start_total_in_credits,total_reg_courses,86.5,35
clean_v2,start_total_in_credits,total_reg_courses,87.0,391
clean_v2,start_total_in_credits,total_reg_courses,87.5,17
clean_v2,start_total_in_credits,total_reg_courses,88.0,396
clean_v2,start_total_in_credits,total_reg_courses,88.5,24
clean_v2,start_total_in_credits,total_reg_courses,89.0,400
clean_v2,start_total_in_credits,total_reg_courses,89.5,28
clean_v2,start_total_in_credits,total_reg_courses,90.0,358
clean_v2,start_total_in_credits,total_reg_courses,90.5,24
clean_v2,start_total_in_credits,total_reg_courses,91.0,398
clean_v2,start_total_in_credits,total_reg_courses,91.5,31
clean_v2,start_total_in_credits,total_reg_courses,92.0,316
clean_v2,start_total_in_credits,total_reg_courses,92.5,26
clean_v2,start_total_in_credits,total_reg_courses,93.0,328
clean_v2,start_total_in_credits,total_reg_courses,93.5,33
clean_v2,start_total_in_credits,total_reg_courses,94.0,334
clean_v2,start_total_in_credits,total_reg_courses,94.5,45
clean_v2,start_total_in_credits,total_reg_courses,95.0,308
clean_v2,start_total_in_credits,total_reg_courses,95.5,40
clean_v2,start_total_in_credits,total_reg_courses,96.0,327
clean_v2,start_total_in_credits,total_reg_courses,96.5,30
clean_v2,start_total_in_credits,total_reg_courses,97.0,288
clean_v2,start_total_in_credits,total_reg_courses,97.5,26
clean_v2,start_total_in_credits,total_reg_courses,98.0,259
clean_v2,start_total_in_credits,total_reg_courses,98.5,21
clean_v2,start_total_in_credits,total_reg_courses,99.0,250
clean_v2,start_total_in_credits,total_reg_courses,99.5,22
clean_v2,start_total_in_credits,total_reg_courses,100.0,237
clean_v2,start_total_in_credits,total_reg_courses,100.5,29
clean_v2,start_total_in_credits,total_reg_courses,101.0,222
clean_v2,start_total_in_credits,total_reg_courses,101.5,31
clean_v2,start_total_in_credits,total_reg_courses,102.0,208
clean_v2,start_total_in_credits,total_reg_courses,102.5,29
clean_v2,start_total_in_credits,total_reg_courses,103.0,197
clean_v2,start_total_in_credits,total_reg_courses,103.5,34
clean_v2,start_total_in_credits,total_reg_courses,104.0,213
clean_v2,start_total_in_credits,total_reg_courses,104.5,39
clean_v2,start_total_in_credits,total_reg_courses,105.0,175
clean_v2,start_total_in_credits,total_reg_courses,105.5,17
clean_v2,start_total_in_credits,total_reg_courses,106.0,130
clean_v2,start_total_in_credits,total_reg_courses,106.5,31
clean_v2,start_total_in_credits,total_reg_courses,107.0,134
clean_v2,start_total_in_credits,total_reg_courses,107.5,40
clean_v2,start_total_in_credits,total_reg_courses,108.0,119
clean_v2,start_total_in_credits,total_reg_courses,108.5,36
clean_v2,start_total_in_credits,total_reg_courses,109.0,104
clean_v2,start_total_in_credits,total_reg_courses,109.5,32
clean_v2,start_total_in_credits,total_reg_courses,110.0,76
clean_v2,start_total_in_credits,total_reg_courses,110.5,26
clean_v2,start_total_in_credits,total_reg_courses,111.0,84
clean_v2,start_total_in_credits,total_reg_courses,111.5,29
clean_v2,start_total_in_credits,total_reg_courses,112.0,87
clean_v2,start_total_in_credits,total_reg_courses,112.5,36
clean_v2,start_total_in_credits,total_reg_courses,113.0,70
clean_v2,start_total_in_credits,total_reg_courses,113.5,37
clean_v2,start_total_in_credits,total_reg_courses,114.0,74
clean_v2,start_total_in_credits,total_reg_courses,114.5,38
clean_v2,start_total_in_credits,total_reg_courses,115.0,81
clean_v2,start_total_in_credits,total_reg_courses,115.5,35
clean_v2,start_total_in_credits,total_reg_courses,116.0,79
clean_v2,start_total_in_credits,total_reg_courses,116.5,29
clean_v2,start_total_in_credits,total_reg_courses,117.0,65
clean_v2,start_total_in_credits,total_reg_courses,117.5,26
clean_v2,start_total_in_credits,total_reg_courses,118.0,88
clean_v2,start_total_in_credits,total_reg_courses,118.5,33
clean_v2,start_total_in_credits,total_reg_courses,119.0,80
clean_v2,start_total_in_credits,total_reg_courses,119.5,21
clean_v2,start_total_in_credits,total_reg_courses,120.0,98
clean_v2,start_total_in_credits,total_reg_courses,120.5,32
clean_v2,start_total_in_credits,total_reg_courses,121.0,104
clean_v2,start_total_in_credits,total_reg_courses,121.5,36
clean_v2,start_total_in_credits,total_reg_courses,122.0,78
clean_v2,start_total_in_credits,total_reg_courses,122.5,36
clean_v2,start_total_in_credits,total_reg_courses,123.0,94
clean_v2,start_total_in_credits,total_reg_courses,123.5,28
clean_v2,start_total_in_credits,total_reg_courses,124.0,95
clean_v2,start_total_in_credits,total_reg_courses,124.5,35
clean_v2,start_total_in_credits,total_reg_courses,125.0,80
clean_v2,start_total_in_credits,total_reg_courses,125.5,42
clean_v2,start_total_in_credits,total_reg_courses,126.0,76
clean_v2,start_total_in_credits,total_reg_courses,126.5,38
clean_v2,start_total_in_credits,total_reg_courses,127.0,88
clean_v2,start_total_in_credits,total_reg_courses,127.5,40
clean_v2,start_total_in_credits,total_reg_courses,128.0,71
clean_v2,start_total_in_credits,total_reg_courses,128.5,37
clean_v2,start_total_in_credits,total_reg_courses,129.0,85
clean_v2,start_total_in_credits,total_reg_courses,129.5,37
clean_v2,start_total_in_credits,total_reg_courses,130.0,72
clean_v2,start_total_in_credits,total_reg_courses,130.5,28
clean_v2,start_total_in_credits,total_reg_courses,131.0,67
clean_v2,start_total_in_credits,total_reg_courses,131.5,27
clean_v2,start_total_in_credits,total_reg_courses,132.0,72
clean_v2,start_total_in_credits,total_reg_courses,132.5,32
clean_v2,start_total_in_credits,total_reg_courses,133.0,73
clean_v2,start_total_in_credits,total_reg_courses,133.5,39
clean_v2,start_total_in_credits,total_reg_courses,134.0,78
clean_v2,start_total_in_credits,total_reg_courses,134.5,20
clean_v2,start_total_in_credits,total_reg_courses,135.0,84
clean_v2,start_total_in_credits,total_reg_courses,135.5,33
clean_v2,start_total_in_credits,total_reg_courses,136.0,59
clean_v2,start_total_in_credits,total_reg_courses,136.5,24
clean_v2,start_total_in_credits,total_reg_courses,137.0,72
clean_v2,start_total_in_credits,total_reg_courses,137.5,32
clean_v2,start_total_in_credits,total_reg_courses,138.0,87
clean_v2,start_total_in_credits,total_reg_courses,138.5,24
clean_v2,start_total_in_credits,total_reg_courses,139.0,98
clean_v2,start_total_in_credits,total_reg_courses,139.5,31
clean_v2,start_total_in_credits,total_reg_courses,140.0,104
clean_v2,start_total_in_credits,total_reg_courses,140.5,27
clean_v2,start_total_in_credits,total_reg_courses,141.0,100
clean_v2,start_total_in_credits,total_reg_courses,141.5,29
clean_v2,start_total_in_credits,total_reg_courses,142.0,104
clean_v2,start_total_in_credits,total_reg_courses,142.5,22
clean_v2,start_total_in_credits,total_reg_courses,143.0,106
clean_v2,start_total_in_credits,total_reg_courses,143.5,22
clean_v2,start_total_in_credits,total_reg_courses,144.0,109
clean_v2,start_total_in_credits,total_reg_courses,144.5,36
clean_v2,start_total_in_credits,total_reg_courses,145.0,100
clean_v2,start_total_in_credits,total_reg_courses,145.5,25
clean_v2,start_total_in_credits,total_reg_courses,146.0,98
clean_v2,start_total_in_credits,total_reg_courses,146.5,35
clean_v2,start_total_in_credits,total_reg_courses,147.0,106
clean_v2,start_total_in_credits,total_reg_courses,147.5,27
clean_v2,start_total_in_credits,total_reg_courses,148.0,119
clean_v2,start_total_in_credits,total_reg_courses,148.5,24
clean_v2,start_total_in_credits,total_reg_courses,149.0,128
clean_v2,start_total_in_credits,total_reg_courses,149.5,14
clean_v2,start_total_in_credits,total_reg_courses,150.0,97
clean_v2,start_total_in_credits,total_reg_courses,150.5,22
clean_v2,start_total_in_credits,total_reg_courses,151.0,133
clean_v2,start_total_in_credits,total_reg_courses,151.5,18
clean_v2,start_total_in_credits,total_reg_courses,152.0,119
clean_v2,start_total_in_credits,total_reg_courses,152.5,20
clean_v2,start_total_in_credits,total_reg_courses,153.0,136
clean_v2,start_total_in_credits,total_reg_courses,153.5,16
clean_v2,start_total_in_credits,total_reg_courses,154.0,160
clean_v2,start_total_in_credits,total_reg_courses,154.5,12
clean_v2,start_total_in_credits,total_reg_courses,155.0,117
clean_v2,start_total_in_credits,total_reg_courses,155.5,14
clean_v2,start_total_in_credits,total_reg_courses,156.0,131
clean_v2,start_total_in_credits,total_reg_courses,156.5,12
clean_v2,start_total_in_credits,total_reg_courses,157.0,128
clean_v2,start_total_in_credits,total_reg_courses,157.5,11
clean_v2,start_total_in_credits,total_reg_courses,158.0,123
clean_v2,start_total_in_credits,total_reg_courses,158.5,8
clean_v2,start_total_in_credits,total_reg_courses,159.0,97
clean_v2,start_total_in_credits,total_reg_courses,159.5,12
clean_v2,start_total_in_credits,total_reg_courses,160.0,114
clean_v2,start_total_in_credits,total_reg_courses,160.5,5
clean_v2,start_total_in_credits,total_reg_courses,161.0,78
clean_v2,start_total_in_credits,total_reg_courses,161.5,4
clean_v2,start_total_in_credits,total_reg_courses,162.0,73
clean_v2,start_total_in_credits,total_reg_courses,162.5,4
clean_v2,start_total_in_credits,total_reg_courses,163.0,83
clean_v2,start_total_in_credits,total_reg_courses,164.0,33
clean_v2,start_total_in_credits,total_reg_courses,164.5,3
clean_v2,start_total_in_credits,total_reg_courses,165.0,30
clean_v2,start_total_in_credits,total_reg_courses,165.5,1
clean_v2,start_total_in_credits,total_reg_courses,166.0,32
clean_v2,start_total_in_credits,total_reg_courses,166.5,1
clean_v2,start_total_in_credits,total_reg_courses,167.0,13
clean_v2,start_total_in_credits,total_reg_courses,167.5,2
clean_v2,start_total_in_credits,total_reg_courses,168.0,11
clean_v2,start_total_in_credits,total_reg_courses,168.5,1
clean_v2,start_total_in_credits,total_reg_courses,169.0,14
clean_v2,start_total_in_credits,total_reg_courses,169.5,1
clean_v2,start_total_in_credits,total_reg_courses,170.0,10
clean_v2,start_total_in_credits,total_reg_courses,171.0,9
clean_v2,start_total_in_credits,total_reg_courses,171.5,1
clean_v2,start_total_in_credits,total_reg_courses,172.0,6
clean_v2,start_total_in_credits,total_reg_courses,173.0,8
clean_v2,start_total_in_credits,total_reg_courses,174.0,4
clean_v2,start_total_in_credits,total_reg_courses,175.0,9
clean_v2,start_total_in_credits,total_reg_courses,175.5,1
clean_v2,start_total_in_credits,total_reg_courses,176.0,9
clean_v2,start_total_in_credits,total_reg_courses,177.0,3
clean_v2,start_total_in_credits,total_reg_courses,177.5,1
clean_v2,start_total_in_credits,total_reg_courses,178.0,3
clean_v2,start_total_in_credits,total_reg_courses,179.0,3
clean_v2,start_total_in_credits,total_reg_courses,179.5,2
clean_v2,start_total_in_credits,total_reg_courses,180.0,4
clean_v2,start_total_in_credits,total_reg_courses,181.0,2
clean_v2,start_total_in_credits,total_reg_courses,182.0,3
clean_v2,start_total_in_credits,total_reg_courses,183.0,2
clean_v2,start_total_in_credits,total_reg_courses,184.0,1
clean_v2,start_total_in_credits,total_reg_courses,185.0,1
clean_v2,start_total_in_credits,total_reg_courses,187.0,3
clean_v2,start_total_in_credits,total_reg_courses,188.0,2
clean_v2,start_total_in_credits,total_reg_courses,189.0,1
clean_v2,start_total_in_credits,total_reg_courses,190.0,1
clean_v2,start_total_in_credits,total_reg_courses,192.0,1
clean_v2,start_total_in_courses,total_reg_credits,-934.0,2
clean_v2,start_total_in_courses,total_reg_credits,-922.0,1
clean_v2,start_total_in_courses,total_reg_credits,-920.0,1
clean_v2,start_total_in_courses,total_reg_credits,-908.0,1
clean_v2,start_total_in_courses,total_reg_credits,-893.0,1
clean_v2,start_total_in_courses,total_reg_credits,-892.5,1
clean_v2,start_total_in_courses,total_reg_credits,-889.0,1
clean_v2,start_total_in_courses,total_reg_credits,-887.0,1
clean_v2,start_total_in_courses,total_reg_credits,-883.5,1
clean_v2,start_total_in_courses,total_reg_credits,-870.0,1
clean_v2,start_total_in_courses,total_reg_credits,-850.0,1
clean_v2,start_total_in_courses,total_reg_credits,-842.0,1
clean_v2,start_total_in_courses,total_reg_credits,-841.0,1
clean_v2,start_total_in_courses,total_reg_credits,-837.5,1
clean_v2,start_total_in_courses,total_reg_credits,-819.0,1
clean_v2,start_total_in_courses,total_reg_credits,-817.5,1
clean_v2,start_total_in_courses,total_reg_credits,-816.0,1
clean_v2,start_total_in_courses,total_reg_credits,-813.0,1
clean_v2,start_total_in_courses,total_reg_credits,-809.5,1
clean_v2,start_total_in_courses,total_reg_credits,-792.5,1
clean_v2,start_total_in_courses,total_reg_credits,-791.0,2
clean_v2,start_total_in_courses,total_reg_credits,-788.5,1
clean_v2,start_total_in_courses,total_reg_credits,-778.5,1
clean_v2,start_total_in_courses,total_reg_credits,-771.5,1
clean_v2,start_total_in_courses,total_reg_credits,-771.0,1
clean_v2,start_total_in_courses,total_reg_credits,-766.0,1
clean_v2,start_total_in_courses,total_reg_credits,-765.5,1
clean_v2,start_total_in_courses,total_reg_credits,-764.5,1
clean_v2,start_total_in_courses,total_reg_credits,-763.0,1
clean_v2,start_total_in_courses,total_reg_credits,-752.5,1
clean_v2,start_total_in_courses,total_reg_credits,-750.5,1
clean_v2,start_total_in_courses,total_reg_credits,-746.0,1
clean_v2,start_total_in_courses,total_reg_credits,-744.0,1
clean_v2,start_total_in_courses,total_reg_credits,-741.5,1
clean_v2,start_total_in_courses,total_reg_credits,-739.0,1
clean_v2,start_total_in_courses,total_reg_credits,-728.5,1
clean_v2,start_total_in_courses,total_reg_credits,-726.0,1
clean_v2,start_total_in_courses,total_reg_credits,-722.0,1
clean_v2,start_total_in_courses,total_reg_credits,-717.0,1
clean_v2,start_total_in_courses,total_reg_credits,-715.0,1
clean_v2,start_total_in_courses,total_reg_credits,-712.0,1
clean_v2,start_total_in_courses,total_reg_credits,-709.0,1
clean_v2,start_total_in_courses,total_reg_credits,-705.5,1
clean_v2,start_total_in_courses,total_reg_credits,-705.0,1
clean_v2,start_total_in_courses,total_reg_credits,-699.5,1
clean_v2,start_total_in_courses,total_reg_credits,-693.5,1
clean_v2,start_total_in_courses,total_reg_credits,-692.0,1
clean_v2,start_total_in_courses,total_reg_credits,-686.5,1
clean_v2,start_total_in_courses,total_reg_credits,-678.5,1
clean_v2,start_total_in_courses,total_reg_credits,-676.5,1
clean_v2,start_total_in_courses,total_reg_credits,-669.0,1
clean_v2,start_total_in_courses,total_reg_credits,-667.5,1
clean_v2,start_total_in_courses,total_reg_credits,-652.5,1
clean_v2,start_total_in_courses,total_reg_credits,-635.0,1
clean_v2,start_total_in_courses,total_reg_credits,-629.0,1
clean_v2,start_total_in_courses,total_reg_credits,-621.0,1
clean_v2,start_total_in_courses,total_reg_credits,-611.0,1
clean_v2,start_total_in_courses,total_reg_credits,-607.0,1
clean_v2,start_total_in_courses,total_reg_credits,-606.0,1
clean_v2,start_total_in_courses,total_reg_credits,-605.0,1
clean_v2,start_total_in_courses,total_reg_credits,-590.5,1
clean_v2,start_total_in_courses,total_reg_credits,-588.5,1
clean_v2,start_total_in_courses,total_reg_credits,-585.5,1
clean_v2,start_total_in_courses,total_reg_credits,-584.0,1
clean_v2,start_total_in_courses,total_reg_credits,-576.5,1
clean_v2,start_total_in_courses,total_reg_credits,-575.0,1
clean_v2,start_total_in_courses,total_reg_credits,-573.5,1
clean_v2,start_total_in_courses,total_reg_credits,-572.0,1
clean_v2,start_total_in_courses,total_reg_credits,-570.0,1
clean_v2,start_total_in_courses,total_reg_credits,-567.5,1
clean_v2,start_total_in_courses,total_reg_credits,-563.0,1
clean_v2,start_total_in_courses,total_reg_credits,-561.5,1
clean_v2,start_total_in_courses,total_reg_credits,-560.5,1
clean_v2,start_total_in_courses,total_reg_credits,-559.0,1
clean_v2,start_total_in_courses,total_reg_credits,-558.0,2
clean_v2,start_total_in_courses,total_reg_credits,-557.5,1
clean_v2,start_total_in_courses,total_reg_credits,-556.5,1
clean_v2,start_total_in_courses,total_reg_credits,-553.0,2
clean_v2,start_total_in_courses,total_reg_credits,-551.0,1
clean_v2,start_total_in_courses,total_reg_credits,-548.0,1
clean_v2,start_total_in_courses,total_reg_credits,-547.0,1
clean_v2,start_total_in_courses,total_reg_credits,-546.5,1
clean_v2,start_total_in_courses,total_reg_credits,-546.0,1
clean_v2,start_total_in_courses,total_reg_credits,-543.5,1
clean_v2,start_total_in_courses,total_reg_credits,-541.5,1
clean_v2,start_total_in_courses,total_reg_credits,-539.5,1
clean_v2,start_total_in_courses,total_reg_credits,-538.5,1
clean_v2,start_total_in_courses,total_reg_credits,-536.0,1
clean_v2,start_total_in_courses,total_reg_credits,-535.5,1
clean_v2,start_total_in_courses,total_reg_credits,-535.0,1
clean_v2,start_total_in_courses,total_reg_credits,-534.0,1
clean_v2,start_total_in_courses,total_reg_credits,-532.5,1
clean_v2,start_total_in_courses,total_reg_credits,-530.0,2
clean_v2,start_total_in_courses,total_reg_credits,-528.5,1
clean_v2,start_total_in_courses,total_reg_credits,-525.5,1
clean_v2,start_total_in_courses,total_reg_credits,-522.0,1
clean_v2,start_total_in_courses,total_reg_credits,-521.5,1
clean_v2,start_total_in_courses,total_reg_credits,-521.0,1
clean_v2,start_total_in_courses,total_reg_credits,-515.0,1
clean_v2,start_total_in_courses,total_reg_credits,-512.0,3
clean_v2,start_total_in_courses,total_reg_credits,-511.0,1
clean_v2,start_total_in_courses,total_reg_credits,-510.0,1
clean_v2,start_total_in_courses,total_reg_credits,-509.0,1
clean_v2,start_total_in_courses,total_reg_credits,-508.5,2
clean_v2,start_total_in_courses,total_reg_credits,-506.0,1
clean_v2,start_total_in_courses,total_reg_credits,-503.5,1
clean_v2,start_total_in_courses,total_reg_credits,-502.5,1
clean_v2,start_total_in_courses,total_reg_credits,-501.0,2
clean_v2,start_total_in_courses,total_reg_credits,-497.0,1
clean_v2,start_total_in_courses,total_reg_credits,-496.0,1
clean_v2,start_total_in_courses,total_reg_credits,-495.0,1
clean_v2,start_total_in_courses,total_reg_credits,-494.0,3
clean_v2,start_total_in_courses,total_reg_credits,-492.5,1
clean_v2,start_total_in_courses,total_reg_credits,-491.0,2
clean_v2,start_total_in_courses,total_reg_credits,-490.5,1
clean_v2,start_total_in_courses,total_reg_credits,-490.0,1
clean_v2,start_total_in_courses,total_reg_credits,-487.0,3
clean_v2,start_total_in_courses,total_reg_credits,-486.0,1
clean_v2,start_total_in_courses,total_reg_credits,-485.0,1
clean_v2,start_total_in_courses,total_reg_credits,-484.0,1
clean_v2,start_total_in_courses,total_reg_credits,-483.0,1
clean_v2,start_total_in_courses,total_reg_credits,-482.0,2
clean_v2,start_total_in_courses,total_reg_credits,-480.0,1
clean_v2,start_total_in_courses,total_reg_credits,-479.5,1
clean_v2,start_total_in_courses,total_reg_credits,-479.0,1
clean_v2,start_total_in_courses,total_reg_credits,-477.0,1
clean_v2,start_total_in_courses,total_reg_credits,-476.0,1
clean_v2,start_total_in_courses,total_reg_credits,-475.5,1
clean_v2,start_total_in_courses,total_reg_credits,-474.0,1
clean_v2,start_total_in_courses,total_reg_credits,-473.5,1
clean_v2,start_total_in_courses,total_reg_credits,-473.0,1
clean_v2,start_total_in_courses,total_reg_credits,-471.5,1
clean_v2,start_total_in_courses,total_reg_credits,-469.0,2
clean_v2,start_total_in_courses,total_reg_credits,-467.0,1
clean_v2,start_total_in_courses,total_reg_credits,-466.0,2
clean_v2,start_total_in_courses,total_reg_credits,-465.5,1
clean_v2,start_total_in_courses,total_reg_credits,-464.0,2
clean_v2,start_total_in_courses,total_reg_credits,-461.0,1
clean_v2,start_total_in_courses,total_reg_credits,-459.5,1
clean_v2,start_total_in_courses,total_reg_credits,-457.5,1
clean_v2,start_total_in_courses,total_reg_credits,-456.0,1
clean_v2,start_total_in_courses,total_reg_credits,-455.0,3
clean_v2,start_total_in_courses,total_reg_credits,-454.0,1
clean_v2,start_total_in_courses,total_reg_credits,-452.0,1
clean_v2,start_total_in_courses,total_reg_credits,-450.0,2
clean_v2,start_total_in_courses,total_reg_credits,-449.0,1
clean_v2,start_total_in_courses,total_reg_credits,-447.5,3
clean_v2,start_total_in_courses,total_reg_credits,-447.0,1
clean_v2,start_total_in_courses,total_reg_credits,-446.0,2
clean_v2,start_total_in_courses,total_reg_credits,-444.5,1
clean_v2,start_total_in_courses,total_reg_credits,-444.0,1
clean_v2,start_total_in_courses,total_reg_credits,-443.5,2
clean_v2,start_total_in_courses,total_reg_credits,-442.5,1
clean_v2,start_total_in_courses,total_reg_credits,-442.0,1
clean_v2,start_total_in_courses,total_reg_credits,-441.5,1
clean_v2,start_total_in_courses,total_reg_credits,-440.5,2
clean_v2,start_total_in_courses,total_reg_credits,-440.0,2
clean_v2,start_total_in_courses,total_reg_credits,-439.5,2
clean_v2,start_total_in_courses,total_reg_credits,-439.0,1
clean_v2,start_total_in_courses,total_reg_credits,-436.0,1
clean_v2,start_total_in_courses,total_reg_credits,-434.5,1
clean_v2,start_total_in_courses,total_reg_credits,-433.5,1
clean_v2,start_total_in_courses,total_reg_credits,-433.0,2
clean_v2,start_total_in_courses,total_reg_credits,-432.0,1
clean_v2,start_total_in_courses,total_reg_credits,-430.5,1
clean_v2,start_total_in_courses,total_reg_credits,-429.0,2
clean_v2,start_total_in_courses,total_reg_credits,-428.5,2
clean_v2,start_total_in_courses,total_reg_credits,-428.0,1
clean_v2,start_total_in_courses,total_reg_credits,-427.0,2
clean_v2,start_total_in_courses,total_reg_credits,-426.5,1
clean_v2,start_total_in_courses,total_reg_credits,-426.0,1
clean_v2,start_total_in_courses,total_reg_credits,-425.0,2
clean_v2,start_total_in_courses,total_reg_credits,-424.5,1
clean_v2,start_total_in_courses,total_reg_credits,-424.0,4
clean_v2,start_total_in_courses,total_reg_credits,-423.0,2
clean_v2,start_total_in_courses,total_reg_credits,-422.0,1
clean_v2,start_total_in_courses,total_reg_credits,-420.5,2
clean_v2,start_total_in_courses,total_reg_credits,-419.5,2
clean_v2,start_total_in_courses,total_reg_credits,-419.0,1
clean_v2,start_total_in_courses,total_reg_credits,-417.5,3
clean_v2,start_total_in_courses,total_reg_credits,-417.0,1
clean_v2,start_total_in_courses,total_reg_credits,-416.5,3
clean_v2,start_total_in_courses,total_reg_credits,-415.5,1
clean_v2,start_total_in_courses,total_reg_credits,-414.5,1
clean_v2,start_total_in_courses,total_reg_credits,-414.0,1
clean_v2,start_total_in_courses,total_reg_credits,-413.0,2
clean_v2,start_total_in_courses,total_reg_credits,-412.5,3
clean_v2,start_total_in_courses,total_reg_credits,-412.0,1
clean_v2,start_total_in_courses,total_reg_credits,-411.5,1
clean_v2,start_total_in_courses,total_reg_credits,-411.0,1
clean_v2,start_total_in_courses,total_reg_credits,-410.0,1
clean_v2,start_total_in_courses,total_reg_credits,-409.0,6
clean_v2,start_total_in_courses,total_reg_credits,-408.5,2
clean_v2,start_total_in_courses,total_reg_credits,-408.0,1
clean_v2,start_total_in_courses,total_reg_credits,-407.0,2
clean_v2,start_total_in_courses,total_reg_credits,-405.5,3
clean_v2,start_total_in_courses,total_reg_credits,-405.0,1
clean_v2,start_total_in_courses,total_reg_credits,-404.5,3
clean_v2,start_total_in_courses,total_reg_credits,-404.0,4
clean_v2,start_total_in_courses,total_reg_credits,-401.5,1
clean_v2,start_total_in_courses,total_reg_credits,-400.0,3
clean_v2,start_total_in_courses,total_reg_credits,-399.0,2
clean_v2,start_total_in_courses,total_reg_credits,-398.5,1
clean_v2,start_total_in_courses,total_reg_credits,-398.0,1
clean_v2,start_total_in_courses,total_reg_credits,-397.5,1
clean_v2,start_total_in_courses,total_reg_credits,-396.5,2
clean_v2,start_total_in_courses,total_reg_credits,-396.0,1
clean_v2,start_total_in_courses,total_reg_credits,-395.0,4
clean_v2,start_total_in_courses,total_reg_credits,-394.5,1
clean_v2,start_total_in_courses,total_reg_credits,-394.0,1
clean_v2,start_total_in_courses,total_reg_credits,-393.0,3
clean_v2,start_total_in_courses,total_reg_credits,-391.5,1
clean_v2,start_total_in_courses,total_reg_credits,-390.5,1
clean_v2,start_total_in_courses,total_reg_credits,-390.0,3
clean_v2,start_total_in_courses,total_reg_credits,-389.5,1
clean_v2,start_total_in_courses,total_reg_credits,-388.5,2
clean_v2,start_total_in_courses,total_reg_credits,-388.0,2
clean_v2,start_total_in_courses,total_reg_credits,-387.0,2
clean_v2,start_total_in_courses,total_reg_credits,-386.5,2
clean_v2,start_total_in_courses,total_reg_credits,-386.0,4
clean_v2,start_total_in_courses,total_reg_credits,-385.5,1
clean_v2,start_total_in_courses,total_reg_credits,-385.0,2
clean_v2,start_total_in_courses,total_reg_credits,-384.5,4
clean_v2,start_total_in_courses,total_reg_credits,-383.0,3
clean_v2,start_total_in_courses,total_reg_credits,-382.5,2
clean_v2,start_total_in_courses,total_reg_credits,-382.0,1
clean_v2,start_total_in_courses,total_reg_credits,-381.5,3
clean_v2,start_total_in_courses,total_reg_credits,-381.0,1
clean_v2,start_total_in_courses,total_reg_credits,-380.5,1
clean_v2,start_total_in_courses,total_reg_credits,-380.0,3
clean_v2,start_total_in_courses,total_reg_credits,-379.5,1
clean_v2,start_total_in_courses,total_reg_credits,-379.0,3
clean_v2,start_total_in_courses,total_reg_credits,-378.5,1
clean_v2,start_total_in_courses,total_reg_credits,-377.5,1
clean_v2,start_total_in_courses,total_reg_credits,-376.5,2
clean_v2,start_total_in_courses,total_reg_credits,-376.0,3
clean_v2,start_total_in_courses,total_reg_credits,-375.5,1
clean_v2,start_total_in_courses,total_reg_credits,-375.0,1
clean_v2,start_total_in_courses,total_reg_credits,-374.5,1
clean_v2,start_total_in_courses,total_reg_credits,-374.0,3
clean_v2,start_total_in_courses,total_reg_credits,-373.0,4
clean_v2,start_total_in_courses,total_reg_credits,-372.5,1
clean_v2,start_total_in_courses,total_reg_credits,-372.0,3
clean_v2,start_total_in_courses,total_reg_credits,-371.5,3
clean_v2,start_total_in_courses,total_reg_credits,-371.0,4
clean_v2,start_total_in_courses,total_reg_credits,-370.5,3
clean_v2,start_total_in_courses,total_reg_credits,-369.5,2
clean_v2,start_total_in_courses,total_reg_credits,-369.0,4
clean_v2,start_total_in_courses,total_reg_credits,-368.0,1
clean_v2,start_total_in_courses,total_reg_credits,-367.5,1
clean_v2,start_total_in_courses,total_reg_credits,-367.0,6
clean_v2,start_total_in_courses,total_reg_credits,-366.5,1
clean_v2,start_total_in_courses,total_reg_credits,-366.0,3
clean_v2,start_total_in_courses,total_reg_credits,-365.5,3
clean_v2,start_total_in_courses,total_reg_credits,-365.0,6
clean_v2,start_total_in_courses,total_reg_credits,-364.5,2
clean_v2,start_total_in_courses,total_reg_credits,-364.0,6
clean_v2,start_total_in_courses,total_reg_credits,-363.5,1
clean_v2,start_total_in_courses,total_reg_credits,-363.0,2
clean_v2,start_total_in_courses,total_reg_credits,-362.5,3
clean_v2,start_total_in_courses,total_reg_credits,-362.0,2
clean_v2,start_total_in_courses,total_reg_credits,-361.5,5
clean_v2,start_total_in_courses,total_reg_credits,-361.0,1
clean_v2,start_total_in_courses,total_reg_credits,-360.5,1
clean_v2,start_total_in_courses,total_reg_credits,-360.0,6
clean_v2,start_total_in_courses,total_reg_credits,-359.5,3
clean_v2,start_total_in_courses,total_reg_credits,-358.5,3
clean_v2,start_total_in_courses,total_reg_credits,-358.0,6
clean_v2,start_total_in_courses,total_reg_credits,-357.5,3
clean_v2,start_total_in_courses,total_reg_credits,-357.0,3
clean_v2,start_total_in_courses,total_reg_credits,-356.5,4
clean_v2,start_total_in_courses,total_reg_credits,-356.0,2
clean_v2,start_total_in_courses,total_reg_credits,-355.5,1
clean_v2,start_total_in_courses,total_reg_credits,-355.0,6
clean_v2,start_total_in_courses,total_reg_credits,-354.5,2
clean_v2,start_total_in_courses,total_reg_credits,-354.0,1
clean_v2,start_total_in_courses,total_reg_credits,-353.5,3
clean_v2,start_total_in_courses,total_reg_credits,-353.0,3
clean_v2,start_total_in_courses,total_reg_credits,-352.0,8
clean_v2,start_total_in_courses,total_reg_credits,-351.5,1
clean_v2,start_total_in_courses,total_reg_credits,-351.0,1
clean_v2,start_total_in_courses,total_reg_credits,-350.5,2
clean_v2,start_total_in_courses,total_reg_credits,-350.0,5
clean_v2,start_total_in_courses,total_reg_credits,-349.5,1
clean_v2,start_total_in_courses,total_reg_credits,-349.0,6
clean_v2,start_total_in_courses,total_reg_credits,-348.5,4
clean_v2,start_total_in_courses,total_reg_credits,-348.0,7
clean_v2,start_total_in_courses,total_reg_credits,-347.5,3
clean_v2,start_total_in_courses,total_reg_credits,-347.0,8
clean_v2,start_total_in_courses,total_reg_credits,-346.5,1
clean_v2,start_total_in_courses,total_reg_credits,-346.0,6
clean_v2,start_total_in_courses,total_reg_credits,-345.5,4
clean_v2,start_total_in_courses,total_reg_credits,-345.0,8
clean_v2,start_total_in_courses,total_reg_credits,-344.5,3
clean_v2,start_total_in_courses,total_reg_credits,-344.0,2
clean_v2,start_total_in_courses,total_reg_credits,-343.5,3
clean_v2,start_total_in_courses,total_reg_credits,-343.0,6
clean_v2,start_total_in_courses,total_reg_credits,-342.5,3
clean_v2,start_total_in_courses,total_reg_credits,-342.0,5
clean_v2,start_total_in_courses,total_reg_credits,-341.5,1
clean_v2,start_total_in_courses,total_reg_credits,-341.0,7
clean_v2,start_total_in_courses,total_reg_credits,-340.5,4
clean_v2,start_total_in_courses,total_reg_credits,-340.0,2
clean_v2,start_total_in_courses,total_reg_credits,-339.5,2
clean_v2,start_total_in_courses,total_reg_credits,-339.0,3
clean_v2,start_total_in_courses,total_reg_credits,-338.5,3
clean_v2,start_total_in_courses,total_reg_credits,-338.0,7
clean_v2,start_total_in_courses,total_reg_credits,-337.5,2
clean_v2,start_total_in_courses,total_reg_credits,-337.0,4
clean_v2,start_total_in_courses,total_reg_credits,-336.5,2
clean_v2,start_total_in_courses,total_reg_credits,-336.0,8
clean_v2,start_total_in_courses,total_reg_credits,-335.5,3
clean_v2,start_total_in_courses,total_reg_credits,-335.0,7
clean_v2,start_total_in_courses,total_reg_credits,-334.5,5
clean_v2,start_total_in_courses,total_reg_credits,-334.0,9
clean_v2,start_total_in_courses,total_reg_credits,-333.5,4
clean_v2,start_total_in_courses,total_reg_credits,-333.0,3
clean_v2,start_total_in_courses,total_reg_credits,-332.5,4
clean_v2,start_total_in_courses,total_reg_credits,-332.0,5
clean_v2,start_total_in_courses,total_reg_credits,-331.5,4
clean_v2,start_total_in_courses,total_reg_credits,-331.0,9
clean_v2,start_total_in_courses,total_reg_credits,-330.5,2
clean_v2,start_total_in_courses,total_reg_credits,-330.0,10
clean_v2,start_total_in_courses,total_reg_credits,-329.5,2
clean_v2,start_total_in_courses,total_reg_credits,-329.0,4
clean_v2,start_total_in_courses,total_reg_credits,-328.5,1
clean_v2,start_total_in_courses,total_reg_credits,-328.0,8
clean_v2,start_total_in_courses,total_reg_credits,-327.5,2
clean_v2,start_total_in_courses,total_reg_credits,-327.0,4
clean_v2,start_total_in_courses,total_reg_credits,-326.5,4
clean_v2,start_total_in_courses,total_reg_credits,-326.0,6
clean_v2,start_total_in_courses,total_reg_credits,-325.5,3
clean_v2,start_total_in_courses,total_reg_credits,-325.0,7
clean_v2,start_total_in_courses,total_reg_credits,-324.5,3
clean_v2,start_total_in_courses,total_reg_credits,-324.0,8
clean_v2,start_total_in_courses,total_reg_credits,-323.5,1
clean_v2,start_total_in_courses,total_reg_credits,-323.0,4
clean_v2,start_total_in_courses,total_reg_credits,-322.5,6
clean_v2,start_total_in_courses,total_reg_credits,-322.0,10
clean_v2,start_total_in_courses,total_reg_credits,-321.5,4
clean_v2,start_total_in_courses,total_reg_credits,-321.0,8
clean_v2,start_total_in_courses,total_reg_credits,-320.5,3
clean_v2,start_total_in_courses,total_reg_credits,-320.0,9
clean_v2,start_total_in_courses,total_reg_credits,-319.5,1
clean_v2,start_total_in_courses,total_reg_credits,-319.0,9
clean_v2,start_total_in_courses,total_reg_credits,-318.5,1
clean_v2,start_total_in_courses,total_reg_credits,-318.0,9
clean_v2,start_total_in_courses,total_reg_credits,-317.5,2
clean_v2,start_total_in_courses,total_reg_credits,-317.0,10
clean_v2,start_total_in_courses,total_reg_credits,-316.5,8
clean_v2,start_total_in_courses,total_reg_credits,-316.0,9
clean_v2,start_total_in_courses,total_reg_credits,-315.5,3
clean_v2,start_total_in_courses,total_reg_credits,-315.0,11
clean_v2,start_total_in_courses,total_reg_credits,-314.5,4
clean_v2,start_total_in_courses,total_reg_credits,-314.0,11
clean_v2,start_total_in_courses,total_reg_credits,-313.5,5
clean_v2,start_total_in_courses,total_reg_credits,-313.0,6
clean_v2,start_total_in_courses,total_reg_credits,-312.5,2
clean_v2,start_total_in_courses,total_reg_credits,-312.0,7
clean_v2,start_total_in_courses,total_reg_credits,-311.5,4
clean_v2,start_total_in_courses,total_reg_credits,-311.0,14
clean_v2,start_total_in_courses,total_reg_credits,-310.5,3
clean_v2,start_total_in_courses,total_reg_credits,-310.0,19
clean_v2,start_total_in_courses,total_reg_credits,-309.5,7
clean_v2,start_total_in_courses,total_reg_credits,-309.0,13
clean_v2,start_total_in_courses,total_reg_credits,-308.5,5
clean_v2,start_total_in_courses,total_reg_credits,-308.0,15
clean_v2,start_total_in_courses,total_reg_credits,-307.5,2
clean_v2,start_total_in_courses,total_reg_credits,-307.0,6
clean_v2,start_total_in_courses,total_reg_credits,-306.5,4
clean_v2,start_total_in_courses,total_reg_credits,-306.0,7
clean_v2,start_total_in_courses,total_reg_credits,-305.5,3
clean_v2,start_total_in_courses,total_reg_credits,-305.0,10
clean_v2,start_total_in_courses,total_reg_credits,-304.5,4
clean_v2,start_total_in_courses,total_reg_credits,-304.0,11
clean_v2,start_total_in_courses,total_reg_credits,-303.5,9
clean_v2,start_total_in_courses,total_reg_credits,-303.0,11
clean_v2,start_total_in_courses,total_reg_credits,-302.5,1
clean_v2,start_total_in_courses,total_reg_credits,-302.0,11
clean_v2,start_total_in_courses,total_reg_credits,-301.5,6
clean_v2,start_total_in_courses,total_reg_credits,-301.0,6
clean_v2,start_total_in_courses,total_reg_credits,-300.5,2
clean_v2,start_total_in_courses,total_reg_credits,-300.0,11
clean_v2,start_total_in_courses,total_reg_credits,-299.5,4
clean_v2,start_total_in_courses,total_reg_credits,-299.0,7
clean_v2,start_total_in_courses,total_reg_credits,-298.5,8
clean_v2,start_total_in_courses,total_reg_credits,-298.0,19
clean_v2,start_total_in_courses,total_reg_credits,-297.5,6
clean_v2,start_total_in_courses,total_reg_credits,-297.0,9
clean_v2,start_total_in_courses,total_reg_credits,-296.5,4
clean_v2,start_total_in_courses,total_reg_credits,-296.0,12
clean_v2,start_total_in_courses,total_reg_credits,-295.5,6
clean_v2,start_total_in_courses,total_reg_credits,-295.0,10
clean_v2,start_total_in_courses,total_reg_credits,-294.5,4
clean_v2,start_total_in_courses,total_reg_credits,-294.0,10
clean_v2,start_total_in_courses,total_reg_credits,-293.5,2
clean_v2,start_total_in_courses,total_reg_credits,-293.0,15
clean_v2,start_total_in_courses,total_reg_credits,-292.5,6
clean_v2,start_total_in_courses,total_reg_credits,-292.0,10
clean_v2,start_total_in_courses,total_reg_credits,-291.5,5
clean_v2,start_total_in_courses,total_reg_credits,-291.0,14
clean_v2,start_total_in_courses,total_reg_credits,-290.5,6
clean_v2,start_total_in_courses,total_reg_credits,-290.0,9
clean_v2,start_total_in_courses,total_reg_credits,-289.5,7
clean_v2,start_total_in_courses,total_reg_credits,-289.0,13
clean_v2,start_total_in_courses,total_reg_credits,-288.5,3
clean_v2,start_total_in_courses,total_reg_credits,-288.0,13
clean_v2,start_total_in_courses,total_reg_credits,-287.5,6
clean_v2,start_total_in_courses,total_reg_credits,-287.0,21
clean_v2,start_total_in_courses,total_reg_credits,-286.5,9
clean_v2,start_total_in_courses,total_reg_credits,-286.0,14
clean_v2,start_total_in_courses,total_reg_credits,-285.5,6
clean_v2,start_total_in_courses,total_reg_credits,-285.0,8
clean_v2,start_total_in_courses,total_reg_credits,-284.5,6
clean_v2,start_total_in_courses,total_reg_credits,-284.0,11
clean_v2,start_total_in_courses,total_reg_credits,-283.5,5
clean_v2,start_total_in_courses,total_reg_credits,-283.0,20
clean_v2,start_total_in_courses,total_reg_credits,-282.5,4
clean_v2,start_total_in_courses,total_reg_credits,-282.0,11
clean_v2,start_total_in_courses,total_reg_credits,-281.5,7
clean_v2,start_total_in_courses,total_reg_credits,-281.0,16
clean_v2,start_total_in_courses,total_reg_credits,-280.5,2
clean_v2,start_total_in_courses,total_reg_credits,-280.0,22
clean_v2,start_total_in_courses,total_reg_credits,-279.5,5
clean_v2,start_total_in_courses,total_reg_credits,-279.0,23
clean_v2,start_total_in_courses,total_reg_credits,-278.5,6
clean_v2,start_total_in_courses,total_reg_credits,-278.0,16
clean_v2,start_total_in_courses,total_reg_credits,-277.5,5
clean_v2,start_total_in_courses,total_reg_credits,-277.0,17
clean_v2,start_total_in_courses,total_reg_credits,-276.5,2
clean_v2,start_total_in_courses,total_reg_credits,-276.0,23
clean_v2,start_total_in_courses,total_reg_credits,-275.5,6
clean_v2,start_total_in_courses,total_reg_credits,-275.0,17
clean_v2,start_total_in_courses,total_reg_credits,-274.5,13
clean_v2,start_total_in_courses,total_reg_credits,-274.0,25
clean_v2,start_total_in_courses,total_reg_credits,-273.5,3
clean_v2,start_total_in_courses,total_reg_credits,-273.0,29
clean_v2,start_total_in_courses,total_reg_credits,-272.5,9
clean_v2,start_total_in_courses,total_reg_credits,-272.0,21
clean_v2,start_total_in_courses,total_reg_credits,-271.5,8
clean_v2,start_total_in_courses,total_reg_credits,-271.0,23
clean_v2,start_total_in_courses,total_reg_credits,-270.5,5
clean_v2,start_total_in_courses,total_reg_credits,-270.0,21
clean_v2,start_total_in_courses,total_reg_credits,-269.5,9
clean_v2,start_total_in_courses,total_reg_credits,-269.0,25
clean_v2,start_total_in_courses,total_reg_credits,-268.5,4
clean_v2,start_total_in_courses,total_reg_credits,-268.0,25
clean_v2,start_total_in_courses,total_reg_credits,-267.5,8
clean_v2,start_total_in_courses,total_reg_credits,-267.0,32
clean_v2,start_total_in_courses,total_reg_credits,-266.5,8
clean_v2,start_total_in_courses,total_reg_credits,-266.0,29
clean_v2,start_total_in_courses,total_reg_credits,-265.5,10
clean_v2,start_total_in_courses,total_reg_credits,-265.0,31
clean_v2,start_total_in_courses,total_reg_credits,-264.5,6
clean_v2,start_total_in_courses,total_reg_credits,-264.0,22
clean_v2,start_total_in_courses,total_reg_credits,-263.5,9
clean_v2,start_total_in_courses,total_reg_credits,-263.0,28
clean_v2,start_total_in_courses,total_reg_credits,-262.5,9
clean_v2,start_total_in_courses,total_reg_credits,-262.0,28
clean_v2,start_total_in_courses,total_reg_credits,-261.5,2
clean_v2,start_total_in_courses,total_reg_credits,-261.0,29
clean_v2,start_total_in_courses,total_reg_credits,-260.5,9
clean_v2,start_total_in_courses,total_reg_credits,-260.0,34
clean_v2,start_total_in_courses,total_reg_credits,-259.5,8
clean_v2,start_total_in_courses,total_reg_credits,-259.0,18
clean_v2,start_total_in_courses,total_reg_credits,-258.5,3
clean_v2,start_total_in_courses,total_reg_credits,-258.0,35
clean_v2,start_total_in_courses,total_reg_credits,-257.5,9
clean_v2,start_total_in_courses,total_reg_credits,-257.0,33
clean_v2,start_total_in_courses,total_reg_credits,-256.5,7
clean_v2,start_total_in_courses,total_reg_credits,-256.0,24
clean_v2,start_total_in_courses,total_reg_credits,-255.5,7
clean_v2,start_total_in_courses,total_reg_credits,-255.0,23
clean_v2,start_total_in_courses,total_reg_credits,-254.5,4
clean_v2,start_total_in_courses,total_reg_credits,-254.0,31
clean_v2,start_total_in_courses,total_reg_credits,-253.5,8
clean_v2,start_total_in_courses,total_reg_credits,-253.0,39
clean_v2,start_total_in_courses,total_reg_credits,-252.5,12
clean_v2,start_total_in_courses,total_reg_credits,-252.0,24
clean_v2,start_total_in_courses,total_reg_credits,-251.5,6
clean_v2,start_total_in_courses,total_reg_credits,-251.0,27
clean_v2,start_total_in_courses,total_reg_credits,-250.5,16
clean_v2,start_total_in_courses,total_reg_credits,-250.0,30
clean_v2,start_total_in_courses,total_reg_credits,-249.5,9
clean_v2,start_total_in_courses,total_reg_credits,-249.0,38
clean_v2,start_total_in_courses,total_reg_credits,-248.5,9
clean_v2,start_total_in_courses,total_reg_credits,-248.0,27
clean_v2,start_total_in_courses,total_reg_credits,-247.5,15
clean_v2,start_total_in_courses,total_reg_credits,-247.0,45
clean_v2,start_total_in_courses,total_reg_credits,-246.5,6
clean_v2,start_total_in_courses,total_reg_credits,-246.0,32
clean_v2,start_total_in_courses,total_reg_credits,-245.5,11
clean_v2,start_total_in_courses,total_reg_credits,-245.0,39
clean_v2,start_total_in_courses,total_reg_credits,-244.5,10
clean_v2,start_total_in_courses,total_reg_credits,-244.0,34
clean_v2,start_total_in_courses,total_reg_credits,-243.5,11
clean_v2,start_total_in_courses,total_reg_credits,-243.0,33
clean_v2,start_total_in_courses,total_reg_credits,-242.5,13
clean_v2,start_total_in_courses,total_reg_credits,-242.0,41
clean_v2,start_total_in_courses,total_reg_credits,-241.5,10
clean_v2,start_total_in_courses,total_reg_credits,-241.0,36
clean_v2,start_total_in_courses,total_reg_credits,-240.5,10
clean_v2,start_total_in_courses,total_reg_credits,-240.0,47
clean_v2,start_total_in_courses,total_reg_credits,-239.5,8
clean_v2,start_total_in_courses,total_reg_credits,-239.0,32
clean_v2,start_total_in_courses,total_reg_credits,-238.5,9
clean_v2,start_total_in_courses,total_reg_credits,-238.0,42
clean_v2,start_total_in_courses,total_reg_credits,-237.5,14
clean_v2,start_total_in_courses,total_reg_credits,-237.0,38
clean_v2,start_total_in_courses,total_reg_credits,-236.5,9
clean_v2,start_total_in_courses,total_reg_credits,-236.0,40
clean_v2,start_total_in_courses,total_reg_credits,-235.5,15
clean_v2,start_total_in_courses,total_reg_credits,-235.0,47
clean_v2,start_total_in_courses,total_reg_credits,-234.5,6
clean_v2,start_total_in_courses,total_reg_credits,-234.0,44
clean_v2,start_total_in_courses,total_reg_credits,-233.5,7
clean_v2,start_total_in_courses,total_reg_credits,-233.0,46
clean_v2,start_total_in_courses,total_reg_credits,-232.5,9
clean_v2,start_total_in_courses,total_reg_credits,-232.0,36
clean_v2,start_total_in_courses,total_reg_credits,-231.5,9
clean_v2,start_total_in_courses,total_reg_credits,-231.0,52
clean_v2,start_total_in_courses,total_reg_credits,-230.5,18
clean_v2,start_total_in_courses,total_reg_credits,-230.0,32
clean_v2,start_total_in_courses,total_reg_credits,-229.5,13
clean_v2,start_total_in_courses,total_reg_credits,-229.0,61
clean_v2,start_total_in_courses,total_reg_credits,-228.5,11
clean_v2,start_total_in_courses,total_reg_credits,-228.0,50
clean_v2,start_total_in_courses,total_reg_credits,-227.5,12
clean_v2,start_total_in_courses,total_reg_credits,-227.0,64
clean_v2,start_total_in_courses,total_reg_credits,-226.5,16
clean_v2,start_total_in_courses,total_reg_credits,-226.0,50
clean_v2,start_total_in_courses,total_reg_credits,-225.5,16
clean_v2,start_total_in_courses,total_reg_credits,-225.0,48
clean_v2,start_total_in_courses,total_reg_credits,-224.5,12
clean_v2,start_total_in_courses,total_reg_credits,-224.0,53
clean_v2,start_total_in_courses,total_reg_credits,-223.5,8
clean_v2,start_total_in_courses,total_reg_credits,-223.0,65
clean_v2,start_total_in_courses,total_reg_credits,-222.5,7
clean_v2,start_total_in_courses,total_reg_credits,-222.0,49
clean_v2,start_total_in_courses,total_reg_credits,-221.5,10
clean_v2,start_total_in_courses,total_reg_credits,-221.0,57
clean_v2,start_total_in_courses,total_reg_credits,-220.5,22
clean_v2,start_total_in_courses,total_reg_credits,-220.0,61
clean_v2,start_total_in_courses,total_reg_credits,-219.5,5
clean_v2,start_total_in_courses,total_reg_credits,-219.0,52
clean_v2,start_total_in_courses,total_reg_credits,-218.5,10
clean_v2,start_total_in_courses,total_reg_credits,-218.0,66
clean_v2,start_total_in_courses,total_reg_credits,-217.5,15
clean_v2,start_total_in_courses,total_reg_credits,-217.0,54
clean_v2,start_total_in_courses,total_reg_credits,-216.5,16
clean_v2,start_total_in_courses,total_reg_credits,-216.0,55
clean_v2,start_total_in_courses,total_reg_credits,-215.5,11
clean_v2,start_total_in_courses,total_reg_credits,-215.0,59
clean_v2,start_total_in_courses,total_reg_credits,-214.5,18
clean_v2,start_total_in_courses,total_reg_credits,-214.0,65
clean_v2,start_total_in_courses,total_reg_credits,-213.5,12
clean_v2,start_total_in_courses,total_reg_credits,-213.0,63
clean_v2,start_total_in_courses,total_reg_credits,-212.5,14
clean_v2,start_total_in_courses,total_reg_credits,-212.0,56
clean_v2,start_total_in_courses,total_reg_credits,-211.5,14
clean_v2,start_total_in_courses,total_reg_credits,-211.0,65
clean_v2,start_total_in_courses,total_reg_credits,-210.5,11
clean_v2,start_total_in_courses,total_reg_credits,-210.0,75
clean_v2,start_total_in_courses,total_reg_credits,-209.5,10
clean_v2,start_total_in_courses,total_reg_credits,-209.0,74
clean_v2,start_total_in_courses,total_reg_credits,-208.5,16
clean_v2,start_total_in_courses,total_reg_credits,-208.0,71
clean_v2,start_total_in_courses,total_reg_credits,-207.5,11
clean_v2,start_total_in_courses,total_reg_credits,-207.0,61
clean_v2,start_total_in_courses,total_reg_credits,-206.5,13
clean_v2,start_total_in_courses,total_reg_credits,-206.0,73
clean_v2,start_total_in_courses,total_reg_credits,-205.5,22
clean_v2,start_total_in_courses,total_reg_credits,-205.0,80
clean_v2,start_total_in_courses,total_reg_credits,-204.5,12
clean_v2,start_total_in_courses,total_reg_credits,-204.0,89
clean_v2,start_total_in_courses,total_reg_credits,-203.5,11
clean_v2,start_total_in_courses,total_reg_credits,-203.0,83
clean_v2,start_total_in_courses,total_reg_credits,-202.5,13
clean_v2,start_total_in_courses,total_reg_credits,-202.0,86
clean_v2,start_total_in_courses,total_reg_credits,-201.5,10
clean_v2,start_total_in_courses,total_reg_credits,-201.0,66
clean_v2,start_total_in_courses,total_reg_credits,-200.5,13
clean_v2,start_total_in_courses,total_reg_credits,-200.0,75
clean_v2,start_total_in_courses,total_reg_credits,-199.5,19
clean_v2,start_total_in_courses,total_reg_credits,-199.0,96
clean_v2,start_total_in_courses,total_reg_credits,-198.5,11
clean_v2,start_total_in_courses,total_reg_credits,-198.0,91
clean_v2,start_total_in_courses,total_reg_credits,-197.5,14
clean_v2,start_total_in_courses,total_reg_credits,-197.0,82
clean_v2,start_total_in_courses,total_reg_credits,-196.5,14
clean_v2,start_total_in_courses,total_reg_credits,-196.0,99
clean_v2,start_total_in_courses,total_reg_credits,-195.5,13
clean_v2,start_total_in_courses,total_reg_credits,-195.0,86
clean_v2,start_total_in_courses,total_reg_credits,-194.5,17
clean_v2,start_total_in_courses,total_reg_credits,-194.0,87
clean_v2,start_total_in_courses,total_reg_credits,-193.5,12
clean_v2,start_total_in_courses,total_reg_credits,-193.0,107
clean_v2,start_total_in_courses,total_reg_credits,-192.5,19
clean_v2,start_total_in_courses,total_reg_credits,-192.0,96
clean_v2,start_total_in_courses,total_reg_credits,-191.5,12
clean_v2,start_total_in_courses,total_reg_credits,-191.0,84
clean_v2,start_total_in_courses,total_reg_credits,-190.5,14
clean_v2,start_total_in_courses,total_reg_credits,-190.0,112
clean_v2,start_total_in_courses,total_reg_credits,-189.5,14
clean_v2,start_total_in_courses,total_reg_credits,-189.0,138
clean_v2,start_total_in_courses,total_reg_credits,-188.5,10
clean_v2,start_total_in_courses,total_reg_credits,-188.0,97
clean_v2,start_total_in_courses,total_reg_credits,-187.5,14
clean_v2,start_total_in_courses,total_reg_credits,-187.0,146
clean_v2,start_total_in_courses,total_reg_credits,-186.5,5
clean_v2,start_total_in_courses,total_reg_credits,-186.0,110
clean_v2,start_total_in_courses,total_reg_credits,-185.5,23
clean_v2,start_total_in_courses,total_reg_credits,-185.0,111
clean_v2,start_total_in_courses,total_reg_credits,-184.5,18
clean_v2,start_total_in_courses,total_reg_credits,-184.0,81
clean_v2,start_total_in_courses,total_reg_credits,-183.5,22
clean_v2,start_total_in_courses,total_reg_credits,-183.0,113
clean_v2,start_total_in_courses,total_reg_credits,-182.5,21
clean_v2,start_total_in_courses,total_reg_credits,-182.0,115
clean_v2,start_total_in_courses,total_reg_credits,-181.5,21
clean_v2,start_total_in_courses,total_reg_credits,-181.0,115
clean_v2,start_total_in_courses,total_reg_credits,-180.5,17
clean_v2,start_total_in_courses,total_reg_credits,-180.0,129
clean_v2,start_total_in_courses,total_reg_credits,-179.5,12
clean_v2,start_total_in_courses,total_reg_credits,-179.0,138
clean_v2,start_total_in_courses,total_reg_credits,-178.5,17
clean_v2,start_total_in_courses,total_reg_credits,-178.0,116
clean_v2,start_total_in_courses,total_reg_credits,-177.5,20
clean_v2,start_total_in_courses,total_reg_credits,-177.0,124
clean_v2,start_total_in_courses,total_reg_credits,-176.5,19
clean_v2,start_total_in_courses,total_reg_credits,-176.0,119
clean_v2,start_total_in_courses,total_reg_credits,-175.5,13
clean_v2,start_total_in_courses,total_reg_credits,-175.0,202
clean_v2,start_total_in_courses,total_reg_credits,-174.5,16
clean_v2,start_total_in_courses,total_reg_credits,-174.0,109
clean_v2,start_total_in_courses,total_reg_credits,-173.5,21
clean_v2,start_total_in_courses,total_reg_credits,-173.0,110
clean_v2,start_total_in_courses,total_reg_credits,-172.5,24
clean_v2,start_total_in_courses,total_reg_credits,-172.0,117
clean_v2,start_total_in_courses,total_reg_credits,-171.5,8
clean_v2,start_total_in_courses,total_reg_credits,-171.0,140
clean_v2,start_total_in_courses,total_reg_credits,-170.5,14
clean_v2,start_total_in_courses,total_reg_credits,-170.0,126
clean_v2,start_total_in_courses,total_reg_credits,-169.5,24
clean_v2,start_total_in_courses,total_reg_credits,-169.0,133
clean_v2,start_total_in_courses,total_reg_credits,-168.5,12
clean_v2,start_total_in_courses,total_reg_credits,-168.0,131
clean_v2,start_total_in_courses,total_reg_credits,-167.5,17
clean_v2,start_total_in_courses,total_reg_credits,-167.0,144
clean_v2,start_total_in_courses,total_reg_credits,-166.5,14
clean_v2,start_total_in_courses,total_reg_credits,-166.0,134
clean_v2,start_total_in_courses,total_reg_credits,-165.5,22
clean_v2,start_total_in_courses,total_reg_credits,-165.0,175
clean_v2,start_total_in_courses,total_reg_credits,-164.5,12
clean_v2,start_total_in_courses,total_reg_credits,-164.0,164
clean_v2,start_total_in_courses,total_reg_credits,-163.5,22
clean_v2,start_total_in_courses,total_reg_credits,-163.0,182
clean_v2,start_total_in_courses,total_reg_credits,-162.5,12
clean_v2,start_total_in_courses,total_reg_credits,-162.0,147
clean_v2,start_total_in_courses,total_reg_credits,-161.5,27
clean_v2,start_total_in_courses,total_reg_credits,-161.0,158
clean_v2,start_total_in_courses,total_reg_credits,-160.5,12
clean_v2,start_total_in_courses,total_reg_credits,-160.0,164
clean_v2,start_total_in_courses,total_reg_credits,-159.5,26
clean_v2,start_total_in_courses,total_reg_credits,-159.0,154
clean_v2,start_total_in_courses,total_reg_credits,-158.5,21
clean_v2,start_total_in_courses,total_reg_credits,-158.0,152
clean_v2,start_total_in_courses,total_reg_credits,-157.5,26
clean_v2,start_total_in_courses,total_reg_credits,-157.0,138
clean_v2,start_total_in_courses,total_reg_credits,-156.5,19
clean_v2,start_total_in_courses,total_reg_credits,-156.0,125
clean_v2,start_total_in_courses,total_reg_credits,-155.5,18
clean_v2,start_total_in_courses,total_reg_credits,-155.0,138
clean_v2,start_total_in_courses,total_reg_credits,-154.5,25
clean_v2,start_total_in_courses,total_reg_credits,-154.0,150
clean_v2,start_total_in_courses,total_reg_credits,-153.5,23
clean_v2,start_total_in_courses,total_reg_credits,-153.0,145
clean_v2,start_total_in_courses,total_reg_credits,-152.5,24
clean_v2,start_total_in_courses,total_reg_credits,-152.0,144
clean_v2,start_total_in_courses,total_reg_credits,-151.5,22
clean_v2,start_total_in_courses,total_reg_credits,-151.0,144
clean_v2,start_total_in_courses,total_reg_credits,-150.5,31
clean_v2,start_total_in_courses,total_reg_credits,-150.0,141
clean_v2,start_total_in_courses,total_reg_credits,-149.5,23
clean_v2,start_total_in_courses,total_reg_credits,-149.0,181
clean_v2,start_total_in_courses,total_reg_credits,-148.5,24
clean_v2,start_total_in_courses,total_reg_credits,-148.0,161
clean_v2,start_total_in_courses,total_reg_credits,-147.5,19
clean_v2,start_total_in_courses,total_reg_credits,-147.0,168
clean_v2,start_total_in_courses,total_reg_credits,-146.5,29
clean_v2,start_total_in_courses,total_reg_credits,-146.0,197
clean_v2,start_total_in_courses,total_reg_credits,-145.5,26
clean_v2,start_total_in_courses,total_reg_credits,-145.0,191
clean_v2,start_total_in_courses,total_reg_credits,-144.5,25
clean_v2,start_total_in_courses,total_reg_credits,-144.0,201
clean_v2,start_total_in_courses,total_reg_credits,-143.5,15
clean_v2,start_total_in_courses,total_reg_credits,-143.0,191
clean_v2,start_total_in_courses,total_reg_credits,-142.5,21
clean_v2,start_total_in_courses,total_reg_credits,-142.0,168
clean_v2,start_total_in_courses,total_reg_credits,-141.5,28
clean_v2,start_total_in_courses,total_reg_credits,-141.0,196
clean_v2,start_total_in_courses,total_reg_credits,-140.5,23
clean_v2,start_total_in_courses,total_reg_credits,-140.0,207
clean_v2,start_total_in_courses,total_reg_credits,-139.5,27
clean_v2,start_total_in_courses,total_reg_credits,-139.0,208
clean_v2,start_total_in_courses,total_reg_credits,-138.5,30
clean_v2,start_total_in_courses,total_reg_credits,-138.0,183
clean_v2,start_total_in_courses,total_reg_credits,-137.5,33
clean_v2,start_total_in_courses,total_reg_credits,-137.0,197
clean_v2,start_total_in_courses,total_reg_credits,-136.5,23
clean_v2,start_total_in_courses,total_reg_credits,-136.0,198
clean_v2,start_total_in_courses,total_reg_credits,-135.5,15
clean_v2,start_total_in_courses,total_reg_credits,-135.0,230
clean_v2,start_total_in_courses,total_reg_credits,-134.5,26
clean_v2,start_total_in_courses,total_reg_credits,-134.0,210
clean_v2,start_total_in_courses,total_reg_credits,-133.5,28
clean_v2,start_total_in_courses,total_reg_credits,-133.0,219
clean_v2,start_total_in_courses,total_reg_credits,-132.5,17
clean_v2,start_total_in_courses,total_reg_credits,-132.0,204
clean_v2,start_total_in_courses,total_reg_credits,-131.5,33
clean_v2,start_total_in_courses,total_reg_credits,-131.0,254
clean_v2,start_total_in_courses,total_reg_credits,-130.5,23
clean_v2,start_total_in_courses,total_reg_credits,-130.0,254
clean_v2,start_total_in_courses,total_reg_credits,-129.5,24
clean_v2,start_total_in_courses,total_reg_credits,-129.0,209
clean_v2,start_total_in_courses,total_reg_credits,-128.5,24
clean_v2,start_total_in_courses,total_reg_credits,-128.0,251
clean_v2,start_total_in_courses,total_reg_credits,-127.5,20
clean_v2,start_total_in_courses,total_reg_credits,-127.0,267
clean_v2,start_total_in_courses,total_reg_credits,-126.5,18
clean_v2,start_total_in_courses,total_reg_credits,-126.0,241
clean_v2,start_total_in_courses,total_reg_credits,-125.5,22
clean_v2,start_total_in_courses,total_reg_credits,-125.0,260
clean_v2,start_total_in_courses,total_reg_credits,-124.5,28
clean_v2,start_total_in_courses,total_reg_credits,-124.0,280
clean_v2,start_total_in_courses,total_reg_credits,-123.5,12
clean_v2,start_total_in_courses,total_reg_credits,-123.0,281
clean_v2,start_total_in_courses,total_reg_credits,-122.5,19
clean_v2,start_total_in_courses,total_reg_credits,-122.0,260
clean_v2,start_total_in_courses,total_reg_credits,-121.5,20
clean_v2,start_total_in_courses,total_reg_credits,-121.0,298
clean_v2,start_total_in_courses,total_reg_credits,-120.5,23
clean_v2,start_total_in_courses,total_reg_credits,-120.0,281
clean_v2,start_total_in_courses,total_reg_credits,-119.5,10
clean_v2,start_total_in_courses,total_reg_credits,-119.0,288
clean_v2,start_total_in_courses,total_reg_credits,-118.5,16
clean_v2,start_total_in_courses,total_reg_credits,-118.0,269
clean_v2,start_total_in_courses,total_reg_credits,-117.5,8
clean_v2,start_total_in_courses,total_reg_credits,-117.0,284
clean_v2,start_total_in_courses,total_reg_credits,-116.5,9
clean_v2,start_total_in_courses,total_reg_credits,-116.0,285
clean_v2,start_total_in_courses,total_reg_credits,-115.5,22
clean_v2,start_total_in_courses,total_reg_credits,-115.0,282
clean_v2,start_total_in_courses,total_reg_credits,-114.5,16
clean_v2,start_total_in_courses,total_reg_credits,-114.0,320
clean_v2,start_total_in_courses,total_reg_credits,-113.5,10
clean_v2,start_total_in_courses,total_reg_credits,-113.0,297
clean_v2,start_total_in_courses,total_reg_credits,-112.5,15
clean_v2,start_total_in_courses,total_reg_credits,-112.0,314
clean_v2,start_total_in_courses,total_reg_credits,-111.5,15
clean_v2,start_total_in_courses,total_reg_credits,-111.0,306
clean_v2,start_total_in_courses,total_reg_credits,-110.5,14
clean_v2,start_total_in_courses,total_reg_credits,-110.0,333
clean_v2,start_total_in_courses,total_reg_credits,-109.5,13
clean_v2,start_total_in_courses,total_reg_credits,-109.0,356
clean_v2,start_total_in_courses,total_reg_credits,-108.5,12
clean_v2,start_total_in_courses,total_reg_credits,-108.0,377
clean_v2,start_total_in_courses,total_reg_credits,-107.5,14
clean_v2,start_total_in_courses,total_reg_credits,-107.0,387
clean_v2,start_total_in_courses,total_reg_credits,-106.5,17
clean_v2,start_total_in_courses,total_reg_credits,-106.0,381
clean_v2,start_total_in_courses,total_reg_credits,-105.5,15
clean_v2,start_total_in_courses,total_reg_credits,-105.0,400
clean_v2,start_total_in_courses,total_reg_credits,-104.5,18
clean_v2,start_total_in_courses,total_reg_credits,-104.0,381
clean_v2,start_total_in_courses,total_reg_credits,-103.5,14
clean_v2,start_total_in_courses,total_reg_credits,-103.0,410
clean_v2,start_total_in_courses,total_reg_credits,-102.5,14
clean_v2,start_total_in_courses,total_reg_credits,-102.0,410
clean_v2,start_total_in_courses,total_reg_credits,-101.5,18
clean_v2,start_total_in_courses,total_reg_credits,-101.0,431
clean_v2,start_total_in_courses,total_reg_credits,-100.5,14
clean_v2,start_total_in_courses,total_reg_credits,-100.0,433
clean_v2,start_total_in_courses,total_reg_credits,-99.5,14
clean_v2,start_total_in_courses,total_reg_credits,-99.0,455
clean_v2,start_total_in_courses,total_reg_credits,-98.5,14
clean_v2,start_total_in_courses,total_reg_credits,-98.0,415
clean_v2,start_total_in_courses,total_reg_credits,-97.5,24
clean_v2,start_total_in_courses,total_reg_credits,-97.0,452
clean_v2,start_total_in_courses,total_reg_credits,-96.5,14
clean_v2,start_total_in_courses,total_reg_credits,-96.0,420
clean_v2,start_total_in_courses,total_reg_credits,-95.5,11
clean_v2,start_total_in_courses,total_reg_credits,-95.0,430
clean_v2,start_total_in_courses,total_reg_credits,-94.5,9
clean_v2,start_total_in_courses,total_reg_credits,-94.0,485
clean_v2,start_total_in_courses,total_reg_credits,-93.5,13
clean_v2,start_total_in_courses,total_reg_credits,-93.0,431
clean_v2,start_total_in_courses,total_reg_credits,-92.5,14
clean_v2,start_total_in_courses,total_reg_credits,-92.0,438
clean_v2,start_total_in_courses,total_reg_credits,-91.5,13
clean_v2,start_total_in_courses,total_reg_credits,-91.0,474
clean_v2,start_total_in_courses,total_reg_credits,-90.5,13
clean_v2,start_total_in_courses,total_reg_credits,-90.0,432
clean_v2,start_total_in_courses,total_reg_credits,-89.5,11
clean_v2,start_total_in_courses,total_reg_credits,-89.0,496
clean_v2,start_total_in_courses,total_reg_credits,-88.5,12
clean_v2,start_total_in_courses,total_reg_credits,-88.0,502
clean_v2,start_total_in_courses,total_reg_credits,-87.5,5
clean_v2,start_total_in_courses,total_reg_credits,-87.0,526
clean_v2,start_total_in_courses,total_reg_credits,-86.5,5
clean_v2,start_total_in_courses,total_reg_credits,-86.0,542
clean_v2,start_total_in_courses,total_reg_credits,-85.5,6
clean_v2,start_total_in_courses,total_reg_credits,-85.0,512
clean_v2,start_total_in_courses,total_reg_credits,-84.5,9
clean_v2,start_total_in_courses,total_reg_credits,-84.0,486
clean_v2,start_total_in_courses,total_reg_credits,-83.5,3
clean_v2,start_total_in_courses,total_reg_credits,-83.0,511
clean_v2,start_total_in_courses,total_reg_credits,-82.5,3
clean_v2,start_total_in_courses,total_reg_credits,-82.0,530
clean_v2,start_total_in_courses,total_reg_credits,-81.5,8
clean_v2,start_total_in_courses,total_reg_credits,-81.0,527
clean_v2,start_total_in_courses,total_reg_credits,-80.5,9
clean_v2,start_total_in_courses,total_reg_credits,-80.0,537
clean_v2,start_total_in_courses,total_reg_credits,-79.5,5
clean_v2,start_total_in_courses,total_reg_credits,-79.0,478
clean_v2,start_total_in_courses,total_reg_credits,-78.5,2
clean_v2,start_total_in_courses,total_reg_credits,-78.0,493
clean_v2,start_total_in_courses,total_reg_credits,-77.5,3
clean_v2,start_total_in_courses,total_reg_credits,-77.0,482
clean_v2,start_total_in_courses,total_reg_credits,-76.5,4
clean_v2,start_total_in_courses,total_reg_credits,-76.0,497
clean_v2,start_total_in_courses,total_reg_credits,-75.0,528
clean_v2,start_total_in_courses,total_reg_credits,-74.5,6
clean_v2,start_total_in_courses,total_reg_credits,-74.0,466
clean_v2,start_total_in_courses,total_reg_credits,-73.5,1
clean_v2,start_total_in_courses,total_reg_credits,-73.0,493
clean_v2,start_total_in_courses,total_reg_credits,-72.5,5
clean_v2,start_total_in_courses,total_reg_credits,-72.0,529
clean_v2,start_total_in_courses,total_reg_credits,-71.5,5
clean_v2,start_total_in_courses,total_reg_credits,-71.0,541
clean_v2,start_total_in_courses,total_reg_credits,-70.5,1
clean_v2,start_total_in_courses,total_reg_credits,-70.0,520
clean_v2,start_total_in_courses,total_reg_credits,-69.5,3
clean_v2,start_total_in_courses,total_reg_credits,-69.0,548
clean_v2,start_total_in_courses,total_reg_credits,-68.5,1
clean_v2,start_total_in_courses,total_reg_credits,-68.0,516
clean_v2,start_total_in_courses,total_reg_credits,-67.5,1
clean_v2,start_total_in_courses,total_reg_credits,-67.0,513
clean_v2,start_total_in_courses,total_reg_credits,-66.5,1
clean_v2,start_total_in_courses,total_reg_credits,-66.0,548
clean_v2,start_total_in_courses,total_reg_credits,-65.5,2
clean_v2,start_total_in_courses,total_reg_credits,-65.0,542
clean_v2,start_total_in_courses,total_reg_credits,-64.5,1
clean_v2,start_total_in_courses,total_reg_credits,-64.0,559
clean_v2,start_total_in_courses,total_reg_credits,-63.5,1
clean_v2,start_total_in_courses,total_reg_credits,-63.0,560
clean_v2,start_total_in_courses,total_reg_credits,-62.5,1
clean_v2,start_total_in_courses,total_reg_credits,-62.0,526
clean_v2,start_total_in_courses,total_reg_credits,-61.0,561
clean_v2,start_total_in_courses,total_reg_credits,-60.0,541
clean_v2,start_total_in_courses,total_reg_credits,-59.5,1
clean_v2,start_total_in_courses,total_reg_credits,-59.0,562
clean_v2,start_total_in_courses,total_reg_credits,-58.5,1
clean_v2,start_total_in_courses,total_reg_credits,-58.0,589
clean_v2,start_total_in_courses,total_reg_credits,-57.0,583
clean_v2,start_total_in_courses,total_reg_credits,-56.0,562
clean_v2,start_total_in_courses,total_reg_credits,-55.0,625
clean_v2,start_total_in_courses,total_reg_credits,-54.5,1
clean_v2,start_total_in_courses,total_reg_credits,-54.0,587
clean_v2,start_total_in_courses,total_reg_credits,-53.5,2
clean_v2,start_total_in_courses,total_reg_credits,-53.0,551
clean_v2,start_total_in_courses,total_reg_credits,-52.5,2
clean_v2,start_total_in_courses,total_reg_credits,-52.0,563
clean_v2,start_total_in_courses,total_reg_credits,-51.0,554
clean_v2,start_total_in_courses,total_reg_credits,-50.5,1
clean_v2,start_total_in_courses,total_reg_credits,-50.0,536
clean_v2,start_total_in_courses,total_reg_credits,-49.5,3
clean_v2,start_total_in_courses,total_reg_credits,-49.0,567
clean_v2,start_total_in_courses,total_reg_credits,-48.0,544
clean_v2,start_total_in_courses,total_reg_credits,-47.5,1
clean_v2,start_total_in_courses,total_reg_credits,-47.0,545
clean_v2,start_total_in_courses,total_reg_credits,-46.5,2
clean_v2,start_total_in_courses,total_reg_credits,-46.0,575
clean_v2,start_total_in_courses,total_reg_credits,-45.5,1
clean_v2,start_total_in_courses,total_reg_credits,-45.0,640
clean_v2,start_total_in_courses,total_reg_credits,-44.5,1
clean_v2,start_total_in_courses,total_reg_credits,-44.0,648
clean_v2,start_total_in_courses,total_reg_credits,-43.0,672
clean_v2,start_total_in_courses,total_reg_credits,-42.0,664
clean_v2,start_total_in_courses,total_reg_credits,-41.0,635
clean_v2,start_total_in_courses,total_reg_credits,-40.0,583
clean_v2,start_total_in_courses,total_reg_credits,-39.0,536
clean_v2,start_total_in_courses,total_reg_credits,-38.0,516
clean_v2,start_total_in_courses,total_reg_credits,-37.0,521
clean_v2,start_total_in_courses,total_reg_credits,-36.5,1
clean_v2,start_total_in_courses,total_reg_credits,-36.0,502
clean_v2,start_total_in_courses,total_reg_credits,-35.5,1
clean_v2,start_total_in_courses,total_reg_credits,-35.0,512
clean_v2,start_total_in_courses,total_reg_credits,-34.0,571
clean_v2,start_total_in_courses,total_reg_credits,-33.0,552
clean_v2,start_total_in_courses,total_reg_credits,-32.0,612
clean_v2,start_total_in_courses,total_reg_credits,-31.5,2
clean_v2,start_total_in_courses,total_reg_credits,-31.0,576
clean_v2,start_total_in_courses,total_reg_credits,-30.0,625
clean_v2,start_total_in_courses,total_reg_credits,-29.5,1
clean_v2,start_total_in_courses,total_reg_credits,-29.0,615
clean_v2,start_total_in_courses,total_reg_credits,-28.0,643
clean_v2,start_total_in_courses,total_reg_credits,-27.5,1
clean_v2,start_total_in_courses,total_reg_credits,-27.0,721
clean_v2,start_total_in_courses,total_reg_credits,-26.0,757
clean_v2,start_total_in_courses,total_reg_credits,-25.0,812
clean_v2,start_total_in_courses,total_reg_credits,-24.0,863
clean_v2,start_total_in_courses,total_reg_credits,-23.0,897
clean_v2,start_total_in_courses,total_reg_credits,-22.0,884
clean_v2,start_total_in_courses,total_reg_credits,-21.0,744
clean_v2,start_total_in_courses,total_reg_credits,-20.0,681
clean_v2,start_total_in_courses,total_reg_credits,-19.0,470
clean_v2,start_total_in_courses,total_reg_credits,-18.5,1
clean_v2,start_total_in_courses,total_reg_credits,-18.0,461
clean_v2,start_total_in_courses,total_reg_credits,-17.0,451
clean_v2,start_total_in_courses,total_reg_credits,-16.0,366
clean_v2,start_total_in_courses,total_reg_credits,-15.0,495
clean_v2,start_total_in_courses,total_reg_credits,-14.5,1
clean_v2,start_total_in_courses,total_reg_credits,-14.0,602
clean_v2,start_total_in_courses,total_reg_credits,-13.0,708
clean_v2,start_total_in_courses,total_reg_credits,-12.5,1
clean_v2,start_total_in_courses,total_reg_credits,-12.0,1114
clean_v2,start_total_in_courses,total_reg_credits,-11.5,1
clean_v2,start_total_in_courses,total_reg_credits,-11.0,1105
clean_v2,start_total_in_courses,total_reg_credits,-10.0,1044
clean_v2,start_total_in_courses,total_reg_credits,-9.0,551
clean_v2,start_total_in_courses,total_reg_credits,-8.0,273
clean_v2,start_total_in_courses,total_reg_credits,-7.0,195
clean_v2,start_total_in_courses,total_reg_credits,-6.5,1
clean_v2,start_total_in_courses,total_reg_credits,-6.0,139
clean_v2,start_total_in_courses,total_reg_credits,-5.0,133
clean_v2,start_total_in_courses,total_reg_credits,-4.0,109
clean_v2,start_total_in_courses,total_reg_credits,-3.0,101
clean_v2,start_total_in_courses,total_reg_credits,-2.0,64
clean_v2,start_total_in_courses,total_reg_credits,-1.0,55
clean_v2,start_total_in_courses,total_reg_credits,0.0,6517
clean_v2,start_total_in_courses,total_reg_credits,1.0,24
clean_v2,start_total_in_courses,total_reg_credits,2.0,33
clean_v2,start_total_in_courses,total_reg_credits,3.0,17
clean_v2,start_total_in_courses,total_reg_credits,4.0,18
clean_v2,start_total_in_courses,total_reg_credits,5.0,18
clean_v2,start_total_in_courses,total_reg_credits,6.0,14
clean_v2,start_total_in_courses,total_reg_credits,7.0,7
clean_v2,start_total_in_courses,total_reg_credits,8.0,10
clean_v2,start_total_in_courses,total_reg_credits,9.0,6
clean_v2,start_total_in_courses,total_reg_credits,10.0,7
clean_v2,start_total_in_courses,total_reg_credits,11.0,3
clean_v2,start_total_in_courses,total_reg_credits,12.0,5
clean_v2,start_total_in_courses,total_reg_credits,13.0,4
clean_v2,start_total_in_courses,total_reg_credits,14.0,3
clean_v2,start_total_in_courses,total_reg_credits,15.0,6
clean_v2,start_total_in_courses,total_reg_credits,16.0,1
clean_v2,start_total_in_courses,total_reg_credits,17.0,2
clean_v2,start_total_in_courses,total_reg_credits,18.0,1
clean_v2,start_total_in_courses,total_reg_credits,20.0,1
clean_v2,start_total_in_courses,total_reg_credits,21.0,1
clean_v2,start_total_in_courses,total_reg_credits,22.0,2
clean_v2,start_total_in_courses,total_reg_credits,23.0,1
clean_v2,start_total_in_courses,total_reg_credits,24.0,1
clean_v2,start_total_in_courses,total_reg_courses,-216.0,2
clean_v2,start_total_in_courses,total_reg_courses,-212.0,2
clean_v2,start_total_in_courses,total_reg_courses,-207.0,3
clean_v2,start_total_in_courses,total_reg_courses,-205.0,1
clean_v2,start_total_in_courses,total_reg_courses,-202.0,1
clean_v2,start_total_in_courses,total_reg_courses,-191.0,1
clean_v2,start_total_in_courses,total_reg_courses,-186.0,1
clean_v2,start_total_in_courses,total_reg_courses,-181.0,1
clean_v2,start_total_in_courses,total_reg_courses,-179.0,1
clean_v2,start_total_in_courses,total_reg_courses,-176.0,2
clean_v2,start_total_in_courses,total_reg_courses,-173.0,1
clean_v2,start_total_in_courses,total_reg_courses,-171.0,1
clean_v2,start_total_in_courses,total_reg_courses,-169.0,1
clean_v2,start_total_in_courses,total_reg_courses,-168.0,1
clean_v2,start_total_in_courses,total_reg_courses,-167.0,2
clean_v2,start_total_in_courses,total_reg_courses,-165.0,1
clean_v2,start_total_in_courses,total_reg_courses,-164.0,1
clean_v2,start_total_in_courses,total_reg_courses,-163.0,2
clean_v2,start_total_in_courses,total_reg_courses,-162.0,2
clean_v2,start_total_in_courses,total_reg_courses,-160.0,2
clean_v2,start_total_in_courses,total_reg_courses,-159.0,2
clean_v2,start_total_in_courses,total_reg_courses,-157.0,2
clean_v2,start_total_in_courses,total_reg_courses,-156.0,1
clean_v2,start_total_in_courses,total_reg_courses,-155.0,1
clean_v2,start_total_in_courses,total_reg_courses,-154.0,2
clean_v2,start_total_in_courses,total_reg_courses,-153.0,2
clean_v2,start_total_in_courses,total_reg_courses,-152.0,2
clean_v2,start_total_in_courses,total_reg_courses,-151.0,1
clean_v2,start_total_in_courses,total_reg_courses,-150.0,1
clean_v2,start_total_in_courses,total_reg_courses,-149.0,1
clean_v2,start_total_in_courses,total_reg_courses,-147.0,2
clean_v2,start_total_in_courses,total_reg_courses,-146.0,1
clean_v2,start_total_in_courses,total_reg_courses,-144.0,1
clean_v2,start_total_in_courses,total_reg_courses,-143.0,2
clean_v2,start_total_in_courses,total_reg_courses,-142.0,3
clean_v2,start_total_in_courses,total_reg_courses,-141.0,2
clean_v2,start_total_in_courses,total_reg_courses,-140.0,2
clean_v2,start_total_in_courses,total_reg_courses,-139.0,1
clean_v2,start_total_in_courses,total_reg_courses,-138.0,2
clean_v2,start_total_in_courses,total_reg_courses,-137.0,1
clean_v2,start_total_in_courses,total_reg_courses,-136.0,3
clean_v2,start_total_in_courses,total_reg_courses,-135.0,2
clean_v2,start_total_in_courses,total_reg_courses,-134.0,1
clean_v2,start_total_in_courses,total_reg_courses,-133.0,11
clean_v2,start_total_in_courses,total_reg_courses,-132.0,5
clean_v2,start_total_in_courses,total_reg_courses,-131.0,1
clean_v2,start_total_in_courses,total_reg_courses,-129.0,3
clean_v2,start_total_in_courses,total_reg_courses,-128.0,1
clean_v2,start_total_in_courses,total_reg_courses,-127.0,4
clean_v2,start_total_in_courses,total_reg_courses,-126.0,1
clean_v2,start_total_in_courses,total_reg_courses,-125.0,1
clean_v2,start_total_in_courses,total_reg_courses,-123.0,2
clean_v2,start_total_in_courses,total_reg_courses,-122.0,1
clean_v2,start_total_in_courses,total_reg_courses,-121.0,5
clean_v2,start_total_in_courses,total_reg_courses,-120.0,1
clean_v2,start_total_in_courses,total_reg_courses,-119.0,2
clean_v2,start_total_in_courses,total_reg_courses,-118.0,6
clean_v2,start_total_in_courses,total_reg_courses,-117.0,4
clean_v2,start_total_in_courses,total_reg_courses,-116.0,3
clean_v2,start_total_in_courses,total_reg_courses,-115.0,7
clean_v2,start_total_in_courses,total_reg_courses,-114.0,5
clean_v2,start_total_in_courses,total_reg_courses,-113.0,4
clean_v2,start_total_in_courses,total_reg_courses,-112.0,5
clean_v2,start_total_in_courses,total_reg_courses,-111.0,2
clean_v2,start_total_in_courses,total_reg_courses,-110.0,4
clean_v2,start_total_in_courses,total_reg_courses,-109.0,10
clean_v2,start_total_in_courses,total_reg_courses,-108.0,7
clean_v2,start_total_in_courses,total_reg_courses,-107.0,9
clean_v2,start_total_in_courses,total_reg_courses,-106.0,4
clean_v2,start_total_in_courses,total_reg_courses,-105.0,3
clean_v2,start_total_in_courses,total_reg_courses,-104.0,8
clean_v2,start_total_in_courses,total_reg_courses,-103.0,6
clean_v2,start_total_in_courses,total_reg_courses,-102.0,7
clean_v2,start_total_in_courses,total_reg_courses,-101.0,6
clean_v2,start_total_in_courses,total_reg_courses,-100.0,8
clean_v2,start_total_in_courses,total_reg_courses,-99.0,4
clean_v2,start_total_in_courses,total_reg_courses,-98.0,12
clean_v2,start_total_in_courses,total_reg_courses,-97.0,13
clean_v2,start_total_in_courses,total_reg_courses,-96.0,10
clean_v2,start_total_in_courses,total_reg_courses,-95.0,9
clean_v2,start_total_in_courses,total_reg_courses,-94.0,14
clean_v2,start_total_in_courses,total_reg_courses,-93.0,12
clean_v2,start_total_in_courses,total_reg_courses,-92.0,12
clean_v2,start_total_in_courses,total_reg_courses,-91.0,28
clean_v2,start_total_in_courses,total_reg_courses,-90.0,18
clean_v2,start_total_in_courses,total_reg_courses,-89.0,17
clean_v2,start_total_in_courses,total_reg_courses,-88.0,11
clean_v2,start_total_in_courses,total_reg_courses,-87.0,24
clean_v2,start_total_in_courses,total_reg_courses,-86.0,17
clean_v2,start_total_in_courses,total_reg_courses,-85.0,16
clean_v2,start_total_in_courses,total_reg_courses,-84.0,24
clean_v2,start_total_in_courses,total_reg_courses,-83.0,17
clean_v2,start_total_in_courses,total_reg_courses,-82.0,13
clean_v2,start_total_in_courses,total_reg_courses,-81.0,27
clean_v2,start_total_in_courses,total_reg_courses,-80.0,21
clean_v2,start_total_in_courses,total_reg_courses,-79.0,38
clean_v2,start_total_in_courses,total_reg_courses,-78.0,28
clean_v2,start_total_in_courses,total_reg_courses,-77.0,28
clean_v2,start_total_in_courses,total_reg_courses,-76.0,34
clean_v2,start_total_in_courses,total_reg_courses,-75.0,36
clean_v2,start_total_in_courses,total_reg_courses,-74.0,41
clean_v2,start_total_in_courses,total_reg_courses,-73.0,54
clean_v2,start_total_in_courses,total_reg_courses,-72.0,56
clean_v2,start_total_in_courses,total_reg_courses,-71.0,55
clean_v2,start_total_in_courses,total_reg_courses,-70.0,71
clean_v2,start_total_in_courses,total_reg_courses,-69.0,57
clean_v2,start_total_in_courses,total_reg_courses,-68.0,65
clean_v2,start_total_in_courses,total_reg_courses,-67.0,61
clean_v2,start_total_in_courses,total_reg_courses,-66.0,81
clean_v2,start_total_in_courses,total_reg_courses,-65.0,65
clean_v2,start_total_in_courses,total_reg_courses,-64.0,77
clean_v2,start_total_in_courses,total_reg_courses,-63.0,61
clean_v2,start_total_in_courses,total_reg_courses,-62.0,90
clean_v2,start_total_in_courses,total_reg_courses,-61.0,106
clean_v2,start_total_in_courses,total_reg_courses,-60.0,81
clean_v2,start_total_in_courses,total_reg_courses,-59.0,96
clean_v2,start_total_in_courses,total_reg_courses,-58.0,100
clean_v2,start_total_in_courses,total_reg_courses,-57.0,104
clean_v2,start_total_in_courses,total_reg_courses,-56.0,120
clean_v2,start_total_in_courses,total_reg_courses,-55.0,97
clean_v2,start_total_in_courses,total_reg_courses,-54.0,112
clean_v2,start_total_in_courses,total_reg_courses,-53.0,139
clean_v2,start_total_in_courses,total_reg_courses,-52.0,142
clean_v2,start_total_in_courses,total_reg_courses,-51.0,142
clean_v2,start_total_in_courses,total_reg_courses,-50.0,149
clean_v2,start_total_in_courses,total_reg_courses,-49.0,171
clean_v2,start_total_in_courses,total_reg_courses,-48.0,167
clean_v2,start_total_in_courses,total_reg_courses,-47.0,167
clean_v2,start_total_in_courses,total_reg_courses,-46.0,211
clean_v2,start_total_in_courses,total_reg_courses,-45.0,185
clean_v2,start_total_in_courses,total_reg_courses,-44.0,188
clean_v2,start_total_in_courses,total_reg_courses,-43.0,218
clean_v2,start_total_in_courses,total_reg_courses,-42.0,201
clean_v2,start_total_in_courses,total_reg_courses,-41.0,232
clean_v2,start_total_in_courses,total_reg_courses,-40.0,235
clean_v2,start_total_in_courses,total_reg_courses,-39.0,286
clean_v2,start_total_in_courses,total_reg_courses,-38.0,253
clean_v2,start_total_in_courses,total_reg_courses,-37.0,286
clean_v2,start_total_in_courses,total_reg_courses,-36.0,291
clean_v2,start_total_in_courses,total_reg_courses,-35.0,312
clean_v2,start_total_in_courses,total_reg_courses,-34.0,332
clean_v2,start_total_in_courses,total_reg_courses,-33.0,326
clean_v2,start_total_in_courses,total_reg_courses,-32.0,332
clean_v2,start_total_in_courses,total_reg_courses,-31.0,383
clean_v2,start_total_in_courses,total_reg_courses,-30.0,403
clean_v2,start_total_in_courses,total_reg_courses,-29.0,436
clean_v2,start_total_in_courses,total_reg_courses,-28.0,475
clean_v2,start_total_in_courses,total_reg_courses,-27.0,456
clean_v2,start_total_in_courses,total_reg_courses,-26.0,580
clean_v2,start_total_in_courses,total_reg_courses,-25.0,573
clean_v2,start_total_in_courses,total_reg_courses,-24.0,615
clean_v2,start_total_in_courses,total_reg_courses,-23.0,677
clean_v2,start_total_in_courses,total_reg_courses,-22.0,730
clean_v2,start_total_in_courses,total_reg_courses,-21.0,757
clean_v2,start_total_in_courses,total_reg_courses,-20.0,830
clean_v2,start_total_in_courses,total_reg_courses,-19.0,899
clean_v2,start_total_in_courses,total_reg_courses,-18.0,1065
clean_v2,start_total_in_courses,total_reg_courses,-17.0,1084
clean_v2,start_total_in_courses,total_reg_courses,-16.0,1161
clean_v2,start_total_in_courses,total_reg_courses,-15.0,1219
clean_v2,start_total_in_courses,total_reg_courses,-14.0,1297
clean_v2,start_total_in_courses,total_reg_courses,-13.0,1367
clean_v2,start_total_in_courses,total_reg_courses,-12.0,1563
clean_v2,start_total_in_courses,total_reg_courses,-11.0,1766
clean_v2,start_total_in_courses,total_reg_courses,-10.0,1873
clean_v2,start_total_in_courses,total_reg_courses,-9.0,2234
clean_v2,start_total_in_courses,total_reg_courses,-8.0,2578
clean_v2,start_total_in_courses,total_reg_courses,-7.0,2666
clean_v2,start_total_in_courses,total_reg_courses,-6.0,3163
clean_v2,start_total_in_courses,total_reg_courses,-5.0,3556
clean_v2,start_total_in_courses,total_reg_courses,-4.0,4116
clean_v2,start_total_in_courses,total_reg_courses,-3.0,4143
clean_v2,start_total_in_courses,total_reg_courses,-2.0,4648
clean_v2,start_total_in_courses,total_reg_courses,-1.0,6932
clean_v2,start_total_in_courses,total_reg_courses,0.0,19499
clean_v2,start_total_in_courses,total_reg_courses,1.0,520
clean_v2,start_total_in_courses,total_reg_courses,2.0,592
clean_v2,start_total_in_courses,total_reg_courses,3.0,870
clean_v2,start_total_in_courses,total_reg_courses,4.0,859
clean_v2,start_total_in_courses,total_reg_courses,5.0,765
clean_v2,start_total_in_courses,total_reg_courses,6.0,775
clean_v2,start_total_in_courses,total_reg_courses,7.0,761
clean_v2,start_total_in_courses,total_reg_courses,8.0,310
clean_v2,start_total_in_courses,total_reg_courses,9.0,315
clean_v2,start_total_in_courses,total_reg_courses,10.0,189
clean_v2,start_total_in_courses,total_reg_courses,11.0,125
clean_v2,start_total_in_courses,total_reg_courses,12.0,124
clean_v2,start_total_in_courses,total_reg_courses,13.0,106
clean_v2,start_total_in_courses,total_reg_courses,14.0,44
clean_v2,start_total_in_courses,total_reg_courses,15.0,61
clean_v2,start_total_in_courses,total_reg_courses,16.0,48
clean_v2,start_total_in_courses,total_reg_courses,17.0,54
clean_v2,start_total_in_courses,total_reg_courses,18.0,36
clean_v2,start_total_in_courses,total_reg_courses,19.0,42
clean_v2,start_total_in_courses,total_reg_courses,20.0,48
clean_v2,start_total_in_courses,total_reg_courses,21.0,34
clean_v2,start_total_in_courses,total_reg_courses,22.0,6
clean_v2,start_total_in_courses,total_reg_courses,23.0,21
clean_v2,start_total_in_courses,total_reg_courses,24.0,25
clean_v2,start_total_in_courses,total_reg_courses,25.0,15
clean_v2,start_total_in_courses,total_reg_courses,26.0,19
clean_v2,start_total_in_courses,total_reg_courses,27.0,11
clean_v2,start_total_in_courses,total_reg_courses,28.0,9
clean_v2,start_total_in_courses,total_reg_courses,29.0,11
clean_v2,start_total_in_courses,total_reg_courses,30.0,19
clean_v2,start_total_in_courses,total_reg_courses,32.0,16
clean_v2,start_total_in_courses,total_reg_courses,33.0,3
clean_v2,start_total_in_courses,total_reg_courses,35.0,4
clean_v2,total_reg_credits,total_reg_courses,0.0,6475
clean_v2,total_reg_credits,total_reg_courses,1.0,4
clean_v2,total_reg_credits,total_reg_courses,2.0,4
clean_v2,total_reg_credits,total_reg_courses,4.0,3
clean_v2,total_reg_credits,total_reg_courses,5.0,5
clean_v2,total_reg_credits,total_reg_courses,6.0,28
clean_v2,total_reg_credits,total_reg_courses,7.0,380
clean_v2,total_reg_credits,total_reg_courses,8.0,509
clean_v2,total_reg_credits,total_reg_courses,9.0,1093
clean_v2,total_reg_credits,total_reg_courses,10.0,1659
clean_v2,total_reg_credits,total_reg_courses,11.0,1318
clean_v2,total_reg_credits,total_reg_courses,12.0,1318
clean_v2,total_reg_credits,total_reg_courses,13.0,313
clean_v2,total_reg_credits,total_reg_courses,14.0,407
clean_v2,total_reg_credits,total_reg_courses,15.0,187
clean_v2,total_reg_credits,total_reg_courses,16.0,399
clean_v2,total_reg_credits,total_reg_courses,17.0,514
clean_v2,total_reg_credits,total_reg_courses,18.0,721
clean_v2,total_reg_credits,total_reg_courses,19.0,772
clean_v2,total_reg_credits,total_reg_courses,20.0,1047
clean_v2,total_reg_credits,total_reg_courses,21.0,992
clean_v2,total_reg_credits,total_reg_courses,22.0,1114
clean_v2,total_reg_credits,total_reg_courses,23.0,916
clean_v2,total_reg_credits,total_reg_courses,24.0,780
clean_v2,total_reg_credits,total_reg_courses,25.0,705
clean_v2,total_reg_credits,total_reg_courses,26.0,699
clean_v2,total_reg_credits,total_reg_courses,27.0,589
clean_v2,total_reg_credits,total_reg_courses,28.0,603
clean_v2,total_reg_credits,total_reg_courses,29.0,597
clean_v2,total_reg_credits,total_reg_courses,30.0,663
clean_v2,total_reg_credits,total_reg_courses,31.0,662
clean_v2,total_reg_credits,total_reg_courses,32.0,655
clean_v2,total_reg_credits,total_reg_courses,33.0,688
clean_v2,total_reg_credits,total_reg_courses,34.0,638
clean_v2,total_reg_credits,total_reg_courses,35.0,558
clean_v2,total_reg_credits,total_reg_courses,36.0,591
clean_v2,total_reg_credits,total_reg_courses,36.5,2
clean_v2,total_reg_credits,total_reg_courses,37.0,536
clean_v2,total_reg_credits,total_reg_courses,38.0,572
clean_v2,total_reg_credits,total_reg_courses,39.0,594
clean_v2,total_reg_credits,total_reg_courses,40.0,615
clean_v2,total_reg_credits,total_reg_courses,41.0,674
clean_v2,total_reg_credits,total_reg_courses,41.5,2
clean_v2,total_reg_credits,total_reg_courses,42.0,742
clean_v2,total_reg_credits,total_reg_courses,42.5,1
clean_v2,total_reg_credits,total_reg_courses,43.0,735
clean_v2,total_reg_credits,total_reg_courses,44.0,786
clean_v2,total_reg_credits,total_reg_courses,45.0,720
clean_v2,total_reg_credits,total_reg_courses,46.0,667
clean_v2,total_reg_credits,total_reg_courses,47.0,622
clean_v2,total_reg_credits,total_reg_courses,47.5,1
clean_v2,total_reg_credits,total_reg_courses,48.0,609
clean_v2,total_reg_credits,total_reg_courses,48.5,2
clean_v2,total_reg_credits,total_reg_courses,49.0,573
clean_v2,total_reg_credits,total_reg_courses,50.0,545
clean_v2,total_reg_credits,total_reg_courses,51.0,575
clean_v2,total_reg_credits,total_reg_courses,52.0,577
clean_v2,total_reg_credits,total_reg_courses,53.0,559
clean_v2,total_reg_credits,total_reg_courses,54.0,563
clean_v2,total_reg_credits,total_reg_courses,55.0,591
clean_v2,total_reg_credits,total_reg_courses,56.0,603
clean_v2,total_reg_credits,total_reg_courses,57.0,603
clean_v2,total_reg_credits,total_reg_courses,58.0,581
clean_v2,total_reg_credits,total_reg_courses,58.5,1
clean_v2,total_reg_credits,total_reg_courses,59.0,596
clean_v2,total_reg_credits,total_reg_courses,59.5,1
clean_v2,total_reg_credits,total_reg_courses,60.0,612
clean_v2,total_reg_credits,total_reg_courses,60.5,3
clean_v2,total_reg_credits,total_reg_courses,61.0,644
clean_v2,total_reg_credits,total_reg_courses,61.5,1
clean_v2,total_reg_credits,total_reg_courses,62.0,593
clean_v2,total_reg_credits,total_reg_courses,62.5,3
clean_v2,total_reg_credits,total_reg_courses,63.0,594
clean_v2,total_reg_credits,total_reg_courses,64.0,628
clean_v2,total_reg_credits,total_reg_courses,65.0,595
clean_v2,total_reg_credits,total_reg_courses,65.5,3
clean_v2,total_reg_credits,total_reg_courses,66.0,611
clean_v2,total_reg_credits,total_reg_courses,66.5,2
clean_v2,total_reg_credits,total_reg_courses,67.0,598
clean_v2,total_reg_credits,total_reg_courses,67.5,2
clean_v2,total_reg_credits,total_reg_courses,68.0,565
clean_v2,total_reg_credits,total_reg_courses,69.0,576
clean_v2,total_reg_credits,total_reg_courses,69.5,2
clean_v2,total_reg_credits,total_reg_courses,70.0,556
clean_v2,total_reg_credits,total_reg_courses,70.5,3
clean_v2,total_reg_credits,total_reg_courses,71.0,547
clean_v2,total_reg_credits,total_reg_courses,71.5,1
clean_v2,total_reg_credits,total_reg_courses,72.0,523
clean_v2,total_reg_credits,total_reg_courses,73.0,554
clean_v2,total_reg_credits,total_reg_courses,73.5,1
clean_v2,total_reg_credits,total_reg_courses,74.0,571
clean_v2,total_reg_credits,total_reg_courses,74.5,2
clean_v2,total_reg_credits,total_reg_courses,75.0,522
clean_v2,total_reg_credits,total_reg_courses,75.5,3
clean_v2,total_reg_credits,total_reg_courses,76.0,521
clean_v2,total_reg_credits,total_reg_courses,76.5,2
clean_v2,total_reg_credits,total_reg_courses,77.0,535
clean_v2,total_reg_credits,total_reg_courses,77.5,3
clean_v2,total_reg_credits,total_reg_courses,78.0,537
clean_v2,total_reg_credits,total_reg_courses,78.5,5
clean_v2,total_reg_credits,total_reg_courses,79.0,515
clean_v2,total_reg_credits,total_reg_courses,79.5,10
clean_v2,total_reg_credits,total_reg_courses,80.0,564
clean_v2,total_reg_credits,total_reg_courses,80.5,2
clean_v2,total_reg_credits,total_reg_courses,81.0,523
clean_v2,total_reg_credits,total_reg_courses,81.5,2
clean_v2,total_reg_credits,total_reg_courses,82.0,505
clean_v2,total_reg_credits,total_reg_courses,82.5,9
clean_v2,total_reg_credits,total_reg_courses,83.0,489
clean_v2,total_reg_credits,total_reg_courses,83.5,4
clean_v2,total_reg_credits,total_reg_courses,84.0,558
clean_v2,total_reg_credits,total_reg_courses,84.5,11
clean_v2,total_reg_credits,total_reg_courses,85.0,565
clean_v2,total_reg_credits,total_reg_courses,85.5,13
clean_v2,total_reg_credits,total_reg_courses,86.0,537
clean_v2,total_reg_credits,total_reg_courses,86.5,10
clean_v2,total_reg_credits,total_reg_courses,87.0,557
clean_v2,total_reg_credits,total_reg_courses,87.5,11
clean_v2,total_reg_credits,total_reg_courses,88.0,533
clean_v2,total_reg_credits,total_reg_courses,88.5,12
clean_v2,total_reg_credits,total_reg_courses,89.0,563
clean_v2,total_reg_credits,total_reg_courses,89.5,11
clean_v2,total_reg_credits,total_reg_courses,90.0,509
clean_v2,total_reg_credits,total_reg_courses,90.5,12
clean_v2,total_reg_credits,total_reg_courses,91.0,494
clean_v2,total_reg_credits,total_reg_courses,91.5,11
clean_v2,total_reg_credits,total_reg_courses,92.0,489
clean_v2,total_reg_credits,total_reg_courses,92.5,10
clean_v2,total_reg_credits,total_reg_courses,93.0,491
clean_v2,total_reg_credits,total_reg_courses,93.5,17
clean_v2,total_reg_credits,total_reg_courses,94.0,469
clean_v2,total_reg_credits,total_reg_courses,94.5,12
clean_v2,total_reg_credits,total_reg_courses,95.0,488
clean_v2,total_reg_credits,total_reg_courses,95.5,14
clean_v2,total_reg_credits,total_reg_courses,96.0,469
clean_v2,total_reg_credits,total_reg_courses,96.5,17
clean_v2,total_reg_credits,total_reg_courses,97.0,468
clean_v2,total_reg_credits,total_reg_courses,97.5,13
clean_v2,total_reg_credits,total_reg_courses,98.0,464
clean_v2,total_reg_credits,total_reg_courses,98.5,12
clean_v2,total_reg_credits,total_reg_courses,99.0,433
clean_v2,total_reg_credits,total_reg_courses,99.5,14
clean_v2,total_reg_credits,total_reg_courses,100.0,452
clean_v2,total_reg_credits,total_reg_courses,100.5,16
clean_v2,total_reg_credits,total_reg_courses,101.0,405
clean_v2,total_reg_credits,total_reg_courses,101.5,11
clean_v2,total_reg_credits,total_reg_courses,102.0,369
clean_v2,total_reg_credits,total_reg_courses,102.5,16
clean_v2,total_reg_credits,total_reg_courses,103.0,425
clean_v2,total_reg_credits,total_reg_courses,103.5,27
clean_v2,total_reg_credits,total_reg_courses,104.0,464
clean_v2,total_reg_credits,total_reg_courses,104.5,17
clean_v2,total_reg_credits,total_reg_courses,105.0,416
clean_v2,total_reg_credits,total_reg_courses,105.5,20
clean_v2,total_reg_credits,total_reg_courses,106.0,410
clean_v2,total_reg_credits,total_reg_courses,106.5,13
clean_v2,total_reg_credits,total_reg_courses,107.0,368
clean_v2,total_reg_credits,total_reg_courses,107.5,17
clean_v2,total_reg_credits,total_reg_courses,108.0,406
clean_v2,total_reg_credits,total_reg_courses,108.5,26
clean_v2,total_reg_credits,total_reg_courses,109.0,349
clean_v2,total_reg_credits,total_reg_courses,109.5,18
clean_v2,total_reg_credits,total_reg_courses,110.0,339
clean_v2,total_reg_credits,total_reg_courses,110.5,22
clean_v2,total_reg_credits,total_reg_courses,111.0,308
clean_v2,total_reg_credits,total_reg_courses,111.5,26
clean_v2,total_reg_credits,total_reg_courses,112.0,326
clean_v2,total_reg_credits,total_reg_courses,112.5,13
clean_v2,total_reg_credits,total_reg_courses,113.0,273
clean_v2,total_reg_credits,total_reg_courses,113.5,16
clean_v2,total_reg_credits,total_reg_courses,114.0,338
clean_v2,total_reg_credits,total_reg_courses,114.5,15
clean_v2,total_reg_credits,total_reg_courses,115.0,285
clean_v2,total_reg_credits,total_reg_courses,115.5,19
clean_v2,total_reg_credits,total_reg_courses,116.0,300
clean_v2,total_reg_credits,total_reg_courses,116.5,9
clean_v2,total_reg_credits,total_reg_courses,117.0,290
clean_v2,total_reg_credits,total_reg_courses,117.5,12
clean_v2,total_reg_credits,total_reg_courses,118.0,271
clean_v2,total_reg_credits,total_reg_courses,118.5,20
clean_v2,total_reg_credits,total_reg_courses,119.0,280
clean_v2,total_reg_credits,total_reg_courses,119.5,19
clean_v2,total_reg_credits,total_reg_courses,120.0,313
clean_v2,total_reg_credits,total_reg_courses,120.5,15
clean_v2,total_reg_credits,total_reg_courses,121.0,262
clean_v2,total_reg_credits,total_reg_courses,121.5,20
clean_v2,total_reg_credits,total_reg_courses,122.0,258
clean_v2,total_reg_credits,total_reg_courses,122.5,21
clean_v2,total_reg_credits,total_reg_courses,123.0,283
clean_v2,total_reg_credits,total_reg_courses,123.5,23
clean_v2,total_reg_credits,total_reg_courses,124.0,271
clean_v2,total_reg_credits,total_reg_courses,124.5,24
clean_v2,total_reg_credits,total_reg_courses,125.0,251
clean_v2,total_reg_credits,total_reg_courses,125.5,24
clean_v2,total_reg_credits,total_reg_courses,126.0,213
clean_v2,total_reg_credits,total_reg_courses,126.5,28
clean_v2,total_reg_credits,total_reg_courses,127.0,253
clean_v2,total_reg_credits,total_reg_courses,127.5,35
clean_v2,total_reg_credits,total_reg_courses,128.0,228
clean_v2,total_reg_credits,total_reg_courses,128.5,31
clean_v2,total_reg_credits,total_reg_courses,129.0,241
clean_v2,total_reg_credits,total_reg_courses,129.5,28
clean_v2,total_reg_credits,total_reg_courses,130.0,215
clean_v2,total_reg_credits,total_reg_courses,130.5,34
clean_v2,total_reg_credits,total_reg_courses,131.0,215
clean_v2,total_reg_credits,total_reg_courses,131.5,23
clean_v2,total_reg_credits,total_reg_courses,132.0,203
clean_v2,total_reg_credits,total_reg_courses,132.5,31
clean_v2,total_reg_credits,total_reg_courses,133.0,179
clean_v2,total_reg_credits,total_reg_courses,133.5,31
clean_v2,total_reg_credits,total_reg_courses,134.0,182
clean_v2,total_reg_credits,total_reg_courses,134.5,24
clean_v2,total_reg_credits,total_reg_courses,135.0,192
clean_v2,total_reg_credits,total_reg_courses,135.5,25
clean_v2,total_reg_credits,total_reg_courses,136.0,172
clean_v2,total_reg_credits,total_reg_courses,136.5,35
clean_v2,total_reg_credits,total_reg_courses,137.0,165
clean_v2,total_reg_credits,total_reg_courses,137.5,25
clean_v2,total_reg_credits,total_reg_courses,138.0,179
clean_v2,total_reg_credits,total_reg_courses,138.5,18
clean_v2,total_reg_credits,total_reg_courses,139.0,152
clean_v2,total_reg_credits,total_reg_courses,139.5,28
clean_v2,total_reg_credits,total_reg_courses,140.0,167
clean_v2,total_reg_credits,total_reg_courses,140.5,17
clean_v2,total_reg_credits,total_reg_courses,141.0,155
clean_v2,total_reg_credits,total_reg_courses,141.5,29
clean_v2,total_reg_credits,total_reg_courses,142.0,159
clean_v2,total_reg_credits,total_reg_courses,142.5,25
clean_v2,total_reg_credits,total_reg_courses,143.0,151
clean_v2,total_reg_credits,total_reg_courses,143.5,20
clean_v2,total_reg_credits,total_reg_courses,144.0,174
clean_v2,total_reg_credits,total_reg_courses,144.5,32
clean_v2,total_reg_credits,total_reg_courses,145.0,145
clean_v2,total_reg_credits,total_reg_courses,145.5,24
clean_v2,total_reg_credits,total_reg_courses,146.0,162
clean_v2,total_reg_credits,total_reg_courses,146.5,45
clean_v2,total_reg_credits,total_reg_courses,147.0,155
clean_v2,total_reg_credits,total_reg_courses,147.5,32
clean_v2,total_reg_credits,total_reg_courses,148.0,136
clean_v2,total_reg_credits,total_reg_courses,148.5,36
clean_v2,total_reg_credits,total_reg_courses,149.0,121
clean_v2,total_reg_credits,total_reg_courses,149.5,24
clean_v2,total_reg_credits,total_reg_courses,150.0,141
clean_v2,total_reg_credits,total_reg_courses,150.5,27
clean_v2,total_reg_credits,total_reg_courses,151.0,132
clean_v2,total_reg_credits,total_reg_courses,151.5,26
clean_v2,total_reg_credits,total_reg_courses,152.0,113
clean_v2,total_reg_credits,total_reg_courses,152.5,23
clean_v2,total_reg_credits,total_reg_courses,153.0,139
clean_v2,total_reg_credits,total_reg_courses,153.5,25
clean_v2,total_reg_credits,total_reg_courses,154.0,107
clean_v2,total_reg_credits,total_reg_courses,154.5,27
clean_v2,total_reg_credits,total_reg_courses,155.0,113
clean_v2,total_reg_credits,total_reg_courses,155.5,29
clean_v2,total_reg_credits,total_reg_courses,156.0,110
clean_v2,total_reg_credits,total_reg_courses,156.5,27
clean_v2,total_reg_credits,total_reg_courses,157.0,139
clean_v2,total_reg_credits,total_reg_courses,157.5,20
clean_v2,total_reg_credits,total_reg_courses,158.0,129
clean_v2,total_reg_credits,total_reg_courses,158.5,24
clean_v2,total_reg_credits,total_reg_courses,159.0,135
clean_v2,total_reg_credits,total_reg_courses,159.5,25
clean_v2,total_reg_credits,total_reg_courses,160.0,133
clean_v2,total_reg_credits,total_reg_courses,160.5,24
clean_v2,total_reg_credits,total_reg_courses,161.0,153
clean_v2,total_reg_credits,total_reg_courses,161.5,31
clean_v2,total_reg_credits,total_reg_courses,162.0,157
clean_v2,total_reg_credits,total_reg_courses,162.5,23
clean_v2,total_reg_credits,total_reg_courses,163.0,175
clean_v2,total_reg_credits,total_reg_courses,163.5,16
clean_v2,total_reg_credits,total_reg_courses,164.0,100
clean_v2,total_reg_credits,total_reg_courses,164.5,20
clean_v2,total_reg_credits,total_reg_courses,165.0,120
clean_v2,total_reg_credits,total_reg_courses,165.5,16
clean_v2,total_reg_credits,total_reg_courses,166.0,128
clean_v2,total_reg_credits,total_reg_courses,166.5,17
clean_v2,total_reg_credits,total_reg_courses,167.0,108
clean_v2,total_reg_credits,total_reg_courses,167.5,24
clean_v2,total_reg_credits,total_reg_courses,168.0,110
clean_v2,total_reg_credits,total_reg_courses,168.5,19
clean_v2,total_reg_credits,total_reg_courses,169.0,125
clean_v2,total_reg_credits,total_reg_courses,169.5,18
clean_v2,total_reg_credits,total_reg_courses,170.0,116
clean_v2,total_reg_credits,total_reg_courses,170.5,19
clean_v2,total_reg_credits,total_reg_courses,171.0,144
clean_v2,total_reg_credits,total_reg_courses,171.5,19
clean_v2,total_reg_credits,total_reg_courses,172.0,148
clean_v2,total_reg_credits,total_reg_courses,172.5,22
clean_v2,total_reg_credits,total_reg_courses,173.0,116
clean_v2,total_reg_credits,total_reg_courses,173.5,16
clean_v2,total_reg_credits,total_reg_courses,174.0,101
clean_v2,total_reg_credits,total_reg_courses,174.5,18
clean_v2,total_reg_credits,total_reg_courses,175.0,120
clean_v2,total_reg_credits,total_reg_courses,175.5,16
clean_v2,total_reg_credits,total_reg_courses,176.0,95
clean_v2,total_reg_credits,total_reg_courses,176.5,20
clean_v2,total_reg_credits,total_reg_courses,177.0,73
clean_v2,total_reg_credits,total_reg_courses,177.5,17
clean_v2,total_reg_credits,total_reg_courses,178.0,138
clean_v2,total_reg_credits,total_reg_courses,178.5,9
clean_v2,total_reg_credits,total_reg_courses,179.0,101
clean_v2,total_reg_credits,total_reg_courses,179.5,20
clean_v2,total_reg_credits,total_reg_courses,180.0,117
clean_v2,total_reg_credits,total_reg_courses,180.5,20
clean_v2,total_reg_credits,total_reg_courses,181.0,110
clean_v2,total_reg_credits,total_reg_courses,181.5,22
clean_v2,total_reg_credits,total_reg_courses,182.0,101
clean_v2,total_reg_credits,total_reg_courses,182.5,14
clean_v2,total_reg_credits,total_reg_courses,183.0,91
clean_v2,total_reg_credits,total_reg_courses,183.5,10
clean_v2,total_reg_credits,total_reg_courses,184.0,82
clean_v2,total_reg_credits,total_reg_courses,184.5,16
clean_v2,total_reg_credits,total_reg_courses,185.0,73
clean_v2,total_reg_credits,total_reg_courses,185.5,17
clean_v2,total_reg_credits,total_reg_courses,186.0,84
clean_v2,total_reg_credits,total_reg_courses,186.5,19
clean_v2,total_reg_credits,total_reg_courses,187.0,91
clean_v2,total_reg_credits,total_reg_courses,187.5,22
clean_v2,total_reg_credits,total_reg_courses,188.0,71
clean_v2,total_reg_credits,total_reg_courses,188.5,21
clean_v2,total_reg_credits,total_reg_courses,189.0,74
clean_v2,total_reg_credits,total_reg_courses,189.5,18
clean_v2,total_reg_credits,total_reg_courses,190.0,58
clean_v2,total_reg_credits,total_reg_courses,190.5,15
clean_v2,total_reg_credits,total_reg_courses,191.0,71
clean_v2,total_reg_credits,total_reg_courses,191.5,18
clean_v2,total_reg_credits,total_reg_courses,192.0,68
clean_v2,total_reg_credits,total_reg_courses,192.5,16
clean_v2,total_reg_credits,total_reg_courses,193.0,52
clean_v2,total_reg_credits,total_reg_courses,193.5,25
clean_v2,total_reg_credits,total_reg_courses,194.0,66
clean_v2,total_reg_credits,total_reg_courses,194.5,20
clean_v2,total_reg_credits,total_reg_courses,195.0,43
clean_v2,total_reg_credits,total_reg_courses,195.5,21
clean_v2,total_reg_credits,total_reg_courses,196.0,52
clean_v2,total_reg_credits,total_reg_courses,196.5,20
clean_v2,total_reg_credits,total_reg_courses,197.0,54
clean_v2,total_reg_credits,total_reg_courses,197.5,12
clean_v2,total_reg_credits,total_reg_courses,198.0,42
clean_v2,total_reg_credits,total_reg_courses,198.5,18
clean_v2,total_reg_credits,total_reg_courses,199.0,39
clean_v2,total_reg_credits,total_reg_courses,199.5,17
clean_v2,total_reg_credits,total_reg_courses,200.0,50
clean_v2,total_reg_credits,total_reg_courses,200.5,12
clean_v2,total_reg_credits,total_reg_courses,201.0,33
clean_v2,total_reg_credits,total_reg_courses,201.5,18
clean_v2,total_reg_credits,total_reg_courses,202.0,54
clean_v2,total_reg_credits,total_reg_courses,202.5,20
clean_v2,total_reg_credits,total_reg_courses,203.0,46
clean_v2,total_reg_credits,total_reg_courses,203.5,17
clean_v2,total_reg_credits,total_reg_courses,204.0,42
clean_v2,total_reg_credits,total_reg_courses,204.5,20
clean_v2,total_reg_credits,total_reg_courses,205.0,40
clean_v2,total_reg_credits,total_reg_courses,205.5,13
clean_v2,total_reg_credits,total_reg_courses,206.0,42
clean_v2,total_reg_credits,total_reg_courses,206.5,21
clean_v2,total_reg_credits,total_reg_courses,207.0,39
clean_v2,total_reg_credits,total_reg_courses,207.5,14
clean_v2,total_reg_credits,total_reg_courses,208.0,44
clean_v2,total_reg_credits,total_reg_courses,208.5,11
clean_v2,total_reg_credits,total_reg_courses,209.0,23
clean_v2,total_reg_credits,total_reg_courses,209.5,17
clean_v2,total_reg_credits,total_reg_courses,210.0,43
clean_v2,total_reg_credits,total_reg_courses,210.5,15
clean_v2,total_reg_credits,total_reg_courses,211.0,36
clean_v2,total_reg_credits,total_reg_courses,211.5,15
clean_v2,total_reg_credits,total_reg_courses,212.0,29
clean_v2,total_reg_credits,total_reg_courses,212.5,8
clean_v2,total_reg_credits,total_reg_courses,213.0,39
clean_v2,total_reg_credits,total_reg_courses,213.5,8
clean_v2,total_reg_credits,total_reg_courses,214.0,32
clean_v2,total_reg_credits,total_reg_courses,214.5,9
clean_v2,total_reg_credits,total_reg_courses,215.0,30
clean_v2,total_reg_credits,total_reg_courses,215.5,13
clean_v2,total_reg_credits,total_reg_courses,216.0,23
clean_v2,total_reg_credits,total_reg_courses,216.5,15
clean_v2,total_reg_credits,total_reg_courses,217.0,28
clean_v2,total_reg_credits,total_reg_courses,217.5,8
clean_v2,total_reg_credits,total_reg_courses,218.0,31
clean_v2,total_reg_credits,total_reg_courses,218.5,9
clean_v2,total_reg_credits,total_reg_courses,219.0,30
clean_v2,total_reg_credits,total_reg_courses,219.5,20
clean_v2,total_reg_credits,total_reg_courses,220.0,32
clean_v2,total_reg_credits,total_reg_courses,220.5,11
clean_v2,total_reg_credits,total_reg_courses,221.0,26
clean_v2,total_reg_credits,total_reg_courses,221.5,15
clean_v2,total_reg_credits,total_reg_courses,222.0,21
clean_v2,total_reg_credits,total_reg_courses,222.5,5
clean_v2,total_reg_credits,total_reg_courses,223.0,25
clean_v2,total_reg_credits,total_reg_courses,223.5,13
clean_v2,total_reg_credits,total_reg_courses,224.0,25
clean_v2,total_reg_credits,total_reg_courses,224.5,11
clean_v2,total_reg_credits,total_reg_courses,225.0,25
clean_v2,total_reg_credits,total_reg_courses,225.5,15
clean_v2,total_reg_credits,total_reg_courses,226.0,20
clean_v2,total_reg_credits,total_reg_courses,226.5,15
clean_v2,total_reg_credits,total_reg_courses,227.0,26
clean_v2,total_reg_credits,total_reg_courses,227.5,12
clean_v2,total_reg_credits,total_reg_courses,228.0,20
clean_v2,total_reg_credits,total_reg_courses,228.5,10
clean_v2,total_reg_credits,total_reg_courses,229.0,22
clean_v2,total_reg_credits,total_reg_courses,229.5,13
clean_v2,total_reg_credits,total_reg_courses,230.0,14
clean_v2,total_reg_credits,total_reg_courses,230.5,11
clean_v2,total_reg_credits,total_reg_courses,231.0,27
clean_v2,total_reg_credits,total_reg_courses,231.5,7
clean_v2,total_reg_credits,total_reg_courses,232.0,18
clean_v2,total_reg_credits,total_reg_courses,232.5,12
clean_v2,total_reg_credits,total_reg_courses,233.0,22
clean_v2,total_reg_credits,total_reg_courses,233.5,8
clean_v2,total_reg_credits,total_reg_courses,234.0,24
clean_v2,total_reg_credits,total_reg_courses,234.5,5
clean_v2,total_reg_credits,total_reg_courses,235.0,15
clean_v2,total_reg_credits,total_reg_courses,235.5,9
clean_v2,total_reg_credits,total_reg_courses,236.0,16
clean_v2,total_reg_credits,total_reg_courses,236.5,6
clean_v2,total_reg_credits,total_reg_courses,237.0,19
clean_v2,total_reg_credits,total_reg_courses,237.5,9
clean_v2,total_reg_credits,total_reg_courses,238.0,14
clean_v2,total_reg_credits,total_reg_courses,238.5,6
clean_v2,total_reg_credits,total_reg_courses,239.0,18
clean_v2,total_reg_credits,total_reg_courses,239.5,11
clean_v2,total_reg_credits,total_reg_courses,240.0,15
clean_v2,total_reg_credits,total_reg_courses,240.5,6
clean_v2,total_reg_credits,total_reg_courses,241.0,15
clean_v2,total_reg_credits,total_reg_courses,241.5,11
clean_v2,total_reg_credits,total_reg_courses,242.0,12
clean_v2,total_reg_credits,total_reg_courses,242.5,12
clean_v2,total_reg_credits,total_reg_courses,243.0,17
clean_v2,total_reg_credits,total_reg_courses,243.5,6
clean_v2,total_reg_credits,total_reg_courses,244.0,7
clean_v2,total_reg_credits,total_reg_courses,244.5,12
clean_v2,total_reg_credits,total_reg_courses,245.0,19
clean_v2,total_reg_credits,total_reg_courses,245.5,6
clean_v2,total_reg_credits,total_reg_courses,246.0,20
clean_v2,total_reg_credits,total_reg_courses,246.5,7
clean_v2,total_reg_credits,total_reg_courses,247.0,8
clean_v2,total_reg_credits,total_reg_courses,247.5,7
clean_v2,total_reg_credits,total_reg_courses,248.0,8
clean_v2,total_reg_credits,total_reg_courses,248.5,9
clean_v2,total_reg_credits,total_reg_courses,249.0,17
clean_v2,total_reg_credits,total_reg_courses,249.5,7
clean_v2,total_reg_credits,total_reg_courses,250.0,4
clean_v2,total_reg_credits,total_reg_courses,250.5,6
clean_v2,total_reg_credits,total_reg_courses,251.0,22
clean_v2,total_reg_credits,total_reg_courses,251.5,4
clean_v2,total_reg_credits,total_reg_courses,252.0,6
clean_v2,total_reg_credits,total_reg_courses,252.5,14
clean_v2,total_reg_credits,total_reg_courses,253.0,13
clean_v2,total_reg_credits,total_reg_courses,253.5,7
clean_v2,total_reg_credits,total_reg_courses,254.0,13
clean_v2,total_reg_credits,total_reg_courses,254.5,5
clean_v2,total_reg_credits,total_reg_courses,255.0,10
clean_v2,total_reg_credits,total_reg_courses,255.5,5
clean_v2,total_reg_credits,total_reg_courses,256.0,14
clean_v2,total_reg_credits,total_reg_courses,256.5,9
clean_v2,total_reg_credits,total_reg_courses,257.0,12
clean_v2,total_reg_credits,total_reg_courses,257.5,3
clean_v2,total_reg_credits,total_reg_courses,258.0,12
clean_v2,total_reg_credits,total_reg_courses,258.5,8
clean_v2,total_reg_credits,total_reg_courses,259.0,10
clean_v2,total_reg_credits,total_reg_courses,259.5,6
clean_v2,total_reg_credits,total_reg_courses,260.0,14
clean_v2,total_reg_credits,total_reg_courses,260.5,5
clean_v2,total_reg_credits,total_reg_courses,261.0,4
clean_v2,total_reg_credits,total_reg_courses,261.5,7
clean_v2,total_reg_credits,total_reg_courses,262.0,5
clean_v2,total_reg_credits,total_reg_courses,262.5,12
clean_v2,total_reg_credits,total_reg_courses,263.0,7
clean_v2,total_reg_credits,total_reg_courses,263.5,6
clean_v2,total_reg_credits,total_reg_courses,264.0,10
clean_v2,total_reg_credits,total_reg_courses,264.5,4
clean_v2,total_reg_credits,total_reg_courses,265.0,9
clean_v2,total_reg_credits,total_reg_courses,265.5,5
clean_v2,total_reg_credits,total_reg_courses,266.0,6
clean_v2,total_reg_credits,total_reg_courses,266.5,5
clean_v2,total_reg_credits,total_reg_courses,267.0,1
clean_v2,total_reg_credits,total_reg_courses,267.5,3
clean_v2,total_reg_credits,total_reg_courses,268.0,9
clean_v2,total_reg_credits,total_reg_courses,268.5,2
clean_v2,total_reg_credits,total_reg_courses,269.0,8
clean_v2,total_reg_credits,total_reg_courses,269.5,3
clean_v2,total_reg_credits,total_reg_courses,270.0,13
clean_v2,total_reg_credits,total_reg_courses,270.5,5
clean_v2,total_reg_credits,total_reg_courses,271.0,6
clean_v2,total_reg_credits,total_reg_courses,271.5,5
clean_v2,total_reg_credits,total_reg_courses,272.0,12
clean_v2,total_reg_credits,total_reg_courses,272.5,4
clean_v2,total_reg_credits,total_reg_courses,273.0,3
clean_v2,total_reg_credits,total_reg_courses,273.5,5
clean_v2,total_reg_credits,total_reg_courses,274.0,6
clean_v2,total_reg_credits,total_reg_courses,274.5,3
clean_v2,total_reg_credits,total_reg_courses,275.0,10
clean_v2,total_reg_credits,total_reg_courses,275.5,6
clean_v2,total_reg_credits,total_reg_courses,276.0,12
clean_v2,total_reg_credits,total_reg_courses,276.5,7
clean_v2,total_reg_credits,total_reg_courses,277.0,8
clean_v2,total_reg_credits,total_reg_courses,277.5,5
clean_v2,total_reg_credits,total_reg_courses,278.0,6
clean_v2,total_reg_credits,total_reg_courses,278.5,1
clean_v2,total_reg_credits,total_reg_courses,279.0,7
clean_v2,total_reg_credits,total_reg_courses,279.5,3
clean_v2,total_reg_credits,total_reg_courses,280.0,4
clean_v2,total_reg_credits,total_reg_courses,280.5,3
clean_v2,total_reg_credits,total_reg_courses,281.0,6
clean_v2,total_reg_credits,total_reg_courses,281.5,7
clean_v2,total_reg_credits,total_reg_courses,282.0,4
clean_v2,total_reg_credits,total_reg_courses,282.5,5
clean_v2,total_reg_credits,total_reg_courses,283.0,5
clean_v2,total_reg_credits,total_reg_courses,283.5,3
clean_v2,total_reg_credits,total_reg_courses,284.0,5
clean_v2,total_reg_credits,total_reg_courses,284.5,3
clean_v2,total_reg_credits,total_reg_courses,285.0,7
clean_v2,total_reg_credits,total_reg_courses,285.5,5
clean_v2,total_reg_credits,total_reg_courses,286.0,4
clean_v2,total_reg_credits,total_reg_courses,286.5,7
clean_v2,total_reg_credits,total_reg_courses,287.0,3
clean_v2,total_reg_credits,total_reg_courses,287.5,4
clean_v2,total_reg_credits,total_reg_courses,288.0,4
clean_v2,total_reg_credits,total_reg_courses,288.5,3
clean_v2,total_reg_credits,total_reg_courses,289.0,3
clean_v2,total_reg_credits,total_reg_courses,289.5,4
clean_v2,total_reg_credits,total_reg_courses,290.0,4
clean_v2,total_reg_credits,total_reg_courses,291.0,6
clean_v2,total_reg_credits,total_reg_courses,291.5,4
clean_v2,total_reg_credits,total_reg_courses,292.0,3
clean_v2,total_reg_credits,total_reg_courses,292.5,2
clean_v2,total_reg_credits,total_reg_courses,293.0,6
clean_v2,total_reg_credits,total_reg_courses,293.5,3
clean_v2,total_reg_credits,total_reg_courses,294.0,6
clean_v2,total_reg_credits,total_reg_courses,294.5,1
clean_v2,total_reg_credits,total_reg_courses,295.0,3
clean_v2,total_reg_credits,total_reg_courses,295.5,2
clean_v2,total_reg_credits,total_reg_courses,296.0,4
clean_v2,total_reg_credits,total_reg_courses,296.5,3
clean_v2,total_reg_credits,total_reg_courses,297.0,5
clean_v2,total_reg_credits,total_reg_courses,297.5,5
clean_v2,total_reg_credits,total_reg_courses,298.0,2
clean_v2,total_reg_credits,total_reg_courses,298.5,5
clean_v2,total_reg_credits,total_reg_courses,299.0,5
clean_v2,total_reg_credits,total_reg_courses,299.5,5
clean_v2,total_reg_credits,total_reg_courses,300.0,4
clean_v2,total_reg_credits,total_reg_courses,300.5,5
clean_v2,total_reg_credits,total_reg_courses,301.0,4
clean_v2,total_reg_credits,total_reg_courses,301.5,4
clean_v2,total_reg_credits,total_reg_courses,302.0,3
clean_v2,total_reg_credits,total_reg_courses,302.5,2
clean_v2,total_reg_credits,total_reg_courses,303.0,3
clean_v2,total_reg_credits,total_reg_courses,303.5,3
clean_v2,total_reg_credits,total_reg_courses,304.0,5
clean_v2,total_reg_credits,total_reg_courses,304.5,5
clean_v2,total_reg_credits,total_reg_courses,305.0,3
clean_v2,total_reg_credits,total_reg_courses,305.5,5
clean_v2,total_reg_credits,total_reg_courses,306.0,3
clean_v2,total_reg_credits,total_reg_courses,306.5,2
clean_v2,total_reg_credits,total_reg_courses,307.0,2
clean_v2,total_reg_credits,total_reg_courses,307.5,4
clean_v2,total_reg_credits,total_reg_courses,308.0,4
clean_v2,total_reg_credits,total_reg_courses,309.0,3
clean_v2,total_reg_credits,total_reg_courses,310.0,3
clean_v2,total_reg_credits,total_reg_courses,310.5,3
clean_v2,total_reg_credits,total_reg_courses,311.0,2
clean_v2,total_reg_credits,total_reg_courses,311.5,1
clean_v2,total_reg_credits,total_reg_courses,312.0,4
clean_v2,total_reg_credits,total_reg_courses,312.5,2
clean_v2,total_reg_credits,total_reg_courses,313.5,1
clean_v2,total_reg_credits,total_reg_courses,314.0,5
clean_v2,total_reg_credits,total_reg_courses,315.0,4
clean_v2,total_reg_credits,total_reg_courses,315.5,5
clean_v2,total_reg_credits,total_reg_courses,316.0,2
clean_v2,total_reg_credits,total_reg_courses,316.5,1
clean_v2,total_reg_credits,total_reg_courses,317.0,3
clean_v2,total_reg_credits,total_reg_courses,317.5,3
clean_v2,total_reg_credits,total_reg_courses,318.0,1
clean_v2,total_reg_credits,total_reg_courses,318.5,2
clean_v2,total_reg_credits,total_reg_courses,319.0,1
clean_v2,total_reg_credits,total_reg_courses,319.5,1
clean_v2,total_reg_credits,total_reg_courses,320.0,5
clean_v2,total_reg_credits,total_reg_courses,320.5,2
clean_v2,total_reg_credits,total_reg_courses,321.0,3
clean_v2,total_reg_credits,total_reg_courses,321.5,1
clean_v2,total_reg_credits,total_reg_courses,322.0,2
clean_v2,total_reg_credits,total_reg_courses,323.0,3
clean_v2,total_reg_credits,total_reg_courses,324.0,2
clean_v2,total_reg_credits,total_reg_courses,325.0,1
clean_v2,total_reg_credits,total_reg_courses,325.5,1
clean_v2,total_reg_credits,total_reg_courses,326.0,2
clean_v2,total_reg_credits,total_reg_courses,326.5,2
clean_v2,total_reg_credits,total_reg_courses,327.0,4
clean_v2,total_reg_credits,total_reg_courses,327.5,1
clean_v2,total_reg_credits,total_reg_courses,328.0,1
clean_v2,total_reg_credits,total_reg_courses,328.5,3
clean_v2,total_reg_credits,total_reg_courses,329.0,1
clean_v2,total_reg_credits,total_reg_courses,329.5,5
clean_v2,total_reg_credits,total_reg_courses,330.0,1
clean_v2,total_reg_credits,total_reg_courses,330.5,2
clean_v2,total_reg_credits,total_reg_courses,331.0,2
clean_v2,total_reg_credits,total_reg_courses,331.5,1
clean_v2,total_reg_credits,total_reg_courses,332.0,1
clean_v2,total_reg_credits,total_reg_courses,333.0,1
clean_v2,total_reg_credits,total_reg_courses,333.5,1
clean_v2,total_reg_credits,total_reg_courses,334.0,1
clean_v2,total_reg_credits,total_reg_courses,334.5,3
clean_v2,total_reg_credits,total_reg_courses,335.0,1
clean_v2,total_reg_credits,total_reg_courses,336.5,1
clean_v2,total_reg_credits,total_reg_courses,337.0,3
clean_v2,total_reg_credits,total_reg_courses,338.0,2
clean_v2,total_reg_credits,total_reg_courses,338.5,1
clean_v2,total_reg_credits,total_reg_courses,339.0,1
clean_v2,total_reg_credits,total_reg_courses,340.0,5
clean_v2,total_reg_credits,total_reg_courses,340.5,1
clean_v2,total_reg_credits,total_reg_courses,341.0,3
clean_v2,total_reg_credits,total_reg_courses,342.5,4
clean_v2,total_reg_credits,total_reg_courses,343.0,1
clean_v2,total_reg_credits,total_reg_courses,343.5,1
clean_v2,total_reg_credits,total_reg_courses,344.0,3
clean_v2,total_reg_credits,total_reg_courses,345.0,2
clean_v2,total_reg_credits,total_reg_courses,345.5,2
clean_v2,total_reg_credits,total_reg_courses,346.0,2
clean_v2,total_reg_credits,total_reg_courses,346.5,1
clean_v2,total_reg_credits,total_reg_courses,347.0,1
clean_v2,total_reg_credits,total_reg_courses,347.5,2
clean_v2,total_reg_credits,total_reg_courses,348.0,3
clean_v2,total_reg_credits,total_reg_courses,348.5,1
clean_v2,total_reg_credits,total_reg_courses,349.0,4
clean_v2,total_reg_credits,total_reg_courses,349.5,4
clean_v2,total_reg_credits,total_reg_courses,350.0,1
clean_v2,total_reg_credits,total_reg_courses,351.0,1
clean_v2,total_reg_credits,total_reg_courses,351.5,1
clean_v2,total_reg_credits,total_reg_courses,352.5,1
clean_v2,total_reg_credits,total_reg_courses,353.0,2
clean_v2,total_reg_credits,total_reg_courses,353.5,1
clean_v2,total_reg_credits,total_reg_courses,354.0,1
clean_v2,total_reg_credits,total_reg_courses,355.0,1
clean_v2,total_reg_credits,total_reg_courses,357.0,1
clean_v2,total_reg_credits,total_reg_courses,357.5,2
clean_v2,total_reg_credits,total_reg_courses,358.0,1
clean_v2,total_reg_credits,total_reg_courses,359.0,2
clean_v2,total_reg_credits,total_reg_courses,359.5,2
clean_v2,total_reg_credits,total_reg_courses,360.0,2
clean_v2,total_reg_credits,total_reg_courses,360.5,2
clean_v2,total_reg_credits,total_reg_courses,362.0,1
clean_v2,total_reg_credits,total_reg_courses,362.5,1
clean_v2,total_reg_credits,total_reg_courses,363.0,2
clean_v2,total_reg_credits,total_reg_courses,364.5,1
clean_v2,total_reg_credits,total_reg_courses,365.0,2
clean_v2,total_reg_credits,total_reg_courses,366.0,1
clean_v2,total_reg_credits,total_reg_courses,367.0,3
clean_v2,total_reg_credits,total_reg_courses,367.5,5
clean_v2,total_reg_credits,total_reg_courses,369.0,1
clean_v2,total_reg_credits,total_reg_courses,369.5,2
clean_v2,total_reg_credits,total_reg_courses,371.0,1
clean_v2,total_reg_credits,total_reg_courses,373.0,1
clean_v2,total_reg_credits,total_reg_courses,374.0,1
clean_v2,total_reg_credits,total_reg_courses,374.5,1
clean_v2,total_reg_credits,total_reg_courses,375.5,1
clean_v2,total_reg_credits,total_reg_courses,377.0,1
clean_v2,total_reg_credits,total_reg_courses,378.0,1
clean_v2,total_reg_credits,total_reg_courses,378.5,1
clean_v2,total_reg_credits,total_reg_courses,379.0,4
clean_v2,total_reg_credits,total_reg_courses,381.0,1
clean_v2,total_reg_credits,total_reg_courses,382.0,1
clean_v2,total_reg_credits,total_reg_courses,382.5,1
clean_v2,total_reg_credits,total_reg_courses,383.0,2
clean_v2,total_reg_credits,total_reg_courses,385.5,1
clean_v2,total_reg_credits,total_reg_courses,387.0,1
clean_v2,total_reg_credits,total_reg_courses,387.5,1
clean_v2,total_reg_credits,total_reg_courses,388.0,1
clean_v2,total_reg_credits,total_reg_courses,391.0,1
clean_v2,total_reg_credits,total_reg_courses,391.5,1
clean_v2,total_reg_credits,total_reg_courses,392.0,1
clean_v2,total_reg_credits,total_reg_courses,393.0,1
clean_v2,total_reg_credits,total_reg_courses,394.5,1
clean_v2,total_reg_credits,total_reg_courses,395.0,3
clean_v2,total_reg_credits,total_reg_courses,397.0,2
clean_v2,total_reg_credits,total_reg_courses,399.5,1
clean_v2,total_reg_credits,total_reg_courses,400.0,1
clean_v2,total_reg_credits,total_reg_courses,402.0,3
clean_v2,total_reg_credits,total_reg_courses,404.0,1
clean_v2,total_reg_credits,total_reg_courses,405.5,1
clean_v2,total_reg_credits,total_reg_courses,407.5,1
clean_v2,total_reg_credits,total_reg_courses,408.0,1
clean_v2,total_reg_credits,total_reg_courses,411.0,1
clean_v2,total_reg_credits,total_reg_courses,411.5,2
clean_v2,total_reg_credits,total_reg_courses,413.0,2
clean_v2,total_reg_credits,total_reg_courses,413.5,1
clean_v2,total_reg_credits,total_reg_courses,415.0,1
clean_v2,total_reg_credits,total_reg_courses,416.0,1
clean_v2,total_reg_credits,total_reg_courses,416.5,1
clean_v2,total_reg_credits,total_reg_courses,418.0,2
clean_v2,total_reg_credits,total_reg_courses,419.5,1
clean_v2,total_reg_credits,total_reg_courses,420.0,1
clean_v2,total_reg_credits,total_reg_courses,426.0,1
clean_v2,total_reg_credits,total_reg_courses,427.0,2
clean_v2,total_reg_credits,total_reg_courses,428.5,1
clean_v2,total_reg_credits,total_reg_courses,430.5,1
clean_v2,total_reg_credits,total_reg_courses,432.5,1
clean_v2,total_reg_credits,total_reg_courses,433.5,2
clean_v2,total_reg_credits,total_reg_courses,435.5,1
clean_v2,total_reg_credits,total_reg_courses,437.0,1
clean_v2,total_reg_credits,total_reg_courses,441.0,2
clean_v2,total_reg_credits,total_reg_courses,443.0,1
clean_v2,total_reg_credits,total_reg_courses,443.5,1
clean_v2,total_reg_credits,total_reg_courses,447.5,1
clean_v2,total_reg_credits,total_reg_courses,449.0,2
clean_v2,total_reg_credits,total_reg_courses,449.5,1
clean_v2,total_reg_credits,total_reg_courses,450.0,1
clean_v2,total_reg_credits,total_reg_courses,450.5,1
clean_v2,total_reg_credits,total_reg_courses,453.5,1
clean_v2,total_reg_credits,total_reg_courses,455.0,1
clean_v2,total_reg_credits,total_reg_courses,456.0,1
clean_v2,total_reg_credits,total_reg_courses,457.0,1
clean_v2,total_reg_credits,total_reg_courses,457.5,1
clean_v2,total_reg_credits,total_reg_courses,458.0,1
clean_v2,total_reg_credits,total_reg_courses,458.5,1
clean_v2,total_reg_credits,total_reg_courses,459.0,1
clean_v2,total_reg_credits,total_reg_courses,465.0,2
clean_v2,total_reg_credits,total_reg_courses,466.0,2
clean_v2,total_reg_credits,total_reg_courses,466.5,1
clean_v2,total_reg_credits,total_reg_courses,468.5,1
clean_v2,total_reg_credits,total_reg_courses,473.0,1
clean_v2,total_reg_credits,total_reg_courses,474.0,1
clean_v2,total_reg_credits,total_reg_courses,475.5,2
clean_v2,total_reg_credits,total_reg_courses,478.0,1
clean_v2,total_reg_credits,total_reg_courses,489.0,2
clean_v2,total_reg_credits,total_reg_courses,492.5,1
clean_v2,total_reg_credits,total_reg_courses,497.0,1
clean_v2,total_reg_credits,total_reg_courses,512.5,1
clean_v2,total_reg_credits,total_reg_courses,520.0,1
clean_v2,total_reg_credits,total_reg_courses,523.0,1
clean_v2,total_reg_credits,total_reg_courses,532.5,1
clean_v2,total_reg_credits,total_reg_courses,533.5,1
clean_v2,total_reg_credits,total_reg_courses,538.0,1
clean_v2,total_reg_credits,total_reg_courses,543.0,1
clean_v2,total_reg_credits,total_reg_courses,546.5,1
clean_v2,total_reg_credits,total_reg_courses,549.5,1
clean_v2,total_reg_credits,total_reg_courses,557.0,1
clean_v2,total_reg_credits,total_reg_courses,557.5,1
clean_v2,total_reg_credits,total_reg_courses,562.0,1
clean_v2,total_reg_credits,total_reg_courses,566.5,1
clean_v2,total_reg_credits,total_reg_courses,569.0,2
clean_v2,total_reg_credits,total_reg_courses,571.0,1
clean_v2,total_reg_credits,total_reg_courses,575.0,2
clean_v2,total_reg_credits,total_reg_courses,586.5,1
clean_v2,total_reg_credits,total_reg_courses,588.0,1
clean_v2,total_reg_credits,total_reg_courses,590.0,1
clean_v2,total_reg_credits,total_reg_courses,592.0,1
clean_v2,total_reg_credits,total_reg_courses,598.5,1
clean_v2,total_reg_credits,total_reg_courses,603.5,1
clean_v2,total_reg_credits,total_reg_courses,606.5,1
clean_v2,total_reg_credits,total_reg_courses,608.5,1
clean_v2,total_reg_credits,total_reg_courses,610.0,1
clean_v2,total_reg_credits,total_reg_courses,611.0,1
clean_v2,total_reg_credits,total_reg_courses,612.5,1
clean_v2,total_reg_credits,total_reg_courses,613.5,1
clean_v2,total_reg_credits,total_reg_courses,617.0,1
clean_v2,total_reg_credits,total_reg_courses,621.5,1
clean_v2,total_reg_credits,total_reg_courses,630.0,1
clean_v2,total_reg_credits,total_reg_courses,630.5,1
clean_v2,total_reg_credits,total_reg_courses,634.0,1
clean_v2,total_reg_credits,total_reg_courses,636.5,1
clean_v2,total_reg_credits,total_reg_courses,648.0,1
clean_v2,total_reg_credits,total_reg_courses,649.5,1
clean_v2,total_reg_credits,total_reg_courses,650.0,2
clean_v2,total_reg_credits,total_reg_courses,655.5,1
clean_v2,total_reg_credits,total_reg_courses,656.0,1
clean_v2,total_reg_credits,total_reg_courses,665.0,1
clean_v2,total_reg_credits,total_reg_courses,672.5,1
clean_v2,total_reg_credits,total_reg_courses,674.0,1
clean_v2,total_reg_credits,total_reg_courses,680.0,1
clean_v2,total_reg_credits,total_reg_courses,686.0,1
clean_v2,total_reg_credits,total_reg_courses,701.0,1
clean_v2,total_reg_credits,total_reg_courses,708.0,1
clean_v2,total_reg_credits,total_reg_courses,710.0,2
clean_v2,total_reg_credits,total_reg_courses,710.5,1
clean_v2,total_reg_credits,total_reg_courses,716.5,1
clean_v2,total_reg_credits,total_reg_courses,718.0,2
train_v2_course,start_total_in_credits,start_total_in_courses,0.0,36071
train_v2_course,start_total_in_credits,start_total_in_courses,1.0,585
train_v2_course,start_total_in_credits,start_total_in_courses,2.0,1241
train_v2_course,start_total_in_credits,start_total_in_courses,3.0,1311
train_v2_course,start_total_in_credits,start_total_in_courses,4.0,1687
train_v2_course,start_total_in_credits,start_total_in_courses,5.0,1483
train_v2_course,start_total_in_credits,start_total_in_courses,6.0,1980
train_v2_course,start_total_in_credits,start_total_in_courses,7.0,2045
train_v2_course,start_total_in_credits,start_total_in_courses,8.0,3234
train_v2_course,start_total_in_credits,start_total_in_courses,9.0,4429
train_v2_course,start_total_in_credits,start_total_in_courses,10.0,6631
train_v2_course,start_total_in_credits,start_total_in_courses,11.0,5680
train_v2_course,start_total_in_credits,start_total_in_courses,12.0,4666
train_v2_course,start_total_in_credits,start_total_in_courses,13.0,2326
train_v2_course,start_total_in_credits,start_total_in_courses,14.0,2813
train_v2_course,start_total_in_credits,start_total_in_courses,15.0,2168
train_v2_course,start_total_in_credits,start_total_in_courses,16.0,2637
train_v2_course,start_total_in_credits,start_total_in_courses,17.0,2667
train_v2_course,start_total_in_credits,start_total_in_courses,18.0,3068
train_v2_course,start_total_in_credits,start_total_in_courses,19.0,3065
train_v2_course,start_total_in_credits,start_total_in_courses,20.0,4339
train_v2_course,start_total_in_credits,start_total_in_courses,21.0,3837
train_v2_course,start_total_in_credits,start_total_in_courses,22.0,4318
train_v2_course,start_total_in_credits,start_total_in_courses,23.0,3551
train_v2_course,start_total_in_credits,start_total_in_courses,24.0,3400
train_v2_course,start_total_in_credits,start_total_in_courses,25.0,3416
train_v2_course,start_total_in_credits,start_total_in_courses,26.0,3140
train_v2_course,start_total_in_credits,start_total_in_courses,27.0,3088
train_v2_course,start_total_in_credits,start_total_in_courses,28.0,3161
train_v2_course,start_total_in_credits,start_total_in_courses,29.0,3395
train_v2_course,start_total_in_credits,start_total_in_courses,30.0,3314
train_v2_course,start_total_in_credits,start_total_in_courses,31.0,3434
train_v2_course,start_total_in_credits,start_total_in_courses,32.0,3436
train_v2_course,start_total_in_credits,start_total_in_courses,33.0,3289
train_v2_course,start_total_in_credits,start_total_in_courses,34.0,3312
train_v2_course,start_total_in_credits,start_total_in_courses,35.0,2851
train_v2_course,start_total_in_credits,start_total_in_courses,36.0,3048
train_v2_course,start_total_in_credits,start_total_in_courses,37.0,3068
train_v2_course,start_total_in_credits,start_total_in_courses,38.0,3210
train_v2_course,start_total_in_credits,start_total_in_courses,39.0,3137
train_v2_course,start_total_in_credits,start_total_in_courses,40.0,3379
train_v2_course,start_total_in_credits,start_total_in_courses,41.0,3279
train_v2_course,start_total_in_credits,start_total_in_courses,42.0,3278
train_v2_course,start_total_in_credits,start_total_in_courses,43.0,3481
train_v2_course,start_total_in_credits,start_total_in_courses,44.0,3232
train_v2_course,start_total_in_credits,start_total_in_courses,45.0,3150
train_v2_course,start_total_in_credits,start_total_in_courses,46.0,3193
train_v2_course,start_total_in_credits,start_total_in_courses,47.0,2909
train_v2_course,start_total_in_credits,start_total_in_courses,48.0,2857
train_v2_course,start_total_in_credits,start_total_in_courses,49.0,2991
train_v2_course,start_total_in_credits,start_total_in_courses,49.5,8
train_v2_course,start_total_in_credits,start_total_in_courses,50.0,3123
train_v2_course,start_total_in_credits,start_total_in_courses,51.0,3187
train_v2_course,start_total_in_credits,start_total_in_courses,52.0,3204
train_v2_course,start_total_in_credits,start_total_in_courses,53.0,2919
train_v2_course,start_total_in_credits,start_total_in_courses,53.5,3
train_v2_course,start_total_in_credits,start_total_in_courses,54.0,3048
train_v2_course,start_total_in_credits,start_total_in_courses,55.0,2853
train_v2_course,start_total_in_credits,start_total_in_courses,56.0,3090
train_v2_course,start_total_in_credits,start_total_in_courses,56.5,7
train_v2_course,start_total_in_credits,start_total_in_courses,57.0,2997
train_v2_course,start_total_in_credits,start_total_in_courses,58.0,2947
train_v2_course,start_total_in_credits,start_total_in_courses,58.5,11
train_v2_course,start_total_in_credits,start_total_in_courses,59.0,2901
train_v2_course,start_total_in_credits,start_total_in_courses,60.0,3183
train_v2_course,start_total_in_credits,start_total_in_courses,60.5,13
train_v2_course,start_total_in_credits,start_total_in_courses,61.0,3029
train_v2_course,start_total_in_credits,start_total_in_courses,62.0,3005
train_v2_course,start_total_in_credits,start_total_in_courses,62.5,8
train_v2_course,start_total_in_credits,start_total_in_courses,63.0,2829
train_v2_course,start_total_in_credits,start_total_in_courses,63.5,9
train_v2_course,start_total_in_credits,start_total_in_courses,64.0,2907
train_v2_course,start_total_in_credits,start_total_in_courses,64.5,6
train_v2_course,start_total_in_credits,start_total_in_courses,65.0,2978
train_v2_course,start_total_in_credits,start_total_in_courses,65.5,18
train_v2_course,start_total_in_credits,start_total_in_courses,66.0,2676
train_v2_course,start_total_in_credits,start_total_in_courses,66.5,19
train_v2_course,start_total_in_credits,start_total_in_courses,67.0,2918
train_v2_course,start_total_in_credits,start_total_in_courses,67.5,17
train_v2_course,start_total_in_credits,start_total_in_courses,68.0,2744
train_v2_course,start_total_in_credits,start_total_in_courses,68.5,28
train_v2_course,start_total_in_credits,start_total_in_courses,69.0,3023
train_v2_course,start_total_in_credits,start_total_in_courses,69.5,28
train_v2_course,start_total_in_credits,start_total_in_courses,70.0,2885
train_v2_course,start_total_in_credits,start_total_in_courses,70.5,30
train_v2_course,start_total_in_credits,start_total_in_courses,71.0,2796
train_v2_course,start_total_in_credits,start_total_in_courses,71.5,26
train_v2_course,start_total_in_credits,start_total_in_courses,72.0,2813
train_v2_course,start_total_in_credits,start_total_in_courses,72.5,30
train_v2_course,start_total_in_credits,start_total_in_courses,73.0,2595
train_v2_course,start_total_in_credits,start_total_in_courses,73.5,14
train_v2_course,start_total_in_credits,start_total_in_courses,74.0,2776
train_v2_course,start_total_in_credits,start_total_in_courses,74.5,29
train_v2_course,start_total_in_credits,start_total_in_courses,75.0,2793
train_v2_course,start_total_in_credits,start_total_in_courses,75.5,31
train_v2_course,start_total_in_credits,start_total_in_courses,76.0,2461
train_v2_course,start_total_in_credits,start_total_in_courses,76.5,26
train_v2_course,start_total_in_credits,start_total_in_courses,77.0,2606
train_v2_course,start_total_in_credits,start_total_in_courses,77.5,34
train_v2_course,start_total_in_credits,start_total_in_courses,78.0,2837
train_v2_course,start_total_in_credits,start_total_in_courses,78.5,99
train_v2_course,start_total_in_credits,start_total_in_courses,79.0,2547
train_v2_course,start_total_in_credits,start_total_in_courses,79.5,24
train_v2_course,start_total_in_credits,start_total_in_courses,80.0,2656
train_v2_course,start_total_in_credits,start_total_in_courses,80.5,49
train_v2_course,start_total_in_credits,start_total_in_courses,81.0,2520
train_v2_course,start_total_in_credits,start_total_in_courses,81.5,61
train_v2_course,start_total_in_credits,start_total_in_courses,82.0,2622
train_v2_course,start_total_in_credits,start_total_in_courses,82.5,71
train_v2_course,start_total_in_credits,start_total_in_courses,83.0,2568
train_v2_course,start_total_in_credits,start_total_in_courses,83.5,79
train_v2_course,start_total_in_credits,start_total_in_courses,84.0,2476
train_v2_course,start_total_in_credits,start_total_in_courses,84.5,92
train_v2_course,start_total_in_credits,start_total_in_courses,85.0,2468
train_v2_course,start_total_in_credits,start_total_in_courses,85.5,74
train_v2_course,start_total_in_credits,start_total_in_courses,86.0,2747
train_v2_course,start_total_in_credits,start_total_in_courses,86.5,90
train_v2_course,start_total_in_credits,start_total_in_courses,87.0,2091
train_v2_course,start_total_in_credits,start_total_in_courses,87.5,110
train_v2_course,start_total_in_credits,start_total_in_courses,88.0,2430
train_v2_course,start_total_in_credits,start_total_in_courses,88.5,118
train_v2_course,start_total_in_credits,start_total_in_courses,89.0,2439
train_v2_course,start_total_in_credits,start_total_in_courses,89.5,77
train_v2_course,start_total_in_credits,start_total_in_courses,90.0,2252
train_v2_course,start_total_in_credits,start_total_in_courses,90.5,125
train_v2_course,start_total_in_credits,start_total_in_courses,91.0,2215
train_v2_course,start_total_in_credits,start_total_in_courses,91.5,111
train_v2_course,start_total_in_credits,start_total_in_courses,92.0,2340
train_v2_course,start_total_in_credits,start_total_in_courses,92.5,112
train_v2_course,start_total_in_credits,start_total_in_courses,93.0,2518
train_v2_course,start_total_in_credits,start_total_in_courses,93.5,137
train_v2_course,start_total_in_credits,start_total_in_courses,94.0,2517
train_v2_course,start_total_in_credits,start_total_in_courses,94.5,81
train_v2_course,start_total_in_credits,start_total_in_courses,95.0,2452
train_v2_course,start_total_in_credits,start_total_in_courses,95.5,78
train_v2_course,start_total_in_credits,start_total_in_courses,96.0,2337
train_v2_course,start_total_in_credits,start_total_in_courses,96.5,57
train_v2_course,start_total_in_credits,start_total_in_courses,97.0,2239
train_v2_course,start_total_in_credits,start_total_in_courses,97.5,87
train_v2_course,start_total_in_credits,start_total_in_courses,98.0,2547
train_v2_course,start_total_in_credits,start_total_in_courses,98.5,129
train_v2_course,start_total_in_credits,start_total_in_courses,99.0,2012
train_v2_course,start_total_in_credits,start_total_in_courses,99.5,83
train_v2_course,start_total_in_credits,start_total_in_courses,100.0,1986
train_v2_course,start_total_in_credits,start_total_in_courses,100.5,139
train_v2_course,start_total_in_credits,start_total_in_courses,101.0,1727
train_v2_course,start_total_in_credits,start_total_in_courses,101.5,119
train_v2_course,start_total_in_credits,start_total_in_courses,102.0,1422
train_v2_course,start_total_in_credits,start_total_in_courses,102.5,101
train_v2_course,start_total_in_credits,start_total_in_courses,103.0,1329
train_v2_course,start_total_in_credits,start_total_in_courses,103.5,111
train_v2_course,start_total_in_credits,start_total_in_courses,104.0,1183
train_v2_course,start_total_in_credits,start_total_in_courses,104.5,143
train_v2_course,start_total_in_credits,start_total_in_courses,105.0,992
train_v2_course,start_total_in_credits,start_total_in_courses,105.5,114
train_v2_course,start_total_in_credits,start_total_in_courses,106.0,890
train_v2_course,start_total_in_credits,start_total_in_courses,106.5,148
train_v2_course,start_total_in_credits,start_total_in_courses,107.0,737
train_v2_course,start_total_in_credits,start_total_in_courses,107.5,136
train_v2_course,start_total_in_credits,start_total_in_courses,108.0,587
train_v2_course,start_total_in_credits,start_total_in_courses,108.5,121
train_v2_course,start_total_in_credits,start_total_in_courses,109.0,548
train_v2_course,start_total_in_credits,start_total_in_courses,109.5,68
train_v2_course,start_total_in_credits,start_total_in_courses,110.0,375
train_v2_course,start_total_in_credits,start_total_in_courses,110.5,139
train_v2_course,start_total_in_credits,start_total_in_courses,111.0,275
train_v2_course,start_total_in_credits,start_total_in_courses,111.5,142
train_v2_course,start_total_in_credits,start_total_in_courses,112.0,253
train_v2_course,start_total_in_credits,start_total_in_courses,112.5,151
train_v2_course,start_total_in_credits,start_total_in_courses,113.0,267
train_v2_course,start_total_in_credits,start_total_in_courses,113.5,105
train_v2_course,start_total_in_credits,start_total_in_courses,114.0,235
train_v2_course,start_total_in_credits,start_total_in_courses,114.5,123
train_v2_course,start_total_in_credits,start_total_in_courses,115.0,176
train_v2_course,start_total_in_credits,start_total_in_courses,115.5,53
train_v2_course,start_total_in_credits,start_total_in_courses,116.0,242
train_v2_course,start_total_in_credits,start_total_in_courses,116.5,158
train_v2_course,start_total_in_credits,start_total_in_courses,117.0,177
train_v2_course,start_total_in_credits,start_total_in_courses,117.5,79
train_v2_course,start_total_in_credits,start_total_in_courses,118.0,223
train_v2_course,start_total_in_credits,start_total_in_courses,118.5,119
train_v2_course,start_total_in_credits,start_total_in_courses,119.0,246
train_v2_course,start_total_in_credits,start_total_in_courses,119.5,151
train_v2_course,start_total_in_credits,start_total_in_courses,120.0,234
train_v2_course,start_total_in_credits,start_total_in_courses,120.5,64
train_v2_course,start_total_in_credits,start_total_in_courses,121.0,243
train_v2_course,start_total_in_credits,start_total_in_courses,121.5,115
train_v2_course,start_total_in_credits,start_total_in_courses,122.0,269
train_v2_course,start_total_in_credits,start_total_in_courses,122.5,114
train_v2_course,start_total_in_credits,start_total_in_courses,123.0,292
train_v2_course,start_total_in_credits,start_total_in_courses,123.5,125
train_v2_course,start_total_in_credits,start_total_in_courses,124.0,239
train_v2_course,start_total_in_credits,start_total_in_courses,124.5,148
train_v2_course,start_total_in_credits,start_total_in_courses,125.0,219
train_v2_course,start_total_in_credits,start_total_in_courses,125.5,129
train_v2_course,start_total_in_credits,start_total_in_courses,126.0,228
train_v2_course,start_total_in_credits,start_total_in_courses,126.5,108
train_v2_course,start_total_in_credits,start_total_in_courses,127.0,224
train_v2_course,start_total_in_credits,start_total_in_courses,127.5,154
train_v2_course,start_total_in_credits,start_total_in_courses,128.0,128
train_v2_course,start_total_in_credits,start_total_in_courses,128.5,155
train_v2_course,start_total_in_credits,start_total_in_courses,129.0,151
train_v2_course,start_total_in_credits,start_total_in_courses,129.5,187
train_v2_course,start_total_in_credits,start_total_in_courses,130.0,165
train_v2_course,start_total_in_credits,start_total_in_courses,130.5,155
train_v2_course,start_total_in_credits,start_total_in_courses,131.0,79
train_v2_course,start_total_in_credits,start_total_in_courses,131.5,116
train_v2_course,start_total_in_credits,start_total_in_courses,132.0,161
train_v2_course,start_total_in_credits,start_total_in_courses,132.5,66
train_v2_course,start_total_in_credits,start_total_in_courses,133.0,140
train_v2_course,start_total_in_credits,start_total_in_courses,133.5,112
train_v2_course,start_total_in_credits,start_total_in_courses,134.0,120
train_v2_course,start_total_in_credits,start_total_in_courses,134.5,128
train_v2_course,start_total_in_credits,start_total_in_courses,135.0,120
train_v2_course,start_total_in_credits,start_total_in_courses,135.5,102
train_v2_course,start_total_in_credits,start_total_in_courses,136.0,152
train_v2_course,start_total_in_credits,start_total_in_courses,136.5,116
train_v2_course,start_total_in_credits,start_total_in_courses,137.0,132
train_v2_course,start_total_in_credits,start_total_in_courses,137.5,159
train_v2_course,start_total_in_credits,start_total_in_courses,138.0,182
train_v2_course,start_total_in_credits,start_total_in_courses,138.5,143
train_v2_course,start_total_in_credits,start_total_in_courses,139.0,204
train_v2_course,start_total_in_credits,start_total_in_courses,139.5,146
train_v2_course,start_total_in_credits,start_total_in_courses,140.0,138
train_v2_course,start_total_in_credits,start_total_in_courses,140.5,133
train_v2_course,start_total_in_credits,start_total_in_courses,141.0,197
train_v2_course,start_total_in_credits,start_total_in_courses,141.5,152
train_v2_course,start_total_in_credits,start_total_in_courses,142.0,199
train_v2_course,start_total_in_credits,start_total_in_courses,142.5,115
train_v2_course,start_total_in_credits,start_total_in_courses,143.0,205
train_v2_course,start_total_in_credits,start_total_in_courses,143.5,88
train_v2_course,start_total_in_credits,start_total_in_courses,144.0,247
train_v2_course,start_total_in_credits,start_total_in_courses,144.5,98
train_v2_course,start_total_in_credits,start_total_in_courses,145.0,171
train_v2_course,start_total_in_credits,start_total_in_courses,145.5,155
train_v2_course,start_total_in_credits,start_total_in_courses,146.0,163
train_v2_course,start_total_in_credits,start_total_in_courses,146.5,141
train_v2_course,start_total_in_credits,start_total_in_courses,147.0,139
train_v2_course,start_total_in_credits,start_total_in_courses,147.5,107
train_v2_course,start_total_in_credits,start_total_in_courses,148.0,158
train_v2_course,start_total_in_credits,start_total_in_courses,148.5,102
train_v2_course,start_total_in_credits,start_total_in_courses,149.0,132
train_v2_course,start_total_in_credits,start_total_in_courses,149.5,81
train_v2_course,start_total_in_credits,start_total_in_courses,150.0,102
train_v2_course,start_total_in_credits,start_total_in_courses,150.5,72
train_v2_course,start_total_in_credits,start_total_in_courses,151.0,145
train_v2_course,start_total_in_credits,start_total_in_courses,151.5,51
train_v2_course,start_total_in_credits,start_total_in_courses,152.0,128
train_v2_course,start_total_in_credits,start_total_in_courses,152.5,61
train_v2_course,start_total_in_credits,start_total_in_courses,153.0,150
train_v2_course,start_total_in_credits,start_total_in_courses,153.5,67
train_v2_course,start_total_in_credits,start_total_in_courses,154.0,171
train_v2_course,start_total_in_credits,start_total_in_courses,154.5,90
train_v2_course,start_total_in_credits,start_total_in_courses,155.0,194
train_v2_course,start_total_in_credits,start_total_in_courses,155.5,53
train_v2_course,start_total_in_credits,start_total_in_courses,156.0,228
train_v2_course,start_total_in_credits,start_total_in_courses,156.5,47
train_v2_course,start_total_in_credits,start_total_in_courses,157.0,335
train_v2_course,start_total_in_credits,start_total_in_courses,157.5,58
train_v2_course,start_total_in_credits,start_total_in_courses,158.0,364
train_v2_course,start_total_in_credits,start_total_in_courses,158.5,45
train_v2_course,start_total_in_credits,start_total_in_courses,159.0,209
train_v2_course,start_total_in_credits,start_total_in_courses,159.5,43
train_v2_course,start_total_in_credits,start_total_in_courses,160.0,211
train_v2_course,start_total_in_credits,start_total_in_courses,160.5,12
train_v2_course,start_total_in_credits,start_total_in_courses,161.0,142
train_v2_course,start_total_in_credits,start_total_in_courses,161.5,9
train_v2_course,start_total_in_credits,start_total_in_courses,162.0,221
train_v2_course,start_total_in_credits,start_total_in_courses,163.0,877
train_v2_course,start_total_in_credits,start_total_in_courses,164.0,84
train_v2_course,start_total_in_credits,start_total_in_courses,165.0,401
train_v2_course,start_total_in_credits,start_total_in_courses,166.0,10
train_v2_course,start_total_in_credits,start_total_in_courses,167.0,3
train_v2_course,start_total_in_credits,start_total_in_courses,174.0,2
train_v2_course,start_total_in_credits,start_total_in_courses,180.0,2
train_v2_course,start_total_in_credits,start_total_in_courses,184.0,1
train_v2_course,start_total_in_credits,start_total_in_courses,186.0,54
train_v2_course,start_total_in_credits,start_total_in_courses,187.0,4
train_v2_course,start_total_in_credits,total_reg_credits,-360.0,8
train_v2_course,start_total_in_credits,total_reg_credits,-321.0,3
train_v2_course,start_total_in_credits,total_reg_credits,-291.0,17
train_v2_course,start_total_in_credits,total_reg_credits,-268.0,1
train_v2_course,start_total_in_credits,total_reg_credits,-265.5,1
train_v2_course,start_total_in_credits,total_reg_credits,-265.0,1
train_v2_course,start_total_in_credits,total_reg_credits,-262.0,7
train_v2_course,start_total_in_credits,total_reg_credits,-253.5,1
train_v2_course,start_total_in_credits,total_reg_credits,-252.0,7
train_v2_course,start_total_in_credits,total_reg_credits,-251.0,3
train_v2_course,start_total_in_credits,total_reg_credits,-248.0,14
train_v2_course,start_total_in_credits,total_reg_credits,-246.0,3
train_v2_course,start_total_in_credits,total_reg_credits,-245.0,8
train_v2_course,start_total_in_credits,total_reg_credits,-244.0,5
train_v2_course,start_total_in_credits,total_reg_credits,-243.0,3
train_v2_course,start_total_in_credits,total_reg_credits,-242.0,6
train_v2_course,start_total_in_credits,total_reg_credits,-241.5,4
train_v2_course,start_total_in_credits,total_reg_credits,-241.0,4
train_v2_course,start_total_in_credits,total_reg_credits,-240.0,6
train_v2_course,start_total_in_credits,total_reg_credits,-239.0,9
train_v2_course,start_total_in_credits,total_reg_credits,-237.0,14
train_v2_course,start_total_in_credits,total_reg_credits,-236.0,4
train_v2_course,start_total_in_credits,total_reg_credits,-235.0,21
train_v2_course,start_total_in_credits,total_reg_credits,-234.0,48
train_v2_course,start_total_in_credits,total_reg_credits,-233.5,11
train_v2_course,start_total_in_credits,total_reg_credits,-233.0,8
train_v2_course,start_total_in_credits,total_reg_credits,-232.5,2
train_v2_course,start_total_in_credits,total_reg_credits,-232.0,35
train_v2_course,start_total_in_credits,total_reg_credits,-231.0,13
train_v2_course,start_total_in_credits,total_reg_credits,-230.5,2
train_v2_course,start_total_in_credits,total_reg_credits,-230.0,3
train_v2_course,start_total_in_credits,total_reg_credits,-229.5,3
train_v2_course,start_total_in_credits,total_reg_credits,-228.5,4
train_v2_course,start_total_in_credits,total_reg_credits,-228.0,7
train_v2_course,start_total_in_credits,total_reg_credits,-226.5,6
train_v2_course,start_total_in_credits,total_reg_credits,-225.0,3
train_v2_course,start_total_in_credits,total_reg_credits,-224.0,9
train_v2_course,start_total_in_credits,total_reg_credits,-223.5,4
train_v2_course,start_total_in_credits,total_reg_credits,-223.0,15
train_v2_course,start_total_in_credits,total_reg_credits,-222.5,3
train_v2_course,start_total_in_credits,total_reg_credits,-221.5,3
train_v2_course,start_total_in_credits,total_reg_credits,-221.0,1
train_v2_course,start_total_in_credits,total_reg_credits,-220.5,5
train_v2_course,start_total_in_credits,total_reg_credits,-220.0,8
train_v2_course,start_total_in_credits,total_reg_credits,-219.0,5
train_v2_course,start_total_in_credits,total_reg_credits,-218.5,6
train_v2_course,start_total_in_credits,total_reg_credits,-218.0,1
train_v2_course,start_total_in_credits,total_reg_credits,-217.5,11
train_v2_course,start_total_in_credits,total_reg_credits,-216.5,5
train_v2_course,start_total_in_credits,total_reg_credits,-216.0,18
train_v2_course,start_total_in_credits,total_reg_credits,-215.0,8
train_v2_course,start_total_in_credits,total_reg_credits,-214.0,9
train_v2_course,start_total_in_credits,total_reg_credits,-213.5,7
train_v2_course,start_total_in_credits,total_reg_credits,-213.0,5
train_v2_course,start_total_in_credits,total_reg_credits,-212.0,11
train_v2_course,start_total_in_credits,total_reg_credits,-211.5,3
train_v2_course,start_total_in_credits,total_reg_credits,-211.0,9
train_v2_course,start_total_in_credits,total_reg_credits,-210.0,10
train_v2_course,start_total_in_credits,total_reg_credits,-209.5,5
train_v2_course,start_total_in_credits,total_reg_credits,-209.0,10
train_v2_course,start_total_in_credits,total_reg_credits,-208.0,14
train_v2_course,start_total_in_credits,total_reg_credits,-207.5,4
train_v2_course,start_total_in_credits,total_reg_credits,-207.0,14
train_v2_course,start_total_in_credits,total_reg_credits,-206.0,29
train_v2_course,start_total_in_credits,total_reg_credits,-205.0,13
train_v2_course,start_total_in_credits,total_reg_credits,-204.0,9
train_v2_course,start_total_in_credits,total_reg_credits,-203.0,13
train_v2_course,start_total_in_credits,total_reg_credits,-202.5,3
train_v2_course,start_total_in_credits,total_reg_credits,-202.0,25
train_v2_course,start_total_in_credits,total_reg_credits,-201.0,16
train_v2_course,start_total_in_credits,total_reg_credits,-200.5,18
train_v2_course,start_total_in_credits,total_reg_credits,-200.0,9
train_v2_course,start_total_in_credits,total_reg_credits,-199.5,15
train_v2_course,start_total_in_credits,total_reg_credits,-199.0,25
train_v2_course,start_total_in_credits,total_reg_credits,-198.5,3
train_v2_course,start_total_in_credits,total_reg_credits,-198.0,35
train_v2_course,start_total_in_credits,total_reg_credits,-197.5,2
train_v2_course,start_total_in_credits,total_reg_credits,-197.0,24
train_v2_course,start_total_in_credits,total_reg_credits,-196.5,5
train_v2_course,start_total_in_credits,total_reg_credits,-196.0,20
train_v2_course,start_total_in_credits,total_reg_credits,-195.0,31
train_v2_course,start_total_in_credits,total_reg_credits,-194.5,15
train_v2_course,start_total_in_credits,total_reg_credits,-194.0,39
train_v2_course,start_total_in_credits,total_reg_credits,-193.5,1
train_v2_course,start_total_in_credits,total_reg_credits,-193.0,9
train_v2_course,start_total_in_credits,total_reg_credits,-192.5,6
train_v2_course,start_total_in_credits,total_reg_credits,-192.0,35
train_v2_course,start_total_in_credits,total_reg_credits,-191.5,11
train_v2_course,start_total_in_credits,total_reg_credits,-191.0,42
train_v2_course,start_total_in_credits,total_reg_credits,-190.0,36
train_v2_course,start_total_in_credits,total_reg_credits,-189.5,2
train_v2_course,start_total_in_credits,total_reg_credits,-189.0,65
train_v2_course,start_total_in_credits,total_reg_credits,-188.5,7
train_v2_course,start_total_in_credits,total_reg_credits,-188.0,49
train_v2_course,start_total_in_credits,total_reg_credits,-187.0,35
train_v2_course,start_total_in_credits,total_reg_credits,-186.5,8
train_v2_course,start_total_in_credits,total_reg_credits,-186.0,17
train_v2_course,start_total_in_credits,total_reg_credits,-185.5,8
train_v2_course,start_total_in_credits,total_reg_credits,-185.0,66
train_v2_course,start_total_in_credits,total_reg_credits,-184.0,71
train_v2_course,start_total_in_credits,total_reg_credits,-183.0,40
train_v2_course,start_total_in_credits,total_reg_credits,-182.5,10
train_v2_course,start_total_in_credits,total_reg_credits,-182.0,41
train_v2_course,start_total_in_credits,total_reg_credits,-181.5,6
train_v2_course,start_total_in_credits,total_reg_credits,-181.0,55
train_v2_course,start_total_in_credits,total_reg_credits,-180.5,3
train_v2_course,start_total_in_credits,total_reg_credits,-180.0,34
train_v2_course,start_total_in_credits,total_reg_credits,-179.5,6
train_v2_course,start_total_in_credits,total_reg_credits,-179.0,49
train_v2_course,start_total_in_credits,total_reg_credits,-178.5,7
train_v2_course,start_total_in_credits,total_reg_credits,-178.0,59
train_v2_course,start_total_in_credits,total_reg_credits,-177.5,6
train_v2_course,start_total_in_credits,total_reg_credits,-177.0,38
train_v2_course,start_total_in_credits,total_reg_credits,-176.5,4
train_v2_course,start_total_in_credits,total_reg_credits,-176.0,75
train_v2_course,start_total_in_credits,total_reg_credits,-175.5,2
train_v2_course,start_total_in_credits,total_reg_credits,-175.0,98
train_v2_course,start_total_in_credits,total_reg_credits,-174.5,41
train_v2_course,start_total_in_credits,total_reg_credits,-174.0,42
train_v2_course,start_total_in_credits,total_reg_credits,-173.5,19
train_v2_course,start_total_in_credits,total_reg_credits,-173.0,65
train_v2_course,start_total_in_credits,total_reg_credits,-172.5,4
train_v2_course,start_total_in_credits,total_reg_credits,-172.0,86
train_v2_course,start_total_in_credits,total_reg_credits,-171.5,8
train_v2_course,start_total_in_credits,total_reg_credits,-171.0,33
train_v2_course,start_total_in_credits,total_reg_credits,-170.5,3
train_v2_course,start_total_in_credits,total_reg_credits,-170.0,48
train_v2_course,start_total_in_credits,total_reg_credits,-169.5,21
train_v2_course,start_total_in_credits,total_reg_credits,-169.0,21
train_v2_course,start_total_in_credits,total_reg_credits,-168.5,32
train_v2_course,start_total_in_credits,total_reg_credits,-168.0,41
train_v2_course,start_total_in_credits,total_reg_credits,-167.5,4
train_v2_course,start_total_in_credits,total_reg_credits,-167.0,102
train_v2_course,start_total_in_credits,total_reg_credits,-166.5,3
train_v2_course,start_total_in_credits,total_reg_credits,-166.0,103
train_v2_course,start_total_in_credits,total_reg_credits,-165.0,37
train_v2_course,start_total_in_credits,total_reg_credits,-164.5,10
train_v2_course,start_total_in_credits,total_reg_credits,-164.0,62
train_v2_course,start_total_in_credits,total_reg_credits,-163.5,17
train_v2_course,start_total_in_credits,total_reg_credits,-163.0,61
train_v2_course,start_total_in_credits,total_reg_credits,-162.5,5
train_v2_course,start_total_in_credits,total_reg_credits,-162.0,91
train_v2_course,start_total_in_credits,total_reg_credits,-161.5,5
train_v2_course,start_total_in_credits,total_reg_credits,-161.0,108
train_v2_course,start_total_in_credits,total_reg_credits,-160.5,18
train_v2_course,start_total_in_credits,total_reg_credits,-160.0,66
train_v2_course,start_total_in_credits,total_reg_credits,-159.5,13
train_v2_course,start_total_in_credits,total_reg_credits,-159.0,85
train_v2_course,start_total_in_credits,total_reg_credits,-158.5,2
train_v2_course,start_total_in_credits,total_reg_credits,-158.0,62
train_v2_course,start_total_in_credits,total_reg_credits,-157.5,15
train_v2_course,start_total_in_credits,total_reg_credits,-157.0,74
train_v2_course,start_total_in_credits,total_reg_credits,-156.5,7
train_v2_course,start_total_in_credits,total_reg_credits,-156.0,75
train_v2_course,start_total_in_credits,total_reg_credits,-155.5,1
train_v2_course,start_total_in_credits,total_reg_credits,-155.0,76
train_v2_course,start_total_in_credits,total_reg_credits,-154.5,5
train_v2_course,start_total_in_credits,total_reg_credits,-154.0,62
train_v2_course,start_total_in_credits,total_reg_credits,-153.5,2
train_v2_course,start_total_in_credits,total_reg_credits,-153.0,79
train_v2_course,start_total_in_credits,total_reg_credits,-152.5,9
train_v2_course,start_total_in_credits,total_reg_credits,-152.0,97
train_v2_course,start_total_in_credits,total_reg_credits,-151.5,15
train_v2_course,start_total_in_credits,total_reg_credits,-151.0,86
train_v2_course,start_total_in_credits,total_reg_credits,-150.5,11
train_v2_course,start_total_in_credits,total_reg_credits,-150.0,69
train_v2_course,start_total_in_credits,total_reg_credits,-149.5,6
train_v2_course,start_total_in_credits,total_reg_credits,-149.0,105
train_v2_course,start_total_in_credits,total_reg_credits,-148.5,5
train_v2_course,start_total_in_credits,total_reg_credits,-148.0,129
train_v2_course,start_total_in_credits,total_reg_credits,-147.5,7
train_v2_course,start_total_in_credits,total_reg_credits,-147.0,104
train_v2_course,start_total_in_credits,total_reg_credits,-146.5,2
train_v2_course,start_total_in_credits,total_reg_credits,-146.0,98
train_v2_course,start_total_in_credits,total_reg_credits,-145.5,8
train_v2_course,start_total_in_credits,total_reg_credits,-145.0,75
train_v2_course,start_total_in_credits,total_reg_credits,-144.5,17
train_v2_course,start_total_in_credits,total_reg_credits,-144.0,65
train_v2_course,start_total_in_credits,total_reg_credits,-143.5,10
train_v2_course,start_total_in_credits,total_reg_credits,-143.0,121
train_v2_course,start_total_in_credits,total_reg_credits,-142.5,6
train_v2_course,start_total_in_credits,total_reg_credits,-142.0,107
train_v2_course,start_total_in_credits,total_reg_credits,-141.5,3
train_v2_course,start_total_in_credits,total_reg_credits,-141.0,124
train_v2_course,start_total_in_credits,total_reg_credits,-140.5,15
train_v2_course,start_total_in_credits,total_reg_credits,-140.0,113
train_v2_course,start_total_in_credits,total_reg_credits,-139.5,1
train_v2_course,start_total_in_credits,total_reg_credits,-139.0,117
train_v2_course,start_total_in_credits,total_reg_credits,-138.5,2
train_v2_course,start_total_in_credits,total_reg_credits,-138.0,123
train_v2_course,start_total_in_credits,total_reg_credits,-137.5,21
train_v2_course,start_total_in_credits,total_reg_credits,-137.0,122
train_v2_course,start_total_in_credits,total_reg_credits,-136.5,4
train_v2_course,start_total_in_credits,total_reg_credits,-136.0,113
train_v2_course,start_total_in_credits,total_reg_credits,-135.5,5
train_v2_course,start_total_in_credits,total_reg_credits,-135.0,173
train_v2_course,start_total_in_credits,total_reg_credits,-134.5,2
train_v2_course,start_total_in_credits,total_reg_credits,-134.0,91
train_v2_course,start_total_in_credits,total_reg_credits,-133.5,20
train_v2_course,start_total_in_credits,total_reg_credits,-133.0,127
train_v2_course,start_total_in_credits,total_reg_credits,-132.5,14
train_v2_course,start_total_in_credits,total_reg_credits,-132.0,175
train_v2_course,start_total_in_credits,total_reg_credits,-131.5,13
train_v2_course,start_total_in_credits,total_reg_credits,-131.0,124
train_v2_course,start_total_in_credits,total_reg_credits,-130.0,100
train_v2_course,start_total_in_credits,total_reg_credits,-129.5,2
train_v2_course,start_total_in_credits,total_reg_credits,-129.0,153
train_v2_course,start_total_in_credits,total_reg_credits,-128.5,21
train_v2_course,start_total_in_credits,total_reg_credits,-128.0,100
train_v2_course,start_total_in_credits,total_reg_credits,-127.5,16
train_v2_course,start_total_in_credits,total_reg_credits,-127.0,193
train_v2_course,start_total_in_credits,total_reg_credits,-126.0,211
train_v2_course,start_total_in_credits,total_reg_credits,-125.5,18
train_v2_course,start_total_in_credits,total_reg_credits,-125.0,124
train_v2_course,start_total_in_credits,total_reg_credits,-124.5,5
train_v2_course,start_total_in_credits,total_reg_credits,-124.0,175
train_v2_course,start_total_in_credits,total_reg_credits,-123.5,3
train_v2_course,start_total_in_credits,total_reg_credits,-123.0,202
train_v2_course,start_total_in_credits,total_reg_credits,-122.5,12
train_v2_course,start_total_in_credits,total_reg_credits,-122.0,165
train_v2_course,start_total_in_credits,total_reg_credits,-121.5,3
train_v2_course,start_total_in_credits,total_reg_credits,-121.0,176
train_v2_course,start_total_in_credits,total_reg_credits,-120.5,4
train_v2_course,start_total_in_credits,total_reg_credits,-120.0,205
train_v2_course,start_total_in_credits,total_reg_credits,-119.5,26
train_v2_course,start_total_in_credits,total_reg_credits,-119.0,184
train_v2_course,start_total_in_credits,total_reg_credits,-118.5,9
train_v2_course,start_total_in_credits,total_reg_credits,-118.0,190
train_v2_course,start_total_in_credits,total_reg_credits,-117.5,5
train_v2_course,start_total_in_credits,total_reg_credits,-117.0,181
train_v2_course,start_total_in_credits,total_reg_credits,-116.5,5
train_v2_course,start_total_in_credits,total_reg_credits,-116.0,148
train_v2_course,start_total_in_credits,total_reg_credits,-115.5,4
train_v2_course,start_total_in_credits,total_reg_credits,-115.0,285
train_v2_course,start_total_in_credits,total_reg_credits,-114.5,6
train_v2_course,start_total_in_credits,total_reg_credits,-114.0,181
train_v2_course,start_total_in_credits,total_reg_credits,-113.5,19
train_v2_course,start_total_in_credits,total_reg_credits,-113.0,205
train_v2_course,start_total_in_credits,total_reg_credits,-112.5,21
train_v2_course,start_total_in_credits,total_reg_credits,-112.0,181
train_v2_course,start_total_in_credits,total_reg_credits,-111.5,11
train_v2_course,start_total_in_credits,total_reg_credits,-111.0,192
train_v2_course,start_total_in_credits,total_reg_credits,-110.5,5
train_v2_course,start_total_in_credits,total_reg_credits,-110.0,220
train_v2_course,start_total_in_credits,total_reg_credits,-109.5,10
train_v2_course,start_total_in_credits,total_reg_credits,-109.0,226
train_v2_course,start_total_in_credits,total_reg_credits,-108.5,38
train_v2_course,start_total_in_credits,total_reg_credits,-108.0,184
train_v2_course,start_total_in_credits,total_reg_credits,-107.5,8
train_v2_course,start_total_in_credits,total_reg_credits,-107.0,235
train_v2_course,start_total_in_credits,total_reg_credits,-106.5,3
train_v2_course,start_total_in_credits,total_reg_credits,-106.0,219
train_v2_course,start_total_in_credits,total_reg_credits,-105.5,8
train_v2_course,start_total_in_credits,total_reg_credits,-105.0,258
train_v2_course,start_total_in_credits,total_reg_credits,-104.5,4
train_v2_course,start_total_in_credits,total_reg_credits,-104.0,204
train_v2_course,start_total_in_credits,total_reg_credits,-103.5,6
train_v2_course,start_total_in_credits,total_reg_credits,-103.0,237
train_v2_course,start_total_in_credits,total_reg_credits,-102.5,6
train_v2_course,start_total_in_credits,total_reg_credits,-102.0,247
train_v2_course,start_total_in_credits,total_reg_credits,-101.5,15
train_v2_course,start_total_in_credits,total_reg_credits,-101.0,330
train_v2_course,start_total_in_credits,total_reg_credits,-100.5,22
train_v2_course,start_total_in_credits,total_reg_credits,-100.0,275
train_v2_course,start_total_in_credits,total_reg_credits,-99.5,4
train_v2_course,start_total_in_credits,total_reg_credits,-99.0,310
train_v2_course,start_total_in_credits,total_reg_credits,-98.5,23
train_v2_course,start_total_in_credits,total_reg_credits,-98.0,304
train_v2_course,start_total_in_credits,total_reg_credits,-97.5,13
train_v2_course,start_total_in_credits,total_reg_credits,-97.0,303
train_v2_course,start_total_in_credits,total_reg_credits,-96.5,26
train_v2_course,start_total_in_credits,total_reg_credits,-96.0,265
train_v2_course,start_total_in_credits,total_reg_credits,-95.5,27
train_v2_course,start_total_in_credits,total_reg_credits,-95.0,371
train_v2_course,start_total_in_credits,total_reg_credits,-94.5,24
train_v2_course,start_total_in_credits,total_reg_credits,-94.0,197
train_v2_course,start_total_in_credits,total_reg_credits,-93.5,8
train_v2_course,start_total_in_credits,total_reg_credits,-93.0,267
train_v2_course,start_total_in_credits,total_reg_credits,-92.5,15
train_v2_course,start_total_in_credits,total_reg_credits,-92.0,316
train_v2_course,start_total_in_credits,total_reg_credits,-91.5,45
train_v2_course,start_total_in_credits,total_reg_credits,-91.0,296
train_v2_course,start_total_in_credits,total_reg_credits,-90.5,29
train_v2_course,start_total_in_credits,total_reg_credits,-90.0,330
train_v2_course,start_total_in_credits,total_reg_credits,-89.5,12
train_v2_course,start_total_in_credits,total_reg_credits,-89.0,358
train_v2_course,start_total_in_credits,total_reg_credits,-88.5,3
train_v2_course,start_total_in_credits,total_reg_credits,-88.0,243
train_v2_course,start_total_in_credits,total_reg_credits,-87.5,21
train_v2_course,start_total_in_credits,total_reg_credits,-87.0,337
train_v2_course,start_total_in_credits,total_reg_credits,-86.5,9
train_v2_course,start_total_in_credits,total_reg_credits,-86.0,392
train_v2_course,start_total_in_credits,total_reg_credits,-85.5,37
train_v2_course,start_total_in_credits,total_reg_credits,-85.0,321
train_v2_course,start_total_in_credits,total_reg_credits,-84.5,31
train_v2_course,start_total_in_credits,total_reg_credits,-84.0,365
train_v2_course,start_total_in_credits,total_reg_credits,-83.5,17
train_v2_course,start_total_in_credits,total_reg_credits,-83.0,419
train_v2_course,start_total_in_credits,total_reg_credits,-82.5,21
train_v2_course,start_total_in_credits,total_reg_credits,-82.0,385
train_v2_course,start_total_in_credits,total_reg_credits,-81.5,40
train_v2_course,start_total_in_credits,total_reg_credits,-81.0,463
train_v2_course,start_total_in_credits,total_reg_credits,-80.5,40
train_v2_course,start_total_in_credits,total_reg_credits,-80.0,415
train_v2_course,start_total_in_credits,total_reg_credits,-79.5,17
train_v2_course,start_total_in_credits,total_reg_credits,-79.0,456
train_v2_course,start_total_in_credits,total_reg_credits,-78.5,26
train_v2_course,start_total_in_credits,total_reg_credits,-78.0,420
train_v2_course,start_total_in_credits,total_reg_credits,-77.5,16
train_v2_course,start_total_in_credits,total_reg_credits,-77.0,422
train_v2_course,start_total_in_credits,total_reg_credits,-76.5,38
train_v2_course,start_total_in_credits,total_reg_credits,-76.0,440
train_v2_course,start_total_in_credits,total_reg_credits,-75.5,18
train_v2_course,start_total_in_credits,total_reg_credits,-75.0,551
train_v2_course,start_total_in_credits,total_reg_credits,-74.5,59
train_v2_course,start_total_in_credits,total_reg_credits,-74.0,602
train_v2_course,start_total_in_credits,total_reg_credits,-73.5,20
train_v2_course,start_total_in_credits,total_reg_credits,-73.0,490
train_v2_course,start_total_in_credits,total_reg_credits,-72.5,22
train_v2_course,start_total_in_credits,total_reg_credits,-72.0,680
train_v2_course,start_total_in_credits,total_reg_credits,-71.5,9
train_v2_course,start_total_in_credits,total_reg_credits,-71.0,621
train_v2_course,start_total_in_credits,total_reg_credits,-70.5,68
train_v2_course,start_total_in_credits,total_reg_credits,-70.0,487
train_v2_course,start_total_in_credits,total_reg_credits,-69.5,17
train_v2_course,start_total_in_credits,total_reg_credits,-69.0,737
train_v2_course,start_total_in_credits,total_reg_credits,-68.5,60
train_v2_course,start_total_in_credits,total_reg_credits,-68.0,738
train_v2_course,start_total_in_credits,total_reg_credits,-67.5,15
train_v2_course,start_total_in_credits,total_reg_credits,-67.0,680
train_v2_course,start_total_in_credits,total_reg_credits,-66.5,12
train_v2_course,start_total_in_credits,total_reg_credits,-66.0,666
train_v2_course,start_total_in_credits,total_reg_credits,-65.5,21
train_v2_course,start_total_in_credits,total_reg_credits,-65.0,687
train_v2_course,start_total_in_credits,total_reg_credits,-64.5,62
train_v2_course,start_total_in_credits,total_reg_credits,-64.0,759
train_v2_course,start_total_in_credits,total_reg_credits,-63.5,59
train_v2_course,start_total_in_credits,total_reg_credits,-63.0,784
train_v2_course,start_total_in_credits,total_reg_credits,-62.5,53
train_v2_course,start_total_in_credits,total_reg_credits,-62.0,707
train_v2_course,start_total_in_credits,total_reg_credits,-61.5,25
train_v2_course,start_total_in_credits,total_reg_credits,-61.0,786
train_v2_course,start_total_in_credits,total_reg_credits,-60.5,19
train_v2_course,start_total_in_credits,total_reg_credits,-60.0,870
train_v2_course,start_total_in_credits,total_reg_credits,-59.5,55
train_v2_course,start_total_in_credits,total_reg_credits,-59.0,861
train_v2_course,start_total_in_credits,total_reg_credits,-58.5,45
train_v2_course,start_total_in_credits,total_reg_credits,-58.0,942
train_v2_course,start_total_in_credits,total_reg_credits,-57.5,44
train_v2_course,start_total_in_credits,total_reg_credits,-57.0,857
train_v2_course,start_total_in_credits,total_reg_credits,-56.5,12
train_v2_course,start_total_in_credits,total_reg_credits,-56.0,848
train_v2_course,start_total_in_credits,total_reg_credits,-55.5,83
train_v2_course,start_total_in_credits,total_reg_credits,-55.0,940
train_v2_course,start_total_in_credits,total_reg_credits,-54.5,16
train_v2_course,start_total_in_credits,total_reg_credits,-54.0,1034
train_v2_course,start_total_in_credits,total_reg_credits,-53.5,77
train_v2_course,start_total_in_credits,total_reg_credits,-53.0,1034
train_v2_course,start_total_in_credits,total_reg_credits,-52.5,25
train_v2_course,start_total_in_credits,total_reg_credits,-52.0,1116
train_v2_course,start_total_in_credits,total_reg_credits,-51.5,68
train_v2_course,start_total_in_credits,total_reg_credits,-51.0,1162
train_v2_course,start_total_in_credits,total_reg_credits,-50.5,17
train_v2_course,start_total_in_credits,total_reg_credits,-50.0,967
train_v2_course,start_total_in_credits,total_reg_credits,-49.5,25
train_v2_course,start_total_in_credits,total_reg_credits,-49.0,1124
train_v2_course,start_total_in_credits,total_reg_credits,-48.5,41
train_v2_course,start_total_in_credits,total_reg_credits,-48.0,1222
train_v2_course,start_total_in_credits,total_reg_credits,-47.5,38
train_v2_course,start_total_in_credits,total_reg_credits,-47.0,1268
train_v2_course,start_total_in_credits,total_reg_credits,-46.5,50
train_v2_course,start_total_in_credits,total_reg_credits,-46.0,1067
train_v2_course,start_total_in_credits,total_reg_credits,-45.5,35
train_v2_course,start_total_in_credits,total_reg_credits,-45.0,1328
train_v2_course,start_total_in_credits,total_reg_credits,-44.5,61
train_v2_course,start_total_in_credits,total_reg_credits,-44.0,1204
train_v2_course,start_total_in_credits,total_reg_credits,-43.5,51
train_v2_course,start_total_in_credits,total_reg_credits,-43.0,1455
train_v2_course,start_total_in_credits,total_reg_credits,-42.5,55
train_v2_course,start_total_in_credits,total_reg_credits,-42.0,1355
train_v2_course,start_total_in_credits,total_reg_credits,-41.5,68
train_v2_course,start_total_in_credits,total_reg_credits,-41.0,1455
train_v2_course,start_total_in_credits,total_reg_credits,-40.5,23
train_v2_course,start_total_in_credits,total_reg_credits,-40.0,1558
train_v2_course,start_total_in_credits,total_reg_credits,-39.5,49
train_v2_course,start_total_in_credits,total_reg_credits,-39.0,1638
train_v2_course,start_total_in_credits,total_reg_credits,-38.5,21
train_v2_course,start_total_in_credits,total_reg_credits,-38.0,1612
train_v2_course,start_total_in_credits,total_reg_credits,-37.5,114
train_v2_course,start_total_in_credits,total_reg_credits,-37.0,1619
train_v2_course,start_total_in_credits,total_reg_credits,-36.5,23
train_v2_course,start_total_in_credits,total_reg_credits,-36.0,1771
train_v2_course,start_total_in_credits,total_reg_credits,-35.5,63
train_v2_course,start_total_in_credits,total_reg_credits,-35.0,1665
train_v2_course,start_total_in_credits,total_reg_credits,-34.5,63
train_v2_course,start_total_in_credits,total_reg_credits,-34.0,2092
train_v2_course,start_total_in_credits,total_reg_credits,-33.5,70
train_v2_course,start_total_in_credits,total_reg_credits,-33.0,2160
train_v2_course,start_total_in_credits,total_reg_credits,-32.5,80
train_v2_course,start_total_in_credits,total_reg_credits,-32.0,2139
train_v2_course,start_total_in_credits,total_reg_credits,-31.5,73
train_v2_course,start_total_in_credits,total_reg_credits,-31.0,1974
train_v2_course,start_total_in_credits,total_reg_credits,-30.5,32
train_v2_course,start_total_in_credits,total_reg_credits,-30.0,2582
train_v2_course,start_total_in_credits,total_reg_credits,-29.5,76
train_v2_course,start_total_in_credits,total_reg_credits,-29.0,2574
train_v2_course,start_total_in_credits,total_reg_credits,-28.5,26
train_v2_course,start_total_in_credits,total_reg_credits,-28.0,2315
train_v2_course,start_total_in_credits,total_reg_credits,-27.5,29
train_v2_course,start_total_in_credits,total_reg_credits,-27.0,3084
train_v2_course,start_total_in_credits,total_reg_credits,-26.5,39
train_v2_course,start_total_in_credits,total_reg_credits,-26.0,2753
train_v2_course,start_total_in_credits,total_reg_credits,-25.5,94
train_v2_course,start_total_in_credits,total_reg_credits,-25.0,2670
train_v2_course,start_total_in_credits,total_reg_credits,-24.5,28
train_v2_course,start_total_in_credits,total_reg_credits,-24.0,3165
train_v2_course,start_total_in_credits,total_reg_credits,-23.5,39
train_v2_course,start_total_in_credits,total_reg_credits,-23.0,2919
train_v2_course,start_total_in_credits,total_reg_credits,-22.5,61
train_v2_course,start_total_in_credits,total_reg_credits,-22.0,3010
train_v2_course,start_total_in_credits,total_reg_credits,-21.5,36
train_v2_course,start_total_in_credits,total_reg_credits,-21.0,3717
train_v2_course,start_total_in_credits,total_reg_credits,-20.5,61
train_v2_course,start_total_in_credits,total_reg_credits,-20.0,3180
train_v2_course,start_total_in_credits,total_reg_credits,-19.5,90
train_v2_course,start_total_in_credits,total_reg_credits,-19.0,3662
train_v2_course,start_total_in_credits,total_reg_credits,-18.5,25
train_v2_course,start_total_in_credits,total_reg_credits,-18.0,4502
train_v2_course,start_total_in_credits,total_reg_credits,-17.5,98
train_v2_course,start_total_in_credits,total_reg_credits,-17.0,4575
train_v2_course,start_total_in_credits,total_reg_credits,-16.5,69
train_v2_course,start_total_in_credits,total_reg_credits,-16.0,3942
train_v2_course,start_total_in_credits,total_reg_credits,-15.5,24
train_v2_course,start_total_in_credits,total_reg_credits,-15.0,5662
train_v2_course,start_total_in_credits,total_reg_credits,-14.5,78
train_v2_course,start_total_in_credits,total_reg_credits,-14.0,4492
train_v2_course,start_total_in_credits,total_reg_credits,-13.5,31
train_v2_course,start_total_in_credits,total_reg_credits,-13.0,4606
train_v2_course,start_total_in_credits,total_reg_credits,-12.5,45
train_v2_course,start_total_in_credits,total_reg_credits,-12.0,6926
train_v2_course,start_total_in_credits,total_reg_credits,-11.5,38
train_v2_course,start_total_in_credits,total_reg_credits,-11.0,5669
train_v2_course,start_total_in_credits,total_reg_credits,-10.5,9
train_v2_course,start_total_in_credits,total_reg_credits,-10.0,4853
train_v2_course,start_total_in_credits,total_reg_credits,-9.5,26
train_v2_course,start_total_in_credits,total_reg_credits,-9.0,6973
train_v2_course,start_total_in_credits,total_reg_credits,-8.5,12
train_v2_course,start_total_in_credits,total_reg_credits,-8.0,6916
train_v2_course,start_total_in_credits,total_reg_credits,-7.5,33
train_v2_course,start_total_in_credits,total_reg_credits,-7.0,5589
train_v2_course,start_total_in_credits,total_reg_credits,-6.5,46
train_v2_course,start_total_in_credits,total_reg_credits,-6.0,7997
train_v2_course,start_total_in_credits,total_reg_credits,-5.5,10
train_v2_course,start_total_in_credits,total_reg_credits,-5.0,6960
train_v2_course,start_total_in_credits,total_reg_credits,-4.5,18
train_v2_course,start_total_in_credits,total_reg_credits,-4.0,10098
train_v2_course,start_total_in_credits,total_reg_credits,-3.0,13711
train_v2_course,start_total_in_credits,total_reg_credits,-2.5,19
train_v2_course,start_total_in_credits,total_reg_credits,-2.0,11644
train_v2_course,start_total_in_credits,total_reg_credits,-1.5,12
train_v2_course,start_total_in_credits,total_reg_credits,-1.0,2987
train_v2_course,start_total_in_credits,total_reg_credits,-0.5,18
train_v2_course,start_total_in_credits,total_reg_credits,0.0,97756
train_v2_course,start_total_in_credits,total_reg_credits,0.5,17
train_v2_course,start_total_in_credits,total_reg_credits,1.0,873
train_v2_course,start_total_in_credits,total_reg_credits,2.0,968
train_v2_course,start_total_in_credits,total_reg_credits,2.5,10
train_v2_course,start_total_in_credits,total_reg_credits,3.0,1119
train_v2_course,start_total_in_credits,total_reg_credits,4.0,1019
train_v2_course,start_total_in_credits,total_reg_credits,4.5,23
train_v2_course,start_total_in_credits,total_reg_credits,5.0,1080
train_v2_course,start_total_in_credits,total_reg_credits,5.5,1
train_v2_course,start_total_in_credits,total_reg_credits,6.0,1214
train_v2_course,start_total_in_credits,total_reg_credits,6.5,13
train_v2_course,start_total_in_credits,total_reg_credits,7.0,1226
train_v2_course,start_total_in_credits,total_reg_credits,8.0,1511
train_v2_course,start_total_in_credits,total_reg_credits,9.0,1574
train_v2_course,start_total_in_credits,total_reg_credits,9.5,2
train_v2_course,start_total_in_credits,total_reg_credits,10.0,1253
train_v2_course,start_total_in_credits,total_reg_credits,11.0,1504
train_v2_course,start_total_in_credits,total_reg_credits,12.0,958
train_v2_course,start_total_in_credits,total_reg_credits,13.0,1094
train_v2_course,start_total_in_credits,total_reg_credits,14.0,819
train_v2_course,start_total_in_credits,total_reg_credits,14.5,6
train_v2_course,start_total_in_credits,total_reg_credits,15.0,1576
train_v2_course,start_total_in_credits,total_reg_credits,16.0,747
train_v2_course,start_total_in_credits,total_reg_credits,17.0,1004
train_v2_course,start_total_in_credits,total_reg_credits,17.5,7
train_v2_course,start_total_in_credits,total_reg_credits,18.0,526
train_v2_course,start_total_in_credits,total_reg_credits,19.0,2697
train_v2_course,start_total_in_credits,total_reg_credits,20.0,845
train_v2_course,start_total_in_credits,total_reg_credits,21.0,536
train_v2_course,start_total_in_credits,total_reg_credits,21.5,1
train_v2_course,start_total_in_credits,total_reg_credits,22.0,578
train_v2_course,start_total_in_credits,total_reg_credits,23.0,478
train_v2_course,start_total_in_credits,total_reg_credits,24.0,234
train_v2_course,start_total_in_credits,total_reg_credits,25.0,432
train_v2_course,start_total_in_credits,total_reg_credits,26.0,314
train_v2_course,start_total_in_credits,total_reg_credits,26.5,15
train_v2_course,start_total_in_credits,total_reg_credits,27.0,226
train_v2_course,start_total_in_credits,total_reg_credits,28.0,234
train_v2_course,start_total_in_credits,total_reg_credits,28.5,1
train_v2_course,start_total_in_credits,total_reg_credits,29.0,145
train_v2_course,start_total_in_credits,total_reg_credits,30.0,341
train_v2_course,start_total_in_credits,total_reg_credits,31.0,51
train_v2_course,start_total_in_credits,total_reg_credits,32.0,169
train_v2_course,start_total_in_credits,total_reg_credits,33.0,68
train_v2_course,start_total_in_credits,total_reg_credits,33.5,16
train_v2_course,start_total_in_credits,total_reg_credits,34.0,156
train_v2_course,start_total_in_credits,total_reg_credits,35.0,74
train_v2_course,start_total_in_credits,total_reg_credits,36.0,86
train_v2_course,start_total_in_credits,total_reg_credits,37.0,108
train_v2_course,start_total_in_credits,total_reg_credits,37.5,5
train_v2_course,start_total_in_credits,total_reg_credits,38.0,114
train_v2_course,start_total_in_credits,total_reg_credits,39.0,3
train_v2_course,start_total_in_credits,total_reg_credits,40.0,5
train_v2_course,start_total_in_credits,total_reg_credits,41.0,25
train_v2_course,start_total_in_credits,total_reg_credits,42.0,61
train_v2_course,start_total_in_credits,total_reg_credits,43.0,116
train_v2_course,start_total_in_credits,total_reg_credits,44.0,45
train_v2_course,start_total_in_credits,total_reg_credits,45.0,60
train_v2_course,start_total_in_credits,total_reg_credits,46.0,53
train_v2_course,start_total_in_credits,total_reg_credits,47.0,63
train_v2_course,start_total_in_credits,total_reg_credits,48.0,62
train_v2_course,start_total_in_credits,total_reg_credits,49.0,60
train_v2_course,start_total_in_credits,total_reg_credits,50.0,114
train_v2_course,start_total_in_credits,total_reg_credits,51.0,2
train_v2_course,start_total_in_credits,total_reg_credits,52.0,55
train_v2_course,start_total_in_credits,total_reg_credits,52.5,2
train_v2_course,start_total_in_credits,total_reg_credits,53.0,83
train_v2_course,start_total_in_credits,total_reg_credits,54.0,12
train_v2_course,start_total_in_credits,total_reg_credits,55.0,22
train_v2_course,start_total_in_credits,total_reg_credits,55.5,6
train_v2_course,start_total_in_credits,total_reg_credits,56.0,75
train_v2_course,start_total_in_credits,total_reg_credits,57.0,38
train_v2_course,start_total_in_credits,total_reg_credits,58.0,75
train_v2_course,start_total_in_credits,total_reg_credits,58.5,14
train_v2_course,start_total_in_credits,total_reg_credits,59.0,47
train_v2_course,start_total_in_credits,total_reg_credits,60.0,108
train_v2_course,start_total_in_credits,total_reg_credits,61.0,42
train_v2_course,start_total_in_credits,total_reg_credits,62.0,2
train_v2_course,start_total_in_credits,total_reg_credits,63.0,66
train_v2_course,start_total_in_credits,total_reg_credits,64.0,25
train_v2_course,start_total_in_credits,total_reg_credits,65.0,11
train_v2_course,start_total_in_credits,total_reg_credits,66.0,53
train_v2_course,start_total_in_credits,total_reg_credits,67.0,60
train_v2_course,start_total_in_credits,total_reg_credits,68.0,9
train_v2_course,start_total_in_credits,total_reg_credits,69.0,55
train_v2_course,start_total_in_credits,total_reg_credits,70.0,52
train_v2_course,start_total_in_credits,total_reg_credits,71.0,46
train_v2_course,start_total_in_credits,total_reg_credits,72.0,39
train_v2_course,start_total_in_credits,total_reg_credits,73.0,7
train_v2_course,start_total_in_credits,total_reg_credits,74.0,79
train_v2_course,start_total_in_credits,total_reg_credits,76.0,50
train_v2_course,start_total_in_credits,total_reg_credits,77.0,21
train_v2_course,start_total_in_credits,total_reg_credits,78.0,38
train_v2_course,start_total_in_credits,total_reg_credits,79.0,2
train_v2_course,start_total_in_credits,total_reg_credits,80.0,45
train_v2_course,start_total_in_credits,total_reg_credits,81.0,18
train_v2_course,start_total_in_credits,total_reg_credits,83.0,27
train_v2_course,start_total_in_credits,total_reg_credits,84.0,17
train_v2_course,start_total_in_credits,total_reg_credits,85.0,4
train_v2_course,start_total_in_credits,total_reg_credits,86.0,31
train_v2_course,start_total_in_credits,total_reg_credits,88.0,14
train_v2_course,start_total_in_credits,total_reg_credits,90.0,5
train_v2_course,start_total_in_credits,total_reg_credits,91.0,20
train_v2_course,start_total_in_credits,total_reg_credits,100.0,26
train_v2_course,start_total_in_credits,total_reg_credits,103.0,17
train_v2_course,start_total_in_credits,total_reg_courses,-115.0,8
train_v2_course,start_total_in_credits,total_reg_courses,-100.0,3
train_v2_course,start_total_in_credits,total_reg_courses,-79.0,1
train_v2_course,start_total_in_credits,total_reg_courses,-77.0,2
train_v2_course,start_total_in_credits,total_reg_courses,-65.0,6
train_v2_course,start_total_in_credits,total_reg_courses,-59.0,2
train_v2_course,start_total_in_credits,total_reg_courses,-57.0,1
train_v2_course,start_total_in_credits,total_reg_courses,-55.0,2
train_v2_course,start_total_in_credits,total_reg_courses,-54.0,4
train_v2_course,start_total_in_credits,total_reg_courses,-53.0,5
train_v2_course,start_total_in_credits,total_reg_courses,-52.0,3
train_v2_course,start_total_in_credits,total_reg_courses,-51.0,13
train_v2_course,start_total_in_credits,total_reg_courses,-50.0,10
train_v2_course,start_total_in_credits,total_reg_courses,-49.0,5
train_v2_course,start_total_in_credits,total_reg_courses,-48.0,13
train_v2_course,start_total_in_credits,total_reg_courses,-47.0,15
train_v2_course,start_total_in_credits,total_reg_courses,-46.0,5
train_v2_course,start_total_in_credits,total_reg_courses,-45.0,7
train_v2_course,start_total_in_credits,total_reg_courses,-44.0,26
train_v2_course,start_total_in_credits,total_reg_courses,-43.0,4
train_v2_course,start_total_in_credits,total_reg_courses,-42.0,13
train_v2_course,start_total_in_credits,total_reg_courses,-41.0,10
train_v2_course,start_total_in_credits,total_reg_courses,-40.0,8
train_v2_course,start_total_in_credits,total_reg_courses,-39.0,15
train_v2_course,start_total_in_credits,total_reg_courses,-38.0,14
train_v2_course,start_total_in_credits,total_reg_courses,-37.0,24
train_v2_course,start_total_in_credits,total_reg_courses,-36.0,22
train_v2_course,start_total_in_credits,total_reg_courses,-35.0,28
train_v2_course,start_total_in_credits,total_reg_courses,-34.0,7
train_v2_course,start_total_in_credits,total_reg_courses,-33.0,23
train_v2_course,start_total_in_credits,total_reg_courses,-32.0,43
train_v2_course,start_total_in_credits,total_reg_courses,-31.0,29
train_v2_course,start_total_in_credits,total_reg_courses,-30.0,43
train_v2_course,start_total_in_credits,total_reg_courses,-29.0,34
train_v2_course,start_total_in_credits,total_reg_courses,-28.0,42
train_v2_course,start_total_in_credits,total_reg_courses,-27.0,43
train_v2_course,start_total_in_credits,total_reg_courses,-26.0,67
train_v2_course,start_total_in_credits,total_reg_courses,-25.0,69
train_v2_course,start_total_in_credits,total_reg_courses,-24.0,73
train_v2_course,start_total_in_credits,total_reg_courses,-23.0,88
train_v2_course,start_total_in_credits,total_reg_courses,-22.0,73
train_v2_course,start_total_in_credits,total_reg_courses,-21.0,70
train_v2_course,start_total_in_credits,total_reg_courses,-20.0,108
train_v2_course,start_total_in_credits,total_reg_courses,-19.0,95
train_v2_course,start_total_in_credits,total_reg_courses,-18.0,116
train_v2_course,start_total_in_credits,total_reg_courses,-17.0,109
train_v2_course,start_total_in_credits,total_reg_courses,-16.0,127
train_v2_course,start_total_in_credits,total_reg_courses,-15.0,129
train_v2_course,start_total_in_credits,total_reg_courses,-14.0,243
train_v2_course,start_total_in_credits,total_reg_courses,-13.0,257
train_v2_course,start_total_in_credits,total_reg_courses,-12.0,325
train_v2_course,start_total_in_credits,total_reg_courses,-11.0,295
train_v2_course,start_total_in_credits,total_reg_courses,-10.0,479
train_v2_course,start_total_in_credits,total_reg_courses,-9.0,345
train_v2_course,start_total_in_credits,total_reg_courses,-8.0,451
train_v2_course,start_total_in_credits,total_reg_courses,-7.0,650
train_v2_course,start_total_in_credits,total_reg_courses,-6.0,926
train_v2_course,start_total_in_credits,total_reg_courses,-5.0,1160
train_v2_course,start_total_in_credits,total_reg_courses,-4.0,1172
train_v2_course,start_total_in_credits,total_reg_courses,-3.0,1370
train_v2_course,start_total_in_credits,total_reg_courses,-2.0,1376
train_v2_course,start_total_in_credits,total_reg_courses,-1.0,1362
train_v2_course,start_total_in_credits,total_reg_courses,0.0,35643
train_v2_course,start_total_in_credits,total_reg_courses,1.0,1584
train_v2_course,start_total_in_credits,total_reg_courses,2.0,1766
train_v2_course,start_total_in_credits,total_reg_courses,3.0,2036
train_v2_course,start_total_in_credits,total_reg_courses,4.0,2090
train_v2_course,start_total_in_credits,total_reg_courses,5.0,2233
train_v2_course,start_total_in_credits,total_reg_courses,6.0,2485
train_v2_course,start_total_in_credits,total_reg_courses,7.0,3360
train_v2_course,start_total_in_credits,total_reg_courses,8.0,3270
train_v2_course,start_total_in_credits,total_reg_courses,9.0,4931
train_v2_course,start_total_in_credits,total_reg_courses,10.0,6153
train_v2_course,start_total_in_credits,total_reg_courses,10.5,3
train_v2_course,start_total_in_credits,total_reg_courses,11.0,6184
train_v2_course,start_total_in_credits,total_reg_courses,12.0,4997
train_v2_course,start_total_in_credits,total_reg_courses,13.0,2728
train_v2_course,start_total_in_credits,total_reg_courses,14.0,2871
train_v2_course,start_total_in_credits,total_reg_courses,14.5,5
train_v2_course,start_total_in_credits,total_reg_courses,15.0,2522
train_v2_course,start_total_in_credits,total_reg_courses,16.0,2784
train_v2_course,start_total_in_credits,total_reg_courses,16.5,6
train_v2_course,start_total_in_credits,total_reg_courses,17.0,3124
train_v2_course,start_total_in_credits,total_reg_courses,18.0,3349
train_v2_course,start_total_in_credits,total_reg_courses,19.0,3648
train_v2_course,start_total_in_credits,total_reg_courses,20.0,4045
train_v2_course,start_total_in_credits,total_reg_courses,20.5,6
train_v2_course,start_total_in_credits,total_reg_courses,21.0,4175
train_v2_course,start_total_in_credits,total_reg_courses,22.0,4138
train_v2_course,start_total_in_credits,total_reg_courses,23.0,3834
train_v2_course,start_total_in_credits,total_reg_courses,23.5,5
train_v2_course,start_total_in_credits,total_reg_courses,24.0,3379
train_v2_course,start_total_in_credits,total_reg_courses,25.0,3513
train_v2_course,start_total_in_credits,total_reg_courses,26.0,3454
train_v2_course,start_total_in_credits,total_reg_courses,27.0,3387
train_v2_course,start_total_in_credits,total_reg_courses,28.0,3301
train_v2_course,start_total_in_credits,total_reg_courses,29.0,3385
train_v2_course,start_total_in_credits,total_reg_courses,29.5,15
train_v2_course,start_total_in_credits,total_reg_courses,30.0,3765
train_v2_course,start_total_in_credits,total_reg_courses,30.5,3
train_v2_course,start_total_in_credits,total_reg_courses,31.0,3760
train_v2_course,start_total_in_credits,total_reg_courses,31.5,10
train_v2_course,start_total_in_credits,total_reg_courses,32.0,3714
train_v2_course,start_total_in_credits,total_reg_courses,32.5,17
train_v2_course,start_total_in_credits,total_reg_courses,33.0,3270
train_v2_course,start_total_in_credits,total_reg_courses,33.5,12
train_v2_course,start_total_in_credits,total_reg_courses,34.0,3564
train_v2_course,start_total_in_credits,total_reg_courses,34.5,2
train_v2_course,start_total_in_credits,total_reg_courses,35.0,3108
train_v2_course,start_total_in_credits,total_reg_courses,35.5,13
train_v2_course,start_total_in_credits,total_reg_courses,36.0,3268
train_v2_course,start_total_in_credits,total_reg_courses,36.5,15
train_v2_course,start_total_in_credits,total_reg_courses,37.0,3075
train_v2_course,start_total_in_credits,total_reg_courses,37.5,4
train_v2_course,start_total_in_credits,total_reg_courses,38.0,3005
train_v2_course,start_total_in_credits,total_reg_courses,38.5,7
train_v2_course,start_total_in_credits,total_reg_courses,39.0,3092
train_v2_course,start_total_in_credits,total_reg_courses,39.5,12
train_v2_course,start_total_in_credits,total_reg_courses,40.0,3454
train_v2_course,start_total_in_credits,total_reg_courses,40.5,4
train_v2_course,start_total_in_credits,total_reg_courses,41.0,3498
train_v2_course,start_total_in_credits,total_reg_courses,41.5,19
train_v2_course,start_total_in_credits,total_reg_courses,42.0,3617
train_v2_course,start_total_in_credits,total_reg_courses,42.5,19
train_v2_course,start_total_in_credits,total_reg_courses,43.0,3425
train_v2_course,start_total_in_credits,total_reg_courses,43.5,4
train_v2_course,start_total_in_credits,total_reg_courses,44.0,3286
train_v2_course,start_total_in_credits,total_reg_courses,44.5,17
train_v2_course,start_total_in_credits,total_reg_courses,45.0,3330
train_v2_course,start_total_in_credits,total_reg_courses,45.5,16
train_v2_course,start_total_in_credits,total_reg_courses,46.0,3203
train_v2_course,start_total_in_credits,total_reg_courses,46.5,20
train_v2_course,start_total_in_credits,total_reg_courses,47.0,2969
train_v2_course,start_total_in_credits,total_reg_courses,47.5,10
train_v2_course,start_total_in_credits,total_reg_courses,48.0,2849
train_v2_course,start_total_in_credits,total_reg_courses,48.5,23
train_v2_course,start_total_in_credits,total_reg_courses,49.0,3183
train_v2_course,start_total_in_credits,total_reg_courses,49.5,6
train_v2_course,start_total_in_credits,total_reg_courses,50.0,3137
train_v2_course,start_total_in_credits,total_reg_courses,50.5,21
train_v2_course,start_total_in_credits,total_reg_courses,51.0,3107
train_v2_course,start_total_in_credits,total_reg_courses,51.5,21
train_v2_course,start_total_in_credits,total_reg_courses,52.0,3012
train_v2_course,start_total_in_credits,total_reg_courses,52.5,29
train_v2_course,start_total_in_credits,total_reg_courses,53.0,2853
train_v2_course,start_total_in_credits,total_reg_courses,53.5,17
train_v2_course,start_total_in_credits,total_reg_courses,54.0,3030
train_v2_course,start_total_in_credits,total_reg_courses,54.5,21
train_v2_course,start_total_in_credits,total_reg_courses,55.0,3323
train_v2_course,start_total_in_credits,total_reg_courses,55.5,48
train_v2_course,start_total_in_credits,total_reg_courses,56.0,2877
train_v2_course,start_total_in_credits,total_reg_courses,56.5,20
train_v2_course,start_total_in_credits,total_reg_courses,57.0,2965
train_v2_course,start_total_in_credits,total_reg_courses,57.5,19
train_v2_course,start_total_in_credits,total_reg_courses,58.0,2804
train_v2_course,start_total_in_credits,total_reg_courses,58.5,34
train_v2_course,start_total_in_credits,total_reg_courses,59.0,3132
train_v2_course,start_total_in_credits,total_reg_courses,59.5,31
train_v2_course,start_total_in_credits,total_reg_courses,60.0,2858
train_v2_course,start_total_in_credits,total_reg_courses,60.5,33
train_v2_course,start_total_in_credits,total_reg_courses,61.0,2964
train_v2_course,start_total_in_credits,total_reg_courses,61.5,39
train_v2_course,start_total_in_credits,total_reg_courses,62.0,2748
train_v2_course,start_total_in_credits,total_reg_courses,62.5,25
train_v2_course,start_total_in_credits,total_reg_courses,63.0,2883
train_v2_course,start_total_in_credits,total_reg_courses,63.5,33
train_v2_course,start_total_in_credits,total_reg_courses,64.0,2750
train_v2_course,start_total_in_credits,total_reg_courses,64.5,36
train_v2_course,start_total_in_credits,total_reg_courses,65.0,2742
train_v2_course,start_total_in_credits,total_reg_courses,65.5,28
train_v2_course,start_total_in_credits,total_reg_courses,66.0,2699
train_v2_course,start_total_in_credits,total_reg_courses,66.5,39
train_v2_course,start_total_in_credits,total_reg_courses,67.0,2849
train_v2_course,start_total_in_credits,total_reg_courses,67.5,51
train_v2_course,start_total_in_credits,total_reg_courses,68.0,2562
train_v2_course,start_total_in_credits,total_reg_courses,68.5,38
train_v2_course,start_total_in_credits,total_reg_courses,69.0,2660
train_v2_course,start_total_in_credits,total_reg_courses,69.5,27
train_v2_course,start_total_in_credits,total_reg_courses,70.0,2751
train_v2_course,start_total_in_credits,total_reg_courses,70.5,41
train_v2_course,start_total_in_credits,total_reg_courses,71.0,2523
train_v2_course,start_total_in_credits,total_reg_courses,71.5,53
train_v2_course,start_total_in_credits,total_reg_courses,72.0,2475
train_v2_course,start_total_in_credits,total_reg_courses,72.5,29
train_v2_course,start_total_in_credits,total_reg_courses,73.0,2620
train_v2_course,start_total_in_credits,total_reg_courses,73.5,32
train_v2_course,start_total_in_credits,total_reg_courses,74.0,2433
train_v2_course,start_total_in_credits,total_reg_courses,74.5,67
train_v2_course,start_total_in_credits,total_reg_courses,75.0,2448
train_v2_course,start_total_in_credits,total_reg_courses,75.5,74
train_v2_course,start_total_in_credits,total_reg_courses,76.0,2379
train_v2_course,start_total_in_credits,total_reg_courses,76.5,59
train_v2_course,start_total_in_credits,total_reg_courses,77.0,2321
train_v2_course,start_total_in_credits,total_reg_courses,77.5,85
train_v2_course,start_total_in_credits,total_reg_courses,78.0,2506
train_v2_course,start_total_in_credits,total_reg_courses,78.5,47
train_v2_course,start_total_in_credits,total_reg_courses,79.0,2320
train_v2_course,start_total_in_credits,total_reg_courses,79.5,84
train_v2_course,start_total_in_credits,total_reg_courses,80.0,2324
train_v2_course,start_total_in_credits,total_reg_courses,80.5,64
train_v2_course,start_total_in_credits,total_reg_courses,81.0,2342
train_v2_course,start_total_in_credits,total_reg_courses,81.5,67
train_v2_course,start_total_in_credits,total_reg_courses,82.0,2083
train_v2_course,start_total_in_credits,total_reg_courses,82.5,86
train_v2_course,start_total_in_credits,total_reg_courses,83.0,2112
train_v2_course,start_total_in_credits,total_reg_courses,83.5,104
train_v2_course,start_total_in_credits,total_reg_courses,84.0,2278
train_v2_course,start_total_in_credits,total_reg_courses,84.5,85
train_v2_course,start_total_in_credits,total_reg_courses,85.0,2098
train_v2_course,start_total_in_credits,total_reg_courses,85.5,91
train_v2_course,start_total_in_credits,total_reg_courses,86.0,2044
train_v2_course,start_total_in_credits,total_reg_courses,86.5,135
train_v2_course,start_total_in_credits,total_reg_courses,87.0,1919
train_v2_course,start_total_in_credits,total_reg_courses,87.5,60
train_v2_course,start_total_in_credits,total_reg_courses,88.0,1930
train_v2_course,start_total_in_credits,total_reg_courses,88.5,87
train_v2_course,start_total_in_credits,total_reg_courses,89.0,1813
train_v2_course,start_total_in_credits,total_reg_courses,89.5,90
train_v2_course,start_total_in_credits,total_reg_courses,90.0,1694
train_v2_course,start_total_in_credits,total_reg_courses,90.5,83
train_v2_course,start_total_in_credits,total_reg_courses,91.0,1802
train_v2_course,start_total_in_credits,total_reg_courses,91.5,92
train_v2_course,start_total_in_credits,total_reg_courses,92.0,1519
train_v2_course,start_total_in_credits,total_reg_courses,92.5,97
train_v2_course,start_total_in_credits,total_reg_courses,93.0,1551
train_v2_course,start_total_in_credits,total_reg_courses,93.5,127
train_v2_course,start_total_in_credits,total_reg_courses,94.0,1571
train_v2_course,start_total_in_credits,total_reg_courses,94.5,177
train_v2_course,start_total_in_credits,total_reg_courses,95.0,1375
train_v2_course,start_total_in_credits,total_reg_courses,95.5,144
train_v2_course,start_total_in_credits,total_reg_courses,96.0,1429
train_v2_course,start_total_in_credits,total_reg_courses,96.5,129
train_v2_course,start_total_in_credits,total_reg_courses,97.0,1200
train_v2_course,start_total_in_credits,total_reg_courses,97.5,99
train_v2_course,start_total_in_credits,total_reg_courses,98.0,1067
train_v2_course,start_total_in_credits,total_reg_courses,98.5,74
train_v2_course,start_total_in_credits,total_reg_courses,99.0,1032
train_v2_course,start_total_in_credits,total_reg_courses,99.5,82
train_v2_course,start_total_in_credits,total_reg_courses,100.0,903
train_v2_course,start_total_in_credits,total_reg_courses,100.5,118
train_v2_course,start_total_in_credits,total_reg_courses,101.0,840
train_v2_course,start_total_in_credits,total_reg_courses,101.5,94
train_v2_course,start_total_in_credits,total_reg_courses,102.0,746
train_v2_course,start_total_in_credits,total_reg_courses,102.5,111
train_v2_course,start_total_in_credits,total_reg_courses,103.0,683
train_v2_course,start_total_in_credits,total_reg_courses,103.5,116
train_v2_course,start_total_in_credits,total_reg_courses,104.0,788
train_v2_course,start_total_in_credits,total_reg_courses,104.5,142
train_v2_course,start_total_in_credits,total_reg_courses,105.0,608
train_v2_course,start_total_in_credits,total_reg_courses,105.5,50
train_v2_course,start_total_in_credits,total_reg_courses,106.0,437
train_v2_course,start_total_in_credits,total_reg_courses,106.5,115
train_v2_course,start_total_in_credits,total_reg_courses,107.0,406
train_v2_course,start_total_in_credits,total_reg_courses,107.5,132
train_v2_course,start_total_in_credits,total_reg_courses,108.0,363
train_v2_course,start_total_in_credits,total_reg_courses,108.5,102
train_v2_course,start_total_in_credits,total_reg_courses,109.0,312
train_v2_course,start_total_in_credits,total_reg_courses,109.5,121
train_v2_course,start_total_in_credits,total_reg_courses,110.0,223
train_v2_course,start_total_in_credits,total_reg_courses,110.5,78
train_v2_course,start_total_in_credits,total_reg_courses,111.0,255
train_v2_course,start_total_in_credits,total_reg_courses,111.5,111
train_v2_course,start_total_in_credits,total_reg_courses,112.0,227
train_v2_course,start_total_in_credits,total_reg_courses,112.5,132
train_v2_course,start_total_in_credits,total_reg_courses,113.0,242
train_v2_course,start_total_in_credits,total_reg_courses,113.5,127
train_v2_course,start_total_in_credits,total_reg_courses,114.0,193
train_v2_course,start_total_in_credits,total_reg_courses,114.5,129
train_v2_course,start_total_in_credits,total_reg_courses,115.0,217
train_v2_course,start_total_in_credits,total_reg_courses,115.5,117
train_v2_course,start_total_in_credits,total_reg_courses,116.0,243
train_v2_course,start_total_in_credits,total_reg_courses,116.5,96
train_v2_course,start_total_in_credits,total_reg_courses,117.0,191
train_v2_course,start_total_in_credits,total_reg_courses,117.5,85
train_v2_course,start_total_in_credits,total_reg_courses,118.0,249
train_v2_course,start_total_in_credits,total_reg_courses,118.5,117
train_v2_course,start_total_in_credits,total_reg_courses,119.0,236
train_v2_course,start_total_in_credits,total_reg_courses,119.5,75
train_v2_course,start_total_in_credits,total_reg_courses,120.0,290
train_v2_course,start_total_in_credits,total_reg_courses,120.5,113
train_v2_course,start_total_in_credits,total_reg_courses,121.0,325
train_v2_course,start_total_in_credits,total_reg_courses,121.5,110
train_v2_course,start_total_in_credits,total_reg_courses,122.0,221
train_v2_course,start_total_in_credits,total_reg_courses,122.5,120
train_v2_course,start_total_in_credits,total_reg_courses,123.0,275
train_v2_course,start_total_in_credits,total_reg_courses,123.5,88
train_v2_course,start_total_in_credits,total_reg_courses,124.0,324
train_v2_course,start_total_in_credits,total_reg_courses,124.5,120
train_v2_course,start_total_in_credits,total_reg_courses,125.0,253
train_v2_course,start_total_in_credits,total_reg_courses,125.5,138
train_v2_course,start_total_in_credits,total_reg_courses,126.0,244
train_v2_course,start_total_in_credits,total_reg_courses,126.5,129
train_v2_course,start_total_in_credits,total_reg_courses,127.0,276
train_v2_course,start_total_in_credits,total_reg_courses,127.5,134
train_v2_course,start_total_in_credits,total_reg_courses,128.0,184
train_v2_course,start_total_in_credits,total_reg_courses,128.5,156
train_v2_course,start_total_in_credits,total_reg_courses,129.0,207
train_v2_course,start_total_in_credits,total_reg_courses,129.5,125
train_v2_course,start_total_in_credits,total_reg_courses,130.0,197
train_v2_course,start_total_in_credits,total_reg_courses,130.5,86
train_v2_course,start_total_in_credits,total_reg_courses,131.0,173
train_v2_course,start_total_in_credits,total_reg_courses,131.5,88
train_v2_course,start_total_in_credits,total_reg_courses,132.0,187
train_v2_course,start_total_in_credits,total_reg_courses,132.5,116
train_v2_course,start_total_in_credits,total_reg_courses,133.0,159
train_v2_course,start_total_in_credits,total_reg_courses,133.5,138
train_v2_course,start_total_in_credits,total_reg_courses,134.0,171
train_v2_course,start_total_in_credits,total_reg_courses,134.5,83
train_v2_course,start_total_in_credits,total_reg_courses,135.0,204
train_v2_course,start_total_in_credits,total_reg_courses,135.5,115
train_v2_course,start_total_in_credits,total_reg_courses,136.0,137
train_v2_course,start_total_in_credits,total_reg_courses,136.5,99
train_v2_course,start_total_in_credits,total_reg_courses,137.0,132
train_v2_course,start_total_in_credits,total_reg_courses,137.5,105
train_v2_course,start_total_in_credits,total_reg_courses,138.0,165
train_v2_course,start_total_in_credits,total_reg_courses,138.5,94
train_v2_course,start_total_in_credits,total_reg_courses,139.0,220
train_v2_course,start_total_in_credits,total_reg_courses,139.5,120
train_v2_course,start_total_in_credits,total_reg_courses,140.0,238
train_v2_course,start_total_in_credits,total_reg_courses,140.5,70
train_v2_course,start_total_in_credits,total_reg_courses,141.0,196
train_v2_course,start_total_in_credits,total_reg_courses,141.5,99
train_v2_course,start_total_in_credits,total_reg_courses,142.0,244
train_v2_course,start_total_in_credits,total_reg_courses,142.5,91
train_v2_course,start_total_in_credits,total_reg_courses,143.0,229
train_v2_course,start_total_in_credits,total_reg_courses,143.5,62
train_v2_course,start_total_in_credits,total_reg_courses,144.0,255
train_v2_course,start_total_in_credits,total_reg_courses,144.5,124
train_v2_course,start_total_in_credits,total_reg_courses,145.0,175
train_v2_course,start_total_in_credits,total_reg_courses,145.5,71
train_v2_course,start_total_in_credits,total_reg_courses,146.0,205
train_v2_course,start_total_in_credits,total_reg_courses,146.5,108
train_v2_course,start_total_in_credits,total_reg_courses,147.0,153
train_v2_course,start_total_in_credits,total_reg_courses,147.5,81
train_v2_course,start_total_in_credits,total_reg_courses,148.0,201
train_v2_course,start_total_in_credits,total_reg_courses,148.5,80
train_v2_course,start_total_in_credits,total_reg_courses,149.0,214
train_v2_course,start_total_in_credits,total_reg_courses,149.5,42
train_v2_course,start_total_in_credits,total_reg_courses,150.0,126
train_v2_course,start_total_in_credits,total_reg_courses,150.5,58
train_v2_course,start_total_in_credits,total_reg_courses,151.0,182
train_v2_course,start_total_in_credits,total_reg_courses,151.5,39
train_v2_course,start_total_in_credits,total_reg_courses,152.0,172
train_v2_course,start_total_in_credits,total_reg_courses,152.5,55
train_v2_course,start_total_in_credits,total_reg_courses,153.0,172
train_v2_course,start_total_in_credits,total_reg_courses,153.5,32
train_v2_course,start_total_in_credits,total_reg_courses,154.0,240
train_v2_course,start_total_in_credits,total_reg_courses,154.5,29
train_v2_course,start_total_in_credits,total_reg_courses,155.0,157
train_v2_course,start_total_in_credits,total_reg_courses,155.5,36
train_v2_course,start_total_in_credits,total_reg_courses,156.0,172
train_v2_course,start_total_in_credits,total_reg_courses,156.5,24
train_v2_course,start_total_in_credits,total_reg_courses,157.0,147
train_v2_course,start_total_in_credits,total_reg_courses,157.5,21
train_v2_course,start_total_in_credits,total_reg_courses,158.0,132
train_v2_course,start_total_in_credits,total_reg_courses,158.5,12
train_v2_course,start_total_in_credits,total_reg_courses,159.0,97
train_v2_course,start_total_in_credits,total_reg_courses,159.5,19
train_v2_course,start_total_in_credits,total_reg_courses,160.0,117
train_v2_course,start_total_in_credits,total_reg_courses,160.5,11
train_v2_course,start_total_in_credits,total_reg_courses,161.0,75
train_v2_course,start_total_in_credits,total_reg_courses,161.5,9
train_v2_course,start_total_in_credits,total_reg_courses,162.0,48
train_v2_course,start_total_in_credits,total_reg_courses,162.5,10
train_v2_course,start_total_in_credits,total_reg_courses,163.0,56
train_v2_course,start_total_in_credits,total_reg_courses,164.0,33
train_v2_course,start_total_in_credits,total_reg_courses,164.5,5
train_v2_course,start_total_in_credits,total_reg_courses,165.0,40
train_v2_course,start_total_in_credits,total_reg_courses,165.5,4
train_v2_course,start_total_in_credits,total_reg_courses,166.0,38
train_v2_course,start_total_in_credits,total_reg_courses,166.5,6
train_v2_course,start_total_in_credits,total_reg_courses,167.0,13
train_v2_course,start_total_in_credits,total_reg_courses,167.5,2
train_v2_course,start_total_in_credits,total_reg_courses,168.0,8
train_v2_course,start_total_in_credits,total_reg_courses,169.0,17
train_v2_course,start_total_in_credits,total_reg_courses,170.0,10
train_v2_course,start_total_in_credits,total_reg_courses,171.0,10
train_v2_course,start_total_in_credits,total_reg_courses,172.0,6
train_v2_course,start_total_in_credits,total_reg_courses,173.0,10
train_v2_course,start_total_in_credits,total_reg_courses,174.0,3
train_v2_course,start_total_in_credits,total_reg_courses,175.0,10
train_v2_course,start_total_in_credits,total_reg_courses,175.5,1
train_v2_course,start_total_in_credits,total_reg_courses,176.0,10
train_v2_course,start_total_in_credits,total_reg_courses,177.0,4
train_v2_course,start_total_in_credits,total_reg_courses,177.5,4
train_v2_course,start_total_in_credits,total_reg_courses,178.0,2
train_v2_course,start_total_in_credits,total_reg_courses,179.0,2
train_v2_course,start_total_in_credits,total_reg_courses,179.5,4
train_v2_course,start_total_in_credits,total_reg_courses,180.0,2
train_v2_course,start_total_in_credits,total_reg_courses,181.0,2
train_v2_course,start_total_in_credits,total_reg_courses,182.0,4
train_v2_course,start_total_in_credits,total_reg_courses,183.0,3
train_v2_course,start_total_in_credits,total_reg_courses,184.0,2
train_v2_course,start_total_in_credits,total_reg_courses,185.0,3
train_v2_course,start_total_in_credits,total_reg_courses,187.0,5
train_v2_course,start_total_in_credits,total_reg_courses,188.0,1
train_v2_course,start_total_in_credits,total_reg_courses,190.0,1
train_v2_course,start_total_in_credits,total_reg_courses,192.0,1
train_v2_course,start_total_in_courses,total_reg_credits,-433.0,1
train_v2_course,start_total_in_courses,total_reg_credits,-430.5,1
train_v2_course,start_total_in_courses,total_reg_credits,-416.5,1
train_v2_course,start_total_in_courses,total_reg_credits,-409.0,1
train_v2_course,start_total_in_courses,total_reg_credits,-399.0,3
train_v2_course,start_total_in_courses,total_reg_credits,-398.5,2
train_v2_course,start_total_in_courses,total_reg_credits,-396.5,2
train_v2_course,start_total_in_courses,total_reg_credits,-394.5,2
train_v2_course,start_total_in_courses,total_reg_credits,-394.0,2
train_v2_course,start_total_in_courses,total_reg_credits,-393.0,1
train_v2_course,start_total_in_courses,total_reg_credits,-390.0,1
train_v2_course,start_total_in_courses,total_reg_credits,-388.0,1
train_v2_course,start_total_in_courses,total_reg_credits,-386.5,7
train_v2_course,start_total_in_courses,total_reg_credits,-385.0,1
train_v2_course,start_total_in_courses,total_reg_credits,-384.5,3
train_v2_course,start_total_in_courses,total_reg_credits,-383.0,6
train_v2_course,start_total_in_courses,total_reg_credits,-382.5,1
train_v2_course,start_total_in_courses,total_reg_credits,-381.5,3
train_v2_course,start_total_in_courses,total_reg_credits,-380.0,3
train_v2_course,start_total_in_courses,total_reg_credits,-379.5,1
train_v2_course,start_total_in_courses,total_reg_credits,-374.5,1
train_v2_course,start_total_in_courses,total_reg_credits,-374.0,3
train_v2_course,start_total_in_courses,total_reg_credits,-371.5,2
train_v2_course,start_total_in_courses,total_reg_credits,-371.0,14
train_v2_course,start_total_in_courses,total_reg_credits,-369.0,1
train_v2_course,start_total_in_courses,total_reg_credits,-367.5,2
train_v2_course,start_total_in_courses,total_reg_credits,-367.0,2
train_v2_course,start_total_in_courses,total_reg_credits,-365.5,7
train_v2_course,start_total_in_courses,total_reg_credits,-364.5,1
train_v2_course,start_total_in_courses,total_reg_credits,-364.0,10
train_v2_course,start_total_in_courses,total_reg_credits,-362.5,5
train_v2_course,start_total_in_courses,total_reg_credits,-361.5,4
train_v2_course,start_total_in_courses,total_reg_credits,-360.5,4
train_v2_course,start_total_in_courses,total_reg_credits,-360.0,10
train_v2_course,start_total_in_courses,total_reg_credits,-358.5,3
train_v2_course,start_total_in_courses,total_reg_credits,-358.0,5
train_v2_course,start_total_in_courses,total_reg_credits,-357.5,3
train_v2_course,start_total_in_courses,total_reg_credits,-357.0,2
train_v2_course,start_total_in_courses,total_reg_credits,-355.5,2
train_v2_course,start_total_in_courses,total_reg_credits,-355.0,3
train_v2_course,start_total_in_courses,total_reg_credits,-354.5,1
train_v2_course,start_total_in_courses,total_reg_credits,-353.5,4
train_v2_course,start_total_in_courses,total_reg_credits,-353.0,6
train_v2_course,start_total_in_courses,total_reg_credits,-352.0,2
train_v2_course,start_total_in_courses,total_reg_credits,-350.5,1
train_v2_course,start_total_in_courses,total_reg_credits,-350.0,5
train_v2_course,start_total_in_courses,total_reg_credits,-349.0,16
train_v2_course,start_total_in_courses,total_reg_credits,-348.5,6
train_v2_course,start_total_in_courses,total_reg_credits,-347.5,5
train_v2_course,start_total_in_courses,total_reg_credits,-347.0,13
train_v2_course,start_total_in_courses,total_reg_credits,-346.0,7
train_v2_course,start_total_in_courses,total_reg_credits,-345.0,8
train_v2_course,start_total_in_courses,total_reg_credits,-343.5,3
train_v2_course,start_total_in_courses,total_reg_credits,-343.0,6
train_v2_course,start_total_in_courses,total_reg_credits,-342.0,8
train_v2_course,start_total_in_courses,total_reg_credits,-341.5,5
train_v2_course,start_total_in_courses,total_reg_credits,-341.0,4
train_v2_course,start_total_in_courses,total_reg_credits,-340.5,1
train_v2_course,start_total_in_courses,total_reg_credits,-340.0,1
train_v2_course,start_total_in_courses,total_reg_credits,-338.5,7
train_v2_course,start_total_in_courses,total_reg_credits,-338.0,4
train_v2_course,start_total_in_courses,total_reg_credits,-337.5,3
train_v2_course,start_total_in_courses,total_reg_credits,-337.0,14
train_v2_course,start_total_in_courses,total_reg_credits,-336.5,5
train_v2_course,start_total_in_courses,total_reg_credits,-336.0,6
train_v2_course,start_total_in_courses,total_reg_credits,-335.5,2
train_v2_course,start_total_in_courses,total_reg_credits,-335.0,4
train_v2_course,start_total_in_courses,total_reg_credits,-334.5,9
train_v2_course,start_total_in_courses,total_reg_credits,-334.0,10
train_v2_course,start_total_in_courses,total_reg_credits,-333.5,7
train_v2_course,start_total_in_courses,total_reg_credits,-332.5,11
train_v2_course,start_total_in_courses,total_reg_credits,-332.0,3
train_v2_course,start_total_in_courses,total_reg_credits,-331.5,4
train_v2_course,start_total_in_courses,total_reg_credits,-331.0,16
train_v2_course,start_total_in_courses,total_reg_credits,-330.5,10
train_v2_course,start_total_in_courses,total_reg_credits,-330.0,19
train_v2_course,start_total_in_courses,total_reg_credits,-329.5,1
train_v2_course,start_total_in_courses,total_reg_credits,-329.0,6
train_v2_course,start_total_in_courses,total_reg_credits,-328.5,2
train_v2_course,start_total_in_courses,total_reg_credits,-328.0,10
train_v2_course,start_total_in_courses,total_reg_credits,-327.5,1
train_v2_course,start_total_in_courses,total_reg_credits,-327.0,8
train_v2_course,start_total_in_courses,total_reg_credits,-326.5,1
train_v2_course,start_total_in_courses,total_reg_credits,-326.0,7
train_v2_course,start_total_in_courses,total_reg_credits,-325.5,3
train_v2_course,start_total_in_courses,total_reg_credits,-325.0,3
train_v2_course,start_total_in_courses,total_reg_credits,-324.5,8
train_v2_course,start_total_in_courses,total_reg_credits,-324.0,18
train_v2_course,start_total_in_courses,total_reg_credits,-323.5,1
train_v2_course,start_total_in_courses,total_reg_credits,-323.0,5
train_v2_course,start_total_in_courses,total_reg_credits,-322.5,11
train_v2_course,start_total_in_courses,total_reg_credits,-322.0,5
train_v2_course,start_total_in_courses,total_reg_credits,-321.5,8
train_v2_course,start_total_in_courses,total_reg_credits,-321.0,18
train_v2_course,start_total_in_courses,total_reg_credits,-320.5,1
train_v2_course,start_total_in_courses,total_reg_credits,-320.0,12
train_v2_course,start_total_in_courses,total_reg_credits,-319.0,15
train_v2_course,start_total_in_courses,total_reg_credits,-318.0,9
train_v2_course,start_total_in_courses,total_reg_credits,-317.5,11
train_v2_course,start_total_in_courses,total_reg_credits,-317.0,9
train_v2_course,start_total_in_courses,total_reg_credits,-316.5,18
train_v2_course,start_total_in_courses,total_reg_credits,-316.0,5
train_v2_course,start_total_in_courses,total_reg_credits,-315.5,1
train_v2_course,start_total_in_courses,total_reg_credits,-315.0,17
train_v2_course,start_total_in_courses,total_reg_credits,-314.5,15
train_v2_course,start_total_in_courses,total_reg_credits,-314.0,16
train_v2_course,start_total_in_courses,total_reg_credits,-313.5,10
train_v2_course,start_total_in_courses,total_reg_credits,-313.0,1
train_v2_course,start_total_in_courses,total_reg_credits,-312.5,2
train_v2_course,start_total_in_courses,total_reg_credits,-312.0,4
train_v2_course,start_total_in_courses,total_reg_credits,-311.5,5
train_v2_course,start_total_in_courses,total_reg_credits,-311.0,17
train_v2_course,start_total_in_courses,total_reg_credits,-310.5,3
train_v2_course,start_total_in_courses,total_reg_credits,-310.0,26
train_v2_course,start_total_in_courses,total_reg_credits,-309.5,6
train_v2_course,start_total_in_courses,total_reg_credits,-309.0,22
train_v2_course,start_total_in_courses,total_reg_credits,-308.5,12
train_v2_course,start_total_in_courses,total_reg_credits,-308.0,16
train_v2_course,start_total_in_courses,total_reg_credits,-307.5,7
train_v2_course,start_total_in_courses,total_reg_credits,-307.0,11
train_v2_course,start_total_in_courses,total_reg_credits,-306.5,3
train_v2_course,start_total_in_courses,total_reg_credits,-306.0,4
train_v2_course,start_total_in_courses,total_reg_credits,-305.5,9
train_v2_course,start_total_in_courses,total_reg_credits,-305.0,22
train_v2_course,start_total_in_courses,total_reg_credits,-304.5,12
train_v2_course,start_total_in_courses,total_reg_credits,-304.0,17
train_v2_course,start_total_in_courses,total_reg_credits,-303.5,5
train_v2_course,start_total_in_courses,total_reg_credits,-303.0,19
train_v2_course,start_total_in_courses,total_reg_credits,-302.5,1
train_v2_course,start_total_in_courses,total_reg_credits,-302.0,18
train_v2_course,start_total_in_courses,total_reg_credits,-301.5,5
train_v2_course,start_total_in_courses,total_reg_credits,-301.0,12
train_v2_course,start_total_in_courses,total_reg_credits,-300.5,1
train_v2_course,start_total_in_courses,total_reg_credits,-300.0,23
train_v2_course,start_total_in_courses,total_reg_credits,-299.5,5
train_v2_course,start_total_in_courses,total_reg_credits,-299.0,4
train_v2_course,start_total_in_courses,total_reg_credits,-298.5,13
train_v2_course,start_total_in_courses,total_reg_credits,-298.0,15
train_v2_course,start_total_in_courses,total_reg_credits,-297.5,15
train_v2_course,start_total_in_courses,total_reg_credits,-297.0,9
train_v2_course,start_total_in_courses,total_reg_credits,-296.5,5
train_v2_course,start_total_in_courses,total_reg_credits,-296.0,6
train_v2_course,start_total_in_courses,total_reg_credits,-295.5,12
train_v2_course,start_total_in_courses,total_reg_credits,-295.0,24
train_v2_course,start_total_in_courses,total_reg_credits,-294.5,6
train_v2_course,start_total_in_courses,total_reg_credits,-294.0,7
train_v2_course,start_total_in_courses,total_reg_credits,-293.5,4
train_v2_course,start_total_in_courses,total_reg_credits,-293.0,16
train_v2_course,start_total_in_courses,total_reg_credits,-292.5,16
train_v2_course,start_total_in_courses,total_reg_credits,-292.0,13
train_v2_course,start_total_in_courses,total_reg_credits,-291.5,10
train_v2_course,start_total_in_courses,total_reg_credits,-291.0,32
train_v2_course,start_total_in_courses,total_reg_credits,-290.5,11
train_v2_course,start_total_in_courses,total_reg_credits,-290.0,26
train_v2_course,start_total_in_courses,total_reg_credits,-289.5,4
train_v2_course,start_total_in_courses,total_reg_credits,-289.0,26
train_v2_course,start_total_in_courses,total_reg_credits,-288.5,2
train_v2_course,start_total_in_courses,total_reg_credits,-288.0,13
train_v2_course,start_total_in_courses,total_reg_credits,-287.5,17
train_v2_course,start_total_in_courses,total_reg_credits,-287.0,35
train_v2_course,start_total_in_courses,total_reg_credits,-286.5,6
train_v2_course,start_total_in_courses,total_reg_credits,-286.0,29
train_v2_course,start_total_in_courses,total_reg_credits,-285.5,3
train_v2_course,start_total_in_courses,total_reg_credits,-285.0,25
train_v2_course,start_total_in_courses,total_reg_credits,-284.5,8
train_v2_course,start_total_in_courses,total_reg_credits,-284.0,21
train_v2_course,start_total_in_courses,total_reg_credits,-283.5,1
train_v2_course,start_total_in_courses,total_reg_credits,-283.0,31
train_v2_course,start_total_in_courses,total_reg_credits,-282.5,8
train_v2_course,start_total_in_courses,total_reg_credits,-282.0,10
train_v2_course,start_total_in_courses,total_reg_credits,-281.5,16
train_v2_course,start_total_in_courses,total_reg_credits,-281.0,26
train_v2_course,start_total_in_courses,total_reg_credits,-280.5,3
train_v2_course,start_total_in_courses,total_reg_credits,-280.0,29
train_v2_course,start_total_in_courses,total_reg_credits,-279.5,4
train_v2_course,start_total_in_courses,total_reg_credits,-279.0,68
train_v2_course,start_total_in_courses,total_reg_credits,-278.5,9
train_v2_course,start_total_in_courses,total_reg_credits,-278.0,23
train_v2_course,start_total_in_courses,total_reg_credits,-277.5,7
train_v2_course,start_total_in_courses,total_reg_credits,-277.0,19
train_v2_course,start_total_in_courses,total_reg_credits,-276.5,2
train_v2_course,start_total_in_courses,total_reg_credits,-276.0,31
train_v2_course,start_total_in_courses,total_reg_credits,-275.5,9
train_v2_course,start_total_in_courses,total_reg_credits,-275.0,22
train_v2_course,start_total_in_courses,total_reg_credits,-274.5,28
train_v2_course,start_total_in_courses,total_reg_credits,-274.0,34
train_v2_course,start_total_in_courses,total_reg_credits,-273.0,58
train_v2_course,start_total_in_courses,total_reg_credits,-272.5,14
train_v2_course,start_total_in_courses,total_reg_credits,-272.0,33
train_v2_course,start_total_in_courses,total_reg_credits,-271.5,13
train_v2_course,start_total_in_courses,total_reg_credits,-271.0,50
train_v2_course,start_total_in_courses,total_reg_credits,-270.5,6
train_v2_course,start_total_in_courses,total_reg_credits,-270.0,36
train_v2_course,start_total_in_courses,total_reg_credits,-269.5,16
train_v2_course,start_total_in_courses,total_reg_credits,-269.0,41
train_v2_course,start_total_in_courses,total_reg_credits,-268.5,5
train_v2_course,start_total_in_courses,total_reg_credits,-268.0,58
train_v2_course,start_total_in_courses,total_reg_credits,-267.5,7
train_v2_course,start_total_in_courses,total_reg_credits,-267.0,61
train_v2_course,start_total_in_courses,total_reg_credits,-266.5,19
train_v2_course,start_total_in_courses,total_reg_credits,-266.0,39
train_v2_course,start_total_in_courses,total_reg_credits,-265.5,12
train_v2_course,start_total_in_courses,total_reg_credits,-265.0,41
train_v2_course,start_total_in_courses,total_reg_credits,-264.5,6
train_v2_course,start_total_in_courses,total_reg_credits,-264.0,16
train_v2_course,start_total_in_courses,total_reg_credits,-263.5,13
train_v2_course,start_total_in_courses,total_reg_credits,-263.0,71
train_v2_course,start_total_in_courses,total_reg_credits,-262.5,5
train_v2_course,start_total_in_courses,total_reg_credits,-262.0,53
train_v2_course,start_total_in_courses,total_reg_credits,-261.0,42
train_v2_course,start_total_in_courses,total_reg_credits,-260.5,7
train_v2_course,start_total_in_courses,total_reg_credits,-260.0,62
train_v2_course,start_total_in_courses,total_reg_credits,-259.5,5
train_v2_course,start_total_in_courses,total_reg_credits,-259.0,23
train_v2_course,start_total_in_courses,total_reg_credits,-258.5,4
train_v2_course,start_total_in_courses,total_reg_credits,-258.0,54
train_v2_course,start_total_in_courses,total_reg_credits,-257.5,10
train_v2_course,start_total_in_courses,total_reg_credits,-257.0,81
train_v2_course,start_total_in_courses,total_reg_credits,-256.5,8
train_v2_course,start_total_in_courses,total_reg_credits,-256.0,64
train_v2_course,start_total_in_courses,total_reg_credits,-255.5,17
train_v2_course,start_total_in_courses,total_reg_credits,-255.0,44
train_v2_course,start_total_in_courses,total_reg_credits,-254.0,72
train_v2_course,start_total_in_courses,total_reg_credits,-253.5,14
train_v2_course,start_total_in_courses,total_reg_credits,-253.0,80
train_v2_course,start_total_in_courses,total_reg_credits,-252.5,16
train_v2_course,start_total_in_courses,total_reg_credits,-252.0,45
train_v2_course,start_total_in_courses,total_reg_credits,-251.5,13
train_v2_course,start_total_in_courses,total_reg_credits,-251.0,49
train_v2_course,start_total_in_courses,total_reg_credits,-250.5,30
train_v2_course,start_total_in_courses,total_reg_credits,-250.0,50
train_v2_course,start_total_in_courses,total_reg_credits,-249.5,3
train_v2_course,start_total_in_courses,total_reg_credits,-249.0,56
train_v2_course,start_total_in_courses,total_reg_credits,-248.5,13
train_v2_course,start_total_in_courses,total_reg_credits,-248.0,36
train_v2_course,start_total_in_courses,total_reg_credits,-247.5,23
train_v2_course,start_total_in_courses,total_reg_credits,-247.0,68
train_v2_course,start_total_in_courses,total_reg_credits,-246.5,9
train_v2_course,start_total_in_courses,total_reg_credits,-246.0,63
train_v2_course,start_total_in_courses,total_reg_credits,-245.5,14
train_v2_course,start_total_in_courses,total_reg_credits,-245.0,68
train_v2_course,start_total_in_courses,total_reg_credits,-244.5,17
train_v2_course,start_total_in_courses,total_reg_credits,-244.0,67
train_v2_course,start_total_in_courses,total_reg_credits,-243.5,12
train_v2_course,start_total_in_courses,total_reg_credits,-243.0,64
train_v2_course,start_total_in_courses,total_reg_credits,-242.5,27
train_v2_course,start_total_in_courses,total_reg_credits,-242.0,80
train_v2_course,start_total_in_courses,total_reg_credits,-241.5,12
train_v2_course,start_total_in_courses,total_reg_credits,-241.0,58
train_v2_course,start_total_in_courses,total_reg_credits,-240.5,24
train_v2_course,start_total_in_courses,total_reg_credits,-240.0,88
train_v2_course,start_total_in_courses,total_reg_credits,-239.5,22
train_v2_course,start_total_in_courses,total_reg_credits,-239.0,54
train_v2_course,start_total_in_courses,total_reg_credits,-238.5,22
train_v2_course,start_total_in_courses,total_reg_credits,-238.0,82
train_v2_course,start_total_in_courses,total_reg_credits,-237.5,38
train_v2_course,start_total_in_courses,total_reg_credits,-237.0,67
train_v2_course,start_total_in_courses,total_reg_credits,-236.5,13
train_v2_course,start_total_in_courses,total_reg_credits,-236.0,74
train_v2_course,start_total_in_courses,total_reg_credits,-235.5,36
train_v2_course,start_total_in_courses,total_reg_credits,-235.0,106
train_v2_course,start_total_in_courses,total_reg_credits,-234.5,15
train_v2_course,start_total_in_courses,total_reg_credits,-234.0,95
train_v2_course,start_total_in_courses,total_reg_credits,-233.5,15
train_v2_course,start_total_in_courses,total_reg_credits,-233.0,90
train_v2_course,start_total_in_courses,total_reg_credits,-232.5,14
train_v2_course,start_total_in_courses,total_reg_credits,-232.0,59
train_v2_course,start_total_in_courses,total_reg_credits,-231.5,32
train_v2_course,start_total_in_courses,total_reg_credits,-231.0,102
train_v2_course,start_total_in_courses,total_reg_credits,-230.5,28
train_v2_course,start_total_in_courses,total_reg_credits,-230.0,76
train_v2_course,start_total_in_courses,total_reg_credits,-229.5,19
train_v2_course,start_total_in_courses,total_reg_credits,-229.0,111
train_v2_course,start_total_in_courses,total_reg_credits,-228.5,24
train_v2_course,start_total_in_courses,total_reg_credits,-228.0,98
train_v2_course,start_total_in_courses,total_reg_credits,-227.5,24
train_v2_course,start_total_in_courses,total_reg_credits,-227.0,130
train_v2_course,start_total_in_courses,total_reg_credits,-226.5,28
train_v2_course,start_total_in_courses,total_reg_credits,-226.0,119
train_v2_course,start_total_in_courses,total_reg_credits,-225.5,25
train_v2_course,start_total_in_courses,total_reg_credits,-225.0,136
train_v2_course,start_total_in_courses,total_reg_credits,-224.5,32
train_v2_course,start_total_in_courses,total_reg_credits,-224.0,109
train_v2_course,start_total_in_courses,total_reg_credits,-223.5,8
train_v2_course,start_total_in_courses,total_reg_credits,-223.0,106
train_v2_course,start_total_in_courses,total_reg_credits,-222.5,11
train_v2_course,start_total_in_courses,total_reg_credits,-222.0,111
train_v2_course,start_total_in_courses,total_reg_credits,-221.5,18
train_v2_course,start_total_in_courses,total_reg_credits,-221.0,120
train_v2_course,start_total_in_courses,total_reg_credits,-220.5,25
train_v2_course,start_total_in_courses,total_reg_credits,-220.0,104
train_v2_course,start_total_in_courses,total_reg_credits,-219.5,15
train_v2_course,start_total_in_courses,total_reg_credits,-219.0,125
train_v2_course,start_total_in_courses,total_reg_credits,-218.5,13
train_v2_course,start_total_in_courses,total_reg_credits,-218.0,149
train_v2_course,start_total_in_courses,total_reg_credits,-217.5,28
train_v2_course,start_total_in_courses,total_reg_credits,-217.0,109
train_v2_course,start_total_in_courses,total_reg_credits,-216.5,30
train_v2_course,start_total_in_courses,total_reg_credits,-216.0,103
train_v2_course,start_total_in_courses,total_reg_credits,-215.5,14
train_v2_course,start_total_in_courses,total_reg_credits,-215.0,127
train_v2_course,start_total_in_courses,total_reg_credits,-214.5,35
train_v2_course,start_total_in_courses,total_reg_credits,-214.0,165
train_v2_course,start_total_in_courses,total_reg_credits,-213.5,25
train_v2_course,start_total_in_courses,total_reg_credits,-213.0,119
train_v2_course,start_total_in_courses,total_reg_credits,-212.5,14
train_v2_course,start_total_in_courses,total_reg_credits,-212.0,96
train_v2_course,start_total_in_courses,total_reg_credits,-211.5,20
train_v2_course,start_total_in_courses,total_reg_credits,-211.0,143
train_v2_course,start_total_in_courses,total_reg_credits,-210.5,14
train_v2_course,start_total_in_courses,total_reg_credits,-210.0,140
train_v2_course,start_total_in_courses,total_reg_credits,-209.5,22
train_v2_course,start_total_in_courses,total_reg_credits,-209.0,165
train_v2_course,start_total_in_courses,total_reg_credits,-208.5,36
train_v2_course,start_total_in_courses,total_reg_credits,-208.0,201
train_v2_course,start_total_in_courses,total_reg_credits,-207.5,40
train_v2_course,start_total_in_courses,total_reg_credits,-207.0,130
train_v2_course,start_total_in_courses,total_reg_credits,-206.5,22
train_v2_course,start_total_in_courses,total_reg_credits,-206.0,132
train_v2_course,start_total_in_courses,total_reg_credits,-205.5,39
train_v2_course,start_total_in_courses,total_reg_credits,-205.0,182
train_v2_course,start_total_in_courses,total_reg_credits,-204.5,20
train_v2_course,start_total_in_courses,total_reg_credits,-204.0,208
train_v2_course,start_total_in_courses,total_reg_credits,-203.5,14
train_v2_course,start_total_in_courses,total_reg_credits,-203.0,151
train_v2_course,start_total_in_courses,total_reg_credits,-202.5,31
train_v2_course,start_total_in_courses,total_reg_credits,-202.0,226
train_v2_course,start_total_in_courses,total_reg_credits,-201.5,17
train_v2_course,start_total_in_courses,total_reg_credits,-201.0,142
train_v2_course,start_total_in_courses,total_reg_credits,-200.5,36
train_v2_course,start_total_in_courses,total_reg_credits,-200.0,153
train_v2_course,start_total_in_courses,total_reg_credits,-199.5,38
train_v2_course,start_total_in_courses,total_reg_credits,-199.0,236
train_v2_course,start_total_in_courses,total_reg_credits,-198.5,22
train_v2_course,start_total_in_courses,total_reg_credits,-198.0,234
train_v2_course,start_total_in_courses,total_reg_credits,-197.5,20
train_v2_course,start_total_in_courses,total_reg_credits,-197.0,201
train_v2_course,start_total_in_courses,total_reg_credits,-196.5,32
train_v2_course,start_total_in_courses,total_reg_credits,-196.0,209
train_v2_course,start_total_in_courses,total_reg_credits,-195.5,27
train_v2_course,start_total_in_courses,total_reg_credits,-195.0,169
train_v2_course,start_total_in_courses,total_reg_credits,-194.5,24
train_v2_course,start_total_in_courses,total_reg_credits,-194.0,193
train_v2_course,start_total_in_courses,total_reg_credits,-193.5,34
train_v2_course,start_total_in_courses,total_reg_credits,-193.0,195
train_v2_course,start_total_in_courses,total_reg_credits,-192.5,51
train_v2_course,start_total_in_courses,total_reg_credits,-192.0,182
train_v2_course,start_total_in_courses,total_reg_credits,-191.5,20
train_v2_course,start_total_in_courses,total_reg_credits,-191.0,191
train_v2_course,start_total_in_courses,total_reg_credits,-190.5,40
train_v2_course,start_total_in_courses,total_reg_credits,-190.0,300
train_v2_course,start_total_in_courses,total_reg_credits,-189.5,36
train_v2_course,start_total_in_courses,total_reg_credits,-189.0,314
train_v2_course,start_total_in_courses,total_reg_credits,-188.5,26
train_v2_course,start_total_in_courses,total_reg_credits,-188.0,207
train_v2_course,start_total_in_courses,total_reg_credits,-187.5,22
train_v2_course,start_total_in_courses,total_reg_credits,-187.0,309
train_v2_course,start_total_in_courses,total_reg_credits,-186.5,13
train_v2_course,start_total_in_courses,total_reg_credits,-186.0,279
train_v2_course,start_total_in_courses,total_reg_credits,-185.5,44
train_v2_course,start_total_in_courses,total_reg_credits,-185.0,316
train_v2_course,start_total_in_courses,total_reg_credits,-184.5,44
train_v2_course,start_total_in_courses,total_reg_credits,-184.0,251
train_v2_course,start_total_in_courses,total_reg_credits,-183.5,39
train_v2_course,start_total_in_courses,total_reg_credits,-183.0,243
train_v2_course,start_total_in_courses,total_reg_credits,-182.5,67
train_v2_course,start_total_in_courses,total_reg_credits,-182.0,336
train_v2_course,start_total_in_courses,total_reg_credits,-181.5,58
train_v2_course,start_total_in_courses,total_reg_credits,-181.0,237
train_v2_course,start_total_in_courses,total_reg_credits,-180.5,52
train_v2_course,start_total_in_courses,total_reg_credits,-180.0,312
train_v2_course,start_total_in_courses,total_reg_credits,-179.5,20
train_v2_course,start_total_in_courses,total_reg_credits,-179.0,325
train_v2_course,start_total_in_courses,total_reg_credits,-178.5,42
train_v2_course,start_total_in_courses,total_reg_credits,-178.0,301
train_v2_course,start_total_in_courses,total_reg_credits,-177.5,48
train_v2_course,start_total_in_courses,total_reg_credits,-177.0,244
train_v2_course,start_total_in_courses,total_reg_credits,-176.5,46
train_v2_course,start_total_in_courses,total_reg_credits,-176.0,321
train_v2_course,start_total_in_courses,total_reg_credits,-175.5,44
train_v2_course,start_total_in_courses,total_reg_credits,-175.0,349
train_v2_course,start_total_in_courses,total_reg_credits,-174.5,52
train_v2_course,start_total_in_courses,total_reg_credits,-174.0,304
train_v2_course,start_total_in_courses,total_reg_credits,-173.5,39
train_v2_course,start_total_in_courses,total_reg_credits,-173.0,283
train_v2_course,start_total_in_courses,total_reg_credits,-172.5,76
train_v2_course,start_total_in_courses,total_reg_credits,-172.0,382
train_v2_course,start_total_in_courses,total_reg_credits,-171.5,12
train_v2_course,start_total_in_courses,total_reg_credits,-171.0,377
train_v2_course,start_total_in_courses,total_reg_credits,-170.5,48
train_v2_course,start_total_in_courses,total_reg_credits,-170.0,345
train_v2_course,start_total_in_courses,total_reg_credits,-169.5,53
train_v2_course,start_total_in_courses,total_reg_credits,-169.0,384
train_v2_course,start_total_in_courses,total_reg_credits,-168.5,29
train_v2_course,start_total_in_courses,total_reg_credits,-168.0,322
train_v2_course,start_total_in_courses,total_reg_credits,-167.5,57
train_v2_course,start_total_in_courses,total_reg_credits,-167.0,313
train_v2_course,start_total_in_courses,total_reg_credits,-166.5,50
train_v2_course,start_total_in_courses,total_reg_credits,-166.0,371
train_v2_course,start_total_in_courses,total_reg_credits,-165.5,70
train_v2_course,start_total_in_courses,total_reg_credits,-165.0,491
train_v2_course,start_total_in_courses,total_reg_credits,-164.5,36
train_v2_course,start_total_in_courses,total_reg_credits,-164.0,487
train_v2_course,start_total_in_courses,total_reg_credits,-163.5,69
train_v2_course,start_total_in_courses,total_reg_credits,-163.0,452
train_v2_course,start_total_in_courses,total_reg_credits,-162.5,32
train_v2_course,start_total_in_courses,total_reg_credits,-162.0,396
train_v2_course,start_total_in_courses,total_reg_credits,-161.5,87
train_v2_course,start_total_in_courses,total_reg_credits,-161.0,421
train_v2_course,start_total_in_courses,total_reg_credits,-160.5,40
train_v2_course,start_total_in_courses,total_reg_credits,-160.0,490
train_v2_course,start_total_in_courses,total_reg_credits,-159.5,74
train_v2_course,start_total_in_courses,total_reg_credits,-159.0,469
train_v2_course,start_total_in_courses,total_reg_credits,-158.5,57
train_v2_course,start_total_in_courses,total_reg_credits,-158.0,454
train_v2_course,start_total_in_courses,total_reg_credits,-157.5,89
train_v2_course,start_total_in_courses,total_reg_credits,-157.0,424
train_v2_course,start_total_in_courses,total_reg_credits,-156.5,80
train_v2_course,start_total_in_courses,total_reg_credits,-156.0,430
train_v2_course,start_total_in_courses,total_reg_credits,-155.5,50
train_v2_course,start_total_in_courses,total_reg_credits,-155.0,461
train_v2_course,start_total_in_courses,total_reg_credits,-154.5,85
train_v2_course,start_total_in_courses,total_reg_credits,-154.0,503
train_v2_course,start_total_in_courses,total_reg_credits,-153.5,71
train_v2_course,start_total_in_courses,total_reg_credits,-153.0,521
train_v2_course,start_total_in_courses,total_reg_credits,-152.5,91
train_v2_course,start_total_in_courses,total_reg_credits,-152.0,552
train_v2_course,start_total_in_courses,total_reg_credits,-151.5,81
train_v2_course,start_total_in_courses,total_reg_credits,-151.0,506
train_v2_course,start_total_in_courses,total_reg_credits,-150.5,116
train_v2_course,start_total_in_courses,total_reg_credits,-150.0,445
train_v2_course,start_total_in_courses,total_reg_credits,-149.5,91
train_v2_course,start_total_in_courses,total_reg_credits,-149.0,594
train_v2_course,start_total_in_courses,total_reg_credits,-148.5,94
train_v2_course,start_total_in_courses,total_reg_credits,-148.0,544
train_v2_course,start_total_in_courses,total_reg_credits,-147.5,68
train_v2_course,start_total_in_courses,total_reg_credits,-147.0,542
train_v2_course,start_total_in_courses,total_reg_credits,-146.5,119
train_v2_course,start_total_in_courses,total_reg_credits,-146.0,669
train_v2_course,start_total_in_courses,total_reg_credits,-145.5,106
train_v2_course,start_total_in_courses,total_reg_credits,-145.0,592
train_v2_course,start_total_in_courses,total_reg_credits,-144.5,81
train_v2_course,start_total_in_courses,total_reg_credits,-144.0,650
train_v2_course,start_total_in_courses,total_reg_credits,-143.5,51
train_v2_course,start_total_in_courses,total_reg_credits,-143.0,647
train_v2_course,start_total_in_courses,total_reg_credits,-142.5,84
train_v2_course,start_total_in_courses,total_reg_credits,-142.0,638
train_v2_course,start_total_in_courses,total_reg_credits,-141.5,80
train_v2_course,start_total_in_courses,total_reg_credits,-141.0,698
train_v2_course,start_total_in_courses,total_reg_credits,-140.5,70
train_v2_course,start_total_in_courses,total_reg_credits,-140.0,694
train_v2_course,start_total_in_courses,total_reg_credits,-139.5,78
train_v2_course,start_total_in_courses,total_reg_credits,-139.0,717
train_v2_course,start_total_in_courses,total_reg_credits,-138.5,94
train_v2_course,start_total_in_courses,total_reg_credits,-138.0,702
train_v2_course,start_total_in_courses,total_reg_credits,-137.5,115
train_v2_course,start_total_in_courses,total_reg_credits,-137.0,676
train_v2_course,start_total_in_courses,total_reg_credits,-136.5,91
train_v2_course,start_total_in_courses,total_reg_credits,-136.0,720
train_v2_course,start_total_in_courses,total_reg_credits,-135.5,58
train_v2_course,start_total_in_courses,total_reg_credits,-135.0,862
train_v2_course,start_total_in_courses,total_reg_credits,-134.5,80
train_v2_course,start_total_in_courses,total_reg_credits,-134.0,790
train_v2_course,start_total_in_courses,total_reg_credits,-133.5,103
train_v2_course,start_total_in_courses,total_reg_credits,-133.0,786
train_v2_course,start_total_in_courses,total_reg_credits,-132.5,47
train_v2_course,start_total_in_courses,total_reg_credits,-132.0,741
train_v2_course,start_total_in_courses,total_reg_credits,-131.5,137
train_v2_course,start_total_in_courses,total_reg_credits,-131.0,855
train_v2_course,start_total_in_courses,total_reg_credits,-130.5,79
train_v2_course,start_total_in_courses,total_reg_credits,-130.0,949
train_v2_course,start_total_in_courses,total_reg_credits,-129.5,73
train_v2_course,start_total_in_courses,total_reg_credits,-129.0,679
train_v2_course,start_total_in_courses,total_reg_credits,-128.5,99
train_v2_course,start_total_in_courses,total_reg_credits,-128.0,871
train_v2_course,start_total_in_courses,total_reg_credits,-127.5,56
train_v2_course,start_total_in_courses,total_reg_credits,-127.0,924
train_v2_course,start_total_in_courses,total_reg_credits,-126.5,61
train_v2_course,start_total_in_courses,total_reg_credits,-126.0,887
train_v2_course,start_total_in_courses,total_reg_credits,-125.5,80
train_v2_course,start_total_in_courses,total_reg_credits,-125.0,975
train_v2_course,start_total_in_courses,total_reg_credits,-124.5,108
train_v2_course,start_total_in_courses,total_reg_credits,-124.0,1063
train_v2_course,start_total_in_courses,total_reg_credits,-123.5,45
train_v2_course,start_total_in_courses,total_reg_credits,-123.0,1067
train_v2_course,start_total_in_courses,total_reg_credits,-122.5,67
train_v2_course,start_total_in_courses,total_reg_credits,-122.0,988
train_v2_course,start_total_in_courses,total_reg_credits,-121.5,82
train_v2_course,start_total_in_courses,total_reg_credits,-121.0,1144
train_v2_course,start_total_in_courses,total_reg_credits,-120.5,97
train_v2_course,start_total_in_courses,total_reg_credits,-120.0,989
train_v2_course,start_total_in_courses,total_reg_credits,-119.5,37
train_v2_course,start_total_in_courses,total_reg_credits,-119.0,1062
train_v2_course,start_total_in_courses,total_reg_credits,-118.5,68
train_v2_course,start_total_in_courses,total_reg_credits,-118.0,1076
train_v2_course,start_total_in_courses,total_reg_credits,-117.5,26
train_v2_course,start_total_in_courses,total_reg_credits,-117.0,1101
train_v2_course,start_total_in_courses,total_reg_credits,-116.5,41
train_v2_course,start_total_in_courses,total_reg_credits,-116.0,1082
train_v2_course,start_total_in_courses,total_reg_credits,-115.5,96
train_v2_course,start_total_in_courses,total_reg_credits,-115.0,1208
train_v2_course,start_total_in_courses,total_reg_credits,-114.5,82
train_v2_course,start_total_in_courses,total_reg_credits,-114.0,1244
train_v2_course,start_total_in_courses,total_reg_credits,-113.5,45
train_v2_course,start_total_in_courses,total_reg_credits,-113.0,1231
train_v2_course,start_total_in_courses,total_reg_credits,-112.5,71
train_v2_course,start_total_in_courses,total_reg_credits,-112.0,1211
train_v2_course,start_total_in_courses,total_reg_credits,-111.5,73
train_v2_course,start_total_in_courses,total_reg_credits,-111.0,1285
train_v2_course,start_total_in_courses,total_reg_credits,-110.5,51
train_v2_course,start_total_in_courses,total_reg_credits,-110.0,1401
train_v2_course,start_total_in_courses,total_reg_credits,-109.5,57
train_v2_course,start_total_in_courses,total_reg_credits,-109.0,1509
train_v2_course,start_total_in_courses,total_reg_credits,-108.5,48
train_v2_course,start_total_in_courses,total_reg_credits,-108.0,1562
train_v2_course,start_total_in_courses,total_reg_credits,-107.5,56
train_v2_course,start_total_in_courses,total_reg_credits,-107.0,1589
train_v2_course,start_total_in_courses,total_reg_credits,-106.5,71
train_v2_course,start_total_in_courses,total_reg_credits,-106.0,1622
train_v2_course,start_total_in_courses,total_reg_credits,-105.5,64
train_v2_course,start_total_in_courses,total_reg_credits,-105.0,1726
train_v2_course,start_total_in_courses,total_reg_credits,-104.5,70
train_v2_course,start_total_in_courses,total_reg_credits,-104.0,1601
train_v2_course,start_total_in_courses,total_reg_credits,-103.5,62
train_v2_course,start_total_in_courses,total_reg_credits,-103.0,1780
train_v2_course,start_total_in_courses,total_reg_credits,-102.5,56
train_v2_course,start_total_in_courses,total_reg_credits,-102.0,1756
train_v2_course,start_total_in_courses,total_reg_credits,-101.5,76
train_v2_course,start_total_in_courses,total_reg_credits,-101.0,1946
train_v2_course,start_total_in_courses,total_reg_credits,-100.5,47
train_v2_course,start_total_in_courses,total_reg_credits,-100.0,1859
train_v2_course,start_total_in_courses,total_reg_credits,-99.5,51
train_v2_course,start_total_in_courses,total_reg_credits,-99.0,2036
train_v2_course,start_total_in_courses,total_reg_credits,-98.5,40
train_v2_course,start_total_in_courses,total_reg_credits,-98.0,1850
train_v2_course,start_total_in_courses,total_reg_credits,-97.5,71
train_v2_course,start_total_in_courses,total_reg_credits,-97.0,2035
train_v2_course,start_total_in_courses,total_reg_credits,-96.5,57
train_v2_course,start_total_in_courses,total_reg_credits,-96.0,1852
train_v2_course,start_total_in_courses,total_reg_credits,-95.5,37
train_v2_course,start_total_in_courses,total_reg_credits,-95.0,1952
train_v2_course,start_total_in_courses,total_reg_credits,-94.5,30
train_v2_course,start_total_in_courses,total_reg_credits,-94.0,2130
train_v2_course,start_total_in_courses,total_reg_credits,-93.5,56
train_v2_course,start_total_in_courses,total_reg_credits,-93.0,1941
train_v2_course,start_total_in_courses,total_reg_credits,-92.5,60
train_v2_course,start_total_in_courses,total_reg_credits,-92.0,1926
train_v2_course,start_total_in_courses,total_reg_credits,-91.5,42
train_v2_course,start_total_in_courses,total_reg_credits,-91.0,2139
train_v2_course,start_total_in_courses,total_reg_credits,-90.5,52
train_v2_course,start_total_in_courses,total_reg_credits,-90.0,1930
train_v2_course,start_total_in_courses,total_reg_credits,-89.5,39
train_v2_course,start_total_in_courses,total_reg_credits,-89.0,2159
train_v2_course,start_total_in_courses,total_reg_credits,-88.5,39
train_v2_course,start_total_in_courses,total_reg_credits,-88.0,2178
train_v2_course,start_total_in_courses,total_reg_credits,-87.5,9
train_v2_course,start_total_in_courses,total_reg_credits,-87.0,2343
train_v2_course,start_total_in_courses,total_reg_credits,-86.5,9
train_v2_course,start_total_in_courses,total_reg_credits,-86.0,2276
train_v2_course,start_total_in_courses,total_reg_credits,-85.5,18
train_v2_course,start_total_in_courses,total_reg_credits,-85.0,2197
train_v2_course,start_total_in_courses,total_reg_credits,-84.5,39
train_v2_course,start_total_in_courses,total_reg_credits,-84.0,2223
train_v2_course,start_total_in_courses,total_reg_credits,-83.5,12
train_v2_course,start_total_in_courses,total_reg_credits,-83.0,2202
train_v2_course,start_total_in_courses,total_reg_credits,-82.5,14
train_v2_course,start_total_in_courses,total_reg_credits,-82.0,2347
train_v2_course,start_total_in_courses,total_reg_credits,-81.5,33
train_v2_course,start_total_in_courses,total_reg_credits,-81.0,2300
train_v2_course,start_total_in_courses,total_reg_credits,-80.5,33
train_v2_course,start_total_in_courses,total_reg_credits,-80.0,2414
train_v2_course,start_total_in_courses,total_reg_credits,-79.5,24
train_v2_course,start_total_in_courses,total_reg_credits,-79.0,2166
train_v2_course,start_total_in_courses,total_reg_credits,-78.5,10
train_v2_course,start_total_in_courses,total_reg_credits,-78.0,2251
train_v2_course,start_total_in_courses,total_reg_credits,-77.5,13
train_v2_course,start_total_in_courses,total_reg_credits,-77.0,2118
train_v2_course,start_total_in_courses,total_reg_credits,-76.5,14
train_v2_course,start_total_in_courses,total_reg_credits,-76.0,2229
train_v2_course,start_total_in_courses,total_reg_credits,-75.0,2497
train_v2_course,start_total_in_courses,total_reg_credits,-74.5,17
train_v2_course,start_total_in_courses,total_reg_credits,-74.0,2004
train_v2_course,start_total_in_courses,total_reg_credits,-73.5,6
train_v2_course,start_total_in_courses,total_reg_credits,-73.0,2280
train_v2_course,start_total_in_courses,total_reg_credits,-72.5,26
train_v2_course,start_total_in_courses,total_reg_credits,-72.0,2481
train_v2_course,start_total_in_courses,total_reg_credits,-71.5,19
train_v2_course,start_total_in_courses,total_reg_credits,-71.0,2415
train_v2_course,start_total_in_courses,total_reg_credits,-70.5,5
train_v2_course,start_total_in_courses,total_reg_credits,-70.0,2482
train_v2_course,start_total_in_courses,total_reg_credits,-69.5,18
train_v2_course,start_total_in_courses,total_reg_credits,-69.0,2488
train_v2_course,start_total_in_courses,total_reg_credits,-68.5,5
train_v2_course,start_total_in_courses,total_reg_credits,-68.0,2287
train_v2_course,start_total_in_courses,total_reg_credits,-67.5,5
train_v2_course,start_total_in_courses,total_reg_credits,-67.0,2246
train_v2_course,start_total_in_courses,total_reg_credits,-66.5,6
train_v2_course,start_total_in_courses,total_reg_credits,-66.0,2449
train_v2_course,start_total_in_courses,total_reg_credits,-65.5,10
train_v2_course,start_total_in_courses,total_reg_credits,-65.0,2525
train_v2_course,start_total_in_courses,total_reg_credits,-64.5,2
train_v2_course,start_total_in_courses,total_reg_credits,-64.0,2581
train_v2_course,start_total_in_courses,total_reg_credits,-63.5,6
train_v2_course,start_total_in_courses,total_reg_credits,-63.0,2379
train_v2_course,start_total_in_courses,total_reg_credits,-62.5,2
train_v2_course,start_total_in_courses,total_reg_credits,-62.0,2223
train_v2_course,start_total_in_courses,total_reg_credits,-61.0,2342
train_v2_course,start_total_in_courses,total_reg_credits,-60.0,2313
train_v2_course,start_total_in_courses,total_reg_credits,-59.5,2
train_v2_course,start_total_in_courses,total_reg_credits,-59.0,2411
train_v2_course,start_total_in_courses,total_reg_credits,-58.5,4
train_v2_course,start_total_in_courses,total_reg_credits,-58.0,2600
train_v2_course,start_total_in_courses,total_reg_credits,-57.0,2545
train_v2_course,start_total_in_courses,total_reg_credits,-56.0,2502
train_v2_course,start_total_in_courses,total_reg_credits,-55.0,2650
train_v2_course,start_total_in_courses,total_reg_credits,-54.5,5
train_v2_course,start_total_in_courses,total_reg_credits,-54.0,2472
train_v2_course,start_total_in_courses,total_reg_credits,-53.5,5
train_v2_course,start_total_in_courses,total_reg_credits,-53.0,2336
train_v2_course,start_total_in_courses,total_reg_credits,-52.5,9
train_v2_course,start_total_in_courses,total_reg_credits,-52.0,2479
train_v2_course,start_total_in_courses,total_reg_credits,-51.0,2399
train_v2_course,start_total_in_courses,total_reg_credits,-50.5,5
train_v2_course,start_total_in_courses,total_reg_credits,-50.0,2302
train_v2_course,start_total_in_courses,total_reg_credits,-49.5,6
train_v2_course,start_total_in_courses,total_reg_credits,-49.0,2387
train_v2_course,start_total_in_courses,total_reg_credits,-48.0,2333
train_v2_course,start_total_in_courses,total_reg_credits,-47.5,2
train_v2_course,start_total_in_courses,total_reg_credits,-47.0,2334
train_v2_course,start_total_in_courses,total_reg_credits,-46.5,11
train_v2_course,start_total_in_courses,total_reg_credits,-46.0,2572
train_v2_course,start_total_in_courses,total_reg_credits,-45.5,2
train_v2_course,start_total_in_courses,total_reg_credits,-45.0,2830
train_v2_course,start_total_in_courses,total_reg_credits,-44.5,1
train_v2_course,start_total_in_courses,total_reg_credits,-44.0,2758
train_v2_course,start_total_in_courses,total_reg_credits,-43.0,2984
train_v2_course,start_total_in_courses,total_reg_credits,-42.0,2967
train_v2_course,start_total_in_courses,total_reg_credits,-41.0,2743
train_v2_course,start_total_in_courses,total_reg_credits,-40.0,2558
train_v2_course,start_total_in_courses,total_reg_credits,-39.0,2359
train_v2_course,start_total_in_courses,total_reg_credits,-38.0,2242
train_v2_course,start_total_in_courses,total_reg_credits,-37.0,2322
train_v2_course,start_total_in_courses,total_reg_credits,-36.5,6
train_v2_course,start_total_in_courses,total_reg_credits,-36.0,2321
train_v2_course,start_total_in_courses,total_reg_credits,-35.5,5
train_v2_course,start_total_in_courses,total_reg_credits,-35.0,2461
train_v2_course,start_total_in_courses,total_reg_credits,-34.0,2935
train_v2_course,start_total_in_courses,total_reg_credits,-33.0,2704
train_v2_course,start_total_in_courses,total_reg_credits,-32.0,3078
train_v2_course,start_total_in_courses,total_reg_credits,-31.5,11
train_v2_course,start_total_in_courses,total_reg_credits,-31.0,2831
train_v2_course,start_total_in_courses,total_reg_credits,-30.0,3049
train_v2_course,start_total_in_courses,total_reg_credits,-29.5,4
train_v2_course,start_total_in_courses,total_reg_credits,-29.0,2790
train_v2_course,start_total_in_courses,total_reg_credits,-28.0,2853
train_v2_course,start_total_in_courses,total_reg_credits,-27.5,5
train_v2_course,start_total_in_courses,total_reg_credits,-27.0,2977
train_v2_course,start_total_in_courses,total_reg_credits,-26.0,2914
train_v2_course,start_total_in_courses,total_reg_credits,-25.0,3065
train_v2_course,start_total_in_courses,total_reg_credits,-24.0,3270
train_v2_course,start_total_in_courses,total_reg_credits,-23.0,3350
train_v2_course,start_total_in_courses,total_reg_credits,-22.0,3400
train_v2_course,start_total_in_courses,total_reg_credits,-21.0,2877
train_v2_course,start_total_in_courses,total_reg_credits,-20.0,2608
train_v2_course,start_total_in_courses,total_reg_credits,-19.0,1712
train_v2_course,start_total_in_courses,total_reg_credits,-18.5,6
train_v2_course,start_total_in_courses,total_reg_credits,-18.0,1617
train_v2_course,start_total_in_courses,total_reg_credits,-17.0,1647
train_v2_course,start_total_in_courses,total_reg_credits,-16.0,1302
train_v2_course,start_total_in_courses,total_reg_credits,-15.0,1770
train_v2_course,start_total_in_courses,total_reg_credits,-14.5,5
train_v2_course,start_total_in_courses,total_reg_credits,-14.0,2383
train_v2_course,start_total_in_courses,total_reg_credits,-13.0,2945
train_v2_course,start_total_in_courses,total_reg_credits,-12.5,3
train_v2_course,start_total_in_courses,total_reg_credits,-12.0,5157
train_v2_course,start_total_in_courses,total_reg_credits,-11.5,5
train_v2_course,start_total_in_courses,total_reg_credits,-11.0,5804
train_v2_course,start_total_in_courses,total_reg_credits,-10.0,5465
train_v2_course,start_total_in_courses,total_reg_credits,-9.0,3038
train_v2_course,start_total_in_courses,total_reg_credits,-8.0,1388
train_v2_course,start_total_in_courses,total_reg_credits,-7.0,994
train_v2_course,start_total_in_courses,total_reg_credits,-6.5,3
train_v2_course,start_total_in_courses,total_reg_credits,-6.0,721
train_v2_course,start_total_in_courses,total_reg_credits,-5.0,686
train_v2_course,start_total_in_courses,total_reg_credits,-4.0,562
train_v2_course,start_total_in_courses,total_reg_credits,-3.0,516
train_v2_course,start_total_in_courses,total_reg_credits,-2.0,334
train_v2_course,start_total_in_courses,total_reg_credits,-1.0,253
train_v2_course,start_total_in_courses,total_reg_credits,0.0,34287
train_v2_course,start_total_in_courses,total_reg_credits,1.0,130
train_v2_course,start_total_in_courses,total_reg_credits,2.0,151
train_v2_course,start_total_in_courses,total_reg_credits,3.0,90
train_v2_course,start_total_in_courses,total_reg_credits,4.0,85
train_v2_course,start_total_in_courses,total_reg_credits,5.0,107
train_v2_course,start_total_in_courses,total_reg_credits,6.0,58
train_v2_course,start_total_in_courses,total_reg_credits,7.0,38
train_v2_course,start_total_in_courses,total_reg_credits,8.0,53
train_v2_course,start_total_in_courses,total_reg_credits,9.0,35
train_v2_course,start_total_in_courses,total_reg_credits,10.0,25
train_v2_course,start_total_in_courses,total_reg_credits,11.0,17
train_v2_course,start_total_in_courses,total_reg_credits,12.0,22
train_v2_course,start_total_in_courses,total_reg_credits,13.0,15
train_v2_course,start_total_in_courses,total_reg_credits,14.0,18
train_v2_course,start_total_in_courses,total_reg_credits,15.0,29
train_v2_course,start_total_in_courses,total_reg_credits,16.0,6
train_v2_course,start_total_in_courses,total_reg_credits,17.0,10
train_v2_course,start_total_in_courses,total_reg_credits,18.0,6
train_v2_course,start_total_in_courses,total_reg_credits,20.0,6
train_v2_course,start_total_in_courses,total_reg_credits,21.0,6
train_v2_course,start_total_in_courses,total_reg_credits,22.0,13
train_v2_course,start_total_in_courses,total_reg_credits,23.0,6
train_v2_course,start_total_in_courses,total_reg_credits,24.0,3
train_v2_course,start_total_in_courses,total_reg_courses,-115.0,8
train_v2_course,start_total_in_courses,total_reg_courses,-105.0,7
train_v2_course,start_total_in_courses,total_reg_courses,-100.0,3
train_v2_course,start_total_in_courses,total_reg_courses,-99.0,9
train_v2_course,start_total_in_courses,total_reg_courses,-98.0,17
train_v2_course,start_total_in_courses,total_reg_courses,-97.0,3
train_v2_course,start_total_in_courses,total_reg_courses,-96.0,3
train_v2_course,start_total_in_courses,total_reg_courses,-94.0,6
train_v2_course,start_total_in_courses,total_reg_courses,-93.0,10
train_v2_course,start_total_in_courses,total_reg_courses,-92.0,13
train_v2_course,start_total_in_courses,total_reg_courses,-91.0,36
train_v2_course,start_total_in_courses,total_reg_courses,-90.0,16
train_v2_course,start_total_in_courses,total_reg_courses,-89.0,14
train_v2_course,start_total_in_courses,total_reg_courses,-88.0,25
train_v2_course,start_total_in_courses,total_reg_courses,-87.0,53
train_v2_course,start_total_in_courses,total_reg_courses,-86.0,12
train_v2_course,start_total_in_courses,total_reg_courses,-85.0,16
train_v2_course,start_total_in_courses,total_reg_courses,-84.0,20
train_v2_course,start_total_in_courses,total_reg_courses,-83.0,15
train_v2_course,start_total_in_courses,total_reg_courses,-82.0,10
train_v2_course,start_total_in_courses,total_reg_courses,-81.0,14
train_v2_course,start_total_in_courses,total_reg_courses,-80.0,23
train_v2_course,start_total_in_courses,total_reg_courses,-79.0,49
train_v2_course,start_total_in_courses,total_reg_courses,-78.0,33
train_v2_course,start_total_in_courses,total_reg_courses,-77.0,31
train_v2_course,start_total_in_courses,total_reg_courses,-76.0,50
train_v2_course,start_total_in_courses,total_reg_courses,-75.0,50
train_v2_course,start_total_in_courses,total_reg_courses,-74.0,35
train_v2_course,start_total_in_courses,total_reg_courses,-73.0,87
train_v2_course,start_total_in_courses,total_reg_courses,-72.0,99
train_v2_course,start_total_in_courses,total_reg_courses,-71.0,81
train_v2_course,start_total_in_courses,total_reg_courses,-70.0,107
train_v2_course,start_total_in_courses,total_reg_courses,-69.0,97
train_v2_course,start_total_in_courses,total_reg_courses,-68.0,105
train_v2_course,start_total_in_courses,total_reg_courses,-67.0,121
train_v2_course,start_total_in_courses,total_reg_courses,-66.0,158
train_v2_course,start_total_in_courses,total_reg_courses,-65.0,120
train_v2_course,start_total_in_courses,total_reg_courses,-64.0,114
train_v2_course,start_total_in_courses,total_reg_courses,-63.0,117
train_v2_course,start_total_in_courses,total_reg_courses,-62.0,208
train_v2_course,start_total_in_courses,total_reg_courses,-61.0,211
train_v2_course,start_total_in_courses,total_reg_courses,-60.0,197
train_v2_course,start_total_in_courses,total_reg_courses,-59.0,192
train_v2_course,start_total_in_courses,total_reg_courses,-58.0,165
train_v2_course,start_total_in_courses,total_reg_courses,-57.0,173
train_v2_course,start_total_in_courses,total_reg_courses,-56.0,262
train_v2_course,start_total_in_courses,total_reg_courses,-55.0,172
train_v2_course,start_total_in_courses,total_reg_courses,-54.0,240
train_v2_course,start_total_in_courses,total_reg_courses,-53.0,356
train_v2_course,start_total_in_courses,total_reg_courses,-52.0,252
train_v2_course,start_total_in_courses,total_reg_courses,-51.0,307
train_v2_course,start_total_in_courses,total_reg_courses,-50.0,377
train_v2_course,start_total_in_courses,total_reg_courses,-49.0,363
train_v2_course,start_total_in_courses,total_reg_courses,-48.0,372
train_v2_course,start_total_in_courses,total_reg_courses,-47.0,400
train_v2_course,start_total_in_courses,total_reg_courses,-46.0,515
train_v2_course,start_total_in_courses,total_reg_courses,-45.0,507
train_v2_course,start_total_in_courses,total_reg_courses,-44.0,476
train_v2_course,start_total_in_courses,total_reg_courses,-43.0,567
train_v2_course,start_total_in_courses,total_reg_courses,-42.0,477
train_v2_course,start_total_in_courses,total_reg_courses,-41.0,520
train_v2_course,start_total_in_courses,total_reg_courses,-40.0,547
train_v2_course,start_total_in_courses,total_reg_courses,-39.0,620
train_v2_course,start_total_in_courses,total_reg_courses,-38.0,570
train_v2_course,start_total_in_courses,total_reg_courses,-37.0,700
train_v2_course,start_total_in_courses,total_reg_courses,-36.0,746
train_v2_course,start_total_in_courses,total_reg_courses,-35.0,911
train_v2_course,start_total_in_courses,total_reg_courses,-34.0,879
train_v2_course,start_total_in_courses,total_reg_courses,-33.0,777
train_v2_course,start_total_in_courses,total_reg_courses,-32.0,834
train_v2_course,start_total_in_courses,total_reg_courses,-31.0,998
train_v2_course,start_total_in_courses,total_reg_courses,-30.0,1141
train_v2_course,start_total_in_courses,total_reg_courses,-29.0,1172
train_v2_course,start_total_in_courses,total_reg_courses,-28.0,1410
train_v2_course,start_total_in_courses,total_reg_courses,-27.0,1239
train_v2_course,start_total_in_courses,total_reg_courses,-26.0,1716
train_v2_course,start_total_in_courses,total_reg_courses,-25.0,1618
train_v2_course,start_total_in_courses,total_reg_courses,-24.0,1810
train_v2_course,start_total_in_courses,total_reg_courses,-23.0,2014
train_v2_course,start_total_in_courses,total_reg_courses,-22.0,2265
train_v2_course,start_total_in_courses,total_reg_courses,-21.0,2337
train_v2_course,start_total_in_courses,total_reg_courses,-20.0,2559
train_v2_course,start_total_in_courses,total_reg_courses,-19.0,3040
train_v2_course,start_total_in_courses,total_reg_courses,-18.0,3571
train_v2_course,start_total_in_courses,total_reg_courses,-17.0,3607
train_v2_course,start_total_in_courses,total_reg_courses,-16.0,3863
train_v2_course,start_total_in_courses,total_reg_courses,-15.0,4170
train_v2_course,start_total_in_courses,total_reg_courses,-14.0,4494
train_v2_course,start_total_in_courses,total_reg_courses,-13.0,4778
train_v2_course,start_total_in_courses,total_reg_courses,-12.0,5690
train_v2_course,start_total_in_courses,total_reg_courses,-11.0,6202
train_v2_course,start_total_in_courses,total_reg_courses,-10.0,6740
train_v2_course,start_total_in_courses,total_reg_courses,-9.0,8044
train_v2_course,start_total_in_courses,total_reg_courses,-8.0,10112
train_v2_course,start_total_in_courses,total_reg_courses,-7.0,10424
train_v2_course,start_total_in_courses,total_reg_courses,-6.0,12257
train_v2_course,start_total_in_courses,total_reg_courses,-5.0,13938
train_v2_course,start_total_in_courses,total_reg_courses,-4.0,16952
train_v2_course,start_total_in_courses,total_reg_courses,-3.0,17932
train_v2_course,start_total_in_courses,total_reg_courses,-2.0,20928
train_v2_course,start_total_in_courses,total_reg_courses,-1.0,32831
train_v2_course,start_total_in_courses,total_reg_courses,0.0,100684
train_v2_course,start_total_in_courses,total_reg_courses,1.0,2262
train_v2_course,start_total_in_courses,total_reg_courses,2.0,2594
train_v2_course,start_total_in_courses,total_reg_courses,3.0,3763
train_v2_course,start_total_in_courses,total_reg_courses,4.0,3904
train_v2_course,start_total_in_courses,total_reg_courses,5.0,3451
train_v2_course,start_total_in_courses,total_reg_courses,6.0,3519
train_v2_course,start_total_in_courses,total_reg_courses,7.0,3424
train_v2_course,start_total_in_courses,total_reg_courses,8.0,1393
train_v2_course,start_total_in_courses,total_reg_courses,9.0,1462
train_v2_course,start_total_in_courses,total_reg_courses,10.0,904
train_v2_course,start_total_in_courses,total_reg_courses,11.0,547
train_v2_course,start_total_in_courses,total_reg_courses,12.0,572
train_v2_course,start_total_in_courses,total_reg_courses,13.0,472
train_v2_course,start_total_in_courses,total_reg_courses,14.0,187
train_v2_course,start_total_in_courses,total_reg_courses,15.0,272
train_v2_course,start_total_in_courses,total_reg_courses,16.0,202
train_v2_course,start_total_in_courses,total_reg_courses,17.0,246
train_v2_course,start_total_in_courses,total_reg_courses,18.0,145
train_v2_course,start_total_in_courses,total_reg_courses,19.0,167
train_v2_course,start_total_in_courses,total_reg_courses,20.0,222
train_v2_course,start_total_in_courses,total_reg_courses,21.0,157
train_v2_course,start_total_in_courses,total_reg_courses,22.0,30
train_v2_course,start_total_in_courses,total_reg_courses,23.0,89
train_v2_course,start_total_in_courses,total_reg_courses,24.0,101
train_v2_course,start_total_in_courses,total_reg_courses,25.0,57
train_v2_course,start_total_in_courses,total_reg_courses,26.0,96
train_v2_course,start_total_in_courses,total_reg_courses,27.0,47
train_v2_course,start_total_in_courses,total_reg_courses,28.0,46
train_v2_course,start_total_in_courses,total_reg_courses,29.0,44
train_v2_course,start_total_in_courses,total_reg_courses,30.0,95
train_v2_course,start_total_in_courses,total_reg_courses,32.0,87
train_v2_course,start_total_in_courses,total_reg_courses,33.0,16
train_v2_course,start_total_in_courses,total_reg_courses,35.0,27
train_v2_course,total_reg_credits,total_reg_courses,0.0,34091
train_v2_course,total_reg_credits,total_reg_courses,1.0,12
train_v2_course,total_reg_credits,total_reg_courses,2.0,17
train_v2_course,total_reg_credits,total_reg_courses,4.0,11
train_v2_course,total_reg_credits,total_reg_courses,5.0,30
train_v2_course,total_reg_credits,total_reg_courses,6.0,134
train_v2_course,total_reg_credits,total_reg_courses,7.0,1623
train_v2_course,total_reg_credits,total_reg_courses,8.0,2241
train_v2_course,total_reg_credits,total_reg_courses,9.0,5173
train_v2_course,total_reg_credits,total_reg_courses,10.0,7644
train_v2_course,total_reg_credits,total_reg_courses,11.0,6640
train_v2_course,total_reg_credits,total_reg_courses,12.0,5774
train_v2_course,total_reg_credits,total_reg_courses,13.0,1554
train_v2_course,total_reg_credits,total_reg_courses,14.0,1786
train_v2_course,total_reg_credits,total_reg_courses,15.0,688
train_v2_course,total_reg_credits,total_reg_courses,16.0,1327
train_v2_course,total_reg_credits,total_reg_courses,17.0,1755
train_v2_course,total_reg_credits,total_reg_courses,18.0,2291
train_v2_course,total_reg_credits,total_reg_courses,19.0,2416
train_v2_course,total_reg_credits,total_reg_courses,20.0,3560
train_v2_course,total_reg_credits,total_reg_courses,21.0,3696
train_v2_course,total_reg_credits,total_reg_courses,22.0,4579
train_v2_course,total_reg_credits,total_reg_courses,23.0,3685
train_v2_course,total_reg_credits,total_reg_courses,24.0,3192
train_v2_course,total_reg_credits,total_reg_courses,25.0,2989
train_v2_course,total_reg_credits,total_reg_courses,26.0,3050
train_v2_course,total_reg_credits,total_reg_courses,27.0,2661
train_v2_course,total_reg_credits,total_reg_courses,28.0,2724
train_v2_course,total_reg_credits,total_reg_courses,29.0,2762
train_v2_course,total_reg_credits,total_reg_courses,30.0,3172
train_v2_course,total_reg_credits,total_reg_courses,31.0,3135
train_v2_course,total_reg_credits,total_reg_courses,32.0,3080
train_v2_course,total_reg_credits,total_reg_courses,33.0,3316
train_v2_course,total_reg_credits,total_reg_courses,34.0,3062
train_v2_course,total_reg_credits,total_reg_courses,35.0,2460
train_v2_course,total_reg_credits,total_reg_courses,36.0,2552
train_v2_course,total_reg_credits,total_reg_courses,36.5,6
train_v2_course,total_reg_credits,total_reg_courses,37.0,2226
train_v2_course,total_reg_credits,total_reg_courses,38.0,2367
train_v2_course,total_reg_credits,total_reg_courses,39.0,2400
train_v2_course,total_reg_credits,total_reg_courses,40.0,2531
train_v2_course,total_reg_credits,total_reg_courses,41.0,2774
train_v2_course,total_reg_credits,total_reg_courses,41.5,10
train_v2_course,total_reg_credits,total_reg_courses,42.0,3079
train_v2_course,total_reg_credits,total_reg_courses,42.5,6
train_v2_course,total_reg_credits,total_reg_courses,43.0,3118
train_v2_course,total_reg_credits,total_reg_courses,44.0,3315
train_v2_course,total_reg_credits,total_reg_courses,45.0,3240
train_v2_course,total_reg_credits,total_reg_courses,46.0,2798
train_v2_course,total_reg_credits,total_reg_courses,47.0,2697
train_v2_course,total_reg_credits,total_reg_courses,47.5,5
train_v2_course,total_reg_credits,total_reg_courses,48.0,2651
train_v2_course,total_reg_credits,total_reg_courses,48.5,9
train_v2_course,total_reg_credits,total_reg_courses,49.0,2540
train_v2_course,total_reg_credits,total_reg_courses,50.0,2436
train_v2_course,total_reg_credits,total_reg_courses,51.0,2615
train_v2_course,total_reg_credits,total_reg_courses,52.0,2675
train_v2_course,total_reg_credits,total_reg_courses,53.0,2558
train_v2_course,total_reg_credits,total_reg_courses,54.0,2586
train_v2_course,total_reg_credits,total_reg_courses,55.0,2602
train_v2_course,total_reg_credits,total_reg_courses,56.0,2586
train_v2_course,total_reg_credits,total_reg_courses,57.0,2715
train_v2_course,total_reg_credits,total_reg_courses,58.0,2415
train_v2_course,total_reg_credits,total_reg_courses,58.5,5
train_v2_course,total_reg_credits,total_reg_courses,59.0,2441
train_v2_course,total_reg_credits,total_reg_courses,59.5,5
train_v2_course,total_reg_credits,total_reg_courses,60.0,2576
train_v2_course,total_reg_credits,total_reg_courses,60.5,9
train_v2_course,total_reg_credits,total_reg_courses,61.0,2668
train_v2_course,total_reg_credits,total_reg_courses,61.5,6
train_v2_course,total_reg_credits,total_reg_courses,62.0,2537
train_v2_course,total_reg_credits,total_reg_courses,62.5,11
train_v2_course,total_reg_credits,total_reg_courses,63.0,2549
train_v2_course,total_reg_credits,total_reg_courses,64.0,2747
train_v2_course,total_reg_credits,total_reg_courses,65.0,2588
train_v2_course,total_reg_credits,total_reg_courses,65.5,13
train_v2_course,total_reg_credits,total_reg_courses,66.0,2699
train_v2_course,total_reg_credits,total_reg_courses,66.5,4
train_v2_course,total_reg_credits,total_reg_courses,67.0,2647
train_v2_course,total_reg_credits,total_reg_courses,67.5,6
train_v2_course,total_reg_credits,total_reg_courses,68.0,2536
train_v2_course,total_reg_credits,total_reg_courses,69.0,2522
train_v2_course,total_reg_credits,total_reg_courses,69.5,10
train_v2_course,total_reg_credits,total_reg_courses,70.0,2507
train_v2_course,total_reg_credits,total_reg_courses,70.5,13
train_v2_course,total_reg_credits,total_reg_courses,71.0,2511
train_v2_course,total_reg_credits,total_reg_courses,71.5,5
train_v2_course,total_reg_credits,total_reg_courses,72.0,2339
train_v2_course,total_reg_credits,total_reg_courses,73.0,2624
train_v2_course,total_reg_credits,total_reg_courses,73.5,5
train_v2_course,total_reg_credits,total_reg_courses,74.0,2662
train_v2_course,total_reg_credits,total_reg_courses,74.5,9
train_v2_course,total_reg_credits,total_reg_courses,75.0,2461
train_v2_course,total_reg_credits,total_reg_courses,75.5,12
train_v2_course,total_reg_credits,total_reg_courses,76.0,2359
train_v2_course,total_reg_credits,total_reg_courses,76.5,9
train_v2_course,total_reg_credits,total_reg_courses,77.0,2449
train_v2_course,total_reg_credits,total_reg_courses,77.5,11
train_v2_course,total_reg_credits,total_reg_courses,78.0,2503
train_v2_course,total_reg_credits,total_reg_courses,78.5,27
train_v2_course,total_reg_credits,total_reg_courses,79.0,2254
train_v2_course,total_reg_credits,total_reg_courses,79.5,38
train_v2_course,total_reg_credits,total_reg_courses,80.0,2525
train_v2_course,total_reg_credits,total_reg_courses,80.5,3
train_v2_course,total_reg_credits,total_reg_courses,81.0,2271
train_v2_course,total_reg_credits,total_reg_courses,81.5,5
train_v2_course,total_reg_credits,total_reg_courses,82.0,2252
train_v2_course,total_reg_credits,total_reg_courses,82.5,32
train_v2_course,total_reg_credits,total_reg_courses,83.0,2198
train_v2_course,total_reg_credits,total_reg_courses,83.5,19
train_v2_course,total_reg_credits,total_reg_courses,84.0,2544
train_v2_course,total_reg_credits,total_reg_courses,84.5,47
train_v2_course,total_reg_credits,total_reg_courses,85.0,2484
train_v2_course,total_reg_credits,total_reg_courses,85.5,47
train_v2_course,total_reg_credits,total_reg_courses,86.0,2328
train_v2_course,total_reg_credits,total_reg_courses,86.5,35
train_v2_course,total_reg_credits,total_reg_courses,87.0,2465
train_v2_course,total_reg_credits,total_reg_courses,87.5,37
train_v2_course,total_reg_credits,total_reg_courses,88.0,2376
train_v2_course,total_reg_credits,total_reg_courses,88.5,49
train_v2_course,total_reg_credits,total_reg_courses,89.0,2373
train_v2_course,total_reg_credits,total_reg_courses,89.5,53
train_v2_course,total_reg_credits,total_reg_courses,90.0,2193
train_v2_course,total_reg_credits,total_reg_courses,90.5,49
train_v2_course,total_reg_credits,total_reg_courses,91.0,2163
train_v2_course,total_reg_credits,total_reg_courses,91.5,40
train_v2_course,total_reg_credits,total_reg_courses,92.0,2157
train_v2_course,total_reg_credits,total_reg_courses,92.5,49
train_v2_course,total_reg_credits,total_reg_courses,93.0,2228
train_v2_course,total_reg_credits,total_reg_courses,93.5,59
train_v2_course,total_reg_credits,total_reg_courses,94.0,2110
train_v2_course,total_reg_credits,total_reg_courses,94.5,48
train_v2_course,total_reg_credits,total_reg_courses,95.0,2253
train_v2_course,total_reg_credits,total_reg_courses,95.5,42
train_v2_course,total_reg_credits,total_reg_courses,96.0,2116
train_v2_course,total_reg_credits,total_reg_courses,96.5,49
train_v2_course,total_reg_credits,total_reg_courses,97.0,2092
train_v2_course,total_reg_credits,total_reg_courses,97.5,42
train_v2_course,total_reg_credits,total_reg_courses,98.0,2079
train_v2_course,total_reg_credits,total_reg_courses,98.5,50
train_v2_course,total_reg_credits,total_reg_courses,99.0,1912
train_v2_course,total_reg_credits,total_reg_courses,99.5,56
train_v2_course,total_reg_credits,total_reg_courses,100.0,1959
train_v2_course,total_reg_credits,total_reg_courses,100.5,59
train_v2_course,total_reg_credits,total_reg_courses,101.0,1766
train_v2_course,total_reg_credits,total_reg_courses,101.5,31
train_v2_course,total_reg_credits,total_reg_courses,102.0,1584
train_v2_course,total_reg_credits,total_reg_courses,102.5,65
train_v2_course,total_reg_credits,total_reg_courses,103.0,1929
train_v2_course,total_reg_credits,total_reg_courses,103.5,103
train_v2_course,total_reg_credits,total_reg_courses,104.0,2001
train_v2_course,total_reg_credits,total_reg_courses,104.5,69
train_v2_course,total_reg_credits,total_reg_courses,105.0,1779
train_v2_course,total_reg_credits,total_reg_courses,105.5,79
train_v2_course,total_reg_credits,total_reg_courses,106.0,1665
train_v2_course,total_reg_credits,total_reg_courses,106.5,53
train_v2_course,total_reg_credits,total_reg_courses,107.0,1494
train_v2_course,total_reg_credits,total_reg_courses,107.5,68
train_v2_course,total_reg_credits,total_reg_courses,108.0,1591
train_v2_course,total_reg_credits,total_reg_courses,108.5,114
train_v2_course,total_reg_credits,total_reg_courses,109.0,1453
train_v2_course,total_reg_credits,total_reg_courses,109.5,68
train_v2_course,total_reg_credits,total_reg_courses,110.0,1293
train_v2_course,total_reg_credits,total_reg_courses,110.5,96
train_v2_course,total_reg_credits,total_reg_courses,111.0,1204
train_v2_course,total_reg_credits,total_reg_courses,111.5,87
train_v2_course,total_reg_credits,total_reg_courses,112.0,1244
train_v2_course,total_reg_credits,total_reg_courses,112.5,54
train_v2_course,total_reg_credits,total_reg_courses,113.0,1054
train_v2_course,total_reg_credits,total_reg_courses,113.5,73
train_v2_course,total_reg_credits,total_reg_courses,114.0,1238
train_v2_course,total_reg_credits,total_reg_courses,114.5,53
train_v2_course,total_reg_credits,total_reg_courses,115.0,964
train_v2_course,total_reg_credits,total_reg_courses,115.5,81
train_v2_course,total_reg_credits,total_reg_courses,116.0,1048
train_v2_course,total_reg_credits,total_reg_courses,116.5,43
train_v2_course,total_reg_credits,total_reg_courses,117.0,1052
train_v2_course,total_reg_credits,total_reg_courses,117.5,42
train_v2_course,total_reg_credits,total_reg_courses,118.0,940
train_v2_course,total_reg_credits,total_reg_courses,118.5,81
train_v2_course,total_reg_credits,total_reg_courses,119.0,982
train_v2_course,total_reg_credits,total_reg_courses,119.5,75
train_v2_course,total_reg_credits,total_reg_courses,120.0,1092
train_v2_course,total_reg_credits,total_reg_courses,120.5,37
train_v2_course,total_reg_credits,total_reg_courses,121.0,931
train_v2_course,total_reg_credits,total_reg_courses,121.5,68
train_v2_course,total_reg_credits,total_reg_courses,122.0,839
train_v2_course,total_reg_credits,total_reg_courses,122.5,87
train_v2_course,total_reg_credits,total_reg_courses,123.0,965
train_v2_course,total_reg_credits,total_reg_courses,123.5,81
train_v2_course,total_reg_credits,total_reg_courses,124.0,953
train_v2_course,total_reg_credits,total_reg_courses,124.5,78
train_v2_course,total_reg_credits,total_reg_courses,125.0,867
train_v2_course,total_reg_credits,total_reg_courses,125.5,85
train_v2_course,total_reg_credits,total_reg_courses,126.0,784
train_v2_course,total_reg_credits,total_reg_courses,126.5,107
train_v2_course,total_reg_credits,total_reg_courses,127.0,862
train_v2_course,total_reg_credits,total_reg_courses,127.5,125
train_v2_course,total_reg_credits,total_reg_courses,128.0,781
train_v2_course,total_reg_credits,total_reg_courses,128.5,133
train_v2_course,total_reg_credits,total_reg_courses,129.0,851
train_v2_course,total_reg_credits,total_reg_courses,129.5,95
train_v2_course,total_reg_credits,total_reg_courses,130.0,693
train_v2_course,total_reg_credits,total_reg_courses,130.5,107
train_v2_course,total_reg_credits,total_reg_courses,131.0,773
train_v2_course,total_reg_credits,total_reg_courses,131.5,80
train_v2_course,total_reg_credits,total_reg_courses,132.0,686
train_v2_course,total_reg_credits,total_reg_courses,132.5,109
train_v2_course,total_reg_credits,total_reg_courses,133.0,538
train_v2_course,total_reg_credits,total_reg_courses,133.5,106
train_v2_course,total_reg_credits,total_reg_courses,134.0,629
train_v2_course,total_reg_credits,total_reg_courses,134.5,89
train_v2_course,total_reg_credits,total_reg_courses,135.0,629
train_v2_course,total_reg_credits,total_reg_courses,135.5,80
train_v2_course,total_reg_credits,total_reg_courses,136.0,598
train_v2_course,total_reg_credits,total_reg_courses,136.5,124
train_v2_course,total_reg_credits,total_reg_courses,137.0,473
train_v2_course,total_reg_credits,total_reg_courses,137.5,79
train_v2_course,total_reg_credits,total_reg_courses,138.0,572
train_v2_course,total_reg_credits,total_reg_courses,138.5,75
train_v2_course,total_reg_credits,total_reg_courses,139.0,515
train_v2_course,total_reg_credits,total_reg_courses,139.5,99
train_v2_course,total_reg_credits,total_reg_courses,140.0,618
train_v2_course,total_reg_credits,total_reg_courses,140.5,69
train_v2_course,total_reg_credits,total_reg_courses,141.0,479
train_v2_course,total_reg_credits,total_reg_courses,141.5,107
train_v2_course,total_reg_credits,total_reg_courses,142.0,548
train_v2_course,total_reg_credits,total_reg_courses,142.5,76
train_v2_course,total_reg_credits,total_reg_courses,143.0,501
train_v2_course,total_reg_credits,total_reg_courses,143.5,72
train_v2_course,total_reg_credits,total_reg_courses,144.0,620
train_v2_course,total_reg_credits,total_reg_courses,144.5,103
train_v2_course,total_reg_credits,total_reg_courses,145.0,441
train_v2_course,total_reg_credits,total_reg_courses,145.5,103
train_v2_course,total_reg_credits,total_reg_courses,146.0,473
train_v2_course,total_reg_credits,total_reg_courses,146.5,152
train_v2_course,total_reg_credits,total_reg_courses,147.0,466
train_v2_course,total_reg_credits,total_reg_courses,147.5,121
train_v2_course,total_reg_credits,total_reg_courses,148.0,397
train_v2_course,total_reg_credits,total_reg_courses,148.5,138
train_v2_course,total_reg_credits,total_reg_courses,149.0,342
train_v2_course,total_reg_credits,total_reg_courses,149.5,74
train_v2_course,total_reg_credits,total_reg_courses,150.0,425
train_v2_course,total_reg_credits,total_reg_courses,150.5,72
train_v2_course,total_reg_credits,total_reg_courses,151.0,418
train_v2_course,total_reg_credits,total_reg_courses,151.5,86
train_v2_course,total_reg_credits,total_reg_courses,152.0,326
train_v2_course,total_reg_credits,total_reg_courses,152.5,90
train_v2_course,total_reg_credits,total_reg_courses,153.0,396
train_v2_course,total_reg_credits,total_reg_courses,153.5,81
train_v2_course,total_reg_credits,total_reg_courses,154.0,325
train_v2_course,total_reg_credits,total_reg_courses,154.5,98
train_v2_course,total_reg_credits,total_reg_courses,155.0,318
train_v2_course,total_reg_credits,total_reg_courses,155.5,86
train_v2_course,total_reg_credits,total_reg_courses,156.0,291
train_v2_course,total_reg_credits,total_reg_courses,156.5,85
train_v2_course,total_reg_credits,total_reg_courses,157.0,353
train_v2_course,total_reg_credits,total_reg_courses,157.5,49
train_v2_course,total_reg_credits,total_reg_courses,158.0,274
train_v2_course,total_reg_credits,total_reg_courses,158.5,48
train_v2_course,total_reg_credits,total_reg_courses,159.0,314
train_v2_course,total_reg_credits,total_reg_courses,159.5,61
train_v2_course,total_reg_credits,total_reg_courses,160.0,321
train_v2_course,total_reg_credits,total_reg_courses,160.5,66
train_v2_course,total_reg_credits,total_reg_courses,161.0,333
train_v2_course,total_reg_credits,total_reg_courses,161.5,95
train_v2_course,total_reg_credits,total_reg_courses,162.0,379
train_v2_course,total_reg_credits,total_reg_courses,162.5,79
train_v2_course,total_reg_credits,total_reg_courses,163.0,310
train_v2_course,total_reg_credits,total_reg_courses,163.5,59
train_v2_course,total_reg_credits,total_reg_courses,164.0,207
train_v2_course,total_reg_credits,total_reg_courses,164.5,56
train_v2_course,total_reg_credits,total_reg_courses,165.0,247
train_v2_course,total_reg_credits,total_reg_courses,165.5,51
train_v2_course,total_reg_credits,total_reg_courses,166.0,292
train_v2_course,total_reg_credits,total_reg_courses,166.5,43
train_v2_course,total_reg_credits,total_reg_courses,167.0,204
train_v2_course,total_reg_credits,total_reg_courses,167.5,64
train_v2_course,total_reg_credits,total_reg_courses,168.0,266
train_v2_course,total_reg_credits,total_reg_courses,168.5,43
train_v2_course,total_reg_credits,total_reg_courses,169.0,266
train_v2_course,total_reg_credits,total_reg_courses,169.5,38
train_v2_course,total_reg_credits,total_reg_courses,170.0,256
train_v2_course,total_reg_credits,total_reg_courses,170.5,52
train_v2_course,total_reg_credits,total_reg_courses,171.0,224
train_v2_course,total_reg_credits,total_reg_courses,171.5,57
train_v2_course,total_reg_credits,total_reg_courses,172.0,248
train_v2_course,total_reg_credits,total_reg_courses,172.5,51
train_v2_course,total_reg_credits,total_reg_courses,173.0,189
train_v2_course,total_reg_credits,total_reg_courses,173.5,61
train_v2_course,total_reg_credits,total_reg_courses,174.0,168
train_v2_course,total_reg_credits,total_reg_courses,174.5,46
train_v2_course,total_reg_credits,total_reg_courses,175.0,228
train_v2_course,total_reg_credits,total_reg_courses,175.5,27
train_v2_course,total_reg_credits,total_reg_courses,176.0,192
train_v2_course,total_reg_credits,total_reg_courses,176.5,41
train_v2_course,total_reg_credits,total_reg_courses,177.0,139
train_v2_course,total_reg_credits,total_reg_courses,177.5,55
train_v2_course,total_reg_credits,total_reg_courses,178.0,257
train_v2_course,total_reg_credits,total_reg_courses,178.5,14
train_v2_course,total_reg_credits,total_reg_courses,179.0,171
train_v2_course,total_reg_credits,total_reg_courses,179.5,51
train_v2_course,total_reg_credits,total_reg_courses,180.0,228
train_v2_course,total_reg_credits,total_reg_courses,180.5,36
train_v2_course,total_reg_credits,total_reg_courses,181.0,170
train_v2_course,total_reg_credits,total_reg_courses,181.5,44
train_v2_course,total_reg_credits,total_reg_courses,182.0,194
train_v2_course,total_reg_credits,total_reg_courses,182.5,22
train_v2_course,total_reg_credits,total_reg_courses,183.0,192
train_v2_course,total_reg_credits,total_reg_courses,183.5,19
train_v2_course,total_reg_credits,total_reg_courses,184.0,162
train_v2_course,total_reg_credits,total_reg_courses,184.5,22
train_v2_course,total_reg_credits,total_reg_courses,185.0,96
train_v2_course,total_reg_credits,total_reg_courses,185.5,34
train_v2_course,total_reg_credits,total_reg_courses,186.0,127
train_v2_course,total_reg_credits,total_reg_courses,186.5,31
train_v2_course,total_reg_credits,total_reg_courses,187.0,185
train_v2_course,total_reg_credits,total_reg_courses,187.5,41
train_v2_course,total_reg_credits,total_reg_courses,188.0,135
train_v2_course,total_reg_credits,total_reg_courses,188.5,50
train_v2_course,total_reg_credits,total_reg_courses,189.0,126
train_v2_course,total_reg_credits,total_reg_courses,189.5,48
train_v2_course,total_reg_credits,total_reg_courses,190.0,103
train_v2_course,total_reg_credits,total_reg_courses,190.5,27
train_v2_course,total_reg_credits,total_reg_courses,191.0,161
train_v2_course,total_reg_credits,total_reg_courses,191.5,31
train_v2_course,total_reg_credits,total_reg_courses,192.0,111
train_v2_course,total_reg_credits,total_reg_courses,192.5,26
train_v2_course,total_reg_credits,total_reg_courses,193.0,94
train_v2_course,total_reg_credits,total_reg_courses,193.5,48
train_v2_course,total_reg_credits,total_reg_courses,194.0,115
train_v2_course,total_reg_credits,total_reg_courses,194.5,34
train_v2_course,total_reg_credits,total_reg_courses,195.0,60
train_v2_course,total_reg_credits,total_reg_courses,195.5,40
train_v2_course,total_reg_credits,total_reg_courses,196.0,91
train_v2_course,total_reg_credits,total_reg_courses,196.5,32
train_v2_course,total_reg_credits,total_reg_courses,197.0,70
train_v2_course,total_reg_credits,total_reg_courses,197.5,22
train_v2_course,total_reg_credits,total_reg_courses,198.0,76
train_v2_course,total_reg_credits,total_reg_courses,198.5,37
train_v2_course,total_reg_credits,total_reg_courses,199.0,89
train_v2_course,total_reg_credits,total_reg_courses,199.5,34
train_v2_course,total_reg_credits,total_reg_courses,200.0,93
train_v2_course,total_reg_credits,total_reg_courses,200.5,16
train_v2_course,total_reg_credits,total_reg_courses,201.0,69
train_v2_course,total_reg_credits,total_reg_courses,201.5,25
train_v2_course,total_reg_credits,total_reg_courses,202.0,69
train_v2_course,total_reg_credits,total_reg_courses,202.5,56
train_v2_course,total_reg_credits,total_reg_courses,203.0,79
train_v2_course,total_reg_credits,total_reg_courses,203.5,23
train_v2_course,total_reg_credits,total_reg_courses,204.0,62
train_v2_course,total_reg_credits,total_reg_courses,204.5,28
train_v2_course,total_reg_credits,total_reg_courses,205.0,87
train_v2_course,total_reg_credits,total_reg_courses,205.5,16
train_v2_course,total_reg_credits,total_reg_courses,206.0,76
train_v2_course,total_reg_credits,total_reg_courses,206.5,37
train_v2_course,total_reg_credits,total_reg_courses,207.0,61
train_v2_course,total_reg_credits,total_reg_courses,207.5,21
train_v2_course,total_reg_credits,total_reg_courses,208.0,60
train_v2_course,total_reg_credits,total_reg_courses,208.5,18
train_v2_course,total_reg_credits,total_reg_courses,209.0,58
train_v2_course,total_reg_credits,total_reg_courses,209.5,22
train_v2_course,total_reg_credits,total_reg_courses,210.0,74
train_v2_course,total_reg_credits,total_reg_courses,210.5,38
train_v2_course,total_reg_credits,total_reg_courses,211.0,85
train_v2_course,total_reg_credits,total_reg_courses,211.5,32
train_v2_course,total_reg_credits,total_reg_courses,212.0,39
train_v2_course,total_reg_credits,total_reg_courses,212.5,9
train_v2_course,total_reg_credits,total_reg_courses,213.0,69
train_v2_course,total_reg_credits,total_reg_courses,213.5,9
train_v2_course,total_reg_credits,total_reg_courses,214.0,50
train_v2_course,total_reg_credits,total_reg_courses,214.5,24
train_v2_course,total_reg_credits,total_reg_courses,215.0,69
train_v2_course,total_reg_credits,total_reg_courses,215.5,19
train_v2_course,total_reg_credits,total_reg_courses,216.0,36
train_v2_course,total_reg_credits,total_reg_courses,216.5,30
train_v2_course,total_reg_credits,total_reg_courses,217.0,62
train_v2_course,total_reg_credits,total_reg_courses,217.5,10
train_v2_course,total_reg_credits,total_reg_courses,218.0,45
train_v2_course,total_reg_credits,total_reg_courses,218.5,13
train_v2_course,total_reg_credits,total_reg_courses,219.0,42
train_v2_course,total_reg_credits,total_reg_courses,219.5,32
train_v2_course,total_reg_credits,total_reg_courses,220.0,41
train_v2_course,total_reg_credits,total_reg_courses,220.5,16
train_v2_course,total_reg_credits,total_reg_courses,221.0,49
train_v2_course,total_reg_credits,total_reg_courses,221.5,17
train_v2_course,total_reg_credits,total_reg_courses,222.0,18
train_v2_course,total_reg_credits,total_reg_courses,222.5,8
train_v2_course,total_reg_credits,total_reg_courses,223.0,40
train_v2_course,total_reg_credits,total_reg_courses,223.5,18
train_v2_course,total_reg_credits,total_reg_courses,224.0,50
train_v2_course,total_reg_credits,total_reg_courses,224.5,9
train_v2_course,total_reg_credits,total_reg_courses,225.0,30
train_v2_course,total_reg_credits,total_reg_courses,225.5,29
train_v2_course,total_reg_credits,total_reg_courses,226.0,41
train_v2_course,total_reg_credits,total_reg_courses,226.5,25
train_v2_course,total_reg_credits,total_reg_courses,227.0,28
train_v2_course,total_reg_credits,total_reg_courses,227.5,19
train_v2_course,total_reg_credits,total_reg_courses,228.0,29
train_v2_course,total_reg_credits,total_reg_courses,228.5,17
train_v2_course,total_reg_credits,total_reg_courses,229.0,32
train_v2_course,total_reg_credits,total_reg_courses,229.5,19
train_v2_course,total_reg_credits,total_reg_courses,230.0,36
train_v2_course,total_reg_credits,total_reg_courses,230.5,17
train_v2_course,total_reg_credits,total_reg_courses,231.0,38
train_v2_course,total_reg_credits,total_reg_courses,231.5,3
train_v2_course,total_reg_credits,total_reg_courses,232.0,25
train_v2_course,total_reg_credits,total_reg_courses,232.5,11
train_v2_course,total_reg_credits,total_reg_courses,233.0,32
train_v2_course,total_reg_credits,total_reg_courses,233.5,9
train_v2_course,total_reg_credits,total_reg_courses,234.0,28
train_v2_course,total_reg_credits,total_reg_courses,234.5,2
train_v2_course,total_reg_credits,total_reg_courses,235.0,27
train_v2_course,total_reg_credits,total_reg_courses,235.5,9
train_v2_course,total_reg_credits,total_reg_courses,236.0,36
train_v2_course,total_reg_credits,total_reg_courses,236.5,13
train_v2_course,total_reg_credits,total_reg_courses,237.0,28
train_v2_course,total_reg_credits,total_reg_courses,237.5,14
train_v2_course,total_reg_credits,total_reg_courses,238.0,28
train_v2_course,total_reg_credits,total_reg_courses,238.5,3
train_v2_course,total_reg_credits,total_reg_courses,239.0,15
train_v2_course,total_reg_credits,total_reg_courses,239.5,13
train_v2_course,total_reg_credits,total_reg_courses,240.0,21
train_v2_course,total_reg_credits,total_reg_courses,240.5,2
train_v2_course,total_reg_credits,total_reg_courses,241.0,21
train_v2_course,total_reg_credits,total_reg_courses,241.5,23
train_v2_course,total_reg_credits,total_reg_courses,242.0,20
train_v2_course,total_reg_credits,total_reg_courses,242.5,27
train_v2_course,total_reg_credits,total_reg_courses,243.0,24
train_v2_course,total_reg_credits,total_reg_courses,243.5,10
train_v2_course,total_reg_credits,total_reg_courses,244.0,9
train_v2_course,total_reg_credits,total_reg_courses,244.5,13
train_v2_course,total_reg_credits,total_reg_courses,245.0,30
train_v2_course,total_reg_credits,total_reg_courses,245.5,8
train_v2_course,total_reg_credits,total_reg_courses,246.0,30
train_v2_course,total_reg_credits,total_reg_courses,246.5,16
train_v2_course,total_reg_credits,total_reg_courses,247.0,7
train_v2_course,total_reg_credits,total_reg_courses,247.5,7
train_v2_course,total_reg_credits,total_reg_courses,248.0,19
train_v2_course,total_reg_credits,total_reg_courses,248.5,14
train_v2_course,total_reg_credits,total_reg_courses,249.0,18
train_v2_course,total_reg_credits,total_reg_courses,249.5,14
train_v2_course,total_reg_credits,total_reg_courses,250.0,1
train_v2_course,total_reg_credits,total_reg_courses,250.5,10
train_v2_course,total_reg_credits,total_reg_courses,251.0,27
train_v2_course,total_reg_credits,total_reg_courses,251.5,7
train_v2_course,total_reg_credits,total_reg_courses,252.0,12
train_v2_course,total_reg_credits,total_reg_courses,252.5,13
train_v2_course,total_reg_credits,total_reg_courses,253.0,19
train_v2_course,total_reg_credits,total_reg_courses,253.5,15
train_v2_course,total_reg_credits,total_reg_courses,254.0,20
train_v2_course,total_reg_credits,total_reg_courses,254.5,10
train_v2_course,total_reg_credits,total_reg_courses,255.0,7
train_v2_course,total_reg_credits,total_reg_courses,255.5,6
train_v2_course,total_reg_credits,total_reg_courses,256.0,29
train_v2_course,total_reg_credits,total_reg_courses,256.5,12
train_v2_course,total_reg_credits,total_reg_courses,257.0,20
train_v2_course,total_reg_credits,total_reg_courses,257.5,2
train_v2_course,total_reg_credits,total_reg_courses,258.0,23
train_v2_course,total_reg_credits,total_reg_courses,258.5,10
train_v2_course,total_reg_credits,total_reg_courses,259.0,11
train_v2_course,total_reg_credits,total_reg_courses,259.5,18
train_v2_course,total_reg_credits,total_reg_courses,260.0,11
train_v2_course,total_reg_credits,total_reg_courses,260.5,9
train_v2_course,total_reg_credits,total_reg_courses,261.0,2
train_v2_course,total_reg_credits,total_reg_courses,261.5,10
train_v2_course,total_reg_credits,total_reg_courses,262.0,10
train_v2_course,total_reg_credits,total_reg_courses,262.5,7
train_v2_course,total_reg_credits,total_reg_courses,263.0,2
train_v2_course,total_reg_credits,total_reg_courses,263.5,6
train_v2_course,total_reg_credits,total_reg_courses,264.0,3
train_v2_course,total_reg_credits,total_reg_courses,264.5,9
train_v2_course,total_reg_credits,total_reg_courses,265.0,22
train_v2_course,total_reg_credits,total_reg_courses,265.5,5
train_v2_course,total_reg_credits,total_reg_courses,266.0,12
train_v2_course,total_reg_credits,total_reg_courses,266.5,6
train_v2_course,total_reg_credits,total_reg_courses,267.5,2
train_v2_course,total_reg_credits,total_reg_courses,268.0,8
train_v2_course,total_reg_credits,total_reg_courses,268.5,1
train_v2_course,total_reg_credits,total_reg_courses,269.0,9
train_v2_course,total_reg_credits,total_reg_courses,269.5,10
train_v2_course,total_reg_credits,total_reg_courses,270.0,4
train_v2_course,total_reg_credits,total_reg_courses,270.5,12
train_v2_course,total_reg_credits,total_reg_courses,271.0,11
train_v2_course,total_reg_credits,total_reg_courses,271.5,4
train_v2_course,total_reg_credits,total_reg_courses,272.0,9
train_v2_course,total_reg_credits,total_reg_courses,272.5,3
train_v2_course,total_reg_credits,total_reg_courses,273.0,9
train_v2_course,total_reg_credits,total_reg_courses,273.5,4
train_v2_course,total_reg_credits,total_reg_courses,274.0,2
train_v2_course,total_reg_credits,total_reg_courses,274.5,3
train_v2_course,total_reg_credits,total_reg_courses,275.0,11
train_v2_course,total_reg_credits,total_reg_courses,275.5,9
train_v2_course,total_reg_credits,total_reg_courses,276.0,24
train_v2_course,total_reg_credits,total_reg_courses,276.5,19
train_v2_course,total_reg_credits,total_reg_courses,277.0,2
train_v2_course,total_reg_credits,total_reg_courses,277.5,8
train_v2_course,total_reg_credits,total_reg_courses,278.0,7
train_v2_course,total_reg_credits,total_reg_courses,279.0,10
train_v2_course,total_reg_credits,total_reg_courses,279.5,4
train_v2_course,total_reg_credits,total_reg_courses,280.0,2
train_v2_course,total_reg_credits,total_reg_courses,280.5,11
train_v2_course,total_reg_credits,total_reg_courses,281.0,8
train_v2_course,total_reg_credits,total_reg_courses,281.5,6
train_v2_course,total_reg_credits,total_reg_courses,282.0,1
train_v2_course,total_reg_credits,total_reg_courses,282.5,14
train_v2_course,total_reg_credits,total_reg_courses,283.0,5
train_v2_course,total_reg_credits,total_reg_courses,283.5,9
train_v2_course,total_reg_credits,total_reg_courses,284.0,4
train_v2_course,total_reg_credits,total_reg_courses,284.5,1
train_v2_course,total_reg_credits,total_reg_courses,285.0,13
train_v2_course,total_reg_credits,total_reg_courses,285.5,6
train_v2_course,total_reg_credits,total_reg_courses,286.0,3
train_v2_course,total_reg_credits,total_reg_courses,286.5,5
train_v2_course,total_reg_credits,total_reg_courses,287.0,2
train_v2_course,total_reg_credits,total_reg_courses,287.5,7
train_v2_course,total_reg_credits,total_reg_courses,288.0,1
train_v2_course,total_reg_credits,total_reg_courses,288.5,2
train_v2_course,total_reg_credits,total_reg_courses,289.0,1
train_v2_course,total_reg_credits,total_reg_courses,289.5,1
train_v2_course,total_reg_credits,total_reg_courses,290.0,1
train_v2_course,total_reg_credits,total_reg_courses,291.0,7
train_v2_course,total_reg_credits,total_reg_courses,292.0,4
train_v2_course,total_reg_credits,total_reg_courses,292.5,4
train_v2_course,total_reg_credits,total_reg_courses,293.0,4
train_v2_course,total_reg_credits,total_reg_courses,293.5,3
train_v2_course,total_reg_credits,total_reg_courses,294.0,6
train_v2_course,total_reg_credits,total_reg_courses,296.0,5
train_v2_course,total_reg_credits,total_reg_courses,296.5,4
train_v2_course,total_reg_credits,total_reg_courses,297.0,2
train_v2_course,total_reg_credits,total_reg_courses,297.5,1
train_v2_course,total_reg_credits,total_reg_courses,298.5,6
train_v2_course,total_reg_credits,total_reg_courses,299.0,7
train_v2_course,total_reg_credits,total_reg_courses,299.5,1
train_v2_course,total_reg_credits,total_reg_courses,300.0,6
train_v2_course,total_reg_credits,total_reg_courses,300.5,3
train_v2_course,total_reg_credits,total_reg_courses,301.0,6
train_v2_course,total_reg_credits,total_reg_courses,301.5,5
train_v2_course,total_reg_credits,total_reg_courses,302.0,5
train_v2_course,total_reg_credits,total_reg_courses,303.0,1
train_v2_course,total_reg_credits,total_reg_courses,303.5,8
train_v2_course,total_reg_credits,total_reg_courses,304.0,1
train_v2_course,total_reg_credits,total_reg_courses,304.5,2
train_v2_course,total_reg_credits,total_reg_courses,305.0,3
train_v2_course,total_reg_credits,total_reg_courses,305.5,5
train_v2_course,total_reg_credits,total_reg_courses,306.0,4
train_v2_course,total_reg_credits,total_reg_courses,307.5,3
train_v2_course,total_reg_credits,total_reg_courses,310.0,1
train_v2_course,total_reg_credits,total_reg_courses,311.0,5
train_v2_course,total_reg_credits,total_reg_courses,311.5,1
train_v2_course,total_reg_credits,total_reg_courses,312.0,4
train_v2_course,total_reg_credits,total_reg_courses,312.5,2
train_v2_course,total_reg_credits,total_reg_courses,315.0,2
train_v2_course,total_reg_credits,total_reg_courses,315.5,2
train_v2_course,total_reg_credits,total_reg_courses,316.5,1
train_v2_course,total_reg_credits,total_reg_courses,317.0,2
train_v2_course,total_reg_credits,total_reg_courses,317.5,1
train_v2_course,total_reg_credits,total_reg_courses,318.5,3
train_v2_course,total_reg_credits,total_reg_courses,320.0,1
train_v2_course,total_reg_credits,total_reg_courses,320.5,1
train_v2_course,total_reg_credits,total_reg_courses,321.0,1
train_v2_course,total_reg_credits,total_reg_courses,322.0,3
train_v2_course,total_reg_credits,total_reg_courses,324.0,1
train_v2_course,total_reg_credits,total_reg_courses,326.0,1
train_v2_course,total_reg_credits,total_reg_courses,326.5,6
train_v2_course,total_reg_credits,total_reg_courses,327.5,2
train_v2_course,total_reg_credits,total_reg_courses,328.0,1
train_v2_course,total_reg_credits,total_reg_courses,328.5,3
train_v2_course,total_reg_credits,total_reg_courses,329.5,3
train_v2_course,total_reg_credits,total_reg_courses,330.0,1
train_v2_course,total_reg_credits,total_reg_courses,336.5,2
train_v2_course,total_reg_credits,total_reg_courses,338.0,1
train_v2_course,total_reg_credits,total_reg_courses,344.0,1
train_v2_course,total_reg_credits,total_reg_courses,349.5,1
train_v2_course,total_reg_credits,total_reg_courses,359.5,1
train_v2_course,total_reg_credits,total_reg_courses,367.0,1
train_v2_status,start_total_in_credits,start_total_in_courses,0.0,6639
train_v2_status,start_total_in_credits,start_total_in_courses,1.0,144
train_v2_status,start_total_in_credits,start_total_in_courses,2.0,306
train_v2_status,start_total_in_credits,start_total_in_courses,3.0,291
train_v2_status,start_total_in_credits,start_total_in_courses,4.0,404
train_v2_status,start_total_in_credits,start_total_in_courses,5.0,365
train_v2_status,start_total_in_credits,start_total_in_courses,6.0,481
train_v2_status,start_total_in_credits,start_total_in_courses,7.0,476
train_v2_status,start_total_in_credits,start_total_in_courses,8.0,699
train_v2_status,start_total_in_credits,start_total_in_courses,9.0,854
train_v2_status,start_total_in_credits,start_total_in_courses,10.0,1317
train_v2_status,start_total_in_credits,start_total_in_courses,11.0,1062
train_v2_status,start_total_in_credits,start_total_in_courses,12.0,958
train_v2_status,start_total_in_credits,start_total_in_courses,13.0,502
train_v2_status,start_total_in_credits,start_total_in_courses,14.0,624
train_v2_status,start_total_in_credits,start_total_in_courses,15.0,509
train_v2_status,start_total_in_credits,start_total_in_courses,16.0,620
train_v2_status,start_total_in_credits,start_total_in_courses,17.0,600
train_v2_status,start_total_in_credits,start_total_in_courses,18.0,690
train_v2_status,start_total_in_credits,start_total_in_courses,19.0,706
train_v2_status,start_total_in_credits,start_total_in_courses,20.0,967
train_v2_status,start_total_in_credits,start_total_in_courses,21.0,843
train_v2_status,start_total_in_credits,start_total_in_courses,22.0,918
train_v2_status,start_total_in_credits,start_total_in_courses,23.0,761
train_v2_status,start_total_in_credits,start_total_in_courses,24.0,720
train_v2_status,start_total_in_credits,start_total_in_courses,25.0,737
train_v2_status,start_total_in_credits,start_total_in_courses,26.0,676
train_v2_status,start_total_in_credits,start_total_in_courses,27.0,653
train_v2_status,start_total_in_credits,start_total_in_courses,28.0,643
train_v2_status,start_total_in_credits,start_total_in_courses,29.0,700
train_v2_status,start_total_in_credits,start_total_in_courses,30.0,660
train_v2_status,start_total_in_credits,start_total_in_courses,31.0,709
train_v2_status,start_total_in_credits,start_total_in_courses,32.0,693
train_v2_status,start_total_in_credits,start_total_in_courses,33.0,673
train_v2_status,start_total_in_credits,start_total_in_courses,34.0,677
train_v2_status,start_total_in_credits,start_total_in_courses,35.0,598
train_v2_status,start_total_in_credits,start_total_in_courses,36.0,636
train_v2_status,start_total_in_credits,start_total_in_courses,37.0,647
train_v2_status,start_total_in_credits,start_total_in_courses,38.0,674
train_v2_status,start_total_in_credits,start_total_in_courses,39.0,656
train_v2_status,start_total_in_credits,start_total_in_courses,40.0,710
train_v2_status,start_total_in_credits,start_total_in_courses,41.0,691
train_v2_status,start_total_in_credits,start_total_in_courses,42.0,665
train_v2_status,start_total_in_credits,start_total_in_courses,43.0,700
train_v2_status,start_total_in_credits,start_total_in_courses,44.0,652
train_v2_status,start_total_in_credits,start_total_in_courses,45.0,651
train_v2_status,start_total_in_credits,start_total_in_courses,46.0,633
train_v2_status,start_total_in_credits,start_total_in_courses,47.0,587
train_v2_status,start_total_in_credits,start_total_in_courses,48.0,574
train_v2_status,start_total_in_credits,start_total_in_courses,49.0,580
train_v2_status,start_total_in_credits,start_total_in_courses,49.5,3
train_v2_status,start_total_in_credits,start_total_in_courses,50.0,598
train_v2_status,start_total_in_credits,start_total_in_courses,51.0,626
train_v2_status,start_total_in_credits,start_total_in_courses,52.0,623
train_v2_status,start_total_in_credits,start_total_in_courses,53.0,586
train_v2_status,start_total_in_credits,start_total_in_courses,53.5,1
train_v2_status,start_total_in_credits,start_total_in_courses,54.0,608
train_v2_status,start_total_in_credits,start_total_in_courses,55.0,597
train_v2_status,start_total_in_credits,start_total_in_courses,56.0,623
train_v2_status,start_total_in_credits,start_total_in_courses,56.5,1
train_v2_status,start_total_in_credits,start_total_in_courses,57.0,607
train_v2_status,start_total_in_credits,start_total_in_courses,58.0,601
train_v2_status,start_total_in_credits,start_total_in_courses,58.5,4
train_v2_status,start_total_in_credits,start_total_in_courses,59.0,586
train_v2_status,start_total_in_credits,start_total_in_courses,60.0,638
train_v2_status,start_total_in_credits,start_total_in_courses,60.5,3
train_v2_status,start_total_in_credits,start_total_in_courses,61.0,602
train_v2_status,start_total_in_credits,start_total_in_courses,62.0,606
train_v2_status,start_total_in_credits,start_total_in_courses,62.5,2
train_v2_status,start_total_in_credits,start_total_in_courses,63.0,565
train_v2_status,start_total_in_credits,start_total_in_courses,63.5,3
train_v2_status,start_total_in_credits,start_total_in_courses,64.0,573
train_v2_status,start_total_in_credits,start_total_in_courses,64.5,1
train_v2_status,start_total_in_credits,start_total_in_courses,65.0,591
train_v2_status,start_total_in_credits,start_total_in_courses,65.5,5
train_v2_status,start_total_in_credits,start_total_in_courses,66.0,526
train_v2_status,start_total_in_credits,start_total_in_courses,66.5,5
train_v2_status,start_total_in_credits,start_total_in_courses,67.0,587
train_v2_status,start_total_in_credits,start_total_in_courses,67.5,5
train_v2_status,start_total_in_credits,start_total_in_courses,68.0,524
train_v2_status,start_total_in_credits,start_total_in_courses,68.5,7
train_v2_status,start_total_in_credits,start_total_in_courses,69.0,591
train_v2_status,start_total_in_credits,start_total_in_courses,69.5,8
train_v2_status,start_total_in_credits,start_total_in_courses,70.0,548
train_v2_status,start_total_in_credits,start_total_in_courses,70.5,8
train_v2_status,start_total_in_credits,start_total_in_courses,71.0,546
train_v2_status,start_total_in_credits,start_total_in_courses,71.5,7
train_v2_status,start_total_in_credits,start_total_in_courses,72.0,544
train_v2_status,start_total_in_credits,start_total_in_courses,72.5,8
train_v2_status,start_total_in_credits,start_total_in_courses,73.0,511
train_v2_status,start_total_in_credits,start_total_in_courses,73.5,5
train_v2_status,start_total_in_credits,start_total_in_courses,74.0,545
train_v2_status,start_total_in_credits,start_total_in_courses,74.5,6
train_v2_status,start_total_in_credits,start_total_in_courses,75.0,551
train_v2_status,start_total_in_credits,start_total_in_courses,75.5,10
train_v2_status,start_total_in_credits,start_total_in_courses,76.0,497
train_v2_status,start_total_in_credits,start_total_in_courses,76.5,6
train_v2_status,start_total_in_credits,start_total_in_courses,77.0,534
train_v2_status,start_total_in_credits,start_total_in_courses,77.5,9
train_v2_status,start_total_in_credits,start_total_in_courses,78.0,562
train_v2_status,start_total_in_credits,start_total_in_courses,78.5,26
train_v2_status,start_total_in_credits,start_total_in_courses,79.0,532
train_v2_status,start_total_in_credits,start_total_in_courses,79.5,5
train_v2_status,start_total_in_credits,start_total_in_courses,80.0,526
train_v2_status,start_total_in_credits,start_total_in_courses,80.5,12
train_v2_status,start_total_in_credits,start_total_in_courses,81.0,509
train_v2_status,start_total_in_credits,start_total_in_courses,81.5,15
train_v2_status,start_total_in_credits,start_total_in_courses,82.0,526
train_v2_status,start_total_in_credits,start_total_in_courses,82.5,19
train_v2_status,start_total_in_credits,start_total_in_courses,83.0,514
train_v2_status,start_total_in_credits,start_total_in_courses,83.5,20
train_v2_status,start_total_in_credits,start_total_in_courses,84.0,471
train_v2_status,start_total_in_credits,start_total_in_courses,84.5,22
train_v2_status,start_total_in_credits,start_total_in_courses,85.0,463
train_v2_status,start_total_in_credits,start_total_in_courses,85.5,16
train_v2_status,start_total_in_credits,start_total_in_courses,86.0,509
train_v2_status,start_total_in_credits,start_total_in_courses,86.5,22
train_v2_status,start_total_in_credits,start_total_in_courses,87.0,395
train_v2_status,start_total_in_credits,start_total_in_courses,87.5,22
train_v2_status,start_total_in_credits,start_total_in_courses,88.0,450
train_v2_status,start_total_in_credits,start_total_in_courses,88.5,28
train_v2_status,start_total_in_credits,start_total_in_courses,89.0,431
train_v2_status,start_total_in_credits,start_total_in_courses,89.5,18
train_v2_status,start_total_in_credits,start_total_in_courses,90.0,411
train_v2_status,start_total_in_credits,start_total_in_courses,90.5,28
train_v2_status,start_total_in_credits,start_total_in_courses,91.0,403
train_v2_status,start_total_in_credits,start_total_in_courses,91.5,27
train_v2_status,start_total_in_credits,start_total_in_courses,92.0,433
train_v2_status,start_total_in_credits,start_total_in_courses,92.5,24
train_v2_status,start_total_in_credits,start_total_in_courses,93.0,435
train_v2_status,start_total_in_credits,start_total_in_courses,93.5,32
train_v2_status,start_total_in_credits,start_total_in_courses,94.0,447
train_v2_status,start_total_in_credits,start_total_in_courses,94.5,19
train_v2_status,start_total_in_credits,start_total_in_courses,95.0,421
train_v2_status,start_total_in_credits,start_total_in_courses,95.5,19
train_v2_status,start_total_in_credits,start_total_in_courses,96.0,438
train_v2_status,start_total_in_credits,start_total_in_courses,96.5,12
train_v2_status,start_total_in_credits,start_total_in_courses,97.0,419
train_v2_status,start_total_in_credits,start_total_in_courses,97.5,23
train_v2_status,start_total_in_credits,start_total_in_courses,98.0,472
train_v2_status,start_total_in_credits,start_total_in_courses,98.5,33
train_v2_status,start_total_in_credits,start_total_in_courses,99.0,387
train_v2_status,start_total_in_credits,start_total_in_courses,99.5,24
train_v2_status,start_total_in_credits,start_total_in_courses,100.0,408
train_v2_status,start_total_in_credits,start_total_in_courses,100.5,33
train_v2_status,start_total_in_credits,start_total_in_courses,101.0,354
train_v2_status,start_total_in_credits,start_total_in_courses,101.5,28
train_v2_status,start_total_in_credits,start_total_in_courses,102.0,343
train_v2_status,start_total_in_credits,start_total_in_courses,102.5,26
train_v2_status,start_total_in_credits,start_total_in_courses,103.0,376
train_v2_status,start_total_in_credits,start_total_in_courses,103.5,26
train_v2_status,start_total_in_credits,start_total_in_courses,104.0,304
train_v2_status,start_total_in_credits,start_total_in_courses,104.5,31
train_v2_status,start_total_in_credits,start_total_in_courses,105.0,252
train_v2_status,start_total_in_credits,start_total_in_courses,105.5,29
train_v2_status,start_total_in_credits,start_total_in_courses,106.0,261
train_v2_status,start_total_in_credits,start_total_in_courses,106.5,35
train_v2_status,start_total_in_credits,start_total_in_courses,107.0,218
train_v2_status,start_total_in_credits,start_total_in_courses,107.5,33
train_v2_status,start_total_in_credits,start_total_in_courses,108.0,252
train_v2_status,start_total_in_credits,start_total_in_courses,108.5,30
train_v2_status,start_total_in_credits,start_total_in_courses,109.0,285
train_v2_status,start_total_in_credits,start_total_in_courses,109.5,19
train_v2_status,start_total_in_credits,start_total_in_courses,110.0,206
train_v2_status,start_total_in_credits,start_total_in_courses,110.5,32
train_v2_status,start_total_in_credits,start_total_in_courses,111.0,85
train_v2_status,start_total_in_credits,start_total_in_courses,111.5,34
train_v2_status,start_total_in_credits,start_total_in_courses,112.0,67
train_v2_status,start_total_in_credits,start_total_in_courses,112.5,35
train_v2_status,start_total_in_credits,start_total_in_courses,113.0,74
train_v2_status,start_total_in_credits,start_total_in_courses,113.5,26
train_v2_status,start_total_in_credits,start_total_in_courses,114.0,73
train_v2_status,start_total_in_credits,start_total_in_courses,114.5,28
train_v2_status,start_total_in_credits,start_total_in_courses,115.0,52
train_v2_status,start_total_in_credits,start_total_in_courses,115.5,13
train_v2_status,start_total_in_credits,start_total_in_courses,116.0,69
train_v2_status,start_total_in_credits,start_total_in_courses,116.5,39
train_v2_status,start_total_in_credits,start_total_in_courses,117.0,52
train_v2_status,start_total_in_credits,start_total_in_courses,117.5,20
train_v2_status,start_total_in_credits,start_total_in_courses,118.0,67
train_v2_status,start_total_in_credits,start_total_in_courses,118.5,29
train_v2_status,start_total_in_credits,start_total_in_courses,119.0,69
train_v2_status,start_total_in_credits,start_total_in_courses,119.5,35
train_v2_status,start_total_in_credits,start_total_in_courses,120.0,68
train_v2_status,start_total_in_credits,start_total_in_courses,120.5,15
train_v2_status,start_total_in_credits,start_total_in_courses,121.0,65
train_v2_status,start_total_in_credits,start_total_in_courses,121.5,31
train_v2_status,start_total_in_credits,start_total_in_courses,122.0,65
train_v2_status,start_total_in_credits,start_total_in_courses,122.5,25
train_v2_status,start_total_in_credits,start_total_in_courses,123.0,76
train_v2_status,start_total_in_credits,start_total_in_courses,123.5,31
train_v2_status,start_total_in_credits,start_total_in_courses,124.0,58
train_v2_status,start_total_in_credits,start_total_in_courses,124.5,38
train_v2_status,start_total_in_credits,start_total_in_courses,125.0,48
train_v2_status,start_total_in_credits,start_total_in_courses,125.5,31
train_v2_status,start_total_in_credits,start_total_in_courses,126.0,52
train_v2_status,start_total_in_credits,start_total_in_courses,126.5,28
train_v2_status,start_total_in_credits,start_total_in_courses,127.0,52
train_v2_status,start_total_in_credits,start_total_in_courses,127.5,33
train_v2_status,start_total_in_credits,start_total_in_courses,128.0,33
train_v2_status,start_total_in_credits,start_total_in_courses,128.5,37
train_v2_status,start_total_in_credits,start_total_in_courses,129.0,34
train_v2_status,start_total_in_credits,start_total_in_courses,129.5,40
train_v2_status,start_total_in_credits,start_total_in_courses,130.0,33
train_v2_status,start_total_in_credits,start_total_in_courses,130.5,33
train_v2_status,start_total_in_credits,start_total_in_courses,131.0,22
train_v2_status,start_total_in_credits,start_total_in_courses,131.5,25
train_v2_status,start_total_in_credits,start_total_in_courses,132.0,34
train_v2_status,start_total_in_credits,start_total_in_courses,132.5,17
train_v2_status,start_total_in_credits,start_total_in_courses,133.0,32
train_v2_status,start_total_in_credits,start_total_in_courses,133.5,28
train_v2_status,start_total_in_credits,start_total_in_courses,134.0,31
train_v2_status,start_total_in_credits,start_total_in_courses,134.5,31
train_v2_status,start_total_in_credits,start_total_in_courses,135.0,32
train_v2_status,start_total_in_credits,start_total_in_courses,135.5,25
train_v2_status,start_total_in_credits,start_total_in_courses,136.0,37
train_v2_status,start_total_in_credits,start_total_in_courses,136.5,26
train_v2_status,start_total_in_credits,start_total_in_courses,137.0,32
train_v2_status,start_total_in_credits,start_total_in_courses,137.5,37
train_v2_status,start_total_in_credits,start_total_in_courses,138.0,42
train_v2_status,start_total_in_credits,start_total_in_courses,138.5,34
train_v2_status,start_total_in_credits,start_total_in_courses,139.0,46
train_v2_status,start_total_in_credits,start_total_in_courses,139.5,32
train_v2_status,start_total_in_credits,start_total_in_courses,140.0,34
train_v2_status,start_total_in_credits,start_total_in_courses,140.5,30
train_v2_status,start_total_in_credits,start_total_in_courses,141.0,46
train_v2_status,start_total_in_credits,start_total_in_courses,141.5,33
train_v2_status,start_total_in_credits,start_total_in_courses,142.0,50
train_v2_status,start_total_in_credits,start_total_in_courses,142.5,28
train_v2_status,start_total_in_credits,start_total_in_courses,143.0,48
train_v2_status,start_total_in_credits,start_total_in_courses,143.5,23
train_v2_status,start_total_in_credits,start_total_in_courses,144.0,61
train_v2_status,start_total_in_credits,start_total_in_courses,144.5,28
train_v2_status,start_total_in_credits,start_total_in_courses,145.0,44
train_v2_status,start_total_in_credits,start_total_in_courses,145.5,37
train_v2_status,start_total_in_credits,start_total_in_courses,146.0,45
train_v2_status,start_total_in_credits,start_total_in_courses,146.5,31
train_v2_status,start_total_in_credits,start_total_in_courses,147.0,38
train_v2_status,start_total_in_credits,start_total_in_courses,147.5,28
train_v2_status,start_total_in_credits,start_total_in_courses,148.0,40
train_v2_status,start_total_in_credits,start_total_in_courses,148.5,28
train_v2_status,start_total_in_credits,start_total_in_courses,149.0,39
train_v2_status,start_total_in_credits,start_total_in_courses,149.5,21
train_v2_status,start_total_in_credits,start_total_in_courses,150.0,32
train_v2_status,start_total_in_credits,start_total_in_courses,150.5,20
train_v2_status,start_total_in_credits,start_total_in_courses,151.0,47
train_v2_status,start_total_in_credits,start_total_in_courses,151.5,18
train_v2_status,start_total_in_credits,start_total_in_courses,152.0,49
train_v2_status,start_total_in_credits,start_total_in_courses,152.5,21
train_v2_status,start_total_in_credits,start_total_in_courses,153.0,57
train_v2_status,start_total_in_credits,start_total_in_courses,153.5,24
train_v2_status,start_total_in_credits,start_total_in_courses,154.0,69
train_v2_status,start_total_in_credits,start_total_in_courses,154.5,39
train_v2_status,start_total_in_credits,start_total_in_courses,155.0,80
train_v2_status,start_total_in_credits,start_total_in_courses,155.5,21
train_v2_status,start_total_in_credits,start_total_in_courses,156.0,96
train_v2_status,start_total_in_credits,start_total_in_courses,156.5,21
train_v2_status,start_total_in_credits,start_total_in_courses,157.0,135
train_v2_status,start_total_in_credits,start_total_in_courses,157.5,24
train_v2_status,start_total_in_credits,start_total_in_courses,158.0,186
train_v2_status,start_total_in_credits,start_total_in_courses,158.5,22
train_v2_status,start_total_in_credits,start_total_in_courses,159.0,109
train_v2_status,start_total_in_credits,start_total_in_courses,159.5,29
train_v2_status,start_total_in_credits,start_total_in_courses,160.0,118
train_v2_status,start_total_in_credits,start_total_in_courses,160.5,6
train_v2_status,start_total_in_credits,start_total_in_courses,161.0,90
train_v2_status,start_total_in_credits,start_total_in_courses,161.5,8
train_v2_status,start_total_in_credits,start_total_in_courses,162.0,165
train_v2_status,start_total_in_credits,start_total_in_courses,163.0,596
train_v2_status,start_total_in_credits,start_total_in_courses,164.0,63
train_v2_status,start_total_in_credits,start_total_in_courses,165.0,399
train_v2_status,start_total_in_credits,start_total_in_courses,166.0,9
train_v2_status,start_total_in_credits,start_total_in_courses,167.0,1
train_v2_status,start_total_in_credits,start_total_in_courses,174.0,1
train_v2_status,start_total_in_credits,start_total_in_courses,180.0,1
train_v2_status,start_total_in_credits,start_total_in_courses,184.0,1
train_v2_status,start_total_in_credits,start_total_in_courses,186.0,54
train_v2_status,start_total_in_credits,start_total_in_courses,187.0,4
train_v2_status,start_total_in_credits,total_reg_credits,-360.0,1
train_v2_status,start_total_in_credits,total_reg_credits,-321.0,1
train_v2_status,start_total_in_credits,total_reg_credits,-291.0,4
train_v2_status,start_total_in_credits,total_reg_credits,-268.0,1
train_v2_status,start_total_in_credits,total_reg_credits,-265.5,1
train_v2_status,start_total_in_credits,total_reg_credits,-265.0,1
train_v2_status,start_total_in_credits,total_reg_credits,-262.0,1
train_v2_status,start_total_in_credits,total_reg_credits,-253.5,1
train_v2_status,start_total_in_credits,total_reg_credits,-252.0,1
train_v2_status,start_total_in_credits,total_reg_credits,-251.0,1
train_v2_status,start_total_in_credits,total_reg_credits,-248.0,4
train_v2_status,start_total_in_credits,total_reg_credits,-246.0,2
train_v2_status,start_total_in_credits,total_reg_credits,-245.0,2
train_v2_status,start_total_in_credits,total_reg_credits,-244.0,2
train_v2_status,start_total_in_credits,total_reg_credits,-243.0,2
train_v2_status,start_total_in_credits,total_reg_credits,-242.0,2
train_v2_status,start_total_in_credits,total_reg_credits,-241.5,2
train_v2_status,start_total_in_credits,total_reg_credits,-241.0,1
train_v2_status,start_total_in_credits,total_reg_credits,-240.0,1
train_v2_status,start_total_in_credits,total_reg_credits,-239.0,2
train_v2_status,start_total_in_credits,total_reg_credits,-237.0,2
train_v2_status,start_total_in_credits,total_reg_credits,-236.0,2
train_v2_status,start_total_in_credits,total_reg_credits,-235.0,4
train_v2_status,start_total_in_credits,total_reg_credits,-234.0,7
train_v2_status,start_total_in_credits,total_reg_credits,-233.5,2
train_v2_status,start_total_in_credits,total_reg_credits,-233.0,2
train_v2_status,start_total_in_credits,total_reg_credits,-232.5,1
train_v2_status,start_total_in_credits,total_reg_credits,-232.0,6
train_v2_status,start_total_in_credits,total_reg_credits,-231.0,3
train_v2_status,start_total_in_credits,total_reg_credits,-230.5,1
train_v2_status,start_total_in_credits,total_reg_credits,-230.0,1
train_v2_status,start_total_in_credits,total_reg_credits,-229.5,1
train_v2_status,start_total_in_credits,total_reg_credits,-228.5,1
train_v2_status,start_total_in_credits,total_reg_credits,-228.0,2
train_v2_status,start_total_in_credits,total_reg_credits,-226.5,1
train_v2_status,start_total_in_credits,total_reg_credits,-225.0,3
train_v2_status,start_total_in_credits,total_reg_credits,-224.0,2
train_v2_status,start_total_in_credits,total_reg_credits,-223.5,1
train_v2_status,start_total_in_credits,total_reg_credits,-223.0,3
train_v2_status,start_total_in_credits,total_reg_credits,-222.5,1
train_v2_status,start_total_in_credits,total_reg_credits,-221.5,2
train_v2_status,start_total_in_credits,total_reg_credits,-221.0,1
train_v2_status,start_total_in_credits,total_reg_credits,-220.5,1
train_v2_status,start_total_in_credits,total_reg_credits,-220.0,3
train_v2_status,start_total_in_credits,total_reg_credits,-219.0,2
train_v2_status,start_total_in_credits,total_reg_credits,-218.5,3
train_v2_status,start_total_in_credits,total_reg_credits,-218.0,1
train_v2_status,start_total_in_credits,total_reg_credits,-217.5,3
train_v2_status,start_total_in_credits,total_reg_credits,-216.5,1
train_v2_status,start_total_in_credits,total_reg_credits,-216.0,5
train_v2_status,start_total_in_credits,total_reg_credits,-215.0,3
train_v2_status,start_total_in_credits,total_reg_credits,-214.0,2
train_v2_status,start_total_in_credits,total_reg_credits,-213.5,2
train_v2_status,start_total_in_credits,total_reg_credits,-213.0,2
train_v2_status,start_total_in_credits,total_reg_credits,-212.0,3
train_v2_status,start_total_in_credits,total_reg_credits,-211.5,1
train_v2_status,start_total_in_credits,total_reg_credits,-211.0,4
train_v2_status,start_total_in_credits,total_reg_credits,-210.0,3
train_v2_status,start_total_in_credits,total_reg_credits,-209.5,2
train_v2_status,start_total_in_credits,total_reg_credits,-209.0,2
train_v2_status,start_total_in_credits,total_reg_credits,-208.0,4
train_v2_status,start_total_in_credits,total_reg_credits,-207.5,1
train_v2_status,start_total_in_credits,total_reg_credits,-207.0,4
train_v2_status,start_total_in_credits,total_reg_credits,-206.0,8
train_v2_status,start_total_in_credits,total_reg_credits,-205.0,3
train_v2_status,start_total_in_credits,total_reg_credits,-204.0,4
train_v2_status,start_total_in_credits,total_reg_credits,-203.0,5
train_v2_status,start_total_in_credits,total_reg_credits,-202.5,1
train_v2_status,start_total_in_credits,total_reg_credits,-202.0,7
train_v2_status,start_total_in_credits,total_reg_credits,-201.0,4
train_v2_status,start_total_in_credits,total_reg_credits,-200.5,6
train_v2_status,start_total_in_credits,total_reg_credits,-200.0,2
train_v2_status,start_total_in_credits,total_reg_credits,-199.5,5
train_v2_status,start_total_in_credits,total_reg_credits,-199.0,8
train_v2_status,start_total_in_credits,total_reg_credits,-198.5,1
train_v2_status,start_total_in_credits,total_reg_credits,-198.0,10
train_v2_status,start_total_in_credits,total_reg_credits,-197.5,2
train_v2_status,start_total_in_credits,total_reg_credits,-197.0,5
train_v2_status,start_total_in_credits,total_reg_credits,-196.5,1
train_v2_status,start_total_in_credits,total_reg_credits,-196.0,5
train_v2_status,start_total_in_credits,total_reg_credits,-195.0,7
train_v2_status,start_total_in_credits,total_reg_credits,-194.5,5
train_v2_status,start_total_in_credits,total_reg_credits,-194.0,14
train_v2_status,start_total_in_credits,total_reg_credits,-193.5,1
train_v2_status,start_total_in_credits,total_reg_credits,-193.0,2
train_v2_status,start_total_in_credits,total_reg_credits,-192.5,2
train_v2_status,start_total_in_credits,total_reg_credits,-192.0,11
train_v2_status,start_total_in_credits,total_reg_credits,-191.5,4
train_v2_status,start_total_in_credits,total_reg_credits,-191.0,10
train_v2_status,start_total_in_credits,total_reg_credits,-190.0,7
train_v2_status,start_total_in_credits,total_reg_credits,-189.5,1
train_v2_status,start_total_in_credits,total_reg_credits,-189.0,12
train_v2_status,start_total_in_credits,total_reg_credits,-188.5,2
train_v2_status,start_total_in_credits,total_reg_credits,-188.0,12
train_v2_status,start_total_in_credits,total_reg_credits,-187.0,9
train_v2_status,start_total_in_credits,total_reg_credits,-186.5,3
train_v2_status,start_total_in_credits,total_reg_credits,-186.0,5
train_v2_status,start_total_in_credits,total_reg_credits,-185.5,3
train_v2_status,start_total_in_credits,total_reg_credits,-185.0,17
train_v2_status,start_total_in_credits,total_reg_credits,-184.0,18
train_v2_status,start_total_in_credits,total_reg_credits,-183.0,11
train_v2_status,start_total_in_credits,total_reg_credits,-182.5,3
train_v2_status,start_total_in_credits,total_reg_credits,-182.0,11
train_v2_status,start_total_in_credits,total_reg_credits,-181.5,2
train_v2_status,start_total_in_credits,total_reg_credits,-181.0,12
train_v2_status,start_total_in_credits,total_reg_credits,-180.5,1
train_v2_status,start_total_in_credits,total_reg_credits,-180.0,9
train_v2_status,start_total_in_credits,total_reg_credits,-179.5,2
train_v2_status,start_total_in_credits,total_reg_credits,-179.0,13
train_v2_status,start_total_in_credits,total_reg_credits,-178.5,2
train_v2_status,start_total_in_credits,total_reg_credits,-178.0,12
train_v2_status,start_total_in_credits,total_reg_credits,-177.5,2
train_v2_status,start_total_in_credits,total_reg_credits,-177.0,11
train_v2_status,start_total_in_credits,total_reg_credits,-176.5,1
train_v2_status,start_total_in_credits,total_reg_credits,-176.0,17
train_v2_status,start_total_in_credits,total_reg_credits,-175.5,2
train_v2_status,start_total_in_credits,total_reg_credits,-175.0,21
train_v2_status,start_total_in_credits,total_reg_credits,-174.5,11
train_v2_status,start_total_in_credits,total_reg_credits,-174.0,11
train_v2_status,start_total_in_credits,total_reg_credits,-173.5,6
train_v2_status,start_total_in_credits,total_reg_credits,-173.0,15
train_v2_status,start_total_in_credits,total_reg_credits,-172.5,1
train_v2_status,start_total_in_credits,total_reg_credits,-172.0,20
train_v2_status,start_total_in_credits,total_reg_credits,-171.5,3
train_v2_status,start_total_in_credits,total_reg_credits,-171.0,12
train_v2_status,start_total_in_credits,total_reg_credits,-170.5,1
train_v2_status,start_total_in_credits,total_reg_credits,-170.0,12
train_v2_status,start_total_in_credits,total_reg_credits,-169.5,7
train_v2_status,start_total_in_credits,total_reg_credits,-169.0,8
train_v2_status,start_total_in_credits,total_reg_credits,-168.5,9
train_v2_status,start_total_in_credits,total_reg_credits,-168.0,9
train_v2_status,start_total_in_credits,total_reg_credits,-167.5,2
train_v2_status,start_total_in_credits,total_reg_credits,-167.0,24
train_v2_status,start_total_in_credits,total_reg_credits,-166.5,1
train_v2_status,start_total_in_credits,total_reg_credits,-166.0,25
train_v2_status,start_total_in_credits,total_reg_credits,-165.0,10
train_v2_status,start_total_in_credits,total_reg_credits,-164.5,4
train_v2_status,start_total_in_credits,total_reg_credits,-164.0,16
train_v2_status,start_total_in_credits,total_reg_credits,-163.5,5
train_v2_status,start_total_in_credits,total_reg_credits,-163.0,16
train_v2_status,start_total_in_credits,total_reg_credits,-162.5,1
train_v2_status,start_total_in_credits,total_reg_credits,-162.0,23
train_v2_status,start_total_in_credits,total_reg_credits,-161.5,2
train_v2_status,start_total_in_credits,total_reg_credits,-161.0,25
train_v2_status,start_total_in_credits,total_reg_credits,-160.5,6
train_v2_status,start_total_in_credits,total_reg_credits,-160.0,17
train_v2_status,start_total_in_credits,total_reg_credits,-159.5,4
train_v2_status,start_total_in_credits,total_reg_credits,-159.0,21
train_v2_status,start_total_in_credits,total_reg_credits,-158.5,2
train_v2_status,start_total_in_credits,total_reg_credits,-158.0,16
train_v2_status,start_total_in_credits,total_reg_credits,-157.5,4
train_v2_status,start_total_in_credits,total_reg_credits,-157.0,16
train_v2_status,start_total_in_credits,total_reg_credits,-156.5,2
train_v2_status,start_total_in_credits,total_reg_credits,-156.0,19
train_v2_status,start_total_in_credits,total_reg_credits,-155.5,1
train_v2_status,start_total_in_credits,total_reg_credits,-155.0,19
train_v2_status,start_total_in_credits,total_reg_credits,-154.5,1
train_v2_status,start_total_in_credits,total_reg_credits,-154.0,16
train_v2_status,start_total_in_credits,total_reg_credits,-153.5,1
train_v2_status,start_total_in_credits,total_reg_credits,-153.0,20
train_v2_status,start_total_in_credits,total_reg_credits,-152.5,4
train_v2_status,start_total_in_credits,total_reg_credits,-152.0,25
train_v2_status,start_total_in_credits,total_reg_credits,-151.5,5
train_v2_status,start_total_in_credits,total_reg_credits,-151.0,19
train_v2_status,start_total_in_credits,total_reg_credits,-150.5,4
train_v2_status,start_total_in_credits,total_reg_credits,-150.0,18
train_v2_status,start_total_in_credits,total_reg_credits,-149.5,1
train_v2_status,start_total_in_credits,total_reg_credits,-149.0,30
train_v2_status,start_total_in_credits,total_reg_credits,-148.5,1
train_v2_status,start_total_in_credits,total_reg_credits,-148.0,27
train_v2_status,start_total_in_credits,total_reg_credits,-147.5,3
train_v2_status,start_total_in_credits,total_reg_credits,-147.0,27
train_v2_status,start_total_in_credits,total_reg_credits,-146.5,2
train_v2_status,start_total_in_credits,total_reg_credits,-146.0,22
train_v2_status,start_total_in_credits,total_reg_credits,-145.5,4
train_v2_status,start_total_in_credits,total_reg_credits,-145.0,24
train_v2_status,start_total_in_credits,total_reg_credits,-144.5,4
train_v2_status,start_total_in_credits,total_reg_credits,-144.0,15
train_v2_status,start_total_in_credits,total_reg_credits,-143.5,5
train_v2_status,start_total_in_credits,total_reg_credits,-143.0,29
train_v2_status,start_total_in_credits,total_reg_credits,-142.5,2
train_v2_status,start_total_in_credits,total_reg_credits,-142.0,26
train_v2_status,start_total_in_credits,total_reg_credits,-141.5,3
train_v2_status,start_total_in_credits,total_reg_credits,-141.0,27
train_v2_status,start_total_in_credits,total_reg_credits,-140.5,5
train_v2_status,start_total_in_credits,total_reg_credits,-140.0,28
train_v2_status,start_total_in_credits,total_reg_credits,-139.5,1
train_v2_status,start_total_in_credits,total_reg_credits,-139.0,30
train_v2_status,start_total_in_credits,total_reg_credits,-138.5,1
train_v2_status,start_total_in_credits,total_reg_credits,-138.0,28
train_v2_status,start_total_in_credits,total_reg_credits,-137.5,5
train_v2_status,start_total_in_credits,total_reg_credits,-137.0,31
train_v2_status,start_total_in_credits,total_reg_credits,-136.5,3
train_v2_status,start_total_in_credits,total_reg_credits,-136.0,26
train_v2_status,start_total_in_credits,total_reg_credits,-135.5,1
train_v2_status,start_total_in_credits,total_reg_credits,-135.0,45
train_v2_status,start_total_in_credits,total_reg_credits,-134.5,2
train_v2_status,start_total_in_credits,total_reg_credits,-134.0,24
train_v2_status,start_total_in_credits,total_reg_credits,-133.5,9
train_v2_status,start_total_in_credits,total_reg_credits,-133.0,30
train_v2_status,start_total_in_credits,total_reg_credits,-132.5,3
train_v2_status,start_total_in_credits,total_reg_credits,-132.0,41
train_v2_status,start_total_in_credits,total_reg_credits,-131.5,4
train_v2_status,start_total_in_credits,total_reg_credits,-131.0,33
train_v2_status,start_total_in_credits,total_reg_credits,-130.0,21
train_v2_status,start_total_in_credits,total_reg_credits,-129.5,2
train_v2_status,start_total_in_credits,total_reg_credits,-129.0,38
train_v2_status,start_total_in_credits,total_reg_credits,-128.5,8
train_v2_status,start_total_in_credits,total_reg_credits,-128.0,24
train_v2_status,start_total_in_credits,total_reg_credits,-127.5,4
train_v2_status,start_total_in_credits,total_reg_credits,-127.0,45
train_v2_status,start_total_in_credits,total_reg_credits,-126.0,50
train_v2_status,start_total_in_credits,total_reg_credits,-125.5,5
train_v2_status,start_total_in_credits,total_reg_credits,-125.0,30
train_v2_status,start_total_in_credits,total_reg_credits,-124.5,2
train_v2_status,start_total_in_credits,total_reg_credits,-124.0,40
train_v2_status,start_total_in_credits,total_reg_credits,-123.5,3
train_v2_status,start_total_in_credits,total_reg_credits,-123.0,53
train_v2_status,start_total_in_credits,total_reg_credits,-122.5,4
train_v2_status,start_total_in_credits,total_reg_credits,-122.0,41
train_v2_status,start_total_in_credits,total_reg_credits,-121.5,1
train_v2_status,start_total_in_credits,total_reg_credits,-121.0,42
train_v2_status,start_total_in_credits,total_reg_credits,-120.5,3
train_v2_status,start_total_in_credits,total_reg_credits,-120.0,48
train_v2_status,start_total_in_credits,total_reg_credits,-119.5,9
train_v2_status,start_total_in_credits,total_reg_credits,-119.0,43
train_v2_status,start_total_in_credits,total_reg_credits,-118.5,4
train_v2_status,start_total_in_credits,total_reg_credits,-118.0,47
train_v2_status,start_total_in_credits,total_reg_credits,-117.5,3
train_v2_status,start_total_in_credits,total_reg_credits,-117.0,45
train_v2_status,start_total_in_credits,total_reg_credits,-116.5,3
train_v2_status,start_total_in_credits,total_reg_credits,-116.0,39
train_v2_status,start_total_in_credits,total_reg_credits,-115.5,3
train_v2_status,start_total_in_credits,total_reg_credits,-115.0,64
train_v2_status,start_total_in_credits,total_reg_credits,-114.5,2
train_v2_status,start_total_in_credits,total_reg_credits,-114.0,42
train_v2_status,start_total_in_credits,total_reg_credits,-113.5,6
train_v2_status,start_total_in_credits,total_reg_credits,-113.0,54
train_v2_status,start_total_in_credits,total_reg_credits,-112.5,7
train_v2_status,start_total_in_credits,total_reg_credits,-112.0,40
train_v2_status,start_total_in_credits,total_reg_credits,-111.5,6
train_v2_status,start_total_in_credits,total_reg_credits,-111.0,52
train_v2_status,start_total_in_credits,total_reg_credits,-110.5,3
train_v2_status,start_total_in_credits,total_reg_credits,-110.0,58
train_v2_status,start_total_in_credits,total_reg_credits,-109.5,5
train_v2_status,start_total_in_credits,total_reg_credits,-109.0,54
train_v2_status,start_total_in_credits,total_reg_credits,-108.5,10
train_v2_status,start_total_in_credits,total_reg_credits,-108.0,45
train_v2_status,start_total_in_credits,total_reg_credits,-107.5,3
train_v2_status,start_total_in_credits,total_reg_credits,-107.0,54
train_v2_status,start_total_in_credits,total_reg_credits,-106.5,2
train_v2_status,start_total_in_credits,total_reg_credits,-106.0,53
train_v2_status,start_total_in_credits,total_reg_credits,-105.5,3
train_v2_status,start_total_in_credits,total_reg_credits,-105.0,65
train_v2_status,start_total_in_credits,total_reg_credits,-104.5,4
train_v2_status,start_total_in_credits,total_reg_credits,-104.0,47
train_v2_status,start_total_in_credits,total_reg_credits,-103.5,4
train_v2_status,start_total_in_credits,total_reg_credits,-103.0,57
train_v2_status,start_total_in_credits,total_reg_credits,-102.5,2
train_v2_status,start_total_in_credits,total_reg_credits,-102.0,61
train_v2_status,start_total_in_credits,total_reg_credits,-101.5,4
train_v2_status,start_total_in_credits,total_reg_credits,-101.0,80
train_v2_status,start_total_in_credits,total_reg_credits,-100.5,11
train_v2_status,start_total_in_credits,total_reg_credits,-100.0,63
train_v2_status,start_total_in_credits,total_reg_credits,-99.5,2
train_v2_status,start_total_in_credits,total_reg_credits,-99.0,72
train_v2_status,start_total_in_credits,total_reg_credits,-98.5,8
train_v2_status,start_total_in_credits,total_reg_credits,-98.0,71
train_v2_status,start_total_in_credits,total_reg_credits,-97.5,4
train_v2_status,start_total_in_credits,total_reg_credits,-97.0,73
train_v2_status,start_total_in_credits,total_reg_credits,-96.5,6
train_v2_status,start_total_in_credits,total_reg_credits,-96.0,68
train_v2_status,start_total_in_credits,total_reg_credits,-95.5,7
train_v2_status,start_total_in_credits,total_reg_credits,-95.0,87
train_v2_status,start_total_in_credits,total_reg_credits,-94.5,9
train_v2_status,start_total_in_credits,total_reg_credits,-94.0,47
train_v2_status,start_total_in_credits,total_reg_credits,-93.5,4
train_v2_status,start_total_in_credits,total_reg_credits,-93.0,65
train_v2_status,start_total_in_credits,total_reg_credits,-92.5,7
train_v2_status,start_total_in_credits,total_reg_credits,-92.0,70
train_v2_status,start_total_in_credits,total_reg_credits,-91.5,12
train_v2_status,start_total_in_credits,total_reg_credits,-91.0,74
train_v2_status,start_total_in_credits,total_reg_credits,-90.5,10
train_v2_status,start_total_in_credits,total_reg_credits,-90.0,78
train_v2_status,start_total_in_credits,total_reg_credits,-89.5,5
train_v2_status,start_total_in_credits,total_reg_credits,-89.0,77
train_v2_status,start_total_in_credits,total_reg_credits,-88.5,2
train_v2_status,start_total_in_credits,total_reg_credits,-88.0,61
train_v2_status,start_total_in_credits,total_reg_credits,-87.5,7
train_v2_status,start_total_in_credits,total_reg_credits,-87.0,84
train_v2_status,start_total_in_credits,total_reg_credits,-86.5,4
train_v2_status,start_total_in_credits,total_reg_credits,-86.0,95
train_v2_status,start_total_in_credits,total_reg_credits,-85.5,11
train_v2_status,start_total_in_credits,total_reg_credits,-85.0,89
train_v2_status,start_total_in_credits,total_reg_credits,-84.5,10
train_v2_status,start_total_in_credits,total_reg_credits,-84.0,81
train_v2_status,start_total_in_credits,total_reg_credits,-83.5,6
train_v2_status,start_total_in_credits,total_reg_credits,-83.0,101
train_v2_status,start_total_in_credits,total_reg_credits,-82.5,7
train_v2_status,start_total_in_credits,total_reg_credits,-82.0,92
train_v2_status,start_total_in_credits,total_reg_credits,-81.5,13
train_v2_status,start_total_in_credits,total_reg_credits,-81.0,110
train_v2_status,start_total_in_credits,total_reg_credits,-80.5,12
train_v2_status,start_total_in_credits,total_reg_credits,-80.0,92
train_v2_status,start_total_in_credits,total_reg_credits,-79.5,9
train_v2_status,start_total_in_credits,total_reg_credits,-79.0,111
train_v2_status,start_total_in_credits,total_reg_credits,-78.5,9
train_v2_status,start_total_in_credits,total_reg_credits,-78.0,98
train_v2_status,start_total_in_credits,total_reg_credits,-77.5,5
train_v2_status,start_total_in_credits,total_reg_credits,-77.0,102
train_v2_status,start_total_in_credits,total_reg_credits,-76.5,14
train_v2_status,start_total_in_credits,total_reg_credits,-76.0,103
train_v2_status,start_total_in_credits,total_reg_credits,-75.5,8
train_v2_status,start_total_in_credits,total_reg_credits,-75.0,129
train_v2_status,start_total_in_credits,total_reg_credits,-74.5,16
train_v2_status,start_total_in_credits,total_reg_credits,-74.0,138
train_v2_status,start_total_in_credits,total_reg_credits,-73.5,8
train_v2_status,start_total_in_credits,total_reg_credits,-73.0,116
train_v2_status,start_total_in_credits,total_reg_credits,-72.5,6
train_v2_status,start_total_in_credits,total_reg_credits,-72.0,147
train_v2_status,start_total_in_credits,total_reg_credits,-71.5,4
train_v2_status,start_total_in_credits,total_reg_credits,-71.0,149
train_v2_status,start_total_in_credits,total_reg_credits,-70.5,16
train_v2_status,start_total_in_credits,total_reg_credits,-70.0,118
train_v2_status,start_total_in_credits,total_reg_credits,-69.5,5
train_v2_status,start_total_in_credits,total_reg_credits,-69.0,162
train_v2_status,start_total_in_credits,total_reg_credits,-68.5,16
train_v2_status,start_total_in_credits,total_reg_credits,-68.0,168
train_v2_status,start_total_in_credits,total_reg_credits,-67.5,6
train_v2_status,start_total_in_credits,total_reg_credits,-67.0,153
train_v2_status,start_total_in_credits,total_reg_credits,-66.5,4
train_v2_status,start_total_in_credits,total_reg_credits,-66.0,155
train_v2_status,start_total_in_credits,total_reg_credits,-65.5,7
train_v2_status,start_total_in_credits,total_reg_credits,-65.0,157
train_v2_status,start_total_in_credits,total_reg_credits,-64.5,23
train_v2_status,start_total_in_credits,total_reg_credits,-64.0,171
train_v2_status,start_total_in_credits,total_reg_credits,-63.5,17
train_v2_status,start_total_in_credits,total_reg_credits,-63.0,179
train_v2_status,start_total_in_credits,total_reg_credits,-62.5,13
train_v2_status,start_total_in_credits,total_reg_credits,-62.0,166
train_v2_status,start_total_in_credits,total_reg_credits,-61.5,9
train_v2_status,start_total_in_credits,total_reg_credits,-61.0,199
train_v2_status,start_total_in_credits,total_reg_credits,-60.5,8
train_v2_status,start_total_in_credits,total_reg_credits,-60.0,217
train_v2_status,start_total_in_credits,total_reg_credits,-59.5,15
train_v2_status,start_total_in_credits,total_reg_credits,-59.0,194
train_v2_status,start_total_in_credits,total_reg_credits,-58.5,11
train_v2_status,start_total_in_credits,total_reg_credits,-58.0,223
train_v2_status,start_total_in_credits,total_reg_credits,-57.5,14
train_v2_status,start_total_in_credits,total_reg_credits,-57.0,197
train_v2_status,start_total_in_credits,total_reg_credits,-56.5,6
train_v2_status,start_total_in_credits,total_reg_credits,-56.0,200
train_v2_status,start_total_in_credits,total_reg_credits,-55.5,25
train_v2_status,start_total_in_credits,total_reg_credits,-55.0,206
train_v2_status,start_total_in_credits,total_reg_credits,-54.5,7
train_v2_status,start_total_in_credits,total_reg_credits,-54.0,241
train_v2_status,start_total_in_credits,total_reg_credits,-53.5,24
train_v2_status,start_total_in_credits,total_reg_credits,-53.0,230
train_v2_status,start_total_in_credits,total_reg_credits,-52.5,10
train_v2_status,start_total_in_credits,total_reg_credits,-52.0,256
train_v2_status,start_total_in_credits,total_reg_credits,-51.5,22
train_v2_status,start_total_in_credits,total_reg_credits,-51.0,261
train_v2_status,start_total_in_credits,total_reg_credits,-50.5,7
train_v2_status,start_total_in_credits,total_reg_credits,-50.0,232
train_v2_status,start_total_in_credits,total_reg_credits,-49.5,9
train_v2_status,start_total_in_credits,total_reg_credits,-49.0,267
train_v2_status,start_total_in_credits,total_reg_credits,-48.5,12
train_v2_status,start_total_in_credits,total_reg_credits,-48.0,286
train_v2_status,start_total_in_credits,total_reg_credits,-47.5,15
train_v2_status,start_total_in_credits,total_reg_credits,-47.0,290
train_v2_status,start_total_in_credits,total_reg_credits,-46.5,14
train_v2_status,start_total_in_credits,total_reg_credits,-46.0,243
train_v2_status,start_total_in_credits,total_reg_credits,-45.5,11
train_v2_status,start_total_in_credits,total_reg_credits,-45.0,307
train_v2_status,start_total_in_credits,total_reg_credits,-44.5,22
train_v2_status,start_total_in_credits,total_reg_credits,-44.0,290
train_v2_status,start_total_in_credits,total_reg_credits,-43.5,19
train_v2_status,start_total_in_credits,total_reg_credits,-43.0,337
train_v2_status,start_total_in_credits,total_reg_credits,-42.5,12
train_v2_status,start_total_in_credits,total_reg_credits,-42.0,316
train_v2_status,start_total_in_credits,total_reg_credits,-41.5,22
train_v2_status,start_total_in_credits,total_reg_credits,-41.0,335
train_v2_status,start_total_in_credits,total_reg_credits,-40.5,9
train_v2_status,start_total_in_credits,total_reg_credits,-40.0,378
train_v2_status,start_total_in_credits,total_reg_credits,-39.5,16
train_v2_status,start_total_in_credits,total_reg_credits,-39.0,366
train_v2_status,start_total_in_credits,total_reg_credits,-38.5,8
train_v2_status,start_total_in_credits,total_reg_credits,-38.0,374
train_v2_status,start_total_in_credits,total_reg_credits,-37.5,32
train_v2_status,start_total_in_credits,total_reg_credits,-37.0,365
train_v2_status,start_total_in_credits,total_reg_credits,-36.5,8
train_v2_status,start_total_in_credits,total_reg_credits,-36.0,414
train_v2_status,start_total_in_credits,total_reg_credits,-35.5,19
train_v2_status,start_total_in_credits,total_reg_credits,-35.0,390
train_v2_status,start_total_in_credits,total_reg_credits,-34.5,17
train_v2_status,start_total_in_credits,total_reg_credits,-34.0,461
train_v2_status,start_total_in_credits,total_reg_credits,-33.5,21
train_v2_status,start_total_in_credits,total_reg_credits,-33.0,493
train_v2_status,start_total_in_credits,total_reg_credits,-32.5,23
train_v2_status,start_total_in_credits,total_reg_credits,-32.0,483
train_v2_status,start_total_in_credits,total_reg_credits,-31.5,22
train_v2_status,start_total_in_credits,total_reg_credits,-31.0,462
train_v2_status,start_total_in_credits,total_reg_credits,-30.5,9
train_v2_status,start_total_in_credits,total_reg_credits,-30.0,580
train_v2_status,start_total_in_credits,total_reg_credits,-29.5,20
train_v2_status,start_total_in_credits,total_reg_credits,-29.0,583
train_v2_status,start_total_in_credits,total_reg_credits,-28.5,6
train_v2_status,start_total_in_credits,total_reg_credits,-28.0,532
train_v2_status,start_total_in_credits,total_reg_credits,-27.5,7
train_v2_status,start_total_in_credits,total_reg_credits,-27.0,696
train_v2_status,start_total_in_credits,total_reg_credits,-26.5,11
train_v2_status,start_total_in_credits,total_reg_credits,-26.0,621
train_v2_status,start_total_in_credits,total_reg_credits,-25.5,28
train_v2_status,start_total_in_credits,total_reg_credits,-25.0,578
train_v2_status,start_total_in_credits,total_reg_credits,-24.5,8
train_v2_status,start_total_in_credits,total_reg_credits,-24.0,748
train_v2_status,start_total_in_credits,total_reg_credits,-23.5,12
train_v2_status,start_total_in_credits,total_reg_credits,-23.0,651
train_v2_status,start_total_in_credits,total_reg_credits,-22.5,15
train_v2_status,start_total_in_credits,total_reg_credits,-22.0,668
train_v2_status,start_total_in_credits,total_reg_credits,-21.5,8
train_v2_status,start_total_in_credits,total_reg_credits,-21.0,832
train_v2_status,start_total_in_credits,total_reg_credits,-20.5,18
train_v2_status,start_total_in_credits,total_reg_credits,-20.0,719
train_v2_status,start_total_in_credits,total_reg_credits,-19.5,22
train_v2_status,start_total_in_credits,total_reg_credits,-19.0,797
train_v2_status,start_total_in_credits,total_reg_credits,-18.5,7
train_v2_status,start_total_in_credits,total_reg_credits,-18.0,1022
train_v2_status,start_total_in_credits,total_reg_credits,-17.5,28
train_v2_status,start_total_in_credits,total_reg_credits,-17.0,989
train_v2_status,start_total_in_credits,total_reg_credits,-16.5,18
train_v2_status,start_total_in_credits,total_reg_credits,-16.0,870
train_v2_status,start_total_in_credits,total_reg_credits,-15.5,6
train_v2_status,start_total_in_credits,total_reg_credits,-15.0,1291
train_v2_status,start_total_in_credits,total_reg_credits,-14.5,22
train_v2_status,start_total_in_credits,total_reg_credits,-14.0,973
train_v2_status,start_total_in_credits,total_reg_credits,-13.5,9
train_v2_status,start_total_in_credits,total_reg_credits,-13.0,993
train_v2_status,start_total_in_credits,total_reg_credits,-12.5,13
train_v2_status,start_total_in_credits,total_reg_credits,-12.0,1540
train_v2_status,start_total_in_credits,total_reg_credits,-11.5,10
train_v2_status,start_total_in_credits,total_reg_credits,-11.0,1220
train_v2_status,start_total_in_credits,total_reg_credits,-10.5,2
train_v2_status,start_total_in_credits,total_reg_credits,-10.0,1043
train_v2_status,start_total_in_credits,total_reg_credits,-9.5,8
train_v2_status,start_total_in_credits,total_reg_credits,-9.0,1487
train_v2_status,start_total_in_credits,total_reg_credits,-8.5,5
train_v2_status,start_total_in_credits,total_reg_credits,-8.0,1441
train_v2_status,start_total_in_credits,total_reg_credits,-7.5,8
train_v2_status,start_total_in_credits,total_reg_credits,-7.0,1112
train_v2_status,start_total_in_credits,total_reg_credits,-6.5,11
train_v2_status,start_total_in_credits,total_reg_credits,-6.0,1682
train_v2_status,start_total_in_credits,total_reg_credits,-5.5,2
train_v2_status,start_total_in_credits,total_reg_credits,-5.0,1414
train_v2_status,start_total_in_credits,total_reg_credits,-4.5,5
train_v2_status,start_total_in_credits,total_reg_credits,-4.0,2084
train_v2_status,start_total_in_credits,total_reg_credits,-3.0,2717
train_v2_status,start_total_in_credits,total_reg_credits,-2.5,5
train_v2_status,start_total_in_credits,total_reg_credits,-2.0,2239
train_v2_status,start_total_in_credits,total_reg_credits,-1.5,3
train_v2_status,start_total_in_credits,total_reg_credits,-1.0,543
train_v2_status,start_total_in_credits,total_reg_credits,-0.5,4
train_v2_status,start_total_in_credits,total_reg_credits,0.0,18136
train_v2_status,start_total_in_credits,total_reg_credits,0.5,4
train_v2_status,start_total_in_credits,total_reg_credits,1.0,188
train_v2_status,start_total_in_credits,total_reg_credits,2.0,197
train_v2_status,start_total_in_credits,total_reg_credits,2.5,3
train_v2_status,start_total_in_credits,total_reg_credits,3.0,234
train_v2_status,start_total_in_credits,total_reg_credits,4.0,214
train_v2_status,start_total_in_credits,total_reg_credits,4.5,7
train_v2_status,start_total_in_credits,total_reg_credits,5.0,221
train_v2_status,start_total_in_credits,total_reg_credits,5.5,1
train_v2_status,start_total_in_credits,total_reg_credits,6.0,247
train_v2_status,start_total_in_credits,total_reg_credits,6.5,3
train_v2_status,start_total_in_credits,total_reg_credits,7.0,267
train_v2_status,start_total_in_credits,total_reg_credits,8.0,300
train_v2_status,start_total_in_credits,total_reg_credits,9.0,317
train_v2_status,start_total_in_credits,total_reg_credits,9.5,1
train_v2_status,start_total_in_credits,total_reg_credits,10.0,260
train_v2_status,start_total_in_credits,total_reg_credits,11.0,326
train_v2_status,start_total_in_credits,total_reg_credits,12.0,193
train_v2_status,start_total_in_credits,total_reg_credits,13.0,230
train_v2_status,start_total_in_credits,total_reg_credits,14.0,170
train_v2_status,start_total_in_credits,total_reg_credits,14.5,2
train_v2_status,start_total_in_credits,total_reg_credits,15.0,342
train_v2_status,start_total_in_credits,total_reg_credits,16.0,162
train_v2_status,start_total_in_credits,total_reg_credits,17.0,212
train_v2_status,start_total_in_credits,total_reg_credits,17.5,3
train_v2_status,start_total_in_credits,total_reg_credits,18.0,114
train_v2_status,start_total_in_credits,total_reg_credits,19.0,578
train_v2_status,start_total_in_credits,total_reg_credits,20.0,151
train_v2_status,start_total_in_credits,total_reg_credits,21.0,115
train_v2_status,start_total_in_credits,total_reg_credits,21.5,1
train_v2_status,start_total_in_credits,total_reg_credits,22.0,109
train_v2_status,start_total_in_credits,total_reg_credits,23.0,92
train_v2_status,start_total_in_credits,total_reg_credits,24.0,46
train_v2_status,start_total_in_credits,total_reg_credits,25.0,86
train_v2_status,start_total_in_credits,total_reg_credits,26.0,70
train_v2_status,start_total_in_credits,total_reg_credits,26.5,4
train_v2_status,start_total_in_credits,total_reg_credits,27.0,43
train_v2_status,start_total_in_credits,total_reg_credits,28.0,52
train_v2_status,start_total_in_credits,total_reg_credits,28.5,1
train_v2_status,start_total_in_credits,total_reg_credits,29.0,33
train_v2_status,start_total_in_credits,total_reg_credits,30.0,64
train_v2_status,start_total_in_credits,total_reg_credits,31.0,12
train_v2_status,start_total_in_credits,total_reg_credits,32.0,34
train_v2_status,start_total_in_credits,total_reg_credits,33.0,16
train_v2_status,start_total_in_credits,total_reg_credits,33.5,4
train_v2_status,start_total_in_credits,total_reg_credits,34.0,32
train_v2_status,start_total_in_credits,total_reg_credits,35.0,12
train_v2_status,start_total_in_credits,total_reg_credits,36.0,19
train_v2_status,start_total_in_credits,total_reg_credits,37.0,21
train_v2_status,start_total_in_credits,total_reg_credits,37.5,1
train_v2_status,start_total_in_credits,total_reg_credits,38.0,22
train_v2_status,start_total_in_credits,total_reg_credits,39.0,1
train_v2_status,start_total_in_credits,total_reg_credits,40.0,2
train_v2_status,start_total_in_credits,total_reg_credits,41.0,7
train_v2_status,start_total_in_credits,total_reg_credits,42.0,17
train_v2_status,start_total_in_credits,total_reg_credits,43.0,22
train_v2_status,start_total_in_credits,total_reg_credits,44.0,10
train_v2_status,start_total_in_credits,total_reg_credits,45.0,15
train_v2_status,start_total_in_credits,total_reg_credits,46.0,12
train_v2_status,start_total_in_credits,total_reg_credits,47.0,15
train_v2_status,start_total_in_credits,total_reg_credits,48.0,13
train_v2_status,start_total_in_credits,total_reg_credits,49.0,13
train_v2_status,start_total_in_credits,total_reg_credits,50.0,22
train_v2_status,start_total_in_credits,total_reg_credits,51.0,1
train_v2_status,start_total_in_credits,total_reg_credits,52.0,12
train_v2_status,start_total_in_credits,total_reg_credits,52.5,1
train_v2_status,start_total_in_credits,total_reg_credits,53.0,20
train_v2_status,start_total_in_credits,total_reg_credits,54.0,3
train_v2_status,start_total_in_credits,total_reg_credits,55.0,6
train_v2_status,start_total_in_credits,total_reg_credits,55.5,1
train_v2_status,start_total_in_credits,total_reg_credits,56.0,14
train_v2_status,start_total_in_credits,total_reg_credits,57.0,8
train_v2_status,start_total_in_credits,total_reg_credits,58.0,16
train_v2_status,start_total_in_credits,total_reg_credits,58.5,3
train_v2_status,start_total_in_credits,total_reg_credits,59.0,11
train_v2_status,start_total_in_credits,total_reg_credits,60.0,21
train_v2_status,start_total_in_credits,total_reg_credits,61.0,9
train_v2_status,start_total_in_credits,total_reg_credits,62.0,1
train_v2_status,start_total_in_credits,total_reg_credits,63.0,13
train_v2_status,start_total_in_credits,total_reg_credits,64.0,5
train_v2_status,start_total_in_credits,total_reg_credits,65.0,3
train_v2_status,start_total_in_credits,total_reg_credits,66.0,12
train_v2_status,start_total_in_credits,total_reg_credits,67.0,13
train_v2_status,start_total_in_credits,total_reg_credits,68.0,2
train_v2_status,start_total_in_credits,total_reg_credits,69.0,15
train_v2_status,start_total_in_credits,total_reg_credits,70.0,9
train_v2_status,start_total_in_credits,total_reg_credits,71.0,10
train_v2_status,start_total_in_credits,total_reg_credits,72.0,8
train_v2_status,start_total_in_credits,total_reg_credits,73.0,2
train_v2_status,start_total_in_credits,total_reg_credits,74.0,17
train_v2_status,start_total_in_credits,total_reg_credits,76.0,11
train_v2_status,start_total_in_credits,total_reg_credits,77.0,4
train_v2_status,start_total_in_credits,total_reg_credits,78.0,7
train_v2_status,start_total_in_credits,total_reg_credits,79.0,2
train_v2_status,start_total_in_credits,total_reg_credits,80.0,7
train_v2_status,start_total_in_credits,total_reg_credits,81.0,4
train_v2_status,start_total_in_credits,total_reg_credits,83.0,4
train_v2_status,start_total_in_credits,total_reg_credits,84.0,5
train_v2_status,start_total_in_credits,total_reg_credits,85.0,1
train_v2_status,start_total_in_credits,total_reg_credits,86.0,7
train_v2_status,start_total_in_credits,total_reg_credits,88.0,3
train_v2_status,start_total_in_credits,total_reg_credits,90.0,1
train_v2_status,start_total_in_credits,total_reg_credits,91.0,5
train_v2_status,start_total_in_credits,total_reg_credits,100.0,6
train_v2_status,start_total_in_credits,total_reg_credits,103.0,4
train_v2_status,start_total_in_credits,total_reg_courses,-115.0,1
train_v2_status,start_total_in_credits,total_reg_courses,-100.0,1
train_v2_status,start_total_in_credits,total_reg_courses,-79.0,1
train_v2_status,start_total_in_credits,total_reg_courses,-77.0,1
train_v2_status,start_total_in_credits,total_reg_courses,-65.0,1
train_v2_status,start_total_in_credits,total_reg_courses,-59.0,1
train_v2_status,start_total_in_credits,total_reg_courses,-57.0,1
train_v2_status,start_total_in_credits,total_reg_courses,-55.0,1
train_v2_status,start_total_in_credits,total_reg_courses,-54.0,1
train_v2_status,start_total_in_credits,total_reg_courses,-53.0,1
train_v2_status,start_total_in_credits,total_reg_courses,-52.0,1
train_v2_status,start_total_in_credits,total_reg_courses,-51.0,3
train_v2_status,start_total_in_credits,total_reg_courses,-50.0,3
train_v2_status,start_total_in_credits,total_reg_courses,-49.0,1
train_v2_status,start_total_in_credits,total_reg_courses,-48.0,3
train_v2_status,start_total_in_credits,total_reg_courses,-47.0,3
train_v2_status,start_total_in_credits,total_reg_courses,-46.0,2
train_v2_status,start_total_in_credits,total_reg_courses,-45.0,3
train_v2_status,start_total_in_credits,total_reg_courses,-44.0,7
train_v2_status,start_total_in_credits,total_reg_courses,-43.0,1
train_v2_status,start_total_in_credits,total_reg_courses,-42.0,3
train_v2_status,start_total_in_credits,total_reg_courses,-41.0,3
train_v2_status,start_total_in_credits,total_reg_courses,-40.0,3
train_v2_status,start_total_in_credits,total_reg_courses,-39.0,6
train_v2_status,start_total_in_credits,total_reg_courses,-38.0,5
train_v2_status,start_total_in_credits,total_reg_courses,-37.0,7
train_v2_status,start_total_in_credits,total_reg_courses,-36.0,5
train_v2_status,start_total_in_credits,total_reg_courses,-35.0,9
train_v2_status,start_total_in_credits,total_reg_courses,-34.0,2
train_v2_status,start_total_in_credits,total_reg_courses,-33.0,6
train_v2_status,start_total_in_credits,total_reg_courses,-32.0,11
train_v2_status,start_total_in_credits,total_reg_courses,-31.0,7
train_v2_status,start_total_in_credits,total_reg_courses,-30.0,11
train_v2_status,start_total_in_credits,total_reg_courses,-29.0,8
train_v2_status,start_total_in_credits,total_reg_courses,-28.0,11
train_v2_status,start_total_in_credits,total_reg_courses,-27.0,10
train_v2_status,start_total_in_credits,total_reg_courses,-26.0,14
train_v2_status,start_total_in_credits,total_reg_courses,-25.0,14
train_v2_status,start_total_in_credits,total_reg_courses,-24.0,15
train_v2_status,start_total_in_credits,total_reg_courses,-23.0,20
train_v2_status,start_total_in_credits,total_reg_courses,-22.0,18
train_v2_status,start_total_in_credits,total_reg_courses,-21.0,16
train_v2_status,start_total_in_credits,total_reg_courses,-20.0,25
train_v2_status,start_total_in_credits,total_reg_courses,-19.0,24
train_v2_status,start_total_in_credits,total_reg_courses,-18.0,25
train_v2_status,start_total_in_credits,total_reg_courses,-17.0,25
train_v2_status,start_total_in_credits,total_reg_courses,-16.0,33
train_v2_status,start_total_in_credits,total_reg_courses,-15.0,33
train_v2_status,start_total_in_credits,total_reg_courses,-14.0,57
train_v2_status,start_total_in_credits,total_reg_courses,-13.0,60
train_v2_status,start_total_in_credits,total_reg_courses,-12.0,79
train_v2_status,start_total_in_credits,total_reg_courses,-11.0,72
train_v2_status,start_total_in_credits,total_reg_courses,-10.0,113
train_v2_status,start_total_in_credits,total_reg_courses,-9.0,90
train_v2_status,start_total_in_credits,total_reg_courses,-8.0,119
train_v2_status,start_total_in_credits,total_reg_courses,-7.0,160
train_v2_status,start_total_in_credits,total_reg_courses,-6.0,233
train_v2_status,start_total_in_credits,total_reg_courses,-5.0,290
train_v2_status,start_total_in_credits,total_reg_courses,-4.0,279
train_v2_status,start_total_in_credits,total_reg_courses,-3.0,345
train_v2_status,start_total_in_credits,total_reg_courses,-2.0,346
train_v2_status,start_total_in_credits,total_reg_courses,-1.0,347
train_v2_status,start_total_in_credits,total_reg_courses,0.0,6579
train_v2_status,start_total_in_credits,total_reg_courses,1.0,402
train_v2_status,start_total_in_credits,total_reg_courses,2.0,454
train_v2_status,start_total_in_credits,total_reg_courses,3.0,523
train_v2_status,start_total_in_credits,total_reg_courses,4.0,503
train_v2_status,start_total_in_credits,total_reg_courses,5.0,538
train_v2_status,start_total_in_credits,total_reg_courses,6.0,593
train_v2_status,start_total_in_credits,total_reg_courses,7.0,717
train_v2_status,start_total_in_credits,total_reg_courses,8.0,697
train_v2_status,start_total_in_credits,total_reg_courses,9.0,960
train_v2_status,start_total_in_credits,total_reg_courses,10.0,1200
train_v2_status,start_total_in_credits,total_reg_courses,10.5,1
train_v2_status,start_total_in_credits,total_reg_courses,11.0,1158
train_v2_status,start_total_in_credits,total_reg_courses,12.0,1004
train_v2_status,start_total_in_credits,total_reg_courses,13.0,576
train_v2_status,start_total_in_credits,total_reg_courses,14.0,638
train_v2_status,start_total_in_credits,total_reg_courses,14.5,1
train_v2_status,start_total_in_credits,total_reg_courses,15.0,556
train_v2_status,start_total_in_credits,total_reg_courses,16.0,633
train_v2_status,start_total_in_credits,total_reg_courses,16.5,1
train_v2_status,start_total_in_credits,total_reg_courses,17.0,695
train_v2_status,start_total_in_credits,total_reg_courses,18.0,735
train_v2_status,start_total_in_credits,total_reg_courses,19.0,831
train_v2_status,start_total_in_credits,total_reg_courses,20.0,875
train_v2_status,start_total_in_credits,total_reg_courses,20.5,1
train_v2_status,start_total_in_credits,total_reg_courses,21.0,898
train_v2_status,start_total_in_credits,total_reg_courses,22.0,884
train_v2_status,start_total_in_credits,total_reg_courses,23.0,800
train_v2_status,start_total_in_credits,total_reg_courses,23.5,1
train_v2_status,start_total_in_credits,total_reg_courses,24.0,712
train_v2_status,start_total_in_credits,total_reg_courses,25.0,746
train_v2_status,start_total_in_credits,total_reg_courses,26.0,703
train_v2_status,start_total_in_credits,total_reg_courses,27.0,701
train_v2_status,start_total_in_credits,total_reg_courses,28.0,671
train_v2_status,start_total_in_credits,total_reg_courses,29.0,668
train_v2_status,start_total_in_credits,total_reg_courses,29.5,4
train_v2_status,start_total_in_credits,total_reg_courses,30.0,737
train_v2_status,start_total_in_credits,total_reg_courses,30.5,1
train_v2_status,start_total_in_credits,total_reg_courses,31.0,729
train_v2_status,start_total_in_credits,total_reg_courses,31.5,3
train_v2_status,start_total_in_credits,total_reg_courses,32.0,741
train_v2_status,start_total_in_credits,total_reg_courses,32.5,5
train_v2_status,start_total_in_credits,total_reg_courses,33.0,649
train_v2_status,start_total_in_credits,total_reg_courses,33.5,4
train_v2_status,start_total_in_credits,total_reg_courses,34.0,671
train_v2_status,start_total_in_credits,total_reg_courses,34.5,1
train_v2_status,start_total_in_credits,total_reg_courses,35.0,642
train_v2_status,start_total_in_credits,total_reg_courses,35.5,3
train_v2_status,start_total_in_credits,total_reg_courses,36.0,670
train_v2_status,start_total_in_credits,total_reg_courses,36.5,5
train_v2_status,start_total_in_credits,total_reg_courses,37.0,634
train_v2_status,start_total_in_credits,total_reg_courses,37.5,1
train_v2_status,start_total_in_credits,total_reg_courses,38.0,625
train_v2_status,start_total_in_credits,total_reg_courses,38.5,2
train_v2_status,start_total_in_credits,total_reg_courses,39.0,647
train_v2_status,start_total_in_credits,total_reg_courses,39.5,3
train_v2_status,start_total_in_credits,total_reg_courses,40.0,720
train_v2_status,start_total_in_credits,total_reg_courses,40.5,1
train_v2_status,start_total_in_credits,total_reg_courses,41.0,709
train_v2_status,start_total_in_credits,total_reg_courses,41.5,5
train_v2_status,start_total_in_credits,total_reg_courses,42.0,731
train_v2_status,start_total_in_credits,total_reg_courses,42.5,5
train_v2_status,start_total_in_credits,total_reg_courses,43.0,695
train_v2_status,start_total_in_credits,total_reg_courses,43.5,1
train_v2_status,start_total_in_credits,total_reg_courses,44.0,636
train_v2_status,start_total_in_credits,total_reg_courses,44.5,6
train_v2_status,start_total_in_credits,total_reg_courses,45.0,661
train_v2_status,start_total_in_credits,total_reg_courses,45.5,6
train_v2_status,start_total_in_credits,total_reg_courses,46.0,617
train_v2_status,start_total_in_credits,total_reg_courses,46.5,5
train_v2_status,start_total_in_credits,total_reg_courses,47.0,598
train_v2_status,start_total_in_credits,total_reg_courses,47.5,2
train_v2_status,start_total_in_credits,total_reg_courses,48.0,551
train_v2_status,start_total_in_credits,total_reg_courses,48.5,6
train_v2_status,start_total_in_credits,total_reg_courses,49.0,613
train_v2_status,start_total_in_credits,total_reg_courses,49.5,1
train_v2_status,start_total_in_credits,total_reg_courses,50.0,614
train_v2_status,start_total_in_credits,total_reg_courses,50.5,5
train_v2_status,start_total_in_credits,total_reg_courses,51.0,616
train_v2_status,start_total_in_credits,total_reg_courses,51.5,7
train_v2_status,start_total_in_credits,total_reg_courses,52.0,574
train_v2_status,start_total_in_credits,total_reg_courses,52.5,8
train_v2_status,start_total_in_credits,total_reg_courses,53.0,565
train_v2_status,start_total_in_credits,total_reg_courses,53.5,6
train_v2_status,start_total_in_credits,total_reg_courses,54.0,586
train_v2_status,start_total_in_credits,total_reg_courses,54.5,5
train_v2_status,start_total_in_credits,total_reg_courses,55.0,642
train_v2_status,start_total_in_credits,total_reg_courses,55.5,10
train_v2_status,start_total_in_credits,total_reg_courses,56.0,561
train_v2_status,start_total_in_credits,total_reg_courses,56.5,6
train_v2_status,start_total_in_credits,total_reg_courses,57.0,584
train_v2_status,start_total_in_credits,total_reg_courses,57.5,6
train_v2_status,start_total_in_credits,total_reg_courses,58.0,554
train_v2_status,start_total_in_credits,total_reg_courses,58.5,9
train_v2_status,start_total_in_credits,total_reg_courses,59.0,616
train_v2_status,start_total_in_credits,total_reg_courses,59.5,8
train_v2_status,start_total_in_credits,total_reg_courses,60.0,587
train_v2_status,start_total_in_credits,total_reg_courses,60.5,12
train_v2_status,start_total_in_credits,total_reg_courses,61.0,582
train_v2_status,start_total_in_credits,total_reg_courses,61.5,9
train_v2_status,start_total_in_credits,total_reg_courses,62.0,533
train_v2_status,start_total_in_credits,total_reg_courses,62.5,6
train_v2_status,start_total_in_credits,total_reg_courses,63.0,570
train_v2_status,start_total_in_credits,total_reg_courses,63.5,8
train_v2_status,start_total_in_credits,total_reg_courses,64.0,534
train_v2_status,start_total_in_credits,total_reg_courses,64.5,9
train_v2_status,start_total_in_credits,total_reg_courses,65.0,535
train_v2_status,start_total_in_credits,total_reg_courses,65.5,9
train_v2_status,start_total_in_credits,total_reg_courses,66.0,537
train_v2_status,start_total_in_credits,total_reg_courses,66.5,10
train_v2_status,start_total_in_credits,total_reg_courses,67.0,552
train_v2_status,start_total_in_credits,total_reg_courses,67.5,11
train_v2_status,start_total_in_credits,total_reg_courses,68.0,486
train_v2_status,start_total_in_credits,total_reg_courses,68.5,10
train_v2_status,start_total_in_credits,total_reg_courses,69.0,512
train_v2_status,start_total_in_credits,total_reg_courses,69.5,7
train_v2_status,start_total_in_credits,total_reg_courses,70.0,524
train_v2_status,start_total_in_credits,total_reg_courses,70.5,8
train_v2_status,start_total_in_credits,total_reg_courses,71.0,494
train_v2_status,start_total_in_credits,total_reg_courses,71.5,13
train_v2_status,start_total_in_credits,total_reg_courses,72.0,493
train_v2_status,start_total_in_credits,total_reg_courses,72.5,7
train_v2_status,start_total_in_credits,total_reg_courses,73.0,512
train_v2_status,start_total_in_credits,total_reg_courses,73.5,8
train_v2_status,start_total_in_credits,total_reg_courses,74.0,489
train_v2_status,start_total_in_credits,total_reg_courses,74.5,13
train_v2_status,start_total_in_credits,total_reg_courses,75.0,468
train_v2_status,start_total_in_credits,total_reg_courses,75.5,18
train_v2_status,start_total_in_credits,total_reg_courses,76.0,477
train_v2_status,start_total_in_credits,total_reg_courses,76.5,13
train_v2_status,start_total_in_credits,total_reg_courses,77.0,461
train_v2_status,start_total_in_credits,total_reg_courses,77.5,19
train_v2_status,start_total_in_credits,total_reg_courses,78.0,506
train_v2_status,start_total_in_credits,total_reg_courses,78.5,12
train_v2_status,start_total_in_credits,total_reg_courses,79.0,452
train_v2_status,start_total_in_credits,total_reg_courses,79.5,20
train_v2_status,start_total_in_credits,total_reg_courses,80.0,456
train_v2_status,start_total_in_credits,total_reg_courses,80.5,16
train_v2_status,start_total_in_credits,total_reg_courses,81.0,457
train_v2_status,start_total_in_credits,total_reg_courses,81.5,18
train_v2_status,start_total_in_credits,total_reg_courses,82.0,420
train_v2_status,start_total_in_credits,total_reg_courses,82.5,18
train_v2_status,start_total_in_credits,total_reg_courses,83.0,416
train_v2_status,start_total_in_credits,total_reg_courses,83.5,24
train_v2_status,start_total_in_credits,total_reg_courses,84.0,452
train_v2_status,start_total_in_credits,total_reg_courses,84.5,19
train_v2_status,start_total_in_credits,total_reg_courses,85.0,407
train_v2_status,start_total_in_credits,total_reg_courses,85.5,22
train_v2_status,start_total_in_credits,total_reg_courses,86.0,389
train_v2_status,start_total_in_credits,total_reg_courses,86.5,29
train_v2_status,start_total_in_credits,total_reg_courses,87.0,365
train_v2_status,start_total_in_credits,total_reg_courses,87.5,14
train_v2_status,start_total_in_credits,total_reg_courses,88.0,372
train_v2_status,start_total_in_credits,total_reg_courses,88.5,19
train_v2_status,start_total_in_credits,total_reg_courses,89.0,372
train_v2_status,start_total_in_credits,total_reg_courses,89.5,23
train_v2_status,start_total_in_credits,total_reg_courses,90.0,338
train_v2_status,start_total_in_credits,total_reg_courses,90.5,21
train_v2_status,start_total_in_credits,total_reg_courses,91.0,368
train_v2_status,start_total_in_credits,total_reg_courses,91.5,23
train_v2_status,start_total_in_credits,total_reg_courses,92.0,292
train_v2_status,start_total_in_credits,total_reg_courses,92.5,24
train_v2_status,start_total_in_credits,total_reg_courses,93.0,304
train_v2_status,start_total_in_credits,total_reg_courses,93.5,29
train_v2_status,start_total_in_credits,total_reg_courses,94.0,315
train_v2_status,start_total_in_credits,total_reg_courses,94.5,43
train_v2_status,start_total_in_credits,total_reg_courses,95.0,281
train_v2_status,start_total_in_credits,total_reg_courses,95.5,32
train_v2_status,start_total_in_credits,total_reg_courses,96.0,303
train_v2_status,start_total_in_credits,total_reg_courses,96.5,28
train_v2_status,start_total_in_credits,total_reg_courses,97.0,263
train_v2_status,start_total_in_credits,total_reg_courses,97.5,23
train_v2_status,start_total_in_credits,total_reg_courses,98.0,244
train_v2_status,start_total_in_credits,total_reg_courses,98.5,17
train_v2_status,start_total_in_credits,total_reg_courses,99.0,228
train_v2_status,start_total_in_credits,total_reg_courses,99.5,19
train_v2_status,start_total_in_credits,total_reg_courses,100.0,214
train_v2_status,start_total_in_credits,total_reg_courses,100.5,26
train_v2_status,start_total_in_credits,total_reg_courses,101.0,201
train_v2_status,start_total_in_credits,total_reg_courses,101.5,25
train_v2_status,start_total_in_credits,total_reg_courses,102.0,190
train_v2_status,start_total_in_credits,total_reg_courses,102.5,26
train_v2_status,start_total_in_credits,total_reg_courses,103.0,174
train_v2_status,start_total_in_credits,total_reg_courses,103.5,29
train_v2_status,start_total_in_credits,total_reg_courses,104.0,194
train_v2_status,start_total_in_credits,total_reg_courses,104.5,35
train_v2_status,start_total_in_credits,total_reg_courses,105.0,155
train_v2_status,start_total_in_credits,total_reg_courses,105.5,14
train_v2_status,start_total_in_credits,total_reg_courses,106.0,119
train_v2_status,start_total_in_credits,total_reg_courses,106.5,24
train_v2_status,start_total_in_credits,total_reg_courses,107.0,117
train_v2_status,start_total_in_credits,total_reg_courses,107.5,32
train_v2_status,start_total_in_credits,total_reg_courses,108.0,105
train_v2_status,start_total_in_credits,total_reg_courses,108.5,27
train_v2_status,start_total_in_credits,total_reg_courses,109.0,87
train_v2_status,start_total_in_credits,total_reg_courses,109.5,30
train_v2_status,start_total_in_credits,total_reg_courses,110.0,60
train_v2_status,start_total_in_credits,total_reg_courses,110.5,21
train_v2_status,start_total_in_credits,total_reg_courses,111.0,70
train_v2_status,start_total_in_credits,total_reg_courses,111.5,27
train_v2_status,start_total_in_credits,total_reg_courses,112.0,66
train_v2_status,start_total_in_credits,total_reg_courses,112.5,30
train_v2_status,start_total_in_credits,total_reg_courses,113.0,58
train_v2_status,start_total_in_credits,total_reg_courses,113.5,31
train_v2_status,start_total_in_credits,total_reg_courses,114.0,56
train_v2_status,start_total_in_credits,total_reg_courses,114.5,29
train_v2_status,start_total_in_credits,total_reg_courses,115.0,67
train_v2_status,start_total_in_credits,total_reg_courses,115.5,31
train_v2_status,start_total_in_credits,total_reg_courses,116.0,62
train_v2_status,start_total_in_credits,total_reg_courses,116.5,24
train_v2_status,start_total_in_credits,total_reg_courses,117.0,52
train_v2_status,start_total_in_credits,total_reg_courses,117.5,21
train_v2_status,start_total_in_credits,total_reg_courses,118.0,68
train_v2_status,start_total_in_credits,total_reg_courses,118.5,28
train_v2_status,start_total_in_credits,total_reg_courses,119.0,68
train_v2_status,start_total_in_credits,total_reg_courses,119.5,19
train_v2_status,start_total_in_credits,total_reg_courses,120.0,80
train_v2_status,start_total_in_credits,total_reg_courses,120.5,27
train_v2_status,start_total_in_credits,total_reg_courses,121.0,91
train_v2_status,start_total_in_credits,total_reg_courses,121.5,29
train_v2_status,start_total_in_credits,total_reg_courses,122.0,60
train_v2_status,start_total_in_credits,total_reg_courses,122.5,31
train_v2_status,start_total_in_credits,total_reg_courses,123.0,75
train_v2_status,start_total_in_credits,total_reg_courses,123.5,23
train_v2_status,start_total_in_credits,total_reg_courses,124.0,82
train_v2_status,start_total_in_credits,total_reg_courses,124.5,31
train_v2_status,start_total_in_credits,total_reg_courses,125.0,69
train_v2_status,start_total_in_credits,total_reg_courses,125.5,33
train_v2_status,start_total_in_credits,total_reg_courses,126.0,66
train_v2_status,start_total_in_credits,total_reg_courses,126.5,31
train_v2_status,start_total_in_credits,total_reg_courses,127.0,69
train_v2_status,start_total_in_credits,total_reg_courses,127.5,34
train_v2_status,start_total_in_credits,total_reg_courses,128.0,54
train_v2_status,start_total_in_credits,total_reg_courses,128.5,36
train_v2_status,start_total_in_credits,total_reg_courses,129.0,63
train_v2_status,start_total_in_credits,total_reg_courses,129.5,33
train_v2_status,start_total_in_credits,total_reg_courses,130.0,59
train_v2_status,start_total_in_credits,total_reg_courses,130.5,22
train_v2_status,start_total_in_credits,total_reg_courses,131.0,52
train_v2_status,start_total_in_credits,total_reg_courses,131.5,20
train_v2_status,start_total_in_credits,total_reg_courses,132.0,55
train_v2_status,start_total_in_credits,total_reg_courses,132.5,26
train_v2_status,start_total_in_credits,total_reg_courses,133.0,59
train_v2_status,start_total_in_credits,total_reg_courses,133.5,34
train_v2_status,start_total_in_credits,total_reg_courses,134.0,61
train_v2_status,start_total_in_credits,total_reg_courses,134.5,18
train_v2_status,start_total_in_credits,total_reg_courses,135.0,62
train_v2_status,start_total_in_credits,total_reg_courses,135.5,29
train_v2_status,start_total_in_credits,total_reg_courses,136.0,48
train_v2_status,start_total_in_credits,total_reg_courses,136.5,21
train_v2_status,start_total_in_credits,total_reg_courses,137.0,50
train_v2_status,start_total_in_credits,total_reg_courses,137.5,27
train_v2_status,start_total_in_credits,total_reg_courses,138.0,63
train_v2_status,start_total_in_credits,total_reg_courses,138.5,20
train_v2_status,start_total_in_credits,total_reg_courses,139.0,77
train_v2_status,start_total_in_credits,total_reg_courses,139.5,30
train_v2_status,start_total_in_credits,total_reg_courses,140.0,88
train_v2_status,start_total_in_credits,total_reg_courses,140.5,21
train_v2_status,start_total_in_credits,total_reg_courses,141.0,72
train_v2_status,start_total_in_credits,total_reg_courses,141.5,26
train_v2_status,start_total_in_credits,total_reg_courses,142.0,79
train_v2_status,start_total_in_credits,total_reg_courses,142.5,20
train_v2_status,start_total_in_credits,total_reg_courses,143.0,83
train_v2_status,start_total_in_credits,total_reg_courses,143.5,18
train_v2_status,start_total_in_credits,total_reg_courses,144.0,86
train_v2_status,start_total_in_credits,total_reg_courses,144.5,32
train_v2_status,start_total_in_credits,total_reg_courses,145.0,79
train_v2_status,start_total_in_credits,total_reg_courses,145.5,21
train_v2_status,start_total_in_credits,total_reg_courses,146.0,78
train_v2_status,start_total_in_credits,total_reg_courses,146.5,28
train_v2_status,start_total_in_credits,total_reg_courses,147.0,77
train_v2_status,start_total_in_credits,total_reg_courses,147.5,24
train_v2_status,start_total_in_credits,total_reg_courses,148.0,95
train_v2_status,start_total_in_credits,total_reg_courses,148.5,22
train_v2_status,start_total_in_credits,total_reg_courses,149.0,105
train_v2_status,start_total_in_credits,total_reg_courses,149.5,14
train_v2_status,start_total_in_credits,total_reg_courses,150.0,72
train_v2_status,start_total_in_credits,total_reg_courses,150.5,20
train_v2_status,start_total_in_credits,total_reg_courses,151.0,98
train_v2_status,start_total_in_credits,total_reg_courses,151.5,16
train_v2_status,start_total_in_credits,total_reg_courses,152.0,99
train_v2_status,start_total_in_credits,total_reg_courses,152.5,19
train_v2_status,start_total_in_credits,total_reg_courses,153.0,107
train_v2_status,start_total_in_credits,total_reg_courses,153.5,14
train_v2_status,start_total_in_credits,total_reg_courses,154.0,131
train_v2_status,start_total_in_credits,total_reg_courses,154.5,11
train_v2_status,start_total_in_credits,total_reg_courses,155.0,93
train_v2_status,start_total_in_credits,total_reg_courses,155.5,12
train_v2_status,start_total_in_credits,total_reg_courses,156.0,107
train_v2_status,start_total_in_credits,total_reg_courses,156.5,10
train_v2_status,start_total_in_credits,total_reg_courses,157.0,84
train_v2_status,start_total_in_credits,total_reg_courses,157.5,11
train_v2_status,start_total_in_credits,total_reg_courses,158.0,82
train_v2_status,start_total_in_credits,total_reg_courses,158.5,7
train_v2_status,start_total_in_credits,total_reg_courses,159.0,57
train_v2_status,start_total_in_credits,total_reg_courses,159.5,12
train_v2_status,start_total_in_credits,total_reg_courses,160.0,71
train_v2_status,start_total_in_credits,total_reg_courses,160.5,5
train_v2_status,start_total_in_credits,total_reg_courses,161.0,52
train_v2_status,start_total_in_credits,total_reg_courses,161.5,3
train_v2_status,start_total_in_credits,total_reg_courses,162.0,38
train_v2_status,start_total_in_credits,total_reg_courses,162.5,4
train_v2_status,start_total_in_credits,total_reg_courses,163.0,37
train_v2_status,start_total_in_credits,total_reg_courses,164.0,21
train_v2_status,start_total_in_credits,total_reg_courses,164.5,2
train_v2_status,start_total_in_credits,total_reg_courses,165.0,21
train_v2_status,start_total_in_credits,total_reg_courses,165.5,1
train_v2_status,start_total_in_credits,total_reg_courses,166.0,24
train_v2_status,start_total_in_credits,total_reg_courses,166.5,1
train_v2_status,start_total_in_credits,total_reg_courses,167.0,11
train_v2_status,start_total_in_credits,total_reg_courses,167.5,2
train_v2_status,start_total_in_credits,total_reg_courses,168.0,7
train_v2_status,start_total_in_credits,total_reg_courses,169.0,8
train_v2_status,start_total_in_credits,total_reg_courses,170.0,9
train_v2_status,start_total_in_credits,total_reg_courses,171.0,7
train_v2_status,start_total_in_credits,total_reg_courses,172.0,6
train_v2_status,start_total_in_credits,total_reg_courses,173.0,7
train_v2_status,start_total_in_credits,total_reg_courses,174.0,3
train_v2_status,start_total_in_credits,total_reg_courses,175.0,6
train_v2_status,start_total_in_credits,total_reg_courses,175.5,1
train_v2_status,start_total_in_credits,total_reg_courses,176.0,7
train_v2_status,start_total_in_credits,total_reg_courses,177.0,3
train_v2_status,start_total_in_credits,total_reg_courses,177.5,1
train_v2_status,start_total_in_credits,total_reg_courses,178.0,1
train_v2_status,start_total_in_credits,total_reg_courses,179.0,1
train_v2_status,start_total_in_credits,total_reg_courses,179.5,1
train_v2_status,start_total_in_credits,total_reg_courses,180.0,2
train_v2_status,start_total_in_credits,total_reg_courses,181.0,2
train_v2_status,start_total_in_credits,total_reg_courses,182.0,2
train_v2_status,start_total_in_credits,total_reg_courses,183.0,2
train_v2_status,start_total_in_credits,total_reg_courses,184.0,1
train_v2_status,start_total_in_credits,total_reg_courses,185.0,1
train_v2_status,start_total_in_credits,total_reg_courses,187.0,2
train_v2_status,start_total_in_credits,total_reg_courses,188.0,1
train_v2_status,start_total_in_credits,total_reg_courses,190.0,1
train_v2_status,start_total_in_credits,total_reg_courses,192.0,1
train_v2_status,start_total_in_courses,total_reg_credits,-433.0,1
train_v2_status,start_total_in_courses,total_reg_credits,-430.5,1
train_v2_status,start_total_in_courses,total_reg_credits,-416.5,1
train_v2_status,start_total_in_courses,total_reg_credits,-409.0,1
train_v2_status,start_total_in_courses,total_reg_credits,-399.0,1
train_v2_status,start_total_in_courses,total_reg_credits,-398.5,1
train_v2_status,start_total_in_courses,total_reg_credits,-396.5,1
train_v2_status,start_total_in_courses,total_reg_credits,-394.5,1
train_v2_status,start_total_in_courses,total_reg_credits,-394.0,1
train_v2_status,start_total_in_courses,total_reg_credits,-393.0,1
train_v2_status,start_total_in_courses,total_reg_credits,-390.0,1
train_v2_status,start_total_in_courses,total_reg_credits,-388.0,1
train_v2_status,start_total_in_courses,total_reg_credits,-386.5,2
train_v2_status,start_total_in_courses,total_reg_credits,-385.0,1
train_v2_status,start_total_in_courses,total_reg_credits,-384.5,2
train_v2_status,start_total_in_courses,total_reg_credits,-383.0,1
train_v2_status,start_total_in_courses,total_reg_credits,-382.5,1
train_v2_status,start_total_in_courses,total_reg_credits,-381.5,1
train_v2_status,start_total_in_courses,total_reg_credits,-380.0,3
train_v2_status,start_total_in_courses,total_reg_credits,-379.5,1
train_v2_status,start_total_in_courses,total_reg_credits,-374.5,1
train_v2_status,start_total_in_courses,total_reg_credits,-374.0,2
train_v2_status,start_total_in_courses,total_reg_credits,-371.5,1
train_v2_status,start_total_in_courses,total_reg_credits,-371.0,4
train_v2_status,start_total_in_courses,total_reg_credits,-369.0,1
train_v2_status,start_total_in_courses,total_reg_credits,-367.5,1
train_v2_status,start_total_in_courses,total_reg_credits,-367.0,1
train_v2_status,start_total_in_courses,total_reg_credits,-365.5,3
train_v2_status,start_total_in_courses,total_reg_credits,-364.5,1
train_v2_status,start_total_in_courses,total_reg_credits,-364.0,3
train_v2_status,start_total_in_courses,total_reg_credits,-362.5,1
train_v2_status,start_total_in_courses,total_reg_credits,-361.5,2
train_v2_status,start_total_in_courses,total_reg_credits,-360.5,1
train_v2_status,start_total_in_courses,total_reg_credits,-360.0,2
train_v2_status,start_total_in_courses,total_reg_credits,-358.5,3
train_v2_status,start_total_in_courses,total_reg_credits,-358.0,3
train_v2_status,start_total_in_courses,total_reg_credits,-357.5,1
train_v2_status,start_total_in_courses,total_reg_credits,-357.0,2
train_v2_status,start_total_in_courses,total_reg_credits,-355.5,1
train_v2_status,start_total_in_courses,total_reg_credits,-355.0,3
train_v2_status,start_total_in_courses,total_reg_credits,-354.5,1
train_v2_status,start_total_in_courses,total_reg_credits,-353.5,2
train_v2_status,start_total_in_courses,total_reg_credits,-353.0,3
train_v2_status,start_total_in_courses,total_reg_credits,-352.0,2
train_v2_status,start_total_in_courses,total_reg_credits,-350.5,1
train_v2_status,start_total_in_courses,total_reg_credits,-350.0,2
train_v2_status,start_total_in_courses,total_reg_credits,-349.0,4
train_v2_status,start_total_in_courses,total_reg_credits,-348.5,3
train_v2_status,start_total_in_courses,total_reg_credits,-347.5,1
train_v2_status,start_total_in_courses,total_reg_credits,-347.0,4
train_v2_status,start_total_in_courses,total_reg_credits,-346.0,2
train_v2_status,start_total_in_courses,total_reg_credits,-345.0,3
train_v2_status,start_total_in_courses,total_reg_credits,-343.5,1
train_v2_status,start_total_in_courses,total_reg_credits,-343.0,1
train_v2_status,start_total_in_courses,total_reg_credits,-342.0,4
train_v2_status,start_total_in_courses,total_reg_credits,-341.5,1
train_v2_status,start_total_in_courses,total_reg_credits,-341.0,1
train_v2_status,start_total_in_courses,total_reg_credits,-340.5,1
train_v2_status,start_total_in_courses,total_reg_credits,-340.0,1
train_v2_status,start_total_in_courses,total_reg_credits,-338.5,3
train_v2_status,start_total_in_courses,total_reg_credits,-338.0,3
train_v2_status,start_total_in_courses,total_reg_credits,-337.5,1
train_v2_status,start_total_in_courses,total_reg_credits,-337.0,4
train_v2_status,start_total_in_courses,total_reg_credits,-336.5,1
train_v2_status,start_total_in_courses,total_reg_credits,-336.0,2
train_v2_status,start_total_in_courses,total_reg_credits,-335.5,1
train_v2_status,start_total_in_courses,total_reg_credits,-335.0,2
train_v2_status,start_total_in_courses,total_reg_credits,-334.5,4
train_v2_status,start_total_in_courses,total_reg_credits,-334.0,5
train_v2_status,start_total_in_courses,total_reg_credits,-333.5,3
train_v2_status,start_total_in_courses,total_reg_credits,-332.5,4
train_v2_status,start_total_in_courses,total_reg_credits,-332.0,2
train_v2_status,start_total_in_courses,total_reg_credits,-331.5,2
train_v2_status,start_total_in_courses,total_reg_credits,-331.0,6
train_v2_status,start_total_in_courses,total_reg_credits,-330.5,2
train_v2_status,start_total_in_courses,total_reg_credits,-330.0,3
train_v2_status,start_total_in_courses,total_reg_credits,-329.5,1
train_v2_status,start_total_in_courses,total_reg_credits,-329.0,3
train_v2_status,start_total_in_courses,total_reg_credits,-328.5,1
train_v2_status,start_total_in_courses,total_reg_credits,-328.0,3
train_v2_status,start_total_in_courses,total_reg_credits,-327.5,1
train_v2_status,start_total_in_courses,total_reg_credits,-327.0,2
train_v2_status,start_total_in_courses,total_reg_credits,-326.5,1
train_v2_status,start_total_in_courses,total_reg_credits,-326.0,3
train_v2_status,start_total_in_courses,total_reg_credits,-325.5,2
train_v2_status,start_total_in_courses,total_reg_credits,-325.0,1
train_v2_status,start_total_in_courses,total_reg_credits,-324.5,2
train_v2_status,start_total_in_courses,total_reg_credits,-324.0,4
train_v2_status,start_total_in_courses,total_reg_credits,-323.5,1
train_v2_status,start_total_in_courses,total_reg_credits,-323.0,1
train_v2_status,start_total_in_courses,total_reg_credits,-322.5,4
train_v2_status,start_total_in_courses,total_reg_credits,-322.0,2
train_v2_status,start_total_in_courses,total_reg_credits,-321.5,4
train_v2_status,start_total_in_courses,total_reg_credits,-321.0,5
train_v2_status,start_total_in_courses,total_reg_credits,-320.5,1
train_v2_status,start_total_in_courses,total_reg_credits,-320.0,2
train_v2_status,start_total_in_courses,total_reg_credits,-319.0,5
train_v2_status,start_total_in_courses,total_reg_credits,-318.0,3
train_v2_status,start_total_in_courses,total_reg_credits,-317.5,2
train_v2_status,start_total_in_courses,total_reg_credits,-317.0,1
train_v2_status,start_total_in_courses,total_reg_credits,-316.5,6
train_v2_status,start_total_in_courses,total_reg_credits,-316.0,3
train_v2_status,start_total_in_courses,total_reg_credits,-315.5,1
train_v2_status,start_total_in_courses,total_reg_credits,-315.0,5
train_v2_status,start_total_in_courses,total_reg_credits,-314.5,4
train_v2_status,start_total_in_courses,total_reg_credits,-314.0,6
train_v2_status,start_total_in_courses,total_reg_credits,-313.5,4
train_v2_status,start_total_in_courses,total_reg_credits,-313.0,1
train_v2_status,start_total_in_courses,total_reg_credits,-312.5,1
train_v2_status,start_total_in_courses,total_reg_credits,-312.0,2
train_v2_status,start_total_in_courses,total_reg_credits,-311.5,2
train_v2_status,start_total_in_courses,total_reg_credits,-311.0,5
train_v2_status,start_total_in_courses,total_reg_credits,-310.5,3
train_v2_status,start_total_in_courses,total_reg_credits,-310.0,8
train_v2_status,start_total_in_courses,total_reg_credits,-309.5,4
train_v2_status,start_total_in_courses,total_reg_credits,-309.0,6
train_v2_status,start_total_in_courses,total_reg_credits,-308.5,4
train_v2_status,start_total_in_courses,total_reg_credits,-308.0,7
train_v2_status,start_total_in_courses,total_reg_credits,-307.5,2
train_v2_status,start_total_in_courses,total_reg_credits,-307.0,3
train_v2_status,start_total_in_courses,total_reg_credits,-306.5,2
train_v2_status,start_total_in_courses,total_reg_credits,-306.0,2
train_v2_status,start_total_in_courses,total_reg_credits,-305.5,3
train_v2_status,start_total_in_courses,total_reg_credits,-305.0,6
train_v2_status,start_total_in_courses,total_reg_credits,-304.5,3
train_v2_status,start_total_in_courses,total_reg_credits,-304.0,3
train_v2_status,start_total_in_courses,total_reg_credits,-303.5,3
train_v2_status,start_total_in_courses,total_reg_credits,-303.0,7
train_v2_status,start_total_in_courses,total_reg_credits,-302.5,1
train_v2_status,start_total_in_courses,total_reg_credits,-302.0,6
train_v2_status,start_total_in_courses,total_reg_credits,-301.5,4
train_v2_status,start_total_in_courses,total_reg_credits,-301.0,3
train_v2_status,start_total_in_courses,total_reg_credits,-300.5,1
train_v2_status,start_total_in_courses,total_reg_credits,-300.0,6
train_v2_status,start_total_in_courses,total_reg_credits,-299.5,3
train_v2_status,start_total_in_courses,total_reg_credits,-299.0,2
train_v2_status,start_total_in_courses,total_reg_credits,-298.5,3
train_v2_status,start_total_in_courses,total_reg_credits,-298.0,7
train_v2_status,start_total_in_courses,total_reg_credits,-297.5,5
train_v2_status,start_total_in_courses,total_reg_credits,-297.0,5
train_v2_status,start_total_in_courses,total_reg_credits,-296.5,1
train_v2_status,start_total_in_courses,total_reg_credits,-296.0,2
train_v2_status,start_total_in_courses,total_reg_credits,-295.5,4
train_v2_status,start_total_in_courses,total_reg_credits,-295.0,6
train_v2_status,start_total_in_courses,total_reg_credits,-294.5,3
train_v2_status,start_total_in_courses,total_reg_credits,-294.0,5
train_v2_status,start_total_in_courses,total_reg_credits,-293.5,1
train_v2_status,start_total_in_courses,total_reg_credits,-293.0,5
train_v2_status,start_total_in_courses,total_reg_credits,-292.5,5
train_v2_status,start_total_in_courses,total_reg_credits,-292.0,4
train_v2_status,start_total_in_courses,total_reg_credits,-291.5,4
train_v2_status,start_total_in_courses,total_reg_credits,-291.0,7
train_v2_status,start_total_in_courses,total_reg_credits,-290.5,4
train_v2_status,start_total_in_courses,total_reg_credits,-290.0,6
train_v2_status,start_total_in_courses,total_reg_credits,-289.5,1
train_v2_status,start_total_in_courses,total_reg_credits,-289.0,6
train_v2_status,start_total_in_courses,total_reg_credits,-288.5,2
train_v2_status,start_total_in_courses,total_reg_credits,-288.0,7
train_v2_status,start_total_in_courses,total_reg_credits,-287.5,5
train_v2_status,start_total_in_courses,total_reg_credits,-287.0,11
train_v2_status,start_total_in_courses,total_reg_credits,-286.5,2
train_v2_status,start_total_in_courses,total_reg_credits,-286.0,9
train_v2_status,start_total_in_courses,total_reg_credits,-285.5,3
train_v2_status,start_total_in_courses,total_reg_credits,-285.0,6
train_v2_status,start_total_in_courses,total_reg_credits,-284.5,4
train_v2_status,start_total_in_courses,total_reg_credits,-284.0,5
train_v2_status,start_total_in_courses,total_reg_credits,-283.5,1
train_v2_status,start_total_in_courses,total_reg_credits,-283.0,10
train_v2_status,start_total_in_courses,total_reg_credits,-282.5,2
train_v2_status,start_total_in_courses,total_reg_credits,-282.0,4
train_v2_status,start_total_in_courses,total_reg_credits,-281.5,7
train_v2_status,start_total_in_courses,total_reg_credits,-281.0,11
train_v2_status,start_total_in_courses,total_reg_credits,-280.5,2
train_v2_status,start_total_in_courses,total_reg_credits,-280.0,7
train_v2_status,start_total_in_courses,total_reg_credits,-279.5,2
train_v2_status,start_total_in_courses,total_reg_credits,-279.0,16
train_v2_status,start_total_in_courses,total_reg_credits,-278.5,4
train_v2_status,start_total_in_courses,total_reg_credits,-278.0,7
train_v2_status,start_total_in_courses,total_reg_credits,-277.5,3
train_v2_status,start_total_in_courses,total_reg_credits,-277.0,6
train_v2_status,start_total_in_courses,total_reg_credits,-276.5,2
train_v2_status,start_total_in_courses,total_reg_credits,-276.0,11
train_v2_status,start_total_in_courses,total_reg_credits,-275.5,5
train_v2_status,start_total_in_courses,total_reg_credits,-275.0,8
train_v2_status,start_total_in_courses,total_reg_credits,-274.5,8
train_v2_status,start_total_in_courses,total_reg_credits,-274.0,12
train_v2_status,start_total_in_courses,total_reg_credits,-273.0,15
train_v2_status,start_total_in_courses,total_reg_credits,-272.5,5
train_v2_status,start_total_in_courses,total_reg_credits,-272.0,12
train_v2_status,start_total_in_courses,total_reg_credits,-271.5,4
train_v2_status,start_total_in_courses,total_reg_credits,-271.0,11
train_v2_status,start_total_in_courses,total_reg_credits,-270.5,4
train_v2_status,start_total_in_courses,total_reg_credits,-270.0,10
train_v2_status,start_total_in_courses,total_reg_credits,-269.5,7
train_v2_status,start_total_in_courses,total_reg_credits,-269.0,15
train_v2_status,start_total_in_courses,total_reg_credits,-268.5,1
train_v2_status,start_total_in_courses,total_reg_credits,-268.0,18
train_v2_status,start_total_in_courses,total_reg_credits,-267.5,3
train_v2_status,start_total_in_courses,total_reg_credits,-267.0,15
train_v2_status,start_total_in_courses,total_reg_credits,-266.5,5
train_v2_status,start_total_in_courses,total_reg_credits,-266.0,13
train_v2_status,start_total_in_courses,total_reg_credits,-265.5,6
train_v2_status,start_total_in_courses,total_reg_credits,-265.0,13
train_v2_status,start_total_in_courses,total_reg_credits,-264.5,4
train_v2_status,start_total_in_courses,total_reg_credits,-264.0,9
train_v2_status,start_total_in_courses,total_reg_credits,-263.5,6
train_v2_status,start_total_in_courses,total_reg_credits,-263.0,20
train_v2_status,start_total_in_courses,total_reg_credits,-262.5,4
train_v2_status,start_total_in_courses,total_reg_credits,-262.0,15
train_v2_status,start_total_in_courses,total_reg_credits,-261.0,12
train_v2_status,start_total_in_courses,total_reg_credits,-260.5,3
train_v2_status,start_total_in_courses,total_reg_credits,-260.0,17
train_v2_status,start_total_in_courses,total_reg_credits,-259.5,4
train_v2_status,start_total_in_courses,total_reg_credits,-259.0,8
train_v2_status,start_total_in_courses,total_reg_credits,-258.5,2
train_v2_status,start_total_in_courses,total_reg_credits,-258.0,17
train_v2_status,start_total_in_courses,total_reg_credits,-257.5,5
train_v2_status,start_total_in_courses,total_reg_credits,-257.0,18
train_v2_status,start_total_in_courses,total_reg_credits,-256.5,2
train_v2_status,start_total_in_courses,total_reg_credits,-256.0,17
train_v2_status,start_total_in_courses,total_reg_credits,-255.5,6
train_v2_status,start_total_in_courses,total_reg_credits,-255.0,12
train_v2_status,start_total_in_courses,total_reg_credits,-254.0,17
train_v2_status,start_total_in_courses,total_reg_credits,-253.5,5
train_v2_status,start_total_in_courses,total_reg_credits,-253.0,20
train_v2_status,start_total_in_courses,total_reg_credits,-252.5,7
train_v2_status,start_total_in_courses,total_reg_credits,-252.0,13
train_v2_status,start_total_in_courses,total_reg_credits,-251.5,5
train_v2_status,start_total_in_courses,total_reg_credits,-251.0,17
train_v2_status,start_total_in_courses,total_reg_credits,-250.5,11
train_v2_status,start_total_in_courses,total_reg_credits,-250.0,18
train_v2_status,start_total_in_courses,total_reg_credits,-249.5,2
train_v2_status,start_total_in_courses,total_reg_credits,-249.0,18
train_v2_status,start_total_in_courses,total_reg_credits,-248.5,6
train_v2_status,start_total_in_courses,total_reg_credits,-248.0,12
train_v2_status,start_total_in_courses,total_reg_credits,-247.5,8
train_v2_status,start_total_in_courses,total_reg_credits,-247.0,22
train_v2_status,start_total_in_courses,total_reg_credits,-246.5,3
train_v2_status,start_total_in_courses,total_reg_credits,-246.0,20
train_v2_status,start_total_in_courses,total_reg_credits,-245.5,7
train_v2_status,start_total_in_courses,total_reg_credits,-245.0,25
train_v2_status,start_total_in_courses,total_reg_credits,-244.5,9
train_v2_status,start_total_in_courses,total_reg_credits,-244.0,20
train_v2_status,start_total_in_courses,total_reg_credits,-243.5,6
train_v2_status,start_total_in_courses,total_reg_credits,-243.0,19
train_v2_status,start_total_in_courses,total_reg_credits,-242.5,11
train_v2_status,start_total_in_courses,total_reg_credits,-242.0,24
train_v2_status,start_total_in_courses,total_reg_credits,-241.5,6
train_v2_status,start_total_in_courses,total_reg_credits,-241.0,19
train_v2_status,start_total_in_courses,total_reg_credits,-240.5,7
train_v2_status,start_total_in_courses,total_reg_credits,-240.0,29
train_v2_status,start_total_in_courses,total_reg_credits,-239.5,6
train_v2_status,start_total_in_courses,total_reg_credits,-239.0,18
train_v2_status,start_total_in_courses,total_reg_credits,-238.5,8
train_v2_status,start_total_in_courses,total_reg_credits,-238.0,25
train_v2_status,start_total_in_courses,total_reg_credits,-237.5,10
train_v2_status,start_total_in_courses,total_reg_credits,-237.0,22
train_v2_status,start_total_in_courses,total_reg_credits,-236.5,6
train_v2_status,start_total_in_courses,total_reg_credits,-236.0,23
train_v2_status,start_total_in_courses,total_reg_credits,-235.5,13
train_v2_status,start_total_in_courses,total_reg_credits,-235.0,25
train_v2_status,start_total_in_courses,total_reg_credits,-234.5,5
train_v2_status,start_total_in_courses,total_reg_credits,-234.0,23
train_v2_status,start_total_in_courses,total_reg_credits,-233.5,5
train_v2_status,start_total_in_courses,total_reg_credits,-233.0,30
train_v2_status,start_total_in_courses,total_reg_credits,-232.5,5
train_v2_status,start_total_in_courses,total_reg_credits,-232.0,19
train_v2_status,start_total_in_courses,total_reg_credits,-231.5,9
train_v2_status,start_total_in_courses,total_reg_credits,-231.0,27
train_v2_status,start_total_in_courses,total_reg_credits,-230.5,10
train_v2_status,start_total_in_courses,total_reg_credits,-230.0,21
train_v2_status,start_total_in_courses,total_reg_credits,-229.5,7
train_v2_status,start_total_in_courses,total_reg_credits,-229.0,34
train_v2_status,start_total_in_courses,total_reg_credits,-228.5,9
train_v2_status,start_total_in_courses,total_reg_credits,-228.0,28
train_v2_status,start_total_in_courses,total_reg_credits,-227.5,8
train_v2_status,start_total_in_courses,total_reg_credits,-227.0,41
train_v2_status,start_total_in_courses,total_reg_credits,-226.5,12
train_v2_status,start_total_in_courses,total_reg_credits,-226.0,33
train_v2_status,start_total_in_courses,total_reg_credits,-225.5,11
train_v2_status,start_total_in_courses,total_reg_credits,-225.0,31
train_v2_status,start_total_in_courses,total_reg_credits,-224.5,9
train_v2_status,start_total_in_courses,total_reg_credits,-224.0,32
train_v2_status,start_total_in_courses,total_reg_credits,-223.5,4
train_v2_status,start_total_in_courses,total_reg_credits,-223.0,34
train_v2_status,start_total_in_courses,total_reg_credits,-222.5,4
train_v2_status,start_total_in_courses,total_reg_credits,-222.0,30
train_v2_status,start_total_in_courses,total_reg_credits,-221.5,8
train_v2_status,start_total_in_courses,total_reg_credits,-221.0,38
train_v2_status,start_total_in_courses,total_reg_credits,-220.5,14
train_v2_status,start_total_in_courses,total_reg_credits,-220.0,34
train_v2_status,start_total_in_courses,total_reg_credits,-219.5,4
train_v2_status,start_total_in_courses,total_reg_credits,-219.0,36
train_v2_status,start_total_in_courses,total_reg_credits,-218.5,7
train_v2_status,start_total_in_courses,total_reg_credits,-218.0,39
train_v2_status,start_total_in_courses,total_reg_credits,-217.5,11
train_v2_status,start_total_in_courses,total_reg_credits,-217.0,33
train_v2_status,start_total_in_courses,total_reg_credits,-216.5,13
train_v2_status,start_total_in_courses,total_reg_credits,-216.0,28
train_v2_status,start_total_in_courses,total_reg_credits,-215.5,5
train_v2_status,start_total_in_courses,total_reg_credits,-215.0,40
train_v2_status,start_total_in_courses,total_reg_credits,-214.5,10
train_v2_status,start_total_in_courses,total_reg_credits,-214.0,47
train_v2_status,start_total_in_courses,total_reg_credits,-213.5,11
train_v2_status,start_total_in_courses,total_reg_credits,-213.0,32
train_v2_status,start_total_in_courses,total_reg_credits,-212.5,8
train_v2_status,start_total_in_courses,total_reg_credits,-212.0,32
train_v2_status,start_total_in_courses,total_reg_credits,-211.5,8
train_v2_status,start_total_in_courses,total_reg_credits,-211.0,39
train_v2_status,start_total_in_courses,total_reg_credits,-210.5,7
train_v2_status,start_total_in_courses,total_reg_credits,-210.0,42
train_v2_status,start_total_in_courses,total_reg_credits,-209.5,9
train_v2_status,start_total_in_courses,total_reg_credits,-209.0,47
train_v2_status,start_total_in_courses,total_reg_credits,-208.5,11
train_v2_status,start_total_in_courses,total_reg_credits,-208.0,52
train_v2_status,start_total_in_courses,total_reg_credits,-207.5,9
train_v2_status,start_total_in_courses,total_reg_credits,-207.0,37
train_v2_status,start_total_in_courses,total_reg_credits,-206.5,10
train_v2_status,start_total_in_courses,total_reg_credits,-206.0,42
train_v2_status,start_total_in_courses,total_reg_credits,-205.5,13
train_v2_status,start_total_in_courses,total_reg_credits,-205.0,52
train_v2_status,start_total_in_courses,total_reg_credits,-204.5,7
train_v2_status,start_total_in_courses,total_reg_credits,-204.0,54
train_v2_status,start_total_in_courses,total_reg_credits,-203.5,5
train_v2_status,start_total_in_courses,total_reg_credits,-203.0,45
train_v2_status,start_total_in_courses,total_reg_credits,-202.5,11
train_v2_status,start_total_in_courses,total_reg_credits,-202.0,59
train_v2_status,start_total_in_courses,total_reg_credits,-201.5,6
train_v2_status,start_total_in_courses,total_reg_credits,-201.0,43
train_v2_status,start_total_in_courses,total_reg_credits,-200.5,12
train_v2_status,start_total_in_courses,total_reg_credits,-200.0,48
train_v2_status,start_total_in_courses,total_reg_credits,-199.5,13
train_v2_status,start_total_in_courses,total_reg_credits,-199.0,67
train_v2_status,start_total_in_courses,total_reg_credits,-198.5,7
train_v2_status,start_total_in_courses,total_reg_credits,-198.0,62
train_v2_status,start_total_in_courses,total_reg_credits,-197.5,10
train_v2_status,start_total_in_courses,total_reg_credits,-197.0,61
train_v2_status,start_total_in_courses,total_reg_credits,-196.5,11
train_v2_status,start_total_in_courses,total_reg_credits,-196.0,68
train_v2_status,start_total_in_courses,total_reg_credits,-195.5,9
train_v2_status,start_total_in_courses,total_reg_credits,-195.0,55
train_v2_status,start_total_in_courses,total_reg_credits,-194.5,8
train_v2_status,start_total_in_courses,total_reg_credits,-194.0,61
train_v2_status,start_total_in_courses,total_reg_credits,-193.5,11
train_v2_status,start_total_in_courses,total_reg_credits,-193.0,63
train_v2_status,start_total_in_courses,total_reg_credits,-192.5,16
train_v2_status,start_total_in_courses,total_reg_credits,-192.0,60
train_v2_status,start_total_in_courses,total_reg_credits,-191.5,7
train_v2_status,start_total_in_courses,total_reg_credits,-191.0,61
train_v2_status,start_total_in_courses,total_reg_credits,-190.5,9
train_v2_status,start_total_in_courses,total_reg_credits,-190.0,83
train_v2_status,start_total_in_courses,total_reg_credits,-189.5,10
train_v2_status,start_total_in_courses,total_reg_credits,-189.0,100
train_v2_status,start_total_in_courses,total_reg_credits,-188.5,7
train_v2_status,start_total_in_courses,total_reg_credits,-188.0,51
train_v2_status,start_total_in_courses,total_reg_credits,-187.5,8
train_v2_status,start_total_in_courses,total_reg_credits,-187.0,110
train_v2_status,start_total_in_courses,total_reg_credits,-186.5,3
train_v2_status,start_total_in_courses,total_reg_credits,-186.0,76
train_v2_status,start_total_in_courses,total_reg_credits,-185.5,16
train_v2_status,start_total_in_courses,total_reg_credits,-185.0,83
train_v2_status,start_total_in_courses,total_reg_credits,-184.5,13
train_v2_status,start_total_in_courses,total_reg_credits,-184.0,58
train_v2_status,start_total_in_courses,total_reg_credits,-183.5,16
train_v2_status,start_total_in_courses,total_reg_credits,-183.0,72
train_v2_status,start_total_in_courses,total_reg_credits,-182.5,17
train_v2_status,start_total_in_courses,total_reg_credits,-182.0,88
train_v2_status,start_total_in_courses,total_reg_credits,-181.5,15
train_v2_status,start_total_in_courses,total_reg_credits,-181.0,73
train_v2_status,start_total_in_courses,total_reg_credits,-180.5,12
train_v2_status,start_total_in_courses,total_reg_credits,-180.0,92
train_v2_status,start_total_in_courses,total_reg_credits,-179.5,8
train_v2_status,start_total_in_courses,total_reg_credits,-179.0,89
train_v2_status,start_total_in_courses,total_reg_credits,-178.5,12
train_v2_status,start_total_in_courses,total_reg_credits,-178.0,75
train_v2_status,start_total_in_courses,total_reg_credits,-177.5,14
train_v2_status,start_total_in_courses,total_reg_credits,-177.0,69
train_v2_status,start_total_in_courses,total_reg_credits,-176.5,16
train_v2_status,start_total_in_courses,total_reg_credits,-176.0,84
train_v2_status,start_total_in_courses,total_reg_credits,-175.5,11
train_v2_status,start_total_in_courses,total_reg_credits,-175.0,111
train_v2_status,start_total_in_courses,total_reg_credits,-174.5,14
train_v2_status,start_total_in_courses,total_reg_credits,-174.0,82
train_v2_status,start_total_in_courses,total_reg_credits,-173.5,14
train_v2_status,start_total_in_courses,total_reg_credits,-173.0,81
train_v2_status,start_total_in_courses,total_reg_credits,-172.5,23
train_v2_status,start_total_in_courses,total_reg_credits,-172.0,93
train_v2_status,start_total_in_courses,total_reg_credits,-171.5,6
train_v2_status,start_total_in_courses,total_reg_credits,-171.0,102
train_v2_status,start_total_in_courses,total_reg_credits,-170.5,13
train_v2_status,start_total_in_courses,total_reg_credits,-170.0,88
train_v2_status,start_total_in_courses,total_reg_credits,-169.5,16
train_v2_status,start_total_in_courses,total_reg_credits,-169.0,96
train_v2_status,start_total_in_courses,total_reg_credits,-168.5,9
train_v2_status,start_total_in_courses,total_reg_credits,-168.0,93
train_v2_status,start_total_in_courses,total_reg_credits,-167.5,15
train_v2_status,start_total_in_courses,total_reg_credits,-167.0,92
train_v2_status,start_total_in_courses,total_reg_credits,-166.5,10
train_v2_status,start_total_in_courses,total_reg_credits,-166.0,103
train_v2_status,start_total_in_courses,total_reg_credits,-165.5,18
train_v2_status,start_total_in_courses,total_reg_credits,-165.0,123
train_v2_status,start_total_in_courses,total_reg_credits,-164.5,10
train_v2_status,start_total_in_courses,total_reg_credits,-164.0,127
train_v2_status,start_total_in_courses,total_reg_credits,-163.5,19
train_v2_status,start_total_in_courses,total_reg_credits,-163.0,115
train_v2_status,start_total_in_courses,total_reg_credits,-162.5,8
train_v2_status,start_total_in_courses,total_reg_credits,-162.0,111
train_v2_status,start_total_in_courses,total_reg_credits,-161.5,25
train_v2_status,start_total_in_courses,total_reg_credits,-161.0,119
train_v2_status,start_total_in_courses,total_reg_credits,-160.5,10
train_v2_status,start_total_in_courses,total_reg_credits,-160.0,126
train_v2_status,start_total_in_courses,total_reg_credits,-159.5,23
train_v2_status,start_total_in_courses,total_reg_credits,-159.0,118
train_v2_status,start_total_in_courses,total_reg_credits,-158.5,17
train_v2_status,start_total_in_courses,total_reg_credits,-158.0,118
train_v2_status,start_total_in_courses,total_reg_credits,-157.5,23
train_v2_status,start_total_in_courses,total_reg_credits,-157.0,107
train_v2_status,start_total_in_courses,total_reg_credits,-156.5,19
train_v2_status,start_total_in_courses,total_reg_credits,-156.0,102
train_v2_status,start_total_in_courses,total_reg_credits,-155.5,13
train_v2_status,start_total_in_courses,total_reg_credits,-155.0,108
train_v2_status,start_total_in_courses,total_reg_credits,-154.5,18
train_v2_status,start_total_in_courses,total_reg_credits,-154.0,117
train_v2_status,start_total_in_courses,total_reg_credits,-153.5,18
train_v2_status,start_total_in_courses,total_reg_credits,-153.0,112
train_v2_status,start_total_in_courses,total_reg_credits,-152.5,23
train_v2_status,start_total_in_courses,total_reg_credits,-152.0,116
train_v2_status,start_total_in_courses,total_reg_credits,-151.5,18
train_v2_status,start_total_in_courses,total_reg_credits,-151.0,115
train_v2_status,start_total_in_courses,total_reg_credits,-150.5,28
train_v2_status,start_total_in_courses,total_reg_credits,-150.0,107
train_v2_status,start_total_in_courses,total_reg_credits,-149.5,21
train_v2_status,start_total_in_courses,total_reg_credits,-149.0,136
train_v2_status,start_total_in_courses,total_reg_credits,-148.5,22
train_v2_status,start_total_in_courses,total_reg_credits,-148.0,122
train_v2_status,start_total_in_courses,total_reg_credits,-147.5,17
train_v2_status,start_total_in_courses,total_reg_credits,-147.0,125
train_v2_status,start_total_in_courses,total_reg_credits,-146.5,25
train_v2_status,start_total_in_courses,total_reg_credits,-146.0,154
train_v2_status,start_total_in_courses,total_reg_credits,-145.5,24
train_v2_status,start_total_in_courses,total_reg_credits,-145.0,141
train_v2_status,start_total_in_courses,total_reg_credits,-144.5,20
train_v2_status,start_total_in_courses,total_reg_credits,-144.0,155
train_v2_status,start_total_in_courses,total_reg_credits,-143.5,15
train_v2_status,start_total_in_courses,total_reg_credits,-143.0,156
train_v2_status,start_total_in_courses,total_reg_credits,-142.5,18
train_v2_status,start_total_in_courses,total_reg_credits,-142.0,139
train_v2_status,start_total_in_courses,total_reg_credits,-141.5,23
train_v2_status,start_total_in_courses,total_reg_credits,-141.0,156
train_v2_status,start_total_in_courses,total_reg_credits,-140.5,18
train_v2_status,start_total_in_courses,total_reg_credits,-140.0,164
train_v2_status,start_total_in_courses,total_reg_credits,-139.5,24
train_v2_status,start_total_in_courses,total_reg_credits,-139.0,169
train_v2_status,start_total_in_courses,total_reg_credits,-138.5,26
train_v2_status,start_total_in_courses,total_reg_credits,-138.0,153
train_v2_status,start_total_in_courses,total_reg_credits,-137.5,28
train_v2_status,start_total_in_courses,total_reg_credits,-137.0,152
train_v2_status,start_total_in_courses,total_reg_credits,-136.5,20
train_v2_status,start_total_in_courses,total_reg_credits,-136.0,164
train_v2_status,start_total_in_courses,total_reg_credits,-135.5,13
train_v2_status,start_total_in_courses,total_reg_credits,-135.0,186
train_v2_status,start_total_in_courses,total_reg_credits,-134.5,25
train_v2_status,start_total_in_courses,total_reg_credits,-134.0,176
train_v2_status,start_total_in_courses,total_reg_credits,-133.5,28
train_v2_status,start_total_in_courses,total_reg_credits,-133.0,192
train_v2_status,start_total_in_courses,total_reg_credits,-132.5,13
train_v2_status,start_total_in_courses,total_reg_credits,-132.0,164
train_v2_status,start_total_in_courses,total_reg_credits,-131.5,31
train_v2_status,start_total_in_courses,total_reg_credits,-131.0,207
train_v2_status,start_total_in_courses,total_reg_credits,-130.5,19
train_v2_status,start_total_in_courses,total_reg_credits,-130.0,204
train_v2_status,start_total_in_courses,total_reg_credits,-129.5,18
train_v2_status,start_total_in_courses,total_reg_credits,-129.0,171
train_v2_status,start_total_in_courses,total_reg_credits,-128.5,23
train_v2_status,start_total_in_courses,total_reg_credits,-128.0,201
train_v2_status,start_total_in_courses,total_reg_credits,-127.5,16
train_v2_status,start_total_in_courses,total_reg_credits,-127.0,222
train_v2_status,start_total_in_courses,total_reg_credits,-126.5,16
train_v2_status,start_total_in_courses,total_reg_credits,-126.0,208
train_v2_status,start_total_in_courses,total_reg_credits,-125.5,20
train_v2_status,start_total_in_courses,total_reg_credits,-125.0,216
train_v2_status,start_total_in_courses,total_reg_credits,-124.5,27
train_v2_status,start_total_in_courses,total_reg_credits,-124.0,239
train_v2_status,start_total_in_courses,total_reg_credits,-123.5,11
train_v2_status,start_total_in_courses,total_reg_credits,-123.0,234
train_v2_status,start_total_in_courses,total_reg_credits,-122.5,16
train_v2_status,start_total_in_courses,total_reg_credits,-122.0,221
train_v2_status,start_total_in_courses,total_reg_credits,-121.5,19
train_v2_status,start_total_in_courses,total_reg_credits,-121.0,253
train_v2_status,start_total_in_courses,total_reg_credits,-120.5,22
train_v2_status,start_total_in_courses,total_reg_credits,-120.0,235
train_v2_status,start_total_in_courses,total_reg_credits,-119.5,9
train_v2_status,start_total_in_courses,total_reg_credits,-119.0,236
train_v2_status,start_total_in_courses,total_reg_credits,-118.5,14
train_v2_status,start_total_in_courses,total_reg_credits,-118.0,232
train_v2_status,start_total_in_courses,total_reg_credits,-117.5,6
train_v2_status,start_total_in_courses,total_reg_credits,-117.0,244
train_v2_status,start_total_in_courses,total_reg_credits,-116.5,9
train_v2_status,start_total_in_courses,total_reg_credits,-116.0,238
train_v2_status,start_total_in_courses,total_reg_credits,-115.5,20
train_v2_status,start_total_in_courses,total_reg_credits,-115.0,245
train_v2_status,start_total_in_courses,total_reg_credits,-114.5,16
train_v2_status,start_total_in_courses,total_reg_credits,-114.0,265
train_v2_status,start_total_in_courses,total_reg_credits,-113.5,9
train_v2_status,start_total_in_courses,total_reg_credits,-113.0,261
train_v2_status,start_total_in_courses,total_reg_credits,-112.5,14
train_v2_status,start_total_in_courses,total_reg_credits,-112.0,263
train_v2_status,start_total_in_courses,total_reg_credits,-111.5,15
train_v2_status,start_total_in_courses,total_reg_credits,-111.0,268
train_v2_status,start_total_in_courses,total_reg_credits,-110.5,14
train_v2_status,start_total_in_courses,total_reg_credits,-110.0,291
train_v2_status,start_total_in_courses,total_reg_credits,-109.5,12
train_v2_status,start_total_in_courses,total_reg_credits,-109.0,311
train_v2_status,start_total_in_courses,total_reg_credits,-108.5,11
train_v2_status,start_total_in_courses,total_reg_credits,-108.0,327
train_v2_status,start_total_in_courses,total_reg_credits,-107.5,14
train_v2_status,start_total_in_courses,total_reg_credits,-107.0,338
train_v2_status,start_total_in_courses,total_reg_credits,-106.5,16
train_v2_status,start_total_in_courses,total_reg_credits,-106.0,338
train_v2_status,start_total_in_courses,total_reg_credits,-105.5,15
train_v2_status,start_total_in_courses,total_reg_credits,-105.0,351
train_v2_status,start_total_in_courses,total_reg_credits,-104.5,17
train_v2_status,start_total_in_courses,total_reg_credits,-104.0,332
train_v2_status,start_total_in_courses,total_reg_credits,-103.5,14
train_v2_status,start_total_in_courses,total_reg_credits,-103.0,362
train_v2_status,start_total_in_courses,total_reg_credits,-102.5,13
train_v2_status,start_total_in_courses,total_reg_credits,-102.0,357
train_v2_status,start_total_in_courses,total_reg_credits,-101.5,18
train_v2_status,start_total_in_courses,total_reg_credits,-101.0,389
train_v2_status,start_total_in_courses,total_reg_credits,-100.5,13
train_v2_status,start_total_in_courses,total_reg_credits,-100.0,379
train_v2_status,start_total_in_courses,total_reg_credits,-99.5,13
train_v2_status,start_total_in_courses,total_reg_credits,-99.0,404
train_v2_status,start_total_in_courses,total_reg_credits,-98.5,12
train_v2_status,start_total_in_courses,total_reg_credits,-98.0,373
train_v2_status,start_total_in_courses,total_reg_credits,-97.5,22
train_v2_status,start_total_in_courses,total_reg_credits,-97.0,395
train_v2_status,start_total_in_courses,total_reg_credits,-96.5,14
train_v2_status,start_total_in_courses,total_reg_credits,-96.0,362
train_v2_status,start_total_in_courses,total_reg_credits,-95.5,10
train_v2_status,start_total_in_courses,total_reg_credits,-95.0,391
train_v2_status,start_total_in_courses,total_reg_credits,-94.5,9
train_v2_status,start_total_in_courses,total_reg_credits,-94.0,423
train_v2_status,start_total_in_courses,total_reg_credits,-93.5,13
train_v2_status,start_total_in_courses,total_reg_credits,-93.0,382
train_v2_status,start_total_in_courses,total_reg_credits,-92.5,14
train_v2_status,start_total_in_courses,total_reg_credits,-92.0,386
train_v2_status,start_total_in_courses,total_reg_credits,-91.5,11
train_v2_status,start_total_in_courses,total_reg_credits,-91.0,428
train_v2_status,start_total_in_courses,total_reg_credits,-90.5,12
train_v2_status,start_total_in_courses,total_reg_credits,-90.0,381
train_v2_status,start_total_in_courses,total_reg_credits,-89.5,10
train_v2_status,start_total_in_courses,total_reg_credits,-89.0,439
train_v2_status,start_total_in_courses,total_reg_credits,-88.5,12
train_v2_status,start_total_in_courses,total_reg_credits,-88.0,448
train_v2_status,start_total_in_courses,total_reg_credits,-87.5,4
train_v2_status,start_total_in_courses,total_reg_credits,-87.0,468
train_v2_status,start_total_in_courses,total_reg_credits,-86.5,3
train_v2_status,start_total_in_courses,total_reg_credits,-86.0,468
train_v2_status,start_total_in_courses,total_reg_credits,-85.5,5
train_v2_status,start_total_in_courses,total_reg_credits,-85.0,448
train_v2_status,start_total_in_courses,total_reg_credits,-84.5,9
train_v2_status,start_total_in_courses,total_reg_credits,-84.0,436
train_v2_status,start_total_in_courses,total_reg_credits,-83.5,3
train_v2_status,start_total_in_courses,total_reg_credits,-83.0,450
train_v2_status,start_total_in_courses,total_reg_credits,-82.5,3
train_v2_status,start_total_in_courses,total_reg_credits,-82.0,483
train_v2_status,start_total_in_courses,total_reg_credits,-81.5,7
train_v2_status,start_total_in_courses,total_reg_credits,-81.0,468
train_v2_status,start_total_in_courses,total_reg_credits,-80.5,9
train_v2_status,start_total_in_courses,total_reg_credits,-80.0,482
train_v2_status,start_total_in_courses,total_reg_credits,-79.5,5
train_v2_status,start_total_in_courses,total_reg_credits,-79.0,424
train_v2_status,start_total_in_courses,total_reg_credits,-78.5,2
train_v2_status,start_total_in_courses,total_reg_credits,-78.0,444
train_v2_status,start_total_in_courses,total_reg_credits,-77.5,3
train_v2_status,start_total_in_courses,total_reg_credits,-77.0,436
train_v2_status,start_total_in_courses,total_reg_credits,-76.5,4
train_v2_status,start_total_in_courses,total_reg_credits,-76.0,446
train_v2_status,start_total_in_courses,total_reg_credits,-75.0,473
train_v2_status,start_total_in_courses,total_reg_credits,-74.5,4
train_v2_status,start_total_in_courses,total_reg_credits,-74.0,405
train_v2_status,start_total_in_courses,total_reg_credits,-73.5,1
train_v2_status,start_total_in_courses,total_reg_credits,-73.0,429
train_v2_status,start_total_in_courses,total_reg_credits,-72.5,5
train_v2_status,start_total_in_courses,total_reg_credits,-72.0,477
train_v2_status,start_total_in_courses,total_reg_credits,-71.5,5
train_v2_status,start_total_in_courses,total_reg_credits,-71.0,468
train_v2_status,start_total_in_courses,total_reg_credits,-70.5,1
train_v2_status,start_total_in_courses,total_reg_credits,-70.0,464
train_v2_status,start_total_in_courses,total_reg_credits,-69.5,3
train_v2_status,start_total_in_courses,total_reg_credits,-69.0,497
train_v2_status,start_total_in_courses,total_reg_credits,-68.5,1
train_v2_status,start_total_in_courses,total_reg_credits,-68.0,454
train_v2_status,start_total_in_courses,total_reg_credits,-67.5,1
train_v2_status,start_total_in_courses,total_reg_credits,-67.0,462
train_v2_status,start_total_in_courses,total_reg_credits,-66.5,1
train_v2_status,start_total_in_courses,total_reg_credits,-66.0,499
train_v2_status,start_total_in_courses,total_reg_credits,-65.5,2
train_v2_status,start_total_in_courses,total_reg_credits,-65.0,496
train_v2_status,start_total_in_courses,total_reg_credits,-64.5,1
train_v2_status,start_total_in_courses,total_reg_credits,-64.0,514
train_v2_status,start_total_in_courses,total_reg_credits,-63.5,1
train_v2_status,start_total_in_courses,total_reg_credits,-63.0,494
train_v2_status,start_total_in_courses,total_reg_credits,-62.5,1
train_v2_status,start_total_in_courses,total_reg_credits,-62.0,469
train_v2_status,start_total_in_courses,total_reg_credits,-61.0,502
train_v2_status,start_total_in_courses,total_reg_credits,-60.0,480
train_v2_status,start_total_in_courses,total_reg_credits,-59.5,1
train_v2_status,start_total_in_courses,total_reg_credits,-59.0,497
train_v2_status,start_total_in_courses,total_reg_credits,-58.5,1
train_v2_status,start_total_in_courses,total_reg_credits,-58.0,529
train_v2_status,start_total_in_courses,total_reg_credits,-57.0,526
train_v2_status,start_total_in_courses,total_reg_credits,-56.0,505
train_v2_status,start_total_in_courses,total_reg_credits,-55.0,552
train_v2_status,start_total_in_courses,total_reg_credits,-54.5,1
train_v2_status,start_total_in_courses,total_reg_credits,-54.0,526
train_v2_status,start_total_in_courses,total_reg_credits,-53.5,1
train_v2_status,start_total_in_courses,total_reg_credits,-53.0,488
train_v2_status,start_total_in_courses,total_reg_credits,-52.5,2
train_v2_status,start_total_in_courses,total_reg_credits,-52.0,508
train_v2_status,start_total_in_courses,total_reg_credits,-51.0,491
train_v2_status,start_total_in_courses,total_reg_credits,-50.5,1
train_v2_status,start_total_in_courses,total_reg_credits,-50.0,481
train_v2_status,start_total_in_courses,total_reg_credits,-49.5,2
train_v2_status,start_total_in_courses,total_reg_credits,-49.0,504
train_v2_status,start_total_in_courses,total_reg_credits,-48.0,480
train_v2_status,start_total_in_courses,total_reg_credits,-47.5,1
train_v2_status,start_total_in_courses,total_reg_credits,-47.0,492
train_v2_status,start_total_in_courses,total_reg_credits,-46.5,2
train_v2_status,start_total_in_courses,total_reg_credits,-46.0,525
train_v2_status,start_total_in_courses,total_reg_credits,-45.5,1
train_v2_status,start_total_in_courses,total_reg_credits,-45.0,575
train_v2_status,start_total_in_courses,total_reg_credits,-44.5,1
train_v2_status,start_total_in_courses,total_reg_credits,-44.0,571
train_v2_status,start_total_in_courses,total_reg_credits,-43.0,613
train_v2_status,start_total_in_courses,total_reg_credits,-42.0,599
train_v2_status,start_total_in_courses,total_reg_credits,-41.0,568
train_v2_status,start_total_in_courses,total_reg_credits,-40.0,523
train_v2_status,start_total_in_courses,total_reg_credits,-39.0,477
train_v2_status,start_total_in_courses,total_reg_credits,-38.0,448
train_v2_status,start_total_in_courses,total_reg_credits,-37.0,447
train_v2_status,start_total_in_courses,total_reg_credits,-36.5,1
train_v2_status,start_total_in_courses,total_reg_credits,-36.0,450
train_v2_status,start_total_in_courses,total_reg_credits,-35.5,1
train_v2_status,start_total_in_courses,total_reg_credits,-35.0,465
train_v2_status,start_total_in_courses,total_reg_credits,-34.0,528
train_v2_status,start_total_in_courses,total_reg_credits,-33.0,501
train_v2_status,start_total_in_courses,total_reg_credits,-32.0,556
train_v2_status,start_total_in_courses,total_reg_credits,-31.5,2
train_v2_status,start_total_in_courses,total_reg_credits,-31.0,517
train_v2_status,start_total_in_courses,total_reg_credits,-30.0,560
train_v2_status,start_total_in_courses,total_reg_credits,-29.5,1
train_v2_status,start_total_in_courses,total_reg_credits,-29.0,542
train_v2_status,start_total_in_courses,total_reg_credits,-28.0,574
train_v2_status,start_total_in_courses,total_reg_credits,-27.5,1
train_v2_status,start_total_in_courses,total_reg_credits,-27.0,633
train_v2_status,start_total_in_courses,total_reg_credits,-26.0,650
train_v2_status,start_total_in_courses,total_reg_credits,-25.0,719
train_v2_status,start_total_in_courses,total_reg_credits,-24.0,784
train_v2_status,start_total_in_courses,total_reg_credits,-23.0,803
train_v2_status,start_total_in_courses,total_reg_credits,-22.0,815
train_v2_status,start_total_in_courses,total_reg_credits,-21.0,684
train_v2_status,start_total_in_courses,total_reg_credits,-20.0,618
train_v2_status,start_total_in_courses,total_reg_credits,-19.0,428
train_v2_status,start_total_in_courses,total_reg_credits,-18.5,1
train_v2_status,start_total_in_courses,total_reg_credits,-18.0,376
train_v2_status,start_total_in_courses,total_reg_credits,-17.0,379
train_v2_status,start_total_in_courses,total_reg_credits,-16.0,310
train_v2_status,start_total_in_courses,total_reg_credits,-15.0,412
train_v2_status,start_total_in_courses,total_reg_credits,-14.5,1
train_v2_status,start_total_in_courses,total_reg_credits,-14.0,524
train_v2_status,start_total_in_courses,total_reg_credits,-13.0,618
train_v2_status,start_total_in_courses,total_reg_credits,-12.5,1
train_v2_status,start_total_in_courses,total_reg_credits,-12.0,1012
train_v2_status,start_total_in_courses,total_reg_credits,-11.5,1
train_v2_status,start_total_in_courses,total_reg_credits,-11.0,1037
train_v2_status,start_total_in_courses,total_reg_credits,-10.0,983
train_v2_status,start_total_in_courses,total_reg_credits,-9.0,528
train_v2_status,start_total_in_courses,total_reg_credits,-8.0,249
train_v2_status,start_total_in_courses,total_reg_credits,-7.0,183
train_v2_status,start_total_in_courses,total_reg_credits,-6.5,1
train_v2_status,start_total_in_courses,total_reg_credits,-6.0,134
train_v2_status,start_total_in_courses,total_reg_credits,-5.0,129
train_v2_status,start_total_in_courses,total_reg_credits,-4.0,104
train_v2_status,start_total_in_courses,total_reg_credits,-3.0,95
train_v2_status,start_total_in_courses,total_reg_credits,-2.0,58
train_v2_status,start_total_in_courses,total_reg_credits,-1.0,45
train_v2_status,start_total_in_courses,total_reg_credits,0.0,6223
train_v2_status,start_total_in_courses,total_reg_credits,1.0,23
train_v2_status,start_total_in_courses,total_reg_credits,2.0,29
train_v2_status,start_total_in_courses,total_reg_credits,3.0,16
train_v2_status,start_total_in_courses,total_reg_credits,4.0,17
train_v2_status,start_total_in_courses,total_reg_credits,5.0,18
train_v2_status,start_total_in_courses,total_reg_credits,6.0,13
train_v2_status,start_total_in_courses,total_reg_credits,7.0,7
train_v2_status,start_total_in_courses,total_reg_credits,8.0,10
train_v2_status,start_total_in_courses,total_reg_credits,9.0,6
train_v2_status,start_total_in_courses,total_reg_credits,10.0,6
train_v2_status,start_total_in_courses,total_reg_credits,11.0,3
train_v2_status,start_total_in_courses,total_reg_credits,12.0,5
train_v2_status,start_total_in_courses,total_reg_credits,13.0,4
train_v2_status,start_total_in_courses,total_reg_credits,14.0,3
train_v2_status,start_total_in_courses,total_reg_credits,15.0,6
train_v2_status,start_total_in_courses,total_reg_credits,16.0,1
train_v2_status,start_total_in_courses,total_reg_credits,17.0,2
train_v2_status,start_total_in_courses,total_reg_credits,18.0,1
train_v2_status,start_total_in_courses,total_reg_credits,20.0,1
train_v2_status,start_total_in_courses,total_reg_credits,21.0,1
train_v2_status,start_total_in_courses,total_reg_credits,22.0,2
train_v2_status,start_total_in_courses,total_reg_credits,23.0,1
train_v2_status,start_total_in_courses,total_reg_credits,24.0,1
train_v2_status,start_total_in_courses,total_reg_courses,-115.0,1
train_v2_status,start_total_in_courses,total_reg_courses,-105.0,1
train_v2_status,start_total_in_courses,total_reg_courses,-100.0,1
train_v2_status,start_total_in_courses,total_reg_courses,-99.0,1
train_v2_status,start_total_in_courses,total_reg_courses,-98.0,4
train_v2_status,start_total_in_courses,total_reg_courses,-97.0,1
train_v2_status,start_total_in_courses,total_reg_courses,-96.0,1
train_v2_status,start_total_in_courses,total_reg_courses,-94.0,3
train_v2_status,start_total_in_courses,total_reg_courses,-93.0,3
train_v2_status,start_total_in_courses,total_reg_courses,-92.0,3
train_v2_status,start_total_in_courses,total_reg_courses,-91.0,7
train_v2_status,start_total_in_courses,total_reg_courses,-90.0,5
train_v2_status,start_total_in_courses,total_reg_courses,-89.0,5
train_v2_status,start_total_in_courses,total_reg_courses,-88.0,4
train_v2_status,start_total_in_courses,total_reg_courses,-87.0,9
train_v2_status,start_total_in_courses,total_reg_courses,-86.0,3
train_v2_status,start_total_in_courses,total_reg_courses,-85.0,5
train_v2_status,start_total_in_courses,total_reg_courses,-84.0,6
train_v2_status,start_total_in_courses,total_reg_courses,-83.0,3
train_v2_status,start_total_in_courses,total_reg_courses,-82.0,4
train_v2_status,start_total_in_courses,total_reg_courses,-81.0,3
train_v2_status,start_total_in_courses,total_reg_courses,-80.0,5
train_v2_status,start_total_in_courses,total_reg_courses,-79.0,10
train_v2_status,start_total_in_courses,total_reg_courses,-78.0,5
train_v2_status,start_total_in_courses,total_reg_courses,-77.0,9
train_v2_status,start_total_in_courses,total_reg_courses,-76.0,10
train_v2_status,start_total_in_courses,total_reg_courses,-75.0,13
train_v2_status,start_total_in_courses,total_reg_courses,-74.0,8
train_v2_status,start_total_in_courses,total_reg_courses,-73.0,21
train_v2_status,start_total_in_courses,total_reg_courses,-72.0,23
train_v2_status,start_total_in_courses,total_reg_courses,-71.0,22
train_v2_status,start_total_in_courses,total_reg_courses,-70.0,23
train_v2_status,start_total_in_courses,total_reg_courses,-69.0,21
train_v2_status,start_total_in_courses,total_reg_courses,-68.0,26
train_v2_status,start_total_in_courses,total_reg_courses,-67.0,30
train_v2_status,start_total_in_courses,total_reg_courses,-66.0,39
train_v2_status,start_total_in_courses,total_reg_courses,-65.0,30
train_v2_status,start_total_in_courses,total_reg_courses,-64.0,27
train_v2_status,start_total_in_courses,total_reg_courses,-63.0,28
train_v2_status,start_total_in_courses,total_reg_courses,-62.0,48
train_v2_status,start_total_in_courses,total_reg_courses,-61.0,48
train_v2_status,start_total_in_courses,total_reg_courses,-60.0,48
train_v2_status,start_total_in_courses,total_reg_courses,-59.0,45
train_v2_status,start_total_in_courses,total_reg_courses,-58.0,44
train_v2_status,start_total_in_courses,total_reg_courses,-57.0,49
train_v2_status,start_total_in_courses,total_reg_courses,-56.0,56
train_v2_status,start_total_in_courses,total_reg_courses,-55.0,46
train_v2_status,start_total_in_courses,total_reg_courses,-54.0,61
train_v2_status,start_total_in_courses,total_reg_courses,-53.0,80
train_v2_status,start_total_in_courses,total_reg_courses,-52.0,64
train_v2_status,start_total_in_courses,total_reg_courses,-51.0,70
train_v2_status,start_total_in_courses,total_reg_courses,-50.0,86
train_v2_status,start_total_in_courses,total_reg_courses,-49.0,86
train_v2_status,start_total_in_courses,total_reg_courses,-48.0,95
train_v2_status,start_total_in_courses,total_reg_courses,-47.0,95
train_v2_status,start_total_in_courses,total_reg_courses,-46.0,126
train_v2_status,start_total_in_courses,total_reg_courses,-45.0,115
train_v2_status,start_total_in_courses,total_reg_courses,-44.0,115
train_v2_status,start_total_in_courses,total_reg_courses,-43.0,133
train_v2_status,start_total_in_courses,total_reg_courses,-42.0,113
train_v2_status,start_total_in_courses,total_reg_courses,-41.0,127
train_v2_status,start_total_in_courses,total_reg_courses,-40.0,132
train_v2_status,start_total_in_courses,total_reg_courses,-39.0,154
train_v2_status,start_total_in_courses,total_reg_courses,-38.0,135
train_v2_status,start_total_in_courses,total_reg_courses,-37.0,172
train_v2_status,start_total_in_courses,total_reg_courses,-36.0,167
train_v2_status,start_total_in_courses,total_reg_courses,-35.0,211
train_v2_status,start_total_in_courses,total_reg_courses,-34.0,214
train_v2_status,start_total_in_courses,total_reg_courses,-33.0,201
train_v2_status,start_total_in_courses,total_reg_courses,-32.0,202
train_v2_status,start_total_in_courses,total_reg_courses,-31.0,241
train_v2_status,start_total_in_courses,total_reg_courses,-30.0,270
train_v2_status,start_total_in_courses,total_reg_courses,-29.0,283
train_v2_status,start_total_in_courses,total_reg_courses,-28.0,324
train_v2_status,start_total_in_courses,total_reg_courses,-27.0,298
train_v2_status,start_total_in_courses,total_reg_courses,-26.0,397
train_v2_status,start_total_in_courses,total_reg_courses,-25.0,389
train_v2_status,start_total_in_courses,total_reg_courses,-24.0,427
train_v2_status,start_total_in_courses,total_reg_courses,-23.0,479
train_v2_status,start_total_in_courses,total_reg_courses,-22.0,532
train_v2_status,start_total_in_courses,total_reg_courses,-21.0,540
train_v2_status,start_total_in_courses,total_reg_courses,-20.0,608
train_v2_status,start_total_in_courses,total_reg_courses,-19.0,712
train_v2_status,start_total_in_courses,total_reg_courses,-18.0,829
train_v2_status,start_total_in_courses,total_reg_courses,-17.0,849
train_v2_status,start_total_in_courses,total_reg_courses,-16.0,914
train_v2_status,start_total_in_courses,total_reg_courses,-15.0,975
train_v2_status,start_total_in_courses,total_reg_courses,-14.0,1037
train_v2_status,start_total_in_courses,total_reg_courses,-13.0,1125
train_v2_status,start_total_in_courses,total_reg_courses,-12.0,1320
train_v2_status,start_total_in_courses,total_reg_courses,-11.0,1450
train_v2_status,start_total_in_courses,total_reg_courses,-10.0,1545
train_v2_status,start_total_in_courses,total_reg_courses,-9.0,1837
train_v2_status,start_total_in_courses,total_reg_courses,-8.0,2230
train_v2_status,start_total_in_courses,total_reg_courses,-7.0,2289
train_v2_status,start_total_in_courses,total_reg_courses,-6.0,2722
train_v2_status,start_total_in_courses,total_reg_courses,-5.0,3108
train_v2_status,start_total_in_courses,total_reg_courses,-4.0,3688
train_v2_status,start_total_in_courses,total_reg_courses,-3.0,3809
train_v2_status,start_total_in_courses,total_reg_courses,-2.0,4346
train_v2_status,start_total_in_courses,total_reg_courses,-1.0,6578
train_v2_status,start_total_in_courses,total_reg_courses,0.0,18735
train_v2_status,start_total_in_courses,total_reg_courses,1.0,493
train_v2_status,start_total_in_courses,total_reg_courses,2.0,559
train_v2_status,start_total_in_courses,total_reg_courses,3.0,790
train_v2_status,start_total_in_courses,total_reg_courses,4.0,825
train_v2_status,start_total_in_courses,total_reg_courses,5.0,727
train_v2_status,start_total_in_courses,total_reg_courses,6.0,750
train_v2_status,start_total_in_courses,total_reg_courses,7.0,734
train_v2_status,start_total_in_courses,total_reg_courses,8.0,275
train_v2_status,start_total_in_courses,total_reg_courses,9.0,276
train_v2_status,start_total_in_courses,total_reg_courses,10.0,177
train_v2_status,start_total_in_courses,total_reg_courses,11.0,117
train_v2_status,start_total_in_courses,total_reg_courses,12.0,116
train_v2_status,start_total_in_courses,total_reg_courses,13.0,92
train_v2_status,start_total_in_courses,total_reg_courses,14.0,41
train_v2_status,start_total_in_courses,total_reg_courses,15.0,56
train_v2_status,start_total_in_courses,total_reg_courses,16.0,47
train_v2_status,start_total_in_courses,total_reg_courses,17.0,51
train_v2_status,start_total_in_courses,total_reg_courses,18.0,33
train_v2_status,start_total_in_courses,total_reg_courses,19.0,36
train_v2_status,start_total_in_courses,total_reg_courses,20.0,47
train_v2_status,start_total_in_courses,total_reg_courses,21.0,33
train_v2_status,start_total_in_courses,total_reg_courses,22.0,6
train_v2_status,start_total_in_courses,total_reg_courses,23.0,21
train_v2_status,start_total_in_courses,total_reg_courses,24.0,22
train_v2_status,start_total_in_courses,total_reg_courses,25.0,14
train_v2_status,start_total_in_courses,total_reg_courses,26.0,19
train_v2_status,start_total_in_courses,total_reg_courses,27.0,11
train_v2_status,start_total_in_courses,total_reg_courses,28.0,9
train_v2_status,start_total_in_courses,total_reg_courses,29.0,11
train_v2_status,start_total_in_courses,total_reg_courses,30.0,18
train_v2_status,start_total_in_courses,total_reg_courses,32.0,16
train_v2_status,start_total_in_courses,total_reg_courses,33.0,3
train_v2_status,start_total_in_courses,total_reg_courses,35.0,4
train_v2_status,total_reg_credits,total_reg_courses,0.0,6186
train_v2_status,total_reg_credits,total_reg_courses,1.0,2
train_v2_status,total_reg_credits,total_reg_courses,2.0,4
train_v2_status,total_reg_credits,total_reg_courses,4.0,2
train_v2_status,total_reg_credits,total_reg_courses,5.0,5
train_v2_status,total_reg_credits,total_reg_courses,6.0,24
train_v2_status,total_reg_credits,total_reg_courses,7.0,306
train_v2_status,total_reg_credits,total_reg_courses,8.0,439
train_v2_status,total_reg_credits,total_reg_courses,9.0,973
train_v2_status,total_reg_credits,total_reg_courses,10.0,1468
train_v2_status,total_reg_credits,total_reg_courses,11.0,1218
train_v2_status,total_reg_credits,total_reg_courses,12.0,1163
train_v2_status,total_reg_credits,total_reg_courses,13.0,285
train_v2_status,total_reg_credits,total_reg_courses,14.0,361
train_v2_status,total_reg_credits,total_reg_courses,15.0,151
train_v2_status,total_reg_credits,total_reg_courses,16.0,322
train_v2_status,total_reg_credits,total_reg_courses,17.0,429
train_v2_status,total_reg_credits,total_reg_courses,18.0,608
train_v2_status,total_reg_credits,total_reg_courses,19.0,654
train_v2_status,total_reg_credits,total_reg_courses,20.0,910
train_v2_status,total_reg_credits,total_reg_courses,21.0,873
train_v2_status,total_reg_credits,total_reg_courses,22.0,1030
train_v2_status,total_reg_credits,total_reg_courses,23.0,834
train_v2_status,total_reg_credits,total_reg_courses,24.0,709
train_v2_status,total_reg_credits,total_reg_courses,25.0,640
train_v2_status,total_reg_credits,total_reg_courses,26.0,636
train_v2_status,total_reg_credits,total_reg_courses,27.0,530
train_v2_status,total_reg_credits,total_reg_courses,28.0,530
train_v2_status,total_reg_credits,total_reg_courses,29.0,522
train_v2_status,total_reg_credits,total_reg_courses,30.0,594
train_v2_status,total_reg_credits,total_reg_courses,31.0,575
train_v2_status,total_reg_credits,total_reg_courses,32.0,576
train_v2_status,total_reg_credits,total_reg_courses,33.0,613
train_v2_status,total_reg_credits,total_reg_courses,34.0,562
train_v2_status,total_reg_credits,total_reg_courses,35.0,488
train_v2_status,total_reg_credits,total_reg_courses,36.0,510
train_v2_status,total_reg_credits,total_reg_courses,36.5,2
train_v2_status,total_reg_credits,total_reg_courses,37.0,449
train_v2_status,total_reg_credits,total_reg_courses,38.0,501
train_v2_status,total_reg_credits,total_reg_courses,39.0,520
train_v2_status,total_reg_credits,total_reg_courses,40.0,539
train_v2_status,total_reg_credits,total_reg_courses,41.0,599
train_v2_status,total_reg_credits,total_reg_courses,41.5,2
train_v2_status,total_reg_credits,total_reg_courses,42.0,659
train_v2_status,total_reg_credits,total_reg_courses,42.5,1
train_v2_status,total_reg_credits,total_reg_courses,43.0,668
train_v2_status,total_reg_credits,total_reg_courses,44.0,702
train_v2_status,total_reg_credits,total_reg_courses,45.0,666
train_v2_status,total_reg_credits,total_reg_courses,46.0,587
train_v2_status,total_reg_credits,total_reg_courses,47.0,563
train_v2_status,total_reg_credits,total_reg_courses,47.5,1
train_v2_status,total_reg_credits,total_reg_courses,48.0,527
train_v2_status,total_reg_credits,total_reg_courses,48.5,2
train_v2_status,total_reg_credits,total_reg_courses,49.0,510
train_v2_status,total_reg_credits,total_reg_courses,50.0,476
train_v2_status,total_reg_credits,total_reg_courses,51.0,508
train_v2_status,total_reg_credits,total_reg_courses,52.0,513
train_v2_status,total_reg_credits,total_reg_courses,53.0,502
train_v2_status,total_reg_credits,total_reg_courses,54.0,503
train_v2_status,total_reg_credits,total_reg_courses,55.0,517
train_v2_status,total_reg_credits,total_reg_courses,56.0,528
train_v2_status,total_reg_credits,total_reg_courses,57.0,542
train_v2_status,total_reg_credits,total_reg_courses,58.0,521
train_v2_status,total_reg_credits,total_reg_courses,58.5,1
train_v2_status,total_reg_credits,total_reg_courses,59.0,515
train_v2_status,total_reg_credits,total_reg_courses,59.5,1
train_v2_status,total_reg_credits,total_reg_courses,60.0,544
train_v2_status,total_reg_credits,total_reg_courses,60.5,3
train_v2_status,total_reg_credits,total_reg_courses,61.0,573
train_v2_status,total_reg_credits,total_reg_courses,61.5,1
train_v2_status,total_reg_credits,total_reg_courses,62.0,532
train_v2_status,total_reg_credits,total_reg_courses,62.5,3
train_v2_status,total_reg_credits,total_reg_courses,63.0,536
train_v2_status,total_reg_credits,total_reg_courses,64.0,562
train_v2_status,total_reg_credits,total_reg_courses,65.0,536
train_v2_status,total_reg_credits,total_reg_courses,65.5,3
train_v2_status,total_reg_credits,total_reg_courses,66.0,545
train_v2_status,total_reg_credits,total_reg_courses,66.5,2
train_v2_status,total_reg_credits,total_reg_courses,67.0,546
train_v2_status,total_reg_credits,total_reg_courses,67.5,2
train_v2_status,total_reg_credits,total_reg_courses,68.0,503
train_v2_status,total_reg_credits,total_reg_courses,69.0,503
train_v2_status,total_reg_credits,total_reg_courses,69.5,2
train_v2_status,total_reg_credits,total_reg_courses,70.0,499
train_v2_status,total_reg_credits,total_reg_courses,70.5,3
train_v2_status,total_reg_credits,total_reg_courses,71.0,487
train_v2_status,total_reg_credits,total_reg_courses,71.5,1
train_v2_status,total_reg_credits,total_reg_courses,72.0,462
train_v2_status,total_reg_credits,total_reg_courses,73.0,489
train_v2_status,total_reg_credits,total_reg_courses,73.5,1
train_v2_status,total_reg_credits,total_reg_courses,74.0,513
train_v2_status,total_reg_credits,total_reg_courses,74.5,2
train_v2_status,total_reg_credits,total_reg_courses,75.0,465
train_v2_status,total_reg_credits,total_reg_courses,75.5,3
train_v2_status,total_reg_credits,total_reg_courses,76.0,461
train_v2_status,total_reg_credits,total_reg_courses,76.5,2
train_v2_status,total_reg_credits,total_reg_courses,77.0,472
train_v2_status,total_reg_credits,total_reg_courses,77.5,2
train_v2_status,total_reg_credits,total_reg_courses,78.0,483
train_v2_status,total_reg_credits,total_reg_courses,78.5,5
train_v2_status,total_reg_credits,total_reg_courses,79.0,437
train_v2_status,total_reg_credits,total_reg_courses,79.5,9
train_v2_status,total_reg_credits,total_reg_courses,80.0,501
train_v2_status,total_reg_credits,total_reg_courses,80.5,2
train_v2_status,total_reg_credits,total_reg_courses,81.0,466
train_v2_status,total_reg_credits,total_reg_courses,81.5,1
train_v2_status,total_reg_credits,total_reg_courses,82.0,459
train_v2_status,total_reg_credits,total_reg_courses,82.5,6
train_v2_status,total_reg_credits,total_reg_courses,83.0,436
train_v2_status,total_reg_credits,total_reg_courses,83.5,4
train_v2_status,total_reg_credits,total_reg_courses,84.0,511
train_v2_status,total_reg_credits,total_reg_courses,84.5,11
train_v2_status,total_reg_credits,total_reg_courses,85.0,506
train_v2_status,total_reg_credits,total_reg_courses,85.5,12
train_v2_status,total_reg_credits,total_reg_courses,86.0,476
train_v2_status,total_reg_credits,total_reg_courses,86.5,9
train_v2_status,total_reg_credits,total_reg_courses,87.0,490
train_v2_status,total_reg_credits,total_reg_courses,87.5,11
train_v2_status,total_reg_credits,total_reg_courses,88.0,457
train_v2_status,total_reg_credits,total_reg_courses,88.5,11
train_v2_status,total_reg_credits,total_reg_courses,89.0,493
train_v2_status,total_reg_credits,total_reg_courses,89.5,10
train_v2_status,total_reg_credits,total_reg_courses,90.0,442
train_v2_status,total_reg_credits,total_reg_courses,90.5,12
train_v2_status,total_reg_credits,total_reg_courses,91.0,433
train_v2_status,total_reg_credits,total_reg_courses,91.5,11
train_v2_status,total_reg_credits,total_reg_courses,92.0,430
train_v2_status,total_reg_credits,total_reg_courses,92.5,9
train_v2_status,total_reg_credits,total_reg_courses,93.0,439
train_v2_status,total_reg_credits,total_reg_courses,93.5,17
train_v2_status,total_reg_credits,total_reg_courses,94.0,408
train_v2_status,total_reg_credits,total_reg_courses,94.5,12
train_v2_status,total_reg_credits,total_reg_courses,95.0,428
train_v2_status,total_reg_credits,total_reg_courses,95.5,13
train_v2_status,total_reg_credits,total_reg_courses,96.0,410
train_v2_status,total_reg_credits,total_reg_courses,96.5,13
train_v2_status,total_reg_credits,total_reg_courses,97.0,406
train_v2_status,total_reg_credits,total_reg_courses,97.5,13
train_v2_status,total_reg_credits,total_reg_courses,98.0,399
train_v2_status,total_reg_credits,total_reg_courses,98.5,12
train_v2_status,total_reg_credits,total_reg_courses,99.0,377
train_v2_status,total_reg_credits,total_reg_courses,99.5,13
train_v2_status,total_reg_credits,total_reg_courses,100.0,399
train_v2_status,total_reg_credits,total_reg_courses,100.5,15
train_v2_status,total_reg_credits,total_reg_courses,101.0,358
train_v2_status,total_reg_credits,total_reg_courses,101.5,11
train_v2_status,total_reg_credits,total_reg_courses,102.0,320
train_v2_status,total_reg_credits,total_reg_courses,102.5,16
train_v2_status,total_reg_credits,total_reg_courses,103.0,374
train_v2_status,total_reg_credits,total_reg_courses,103.5,25
train_v2_status,total_reg_credits,total_reg_courses,104.0,403
train_v2_status,total_reg_credits,total_reg_courses,104.5,16
train_v2_status,total_reg_credits,total_reg_courses,105.0,373
train_v2_status,total_reg_credits,total_reg_courses,105.5,20
train_v2_status,total_reg_credits,total_reg_courses,106.0,349
train_v2_status,total_reg_credits,total_reg_courses,106.5,13
train_v2_status,total_reg_credits,total_reg_courses,107.0,315
train_v2_status,total_reg_credits,total_reg_courses,107.5,16
train_v2_status,total_reg_credits,total_reg_courses,108.0,347
train_v2_status,total_reg_credits,total_reg_courses,108.5,24
train_v2_status,total_reg_credits,total_reg_courses,109.0,296
train_v2_status,total_reg_credits,total_reg_courses,109.5,15
train_v2_status,total_reg_credits,total_reg_courses,110.0,282
train_v2_status,total_reg_credits,total_reg_courses,110.5,21
train_v2_status,total_reg_credits,total_reg_courses,111.0,254
train_v2_status,total_reg_credits,total_reg_courses,111.5,20
train_v2_status,total_reg_credits,total_reg_courses,112.0,274
train_v2_status,total_reg_credits,total_reg_courses,112.5,12
train_v2_status,total_reg_credits,total_reg_courses,113.0,223
train_v2_status,total_reg_credits,total_reg_courses,113.5,15
train_v2_status,total_reg_credits,total_reg_courses,114.0,279
train_v2_status,total_reg_credits,total_reg_courses,114.5,13
train_v2_status,total_reg_credits,total_reg_courses,115.0,227
train_v2_status,total_reg_credits,total_reg_courses,115.5,16
train_v2_status,total_reg_credits,total_reg_courses,116.0,251
train_v2_status,total_reg_credits,total_reg_courses,116.5,9
train_v2_status,total_reg_credits,total_reg_courses,117.0,242
train_v2_status,total_reg_credits,total_reg_courses,117.5,9
train_v2_status,total_reg_credits,total_reg_courses,118.0,229
train_v2_status,total_reg_credits,total_reg_courses,118.5,17
train_v2_status,total_reg_credits,total_reg_courses,119.0,230
train_v2_status,total_reg_credits,total_reg_courses,119.5,18
train_v2_status,total_reg_credits,total_reg_courses,120.0,259
train_v2_status,total_reg_credits,total_reg_courses,120.5,10
train_v2_status,total_reg_credits,total_reg_courses,121.0,223
train_v2_status,total_reg_credits,total_reg_courses,121.5,19
train_v2_status,total_reg_credits,total_reg_courses,122.0,214
train_v2_status,total_reg_credits,total_reg_courses,122.5,20
train_v2_status,total_reg_credits,total_reg_courses,123.0,230
train_v2_status,total_reg_credits,total_reg_courses,123.5,22
train_v2_status,total_reg_credits,total_reg_courses,124.0,220
train_v2_status,total_reg_credits,total_reg_courses,124.5,21
train_v2_status,total_reg_credits,total_reg_courses,125.0,205
train_v2_status,total_reg_credits,total_reg_courses,125.5,20
train_v2_status,total_reg_credits,total_reg_courses,126.0,180
train_v2_status,total_reg_credits,total_reg_courses,126.5,28
train_v2_status,total_reg_credits,total_reg_courses,127.0,195
train_v2_status,total_reg_credits,total_reg_courses,127.5,31
train_v2_status,total_reg_credits,total_reg_courses,128.0,177
train_v2_status,total_reg_credits,total_reg_courses,128.5,28
train_v2_status,total_reg_credits,total_reg_courses,129.0,198
train_v2_status,total_reg_credits,total_reg_courses,129.5,26
train_v2_status,total_reg_credits,total_reg_courses,130.0,160
train_v2_status,total_reg_credits,total_reg_courses,130.5,29
train_v2_status,total_reg_credits,total_reg_courses,131.0,176
train_v2_status,total_reg_credits,total_reg_courses,131.5,19
train_v2_status,total_reg_credits,total_reg_courses,132.0,155
train_v2_status,total_reg_credits,total_reg_courses,132.5,26
train_v2_status,total_reg_credits,total_reg_courses,133.0,130
train_v2_status,total_reg_credits,total_reg_courses,133.5,29
train_v2_status,total_reg_credits,total_reg_courses,134.0,140
train_v2_status,total_reg_credits,total_reg_courses,134.5,21
train_v2_status,total_reg_credits,total_reg_courses,135.0,138
train_v2_status,total_reg_credits,total_reg_courses,135.5,20
train_v2_status,total_reg_credits,total_reg_courses,136.0,132
train_v2_status,total_reg_credits,total_reg_courses,136.5,32
train_v2_status,total_reg_credits,total_reg_courses,137.0,116
train_v2_status,total_reg_credits,total_reg_courses,137.5,20
train_v2_status,total_reg_credits,total_reg_courses,138.0,133
train_v2_status,total_reg_credits,total_reg_courses,138.5,16
train_v2_status,total_reg_credits,total_reg_courses,139.0,125
train_v2_status,total_reg_credits,total_reg_courses,139.5,24
train_v2_status,total_reg_credits,total_reg_courses,140.0,137
train_v2_status,total_reg_credits,total_reg_courses,140.5,16
train_v2_status,total_reg_credits,total_reg_courses,141.0,112
train_v2_status,total_reg_credits,total_reg_courses,141.5,26
train_v2_status,total_reg_credits,total_reg_courses,142.0,126
train_v2_status,total_reg_credits,total_reg_courses,142.5,21
train_v2_status,total_reg_credits,total_reg_courses,143.0,118
train_v2_status,total_reg_credits,total_reg_courses,143.5,18
train_v2_status,total_reg_credits,total_reg_courses,144.0,138
train_v2_status,total_reg_credits,total_reg_courses,144.5,25
train_v2_status,total_reg_credits,total_reg_courses,145.0,106
train_v2_status,total_reg_credits,total_reg_courses,145.5,22
train_v2_status,total_reg_credits,total_reg_courses,146.0,119
train_v2_status,total_reg_credits,total_reg_courses,146.5,35
train_v2_status,total_reg_credits,total_reg_courses,147.0,115
train_v2_status,total_reg_credits,total_reg_courses,147.5,29
train_v2_status,total_reg_credits,total_reg_courses,148.0,95
train_v2_status,total_reg_credits,total_reg_courses,148.5,31
train_v2_status,total_reg_credits,total_reg_courses,149.0,93
train_v2_status,total_reg_credits,total_reg_courses,149.5,17
train_v2_status,total_reg_credits,total_reg_courses,150.0,95
train_v2_status,total_reg_credits,total_reg_courses,150.5,17
train_v2_status,total_reg_credits,total_reg_courses,151.0,99
train_v2_status,total_reg_credits,total_reg_courses,151.5,21
train_v2_status,total_reg_credits,total_reg_courses,152.0,78
train_v2_status,total_reg_credits,total_reg_courses,152.5,21
train_v2_status,total_reg_credits,total_reg_courses,153.0,96
train_v2_status,total_reg_credits,total_reg_courses,153.5,21
train_v2_status,total_reg_credits,total_reg_courses,154.0,81
train_v2_status,total_reg_credits,total_reg_courses,154.5,24
train_v2_status,total_reg_credits,total_reg_courses,155.0,83
train_v2_status,total_reg_credits,total_reg_courses,155.5,24
train_v2_status,total_reg_credits,total_reg_courses,156.0,75
train_v2_status,total_reg_credits,total_reg_courses,156.5,22
train_v2_status,total_reg_credits,total_reg_courses,157.0,97
train_v2_status,total_reg_credits,total_reg_courses,157.5,16
train_v2_status,total_reg_credits,total_reg_courses,158.0,86
train_v2_status,total_reg_credits,total_reg_courses,158.5,17
train_v2_status,total_reg_credits,total_reg_courses,159.0,92
train_v2_status,total_reg_credits,total_reg_courses,159.5,22
train_v2_status,total_reg_credits,total_reg_courses,160.0,93
train_v2_status,total_reg_credits,total_reg_courses,160.5,20
train_v2_status,total_reg_credits,total_reg_courses,161.0,107
train_v2_status,total_reg_credits,total_reg_courses,161.5,24
train_v2_status,total_reg_credits,total_reg_courses,162.0,116
train_v2_status,total_reg_credits,total_reg_courses,162.5,21
train_v2_status,total_reg_credits,total_reg_courses,163.0,103
train_v2_status,total_reg_credits,total_reg_courses,163.5,14
train_v2_status,total_reg_credits,total_reg_courses,164.0,68
train_v2_status,total_reg_credits,total_reg_courses,164.5,18
train_v2_status,total_reg_credits,total_reg_courses,165.0,83
train_v2_status,total_reg_credits,total_reg_courses,165.5,14
train_v2_status,total_reg_credits,total_reg_courses,166.0,91
train_v2_status,total_reg_credits,total_reg_courses,166.5,13
train_v2_status,total_reg_credits,total_reg_courses,167.0,67
train_v2_status,total_reg_credits,total_reg_courses,167.5,18
train_v2_status,total_reg_credits,total_reg_courses,168.0,76
train_v2_status,total_reg_credits,total_reg_courses,168.5,13
train_v2_status,total_reg_credits,total_reg_courses,169.0,85
train_v2_status,total_reg_credits,total_reg_courses,169.5,14
train_v2_status,total_reg_credits,total_reg_courses,170.0,75
train_v2_status,total_reg_credits,total_reg_courses,170.5,17
train_v2_status,total_reg_credits,total_reg_courses,171.0,85
train_v2_status,total_reg_credits,total_reg_courses,171.5,15
train_v2_status,total_reg_credits,total_reg_courses,172.0,87
train_v2_status,total_reg_credits,total_reg_courses,172.5,15
train_v2_status,total_reg_credits,total_reg_courses,173.0,66
train_v2_status,total_reg_credits,total_reg_courses,173.5,15
train_v2_status,total_reg_credits,total_reg_courses,174.0,56
train_v2_status,total_reg_credits,total_reg_courses,174.5,14
train_v2_status,total_reg_credits,total_reg_courses,175.0,71
train_v2_status,total_reg_credits,total_reg_courses,175.5,10
train_v2_status,total_reg_credits,total_reg_courses,176.0,61
train_v2_status,total_reg_credits,total_reg_courses,176.5,13
train_v2_status,total_reg_credits,total_reg_courses,177.0,41
train_v2_status,total_reg_credits,total_reg_courses,177.5,16
train_v2_status,total_reg_credits,total_reg_courses,178.0,102
train_v2_status,total_reg_credits,total_reg_courses,178.5,5
train_v2_status,total_reg_credits,total_reg_courses,179.0,65
train_v2_status,total_reg_credits,total_reg_courses,179.5,13
train_v2_status,total_reg_credits,total_reg_courses,180.0,88
train_v2_status,total_reg_credits,total_reg_courses,180.5,13
train_v2_status,total_reg_credits,total_reg_courses,181.0,67
train_v2_status,total_reg_credits,total_reg_courses,181.5,13
train_v2_status,total_reg_credits,total_reg_courses,182.0,64
train_v2_status,total_reg_credits,total_reg_courses,182.5,9
train_v2_status,total_reg_credits,total_reg_courses,183.0,60
train_v2_status,total_reg_credits,total_reg_courses,183.5,7
train_v2_status,total_reg_credits,total_reg_courses,184.0,56
train_v2_status,total_reg_credits,total_reg_courses,184.5,8
train_v2_status,total_reg_credits,total_reg_courses,185.0,44
train_v2_status,total_reg_credits,total_reg_courses,185.5,13
train_v2_status,total_reg_credits,total_reg_courses,186.0,52
train_v2_status,total_reg_credits,total_reg_courses,186.5,13
train_v2_status,total_reg_credits,total_reg_courses,187.0,56
train_v2_status,total_reg_credits,total_reg_courses,187.5,16
train_v2_status,total_reg_credits,total_reg_courses,188.0,47
train_v2_status,total_reg_credits,total_reg_courses,188.5,17
train_v2_status,total_reg_credits,total_reg_courses,189.0,44
train_v2_status,total_reg_credits,total_reg_courses,189.5,15
train_v2_status,total_reg_credits,total_reg_courses,190.0,38
train_v2_status,total_reg_credits,total_reg_courses,190.5,9
train_v2_status,total_reg_credits,total_reg_courses,191.0,49
train_v2_status,total_reg_credits,total_reg_courses,191.5,10
train_v2_status,total_reg_credits,total_reg_courses,192.0,40
train_v2_status,total_reg_credits,total_reg_courses,192.5,10
train_v2_status,total_reg_credits,total_reg_courses,193.0,27
train_v2_status,total_reg_credits,total_reg_courses,193.5,15
train_v2_status,total_reg_credits,total_reg_courses,194.0,42
train_v2_status,total_reg_credits,total_reg_courses,194.5,14
train_v2_status,total_reg_credits,total_reg_courses,195.0,26
train_v2_status,total_reg_credits,total_reg_courses,195.5,17
train_v2_status,total_reg_credits,total_reg_courses,196.0,33
train_v2_status,total_reg_credits,total_reg_courses,196.5,14
train_v2_status,total_reg_credits,total_reg_courses,197.0,26
train_v2_status,total_reg_credits,total_reg_courses,197.5,9
train_v2_status,total_reg_credits,total_reg_courses,198.0,27
train_v2_status,total_reg_credits,total_reg_courses,198.5,13
train_v2_status,total_reg_credits,total_reg_courses,199.0,30
train_v2_status,total_reg_credits,total_reg_courses,199.5,11
train_v2_status,total_reg_credits,total_reg_courses,200.0,30
train_v2_status,total_reg_credits,total_reg_courses,200.5,7
train_v2_status,total_reg_credits,total_reg_courses,201.0,23
train_v2_status,total_reg_credits,total_reg_courses,201.5,13
train_v2_status,total_reg_credits,total_reg_courses,202.0,27
train_v2_status,total_reg_credits,total_reg_courses,202.5,18
train_v2_status,total_reg_credits,total_reg_courses,203.0,26
train_v2_status,total_reg_credits,total_reg_courses,203.5,10
train_v2_status,total_reg_credits,total_reg_courses,204.0,21
train_v2_status,total_reg_credits,total_reg_courses,204.5,13
train_v2_status,total_reg_credits,total_reg_courses,205.0,30
train_v2_status,total_reg_credits,total_reg_courses,205.5,6
train_v2_status,total_reg_credits,total_reg_courses,206.0,24
train_v2_status,total_reg_credits,total_reg_courses,206.5,16
train_v2_status,total_reg_credits,total_reg_courses,207.0,22
train_v2_status,total_reg_credits,total_reg_courses,207.5,11
train_v2_status,total_reg_credits,total_reg_courses,208.0,27
train_v2_status,total_reg_credits,total_reg_courses,208.5,7
train_v2_status,total_reg_credits,total_reg_courses,209.0,19
train_v2_status,total_reg_credits,total_reg_courses,209.5,7
train_v2_status,total_reg_credits,total_reg_courses,210.0,25
train_v2_status,total_reg_credits,total_reg_courses,210.5,11
train_v2_status,total_reg_credits,total_reg_courses,211.0,26
train_v2_status,total_reg_credits,total_reg_courses,211.5,12
train_v2_status,total_reg_credits,total_reg_courses,212.0,13
train_v2_status,total_reg_credits,total_reg_courses,212.5,6
train_v2_status,total_reg_credits,total_reg_courses,213.0,25
train_v2_status,total_reg_credits,total_reg_courses,213.5,4
train_v2_status,total_reg_credits,total_reg_courses,214.0,14
train_v2_status,total_reg_credits,total_reg_courses,214.5,8
train_v2_status,total_reg_credits,total_reg_courses,215.0,20
train_v2_status,total_reg_credits,total_reg_courses,215.5,7
train_v2_status,total_reg_credits,total_reg_courses,216.0,12
train_v2_status,total_reg_credits,total_reg_courses,216.5,11
train_v2_status,total_reg_credits,total_reg_courses,217.0,22
train_v2_status,total_reg_credits,total_reg_courses,217.5,6
train_v2_status,total_reg_credits,total_reg_courses,218.0,17
train_v2_status,total_reg_credits,total_reg_courses,218.5,6
train_v2_status,total_reg_credits,total_reg_courses,219.0,17
train_v2_status,total_reg_credits,total_reg_courses,219.5,15
train_v2_status,total_reg_credits,total_reg_courses,220.0,15
train_v2_status,total_reg_credits,total_reg_courses,220.5,7
train_v2_status,total_reg_credits,total_reg_courses,221.0,20
train_v2_status,total_reg_credits,total_reg_courses,221.5,6
train_v2_status,total_reg_credits,total_reg_courses,222.0,12
train_v2_status,total_reg_credits,total_reg_courses,222.5,2
train_v2_status,total_reg_credits,total_reg_courses,223.0,15
train_v2_status,total_reg_credits,total_reg_courses,223.5,6
train_v2_status,total_reg_credits,total_reg_courses,224.0,21
train_v2_status,total_reg_credits,total_reg_courses,224.5,6
train_v2_status,total_reg_credits,total_reg_courses,225.0,14
train_v2_status,total_reg_credits,total_reg_courses,225.5,10
train_v2_status,total_reg_credits,total_reg_courses,226.0,14
train_v2_status,total_reg_credits,total_reg_courses,226.5,10
train_v2_status,total_reg_credits,total_reg_courses,227.0,14
train_v2_status,total_reg_credits,total_reg_courses,227.5,8
train_v2_status,total_reg_credits,total_reg_courses,228.0,14
train_v2_status,total_reg_credits,total_reg_courses,228.5,7
train_v2_status,total_reg_credits,total_reg_courses,229.0,12
train_v2_status,total_reg_credits,total_reg_courses,229.5,8
train_v2_status,total_reg_credits,total_reg_courses,230.0,9
train_v2_status,total_reg_credits,total_reg_courses,230.5,5
train_v2_status,total_reg_credits,total_reg_courses,231.0,15
train_v2_status,total_reg_credits,total_reg_courses,231.5,3
train_v2_status,total_reg_credits,total_reg_courses,232.0,10
train_v2_status,total_reg_credits,total_reg_courses,232.5,6
train_v2_status,total_reg_credits,total_reg_courses,233.0,11
train_v2_status,total_reg_credits,total_reg_courses,233.5,4
train_v2_status,total_reg_credits,total_reg_courses,234.0,14
train_v2_status,total_reg_credits,total_reg_courses,234.5,1
train_v2_status,total_reg_credits,total_reg_courses,235.0,9
train_v2_status,total_reg_credits,total_reg_courses,235.5,7
train_v2_status,total_reg_credits,total_reg_courses,236.0,8
train_v2_status,total_reg_credits,total_reg_courses,236.5,4
train_v2_status,total_reg_credits,total_reg_courses,237.0,11
train_v2_status,total_reg_credits,total_reg_courses,237.5,6
train_v2_status,total_reg_credits,total_reg_courses,238.0,8
train_v2_status,total_reg_credits,total_reg_courses,238.5,3
train_v2_status,total_reg_credits,total_reg_courses,239.0,7
train_v2_status,total_reg_credits,total_reg_courses,239.5,7
train_v2_status,total_reg_credits,total_reg_courses,240.0,9
train_v2_status,total_reg_credits,total_reg_courses,240.5,2
train_v2_status,total_reg_credits,total_reg_courses,241.0,11
train_v2_status,total_reg_credits,total_reg_courses,241.5,7
train_v2_status,total_reg_credits,total_reg_courses,242.0,6
train_v2_status,total_reg_credits,total_reg_courses,242.5,9
train_v2_status,total_reg_credits,total_reg_courses,243.0,13
train_v2_status,total_reg_credits,total_reg_courses,243.5,5
train_v2_status,total_reg_credits,total_reg_courses,244.0,3
train_v2_status,total_reg_credits,total_reg_courses,244.5,7
train_v2_status,total_reg_credits,total_reg_courses,245.0,9
train_v2_status,total_reg_credits,total_reg_courses,245.5,3
train_v2_status,total_reg_credits,total_reg_courses,246.0,13
train_v2_status,total_reg_credits,total_reg_courses,246.5,4
train_v2_status,total_reg_credits,total_reg_courses,247.0,4
train_v2_status,total_reg_credits,total_reg_courses,247.5,5
train_v2_status,total_reg_credits,total_reg_courses,248.0,8
train_v2_status,total_reg_credits,total_reg_courses,248.5,6
train_v2_status,total_reg_credits,total_reg_courses,249.0,9
train_v2_status,total_reg_credits,total_reg_courses,249.5,4
train_v2_status,total_reg_credits,total_reg_courses,250.0,1
train_v2_status,total_reg_credits,total_reg_courses,250.5,5
train_v2_status,total_reg_credits,total_reg_courses,251.0,9
train_v2_status,total_reg_credits,total_reg_courses,251.5,2
train_v2_status,total_reg_credits,total_reg_courses,252.0,3
train_v2_status,total_reg_credits,total_reg_courses,252.5,8
train_v2_status,total_reg_credits,total_reg_courses,253.0,8
train_v2_status,total_reg_credits,total_reg_courses,253.5,4
train_v2_status,total_reg_credits,total_reg_courses,254.0,7
train_v2_status,total_reg_credits,total_reg_courses,254.5,5
train_v2_status,total_reg_credits,total_reg_courses,255.0,3
train_v2_status,total_reg_credits,total_reg_courses,255.5,1
train_v2_status,total_reg_credits,total_reg_courses,256.0,8
train_v2_status,total_reg_credits,total_reg_courses,256.5,3
train_v2_status,total_reg_credits,total_reg_courses,257.0,7
train_v2_status,total_reg_credits,total_reg_courses,257.5,1
train_v2_status,total_reg_credits,total_reg_courses,258.0,6
train_v2_status,total_reg_credits,total_reg_courses,258.5,5
train_v2_status,total_reg_credits,total_reg_courses,259.0,5
train_v2_status,total_reg_credits,total_reg_courses,259.5,5
train_v2_status,total_reg_credits,total_reg_courses,260.0,6
train_v2_status,total_reg_credits,total_reg_courses,260.5,3
train_v2_status,total_reg_credits,total_reg_courses,261.0,2
train_v2_status,total_reg_credits,total_reg_courses,261.5,3
train_v2_status,total_reg_credits,total_reg_courses,262.0,4
train_v2_status,total_reg_credits,total_reg_courses,262.5,3
train_v2_status,total_reg_credits,total_reg_courses,263.0,2
train_v2_status,total_reg_credits,total_reg_courses,263.5,4
train_v2_status,total_reg_credits,total_reg_courses,264.0,3
train_v2_status,total_reg_credits,total_reg_courses,264.5,3
train_v2_status,total_reg_credits,total_reg_courses,265.0,4
train_v2_status,total_reg_credits,total_reg_courses,265.5,3
train_v2_status,total_reg_credits,total_reg_courses,266.0,3
train_v2_status,total_reg_credits,total_reg_courses,266.5,4
train_v2_status,total_reg_credits,total_reg_courses,267.5,2
train_v2_status,total_reg_credits,total_reg_courses,268.0,5
train_v2_status,total_reg_credits,total_reg_courses,268.5,1
train_v2_status,total_reg_credits,total_reg_courses,269.0,5
train_v2_status,total_reg_credits,total_reg_courses,269.5,3
train_v2_status,total_reg_credits,total_reg_courses,270.0,3
train_v2_status,total_reg_credits,total_reg_courses,270.5,4
train_v2_status,total_reg_credits,total_reg_courses,271.0,4
train_v2_status,total_reg_credits,total_reg_courses,271.5,3
train_v2_status,total_reg_credits,total_reg_courses,272.0,5
train_v2_status,total_reg_credits,total_reg_courses,272.5,1
train_v2_status,total_reg_credits,total_reg_courses,273.0,3
train_v2_status,total_reg_credits,total_reg_courses,273.5,4
train_v2_status,total_reg_credits,total_reg_courses,274.0,1
train_v2_status,total_reg_credits,total_reg_courses,274.5,3
train_v2_status,total_reg_credits,total_reg_courses,275.0,2
train_v2_status,total_reg_credits,total_reg_courses,275.5,4
train_v2_status,total_reg_credits,total_reg_courses,276.0,9
train_v2_status,total_reg_credits,total_reg_courses,276.5,6
train_v2_status,total_reg_credits,total_reg_courses,277.0,1
train_v2_status,total_reg_credits,total_reg_courses,277.5,3
train_v2_status,total_reg_credits,total_reg_courses,278.0,3
train_v2_status,total_reg_credits,total_reg_courses,279.0,2
train_v2_status,total_reg_credits,total_reg_courses,279.5,2
train_v2_status,total_reg_credits,total_reg_courses,280.0,1
train_v2_status,total_reg_credits,total_reg_courses,280.5,2
train_v2_status,total_reg_credits,total_reg_courses,281.0,2
train_v2_status,total_reg_credits,total_reg_courses,281.5,3
train_v2_status,total_reg_credits,total_reg_courses,282.0,1
train_v2_status,total_reg_credits,total_reg_courses,282.5,4
train_v2_status,total_reg_credits,total_reg_courses,283.0,3
train_v2_status,total_reg_credits,total_reg_courses,283.5,2
train_v2_status,total_reg_credits,total_reg_courses,284.0,3
train_v2_status,total_reg_credits,total_reg_courses,284.5,1
train_v2_status,total_reg_credits,total_reg_courses,285.0,4
train_v2_status,total_reg_credits,total_reg_courses,285.5,2
train_v2_status,total_reg_credits,total_reg_courses,286.0,2
train_v2_status,total_reg_credits,total_reg_courses,286.5,2
train_v2_status,total_reg_credits,total_reg_courses,287.0,2
train_v2_status,total_reg_credits,total_reg_courses,287.5,4
train_v2_status,total_reg_credits,total_reg_courses,288.0,1
train_v2_status,total_reg_credits,total_reg_courses,288.5,1
train_v2_status,total_reg_credits,total_reg_courses,289.0,1
train_v2_status,total_reg_credits,total_reg_courses,289.5,1
train_v2_status,total_reg_credits,total_reg_courses,290.0,1
train_v2_status,total_reg_credits,total_reg_courses,291.0,2
train_v2_status,total_reg_credits,total_reg_courses,292.0,2
train_v2_status,total_reg_credits,total_reg_courses,292.5,1
train_v2_status,total_reg_credits,total_reg_courses,293.0,3
train_v2_status,total_reg_credits,total_reg_courses,293.5,3
train_v2_status,total_reg_credits,total_reg_courses,294.0,3
train_v2_status,total_reg_credits,total_reg_courses,296.0,3
train_v2_status,total_reg_credits,total_reg_courses,296.5,2
train_v2_status,total_reg_credits,total_reg_courses,297.0,1
train_v2_status,total_reg_credits,total_reg_courses,297.5,1
train_v2_status,total_reg_credits,total_reg_courses,298.5,2
train_v2_status,total_reg_credits,total_reg_courses,299.0,3
train_v2_status,total_reg_credits,total_reg_courses,299.5,1
train_v2_status,total_reg_credits,total_reg_courses,300.0,2
train_v2_status,total_reg_credits,total_reg_courses,300.5,3
train_v2_status,total_reg_credits,total_reg_courses,301.0,4
train_v2_status,total_reg_credits,total_reg_courses,301.5,2
train_v2_status,total_reg_credits,total_reg_courses,302.0,2
train_v2_status,total_reg_credits,total_reg_courses,303.0,1
train_v2_status,total_reg_credits,total_reg_courses,303.5,2
train_v2_status,total_reg_credits,total_reg_courses,304.0,1
train_v2_status,total_reg_credits,total_reg_courses,304.5,2
train_v2_status,total_reg_credits,total_reg_courses,305.0,2
train_v2_status,total_reg_credits,total_reg_courses,305.5,4
train_v2_status,total_reg_credits,total_reg_courses,306.0,3
train_v2_status,total_reg_credits,total_reg_courses,307.5,2
train_v2_status,total_reg_credits,total_reg_courses,310.0,1
train_v2_status,total_reg_credits,total_reg_courses,311.0,1
train_v2_status,total_reg_credits,total_reg_courses,311.5,1
train_v2_status,total_reg_credits,total_reg_courses,312.0,2
train_v2_status,total_reg_credits,total_reg_courses,312.5,2
train_v2_status,total_reg_credits,total_reg_courses,315.0,2
train_v2_status,total_reg_credits,total_reg_courses,315.5,1
train_v2_status,total_reg_credits,total_reg_courses,316.5,1
train_v2_status,total_reg_credits,total_reg_courses,317.0,1
train_v2_status,total_reg_credits,total_reg_courses,317.5,1
train_v2_status,total_reg_credits,total_reg_courses,318.5,1
train_v2_status,total_reg_credits,total_reg_courses,320.0,1
train_v2_status,total_reg_credits,total_reg_courses,320.5,1
train_v2_status,total_reg_credits,total_reg_courses,321.0,1
train_v2_status,total_reg_credits,total_reg_courses,322.0,2
train_v2_status,total_reg_credits,total_reg_courses,324.0,1
train_v2_status,total_reg_credits,total_reg_courses,326.0,1
train_v2_status,total_reg_credits,total_reg_courses,326.5,1
train_v2_status,total_reg_credits,total_reg_courses,327.5,1
train_v2_status,total_reg_credits,total_reg_courses,328.0,1
train_v2_status,total_reg_credits,total_reg_courses,328.5,2
train_v2_status,total_reg_credits,total_reg_courses,329.5,2
train_v2_status,total_reg_credits,total_reg_courses,330.0,1
train_v2_status,total_reg_credits,total_reg_courses,336.5,1
train_v2_status,total_reg_credits,total_reg_courses,338.0,1
train_v2_status,total_reg_credits,total_reg_courses,344.0,1
train_v2_status,total_reg_credits,total_reg_courses,349.5,1
train_v2_status,total_reg_credits,total_reg_courses,359.5,1
train_v2_status,total_reg_credits,total_reg_courses,367.0,1
