dataset,group_by,group_value,group_rows,source,destination,valid,source_values,ambiguous_source_values,max_destination_values_per_source,rows_in_ambiguous_source_values,deterministic_on_observed_data
raw,year,2020,15817,start_total_in_credits,start_total_in_courses,15817,348,308,19,13594,False
raw,year,2020,15817,start_total_in_courses,start_total_in_credits,15817,82,81,65,13873,False
raw,year,2020,15817,start_total_in_credits,total_reg_credits,15817,348,326,106,15795,False
raw,year,2020,15817,total_reg_credits,start_total_in_credits,15817,625,449,53,13848,False
raw,year,2020,15817,start_total_in_credits,total_reg_courses,15817,348,325,54,15793,False
raw,year,2020,15817,total_reg_courses,start_total_in_credits,15817,179,151,111,13999,False
raw,year,2020,15817,start_total_in_courses,total_reg_credits,15817,82,82,147,15817,False
raw,year,2020,15817,total_reg_credits,start_total_in_courses,15817,625,445,40,13840,False
raw,year,2020,15817,start_total_in_courses,total_reg_courses,15817,82,82,66,15817,False
raw,year,2020,15817,total_reg_courses,start_total_in_courses,15817,179,151,47,13999,False
raw,year,2020,15817,total_reg_credits,total_reg_courses,15817,625,436,28,13820,False
raw,year,2020,15817,total_reg_courses,total_reg_credits,15817,179,149,76,13993,False
raw,year,2021,19623,start_total_in_credits,start_total_in_courses,19623,365,315,18,15181,False
raw,year,2021,19623,start_total_in_courses,start_total_in_credits,19623,82,80,63,15827,False
raw,year,2021,19623,start_total_in_credits,total_reg_credits,19623,365,335,137,19593,False
raw,year,2021,19623,total_reg_credits,start_total_in_credits,19623,690,497,52,15845,False
raw,year,2021,19623,start_total_in_credits,total_reg_courses,19623,365,335,60,19593,False
raw,year,2021,19623,total_reg_courses,start_total_in_credits,19623,181,158,104,16017,False
raw,year,2021,19623,start_total_in_courses,total_reg_credits,19623,82,82,185,19623,False
raw,year,2021,19623,total_reg_credits,start_total_in_courses,19623,690,492,42,15835,False
raw,year,2021,19623,start_total_in_courses,total_reg_courses,19623,82,82,72,19623,False
raw,year,2021,19623,total_reg_courses,start_total_in_courses,19623,181,158,50,16017,False
raw,year,2021,19623,total_reg_credits,total_reg_courses,19623,690,484,25,15817,False
raw,year,2021,19623,total_reg_courses,total_reg_credits,19623,181,156,71,16013,False
raw,year,2022,19415,start_total_in_credits,start_total_in_courses,19404,365,324,18,16468,False
raw,year,2022,19415,start_total_in_courses,start_total_in_credits,19404,82,81,62,17130,False
raw,year,2022,19415,start_total_in_credits,total_reg_credits,19404,365,344,129,19382,False
raw,year,2022,19415,total_reg_credits,start_total_in_credits,19404,715,562,54,17292,False
raw,year,2022,19415,start_total_in_credits,total_reg_courses,19404,365,345,63,19384,False
raw,year,2022,19415,total_reg_courses,start_total_in_credits,19404,181,154,112,17422,False
raw,year,2022,19415,start_total_in_courses,total_reg_credits,19404,82,82,204,19404,False
raw,year,2022,19415,total_reg_credits,start_total_in_courses,19404,715,560,39,17288,False
raw,year,2022,19415,start_total_in_courses,total_reg_courses,19404,82,82,72,19404,False
raw,year,2022,19415,total_reg_courses,start_total_in_courses,19404,181,153,45,17420,False
raw,year,2022,19415,total_reg_credits,total_reg_courses,19404,715,554,26,17271,False
raw,year,2022,19415,total_reg_courses,total_reg_credits,19404,181,153,72,17418,False
raw,year,2023,19425,start_total_in_credits,start_total_in_courses,19425,370,324,20,17312,False
raw,year,2023,19425,start_total_in_courses,start_total_in_credits,19425,82,80,64,17855,False
raw,year,2023,19425,start_total_in_credits,total_reg_credits,19425,370,347,169,19402,False
raw,year,2023,19425,total_reg_credits,start_total_in_credits,19425,725,573,58,17903,False
raw,year,2023,19425,start_total_in_credits,total_reg_courses,19425,370,347,66,19402,False
raw,year,2023,19425,total_reg_courses,start_total_in_credits,19425,187,155,119,18029,False
raw,year,2023,19425,start_total_in_courses,total_reg_credits,19425,82,82,225,19425,False
raw,year,2023,19425,total_reg_credits,start_total_in_courses,19425,725,568,41,17893,False
raw,year,2023,19425,start_total_in_courses,total_reg_courses,19425,82,82,79,19425,False
raw,year,2023,19425,total_reg_courses,start_total_in_courses,19425,187,155,50,18029,False
raw,year,2023,19425,total_reg_credits,total_reg_courses,19425,725,564,24,17886,False
raw,year,2023,19425,total_reg_courses,total_reg_credits,19425,187,155,74,18029,False
raw,year,2024,18461,start_total_in_credits,start_total_in_courses,18461,359,317,20,16449,False
raw,year,2024,18461,start_total_in_courses,start_total_in_credits,18461,82,81,64,16994,False
raw,year,2024,18461,start_total_in_credits,total_reg_credits,18461,359,339,145,18440,False
raw,year,2024,18461,total_reg_credits,start_total_in_credits,18461,725,564,58,16984,False
raw,year,2024,18461,start_total_in_credits,total_reg_courses,18461,359,339,65,18440,False
raw,year,2024,18461,total_reg_courses,start_total_in_credits,18461,187,157,126,17121,False
raw,year,2024,18461,start_total_in_courses,total_reg_credits,18461,82,82,204,18461,False
raw,year,2024,18461,total_reg_credits,start_total_in_courses,18461,725,557,43,16969,False
raw,year,2024,18461,start_total_in_courses,total_reg_courses,18461,82,82,72,18461,False
raw,year,2024,18461,total_reg_courses,start_total_in_courses,18461,187,157,49,17121,False
raw,year,2024,18461,total_reg_credits,total_reg_courses,18461,725,550,24,16952,False
raw,year,2024,18461,total_reg_courses,total_reg_credits,18461,187,158,76,17123,False
raw,degree_id,1.111,16081,start_total_in_credits,start_total_in_courses,16081,188,182,11,15336,False
raw,degree_id,1.111,16081,start_total_in_courses,start_total_in_credits,16081,82,81,19,15360,False
raw,degree_id,1.111,16081,start_total_in_credits,total_reg_credits,16081,188,186,80,16079,False
raw,degree_id,1.111,16081,total_reg_credits,start_total_in_credits,16081,407,361,53,15375,False
raw,degree_id,1.111,16081,start_total_in_credits,total_reg_courses,16081,188,186,56,16079,False
raw,degree_id,1.111,16081,total_reg_courses,start_total_in_credits,16081,194,173,81,15400,False
raw,degree_id,1.111,16081,start_total_in_courses,total_reg_credits,16081,82,82,114,16081,False
raw,degree_id,1.111,16081,total_reg_credits,start_total_in_courses,16081,407,361,40,15375,False
raw,degree_id,1.111,16081,start_total_in_courses,total_reg_courses,16081,82,82,72,16081,False
raw,degree_id,1.111,16081,total_reg_courses,start_total_in_courses,16081,194,173,53,15400,False
raw,degree_id,1.111,16081,total_reg_credits,total_reg_courses,16081,407,361,17,15375,False
raw,degree_id,1.111,16081,total_reg_courses,total_reg_credits,16081,194,173,34,15400,False
raw,degree_id,10.111,911,start_total_in_credits,start_total_in_courses,911,130,75,3,551,False
raw,degree_id,10.111,911,start_total_in_courses,start_total_in_credits,911,51,47,7,835,False
raw,degree_id,10.111,911,start_total_in_credits,total_reg_credits,911,130,116,12,825,False
raw,degree_id,10.111,911,total_reg_credits,start_total_in_credits,911,174,133,11,795,False
raw,degree_id,10.111,911,start_total_in_credits,total_reg_courses,911,130,118,11,829,False
raw,degree_id,10.111,911,total_reg_courses,start_total_in_credits,911,80,67,21,825,False
raw,degree_id,10.111,911,start_total_in_courses,total_reg_credits,911,51,48,23,838,False
raw,degree_id,10.111,911,total_reg_credits,start_total_in_courses,911,174,133,9,795,False
raw,degree_id,10.111,911,start_total_in_courses,total_reg_courses,911,51,48,16,838,False
raw,degree_id,10.111,911,total_reg_courses,start_total_in_courses,911,80,66,17,823,False
raw,degree_id,10.111,911,total_reg_credits,total_reg_courses,911,174,115,5,680,False
raw,degree_id,10.111,911,total_reg_courses,total_reg_credits,911,80,65,12,820,False
raw,degree_id,11.111,2508,start_total_in_credits,start_total_in_courses,2508,134,110,4,2019,False
raw,degree_id,11.111,2508,start_total_in_courses,start_total_in_credits,2508,51,50,9,2326,False
raw,degree_id,11.111,2508,start_total_in_credits,total_reg_credits,2508,134,134,25,2508,False
raw,degree_id,11.111,2508,total_reg_credits,start_total_in_credits,2508,205,167,21,2287,False
raw,degree_id,11.111,2508,start_total_in_credits,total_reg_courses,2508,134,134,20,2508,False
raw,degree_id,11.111,2508,total_reg_courses,start_total_in_credits,2508,95,72,45,2303,False
raw,degree_id,11.111,2508,start_total_in_courses,total_reg_credits,2508,51,51,42,2508,False
raw,degree_id,11.111,2508,total_reg_credits,start_total_in_courses,2508,205,166,16,2284,False
raw,degree_id,11.111,2508,start_total_in_courses,total_reg_courses,2508,51,51,27,2508,False
raw,degree_id,11.111,2508,total_reg_courses,start_total_in_courses,2508,95,72,25,2303,False
raw,degree_id,11.111,2508,total_reg_credits,total_reg_courses,2508,205,159,8,2162,False
raw,degree_id,11.111,2508,total_reg_courses,total_reg_credits,2508,95,72,17,2303,False
raw,degree_id,13.111,14614,start_total_in_credits,start_total_in_courses,14614,179,170,6,13865,False
raw,degree_id,13.111,14614,start_total_in_courses,start_total_in_credits,14614,70,69,16,13970,False
raw,degree_id,13.111,14614,start_total_in_credits,total_reg_credits,14614,179,178,143,14612,False
raw,degree_id,13.111,14614,total_reg_credits,start_total_in_credits,14614,409,365,56,13990,False
raw,degree_id,13.111,14614,start_total_in_credits,total_reg_courses,14614,179,178,76,14612,False
raw,degree_id,13.111,14614,total_reg_courses,start_total_in_credits,14614,170,149,90,14014,False
raw,degree_id,13.111,14614,start_total_in_courses,total_reg_credits,14614,70,70,158,14614,False
raw,degree_id,13.111,14614,total_reg_credits,start_total_in_courses,14614,409,364,37,13986,False
raw,degree_id,13.111,14614,start_total_in_courses,total_reg_courses,14614,70,70,78,14614,False
raw,degree_id,13.111,14614,total_reg_courses,start_total_in_courses,14614,170,148,51,14012,False
raw,degree_id,13.111,14614,total_reg_credits,total_reg_courses,14614,409,362,12,13982,False
raw,degree_id,13.111,14614,total_reg_courses,total_reg_credits,14614,170,149,30,14012,False
raw,degree_id,2.111,18544,start_total_in_credits,start_total_in_courses,18544,393,354,7,16819,False
raw,degree_id,2.111,18544,start_total_in_courses,start_total_in_credits,18544,67,64,48,17710,False
raw,degree_id,2.111,18544,start_total_in_credits,total_reg_credits,18544,393,371,322,18522,False
raw,degree_id,2.111,18544,total_reg_credits,start_total_in_credits,18544,983,765,46,17559,False
raw,degree_id,2.111,18544,start_total_in_credits,total_reg_courses,18544,393,371,101,18522,False
raw,degree_id,2.111,18544,total_reg_courses,start_total_in_credits,18544,217,174,147,17743,False
raw,degree_id,2.111,18544,start_total_in_courses,total_reg_credits,18544,67,65,349,18542,False
raw,degree_id,2.111,18544,total_reg_credits,start_total_in_courses,18544,983,760,29,17546,False
raw,degree_id,2.111,18544,start_total_in_courses,total_reg_courses,18544,67,65,107,18542,False
raw,degree_id,2.111,18544,total_reg_courses,start_total_in_courses,18544,217,172,44,17739,False
raw,degree_id,2.111,18544,total_reg_credits,total_reg_courses,18544,983,759,13,17546,False
raw,degree_id,2.111,18544,total_reg_courses,total_reg_credits,18544,217,173,66,17741,False
raw,degree_id,20.111,380,start_total_in_credits,start_total_in_courses,380,117,65,4,270,False
raw,degree_id,20.111,380,start_total_in_courses,start_total_in_credits,380,49,43,10,373,False
raw,degree_id,20.111,380,start_total_in_credits,total_reg_credits,380,117,84,15,346,False
raw,degree_id,20.111,380,total_reg_credits,start_total_in_credits,380,181,103,6,296,False
raw,degree_id,20.111,380,start_total_in_credits,total_reg_courses,380,117,84,13,346,False
raw,degree_id,20.111,380,total_reg_courses,start_total_in_credits,380,88,66,12,353,False
raw,degree_id,20.111,380,start_total_in_courses,total_reg_credits,380,49,44,30,375,False
raw,degree_id,20.111,380,total_reg_credits,start_total_in_courses,380,181,102,6,293,False
raw,degree_id,20.111,380,start_total_in_courses,total_reg_courses,380,49,43,24,372,False
raw,degree_id,20.111,380,total_reg_courses,start_total_in_courses,380,88,66,11,353,False
raw,degree_id,20.111,380,total_reg_credits,total_reg_courses,380,181,87,5,261,False
raw,degree_id,20.111,380,total_reg_courses,total_reg_credits,380,88,67,9,356,False
raw,degree_id,21.111,1037,start_total_in_credits,start_total_in_courses,1037,56,30,4,255,False
raw,degree_id,21.111,1037,start_total_in_courses,start_total_in_credits,1037,21,18,8,591,False
raw,degree_id,21.111,1037,start_total_in_credits,total_reg_credits,1037,56,50,20,1026,False
raw,degree_id,21.111,1037,total_reg_credits,start_total_in_credits,1037,72,47,15,664,False
raw,degree_id,21.111,1037,start_total_in_credits,total_reg_courses,1037,56,50,14,1026,False
raw,degree_id,21.111,1037,total_reg_courses,start_total_in_credits,1037,28,22,26,688,False
raw,degree_id,21.111,1037,start_total_in_courses,total_reg_credits,1037,21,19,21,1032,False
raw,degree_id,21.111,1037,total_reg_credits,start_total_in_courses,1037,72,47,10,664,False
raw,degree_id,21.111,1037,start_total_in_courses,total_reg_courses,1037,21,19,14,1032,False
raw,degree_id,21.111,1037,total_reg_courses,start_total_in_courses,1037,28,22,12,688,False
raw,degree_id,21.111,1037,total_reg_credits,total_reg_courses,1037,72,39,4,537,False
raw,degree_id,21.111,1037,total_reg_courses,total_reg_credits,1037,28,22,7,688,False
raw,degree_id,22.111,1579,start_total_in_credits,start_total_in_courses,1579,59,38,3,888,False
raw,degree_id,22.111,1579,start_total_in_courses,start_total_in_credits,1579,27,24,6,1181,False
raw,degree_id,22.111,1579,start_total_in_credits,total_reg_credits,1579,59,53,34,1568,False
raw,degree_id,22.111,1579,total_reg_credits,start_total_in_credits,1579,128,106,19,1262,False
raw,degree_id,22.111,1579,start_total_in_credits,total_reg_courses,1579,59,53,26,1568,False
raw,degree_id,22.111,1579,total_reg_courses,start_total_in_credits,1579,62,52,24,1276,False
raw,degree_id,22.111,1579,start_total_in_courses,total_reg_credits,1579,27,25,49,1576,False
raw,degree_id,22.111,1579,total_reg_credits,start_total_in_courses,1579,128,107,11,1265,False
raw,degree_id,22.111,1579,start_total_in_courses,total_reg_courses,1579,27,25,30,1576,False
raw,degree_id,22.111,1579,total_reg_courses,start_total_in_courses,1579,62,52,14,1276,False
raw,degree_id,22.111,1579,total_reg_credits,total_reg_courses,1579,128,98,6,1011,False
raw,degree_id,22.111,1579,total_reg_courses,total_reg_credits,1579,62,51,11,1260,False
raw,degree_id,24.111,5253,start_total_in_credits,start_total_in_courses,5253,180,163,4,4223,False
raw,degree_id,24.111,5253,start_total_in_courses,start_total_in_credits,5253,62,59,12,4591,False
raw,degree_id,24.111,5253,start_total_in_credits,total_reg_credits,5253,180,179,37,5252,False
raw,degree_id,24.111,5253,total_reg_credits,start_total_in_credits,5253,259,231,35,4660,False
raw,degree_id,24.111,5253,start_total_in_credits,total_reg_courses,5253,180,179,30,5252,False
raw,degree_id,24.111,5253,total_reg_courses,start_total_in_credits,5253,95,90,64,4683,False
raw,degree_id,24.111,5253,start_total_in_courses,total_reg_credits,5253,62,61,68,5252,False
raw,degree_id,24.111,5253,total_reg_credits,start_total_in_courses,5253,259,231,26,4660,False
raw,degree_id,24.111,5253,start_total_in_courses,total_reg_courses,5253,62,61,43,5252,False
raw,degree_id,24.111,5253,total_reg_courses,start_total_in_courses,5253,95,90,38,4683,False
raw,degree_id,24.111,5253,total_reg_credits,total_reg_courses,5253,259,216,7,4586,False
raw,degree_id,24.111,5253,total_reg_courses,total_reg_credits,5253,95,89,17,4680,False
raw,degree_id,26.111,1970,start_total_in_credits,start_total_in_courses,1970,166,123,3,1527,False
raw,degree_id,26.111,1970,start_total_in_courses,start_total_in_credits,1970,62,60,9,1794,False
raw,degree_id,26.111,1970,start_total_in_credits,total_reg_credits,1970,166,153,47,1955,False
raw,degree_id,26.111,1970,total_reg_credits,start_total_in_credits,1970,184,168,18,1848,False
raw,degree_id,26.111,1970,start_total_in_credits,total_reg_courses,1970,166,155,28,1959,False
raw,degree_id,26.111,1970,total_reg_courses,start_total_in_credits,1970,71,64,33,1857,False
raw,degree_id,26.111,1970,start_total_in_courses,total_reg_credits,1970,62,61,47,1969,False
raw,degree_id,26.111,1970,total_reg_credits,start_total_in_courses,1970,184,168,15,1848,False
raw,degree_id,26.111,1970,start_total_in_courses,total_reg_courses,1970,62,61,28,1969,False
raw,degree_id,26.111,1970,total_reg_courses,start_total_in_courses,1970,71,64,24,1857,False
raw,degree_id,26.111,1970,total_reg_credits,total_reg_courses,1970,184,155,5,1756,False
raw,degree_id,26.111,1970,total_reg_courses,total_reg_credits,1970,71,63,13,1839,False
raw,degree_id,27.111,1071,start_total_in_credits,start_total_in_courses,1071,147,99,4,758,False
raw,degree_id,27.111,1071,start_total_in_courses,start_total_in_credits,1071,57,52,7,920,False
raw,degree_id,27.111,1071,start_total_in_credits,total_reg_credits,1071,147,131,24,1055,False
raw,degree_id,27.111,1071,total_reg_credits,start_total_in_credits,1071,163,144,13,944,False
raw,degree_id,27.111,1071,start_total_in_credits,total_reg_courses,1071,147,130,15,1053,False
raw,degree_id,27.111,1071,total_reg_courses,start_total_in_credits,1071,63,60,23,960,False
raw,degree_id,27.111,1071,start_total_in_courses,total_reg_credits,1071,57,53,25,1067,False
raw,degree_id,27.111,1071,total_reg_credits,start_total_in_courses,1071,163,143,12,942,False
raw,degree_id,27.111,1071,start_total_in_courses,total_reg_courses,1071,57,52,17,1065,False
raw,degree_id,27.111,1071,total_reg_courses,start_total_in_courses,1071,63,60,16,960,False
raw,degree_id,27.111,1071,total_reg_credits,total_reg_courses,1071,163,131,5,867,False
raw,degree_id,27.111,1071,total_reg_courses,total_reg_credits,1071,63,60,12,960,False
raw,degree_id,29.111,1218,start_total_in_credits,start_total_in_courses,1218,151,108,4,913,False
raw,degree_id,29.111,1218,start_total_in_courses,start_total_in_credits,1218,59,54,9,1071,False
raw,degree_id,29.111,1218,start_total_in_credits,total_reg_credits,1218,151,136,22,1203,False
raw,degree_id,29.111,1218,total_reg_credits,start_total_in_credits,1218,178,152,17,1086,False
raw,degree_id,29.111,1218,start_total_in_credits,total_reg_courses,1218,151,135,18,1201,False
raw,degree_id,29.111,1218,total_reg_courses,start_total_in_credits,1218,71,62,29,1105,False
raw,degree_id,29.111,1218,start_total_in_courses,total_reg_credits,1218,59,58,28,1217,False
raw,degree_id,29.111,1218,total_reg_credits,start_total_in_courses,1218,178,152,14,1086,False
raw,degree_id,29.111,1218,start_total_in_courses,total_reg_courses,1218,59,58,22,1217,False
raw,degree_id,29.111,1218,total_reg_courses,start_total_in_courses,1218,71,62,19,1105,False
raw,degree_id,29.111,1218,total_reg_credits,total_reg_courses,1218,178,132,5,954,False
raw,degree_id,29.111,1218,total_reg_courses,total_reg_credits,1218,71,61,12,1080,False
raw,degree_id,3.111,6328,start_total_in_credits,start_total_in_courses,6328,172,151,4,5575,False
raw,degree_id,3.111,6328,start_total_in_courses,start_total_in_credits,6328,60,58,11,5991,False
raw,degree_id,3.111,6328,start_total_in_credits,total_reg_credits,6328,172,170,51,6325,False
raw,degree_id,3.111,6328,total_reg_credits,start_total_in_credits,6328,268,246,36,6000,False
raw,degree_id,3.111,6328,start_total_in_credits,total_reg_courses,6328,172,169,29,6323,False
raw,degree_id,3.111,6328,total_reg_courses,start_total_in_credits,6328,103,92,64,6009,False
raw,degree_id,3.111,6328,start_total_in_courses,total_reg_credits,6328,60,59,83,6327,False
raw,degree_id,3.111,6328,total_reg_credits,start_total_in_courses,6328,268,245,24,5998,False
raw,degree_id,3.111,6328,start_total_in_courses,total_reg_courses,6328,60,59,43,6327,False
raw,degree_id,3.111,6328,total_reg_courses,start_total_in_courses,6328,103,91,34,6007,False
raw,degree_id,3.111,6328,total_reg_credits,total_reg_courses,6328,268,234,7,5724,False
raw,degree_id,3.111,6328,total_reg_courses,total_reg_credits,6328,103,92,18,6009,False
raw,degree_id,30.111,575,start_total_in_credits,start_total_in_courses,575,117,56,3,297,False
raw,degree_id,30.111,575,start_total_in_courses,start_total_in_credits,575,54,42,6,423,False
raw,degree_id,30.111,575,start_total_in_credits,total_reg_credits,575,117,89,17,547,False
raw,degree_id,30.111,575,total_reg_credits,start_total_in_credits,575,147,100,9,412,False
raw,degree_id,30.111,575,start_total_in_credits,total_reg_courses,575,117,87,12,542,False
raw,degree_id,30.111,575,total_reg_courses,start_total_in_credits,575,65,52,17,446,False
raw,degree_id,30.111,575,start_total_in_courses,total_reg_credits,575,54,44,23,565,False
raw,degree_id,30.111,575,total_reg_credits,start_total_in_courses,575,147,100,8,412,False
raw,degree_id,30.111,575,start_total_in_courses,total_reg_courses,575,54,44,19,565,False
raw,degree_id,30.111,575,total_reg_courses,start_total_in_courses,575,65,52,15,446,False
raw,degree_id,30.111,575,total_reg_credits,total_reg_courses,575,147,76,4,287,False
raw,degree_id,30.111,575,total_reg_courses,total_reg_credits,575,65,50,9,427,False
raw,degree_id,31.111,478,start_total_in_credits,start_total_in_courses,478,92,37,3,172,False
raw,degree_id,31.111,478,start_total_in_courses,start_total_in_credits,478,42,32,6,314,False
raw,degree_id,31.111,478,start_total_in_credits,total_reg_credits,478,92,63,16,448,False
raw,degree_id,31.111,478,total_reg_credits,start_total_in_credits,478,111,77,7,318,False
raw,degree_id,31.111,478,start_total_in_credits,total_reg_courses,478,92,62,12,446,False
raw,degree_id,31.111,478,total_reg_courses,start_total_in_credits,478,50,40,15,344,False
raw,degree_id,31.111,478,start_total_in_courses,total_reg_credits,478,42,34,16,470,False
raw,degree_id,31.111,478,total_reg_credits,start_total_in_courses,478,111,73,7,309,False
raw,degree_id,31.111,478,start_total_in_courses,total_reg_courses,478,42,34,12,470,False
raw,degree_id,31.111,478,total_reg_courses,start_total_in_courses,478,50,40,12,344,False
raw,degree_id,31.111,478,total_reg_credits,total_reg_courses,478,111,46,3,176,False
raw,degree_id,31.111,478,total_reg_courses,total_reg_credits,478,50,38,6,332,False
raw,degree_id,33.111,153,start_total_in_credits,start_total_in_courses,153,70,8,2,23,False
raw,degree_id,33.111,153,start_total_in_courses,start_total_in_credits,153,37,27,4,119,False
raw,degree_id,33.111,153,start_total_in_credits,total_reg_credits,153,70,36,4,118,False
raw,degree_id,33.111,153,total_reg_credits,start_total_in_credits,153,69,31,6,97,False
raw,degree_id,33.111,153,start_total_in_credits,total_reg_courses,153,70,36,4,118,False
raw,degree_id,33.111,153,total_reg_courses,start_total_in_credits,153,38,27,10,125,False
raw,degree_id,33.111,153,start_total_in_courses,total_reg_credits,153,37,33,7,148,False
raw,degree_id,33.111,153,total_reg_credits,start_total_in_courses,153,69,31,6,97,False
raw,degree_id,33.111,153,start_total_in_courses,total_reg_courses,153,37,31,6,144,False
raw,degree_id,33.111,153,total_reg_courses,start_total_in_courses,153,38,27,8,125,False
raw,degree_id,33.111,153,total_reg_credits,total_reg_courses,153,69,17,3,45,False
raw,degree_id,33.111,153,total_reg_courses,total_reg_credits,153,38,26,5,123,False
raw,degree_id,34.111,451,start_total_in_credits,start_total_in_courses,451,101,28,2,125,False
raw,degree_id,34.111,451,start_total_in_courses,start_total_in_credits,451,43,36,6,376,False
raw,degree_id,34.111,451,start_total_in_credits,total_reg_credits,451,101,81,8,431,False
raw,degree_id,34.111,451,total_reg_credits,start_total_in_credits,451,102,77,8,371,False
raw,degree_id,34.111,451,start_total_in_credits,total_reg_courses,451,101,81,8,431,False
raw,degree_id,34.111,451,total_reg_courses,start_total_in_credits,451,42,37,13,391,False
raw,degree_id,34.111,451,start_total_in_courses,total_reg_credits,451,43,40,15,448,False
raw,degree_id,34.111,451,total_reg_credits,start_total_in_courses,451,102,75,8,367,False
raw,degree_id,34.111,451,start_total_in_courses,total_reg_courses,451,43,40,12,448,False
raw,degree_id,34.111,451,total_reg_courses,start_total_in_courses,451,42,37,10,391,False
raw,degree_id,34.111,451,total_reg_credits,total_reg_courses,451,102,46,3,205,False
raw,degree_id,34.111,451,total_reg_courses,total_reg_credits,451,42,37,6,390,False
raw,degree_id,35.111,156,start_total_in_credits,start_total_in_courses,156,68,7,2,23,False
raw,degree_id,35.111,156,start_total_in_courses,start_total_in_credits,156,37,25,4,117,False
raw,degree_id,35.111,156,start_total_in_credits,total_reg_credits,156,68,34,6,121,False
raw,degree_id,35.111,156,total_reg_credits,start_total_in_credits,156,66,35,6,107,False
raw,degree_id,35.111,156,start_total_in_credits,total_reg_courses,156,68,32,6,116,False
raw,degree_id,35.111,156,total_reg_courses,start_total_in_credits,156,35,29,8,132,False
raw,degree_id,35.111,156,start_total_in_courses,total_reg_credits,156,37,29,8,147,False
raw,degree_id,35.111,156,total_reg_credits,start_total_in_courses,156,66,34,5,105,False
raw,degree_id,35.111,156,start_total_in_courses,total_reg_courses,156,37,27,6,141,False
raw,degree_id,35.111,156,total_reg_courses,start_total_in_courses,156,35,29,6,132,False
raw,degree_id,35.111,156,total_reg_credits,total_reg_courses,156,66,10,2,28,False
raw,degree_id,35.111,156,total_reg_courses,total_reg_credits,156,35,26,4,124,False
raw,degree_id,36.111,433,start_total_in_credits,start_total_in_courses,433,94,22,2,102,False
raw,degree_id,36.111,433,start_total_in_courses,start_total_in_credits,433,43,33,5,354,False
raw,degree_id,36.111,433,start_total_in_credits,total_reg_credits,433,94,70,8,406,False
raw,degree_id,36.111,433,total_reg_credits,start_total_in_credits,433,90,74,9,360,False
raw,degree_id,36.111,433,start_total_in_credits,total_reg_courses,433,94,67,8,399,False
raw,degree_id,36.111,433,total_reg_courses,start_total_in_credits,433,39,36,17,373,False
raw,degree_id,36.111,433,start_total_in_courses,total_reg_credits,433,43,38,14,428,False
raw,degree_id,36.111,433,total_reg_credits,start_total_in_courses,433,90,74,7,360,False
raw,degree_id,36.111,433,start_total_in_courses,total_reg_courses,433,43,37,11,426,False
raw,degree_id,36.111,433,total_reg_courses,start_total_in_courses,433,39,36,10,373,False
raw,degree_id,36.111,433,total_reg_credits,total_reg_courses,433,90,33,2,135,False
raw,degree_id,36.111,433,total_reg_courses,total_reg_credits,433,39,32,5,363,False
raw,degree_id,37.111,120,start_total_in_credits,start_total_in_courses,120,58,4,2,9,False
raw,degree_id,37.111,120,start_total_in_courses,start_total_in_credits,120,32,20,4,90,False
raw,degree_id,37.111,120,start_total_in_credits,total_reg_credits,120,58,27,4,89,False
raw,degree_id,37.111,120,total_reg_credits,start_total_in_credits,120,64,21,5,60,False
raw,degree_id,37.111,120,start_total_in_credits,total_reg_courses,120,58,27,4,89,False
raw,degree_id,37.111,120,total_reg_courses,start_total_in_credits,120,37,27,5,95,False
raw,degree_id,37.111,120,start_total_in_courses,total_reg_credits,120,32,24,8,112,False
raw,degree_id,37.111,120,total_reg_credits,start_total_in_courses,120,64,20,5,58,False
raw,degree_id,37.111,120,start_total_in_courses,total_reg_courses,120,32,24,8,112,False
raw,degree_id,37.111,120,total_reg_courses,start_total_in_courses,120,37,25,5,90,False
raw,degree_id,37.111,120,total_reg_credits,total_reg_courses,120,64,9,2,25,False
raw,degree_id,37.111,120,total_reg_courses,total_reg_credits,120,37,23,4,85,False
raw,degree_id,39.111,662,start_total_in_credits,start_total_in_courses,662,46,7,2,28,False
raw,degree_id,39.111,662,start_total_in_courses,start_total_in_credits,662,21,17,4,276,False
raw,degree_id,39.111,662,start_total_in_credits,total_reg_credits,662,46,29,18,642,False
raw,degree_id,39.111,662,total_reg_credits,start_total_in_credits,662,69,46,9,297,False
raw,degree_id,39.111,662,start_total_in_credits,total_reg_courses,662,46,30,13,645,False
raw,degree_id,39.111,662,total_reg_courses,start_total_in_credits,662,30,27,12,321,False
raw,degree_id,39.111,662,start_total_in_courses,total_reg_credits,662,21,19,19,660,False
raw,degree_id,39.111,662,total_reg_credits,start_total_in_courses,662,69,46,8,297,False
raw,degree_id,39.111,662,start_total_in_courses,total_reg_courses,662,21,19,15,660,False
raw,degree_id,39.111,662,total_reg_courses,start_total_in_courses,662,30,27,10,321,False
raw,degree_id,39.111,662,total_reg_credits,total_reg_courses,662,69,29,3,154,False
raw,degree_id,39.111,662,total_reg_courses,total_reg_credits,662,30,26,6,307,False
raw,degree_id,4.111,402,start_total_in_credits,start_total_in_courses,402,116,35,3,142,False
raw,degree_id,4.111,402,start_total_in_courses,start_total_in_credits,402,55,45,7,323,False
raw,degree_id,4.111,402,start_total_in_credits,total_reg_credits,402,116,73,7,356,False
raw,degree_id,4.111,402,total_reg_credits,start_total_in_credits,402,124,66,12,279,False
raw,degree_id,4.111,402,start_total_in_credits,total_reg_courses,402,116,70,6,348,False
raw,degree_id,4.111,402,total_reg_courses,start_total_in_credits,402,64,48,16,322,False
raw,degree_id,4.111,402,start_total_in_courses,total_reg_credits,402,55,50,14,397,False
raw,degree_id,4.111,402,total_reg_credits,start_total_in_courses,402,124,64,7,275,False
raw,degree_id,4.111,402,start_total_in_courses,total_reg_courses,402,55,50,10,397,False
raw,degree_id,4.111,402,total_reg_courses,start_total_in_courses,402,64,47,10,320,False
raw,degree_id,4.111,402,total_reg_credits,total_reg_courses,402,124,45,3,163,False
raw,degree_id,4.111,402,total_reg_courses,total_reg_credits,402,64,48,6,322,False
raw,degree_id,40.111,1008,start_total_in_credits,start_total_in_courses,1008,43,8,2,221,False
raw,degree_id,40.111,1008,start_total_in_courses,start_total_in_credits,1008,18,15,5,618,False
raw,degree_id,40.111,1008,start_total_in_credits,total_reg_credits,1008,43,36,21,1000,False
raw,degree_id,40.111,1008,total_reg_credits,start_total_in_credits,1008,62,50,17,693,False
raw,degree_id,40.111,1008,start_total_in_credits,total_reg_courses,1008,43,36,12,1000,False
raw,degree_id,40.111,1008,total_reg_courses,start_total_in_credits,1008,24,21,21,704,False
raw,degree_id,40.111,1008,start_total_in_courses,total_reg_credits,1008,18,17,28,1007,False
raw,degree_id,40.111,1008,total_reg_credits,start_total_in_courses,1008,62,50,11,693,False
raw,degree_id,40.111,1008,start_total_in_courses,total_reg_courses,1008,18,17,15,1007,False
raw,degree_id,40.111,1008,total_reg_courses,start_total_in_courses,1008,24,21,14,704,False
raw,degree_id,40.111,1008,total_reg_credits,total_reg_courses,1008,62,36,4,531,False
raw,degree_id,40.111,1008,total_reg_courses,total_reg_credits,1008,24,20,7,688,False
raw,degree_id,41.111,2215,start_total_in_credits,start_total_in_courses,2215,102,82,5,1569,False
raw,degree_id,41.111,2215,start_total_in_courses,start_total_in_credits,2215,37,32,14,1598,False
raw,degree_id,41.111,2215,start_total_in_credits,total_reg_credits,2215,102,88,17,2201,False
raw,degree_id,41.111,2215,total_reg_credits,start_total_in_credits,2215,88,71,25,1611,False
raw,degree_id,41.111,2215,start_total_in_credits,total_reg_courses,2215,102,86,11,2193,False
raw,degree_id,41.111,2215,total_reg_courses,start_total_in_credits,2215,35,25,46,1619,False
raw,degree_id,41.111,2215,start_total_in_courses,total_reg_credits,2215,37,33,30,2211,False
raw,degree_id,41.111,2215,total_reg_credits,start_total_in_courses,2215,88,72,14,1613,False
raw,degree_id,41.111,2215,start_total_in_courses,total_reg_courses,2215,37,33,16,2211,False
raw,degree_id,41.111,2215,total_reg_courses,start_total_in_courses,2215,35,25,20,1619,False
raw,degree_id,41.111,2215,total_reg_credits,total_reg_courses,2215,88,69,5,1591,False
raw,degree_id,41.111,2215,total_reg_courses,total_reg_credits,2215,35,25,15,1619,False
raw,degree_id,42.111,1770,start_total_in_credits,start_total_in_courses,1770,90,71,5,1208,False
raw,degree_id,42.111,1770,start_total_in_courses,start_total_in_credits,1770,39,36,10,1263,False
raw,degree_id,42.111,1770,start_total_in_credits,total_reg_credits,1770,90,77,12,1747,False
raw,degree_id,42.111,1770,total_reg_credits,start_total_in_credits,1770,77,62,18,1264,False
raw,degree_id,42.111,1770,start_total_in_credits,total_reg_courses,1770,90,78,12,1756,False
raw,degree_id,42.111,1770,total_reg_courses,start_total_in_credits,1770,36,29,31,1273,False
raw,degree_id,42.111,1770,start_total_in_courses,total_reg_credits,1770,39,37,20,1768,False
raw,degree_id,42.111,1770,total_reg_credits,start_total_in_courses,1770,77,62,14,1264,False
raw,degree_id,42.111,1770,start_total_in_courses,total_reg_courses,1770,39,36,14,1763,False
raw,degree_id,42.111,1770,total_reg_courses,start_total_in_courses,1770,36,29,18,1273,False
raw,degree_id,42.111,1770,total_reg_credits,total_reg_courses,1770,77,58,5,1252,False
raw,degree_id,42.111,1770,total_reg_courses,total_reg_credits,1770,36,28,11,1269,False
raw,degree_id,44.111,1264,start_total_in_credits,start_total_in_courses,1264,89,47,4,538,False
raw,degree_id,44.111,1264,start_total_in_courses,start_total_in_credits,1264,40,33,9,863,False
raw,degree_id,44.111,1264,start_total_in_credits,total_reg_credits,1264,89,71,11,1239,False
raw,degree_id,44.111,1264,total_reg_credits,start_total_in_credits,1264,67,54,21,875,False
raw,degree_id,44.111,1264,start_total_in_credits,total_reg_courses,1264,89,72,10,1242,False
raw,degree_id,44.111,1264,total_reg_courses,start_total_in_credits,1264,29,25,32,886,False
raw,degree_id,44.111,1264,start_total_in_courses,total_reg_credits,1264,40,35,16,1259,False
raw,degree_id,44.111,1264,total_reg_credits,start_total_in_courses,1264,67,54,14,875,False
raw,degree_id,44.111,1264,start_total_in_courses,total_reg_courses,1264,40,34,12,1256,False
raw,degree_id,44.111,1264,total_reg_courses,start_total_in_courses,1264,29,25,16,886,False
raw,degree_id,44.111,1264,total_reg_credits,total_reg_courses,1264,67,47,4,691,False
raw,degree_id,44.111,1264,total_reg_courses,total_reg_credits,1264,29,25,9,886,False
raw,degree_id,45.111,485,start_total_in_credits,start_total_in_courses,485,48,3,2,20,False
raw,degree_id,45.111,485,start_total_in_courses,start_total_in_credits,485,28,19,3,241,False
raw,degree_id,45.111,485,start_total_in_credits,total_reg_credits,485,48,30,10,456,False
raw,degree_id,45.111,485,total_reg_credits,start_total_in_credits,485,46,31,10,339,False
raw,degree_id,45.111,485,start_total_in_credits,total_reg_courses,485,48,30,8,456,False
raw,degree_id,45.111,485,total_reg_courses,start_total_in_credits,485,25,21,13,353,False
raw,degree_id,45.111,485,start_total_in_courses,total_reg_credits,485,28,26,10,483,False
raw,degree_id,45.111,485,total_reg_credits,start_total_in_courses,485,46,31,10,339,False
raw,degree_id,45.111,485,start_total_in_courses,total_reg_courses,485,28,26,8,483,False
raw,degree_id,45.111,485,total_reg_courses,start_total_in_courses,485,25,21,10,353,False
raw,degree_id,45.111,485,total_reg_credits,total_reg_courses,485,46,6,2,41,False
raw,degree_id,45.111,485,total_reg_courses,total_reg_credits,485,25,19,4,328,False
raw,degree_id,46.111,437,start_total_in_credits,start_total_in_courses,437,60,5,2,21,False
raw,degree_id,46.111,437,start_total_in_courses,start_total_in_credits,437,28,19,5,260,False
raw,degree_id,46.111,437,start_total_in_credits,total_reg_credits,437,60,37,6,402,False
raw,degree_id,46.111,437,total_reg_credits,start_total_in_credits,437,49,27,10,280,False
raw,degree_id,46.111,437,start_total_in_credits,total_reg_courses,437,60,37,6,402,False
raw,degree_id,46.111,437,total_reg_courses,start_total_in_credits,437,24,19,13,300,False
raw,degree_id,46.111,437,start_total_in_courses,total_reg_credits,437,28,22,11,431,False
raw,degree_id,46.111,437,total_reg_credits,start_total_in_courses,437,49,27,8,280,False
raw,degree_id,46.111,437,start_total_in_courses,total_reg_courses,437,28,22,8,431,False
raw,degree_id,46.111,437,total_reg_courses,start_total_in_courses,437,24,19,11,300,False
raw,degree_id,46.111,437,total_reg_credits,total_reg_courses,437,49,4,2,22,False
raw,degree_id,46.111,437,total_reg_courses,total_reg_credits,437,24,18,4,297,False
raw,degree_id,47.111,545,start_total_in_credits,start_total_in_courses,545,61,5,2,28,False
raw,degree_id,47.111,545,start_total_in_courses,start_total_in_credits,545,27,22,4,355,False
raw,degree_id,47.111,545,start_total_in_credits,total_reg_credits,545,61,41,8,504,False
raw,degree_id,47.111,545,total_reg_credits,start_total_in_credits,545,55,37,10,366,False
raw,degree_id,47.111,545,start_total_in_credits,total_reg_courses,545,61,40,7,502,False
raw,degree_id,47.111,545,total_reg_courses,start_total_in_credits,545,24,22,16,386,False
raw,degree_id,47.111,545,start_total_in_courses,total_reg_credits,545,27,25,13,542,False
raw,degree_id,47.111,545,total_reg_credits,start_total_in_courses,545,55,36,10,364,False
raw,degree_id,47.111,545,start_total_in_courses,total_reg_courses,545,27,25,10,542,False
raw,degree_id,47.111,545,total_reg_courses,start_total_in_courses,545,24,22,11,386,False
raw,degree_id,47.111,545,total_reg_credits,total_reg_courses,545,55,6,2,25,False
raw,degree_id,47.111,545,total_reg_courses,total_reg_credits,545,24,21,4,382,False
raw,degree_id,48.111,506,start_total_in_credits,start_total_in_courses,506,60,5,2,23,False
raw,degree_id,48.111,506,start_total_in_courses,start_total_in_credits,506,25,21,4,320,False
raw,degree_id,48.111,506,start_total_in_credits,total_reg_credits,506,60,39,11,466,False
raw,degree_id,48.111,506,total_reg_credits,start_total_in_credits,506,52,37,9,344,False
raw,degree_id,48.111,506,start_total_in_credits,total_reg_courses,506,60,40,10,468,False
raw,degree_id,48.111,506,total_reg_courses,start_total_in_credits,506,24,22,14,361,False
raw,degree_id,48.111,506,start_total_in_courses,total_reg_credits,506,25,25,15,506,False
raw,degree_id,48.111,506,total_reg_credits,start_total_in_courses,506,52,37,9,344,False
raw,degree_id,48.111,506,start_total_in_courses,total_reg_courses,506,25,24,10,503,False
raw,degree_id,48.111,506,total_reg_courses,start_total_in_courses,506,24,22,10,361,False
raw,degree_id,48.111,506,total_reg_credits,total_reg_courses,506,52,7,2,31,False
raw,degree_id,48.111,506,total_reg_courses,total_reg_credits,506,24,20,4,348,False
raw,degree_id,49.111,293,start_total_in_credits,start_total_in_courses,293,55,2,2,5,False
raw,degree_id,49.111,293,start_total_in_courses,start_total_in_credits,293,29,21,3,179,False
raw,degree_id,49.111,293,start_total_in_credits,total_reg_credits,293,55,29,8,265,False
raw,degree_id,49.111,293,total_reg_credits,start_total_in_credits,293,45,28,9,196,False
raw,degree_id,49.111,293,start_total_in_credits,total_reg_courses,293,55,28,7,263,False
raw,degree_id,49.111,293,total_reg_courses,start_total_in_credits,293,22,19,13,216,False
raw,degree_id,49.111,293,start_total_in_courses,total_reg_credits,293,29,24,9,288,False
raw,degree_id,49.111,293,total_reg_credits,start_total_in_courses,293,45,28,9,196,False
raw,degree_id,49.111,293,start_total_in_courses,total_reg_courses,293,29,23,7,285,False
raw,degree_id,49.111,293,total_reg_courses,start_total_in_courses,293,22,18,10,214,False
raw,degree_id,49.111,293,total_reg_credits,total_reg_courses,293,45,4,2,13,False
raw,degree_id,49.111,293,total_reg_courses,total_reg_credits,293,22,19,3,216,False
raw,degree_id,5.111,161,start_total_in_credits,start_total_in_courses,161,82,10,2,28,False
raw,degree_id,5.111,161,start_total_in_courses,start_total_in_credits,161,52,24,4,90,False
raw,degree_id,5.111,161,start_total_in_credits,total_reg_credits,161,82,37,5,116,False
raw,degree_id,5.111,161,total_reg_credits,start_total_in_credits,161,79,34,5,94,False
raw,degree_id,5.111,161,start_total_in_credits,total_reg_courses,161,82,37,5,116,False
raw,degree_id,5.111,161,total_reg_courses,start_total_in_credits,161,48,28,9,120,False
raw,degree_id,5.111,161,start_total_in_courses,total_reg_credits,161,52,37,6,146,False
raw,degree_id,5.111,161,total_reg_credits,start_total_in_courses,161,79,33,5,92,False
raw,degree_id,5.111,161,start_total_in_courses,total_reg_courses,161,52,37,6,146,False
raw,degree_id,5.111,161,total_reg_courses,start_total_in_courses,161,48,28,8,120,False
raw,degree_id,5.111,161,total_reg_credits,total_reg_courses,161,79,16,3,36,False
raw,degree_id,5.111,161,total_reg_courses,total_reg_credits,161,48,25,5,110,False
raw,degree_id,50.111,535,start_total_in_credits,start_total_in_courses,535,99,28,3,127,False
raw,degree_id,50.111,535,start_total_in_courses,start_total_in_credits,535,46,34,5,352,False
raw,degree_id,50.111,535,start_total_in_credits,total_reg_credits,535,99,62,9,486,False
raw,degree_id,50.111,535,total_reg_credits,start_total_in_credits,535,69,47,22,371,False
raw,degree_id,50.111,535,start_total_in_credits,total_reg_courses,535,99,58,9,476,False
raw,degree_id,50.111,535,total_reg_courses,start_total_in_credits,535,27,24,24,390,False
raw,degree_id,50.111,535,start_total_in_courses,total_reg_credits,535,46,37,15,526,False
raw,degree_id,50.111,535,total_reg_credits,start_total_in_courses,535,69,46,13,369,False
raw,degree_id,50.111,535,start_total_in_courses,total_reg_courses,535,46,36,11,524,False
raw,degree_id,50.111,535,total_reg_courses,start_total_in_courses,535,27,24,14,390,False
raw,degree_id,50.111,535,total_reg_credits,total_reg_courses,535,69,30,4,312,False
raw,degree_id,50.111,535,total_reg_courses,total_reg_credits,535,27,24,8,390,False
raw,degree_id,53.111,224,start_total_in_credits,start_total_in_courses,224,61,6,2,23,False
raw,degree_id,53.111,224,start_total_in_courses,start_total_in_credits,224,26,23,4,174,False
raw,degree_id,53.111,224,start_total_in_credits,total_reg_credits,224,61,36,6,191,False
raw,degree_id,53.111,224,total_reg_credits,start_total_in_credits,224,54,38,6,159,False
raw,degree_id,53.111,224,start_total_in_credits,total_reg_courses,224,61,36,6,191,False
raw,degree_id,53.111,224,total_reg_courses,start_total_in_credits,224,25,22,13,175,False
raw,degree_id,53.111,224,start_total_in_courses,total_reg_credits,224,26,24,10,222,False
raw,degree_id,53.111,224,total_reg_credits,start_total_in_courses,224,54,38,5,159,False
raw,degree_id,53.111,224,start_total_in_courses,total_reg_courses,224,26,23,8,220,False
raw,degree_id,53.111,224,total_reg_courses,start_total_in_courses,224,25,22,8,175,False
raw,degree_id,53.111,224,total_reg_credits,total_reg_courses,224,54,8,2,26,False
raw,degree_id,53.111,224,total_reg_courses,total_reg_credits,224,25,18,5,166,False
raw,degree_id,55.111,251,start_total_in_credits,start_total_in_courses,251,57,2,2,10,False
raw,degree_id,55.111,251,start_total_in_courses,start_total_in_credits,251,28,23,3,190,False
raw,degree_id,55.111,251,start_total_in_credits,total_reg_credits,251,57,36,7,173,False
raw,degree_id,55.111,251,total_reg_credits,start_total_in_credits,251,56,39,8,176,False
raw,degree_id,55.111,251,start_total_in_credits,total_reg_courses,251,57,35,5,171,False
raw,degree_id,55.111,251,total_reg_courses,start_total_in_credits,251,25,21,12,192,False
raw,degree_id,55.111,251,start_total_in_courses,total_reg_credits,251,28,24,10,194,False
raw,degree_id,55.111,251,total_reg_credits,start_total_in_courses,251,56,40,6,180,False
raw,degree_id,55.111,251,start_total_in_courses,total_reg_courses,251,28,24,6,194,False
raw,degree_id,55.111,251,total_reg_courses,start_total_in_courses,251,25,21,8,192,False
raw,degree_id,55.111,251,total_reg_credits,total_reg_courses,251,56,7,2,25,False
raw,degree_id,55.111,251,total_reg_courses,total_reg_credits,251,25,22,4,195,False
raw,degree_id,6.111,1675,start_total_in_credits,start_total_in_courses,1675,167,135,4,1441,False
raw,degree_id,6.111,1675,start_total_in_courses,start_total_in_credits,1675,60,58,11,1633,False
raw,degree_id,6.111,1675,start_total_in_credits,total_reg_credits,1675,167,161,33,1663,False
raw,degree_id,6.111,1675,total_reg_credits,start_total_in_credits,1675,267,223,16,1605,False
raw,degree_id,6.111,1675,start_total_in_credits,total_reg_courses,1675,167,161,24,1663,False
raw,degree_id,6.111,1675,total_reg_courses,start_total_in_credits,1675,112,91,38,1629,False
raw,degree_id,6.111,1675,start_total_in_courses,total_reg_credits,1675,60,59,36,1667,False
raw,degree_id,6.111,1675,total_reg_credits,start_total_in_courses,1675,267,223,14,1605,False
raw,degree_id,6.111,1675,start_total_in_courses,total_reg_courses,1675,60,59,30,1667,False
raw,degree_id,6.111,1675,total_reg_courses,start_total_in_courses,1675,112,91,27,1629,False
raw,degree_id,6.111,1675,total_reg_credits,total_reg_courses,1675,267,204,7,1524,False
raw,degree_id,6.111,1675,total_reg_courses,total_reg_credits,1675,112,91,14,1629,False
raw,degree_id,7.111,1026,start_total_in_credits,start_total_in_courses,1026,127,83,3,684,False
raw,degree_id,7.111,1026,start_total_in_courses,start_total_in_credits,1026,50,49,7,932,False
raw,degree_id,7.111,1026,start_total_in_credits,total_reg_credits,1026,127,121,15,1020,False
raw,degree_id,7.111,1026,total_reg_credits,start_total_in_credits,1026,151,131,14,919,False
raw,degree_id,7.111,1026,start_total_in_credits,total_reg_courses,1026,127,120,14,1018,False
raw,degree_id,7.111,1026,total_reg_courses,start_total_in_credits,1026,65,62,20,936,False
raw,degree_id,7.111,1026,start_total_in_courses,total_reg_credits,1026,50,50,26,1026,False
raw,degree_id,7.111,1026,total_reg_credits,start_total_in_courses,1026,151,131,11,919,False
raw,degree_id,7.111,1026,start_total_in_courses,total_reg_courses,1026,50,50,21,1026,False
raw,degree_id,7.111,1026,total_reg_courses,start_total_in_courses,1026,65,62,16,936,False
raw,degree_id,7.111,1026,total_reg_credits,total_reg_courses,1026,151,116,6,807,False
raw,degree_id,7.111,1026,total_reg_courses,total_reg_credits,1026,65,61,14,934,False
raw,degree_id,8.111,3043,start_total_in_credits,start_total_in_courses,3043,133,116,4,2520,False
raw,degree_id,8.111,3043,start_total_in_courses,start_total_in_credits,3043,51,49,10,2838,False
raw,degree_id,8.111,3043,start_total_in_credits,total_reg_credits,3043,133,133,34,3043,False
raw,degree_id,8.111,3043,total_reg_credits,start_total_in_credits,3043,242,198,26,2807,False
raw,degree_id,8.111,3043,start_total_in_credits,total_reg_courses,3043,133,132,25,3041,False
raw,degree_id,8.111,3043,total_reg_courses,start_total_in_credits,3043,110,94,45,2836,False
raw,degree_id,8.111,3043,start_total_in_courses,total_reg_credits,3043,51,51,52,3043,False
raw,degree_id,8.111,3043,total_reg_credits,start_total_in_courses,3043,242,196,20,2802,False
raw,degree_id,8.111,3043,start_total_in_courses,total_reg_courses,3043,51,51,35,3043,False
raw,degree_id,8.111,3043,total_reg_courses,start_total_in_courses,3043,110,93,27,2834,False
raw,degree_id,8.111,3043,total_reg_credits,total_reg_courses,3043,242,186,9,2626,False
raw,degree_id,8.111,3043,total_reg_courses,total_reg_credits,3043,110,95,19,2839,False
raw,degree_id,<NA>,2126,start_total_in_credits,start_total_in_courses,2115,1,0,1,0,True
raw,degree_id,<NA>,2126,start_total_in_courses,start_total_in_credits,2115,1,0,1,0,True
raw,degree_id,<NA>,2126,start_total_in_credits,total_reg_credits,2115,1,0,1,0,True
raw,degree_id,<NA>,2126,total_reg_credits,start_total_in_credits,2115,1,0,1,0,True
raw,degree_id,<NA>,2126,start_total_in_credits,total_reg_courses,2115,1,0,1,0,True
raw,degree_id,<NA>,2126,total_reg_courses,start_total_in_credits,2115,1,0,1,0,True
raw,degree_id,<NA>,2126,start_total_in_courses,total_reg_credits,2115,1,0,1,0,True
raw,degree_id,<NA>,2126,total_reg_credits,start_total_in_courses,2115,1,0,1,0,True
raw,degree_id,<NA>,2126,start_total_in_courses,total_reg_courses,2115,1,0,1,0,True
raw,degree_id,<NA>,2126,total_reg_courses,start_total_in_courses,2115,1,0,1,0,True
raw,degree_id,<NA>,2126,total_reg_credits,total_reg_courses,2115,1,0,1,0,True
raw,degree_id,<NA>,2126,total_reg_courses,total_reg_credits,2115,1,0,1,0,True
raw,progress_quartile,"(-0.001, 26.0]",23540,start_total_in_credits,start_total_in_courses,23540,27,24,6,12259,False
raw,progress_quartile,"(-0.001, 26.0]",23540,start_total_in_courses,start_total_in_credits,23540,13,12,13,12500,False
raw,progress_quartile,"(-0.001, 26.0]",23540,start_total_in_credits,total_reg_credits,23540,27,26,98,23539,False
raw,progress_quartile,"(-0.001, 26.0]",23540,total_reg_credits,start_total_in_credits,23540,168,124,26,13491,False
raw,progress_quartile,"(-0.001, 26.0]",23540,start_total_in_credits,total_reg_courses,23540,27,26,49,23539,False
raw,progress_quartile,"(-0.001, 26.0]",23540,total_reg_courses,start_total_in_credits,23540,74,60,26,13526,False
raw,progress_quartile,"(-0.001, 26.0]",23540,start_total_in_courses,total_reg_credits,23540,13,13,106,23540,False
raw,progress_quartile,"(-0.001, 26.0]",23540,total_reg_credits,start_total_in_courses,23540,168,122,13,13486,False
raw,progress_quartile,"(-0.001, 26.0]",23540,start_total_in_courses,total_reg_courses,23540,13,13,51,23540,False
raw,progress_quartile,"(-0.001, 26.0]",23540,total_reg_courses,start_total_in_courses,23540,74,59,13,13524,False
raw,progress_quartile,"(-0.001, 26.0]",23540,total_reg_credits,total_reg_courses,23540,168,121,12,13480,False
raw,progress_quartile,"(-0.001, 26.0]",23540,total_reg_courses,total_reg_credits,23540,74,60,30,13526,False
raw,progress_quartile,"(125.0, 253.0]",22907,start_total_in_credits,start_total_in_courses,22907,222,197,24,22064,False
raw,progress_quartile,"(125.0, 253.0]",22907,start_total_in_courses,start_total_in_credits,22907,48,48,74,22907,False
raw,progress_quartile,"(125.0, 253.0]",22907,start_total_in_credits,total_reg_credits,22907,222,208,322,22893,False
raw,progress_quartile,"(125.0, 253.0]",22907,total_reg_credits,start_total_in_credits,22907,926,715,70,22685,False
raw,progress_quartile,"(125.0, 253.0]",22907,start_total_in_credits,total_reg_courses,22907,222,208,101,22893,False
raw,progress_quartile,"(125.0, 253.0]",22907,total_reg_courses,start_total_in_credits,22907,221,184,139,22869,False
raw,progress_quartile,"(125.0, 253.0]",22907,start_total_in_courses,total_reg_credits,22907,48,48,435,22907,False
raw,progress_quartile,"(125.0, 253.0]",22907,total_reg_credits,start_total_in_courses,22907,926,713,42,22682,False
raw,progress_quartile,"(125.0, 253.0]",22907,start_total_in_courses,total_reg_courses,22907,48,48,117,22907,False
raw,progress_quartile,"(125.0, 253.0]",22907,total_reg_courses,start_total_in_courses,22907,221,184,43,22869,False
raw,progress_quartile,"(125.0, 253.0]",22907,total_reg_credits,total_reg_courses,22907,926,709,32,22674,False
raw,progress_quartile,"(125.0, 253.0]",22907,total_reg_courses,total_reg_credits,22907,221,184,109,22869,False
raw,progress_quartile,"(26.0, 70.0]",23112,start_total_in_credits,start_total_in_courses,23112,46,44,13,23110,False
raw,progress_quartile,"(26.0, 70.0]",23112,start_total_in_courses,start_total_in_credits,23112,24,23,32,23111,False
raw,progress_quartile,"(26.0, 70.0]",23112,start_total_in_credits,total_reg_credits,23112,46,44,143,23110,False
raw,progress_quartile,"(26.0, 70.0]",23112,total_reg_credits,start_total_in_credits,23112,301,255,44,23063,False
raw,progress_quartile,"(26.0, 70.0]",23112,start_total_in_credits,total_reg_courses,23112,46,44,78,23110,False
raw,progress_quartile,"(26.0, 70.0]",23112,total_reg_courses,start_total_in_credits,23112,131,112,45,23089,False
raw,progress_quartile,"(26.0, 70.0]",23112,start_total_in_courses,total_reg_credits,23112,24,23,188,23111,False
raw,progress_quartile,"(26.0, 70.0]",23112,total_reg_credits,start_total_in_courses,23112,301,254,22,23061,False
raw,progress_quartile,"(26.0, 70.0]",23112,start_total_in_courses,total_reg_courses,23112,24,23,92,23111,False
raw,progress_quartile,"(26.0, 70.0]",23112,total_reg_courses,start_total_in_courses,23112,131,111,23,23087,False
raw,progress_quartile,"(26.0, 70.0]",23112,total_reg_credits,total_reg_courses,23112,301,254,21,23060,False
raw,progress_quartile,"(26.0, 70.0]",23112,total_reg_courses,total_reg_credits,23112,131,112,47,23089,False
raw,progress_quartile,"(70.0, 125.0]",23171,start_total_in_credits,start_total_in_courses,23171,99,91,22,23158,False
raw,progress_quartile,"(70.0, 125.0]",23171,start_total_in_courses,start_total_in_credits,23171,37,35,66,23162,False
raw,progress_quartile,"(70.0, 125.0]",23171,start_total_in_credits,total_reg_credits,23171,99,93,155,23165,False
raw,progress_quartile,"(70.0, 125.0]",23171,total_reg_credits,start_total_in_credits,23171,554,422,55,23025,False
raw,progress_quartile,"(70.0, 125.0]",23171,start_total_in_credits,total_reg_courses,23171,99,93,87,23165,False
raw,progress_quartile,"(70.0, 125.0]",23171,total_reg_courses,start_total_in_credits,23171,161,145,69,23152,False
raw,progress_quartile,"(70.0, 125.0]",23171,start_total_in_courses,total_reg_credits,23171,37,37,258,23171,False
raw,progress_quartile,"(70.0, 125.0]",23171,total_reg_credits,start_total_in_courses,23171,554,420,33,23019,False
raw,progress_quartile,"(70.0, 125.0]",23171,start_total_in_courses,total_reg_courses,23171,37,37,100,23171,False
raw,progress_quartile,"(70.0, 125.0]",23171,total_reg_courses,start_total_in_courses,23171,161,145,32,23152,False
raw,progress_quartile,"(70.0, 125.0]",23171,total_reg_credits,total_reg_courses,23171,554,411,26,23003,False
raw,progress_quartile,"(70.0, 125.0]",23171,total_reg_courses,total_reg_credits,23171,161,145,71,23152,False
clean_v1,year,2020,14382,start_total_in_credits,start_total_in_courses,14382,347,307,19,12845,False
clean_v1,year,2020,14382,start_total_in_courses,start_total_in_credits,14382,82,81,64,13087,False
clean_v1,year,2020,14382,start_total_in_credits,total_reg_credits,14382,347,324,70,14359,False
clean_v1,year,2020,14382,total_reg_credits,start_total_in_credits,14382,611,437,52,12995,False
clean_v1,year,2020,14382,start_total_in_credits,total_reg_courses,14382,347,323,50,14357,False
clean_v1,year,2020,14382,total_reg_courses,start_total_in_credits,14382,176,146,109,13141,False
clean_v1,year,2020,14382,start_total_in_courses,total_reg_credits,14382,82,82,129,14382,False
clean_v1,year,2020,14382,total_reg_credits,start_total_in_courses,14382,611,434,40,12989,False
clean_v1,year,2020,14382,start_total_in_courses,total_reg_courses,14382,82,82,65,14382,False
clean_v1,year,2020,14382,total_reg_courses,start_total_in_courses,14382,176,146,47,13141,False
clean_v1,year,2020,14382,total_reg_credits,total_reg_courses,14382,611,424,27,12967,False
clean_v1,year,2020,14382,total_reg_courses,total_reg_credits,14382,176,145,75,13137,False
clean_v1,year,2021,16379,start_total_in_credits,start_total_in_courses,16379,364,315,18,14290,False
clean_v1,year,2021,16379,start_total_in_courses,start_total_in_credits,16379,82,80,63,14774,False
clean_v1,year,2021,16379,start_total_in_credits,total_reg_credits,16379,364,334,101,16349,False
clean_v1,year,2021,16379,total_reg_credits,start_total_in_credits,16379,670,483,50,14675,False
clean_v1,year,2021,16379,start_total_in_credits,total_reg_courses,16379,364,334,52,16349,False
clean_v1,year,2021,16379,total_reg_courses,start_total_in_credits,16379,177,155,103,14842,False
clean_v1,year,2021,16379,start_total_in_courses,total_reg_credits,16379,82,82,151,16379,False
clean_v1,year,2021,16379,total_reg_credits,start_total_in_courses,16379,670,478,39,14665,False
clean_v1,year,2021,16379,start_total_in_courses,total_reg_courses,16379,82,82,68,16379,False
clean_v1,year,2021,16379,total_reg_courses,start_total_in_courses,16379,177,155,47,14842,False
clean_v1,year,2021,16379,total_reg_credits,total_reg_courses,16379,670,470,25,14647,False
clean_v1,year,2021,16379,total_reg_courses,total_reg_credits,16379,177,153,70,14838,False
clean_v1,year,2022,17238,start_total_in_credits,start_total_in_courses,17238,362,322,18,15367,False
clean_v1,year,2022,17238,start_total_in_courses,start_total_in_credits,17238,82,80,62,15867,False
clean_v1,year,2022,17238,start_total_in_credits,total_reg_credits,17238,362,341,109,17213,False
clean_v1,year,2022,17238,total_reg_credits,start_total_in_credits,17238,701,545,50,15900,False
clean_v1,year,2022,17238,start_total_in_credits,total_reg_courses,17238,362,343,53,17217,False
clean_v1,year,2022,17238,total_reg_courses,start_total_in_credits,17238,175,152,107,16036,False
clean_v1,year,2022,17238,start_total_in_courses,total_reg_credits,17238,82,81,183,17237,False
clean_v1,year,2022,17238,total_reg_credits,start_total_in_courses,17238,701,543,38,15896,False
clean_v1,year,2022,17238,start_total_in_courses,total_reg_courses,17238,82,81,69,17237,False
clean_v1,year,2022,17238,total_reg_courses,start_total_in_courses,17238,175,151,44,16034,False
clean_v1,year,2022,17238,total_reg_credits,total_reg_courses,17238,701,540,26,15887,False
clean_v1,year,2022,17238,total_reg_courses,total_reg_credits,17238,175,151,71,16033,False
clean_v1,year,2023,17875,start_total_in_credits,start_total_in_courses,17875,369,321,20,16082,False
clean_v1,year,2023,17875,start_total_in_courses,start_total_in_credits,17875,82,80,64,16530,False
clean_v1,year,2023,17875,start_total_in_credits,total_reg_credits,17875,369,341,146,17846,False
clean_v1,year,2023,17875,total_reg_credits,start_total_in_credits,17875,700,557,57,16487,False
clean_v1,year,2023,17875,start_total_in_credits,total_reg_courses,17875,369,342,61,17848,False
clean_v1,year,2023,17875,total_reg_courses,start_total_in_credits,17875,179,152,115,16605,False
clean_v1,year,2023,17875,start_total_in_courses,total_reg_credits,17875,82,81,202,17874,False
clean_v1,year,2023,17875,total_reg_credits,start_total_in_courses,17875,700,552,41,16477,False
clean_v1,year,2023,17875,start_total_in_courses,total_reg_courses,17875,82,81,75,17874,False
clean_v1,year,2023,17875,total_reg_courses,start_total_in_courses,17875,179,152,48,16605,False
clean_v1,year,2023,17875,total_reg_credits,total_reg_courses,17875,700,550,24,16473,False
clean_v1,year,2023,17875,total_reg_courses,total_reg_credits,17875,179,152,74,16605,False
clean_v1,year,2024,16426,start_total_in_credits,start_total_in_courses,16426,357,315,20,14827,False
clean_v1,year,2024,16426,start_total_in_courses,start_total_in_credits,16426,82,81,64,15154,False
clean_v1,year,2024,16426,start_total_in_credits,total_reg_credits,16426,357,337,88,16406,False
clean_v1,year,2024,16426,total_reg_credits,start_total_in_credits,16426,699,533,55,15024,False
clean_v1,year,2024,16426,start_total_in_credits,total_reg_courses,16426,357,337,54,16406,False
clean_v1,year,2024,16426,total_reg_courses,start_total_in_credits,16426,175,155,120,15171,False
clean_v1,year,2024,16426,start_total_in_courses,total_reg_credits,16426,82,82,151,16426,False
clean_v1,year,2024,16426,total_reg_credits,start_total_in_courses,16426,699,526,41,15009,False
clean_v1,year,2024,16426,start_total_in_courses,total_reg_courses,16426,82,82,68,16426,False
clean_v1,year,2024,16426,total_reg_courses,start_total_in_courses,16426,175,155,46,15171,False
clean_v1,year,2024,16426,total_reg_credits,total_reg_courses,16426,699,521,24,14997,False
clean_v1,year,2024,16426,total_reg_courses,total_reg_credits,16426,175,156,75,15173,False
clean_v1,degree_id,1.111,15205,start_total_in_credits,start_total_in_courses,15205,187,182,11,14581,False
clean_v1,degree_id,1.111,15205,start_total_in_courses,start_total_in_credits,15205,82,81,19,14603,False
clean_v1,degree_id,1.111,15205,start_total_in_credits,total_reg_credits,15205,187,186,75,15204,False
clean_v1,degree_id,1.111,15205,total_reg_credits,start_total_in_credits,15205,391,352,51,14590,False
clean_v1,degree_id,1.111,15205,start_total_in_credits,total_reg_courses,15205,187,186,53,15204,False
clean_v1,degree_id,1.111,15205,total_reg_courses,start_total_in_credits,15205,184,164,80,14609,False
clean_v1,degree_id,1.111,15205,start_total_in_courses,total_reg_credits,15205,82,82,107,15205,False
clean_v1,degree_id,1.111,15205,total_reg_credits,start_total_in_courses,15205,391,351,39,14588,False
clean_v1,degree_id,1.111,15205,start_total_in_courses,total_reg_courses,15205,82,82,70,15205,False
clean_v1,degree_id,1.111,15205,total_reg_courses,start_total_in_courses,15205,184,164,52,14609,False
clean_v1,degree_id,1.111,15205,total_reg_credits,total_reg_courses,15205,391,351,16,14588,False
clean_v1,degree_id,1.111,15205,total_reg_courses,total_reg_credits,15205,184,164,33,14609,False
clean_v1,degree_id,10.111,848,start_total_in_credits,start_total_in_courses,848,130,74,3,504,False
clean_v1,degree_id,10.111,848,start_total_in_courses,start_total_in_credits,848,51,46,7,764,False
clean_v1,degree_id,10.111,848,start_total_in_credits,total_reg_credits,848,130,116,11,762,False
clean_v1,degree_id,10.111,848,total_reg_credits,start_total_in_credits,848,166,130,11,741,False
clean_v1,degree_id,10.111,848,start_total_in_credits,total_reg_courses,848,130,118,11,766,False
clean_v1,degree_id,10.111,848,total_reg_courses,start_total_in_credits,848,75,65,21,768,False
clean_v1,degree_id,10.111,848,start_total_in_courses,total_reg_credits,848,51,48,23,775,False
clean_v1,degree_id,10.111,848,total_reg_credits,start_total_in_courses,848,166,131,9,743,False
clean_v1,degree_id,10.111,848,start_total_in_courses,total_reg_courses,848,51,48,16,775,False
clean_v1,degree_id,10.111,848,total_reg_courses,start_total_in_courses,848,75,64,17,766,False
clean_v1,degree_id,10.111,848,total_reg_credits,total_reg_courses,848,166,113,5,629,False
clean_v1,degree_id,10.111,848,total_reg_courses,total_reg_credits,848,75,63,12,763,False
clean_v1,degree_id,11.111,2341,start_total_in_credits,start_total_in_courses,2341,134,109,4,1878,False
clean_v1,degree_id,11.111,2341,start_total_in_courses,start_total_in_credits,2341,51,50,9,2159,False
clean_v1,degree_id,11.111,2341,start_total_in_credits,total_reg_credits,2341,134,133,25,2340,False
clean_v1,degree_id,11.111,2341,total_reg_credits,start_total_in_credits,2341,199,165,21,2128,False
clean_v1,degree_id,11.111,2341,start_total_in_credits,total_reg_courses,2341,134,133,20,2340,False
clean_v1,degree_id,11.111,2341,total_reg_courses,start_total_in_credits,2341,91,71,43,2142,False
clean_v1,degree_id,11.111,2341,start_total_in_courses,total_reg_credits,2341,51,51,41,2341,False
clean_v1,degree_id,11.111,2341,total_reg_credits,start_total_in_courses,2341,199,164,16,2126,False
clean_v1,degree_id,11.111,2341,start_total_in_courses,total_reg_courses,2341,51,51,27,2341,False
clean_v1,degree_id,11.111,2341,total_reg_courses,start_total_in_courses,2341,91,71,24,2142,False
clean_v1,degree_id,11.111,2341,total_reg_credits,total_reg_courses,2341,199,157,7,2005,False
clean_v1,degree_id,11.111,2341,total_reg_courses,total_reg_credits,2341,91,71,16,2142,False
clean_v1,degree_id,13.111,13577,start_total_in_credits,start_total_in_courses,13577,179,170,6,12987,False
clean_v1,degree_id,13.111,13577,start_total_in_courses,start_total_in_credits,13577,70,69,15,13060,False
clean_v1,degree_id,13.111,13577,start_total_in_credits,total_reg_credits,13577,179,178,120,13576,False
clean_v1,degree_id,13.111,13577,total_reg_credits,start_total_in_credits,13577,406,363,53,13051,False
clean_v1,degree_id,13.111,13577,start_total_in_credits,total_reg_courses,13577,179,178,72,13576,False
clean_v1,degree_id,13.111,13577,total_reg_courses,start_total_in_credits,13577,168,149,89,13075,False
clean_v1,degree_id,13.111,13577,start_total_in_courses,total_reg_credits,13577,70,70,146,13577,False
clean_v1,degree_id,13.111,13577,total_reg_credits,start_total_in_courses,13577,406,362,36,13047,False
clean_v1,degree_id,13.111,13577,start_total_in_courses,total_reg_courses,13577,70,70,76,13577,False
clean_v1,degree_id,13.111,13577,total_reg_courses,start_total_in_courses,13577,168,147,48,13071,False
clean_v1,degree_id,13.111,13577,total_reg_credits,total_reg_courses,13577,406,359,12,13042,False
clean_v1,degree_id,13.111,13577,total_reg_courses,total_reg_credits,13577,168,147,29,13070,False
clean_v1,degree_id,2.111,17241,start_total_in_credits,start_total_in_courses,17241,392,354,7,15859,False
clean_v1,degree_id,2.111,17241,start_total_in_courses,start_total_in_credits,17241,67,64,48,16531,False
clean_v1,degree_id,2.111,17241,start_total_in_credits,total_reg_credits,17241,392,369,269,17218,False
clean_v1,degree_id,2.111,17241,total_reg_credits,start_total_in_credits,17241,960,745,43,16345,False
clean_v1,degree_id,2.111,17241,start_total_in_credits,total_reg_courses,17241,392,369,92,17218,False
clean_v1,degree_id,2.111,17241,total_reg_courses,start_total_in_credits,17241,210,167,143,16520,False
clean_v1,degree_id,2.111,17241,start_total_in_courses,total_reg_credits,17241,67,65,302,17239,False
clean_v1,degree_id,2.111,17241,total_reg_credits,start_total_in_courses,17241,960,741,29,16334,False
clean_v1,degree_id,2.111,17241,start_total_in_courses,total_reg_courses,17241,67,65,98,17239,False
clean_v1,degree_id,2.111,17241,total_reg_courses,start_total_in_courses,17241,210,166,43,16518,False
clean_v1,degree_id,2.111,17241,total_reg_credits,total_reg_courses,17241,960,740,13,16335,False
clean_v1,degree_id,2.111,17241,total_reg_courses,total_reg_credits,17241,210,166,64,16518,False
clean_v1,degree_id,20.111,322,start_total_in_credits,start_total_in_courses,322,113,62,4,231,False
clean_v1,degree_id,20.111,322,start_total_in_courses,start_total_in_credits,322,47,41,9,316,False
clean_v1,degree_id,20.111,322,start_total_in_credits,total_reg_credits,322,113,77,13,286,False
clean_v1,degree_id,20.111,322,total_reg_credits,start_total_in_credits,322,173,88,5,237,False
clean_v1,degree_id,20.111,322,start_total_in_credits,total_reg_courses,322,113,77,12,286,False
clean_v1,degree_id,20.111,322,total_reg_courses,start_total_in_credits,322,85,65,10,301,False
clean_v1,degree_id,20.111,322,start_total_in_courses,total_reg_credits,322,47,41,24,316,False
clean_v1,degree_id,20.111,322,total_reg_credits,start_total_in_courses,322,173,87,5,235,False
clean_v1,degree_id,20.111,322,start_total_in_courses,total_reg_courses,322,47,41,22,316,False
clean_v1,degree_id,20.111,322,total_reg_courses,start_total_in_courses,322,85,65,10,301,False
clean_v1,degree_id,20.111,322,total_reg_credits,total_reg_courses,322,173,73,5,203,False
clean_v1,degree_id,20.111,322,total_reg_courses,total_reg_credits,322,85,66,8,303,False
clean_v1,degree_id,21.111,716,start_total_in_credits,start_total_in_courses,716,53,28,4,189,False
clean_v1,degree_id,21.111,716,start_total_in_courses,start_total_in_credits,716,20,18,8,442,False
clean_v1,degree_id,21.111,716,start_total_in_credits,total_reg_credits,716,53,49,11,710,False
clean_v1,degree_id,21.111,716,total_reg_credits,start_total_in_credits,716,62,39,14,443,False
clean_v1,degree_id,21.111,716,start_total_in_credits,total_reg_courses,716,53,49,9,710,False
clean_v1,degree_id,21.111,716,total_reg_courses,start_total_in_credits,716,25,20,24,462,False
clean_v1,degree_id,21.111,716,start_total_in_courses,total_reg_credits,716,20,19,18,715,False
clean_v1,degree_id,21.111,716,total_reg_credits,start_total_in_courses,716,62,39,9,443,False
clean_v1,degree_id,21.111,716,start_total_in_courses,total_reg_courses,716,20,19,12,715,False
clean_v1,degree_id,21.111,716,total_reg_courses,start_total_in_courses,716,25,20,11,462,False
clean_v1,degree_id,21.111,716,total_reg_credits,total_reg_courses,716,62,31,4,346,False
clean_v1,degree_id,21.111,716,total_reg_courses,total_reg_credits,716,25,20,7,462,False
clean_v1,degree_id,22.111,791,start_total_in_credits,start_total_in_courses,791,54,33,3,435,False
clean_v1,degree_id,22.111,791,start_total_in_courses,start_total_in_credits,791,26,22,6,595,False
clean_v1,degree_id,22.111,791,start_total_in_credits,total_reg_credits,791,54,47,24,784,False
clean_v1,degree_id,22.111,791,total_reg_credits,start_total_in_credits,791,120,91,13,594,False
clean_v1,degree_id,22.111,791,start_total_in_credits,total_reg_courses,791,54,47,18,784,False
clean_v1,degree_id,22.111,791,total_reg_courses,start_total_in_credits,791,59,47,18,610,False
clean_v1,degree_id,22.111,791,start_total_in_courses,total_reg_credits,791,26,24,37,789,False
clean_v1,degree_id,22.111,791,total_reg_credits,start_total_in_courses,791,120,90,9,592,False
clean_v1,degree_id,22.111,791,start_total_in_courses,total_reg_courses,791,26,24,25,789,False
clean_v1,degree_id,22.111,791,total_reg_courses,start_total_in_courses,791,59,47,13,610,False
clean_v1,degree_id,22.111,791,total_reg_credits,total_reg_courses,791,120,79,5,437,False
clean_v1,degree_id,22.111,791,total_reg_courses,total_reg_credits,791,59,47,9,608,False
clean_v1,degree_id,24.111,4632,start_total_in_credits,start_total_in_courses,4632,180,162,4,3908,False
clean_v1,degree_id,24.111,4632,start_total_in_courses,start_total_in_credits,4632,62,59,12,4261,False
clean_v1,degree_id,24.111,4632,start_total_in_credits,total_reg_credits,4632,180,179,35,4631,False
clean_v1,degree_id,24.111,4632,total_reg_credits,start_total_in_credits,4632,257,226,35,4267,False
clean_v1,degree_id,24.111,4632,start_total_in_credits,total_reg_courses,4632,180,179,28,4631,False
clean_v1,degree_id,24.111,4632,total_reg_courses,start_total_in_credits,4632,95,89,64,4292,False
clean_v1,degree_id,24.111,4632,start_total_in_courses,total_reg_credits,4632,62,61,62,4631,False
clean_v1,degree_id,24.111,4632,total_reg_credits,start_total_in_courses,4632,257,226,24,4267,False
clean_v1,degree_id,24.111,4632,start_total_in_courses,total_reg_courses,4632,62,61,43,4631,False
clean_v1,degree_id,24.111,4632,total_reg_courses,start_total_in_courses,4632,95,89,37,4292,False
clean_v1,degree_id,24.111,4632,total_reg_credits,total_reg_courses,4632,257,213,7,4204,False
clean_v1,degree_id,24.111,4632,total_reg_courses,total_reg_credits,4632,95,88,16,4289,False
clean_v1,degree_id,26.111,1797,start_total_in_credits,start_total_in_courses,1797,165,123,3,1424,False
clean_v1,degree_id,26.111,1797,start_total_in_courses,start_total_in_credits,1797,62,60,8,1672,False
clean_v1,degree_id,26.111,1797,start_total_in_credits,total_reg_credits,1797,165,153,46,1783,False
clean_v1,degree_id,26.111,1797,total_reg_credits,start_total_in_credits,1797,184,167,18,1722,False
clean_v1,degree_id,26.111,1797,start_total_in_credits,total_reg_courses,1797,165,155,27,1787,False
clean_v1,degree_id,26.111,1797,total_reg_courses,start_total_in_credits,1797,71,64,31,1732,False
clean_v1,degree_id,26.111,1797,start_total_in_courses,total_reg_credits,1797,62,61,46,1796,False
clean_v1,degree_id,26.111,1797,total_reg_credits,start_total_in_courses,1797,184,167,15,1722,False
clean_v1,degree_id,26.111,1797,start_total_in_courses,total_reg_courses,1797,62,61,27,1796,False
clean_v1,degree_id,26.111,1797,total_reg_courses,start_total_in_courses,1797,71,64,21,1732,False
clean_v1,degree_id,26.111,1797,total_reg_credits,total_reg_courses,1797,184,153,5,1633,False
clean_v1,degree_id,26.111,1797,total_reg_courses,total_reg_credits,1797,71,63,13,1716,False
clean_v1,degree_id,27.111,928,start_total_in_credits,start_total_in_courses,928,146,98,4,696,False
clean_v1,degree_id,27.111,928,start_total_in_courses,start_total_in_credits,928,57,52,7,847,False
clean_v1,degree_id,27.111,928,start_total_in_credits,total_reg_credits,928,146,130,24,912,False
clean_v1,degree_id,27.111,928,total_reg_credits,start_total_in_credits,928,163,143,13,863,False
clean_v1,degree_id,27.111,928,start_total_in_credits,total_reg_courses,928,146,129,15,910,False
clean_v1,degree_id,27.111,928,total_reg_courses,start_total_in_credits,928,63,60,23,880,False
clean_v1,degree_id,27.111,928,start_total_in_courses,total_reg_credits,928,57,53,25,924,False
clean_v1,degree_id,27.111,928,total_reg_credits,start_total_in_courses,928,163,142,11,861,False
clean_v1,degree_id,27.111,928,start_total_in_courses,total_reg_courses,928,57,52,16,922,False
clean_v1,degree_id,27.111,928,total_reg_courses,start_total_in_courses,928,63,60,15,880,False
clean_v1,degree_id,27.111,928,total_reg_credits,total_reg_courses,928,163,129,5,797,False
clean_v1,degree_id,27.111,928,total_reg_courses,total_reg_credits,928,63,60,12,880,False
clean_v1,degree_id,29.111,1102,start_total_in_credits,start_total_in_courses,1102,150,107,4,858,False
clean_v1,degree_id,29.111,1102,start_total_in_courses,start_total_in_credits,1102,59,54,9,1002,False
clean_v1,degree_id,29.111,1102,start_total_in_credits,total_reg_credits,1102,150,136,20,1088,False
clean_v1,degree_id,29.111,1102,total_reg_credits,start_total_in_credits,1102,178,147,16,1003,False
clean_v1,degree_id,29.111,1102,start_total_in_credits,total_reg_courses,1102,150,135,16,1086,False
clean_v1,degree_id,29.111,1102,total_reg_courses,start_total_in_credits,1102,71,62,28,1028,False
clean_v1,degree_id,29.111,1102,start_total_in_courses,total_reg_credits,1102,59,58,27,1101,False
clean_v1,degree_id,29.111,1102,total_reg_credits,start_total_in_courses,1102,178,147,13,1003,False
clean_v1,degree_id,29.111,1102,start_total_in_courses,total_reg_courses,1102,59,58,20,1101,False
clean_v1,degree_id,29.111,1102,total_reg_courses,start_total_in_courses,1102,71,62,19,1028,False
clean_v1,degree_id,29.111,1102,total_reg_credits,total_reg_courses,1102,178,129,5,887,False
clean_v1,degree_id,29.111,1102,total_reg_courses,total_reg_credits,1102,71,61,12,1004,False
clean_v1,degree_id,3.111,5926,start_total_in_credits,start_total_in_courses,5926,171,151,4,5227,False
clean_v1,degree_id,3.111,5926,start_total_in_courses,start_total_in_credits,5926,59,58,11,5600,False
clean_v1,degree_id,3.111,5926,start_total_in_credits,total_reg_credits,5926,171,169,50,5924,False
clean_v1,degree_id,3.111,5926,total_reg_credits,start_total_in_credits,5926,267,239,35,5598,False
clean_v1,degree_id,3.111,5926,start_total_in_credits,total_reg_courses,5926,171,168,29,5922,False
clean_v1,degree_id,3.111,5926,total_reg_courses,start_total_in_credits,5926,103,91,64,5614,False
clean_v1,degree_id,3.111,5926,start_total_in_courses,total_reg_credits,5926,59,59,78,5926,False
clean_v1,degree_id,3.111,5926,total_reg_credits,start_total_in_courses,5926,267,238,24,5596,False
clean_v1,degree_id,3.111,5926,start_total_in_courses,total_reg_courses,5926,59,59,40,5926,False
clean_v1,degree_id,3.111,5926,total_reg_courses,start_total_in_courses,5926,103,90,32,5612,False
clean_v1,degree_id,3.111,5926,total_reg_credits,total_reg_courses,5926,267,230,7,5339,False
clean_v1,degree_id,3.111,5926,total_reg_courses,total_reg_credits,5926,103,91,17,5614,False
clean_v1,degree_id,30.111,447,start_total_in_credits,start_total_in_courses,447,116,53,3,255,False
clean_v1,degree_id,30.111,447,start_total_in_courses,start_total_in_credits,447,54,41,6,373,False
clean_v1,degree_id,30.111,447,start_total_in_credits,total_reg_credits,447,116,85,14,416,False
clean_v1,degree_id,30.111,447,total_reg_credits,start_total_in_credits,447,142,95,8,359,False
clean_v1,degree_id,30.111,447,start_total_in_credits,total_reg_courses,447,116,83,12,411,False
clean_v1,degree_id,30.111,447,total_reg_courses,start_total_in_credits,447,65,52,16,393,False
clean_v1,degree_id,30.111,447,start_total_in_courses,total_reg_credits,447,54,43,21,436,False
clean_v1,degree_id,30.111,447,total_reg_credits,start_total_in_courses,447,142,95,8,359,False
clean_v1,degree_id,30.111,447,start_total_in_courses,total_reg_courses,447,54,43,17,436,False
clean_v1,degree_id,30.111,447,total_reg_courses,start_total_in_courses,447,65,52,15,393,False
clean_v1,degree_id,30.111,447,total_reg_credits,total_reg_courses,447,142,70,4,241,False
clean_v1,degree_id,30.111,447,total_reg_courses,total_reg_credits,447,65,50,8,376,False
clean_v1,degree_id,31.111,340,start_total_in_credits,start_total_in_courses,340,89,34,3,138,False
clean_v1,degree_id,31.111,340,start_total_in_courses,start_total_in_credits,340,41,31,6,256,False
clean_v1,degree_id,31.111,340,start_total_in_credits,total_reg_credits,340,89,61,13,312,False
clean_v1,degree_id,31.111,340,total_reg_credits,start_total_in_credits,340,108,75,7,262,False
clean_v1,degree_id,31.111,340,start_total_in_credits,total_reg_courses,340,89,60,11,310,False
clean_v1,degree_id,31.111,340,total_reg_courses,start_total_in_credits,340,48,40,15,288,False
clean_v1,degree_id,31.111,340,start_total_in_courses,total_reg_credits,340,41,34,16,333,False
clean_v1,degree_id,31.111,340,total_reg_credits,start_total_in_courses,340,108,71,7,253,False
clean_v1,degree_id,31.111,340,start_total_in_courses,total_reg_courses,340,41,34,11,333,False
clean_v1,degree_id,31.111,340,total_reg_courses,start_total_in_courses,340,48,40,12,288,False
clean_v1,degree_id,31.111,340,total_reg_credits,total_reg_courses,340,108,42,3,139,False
clean_v1,degree_id,31.111,340,total_reg_courses,total_reg_credits,340,48,38,6,277,False
clean_v1,degree_id,33.111,148,start_total_in_credits,start_total_in_courses,148,69,8,2,23,False
clean_v1,degree_id,33.111,148,start_total_in_courses,start_total_in_credits,148,37,26,4,114,False
clean_v1,degree_id,33.111,148,start_total_in_credits,total_reg_credits,148,69,35,4,114,False
clean_v1,degree_id,33.111,148,total_reg_credits,start_total_in_credits,148,66,31,6,95,False
clean_v1,degree_id,33.111,148,start_total_in_credits,total_reg_courses,148,69,35,4,114,False
clean_v1,degree_id,33.111,148,total_reg_courses,start_total_in_credits,148,37,26,10,120,False
clean_v1,degree_id,33.111,148,start_total_in_courses,total_reg_credits,148,37,32,7,143,False
clean_v1,degree_id,33.111,148,total_reg_credits,start_total_in_courses,148,66,31,6,95,False
clean_v1,degree_id,33.111,148,start_total_in_courses,total_reg_courses,148,37,30,6,139,False
clean_v1,degree_id,33.111,148,total_reg_courses,start_total_in_courses,148,37,26,8,120,False
clean_v1,degree_id,33.111,148,total_reg_credits,total_reg_courses,148,66,17,3,44,False
clean_v1,degree_id,33.111,148,total_reg_courses,total_reg_credits,148,37,25,5,118,False
clean_v1,degree_id,34.111,432,start_total_in_credits,start_total_in_courses,432,100,28,2,120,False
clean_v1,degree_id,34.111,432,start_total_in_courses,start_total_in_credits,432,43,35,6,356,False
clean_v1,degree_id,34.111,432,start_total_in_credits,total_reg_credits,432,100,81,7,413,False
clean_v1,degree_id,34.111,432,total_reg_credits,start_total_in_credits,432,101,76,8,352,False
clean_v1,degree_id,34.111,432,start_total_in_credits,total_reg_courses,432,100,81,7,413,False
clean_v1,degree_id,34.111,432,total_reg_courses,start_total_in_credits,432,42,37,13,372,False
clean_v1,degree_id,34.111,432,start_total_in_courses,total_reg_credits,432,43,39,15,428,False
clean_v1,degree_id,34.111,432,total_reg_credits,start_total_in_courses,432,101,74,8,348,False
clean_v1,degree_id,34.111,432,start_total_in_courses,total_reg_courses,432,43,39,11,428,False
clean_v1,degree_id,34.111,432,total_reg_courses,start_total_in_courses,432,42,37,10,372,False
clean_v1,degree_id,34.111,432,total_reg_credits,total_reg_courses,432,101,43,3,184,False
clean_v1,degree_id,34.111,432,total_reg_courses,total_reg_credits,432,42,37,6,371,False
clean_v1,degree_id,35.111,150,start_total_in_credits,start_total_in_courses,150,67,6,2,21,False
clean_v1,degree_id,35.111,150,start_total_in_courses,start_total_in_credits,150,36,25,4,112,False
clean_v1,degree_id,35.111,150,start_total_in_credits,total_reg_credits,150,67,33,6,115,False
clean_v1,degree_id,35.111,150,total_reg_credits,start_total_in_credits,150,64,32,6,100,False
clean_v1,degree_id,35.111,150,start_total_in_credits,total_reg_courses,150,67,31,6,110,False
clean_v1,degree_id,35.111,150,total_reg_courses,start_total_in_credits,150,35,26,8,123,False
clean_v1,degree_id,35.111,150,start_total_in_courses,total_reg_credits,150,36,29,8,142,False
clean_v1,degree_id,35.111,150,total_reg_credits,start_total_in_courses,150,64,31,5,98,False
clean_v1,degree_id,35.111,150,start_total_in_courses,total_reg_courses,150,36,27,6,136,False
clean_v1,degree_id,35.111,150,total_reg_courses,start_total_in_courses,150,35,26,6,123,False
clean_v1,degree_id,35.111,150,total_reg_credits,total_reg_courses,150,64,10,2,28,False
clean_v1,degree_id,35.111,150,total_reg_courses,total_reg_credits,150,35,25,4,119,False
clean_v1,degree_id,36.111,424,start_total_in_credits,start_total_in_courses,424,94,22,2,100,False
clean_v1,degree_id,36.111,424,start_total_in_courses,start_total_in_credits,424,43,33,5,346,False
clean_v1,degree_id,36.111,424,start_total_in_credits,total_reg_credits,424,94,70,8,397,False
clean_v1,degree_id,36.111,424,total_reg_credits,start_total_in_credits,424,90,73,9,351,False
clean_v1,degree_id,36.111,424,start_total_in_credits,total_reg_courses,424,94,67,8,390,False
clean_v1,degree_id,36.111,424,total_reg_courses,start_total_in_credits,424,39,36,17,365,False
clean_v1,degree_id,36.111,424,start_total_in_courses,total_reg_credits,424,43,38,14,419,False
clean_v1,degree_id,36.111,424,total_reg_credits,start_total_in_courses,424,90,73,7,351,False
clean_v1,degree_id,36.111,424,start_total_in_courses,total_reg_courses,424,43,37,11,417,False
clean_v1,degree_id,36.111,424,total_reg_courses,start_total_in_courses,424,39,36,10,365,False
clean_v1,degree_id,36.111,424,total_reg_credits,total_reg_courses,424,90,33,2,133,False
clean_v1,degree_id,36.111,424,total_reg_courses,total_reg_credits,424,39,32,5,355,False
clean_v1,degree_id,37.111,117,start_total_in_credits,start_total_in_courses,117,56,4,2,9,False
clean_v1,degree_id,37.111,117,start_total_in_courses,start_total_in_credits,117,32,19,4,85,False
clean_v1,degree_id,37.111,117,start_total_in_credits,total_reg_credits,117,56,26,4,87,False
clean_v1,degree_id,37.111,117,total_reg_credits,start_total_in_credits,117,61,21,5,60,False
clean_v1,degree_id,37.111,117,start_total_in_credits,total_reg_courses,117,56,26,4,87,False
clean_v1,degree_id,37.111,117,total_reg_courses,start_total_in_credits,117,37,27,5,92,False
clean_v1,degree_id,37.111,117,start_total_in_courses,total_reg_credits,117,32,23,8,108,False
clean_v1,degree_id,37.111,117,total_reg_credits,start_total_in_courses,117,61,20,5,58,False
clean_v1,degree_id,37.111,117,start_total_in_courses,total_reg_courses,117,32,23,8,108,False
clean_v1,degree_id,37.111,117,total_reg_courses,start_total_in_courses,117,37,25,5,87,False
clean_v1,degree_id,37.111,117,total_reg_credits,total_reg_courses,117,61,9,2,25,False
clean_v1,degree_id,37.111,117,total_reg_courses,total_reg_credits,117,37,23,4,82,False
clean_v1,degree_id,39.111,248,start_total_in_credits,start_total_in_courses,248,38,4,2,9,False
clean_v1,degree_id,39.111,248,start_total_in_courses,start_total_in_credits,248,19,14,4,180,False
clean_v1,degree_id,39.111,248,start_total_in_credits,total_reg_credits,248,38,25,16,235,False
clean_v1,degree_id,39.111,248,total_reg_credits,start_total_in_credits,248,60,34,8,165,False
clean_v1,degree_id,39.111,248,start_total_in_credits,total_reg_courses,248,38,25,11,235,False
clean_v1,degree_id,39.111,248,total_reg_courses,start_total_in_credits,248,26,24,11,191,False
clean_v1,degree_id,39.111,248,start_total_in_courses,total_reg_credits,248,19,16,17,245,False
clean_v1,degree_id,39.111,248,total_reg_credits,start_total_in_courses,248,60,34,7,165,False
clean_v1,degree_id,39.111,248,start_total_in_courses,total_reg_courses,248,19,16,12,245,False
clean_v1,degree_id,39.111,248,total_reg_courses,start_total_in_courses,248,26,24,8,191,False
clean_v1,degree_id,39.111,248,total_reg_credits,total_reg_courses,248,60,15,3,70,False
clean_v1,degree_id,39.111,248,total_reg_courses,total_reg_credits,248,26,24,5,191,False
clean_v1,degree_id,4.111,390,start_total_in_credits,start_total_in_courses,390,116,34,3,132,False
clean_v1,degree_id,4.111,390,start_total_in_courses,start_total_in_credits,390,55,45,6,311,False
clean_v1,degree_id,4.111,390,start_total_in_credits,total_reg_credits,390,116,71,6,341,False
clean_v1,degree_id,4.111,390,total_reg_credits,start_total_in_credits,390,123,63,12,265,False
clean_v1,degree_id,4.111,390,start_total_in_credits,total_reg_courses,390,116,68,6,333,False
clean_v1,degree_id,4.111,390,total_reg_courses,start_total_in_credits,390,63,48,16,311,False
clean_v1,degree_id,4.111,390,start_total_in_courses,total_reg_credits,390,55,50,14,385,False
clean_v1,degree_id,4.111,390,total_reg_credits,start_total_in_courses,390,123,62,7,263,False
clean_v1,degree_id,4.111,390,start_total_in_courses,total_reg_courses,390,55,50,9,385,False
clean_v1,degree_id,4.111,390,total_reg_courses,start_total_in_courses,390,63,47,10,309,False
clean_v1,degree_id,4.111,390,total_reg_credits,total_reg_courses,390,123,43,3,155,False
clean_v1,degree_id,4.111,390,total_reg_courses,total_reg_credits,390,63,48,6,311,False
clean_v1,degree_id,40.111,759,start_total_in_credits,start_total_in_courses,759,39,7,2,125,False
clean_v1,degree_id,40.111,759,start_total_in_courses,start_total_in_credits,759,17,13,5,461,False
clean_v1,degree_id,40.111,759,start_total_in_credits,total_reg_credits,759,39,30,19,748,False
clean_v1,degree_id,40.111,759,total_reg_credits,start_total_in_credits,759,59,44,17,487,False
clean_v1,degree_id,40.111,759,start_total_in_credits,total_reg_courses,759,39,31,12,750,False
clean_v1,degree_id,40.111,759,total_reg_courses,start_total_in_credits,759,23,21,19,500,False
clean_v1,degree_id,40.111,759,start_total_in_courses,total_reg_credits,759,17,14,24,756,False
clean_v1,degree_id,40.111,759,total_reg_credits,start_total_in_courses,759,59,44,11,487,False
clean_v1,degree_id,40.111,759,start_total_in_courses,total_reg_courses,759,17,14,14,756,False
clean_v1,degree_id,40.111,759,total_reg_courses,start_total_in_courses,759,23,21,12,500,False
clean_v1,degree_id,40.111,759,total_reg_credits,total_reg_courses,759,59,28,4,350,False
clean_v1,degree_id,40.111,759,total_reg_courses,total_reg_credits,759,23,20,7,490,False
clean_v1,degree_id,41.111,2112,start_total_in_credits,start_total_in_courses,2112,101,81,5,1502,False
clean_v1,degree_id,41.111,2112,start_total_in_courses,start_total_in_credits,2112,37,32,14,1529,False
clean_v1,degree_id,41.111,2112,start_total_in_credits,total_reg_credits,2112,101,86,16,2096,False
clean_v1,degree_id,41.111,2112,total_reg_credits,start_total_in_credits,2112,86,71,23,1526,False
clean_v1,degree_id,41.111,2112,start_total_in_credits,total_reg_courses,2112,101,85,11,2091,False
clean_v1,degree_id,41.111,2112,total_reg_courses,start_total_in_credits,2112,34,25,44,1533,False
clean_v1,degree_id,41.111,2112,start_total_in_courses,total_reg_credits,2112,37,33,30,2108,False
clean_v1,degree_id,41.111,2112,total_reg_credits,start_total_in_courses,2112,86,72,14,1528,False
clean_v1,degree_id,41.111,2112,start_total_in_courses,total_reg_courses,2112,37,33,16,2108,False
clean_v1,degree_id,41.111,2112,total_reg_courses,start_total_in_courses,2112,34,25,20,1533,False
clean_v1,degree_id,41.111,2112,total_reg_credits,total_reg_courses,2112,86,69,5,1509,False
clean_v1,degree_id,41.111,2112,total_reg_courses,total_reg_credits,2112,34,24,15,1531,False
clean_v1,degree_id,42.111,1663,start_total_in_credits,start_total_in_courses,1663,90,71,5,1141,False
clean_v1,degree_id,42.111,1663,start_total_in_courses,start_total_in_credits,1663,39,36,9,1187,False
clean_v1,degree_id,42.111,1663,start_total_in_credits,total_reg_credits,1663,90,77,11,1640,False
clean_v1,degree_id,42.111,1663,total_reg_credits,start_total_in_credits,1663,73,61,18,1184,False
clean_v1,degree_id,42.111,1663,start_total_in_credits,total_reg_courses,1663,90,78,10,1649,False
clean_v1,degree_id,42.111,1663,total_reg_courses,start_total_in_credits,1663,33,29,31,1193,False
clean_v1,degree_id,42.111,1663,start_total_in_courses,total_reg_credits,1663,39,37,19,1661,False
clean_v1,degree_id,42.111,1663,total_reg_credits,start_total_in_courses,1663,73,61,14,1184,False
clean_v1,degree_id,42.111,1663,start_total_in_courses,total_reg_courses,1663,39,36,13,1656,False
clean_v1,degree_id,42.111,1663,total_reg_courses,start_total_in_courses,1663,33,29,18,1193,False
clean_v1,degree_id,42.111,1663,total_reg_credits,total_reg_courses,1663,73,58,5,1174,False
clean_v1,degree_id,42.111,1663,total_reg_courses,total_reg_credits,1663,33,28,11,1189,False
clean_v1,degree_id,44.111,1128,start_total_in_credits,start_total_in_courses,1128,88,46,4,493,False
clean_v1,degree_id,44.111,1128,start_total_in_courses,start_total_in_credits,1128,40,32,9,774,False
clean_v1,degree_id,44.111,1128,start_total_in_credits,total_reg_credits,1128,88,69,9,1098,False
clean_v1,degree_id,44.111,1128,total_reg_credits,start_total_in_credits,1128,65,53,18,772,False
clean_v1,degree_id,44.111,1128,start_total_in_credits,total_reg_courses,1128,88,70,9,1101,False
clean_v1,degree_id,44.111,1128,total_reg_courses,start_total_in_credits,1128,28,24,31,782,False
clean_v1,degree_id,44.111,1128,start_total_in_courses,total_reg_credits,1128,40,34,15,1122,False
clean_v1,degree_id,44.111,1128,total_reg_credits,start_total_in_courses,1128,65,53,13,772,False
clean_v1,degree_id,44.111,1128,start_total_in_courses,total_reg_courses,1128,40,33,10,1119,False
clean_v1,degree_id,44.111,1128,total_reg_courses,start_total_in_courses,1128,28,24,16,782,False
clean_v1,degree_id,44.111,1128,total_reg_credits,total_reg_courses,1128,65,46,4,615,False
clean_v1,degree_id,44.111,1128,total_reg_courses,total_reg_credits,1128,28,24,8,782,False
clean_v1,degree_id,45.111,410,start_total_in_credits,start_total_in_courses,410,44,3,2,19,False
clean_v1,degree_id,45.111,410,start_total_in_courses,start_total_in_credits,410,28,17,3,181,False
clean_v1,degree_id,45.111,410,start_total_in_credits,total_reg_credits,410,44,29,9,387,False
clean_v1,degree_id,45.111,410,total_reg_credits,start_total_in_credits,410,45,28,9,282,False
clean_v1,degree_id,45.111,410,start_total_in_credits,total_reg_courses,410,44,29,8,387,False
clean_v1,degree_id,45.111,410,total_reg_courses,start_total_in_credits,410,25,21,11,296,False
clean_v1,degree_id,45.111,410,start_total_in_courses,total_reg_credits,410,28,26,10,408,False
clean_v1,degree_id,45.111,410,total_reg_credits,start_total_in_courses,410,45,28,9,282,False
clean_v1,degree_id,45.111,410,start_total_in_courses,total_reg_courses,410,28,25,8,406,False
clean_v1,degree_id,45.111,410,total_reg_courses,start_total_in_courses,410,25,21,9,296,False
clean_v1,degree_id,45.111,410,total_reg_credits,total_reg_courses,410,45,3,2,22,False
clean_v1,degree_id,45.111,410,total_reg_courses,total_reg_credits,410,25,17,4,217,False
clean_v1,degree_id,46.111,398,start_total_in_credits,start_total_in_courses,398,60,5,2,21,False
clean_v1,degree_id,46.111,398,start_total_in_courses,start_total_in_credits,398,28,19,5,232,False
clean_v1,degree_id,46.111,398,start_total_in_credits,total_reg_credits,398,60,34,6,361,False
clean_v1,degree_id,46.111,398,total_reg_credits,start_total_in_credits,398,47,27,10,250,False
clean_v1,degree_id,46.111,398,start_total_in_credits,total_reg_courses,398,60,34,6,361,False
clean_v1,degree_id,46.111,398,total_reg_courses,start_total_in_credits,398,24,19,12,268,False
clean_v1,degree_id,46.111,398,start_total_in_courses,total_reg_credits,398,28,22,11,392,False
clean_v1,degree_id,46.111,398,total_reg_credits,start_total_in_courses,398,47,27,8,250,False
clean_v1,degree_id,46.111,398,start_total_in_courses,total_reg_courses,398,28,22,8,392,False
clean_v1,degree_id,46.111,398,total_reg_courses,start_total_in_courses,398,24,19,11,268,False
clean_v1,degree_id,46.111,398,total_reg_credits,total_reg_courses,398,47,4,2,21,False
clean_v1,degree_id,46.111,398,total_reg_courses,total_reg_credits,398,24,18,4,265,False
clean_v1,degree_id,47.111,478,start_total_in_credits,start_total_in_courses,478,55,5,2,26,False
clean_v1,degree_id,47.111,478,start_total_in_courses,start_total_in_credits,478,27,21,4,315,False
clean_v1,degree_id,47.111,478,start_total_in_credits,total_reg_credits,478,55,37,7,439,False
clean_v1,degree_id,47.111,478,total_reg_credits,start_total_in_credits,478,51,32,10,312,False
clean_v1,degree_id,47.111,478,start_total_in_credits,total_reg_courses,478,55,36,6,437,False
clean_v1,degree_id,47.111,478,total_reg_courses,start_total_in_credits,478,24,21,16,331,False
clean_v1,degree_id,47.111,478,start_total_in_courses,total_reg_credits,478,27,24,11,474,False
clean_v1,degree_id,47.111,478,total_reg_credits,start_total_in_courses,478,51,31,10,310,False
clean_v1,degree_id,47.111,478,start_total_in_courses,total_reg_courses,478,27,24,8,474,False
clean_v1,degree_id,47.111,478,total_reg_courses,start_total_in_courses,478,24,21,11,331,False
clean_v1,degree_id,47.111,478,total_reg_credits,total_reg_courses,478,51,4,2,16,False
clean_v1,degree_id,47.111,478,total_reg_courses,total_reg_credits,478,24,18,4,324,False
clean_v1,degree_id,48.111,449,start_total_in_credits,start_total_in_courses,449,59,4,2,20,False
clean_v1,degree_id,48.111,449,start_total_in_courses,start_total_in_credits,449,25,21,4,287,False
clean_v1,degree_id,48.111,449,start_total_in_credits,total_reg_credits,449,59,37,10,413,False
clean_v1,degree_id,48.111,449,total_reg_credits,start_total_in_credits,449,51,36,9,298,False
clean_v1,degree_id,48.111,449,start_total_in_credits,total_reg_courses,449,59,37,9,413,False
clean_v1,degree_id,48.111,449,total_reg_courses,start_total_in_credits,449,23,22,14,316,False
clean_v1,degree_id,48.111,449,start_total_in_courses,total_reg_credits,449,25,25,14,449,False
clean_v1,degree_id,48.111,449,total_reg_credits,start_total_in_courses,449,51,36,9,298,False
clean_v1,degree_id,48.111,449,start_total_in_courses,total_reg_courses,449,25,24,10,446,False
clean_v1,degree_id,48.111,449,total_reg_courses,start_total_in_courses,449,23,22,10,316,False
clean_v1,degree_id,48.111,449,total_reg_credits,total_reg_courses,449,51,6,2,26,False
clean_v1,degree_id,48.111,449,total_reg_courses,total_reg_credits,449,23,20,4,305,False
clean_v1,degree_id,49.111,227,start_total_in_credits,start_total_in_courses,227,49,2,2,5,False
clean_v1,degree_id,49.111,227,start_total_in_courses,start_total_in_credits,227,29,17,3,128,False
clean_v1,degree_id,49.111,227,start_total_in_credits,total_reg_credits,227,49,23,7,197,False
clean_v1,degree_id,49.111,227,total_reg_credits,start_total_in_credits,227,39,25,9,151,False
clean_v1,degree_id,49.111,227,start_total_in_credits,total_reg_courses,227,49,22,7,195,False
clean_v1,degree_id,49.111,227,total_reg_courses,start_total_in_credits,227,22,17,13,162,False
clean_v1,degree_id,49.111,227,start_total_in_courses,total_reg_credits,227,29,21,9,219,False
clean_v1,degree_id,49.111,227,total_reg_credits,start_total_in_courses,227,39,25,9,151,False
clean_v1,degree_id,49.111,227,start_total_in_courses,total_reg_courses,227,29,20,7,217,False
clean_v1,degree_id,49.111,227,total_reg_courses,start_total_in_courses,227,22,17,10,162,False
clean_v1,degree_id,49.111,227,total_reg_credits,total_reg_courses,227,39,3,2,10,False
clean_v1,degree_id,49.111,227,total_reg_courses,total_reg_credits,227,22,16,3,151,False
clean_v1,degree_id,5.111,152,start_total_in_credits,start_total_in_courses,152,80,9,2,23,False
clean_v1,degree_id,5.111,152,start_total_in_courses,start_total_in_credits,152,51,23,4,85,False
clean_v1,degree_id,5.111,152,start_total_in_credits,total_reg_credits,152,80,36,4,108,False
clean_v1,degree_id,5.111,152,total_reg_credits,start_total_in_credits,152,76,33,5,89,False
clean_v1,degree_id,5.111,152,start_total_in_credits,total_reg_courses,152,80,36,4,108,False
clean_v1,degree_id,5.111,152,total_reg_courses,start_total_in_credits,152,45,28,9,115,False
clean_v1,degree_id,5.111,152,start_total_in_courses,total_reg_credits,152,51,36,6,137,False
clean_v1,degree_id,5.111,152,total_reg_credits,start_total_in_courses,152,76,32,5,87,False
clean_v1,degree_id,5.111,152,start_total_in_courses,total_reg_courses,152,51,36,6,137,False
clean_v1,degree_id,5.111,152,total_reg_courses,start_total_in_courses,152,45,28,8,115,False
clean_v1,degree_id,5.111,152,total_reg_credits,total_reg_courses,152,76,14,3,31,False
clean_v1,degree_id,5.111,152,total_reg_courses,total_reg_credits,152,45,25,5,105,False
clean_v1,degree_id,50.111,455,start_total_in_credits,start_total_in_courses,455,99,27,3,111,False
clean_v1,degree_id,50.111,455,start_total_in_courses,start_total_in_credits,455,46,34,5,304,False
clean_v1,degree_id,50.111,455,start_total_in_credits,total_reg_credits,455,99,59,9,406,False
clean_v1,degree_id,50.111,455,total_reg_credits,start_total_in_credits,455,67,44,22,301,False
clean_v1,degree_id,50.111,455,start_total_in_credits,total_reg_courses,455,99,55,9,398,False
clean_v1,degree_id,50.111,455,total_reg_courses,start_total_in_credits,455,27,24,23,321,False
clean_v1,degree_id,50.111,455,start_total_in_courses,total_reg_credits,455,46,36,15,437,False
clean_v1,degree_id,50.111,455,total_reg_credits,start_total_in_courses,455,67,44,13,301,False
clean_v1,degree_id,50.111,455,start_total_in_courses,total_reg_courses,455,46,34,11,430,False
clean_v1,degree_id,50.111,455,total_reg_courses,start_total_in_courses,455,27,24,13,321,False
clean_v1,degree_id,50.111,455,total_reg_credits,total_reg_courses,455,67,27,4,245,False
clean_v1,degree_id,50.111,455,total_reg_courses,total_reg_credits,455,27,24,8,321,False
clean_v1,degree_id,53.111,211,start_total_in_credits,start_total_in_courses,211,56,6,2,22,False
clean_v1,degree_id,53.111,211,start_total_in_courses,start_total_in_credits,211,24,22,4,163,False
clean_v1,degree_id,53.111,211,start_total_in_credits,total_reg_credits,211,56,33,6,180,False
clean_v1,degree_id,53.111,211,total_reg_credits,start_total_in_credits,211,50,34,6,147,False
clean_v1,degree_id,53.111,211,start_total_in_credits,total_reg_courses,211,56,33,6,180,False
clean_v1,degree_id,53.111,211,total_reg_courses,start_total_in_credits,211,25,19,13,160,False
clean_v1,degree_id,53.111,211,start_total_in_courses,total_reg_credits,211,24,23,10,210,False
clean_v1,degree_id,53.111,211,total_reg_credits,start_total_in_courses,211,50,34,5,147,False
clean_v1,degree_id,53.111,211,start_total_in_courses,total_reg_courses,211,24,22,8,208,False
clean_v1,degree_id,53.111,211,total_reg_courses,start_total_in_courses,211,25,19,8,160,False
clean_v1,degree_id,53.111,211,total_reg_credits,total_reg_courses,211,50,8,2,25,False
clean_v1,degree_id,53.111,211,total_reg_courses,total_reg_credits,211,25,17,5,156,False
clean_v1,degree_id,55.111,242,start_total_in_credits,start_total_in_courses,242,55,2,2,10,False
clean_v1,degree_id,55.111,242,start_total_in_courses,start_total_in_credits,242,28,21,3,177,False
clean_v1,degree_id,55.111,242,start_total_in_credits,total_reg_credits,242,55,34,7,165,False
clean_v1,degree_id,55.111,242,total_reg_credits,start_total_in_credits,242,53,37,8,168,False
clean_v1,degree_id,55.111,242,start_total_in_credits,total_reg_courses,242,55,33,5,163,False
clean_v1,degree_id,55.111,242,total_reg_courses,start_total_in_credits,242,25,19,12,181,False
clean_v1,degree_id,55.111,242,start_total_in_courses,total_reg_credits,242,28,23,10,184,False
clean_v1,degree_id,55.111,242,total_reg_credits,start_total_in_courses,242,53,38,6,172,False
clean_v1,degree_id,55.111,242,start_total_in_courses,total_reg_courses,242,28,23,6,184,False
clean_v1,degree_id,55.111,242,total_reg_courses,start_total_in_courses,242,25,19,8,181,False
clean_v1,degree_id,55.111,242,total_reg_credits,total_reg_courses,242,53,7,2,25,False
clean_v1,degree_id,55.111,242,total_reg_courses,total_reg_credits,242,25,19,4,180,False
clean_v1,degree_id,6.111,1480,start_total_in_credits,start_total_in_courses,1480,166,135,4,1290,False
clean_v1,degree_id,6.111,1480,start_total_in_courses,start_total_in_credits,1480,59,58,10,1449,False
clean_v1,degree_id,6.111,1480,start_total_in_credits,total_reg_credits,1480,166,159,28,1467,False
clean_v1,degree_id,6.111,1480,total_reg_credits,start_total_in_credits,1480,259,217,15,1414,False
clean_v1,degree_id,6.111,1480,start_total_in_credits,total_reg_courses,1480,166,159,23,1467,False
clean_v1,degree_id,6.111,1480,total_reg_courses,start_total_in_credits,1480,105,90,37,1443,False
clean_v1,degree_id,6.111,1480,start_total_in_courses,total_reg_credits,1480,59,58,34,1472,False
clean_v1,degree_id,6.111,1480,total_reg_credits,start_total_in_courses,1480,259,217,14,1414,False
clean_v1,degree_id,6.111,1480,start_total_in_courses,total_reg_courses,1480,59,58,29,1472,False
clean_v1,degree_id,6.111,1480,total_reg_courses,start_total_in_courses,1480,105,90,25,1443,False
clean_v1,degree_id,6.111,1480,total_reg_credits,total_reg_courses,1480,259,200,7,1347,False
clean_v1,degree_id,6.111,1480,total_reg_courses,total_reg_credits,1480,105,90,14,1443,False
clean_v1,degree_id,7.111,958,start_total_in_credits,start_total_in_courses,958,127,83,3,634,False
clean_v1,degree_id,7.111,958,start_total_in_courses,start_total_in_credits,958,50,49,7,866,False
clean_v1,degree_id,7.111,958,start_total_in_credits,total_reg_credits,958,127,120,15,951,False
clean_v1,degree_id,7.111,958,total_reg_credits,start_total_in_credits,958,151,128,13,850,False
clean_v1,degree_id,7.111,958,start_total_in_credits,total_reg_courses,958,127,119,14,949,False
clean_v1,degree_id,7.111,958,total_reg_courses,start_total_in_credits,958,65,61,19,869,False
clean_v1,degree_id,7.111,958,start_total_in_courses,total_reg_credits,958,50,50,25,958,False
clean_v1,degree_id,7.111,958,total_reg_credits,start_total_in_courses,958,151,127,10,848,False
clean_v1,degree_id,7.111,958,start_total_in_courses,total_reg_courses,958,50,50,20,958,False
clean_v1,degree_id,7.111,958,total_reg_courses,start_total_in_courses,958,65,61,15,869,False
clean_v1,degree_id,7.111,958,total_reg_credits,total_reg_courses,958,151,114,6,751,False
clean_v1,degree_id,7.111,958,total_reg_courses,total_reg_credits,958,65,60,13,867,False
clean_v1,degree_id,8.111,2826,start_total_in_credits,start_total_in_courses,2826,133,116,4,2341,False
clean_v1,degree_id,8.111,2826,start_total_in_courses,start_total_in_credits,2826,51,49,10,2630,False
clean_v1,degree_id,8.111,2826,start_total_in_credits,total_reg_credits,2826,133,132,32,2825,False
clean_v1,degree_id,8.111,2826,total_reg_credits,start_total_in_credits,2826,237,193,26,2600,False
clean_v1,degree_id,8.111,2826,start_total_in_credits,total_reg_courses,2826,133,131,25,2823,False
clean_v1,degree_id,8.111,2826,total_reg_courses,start_total_in_credits,2826,109,92,44,2627,False
clean_v1,degree_id,8.111,2826,start_total_in_courses,total_reg_credits,2826,51,50,50,2825,False
clean_v1,degree_id,8.111,2826,total_reg_credits,start_total_in_courses,2826,237,192,19,2598,False
clean_v1,degree_id,8.111,2826,start_total_in_courses,total_reg_courses,2826,51,50,34,2825,False
clean_v1,degree_id,8.111,2826,total_reg_courses,start_total_in_courses,2826,109,91,27,2625,False
clean_v1,degree_id,8.111,2826,total_reg_credits,total_reg_courses,2826,237,181,9,2427,False
clean_v1,degree_id,8.111,2826,total_reg_courses,total_reg_credits,2826,109,92,18,2627,False
clean_v1,progress_quartile,"(-0.001, 32.0]",20621,start_total_in_credits,start_total_in_courses,20621,32,30,7,13569,False
clean_v1,progress_quartile,"(-0.001, 32.0]",20621,start_total_in_courses,start_total_in_credits,20621,16,14,15,13736,False
clean_v1,progress_quartile,"(-0.001, 32.0]",20621,start_total_in_credits,total_reg_credits,20621,32,32,99,20621,False
clean_v1,progress_quartile,"(-0.001, 32.0]",20621,total_reg_credits,start_total_in_credits,20621,177,133,32,14191,False
clean_v1,progress_quartile,"(-0.001, 32.0]",20621,start_total_in_credits,total_reg_courses,20621,32,32,48,20621,False
clean_v1,progress_quartile,"(-0.001, 32.0]",20621,total_reg_courses,start_total_in_credits,20621,80,66,32,14221,False
clean_v1,progress_quartile,"(-0.001, 32.0]",20621,start_total_in_courses,total_reg_credits,20621,16,15,121,20620,False
clean_v1,progress_quartile,"(-0.001, 32.0]",20621,total_reg_credits,start_total_in_courses,20621,177,131,16,14187,False
clean_v1,progress_quartile,"(-0.001, 32.0]",20621,start_total_in_courses,total_reg_courses,20621,16,15,56,20620,False
clean_v1,progress_quartile,"(-0.001, 32.0]",20621,total_reg_courses,start_total_in_courses,20621,80,65,16,14219,False
clean_v1,progress_quartile,"(-0.001, 32.0]",20621,total_reg_credits,total_reg_courses,20621,177,131,13,14184,False
clean_v1,progress_quartile,"(-0.001, 32.0]",20621,total_reg_courses,total_reg_credits,20621,80,66,33,14221,False
clean_v1,progress_quartile,"(128.0, 251.0]",20370,start_total_in_credits,start_total_in_courses,20370,215,191,24,19740,False
clean_v1,progress_quartile,"(128.0, 251.0]",20370,start_total_in_courses,start_total_in_credits,20370,48,47,71,20369,False
clean_v1,progress_quartile,"(128.0, 251.0]",20370,start_total_in_credits,total_reg_credits,20370,215,201,269,20356,False
clean_v1,progress_quartile,"(128.0, 251.0]",20370,total_reg_credits,start_total_in_credits,20370,897,681,67,20152,False
clean_v1,progress_quartile,"(128.0, 251.0]",20370,start_total_in_credits,total_reg_courses,20370,215,201,92,20356,False
clean_v1,progress_quartile,"(128.0, 251.0]",20370,total_reg_courses,start_total_in_credits,20370,213,178,134,20335,False
clean_v1,progress_quartile,"(128.0, 251.0]",20370,start_total_in_courses,total_reg_credits,20370,48,47,392,20369,False
clean_v1,progress_quartile,"(128.0, 251.0]",20370,total_reg_credits,start_total_in_courses,20370,897,679,41,20148,False
clean_v1,progress_quartile,"(128.0, 251.0]",20370,start_total_in_courses,total_reg_courses,20370,48,47,110,20369,False
clean_v1,progress_quartile,"(128.0, 251.0]",20370,total_reg_courses,start_total_in_courses,20370,213,178,41,20335,False
clean_v1,progress_quartile,"(128.0, 251.0]",20370,total_reg_credits,total_reg_courses,20370,897,676,31,20142,False
clean_v1,progress_quartile,"(128.0, 251.0]",20370,total_reg_courses,total_reg_credits,20370,213,178,105,20335,False
clean_v1,progress_quartile,"(32.0, 76.0]",20785,start_total_in_credits,start_total_in_courses,20785,48,44,15,20781,False
clean_v1,progress_quartile,"(32.0, 76.0]",20785,start_total_in_courses,start_total_in_credits,20785,26,25,35,20784,False
clean_v1,progress_quartile,"(32.0, 76.0]",20785,start_total_in_credits,total_reg_credits,20785,48,44,134,20781,False
clean_v1,progress_quartile,"(32.0, 76.0]",20785,total_reg_credits,start_total_in_credits,20785,297,254,44,20742,False
clean_v1,progress_quartile,"(32.0, 76.0]",20785,start_total_in_credits,total_reg_courses,20785,48,44,72,20781,False
clean_v1,progress_quartile,"(32.0, 76.0]",20785,total_reg_courses,start_total_in_credits,20785,129,109,45,20765,False
clean_v1,progress_quartile,"(32.0, 76.0]",20785,start_total_in_courses,total_reg_credits,20785,26,25,183,20784,False
clean_v1,progress_quartile,"(32.0, 76.0]",20785,total_reg_credits,start_total_in_courses,20785,297,253,23,20740,False
clean_v1,progress_quartile,"(32.0, 76.0]",20785,start_total_in_courses,total_reg_courses,20785,26,25,84,20784,False
clean_v1,progress_quartile,"(32.0, 76.0]",20785,total_reg_courses,start_total_in_courses,20785,129,108,23,20763,False
clean_v1,progress_quartile,"(32.0, 76.0]",20785,total_reg_credits,total_reg_courses,20785,297,250,19,20733,False
clean_v1,progress_quartile,"(32.0, 76.0]",20785,total_reg_courses,total_reg_credits,20785,129,109,49,20765,False
clean_v1,progress_quartile,"(76.0, 128.0]",20524,start_total_in_credits,start_total_in_courses,20524,97,91,22,20515,False
clean_v1,progress_quartile,"(76.0, 128.0]",20524,start_total_in_courses,start_total_in_credits,20524,36,36,67,20524,False
clean_v1,progress_quartile,"(76.0, 128.0]",20524,start_total_in_credits,total_reg_credits,20524,97,92,146,20519,False
clean_v1,progress_quartile,"(76.0, 128.0]",20524,total_reg_credits,start_total_in_credits,20524,545,415,52,20391,False
clean_v1,progress_quartile,"(76.0, 128.0]",20524,start_total_in_credits,total_reg_courses,20524,97,92,82,20519,False
clean_v1,progress_quartile,"(76.0, 128.0]",20524,total_reg_courses,start_total_in_credits,20524,162,141,67,20503,False
clean_v1,progress_quartile,"(76.0, 128.0]",20524,start_total_in_courses,total_reg_credits,20524,36,36,246,20524,False
clean_v1,progress_quartile,"(76.0, 128.0]",20524,total_reg_credits,start_total_in_courses,20524,545,409,32,20377,False
clean_v1,progress_quartile,"(76.0, 128.0]",20524,start_total_in_courses,total_reg_courses,20524,36,36,98,20524,False
clean_v1,progress_quartile,"(76.0, 128.0]",20524,total_reg_courses,start_total_in_courses,20524,162,141,32,20503,False
clean_v1,progress_quartile,"(76.0, 128.0]",20524,total_reg_credits,total_reg_courses,20524,545,403,27,20368,False
clean_v1,progress_quartile,"(76.0, 128.0]",20524,total_reg_courses,total_reg_credits,20524,162,141,71,20503,False
clean_v2,year,2020,14941,start_total_in_credits,start_total_in_courses,14941,348,308,19,13332,False
clean_v2,year,2020,14941,start_total_in_courses,start_total_in_credits,14941,82,81,65,13596,False
clean_v2,year,2020,14941,start_total_in_credits,total_reg_credits,14941,348,326,106,14919,False
clean_v2,year,2020,14941,total_reg_credits,start_total_in_credits,14941,623,448,53,13527,False
clean_v2,year,2020,14941,start_total_in_credits,total_reg_courses,14941,348,325,54,14917,False
clean_v2,year,2020,14941,total_reg_courses,start_total_in_credits,14941,179,151,110,13677,False
clean_v2,year,2020,14941,start_total_in_courses,total_reg_credits,14941,82,82,147,14941,False
clean_v2,year,2020,14941,total_reg_credits,start_total_in_courses,14941,623,444,40,13519,False
clean_v2,year,2020,14941,start_total_in_courses,total_reg_courses,14941,82,82,66,14941,False
clean_v2,year,2020,14941,total_reg_courses,start_total_in_courses,14941,179,151,47,13677,False
clean_v2,year,2020,14941,total_reg_credits,total_reg_courses,14941,623,435,28,13499,False
clean_v2,year,2020,14941,total_reg_courses,total_reg_credits,14941,179,149,75,13671,False
clean_v2,year,2021,17279,start_total_in_credits,start_total_in_courses,17279,365,315,18,14967,False
clean_v2,year,2021,17279,start_total_in_courses,start_total_in_credits,17279,82,80,63,15591,False
clean_v2,year,2021,17279,start_total_in_credits,total_reg_credits,17279,365,335,137,17249,False
clean_v2,year,2021,17279,total_reg_credits,start_total_in_credits,17279,690,496,52,15547,False
clean_v2,year,2021,17279,start_total_in_credits,total_reg_courses,17279,365,335,60,17249,False
clean_v2,year,2021,17279,total_reg_courses,start_total_in_credits,17279,181,158,104,15720,False
clean_v2,year,2021,17279,start_total_in_courses,total_reg_credits,17279,82,82,185,17279,False
clean_v2,year,2021,17279,total_reg_credits,start_total_in_courses,17279,690,491,42,15537,False
clean_v2,year,2021,17279,start_total_in_courses,total_reg_courses,17279,82,82,72,17279,False
clean_v2,year,2021,17279,total_reg_courses,start_total_in_courses,17279,181,158,48,15720,False
clean_v2,year,2021,17279,total_reg_credits,total_reg_courses,17279,690,483,25,15519,False
clean_v2,year,2021,17279,total_reg_courses,total_reg_credits,17279,181,156,71,15716,False
clean_v2,year,2022,18419,start_total_in_credits,start_total_in_courses,18419,364,323,18,16310,False
clean_v2,year,2022,18419,start_total_in_courses,start_total_in_credits,18419,82,81,62,16956,False
clean_v2,year,2022,18419,start_total_in_credits,total_reg_credits,18419,364,343,129,18397,False
clean_v2,year,2022,18419,total_reg_credits,start_total_in_credits,18419,714,560,53,17060,False
clean_v2,year,2022,18419,start_total_in_credits,total_reg_courses,18419,364,344,63,18399,False
clean_v2,year,2022,18419,total_reg_courses,start_total_in_credits,18419,181,153,111,17190,False
clean_v2,year,2022,18419,start_total_in_courses,total_reg_credits,18419,82,82,204,18419,False
clean_v2,year,2022,18419,total_reg_credits,start_total_in_courses,18419,714,558,39,17056,False
clean_v2,year,2022,18419,start_total_in_courses,total_reg_courses,18419,82,82,72,18419,False
clean_v2,year,2022,18419,total_reg_courses,start_total_in_courses,18419,181,152,45,17188,False
clean_v2,year,2022,18419,total_reg_credits,total_reg_courses,18419,714,553,26,17041,False
clean_v2,year,2022,18419,total_reg_courses,total_reg_credits,18419,181,152,72,17186,False
clean_v2,year,2023,19066,start_total_in_credits,start_total_in_courses,19066,370,322,20,17115,False
clean_v2,year,2023,19066,start_total_in_courses,start_total_in_credits,19066,82,80,64,17653,False
clean_v2,year,2023,19066,start_total_in_credits,total_reg_credits,19066,370,345,169,19041,False
clean_v2,year,2023,19066,total_reg_credits,start_total_in_credits,19066,724,573,58,17649,False
clean_v2,year,2023,19066,start_total_in_credits,total_reg_courses,19066,370,345,66,19041,False
clean_v2,year,2023,19066,total_reg_courses,start_total_in_credits,19066,186,155,118,17775,False
clean_v2,year,2023,19066,start_total_in_courses,total_reg_credits,19066,82,82,225,19066,False
clean_v2,year,2023,19066,total_reg_credits,start_total_in_courses,19066,724,568,41,17639,False
clean_v2,year,2023,19066,start_total_in_courses,total_reg_courses,19066,82,82,79,19066,False
clean_v2,year,2023,19066,total_reg_courses,start_total_in_courses,19066,186,155,50,17775,False
clean_v2,year,2023,19066,total_reg_credits,total_reg_courses,19066,724,564,24,17632,False
clean_v2,year,2023,19066,total_reg_courses,total_reg_credits,19066,186,155,74,17775,False
clean_v2,year,2024,18187,start_total_in_credits,start_total_in_courses,18187,359,317,20,16302,False
clean_v2,year,2024,18187,start_total_in_courses,start_total_in_credits,18187,82,81,64,16833,False
clean_v2,year,2024,18187,start_total_in_credits,total_reg_credits,18187,359,339,145,18166,False
clean_v2,year,2024,18187,total_reg_credits,start_total_in_credits,18187,725,563,58,16775,False
clean_v2,year,2024,18187,start_total_in_credits,total_reg_courses,18187,359,339,65,18166,False
clean_v2,year,2024,18187,total_reg_courses,start_total_in_credits,18187,187,157,126,16913,False
clean_v2,year,2024,18187,start_total_in_courses,total_reg_credits,18187,82,82,204,18187,False
clean_v2,year,2024,18187,total_reg_credits,start_total_in_courses,18187,725,556,43,16760,False
clean_v2,year,2024,18187,start_total_in_courses,total_reg_courses,18187,82,82,72,18187,False
clean_v2,year,2024,18187,total_reg_courses,start_total_in_courses,18187,187,157,49,16913,False
clean_v2,year,2024,18187,total_reg_credits,total_reg_courses,18187,725,549,24,16743,False
clean_v2,year,2024,18187,total_reg_courses,total_reg_credits,18187,187,158,76,16915,False
clean_v2,degree_id,1.111,15865,start_total_in_credits,start_total_in_courses,15865,187,182,11,15230,False
clean_v2,degree_id,1.111,15865,start_total_in_courses,start_total_in_credits,15865,82,81,19,15253,False
clean_v2,degree_id,1.111,15865,start_total_in_credits,total_reg_credits,15865,187,186,80,15864,False
clean_v2,degree_id,1.111,15865,total_reg_credits,start_total_in_credits,15865,407,361,53,15237,False
clean_v2,degree_id,1.111,15865,start_total_in_credits,total_reg_courses,15865,187,186,56,15864,False
clean_v2,degree_id,1.111,15865,total_reg_courses,start_total_in_credits,15865,194,173,81,15262,False
clean_v2,degree_id,1.111,15865,start_total_in_courses,total_reg_credits,15865,82,82,114,15865,False
clean_v2,degree_id,1.111,15865,total_reg_credits,start_total_in_courses,15865,407,361,40,15237,False
clean_v2,degree_id,1.111,15865,start_total_in_courses,total_reg_courses,15865,82,82,72,15865,False
clean_v2,degree_id,1.111,15865,total_reg_courses,start_total_in_courses,15865,194,173,53,15262,False
clean_v2,degree_id,1.111,15865,total_reg_credits,total_reg_courses,15865,407,361,17,15237,False
clean_v2,degree_id,1.111,15865,total_reg_courses,total_reg_credits,15865,194,173,34,15262,False
clean_v2,degree_id,10.111,907,start_total_in_credits,start_total_in_courses,907,130,75,3,549,False
clean_v2,degree_id,10.111,907,start_total_in_courses,start_total_in_credits,907,51,47,7,831,False
clean_v2,degree_id,10.111,907,start_total_in_credits,total_reg_credits,907,130,116,12,821,False
clean_v2,degree_id,10.111,907,total_reg_credits,start_total_in_credits,907,174,132,11,790,False
clean_v2,degree_id,10.111,907,start_total_in_credits,total_reg_courses,907,130,118,11,825,False
clean_v2,degree_id,10.111,907,total_reg_courses,start_total_in_credits,907,80,66,21,820,False
clean_v2,degree_id,10.111,907,start_total_in_courses,total_reg_credits,907,51,48,23,834,False
clean_v2,degree_id,10.111,907,total_reg_credits,start_total_in_courses,907,174,132,9,790,False
clean_v2,degree_id,10.111,907,start_total_in_courses,total_reg_courses,907,51,48,16,834,False
clean_v2,degree_id,10.111,907,total_reg_courses,start_total_in_courses,907,80,65,17,818,False
clean_v2,degree_id,10.111,907,total_reg_credits,total_reg_courses,907,174,114,5,675,False
clean_v2,degree_id,10.111,907,total_reg_courses,total_reg_credits,907,80,64,12,815,False
clean_v2,degree_id,11.111,2508,start_total_in_credits,start_total_in_courses,2508,134,110,4,2019,False
clean_v2,degree_id,11.111,2508,start_total_in_courses,start_total_in_credits,2508,51,50,9,2326,False
clean_v2,degree_id,11.111,2508,start_total_in_credits,total_reg_credits,2508,134,134,25,2508,False
clean_v2,degree_id,11.111,2508,total_reg_credits,start_total_in_credits,2508,205,167,21,2287,False
clean_v2,degree_id,11.111,2508,start_total_in_credits,total_reg_courses,2508,134,134,20,2508,False
clean_v2,degree_id,11.111,2508,total_reg_courses,start_total_in_credits,2508,95,72,45,2303,False
clean_v2,degree_id,11.111,2508,start_total_in_courses,total_reg_credits,2508,51,51,42,2508,False
clean_v2,degree_id,11.111,2508,total_reg_credits,start_total_in_courses,2508,205,166,16,2284,False
clean_v2,degree_id,11.111,2508,start_total_in_courses,total_reg_courses,2508,51,51,27,2508,False
clean_v2,degree_id,11.111,2508,total_reg_courses,start_total_in_courses,2508,95,72,25,2303,False
clean_v2,degree_id,11.111,2508,total_reg_credits,total_reg_courses,2508,205,159,8,2162,False
clean_v2,degree_id,11.111,2508,total_reg_courses,total_reg_credits,2508,95,72,17,2303,False
clean_v2,degree_id,13.111,14324,start_total_in_credits,start_total_in_courses,14324,179,170,6,13695,False
clean_v2,degree_id,13.111,14324,start_total_in_courses,start_total_in_credits,14324,70,69,16,13782,False
clean_v2,degree_id,13.111,14324,start_total_in_credits,total_reg_credits,14324,179,178,143,14322,False
clean_v2,degree_id,13.111,14324,total_reg_credits,start_total_in_credits,14324,408,365,55,13784,False
clean_v2,degree_id,13.111,14324,start_total_in_credits,total_reg_courses,14324,179,178,76,14322,False
clean_v2,degree_id,13.111,14324,total_reg_courses,start_total_in_credits,14324,170,149,90,13807,False
clean_v2,degree_id,13.111,14324,start_total_in_courses,total_reg_credits,14324,70,70,158,14324,False
clean_v2,degree_id,13.111,14324,total_reg_credits,start_total_in_courses,14324,408,364,36,13780,False
clean_v2,degree_id,13.111,14324,start_total_in_courses,total_reg_courses,14324,70,70,78,14324,False
clean_v2,degree_id,13.111,14324,total_reg_courses,start_total_in_courses,14324,170,148,51,13805,False
clean_v2,degree_id,13.111,14324,total_reg_credits,total_reg_courses,14324,408,362,12,13776,False
clean_v2,degree_id,13.111,14324,total_reg_courses,total_reg_credits,14324,170,149,29,13805,False
clean_v2,degree_id,2.111,18380,start_total_in_credits,start_total_in_courses,18380,393,354,7,16749,False
clean_v2,degree_id,2.111,18380,start_total_in_courses,start_total_in_credits,18380,67,64,48,17640,False
clean_v2,degree_id,2.111,18380,start_total_in_credits,total_reg_credits,18380,393,371,322,18358,False
clean_v2,degree_id,2.111,18380,total_reg_credits,start_total_in_credits,18380,983,764,46,17463,False
clean_v2,degree_id,2.111,18380,start_total_in_credits,total_reg_courses,18380,393,371,101,18358,False
clean_v2,degree_id,2.111,18380,total_reg_courses,start_total_in_credits,18380,217,174,147,17648,False
clean_v2,degree_id,2.111,18380,start_total_in_courses,total_reg_credits,18380,67,65,349,18378,False
clean_v2,degree_id,2.111,18380,total_reg_credits,start_total_in_courses,18380,983,759,29,17450,False
clean_v2,degree_id,2.111,18380,start_total_in_courses,total_reg_courses,18380,67,65,107,18378,False
clean_v2,degree_id,2.111,18380,total_reg_courses,start_total_in_courses,18380,217,172,44,17644,False
clean_v2,degree_id,2.111,18380,total_reg_credits,total_reg_courses,18380,983,758,13,17450,False
clean_v2,degree_id,2.111,18380,total_reg_courses,total_reg_credits,18380,217,173,66,17646,False
clean_v2,degree_id,20.111,362,start_total_in_credits,start_total_in_courses,362,114,63,4,256,False
clean_v2,degree_id,20.111,362,start_total_in_courses,start_total_in_credits,362,48,41,9,354,False
clean_v2,degree_id,20.111,362,start_total_in_credits,total_reg_credits,362,114,81,15,329,False
clean_v2,degree_id,20.111,362,total_reg_credits,start_total_in_credits,362,177,100,6,284,False
clean_v2,degree_id,20.111,362,start_total_in_credits,total_reg_courses,362,114,81,13,329,False
clean_v2,degree_id,20.111,362,total_reg_courses,start_total_in_credits,362,86,66,12,340,False
clean_v2,degree_id,20.111,362,start_total_in_courses,total_reg_credits,362,48,42,30,356,False
clean_v2,degree_id,20.111,362,total_reg_credits,start_total_in_courses,362,177,99,6,281,False
clean_v2,degree_id,20.111,362,start_total_in_courses,total_reg_courses,362,48,42,24,356,False
clean_v2,degree_id,20.111,362,total_reg_courses,start_total_in_courses,362,86,66,11,340,False
clean_v2,degree_id,20.111,362,total_reg_credits,total_reg_courses,362,177,84,5,249,False
clean_v2,degree_id,20.111,362,total_reg_courses,total_reg_credits,362,86,67,9,343,False
clean_v2,degree_id,21.111,852,start_total_in_credits,start_total_in_courses,852,54,29,4,219,False
clean_v2,degree_id,21.111,852,start_total_in_courses,start_total_in_credits,852,21,18,8,531,False
clean_v2,degree_id,21.111,852,start_total_in_credits,total_reg_credits,852,54,50,15,845,False
clean_v2,degree_id,21.111,852,total_reg_credits,start_total_in_credits,852,70,42,15,563,False
clean_v2,degree_id,21.111,852,start_total_in_credits,total_reg_courses,852,54,50,10,845,False
clean_v2,degree_id,21.111,852,total_reg_courses,start_total_in_credits,852,27,22,26,591,False
clean_v2,degree_id,21.111,852,start_total_in_courses,total_reg_credits,852,21,19,20,847,False
clean_v2,degree_id,21.111,852,total_reg_credits,start_total_in_courses,852,70,42,9,563,False
clean_v2,degree_id,21.111,852,start_total_in_courses,total_reg_courses,852,21,19,12,847,False
clean_v2,degree_id,21.111,852,total_reg_courses,start_total_in_courses,852,27,22,11,591,False
clean_v2,degree_id,21.111,852,total_reg_credits,total_reg_courses,852,70,36,4,453,False
clean_v2,degree_id,21.111,852,total_reg_courses,total_reg_credits,852,27,22,7,591,False
clean_v2,degree_id,22.111,1255,start_total_in_credits,start_total_in_courses,1255,58,37,3,765,False
clean_v2,degree_id,22.111,1255,start_total_in_courses,start_total_in_credits,1255,27,24,6,1011,False
clean_v2,degree_id,22.111,1255,start_total_in_credits,total_reg_credits,1255,58,53,28,1246,False
clean_v2,degree_id,22.111,1255,total_reg_credits,start_total_in_credits,1255,127,103,17,1055,False
clean_v2,degree_id,22.111,1255,start_total_in_credits,total_reg_courses,1255,58,53,23,1246,False
clean_v2,degree_id,22.111,1255,total_reg_courses,start_total_in_credits,1255,62,51,22,1069,False
clean_v2,degree_id,22.111,1255,start_total_in_courses,total_reg_credits,1255,27,25,44,1252,False
clean_v2,degree_id,22.111,1255,total_reg_credits,start_total_in_courses,1255,127,103,9,1055,False
clean_v2,degree_id,22.111,1255,start_total_in_courses,total_reg_courses,1255,27,25,29,1252,False
clean_v2,degree_id,22.111,1255,total_reg_courses,start_total_in_courses,1255,62,51,14,1069,False
clean_v2,degree_id,22.111,1255,total_reg_credits,total_reg_courses,1255,127,94,6,840,False
clean_v2,degree_id,22.111,1255,total_reg_courses,total_reg_credits,1255,62,50,10,1058,False
clean_v2,degree_id,24.111,4945,start_total_in_credits,start_total_in_courses,4945,180,162,4,4131,False
clean_v2,degree_id,24.111,4945,start_total_in_courses,start_total_in_credits,4945,62,59,12,4530,False
clean_v2,degree_id,24.111,4945,start_total_in_credits,total_reg_credits,4945,180,179,37,4944,False
clean_v2,degree_id,24.111,4945,total_reg_credits,start_total_in_credits,4945,258,229,35,4575,False
clean_v2,degree_id,24.111,4945,start_total_in_credits,total_reg_courses,4945,180,179,30,4944,False
clean_v2,degree_id,24.111,4945,total_reg_courses,start_total_in_credits,4945,95,90,64,4600,False
clean_v2,degree_id,24.111,4945,start_total_in_courses,total_reg_credits,4945,62,61,67,4944,False
clean_v2,degree_id,24.111,4945,total_reg_credits,start_total_in_courses,4945,258,229,26,4575,False
clean_v2,degree_id,24.111,4945,start_total_in_courses,total_reg_courses,4945,62,61,43,4944,False
clean_v2,degree_id,24.111,4945,total_reg_courses,start_total_in_courses,4945,95,90,37,4600,False
clean_v2,degree_id,24.111,4945,total_reg_credits,total_reg_courses,4945,258,216,7,4515,False
clean_v2,degree_id,24.111,4945,total_reg_courses,total_reg_credits,4945,95,89,17,4597,False
clean_v2,degree_id,26.111,1894,start_total_in_credits,start_total_in_courses,1894,165,123,3,1505,False
clean_v2,degree_id,26.111,1894,start_total_in_courses,start_total_in_credits,1894,62,60,8,1764,False
clean_v2,degree_id,26.111,1894,start_total_in_credits,total_reg_credits,1894,165,153,47,1880,False
clean_v2,degree_id,26.111,1894,total_reg_credits,start_total_in_credits,1894,184,168,18,1818,False
clean_v2,degree_id,26.111,1894,start_total_in_credits,total_reg_courses,1894,165,155,28,1884,False
clean_v2,degree_id,26.111,1894,total_reg_courses,start_total_in_credits,1894,71,64,33,1827,False
clean_v2,degree_id,26.111,1894,start_total_in_courses,total_reg_credits,1894,62,61,47,1893,False
clean_v2,degree_id,26.111,1894,total_reg_credits,start_total_in_courses,1894,184,168,15,1818,False
clean_v2,degree_id,26.111,1894,start_total_in_courses,total_reg_courses,1894,62,61,28,1893,False
clean_v2,degree_id,26.111,1894,total_reg_courses,start_total_in_courses,1894,71,64,24,1827,False
clean_v2,degree_id,26.111,1894,total_reg_credits,total_reg_courses,1894,184,155,5,1727,False
clean_v2,degree_id,26.111,1894,total_reg_courses,total_reg_credits,1894,71,63,13,1810,False
clean_v2,degree_id,27.111,988,start_total_in_credits,start_total_in_courses,988,147,98,4,738,False
clean_v2,degree_id,27.111,988,start_total_in_courses,start_total_in_credits,988,57,52,7,900,False
clean_v2,degree_id,27.111,988,start_total_in_credits,total_reg_credits,988,147,130,24,971,False
clean_v2,degree_id,27.111,988,total_reg_credits,start_total_in_credits,988,163,144,13,922,False
clean_v2,degree_id,27.111,988,start_total_in_credits,total_reg_courses,988,147,129,15,969,False
clean_v2,degree_id,27.111,988,total_reg_courses,start_total_in_credits,988,63,60,23,938,False
clean_v2,degree_id,27.111,988,start_total_in_courses,total_reg_credits,988,57,53,25,984,False
clean_v2,degree_id,27.111,988,total_reg_credits,start_total_in_courses,988,163,143,12,920,False
clean_v2,degree_id,27.111,988,start_total_in_courses,total_reg_courses,988,57,52,17,982,False
clean_v2,degree_id,27.111,988,total_reg_courses,start_total_in_courses,988,63,60,16,938,False
clean_v2,degree_id,27.111,988,total_reg_credits,total_reg_courses,988,163,131,5,853,False
clean_v2,degree_id,27.111,988,total_reg_courses,total_reg_credits,988,63,60,12,938,False
clean_v2,degree_id,29.111,1169,start_total_in_credits,start_total_in_courses,1169,151,108,4,910,False
clean_v2,degree_id,29.111,1169,start_total_in_courses,start_total_in_credits,1169,59,54,9,1065,False
clean_v2,degree_id,29.111,1169,start_total_in_credits,total_reg_credits,1169,151,136,20,1154,False
clean_v2,degree_id,29.111,1169,total_reg_credits,start_total_in_credits,1169,178,150,16,1073,False
clean_v2,degree_id,29.111,1169,start_total_in_credits,total_reg_courses,1169,151,135,17,1152,False
clean_v2,degree_id,29.111,1169,total_reg_courses,start_total_in_credits,1169,71,62,29,1094,False
clean_v2,degree_id,29.111,1169,start_total_in_courses,total_reg_credits,1169,59,58,28,1168,False
clean_v2,degree_id,29.111,1169,total_reg_credits,start_total_in_courses,1169,178,150,13,1073,False
clean_v2,degree_id,29.111,1169,start_total_in_courses,total_reg_courses,1169,59,58,22,1168,False
clean_v2,degree_id,29.111,1169,total_reg_courses,start_total_in_courses,1169,71,62,19,1094,False
clean_v2,degree_id,29.111,1169,total_reg_credits,total_reg_courses,1169,178,130,5,944,False
clean_v2,degree_id,29.111,1169,total_reg_courses,total_reg_credits,1169,71,61,12,1069,False
clean_v2,degree_id,3.111,6279,start_total_in_credits,start_total_in_courses,6279,172,151,4,5532,False
clean_v2,degree_id,3.111,6279,start_total_in_courses,start_total_in_credits,6279,60,58,11,5945,False
clean_v2,degree_id,3.111,6279,start_total_in_credits,total_reg_credits,6279,172,170,51,6276,False
clean_v2,degree_id,3.111,6279,total_reg_credits,start_total_in_credits,6279,268,246,36,5954,False
clean_v2,degree_id,3.111,6279,start_total_in_credits,total_reg_courses,6279,172,169,29,6274,False
clean_v2,degree_id,3.111,6279,total_reg_courses,start_total_in_credits,6279,103,92,64,5963,False
clean_v2,degree_id,3.111,6279,start_total_in_courses,total_reg_credits,6279,60,59,83,6278,False
clean_v2,degree_id,3.111,6279,total_reg_credits,start_total_in_courses,6279,268,245,24,5952,False
clean_v2,degree_id,3.111,6279,start_total_in_courses,total_reg_courses,6279,60,59,43,6278,False
clean_v2,degree_id,3.111,6279,total_reg_courses,start_total_in_courses,6279,103,91,34,5961,False
clean_v2,degree_id,3.111,6279,total_reg_credits,total_reg_courses,6279,268,234,7,5680,False
clean_v2,degree_id,3.111,6279,total_reg_courses,total_reg_credits,6279,103,92,18,5963,False
clean_v2,degree_id,30.111,489,start_total_in_credits,start_total_in_courses,489,117,55,3,289,False
clean_v2,degree_id,30.111,489,start_total_in_courses,start_total_in_credits,489,54,42,6,412,False
clean_v2,degree_id,30.111,489,start_total_in_credits,total_reg_credits,489,117,87,16,458,False
clean_v2,degree_id,30.111,489,total_reg_credits,start_total_in_credits,489,146,100,9,400,False
clean_v2,degree_id,30.111,489,start_total_in_credits,total_reg_courses,489,117,85,12,453,False
clean_v2,degree_id,30.111,489,total_reg_courses,start_total_in_credits,489,65,52,16,433,False
clean_v2,degree_id,30.111,489,start_total_in_courses,total_reg_credits,489,54,44,23,479,False
clean_v2,degree_id,30.111,489,total_reg_credits,start_total_in_courses,489,146,100,8,400,False
clean_v2,degree_id,30.111,489,start_total_in_courses,total_reg_courses,489,54,44,19,479,False
clean_v2,degree_id,30.111,489,total_reg_courses,start_total_in_courses,489,65,52,15,433,False
clean_v2,degree_id,30.111,489,total_reg_credits,total_reg_courses,489,146,75,4,279,False
clean_v2,degree_id,30.111,489,total_reg_courses,total_reg_credits,489,65,50,9,415,False
clean_v2,degree_id,31.111,389,start_total_in_credits,start_total_in_courses,389,92,37,3,165,False
clean_v2,degree_id,31.111,389,start_total_in_courses,start_total_in_credits,389,42,32,6,302,False
clean_v2,degree_id,31.111,389,start_total_in_credits,total_reg_credits,389,92,63,15,359,False
clean_v2,degree_id,31.111,389,total_reg_credits,start_total_in_credits,389,111,77,7,304,False
clean_v2,degree_id,31.111,389,start_total_in_credits,total_reg_courses,389,92,62,12,357,False
clean_v2,degree_id,31.111,389,total_reg_courses,start_total_in_credits,389,50,40,15,330,False
clean_v2,degree_id,31.111,389,start_total_in_courses,total_reg_credits,389,42,34,16,381,False
clean_v2,degree_id,31.111,389,total_reg_credits,start_total_in_courses,389,111,73,7,295,False
clean_v2,degree_id,31.111,389,start_total_in_courses,total_reg_courses,389,42,34,12,381,False
clean_v2,degree_id,31.111,389,total_reg_courses,start_total_in_courses,389,50,40,12,330,False
clean_v2,degree_id,31.111,389,total_reg_credits,total_reg_courses,389,111,46,3,170,False
clean_v2,degree_id,31.111,389,total_reg_courses,total_reg_credits,389,50,38,6,319,False
clean_v2,degree_id,33.111,153,start_total_in_credits,start_total_in_courses,153,70,8,2,23,False
clean_v2,degree_id,33.111,153,start_total_in_courses,start_total_in_credits,153,37,27,4,119,False
clean_v2,degree_id,33.111,153,start_total_in_credits,total_reg_credits,153,70,36,4,118,False
clean_v2,degree_id,33.111,153,total_reg_credits,start_total_in_credits,153,69,31,6,97,False
clean_v2,degree_id,33.111,153,start_total_in_credits,total_reg_courses,153,70,36,4,118,False
clean_v2,degree_id,33.111,153,total_reg_courses,start_total_in_credits,153,38,27,10,125,False
clean_v2,degree_id,33.111,153,start_total_in_courses,total_reg_credits,153,37,33,7,148,False
clean_v2,degree_id,33.111,153,total_reg_credits,start_total_in_courses,153,69,31,6,97,False
clean_v2,degree_id,33.111,153,start_total_in_courses,total_reg_courses,153,37,31,6,144,False
clean_v2,degree_id,33.111,153,total_reg_courses,start_total_in_courses,153,38,27,8,125,False
clean_v2,degree_id,33.111,153,total_reg_credits,total_reg_courses,153,69,17,3,45,False
clean_v2,degree_id,33.111,153,total_reg_courses,total_reg_credits,153,38,26,5,123,False
clean_v2,degree_id,34.111,451,start_total_in_credits,start_total_in_courses,451,101,28,2,125,False
clean_v2,degree_id,34.111,451,start_total_in_courses,start_total_in_credits,451,43,36,6,376,False
clean_v2,degree_id,34.111,451,start_total_in_credits,total_reg_credits,451,101,81,8,431,False
clean_v2,degree_id,34.111,451,total_reg_credits,start_total_in_credits,451,102,77,8,371,False
clean_v2,degree_id,34.111,451,start_total_in_credits,total_reg_courses,451,101,81,8,431,False
clean_v2,degree_id,34.111,451,total_reg_courses,start_total_in_credits,451,42,37,13,391,False
clean_v2,degree_id,34.111,451,start_total_in_courses,total_reg_credits,451,43,40,15,448,False
clean_v2,degree_id,34.111,451,total_reg_credits,start_total_in_courses,451,102,75,8,367,False
clean_v2,degree_id,34.111,451,start_total_in_courses,total_reg_courses,451,43,40,12,448,False
clean_v2,degree_id,34.111,451,total_reg_courses,start_total_in_courses,451,42,37,10,391,False
clean_v2,degree_id,34.111,451,total_reg_credits,total_reg_courses,451,102,46,3,205,False
clean_v2,degree_id,34.111,451,total_reg_courses,total_reg_credits,451,42,37,6,390,False
clean_v2,degree_id,35.111,156,start_total_in_credits,start_total_in_courses,156,68,7,2,23,False
clean_v2,degree_id,35.111,156,start_total_in_courses,start_total_in_credits,156,37,25,4,117,False
clean_v2,degree_id,35.111,156,start_total_in_credits,total_reg_credits,156,68,34,6,121,False
clean_v2,degree_id,35.111,156,total_reg_credits,start_total_in_credits,156,66,35,6,107,False
clean_v2,degree_id,35.111,156,start_total_in_credits,total_reg_courses,156,68,32,6,116,False
clean_v2,degree_id,35.111,156,total_reg_courses,start_total_in_credits,156,35,29,8,132,False
clean_v2,degree_id,35.111,156,start_total_in_courses,total_reg_credits,156,37,29,8,147,False
clean_v2,degree_id,35.111,156,total_reg_credits,start_total_in_courses,156,66,34,5,105,False
clean_v2,degree_id,35.111,156,start_total_in_courses,total_reg_courses,156,37,27,6,141,False
clean_v2,degree_id,35.111,156,total_reg_courses,start_total_in_courses,156,35,29,6,132,False
clean_v2,degree_id,35.111,156,total_reg_credits,total_reg_courses,156,66,10,2,28,False
clean_v2,degree_id,35.111,156,total_reg_courses,total_reg_credits,156,35,26,4,124,False
clean_v2,degree_id,36.111,433,start_total_in_credits,start_total_in_courses,433,94,22,2,102,False
clean_v2,degree_id,36.111,433,start_total_in_courses,start_total_in_credits,433,43,33,5,354,False
clean_v2,degree_id,36.111,433,start_total_in_credits,total_reg_credits,433,94,70,8,406,False
clean_v2,degree_id,36.111,433,total_reg_credits,start_total_in_credits,433,90,74,9,360,False
clean_v2,degree_id,36.111,433,start_total_in_credits,total_reg_courses,433,94,67,8,399,False
clean_v2,degree_id,36.111,433,total_reg_courses,start_total_in_credits,433,39,36,17,373,False
clean_v2,degree_id,36.111,433,start_total_in_courses,total_reg_credits,433,43,38,14,428,False
clean_v2,degree_id,36.111,433,total_reg_credits,start_total_in_courses,433,90,74,7,360,False
clean_v2,degree_id,36.111,433,start_total_in_courses,total_reg_courses,433,43,37,11,426,False
clean_v2,degree_id,36.111,433,total_reg_courses,start_total_in_courses,433,39,36,10,373,False
clean_v2,degree_id,36.111,433,total_reg_credits,total_reg_courses,433,90,33,2,135,False
clean_v2,degree_id,36.111,433,total_reg_courses,total_reg_credits,433,39,32,5,363,False
clean_v2,degree_id,37.111,120,start_total_in_credits,start_total_in_courses,120,58,4,2,9,False
clean_v2,degree_id,37.111,120,start_total_in_courses,start_total_in_credits,120,32,20,4,90,False
clean_v2,degree_id,37.111,120,start_total_in_credits,total_reg_credits,120,58,27,4,89,False
clean_v2,degree_id,37.111,120,total_reg_credits,start_total_in_credits,120,64,21,5,60,False
clean_v2,degree_id,37.111,120,start_total_in_credits,total_reg_courses,120,58,27,4,89,False
clean_v2,degree_id,37.111,120,total_reg_courses,start_total_in_credits,120,37,27,5,95,False
clean_v2,degree_id,37.111,120,start_total_in_courses,total_reg_credits,120,32,24,8,112,False
clean_v2,degree_id,37.111,120,total_reg_credits,start_total_in_courses,120,64,20,5,58,False
clean_v2,degree_id,37.111,120,start_total_in_courses,total_reg_courses,120,32,24,8,112,False
clean_v2,degree_id,37.111,120,total_reg_courses,start_total_in_courses,120,37,25,5,90,False
clean_v2,degree_id,37.111,120,total_reg_credits,total_reg_courses,120,64,9,2,25,False
clean_v2,degree_id,37.111,120,total_reg_courses,total_reg_credits,120,37,23,4,85,False
clean_v2,degree_id,39.111,335,start_total_in_credits,start_total_in_courses,335,45,6,2,21,False
clean_v2,degree_id,39.111,335,start_total_in_courses,start_total_in_credits,335,21,17,4,251,False
clean_v2,degree_id,39.111,335,start_total_in_credits,total_reg_credits,335,45,29,18,316,False
clean_v2,degree_id,39.111,335,total_reg_credits,start_total_in_credits,335,69,44,9,250,False
clean_v2,degree_id,39.111,335,start_total_in_credits,total_reg_courses,335,45,30,13,319,False
clean_v2,degree_id,39.111,335,total_reg_courses,start_total_in_credits,335,30,27,12,276,False
clean_v2,degree_id,39.111,335,start_total_in_courses,total_reg_credits,335,21,19,19,333,False
clean_v2,degree_id,39.111,335,total_reg_credits,start_total_in_courses,335,69,44,8,250,False
clean_v2,degree_id,39.111,335,start_total_in_courses,total_reg_courses,335,21,19,15,333,False
clean_v2,degree_id,39.111,335,total_reg_courses,start_total_in_courses,335,30,27,9,276,False
clean_v2,degree_id,39.111,335,total_reg_credits,total_reg_courses,335,69,26,3,129,False
clean_v2,degree_id,39.111,335,total_reg_courses,total_reg_credits,335,30,26,6,270,False
clean_v2,degree_id,4.111,402,start_total_in_credits,start_total_in_courses,402,116,35,3,142,False
clean_v2,degree_id,4.111,402,start_total_in_courses,start_total_in_credits,402,55,45,7,323,False
clean_v2,degree_id,4.111,402,start_total_in_credits,total_reg_credits,402,116,73,7,356,False
clean_v2,degree_id,4.111,402,total_reg_credits,start_total_in_credits,402,124,66,12,279,False
clean_v2,degree_id,4.111,402,start_total_in_credits,total_reg_courses,402,116,70,6,348,False
clean_v2,degree_id,4.111,402,total_reg_courses,start_total_in_credits,402,64,48,16,322,False
clean_v2,degree_id,4.111,402,start_total_in_courses,total_reg_credits,402,55,50,14,397,False
clean_v2,degree_id,4.111,402,total_reg_credits,start_total_in_courses,402,124,64,7,275,False
clean_v2,degree_id,4.111,402,start_total_in_courses,total_reg_courses,402,55,50,10,397,False
clean_v2,degree_id,4.111,402,total_reg_courses,start_total_in_courses,402,64,47,10,320,False
clean_v2,degree_id,4.111,402,total_reg_credits,total_reg_courses,402,124,45,3,163,False
clean_v2,degree_id,4.111,402,total_reg_courses,total_reg_credits,402,64,48,6,322,False
clean_v2,degree_id,40.111,922,start_total_in_credits,start_total_in_courses,922,43,7,2,158,False
clean_v2,degree_id,40.111,922,start_total_in_courses,start_total_in_credits,922,18,15,5,588,False
clean_v2,degree_id,40.111,922,start_total_in_credits,total_reg_credits,922,43,36,21,914,False
clean_v2,degree_id,40.111,922,total_reg_credits,start_total_in_credits,922,62,50,17,647,False
clean_v2,degree_id,40.111,922,start_total_in_credits,total_reg_courses,922,43,36,12,914,False
clean_v2,degree_id,40.111,922,total_reg_courses,start_total_in_credits,922,24,21,21,658,False
clean_v2,degree_id,40.111,922,start_total_in_courses,total_reg_credits,922,18,17,28,921,False
clean_v2,degree_id,40.111,922,total_reg_credits,start_total_in_courses,922,62,50,11,647,False
clean_v2,degree_id,40.111,922,start_total_in_courses,total_reg_courses,922,18,17,15,921,False
clean_v2,degree_id,40.111,922,total_reg_courses,start_total_in_courses,922,24,21,14,658,False
clean_v2,degree_id,40.111,922,total_reg_credits,total_reg_courses,922,62,36,4,502,False
clean_v2,degree_id,40.111,922,total_reg_courses,total_reg_credits,922,24,20,7,643,False
clean_v2,degree_id,41.111,2179,start_total_in_credits,start_total_in_courses,2179,102,82,5,1557,False
clean_v2,degree_id,41.111,2179,start_total_in_courses,start_total_in_credits,2179,37,32,14,1584,False
clean_v2,degree_id,41.111,2179,start_total_in_credits,total_reg_credits,2179,102,88,17,2165,False
clean_v2,degree_id,41.111,2179,total_reg_credits,start_total_in_credits,2179,87,71,23,1589,False
clean_v2,degree_id,41.111,2179,start_total_in_credits,total_reg_courses,2179,102,86,11,2157,False
clean_v2,degree_id,41.111,2179,total_reg_courses,start_total_in_credits,2179,34,25,45,1597,False
clean_v2,degree_id,41.111,2179,start_total_in_courses,total_reg_credits,2179,37,33,30,2175,False
clean_v2,degree_id,41.111,2179,total_reg_credits,start_total_in_courses,2179,87,72,14,1591,False
clean_v2,degree_id,41.111,2179,start_total_in_courses,total_reg_courses,2179,37,33,16,2175,False
clean_v2,degree_id,41.111,2179,total_reg_courses,start_total_in_courses,2179,34,25,20,1597,False
clean_v2,degree_id,41.111,2179,total_reg_credits,total_reg_courses,2179,87,69,5,1569,False
clean_v2,degree_id,41.111,2179,total_reg_courses,total_reg_credits,2179,34,25,15,1597,False
clean_v2,degree_id,42.111,1730,start_total_in_credits,start_total_in_courses,1730,90,71,5,1192,False
clean_v2,degree_id,42.111,1730,start_total_in_courses,start_total_in_credits,1730,39,36,9,1247,False
clean_v2,degree_id,42.111,1730,start_total_in_credits,total_reg_credits,1730,90,77,12,1707,False
clean_v2,degree_id,42.111,1730,total_reg_credits,start_total_in_credits,1730,77,62,18,1244,False
clean_v2,degree_id,42.111,1730,start_total_in_credits,total_reg_courses,1730,90,78,11,1716,False
clean_v2,degree_id,42.111,1730,total_reg_courses,start_total_in_credits,1730,36,29,31,1253,False
clean_v2,degree_id,42.111,1730,start_total_in_courses,total_reg_credits,1730,39,37,20,1728,False
clean_v2,degree_id,42.111,1730,total_reg_credits,start_total_in_courses,1730,77,62,14,1244,False
clean_v2,degree_id,42.111,1730,start_total_in_courses,total_reg_courses,1730,39,36,14,1723,False
clean_v2,degree_id,42.111,1730,total_reg_courses,start_total_in_courses,1730,36,29,18,1253,False
clean_v2,degree_id,42.111,1730,total_reg_credits,total_reg_courses,1730,77,58,5,1232,False
clean_v2,degree_id,42.111,1730,total_reg_courses,total_reg_credits,1730,36,28,11,1249,False
clean_v2,degree_id,44.111,1181,start_total_in_credits,start_total_in_courses,1181,89,46,4,514,False
clean_v2,degree_id,44.111,1181,start_total_in_courses,start_total_in_credits,1181,40,33,9,821,False
clean_v2,degree_id,44.111,1181,start_total_in_credits,total_reg_credits,1181,89,70,9,1151,False
clean_v2,degree_id,44.111,1181,total_reg_credits,start_total_in_credits,1181,66,53,21,822,False
clean_v2,degree_id,44.111,1181,start_total_in_credits,total_reg_courses,1181,89,71,9,1154,False
clean_v2,degree_id,44.111,1181,total_reg_courses,start_total_in_credits,1181,28,25,32,834,False
clean_v2,degree_id,44.111,1181,start_total_in_courses,total_reg_credits,1181,40,35,15,1176,False
clean_v2,degree_id,44.111,1181,total_reg_credits,start_total_in_courses,1181,66,53,14,822,False
clean_v2,degree_id,44.111,1181,start_total_in_courses,total_reg_courses,1181,40,34,10,1173,False
clean_v2,degree_id,44.111,1181,total_reg_courses,start_total_in_courses,1181,28,25,16,834,False
clean_v2,degree_id,44.111,1181,total_reg_credits,total_reg_courses,1181,66,46,4,656,False
clean_v2,degree_id,44.111,1181,total_reg_courses,total_reg_credits,1181,28,25,9,834,False
clean_v2,degree_id,45.111,445,start_total_in_credits,start_total_in_courses,445,47,3,2,20,False
clean_v2,degree_id,45.111,445,start_total_in_courses,start_total_in_credits,445,28,18,3,212,False
clean_v2,degree_id,45.111,445,start_total_in_credits,total_reg_credits,445,47,30,10,417,False
clean_v2,degree_id,45.111,445,total_reg_credits,start_total_in_credits,445,46,30,10,315,False
clean_v2,degree_id,45.111,445,start_total_in_credits,total_reg_courses,445,47,30,8,417,False
clean_v2,degree_id,45.111,445,total_reg_courses,start_total_in_credits,445,25,21,13,330,False
clean_v2,degree_id,45.111,445,start_total_in_courses,total_reg_credits,445,28,26,10,443,False
clean_v2,degree_id,45.111,445,total_reg_credits,start_total_in_courses,445,46,30,10,315,False
clean_v2,degree_id,45.111,445,start_total_in_courses,total_reg_courses,445,28,26,8,443,False
clean_v2,degree_id,45.111,445,total_reg_courses,start_total_in_courses,445,25,21,10,330,False
clean_v2,degree_id,45.111,445,total_reg_credits,total_reg_courses,445,46,6,2,41,False
clean_v2,degree_id,45.111,445,total_reg_courses,total_reg_credits,445,25,19,4,307,False
clean_v2,degree_id,46.111,424,start_total_in_credits,start_total_in_courses,424,60,5,2,21,False
clean_v2,degree_id,46.111,424,start_total_in_courses,start_total_in_credits,424,28,19,5,254,False
clean_v2,degree_id,46.111,424,start_total_in_credits,total_reg_credits,424,60,37,6,389,False
clean_v2,degree_id,46.111,424,total_reg_credits,start_total_in_credits,424,49,27,10,273,False
clean_v2,degree_id,46.111,424,start_total_in_credits,total_reg_courses,424,60,37,6,389,False
clean_v2,degree_id,46.111,424,total_reg_courses,start_total_in_credits,424,24,19,13,293,False
clean_v2,degree_id,46.111,424,start_total_in_courses,total_reg_credits,424,28,22,11,418,False
clean_v2,degree_id,46.111,424,total_reg_credits,start_total_in_courses,424,49,27,8,273,False
clean_v2,degree_id,46.111,424,start_total_in_courses,total_reg_courses,424,28,22,8,418,False
clean_v2,degree_id,46.111,424,total_reg_courses,start_total_in_courses,424,24,19,11,293,False
clean_v2,degree_id,46.111,424,total_reg_credits,total_reg_courses,424,49,4,2,22,False
clean_v2,degree_id,46.111,424,total_reg_courses,total_reg_credits,424,24,18,4,290,False
clean_v2,degree_id,47.111,516,start_total_in_credits,start_total_in_courses,516,61,5,2,27,False
clean_v2,degree_id,47.111,516,start_total_in_courses,start_total_in_credits,516,27,22,4,342,False
clean_v2,degree_id,47.111,516,start_total_in_credits,total_reg_credits,516,61,41,8,475,False
clean_v2,degree_id,47.111,516,total_reg_credits,start_total_in_credits,516,55,35,10,345,False
clean_v2,degree_id,47.111,516,start_total_in_credits,total_reg_courses,516,61,40,7,473,False
clean_v2,degree_id,47.111,516,total_reg_courses,start_total_in_credits,516,24,22,16,368,False
clean_v2,degree_id,47.111,516,start_total_in_courses,total_reg_credits,516,27,25,12,513,False
clean_v2,degree_id,47.111,516,total_reg_credits,start_total_in_courses,516,55,34,10,343,False
clean_v2,degree_id,47.111,516,start_total_in_courses,total_reg_courses,516,27,25,10,513,False
clean_v2,degree_id,47.111,516,total_reg_courses,start_total_in_courses,516,24,22,11,368,False
clean_v2,degree_id,47.111,516,total_reg_credits,total_reg_courses,516,55,6,2,21,False
clean_v2,degree_id,47.111,516,total_reg_courses,total_reg_credits,516,24,21,4,364,False
clean_v2,degree_id,48.111,483,start_total_in_credits,start_total_in_courses,483,59,5,2,23,False
clean_v2,degree_id,48.111,483,start_total_in_courses,start_total_in_credits,483,25,21,4,312,False
clean_v2,degree_id,48.111,483,start_total_in_credits,total_reg_credits,483,59,39,11,445,False
clean_v2,degree_id,48.111,483,total_reg_credits,start_total_in_credits,483,51,37,9,332,False
clean_v2,degree_id,48.111,483,start_total_in_credits,total_reg_courses,483,59,40,10,447,False
clean_v2,degree_id,48.111,483,total_reg_courses,start_total_in_credits,483,23,22,14,349,False
clean_v2,degree_id,48.111,483,start_total_in_courses,total_reg_credits,483,25,25,15,483,False
clean_v2,degree_id,48.111,483,total_reg_credits,start_total_in_courses,483,51,37,9,332,False
clean_v2,degree_id,48.111,483,start_total_in_courses,total_reg_courses,483,25,24,10,480,False
clean_v2,degree_id,48.111,483,total_reg_courses,start_total_in_courses,483,23,22,10,349,False
clean_v2,degree_id,48.111,483,total_reg_credits,total_reg_courses,483,51,7,2,31,False
clean_v2,degree_id,48.111,483,total_reg_courses,total_reg_credits,483,23,20,4,338,False
clean_v2,degree_id,49.111,264,start_total_in_credits,start_total_in_courses,264,53,2,2,5,False
clean_v2,degree_id,49.111,264,start_total_in_courses,start_total_in_credits,264,29,20,3,161,False
clean_v2,degree_id,49.111,264,start_total_in_credits,total_reg_credits,264,53,27,8,234,False
clean_v2,degree_id,49.111,264,total_reg_credits,start_total_in_credits,264,44,28,9,181,False
clean_v2,degree_id,49.111,264,start_total_in_credits,total_reg_courses,264,53,26,7,232,False
clean_v2,degree_id,49.111,264,total_reg_courses,start_total_in_credits,264,22,18,13,198,False
clean_v2,degree_id,49.111,264,start_total_in_courses,total_reg_credits,264,29,24,9,259,False
clean_v2,degree_id,49.111,264,total_reg_credits,start_total_in_courses,264,44,28,9,181,False
clean_v2,degree_id,49.111,264,start_total_in_courses,total_reg_courses,264,29,23,7,257,False
clean_v2,degree_id,49.111,264,total_reg_courses,start_total_in_courses,264,22,18,10,198,False
clean_v2,degree_id,49.111,264,total_reg_credits,total_reg_courses,264,44,4,2,13,False
clean_v2,degree_id,49.111,264,total_reg_courses,total_reg_credits,264,22,18,3,198,False
clean_v2,degree_id,5.111,161,start_total_in_credits,start_total_in_courses,161,82,10,2,28,False
clean_v2,degree_id,5.111,161,start_total_in_courses,start_total_in_credits,161,52,24,4,90,False
clean_v2,degree_id,5.111,161,start_total_in_credits,total_reg_credits,161,82,37,5,116,False
clean_v2,degree_id,5.111,161,total_reg_credits,start_total_in_credits,161,79,34,5,94,False
clean_v2,degree_id,5.111,161,start_total_in_credits,total_reg_courses,161,82,37,5,116,False
clean_v2,degree_id,5.111,161,total_reg_courses,start_total_in_credits,161,48,28,9,120,False
clean_v2,degree_id,5.111,161,start_total_in_courses,total_reg_credits,161,52,37,6,146,False
clean_v2,degree_id,5.111,161,total_reg_credits,start_total_in_courses,161,79,33,5,92,False
clean_v2,degree_id,5.111,161,start_total_in_courses,total_reg_courses,161,52,37,6,146,False
clean_v2,degree_id,5.111,161,total_reg_courses,start_total_in_courses,161,48,28,8,120,False
clean_v2,degree_id,5.111,161,total_reg_credits,total_reg_courses,161,79,16,3,36,False
clean_v2,degree_id,5.111,161,total_reg_courses,total_reg_credits,161,48,25,5,110,False
clean_v2,degree_id,50.111,505,start_total_in_credits,start_total_in_courses,505,99,28,3,126,False
clean_v2,degree_id,50.111,505,start_total_in_courses,start_total_in_credits,505,46,34,5,341,False
clean_v2,degree_id,50.111,505,start_total_in_credits,total_reg_credits,505,99,61,9,455,False
clean_v2,degree_id,50.111,505,total_reg_credits,start_total_in_credits,505,68,47,22,352,False
clean_v2,degree_id,50.111,505,start_total_in_credits,total_reg_courses,505,99,57,9,445,False
clean_v2,degree_id,50.111,505,total_reg_courses,start_total_in_credits,505,27,24,24,370,False
clean_v2,degree_id,50.111,505,start_total_in_courses,total_reg_credits,505,46,36,15,484,False
clean_v2,degree_id,50.111,505,total_reg_credits,start_total_in_courses,505,68,46,13,350,False
clean_v2,degree_id,50.111,505,start_total_in_courses,total_reg_courses,505,46,35,11,482,False
clean_v2,degree_id,50.111,505,total_reg_courses,start_total_in_courses,505,27,24,14,370,False
clean_v2,degree_id,50.111,505,total_reg_credits,total_reg_courses,505,68,30,4,294,False
clean_v2,degree_id,50.111,505,total_reg_courses,total_reg_credits,505,27,24,8,370,False
clean_v2,degree_id,53.111,224,start_total_in_credits,start_total_in_courses,224,61,6,2,23,False
clean_v2,degree_id,53.111,224,start_total_in_courses,start_total_in_credits,224,26,23,4,174,False
clean_v2,degree_id,53.111,224,start_total_in_credits,total_reg_credits,224,61,36,6,191,False
clean_v2,degree_id,53.111,224,total_reg_credits,start_total_in_credits,224,54,38,6,159,False
clean_v2,degree_id,53.111,224,start_total_in_credits,total_reg_courses,224,61,36,6,191,False
clean_v2,degree_id,53.111,224,total_reg_courses,start_total_in_credits,224,25,22,13,175,False
clean_v2,degree_id,53.111,224,start_total_in_courses,total_reg_credits,224,26,24,10,222,False
clean_v2,degree_id,53.111,224,total_reg_credits,start_total_in_courses,224,54,38,5,159,False
clean_v2,degree_id,53.111,224,start_total_in_courses,total_reg_courses,224,26,23,8,220,False
clean_v2,degree_id,53.111,224,total_reg_courses,start_total_in_courses,224,25,22,8,175,False
clean_v2,degree_id,53.111,224,total_reg_credits,total_reg_courses,224,54,8,2,26,False
clean_v2,degree_id,53.111,224,total_reg_courses,total_reg_credits,224,25,18,5,166,False
clean_v2,degree_id,55.111,251,start_total_in_credits,start_total_in_courses,251,57,2,2,10,False
clean_v2,degree_id,55.111,251,start_total_in_courses,start_total_in_credits,251,28,23,3,190,False
clean_v2,degree_id,55.111,251,start_total_in_credits,total_reg_credits,251,57,36,7,173,False
clean_v2,degree_id,55.111,251,total_reg_credits,start_total_in_credits,251,56,39,8,176,False
clean_v2,degree_id,55.111,251,start_total_in_credits,total_reg_courses,251,57,35,5,171,False
clean_v2,degree_id,55.111,251,total_reg_courses,start_total_in_credits,251,25,21,12,192,False
clean_v2,degree_id,55.111,251,start_total_in_courses,total_reg_credits,251,28,24,10,194,False
clean_v2,degree_id,55.111,251,total_reg_credits,start_total_in_courses,251,56,40,6,180,False
clean_v2,degree_id,55.111,251,start_total_in_courses,total_reg_courses,251,28,24,6,194,False
clean_v2,degree_id,55.111,251,total_reg_courses,start_total_in_courses,251,25,21,8,192,False
clean_v2,degree_id,55.111,251,total_reg_credits,total_reg_courses,251,56,7,2,25,False
clean_v2,degree_id,55.111,251,total_reg_courses,total_reg_credits,251,25,22,4,195,False
clean_v2,degree_id,6.111,1653,start_total_in_credits,start_total_in_courses,1653,167,135,4,1427,False
clean_v2,degree_id,6.111,1653,start_total_in_courses,start_total_in_credits,1653,60,58,10,1617,False
clean_v2,degree_id,6.111,1653,start_total_in_credits,total_reg_credits,1653,167,161,33,1641,False
clean_v2,degree_id,6.111,1653,total_reg_credits,start_total_in_credits,1653,267,222,16,1583,False
clean_v2,degree_id,6.111,1653,start_total_in_credits,total_reg_courses,1653,167,161,24,1641,False
clean_v2,degree_id,6.111,1653,total_reg_courses,start_total_in_credits,1653,111,91,38,1610,False
clean_v2,degree_id,6.111,1653,start_total_in_courses,total_reg_credits,1653,60,59,36,1645,False
clean_v2,degree_id,6.111,1653,total_reg_credits,start_total_in_courses,1653,267,222,14,1583,False
clean_v2,degree_id,6.111,1653,start_total_in_courses,total_reg_courses,1653,60,59,30,1645,False
clean_v2,degree_id,6.111,1653,total_reg_courses,start_total_in_courses,1653,111,91,27,1610,False
clean_v2,degree_id,6.111,1653,total_reg_credits,total_reg_courses,1653,267,203,7,1505,False
clean_v2,degree_id,6.111,1653,total_reg_courses,total_reg_credits,1653,111,91,14,1610,False
clean_v2,degree_id,7.111,1025,start_total_in_credits,start_total_in_courses,1025,127,83,3,683,False
clean_v2,degree_id,7.111,1025,start_total_in_courses,start_total_in_credits,1025,50,49,7,931,False
clean_v2,degree_id,7.111,1025,start_total_in_credits,total_reg_credits,1025,127,121,15,1019,False
clean_v2,degree_id,7.111,1025,total_reg_credits,start_total_in_credits,1025,151,131,14,918,False
clean_v2,degree_id,7.111,1025,start_total_in_credits,total_reg_courses,1025,127,120,14,1017,False
clean_v2,degree_id,7.111,1025,total_reg_courses,start_total_in_credits,1025,65,62,20,935,False
clean_v2,degree_id,7.111,1025,start_total_in_courses,total_reg_credits,1025,50,50,26,1025,False
clean_v2,degree_id,7.111,1025,total_reg_credits,start_total_in_courses,1025,151,131,11,918,False
clean_v2,degree_id,7.111,1025,start_total_in_courses,total_reg_courses,1025,50,50,21,1025,False
clean_v2,degree_id,7.111,1025,total_reg_courses,start_total_in_courses,1025,65,62,16,935,False
clean_v2,degree_id,7.111,1025,total_reg_credits,total_reg_courses,1025,151,116,6,806,False
clean_v2,degree_id,7.111,1025,total_reg_courses,total_reg_credits,1025,65,61,14,933,False
clean_v2,degree_id,8.111,3025,start_total_in_credits,start_total_in_courses,3025,133,116,4,2506,False
clean_v2,degree_id,8.111,3025,start_total_in_courses,start_total_in_credits,3025,51,49,10,2822,False
clean_v2,degree_id,8.111,3025,start_total_in_credits,total_reg_credits,3025,133,133,34,3025,False
clean_v2,degree_id,8.111,3025,total_reg_credits,start_total_in_credits,3025,242,198,26,2791,False
clean_v2,degree_id,8.111,3025,start_total_in_credits,total_reg_courses,3025,133,132,25,3023,False
clean_v2,degree_id,8.111,3025,total_reg_courses,start_total_in_credits,3025,110,94,45,2820,False
clean_v2,degree_id,8.111,3025,start_total_in_courses,total_reg_credits,3025,51,51,52,3025,False
clean_v2,degree_id,8.111,3025,total_reg_credits,start_total_in_courses,3025,242,196,20,2786,False
clean_v2,degree_id,8.111,3025,start_total_in_courses,total_reg_courses,3025,51,51,35,3025,False
clean_v2,degree_id,8.111,3025,total_reg_courses,start_total_in_courses,3025,110,93,27,2818,False
clean_v2,degree_id,8.111,3025,total_reg_credits,total_reg_courses,3025,242,186,9,2612,False
clean_v2,degree_id,8.111,3025,total_reg_courses,total_reg_credits,3025,110,95,19,2823,False
clean_v2,progress_quartile,"(-0.001, 32.0]",22480,start_total_in_credits,start_total_in_courses,22480,32,30,7,15013,False
clean_v2,progress_quartile,"(-0.001, 32.0]",22480,start_total_in_courses,start_total_in_credits,22480,16,14,15,15227,False
clean_v2,progress_quartile,"(-0.001, 32.0]",22480,start_total_in_credits,total_reg_credits,22480,32,32,102,22480,False
clean_v2,progress_quartile,"(-0.001, 32.0]",22480,total_reg_credits,start_total_in_credits,22480,187,136,32,15947,False
clean_v2,progress_quartile,"(-0.001, 32.0]",22480,start_total_in_credits,total_reg_courses,22480,32,32,52,22480,False
clean_v2,progress_quartile,"(-0.001, 32.0]",22480,total_reg_courses,start_total_in_credits,22480,84,68,32,15989,False
clean_v2,progress_quartile,"(-0.001, 32.0]",22480,start_total_in_courses,total_reg_credits,22480,16,15,126,22479,False
clean_v2,progress_quartile,"(-0.001, 32.0]",22480,total_reg_credits,start_total_in_courses,22480,187,136,16,15947,False
clean_v2,progress_quartile,"(-0.001, 32.0]",22480,start_total_in_courses,total_reg_courses,22480,16,15,60,22479,False
clean_v2,progress_quartile,"(-0.001, 32.0]",22480,total_reg_courses,start_total_in_courses,22480,84,68,16,15989,False
clean_v2,progress_quartile,"(-0.001, 32.0]",22480,total_reg_credits,total_reg_courses,22480,187,134,14,15939,False
clean_v2,progress_quartile,"(-0.001, 32.0]",22480,total_reg_courses,total_reg_credits,22480,84,68,33,15989,False
clean_v2,progress_quartile,"(128.0, 253.0]",21792,start_total_in_credits,start_total_in_courses,21792,216,191,24,20949,False
clean_v2,progress_quartile,"(128.0, 253.0]",21792,start_total_in_courses,start_total_in_credits,21792,48,47,71,21791,False
clean_v2,progress_quartile,"(128.0, 253.0]",21792,start_total_in_credits,total_reg_credits,21792,216,202,322,21778,False
clean_v2,progress_quartile,"(128.0, 253.0]",21792,total_reg_credits,start_total_in_credits,21792,919,704,67,21568,False
clean_v2,progress_quartile,"(128.0, 253.0]",21792,start_total_in_credits,total_reg_courses,21792,216,202,101,21778,False
clean_v2,progress_quartile,"(128.0, 253.0]",21792,total_reg_courses,start_total_in_credits,21792,220,182,134,21753,False
clean_v2,progress_quartile,"(128.0, 253.0]",21792,start_total_in_courses,total_reg_credits,21792,48,47,435,21791,False
clean_v2,progress_quartile,"(128.0, 253.0]",21792,total_reg_credits,start_total_in_courses,21792,919,701,41,21562,False
clean_v2,progress_quartile,"(128.0, 253.0]",21792,start_total_in_courses,total_reg_courses,21792,48,47,117,21791,False
clean_v2,progress_quartile,"(128.0, 253.0]",21792,total_reg_courses,start_total_in_courses,21792,220,182,42,21753,False
clean_v2,progress_quartile,"(128.0, 253.0]",21792,total_reg_credits,total_reg_courses,21792,919,697,32,21554,False
clean_v2,progress_quartile,"(128.0, 253.0]",21792,total_reg_courses,total_reg_credits,21792,220,182,106,21753,False
clean_v2,progress_quartile,"(32.0, 75.0]",21673,start_total_in_credits,start_total_in_courses,21673,47,43,15,21669,False
clean_v2,progress_quartile,"(32.0, 75.0]",21673,start_total_in_courses,start_total_in_credits,21673,26,25,35,21672,False
clean_v2,progress_quartile,"(32.0, 75.0]",21673,start_total_in_credits,total_reg_credits,21673,47,43,138,21669,False
clean_v2,progress_quartile,"(32.0, 75.0]",21673,total_reg_credits,start_total_in_credits,21673,313,261,43,21617,False
clean_v2,progress_quartile,"(32.0, 75.0]",21673,start_total_in_credits,total_reg_courses,21673,47,43,75,21669,False
clean_v2,progress_quartile,"(32.0, 75.0]",21673,total_reg_courses,start_total_in_credits,21673,134,114,44,21649,False
clean_v2,progress_quartile,"(32.0, 75.0]",21673,start_total_in_courses,total_reg_credits,21673,26,25,188,21672,False
clean_v2,progress_quartile,"(32.0, 75.0]",21673,total_reg_credits,start_total_in_courses,21673,313,260,23,21615,False
clean_v2,progress_quartile,"(32.0, 75.0]",21673,start_total_in_courses,total_reg_courses,21673,26,25,91,21672,False
clean_v2,progress_quartile,"(32.0, 75.0]",21673,total_reg_courses,start_total_in_courses,21673,134,113,23,21647,False
clean_v2,progress_quartile,"(32.0, 75.0]",21673,total_reg_credits,total_reg_courses,21673,313,259,20,21612,False
clean_v2,progress_quartile,"(32.0, 75.0]",21673,total_reg_courses,total_reg_credits,21673,134,114,49,21649,False
clean_v2,progress_quartile,"(75.0, 128.0]",21947,start_total_in_credits,start_total_in_courses,21947,98,92,22,21936,False
clean_v2,progress_quartile,"(75.0, 128.0]",21947,start_total_in_courses,start_total_in_credits,21947,36,36,67,21947,False
clean_v2,progress_quartile,"(75.0, 128.0]",21947,start_total_in_credits,total_reg_credits,21947,98,94,155,21943,False
clean_v2,progress_quartile,"(75.0, 128.0]",21947,total_reg_credits,start_total_in_credits,21947,566,434,53,21805,False
clean_v2,progress_quartile,"(75.0, 128.0]",21947,start_total_in_credits,total_reg_courses,21947,98,94,87,21943,False
clean_v2,progress_quartile,"(75.0, 128.0]",21947,total_reg_courses,start_total_in_credits,21947,165,144,68,21923,False
clean_v2,progress_quartile,"(75.0, 128.0]",21947,start_total_in_courses,total_reg_credits,21947,36,36,260,21947,False
clean_v2,progress_quartile,"(75.0, 128.0]",21947,total_reg_credits,start_total_in_courses,21947,566,429,32,21793,False
clean_v2,progress_quartile,"(75.0, 128.0]",21947,start_total_in_courses,total_reg_courses,21947,36,36,100,21947,False
clean_v2,progress_quartile,"(75.0, 128.0]",21947,total_reg_courses,start_total_in_courses,21947,165,144,32,21923,False
clean_v2,progress_quartile,"(75.0, 128.0]",21947,total_reg_credits,total_reg_courses,21947,566,420,27,21777,False
clean_v2,progress_quartile,"(75.0, 128.0]",21947,total_reg_courses,total_reg_credits,21947,165,144,72,21923,False
train_v2_course,year,2020,60963,start_total_in_credits,start_total_in_courses,60963,336,286,19,53596,False
train_v2_course,year,2020,60963,start_total_in_courses,start_total_in_credits,60963,82,81,56,54318,False
train_v2_course,year,2020,60963,start_total_in_credits,total_reg_credits,60963,336,304,59,60854,False
train_v2_course,year,2020,60963,total_reg_credits,start_total_in_credits,60963,519,381,46,54164,False
train_v2_course,year,2020,60963,start_total_in_credits,total_reg_courses,60963,336,303,46,60847,False
train_v2_course,year,2020,60963,total_reg_courses,start_total_in_credits,60963,143,128,100,54585,False
train_v2_course,year,2020,60963,start_total_in_courses,total_reg_credits,60963,82,82,111,60963,False
train_v2_course,year,2020,60963,total_reg_credits,start_total_in_courses,60963,519,379,36,54155,False
train_v2_course,year,2020,60963,start_total_in_courses,total_reg_courses,60963,82,82,58,60963,False
train_v2_course,year,2020,60963,total_reg_courses,start_total_in_courses,60963,143,128,43,54585,False
train_v2_course,year,2020,60963,total_reg_credits,total_reg_courses,60963,519,371,25,54082,False
train_v2_course,year,2020,60963,total_reg_courses,total_reg_credits,60963,143,127,68,54568,False
train_v2_course,year,2021,70082,start_total_in_credits,start_total_in_courses,70082,355,299,17,60707,False
train_v2_course,year,2021,70082,start_total_in_courses,start_total_in_credits,70082,82,80,60,61814,False
train_v2_course,year,2021,70082,start_total_in_credits,total_reg_credits,70082,355,323,95,69957,False
train_v2_course,year,2021,70082,total_reg_credits,start_total_in_credits,70082,566,406,47,61636,False
train_v2_course,year,2021,70082,start_total_in_credits,total_reg_courses,70082,355,323,48,69957,False
train_v2_course,year,2021,70082,total_reg_courses,start_total_in_credits,70082,142,129,97,62077,False
train_v2_course,year,2021,70082,start_total_in_courses,total_reg_credits,70082,82,82,142,70082,False
train_v2_course,year,2021,70082,total_reg_credits,start_total_in_courses,70082,566,402,36,61619,False
train_v2_course,year,2021,70082,start_total_in_courses,total_reg_courses,70082,82,82,61,70082,False
train_v2_course,year,2021,70082,total_reg_courses,start_total_in_courses,70082,142,129,42,62077,False
train_v2_course,year,2021,70082,total_reg_credits,total_reg_courses,70082,566,394,23,61554,False
train_v2_course,year,2021,70082,total_reg_courses,total_reg_credits,70082,142,128,67,62071,False
train_v2_course,year,2022,74324,start_total_in_credits,start_total_in_courses,74324,353,314,17,65748,False
train_v2_course,year,2022,74324,start_total_in_courses,start_total_in_credits,74324,82,80,59,67067,False
train_v2_course,year,2022,74324,start_total_in_credits,total_reg_credits,74324,353,333,97,74241,False
train_v2_course,year,2022,74324,total_reg_credits,start_total_in_credits,74324,603,491,49,67668,False
train_v2_course,year,2022,74324,start_total_in_credits,total_reg_courses,74324,353,335,48,74249,False
train_v2_course,year,2022,74324,total_reg_courses,start_total_in_credits,74324,145,138,99,67930,False
train_v2_course,year,2022,74324,start_total_in_courses,total_reg_credits,74324,82,81,165,74323,False
train_v2_course,year,2022,74324,total_reg_credits,start_total_in_courses,74324,603,488,36,67652,False
train_v2_course,year,2022,74324,start_total_in_courses,total_reg_courses,74324,82,81,62,74323,False
train_v2_course,year,2022,74324,total_reg_courses,start_total_in_courses,74324,145,138,40,67930,False
train_v2_course,year,2022,74324,total_reg_credits,total_reg_courses,74324,603,482,26,67585,False
train_v2_course,year,2022,74324,total_reg_courses,total_reg_credits,74324,145,137,66,67918,False
train_v2_course,year,2023,77014,start_total_in_credits,start_total_in_courses,77014,360,316,20,69265,False
train_v2_course,year,2023,77014,start_total_in_courses,start_total_in_credits,77014,81,80,61,70108,False
train_v2_course,year,2023,77014,start_total_in_credits,total_reg_credits,77014,360,335,125,76925,False
train_v2_course,year,2023,77014,total_reg_credits,start_total_in_credits,77014,615,501,54,70114,False
train_v2_course,year,2023,77014,start_total_in_credits,total_reg_courses,77014,360,336,51,76932,False
train_v2_course,year,2023,77014,total_reg_courses,start_total_in_credits,77014,145,135,110,70409,False
train_v2_course,year,2023,77014,start_total_in_courses,total_reg_credits,77014,81,81,173,77014,False
train_v2_course,year,2023,77014,total_reg_credits,start_total_in_courses,77014,615,499,38,70098,False
train_v2_course,year,2023,77014,start_total_in_courses,total_reg_courses,77014,81,81,60,77014,False
train_v2_course,year,2023,77014,total_reg_courses,start_total_in_courses,77014,145,135,45,70409,False
train_v2_course,year,2023,77014,total_reg_credits,total_reg_courses,77014,615,497,24,70072,False
train_v2_course,year,2023,77014,total_reg_courses,total_reg_credits,77014,145,135,72,70409,False
train_v2_course,year,2024,74433,start_total_in_credits,start_total_in_courses,74433,349,308,19,66898,False
train_v2_course,year,2024,74433,start_total_in_courses,start_total_in_credits,74433,81,80,61,67435,False
train_v2_course,year,2024,74433,start_total_in_credits,total_reg_credits,74433,349,329,65,74364,False
train_v2_course,year,2024,74433,total_reg_credits,start_total_in_credits,74433,613,482,51,67184,False
train_v2_course,year,2024,74433,start_total_in_credits,total_reg_courses,74433,349,329,45,74364,False
train_v2_course,year,2024,74433,total_reg_courses,start_total_in_credits,74433,149,137,115,67539,False
train_v2_course,year,2024,74433,start_total_in_courses,total_reg_credits,74433,81,81,139,74433,False
train_v2_course,year,2024,74433,total_reg_credits,start_total_in_courses,74433,613,474,39,67132,False
train_v2_course,year,2024,74433,start_total_in_courses,total_reg_courses,74433,81,81,62,74433,False
train_v2_course,year,2024,74433,total_reg_courses,start_total_in_courses,74433,149,136,43,67529,False
train_v2_course,year,2024,74433,total_reg_credits,total_reg_courses,74433,613,468,22,67071,False
train_v2_course,year,2024,74433,total_reg_courses,total_reg_credits,74433,149,137,73,67539,False
train_v2_course,degree_id,1.111,76474,start_total_in_credits,start_total_in_courses,76474,187,178,10,73159,False
train_v2_course,degree_id,1.111,76474,start_total_in_courses,start_total_in_credits,76474,82,81,18,73391,False
train_v2_course,degree_id,1.111,76474,start_total_in_credits,total_reg_credits,76474,187,185,60,76471,False
train_v2_course,degree_id,1.111,76474,total_reg_credits,start_total_in_credits,76474,329,307,48,73367,False
train_v2_course,degree_id,1.111,76474,start_total_in_credits,total_reg_courses,76474,187,185,44,76471,False
train_v2_course,degree_id,1.111,76474,total_reg_courses,start_total_in_credits,76474,150,143,70,73455,False
train_v2_course,degree_id,1.111,76474,start_total_in_courses,total_reg_credits,76474,82,82,90,76474,False
train_v2_course,degree_id,1.111,76474,total_reg_credits,start_total_in_courses,76474,329,306,34,73356,False
train_v2_course,degree_id,1.111,76474,start_total_in_courses,total_reg_courses,76474,82,82,59,76474,False
train_v2_course,degree_id,1.111,76474,total_reg_courses,start_total_in_courses,76474,150,143,45,73455,False
train_v2_course,degree_id,1.111,76474,total_reg_credits,total_reg_courses,76474,329,306,14,73323,False
train_v2_course,degree_id,1.111,76474,total_reg_courses,total_reg_credits,76474,150,143,32,73455,False
train_v2_course,degree_id,10.111,3871,start_total_in_credits,start_total_in_courses,3871,129,70,3,2088,False
train_v2_course,degree_id,10.111,3871,start_total_in_courses,start_total_in_credits,3871,51,46,7,3398,False
train_v2_course,degree_id,10.111,3871,start_total_in_credits,total_reg_credits,3871,129,116,10,3393,False
train_v2_course,degree_id,10.111,3871,total_reg_credits,start_total_in_credits,3871,163,126,11,3285,False
train_v2_course,degree_id,10.111,3871,start_total_in_credits,total_reg_courses,3871,129,118,10,3417,False
train_v2_course,degree_id,10.111,3871,total_reg_courses,start_total_in_credits,3871,75,62,19,3398,False
train_v2_course,degree_id,10.111,3871,start_total_in_courses,total_reg_credits,3871,51,48,20,3441,False
train_v2_course,degree_id,10.111,3871,total_reg_credits,start_total_in_courses,3871,163,127,9,3297,False
train_v2_course,degree_id,10.111,3871,start_total_in_courses,total_reg_courses,3871,51,48,16,3441,False
train_v2_course,degree_id,10.111,3871,total_reg_courses,start_total_in_courses,3871,75,61,16,3386,False
train_v2_course,degree_id,10.111,3871,total_reg_credits,total_reg_courses,3871,163,108,5,2688,False
train_v2_course,degree_id,10.111,3871,total_reg_courses,total_reg_credits,3871,75,60,11,3372,False
train_v2_course,degree_id,11.111,10380,start_total_in_credits,start_total_in_courses,10380,134,108,3,8141,False
train_v2_course,degree_id,11.111,10380,start_total_in_courses,start_total_in_credits,10380,51,50,9,9295,False
train_v2_course,degree_id,11.111,10380,start_total_in_credits,total_reg_credits,10380,134,133,25,10379,False
train_v2_course,degree_id,11.111,10380,total_reg_credits,start_total_in_credits,10380,185,161,18,9238,False
train_v2_course,degree_id,11.111,10380,start_total_in_credits,total_reg_courses,10380,134,133,19,10379,False
train_v2_course,degree_id,11.111,10380,total_reg_courses,start_total_in_credits,10380,79,69,38,9273,False
train_v2_course,degree_id,11.111,10380,start_total_in_courses,total_reg_credits,10380,51,51,38,10380,False
train_v2_course,degree_id,11.111,10380,total_reg_credits,start_total_in_courses,10380,185,160,15,9234,False
train_v2_course,degree_id,11.111,10380,start_total_in_courses,total_reg_courses,10380,51,51,25,10380,False
train_v2_course,degree_id,11.111,10380,total_reg_courses,start_total_in_courses,10380,79,69,22,9273,False
train_v2_course,degree_id,11.111,10380,total_reg_credits,total_reg_courses,10380,185,151,7,8561,False
train_v2_course,degree_id,11.111,10380,total_reg_courses,total_reg_credits,10380,79,69,15,9273,False
train_v2_course,degree_id,13.111,61361,start_total_in_credits,start_total_in_courses,61361,179,168,6,57919,False
train_v2_course,degree_id,13.111,61361,start_total_in_courses,start_total_in_credits,61361,70,69,15,58292,False
train_v2_course,degree_id,13.111,61361,start_total_in_credits,total_reg_credits,61361,179,178,98,61360,False
train_v2_course,degree_id,13.111,61361,total_reg_credits,start_total_in_credits,61361,380,342,52,58262,False
train_v2_course,degree_id,13.111,61361,start_total_in_credits,total_reg_courses,61361,179,178,64,61360,False
train_v2_course,degree_id,13.111,61361,total_reg_courses,start_total_in_credits,61361,149,142,82,58398,False
train_v2_course,degree_id,13.111,61361,start_total_in_courses,total_reg_credits,61361,70,70,121,61361,False
train_v2_course,degree_id,13.111,61361,total_reg_credits,start_total_in_courses,61361,380,339,33,58235,False
train_v2_course,degree_id,13.111,61361,start_total_in_courses,total_reg_courses,61361,70,70,67,61361,False
train_v2_course,degree_id,13.111,61361,total_reg_courses,start_total_in_courses,61361,149,142,45,58398,False
train_v2_course,degree_id,13.111,61361,total_reg_credits,total_reg_courses,61361,380,340,11,58247,False
train_v2_course,degree_id,13.111,61361,total_reg_courses,total_reg_credits,61361,149,141,26,58386,False
train_v2_course,degree_id,2.111,60999,start_total_in_credits,start_total_in_courses,60999,379,347,7,56372,False
train_v2_course,degree_id,2.111,60999,start_total_in_courses,start_total_in_credits,60999,67,63,48,57151,False
train_v2_course,degree_id,2.111,60999,start_total_in_credits,total_reg_credits,60999,379,363,223,60948,False
train_v2_course,degree_id,2.111,60999,total_reg_credits,start_total_in_credits,60999,748,663,41,57063,False
train_v2_course,degree_id,2.111,60999,start_total_in_credits,total_reg_courses,60999,379,363,70,60948,False
train_v2_course,degree_id,2.111,60999,total_reg_courses,start_total_in_credits,60999,129,120,131,57262,False
train_v2_course,degree_id,2.111,60999,start_total_in_courses,total_reg_credits,60999,67,64,250,60992,False
train_v2_course,degree_id,2.111,60999,total_reg_credits,start_total_in_courses,60999,748,659,27,57035,False
train_v2_course,degree_id,2.111,60999,start_total_in_courses,total_reg_courses,60999,67,64,71,60992,False
train_v2_course,degree_id,2.111,60999,total_reg_courses,start_total_in_courses,60999,129,120,39,57262,False
train_v2_course,degree_id,2.111,60999,total_reg_credits,total_reg_courses,60999,748,657,13,57032,False
train_v2_course,degree_id,2.111,60999,total_reg_courses,total_reg_credits,60999,129,120,59,57262,False
train_v2_course,degree_id,20.111,1408,start_total_in_credits,start_total_in_courses,1408,113,61,4,1070,False
train_v2_course,degree_id,20.111,1408,start_total_in_courses,start_total_in_credits,1408,47,41,9,1377,False
train_v2_course,degree_id,20.111,1408,start_total_in_credits,total_reg_credits,1408,113,77,12,1222,False
train_v2_course,degree_id,20.111,1408,total_reg_credits,start_total_in_credits,1408,169,79,5,1018,False
train_v2_course,degree_id,20.111,1408,start_total_in_credits,total_reg_courses,1408,113,77,12,1222,False
train_v2_course,degree_id,20.111,1408,total_reg_courses,start_total_in_credits,1408,84,64,10,1314,False
train_v2_course,degree_id,20.111,1408,start_total_in_courses,total_reg_credits,1408,47,41,22,1377,False
train_v2_course,degree_id,20.111,1408,total_reg_credits,start_total_in_courses,1408,169,78,5,1016,False
train_v2_course,degree_id,20.111,1408,start_total_in_courses,total_reg_courses,1408,47,41,21,1377,False
train_v2_course,degree_id,20.111,1408,total_reg_courses,start_total_in_courses,1408,84,63,10,1312,False
train_v2_course,degree_id,20.111,1408,total_reg_credits,total_reg_courses,1408,169,66,5,858,False
train_v2_course,degree_id,20.111,1408,total_reg_courses,total_reg_credits,1408,84,64,8,1314,False
train_v2_course,degree_id,21.111,2667,start_total_in_credits,start_total_in_courses,2667,52,20,4,432,False
train_v2_course,degree_id,21.111,2667,start_total_in_courses,start_total_in_credits,2667,20,18,7,1402,False
train_v2_course,degree_id,21.111,2667,start_total_in_credits,total_reg_credits,2667,52,43,10,2628,False
train_v2_course,degree_id,21.111,2667,total_reg_credits,start_total_in_credits,2667,49,32,13,1420,False
train_v2_course,degree_id,21.111,2667,start_total_in_credits,total_reg_courses,2667,52,41,9,2608,False
train_v2_course,degree_id,21.111,2667,total_reg_courses,start_total_in_credits,2667,20,18,24,1477,False
train_v2_course,degree_id,21.111,2667,start_total_in_courses,total_reg_credits,2667,20,19,14,2665,False
train_v2_course,degree_id,21.111,2667,total_reg_credits,start_total_in_courses,2667,49,32,9,1420,False
train_v2_course,degree_id,21.111,2667,start_total_in_courses,total_reg_courses,2667,20,19,10,2665,False
train_v2_course,degree_id,21.111,2667,total_reg_courses,start_total_in_courses,2667,20,18,11,1477,False
train_v2_course,degree_id,21.111,2667,total_reg_credits,total_reg_courses,2667,49,25,4,1067,False
train_v2_course,degree_id,21.111,2667,total_reg_courses,total_reg_credits,2667,20,18,7,1477,False
train_v2_course,degree_id,22.111,2160,start_total_in_credits,start_total_in_courses,2160,51,25,2,792,False
train_v2_course,degree_id,22.111,2160,start_total_in_courses,start_total_in_credits,2160,26,20,5,1310,False
train_v2_course,degree_id,22.111,2160,start_total_in_credits,total_reg_credits,2160,51,41,15,2133,False
train_v2_course,degree_id,22.111,2160,total_reg_credits,start_total_in_credits,2160,98,62,12,1326,False
train_v2_course,degree_id,22.111,2160,start_total_in_credits,total_reg_courses,2160,51,41,12,2133,False
train_v2_course,degree_id,22.111,2160,total_reg_courses,start_total_in_credits,2160,48,37,17,1401,False
train_v2_course,degree_id,22.111,2160,start_total_in_courses,total_reg_credits,2160,26,22,23,2153,False
train_v2_course,degree_id,22.111,2160,total_reg_credits,start_total_in_courses,2160,98,61,8,1316,False
train_v2_course,degree_id,22.111,2160,start_total_in_courses,total_reg_courses,2160,26,22,17,2153,False
train_v2_course,degree_id,22.111,2160,total_reg_courses,start_total_in_courses,2160,48,37,11,1401,False
train_v2_course,degree_id,22.111,2160,total_reg_credits,total_reg_courses,2160,98,47,4,791,False
train_v2_course,degree_id,22.111,2160,total_reg_courses,total_reg_credits,2160,48,35,8,1386,False
train_v2_course,degree_id,24.111,19538,start_total_in_credits,start_total_in_courses,19538,180,162,4,16640,False
train_v2_course,degree_id,24.111,19538,start_total_in_courses,start_total_in_credits,19538,62,59,12,17757,False
train_v2_course,degree_id,24.111,19538,start_total_in_credits,total_reg_credits,19538,180,178,34,19536,False
train_v2_course,degree_id,24.111,19538,total_reg_credits,start_total_in_credits,19538,255,223,35,17713,False
train_v2_course,degree_id,24.111,19538,start_total_in_credits,total_reg_courses,19538,180,178,26,19536,False
train_v2_course,degree_id,24.111,19538,total_reg_courses,start_total_in_credits,19538,95,87,61,17817,False
train_v2_course,degree_id,24.111,19538,start_total_in_courses,total_reg_credits,19538,62,60,62,19536,False
train_v2_course,degree_id,24.111,19538,total_reg_credits,start_total_in_courses,19538,255,224,24,17719,False
train_v2_course,degree_id,24.111,19538,start_total_in_courses,total_reg_courses,19538,62,60,43,19536,False
train_v2_course,degree_id,24.111,19538,total_reg_courses,start_total_in_courses,19538,95,87,35,17817,False
train_v2_course,degree_id,24.111,19538,total_reg_credits,total_reg_courses,19538,255,212,7,17455,False
train_v2_course,degree_id,24.111,19538,total_reg_courses,total_reg_credits,19538,95,86,16,17806,False
train_v2_course,degree_id,26.111,8239,start_total_in_credits,start_total_in_courses,8239,164,122,3,6416,False
train_v2_course,degree_id,26.111,8239,start_total_in_courses,start_total_in_credits,8239,62,60,8,7594,False
train_v2_course,degree_id,26.111,8239,start_total_in_credits,total_reg_credits,8239,164,153,45,8193,False
train_v2_course,degree_id,26.111,8239,total_reg_credits,start_total_in_credits,8239,181,165,18,7877,False
train_v2_course,degree_id,26.111,8239,start_total_in_credits,total_reg_courses,8239,164,155,26,8213,False
train_v2_course,degree_id,26.111,8239,total_reg_courses,start_total_in_credits,8239,69,63,30,7924,False
train_v2_course,degree_id,26.111,8239,start_total_in_courses,total_reg_credits,8239,62,61,45,8238,False
train_v2_course,degree_id,26.111,8239,total_reg_credits,start_total_in_courses,8239,181,165,15,7877,False
train_v2_course,degree_id,26.111,8239,start_total_in_courses,total_reg_courses,8239,62,61,26,8238,False
train_v2_course,degree_id,26.111,8239,total_reg_courses,start_total_in_courses,8239,69,63,21,7924,False
train_v2_course,degree_id,26.111,8239,total_reg_credits,total_reg_courses,8239,181,148,5,7464,False
train_v2_course,degree_id,26.111,8239,total_reg_courses,total_reg_credits,8239,69,62,12,7856,False
train_v2_course,degree_id,27.111,4227,start_total_in_credits,start_total_in_courses,4227,145,92,4,2959,False
train_v2_course,degree_id,27.111,4227,start_total_in_courses,start_total_in_credits,4227,57,52,7,3830,False
train_v2_course,degree_id,27.111,4227,start_total_in_credits,total_reg_credits,4227,145,129,24,4154,False
train_v2_course,degree_id,27.111,4227,total_reg_credits,start_total_in_credits,4227,157,140,13,3936,False
train_v2_course,degree_id,27.111,4227,start_total_in_credits,total_reg_courses,4227,145,129,15,4161,False
train_v2_course,degree_id,27.111,4227,total_reg_courses,start_total_in_credits,4227,62,58,23,3993,False
train_v2_course,degree_id,27.111,4227,start_total_in_courses,total_reg_credits,4227,57,53,24,4211,False
train_v2_course,degree_id,27.111,4227,total_reg_credits,start_total_in_courses,4227,157,139,11,3927,False
train_v2_course,degree_id,27.111,4227,start_total_in_courses,total_reg_courses,4227,57,52,15,4201,False
train_v2_course,degree_id,27.111,4227,total_reg_courses,start_total_in_courses,4227,62,58,15,3993,False
train_v2_course,degree_id,27.111,4227,total_reg_credits,total_reg_courses,4227,157,125,5,3634,False
train_v2_course,degree_id,27.111,4227,total_reg_courses,total_reg_credits,4227,62,57,12,3984,False
train_v2_course,degree_id,29.111,4716,start_total_in_credits,start_total_in_courses,4716,150,101,3,3464,False
train_v2_course,degree_id,29.111,4716,start_total_in_courses,start_total_in_credits,4716,59,54,8,4268,False
train_v2_course,degree_id,29.111,4716,start_total_in_credits,total_reg_credits,4716,150,135,19,4645,False
train_v2_course,degree_id,29.111,4716,total_reg_credits,start_total_in_credits,4716,167,141,16,4319,False
train_v2_course,degree_id,29.111,4716,start_total_in_credits,total_reg_courses,4716,150,134,15,4633,False
train_v2_course,degree_id,29.111,4716,total_reg_courses,start_total_in_credits,4716,67,62,26,4409,False
train_v2_course,degree_id,29.111,4716,start_total_in_courses,total_reg_credits,4716,59,58,24,4714,False
train_v2_course,degree_id,29.111,4716,total_reg_credits,start_total_in_courses,4716,167,141,13,4319,False
train_v2_course,degree_id,29.111,4716,start_total_in_courses,total_reg_courses,4716,59,58,18,4714,False
train_v2_course,degree_id,29.111,4716,total_reg_courses,start_total_in_courses,4716,67,62,17,4409,False
train_v2_course,degree_id,29.111,4716,total_reg_credits,total_reg_courses,4716,167,124,5,3821,False
train_v2_course,degree_id,29.111,4716,total_reg_courses,total_reg_credits,4716,67,61,11,4299,False
train_v2_course,degree_id,3.111,24543,start_total_in_credits,start_total_in_courses,24543,171,150,4,22032,False
train_v2_course,degree_id,3.111,24543,start_total_in_courses,start_total_in_credits,24543,59,58,11,23054,False
train_v2_course,degree_id,3.111,24543,start_total_in_credits,total_reg_credits,24543,171,169,50,24541,False
train_v2_course,degree_id,3.111,24543,total_reg_credits,start_total_in_credits,24543,262,232,33,23047,False
train_v2_course,degree_id,3.111,24543,start_total_in_credits,total_reg_courses,24543,171,168,28,24534,False
train_v2_course,degree_id,3.111,24543,total_reg_courses,start_total_in_credits,24543,99,90,59,23109,False
train_v2_course,degree_id,3.111,24543,start_total_in_courses,total_reg_credits,24543,59,59,73,24543,False
train_v2_course,degree_id,3.111,24543,total_reg_credits,start_total_in_courses,24543,262,231,22,23038,False
train_v2_course,degree_id,3.111,24543,start_total_in_courses,total_reg_courses,24543,59,59,38,24543,False
train_v2_course,degree_id,3.111,24543,total_reg_courses,start_total_in_courses,24543,99,89,30,23102,False
train_v2_course,degree_id,3.111,24543,total_reg_credits,total_reg_courses,24543,262,226,7,22053,False
train_v2_course,degree_id,3.111,24543,total_reg_courses,total_reg_credits,24543,99,90,17,23109,False
train_v2_course,degree_id,30.111,1874,start_total_in_credits,start_total_in_courses,1874,114,52,3,1056,False
train_v2_course,degree_id,30.111,1874,start_total_in_courses,start_total_in_credits,1874,54,40,6,1489,False
train_v2_course,degree_id,30.111,1874,start_total_in_credits,total_reg_credits,1874,114,83,14,1731,False
train_v2_course,degree_id,30.111,1874,total_reg_credits,start_total_in_credits,1874,137,89,8,1484,False
train_v2_course,degree_id,30.111,1874,start_total_in_credits,total_reg_courses,1874,114,81,12,1716,False
train_v2_course,degree_id,30.111,1874,total_reg_courses,start_total_in_credits,1874,65,49,16,1624,False
train_v2_course,degree_id,30.111,1874,start_total_in_courses,total_reg_credits,1874,54,43,20,1823,False
train_v2_course,degree_id,30.111,1874,total_reg_credits,start_total_in_courses,1874,137,89,8,1484,False
train_v2_course,degree_id,30.111,1874,start_total_in_courses,total_reg_courses,1874,54,43,16,1823,False
train_v2_course,degree_id,30.111,1874,total_reg_courses,start_total_in_courses,1874,65,49,15,1624,False
train_v2_course,degree_id,30.111,1874,total_reg_credits,total_reg_courses,1874,137,63,4,966,False
train_v2_course,degree_id,30.111,1874,total_reg_courses,total_reg_credits,1874,65,47,8,1549,False
train_v2_course,degree_id,31.111,1320,start_total_in_credits,start_total_in_courses,1320,89,29,3,461,False
train_v2_course,degree_id,31.111,1320,start_total_in_courses,start_total_in_credits,1320,41,31,5,1000,False
train_v2_course,degree_id,31.111,1320,start_total_in_credits,total_reg_credits,1320,89,60,11,1211,False
train_v2_course,degree_id,31.111,1320,total_reg_credits,start_total_in_credits,1320,105,73,7,995,False
train_v2_course,degree_id,31.111,1320,start_total_in_credits,total_reg_courses,1320,89,59,10,1198,False
train_v2_course,degree_id,31.111,1320,total_reg_courses,start_total_in_credits,1320,48,39,14,1088,False
train_v2_course,degree_id,31.111,1320,start_total_in_courses,total_reg_credits,1320,41,34,16,1295,False
train_v2_course,degree_id,31.111,1320,total_reg_credits,start_total_in_courses,1320,105,69,7,963,False
train_v2_course,degree_id,31.111,1320,start_total_in_courses,total_reg_courses,1320,41,34,11,1295,False
train_v2_course,degree_id,31.111,1320,total_reg_courses,start_total_in_courses,1320,48,39,11,1088,False
train_v2_course,degree_id,31.111,1320,total_reg_credits,total_reg_courses,1320,105,41,3,495,False
train_v2_course,degree_id,31.111,1320,total_reg_courses,total_reg_credits,1320,48,37,6,1048,False
train_v2_course,degree_id,33.111,673,start_total_in_credits,start_total_in_courses,673,69,8,2,104,False
train_v2_course,degree_id,33.111,673,start_total_in_courses,start_total_in_credits,673,37,26,4,516,False
train_v2_course,degree_id,33.111,673,start_total_in_credits,total_reg_credits,673,69,35,4,521,False
train_v2_course,degree_id,33.111,673,total_reg_credits,start_total_in_credits,673,66,31,6,422,False
train_v2_course,degree_id,33.111,673,start_total_in_credits,total_reg_courses,673,69,35,4,521,False
train_v2_course,degree_id,33.111,673,total_reg_courses,start_total_in_credits,673,37,26,10,529,False
train_v2_course,degree_id,33.111,673,start_total_in_courses,total_reg_credits,673,37,32,7,655,False
train_v2_course,degree_id,33.111,673,total_reg_credits,start_total_in_courses,673,66,31,6,422,False
train_v2_course,degree_id,33.111,673,start_total_in_courses,total_reg_courses,673,37,30,6,632,False
train_v2_course,degree_id,33.111,673,total_reg_courses,start_total_in_courses,673,37,26,8,529,False
train_v2_course,degree_id,33.111,673,total_reg_credits,total_reg_courses,673,66,17,3,176,False
train_v2_course,degree_id,33.111,673,total_reg_courses,total_reg_credits,673,37,25,5,519,False
train_v2_course,degree_id,34.111,1997,start_total_in_credits,start_total_in_courses,1997,100,28,2,565,False
train_v2_course,degree_id,34.111,1997,start_total_in_courses,start_total_in_credits,1997,43,35,6,1624,False
train_v2_course,degree_id,34.111,1997,start_total_in_credits,total_reg_credits,1997,100,81,7,1926,False
train_v2_course,degree_id,34.111,1997,total_reg_credits,start_total_in_credits,1997,100,76,8,1598,False
train_v2_course,degree_id,34.111,1997,start_total_in_credits,total_reg_courses,1997,100,81,7,1926,False
train_v2_course,degree_id,34.111,1997,total_reg_courses,start_total_in_credits,1997,42,37,12,1679,False
train_v2_course,degree_id,34.111,1997,start_total_in_courses,total_reg_credits,1997,43,39,15,1980,False
train_v2_course,degree_id,34.111,1997,total_reg_credits,start_total_in_courses,1997,100,74,8,1573,False
train_v2_course,degree_id,34.111,1997,start_total_in_courses,total_reg_courses,1997,43,39,10,1980,False
train_v2_course,degree_id,34.111,1997,total_reg_courses,start_total_in_courses,1997,42,37,10,1679,False
train_v2_course,degree_id,34.111,1997,total_reg_credits,total_reg_courses,1997,100,41,3,815,False
train_v2_course,degree_id,34.111,1997,total_reg_courses,total_reg_credits,1997,42,37,6,1666,False
train_v2_course,degree_id,35.111,631,start_total_in_credits,start_total_in_courses,631,66,6,2,92,False
train_v2_course,degree_id,35.111,631,start_total_in_courses,start_total_in_credits,631,36,24,4,462,False
train_v2_course,degree_id,35.111,631,start_total_in_credits,total_reg_credits,631,66,32,6,480,False
train_v2_course,degree_id,35.111,631,total_reg_credits,start_total_in_credits,631,63,29,6,404,False
train_v2_course,degree_id,35.111,631,start_total_in_credits,total_reg_courses,631,66,30,6,466,False
train_v2_course,degree_id,35.111,631,total_reg_courses,start_total_in_credits,631,35,26,8,505,False
train_v2_course,degree_id,35.111,631,start_total_in_courses,total_reg_credits,631,36,28,8,603,False
train_v2_course,degree_id,35.111,631,total_reg_credits,start_total_in_courses,631,63,28,5,394,False
train_v2_course,degree_id,35.111,631,start_total_in_courses,total_reg_courses,631,36,26,6,585,False
train_v2_course,degree_id,35.111,631,total_reg_courses,start_total_in_courses,631,35,26,6,505,False
train_v2_course,degree_id,35.111,631,total_reg_credits,total_reg_courses,631,63,8,2,108,False
train_v2_course,degree_id,35.111,631,total_reg_courses,total_reg_credits,631,35,24,4,478,False
train_v2_course,degree_id,36.111,1964,start_total_in_credits,start_total_in_courses,1964,94,22,2,493,False
train_v2_course,degree_id,36.111,1964,start_total_in_courses,start_total_in_credits,1964,43,33,5,1561,False
train_v2_course,degree_id,36.111,1964,start_total_in_credits,total_reg_credits,1964,94,70,8,1868,False
train_v2_course,degree_id,36.111,1964,total_reg_credits,start_total_in_credits,1964,90,73,9,1582,False
train_v2_course,degree_id,36.111,1964,start_total_in_credits,total_reg_courses,1964,94,67,8,1835,False
train_v2_course,degree_id,36.111,1964,total_reg_courses,start_total_in_credits,1964,39,36,17,1643,False
train_v2_course,degree_id,36.111,1964,start_total_in_courses,total_reg_credits,1964,43,38,14,1949,False
train_v2_course,degree_id,36.111,1964,total_reg_credits,start_total_in_courses,1964,90,73,7,1582,False
train_v2_course,degree_id,36.111,1964,start_total_in_courses,total_reg_courses,1964,43,37,11,1945,False
train_v2_course,degree_id,36.111,1964,total_reg_courses,start_total_in_courses,1964,39,36,10,1643,False
train_v2_course,degree_id,36.111,1964,total_reg_credits,total_reg_courses,1964,90,33,2,610,False
train_v2_course,degree_id,36.111,1964,total_reg_courses,total_reg_credits,1964,39,32,5,1603,False
train_v2_course,degree_id,37.111,514,start_total_in_credits,start_total_in_courses,514,56,4,2,41,False
train_v2_course,degree_id,37.111,514,start_total_in_courses,start_total_in_credits,514,32,19,4,378,False
train_v2_course,degree_id,37.111,514,start_total_in_credits,total_reg_credits,514,56,26,4,397,False
train_v2_course,degree_id,37.111,514,total_reg_credits,start_total_in_credits,514,61,21,5,250,False
train_v2_course,degree_id,37.111,514,start_total_in_credits,total_reg_courses,514,56,26,4,397,False
train_v2_course,degree_id,37.111,514,total_reg_courses,start_total_in_credits,514,37,27,5,392,False
train_v2_course,degree_id,37.111,514,start_total_in_courses,total_reg_credits,514,32,23,8,488,False
train_v2_course,degree_id,37.111,514,total_reg_credits,start_total_in_courses,514,61,20,5,244,False
train_v2_course,degree_id,37.111,514,start_total_in_courses,total_reg_courses,514,32,23,8,488,False
train_v2_course,degree_id,37.111,514,total_reg_courses,start_total_in_courses,514,37,25,5,366,False
train_v2_course,degree_id,37.111,514,total_reg_credits,total_reg_courses,514,61,9,2,102,False
train_v2_course,degree_id,37.111,514,total_reg_courses,total_reg_credits,514,37,23,4,354,False
train_v2_course,degree_id,39.111,837,start_total_in_credits,start_total_in_courses,837,38,4,2,29,False
train_v2_course,degree_id,39.111,837,start_total_in_courses,start_total_in_credits,837,19,14,4,563,False
train_v2_course,degree_id,39.111,837,start_total_in_credits,total_reg_credits,837,38,25,11,782,False
train_v2_course,degree_id,39.111,837,total_reg_credits,start_total_in_credits,837,57,30,8,489,False
train_v2_course,degree_id,39.111,837,start_total_in_credits,total_reg_courses,837,38,25,8,782,False
train_v2_course,degree_id,39.111,837,total_reg_courses,start_total_in_credits,837,26,24,10,593,False
train_v2_course,degree_id,39.111,837,start_total_in_courses,total_reg_credits,837,19,16,13,823,False
train_v2_course,degree_id,39.111,837,total_reg_credits,start_total_in_courses,837,57,30,7,489,False
train_v2_course,degree_id,39.111,837,start_total_in_courses,total_reg_courses,837,19,16,12,823,False
train_v2_course,degree_id,39.111,837,total_reg_courses,start_total_in_courses,837,26,24,7,593,False
train_v2_course,degree_id,39.111,837,total_reg_credits,total_reg_courses,837,57,13,3,196,False
train_v2_course,degree_id,39.111,837,total_reg_courses,total_reg_credits,837,26,22,5,568,False
train_v2_course,degree_id,4.111,1621,start_total_in_credits,start_total_in_courses,1621,116,31,3,489,False
train_v2_course,degree_id,4.111,1621,start_total_in_courses,start_total_in_credits,1621,55,44,6,1235,False
train_v2_course,degree_id,4.111,1621,start_total_in_credits,total_reg_credits,1621,116,68,6,1401,False
train_v2_course,degree_id,4.111,1621,total_reg_credits,start_total_in_credits,1621,122,61,12,1037,False
train_v2_course,degree_id,4.111,1621,start_total_in_credits,total_reg_courses,1621,116,65,6,1375,False
train_v2_course,degree_id,4.111,1621,total_reg_courses,start_total_in_credits,1621,63,47,16,1232,False
train_v2_course,degree_id,4.111,1621,start_total_in_courses,total_reg_credits,1621,55,49,13,1601,False
train_v2_course,degree_id,4.111,1621,total_reg_credits,start_total_in_courses,1621,122,60,7,1029,False
train_v2_course,degree_id,4.111,1621,start_total_in_courses,total_reg_courses,1621,55,48,9,1576,False
train_v2_course,degree_id,4.111,1621,total_reg_courses,start_total_in_courses,1621,63,46,9,1222,False
train_v2_course,degree_id,4.111,1621,total_reg_credits,total_reg_courses,1621,122,43,3,589,False
train_v2_course,degree_id,4.111,1621,total_reg_courses,total_reg_credits,1621,63,47,6,1232,False
train_v2_course,degree_id,40.111,2969,start_total_in_credits,start_total_in_courses,2969,38,7,2,463,False
train_v2_course,degree_id,40.111,2969,start_total_in_courses,start_total_in_credits,2969,17,13,5,1625,False
train_v2_course,degree_id,40.111,2969,start_total_in_credits,total_reg_credits,2969,38,30,19,2936,False
train_v2_course,degree_id,40.111,2969,total_reg_credits,start_total_in_credits,2969,56,41,16,1696,False
train_v2_course,degree_id,40.111,2969,start_total_in_credits,total_reg_courses,2969,38,30,12,2936,False
train_v2_course,degree_id,40.111,2969,total_reg_courses,start_total_in_credits,2969,23,19,19,1741,False
train_v2_course,degree_id,40.111,2969,start_total_in_courses,total_reg_credits,2969,17,14,22,2961,False
train_v2_course,degree_id,40.111,2969,total_reg_credits,start_total_in_courses,2969,56,41,11,1696,False
train_v2_course,degree_id,40.111,2969,start_total_in_courses,total_reg_courses,2969,17,14,14,2961,False
train_v2_course,degree_id,40.111,2969,total_reg_courses,start_total_in_courses,2969,23,19,11,1741,False
train_v2_course,degree_id,40.111,2969,total_reg_credits,total_reg_courses,2969,56,20,3,925,False
train_v2_course,degree_id,40.111,2969,total_reg_courses,total_reg_credits,2969,23,18,6,1698,False
train_v2_course,degree_id,41.111,9582,start_total_in_credits,start_total_in_courses,9582,101,81,5,6551,False
train_v2_course,degree_id,41.111,9582,start_total_in_courses,start_total_in_credits,9582,37,32,14,6636,False
train_v2_course,degree_id,41.111,9582,start_total_in_credits,total_reg_credits,9582,101,86,16,9532,False
train_v2_course,degree_id,41.111,9582,total_reg_credits,start_total_in_credits,9582,86,71,23,6643,False
train_v2_course,degree_id,41.111,9582,start_total_in_credits,total_reg_courses,9582,101,85,11,9521,False
train_v2_course,degree_id,41.111,9582,total_reg_courses,start_total_in_credits,9582,34,25,44,6664,False
train_v2_course,degree_id,41.111,9582,start_total_in_courses,total_reg_credits,9582,37,33,30,9571,False
train_v2_course,degree_id,41.111,9582,total_reg_credits,start_total_in_courses,9582,86,72,14,6647,False
train_v2_course,degree_id,41.111,9582,start_total_in_courses,total_reg_courses,9582,37,33,16,9571,False
train_v2_course,degree_id,41.111,9582,total_reg_courses,start_total_in_courses,9582,34,25,19,6664,False
train_v2_course,degree_id,41.111,9582,total_reg_credits,total_reg_courses,9582,86,69,5,6566,False
train_v2_course,degree_id,41.111,9582,total_reg_courses,total_reg_credits,9582,34,24,15,6656,False
train_v2_course,degree_id,42.111,8779,start_total_in_credits,start_total_in_courses,8779,90,71,5,5873,False
train_v2_course,degree_id,42.111,8779,start_total_in_courses,start_total_in_credits,8779,39,36,9,6057,False
train_v2_course,degree_id,42.111,8779,start_total_in_credits,total_reg_credits,8779,90,76,11,8673,False
train_v2_course,degree_id,42.111,8779,total_reg_credits,start_total_in_credits,8779,73,61,18,6040,False
train_v2_course,degree_id,42.111,8779,start_total_in_credits,total_reg_courses,8779,90,77,10,8713,False
train_v2_course,degree_id,42.111,8779,total_reg_courses,start_total_in_credits,8779,33,29,30,6088,False
train_v2_course,degree_id,42.111,8779,start_total_in_courses,total_reg_credits,8779,39,37,19,8772,False
train_v2_course,degree_id,42.111,8779,total_reg_credits,start_total_in_courses,8779,73,61,14,6040,False
train_v2_course,degree_id,42.111,8779,start_total_in_courses,total_reg_courses,8779,39,36,13,8756,False
train_v2_course,degree_id,42.111,8779,total_reg_courses,start_total_in_courses,8779,33,29,18,6088,False
train_v2_course,degree_id,42.111,8779,total_reg_credits,total_reg_courses,8779,73,58,5,6006,False
train_v2_course,degree_id,42.111,8779,total_reg_courses,total_reg_credits,8779,33,28,11,6063,False
train_v2_course,degree_id,44.111,6068,start_total_in_credits,start_total_in_courses,6068,88,46,4,2455,False
train_v2_course,degree_id,44.111,6068,start_total_in_courses,start_total_in_credits,6068,40,32,9,3782,False
train_v2_course,degree_id,44.111,6068,start_total_in_credits,total_reg_credits,6068,88,68,9,5943,False
train_v2_course,degree_id,44.111,6068,total_reg_credits,start_total_in_credits,6068,65,53,18,3764,False
train_v2_course,degree_id,44.111,6068,start_total_in_credits,total_reg_courses,6068,88,69,9,5962,False
train_v2_course,degree_id,44.111,6068,total_reg_courses,start_total_in_credits,6068,28,24,30,3807,False
train_v2_course,degree_id,44.111,6068,start_total_in_courses,total_reg_credits,6068,40,34,15,6055,False
train_v2_course,degree_id,44.111,6068,total_reg_credits,start_total_in_courses,6068,65,53,12,3764,False
train_v2_course,degree_id,44.111,6068,start_total_in_courses,total_reg_courses,6068,40,33,10,6037,False
train_v2_course,degree_id,44.111,6068,total_reg_courses,start_total_in_courses,6068,28,24,15,3807,False
train_v2_course,degree_id,44.111,6068,total_reg_credits,total_reg_courses,6068,65,46,4,2892,False
train_v2_course,degree_id,44.111,6068,total_reg_courses,total_reg_credits,6068,28,24,8,3807,False
train_v2_course,degree_id,45.111,1874,start_total_in_credits,start_total_in_courses,1874,44,3,2,94,False
train_v2_course,degree_id,45.111,1874,start_total_in_courses,start_total_in_credits,1874,28,17,3,819,False
train_v2_course,degree_id,45.111,1874,start_total_in_credits,total_reg_credits,1874,44,29,9,1768,False
train_v2_course,degree_id,45.111,1874,total_reg_credits,start_total_in_credits,1874,45,27,9,1245,False
train_v2_course,degree_id,45.111,1874,start_total_in_credits,total_reg_courses,1874,44,29,8,1768,False
train_v2_course,degree_id,45.111,1874,total_reg_courses,start_total_in_credits,1874,25,21,10,1299,False
train_v2_course,degree_id,45.111,1874,start_total_in_courses,total_reg_credits,1874,28,26,10,1869,False
train_v2_course,degree_id,45.111,1874,total_reg_credits,start_total_in_courses,1874,45,27,9,1245,False
train_v2_course,degree_id,45.111,1874,start_total_in_courses,total_reg_courses,1874,28,25,8,1865,False
train_v2_course,degree_id,45.111,1874,total_reg_courses,start_total_in_courses,1874,25,21,9,1299,False
train_v2_course,degree_id,45.111,1874,total_reg_credits,total_reg_courses,1874,45,3,2,88,False
train_v2_course,degree_id,45.111,1874,total_reg_courses,total_reg_credits,1874,25,17,4,951,False
train_v2_course,degree_id,46.111,1971,start_total_in_credits,start_total_in_courses,1971,60,5,2,89,False
train_v2_course,degree_id,46.111,1971,start_total_in_courses,start_total_in_credits,1971,28,19,5,1102,False
train_v2_course,degree_id,46.111,1971,start_total_in_credits,total_reg_credits,1971,60,34,6,1813,False
train_v2_course,degree_id,46.111,1971,total_reg_credits,start_total_in_credits,1971,47,27,10,1215,False
train_v2_course,degree_id,46.111,1971,start_total_in_credits,total_reg_courses,1971,60,34,6,1813,False
train_v2_course,degree_id,46.111,1971,total_reg_courses,start_total_in_credits,1971,24,19,12,1289,False
train_v2_course,degree_id,46.111,1971,start_total_in_courses,total_reg_credits,1971,28,22,11,1951,False
train_v2_course,degree_id,46.111,1971,total_reg_credits,start_total_in_courses,1971,47,27,8,1215,False
train_v2_course,degree_id,46.111,1971,start_total_in_courses,total_reg_courses,1971,28,22,8,1951,False
train_v2_course,degree_id,46.111,1971,total_reg_courses,start_total_in_courses,1971,24,19,11,1289,False
train_v2_course,degree_id,46.111,1971,total_reg_credits,total_reg_courses,1971,47,4,2,99,False
train_v2_course,degree_id,46.111,1971,total_reg_courses,total_reg_credits,1971,24,18,4,1279,False
train_v2_course,degree_id,47.111,2313,start_total_in_credits,start_total_in_courses,2313,55,5,2,81,False
train_v2_course,degree_id,47.111,2313,start_total_in_courses,start_total_in_credits,2313,27,21,4,1479,False
train_v2_course,degree_id,47.111,2313,start_total_in_credits,total_reg_credits,2313,55,37,7,2128,False
train_v2_course,degree_id,47.111,2313,total_reg_credits,start_total_in_credits,2313,51,31,9,1455,False
train_v2_course,degree_id,47.111,2313,start_total_in_credits,total_reg_courses,2313,55,36,6,2116,False
train_v2_course,degree_id,47.111,2313,total_reg_courses,start_total_in_credits,2313,24,20,15,1521,False
train_v2_course,degree_id,47.111,2313,start_total_in_courses,total_reg_credits,2313,27,24,11,2300,False
train_v2_course,degree_id,47.111,2313,total_reg_credits,start_total_in_courses,2313,51,30,9,1443,False
train_v2_course,degree_id,47.111,2313,start_total_in_courses,total_reg_courses,2313,27,24,8,2300,False
train_v2_course,degree_id,47.111,2313,total_reg_courses,start_total_in_courses,2313,24,20,10,1521,False
train_v2_course,degree_id,47.111,2313,total_reg_credits,total_reg_courses,2313,51,4,2,73,False
train_v2_course,degree_id,47.111,2313,total_reg_courses,total_reg_credits,2313,24,18,4,1512,False
train_v2_course,degree_id,48.111,2068,start_total_in_credits,start_total_in_courses,2068,58,4,2,91,False
train_v2_course,degree_id,48.111,2068,start_total_in_courses,start_total_in_credits,2068,25,21,4,1290,False
train_v2_course,degree_id,48.111,2068,start_total_in_credits,total_reg_credits,2068,58,36,9,1898,False
train_v2_course,degree_id,48.111,2068,total_reg_credits,start_total_in_credits,2068,51,34,9,1303,False
train_v2_course,degree_id,48.111,2068,start_total_in_credits,total_reg_courses,2068,58,36,8,1898,False
train_v2_course,degree_id,48.111,2068,total_reg_courses,start_total_in_credits,2068,23,21,14,1385,False
train_v2_course,degree_id,48.111,2068,start_total_in_courses,total_reg_credits,2068,25,25,13,2068,False
train_v2_course,degree_id,48.111,2068,total_reg_credits,start_total_in_courses,2068,51,34,9,1303,False
train_v2_course,degree_id,48.111,2068,start_total_in_courses,total_reg_courses,2068,25,24,9,2059,False
train_v2_course,degree_id,48.111,2068,total_reg_courses,start_total_in_courses,2068,23,21,10,1385,False
train_v2_course,degree_id,48.111,2068,total_reg_credits,total_reg_courses,2068,51,6,2,109,False
train_v2_course,degree_id,48.111,2068,total_reg_courses,total_reg_credits,2068,23,20,4,1362,False
train_v2_course,degree_id,49.111,981,start_total_in_credits,start_total_in_courses,981,49,2,2,27,False
train_v2_course,degree_id,49.111,981,start_total_in_courses,start_total_in_credits,981,29,17,3,538,False
train_v2_course,degree_id,49.111,981,start_total_in_credits,total_reg_credits,981,49,23,7,859,False
train_v2_course,degree_id,49.111,981,total_reg_credits,start_total_in_credits,981,37,24,9,618,False
train_v2_course,degree_id,49.111,981,start_total_in_credits,total_reg_courses,981,49,22,7,856,False
train_v2_course,degree_id,49.111,981,total_reg_courses,start_total_in_credits,981,21,16,13,656,False
train_v2_course,degree_id,49.111,981,start_total_in_courses,total_reg_credits,981,29,21,9,945,False
train_v2_course,degree_id,49.111,981,total_reg_credits,start_total_in_courses,981,37,24,9,618,False
train_v2_course,degree_id,49.111,981,start_total_in_courses,total_reg_courses,981,29,20,7,941,False
train_v2_course,degree_id,49.111,981,total_reg_courses,start_total_in_courses,981,21,16,10,656,False
train_v2_course,degree_id,49.111,981,total_reg_credits,total_reg_courses,981,37,2,2,36,False
train_v2_course,degree_id,49.111,981,total_reg_courses,total_reg_credits,981,21,15,3,627,False
train_v2_course,degree_id,5.111,625,start_total_in_credits,start_total_in_courses,625,77,8,2,91,False
train_v2_course,degree_id,5.111,625,start_total_in_courses,start_total_in_credits,625,50,23,4,352,False
train_v2_course,degree_id,5.111,625,start_total_in_credits,total_reg_credits,625,77,34,4,447,False
train_v2_course,degree_id,5.111,625,total_reg_credits,start_total_in_credits,625,72,30,5,358,False
train_v2_course,degree_id,5.111,625,start_total_in_credits,total_reg_courses,625,77,34,4,447,False
train_v2_course,degree_id,5.111,625,total_reg_courses,start_total_in_credits,625,43,25,9,463,False
train_v2_course,degree_id,5.111,625,start_total_in_courses,total_reg_credits,625,50,36,6,564,False
train_v2_course,degree_id,5.111,625,total_reg_credits,start_total_in_courses,625,72,29,5,350,False
train_v2_course,degree_id,5.111,625,start_total_in_courses,total_reg_courses,625,50,36,6,564,False
train_v2_course,degree_id,5.111,625,total_reg_courses,start_total_in_courses,625,43,25,8,463,False
train_v2_course,degree_id,5.111,625,total_reg_credits,total_reg_courses,625,72,12,3,125,False
train_v2_course,degree_id,5.111,625,total_reg_courses,total_reg_credits,625,43,23,5,427,False
train_v2_course,degree_id,50.111,2061,start_total_in_credits,start_total_in_courses,2061,99,27,3,460,False
train_v2_course,degree_id,50.111,2061,start_total_in_courses,start_total_in_credits,2061,46,34,5,1309,False
train_v2_course,degree_id,50.111,2061,start_total_in_credits,total_reg_credits,2061,99,59,9,1872,False
train_v2_course,degree_id,50.111,2061,total_reg_credits,start_total_in_credits,2061,66,44,22,1316,False
train_v2_course,degree_id,50.111,2061,start_total_in_credits,total_reg_courses,2061,99,55,9,1834,False
train_v2_course,degree_id,50.111,2061,total_reg_courses,start_total_in_credits,2061,27,24,23,1374,False
train_v2_course,degree_id,50.111,2061,start_total_in_courses,total_reg_credits,2061,46,36,15,1989,False
train_v2_course,degree_id,50.111,2061,total_reg_credits,start_total_in_courses,2061,66,44,13,1316,False
train_v2_course,degree_id,50.111,2061,start_total_in_courses,total_reg_courses,2061,46,34,11,1949,False
train_v2_course,degree_id,50.111,2061,total_reg_courses,start_total_in_courses,2061,27,24,13,1374,False
train_v2_course,degree_id,50.111,2061,total_reg_credits,total_reg_courses,2061,66,26,4,1027,False
train_v2_course,degree_id,50.111,2061,total_reg_courses,total_reg_credits,2061,27,24,8,1374,False
train_v2_course,degree_id,52.111,271,start_total_in_credits,start_total_in_courses,271,33,0,1,0,True
train_v2_course,degree_id,52.111,271,start_total_in_courses,start_total_in_credits,271,22,10,3,142,False
train_v2_course,degree_id,52.111,271,start_total_in_credits,total_reg_credits,271,33,13,3,187,False
train_v2_course,degree_id,52.111,271,total_reg_credits,start_total_in_credits,271,37,7,6,89,False
train_v2_course,degree_id,52.111,271,start_total_in_credits,total_reg_courses,271,33,13,3,187,False
train_v2_course,degree_id,52.111,271,total_reg_courses,start_total_in_credits,271,24,11,7,163,False
train_v2_course,degree_id,52.111,271,start_total_in_courses,total_reg_credits,271,22,14,5,236,False
train_v2_course,degree_id,52.111,271,total_reg_credits,start_total_in_courses,271,37,7,5,89,False
train_v2_course,degree_id,52.111,271,start_total_in_courses,total_reg_courses,271,22,13,4,227,False
train_v2_course,degree_id,52.111,271,total_reg_courses,start_total_in_courses,271,24,11,5,163,False
train_v2_course,degree_id,52.111,271,total_reg_credits,total_reg_courses,271,37,2,2,17,False
train_v2_course,degree_id,52.111,271,total_reg_courses,total_reg_credits,271,24,11,4,163,False
train_v2_course,degree_id,53.111,990,start_total_in_credits,start_total_in_courses,990,56,6,2,99,False
train_v2_course,degree_id,53.111,990,start_total_in_courses,start_total_in_credits,990,24,22,4,739,False
train_v2_course,degree_id,53.111,990,start_total_in_credits,total_reg_credits,990,56,33,6,847,False
train_v2_course,degree_id,53.111,990,total_reg_credits,start_total_in_credits,990,50,34,6,668,False
train_v2_course,degree_id,53.111,990,start_total_in_credits,total_reg_courses,990,56,33,6,847,False
train_v2_course,degree_id,53.111,990,total_reg_courses,start_total_in_credits,990,25,19,13,722,False
train_v2_course,degree_id,53.111,990,start_total_in_courses,total_reg_credits,990,24,23,10,988,False
train_v2_course,degree_id,53.111,990,total_reg_credits,start_total_in_courses,990,50,34,5,668,False
train_v2_course,degree_id,53.111,990,start_total_in_courses,total_reg_courses,990,24,22,8,981,False
train_v2_course,degree_id,53.111,990,total_reg_courses,start_total_in_courses,990,25,19,8,722,False
train_v2_course,degree_id,53.111,990,total_reg_credits,total_reg_courses,990,50,8,2,106,False
train_v2_course,degree_id,53.111,990,total_reg_courses,total_reg_credits,990,25,17,5,713,False
train_v2_course,degree_id,54.111,326,start_total_in_credits,start_total_in_courses,326,33,2,2,23,False
train_v2_course,degree_id,54.111,326,start_total_in_courses,start_total_in_credits,326,25,7,4,120,False
train_v2_course,degree_id,54.111,326,start_total_in_credits,total_reg_credits,326,33,11,3,200,False
train_v2_course,degree_id,54.111,326,total_reg_credits,start_total_in_credits,326,35,11,3,147,False
train_v2_course,degree_id,54.111,326,start_total_in_credits,total_reg_courses,326,33,11,3,200,False
train_v2_course,degree_id,54.111,326,total_reg_courses,start_total_in_credits,326,25,10,6,196,False
train_v2_course,degree_id,54.111,326,start_total_in_courses,total_reg_credits,326,25,14,5,273,False
train_v2_course,degree_id,54.111,326,total_reg_credits,start_total_in_courses,326,35,10,3,135,False
train_v2_course,degree_id,54.111,326,start_total_in_courses,total_reg_courses,326,25,13,4,251,False
train_v2_course,degree_id,54.111,326,total_reg_courses,start_total_in_courses,326,25,10,5,196,False
train_v2_course,degree_id,54.111,326,total_reg_credits,total_reg_courses,326,35,5,2,61,False
train_v2_course,degree_id,54.111,326,total_reg_courses,total_reg_credits,326,25,9,4,179,False
train_v2_course,degree_id,55.111,1163,start_total_in_credits,start_total_in_courses,1163,55,2,2,42,False
train_v2_course,degree_id,55.111,1163,start_total_in_courses,start_total_in_credits,1163,28,21,3,834,False
train_v2_course,degree_id,55.111,1163,start_total_in_credits,total_reg_credits,1163,55,34,7,774,False
train_v2_course,degree_id,55.111,1163,total_reg_credits,start_total_in_credits,1163,53,37,8,787,False
train_v2_course,degree_id,55.111,1163,start_total_in_credits,total_reg_courses,1163,55,33,5,766,False
train_v2_course,degree_id,55.111,1163,total_reg_courses,start_total_in_credits,1163,25,19,12,848,False
train_v2_course,degree_id,55.111,1163,start_total_in_courses,total_reg_credits,1163,28,23,10,864,False
train_v2_course,degree_id,55.111,1163,total_reg_credits,start_total_in_courses,1163,53,38,6,800,False
train_v2_course,degree_id,55.111,1163,start_total_in_courses,total_reg_courses,1163,28,23,6,864,False
train_v2_course,degree_id,55.111,1163,total_reg_courses,start_total_in_courses,1163,25,19,8,848,False
train_v2_course,degree_id,55.111,1163,total_reg_credits,total_reg_courses,1163,53,7,2,103,False
train_v2_course,degree_id,55.111,1163,total_reg_courses,total_reg_credits,1163,25,19,4,853,False
train_v2_course,degree_id,56.111,339,start_total_in_credits,start_total_in_courses,339,37,0,1,0,True
train_v2_course,degree_id,56.111,339,start_total_in_courses,start_total_in_credits,339,22,13,3,199,False
train_v2_course,degree_id,56.111,339,start_total_in_credits,total_reg_credits,339,37,10,5,144,False
train_v2_course,degree_id,56.111,339,total_reg_credits,start_total_in_credits,339,33,10,5,137,False
train_v2_course,degree_id,56.111,339,start_total_in_credits,total_reg_courses,339,37,10,5,144,False
train_v2_course,degree_id,56.111,339,total_reg_courses,start_total_in_credits,339,25,10,8,177,False
train_v2_course,degree_id,56.111,339,start_total_in_courses,total_reg_credits,339,22,14,6,224,False
train_v2_course,degree_id,56.111,339,total_reg_credits,start_total_in_courses,339,33,10,5,137,False
train_v2_course,degree_id,56.111,339,start_total_in_courses,total_reg_courses,339,22,14,5,224,False
train_v2_course,degree_id,56.111,339,total_reg_courses,start_total_in_courses,339,25,10,5,177,False
train_v2_course,degree_id,56.111,339,total_reg_credits,total_reg_courses,339,33,3,2,33,False
train_v2_course,degree_id,56.111,339,total_reg_courses,total_reg_credits,339,25,8,4,162,False
train_v2_course,degree_id,6.111,5643,start_total_in_credits,start_total_in_courses,5643,166,131,4,4908,False
train_v2_course,degree_id,6.111,5643,start_total_in_courses,start_total_in_credits,5643,59,58,9,5506,False
train_v2_course,degree_id,6.111,5643,start_total_in_credits,total_reg_credits,5643,166,158,28,5597,False
train_v2_course,degree_id,6.111,5643,total_reg_credits,start_total_in_credits,5643,243,208,14,5386,False
train_v2_course,degree_id,6.111,5643,start_total_in_credits,total_reg_courses,5643,166,158,23,5597,False
train_v2_course,degree_id,6.111,5643,total_reg_courses,start_total_in_credits,5643,97,87,35,5497,False
train_v2_course,degree_id,6.111,5643,start_total_in_courses,total_reg_credits,5643,59,58,31,5610,False
train_v2_course,degree_id,6.111,5643,total_reg_credits,start_total_in_courses,5643,243,207,13,5376,False
train_v2_course,degree_id,6.111,5643,start_total_in_courses,total_reg_courses,5643,59,58,28,5610,False
train_v2_course,degree_id,6.111,5643,total_reg_courses,start_total_in_courses,5643,97,87,23,5497,False
train_v2_course,degree_id,6.111,5643,total_reg_credits,total_reg_courses,5643,243,188,7,5120,False
train_v2_course,degree_id,6.111,5643,total_reg_courses,total_reg_credits,5643,97,86,14,5493,False
train_v2_course,degree_id,7.111,4225,start_total_in_credits,start_total_in_courses,4225,126,81,3,2758,False
train_v2_course,degree_id,7.111,4225,start_total_in_courses,start_total_in_credits,4225,50,48,7,3683,False
train_v2_course,degree_id,7.111,4225,start_total_in_credits,total_reg_credits,4225,126,119,13,4194,False
train_v2_course,degree_id,7.111,4225,total_reg_credits,start_total_in_credits,4225,151,125,13,3618,False
train_v2_course,degree_id,7.111,4225,start_total_in_credits,total_reg_courses,4225,126,118,12,4188,False
train_v2_course,degree_id,7.111,4225,total_reg_courses,start_total_in_credits,4225,65,58,18,3701,False
train_v2_course,degree_id,7.111,4225,start_total_in_courses,total_reg_credits,4225,50,50,25,4225,False
train_v2_course,degree_id,7.111,4225,total_reg_credits,start_total_in_courses,4225,151,124,10,3609,False
train_v2_course,degree_id,7.111,4225,start_total_in_courses,total_reg_courses,4225,50,49,19,4219,False
train_v2_course,degree_id,7.111,4225,total_reg_courses,start_total_in_courses,4225,65,58,15,3701,False
train_v2_course,degree_id,7.111,4225,total_reg_credits,total_reg_courses,4225,151,113,6,3174,False
train_v2_course,degree_id,7.111,4225,total_reg_courses,total_reg_credits,4225,65,58,13,3701,False
train_v2_course,degree_id,8.111,12432,start_total_in_credits,start_total_in_courses,12432,133,116,4,10057,False
train_v2_course,degree_id,8.111,12432,start_total_in_courses,start_total_in_credits,12432,51,49,10,11291,False
train_v2_course,degree_id,8.111,12432,start_total_in_credits,total_reg_credits,12432,133,131,30,12426,False
train_v2_course,degree_id,8.111,12432,total_reg_credits,start_total_in_credits,12432,227,188,23,11228,False
train_v2_course,degree_id,8.111,12432,start_total_in_credits,total_reg_courses,12432,133,131,24,12426,False
train_v2_course,degree_id,8.111,12432,total_reg_courses,start_total_in_credits,12432,104,87,42,11288,False
train_v2_course,degree_id,8.111,12432,start_total_in_courses,total_reg_credits,12432,51,50,47,12431,False
train_v2_course,degree_id,8.111,12432,total_reg_credits,start_total_in_courses,12432,227,186,17,11208,False
train_v2_course,degree_id,8.111,12432,start_total_in_courses,total_reg_courses,12432,51,50,31,12431,False
train_v2_course,degree_id,8.111,12432,total_reg_courses,start_total_in_courses,12432,104,87,24,11288,False
train_v2_course,degree_id,8.111,12432,total_reg_credits,total_reg_courses,12432,227,175,8,10338,False
train_v2_course,degree_id,8.111,12432,total_reg_courses,total_reg_credits,12432,104,87,18,11288,False
train_v2_course,progress_quartile,"(-0.001, 31.0]",91351,start_total_in_credits,start_total_in_courses,91351,31,28,6,53731,False
train_v2_course,progress_quartile,"(-0.001, 31.0]",91351,start_total_in_courses,start_total_in_credits,91351,15,13,14,55243,False
train_v2_course,progress_quartile,"(-0.001, 31.0]",91351,start_total_in_credits,total_reg_credits,91351,31,31,85,91351,False
train_v2_course,progress_quartile,"(-0.001, 31.0]",91351,total_reg_credits,start_total_in_credits,91351,151,117,31,57144,False
train_v2_course,progress_quartile,"(-0.001, 31.0]",91351,start_total_in_credits,total_reg_courses,91351,31,31,42,91351,False
train_v2_course,progress_quartile,"(-0.001, 31.0]",91351,total_reg_courses,start_total_in_credits,91351,71,54,31,57197,False
train_v2_course,progress_quartile,"(-0.001, 31.0]",91351,start_total_in_courses,total_reg_credits,91351,15,15,101,91351,False
train_v2_course,progress_quartile,"(-0.001, 31.0]",91351,total_reg_credits,start_total_in_courses,91351,151,116,15,57138,False
train_v2_course,progress_quartile,"(-0.001, 31.0]",91351,start_total_in_courses,total_reg_courses,91351,15,15,49,91351,False
train_v2_course,progress_quartile,"(-0.001, 31.0]",91351,total_reg_courses,start_total_in_courses,91351,71,51,15,57177,False
train_v2_course,progress_quartile,"(-0.001, 31.0]",91351,total_reg_credits,total_reg_courses,91351,151,115,12,57115,False
train_v2_course,progress_quartile,"(-0.001, 31.0]",91351,total_reg_courses,total_reg_credits,91351,71,54,29,57197,False
train_v2_course,progress_quartile,"(121.0, 250.0]",88334,start_total_in_credits,start_total_in_courses,88334,218,200,23,87703,False
train_v2_course,progress_quartile,"(121.0, 250.0]",88334,start_total_in_courses,start_total_in_credits,88334,48,48,77,88334,False
train_v2_course,progress_quartile,"(121.0, 250.0]",88334,start_total_in_credits,total_reg_credits,88334,218,211,223,88320,False
train_v2_course,progress_quartile,"(121.0, 250.0]",88334,total_reg_credits,start_total_in_credits,88334,703,619,66,88096,False
train_v2_course,progress_quartile,"(121.0, 250.0]",88334,start_total_in_credits,total_reg_courses,88334,218,211,81,88320,False
train_v2_course,progress_quartile,"(121.0, 250.0]",88334,total_reg_courses,start_total_in_credits,88334,150,140,139,88286,False
train_v2_course,progress_quartile,"(121.0, 250.0]",88334,start_total_in_courses,total_reg_credits,88334,48,48,332,88334,False
train_v2_course,progress_quartile,"(121.0, 250.0]",88334,total_reg_credits,start_total_in_courses,88334,703,615,43,88072,False
train_v2_course,progress_quartile,"(121.0, 250.0]",88334,start_total_in_courses,total_reg_courses,88334,48,48,89,88334,False
train_v2_course,progress_quartile,"(121.0, 250.0]",88334,total_reg_courses,start_total_in_courses,88334,150,140,41,88286,False
train_v2_course,progress_quartile,"(121.0, 250.0]",88334,total_reg_credits,total_reg_courses,88334,703,610,31,88031,False
train_v2_course,progress_quartile,"(121.0, 250.0]",88334,total_reg_courses,total_reg_credits,88334,150,139,107,88277,False
train_v2_course,progress_quartile,"(31.0, 73.0]",88603,start_total_in_credits,start_total_in_courses,88603,44,42,14,88598,False
train_v2_course,progress_quartile,"(31.0, 73.0]",88603,start_total_in_courses,start_total_in_credits,88603,25,24,32,88597,False
train_v2_course,progress_quartile,"(31.0, 73.0]",88603,start_total_in_credits,total_reg_credits,88603,44,42,121,88598,False
train_v2_course,progress_quartile,"(31.0, 73.0]",88603,total_reg_credits,start_total_in_credits,88603,249,220,42,88509,False
train_v2_course,progress_quartile,"(31.0, 73.0]",88603,start_total_in_credits,total_reg_courses,88603,44,42,63,88598,False
train_v2_course,progress_quartile,"(31.0, 73.0]",88603,total_reg_courses,start_total_in_credits,88603,103,94,43,88568,False
train_v2_course,progress_quartile,"(31.0, 73.0]",88603,start_total_in_courses,total_reg_credits,88603,25,24,158,88597,False
train_v2_course,progress_quartile,"(31.0, 73.0]",88603,total_reg_credits,start_total_in_courses,88603,249,219,22,88505,False
train_v2_course,progress_quartile,"(31.0, 73.0]",88603,start_total_in_courses,total_reg_courses,88603,25,24,73,88597,False
train_v2_course,progress_quartile,"(31.0, 73.0]",88603,total_reg_courses,start_total_in_courses,88603,103,94,23,88568,False
train_v2_course,progress_quartile,"(31.0, 73.0]",88603,total_reg_credits,total_reg_courses,88603,249,217,19,88493,False
train_v2_course,progress_quartile,"(31.0, 73.0]",88603,total_reg_courses,total_reg_credits,88603,103,94,45,88568,False
train_v2_course,progress_quartile,"(73.0, 121.0]",88528,start_total_in_credits,start_total_in_courses,88528,86,78,21,88488,False
train_v2_course,progress_quartile,"(73.0, 121.0]",88528,start_total_in_courses,start_total_in_credits,88528,34,34,60,88528,False
train_v2_course,progress_quartile,"(73.0, 121.0]",88528,start_total_in_credits,total_reg_credits,88528,86,79,127,88496,False
train_v2_course,progress_quartile,"(73.0, 121.0]",88528,total_reg_credits,start_total_in_credits,88528,427,340,47,88179,False
train_v2_course,progress_quartile,"(73.0, 121.0]",88528,start_total_in_credits,total_reg_courses,88528,86,79,73,88496,False
train_v2_course,progress_quartile,"(73.0, 121.0]",88528,total_reg_courses,start_total_in_credits,88528,131,123,59,88484,False
train_v2_course,progress_quartile,"(73.0, 121.0]",88528,start_total_in_courses,total_reg_credits,88528,34,34,212,88528,False
train_v2_course,progress_quartile,"(73.0, 121.0]",88528,total_reg_credits,start_total_in_courses,88528,427,337,30,88146,False
train_v2_course,progress_quartile,"(73.0, 121.0]",88528,start_total_in_courses,total_reg_courses,88528,34,34,85,88528,False
train_v2_course,progress_quartile,"(73.0, 121.0]",88528,total_reg_courses,start_total_in_courses,88528,131,123,29,88484,False
train_v2_course,progress_quartile,"(73.0, 121.0]",88528,total_reg_credits,total_reg_courses,88528,427,335,23,88138,False
train_v2_course,progress_quartile,"(73.0, 121.0]",88528,total_reg_courses,total_reg_credits,88528,131,123,65,88484,False
train_v2_status,year,2020,12772,start_total_in_credits,start_total_in_courses,12772,336,286,19,11341,False
train_v2_status,year,2020,12772,start_total_in_courses,start_total_in_credits,12772,82,81,56,11569,False
train_v2_status,year,2020,12772,start_total_in_credits,total_reg_credits,12772,336,304,59,12740,False
train_v2_status,year,2020,12772,total_reg_credits,start_total_in_credits,12772,519,381,46,11502,False
train_v2_status,year,2020,12772,start_total_in_credits,total_reg_courses,12772,336,303,46,12738,False
train_v2_status,year,2020,12772,total_reg_courses,start_total_in_credits,12772,143,128,100,11626,False
train_v2_status,year,2020,12772,start_total_in_courses,total_reg_credits,12772,82,82,111,12772,False
train_v2_status,year,2020,12772,total_reg_credits,start_total_in_courses,12772,519,379,36,11498,False
train_v2_status,year,2020,12772,start_total_in_courses,total_reg_courses,12772,82,82,58,12772,False
train_v2_status,year,2020,12772,total_reg_courses,start_total_in_courses,12772,143,128,43,11626,False
train_v2_status,year,2020,12772,total_reg_credits,total_reg_courses,12772,519,371,25,11480,False
train_v2_status,year,2020,12772,total_reg_courses,total_reg_credits,12772,143,127,68,11622,False
train_v2_status,year,2021,14706,start_total_in_credits,start_total_in_courses,14706,355,299,17,12734,False
train_v2_status,year,2021,14706,start_total_in_courses,start_total_in_credits,14706,82,80,60,13183,False
train_v2_status,year,2021,14706,start_total_in_credits,total_reg_credits,14706,355,323,95,14674,False
train_v2_status,year,2021,14706,total_reg_credits,start_total_in_credits,14706,566,406,47,13102,False
train_v2_status,year,2021,14706,start_total_in_credits,total_reg_courses,14706,355,323,48,14674,False
train_v2_status,year,2021,14706,total_reg_courses,start_total_in_credits,14706,142,129,97,13250,False
train_v2_status,year,2021,14706,start_total_in_courses,total_reg_credits,14706,82,82,142,14706,False
train_v2_status,year,2021,14706,total_reg_credits,start_total_in_courses,14706,566,402,36,13094,False
train_v2_status,year,2021,14706,start_total_in_courses,total_reg_courses,14706,82,82,61,14706,False
train_v2_status,year,2021,14706,total_reg_courses,start_total_in_courses,14706,142,129,42,13250,False
train_v2_status,year,2021,14706,total_reg_credits,total_reg_courses,14706,566,394,23,13078,False
train_v2_status,year,2021,14706,total_reg_courses,total_reg_credits,14706,142,128,67,13248,False
train_v2_status,year,2022,15685,start_total_in_credits,start_total_in_courses,15685,353,314,17,13850,False
train_v2_status,year,2022,15685,start_total_in_courses,start_total_in_credits,15685,82,80,59,14348,False
train_v2_status,year,2022,15685,start_total_in_credits,total_reg_credits,15685,353,333,97,15661,False
train_v2_status,year,2022,15685,total_reg_credits,start_total_in_credits,15685,603,491,49,14414,False
train_v2_status,year,2022,15685,start_total_in_credits,total_reg_courses,15685,353,335,48,15665,False
train_v2_status,year,2022,15685,total_reg_courses,start_total_in_credits,15685,145,138,99,14522,False
train_v2_status,year,2022,15685,start_total_in_courses,total_reg_credits,15685,82,81,165,15684,False
train_v2_status,year,2022,15685,total_reg_credits,start_total_in_courses,15685,603,488,36,14408,False
train_v2_status,year,2022,15685,start_total_in_courses,total_reg_courses,15685,82,81,62,15684,False
train_v2_status,year,2022,15685,total_reg_courses,start_total_in_courses,15685,145,138,40,14522,False
train_v2_status,year,2022,15685,total_reg_credits,total_reg_courses,15685,603,482,26,14395,False
train_v2_status,year,2022,15685,total_reg_courses,total_reg_credits,15685,145,137,66,14520,False
train_v2_status,year,2023,16500,start_total_in_credits,start_total_in_courses,16500,360,316,20,14735,False
train_v2_status,year,2023,16500,start_total_in_courses,start_total_in_credits,16500,81,80,61,15187,False
train_v2_status,year,2023,16500,start_total_in_credits,total_reg_credits,16500,360,335,125,16474,False
train_v2_status,year,2023,16500,total_reg_credits,start_total_in_credits,16500,615,501,54,15160,False
train_v2_status,year,2023,16500,start_total_in_credits,total_reg_courses,16500,360,336,51,16476,False
train_v2_status,year,2023,16500,total_reg_courses,start_total_in_credits,16500,145,135,110,15269,False
train_v2_status,year,2023,16500,start_total_in_courses,total_reg_credits,16500,81,81,173,16500,False
train_v2_status,year,2023,16500,total_reg_credits,start_total_in_courses,16500,615,499,38,15156,False
train_v2_status,year,2023,16500,start_total_in_courses,total_reg_courses,16500,81,81,60,16500,False
train_v2_status,year,2023,16500,total_reg_courses,start_total_in_courses,16500,145,135,45,15269,False
train_v2_status,year,2023,16500,total_reg_credits,total_reg_courses,16500,615,497,24,15151,False
train_v2_status,year,2023,16500,total_reg_courses,total_reg_credits,16500,145,135,72,15269,False
train_v2_status,year,2024,15413,start_total_in_credits,start_total_in_courses,15413,349,308,19,13866,False
train_v2_status,year,2024,15413,start_total_in_courses,start_total_in_credits,15413,81,80,61,14147,False
train_v2_status,year,2024,15413,start_total_in_credits,total_reg_credits,15413,349,329,65,15393,False
train_v2_status,year,2024,15413,total_reg_credits,start_total_in_credits,15413,613,482,51,14050,False
train_v2_status,year,2024,15413,start_total_in_credits,total_reg_courses,15413,349,329,45,15393,False
train_v2_status,year,2024,15413,total_reg_courses,start_total_in_credits,15413,149,137,115,14171,False
train_v2_status,year,2024,15413,start_total_in_courses,total_reg_credits,15413,81,81,139,15413,False
train_v2_status,year,2024,15413,total_reg_credits,start_total_in_courses,15413,613,474,39,14033,False
train_v2_status,year,2024,15413,start_total_in_courses,total_reg_courses,15413,81,81,62,15413,False
train_v2_status,year,2024,15413,total_reg_courses,start_total_in_courses,15413,149,136,43,14169,False
train_v2_status,year,2024,15413,total_reg_credits,total_reg_courses,15413,613,468,22,14020,False
train_v2_status,year,2024,15413,total_reg_courses,total_reg_credits,15413,149,137,73,14171,False
train_v2_status,degree_id,1.111,13237,start_total_in_credits,start_total_in_courses,13237,187,178,10,12591,False
train_v2_status,degree_id,1.111,13237,start_total_in_courses,start_total_in_credits,13237,82,81,18,12669,False
train_v2_status,degree_id,1.111,13237,start_total_in_credits,total_reg_credits,13237,187,185,60,13235,False
train_v2_status,degree_id,1.111,13237,total_reg_credits,start_total_in_credits,13237,329,307,48,12669,False
train_v2_status,degree_id,1.111,13237,start_total_in_credits,total_reg_courses,13237,187,185,44,13235,False
train_v2_status,degree_id,1.111,13237,total_reg_courses,start_total_in_credits,13237,150,143,70,12684,False
train_v2_status,degree_id,1.111,13237,start_total_in_courses,total_reg_credits,13237,82,82,90,13237,False
train_v2_status,degree_id,1.111,13237,total_reg_credits,start_total_in_courses,13237,329,306,34,12667,False
train_v2_status,degree_id,1.111,13237,start_total_in_courses,total_reg_courses,13237,82,82,59,13237,False
train_v2_status,degree_id,1.111,13237,total_reg_courses,start_total_in_courses,13237,150,143,45,12684,False
train_v2_status,degree_id,1.111,13237,total_reg_credits,total_reg_courses,13237,329,306,14,12662,False
train_v2_status,degree_id,1.111,13237,total_reg_courses,total_reg_credits,13237,150,143,32,12684,False
train_v2_status,degree_id,10.111,804,start_total_in_credits,start_total_in_courses,804,129,70,3,451,False
train_v2_status,degree_id,10.111,804,start_total_in_courses,start_total_in_credits,804,51,46,7,724,False
train_v2_status,degree_id,10.111,804,start_total_in_credits,total_reg_credits,804,129,116,10,722,False
train_v2_status,degree_id,10.111,804,total_reg_credits,start_total_in_credits,804,163,126,11,699,False
train_v2_status,degree_id,10.111,804,start_total_in_credits,total_reg_courses,804,129,118,10,726,False
train_v2_status,degree_id,10.111,804,total_reg_courses,start_total_in_credits,804,75,62,19,724,False
train_v2_status,degree_id,10.111,804,start_total_in_courses,total_reg_credits,804,51,48,20,734,False
train_v2_status,degree_id,10.111,804,total_reg_credits,start_total_in_courses,804,163,127,9,701,False
train_v2_status,degree_id,10.111,804,start_total_in_courses,total_reg_courses,804,51,48,16,734,False
train_v2_status,degree_id,10.111,804,total_reg_courses,start_total_in_courses,804,75,61,16,722,False
train_v2_status,degree_id,10.111,804,total_reg_credits,total_reg_courses,804,163,108,5,585,False
train_v2_status,degree_id,10.111,804,total_reg_courses,total_reg_credits,804,75,60,11,719,False
train_v2_status,degree_id,11.111,2183,start_total_in_credits,start_total_in_courses,2183,134,108,3,1743,False
train_v2_status,degree_id,11.111,2183,start_total_in_courses,start_total_in_credits,2183,51,50,9,2010,False
train_v2_status,degree_id,11.111,2183,start_total_in_credits,total_reg_credits,2183,134,133,25,2182,False
train_v2_status,degree_id,11.111,2183,total_reg_credits,start_total_in_credits,2183,185,161,18,1989,False
train_v2_status,degree_id,11.111,2183,start_total_in_credits,total_reg_courses,2183,134,133,19,2182,False
train_v2_status,degree_id,11.111,2183,total_reg_courses,start_total_in_credits,2183,79,69,38,2003,False
train_v2_status,degree_id,11.111,2183,start_total_in_courses,total_reg_credits,2183,51,51,38,2183,False
train_v2_status,degree_id,11.111,2183,total_reg_credits,start_total_in_courses,2183,185,160,15,1987,False
train_v2_status,degree_id,11.111,2183,start_total_in_courses,total_reg_courses,2183,51,51,25,2183,False
train_v2_status,degree_id,11.111,2183,total_reg_courses,start_total_in_courses,2183,79,69,22,2003,False
train_v2_status,degree_id,11.111,2183,total_reg_credits,total_reg_courses,2183,185,151,7,1858,False
train_v2_status,degree_id,11.111,2183,total_reg_courses,total_reg_credits,2183,79,69,15,2003,False
train_v2_status,degree_id,13.111,12231,start_total_in_credits,start_total_in_courses,12231,179,168,6,11656,False
train_v2_status,degree_id,13.111,12231,start_total_in_courses,start_total_in_credits,12231,70,69,15,11740,False
train_v2_status,degree_id,13.111,12231,start_total_in_credits,total_reg_credits,12231,179,178,98,12230,False
train_v2_status,degree_id,13.111,12231,total_reg_credits,start_total_in_credits,12231,380,342,52,11730,False
train_v2_status,degree_id,13.111,12231,start_total_in_credits,total_reg_courses,12231,179,178,64,12230,False
train_v2_status,degree_id,13.111,12231,total_reg_courses,start_total_in_credits,12231,149,142,82,11761,False
train_v2_status,degree_id,13.111,12231,start_total_in_courses,total_reg_credits,12231,70,70,121,12231,False
train_v2_status,degree_id,13.111,12231,total_reg_credits,start_total_in_courses,12231,380,339,33,11724,False
train_v2_status,degree_id,13.111,12231,start_total_in_courses,total_reg_courses,12231,70,70,67,12231,False
train_v2_status,degree_id,13.111,12231,total_reg_courses,start_total_in_courses,12231,149,142,45,11761,False
train_v2_status,degree_id,13.111,12231,total_reg_credits,total_reg_courses,12231,380,340,11,11726,False
train_v2_status,degree_id,13.111,12231,total_reg_courses,total_reg_credits,12231,149,141,26,11759,False
train_v2_status,degree_id,2.111,15172,start_total_in_credits,start_total_in_courses,15172,379,347,7,13853,False
train_v2_status,degree_id,2.111,15172,start_total_in_courses,start_total_in_credits,15172,67,63,48,14470,False
train_v2_status,degree_id,2.111,15172,start_total_in_credits,total_reg_credits,15172,379,363,223,15156,False
train_v2_status,degree_id,2.111,15172,total_reg_credits,start_total_in_credits,15172,748,663,41,14415,False
train_v2_status,degree_id,2.111,15172,start_total_in_credits,total_reg_courses,15172,379,363,70,15156,False
train_v2_status,degree_id,2.111,15172,total_reg_courses,start_total_in_credits,15172,129,120,131,14492,False
train_v2_status,degree_id,2.111,15172,start_total_in_courses,total_reg_credits,15172,67,64,250,15169,False
train_v2_status,degree_id,2.111,15172,total_reg_credits,start_total_in_courses,15172,748,659,27,14404,False
train_v2_status,degree_id,2.111,15172,start_total_in_courses,total_reg_courses,15172,67,64,71,15169,False
train_v2_status,degree_id,2.111,15172,total_reg_courses,start_total_in_courses,15172,129,120,39,14492,False
train_v2_status,degree_id,2.111,15172,total_reg_credits,total_reg_courses,15172,748,657,13,14403,False
train_v2_status,degree_id,2.111,15172,total_reg_courses,total_reg_credits,15172,129,120,59,14492,False
train_v2_status,degree_id,20.111,307,start_total_in_credits,start_total_in_courses,307,113,61,4,217,False
train_v2_status,degree_id,20.111,307,start_total_in_courses,start_total_in_credits,307,47,41,9,301,False
train_v2_status,degree_id,20.111,307,start_total_in_credits,total_reg_credits,307,113,77,12,271,False
train_v2_status,degree_id,20.111,307,total_reg_credits,start_total_in_credits,307,169,79,5,217,False
train_v2_status,degree_id,20.111,307,start_total_in_credits,total_reg_courses,307,113,77,12,271,False
train_v2_status,degree_id,20.111,307,total_reg_courses,start_total_in_credits,307,84,64,10,287,False
train_v2_status,degree_id,20.111,307,start_total_in_courses,total_reg_credits,307,47,41,22,301,False
train_v2_status,degree_id,20.111,307,total_reg_credits,start_total_in_courses,307,169,78,5,215,False
train_v2_status,degree_id,20.111,307,start_total_in_courses,total_reg_courses,307,47,41,21,301,False
train_v2_status,degree_id,20.111,307,total_reg_courses,start_total_in_courses,307,84,63,10,285,False
train_v2_status,degree_id,20.111,307,total_reg_credits,total_reg_courses,307,169,66,5,187,False
train_v2_status,degree_id,20.111,307,total_reg_courses,total_reg_credits,307,84,64,8,287,False
train_v2_status,degree_id,21.111,657,start_total_in_credits,start_total_in_courses,657,52,20,4,131,False
train_v2_status,degree_id,21.111,657,start_total_in_courses,start_total_in_credits,657,20,18,7,391,False
train_v2_status,degree_id,21.111,657,start_total_in_credits,total_reg_credits,657,52,43,10,644,False
train_v2_status,degree_id,21.111,657,total_reg_credits,start_total_in_credits,657,49,32,13,396,False
train_v2_status,degree_id,21.111,657,start_total_in_credits,total_reg_courses,657,52,41,9,640,False
train_v2_status,degree_id,21.111,657,total_reg_courses,start_total_in_credits,657,20,18,24,414,False
train_v2_status,degree_id,21.111,657,start_total_in_courses,total_reg_credits,657,20,19,14,656,False
train_v2_status,degree_id,21.111,657,total_reg_credits,start_total_in_courses,657,49,32,9,396,False
train_v2_status,degree_id,21.111,657,start_total_in_courses,total_reg_courses,657,20,19,10,656,False
train_v2_status,degree_id,21.111,657,total_reg_courses,start_total_in_courses,657,20,18,11,414,False
train_v2_status,degree_id,21.111,657,total_reg_credits,total_reg_courses,657,49,25,4,301,False
train_v2_status,degree_id,21.111,657,total_reg_courses,total_reg_credits,657,20,18,7,414,False
train_v2_status,degree_id,22.111,506,start_total_in_credits,start_total_in_courses,506,51,25,2,216,False
train_v2_status,degree_id,22.111,506,start_total_in_courses,start_total_in_credits,506,26,20,5,346,False
train_v2_status,degree_id,22.111,506,start_total_in_credits,total_reg_credits,506,51,41,15,496,False
train_v2_status,degree_id,22.111,506,total_reg_credits,start_total_in_credits,506,98,62,12,339,False
train_v2_status,degree_id,22.111,506,start_total_in_credits,total_reg_courses,506,51,41,12,496,False
train_v2_status,degree_id,22.111,506,total_reg_courses,start_total_in_credits,506,48,37,17,364,False
train_v2_status,degree_id,22.111,506,start_total_in_courses,total_reg_credits,506,26,22,23,502,False
train_v2_status,degree_id,22.111,506,total_reg_credits,start_total_in_courses,506,98,61,8,337,False
train_v2_status,degree_id,22.111,506,start_total_in_courses,total_reg_courses,506,26,22,17,502,False
train_v2_status,degree_id,22.111,506,total_reg_courses,start_total_in_courses,506,48,37,11,364,False
train_v2_status,degree_id,22.111,506,total_reg_credits,total_reg_courses,506,98,47,4,211,False
train_v2_status,degree_id,22.111,506,total_reg_courses,total_reg_credits,506,48,35,8,359,False
train_v2_status,degree_id,24.111,4465,start_total_in_credits,start_total_in_courses,4465,180,162,4,3797,False
train_v2_status,degree_id,24.111,4465,start_total_in_courses,start_total_in_credits,4465,62,59,12,4118,False
train_v2_status,degree_id,24.111,4465,start_total_in_credits,total_reg_credits,4465,180,178,34,4463,False
train_v2_status,degree_id,24.111,4465,total_reg_credits,start_total_in_credits,4465,255,223,35,4112,False
train_v2_status,degree_id,24.111,4465,start_total_in_credits,total_reg_courses,4465,180,178,26,4463,False
train_v2_status,degree_id,24.111,4465,total_reg_courses,start_total_in_credits,4465,95,87,61,4137,False
train_v2_status,degree_id,24.111,4465,start_total_in_courses,total_reg_credits,4465,62,60,62,4463,False
train_v2_status,degree_id,24.111,4465,total_reg_credits,start_total_in_courses,4465,255,224,24,4114,False
train_v2_status,degree_id,24.111,4465,start_total_in_courses,total_reg_courses,4465,62,60,43,4463,False
train_v2_status,degree_id,24.111,4465,total_reg_courses,start_total_in_courses,4465,95,87,35,4137,False
train_v2_status,degree_id,24.111,4465,total_reg_credits,total_reg_courses,4465,255,212,7,4055,False
train_v2_status,degree_id,24.111,4465,total_reg_courses,total_reg_credits,4465,95,86,16,4134,False
train_v2_status,degree_id,26.111,1758,start_total_in_credits,start_total_in_courses,1758,164,122,3,1384,False
train_v2_status,degree_id,26.111,1758,start_total_in_courses,start_total_in_credits,1758,62,60,8,1635,False
train_v2_status,degree_id,26.111,1758,start_total_in_credits,total_reg_credits,1758,164,153,45,1745,False
train_v2_status,degree_id,26.111,1758,total_reg_credits,start_total_in_credits,1758,181,165,18,1683,False
train_v2_status,degree_id,26.111,1758,start_total_in_credits,total_reg_courses,1758,164,155,26,1749,False
train_v2_status,degree_id,26.111,1758,total_reg_courses,start_total_in_credits,1758,69,63,30,1694,False
train_v2_status,degree_id,26.111,1758,start_total_in_courses,total_reg_credits,1758,62,61,45,1757,False
train_v2_status,degree_id,26.111,1758,total_reg_credits,start_total_in_courses,1758,181,165,15,1683,False
train_v2_status,degree_id,26.111,1758,start_total_in_courses,total_reg_courses,1758,62,61,26,1757,False
train_v2_status,degree_id,26.111,1758,total_reg_courses,start_total_in_courses,1758,69,63,21,1694,False
train_v2_status,degree_id,26.111,1758,total_reg_credits,total_reg_courses,1758,181,148,5,1585,False
train_v2_status,degree_id,26.111,1758,total_reg_courses,total_reg_credits,1758,69,62,12,1678,False
train_v2_status,degree_id,27.111,902,start_total_in_credits,start_total_in_courses,902,145,92,4,626,False
train_v2_status,degree_id,27.111,902,start_total_in_courses,start_total_in_credits,902,57,52,7,821,False
train_v2_status,degree_id,27.111,902,start_total_in_credits,total_reg_credits,902,145,129,24,885,False
train_v2_status,degree_id,27.111,902,total_reg_credits,start_total_in_credits,902,157,140,13,840,False
train_v2_status,degree_id,27.111,902,start_total_in_credits,total_reg_courses,902,145,129,15,885,False
train_v2_status,degree_id,27.111,902,total_reg_courses,start_total_in_credits,902,62,58,23,853,False
train_v2_status,degree_id,27.111,902,start_total_in_courses,total_reg_credits,902,57,53,24,898,False
train_v2_status,degree_id,27.111,902,total_reg_credits,start_total_in_courses,902,157,139,11,838,False
train_v2_status,degree_id,27.111,902,start_total_in_courses,total_reg_courses,902,57,52,15,896,False
train_v2_status,degree_id,27.111,902,total_reg_courses,start_total_in_courses,902,62,58,15,853,False
train_v2_status,degree_id,27.111,902,total_reg_credits,total_reg_courses,902,157,125,5,773,False
train_v2_status,degree_id,27.111,902,total_reg_courses,total_reg_credits,902,62,57,12,851,False
train_v2_status,degree_id,29.111,1030,start_total_in_credits,start_total_in_courses,1030,150,101,3,758,False
train_v2_status,degree_id,29.111,1030,start_total_in_courses,start_total_in_credits,1030,59,54,8,932,False
train_v2_status,degree_id,29.111,1030,start_total_in_credits,total_reg_credits,1030,150,135,19,1012,False
train_v2_status,degree_id,29.111,1030,total_reg_credits,start_total_in_credits,1030,167,141,16,937,False
train_v2_status,degree_id,29.111,1030,start_total_in_credits,total_reg_courses,1030,150,134,15,1010,False
train_v2_status,degree_id,29.111,1030,total_reg_courses,start_total_in_credits,1030,67,62,26,961,False
train_v2_status,degree_id,29.111,1030,start_total_in_courses,total_reg_credits,1030,59,58,24,1029,False
train_v2_status,degree_id,29.111,1030,total_reg_credits,start_total_in_courses,1030,167,141,13,937,False
train_v2_status,degree_id,29.111,1030,start_total_in_courses,total_reg_courses,1030,59,58,18,1029,False
train_v2_status,degree_id,29.111,1030,total_reg_courses,start_total_in_courses,1030,67,62,17,961,False
train_v2_status,degree_id,29.111,1030,total_reg_credits,total_reg_courses,1030,167,124,5,828,False
train_v2_status,degree_id,29.111,1030,total_reg_courses,total_reg_credits,1030,67,61,11,938,False
train_v2_status,degree_id,3.111,5563,start_total_in_credits,start_total_in_courses,5563,171,150,4,4869,False
train_v2_status,degree_id,3.111,5563,start_total_in_courses,start_total_in_credits,5563,59,58,11,5261,False
train_v2_status,degree_id,3.111,5563,start_total_in_credits,total_reg_credits,5563,171,169,50,5561,False
train_v2_status,degree_id,3.111,5563,total_reg_credits,start_total_in_credits,5563,262,232,33,5250,False
train_v2_status,degree_id,3.111,5563,start_total_in_credits,total_reg_courses,5563,171,168,28,5559,False
train_v2_status,degree_id,3.111,5563,total_reg_courses,start_total_in_credits,5563,99,90,59,5273,False
train_v2_status,degree_id,3.111,5563,start_total_in_courses,total_reg_credits,5563,59,59,73,5563,False
train_v2_status,degree_id,3.111,5563,total_reg_credits,start_total_in_courses,5563,262,231,22,5248,False
train_v2_status,degree_id,3.111,5563,start_total_in_courses,total_reg_courses,5563,59,59,38,5563,False
train_v2_status,degree_id,3.111,5563,total_reg_courses,start_total_in_courses,5563,99,89,30,5271,False
train_v2_status,degree_id,3.111,5563,total_reg_credits,total_reg_courses,5563,262,226,7,5014,False
train_v2_status,degree_id,3.111,5563,total_reg_courses,total_reg_credits,5563,99,90,17,5273,False
train_v2_status,degree_id,30.111,429,start_total_in_credits,start_total_in_courses,429,114,52,3,243,False
train_v2_status,degree_id,30.111,429,start_total_in_courses,start_total_in_credits,429,54,40,6,344,False
train_v2_status,degree_id,30.111,429,start_total_in_credits,total_reg_credits,429,114,83,14,398,False
train_v2_status,degree_id,30.111,429,total_reg_credits,start_total_in_credits,429,137,89,8,341,False
train_v2_status,degree_id,30.111,429,start_total_in_credits,total_reg_courses,429,114,81,12,393,False
train_v2_status,degree_id,30.111,429,total_reg_courses,start_total_in_credits,429,65,49,16,373,False
train_v2_status,degree_id,30.111,429,start_total_in_courses,total_reg_credits,429,54,43,20,418,False
train_v2_status,degree_id,30.111,429,total_reg_credits,start_total_in_courses,429,137,89,8,341,False
train_v2_status,degree_id,30.111,429,start_total_in_courses,total_reg_courses,429,54,43,16,418,False
train_v2_status,degree_id,30.111,429,total_reg_courses,start_total_in_courses,429,65,49,15,373,False
train_v2_status,degree_id,30.111,429,total_reg_credits,total_reg_courses,429,137,63,4,219,False
train_v2_status,degree_id,30.111,429,total_reg_courses,total_reg_credits,429,65,47,8,356,False
train_v2_status,degree_id,31.111,328,start_total_in_credits,start_total_in_courses,328,89,29,3,110,False
train_v2_status,degree_id,31.111,328,start_total_in_courses,start_total_in_credits,328,41,31,5,246,False
train_v2_status,degree_id,31.111,328,start_total_in_credits,total_reg_credits,328,89,60,11,299,False
train_v2_status,degree_id,31.111,328,total_reg_credits,start_total_in_credits,328,105,73,7,251,False
train_v2_status,degree_id,31.111,328,start_total_in_credits,total_reg_courses,328,89,59,10,297,False
train_v2_status,degree_id,31.111,328,total_reg_courses,start_total_in_credits,328,48,39,14,275,False
train_v2_status,degree_id,31.111,328,start_total_in_courses,total_reg_credits,328,41,34,16,321,False
train_v2_status,degree_id,31.111,328,total_reg_credits,start_total_in_courses,328,105,69,7,243,False
train_v2_status,degree_id,31.111,328,start_total_in_courses,total_reg_courses,328,41,34,11,321,False
train_v2_status,degree_id,31.111,328,total_reg_courses,start_total_in_courses,328,48,39,11,275,False
train_v2_status,degree_id,31.111,328,total_reg_credits,total_reg_courses,328,105,41,3,130,False
train_v2_status,degree_id,31.111,328,total_reg_courses,total_reg_credits,328,48,37,6,264,False
train_v2_status,degree_id,33.111,148,start_total_in_credits,start_total_in_courses,148,69,8,2,23,False
train_v2_status,degree_id,33.111,148,start_total_in_courses,start_total_in_credits,148,37,26,4,114,False
train_v2_status,degree_id,33.111,148,start_total_in_credits,total_reg_credits,148,69,35,4,114,False
train_v2_status,degree_id,33.111,148,total_reg_credits,start_total_in_credits,148,66,31,6,95,False
train_v2_status,degree_id,33.111,148,start_total_in_credits,total_reg_courses,148,69,35,4,114,False
train_v2_status,degree_id,33.111,148,total_reg_courses,start_total_in_credits,148,37,26,10,120,False
train_v2_status,degree_id,33.111,148,start_total_in_courses,total_reg_credits,148,37,32,7,143,False
train_v2_status,degree_id,33.111,148,total_reg_credits,start_total_in_courses,148,66,31,6,95,False
train_v2_status,degree_id,33.111,148,start_total_in_courses,total_reg_courses,148,37,30,6,139,False
train_v2_status,degree_id,33.111,148,total_reg_courses,start_total_in_courses,148,37,26,8,120,False
train_v2_status,degree_id,33.111,148,total_reg_credits,total_reg_courses,148,66,17,3,44,False
train_v2_status,degree_id,33.111,148,total_reg_courses,total_reg_credits,148,37,25,5,118,False
train_v2_status,degree_id,34.111,423,start_total_in_credits,start_total_in_courses,423,100,28,2,117,False
train_v2_status,degree_id,34.111,423,start_total_in_courses,start_total_in_credits,423,43,35,6,349,False
train_v2_status,degree_id,34.111,423,start_total_in_credits,total_reg_credits,423,100,81,7,404,False
train_v2_status,degree_id,34.111,423,total_reg_credits,start_total_in_credits,423,100,76,8,345,False
train_v2_status,degree_id,34.111,423,start_total_in_credits,total_reg_courses,423,100,81,7,404,False
train_v2_status,degree_id,34.111,423,total_reg_courses,start_total_in_credits,423,42,37,12,364,False
train_v2_status,degree_id,34.111,423,start_total_in_courses,total_reg_credits,423,43,39,15,419,False
train_v2_status,degree_id,34.111,423,total_reg_credits,start_total_in_courses,423,100,74,8,341,False
train_v2_status,degree_id,34.111,423,start_total_in_courses,total_reg_courses,423,43,39,10,419,False
train_v2_status,degree_id,34.111,423,total_reg_courses,start_total_in_courses,423,42,37,10,364,False
train_v2_status,degree_id,34.111,423,total_reg_credits,total_reg_courses,423,100,41,3,174,False
train_v2_status,degree_id,34.111,423,total_reg_courses,total_reg_credits,423,42,37,6,363,False
train_v2_status,degree_id,35.111,143,start_total_in_credits,start_total_in_courses,143,66,6,2,21,False
train_v2_status,degree_id,35.111,143,start_total_in_courses,start_total_in_credits,143,36,24,4,105,False
train_v2_status,degree_id,35.111,143,start_total_in_credits,total_reg_credits,143,66,32,6,107,False
train_v2_status,degree_id,35.111,143,total_reg_credits,start_total_in_credits,143,63,29,6,92,False
train_v2_status,degree_id,35.111,143,start_total_in_credits,total_reg_courses,143,66,30,6,103,False
train_v2_status,degree_id,35.111,143,total_reg_courses,start_total_in_credits,143,35,26,8,117,False
train_v2_status,degree_id,35.111,143,start_total_in_courses,total_reg_credits,143,36,28,8,134,False
train_v2_status,degree_id,35.111,143,total_reg_credits,start_total_in_courses,143,63,28,5,90,False
train_v2_status,degree_id,35.111,143,start_total_in_courses,total_reg_courses,143,36,26,6,129,False
train_v2_status,degree_id,35.111,143,total_reg_courses,start_total_in_courses,143,35,26,6,117,False
train_v2_status,degree_id,35.111,143,total_reg_credits,total_reg_courses,143,63,8,2,23,False
train_v2_status,degree_id,35.111,143,total_reg_courses,total_reg_credits,143,35,24,4,110,False
train_v2_status,degree_id,36.111,424,start_total_in_credits,start_total_in_courses,424,94,22,2,100,False
train_v2_status,degree_id,36.111,424,start_total_in_courses,start_total_in_credits,424,43,33,5,346,False
train_v2_status,degree_id,36.111,424,start_total_in_credits,total_reg_credits,424,94,70,8,397,False
train_v2_status,degree_id,36.111,424,total_reg_credits,start_total_in_credits,424,90,73,9,351,False
train_v2_status,degree_id,36.111,424,start_total_in_credits,total_reg_courses,424,94,67,8,390,False
train_v2_status,degree_id,36.111,424,total_reg_courses,start_total_in_credits,424,39,36,17,365,False
train_v2_status,degree_id,36.111,424,start_total_in_courses,total_reg_credits,424,43,38,14,419,False
train_v2_status,degree_id,36.111,424,total_reg_credits,start_total_in_courses,424,90,73,7,351,False
train_v2_status,degree_id,36.111,424,start_total_in_courses,total_reg_courses,424,43,37,11,417,False
train_v2_status,degree_id,36.111,424,total_reg_courses,start_total_in_courses,424,39,36,10,365,False
train_v2_status,degree_id,36.111,424,total_reg_credits,total_reg_courses,424,90,33,2,133,False
train_v2_status,degree_id,36.111,424,total_reg_courses,total_reg_credits,424,39,32,5,355,False
train_v2_status,degree_id,37.111,117,start_total_in_credits,start_total_in_courses,117,56,4,2,9,False
train_v2_status,degree_id,37.111,117,start_total_in_courses,start_total_in_credits,117,32,19,4,85,False
train_v2_status,degree_id,37.111,117,start_total_in_credits,total_reg_credits,117,56,26,4,87,False
train_v2_status,degree_id,37.111,117,total_reg_credits,start_total_in_credits,117,61,21,5,60,False
train_v2_status,degree_id,37.111,117,start_total_in_credits,total_reg_courses,117,56,26,4,87,False
train_v2_status,degree_id,37.111,117,total_reg_courses,start_total_in_credits,117,37,27,5,92,False
train_v2_status,degree_id,37.111,117,start_total_in_courses,total_reg_credits,117,32,23,8,108,False
train_v2_status,degree_id,37.111,117,total_reg_credits,start_total_in_courses,117,61,20,5,58,False
train_v2_status,degree_id,37.111,117,start_total_in_courses,total_reg_courses,117,32,23,8,108,False
train_v2_status,degree_id,37.111,117,total_reg_courses,start_total_in_courses,117,37,25,5,87,False
train_v2_status,degree_id,37.111,117,total_reg_credits,total_reg_courses,117,61,9,2,25,False
train_v2_status,degree_id,37.111,117,total_reg_courses,total_reg_credits,117,37,23,4,82,False
train_v2_status,degree_id,39.111,216,start_total_in_credits,start_total_in_courses,216,38,4,2,9,False
train_v2_status,degree_id,39.111,216,start_total_in_courses,start_total_in_credits,216,19,14,4,157,False
train_v2_status,degree_id,39.111,216,start_total_in_credits,total_reg_credits,216,38,25,11,203,False
train_v2_status,degree_id,39.111,216,total_reg_credits,start_total_in_credits,216,57,30,8,137,False
train_v2_status,degree_id,39.111,216,start_total_in_credits,total_reg_courses,216,38,25,8,203,False
train_v2_status,degree_id,39.111,216,total_reg_courses,start_total_in_credits,216,26,24,10,164,False
train_v2_status,degree_id,39.111,216,start_total_in_courses,total_reg_credits,216,19,16,13,213,False
train_v2_status,degree_id,39.111,216,total_reg_credits,start_total_in_courses,216,57,30,7,137,False
train_v2_status,degree_id,39.111,216,start_total_in_courses,total_reg_courses,216,19,16,12,213,False
train_v2_status,degree_id,39.111,216,total_reg_courses,start_total_in_courses,216,26,24,7,164,False
train_v2_status,degree_id,39.111,216,total_reg_credits,total_reg_courses,216,57,13,3,57,False
train_v2_status,degree_id,39.111,216,total_reg_courses,total_reg_credits,216,26,22,5,159,False
train_v2_status,degree_id,4.111,379,start_total_in_credits,start_total_in_courses,379,116,31,3,122,False
train_v2_status,degree_id,4.111,379,start_total_in_courses,start_total_in_credits,379,55,44,6,300,False
train_v2_status,degree_id,4.111,379,start_total_in_credits,total_reg_credits,379,116,68,6,326,False
train_v2_status,degree_id,4.111,379,total_reg_credits,start_total_in_credits,379,122,61,12,254,False
train_v2_status,degree_id,4.111,379,start_total_in_credits,total_reg_courses,379,116,65,6,318,False
train_v2_status,degree_id,4.111,379,total_reg_courses,start_total_in_credits,379,63,47,16,300,False
train_v2_status,degree_id,4.111,379,start_total_in_courses,total_reg_credits,379,55,49,13,373,False
train_v2_status,degree_id,4.111,379,total_reg_credits,start_total_in_courses,379,122,60,7,252,False
train_v2_status,degree_id,4.111,379,start_total_in_courses,total_reg_courses,379,55,48,9,366,False
train_v2_status,degree_id,4.111,379,total_reg_courses,start_total_in_courses,379,63,46,9,298,False
train_v2_status,degree_id,4.111,379,total_reg_credits,total_reg_courses,379,122,43,3,152,False
train_v2_status,degree_id,4.111,379,total_reg_courses,total_reg_credits,379,63,47,6,300,False
train_v2_status,degree_id,40.111,719,start_total_in_credits,start_total_in_courses,719,38,7,2,119,False
train_v2_status,degree_id,40.111,719,start_total_in_courses,start_total_in_credits,719,17,13,5,431,False
train_v2_status,degree_id,40.111,719,start_total_in_credits,total_reg_credits,719,38,30,19,710,False
train_v2_status,degree_id,40.111,719,total_reg_credits,start_total_in_credits,719,56,41,16,453,False
train_v2_status,degree_id,40.111,719,start_total_in_credits,total_reg_courses,719,38,30,12,710,False
train_v2_status,degree_id,40.111,719,total_reg_courses,start_total_in_credits,719,23,19,19,465,False
train_v2_status,degree_id,40.111,719,start_total_in_courses,total_reg_credits,719,17,14,22,716,False
train_v2_status,degree_id,40.111,719,total_reg_credits,start_total_in_courses,719,56,41,11,453,False
train_v2_status,degree_id,40.111,719,start_total_in_courses,total_reg_courses,719,17,14,14,716,False
train_v2_status,degree_id,40.111,719,total_reg_courses,start_total_in_courses,719,23,19,11,465,False
train_v2_status,degree_id,40.111,719,total_reg_credits,total_reg_courses,719,56,20,3,240,False
train_v2_status,degree_id,40.111,719,total_reg_courses,total_reg_credits,719,23,18,6,455,False
train_v2_status,degree_id,41.111,2107,start_total_in_credits,start_total_in_courses,2107,101,81,5,1499,False
train_v2_status,degree_id,41.111,2107,start_total_in_courses,start_total_in_credits,2107,37,32,14,1525,False
train_v2_status,degree_id,41.111,2107,start_total_in_credits,total_reg_credits,2107,101,86,16,2091,False
train_v2_status,degree_id,41.111,2107,total_reg_credits,start_total_in_credits,2107,86,71,23,1522,False
train_v2_status,degree_id,41.111,2107,start_total_in_credits,total_reg_courses,2107,101,85,11,2087,False
train_v2_status,degree_id,41.111,2107,total_reg_courses,start_total_in_credits,2107,34,25,44,1529,False
train_v2_status,degree_id,41.111,2107,start_total_in_courses,total_reg_credits,2107,37,33,30,2103,False
train_v2_status,degree_id,41.111,2107,total_reg_credits,start_total_in_courses,2107,86,72,14,1524,False
train_v2_status,degree_id,41.111,2107,start_total_in_courses,total_reg_courses,2107,37,33,16,2103,False
train_v2_status,degree_id,41.111,2107,total_reg_courses,start_total_in_courses,2107,34,25,19,1529,False
train_v2_status,degree_id,41.111,2107,total_reg_credits,total_reg_courses,2107,86,69,5,1505,False
train_v2_status,degree_id,41.111,2107,total_reg_courses,total_reg_credits,2107,34,24,15,1527,False
train_v2_status,degree_id,42.111,1647,start_total_in_credits,start_total_in_courses,1647,90,71,5,1132,False
train_v2_status,degree_id,42.111,1647,start_total_in_courses,start_total_in_credits,1647,39,36,9,1175,False
train_v2_status,degree_id,42.111,1647,start_total_in_credits,total_reg_credits,1647,90,76,11,1623,False
train_v2_status,degree_id,42.111,1647,total_reg_credits,start_total_in_credits,1647,73,61,18,1172,False
train_v2_status,degree_id,42.111,1647,start_total_in_credits,total_reg_courses,1647,90,77,10,1632,False
train_v2_status,degree_id,42.111,1647,total_reg_courses,start_total_in_credits,1647,33,29,30,1181,False
train_v2_status,degree_id,42.111,1647,start_total_in_courses,total_reg_credits,1647,39,37,19,1645,False
train_v2_status,degree_id,42.111,1647,total_reg_credits,start_total_in_courses,1647,73,61,14,1172,False
train_v2_status,degree_id,42.111,1647,start_total_in_courses,total_reg_courses,1647,39,36,13,1640,False
train_v2_status,degree_id,42.111,1647,total_reg_courses,start_total_in_courses,1647,33,29,18,1181,False
train_v2_status,degree_id,42.111,1647,total_reg_credits,total_reg_courses,1647,73,58,5,1162,False
train_v2_status,degree_id,42.111,1647,total_reg_courses,total_reg_credits,1647,33,28,11,1177,False
train_v2_status,degree_id,44.111,1115,start_total_in_credits,start_total_in_courses,1115,88,46,4,492,False
train_v2_status,degree_id,44.111,1115,start_total_in_courses,start_total_in_credits,1115,40,32,9,766,False
train_v2_status,degree_id,44.111,1115,start_total_in_credits,total_reg_credits,1115,88,68,9,1083,False
train_v2_status,degree_id,44.111,1115,total_reg_credits,start_total_in_credits,1115,65,53,18,764,False
train_v2_status,degree_id,44.111,1115,start_total_in_credits,total_reg_courses,1115,88,69,9,1086,False
train_v2_status,degree_id,44.111,1115,total_reg_courses,start_total_in_credits,1115,28,24,30,774,False
train_v2_status,degree_id,44.111,1115,start_total_in_courses,total_reg_credits,1115,40,34,15,1109,False
train_v2_status,degree_id,44.111,1115,total_reg_credits,start_total_in_courses,1115,65,53,12,764,False
train_v2_status,degree_id,44.111,1115,start_total_in_courses,total_reg_courses,1115,40,33,10,1106,False
train_v2_status,degree_id,44.111,1115,total_reg_courses,start_total_in_courses,1115,28,24,15,774,False
train_v2_status,degree_id,44.111,1115,total_reg_credits,total_reg_courses,1115,65,46,4,610,False
train_v2_status,degree_id,44.111,1115,total_reg_courses,total_reg_credits,1115,28,24,8,774,False
train_v2_status,degree_id,45.111,404,start_total_in_credits,start_total_in_courses,404,44,3,2,19,False
train_v2_status,degree_id,45.111,404,start_total_in_courses,start_total_in_credits,404,28,17,3,178,False
train_v2_status,degree_id,45.111,404,start_total_in_credits,total_reg_credits,404,44,29,9,381,False
train_v2_status,degree_id,45.111,404,total_reg_credits,start_total_in_credits,404,45,27,9,276,False
train_v2_status,degree_id,45.111,404,start_total_in_credits,total_reg_courses,404,44,29,8,381,False
train_v2_status,degree_id,45.111,404,total_reg_courses,start_total_in_credits,404,25,21,10,291,False
train_v2_status,degree_id,45.111,404,start_total_in_courses,total_reg_credits,404,28,26,10,402,False
train_v2_status,degree_id,45.111,404,total_reg_credits,start_total_in_courses,404,45,27,9,276,False
train_v2_status,degree_id,45.111,404,start_total_in_courses,total_reg_courses,404,28,25,8,400,False
train_v2_status,degree_id,45.111,404,total_reg_courses,start_total_in_courses,404,25,21,9,291,False
train_v2_status,degree_id,45.111,404,total_reg_credits,total_reg_courses,404,45,3,2,21,False
train_v2_status,degree_id,45.111,404,total_reg_courses,total_reg_credits,404,25,17,4,213,False
train_v2_status,degree_id,46.111,398,start_total_in_credits,start_total_in_courses,398,60,5,2,21,False
train_v2_status,degree_id,46.111,398,start_total_in_courses,start_total_in_credits,398,28,19,5,232,False
train_v2_status,degree_id,46.111,398,start_total_in_credits,total_reg_credits,398,60,34,6,361,False
train_v2_status,degree_id,46.111,398,total_reg_credits,start_total_in_credits,398,47,27,10,250,False
train_v2_status,degree_id,46.111,398,start_total_in_credits,total_reg_courses,398,60,34,6,361,False
train_v2_status,degree_id,46.111,398,total_reg_courses,start_total_in_credits,398,24,19,12,268,False
train_v2_status,degree_id,46.111,398,start_total_in_courses,total_reg_credits,398,28,22,11,392,False
train_v2_status,degree_id,46.111,398,total_reg_credits,start_total_in_courses,398,47,27,8,250,False
train_v2_status,degree_id,46.111,398,start_total_in_courses,total_reg_courses,398,28,22,8,392,False
train_v2_status,degree_id,46.111,398,total_reg_courses,start_total_in_courses,398,24,19,11,268,False
train_v2_status,degree_id,46.111,398,total_reg_credits,total_reg_courses,398,47,4,2,21,False
train_v2_status,degree_id,46.111,398,total_reg_courses,total_reg_credits,398,24,18,4,265,False
train_v2_status,degree_id,47.111,473,start_total_in_credits,start_total_in_courses,473,55,5,2,26,False
train_v2_status,degree_id,47.111,473,start_total_in_courses,start_total_in_credits,473,27,21,4,313,False
train_v2_status,degree_id,47.111,473,start_total_in_credits,total_reg_credits,473,55,37,7,434,False
train_v2_status,degree_id,47.111,473,total_reg_credits,start_total_in_credits,473,51,31,9,307,False
train_v2_status,degree_id,47.111,473,start_total_in_credits,total_reg_courses,473,55,36,6,432,False
train_v2_status,degree_id,47.111,473,total_reg_courses,start_total_in_credits,473,24,20,15,326,False
train_v2_status,degree_id,47.111,473,start_total_in_courses,total_reg_credits,473,27,24,11,469,False
train_v2_status,degree_id,47.111,473,total_reg_credits,start_total_in_courses,473,51,30,9,305,False
train_v2_status,degree_id,47.111,473,start_total_in_courses,total_reg_courses,473,27,24,8,469,False
train_v2_status,degree_id,47.111,473,total_reg_courses,start_total_in_courses,473,24,20,10,326,False
train_v2_status,degree_id,47.111,473,total_reg_credits,total_reg_courses,473,51,4,2,16,False
train_v2_status,degree_id,47.111,473,total_reg_courses,total_reg_credits,473,24,18,4,321,False
train_v2_status,degree_id,48.111,435,start_total_in_credits,start_total_in_courses,435,58,4,2,20,False
train_v2_status,degree_id,48.111,435,start_total_in_courses,start_total_in_credits,435,25,21,4,281,False
train_v2_status,degree_id,48.111,435,start_total_in_credits,total_reg_credits,435,58,36,9,399,False
train_v2_status,degree_id,48.111,435,total_reg_credits,start_total_in_credits,435,51,34,9,286,False
train_v2_status,degree_id,48.111,435,start_total_in_credits,total_reg_courses,435,58,36,8,399,False
train_v2_status,degree_id,48.111,435,total_reg_courses,start_total_in_credits,435,23,21,14,305,False
train_v2_status,degree_id,48.111,435,start_total_in_courses,total_reg_credits,435,25,25,13,435,False
train_v2_status,degree_id,48.111,435,total_reg_credits,start_total_in_courses,435,51,34,9,286,False
train_v2_status,degree_id,48.111,435,start_total_in_courses,total_reg_courses,435,25,24,9,432,False
train_v2_status,degree_id,48.111,435,total_reg_courses,start_total_in_courses,435,23,21,10,305,False
train_v2_status,degree_id,48.111,435,total_reg_credits,total_reg_courses,435,51,6,2,25,False
train_v2_status,degree_id,48.111,435,total_reg_courses,total_reg_credits,435,23,20,4,297,False
train_v2_status,degree_id,49.111,222,start_total_in_credits,start_total_in_courses,222,49,2,2,5,False
train_v2_status,degree_id,49.111,222,start_total_in_courses,start_total_in_credits,222,29,17,3,126,False
train_v2_status,degree_id,49.111,222,start_total_in_credits,total_reg_credits,222,49,23,7,192,False
train_v2_status,degree_id,49.111,222,total_reg_credits,start_total_in_credits,222,37,24,9,148,False
train_v2_status,degree_id,49.111,222,start_total_in_credits,total_reg_courses,222,49,22,7,190,False
train_v2_status,degree_id,49.111,222,total_reg_courses,start_total_in_credits,222,21,16,13,158,False
train_v2_status,degree_id,49.111,222,start_total_in_courses,total_reg_credits,222,29,21,9,214,False
train_v2_status,degree_id,49.111,222,total_reg_credits,start_total_in_courses,222,37,24,9,148,False
train_v2_status,degree_id,49.111,222,start_total_in_courses,total_reg_courses,222,29,20,7,212,False
train_v2_status,degree_id,49.111,222,total_reg_courses,start_total_in_courses,222,21,16,10,158,False
train_v2_status,degree_id,49.111,222,total_reg_credits,total_reg_courses,222,37,2,2,8,False
train_v2_status,degree_id,49.111,222,total_reg_courses,total_reg_credits,222,21,15,3,147,False
train_v2_status,degree_id,5.111,142,start_total_in_credits,start_total_in_courses,142,77,8,2,19,False
train_v2_status,degree_id,5.111,142,start_total_in_courses,start_total_in_credits,142,50,23,4,80,False
train_v2_status,degree_id,5.111,142,start_total_in_credits,total_reg_credits,142,77,34,4,99,False
train_v2_status,degree_id,5.111,142,total_reg_credits,start_total_in_credits,142,72,30,5,81,False
train_v2_status,degree_id,5.111,142,start_total_in_credits,total_reg_courses,142,77,34,4,99,False
train_v2_status,degree_id,5.111,142,total_reg_courses,start_total_in_credits,142,43,25,9,105,False
train_v2_status,degree_id,5.111,142,start_total_in_courses,total_reg_credits,142,50,36,6,128,False
train_v2_status,degree_id,5.111,142,total_reg_credits,start_total_in_courses,142,72,29,5,79,False
train_v2_status,degree_id,5.111,142,start_total_in_courses,total_reg_courses,142,50,36,6,128,False
train_v2_status,degree_id,5.111,142,total_reg_courses,start_total_in_courses,142,43,25,8,105,False
train_v2_status,degree_id,5.111,142,total_reg_credits,total_reg_courses,142,72,12,3,27,False
train_v2_status,degree_id,5.111,142,total_reg_courses,total_reg_credits,142,43,23,5,97,False
train_v2_status,degree_id,50.111,450,start_total_in_credits,start_total_in_courses,450,99,27,3,111,False
train_v2_status,degree_id,50.111,450,start_total_in_courses,start_total_in_credits,450,46,34,5,301,False
train_v2_status,degree_id,50.111,450,start_total_in_credits,total_reg_credits,450,99,59,9,401,False
train_v2_status,degree_id,50.111,450,total_reg_credits,start_total_in_credits,450,66,44,22,299,False
train_v2_status,degree_id,50.111,450,start_total_in_credits,total_reg_courses,450,99,55,9,393,False
train_v2_status,degree_id,50.111,450,total_reg_courses,start_total_in_credits,450,27,24,23,318,False
train_v2_status,degree_id,50.111,450,start_total_in_courses,total_reg_credits,450,46,36,15,432,False
train_v2_status,degree_id,50.111,450,total_reg_credits,start_total_in_courses,450,66,44,13,299,False
train_v2_status,degree_id,50.111,450,start_total_in_courses,total_reg_courses,450,46,34,11,425,False
train_v2_status,degree_id,50.111,450,total_reg_courses,start_total_in_courses,450,27,24,13,318,False
train_v2_status,degree_id,50.111,450,total_reg_credits,total_reg_courses,450,66,26,4,239,False
train_v2_status,degree_id,50.111,450,total_reg_courses,total_reg_credits,450,27,24,8,318,False
train_v2_status,degree_id,53.111,211,start_total_in_credits,start_total_in_courses,211,56,6,2,22,False
train_v2_status,degree_id,53.111,211,start_total_in_courses,start_total_in_credits,211,24,22,4,163,False
train_v2_status,degree_id,53.111,211,start_total_in_credits,total_reg_credits,211,56,33,6,180,False
train_v2_status,degree_id,53.111,211,total_reg_credits,start_total_in_credits,211,50,34,6,147,False
train_v2_status,degree_id,53.111,211,start_total_in_credits,total_reg_courses,211,56,33,6,180,False
train_v2_status,degree_id,53.111,211,total_reg_courses,start_total_in_credits,211,25,19,13,160,False
train_v2_status,degree_id,53.111,211,start_total_in_courses,total_reg_credits,211,24,23,10,210,False
train_v2_status,degree_id,53.111,211,total_reg_credits,start_total_in_courses,211,50,34,5,147,False
train_v2_status,degree_id,53.111,211,start_total_in_courses,total_reg_courses,211,24,22,8,208,False
train_v2_status,degree_id,53.111,211,total_reg_courses,start_total_in_courses,211,25,19,8,160,False
train_v2_status,degree_id,53.111,211,total_reg_credits,total_reg_courses,211,50,8,2,25,False
train_v2_status,degree_id,53.111,211,total_reg_courses,total_reg_credits,211,25,17,5,156,False
train_v2_status,degree_id,55.111,242,start_total_in_credits,start_total_in_courses,242,55,2,2,10,False
train_v2_status,degree_id,55.111,242,start_total_in_courses,start_total_in_credits,242,28,21,3,177,False
train_v2_status,degree_id,55.111,242,start_total_in_credits,total_reg_credits,242,55,34,7,165,False
train_v2_status,degree_id,55.111,242,total_reg_credits,start_total_in_credits,242,53,37,8,168,False
train_v2_status,degree_id,55.111,242,start_total_in_credits,total_reg_courses,242,55,33,5,163,False
train_v2_status,degree_id,55.111,242,total_reg_courses,start_total_in_credits,242,25,19,12,181,False
train_v2_status,degree_id,55.111,242,start_total_in_courses,total_reg_credits,242,28,23,10,184,False
train_v2_status,degree_id,55.111,242,total_reg_credits,start_total_in_courses,242,53,38,6,172,False
train_v2_status,degree_id,55.111,242,start_total_in_courses,total_reg_courses,242,28,23,6,184,False
train_v2_status,degree_id,55.111,242,total_reg_courses,start_total_in_courses,242,25,19,8,181,False
train_v2_status,degree_id,55.111,242,total_reg_credits,total_reg_courses,242,53,7,2,25,False
train_v2_status,degree_id,55.111,242,total_reg_courses,total_reg_credits,242,25,19,4,180,False
train_v2_status,degree_id,6.111,1328,start_total_in_credits,start_total_in_courses,1328,166,131,4,1122,False
train_v2_status,degree_id,6.111,1328,start_total_in_courses,start_total_in_credits,1328,59,58,9,1298,False
train_v2_status,degree_id,6.111,1328,start_total_in_credits,total_reg_credits,1328,166,158,28,1314,False
train_v2_status,degree_id,6.111,1328,total_reg_credits,start_total_in_credits,1328,243,208,14,1269,False
train_v2_status,degree_id,6.111,1328,start_total_in_credits,total_reg_courses,1328,166,158,23,1314,False
train_v2_status,degree_id,6.111,1328,total_reg_courses,start_total_in_credits,1328,97,87,35,1296,False
train_v2_status,degree_id,6.111,1328,start_total_in_courses,total_reg_credits,1328,59,58,31,1320,False
train_v2_status,degree_id,6.111,1328,total_reg_credits,start_total_in_courses,1328,243,207,13,1267,False
train_v2_status,degree_id,6.111,1328,start_total_in_courses,total_reg_courses,1328,59,58,28,1320,False
train_v2_status,degree_id,6.111,1328,total_reg_courses,start_total_in_courses,1328,97,87,23,1296,False
train_v2_status,degree_id,6.111,1328,total_reg_credits,total_reg_courses,1328,243,188,7,1197,False
train_v2_status,degree_id,6.111,1328,total_reg_courses,total_reg_credits,1328,97,86,14,1294,False
train_v2_status,degree_id,7.111,907,start_total_in_credits,start_total_in_courses,907,126,81,3,604,False
train_v2_status,degree_id,7.111,907,start_total_in_courses,start_total_in_credits,907,50,48,7,818,False
train_v2_status,degree_id,7.111,907,start_total_in_credits,total_reg_credits,907,126,119,13,900,False
train_v2_status,degree_id,7.111,907,total_reg_credits,start_total_in_credits,907,151,125,13,801,False
train_v2_status,degree_id,7.111,907,start_total_in_credits,total_reg_courses,907,126,118,12,898,False
train_v2_status,degree_id,7.111,907,total_reg_courses,start_total_in_credits,907,65,58,18,820,False
train_v2_status,degree_id,7.111,907,start_total_in_courses,total_reg_credits,907,50,50,25,907,False
train_v2_status,degree_id,7.111,907,total_reg_credits,start_total_in_courses,907,151,124,10,799,False
train_v2_status,degree_id,7.111,907,start_total_in_courses,total_reg_courses,907,50,49,19,905,False
train_v2_status,degree_id,7.111,907,total_reg_courses,start_total_in_courses,907,65,58,15,820,False
train_v2_status,degree_id,7.111,907,total_reg_credits,total_reg_courses,907,151,113,6,711,False
train_v2_status,degree_id,7.111,907,total_reg_courses,total_reg_credits,907,65,58,13,820,False
train_v2_status,degree_id,8.111,2624,start_total_in_credits,start_total_in_courses,2624,133,116,4,2165,False
train_v2_status,degree_id,8.111,2624,start_total_in_courses,start_total_in_credits,2624,51,49,10,2442,False
train_v2_status,degree_id,8.111,2624,start_total_in_credits,total_reg_credits,2624,133,131,30,2622,False
train_v2_status,degree_id,8.111,2624,total_reg_credits,start_total_in_credits,2624,227,188,23,2415,False
train_v2_status,degree_id,8.111,2624,start_total_in_credits,total_reg_courses,2624,133,131,24,2622,False
train_v2_status,degree_id,8.111,2624,total_reg_courses,start_total_in_credits,2624,104,87,42,2437,False
train_v2_status,degree_id,8.111,2624,start_total_in_courses,total_reg_credits,2624,51,50,47,2623,False
train_v2_status,degree_id,8.111,2624,total_reg_credits,start_total_in_courses,2624,227,186,17,2411,False
train_v2_status,degree_id,8.111,2624,start_total_in_courses,total_reg_courses,2624,51,50,31,2623,False
train_v2_status,degree_id,8.111,2624,total_reg_courses,start_total_in_courses,2624,104,87,24,2437,False
train_v2_status,degree_id,8.111,2624,total_reg_credits,total_reg_courses,2624,227,175,8,2249,False
train_v2_status,degree_id,8.111,2624,total_reg_courses,total_reg_credits,2624,104,87,18,2437,False
train_v2_status,progress_quartile,"(-0.001, 32.0]",19133,start_total_in_credits,start_total_in_courses,19133,32,29,7,12141,False
train_v2_status,progress_quartile,"(-0.001, 32.0]",19133,start_total_in_courses,start_total_in_credits,19133,16,14,15,12493,False
train_v2_status,progress_quartile,"(-0.001, 32.0]",19133,start_total_in_credits,total_reg_credits,19133,32,32,85,19133,False
train_v2_status,progress_quartile,"(-0.001, 32.0]",19133,total_reg_credits,start_total_in_credits,19133,153,119,32,12914,False
train_v2_status,progress_quartile,"(-0.001, 32.0]",19133,start_total_in_credits,total_reg_courses,19133,32,32,42,19133,False
train_v2_status,progress_quartile,"(-0.001, 32.0]",19133,total_reg_courses,start_total_in_credits,19133,73,55,32,12930,False
train_v2_status,progress_quartile,"(-0.001, 32.0]",19133,start_total_in_courses,total_reg_credits,19133,16,15,101,19132,False
train_v2_status,progress_quartile,"(-0.001, 32.0]",19133,total_reg_credits,start_total_in_courses,19133,153,118,16,12912,False
train_v2_status,progress_quartile,"(-0.001, 32.0]",19133,start_total_in_courses,total_reg_courses,19133,16,15,50,19132,False
train_v2_status,progress_quartile,"(-0.001, 32.0]",19133,total_reg_courses,start_total_in_courses,19133,73,52,16,12924,False
train_v2_status,progress_quartile,"(-0.001, 32.0]",19133,total_reg_credits,total_reg_courses,19133,153,117,12,12908,False
train_v2_status,progress_quartile,"(-0.001, 32.0]",19133,total_reg_courses,total_reg_credits,19133,73,55,30,12930,False
train_v2_status,progress_quartile,"(126.0, 250.0]",18523,start_total_in_credits,start_total_in_courses,18523,208,190,23,17944,False
train_v2_status,progress_quartile,"(126.0, 250.0]",18523,start_total_in_courses,start_total_in_credits,18523,48,48,72,18523,False
train_v2_status,progress_quartile,"(126.0, 250.0]",18523,start_total_in_credits,total_reg_credits,18523,208,201,223,18516,False
train_v2_status,progress_quartile,"(126.0, 250.0]",18523,total_reg_credits,start_total_in_credits,18523,694,603,63,18430,False
train_v2_status,progress_quartile,"(126.0, 250.0]",18523,start_total_in_credits,total_reg_courses,18523,208,201,81,18516,False
train_v2_status,progress_quartile,"(126.0, 250.0]",18523,total_reg_courses,start_total_in_credits,18523,149,137,133,18511,False
train_v2_status,progress_quartile,"(126.0, 250.0]",18523,start_total_in_courses,total_reg_credits,18523,48,48,332,18523,False
train_v2_status,progress_quartile,"(126.0, 250.0]",18523,total_reg_credits,start_total_in_courses,18523,694,601,41,18427,False
train_v2_status,progress_quartile,"(126.0, 250.0]",18523,start_total_in_courses,total_reg_courses,18523,48,48,89,18523,False
train_v2_status,progress_quartile,"(126.0, 250.0]",18523,total_reg_courses,start_total_in_courses,18523,149,137,40,18511,False
train_v2_status,progress_quartile,"(126.0, 250.0]",18523,total_reg_credits,total_reg_courses,18523,694,599,31,18423,False
train_v2_status,progress_quartile,"(126.0, 250.0]",18523,total_reg_courses,total_reg_credits,18523,149,136,104,18509,False
train_v2_status,progress_quartile,"(32.0, 74.0]",18466,start_total_in_credits,start_total_in_courses,18466,45,42,14,18463,False
train_v2_status,progress_quartile,"(32.0, 74.0]",18466,start_total_in_courses,start_total_in_credits,18466,25,25,34,18466,False
train_v2_status,progress_quartile,"(32.0, 74.0]",18466,start_total_in_credits,total_reg_credits,18466,45,42,121,18463,False
train_v2_status,progress_quartile,"(32.0, 74.0]",18466,total_reg_credits,start_total_in_credits,18466,254,220,42,18432,False
train_v2_status,progress_quartile,"(32.0, 74.0]",18466,start_total_in_credits,total_reg_courses,18466,45,42,63,18463,False
train_v2_status,progress_quartile,"(32.0, 74.0]",18466,total_reg_courses,start_total_in_credits,18466,103,96,43,18459,False
train_v2_status,progress_quartile,"(32.0, 74.0]",18466,start_total_in_courses,total_reg_credits,18466,25,25,161,18466,False
train_v2_status,progress_quartile,"(32.0, 74.0]",18466,total_reg_credits,start_total_in_courses,18466,254,219,22,18430,False
train_v2_status,progress_quartile,"(32.0, 74.0]",18466,start_total_in_courses,total_reg_courses,18466,25,25,74,18466,False
train_v2_status,progress_quartile,"(32.0, 74.0]",18466,total_reg_courses,start_total_in_courses,18466,103,96,23,18459,False
train_v2_status,progress_quartile,"(32.0, 74.0]",18466,total_reg_credits,total_reg_courses,18466,254,217,19,18426,False
train_v2_status,progress_quartile,"(32.0, 74.0]",18466,total_reg_courses,total_reg_credits,18466,103,96,45,18459,False
train_v2_status,progress_quartile,"(74.0, 126.0]",18954,start_total_in_credits,start_total_in_courses,18954,94,87,21,18945,False
train_v2_status,progress_quartile,"(74.0, 126.0]",18954,start_total_in_courses,start_total_in_credits,18954,36,34,64,18948,False
train_v2_status,progress_quartile,"(74.0, 126.0]",18954,start_total_in_credits,total_reg_credits,18954,94,88,127,18948,False
train_v2_status,progress_quartile,"(74.0, 126.0]",18954,total_reg_credits,start_total_in_credits,18954,449,357,51,18861,False
train_v2_status,progress_quartile,"(74.0, 126.0]",18954,start_total_in_credits,total_reg_courses,18954,94,88,73,18948,False
train_v2_status,progress_quartile,"(74.0, 126.0]",18954,total_reg_courses,start_total_in_credits,18954,134,125,66,18945,False
train_v2_status,progress_quartile,"(74.0, 126.0]",18954,start_total_in_courses,total_reg_credits,18954,36,35,215,18953,False
train_v2_status,progress_quartile,"(74.0, 126.0]",18954,total_reg_credits,start_total_in_courses,18954,449,353,32,18850,False
train_v2_status,progress_quartile,"(74.0, 126.0]",18954,start_total_in_courses,total_reg_courses,18954,36,35,86,18953,False
train_v2_status,progress_quartile,"(74.0, 126.0]",18954,total_reg_courses,start_total_in_courses,18954,134,125,31,18945,False
train_v2_status,progress_quartile,"(74.0, 126.0]",18954,total_reg_credits,total_reg_courses,18954,449,349,24,18845,False
train_v2_status,progress_quartile,"(74.0, 126.0]",18954,total_reg_courses,total_reg_credits,18954,134,125,67,18945,False
