dataset,group_by,group_value,group_rows,feature,target,pearson,spearman
train_v2_course,year,2020,60963,start_total_in_credits,points,0.0965630780463942,0.08290749419761605
train_v2_course,year,2020,60963,start_total_in_credits,final_mark,0.09182361905366661,0.08292122705275926
train_v2_course,year,2020,60963,start_total_in_credits,is_fail,-0.08512905742216943,-0.08493201446187545
train_v2_course,year,2020,60963,start_total_in_courses,points,0.092275955248148,0.07819277246701827
train_v2_course,year,2020,60963,start_total_in_courses,final_mark,0.08687944219545828,0.07820237859905128
train_v2_course,year,2020,60963,start_total_in_courses,is_fail,-0.08352744668134568,-0.08310842726400652
train_v2_course,year,2020,60963,total_reg_credits,points,-0.04375830339504526,-0.043319805441820874
train_v2_course,year,2020,60963,total_reg_credits,final_mark,-0.05340647584521409,-0.04409311427769018
train_v2_course,year,2020,60963,total_reg_credits,is_fail,0.010043970398849163,-0.0006545092520281339
train_v2_course,year,2020,60963,total_reg_courses,points,-0.0421291482475045,-0.04077769887058672
train_v2_course,year,2020,60963,total_reg_courses,final_mark,-0.05277834242497058,-0.04157882859934587
train_v2_course,year,2020,60963,total_reg_courses,is_fail,0.007583391742205483,-0.0031944450334761283
train_v2_course,year,2021,70082,start_total_in_credits,points,0.09214281369436651,0.0654415805090197
train_v2_course,year,2021,70082,start_total_in_credits,final_mark,0.08681439155807341,0.06629280521654558
train_v2_course,year,2021,70082,start_total_in_credits,is_fail,-0.10560800037481208,-0.1111003671103543
train_v2_course,year,2021,70082,start_total_in_courses,points,0.08324202271359075,0.05689435563704071
train_v2_course,year,2021,70082,start_total_in_courses,final_mark,0.07617623607249012,0.057744073038261734
train_v2_course,year,2021,70082,start_total_in_courses,is_fail,-0.1052481707927638,-0.10980051253702917
train_v2_course,year,2021,70082,total_reg_credits,points,-0.033362259059777855,-0.045710416043532674
train_v2_course,year,2021,70082,total_reg_credits,final_mark,-0.04143366524501509,-0.04525554764300995
train_v2_course,year,2021,70082,total_reg_credits,is_fail,-0.024796060729631766,-0.04227033205255663
train_v2_course,year,2021,70082,total_reg_courses,points,-0.038619317777124906,-0.05092110313796829
train_v2_course,year,2021,70082,total_reg_courses,final_mark,-0.04841712168640125,-0.05048895877599286
train_v2_course,year,2021,70082,total_reg_courses,is_fail,-0.02605222778857032,-0.042686114553443455
train_v2_course,year,2022,74324,start_total_in_credits,points,0.0431303566819142,0.007062883351539549
train_v2_course,year,2022,74324,start_total_in_credits,final_mark,0.032985526043482156,0.0071199936640068285
train_v2_course,year,2022,74324,start_total_in_credits,is_fail,-0.07882156562613875,-0.08084563206324415
train_v2_course,year,2022,74324,start_total_in_courses,points,0.03130594404350207,9.801459417455454e-06
train_v2_course,year,2022,74324,start_total_in_courses,final_mark,0.019623956467080914,5.828973034928522e-05
train_v2_course,year,2022,74324,start_total_in_courses,is_fail,-0.07631765936653938,-0.079002569968892
train_v2_course,year,2022,74324,total_reg_credits,points,-0.09423969289474869,-0.10978227672578557
train_v2_course,year,2022,74324,total_reg_credits,final_mark,-0.10534589656327614,-0.11034242668711466
train_v2_course,year,2022,74324,total_reg_credits,is_fail,0.014248160277072609,-0.003893907829995995
train_v2_course,year,2022,74324,total_reg_courses,points,-0.10412444137276604,-0.11470246653081591
train_v2_course,year,2022,74324,total_reg_courses,final_mark,-0.11659246622681252,-0.11527145840494864
train_v2_course,year,2022,74324,total_reg_courses,is_fail,0.01629926333719513,-0.003288393121899608
train_v2_course,year,2023,77014,start_total_in_credits,points,0.06107219399689686,0.032175947110684194
train_v2_course,year,2023,77014,start_total_in_credits,final_mark,0.04532116703177951,0.0320608883562452
train_v2_course,year,2023,77014,start_total_in_credits,is_fail,-0.09698258801236719,-0.1030771270497888
train_v2_course,year,2023,77014,start_total_in_courses,points,0.06543346535149241,0.035544263563352954
train_v2_course,year,2023,77014,start_total_in_courses,final_mark,0.04896597176250261,0.03551410936343184
train_v2_course,year,2023,77014,start_total_in_courses,is_fail,-0.10369565681664983,-0.10734538830659779
train_v2_course,year,2023,77014,total_reg_credits,points,-0.07117201138156888,-0.07837959026219106
train_v2_course,year,2023,77014,total_reg_credits,final_mark,-0.08764215965773917,-0.07908065821209326
train_v2_course,year,2023,77014,total_reg_credits,is_fail,-0.0070935415598041614,-0.030860589800599206
train_v2_course,year,2023,77014,total_reg_courses,points,-0.06631396543557311,-0.07334268169714227
train_v2_course,year,2023,77014,total_reg_courses,final_mark,-0.08357930800153977,-0.07395210592502326
train_v2_course,year,2023,77014,total_reg_courses,is_fail,-0.0137029094138053,-0.03522363941323653
train_v2_course,year,2024,74433,start_total_in_credits,points,0.05034373153355277,0.02277434311189132
train_v2_course,year,2024,74433,start_total_in_credits,final_mark,0.038804183719096774,0.022010490858274882
train_v2_course,year,2024,74433,start_total_in_credits,is_fail,-0.07312014238243247,-0.07681661405273903
train_v2_course,year,2024,74433,start_total_in_courses,points,0.05283761347770205,0.022638380233864018
train_v2_course,year,2024,74433,start_total_in_courses,final_mark,0.041909476440677176,0.02194901968833421
train_v2_course,year,2024,74433,start_total_in_courses,is_fail,-0.07869568503307965,-0.07905892949892378
train_v2_course,year,2024,74433,total_reg_credits,points,-0.08920031252107667,-0.09274949935563528
train_v2_course,year,2024,74433,total_reg_credits,final_mark,-0.10118018542638675,-0.09396164109754988
train_v2_course,year,2024,74433,total_reg_credits,is_fail,0.013473026856823118,-0.007581451789345545
train_v2_course,year,2024,74433,total_reg_courses,points,-0.0850779384285344,-0.09110523679135853
train_v2_course,year,2024,74433,total_reg_courses,final_mark,-0.09659194705610025,-0.0923025974952955
train_v2_course,year,2024,74433,total_reg_courses,is_fail,0.007786460877725126,-0.01017584812386735
train_v2_course,degree_id,1.111,76474,start_total_in_credits,points,-0.010159276378330957,-0.034781719390520945
train_v2_course,degree_id,1.111,76474,start_total_in_credits,final_mark,-0.025363009584513485,-0.035642619441468334
train_v2_course,degree_id,1.111,76474,start_total_in_credits,is_fail,-0.05393711497183538,-0.053955935991546605
train_v2_course,degree_id,1.111,76474,start_total_in_courses,points,-0.004826878575716326,-0.030355064170900958
train_v2_course,degree_id,1.111,76474,start_total_in_courses,final_mark,-0.019882793994710532,-0.031189073813554753
train_v2_course,degree_id,1.111,76474,start_total_in_courses,is_fail,-0.05632232422139802,-0.05632585875197473
train_v2_course,degree_id,1.111,76474,total_reg_credits,points,-0.18401310963933676,-0.19135988018705313
train_v2_course,degree_id,1.111,76474,total_reg_credits,final_mark,-0.1993359857579824,-0.19312983387352495
train_v2_course,degree_id,1.111,76474,total_reg_credits,is_fail,0.05737629764442129,0.045927328283119934
train_v2_course,degree_id,1.111,76474,total_reg_courses,points,-0.17390918279297868,-0.1807188753175922
train_v2_course,degree_id,1.111,76474,total_reg_courses,final_mark,-0.18939561976638192,-0.1824628047120436
train_v2_course,degree_id,1.111,76474,total_reg_courses,is_fail,0.05061053384783056,0.038438144658674976
train_v2_course,degree_id,10.111,3871,start_total_in_credits,points,0.11703537193404547,0.1207352963543469
train_v2_course,degree_id,10.111,3871,start_total_in_credits,final_mark,0.11149658404213336,0.11762285452418164
train_v2_course,degree_id,10.111,3871,start_total_in_credits,is_fail,-0.03125517079242812,-0.0292637628462426
train_v2_course,degree_id,10.111,3871,start_total_in_courses,points,0.11720502755096626,0.12428479068465735
train_v2_course,degree_id,10.111,3871,start_total_in_courses,final_mark,0.11155209626848066,0.1212812257437163
train_v2_course,degree_id,10.111,3871,start_total_in_courses,is_fail,-0.03354421722684653,-0.032442732481666556
train_v2_course,degree_id,10.111,3871,total_reg_credits,points,0.008204467147558688,0.03629091533451736
train_v2_course,degree_id,10.111,3871,total_reg_credits,final_mark,-0.0036095339868306214,0.03254976354707299
train_v2_course,degree_id,10.111,3871,total_reg_credits,is_fail,0.040945962145584325,0.030295431914556407
train_v2_course,degree_id,10.111,3871,total_reg_courses,points,0.004395524677508593,0.03344067599226222
train_v2_course,degree_id,10.111,3871,total_reg_courses,final_mark,-0.007304173145803258,0.02971850895076225
train_v2_course,degree_id,10.111,3871,total_reg_courses,is_fail,0.04072641935023698,0.03094306517359723
train_v2_course,degree_id,11.111,10380,start_total_in_credits,points,0.2411708814720794,0.2777469111495756
train_v2_course,degree_id,11.111,10380,start_total_in_credits,final_mark,0.2476707385112062,0.27573030533076304
train_v2_course,degree_id,11.111,10380,start_total_in_credits,is_fail,-0.08706351393814916,-0.08787759965030488
train_v2_course,degree_id,11.111,10380,start_total_in_courses,points,0.24410709089867325,0.28094788127071163
train_v2_course,degree_id,11.111,10380,start_total_in_courses,final_mark,0.2512965501914096,0.27900996542529594
train_v2_course,degree_id,11.111,10380,start_total_in_courses,is_fail,-0.08874509472913222,-0.0891697618843443
train_v2_course,degree_id,11.111,10380,total_reg_credits,points,0.15461874563607564,0.19843722624288213
train_v2_course,degree_id,11.111,10380,total_reg_credits,final_mark,0.1562093934381662,0.19597202513231915
train_v2_course,degree_id,11.111,10380,total_reg_credits,is_fail,-0.037228158088032384,-0.04419156488248685
train_v2_course,degree_id,11.111,10380,total_reg_courses,points,0.14907247505942617,0.19079769048424278
train_v2_course,degree_id,11.111,10380,total_reg_courses,final_mark,0.15096510853234235,0.18842948470710547
train_v2_course,degree_id,11.111,10380,total_reg_courses,is_fail,-0.03534860378862153,-0.04096184537001865
train_v2_course,degree_id,13.111,61361,start_total_in_credits,points,-0.0012024960695609008,-0.010503357569514116
train_v2_course,degree_id,13.111,61361,start_total_in_credits,final_mark,-0.00919530957265567,-0.010318787959724903
train_v2_course,degree_id,13.111,61361,start_total_in_credits,is_fail,-0.025980513666707363,-0.028580212531869514
train_v2_course,degree_id,13.111,61361,start_total_in_courses,points,-0.00838842256403766,-0.01711021355855897
train_v2_course,degree_id,13.111,61361,start_total_in_courses,final_mark,-0.016676852872702774,-0.01695473784259856
train_v2_course,degree_id,13.111,61361,start_total_in_courses,is_fail,-0.021905199156919117,-0.024896302905920667
train_v2_course,degree_id,13.111,61361,total_reg_credits,points,-0.1879127215749331,-0.19587650817883626
train_v2_course,degree_id,13.111,61361,total_reg_credits,final_mark,-0.1996451720190506,-0.19660710275069557
train_v2_course,degree_id,13.111,61361,total_reg_credits,is_fail,0.10703969195452563,0.09740482021561007
train_v2_course,degree_id,13.111,61361,total_reg_courses,points,-0.190544665637468,-0.19785763966586395
train_v2_course,degree_id,13.111,61361,total_reg_courses,final_mark,-0.20255521031795906,-0.19863328359778043
train_v2_course,degree_id,13.111,61361,total_reg_courses,is_fail,0.10864893877900933,0.09900516555320026
train_v2_course,degree_id,2.111,60999,start_total_in_credits,points,0.009574572276919453,-0.009483344420455491
train_v2_course,degree_id,2.111,60999,start_total_in_credits,final_mark,-0.001930931321945689,-0.010679677953380148
train_v2_course,degree_id,2.111,60999,start_total_in_credits,is_fail,-0.029934077261589358,-0.029202760328640543
train_v2_course,degree_id,2.111,60999,start_total_in_courses,points,0.005344005135988844,-0.01120281431894256
train_v2_course,degree_id,2.111,60999,start_total_in_courses,final_mark,-0.006031185675310688,-0.012391683832533886
train_v2_course,degree_id,2.111,60999,start_total_in_courses,is_fail,-0.02882620416295565,-0.028016925090563267
train_v2_course,degree_id,2.111,60999,total_reg_credits,points,-0.1289057820146635,-0.1283581832746584
train_v2_course,degree_id,2.111,60999,total_reg_credits,final_mark,-0.13921206474880468,-0.1297244903773365
train_v2_course,degree_id,2.111,60999,total_reg_credits,is_fail,0.058748434779753146,0.045968163935284044
train_v2_course,degree_id,2.111,60999,total_reg_courses,points,-0.13336901646603047,-0.13205455971284968
train_v2_course,degree_id,2.111,60999,total_reg_courses,final_mark,-0.1431913628485494,-0.13339032447970217
train_v2_course,degree_id,2.111,60999,total_reg_courses,is_fail,0.062016558775795226,0.04931809033694897
train_v2_course,degree_id,20.111,1408,start_total_in_credits,points,0.2172102757298917,0.21239148111484804
train_v2_course,degree_id,20.111,1408,start_total_in_credits,final_mark,0.2217373337510821,0.21056403423076625
train_v2_course,degree_id,20.111,1408,start_total_in_credits,is_fail,-0.1614645872486196,-0.1470736677061773
train_v2_course,degree_id,20.111,1408,start_total_in_courses,points,0.2196241103434139,0.21819150841699692
train_v2_course,degree_id,20.111,1408,start_total_in_courses,final_mark,0.22523606446385844,0.21634666394308646
train_v2_course,degree_id,20.111,1408,start_total_in_courses,is_fail,-0.1632579345707003,-0.14964361922390046
train_v2_course,degree_id,20.111,1408,total_reg_credits,points,0.05467857316720074,0.01692489923763898
train_v2_course,degree_id,20.111,1408,total_reg_credits,final_mark,0.04610521090527237,0.013378132272470235
train_v2_course,degree_id,20.111,1408,total_reg_credits,is_fail,-0.0720438647687749,-0.06536668510111475
train_v2_course,degree_id,20.111,1408,total_reg_courses,points,0.054711453761076626,0.0166778851536935
train_v2_course,degree_id,20.111,1408,total_reg_courses,final_mark,0.04678896138544988,0.013408119783270948
train_v2_course,degree_id,20.111,1408,total_reg_courses,is_fail,-0.07075321477762338,-0.06225023481304198
train_v2_course,degree_id,21.111,2667,start_total_in_credits,points,0.16437627085799786,0.1386048520944859
train_v2_course,degree_id,21.111,2667,start_total_in_credits,final_mark,0.1593245336321306,0.1400712941088796
train_v2_course,degree_id,21.111,2667,start_total_in_credits,is_fail,-0.15656449926082383,-0.1603989827651741
train_v2_course,degree_id,21.111,2667,start_total_in_courses,points,0.16197680503476097,0.1368071777328504
train_v2_course,degree_id,21.111,2667,start_total_in_courses,final_mark,0.15726285568988085,0.1383610996477871
train_v2_course,degree_id,21.111,2667,start_total_in_courses,is_fail,-0.15550475329763674,-0.1597526078011115
train_v2_course,degree_id,21.111,2667,total_reg_credits,points,0.007917639093346968,0.01698359340412236
train_v2_course,degree_id,21.111,2667,total_reg_credits,final_mark,-0.0008099597848546937,0.016937597821802153
train_v2_course,degree_id,21.111,2667,total_reg_credits,is_fail,-0.04531423076857896,-0.07546105238243792
train_v2_course,degree_id,21.111,2667,total_reg_courses,points,0.006657537153644625,0.010842823589662286
train_v2_course,degree_id,21.111,2667,total_reg_courses,final_mark,-0.0021426067680620432,0.010896658354510314
train_v2_course,degree_id,21.111,2667,total_reg_courses,is_fail,-0.0447892856157687,-0.07340686438810157
train_v2_course,degree_id,22.111,2160,start_total_in_credits,points,0.01061920144034908,0.02400888928273089
train_v2_course,degree_id,22.111,2160,start_total_in_credits,final_mark,-0.02440953706578788,0.010094174204298124
train_v2_course,degree_id,22.111,2160,start_total_in_credits,is_fail,-0.012356600177285793,-0.028101527072301593
train_v2_course,degree_id,22.111,2160,start_total_in_courses,points,0.01268383360944821,0.025320275055646522
train_v2_course,degree_id,22.111,2160,start_total_in_courses,final_mark,-0.021992780753923493,0.01148658112911498
train_v2_course,degree_id,22.111,2160,start_total_in_courses,is_fail,-0.013896577057725953,-0.028944519911881808
train_v2_course,degree_id,22.111,2160,total_reg_credits,points,-0.0385150615339736,-0.008954734667791151
train_v2_course,degree_id,22.111,2160,total_reg_credits,final_mark,-0.09291298242936893,-0.0272313744192861
train_v2_course,degree_id,22.111,2160,total_reg_credits,is_fail,0.028191007893405572,-0.00337126510382531
train_v2_course,degree_id,22.111,2160,total_reg_courses,points,-0.039823219375351146,-0.011220069279534929
train_v2_course,degree_id,22.111,2160,total_reg_courses,final_mark,-0.09285710623392837,-0.02966726496234212
train_v2_course,degree_id,22.111,2160,total_reg_courses,is_fail,0.029514390549713984,-0.00044913907001121057
train_v2_course,degree_id,24.111,19538,start_total_in_credits,points,0.21191383986441725,0.21567602811850595
train_v2_course,degree_id,24.111,19538,start_total_in_credits,final_mark,0.2179478278374868,0.21699630887330848
train_v2_course,degree_id,24.111,19538,start_total_in_credits,is_fail,-0.1450261257738267,-0.15121320014713818
train_v2_course,degree_id,24.111,19538,start_total_in_courses,points,0.21233725774629225,0.21534880420450214
train_v2_course,degree_id,24.111,19538,start_total_in_courses,final_mark,0.2183034055206519,0.2166250173525941
train_v2_course,degree_id,24.111,19538,start_total_in_courses,is_fail,-0.14545135749102303,-0.1507471477098986
train_v2_course,degree_id,24.111,19538,total_reg_credits,points,0.07806296298404992,0.07451284205849627
train_v2_course,degree_id,24.111,19538,total_reg_credits,final_mark,0.07457147162296388,0.07465568552785425
train_v2_course,degree_id,24.111,19538,total_reg_credits,is_fail,-0.06976144027255105,-0.07825314413497153
train_v2_course,degree_id,24.111,19538,total_reg_courses,points,0.07546106273636227,0.07189803447376188
train_v2_course,degree_id,24.111,19538,total_reg_courses,final_mark,0.07171428873933261,0.07198212574996443
train_v2_course,degree_id,24.111,19538,total_reg_courses,is_fail,-0.06799213075200769,-0.07624351416841527
train_v2_course,degree_id,26.111,8239,start_total_in_credits,points,0.20999283799373747,0.2054279224437905
train_v2_course,degree_id,26.111,8239,start_total_in_credits,final_mark,0.20857840114016668,0.20350280599871914
train_v2_course,degree_id,26.111,8239,start_total_in_credits,is_fail,-0.1327828545754903,-0.1341221989187509
train_v2_course,degree_id,26.111,8239,start_total_in_courses,points,0.21160356995284538,0.2065690704202481
train_v2_course,degree_id,26.111,8239,start_total_in_courses,final_mark,0.21029838404753065,0.2046305143130299
train_v2_course,degree_id,26.111,8239,start_total_in_courses,is_fail,-0.13331989515141549,-0.13475527542635138
train_v2_course,degree_id,26.111,8239,total_reg_credits,points,0.10974355642815412,0.09955515903515001
train_v2_course,degree_id,26.111,8239,total_reg_credits,final_mark,0.10334377312602312,0.09659679142703656
train_v2_course,degree_id,26.111,8239,total_reg_credits,is_fail,-0.07124323194585165,-0.06669372926144712
train_v2_course,degree_id,26.111,8239,total_reg_courses,points,0.11269374544019507,0.1022729827100074
train_v2_course,degree_id,26.111,8239,total_reg_courses,final_mark,0.10645080993922953,0.09939024304931528
train_v2_course,degree_id,26.111,8239,total_reg_courses,is_fail,-0.07313270010877516,-0.06920255264002065
train_v2_course,degree_id,27.111,4227,start_total_in_credits,points,0.18917960968425582,0.17738241293679163
train_v2_course,degree_id,27.111,4227,start_total_in_credits,final_mark,0.1887958486397184,0.17909031413790547
train_v2_course,degree_id,27.111,4227,start_total_in_credits,is_fail,-0.147110009402582,-0.14858784510197964
train_v2_course,degree_id,27.111,4227,start_total_in_courses,points,0.18965784107944683,0.17773379214175605
train_v2_course,degree_id,27.111,4227,start_total_in_courses,final_mark,0.18928631925251382,0.17950463065019287
train_v2_course,degree_id,27.111,4227,start_total_in_courses,is_fail,-0.14768755579367618,-0.14883855771527255
train_v2_course,degree_id,27.111,4227,total_reg_credits,points,0.061265189227302695,0.04138992428435099
train_v2_course,degree_id,27.111,4227,total_reg_credits,final_mark,0.05616092175052056,0.042776006980474256
train_v2_course,degree_id,27.111,4227,total_reg_credits,is_fail,-0.0843096466037245,-0.08304811834661201
train_v2_course,degree_id,27.111,4227,total_reg_courses,points,0.06505883412036126,0.04565807144279848
train_v2_course,degree_id,27.111,4227,total_reg_courses,final_mark,0.06011563494227496,0.04706709213095217
train_v2_course,degree_id,27.111,4227,total_reg_courses,is_fail,-0.0855494253586874,-0.08366930619524432
train_v2_course,degree_id,29.111,4716,start_total_in_credits,points,0.2191781342157317,0.21336063270769529
train_v2_course,degree_id,29.111,4716,start_total_in_credits,final_mark,0.22099809140263638,0.2165929916540873
train_v2_course,degree_id,29.111,4716,start_total_in_credits,is_fail,-0.14599202879195766,-0.14844095307931748
train_v2_course,degree_id,29.111,4716,start_total_in_courses,points,0.2183369524275781,0.21307282804209074
train_v2_course,degree_id,29.111,4716,start_total_in_courses,final_mark,0.2199615190097171,0.21630095877225353
train_v2_course,degree_id,29.111,4716,start_total_in_courses,is_fail,-0.1460406729113468,-0.148926679957253
train_v2_course,degree_id,29.111,4716,total_reg_credits,points,0.09103268795631003,0.08490142939882946
train_v2_course,degree_id,29.111,4716,total_reg_credits,final_mark,0.08460744974032731,0.08742616956599013
train_v2_course,degree_id,29.111,4716,total_reg_credits,is_fail,-0.0839527612734299,-0.09192162190142918
train_v2_course,degree_id,29.111,4716,total_reg_courses,points,0.09272092751055117,0.0878662755589558
train_v2_course,degree_id,29.111,4716,total_reg_courses,final_mark,0.08638004494155699,0.09030746784625836
train_v2_course,degree_id,29.111,4716,total_reg_courses,is_fail,-0.08405961731288346,-0.09268165780100109
train_v2_course,degree_id,3.111,24543,start_total_in_credits,points,0.14529935637088698,0.13989791961320247
train_v2_course,degree_id,3.111,24543,start_total_in_credits,final_mark,0.13784627543310274,0.13862452521928117
train_v2_course,degree_id,3.111,24543,start_total_in_credits,is_fail,-0.11001410077122116,-0.10918295288429618
train_v2_course,degree_id,3.111,24543,start_total_in_courses,points,0.14274960772450626,0.13678204780566383
train_v2_course,degree_id,3.111,24543,start_total_in_courses,final_mark,0.1353161625053451,0.1354826928109998
train_v2_course,degree_id,3.111,24543,start_total_in_courses,is_fail,-0.10784882317963612,-0.10709056953858402
train_v2_course,degree_id,3.111,24543,total_reg_credits,points,0.018203758018018087,0.018219090891666016
train_v2_course,degree_id,3.111,24543,total_reg_credits,final_mark,0.007092069350969847,0.01620733228244325
train_v2_course,degree_id,3.111,24543,total_reg_credits,is_fail,-0.02459998573597756,-0.02648972461509097
train_v2_course,degree_id,3.111,24543,total_reg_courses,points,0.021789892230073844,0.02203198349865815
train_v2_course,degree_id,3.111,24543,total_reg_courses,final_mark,0.010800263104014027,0.020005343064617143
train_v2_course,degree_id,3.111,24543,total_reg_courses,is_fail,-0.02649686874301768,-0.028895298479539117
train_v2_course,degree_id,30.111,1874,start_total_in_credits,points,0.2694176658484997,0.2634362659582597
train_v2_course,degree_id,30.111,1874,start_total_in_credits,final_mark,0.2812697540192787,0.264633943437178
train_v2_course,degree_id,30.111,1874,start_total_in_credits,is_fail,-0.19997434780677883,-0.21455040333741218
train_v2_course,degree_id,30.111,1874,start_total_in_courses,points,0.2682022351086747,0.2625561319713574
train_v2_course,degree_id,30.111,1874,start_total_in_courses,final_mark,0.27986369020369867,0.263723310630485
train_v2_course,degree_id,30.111,1874,start_total_in_courses,is_fail,-0.19929743888252924,-0.21352003716628631
train_v2_course,degree_id,30.111,1874,total_reg_credits,points,0.15681229229279067,0.14217614930134928
train_v2_course,degree_id,30.111,1874,total_reg_credits,final_mark,0.16613859652051122,0.14287992690630405
train_v2_course,degree_id,30.111,1874,total_reg_credits,is_fail,-0.1153853384988373,-0.12448128373612417
train_v2_course,degree_id,30.111,1874,total_reg_courses,points,0.1629821216662263,0.14806275508857156
train_v2_course,degree_id,30.111,1874,total_reg_courses,final_mark,0.1725530153229674,0.14881221599674324
train_v2_course,degree_id,30.111,1874,total_reg_courses,is_fail,-0.11967470542027463,-0.1289584796567246
train_v2_course,degree_id,31.111,1320,start_total_in_credits,points,0.2992128284409102,0.28984522970118765
train_v2_course,degree_id,31.111,1320,start_total_in_credits,final_mark,0.309937528275172,0.305714067962573
train_v2_course,degree_id,31.111,1320,start_total_in_credits,is_fail,-0.26316578391323014,-0.28646821359560554
train_v2_course,degree_id,31.111,1320,start_total_in_courses,points,0.3005647050392119,0.29056755751098595
train_v2_course,degree_id,31.111,1320,start_total_in_courses,final_mark,0.31155083065758843,0.30644793788331304
train_v2_course,degree_id,31.111,1320,start_total_in_courses,is_fail,-0.26389873156389954,-0.28722985390182104
train_v2_course,degree_id,31.111,1320,total_reg_credits,points,0.13937067925545488,0.14408010924471457
train_v2_course,degree_id,31.111,1320,total_reg_credits,final_mark,0.14577603025024785,0.15896702023545234
train_v2_course,degree_id,31.111,1320,total_reg_credits,is_fail,-0.1623812887037686,-0.18703843716360208
train_v2_course,degree_id,31.111,1320,total_reg_courses,points,0.14762374941876003,0.1481981688942206
train_v2_course,degree_id,31.111,1320,total_reg_courses,final_mark,0.15458457461253053,0.1631197238855544
train_v2_course,degree_id,31.111,1320,total_reg_courses,is_fail,-0.16761958284449643,-0.18891234511997218
train_v2_course,degree_id,33.111,673,start_total_in_credits,points,0.2804654259605141,0.24246945283106033
train_v2_course,degree_id,33.111,673,start_total_in_credits,final_mark,0.2825779291894832,0.23935199508106808
train_v2_course,degree_id,33.111,673,start_total_in_credits,is_fail,-0.1534858822500694,-0.1485788303292615
train_v2_course,degree_id,33.111,673,start_total_in_courses,points,0.28207101372814336,0.2452392775080566
train_v2_course,degree_id,33.111,673,start_total_in_courses,final_mark,0.28448294131549684,0.24176207339614028
train_v2_course,degree_id,33.111,673,start_total_in_courses,is_fail,-0.15311992491482843,-0.14759332455956797
train_v2_course,degree_id,33.111,673,total_reg_credits,points,0.12035771917609414,0.09276987570323986
train_v2_course,degree_id,33.111,673,total_reg_credits,final_mark,0.10301662617186184,0.08893871597489858
train_v2_course,degree_id,33.111,673,total_reg_credits,is_fail,-0.08366537047703393,-0.0820455002499049
train_v2_course,degree_id,33.111,673,total_reg_courses,points,0.12546175982799085,0.10022090556003832
train_v2_course,degree_id,33.111,673,total_reg_courses,final_mark,0.1089364432563388,0.09619316752770019
train_v2_course,degree_id,33.111,673,total_reg_courses,is_fail,-0.08474523299439203,-0.08288822876456434
train_v2_course,degree_id,34.111,1997,start_total_in_credits,points,0.2742739899540396,0.29413968654415457
train_v2_course,degree_id,34.111,1997,start_total_in_credits,final_mark,0.28896129443633695,0.2922514065159586
train_v2_course,degree_id,34.111,1997,start_total_in_credits,is_fail,-0.1071981919487698,-0.10784348541325531
train_v2_course,degree_id,34.111,1997,start_total_in_courses,points,0.27331381228275714,0.29170638562624235
train_v2_course,degree_id,34.111,1997,start_total_in_courses,final_mark,0.28794662508023555,0.2898426892185156
train_v2_course,degree_id,34.111,1997,start_total_in_courses,is_fail,-0.10642897019424107,-0.10655391905665416
train_v2_course,degree_id,34.111,1997,total_reg_credits,points,0.21551445259263882,0.23965912407392687
train_v2_course,degree_id,34.111,1997,total_reg_credits,final_mark,0.22795828871879248,0.23776197117572118
train_v2_course,degree_id,34.111,1997,total_reg_credits,is_fail,-0.07455195607547858,-0.07381104191852875
train_v2_course,degree_id,34.111,1997,total_reg_courses,points,0.21611073300780276,0.24035440068797623
train_v2_course,degree_id,34.111,1997,total_reg_courses,final_mark,0.22864975248968947,0.23834329296289805
train_v2_course,degree_id,34.111,1997,total_reg_courses,is_fail,-0.07445305842239475,-0.07417100587371084
train_v2_course,degree_id,35.111,631,start_total_in_credits,points,0.18052644139125568,0.1853162527323303
train_v2_course,degree_id,35.111,631,start_total_in_credits,final_mark,0.18678903943869882,0.1865030480089739
train_v2_course,degree_id,35.111,631,start_total_in_credits,is_fail,-0.09998179555137714,-0.09732916512765952
train_v2_course,degree_id,35.111,631,start_total_in_courses,points,0.17603398434009976,0.17903506153967141
train_v2_course,degree_id,35.111,631,start_total_in_courses,final_mark,0.18228803075081756,0.17995740566872773
train_v2_course,degree_id,35.111,631,start_total_in_courses,is_fail,-0.0962556538964584,-0.09369961365802225
train_v2_course,degree_id,35.111,631,total_reg_credits,points,0.11379028843866143,0.12398654311661579
train_v2_course,degree_id,35.111,631,total_reg_credits,final_mark,0.11510501224734604,0.12444493227797829
train_v2_course,degree_id,35.111,631,total_reg_credits,is_fail,-0.07429773874081198,-0.07138847697193101
train_v2_course,degree_id,35.111,631,total_reg_courses,points,0.1101795560193784,0.1209940947897144
train_v2_course,degree_id,35.111,631,total_reg_courses,final_mark,0.11155221717173947,0.12122997735974585
train_v2_course,degree_id,35.111,631,total_reg_courses,is_fail,-0.07091015621729244,-0.06777575618457551
train_v2_course,degree_id,36.111,1964,start_total_in_credits,points,0.22193813449598815,0.24771474774366456
train_v2_course,degree_id,36.111,1964,start_total_in_credits,final_mark,0.24302472176632206,0.25126253868234444
train_v2_course,degree_id,36.111,1964,start_total_in_credits,is_fail,-0.06899027738639976,-0.0656922872013948
train_v2_course,degree_id,36.111,1964,start_total_in_courses,points,0.22214916666328097,0.24685950552628214
train_v2_course,degree_id,36.111,1964,start_total_in_courses,final_mark,0.24321029755129728,0.25045814009357065
train_v2_course,degree_id,36.111,1964,start_total_in_courses,is_fail,-0.06826855930243962,-0.06414624861195073
train_v2_course,degree_id,36.111,1964,total_reg_credits,points,0.15209343045318008,0.18198461178595973
train_v2_course,degree_id,36.111,1964,total_reg_credits,final_mark,0.1706084109136302,0.18442610026167905
train_v2_course,degree_id,36.111,1964,total_reg_credits,is_fail,-0.02639478716659568,-0.023420843889466834
train_v2_course,degree_id,36.111,1964,total_reg_courses,points,0.15425783098052223,0.1836997986417677
train_v2_course,degree_id,36.111,1964,total_reg_courses,final_mark,0.17292180873245416,0.18613464971573063
train_v2_course,degree_id,36.111,1964,total_reg_courses,is_fail,-0.026245149285357733,-0.022179179406081932
train_v2_course,degree_id,37.111,514,start_total_in_credits,points,0.0008442387478240301,0.020814099386443186
train_v2_course,degree_id,37.111,514,start_total_in_credits,final_mark,0.01276485272996545,0.01465353428624997
train_v2_course,degree_id,37.111,514,start_total_in_credits,is_fail,0.05876476942015671,0.06650917042758989
train_v2_course,degree_id,37.111,514,start_total_in_courses,points,1.5906602983080205e-05,0.019079926291510965
train_v2_course,degree_id,37.111,514,start_total_in_courses,final_mark,0.011946672830994605,0.012887151794843926
train_v2_course,degree_id,37.111,514,start_total_in_courses,is_fail,0.05994205366689778,0.06811220860089723
train_v2_course,degree_id,37.111,514,total_reg_credits,points,-0.07403381707342346,-0.045794732051968094
train_v2_course,degree_id,37.111,514,total_reg_credits,final_mark,-0.06294769630481944,-0.05039183480700797
train_v2_course,degree_id,37.111,514,total_reg_credits,is_fail,0.10097560220610981,0.10364917809820992
train_v2_course,degree_id,37.111,514,total_reg_courses,points,-0.07160071358405401,-0.042599227129629824
train_v2_course,degree_id,37.111,514,total_reg_courses,final_mark,-0.060450847545400796,-0.04741527881406308
train_v2_course,degree_id,37.111,514,total_reg_courses,is_fail,0.10007660050090024,0.1011885824607874
train_v2_course,degree_id,39.111,837,start_total_in_credits,points,0.13438261099680895,0.12163834601247164
train_v2_course,degree_id,39.111,837,start_total_in_credits,final_mark,0.1433328516131989,0.126967298082146
train_v2_course,degree_id,39.111,837,start_total_in_credits,is_fail,-0.09846634178464518,-0.08361505748411309
train_v2_course,degree_id,39.111,837,start_total_in_courses,points,0.1349541885339446,0.12260101391337903
train_v2_course,degree_id,39.111,837,start_total_in_courses,final_mark,0.14381849933379562,0.12832294834106442
train_v2_course,degree_id,39.111,837,start_total_in_courses,is_fail,-0.0993302523312747,-0.08569660889372506
train_v2_course,degree_id,39.111,837,total_reg_credits,points,0.11022441263244956,0.10746985718151145
train_v2_course,degree_id,39.111,837,total_reg_credits,final_mark,0.12430631873553392,0.11383752091449273
train_v2_course,degree_id,39.111,837,total_reg_credits,is_fail,-0.08389522932463726,-0.0791296374752536
train_v2_course,degree_id,39.111,837,total_reg_courses,points,0.10957270436924132,0.10616093808966029
train_v2_course,degree_id,39.111,837,total_reg_courses,final_mark,0.12311511266994678,0.11246165075440877
train_v2_course,degree_id,39.111,837,total_reg_courses,is_fail,-0.08334810325248972,-0.07783388239699042
train_v2_course,degree_id,4.111,1621,start_total_in_credits,points,-0.0335152694956129,-0.04263777631274988
train_v2_course,degree_id,4.111,1621,start_total_in_credits,final_mark,-0.05869130248858499,-0.04488317769791303
train_v2_course,degree_id,4.111,1621,start_total_in_credits,is_fail,-0.01783589913894742,-0.02503909241153067
train_v2_course,degree_id,4.111,1621,start_total_in_courses,points,-0.033152743434311537,-0.040297790824938305
train_v2_course,degree_id,4.111,1621,start_total_in_courses,final_mark,-0.05866349837028078,-0.042543101067699596
train_v2_course,degree_id,4.111,1621,start_total_in_courses,is_fail,-0.018647632693496355,-0.02811051139618904
train_v2_course,degree_id,4.111,1621,total_reg_credits,points,-0.14072223067346865,-0.13921761990181514
train_v2_course,degree_id,4.111,1621,total_reg_credits,final_mark,-0.1753423357748248,-0.1408170725873742
train_v2_course,degree_id,4.111,1621,total_reg_credits,is_fail,0.058512811268778255,0.03366424615864045
train_v2_course,degree_id,4.111,1621,total_reg_courses,points,-0.13761929898336367,-0.14030033705110828
train_v2_course,degree_id,4.111,1621,total_reg_courses,final_mark,-0.17244366084261045,-0.14193876611401823
train_v2_course,degree_id,4.111,1621,total_reg_courses,is_fail,0.05499543275827099,0.03188071654065277
train_v2_course,degree_id,40.111,2969,start_total_in_credits,points,0.08355946137890775,0.08578095054643878
train_v2_course,degree_id,40.111,2969,start_total_in_credits,final_mark,0.06697113170978979,0.08470405617801921
train_v2_course,degree_id,40.111,2969,start_total_in_credits,is_fail,-0.09849528522848891,-0.10888278545351576
train_v2_course,degree_id,40.111,2969,start_total_in_courses,points,0.07925272564905292,0.0826954972753168
train_v2_course,degree_id,40.111,2969,start_total_in_courses,final_mark,0.062461469033083146,0.08148516689140443
train_v2_course,degree_id,40.111,2969,start_total_in_courses,is_fail,-0.09530278010340267,-0.10705212821688631
train_v2_course,degree_id,40.111,2969,total_reg_credits,points,-0.007769815098933664,-0.003484088896072467
train_v2_course,degree_id,40.111,2969,total_reg_credits,final_mark,-0.01472093011976511,-0.0007850561000671987
train_v2_course,degree_id,40.111,2969,total_reg_credits,is_fail,-0.04465112838972565,-0.05397639879940155
train_v2_course,degree_id,40.111,2969,total_reg_courses,points,-0.010632540570337275,-0.010709003094503343
train_v2_course,degree_id,40.111,2969,total_reg_courses,final_mark,-0.018082986907685842,-0.008194588816731078
train_v2_course,degree_id,40.111,2969,total_reg_courses,is_fail,-0.04220073664667774,-0.04932036567756388
train_v2_course,degree_id,41.111,9582,start_total_in_credits,points,0.00981627675146789,-0.03463465595668434
train_v2_course,degree_id,41.111,9582,start_total_in_credits,final_mark,0.001547587396641687,-0.03549995263074824
train_v2_course,degree_id,41.111,9582,start_total_in_credits,is_fail,-0.047460588382047746,-0.039996154295703086
train_v2_course,degree_id,41.111,9582,start_total_in_courses,points,-0.006090130122932153,-0.04941360382829152
train_v2_course,degree_id,41.111,9582,start_total_in_courses,final_mark,-0.014919753918768734,-0.050263951391121185
train_v2_course,degree_id,41.111,9582,start_total_in_courses,is_fail,-0.03935869348627799,-0.03222288645549572
train_v2_course,degree_id,41.111,9582,total_reg_credits,points,-0.046139452096129234,-0.08833502565793146
train_v2_course,degree_id,41.111,9582,total_reg_credits,final_mark,-0.052661639359373645,-0.08892732268885725
train_v2_course,degree_id,41.111,9582,total_reg_credits,is_fail,-0.0019197369351091034,0.006041973250396918
train_v2_course,degree_id,41.111,9582,total_reg_courses,points,-0.05403069680127876,-0.09994252696196759
train_v2_course,degree_id,41.111,9582,total_reg_courses,final_mark,-0.060680338811354914,-0.10060783479146758
train_v2_course,degree_id,41.111,9582,total_reg_courses,is_fail,0.002819515086646892,0.01133292322092048
train_v2_course,degree_id,42.111,8779,start_total_in_credits,points,0.1373920051393756,0.1262152659515121
train_v2_course,degree_id,42.111,8779,start_total_in_credits,final_mark,0.13546985595356156,0.12635967119209224
train_v2_course,degree_id,42.111,8779,start_total_in_credits,is_fail,-0.11223672073020581,-0.12231804523990479
train_v2_course,degree_id,42.111,8779,start_total_in_courses,points,0.1369448218310456,0.12449541824880397
train_v2_course,degree_id,42.111,8779,start_total_in_courses,final_mark,0.13525036860236464,0.12470487134932128
train_v2_course,degree_id,42.111,8779,start_total_in_courses,is_fail,-0.11075433903558797,-0.12128598698154978
train_v2_course,degree_id,42.111,8779,total_reg_credits,points,0.06960902668455873,0.06787009249193426
train_v2_course,degree_id,42.111,8779,total_reg_credits,final_mark,0.06584410527452406,0.06785665418836094
train_v2_course,degree_id,42.111,8779,total_reg_credits,is_fail,-0.06926306076572213,-0.08284460863811745
train_v2_course,degree_id,42.111,8779,total_reg_courses,points,0.07396209137715298,0.06585957757062814
train_v2_course,degree_id,42.111,8779,total_reg_courses,final_mark,0.07031348429909544,0.06598685985972369
train_v2_course,degree_id,42.111,8779,total_reg_courses,is_fail,-0.07233188795829523,-0.08167983948199309
train_v2_course,degree_id,44.111,6068,start_total_in_credits,points,0.06358383496794233,0.05243628761009772
train_v2_course,degree_id,44.111,6068,start_total_in_credits,final_mark,0.05721480489531024,0.05326991931257728
train_v2_course,degree_id,44.111,6068,start_total_in_credits,is_fail,-0.08031399120065312,-0.08592966643672652
train_v2_course,degree_id,44.111,6068,start_total_in_courses,points,0.06472196877570141,0.0567003482782618
train_v2_course,degree_id,44.111,6068,start_total_in_courses,final_mark,0.0580397957309233,0.05741415209112347
train_v2_course,degree_id,44.111,6068,start_total_in_courses,is_fail,-0.08196700012985834,-0.08658646247113293
train_v2_course,degree_id,44.111,6068,total_reg_credits,points,0.018610263444015954,0.003752308446640421
train_v2_course,degree_id,44.111,6068,total_reg_credits,final_mark,0.010260217543493304,0.0037151767159014485
train_v2_course,degree_id,44.111,6068,total_reg_credits,is_fail,-0.04985215249686417,-0.05583007828462838
train_v2_course,degree_id,44.111,6068,total_reg_courses,points,0.01811305835042058,0.012094622337700383
train_v2_course,degree_id,44.111,6068,total_reg_courses,final_mark,0.00950547262256894,0.011938670217798625
train_v2_course,degree_id,44.111,6068,total_reg_courses,is_fail,-0.049595199315534466,-0.05722030050173962
train_v2_course,degree_id,45.111,1874,start_total_in_credits,points,0.13469541296882,0.10162441732049797
train_v2_course,degree_id,45.111,1874,start_total_in_credits,final_mark,0.12688017363605697,0.10416010245100683
train_v2_course,degree_id,45.111,1874,start_total_in_credits,is_fail,-0.15859685622972713,-0.16670366490546842
train_v2_course,degree_id,45.111,1874,start_total_in_courses,points,0.13376048192558998,0.10058118731826711
train_v2_course,degree_id,45.111,1874,start_total_in_courses,final_mark,0.12572146072954632,0.10319749826442126
train_v2_course,degree_id,45.111,1874,start_total_in_courses,is_fail,-0.15841494571968684,-0.1672641644747865
train_v2_course,degree_id,45.111,1874,total_reg_credits,points,0.02410831984179556,-0.001630259094610117
train_v2_course,degree_id,45.111,1874,total_reg_credits,final_mark,0.010609313356154752,0.0003500444398682553
train_v2_course,degree_id,45.111,1874,total_reg_credits,is_fail,-0.08559986155585272,-0.09538659490735188
train_v2_course,degree_id,45.111,1874,total_reg_courses,points,0.024762474068107908,-0.00239019468430881
train_v2_course,degree_id,45.111,1874,total_reg_courses,final_mark,0.01102360019598794,-0.00029978090466391364
train_v2_course,degree_id,45.111,1874,total_reg_courses,is_fail,-0.08634368950342088,-0.09610853560222701
train_v2_course,degree_id,46.111,1971,start_total_in_credits,points,0.09626570173896634,0.05388624368015979
train_v2_course,degree_id,46.111,1971,start_total_in_credits,final_mark,0.09171854678305295,0.05707824912489372
train_v2_course,degree_id,46.111,1971,start_total_in_credits,is_fail,-0.12194928327790541,-0.12261903531075288
train_v2_course,degree_id,46.111,1971,start_total_in_courses,points,0.09561233711124688,0.052154873897474655
train_v2_course,degree_id,46.111,1971,start_total_in_courses,final_mark,0.09119342908527008,0.05534704508895498
train_v2_course,degree_id,46.111,1971,start_total_in_courses,is_fail,-0.1211108233908226,-0.12170651589194117
train_v2_course,degree_id,46.111,1971,total_reg_credits,points,0.022183758108509966,-0.004071090455424051
train_v2_course,degree_id,46.111,1971,total_reg_credits,final_mark,0.019274545666442128,-0.0005708765896415676
train_v2_course,degree_id,46.111,1971,total_reg_credits,is_fail,-0.07787955613306459,-0.08501389346408526
train_v2_course,degree_id,46.111,1971,total_reg_courses,points,0.022045925998560294,-0.007414020670238681
train_v2_course,degree_id,46.111,1971,total_reg_courses,final_mark,0.019102293536863043,-0.003820598195237911
train_v2_course,degree_id,46.111,1971,total_reg_courses,is_fail,-0.07726880243626084,-0.08298095136353628
train_v2_course,degree_id,47.111,2313,start_total_in_credits,points,0.06594283529179884,0.02758919156880279
train_v2_course,degree_id,47.111,2313,start_total_in_credits,final_mark,0.058843156544158955,0.029921603365259127
train_v2_course,degree_id,47.111,2313,start_total_in_credits,is_fail,-0.08316884324951794,-0.07304536620751646
train_v2_course,degree_id,47.111,2313,start_total_in_courses,points,0.06548807758142004,0.02845042445880696
train_v2_course,degree_id,47.111,2313,start_total_in_courses,final_mark,0.058158975473542936,0.030657667656930197
train_v2_course,degree_id,47.111,2313,start_total_in_courses,is_fail,-0.08209982055779705,-0.07294629558690986
train_v2_course,degree_id,47.111,2313,total_reg_credits,points,-0.024777651425082977,-0.042613251297037545
train_v2_course,degree_id,47.111,2313,total_reg_credits,final_mark,-0.03302370839009539,-0.040193614902271003
train_v2_course,degree_id,47.111,2313,total_reg_credits,is_fail,-0.028779267908315868,-0.03244981078661671
train_v2_course,degree_id,47.111,2313,total_reg_courses,points,-0.024177428928831134,-0.04164213941671214
train_v2_course,degree_id,47.111,2313,total_reg_courses,final_mark,-0.032449268918143634,-0.039397110912389524
train_v2_course,degree_id,47.111,2313,total_reg_courses,is_fail,-0.028657776844542997,-0.030167523698599555
train_v2_course,degree_id,48.111,2068,start_total_in_credits,points,0.13903922743379998,0.09373052145760616
train_v2_course,degree_id,48.111,2068,start_total_in_credits,final_mark,0.12893953323284102,0.09134450536820131
train_v2_course,degree_id,48.111,2068,start_total_in_credits,is_fail,-0.13275281513485154,-0.13196009279023374
train_v2_course,degree_id,48.111,2068,start_total_in_courses,points,0.13828537690921638,0.09350307383971018
train_v2_course,degree_id,48.111,2068,start_total_in_courses,final_mark,0.12818742888541118,0.09109429978034889
train_v2_course,degree_id,48.111,2068,start_total_in_courses,is_fail,-0.13244163197109862,-0.13296741248739277
train_v2_course,degree_id,48.111,2068,total_reg_credits,points,0.047683885091939104,0.023720250870510818
train_v2_course,degree_id,48.111,2068,total_reg_credits,final_mark,0.03523132944775809,0.021088904292380146
train_v2_course,degree_id,48.111,2068,total_reg_credits,is_fail,-0.08491413603831682,-0.0964892236532576
train_v2_course,degree_id,48.111,2068,total_reg_courses,points,0.04788800735973856,0.02449929995343821
train_v2_course,degree_id,48.111,2068,total_reg_courses,final_mark,0.035552019337507956,0.02192266017889258
train_v2_course,degree_id,48.111,2068,total_reg_courses,is_fail,-0.08489558449632945,-0.09719692727737463
train_v2_course,degree_id,49.111,981,start_total_in_credits,points,0.24666141911517078,0.2358649345466926
train_v2_course,degree_id,49.111,981,start_total_in_credits,final_mark,0.2403692187303693,0.23781395044988193
train_v2_course,degree_id,49.111,981,start_total_in_credits,is_fail,-0.21327393300620862,-0.22402790452290075
train_v2_course,degree_id,49.111,981,start_total_in_courses,points,0.24681114280822025,0.23614025114338377
train_v2_course,degree_id,49.111,981,start_total_in_courses,final_mark,0.24055052927163648,0.23812892140635392
train_v2_course,degree_id,49.111,981,start_total_in_courses,is_fail,-0.21307970930462833,-0.22463322461171545
train_v2_course,degree_id,49.111,981,total_reg_credits,points,0.05468911204933566,0.03182842934938834
train_v2_course,degree_id,49.111,981,total_reg_credits,final_mark,0.06174958331673123,0.03554479139128378
train_v2_course,degree_id,49.111,981,total_reg_credits,is_fail,-0.08716599306126989,-0.08750605841929668
train_v2_course,degree_id,49.111,981,total_reg_courses,points,0.056754703499560216,0.03471502481328238
train_v2_course,degree_id,49.111,981,total_reg_courses,final_mark,0.06338648654212217,0.038441139400651
train_v2_course,degree_id,49.111,981,total_reg_courses,is_fail,-0.08922746360807098,-0.09090254004164584
train_v2_course,degree_id,5.111,625,start_total_in_credits,points,0.30051822446487764,0.2559012879413989
train_v2_course,degree_id,5.111,625,start_total_in_credits,final_mark,0.28489519529235374,0.25343486242736524
train_v2_course,degree_id,5.111,625,start_total_in_credits,is_fail,-0.24286107534046092,-0.24027360721047605
train_v2_course,degree_id,5.111,625,start_total_in_courses,points,0.2983099468035946,0.25326488232673766
train_v2_course,degree_id,5.111,625,start_total_in_courses,final_mark,0.28305261520989927,0.25077144672310375
train_v2_course,degree_id,5.111,625,start_total_in_courses,is_fail,-0.24207128696070312,-0.2401246786575914
train_v2_course,degree_id,5.111,625,total_reg_credits,points,0.13840372619148147,0.11562460027715862
train_v2_course,degree_id,5.111,625,total_reg_credits,final_mark,0.10871359115690855,0.10785700487872575
train_v2_course,degree_id,5.111,625,total_reg_credits,is_fail,-0.10067858300483533,-0.11531064706025405
train_v2_course,degree_id,5.111,625,total_reg_courses,points,0.1469916465698255,0.1235891130166642
train_v2_course,degree_id,5.111,625,total_reg_courses,final_mark,0.11873978656306416,0.11601101677789671
train_v2_course,degree_id,5.111,625,total_reg_courses,is_fail,-0.1084253563729329,-0.120506848170297
train_v2_course,degree_id,50.111,2061,start_total_in_credits,points,0.20129912543744125,0.20165726566521508
train_v2_course,degree_id,50.111,2061,start_total_in_credits,final_mark,0.20837155876920815,0.20462059568281563
train_v2_course,degree_id,50.111,2061,start_total_in_credits,is_fail,-0.1381374503122258,-0.13848492184749195
train_v2_course,degree_id,50.111,2061,start_total_in_courses,points,0.20194533880301188,0.20211905909177794
train_v2_course,degree_id,50.111,2061,start_total_in_courses,final_mark,0.20937783200684054,0.20511232004192423
train_v2_course,degree_id,50.111,2061,start_total_in_courses,is_fail,-0.13797194658395465,-0.13880164525976071
train_v2_course,degree_id,50.111,2061,total_reg_credits,points,0.128288687531641,0.12826951726359137
train_v2_course,degree_id,50.111,2061,total_reg_credits,final_mark,0.13801852579473808,0.13010315887066093
train_v2_course,degree_id,50.111,2061,total_reg_credits,is_fail,-0.0766747879843751,-0.07195133626338583
train_v2_course,degree_id,50.111,2061,total_reg_courses,points,0.12545937224906792,0.1265868392969954
train_v2_course,degree_id,50.111,2061,total_reg_courses,final_mark,0.1355363608388465,0.1286238393011488
train_v2_course,degree_id,50.111,2061,total_reg_courses,is_fail,-0.07455462702262376,-0.07123622471125189
train_v2_course,degree_id,52.111,271,start_total_in_credits,points,-0.08660718941665972,-0.06447468204546217
train_v2_course,degree_id,52.111,271,start_total_in_credits,final_mark,-0.09773690107061413,-0.06188762004253777
train_v2_course,degree_id,52.111,271,start_total_in_credits,is_fail,0.06822038215340405,0.04476352609723399
train_v2_course,degree_id,52.111,271,start_total_in_courses,points,-0.08481467953503898,-0.0638300768203536
train_v2_course,degree_id,52.111,271,start_total_in_courses,final_mark,-0.09619247626963298,-0.06116060115978106
train_v2_course,degree_id,52.111,271,start_total_in_courses,is_fail,0.065463334279717,0.04116781141927641
train_v2_course,degree_id,52.111,271,total_reg_credits,points,-0.14378271080718635,-0.11100022137332223
train_v2_course,degree_id,52.111,271,total_reg_credits,final_mark,-0.18100261350734181,-0.11122766707833187
train_v2_course,degree_id,52.111,271,total_reg_credits,is_fail,0.10061229240108693,0.0774207436312281
train_v2_course,degree_id,52.111,271,total_reg_courses,points,-0.14432783750332448,-0.1187325484830255
train_v2_course,degree_id,52.111,271,total_reg_courses,final_mark,-0.18159449408835723,-0.1188042799114969
train_v2_course,degree_id,52.111,271,total_reg_courses,is_fail,0.09897547275752083,0.0817325328020961
train_v2_course,degree_id,53.111,990,start_total_in_credits,points,0.044020877958244144,0.019243908172931097
train_v2_course,degree_id,53.111,990,start_total_in_credits,final_mark,0.03570926383291608,0.021800888821726004
train_v2_course,degree_id,53.111,990,start_total_in_credits,is_fail,-0.08330349786557703,-0.08866512353399551
train_v2_course,degree_id,53.111,990,start_total_in_courses,points,0.0412899205571736,0.013445222602674119
train_v2_course,degree_id,53.111,990,start_total_in_courses,final_mark,0.03346854075763734,0.016017575052788172
train_v2_course,degree_id,53.111,990,start_total_in_courses,is_fail,-0.08009931318173766,-0.08355708868073385
train_v2_course,degree_id,53.111,990,total_reg_credits,points,-0.02129898504270701,-0.0458104883631849
train_v2_course,degree_id,53.111,990,total_reg_credits,final_mark,-0.034286647043044446,-0.043475902147994946
train_v2_course,degree_id,53.111,990,total_reg_credits,is_fail,-0.06094317185671543,-0.06852424774226766
train_v2_course,degree_id,53.111,990,total_reg_courses,points,-0.023802983002267786,-0.052912573845530136
train_v2_course,degree_id,53.111,990,total_reg_courses,final_mark,-0.036206001889476785,-0.05065743110833407
train_v2_course,degree_id,53.111,990,total_reg_courses,is_fail,-0.05777987193809523,-0.06393451895277576
train_v2_course,degree_id,54.111,326,start_total_in_credits,points,0.0524530732710968,0.06165628452479636
train_v2_course,degree_id,54.111,326,start_total_in_credits,final_mark,0.06413127567501119,0.051334944294402204
train_v2_course,degree_id,54.111,326,start_total_in_credits,is_fail,0.001998439552757758,0.0021210342842676523
train_v2_course,degree_id,54.111,326,start_total_in_courses,points,0.056929907280880945,0.06926944107652071
train_v2_course,degree_id,54.111,326,start_total_in_courses,final_mark,0.06925689979174825,0.05892609578283697
train_v2_course,degree_id,54.111,326,start_total_in_courses,is_fail,0.0017355758861490598,-0.001091410750842749
train_v2_course,degree_id,54.111,326,total_reg_credits,points,0.10575020874887633,0.05458089355481294
train_v2_course,degree_id,54.111,326,total_reg_credits,final_mark,0.1283991616408978,0.04052601370954311
train_v2_course,degree_id,54.111,326,total_reg_credits,is_fail,0.01985114425021655,0.02740232217056117
train_v2_course,degree_id,54.111,326,total_reg_courses,points,0.13062272434417752,0.07705187531520238
train_v2_course,degree_id,54.111,326,total_reg_courses,final_mark,0.1540088396175813,0.06311496227913634
train_v2_course,degree_id,54.111,326,total_reg_courses,is_fail,0.010192955802491414,0.02095493791207844
train_v2_course,degree_id,55.111,1163,start_total_in_credits,points,0.07699619863644538,0.061483560919645956
train_v2_course,degree_id,55.111,1163,start_total_in_credits,final_mark,0.06699218886350555,0.05909850922263005
train_v2_course,degree_id,55.111,1163,start_total_in_credits,is_fail,-0.0533041147298124,-0.06608620662808401
train_v2_course,degree_id,55.111,1163,start_total_in_courses,points,0.07828958278226396,0.06281107658673228
train_v2_course,degree_id,55.111,1163,start_total_in_courses,final_mark,0.06848916381714289,0.06049365762877403
train_v2_course,degree_id,55.111,1163,start_total_in_courses,is_fail,-0.053561732159367825,-0.06651239662994933
train_v2_course,degree_id,55.111,1163,total_reg_credits,points,0.01985120865877713,-0.0007908514930158086
train_v2_course,degree_id,55.111,1163,total_reg_credits,final_mark,0.0020685814304070675,-0.0025830295259678324
train_v2_course,degree_id,55.111,1163,total_reg_credits,is_fail,-0.0358191704732531,-0.039550597899529104
train_v2_course,degree_id,55.111,1163,total_reg_courses,points,0.02060152602983438,0.0010535620739265217
train_v2_course,degree_id,55.111,1163,total_reg_courses,final_mark,0.002964097422065456,-0.0005456586758721982
train_v2_course,degree_id,55.111,1163,total_reg_courses,is_fail,-0.0355060573918301,-0.04031976156619277
train_v2_course,degree_id,56.111,339,start_total_in_credits,points,0.05239932813461761,0.05627677312506402
train_v2_course,degree_id,56.111,339,start_total_in_credits,final_mark,0.0358373977694743,0.05867106888509608
train_v2_course,degree_id,56.111,339,start_total_in_credits,is_fail,-0.11389103498256671,-0.1283559771634451
train_v2_course,degree_id,56.111,339,start_total_in_courses,points,0.047606486199746965,0.0532451409545786
train_v2_course,degree_id,56.111,339,start_total_in_courses,final_mark,0.03066219592157612,0.05561755152540522
train_v2_course,degree_id,56.111,339,start_total_in_courses,is_fail,-0.1120356358713548,-0.12808442758317032
train_v2_course,degree_id,56.111,339,total_reg_credits,points,0.013762770579369851,0.0111014730241823
train_v2_course,degree_id,56.111,339,total_reg_credits,final_mark,-0.007067898631205786,0.015198512417402027
train_v2_course,degree_id,56.111,339,total_reg_credits,is_fail,-0.11221258611615309,-0.12374395001869246
train_v2_course,degree_id,56.111,339,total_reg_courses,points,0.012038125743793319,0.005360324165099136
train_v2_course,degree_id,56.111,339,total_reg_courses,final_mark,-0.00897092452867843,0.009673371745792306
train_v2_course,degree_id,56.111,339,total_reg_courses,is_fail,-0.11181480992458269,-0.12330022693032384
train_v2_course,degree_id,6.111,5643,start_total_in_credits,points,0.21844374953243836,0.2022854797461665
train_v2_course,degree_id,6.111,5643,start_total_in_credits,final_mark,0.20919792447311855,0.20204473905919018
train_v2_course,degree_id,6.111,5643,start_total_in_credits,is_fail,-0.17247035980596576,-0.15982690510204517
train_v2_course,degree_id,6.111,5643,start_total_in_courses,points,0.21476047473466034,0.1995428991791125
train_v2_course,degree_id,6.111,5643,start_total_in_courses,final_mark,0.205774480857198,0.19920954915451353
train_v2_course,degree_id,6.111,5643,start_total_in_courses,is_fail,-0.1688238374495453,-0.15662051235658717
train_v2_course,degree_id,6.111,5643,total_reg_credits,points,0.024800745147126924,0.00819675126012433
train_v2_course,degree_id,6.111,5643,total_reg_credits,final_mark,0.010493714568836347,0.007831639161106851
train_v2_course,degree_id,6.111,5643,total_reg_credits,is_fail,-0.04858097241996712,-0.04398657264108066
train_v2_course,degree_id,6.111,5643,total_reg_courses,points,0.029130165558507753,0.01421270071554357
train_v2_course,degree_id,6.111,5643,total_reg_courses,final_mark,0.015031202856211456,0.013802629035794442
train_v2_course,degree_id,6.111,5643,total_reg_courses,is_fail,-0.05123219509510715,-0.04819263700797025
train_v2_course,degree_id,7.111,4225,start_total_in_credits,points,0.23056534178823285,0.2518677321541332
train_v2_course,degree_id,7.111,4225,start_total_in_credits,final_mark,0.2322414572657493,0.24879539955811172
train_v2_course,degree_id,7.111,4225,start_total_in_credits,is_fail,-0.0896247902498182,-0.08405441810967601
train_v2_course,degree_id,7.111,4225,start_total_in_courses,points,0.22943853271686826,0.25384965445158325
train_v2_course,degree_id,7.111,4225,start_total_in_courses,final_mark,0.23117421727669463,0.2508447354565047
train_v2_course,degree_id,7.111,4225,start_total_in_courses,is_fail,-0.08913236895149429,-0.08498128321287575
train_v2_course,degree_id,7.111,4225,total_reg_credits,points,0.1250590498570752,0.15552235340621628
train_v2_course,degree_id,7.111,4225,total_reg_credits,final_mark,0.11716804008299923,0.15111237226349594
train_v2_course,degree_id,7.111,4225,total_reg_credits,is_fail,-0.03146054948231493,-0.03458650538638306
train_v2_course,degree_id,7.111,4225,total_reg_courses,points,0.11489744607050595,0.14641988446991547
train_v2_course,degree_id,7.111,4225,total_reg_courses,final_mark,0.10656232411963792,0.14200007800661382
train_v2_course,degree_id,7.111,4225,total_reg_courses,is_fail,-0.025895661782670165,-0.029419292564686863
train_v2_course,degree_id,8.111,12432,start_total_in_credits,points,0.2608999474559003,0.29805220546623906
train_v2_course,degree_id,8.111,12432,start_total_in_credits,final_mark,0.2620584014932224,0.29765802795183455
train_v2_course,degree_id,8.111,12432,start_total_in_credits,is_fail,-0.10974758273984486,-0.11127020998753412
train_v2_course,degree_id,8.111,12432,start_total_in_courses,points,0.2651892355926866,0.30094263147359585
train_v2_course,degree_id,8.111,12432,start_total_in_courses,final_mark,0.2663325976352034,0.3005697913532895
train_v2_course,degree_id,8.111,12432,start_total_in_courses,is_fail,-0.11241258021906549,-0.11234616083917773
train_v2_course,degree_id,8.111,12432,total_reg_credits,points,0.1346217685587414,0.19135357312266496
train_v2_course,degree_id,8.111,12432,total_reg_credits,final_mark,0.12755841902467172,0.18981021056137917
train_v2_course,degree_id,8.111,12432,total_reg_credits,is_fail,-0.03917095631687387,-0.05324992619011856
train_v2_course,degree_id,8.111,12432,total_reg_courses,points,0.1273196134205425,0.1813241485088295
train_v2_course,degree_id,8.111,12432,total_reg_courses,final_mark,0.11986560675906707,0.17977363488220474
train_v2_course,degree_id,8.111,12432,total_reg_courses,is_fail,-0.03685607298138219,-0.04905853254466622
train_v2_course,progress_quartile,"(-0.001, 31.0]",91351,start_total_in_credits,points,0.02489421590652383,-0.0003242636924061823
train_v2_course,progress_quartile,"(-0.001, 31.0]",91351,start_total_in_credits,final_mark,0.019024297730183683,0.00046230146569429446
train_v2_course,progress_quartile,"(-0.001, 31.0]",91351,start_total_in_credits,is_fail,-0.053722924278953546,-0.050474404559202726
train_v2_course,progress_quartile,"(-0.001, 31.0]",91351,start_total_in_courses,points,0.02126241513066301,-0.003970003551047979
train_v2_course,progress_quartile,"(-0.001, 31.0]",91351,start_total_in_courses,final_mark,0.015088184231714536,-0.0032484835255619906
train_v2_course,progress_quartile,"(-0.001, 31.0]",91351,start_total_in_courses,is_fail,-0.051800313954914225,-0.049557486894696745
train_v2_course,progress_quartile,"(-0.001, 31.0]",91351,total_reg_credits,points,-0.13707717010684822,-0.1312369356351392
train_v2_course,progress_quartile,"(-0.001, 31.0]",91351,total_reg_credits,final_mark,-0.14981104583140695,-0.13134667903290093
train_v2_course,progress_quartile,"(-0.001, 31.0]",91351,total_reg_credits,is_fail,0.06076133480151133,0.0305485312180406
train_v2_course,progress_quartile,"(-0.001, 31.0]",91351,total_reg_courses,points,-0.13959423771937002,-0.1359365456397419
train_v2_course,progress_quartile,"(-0.001, 31.0]",91351,total_reg_courses,final_mark,-0.15293975043309202,-0.13612632717213632
train_v2_course,progress_quartile,"(-0.001, 31.0]",91351,total_reg_courses,is_fail,0.06198136162286839,0.031030474849445242
train_v2_course,progress_quartile,"(121.0, 250.0]",88334,start_total_in_credits,points,0.05217803310908613,0.05852705535881558
train_v2_course,progress_quartile,"(121.0, 250.0]",88334,start_total_in_credits,final_mark,0.054771954417332076,0.05845528324343637
train_v2_course,progress_quartile,"(121.0, 250.0]",88334,start_total_in_credits,is_fail,-0.002678614677586884,-0.005951642681289843
train_v2_course,progress_quartile,"(121.0, 250.0]",88334,start_total_in_courses,points,0.012140070053708627,0.005831518407104948
train_v2_course,progress_quartile,"(121.0, 250.0]",88334,start_total_in_courses,final_mark,0.009054099440170212,0.0059791800152829136
train_v2_course,progress_quartile,"(121.0, 250.0]",88334,start_total_in_courses,is_fail,-0.01819173169183622,-0.013386664940748002
train_v2_course,progress_quartile,"(121.0, 250.0]",88334,total_reg_credits,points,-0.2516420862342066,-0.2516487069431041
train_v2_course,progress_quartile,"(121.0, 250.0]",88334,total_reg_credits,final_mark,-0.2515012040393012,-0.2534354492603381
train_v2_course,progress_quartile,"(121.0, 250.0]",88334,total_reg_credits,is_fail,0.16806221019215825,0.15840232543324087
train_v2_course,progress_quartile,"(121.0, 250.0]",88334,total_reg_courses,points,-0.2582540375802372,-0.2534646096278969
train_v2_course,progress_quartile,"(121.0, 250.0]",88334,total_reg_courses,final_mark,-0.26210207359644944,-0.2549715326894769
train_v2_course,progress_quartile,"(121.0, 250.0]",88334,total_reg_courses,is_fail,0.14919956894908645,0.13683013647052636
train_v2_course,progress_quartile,"(31.0, 73.0]",88603,start_total_in_credits,points,-0.007182506535366984,-0.01564800156955938
train_v2_course,progress_quartile,"(31.0, 73.0]",88603,start_total_in_credits,final_mark,-0.009577299320970251,-0.01581432340069586
train_v2_course,progress_quartile,"(31.0, 73.0]",88603,start_total_in_credits,is_fail,-0.008926000749397003,-0.00849613210656046
train_v2_course,progress_quartile,"(31.0, 73.0]",88603,start_total_in_courses,points,-0.01956935772303082,-0.0323573613313556
train_v2_course,progress_quartile,"(31.0, 73.0]",88603,start_total_in_courses,final_mark,-0.021680416135539827,-0.03249250206677865
train_v2_course,progress_quartile,"(31.0, 73.0]",88603,start_total_in_courses,is_fail,0.0007451491935529189,0.0029701941074769356
train_v2_course,progress_quartile,"(31.0, 73.0]",88603,total_reg_credits,points,-0.3180364425837564,-0.31637302459258887
train_v2_course,progress_quartile,"(31.0, 73.0]",88603,total_reg_credits,final_mark,-0.32647733873063456,-0.31832144838947324
train_v2_course,progress_quartile,"(31.0, 73.0]",88603,total_reg_credits,is_fail,0.21290025214583957,0.18750684510526444
train_v2_course,progress_quartile,"(31.0, 73.0]",88603,total_reg_courses,points,-0.3114538276860196,-0.31129039628729027
train_v2_course,progress_quartile,"(31.0, 73.0]",88603,total_reg_courses,final_mark,-0.31948381048089924,-0.3130725534354633
train_v2_course,progress_quartile,"(31.0, 73.0]",88603,total_reg_courses,is_fail,0.21036863652393795,0.18286506571218067
train_v2_course,progress_quartile,"(73.0, 121.0]",88528,start_total_in_credits,points,0.020410775166337203,0.011667238970752681
train_v2_course,progress_quartile,"(73.0, 121.0]",88528,start_total_in_credits,final_mark,0.015765438807733193,0.01093358470935794
train_v2_course,progress_quartile,"(73.0, 121.0]",88528,start_total_in_credits,is_fail,-0.02781724058404832,-0.027915683702019946
train_v2_course,progress_quartile,"(73.0, 121.0]",88528,start_total_in_courses,points,0.027967597341718806,0.017201214625823264
train_v2_course,progress_quartile,"(73.0, 121.0]",88528,start_total_in_courses,final_mark,0.022093232006927633,0.016825365506575724
train_v2_course,progress_quartile,"(73.0, 121.0]",88528,start_total_in_courses,is_fail,-0.03754671236709154,-0.03745806671459675
train_v2_course,progress_quartile,"(73.0, 121.0]",88528,total_reg_credits,points,-0.30682891598647183,-0.31474699887804375
train_v2_course,progress_quartile,"(73.0, 121.0]",88528,total_reg_credits,final_mark,-0.3120185558350079,-0.3168498404213408
train_v2_course,progress_quartile,"(73.0, 121.0]",88528,total_reg_credits,is_fail,0.1919961953600217,0.17763646686548776
train_v2_course,progress_quartile,"(73.0, 121.0]",88528,total_reg_courses,points,-0.2759918535194131,-0.27576243604281275
train_v2_course,progress_quartile,"(73.0, 121.0]",88528,total_reg_courses,final_mark,-0.2824422562621167,-0.27754648933343923
train_v2_course,progress_quartile,"(73.0, 121.0]",88528,total_reg_courses,is_fail,0.16738661580714323,0.15205083098319996
train_v2_status,year,2020,12772,start_total_in_credits,points,0.1559410051968949,0.1342246474128563
train_v2_status,year,2020,12772,start_total_in_credits,final_mark,0.14920973811301683,0.13268811318142085
train_v2_status,year,2020,12772,start_total_in_credits,is_fail,-0.1387375633525464,-0.13500276250196794
train_v2_status,year,2020,12772,start_total_in_courses,points,0.13860647081276037,0.12293410295580741
train_v2_status,year,2020,12772,start_total_in_courses,final_mark,0.1308179910314393,0.1213635876133243
train_v2_status,year,2020,12772,start_total_in_courses,is_fail,-0.13091123890381876,-0.12538082060711583
train_v2_status,year,2020,12772,total_reg_credits,points,-0.03638719608894171,-0.03934944426029897
train_v2_status,year,2020,12772,total_reg_credits,final_mark,-0.04264358720613138,-0.04266647646507751
train_v2_status,year,2020,12772,total_reg_credits,is_fail,0.012385126180941189,0.0012832906970666406
train_v2_status,year,2020,12772,total_reg_courses,points,-0.05047063045504461,-0.04549768276688581
train_v2_status,year,2020,12772,total_reg_courses,final_mark,-0.05842667893361441,-0.048743925682366976
train_v2_status,year,2020,12772,total_reg_courses,is_fail,0.019312386656113255,0.006740005130262335
train_v2_status,year,2021,14706,start_total_in_credits,points,0.15620231608976737,0.13570961741266832
train_v2_status,year,2021,14706,start_total_in_credits,final_mark,0.15344380874585173,0.13208694875512514
train_v2_status,year,2021,14706,start_total_in_credits,is_fail,-0.1567135208070927,-0.1767331340686491
train_v2_status,year,2021,14706,start_total_in_courses,points,0.13482308240509125,0.12112272338568715
train_v2_status,year,2021,14706,start_total_in_courses,final_mark,0.1301432512255796,0.11699215185341555
train_v2_status,year,2021,14706,start_total_in_courses,is_fail,-0.15556842402182536,-0.17085694267351317
train_v2_status,year,2021,14706,total_reg_credits,points,-0.014828596428284357,-0.02151398173135366
train_v2_status,year,2021,14706,total_reg_credits,final_mark,-0.014333245042919425,-0.026209071696296427
train_v2_status,year,2021,14706,total_reg_credits,is_fail,-0.03338626601973475,-0.05788471341286674
train_v2_status,year,2021,14706,total_reg_courses,points,-0.03604904161689665,-0.035352062646879616
train_v2_status,year,2021,14706,total_reg_courses,final_mark,-0.03773011310652082,-0.04044450720627767
train_v2_status,year,2021,14706,total_reg_courses,is_fail,-0.029408646453396747,-0.05220330550805062
train_v2_status,year,2022,15685,start_total_in_credits,points,0.12396430030971302,0.09514768892592415
train_v2_status,year,2022,15685,start_total_in_credits,final_mark,0.11849995330731394,0.08708400644523358
train_v2_status,year,2022,15685,start_total_in_credits,is_fail,-0.1468495095650726,-0.15467174210637932
train_v2_status,year,2022,15685,start_total_in_courses,points,0.09917242288189203,0.08068854933966312
train_v2_status,year,2022,15685,start_total_in_courses,final_mark,0.0901689641158849,0.07233298762675217
train_v2_status,year,2022,15685,start_total_in_courses,is_fail,-0.14339385800139592,-0.14726772505332764
train_v2_status,year,2022,15685,total_reg_credits,points,-0.0579245029398483,-0.06631255598720104
train_v2_status,year,2022,15685,total_reg_credits,final_mark,-0.058368058015733394,-0.07491897937206801
train_v2_status,year,2022,15685,total_reg_credits,is_fail,-0.008470355091545189,-0.02626614215904412
train_v2_status,year,2022,15685,total_reg_courses,points,-0.0856252039354673,-0.08141440313403758
train_v2_status,year,2022,15685,total_reg_courses,final_mark,-0.08906544288875365,-0.09024458593653739
train_v2_status,year,2022,15685,total_reg_courses,is_fail,-1.8816613726105612e-05,-0.01809123452821807
train_v2_status,year,2023,16500,start_total_in_credits,points,0.09973583213546652,0.08791002840638504
train_v2_status,year,2023,16500,start_total_in_credits,final_mark,0.0810761413020824,0.07661615084266385
train_v2_status,year,2023,16500,start_total_in_credits,is_fail,-0.14778192081696867,-0.169800822226206
train_v2_status,year,2023,16500,start_total_in_courses,points,0.10828989625910435,0.09189854835493678
train_v2_status,year,2023,16500,start_total_in_courses,final_mark,0.08715581219266726,0.0804513935283532
train_v2_status,year,2023,16500,start_total_in_courses,is_fail,-0.1612360954490891,-0.1740656323822222
train_v2_status,year,2023,16500,total_reg_credits,points,-0.07971994544176352,-0.06626916914847612
train_v2_status,year,2023,16500,total_reg_credits,final_mark,-0.0942480745161315,-0.07812434364219804
train_v2_status,year,2023,16500,total_reg_credits,is_fail,-0.01056057317733912,-0.04699972735107909
train_v2_status,year,2023,16500,total_reg_courses,points,-0.07529708779344706,-0.06369199104370663
train_v2_status,year,2023,16500,total_reg_courses,final_mark,-0.09247274080783907,-0.07544177149000418
train_v2_status,year,2023,16500,total_reg_courses,is_fail,-0.01958218483034062,-0.0486353284045434
train_v2_status,year,2024,15413,start_total_in_credits,points,0.08391451820125725,0.0674539682719518
train_v2_status,year,2024,15413,start_total_in_credits,final_mark,0.06916484413006702,0.05852650523932283
train_v2_status,year,2024,15413,start_total_in_credits,is_fail,-0.10598240794661015,-0.13268554294074197
train_v2_status,year,2024,15413,start_total_in_courses,points,0.08860521422806425,0.06681337171482282
train_v2_status,year,2024,15413,start_total_in_courses,final_mark,0.07522843298651988,0.058015298165227686
train_v2_status,year,2024,15413,start_total_in_courses,is_fail,-0.11819453467259572,-0.13403093761241183
train_v2_status,year,2024,15413,total_reg_credits,points,-0.1015117295707654,-0.09365249125020643
train_v2_status,year,2024,15413,total_reg_credits,final_mark,-0.10758503725100065,-0.1021308744074854
train_v2_status,year,2024,15413,total_reg_credits,is_fail,0.021547657846185536,-0.01212764600610063
train_v2_status,year,2024,15413,total_reg_courses,points,-0.10024361815696446,-0.09633904920381568
train_v2_status,year,2024,15413,total_reg_courses,final_mark,-0.1052155189112421,-0.10474406306437396
train_v2_status,year,2024,15413,total_reg_courses,is_fail,0.014306023415331664,-0.011888548778276166
train_v2_status,degree_id,1.111,13237,start_total_in_credits,points,0.013778253375411,-0.018743555866585722
train_v2_status,degree_id,1.111,13237,start_total_in_credits,final_mark,-0.0025014616516409057,-0.023526127606900534
train_v2_status,degree_id,1.111,13237,start_total_in_credits,is_fail,-0.1110497523554287,-0.09334649997643375
train_v2_status,degree_id,1.111,13237,start_total_in_courses,points,0.01972472421784147,-0.01290747992733431
train_v2_status,degree_id,1.111,13237,start_total_in_courses,final_mark,0.0031599979100518628,-0.017798247987532313
train_v2_status,degree_id,1.111,13237,start_total_in_courses,is_fail,-0.11424608569506337,-0.09816887888926389
train_v2_status,degree_id,1.111,13237,total_reg_credits,points,-0.22984561378114693,-0.23376463435200193
train_v2_status,degree_id,1.111,13237,total_reg_credits,final_mark,-0.2399755857090478,-0.23899568073899613
train_v2_status,degree_id,1.111,13237,total_reg_credits,is_fail,0.08225925657777307,0.08276247945007914
train_v2_status,degree_id,1.111,13237,total_reg_courses,points,-0.21446277135611433,-0.21845448670122095
train_v2_status,degree_id,1.111,13237,total_reg_courses,final_mark,-0.22527025765901035,-0.22379489079437476
train_v2_status,degree_id,1.111,13237,total_reg_courses,is_fail,0.06896059489532766,0.06901216395088777
train_v2_status,degree_id,10.111,804,start_total_in_credits,points,0.15895812261021083,0.1801679303516533
train_v2_status,degree_id,10.111,804,start_total_in_credits,final_mark,0.1410583808389884,0.17359344978552618
train_v2_status,degree_id,10.111,804,start_total_in_credits,is_fail,-0.03626283474330072,-0.1016393578191926
train_v2_status,degree_id,10.111,804,start_total_in_courses,points,0.1591878403202871,0.18609642535793158
train_v2_status,degree_id,10.111,804,start_total_in_courses,final_mark,0.14140756716595926,0.17974523092748917
train_v2_status,degree_id,10.111,804,start_total_in_courses,is_fail,-0.0397632226687504,-0.1077763096695886
train_v2_status,degree_id,10.111,804,total_reg_credits,points,-0.0107665902830536,0.03810815171774427
train_v2_status,degree_id,10.111,804,total_reg_credits,final_mark,-0.027868191864159866,0.03387368391783125
train_v2_status,degree_id,10.111,804,total_reg_credits,is_fail,0.09934590167528189,0.02054611325035798
train_v2_status,degree_id,10.111,804,total_reg_courses,points,-0.017102512676411837,0.03270128764883115
train_v2_status,degree_id,10.111,804,total_reg_courses,final_mark,-0.032910331290070406,0.028626656726024224
train_v2_status,degree_id,10.111,804,total_reg_courses,is_fail,0.09869691801834173,0.02325073380071335
train_v2_status,degree_id,11.111,2183,start_total_in_credits,points,0.3127869564025309,0.35734605361295635
train_v2_status,degree_id,11.111,2183,start_total_in_credits,final_mark,0.289912041557775,0.3562624759375637
train_v2_status,degree_id,11.111,2183,start_total_in_credits,is_fail,-0.11366132854523446,-0.19216228985915143
train_v2_status,degree_id,11.111,2183,start_total_in_courses,points,0.31724251826293215,0.3617846750703177
train_v2_status,degree_id,11.111,2183,start_total_in_courses,final_mark,0.2954974068418712,0.36107547665236245
train_v2_status,degree_id,11.111,2183,start_total_in_courses,is_fail,-0.1161479208977775,-0.19483282880980865
train_v2_status,degree_id,11.111,2183,total_reg_credits,points,0.17846091725443408,0.2365170663669166
train_v2_status,degree_id,11.111,2183,total_reg_credits,final_mark,0.15671263763200824,0.23330212042098009
train_v2_status,degree_id,11.111,2183,total_reg_credits,is_fail,-0.022417218461060665,-0.11021904898841711
train_v2_status,degree_id,11.111,2183,total_reg_courses,points,0.1700168674947479,0.2244568471239436
train_v2_status,degree_id,11.111,2183,total_reg_courses,final_mark,0.1499966219038021,0.2215058850132324
train_v2_status,degree_id,11.111,2183,total_reg_courses,is_fail,-0.01922707008010701,-0.10318996661888444
train_v2_status,degree_id,13.111,12231,start_total_in_credits,points,0.010651949998043002,0.008029122872021618
train_v2_status,degree_id,13.111,12231,start_total_in_credits,final_mark,0.0016942576698173188,0.0037828706098566216
train_v2_status,degree_id,13.111,12231,start_total_in_credits,is_fail,-0.04975853104878414,-0.060207334459853164
train_v2_status,degree_id,13.111,12231,start_total_in_courses,points,0.0008651391071387283,-0.0007888265993467924
train_v2_status,degree_id,13.111,12231,start_total_in_courses,final_mark,-0.008058009950624853,-0.005180506805446072
train_v2_status,degree_id,13.111,12231,start_total_in_courses,is_fail,-0.043407353263588355,-0.054263192047498035
train_v2_status,degree_id,13.111,12231,total_reg_credits,points,-0.2593632595422965,-0.2623238716936573
train_v2_status,degree_id,13.111,12231,total_reg_credits,final_mark,-0.2641962981039688,-0.26656997639657987
train_v2_status,degree_id,13.111,12231,total_reg_credits,is_fail,0.17037376909067778,0.15919441609293747
train_v2_status,degree_id,13.111,12231,total_reg_courses,points,-0.2623238545556624,-0.2645294022225563
train_v2_status,degree_id,13.111,12231,total_reg_courses,final_mark,-0.2674695234506012,-0.26905054463211736
train_v2_status,degree_id,13.111,12231,total_reg_courses,is_fail,0.17222410391359996,0.16078371752084153
train_v2_status,degree_id,2.111,15172,start_total_in_credits,points,0.052568514286142023,0.06960002723934712
train_v2_status,degree_id,2.111,15172,start_total_in_credits,final_mark,0.04511260760364978,0.059471546022298885
train_v2_status,degree_id,2.111,15172,start_total_in_credits,is_fail,-0.045328092468802206,-0.10985364181960025
train_v2_status,degree_id,2.111,15172,start_total_in_courses,points,0.04648003547879224,0.0674232906500067
train_v2_status,degree_id,2.111,15172,start_total_in_courses,final_mark,0.03929279334006931,0.0572664357409538
train_v2_status,degree_id,2.111,15172,start_total_in_courses,is_fail,-0.044070600746984254,-0.10883430520375433
train_v2_status,degree_id,2.111,15172,total_reg_credits,points,-0.1314839838349783,-0.09861297644135036
train_v2_status,degree_id,2.111,15172,total_reg_credits,final_mark,-0.13065500541393038,-0.10812178810897932
train_v2_status,degree_id,2.111,15172,total_reg_credits,is_fail,0.08487267068385068,0.021277667479345706
train_v2_status,degree_id,2.111,15172,total_reg_courses,points,-0.13767802838077892,-0.10469496394541858
train_v2_status,degree_id,2.111,15172,total_reg_courses,final_mark,-0.13629794073620213,-0.11404576442989982
train_v2_status,degree_id,2.111,15172,total_reg_courses,is_fail,0.08990898534958558,0.027480794484156836
train_v2_status,degree_id,20.111,307,start_total_in_credits,points,0.37402969976502326,0.353674934922229
train_v2_status,degree_id,20.111,307,start_total_in_credits,final_mark,0.36470374092971997,0.3416812289313576
train_v2_status,degree_id,20.111,307,start_total_in_credits,is_fail,-0.32394922919455177,-0.3119837479216661
train_v2_status,degree_id,20.111,307,start_total_in_courses,points,0.38151282119286584,0.3646603297646921
train_v2_status,degree_id,20.111,307,start_total_in_courses,final_mark,0.3734541571061752,0.35349114206898674
train_v2_status,degree_id,20.111,307,start_total_in_courses,is_fail,-0.3283516111092984,-0.31709330857851953
train_v2_status,degree_id,20.111,307,total_reg_credits,points,0.15301403862487584,0.1087997701038756
train_v2_status,degree_id,20.111,307,total_reg_credits,final_mark,0.1344688956445819,0.09400048921782111
train_v2_status,degree_id,20.111,307,total_reg_credits,is_fail,-0.15738739215629008,-0.14048663976717235
train_v2_status,degree_id,20.111,307,total_reg_courses,points,0.15411276328167284,0.10828164359958718
train_v2_status,degree_id,20.111,307,total_reg_courses,final_mark,0.13614986807887944,0.09443252314952223
train_v2_status,degree_id,20.111,307,total_reg_courses,is_fail,-0.15851144909930484,-0.13534142300599594
train_v2_status,degree_id,21.111,657,start_total_in_credits,points,0.24895516731552486,0.22948177168779477
train_v2_status,degree_id,21.111,657,start_total_in_credits,final_mark,0.244208751162432,0.2249804354383051
train_v2_status,degree_id,21.111,657,start_total_in_credits,is_fail,-0.24872682088282275,-0.25056149310188863
train_v2_status,degree_id,21.111,657,start_total_in_courses,points,0.24487322285725904,0.2261966200530136
train_v2_status,degree_id,21.111,657,start_total_in_courses,final_mark,0.24128535412137972,0.22208282527401274
train_v2_status,degree_id,21.111,657,start_total_in_courses,is_fail,-0.24583966645065045,-0.24932827197808244
train_v2_status,degree_id,21.111,657,total_reg_credits,points,0.024267838435802595,0.034204692373989806
train_v2_status,degree_id,21.111,657,total_reg_credits,final_mark,0.024108144841977982,0.02586650600533178
train_v2_status,degree_id,21.111,657,total_reg_credits,is_fail,-0.07788473902894738,-0.09384973313555327
train_v2_status,degree_id,21.111,657,total_reg_courses,points,0.02230704666483289,0.024069724057068972
train_v2_status,degree_id,21.111,657,total_reg_courses,final_mark,0.022203181351304422,0.016207458374187852
train_v2_status,degree_id,21.111,657,total_reg_courses,is_fail,-0.07579717464731534,-0.09048921583512377
train_v2_status,degree_id,22.111,506,start_total_in_credits,points,-0.02359446671633844,0.021374021160178853
train_v2_status,degree_id,22.111,506,start_total_in_credits,final_mark,-0.05805027887645747,0.02051328099692685
train_v2_status,degree_id,22.111,506,start_total_in_credits,is_fail,0.03313561622778733,-0.02957822118502518
train_v2_status,degree_id,22.111,506,start_total_in_courses,points,-0.018905714425022372,0.024934649097307252
train_v2_status,degree_id,22.111,506,start_total_in_courses,final_mark,-0.05318400246547971,0.023707103182602125
train_v2_status,degree_id,22.111,506,start_total_in_courses,is_fail,0.02888650059234336,-0.032599542568542444
train_v2_status,degree_id,22.111,506,total_reg_credits,points,-0.12015405715332701,-0.041613582533554724
train_v2_status,degree_id,22.111,506,total_reg_credits,final_mark,-0.18403979265111403,-0.0468186660300559
train_v2_status,degree_id,22.111,506,total_reg_credits,is_fail,0.12466399864917584,0.025940817295831527
train_v2_status,degree_id,22.111,506,total_reg_courses,points,-0.12018495114614694,-0.04704091495660647
train_v2_status,degree_id,22.111,506,total_reg_courses,final_mark,-0.1814432943148889,-0.05278005763431195
train_v2_status,degree_id,22.111,506,total_reg_courses,is_fail,0.124448116137739,0.0315202459230745
train_v2_status,degree_id,24.111,4465,start_total_in_credits,points,0.285467974717331,0.29816151088566634
train_v2_status,degree_id,24.111,4465,start_total_in_credits,final_mark,0.28253857166596197,0.29843181035698185
train_v2_status,degree_id,24.111,4465,start_total_in_credits,is_fail,-0.21277084831417944,-0.2353933018821846
train_v2_status,degree_id,24.111,4465,start_total_in_courses,points,0.2854565793811277,0.2973137429176218
train_v2_status,degree_id,24.111,4465,start_total_in_courses,final_mark,0.2824033673620552,0.29735380369529063
train_v2_status,degree_id,24.111,4465,start_total_in_courses,is_fail,-0.21296315406010968,-0.23480035483938944
train_v2_status,degree_id,24.111,4465,total_reg_credits,points,0.09221785940187738,0.10222837040978004
train_v2_status,degree_id,24.111,4465,total_reg_credits,final_mark,0.08790656011697927,0.09820705179481151
train_v2_status,degree_id,24.111,4465,total_reg_credits,is_fail,-0.08371037278118312,-0.10664707176297526
train_v2_status,degree_id,24.111,4465,total_reg_courses,points,0.0876888836258379,0.09784999115643886
train_v2_status,degree_id,24.111,4465,total_reg_courses,final_mark,0.0831293003719357,0.09358462650182277
train_v2_status,degree_id,24.111,4465,total_reg_courses,is_fail,-0.08019997655170112,-0.10318392020146062
train_v2_status,degree_id,26.111,1758,start_total_in_credits,points,0.285064561185168,0.293590491016123
train_v2_status,degree_id,26.111,1758,start_total_in_credits,final_mark,0.28028841693069967,0.28737454953019614
train_v2_status,degree_id,26.111,1758,start_total_in_credits,is_fail,-0.19219127430099583,-0.22512858658233945
train_v2_status,degree_id,26.111,1758,start_total_in_courses,points,0.28696039977206655,0.29514032056448797
train_v2_status,degree_id,26.111,1758,start_total_in_courses,final_mark,0.2823346661616376,0.2887659763820716
train_v2_status,degree_id,26.111,1758,start_total_in_courses,is_fail,-0.19271223208637592,-0.2255790602225435
train_v2_status,degree_id,26.111,1758,total_reg_credits,points,0.13267193671755945,0.13190525160324915
train_v2_status,degree_id,26.111,1758,total_reg_credits,final_mark,0.12313485018880647,0.12473144974876538
train_v2_status,degree_id,26.111,1758,total_reg_credits,is_fail,-0.08685337477725466,-0.10458921224505674
train_v2_status,degree_id,26.111,1758,total_reg_courses,points,0.13747427982143495,0.13679453230339703
train_v2_status,degree_id,26.111,1758,total_reg_courses,final_mark,0.12804570636976628,0.12932672130442174
train_v2_status,degree_id,26.111,1758,total_reg_courses,is_fail,-0.09033838236887451,-0.11016625850982838
train_v2_status,degree_id,27.111,902,start_total_in_credits,points,0.2559524414073143,0.2648840053432069
train_v2_status,degree_id,27.111,902,start_total_in_credits,final_mark,0.247540741758908,0.26357340821167713
train_v2_status,degree_id,27.111,902,start_total_in_credits,is_fail,-0.2224836300805265,-0.26242079166877846
train_v2_status,degree_id,27.111,902,start_total_in_courses,points,0.2562103704486993,0.2651126766858739
train_v2_status,degree_id,27.111,902,start_total_in_courses,final_mark,0.24781304058689882,0.2639634850799917
train_v2_status,degree_id,27.111,902,start_total_in_courses,is_fail,-0.22302145435281007,-0.2631920323821876
train_v2_status,degree_id,27.111,902,total_reg_credits,points,0.09821034854877313,0.09536810255167419
train_v2_status,degree_id,27.111,902,total_reg_credits,final_mark,0.09065073380921701,0.09647804586103245
train_v2_status,degree_id,27.111,902,total_reg_credits,is_fail,-0.13157320193763655,-0.1594521269425028
train_v2_status,degree_id,27.111,902,total_reg_courses,points,0.10031058384677412,0.09769013081720111
train_v2_status,degree_id,27.111,902,total_reg_courses,final_mark,0.0926018580441108,0.09857927477723591
train_v2_status,degree_id,27.111,902,total_reg_courses,is_fail,-0.13167357403737295,-0.16036293286344505
train_v2_status,degree_id,29.111,1030,start_total_in_credits,points,0.2997558935912833,0.29411564999307294
train_v2_status,degree_id,29.111,1030,start_total_in_credits,final_mark,0.2916449848023347,0.29598802297506865
train_v2_status,degree_id,29.111,1030,start_total_in_credits,is_fail,-0.22565644238009888,-0.23929642761261283
train_v2_status,degree_id,29.111,1030,start_total_in_courses,points,0.2992767675446788,0.29444514901766017
train_v2_status,degree_id,29.111,1030,start_total_in_courses,final_mark,0.29094169107003454,0.2962422336373177
train_v2_status,degree_id,29.111,1030,start_total_in_courses,is_fail,-0.22621632239862108,-0.24041281833837036
train_v2_status,degree_id,29.111,1030,total_reg_credits,points,0.13481433627181236,0.12568776860164907
train_v2_status,degree_id,29.111,1030,total_reg_credits,final_mark,0.12083758059742673,0.12558057721561597
train_v2_status,degree_id,29.111,1030,total_reg_credits,is_fail,-0.13522001724860555,-0.12901600240521993
train_v2_status,degree_id,29.111,1030,total_reg_courses,points,0.13623346035742925,0.12843774020516324
train_v2_status,degree_id,29.111,1030,total_reg_courses,final_mark,0.12206459079338827,0.12803661824792958
train_v2_status,degree_id,29.111,1030,total_reg_courses,is_fail,-0.13489170418732765,-0.13044276740753352
train_v2_status,degree_id,3.111,5563,start_total_in_credits,points,0.21460005772940696,0.20334275804993301
train_v2_status,degree_id,3.111,5563,start_total_in_credits,final_mark,0.1970752177122996,0.20099868190050257
train_v2_status,degree_id,3.111,5563,start_total_in_credits,is_fail,-0.16583751028391605,-0.16167226403692947
train_v2_status,degree_id,3.111,5563,start_total_in_courses,points,0.21140695852042085,0.199441725177622
train_v2_status,degree_id,3.111,5563,start_total_in_courses,final_mark,0.19407985645262776,0.19691948752921312
train_v2_status,degree_id,3.111,5563,start_total_in_courses,is_fail,-0.1627652352679219,-0.15900775145451237
train_v2_status,degree_id,3.111,5563,total_reg_credits,points,0.031937119520669494,0.03388018475252496
train_v2_status,degree_id,3.111,5563,total_reg_credits,final_mark,0.017721669801274913,0.030462377821826234
train_v2_status,degree_id,3.111,5563,total_reg_credits,is_fail,-0.027456394142684495,-0.03251509284157941
train_v2_status,degree_id,3.111,5563,total_reg_courses,points,0.03758670909019764,0.03939678151493005
train_v2_status,degree_id,3.111,5563,total_reg_courses,final_mark,0.02333847953508832,0.03585703508786533
train_v2_status,degree_id,3.111,5563,total_reg_courses,is_fail,-0.03090175438307991,-0.036683548751791265
train_v2_status,degree_id,30.111,429,start_total_in_credits,points,0.35770643082883985,0.3480903852110214
train_v2_status,degree_id,30.111,429,start_total_in_credits,final_mark,0.35882780008416193,0.34887241704537364
train_v2_status,degree_id,30.111,429,start_total_in_credits,is_fail,-0.29681550006845436,-0.3283901155792346
train_v2_status,degree_id,30.111,429,start_total_in_courses,points,0.3562009358853442,0.34756461059223037
train_v2_status,degree_id,30.111,429,start_total_in_courses,final_mark,0.3570817404681283,0.348074088927407
train_v2_status,degree_id,30.111,429,start_total_in_courses,is_fail,-0.29566825972791105,-0.32764584748350023
train_v2_status,degree_id,30.111,429,total_reg_credits,points,0.20613577175493222,0.1871694752422957
train_v2_status,degree_id,30.111,429,total_reg_credits,final_mark,0.2093765344557786,0.18518698072514136
train_v2_status,degree_id,30.111,429,total_reg_credits,is_fail,-0.17597638367906537,-0.19525786859922095
train_v2_status,degree_id,30.111,429,total_reg_courses,points,0.21305910087938779,0.19299364214471987
train_v2_status,degree_id,30.111,429,total_reg_courses,final_mark,0.21648430145103797,0.19169521372939277
train_v2_status,degree_id,30.111,429,total_reg_courses,is_fail,-0.18102803977076531,-0.20012533207492478
train_v2_status,degree_id,31.111,328,start_total_in_credits,points,0.40230931345799387,0.4027956726499046
train_v2_status,degree_id,31.111,328,start_total_in_credits,final_mark,0.38561585412049815,0.3915107860524691
train_v2_status,degree_id,31.111,328,start_total_in_credits,is_fail,-0.384783165279596,-0.41741966258417446
train_v2_status,degree_id,31.111,328,start_total_in_courses,points,0.4031274995359796,0.40294960827565374
train_v2_status,degree_id,31.111,328,start_total_in_courses,final_mark,0.38680932010419583,0.3912676108592167
train_v2_status,degree_id,31.111,328,start_total_in_courses,is_fail,-0.38504220176313764,-0.41769409103450195
train_v2_status,degree_id,31.111,328,total_reg_credits,points,0.19492632762438197,0.21248926937583917
train_v2_status,degree_id,31.111,328,total_reg_credits,final_mark,0.18922439290207038,0.2012169954951953
train_v2_status,degree_id,31.111,328,total_reg_credits,is_fail,-0.23958288153625104,-0.2583393816378397
train_v2_status,degree_id,31.111,328,total_reg_courses,points,0.20282709630582285,0.21545943804586437
train_v2_status,degree_id,31.111,328,total_reg_courses,final_mark,0.197219970374672,0.20473264492108775
train_v2_status,degree_id,31.111,328,total_reg_courses,is_fail,-0.24392908846918274,-0.2605240461250342
train_v2_status,degree_id,33.111,148,start_total_in_credits,points,0.41152500150195037,0.3795362906764004
train_v2_status,degree_id,33.111,148,start_total_in_credits,final_mark,0.3910506501497319,0.367790579355313
train_v2_status,degree_id,33.111,148,start_total_in_credits,is_fail,-0.2041190355784091,-0.2542512724620502
train_v2_status,degree_id,33.111,148,start_total_in_courses,points,0.41195342274750596,0.3818669722478244
train_v2_status,degree_id,33.111,148,start_total_in_courses,final_mark,0.39266527592619177,0.36956567143598945
train_v2_status,degree_id,33.111,148,start_total_in_courses,is_fail,-0.20323217499559765,-0.2538346646226046
train_v2_status,degree_id,33.111,148,total_reg_credits,points,0.15548542231999232,0.17025978210680376
train_v2_status,degree_id,33.111,148,total_reg_credits,final_mark,0.1320667826466316,0.1426990573238042
train_v2_status,degree_id,33.111,148,total_reg_credits,is_fail,-0.05881050315631114,-0.12529704452374057
train_v2_status,degree_id,33.111,148,total_reg_courses,points,0.16044629077875458,0.17810111552136898
train_v2_status,degree_id,33.111,148,total_reg_courses,final_mark,0.13865449392822712,0.15109939796785482
train_v2_status,degree_id,33.111,148,total_reg_courses,is_fail,-0.06016887031004741,-0.1274333574365148
train_v2_status,degree_id,34.111,423,start_total_in_credits,points,0.3574743915938775,0.3703207687892839
train_v2_status,degree_id,34.111,423,start_total_in_credits,final_mark,0.3660625997878212,0.36980656627505226
train_v2_status,degree_id,34.111,423,start_total_in_credits,is_fail,-0.17090176849822986,-0.1929265802237713
train_v2_status,degree_id,34.111,423,start_total_in_courses,points,0.3547610989549877,0.36579470247618323
train_v2_status,degree_id,34.111,423,start_total_in_courses,final_mark,0.36331065455081374,0.36509431636435974
train_v2_status,degree_id,34.111,423,start_total_in_courses,is_fail,-0.1686232436064761,-0.19025173586853883
train_v2_status,degree_id,34.111,423,total_reg_credits,points,0.2739247685432129,0.28652036987020774
train_v2_status,degree_id,34.111,423,total_reg_credits,final_mark,0.2816997689346868,0.2898320653046509
train_v2_status,degree_id,34.111,423,total_reg_credits,is_fail,-0.11569815613783586,-0.13001872640073064
train_v2_status,degree_id,34.111,423,total_reg_courses,points,0.27349464070479945,0.2859402584610944
train_v2_status,degree_id,34.111,423,total_reg_courses,final_mark,0.2815603256361502,0.2891889527571026
train_v2_status,degree_id,34.111,423,total_reg_courses,is_fail,-0.1147437976912218,-0.1297553072832135
train_v2_status,degree_id,35.111,143,start_total_in_credits,points,0.29417943610352687,0.27313895370566177
train_v2_status,degree_id,35.111,143,start_total_in_credits,final_mark,0.2864807516430484,0.26474917709301565
train_v2_status,degree_id,35.111,143,start_total_in_credits,is_fail,-0.20034202958194194,-0.20537672827973963
train_v2_status,degree_id,35.111,143,start_total_in_courses,points,0.2873793938618001,0.2646004028422621
train_v2_status,degree_id,35.111,143,start_total_in_courses,final_mark,0.28015624533650174,0.25702834698190397
train_v2_status,degree_id,35.111,143,start_total_in_courses,is_fail,-0.19307990461984198,-0.198882956660017
train_v2_status,degree_id,35.111,143,total_reg_credits,points,0.18677265414029567,0.18411553067533715
train_v2_status,degree_id,35.111,143,total_reg_credits,final_mark,0.17965146977234603,0.17938343478395377
train_v2_status,degree_id,35.111,143,total_reg_credits,is_fail,-0.14814799296706513,-0.14810200768188805
train_v2_status,degree_id,35.111,143,total_reg_courses,points,0.1813731770184541,0.1796671668748741
train_v2_status,degree_id,35.111,143,total_reg_courses,final_mark,0.17477668619209288,0.17572132837361684
train_v2_status,degree_id,35.111,143,total_reg_courses,is_fail,-0.14157669610422066,-0.14327832533019969
train_v2_status,degree_id,36.111,424,start_total_in_credits,points,0.3096252581288745,0.31131913219076873
train_v2_status,degree_id,36.111,424,start_total_in_credits,final_mark,0.32779861716764286,0.3309791719083705
train_v2_status,degree_id,36.111,424,start_total_in_credits,is_fail,-0.1117319735284132,-0.12161317450452588
train_v2_status,degree_id,36.111,424,start_total_in_courses,points,0.30904501578490673,0.30952087271283396
train_v2_status,degree_id,36.111,424,start_total_in_courses,final_mark,0.32703851228332514,0.3288697968197326
train_v2_status,degree_id,36.111,424,start_total_in_courses,is_fail,-0.11073852536994003,-0.12095891752413403
train_v2_status,degree_id,36.111,424,total_reg_credits,points,0.2023393408962091,0.2054555613820662
train_v2_status,degree_id,36.111,424,total_reg_credits,final_mark,0.21826784367537852,0.22545554426619938
train_v2_status,degree_id,36.111,424,total_reg_credits,is_fail,-0.04012430716278663,-0.04276016118149639
train_v2_status,degree_id,36.111,424,total_reg_courses,points,0.20406570255770518,0.20652004928721931
train_v2_status,degree_id,36.111,424,total_reg_courses,final_mark,0.2202190874376911,0.22612811151839493
train_v2_status,degree_id,36.111,424,total_reg_courses,is_fail,-0.039544789902848994,-0.043560136667068906
train_v2_status,degree_id,37.111,117,start_total_in_credits,points,0.031792432145220983,0.014409564717971288
train_v2_status,degree_id,37.111,117,start_total_in_credits,final_mark,0.04976813966079183,0.021658474490434194
train_v2_status,degree_id,37.111,117,start_total_in_credits,is_fail,0.06697394738987571,0.044532263396759975
train_v2_status,degree_id,37.111,117,start_total_in_courses,points,0.02944974843673175,0.011802129400843665
train_v2_status,degree_id,37.111,117,start_total_in_courses,final_mark,0.04769946951752719,0.01850385425066879
train_v2_status,degree_id,37.111,117,start_total_in_courses,is_fail,0.06847474295228702,0.04294311288281725
train_v2_status,degree_id,37.111,117,total_reg_credits,points,-0.09119191517730192,-0.10046188947590293
train_v2_status,degree_id,37.111,117,total_reg_credits,final_mark,-0.07625086051545976,-0.09568238961143477
train_v2_status,degree_id,37.111,117,total_reg_credits,is_fail,0.14644935076956025,0.108603556479622
train_v2_status,degree_id,37.111,117,total_reg_courses,points,-0.0880472530534763,-0.0960828967243548
train_v2_status,degree_id,37.111,117,total_reg_courses,final_mark,-0.07263850155162985,-0.09197967286787107
train_v2_status,degree_id,37.111,117,total_reg_courses,is_fail,0.14399495603018997,0.10219188111746247
train_v2_status,degree_id,39.111,216,start_total_in_credits,points,0.1769063725608205,0.16026717809957208
train_v2_status,degree_id,39.111,216,start_total_in_credits,final_mark,0.15708861671698962,0.16429787911770785
train_v2_status,degree_id,39.111,216,start_total_in_credits,is_fail,-0.13034996573299162,-0.12798318846198237
train_v2_status,degree_id,39.111,216,start_total_in_courses,points,0.178590966835826,0.1632952433912163
train_v2_status,degree_id,39.111,216,start_total_in_courses,final_mark,0.1580428228630709,0.16709345169269732
train_v2_status,degree_id,39.111,216,start_total_in_courses,is_fail,-0.13182366414392627,-0.13171550830735418
train_v2_status,degree_id,39.111,216,total_reg_credits,points,0.14973552808974888,0.14893932956470016
train_v2_status,degree_id,39.111,216,total_reg_credits,final_mark,0.14950175808858024,0.15635055763498784
train_v2_status,degree_id,39.111,216,total_reg_credits,is_fail,-0.1100194437880588,-0.11967285535791314
train_v2_status,degree_id,39.111,216,total_reg_courses,points,0.1472590918485263,0.14697925114081548
train_v2_status,degree_id,39.111,216,total_reg_courses,final_mark,0.14558464497530973,0.15444792529395251
train_v2_status,degree_id,39.111,216,total_reg_courses,is_fail,-0.10755917085361762,-0.11851608614203327
train_v2_status,degree_id,4.111,379,start_total_in_credits,points,-0.04961253142690485,-0.05958458374064681
train_v2_status,degree_id,4.111,379,start_total_in_credits,final_mark,-0.08061875717347866,-0.06524833118789954
train_v2_status,degree_id,4.111,379,start_total_in_credits,is_fail,-0.014363509994230507,-0.025989484859899752
train_v2_status,degree_id,4.111,379,start_total_in_courses,points,-0.048817444967447145,-0.053573375490507155
train_v2_status,degree_id,4.111,379,start_total_in_courses,final_mark,-0.0803141372017981,-0.05949950849249784
train_v2_status,degree_id,4.111,379,start_total_in_courses,is_fail,-0.016393236036537175,-0.03140756449733896
train_v2_status,degree_id,4.111,379,total_reg_credits,points,-0.1918129211245776,-0.2004086148036058
train_v2_status,degree_id,4.111,379,total_reg_credits,final_mark,-0.2328870294396312,-0.20792776422555487
train_v2_status,degree_id,4.111,379,total_reg_credits,is_fail,0.09336552673494682,0.06739667806582288
train_v2_status,degree_id,4.111,379,total_reg_courses,points,-0.18592743746320997,-0.20164955342694402
train_v2_status,degree_id,4.111,379,total_reg_courses,final_mark,-0.22752136320142138,-0.20989811868223499
train_v2_status,degree_id,4.111,379,total_reg_courses,is_fail,0.08557610582358673,0.06457954082301035
train_v2_status,degree_id,40.111,719,start_total_in_credits,points,0.08377281485020535,0.10861708224918912
train_v2_status,degree_id,40.111,719,start_total_in_credits,final_mark,0.0662608539284637,0.103073931210264
train_v2_status,degree_id,40.111,719,start_total_in_credits,is_fail,-0.11056196209839272,-0.13539536415984252
train_v2_status,degree_id,40.111,719,start_total_in_courses,points,0.07777244327912018,0.10469342410654345
train_v2_status,degree_id,40.111,719,start_total_in_courses,final_mark,0.06057167452872913,0.09877507073099163
train_v2_status,degree_id,40.111,719,start_total_in_courses,is_fail,-0.10563707152745637,-0.1326489381640007
train_v2_status,degree_id,40.111,719,total_reg_credits,points,-0.031083778555339163,-0.012854796312857528
train_v2_status,degree_id,40.111,719,total_reg_credits,final_mark,-0.024290849802049836,-0.01618713268161812
train_v2_status,degree_id,40.111,719,total_reg_credits,is_fail,-0.03968926391319747,-0.03569199881790774
train_v2_status,degree_id,40.111,719,total_reg_courses,points,-0.035665214912492915,-0.021608644615151277
train_v2_status,degree_id,40.111,719,total_reg_courses,final_mark,-0.02926413710526472,-0.025457762211260556
train_v2_status,degree_id,40.111,719,total_reg_courses,is_fail,-0.035485958676969236,-0.029328032795716722
train_v2_status,degree_id,41.111,2107,start_total_in_credits,points,0.0011325115407702909,-0.028566001715527867
train_v2_status,degree_id,41.111,2107,start_total_in_credits,final_mark,-0.007704832435764174,-0.03621726500405439
train_v2_status,degree_id,41.111,2107,start_total_in_credits,is_fail,-0.060962339727316114,-0.1030487469539097
train_v2_status,degree_id,41.111,2107,start_total_in_courses,points,-0.022825538687367797,-0.04782885120657925
train_v2_status,degree_id,41.111,2107,start_total_in_courses,final_mark,-0.03181543794506728,-0.055920162805158186
train_v2_status,degree_id,41.111,2107,start_total_in_courses,is_fail,-0.04738980079726751,-0.09193991583380118
train_v2_status,degree_id,41.111,2107,total_reg_credits,points,-0.08689004208786953,-0.10948207848215184
train_v2_status,degree_id,41.111,2107,total_reg_credits,final_mark,-0.0905666728216438,-0.11600300078097457
train_v2_status,degree_id,41.111,2107,total_reg_credits,is_fail,0.02089163790271869,-0.016728044293990846
train_v2_status,degree_id,41.111,2107,total_reg_courses,points,-0.09808092049535994,-0.12379799323602239
train_v2_status,degree_id,41.111,2107,total_reg_courses,final_mark,-0.1015369253483574,-0.13110587759466544
train_v2_status,degree_id,41.111,2107,total_reg_courses,is_fail,0.02836693879639209,-0.009054472473381014
train_v2_status,degree_id,42.111,1647,start_total_in_credits,points,0.19928911146108677,0.18670509570825042
train_v2_status,degree_id,42.111,1647,start_total_in_credits,final_mark,0.19449306089745197,0.18453881151672796
train_v2_status,degree_id,42.111,1647,start_total_in_credits,is_fail,-0.17963610744177286,-0.2286598038870871
train_v2_status,degree_id,42.111,1647,start_total_in_courses,points,0.19911887111019827,0.18590332938895238
train_v2_status,degree_id,42.111,1647,start_total_in_courses,final_mark,0.19425672734934696,0.18365535148841322
train_v2_status,degree_id,42.111,1647,start_total_in_courses,is_fail,-0.17810944735004772,-0.2292311495250082
train_v2_status,degree_id,42.111,1647,total_reg_credits,points,0.09211993098295003,0.10475643267179932
train_v2_status,degree_id,42.111,1647,total_reg_credits,final_mark,0.08628161800778916,0.10045482542834877
train_v2_status,degree_id,42.111,1647,total_reg_credits,is_fail,-0.10046057372944761,-0.16960462551795605
train_v2_status,degree_id,42.111,1647,total_reg_courses,points,0.10003930472951587,0.1027703008790582
train_v2_status,degree_id,42.111,1647,total_reg_courses,final_mark,0.09414865622876875,0.09860578339845166
train_v2_status,degree_id,42.111,1647,total_reg_courses,is_fail,-0.10771974734006276,-0.16973414401883904
train_v2_status,degree_id,44.111,1115,start_total_in_credits,points,0.0625450566787462,0.0531577910779498
train_v2_status,degree_id,44.111,1115,start_total_in_credits,final_mark,0.05642541532736159,0.051276327640333866
train_v2_status,degree_id,44.111,1115,start_total_in_credits,is_fail,-0.10023950310523581,-0.156531165471861
train_v2_status,degree_id,44.111,1115,start_total_in_courses,points,0.06346478149053295,0.05567019100140103
train_v2_status,degree_id,44.111,1115,start_total_in_courses,final_mark,0.056732952306426304,0.053403495189444046
train_v2_status,degree_id,44.111,1115,start_total_in_courses,is_fail,-0.1022407695170396,-0.15648458053915515
train_v2_status,degree_id,44.111,1115,total_reg_credits,points,-0.023439564072469637,-0.026971698076561197
train_v2_status,degree_id,44.111,1115,total_reg_credits,final_mark,-0.03293909924734498,-0.031688299983388186
train_v2_status,degree_id,44.111,1115,total_reg_credits,is_fail,-0.03246141137049448,-0.09600398199158122
train_v2_status,degree_id,44.111,1115,total_reg_courses,points,-0.02619319205888491,-0.02001670488788845
train_v2_status,degree_id,44.111,1115,total_reg_courses,final_mark,-0.036424185520569224,-0.025372290222620816
train_v2_status,degree_id,44.111,1115,total_reg_courses,is_fail,-0.03053717200756204,-0.09854565958148231
train_v2_status,degree_id,45.111,404,start_total_in_credits,points,0.18750639358009577,0.15181020382698993
train_v2_status,degree_id,45.111,404,start_total_in_credits,final_mark,0.18350461357620362,0.1509123991837194
train_v2_status,degree_id,45.111,404,start_total_in_credits,is_fail,-0.22733211329910824,-0.2248805942638065
train_v2_status,degree_id,45.111,404,start_total_in_courses,points,0.18601407141628992,0.15136727266813807
train_v2_status,degree_id,45.111,404,start_total_in_courses,final_mark,0.1816711269046094,0.15035785473240645
train_v2_status,degree_id,45.111,404,start_total_in_courses,is_fail,-0.22676605696382174,-0.22589823133962325
train_v2_status,degree_id,45.111,404,total_reg_credits,points,0.03541982675556041,0.006744674306967921
train_v2_status,degree_id,45.111,404,total_reg_credits,final_mark,0.02532128619969982,-0.0029502363933080174
train_v2_status,degree_id,45.111,404,total_reg_credits,is_fail,-0.11864622963342135,-0.1192780722171386
train_v2_status,degree_id,45.111,404,total_reg_courses,points,0.03630714409131653,0.006285130867956634
train_v2_status,degree_id,45.111,404,total_reg_courses,final_mark,0.02592630653273263,-0.0036734791724236976
train_v2_status,degree_id,45.111,404,total_reg_courses,is_fail,-0.11954605978345273,-0.11992088494842121
train_v2_status,degree_id,46.111,398,start_total_in_credits,points,0.15794937392343122,0.08475507204236371
train_v2_status,degree_id,46.111,398,start_total_in_credits,final_mark,0.14931966555722817,0.09063241614794532
train_v2_status,degree_id,46.111,398,start_total_in_credits,is_fail,-0.20914050490130331,-0.1734315777043262
train_v2_status,degree_id,46.111,398,start_total_in_courses,points,0.156584396009774,0.08333013475798162
train_v2_status,degree_id,46.111,398,start_total_in_courses,final_mark,0.14824556419393917,0.0890253895967236
train_v2_status,degree_id,46.111,398,start_total_in_courses,is_fail,-0.20734972338596303,-0.17174255712167638
train_v2_status,degree_id,46.111,398,total_reg_credits,points,0.05875442590871239,0.0028093289519888626
train_v2_status,degree_id,46.111,398,total_reg_credits,final_mark,0.057397991081436686,0.010892743583046073
train_v2_status,degree_id,46.111,398,total_reg_credits,is_fail,-0.14787524924614076,-0.1112014972931422
train_v2_status,degree_id,46.111,398,total_reg_courses,points,0.05840116692888087,-0.0006467514558048576
train_v2_status,degree_id,46.111,398,total_reg_courses,final_mark,0.05702157492296215,0.007483984388152784
train_v2_status,degree_id,46.111,398,total_reg_courses,is_fail,-0.14677936226783175,-0.1088842693251017
train_v2_status,degree_id,47.111,473,start_total_in_credits,points,0.09468909280404963,0.049889650299125954
train_v2_status,degree_id,47.111,473,start_total_in_credits,final_mark,0.07170123773308112,0.04472113957843869
train_v2_status,degree_id,47.111,473,start_total_in_credits,is_fail,-0.13374983611973487,-0.12100570569591236
train_v2_status,degree_id,47.111,473,start_total_in_courses,points,0.09297219552085727,0.04989447236561193
train_v2_status,degree_id,47.111,473,start_total_in_courses,final_mark,0.06957576312522933,0.044469130649799855
train_v2_status,degree_id,47.111,473,start_total_in_courses,is_fail,-0.13065408416246838,-0.12111540470531948
train_v2_status,degree_id,47.111,473,total_reg_credits,points,-0.019626902800237597,-0.04513550494956195
train_v2_status,degree_id,47.111,473,total_reg_credits,final_mark,-0.03455820257351156,-0.05044714376354799
train_v2_status,degree_id,47.111,473,total_reg_credits,is_fail,-0.0578721687169824,-0.052093612931687044
train_v2_status,degree_id,47.111,473,total_reg_courses,points,-0.019354847994252144,-0.04566310526325858
train_v2_status,degree_id,47.111,473,total_reg_courses,final_mark,-0.03451637747623248,-0.05117154913281353
train_v2_status,degree_id,47.111,473,total_reg_courses,is_fail,-0.056819794326032465,-0.05054771726190131
train_v2_status,degree_id,48.111,435,start_total_in_credits,points,0.16753831811974643,0.10994229810954825
train_v2_status,degree_id,48.111,435,start_total_in_credits,final_mark,0.14984399425570433,0.10025005270980884
train_v2_status,degree_id,48.111,435,start_total_in_credits,is_fail,-0.17693364742972645,-0.1746790971066539
train_v2_status,degree_id,48.111,435,start_total_in_courses,points,0.16649733431720642,0.10982104391378081
train_v2_status,degree_id,48.111,435,start_total_in_courses,final_mark,0.1489477861622801,0.09998198140894242
train_v2_status,degree_id,48.111,435,start_total_in_courses,is_fail,-0.1767637659613277,-0.1763395495827593
train_v2_status,degree_id,48.111,435,total_reg_credits,points,0.048829485622523525,0.016837047916985762
train_v2_status,degree_id,48.111,435,total_reg_credits,final_mark,0.03534729407874943,0.002884642585251518
train_v2_status,degree_id,48.111,435,total_reg_credits,is_fail,-0.11355573993048154,-0.1254504663577777
train_v2_status,degree_id,48.111,435,total_reg_courses,points,0.04921915961265887,0.018101595078045346
train_v2_status,degree_id,48.111,435,total_reg_courses,final_mark,0.03594408832080611,0.0044562216617898285
train_v2_status,degree_id,48.111,435,total_reg_courses,is_fail,-0.11373423185716135,-0.126968809879925
train_v2_status,degree_id,49.111,222,start_total_in_credits,points,0.31418539911460025,0.3033224236270054
train_v2_status,degree_id,49.111,222,start_total_in_credits,final_mark,0.2898535590496034,0.30413233629735165
train_v2_status,degree_id,49.111,222,start_total_in_credits,is_fail,-0.2843800858984646,-0.30442235180478217
train_v2_status,degree_id,49.111,222,start_total_in_courses,points,0.31468829751382504,0.3050365865181851
train_v2_status,degree_id,49.111,222,start_total_in_courses,final_mark,0.2905381048807323,0.30571135899165797
train_v2_status,degree_id,49.111,222,start_total_in_courses,is_fail,-0.2843237634620791,-0.30607938455963607
train_v2_status,degree_id,49.111,222,total_reg_credits,points,0.07616512225905467,0.04563502772953642
train_v2_status,degree_id,49.111,222,total_reg_credits,final_mark,0.07490237729686787,0.04765191557592248
train_v2_status,degree_id,49.111,222,total_reg_credits,is_fail,-0.1223947274005089,-0.1193210586161535
train_v2_status,degree_id,49.111,222,total_reg_courses,points,0.07952637105818117,0.05062484729286963
train_v2_status,degree_id,49.111,222,total_reg_courses,final_mark,0.07776694437607275,0.05244770056965982
train_v2_status,degree_id,49.111,222,total_reg_courses,is_fail,-0.12543928115530453,-0.12478439423073734
train_v2_status,degree_id,5.111,142,start_total_in_credits,points,0.42493727565706274,0.3890754267145006
train_v2_status,degree_id,5.111,142,start_total_in_credits,final_mark,0.408939432906458,0.38520468124139357
train_v2_status,degree_id,5.111,142,start_total_in_credits,is_fail,-0.340211863807704,-0.3544446521952515
train_v2_status,degree_id,5.111,142,start_total_in_courses,points,0.4219763739622133,0.3866809052430407
train_v2_status,degree_id,5.111,142,start_total_in_courses,final_mark,0.40603772250047526,0.3825349949488963
train_v2_status,degree_id,5.111,142,start_total_in_courses,is_fail,-0.3385192139986826,-0.35420084366220755
train_v2_status,degree_id,5.111,142,total_reg_credits,points,0.23979533309766704,0.18707287583491994
train_v2_status,degree_id,5.111,142,total_reg_credits,final_mark,0.21851349179152524,0.17752473416524125
train_v2_status,degree_id,5.111,142,total_reg_credits,is_fail,-0.18290459284138227,-0.16999576818948112
train_v2_status,degree_id,5.111,142,total_reg_courses,points,0.25080598822314043,0.1962232832987988
train_v2_status,degree_id,5.111,142,total_reg_courses,final_mark,0.2294940974037805,0.1863690938758309
train_v2_status,degree_id,5.111,142,total_reg_courses,is_fail,-0.19281035866509597,-0.17801039253923168
train_v2_status,degree_id,50.111,450,start_total_in_credits,points,0.30164756128171216,0.29044516159085
train_v2_status,degree_id,50.111,450,start_total_in_credits,final_mark,0.2966396440988432,0.2946492185544996
train_v2_status,degree_id,50.111,450,start_total_in_credits,is_fail,-0.23919940449934468,-0.24367996344918855
train_v2_status,degree_id,50.111,450,start_total_in_courses,points,0.30190253234921727,0.2903855151182831
train_v2_status,degree_id,50.111,450,start_total_in_courses,final_mark,0.2974356359527108,0.2947377720606876
train_v2_status,degree_id,50.111,450,start_total_in_courses,is_fail,-0.2388445054207942,-0.24383700789381144
train_v2_status,degree_id,50.111,450,total_reg_credits,points,0.21546631763564786,0.1948510954277217
train_v2_status,degree_id,50.111,450,total_reg_credits,final_mark,0.22739194869745027,0.19445947367538205
train_v2_status,degree_id,50.111,450,total_reg_credits,is_fail,-0.15662485428674858,-0.14696236438996904
train_v2_status,degree_id,50.111,450,total_reg_courses,points,0.2106873867177972,0.19289456219790493
train_v2_status,degree_id,50.111,450,total_reg_courses,final_mark,0.22335358051692245,0.19329315762278373
train_v2_status,degree_id,50.111,450,total_reg_courses,is_fail,-0.15325345088305764,-0.14643827148870617
train_v2_status,degree_id,53.111,211,start_total_in_credits,points,0.06740833601404855,0.029354765526465706
train_v2_status,degree_id,53.111,211,start_total_in_credits,final_mark,0.05783918515039209,0.03106074229350412
train_v2_status,degree_id,53.111,211,start_total_in_credits,is_fail,-0.13733308398213037,-0.142870943261277
train_v2_status,degree_id,53.111,211,start_total_in_courses,points,0.06395972442975265,0.019883118173705357
train_v2_status,degree_id,53.111,211,start_total_in_courses,final_mark,0.05534612189702887,0.022893655982377796
train_v2_status,degree_id,53.111,211,start_total_in_courses,is_fail,-0.1323213888281281,-0.13438924308195882
train_v2_status,degree_id,53.111,211,total_reg_credits,points,-0.04196977581360496,-0.06864579286121139
train_v2_status,degree_id,53.111,211,total_reg_credits,final_mark,-0.056577833546889326,-0.07179902715031933
train_v2_status,degree_id,53.111,211,total_reg_credits,is_fail,-0.09592817271309033,-0.12048649436914495
train_v2_status,degree_id,53.111,211,total_reg_courses,points,-0.04533793256923904,-0.07915780462866644
train_v2_status,degree_id,53.111,211,total_reg_courses,final_mark,-0.05898054196403126,-0.08172511127230711
train_v2_status,degree_id,53.111,211,total_reg_courses,is_fail,-0.09069176498782291,-0.11487972147965622
train_v2_status,degree_id,55.111,242,start_total_in_credits,points,0.0943923131617198,0.09371465354958104
train_v2_status,degree_id,55.111,242,start_total_in_credits,final_mark,0.08984048245532497,0.08650715002924245
train_v2_status,degree_id,55.111,242,start_total_in_credits,is_fail,-0.031212806933873082,-0.11542926955527746
train_v2_status,degree_id,55.111,242,start_total_in_courses,points,0.09658555626826223,0.09533502438624464
train_v2_status,degree_id,55.111,242,start_total_in_courses,final_mark,0.09231003680928927,0.08837282901413569
train_v2_status,degree_id,55.111,242,start_total_in_courses,is_fail,-0.03237767887670847,-0.1163983942668758
train_v2_status,degree_id,55.111,242,total_reg_credits,points,0.014960262805536273,-0.0045928161130957944
train_v2_status,degree_id,55.111,242,total_reg_credits,final_mark,-0.0068400497883233475,-0.01710432259466089
train_v2_status,degree_id,55.111,242,total_reg_credits,is_fail,-0.02077838015748941,-0.06876911814228963
train_v2_status,degree_id,55.111,242,total_reg_courses,points,0.017161419877965062,-0.0014443729650977938
train_v2_status,degree_id,55.111,242,total_reg_courses,final_mark,-0.004578221206708895,-0.013447861234627745
train_v2_status,degree_id,55.111,242,total_reg_courses,is_fail,-0.021974133759080392,-0.07218205442462185
train_v2_status,degree_id,6.111,1328,start_total_in_credits,points,0.3086743101975054,0.29587799693255884
train_v2_status,degree_id,6.111,1328,start_total_in_credits,final_mark,0.27315995585114305,0.289863418681802
train_v2_status,degree_id,6.111,1328,start_total_in_credits,is_fail,-0.25460342004315295,-0.247938116421461
train_v2_status,degree_id,6.111,1328,start_total_in_courses,points,0.30452727311698463,0.29225006943838855
train_v2_status,degree_id,6.111,1328,start_total_in_courses,final_mark,0.26955345217235543,0.28635126805256916
train_v2_status,degree_id,6.111,1328,start_total_in_courses,is_fail,-0.25007979626060445,-0.24334308950851619
train_v2_status,degree_id,6.111,1328,total_reg_credits,points,0.05429633804290133,0.04022682030266973
train_v2_status,degree_id,6.111,1328,total_reg_credits,final_mark,0.022109806544485036,0.03381624562935602
train_v2_status,degree_id,6.111,1328,total_reg_credits,is_fail,-0.07230002431168803,-0.05970851782077812
train_v2_status,degree_id,6.111,1328,total_reg_courses,points,0.06174500912119584,0.049146228993111545
train_v2_status,degree_id,6.111,1328,total_reg_courses,final_mark,0.029330020802978328,0.0424465014978808
train_v2_status,degree_id,6.111,1328,total_reg_courses,is_fail,-0.07805260305325762,-0.06673832854829229
train_v2_status,degree_id,7.111,907,start_total_in_credits,points,0.3235306756037933,0.34442154952823234
train_v2_status,degree_id,7.111,907,start_total_in_credits,final_mark,0.3011068708511773,0.3477481726189721
train_v2_status,degree_id,7.111,907,start_total_in_credits,is_fail,-0.1297684280746408,-0.1790041066900844
train_v2_status,degree_id,7.111,907,start_total_in_courses,points,0.3217517529992204,0.34689891311034243
train_v2_status,degree_id,7.111,907,start_total_in_courses,final_mark,0.29970958456517643,0.35040774054378027
train_v2_status,degree_id,7.111,907,start_total_in_courses,is_fail,-0.12921383176553672,-0.18052386895004802
train_v2_status,degree_id,7.111,907,total_reg_credits,points,0.17282668966469827,0.20572154045826638
train_v2_status,degree_id,7.111,907,total_reg_credits,final_mark,0.14414920571130133,0.20541371419558288
train_v2_status,degree_id,7.111,907,total_reg_credits,is_fail,-0.040477098296113845,-0.09012124787439875
train_v2_status,degree_id,7.111,907,total_reg_courses,points,0.1577305570729266,0.19232134639370171
train_v2_status,degree_id,7.111,907,total_reg_courses,final_mark,0.12947726914648802,0.19194036104091156
train_v2_status,degree_id,7.111,907,total_reg_courses,is_fail,-0.03252675388495577,-0.08072291356754911
train_v2_status,degree_id,8.111,2624,start_total_in_credits,points,0.3435403237572013,0.394760807433268
train_v2_status,degree_id,8.111,2624,start_total_in_credits,final_mark,0.32423859312171455,0.395596322406114
train_v2_status,degree_id,8.111,2624,start_total_in_credits,is_fail,-0.1554338853703802,-0.23428539636378198
train_v2_status,degree_id,8.111,2624,start_total_in_courses,points,0.348491620093474,0.3991967974988726
train_v2_status,degree_id,8.111,2624,start_total_in_courses,final_mark,0.32923756357037637,0.40010757590433205
train_v2_status,degree_id,8.111,2624,start_total_in_courses,is_fail,-0.15791890244566748,-0.23692495279820353
train_v2_status,degree_id,8.111,2624,total_reg_credits,points,0.15165730763203394,0.2323047721472555
train_v2_status,degree_id,8.111,2624,total_reg_credits,final_mark,0.13011143927457594,0.23218978909314303
train_v2_status,degree_id,8.111,2624,total_reg_credits,is_fail,-0.024161870152881872,-0.12051660951323134
train_v2_status,degree_id,8.111,2624,total_reg_courses,points,0.1389830572298428,0.2159205628649658
train_v2_status,degree_id,8.111,2624,total_reg_courses,final_mark,0.11792565766368115,0.21577159499176854
train_v2_status,degree_id,8.111,2624,total_reg_courses,is_fail,-0.018083937595569973,-0.11051864933018352
train_v2_status,progress_quartile,"(-0.001, 32.0]",19133,start_total_in_credits,points,0.04760873587525424,0.01529198859308629
train_v2_status,progress_quartile,"(-0.001, 32.0]",19133,start_total_in_credits,final_mark,0.04166228812226564,0.010383204446144231
train_v2_status,progress_quartile,"(-0.001, 32.0]",19133,start_total_in_credits,is_fail,-0.09098510918223777,-0.07804384959293569
train_v2_status,progress_quartile,"(-0.001, 32.0]",19133,start_total_in_courses,points,0.043579108274916685,0.010156358403997146
train_v2_status,progress_quartile,"(-0.001, 32.0]",19133,start_total_in_courses,final_mark,0.037587484213619154,0.005379404423449928
train_v2_status,progress_quartile,"(-0.001, 32.0]",19133,start_total_in_courses,is_fail,-0.08781533202082804,-0.07445679093479586
train_v2_status,progress_quartile,"(-0.001, 32.0]",19133,total_reg_credits,points,-0.1914267377039967,-0.184786425998818
train_v2_status,progress_quartile,"(-0.001, 32.0]",19133,total_reg_credits,final_mark,-0.19736962957667284,-0.19270313419731652
train_v2_status,progress_quartile,"(-0.001, 32.0]",19133,total_reg_credits,is_fail,0.1044473278737769,0.06869364781125911
train_v2_status,progress_quartile,"(-0.001, 32.0]",19133,total_reg_courses,points,-0.19245620669065278,-0.18748089532040757
train_v2_status,progress_quartile,"(-0.001, 32.0]",19133,total_reg_courses,final_mark,-0.1991603554172534,-0.1953743960396582
train_v2_status,progress_quartile,"(-0.001, 32.0]",19133,total_reg_courses,is_fail,0.10540793581356128,0.07009360858292953
train_v2_status,progress_quartile,"(126.0, 250.0]",18523,start_total_in_credits,points,0.08557852881161065,0.11324497034093038
train_v2_status,progress_quartile,"(126.0, 250.0]",18523,start_total_in_credits,final_mark,0.09236214093478293,0.10810924748871377
train_v2_status,progress_quartile,"(126.0, 250.0]",18523,start_total_in_credits,is_fail,-0.0004080871610029157,-0.08153569763439686
train_v2_status,progress_quartile,"(126.0, 250.0]",18523,start_total_in_courses,points,-0.005558194556344909,0.004942403223018602
train_v2_status,progress_quartile,"(126.0, 250.0]",18523,start_total_in_courses,final_mark,-0.007354404842514882,0.00010147435785655615
train_v2_status,progress_quartile,"(126.0, 250.0]",18523,start_total_in_courses,is_fail,-0.013227053149844048,-0.03746471970232645
train_v2_status,progress_quartile,"(126.0, 250.0]",18523,total_reg_credits,points,-0.28109989320299217,-0.274377211255814
train_v2_status,progress_quartile,"(126.0, 250.0]",18523,total_reg_credits,final_mark,-0.26317978093092015,-0.2767773132922102
train_v2_status,progress_quartile,"(126.0, 250.0]",18523,total_reg_credits,is_fail,0.22446847743943454,0.20773326894793226
train_v2_status,progress_quartile,"(126.0, 250.0]",18523,total_reg_courses,points,-0.3307635972715954,-0.32814334967484404
train_v2_status,progress_quartile,"(126.0, 250.0]",18523,total_reg_courses,final_mark,-0.31938797322803164,-0.3300115023772987
train_v2_status,progress_quartile,"(126.0, 250.0]",18523,total_reg_courses,is_fail,0.2156430218615998,0.21949224609597406
train_v2_status,progress_quartile,"(32.0, 74.0]",18466,start_total_in_credits,points,-0.012067125005956202,-0.023276136476323935
train_v2_status,progress_quartile,"(32.0, 74.0]",18466,start_total_in_credits,final_mark,-0.013414830959372164,-0.024042343606128988
train_v2_status,progress_quartile,"(32.0, 74.0]",18466,start_total_in_credits,is_fail,-0.019009173231832804,-0.008269324087898874
train_v2_status,progress_quartile,"(32.0, 74.0]",18466,start_total_in_courses,points,-0.029375490756156277,-0.044398074758945937
train_v2_status,progress_quartile,"(32.0, 74.0]",18466,start_total_in_courses,final_mark,-0.029205222012804087,-0.044905428020290905
train_v2_status,progress_quartile,"(32.0, 74.0]",18466,start_total_in_courses,is_fail,-0.00021077476838981323,0.01217121422567511
train_v2_status,progress_quartile,"(32.0, 74.0]",18466,total_reg_credits,points,-0.441340862813436,-0.44342896302942725
train_v2_status,progress_quartile,"(32.0, 74.0]",18466,total_reg_credits,final_mark,-0.43699087566301337,-0.44861230472482444
train_v2_status,progress_quartile,"(32.0, 74.0]",18466,total_reg_credits,is_fail,0.34335931293422833,0.3134658971770456
train_v2_status,progress_quartile,"(32.0, 74.0]",18466,total_reg_courses,points,-0.4315289239949481,-0.4326763928668495
train_v2_status,progress_quartile,"(32.0, 74.0]",18466,total_reg_courses,final_mark,-0.42672127063562043,-0.43750811990123756
train_v2_status,progress_quartile,"(32.0, 74.0]",18466,total_reg_courses,is_fail,0.33995125207115096,0.30731396965725516
train_v2_status,progress_quartile,"(74.0, 126.0]",18954,start_total_in_credits,points,0.04648419658287983,0.039688595632362614
train_v2_status,progress_quartile,"(74.0, 126.0]",18954,start_total_in_credits,final_mark,0.04169539987170256,0.03590631701380699
train_v2_status,progress_quartile,"(74.0, 126.0]",18954,start_total_in_credits,is_fail,-0.052610054152161224,-0.05207406161644765
train_v2_status,progress_quartile,"(74.0, 126.0]",18954,start_total_in_courses,points,0.05015603730645463,0.045540795409221964
train_v2_status,progress_quartile,"(74.0, 126.0]",18954,start_total_in_courses,final_mark,0.04231961416201382,0.040864923083126836
train_v2_status,progress_quartile,"(74.0, 126.0]",18954,start_total_in_courses,is_fail,-0.0653717230686698,-0.05757526739584386
train_v2_status,progress_quartile,"(74.0, 126.0]",18954,total_reg_credits,points,-0.40899942723905014,-0.41847147147880953
train_v2_status,progress_quartile,"(74.0, 126.0]",18954,total_reg_credits,final_mark,-0.4041010940567419,-0.42115523265613747
train_v2_status,progress_quartile,"(74.0, 126.0]",18954,total_reg_credits,is_fail,0.3024170541617208,0.3023504705150675
train_v2_status,progress_quartile,"(74.0, 126.0]",18954,total_reg_courses,points,-0.3669232001466852,-0.3645970049997123
train_v2_status,progress_quartile,"(74.0, 126.0]",18954,total_reg_courses,final_mark,-0.3653241263944209,-0.36811610562571134
train_v2_status,progress_quartile,"(74.0, 126.0]",18954,total_reg_courses,is_fail,0.2628803094258435,0.2629448097966181
