dataset,group_by,group_value,group_rows,field,rows,missing,missing_pct,unique,mean,median,min,max,std
raw,year,2020,15817,start_total_in_credits,15817,0,0.0,348,77.28500979958272,68.0,0.0,251.0,60.9276147032143
raw,year,2020,15817,start_total_in_courses,15817,0,0.0,82,27.41739900107479,24.0,0.0,81.0,21.14576301800764
raw,year,2020,15817,total_reg_credits,15817,0,0.0,625,105.33065688815832,93.0,0.0,943.0,87.70389358058986
raw,year,2020,15817,total_reg_courses,15817,0,0.0,179,37.063539229942464,33.0,0.0,263.0,29.84609521422848
raw,year,2021,19623,start_total_in_credits,19623,0,0.0,365,70.3993782805891,56.0,0.0,251.0,63.2260980505079
raw,year,2021,19623,start_total_in_courses,19623,0,0.0,82,24.74341334148703,20.0,0.0,81.0,21.625297814455102
raw,year,2021,19623,total_reg_credits,19623,0,0.0,690,95.07679763542781,72.0,0.0,981.0,90.31887847898429
raw,year,2021,19623,total_reg_courses,19623,0,0.0,181,33.22336034245528,26.0,0.0,273.0,30.638531313374315
raw,year,2022,19415,start_total_in_credits,19415,11,0.05665722379603399,365,78.20583384869099,68.0,0.0,250.0,62.29391706469269
raw,year,2022,19415,start_total_in_courses,19415,11,0.05665722379603399,82,27.435013399299113,24.0,0.0,81.0,20.9637790375729
raw,year,2022,19415,total_reg_credits,19415,11,0.05665722379603399,715,105.2550505050505,86.0,0.0,984.0,88.31278520968851
raw,year,2022,19415,total_reg_courses,19415,11,0.05665722379603399,181,36.70485466914038,30.0,0.0,274.0,29.81305692609142
raw,year,2023,19425,start_total_in_credits,19425,0,0.0,370,84.25248391248391,76.0,0.0,251.0,61.55441446566304
raw,year,2023,19425,start_total_in_courses,19425,0,0.0,82,29.42939510939511,27.0,0.0,81.0,20.527658210720787
raw,year,2023,19425,total_reg_credits,19425,0,0.0,725,110.96187902187903,95.0,0.0,996.0,86.99579060187456
raw,year,2023,19425,total_reg_courses,19425,0,0.0,187,38.5556241956242,34.0,0.0,278.0,29.1410569818776
raw,year,2024,18461,start_total_in_credits,18461,0,0.0,359,86.35022479822328,81.0,0.0,253.0,60.909049771539614
raw,year,2024,18461,start_total_in_courses,18461,0,0.0,82,30.078002275066357,29.0,0.0,81.0,20.39781986088549
raw,year,2024,18461,total_reg_credits,18461,0,0.0,725,112.71223119007638,102.0,0.0,954.5,86.03499249615533
raw,year,2024,18461,total_reg_courses,18461,0,0.0,187,39.03623855695791,37.0,0.0,242.0,28.86265976539041
raw,degree_id,1.111,16081,start_total_in_credits,16081,0,0.0,188,96.95323673900877,100.0,0.0,187.0,52.06588991521624
raw,degree_id,1.111,16081,start_total_in_courses,16081,0,0.0,82,40.53765313102419,41.0,0.0,81.0,22.804636774071543
raw,degree_id,1.111,16081,total_reg_credits,16081,0,0.0,407,124.1909707107767,120.0,0.0,508.0,76.27711186252895
raw,degree_id,1.111,16081,total_reg_courses,16081,0,0.0,194,51.98551085131522,50.0,0.0,214.0,33.01507798913443
raw,degree_id,10.111,911,start_total_in_credits,911,0,0.0,130,57.120746432491764,55.0,0.0,133.0,36.360386576186166
raw,degree_id,10.111,911,start_total_in_courses,911,0,0.0,51,22.800219538968168,23.0,0.0,50.0,13.76951721547833
raw,degree_id,10.111,911,total_reg_credits,911,0,0.0,174,74.71240395170143,71.0,0.0,251.0,48.66332700734154
raw,degree_id,10.111,911,total_reg_courses,911,0,0.0,80,29.911086717892427,30.0,0.0,97.0,18.694824988354906
raw,degree_id,11.111,2508,start_total_in_credits,2508,0,0.0,134,58.609250398724086,55.0,0.0,135.0,38.20822939543788
raw,degree_id,11.111,2508,start_total_in_courses,2508,0,0.0,51,23.18580542264753,23.0,0.0,50.0,14.305424125933301
raw,degree_id,11.111,2508,total_reg_credits,2508,0,0.0,205,76.87998405103669,75.0,0.0,359.0,49.65195528297111
raw,degree_id,11.111,2508,total_reg_courses,2508,0,0.0,95,30.832934609250398,31.0,0.0,141.0,19.110108590470112
raw,degree_id,13.111,14614,start_total_in_credits,14614,0,0.0,179,92.80621322019981,94.0,0.0,179.0,50.62095574291057
raw,degree_id,13.111,14614,start_total_in_courses,14614,0,0.0,70,35.53790885452306,36.0,0.0,69.0,19.054447154774426
raw,degree_id,13.111,14614,total_reg_credits,14614,0,0.0,409,134.31346653893527,131.0,0.0,623.0,81.15705766356834
raw,degree_id,13.111,14614,total_reg_courses,14614,0,0.0,170,50.577117832215684,49.0,0.0,210.0,29.920504849171273
raw,degree_id,2.111,18544,start_total_in_credits,18544,0,0.0,393,127.37338222605695,126.0,0.0,253.0,71.07019631204447
raw,degree_id,2.111,18544,start_total_in_courses,18544,0,0.0,67,36.24196505608283,38.0,0.0,68.0,18.77097568786616
raw,degree_id,2.111,18544,total_reg_credits,18544,0,0.0,983,163.27016824849008,153.0,0.0,996.0,109.91694416477223
raw,degree_id,2.111,18544,total_reg_courses,18544,0,0.0,217,45.746548748921484,44.0,0.0,278.0,29.389908921833886
raw,degree_id,20.111,380,start_total_in_credits,380,0,0.0,117,131.31578947368422,141.0,0.0,177.0,36.67615191684996
raw,degree_id,20.111,380,start_total_in_courses,380,0,0.0,49,45.19736842105263,49.0,0.0,61.0,12.493818774433752
raw,degree_id,20.111,380,total_reg_credits,380,0,0.0,181,223.58157894736843,214.0,18.0,457.0,62.6158972087147
raw,degree_id,20.111,380,total_reg_courses,380,0,0.0,88,76.23947368421052,73.0,6.0,156.0,21.667139370072718
raw,degree_id,21.111,1037,start_total_in_credits,1037,0,0.0,56,11.568948891031823,8.0,0.0,67.0,13.814697567257797
raw,degree_id,21.111,1037,start_total_in_courses,1037,0,0.0,21,3.7907425265188044,3.0,0.0,23.0,4.4677729684422225
raw,degree_id,21.111,1037,total_reg_credits,1037,0,0.0,72,19.64513018322083,16.0,0.0,99.0,19.66297620186922
raw,degree_id,21.111,1037,total_reg_courses,1037,0,0.0,28,6.399228543876567,5.0,0.0,32.0,6.343506650454321
raw,degree_id,22.111,1579,start_total_in_credits,1579,0,0.0,59,14.172260924635845,11.0,0.0,66.0,13.551084987089132
raw,degree_id,22.111,1579,start_total_in_courses,1579,0,0.0,27,6.008866371120963,5.0,0.0,26.0,5.654045954851428
raw,degree_id,22.111,1579,total_reg_credits,1579,0,0.0,128,39.99240025332489,31.0,0.0,224.0,35.46136179680003
raw,degree_id,22.111,1579,total_reg_courses,1579,0,0.0,62,16.93983533882204,13.0,0.0,91.0,14.725569106971735
raw,degree_id,24.111,5253,start_total_in_credits,5253,0,0.0,180,63.794403198172475,57.0,0.0,180.0,49.64551023114598
raw,degree_id,24.111,5253,start_total_in_courses,5253,0,0.0,62,21.442413858747383,19.0,0.0,61.0,16.544269066813328
raw,degree_id,24.111,5253,total_reg_credits,5253,0,0.0,259,85.48905387397677,80.0,0.0,300.0,60.190701353581
raw,degree_id,24.111,5253,total_reg_courses,5253,0,0.0,95,28.68722634684942,27.0,0.0,100.0,20.1336221395572
raw,degree_id,26.111,1970,start_total_in_credits,1970,0,0.0,166,61.80152284263959,59.0,0.0,172.0,41.836469685548984
raw,degree_id,26.111,1970,start_total_in_courses,1970,0,0.0,62,21.88274111675127,21.0,0.0,61.0,14.789670004810047
raw,degree_id,26.111,1970,total_reg_credits,1970,0,0.0,184,82.50355329949238,81.0,0.0,233.0,45.22367229526399
raw,degree_id,26.111,1970,total_reg_courses,1970,0,0.0,71,27.934010152284262,27.0,0.0,77.0,15.466693212950306
raw,degree_id,27.111,1071,start_total_in_credits,1071,0,0.0,147,53.71335200746965,52.0,0.0,164.0,40.16874452245868
raw,degree_id,27.111,1071,start_total_in_courses,1071,0,0.0,57,18.949579831932773,18.0,0.0,58.0,14.146472672565068
raw,degree_id,27.111,1071,total_reg_credits,1071,0,0.0,163,73.1344537815126,71.0,0.0,222.0,46.464684998549714
raw,degree_id,27.111,1071,total_reg_courses,1071,0,0.0,63,24.705882352941178,24.0,0.0,75.0,15.771983706512087
raw,degree_id,29.111,1218,start_total_in_credits,1218,0,0.0,151,52.679802955665025,48.5,0.0,173.0,39.496638958683924
raw,degree_id,29.111,1218,start_total_in_courses,1218,0,0.0,59,18.704433497536947,18.0,0.0,62.0,13.941938413316766
raw,degree_id,29.111,1218,total_reg_credits,1218,0,0.0,178,74.44909688013136,70.0,0.0,277.0,48.496993477334726
raw,degree_id,29.111,1218,total_reg_courses,1218,0,0.0,71,25.386699507389164,24.0,0.0,94.0,16.50439707682068
raw,degree_id,3.111,6328,start_total_in_credits,6328,0,0.0,172,77.7722819216182,75.0,0.0,172.0,47.94133456323772
raw,degree_id,3.111,6328,start_total_in_courses,6328,0,0.0,60,26.128318584070797,25.0,0.0,59.0,16.463751991944058
raw,degree_id,3.111,6328,total_reg_credits,6328,0,0.0,268,101.60161188369153,101.0,0.0,321.0,59.77342058713379
raw,degree_id,3.111,6328,total_reg_courses,6328,0,0.0,103,33.9134007585335,34.0,0.0,108.0,20.37974610893045
raw,degree_id,30.111,575,start_total_in_credits,575,0,0.0,117,35.834782608695654,30.0,0.0,165.0,34.73416477614743
raw,degree_id,30.111,575,start_total_in_courses,575,0,0.0,54,12.737391304347826,10.0,0.0,58.0,12.310398007627375
raw,degree_id,30.111,575,total_reg_credits,575,0,0.0,147,57.22086956521739,51.0,0.0,283.0,50.46827667418466
raw,degree_id,30.111,575,total_reg_courses,575,0,0.0,65,19.483478260869564,18.0,0.0,96.0,16.982343415460193
raw,degree_id,31.111,478,start_total_in_credits,478,0,0.0,92,24.774058577405857,16.5,0.0,123.0,27.51380817148347
raw,degree_id,31.111,478,start_total_in_courses,478,0,0.0,42,8.715481171548117,6.0,0.0,44.0,9.693338333562437
raw,degree_id,31.111,478,total_reg_credits,478,0,0.0,111,42.05648535564853,34.0,0.0,175.0,39.233149112689475
raw,degree_id,31.111,478,total_reg_courses,478,0,0.0,50,14.353556485355648,12.0,0.0,58.0,13.285547147416874
raw,degree_id,33.111,153,start_total_in_credits,153,0,0.0,70,39.22875816993464,35.0,0.0,112.0,29.583178170787438
raw,degree_id,33.111,153,start_total_in_courses,153,0,0.0,37,13.81045751633987,12.0,0.0,39.0,10.450227669382771
raw,degree_id,33.111,153,total_reg_credits,153,0,0.0,69,53.58169934640523,52.0,0.0,147.0,34.46615700469332
raw,degree_id,33.111,153,total_reg_courses,153,0,0.0,38,18.686274509803923,18.0,0.0,51.0,12.106148170636759
raw,degree_id,34.111,451,start_total_in_credits,451,0,0.0,101,43.37250554323725,40.0,0.0,125.0,30.732733872271403
raw,degree_id,34.111,451,start_total_in_courses,451,0,0.0,43,15.199556541019955,14.0,0.0,43.0,10.80452990507101
raw,degree_id,34.111,451,total_reg_credits,451,0,0.0,102,52.11973392461197,51.0,0.0,146.0,33.944514672822926
raw,degree_id,34.111,451,total_reg_courses,451,0,0.0,42,18.20620842572062,18.0,0.0,50.0,11.911322588790885
raw,degree_id,35.111,156,start_total_in_credits,156,0,0.0,68,36.57692307692308,35.0,0.0,112.0,27.13123148853305
raw,degree_id,35.111,156,start_total_in_courses,156,0,0.0,37,12.903846153846153,12.0,0.0,39.0,9.62173537171312
raw,degree_id,35.111,156,total_reg_credits,156,0,0.0,66,49.73717948717949,48.0,0.0,120.0,32.15629415726985
raw,degree_id,35.111,156,total_reg_courses,156,0,0.0,35,17.384615384615383,17.0,0.0,42.0,11.321382303874005
raw,degree_id,36.111,433,start_total_in_credits,433,0,0.0,94,40.39953810623557,37.0,0.0,121.0,28.91598141629714
raw,degree_id,36.111,433,start_total_in_courses,433,0,0.0,43,14.087759815242494,13.0,0.0,42.0,10.193346723410286
raw,degree_id,36.111,433,total_reg_credits,433,0,0.0,90,47.83602771362587,46.0,0.0,123.0,31.614260655232915
raw,degree_id,36.111,433,total_reg_courses,433,0,0.0,39,16.66743648960739,16.0,0.0,43.0,11.162116698916899
raw,degree_id,37.111,120,start_total_in_credits,120,0,0.0,58,42.725,43.0,0.0,115.0,28.28752805915496
raw,degree_id,37.111,120,start_total_in_courses,120,0,0.0,32,14.975,15.0,0.0,40.0,10.017180619466997
raw,degree_id,37.111,120,total_reg_credits,120,0,0.0,64,50.125,50.5,0.0,118.0,32.59647929124975
raw,degree_id,37.111,120,total_reg_courses,120,0,0.0,37,17.491666666666667,17.5,0.0,41.0,11.476681388200795
raw,degree_id,39.111,662,start_total_in_credits,662,0,0.0,46,7.983383685800605,0.0,0.0,63.0,11.90880738038923
raw,degree_id,39.111,662,start_total_in_courses,662,0,0.0,21,2.7507552870090635,0.0,0.0,22.0,4.14230135893013
raw,degree_id,39.111,662,total_reg_credits,662,0,0.0,69,19.759818731117825,0.0,0.0,106.0,25.20208223207851
raw,degree_id,39.111,662,total_reg_courses,662,0,0.0,30,6.768882175226586,0.0,0.0,36.0,8.691174769247604
raw,degree_id,4.111,402,start_total_in_credits,402,0,0.0,116,41.67661691542288,30.0,0.0,164.0,40.878262190292126
raw,degree_id,4.111,402,start_total_in_courses,402,0,0.0,55,13.791044776119403,9.5,0.0,56.0,13.853746917129508
raw,degree_id,4.111,402,total_reg_credits,402,0,0.0,124,53.159203980099505,34.5,0.0,231.0,51.090106965915744
raw,degree_id,4.111,402,total_reg_courses,402,0,0.0,64,17.48258706467662,11.0,0.0,80.0,17.237983498249356
raw,degree_id,40.111,1008,start_total_in_credits,1008,0,0.0,43,9.053571428571429,6.0,0.0,55.0,10.066073035615663
raw,degree_id,40.111,1008,start_total_in_courses,1008,0,0.0,18,3.140873015873016,2.0,0.0,19.0,3.485819768082844
raw,degree_id,40.111,1008,total_reg_credits,1008,0,0.0,62,19.03075396825397,16.0,0.0,89.0,16.898553748632345
raw,degree_id,40.111,1008,total_reg_courses,1008,0,0.0,24,6.666666666666667,6.0,0.0,33.0,5.937944568628045
raw,degree_id,41.111,2215,start_total_in_credits,2215,0,0.0,102,26.25056433408578,21.0,0.0,187.5,24.260777755578914
raw,degree_id,41.111,2215,start_total_in_courses,2215,0,0.0,37,8.451467268623025,7.0,0.0,51.0,7.503101819628183
raw,degree_id,41.111,2215,total_reg_credits,2215,0,0.0,88,27.74762979683973,18.0,0.0,435.5,29.93542376148666
raw,degree_id,41.111,2215,total_reg_courses,2215,0,0.0,35,8.818961625282167,6.0,0.0,136.0,9.33126195587349
raw,degree_id,42.111,1770,start_total_in_credits,1770,0,0.0,90,23.43446327683616,17.0,0.0,101.0,22.134397257826496
raw,degree_id,42.111,1770,start_total_in_courses,1770,0,0.0,39,9.057062146892655,6.0,0.0,40.0,8.704470068025833
raw,degree_id,42.111,1770,total_reg_credits,1770,0,0.0,77,24.563841807909604,17.0,0.0,148.0,22.352098982627393
raw,degree_id,42.111,1770,total_reg_courses,1770,0,0.0,36,9.442372881355933,6.0,0.0,56.0,8.6512945026098
raw,degree_id,44.111,1264,start_total_in_credits,1264,0,0.0,89,20.904272151898734,17.0,0.0,105.0,20.92821151359719
raw,degree_id,44.111,1264,start_total_in_courses,1264,0,0.0,40,8.102056962025317,7.0,0.0,40.0,7.98334740750385
raw,degree_id,44.111,1264,total_reg_credits,1264,0,0.0,67,22.930379746835442,18.0,0.0,142.0,20.61976915443916
raw,degree_id,44.111,1264,total_reg_courses,1264,0,0.0,29,8.79746835443038,7.0,0.0,45.0,7.699531193568843
raw,degree_id,45.111,485,start_total_in_credits,485,0,0.0,48,18.142268041237113,15.0,0.0,102.0,18.33183472178517
raw,degree_id,45.111,485,start_total_in_courses,485,0,0.0,28,6.1092783505154635,5.0,0.0,36.0,6.213689274135086
raw,degree_id,45.111,485,total_reg_credits,485,0,0.0,46,24.742268041237114,18.0,0.0,84.0,20.626789103727667
raw,degree_id,45.111,485,total_reg_courses,485,0,0.0,25,8.301030927835052,6.0,0.0,29.0,6.94756772418228
raw,degree_id,46.111,437,start_total_in_credits,437,0,0.0,60,19.63615560640732,17.0,0.0,85.0,19.192120703907264
raw,degree_id,46.111,437,start_total_in_courses,437,0,0.0,28,6.638443935926773,6.0,0.0,29.0,6.503858089639972
raw,degree_id,46.111,437,total_reg_credits,437,0,0.0,49,21.933638443935926,17.0,0.0,83.0,19.879053767819023
raw,degree_id,46.111,437,total_reg_courses,437,0,0.0,24,7.379862700228833,6.0,0.0,28.0,6.686790825256803
raw,degree_id,47.111,545,start_total_in_credits,545,0,0.0,61,19.091743119266056,17.0,0.0,84.0,18.547901659306447
raw,degree_id,47.111,545,start_total_in_courses,545,0,0.0,27,6.422018348623853,6.0,0.0,29.0,6.256898513402279
raw,degree_id,47.111,545,total_reg_credits,545,0,0.0,55,22.921100917431193,18.0,0.0,84.0,20.199902051826882
raw,degree_id,47.111,545,total_reg_courses,545,0,0.0,24,7.682568807339449,6.0,0.0,29.0,6.79669096656462
raw,degree_id,48.111,506,start_total_in_credits,506,0,0.0,60,18.268774703557312,15.0,0.0,78.0,18.17709616606374
raw,degree_id,48.111,506,start_total_in_courses,506,0,0.0,25,6.144268774703558,5.0,0.0,26.0,6.141317364312096
raw,degree_id,48.111,506,total_reg_credits,506,0,0.0,52,23.612648221343875,18.0,0.0,126.0,21.158341240800173
raw,degree_id,48.111,506,total_reg_courses,506,0,0.0,24,7.91501976284585,6.0,0.0,42.0,7.114807575141567
raw,degree_id,49.111,293,start_total_in_credits,293,0,0.0,55,18.436860068259385,15.0,0.0,118.0,21.05391659064162
raw,degree_id,49.111,293,start_total_in_courses,293,0,0.0,29,6.262798634812286,5.0,0.0,41.0,7.208909181899495
raw,degree_id,49.111,293,total_reg_credits,293,0,0.0,45,24.238907849829353,18.0,0.0,80.0,19.400366863014767
raw,degree_id,49.111,293,total_reg_courses,293,0,0.0,22,8.146757679180887,6.0,0.0,27.0,6.551871378540832
raw,degree_id,5.111,161,start_total_in_credits,161,0,0.0,82,60.39751552795031,45.0,0.0,167.0,52.79622139688427
raw,degree_id,5.111,161,start_total_in_courses,161,0,0.0,52,20.428571428571427,15.0,0.0,57.0,18.02314979606585
raw,degree_id,5.111,161,total_reg_credits,161,0,0.0,79,55.298136645962735,43.0,0.0,180.0,45.94927158297737
raw,degree_id,5.111,161,total_reg_courses,161,0,0.0,48,18.267080745341616,14.0,0.0,58.0,15.29655098542444
raw,degree_id,50.111,535,start_total_in_credits,535,0,0.0,99,25.190654205607476,15.0,0.0,158.0,31.659073205605374
raw,degree_id,50.111,535,start_total_in_courses,535,0,0.0,46,8.45233644859813,5.0,0.0,52.0,10.498487012399059
raw,degree_id,50.111,535,total_reg_credits,535,0,0.0,69,25.405607476635513,18.0,0.0,85.0,21.8231306683467
raw,degree_id,50.111,535,total_reg_courses,535,0,0.0,27,8.530841121495326,6.0,0.0,29.0,7.337406230410455
raw,degree_id,53.111,224,start_total_in_credits,224,0,0.0,61,24.84375,22.5,0.0,84.0,19.882336759607043
raw,degree_id,53.111,224,start_total_in_courses,224,0,0.0,26,8.571428571428571,8.0,0.0,29.0,6.879767288944594
raw,degree_id,53.111,224,total_reg_credits,224,0,0.0,54,29.834821428571427,31.0,0.0,95.0,22.62809955904534
raw,degree_id,53.111,224,total_reg_courses,224,0,0.0,25,10.285714285714286,11.0,0.0,33.0,7.83281423625668
raw,degree_id,55.111,251,start_total_in_credits,251,0,0.0,57,25.422310756972113,20.0,0.0,82.0,21.20709645941763
raw,degree_id,55.111,251,start_total_in_courses,251,0,0.0,28,8.792828685258964,7.0,0.0,28.0,7.3084135328081885
raw,degree_id,55.111,251,total_reg_credits,251,0,0.0,56,28.756972111553786,29.0,0.0,82.0,22.145353941520536
raw,degree_id,55.111,251,total_reg_courses,251,0,0.0,25,9.97609561752988,10.0,0.0,28.0,7.635668031994366
raw,degree_id,6.111,1675,start_total_in_credits,1675,0,0.0,167,93.5420895522388,96.0,0.0,172.0,46.55218794344391
raw,degree_id,6.111,1675,start_total_in_courses,1675,0,0.0,60,31.730746268656716,33.0,0.0,59.0,15.905214434799172
raw,degree_id,6.111,1675,total_reg_credits,1675,0,0.0,267,137.5265671641791,138.0,0.0,413.0,62.98061357937571
raw,degree_id,6.111,1675,total_reg_courses,1675,0,0.0,112,46.12835820895523,46.0,0.0,142.0,21.51020711537666
raw,degree_id,7.111,1026,start_total_in_credits,1026,0,0.0,127,47.117933723196884,42.5,0.0,131.0,34.0244493157278
raw,degree_id,7.111,1026,start_total_in_courses,1026,0,0.0,50,18.976608187134502,18.0,0.0,49.0,13.030300095621078
raw,degree_id,7.111,1026,total_reg_credits,1026,0,0.0,151,66.59551656920078,65.0,0.0,188.0,42.436030932954274
raw,degree_id,7.111,1026,total_reg_courses,1026,0,0.0,65,27.056530214424953,27.0,0.0,74.0,16.522821504979945
raw,degree_id,8.111,3043,start_total_in_credits,3043,0,0.0,133,60.25336838646073,56.0,0.0,134.0,38.1370226426591
raw,degree_id,8.111,3043,start_total_in_courses,3043,0,0.0,51,23.81367071968452,23.0,0.0,50.0,14.246922586581787
raw,degree_id,8.111,3043,total_reg_credits,3043,0,0.0,242,83.66973381531383,79.0,0.0,343.0,54.02855273841194
raw,degree_id,8.111,3043,total_reg_courses,3043,0,0.0,110,33.527440026289845,33.0,0.0,135.0,20.867781844706904
raw,degree_id,<NA>,2126,start_total_in_credits,2126,11,0.517403574788335,1,0.0,0.0,0.0,0.0,0.0
raw,degree_id,<NA>,2126,start_total_in_courses,2126,11,0.517403574788335,1,0.0,0.0,0.0,0.0,0.0
raw,degree_id,<NA>,2126,total_reg_credits,2126,11,0.517403574788335,1,0.0,0.0,0.0,0.0,0.0
raw,degree_id,<NA>,2126,total_reg_courses,2126,11,0.517403574788335,1,0.0,0.0,0.0,0.0,0.0
raw,progress_quartile,"(-0.001, 26.0]",23540,start_total_in_credits,23540,0,0.0,27,8.028079864061173,4.0,0.0,26.0,8.810258126312537
raw,progress_quartile,"(-0.001, 26.0]",23540,start_total_in_courses,23540,0,0.0,13,2.9509770603228547,2.0,0.0,12.0,3.26866973823703
raw,progress_quartile,"(-0.001, 26.0]",23540,total_reg_credits,23540,0,0.0,168,17.116355140186915,15.0,0.0,476.0,21.80865650970446
raw,progress_quartile,"(-0.001, 26.0]",23540,total_reg_courses,23540,0,0.0,74,6.190951571792693,5.0,0.0,136.0,7.89437221922452
raw,progress_quartile,"(125.0, 253.0]",22907,start_total_in_credits,22907,0,0.0,222,166.63406382328546,160.0,125.5,253.0,30.37396992463682
raw,progress_quartile,"(125.0, 253.0]",22907,start_total_in_courses,22907,0,0.0,48,56.325359060549175,56.0,34.0,81.0,9.338708545356111
raw,progress_quartile,"(125.0, 253.0]",22907,total_reg_credits,22907,0,0.0,926,211.01602130353166,192.0,41.0,996.0,75.86767027532476
raw,progress_quartile,"(125.0, 253.0]",22907,total_reg_courses,22907,0,0.0,221,70.83489762954555,66.0,12.0,278.0,23.855697018218684
raw,progress_quartile,"(26.0, 70.0]",23112,start_total_in_credits,23112,0,0.0,46,47.44245413637937,47.0,27.0,70.0,12.757950658563232
raw,progress_quartile,"(26.0, 70.0]",23112,start_total_in_courses,23112,0,0.0,24,17.321088611976464,17.0,8.0,31.0,4.98523717960785
raw,progress_quartile,"(26.0, 70.0]",23112,total_reg_credits,23112,0,0.0,301,69.42501730702665,61.0,2.0,388.0,39.922598598895604
raw,progress_quartile,"(26.0, 70.0]",23112,total_reg_courses,23112,0,0.0,131,25.090602284527517,22.0,1.0,164.0,14.891138991309282
raw,progress_quartile,"(70.0, 125.0]",23171,start_total_in_credits,23171,0,0.0,99,97.08379008243062,97.0,71.0,125.0,15.772509548861388
raw,progress_quartile,"(70.0, 125.0]",23171,start_total_in_courses,23171,0,0.0,37,35.322169953821586,35.0,19.0,55.0,6.982430634189941
raw,progress_quartile,"(70.0, 125.0]",23171,total_reg_credits,23171,0,0.0,554,128.13762893271763,117.0,12.0,704.0,50.72550002809516
raw,progress_quartile,"(70.0, 125.0]",23171,total_reg_courses,23171,0,0.0,161,46.253679167925426,42.0,4.0,189.0,19.2372674501633
clean_v1,year,2020,14382,start_total_in_credits,14382,0,0.0,347,80.48077457933528,73.5,0.0,250.0,59.15391791538718
clean_v1,year,2020,14382,start_total_in_courses,14382,0,0.0,82,28.642052565707132,26.0,0.0,81.0,20.70971699231962
clean_v1,year,2020,14382,total_reg_credits,14382,0,0.0,611,108.48494646085385,99.0,0.0,943.0,85.7866355902914
clean_v1,year,2020,14382,total_reg_courses,14382,0,0.0,176,38.24947851481018,35.0,0.0,263.0,29.242040361265367
clean_v1,year,2021,16379,start_total_in_credits,16379,0,0.0,364,79.40848037120703,69.0,0.0,250.0,60.98788729439882
clean_v1,year,2021,16379,start_total_in_courses,16379,0,0.0,82,27.974967946761097,25.0,0.0,81.0,20.92446646665194
clean_v1,year,2021,16379,total_reg_credits,16379,0,0.0,670,105.82440930459735,87.0,0.0,981.0,87.9806329229203
clean_v1,year,2021,16379,total_reg_courses,16379,0,0.0,177,37.023872031259536,31.0,0.0,273.0,29.796127868037267
clean_v1,year,2022,17238,start_total_in_credits,17238,0,0.0,362,82.42000232045481,73.0,0.0,250.0,60.58830060281241
clean_v1,year,2022,17238,start_total_in_courses,17238,0,0.0,82,28.97134238310709,26.0,0.0,81.0,20.462908602679022
clean_v1,year,2022,17238,total_reg_credits,17238,0,0.0,701,109.02071005917159,91.0,0.0,871.0,86.06458767079091
clean_v1,year,2022,17238,total_reg_courses,17238,0,0.0,175,38.04461074370577,32.0,0.0,221.0,29.00571458294279
clean_v1,year,2023,17875,start_total_in_credits,17875,0,0.0,369,85.7911048951049,78.0,0.0,249.0,60.679199533252955
clean_v1,year,2023,17875,start_total_in_courses,17875,0,0.0,82,29.988643356643358,28.0,0.0,81.0,20.28338823634452
clean_v1,year,2023,17875,total_reg_credits,17875,0,0.0,700,110.7596083916084,97.0,0.0,996.0,85.05404657002204
clean_v1,year,2023,17875,total_reg_courses,17875,0,0.0,179,38.49202797202797,35.0,0.0,278.0,28.516588041946775
clean_v1,year,2024,16426,start_total_in_credits,16426,0,0.0,357,87.96663825642274,84.0,0.0,251.0,59.668678427228684
clean_v1,year,2024,16426,start_total_in_courses,16426,0,0.0,82,30.74205527821746,30.0,0.0,81.0,20.171632036314044
clean_v1,year,2024,16426,total_reg_credits,16426,0,0.0,699,111.83882259831974,103.0,0.0,954.5,83.30934888923812
clean_v1,year,2024,16426,total_reg_courses,16426,0,0.0,175,38.812005357360285,37.0,0.0,238.0,28.010023724984375
clean_v1,degree_id,1.111,15205,start_total_in_credits,15205,0,0.0,187,98.286945083854,102.0,0.0,187.0,51.38090923069326
clean_v1,degree_id,1.111,15205,start_total_in_courses,15205,0,0.0,82,41.09634988490628,42.0,0.0,81.0,22.532063516408332
clean_v1,degree_id,1.111,15205,total_reg_credits,15205,0,0.0,391,123.41769154883262,120.0,0.0,508.0,74.09147265005369
clean_v1,degree_id,1.111,15205,total_reg_courses,15205,0,0.0,184,51.686747780335416,50.0,0.0,214.0,32.103449615604156
clean_v1,degree_id,10.111,848,start_total_in_credits,848,0,0.0,130,56.299528301886795,54.5,0.0,133.0,36.3162665459145
clean_v1,degree_id,10.111,848,start_total_in_courses,848,0,0.0,51,22.49882075471698,23.0,0.0,50.0,13.798174118242931
clean_v1,degree_id,10.111,848,total_reg_credits,848,0,0.0,166,72.06839622641509,70.0,0.0,234.0,46.931662155256106
clean_v1,degree_id,10.111,848,total_reg_courses,848,0,0.0,75,28.871462264150942,29.0,0.0,91.0,18.037969574856874
clean_v1,degree_id,11.111,2341,start_total_in_credits,2341,0,0.0,134,57.10337462622811,54.0,0.0,135.0,37.75742969475067
clean_v1,degree_id,11.111,2341,start_total_in_courses,2341,0,0.0,51,22.637761640324648,22.0,0.0,50.0,14.188848725319401
clean_v1,degree_id,11.111,2341,total_reg_credits,2341,0,0.0,199,74.65484835540367,72.0,0.0,359.0,48.56094557169102
clean_v1,degree_id,11.111,2341,total_reg_courses,2341,0,0.0,91,30.021358393848782,30.0,0.0,141.0,18.756798563241322
clean_v1,degree_id,13.111,13577,start_total_in_credits,13577,0,0.0,179,94.19238417912646,96.0,0.0,179.0,49.69345147960753
clean_v1,degree_id,13.111,13577,start_total_in_courses,13577,0,0.0,70,36.055903365986595,37.0,0.0,69.0,18.69421493063579
clean_v1,degree_id,13.111,13577,total_reg_credits,13577,0,0.0,406,133.56522059365102,130.0,0.0,623.0,78.87633093457363
clean_v1,degree_id,13.111,13577,total_reg_courses,13577,0,0.0,168,50.30058186639169,49.0,0.0,210.0,29.099215004745442
clean_v1,degree_id,2.111,17241,start_total_in_credits,17241,0,0.0,392,125.68725711965664,124.0,0.0,251.0,69.36941494852755
clean_v1,degree_id,2.111,17241,start_total_in_courses,17241,0,0.0,67,35.836958413085085,37.0,0.0,68.0,18.32530974864936
clean_v1,degree_id,2.111,17241,total_reg_credits,17241,0,0.0,960,159.81863000986021,148.5,0.0,996.0,107.81163843760551
clean_v1,degree_id,2.111,17241,total_reg_courses,17241,0,0.0,210,44.8239661272548,43.0,0.0,278.0,28.78177628307644
clean_v1,degree_id,20.111,322,start_total_in_credits,322,0,0.0,113,133.09627329192546,142.0,30.0,176.0,34.773231349230905
clean_v1,degree_id,20.111,322,start_total_in_courses,322,0,0.0,47,45.81366459627329,49.0,11.0,60.0,11.824629752000233
clean_v1,degree_id,20.111,322,total_reg_credits,322,0,0.0,173,220.87888198757764,211.5,97.0,457.0,61.47112070205075
clean_v1,degree_id,20.111,322,total_reg_courses,322,0,0.0,85,75.24223602484471,71.0,32.0,156.0,21.264035539983382
clean_v1,degree_id,21.111,716,start_total_in_credits,716,0,0.0,53,13.011173184357542,12.0,0.0,57.0,13.752248925533067
clean_v1,degree_id,21.111,716,start_total_in_courses,716,0,0.0,20,4.2472067039106145,4.0,0.0,19.0,4.417898182893822
clean_v1,degree_id,21.111,716,total_reg_credits,716,0,0.0,62,18.618715083798882,16.0,0.0,95.0,18.633412699669154
clean_v1,degree_id,21.111,716,total_reg_courses,716,0,0.0,25,6.039106145251397,5.0,0.0,30.0,5.971834243753863
clean_v1,degree_id,22.111,791,start_total_in_credits,791,0,0.0,54,13.970922882427308,12.0,0.0,66.0,12.782718319208264
clean_v1,degree_id,22.111,791,start_total_in_courses,791,0,0.0,26,5.911504424778761,5.0,0.0,26.0,5.3279541410167806
clean_v1,degree_id,22.111,791,total_reg_credits,791,0,0.0,120,39.39823008849557,30.0,0.0,215.0,35.6281704344893
clean_v1,degree_id,22.111,791,total_reg_courses,791,0,0.0,59,16.664981036662454,13.0,0.0,85.0,14.871015899798003
clean_v1,degree_id,24.111,4632,start_total_in_credits,4632,0,0.0,180,68.8385146804836,63.0,0.0,180.0,48.781457322313194
clean_v1,degree_id,24.111,4632,start_total_in_courses,4632,0,0.0,62,23.131044905008636,21.0,0.0,61.0,16.240203636439574
clean_v1,degree_id,24.111,4632,total_reg_credits,4632,0,0.0,257,90.39291882556131,85.0,0.0,300.0,58.517905444018226
clean_v1,degree_id,24.111,4632,total_reg_courses,4632,0,0.0,95,30.321027633851468,29.0,0.0,100.0,19.559473788418327
clean_v1,degree_id,26.111,1797,start_total_in_credits,1797,0,0.0,165,64.27545909849749,62.0,0.0,172.0,41.587021005562086
clean_v1,degree_id,26.111,1797,start_total_in_courses,1797,0,0.0,62,22.753478018920422,22.0,0.0,61.0,14.698639217851428
clean_v1,degree_id,26.111,1797,total_reg_credits,1797,0,0.0,184,84.78297161936561,83.0,0.0,233.0,44.29519422049
clean_v1,degree_id,26.111,1797,total_reg_courses,1797,0,0.0,71,28.712298274902615,28.0,0.0,77.0,15.166710157375666
clean_v1,degree_id,27.111,928,start_total_in_credits,928,0,0.0,146,58.97844827586207,58.5,0.0,164.0,39.09311166538585
clean_v1,degree_id,27.111,928,start_total_in_courses,928,0,0.0,57,20.801724137931036,20.5,0.0,58.0,13.75912043273094
clean_v1,degree_id,27.111,928,total_reg_credits,928,0,0.0,163,79.07650862068965,76.0,0.0,222.0,44.27502513846595
clean_v1,degree_id,27.111,928,total_reg_courses,928,0,0.0,63,26.711206896551722,25.0,0.0,75.0,15.052393339653532
clean_v1,degree_id,29.111,1102,start_total_in_credits,1102,0,0.0,150,55.46823956442831,52.0,0.0,173.0,39.048031490617284
clean_v1,degree_id,29.111,1102,start_total_in_courses,1102,0,0.0,59,19.696914700544465,19.0,0.0,62.0,13.781108629204622
clean_v1,degree_id,29.111,1102,total_reg_credits,1102,0,0.0,178,77.44464609800363,73.0,0.0,277.0,47.815153878542326
clean_v1,degree_id,29.111,1102,total_reg_courses,1102,0,0.0,71,26.406533575317603,25.0,0.0,94.0,16.285036928266464
clean_v1,degree_id,3.111,5926,start_total_in_credits,5926,0,0.0,171,78.14242321970976,76.0,0.0,171.0,48.00075912691305
clean_v1,degree_id,3.111,5926,start_total_in_courses,5926,0,0.0,59,26.251265609179885,25.0,0.0,58.0,16.4862037476727
clean_v1,degree_id,3.111,5926,total_reg_credits,5926,0,0.0,267,100.63061086736415,100.0,0.0,321.0,59.527303110079394
clean_v1,degree_id,3.111,5926,total_reg_courses,5926,0,0.0,103,33.5926425919676,33.0,0.0,108.0,20.29255496997906
clean_v1,degree_id,30.111,447,start_total_in_credits,447,0,0.0,116,42.0917225950783,36.0,0.0,165.0,34.77619796331768
clean_v1,degree_id,30.111,447,start_total_in_courses,447,0,0.0,54,14.955257270693512,13.0,0.0,58.0,12.32146993675159
clean_v1,degree_id,30.111,447,total_reg_credits,447,0,0.0,142,65.85234899328859,58.0,0.0,283.0,50.16270064449958
clean_v1,degree_id,30.111,447,total_reg_courses,447,0,0.0,65,22.404921700223714,20.0,0.0,96.0,16.830313057277426
clean_v1,degree_id,31.111,340,start_total_in_credits,340,0,0.0,89,31.461764705882352,26.0,0.0,123.0,28.137069835743798
clean_v1,degree_id,31.111,340,start_total_in_courses,340,0,0.0,41,11.076470588235294,9.0,0.0,44.0,9.918549078624912
clean_v1,degree_id,31.111,340,total_reg_credits,340,0,0.0,108,51.20882352941177,48.0,0.0,175.0,38.639708339462615
clean_v1,degree_id,31.111,340,total_reg_courses,340,0,0.0,48,17.473529411764705,16.5,0.0,58.0,12.996341868417602
clean_v1,degree_id,33.111,148,start_total_in_credits,148,0,0.0,69,37.648648648648646,34.0,0.0,112.0,28.519444343191893
clean_v1,degree_id,33.111,148,start_total_in_courses,148,0,0.0,37,13.256756756756756,12.0,0.0,39.0,10.092174931698064
clean_v1,degree_id,33.111,148,total_reg_credits,148,0,0.0,66,52.16216216216216,52.0,0.0,147.0,33.96477848604607
clean_v1,degree_id,33.111,148,total_reg_courses,148,0,0.0,37,18.175675675675677,18.0,0.0,51.0,11.915071469017096
clean_v1,degree_id,34.111,432,start_total_in_credits,432,0,0.0,100,43.166666666666664,40.0,0.0,125.0,31.026595881149415
clean_v1,degree_id,34.111,432,start_total_in_courses,432,0,0.0,43,15.122685185185185,14.0,0.0,43.0,10.906318831432806
clean_v1,degree_id,34.111,432,total_reg_credits,432,0,0.0,101,51.611111111111114,50.5,0.0,146.0,34.197619578582575
clean_v1,degree_id,34.111,432,total_reg_courses,432,0,0.0,42,18.02314814814815,18.0,0.0,50.0,11.995723185908517
clean_v1,degree_id,35.111,150,start_total_in_credits,150,0,0.0,67,35.82666666666667,35.0,0.0,112.0,26.760620839967302
clean_v1,degree_id,35.111,150,start_total_in_courses,150,0,0.0,36,12.64,12.0,0.0,39.0,9.499049758198176
clean_v1,degree_id,35.111,150,total_reg_credits,150,0,0.0,64,48.6,46.5,0.0,120.0,31.56393320222673
clean_v1,degree_id,35.111,150,total_reg_courses,150,0,0.0,35,16.993333333333332,16.5,0.0,42.0,11.130402566733116
clean_v1,degree_id,36.111,424,start_total_in_credits,424,0,0.0,94,40.43867924528302,37.0,0.0,121.0,29.077560164279173
clean_v1,degree_id,36.111,424,start_total_in_courses,424,0,0.0,43,14.10377358490566,13.0,0.0,42.0,10.250691490515234
clean_v1,degree_id,36.111,424,total_reg_credits,424,0,0.0,90,47.89150943396226,46.0,0.0,123.0,31.694351818520097
clean_v1,degree_id,36.111,424,total_reg_courses,424,0,0.0,39,16.683962264150942,16.0,0.0,43.0,11.190553571110192
clean_v1,degree_id,37.111,117,start_total_in_credits,117,0,0.0,56,42.01709401709402,43.0,0.0,115.0,28.294626913463958
clean_v1,degree_id,37.111,117,start_total_in_courses,117,0,0.0,32,14.717948717948717,15.0,0.0,40.0,10.012790228990184
clean_v1,degree_id,37.111,117,total_reg_credits,117,0,0.0,61,49.43589743589744,49.0,0.0,118.0,32.72281304180159
clean_v1,degree_id,37.111,117,total_reg_courses,117,0,0.0,37,17.23931623931624,17.0,0.0,41.0,11.512848573965593
clean_v1,degree_id,39.111,248,start_total_in_credits,248,0,0.0,38,13.237903225806452,11.0,0.0,55.0,11.919596308287467
clean_v1,degree_id,39.111,248,start_total_in_courses,248,0,0.0,19,4.548387096774194,4.0,0.0,19.0,4.138013446419406
clean_v1,degree_id,39.111,248,total_reg_credits,248,0,0.0,60,32.05241935483871,30.0,0.0,94.0,25.035385366293333
clean_v1,degree_id,39.111,248,total_reg_courses,248,0,0.0,26,10.955645161290322,10.0,0.0,32.0,8.616083279545146
clean_v1,degree_id,4.111,390,start_total_in_credits,390,0,0.0,116,41.57435897435897,30.0,0.0,164.0,40.82111403588156
clean_v1,degree_id,4.111,390,start_total_in_courses,390,0,0.0,55,13.753846153846155,9.5,0.0,56.0,13.831929942718798
clean_v1,degree_id,4.111,390,total_reg_credits,390,0,0.0,123,52.69230769230769,34.0,0.0,231.0,50.976961299687254
clean_v1,degree_id,4.111,390,total_reg_courses,390,0,0.0,63,17.31282051282051,11.0,0.0,80.0,17.187446538168665
clean_v1,degree_id,40.111,759,start_total_in_credits,759,0,0.0,39,8.805006587615283,6.0,0.0,46.0,9.50913607182116
clean_v1,degree_id,40.111,759,start_total_in_courses,759,0,0.0,17,3.054018445322793,2.0,0.0,16.0,3.2980335637349296
clean_v1,degree_id,40.111,759,total_reg_credits,759,0,0.0,59,17.859025032938078,15.0,0.0,80.0,16.83804257258407
clean_v1,degree_id,40.111,759,total_reg_courses,759,0,0.0,23,6.258234519104084,5.0,0.0,27.0,5.923811129987795
clean_v1,degree_id,41.111,2112,start_total_in_credits,2112,0,0.0,101,26.554450757575758,22.0,0.0,187.5,24.309504958800797
clean_v1,degree_id,41.111,2112,start_total_in_courses,2112,0,0.0,37,8.538825757575758,8.0,0.0,51.0,7.51650060086121
clean_v1,degree_id,41.111,2112,total_reg_credits,2112,0,0.0,86,27.756155303030305,18.0,0.0,435.5,30.15892234255972
clean_v1,degree_id,41.111,2112,total_reg_courses,2112,0,0.0,34,8.811079545454545,6.0,0.0,136.0,9.414594552687358
clean_v1,degree_id,42.111,1663,start_total_in_credits,1663,0,0.0,90,23.764882742032473,17.0,0.0,101.0,22.24850174314581
clean_v1,degree_id,42.111,1663,start_total_in_courses,1663,0,0.0,39,9.184004810583284,6.0,0.0,40.0,8.752915777824853
clean_v1,degree_id,42.111,1663,total_reg_credits,1663,0,0.0,73,24.40048105832832,17.0,0.0,123.0,21.858577275075916
clean_v1,degree_id,42.111,1663,total_reg_courses,1663,0,0.0,33,9.392663860493085,6.0,0.0,45.0,8.509023683996435
clean_v1,degree_id,44.111,1128,start_total_in_credits,1128,0,0.0,88,21.68351063829787,17.0,0.0,105.0,21.26671821708324
clean_v1,degree_id,44.111,1128,start_total_in_courses,1128,0,0.0,40,8.395390070921986,7.0,0.0,40.0,8.105978165079746
clean_v1,degree_id,44.111,1128,total_reg_credits,1128,0,0.0,65,23.171985815602838,18.0,0.0,83.0,20.76591626669865
clean_v1,degree_id,44.111,1128,total_reg_courses,1128,0,0.0,28,8.88386524822695,7.0,0.0,31.0,7.784462623619248
clean_v1,degree_id,45.111,410,start_total_in_credits,410,0,0.0,44,18.573170731707318,15.0,0.0,102.0,18.436589594815246
clean_v1,degree_id,45.111,410,start_total_in_courses,410,0,0.0,28,6.248780487804878,5.0,0.0,36.0,6.247664481035214
clean_v1,degree_id,45.111,410,total_reg_credits,410,0,0.0,45,24.897560975609757,18.0,0.0,84.0,20.93859327684511
clean_v1,degree_id,45.111,410,total_reg_courses,410,0,0.0,25,8.346341463414634,6.0,0.0,29.0,7.0486988364194305
clean_v1,degree_id,46.111,398,start_total_in_credits,398,0,0.0,60,19.891959798994975,17.0,0.0,85.0,19.44988744415554
clean_v1,degree_id,46.111,398,start_total_in_courses,398,0,0.0,28,6.723618090452261,6.0,0.0,29.0,6.592415684638475
clean_v1,degree_id,46.111,398,total_reg_credits,398,0,0.0,47,21.809045226130653,17.0,0.0,83.0,20.193989144663213
clean_v1,degree_id,46.111,398,total_reg_courses,398,0,0.0,24,7.334170854271357,6.0,0.0,28.0,6.791340477554509
clean_v1,degree_id,47.111,478,start_total_in_credits,478,0,0.0,55,19.368200836820083,17.0,0.0,84.0,18.547530683359067
clean_v1,degree_id,47.111,478,start_total_in_courses,478,0,0.0,27,6.510460251046025,6.0,0.0,29.0,6.25178342668234
clean_v1,degree_id,47.111,478,total_reg_credits,478,0,0.0,51,22.61297071129707,18.0,0.0,84.0,20.239933936343963
clean_v1,degree_id,47.111,478,total_reg_courses,478,0,0.0,24,7.579497907949791,6.0,0.0,29.0,6.804006570231428
clean_v1,degree_id,48.111,449,start_total_in_credits,449,0,0.0,59,18.634743875278396,15.0,0.0,78.0,18.451559288272325
clean_v1,degree_id,48.111,449,start_total_in_courses,449,0,0.0,25,6.267260579064588,5.0,0.0,26.0,6.233895095297893
clean_v1,degree_id,48.111,449,total_reg_credits,449,0,0.0,51,23.677060133630288,18.0,0.0,78.0,21.177722339306246
clean_v1,degree_id,48.111,449,total_reg_courses,449,0,0.0,23,7.939866369710468,6.0,0.0,26.0,7.125685492084469
clean_v1,degree_id,49.111,227,start_total_in_credits,227,0,0.0,49,18.766519823788546,15.0,0.0,118.0,21.55263423017152
clean_v1,degree_id,49.111,227,start_total_in_courses,227,0,0.0,29,6.365638766519824,5.0,0.0,41.0,7.376910876601558
clean_v1,degree_id,49.111,227,total_reg_credits,227,0,0.0,39,23.722466960352424,18.0,0.0,80.0,19.633310530390773
clean_v1,degree_id,49.111,227,total_reg_courses,227,0,0.0,22,7.969162995594714,6.0,0.0,27.0,6.618151541578447
clean_v1,degree_id,5.111,152,start_total_in_credits,152,0,0.0,80,61.66447368421053,46.0,0.0,167.0,53.716935812634
clean_v1,degree_id,5.111,152,start_total_in_courses,152,0,0.0,51,20.855263157894736,15.0,0.0,57.0,18.3445348502132
clean_v1,degree_id,5.111,152,total_reg_credits,152,0,0.0,76,52.651315789473685,42.5,0.0,180.0,44.12493699125698
clean_v1,degree_id,5.111,152,total_reg_courses,152,0,0.0,45,17.44078947368421,14.0,0.0,58.0,14.807253257828673
clean_v1,degree_id,50.111,455,start_total_in_credits,455,0,0.0,99,27.606593406593408,18.0,0.0,158.0,33.20907538172008
clean_v1,degree_id,50.111,455,start_total_in_courses,455,0,0.0,46,9.252747252747254,6.0,0.0,52.0,11.003597135708164
clean_v1,degree_id,50.111,455,total_reg_credits,455,0,0.0,67,25.652747252747254,18.0,0.0,85.0,22.78143295251418
clean_v1,degree_id,50.111,455,total_reg_courses,455,0,0.0,27,8.602197802197802,6.0,0.0,29.0,7.648816931092652
clean_v1,degree_id,53.111,211,start_total_in_credits,211,0,0.0,56,23.009478672985782,20.0,0.0,72.0,18.333677188462044
clean_v1,degree_id,53.111,211,start_total_in_courses,211,0,0.0,24,7.9336492890995265,7.0,0.0,25.0,6.334738349182753
clean_v1,degree_id,53.111,211,total_reg_credits,211,0,0.0,50,28.071090047393366,29.0,0.0,95.0,21.509680395368513
clean_v1,degree_id,53.111,211,total_reg_courses,211,0,0.0,25,9.672985781990521,10.0,0.0,33.0,7.440057609530334
clean_v1,degree_id,55.111,242,start_total_in_credits,242,0,0.0,55,24.132231404958677,18.5,0.0,82.0,20.4413713390293
clean_v1,degree_id,55.111,242,start_total_in_courses,242,0,0.0,28,8.347107438016529,6.5,0.0,28.0,7.041914516883741
clean_v1,degree_id,55.111,242,total_reg_credits,242,0,0.0,53,27.607438016528924,27.5,0.0,82.0,21.57431493184198
clean_v1,degree_id,55.111,242,total_reg_courses,242,0,0.0,25,9.578512396694215,9.5,0.0,28.0,7.4335251195623995
clean_v1,degree_id,6.111,1480,start_total_in_credits,1480,0,0.0,166,94.02567567567567,97.0,0.0,170.0,45.37823183523619
clean_v1,degree_id,6.111,1480,start_total_in_courses,1480,0,0.0,59,31.887162162162163,33.0,0.0,58.0,15.504021508907575
clean_v1,degree_id,6.111,1480,total_reg_credits,1480,0,0.0,259,135.66486486486485,137.0,0.0,413.0,61.94281738348934
clean_v1,degree_id,6.111,1480,total_reg_courses,1480,0,0.0,105,45.51148648648649,46.0,0.0,142.0,21.112080643729136
clean_v1,degree_id,7.111,958,start_total_in_credits,958,0,0.0,127,46.72651356993737,42.0,0.0,131.0,34.143013907670735
clean_v1,degree_id,7.111,958,start_total_in_courses,958,0,0.0,50,18.825678496868477,18.0,0.0,49.0,13.08631773730128
clean_v1,degree_id,7.111,958,total_reg_credits,958,0,0.0,151,65.7035490605428,63.0,0.0,188.0,42.608001661340865
clean_v1,degree_id,7.111,958,total_reg_courses,958,0,0.0,65,26.723382045929018,26.5,0.0,74.0,16.610973706679044
clean_v1,degree_id,8.111,2826,start_total_in_credits,2826,0,0.0,133,59.79016277423921,56.0,0.0,134.0,38.110925971641954
clean_v1,degree_id,8.111,2826,start_total_in_courses,2826,0,0.0,51,23.640835102618542,23.0,0.0,50.0,14.255872227474317
clean_v1,degree_id,8.111,2826,total_reg_credits,2826,0,0.0,237,82.32625619249824,78.0,0.0,331.0,53.38318714408461
clean_v1,degree_id,8.111,2826,total_reg_courses,2826,0,0.0,109,33.01663128096249,32.0,0.0,131.0,20.651274089815153
clean_v1,progress_quartile,"(-0.001, 32.0]",20621,start_total_in_credits,20621,0,0.0,32,12.389166383783522,13.0,0.0,32.0,10.93817813975346
clean_v1,progress_quartile,"(-0.001, 32.0]",20621,start_total_in_courses,20621,0,0.0,16,4.5335337762475145,5.0,0.0,15.0,4.054813937959503
clean_v1,progress_quartile,"(-0.001, 32.0]",20621,total_reg_credits,20621,0,0.0,177,22.309829785170457,17.0,0.0,360.0,23.565571372196487
clean_v1,progress_quartile,"(-0.001, 32.0]",20621,total_reg_courses,20621,0,0.0,80,8.046118035012851,6.0,0.0,115.0,8.551382727053793
clean_v1,progress_quartile,"(128.0, 251.0]",20370,start_total_in_credits,20370,0,0.0,215,167.1300441826215,161.0,128.5,251.0,28.760299785994334
clean_v1,progress_quartile,"(128.0, 251.0]",20370,start_total_in_courses,20370,0,0.0,48,56.62906234658812,57.0,34.0,81.0,9.263107181244632
clean_v1,progress_quartile,"(128.0, 251.0]",20370,total_reg_credits,20370,0,0.0,897,210.39347079037802,192.0,45.0,996.0,74.06611971360967
clean_v1,progress_quartile,"(128.0, 251.0]",20370,total_reg_courses,20370,0,0.0,213,70.71143838978891,66.0,12.0,278.0,23.238339335771194
clean_v1,progress_quartile,"(32.0, 76.0]",20785,start_total_in_credits,20785,0,0.0,48,53.43762328602357,53.0,33.0,76.0,12.940363630986267
clean_v1,progress_quartile,"(32.0, 76.0]",20785,start_total_in_courses,20785,0,0.0,26,19.478854943468846,19.0,9.0,34.0,5.1439580017315905
clean_v1,progress_quartile,"(32.0, 76.0]",20785,total_reg_credits,20785,0,0.0,297,74.32268462833774,67.0,8.0,370.0,38.57396582917181
clean_v1,progress_quartile,"(32.0, 76.0]",20785,total_reg_courses,20785,0,0.0,129,26.833581910031274,24.0,3.0,156.0,14.515218182415362
clean_v1,progress_quartile,"(76.0, 128.0]",20524,start_total_in_credits,20524,0,0.0,97,101.67126291171311,101.0,77.0,128.0,14.89556951165725
clean_v1,progress_quartile,"(76.0, 128.0]",20524,start_total_in_courses,20524,0,0.0,36,36.9649191190801,36.0,21.0,56.0,6.850193030717657
clean_v1,progress_quartile,"(76.0, 128.0]",20524,total_reg_credits,20524,0,0.0,545,131.51222958487625,120.0,12.0,729.0,49.38068721339265
clean_v1,progress_quartile,"(76.0, 128.0]",20524,total_reg_courses,20524,0,0.0,162,47.449571233677645,44.0,4.0,199.0,18.708803668559625
clean_v2,year,2020,14941,start_total_in_credits,14941,0,0.0,348,81.13011177297369,74.0,0.0,251.0,60.177824151364874
clean_v2,year,2020,14941,start_total_in_courses,14941,0,0.0,82,28.769560270396894,26.0,0.0,81.0,20.84977760004369
clean_v2,year,2020,14941,total_reg_credits,14941,0,0.0,623,109.85964794859783,100.0,0.0,943.0,86.92684694035852
clean_v2,year,2020,14941,total_reg_courses,14941,0,0.0,179,38.62479084398635,35.0,0.0,263.0,29.491605432655025
clean_v2,year,2021,17279,start_total_in_credits,17279,0,0.0,365,79.54129289889461,69.0,0.0,251.0,61.78253142458668
clean_v2,year,2021,17279,start_total_in_courses,17279,0,0.0,82,27.945540829909138,25.0,0.0,81.0,21.02432701197211
clean_v2,year,2021,17279,total_reg_credits,17279,0,0.0,690,106.9903929625557,88.0,0.0,981.0,89.17154955988211
clean_v2,year,2021,17279,total_reg_courses,17279,0,0.0,181,37.35956941952659,31.0,0.0,273.0,30.089392028231025
clean_v2,year,2022,18419,start_total_in_credits,18419,0,0.0,364,82.1439003203214,72.0,0.0,250.0,61.430031851180935
clean_v2,year,2022,18419,start_total_in_courses,18419,0,0.0,82,28.809870242684184,26.0,0.0,81.0,20.603188494296102
clean_v2,year,2022,18419,total_reg_credits,18419,0,0.0,714,110.27772951843205,91.0,0.0,984.0,87.53313057363408
clean_v2,year,2022,18419,total_reg_courses,18419,0,0.0,181,38.440903414951954,32.0,0.0,274.0,29.471795527947997
clean_v2,year,2023,19066,start_total_in_credits,19066,0,0.0,370,85.56220497220183,77.0,0.0,251.0,61.31133108511368
clean_v2,year,2023,19066,start_total_in_courses,19066,0,0.0,82,29.88335256477499,28.0,0.0,81.0,20.423328089322645
clean_v2,year,2023,19066,total_reg_credits,19066,0,0.0,724,112.46664219028638,97.25,0.0,996.0,86.88485263759408
clean_v2,year,2023,19066,total_reg_courses,19066,0,0.0,186,39.06902339242631,35.0,0.0,278.0,29.077410240061734
clean_v2,year,2024,18187,start_total_in_credits,18187,0,0.0,359,87.37320613625117,82.0,0.0,253.0,60.71482279560426
clean_v2,year,2024,18187,start_total_in_courses,18187,0,0.0,82,30.432176829603563,29.0,0.0,81.0,20.318676747585325
clean_v2,year,2024,18187,total_reg_credits,18187,0,0.0,725,113.82820146258317,103.0,0.0,954.5,85.96782876784046
clean_v2,year,2024,18187,total_reg_courses,18187,0,0.0,187,39.417441029306644,37.0,0.0,242.0,28.825200053554415
clean_v2,degree_id,1.111,15865,start_total_in_credits,15865,0,0.0,187,98.0570438071226,101.0,0.0,187.0,51.46166080186092
clean_v2,degree_id,1.111,15865,start_total_in_courses,15865,0,0.0,82,41.00214308225654,42.0,0.0,81.0,22.573988740830785
clean_v2,degree_id,1.111,15865,total_reg_credits,15865,0,0.0,407,125.30028364323984,121.0,0.0,508.0,75.86169363596106
clean_v2,degree_id,1.111,15865,total_reg_courses,15865,0,0.0,194,52.461834226284275,50.0,0.0,214.0,32.856300865968755
clean_v2,degree_id,10.111,907,start_total_in_credits,907,0,0.0,130,57.229327453142226,55.0,0.0,133.0,36.38290206666058
clean_v2,degree_id,10.111,907,start_total_in_courses,907,0,0.0,51,22.839029768467476,23.0,0.0,50.0,13.777180574282083
clean_v2,degree_id,10.111,907,total_reg_credits,907,0,0.0,174,74.5832414553473,71.0,0.0,251.0,48.643843100649185
clean_v2,degree_id,10.111,907,total_reg_courses,907,0,0.0,80,29.844542447629546,30.0,0.0,97.0,18.666442381332992
clean_v2,degree_id,11.111,2508,start_total_in_credits,2508,0,0.0,134,58.609250398724086,55.0,0.0,135.0,38.20822939543788
clean_v2,degree_id,11.111,2508,start_total_in_courses,2508,0,0.0,51,23.18580542264753,23.0,0.0,50.0,14.305424125933301
clean_v2,degree_id,11.111,2508,total_reg_credits,2508,0,0.0,205,76.87998405103669,75.0,0.0,359.0,49.65195528297111
clean_v2,degree_id,11.111,2508,total_reg_courses,2508,0,0.0,95,30.832934609250398,31.0,0.0,141.0,19.110108590470112
clean_v2,degree_id,13.111,14324,start_total_in_credits,14324,0,0.0,179,94.14611840268081,96.0,0.0,179.0,50.02648546176755
clean_v2,degree_id,13.111,14324,start_total_in_courses,14324,0,0.0,70,36.04565763753141,37.0,0.0,69.0,18.821510545829522
clean_v2,degree_id,13.111,14324,total_reg_credits,14324,0,0.0,408,135.58496230103324,132.0,0.0,623.0,80.51657626434681
clean_v2,degree_id,13.111,14324,total_reg_courses,14324,0,0.0,170,51.043144373080146,50.0,0.0,210.0,29.662321830337287
clean_v2,degree_id,2.111,18380,start_total_in_credits,18380,0,0.0,393,128.33400435255712,127.0,0.0,253.0,70.58248708319142
clean_v2,degree_id,2.111,18380,start_total_in_courses,18380,0,0.0,67,36.511371055495104,38.0,0.0,68.0,18.613310725633006
clean_v2,degree_id,2.111,18380,total_reg_credits,18380,0,0.0,983,164.37573449401523,154.0,0.0,996.0,109.61106846941765
clean_v2,degree_id,2.111,18380,total_reg_courses,18380,0,0.0,217,46.05,44.0,0.0,278.0,29.291717880382443
clean_v2,degree_id,20.111,362,start_total_in_credits,362,0,0.0,114,133.67955801104972,143.5,30.0,177.0,35.16328467702909
clean_v2,degree_id,20.111,362,start_total_in_courses,362,0,0.0,48,45.99723756906077,49.0,11.0,61.0,11.978165412176672
clean_v2,degree_id,20.111,362,total_reg_credits,362,0,0.0,177,222.00552486187846,213.5,97.0,457.0,59.765654747495965
clean_v2,degree_id,20.111,362,total_reg_courses,362,0,0.0,86,75.65193370165746,73.0,32.0,156.0,20.64299789036005
clean_v2,degree_id,21.111,852,start_total_in_credits,852,0,0.0,54,12.79225352112676,12.0,0.0,67.0,13.89486412203189
clean_v2,degree_id,21.111,852,start_total_in_courses,852,0,0.0,21,4.187793427230047,4.0,0.0,23.0,4.489961783516877
clean_v2,degree_id,21.111,852,total_reg_credits,852,0,0.0,70,20.328638497652584,17.0,0.0,95.0,19.393263916516798
clean_v2,degree_id,21.111,852,total_reg_courses,852,0,0.0,27,6.60093896713615,6.0,0.0,30.0,6.226655037806645
clean_v2,degree_id,22.111,1255,start_total_in_credits,1255,0,0.0,58,15.399203187250995,13.0,0.0,66.0,13.385196159884483
clean_v2,degree_id,22.111,1255,start_total_in_courses,1255,0,0.0,27,6.520318725099601,6.0,0.0,26.0,5.5711457502118575
clean_v2,degree_id,22.111,1255,total_reg_credits,1255,0,0.0,127,43.6390438247012,35.0,0.0,224.0,35.837724446494406
clean_v2,degree_id,22.111,1255,total_reg_courses,1255,0,0.0,62,18.43426294820717,15.0,0.0,91.0,14.819765851151503
clean_v2,degree_id,24.111,4945,start_total_in_credits,4945,0,0.0,180,67.49666329625884,61.0,0.0,180.0,48.72714424585198
clean_v2,degree_id,24.111,4945,start_total_in_courses,4945,0,0.0,62,22.685338725985844,21.0,0.0,61.0,16.224509426175928
clean_v2,degree_id,24.111,4945,total_reg_credits,4945,0,0.0,258,90.15470171890799,85.0,0.0,300.0,58.63485178706283
clean_v2,degree_id,24.111,4945,total_reg_courses,4945,0,0.0,95,30.25278058645096,29.0,0.0,100.0,19.605814185903622
clean_v2,degree_id,26.111,1894,start_total_in_credits,1894,0,0.0,165,63.70960929250264,62.0,0.0,172.0,41.31404909304054
clean_v2,degree_id,26.111,1894,start_total_in_courses,1894,0,0.0,62,22.55491024287223,22.0,0.0,61.0,14.604954498316959
clean_v2,degree_id,26.111,1894,total_reg_credits,1894,0,0.0,184,84.86378035902851,83.0,0.0,233.0,44.03693195828102
clean_v2,degree_id,26.111,1894,total_reg_courses,1894,0,0.0,71,28.73389651531151,28.0,0.0,77.0,15.072003338994763
clean_v2,degree_id,27.111,988,start_total_in_credits,988,0,0.0,147,57.625506072874494,57.0,0.0,164.0,39.08815585717826
clean_v2,degree_id,27.111,988,start_total_in_courses,988,0,0.0,57,20.32591093117409,20.0,0.0,58.0,13.76128280495151
clean_v2,degree_id,27.111,988,total_reg_credits,988,0,0.0,163,78.37955465587045,75.5,0.0,222.0,44.100082673362586
clean_v2,degree_id,27.111,988,total_reg_courses,988,0,0.0,63,26.473684210526315,25.0,0.0,75.0,14.985380102218874
clean_v2,degree_id,29.111,1169,start_total_in_credits,1169,0,0.0,151,54.81522668947819,51.0,0.0,173.0,38.86684866931806
clean_v2,degree_id,29.111,1169,start_total_in_courses,1169,0,0.0,59,19.459366980325065,18.0,0.0,62.0,13.71631365255918
clean_v2,degree_id,29.111,1169,total_reg_credits,1169,0,0.0,178,77.3011120615911,73.0,0.0,277.0,47.32863834216978
clean_v2,degree_id,29.111,1169,total_reg_courses,1169,0,0.0,71,26.343028229255776,25.0,0.0,94.0,16.114409171460927
clean_v2,degree_id,3.111,6279,start_total_in_credits,6279,0,0.0,172,78.0248447204969,75.0,0.0,172.0,47.96447947067264
clean_v2,degree_id,3.111,6279,start_total_in_courses,6279,0,0.0,60,26.21261347348304,25.0,0.0,59.0,16.473806334898693
clean_v2,degree_id,3.111,6279,total_reg_credits,6279,0,0.0,268,101.88294314381271,101.0,0.0,321.0,59.77666697380147
clean_v2,degree_id,3.111,6279,total_reg_courses,6279,0,0.0,103,34.005733397037744,34.0,0.0,108.0,20.381764932520635
clean_v2,degree_id,30.111,489,start_total_in_credits,489,0,0.0,117,41.65439672801636,35.0,0.0,165.0,34.34535884623584
clean_v2,degree_id,30.111,489,start_total_in_courses,489,0,0.0,54,14.803680981595091,13.0,0.0,58.0,12.165790637375153
clean_v2,degree_id,30.111,489,total_reg_credits,489,0,0.0,146,65.99795501022494,61.0,0.0,283.0,49.08960103968738
clean_v2,degree_id,30.111,489,total_reg_courses,489,0,0.0,65,22.4560327198364,20.0,0.0,96.0,16.4685060028571
clean_v2,degree_id,31.111,389,start_total_in_credits,389,0,0.0,92,29.799485861182518,23.0,0.0,123.0,27.926835554084477
clean_v2,degree_id,31.111,389,start_total_in_courses,389,0,0.0,42,10.488431876606684,8.0,0.0,44.0,9.83932750921629
clean_v2,degree_id,31.111,389,total_reg_credits,389,0,0.0,111,50.33676092544987,46.0,0.0,175.0,38.33220511887061
clean_v2,degree_id,31.111,389,total_reg_courses,389,0,0.0,50,17.17994858611825,16.0,0.0,58.0,12.947694496737824
clean_v2,degree_id,33.111,153,start_total_in_credits,153,0,0.0,70,39.22875816993464,35.0,0.0,112.0,29.583178170787438
clean_v2,degree_id,33.111,153,start_total_in_courses,153,0,0.0,37,13.81045751633987,12.0,0.0,39.0,10.450227669382771
clean_v2,degree_id,33.111,153,total_reg_credits,153,0,0.0,69,53.58169934640523,52.0,0.0,147.0,34.46615700469332
clean_v2,degree_id,33.111,153,total_reg_courses,153,0,0.0,38,18.686274509803923,18.0,0.0,51.0,12.106148170636759
clean_v2,degree_id,34.111,451,start_total_in_credits,451,0,0.0,101,43.37250554323725,40.0,0.0,125.0,30.732733872271403
clean_v2,degree_id,34.111,451,start_total_in_courses,451,0,0.0,43,15.199556541019955,14.0,0.0,43.0,10.80452990507101
clean_v2,degree_id,34.111,451,total_reg_credits,451,0,0.0,102,52.11973392461197,51.0,0.0,146.0,33.944514672822926
clean_v2,degree_id,34.111,451,total_reg_courses,451,0,0.0,42,18.20620842572062,18.0,0.0,50.0,11.911322588790885
clean_v2,degree_id,35.111,156,start_total_in_credits,156,0,0.0,68,36.57692307692308,35.0,0.0,112.0,27.13123148853305
clean_v2,degree_id,35.111,156,start_total_in_courses,156,0,0.0,37,12.903846153846153,12.0,0.0,39.0,9.62173537171312
clean_v2,degree_id,35.111,156,total_reg_credits,156,0,0.0,66,49.73717948717949,48.0,0.0,120.0,32.15629415726985
clean_v2,degree_id,35.111,156,total_reg_courses,156,0,0.0,35,17.384615384615383,17.0,0.0,42.0,11.321382303874005
clean_v2,degree_id,36.111,433,start_total_in_credits,433,0,0.0,94,40.39953810623557,37.0,0.0,121.0,28.91598141629714
clean_v2,degree_id,36.111,433,start_total_in_courses,433,0,0.0,43,14.087759815242494,13.0,0.0,42.0,10.193346723410286
clean_v2,degree_id,36.111,433,total_reg_credits,433,0,0.0,90,47.83602771362587,46.0,0.0,123.0,31.614260655232915
clean_v2,degree_id,36.111,433,total_reg_courses,433,0,0.0,39,16.66743648960739,16.0,0.0,43.0,11.162116698916899
clean_v2,degree_id,37.111,120,start_total_in_credits,120,0,0.0,58,42.725,43.0,0.0,115.0,28.28752805915496
clean_v2,degree_id,37.111,120,start_total_in_courses,120,0,0.0,32,14.975,15.0,0.0,40.0,10.017180619466997
clean_v2,degree_id,37.111,120,total_reg_credits,120,0,0.0,64,50.125,50.5,0.0,118.0,32.59647929124975
clean_v2,degree_id,37.111,120,total_reg_courses,120,0,0.0,37,17.491666666666667,17.5,0.0,41.0,11.476681388200795
clean_v2,degree_id,39.111,335,start_total_in_credits,335,0,0.0,45,14.552238805970148,12.0,0.0,63.0,13.016897795030658
clean_v2,degree_id,39.111,335,start_total_in_courses,335,0,0.0,21,5.017910447761194,4.0,0.0,22.0,4.553044824904004
clean_v2,degree_id,39.111,335,total_reg_credits,335,0,0.0,69,35.17910447761194,31.0,0.0,106.0,25.305158744332704
clean_v2,degree_id,39.111,335,total_reg_courses,335,0,0.0,30,12.06865671641791,11.0,0.0,36.0,8.769404641765888
clean_v2,degree_id,4.111,402,start_total_in_credits,402,0,0.0,116,41.67661691542288,30.0,0.0,164.0,40.878262190292126
clean_v2,degree_id,4.111,402,start_total_in_courses,402,0,0.0,55,13.791044776119403,9.5,0.0,56.0,13.853746917129508
clean_v2,degree_id,4.111,402,total_reg_credits,402,0,0.0,124,53.159203980099505,34.5,0.0,231.0,51.090106965915744
clean_v2,degree_id,4.111,402,total_reg_courses,402,0,0.0,64,17.48258706467662,11.0,0.0,80.0,17.237983498249356
clean_v2,degree_id,40.111,922,start_total_in_credits,922,0,0.0,43,9.535791757049891,8.0,0.0,55.0,10.153400978756583
clean_v2,degree_id,40.111,922,start_total_in_courses,922,0,0.0,18,3.3058568329718003,3.0,0.0,19.0,3.5160170767098777
clean_v2,degree_id,40.111,922,total_reg_credits,922,0,0.0,62,19.900216919739698,17.0,0.0,89.0,17.150886244614185
clean_v2,degree_id,40.111,922,total_reg_courses,922,0,0.0,24,6.969631236442516,6.0,0.0,33.0,6.028447731973296
clean_v2,degree_id,41.111,2179,start_total_in_credits,2179,0,0.0,102,26.529141808168884,22.0,0.0,187.5,24.237356473098128
clean_v2,degree_id,41.111,2179,start_total_in_courses,2179,0,0.0,37,8.536943552088113,8.0,0.0,51.0,7.493240787813932
clean_v2,degree_id,41.111,2179,total_reg_credits,2179,0,0.0,87,27.887563102340522,18.0,0.0,435.5,29.945316345900377
clean_v2,degree_id,41.111,2179,total_reg_courses,2179,0,0.0,34,8.860027535566774,6.0,0.0,136.0,9.343469220751533
clean_v2,degree_id,42.111,1730,start_total_in_credits,1730,0,0.0,90,23.776300578034682,17.0,0.0,101.0,22.194398862022787
clean_v2,degree_id,42.111,1730,start_total_in_courses,1730,0,0.0,39,9.190173410404624,6.0,0.0,40.0,8.73206442219934
clean_v2,degree_id,42.111,1730,total_reg_credits,1730,0,0.0,77,24.871676300578034,17.0,0.0,148.0,22.423593191131225
clean_v2,degree_id,42.111,1730,total_reg_courses,1730,0,0.0,36,9.561271676300578,6.0,0.0,56.0,8.680766091970245
clean_v2,degree_id,44.111,1181,start_total_in_credits,1181,0,0.0,89,21.70618120237087,17.0,0.0,105.0,21.195199426037746
clean_v2,degree_id,44.111,1181,start_total_in_courses,1181,0,0.0,40,8.408975444538527,7.0,0.0,40.0,8.079345126816287
clean_v2,degree_id,44.111,1181,total_reg_credits,1181,0,0.0,66,23.392887383573242,18.0,0.0,85.0,20.617741665898176
clean_v2,degree_id,44.111,1181,total_reg_courses,1181,0,0.0,28,8.973751058425064,7.0,0.0,31.0,7.726039301642073
clean_v2,degree_id,45.111,445,start_total_in_credits,445,0,0.0,47,19.042696629213484,15.0,0.0,102.0,18.61766747638819
clean_v2,degree_id,45.111,445,start_total_in_courses,445,0,0.0,28,6.413483146067415,5.0,0.0,36.0,6.312778243109349
clean_v2,degree_id,45.111,445,total_reg_credits,445,0,0.0,46,25.689887640449438,18.0,0.0,84.0,20.87344990708012
clean_v2,degree_id,45.111,445,total_reg_courses,445,0,0.0,25,8.620224719101124,6.0,0.0,29.0,7.031912132391578
clean_v2,degree_id,46.111,424,start_total_in_credits,424,0,0.0,60,19.875,17.0,0.0,85.0,19.29504493037651
clean_v2,degree_id,46.111,424,start_total_in_courses,424,0,0.0,28,6.71933962264151,6.0,0.0,29.0,6.539858048772571
clean_v2,degree_id,46.111,424,total_reg_credits,424,0,0.0,49,22.172169811320753,17.0,0.0,83.0,19.961217220318062
clean_v2,degree_id,46.111,424,total_reg_courses,424,0,0.0,24,7.459905660377358,6.0,0.0,28.0,6.714600441778635
clean_v2,degree_id,47.111,516,start_total_in_credits,516,0,0.0,61,19.684108527131784,18.0,0.0,84.0,18.699125657869182
clean_v2,degree_id,47.111,516,start_total_in_courses,516,0,0.0,27,6.622093023255814,6.0,0.0,29.0,6.308463745956564
clean_v2,degree_id,47.111,516,total_reg_credits,516,0,0.0,55,23.453488372093023,18.0,0.0,84.0,20.418337642410467
clean_v2,degree_id,47.111,516,total_reg_courses,516,0,0.0,24,7.864341085271318,6.0,0.0,29.0,6.869731538397154
clean_v2,degree_id,48.111,483,start_total_in_credits,483,0,0.0,59,18.86128364389234,15.0,0.0,78.0,18.284502768803062
clean_v2,degree_id,48.111,483,start_total_in_courses,483,0,0.0,25,6.345755693581781,5.0,0.0,26.0,6.177737234836083
clean_v2,degree_id,48.111,483,total_reg_credits,483,0,0.0,51,23.958592132505174,18.0,0.0,78.0,20.822066367349997
clean_v2,degree_id,48.111,483,total_reg_courses,483,0,0.0,23,8.0351966873706,6.0,0.0,26.0,7.004800022366806
clean_v2,degree_id,49.111,264,start_total_in_credits,264,0,0.0,53,18.74621212121212,15.0,0.0,118.0,21.263867871395643
clean_v2,degree_id,49.111,264,start_total_in_courses,264,0,0.0,29,6.371212121212121,5.0,0.0,41.0,7.28653667911761
clean_v2,degree_id,49.111,264,total_reg_credits,264,0,0.0,44,24.856060606060606,27.0,0.0,80.0,19.254206029369477
clean_v2,degree_id,49.111,264,total_reg_courses,264,0,0.0,22,8.352272727272727,9.0,0.0,27.0,6.500142916347423
clean_v2,degree_id,5.111,161,start_total_in_credits,161,0,0.0,82,60.39751552795031,45.0,0.0,167.0,52.79622139688427
clean_v2,degree_id,5.111,161,start_total_in_courses,161,0,0.0,52,20.428571428571427,15.0,0.0,57.0,18.02314979606585
clean_v2,degree_id,5.111,161,total_reg_credits,161,0,0.0,79,55.298136645962735,43.0,0.0,180.0,45.94927158297737
clean_v2,degree_id,5.111,161,total_reg_courses,161,0,0.0,48,18.267080745341616,14.0,0.0,58.0,15.29655098542444
clean_v2,degree_id,50.111,505,start_total_in_credits,505,0,0.0,99,26.45940594059406,18.0,0.0,158.0,32.10305262341311
clean_v2,degree_id,50.111,505,start_total_in_courses,505,0,0.0,46,8.875247524752476,6.0,0.0,52.0,10.6440553304228
clean_v2,degree_id,50.111,505,total_reg_credits,505,0,0.0,68,26.08316831683168,18.0,0.0,85.0,22.108611181043234
clean_v2,degree_id,50.111,505,total_reg_courses,505,0,0.0,27,8.756435643564357,6.0,0.0,29.0,7.4339741321274255
clean_v2,degree_id,53.111,224,start_total_in_credits,224,0,0.0,61,24.84375,22.5,0.0,84.0,19.882336759607043
clean_v2,degree_id,53.111,224,start_total_in_courses,224,0,0.0,26,8.571428571428571,8.0,0.0,29.0,6.879767288944594
clean_v2,degree_id,53.111,224,total_reg_credits,224,0,0.0,54,29.834821428571427,31.0,0.0,95.0,22.62809955904534
clean_v2,degree_id,53.111,224,total_reg_courses,224,0,0.0,25,10.285714285714286,11.0,0.0,33.0,7.83281423625668
clean_v2,degree_id,55.111,251,start_total_in_credits,251,0,0.0,57,25.422310756972113,20.0,0.0,82.0,21.20709645941763
clean_v2,degree_id,55.111,251,start_total_in_courses,251,0,0.0,28,8.792828685258964,7.0,0.0,28.0,7.3084135328081885
clean_v2,degree_id,55.111,251,total_reg_credits,251,0,0.0,56,28.756972111553786,29.0,0.0,82.0,22.145353941520536
clean_v2,degree_id,55.111,251,total_reg_courses,251,0,0.0,25,9.97609561752988,10.0,0.0,28.0,7.635668031994366
clean_v2,degree_id,6.111,1653,start_total_in_credits,1653,0,0.0,167,94.01149425287356,96.0,0.0,172.0,46.353108230415124
clean_v2,degree_id,6.111,1653,start_total_in_courses,1653,0,0.0,60,31.895946763460376,33.0,0.0,59.0,15.835796770237161
clean_v2,degree_id,6.111,1653,total_reg_credits,1653,0,0.0,267,138.1772534785239,138.0,0.0,413.0,62.448172529373096
clean_v2,degree_id,6.111,1653,total_reg_courses,1653,0,0.0,111,46.34240774349667,46.0,0.0,142.0,21.31602685156857
clean_v2,degree_id,7.111,1025,start_total_in_credits,1025,0,0.0,127,47.101463414634146,42.0,0.0,131.0,34.036966459232985
clean_v2,degree_id,7.111,1025,start_total_in_courses,1025,0,0.0,50,18.968780487804878,18.0,0.0,49.0,13.03424729377358
clean_v2,degree_id,7.111,1025,total_reg_credits,1025,0,0.0,151,66.55609756097562,65.0,0.0,188.0,42.437949008005766
clean_v2,degree_id,7.111,1025,total_reg_courses,1025,0,0.0,65,27.040975609756096,27.0,0.0,74.0,16.523370021268544
clean_v2,degree_id,8.111,3025,start_total_in_credits,3025,0,0.0,133,60.3798347107438,57.0,0.0,134.0,38.17638925306113
clean_v2,degree_id,8.111,3025,start_total_in_courses,3025,0,0.0,51,23.861818181818183,23.0,0.0,50.0,14.259804016255293
clean_v2,degree_id,8.111,3025,total_reg_credits,3025,0,0.0,242,83.87900826446281,80.0,0.0,343.0,54.07826643978649
clean_v2,degree_id,8.111,3025,total_reg_courses,3025,0,0.0,110,33.60793388429752,33.0,0.0,135.0,20.885751592230214
clean_v2,progress_quartile,"(-0.001, 32.0]",22480,start_total_in_credits,22480,0,0.0,32,12.45894128113879,13.0,0.0,32.0,10.88873823897714
clean_v2,progress_quartile,"(-0.001, 32.0]",22480,start_total_in_courses,22480,0,0.0,16,4.5692170818505335,5.0,0.0,15.0,4.043373863698346
clean_v2,progress_quartile,"(-0.001, 32.0]",22480,total_reg_credits,22480,0,0.0,187,23.720818505338077,18.0,0.0,476.0,24.85732753877104
clean_v2,progress_quartile,"(-0.001, 32.0]",22480,total_reg_courses,22480,0,0.0,84,8.566903914590748,6.0,0.0,136.0,8.969907767802983
clean_v2,progress_quartile,"(128.0, 253.0]",21792,start_total_in_credits,21792,0,0.0,216,168.64340124816445,162.0,128.5,253.0,29.764956493891734
clean_v2,progress_quartile,"(128.0, 253.0]",21792,start_total_in_courses,21792,0,0.0,48,56.84131791483113,57.0,34.0,81.0,9.197473274338122
clean_v2,progress_quartile,"(128.0, 253.0]",21792,total_reg_credits,21792,0,0.0,919,213.41189427312776,195.0,45.0,996.0,75.88693372361416
clean_v2,progress_quartile,"(128.0, 253.0]",21792,total_reg_courses,21792,0,0.0,220,71.43479258443466,67.0,12.0,278.0,23.8222708666939
clean_v2,progress_quartile,"(32.0, 75.0]",21673,start_total_in_credits,21673,0,0.0,47,52.89466156046694,53.0,33.0,75.0,12.631863565172475
clean_v2,progress_quartile,"(32.0, 75.0]",21673,start_total_in_courses,21673,0,0.0,26,19.293221981267013,19.0,9.0,34.0,5.019965556210637
clean_v2,progress_quartile,"(32.0, 75.0]",21673,total_reg_credits,21673,0,0.0,313,75.6998338947077,67.0,8.0,388.0,40.81071057241398
clean_v2,progress_quartile,"(32.0, 75.0]",21673,total_reg_courses,21673,0,0.0,134,27.321229179163012,24.0,3.0,164.0,15.230570110603063
clean_v2,progress_quartile,"(75.0, 128.0]",21947,start_total_in_credits,21947,0,0.0,98,101.08046657857565,101.0,76.0,128.0,15.186314262924096
clean_v2,progress_quartile,"(75.0, 128.0]",21947,start_total_in_courses,21947,0,0.0,36,36.77258850868,36.0,21.0,56.0,6.913830823087143
clean_v2,progress_quartile,"(75.0, 128.0]",21947,total_reg_credits,21947,0,0.0,566,132.64817514922314,121.0,12.0,729.0,51.25078974143949
clean_v2,progress_quartile,"(75.0, 128.0]",21947,total_reg_courses,21947,0,0.0,165,47.889142023966826,44.0,4.0,199.0,19.428545745878775
train_v2_course,year,2020,60963,start_total_in_credits,60963,0,0.0,336,77.20940570509981,72.0,0.0,250.0,56.03575358096512
train_v2_course,year,2020,60963,start_total_in_courses,60963,0,0.0,82,28.353558715942455,26.0,0.0,81.0,20.813203798813127
train_v2_course,year,2020,60963,total_reg_credits,60963,0,0.0,519,97.55843708478913,91.0,0.0,457.5,73.31967004886008
train_v2_course,year,2020,60963,total_reg_courses,60963,0,0.0,143,35.569082886340894,33.0,0.0,166.0,26.97660425961258
train_v2_course,year,2021,70082,start_total_in_credits,70082,0,0.0,355,74.2817913301561,66.0,0.0,248.0,56.85692341369703
train_v2_course,year,2021,70082,start_total_in_courses,70082,0,0.0,82,27.00803344653406,24.0,0.0,81.0,20.807493630243826
train_v2_course,year,2021,70082,total_reg_credits,70082,0,0.0,566,92.70970434633715,79.0,0.0,477.5,74.40703872519761
train_v2_course,year,2021,70082,total_reg_courses,70082,0,0.0,142,33.500556490967725,28.0,0.0,167.0,27.05921395554719
train_v2_course,year,2022,74324,start_total_in_credits,74324,0,0.0,353,76.16340616759055,70.0,0.0,250.0,55.32553688955802
train_v2_course,year,2022,74324,start_total_in_courses,74324,0,0.0,82,27.622800172218934,25.0,0.0,81.0,20.02027624245182
train_v2_course,year,2022,74324,total_reg_credits,74324,0,0.0,603,94.74381088208385,82.0,0.0,492.5,71.79933727222131
train_v2_course,year,2022,74324,total_reg_courses,74324,0,0.0,145,34.078628706743444,29.0,0.0,157.0,25.924869766424855
train_v2_course,year,2023,77014,start_total_in_credits,77014,0,0.0,360,79.39292855844391,74.0,0.0,249.0,54.96843860771902
train_v2_course,year,2023,77014,start_total_in_courses,77014,0,0.0,81,28.561235619497754,27.0,0.0,80.0,19.637928874039897
train_v2_course,year,2023,77014,total_reg_credits,77014,0,0.0,615,96.11939387643805,87.0,0.0,471.0,70.39049264263393
train_v2_course,year,2023,77014,total_reg_courses,77014,0,0.0,145,34.333238112550966,31.0,0.0,169.0,25.08754587611213
train_v2_course,year,2024,74433,start_total_in_credits,74433,0,0.0,349,82.23199387368506,80.0,0.0,249.0,55.70883970891544
train_v2_course,year,2024,74433,start_total_in_courses,74433,0,0.0,81,29.40472639823734,29.0,0.0,80.0,19.88564436474248
train_v2_course,year,2024,74433,total_reg_credits,74433,0,0.0,613,98.31818548224578,94.0,0.0,495.0,70.55607364511884
train_v2_course,year,2024,74433,total_reg_courses,74433,0,0.0,149,34.883935888651536,33.0,0.0,165.0,24.938265436951372
train_v2_course,degree_id,1.111,76474,start_total_in_credits,76474,0,0.0,187,98.67744592933546,103.0,0.0,187.0,50.050768696480965
train_v2_course,degree_id,1.111,76474,start_total_in_courses,76474,0,0.0,82,41.227593691973745,42.0,0.0,81.0,21.893417824488935
train_v2_course,degree_id,1.111,76474,total_reg_credits,76474,0,0.0,329,114.23934932133797,115.0,0.0,401.0,64.08906394420413
train_v2_course,degree_id,1.111,76474,total_reg_courses,76474,0,0.0,150,47.804561027277245,48.0,0.0,169.0,27.785382838788472
train_v2_course,degree_id,10.111,3871,start_total_in_credits,3871,0,0.0,129,52.6091449237923,50.0,0.0,133.0,35.90120536750424
train_v2_course,degree_id,10.111,3871,start_total_in_courses,3871,0,0.0,51,21.088607594936708,21.0,0.0,50.0,13.732010619629099
train_v2_course,degree_id,10.111,3871,total_reg_credits,3871,0,0.0,163,65.66468612761561,62.0,0.0,234.0,45.844086864194324
train_v2_course,degree_id,10.111,3871,total_reg_courses,3871,0,0.0,75,26.416171531903903,26.0,0.0,91.0,17.7360969145643
train_v2_course,degree_id,11.111,10380,start_total_in_credits,10380,0,0.0,134,53.43911368015414,50.0,0.0,135.0,36.457008272047915
train_v2_course,degree_id,11.111,10380,start_total_in_courses,10380,0,0.0,51,21.279383429672446,21.0,0.0,50.0,13.817656166444904
train_v2_course,degree_id,11.111,10380,total_reg_credits,10380,0,0.0,185,66.99720616570328,66.0,0.0,236.0,44.40285290475597
train_v2_course,degree_id,11.111,10380,total_reg_courses,10380,0,0.0,79,27.008574181117535,27.0,0.0,90.0,17.186312176433578
train_v2_course,degree_id,13.111,61361,start_total_in_credits,61361,0,0.0,179,92.49790583595443,96.0,0.0,179.0,48.955909037374475
train_v2_course,degree_id,13.111,61361,start_total_in_courses,61361,0,0.0,70,35.33632111601832,37.0,0.0,69.0,18.393083320477853
train_v2_course,degree_id,13.111,61361,total_reg_credits,61361,0,0.0,380,122.60864392692427,121.0,0.0,442.0,73.52984741678229
train_v2_course,degree_id,13.111,61361,total_reg_courses,61361,0,0.0,149,46.19435797982432,46.0,0.0,161.0,27.242553402452437
train_v2_course,degree_id,2.111,60999,start_total_in_credits,60999,0,0.0,379,106.85186642403974,103.0,0.0,250.0,64.50006747771498
train_v2_course,degree_id,2.111,60999,start_total_in_courses,60999,0,0.0,67,30.929146379448845,31.0,0.0,68.0,17.385317089831208
train_v2_course,degree_id,2.111,60999,total_reg_credits,60999,0,0.0,748,125.53462351841833,116.0,0.0,495.0,83.89757445653974
train_v2_course,degree_id,2.111,60999,total_reg_courses,60999,0,0.0,129,35.68756864866637,34.0,0.0,133.0,22.757212319099622
train_v2_course,degree_id,20.111,1408,start_total_in_credits,1408,0,0.0,113,128.67116477272728,139.0,30.0,176.0,33.756483483595154
train_v2_course,degree_id,20.111,1408,start_total_in_courses,1408,0,0.0,47,44.24289772727273,48.0,11.0,60.0,11.43930955569732
train_v2_course,degree_id,20.111,1408,total_reg_credits,1408,0,0.0,169,212.4403409090909,203.0,97.0,457.0,60.407859129916346
train_v2_course,degree_id,20.111,1408,total_reg_courses,1408,0,0.0,84,72.31605113636364,69.0,32.0,156.0,20.99877068937715
train_v2_course,degree_id,21.111,2667,start_total_in_credits,2667,0,0.0,52,10.575928008998876,5.0,0.0,57.0,12.887524492263879
train_v2_course,degree_id,21.111,2667,start_total_in_courses,2667,0,0.0,20,3.4521934758155233,2.0,0.0,19.0,4.142920038713543
train_v2_course,degree_id,21.111,2667,total_reg_credits,2667,0,0.0,49,13.943382077240345,15.0,0.0,69.0,15.572838448223154
train_v2_course,degree_id,21.111,2667,total_reg_courses,2667,0,0.0,20,4.5346831646044246,5.0,0.0,22.0,5.009501168102078
train_v2_course,degree_id,22.111,2160,start_total_in_credits,2160,0,0.0,51,10.295370370370371,7.0,0.0,66.0,11.846430381571135
train_v2_course,degree_id,22.111,2160,start_total_in_courses,2160,0,0.0,26,4.388425925925926,3.0,0.0,26.0,4.988969335368659
train_v2_course,degree_id,22.111,2160,total_reg_credits,2160,0,0.0,98,25.475,16.0,0.0,215.0,28.30786424870831
train_v2_course,degree_id,22.111,2160,total_reg_courses,2160,0,0.0,48,10.786111111111111,7.0,0.0,85.0,11.793561320537377
train_v2_course,degree_id,24.111,19538,start_total_in_credits,19538,0,0.0,180,69.39712355409971,64.0,0.0,180.0,48.28254192939969
train_v2_course,degree_id,24.111,19538,start_total_in_courses,19538,0,0.0,62,23.29706213532603,22.0,0.0,61.0,16.066644504620264
train_v2_course,degree_id,24.111,19538,total_reg_credits,19538,0,0.0,255,88.37470570170949,84.0,0.0,300.0,58.175396086404
train_v2_course,degree_id,24.111,19538,total_reg_courses,19538,0,0.0,95,29.628416419285497,28.0,0.0,100.0,19.4286015603696
train_v2_course,degree_id,26.111,8239,start_total_in_credits,8239,0,0.0,164,62.92584051462556,62.0,0.0,172.0,41.237703058034185
train_v2_course,degree_id,26.111,8239,start_total_in_courses,8239,0,0.0,62,22.281102075494598,22.0,0.0,61.0,14.567691854964654
train_v2_course,degree_id,26.111,8239,total_reg_credits,8239,0,0.0,181,81.98325039446534,80.0,0.0,212.0,42.92050117135737
train_v2_course,degree_id,26.111,8239,total_reg_courses,8239,0,0.0,69,27.766476514140066,27.0,0.0,72.0,14.731977483507011
train_v2_course,degree_id,27.111,4227,start_total_in_credits,4227,0,0.0,145,58.93399574166075,59.0,0.0,164.0,39.241098854179214
train_v2_course,degree_id,27.111,4227,start_total_in_courses,4227,0,0.0,57,20.766027915779514,21.0,0.0,58.0,13.807698299346292
train_v2_course,degree_id,27.111,4227,total_reg_credits,4227,0,0.0,157,76.67376389874616,74.0,0.0,197.0,42.85133481594123
train_v2_course,degree_id,27.111,4227,total_reg_courses,4227,0,0.0,62,25.896616986042112,25.0,0.0,69.0,14.592783109760918
train_v2_course,degree_id,29.111,4716,start_total_in_credits,4716,0,0.0,150,55.54961832061068,53.0,0.0,173.0,38.81964002414274
train_v2_course,degree_id,29.111,4716,start_total_in_courses,4716,0,0.0,59,19.695716709075487,19.0,0.0,62.0,13.700371564788325
train_v2_course,degree_id,29.111,4716,total_reg_credits,4716,0,0.0,167,73.59435962680237,70.0,0.0,221.0,44.756262285613104
train_v2_course,degree_id,29.111,4716,total_reg_courses,4716,0,0.0,67,25.093299406276504,24.0,0.0,75.0,15.24736264078914
train_v2_course,degree_id,3.111,24543,start_total_in_credits,24543,0,0.0,171,78.36861834331582,78.0,0.0,171.0,46.035143745789945
train_v2_course,degree_id,3.111,24543,start_total_in_courses,24543,0,0.0,59,26.29438128998085,26.0,0.0,58.0,15.812220783348955
train_v2_course,degree_id,3.111,24543,total_reg_credits,24543,0,0.0,262,97.57694658354724,99.0,0.0,321.0,57.02387259144579
train_v2_course,degree_id,3.111,24543,total_reg_courses,24543,0,0.0,99,32.58644012549403,33.0,0.0,108.0,19.445103953760277
train_v2_course,degree_id,30.111,1874,start_total_in_credits,1874,0,0.0,114,43.98879402347919,37.0,0.0,165.0,35.94621928036826
train_v2_course,degree_id,30.111,1874,start_total_in_courses,1874,0,0.0,54,15.614727854855923,13.0,0.0,58.0,12.741083238414383
train_v2_course,degree_id,30.111,1874,total_reg_credits,1874,0,0.0,137,64.72091782283884,57.0,0.0,283.0,50.042678208670054
train_v2_course,degree_id,30.111,1874,total_reg_courses,1874,0,0.0,65,22.113127001067237,20.0,0.0,96.0,16.90168197994154
train_v2_course,degree_id,31.111,1320,start_total_in_credits,1320,0,0.0,89,32.3530303030303,27.0,0.0,123.0,28.18805967107898
train_v2_course,degree_id,31.111,1320,start_total_in_courses,1320,0,0.0,41,11.362878787878788,10.0,0.0,44.0,9.938521446232823
train_v2_course,degree_id,31.111,1320,total_reg_credits,1320,0,0.0,105,49.36060606060606,46.0,0.0,175.0,37.90903632731209
train_v2_course,degree_id,31.111,1320,total_reg_courses,1320,0,0.0,48,16.871969696969696,16.0,0.0,58.0,12.749388273505057
train_v2_course,degree_id,33.111,673,start_total_in_credits,673,0,0.0,69,36.20653789004458,34.0,0.0,112.0,27.51245094847761
train_v2_course,degree_id,33.111,673,start_total_in_courses,673,0,0.0,37,12.745913818722139,12.0,0.0,39.0,9.75240746094155
train_v2_course,degree_id,33.111,673,total_reg_credits,673,0,0.0,66,49.594353640416045,51.0,0.0,147.0,33.57596793590746
train_v2_course,degree_id,33.111,673,total_reg_courses,673,0,0.0,37,17.285289747399702,17.0,0.0,51.0,11.784727326816247
train_v2_course,degree_id,34.111,1997,start_total_in_credits,1997,0,0.0,100,41.22984476715072,39.0,0.0,125.0,30.283939383691965
train_v2_course,degree_id,34.111,1997,start_total_in_courses,1997,0,0.0,43,14.44466700050075,14.0,0.0,43.0,10.658507184525554
train_v2_course,degree_id,34.111,1997,total_reg_credits,1997,0,0.0,100,48.84176264396595,47.0,0.0,146.0,33.61505529346206
train_v2_course,degree_id,34.111,1997,total_reg_courses,1997,0,0.0,42,17.068602904356535,16.0,0.0,50.0,11.80705780154012
train_v2_course,degree_id,35.111,631,start_total_in_credits,631,0,0.0,66,34.98256735340729,35.0,0.0,112.0,26.28158895201503
train_v2_course,degree_id,35.111,631,start_total_in_courses,631,0,0.0,36,12.335974643423137,12.0,0.0,39.0,9.338499707482868
train_v2_course,degree_id,35.111,631,total_reg_credits,631,0,0.0,63,46.50396196513471,44.0,0.0,120.0,31.50892390839804
train_v2_course,degree_id,35.111,631,total_reg_courses,631,0,0.0,35,16.25039619651347,15.0,0.0,42.0,11.117299360945283
train_v2_course,degree_id,36.111,1964,start_total_in_credits,1964,0,0.0,94,39.01680244399186,37.0,0.0,121.0,28.696742477018752
train_v2_course,degree_id,36.111,1964,start_total_in_courses,1964,0,0.0,43,13.60234215885947,13.0,0.0,42.0,10.114183290320241
train_v2_course,degree_id,36.111,1964,total_reg_credits,1964,0,0.0,90,45.60641547861507,44.0,0.0,123.0,31.450943932674342
train_v2_course,degree_id,36.111,1964,total_reg_courses,1964,0,0.0,39,15.882382892057027,15.0,0.0,43.0,11.089820623943867
train_v2_course,degree_id,37.111,514,start_total_in_credits,514,0,0.0,56,39.083657587548636,38.0,0.0,115.0,27.299344247482654
train_v2_course,degree_id,37.111,514,start_total_in_courses,514,0,0.0,32,13.67509727626459,13.0,0.0,40.0,9.667850426121824
train_v2_course,degree_id,37.111,514,total_reg_credits,514,0,0.0,61,46.099221789883266,44.0,0.0,118.0,32.05398527644823
train_v2_course,degree_id,37.111,514,total_reg_courses,514,0,0.0,37,16.056420233463037,15.0,0.0,41.0,11.275511581710935
train_v2_course,degree_id,39.111,837,start_total_in_credits,837,0,0.0,38,13.32616487455197,11.0,0.0,55.0,12.77201434643756
train_v2_course,degree_id,39.111,837,start_total_in_courses,837,0,0.0,19,4.589008363201912,4.0,0.0,19.0,4.4213784245837795
train_v2_course,degree_id,39.111,837,total_reg_credits,837,0,0.0,57,29.02270011947431,28.0,0.0,94.0,25.111678041109617
train_v2_course,degree_id,39.111,837,total_reg_courses,837,0,0.0,26,9.943847072879331,9.0,0.0,32.0,8.642166074811547
train_v2_course,degree_id,4.111,1621,start_total_in_credits,1621,0,0.0,116,40.619987661937074,30.0,0.0,164.0,40.39056172907194
train_v2_course,degree_id,4.111,1621,start_total_in_courses,1621,0,0.0,55,13.432449105490438,9.0,0.0,56.0,13.660112547144292
train_v2_course,degree_id,4.111,1621,total_reg_credits,1621,0,0.0,122,50.24182603331277,34.0,0.0,231.0,50.238782939393
train_v2_course,degree_id,4.111,1621,total_reg_courses,1621,0,0.0,63,16.521283158544108,11.0,0.0,80.0,16.91322288849599
train_v2_course,degree_id,40.111,2969,start_total_in_credits,2969,0,0.0,38,8.055237453688111,5.0,0.0,46.0,9.291094717908177
train_v2_course,degree_id,40.111,2969,start_total_in_courses,2969,0,0.0,17,2.7891545975075784,2.0,0.0,16.0,3.2212867409675914
train_v2_course,degree_id,40.111,2969,total_reg_credits,2969,0,0.0,56,15.35971707645672,15.0,0.0,80.0,16.138465690781818
train_v2_course,degree_id,40.111,2969,total_reg_courses,2969,0,0.0,23,5.34489727180869,5.0,0.0,27.0,5.616291557638388
train_v2_course,degree_id,41.111,9582,start_total_in_credits,9582,0,0.0,101,23.804372782300145,17.0,0.0,187.5,23.054184272277368
train_v2_course,degree_id,41.111,9582,start_total_in_courses,9582,0,0.0,37,7.635566687539136,6.0,0.0,51.0,7.153741322700026
train_v2_course,degree_id,41.111,9582,total_reg_credits,9582,0,0.0,86,24.6482467125861,17.0,0.0,435.5,28.76772229248583
train_v2_course,degree_id,41.111,9582,total_reg_courses,9582,0,0.0,34,7.816426633270716,5.0,0.0,136.0,9.00173413605442
train_v2_course,degree_id,42.111,8779,start_total_in_credits,8779,0,0.0,90,22.18396172684816,16.0,0.0,101.0,21.623531474853195
train_v2_course,degree_id,42.111,8779,start_total_in_courses,8779,0,0.0,39,8.5400387287846,6.0,0.0,40.0,8.466549760228656
train_v2_course,degree_id,42.111,8779,total_reg_credits,8779,0,0.0,73,22.364734024376354,17.0,0.0,123.0,21.12776214590439
train_v2_course,degree_id,42.111,8779,total_reg_courses,8779,0,0.0,33,8.577400615104226,6.0,0.0,45.0,8.195465769558165
train_v2_course,degree_id,44.111,6068,start_total_in_credits,6068,0,0.0,88,18.888760711931443,17.0,0.0,105.0,20.19238242851013
train_v2_course,degree_id,44.111,6068,start_total_in_courses,6068,0,0.0,40,7.324159525379038,7.0,0.0,40.0,7.710705700440775
train_v2_course,degree_id,44.111,6068,total_reg_credits,6068,0,0.0,65,19.77389584706658,17.0,0.0,83.0,19.80166111569573
train_v2_course,degree_id,44.111,6068,total_reg_courses,6068,0,0.0,28,7.588991430454845,7.0,0.0,31.0,7.438101747843101
train_v2_course,degree_id,45.111,1874,start_total_in_credits,1874,0,0.0,44,17.8906083244397,15.0,0.0,102.0,17.880312985947587
train_v2_course,degree_id,45.111,1874,start_total_in_courses,1874,0,0.0,28,6.0144076840981855,5.0,0.0,36.0,6.043560108858934
train_v2_course,degree_id,45.111,1874,total_reg_credits,1874,0,0.0,45,22.847385272145143,18.0,0.0,84.0,20.08195105666536
train_v2_course,degree_id,45.111,1874,total_reg_courses,1874,0,0.0,25,7.656350053361793,6.0,0.0,29.0,6.749214007128753
train_v2_course,degree_id,46.111,1971,start_total_in_credits,1971,0,0.0,60,18.864028411973617,17.0,0.0,85.0,19.090720625934118
train_v2_course,degree_id,46.111,1971,start_total_in_courses,1971,0,0.0,28,6.3683409436834095,6.0,0.0,29.0,6.462801975777583
train_v2_course,degree_id,46.111,1971,total_reg_credits,1971,0,0.0,47,20.336884830035515,17.0,0.0,83.0,19.694317617854196
train_v2_course,degree_id,46.111,1971,total_reg_courses,1971,0,0.0,24,6.834601725012684,6.0,0.0,28.0,6.617009314271395
train_v2_course,degree_id,47.111,2313,start_total_in_credits,2313,0,0.0,55,18.251621271076523,15.0,0.0,84.0,18.028494799878217
train_v2_course,degree_id,47.111,2313,start_total_in_courses,2313,0,0.0,27,6.127107652399482,5.0,0.0,29.0,6.067263907886225
train_v2_course,degree_id,47.111,2313,total_reg_credits,2313,0,0.0,51,20.715088629485518,18.0,0.0,84.0,19.555320820886543
train_v2_course,degree_id,47.111,2313,total_reg_courses,2313,0,0.0,24,6.9381755296152186,6.0,0.0,29.0,6.566605746481942
train_v2_course,degree_id,48.111,2068,start_total_in_credits,2068,0,0.0,58,17.97872340425532,15.0,0.0,78.0,18.241898001166103
train_v2_course,degree_id,48.111,2068,start_total_in_courses,2068,0,0.0,25,6.044003868471954,5.0,0.0,26.0,6.160213636741788
train_v2_course,degree_id,48.111,2068,total_reg_credits,2068,0,0.0,51,21.849129593810446,17.0,0.0,78.0,20.506113504658213
train_v2_course,degree_id,48.111,2068,total_reg_courses,2068,0,0.0,23,7.328820116054159,6.0,0.0,26.0,6.8983357030679615
train_v2_course,degree_id,49.111,981,start_total_in_credits,981,0,0.0,49,18.442405708460754,15.0,0.0,118.0,21.068934378352274
train_v2_course,degree_id,49.111,981,start_total_in_courses,981,0,0.0,29,6.247706422018348,5.0,0.0,41.0,7.200113897869634
train_v2_course,degree_id,49.111,981,total_reg_credits,981,0,0.0,37,21.64525993883792,18.0,0.0,80.0,19.356445703279192
train_v2_course,degree_id,49.111,981,total_reg_courses,981,0,0.0,21,7.27217125382263,6.0,0.0,27.0,6.522045055764159
train_v2_course,degree_id,5.111,625,start_total_in_credits,625,0,0.0,77,69.0368,74.0,0.0,167.0,52.92883698528983
train_v2_course,degree_id,5.111,625,start_total_in_courses,625,0,0.0,50,23.3328,25.0,0.0,57.0,18.09522433101462
train_v2_course,degree_id,5.111,625,total_reg_credits,625,0,0.0,72,51.456,44.0,0.0,174.0,41.5576723145694
train_v2_course,degree_id,5.111,625,total_reg_courses,625,0,0.0,43,17.1488,14.0,0.0,58.0,14.136194316137201
train_v2_course,degree_id,50.111,2061,start_total_in_credits,2061,0,0.0,99,25.868995633187772,18.0,0.0,158.0,32.348366420999724
train_v2_course,degree_id,50.111,2061,start_total_in_courses,2061,0,0.0,46,8.653566229985444,6.0,0.0,52.0,10.71594054170261
train_v2_course,degree_id,50.111,2061,total_reg_credits,2061,0,0.0,66,23.27316836487142,18.0,0.0,85.0,21.77830939940924
train_v2_course,degree_id,50.111,2061,total_reg_courses,2061,0,0.0,27,7.795730228044638,6.0,0.0,29.0,7.305902734769073
train_v2_course,degree_id,52.111,271,start_total_in_credits,271,0,0.0,33,25.74169741697417,21.0,0.0,90.0,21.718222321631394
train_v2_course,degree_id,52.111,271,start_total_in_courses,271,0,0.0,22,8.904059040590406,7.0,0.0,31.0,7.5374387866945876
train_v2_course,degree_id,52.111,271,total_reg_credits,271,0,0.0,37,32.73431734317343,30.0,0.0,113.0,25.760066054716646
train_v2_course,degree_id,52.111,271,total_reg_courses,271,0,0.0,24,11.335793357933579,11.0,0.0,39.0,8.919484041801729
train_v2_course,degree_id,53.111,990,start_total_in_credits,990,0,0.0,56,22.273737373737372,18.0,0.0,72.0,18.337329449415957
train_v2_course,degree_id,53.111,990,start_total_in_courses,990,0,0.0,24,7.680808080808081,6.0,0.0,25.0,6.341091324414558
train_v2_course,degree_id,53.111,990,total_reg_credits,990,0,0.0,50,26.82323232323232,24.0,0.0,95.0,21.6082892769606
train_v2_course,degree_id,53.111,990,total_reg_courses,990,0,0.0,25,9.244444444444444,9.0,0.0,33.0,7.4779652345396235
train_v2_course,degree_id,54.111,326,start_total_in_credits,326,0,0.0,33,27.079754601226995,26.0,0.0,77.0,22.280307025944758
train_v2_course,degree_id,54.111,326,start_total_in_courses,326,0,0.0,25,9.377300613496933,9.0,0.0,27.0,7.77661030062681
train_v2_course,degree_id,54.111,326,total_reg_credits,326,0,0.0,35,34.59815950920245,32.0,0.0,139.0,31.103913129810312
train_v2_course,degree_id,54.111,326,total_reg_courses,326,0,0.0,25,12.291411042944786,11.0,0.0,54.0,11.596460461433942
train_v2_course,degree_id,55.111,1163,start_total_in_credits,1163,0,0.0,55,23.040412725709373,18.0,0.0,82.0,19.516820509240844
train_v2_course,degree_id,55.111,1163,start_total_in_courses,1163,0,0.0,28,7.972484952708513,6.0,0.0,28.0,6.72851457333532
train_v2_course,degree_id,55.111,1163,total_reg_credits,1163,0,0.0,53,26.09372312983663,25.0,0.0,82.0,20.654413708978986
train_v2_course,degree_id,55.111,1163,total_reg_courses,1163,0,0.0,25,9.057609630266551,9.0,0.0,28.0,7.1246064694759506
train_v2_course,degree_id,56.111,339,start_total_in_credits,339,0,0.0,37,19.849557522123895,17.0,0.0,72.0,17.1541330981199
train_v2_course,degree_id,56.111,339,start_total_in_courses,339,0,0.0,22,6.95575221238938,6.0,0.0,25.0,6.007967166761248
train_v2_course,degree_id,56.111,339,total_reg_credits,339,0,0.0,33,26.976401179941004,26.0,0.0,97.0,21.867934105437623
train_v2_course,degree_id,56.111,339,total_reg_courses,339,0,0.0,25,9.457227138643068,9.0,0.0,34.0,7.673077847216124
train_v2_course,degree_id,6.111,5643,start_total_in_credits,5643,0,0.0,166,95.61013645224172,101.0,0.0,170.0,43.1242656338378
train_v2_course,degree_id,6.111,5643,start_total_in_courses,5643,0,0.0,59,32.35353535353536,34.0,0.0,58.0,14.765169363498917
train_v2_course,degree_id,6.111,5643,total_reg_credits,5643,0,0.0,243,129.28406875775298,131.0,0.0,322.0,57.42490378072641
train_v2_course,degree_id,6.111,5643,total_reg_courses,5643,0,0.0,97,43.365231259968105,44.0,0.0,110.0,19.56538705219407
train_v2_course,degree_id,7.111,4225,start_total_in_credits,4225,0,0.0,126,44.49704142011834,40.0,0.0,131.0,33.79601315208339
train_v2_course,degree_id,7.111,4225,start_total_in_courses,4225,0,0.0,50,17.948875739644972,17.0,0.0,49.0,13.021425354660273
train_v2_course,degree_id,7.111,4225,total_reg_credits,4225,0,0.0,151,60.77869822485207,57.0,0.0,188.0,42.51462561076976
train_v2_course,degree_id,7.111,4225,total_reg_courses,4225,0,0.0,65,24.703431952662722,24.0,0.0,74.0,16.625892834853524
train_v2_course,degree_id,8.111,12432,start_total_in_credits,12432,0,0.0,133,56.353925353925355,54.0,0.0,134.0,37.2538365959587
train_v2_course,degree_id,8.111,12432,start_total_in_courses,12432,0,0.0,51,22.347168597168597,22.0,0.0,50.0,14.039533057876138
train_v2_course,degree_id,8.111,12432,total_reg_credits,12432,0,0.0,227,74.91079472329473,72.0,0.0,310.0,50.1642432103441
train_v2_course,degree_id,8.111,12432,total_reg_courses,12432,0,0.0,104,30.08880308880309,30.0,0.0,121.0,19.45239370200153
train_v2_course,progress_quartile,"(-0.001, 31.0]",91351,start_total_in_credits,91351,0,0.0,31,10.956683561208964,12.0,0.0,31.0,10.545980641130804
train_v2_course,progress_quartile,"(-0.001, 31.0]",91351,start_total_in_courses,91351,0,0.0,15,4.010180512528598,4.0,0.0,14.0,3.9092224362505674
train_v2_course,progress_quartile,"(-0.001, 31.0]",91351,total_reg_credits,91351,0,0.0,151,17.535276023250976,16.0,0.0,360.0,19.53410616028493
train_v2_course,progress_quartile,"(-0.001, 31.0]",91351,total_reg_courses,91351,0,0.0,71,6.312749723593612,6.0,0.0,115.0,7.011269949076057
train_v2_course,progress_quartile,"(121.0, 250.0]",88334,start_total_in_credits,88334,0,0.0,218,154.52930355242603,151.0,121.5,250.0,23.856974206637318
train_v2_course,progress_quartile,"(121.0, 250.0]",88334,start_total_in_courses,88334,0,0.0,48,55.23987366133086,54.0,34.0,81.0,9.596167284713939
train_v2_course,progress_quartile,"(121.0, 250.0]",88334,total_reg_credits,88334,0,0.0,703,183.831452215455,172.0,24.0,495.0,50.79006677917697
train_v2_course,progress_quartile,"(121.0, 250.0]",88334,total_reg_courses,88334,0,0.0,150,65.32284284646909,62.0,5.0,169.0,18.59109353933213
train_v2_course,progress_quartile,"(31.0, 73.0]",88603,start_total_in_credits,88603,0,0.0,44,51.674429759714684,51.0,32.0,73.0,12.265259908343326
train_v2_course,progress_quartile,"(31.0, 73.0]",88603,start_total_in_courses,88603,0,0.0,25,18.874518921481215,19.0,9.0,33.0,4.899169434430119
train_v2_course,progress_quartile,"(31.0, 73.0]",88603,total_reg_credits,88603,0,0.0,249,65.91296570093563,61.0,8.0,316.0,30.52887174000449
train_v2_course,progress_quartile,"(31.0, 73.0]",88603,total_reg_courses,88603,0,0.0,103,23.838583343679108,22.0,3.0,117.0,11.419594564077796
train_v2_course,progress_quartile,"(73.0, 121.0]",88528,start_total_in_credits,88528,0,0.0,86,96.90762809506597,97.0,73.5,121.0,13.911506666085923
train_v2_course,progress_quartile,"(73.0, 121.0]",88528,start_total_in_courses,88528,0,0.0,34,35.51867205855775,35.0,20.0,53.0,6.528138561204467
train_v2_course,progress_quartile,"(73.0, 121.0]",88528,total_reg_credits,88528,0,0.0,427,118.90715931682631,111.0,12.0,354.0,39.278748987513225
train_v2_course,progress_quartile,"(73.0, 121.0]",88528,total_reg_courses,88528,0,0.0,131,43.27021959154166,41.0,4.0,137.0,15.254381980548864
train_v2_status,year,2020,12772,start_total_in_credits,12772,0,0.0,336,79.81663012840589,72.0,0.0,250.0,59.14632205567169
train_v2_status,year,2020,12772,start_total_in_courses,12772,0,0.0,82,28.535937989351705,26.0,0.0,81.0,20.881048959723213
train_v2_status,year,2020,12772,total_reg_credits,12772,0,0.0,519,102.53245380519887,94.0,0.0,457.5,77.5040223900762
train_v2_status,year,2020,12772,total_reg_courses,12772,0,0.0,143,36.41504854368932,33.0,0.0,166.0,27.320245334875228
train_v2_status,year,2021,14706,start_total_in_credits,14706,0,0.0,355,77.63640690874473,67.0,0.0,248.0,60.48559188282708
train_v2_status,year,2021,14706,start_total_in_courses,14706,0,0.0,82,27.446144430844555,24.0,0.0,81.0,20.896421827221484
train_v2_status,year,2021,14706,total_reg_credits,14706,0,0.0,566,98.4703522371821,82.0,0.0,477.5,79.11976622341324
train_v2_status,year,2021,14706,total_reg_courses,14706,0,0.0,142,34.633006935944515,29.0,0.0,167.0,27.422328676829533
train_v2_status,year,2022,15685,start_total_in_credits,15685,0,0.0,353,80.19521836149187,71.0,0.0,250.0,59.28333939093297
train_v2_status,year,2022,15685,start_total_in_courses,15685,0,0.0,82,28.293783869939432,26.0,0.0,81.0,20.224303666798853
train_v2_status,year,2022,15685,total_reg_credits,15685,0,0.0,603,101.19203060248645,85.0,0.0,492.5,77.12833960649989
train_v2_status,year,2022,15685,total_reg_courses,15685,0,0.0,145,35.451131654446925,30.0,0.0,157.0,26.4726353113415
train_v2_status,year,2023,16500,start_total_in_credits,16500,0,0.0,360,84.00845454545454,77.0,0.0,249.0,59.373292260442526
train_v2_status,year,2023,16500,start_total_in_courses,16500,0,0.0,81,29.38890909090909,28.0,0.0,80.0,19.958608253548377
train_v2_status,year,2023,16500,total_reg_credits,16500,0,0.0,615,103.37548484848485,92.0,0.0,471.0,76.15882312241669
train_v2_status,year,2023,16500,total_reg_courses,16500,0,0.0,145,35.93812121212121,33.0,0.0,169.0,25.738969766204473
train_v2_status,year,2024,15413,start_total_in_credits,15413,0,0.0,349,86.76221371569454,83.0,0.0,249.0,59.04720302328762
train_v2_status,year,2024,15413,start_total_in_courses,15413,0,0.0,81,30.27132939726205,30.0,0.0,80.0,19.949643490542147
train_v2_status,year,2024,15413,total_reg_credits,15413,0,0.0,613,105.2311360539804,99.0,0.0,495.0,75.47070576379154
train_v2_status,year,2024,15413,total_reg_courses,15413,0,0.0,149,36.4620125867774,35.0,0.0,165.0,25.43127230863649
train_v2_status,degree_id,1.111,13237,start_total_in_credits,13237,0,0.0,187,97.32212737025006,101.0,0.0,187.0,51.61876754588951
train_v2_status,degree_id,1.111,13237,start_total_in_courses,13237,0,0.0,82,40.70869532371383,41.0,0.0,81.0,22.62114348247091
train_v2_status,degree_id,1.111,13237,total_reg_credits,13237,0,0.0,329,114.54506308075848,113.0,0.0,401.0,66.29944591320299
train_v2_status,degree_id,1.111,13237,total_reg_courses,13237,0,0.0,150,47.95603233361034,47.0,0.0,169.0,28.796569245898006
train_v2_status,degree_id,10.111,804,start_total_in_credits,804,0,0.0,129,57.026119402985074,55.5,0.0,133.0,36.595844776555715
train_v2_status,degree_id,10.111,804,start_total_in_courses,804,0,0.0,51,22.763681592039802,23.0,0.0,50.0,13.897467426651119
train_v2_status,degree_id,10.111,804,total_reg_credits,804,0,0.0,163,71.48134328358209,69.0,0.0,234.0,46.65982349361023
train_v2_status,degree_id,10.111,804,total_reg_courses,804,0,0.0,75,28.633084577114428,29.0,0.0,91.0,17.942510932647647
train_v2_status,degree_id,11.111,2183,start_total_in_credits,2183,0,0.0,134,57.89693082913422,55.0,0.0,135.0,37.79023225897453
train_v2_status,degree_id,11.111,2183,start_total_in_courses,2183,0,0.0,51,22.950068712780578,23.0,0.0,50.0,14.193625644352878
train_v2_status,degree_id,11.111,2183,total_reg_credits,2183,0,0.0,185,73.12963811268897,71.0,0.0,236.0,46.103986758813804
train_v2_status,degree_id,11.111,2183,total_reg_courses,2183,0,0.0,79,29.350435180943656,29.0,0.0,90.0,17.692284163483194
train_v2_status,degree_id,13.111,12231,start_total_in_credits,12231,0,0.0,179,95.21927888153054,98.0,0.0,179.0,49.32231826289004
train_v2_status,degree_id,13.111,12231,start_total_in_courses,12231,0,0.0,70,36.41918077017415,38.0,0.0,69.0,18.550582459380696
train_v2_status,degree_id,13.111,12231,total_reg_credits,12231,0,0.0,380,128.62496934020112,126.0,0.0,442.0,74.95254575828
train_v2_status,degree_id,13.111,12231,total_reg_courses,12231,0,0.0,149,48.48867631428338,48.0,0.0,161.0,27.79427134053987
train_v2_status,degree_id,2.111,15172,start_total_in_credits,15172,0,0.0,379,121.89431189032427,119.0,0.0,250.0,69.49992579985414
train_v2_status,degree_id,2.111,15172,start_total_in_courses,15172,0,0.0,67,34.84767993672555,36.0,0.0,68.0,18.423526778500605
train_v2_status,degree_id,2.111,15172,total_reg_credits,15172,0,0.0,748,145.3306419720538,137.0,0.0,495.0,91.54501707491026
train_v2_status,degree_id,2.111,15172,total_reg_courses,15172,0,0.0,129,40.944634853677826,40.0,0.0,133.0,24.603653379638757
train_v2_status,degree_id,20.111,307,start_total_in_credits,307,0,0.0,113,132.35830618892507,142.0,30.0,176.0,35.139711178334856
train_v2_status,degree_id,20.111,307,start_total_in_courses,307,0,0.0,47,45.557003257328994,49.0,11.0,60.0,11.938260627376959
train_v2_status,degree_id,20.111,307,total_reg_credits,307,0,0.0,169,217.93159609120522,209.0,97.0,457.0,61.100409258011155
train_v2_status,degree_id,20.111,307,total_reg_courses,307,0,0.0,84,74.28013029315962,70.0,32.0,156.0,21.206879263284907
train_v2_status,degree_id,21.111,657,start_total_in_credits,657,0,0.0,52,12.222222222222221,11.0,0.0,57.0,13.38749163395901
train_v2_status,degree_id,21.111,657,start_total_in_courses,657,0,0.0,20,4.001522070015221,4.0,0.0,19.0,4.326076363653509
train_v2_status,degree_id,21.111,657,total_reg_credits,657,0,0.0,49,16.645357686453575,15.0,0.0,69.0,16.399842370828566
train_v2_status,degree_id,21.111,657,total_reg_courses,657,0,0.0,20,5.417047184170472,5.0,0.0,22.0,5.292615810848722
train_v2_status,degree_id,22.111,506,start_total_in_credits,506,0,0.0,51,12.266798418972332,9.0,0.0,66.0,12.713677223426071
train_v2_status,degree_id,22.111,506,start_total_in_courses,506,0,0.0,26,5.217391304347826,4.0,0.0,26.0,5.336607547114949
train_v2_status,degree_id,22.111,506,total_reg_credits,506,0,0.0,98,31.869565217391305,26.0,0.0,215.0,33.015069805560536
train_v2_status,degree_id,22.111,506,total_reg_courses,506,0,0.0,48,13.460474308300395,11.0,0.0,85.0,13.666299482916521
train_v2_status,degree_id,24.111,4465,start_total_in_credits,4465,0,0.0,180,69.84972004479283,64.0,0.0,180.0,48.72324686869585
train_v2_status,degree_id,24.111,4465,start_total_in_courses,4465,0,0.0,62,23.460246360582307,22.0,0.0,61.0,16.217642126953315
train_v2_status,degree_id,24.111,4465,total_reg_credits,4465,0,0.0,255,90.55520716685331,86.0,0.0,300.0,58.33156802519614
train_v2_status,degree_id,24.111,4465,total_reg_courses,4465,0,0.0,95,30.378275475923854,29.0,0.0,100.0,19.494726866760146
train_v2_status,degree_id,26.111,1758,start_total_in_credits,1758,0,0.0,164,64.03469852104665,62.0,0.0,172.0,41.571169600348405
train_v2_status,degree_id,26.111,1758,start_total_in_courses,1758,0,0.0,62,22.667804323094426,22.0,0.0,61.0,14.69182570637896
train_v2_status,degree_id,26.111,1758,total_reg_credits,1758,0,0.0,181,83.75085324232082,82.0,0.0,212.0,43.71788844287109
train_v2_status,degree_id,26.111,1758,total_reg_courses,1758,0,0.0,69,28.38509670079636,28.0,0.0,72.0,14.993420859071302
train_v2_status,degree_id,27.111,902,start_total_in_credits,902,0,0.0,145,59.329268292682926,59.0,0.0,164.0,39.278555110694654
train_v2_status,degree_id,27.111,902,start_total_in_courses,902,0,0.0,57,20.90909090909091,21.0,0.0,58.0,13.82764307632036
train_v2_status,degree_id,27.111,902,total_reg_credits,902,0,0.0,157,77.63747228381375,75.0,0.0,197.0,43.25215094042317
train_v2_status,degree_id,27.111,902,total_reg_courses,902,0,0.0,62,26.236141906873613,25.0,0.0,69.0,14.7337714020134
train_v2_status,degree_id,29.111,1030,start_total_in_credits,1030,0,0.0,150,56.43980582524272,54.0,0.0,173.0,39.514298109219915
train_v2_status,degree_id,29.111,1030,start_total_in_courses,1030,0,0.0,59,20.0126213592233,19.0,0.0,62.0,13.94055252791673
train_v2_status,degree_id,29.111,1030,total_reg_credits,1030,0,0.0,167,74.98834951456311,71.0,0.0,221.0,46.01455235435203
train_v2_status,degree_id,29.111,1030,total_reg_courses,1030,0,0.0,67,25.59029126213592,24.0,0.0,75.0,15.687952670810033
train_v2_status,degree_id,3.111,5563,start_total_in_credits,5563,0,0.0,171,79.7023188926838,78.0,0.0,171.0,48.06602988670699
train_v2_status,degree_id,3.111,5563,start_total_in_courses,5563,0,0.0,59,26.77835700161783,26.0,0.0,58.0,16.51783446704142
train_v2_status,degree_id,3.111,5563,total_reg_credits,5563,0,0.0,262,100.45029660255258,101.0,0.0,321.0,59.04926819711956
train_v2_status,degree_id,3.111,5563,total_reg_courses,5563,0,0.0,99,33.565522200251664,34.0,0.0,108.0,20.147482415258256
train_v2_status,degree_id,30.111,429,start_total_in_credits,429,0,0.0,114,42.696969696969695,36.0,0.0,165.0,35.21139783542795
train_v2_status,degree_id,30.111,429,start_total_in_courses,429,0,0.0,54,15.163170163170163,13.0,0.0,58.0,12.480506116229362
train_v2_status,degree_id,30.111,429,total_reg_credits,429,0,0.0,137,64.13752913752914,57.0,0.0,283.0,49.130497737141496
train_v2_status,degree_id,30.111,429,total_reg_courses,429,0,0.0,65,21.88111888111888,20.0,0.0,96.0,16.57698953135792
train_v2_status,degree_id,31.111,328,start_total_in_credits,328,0,0.0,89,31.713414634146343,26.0,0.0,123.0,28.38448670581033
train_v2_status,degree_id,31.111,328,start_total_in_courses,328,0,0.0,41,11.143292682926829,9.0,0.0,44.0,10.004320969198636
train_v2_status,degree_id,31.111,328,total_reg_credits,328,0,0.0,105,49.84451219512195,46.0,0.0,175.0,38.256460753234414
train_v2_status,degree_id,31.111,328,total_reg_courses,328,0,0.0,48,17.027439024390244,16.0,0.0,58.0,12.885849461992287
train_v2_status,degree_id,33.111,148,start_total_in_credits,148,0,0.0,69,37.648648648648646,34.0,0.0,112.0,28.519444343191893
train_v2_status,degree_id,33.111,148,start_total_in_courses,148,0,0.0,37,13.256756756756756,12.0,0.0,39.0,10.092174931698064
train_v2_status,degree_id,33.111,148,total_reg_credits,148,0,0.0,66,52.16216216216216,52.0,0.0,147.0,33.96477848604607
train_v2_status,degree_id,33.111,148,total_reg_courses,148,0,0.0,37,18.175675675675677,18.0,0.0,51.0,11.915071469017096
train_v2_status,degree_id,34.111,423,start_total_in_credits,423,0,0.0,100,43.486997635933804,40.0,0.0,125.0,31.20736631076863
train_v2_status,degree_id,34.111,423,start_total_in_courses,423,0,0.0,43,15.236406619385344,14.0,0.0,43.0,10.969189869516827
train_v2_status,degree_id,34.111,423,total_reg_credits,423,0,0.0,100,51.57446808510638,50.0,0.0,146.0,34.23356506279092
train_v2_status,degree_id,34.111,423,total_reg_courses,423,0,0.0,42,18.01891252955083,18.0,0.0,50.0,12.01380019074466
train_v2_status,degree_id,35.111,143,start_total_in_credits,143,0,0.0,66,36.86013986013986,36.0,0.0,112.0,26.885673811871065
train_v2_status,degree_id,35.111,143,start_total_in_courses,143,0,0.0,36,13.006993006993007,12.0,0.0,39.0,9.545662316640529
train_v2_status,degree_id,35.111,143,total_reg_credits,143,0,0.0,63,48.95804195804196,47.0,0.0,120.0,31.784014523619636
train_v2_status,degree_id,35.111,143,total_reg_courses,143,0,0.0,35,17.125874125874127,17.0,0.0,42.0,11.21798551677023
train_v2_status,degree_id,36.111,424,start_total_in_credits,424,0,0.0,94,40.43867924528302,37.0,0.0,121.0,29.077560164279173
train_v2_status,degree_id,36.111,424,start_total_in_courses,424,0,0.0,43,14.10377358490566,13.0,0.0,42.0,10.250691490515234
train_v2_status,degree_id,36.111,424,total_reg_credits,424,0,0.0,90,47.89150943396226,46.0,0.0,123.0,31.694351818520097
train_v2_status,degree_id,36.111,424,total_reg_courses,424,0,0.0,39,16.683962264150942,16.0,0.0,43.0,11.190553571110192
train_v2_status,degree_id,37.111,117,start_total_in_credits,117,0,0.0,56,42.01709401709402,43.0,0.0,115.0,28.294626913463958
train_v2_status,degree_id,37.111,117,start_total_in_courses,117,0,0.0,32,14.717948717948717,15.0,0.0,40.0,10.012790228990184
train_v2_status,degree_id,37.111,117,total_reg_credits,117,0,0.0,61,49.43589743589744,49.0,0.0,118.0,32.72281304180159
train_v2_status,degree_id,37.111,117,total_reg_courses,117,0,0.0,37,17.23931623931624,17.0,0.0,41.0,11.512848573965593
train_v2_status,degree_id,39.111,216,start_total_in_credits,216,0,0.0,38,13.935185185185185,12.0,0.0,55.0,12.34599880435661
train_v2_status,degree_id,39.111,216,start_total_in_courses,216,0,0.0,19,4.796296296296297,4.0,0.0,19.0,4.28574545741504
train_v2_status,degree_id,39.111,216,total_reg_credits,216,0,0.0,57,31.305555555555557,30.0,0.0,94.0,24.96246795093687
train_v2_status,degree_id,39.111,216,total_reg_courses,216,0,0.0,26,10.731481481481481,10.0,0.0,32.0,8.621343424673853
train_v2_status,degree_id,4.111,379,start_total_in_credits,379,0,0.0,116,41.78627968337731,30.0,0.0,164.0,41.11809320764621
train_v2_status,degree_id,4.111,379,start_total_in_courses,379,0,0.0,55,13.815303430079156,9.0,0.0,56.0,13.93418688432387
train_v2_status,degree_id,4.111,379,total_reg_credits,379,0,0.0,122,52.58575197889182,34.0,0.0,231.0,51.43928364855936
train_v2_status,degree_id,4.111,379,total_reg_courses,379,0,0.0,63,17.279683377308707,11.0,0.0,80.0,17.345413492092202
train_v2_status,degree_id,40.111,719,start_total_in_credits,719,0,0.0,38,8.696801112656468,6.0,0.0,46.0,9.499443074318998
train_v2_status,degree_id,40.111,719,start_total_in_courses,719,0,0.0,17,3.0166898470097356,2.0,0.0,16.0,3.2993203743981967
train_v2_status,degree_id,40.111,719,total_reg_credits,719,0,0.0,56,17.19471488178025,15.0,0.0,80.0,16.39759901222339
train_v2_status,degree_id,40.111,719,total_reg_courses,719,0,0.0,23,5.9944367176634215,5.0,0.0,27.0,5.713198537637259
train_v2_status,degree_id,41.111,2107,start_total_in_credits,2107,0,0.0,101,26.599430469862362,22.0,0.0,187.5,24.319825303841814
train_v2_status,degree_id,41.111,2107,start_total_in_courses,2107,0,0.0,37,8.553393450403417,8.0,0.0,51.0,7.519166495351687
train_v2_status,degree_id,41.111,2107,total_reg_credits,2107,0,0.0,86,27.749881347887992,18.0,0.0,435.5,30.17969440144238
train_v2_status,degree_id,41.111,2107,total_reg_courses,2107,0,0.0,34,8.812055054579972,6.0,0.0,136.0,9.422185277544427
train_v2_status,degree_id,42.111,1647,start_total_in_credits,1647,0,0.0,90,23.874924104432303,17.0,0.0,101.0,22.3070944036284
train_v2_status,degree_id,42.111,1647,start_total_in_courses,1647,0,0.0,39,9.22768670309654,6.0,0.0,40.0,8.776266511445185
train_v2_status,degree_id,42.111,1647,total_reg_credits,1647,0,0.0,73,24.37037037037037,17.0,0.0,123.0,21.867352147892706
train_v2_status,degree_id,42.111,1647,total_reg_courses,1647,0,0.0,33,9.382513661202186,6.0,0.0,45.0,8.514194294926764
train_v2_status,degree_id,44.111,1115,start_total_in_credits,1115,0,0.0,88,21.87713004484305,17.0,0.0,105.0,21.306268133437094
train_v2_status,degree_id,44.111,1115,start_total_in_courses,1115,0,0.0,40,8.47085201793722,7.0,0.0,40.0,8.119827600438724
train_v2_status,degree_id,44.111,1115,total_reg_credits,1115,0,0.0,65,23.217937219730942,18.0,0.0,83.0,20.79065615926682
train_v2_status,degree_id,44.111,1115,total_reg_courses,1115,0,0.0,28,8.899551569506727,7.0,0.0,31.0,7.790153395434703
train_v2_status,degree_id,45.111,404,start_total_in_credits,404,0,0.0,44,18.655940594059405,15.0,0.0,102.0,18.532191544194266
train_v2_status,degree_id,45.111,404,start_total_in_courses,404,0,0.0,28,6.2772277227722775,5.0,0.0,36.0,6.280251945889187
train_v2_status,degree_id,45.111,404,total_reg_credits,404,0,0.0,45,24.769801980198018,18.0,0.0,84.0,20.914785845382433
train_v2_status,degree_id,45.111,404,total_reg_courses,404,0,0.0,25,8.304455445544555,6.0,0.0,29.0,7.042154528091079
train_v2_status,degree_id,46.111,398,start_total_in_credits,398,0,0.0,60,19.891959798994975,17.0,0.0,85.0,19.44988744415554
train_v2_status,degree_id,46.111,398,start_total_in_courses,398,0,0.0,28,6.723618090452261,6.0,0.0,29.0,6.592415684638475
train_v2_status,degree_id,46.111,398,total_reg_credits,398,0,0.0,47,21.809045226130653,17.0,0.0,83.0,20.193989144663213
train_v2_status,degree_id,46.111,398,total_reg_courses,398,0,0.0,24,7.334170854271357,6.0,0.0,28.0,6.791340477554509
train_v2_status,degree_id,47.111,473,start_total_in_credits,473,0,0.0,55,19.496828752642706,17.0,0.0,84.0,18.590037725452515
train_v2_status,degree_id,47.111,473,start_total_in_courses,473,0,0.0,27,6.553911205073995,6.0,0.0,29.0,6.266144447573921
train_v2_status,degree_id,47.111,473,total_reg_credits,473,0,0.0,51,22.477801268498943,18.0,0.0,84.0,20.188519188383882
train_v2_status,degree_id,47.111,473,total_reg_courses,473,0,0.0,24,7.534883720930233,6.0,0.0,29.0,6.787899630618359
train_v2_status,degree_id,48.111,435,start_total_in_credits,435,0,0.0,58,18.880459770114943,15.0,0.0,78.0,18.550950135780056
train_v2_status,degree_id,48.111,435,start_total_in_courses,435,0,0.0,25,6.349425287356322,5.0,0.0,26.0,6.269097524391116
train_v2_status,degree_id,48.111,435,total_reg_credits,435,0,0.0,51,23.606896551724137,18.0,0.0,78.0,21.126117853353698
train_v2_status,degree_id,48.111,435,total_reg_courses,435,0,0.0,23,7.917241379310345,6.0,0.0,26.0,7.108607862059396
train_v2_status,degree_id,49.111,222,start_total_in_credits,222,0,0.0,49,19.135135135135137,15.0,0.0,118.0,21.646057183944958
train_v2_status,degree_id,49.111,222,start_total_in_courses,222,0,0.0,29,6.490990990990991,5.0,0.0,41.0,7.409631124599484
train_v2_status,degree_id,49.111,222,total_reg_credits,222,0,0.0,37,23.7027027027027,18.0,0.0,80.0,19.71704575018363
train_v2_status,degree_id,49.111,222,total_reg_courses,222,0,0.0,21,7.968468468468468,6.0,0.0,27.0,6.6498662182573804
train_v2_status,degree_id,5.111,142,start_total_in_credits,142,0,0.0,77,64.97183098591549,52.5,0.0,167.0,54.009185410265644
train_v2_status,degree_id,5.111,142,start_total_in_courses,142,0,0.0,50,21.950704225352112,17.0,0.0,57.0,18.471111224156473
train_v2_status,degree_id,5.111,142,total_reg_credits,142,0,0.0,72,50.62676056338028,40.5,0.0,174.0,41.81360346611729
train_v2_status,degree_id,5.111,142,total_reg_courses,142,0,0.0,43,16.85211267605634,13.5,0.0,58.0,14.234085144543279
train_v2_status,degree_id,50.111,450,start_total_in_credits,450,0,0.0,99,27.866666666666667,18.0,0.0,158.0,33.2988091442196
train_v2_status,degree_id,50.111,450,start_total_in_courses,450,0,0.0,46,9.337777777777777,6.0,0.0,52.0,11.03392801471006
train_v2_status,degree_id,50.111,450,total_reg_credits,450,0,0.0,66,25.815555555555555,18.0,0.0,85.0,22.835213454693292
train_v2_status,degree_id,50.111,450,total_reg_courses,450,0,0.0,27,8.655555555555555,6.0,0.0,29.0,7.66730412765749
train_v2_status,degree_id,53.111,211,start_total_in_credits,211,0,0.0,56,23.009478672985782,20.0,0.0,72.0,18.333677188462044
train_v2_status,degree_id,53.111,211,start_total_in_courses,211,0,0.0,24,7.9336492890995265,7.0,0.0,25.0,6.334738349182753
train_v2_status,degree_id,53.111,211,total_reg_credits,211,0,0.0,50,28.071090047393366,29.0,0.0,95.0,21.509680395368513
train_v2_status,degree_id,53.111,211,total_reg_courses,211,0,0.0,25,9.672985781990521,10.0,0.0,33.0,7.440057609530334
train_v2_status,degree_id,55.111,242,start_total_in_credits,242,0,0.0,55,24.132231404958677,18.5,0.0,82.0,20.4413713390293
train_v2_status,degree_id,55.111,242,start_total_in_courses,242,0,0.0,28,8.347107438016529,6.5,0.0,28.0,7.041914516883741
train_v2_status,degree_id,55.111,242,total_reg_credits,242,0,0.0,53,27.607438016528924,27.5,0.0,82.0,21.57431493184198
train_v2_status,degree_id,55.111,242,total_reg_courses,242,0,0.0,25,9.578512396694215,9.5,0.0,28.0,7.4335251195623995
train_v2_status,degree_id,6.111,1328,start_total_in_credits,1328,0,0.0,166,96.39231927710843,101.0,0.0,170.0,45.705361903714646
train_v2_status,degree_id,6.111,1328,start_total_in_courses,1328,0,0.0,59,32.65286144578313,34.0,0.0,58.0,15.643999384730215
train_v2_status,degree_id,6.111,1328,total_reg_credits,1328,0,0.0,243,132.22289156626505,135.0,0.0,322.0,59.36333924902274
train_v2_status,degree_id,6.111,1328,total_reg_courses,1328,0,0.0,97,44.368975903614455,45.0,0.0,110.0,20.234033902394426
train_v2_status,degree_id,7.111,907,start_total_in_credits,907,0,0.0,126,47.651598676957,44.0,0.0,131.0,34.27849687315522
train_v2_status,degree_id,7.111,907,start_total_in_courses,907,0,0.0,50,19.179713340683573,18.0,0.0,49.0,13.129836719463293
train_v2_status,degree_id,7.111,907,total_reg_credits,907,0,0.0,151,65.86218302094818,63.0,0.0,188.0,42.67226835568843
train_v2_status,degree_id,7.111,907,total_reg_courses,907,0,0.0,65,26.726571113561192,27.0,0.0,74.0,16.598498217798888
train_v2_status,degree_id,8.111,2624,start_total_in_credits,2624,0,0.0,133,60.62881097560975,57.0,0.0,134.0,38.333530671315
train_v2_status,degree_id,8.111,2624,start_total_in_courses,2624,0,0.0,51,23.947408536585368,24.0,0.0,50.0,14.336178602361715
train_v2_status,degree_id,8.111,2624,total_reg_credits,2624,0,0.0,227,81.19016768292683,77.5,0.0,310.0,51.84866871679038
train_v2_status,degree_id,8.111,2624,total_reg_courses,2624,0,0.0,104,32.50533536585366,32.0,0.0,121.0,20.005888623237087
train_v2_status,progress_quartile,"(-0.001, 32.0]",19133,start_total_in_credits,19133,0,0.0,32,12.1851251763968,13.0,0.0,32.0,10.965949728638877
train_v2_status,progress_quartile,"(-0.001, 32.0]",19133,start_total_in_courses,19133,0,0.0,16,4.4392933674802695,5.0,0.0,15.0,4.047973989120572
train_v2_status,progress_quartile,"(-0.001, 32.0]",19133,total_reg_credits,19133,0,0.0,153,20.298750849317933,17.0,0.0,360.0,20.937069497972644
train_v2_status,progress_quartile,"(-0.001, 32.0]",19133,total_reg_courses,19133,0,0.0,73,7.276799247373647,6.0,0.0,115.0,7.514492483282158
train_v2_status,progress_quartile,"(126.0, 250.0]",18523,start_total_in_credits,18523,0,0.0,208,164.66719753819575,159.0,126.5,250.0,28.612430131682203
train_v2_status,progress_quartile,"(126.0, 250.0]",18523,start_total_in_courses,18523,0,0.0,48,56.122118447335744,56.0,34.0,81.0,9.288544740053627
train_v2_status,progress_quartile,"(126.0, 250.0]",18523,total_reg_credits,18523,0,0.0,694,197.6424715218917,184.0,41.0,495.0,56.60180028373456
train_v2_status,progress_quartile,"(126.0, 250.0]",18523,total_reg_courses,18523,0,0.0,149,67.00502078497004,64.0,12.0,169.0,18.88253651792502
train_v2_status,progress_quartile,"(32.0, 74.0]",18466,start_total_in_credits,18466,0,0.0,45,52.52531679844038,53.0,33.0,74.0,12.388701722788012
train_v2_status,progress_quartile,"(32.0, 74.0]",18466,start_total_in_courses,18466,0,0.0,25,19.10841546626232,19.0,9.0,33.0,4.946269397204119
train_v2_status,progress_quartile,"(32.0, 74.0]",18466,total_reg_credits,18466,0,0.0,254,69.02642694682119,64.0,8.0,316.0,32.530840293404054
train_v2_status,progress_quartile,"(32.0, 74.0]",18466,total_reg_courses,18466,0,0.0,103,24.845283223221056,23.0,3.0,117.0,12.13004936954037
train_v2_status,progress_quartile,"(74.0, 126.0]",18954,start_total_in_credits,18954,0,0.0,94,99.67318244170096,100.0,74.5,126.0,14.888012602585395
train_v2_status,progress_quartile,"(74.0, 126.0]",18954,start_total_in_courses,18954,0,0.0,36,36.19383771235623,36.0,20.0,55.0,6.759481832340034
train_v2_status,progress_quartile,"(74.0, 126.0]",18954,total_reg_credits,18954,0,0.0,449,123.90629946185501,116.0,12.0,415.0,41.3097004546287
train_v2_status,progress_quartile,"(74.0, 126.0]",18954,total_reg_courses,18954,0,0.0,134,44.648675741268335,42.0,4.0,142.0,15.929399471342345
