tree
version=v4
num_class=1
num_tree_per_iteration=1
label_index=0
max_feature_idx=46
objective=binary sigmoid:1
feature_names=gpa_prev_1 gpa_prev_2 gpa_trend_delta gpa_trend_missing start_agpa_points start_total_in_courses start_total_in_credits prior_total_reg_courses prior_total_reg_credits prior_total_fail_courses prior_total_fail_credits prior_fail_credit_ratio prior_registered_semesters observed_gap_semesters diploma_gpa course_credits attempt_number plan_year_order plan_semester_order plan_credits_count degree_credits_count course_history_avg_mark course_history_fail_rate course_history_avg_attempt course_history_retake_rate course_history_effective_support course_history_fallback_level course_history_missing plan_course_count plan_total_credits plan_credit_weighted_fail_rate plan_credit_weighted_avg_mark plan_credit_weighted_avg_attempt plan_difficulty_credit_load peer_course_count peer_total_credits peer_credit_weighted_fail_rate peer_credit_weighted_avg_mark peer_credit_weighted_avg_attempt peer_difficulty_credit_load peer_max_fail_rate peer_difficulty_missing plan_course_type_id plan_requirement_type_id diploma_type_id grade_version_id part_semester
feature_infos=[0:4] [0:4] [-4:4] [0:1] [0:4] [0:81] [0:248] [0:169] [0:495] [0:95] [0:277] [0:1] [0:35] [0:2] [9.6499996185302734:100] [0:24] [1:5] [1:6] [1:2] [4:210] [72:251] [49.519153594970703:92.70428466796875] [0.0028747557662427425:0.53415817022323608] [1:1.9073554277420044] [0:0.47456586360931396] [0:15668.5] [1:6] [0:1] [1:10] [1:39] [0.0029728943482041359:0.51373428106307983] [49.680755615234375:92.412208557128906] [1:1.7483620643615723] [0.0088805388659238815:6.6991257667541504] [0:9] [0:36] [0.0028747557662427425:0.51272499561309814] [50.895938873291016:92.37774658203125] [1:1.8608767986297607] [0.0054139983840286732:6.2528486251831055] [0.0028747557662427425:0.53415817022323608] [0:1] -1:4:2:3 -1:4:6:2:3:5:7 -1:3:4:2:5 -1:3 -1:2:3:4
tree_sizes=3431 3523 3533 3530 3523 3502 3534 3524 3529 3521 3515 3557 3541 3544 3518 3541 3539 3543 3530 3525 3552 3525 3519 3548 3556 3545 3555 3513 3536 3524 3552 3530 3556 3557 3492 3557 3555 3548 3533 3556 3562 3558 3557 3532 3576 3543 3566 3570 3556 3563 3531 3561 3521 3549 3521 3541 3526 3559 3559 3548 3534 3572 3559 3560 3538 3547 3555 3543 3557 3540 3579 3559 3523 3547 3558 3567 3568 3544 3558 3568 3520 3524 3551 3555 3551 3542 3554 3563 3561 3522 3574 3517 3566 3575 3565 3557 3566 3510 3549 3535 3547 3555 3547 3523 3560 3531 3556 3517 3538 3501 3563 3522 3549 3546 3557 3551 3564 3568 3527 3549 3590 3491 3559 3563 3561 3495 3551 3535 3537 3570 3522 3568 3549 3569 3558 3513 3564 3555 3553 3547 3581 3497 3507 3526 3557 3522 3542 3522 3524 3572

Tree=0
num_leaves=31
num_cat=0
split_feature=11 22 11 11 21 22 20 11 11 1 22 4 22 1 11 40 4 22 1 14 4 4 1 22 4 4 1 1 40 36
split_gain=12277.9 3491.11 1464.66 1238.2 940.728 551.343 548.902 536.971 361.991 353.552 329.682 226.824 199.631 192.621 189.475 170.621 159.882 130.817 124.181 109.123 108.603 108.587 104.439 103.496 99.7052 99.6122 96.8012 96.6972 94.3456 90.5612
threshold=0.14313399791717532 0.10458350926637651 0.25812315940856939 0.064781505614519133 74.264972686767592 0.099755376577377333 79.000000000000014 0.23540768027305606 0.50077882409095775 2.5049999952316289 0.10333079844713212 1.9750000238418581 0.19673433154821399 1.5649999976158144 0.31670437753200537 0.39266912639141088 2.3750000000000004 0.038676800206303603 2.2849999666213994 90.045001983642592 2.2050000429153447 1.8550000190734866 0.58499997854232799 0.20523230731487277 2.4550000429153447 2.2949999570846562 1.5349999666213991 1.5649999976158144 0.29021997749805456 0.051870068535208709
decision_type=8 8 10 10 10 10 2 10 10 10 10 2 10 8 10 10 2 8 8 10 2 2 8 10 2 2 8 8 10 8
left_child=3 4 6 9 7 17 15 26 13 10 24 22 18 28 -6 -3 -12 -5 29 -20 -15 -16 -9 -7 -1 -19 -2 -14 -4 -8
right_child=1 2 8 5 14 23 12 11 -10 -11 16 -13 27 20 21 -17 -18 25 19 -21 -22 -23 -24 -25 -26 -27 -28 -29 -30 -31
leaf_value=-2.3682721687769859 -2.3108157944178704 -2.1962913323447983 -2.2369893607748699 -2.3746979790100879 -2.3669877510433617 -2.3297316202798712 -2.2371202684613536 -2.2320446306431379 -2.1828691200168837 -2.3852344043175639 -2.3300234019769612 -2.3121695262665813 -2.235859652702616 -2.2574417965480578 -2.2848228780008291 -2.2900431714913099 -2.3629404072673181 -2.3443368015481041 -2.3054660303118162 -2.336368721065738 -2.3206287874356804 -2.348813841511741 -2.2831191957742396 -2.2948562534207539 -2.3830315446078041 -2.3664692981470274 -2.3368256251155892 -2.2862715966234748 -2.1899693525836454 -2.2988101165872279
leaf_weight=1393.8232880830765 281.96953549981117 112.44941094517708 372.58198347687721 693.78639045357704 971.01828038692474 767.0407420694828 41.563882112503052 77.852654665708542 175.69100743532181 5405.8526520729065 404.45160764455795 559.36067402362823 75.483831882476807 442.96986046433449 72.816417992115021 45.42566043138504 564.15803781151772 800.76163110136986 407.03939723968506 333.84476384520531 49.64574807882309 99.43083867430687 416.35543978214264 165.43937942385674 1561.7310206592083 546.50135034322739 1213.7927565574646 358.26951640844345 93.279861867427826 459.83030498027802
leaf_count=24843 4616 1992 6345 10574 14268 13021 624 1364 3774 85775 7622 9926 1332 10088 1111 605 9789 14661 11538 7729 1090 1692 7347 3058 28079 10306 20605 6187 1590 7590
internal_value=-2.34775 -2.30401 -2.27172 -2.37143 -2.32999 -2.34896 -2.29387 -2.31647 -2.23599 -2.3786 -2.36945 -2.29461 -2.30065 -2.24589 -2.36013 -2.22271 -2.34919 -2.3606 -2.30887 -2.31935 -2.26373 -2.32158 -2.27485 -2.32349 -2.37608 -2.35332 -2.3319 -2.27725 -2.22725 -2.29348
internal_weight=18964.2 6660.67 2968.08 12303.5 3692.6 2973.53 1833.91 2549.33 1134.17 9330.02 3924.16 1053.57 1676.03 958.477 1143.27 157.875 968.61 2041.05 1242.28 740.884 492.616 172.247 494.208 932.48 2955.55 1347.26 1495.76 433.753 465.862 501.394
internal_count=329141 121413 60484 207728 60929 51620 37597 43858 22887 156108 70333 18637 35000 19113 17071 2597 17411 35541 27481 19267 11178 2803 8711 16079 52922 24967 25221 7519 7935 8214
is_linear=0
shrinkage=1


Tree=1
num_leaves=31
num_cat=1
split_feature=11 22 0 0 0 22 20 22 1 11 1 11 11 21 0 22 0 22 0 36 22 42 0 22 11 25 1 9 1 21
split_gain=11108.7 3159.82 1563.78 1217.56 923.912 654.83 567.952 380.878 346.998 292.204 250.933 231.859 195.479 171.923 158.881 153.593 148.221 142.794 132.641 122.88 122.197 117.799 100.21 93.4616 90.974 76.9555 69.6515 68.5625 68.438 63.3649
threshold=0.12164414674043657 0.092042323201894774 1.6050000190734866 2.4250000715255742 2.0949999094009404 0.075356248766183867 79.000000000000014 0.037713078781962402 1.0549999475479128 0.25344043970108038 1.8949999809265139 0.3714850395917893 0.33893597126007086 74.264972686767592 2.7549999952316289 0.19378543645143512 0.88499999046325695 0.10333079844713212 0.85500001907348644 0.24378144741058352 0.1830505654215813 0 2.0349999666213994 0.20523230731487277 0.049416633322834976 34.125000000000007 1.3849999904632571 2.5000000000000004 2.2849999666213994 74.826206207275405
decision_type=8 8 8 10 8 8 2 10 8 10 10 10 10 10 10 10 10 8 10 10 10 9 8 10 10 2 8 2 10 10
left_child=3 4 8 5 7 -1 19 18 16 15 20 21 -10 -6 17 22 -3 -5 -2 -4 -7 26 -8 -11 -12 -13 -9 -14 -19 -20
right_child=1 2 6 14 13 10 9 11 12 23 24 25 27 -15 -16 -17 -18 28 29 -21 -22 -23 -24 -25 -26 -27 -28 -29 -30 -31
leaf_value=-0.022204156150732426 0.047009767225997187 0.1582089505691143 0.13536750527354252 -0.031738570820259507 0.0002814317436641974 0.026141835467056965 0.04569492215267567 0.06643844062828555 0.072213023873563029 0.057272566152491343 -0.0090159804107467975 0.036804828188579046 0.05565365200507074 -0.025032783628519253 -0.038280888153532006 0.053289747700096105 0.10372271142341939 0.0034974698660834198 0.013246304187204403 0.069695535132964559 0.078009472501790952 0.017424565420201051 0.019876368168097343 0.10312329312592437 0.012731936277312379 0.097707697360067458 0.037494126835892608 0.11549153647723967 -0.021139206096976393 -0.015478605460247914
leaf_weight=1886.298969252035 96.880994122475386 174.2736596185714 116.66073087230325 2091.5035175103694 1060.2718160767108 437.62054619379342 303.2360720243305 186.71348629146814 678.64500251226127 417.36338794790208 615.13973172940314 45.366034107282758 37.358932327479124 719.90726129710674 4895.8231040295213 395.73710542917252 168.13923941925168 297.84187702648342 205.58845871128142 81.573174942284822 86.906271863728762 370.55796149931848 1176.8114007245749 88.038103062659502 613.77696705050766 145.99074389412999 491.73653392679989 315.34263019450009 454.61649925448 302.09277415089309
leaf_count=30629 1361 2619 1957 34517 17886 10303 5899 2956 12271 8435 10863 1000 656 10608 81916 6576 2727 7181 3246 975 1604 6421 24850 1487 10762 2383 8252 6132 7860 4634
internal_value=5.22233e-05 0.0375705 0.0623002 -0.0249342 0.010592 -0.00585095 0.043909 0.0304213 0.0967721 0.0384577 0.0117417 0.0431017 0.0850072 -0.00996174 -0.0339059 0.0311504 0.131845 -0.0263621 0.00437022 0.108849 0.0348752 0.0356458 0.0251961 0.0654553 0.00184419 0.0835563 0.0455517 0.10934 -0.0113904 -0.00383525
internal_weight=18957.8 7578.29 3953.18 11379.5 3625.11 3639.74 2579.42 1844.93 1373.76 2381.19 1753.44 1240.36 1031.35 1780.18 7739.78 1875.78 342.413 2843.96 604.562 198.234 524.527 1049.01 1480.05 505.401 1228.92 191.357 678.45 352.702 752.458 507.681
internal_count=328966 133331 74584 195635 58747 64161 50179 30253 24405 47247 33532 21012 19059 28494 131474 37325 5346 49558 9241 2932 11907 17629 30749 9922 21625 3383 11208 6788 15041 7880
cat_boundaries=0 1
cat_threshold=16
is_linear=0
shrinkage=0.04


Tree=2
num_leaves=31
num_cat=0
split_feature=11 22 0 0 0 22 20 11 22 1 11 21 22 0 1 11 0 22 2 4 22 14 0 36 11 26 22 7 1 14
split_gain=10181.4 2795.09 1631.11 983.057 604.973 555.035 486.66 440.731 307.669 229.397 195.99 178.257 174.736 168.775 140.889 128.834 117.784 116.936 107.543 107.138 100.411 93.7597 150.205 90.6892 86.8854 95.0015 76.9406 75.9904 74.5096 72.26
threshold=0.10814762115478517 0.072626460343599333 1.7549999952316286 2.4750000238418584 1.7549999952316286 0.07024054974317552 79.000000000000014 0.32361441850662237 0.14607903361320498 1.8949999809265139 0.23540768027305606 74.166954040527358 0.020953977480530742 0.85500001907348644 1.3849999904632571 0.31670437753200537 2.7549999952316289 0.075978063046932234 -1.0000000180025095e-35 2.5049999952316289 0.20991392433643344 87.36999893188478 2.2749999761581425 0.22468713670969012 0.24780684709548953 1.5000000000000002 0.20523230731487277 11.500000000000002 2.1650000810623173 83.770000457763686
decision_type=8 8 8 10 8 8 2 10 10 10 10 10 10 10 8 10 10 8 10 2 10 10 10 10 10 2 10 2 10 10
left_child=3 4 7 5 12 -1 23 14 10 20 21 -6 -2 18 -3 -14 17 -5 -9 -11 -7 22 -8 29 25 -10 -16 -15 -19 -4
right_child=1 2 6 16 11 9 8 13 24 19 -12 -13 15 27 26 -17 -18 28 -20 -21 -22 -23 -24 -25 -26 -27 -28 -29 -30 -31
leaf_value=-0.025121836379217659 -0.0099764029031506659 0.084667098677822142 0.12590277553911028 -0.035156045547589679 0.00077441087808106121 0.022280207242487266 0.032327473065728127 0.10915793440827665 0.033854594731491931 0.0037744942398861576 0.042772166842495185 -0.023328309005671805 0.024843170110350518 0.056033894388050599 0.049348507485961451 0.059842136737709883 -0.038243888809796338 -0.00080057848579246358 0.16570372696853689 -0.022485700985807582 0.077923499779006186 0.0014793289528101539 -0.0036992597473051382 0.061418889738326883 0.070884805212424698 0.069325841799107182 0.079084707269750129 0.093629997667704912 -0.024193160391596039 0.011565418386145171
leaf_weight=1758.8446803353727 165.4892668556422 352.01427675411105 102.59458668716252 1315.0668198689818 1014.5955019425601 467.50879556499422 599.75413958542049 305.69986905343831 652.62082245759666 1027.3567400816828 437.34901561774313 949.55439596250653 586.29723402112722 125.2697707824409 785.06072893925011 237.2850285153836 4703.1317616347224 312.35216472484171 71.485053727403283 326.79046068154275 57.777142349630594 691.65368476137519 267.11345912329853 94.163441982120275 189.26184400543571 149.55912983603776 173.96692477539182 330.03913340717554 722.4307981915772 9.9879609011113626
leaf_count=28951 2159 5125 1605 21579 16510 10792 12928 4956 11389 18013 8824 14637 9342 2085 13996 3735 81185 7323 1013 5862 1021 13349 5512 1059 2930 1771 2793 5728 12906 158
internal_value=-7.38701e-05 0.0331903 0.0504633 -0.0258705 0.00196346 -0.00897788 0.0323305 0.0774532 0.0282003 0.00613344 0.0191334 -0.0108818 0.0274615 0.100268 0.062898 0.034992 -0.0345815 -0.0272364 0.120295 -0.00257173 0.0285445 0.0124742 0.0212302 0.0915674 0.0464112 0.0405509 0.0548236 0.0834404 -0.0171435 0.115985
internal_weight=18982.1 8290.82 5337.59 10691.3 2953.22 3638.28 3194.06 2143.54 2987.31 1879.43 1995.87 1964.15 989.072 832.494 1311.04 823.582 7052.98 2349.85 377.185 1354.15 525.286 1558.52 866.868 206.746 991.442 802.18 959.028 455.309 1034.78 112.583
internal_count=329236 141604 95221 187632 46383 64639 59525 35696 56703 35688 40613 31147 15236 13782 21914 13077 122993 41808 5969 23875 11813 31789 18440 2822 16090 13160 16789 7813 20229 1763
is_linear=0
shrinkage=0.04


Tree=3
num_leaves=31
num_cat=1
split_feature=11 22 0 0 0 22 20 22 11 1 11 22 21 0 42 1 9 22 4 22 22 40 14 11 25 19 20 1 0 6
split_gain=9267.86 2523.48 1036.58 930.697 799.864 524.812 387.55 286.585 240.542 206.545 202.877 198.831 164.874 154.947 127.148 111.397 104.146 102.251 97.6058 97.1705 95.0365 90.8554 76.8269 99.5386 70.3674 74.4926 69.8446 68.4284 68.1694 63.5199
threshold=0.1053154766559601 0.092042323201894774 1.6349999904632571 2.4750000238418584 2.0949999094009404 0.07024054974317552 79.000000000000014 0.020953977480530742 0.25812315940856939 1.9950000047683718 0.37616863846778875 0.19673433154821399 74.264972686767592 2.054999947547913 0 2.5249999761581425 3.5000000000000004 0.10333079844713212 2.5049999952316289 0.13668338954448703 0.13668338954448703 0.39266912639141088 95.384998321533217 0.23974815011024478 306.87500000000006 190.50000000000003 79.000000000000014 1.3849999904632571 0.70499998331069957 101.25000000000001
decision_type=8 8 8 10 8 8 2 10 10 10 10 10 10 8 9 10 2 10 2 10 8 10 10 8 2 10 2 8 10 2
left_child=3 4 8 5 7 -1 21 -2 27 19 14 13 -6 -8 24 17 26 -5 -11 -7 -18 -4 23 -15 29 -26 -10 -3 -12 -9
right_child=1 2 6 15 12 9 11 10 16 18 28 -13 -14 22 -16 -17 20 -19 -20 -21 -22 -23 -24 -25 25 -27 -28 -29 -30 -31
leaf_value=-0.025029275979749601 -0.014626477236555784 0.080313152980387201 0.10153799703860417 -0.032084842999643724 -0.0014549895119050586 0.01435814340075464 0.04436128539593908 0.035731639216498016 0.10830091765614512 0.0030746988776337554 0.096673283251388492 0.053247939944132405 -0.025193749063431522 0.010323744911949786 0.009848051481302536 -0.038173480994417433 0.073757824932271329 -0.013303042054318166 -0.022546298681805025 0.049501168421086338 0.10210047822429384 0.044006245765182445 0.0015986502439300871 0.033439093429191755 0.037473289259264624 0.085707044664897883 0.040456298776682734 0.048808696484169689 0.05009208783654736 0.010626926076732671
leaf_weight=1692.8605866990983 256.40558155067265 147.6000404600054 167.41302734799683 1927.6968792527914 1195.2140125427395 408.03004748933017 562.93149429932237 481.65168348699808 30.956543654203415 946.11579521000385 70.612530406564474 559.89270291291177 769.05619309470057 499.07723620533943 567.87805624492466 4264.5130791850388 299.97767359949648 614.43544178083539 316.66810419782996 182.27686843276024 603.36690758727491 62.96155590377748 299.18696765042841 745.84049069695175 175.79506201297045 73.813394337892532 114.69368621520698 487.59172559715807 193.13802341744304 244.62849255278707
leaf_count=28431 3442 1985 2237 37643 20142 9475 10155 7736 433 16634 1009 8416 11838 10004 9397 73417 4275 11107 5813 3201 9323 699 5567 15756 2049 859 1982 8079 3096 4780
internal_value=-5.56095e-05 0.0306067 0.0509093 -0.0255567 0.00750757 -0.00893526 0.0363793 0.0248913 0.0758665 0.00577058 0.0305043 0.0320531 -0.0107594 0.0263966 0.0249304 -0.0342125 0.0876757 -0.0275539 -0.00335987 0.0252818 0.092785 0.08609 0.0198202 0.0241913 0.0336838 0.0520379 0.0555435 0.0562504 0.0628962 0.0273075
internal_weight=18962.3 8609.68 4581.49 10352.6 4028.19 3545.95 2897.3 2063.92 1684.19 1853.09 1807.52 2666.93 1964.27 2107.04 1543.77 6806.65 1048.99 2542.13 1262.78 590.307 903.345 230.375 1544.1 1244.92 975.889 249.608 145.65 635.192 263.751 726.28
internal_count=328980 143259 78911 185721 64348 63554 52834 32368 26077 35123 28926 49898 31980 41482 24821 122167 16013 48750 22447 12676 13598 2936 31327 25760 15424 2908 2415 10064 4105 12516
cat_boundaries=0 1
cat_threshold=16
is_linear=0
shrinkage=0.04


Tree=4
num_leaves=31
num_cat=0
split_feature=11 22 11 0 22 0 20 0 0 22 1 21 11 0 21 22 0 4 14 22 26 1 0 14 1 1 1 6 22 21
split_gain=8533.57 2173.7 1171.17 906.64 487.247 484.899 391.83 306.425 259.916 191.098 179.541 136.381 131.318 114.34 110.291 106.666 104.315 88.5305 79.1198 79.0281 75.7584 72.4572 71.6169 87.721 70.8988 67.9492 67.4946 64.4563 79.4154 63.3155
threshold=0.1053154766559601 0.071012552827596678 0.25344043970108038 2.4750000238418584 0.07024054974317552 1.8350000381469729 79.000000000000014 1.8350000381469729 1.1349999904632571 0.14607903361320498 1.8650000095367434 74.264972686767592 0.35728628933429724 2.7549999952316289 75.011997222900405 0.075978063046932234 2.2549999952316289 2.5049999952316289 69.505001068115249 0.20991392433643344 1.5000000000000002 0.64499998092651378 2.495000004768372 90.045001983642592 2.9750000238418584 1.4049999713897707 2.1650000810623173 8.5000000000000018 0.20523230731487277 62.679374694824226
decision_type=8 8 10 8 8 8 2 8 10 10 10 10 10 10 10 8 10 2 10 10 2 8 10 10 8 8 10 2 10 10
left_child=3 5 6 4 -1 12 18 25 21 22 19 -7 14 15 -2 -5 27 -12 -3 -6 -11 -4 23 -9 -25 -8 -17 -10 -29 -23
right_child=1 2 8 13 10 11 7 9 16 20 17 -13 -14 -15 -16 26 -18 -19 -20 -21 -22 29 -24 24 -26 -27 -28 28 -30 -31
leaf_value=-0.024491809461428222 0.024381710448705116 0.099263116129370901 0.10788800249910178 -0.034313950371314891 0.019891695826436653 -0.0015781241958134219 0.063025633776116141 0.022438572561346973 0.021326409529961995 0.028100167110563276 0.0033788285966459466 -0.02345096980670602 0.049694779959071865 -0.037625388077094195 -0.0055690302998443152 -0.00093884209237128993 0.031314852222763617 -0.02092840524546391 0.051284772909173201 0.069247479799579154 0.058581367157634345 0.094625819108737311 -0.0076340240711354514 0.026027436535405669 -0.00689551090052403 0.038612337641289955 -0.023588001978824109 0.05738879563179574 0.086660985436345567 0.068121134521211574
leaf_weight=1654.2882124911994 604.96269204840064 136.33532391488552 172.15772543102503 1234.5012845993042 445.40554317831993 945.53301788121462 240.09926279820502 846.69042249582708 63.365789610892534 676.49677377007902 1034.7188638523221 881.18797391839325 211.43584707006812 4407.7194122839719 290.51546781696379 303.90104058757424 241.3401095084846 310.91145489737391 99.380045695230365 58.192355031147599 162.94890419766307 240.45676459185779 282.87177514284849 141.04894639924169 396.41196781210601 818.27409251779318 687.46635162457824 737.84222071804106 192.89909067004919 421.9864139277488
leaf_count=28381 9124 1709 2088 21506 10110 15184 3222 17275 1004 11168 18047 13990 2988 80803 4371 7296 4278 5837 1129 935 1762 3810 5762 2217 7897 13510 12881 12230 2533 5828
internal_value=-0.00017169 0.0286356 0.0426835 -0.025192 -0.00872663 0.000517267 0.0294833 0.0261633 0.0668909 0.0185274 0.00538009 -0.0121386 0.0213987 -0.0338849 0.0146651 -0.0264626 0.0551405 -0.00224582 0.079354 0.0257288 0.0340844 0.0841933 0.0106753 0.0144228 0.00176951 0.0442087 -0.0166569 0.0608833 0.0635463 0.0778761
internal_weight=18941.3 8804.24 5870.61 10137.1 3503.52 2933.63 3800.56 3564.84 2070.05 2506.47 1849.23 1826.72 1106.91 6633.59 895.478 2225.87 1235.45 1345.63 235.715 503.598 839.446 834.601 1667.02 1384.15 537.461 1058.37 991.367 994.107 930.741 662.443
internal_count=328875 143079 97422 185796 63310 45657 65651 62813 31771 46081 34929 29174 16483 122486 13495 41683 20045 23884 2838 11045 12930 11726 33151 27389 10114 16732 20177 15767 14763 9638
is_linear=0
shrinkage=0.04


Tree=5
num_leaves=31
num_cat=0
split_feature=0 22 9 1 20 10 4 22 0 22 22 0 22 16 6 14 23 1 39 1 16 25 4 25 6 22 21 17 4 9
split_gain=7333.25 2144.3 899.666 721.148 472.349 472.303 471.624 265.509 259.787 202.662 188.034 186.186 165.453 118.519 111.736 99.1609 94.7453 94.3506 84.1065 82.0615 81.232 79.8631 75.5648 72.4369 69.7857 77.7784 63.4116 62.0086 61.3794 59.9584
threshold=2.2549999952316289 0.07024054974317552 3.5000000000000004 2.1450001001358037 79.000000000000014 13.750000000000002 2.0149999856948857 0.075978063046932234 2.6750000715255742 0.07024054974317552 0.13342235982418063 1.5349999666213991 0.19378543645143512 1.5000000000000002 104.25000000000001 86.56000137329103 1.0279616117477419 1.0549999475479128 3.4411590099334721 1.9950000047683718 2.5000000000000004 340.12500000000006 1.1349999904632571 688.25000000000011 52.500000000000007 0.1753945276141167 67.482650756835952 1.5000000000000002 2.245000004768372 3.5000000000000004
decision_type=10 8 2 8 2 2 2 10 10 8 8 10 8 2 2 8 10 10 10 8 2 2 2 2 2 10 10 8 2 2
left_child=1 5 4 7 18 19 12 -2 9 -5 28 13 17 26 -8 21 -13 -4 -3 -1 -14 -12 -19 -16 25 -11 -7 -23 -6 -10
right_child=3 2 6 8 10 11 14 -9 29 24 15 16 20 -15 23 -17 -18 22 -20 -21 -22 27 -24 -25 -26 -27 -28 -29 -30 -31
leaf_value=0.00095988411010965722 -0.017763142891407142 0.085480595310380478 0.07272762211652746 -0.031940042479491268 0.012096540534373128 0.072435600164125438 0.046864116361613431 0.014477407272807542 -0.037167308279210554 -0.0042377337803192793 0.035137857117180871 -0.015339664301261347 0.092947003328515798 0.06152022429557371 0.022227904968811173 0.017563102380194064 0.012146857778484718 0.021689230824808323 0.034522316865990943 -0.020534614838788011 0.058889132397584872 0.10647203058014443 0.054761248571725735 0.089337164581270515 -0.016314095274540346 0.041686352061342337 0.016934256890388587 0.0027991009483742213 -0.0068822045757247373 -0.018695489469389263
leaf_weight=356.19505589269102 799.93545948527753 201.84165690094233 433.93792235665023 1316.8687599543482 1124.4594866316766 34.734156843274832 696.90989532507956 833.48127078637481 4652.4332397282124 394.16480561345816 576.94631302915514 311.9558126013726 419.17098683305085 151.56017014756799 736.25552062876523 670.56142534688115 558.00174018554389 134.16561351157725 72.671672528609633 1396.2685342151672 164.28655196353793 44.1636723279953 693.02738183550537 25.856538526713848 950.18962427414954 68.354413749650121 454.45796484872699 11.771601309999822 358.80249670147896 303.51187701337039
leaf_count=5764 13251 2556 5474 23469 18667 483 11261 13220 88147 8578 12078 6430 6899 1919 12433 13105 7714 1764 688 22951 1720 448 9551 277 19671 1237 6733 143 6185 6386
internal_value=-0.000157704 0.0243232 0.0378379 -0.0254509 0.0222019 -0.00203948 0.0523143 -0.00131056 -0.0305801 -0.0206543 0.0172532 0.0143442 0.0657637 0.0306891 0.0352747 0.0283331 0.00227965 0.0575039 0.0721792 -0.0161654 0.0834812 0.0396923 0.0494347 0.0246241 -0.0101161 0.00261592 0.0210229 0.0851566 0.00750133 -0.0360409
internal_weight=18946.9 9628 6364.83 9318.94 3061.22 3263.17 3303.61 1633.42 7685.52 2729.58 2786.7 1510.71 1844.59 640.752 1459.02 1303.44 869.958 1261.13 274.513 1752.46 583.458 632.882 827.193 762.112 1412.71 462.519 489.192 55.9353 1483.26 4955.95
internal_count=329202 155243 103249 173959 53870 51994 49379 26471 147488 52955 50626 23279 25408 9135 23971 25774 14144 16789 3244 28715 8619 12669 11315 12710 29486 9815 7216 591 24852 94533
is_linear=0
shrinkage=0.04


Tree=6
num_leaves=31
num_cat=1
split_feature=0 22 10 1 1 22 0 14 22 4 22 9 22 30 0 0 5 42 4 29 1 22 4 22 22 4 9 25 21 2
split_gain=6816.71 1939.94 743.51 681.185 470.454 352.805 252.233 239.835 234.006 207.865 191.697 184.723 174.542 151.577 110.855 109.78 97.6101 93.1365 83.8625 72.9692 70.8729 69.094 68.9446 64.3757 63.6912 60.0937 59.7677 54.08 53.1984 52.8878
threshold=2.2549999952316289 0.10333079844713212 10.250000000000002 2.1450001001358037 1.5649999976158144 0.043093513697385795 2.6750000715255742 78.299999237060561 0.075978063046932234 2.1049998998641972 0.07024054974317552 2.5000000000000004 0.043093513697385795 0.14917512238025668 0.58499997854232799 0.88499999046325695 33.500000000000007 0 2.4550000429153447 14.750000000000002 0.50499999523162853 0.1753945276141167 2.0149999856948857 0.020953977480530742 0.17344684153795245 2.4150000810623173 3.5000000000000004 210.00000000000003 62.106197357177741 -0.085000000894069658
decision_type=10 8 2 8 8 10 10 8 10 2 8 2 10 8 8 10 2 9 2 2 10 10 2 10 10 2 2 2 8 10
left_child=1 2 12 8 15 14 10 13 -2 17 -5 18 -1 -6 19 29 -13 20 28 -4 -7 -12 27 -16 -10 -14 -8 -15 -9 -3
right_child=3 4 5 6 7 9 26 11 24 -11 21 16 25 22 23 -17 -18 -19 -20 -21 -22 -23 -24 -25 -26 -27 -28 -29 -30 -31
leaf_value=-0.024038424774998516 -0.017205856791235423 0.069156763523780765 0.087568490843861854 -0.031438311674463683 0.034188268485723552 0.079656800574732567 -0.036758254644491346 0.035843091213183423 0.0074104341795215465 0.010505122319432649 -0.013659036168011091 0.053309046370257337 0.0013142478276024466 0.06044687259963042 -0.020037515725305797 0.054748378820966233 0.025765798460695998 0.023867732961284426 -0.022685428906130505 0.015240500667082775 0.043526004890507231 0.011723146973987488 0.033744667693908312 0.0036569906089266597 0.034431047830364998 -0.02163496395185335 -0.018181092549544121 0.093478309300991158 0.014103508335134907 0.10168891247893035
leaf_weight=896.13847025483847 788.17359422333539 242.46159524656832 33.540282424539328 1286.0552685763687 737.2392889149487 100.41852086782455 4492.8123288303614 223.84654013440013 665.18152440711856 537.44070363789797 1206.6463410109282 425.89130831509829 1328.3028110153973 437.04887033253908 272.54090085066855 855.4214046522975 406.11379364319146 375.79492844454944 84.665836276486516 65.128706786781549 720.85172079689801 199.05753348208964 127.92238034307957 555.85555663891137 176.17565242573619 210.59861574321985 299.41643200442195 102.76073257997632 930.42426434159279 133.75975604914129
leaf_count=14321 13221 2556 423 23524 10909 1259 87855 3071 10602 8734 25877 6942 22736 8406 3810 10714 7113 5834 1759 850 10311 3722 2872 9275 2578 3904 6413 879 17088 1354
internal_value=-9.04498e-05 0.0230582 0.0059547 -0.0249936 0.0415692 0.0205649 -0.0300959 0.0340217 -0.00155371 0.0312068 -0.0202814 0.0253419 -0.0100149 0.0467859 0.000637682 0.0628213 0.0399167 0.0404813 0.0155267 0.0404988 0.0480402 -0.0100561 0.060617 -0.0041484 0.0131073 -0.00183576 -0.0356024 0.0669035 0.0183503 0.0809726
internal_weight=18917.7 9804.17 5096.61 9113.52 4707.56 2661.57 7483.99 3475.91 1629.53 1734.51 2691.76 2070.94 2435.04 1404.97 927.065 1231.64 832.005 1197.07 1238.94 98.669 821.27 1405.7 667.732 828.396 841.357 1538.9 4792.23 539.81 1154.27 376.221
internal_count=328912 155120 81457 173792 73663 40496 147391 59039 26401 26138 53123 35973 40961 23066 14358 14624 14055 17404 21918 1273 11570 29599 12157 13085 13180 26640 94268 9285 20159 3910
cat_boundaries=0 1
cat_threshold=16
is_linear=0
shrinkage=0.04


Tree=7
num_leaves=31
num_cat=0
split_feature=11 22 0 11 0 22 22 0 0 4 21 23 22 20 5 11 26 1 0 14 14 22 4 21 2 12 5 14 0 11
split_gain=6827.58 1456.58 828.179 696.566 414.813 400.423 241.992 144.851 144.384 140.595 122.49 121.696 114.667 104.666 95.3241 88.0251 88.0191 132.375 87.6208 74.6523 68.6545 67.2187 63.6379 61.9756 61.9404 59.5362 55.8623 55.7602 79.4315 54.3913
threshold=0.1053154766559601 0.072626460343599333 2.4750000238418584 0.25812315940856939 1.8350000381469729 0.07024054974317552 0.14340715855360034 2.0349999666213994 0.88499999046325695 2.5049999952316289 73.370883941650405 1.0213701128959658 0.10333079844713212 110.00000000000001 21.500000000000004 0.35728628933429724 1.5000000000000002 2.0649999380111699 2.7549999952316289 93.08499908447267 78.854999542236342 0.20991392433643344 2.2050000429153447 77.668823242187514 -1.0000000180025095e-35 2.5000000000000004 33.500000000000007 90.045001983642592 2.4750000238418584 0.18969938158988955
decision_type=8 8 10 10 8 8 10 8 10 2 10 10 8 2 2 10 2 8 10 10 10 10 2 10 10 10 2 10 10 8
left_child=2 4 5 6 11 -1 7 -3 24 14 29 -2 -4 -9 21 23 17 26 -14 -18 -19 -7 25 -13 -5 -10 -8 28 -15 -6
right_child=1 3 12 8 10 9 16 13 22 -11 -12 15 18 27 -16 -17 19 20 -20 -21 -22 -23 -24 -25 -26 -27 -28 -29 -30 -31
leaf_value=-0.023110677325282072 -0.0047330853835382096 0.029306481989033621 -0.035880726871232796 0.062114118735372252 -0.010550922404490017 0.016747508100445591 0.05802117786520717 0.0626393308703736 0.033169319370570077 -0.019080200574720645 -0.02034286511194372 0.0243671006671701 -0.01096076818524792 0.0199000273446291 0.0014289613002870826 0.05090047197832627 0.071566411535755256 0.036950049225783335 -0.030674302634788618 0.021547295703434527 0.012981976897360716 0.0576454139071398 0.020234969305734461 -0.011154874335219552 0.093061324418397331 0.053124095502171793 0.031623085887986367 -0.0028716061236586199 -0.0087290442064013249 0.0097185406562507529
leaf_weight=1570.7044927496463 256.20899713598192 971.80586040206254 4574.3022375684232 561.9626055881381 389.73215437121689 526.89399966038764 347.43133313953876 55.886436432600021 315.99646194651723 338.74347375705838 971.07683896645904 663.74890379235148 583.24666592851281 686.11836028471589 948.19135516881943 186.58710766769946 189.81296739913523 321.06141184829175 954.83503873832524 65.491422979161143 477.04084687493742 72.721056697890162 140.58824977651238 88.372392790392041 134.01452559791505 1100.4878990799189 211.83416490256786 537.57070212066174 199.39768157154322 461.55816441401839
leaf_count=28389 4798 14793 87028 6908 6461 10425 4199 1082 5930 6904 16179 8837 12590 13464 16539 2231 1697 4545 22810 644 7597 1149 2285 1225 1301 14191 3013 10074 4223 7468
internal_value=-0.000108829 0.0242308 -0.0238491 0.0351506 0.00136565 -0.00819795 0.0252472 0.0173142 0.0529907 0.00422165 -0.0106408 0.0196736 -0.0326982 0.00941717 0.00933296 0.0263373 0.0372823 0.0331758 -0.0232134 0.0588851 0.0226631 0.021802 0.0461488 0.0201788 0.0682039 0.0487018 0.0481037 0.00728174 0.0134463 0.000432723
internal_weight=18903.4 9333.79 9569.64 6316.5 3017.28 3457.25 4063.45 2450.78 2253.05 1886.55 1822.37 1194.92 6112.38 1478.97 1547.81 938.708 1612.67 1357.37 1538.08 255.304 798.102 599.615 1557.07 752.121 695.977 1416.48 559.265 1423.09 885.516 851.29
internal_count=328979 143145 185834 95946 47199 63406 65331 43636 30615 35017 30108 17091 122428 28843 28113 12293 21695 19354 35400 2341 12142 11574 22406 10062 8209 20121 7212 27761 17687 13929
is_linear=0
shrinkage=0.04


Tree=8
num_leaves=31
num_cat=2
split_feature=11 22 0 11 22 0 22 1 0 0 21 44 23 42 1 22 14 11 22 0 1 1 0 1 25 21 22 17 4 37
split_gain=6273.1 1331.33 835.949 616.418 424.785 368.977 192.655 169.061 152.229 148.686 118.245 101.79 99.5534 83.8839 82.3991 75.1099 72.2367 100.389 67.1562 65.8381 59.0137 57.5508 56.4969 56.2723 54.2319 57.2864 54.1924 52.6405 50.2223 47.9237
threshold=0.1053154766559601 0.071012552827596678 2.554999947547913 0.24780684709548953 0.07024054974317552 1.8450000286102297 0.13530099391937259 2.1750000715255742 2.054999947547913 0.88499999046325695 74.264972686767592 0 1.0213701128959658 1 2.5249999761581425 0.20523230731487277 87.184997558593764 0.24178075790405276 0.10333079844713212 2.5849999189376835 1.0850000381469729 2.0049999952316289 2.1250000000000004 0.99500000476837169 332.87500000000006 58.496623992919929 0.20523230731487277 2.5000000000000004 2.1550000905990605 66.648300170898452
decision_type=8 8 10 10 8 8 10 10 8 10 10 9 10 9 10 10 10 8 10 10 8 8 10 8 2 10 10 10 2 10
left_child=2 5 4 6 21 12 8 15 -3 -5 28 23 -2 20 18 27 17 -10 -4 26 -14 -1 -9 -8 25 -25 -11 -6 -7 -19
right_child=1 3 14 9 7 10 11 22 16 19 -12 -13 13 -15 -16 -17 -18 29 -20 -21 -22 -23 -24 24 -26 -27 -28 -29 -30 -31
leaf_value=-0.00962808072303265 -0.0046231291521484693 0.027883558903576917 -0.031273541239235342 0.063303426202504912 0.020466283877600779 0.0059490742657711468 0.060626792496298272 0.0044849481182236651 0.0023721117221591772 0.039982490404304606 -0.022288717218764173 0.059296839406817438 0.056628244810914413 0.0083420989813548438 -0.037402167378397369 0.045324146868371898 -0.0038786443885089213 0.050456429302624527 -0.013873476830730886 0.011881284614288104 0.026011214534991552 -0.027405356621834295 -0.013521334528409175 0.050252324025946891 0.043969724163294234 0.020675970769173286 0.057581410281090747 0.00034961151656645823 -0.013127322211640825 0.018837893186875111
leaf_weight=367.60217391885817 252.18347419984639 922.33377158455551 1459.2243019845337 755.1985849943012 435.0462000798434 567.84311208873987 84.611806515604258 422.60926113277674 437.19417544081807 1274.795765761286 821.79356980137527 217.06967088207603 131.47367586195469 355.62813851609826 3432.2570467181504 114.49627494625747 578.86331904679537 130.49209684692323 473.31832078844309 110.36431882530451 445.71870118752122 1445.8479522541165 814.46731240674853 115.8091871868819 252.62812354788184 1102.5214668549597 369.85015953890979 399.0329025965184 359.84020162932575 190.50707165710628
leaf_count=6485 4715 13920 32968 8536 8789 9107 1004 7368 8588 18469 13935 2227 1531 4716 68711 1730 11385 3822 9414 1897 5706 27198 15292 1483 2383 16124 4200 7892 5998 3151
internal_value=-0.000133542 0.0228082 -0.0233521 0.0328479 -0.0095047 0.000420437 0.0231486 0.00236916 0.0153896 0.0484104 -0.0112494 0.0330216 0.0176475 0.023671 -0.0336699 0.0150666 0.00675351 0.0148706 -0.0270234 0.0419671 0.033078 -0.0238112 -0.00736816 0.0287511 0.0270702 0.0235296 0.0439752 0.010859 -0.00145235 0.0318206
internal_weight=18840.6 9476.72 9363.9 6542.24 3999.1 2934.48 4032.03 2185.65 2259.39 2510.21 1749.48 1772.64 1185 932.821 5364.8 948.575 1337.06 758.193 1932.54 1755.01 577.192 1813.45 1237.08 1555.57 1470.96 1218.33 1644.65 834.079 927.683 320.999
internal_count=328744 142897 185847 97189 74754 45708 64087 41071 40866 33102 29040 23221 16668 11953 111093 18411 26946 15561 42382 24566 7237 33683 22660 20994 19990 17607 22669 16681 15105 6973
cat_boundaries=0 1 2
cat_threshold=8 16
is_linear=0
shrinkage=0.04


Tree=9
num_leaves=31
num_cat=2
split_feature=0 22 1 9 1 20 4 22 0 22 22 4 22 0 22 9 5 9 5 42 5 4 5 16 1 25 46 39 22 1
split_gain=5424.53 1337.55 656.12 522.309 364.118 271.113 266.555 262.483 206.371 159.802 144.797 132.687 123.324 101.583 101.362 98.7864 90.5333 81.6546 69.8077 69.0727 78.4475 62.9843 62.7868 60.8518 66.0174 58.6092 57.7332 57.4769 52.1525 48.2677
threshold=2.2549999952316289 0.07024054974317552 2.3249999284744267 3.5000000000000004 2.0049999952316289 79.000000000000014 2.0249999761581425 0.075033884495496764 2.6750000715255742 0.069668810814619078 0.024375068023800853 2.2849999666213994 0.13530099391937259 1.7150000333786013 0.10333079844713212 14.500000000000002 35.500000000000007 2.5000000000000004 16.500000000000004 0 35.500000000000007 2.1750000715255742 24.500000000000004 2.5000000000000004 1.0549999475479128 729.12500000000011 1 3.4411590099334721 0.19673433154821399 0.58499997854232799
decision_type=10 8 8 2 8 2 2 10 10 8 10 2 8 8 8 2 2 2 2 9 2 2 2 2 8 2 1 10 10 10
left_child=1 4 7 5 10 27 12 -2 9 -4 -1 14 29 21 -7 19 -8 -9 28 20 26 -6 -19 24 -14 -18 -12 -3 -11 -5
right_child=2 3 8 6 13 11 16 17 -10 18 15 -13 23 -15 -16 -17 25 22 -20 -21 -22 -23 -24 -25 -26 -27 -28 -29 -30 -31
leaf_value=-0.011131820976879887 -0.019299293067507026 0.062101607266703253 -0.032065441360084289 0.056485847442671988 0.012370971602191624 0.0041868228351210563 0.037248409664912739 -0.0040350137660596051 -0.035441447226686067 -0.00091498409826978714 0.053089793788611499 -0.0059181191090662893 0.079942545727583955 -0.019230285112515243 0.022357232942669333 0.038503027141037982 0.015874822083641812 0.033613605956378183 -0.016442856447824027 -0.0028517099024501337 -0.00099086868705905158 -0.019021826501416924 0.0079487523871747939 0.040626249558727151 0.055333161547764957 0.082404604504114742 0.018698227144036586 0.022996783297701575 0.045958208348516473 0.033775644308820005
leaf_weight=302.18621450290084 1090.8373242793605 241.49245615489781 981.65175198204815 186.45812622644007 319.98825850896537 676.63711171783507 692.80712838098407 514.95272450335324 4164.7063053101301 300.01098261866719 133.13507385738194 462.48094831593335 248.00561209581792 1348.1562503501773 1802.2683883253485 327.07276831567287 813.82376777566969 237.5633749673143 829.09896983765066 297.48278499767184 163.95408014953136 149.03261028602719 426.90577113814652 287.96295908093452 669.65652634948492 20.859392680227757 192.57208707369864 82.64133882522583 42.454080859199166 834.93368528597057
leaf_count=4372 19685 2570 19472 1983 4749 11366 9636 9177 89874 6749 1909 8595 2493 23585 30624 4747 13008 3170 18549 4645 2746 2515 6600 2624 9202 194 2725 692 665 10127
internal_value=-0.000162964 0.0194783 -0.023613 0.0292821 -0.00180698 0.0175725 0.0394583 -0.00516422 -0.0302399 -0.0201654 0.0133898 0.0137339 0.0482914 -0.0136552 0.0174028 0.020048 0.0265541 0.00791108 -0.0101722 0.0123353 0.0215571 0.00236807 0.0171673 0.056988 0.0620682 0.0176389 0.0328877 0.0522451 0.00500095 0.0379766
internal_weight=18841.8 10253.6 8588.18 7020.03 3233.58 3265.52 3754.51 2270.26 6317.92 2153.22 1416.4 2941.39 2227.02 1817.18 2478.91 1114.22 1527.49 1179.42 1171.56 787.144 489.661 469.021 664.469 1205.63 917.662 834.683 325.707 324.134 342.465 1021.39
internal_count=329048 155107 173941 103114 51993 53847 49267 38632 135309 45435 21144 50585 26429 30849 41990 16772 22838 18947 25963 12025 7380 7264 9770 14319 11695 13202 4634 3262 7414 12110
cat_boundaries=0 1 2
cat_threshold=16 8
is_linear=0
shrinkage=0.04


Tree=10
num_leaves=31
num_cat=2
split_feature=11 22 11 0 0 22 22 21 0 1 0 9 1 14 6 1 26 0 17 14 0 6 31 23 1 46 22 23 0 46
split_gain=5504.23 1226.96 596.612 550.834 346.318 287.493 204.51 172.159 157.639 126.02 85.4104 83.7717 80.5696 75.9946 70.045 68.0601 66.9145 64.2504 59.6285 70.0586 66.2236 55.3811 54.0971 51.8048 50.1744 48.8972 48.381 44.7547 44.3053 44.249
threshold=0.078321117907762541 0.071012552827596678 0.25812315940856939 2.554999947547913 1.5349999666213991 0.075978063046932234 0.14340715855360034 74.264972686767592 1.9650000333786013 2.1750000715255742 0.75499999523162853 14.500000000000002 1.8949999809265139 79.189998626708999 86.250000000000014 2.5349999666213994 1.5000000000000002 1.044999957084656 3.5000000000000004 87.36999893188478 2.0349999666213994 54.500000000000007 68.883445739746108 1.0213701128959658 1.5649999976158144 0 0.071012552827596678 1.0067822337150576 2.6950000524520878 1
decision_type=8 8 10 8 8 8 10 10 8 10 10 2 10 10 2 10 2 8 8 10 10 2 10 10 8 1 10 10 8 1
left_child=3 4 6 5 11 -1 8 12 29 21 -4 23 -6 16 -13 26 -8 -15 19 20 22 27 -10 -2 -12 -25 -5 -7 -21 -3
right_child=1 2 10 15 7 9 13 -9 18 -11 24 14 -14 17 -16 -17 -18 -19 -20 28 -22 -23 -24 25 -26 -27 -28 -29 -30 -31
leaf_value=-0.024274795070476425 -0.013672460596511851 0.015793916565050751 0.056051012640864643 -0.033340595754487543 0.0094732416107596393 -0.0075542619451958153 0.03442898879933378 -0.02063180563388806 0.038213169983713144 -0.009653670992420994 0.045918979501127756 0.071249121684682282 -0.0096576124758147829 0.058387950410252007 0.026336162459385314 -0.037095698098462422 0.068160652773273628 0.020070633351807764 -0.0073156387993486439 0.015037397805084476 0.0065119463167983005 0.0019788831394256792 0.0073024810614234397 0.0038683087010232733 0.032547540074995975 0.030368154194912688 -0.019809800263243686 0.03185925035732802 -0.0074364970670797691 0.032171782896233757
leaf_weight=1563.5175735987723 105.21019252203405 461.72774622216821 662.31842034868896 928.85535724367946 744.95827484596521 55.134098066017032 734.97357326000929 1105.8352467156947 291.1333438064903 929.33039249107242 905.55050152353942 74.550233820453286 666.29210165981203 74.80494562536478 221.76108254678547 3127.2659521428868 108.99551730789244 1005.270268175751 407.96689918637276 206.5153141617775 448.09835006855428 344.96388687565923 132.6139823757112 219.00605861470103 930.08457854390144 227.29414462670684 792.06743356026709 265.61913025379181 432.62474472820759 630.639349905774
leaf_count=30267 1848 6728 6901 22881 11607 2451 9156 19350 6485 17306 9949 955 11783 812 2897 66544 813 13891 8326 3585 8258 6625 1698 2677 14007 2972 16738 4142 8309 9168
internal_value=3.21649e-05 0.0186664 0.0277373 -0.0250975 -0.00137273 -0.0120917 0.019667 -0.00882171 0.0131489 -0.000139249 0.0436663 0.0207221 0.000437737 0.0298543 0.0378511 -0.0335655 0.0388656 0.0227797 0.00623533 0.00989917 0.0172672 0.0131313 0.0285889 0.01146 0.0391675 0.017411 -0.0271304 0.0250696 -0.000156464 0.0252735
internal_weight=18805 10798.2 7433.32 8006.75 3364.91 3158.57 4935.36 2517.09 3011.32 1595.05 2497.95 847.822 1411.25 1924.04 296.311 4848.19 843.969 1080.08 1918.95 1510.99 871.846 665.717 423.747 551.51 1835.64 446.3 1720.92 320.753 639.14 1092.37
internal_count=329129 162175 108086 166954 54089 60791 77229 42740 52557 30524 30857 11349 23390 24672 3852 106163 9969 14703 36661 28335 16441 13218 8183 7497 23956 5649 39619 6593 11894 15896
cat_boundaries=0 1 2
cat_threshold=4 4
is_linear=0
shrinkage=0.04


Tree=11
num_leaves=31
num_cat=1
split_feature=11 22 0 0 0 22 22 11 22 14 17 11 16 25 11 46 1 4 1 1 11 22 22 22 25 22 36 26 5 1
split_gain=5054.77 1075.39 578.177 536.222 322.534 272.048 200.179 134.379 129.678 120.086 116.874 103.604 87.306 82.1463 79.6441 73.3982 68.3515 68.0573 59.542 54.9736 48.8332 47.8738 47.5243 44.5116 43.0061 42.8497 42.0158 45.8488 38.3918 37.9419
threshold=0.078321117907762541 0.10333079844713212 2.554999947547913 2.1350001096725468 1.6549999713897707 0.07024054974317552 0.037713078781962402 0.19470822066068652 0.043093513697385795 78.520000457763686 1.5000000000000002 0.29736660420894628 1.5000000000000002 49.375000000000007 0.19645989686250689 0 2.5349999666213994 2.5149999856948857 1.5850000381469729 1.4650000333786013 0.3714850395917893 0.12538933753967288 0.10333079844713212 0.20523230731487277 367.62500000000006 0.013385057449340822 0.13851648569107058 1.5000000000000002 29.500000000000004 1.2450000047683718
decision_type=8 8 8 8 8 8 10 10 10 10 8 8 2 2 10 1 10 2 8 10 10 10 10 10 2 10 8 2 2 8
left_child=2 3 5 6 15 -1 12 -8 -5 11 21 23 25 -9 -11 -3 22 28 -10 -17 -15 -7 -4 -6 -23 -2 -20 -28 -12 -27
right_child=1 4 16 8 9 10 7 13 18 14 17 -13 -14 20 -16 19 -18 -19 26 -21 -22 24 -24 -25 -26 29 27 -29 -30 -31
leaf_value=-0.024377330292107886 -0.026857556714479678 0.050080931618574798 -0.030848886084904749 -0.022107246665393918 0.015768498966884464 0.0058801753622297103 0.0099721330425458551 0.01451106302379015 0.014995538488718652 0.010711616861638075 0.0076637121409641341 0.04241629098609085 0.037603324238294093 0.030866198196727358 0.029509141038566621 0.042733527566251477 -0.037112350368221809 -0.020974733170954073 -0.0088784743176159725 0.025516215672751433 0.051969548710614773 0.028728068593796299 -0.015147763056927816 0.038570896375177077 0.10093036116349319 0.018380418594999219 0.0023710781409151558 0.058247092583975868 -0.0079601296576367539 -0.0067547288808692246
leaf_weight=1401.1738250870258 129.5401186645031 962.68004883266985 1258.8939567422494 856.01671688631177 615.83076564595103 189.50305610522628 921.4974404592067 398.63758191093802 255.14794311858714 1438.0694020222872 471.50531832780689 660.55366329476237 80.311890225857496 710.21060249768198 482.06563807837665 685.27190254256129 3025.7995480680838 356.23969457205385 1080.3630398930982 537.83572511933744 238.26455625891685 153.14730912074447 414.16749479155988 176.99257022514939 13.784193895757197 120.64561218954623 109.29174808133394 29.023654500022531 537.26091002486646 456.03804147988558
leaf_count=27777 1787 11462 30775 15179 9795 3931 13874 7151 3957 24122 9029 9452 961 7964 7206 8206 66486 7598 19338 5447 2414 2661 8769 2034 142 1777 2157 362 9682 7406
internal_value=-8.9842e-05 0.0174594 -0.0246454 0.00471703 0.0297984 -0.0112975 0.015738 0.0217647 -0.00973371 0.0220293 -0.000640817 0.0307076 -0.00164521 0.029815 0.0154459 0.0417717 -0.0335105 -0.00597105 -0.00253418 0.0351929 0.0362209 0.0197203 -0.0269758 0.0209062 0.0352794 -0.00616108 -0.00621685 0.0144586 -0.000653104 -0.00146667
internal_weight=18765.8 10944.3 7821.48 5384.99 5559.3 3122.61 3055.15 2268.61 2329.84 3373.51 1721.44 1453.38 786.536 1347.11 1920.14 2185.79 4698.86 1365.01 1473.83 1223.11 948.475 356.435 1673.06 792.823 166.932 706.224 1218.68 138.315 1008.77 576.684
internal_count=328901 162051 166850 84327 77724 60820 43334 31403 40993 52609 33043 21281 11931 17529 31328 25115 106030 26309 25814 13653 10378 6734 39544 11829 2803 10970 21857 2519 18711 9183
cat_boundaries=0 1
cat_threshold=8
is_linear=0
shrinkage=0.04


Tree=12
num_leaves=31
num_cat=1
split_feature=11 22 0 0 0 22 22 1 22 1 11 11 14 1 21 25 43 4 14 11 26 22 1 4 20 25 22 22 0 4
split_gain=4696.03 943.254 539.177 415.6 325.206 251.371 154.24 144.212 141.272 113.155 108.36 78.8476 76.8867 68.0536 63.2217 61.0283 59.8004 59.1222 65.3128 60.4385 58.2657 54.3973 52.2604 49.2932 47.191 56.9567 46.5757 45.3969 44.9561 43.7169
threshold=0.078321117907762541 0.073323175311088576 2.554999947547913 1.9650000333786013 2.1750000715255742 0.07024054974317552 0.13530099391937259 1.3049999475479128 0.020953977480530742 2.1750000715255742 0.27718344330787664 0.41898326575756079 79.889999389648452 2.5349999666213994 74.264972686767592 116.37500000000001 0 2.2949999570846562 91.649997711181655 0.2561162561178208 1.5000000000000002 0.073926765471696868 1.4049999713897707 1.325000047683716 184.00000000000003 260.25000000000006 0.12538933753967288 0.13530099391937259 2.1250000000000004 2.1350001096725468
decision_type=8 8 8 8 8 8 10 8 10 10 10 10 10 10 10 2 9 2 10 8 2 10 8 2 2 2 10 10 10 2
left_child=2 4 5 7 8 -1 17 27 -2 26 16 29 20 21 -6 -12 -10 18 19 -5 -8 -4 -18 -20 -17 -26 -7 -3 -11 -9
right_child=1 3 13 6 14 9 12 11 10 28 15 -13 -14 -15 -16 24 22 -19 23 -21 -22 -23 -24 -25 25 -27 -28 -29 -30 -31
leaf_value=-0.024158235841967607 -0.015793584134826059 0.036051670619718611 -0.033047819398500461 0.0062028623508432728 -0.0072469000605920085 0.0030406878178900428 0.02787539855062483 0.028175241345936158 -0.01633114554894281 0.0029800713459823052 0.012733151711263144 0.045610599485977822 0.016051249983126896 -0.036702921584023523 -0.023982950317736833 0.024490577698838167 0.026997532660302234 -0.0060812082537519416 -0.01091067080847859 0.024369284812943235 0.056496313356906705 -0.018340063837296163 0.005614962853550968 0.016148693923204158 0.021390168249643154 0.072848326250648368 0.024153534459591518 0.051835430399983111 -0.015407454212468941 0.014158817705439714
leaf_weight=1372.9150176066905 300.35367510467768 539.86193678900599 905.23676072526723 552.41732066124678 754.63396227359772 447.22610887605697 595.23404652625322 1862.4625181984156 144.43366520106792 304.15129891969264 229.52456537075341 362.08225073292851 910.40297186467797 2927.8070037234575 695.43443022482097 162.45599778369069 236.10807474143803 412.30235821846873 314.07299450039864 626.94757010601461 142.24716042168438 736.37364797946066 806.83694433234632 162.63355432078242 53.430260365828872 103.08860746771097 266.81435980647802 678.1070361584425 702.14398400112987 445.7797260992229
leaf_count=27770 4341 5601 23472 9916 13452 9697 7337 23969 2230 5462 4220 4405 12027 66457 12768 1543 3309 8498 6179 11869 993 16137 12740 2828 562 946 4223 6195 13630 6478
internal_value=-0.00022429 0.0164126 -0.0243038 0.0243101 -0.000814878 -0.0114005 0.014737 0.0334525 0.00949172 -0.00120877 0.0138756 0.0282249 0.0238648 -0.0330334 -0.0152871 0.0285667 0.00706753 0.00745483 0.0108289 0.0158759 0.0334703 -0.026468 0.0103813 -0.00165623 0.0398721 0.055555 0.0109582 0.0448779 -0.00984844 0.0254774
internal_weight=18753.5 11090.9 7662.67 7604.55 3486.3 3093.25 3716.26 3888.29 2036.23 1720.34 1735.88 2670.32 1647.88 4569.42 1450.07 548.499 1187.38 2068.37 1656.07 1179.36 737.481 1641.61 1042.95 476.707 318.975 156.519 714.04 1217.97 1006.3 2308.24
internal_count=329254 162406 166848 106295 56111 60782 59647 46648 29891 33012 25550 34852 20357 106066 26220 7271 18279 39290 30792 21785 8330 39609 16049 9007 3051 1508 13920 11796 19092 30447
cat_boundaries=0 1
cat_threshold=12
is_linear=0
shrinkage=0.04


Tree=13
num_leaves=31
num_cat=1
split_feature=11 22 0 11 0 22 22 22 0 5 11 20 0 22 21 42 0 22 0 21 0 25 31 19 24 14 4 4 28 36
split_gain=4395.05 909.315 473.121 407.094 301.162 221.347 162.482 130.485 124 93.0604 89.889 81.6436 64.7944 62.5325 89.3152 61.6283 59.9532 59.1689 58.7731 56.2592 43.24 43.1222 42.0535 47.7263 39.9474 39.2946 60.0693 38.7459 37.7918 37.3752
threshold=0.070196676999330535 0.071012552827596678 2.554999947547913 0.25344043970108038 2.1550000905990605 0.07024054974317552 0.16738542914390567 0.020953977480530742 1.9650000333786013 21.500000000000004 0.23540768027305606 110.00000000000001 1.1549999713897707 0.075033884495496764 82.352401733398452 0 2.7549999952316289 0.15393061935901645 3.0049999952316289 77.35693740844728 2.1049998998641972 112.62500000000001 68.609466552734389 49.500000000000007 0.18828873336315158 90.645000457763686 2.2250000238418584 2.2549999952316289 5.5000000000000009 0.042229872196912772
decision_type=8 8 8 10 8 8 10 10 8 2 10 2 10 8 10 9 10 10 8 10 10 2 10 8 10 10 2 2 2 8
left_child=2 4 5 6 7 -1 8 -2 29 17 -9 -10 -5 -4 18 21 25 -7 -15 27 -11 -12 23 -8 -25 26 28 -6 -13 -3
right_child=1 3 13 12 19 9 22 10 11 20 15 16 -14 14 -16 -17 -18 -19 -20 -21 -22 -23 -24 24 -26 -27 -28 -29 -30 -31
leaf_value=-0.024488151418725901 -0.015857721250260845 0.051027059999029206 -0.037129733370482927 0.041939668454436099 -0.0046454768787740986 0.0031058373410569841 0.045728680642748085 0.0046510868481913622 0.041275356667792674 0.0025303963386737343 0.015906420288440831 0.026977687831798783 0.029547294667809754 -0.021680240212706297 0.14940775853713201 0.0078715614473471012 -0.01798142241199804 0.032025247550163283 -0.036111288850037324 -0.027424396199680193 -0.015658906517387824 0.041525941801305956 0.014968461104588757 0.033359978286154598 0.015996394063325564 -0.0012871690549872462 -0.0028839248182475014 -0.020504193535371869 0.010199927682567309 0.019691855692804707
leaf_weight=1257.384699572809 300.06807023286819 63.603345898911357 2481.4481961308047 1208.4134169109166 683.74775376636535 479.2960411272943 265.99248038046062 950.53813928179443 99.91485383361578 306.5319441948086 168.08535327762365 312.95550334081054 1577.8769570831209 1077.5215644519776 3.5786467567086211 262.84082068689167 174.24272451456636 147.46738310903311 789.9957520365715 437.85532270744443 652.920111566782 291.05730096623302 354.47200102359056 524.60813461709768 362.77582469955087 711.89981900155544 398.63264663051814 385.99316076561809 692.2564847394824 1293.6756194662303
leaf_count=25999 4413 660 55541 12044 12387 9912 3352 15005 1550 5502 3169 5040 19794 27663 66 3721 3933 2417 20967 7846 12843 2745 3997 7482 3432 12701 7800 7453 12060 17784
internal_value=-0.000133859 0.0151838 -0.0246578 0.0225758 -0.00189635 -0.0119604 0.0160158 0.00838764 0.011547 -0.00201804 0.0127468 0.00605671 0.0349364 -0.0329476 -0.0273824 0.0233786 0.00450099 0.00995666 -0.0278031 -0.0153516 -0.00984692 0.0322107 0.0271038 0.0308137 0.026292 0.00636205 0.010242 -0.0103853 0.015449 0.0211997
internal_weight=18717.7 11521.5 7196.14 8041.32 3480.19 2843.6 5255.03 1972.59 3747.18 1586.22 1672.52 2389.9 2786.29 4352.54 1871.1 721.983 2289.99 626.763 1867.52 1507.6 959.452 459.143 1507.85 1153.38 887.384 2115.74 1403.84 1069.74 1005.21 1357.28
internal_count=329278 168368 160910 111629 56739 56673 79791 29053 61528 30674 24640 43084 31838 104237 48696 9635 41534 12329 48630 27686 18345 5914 18263 14266 10914 37601 24900 19840 17100 18444
cat_boundaries=0 1
cat_threshold=16
is_linear=0
shrinkage=0.04


Tree=14
num_leaves=31
num_cat=0
split_feature=11 22 11 0 22 0 22 0 17 20 0 1 22 25 1 21 4 1 30 1 20 15 25 20 10 18 1 11 1 5
split_gain=4120.85 855.8 461.995 454.202 222.348 221.608 188.394 138.87 108.372 86.5699 85.9387 73.62 64.3462 63.185 62.9066 62.6569 61.3058 53.4251 51.0536 50.8559 50.4881 66.8351 45.5133 74.1438 49.8073 45.2135 44.4244 43.7778 43.7281 41.2584
threshold=0.070196676999330535 0.05077031813561917 0.20013717561960223 2.6350001096725468 0.07651377841830255 1.5049999952316286 0.10333079844713212 1.3049999475479128 1.5000000000000002 79.000000000000014 2.3449999094009404 1.2050000429153445 0.19673433154821399 688.25000000000011 1.0000000180025095e-35 79.661323547363295 2.5049999952316289 1.8049999475479128 0.22678033262491229 2.5349999666213994 175.00000000000003 3.5000000000000004 89.125000000000014 110.00000000000001 9.7500000000000018 1.5000000000000002 2.3750000000000004 0.16927146911621097 2.1950000524520878 33.500000000000007
decision_type=8 8 10 8 8 8 10 10 10 2 10 8 10 2 8 10 2 8 10 10 2 2 2 2 2 10 10 10 10 2
left_child=3 5 6 4 28 11 10 14 -6 18 20 -2 13 26 -4 27 29 -11 -8 -5 -3 -22 23 -16 -25 -15 -9 -7 -1 -10
right_child=1 2 7 19 8 15 9 12 16 17 -12 -13 -14 25 22 -17 -18 -19 -20 -21 21 -23 -24 24 -26 -27 -28 -29 -30 -31
leaf_value=-0.013797254094802338 0.037314775140759891 0.015284876780084949 0.058426600020238563 -0.02710737727566909 0.016202954217602678 -0.016401149073957118 0.054041269909743249 0.021078057455674825 0.0053369209844674808 0.026850586960069416 -0.01165723593759046 0.0051039495903296636 0.036974070539336164 0.026420891542195325 0.053495037824361748 -0.029201075269279921 -0.021286097201248137 0.013036622860837316 0.019387020908334426 -0.036943206656055459 -0.0040661008551070004 0.021717673957549487 0.041700347209343999 -0.0018491723551269518 0.027377308482184365 0.10414241869247351 0.0021323070824291594 -0.0016394937268360671 -0.02832671867666681 -0.01218793332683064
leaf_weight=480.90522297658026 159.99979605711997 707.42076559737325 210.1096038594842 1293.6329904794693 367.88400233536959 818.54984512273222 161.85906306095421 1698.3953349748626 484.24395005311817 575.51716557517648 503.99438417050987 387.72031465731561 441.39124796167016 25.941971268504858 152.34702480584383 369.78004947677255 403.34902059007436 2049.0862971590832 120.44693439081311 2521.5039574149996 777.33066702447832 201.7365055391565 830.5975939463824 111.32475283928216 563.33563992194831 23.149492606520653 224.95251119043678 530.3327841674909 1098.3064382337034 384.72467170376331
leaf_count=10006 1853 12235 1756 33363 7061 15269 1414 23463 9386 6877 11362 5185 4352 226 1360 6406 9272 27845 930 60905 15612 3739 6226 1539 8353 195 3346 8766 23730 7121
internal_value=-0.000109484 0.0144918 0.0198219 -0.0242804 -0.0132077 -0.00756298 0.0116808 0.0295085 -0.00288659 0.0183546 0.00281795 0.0145715 0.0231493 0.0200364 0.0377082 -0.0146237 -0.00841777 0.0160763 0.0393906 -0.0336171 0.00715046 0.0012593 0.035046 0.0283157 0.0225532 0.0644984 0.0188665 -0.0106059 -0.0239162 -0.00242248
internal_weight=18679.9 11645.3 9378.94 7034.55 3219.41 2266.38 5097.39 4281.55 1640.2 2906.91 2190.48 547.72 2413.83 1972.44 1867.71 1718.66 1272.32 2624.6 282.306 3815.14 1686.49 979.067 1657.61 827.007 674.66 49.0915 1923.35 1348.88 1579.21 868.969
internal_count=329153 168309 130830 160844 66576 37479 80014 50816 32840 37066 42948 7038 31582 27230 19234 30441 25779 34722 2344 94268 31586 19351 17478 11252 9892 421 26809 24035 33736 16507
is_linear=0
shrinkage=0.04


Tree=15
num_leaves=31
num_cat=2
split_feature=11 22 0 0 11 22 22 0 1 4 14 11 21 4 24 42 1 0 23 4 46 14 17 29 1 30 1 25 24 26
split_gain=3758.94 752.541 473.248 319.261 258.461 208.15 141.209 103.885 97.4564 95.7604 86.6613 86.1845 86.1763 78.9148 69.3219 63.9489 61.2606 50.002 49.7586 49.5938 49.0106 47.5889 46.3876 42.6608 42.3462 42.1111 41.4507 39.8322 37.9381 37.5133
threshold=0.070196676999330535 0.071012552827596678 2.554999947547913 1.7749999761581423 0.19470822066068652 0.07024054974317552 0.16738542914390567 1.1349999904632571 1.9149999618530276 2.2250000238418584 88.220001220703139 0.32361441850662237 74.264972686767592 1.8550000190734866 0.015300745144486429 0 2.5249999761581425 2.1250000000000004 1.0067822337150576 2.2250000238418584 1 84.795001983642592 3.5000000000000004 7.7500000000000009 2.0449999570846562 0.070319868624210372 0.33500000834465032 37.125000000000007 0.13740456849336627 4.5000000000000009
decision_type=8 8 8 8 10 8 10 10 10 2 10 10 10 2 10 9 10 10 10 2 1 8 10 2 8 10 8 2 10 2
left_child=2 4 5 11 12 24 9 -6 18 10 22 20 19 -12 -9 -16 21 -10 -7 -2 28 -4 25 -13 -1 -5 -25 29 -3 -8
right_child=1 3 16 6 7 8 27 14 17 -11 13 23 -14 -15 15 -17 -18 -19 -20 -21 -22 -23 -24 26 -26 -27 -28 -29 -30 -31
leaf_value=-0.0067701224118941099 0.0020479855490173325 0.026284056290484355 -0.01340479834384279 0.037970001694026 0.028926403327184418 -0.011731842517236531 0.037377188318901453 -0.022194787496297153 0.0046456202739734755 -0.0027794933781854019 -0.0067058782290100863 0.014760193452407993 -0.020576878543706111 0.017958359694060438 0.016102735655058521 -0.0056130137969378343 -0.035980727159174719 -0.013495851194190779 0.020865374057269809 -0.015727715140395053 0.018923605081663037 -0.029993350769036999 0.0051701689274449682 0.056429682933876818 -0.026883218676989288 0.018442004298128693 0.035899862804053218 0.021179461457891239 0.045238392362405573 0.14063292378684963
leaf_weight=202.69899860024452 740.30527092143893 679.18321874551475 377.0029317215085 214.0423917490989 371.70979244075716 93.547708507627249 192.5073825456202 135.80452399235219 354.38243505358696 859.60857988800853 548.14429387357086 130.19061345607042 905.21993635687977 332.62070459872484 600.83092208020389 338.30552543513477 2662.5910471742973 768.24662542808801 361.91421986185014 378.66829337831587 1278.9686957746744 1076.688969200477 343.23415675852448 189.16647519916296 1002.0670957360417 1045.5156432511285 1079.3175874333829 1145.6418305421248 229.83163119480014 4.9947292506694785
leaf_count=4028 12147 9288 10168 5418 4295 4282 3543 2787 6146 16377 9848 1263 16759 5326 8313 5139 66389 14989 5290 7228 14285 27789 5716 1534 21937 13749 11172 12029 1969 41
internal_value=-0.000314869 0.0134512 -0.0237469 0.0200092 -0.00218008 -0.0109978 0.0131288 0.0107259 -0.00143345 0.0087213 0.0127031 0.0289918 -0.0114065 0.00261383 0.00440754 0.00827816 -0.0323603 -0.0077665 0.0141504 -0.00397253 0.0240066 -0.0257062 0.0182397 0.0367647 -0.023511 0.0217911 0.0390066 0.0240816 0.0311252 0.0407039
internal_weight=18643 11743.8 6899.14 8272.97 3470.84 2782.86 4686.31 1446.65 1578.09 3343.17 2483.56 3586.66 2024.19 880.765 1074.94 939.136 4116.28 1122.63 455.462 1118.97 2187.98 1453.69 1602.79 1398.67 1204.77 1259.56 1268.48 1343.14 909.015 197.502
internal_count=329244 168226 161018 111558 56668 56672 72047 20534 30707 56434 40057 39511 36134 15174 16239 13452 104346 21135 9572 19375 25542 37957 24883 13969 25965 19167 12706 15613 11257 3584
cat_boundaries=0 1 2
cat_threshold=16 8
is_linear=0
shrinkage=0.04


Tree=16
num_leaves=31
num_cat=1
split_feature=11 22 11 4 22 11 1 1 22 14 22 20 22 1 4 11 1 4 22 20 42 25 15 22 22 21 10 21 20 21
split_gain=3520.86 673.087 372.955 366.53 237.387 222.403 118.558 114.156 100.144 94.308 92.3692 67.6528 60.7478 56.9428 55.6245 50.3804 43.7364 41.0357 41.2427 40.096 39.9647 39.6051 39.4075 49.0077 34.7194 33.6879 33.5481 33.3291 33.3097 51.0201
threshold=0.070196676999330535 0.099755376577377333 0.15200732648372653 2.6350001096725468 0.075033884495496764 0.24780684709548953 1.5349999666213991 2.3750000000000004 0.043093513697385795 78.299999237060561 0.043093513697385795 110.00000000000001 0.1753945276141167 1.5049999952316286 2.0849999189376835 0.44627264142036444 2.2050000429153447 2.1650000810623173 0.20238582044839862 79.000000000000014 0 306.87500000000006 3.5000000000000004 0.24342960864305499 0.11287960782647134 62.949632644653327 12.250000000000002 74.264972686767592 179.00000000000003 72.817859649658217
decision_type=8 8 10 2 8 10 8 10 10 10 10 2 10 8 2 10 10 2 8 2 9 2 2 10 10 8 2 10 2 10
left_child=3 2 8 4 16 9 20 12 -2 11 -8 -3 -6 -11 21 -7 27 18 -13 -5 -4 -12 24 25 -15 -24 -22 -1 -23 -30
right_child=1 5 6 19 7 15 10 -9 -10 13 14 17 -14 22 -16 -17 -18 -19 -20 -21 26 28 23 -25 -26 -27 -28 -29 29 -31
leaf_value=-0.0078044534521063413 -0.02021167385208238 0.040727861152293439 0.026671805002537227 0.027454994398179725 -0.00079517526576004512 0.027647378305215076 -0.00808839136488285 -0.016072154211224276 -0.0032129840189330794 0.026429668938783506 0.013098969815416731 0.01825442626638259 0.02449192531801081 -0.0048960536126050284 0.00078511346861795406 0.04094585551201 -0.029568399391924273 0.0081475642260137524 0.03629789568139629 -0.034096032975149189 -0.017308916082106225 0.013821125953501955 -0.0076489080459100365 0.050821779382133107 0.0085993565891901054 0.019955871269334669 0.015782101323749041 -0.027933152921201531 0.038763419041318088 0.12824151860032315
leaf_weight=327.87010492570698 875.25999530870467 285.31306640058756 792.64980055391788 16.261012562550604 874.87358073890209 1804.1725794151425 570.33394431974739 851.69254083652049 1513.4402044024318 310.48287590965629 602.64844822697341 693.42601974494755 182.88542969990522 411.25315399188548 494.28608465008438 621.11197383143008 1251.2793910149485 384.23842605948448 289.81967722717673 3023.7119500273839 55.887959507293999 71.741762116551399 93.654478532262146 63.79357903636992 1170.3438802091405 280.23603049386293 355.14248295221478 221.06840307172388 88.27003613114357 10.967596892267464
leaf_count=7294 16454 2461 9453 305 19578 19439 9209 18596 26263 3499 8565 8363 3037 9752 7899 6160 29070 6272 5030 78143 849 648 1359 826 14738 5108 4888 4814 773 106
internal_value=-0.000405371 0.0127391 0.00237699 -0.0234591 -0.0150127 0.0215186 0.0116649 -0.00518064 -0.00944912 0.0156945 0.00526704 0.0230041 0.00359216 0.0104996 0.0112794 0.0310702 -0.0254304 0.0192763 0.0236084 -0.0337566 0.0214199 0.0179695 0.00803632 0.0186495 0.00508682 0.0130286 0.0112419 -0.015954 0.0349375 0.049873
internal_weight=18588.1 11838.5 5430.63 6749.64 3709.67 6407.85 3041.93 1909.45 2388.7 3982.56 1838.25 1652.8 1057.76 2329.76 1267.91 2425.28 1800.22 1367.48 983.246 3039.97 1203.68 773.628 2019.28 437.684 1581.6 373.891 411.03 548.939 170.979 99.2376
internal_count=328951 168114 85107 160837 82389 83007 42390 41211 42717 57408 27200 22126 22615 35282 17991 25599 41178 19665 13393 78448 15190 10092 31783 7293 24490 6467 5737 12108 1527 879
cat_boundaries=0 1
cat_threshold=16
is_linear=0
shrinkage=0.04


Tree=17
num_leaves=31
num_cat=1
split_feature=11 21 0 0 0 5 4 21 21 14 17 4 46 5 20 0 10 23 17 10 10 4 21 5 14 23 21 32 2 31
split_gain=3248.86 648.323 459.822 298.539 201.583 175.256 138.688 117.602 91.8584 84.9169 83.7964 72.3722 67.809 64.0854 63.1682 62.1888 58.6803 54.1283 53.6767 63.6697 51.5001 56.4181 50.6879 49.8225 47.2622 46.7662 42.7721 42.2314 42.1434 47.2198
threshold=0.069035604596138014 70.589294433593764 2.6350001096725468 1.5549999475479128 1.7549999952316286 26.500000000000004 2.2250000238418584 74.264972686767592 77.35693740844728 78.299999237060561 4.5000000000000009 0.78499999642372142 0 33.500000000000007 110.00000000000001 2.1149998903274541 63.250000000000007 1.1474990844726565 3.5000000000000004 22.250000000000004 25.750000000000004 1.9249999523162844 68.144451141357436 30.500000000000004 77.005001068115249 1.0213701128959658 68.919319152832045 1.1403846740722658 0.51499998569488536 70.700729370117202
decision_type=8 10 8 8 8 2 2 10 10 10 8 2 1 2 2 10 2 10 10 2 2 2 8 2 8 10 10 10 10 10
left_child=2 3 5 12 10 7 9 22 18 14 16 17 -2 -13 -5 -7 25 -11 19 -6 -14 -22 -1 -8 -4 -3 -16 -19 -24 -30
right_child=1 4 24 6 8 15 23 -9 -10 11 -12 13 20 -15 26 -17 -18 27 -20 -21 21 -23 28 -25 -26 -27 -28 -29 29 -31
leaf_value=0.015535435302611183 0.034975111216843796 -0.010486235759119165 -0.019924088618879395 0.03841872410286494 -0.0044552565579242098 -0.0074937663039976532 0.0082494739723934247 -0.026557736350357599 -0.02389985330585687 -0.0050352592906436136 -0.010553671104595224 0.025419332052684433 0.01570305753304076 0.0083178808198469296 0.021759295387764287 -0.0243000723690493 0.04366486531711819 0.023982202106814846 -0.016611523422358516 0.021835273970936077 0.040563154998076202 0.020159051546798673 -0.0045639449686227058 -0.0078994970919705806 -0.034488979692691032 0.016627216553571311 0.0042982554661906988 0.00063752379360202868 0.010219302139477568 0.11734888143323222
leaf_weight=443.18952695094049 1294.7695189639926 119.16211474314332 410.0390087403357 316.16068030148745 992.97464023344219 486.9869601726532 638.17596180457622 224.90182028058916 562.01182119641453 592.62290886044502 231.98059640731663 701.28231935203075 843.28436683025211 704.86013847496361 1337.5183956837282 1291.097452330403 109.78828310780227 259.19131693337113 465.80052114464343 172.0357150323689 405.36817515268922 476.27786655165255 591.07990665268153 584.77962100226432 3088.2060206448659 667.81604050844908 271.07748046610504 237.65233760513365 22.387735622935001 8.5187454391270858
leaf_count=8904 14143 2090 11030 2691 16117 9603 10301 4979 10622 11517 3562 9601 8648 10971 18703 28749 1222 2820 8881 2649 3782 5032 13099 11475 83047 7531 4006 2702 443 147
internal_value=-0.000263936 0.0121263 -0.0228768 0.0178866 -0.00289687 -0.0115666 0.0124499 -0.000338448 -0.0099663 0.0157475 0.0108301 0.0108683 0.0280381 0.0168617 0.0220628 -0.0197062 0.0163718 0.00312074 -0.00515035 -0.000554137 0.0228114 0.0295804 0.00521347 0.000524121 -0.0327891 0.0125086 0.0188238 0.0128476 -0.00214804 0.0426252
internal_weight=18551 11984.6 6566.41 8663.02 3321.57 3068.16 5643.32 1290.08 2192.82 4420.37 1128.75 2495.61 3019.7 1406.14 1924.76 1778.08 896.766 1089.47 1630.81 1165.01 1724.93 881.646 1065.18 1222.96 3498.25 786.978 1608.6 496.844 621.986 30.9065
internal_count=329067 169066 160001 116392 52674 65924 84787 27572 38269 63011 14405 37611 31605 20572 25400 38352 10843 17039 27647 18766 17462 8814 22593 21776 94077 9621 22709 5522 13689 590
cat_boundaries=0 1
cat_threshold=8
is_linear=0
shrinkage=0.04


Tree=18
num_leaves=31
num_cat=2
split_feature=11 22 0 11 22 22 0 0 0 44 17 14 25 22 19 25 9 20 36 15 21 25 43 25 12 22 17 21 25 39
split_gain=3062.26 626.498 399.907 347.522 175.821 156.506 131.03 107.847 96.1244 76.4929 76.4359 64.6945 52.5418 56.4705 56.5249 53.267 52.3006 52.2283 70.2799 66.0249 45.6022 44.4474 42.491 40.7488 40.6725 40.1464 39.4926 38.5685 62.9937 37.528
threshold=0.064781505614519133 0.043093513697385795 2.554999947547913 0.19645989686250689 0.07651377841830255 0.11810277774930002 1.5349999666213991 1.1549999713897707 2.4550000429153447 0 1.5000000000000002 77.005001068115249 688.25000000000011 0.16291666775941852 167.50000000000003 217.37500000000003 14.500000000000002 175.00000000000003 0.14214335381984713 3.5000000000000004 79.661323547363295 214.25000000000003 1 503.87500000000006 2.5000000000000004 0.1753945276141167 4.5000000000000009 69.968669891357436 298.37500000000006 0.60339578986167919
decision_type=8 8 8 10 8 10 8 10 10 9 10 8 2 10 10 2 2 2 8 2 10 2 9 2 8 10 10 8 2 10
left_child=2 6 4 5 -1 8 16 -5 17 -7 -6 -4 13 14 15 -9 -2 18 -3 22 -8 -16 -19 24 -23 -13 -18 -21 -29 -30
right_child=1 3 11 7 10 9 20 12 -10 -11 -12 25 -14 -15 21 -17 26 19 -20 27 -22 23 -24 -25 -26 -27 -28 28 29 -31
leaf_value=-0.021999065958452184 -0.0022492144527351873 0.0065190653666667309 -0.017062678341918023 0.030818342297617405 0.015989178051736809 0.013077836574339391 -0.012088291493119158 0.014494853294277261 -0.013212683243867684 0.035335417091874544 -0.0062636972576246217 -0.034415051582725689 0.051479647196918082 0.026463610727716122 0.01402746132370649 -0.0026310580313230691 0.042168018794908571 0.0029794163842279458 0.030176639739836912 0.0069044313284334045 -0.029017202106225194 -0.012518158746181484 -0.012976713267650411 0.015240045724706873 0.056358888642852094 -0.014702629335670639 0.0039967116301771475 0.014383711981360537 0.02006923611067412 0.11464997801610123
leaf_weight=1189.8317063162103 282.19287657830864 925.91952151991427 448.00502566155046 1773.2350170426071 324.17325523588806 2140.9876281972975 1052.2878188993782 1344.4957901556045 528.53919658157974 282.02451001480222 1025.6967771109194 3093.3254461735487 74.529894549399614 836.47482781670988 242.83599750045687 369.79463688656688 98.421001797541976 560.87107157707214 256.18330446165055 220.72781934309751 337.13412823434919 14.663563162088392 495.49626566562802 83.117683805525303 146.26438376866281 177.59888671711087 77.767321087419987 65.070535227656364 10.742518302053215 20.064729303121567
leaf_count=27008 3801 13038 12245 16679 5903 26598 19863 19014 11910 2619 20862 85187 584 8098 5462 3116 1081 11036 5098 3180 6340 128 9772 680 1258 5125 1052 1809 121 219
internal_value=-0.000282099 0.0113552 -0.0230396 0.0151712 -0.0107958 0.0082779 -0.0101005 0.0229369 0.00229724 0.0158834 -0.000908796 -0.0313948 0.0184365 0.0176077 0.0142301 0.0107989 0.00842489 0.00551108 0.0116706 0.000200268 -0.0162168 0.0262562 -0.00460087 0.0383012 0.0500196 -0.0333508 0.0254599 0.0161961 0.0372539 0.0834632
internal_weight=18498.5 12239.8 6258.63 10392 2539.7 5506.63 1847.8 4885.41 3083.61 2423.01 1349.87 3718.93 3112.18 3037.65 2201.17 1714.29 458.381 2555.08 1182.1 1372.97 1389.42 486.882 1056.37 244.046 160.928 3270.92 176.188 316.606 95.8778 30.8072
internal_count=328886 172556 156330 140419 53773 85400 32137 55019 56183 29217 26765 102557 38340 37756 29658 22130 5934 44273 18136 26137 26203 7528 20808 2066 1386 90312 2133 5329 2149 340
cat_boundaries=0 1 2
cat_threshold=8 16
is_linear=0
shrinkage=0.04


Tree=19
num_leaves=31
num_cat=0
split_feature=11 22 0 11 22 22 11 11 5 20 0 22 22 0 0 1 1 0 39 11 14 0 28 21 19 22 6 26 6 25
split_gain=2867.37 522.35 449.606 297.839 170.655 151.224 136.501 95.4744 78.754 72.3641 66.1872 64.2298 59.9146 50.658 49.8362 48.62 45.4057 44.7201 42.6292 36.9446 36.904 39.5062 38.8917 45.16 36.1854 36.101 35.5576 34.0026 33.8671 34.6656
threshold=0.069035604596138014 0.043093513697385795 2.554999947547913 0.1912697032094002 0.07024054974317552 0.10160964727401735 0.23540768027305606 0.34662610292434698 31.500000000000004 79.000000000000014 2.1950000524520878 0.1753945276141167 0.20991392433643344 0.88499999046325695 2.0749999284744267 2.4650000333786015 1.5549999475479128 2.554999947547913 3.4411590099334721 0.83602148294448864 88.220001220703139 1.7749999761581423 4.5000000000000009 59.62152290344239 64.000000000000014 0.013385057449340822 4.5000000000000009 4.5000000000000009 120.25000000000001 89.125000000000014
decision_type=8 8 8 10 8 8 10 10 2 2 8 10 10 8 8 8 8 10 10 10 10 10 2 8 10 10 2 2 2 2
left_child=2 6 4 5 -1 10 16 14 12 18 -3 15 -6 -8 -5 -4 -2 20 -7 26 21 -11 27 -24 -13 -15 -9 -22 29 -28
right_child=1 3 11 7 8 9 13 19 -10 17 -12 24 -14 25 -16 -17 -18 -19 -20 -21 22 -23 23 -25 -26 -27 28 -29 -30 -31
leaf_value=-0.021452211552202987 0.00088666342095721916 0.0068844845958752204 -0.021569372595892658 0.020248291535401041 0.0028602165778471365 0.040021080600268343 0.032338732956077199 0.010799081978500878 -0.011902338821848725 0.021491823908120971 -0.0075573536332213288 0.014283167608043542 0.034734844899168234 -0.029218795249447337 0.008764424305881053 -0.034503619100305846 -0.019296632497266385 -0.0042660242564497982 0.0049445946536551466 0.059496960808234953 0.020258048491325242 0.0086228167492701409 0.032904879917964182 0.0013930330909858722 -0.020867808468100209 0.0063805186084415931 0.02625998936944347 0.087299637708201913 0.015592332920807471 0.039245150473222794
leaf_weight=1101.4123770669103 214.20753015112132 980.30885120201856 564.16717111505568 2448.464939551428 818.45010350644588 235.00757180713117 110.26789584942162 180.42579772137105 616.24915172345936 1023.6686468105763 1051.0672775255516 67.578160337172449 105.75195872224867 51.082926712930202 807.70930218230933 2892.7294249990955 1050.5367933427915 265.12594372872263 73.211722485721111 60.751765586435795 115.39320962876081 613.56915467791259 78.734226744621992 838.22763771563768 147.07968017458916 363.33927787281573 752.05646616686136 12.780027102679012 237.85864288918674 607.55589972715825
leaf_count=25664 3499 14378 13755 26377 16428 1966 1159 1644 12451 13976 19793 1556 1597 765 11608 84208 20119 5410 511 479 1455 9314 852 13284 4406 5689 9987 231 2506 4200
internal_value=-0.00015549 0.0111905 -0.0220279 0.0146308 -0.00943676 0.00797656 -0.00876389 0.0215324 -0.000834857 0.0133189 -0.000586033 -0.0310816 0.0065454 0.00837211 0.0174045 -0.0324007 -0.0158771 0.0113806 0.0317452 0.0288271 0.0129296 0.0166797 0.00704078 0.00413603 -0.00976818 0.00192304 0.027744 0.0275977 0.0296474 0.0320901
internal_weight=18484.8 12171.4 6313.42 10381.9 2641.86 5287.09 1789.43 5094.82 1540.45 3255.72 2031.38 3671.55 924.202 524.69 3256.17 3456.9 1264.74 2947.5 308.219 1838.65 2682.37 1637.24 1045.14 916.962 214.658 414.422 1777.9 128.173 1597.47 1359.61
internal_count=329267 169202 160065 137971 56140 81170 31231 56801 30476 46999 34171 103925 18025 7613 37985 97963 23618 44522 2477 18816 39112 23290 15822 14136 5962 6454 18337 1686 16693 14187
is_linear=0
shrinkage=0.04


Tree=20
num_leaves=31
num_cat=0
split_feature=11 22 0 0 0 22 1 22 1 22 25 22 0 0 11 21 0 22 1 14 1 19 15 22 22 1 22 16 40 11
split_gain=2634.46 526.033 410.287 207.818 205.161 173.096 88.758 88.1646 79.4831 78.4128 63.419 57.0595 53.7684 52.6806 49.7389 46.4406 42.226 40.0775 40.0359 38.5949 65.5618 60.2749 37.4898 47.5188 36.5925 35.6935 34.9219 59.1278 34.4456 33.8456
threshold=0.064781505614519133 0.072626460343599333 2.6350001096725468 1.9650000333786013 2.1750000715255742 0.07024054974317552 2.3549998998641972 0.020953977480530742 1.5649999976158144 0.16738542914390567 89.125000000000014 0.10333079844713212 0.81499999761581432 2.7549999952316289 0.50077882409095775 77.668823242187514 3.0049999952316289 0.1753945276141167 2.2549999952316289 86.83499908447267 1.7250000238418581 23.000000000000004 3.5000000000000004 0.043093513697385795 0.021463197655975822 2.2549999952316289 0.20523230731487277 1.5000000000000002 0.18079922348260882 0.46329864859580999
decision_type=8 8 8 8 8 8 10 10 8 10 2 8 10 10 10 10 10 10 10 10 10 10 2 10 10 10 10 2 8 10
left_child=2 4 5 8 7 24 17 29 26 13 -9 -4 -12 19 -10 18 -13 -7 -6 20 -5 -21 -14 -24 -1 -26 -3 -28 -25 -2
right_child=1 3 11 9 15 6 -8 10 14 -11 12 16 22 -15 -16 -17 -18 -19 -20 21 -22 -23 23 28 25 -27 27 -29 -30 -31
leaf_value=-0.035277694824110667 -0.017489244573707517 0.024353763489533452 -0.035042091864048927 0.017153571927342431 -0.0051191451665964192 0.0020388545314443418 -0.012623982756932588 -0.0016468857965125443 0.015395378153329298 0.017536791683744838 0.032002628694230768 -0.013867224629015776 0.006708082600497817 -0.01295204700116684 0.03557802621086071 -0.026486528463607474 -0.032504839516659383 0.024161273229997379 -0.021962218262609242 -0.017398420692667858 0.00089523032148888337 0.0060419017709343863 -0.00082371248958035726 0.061429145506736706 -0.0083713513000382364 -0.024645461409923391 0.057144934742025033 0.027649334079690724 0.0085126674812366354 0.053838254795466209
leaf_weight=276.96072447020561 288.29067923128605 1360.3830286078155 2373.6497149849311 1033.0684238979593 784.23491561878473 728.95055796764791 753.97057650703937 646.88078236952424 2451.0767106115818 1254.395741218701 214.11849767901003 422.85064289066941 861.82907770294696 225.11897905077785 212.51896695420146 363.88716932944953 365.26328512746841 158.94550990033895 317.18873473349959 220.54695269465446 645.03968028537929 843.53948633279651 55.943317851983011 65.32344008050859 344.37617719452828 586.48307517543435 157.27421138994396 366.35173407383263 28.763802478089929 10.072354155592619
leaf_count=5712 4528 12254 66743 16667 14563 15325 16382 13091 29752 13793 1872 13549 9965 4939 2208 7407 12554 2413 7001 4378 10013 14055 720 730 8396 15290 1283 2719 317 117
internal_value=-0.000284307 0.0102464 -0.0220152 0.0155501 -0.00254289 -0.0110001 -0.00253824 0.00526033 0.0214834 0.00915414 0.0084798 -0.0319353 0.0138233 0.00560442 0.0170199 -0.0141037 -0.0225404 0.0060263 -0.00998878 0.00713343 0.0109107 0.00116803 0.0099447 0.028343 -0.0224879 -0.0186445 0.0277794 0.0366082 0.0455536 -0.0148962
internal_weight=18417.3 12405.8 6011.45 8769.31 3636.53 2849.69 1641.87 2171.22 4547.6 4221.71 1872.86 3161.76 1225.98 2967.31 2663.6 1465.31 788.114 887.896 1101.42 2742.19 1678.11 1064.09 1011.86 150.031 1207.82 930.859 1884.01 523.626 94.0872 298.363
internal_count=328736 172372 156364 112061 60311 63518 34120 31340 48216 63845 26695 92846 13604 50052 31960 28971 26103 17738 21564 45113 26680 18433 11732 1767 29398 23686 16256 4002 1047 4645
is_linear=0
shrinkage=0.04


Tree=21
num_leaves=31
num_cat=2
split_feature=11 22 0 11 22 22 0 0 6 22 44 22 19 5 46 36 1 0 1 25 21 31 1 22 14 16 16 0 25 22
split_gain=2528.61 466.533 388.057 266.487 166.172 143.505 130.664 90.9223 86.1212 64.4661 54.8793 53.7862 47.9996 47.8294 70.4993 48.635 44.7945 42.5434 42.4882 42.4787 48.3478 44.7586 42.0047 40.9048 40.7144 38.094 37.1981 36.5708 34.9654 42.0623
threshold=0.064781505614519133 0.043093513697385795 2.6350001096725468 0.23540768027305606 0.07651377841830255 0.11810277774930002 1.5049999952316286 2.5049999952316289 52.500000000000007 0.20523230731487277 0 0.10333079844713212 10.500000000000002 37.500000000000007 1 0.15682899206876758 1.7250000238418581 3.0349999666213994 2.2150000333786015 88.125000000000014 67.991352081298842 69.302238464355483 0.99500000476837169 0.15032486617565158 83.770000457763686 1.5000000000000002 3.5000000000000004 1.7450000047683718 688.25000000000011 0.092042323201894774
decision_type=8 8 8 10 8 10 8 10 2 10 9 8 8 2 1 8 8 10 8 2 10 10 8 10 10 2 2 8 2 10
left_child=2 6 4 5 -1 7 25 12 23 19 22 -4 24 14 27 18 -8 -13 -16 20 -5 -21 -7 -6 -3 -2 -11 -14 -15 -30
right_child=1 3 11 9 8 10 16 -9 -10 26 -12 17 13 28 15 -17 -18 -19 -20 21 -22 -23 -24 -25 -26 -27 -28 -29 29 -31
leaf_value=-0.02141935299927834 0.0040436842250677132 0.0032385192501154475 -0.034628375580795352 0.019997171027186594 0.003393724087581677 0.033995653345224995 -0.0027762495094083121 -0.013281490027950449 -0.0094869385853665264 0.033265082784229724 0.029866236862383197 -0.014057489262457106 0.036113128712607842 -0.002806242995729109 0.011180126814874052 0.019885197379331896 -0.019252225801922852 -0.03299361751296119 -0.0050641552253373068 0.018390315012351461 0.0057159593972302214 0.032483392354383869 0.011502419179458583 0.02689646697337884 -0.020762106740765677 0.032929266268298077 0.0034891259493831971 0.015037184060542573 0.0084297543129345041 0.10921061987804112
leaf_weight=1308.9380363710225 358.21217036619782 281.64543682616204 2299.4701216584072 882.1245592366904 414.77775886468589 140.03286419436336 360.07098145969212 477.0145739261061 930.58968522492796 818.09175670892 345.37933032214642 437.29417789913714 202.81118061393499 729.28430422674865 441.59032018948346 303.0515241632238 998.91439887788147 339.80445663817227 615.21601652633399 1086.6451681815088 668.37892172206193 546.51901153381914 2449.258240217343 165.35346234310418 187.4675539219752 91.033901028335094 73.723362274467945 383.93714040145278 21.427730903029445 8.7851459234952909
leaf_count=32116 4812 4649 66819 13909 9094 1349 6237 11022 19659 6684 2996 14196 2636 12349 5554 8121 20223 12007 9173 8085 9257 4289 29265 2549 4062 919 466 6072 226 79
internal_value=-0.000137187 0.0100678 -0.0217197 0.0132539 -0.0109927 0.00827675 -0.00871412 0.00298156 -0.00194783 0.0212932 0.0148621 -0.0315428 0.00542944 0.00747763 0.0107981 0.00578586 -0.014895 -0.0223747 0.00172395 0.0186159 0.0138512 0.0231258 0.0126841 0.0101343 -0.0063679 0.00996599 0.0308147 0.022378 -0.00103045 0.0404225
internal_weight=18366.8 12470.6 5896.23 10662.4 2819.66 6586.9 1808.23 3652.23 1510.72 4075.48 2934.67 3076.57 3175.22 2706.1 1946.61 1359.86 1358.99 777.099 1056.81 3183.67 1550.5 1633.16 2589.29 580.131 469.113 449.246 891.815 586.748 759.497 30.2129
internal_count=328874 172434 156440 140243 63418 97553 32191 63943 31302 42690 33610 93022 52921 44210 31556 22848 26460 26203 14727 35540 23166 12374 30614 11643 8711 5731 7150 8708 12654 305
cat_boundaries=0 1 2
cat_threshold=8 8
is_linear=0
shrinkage=0.04


Tree=22
num_leaves=31
num_cat=0
split_feature=11 22 0 4 22 11 0 22 1 4 14 4 19 5 39 22 25 25 15 25 1 23 25 14 21 25 25 25 0 37
split_gain=2327.75 454.853 343.625 289.336 156.314 148.252 134.622 89.5503 81.9954 73.3485 90.9019 66.3825 64.9413 62.7975 58.1973 51.6737 51.2078 84.9735 62.431 50.0239 47.0759 43.2464 41.1059 46.5221 44.118 39.0887 38.2993 36.9292 36.878 36.7235
threshold=0.053206389769911773 0.043093513697385795 2.6350001096725468 2.2050000429153447 0.075033884495496764 0.33893597126007086 1.5649999976158144 0.14340715855360034 2.185000061988831 0.50499999523162853 87.045001983642592 2.5049999952316289 167.50000000000003 32.500000000000007 2.3306106328964238 0.13179826736450198 298.37500000000006 503.87500000000006 3.5000000000000004 221.12500000000003 1.7250000238418581 1.103925943374634 342.37500000000006 64.020000457763686 57.502754211425788 99.625000000000014 709.87500000000011 108.37500000000001 0.58499997854232799 73.943393707275405
decision_type=8 8 8 2 8 10 8 10 10 2 10 2 8 2 8 10 2 2 2 2 8 10 2 10 10 2 2 2 10 10
left_child=2 6 4 5 -1 7 28 9 -6 10 14 13 19 29 -3 -4 -14 18 -18 27 -8 -20 23 -9 -24 -16 -19 -11 -2 -5
right_child=1 3 15 11 8 -7 20 22 -10 12 -12 -13 16 -15 25 -17 17 26 21 -21 -22 -23 24 -25 -26 -27 -28 -29 -30 -31
leaf_value=-0.022461504145353587 0.027370738147098003 0.0051987007454030168 -0.033701400857690314 0.0067245722468164057 0.00967607551219931 0.025157286133750428 -0.002836793905812241 0.033846909970134051 -0.010404339810767865 0.0091477747102025938 -0.0092298651800489882 -0.015667583003281534 0.011997770220586701 -0.0057643186536104705 0.023558179467587332 -0.017331573409807424 0.032343399674239784 0.0047415921209165972 0.097110685387423831 -0.0021283324014582643 -0.019662685353304649 0.033601699966597426 -0.030337623951955505 0.014528237151739027 0.034386238348814831 0.078932210595190705 0.051225956878957535 0.023216488616813091 0.002396558876213083 0.033490068953542396
leaf_weight=1103.6070560924709 127.60348467994481 624.6582748144865 2538.1483895312995 899.52555123157799 551.9744614996016 1924.1322950422764 357.76928368676454 222.59377741441131 789.25768362917006 1291.8773777354509 655.32865479402244 395.92338879220188 390.3105900445953 822.9808306703344 146.97632094379514 356.30228567868471 137.38550724834204 162.16341014578938 54.995038577355444 486.90630290657282 1047.7290049474686 27.191261377185583 16.918704010546207 1943.2177224485204 339.50511338561773 23.203445170074701 33.508409511297941 389.31644870713353 360.34076089132577 89.503841994330287
leaf_count=27900 1434 8383 79415 14179 11413 18761 6355 1818 16745 19766 12225 8385 8259 15513 3720 10734 1227 1395 497 4279 22087 219 121 21464 2392 223 276 3554 4891 1136
internal_value=-0.000141644 0.00900811 -0.0223688 0.0121048 -0.0113183 0.0153297 -0.00910486 0.0126036 -0.00213636 0.00916888 0.0017884 -0.000850134 0.012765 0.00239212 0.010878 -0.0316944 0.0224623 0.0322365 0.0492758 0.0091514 -0.0153876 0.0768034 0.0186202 0.0165303 0.0312265 0.0315486 0.0129423 0.0124199 0.00897842 0.00918218
internal_weight=18310.9 12971.6 5339.29 11078.1 2444.84 8870.19 1893.44 6946.06 1341.23 4423.82 1450.17 2207.93 2973.65 1812.01 794.838 2894.45 805.554 415.244 219.572 2168.1 1405.5 82.1863 2522.24 2165.81 356.424 170.18 195.672 1681.19 487.944 989.029
internal_count=328766 182559 146207 147792 56058 108579 34767 89818 28158 64023 24551 39213 39472 30828 12326 90149 11873 3614 1943 27599 28442 716 25795 23282 2513 3943 1671 23320 6325 15315
is_linear=0
shrinkage=0.04


Tree=23
num_leaves=31
num_cat=1
split_feature=0 22 11 4 11 0 22 21 22 0 22 20 4 14 43 1 4 35 6 1 20 25 21 6 21 1 21 22 20 25
split_gain=2189.3 429.764 350.393 252.407 136.062 122.427 101.091 116.106 98.3668 83.0734 80.5057 62.6304 81.6979 85.5625 71.6161 58.7798 56.3571 55.0159 50.5267 49.992 49.478 78.5427 69.6381 52.8252 48.5893 46.5461 41.691 38.2931 36.5802 57.44
threshold=2.3850001096725468 0.043093513697385795 0.038984065875411041 2.2849999666213994 0.31171460449695593 1.8650000095367434 0.07651377841830255 78.164516448974624 0.069250028580427184 2.804999947547913 0.20523230731487277 79.000000000000014 1.4750000238418581 92.005001068115249 0 1.794999957084656 2.4550000429153447 16.750000000000004 84.250000000000014 2.3850001096725468 218.00000000000003 283.12500000000006 73.963012695312514 92.250000000000014 69.263607025146499 0.43500000238418585 75.817798614501967 0.1753945276141167 159.00000000000003 314.12500000000006
decision_type=10 8 10 2 10 8 8 10 8 10 10 2 2 10 9 10 2 2 2 8 2 2 10 2 8 8 10 10 2 2
left_child=1 5 6 4 10 17 -2 9 -4 18 11 -3 13 15 24 28 -5 25 27 -10 23 -22 -23 -16 -14 -1 -27 -8 -13 -30
right_child=2 3 8 16 -6 -7 7 -9 19 -11 -12 12 14 -15 20 -17 -18 -19 -20 -21 21 22 -24 -25 -26 26 -28 -29 29 -31
leaf_value=0.040071912036426419 -0.034380884186228748 0.030736665106984664 -0.018872103463585067 0.0017827705289469513 0.022766603876200785 -0.017847110549272762 -0.0085040493245915824 0.20084901126886467 0.0047831972708562423 -0.029949483537853788 0.021382992175923807 0.0023610528415285857 0.0097905004167601322 -0.0089726910716556568 0.016987783271642565 -0.0071273843944227389 -0.015623863127850338 -0.02202018561932105 -0.02415985046548523 -0.011112632219443459 0.0077661641020568741 0.036041217350815037 0.13860966963715038 0.0058837305698575563 -0.014824456155492612 0.013219100987215902 -0.0081576042963088687 0.021839728143421722 0.012590766273260041 0.042031116538929936
leaf_weight=62.977881873957813 1993.5605749934912 219.24243440851569 819.60463215690106 837.58906987775117 2346.6902885101736 1040.741955193691 362.62982528377324 2.7775115370750418 828.49591023754328 841.2396027520299 1142.4162323176861 311.60055879317224 274.09278294630349 694.72556863259524 1691.4867078494281 287.93749910220504 460.19511326123029 116.93550667539239 302.31035802792758 510.83306727651507 208.72518693655729 264.3206271417439 10.232157308608292 1156.9757772115991 239.41234404314309 342.65760188736022 252.66383368708193 80.423088610172272 475.47513531893492 136.38451625779271
leaf_count=734 59231 1914 18429 14678 22310 22251 9894 57 12431 29614 11059 5633 3537 12169 21632 3793 9917 1865 8259 13817 4312 2169 91 15951 3918 5002 3915 1749 7675 1155
internal_value=-0.000240641 0.00910461 -0.0207035 0.0121431 0.0144125 -0.00888937 -0.0283729 -0.0208176 -0.00796631 -0.0213345 0.0116529 0.00978723 0.00898274 0.0022074 0.0123389 0.00862449 -0.00439383 0.00313862 -0.0115788 -0.00128041 0.0144579 0.0263405 0.0403675 0.0124826 -0.00165239 0.00764034 0.00414132 -0.00295025 0.0135427 0.0192175
internal_weight=18315.4 12573.5 5741.87 10757.5 9459.72 1815.98 3582.94 1589.38 2158.93 1586.6 7113.03 5970.61 5751.37 1906.12 3845.25 1211.4 1297.78 775.235 745.363 1339.33 3331.74 483.278 274.553 2848.46 513.505 658.299 595.321 443.053 923.46 611.86
internal_count=329161 175680 153481 141913 117318 33767 108804 49573 44677 49516 95008 83949 82035 30425 51610 18256 24595 11516 19902 26248 44155 6572 2260 37583 7455 9651 8917 11643 14463 8830
cat_boundaries=0 1
cat_threshold=44
is_linear=0
shrinkage=0.04


Tree=24
num_leaves=31
num_cat=1
split_feature=11 4 0 0 5 14 4 17 24 46 4 1 19 26 23 1 1 11 0 1 5 23 23 40 14 24 9 6 0 19
split_gain=2019.34 355.145 333.249 185.047 140.649 133.132 111.593 98.0999 75.2988 69.5895 58.8878 56.5269 56.2402 50.2914 48.0609 47.8607 46.6626 46.5896 46.4518 45.6622 42.4967 39.9025 39.7986 39.2741 38.0684 34.0537 33.8922 39.2338 36.7904 32.5141
threshold=0.053206389769911773 2.2050000429153447 2.6350001096725468 1.5049999952316286 26.500000000000004 91.649997711181655 0.35500000417232519 4.5000000000000009 0.039823018014431007 0 2.5049999952316289 1.4249999523162844 13.500000000000002 1.5000000000000002 1.1236804127693178 2.5849999189376835 2.1950000524520878 0.34662610292434698 3.495000004768372 2.554999947547913 39.500000000000007 1.0454626679420473 1.0236838459968569 0.19374524801969531 82.045001983642592 0.0073596290312707433 12.500000000000002 73.250000000000014 1.0000000180025095e-35 64.000000000000014
decision_type=8 2 8 8 2 10 2 10 10 1 2 10 10 2 8 10 8 10 8 10 2 10 8 10 8 10 2 2 10 8
left_child=2 3 4 9 15 7 14 13 -3 25 20 26 -8 17 -7 21 -6 -5 -9 24 -10 -1 -14 29 -4 -2 28 -28 -11 -15
right_child=1 8 19 5 16 6 12 18 10 11 -12 -13 22 23 -16 -17 -18 -19 -20 -21 -22 -23 -24 -25 -26 -27 27 -29 -30 -31
leaf_value=-0.0076623193460343322 0.0072063422561250493 -0.015076708899500187 -0.0082037078411237533 0.009178408291192864 -0.006074922089826032 -0.018262061818107158 -0.019505938105382752 -0.0071289089706871572 0.0073193488887468086 0.029170030299657725 -0.015492661254687151 0.0070708398846884377 -0.00820511569450472 0.0042811721081050472 -0.00077535643929027716 -0.014253041564736054 -0.023536463288860287 0.023615309030256663 0.065643196608753063 -0.034840372029164644 -0.0066801814648430229 0.011382111351978782 0.01686076810103725 0.032772895384528593 -0.028030050125041492 0.026426386572535293 0.042327861054256753 0.018926684056799776 0.0076174387304247188 0.026534975316677173
leaf_weight=261.16738344728947 165.17583324480802 802.24585653841496 197.96562625095248 2969.7751546660438 324.9784916928038 572.99667188245803 96.4918700940907 521.28730644565076 1066.7597709540278 176.34668133966625 342.92744459025562 1068.5329364575446 120.10813082847744 235.24288345407695 448.5978835914284 273.16389786452055 1011.5298841632903 406.88550253491849 13.418967139907179 1793.4531438322738 512.75317515432835 534.37919416744262 623.8998402049765 327.98120228946209 740.79588932637125 1504.1642812946811 185.52879191376269 308.90930774062872 450.90260475687683 190.24484049435705
leaf_count=8008 4086 22452 6449 38998 6554 11083 1747 9221 14265 1523 6280 10216 2598 4037 6948 6762 25685 4377 184 58477 7841 9198 7764 2432 25169 12966 1713 3015 4335 4532
internal_value=-0.000269224 0.00805979 -0.0215238 0.0114315 -0.0106567 0.00732302 -0.00171652 0.0109319 -0.0047912 0.0183747 -0.000491312 0.0136704 0.00907061 0.013019 -0.0105956 0.000158235 -0.0193013 0.0109257 -0.00517603 -0.0310814 0.00277084 0.00512329 0.0128033 0.0223677 -0.0238665 0.0245325 0.0199419 0.0277833 0.0137199 0.0142796
internal_weight=18248.6 13111.2 5137.43 10386.5 2405.22 6526.93 1862.09 4664.84 2724.69 3859.56 1922.44 2190.22 840.5 4130.13 1021.59 1068.71 1336.51 3376.66 534.706 2732.21 1579.51 795.547 744.008 753.469 938.762 1669.34 1121.69 494.438 627.249 425.488
internal_count=328915 182613 146302 131775 56207 93921 30140 63781 50838 37854 28386 20802 12109 54376 18031 23968 32239 43375 9405 90095 22106 17206 10362 11001 31618 17052 10586 4728 5858 8569
cat_boundaries=0 1
cat_threshold=8
is_linear=0
shrinkage=0.04


Tree=25
num_leaves=31
num_cat=2
split_feature=11 0 22 0 22 11 22 17 0 1 9 5 11 14 22 16 25 20 1 46 7 20 1 0 23 31 15 22 43 0
split_gain=1933.98 347.401 337.877 169.877 138.242 118.971 91.1507 74.6667 65.0262 55.8048 54.2613 51.5762 46.3965 45.3306 44.6259 43.4544 41.4476 41.0045 38.8847 38.0934 50.2127 35.7349 40.6342 34.7698 32.7126 32.0342 30.8542 29.6155 38.7882 29.2673
threshold=0.064781505614519133 2.6350001096725468 0.05077031813561917 1.7749999761581423 0.075033884495496764 0.23787476867437365 0.16738542914390567 1.5000000000000002 2.554999947547913 2.5249999761581425 3.5000000000000004 36.500000000000007 0.34662610292434698 82.045001983642592 0.019306653179228309 1.5000000000000002 688.25000000000011 177.50000000000003 2.3549998998641972 0 45.500000000000007 110.00000000000001 1.7749999761581423 1.9550000429153445 1.1729483008384707 70.949230194091811 3.5000000000000004 0.18823487311601642 1 2.1450001001358037
decision_type=8 8 8 8 8 10 10 10 10 10 2 2 10 8 10 2 2 2 10 1 2 2 8 8 10 10 2 10 9 10
left_child=1 4 5 10 17 14 8 -6 12 13 -4 19 21 -3 -2 -7 -13 -1 25 27 -21 -5 24 -16 -23 -9 -18 28 -12 -19
right_child=2 9 3 6 7 15 -8 18 -10 -11 11 16 -14 -15 23 -17 26 29 -20 20 -22 22 -24 -25 -26 -27 -28 -29 -30 -31
leaf_value=-0.0069775157747595162 -0.024612424065648501 -0.0058551909994545119 0.0078789005320847733 0.024750441852453765 0.013620536485057689 0.0034260457899520781 0.015251936393732861 -0.0039851417701823131 -0.0077336654876577707 -0.034206134406385744 0.027161130592372826 0.010744494381616333 0.022563289316369656 -0.026873252306944206 0.00080308802659078706 0.030053490857048573 0.077037145609613694 -0.012014334492820392 -0.014100806037553567 0.013590848407081595 0.030557509325356662 0.013951086048880934 0.0013580287465373823 -0.013414828689625874 -0.014737962013838431 0.020541858724903345 0.0013878028149145983 0.037601683814946898 0.001964461691629611 -0.028605507785837505
leaf_weight=289.16024904232472 346.95955622661859 213.1438818173483 846.01317174825817 136.08754779677838 372.17108454182744 553.96807024162263 1520.9331770231947 453.03946289699525 654.37230221927166 1814.4892819253728 660.60527950525284 1143.5027085896581 249.4404253764078 731.30522447638214 428.71066228672862 118.38004011288285 25.671021729707718 232.38846856355667 591.84310712385923 1090.6205859761685 376.87799103185534 761.80533810891211 2506.6404989762232 764.46523205470294 68.435185376554728 103.87090735137463 12.96592430770397 345.5058016795665 128.82534959539771 667.22435689345002
leaf_count=6524 6485 6897 9929 1706 6888 8089 15924 10023 13362 60913 6627 12181 3326 25328 6617 1115 163 5914 13520 9379 3604 9658 42626 16611 552 1557 81 2803 1374 18896
internal_value=-0.000202691 -0.0200982 0.00833749 0.0113235 -0.00991754 -0.0058688 0.0068184 -0.00192384 0.00388402 -0.0300884 0.0170579 0.0191061 0.00592893 -0.0221453 -0.0119961 0.00815794 0.0121534 -0.0201312 -0.00697083 0.0222569 0.0179687 0.00472689 0.0039019 -0.00830656 0.0115666 0.000610908 0.0524269 0.0277775 0.0234306 -0.0243422
internal_weight=18209.4 5468.64 12740.8 10528.3 2709.7 2212.48 5897.71 1520.92 4376.78 2758.94 4630.59 3784.57 3722.41 944.449 1540.14 672.348 1182.14 1188.77 1148.75 2602.44 1467.5 3472.97 3336.88 1193.18 830.241 556.91 38.6369 1134.94 789.431 899.613
internal_count=328672 156460 172212 133295 63322 38917 87154 31988 71230 93138 46141 36212 57868 32225 29713 9204 12425 31334 25100 23787 12983 54542 52836 23228 10210 11580 244 10804 8001 24810
cat_boundaries=0 1 2
cat_threshold=8 208
is_linear=0
shrinkage=0.04


Tree=26
num_leaves=31
num_cat=2
split_feature=4 22 0 0 22 4 4 11 1 22 6 22 20 11 24 46 17 20 15 5 22 19 15 21 22 24 42 22 20 10
split_gain=1798.7 479.452 249.143 182.565 139.057 127.29 88.4104 85.3057 83.2868 67.273 67.132 62.7975 62.0247 58.1212 56.163 50.1527 48.8002 45.2783 46.5729 44.0555 43.0378 40.376 43.932 38.4483 36.9289 47.4453 36.7037 58.2122 35.6994 35.1109
threshold=2.4550000429153447 0.068582512438297286 2.1750000715255742 2.2549999952316289 0.075033884495496764 0.78499999642372142 2.7350000143051152 0.32361441850662237 1.2050000429153445 0.021463197655975822 64.500000000000014 0.19673433154821399 79.000000000000014 0.029466030187904838 0.15704888105392459 0 3.5000000000000004 218.00000000000003 3.5000000000000004 28.500000000000004 0.018383535556495193 23.000000000000004 3.5000000000000004 78.164516448974624 0.13179826736450198 0.13740456849336627 1 0.022006942890584472 177.50000000000003 12.250000000000002
decision_type=2 8 8 10 10 2 2 10 8 10 2 10 2 8 10 1 8 2 2 2 10 10 2 10 10 10 9 10 2 2
left_child=1 2 8 7 -2 -5 19 11 -1 -10 -7 12 -3 -4 15 16 21 24 -19 -6 -15 28 -23 -8 -17 -26 -11 -28 -14 -9
right_child=4 3 13 5 6 10 23 29 9 26 -12 -13 14 20 -16 17 -18 18 -20 -21 -22 22 -24 -25 25 -27 27 -29 -30 -31
leaf_value=0.017844074776714985 -0.031958889351315391 0.030096465167650945 -0.029995521187268798 -0.018594467547479832 0.00054777840861960306 0.015516818982501153 -0.026535533007353056 0.0096867724417605775 -0.018490829340813524 0.0072874061043314833 -0.001823623063632858 0.01849421632228368 0.0090743246524378381 -0.030857744343155542 -0.0068089943570235154 0.0078553385456757649 -0.006470185098373789 0.0031394045018678526 0.038581104630589148 -0.01711129258442947 -0.0099719858902027319 0.0083466545358132915 0.029420113727539644 0.10770907300850785 0.016059958717401502 0.054308365125714284 0.098670219019611705 -0.0073876433543435087 -0.016788139265146745 0.023218254042732821
leaf_weight=486.62362509500235 2043.6038109902292 211.69606087356806 411.59208991751075 465.98664080351591 473.7567992489785 609.79716092161834 820.3817240698263 385.4392706900835 287.63158358260989 959.64625561051071 859.14212971180677 1406.6152669750154 162.66633283626288 182.24998783413321 376.41771676018834 1336.4709496218711 458.47347250487655 83.791383055970073 205.89102153852582 430.45663302298635 1170.8677347637713 1384.0582616841421 178.28305253759027 2.4539297372102729 455.36064570210874 58.054885905236006 7.4098574183881274 531.84816439822316 177.46636951714754 1566.5995243098587
leaf_count=5704 67066 1716 12294 11260 10358 9722 26780 3515 5007 14869 17276 13298 2457 3756 3428 18878 6522 1258 2600 10790 25357 19472 2826 48 5856 512 98 8799 3479 13998
internal_value=-0.00029968 0.00613228 -0.00556155 0.0106807 -0.0248935 -0.000399971 -0.0165172 0.0132191 0.00319155 -0.000805079 0.00537781 0.011011 0.00893851 -0.0168343 0.0080133 0.00925514 0.00522928 0.0136912 0.0283893 -0.00786413 -0.0128087 0.00805274 0.0107712 -0.0260001 0.0113732 0.0204899 0.00259612 -0.00574298 -0.00441751 0.0205548
internal_weight=18190.7 14420.1 4037.87 10382.2 3770.65 1934.93 1727.05 8447.28 2273.16 1786.54 1468.94 6495.25 5088.63 1764.71 4876.93 4500.52 2360.95 2139.57 289.682 904.213 1353.12 1902.47 1562.34 822.836 1849.89 513.416 1498.9 539.258 340.133 1952.04
internal_count=328999 213957 75884 138073 115042 38258 47976 99815 34477 28773 26998 82302 69004 41407 67288 63860 34756 29104 3858 21148 29113 28234 22298 26828 25246 6368 23766 8897 5936 17513
cat_boundaries=0 1 2
cat_threshold=4 16
is_linear=0
shrinkage=0.04


Tree=27
num_leaves=31
num_cat=4
split_feature=4 22 0 0 4 22 22 10 5 0 25 17 4 20 22 19 46 43 46 23 2 15 21 25 14 25 21 42 8 23
split_gain=1683.91 418.232 260.312 155.993 145.218 131.694 110.33 75.8322 74.9353 62.6976 61.5511 68.5499 53.5934 53.3103 51.4584 50.4991 48.3779 45.9835 47.1986 49.5628 42.5726 42.4582 46.5179 52.7551 40.1859 38.5528 39.6041 36.6778 35.5688 35.397
threshold=2.4550000429153447 0.043093513697385795 2.2749999761581425 2.0049999952316289 0.78499999642372142 0.10160964727401735 0.14340715855360034 18.250000000000004 24.500000000000004 3.0049999952316289 688.25000000000011 3.5000000000000004 2.6450001001358037 79.000000000000014 0.013385057449340822 167.50000000000003 0 1 2 1.0067822337150576 0.61500000953674328 3.5000000000000004 66.692729949951186 306.87500000000006 86.399997711181655 65.875000000000014 67.42453765869142 3 240.25000000000003 1.1325994133949282
decision_type=2 8 10 8 2 10 10 2 2 10 2 8 2 2 10 10 1 9 1 10 8 2 8 2 10 2 10 9 2 10
left_child=1 3 6 14 28 12 7 13 -6 20 11 15 -2 -3 -1 -9 -8 18 19 -15 -7 24 -23 -24 -19 -17 -27 -13 -4 -12
right_child=5 2 4 -5 8 9 16 10 -10 -11 29 27 -14 17 -16 25 -18 21 -20 -21 -22 22 23 -25 -26 26 -28 -29 -30 -31
leaf_value=-0.022650649653638607 -0.020936287969518411 0.031214141334086617 -0.021177883831420542 -0.019978298232745852 0.012364046777847257 -0.011431891985849122 0.022788721111133156 0.013607134704722242 -0.0042985803228108681 -0.028868417102966296 0.028926017248598956 0.0091261981512245488 -0.032994127105866286 -0.018188127472770665 0.0053879193600074749 0.0045061665287084284 0.013455764019607606 0.0010588210601727127 0.0030802090687062724 0.019268917041537041 0.010843797373978803 -0.015290560029811582 0.0046086623828501235 0.048536839871282884 -0.014206182654021713 0.066056594697422671 0.029497500562172246 -0.0074755231120233337 0.062696588038882436 0.085810054264964117
leaf_weight=119.00524378195405 899.79593696258962 114.88109968230128 593.61677973903716 1190.2397683886811 742.07352013885975 578.47248156927526 1450.9184526409954 1091.558994108811 1029.7108290679753 261.45939895696938 58.426682099699974 820.15020618773997 1770.3610379137099 61.182494434528053 820.80635708849877 73.978525954298675 2322.4645646885037 659.27921147551388 1350.2670819433406 630.79540472943336 178.84941671043634 66.621230959892273 101.53237824514508 76.469862470403314 472.84631283488125 59.501298293471336 247.07844723016024 286.3546097939834 7.2364940941333762 25.428747452795506
leaf_count=1916 26131 1104 15304 29043 12285 14696 14908 11351 21423 8621 413 9622 61823 2335 12665 2028 20800 10712 20668 8035 3879 979 2269 810 8708 480 2009 4039 98 162
internal_value=-0.00015088 0.00599848 0.0088235 -0.0103655 -0.00308199 -0.0242722 0.0116572 0.00837002 0.00268098 -0.0120134 0.0134679 0.0123571 -0.0289417 0.00452537 0.00181293 0.0180099 0.0170506 0.00361857 0.00740546 0.0159298 -0.00615862 -0.00203619 0.0130228 0.0236683 -0.00532018 0.0305591 0.0367976 0.00482332 -0.0200586 0.0470309
internal_weight=18161.4 14472.4 12342.4 2130.05 2372.64 3688.94 9969.74 6196.35 1771.78 1018.78 2662.48 2578.62 2670.16 3533.88 939.812 1472.12 3773.38 3418.99 2042.24 691.978 757.322 1376.75 244.623 178.002 1132.13 380.558 306.58 1106.5 600.853 83.8554
internal_count=329316 214166 170542 43624 49110 115150 121432 85724 33708 27196 30104 29529 87954 55620 14581 15868 35708 54516 31038 10370 18575 23478 4058 3079 19420 4517 2489 13661 15402 575
cat_boundaries=0 1 2 3 4
cat_threshold=8 144 8 16
is_linear=0
shrinkage=0.04


Tree=28
num_leaves=31
num_cat=0
split_feature=4 22 11 1 22 1 4 22 11 22 19 4 16 14 1 22 30 1 19 32 24 21 4 6 16 21 31 24 4 9
split_gain=1575.69 389.699 203.256 147.659 130.347 108.878 81.064 68.5235 64.9773 64.8208 57.2665 54.4482 53.9199 50.6051 50.186 44.6795 44.4012 49.5201 38.49 35.612 33.6396 31.4777 30.4395 29.9482 29.6775 32.0971 29.6558 29.1725 29.0183 27.5846
threshold=2.4550000429153447 0.05077031813561917 0.15200732648372653 1.6250000000000002 0.075033884495496764 2.5249999761581425 2.9450000524520878 0.20523230731487277 0.23787476867437365 0.10333079844713212 17.500000000000004 1.8550000190734866 1.5000000000000002 78.520000457763686 2.0249999761581425 0.018888808786869053 0.072312574833631529 0.64499998092651378 52.500000000000007 1.142143249511719 0.065411377698183074 69.438953399658217 2.0849999189376835 170.25000000000003 1.5000000000000002 75.011997222900405 75.518562316894545 0.23999456316232684 2.7549999952316289 2.5000000000000004
decision_type=2 8 10 8 10 10 2 10 10 8 10 2 2 10 10 10 10 8 10 8 10 8 2 2 2 10 10 10 2 2
left_child=1 3 5 24 28 9 14 10 15 20 21 -7 27 -11 -6 -5 -12 -18 23 -15 -3 -4 -19 -16 25 -1 -26 -9 -2 -14
right_child=4 2 7 8 6 11 -8 12 -10 13 16 -13 29 19 18 -17 17 22 -20 -21 -22 -23 -24 -25 26 -27 -28 -29 -30 -31
leaf_value=0.012283489377886208 -0.025707302692577143 0.00490774785022459 0.0072590611326525259 -0.029252789296195611 0.0041496740482403014 -0.023333642709201418 -0.030384489675220623 0.039243911693300354 0.0030258035701894587 0.01531365425886788 0.021590558954226159 -0.0014367732656339169 -0.0040892424551261346 0.0085150022191817585 -0.0022916196737377886 -0.013421980542763183 0.023798179866740932 0.011922821884255745 -0.01929585013308547 -0.00317035042717514 -0.0061951497796589759 -0.010373279814989504 0.002913350808836669 0.10337579288960665 0.020286345542115992 -0.0068143449255628598 0.094686560395946417 0.017587811209658494 -0.035664330027849397 0.018365241531603977
leaf_weight=331.33265803940594 908.86501744482666 848.52205895073712 455.2348075453192 368.8225551918149 288.44255172275007 324.93358104024082 443.30608377140015 329.50547342933714 307.51042035687715 1189.7446091677994 834.27101708948612 411.8324749674648 99.328339755535126 1316.3977344566956 216.60792585834861 1279.3189626317471 442.26933788415045 2201.2959745870903 729.30381661001593 609.4941751472652 897.09783659409732 250.12910665757954 827.54875540733337 3.3776900181546798 96.309439871460199 243.18855414353311 8.6073164185509068 147.25065475702286 1017.1576542444527 700.08118994161487
leaf_count=4687 29508 18836 4852 8096 6155 8617 15682 3017 4605 15788 12236 8270 939 18145 5782 30074 3613 21704 20458 12401 13091 3535 10378 82 933 4174 72 945 37431 5153
internal_value=-0.000218569 0.00565943 0.00874513 -0.00825439 -0.0238763 0.00319982 -0.0157172 0.0136809 -0.0138345 0.00537244 0.0115675 -0.0111178 0.0219603 0.00882901 -0.0104404 -0.0169826 0.013298 0.0112981 -0.0148775 0.00481509 -0.000796172 0.00099496 0.00946433 -0.000190634 0.00779785 0.00419484 0.0272642 0.0326144 -0.0309836 0.0155686
internal_weight=18127.1 14520 11884.9 2635.09 3607.06 5598.02 1681.04 6286.91 1955.65 4861.26 5010.75 736.766 1276.17 3115.64 1237.73 1648.14 4305.39 3471.11 949.289 1925.89 1745.62 705.364 3028.84 219.986 679.438 574.521 104.917 476.756 1926.02 799.41
internal_count=329259 214161 161520 52641 115098 95148 48159 66372 42775 78261 56318 16887 10054 46334 32477 38170 47931 35695 26322 30546 31927 8387 32082 5864 9866 8861 1005 3962 66939 6092
is_linear=0
shrinkage=0.04


Tree=29
num_leaves=31
num_cat=4
split_feature=11 4 0 22 22 0 11 22 8 22 4 14 30 30 15 5 43 9 23 43 46 22 25 20 17 14 43 31 14 24
split_gain=1487.68 307.047 243.785 170.961 117.625 90.5646 83.4966 82.8634 70.0269 55.2989 53.5406 101.037 76.9317 60.153 57.6683 54.0592 39.14 38.1261 37.5289 37.0138 45.9444 40.7433 47.5499 45.6312 36.5569 35.7106 34.6858 33.0333 32.5037 33.2927
threshold=0.038984065875411041 2.245000004768372 2.6350001096725468 0.043093513697385795 0.075033884495496764 0.58499997854232799 0.33893597126007086 0.056081175804138191 30.500000000000004 0.13342235982418063 1.5349999666213991 87.045001983642592 0.14917512238025668 0.14990837872028354 3.5000000000000004 33.500000000000007 0 13.500000000000002 1.0253182053565981 1 2 0.20523230731487277 688.25000000000011 159.00000000000003 4.5000000000000009 84.795001983642592 3 71.373088836669936 80.634998321533217 0.19288650900125506
decision_type=8 2 8 8 10 8 10 8 2 10 2 10 8 8 2 2 9 2 10 9 1 10 2 2 10 8 9 10 10 10
left_child=2 3 4 5 -1 -2 10 -3 26 -4 11 12 -5 -14 18 -16 -9 -7 -12 20 -20 22 23 -21 -19 -11 -6 -10 29 -15
right_child=1 7 9 6 8 17 -8 16 27 25 14 -13 13 28 15 -17 -18 24 19 21 -22 -23 -24 -25 -26 -27 -28 -29 -30 -31
leaf_value=-0.021514180093844603 0.028719953502098321 -0.018010932114841491 -0.032162419587371441 0.002769739576125601 0.02000687936311556 -0.010984627127300004 0.017990023408076684 0.0038065492007689412 -0.01193140018910567 0.010028767004083158 -0.0030338059984317801 -0.0043913645116034194 0.066426893886612437 0.027936736598540894 0.031586832889001305 0.011418970027856626 -0.0077564983687651405 0.017126348969279993 0.021398998218072021 0.016923164742359841 0.0092456824551700872 0.020538507867260632 0.050264249326260252 -0.00090995661199111302 -0.0091655455073729481 -0.021754186191337371 -0.014787741881156455 0.0097091208835883378 0.0024277625535693089 0.0050394829488343371
leaf_weight=855.60232732631266 123.5864180251956 701.01136957108974 1990.4549553235993 854.51398251950741 256.36565793305635 972.12082001008093 2101.1639464553446 947.00778011605144 632.07906144112349 76.247444719076157 348.25251868180931 1170.8497630795464 41.794796613976359 411.12485318444669 402.73529509454966 454.99194722250104 907.08426622021943 176.61172638833523 866.25207703653723 284.67119699530303 1179.050864120014 271.3713535182178 33.288299445062876 1167.0022214371711 160.51984148845077 211.20379161741585 49.259260524064302 136.34516099095345 175.02101093623787 136.11530423723161
leaf_count=25649 1281 16903 75711 10812 4541 19182 19132 17273 14071 2330 10546 18602 309 5615 4955 5636 18339 2564 8195 2858 11533 2361 270 13523 2871 7642 991 2404 2160 952
internal_value=-9.64268e-05 0.00621711 -0.0209304 0.00904164 -0.0104582 -0.00386782 0.010911 -0.00630581 -0.00163524 -0.0297913 0.00900073 0.00455487 0.0110276 0.0202423 0.011475 0.020919 -0.00187075 -0.00696656 0.00951756 0.0106689 0.0143329 0.00627681 0.00369801 0.00259358 0.00460597 -0.0133042 0.0145261 -0.00807879 0.0174761 0.0222684
internal_weight=18093.7 13886.1 4207.56 11331 1929.65 1432.84 9898.2 2555.1 1074.05 2277.91 7797.04 2789.42 1618.57 764.056 5007.62 857.727 1854.09 1309.25 4149.89 3801.64 2045.3 1756.33 1484.96 1451.67 337.132 287.451 305.625 768.424 722.261 547.24
internal_count=329211 195872 133339 143357 47656 25898 117459 52515 22007 85683 98327 38450 19848 9036 59877 10591 35612 24617 49286 38740 19728 19012 16651 16381 5435 9972 5532 16475 8727 6567
cat_boundaries=0 1 2 3 4
cat_threshold=20 144 8 112
is_linear=0
shrinkage=0.04


Tree=30
num_leaves=31
num_cat=1
split_feature=0 22 1 1 22 22 9 44 0 23 20 17 10 0 0 19 17 21 25 20 24 14 29 23 39 0 17 10 16 2
split_gain=1395.36 285.322 240.196 176.554 130.685 103.598 84.3792 63.6771 58.3499 49.0472 45.1222 40.4686 40.2734 38.3586 38.0901 37.4649 34.3959 33.7224 33.0005 49.635 44.5713 38.0643 34.3722 31.9575 32.6579 31.9468 30.1245 29.6949 29.4259 27.6683
threshold=2.4750000238418584 0.037713078781962402 2.5349999666213994 1.8149999976158144 0.11810277774930002 0.10333079844713212 12.500000000000002 0 2.1049998998641972 1.0213701128959658 159.00000000000003 4.5000000000000009 5.5000000000000009 3.0049999952316289 0.85500001907348644 10.500000000000002 4.5000000000000009 66.058807373046889 340.12500000000006 218.00000000000003 0.073272291570901885 90.045001983642592 15.750000000000002 1.0217798352241518 1.4159978628158572 2.7549999952316289 3.5000000000000004 5.5000000000000009 2.5000000000000004 -1.0000000180025095e-35
decision_type=10 8 10 8 8 10 2 9 10 10 2 10 2 10 10 8 10 10 2 2 10 10 2 10 10 10 8 2 2 10
left_child=1 6 5 14 8 12 9 -6 18 -1 17 -8 -2 -7 29 -16 28 -4 21 22 -21 -5 -20 24 -11 -12 -10 -23 -17 -3
right_child=2 3 10 4 7 13 11 -9 26 23 25 -13 -14 -15 15 16 -18 -19 19 20 -22 27 -24 -25 -26 -27 -28 -29 -30 -31
leaf_value=-0.0253591896902223 -0.022431116206056978 0.01743159172204331 0.02357744889911223 0.0042479858534249021 0.0078301954510558887 0.005037372931735902 0.019718478208680904 0.024094324442795398 -0.0031629283070108935 0.0032162793917132871 -0.023688365821285098 -0.0072813917437198937 -0.0092001759500470043 -0.01937270688865279 0.00156236197829143 0.017212867231047691 0.0010696571496130523 -0.01909159637596029 0.02027919600856325 0.061017121240048128 0.013922677448774146 -0.013355378255819186 -0.0039724793420551872 -0.010056645109449614 0.11087125601663927 -0.035025309118316715 -0.016358035729034597 0.0037177682666287549 0.0043408289284149531 0.032652809764104646
leaf_weight=459.19983519986272 863.83135124854743 699.99566455651075 33.221617570146918 1352.0157836247236 3459.8650830527768 654.4537196373567 188.66208261717111 432.07941001374274 751.74347566347569 13.070321387611331 593.7220735354349 166.02221909351647 647.08386711124331 121.18644238915294 427.51036916021258 2352.4052270920947 287.23419392667711 222.40045757312328 141.58490586653352 51.918066386133432 84.805682435631752 451.35673508234322 270.43470595963299 713.82976449467242 6.0002179602161041 1292.0450086705387 438.71103200875223 253.7605905868113 325.06883588898927 266.94050823245198
leaf_count=11497 32096 5238 757 20462 50105 11578 2564 4003 15483 278 19246 2943 15456 3203 4879 23838 3646 7182 1355 496 795 8516 2843 13861 109 48824 9664 3629 2394 1885
internal_value=-0.000205969 0.00614615 -0.0197055 0.00822283 0.0045749 -0.0106799 -0.0100208 0.00972458 -0.000704588 -0.015115 -0.0293315 0.00708407 -0.0167771 0.00119834 0.0146533 0.012647 0.014243 -0.0134603 0.00264613 0.0113522 0.0321481 0.000317442 0.00438051 -0.00866523 0.0411238 -0.0314725 -0.00803865 -0.00720879 0.0156538 0.0216672
internal_weight=18022.2 13594.2 4427.94 12047.4 7688.28 2286.56 1546.78 3891.94 3796.33 1192.1 2141.39 354.684 1510.92 775.64 4359.15 3392.22 2964.71 255.622 2605.88 548.743 136.724 2057.13 412.02 732.9 19.0705 1885.77 1190.45 705.117 2677.47 966.936
internal_count=328825 190483 138342 159231 117351 62333 31252 54108 63243 25745 76009 5507 47552 14781 41880 34757 29878 7939 38096 5489 1291 32607 4198 14248 387 68070 25147 12145 26232 7123
cat_boundaries=0 1
cat_threshold=8
is_linear=0
shrinkage=0.04


Tree=31
num_leaves=31
num_cat=3
split_feature=4 11 22 0 22 22 22 4 1 21 36 5 14 16 35 21 0 21 4 0 36 26 0 46 46 20 42 1 20 4
split_gain=1334.72 330.894 258.856 134.699 108.741 84.7656 75.3842 67.6611 49.6781 52.5157 46.7427 46.2609 42.5127 40.512 62.8782 38.8121 37.6053 37.4576 34.7722 34.5262 37.1496 37.6343 32.1944 31.8452 29.4545 29.2713 28.7691 28.7236 28.5398 28.4402
threshold=2.4750000238418584 0.153984010219574 0.043093513697385795 2.7549999952316289 0.075033884495496764 0.13668338954448703 0.10333079844713212 2.9550000429153447 0.33500000834465032 77.35693740844728 0.072351805865764632 28.500000000000004 78.520000457763686 1.5000000000000002 13.250000000000002 60.847053527832038 1.0000000180025095e-35 77.966876983642592 2.0849999189376835 2.1450001001358037 0.14507635682821277 1.5000000000000002 2.0949999094009404 0 1 175.00000000000003 2 1.794999957084656 218.00000000000003 2.1650000810623173
decision_type=2 10 8 10 8 8 8 2 8 10 8 2 10 2 2 8 10 10 2 8 8 2 8 1 1 2 9 10 2 2
left_child=1 2 22 6 25 8 19 11 -3 10 -10 15 27 14 -7 28 -15 -13 -5 24 -21 -22 -1 -14 26 -2 -4 -8 -6 -12
right_child=4 5 3 18 7 13 12 -9 9 -11 29 17 23 16 -16 -17 -18 -19 -20 20 21 -23 -24 -25 -26 -27 -28 -29 -30 -31
leaf_value=-0.0079893548332147495 -0.020610822642435921 0.021353054717229505 -0.0036523457233928265 -0.030305692440112782 0.018285879047218481 0.028517805553493696 0.017559202480744395 -0.029891947301899348 0.014939373878423381 -0.0097886112289893613 0.0065256311910057187 -0.02030681399292595 0.00032970051708537885 0.027724115477947696 0.011929833715440074 -0.0062912750140057322 0.0088727873858755434 0.099872997911105238 -0.0050712063146898124 -0.0081362046842954321 0.0021885526854496908 0.054506364528293431 -0.022337601212313353 0.010537055635210487 -0.0023357577428974501 -0.033524108209862173 0.018976479498169371 0.0049780783156281021 0.1087906835414945 -0.0044022545531705671
leaf_weight=358.41733240708709 370.76172157004476 372.82791424542665 130.19481387455016 235.94523556390777 36.423160060308874 785.12275910750031 843.11795002873987 412.99067546799779 979.00594260450453 306.47148589231074 2449.8722542375326 555.20357063412666 1360.0024925293401 194.8571597635746 690.15762826986611 583.37373762158677 1282.7358715664595 3.1962899267673484 139.80723826913163 1213.1652698190883 87.140199739485979 28.550573254004121 847.80437419051304 763.42202500067651 527.09401557035744 1276.2990364218131 285.44555621594191 445.71085233334452 5.7745166243985286 450.01857710909098
leaf_count=7386 11110 3448 2431 8107 774 8449 10967 17160 10997 5217 26975 18078 20904 1252 9229 16916 10350 56 4011 25373 2061 311 23471 11946 7786 46825 4979 5866 120 6683
internal_value=-0.000188452 0.00491221 -0.00117319 0.00219556 -0.0234181 0.0107988 0.00373084 -0.0159589 0.0073744 0.00612343 0.00738387 -0.0110743 0.00748883 0.0160793 0.0207738 -0.0035864 0.0113786 -0.0194344 -0.0209656 -0.00191325 -0.00606615 0.0154905 -0.0180876 0.0040046 0.00393655 -0.030634 0.0118869 0.0132187 0.0329953 0.00482748
internal_weight=18020.9 14776.9 7265.82 6059.6 3244.02 7511.07 5683.84 1596.96 4558.2 4185.37 3878.9 1183.97 3412.25 2952.87 1475.28 625.571 1477.59 558.4 375.752 2271.59 1328.86 115.691 1206.22 2123.42 942.734 1647.06 415.64 1288.83 42.1977 2899.89
internal_count=329238 218199 135599 104742 111039 82600 92624 53104 53320 49872 44655 35944 49683 29280 17678 17810 11602 18134 12118 42941 27745 2372 30857 32850 15196 57935 7410 16833 894 33658
cat_boundaries=0 1 2 3
cat_threshold=4 8 4
is_linear=0
shrinkage=0.04


Tree=32
num_leaves=31
num_cat=2
split_feature=4 22 0 4 0 4 1 21 22 5 14 19 22 1 46 23 25 46 26 16 31 22 24 22 1 14 10 22 5 9
split_gain=1281.33 313.202 188.358 115.338 112.909 107.878 83.6713 64.5822 63.0439 61.1454 52.4069 46.6606 44.9311 41.0838 39.6556 60.3203 39.4507 35.0652 45.2579 43.8759 33.8511 32.996 35.7744 35.2479 32.2184 32.0298 31.6844 29.6692 28.7393 36.1774
threshold=2.4750000238418584 0.043093513697385795 2.2749999761581425 0.78499999642372142 2.0049999952316289 2.7350000143051152 1.5049999952316286 67.874050140380874 0.075033884495496764 24.500000000000004 64.520000457763686 10.500000000000002 0.017211882397532467 0.64499998092651378 0 1.0067822337150576 84.875000000000014 1 1.5000000000000002 1.5000000000000002 73.280181884765639 0.16492750495672229 0.12037122622132303 0.045931704342365272 1.8949999809265139 86.174999237060561 1.5000000000000002 0.10333079844713212 36.500000000000007 11.500000000000002
decision_type=2 8 10 2 8 2 8 10 10 2 10 8 10 8 1 10 2 1 2 2 10 10 10 10 8 10 2 10 2 2
left_child=1 4 6 26 12 8 28 10 -2 -5 -8 -9 -1 -14 15 -13 -16 18 -12 20 21 22 23 -19 -6 -20 -4 -7 29 -3
right_child=5 2 3 9 24 27 7 11 -10 -11 17 14 13 -15 16 -17 -18 19 25 -21 -22 -23 -24 -25 -26 -27 -28 -29 -30 -31
leaf_value=-0.017439910101643225 -0.023931184252778657 0.014147518049078017 -0.028337587880782014 0.010179466544606702 -0.0055371474499782396 -0.033308504372863292 0.023565825899603762 -0.0097973495397680171 -0.0074685692825517108 -0.004407129073462324 0.00091644731432348405 -0.023206461740183863 0.029680658619673419 0.0013712282548615209 -0.0074084313806474442 0.014116414080892066 0.0057340329515129344 0.11135091730279857 0.020273375865499967 0.0051959876442373258 0.055180442022473741 0.025173090533131132 -0.0064105649235347926 0.014495169374936554 -0.021715962392354037 0.0034821375952056072 -0.0092480092605447175 -0.020848792661688407 0.0085554865767954579 0.025563674076187863
leaf_weight=177.28342152666301 722.89394536660984 1481.0249230740592 280.5013887626119 801.10882958862931 254.99158421903849 1266.0450542289764 422.89155614562333 420.45248048752546 770.74155376339331 1076.1661272058263 1380.1325303157791 74.397870105691254 92.662867100909352 664.02845319267362 594.5029862197116 857.22332168184221 944.76058205589652 5.1156049929559222 428.19782249815762 768.62203626986593 36.202510735020041 419.85784458182752 148.51095389015973 569.7043367549777 887.72640862502158 317.26277329586446 279.5037357294932 415.09224943770096 770.34573712013662 640.26706124097109
leaf_count=2941 25623 12191 9810 13170 5470 51628 4644 6776 19351 22762 15405 2926 1026 10692 9382 10280 10137 52 7680 7648 343 4900 1308 9007 24569 6808 5490 14578 7306 5153
internal_value=-0.000240691 0.00470777 0.00705999 -0.00293541 -0.00969074 -0.0232944 0.00943036 0.00716989 -0.0154495 0.00181753 0.0101687 0.00250299 0.000623155 0.00487782 0.00460078 0.0111099 0.000653966 0.00877148 0.00521174 0.012649 0.0174943 0.0162502 0.0110378 0.015556 -0.0181172 0.0131467 -0.0188504 -0.0302487 0.0151997 0.0176055
internal_weight=17968.2 14793.4 12716.8 2437.28 2076.69 3174.77 10279.5 7387.84 1493.64 1877.27 4496.5 2891.34 933.975 756.691 2470.88 931.621 1539.26 4073.61 2125.59 1948.01 1179.39 1143.19 723.331 574.82 1142.72 745.461 560.005 1681.14 2891.64 2121.29
internal_count=329056 217876 173178 51232 44698 111180 121946 97296 44974 35932 57795 39501 14659 11718 32725 13206 19519 53151 29893 23258 15610 15267 10367 9059 30039 14488 15300 66206 24650 17344
cat_boundaries=0 1 2
cat_threshold=8 4
is_linear=0
shrinkage=0.04


Tree=33
num_leaves=31
num_cat=1
split_feature=4 0 4 21 22 24 4 5 46 16 35 21 11 16 10 21 5 19 23 4 22 19 5 38 1 20 21 19 20 21
split_gain=1163.1 268.481 188.514 129.683 121.79 120.912 78.6293 74.6583 66.0341 65.4006 58.181 48.923 48.5624 46.0294 48.3114 47.9886 44.5809 43.3643 41.0476 40.088 36.5349 35.9147 42.393 37.4526 48.0716 33.4978 32.4518 31.6788 31.3941 31.1219
threshold=2.4550000429153447 2.0749999284744267 0.78499999642372142 74.264972686767592 0.075033884495496764 0.0316549800336361 2.9450000524520878 31.500000000000004 0 1.5000000000000002 12.250000000000002 62.679374694824226 0.026115373708307747 1.5000000000000002 21.250000000000004 68.296108245849624 35.500000000000007 17.500000000000004 1.0098327398300173 2.0949999094009404 0.018383535556495193 7.5000000000000009 40.500000000000007 1.050728499889374 1.9950000047683718 175.00000000000003 60.847053527832038 128.50000000000003 177.50000000000003 82.352401733398452
decision_type=2 10 2 10 10 8 2 2 1 2 2 8 10 2 2 10 2 8 10 2 10 10 2 10 8 2 10 10 2 10
left_child=1 3 12 8 25 20 16 17 18 28 13 -12 -3 15 -15 -10 26 -7 -1 -9 -4 -20 23 -23 -25 -2 27 -6 -5 -18
right_child=4 2 5 9 6 7 -8 19 10 -11 11 -13 -14 14 -16 -17 29 -19 21 -21 -22 22 -24 24 -26 -27 -28 -29 -30 -31
leaf_value=0.00072757847923899505 -0.0187348901253915 -0.028724276090807081 -0.03117197627967621 0.0054788156764296238 0.057119434211987986 -0.0038517422947575361 -0.029226091683233618 0.01044413003869573 0.020209360597511852 0.022300262848705503 0.014618001517665132 0.00080905621038622705 -0.010334918536887646 -0.0042892153496163297 0.012794689960170818 0.0060865374923072526 -0.020405032182744431 0.013174677157606823 -0.0036024635488566665 -0.0064726819789235751 -0.0092693385537928694 0.02946805458367352 0.0076702509308535409 0.022987028481542892 0.010208536436830444 -0.032203822060267055 -0.0051581036359815077 -0.002157382371299942 -0.013419445477403976 0.088800339938571324
leaf_weight=333.79000344034284 390.46171344723552 460.22933183610439 158.50033085048199 176.74267458543181 26.465916080400348 291.85673474892974 388.13070675684139 285.45941977575421 1114.4276303155348 116.89392075315118 493.53947904706001 2421.0043365536258 463.19669909356162 502.35686229821295 557.70450161397457 591.02084161061794 396.58553780103102 1310.7201589206234 149.54769632220268 1027.9804924838245 527.47910950472578 444.84537078347057 686.42641671095043 934.04746694490314 958.3123427098617 1309.0031511713751 718.65960516268387 29.972237376496196 673.7611136501655 3.2383141405880442
leaf_count=9415 13074 15573 3718 2449 398 4627 15590 3767 13114 1138 4223 31776 8713 4204 4182 7682 11867 19388 1521 19341 17283 3780 6881 7095 10561 53950 19164 823 13647 52
internal_value=-0.000111067 0.00469015 -0.00341185 0.00830127 -0.0217104 0.0007223 -0.0136333 0.0042787 0.00976825 -0.00562169 0.00710002 0.003153 -0.0195255 0.0112557 0.00469855 0.0153239 -0.00845842 0.0100709 0.0140854 -0.00278784 -0.0143739 0.0154886 0.0164351 0.0190032 0.0165268 -0.0291244 -0.00284766 0.0260805 -0.00948569 -0.0192912
internal_weight=17942.4 14679.8 4525.42 10154.4 3262.52 3602 1563.05 2916.02 9187.02 967.398 5680.05 2914.54 923.426 2765.51 1060.06 1705.45 1174.92 1602.58 3506.97 1313.44 685.979 3173.18 3023.63 2337.21 1892.36 1699.46 775.098 56.4382 850.504 399.824
internal_count=328996 214078 92410 121668 114918 68124 47894 47123 104434 17234 65181 35999 24286 29182 8386 20796 32304 24015 39253 23108 21001 29838 28317 21436 17656 67024 20385 1221 16096 11919
cat_boundaries=0 1
cat_threshold=8
is_linear=0
shrinkage=0.04


Tree=34
num_leaves=31
num_cat=5
split_feature=0 11 21 1 4 11 1 22 22 22 17 5 31 0 15 15 44 0 19 46 17 46 4 1 9 5 5 16 42 46
split_gain=1118.72 234.44 223.377 137.533 98.8748 84.6917 74.4509 60.4812 53.2046 53.1754 48.01 46.8574 35.7958 35.5313 34.3333 34.2462 33.0288 29.2089 28.2988 27.3731 27.0788 36.4962 26.0667 25.0946 25.0546 36.6878 31.3133 37.7118 38.3509 24.5836
threshold=2.4750000238418584 0.038984065875411041 74.264972686767592 1.5349999666213991 2.245000004768372 0.1282736882567406 2.5749999284744267 0.11079758778214456 0.11199874058365823 0.11810277774930002 4.5000000000000009 33.500000000000007 71.492805480957045 0.58499997854232799 2.5000000000000004 3.5000000000000004 0 2.2250000238418584 9.5000000000000018 1 2.5000000000000004 2 2.5249999761581425 1.6950000524520876 12.500000000000002 23.500000000000004 38.500000000000007 1.5000000000000002 3 4
decision_type=10 10 10 8 2 10 10 10 10 8 10 2 10 10 2 2 9 10 8 1 10 1 2 8 2 2 2 2 9 1
left_child=2 6 3 24 9 -4 7 -2 23 17 13 12 22 -7 -15 -14 -11 18 -5 -20 -17 -22 -6 -3 26 -26 27 28 -1 -29
right_child=1 8 5 4 11 10 -8 -9 -10 16 -12 -13 15 14 -16 20 -18 -19 19 -21 21 -23 -24 -25 25 -27 -28 29 -30 -31
leaf_value=0.022968905098105959 -0.023405142572974182 0.00023521024248165196 -0.019269196096127286 -0.0063531041645771228 0.0011941157478036956 0.031289566890782328 -0.031652189959366583 -0.0012079211484539564 0.0039886138887423126 0.0083097797838563355 -0.018971600500520353 -0.010967985755353453 0.0063351725348126274 -0.012036298127026347 0.010541646348342435 0.018873381246143458 0.019735374398609326 -0.007811052288975307 0.0012825220001308685 0.0094713921969242741 0.0018880367434630358 0.10709459365936251 -0.018116639162347063 -0.014594357849698283 0.030939116688374627 0.014688530244035315 -0.0023964668275192583 0.016458772095059641 0.007205212262100056 0.00047592439752534133
leaf_weight=728.4176053898409 752.30028614308685 230.06219597253948 726.76304866094142 357.33051442541182 666.061035820283 75.671621905639768 1509.8219167529605 266.34146150015295 521.678377029486 3368.634343681857 157.80100850015879 815.61124046240002 159.44209994934499 174.41746258269995 278.25940305739641 36.244672119617462 469.5574513040483 362.99479804094881 1232.91922260914 1391.7610950171947 7.8271358227357268 15.945743960328402 133.32515947613865 873.22880060458556 288.54126854799688 990.82589363306761 238.11319935787469 228.33944107592106 376.47331970650703 470.43443219736218
leaf_count=6760 31126 4003 18334 5647 12011 697 62903 7596 7782 42592 3198 18825 2526 3160 3960 594 3946 6928 15589 19021 129 239 3602 25067 2219 8642 3289 1605 3712 3367
internal_value=-0.000198891 -0.0183896 0.00529591 0.00702133 0.00445693 -0.00976342 -0.0260066 -0.0176121 -0.00652638 0.00657363 0.000312581 -0.00382833 0.00188838 0.00610467 0.00182614 0.0161609 0.00978643 0.0028841 0.00418953 0.00562822 0.0416666 0.0740916 -0.00204023 -0.011501 0.0139796 0.018378 0.011214 0.0130133 0.0176127 0.00572044
internal_weight=17905.1 4153.43 13751.7 12338.8 9017.65 1412.91 2528.46 1018.64 1624.97 7183.2 686.149 1834.46 1018.85 528.348 452.677 219.46 3838.19 3345.01 2982.01 2624.68 60.0176 23.7729 799.386 1103.29 3321.15 1279.37 2041.78 1803.66 1104.89 698.774
internal_count=329069 138477 190592 161243 131649 29349 101625 38722 36852 93723 11015 37926 19101 7817 7120 3488 46538 47185 40257 34610 962 368 15613 29070 29594 10861 18733 15444 10472 4972
cat_boundaries=0 1 2 3 4 5
cat_threshold=8 4 4 16 8
is_linear=0
shrinkage=0.04


Tree=35
num_leaves=31
num_cat=1
split_feature=4 11 22 21 4 22 29 4 5 0 0 0 19 21 17 43 0 29 1 5 14 10 16 5 15 4 22 23 20 1
split_gain=1049.42 270.895 140.031 112.492 90.7279 88.1169 68.0697 58.3236 55.0031 53.7476 49.7737 44.3919 43.3968 41.3861 40.2547 37.8672 37.4217 35.4445 35.2473 34.8883 33.6257 41.5285 37.8754 36.9282 33.614 33.2768 32.4125 31.1023 28.3877 28.182
threshold=2.5049999952316289 0.14313399791717532 0.05077031813561917 75.011997222900405 1.4750000238418581 0.075033884495496764 16.750000000000004 3.0049999952316289 34.500000000000007 2.0849999189376835 0.85500001907348644 2.804999947547913 9.5000000000000018 80.563640594482436 1.5000000000000002 0 0.92500001192092907 21.250000000000004 2.2549999952316289 35.500000000000007 95.58499908447267 6.2500000000000009 1.5000000000000002 2.5000000000000004 3.5000000000000004 2.2350000143051152 0.13668338954448703 1.0522230863571169 177.50000000000003 0.58499997854232799
decision_type=2 8 8 10 2 10 2 2 2 8 8 8 10 8 8 9 8 2 8 2 10 2 2 2 2 2 8 10 2 8
left_child=1 2 9 6 11 -2 16 13 17 -1 -5 -4 -8 14 -7 27 29 25 19 -14 22 -22 26 -24 28 -6 -18 -10 -12 -3
right_child=5 3 4 10 8 7 12 -9 15 -11 24 -13 18 -15 -16 -17 20 -19 -20 -21 21 -23 23 -25 -26 -27 -28 -29 -30 -31
leaf_value=-0.0040001162281994591 -0.029711497171563239 0.029106905816693843 -0.0071052374804095779 0.018226573297965717 0.012184510506069857 0.0036683946184561562 -0.0097391372981083125 -0.030667685808228262 -0.01358105872836176 -0.022167895773898692 0.0035012836588737611 -0.030106129404729409 0.014247069454655916 0.11220322510257802 -0.01553352758982249 -0.0097095307600338875 0.0098173164074139042 0.039383715172872619 0.0017408101954014383 0.0040821965763174414 -0.012837616828792815 0.012469583018749581 -0.018176822298239484 0.0072907763398087008 0.022384867532837301 0.0011695400970884885 0.019072931774493429 0.0097345402078235672 -0.017119459243002181 0.014684355883587095
leaf_weight=397.50678741559386 1453.3208179594949 278.19643276371062 591.03837707219645 110.03389011509717 846.20261711534113 224.66919159889221 294.83002331107855 305.02398016583174 116.66203688690439 761.2824289877899 133.50762983597815 173.42584642954171 1158.5246587675065 3.3684585057198992 774.04463709983975 679.47822878975421 1369.6834194818512 53.084620513021946 1646.0728787146509 1016.2218249887228 217.56763499230146 196.45731994789094 99.671960847452283 954.16129902098328 45.238689876161516 912.70940510369837 1094.7254154328257 410.77675278950483 521.3990573277697 1014.3702818583697
leaf_count=8244 61469 1792 11337 1064 12265 6054 4433 13009 4581 23570 1969 6697 10979 52 24508 13256 17926 962 22474 10756 3510 1935 913 8216 871 17434 13172 6130 10999 8274
internal_value=-0.000256952 0.00389064 -0.00378835 0.00762979 -5.97655e-05 -0.0229288 0.00887016 -0.0153674 0.00305694 -0.015948 -0.00665873 -0.0123609 0.00501924 -0.0106803 -0.0112105 -0.00355466 0.0119013 0.00746246 0.00616135 0.0095031 0.00995341 -0.00081845 0.011222 0.0048633 -0.0105958 0.00647497 0.0139365 0.00446937 -0.0129107 0.0178117
internal_weight=17853.3 15092.8 4942.17 10150.7 3783.38 2760.43 9340.48 1307.11 3018.91 1158.79 810.179 764.464 4115.65 1002.08 998.714 1206.92 5224.83 1812 3820.82 2174.75 3932.27 414.025 3518.24 1053.83 700.145 1758.91 2464.41 527.439 654.907 1292.57
internal_count=328851 223759 104476 119283 72662 105092 104380 43623 54628 31814 14903 18034 48642 30614 30562 23967 55738 30661 44209 21735 45672 5445 40227 9129 13839 29699 31098 10711 12968 10066
cat_boundaries=0 1
cat_threshold=148
is_linear=0
shrinkage=0.04


Tree=36
num_leaves=31
num_cat=2
split_feature=4 22 0 4 0 1 20 22 5 15 43 25 22 22 14 4 23 46 23 40 1 11 22 21 4 22 25 25 20 25
split_gain=965.358 217.762 124.231 117.435 109.578 89.741 72.1943 71.0146 49.186 46.1751 54.281 57.6315 52.0236 45.162 44.8833 42.8319 40.1284 39.7269 63.175 38.7413 36.9144 32.8679 32.5364 37.924 31.1266 42.0846 33.8978 57.5458 47.9576 30.7862
threshold=2.4550000429153447 0.05077031813561917 2.1650000810623173 2.7549999952316289 2.7549999952316289 1.5349999666213991 79.000000000000014 0.039185304194688804 28.500000000000004 3.5000000000000004 0 688.25000000000011 0.20238582044839862 0.013385057449340822 83.979999542236342 1.8450000286102297 1.1420445442199709 1 1.0067822337150576 0.19128075987100604 1.2050000429153445 0.10008787363767625 0.069668810814619078 82.352401733398452 0.78499999642372142 0.20523230731487277 270.12500000000006 510.25000000000006 184.00000000000003 193.37500000000003
decision_type=2 8 8 2 10 8 2 8 2 2 9 2 10 10 10 2 10 1 10 10 8 8 10 10 2 8 2 2 2 2
left_child=1 2 13 7 5 -3 -7 -2 -9 10 17 12 14 -1 -12 -6 -13 18 -8 24 -15 -4 -5 -24 25 -11 -26 28 -28 -14
right_child=3 4 21 22 15 6 9 8 -10 19 11 16 29 20 -16 -17 -18 -19 -20 -21 -22 -23 23 -25 26 -27 27 -29 -30 -31
leaf_value=-0.02089003865325972 -0.029038474137860475 0.01269233991999372 -0.024404737414917943 -0.034597823925918217 -0.027209250846107671 0.018672289710466982 -0.014484848310555243 -0.0010940837623070029 -0.016723026588593645 -0.012748560041731085 -0.00025719353717439239 0.0072946185190155537 0.023806647964978667 0.015654279618734761 -0.011695486443383347 -0.0014344563008223377 0.079275348046315156 0.0024354639852497222 0.013208807028513313 -0.0002155447015481906 -0.00028323043834986079 -0.010429059315636447 -0.023065068656197441 0.11253306956206797 0.011535930245382353 0.024221813192591483 -0.0054535450874528902 0.0093228762646195805 0.053310171415594056 -0.0010064228554429741
leaf_weight=133.21841048821807 354.54415526753291 3228.0085696782917 493.32758461497724 758.57681401027367 199.48049551714212 565.43135591968894 144.69637161400169 652.50290756113827 636.84620092529804 125.77581422869116 1381.6143387127668 27.487616259604692 172.51865998934954 303.67158857733011 910.54085419047624 213.45094507653266 22.118889819830656 2574.4734894130379 1384.4120186106302 357.58051460050046 979.88789080921561 600.6386206606403 676.22516750637442 2.3340056017041197 393.68378957780078 79.556346707046032 25.805566176772118 131.75482292845845 146.73522681649774 147.75373071804643
leaf_count=2452 12763 27767 16425 35016 7483 3990 5201 17899 21350 2138 20992 300 2558 3440 16818 4845 182 34977 15519 5581 16784 13578 27868 38 7496 1502 223 1154 1315 1133
internal_value=-0.000160158 0.00409532 -0.00663232 -0.0205199 0.00629781 0.00700597 0.0048679 -0.013201 -0.00882374 0.00389274 0.00258134 -0.00186708 -0.00269352 0.00118479 -0.00480583 -0.0139312 0.0404012 0.00545905 0.0105778 0.0109185 0.00349349 -0.0167516 -0.028874 -0.0224279 0.0153258 0.00160427 0.0193486 0.0293724 0.0445175 0.0123795
internal_weight=17824.7 14743.6 2510.74 3081.03 12232.9 11819.9 8591.94 1643.89 1289.35 8026.51 6765.62 2662.03 2612.43 1416.78 2292.16 412.931 49.6065 4103.58 1529.11 1260.89 1283.56 1093.97 1437.14 678.559 903.312 205.332 697.979 304.296 172.541 320.272
internal_count=328787 213853 52679 114934 161174 148846 121079 52012 39249 117089 97680 41983 41501 22676 37810 12328 482 55697 20720 19409 20224 30003 62922 27906 13828 3640 10188 2692 1538 3691
cat_boundaries=0 1 2
cat_threshold=144 8
is_linear=0
shrinkage=0.04


Tree=37
num_leaves=31
num_cat=2
split_feature=4 0 4 22 22 21 5 21 0 19 4 11 21 46 10 23 46 25 5 19 15 25 21 35 16 25 25 25 22 7
split_gain=939.003 216.434 149.211 111.427 102.136 88.6727 87.7944 69.0343 63.5323 55.9319 49.2942 46.0619 50.6395 43.6161 42.9002 40.5405 40.0551 60.2593 36.7251 34.8789 34.4373 45.4733 46.9311 32.1588 54.5475 35.5947 54.5818 31.9675 31.3554 29.98
threshold=2.4750000238418584 2.054999947547913 0.78499999642372142 0.021463197655975822 0.075978063046932234 68.879364013671889 31.500000000000004 82.352401733398452 3.0649999380111699 17.500000000000004 2.1250000000000004 0.41898326575756079 78.335498809814467 0 1.5000000000000002 1.0171996951103213 1 96.625000000000014 28.500000000000004 9.5000000000000018 3.5000000000000004 317.12500000000006 73.963012695312514 12.250000000000002 1.5000000000000002 503.87500000000006 317.12500000000006 214.25000000000003 0.19673433154821399 27.500000000000004
decision_type=2 10 2 8 8 10 2 10 10 8 2 10 10 1 2 10 1 2 2 8 2 2 10 2 2 2 2 2 10 2
left_child=1 5 14 -4 -2 13 9 8 18 -5 -8 12 15 -1 -3 -7 19 -18 28 -17 -11 -22 -23 24 -15 26 -25 -13 -6 -26
right_child=4 2 3 6 7 11 10 -9 -10 20 -12 27 -14 23 -16 16 17 -19 -20 -21 21 22 -24 25 29 -27 -28 -29 -30 -31
leaf_value=0.013854237901072295 -0.028797901693611402 -0.028189524804668086 -0.027926554501165289 -0.0066842956954075205 -0.0066464575317131082 -0.016551187739908706 0.0060847535204671035 0.14946379165176368 -0.029546897097073619 0.0080565761961897079 -0.0092544793454221296 0.0070818156235053645 -0.013628128622039199 0.016083842256828261 -0.01041621428223956 -0.0093201948552114229 -0.0088478972909379946 0.0065962597677109757 -0.017703835834195599 0.012765248520473149 0.014159457499627642 0.038843862786105507 0.14179049281326278 0.0032205103480533797 -0.0045869707836899247 -0.0092855862398542946 0.024534790572743655 0.033903932076284275 0.019340813429131968 0.010119279213252277
leaf_weight=2508.2923130951822 1434.4390210411511 382.88084099674597 213.66586694866419 362.9813037160784 530.05129896989092 172.41217376850545 462.63795677013695 3.1409410871565333 329.57376249413937 1333.8788049845025 1208.2236964008771 208.41562802437693 366.2632713438943 1240.1809521401301 507.70739296870306 131.2375124162063 740.45484123937786 887.65383362490684 488.88128463225439 849.73639927245677 198.97315219882876 58.290477681905031 7.4297867454588404 1611.7976957028732 424.09862567484379 290.19768787920475 217.47055379115045 107.90406942740083 85.338384490460157 462.44678490702063
leaf_count=25934 58878 14390 5506 6774 16792 4315 7086 44 16102 20659 28478 2074 7341 14233 10058 1743 11830 10043 17246 9717 4412 592 133 21798 3112 2265 1545 712 1877 3607
internal_value=-0.000297163 0.0037256 -0.00334115 7.56286e-05 -0.0212443 0.00700169 0.00173111 -0.0136865 -0.0141506 0.00746957 -0.00500377 0.00179646 0.000330787 0.00966997 -0.0180848 0.00217455 0.00341938 -0.000426322 -0.00952937 0.00980004 0.0106881 0.023854 0.0524928 0.00719464 0.01067 0.00370212 0.00576864 0.0163221 -0.00301069 0.00308247
internal_weight=17826.7 14955.2 4736.67 3846.08 2871.42 10218.6 3632.42 1436.99 1433.84 1961.55 1670.86 3464.08 3147.76 6754.48 890.588 2781.49 2609.08 1628.11 1104.27 980.974 1598.57 264.693 65.7203 4246.19 2126.73 2119.47 1829.27 316.32 615.39 886.545
internal_count=329296 218357 98088 73640 110939 120269 68134 52061 52017 32570 35564 47775 44989 72494 24448 37648 33333 21873 35915 11460 25796 5137 725 46560 20952 25608 23343 2786 18669 6719
cat_boundaries=0 1 2
cat_threshold=8 8
is_linear=0
shrinkage=0.04


Tree=38
num_leaves=31
num_cat=2
split_feature=0 4 1 21 22 22 1 17 16 22 20 46 20 37 23 21 10 22 19 26 25 22 6 19 46 25 25 36 19 6
split_gain=850.774 195.002 167.572 99.538 75.6509 73.2455 65.9529 50.7207 45.6729 39.2472 39.1106 39.0446 44.2617 41.72 38.6412 37.8909 36.458 35.0865 50.4603 32.199 31.2489 29.9541 28.7988 32.8006 33.6299 33.5696 46.6967 53.4201 29.6778 28.1723
threshold=2.554999947547913 2.2949999570846562 2.5349999666213994 74.264972686767592 0.11079758778214456 0.056081175804138191 1.3049999475479128 4.5000000000000009 1.5000000000000002 0.20991392433643344 159.00000000000003 0 79.000000000000014 69.806179046630874 1.0253182053565981 62.86541938781739 106.25000000000001 0.022006942890584472 167.50000000000003 4.5000000000000009 761.00000000000011 0.05077031813561917 111.25000000000001 190.50000000000003 1 298.37500000000006 451.12500000000006 0.054796537384390838 55.000000000000007 175.25000000000003
decision_type=10 2 10 10 10 8 8 10 2 8 2 1 2 8 10 10 2 10 10 2 2 8 2 10 1 2 2 10 10 2
left_child=1 3 4 6 21 -3 -1 9 29 11 15 12 -8 17 -9 -4 -14 18 -13 -16 -15 -2 23 -7 -25 -26 27 -27 -24 -5
right_child=2 5 10 8 -6 22 7 14 -10 -11 -12 13 16 20 19 -17 -18 -19 -20 -21 -22 -23 28 24 25 26 -28 -29 -30 -31
leaf_value=0.012702065006646033 -0.023766254606740533 -0.019150631696876554 0.058393565359035428 -0.0096887439792074249 0.0028970976273315391 -0.0015169795028409034 0.020577069089088403 -0.020488367152269583 0.017295718334410598 0.011549804188598634 -0.030212598389569665 0.13878389336236657 -0.00038022011122744329 0.012796625277630029 -0.00057172246013358682 -0.01556784225181713 0.031917786624293558 0.0037780789049761242 -0.014213504996082293 0.078143104945940206 0.056083678240020626 -0.010423217786080271 0.0094316504046544763 -0.0062662228180764088 0.0034688310432177643 0.023499842784313697 0.024514108391016309 0.16977795351950506 -0.016061774357628254 0.023422014719989181
leaf_weight=2495.2301248274744 434.98074642475694 592.22163036605343 10.758843740448354 967.43064279574901 519.05791779700667 1011.1169741689228 182.02835626900196 179.9227352887392 124.5003051776439 1768.1738273575902 1413.3037271955982 6.4083163775503618 2753.4357714569196 1160.9861120199785 625.49411398544908 193.87701107142493 56.075918270274997 1881.7021217066795 6.0576574224978685 7.4259945489466181 26.478716284036636 716.79395620292053 89.970334645360708 43.956984721124172 27.796020555309951 7.2583364807069328 25.741399088874459 9.2621287256479246 371.50862826034427 41.940654751844704
leaf_count=20575 15078 17605 248 20390 10650 20116 1250 5194 1213 23954 63409 76 32812 14001 8036 7264 402 25751 95 47 210 27014 1918 834 671 94 353 117 8810 946
internal_value=-0.000308742 0.00386728 -0.0186693 0.00582369 -0.00977173 -0.00715789 0.00697215 0.00531833 -0.00546185 0.00630445 -0.0278435 0.00477498 0.00151732 0.0079346 -0.00418577 -0.0113948 0.00027413 0.00424281 0.0686056 0.000467334 0.0138116 -0.0154821 -0.0026697 0.000780292 0.021024 0.0380504 0.0600967 0.110748 -0.0110733 -0.00828717
internal_weight=17750.9 14462.1 3288.77 12283.3 1670.83 2178.83 11149.4 8654.19 1133.87 7841.35 1617.94 6073.17 2991.54 3081.63 812.843 204.636 2809.51 1894.17 12.466 632.92 1187.46 1151.77 1586.61 1125.13 114.015 70.0579 42.2619 16.5205 461.479 1009.37
internal_count=329133 205470 123663 154952 52742 50518 132403 111828 22549 98551 70921 74597 34464 40133 13277 7512 33214 25922 171 8083 14211 42092 32913 22185 2069 1235 564 211 10728 21336
cat_boundaries=0 1 2
cat_threshold=4 4
is_linear=0
shrinkage=0.04


Tree=39
num_leaves=31
num_cat=1
split_feature=4 22 0 4 4 35 22 19 10 46 4 5 5 29 21 6 19 25 25 23 21 14 0 8 2 25 14 26 30 21
split_gain=823.617 173.888 137.021 111.315 96.718 74.8785 66.0251 61.5552 50.9662 49.3321 48.7745 47.3168 45.4072 41.8026 39.6764 39.5544 34.6383 38.4961 60.411 32.3595 32.076 30.6338 30.193 28.3971 26.6243 26.4447 26.3866 28.9616 34.4859 25.9957
threshold=2.4550000429153447 0.021463197655975822 2.3850001096725468 2.7549999952316289 0.78499999642372142 12.750000000000002 0.039185304194688804 9.5000000000000018 24.250000000000004 0 1.8149999976158144 35.500000000000007 32.500000000000007 11.750000000000002 62.679374694824226 84.250000000000014 167.50000000000003 503.87500000000006 159.37500000000003 1.0056059360504153 58.984338760375984 92.125000000000014 1.825000047683716 222.25000000000003 -0.10500000044703482 709.87500000000011 90.15000152587892 1.5000000000000002 0.14917512238025668 67.69885635375978
decision_type=2 8 10 2 2 2 8 10 2 1 2 2 2 2 8 2 10 2 2 8 8 10 8 2 10 2 10 2 10 8
left_child=1 22 5 6 23 8 -2 21 13 14 -10 -11 29 25 -9 -6 26 18 -18 -15 -5 -7 -1 -4 -20 -3 27 -16 -29 -8
right_child=3 2 4 20 15 7 12 9 10 11 -12 -13 -14 19 16 -17 17 -19 24 -21 -22 -23 -24 -25 -26 -27 -28 28 -30 -31
leaf_value=-0.0046517221431786803 -0.028317872492710928 -0.0017493140231745474 -0.021722014980127415 0.02722131631872847 0.0066722819513266298 -0.0034965616842417531 0.0078370677260197839 0.0110499089724781 0.02492576430791292 0.013219375147714124 0.01072937837058819 0.0021993767460427804 -0.01712882158425846 -0.011116693290931902 -0.0038256219007255163 -0.0065970456206431161 0.00019597205024035743 -0.012144156542322617 0.0160176589698897 0.01017362627688879 -0.028757674861718537 -0.023743811445012884 -0.023825395202027467 0.033171325676536474 0.042419232212774168 0.044885108475719644 -0.011232108862132118 0.0026855900860185862 0.032255740262475255 -0.0076841553330116901
leaf_weight=197.51044785324484 328.58971019973978 872.87663353327662 503.04453134909272 15.766804622486232 719.28564070025459 550.82590677030385 280.44365100841969 574.42608728259802 552.36202672682703 1540.6415078565478 1307.7790153678507 1049.0626862673089 524.28290750365704 118.42815317586064 1159.3514890857041 716.4414129559882 401.89878688100725 147.29718333110213 206.1906416900456 2633.7738528558984 1324.1356006367132 152.13031584024429 398.52668776828796 14.628986394964157 87.913865018635988 18.896166644990444 501.11976083740592 304.52861431706697 78.799686536192894 445.34825164498761
leaf_count=3131 12766 12048 16889 564 12889 8287 6426 4858 4145 19893 13273 15446 18739 3371 13103 17409 8561 1381 2272 27811 62509 3832 10508 257 904 206 7650 5258 529 14080
internal_value=-0.000177961 0.00364997 0.00453832 -0.0195955 -0.00529752 0.00610632 -0.0123817 0.00328252 0.00956951 0.00458466 0.0149582 0.0087594 -0.00817025 0.00681429 0.00145858 4.79946e-05 -0.000451517 0.00636311 0.0102974 0.00925234 -0.0280762 -0.00791156 -0.0174969 -0.0201021 0.0240402 -0.000707507 -0.00326702 -0.000671476 0.00884276 -0.00167877
internal_weight=17726.3 14807.7 14211.7 2918.57 1953.4 12258.3 1578.66 6754.19 5504.12 6051.23 1860.14 2589.7 1250.07 3643.97 3461.53 1435.73 2887.1 843.3 696.003 2752.2 1339.9 702.956 596.037 517.674 294.105 891.773 2043.8 1542.68 383.328 725.792
internal_count=328995 213911 200272 115084 47444 152828 52011 91974 60854 79855 17418 35339 39245 43436 44516 30298 39658 13118 11737 31182 63073 12119 13639 17146 3176 12254 26540 18890 5787 20506
cat_boundaries=0 1
cat_threshold=4
is_linear=0
shrinkage=0.04


Tree=40
num_leaves=31
num_cat=1
split_feature=0 1 21 22 17 1 9 14 22 19 22 11 16 1 5 20 11 21 43 25 21 22 11 15 5 25 11 0 21 21
split_gain=771.803 238.65 128.061 107.431 87.7028 85.5918 69.7296 72.2091 61.8393 51.8071 46.9687 46.4314 45.8098 44.6012 44.4306 49.3118 42.7746 41.6323 35.2922 37.8466 36.3825 32.2035 32.1754 32.0633 32.6453 32.0107 30.9304 29.6609 29.6262 29.0888
threshold=2.7549999952316289 2.2549999952316289 77.668823242187514 0.069250028580427184 4.5000000000000009 2.4650000333786015 3.5000000000000004 88.220001220703139 0.13179826736450198 21.500000000000004 0.20523230731487277 0.10008787363767625 3.5000000000000004 1.8949999809265139 31.500000000000004 218.00000000000003 0.28582468628883367 73.370883941650405 0 688.25000000000011 61.299716949462898 0.13342235982418063 0.041715005412697799 2.5000000000000004 33.500000000000007 260.25000000000006 0.10008787363767625 2.6450001001358037 59.879467010498054 61.479637145996101
decision_type=10 10 10 10 10 8 2 8 10 10 8 10 2 8 2 2 10 8 9 2 10 8 10 2 2 2 10 8 8 10
left_child=1 2 4 11 6 -2 7 26 17 -9 18 -3 -12 -11 15 -5 -4 -6 -8 20 -20 -7 -16 -22 -25 -17 -1 -10 -15 -26
right_child=5 3 16 14 8 21 10 9 27 13 12 -13 -14 28 22 25 -18 -19 19 -21 23 -23 -24 24 29 -27 -28 -29 -30 -31
leaf_value=0.01094392543237185 -0.0089294082879260803 -0.021453575878553312 -0.018642994953603702 0.00089994885330748362 -0.004011572115905979 -0.031019176011227119 0.011818648804744687 -0.019661232121683348 0.012752321937537184 0.015102475705145882 0.01908114829559085 -0.005246594090254411 -0.010563834460837996 0.017691637089310562 -0.017959075937175686 0.0056913842187459353 0.0088947676816861897 -0.024803111891286807 -0.018774954736102325 0.030894946904879643 -0.0046359103082209288 -0.015277254554741847 -0.0025401476212359476 0.013613413379356922 0.0681154088953774 0.043212486088119326 0.0017704556220230505 0.070920060656941147 -0.0040223166185070873 0.0012046501006302132
leaf_weight=1850.1190250325017 479.12387514626607 816.58968851249665 453.11592446640134 1104.5960573125631 762.59910408593714 1251.8232988435775 2362.0709863025695 233.766968105454 146.64109722338617 275.16567950742319 1211.3855153024197 434.78445120994002 88.76524693518877 107.5181136354804 319.53233325807378 69.601707864552736 111.7752917939797 192.5311867473647 108.54791729897261 84.063620839267969 440.18516253214329 254.30850586295128 671.11227302299812 747.51102985069156 9.5346175357699376 76.674155483022332 864.18521936610341 14.674125160090624 1360.3838958311826 814.82215374428779
leaf_count=28054 12414 29137 11030 18974 11861 59627 22980 5658 1333 3961 13470 8031 500 991 9499 1877 1509 5622 930 552 4770 14428 10756 7274 63 1048 9921 115 23978 8617
internal_value=-0.000196008 0.00276994 0.0054019 -0.00645041 0.00630246 -0.0236914 0.00742997 0.00379213 -0.00435371 -0.00202094 0.010337 -0.0158344 0.0170476 0.00035247 -0.00120509 0.00380334 -0.0131809 -0.00822839 0.00842225 0.00470293 0.00367085 -0.0283757 -0.00753065 0.00489249 0.00756462 0.025546 0.00802646 0.0184726 -0.00241817 0.00206499
internal_weight=17717.5 15732.3 12239.4 3492.89 11674.5 1985.26 10558 4691.14 1116.45 1976.83 5866.89 1251.37 1300.15 1743.07 2241.52 1250.87 564.891 955.13 4566.74 2204.66 2120.6 1506.13 990.645 2012.05 1571.87 146.276 2714.3 161.315 1467.9 824.357
internal_count=328980 242511 163189 79322 150650 86469 131719 72563 18931 34588 59156 37168 13970 28930 42154 21899 12539 17483 45186 22206 21654 74055 20255 20724 15954 2925 37975 1448 24969 8680
cat_boundaries=0 1
cat_threshold=48
is_linear=0
shrinkage=0.04


Tree=41
num_leaves=31
num_cat=1
split_feature=4 11 22 22 17 0 44 21 4 0 12 0 2 22 21 19 31 22 0 22 21 23 25 21 6 22 19 20 30 4
split_gain=719.981 189.082 154.479 81.0067 79.8105 71.9577 51.5963 43.0724 42.8352 40.1334 49.5305 37.5736 37.5584 36.3492 32.4812 32.3375 35.0293 30.5459 31.5842 29.3371 40.4142 36.8306 27.9363 27.1045 27.0066 26.4812 45.215 25.5865 25.1897 25.0753
threshold=2.5049999952316289 0.1464030519127846 0.043093513697385795 0.10160964727401735 4.5000000000000009 2.8850001096725468 0 73.370883941650405 2.745000004768372 0.81499999761581432 2.5000000000000004 3.1049998998641972 0.59499999880790722 0.10333079844713212 67.991352081298842 7.5000000000000009 74.054920196533217 0.018888808786869053 1.9950000047683718 0.19378543645143512 61.299716949462898 1.1967639923095705 283.12500000000006 71.156574249267592 93.250000000000014 0.10389413684606554 170.50000000000003 79.000000000000014 0.094356942921876921 2.1550000905990605
decision_type=2 10 8 10 10 10 9 8 2 10 8 10 8 8 10 10 8 10 8 10 10 10 2 10 2 10 8 2 10 2
left_child=1 2 17 8 9 6 13 -6 24 -3 27 12 25 -4 -8 -12 19 -1 -19 20 -17 29 -18 -15 -2 26 -5 -11 -25 -22
right_child=3 4 5 11 7 -7 14 -9 -10 10 15 -13 -14 23 -16 16 22 18 -20 -21 21 -23 -24 28 -26 -27 -28 -29 -30 -31
leaf_value=-0.026844152712894469 -0.010659841917603628 0.014641297219310869 -0.0035566716584490114 -0.006018130230543605 0.00099571120867804797 -0.020944048300037228 0.022201985614151085 -0.019367052819906357 -0.03058871206206374 0.013622108380333415 -0.0062562777554060756 -0.027187196810385176 0.012510176930071172 0.0026260066732020698 0.0023263040358400358 -0.025237010675510489 0.015827426330022331 0.0029152464803442013 -0.015966400101687511 0.015092374194011582 0.010147387312424845 -0.0092894242370540874 0.044220254403218445 0.057693170290164249 -0.025766739692436653 -0.012569891876241687 0.12372176002626642 -0.0053220086979105553 0.0096517783023899201 0.0013625007381813839
leaf_weight=285.65392766008154 403.54503288306296 1454.3813997441903 2120.219610078726 13.259042698889973 706.95066058821976 232.40149477683008 304.82827996276319 216.13088665530086 959.439103721641 136.8106837682426 220.25911842286587 146.35940414154902 151.70413400558755 3054.1197776636109 232.16909307427704 60.93073764257133 282.2171066114679 184.44606235809624 602.57684364402667 846.53735293634236 2596.9861908853054 199.19524471089244 69.164079148322344 26.13063165359199 362.10932568367571 423.6356187062338 5.2628800757229319 660.1077460963279 51.205991804599762 651.70596367958933
leaf_count=8081 15180 11127 42648 456 8750 9213 3205 4997 49742 937 2999 6545 3941 46367 3262 558 6179 3805 19635 6674 26295 1282 653 283 15462 13580 153 7627 472 8789
internal_value=-0.000146898 0.0031064 -0.00166149 -0.0201935 0.00728145 0.000830189 0.00170853 -0.00378351 -0.0249437 0.00870522 0.00719393 -0.0090992 -0.00459641 0.000484813 0.0133877 0.00869031 0.00939179 -0.0156391 -0.0115382 0.00840629 0.00678823 0.00736249 0.0215371 0.00322427 -0.017834 -0.0104897 0.0350909 -0.00205178 0.0264644 0.00838728
internal_weight=17660.4 15195.1 7093.75 2465.31 8101.38 6021.07 5788.67 923.082 1725.09 7178.3 5723.91 740.221 593.862 5251.68 536.997 4927 4706.74 1072.68 787.023 4355.36 3508.82 3447.89 351.381 3131.46 765.654 442.158 18.5219 796.918 77.3366 3248.69
internal_count=328897 223838 136971 105059 86867 105450 96237 13747 80384 73120 61993 24675 18130 89770 6467 53429 50430 31521 23440 43598 36924 36366 6832 47122 30642 14189 609 8564 755 35084
cat_boundaries=0 1
cat_threshold=8
is_linear=0
shrinkage=0.04


Tree=42
num_leaves=31
num_cat=1
split_feature=4 1 22 21 22 4 0 0 10 17 42 17 6 22 2 20 25 24 25 9 0 5 30 16 0 14 22 21 25 6
split_gain=684.705 192.834 110.07 87.2271 73.7995 73.6901 48.9864 48.1854 48.1079 45.7483 46.2373 42.4984 40.6842 39.4339 38.0868 36.1324 35.1563 52.7981 40.8591 34.2691 32.3643 29.8792 29.9963 29.4522 39.2866 36.1228 32.4193 29.3242 37.7504 29.0327
threshold=2.5449999570846562 2.1750000715255742 0.043093513697385795 74.264972686767592 0.075033884495496764 0.89499998092651378 3.0049999952316289 1.0049999952316286 5.5000000000000009 3.5000000000000004 0 4.5000000000000009 53.500000000000007 0.13179826736450198 0.56499999761581432 218.00000000000003 303.25000000000006 0.082305092364549651 496.37500000000006 12.500000000000002 1.8450000286102297 56.500000000000007 0.063626419752836241 1.5000000000000002 1.9650000333786013 77.424999237060561 0.14340715855360034 73.963012695312514 260.25000000000006 175.25000000000003
decision_type=2 10 10 10 10 2 10 8 2 10 9 10 2 10 8 2 2 10 2 2 10 2 10 2 8 10 10 10 2 2
left_child=1 3 20 7 -2 21 14 -1 -5 10 -10 19 -7 -13 27 -14 -17 18 -18 23 -3 -4 -23 24 26 -26 -9 -6 -29 -11
right_child=4 2 5 8 6 12 -8 11 9 29 -12 13 15 -15 -16 16 17 -19 -20 -21 -22 22 -24 -25 25 -27 -28 28 -30 -31
leaf_value=0.012129986498543122 -0.028309736297932382 -0.002975480778113966 -0.017213795704998855 -0.016974683453300391 -0.014154914754652193 0.008680508794901955 -0.026840010693269706 0.0079397569921894721 -0.0041610080381002425 -0.017527167730908576 0.021691543545607653 -0.0076394789176803335 -0.0049238048009455056 0.017501975840754483 0.0081597647590198226 -0.0030099425162373001 0.082317793760114527 0.0053964451199156353 0.014610918168618108 0.011888754414211861 -0.024072443539228962 -0.025086786216993232 0.056167981659782366 -0.0012151989110817107 0.0089278317785524315 0.0010512359787535751 0.021274722170421971 -0.018040588129241582 0.13922305749123354 0.027201867981024308
leaf_weight=1946.4933209642768 1121.0308692050166 149.38413205929101 526.49969971971586 378.80532875517383 562.30782776372507 774.08089042035863 312.61308298725635 1055.0852446779609 225.51837522722781 223.73958721477538 215.49016260076314 652.97532076900825 1484.1218701307662 116.76249927468598 177.48846261575818 167.93042998062447 32.496225801296532 100.71428683586419 26.017610771581531 1331.0732879135758 537.3448872747831 11.242033299058678 17.247403004206717 1071.6017103157938 1482.0576061084867 2509.8752198130824 404.481355054304 4.6911341766826791 3.6073726769536734 24.932789756450802
leaf_count=15798 57154 2719 13502 9965 19930 10892 15172 12837 3753 4920 2982 12410 26932 1094 5055 4292 457 1157 315 13676 18512 330 290 9812 19781 41069 3447 138 76 512
internal_value=-0.000177207 0.00278223 -0.00500539 0.0053435 -0.0211496 -0.00182925 -0.013559 0.00644464 -0.00554214 0.000746847 0.00848278 0.00515969 0.00100997 -0.00380279 -0.00797545 -0.00226893 0.00974076 0.0231481 0.0530312 0.00603893 -0.0195 -0.0150407 0.0242055 0.00484299 0.00603459 0.00397803 0.01165 -0.0130068 0.0575126 -0.0129355
internal_weight=17647.7 15466 3827.08 11638.9 2181.74 3140.35 1060.71 10570.4 1068.49 689.681 441.009 8623.91 2585.36 769.738 748.095 1811.28 327.159 159.228 58.5138 7854.17 686.729 554.989 28.4894 6523.1 5451.5 3991.93 1459.57 570.606 8.29851 248.672
internal_count=328979 231454 79398 152056 97525 58167 40371 129924 22132 12167 6735 114126 44045 13504 25199 33153 6221 1929 772 100622 21231 14122 620 86946 77134 60850 16284 20144 214 5432
cat_boundaries=0 1
cat_threshold=4
is_linear=0
shrinkage=0.04


Tree=43
num_leaves=31
num_cat=0
split_feature=4 11 22 35 4 5 22 21 0 21 0 10 14 11 16 20 19 22 19 20 20 7 0 19 33 35 25 21 5 22
split_gain=651.093 197.725 128.024 72.4651 64.1252 71.0005 52.4825 51.8433 44.6652 43.3312 39.7422 39.1416 56.6362 42.8176 38.6874 35.8819 33.4928 36.4455 33.434 32.4358 32.2969 31.4812 28.9858 27.9613 25.7678 25.0303 40.5177 25.0186 27.433 24.3234
threshold=2.6250000000000004 0.14313399791717532 0.050097424536943443 13.250000000000002 1.4750000238418581 33.500000000000007 0.069668810814619078 76.35651016235353 2.0949999094009404 82.352401733398452 3.1049998998641972 12.250000000000002 94.430000305175795 0.55588430166244518 1.5000000000000002 218.00000000000003 49.500000000000007 0.1830505654215813 52.500000000000007 79.000000000000014 177.50000000000003 64.500000000000014 2.804999947547913 9.5000000000000018 3.0128875970840459 8.7500000000000018 667.37500000000011 65.274761199951186 53.500000000000007 0.057272940874099738
decision_type=2 8 8 2 2 2 8 10 8 10 10 2 10 10 2 2 8 10 8 2 2 2 8 10 10 2 2 10 2 10
left_child=1 2 8 11 21 15 -2 23 -1 10 -8 12 14 25 18 -6 17 -7 -3 -16 -10 22 -4 24 -5 26 -13 28 -19 -9
right_child=6 3 4 7 5 16 9 29 20 -11 -12 13 -14 -15 19 -17 -18 27 -20 -21 -22 -23 -24 -25 -26 -27 -28 -29 -30 -31
leaf_value=-0.0042151052483639104 -0.030658551177971761 0.0057896051942940112 -0.0087308159202970914 -0.010233535368850615 0.0046056840639196366 0.00015942935165458414 -0.011981988548191949 -0.015945049359885801 -0.0054219115048267496 0.10715322193118076 -0.030378468420365932 0.0030592183770427081 -0.0077501330347969155 0.025965748787717697 0.0163487926016446 0.020776685108584957 -0.0078626499931382741 0.049721338225528572 0.019551180667694529 -0.0066121061179350137 -0.024859654572525397 0.028578112206648243 -0.028796907519439509 0.0041561814557429435 0.022402350254056486 0.012509564054596528 0.035842837327893701 0.085862835480807281 -0.01418257716173766 0.046946309191676409
leaf_weight=396.75232712738216 818.86474279174581 620.91555064357817 552.77471982920542 366.63386640325189 1804.6562573057599 195.98505311785266 657.03107847692445 295.22103409003466 176.14159796619788 3.5079219080507746 264.51425983756781 1012.8561358815059 470.91932842321694 293.69676722679287 129.35357553511858 249.40788171393797 1175.4874442471191 22.946070590056479 520.84138265717775 400.84863391146064 630.37772344844416 29.498335471376777 145.50302456784993 4052.6005655145273 42.254333212971687 2145.2923874612898 63.202851943671703 12.031997241079806 18.724349526688457 9.1993392044678313
leaf_count=8699 41427 7495 11032 5752 32300 4397 27179 6515 5025 52 15061 11169 7326 2222 841 4856 26560 285 6693 3874 24273 416 6619 47079 546 19858 445 123 213 156
internal_value=-8.1837e-05 0.00247328 -0.00373019 0.0056935 -0.000437327 0.0018211 -0.0232717 0.00205791 -0.0152298 -0.0167025 -0.0172939 0.00875429 0.00448714 0.0113525 0.00793882 0.00658029 -0.00503518 0.00823838 0.0120824 -0.000982568 -0.0206314 -0.0112273 -0.012953 0.00314943 -0.00680477 0.0100113 0.00501998 0.0371072 0.0212533 -0.0138839
internal_weight=17578 15834.1 5410.29 10423.8 4207.02 3479.24 1743.92 4765.91 1203.27 925.053 921.545 5657.93 2142.88 3515.05 1671.96 2054.06 1425.17 249.687 1141.76 530.202 806.519 727.776 698.278 4461.49 408.888 3221.35 1076.06 53.7024 41.6704 304.42
internal_count=328488 244769 124798 119971 86801 68734 83719 60048 37997 42292 42240 59923 26229 33694 18903 37156 31578 5018 14188 4715 29298 18067 17651 53377 6298 31472 11614 621 498 6671
is_linear=0
shrinkage=0.04


Tree=44
num_leaves=31
num_cat=1
split_feature=0 4 1 22 4 14 17 6 20 37 14 43 15 21 21 21 22 16 22 6 23 21 31 19 39 1 20 4 21 17
split_gain=638.237 155.816 110.965 89.8412 71.3168 106.91 73.5322 63.2116 50.4239 41.8602 41.7504 39.1744 40.8949 57.8299 116.529 38.0635 37.5507 37.1767 37.111 34.4736 33.7586 33.7252 32.8195 30.3269 27.7486 26.5455 26.422 26.3553 25.449 27.1081
threshold=2.6550000905990605 2.2050000429153447 2.5349999666213994 0.056081175804138191 1.0000000180025095e-35 87.045001983642592 4.5000000000000009 1.0000000180025095e-35 177.50000000000003 69.806179046630874 87.045001983642592 0 3.5000000000000004 67.314323425292983 67.353210449218764 67.991352081298842 0.13668338954448703 1.5000000000000002 0.10333079844713212 215.25000000000003 1.1474990844726565 69.403285980224624 68.36496734619142 21.500000000000004 2.1264816522598271 2.0049999952316289 159.00000000000003 2.0249999761581425 79.423103332519545 3.5000000000000004
decision_type=10 2 10 8 2 10 8 2 2 8 8 9 2 8 8 8 10 2 10 2 10 8 10 10 10 8 2 2 10 10
left_child=1 4 10 8 5 7 9 22 -3 16 -2 12 -5 -14 -15 -8 -6 27 -13 20 -7 -16 -1 -11 -22 -10 -4 -18 29 -25
right_child=2 3 26 11 6 19 15 -9 25 23 -12 18 13 14 21 -17 17 -19 -20 -21 24 -23 -24 28 -26 -27 -28 -29 -30 -31
leaf_value=0.015833956872814674 -0.0021391755057817677 0.0015244051611767013 -0.012349511144039349 -0.010960654735732463 0.0029606338165800617 -0.012444195387671018 0.0064300159945085335 -0.0034838497617865074 -0.0054290982554241075 0.00034597214181962673 -0.017336314987944329 -0.0032613542506007881 -0.0077542051418582284 0.15946866248046782 -0.009938753360419229 -0.0096571420199896424 0.021383575559444694 0.0052154682374781951 0.0093373007695009714 0.064772798130820083 0.0054242534961344829 0.030503050666682317 -0.00069751019123992161 0.017063884204682536 -0.020258722841520718 -0.024557260064949619 -0.029936138793356371 0.0084696571364750416 -0.0149963491991184 0.0057344650547374657
leaf_weight=894.84865184314549 526.7536907279864 217.69711806299165 159.61775751039386 849.57687129778787 2589.5391965378076 1017.7473791521043 390.09506468009204 630.47828146489337 148.71060037333518 285.32635853439569 643.1225149249658 690.26344279339537 225.21321944892406 8.5816628630273026 52.950509952846915 589.46792565565556 568.4840619713068 1184.5825512073934 813.8307767668739 9.3689631186425668 366.89008901827037 84.345190277788788 243.92201393470168 1734.6355218645185 81.368800593540072 548.94989974517375 1082.2608570624143 460.98061840888113 45.803427900187671 422.68821968883276
leaf_count=9968 15409 5056 6775 18650 29005 22037 4300 9092 3759 4038 26744 16747 4170 138 1078 10962 4357 9154 11739 126 3753 1944 3029 18350 1049 19757 57024 4628 789 5384
internal_value=-0.000255344 0.00278609 -0.0193637 -0.00442631 0.00506636 3.91282e-05 0.00703762 0.00666913 -0.0152612 0.00841993 -0.0105047 -0.000780719 -0.00607463 0.00493686 0.0244766 -0.00324659 0.00623476 0.0100593 0.00353104 -0.0079079 -0.00841895 0.0149179 0.0122919 0.0126323 0.000718611 -0.0204993 -0.0276907 0.0156186 0.0142208 0.0148496
internal_weight=17568.1 15156.3 2411.75 3640.12 11516.2 3244.62 8271.6 1769.25 915.358 7292.04 1169.88 2724.76 1220.67 371.091 145.877 979.563 4803.59 2214.05 1504.09 1475.38 1466.01 137.296 1138.77 2488.45 448.259 697.661 1241.88 1029.46 2203.13 2157.32
internal_count=329011 223059 105952 83038 140021 49054 90967 22089 28572 75705 42153 54466 25980 7330 3160 15262 47144 18139 28486 26965 26839 3022 12997 28561 4802 23516 63799 8985 24523 23734
cat_boundaries=0 1
cat_threshold=104
is_linear=0
shrinkage=0.04


Tree=45
num_leaves=31
num_cat=1
split_feature=11 22 21 4 4 6 16 4 10 17 6 7 20 22 33 15 21 25 22 25 21 46 25 16 11 31 21 30 23 19
split_gain=597.763 145.315 97.8182 74.2793 70.1407 55.3834 44.5383 39.701 37.9557 37.6846 36.8049 37.0848 36.3013 35.2125 34.5739 34.2112 33.8921 32.2093 32.011 66.5963 46.7738 30.1826 28.9855 27.9066 27.0623 27.8752 26.7253 26.6796 32.8235 37.0015
threshold=0.042603610083460815 0.07651377841830255 74.264972686767592 2.7250000238418584 2.1650000810623173 52.500000000000007 1.5000000000000002 2.7549999952316289 14.750000000000002 3.5000000000000004 85.500000000000014 44.500000000000007 79.000000000000014 0.11079758778214456 3.245531558990479 2.5000000000000004 82.352401733398452 688.25000000000011 0.013385057449340822 421.50000000000006 78.164516448974624 0 468.75000000000006 2.5000000000000004 0.1282736882567406 77.393825531005874 76.225658416748061 0.07432029023766519 1.0404490828514101 163.50000000000003
decision_type=8 8 10 2 2 2 2 2 2 8 2 2 2 10 8 2 10 2 10 2 10 1 2 2 10 10 10 8 10 10
left_child=1 7 4 5 8 13 15 -1 12 -6 11 21 14 -3 -2 -4 -5 22 -17 24 -21 -10 27 -14 -20 -26 -7 28 -12 -30
right_child=2 3 6 16 9 26 -8 -9 10 -11 17 -13 23 -15 -16 18 -18 -19 19 20 -22 -23 -24 -25 25 -27 -28 -29 29 -31
leaf_value=-0.019083944478547984 0.024999354849794018 -0.0038869040850667892 -0.017523748864008037 -0.020844709223979626 0.0024511381794445897 -0.010336458039342744 0.0152567779520943 -0.032289260289715856 0.014805898893416623 -0.0070551913833116287 0.00037582698589087485 0.019557699364249639 0.002617478448835009 0.015636922126316451 0.004865742704253476 -0.027072669172665178 0.11313203164112644 0.026477132273481852 -0.011715768877140674 0.012558092087090756 0.10873259177617094 0.0046775024771850918 -0.0043533985995989032 -0.020476708976780996 0.0012558781885459022 0.04521744434464775 0.097652885251268723 0.0037939177547461657 -0.0015973916273976214 0.02900143999422285
leaf_weight=988.46669748099521 226.84360449947417 272.3841789001599 475.1108362339437 528.27182255731896 1958.5000133421272 722.24178478959948 131.4424864500761 586.63395782792941 812.77332587167621 1010.5314818904735 179.90844381041825 724.57995468564332 3800.8661479051225 320.65528073860332 343.43370324373245 82.280324948951602 2.0520942099392405 108.52661033719778 322.0388396717608 19.450513601303101 13.375442016869782 1124.1468560434878 497.7245867177844 84.579274103045464 268.92753581143916 24.275801502168179 2.6869486905634394 1598.5185642018914 83.308940880000591 256.94253520388156
leaf_count=39935 1802 7933 12323 28329 32387 21278 1296 33072 6610 22397 2926 6840 51124 6283 1993 2008 26 708 8686 332 200 9218 3757 708 4638 428 48 18780 834 2274
internal_value=-0.000100749 -0.0150967 0.00352833 -0.00747955 0.00460302 -0.00238416 -0.00676288 -0.0240221 0.00622852 -0.00078435 0.00848818 0.0118348 0.00349467 0.00667141 0.0129112 -0.00917786 -0.0201068 0.00521483 -0.00372663 -0.000719257 0.0539201 0.00893511 0.00432158 0.00210859 -0.00372377 0.0050506 -0.00979672 0.0063625 0.014226 0.021515
internal_weight=17571.5 3423.39 14148.1 1848.29 12811.2 1317.97 1336.9 1575.1 9842.15 2969.03 5386.43 2661.5 4455.72 593.039 570.277 1205.46 530.324 2724.93 730.348 648.068 32.826 1936.92 2616.4 3885.45 615.242 293.203 724.929 2118.68 520.16 340.251
internal_count=329173 136904 192269 63897 162358 35542 29911 73007 107574 54784 51947 22668 55627 14216 3795 28615 28355 29279 16292 14284 532 15828 28571 51832 13752 5066 21326 24814 6034 3108
cat_boundaries=0 1
cat_threshold=8
is_linear=0
shrinkage=0.04


Tree=46
num_leaves=31
num_cat=2
split_feature=4 0 22 21 22 21 4 17 25 22 46 23 0 11 11 11 46 14 0 15 19 37 4 23 23 21 20 2 11 21
split_gain=559.876 155.587 101.103 67.7967 59.6408 54.3406 50.576 54.4327 47.822 64.0985 46.44 43.2326 38.3786 34.5323 33.3041 28.7804 28.7636 29.9815 39.7253 39.0485 28.1769 28.3882 28.0745 23.5634 27.0379 25.9887 25.1217 22.1103 22.0487 21.9488
threshold=2.6149998903274541 2.2749999761581425 0.05077031813561917 68.981914520263686 0.075033884495496764 84.860710144042983 0.78499999642372142 2.5000000000000004 94.625000000000014 0.020953977480530742 0 1.0168398022651675 3.1049998998641972 0.036171836778521545 0.3714850395917893 0.44627264142036444 1 86.83499908447267 1.0000000180025095e-35 3.5000000000000004 49.500000000000007 70.828060150146499 2.1250000000000004 1.0275808572769167 1.0558205246925356 67.76965713500978 177.50000000000003 0.59499999880790722 0.014545646961778404 65.771884918212905
decision_type=2 10 8 10 8 10 2 10 2 10 1 10 10 10 10 10 1 10 10 2 10 10 2 10 10 10 2 8 10 10
left_child=1 3 13 16 -2 12 28 -8 10 15 11 -5 27 -3 -11 -10 23 18 -18 -19 -13 -22 -9 25 29 26 -1 -6 -4 -25
right_child=4 2 6 8 5 -7 7 22 9 14 -12 20 -14 -15 -16 -17 17 19 -20 -21 21 -23 -24 24 -26 -27 -28 -29 -30 -31
leaf_value=-0.0047256591785875355 -0.029743360492742083 -0.028479694849216516 -0.0232726745148551 -0.024972021345400264 -0.014666406587914229 0.15540462500821123 0.0072349909159323111 0.0081558195523304018 -0.013808860516636526 0.0045698334319196326 -0.010337830469423801 -0.0055137881480860794 -0.02915494165221023 -0.011164988978636851 0.019754912142868172 0.045355657110600599 0.012823327986087436 -0.0038271057001866737 0.003637282306410495 0.0095500931812888129 0.0044468773918623274 0.025631816334162644 -0.0080683081314133851 0.010171101578916247 0.0092399111814785457 -0.020851298622956035 0.014501184106773774 0.0021728480456334261 -0.0055701467823764022 0.029231974904203387
leaf_weight=209.72154586017132 828.36979308258742 305.15225402312353 210.13821319490671 79.327837937045842 450.0415861941874 2.0003162547945967 1090.9832454510033 206.42019614670426 352.81599253229797 1809.9765553832985 1029.620909769088 222.55148611869663 230.1997749498114 471.99074945831671 264.43206329829991 12.676055938936768 1130.6566924657673 1172.2836554422975 2261.985209622886 496.02670229226351 290.35345045430586 155.30727599002421 959.90335687529296 179.19657673500478 2196.8910086136311 70.351774501614273 223.47906513512135 171.59665843006223 244.57694242848083 215.1968005313538
leaf_count=2962 45260 13672 9176 3608 18385 22 19383 3146 7801 22334 17938 3658 14020 14142 1748 143 11633 15389 23067 6146 4012 2411 25586 1376 19293 1893 5615 7549 5091 2477
internal_value=-0.000155164 0.00217212 -0.0052864 0.00427601 -0.0220904 -0.0146349 -0.00163742 0.000814462 0.000157191 0.00379284 -0.00483134 0.00275134 -0.0152206 -0.0179968 0.00651604 -0.0116278 0.00640493 0.00454431 0.00670275 0.000151183 0.00608094 0.0118794 -0.00518895 0.00944385 0.0109822 0.00151349 0.00519441 -0.0100157 -0.0137929 0.0206292
internal_weight=17544.2 15862 3489.16 12372.9 1682.21 853.838 2712.02 2257.31 4217.06 2439.9 1777.16 747.54 851.838 777.143 2074.41 365.492 8155.79 5060.95 3392.64 1668.31 668.212 445.661 1166.32 3094.84 2591.28 503.552 433.201 621.638 454.715 394.393
internal_count=328936 243700 90196 153504 85236 39976 62382 48115 63653 32026 31627 13689 39954 27814 24082 7944 89851 56235 34700 21535 10081 6423 28732 33616 23146 10470 8577 25934 14267 3853
cat_boundaries=0 1 2
cat_threshold=8 8
is_linear=0
shrinkage=0.04


Tree=47
num_leaves=31
num_cat=1
split_feature=0 1 21 22 1 17 21 19 11 6 19 22 11 11 25 46 22 14 5 19 29 2 26 25 23 32 25 15 25 22
split_gain=529.251 169.722 89.3759 79.4184 78.9027 65.423 68.0144 51.9706 46.9179 39.7299 38.6814 37.2439 35.485 34.3401 33.7176 32.8775 32.6282 31.2512 30.3039 45.4277 29.4569 29.0104 28.614 26.1073 25.3464 32.7747 24.8373 26.1796 23.1217 25.4193
threshold=2.7549999952316289 2.2549999952316289 78.335498809814467 0.071012552827596678 2.5349999666213994 4.5000000000000009 73.370883941650405 10.500000000000002 0.34662610292434698 175.25000000000003 49.500000000000007 0.13179826736450198 0.042603610083460815 0.48429355025291448 396.25000000000006 0 0.16291666775941852 85.009998321533217 31.500000000000004 190.50000000000003 8.2500000000000018 0.14500000327825549 4.5000000000000009 99.625000000000014 1.0067822337150576 1.0495035648345949 46.125000000000007 3.5000000000000004 688.25000000000011 0.092042323201894774
decision_type=10 10 10 10 8 8 8 10 10 2 8 8 10 10 2 1 10 10 2 10 2 8 2 2 10 10 2 2 2 10
left_child=1 2 5 12 -2 7 22 17 15 13 16 -6 -3 -4 -11 21 -5 -1 19 -12 -10 -9 -7 -19 -23 26 -26 -28 -20 -30
right_child=4 3 9 10 11 6 -8 8 20 14 18 -13 -14 -15 -16 -17 -18 23 28 -21 -22 24 -24 -25 25 -27 27 -29 29 -31
leaf_value=0.002124747777361193 -0.0078443175243257928 -0.022352178757976456 -0.018424504123854379 0.0021191243443247523 -0.029840437855756567 -0.00033820569158029044 -0.025386746245072478 0.014830818211329809 -0.0026492942340609719 -0.0092985129201674007 -0.0028236502282305725 -0.011633032766250648 -0.008326062611825686 0.033891096793070764 0.082663151559781559 0.0036212666358140834 0.024864135177828463 -0.020214653297261204 -0.011434781590390432 0.022846469024636065 0.014462707018535676 -0.010614271892420913 0.071055892950060137 0.0031227303027465871 0.035195122316296491 0.0048208994791985645 0.0056336708475969765 0.043577076710024969 -0.021628269173354205 0.045963963647932891
leaf_weight=862.52027758490294 510.9579422515817 489.37436376558617 410.62463217834011 361.60463320091367 1008.711782339029 917.48761446308345 198.5518191200681 925.55940792988986 178.07876264583319 12.557296460494401 766.9611069150269 221.79785273037851 709.74772681761533 20.154984060674906 11.462808113545178 5003.3000806658529 139.34320336999372 222.02456853631884 746.09630044363439 127.78954836400226 1609.8699851967394 132.63752735080197 8.0701794698834401 116.11528586782515 101.61872513918206 1430.73585317377 194.80603406159207 33.382205714005977 13.386284371837972 22.751434987410903
leaf_count=10874 14860 21639 10133 7145 57306 13343 6168 10147 1458 294 13130 14206 16802 187 148 64175 1660 5972 16049 2472 12926 4622 44 1457 917 17042 2687 551 226 300
internal_value=-0.000168971 0.00214259 0.00430946 -0.00580486 -0.0210885 0.00497325 -0.00420592 0.00592839 0.00690871 -0.0130734 -0.00124945 -0.0265739 -0.0140675 -0.0158947 0.0359772 0.00557026 0.00849076 -0.00191392 -0.00416475 0.000859539 0.0127556 0.00902583 0.000355997 -0.0122034 0.00617938 0.00745217 0.0188057 0.0113679 -0.00991061 0.0209103
internal_weight=17508.1 15766.6 12389.6 3377.05 1741.47 11934.8 1124.11 10810.6 9609.99 454.8 2177.93 1230.51 1199.12 430.78 24.0201 7822.04 500.948 1200.66 1676.98 894.751 1787.95 2818.74 925.558 338.14 1893.18 1760.54 329.807 228.188 782.234 36.1377
internal_count=328940 242568 163145 79423 86372 152383 19555 132828 114525 10762 40982 71512 38441 10320 442 100141 8805 18303 32177 15602 14384 35966 13387 7429 25819 21197 4155 3238 16575 526
cat_boundaries=0 1
cat_threshold=8
is_linear=0
shrinkage=0.04


Tree=48
num_leaves=31
num_cat=0
split_feature=0 1 22 1 21 11 1 0 17 21 14 7 21 26 36 22 5 15 11 22 31 1 26 40 39 6 32 20 11 14
split_gain=509.662 147.514 80.1102 78.2163 75.2811 44.8303 43.943 39.2095 36.8353 41.7452 38.6802 48.9126 33.3468 31.6207 31.3782 30.9342 30.3204 35.3725 27.4471 26.0908 24.9455 24.892 24.4989 30.6565 31.0901 30.5239 50.0952 42.1484 35.9101 24.339
threshold=2.7549999952316289 2.1750000715255742 0.043093513697385795 2.7150000333786015 77.35693740844728 0.047675872221589095 0.43500000238418585 1.0049999952316286 4.5000000000000009 73.370883941650405 94.33499908447267 6.5000000000000009 59.879467010498054 4.5000000000000009 0.28382939100265508 0.11079758778214456 26.500000000000004 3.5000000000000004 0.031298981979489333 0.057272940874099738 72.765914916992202 1.8450000286102297 1.5000000000000002 0.19374524801969531 1.5346660614013674 8.5000000000000018 1.1146510243415835 179.00000000000003 0.55588430166244518 83.979999542236342
decision_type=10 10 10 10 10 10 8 8 10 8 8 2 8 2 8 10 2 2 10 10 10 8 2 10 10 2 10 2 8 10
left_child=1 4 18 15 7 16 -6 -1 10 13 20 12 -12 -10 19 21 17 29 -3 -8 22 -2 25 -24 -25 26 28 -28 -9 -4
right_child=3 2 5 -5 6 -7 14 8 9 -11 11 -13 -14 -15 -16 -17 -18 -19 -20 -21 -22 -23 23 24 -26 -27 27 -29 -30 -31
leaf_value=0.0099310008075439056 0.00068842340327380906 -0.027202831067765769 0.006256829491220574 -0.03002350801842172 0.028500172782057326 0.0010978723834886767 -0.016361904307154632 -0.013002877418003569 -0.001294184537479958 -0.024818331035697971 0.018600981065292146 0.0055764925653177958 -0.011262869581957959 0.073590628148956519 0.074784894612792169 -0.0012892464765746029 -0.01466169188678605 0.027817820806175435 -0.010736569549216016 0.038674597912379441 0.017127107085177208 -0.02095607214595244 0.0054553365078321946 0.064659996400302747 0.016615900382281369 0.0056344268726167112 -0.018018390173996372 0.0096553038330958983 0.014931319897777091 -0.013963245611813979
leaf_weight=2076.6632071109489 100.21732029505074 259.91856520716101 165.31451982492581 807.51411360129714 41.960616435389966 2310.2755230339244 477.61309415707365 96.960859889164567 665.45831387490034 131.81762632494792 64.732425960712135 835.1072656349279 665.36836439557374 8.1454388946294767 5.3469192367047063 262.8676852886565 607.43783890223131 58.415709022432566 437.04188444837928 13.225535282865165 304.51449918374419 544.35896403109655 655.42232803069055 22.015299232676625 403.94027898740023 4468.8241985905915 360.0013802908361 115.55111263506114 295.47544785961509 221.71569100860506
leaf_count=16998 2374 12039 4315 47683 634 33863 11586 1233 10189 4538 541 11202 12267 43 89 7471 20038 1828 12320 194 3754 29182 14693 196 2679 50824 3728 1529 4937 6371
internal_value=-0.000263983 0.00198855 -0.00458013 -0.0209664 0.00426696 -0.00201883 -0.0103308 0.00497147 0.00383744 -0.00432257 0.00463134 -0.00102923 -0.00858778 -0.000274978 -0.0136734 -0.0128782 -0.00885595 -0.000914818 -0.0169133 -0.0147952 0.00594981 -0.0175888 0.00541629 0.0109071 0.019254 0.00430112 -0.00255738 -0.0112796 0.00800383 -0.00532235
internal_weight=17483.2 15768.3 4060.12 1714.96 11708.1 3363.16 538.146 11170 9093.33 805.421 8287.91 1565.21 730.101 673.604 496.186 907.444 1052.88 445.446 696.96 490.839 6722.71 644.576 6418.19 1081.38 425.956 5336.81 867.989 475.552 392.436 387.03
internal_count=329338 242628 90774 86710 151854 66415 12503 139351 122353 14770 107583 24010 12808 10232 11869 39027 32552 12514 24359 11780 83573 31556 79819 17568 2875 62251 11427 5257 6170 10686
is_linear=0
shrinkage=0.04


Tree=49
num_leaves=31
num_cat=2
split_feature=4 0 22 4 5 22 46 14 11 29 15 0 23 10 0 2 11 11 35 4 22 42 26 30 19 1 19 19 22 0
split_gain=457.327 136.134 110.468 54.4602 54.3945 52.0636 46.2017 45.8743 40.2842 37.8784 37.3909 34.4955 33.3243 27.8831 31.5922 27.4669 27.4131 26.7887 26.7758 26.7585 25.6784 25.2902 24.832 36.038 24.4012 24.2152 27.7394 25.6604 24.1866 23.9438
threshold=2.6250000000000004 2.0949999094009404 0.05077031813561917 0.78499999642372142 28.500000000000004 0.069668810814619078 0 95.729999542236342 0.10008787363767625 16.750000000000004 3.5000000000000004 3.0649999380111699 1.0111154317855837 37.250000000000007 1.0000000180025095e-35 0.60500001907348644 0.6670682728290559 0.53681120276451122 11.750000000000002 2.054999947547913 0.20523230731487277 1 1.5000000000000002 0.11355093494057657 5.0000000000000009 2.2350000143051152 163.50000000000003 49.500000000000007 0.24342960864305499 2.0049999952316289
decision_type=2 10 8 2 2 8 1 10 10 2 2 10 10 2 10 8 10 10 2 2 10 9 2 10 8 8 10 10 10 8
left_child=1 6 8 20 10 -2 12 9 -3 13 -5 15 -1 14 18 -7 24 -15 -8 -6 -4 -13 25 -24 -14 -11 27 -27 29 -9
right_child=5 2 3 4 19 11 7 28 -10 22 -12 21 16 17 -16 -17 -18 -19 -20 -21 -22 -23 23 -25 -26 26 -28 -29 -30 -31
leaf_value=-0.0030316959199658588 -0.028852257300090757 -0.021546855470102332 -0.014497000039846169 0.00392302058892196 0.010015278852864693 -0.013953543632316998 0.018865205942222327 -4.4608393806947918e-05 -0.0055576586248191071 0.0011675272380871861 0.02088059602280366 0.10169326852975695 -0.023715628636198277 0.010847859537972711 0.0011625407618782722 0.0054538389250159197 0.028363275049079179 0.038859356595250312 0.0047362298542019936 -0.0058652000388932403 0.014776496731749959 -0.027365554145448931 -0.0016371325963089392 0.019416155266325792 0.0086413370723003903 -0.00212973746701964 0.0040215782160516519 -0.021282253679002348 0.018850748386067755 -0.012843639898399635
leaf_weight=413.8750638817437 705.16663491958752 623.05377577897161 525.36566611938179 1578.2199777313508 191.99282368738204 431.75141959032044 361.48978896113113 426.25292762555182 425.85281734587625 1100.5629230341874 239.01487389812246 1.4814610588364303 36.68135832156986 754.63551715016365 1677.2242862372659 158.78471102798358 111.81199872493744 58.281964439898729 530.89497204683721 1405.3148056152277 51.813203129917383 258.77003941778094 302.58319882955402 226.60104193352163 3614.4107063803822 185.16157572623342 198.78521078266203 284.86111969128251 60.249656952917576 518.84947990253568
leaf_count=11251 41495 25907 15307 25798 2392 18526 4197 4919 10052 10707 4591 93 407 6936 18255 7047 687 559 7269 33242 1066 16686 6035 1562 34688 2748 2835 3238 470 9967
internal_value=-0.000118526 0.00190661 -0.00352535 -0.000487588 0.00143331 -0.0208085 0.00442755 0.00236437 -0.0150706 0.00375861 0.00616585 -0.0141108 0.0077281 0.00645046 0.00440231 -0.00872808 0.0089131 0.0129063 0.0104788 -0.00394883 -0.0118412 -0.0262291 -0.00020202 0.00739013 0.00830876 -0.00247784 -0.00847525 -0.0137663 -0.00550624 -0.00708149
internal_weight=17459.8 15903.8 5040.63 3991.72 3414.54 1555.95 10863.2 6686.43 1048.91 5681.08 1817.23 850.788 4176.78 3382.53 2569.61 590.536 3762.9 812.917 892.385 1597.31 577.179 260.252 2298.56 529.184 3651.09 1769.37 668.808 470.023 1005.35 945.102
internal_count=328932 245085 118355 82396 66023 83847 126730 79697 35959 64341 30389 42352 47033 37216 29721 25573 35782 7495 11466 35634 16373 16779 27125 7597 35095 19528 8821 5986 15356 14886
cat_boundaries=0 1 2
cat_threshold=8 8
is_linear=0
shrinkage=0.04


Tree=50
num_leaves=31
num_cat=3
split_feature=0 4 1 5 21 22 1 15 21 6 19 43 22 31 23 20 4 24 5 15 0 5 43 46 18 24 17 22 23 0
split_gain=451.319 115.978 92.7671 68.1051 53.6784 51.3008 47.4017 44.3863 35.5418 37.2541 33.2528 32.495 30.8255 29.679 27.9453 27.3263 32.8313 30.8555 29.925 38.609 29.1955 34.3878 27.5538 29.4552 26.6806 26.5178 38.5065 26.8418 63.7018 24.9449
threshold=2.6750000715255742 2.245000004768372 2.6650000810623173 32.500000000000007 77.486328125000014 0.013385057449340822 1.2050000429153445 3.5000000000000004 75.95770645141603 175.25000000000003 55.000000000000007 0 0.025953806005418304 71.527648925781264 1.0163922309875491 79.000000000000014 1.7649999856948855 0.23295158147811892 34.500000000000007 3.5000000000000004 1.9650000333786013 56.500000000000007 1 2 1.5000000000000002 0.026233831420540813 2.5000000000000004 0.1148396134376526 1.0851157903671267 2.2250000238418584
decision_type=10 2 10 2 10 8 8 2 10 2 10 9 8 10 10 2 2 10 2 2 10 2 9 1 10 10 10 10 10 10
left_child=1 5 12 4 7 -1 -7 11 15 -10 -5 -3 -2 -9 -11 17 20 -8 19 22 21 -17 -18 -24 -20 -15 -27 28 -28 -12
right_child=2 3 -4 10 -6 6 8 13 9 14 29 -13 -14 25 -16 16 18 -19 24 -21 -22 -23 23 -25 -26 26 27 -29 -30 -31
leaf_value=-0.020087282548263842 -0.028570755040385906 0.0034261759857270521 -0.027050466299813256 0.0010847070300674059 -0.027111474846039235 0.0091874313047129331 0.016608514237334573 0.0055163555910323434 -0.0095588790898269473 0.10073548117183373 -0.0077132547207800911 -0.0094702648593422353 -0.0078127125894602249 0.078224023678115054 0.0058330209072340452 0.0010608224182301308 -0.0055432896361284493 -0.0036228062653963326 0.0061945119044562805 0.018375920719817192 -0.0087751975821752006 0.050300021774660968 0.012604564154244904 0.0031450606385723702 -0.0025922171291188228 0.0047503154924137207 0.025574353171014353 0.0042281068421002243 0.15800956796279242 -0.020129606871284726
leaf_weight=139.77074107713997 128.0616727382876 957.76337663829327 927.54002335341647 264.15079537639394 105.93200226128101 2433.4200873994268 476.17252652533352 157.73846830613911 489.28140959423035 7.5240263529121902 460.33518698858097 450.60896700667217 1044.8860241319053 16.385550502687693 12.44041899172589 2847.5223882067949 304.2294106464833 160.59348249807954 1020.8616666877642 449.72294011991471 527.50173527467996 21.881568299606442 928.55408258549869 1220.77647724282 1203.2685298821889 62.820606250781566 15.15620062639937 11.162022858858107 9.0421594269573671 600.38047719793394
leaf_count=3145 5780 18099 55997 6551 3818 19771 3333 3606 11500 120 10308 10740 40996 413 336 36551 4174 813 13131 5735 10732 189 10608 13700 16174 1209 288 137 121 21433
internal_value=-0.000213311 0.00216569 -0.017599 -0.00472861 0.000366225 0.00391833 0.0041975 0.0021156 0.00294062 -0.00733268 -0.0115972 -0.000743881 -0.0101049 0.0168682 0.0448889 0.00351286 0.00291431 0.0115022 0.00493455 0.00760884 -0.000134491 0.0014551 0.00562699 0.00720408 0.00144001 0.0322801 0.0238607 0.0566376 0.0795267 -0.0147572
internal_weight=17455.5 15355 2100.49 3111.48 1786.61 12243.5 12103.8 1680.68 9670.33 509.246 1324.87 1408.37 1172.95 272.305 19.9644 9161.08 8524.32 636.766 5127.41 2903.28 3396.91 2869.4 2453.56 2149.33 2224.13 114.567 98.181 35.3604 24.1984 1060.72
internal_count=329508 226735 102773 76723 38431 150012 146867 34613 127096 11956 38292 28839 46776 5774 456 115140 110994 4146 63522 34217 47472 36740 28482 24308 29305 2168 1755 546 409 31741
cat_boundaries=0 1 2 3
cat_threshold=20 12 8
is_linear=0
shrinkage=0.04


Tree=51
num_leaves=31
num_cat=1
split_feature=0 22 17 21 1 0 9 43 31 1 9 15 25 22 22 21 16 0 40 24 23 21 21 20 17 24 9 22 14 22
split_gain=412.223 125.002 109.742 79.554 75.5482 72.3309 55.5116 44.809 48.5364 56.2691 38.0726 36.2745 32.6824 45.9243 30.1123 29.8955 29.4257 43.5997 31.2049 29.234 32.2304 31.6015 41.2556 34.5636 28.6905 36.8115 28.5923 28.2896 27.3488 27.3166
threshold=2.7549999952316289 0.13668338954448703 3.5000000000000004 78.685558319091811 2.8149999380111699 2.2050000429153447 16.500000000000004 0 70.871753692626967 2.1950000524520878 14.500000000000002 3.5000000000000004 709.87500000000011 0.09124972298741342 0.013385057449340822 63.611358642578132 1.5000000000000002 1.6349999904632571 0.3111384809017182 0.095982290804386153 1.0056059360504153 67.991352081298842 64.958610534667983 175.00000000000003 2.5000000000000004 0.025766020640730861 16.500000000000004 0.11706789955496789 90.045001983642592 0.018383535556495193
decision_type=10 10 10 10 10 10 2 9 8 8 2 2 2 10 8 8 2 8 10 10 10 10 10 2 10 8 2 10 8 8
left_child=1 2 3 6 15 12 7 -1 19 -10 -5 28 14 -14 -4 -2 17 -3 -18 20 -9 22 -22 -23 25 -13 -17 -24 -11 -7
right_child=4 16 5 10 -6 29 -8 8 9 11 -12 24 13 -15 -16 26 18 -19 -20 -21 21 23 27 -25 -26 -27 -28 -29 -30 -31
leaf_value=-0.013246249078088159 0.0078257999219045176 0.017721918740933616 -0.026999827095069154 -0.019907589022203815 -0.02974939677254158 -0.034636729832260224 0.014341891867571016 -0.015627140964816395 0.01666738957589704 0.0063315134786882856 0.027140208043830612 0.051251039851045198 0.0020292597179505235 0.07738514538017538 -0.0022630923879784037 -0.015950996469819591 0.00054047099564658279 0.0068423042821869331 0.013977075599307061 -0.0064548164019259668 -0.019184124561282084 0.00454867554024162 0.0094484695899439072 -0.0060296020268682665 0.037821800759536138 0.001136728100093681 0.022031559895831509 0.030857669615994645 -0.0062780919304172948 -0.012915850676424191
leaf_weight=280.0017881100066 106.60411947825924 754.52184731792659 80.860370352864265 329.99552596500143 644.18112456053495 102.24213514244184 654.00167078943923 155.74337896890938 731.44812897779047 523.48389436164871 29.084881816990674 26.276707414072007 39.317648326978087 18.413537096232176 2103.5656762789004 841.02504139207304 1526.0524238757789 2706.5969646051526 336.97019286919385 837.8783610118553 65.109115049242973 1343.1611203048378 452.39271244360134 780.4566457523033 70.697844689246267 168.92996602319181 32.022176887840033 126.37097292486578 577.96919890958816 975.44923486607149
leaf_count=5769 3002 5909 1828 9539 41670 3856 6831 6672 8906 12246 381 585 328 114 31802 41178 12565 31152 2102 8839 908 18092 7117 14882 1479 4014 642 1640 13810 31190
internal_value=7.43978e-05 0.00204782 -0.000488956 0.00230015 -0.0191104 -0.0064985 0.00327128 0.00208929 0.00284263 0.0077192 -0.0160209 0.00292089 -0.00240059 0.0270407 -0.00319253 -0.0120874 0.00703768 0.00921964 0.00297913 0.000126529 0.00201585 0.00301546 0.0107711 0.000658133 0.0161513 0.00812981 -0.0145297 0.0141752 -0.000281232 -0.0150104
internal_weight=17420.8 15797 10472.9 7153 1623.83 3319.85 6793.92 6139.92 5859.92 2098.81 359.08 1367.36 2242.16 57.7312 2184.43 979.651 5324.14 3461.12 1863.02 3761.11 2923.23 2767.49 643.873 2123.62 265.905 195.207 873.047 578.764 1101.45 1077.69
internal_count=329048 242556 190828 121710 86492 69118 111790 104959 99190 41040 9920 32134 34072 442 33630 44822 51728 37061 14667 58150 49311 42639 9665 32974 6078 4599 41820 8757 26056 35046
cat_boundaries=0 1
cat_threshold=8
is_linear=0
shrinkage=0.04


Tree=52
num_leaves=31
num_cat=4
split_feature=0 1 22 1 5 21 0 44 46 43 36 22 37 5 7 46 7 9 21 22 19 30 11 21 21 25 21 29 23 28
split_gain=384.023 107.553 117.674 71.8771 54.4002 51.6469 36.6933 33.9287 32.5609 36.0458 35.4429 30.629 34.4675 29.1611 41.6034 45.9564 36.4518 26.1792 27.438 25.4168 24.9528 23.2827 23.1801 22.0815 23.1327 21.3127 20.797 20.6716 27.6082 20.2804
threshold=2.7549999952316289 1.9750000238418581 0.099755376577377333 2.7849999666213994 30.500000000000004 79.661323547363295 2.1350001096725468 0 1 2 0.13761075586080554 0.025953806005418304 78.477279663085952 35.500000000000007 45.500000000000007 3 76.500000000000014 15.500000000000002 59.879467010498054 0.089875370264053359 17.500000000000004 0.023098892532289032 0.26926530897617346 67.482650756835952 65.685878753662124 181.62500000000003 84.860710144042983 15.250000000000002 1.2302520871162417 6.5000000000000009
decision_type=10 8 8 10 2 10 10 9 1 9 8 8 10 2 2 1 2 2 8 10 8 10 10 10 10 2 10 2 10 2
left_child=1 13 4 11 5 8 23 -4 9 -3 21 -2 17 14 15 20 27 18 25 29 -1 -10 -19 24 -6 -13 -20 -15 -29 -11
right_child=3 2 7 -5 6 -7 -8 -9 10 19 -12 12 -14 16 -16 -17 -18 22 26 -21 -22 -23 -24 -25 -26 -27 -28 28 -30 -31
leaf_value=-0.00034183828580439465 -0.031040670370580507 -0.020925264167975813 0.0018742614642036687 -0.028906274522383049 -0.012372173683852673 -0.022787420325763676 -0.017403999872492505 0.012088994222517897 0.074439726564843808 0.012881747591267869 0.012667866350492045 0.055872543710877853 0.041590709477890682 0.0052387436620393484 0.015375073107952031 0.0022521973646519567 0.0074969313355088022 0.076513357998734752 -0.013709880854402053 -0.0090988098095827839 0.014383772048203618 -0.0083840388818249116 0.003999702383363845 -0.0088839849335181891 0.018618514432185099 -0.018575711959047472 0.072452875946846421 -0.0083698056699665433 0.020799729640809776 -0.0028908399068356232
leaf_weight=222.81825369270518 113.24365567369387 70.430617252364755 4677.4413301097229 652.67209400469437 59.093174665234983 178.04275695607066 856.17997046234086 576.8309176932089 4.4610936422832301 639.92554828617722 154.03111204784364 15.673985475208612 20.094615886453539 351.69686095509678 894.59328435081989 2235.2343406477012 1029.8013757430017 8.4428732199594361 740.25253229914233 133.65322240768 1043.5427069012076 966.88097612652928 28.896737581118941 618.41983980173245 106.40600374434143 9.0152076752856356 3.5187021573074153 752.74336055433378 54.7419519033283 162.86317780381069
leaf_count=2492 5639 1879 72603 43347 769 5711 31495 5586 123 11502 2831 422 725 4988 7820 21393 9803 168 35298 2742 10076 21082 472 12173 1495 209 109 11017 424 4529
internal_value=7.75206e-06 0.00189618 -0.000895776 -0.0187113 -0.00611124 -0.00215241 -0.0116806 0.00302509 -0.000417635 0.00480358 -0.00509273 -0.0115986 -0.00889362 0.00579889 0.00767723 0.0057056 0.00202297 -0.0102075 -0.0118076 0.00691267 0.0117914 -0.00792337 0.0220681 -0.00541032 0.0075211 0.0288673 -0.0132001 -0.00283885 -0.00636408 0.00967734
internal_weight=17381.6 15789.8 9204.66 1591.81 3950.39 2310.29 1640.1 5254.27 2132.25 1006.87 1125.37 939.138 825.895 6585.17 4396.19 3501.6 2188.98 805.8 768.46 936.442 1266.36 971.342 37.3396 783.919 165.499 24.6892 743.771 1159.18 807.485 802.789
internal_count=328922 242533 174520 86389 96331 50399 45932 78189 44688 20652 24036 43042 37403 68013 41781 33961 26232 36678 36038 18773 12568 21205 640 14437 2264 631 35407 16429 11441 16031
cat_boundaries=0 1 2 3 4
cat_threshold=8 8 8 8
is_linear=0
shrinkage=0.04


Tree=53
num_leaves=31
num_cat=2
split_feature=0 4 1 5 21 11 21 25 15 4 14 17 0 16 43 5 5 23 20 15 25 21 25 25 24 21 19 9 46 0
split_gain=365.7 111.459 71.5303 61.6407 49.7486 45.5842 48.152 42.7116 38.0765 34.9743 51.2548 37.9673 37.9479 36.8667 47.2469 38.4411 37.7704 36.8075 34.5661 31.7703 41.4566 45.0165 29.8078 58.3623 33.1926 28.3511 31.3857 27.3184 26.7955 26.4462
threshold=2.7549999952316289 2.304999947547913 2.6650000810623173 32.500000000000007 77.486328125000014 0.50077882409095775 75.95770645141603 178.87500000000003 3.5000000000000004 1.235000014305115 86.174999237060561 4.5000000000000009 0.75499999523162853 1.5000000000000002 0 9.5000000000000018 33.500000000000007 1.0183869600296023 159.00000000000003 3.5000000000000004 283.12500000000006 67.482650756835952 353.00000000000006 444.87500000000006 0.080026272684335722 69.308376312255874 52.500000000000007 10.500000000000002 1 1.9550000429153445
decision_type=10 2 10 2 10 10 10 2 2 2 10 10 10 2 9 2 2 10 2 2 2 10 2 2 10 8 10 2 1 10
left_child=1 5 -2 4 8 6 9 25 -3 10 12 13 -1 14 18 -15 19 -13 -11 28 21 -21 -10 24 -24 26 -5 -7 -16 -12
right_child=2 3 -4 7 -6 27 -8 -9 22 11 29 17 -14 15 16 -17 -18 -19 -20 20 -22 -23 23 -25 -26 -27 -28 -29 -30 -31
leaf_value=0.0086394106753832182 -0.010255711245722726 -0.0016135181646078839 -0.027390683660497919 0.024346293691449878 -0.028096856312581801 0.0072185202580773954 -0.0071489007405456245 -0.021021448165025908 0.005022999420170913 0.0085312183923987733 -0.0033586016902477285 -0.020246060324759729 -0.003324958864097513 -0.0078386613551809509 0.0050991584157805978 0.0043636169465685213 0.0039689004102781665 0.00073644261755634582 -0.013866434049269061 0.027239553427541696 0.037613512792496376 -0.0027883648064191149 0.099411120287179994 0.0051346993589297821 0.02376420230571898 -0.014419444057992954 -0.0046149509793914512 0.024107090203779366 0.013260525350552664 -0.01769519382137006
leaf_weight=1150.8184514986351 817.86885526450351 1194.544597256463 749.00940605765209 80.75365032767877 96.808478324208409 410.55561121087521 736.29951873002574 531.44017378101125 162.30782161233947 183.61858005356044 1132.6043312614784 157.91745890537277 670.12397406622767 543.7886429913342 1168.5555505515076 1706.5571410879493 1733.2813701070845 842.86502071283758 272.48462761286646 161.23385938443244 157.49593981169164 156.6016006032005 23.212597047910094 51.713976135477424 16.608764598146081 283.71679204097018 222.42639471730217 245.77542299032211 1443.0801876671612 251.15880291629583
leaf_count=12625 36627 28274 49884 1872 4037 2889 17456 14220 4519 1799 17306 5226 9337 4420 12669 13462 22749 10990 4056 2573 1072 2687 446 800 244 13578 8378 2292 15725 6783
internal_value=-3.62215e-05 0.00179315 -0.0184615 -0.00566536 -0.000484233 0.00330739 0.0027655 -0.0128137 0.00137671 0.00338861 -0.000172739 0.00472734 0.00423481 0.00570068 0.00752883 0.00141103 0.00868296 -0.00258738 -0.00473821 0.0113545 0.0208706 0.0124695 0.0154151 0.0335453 0.0693132 -0.00535155 0.00314056 0.0135759 0.00961367 -0.00597454
internal_weight=17355.2 15788.3 1566.88 2663.53 1545.2 13124.8 12468.5 1118.34 1448.39 11732.2 3204.71 8527.48 1820.94 7526.7 5276.35 2250.35 4820.25 1000.78 456.103 3086.97 475.331 317.835 253.843 91.5353 39.8214 586.897 303.18 656.331 2611.64 1383.76
internal_count=328995 242484 86511 76368 38320 166116 160935 38048 34283 143479 46051 97428 21962 81212 63330 17882 57475 16216 5855 34726 6332 5260 6009 1490 690 23828 10250 5181 28394 24089
cat_boundaries=0 1 2
cat_threshold=12 4
is_linear=0
shrinkage=0.04


Tree=54
num_leaves=31
num_cat=3
split_feature=4 22 1 14 22 1 17 43 4 37 12 30 14 16 22 7 25 5 22 43 19 25 22 25 23 25 2 25 46 25
split_gain=340.056 99.3812 80.0855 61.37 51.1988 40.4415 42.6825 39.1869 37.8555 37.2294 32.7564 32.384 30.6455 29.6244 28.733 28.2835 32.1998 30.1751 28.5209 27.8648 28.5087 50.8266 97.8328 70.0963 66.9999 41.1013 40.543 35.0969 35.1865 39.4425
threshold=2.6149998903274541 0.021463197655975822 2.5249999761581425 85.180000305175795 0.20523230731487277 0.95499998331069957 4.5000000000000009 0 1.325000047683716 75.732620239257827 2.5000000000000004 0.15709833055734637 72.229999542236342 3.5000000000000004 0.069668810814619078 16.500000000000004 306.87500000000006 28.500000000000004 0.21276179701089862 1 190.50000000000003 280.12500000000006 0.064443275332450881 408.87500000000006 1.0293601155281069 186.37500000000003 0.18500000238418582 490.12500000000006 2 384.12500000000006
decision_type=2 8 10 8 10 8 10 9 2 8 10 10 10 2 8 2 2 2 10 9 10 2 10 2 10 2 10 2 1 2
left_child=1 -1 4 11 5 -3 7 12 -4 19 -11 -2 -7 15 -5 16 -6 -17 -19 20 25 -22 23 24 -23 -9 -26 28 29 -24
right_child=3 2 8 14 13 6 -8 9 -10 10 -12 -13 -14 -15 -16 17 -18 18 -20 -21 21 22 27 -25 26 -27 -28 -29 -30 -31
leaf_value=-0.014889279920827621 -0.0072547386855160781 0.0080810851322612384 -0.018923672988891117 -0.029827674245013629 0.0024891661891719738 0.0036973598234085409 -0.0065520779499587331 0.00055547598583958145 -0.0034004226820681096 0.0052752387889790234 0.022197831022666214 0.040532443480386031 -0.021710619788699991 -0.012894386685545593 -0.01694355334080179 0.020194095846381387 0.025224475275383736 0.038408909233982456 0.0040297372493794583 0.0034861908716225663 -0.0051684343923280697 -0.0025998410597519463 0.016571205724549228 0.019430486670408538 0.085488221816979862 -0.01027346193028254 0.20761743631682067 -0.0051712967424637829 0.0073247764804254831 0.092051090375186106
leaf_weight=572.87749297218397 324.49162360257469 1489.423392161727 321.01864566793665 541.71806143573485 963.93214887287468 122.42091516125947 1063.8674745820463 1495.0717308353633 1153.0999742164277 638.70000527147204 256.61687647737563 23.381730809807777 196.98500227602199 98.050897371023893 582.95770072191954 585.31568251550198 110.3025996312499 41.151165273971856 471.0150328297168 4680.5409063235857 357.59268177719787 6.7942847069352892 25.761043395847082 30.730261696502566 13.415760586038234 895.70522084413096 8.3514456730335933 171.77646797522902 90.61255232617259 19.420813022181392
leaf_count=16289 17653 13054 12279 35534 7566 1725 22486 24558 27114 18355 3222 748 4498 537 31295 4316 667 409 4797 61223 7498 100 211 426 129 9619 131 1527 849 143
internal_value=-0.000253005 0.0014523 0.00206506 -0.0186349 0.00300982 0.00193088 0.0010205 0.00191567 -0.00679417 0.00242529 0.0101494 -0.00392436 -0.0116162 0.00850171 -0.0231739 0.00947506 0.00484864 0.0139913 0.00686927 0.00153961 -0.0013907 0.00554906 0.0159923 0.0625985 0.106681 -0.00350252 0.139582 0.00682107 0.0219473 0.0503925
internal_weight=17353.1 15880.6 15307.7 1472.55 13833.6 11563.8 10074.4 9010.5 1474.12 8691.09 895.317 347.873 319.406 2269.77 1124.68 2171.72 1074.23 1097.48 512.166 7795.77 3115.23 724.455 366.863 59.2918 28.5615 2390.78 21.7672 307.571 135.794 45.1819
internal_count=328958 243728 227439 85230 188046 169754 156700 134214 39393 127991 21577 18401 6223 18292 66829 17755 8233 9522 5206 106414 45191 11014 3516 786 360 34177 260 2730 1203 354
cat_boundaries=0 1 2 3
cat_threshold=8 196 8
is_linear=0
shrinkage=0.04


Tree=55
num_leaves=31
num_cat=0
split_feature=0 1 1 5 21 0 17 21 9 15 14 19 22 22 1 37 0 22 16 20 22 25 25 18 18 40 17 25 25 36
split_gain=314.837 98.3915 66.9938 56.3181 55.2224 55.112 37.8994 51.474 39.6394 37.4728 32.6494 44.528 29.0178 28.9814 27.2756 43.277 26.6412 25.4081 30.6839 28.6501 41.8036 34.0437 38.4848 38.8763 29.8667 28.408 27.1275 37.215 30.7636 25.1709
threshold=2.7549999952316289 2.304999947547913 2.6049998998641972 31.500000000000004 78.335498809814467 1.8650000095367434 4.5000000000000009 73.370883941650405 3.5000000000000004 3.5000000000000004 78.520000457763686 20.500000000000004 0.13832210004329684 0.050097424536943443 1.8949999809265139 72.05509185791017 0.33500000834465032 0.20523230731487277 3.5000000000000004 184.00000000000003 0.022006942890584472 217.37500000000003 688.25000000000011 1.5000000000000002 1.5000000000000002 0.28397747874259954 3.5000000000000004 510.25000000000006 225.62500000000003 0.14507635682821277
decision_type=10 10 10 2 10 10 10 8 2 2 8 10 10 10 8 10 8 8 2 2 10 2 2 10 8 10 10 2 2 10
left_child=1 4 -2 9 6 -5 8 12 10 -3 -1 29 -8 -7 15 -13 -6 19 -19 20 24 -22 25 -24 -10 -23 28 -28 -21 -12
right_child=2 3 -4 5 16 13 7 -9 17 -11 11 14 -14 -15 -16 -17 -18 18 -20 26 21 22 23 -25 -26 -27 27 -29 -30 -31
leaf_value=0.0058450037082343311 -0.0091095869565215853 -0.0024393029241946002 -0.025928193641866361 0.0029273341325607338 0.022110111369890415 -0.025739302200803175 -0.002701164065275527 -0.022261026692638523 0.0032280334488552259 0.014092912064765642 -0.020023108946746717 0.0029841637233193777 0.016043686623115797 -0.01106243356412571 -0.00093114622188498889 0.031821951218394727 -0.013810993265990848 0.012761904629611532 -0.011202458370815838 0.0048645832234531436 0.0050822091137467905 -0.0095891353039971039 -0.009435737995216905 0.047252272943962108 0.10991208100033834 0.013208408042269843 0.0092126993647391586 -0.016401490837312762 0.019484681838754587 0.0031912699830854803
leaf_weight=1831.1620996664278 763.07270314241759 1339.3866315735504 757.03098908253014 359.84971846966073 35.020811790600419 298.19441432738677 778.86765198968351 190.96497265528888 7.4661240912973907 261.28472845396027 275.23200572608039 360.52620278485119 158.07624099124223 787.38370026648045 2250.172645943705 107.52407143963501 401.06981424754485 1297.016931694001 90.584923468530178 386.24771940847859 2596.4105862258002 690.82950664870441 33.560536239296198 43.532818228006363 9.0281194970011693 99.088110081851482 301.94871146744117 128.54277678020298 575.57365431077778 101.723363914527
leaf_count=23858 34282 28321 52197 5567 414 13808 12520 6341 108 5490 6956 4975 1387 21665 36725 1357 10687 13641 496 6184 24754 4998 204 264 97 636 4147 1171 4110 1645
internal_value=-0.000118994 0.00155433 -0.0174996 -0.00490283 0.00309756 -0.0106235 0.00359349 -0.00339064 0.0042983 0.000263941 0.00161262 -0.000891123 0.000470837 -0.0151176 0.000895892 0.00967125 -0.0108732 0.00641063 0.0111877 0.00504731 0.00310385 0.00279028 -0.00406662 0.0227186 0.0647951 -0.00671125 0.00989615 0.00153486 0.0136289 -0.0137561
internal_weight=17316.4 15796.3 1520.1 3046.1 12750.2 1445.43 12314.1 1127.91 11186.2 1600.67 4926.34 3095.18 936.944 1085.58 2718.22 468.05 436.091 6259.83 1387.6 4872.23 3479.92 3463.42 867.011 77.0934 16.4942 789.918 1392.31 430.491 961.821 376.955
internal_count=329005 242526 86479 74851 167675 41040 156574 20248 136326 33811 75516 51658 13907 35473 43057 6332 11101 60810 14137 46673 31061 30856 6102 468 205 5634 15612 5318 10294 8601
is_linear=0
shrinkage=0.04


Tree=56
num_leaves=31
num_cat=2
split_feature=0 22 1 1 5 14 43 0 15 25 25 25 22 46 4 25 31 21 25 16 22 25 23 1 1 7 25 25 21 20
split_gain=310.532 91.9762 67.8602 65.6073 64.443 55.8893 70.6525 47.4729 44.4951 46.3322 46.4073 58.6023 36.2065 29.2321 27.8758 27.075 26.3301 27.3728 26.3855 28.8393 25.5343 42.1059 25.8901 24.7355 24.586 43.9129 23.8216 44.6004 35.433 23.122
threshold=2.7549999952316289 0.020953977480530742 1.9550000429153445 2.4550000429153447 31.500000000000004 86.174999237060561 0 2.0949999094009404 3.5000000000000004 298.37500000000006 444.87500000000006 396.25000000000006 0.13179826736450198 1 2.1750000715255742 303.25000000000006 70.670063018798842 68.981914520263686 186.37500000000003 1.5000000000000002 0.090628672391176238 688.25000000000011 1.2658119201660158 1.2250000238418581 2.9650000333786015 22.500000000000004 283.12500000000006 444.87500000000006 77.110401153564467 159.00000000000003
decision_type=10 8 8 8 2 8 9 10 2 2 2 2 8 1 2 2 10 10 2 2 8 2 10 10 8 2 2 2 10 2
left_child=1 14 16 -2 5 -4 8 -6 13 -10 11 15 29 -7 -1 -11 17 18 19 23 -9 -22 -23 -3 25 -13 -18 -28 -29 -5
right_child=3 2 4 12 7 6 -8 20 9 10 -12 24 -14 -15 -16 -17 26 -19 -20 -21 21 22 -24 -25 -26 -27 27 28 -30 -31
leaf_value=-0.0070922222968569613 -0.00400625436074318 0.018238687564457325 0.0054440167748088754 -0.0091674642648609788 9.4467329741095013e-05 0.0035422916411219376 -0.018735081866895764 -0.01614984269587081 0.0016812926008212331 0.092199407927739674 0.0014798572604690242 0.17756586968300098 -0.0076145401583423656 -0.0067689714041502856 -0.025767962725334201 0.017023442463430842 0.0062422934149966884 -0.0011549176033577341 0.0013511939033815415 0.0028638136949990646 -0.0070488843705262148 0.068683919068537991 -0.025972315868939708 0.0075862503597122826 0.022135249169220012 0.059004837589721512 0.031676317516853895 0.0022660428693222537 0.063397188416378952 -0.028785281381375913
leaf_weight=311.33140703383833 416.40169181069359 569.89728396711871 3476.6527108061127 112.07985684787855 1281.9766537346877 713.64202599320561 347.1334102936089 674.64355377154425 402.80982562759891 7.5538887381553641 82.57197199575603 8.2919212896376902 207.28019525576383 1142.3285228116438 218.32248704740778 87.403810378164053 761.10013979068026 1242.1301899789833 1439.4830353455618 986.26623303629458 644.2068061856553 18.027527054771785 5.444996351376175 908.93960090400651 7.9280309509485951 14.758633276447652 203.63827143236995 230.06171230785549 15.264313109219072 760.87503468198702
leaf_count=7225 12086 5570 48723 6510 19892 12246 9798 25333 8941 80 958 108 14701 20038 8549 1031 9820 15357 9241 8055 16309 279 69 10896 122 120 1626 1938 160 53339
internal_value=-0.00011115 0.00153838 0.00210732 -0.0175193 -0.000143802 0.00205221 -0.00213672 -0.00540846 0.000278377 0.00963157 0.02489 0.0400751 -0.0227161 -0.00280225 -0.0148319 0.0239439 0.00526467 0.00401371 0.00565886 0.00817111 -0.0106631 -0.00509735 0.0463987 0.0117036 0.0871017 0.107431 0.0105743 0.017879 0.00632782 -0.0262845
internal_weight=17298.4 15801.8 15272.2 1496.64 8915.37 6291.07 2814.42 2624.3 2467.29 611.318 208.508 125.936 1080.24 1855.97 529.654 94.9577 6356.78 5146.72 3904.59 2465.1 1342.32 667.679 23.4725 1478.84 30.9786 23.0506 1210.06 448.964 245.326 872.955
internal_count=329120 242484 226710 86636 164047 102165 53442 61882 43644 11360 2419 1461 74550 32284 15774 1111 62663 49119 33762 24521 41990 16657 348 16466 350 228 13544 3724 2098 59849
cat_boundaries=0 1 2
cat_threshold=112 8
is_linear=0
shrinkage=0.04


Tree=57
num_leaves=31
num_cat=1
split_feature=11 1 35 22 22 20 34 19 1 22 35 25 15 14 10 6 14 20 25 7 26 18 25 19 25 42 25 23 25 25
split_gain=294.524 116.183 61.9538 58.1546 47.2083 39.1134 35.1462 34.6822 36.1669 34.4847 33.3868 38.1485 33.0214 31.5437 28.9042 28.7397 28.3846 32.6833 33.3129 35.0465 27.6019 26.607 25.9137 42.8312 87.7012 32.2593 29.6708 26.0669 57.8954 49.7709
threshold=0.036171836778521545 2.5849999189376835 12.750000000000002 0.11079758778214456 0.018383535556495193 159.00000000000003 5.5000000000000009 9.5000000000000018 2.4050000905990605 0.28260818123817449 7.7500000000000009 709.87500000000011 1.5000000000000002 92.125000000000014 12.250000000000002 85.500000000000014 70.759998321533217 218.00000000000003 303.25000000000006 30.500000000000004 3.5000000000000004 1.5000000000000002 496.37500000000006 167.50000000000003 283.12500000000006 0 688.25000000000011 1.2302520871162417 217.37500000000003 367.62500000000006
decision_type=8 10 2 10 8 2 2 10 8 10 2 2 2 10 2 2 10 2 2 2 2 10 2 10 2 9 2 10 2 2
left_child=1 3 10 6 -4 -3 -1 12 15 -7 11 16 -6 -14 20 -9 -2 -18 -19 -20 -12 -21 23 27 -25 -26 -24 28 -17 -29
right_child=2 5 4 -5 7 9 -8 8 -10 -11 14 -13 13 -15 -16 22 17 18 19 21 -22 -23 26 24 25 -27 -28 29 -30 -31
leaf_value=-0.0053105327019938985 0.0091225053582301378 0.00073085565365752587 -0.017845247502474661 0.0053311521833639 0.029143414388129851 -0.024754396839460725 -0.020469187665915128 0.0069171705094963698 -0.0023664195319306179 0.043004281973576045 0.0023650767060460543 0.027710521609810069 -0.0051951592101745579 -0.025678018982849837 0.010327348053856045 0.0017646778363818282 -0.0056409596336244577 -0.0068865141600023575 -0.0091278955473222505 0.060950630869823191 0.018430365780482016 0.017273913050754802 -0.01297834389065404 -0.00046041714416588026 0.037374209054499077 0.004179238186387095 0.016481301039644385 1.597856857998585e-05 -0.018079373090427175 0.054918899640929768
leaf_weight=721.73106253612787 390.96458674641326 113.06929256906733 231.12134127831087 563.69896374084055 36.78653717553243 1040.4104270306416 370.94153899652883 2114.698599902913 2652.4970244923607 11.243254406843333 1927.3861890656408 79.625432659871876 627.159906626679 148.36180730024353 2233.14709777385 853.23264635168016 1201.2669609563891 94.538358830148354 35.552205523476005 41.00683812238276 186.98305659927428 50.775737559422851 356.72348007559776 428.87125047529116 190.03558275848627 62.792546641081572 63.581895595416427 97.655236638151109 323.55459470488131 35.290209703147411
leaf_count=28741 4869 5713 6242 12754 738 64638 18289 23175 48878 549 23592 722 9985 4377 20120 12394 16024 2794 448 425 3658 554 3512 8754 1802 629 515 757 3060 220
internal_value=-8.7768e-05 -0.0119084 0.0022182 -0.00509296 -6.22445e-05 -0.0215846 -0.0104743 0.00045374 0.00134094 -0.023986 0.00522268 0.000786959 -0.00737417 -0.00914682 0.00715329 0.00351439 -0.000407193 -0.00303257 0.0110338 0.0243197 0.00379573 0.0372776 0.000527417 0.0024346 0.0105588 0.0291946 -0.00848379 -0.00179572 -0.00369871 0.014921
internal_weight=17284.7 2821.09 14463.6 1656.37 8222.36 1164.72 1092.67 7991.24 7178.93 1051.65 6241.25 1893.73 812.308 775.522 4347.52 4526.44 1814.1 1423.14 221.873 127.335 2114.37 91.7826 2411.74 1991.43 681.699 252.828 420.305 1309.73 1176.79 132.945
internal_count=328928 130684 198244 59784 125038 70900 47030 118796 103696 65187 73206 25836 15100 14362 47370 54818 25114 20245 4221 1427 27250 979 31643 27616 11185 2431 4027 16431 15454 977
cat_boundaries=0 1
cat_threshold=16
is_linear=0
shrinkage=0.04


Tree=58
num_leaves=31
num_cat=2
split_feature=11 22 21 22 22 1 1 20 20 25 21 25 11 19 25 17 42 22 38 22 20 6 18 25 5 46 25 25 15 24
split_gain=255.508 111.234 67.2346 60.4481 56.3021 45.0119 42.1912 34.4298 32.7704 34.8803 46.3389 32.2008 31.6115 33.3752 67.8181 41.7579 40.2838 40.2781 38.7858 46.4731 31.1373 29.6277 29.2099 52.6706 64.4012 25.377 25.2196 59.7107 74.3847 41.8088
threshold=0.036171836778521545 0.069668810814619078 84.860710144042983 0.1753945276141167 0.017211882397532467 2.5849999189376835 1.1150000095367434 175.00000000000003 79.000000000000014 87.125000000000014 69.131294250488295 31.375000000000004 0.50077882409095775 163.50000000000003 181.62500000000003 1.5000000000000002 0 0.10029794648289682 1.0932388305664065 0.21563132107257846 175.00000000000003 80.250000000000014 1.5000000000000002 709.87500000000011 1.0000000180025095e-35 1 535.00000000000011 303.25000000000006 3.5000000000000004 0.086690917611122145
decision_type=8 8 10 10 8 10 8 2 2 2 10 2 10 10 2 10 9 10 8 10 2 2 10 2 2 1 2 2 2 10
left_child=1 7 3 5 -2 -3 -6 25 -8 10 11 -10 13 14 15 -11 -16 -18 -17 -20 -13 -5 -19 -24 -25 -1 27 -15 -29 -30
right_child=4 2 -4 21 6 -7 8 -9 9 12 -12 20 -14 26 16 18 17 22 19 -21 -22 -23 23 24 -26 -27 -28 28 29 -31
leaf_value=-0.025035322458777012 -0.015524268305472161 -0.0032862438506503899 0.14843260259160432 0.019631924722578634 0.0073086486406342653 -0.018081649755897287 0.009820265025731632 -0.025003879076890185 0.0052933125704349637 -0.001773746790707686 -0.0069567121602416128 0.0022517622227367549 0.024568162843993328 0.003066594546890095 0.060021374861257457 0.0035926463851864861 -0.011964889312204702 0.0031194331480509725 0.015048552374183581 0.05147844498210552 -0.009270486598059199 -0.0082112374282290249 -0.01333371417159945 -0.02519107352402639 0.054196436401625511 0.0026139900057947922 -0.0033360934807347658 0.0072640812557120231 0.047879880740056849 0.014941451175614968
leaf_weight=82.249812093796209 284.20732928207144 912.31379649648443 3.5662708058953276 204.20412950450554 2358.726193588227 514.84421424870379 702.94500117655843 841.82821802445687 1563.4953139144927 548.82695300667547 1701.122171336785 840.47219650028273 104.63222819752991 1378.0485236586537 14.58606849052012 437.01058632717468 770.78935096506029 1032.0498321093619 405.12237167614512 64.569869189988822 675.93471355596557 86.202610585838556 457.94162953458726 25.509268248453736 42.082895221188664 145.66583207831718 378.6062085730955 429.86421617912129 151.72637938475236 106.23147309105843
leaf_count=3717 7694 30542 47 4930 19312 28244 4513 53206 37582 5847 37365 7917 660 17465 225 5758 10634 7713 4487 555 14588 3249 3592 256 297 6781 4139 4992 1660 971
internal_value=-6.59623e-05 -0.0111456 -0.0048419 -0.00524867 0.00207069 -0.00863538 0.00242444 -0.0212701 0.00144985 0.000919936 -0.00165966 0.00126607 0.00286348 0.00249519 0.000147586 0.00692698 -0.00406347 -0.00449224 0.0121941 0.0201639 -0.00288434 0.0113536 -0.000786435 -0.00845578 0.0242468 -0.00741235 0.00613996 0.00787932 0.0174973 0.0344408
internal_weight=17265.4 2790.87 1721.13 1717.56 14474.5 1427.16 14190.3 1069.74 11831.6 11128.6 4781.02 3079.9 6347.6 6242.97 3798.49 1455.53 2342.96 2328.37 906.703 469.692 1516.41 290.407 1557.58 525.534 67.5922 227.916 2444.48 2065.87 687.822 257.958
internal_count=328938 130716 67012 66965 198222 58786 190528 63704 171216 166703 97452 60087 69251 68591 39364 16647 22717 22492 10800 5042 22505 8179 11858 4145 553 10498 29227 25088 7623 2631
cat_boundaries=0 1 2
cat_threshold=8 4
is_linear=0
shrinkage=0.04


Tree=59
num_leaves=31
num_cat=1
split_feature=4 1 14 4 5 15 6 11 14 15 23 30 32 4 5 15 1 20 26 30 19 46 7 8 32 29 39 17 14 39
split_gain=286.523 67.7176 49.5033 43.3547 37.7364 36.2244 35.9994 33.0413 37.3046 46.3294 32.3147 31.1156 28.8844 28.5044 27.2482 35.0106 25.8448 24.762 24.3326 44.4708 25.2198 28.2493 22.7332 22.5043 22.4429 22.2037 23.7248 25.7325 22.0455 21.975
threshold=2.6149998903274541 2.2549999952316289 85.58499908447267 0.89499998092651378 41.500000000000007 3.5000000000000004 214.25000000000003 0.34662610292434698 95.215000152587905 3.5000000000000004 1.0171996951103213 0.15919467061758044 1.0495035648345949 3.0149999856948857 27.500000000000004 3.5000000000000004 2.054999947547913 177.50000000000003 1.5000000000000002 0.10374570265412332 167.50000000000003 0 17.500000000000004 279.25000000000006 1.1735804080963137 8.2500000000000018 1.0208657979965212 3.5000000000000004 84.634998321533217 1.4726216197013857
decision_type=2 10 8 2 2 2 2 10 10 2 8 10 8 2 2 2 8 2 2 10 8 1 2 2 10 2 8 10 10 10
left_child=1 7 11 6 5 -5 28 8 10 22 23 16 17 14 15 -4 -2 -12 20 -20 21 -14 -10 -1 -13 -9 27 -27 -3 -21
right_child=2 3 13 4 -6 -7 -8 25 9 -11 12 24 18 -15 -16 -17 -18 -19 19 29 -22 -23 -24 -25 -26 26 -28 -29 -30 -31
leaf_value=-0.009957715280914093 0.027651463996124323 -0.0054116853552195832 -0.016378473730796251 -0.001000148178588035 -0.0085132581181854242 0.013824537315569157 0.059049819445210726 -0.004433495251569817 -0.012550157190291508 0.0062513458493469887 0.02032565886671674 0.074333523982517316 -0.002181606402783916 -0.031253467161036753 -0.025012385542337971 0.013340213035245629 -0.011340871246953549 0.0050657496009325325 0.000491058550083982 0.034866767182822951 0.0083000402068387786 0.0035336502442626515 -0.0014590832707424212 0.0380083970441727 -0.0014680994759126329 0.021797205815964799 0.0062600277724977876 -0.0026302322790451855 -0.022389990028362821 0.012689766467499411
leaf_weight=392.71968821203336 29.021597777027637 203.66893262811936 251.80008396110497 1450.7481431839988 860.41990899015218 321.19460139935836 9.532965509220956 238.79876311402768 694.81480652978644 539.33151346445084 282.88272878294811 12.260230666026475 2672.7086155344732 349.00285284989513 343.9956797612831 83.68392699258402 287.97884197346866 429.37913154670969 612.68643111875281 83.804242900572717 817.25768150435761 2866.3564244336449 516.24986274214461 15.298092592507599 11.556660205358638 338.98063087742776 1674.1966908350587 85.961756389588118 311.37734431889839 487.92925729602575
leaf_count=11895 737 4937 13648 28505 23891 5895 228 2042 14518 7649 3309 480 30205 27009 21565 4269 17232 9447 17602 624 9217 31541 8365 235 251 2554 14285 823 13047 3247
internal_value=-9.43342e-06 0.00150218 -0.0175601 -0.00374137 -0.00164476 0.0016911 -0.0142315 0.00280107 0.00183523 -0.00348836 0.00291187 -0.00431776 0.00345574 -0.021936 -0.0171055 -0.00893587 -0.00768279 0.011152 0.00272688 0.00798924 0.00174458 0.000775308 -0.00783068 -0.00806098 0.0388141 0.00709789 0.0084131 0.0168518 -0.0157074 0.0160026
internal_weight=17275.6 15906.3 1369.3 3156.94 2632.36 1771.94 524.579 12749.4 10411.4 1750.4 8661.02 340.817 8253 1028.48 679.48 335.484 317 712.262 7540.74 1184.42 6356.32 5539.07 1211.06 408.018 23.8169 2337.94 2099.14 424.942 515.046 571.734
internal_count=329252 244061 85191 76503 58291 34400 18212 167558 147854 30532 117322 18700 105192 66491 39482 17917 17969 12756 92436 21473 70963 61746 22883 12130 731 19704 17662 3377 17984 3871
cat_boundaries=0 1
cat_threshold=4
is_linear=0
shrinkage=0.04


Tree=60
num_leaves=31
num_cat=2
split_feature=0 22 1 1 46 43 4 22 21 31 1 16 6 5 20 32 15 14 21 25 20 11 24 26 37 22 9 25 4 15
split_gain=254.475 73.6766 63.1602 53.7008 40.4651 32.4123 31.8202 31.3396 32.7161 29.909 26.9176 29.3498 25.5413 25.3699 22.2209 25.0748 21.8249 36.0156 33.0737 75.0875 33.5816 31.8698 24.9303 22.2821 21.3527 21.3085 23.6842 25.3567 19.1869 19.0439
threshold=2.7549999952316289 0.021463197655975822 2.8149999380111699 2.304999947547913 0 1 2.1750000715255742 0.027765916660428051 84.860710144042983 77.393825531005874 1.2050000429153445 2.5000000000000004 31.500000000000004 59.500000000000007 79.000000000000014 1.2237959504127505 3.5000000000000004 87.715000152587905 73.864875793457045 317.12500000000006 184.00000000000003 0.37616863846778875 0.033479599282145507 4.5000000000000009 69.367881774902358 0.1585427671670914 16.500000000000004 119.12500000000001 1.7150000333786013 3.5000000000000004
decision_type=10 8 10 10 1 9 2 8 10 10 8 2 2 2 2 10 2 8 8 2 2 10 10 2 10 10 2 2 2 2
left_child=1 6 7 5 12 -3 -1 -2 9 25 11 -7 -5 29 15 -12 17 -16 23 20 -20 -19 -21 -18 -23 26 -9 -28 -15 -6
right_child=2 3 -4 4 13 10 -8 8 -10 -11 14 -13 -14 28 16 -17 18 21 19 22 -22 24 -24 -25 -26 -27 27 -29 -30 -31
leaf_value=-0.0051009667473753554 -0.029101653293481081 -0.0076333447891226815 -0.027287679729943077 0.0048829166733108777 -0.00039243651717447129 0.0091056916127519004 -0.024837585840518511 -0.013233590156096832 0.10139135052077128 0.044701834379925198 0.014733021315063445 -0.0017690076768902283 -0.012429060273019375 0.03856363038198684 0.0030092871531364478 -0.0027702530672952521 0.0036599860139944302 -0.0041752629269305218 0.035921499258093216 0.030971063418351347 -0.002584029013154558 0.00099422980280711604 0.12597095699813418 0.062688935010512051 0.02805359491756727 0.0067445363527428451 -0.0058549576503349448 0.070040325165785441 -0.020688753021089638 0.010164909537938064
leaf_weight=324.6254602111876 116.47329696035013 433.10030249459669 526.41937016975135 162.11226527066901 1356.7973334731068 2073.9198131710291 219.32050263416022 614.34481313498691 3.437539027305319 16.163610365474597 448.57458480540663 489.98320402763784 832.11118831997737 8.4621701184660179 4902.0842656656168 183.8786686770618 1225.5922236586921 2317.784983673133 59.114861454349011 7.9442130569368627 90.498600349761546 107.1437455592677 12.678696228191255 9.3324606288224441 82.200075447559357 119.64515311317518 17.664053447544578 10.474152360111473 121.54610766586848 341.14649397414178
leaf_count=7622 6731 7448 41775 2590 32626 18152 9074 33437 98 681 3112 2916 20649 144 64015 917 15437 39445 1551 100 3041 1147 116 70 566 3321 426 121 4276 7604
internal_value=-0.000104909 0.00135428 -0.0162909 0.00187029 -0.00310987 0.00300024 -0.0130971 -0.0098183 -0.00690657 -0.00751953 0.00338815 0.00702601 -0.00960018 0.000421339 0.00240335 0.00964149 0.0018825 0.00101466 0.00645172 0.0229339 0.0127411 -0.00288341 0.0926855 0.00415967 0.0128482 -0.00868943 -0.0115758 0.0236932 -0.0165366 0.0017311
internal_weight=17234.6 15810 1424.62 15266 2822.18 12443.8 543.946 898.203 781.729 778.292 12010.7 2563.9 994.223 1827.95 9446.83 632.453 8814.37 7409.21 1405.16 170.236 149.613 2507.13 20.6229 1234.92 189.344 762.128 642.483 28.1382 130.008 1697.94
internal_count=329208 242618 86590 225922 67889 158033 16696 44815 38084 37986 150585 21068 23239 44650 129517 4029 125488 105173 20315 4808 4592 41158 216 15507 1713 37305 33984 547 4420 40230
cat_boundaries=0 1 2
cat_threshold=4 8
is_linear=0
shrinkage=0.04


Tree=61
num_leaves=31
num_cat=2
split_feature=4 22 11 22 0 24 37 9 22 29 24 22 24 35 6 42 46 15 1 14 17 21 17 21 17 21 19 20 21 19
split_gain=240.533 74.7803 73.6729 43.3066 38.8296 37.0833 32.6114 34.267 31.5075 32.6157 30.3222 35.6832 41.8566 27.6973 39.9491 27.5994 26.0964 26.4462 25.7328 25.1247 24.8509 28.8472 24.3974 22.8245 39.4839 25.5562 25.4862 22.8209 32.2651 21.2523
threshold=2.6650000810623173 0.13668338954448703 0.036171836778521545 0.10333079844713212 2.7549999952316289 0.0087688709609210509 77.208553314208999 16.500000000000004 0.10389413684606554 19.750000000000004 0.10779173672199251 0.056081175804138191 0.073272291570901885 15.750000000000002 205.25000000000003 0 1 3.5000000000000004 2.054999947547913 79.189998626708999 3.5000000000000004 76.225658416748061 3.5000000000000004 68.738159179687514 1.5000000000000002 68.600280761718764 59.500000000000007 179.00000000000003 67.353210449218764 145.50000000000003
decision_type=2 8 8 10 8 10 8 2 10 2 10 10 10 2 2 9 1 2 10 8 8 10 10 10 8 10 10 2 10 8
left_child=1 2 4 -2 20 -4 7 10 9 -5 11 13 15 14 -7 -13 -3 19 -10 -18 21 -1 -9 24 -17 27 -25 -26 -29 -12
right_child=3 16 5 8 -6 6 -8 22 18 -11 29 12 -14 -15 -16 23 17 -19 -20 -21 -22 -23 -24 26 25 -27 -28 28 -30 -31
leaf_value=-5.4677345025900461e-05 -0.022865920840907189 0.00826650156624021 -0.012257282736316648 -0.017219401462618408 -0.025466276460969533 -0.0022416321372191713 0.014254609343754797 0.012278445412892526 0.009289821108692425 0.15040765135592893 -0.011901304471645618 0.075672701721233596 -0.0019745844814268955 -0.013428250010198409 0.073487632603228353 0.026838896064962845 0.0046995209612335862 0.0099491761520677079 -0.014698592249169419 -0.0023837275533912061 -0.015627790547954372 -0.025529076935932614 0.0014845753735920472 -0.0032882230433756571 -0.0016236139492024975 0.03279999818480768 0.0080116889815741166 0.025758772431211965 -0.0034285616207609497 0.0020377100921291622
leaf_weight=688.80005587730557 799.54641736391932 2145.5031168060377 352.91525463014841 2.9653412571642539 209.68434948357753 1411.0584684456699 284.22993227886036 602.84190647630021 100.33702922798693 3.137940984684974 591.61154735274613 8.1248656962998211 1859.7070952034555 410.91437635733746 10.232331634499131 191.55620155343786 1642.6338743413799 676.21662405645475 242.35368522349745 1561.6459343782626 344.24665852705948 78.355437516001984 755.58638785779476 628.48532945569605 407.88821977656335 53.200001697055995 646.77290603239089 145.77127530099824 102.48027197271585 247.3356436798349
leaf_count=18621 59942 22264 12111 154 13767 28413 4099 5322 3703 85 5660 147 19717 10789 266 2738 17382 10355 13168 23229 13599 3591 8014 9938 6033 750 8833 2202 1708 2320
internal_value=-6.03598e-05 0.00120458 -0.000910725 -0.0177377 -0.00970918 0.000424171 0.000961537 0.000491352 -0.00593909 0.0774427 -0.00068045 0.000334993 0.00243363 -0.00429366 -0.00164234 0.00618782 0.00472626 0.00276623 -0.00765675 0.0012465 -0.00671253 -0.00269163 0.00628312 0.00589191 0.0107637 0.00638531 0.00244141 0.00419086 0.0137285 -0.00778955
internal_weight=17206.1 16057.8 10031.8 1148.34 1321.09 8710.71 8357.8 8073.57 348.794 6.10328 6715.14 5876.19 4043.99 1832.21 1421.29 2184.28 6026 3880.5 342.691 3204.28 1111.4 767.155 1358.43 2176.15 900.896 709.34 1275.26 656.14 248.252 838.947
internal_count=328920 251868 178638 77052 49578 129060 116949 112850 17110 239 99514 91534 52066 39468 28679 32349 73230 50966 16871 40611 35811 22212 13336 32202 13431 10693 18771 9943 3910 7980
cat_boundaries=0 1 2
cat_threshold=8 8
is_linear=0
shrinkage=0.04


Tree=62
num_leaves=31
num_cat=2
split_feature=4 22 22 0 24 4 5 28 1 21 16 24 12 46 14 25 20 25 21 24 43 21 1 25 25 24 40 22 15 29
split_gain=228.652 76.4474 52.3569 49.9397 47.375 44.3844 40.139 37.0915 34.8633 32.9631 30.9596 30.1924 30.0061 29.9876 31.3714 43.7304 36.349 34.7628 35.2292 30.9811 30.9481 29.8916 29.214 34.3018 32.5116 35.4537 27.5526 29.7896 27.2539 36.2142
threshold=2.6650000810623173 0.021463197655975822 0.20523230731487277 2.2250000238418584 0.23999456316232684 0.78499999642372142 25.500000000000004 6.5000000000000009 1.8550000190734866 58.025424957275398 1.5000000000000002 0.22274187207221988 2.5000000000000004 0 95.729999542236342 87.125000000000014 184.00000000000003 37.125000000000007 69.308376312255874 0.0056790886446833619 1 67.76965713500978 0.69499999284744274 221.12500000000003 688.25000000000011 0.10706589370965959 0.1813127472996712 0.022444034926593307 3.5000000000000004 6.7500000000000009
decision_type=2 8 10 10 10 2 2 2 10 10 2 10 10 1 10 2 2 2 10 10 9 10 10 2 2 10 8 10 2 2
left_child=1 -1 3 13 9 -5 28 8 -2 11 -11 -4 -12 19 15 17 22 18 -15 21 -21 -3 -17 -24 -25 -26 -22 -28 -7 -30
right_child=7 2 4 5 -6 6 -8 -9 -10 10 12 -13 -14 14 -16 16 -18 -19 -20 20 26 -23 23 24 25 -27 27 -29 29 -31
leaf_value=-0.013606401180615662 0.0036211540020364488 0.002359312046603767 0.016817184871137866 -0.014587774612217498 -0.001886966844588465 0.0010744537475714593 -0.0060232759280700121 -0.02766178832520487 -0.016993046190810525 0.012956599382855738 -0.010714637897079809 0.051617738107826182 0.0078932816216327733 0.0053059349338685563 -0.0067344355123539618 0.0085796882417245642 0.012470985087104477 -0.0087118610015162554 -0.0086152690923325913 0.0095024602069502927 0.0069424098089736529 -0.022880503766277354 0.0044660725128515188 -0.01218296575638694 -0.0006344414116574705 0.064089461608975884 0.068545169214572446 -0.0042519004823103369 0.1131073446359985 0.014108809021396079
leaf_weight=546.61534713045694 169.20942693459801 200.20271341735497 200.90317017165944 498.080029692268 688.17413588427007 1152.7831916587893 1565.9433982642367 383.10559785505757 575.12621938111261 890.93114490713924 215.52438043057919 49.68720075301826 384.3601144766435 1020.0606453409418 868.57629464240745 709.93052415549755 743.25925185391679 895.1855340404436 405.60777943627909 1826.7248589554802 844.12083200365305 118.73603120166808 688.12987932935357 509.47231931984425 48.027686562389135 17.782534897327423 8.0947380168363434 788.30601366981864 5.154122127685695 184.88840726064518
leaf_count=17078 9481 5646 1745 18937 4466 23141 46253 29934 37576 9150 1838 312 3051 19082 13813 5222 7135 13052 6036 18103 9123 4661 6216 4246 381 97 127 8612 129 4429
internal_value=-0.000139996 0.00108149 0.00159962 0.000598771 0.00699155 -0.00356594 -0.00167288 -0.0175453 -0.0123029 0.0105016 0.00823035 0.0239111 0.00119453 0.00206331 0.000280953 0.00149246 0.00493689 -0.00253797 0.00133924 0.00484173 0.00594001 -0.00706673 0.00209227 -0.00155385 -0.00875683 0.0174922 0.00189796 -0.00342193 0.00339808 0.0173927
internal_weight=17202.7 16075.3 15528.6 13099.1 2429.58 3406.85 2908.77 1127.44 744.336 1741.41 1490.82 250.59 599.884 9692.22 5906.03 5037.46 2716.6 2320.85 1425.67 3786.19 3467.25 318.939 1973.34 1263.41 575.283 65.8102 1640.52 796.401 1342.83 190.043
internal_count=329072 252081 235003 214441 20562 92889 73952 76991 47057 16096 14039 2057 4889 121552 75280 61467 23297 38170 25118 46272 35965 10307 16162 10940 4724 478 17862 8739 27699 4558
cat_boundaries=0 1 2
cat_threshold=8 144
is_linear=0
shrinkage=0.04


Tree=63
num_leaves=31
num_cat=1
split_feature=0 5 9 7 21 1 46 19 24 1 17 4 37 14 28 25 21 25 14 21 25 28 24 24 25 9 20 20 24 24
split_gain=208.533 68.2896 74.1813 65.3875 63.9453 58.0757 41.9049 53.8501 51.5487 39.8312 34.2791 32.8921 32.2145 31.5245 28.4626 27.9894 27.4468 27.3925 25.2303 26.3175 24.7926 24.5227 27.3167 49.3305 23.9954 23.5321 23.1989 22.9181 27.8833 21.6755
threshold=2.7549999952316289 34.500000000000007 2.5000000000000004 43.500000000000007 78.685558319091811 2.8149999380111699 0 17.500000000000004 0.0046844331081956634 2.5149999856948857 2.5000000000000004 2.1149998903274541 70.399578094482436 83.979999542236342 7.5000000000000009 306.87500000000006 63.611358642578132 186.37500000000003 80.81000137329103 58.025424957275398 444.87500000000006 6.5000000000000009 0.036634195595979697 0.035720549523830421 709.87500000000011 12.500000000000002 171.50000000000003 110.00000000000001 0.23295158147811892 0.20728209614753726
decision_type=10 2 2 2 10 10 1 8 10 10 10 2 10 10 2 2 8 2 10 8 2 2 10 10 2 2 2 2 10 10
left_child=1 3 -3 4 6 16 7 13 -9 15 14 24 17 -1 -4 18 -2 29 27 26 -17 22 23 -14 -12 -6 -20 28 -8 -10
right_child=5 2 10 -5 25 -7 9 8 12 -11 11 -13 21 -15 -16 20 -18 -19 19 -21 -22 -23 -24 -25 -26 -27 -28 -29 -30 -31
leaf_value=0.00087007967154716038 0.010318499117985491 -0.014429073828261677 0.0044739045899545044 0.011250247630816992 -0.018840433056300211 -0.026068203550268079 0.018249998328042066 -0.0099898858248533545 0.0072758656795132793 -0.011864833034763336 4.6364676734303698e-05 -0.0071763612854437832 0.0269945083037452 -0.018692529895432099 0.028998608765547461 0.01407927038099027 -0.011491113610937565 -0.0025934327113519384 -0.015477285439706877 -0.0041974562762477491 0.00095834963347875258 0.0035100619806723811 0.013968708021987504 0.12884915367285063 0.022647979792556269 0.065902287740170457 0.036761394144247173 0.00071853993954484484 -0.0029408647121200462 0.024953570394070378
leaf_weight=418.65691564511508 103.87795547698624 744.92887817998417 506.39002831606194 1317.2352859643288 270.01177091058344 493.33841342339292 284.85094980988652 242.11428794357926 1335.6714541560505 408.27436268166639 1999.481761216186 1318.6190991990734 188.25644204136916 191.0662576793693 88.299168210942298 453.15112858358771 771.47352360188961 442.48928683344275 18.427341356873512 2045.5139959859662 469.45616301894188 231.21626952430233 577.7010601805523 7.0550805968232444 77.107649056240916 4.3693571314215651 45.569793540984392 1866.5029738312587 151.43832174688578 120.58469441439956
leaf_count=5734 2995 29714 6011 12931 8824 41601 2224 8460 15880 10383 23627 27360 2724 4446 1157 3986 41876 4073 97 33656 4244 4188 6607 111 496 47 408 23732 728 746
internal_value=-0.000125672 0.00117002 -0.00285057 0.00288712 0.00175839 -0.015099 0.00230946 0.00559482 0.00770422 0.000160248 -0.000684749 -0.00223789 0.00918425 -0.00527419 0.0081646 0.00108331 -0.00888958 0.00611095 -0.000241205 -0.00340148 0.00741547 0.0149793 0.0183957 0.0313317 0.000898027 -0.017242 0.0216515 0.0026523 0.0108955 0.00875852
internal_weight=17193.1 15824.4 4734.83 11089.6 9772.38 1368.69 9498 3754.81 3145.09 5743.19 3989.9 3395.21 2902.97 609.723 594.689 5334.91 875.351 1898.75 4412.3 2109.51 922.607 1004.23 773.013 195.312 2076.59 274.381 63.9971 2302.79 436.289 1456.26
internal_count=329066 242594 88365 154229 141298 86472 132427 52969 42789 79458 58651 51483 34329 10180 7168 69075 44871 20699 60845 34161 8230 13630 9442 2835 24123 8871 505 26684 2952 16626
cat_boundaries=0 1
cat_threshold=8
is_linear=0
shrinkage=0.04


Tree=64
num_leaves=31
num_cat=4
split_feature=0 1 22 21 46 17 23 11 6 21 22 6 1 9 5 21 43 44 23 22 21 25 21 20 11 21 0 43 11 7
split_gain=205.506 96.0968 57.2925 42.4209 36.2072 34.3464 54.3405 34.2255 33.6447 34.9852 30.8933 29.2594 27.9091 26.0331 26.2266 25.2801 33.8653 34.9567 32.2673 29.9165 43.0167 43.3889 25.2645 25.2248 24.9152 24.4794 24.6186 24.282 23.4331 22.7522
threshold=3.0649999380111699 2.3750000000000004 0.038676800206303603 78.335498809814467 0 4.5000000000000009 1.0175490379333498 0.13372524827718738 175.25000000000003 84.860710144042983 0.13179826736450198 30.500000000000004 2.5449999570846562 16.500000000000004 27.500000000000004 59.264097213745124 1 2 1.206495523452759 0.19673433154821399 65.033275604248061 306.87500000000006 69.217826843261733 159.00000000000003 0.41898326575756079 81.694664001464858 2.2649999856948857 3 0.075072254985570921 30.500000000000004
decision_type=10 10 10 10 1 10 10 10 2 10 10 2 10 2 2 8 9 9 10 10 10 2 10 2 10 8 10 9 10 2
left_child=1 3 7 5 11 13 -7 -3 24 -10 27 12 -4 15 -15 -1 17 -17 -18 22 -21 -22 -20 28 -5 26 -25 -8 -6 -28
right_child=-2 2 4 8 23 6 10 -9 9 -11 -12 -13 -14 14 -16 16 18 -19 19 20 21 -23 -24 25 -26 -27 29 -29 -30 -31
leaf_value=0.009562737228547058 -0.023330793465123865 -0.024381944014249864 0.029629611022421894 -0.015732375866492235 0.027772534115943756 -0.023737386771059958 0.019061832523954183 0.0029399839468266082 -0.010313404878832278 0.075461735667966962 0.014812827358343619 -0.013318124614367481 -0.008275321570070094 0.017536700660500181 0.0051611467295047744 -0.0083611304992918783 0.003534445520799811 0.010211195875924251 -0.015429248313171837 -0.0015138304569897222 0.0016172092774397082 0.088249343110973419 0.036970173005188171 0.0024631016415506135 0.018628545369617167 0.076938266811768297 0.0015814379855388172 -0.0054041118987402442 0.0021333939270826202 -0.014028610742117247
leaf_weight=730.92100498080254 591.06517216050997 365.21959339990281 52.189381779171526 390.22394307213835 91.066434694919735 186.36200576927513 60.073632002808154 91.165400450117886 15.293630364350976 13.609047589823602 177.57035323791206 721.16163273761049 73.752646415494382 350.12623230461031 1263.2215546686202 856.93902999279089 7647.0701599661261 190.45367692830041 350.97564415074885 521.25470396596938 19.607011009007692 16.741276863962412 14.392613179981707 746.93852219823748 36.015052416361868 5.2390040466561905 236.89346098550595 789.26843859697692 151.38281227368861 400.64143125736155
leaf_count=5331 43397 21965 779 12075 3194 7610 767 2061 348 205 1441 21562 1628 3265 11428 15660 109519 2048 2760 3498 129 113 118 12126 404 76 10801 13936 2221 18701
internal_value=-0.000174678 0.000652647 -0.00591035 0.00206681 -0.00350706 0.00248208 -0.00392687 -0.018921 -0.00992447 0.0311136 -0.000308212 -0.0102116 0.00751035 0.00313275 0.00785855 0.0023949 0.0018488 -0.00490921 0.00267828 -0.00437814 0.00144714 0.0429198 -0.0132589 -2.08063e-05 -0.0127829 -0.00210251 -0.00245982 -0.00348795 0.0118547 -0.00822861
internal_weight=17156.8 16565.8 2935.65 13630.1 2479.27 13175 1213.27 456.385 455.142 28.9027 1026.91 847.104 125.942 11961.7 1613.35 10348.4 9617.43 1047.39 8570.04 922.971 557.603 36.3483 365.368 1632.16 426.239 1389.71 1384.47 849.342 242.449 637.535
internal_count=329166 285769 95114 190655 71088 177623 23754 24026 13032 553 16144 23969 2407 153869 14693 139176 133845 17708 116137 6618 3740 242 2878 47119 12479 41704 41628 14703 5415 29502
cat_boundaries=0 1 2 3 4
cat_threshold=4 12 8 128
is_linear=0
shrinkage=0.04


Tree=65
num_leaves=31
num_cat=2
split_feature=4 22 0 4 17 4 22 46 4 21 42 29 14 21 1 37 40 33 31 23 32 17 32 1 11 10 26 15 25 25
split_gain=188.257 62.9596 48.4886 45.4096 46.8984 43.4743 33.4601 32.0856 31.9461 31.8175 28.5469 27.0243 27.4972 25.6044 25.5935 24.5891 23.8915 22.4532 21.9765 21.1692 21.4285 20.8254 23.2615 24.8182 19.4678 19.0399 26.4608 18.9067 18.857 50.1149
threshold=2.6450001001358037 0.013385057449340822 2.0949999094009404 0.78499999642372142 2.5000000000000004 3.0649999380111699 0.073926765471696868 0 2.3850001096725468 77.486328125000014 1 17.250000000000004 95.215000152587905 80.563640594482436 2.685000061988831 69.840061187744155 0.10458350926637651 3.52988612651825 73.876617431640639 1.1474990844726565 1.1403846740722658 3.5000000000000004 1.0357838273048403 3.054999947547913 0.61167800426483165 38.250000000000007 1.5000000000000002 3.5000000000000004 89.125000000000014 170.87500000000003
decision_type=2 8 10 2 10 2 10 1 2 10 9 2 10 8 8 10 10 10 10 8 8 8 10 8 10 2 2 2 2 2
left_child=1 -1 7 10 9 6 -2 15 28 16 -4 12 18 -8 -12 -3 -5 -7 25 -14 -21 22 -17 -24 -25 26 -9 -28 -6 -30
right_child=5 2 3 4 8 17 13 11 -10 -11 14 -13 19 -15 -16 21 -18 -19 -20 20 -22 -23 23 24 -26 -27 27 -29 29 -31
leaf_value=-0.02120831458038594 -0.019748979730392718 0.003571181214934232 0.077919027075991729 0.012510597983098917 -0.0068063069089775987 -0.02995051052002011 -0.0046621043775959079 -4.0784490776977144e-05 -0.011757976696287902 -0.020966871434528054 -0.0067515552236301329 -0.0030812738056878088 -0.0088207112302258594 0.092692970735344715 -0.023462263561258828 0.030229763097904833 0.002372023322681526 0.0648506172750907 0.019351706279506754 0.021345618050108345 -0.0050258788003309865 0.0009589071499467776 0.014729599271932306 -0.0040957343796305607 0.042568061496785881 0.0084475978608036933 0.0071404724774172161 0.035465194956401616 0.016471997693112674 -0.003672345134498651
leaf_weight=198.96914722863585 382.38788453862071 2970.2189039341174 4.6458549024537206 508.52600678429008 601.2055279253982 297.3877572696656 459.61554697621614 2488.2596788164228 662.29471924947575 76.965220696059987 433.31082992767915 1788.9889332484454 519.50191304786131 3.361552705988287 222.47838203283027 111.12090793019161 1384.6211554349866 3.1195539648178956 141.16769022867084 86.504954765550792 111.84135467279702 299.00882945768535 647.00558051466942 204.38150375848636 14.372344572097061 908.64781012758613 650.72608718369156 39.228408684954047 278.60707235243171 672.32362675853074
leaf_count=6820 31269 32762 133 10647 18187 25988 22637 26253 26354 3161 10318 22743 8592 41 12531 1285 22131 145 1854 786 1538 3837 5763 2166 78 7968 8208 764 4843 9209
internal_value=-2.54506e-05 0.00109469 0.00137666 -0.00195584 -0.000415305 -0.0156812 -0.0110055 0.00284742 -0.00440943 0.00407207 -0.0116953 0.00112954 0.00265377 -0.00374836 -0.0124539 0.00557035 0.00510267 -0.0287413 0.00388324 -0.00457743 0.00650486 0.0102148 0.0130399 0.0107966 -0.000831918 0.00334335 0.0018806 0.0088057 -0.00126569 0.00223652
internal_weight=17170.8 16024.9 15826 4844.98 4184.54 1145.87 845.365 10981 2214.43 1970.11 660.435 6734.87 4945.88 462.977 655.789 4246.11 1893.15 300.507 4228.03 717.848 198.346 1275.89 976.88 865.759 218.754 4086.86 3178.21 689.954 1552.14 950.931
internal_count=329011 248931 242111 117514 94532 80080 53947 124597 58593 35939 22982 78706 55963 22678 22849 45891 32778 26133 45047 10916 2324 13129 9292 8007 2244 43193 35225 8972 32239 14052
cat_boundaries=0 1 2
cat_threshold=8 8
is_linear=0
shrinkage=0.04


Tree=66
num_leaves=31
num_cat=2
split_feature=4 22 5 7 9 14 21 19 46 20 25 19 25 43 23 25 24 25 31 24 5 28 22 25 23 25 40 31 19 25
split_gain=181.697 56.7903 44.3244 62.1106 57.5393 39.6997 34.2517 33.2496 37.0573 35.3689 34.615 36.764 32.0347 36.1189 52.8711 37.8184 31.8877 30.2815 29.5436 29.5425 28.0546 25.3882 24.0373 22.995 39.1461 36.3981 28.264 22.6404 21.2845 21.2667
threshold=2.6650000810623173 0.013385057449340822 34.500000000000007 43.500000000000007 2.5000000000000004 88.36999893188478 62.106197357177741 59.500000000000007 0 218.00000000000003 314.12500000000006 79.500000000000014 709.87500000000011 1 1.0404490828514101 468.75000000000006 0.0096148685552179831 156.25000000000003 79.062389373779311 0.23999456316232684 29.500000000000004 3.5000000000000004 0.28260818123817449 80.375000000000014 1.1107503771781924 105.37500000000001 0.14849621802568438 69.370029449462905 49.500000000000007 110.12500000000001
decision_type=2 8 2 2 2 8 8 10 1 2 2 8 2 9 10 2 10 2 10 10 2 2 10 2 10 2 8 10 10 2
left_child=1 -1 3 6 -4 22 19 9 16 -8 11 17 13 14 18 23 -9 21 29 -3 -12 -10 -2 28 25 -25 -27 -18 -16 -6
right_child=5 2 4 -5 12 -7 7 8 10 -11 20 -13 -14 -15 15 -17 27 -19 -20 -21 -22 -23 -24 24 -26 26 -28 -29 -30 -31
leaf_value=-0.02038931595548675 -0.0057217246910734485 0.010746730657204025 -0.012594602431384215 0.01071013745257063 -0.017260205180672724 -0.021036786736028708 -0.0011599958942251972 -0.010183264167729984 -0.015493050494568544 -0.015051881226738494 0.011047693318193311 -0.0047637229304045934 0.018977911415530381 -0.0040129871786681636 0.014444461326916536 -0.0080153895045893594 0.0038721429391889461 -0.015230722682161307 0.07811172739185962 -0.0013479261361049625 -0.017409611113545595 0.018928219590326107 0.066717621638183774 0.054515359055362124 0.0051639021882973965 0.02818020972948182 0.0019142247777090221 0.013026384326867582 -0.0081851342293855316 -0.00078167611780459835
leaf_weight=195.42691505141556 301.82587322662584 1053.6755579551682 697.10607432853431 1338.0535645908676 215.19486212334596 753.42032073903829 3199.7989278712776 156.80438319523819 38.527495376765728 321.97073223232292 554.30231520347297 1872.3832851550542 134.29477561078966 2305.4437581188977 122.89312887704 176.08717103488743 841.34498778101988 66.196473876945674 5.4992924607358864 464.76836995128542 60.577791926451027 262.01716578635387 6.5077983462251714 56.356435610447079 280.76319752726704 196.92356738215312 98.74285314232111 894.16463377745822 142.43920339387842 299.60460879607126
leaf_count=6881 20208 9375 28621 13122 10175 56627 48338 5689 1005 8812 5691 30370 1028 32619 1752 1732 9682 563 107 2745 1016 5717 173 723 2287 2056 1023 13379 2479 4823
internal_value=-7.46902e-05 0.000985531 0.0012505 0.00262982 -0.00199164 -0.0160925 0.00152365 0.000508681 0.00269385 -0.00243508 -0.000183159 -0.00249347 -0.000155822 -0.000820414 0.00379411 0.00888606 0.00703289 0.00906778 -0.00663511 0.00704369 0.00821388 0.0144657 -0.00396912 0.0122095 0.0163498 0.0252201 0.0194577 0.00859566 0.00229601 -0.00769784
internal_weight=17113.1 16051.4 15855.9 11124.6 4731.35 1061.75 9786.53 8268.09 4746.32 3521.77 2854 2239.12 4034.24 3899.95 1594.5 1074.21 1892.31 366.741 520.299 1518.44 614.88 300.545 308.334 898.118 632.786 352.023 295.666 1735.51 265.332 514.799
internal_count=328818 251810 244929 155504 89425 77008 142382 130262 73112 57150 44362 37655 60804 59776 27157 12052 28750 7285 15105 12120 6707 6722 20381 10320 6089 3802 3079 23061 4231 14998
cat_boundaries=0 1 2
cat_threshold=8 148
is_linear=0
shrinkage=0.04


Tree=67
num_leaves=31
num_cat=0
split_feature=0 22 1 21 25 25 20 21 25 4 21 20 21 1 11 20 21 25 22 20 19 16 20 17 21 24 25 23 22 23
split_gain=168.483 72.3362 50.6901 37.783 54.5568 41.0497 37.5647 54.2694 59.9352 35.642 28.1375 25.7487 31.6263 25.0326 24.8649 27.9479 27.0183 26.2535 22.8237 31.179 26.0633 27.174 27.0431 24.7067 39.3984 28.1397 22.8068 23.4311 22.7728 27.9921
threshold=3.0049999952316289 0.020953977480530742 2.2549999952316289 68.029621124267592 167.62500000000003 788.12500000000011 218.00000000000003 67.314323425292983 451.12500000000006 2.2250000238418584 66.692729949951186 159.00000000000003 58.025424957275398 2.8349999189376835 0.6670682728290559 177.50000000000003 78.888462066650405 503.87500000000006 0.022444034926593307 179.00000000000003 10.500000000000002 4.5000000000000009 159.00000000000003 4.5000000000000009 73.370883941650405 0.075360294431447997 627.62500000000011 1.0056059360504153 0.20523230731487277 1.2001963853836062
decision_type=10 8 10 10 2 2 2 10 2 2 10 2 10 10 10 2 10 2 8 2 8 2 2 10 8 10 2 8 10 10
left_child=1 9 14 4 11 6 -6 -8 -9 -1 -7 -4 -13 -2 16 -16 18 -18 19 -3 22 23 -20 25 -25 26 27 -22 29 -27
right_child=13 2 3 -5 5 10 7 8 -10 -11 -12 12 -14 -15 15 -17 17 -19 20 -21 21 -23 -24 24 -26 28 -28 -29 -30 -31
leaf_value=-0.0055258541212368289 -0.012852327886637592 0.077540923589914282 0.019763543570422905 -0.0072690303165895776 -0.01407928774913471 -0.01035667395292759 -0.0026560824494442394 0.13530138660281232 0.01466613632855273 -0.026832145691263382 0.10048255116234382 0.062954372868565395 0.0026770935266324349 -0.02880720041965474 0.0044683973711449748 0.033395251813251363 -0.017061132167604402 0.034248606621272118 0.0041016178636520493 0.0089956507071305251 -0.0048345058323006826 -0.034110531931136542 -0.0073627150563700741 -0.00031657717609384568 -0.026521326556399681 0.0013971761421386546 -0.019230247276865599 0.0072775922493113288 0.0056997353312942516 -0.0085949021226435912
leaf_weight=323.13564037857577 346.44960981514305 13.941231897566466 214.35821665590629 1750.6553885538597 510.56922225747257 5.6118987035006276 146.08778199879453 9.2007120810449141 19.683479928411543 205.90014983830042 8.4336484093219024 13.229942117352037 682.99944474012591 294.12180153420195 142.75357025489211 85.15202403254807 180.22700122045353 16.52188728749752 534.14942676620558 38.411728434031829 273.23697041813284 30.678789168596268 853.74386754934676 727.62875322555192 104.11219383054413 3608.929329725448 55.090459613129497 3734.3446578215808 1663.3373396052048 511.22015413735062
leaf_count=8467 21642 230 2926 59903 9280 90 2771 113 369 10939 123 375 19518 27683 944 633 5140 204 6594 713 8589 157 16032 10623 4617 33891 725 59834 12280 3765
internal_value=-0.000107508 0.000675901 0.00115962 -0.00320298 0.0012171 -0.00717434 -0.00860209 0.00734685 0.0564686 -0.0138608 0.058186 0.00766927 0.00391689 -0.0202178 0.00232621 0.0153924 0.00208345 -0.0125808 0.00232228 0.028435 0.00220659 0.00287522 -0.00294786 0.00298505 -0.00362944 0.00354451 0.00609594 0.00644979 0.0017508 0.000154623
internal_weight=17103.9 16463.3 15934.3 3360.83 1610.17 699.587 685.541 174.972 28.8842 529.036 14.0455 910.588 696.229 640.571 12573.5 227.906 12345.6 196.749 12148.8 52.353 12096.5 10708.6 1387.89 10677.9 831.741 9846.16 4062.67 4007.58 5783.49 4120.15
internal_count=329170 279845 260439 95468 35565 12746 12533 3253 482 19406 213 22819 19893 49325 164971 1577 163394 5344 158050 943 157107 134481 22626 134324 15240 119084 69148 68423 49936 37656
is_linear=0
shrinkage=0.04


Tree=68
num_leaves=31
num_cat=2
split_feature=4 5 9 7 22 21 21 15 43 14 11 46 23 23 21 21 20 22 25 22 17 25 22 23 1 18 25 28 22 24
split_gain=169.223 56.419 64.8025 54.7669 42.7949 38.8336 31.3998 30.9184 35.6289 39.8042 52.3623 34.8746 37.2934 30.9112 33.5256 38.1801 72.7183 40.5702 37.0677 30.0758 29.871 34.4486 32.6211 36.3996 29.7897 29.526 27.1028 26.9703 26.8835 25.6353
threshold=2.6650000810623173 34.500000000000007 2.5000000000000004 43.500000000000007 0.10333079844713212 78.685558319091811 62.106197357177741 1.0000000180025095e-35 0 86.399997711181655 0.55588430166244518 1 1.0056059360504153 1.1027429699897768 64.958610534667983 67.69885635375978 218.00000000000003 0.053270939737558372 60.125000000000007 0.15233419835567477 2.5000000000000004 688.25000000000011 0.09124972298741342 1.2658119201660158 2.5849999189376835 1.5000000000000002 402.87500000000006 7.5000000000000009 0.05672194994986058 0.23999456316232684
decision_type=2 2 2 2 10 10 8 2 9 10 8 1 10 10 10 10 2 10 2 10 10 2 10 10 10 10 2 2 8 10
left_child=1 3 -3 5 -2 6 29 -8 9 10 -9 12 -10 14 -14 16 17 -16 -19 -15 27 25 -23 -24 -13 -22 -27 -4 -12 -1
right_child=4 2 20 -5 -6 -7 7 8 11 -11 28 24 13 19 15 -17 -18 18 -20 -21 21 22 23 -25 -26 26 -28 -29 -30 -31
leaf_value=0.010493837520226555 -0.021326212252988631 -0.013772567653185731 0.0036817579471105913 0.0099557831868905804 -0.0037406396720257133 -0.01374444562734985 0.033228200362093355 -0.0068017699575252779 -0.010960145501112422 -0.018025936814879212 0.063016355980196892 0.00012066238685855697 -0.00932787254453552 -0.0060585569668330421 0.10106400332801489 0.0080625494539186687 0.07975986832672273 0.02897599506161044 -0.0002615164255320601 0.0091507758008269307 0.00083985480676710788 -0.0016421326174508764 0.056134420593068057 -0.007415393070292528 -0.015005588004616195 -0.004076225981160227 -0.016294593807743358 0.026740805670933065 0.013079552329601816 -0.00070464258162375546
leaf_weight=1058.5152802006342 710.4250144388061 725.56086938176304 526.34446284081787 1351.4860467771068 323.03331931610592 263.59373161150143 45.749693092657253 540.16617304366082 212.36194300069474 322.06218653148971 19.162650810554624 4023.2967199145351 137.33888398949057 501.52518148440868 7.9392440458759657 1251.7653704693075 32.183078860864043 136.17970122164115 139.79821788123809 353.945916330209 1612.9947383410763 70.848701140843332 46.757456419989467 20.20284191519022 218.66462370054796 1376.7010049261153 368.13078896701336 95.20854807109572 129.82922313921154 472.00721339741722
leaf_count=9338 59973 30801 6520 13340 17035 8853 1153 7918 7799 8636 236 56462 1284 5018 98 19757 444 1638 1568 3173 25050 764 287 113 6659 24883 4324 1283 1916 2778
internal_value=-0.000160814 0.000848934 -0.00275858 0.0024068 -0.0158422 0.00137141 0.00178815 0.000791212 0.000601706 -0.00637693 -0.0010014 0.00161581 0.00510565 0.00644334 0.00955471 0.0112162 0.0236273 0.0169928 0.0142036 0.000232878 -0.000813771 -0.00225174 0.0172728 0.0370747 -0.000661476 -0.00305914 -0.00666425 0.00725761 0.0199062 0.00703945
internal_weight=17093.8 16060.3 4842.75 11217.6 1033.46 9866.09 9602.49 8071.97 8026.22 1011.22 689.158 7015 2773.04 2560.68 1705.2 1567.87 316.1 283.917 275.978 855.471 4117.19 3495.64 137.809 66.9603 4241.96 3357.83 1744.83 621.553 148.992 1530.52
internal_count=329101 252093 94025 158068 77008 144728 135875 123759 122606 18706 10070 103900 40779 32980 24789 23505 3748 3304 3206 8191 63224 55421 1164 400 63121 54257 29207 7803 2152 12116
cat_boundaries=0 1 2
cat_threshold=12 8
is_linear=0
shrinkage=0.04


Tree=69
num_leaves=31
num_cat=2
split_feature=0 1 1 5 21 43 20 17 21 6 23 12 31 0 26 14 15 22 21 21 32 4 22 4 10 6 43 35 10 25
split_gain=168.585 48.9454 44.4883 37.9212 34.7307 31.9012 29.8748 27.3034 35.696 27.0883 32.9803 25.9249 29.7463 25.3295 27.9475 50.2714 24.301 24.157 23.8661 23.4363 22.6224 21.4456 20.808 22.5891 20.726 20.6829 20.68 20.6493 20.0603 28.8015
threshold=2.7549999952316289 2.3750000000000004 2.8449999094009404 20.500000000000004 68.029621124267592 0 159.00000000000003 4.5000000000000009 73.370883941650405 175.25000000000003 1.0163922309875491 2.5000000000000004 74.563243865966811 1.0000000180025095e-35 1.5000000000000002 92.005001068115249 3.5000000000000004 0.11079758778214456 84.860710144042983 58.025424957275398 1.1386471390724184 1.0000000180025095e-35 0.13179826736450198 1.9450000524520876 13.750000000000002 8.5000000000000018 1 8.7500000000000018 38.750000000000007 111.12500000000001
decision_type=10 10 10 2 10 9 2 10 8 2 8 8 10 8 2 10 2 10 10 10 10 2 10 2 2 2 9 2 2 2
left_child=1 5 17 -3 6 -1 -5 11 22 -10 18 13 -13 21 19 -16 -14 28 -11 -15 26 -7 -9 -24 -6 -22 27 -21 -2 -30
right_child=2 3 -4 4 24 7 -8 8 9 10 -12 12 16 14 15 -17 -18 -19 -20 20 25 -23 23 -25 -26 -27 -28 -29 29 -31
leaf_value=-0.0080901812261997379 -0.015065028806062626 0.0032656848828555647 -0.02465132623149429 0.023551733894203432 -0.017111254964341373 0.028483412687594786 -0.0037366865983287528 -0.002543770190209493 -0.021677288274341035 -0.0027863572958771237 -0.018680127803153219 0.0038724236387514726 0.010576148520936902 0.011226743641590193 0.010453261729802897 -0.0084463691825759826 0.039875250792467856 0.0013445873331565518 0.096162598260437979 -0.013811073793842929 -0.016079960071168103 -0.0037908370444218655 0.033327951305474605 0.0022641232452720668 -0.0042500455879519424 0.0015807832780103557 -0.0083933303362756576 0.0026413318061373437 -0.015637850350123324 0.055924194053737386
leaf_weight=469.38299593492411 558.06401478918269 778.1864987835288 421.9664354918059 69.151432381477207 597.11983802914619 90.112412030808628 752.6644490363542 745.17786181578413 222.02222997881472 6.1501070559024802 18.93148464569822 7648.4564190318342 176.85355765372515 179.92977697588503 777.50632024975494 315.74022758891806 60.771392296999693 261.81219729897566 9.0708775483071786 134.65692761028185 372.56660814397037 50.946010953746736 56.735700067132711 107.97432096023113 304.2020588950254 147.39936146140099 510.88518085307442 1214.039220249746 19.684782320167869 15.002017688937483
leaf_count=8809 36911 16239 40017 940 25980 735 17171 12577 7889 133 668 89560 2522 1129 7854 5728 612 8751 96 1813 3777 334 382 1085 6402 1169 11140 17935 590 232
internal_value=-5.29954e-05 0.00107565 -0.0140304 -0.00405669 -0.00736584 0.00204031 -0.00140982 0.0024158 -0.00341497 -0.0165736 0.0161638 0.00300057 0.00430756 0.000282283 -0.000361021 0.00498848 0.0182217 -0.00875857 0.0582282 -0.00264861 -0.00370375 0.0168541 0.000299531 0.013125 -0.0127845 -0.0110724 -0.00163637 0.00097945 -0.0132225 0.0159004
internal_weight=17093.2 15816.6 1276.53 2501.32 1723.14 13315.3 821.816 12845.9 1166.06 256.175 34.1525 11679.9 7886.08 3793.78 3652.72 1093.25 237.625 854.563 15.221 2559.48 2379.55 141.058 909.888 164.71 901.322 519.966 1859.58 1348.7 592.751 34.6868
internal_count=329180 242679 86501 66732 50493 175947 18111 167138 22830 8786 897 144308 92694 51614 50545 13582 3134 46484 229 36963 35834 1069 14044 1467 32382 4946 30888 19748 37733 822
cat_boundaries=0 1 2
cat_threshold=8 16
is_linear=0
shrinkage=0.04


Tree=70
num_leaves=31
num_cat=1
split_feature=4 1 22 22 0 19 6 15 14 19 21 40 22 40 43 22 4 14 22 21 23 16 22 24 21 15 6 32 23 23
split_gain=146.893 48.4251 54.8348 37.8456 34.2405 33.2809 29.4493 29.2034 38.4449 38.2142 28.4953 27.2776 25.8713 23.5749 23.4204 26.1686 23.3829 22.8846 21.2661 21.0078 20.5006 20.2658 27.1996 25.8816 19.9591 19.6664 19.2842 19.2599 22.3566 20.9114
threshold=2.6650000810623173 1.8149999976158144 0.043093513697385795 0.069668810814619078 1.985000014305115 49.500000000000007 177.25000000000003 3.5000000000000004 86.174999237060561 13.500000000000002 84.860710144042983 0.17717322707176211 0.24342960864305499 0.02949129976332188 0 0.044771078974008567 0.78499999642372142 79.014999389648452 0.18823487311601642 60.847053527832038 1.0159941315650942 2.5000000000000004 0.16738542914390567 0.15704888105392459 61.081151962280281 3.5000000000000004 62.500000000000007 1.142143249511719 1.159852981567383 1.1822507977485659
decision_type=2 8 8 8 10 8 2 2 10 10 10 10 10 10 9 8 2 10 8 8 10 2 10 10 10 2 2 10 10 10
left_child=1 21 4 -2 17 6 19 8 14 -10 27 16 -13 25 15 -4 18 -3 -9 -5 -15 22 23 24 -1 -6 -16 28 -11 -30
right_child=3 2 7 5 13 -7 -8 11 9 10 -12 12 -14 20 26 -17 -18 -19 -20 -21 -22 -23 -24 -25 -26 -27 -28 -29 29 -31
leaf_value=-0.037517978326964727 -0.023912058585961293 0.014425763068547861 0.042402849066154602 0.050924197683077627 -0.0030163936806805536 -0.013182248896945366 0.11742298505809939 -0.01320466897410463 -0.018031206962205375 -0.0035556547687419131 0.073680148931926204 -0.0069837839802302636 0.021001714906295734 -0.032654222670005575 0.0036669288023350507 0.0029367283364658543 0.012352410128204929 -0.0056115734214837124 0.01294766627752634 0.00028382163545831229 -0.013139368445547117 -0.0022929711725558589 0.010306812709969623 -0.014357427049011162 0.0039904290632129932 0.074080174654191269 -0.006264760215155765 -0.011811197295406535 0.016461426845275504 -0.0022551694904752212
leaf_weight=17.614968931302428 423.20024687540717 114.35914277285337 26.116691447561607 13.926796065410597 14.028645362937825 457.46101741096936 2.9611548145767292 123.70489143882878 294.87238457240164 1691.8275648178533 6.7678189333528271 361.20519614429213 60.85757884150371 103.60218676249497 471.54209741158411 3442.0419781298842 788.78000083332881 433.89426716696471 81.709832469932735 108.97141941566952 522.48540615546517 751.76859801821411 1099.7541102552786 128.88999766297638 3858.7499151220545 7.3437666199170044 923.06100530829281 342.90778937702999 191.13851549243554 188.84643422323279
leaf_count=143 38223 2004 474 403 681 30932 77 2946 8543 36674 98 6637 748 5517 8255 47021 13803 10631 1741 7372 23167 4673 8174 819 43398 257 16981 4485 2027 2114
internal_value=3.9447e-06 0.000934262 -0.000731166 -0.0148112 -0.00877528 -0.00817201 0.00996756 0.000338511 -0.000646438 -0.00445761 -0.0027963 0.00560904 -0.00289897 -0.0149974 0.00148216 0.00323788 0.00922422 -0.00140609 -0.00277009 0.00641936 -0.0164219 0.00383251 0.00473561 0.00320269 0.00379115 0.0254231 -0.00288292 -0.00304271 -0.0015845 0.00716758
internal_weight=17054.4 16047.9 10191.1 1006.52 1195.71 583.32 125.859 8995.38 7579.12 2716.36 2421.49 1416.26 422.063 647.46 4862.76 3468.16 994.195 548.253 205.415 122.898 626.088 5856.78 5105.01 4005.25 3876.36 21.3724 1394.6 2414.72 2071.81 379.985
internal_count=329018 252011 194804 77007 42257 38784 7852 152547 126672 53941 45398 25875 7385 29622 72731 47495 18490 12635 4687 7775 28684 57207 52534 44360 43541 938 25236 45300 40815 4141
cat_boundaries=0 1
cat_threshold=148
is_linear=0
shrinkage=0.04


Tree=71
num_leaves=31
num_cat=1
split_feature=0 4 20 15 8 22 9 5 25 2 25 25 17 22 21 17 18 8 20 16 22 20 19 38 37 11 12 19 46 5
split_gain=147.007 64.1642 54.2017 43.281 52.6389 29.9377 28.129 30.3149 27.966 27.096 26.2001 28.2654 33.3443 25.9123 30.8843 24.5864 29.4097 24.184 30.4912 23.9923 26.1135 29.798 26.4438 24.3386 23.126 30.5599 34.3308 22.6664 22.2835 28.3809
threshold=3.1049998998641972 2.4150000810623173 175.00000000000003 3.5000000000000004 72.500000000000014 0.013385057449340822 3.5000000000000004 34.500000000000007 709.87500000000011 0.80500000715255748 392.62500000000006 444.87500000000006 1.5000000000000002 0.040316659957170493 84.860710144042983 2.5000000000000004 1.5000000000000002 111.25000000000001 141.00000000000003 1.5000000000000002 0.12247302010655405 177.50000000000003 10.500000000000002 1.1328716874122622 77.208553314208999 0.087010599672794356 2.5000000000000004 64.000000000000014 0 8.5000000000000018
decision_type=10 2 2 2 2 8 2 2 2 10 2 2 10 8 10 10 10 2 2 2 10 2 10 10 10 10 8 8 1 2
left_child=1 5 28 13 10 -1 19 17 15 -2 -5 12 -12 -4 -15 -9 -17 -8 -19 20 21 27 -23 -22 -24 -26 -27 -7 -3 -30
right_child=9 2 3 4 -6 6 7 8 -10 -11 11 -13 -14 14 -16 16 -18 18 -20 -21 23 22 24 -25 25 26 -28 -29 29 -31
leaf_value=-0.01643625328925687 -0.027174106194464472 0.0095326460298533668 -0.02738754522485224 0.011009482609710082 -0.012051996296565988 -0.0016532176668965035 0.0029586361645251523 0.0073938454058121343 0.018535121236659943 -0.0037429805271952253 -0.012985083954426498 0.0091378996521843808 0.12700681761840033 -0.012584085753550996 0.10136701183992053 0.0021990638738487328 -0.0057688371347106851 0.026475856902923738 0.007208697428979104 -0.0074817021684325672 0.006813376448439018 -0.01850645434938411 -0.0049390371225292743 -0.002350508154665692 -0.002031622901841812 0.012750749035452954 0.10904193560609191 0.0087449539085899305 0.021637413782561263 -0.0090108300671302988
leaf_weight=149.42712071817368 372.08271607896313 352.45804516645148 237.10521876090206 115.01573674054816 212.49701512302272 943.22213137568906 3259.2610132903792 533.85106433881447 127.02137810736895 101.13455631956458 3.3180669834837344 12.068388041108845 10.02901315782219 661.97754256916232 2.8312051100656381 1431.1184410490096 1534.4553250202443 142.92558857053518 1566.2231707652099 719.119730446022 1390.2936202080455 226.89659966272302 1265.5445359358564 694.12266570050269 39.918259588768706 14.393856322392823 9.5907806446775776 518.94859278039075 55.826091631548479 322.09035177668557
leaf_count=4770 35646 11858 18117 4905 9236 17587 29163 6026 880 3490 117 334 265 33221 50 19683 22811 1252 15247 7297 17182 8276 33813 5965 800 179 125 7800 1234 11567
internal_value=-0.000234522 0.000394354 -0.00634964 -0.0113895 0.000475563 0.00131413 0.00149951 0.00295365 0.000171753 -0.0221934 0.0194114 0.0554261 0.0934468 -0.0160322 -0.0119413 -0.000498758 -0.00192292 0.00498291 0.00883677 -0.00064663 0.000317081 -0.00205965 -0.00591075 0.00376017 -0.00374575 0.0195368 0.0542382 0.00203799 0.0023075 -0.00442774
internal_weight=17024.8 16551.6 1985.22 1254.84 352.928 14566.3 14416.9 8594.86 3626.45 473.217 140.431 25.4155 13.3471 901.914 664.809 3499.42 2965.57 4968.41 1709.15 5822.05 5102.93 3018.51 1556.34 2084.42 1329.45 63.9029 23.9846 1462.17 730.374 377.916
internal_count=328896 289760 90904 66245 14857 198856 194086 95062 49400 39136 5621 716 382 51388 33271 48520 42494 45662 16499 99024 91727 68580 43193 23147 34917 1104 304 25387 24659 12801
cat_boundaries=0 1
cat_threshold=8
is_linear=0
shrinkage=0.04


Tree=72
num_leaves=31
num_cat=1
split_feature=0 1 22 5 7 46 4 11 15 20 25 25 25 25 17 7 11 25 19 20 11 37 20 23 18 25 25 15 23 17
split_gain=142.067 63.9459 35.5563 34.1377 45.1936 29.4971 27.7507 25.2154 24.5714 85.2803 37.2748 34.5322 31.3388 22.1824 21.6989 22.7434 21.6691 21.4851 26.0535 21.2559 23.5246 21.0391 21.028 20.9122 19.9264 23.8421 31.0668 28.1134 29.213 23.0266
threshold=3.0049999952316289 2.5249999761581425 0.039185304194688804 34.500000000000007 44.500000000000007 0 2.2949999570846562 0.83602148294448864 3.5000000000000004 218.00000000000003 270.12500000000006 444.87500000000006 396.25000000000006 178.87500000000003 1.5000000000000002 21.500000000000004 0.13372524827718738 190.62500000000003 145.50000000000003 159.00000000000003 0.039708821102976806 75.043121337890639 159.00000000000003 1.1474990844726565 1.5000000000000002 709.87500000000011 430.12500000000006 3.5000000000000004 1.135347902774811 3.5000000000000004
decision_type=10 10 10 2 2 1 2 10 2 2 2 2 2 2 10 2 10 2 8 2 10 10 2 8 10 2 2 2 10 10
left_child=1 3 16 4 7 -4 24 8 9 -1 17 12 -12 -8 -14 -16 -3 18 21 20 -7 23 -2 -10 -5 26 29 28 -27 -26
right_child=22 2 5 6 -6 19 13 -9 10 -11 11 -13 14 -15 15 -17 -18 -19 -20 -21 -22 -23 -24 -25 25 27 -28 -29 -30 -31
leaf_value=0.0017880203740133281 -0.0025619273724122884 -0.024495441854795252 -0.012028498621853984 0.0032517655877285908 0.01008061788738903 0.038763467609790457 -0.0022486355051849725 0.024729855221561216 0 -0.017988795874490402 0.020563093622353253 0.0048713663650001423 0.0056986473307771698 -0.01673942897400349 0.12640184051523906 0.04961236183068287 0.0038658782492264417 -0.01439453222999394 -0.001570872929717501 -0.0026043278494722352 0.0040985342761825872 0.066285010106464023 -0.022590214506109027 0.022761170139169437 0.0047866393403562585 0.0016748090242519509 -0.013987253498248711 -0.020161893553249644 0.070062065332641879 -0.0053820686103823491
leaf_weight=7658.5771200514864 101.92630496690981 232.8185752411373 490.28736688871868 1603.8528621969745 1210.2736717755906 41.269910076400265 373.54450755356811 75.541370532475412 123.07261377992108 364.49367039022036 147.37584443204105 176.34158441890031 9.5435057096183282 309.38406792166643 9.346781933680175 22.705694493837655 52.250592415686697 106.61712340731174 404.20589881157503 894.46849642437883 123.38081860938109 11.058264667168258 492.73690856434405 135.42959165154025 626.6907590823248 17.886326847597957 367.98277224972844 16.670962534844875 22.155918514356017 822.73176867468283
leaf_count=99407 5979 16451 16497 21392 11425 1759 15197 479 2682 11063 1384 1568 107 8244 105 164 1201 1086 8307 30608 2279 124 43317 2179 7961 162 4070 105 120 13694
internal_value=1.60048e-05 0.000711091 -0.00632581 0.00159498 0.00281462 -0.00392751 -0.00146843 0.00186192 0.0016704 0.000886918 0.00714794 0.0176761 0.0295154 -0.00883406 0.0599125 0.0752727 -0.0192877 0.00219806 0.00484705 -0.000165817 0.012993 0.0144557 -0.0191741 0.0119763 -1.8856e-05 -0.0028202 -0.003624 0.0224854 0.040397 -0.00098237
internal_weight=17044.6 16450 1834.48 14615.5 10454.6 1549.41 4160.9 9244.31 9168.77 8023.07 1145.7 365.313 188.972 682.929 41.596 32.0525 285.069 780.383 673.766 1059.12 164.651 269.56 594.663 258.502 3477.97 1874.12 1817.41 56.7132 40.0422 1449.42
internal_count=329116 279820 68795 211025 140080 51143 70945 128655 128176 110470 17706 3328 1760 23441 376 269 17652 14378 13292 34646 4038 4985 49296 4861 47504 26112 25725 387 282 21655
cat_boundaries=0 1
cat_threshold=4
is_linear=0
shrinkage=0.04


Tree=73
num_leaves=31
num_cat=3
split_feature=0 4 22 31 43 20 0 19 22 24 1 22 5 4 44 6 5 43 5 16 0 25 22 32 11 14 22 23 21 14
split_gain=119.912 54.5774 58.9472 45.554 31.7142 30.3319 28.0202 27.9305 26.3963 25.9915 24.9302 24.8058 24.5001 24.3522 34.9639 25.6032 25.2811 23.945 31.1205 41.0668 26.9799 39.374 26.5371 23.7248 22.3836 22.2879 23.5669 44.9616 26.6582 22.1959
threshold=3.0049999952316289 2.2949999570846562 0.038676800206303603 71.492805480957045 0 177.50000000000003 0.85500001907348644 167.50000000000003 0.093992110341787352 0.027849436737596992 2.8249999284744267 0.0088174184784293192 35.500000000000007 1.235000014305115 1 8.5000000000000018 59.500000000000007 2 33.500000000000007 1.5000000000000002 2.8449999094009404 102.37500000000001 0.28260818123817449 1.0566973090171816 0.46329864859580999 69.505001068115249 0.1753945276141167 1.1503884196281435 67.42453765869142 85.889999389648452
decision_type=10 2 8 10 9 2 8 10 10 10 10 8 2 2 9 2 2 9 2 2 10 2 10 10 8 10 10 10 10 10
left_child=1 6 5 4 7 -3 -1 -4 9 -5 -2 -8 -6 14 24 -15 -16 22 19 25 -20 -22 -17 -18 -13 -19 27 -27 29 -28
right_child=10 2 3 8 12 -7 11 -9 -10 -11 -12 13 -14 15 16 17 23 18 20 -21 21 -23 -24 -25 -26 26 28 -29 -30 -31
leaf_value=0.0060396406381740568 -0.010393172114852618 0.0046081875464775816 0.0025329490136468259 0.030010788008475502 -0.0048447629297911302 -0.022679880654775483 -0.027153450698870915 -0.013841915589489278 0.018151823362703049 -0.0024168309261171669 -0.027059395623040838 -0.0076909750127027365 -0.018314671383494706 -0.012874349887771003 -0.0034276214660601797 -0.0066168558411482427 -0.017410475266157008 0.0011012624177049925 -0.00038114767338859871 -0.0012646033800503237 -0.014772074289697656 0.077442649580518497 0.03085229941738207 0.059131660475058516 0.018864251525358765 0.0096922741258690971 0.0087737667230999693 -0.0096682161864748237 0.076901537165441666 0.028534021790979035
leaf_weight=1934.5971333202906 321.9224093130324 78.701141162309796 908.60027326596901 43.411362259183079 496.58769265282899 363.73692391905934 49.433126138523221 203.03363024513237 228.13151982729323 359.5035314289853 263.08049898827448 67.094265925232321 384.32752496376634 176.09364106040448 3101.2911732944194 628.17781631089747 9.0052435193210858 650.94794990215451 2901.324998984579 1104.2433080272749 12.454650137340652 16.142334707546979 30.758167948573828 18.636505362577736 199.92909416090697 1877.8438597400673 237.20762236882001 212.75237763859332 11.177800394594668 148.83473965805024
leaf_count=15062 21379 2900 21531 1916 15910 23652 1621 11807 4362 11919 28027 865 14848 1709 52815 9201 317 6838 41149 8546 474 257 176 238 1719 25197 1939 1462 68 1285
internal_value=-0.00014767 0.000485309 -0.00432741 -0.00204503 -0.00501221 -0.0178174 0.00158803 -0.000459852 0.0073107 0.00113277 -0.0179283 0.000835293 -0.0106197 0.000959338 -0.00187811 0.00216321 -0.00307221 0.00250343 0.00317269 0.00536611 4.97465e-06 0.0380037 -0.00474578 0.0343185 0.0117352 0.00769978 0.00942356 0.00771643 0.0183563 0.0164565
internal_weight=17039 16454 3066.03 2623.6 1992.55 442.438 13387.9 1111.63 631.046 402.915 585.003 11453.3 880.915 11403.9 3395.96 8007.96 3128.93 7831.87 7172.93 4243.01 2929.92 28.597 658.936 27.6417 267.023 3138.76 2487.82 2090.6 397.22 386.042
internal_count=329189 279783 108845 82293 64096 26552 170938 33338 18197 13835 49406 155876 30758 154255 55954 98301 53370 96592 87215 45335 41880 731 9377 555 2584 36789 29951 26659 3292 3224
cat_boundaries=0 1 2 3
cat_threshold=148 48 12
is_linear=0
shrinkage=0.04


Tree=74
num_leaves=31
num_cat=2
split_feature=0 22 1 46 20 22 16 15 28 19 14 20 9 37 21 22 19 23 17 24 6 0 21 16 21 24 46 22 22 0
split_gain=135.78 53.1841 41.8839 33.4747 23.9143 22.7216 31.2179 25.4619 23.6205 25.3702 26.4292 22.4352 22.644 22.3683 22.139 31.6679 39.2205 30.0087 35.9743 22.1298 26.9086 28.9497 24.2165 23.2724 22.9673 21.0164 33.1979 31.0248 20.9672 20.4815
threshold=3.1049998998641972 0.013385057449340822 2.5249999761581425 0 159.00000000000003 0.20523230731487277 3.5000000000000004 1.0000000180025095e-35 5.5000000000000009 9.5000000000000018 92.125000000000014 79.000000000000014 1.5000000000000002 70.798641204833999 74.264972686767592 0.031230391003191475 20.500000000000004 1.032782316207886 2.5000000000000004 0.23999456316232684 14.500000000000002 1.0000000180025095e-35 57.502754211425788 1.5000000000000002 63.80848693847657 0.14417530596256259 1 0.22986736148595813 0.21563132107257846 2.6950000524520878
decision_type=10 8 10 1 2 10 2 2 2 8 8 2 2 10 10 8 10 10 10 10 2 8 10 2 10 10 1 10 10 10
left_child=1 -1 5 -4 -5 7 19 -3 -9 10 -10 -2 -13 14 15 16 -11 -18 -19 20 21 -7 -23 24 28 27 -27 -22 -24 -6
right_child=11 2 3 4 29 6 -8 8 9 13 -12 12 -14 -15 -16 -17 17 18 -20 -21 25 22 23 -25 -26 26 -28 -29 -30 -31
leaf_value=-0.019829387091418144 0.058775194001619097 0.030731924921010415 -0.012841142274975603 0.011798804073900025 -0.00087213610919758048 0.028958735738440013 -0.01716229339384065 0.0027886442078884932 -0.0038832489782400269 0.10211061792395931 -0.022215778172793826 -0.027831256157501417 -0.0063783470529526608 0.0037452677031115768 -0.013133248794743296 -0.001366684456485173 7.5958820764753627e-05 -0.026864302786780578 0.077180859229841345 -0.00053056708286555146 0.018992192620698161 0.01668545176463631 0.031837491416967227 -0.015390230312662043 -0.016162239432035385 -0.0020274736790808108 0.022116702690478003 -0.0048676662568210675 0.0028147094100452455 -0.015008871671180507
leaf_weight=201.48841298092157 4.5091843702830365 44.363959001377225 579.1824260444846 190.3198938393034 866.40999430580996 60.131468676030636 95.621568102389574 5068.1680029353593 635.44261916424148 7.7216949989087871 156.36750911758281 336.19304394023493 104.30293137417175 1855.8357888287865 245.67018112144433 4052.4286285517737 73.581104284152389 6.628681015456098 18.745832012966275 600.30391171015799 149.32298660837114 116.42954315524548 46.68083461932838 173.66766074672341 83.026368891820312 112.083197475411 475.76540939556435 206.48814307199791 246.01317920070142 201.51436128653586
leaf_count=8949 138 1028 23630 5083 25083 361 518 68092 10646 103 6008 34919 3974 30675 6752 64915 1655 134 334 3729 1515 659 338 1484 770 885 3738 2807 2065 18171
internal_value=-4.18315e-05 0.000544138 0.000796375 -0.00489161 -0.0012219 0.0015162 0.00510267 0.000818105 0.000705758 -0.000790708 -0.00753208 -0.0218212 -0.0227865 6.23341e-05 -0.00148896 -0.000797204 0.0206107 0.0132531 0.0498611 0.0060495 0.00841664 0.00261467 0.000189623 -0.00332297 0.00227026 0.0128683 0.0175108 0.00515954 0.00754972 -0.00355499
internal_weight=17014.4 16569.4 16367.9 1837.43 1258.24 14530.5 2365.53 12165 12120.6 7052.42 791.81 445.005 440.496 6260.61 4404.78 4159.11 106.677 98.9556 25.3745 2269.91 1669.61 725.949 665.818 549.388 375.72 943.66 587.849 355.811 292.694 1067.92
internal_count=329158 290127 281178 71967 48337 209211 18869 190342 189314 121222 16654 39031 38893 104568 73893 67141 2226 2123 468 18351 14622 5677 5316 4657 3173 8945 4623 4322 2403 43254
cat_boundaries=0 1 2
cat_threshold=4 16
is_linear=0
shrinkage=0.04


Tree=75
num_leaves=31
num_cat=1
split_feature=0 22 0 1 14 15 4 25 25 24 23 25 19 21 30 11 19 23 33 40 16 43 22 21 19 26 22 25 25 21
split_gain=114.086 54.8407 36.8276 31.4917 40.1574 59.9102 32.1612 30.4211 65.8448 38.4969 62.4857 54.5681 35.297 25.3926 25.2778 25.0388 24.6959 40.3318 28.1807 23.1925 24.538 23.9182 23.0689 26.7349 22.6003 22.2995 31.8688 23.3631 30.5792 30.0122
threshold=3.0049999952316289 0.021463197655975822 2.0449999570846562 1.9550000429153445 86.174999237060561 3.5000000000000004 2.4450000524520878 298.37500000000006 510.25000000000006 0.086690917611122145 1.100391209125519 310.25000000000006 190.50000000000003 73.963012695312514 0.075771212577819838 0.022911700420081619 167.50000000000003 1.0446782112121584 1.3195438385009768 0.3111384809017182 2.5000000000000004 0 0.13668338954448703 69.403285980224624 9.5000000000000018 1.5000000000000002 0.048579998314380653 173.12500000000003 117.87500000000001 69.131294250488295
decision_type=10 8 10 8 8 2 2 2 2 10 10 2 10 10 10 10 10 10 8 10 2 9 10 8 10 2 8 2 2 10
left_child=1 2 -1 14 25 6 24 16 9 10 12 -11 -9 -14 -3 -2 17 18 -7 20 21 -16 23 -13 -6 27 -27 28 29 -5
right_child=15 3 -4 4 5 7 -8 8 -10 11 -12 22 13 -15 19 -17 -18 -19 -20 -21 -22 -23 -24 -25 -26 26 -28 -29 -30 -31
leaf_value=-0.0021045271132824096 -0.023447617052594686 0.0077771007656458812 -0.023318135771569781 0.0035460306828206042 -0.016339648695560868 0.11244168597875932 -0.014744464705019632 -0.016199532964959646 -0.0084681676331375827 0.11368080068334649 0.1166763311868219 -0.017504554459505519 0.027320800054205143 0.075860944770623592 -0.00752893584908613 -0.0051900349641699137 -0.0069128831300556476 0.00039079559491426796 0.027702861272620952 0.0091586363132334023 -0.0070445252976401342 0.0028634400541519807 0.022932828527141198 0.043248807879139595 -0.0031349854455617956 0.053376045358295598 0.005978372391306718 -0.0054559340821263699 0.012727048833498152 -0.0049481769706268448
leaf_weight=275.80476611852646 388.40263382182457 1408.8768382722046 249.45263475552201 1922.2574077097233 227.57850693096407 6.7697197450324884 587.86528222705238 21.145551338791847 152.64541835617274 6.8441980481147757 14.258473541587589 73.896028088405728 69.190423463936895 23.316645381972194 381.99776911805384 175.7242569969967 399.22767000622116 163.60816390742548 41.25794000341557 595.02261618012562 562.84001534059644 3647.234790507704 66.698764882050455 12.711298468522726 2272.1168460007757 22.276891164947301 993.54836087860167 847.84619717206806 374.71295584831387 1016.5659406431951
leaf_count=6652 41068 16435 13720 31429 7677 122 32969 565 2795 62 142 1111 1226 420 4303 8172 13155 2785 1233 4982 3622 35323 741 173 40688 494 16938 10141 4687 25163
internal_value=-0.000115495 0.000491773 -0.012212 0.000912109 -0.000584838 -0.00352178 -0.00633032 0.00471887 0.0127167 0.0239469 0.040244 0.0107368 0.0296861 0.0402787 0.00302681 -0.0177867 -0.00105594 0.00995427 0.0417786 0.00173456 0.000769919 0.00186398 0.00540808 -0.00815028 -0.00434482 0.00176268 0.0070732 0.000463989 0.00198114 0.000605762
internal_weight=17001.7 16437.6 525.257 15912.3 9316.34 4139.13 3087.56 1051.57 440.707 288.061 127.911 160.15 113.653 92.5071 6595.97 564.127 610.863 211.636 48.0277 5187.1 4592.07 4029.23 153.306 86.6073 2499.7 5177.21 1015.83 4161.38 3313.54 2938.82
internal_count=328993 279753 20372 259381 194716 105864 81334 24530 7235 4440 2353 2087 2211 1646 64665 49240 17295 4140 1355 48230 43248 39626 2025 1284 48365 88852 17432 71420 61279 56592
cat_boundaries=0 1
cat_threshold=12
is_linear=0
shrinkage=0.04


Tree=76
num_leaves=31
num_cat=1
split_feature=0 22 35 22 15 15 21 25 4 20 25 25 21 21 16 4 21 23 22 24 15 22 21 24 22 40 46 21 20 2
split_gain=98.766 47.9166 31.4394 38.3631 38.6242 40.5164 47.379 102.032 39.8427 36.4679 32.6938 66.4997 50.9886 86.9712 32.4139 30.1057 25.9986 25.9476 44.5008 35.191 25.9267 25.718 25.5327 28.2164 25.365 38.1006 23.0208 22.8921 22.209 24.775
threshold=3.1049998998641972 0.020953977480530742 12.750000000000002 0.20991392433643344 1.0000000180025095e-35 3.5000000000000004 73.963012695312514 371.37500000000006 2.2949999570846562 175.00000000000003 503.87500000000006 317.12500000000006 67.314323425292983 67.527545928955092 1.5000000000000002 2.1750000715255742 68.296108245849624 1.079293489456177 0.05672194994986058 0.073272291570901885 4.7500000000000009 0.21276179701089862 78.335498809814467 0.01280272798612714 0.022444034926593307 0.13103953748941424 0 73.650627136230483 79.000000000000014 0.79500001668930065
decision_type=10 8 2 10 2 2 10 2 2 2 2 2 10 10 2 2 10 8 8 8 2 10 10 10 8 10 1 10 2 10
left_child=1 15 14 4 -4 8 10 -8 22 26 11 17 -13 -14 16 -1 -3 -7 -19 -20 -21 -5 24 -24 25 -6 -10 -27 -2 -30
right_child=28 2 3 21 5 6 7 -9 9 -11 -12 12 13 -15 -16 -17 -18 18 19 20 -22 -23 23 -25 -26 27 -28 -29 29 -31
leaf_value=-0.0033164950359442901 0.058138892963514543 0.0075086886913980719 0.033146925991059263 0.032991253212108752 -0.018845098292020711 -0.0092791689597518014 -0.00026051893321841303 0.094520576202899081 -0.0096700653134090403 -0.014300889075777952 -0.010014883128642991 0.0077988900546118447 0.10826770414075884 0.024079444946202011 -0.00093833493287334832 -0.023218896392414971 0.0012934276236001017 0.10265786072210956 0.049403910864512346 0.0057235254453361474 -0.020649077439996517 0.0049612514518236868 0.035003371979260553 -0.024271727524992195 -0.001236401939408798 0.11017790765007685 0.005029447740022717 0.020129606858018505 -0.025292709341201456 -0.0021977546020135598
leaf_weight=286.89809759776108 4.9284794665873042 2547.9979665656574 49.730280418647453 54.373445382807404 12.374081800691785 306.86640627356246 49.106596786295995 27.765123368240893 321.02244432433508 853.86484811175615 262.64638096187264 157.97608513338491 24.493084523826838 90.492285556159914 2342.0529392722528 211.30553062353283 1868.3981966711581 6.4578264234587541 24.883265954442322 360.23584395344369 70.419705084757879 1007.5133748832159 13.36699686013162 125.59629617654718 5095.0859223022126 9.4440661175176519 360.95430657011457 9.1468104037921858 327.33680814341642 96.827169744297862
leaf_count=7811 142 35238 1285 594 267 9734 1724 372 9115 40867 3369 2021 256 1252 18366 12521 38826 72 364 6654 1576 10235 239 3845 72723 101 10255 209 35284 3582
internal_value=-8.30381e-05 0.000408473 0.000788197 -0.000721032 -0.00164464 -0.00186061 0.00438158 0.0346961 -0.00312953 -0.00879653 0.00256689 0.00574918 0.0226711 0.0428258 0.00286399 -0.0117954 0.00488106 -0.000274872 0.00570443 0.00409938 0.00136403 0.00642997 -0.0014743 -0.0183321 -0.00101304 0.0345041 -0.00188813 0.0693668 -0.0190072 -0.0200476
internal_weight=16979.6 16550.5 16052.3 9293.82 8231.93 8182.2 1381.34 76.8717 6800.86 1535.84 1304.47 1041.82 272.961 114.985 6758.45 498.204 4416.4 768.863 461.997 455.539 430.656 1061.89 5265.01 138.963 5126.05 30.965 681.977 18.5909 429.092 424.164
internal_count=328899 289891 269559 177129 166300 165015 27394 2096 137621 60237 25298 21929 3529 1508 92430 20332 74064 18400 8666 8594 8230 10829 77384 4084 73300 577 19370 310 39008 38866
cat_boundaries=0 1
cat_threshold=4
is_linear=0
shrinkage=0.04


Tree=77
num_leaves=31
num_cat=2
split_feature=0 1 22 35 21 22 25 25 15 43 22 21 16 46 24 25 11 6 40 21 25 23 17 17 25 39 22 6 14 20
split_gain=98.4287 48.8911 37.3718 28.3829 38.7171 36.1289 32.7958 47.3233 47.6133 39.9971 37.7857 46.8995 28.4433 28.2229 24.8359 33.521 22.8757 28.2888 23.5105 22.4221 24.041 22.397 50.7859 21.1846 43.6862 20.7369 20.6252 20.6237 20.1863 19.9292
threshold=3.1250000000000004 2.5249999761581425 0.038676800206303603 12.750000000000002 79.661323547363295 0.059457767754793174 503.87500000000006 332.87500000000006 3.5000000000000004 0 0.023127569817006591 73.963012695312514 1.5000000000000002 1 0.13557192683219912 444.87500000000006 0.83602148294448864 4.5000000000000009 0.3111384809017182 68.296108245849624 73.375000000000014 1.2302520871162417 3.5000000000000004 3.5000000000000004 688.25000000000011 3.4411590099334721 0.21984527260065082 206.25000000000003 87.045001983642592 159.00000000000003
decision_type=10 10 10 2 10 10 2 2 2 9 10 10 2 1 10 2 10 2 10 10 2 10 10 8 2 10 10 2 10 2
left_child=1 3 -3 12 6 -6 7 -5 9 14 -10 -12 19 -4 -9 28 17 -14 -19 25 -21 -11 26 -8 -25 -1 -23 -2 -16 -15
right_child=27 2 13 4 5 -7 23 8 10 21 11 -13 16 29 15 -17 -18 18 -20 20 -22 22 -24 24 -26 -27 -28 -29 -30 -31
leaf_value=0.0082354957273504878 -0.021095956102617573 -0.01914852139395648 -0.01126201361911142 -0.0003560824627517876 -0.021238121226806565 0.059283624241760591 -0.0022241039746309452 0.0062760702604481994 -0.034751848431223344 -0.013269074760752467 0.023357142163258158 0.090944887329869592 -0.016016685968130846 0.012509707925722067 0.03789960440508576 0.075373126532434581 0.023898533430807518 -0.0014818127740422282 0.011278663248671076 -0.0037402671512961889 0.0057790468611453984 0.017777198187258429 0.055368398533808323 -0.020680117625653978 0.020103159411257076 -0.013671753465780206 -0.039483261986246208 0.035674912955862087 -0.003410787182784827 -0.0021738126547711282
leaf_weight=2294.7012420191895 395.87559486925602 284.15056427149102 501.93002663739026 6421.4221298655029 195.95310395560227 8.3669275054708105 507.82050639018416 219.04302278719842 15.098649618215857 222.98197736591101 207.96849228767678 17.102146889083087 187.35889236815274 175.18626005365513 37.718930516391993 20.187366431578994 58.718330547213554 1763.6588193550706 264.80664734169841 759.5776589026209 959.03000916866586 16.554697157815099 26.129711518064141 301.1397290173918 47.89914464764297 70.272879553958774 22.778299169614911 9.5843783197924477 36.40941134095192 919.73271685186774
leaf_count=28463 36950 19528 18467 110562 7527 112 4917 3165 400 2794 1765 157 1530 4510 208 149 366 14091 1557 15167 15394 107 180 4747 469 366 178 637 273 34007
internal_value=-0.000212766 0.000264188 -0.00580536 0.00104237 -0.000494209 -0.0176486 -5.99623e-05 0.000813001 0.00972377 0.00369129 0.0247451 0.0288901 0.00305458 -0.00341801 0.0133241 0.0308112 -0.000528513 -0.00118811 0.000186773 0.00505097 0.00156972 -0.00698852 0.0131707 -0.00745685 -0.0150305 0.00757735 -0.0154407 -0.0196597 0.0177807 0.000181161
internal_weight=16969.2 16563.7 1881 14682.7 8324.57 204.32 8120.25 7263.39 841.973 601.803 240.169 225.071 6358.12 1596.85 313.359 94.3157 2274.54 2215.82 2028.47 4083.58 1718.61 288.445 65.4627 856.859 349.039 2364.97 39.333 405.46 74.1283 1094.92
internal_count=328743 291156 76512 214644 137710 7639 130071 119938 9376 7054 2322 1922 76934 56984 3795 630 17544 17178 15648 59390 30561 3259 465 10133 5216 28829 285 37587 481 38517
cat_boundaries=0 1 2
cat_threshold=24 4
is_linear=0
shrinkage=0.04


Tree=78
num_leaves=31
num_cat=2
split_feature=0 22 4 20 22 5 20 25 11 9 39 25 43 4 14 5 37 42 17 0 30 22 6 25 39 30 26 25 25 16
split_gain=104.356 49.2611 39.747 39.7422 29.7578 24.6054 29.7789 24.3847 23.8562 22.0264 23.1313 21.648 19.4425 20.2458 30.1372 29.4773 29.092 26.6277 24.8127 23.513 23.2496 26.8036 21.5577 20.7041 20.0006 19.2768 20.7814 19.127 18.8126 18.6722
threshold=3.1049998998641972 0.013385057449340822 2.3950001001358037 175.00000000000003 0.043622402474284179 30.500000000000004 218.00000000000003 275.25000000000006 0.41898326575756079 1.5000000000000002 3.2187502384185795 444.87500000000006 0 1.5349999666213991 86.174999237060561 41.500000000000007 77.208553314208999 1 2.5000000000000004 1.9550000429153445 0.14917512238025668 0.093416281044483199 163.25000000000003 688.25000000000011 1.7251803874969485 0.12684915959835055 4.5000000000000009 661.12500000000011 788.12500000000011 1.5000000000000002
decision_type=10 8 2 2 8 2 2 2 10 2 10 2 9 2 10 2 10 9 10 10 8 8 2 2 10 10 2 2 2 2
left_child=1 -1 8 -4 -5 6 -6 -8 12 10 -2 -9 -3 14 20 16 29 -16 -17 24 22 -22 -14 27 25 -19 -27 -20 -7 -15
right_child=9 2 3 4 5 28 7 11 -10 -11 -12 -13 13 15 17 18 -18 19 23 -21 21 -23 -24 -25 -26 26 -28 -29 -30 -31
leaf_value=-0.019706739531638973 -0.026229743032497296 -0.0073926043384798844 0.002439641432050822 -0.021390345794384643 -0.006668523733742676 -0.013710897752113657 -0.0010942707964319237 0.044604962581503885 0.0063449082823716198 -0.0037202469060090061 0.082172927662020737 0.0032122934129841007 -0.0028032094426696931 0.0044408917819377374 0.063385086201579052 0.0083231019667330229 0.021386213424854632 -0.0024696382319591942 -0.0032645294481082128 -0.01641711187959765 0.042171954453534409 0.0051892213560018243 0.050863258861123251 0.015680951286764593 -0.011722515429886725 0.0088053972662728783 0.062793228596606313 -0.031417179809511919 0.042097475719079361 -0.0006867647979036085
leaf_weight=191.453876840882 309.13672996335663 431.01442826353014 789.41033412050456 248.45802217023447 353.18354649539106 461.7856596133206 89.507443963550031 51.817120877094567 1403.2807900002226 102.43373099085875 2.2192605026066294 33.372417458333075 1047.2011158366222 4723.5182657605037 7.8909866213798523 358.60681943269446 143.2619081963785 801.66491739219055 2116.2816246605944 283.13349606003612 31.585680538555607 881.03597790887579 11.109999221749602 90.101344593800604 351.42135136248544 79.854313008487225 12.47256453335285 38.388135976158082 8.88955643866211 1494.0545240803622
leaf_count=8966 34905 8542 25852 19784 14750 24242 4010 1035 11239 3945 125 790 14741 61453 133 4285 1502 14341 34918 10615 380 8836 162 721 5169 779 84 393 249 11811
internal_value=-8.52302e-05 0.000411651 0.000648778 -0.00457792 -0.00902192 -0.00592211 2.64512e-06 0.0134737 0.00139334 -0.0199018 -0.0251837 0.0286615 0.000854049 0.00114495 -0.00142967 0.00215408 0.00362152 -0.00562801 -0.00142982 -0.00602811 0.00184231 0.00651832 -0.00218857 -0.00299266 -0.00365177 -0.000465202 0.0167362 -0.0037823 -0.0125614 0.00320818
internal_weight=16947.5 16533.8 16342.3 2036.42 1247.01 998.556 527.881 174.697 14305.9 413.79 311.356 85.1895 12902.6 12471.6 3507.37 8964.21 6360.83 1536.44 2603.38 1528.55 1970.93 912.622 1058.31 2244.77 1245.41 893.992 92.3269 2154.67 470.675 6217.57
internal_count=328757 289782 280816 90712 64860 45076 20585 5835 190104 38975 35030 1825 178865 170323 55240 115083 74766 31121 40317 30988 24119 9216 14903 36032 20373 15204 863 35311 24491 73264
cat_boundaries=0 1 2
cat_threshold=8 8
is_linear=0
shrinkage=0.04


Tree=79
num_leaves=31
num_cat=1
split_feature=0 22 1 22 28 21 6 11 15 21 25 30 40 43 16 25 20 23 23 20 25 25 15 21 16 0 38 21 14 20
split_gain=89.4101 43.3227 40.3831 41.8579 40.4188 28.5696 25.3482 25.3098 22.9839 21.1265 33.2475 20.0176 21.0229 20.5306 23.3878 24.0472 30.6975 23.7386 27.2889 23.589 30.0236 26.6279 20.8756 30.6406 20.3699 19.4412 19.2953 18.9002 18.9 22.7501
threshold=3.0649999380111699 0.0088174184784293192 1.9550000429153445 0.07024054974317552 6.5000000000000009 67.482650756835952 81.500000000000014 0.022911700420081619 1.0000000180025095e-35 84.860710144042983 421.50000000000006 0.075771212577819838 0.3111384809017182 0 2.5000000000000004 181.62500000000003 179.00000000000003 1.0912464261054995 1.0945203900337221 179.00000000000003 117.87500000000001 121.62500000000001 2.5000000000000004 61.479637145996101 1.5000000000000002 2.804999947547913 1.1098114848136904 84.860710144042983 65.805000305175795 175.00000000000003
decision_type=10 8 8 8 2 10 2 10 2 10 2 10 10 9 2 2 2 10 10 2 2 2 2 10 2 10 10 10 10 2
left_child=1 -1 11 4 5 -4 -7 -2 -5 -8 -11 25 13 -13 15 19 17 -17 -19 20 24 -22 23 -23 28 26 -3 -10 -15 -30
right_child=7 2 3 8 -6 6 9 -9 27 10 -12 12 -14 14 -16 16 -18 18 -20 -21 21 22 -24 -25 -26 -27 -28 -29 29 -31
leaf_value=-0.028457227592180469 -0.023750148106280847 0.0057649171836217173 0.017281364223057632 0.030705177257224058 -0.013810105021838267 0.00061060131142372102 -0.011431152359136146 -0.0035063536019804041 0.00029632520497130393 -0.0087429646980205274 0.091996234124256199 -0.0072753452827900187 0.0089094609486424156 -0.0021827790389172602 -0.0060635637669350442 -0.015941862838600072 0.0082468052784833885 0.050689401796434955 -0.0026596121720619138 -0.0021331840331021107 0.059653672791438787 0.091255221815959894 0.009039562958611606 0.02145655163456547 -0.0029243662881087763 0.036903100881688876 0.038376782306798585 0.073229017570249771 0.01375407322466124 -0.00091716216004795678
leaf_weight=80.876320650801063 312.05059057683684 1458.8310154087376 111.0095816636458 39.143884198507294 683.80496210395359 894.94084154255688 582.2226403253153 145.68888055277057 7294.946453984594 13.749721200671049 7.2647926174104205 425.44159621349536 605.64860131568275 240.96899409219623 523.17213510908186 244.03207631688565 378.16170897474512 14.689126450568436 683.62819021381438 522.60086707398295 23.002220394089818 11.614487260580061 207.59119351021945 56.943551480770111 371.3393558813259 33.371990687213838 28.707721995189786 4.6901350878179064 725.65549843851477 219.59507269435562
leaf_count=3968 36421 17804 2859 1213 30184 26137 22891 6964 129504 559 195 4708 5058 2478 3335 2276 2698 99 4248 7413 158 59 1553 512 3278 775 270 43 6923 4483
internal_value=8.08782e-05 0.000565719 0.000710755 -0.000953281 -0.0056696 -0.00220148 -0.00365832 -0.0173374 0.000520354 -0.00998868 0.0284982 0.00307684 0.00190526 0.000990101 0.00183814 0.00296286 -0.00136281 -0.00522801 -0.00146081 0.00536484 0.00747745 0.0190697 0.0154717 0.0344807 0.00523761 0.00711758 0.00642233 0.000353758 0.00779636 0.0103441
internal_weight=16945.4 16487.6 16406.8 9631.77 2292.99 1609.19 1498.18 457.739 7338.78 603.237 21.0145 6775 5254.08 4648.44 4222.99 3699.82 1320.51 942.349 698.317 2379.31 1856.71 299.151 276.149 68.558 1557.56 1520.91 1487.54 7299.64 1186.22 945.251
internal_count=329066 285681 281713 213585 82825 52641 49782 43385 130760 23645 754 68128 49279 44221 39513 36178 9321 6623 4347 26857 19444 2282 2124 571 17162 18849 18074 129547 13884 11406
cat_boundaries=0 1
cat_threshold=12
is_linear=0
shrinkage=0.04


Tree=80
num_leaves=31
num_cat=0
split_feature=4 22 0 20 14 1 22 21 28 6 30 16 22 1 22 31 11 4 10 40 32 2 10 21 20 32 31 15 21 26
split_gain=88.4282 32.2303 29.1762 26.8039 24.5293 30.734 33.7582 55.3331 32.5658 21.4149 20.904 21.6943 21.3127 20.6076 20.2812 24.7561 19.3878 18.7193 18.5079 19.6923 25.6435 18.4131 17.6667 17.6097 19.0587 23.7253 19.0573 16.7319 19.7759 19.2089
threshold=2.7549999952316289 0.0088174184784293192 1.075000047683716 171.50000000000003 77.424999237060561 1.9750000238418581 0.056081175804138191 77.966876983642592 6.5000000000000009 204.25000000000003 0.070738323032856001 1.5000000000000002 0.1753945276141167 1.0000000180025095e-35 0.069668810814619078 76.736717224121108 0.056641967967152602 3.0349999666213994 18.750000000000004 0.26079601049423223 1.1704370379447939 0.25499999523162847 127.75000000000001 67.482650756835952 177.50000000000003 1.0471388101577761 73.346855163574233 3.5000000000000004 69.403285980224624 4.5000000000000009
decision_type=2 8 8 2 10 8 8 10 2 2 10 2 10 8 10 10 10 2 2 10 8 8 2 10 2 10 10 2 8 2
left_child=1 22 13 18 16 10 8 27 9 23 -6 12 -12 -3 -5 17 -4 -16 19 -2 21 -21 -1 -7 25 26 -25 -8 29 -29
right_child=3 2 4 14 5 6 7 -9 -10 -11 11 -13 -14 -15 15 -17 -18 -19 -20 20 -22 -23 -24 24 -26 -27 -28 28 -30 -31
leaf_value=-0.02912977163407357 -0.0046206106322523848 0.014293451614027513 0.0066212529097194588 -0.025901287665966194 0.0075150951385136834 0.035044291112365865 -0.0029276785005482209 0.086493174238993081 -0.018268217999309864 0.041718291876167747 0.00012069457125719878 -0.00701006830223586 0.012036846845579381 0.0033845112718278005 -0.0045872289583912219 0.062352065051632065 0.00088426659606045347 -0.026155876196764752 0.10373550962687006 -0.0076525138216593696 -0.013842237649827073 0.14457593291594262 0.066302331444532805 0.068801459635175213 -0.0094616239069098568 -0.00087333214404979476 0 -0.00081227048902872889 0.014008761556173087 0.051682904984954432
leaf_weight=72.335764290764928 105.31776818959042 312.80189457023516 1251.512096446706 260.77855036291294 815.95952680823393 16.063841600203887 3426.5988815189339 10.42823334597051 403.42778820102103 14.99657164653763 1306.8073404014576 530.83143092971295 293.42175010405481 2402.2283943821676 182.37084804382175 6.2994513297453514 3818.6730726426467 99.489947363967076 1.8589015612378705 1.5424794184509636 4.9145679064095029 3.7122651836834848 2.2926678154617539 14.944373277947308 541.54238830995746 111.69354123016819 10.659125817008315 717.11393364239484 206.26172436936758 10.328747568652032
leaf_count=3419 9148 2069 23593 31649 11723 431 69354 229 18360 718 17112 4395 2666 20534 11599 317 46233 9987 71 140 130 150 48 431 21988 3125 418 13405 5859 74
internal_value=0.000158394 0.000743168 0.000864853 -0.0141133 0.000103576 -0.00121824 -0.00298874 -0.00140282 -0.00920433 -0.00402935 0.00207499 -8.63948e-06 0.00231432 0.00464762 -0.017818 -0.0104248 0.00230219 -0.0122801 0.00318785 0.000658441 0.0512075 0.105172 -0.0253072 -0.0050809 -0.00608645 0.00716953 0.0411203 -0.00163374 0.00310866 0
internal_weight=16957.2 16290.9 16216.3 666.285 13501.3 8431.08 5484.06 4370.73 1113.33 709.9 2947.02 2131.06 1600.23 2715.03 548.939 288.16 5070.19 281.861 117.346 115.487 10.1693 5.25474 74.6284 694.903 678.839 137.297 25.6035 4360.3 933.704 727.443
internal_count=329375 266184 262717 63191 240114 170288 134392 88921 45471 27111 35896 24173 19778 22603 53552 21903 69826 21586 9639 9568 420 290 3467 26393 25962 3974 849 88692 19338 13479
is_linear=0
shrinkage=0.04


Tree=81
num_leaves=31
num_cat=3
split_feature=0 4 5 19 43 21 1 21 6 24 17 21 6 15 4 31 15 0 46 21 22 15 15 43 21 24 21 21 22 31
split_gain=92.7582 43.5106 38.1125 38.0905 40.5738 33.3899 27.9479 21.5245 25.6622 24.7575 22.2943 30.9785 26.6366 20.6248 20.2309 25.1321 29.8743 22.1863 21.6043 19.9507 26.2528 20.9487 19.7886 18.5136 17.9814 28.4631 23.7927 30.4932 23.6009 19.2861
threshold=3.1049998998641972 2.4150000810623173 32.500000000000007 167.50000000000003 0 77.35693740844728 1.1150000095367434 79.661323547363295 175.25000000000003 0.015645720064640049 4.5000000000000009 73.370883941650405 13.500000000000002 3.5000000000000004 1.7549999952316286 70.130855560302749 3.5000000000000004 1.9149999618530276 1 73.864875793457045 0.037206359207630164 4.7500000000000009 1.5000000000000002 2 60.847053527832038 0.094950459897518172 67.69885635375978 67.131816864013686 0.10160964727401735 71.332878112792983
decision_type=10 2 2 10 9 10 8 10 2 10 10 8 2 2 2 8 2 10 1 8 10 2 2 9 8 10 8 10 10 8
left_child=1 6 5 4 -4 24 -1 10 -9 -10 14 -12 -13 -6 17 -16 18 -8 22 20 -18 23 -17 -21 29 26 27 -26 -29 -3
right_child=-2 2 3 -5 13 -7 7 8 9 -11 11 12 -14 -15 15 16 19 -19 -20 21 -22 -23 -24 -25 25 -27 -28 28 -30 -31
leaf_value=0.0052534154501301432 -0.019034665212333025 0.013000021657828365 -0.014827904709749665 -0.023230324721824278 0.0059316729313064432 -0.025277841173389614 0.00039126904046180759 -0.015439434227114683 0.052499540698750562 -0.02326276394284434 -0.0014642880946485045 0.069390977385153513 -0.021131022361176005 0.05527584693105686 0.00096572157831561871 0.019699777308370432 -0.026219841917043119 -0.0077852448306705915 0.0075922059048733771 0.04137306941032283 0.013422166037525468 -0.021237106368002009 -0.0032835094106721434 -0.0030702149757979936 0.0070017271350664712 -0.011506423893102118 8.4248152549588301e-05 0.0068314699375484102 0.069501772950486193 0.079650131597031257
leaf_weight=2423.5704735131003 393.567922779941 61.311523366486654 247.62169922655448 298.59388306271285 169.24742733989842 80.841657997807488 3484.5018203868531 225.9014681710396 17.54138922831044 10.169878461398183 930.17449430865236 4.3684780164621762 195.44358448823914 13.811509352875872 4449.2858388538007 64.518035246990621 28.051812559831887 625.26321084820665 1006.9161803624593 81.821823260746896 335.66258141165599 11.113475780934094 700.6321104480885 24.397193119395524 121.50964604900219 260.92355555691756 601.99132869043387 15.648785756435243 25.645181127591059 6.9885095418430856
leaf_count=19453 38962 1340 12456 23277 7196 6123 41711 7707 286 245 16739 105 8008 422 53079 1223 468 17110 14164 1569 3389 349 12778 551 4782 6032 27645 641 729 93
internal_value=0.000131908 0.000589798 -0.00509568 -0.012272 -0.00462899 -0.000631065 0.00133089 0.000550702 -0.0109565 0.0247141 0.000796309 -0.00454651 -0.0187963 0.00944337 0.00135543 0.00271031 0.00615168 -0.000853331 0.00374446 0.0149848 0.0102903 0.0292937 -0.00131714 0.0347667 0.00120796 -0.000120384 0.0037689 0.0172853 0.0465698 0.0209284
internal_weight=16917 16523.5 1904.13 729.275 430.681 1174.86 14619.3 12195.8 253.613 27.7113 11942.2 1129.99 199.812 183.059 10812.2 6702.4 2253.11 4109.77 1772.07 481.047 363.714 117.332 765.15 106.219 1094.02 1025.72 764.795 162.804 41.294 68.3
internal_count=328632 289670 90736 43351 20074 47385 198934 179481 8238 531 171243 24852 8113 7618 146391 87570 34491 58821 28165 6326 3857 2469 14001 2120 41262 39829 33797 6152 1370 1433
cat_boundaries=0 1 2 3
cat_threshold=96 4 64
is_linear=0
shrinkage=0.04


Tree=82
num_leaves=31
num_cat=1
split_feature=4 21 21 24 17 24 25 33 25 21 19 8 11 25 1 22 1 30 22 21 36 25 21 42 0 40 16 29 23 22
split_gain=75.6008 39.46 56.8713 55.6874 39.797 34.4581 47.4724 35.3866 56.6643 32.993 58.8618 37.2858 36.5715 32.899 38.4641 34.2756 32.2904 28.5739 27.106 26.5674 26.8555 26.2548 25.9681 24.8515 23.7891 30.513 22.4701 27.1318 24.237 23.2117
threshold=3.0649999380111699 67.482650756835952 67.131816864013686 0.0056790886446833619 3.5000000000000004 0.095982290804386153 457.12500000000006 1.0235877037048342 203.12500000000003 83.50730133056642 23.000000000000004 226.25000000000003 0.030341388657689098 173.12500000000003 2.3850001096725468 0.080894812941551222 2.1950000524520878 0.075771212577819838 0.10389413684606554 58.025424957275398 0.1748030558228493 496.37500000000006 67.42453765869142 0 2.6450001001358037 0.17717322707176211 1.5000000000000002 16.250000000000004 1.2191055417060854 0.14340715855360034
decision_type=2 10 10 10 10 10 2 10 2 10 10 2 8 2 10 8 8 10 10 8 10 2 10 9 10 10 2 2 10 10
left_child=1 2 13 -3 16 7 -7 -4 22 12 11 -11 -6 15 -15 -1 17 18 23 20 24 -10 -9 -5 -17 -26 27 29 -29 -21
right_child=-2 3 5 4 9 6 -8 8 21 10 -12 -13 -14 14 -16 19 -18 -19 -20 26 -22 -23 -24 -25 25 -27 -28 28 -30 -31
leaf_value=0.020033446365573956 -0.023421120175431492 -0.021877995759623362 -0.0042118559288797054 -0.0027183358430268407 -0.019415930560909674 -0.0094267816227863906 0.084899800618122523 0.025681079965658934 0.077938991075733211 0.13205457060089446 -0.010905645102470342 0.032444200807844839 -0.0046184578742501309 -0.00014118014555237874 -0.012976275439185539 0.023509645489622224 -0.0024561653093993535 0.00053586320956013067 0.02758897747449713 0.0019827944105141864 0.0057256821737156393 0.0095605593968528888 -0.010107910069008264 0.011381852583542041 -0.003186782193731438 0.15603542225285991 -0.002816896873698997 0.0017639891123186267 -0.012649297706545257 0.011625559150112331
leaf_weight=186.90145675453823 218.97137331892736 214.28812158468645 64.095138409407809 302.1724721447099 317.00586173043121 113.50989505089819 8.2226925212889892 175.66449574404396 44.545763231813908 7.8829464679583934 40.369360928307287 22.356574063189328 1691.5263406054582 2547.7646471918561 436.90232337848283 108.81881416402757 3026.5541088262107 1858.0230171617586 109.94272674061358 741.64160747732967 272.4451827085577 11.743642440997062 38.983404206577688 586.26481041125953 2.9790999041870228 4.0280511931050569 1244.8294661771506 1443.4180082015228 213.36895286757499 868.73129254369996
leaf_count=4805 26218 12662 1133 5029 22442 1155 72 3238 479 200 1687 348 34055 18436 10060 1324 77009 20004 854 17423 1526 180 583 7655 98 114 11736 34911 2037 11538
internal_value=-0.000124016 0.00018251 0.00208613 -0.00180263 -0.00125915 0.0158024 -0.00238286 0.0224093 0.028714 -0.00601478 0.0206631 0.061935 -0.00696443 0.0013076 -0.00202507 0.0032637 0.000421628 0.00347204 0.00892637 0.00261931 0.0126476 0.0641589 0.019146 0.00658398 0.0287066 0.0958985 0.00175284 0.00349553 -9.63206e-05 0.00719115
internal_weight=16924 16705 8528.59 8176.39 7962.1 456.765 121.733 335.032 270.937 2079.14 70.6089 30.2395 2008.53 8071.83 2984.67 5087.16 5882.96 2856.4 998.38 4900.26 388.271 56.2894 214.648 888.437 115.826 7.00715 4511.99 3267.16 1656.79 1610.37
internal_count=329011 302793 120848 181945 169283 6840 1227 5613 4480 58732 2235 548 56497 114008 28496 85512 110551 33542 13538 80707 3062 659 3821 12684 1536 212 77645 65909 36948 28961
cat_boundaries=0 1
cat_threshold=4
is_linear=0
shrinkage=0.04


Tree=83
num_leaves=31
num_cat=1
split_feature=4 9 5 29 21 16 2 33 25 21 15 25 20 21 25 37 20 19 16 46 8 10 19 25 15 25 20 22 21 22
split_gain=79.6401 27.7722 40.5912 30.9069 28.9871 31.2639 25.4675 27.1723 22.8181 23.6688 22.2197 39.5815 33.8092 25.1707 21.5208 21.2326 21.1565 21.0049 19.6046 19.5137 19.2509 20.9372 20.3272 18.4604 21.8956 51.1021 34.34 28.9446 31.3504 23.1868
threshold=2.7350000143051152 3.5000000000000004 33.500000000000007 16.750000000000004 79.661323547363295 1.5000000000000002 0.92500001192092907 3.1448643207550053 788.12500000000011 84.860710144042983 3.5000000000000004 342.37500000000006 218.00000000000003 67.314323425292983 167.62500000000003 63.619100570678718 159.00000000000003 9.5000000000000018 2.5000000000000004 0 211.25000000000003 18.750000000000004 167.50000000000003 535.00000000000011 3.5000000000000004 283.12500000000006 218.00000000000003 0.023127569817006591 73.963012695312514 0.20523230731487277
decision_type=2 2 2 2 10 2 10 10 2 10 2 2 2 10 2 10 2 10 2 1 2 2 10 2 2 2 2 10 10 10
left_child=1 2 4 18 5 10 7 19 9 14 12 -12 -1 -13 -4 -9 -7 -5 -3 -2 21 -21 -22 24 29 -26 -27 -28 -29 -19
right_child=6 3 8 17 -6 16 -8 15 -10 -11 11 13 -14 -15 -16 -17 -18 23 -20 20 22 -23 -24 -25 25 26 27 28 -30 -31
leaf_value=0.0011894713360474868 -0.024985224163062467 0.005280478333187971 -0.0035719198394577496 -0.011220564214409184 -0.017974364413175584 0.0024394937220523923 0.022565207609673954 -0.0073617781725735668 0.048859500262920637 0.037692045926619691 0.0026724008390633098 0.0089701964550045823 -0.015812406332506287 0.039542890359615897 -0.015511130707302563 0.095318892251374049 -0.012393153049537427 -0.0016820239816977803 -0.002198363973863094 -0.012491281393687921 0.1018361014314372 0.093773276089826579 -0.028067684305031638 -0.0074808973561279928 -0.00043076046972872302 9.168572809569215e-05 -0.024970023408582717 0.030328084286302865 0.097014304517548347 0.009959316041422495
leaf_weight=4426.9579746751115 240.62030251685064 4254.6239476001356 445.4352715909481 267.31518657086417 138.89095490914769 228.10026727849618 29.518728166352957 6.1697615761077014 9.923067403957246 15.885275250067933 537.90110651752912 85.852209670469165 194.38228202122264 87.93336549308151 531.48003700491972 5.3195543177425861 467.34474316146225 2394.5512151608709 644.54294248856604 399.16773371072486 3.9016742331441483 1.9926784792914976 2.5329804958309978 427.19413773808628 479.64030522829853 83.903594488278031 12.950760638341306 159.01728625409305 11.533372972160576 308.04412358812988
leaf_count=77896 24634 46714 23307 3904 6381 2207 1325 456 272 638 13067 881 6910 1246 19928 215 4765 34434 3984 38884 114 93 224 3884 7799 625 313 1190 66 2417
internal_value=0.00010421 0.000670896 -0.00118787 0.00214505 2.55429e-05 0.000443821 -0.0132025 -0.0148407 -0.00864766 -0.00927506 0.00148507 0.00805954 0.000470209 0.0246002 -0.0100806 0.0436846 -0.00752591 -0.000396633 0.00429548 -0.0159499 -0.0105581 -0.0117216 0.0532647 0.000351367 0.00132434 0.00738101 0.0213572 0.0310056 0.0354002 -0.000350462
internal_weight=16902.6 16213.4 7170.09 9043.32 6167.36 6028.47 689.223 659.705 1002.72 992.801 5333.03 711.687 4621.34 173.786 976.915 11.4893 695.445 4144.15 4899.17 648.215 407.595 401.16 6.43465 3876.83 3449.64 747.045 267.405 183.501 170.551 2702.6
internal_count=328773 262828 157498 105330 113353 106972 65945 64620 44145 43873 100000 15194 84806 2127 43235 671 6972 54632 50698 63949 39315 38977 338 50728 46844 9993 2194 1569 1256 36851
cat_boundaries=0 1
cat_threshold=4
is_linear=0
shrinkage=0.04


Tree=84
num_leaves=31
num_cat=2
split_feature=0 5 11 7 19 22 4 46 19 23 38 25 15 22 22 19 19 22 46 22 22 40 24 24 24 25 0 25 23 19
split_gain=70.1518 32.706 56.0585 43.2193 28.8038 34.2613 26.2121 23.0915 40.8672 35.57 32.1615 29.7004 24.9735 23.5073 22.8018 21.7103 22.5717 36.4459 21.2478 25.2235 50.5297 19.8157 20.1864 20.5337 35.5519 18.5704 18.2875 18.2246 23.7473 17.2796
threshold=3.1049998998641972 34.500000000000007 0.02056203875690699 43.500000000000007 59.500000000000007 0.023576410487294201 2.0749999284744267 0 5.0000000000000009 1.0067822337150576 1.0510967969894411 43.625000000000007 1.5000000000000002 0.10160964727401735 0.1707902476191521 128.50000000000003 79.500000000000014 0.10160964727401735 1 0.022006942890584472 0.020953977480530742 0.19128075987100604 0.18828873336315158 0.17001208662986758 0.17777217924594882 78.125000000000014 1.2250000238418581 175.25000000000003 1.0896088480949404 59.500000000000007
decision_type=10 2 10 2 10 8 2 1 8 10 10 2 2 8 10 10 10 10 1 10 8 10 10 10 10 2 8 2 10 10
left_child=1 3 29 7 14 -6 -7 8 -1 12 11 15 -10 -9 18 16 -11 -18 -4 20 -20 22 23 -8 -25 -13 -12 28 -16 -3
right_child=-2 2 4 -5 5 6 21 13 9 10 26 25 -14 -15 27 -17 17 -19 19 -21 -22 -23 -24 24 -26 -27 -28 -29 -30 -31
leaf_value=-0.028053121315273249 -0.016970517846758005 -0.00041182127732106513 -0.0070168808225444983 0.0081580634912241951 -0.018202967966047146 0.0019073585406460178 -0.0021270151559664367 -0.0042094363341368558 0.043385976004087175 0.016357905852279472 0.0090591796245064107 -0.0042212089037098393 -0.012181712268986849 0.00093926546574631673 -0.024828597131841795 -0.010384999402232347 0.07537347256766129 0.022575854952479886 0.012390017001091038 0.0048111650815396926 0.12915391077636046 -0.012207578767472469 -0.025502595259750661 0.086947046435073838 -0.0055819053202416516 0.011635223234142289 0.0010934897350499686 0.0081365463359970476 0.044258862174929303 -0.019787640420482717
leaf_weight=65.934357234975323 380.7495572300395 93.27364847145509 251.31932630110532 1384.3080033957958 210.8707852398511 1683.5399125788826 1127.9371348179411 2222.6027053461876 12.54969103517942 133.60039339144714 569.87649196572602 176.81938701495528 289.56109198043123 3917.2898721452802 8.4921156615018827 27.091795167187229 33.151521002873778 58.337246344424784 24.672700149705637 419.4360753132496 6.9585837479680768 461.34604938514531 56.961190368980169 10.385553472675385 15.508749162312595 350.95418609678745 2409.7372938471381 106.98755578882992 56.905524444766343 357.44449289434124
leaf_count=1624 39078 5192 5006 13266 7031 17975 27444 48969 634 1939 4196 2764 11901 48567 135 579 492 397 767 8128 85 9318 563 102 209 5649 39862 714 527 26099
internal_value=-1.76769e-05 0.000373246 -0.00237091 0.00152583 -0.00100428 -0.0026005 -0.00161372 0.000630551 0.00294399 0.00345494 0.0045174 0.0117449 -0.00972471 -0.000924263 0.00549465 0.0230181 0.0270844 0.0423587 0.00227792 0.00746958 0.0413703 -0.00516022 -0.00246382 -0.0013019 0.0332334 0.00631736 0.00262087 0.0184895 0.0349885 -0.0157966
internal_weight=16924.6 16543.9 4892.04 11651.8 4441.32 3566.55 3355.68 10267.5 4127.61 4061.68 3759.57 779.955 302.111 6139.89 874.772 252.181 225.089 91.4888 702.387 451.067 31.6313 1672.14 1210.79 1153.83 25.8943 527.774 2979.61 172.385 65.3976 450.718
internal_count=329212 290134 109295 180839 78004 62642 55611 167573 70037 68413 55878 11820 12535 97536 15362 3407 2828 889 13986 8980 852 37636 28318 27755 311 8413 44058 1376 662 31291
cat_boundaries=0 1 2
cat_threshold=8 4
is_linear=0
shrinkage=0.04


Tree=85
num_leaves=31
num_cat=1
split_feature=4 22 0 22 2 23 22 25 21 23 25 25 21 25 21 23 2 22 23 25 17 19 21 19 46 23 24 15 18 24
split_gain=63.4383 34.4989 41.7198 36.7431 31.2755 23.8561 39.0202 32.5524 28.3076 25.23 34.0429 28.2576 28.0715 27.4393 34.2001 37.0288 25.0316 24.9585 24.0806 79.7296 34.5616 32.9131 31.8157 30.0979 24.8861 23.8567 23.848 23.4047 37.6213 26.1542
threshold=3.0149999856948857 0.13668338954448703 2.2250000238418584 0.017677521333098415 0.5249999761581422 1.206495523452759 0.19673433154821399 832.87500000000011 65.033275604248061 1.159852981567383 91.125000000000014 526.62500000000011 64.532974243164077 47.125000000000007 64.333404541015639 1.1462821960449221 -0.26500000059604639 0.40845322608947759 1.1935862302780154 178.87500000000003 1.5000000000000002 49.500000000000007 60.071422576904304 128.50000000000003 0 1.0515968203544619 0.065411377698183074 3.5000000000000004 1.5000000000000002 0.19288650900125506
decision_type=2 8 10 10 10 8 8 2 10 10 2 2 10 2 10 10 10 10 10 2 10 10 10 10 1 10 10 2 10 8
left_child=1 2 26 -4 -5 7 -7 9 27 13 12 18 -11 17 15 -15 -10 -3 21 20 -20 -12 24 -22 -23 -16 -1 -8 29 -29
right_child=-2 5 3 4 -6 6 8 -9 16 10 11 -13 -14 14 25 -17 -18 -19 19 -21 23 22 -24 -25 -26 -27 -28 28 -30 -31
leaf_value=0.0026620959491800555 -0.019806050336281526 0.0064969558714425158 -0.024914628157112952 -0.0069744545484675541 0.0016559615456665847 -0.011264513162206174 -0.00096577340225066307 0.0714511153105723 0.0025092835252893608 0.0069318098838471488 0.030864828628882561 -0.016363857836509389 -0.016875738813889537 -0.0025470156068597549 -0.015216446657530483 -0.024264504669608451 0.05705156932174596 0.05327353260469319 0.017061227960430338 0.007538441112072824 0.033505302066194641 0.025408273099581762 0.010525088728018678 0.10669484806666127 -0.041141562984422377 0.0082504215357398318 -0.0019460725022023432 -0.029515785794570325 -0.0043707363670336744 0.024479103468749343
leaf_weight=3877.3780420992989 254.61822511570062 991.63518470246345 140.60987802024465 1982.5767216221429 1014.4329237149796 436.39145104121417 1648.8821006433573 10.638550981879233 26.739982932806015 235.51539796288125 116.30441771354526 45.867416406981647 118.13976139947772 745.19315505563281 77.074576944578439 150.31171070947312 26.64907468855381 17.64627974992618 18.478646558243781 105.01417508441955 14.822672804817556 11.249615713953972 434.8365738755092 29.202051124768332 34.066324771381915 614.78397676791064 3346.3720865445212 14.53042137250304 166.2585733376909 205.48676961055025
leaf_count=65690 31207 14960 9945 86545 23194 3625 27177 70 175 2814 995 422 1155 8947 678 1884 196 200 128 691 105 76 3393 329 321 6431 31010 98 2578 4116
internal_value=-3.0083e-05 0.000273141 -0.00114555 -0.00499615 -0.0040523 0.00260844 -0.000399142 0.00462297 0.00187351 0.00441388 0.00930736 0.0138245 -0.00103507 0.00221695 -0.00105996 -0.00621979 0.0303559 0.00737068 0.0156612 0.0290537 0.0644513 0.0118508 0.00718229 0.083433 -0.0243424 0.0056122 0.000526854 0.00110982 0.00995976 0.0207777
internal_weight=16911.7 16657.1 10361.4 3137.62 2997.01 6295.72 2524.94 3770.78 2088.55 3760.14 1163.5 809.842 353.655 2596.64 1587.36 895.505 53.3891 1009.28 763.974 167.518 62.5034 596.457 480.153 44.0247 45.3159 691.859 7223.75 2035.16 386.276 220.017
internal_count=329155 297948 216384 119684 109739 81564 37965 43599 34340 43529 10429 6460 3969 33100 17940 10831 371 15160 6038 1253 562 4785 3790 434 397 7109 96700 33969 6792 4214
cat_boundaries=0 1
cat_threshold=16
is_linear=0
shrinkage=0.04


Tree=86
num_leaves=31
num_cat=1
split_feature=4 1 22 46 21 0 0 21 6 9 25 17 21 4 31 17 24 25 25 19 22 21 22 23 23 1 25 21 25 17
split_gain=66.812 36.5101 35.3346 31.3035 23.5555 26.3662 22.4244 25.5279 26.153 21.8586 19.3024 18.5674 36.2529 19.5367 25.4508 26.6027 30.0732 21.8478 24.5412 26.7891 34.4225 55.4809 31.9712 26.978 43.0614 28.8468 25.4031 23.9839 23.9669 26.5796
threshold=3.0149999856948857 2.5149999856948857 0.039185304194688804 0 77.191394805908217 2.7250000238418584 0.92500001192092907 78.685558319091811 195.25000000000003 61.500000000000007 396.25000000000006 4.5000000000000009 73.370883941650405 1.8550000190734866 70.639457702636733 3.5000000000000004 0.015011586248874666 181.62500000000003 688.25000000000011 163.50000000000003 0.16738542914390567 65.033275604248061 0.023127569817006591 1.1572669744491579 1.1967639923095705 1.9249999523162844 627.62500000000011 74.826206207275405 89.125000000000014 2.5000000000000004
decision_type=2 10 10 1 10 10 8 10 2 2 2 8 8 2 8 10 8 2 2 10 10 10 10 10 10 8 2 8 2 10
left_child=1 6 -3 -4 -5 -6 9 11 -9 -1 -10 13 -13 -8 17 16 -16 28 19 20 22 23 27 -22 25 -25 -21 -19 -15 -30
right_child=-2 2 3 4 5 -7 7 8 10 -11 -12 12 -14 14 15 -17 -18 18 -20 26 21 -23 -24 24 -26 -27 -28 -29 29 -31
leaf_value=0.0042429619580073219 -0.020562911655605535 -0.018118014248875013 -0.010877112922771744 0.00023264071342594627 0.0046776605031491145 0.091559408528500794 -0.0011606740395929951 -0.013207254632115431 -0.013934132762950989 0.044251230906323373 0.064974216581858674 -0.0011903702950797393 -0.020704292921602682 0.00043987052531715179 0.040047912360583901 -0.0036034278414174142 0.0072169170270226313 0.078440719263735151 0.013869554207881492 0.0058690834872639928 -0.031630840960153762 0.053148084649399831 -0.014533484138037138 0.0083448381848938973 -0.0033179195839671931 0.086967795327115224 -0.023765994433914486 -0.026309160183682824 0.0018200535899415779 0.015119589204539992
leaf_weight=2152.5585178360343 249.89437471015844 279.26509158138651 511.00873546965886 1069.6549536962993 13.817500016419219 8.6420104359276575 4049.4769845912233 323.99848335981369 7.6609104382805553 21.111044481396675 11.370200694538651 951.8565837899223 180.50864175753668 2210.0855614424217 44.978719297563657 377.94177077640779 1689.9073127240408 9.446578924544152 129.96617670077831 496.75247395876795 44.739796705543995 29.619986735284328 667.843028283678 15.971805419772865 316.13340240670368 13.644229628145693 50.00316914729774 4.5773122189566502 520.1069015248213 447.89057802828029
leaf_count=17246 31119 21185 20640 37570 446 481 52552 12394 255 166 134 18189 8796 39321 985 9381 30819 113 1126 5029 303 189 7038 98 2176 107 615 152 4814 5567
internal_value=-7.49908e-05 0.000233472 -0.00501108 -0.00271548 0.0011062 0.0407565 0.000902522 0.000254502 -0.0104912 0.00465354 0.0339004 0.00055653 -0.00432011 0.00105387 0.00232291 0.00599812 0.00809298 0.000754651 -0.00279299 -0.0041165 -0.00770672 0.00129084 -0.0132499 -0.00275821 0.00104681 0.0463549 0.00311308 0.0445093 0.00274169 0.0079871
internal_weight=16900.4 16650.5 1882.39 1603.12 1092.11 22.4595 14768.2 12594.5 343.03 2173.67 19.0311 12251.5 1132.37 11119.1 7069.61 2112.83 1734.89 4956.78 1778.7 1648.73 1101.98 420.109 681.867 390.489 345.749 29.616 546.756 14.0239 3178.08 967.997
internal_count=329006 297887 80322 59137 38497 927 217565 200153 12783 17412 389 187370 26985 160385 107833 41185 31804 66648 16946 15820 10176 2873 7303 2684 2381 205 5644 265 49702 10381
cat_boundaries=0 1
cat_threshold=4
is_linear=0
shrinkage=0.04


Tree=87
num_leaves=31
num_cat=1
split_feature=0 4 5 21 19 4 6 14 6 6 4 15 43 18 1 4 12 5 25 33 15 25 25 19 25 23 23 11 31 10
split_gain=69.1145 30.0909 32.3186 40.8168 40.197 20.6251 45.5044 26.6056 23.3971 24.5059 22.7046 20.6232 22.0623 22.6977 20.5707 20.3163 19.6255 19.661 18.9624 27.5958 22.8974 18.3506 40.8527 27.6152 21.6672 20.7731 21.0336 18.2867 23.1263 17.8714
threshold=3.1049998998641972 2.2050000429153447 32.500000000000007 77.486328125000014 59.500000000000007 0.50499999523162853 4.5000000000000009 86.174999237060561 164.25000000000003 2.5000000000000004 0.89499998092651378 3.5000000000000004 0 1.5000000000000002 2.6149998903274541 2.745000004768372 2.5000000000000004 31.500000000000004 245.25000000000003 0.50806653499603283 4.7500000000000009 86.125000000000014 181.62500000000003 163.50000000000003 33.125000000000007 1.0178626179695132 1.0190259814262392 0.75110620260238659 70.385730743408217 53.250000000000007
decision_type=10 2 2 10 10 2 2 10 2 2 2 2 9 8 10 2 8 2 2 8 2 2 2 10 2 10 10 10 10 2
left_child=1 5 3 11 -4 7 -7 8 9 -1 -8 12 -3 -14 -2 -6 -12 -18 19 -13 -20 24 25 29 -19 -23 -27 -9 -29 -24
right_child=14 2 4 -5 15 6 10 27 -10 -11 16 18 13 -15 -16 -17 17 21 20 -21 -22 22 23 -25 -26 26 -28 28 -30 -31
leaf_value=0.0048634630427063057 -0.0068397051192906908 -0.0072051098402056458 0.0035174717334212147 -0.021949900495477691 -0.0087857414106546107 -0.018765324852457466 0.022531864516956844 -0.0059310766453882858 0.053430692556213889 -0.004443179682253981 -0.0027634748348240373 0.060618946426714483 -0.0032668818585649857 0.0067052672257854997 -0.025918761692727475 -0.02612503675925202 0.0050273577293501138 0.0026388651835328619 0.023313305899815555 -0.0015581259689003214 -0.016276559365920418 -0.017619846759772136 -0.01019848636950986 0.0049233842427391893 -0.010462667610206566 0.067665788703871368 0.012166584376249042 -0.0012925447002819334 0.063129407424289519 0.00054875178803567327
leaf_weight=1227.58816154534 168.31034047505818 532.96576472173911 445.4208449809812 124.85140029224567 1155.9155796263367 159.17087110411376 90.915728852152824 1492.0069608448539 12.952065682038663 715.54331939690746 986.57362823048607 11.018582406686617 661.5808355177287 812.01690893305931 198.60841338790487 119.0424972610781 4246.4298863639124 378.88022598531097 177.27048635436222 227.64913101179991 26.056842993479222 36.115122726652771 503.82373002450913 841.23118857294321 429.81542172795162 10.230514114722608 579.10483096912503 24.272790549322963 12.950282813981174 484.28952730633318
leaf_count=12969 12650 16274 14114 7983 41576 1339 613 33319 188 11465 10638 466 15944 19006 26372 13079 40198 8688 2816 7414 549 967 4568 7824 9125 174 5722 168 74 3047
internal_value=-7.30451e-05 0.000308449 -0.00257174 0.000264579 -0.00681442 0.00131994 0.00235687 -0.00128107 0.00180725 0.00143378 0.00275098 0.00140742 -0.000315014 0.00221132 -0.0172202 -0.010427 0.00253622 0.00323325 0.009219 0.00153667 0.0181654 0.000896716 0.00261925 -0.00039747 -0.00432388 0.0114356 0.0132498 -0.00523263 0.0220811 -0.00493183
internal_weight=16892.6 16525.7 4293.79 2573.41 1720.38 12231.9 8746.58 3485.31 1956.08 1943.13 8587.41 2448.56 2006.56 1473.6 366.919 1274.96 8496.49 7509.92 441.995 238.668 203.327 3263.49 2454.79 1829.34 808.696 625.45 589.335 1529.23 37.2231 988.113
internal_count=329329 290307 139221 70452 68769 151086 92903 58183 24622 24434 91564 62469 51224 34950 39022 54655 90951 80313 11245 7880 3365 40115 22302 15439 17813 6863 5896 33561 242 7615
cat_boundaries=0 1
cat_threshold=200
is_linear=0
shrinkage=0.04


Tree=88
num_leaves=31
num_cat=0
split_feature=0 22 24 24 35 25 21 21 30 22 25 19 15 22 22 22 15 22 40 19 9 19 24 25 21 33 39 25 22 21
split_gain=59.8815 31.9505 34.7174 37.0418 33.4376 31.2822 33.6563 26.334 26.1338 47.5725 25.8125 90.0053 47.1171 50.5642 48.7617 37.5596 27.0139 40.5235 24.2914 24.1512 26.8343 24.0642 31.6327 41.987 35.825 29.1476 25.3521 23.6629 39.001 22.0206
threshold=3.1049998998641972 0.13668338954448703 0.0056790886446833619 0.10779173672199251 12.750000000000002 503.87500000000006 78.497573852539077 67.825954437255874 0.070319868624210372 0.1248067505657673 303.25000000000006 190.50000000000003 3.5000000000000004 0.023127569817006591 0.057272940874099738 0.1148396134376526 4.2500000000000009 0.10333079844713212 0.10033443570137025 163.50000000000003 2.5000000000000004 49.500000000000007 0.18828873336315158 832.87500000000011 69.308376312255874 1.7169991731643679 3.4411590099334721 367.62500000000006 0.20991392433643344 68.296108245849624
decision_type=10 10 8 10 2 2 10 10 10 10 2 10 2 10 10 10 2 10 10 10 2 8 10 2 10 10 10 2 10 10
left_child=1 2 7 4 29 6 10 -1 9 -5 15 19 -13 -14 -15 -6 17 -16 -11 -12 -21 -3 23 24 27 -24 -27 -23 -29 -4
right_child=-2 21 3 8 5 -7 -8 -9 -10 18 11 12 13 14 16 -17 -18 -19 -20 20 -22 22 25 -25 -26 26 -28 28 -30 -31
leaf_value=-0.00053409406133350646 -0.016032840044714489 0.0070492380212189964 0.0078724211918770968 -0.0046649698265763227 -0.0021663607613443847 -0.0095435484089800206 -0.014062838300406675 -0.023242658638690718 -0.0097871864409770845 0.014117459088003341 -0.013402656060578165 -0.0054289578055594567 -0.031919098825864932 0.07812899633860268 0.022556835955500034 0.010031619312246817 0.012478362882634373 0.090469235890425659 0.071602491028158091 -0.011433902760584229 0.015058325888656901 0.002534507874958597 -0.018216063128706769 0.087204841101329617 -0.025246756356086888 0.00032385757150860535 -0.026344021878964858 0.0065626584475250828 0.04063565303763661 0.0011892154050507833
leaf_weight=143.23812845232897 360.7824419720564 1574.9383473487105 1202.8822895546909 163.01062414608896 3683.4038144522347 675.86856768326834 271.7745374282822 190.49434281792492 989.37805988476612 27.12790113221854 200.88426763564348 55.521265343762934 15.225457599852232 44.765179606620222 37.779711755923927 452.56848045717925 70.888311395421624 22.559103822335601 20.973543373169377 97.321363625582308 160.77306581754237 2607.2114362758584 202.27475923928432 8.5338958092033845 68.630447523668408 851.54244048451073 60.111128486692905 241.32843626919203 68.517845859751105 2294.5467372642597
leaf_count=6340 39089 14699 19370 2237 92114 12259 12634 11817 10581 325 3628 1060 586 621 372 6194 923 185 269 4101 1968 30998 1663 56 588 6418 331 2238 464 45190
internal_value=6.49685e-05 0.000418062 -0.000857103 -0.000451903 0.000402679 -0.00146233 -0.000391762 -0.0135388 -0.00706095 0.00568261 0.000377545 0.00744293 0.0268751 0.036255 0.0423225 -0.000828558 0.0295792 0.0490737 0.0402117 -0.00303047 0.00504771 0.00284649 0.00123299 0.00337445 0.00310438 -0.00451749 -0.00145708 0.0037812 0.0142167 0.00349053
internal_weight=16864.9 16504.1 10821 10487.3 9286.76 5789.33 5113.46 333.732 1200.49 211.112 4841.69 705.718 246.739 191.218 175.992 4135.97 131.227 60.3388 48.1014 458.979 258.094 5683.09 4108.15 2994.22 2985.69 1113.93 911.654 2917.06 309.846 3497.43
internal_count=329318 290229 232774 214617 201205 136645 124386 18157 13412 2831 111752 13444 3747 2687 2101 98308 1480 557 594 9697 6069 57455 42756 34344 34288 8412 6749 33700 2702 64560
is_linear=0
shrinkage=0.04


Tree=89
num_leaves=31
num_cat=3
split_feature=4 22 9 5 19 9 15 20 25 25 6 25 17 8 46 42 8 22 46 37 7 23 38 23 22 23 37 30 22 19
split_gain=52.7276 31.1151 25.2192 40.6531 35.4418 32.8789 30.6601 55.9188 42.8243 37.4623 28.2773 26.3821 27.2972 29.6934 26.2031 27.0581 49.1031 23.2278 20.9658 31.2997 23.2504 20.4272 36.831 20.4269 46.2448 36.3925 27.2147 20.3822 20.2416 20.0016
threshold=3.0149999856948857 0.0088174184784293192 14.500000000000002 33.500000000000007 59.500000000000007 2.5000000000000004 3.5000000000000004 218.00000000000003 298.37500000000006 444.87500000000006 58.500000000000007 396.25000000000006 1.5000000000000002 73.500000000000014 0 1 235.25000000000003 0.05428843945264817 2 70.139533996582045 58.500000000000007 1.0275808572769167 1.050728499889374 1.0363268852233889 0.066121075302362456 1.0352427363395693 76.615589141845717 0.13809829950332644 0.12107535079121591 5.0000000000000009
decision_type=2 8 2 2 10 2 2 2 2 2 2 2 10 2 1 9 2 10 1 10 2 10 10 10 10 10 10 10 10 8
left_child=1 -1 3 6 14 -6 7 18 23 11 -4 -10 -13 -14 17 16 -16 -5 19 21 -20 -3 -23 25 -25 26 -8 -19 -17 -21
right_child=-2 2 10 4 5 -7 8 -9 9 -11 -12 12 13 -15 15 28 -18 27 20 29 -22 22 -24 24 -26 -27 -28 -29 -30 -31
leaf_value=-0.025457247347378868 -0.018509774660196977 -0.0074051507155087114 0.014803969157456942 -0.024445373356538784 -0.014154108613029499 -0.003701801807829328 0.0041105539925372836 -0.014593230589156941 0.018230111670574933 0.004204879888743073 0.0024392420096452701 -0.0074338761647145596 0.092723312119394261 0.034020954395625587 0.14189498403059905 0.0016654568993907045 0.0072224313824588741 -0.0033021665136479467 -0.00094018475877098761 -0.032127252839355872 0.0599939696999972 0.018600018772442561 0.00051103710606565246 -0.027127994455646162 0.0021537008689222199 0.094205588856896796 0.051338476549588244 0.03794390398492628 0.020151400755065014 0.0094586893652911716
leaf_weight=73.460202211514115 239.84039024822414 418.1932364293607 337.4567051390186 79.018522007041611 656.17807183135301 1812.5538317715982 222.57208671292756 394.67503497563303 184.85721871862188 228.67015524301678 2374.138256107457 12.044166958890854 23.123328062705696 37.722414791118354 5.8320723460055914 318.30542537360452 12.341653512325136 184.07755071972497 5255.7531458849553 17.830425605643541 9.0366213582456094 198.81091735023074 1831.7291981151793 100.36085623828694 578.95055147132371 7.1840765562374136 20.462288666516542 20.379221689421684 134.42101566609927 1082.9057435707655
leaf_count=4230 31227 10543 2887 3266 39903 35441 7754 14696 2174 2319 25147 157 296 308 103 10238 256 3682 77334 499 80 1809 21924 2775 9048 188 442 296 1809 18450
internal_value=7.19489e-05 0.000341225 0.000457442 -0.000233124 -0.00416757 -0.0064862 0.000960313 0.000117035 0.00643799 0.016042 0.00398439 0.0264714 0.0467885 0.057533 0.00341351 0.0091937 0.0557949 -0.00617287 0.00077775 0.00315346 -0.000823463 0.000632269 0.00229239 0.00139615 -0.00219999 0.011145 0.00829738 0.000954236 0.00719533 0.00875287
internal_weight=16872.9 16633 16559.6 13848 3223.11 2468.73 10624.9 9208.93 1415.95 486.417 2711.59 257.747 72.8899 60.8457 754.375 470.9 18.1737 283.475 8814.26 3549.47 5264.79 2448.73 2030.54 929.53 679.311 250.218 243.034 204.457 452.726 1100.74
internal_count=329281 298054 293824 265790 94994 75344 170796 145335 25461 5254 28034 2935 761 604 19650 12406 359 7244 130639 53225 77414 34276 23733 20207 11823 8384 8196 3978 12047 18949
cat_boundaries=0 1 2 3
cat_threshold=4 8 8
is_linear=0
shrinkage=0.04


Tree=90
num_leaves=31
num_cat=0
split_feature=4 22 1 22 23 15 0 28 21 25 20 21 25 24 25 22 20 21 18 22 21 24 23 19 22 19 16 21 24 21
split_gain=52.6373 33.5839 26.1751 26.1236 40.6588 33.1545 30.5132 32.2768 28.2271 27.5318 30.7261 29.7722 31.9271 28.2913 26.7041 26.6486 23.4994 23.4584 23.2812 31.3115 32.7371 28.6732 25.0531 24.3816 22.6001 22.5965 43.6607 23.3593 22.4036 21.6501
threshold=3.0649999380111699 0.013385057449340822 0.33500000834465032 0.19673433154821399 1.2001963853836062 1.0000000180025095e-35 2.2250000238418584 5.5000000000000009 69.217826843261733 87.125000000000014 175.00000000000003 67.825954437255874 32.125000000000007 0.10922712087631227 642.12500000000011 0.056081175804138191 218.00000000000003 69.361457824707045 1.5000000000000002 0.14941626042127612 60.305234909057624 0.090145613998174681 1.1822507977485659 49.500000000000007 0.1707902476191521 59.500000000000007 1.5000000000000002 70.110229492187514 0.082305092364549651 71.948577880859389
decision_type=2 8 8 10 10 2 10 2 10 2 2 10 2 10 2 8 2 10 8 10 10 10 10 10 10 10 2 8 10 10
left_child=1 -1 -3 4 5 -4 9 -8 -6 10 13 12 -12 25 16 -9 -5 -10 19 21 -21 -11 23 -22 -25 27 -27 -7 -14 -23
right_child=-2 2 3 14 8 6 7 15 17 18 11 -13 28 -15 -16 -17 -18 -19 -20 20 22 29 -24 24 -26 26 -28 -29 -30 -31
leaf_value=-0.017177011460835171 -0.020770716125037055 0.0069815249132884685 0.031637355301206656 0.0033607619100184801 -0.013246117008344495 0.0042746425397262415 0.0020848383450655758 -0.0133346355316899 0.054959843722595193 0.0069769555704666609 0.0056056598625477969 -0.012900780336215556 -0.00097060205920449177 -0.0092488050917879233 -0.023280850875588649 -0.0036366149664385991 0.02041140853262045 -0.012198042190116038 -4.0398463259502823e-05 -0.03017271426774221 0.03380192025448589 -0.0041048962253569842 0.054799994333839502 0.017766582729079564 -0.0071435158015090254 0.013820502748621162 -0.0081960737680531331 -0.0067423034185868074 -0.021833115886171827 0.025414125002734989
leaf_weight=173.70271328045055 191.46783419232816 926.38837119727395 51.121295653516427 2482.4725061126519 542.2029070132412 737.5402889479883 1146.2629580141511 603.82669333799277 17.429156957194213 1448.7546399040148 462.91400844650343 613.90704625402577 178.54546721326187 354.96366811543703 56.576408877968788 1823.569257398718 135.63279817695729 14.478009274229406 2262.8563585076481 22.367095455527306 87.470784233883023 740.77154305391014 27.645132478326559 171.5721843726933 87.032984483987093 580.1764281373471 190.64742888789624 527.08254106948152 152.70527697727084 40.987056298181415
leaf_count=9503 26230 8194 1381 22248 4964 9004 42157 34402 184 17508 13272 17565 3997 3363 528 59829 1783 142 22665 150 661 6034 186 1158 606 8050 1679 8100 2979 495
internal_value=2.7602e-05 0.000268079 0.000453139 6.38192e-05 -0.000682629 -0.000196719 -0.000332338 -0.00344328 -0.0110783 0.000947091 -0.00160672 -0.00629235 -0.00116905 0.00115315 0.00366067 -0.00605519 0.00425307 0.0249205 0.00293182 0.00549299 0.0158462 0.00364642 0.0186843 0.0156382 0.00937251 0.00297277 0.00836641 -0.000315652 -0.0106369 -0.00252163
internal_weight=16853.1 16661.6 16487.9 15561.5 12886.8 12312.7 12261.6 3573.66 574.11 8687.94 3798.48 1408.07 794.165 2390.41 2674.68 2427.4 2618.11 31.9072 4889.46 2626.6 396.088 2230.51 373.721 346.076 258.605 2035.45 770.824 1264.62 331.251 781.759
internal_count=329017 302787 293284 285090 260531 255241 253860 136388 5290 117472 68009 37813 20248 30196 24559 94231 24031 326 49463 26798 2761 24037 2611 2425 1764 26833 9729 17104 6976 6529
is_linear=0
shrinkage=0.04


Tree=91
num_leaves=31
num_cat=0
split_feature=4 21 21 24 25 6 17 21 6 6 11 9 8 38 21 21 20 17 12 25 25 17 21 25 17 25 25 24 24 39
split_gain=46.301 29.4501 47.3289 47.142 28.3051 38.2972 26.2523 27.8826 34.9733 41.557 29.4554 27.3737 27.3232 26.7065 29.2 25.9415 27.2215 29.2065 25.182 32.0736 27.116 27.0536 26.1 55.7466 45.7941 32.4714 25.1148 33.7628 52.0636 33.217
threshold=3.0649999380111699 67.482650756835952 67.131816864013686 0.0056790886446833619 186.37500000000003 55.500000000000007 3.5000000000000004 83.50730133056642 173.25000000000003 221.25000000000003 0.022911700420081619 16.500000000000004 235.25000000000003 1.0304978489875796 78.497573852539077 58.025424957275398 177.50000000000003 3.5000000000000004 8.5000000000000018 117.87500000000001 22.125000000000004 2.5000000000000004 63.517831802368171 129.37500000000003 2.5000000000000004 156.25000000000003 245.25000000000003 0.079537637531757369 0.14235554635524753 0.54330164194107067
decision_type=2 10 10 10 2 2 10 10 2 2 8 2 2 10 10 8 2 10 10 2 2 8 10 2 10 2 2 10 10 10
left_child=1 2 4 -3 15 -6 11 10 -9 12 -8 13 -10 -5 -15 16 -1 -18 -17 20 -20 -22 23 24 -21 -25 -4 29 -29 -28
right_child=-2 3 26 6 5 -7 7 8 9 -11 -12 -13 -14 14 -16 18 17 -19 19 22 21 -23 -24 25 -26 -27 27 28 -30 -31
leaf_value=0.0060404507290228952 -0.019883389201297359 -0.020684073641820878 0.0084754214737338893 0.011566321204408187 0.0043959869356214728 -0.005492873622290873 -0.018872232463986085 -0.0040801884570097723 0.14334395617019996 -0.0088591707204757463 -0.0041144622988373682 0.0095011700610607847 0.041547853405742158 -0.00054332965635951736 -0.014013775765380192 0.00014269326273129286 0.035980376774729102 -0.031020775261272584 0.019249844943942721 0.013632110425716172 0.010806536232606127 -0.0046502463324944636 0.008171579568728991 -0.016601996020715465 0.09583217759965193 0.032003874142818918 -0.0080644843471010148 -0.0096637888096890064 0.077335876707302548 0.065808115062922154
leaf_weight=298.05614050850272 187.19079492543824 202.15947746194433 336.63326749682892 272.60771544091403 934.51724636554718 1895.4353482546285 246.92034462746233 43.18615074234549 7.2603944994043585 11.24153712578118 1724.606786315795 464.48371553467587 11.471030600368975 4851.220620461856 270.97740800178144 3512.2062086183578 100.25518224621192 10.772779618855564 138.28417726000771 17.770928704179823 262.84422538033687 577.2060115825152 210.32539360492956 36.871706932783127 28.983963968232274 51.546726970933378 11.820628125220535 50.439361365046352 13.00330556835979 47.407029697671533
leaf_count=1527 26158 12636 5353 6299 6446 20763 19844 1785 133 223 36640 4174 127 87862 12269 63786 1358 288 2768 149 3013 10739 2185 293 266 377 171 653 110 543
internal_value=-0.000153906 6.89743e-05 0.0017091 -0.0016573 0.000997286 -0.00222553 -0.00116759 -0.00506885 0.0190062 0.0514569 -0.00597343 0.00019376 0.0864723 -0.000608464 -0.00125933 0.00273698 0.0123985 0.0292248 0.00191648 0.00661576 0.00290365 0.000188386 0.0170769 0.0307422 0.0656125 0.0117308 0.0141855 0.0296275 0.00902909 0.0511091
internal_weight=16827.7 16640.5 8534.38 8106.14 8075.08 2829.95 7903.98 2044.69 73.1591 29.973 1971.53 5859.29 18.7314 5394.81 5122.2 5245.12 409.084 111.028 4836.04 1323.83 978.334 840.05 345.499 135.173 46.7549 88.4184 459.304 122.67 63.4427 59.2277
internal_count=328938 302780 120788 181992 113958 27209 169356 58752 2268 483 56484 110604 260 106430 100131 86749 3173 1646 83576 19790 16520 13752 3270 1085 415 670 6830 1477 763 714
is_linear=0
shrinkage=0.04


Tree=92
num_leaves=31
num_cat=2
split_feature=0 15 1 22 16 0 23 23 21 46 2 19 25 19 0 25 25 25 15 21 12 0 11 14 43 2 40 6 31 24
split_gain=47.5461 25.9497 26.8979 30.458 21.351 20.7616 20.4345 28.6154 24.3692 23.0354 28.9543 25.5129 30.1174 44.4286 57.8126 41.4971 22.743 38.2714 26.1022 24.0145 20.567 20.7817 20.6681 20.5038 20.2959 19.7387 22.228 20.7618 19.6388 19.2177
threshold=3.1149998903274541 1.0000000180025095e-35 1.3049999475479128 0.021463197655975822 2.5000000000000004 2.054999947547913 1.0056059360504153 1.0138915181159975 67.76965713500978 0 0.31499999761581426 5.0000000000000009 167.62500000000003 170.50000000000003 1.9550000429153445 275.25000000000006 503.87500000000006 332.87500000000006 3.5000000000000004 73.963012695312514 2.5000000000000004 1.0000000180025095e-35 0.084764186292886748 95.384998321533217 1 0.80500000715255748 0.24534180760383609 206.25000000000003 66.646595001220717 0.0746150277554989
decision_type=10 2 8 8 2 10 8 8 10 1 8 8 2 8 8 2 2 2 2 10 10 8 10 10 9 8 10 2 10 8
left_child=1 -1 4 5 -3 -4 8 -8 -5 10 16 -11 20 14 -14 -15 17 -9 -19 -20 21 -13 -23 29 -22 27 -27 -2 -28 -12
right_child=25 2 3 6 -6 -7 7 9 -10 11 23 12 13 15 -16 -17 -18 18 19 -21 24 22 -24 -25 -26 26 28 -29 -30 -31
leaf_value=0.026352508125685074 -0.025391459060962122 0.0049120440713115547 -0.0022716596373934255 -0.00243623721739515 -0.0037272098754092486 -0.020430662131377335 0.022753296960006546 -0.005316352779791038 -0.023430611199152764 -0.023222844273748829 0.0087680650618672425 0.023026553221058139 0.0025952513782045582 -0.016174240293883802 -0.010763068733868031 0.014801866800616187 -0.015471734277583653 0.0026105463867129265 0.020445183920894606 0.082757050508133687 -0.0091840019476182259 0.0046254503031379398 -0.006595556544131527 -0.0056750918492914958 0.0071027308750889282 -0.0096622034711427857 0.077026959110830615 0.05372101490170654 -0.0033191710798506414 0.000443465548400588
leaf_weight=59.891522092744708 187.62548277666792 2701.9637297356967 201.2185999143403 283.15708230342716 549.70602365210652 202.42144019238185 86.980085776653141 2242.8767324077198 128.18481905083172 64.617614534217864 560.39096327498555 57.067848099861294 1046.9172943076119 82.67553348466754 1024.4443369377404 399.37062172824517 290.28566096071154 177.5772316691 64.35515711363405 11.08110616635531 121.44142475549597 475.98972539114766 583.04342757188715 660.60055630700663 2323.1508974620374 127.31554721598513 8.5831002842169273 4.5208322326652697 9.5468921395950002 2122.8994643634651
leaf_count=1459 26140 24473 5820 10894 3256 14347 1324 40996 9205 1582 12197 425 7642 1705 22388 5564 5036 3055 758 161 2526 11240 6062 14173 49857 10808 227 407 578 34910
internal_value=-1.61235e-05 0.000287696 0.000191033 -0.000610928 0.00344962 -0.0114161 -0.000269206 2.18711e-05 -0.00902929 -0.000140271 -0.00187768 0.00158284 0.00184941 -0.00146432 -0.00401152 0.0094584 -0.00488873 -0.00365057 0.0110631 0.0306137 0.00422659 -0.000269176 -0.00154882 0.000630677 0.00628008 -0.0148543 -0.00366458 -0.0232409 0.0365473 0.00218612
internal_weight=16859.9 16522.3 16462.4 13210.7 3251.67 403.64 12807.1 12395.8 411.342 12308.8 6130.07 6178.72 6114.1 2553.41 2071.36 482.046 2786.18 2495.89 253.013 75.4363 3560.69 1116.1 1059.03 3343.89 2444.59 337.592 145.446 192.146 18.13 2683.29
internal_count=329215 291055 289596 261867 27729 20167 241700 221601 20099 220277 111286 108991 107409 37299 30030 7269 50006 44970 3974 919 70110 17727 17302 61280 52383 38160 11613 26547 805 47107
cat_boundaries=0 1 2
cat_threshold=4 8
is_linear=0
shrinkage=0.04


Tree=93
num_leaves=31
num_cat=1
split_feature=1 11 14 1 31 19 11 30 24 25 11 33 31 14 44 40 16 25 20 25 17 20 12 20 19 21 24 8 25 21
split_gain=50.6415 31.0535 19.7729 36.4563 26.2421 26.174 20.2513 20.0803 19.0648 21.0405 18.8928 17.9756 17.9737 17.409 17.1769 24.4706 17.0038 16.0959 34.6461 28.7726 29.1635 28.3751 19.9612 22.6793 28.4307 20.149 24.1115 18.6086 16.8705 16.6121
threshold=2.7549999952316289 0.02056203875690699 88.220001220703139 2.2050000429153447 77.393825531005874 13.500000000000002 0.35728628933429724 0.13466527312994006 0.20028401166200641 167.62500000000003 0.083424910902977004 0.6712251901626588 61.387580871582038 68.740001678466811 0 0.15839997678995135 4.5000000000000009 89.125000000000014 79.000000000000014 181.62500000000003 1.5000000000000002 184.00000000000003 2.5000000000000004 175.00000000000003 59.500000000000007 67.874050140380874 0.068623550236225142 109.25000000000001 21.375000000000004 63.611358642578132
decision_type=10 10 8 8 10 10 10 10 10 2 10 10 8 10 9 10 2 2 2 2 10 2 8 2 8 10 10 2 2 10
left_child=2 8 10 4 -4 7 -7 -5 13 -10 12 -6 -1 -2 15 -14 17 18 -12 20 -19 -21 -20 24 27 26 -25 -24 -28 -22
right_child=1 -3 3 5 11 6 -8 -9 9 -11 16 -13 14 -15 -16 -17 -18 19 22 21 29 -23 23 25 -26 -27 28 -29 -30 -31
leaf_value=-0.011023694298469196 0.012527542657557263 -0.0017001471304050183 0.0015656580776118626 -0.018824170953487384 0.018496176080547738 -0.003880432410355236 0.011141823455884879 0.0052318543487534508 0.096256615082931346 -0.0031591479046493239 0.0093170337081892839 0.082244005898962746 0.0021621807077583837 -0.019261571745535815 0.0039824072018222025 0.026948286523046094 -0.031260005188281613 -0.0030737125689955982 -0.0093159803487754787 -0.0031268613526688159 0.017924859928046443 0.0075713470703448939 -0.005578560196882373 0.0042726501865676513 0.0078279857380637065 -0.013189428879628295 0.014913052827498802 0.005955473795666493 -0.015198178287858546 0.0070107674703909408
leaf_weight=114.26387105090544 28.554404311464168 494.94668632978573 2555.8472232429776 299.81102820031811 32.701430838787928 2413.1913158319658 151.5876047918573 67.324178423732519 3.914562933612614 10.668694113381205 450.24156267568469 8.4972186926752311 120.43814623891376 446.37539759359788 2385.0921446376015 135.7159991459921 25.763264480978251 363.594413286075 567.97642320557497 1573.8455806309357 304.0312684122473 529.1789412824437 810.24241559952497 418.60709450766444 710.68621046515182 376.79363687685691 33.350049865432084 307.88117480417714 224.59091762639582 851.10807671071962
leaf_count=803 2155 16726 33756 14093 572 68222 1528 1590 220 543 2592 106 1981 48448 54675 1459 134 2353 6610 11559 2181 4558 8633 10482 7589 9335 381 3763 3468 8538
internal_value=1.61454e-05 -0.00878158 0.000563963 -0.00136519 0.00208448 -0.0044219 -0.00298701 -0.0143998 -0.0159154 0.0277346 0.0015996 0.0333764 0.00443402 -0.0173196 0.00510817 0.0147886 0.000563856 0.000677525 -0.00110465 0.00259768 0.00679127 -0.000430677 -0.00246815 -0.00111452 0.00157669 -0.00578783 -0.00164634 -0.00239655 -0.011247 0.00989982
internal_weight=16816.8 984.46 15832.4 5528.96 2597.05 2931.91 2564.78 367.135 489.513 14.5833 10303.4 41.1986 2755.51 474.93 2641.25 256.154 7547.89 7522.13 3900.37 3621.76 1518.73 2103.02 3450.13 2882.15 1828.81 1053.34 676.548 1118.12 257.941 1155.14
internal_count=329053 68092 260961 119867 34434 85433 69750 15683 51366 763 141094 678 58918 50603 58115 3440 82176 82042 52853 29189 13072 16117 50261 43651 19985 23666 14331 12396 3849 10719
cat_boundaries=0 1
cat_threshold=48
is_linear=0
shrinkage=0.04


Tree=94
num_leaves=31
num_cat=1
split_feature=0 22 11 20 22 23 24 11 25 17 23 25 23 25 15 20 25 25 21 22 36 32 19 8 25 35 9 11 25 43
split_gain=42.5959 28.4142 23.0009 22.5534 19.8371 30.1907 28.9591 28.289 27.8159 26.2417 54.3157 45.3153 61.676 35.0579 31.8489 43.6866 31.896 73.6974 33.3014 43.0017 28.5071 32.9922 25.9921 25.798 25.5754 36.7807 25.2873 23.8588 28.746 38.004
threshold=3.1250000000000004 0.0088174184784293192 0.6670682728290559 177.50000000000003 0.20991392433643344 1.2001963853836062 0.23999456316232684 0.059426961466670043 444.87500000000006 3.5000000000000004 1.1935862302780154 688.25000000000011 1.1420445442199709 510.25000000000006 3.5000000000000004 218.00000000000003 353.00000000000006 444.87500000000006 67.131816864013686 0.14607903361320498 0.053855650126934058 1.0265018939971926 190.50000000000003 187.25000000000003 362.37500000000006 13.250000000000002 16.500000000000004 0.031298981979489333 92.375000000000014 0
decision_type=10 8 10 2 10 10 10 8 2 10 10 2 10 2 2 2 2 2 10 10 10 8 10 2 2 2 2 8 2 9
left_child=1 -1 4 -4 5 9 7 -6 -7 14 11 13 -13 27 15 26 20 18 19 -18 21 -16 -19 -15 -17 -26 -3 -11 -29 -30
right_child=-2 2 3 -5 6 8 -8 -9 -10 10 -12 12 -14 23 16 24 17 22 -20 -21 -22 -23 -24 -25 25 -27 -28 28 29 -31
leaf_value=-0.025271485196645928 -0.014178665800224238 0.00041683196507110587 0.0031747315503782587 0.028981069358013211 0.022089130340842904 -0.012242980508382503 -0.0032118939461518907 0.0048263343161752091 0.0060124802108845231 -0.011895733831235085 0.12394056621231091 0.0056026635976935604 0.075524927828084523 -0.02515458576358252 0.071741626184840493 -0.016729250722695529 -0.034910344846138759 -0.019238528891162711 0.046896215711197647 0.035956172115300437 -0.0026981804102340747 0.009601822235512229 0.0094187663668009614 -0.0051203452299515692 0.031035580967273602 -0.012510889573707461 0.0086583582403894459 -0.0057663234243732911 0.010237169783465918 -0.0024545307219847284
leaf_weight=67.693908032029867 326.04063713399228 7077.0279020231683 142.80362975597382 87.007791507989168 168.65618653804995 578.32418334367685 676.78754575457424 1479.0392207796685 172.55330774700269 359.74500939529389 4.408779550343751 86.959626929368824 25.420178045984358 195.43388693640009 13.468219787813721 357.82541447330732 20.849785399157554 65.518030213192105 124.33375070616603 35.75229602213949 564.83567700372078 271.73170256917365 210.84452141169459 218.49296027980745 48.841444718185812 81.181876605376601 649.5875896429643 1140.6006677316036 613.57885087537579 947.91067575593479
leaf_count=4091 37622 122026 928 640 3679 5080 4585 12182 1577 26561 50 1345 188 6056 341 14207 242 880 1477 309 13091 6186 2088 2322 941 2187 6312 30982 9282 11731
internal_value=0.000115814 0.000399578 0.00050719 0.0130457 0.000328166 -0.000244948 0.00374707 0.00660809 -0.0080401 0.000201646 -0.00271054 -0.00290176 0.0219809 -0.00371352 0.001301 0.000377237 0.00709753 0.0156055 0.0353771 0.00962966 0.0025028 0.0127907 0.00256561 -0.0146269 -0.0112186 0.00392823 0.00111126 -0.00223255 -0.000940625 0.00258321
internal_weight=16813.3 16487.2 16419.5 229.811 16189.7 13865.2 2324.48 1647.7 750.877 13114.3 3592.55 3588.14 112.38 3475.76 9521.8 8214.46 1307.33 457.298 180.936 56.6021 850.036 285.2 276.363 413.927 487.849 130.023 7726.62 3061.84 2702.09 1561.49
internal_count=329188 291566 287475 1568 285907 265461 20446 15861 6657 258804 88517 88467 1533 86934 170287 145673 24614 4996 2028 551 19618 6527 2968 8378 17335 3128 128338 78556 51995 21013
cat_boundaries=0 1
cat_threshold=152
is_linear=0
shrinkage=0.04


Tree=95
num_leaves=31
num_cat=1
split_feature=1 0 22 14 22 24 23 21 21 17 25 0 6 25 0 46 25 21 22 21 22 19 24 17 23 21 25 25 22 25
split_gain=42.7344 26.493 19.0046 18.9956 17.7942 22.2375 21.4833 22.2734 23.3396 20.5226 31.1607 29.3824 25.6381 33.3854 25.5273 21.3359 22.1215 21.3317 20.6198 20.4263 19.6671 20.8811 26.8495 19.6301 40.3416 27.9253 31.3656 54.0559 44.3333 30.0627
threshold=2.7549999952316289 3.0849999189376835 0.0088174184784293192 68.095001220703139 0.20523230731487277 0.23999456316232684 1.2001963853836062 69.217826843261733 69.602111816406264 1.5000000000000002 306.87500000000006 2.7050000429153447 67.500000000000014 127.87500000000001 1.0000000180025095e-35 0 162.25000000000003 61.699682235717781 0.40845322608947759 61.479637145996101 0.21276179701089862 23.000000000000004 0.11303354054689409 3.5000000000000004 1.1935862302780154 83.50730133056642 357.75000000000006 688.25000000000011 0.092042323201894774 92.375000000000014
decision_type=10 10 8 10 10 10 10 10 10 10 2 8 2 2 8 1 2 10 10 10 10 10 10 10 10 10 2 2 10 2
left_child=2 3 -1 -2 6 9 23 -8 -9 10 14 -12 13 -11 -6 16 -15 19 20 -16 -14 -22 -23 -4 25 26 29 -28 -29 -25
right_child=1 -3 4 -5 5 -7 7 8 -10 12 11 -13 18 15 17 -17 -18 -19 -20 -21 21 22 -24 24 -26 -27 27 28 -30 -31
leaf_value=-0.021804864802665597 0.012712403075022785 -0.022755541822112688 0.0014331672546775932 -0.0071562595146918359 0.021894235238160129 -0.0023204583695237528 -0.0084054912217765149 0.048723080645014967 -0.021734863491628422 0.010967040306717482 0.043081382056683916 0.0053216910666372616 0.028433346995639628 0.086340285705860331 0.00034204265069385338 0.022017105338664848 0.025983628181770527 -0.010796928251232381 0.066756686454662997 0.031214881966323122 0.037218104355841677 -0.020986581897622644 0.0044738189900627636 -0.0050494801902684298 0.11072903834960508 0.025164905883919328 -0.013451255938754125 -0.00040824208552977045 0.055773838897937883 0.0037370904729493917
leaf_weight=59.341317120939493 85.029637262457982 161.97598986397497 9204.9425493882736 728.32388937706128 74.746792275458574 691.22798503981903 652.75045944843441 21.321701813489202 10.542163635604082 202.32377604069188 53.067641615867615 86.107600760646164 46.914054915076122 23.344353457912803 483.82027037022635 52.362773395143449 18.550096610561013 302.65941192093305 7.5840589827857903 35.931194869801402 23.520722674205899 82.596660732990131 318.55878118751571 1216.2003514672397 4.05861922353506 57.175239818869159 717.28123228019103 70.051589755341411 31.980715481564403 1275.1024161080131
leaf_count=3248 2850 25282 156192 40113 444 4425 5395 206 91 2061 278 575 515 126 3772 341 104 2986 164 251 188 1586 2997 39045 37 1418 12348 950 218 20879
internal_value=9.73634e-05 -0.00802413 0.000598667 -0.00506118 0.000684629 0.00377705 0.000100339 -0.00679446 0.0253383 0.00610517 0.00241324 0.0199527 0.0110226 0.0202521 -0.00032237 0.0398161 0.0609375 -0.00237057 0.00527153 0.00253985 0.00413511 0.00138099 -0.000797602 0.000476484 -0.00213367 -0.0023037 -0.00278675 -0.00957113 0.0175329 -0.000551024
internal_weight=16799.4 975.33 15824.1 813.354 15764.7 2503.32 13261.4 684.614 31.8639 1812.09 1036.33 139.175 775.755 296.581 897.158 94.2572 41.8945 822.411 479.174 519.751 471.59 424.676 401.155 12576.8 3371.85 3367.79 3310.62 819.314 102.032 2491.3
internal_count=329085 68245 260840 42963 257592 20813 236779 5692 297 16388 8306 853 8082 2632 7453 571 230 7009 5450 4023 5286 4771 4583 231087 74895 74858 73440 13516 1168 59924
cat_boundaries=0 1
cat_threshold=4
is_linear=0
shrinkage=0.04


Tree=96
num_leaves=31
num_cat=1
split_feature=0 5 11 7 5 4 5 21 14 38 16 0 15 20 25 23 25 23 25 23 25 42 25 21 15 5 21 0 20 2
split_gain=42.3637 23.0009 34.9916 30.105 30.179 29.8975 21.8667 21.5836 21.0885 21.3103 20.0984 24.2989 24.2709 31.4292 30.3243 26.204 40.7274 38.4165 23.4583 22.3225 27.2654 23.7004 21.1485 28.8319 21.0607 19.8153 19.5567 19.5192 19.2927 19.2585
threshold=3.1049998998641972 41.500000000000007 0.02056203875690699 43.500000000000007 28.500000000000004 1.9450000524520876 55.500000000000007 79.661323547363295 82.895000457763686 1.2811735868453982 1.5000000000000002 1.0000000180025095e-35 3.5000000000000004 218.00000000000003 298.37500000000006 1.0363268852233889 98.375000000000014 1.0631135106086733 111.12500000000001 1.0945203900337221 245.25000000000003 0 147.75000000000003 65.685878753662124 4.7500000000000009 1.5000000000000002 68.738159179687514 2.9850000143051152 159.00000000000003 2.1450001001358037
decision_type=10 2 10 2 2 2 2 10 10 8 2 10 2 2 2 8 2 8 2 8 2 9 2 8 2 2 10 8 2 10
left_child=1 3 -3 4 7 6 -4 10 27 -10 12 -12 13 19 15 16 -14 -17 -18 20 21 29 23 -19 -16 -13 -23 -6 -5 -1
right_child=-2 2 5 28 8 -7 -8 -9 9 -11 11 25 14 -15 24 17 18 22 -20 -21 -22 26 -24 -25 -26 -27 -28 -29 -30 -31
leaf_value=0.0084588353605125361 -0.014120019970658378 -0.015583253114186263 0.0020652705599383523 0.014512386120611065 -0.00042250570220393166 -0.0030422151438348898 0.019909634061292467 -0.01293091385000396 -0.012135617498003671 0.024833232599946485 0.0099999552974127052 -0.017328795531449091 -0.00074243159795614304 -0.013229465538977749 0.022421442322323543 -0.023599578886641319 0.10441993637123766 0.02529387152746336 0.033002993857056871 -0.00042192774159987862 -0.0073752216213290537 0.0082173234984993012 -0.0095369070769032449 0.00083855118570516022 -0.016829496272622906 -0.0026485128246550357 -0.0029443126093260251 0.053480078696638074 0.0037687460550988468 0.048968119365092981
leaf_weight=1454.9517328274669 330.58545726898592 300.50958612188697 370.98816970223561 306.72828515409492 376.08839232276659 2676.0131570210215 155.65072362869978 176.44979347463232 626.72093445959035 25.00330006389413 222.22126716282219 161.31515920814127 64.364925880916417 230.82813740777783 256.65946090500802 92.541153115220368 8.5249465280212444 120.77209854125977 43.540876748040318 3384.8476542409044 282.54119616560638 397.29989700322039 123.38004177808762 211.59397953539155 23.065452186856419 1595.578757277457 678.44533660821617 10.061473480192943 2075.9733900958672 18.118152401177213
leaf_count=27840 39121 23615 4604 3530 8799 51520 1531 8440 20925 1369 1347 1269 3112 8161 3017 2777 127 1979 863 41447 5210 7377 1223 5381 462 12917 16230 659 23868 293
internal_value=3.54058e-05 0.000320603 -0.00255452 0.00109775 0.000182778 -0.00132628 0.00737458 0.000887581 -0.00629122 -0.0106753 0.00114956 -0.00242869 0.00210841 0.00122977 0.00809437 0.00342589 0.0205742 -0.000239172 0.0465191 0.00176937 0.00438967 0.00569778 0.00453678 0.00978611 0.0191222 -0.0040078 0.00117805 0.00110615 0.00515897 0.00899268
internal_weight=16801.4 16470.8 3503.16 12967.6 10584.9 3202.65 526.639 9547.04 1037.87 651.724 9370.59 1979.12 7391.48 6447.03 944.443 664.718 116.431 548.287 52.0658 6216.2 2831.36 2548.82 455.746 332.366 279.725 1756.89 1075.75 386.15 2382.7 1473.07
internal_count=329013 289892 81270 208622 181224 57655 6135 149472 31752 22294 141032 15533 125499 106558 18941 15462 4102 11360 990 98397 56950 51740 8583 7360 3479 14186 23607 9458 27398 28133
cat_boundaries=0 1
cat_threshold=16
is_linear=0
shrinkage=0.04


Tree=97
num_leaves=31
num_cat=1
split_feature=4 15 1 46 33 22 24 11 21 12 25 22 31 4 38 11 10 4 16 11 25 21 40 25 5 22 32 21 0 20
split_gain=40.3785 24.8399 22.6321 28.0652 21.7305 20.3626 18.3503 20.1959 18.6515 16.9374 18.6402 16.7761 19.4811 18.1029 20.4326 16.4464 16.297 16.9958 15.5676 14.915 14.4568 17.4937 13.5484 13.5212 14.5481 13.9228 13.5062 13.2618 12.8145 12.6102
threshold=3.0649999380111699 1.0000000180025095e-35 2.5149999856948857 0 3.3953843116760258 0.11706789955496789 0.0056790886446833619 0.6670682728290559 67.76965713500978 1.5000000000000002 31.375000000000004 0.033461283892393119 70.912101745605483 2.9150000810623173 1.0529971718788149 0.13672139495611194 34.750000000000007 1.0000000180025095e-35 4.5000000000000009 0.23974815011024478 181.62500000000003 58.025424957275398 0.081446748226881041 124.62500000000001 30.500000000000004 0.11905154213309289 1.1735804080963137 58.496623992919929 2.6950000524520878 159.00000000000003
decision_type=2 2 10 1 10 10 8 10 10 8 2 10 10 2 8 10 2 2 2 10 2 10 8 2 2 10 10 10 10 2
left_child=1 28 6 5 -2 -4 8 18 9 -3 27 15 29 19 -15 -5 17 -9 -8 -14 21 -7 -16 25 -25 -23 -6 -11 -1 -13
right_child=4 2 3 11 26 20 7 16 -10 10 -12 12 13 14 22 -17 -18 -19 -20 -21 -22 23 -24 24 -26 -27 -28 -29 -30 -31
leaf_value=0.018302559923328601 -0.0215336665555559 -0.015290092682905628 -0.016437206431132466 -0.020547640496622589 0.12666847109363094 0.064939176121892594 0.0006983767152042397 0.023422569844829315 -0.019668386784595294 0.066300338762767405 -0.018408718274699802 0.0098952918976689414 0.0038842076081092494 0 -0.012286829391442232 0.01216208183192807 0.037265694109158483 -0.0015006608300638232 -0.026974210955901318 0.037187426182424606 -0.018588470198504951 0.064497191052743125 0.093942217136487496 0 0.077437603006165909 -0.0048738219323957504 -0.003332846791632189 0.0086607384573471995 0.076628533187859893 -0.0048110303868516228
leaf_weight=56.502903070766479 169.12105780746788 99.287956815212965 399.151656890288 113.50182639376726 1.6016972383949899 6.7384664022829375 14024.811482637539 69.225285244174302 136.95592858828604 5.7356959069147697 42.328349352115765 107.731887217029 310.74401023238897 10.017576113692487 1.9930185081902863 30.435934503329918 35.589723699726164 115.23248624242842 31.596425194293261 22.203417191747576 49.439927946776152 3.8311192658729842 9.9259814810939133 8.1140975588932616 6.5993011761456719 108.29002567823045 2.3033072235994041 151.60367839387618 6.0342089198529711 652.59725880960468
leaf_count=1152 25970 3369 23995 10811 106 144 200303 385 7061 120 1146 2772 11419 1161 204 765 269 666 166 238 1490 114 801 190 154 3377 106 4289 376 25633
internal_value=-5.23483e-05 0.00014815 5.20925e-05 -0.00412713 -0.01922 -0.0113821 0.000575657 0.000822976 -0.00749846 -0.00186292 0.00483695 -0.000763256 0.000896422 0.00862399 0.0430486 -0.0135673 0.0128206 0.00790709 0.000633974 0.0062218 -0.000305846 0.0065193 0.0762935 0.00290056 0.0376658 -0.00191889 0.0641271 0.0111927 0.0251109 -0.00271176
internal_weight=16789.2 16616.2 16553.7 1841.32 173.026 582.165 14712.4 14276.5 435.912 298.956 199.668 1259.15 1115.21 354.884 21.9366 143.938 220.047 184.458 14056.4 332.947 183.013 133.573 11.919 126.835 14.7134 112.121 3.905 157.339 62.5371 760.329
internal_count=328752 302570 301042 83268 26182 29464 217774 201789 15985 8924 5555 53804 42228 13823 2166 11576 1320 1051 200469 11657 5469 3979 1005 3835 344 3491 212 4409 1528 28405
cat_boundaries=0 1
cat_threshold=4
is_linear=0
shrinkage=0.04


Tree=98
num_leaves=31
num_cat=0
split_feature=4 22 16 9 6 21 25 16 21 22 31 20 1 39 29 19 19 10 4 40 14 22 40 40 20 37 22 36 9 25
split_gain=33.9689 22.3356 21.4467 22.974 24.4548 35.1797 31.3767 22.2704 23.7582 29.3327 24.8355 20.7696 22.0335 19.7831 19.5857 20.086 17.3381 16.5326 15.1872 29.943 23.0867 21.9577 17.5432 17.1648 17.0001 16.3378 15.4263 15.2382 14.6908 14.7038
threshold=3.0649999380111699 0.0088174184784293192 4.5000000000000009 3.5000000000000004 88.250000000000014 84.860710144042983 788.12500000000011 1.5000000000000002 74.166954040527358 0.023576410487294201 72.008857727050795 159.00000000000003 2.5049999952316289 3.2187502384185795 16.750000000000004 7.5000000000000009 59.500000000000007 132.25000000000003 0.66500002145767223 0.10458350926637651 90.045001983642592 0.1753945276141167 0.39266912639141088 0.24534180760383609 218.00000000000003 69.09051895141603 0.1810262203216553 0.10645065456628801 23.500000000000004 558.75000000000011
decision_type=2 8 2 2 2 10 2 2 10 8 10 2 10 10 2 10 10 2 2 8 8 10 10 10 2 10 10 8 2 2
left_child=1 17 3 4 7 6 11 8 9 10 -3 -6 -13 -2 -5 -16 -9 -1 20 -20 22 -21 23 -11 26 -25 27 -23 -17 -30
right_child=13 2 -4 14 5 -7 -8 16 -10 18 -12 12 -14 -15 15 28 -18 -19 19 21 -22 24 -24 25 -26 -27 -28 -29 29 -31
leaf_value=-0.02680347520574404 -0.019700213627213942 0.0038904832933810297 -0.030780730055662394 0.003216686082654832 0.013461279481031176 0.043621996570379011 0.051000398296566003 -0.00084409477890501794 -0.0075356776040020239 -0.00074629619242968007 0.099743539051156654 -0.0052644660865968397 -0.016910235303951766 0.079703070551291957 -0.016386289120344306 -0.001054028125912362 -0.013565969248467803 0.074527205241418926 0.011225314895785781 -0.0011431559731536944 -0.0065649939950248913 0.081641295107929043 -0.019594688569602347 0.0096932902097122929 0.043168266690852233 -0.025369101305299395 0.0050347724618443421 0.01463185422522551 0.0080002558084996591 -0.011656840421712795
leaf_weight=64.397332384716719 168.47622557019349 8.7493339750217292 34.945502918213606 4907.3493741850834 65.326890045311302 20.857133975368924 13.45308886002749 340.38823718205094 549.48226743086707 933.06249716004822 7.9056760143721467 706.42704047868028 413.03291204874404 2.2836222735932088 122.91553578386083 3384.3979086701293 346.01033592713065 1.7178751081228245 570.1903538267361 1679.1711582810385 851.06628802139312 7.3963564084842828 58.703090333379805 511.18336047511548 21.310058826114982 21.185989142395556 367.10812927014194 17.614466083236039 529.18055312801152 67.741409804672003
leaf_count=4327 26131 405 186 50350 2896 779 390 3435 24171 15305 227 26188 32728 123 2143 45566 3561 36 13107 42384 17859 87 360 4526 347 230 4685 234 5885 450
internal_value=-0.000193945 -1.08348e-05 8.22732e-05 0.000149655 -0.00148396 -0.00666685 -0.00758119 -0.00047798 0.00035476 0.00121463 0.0526883 -0.00829219 -0.00957608 -0.0178913 0.00151145 -0.000526778 -0.00727336 -0.0230398 0.00103325 0.00310737 -0.00129066 0.000889178 0.00165425 0.00252096 0.00913614 0.00824551 0.00717135 0.036979 -3.21502e-05 0.00574702
internal_weight=16793 16622.3 16556.2 16521.2 7509.62 1219.1 1198.24 6290.53 5604.13 5054.65 16.655 1184.79 1119.46 170.76 9011.58 4104.24 686.399 66.1152 5037.99 2662.79 2375.2 2092.6 1524.13 1465.43 413.429 532.369 392.119 25.0108 3981.32 596.922
internal_count=329101 302847 298484 298298 193904 62981 62202 130923 123927 99756 632 61812 58916 26254 104394 54044 6996 4363 99124 60844 38280 47737 20421 20061 5353 4756 5006 321 51901 6335
is_linear=0
shrinkage=0.04


Tree=99
num_leaves=31
num_cat=2
split_feature=1 35 22 23 23 19 9 21 25 25 22 35 40 43 14 32 24 19 25 25 25 8 24 15 21 25 43 9 22 22
split_gain=37.0246 20.6521 27.14 26.087 24.6347 48.9028 24.2948 23.7405 29.1658 21.1634 31.8714 27.4585 26.1281 24.3885 29.618 20.5208 20.3598 19.9491 61.3261 74.8569 47.5191 35.3081 28.0114 82.8355 30.7588 25.2888 27.0144 27.7553 24.3179 29.3835
threshold=3.1049998998641972 12.750000000000002 0.11199874058365823 1.0213701128959658 1.0217798352241518 21.500000000000004 20.500000000000004 70.428447723388686 83.625000000000014 709.87500000000011 0.088235270231962218 8.7500000000000018 0.18585512787103656 0 71.444999694824233 1.0479733347892763 0.085462220013141646 190.50000000000003 306.87500000000006 320.62500000000006 490.12500000000006 94.250000000000014 0.027079646475613121 2.5000000000000004 66.600540161132827 181.62500000000003 1 22.500000000000004 0.023127569817006591 0.032523207366466529
decision_type=10 2 10 8 8 10 2 10 2 2 10 2 10 9 10 10 8 8 2 2 2 2 10 2 10 2 9 2 10 10
left_child=1 9 3 6 5 -5 -3 16 -9 11 -11 13 -12 -1 -15 -8 -4 25 22 -20 28 -22 23 -19 -24 -6 -27 -28 -21 -30
right_child=-2 2 7 4 17 -7 15 8 -10 10 12 -13 -14 14 -16 -17 -18 18 19 20 21 -23 24 -25 -26 26 27 -29 29 -31
leaf_value=-0.0038961090411517773 -0.013810808208940586 -0.014278546481087159 0.0067087199141101506 0.093847319796826256 -0.0010271282715109437 -0.012596770451518961 -0.0070818059145534885 -0.011518367707235135 0.033769178534315228 -0.014721336611274101 0.015300547713585726 0.0031880607388829682 0.058733226402747203 0.027604772533187792 -6.8563168881689761e-05 0.034547241957074599 -0.00051165883582067495 0.16926187576460816 0.12473166397923473 -0.025737072891807742 0.037573686197654478 -0.010769016057861916 0.011134193410508406 0.00067732526250861532 -0.023556578658224629 -0.0028374656318680335 -0.018263915540571597 0.0057672449910322245 0.093643739966786127 0.023605601154887548
leaf_weight=1898.8266469108639 307.89466398360673 485.78912838816177 791.19211149623152 11.615992858889514 2899.4816632911097 14.68204676825553 45.908473985269666 31.885044426657259 74.10315581317991 46.847359568346292 141.91752729611471 4573.4725129079306 25.72839564178139 90.018119205022231 192.38500707119238 30.811634617391974 2953.9238054926973 3.8852354297414413 8.5742030269466323 14.063187986612318 27.458943626843393 159.21942300908267 51.233438673662022 104.01378712896258 189.70628357562236 839.61511517781764 479.86656262958422 90.763722363859415 9.2673363611102086 203.76656367303804
leaf_count=33895 30595 28730 14578 211 74934 576 1266 350 777 842 1225 58004 209 1113 3934 580 32240 180 101 645 450 2592 862 5137 5425 16130 9992 674 192 2561
internal_value=-9.01518e-05 0.000166614 -0.00104419 -0.00280435 -0.00190181 0.0359892 -0.0109738 0.00154619 0.0201274 0.00182122 0.0141637 0.00142666 0.0222986 -0.00226448 0.0085046 0.0098148 0.00101403 -0.00210576 0.0038135 0.0140535 0.0114552 -0.00347455 -0.00857766 0.00828302 -0.0161479 -0.00316653 -0.00755848 -0.014183 0.0237067 0.0270944
internal_weight=16797.9 16490 9520.83 5669.72 5107.21 26.298 562.509 3851.1 105.988 6969.2 214.493 6754.7 167.646 2181.23 282.403 76.7201 3745.12 5080.92 771.188 422.35 413.775 186.678 348.839 107.899 240.94 4309.73 1410.25 570.63 227.097 213.034
internal_count=329000 298405 199183 151238 120662 787 30576 47945 1127 99222 2276 96946 1434 38942 5047 1846 46818 119875 18145 6541 6440 3042 11604 5317 6287 101730 26796 10666 3398 2753
cat_boundaries=0 1 2
cat_threshold=88 24
is_linear=0
shrinkage=0.04


Tree=100
num_leaves=31
num_cat=0
split_feature=4 14 5 15 5 11 20 19 22 16 9 4 22 16 22 28 6 23 5 24 22 22 31 30 25 24 39 40 23 25
split_gain=33.632 37.1186 26.8612 29.7399 22.9699 21.3843 17.8874 16.9256 16.7206 16.7203 17.0807 19.9287 17.3173 17.5679 29.2633 25.1758 20.9673 20.561 22.9911 19.2747 17.7717 26.2574 34.6425 24.3664 21.3667 21.7612 17.9824 17.7259 17.537 16.7619
threshold=2.5349999666213994 84.399997711181655 28.500000000000004 3.5000000000000004 5.5000000000000009 0.6670682728290559 177.50000000000003 49.500000000000007 0.28260818123817449 4.5000000000000009 16.500000000000004 1.935000002384186 0.0088174184784293192 1.5000000000000002 0.11810277774930002 6.5000000000000009 4.5000000000000009 1.0763167738914492 42.500000000000007 0.089312698692083373 0.13668338954448703 0.11905154213309289 66.273681640625014 0.061484945937991149 342.37500000000006 0.32101716101169592 3.4411590099334721 0.3111384809017182 1.079293489456177 377.37500000000006
decision_type=2 8 2 2 2 10 2 10 10 2 2 2 8 2 10 2 2 10 2 10 10 10 10 10 2 10 10 10 10 2
left_child=5 4 3 8 -2 9 -7 -6 -3 10 12 -12 -1 14 15 17 -15 18 -14 28 21 22 -21 29 26 -26 -22 -18 -16 -23
right_child=1 2 -4 -5 7 6 -8 -9 -10 -11 11 -13 13 16 19 -17 27 -19 -20 20 24 23 -24 -25 25 -27 -28 -29 -30 -31
leaf_value=-0.026538865690288845 0.034991284687093754 -0.011634677369764257 -0.018728095814000124 0.010635628986539089 0.013444992655350626 0.0036500466437179202 0.026347756602225256 -0.0049093311566454087 0.060713916996245808 -0.028311566437847546 0.0089510280991352848 0.0010125764502350216 0.0039717873448666882 -0.018940486979707176 0.0044526692161242828 -0.0055836283508584866 -0.0033618022241039621 -0.0026763939150778199 -0.0061211859409557659 0.10409538819715408 0.0022080335284301107 -0.0062460241148034699 0.0032940895850680158 -0.010799767057208136 0.01275147287386226 -0.040746813966510288 -0.0170766214901657 0.0075887211858089963 0.015803231395748466 0.049559454344312352
leaf_weight=38.42505876487121 34.026852364186198 368.82476773136295 377.0555103905499 144.93369523319416 118.15932755672839 142.18012410681695 91.118613698519766 245.84999692218844 4.1882116373162708 31.314046744257212 763.81900898460299 1500.0044547771104 2545.5440565985627 124.2944251364097 642.1171055638697 1441.1819691365818 2131.5562445453834 2038.7015720464988 419.59435652627144 6.7719807587564018 2042.811554813059 15.196512672118841 18.828059996245429 386.27813941566274 421.18230567034334 11.539637536741791 79.380815357901156 264.88619600143284 330.73010881361552 17.969777547754347
leaf_count=2334 848 30028 37866 8993 6093 929 657 15592 141 167 6195 16924 57370 1114 9778 41634 18512 25059 14647 69 20240 196 253 4269 3130 97 493 1719 3694 210
internal_value=9.61487e-05 -0.00609881 -0.010616 -0.00467813 0.00404941 0.000613381 0.0126067 0.00105813 -0.0106515 0.000429094 0.000490261 0.00369556 -6.8834e-05 1.15127e-05 0.000736897 -0.000927061 -0.00298391 0.000414149 0.00254061 0.00343687 0.00184723 -0.00551784 0.0330204 -0.00795241 0.00313339 0.0112249 0.0014771 -0.00214708 0.00832779 0.0244384
internal_weight=16798.5 1293.04 895.002 517.947 398.036 15505.4 233.299 364.009 373.013 15272.1 15240.8 2263.82 12977 12938.6 10417.8 6445.02 2520.74 5003.84 2965.14 3972.81 2999.96 445.044 25.6 419.444 2554.91 432.722 2122.19 2396.44 972.847 33.1663
internal_count=329251 99561 77028 39162 22533 229690 1586 21685 30169 228104 227937 23119 204818 202484 181139 138710 21345 97076 72017 42429 28957 4997 322 4675 23960 3227 20733 20231 13472 406
is_linear=0
shrinkage=0.04


Tree=101
num_leaves=31
num_cat=2
split_feature=4 17 22 19 25 21 43 21 30 22 23 40 0 21 4 21 22 22 46 25 2 0 25 20 22 22 21 1 21 24
split_gain=30.1675 21.8357 34.4276 25.4948 43.1373 28.4048 21.9042 19.6289 30.6057 20.6777 18.3166 23.9998 17.2101 17.1838 18.4574 18.0165 17.3924 18.837 17.0364 26.872 29.4518 28.6101 31.5571 33.7955 50.4329 27.8613 27.9946 25.689 22.8997 27.1545
threshold=3.0649999380111699 4.5000000000000009 0.017211882397532467 23.000000000000004 332.87500000000006 69.308376312255874 0 73.370883941650405 0.028484258800745014 0.020157686434686187 1.0333262085914614 0.09954079240560533 2.3750000000000004 59.879467010498054 2.3850001096725468 62.949632644653327 0.13832210004329684 0.063832581043243422 1 173.12500000000003 1.185000002384186 1.5049999952316286 283.12500000000006 179.00000000000003 0.087639935314655318 0.19673433154821399 65.230396270751967 2.4550000429153447 61.699682235717781 0.087230425328016295
decision_type=2 10 10 10 2 10 9 10 10 10 10 10 10 10 2 10 10 10 1 2 8 8 2 2 10 10 10 10 10 10
left_child=1 6 -3 4 5 -4 -1 13 9 -9 11 12 -6 -5 15 -15 17 -17 19 20 -8 -21 -23 25 -25 -24 -27 -20 -26 -30
right_child=-2 2 3 7 10 -7 18 8 -10 -11 -12 -13 -14 14 -16 16 -18 -19 27 21 -22 22 23 24 28 26 -28 -29 29 -31
leaf_value=-0.0079129460085284372 -0.016912599416472159 -0.020987994211956327 0.01115949200195651 0.048295934313223522 -0.0063520302992252408 -0.01236516865603669 0.0074034861581937115 0.12473866389602764 -0.023918322398736078 -0.0059013018909181208 -0.0094843674734502743 0.10020133006249021 0.069099283331337386 -0.027988652030207867 -0.018012656906347676 0.0043440075196901334 0.019951090775869249 -0.008666690627814326 0.00054022885552752048 0.0060548508890480145 -7.0105511954426206e-05 -0.010501826900968774 -0.015086572562569152 -0.0041491869391833205 0.077316428748612206 -0.0025401876183668028 0.04235604581449353 -0.0066955992929055817 0.038943085778368663 0.0091042704194991674
leaf_weight=450.54099378036335 165.75680702377576 173.62092007475439 213.28327641449869 9.2199370982125384 10.433589411899453 132.09352496510837 2337.7129730796441 2.8169086721027261 129.28890335664619 3.6532361680874601 7.1652516089379779 12.665649029891936 7.6510791676118961 38.410876719281077 126.12912031624001 361.5939745218493 61.607534435577691 348.53737701033242 7740.3517579352483 667.8404498999007 1318.0876713049365 656.13056310859974 266.88198868185282 268.7742332322523 10.147167459130285 95.615195544436574 27.857819315046072 872.59692914725747 69.478712523821741 163.37764105154201
leaf_count=11772 26295 10392 3022 79 88 4011 47884 112 7096 242 164 138 105 474 9650 7247 649 5716 104638 3861 21392 10887 4382 7837 71 890 210 36686 711 2156
internal_value=1.55144e-05 0.000185966 -0.00419634 -0.00219002 0.00665795 0.00214093 0.000666829 -0.00533346 -0.0195061 0.0595244 0.0465888 0.0596678 0.0273076 -0.0032758 -0.0038389 -0.00160783 -0.000255109 -0.00203932 0.000939127 0.00259905 0.00470853 -0.000863978 -0.0038338 0.00101776 0.00777669 -0.00783059 0.00781601 -0.000193077 0.0209466 0.018153
internal_weight=16749.3 16583.6 1638.17 1464.55 383.292 345.377 14945.4 1081.26 135.759 6.47014 37.9156 30.7503 18.0847 945.499 936.279 810.15 771.739 710.131 14494.9 5881.9 3655.8 2226.1 1558.26 902.133 511.778 390.355 123.473 8612.95 243.004 232.856
internal_count=328857 302562 49185 38793 7528 7033 253377 31265 7450 354 495 331 193 23815 23736 14086 13612 12963 241605 100281 69276 31005 27144 16257 10775 5482 1100 141324 2938 2867
cat_boundaries=0 1 2
cat_threshold=8 8
is_linear=0
shrinkage=0.04


Tree=102
num_leaves=31
num_cat=0
split_feature=1 22 25 22 24 21 23 29 23 30 21 0 34 31 0 0 25 25 20 20 25 23 1 25 12 24 24 21 17 21
split_gain=31.0576 21.6686 19.4143 17.2874 23.5979 23.2955 33.9524 43.2971 20.9839 20.6239 20.1872 19.871 28.9761 26.66 23.7876 25.6529 20.1562 23.5744 31.9815 30.7615 31.4375 35.4825 28.6088 27.8702 37.0488 26.6646 34.4384 28.2628 23.8785 26.384
threshold=3.1049998998641972 0.0088174184784293192 44.375000000000007 0.20523230731487277 0.23999456316232684 58.025424957275398 1.28947389125824 14.750000000000002 1.2001963853836062 0.18139814585447314 69.217826843261733 2.4750000238418584 5.5000000000000009 76.423004150390639 2.9750000238418584 3.1149998903274541 87.125000000000014 181.62500000000003 218.00000000000003 184.00000000000003 260.25000000000006 1.1672998666763308 0.58499997854232799 480.12500000000006 2.5000000000000004 0.043805265799164779 0.039523867890238769 69.361457824707045 3.5000000000000004 68.879364013671889
decision_type=10 8 2 10 10 10 10 2 10 10 10 10 2 10 10 10 2 2 2 2 2 10 10 2 8 10 10 10 10 10
left_child=1 -1 -2 8 5 6 -5 -8 11 -7 -10 16 13 -13 -15 -16 -3 18 25 22 21 -21 -19 24 -22 26 -18 -28 29 -26
right_child=2 3 -4 4 -6 9 7 -9 10 -11 -12 12 -14 14 15 -17 17 19 -20 20 23 -23 -24 -25 28 -27 27 -29 -30 -31
leaf_value=-0.023411520346918208 0.0044176449286092477 -0.0011197700843255255 -0.01866711501430323 0.011192419202103707 -0.0028927787662427979 0.0071395379720104379 0.011544026909335533 0.10435386354470161 -0.0085133484709903704 -0.002498572536946408 0.022411850829397787 -0.0017816727299421499 -0.011403064375737607 0.0080094355758022102 0.10970432608141366 0.017398377691558418 0.01128659700761377 0.0035652684680205133 -0.0068233721117797576 -0.010967259918527674 -0.0058152043158756503 0.030730725074913794 -0.0063505917159892237 9.6883198977147801e-05 0.03216039469895287 0.0047613830350253508 0.066347037064942618 0.014268184153772958 0.0057249713712483885 0.01271169822654101
leaf_weight=60.723864590749145 77.92976977780927 4881.2579915234819 223.54237298946828 244.44947180338204 699.59843197418377 1034.2204835193697 17.966025603935122 14.162611011415718 667.81500041717663 539.40157198230736 34.560839205980301 1431.7424506511306 542.49956238828599 47.458972877124324 8.2188590529840457 11.314476798521353 415.62111036293209 710.57609456032515 282.72382674808614 319.56232028035447 176.90352996811271 35.348378717899323 1344.1781109818257 670.21177560184151 178.34225402213633 1391.0051818201318 35.209744838997722 32.621081468183547 312.90038638049737 305.01698343176395
leaf_count=4153 9152 93214 21495 2040 4743 10629 100 104 5924 4695 350 62583 36381 1963 444 1031 8020 5389 4702 4780 2517 301 13651 7621 1202 13188 351 575 4310 3566
internal_value=9.27366e-06 0.000243101 -0.0126917 0.000332435 0.00335835 0.00572448 0.0164148 0.0544913 -0.000225153 0.00383379 -0.00695627 0.000135044 -0.00349054 -0.000618075 0.0238517 0.0598831 0.000802899 0.00231471 0.00569196 0.000515257 0.00404874 -0.00672831 -0.00291947 0.00638131 0.0107007 0.0075844 0.0156721 0.0419306 0.0143777 0.0199474
internal_weight=16747.1 16445.6 301.472 16384.9 2549.8 1850.2 276.578 32.1286 13835.1 1573.62 702.376 13132.7 2041.23 1498.73 66.9923 19.5333 11091.5 6210.22 2157.18 4053.04 1998.29 354.911 2054.75 1643.37 973.163 1874.46 483.452 67.8308 796.26 483.359
internal_count=329174 298527 30647 294374 22311 17568 2244 204 272063 15324 6274 265789 102402 66021 3438 1475 163387 70173 26836 43337 24297 5081 19040 19216 11595 22134 8946 926 9078 4768
is_linear=0
shrinkage=0.04


Tree=103
num_leaves=31
num_cat=1
split_feature=0 31 38 15 24 5 25 9 43 23 25 22 7 0 23 25 25 19 0 1 7 16 19 11 1 19 15 22 23 17
split_gain=33.1064 19.3777 23.3194 19.1307 18.2729 16.6999 29.1739 27.6531 25.9895 45.3767 36.412 26.3569 24.895 22.8037 18.6966 33.4704 40.8371 24.6393 19.9517 19.5135 18.5068 18.4307 24.268 20.7102 20.1095 22.1223 18.431 18.3111 21.7876 20.9919
threshold=3.0149999856948857 77.768856048583999 1.0230824351310732 1.0000000180025095e-35 0.022927329875528816 34.500000000000007 709.87500000000011 1.0000000180025095e-35 0 1.0400686860084536 468.75000000000006 0.031629437580704696 43.500000000000007 0.58499997854232799 1.1107503771781924 87.125000000000014 105.37500000000001 163.50000000000003 2.8349999189376835 2.9650000333786015 25.500000000000004 1.5000000000000002 59.500000000000007 0.83602148294448864 0.33500000834465032 128.50000000000003 3.5000000000000004 0.09124972298741342 1.2658119201660158 3.5000000000000004
decision_type=10 10 10 2 10 2 2 2 9 10 2 10 2 8 10 2 2 10 10 10 2 2 8 8 8 10 2 10 10 10
left_child=5 3 4 -2 -3 12 7 20 9 13 11 -11 21 -9 15 17 -17 -13 -18 -16 -7 22 26 -23 25 -24 -1 -8 29 -29
right_child=1 2 -4 -5 -6 6 27 8 -10 10 -12 14 -14 -15 19 16 18 -19 -20 -21 -22 23 24 -25 -26 -27 -28 28 -30 -31
leaf_value=-0.0017254464274213503 0.10056572642962598 -0.019356743693425257 -0.0006748900699747694 -0.013311406333485114 0.14755332277065994 0.060601547715781939 0 0.019163989401226333 -0.0041138473590426996 0.082507805002259363 -0.0096204732574682213 0.011430843860000895 0.00622688486847486 -0.0091220808183551418 0.00061952506578617339 0.050604316840299798 0.013184850669116047 -0.014477471845458679 0.077440207372214784 0.055976893670867701 -0.016721047677169698 -0.0035500023288336448 0.031990994921226944 0.0198902935493523 0.0027961851116003696 0.0018841683195541313 0.012680992040106184 0.0098699576337547158 -0.0082412557686974627 0.054842805241355833
leaf_weight=3367.1958829032956 1.3789058431284491 1.1040623525623225 10.071000870200804 400.6667111889692 2.8013289760565385 4.0742599522927767 73.685861778911203 48.634644486010075 2490.6172650943045 6.8554903813637784 189.23130149673671 149.91012979345396 1393.7842932437779 558.7123981959885 395.26590064354241 59.082624918082729 337.57432864699513 95.116360455751419 6.9971059514209619 9.464317065663634 242.89290382154286 2003.9238170403987 79.613453497411683 61.15045265480876 4456.3327789044706 76.575365781784058 147.30507055134512 28.195774119347334 21.401663097552955 42.248412100598216
leaf_count=60347 198 133 902 47148 217 291 1244 773 43281 135 2467 2667 13204 21813 3727 752 4220 2590 275 179 20074 16108 612 364 82006 859 1776 258 161 310
internal_value=0.00011078 -0.0110182 0.0336997 -0.0126624 0.105225 0.000394927 -0.00159919 -0.00219563 -0.00145321 0.00212439 0.00649548 0.0093819 0.0012146 -0.00682266 0.00882441 0.0130299 0.0200957 0.00133932 0.0147216 0.00205865 -0.0151901 0.000528232 0.00138602 -0.00284467 0.00329393 0.0173617 -0.00111705 0.0148452 0.0266615 0.0372882
internal_weight=16761.9 416.022 13.9764 402.046 3.90539 16345.8 4759.96 4594.43 4347.46 1856.84 1249.5 1060.27 11585.9 607.347 1053.41 648.681 403.654 245.026 344.571 404.73 246.967 10192.1 8127.02 2065.07 4612.52 156.189 3514.5 165.532 91.8458 70.4442
internal_count=329091 48598 1252 47346 350 280493 105217 103244 82879 39598 17012 14545 175276 22586 14410 10504 5247 5257 4495 3906 20365 162072 145600 16472 83477 1471 62123 1973 729 568
cat_boundaries=0 1
cat_threshold=148
is_linear=0
shrinkage=0.04


Tree=104
num_leaves=31
num_cat=1
split_feature=1 22 46 9 31 22 25 25 11 0 24 37 24 28 30 21 24 15 2 36 32 33 4 29 21 21 1 24 21 22
split_gain=30.9012 31.118 26.213 25.7725 18.4236 15.6233 16.631 16.6168 15.426 15.3026 18.888 20.8696 20.2111 26.4869 18.4406 17.1921 17.7518 15.226 18.1735 14.9563 14.1392 23.7141 18.6523 14.872 14.0017 13.8054 13.296 13.2045 13.969 24.0567
threshold=2.5249999761581425 0.039185304194688804 0 6.5000000000000009 70.912101745605483 0.095354165881872191 181.62500000000003 165.12500000000003 0.23974815011024478 1.075000047683716 0.019780961796641353 76.888763427734389 0.020198440179228786 5.5000000000000009 0.08136447519063951 84.378833770751967 0.015645720064640049 2.5000000000000004 0.24499999731779101 0.048909105360507972 1.0495035648345949 1.3585078716278078 0.35500000417232519 7.7500000000000009 84.378833770751967 58.025424957275398 1.0000000180025095e-35 0.017988673411309723 66.651382446289077 0.092042323201894774
decision_type=10 10 1 2 10 10 2 2 10 8 8 10 8 2 10 10 10 2 10 8 8 10 2 2 8 10 8 10 10 10
left_child=9 3 5 -2 -4 -3 7 25 19 15 11 27 13 -12 -15 26 -17 -13 -19 24 21 22 -14 -24 -6 -7 -1 28 29 -11
right_child=1 2 4 -5 8 6 -8 -9 -10 10 12 17 20 14 -16 16 -18 18 -20 -21 -22 -23 23 -25 -26 -27 -28 -29 -30 -31
leaf_value=0.010833594574167464 -0.022278752519751494 -0.017404950442082134 -0.0026830599537014089 0.01067856155234078 -0.0069855618325218504 0.053603967775182192 -0.01773374093573285 0.082957708372961986 0.040295031876244017 0.053577682242718798 -0.019276238129678904 -0.017269868659920942 -0.018168007194678249 0.017748845620995952 0.09382138148140802 0.072395968237020908 -0.0059464259076791176 0.014589622534434916 0.081184908343016074 0.012606079651336729 -1.7173542776165962e-05 0.017461232918457633 -0.0096906824320083657 0.0062713791887002305 0.083695845550364273 -0.00077870816050928503 0.0020759302461713985 -0.01808481724082435 -0.0082165682779557197 0.00016368476429947526
leaf_weight=315.04506679764017 236.38910981127992 243.85099726647604 757.19652863638476 44.391317701665685 120.02035525348037 6.7958456485066554 87.319824026199058 3.1038104272447518 21.73651043465361 13.329469232354311 10.135691142175348 10.775061605498193 66.733065913664177 10.826961705926808 10.055692054214886 10.559077098965647 7.3331879107281557 21.369285586988557 8.9980156570672971 209.62229974963702 10242.205266570672 195.08503121917602 109.46389189129695 600.70654126000591 1.7851724289357651 175.13168329454493 2296.6198180643842 135.72702742007095 533.4997931214748 233.39579873625189
leaf_count=2072 26686 16238 31848 1321 5950 157 3682 83 220 424 194 580 1725 290 162 121 121 709 225 9592 147987 3052 2748 13906 42 6748 19082 4386 23126 5547
internal_value=3.17938e-05 -0.0047591 -0.00262845 -0.0170346 0.000832057 -0.010067 -0.0034427 0.00333909 0.00836618 0.00064844 5.15715e-05 -0.00533939 0.000511193 0.0322478 0.0571766 0.00341558 0.0414602 0.0221794 0.0364089 0.00614519 0.000420185 0.00502819 0.0018826 0.00379524 -0.00495326 0.0015128 0.00313764 -0.00660267 -0.00457953 0.00327018
internal_weight=16739.2 1907.34 1626.56 280.78 1110.36 516.202 272.351 185.031 353.164 14831.9 12202.3 957.094 11245.2 31.0183 20.8827 2629.56 17.8923 41.1424 30.3673 331.428 11214.2 971.989 776.903 710.17 121.806 181.928 2611.66 915.952 780.225 246.725
internal_count=329024 102567 74560 28007 47652 26908 10670 6988 15804 226457 205061 34997 170064 646 452 21396 242 1514 934 15584 169418 21431 18379 16654 5992 6905 21154 33483 29097 5971
cat_boundaries=0 1
cat_threshold=4
is_linear=0
shrinkage=0.04


Tree=105
num_leaves=31
num_cat=2
split_feature=4 39 11 15 22 28 1 14 43 40 15 37 46 19 28 24 24 16 17 25 22 22 0 25 24 21 22 24 24 22
split_gain=30.3224 21.7252 18.6825 18.4818 17.921 17.1846 15.328 38.952 21.4787 21.4576 18.8739 17.9063 17.1897 21.4425 17.9372 17.0692 42.2915 16.1953 15.5077 17.8942 16.0238 20.0078 15.4095 21.3819 21.2568 14.9669 21.4384 14.993 14.7768 17.9706
threshold=3.1149998903274541 3.2187502384185795 0.50077882409095775 1.0000000180025095e-35 0.0088174184784293192 2.5000000000000004 2.2549999952316289 88.36999893188478 0 0.44047237932682043 3.5000000000000004 76.615589141845717 1 128.50000000000003 8.5000000000000018 0.037634344771504409 0.03731548227369786 3.5000000000000004 1.5000000000000002 260.25000000000006 0.087639935314655318 0.084320545196533217 2.554999947547913 642.12500000000011 0.010432538576424124 70.014301300048842 0.024375068023800853 0.060531616210937507 0.0065606003627181062 0.074407070875167861
decision_type=2 10 10 2 8 2 8 10 9 8 2 10 1 10 2 10 8 2 10 2 10 10 10 2 10 10 10 10 10 10
left_child=2 -2 3 -1 -5 -4 8 -8 9 -6 22 12 13 15 17 16 28 -14 19 20 21 -15 -9 -24 -25 -16 -27 -28 -10 -30
right_child=1 -3 5 4 6 -7 7 10 11 -11 -12 -13 14 18 25 -17 -18 -19 -20 -21 -22 -23 23 24 -26 26 27 -29 29 -31
leaf_value=0.021934490841233854 -0.021566628003946917 0.085331437820154787 -0.016762355102734442 -0.021857614466398237 -0.0070322072790785384 0.0081641356321948185 0.0010414406348565708 -0.0052508479381955502 -0.0047685333849959892 0.031924523535351079 0.00024030766579549698 0.013470741250468089 -0.00031408198804583457 0 0.0010667219164698172 0.005086654192106522 0.12404368754170012 -0.017858447211954561 -0.00050640981264626157 0.040720161132749899 -0.0029568619115977091 0.07449513938316886 -0.016126229014898658 0.089728291603364194 0.0025379649302677181 -0.023585984481681501 0.061449417370297701 0.0041320396530493755 0.012139982913185089 0.040642007738874879
leaf_weight=59.431799188139848 128.28590368398 2.134637698181904 46.409397281706333 60.055672302376479 683.99831754411571 660.01935790432617 4005.2012566864723 1767.7695790160215 52.691673049237579 22.385779987554997 807.41775941138621 195.98688127310015 4494.8810436169151 12.408786301035436 46.602452711667866 1189.9602501436602 4.7420884696766725 84.809895671904087 1638.7128261087928 29.39164527412504 78.771505975630134 9.8333338815718871 398.5528144496493 4.5629589371383217 23.71732363011688 7.958563025109469 26.595755444839597 10.344528393354265 153.41819530539215 45.97294360306114
leaf_count=1487 21932 103 338 4402 9342 5121 87041 41666 1676 144 24871 2198 50948 185 638 9874 50 478 22688 174 798 66 37454 70 1722 227 538 103 2620 373
internal_value=-1.21793e-05 -0.0191506 0.000138882 -0.00014357 -0.00022795 0.00649954 -0.000144087 -0.00153968 0.000968117 -0.00566847 -0.00498387 0.0015543 0.00125799 0.00350819 -0.000290743 0.00711843 0.0164606 -0.000643682 0.000551131 0.0137737 0.00557162 0.0347754 -0.00690696 -0.0137282 0.0193265 0.0171468 0.033363 0.046036 0.0139388 0.0189016
internal_weight=16753 130.421 16622.6 15916.2 15856.7 706.429 15796.7 7007.22 8789.47 706.384 3002.02 8083.08 7887.1 3215.9 4671.19 1446.79 256.825 4579.69 1769.12 130.405 101.014 22.2421 2194.6 426.833 28.2803 91.5013 44.8988 36.9403 252.083 199.391
internal_count=329327 22035 307292 301833 300346 5459 295944 192824 103120 9486 105783 93634 91436 38504 52932 14593 4719 51426 23911 1223 1049 251 80912 39246 1792 1506 868 641 4669 2993
cat_boundaries=0 1 2
cat_threshold=12 8
is_linear=0
shrinkage=0.04


Tree=106
num_leaves=31
num_cat=1
split_feature=4 14 17 22 19 25 21 39 21 30 22 9 11 43 16 4 0 21 22 18 22 21 24 6 25 25 25 15 0 16
split_gain=26.7975 18.0226 17.9062 28.7969 19.8278 36.3101 20.4573 20.2614 18.9948 26.155 18.8783 18.2439 22.5789 20.2986 18.5589 16.9582 27.2231 16.9387 17.8139 24.4674 23.5115 36.6823 26.3614 26.9727 25.5233 27.8729 23.4962 20.322 16.7007 15.9978
threshold=2.9250000715255742 79.889999389648452 4.5000000000000009 0.017211882397532467 23.000000000000004 332.87500000000006 69.308376312255874 2.2616142034530644 73.370883941650405 0.028484258800745014 0.020157686434686187 10.500000000000002 0.61167800426483165 0 4.5000000000000009 1.8550000190734866 2.9650000333786015 59.879467010498054 0.063832581043243422 1.5000000000000002 0.059457767754793174 69.602111816406264 0.055661469697952277 122.25000000000001 134.12500000000003 190.62500000000003 104.62500000000001 3.5000000000000004 1.044999957084656 2.5000000000000004
decision_type=2 8 10 10 10 2 10 8 10 10 10 2 10 9 2 2 10 10 10 10 10 10 10 2 2 2 2 2 10 2
left_child=2 -2 11 -4 5 6 7 -5 17 10 -10 13 14 28 -13 16 29 -6 20 -20 22 27 23 24 -19 -26 -23 -22 -1 -15
right_child=1 -3 3 4 8 -7 -8 -9 9 -11 -12 12 -14 15 -16 -17 -18 18 19 -21 21 26 -24 -25 25 -27 -28 -29 -30 -31
leaf_value=0.0031730399803124392 0.013051863660358199 -0.01602518282788137 -0.01965086120356483 0.0052050434705867834 0.048456294140403512 0.042253204854344799 -0.010909726637361988 0.047867345110471152 0.11121364350897307 -0.02331160758961227 -0.012045927342527634 0.0029575649387292404 0.025035932523038765 -0.00072999294540758853 -0.032018292832905249 0.0014715345255619911 -0.027680953144707122 -0.0053472386811870319 -0.0024460328166337609 -0.021378269011001209 -0.023630876345913807 0.0029699914498667198 -0.025221309666103947 -0.0034226332677684589 0.097892258284297179 0.024465908536054001 0.10686773972846211 0.032360633955943754 -0.014879221513168384 -0.010591619355572613
leaf_weight=117.55716048041359 38.525371393188834 250.92444287333637 164.73743272013962 198.3724584520096 9.1815943997353298 38.131089110393077 129.83985591004603 18.661367046413943 3.1420964309945694 124.44609763997141 3.3858736052643508 3223.2847289866768 73.098192676901817 4330.8336993292905 23.445963941514492 6469.6576671837829 62.620980662410147 30.413134231348522 345.16402988822665 159.39532558037899 19.079307270469144 5.1290168856503433 59.277316852705553 224.17400568141602 9.9066687296144647 40.373242961708456 10.848719320259987 20.432599064195529 265.28495944861788 279.37006301246583
leaf_count=2372 3830 37295 9812 2688 79 458 3827 263 100 6743 231 30683 599 59229 123 132231 6173 1094 5950 4468 428 214 1141 7755 154 704 194 405 8098 1698
internal_value=-6.54459e-05 -0.0121097 0.000146842 -0.00385265 -0.00204191 0.00572238 0.00158521 0.00909437 -0.00485696 -0.0190683 0.0536434 0.0005822 0.00319451 -0.000170132 0.00269398 0.00014497 -0.00169045 -0.00284022 -0.00340599 -0.00846528 0.00267336 0.0266868 -0.00103801 0.00371812 0.0234039 0.040638 0.0758905 0.00530908 -0.00909483 -0.00133062
internal_weight=16748.7 289.45 16459.2 1614.09 1449.35 385.005 346.874 217.034 1064.35 130.974 6.52797 14845.2 3319.83 11525.3 3246.73 11142.5 4672.82 933.375 924.193 504.559 419.634 55.4896 364.144 304.867 80.693 50.2799 15.9777 39.5119 382.842 4610.2
internal_count=329039 41125 287914 46708 36896 7236 6778 2951 29660 7074 331 241206 31405 209801 30806 199331 67100 22586 22507 10418 12089 1241 10848 9707 1952 858 408 833 10470 60927
cat_boundaries=0 1
cat_threshold=8
is_linear=0
shrinkage=0.04


Tree=107
num_leaves=31
num_cat=3
split_feature=1 17 22 21 23 22 43 5 32 40 6 43 11 14 46 21 21 37 25 25 25 25 36 21 9 23 30 9 7 22
split_gain=23.0938 21.1244 29.543 23.9332 27.5554 19.2028 22.6505 17.9855 19.7083 17.143 20.2099 16.8233 16.6714 16.4841 16.2405 16.0252 15.48 15.3448 15.943 26.3083 21.6517 25.4352 16.9766 16.4047 16.9812 16.2024 33.617 14.5499 14.4706 14.2878
threshold=3.1049998998641972 4.5000000000000009 0.017211882397532467 84.860710144042983 1.0171996951103213 0.13179826736450198 0 51.500000000000007 1.0696066021919253 0.1813127472996712 221.25000000000003 1 0.55588430166244518 97.389999389648452 2 70.388153076171889 64.869968414306655 72.185565948486342 480.12500000000006 490.12500000000006 496.37500000000006 688.25000000000011 0.13635280728340152 72.658008575439467 14.500000000000002 1.1474990844726565 0.077570617198944106 62.500000000000007 61.500000000000007 0.10992052778601648
decision_type=10 10 10 10 10 10 9 2 10 10 2 9 8 10 1 8 10 8 2 2 2 2 10 10 2 10 10 2 2 10
left_child=1 11 -3 5 9 6 -4 8 -7 10 -5 12 15 -14 -2 -1 -8 18 27 -20 28 23 -23 25 -25 -22 -27 -13 -21 -28
right_child=14 2 3 4 -6 7 16 -9 -10 -11 -12 17 13 -15 -16 -17 -18 -19 19 20 21 22 -24 24 -26 26 29 -29 -30 -31
leaf_value=-0.0035702909338173163 -0.027445055310680679 -0.020192013849655282 0.013933484575724757 0.078895455621519728 -0.023547703729436893 -0.012493370852394532 -0.027095760720673448 -0.0070627180300422854 0.02362220418136908 -0.020112784311809961 0.0022683126890489453 0.00076335366731799376 0.01753649776693238 -0.024992682896638873 -0.0055501949558607964 -0.020789577125330631 -0.0057094440077668012 0.0035421007773993075 -0.032358879572938329 0.004342532720115643 -0.016728302418353071 0.0012798764882893073 0.029713815915429067 -0.0029671472747726385 0.038924905125291641 0.035718004080611938 0.030697271492055068 0.030639787695015755 0.054560375637405213 -0.011240168142120794
leaf_weight=207.87830628140364 71.988293706439435 162.51613810553681 81.885612717829645 19.212029463145889 11.98246220697183 29.817509501590393 56.428869630442932 85.157090707682073 113.31811058730818 4.7869801238412029 7.8023449126631013 10211.381439690245 68.805902391206473 17.437281736172736 216.43915890320204 148.56658537057228 1021.61025963875 3007.7713575010421 49.350042931269854 20.982195632066578 336.20734334969893 400.00625322433189 35.732071939855814 54.605051387567073 20.4627665001899 30.014218112453818 12.849073236342518 25.1560865836218 15.86897577671334 211.43954777903855
leaf_count=3218 9517 10291 1456 236 423 522 1145 1003 985 236 92 156925 1318 677 21053 6704 31082 66612 864 338 5344 4221 320 1789 195 334 168 226 116 1893
internal_value=9.59379e-05 0.000293003 -0.00408061 -0.00223654 0.0265387 -0.00316543 -0.00525477 0.00740943 0.0160365 0.0456753 0.0577776 0.000762357 -0.00682369 0.00870388 -0.0111047 -0.0107966 -0.00679371 0.000999824 0.000330756 -0.00405393 -0.00279581 -0.00381808 0.00368342 -0.00873329 0.00876123 -0.0109751 -0.00331748 0.000840151 0.0269433 -0.0086943
internal_weight=16757.5 16469 1594.52 1432 43.7838 1388.22 1159.92 228.293 143.136 31.8014 27.0144 14874.5 442.688 86.2432 288.427 356.445 1078.04 14431.8 11424.1 1187.52 1138.17 1101.32 435.738 665.578 75.0678 590.51 254.303 10236.5 36.8512 224.289
internal_count=329303 298733 47471 37180 987 36193 33683 2510 1507 564 328 251262 11917 1995 30570 9922 32227 239345 172733 15582 14718 14264 4541 9723 1984 7739 2395 157151 454 2061
cat_boundaries=0 1 2 3
cat_threshold=128 8 4
is_linear=0
shrinkage=0.04


Tree=108
num_leaves=31
num_cat=3
split_feature=1 25 22 0 9 39 16 6 21 22 28 25 22 0 46 25 6 42 29 31 0 1 25 29 22 24 42 10 22 19
split_gain=25.9309 18.8553 16.3509 15.1341 16.5174 14.9445 14.6431 24.6684 24.7165 24.5981 24.9354 27.5893 21.6264 21.5169 20.5757 18.166 26.5625 20.7314 18.1079 17.8652 25.1746 23.8987 18.1843 36.8183 17.9626 17.5166 17.1428 18.0695 16.6464 17.1262
threshold=3.1049998998641972 41.125000000000007 0.0088174184784293192 0.85500001907348644 66.500000000000014 1.0866115689277651 1.5000000000000002 7.5000000000000009 72.073192596435561 0.20991392433643344 5.5000000000000009 688.25000000000011 0.21276179701089862 2.1049998998641972 0 468.75000000000006 197.25000000000003 1 11.750000000000002 77.768856048583999 2.8249999284744267 2.5849999189376835 371.37500000000006 17.250000000000004 0.023127569817006591 0.12921327352523806 2 40.250000000000007 0.098210908472538008 21.500000000000004
decision_type=10 2 8 8 2 10 2 2 10 10 2 2 10 10 1 2 2 9 2 10 10 8 2 2 10 10 9 2 10 10
left_child=2 5 -1 4 -4 -2 9 -8 26 10 11 15 -11 14 -12 18 -17 -18 25 22 -21 -22 -20 -24 -25 28 -9 -28 -5 -30
right_child=1 -3 3 6 -6 -7 7 8 -10 12 13 -13 -14 -15 -16 16 17 -19 19 20 21 -23 23 24 -26 -27 27 -29 29 -31
leaf_value=-0.021228679653603644 0.025513808942625511 -0.017952807283210154 0.0031316974098596698 -0.0040949814237090142 0.045890840999212215 -0.010433224626476481 -0.018093759547253556 0.0021950037717104634 0.013067373910876361 0.027796736733838517 -0.0021418544064037916 0.01779272767269776 0.0042926254500338778 -0.004253784114472141 0.0038119508676300868 -0.01137309757985531 -0.0076477267480805659 0.067040937337731754 0.0031141281737801312 0.0135256899886612 0.015174627993350445 0.17119026527642667 -0.00079721600114192076 -0.018335141586081006 0.051252342914627623 -0.018374128902634873 -0.0083756530424097895 0.0017932756539053192 0.025602625212797447 0.0022969342153846893
leaf_weight=56.110451690386981 32.152612712117843 213.75014392891899 2017.7955105414148 613.3114112833282 13.580603610724209 40.825271999114193 162.68801773991436 650.42602333298419 160.54085320793092 65.072546326322481 2317.9803599582519 174.66319311968982 1254.1773681452032 3042.746709568426 1547.9799185672309 274.2993344636634 10.524788822978735 11.904505258891732 2126.3639628010569 21.157909465022389 3.1743507497012606 2.7580393529497087 67.586515047238208 6.1484651556238523 48.242118164896965 94.406535281217657 1037.4172630144749 381.35660189762712 64.044321706751361 228.12452754529659
leaf_count=4165 3409 21872 16659 19160 114 5341 1649 5944 1725 754 35232 2123 12573 109244 21669 5306 251 171 40616 467 101 194 961 338 732 1127 9198 2874 983 4329
internal_value=-7.149e-05 -0.0119762 0.000136427 0.000211066 0.00344197 0.00548106 -0.000245684 -0.00310211 -0.00199887 0.000324882 -0.000312857 0.00231389 0.00547518 -0.00173809 0.00024146 0.00155113 -0.00790658 0.0329925 0.00241133 0.00438287 0.0361116 0.102516 0.0039829 0.0189468 0.0431248 -0.00207118 -0.00317548 -0.00564016 -0.000348606 0.00748916
internal_weight=16741.3 286.728 16454.6 16398.5 2031.38 72.9779 14367.1 2392.43 2229.74 11974.7 10655.4 3746.71 1319.25 6908.71 3865.96 3572.05 296.729 22.4293 3275.32 2275.43 27.0903 5.93239 2248.34 121.977 54.3906 999.887 2069.2 1418.77 905.48 292.169
internal_count=329281 30622 298659 294494 16773 8750 277721 21390 19741 256331 243004 76859 13327 166145 56901 74736 5728 422 69008 43409 762 295 42647 2031 1070 25599 18016 12072 24472 5312
cat_boundaries=0 1 2 3
cat_threshold=4 16 4
is_linear=0
shrinkage=0.04


Tree=109
num_leaves=31
num_cat=3
split_feature=0 17 19 21 43 25 21 23 40 25 25 17 18 21 23 17 42 23 18 15 21 25 20 21 21 17 1 25 23 42
split_gain=23.3426 16.4833 29.6528 26.2836 20.2488 17.5311 32.8146 19.2327 20.96 15.679 22.9965 23.1173 32.0137 22.4903 27.4986 22.1064 32.3915 30.5672 34.9926 21.165 20.8814 19.9058 29.3056 34.558 38.9271 33.9612 38.6862 33.5081 43.6316 30.7948
threshold=3.1350001096725468 4.5000000000000009 23.000000000000004 73.370883941650405 0 332.87500000000006 69.308376312255874 1.0293601155281069 0.09954079240560533 480.12500000000006 688.25000000000011 3.5000000000000004 1.5000000000000002 65.033275604248061 1.2424828410148623 3.5000000000000004 1 1.103925943374634 1.5000000000000002 3.5000000000000004 66.515525817871108 340.12500000000006 184.00000000000003 66.277240753173842 65.161037445068374 3.5000000000000004 3.0349999666213994 425.87500000000006 1.0918136835098269 2
decision_type=10 10 10 8 9 2 8 10 10 2 2 8 10 10 10 8 9 10 10 2 10 2 2 10 8 10 8 2 10 9
left_child=1 4 5 -4 -1 6 -3 8 -7 21 11 12 13 19 -15 16 -12 -17 20 -11 -19 -6 23 24 27 26 29 28 -23 -24
right_child=-2 2 3 -5 9 7 -8 -9 -10 10 15 -13 -14 14 -16 17 -18 18 -20 -21 -22 22 25 -25 -26 -27 -28 -29 -30 -31
leaf_value=-0.0077729008694697047 -0.011698562291999302 0.012504670708250365 -0.0037960862567946009 -0.018452015057969399 0.00078879670171892974 0.012929660515913346 -0.012311468356467856 -0.021730852474749738 0.07760338361121645 -0.032127327092883719 0.0060520863912831959 -0.014630029144420223 -0.010232154474429636 0.0099803074469236482 0.069176171844814657 -0.01800700031527094 -0.020006222868305525 -0.025841013137529071 0.06381603785427982 0.01576705331929033 0.0280828303774622 0.078849361492920975 0.028406603769571551 -0.015454642120788157 0.03137708531320596 -0.0079687353783356105 -0.0050060837990614096 -0.02261729355865099 0.0032171694077451829 0.0046730939732706556
leaf_weight=437.8513376355404 267.98288191878237 218.64465158351231 948.67923768702894 246.37730648263823 11673.289752181387 17.632337348069996 138.27481813286431 8.2998590716160816 14.796297982335089 37.265147919300944 306.90312973642722 360.38342024665326 341.98282882245257 218.68664712784812 12.409382663201539 25.115215182304382 100.47005824558437 16.219906288664788 31.906496190465987 23.125924745574594 33.600660276599228 11.791775831021367 304.2569210329093 170.40442153438926 76.852356483926997 112.00208578677848 109.35025619249791 79.294819782488048 272.90991736249998 123.83827118529007
leaf_count=11425 35445 3011 24447 14849 198581 183 4484 239 144 432 3166 6297 4647 3369 124 451 1146 177 254 145 332 131 3393 2462 501 2373 2219 813 2036 1939
internal_value=-9.92594e-06 0.000180685 -0.00368519 -0.00683385 0.000594966 0.00576089 0.00287189 0.0303069 0.0439969 0.00085425 -0.00300283 -0.00655505 -0.00193904 0.00777876 0.0134606 0.00385438 -0.000398107 0.0199589 0.031751 -0.0137636 0.0102853 0.00130514 0.00607859 -0.000203229 0.00570459 0.0119883 0.0161618 0.000202157 0.00662873 0.0215772
internal_weight=16740.6 16472.6 1592.7 1195.06 14879.9 397.648 356.919 40.7285 32.4286 14442.1 1508.07 993.853 633.47 291.487 231.096 514.215 407.373 106.842 81.7271 60.3911 49.8206 12934 1260.7 611.253 440.849 649.448 537.445 363.997 284.702 428.095
internal_count=329215 293770 47357 39296 246413 8061 7495 566 327 234988 20540 15014 8717 4070 3493 5526 4312 1214 763 577 509 214448 15867 5943 3481 9924 7551 2980 2167 5332
cat_boundaries=0 1 2 3
cat_threshold=8 16 16
is_linear=0
shrinkage=0.04


Tree=110
num_leaves=31
num_cat=2
split_feature=0 15 24 21 46 19 20 0 20 25 22 42 4 25 21 25 20 25 24 24 19 18 20 22 23 25 15 39 25 18
split_gain=23.4003 16.5504 19.5652 25.7319 23.9273 25.7649 26.3194 22.8055 25.4455 38.857 31.4645 33.5332 22.716 23.474 33.4431 24.4315 23.2622 31.6092 40.0203 29.5986 22.2076 33.6673 38.4798 24.8369 21.75 21.4683 24.161 21.315 21.086 19.368
threshold=3.1250000000000004 1.0000000180025095e-35 0.0056790886446833619 67.76965713500978 0 5.0000000000000009 175.00000000000003 2.1149998903274541 218.00000000000003 167.62500000000003 0.043622402474284179 1 2.4550000429153447 86.125000000000014 67.991352081298842 29.125000000000004 171.50000000000003 65.875000000000014 0.055661469697952277 0.078887484967708602 52.500000000000007 1.5000000000000002 171.50000000000003 0.033716481178998954 1.0539223551750185 260.25000000000006 4.2500000000000009 1.0561584234237673 832.87500000000011 1.5000000000000002
decision_type=10 2 8 10 1 8 2 10 2 2 10 9 2 2 10 2 2 2 10 10 8 8 2 10 10 2 2 10 2 8
left_child=1 -1 3 -3 5 -4 20 -8 9 -9 11 -10 13 14 15 27 17 -16 -19 -20 -7 -22 24 -24 -23 -12 -27 -6 -11 -15
right_child=-2 2 4 -5 12 6 7 8 10 28 25 -13 -14 29 16 -17 -18 18 19 -21 21 22 23 -25 -26 26 -28 -29 -30 -31
leaf_value=0.020153427982229393 -0.011441624013278922 -0.0013736789070464533 -0.023280227865744546 -0.020362207608335622 8.5262343069106446e-05 0.0015684336889557197 0.0025164620940015198 0.0024941741123959806 0.088467203265241129 -0.015647051449650097 -0.001258538901228585 -0.023220061823835177 -0.0076767395930741177 0.0032432556602096014 -0.0046156362822092232 -0.004017647171060134 -0.012350115386409817 -0.0085004924560724525 0.092834217205637448 0.0014014135236441508 0.0025414022388149889 0.025390812619381632 -0.021497362444780923 0.025988528345713496 0.00052598656901986691 0.033906945848324453 0.00032205500441671246 0.011620456343178499 0.075051743594055018 -0.0017025553483570328
leaf_weight=64.478968460811302 285.78399123356212 346.63649998011533 61.87400286225602 169.770599000738 679.78360070148483 1301.4028278375044 2198.1576209184714 337.48263841937296 3.5701712849549949 512.52866047015414 117.73990713048261 75.805219816509634 749.32588593987748 3176.5307292931248 614.741642288398 1091.4345674003707 774.3356530230958 23.771793726366013 16.412839338183407 8.5752801559865457 708.48288917122409 68.943447814439423 17.713221174199134 358.66201931145042 290.33849025564268 92.637476760428399 54.470958014018834 411.13138173869811 3.1469987109303466 2104.8828802377684
leaf_count=1488 37573 12292 1584 11973 19126 14648 22601 13979 105 15882 3768 5812 42049 32649 9965 13804 18194 379 172 70 8486 1847 488 3904 3964 1495 1274 5247 28 24136
internal_value=-0.000113963 8.34539e-05 2.93218e-06 -0.00765124 0.00025297 0.00219129 0.00245233 9.61675e-05 -0.00434207 -0.00804504 0.00482086 -0.0171086 -0.000992536 -0.000428619 -0.00290954 0.000209853 -0.00764379 -0.00213496 0.028524 0.062872 0.00536375 0.00877773 0.0147667 0.0236921 0.00536569 0.0114478 0.0215844 0.00444284 -0.0149416 0.00127142
internal_weight=16720.6 16434.8 16370.3 516.407 15853.9 6202.96 6141.08 3395.54 1197.38 853.158 344.224 79.3754 9650.93 8901.6 3620.19 2182.35 1437.84 663.502 48.7599 24.9881 2745.54 1444.14 735.657 376.375 359.282 264.848 147.108 1090.91 515.676 5281.41
internal_count=328982 291409 289921 24265 265656 99865 98281 64944 42343 29889 12454 5917 165791 123742 66957 38177 28780 10586 621 242 33337 18689 10203 4392 5811 6537 2769 24373 15910 56785
cat_boundaries=0 1 2
cat_threshold=8 8
is_linear=0
shrinkage=0.04


Tree=111
num_leaves=31
num_cat=4
split_feature=4 22 9 5 9 25 22 43 23 24 46 32 8 46 15 20 25 15 25 33 21 11 25 25 4 42 37 2 23 22
split_gain=21.7945 17.0506 14.7384 19.6821 32.9445 23.4324 24.1531 21.799 25.7956 46.8258 29.0071 22.923 22.5506 19.6081 18.3305 36.8441 24.8368 21.869 22.7577 21.0709 23.8913 23.6327 19.3475 18.4299 18.3551 18.2425 18.05 17.5295 17.0321 36.6861
threshold=3.1149998903274541 0.0088174184784293192 21.500000000000004 31.500000000000004 1.0000000180025095e-35 688.25000000000011 0.092042323201894774 0 1.0610107779502871 0.055078409612178809 1 1.0257047414779665 236.25000000000003 2 3.5000000000000004 218.00000000000003 270.12500000000006 4.7500000000000009 444.87500000000006 0.46388836205005651 67.314323425292983 0.024602774530649189 190.62500000000003 99.625000000000014 1.2849999666213991 3 71.659149169921889 -0.71500000357627858 1.105171859264374 0.071012552827596678
decision_type=2 8 2 2 2 2 10 9 10 10 1 10 2 1 2 2 2 2 2 8 10 8 2 2 2 9 10 10 10 10
left_child=1 -1 3 14 -5 7 -7 8 9 -6 28 25 27 -11 15 26 19 18 24 21 22 23 -21 -16 -18 -9 -3 -12 -10 -30
right_child=-2 2 -4 4 5 6 -8 11 10 13 12 -13 -14 -15 16 -17 17 -19 -20 20 -22 -23 -24 -25 -26 -27 -28 -29 29 -31
leaf_value=-0.021711060837121848 -0.016698441401628978 -9.0096645976221976e-05 0.0039813184499847606 -0.014373265245448755 -0.00047681795089989028 -0.0027598582047316318 0.030809441955903797 0.0059063504360389344 -0.02311514687122794 0.093768828132445067 0.010462564924701141 0.0026746851741066896 0.015842440264731496 0.018785407948537766 0.010182322650819118 -0.01211311381010554 -0.0027694991571408207 -0.01329855611066484 0.0044739737229936832 0.0082891453396537456 -0.0080813814044230856 0.013305464702083438 -0.013183506967348532 0.16191966053605414 0.026945773457487051 -0.022921926183580601 0.0048919260221744181 -0.0080939237448933981 0.061157694722512534 -0.011455043969696906
leaf_weight=55.599795931018889 121.94476237648632 7550.3371144895209 1558.3669330584817 337.75458748906385 652.51126828987617 64.690133607946336 71.146013586316258 51.937281123362482 232.63777314743493 10.723737729247659 94.25162215763703 1629.2178527569631 90.049956994131207 12.170320383505896 2.2467294073430848 374.51182484789751 38.573759384918958 47.950803854502738 195.69996037427336 479.62128155154642 345.45162541302852 16.213553537148982 76.998443307355046 2.7667795610614121 222.90399757865816 104.1066252682358 1374.2144254751038 559.24040700448677 10.507346235215662 342.65640398557298
leaf_count=4441 21939 107549 15469 30331 21450 1035 578 2778 3955 188 1047 32404 971 236 178 15060 361 854 1791 9590 9342 388 599 174 2407 7500 23691 8799 154 3957
internal_value=8.0582e-05 0.000205043 0.000280222 -0.000104491 -0.00240341 -0.00136918 0.0148899 -0.00195675 -0.00480506 0.00153033 -0.00806177 0.00126025 -0.00280376 0.05653 0.000808972 0.000160266 0.00502619 0.0121485 0.0148495 0.00111636 0.000163707 0.0395918 0.0052933 0.107587 0.022553 -0.0133248 0.000677056 -0.00539956 -0.0147127 -0.00911679
internal_weight=16727 16605.1 16549.5 14991.1 4263.6 3925.85 135.836 3790.01 2004.75 675.405 1329.34 1785.26 743.542 22.8941 10727.5 9299.06 1428.43 505.129 457.178 923.298 902.071 21.2271 556.62 5.01351 261.478 156.044 8924.55 653.492 585.802 353.164
internal_count=329216 307277 302836 287367 115383 85052 1613 83439 40757 21874 18883 42682 10817 424 171984 146300 25684 5413 4559 20271 19531 740 10189 352 2768 10278 131240 9846 8066 4111
cat_boundaries=0 1 2 3 4
cat_threshold=72 4 4 4
is_linear=0
shrinkage=0.04


Tree=112
num_leaves=31
num_cat=2
split_feature=9 11 14 9 22 16 34 11 31 39 31 25 24 25 1 38 31 22 16 14 2 29 6 44 36 46 31 6 31 31
split_gain=21.35 23.6466 22.6367 27.5951 23.2525 19.884 18.7746 18.3484 18.1875 19.5103 16.0613 30.9348 23.6317 16.2176 17.7897 17.4237 16.1321 14.7302 17.527 14.6492 16.7466 23.0088 21.9878 18.3055 15.2713 14.7184 19.7767 24.3641 22.5939 23.6446
threshold=10.500000000000002 0.61167800426483165 88.220001220703139 1.5000000000000002 0.073926765471696868 4.5000000000000009 5.5000000000000009 0.084764186292886748 77.393825531005874 0.30504322052001959 68.909557342529311 300.12500000000006 0.03289564140141011 303.25000000000006 2.2949999570846562 1.0499431490898135 74.252944946289077 0.1753945276141167 1.5000000000000002 64.020000457763686 0.81499999761581432 17.750000000000004 58.500000000000007 0 0.08003470674157144 1 61.387580871582038 30.500000000000004 70.639457702636733 69.522670745849624
decision_type=2 10 8 2 8 2 2 10 10 8 10 2 10 2 8 8 10 10 2 10 10 2 2 9 8 1 8 2 10 10
left_child=2 5 7 4 6 -2 -4 19 17 -10 -6 12 -12 -13 -15 16 -16 -5 -19 20 23 22 -22 -1 -25 26 -21 28 29 -28
right_child=1 -3 3 8 10 -7 -8 -9 9 -11 11 13 -14 14 15 -17 -18 18 -20 25 21 -23 -24 24 -26 -27 27 -29 -30 -31
leaf_value=0.020669154932584997 0.0022467041425508236 0.024537025712176381 -0.0071916120937885377 -0.0017864131191163432 -0.0078521400345132695 -0.032922236876024726 -0.020154875610117053 -0.0011084126391526245 -0.0042019430859215829 0.049679562153817684 0.018841412761461198 0.075320298963693993 -0.0068985937428537297 0.03142886634932144 -0.031300482046793462 0.01101389503420289 0.0083771830834916024 0.014970852110453877 -0.0020398460785543428 -0.026112019318994706 0.013985075335159608 -0.02535338331866124 0.12925444838125152 0.021450019644638895 -0.0033681571757413877 0.0053293530086518052 0.0046286844391676147 -0.0066458404168978072 0.036576032226377224 -0.020203143554343987
leaf_weight=116.90954441006761 3941.2819187298883 75.082823765464127 544.86774349748157 2037.1984763088403 718.87368134653661 24.881023973226547 267.75033886521123 4632.8520627785474 18.911532374098897 23.118303709779866 61.553191325394437 5.1012860205955795 646.8344770547701 47.488915589638054 34.281897135777399 189.72751280479133 29.767732988111675 198.73459633882158 187.14504960691556 46.502589376177639 5.0853941456880403 4.0133598474785677 5.4718231824226677 48.842628958635032 192.93841294175945 1119.2960048380774 840.20306566136423 540.63979096477851 31.915457644499838 65.151946447789669
leaf_count=1752 41853 616 36583 37004 27272 134 24043 52974 373 365 2100 101 17286 751 1715 4525 604 2245 1514 309 129 138 152 1396 4174 35639 10520 21441 491 852
internal_value=-8.85179e-05 0.00244219 -0.000896724 -0.00298622 -0.00590592 0.00201683 -0.0114873 0.000471779 2.91412e-05 0.0258081 -0.00328228 -3.64209e-05 -0.00463295 0.0105592 0.00920385 0.00492218 -0.0129531 -0.000426824 0.00672667 0.00289921 0.0103089 0.0510264 0.0800899 0.00850646 0.00162951 0.00184804 -0.000707308 0.000106465 0.00400855 0.00281698
internal_weight=16702.4 4041.25 12661.2 5011.35 2546.25 3966.16 812.618 7649.82 2465.11 42.0298 1733.63 1014.76 708.388 306.367 301.266 253.777 64.0496 2423.08 385.88 3016.97 373.261 14.5706 10.5572 358.691 241.781 2643.71 1524.41 1477.91 937.27 905.355
internal_count=329051 42603 286448 156481 114980 41987 60626 129967 41501 738 54354 27082 19386 7696 7595 6844 2319 40763 3759 76993 7741 419 281 7322 5570 69252 33613 33304 11863 11372
cat_boundaries=0 1 2
cat_threshold=20 4
is_linear=0
shrinkage=0.04


Tree=113
num_leaves=31
num_cat=2
split_feature=4 15 23 21 12 46 25 20 25 0 21 25 19 1 11 19 37 22 43 21 22 22 14 11 32 19 11 23 22 25
split_gain=22.2036 16.5718 15.7969 24.3285 18.3706 17.0669 27.4841 30.6325 66.7761 38.5385 32.4498 33.5399 25.4839 23.228 19.956 19.4884 23.3379 18.8608 18.5683 18.3346 45.4485 26.3848 18.2999 22.9137 19.2241 18.2684 24.4046 17.7482 35.964 17.5644
threshold=3.0149999856948857 1.0000000180025095e-35 1.0067822337150576 67.76965713500978 1.5000000000000002 0 173.12500000000003 218.00000000000003 283.12500000000006 2.0949999094009404 64.869968414306655 357.75000000000006 5.0000000000000009 2.4850000143051152 0.019834765233099464 190.50000000000003 69.906333923339858 0.069250028580427184 1 67.25229644775392 0.097575228661298766 0.076902698725461974 95.884998321533217 0.32648845016956335 1.0836692452430727 36.000000000000007 0.066767986863851561 1.0665096640586855 0.032903598621487624 181.62500000000003
decision_type=2 2 8 10 8 1 2 2 2 10 10 2 10 10 8 10 8 10 9 10 10 10 10 8 10 10 10 8 10 2
left_child=1 -1 3 4 -3 6 12 9 -9 14 11 -10 -4 -7 -8 16 -14 -15 25 21 27 -12 -16 -24 -25 26 -18 28 -21 -19
right_child=-2 2 5 -5 -6 13 7 8 10 -11 19 -13 15 17 22 -17 18 29 -20 20 -22 -23 23 24 -26 -27 -28 -29 -30 -31
leaf_value=0.020273755772663472 -0.013845026737363606 -0.01538809622089452 -0.023701530705870475 -0.019417059047235185 0.0049626760114947731 -0.00015905385194840566 0.035486561113421668 -0.017457882187677902 0.099145612761215515 -0.011720556658481486 0.055146660474650132 0.0053942668217352649 0.0027669440069728441 -0.015336068784109907 -0.0020777314821250189 -0.0082488218971515856 0.058653517721164609 0.001893600049566255 -0.0025463639723765532 -0.0044529534008266956 0.045308323100153459 -0.0069241721939908487 0.0031223258954754911 0.06901731997360272 0.010350596840715081 0.01021710804777478 0.012491731517178278 -0.0036006361329503551 0.036532031718466917 -0.012546528284094161
leaf_weight=64.029008191311732 183.16979013499804 98.12637528963387 50.867559270234779 165.80874785257038 248.69312512129545 8837.333969511441 24.194187372922897 141.36822805041447 13.068786486983301 644.39587633218616 11.047608011867849 11.168223231099544 2213.7161511044251 287.97758776287083 1147.9122259933501 180.19015824643429 29.215928921941668 404.82696886139456 173.05103350360878 62.110989538487047 67.650521323084831 119.7890836331062 93.834333933889866 17.688897999934852 18.279416531324387 952.57988779305015 49.189321714220569 108.86785217747092 74.43190020788461 200.63109787437133
leaf_count=1490 30968 3316 1110 11757 8775 130027 375 3374 100 17696 144 79 29766 21941 8310 5882 825 14378 4130 2545 577 1235 913 128 94 19802 547 1665 901 6179
internal_value=-3.29063e-05 0.0001209 4.09777e-05 -0.00686324 -0.000811398 0.000263748 0.00190312 -0.00127635 0.0065398 -0.00372821 0.0138169 0.0580297 0.00413102 -0.00078124 0.000230591 0.0045321 0.00520932 -0.006924 0.00969049 0.0112689 0.0165111 -0.00127415 -0.000461101 0.0137116 0.0403971 0.0116605 0.0302653 0.00840489 0.0179628 -0.00289764
internal_weight=16695.2 16512 16448 512.628 346.82 15935.4 6204.62 2555.81 609.503 1946.3 468.135 24.237 3648.81 9730.77 1301.91 3597.94 3417.75 893.436 1204.04 443.898 313.061 130.837 1277.71 129.803 35.9683 1030.99 78.4053 245.411 136.543 605.458
internal_count=329029 298061 296571 23848 12091 272723 100198 38136 10620 27516 7246 179 62062 172525 9820 60952 55070 42498 25304 7067 5688 1379 9445 1135 222 21174 1372 5111 3446 20557
cat_boundaries=0 1 2
cat_threshold=8 112
is_linear=0
shrinkage=0.04


Tree=114
num_leaves=31
num_cat=1
split_feature=4 11 33 20 33 43 14 15 0 37 25 29 11 4 6 16 6 5 11 21 4 11 37 30 23 37 36 1 20 0
split_gain=23.0925 15.8409 15.2853 13.998 18.2041 15.2176 20.1979 19.749 22.3332 19.0499 18.7732 18.51 18.3108 17.9098 28.7938 22.9255 33.2038 22.3256 20.5782 18.8899 16.7944 21.8697 18.5799 19.6625 27.1781 17.1419 16.7823 16.6391 16.4289 20.4015
threshold=3.0649999380111699 0.50077882409095775 3.1448643207550053 79.000000000000014 3.1448643207550053 0 59.979999542236335 1.0000000180025095e-35 0.58499997854232799 67.209838867187514 141.37500000000003 15.750000000000002 0.05408113636076451 1.5049999952316286 122.25000000000001 1.5000000000000002 13.500000000000002 56.500000000000007 0.02056203875690699 79.661323547363295 2.0649999380111699 0.026875733397901062 75.909736633300795 0.061108710244297988 1.032782316207886 68.35486221313478 0.12175348401069643 1.985000014305115 159.00000000000003 2.6650000810623173
decision_type=2 10 10 2 8 9 10 2 10 8 2 2 10 2 2 2 2 2 10 10 2 10 10 10 10 8 8 10 2 10
left_child=1 3 -2 4 -1 6 12 -8 9 10 -9 -12 -5 17 15 19 -17 27 -16 20 21 25 -22 24 -24 -15 -19 -7 29 -10
right_child=2 -3 -4 5 -6 13 7 8 28 -11 11 -13 -14 14 18 16 -18 26 -20 -21 22 -23 23 -25 -26 -27 -28 -29 -30 -31
leaf_value=0.012132474152087959 -0.018546513533829728 0.0059158479346882687 0.047925556388618416 0.052915923968763171 -6.1443733541145782e-05 -0.0018437764255306334 0.016000593930551029 0.0042474779072108034 -0.0056019616209517968 -0.0048053497965594542 0.078225030700680501 0.016387209876210392 0.0051345086154801454 -0.0065394885430180988 -0.015399254691658511 -0.024718552729437231 -0.00084658208425818335 0.0099447986917962292 -0.0018863289925156233 -0.013709694896656903 0.0011177759248579239 0.0055225149876123002 0.03560748443507359 0.033584543129499815 -0.0030562184043761422 0.046699477474793132 0.061096591777072468 -0.0094443501424363446 -0.013570056731931391 0.03001331427373926
leaf_weight=330.17464273190126 138.9294310756959 706.99146380927414 4.7940302090719333 15.250893527641891 477.90088683646172 2325.9627893487923 62.398940237239003 76.590651967097074 208.94571175519377 223.49630470364355 11.845506688579915 21.899081065319479 63.520882125012577 12.735545934643595 193.26098138804082 98.216131428256631 1554.1672968470957 55.298861847026274 2543.5524758641841 105.241902292124 3810.4242772735888 2116.0118895117193 36.925232376204804 55.064793904894032 123.70435742312111 35.155567438341677 11.861486937385051 574.68109610851388 640.43346704170108 28.320594469900243
leaf_count=2379 25913 5467 304 386 2651 31954 1424 1346 2741 6006 104 232 740 239 19113 973 12476 1540 47356 5024 94983 21314 1187 819 2661 445 138 18841 19011 1096
internal_value=-7.70912e-05 6.2031e-05 -0.0159858 -0.000199794 0.00492481 -0.00047635 -0.00450529 -0.0057596 -0.00689592 0.0018961 0.0154278 0.0398362 0.0149829 -7.32048e-05 0.000690044 0.00190885 -0.00228202 -0.0028219 -0.00284729 0.0030097 0.00329677 0.00613878 0.00176715 0.0131624 0.00597229 0.0326158 0.0198015 -0.00335373 -0.0102428 -0.00122594
internal_weight=16663.8 16520 143.723 15813 808.076 15005 1352.7 1273.93 1211.53 333.832 110.335 33.7446 78.7718 13652.3 10684.5 7947.65 1652.38 2967.8 2736.81 6295.26 6190.02 2163.9 4026.12 215.694 160.63 47.8911 67.1603 2900.64 877.7 237.266
internal_count=328863 302646 26217 297179 5030 292149 33086 31960 30536 7688 1682 336 1126 259063 206590 140121 13449 52473 66469 126672 121648 21998 99650 4667 3848 684 1678 50795 22848 3837
cat_boundaries=0 1
cat_threshold=12
is_linear=0
shrinkage=0.04


Tree=115
num_leaves=31
num_cat=0
split_feature=1 0 38 19 22 23 25 35 21 22 25 25 19 6 22 1 25 21 19 25 1 1 23 25 21 30 21 22 22 6
split_gain=18.9742 18.6649 18.8205 17.943 11.9735 19.6828 23.2288 19.0761 17.8425 19.713 19.1864 26.84 39.3035 30.4304 24.9283 19.5835 17.601 77.2512 27.4113 24.0218 23.2974 19.8626 17.9975 23.816 41.4172 25.8797 22.6076 18.7349 37.3863 18.643
threshold=2.7749999761581425 2.7849999666213994 1.2563421726226809 111.00000000000001 0.20991392433643344 1.2001963853836062 444.87500000000006 11.250000000000002 79.661323547363295 0.059457767754793174 444.87500000000006 314.12500000000006 167.50000000000003 78.500000000000014 0.0286624925211072 2.4550000429153447 217.37500000000003 61.479637145996101 163.50000000000003 283.12500000000006 1.1150000095367434 2.435000061988831 1.0950942039489748 134.12500000000003 79.119747161865249 0.14185578376054767 69.559341430664077 0.019306653179228309 0.032903598621487624 215.25000000000003
decision_type=10 10 8 8 10 10 2 2 10 10 2 2 10 2 10 8 2 10 10 2 10 8 10 2 10 10 10 10 10 2
left_child=4 -2 3 -3 5 7 -7 -1 10 -10 11 16 13 -13 -14 -16 22 -18 20 -20 -19 -21 23 26 25 27 -9 -25 -29 -28
right_child=1 2 -4 -5 -6 6 -8 8 9 -11 -12 12 14 -15 15 -17 17 18 19 21 -22 -23 -24 24 -26 -27 29 28 -30 -31
leaf_value=0.0026889301747658324 -0.0016709787214008419 -0.0034675486546699684 0.068283840504167637 -0.024246125359308934 0.0029928658381898139 -0.010311277437681031 0.0065779579184644821 0.0031011248934592933 -0.015523583807663378 0.026975021789532073 -0.0054237647839559125 0.0074076522441797613 -0.011011231740213845 -0.015500270607270201 0.023554213524054759 0.0050942822131952873 0.077382711545370728 -0.0059429817219337289 -0.0087202022581517342 0.022889426263732617 -0.024379371356275107 -0.011406347700194613 -0.0030454698674513324 -0.031907161329650401 0.1051084944091399 0.034300972552571814 -0.0036916736814348113 0.036514264728862732 0.0029303210417992872 0.083343091154889554
leaf_weight=3746.7618283934426 600.43798872106709 116.00167865562253 3.3711532681481904 157.61937094852328 2399.1575092659332 566.33149186568335 168.08007676713169 2018.216470978572 202.8141192800831 18.130384216783568 1075.6836244326551 207.74206680059433 53.582467635627836 165.92373433616012 291.82050485746004 135.89544636989012 16.277056906372309 237.26532395603135 177.4532556058839 98.368605833500624 205.51878063566983 36.231507510412484 1900.4089421806857 19.965706534218043 6.085000767838209 52.662242012564093 1439.8597901113098 58.630272696260363 485.65703871333972 2.9464659433579063
leaf_count=57453 23976 15104 381 27451 19965 4738 1347 55592 10410 187 16104 2109 1798 2318 2779 2690 152 2552 2835 1323 3034 1163 23779 871 250 497 39899 1307 6801 179
internal_value=7.26263e-05 -0.00564886 -0.0142203 -0.0154963 0.000391204 -7.48987e-05 -0.00643682 0.0002945 -0.00071245 -0.0119124 -0.000425767 0.000280754 0.00695408 -0.002768 0.0145004 0.017724 -0.000564117 -0.00624803 -0.0081567 0.000912517 -0.0145449 0.0136122 0.000168527 0.00166545 0.00885868 0.00773428 0.000367291 0.00519141 0.00661563 -0.00345356
internal_weight=16664.9 877.43 276.992 273.621 15787.5 13388.3 734.412 12653.9 8907.14 220.945 8686.19 7610.51 854.964 373.666 481.298 427.716 6755.55 771.115 754.837 312.053 442.784 134.6 5984.43 4084.02 623 616.915 3461.02 564.253 544.287 1442.81
internal_count=329044 66912 42936 42555 262132 242167 6085 236082 178629 10597 168032 151928 11694 4427 7267 5469 140234 11059 10907 5321 5586 2486 129175 105396 9726 9476 95670 8979 8108 40078
is_linear=0
shrinkage=0.04


Tree=116
num_leaves=31
num_cat=0
split_feature=4 35 9 6 21 5 21 25 17 22 19 30 25 1 7 16 22 25 25 23 11 6 40 22 24 19 22 21 24 24
split_gain=22.1285 15.9285 12.9584 18.7507 20.8721 18.6749 23.1971 22.5873 26.3923 21.9564 20.6387 22.1559 19.5924 19.1684 18.6672 20.0317 18.3882 17.0918 19.5922 16.569 15.8963 16.2214 19.2886 15.864 25.3285 19.4554 21.4763 18.8922 36.8561 23.1992
threshold=3.1149998903274541 21.750000000000004 14.500000000000002 57.500000000000007 61.081151962280281 39.500000000000007 79.661323547363295 688.25000000000011 2.5000000000000004 0.09124972298741342 52.500000000000007 0.049960080534219749 503.87500000000006 2.4050000905990605 45.500000000000007 1.5000000000000002 0.10579638928174974 86.125000000000014 181.62500000000003 1.0163922309875491 0.83602148294448864 4.5000000000000009 0.3111384809017182 0.14340715855360034 0.098097115755081191 145.50000000000003 0.11199874058365823 70.110229492187514 0.036634195595979697 0.035720549523830421
decision_type=2 2 2 2 8 2 10 2 10 10 10 8 2 10 2 2 10 2 2 8 10 2 10 10 10 8 10 8 10 10
left_child=1 2 5 -4 -5 6 14 8 -7 -9 11 19 13 -12 15 23 -11 -6 -19 -10 21 -17 -23 24 27 -26 -27 -1 29 -29
right_child=-2 -3 3 4 17 7 -8 9 10 16 12 -13 -14 -15 -16 20 -18 18 -20 -21 -22 22 -24 -25 25 26 -28 28 -30 -31
leaf_value=0.0036505709965965962 -0.017456056144621541 -0.01857863639909341 0.011595895085550964 -0.0085667955171832167 -0.0029432132182209731 0.0062184457373086199 -0.012943843618505391 -0.0049315794824386647 0.11343638335909867 0.090124031364621299 -0.0030033849474063157 0.001443384152651732 -0.018416218790609666 -0.013549912597423483 0.0063558816976721534 -0.015133443427855716 0.022662572910327063 0.012710102361672287 0.00237885735699255 0.015635733828963546 0.017433988665963917 -0.0045213385319451075 0.0073888587545223837 0.0035427757600239797 -0.010118548833916791 -0.0090429612864570859 0.011974504714385386 0.0034157936690793998 -0.005314083607010375 0.041344467304554058
leaf_weight=2258.0984480526531 114.76366296212655 71.776036166585982 331.38723946129903 290.99483210314065 588.70100313681178 314.74528985237703 205.99177762120962 40.124430385883898 3.9473498162114966 7.2552552628330877 941.71488598641008 253.0088009191677 244.97024342464283 390.26730548613705 825.57599079981446 189.60856381710619 37.432911542709917 396.73558740271255 1130.8997210329399 7.4541161720408136 55.745181888341904 1551.1061839375179 251.89015431329608 2640.8027027549688 643.05381969187874 146.10021174629219 163.96887563320342 1039.1302093802951 1535.5422985702753 25.49800104543101
leaf_count=46394 21951 2549 2788 2289 11364 7356 10827 1310 63 94 25265 6560 8880 26718 9235 1570 452 3742 8135 328 338 13223 1503 29290 8320 2414 2364 39713 33462 826
internal_value=-2.8211e-05 9.31997e-05 0.000175728 0.00268828 0.00145612 -0.000323753 0.000325305 -0.00366434 -0.00446493 0.0164565 -0.0062956 0.00402406 -0.00802991 -0.00610434 0.00056811 0.000112119 0.0354356 0.00283955 0.00507112 0.0562349 -0.00343538 -0.00402968 -0.00285202 0.000972617 -0.00019503 -0.00615402 0.00206128 0.000974241 -0.00134897 0.00436589
internal_weight=16698.3 16583.5 16511.8 2738.72 2407.33 13773 11532.1 2240.92 2156.11 84.8126 1841.36 264.41 1576.95 1331.98 11326.1 10500.5 44.6882 2116.34 1527.64 11.4015 2048.35 1992.6 1803 8452.19 5811.39 953.123 310.069 4858.27 2600.17 1064.63
internal_count=329323 307372 304823 28318 25530 276505 199479 77026 75170 1856 67814 6951 60863 51983 188652 179417 546 23241 11877 391 16634 16296 14726 162783 133493 13098 4778 120395 74001 40539
is_linear=0
shrinkage=0.04


Tree=117
num_leaves=31
num_cat=1
split_feature=1 46 16 21 21 24 25 22 29 14 17 32 11 21 37 22 22 7 23 21 15 25 21 22 17 37 22 22 19 40
split_gain=18.9755 17.3777 14.3373 15.0543 35.2976 29.5769 24.0208 23.0096 35.7974 30.8741 19.3862 24.3574 22.2858 20.5013 18.7453 19.7914 18.6538 17.8094 24.6349 18.8169 27.4832 26.0328 19.6723 18.56 20.9253 20.1251 25.889 16.8298 16.5887 24.2002
threshold=3.0949999094009404 0 4.5000000000000009 67.482650756835952 67.131816864013686 0.0056790886446833619 33.125000000000007 0.10389413684606554 12.750000000000002 90.795001983642592 3.5000000000000004 1.0372357368469241 0.22004273533821109 74.264972686767592 69.367881774902358 0.054948875680565841 0.085015021264553084 37.500000000000007 1.0213701128959658 71.948577880859389 1.5000000000000002 371.37500000000006 71.774669647216811 0.038261683657765395 2.5000000000000004 78.477279663085952 0.077872097492218031 0.032523207366466529 49.500000000000007 0.39266912639141088
decision_type=10 1 2 8 10 8 2 10 2 10 10 8 10 10 10 10 10 2 8 10 2 2 10 8 10 8 8 10 10 10
left_child=2 -2 3 4 6 -5 -1 8 -6 14 11 12 13 27 15 -10 -17 18 -13 22 -21 -22 23 -19 -25 -26 -27 -7 -8 -30
right_child=1 -3 -4 5 7 10 28 -9 9 -11 -12 17 -14 -15 -16 16 -18 19 -20 20 21 -23 -24 24 25 26 -28 -29 29 -31
leaf_value=0.0061715133485326134 -0.027803890630986074 -0.0046262770310917896 -0.026431634400778736 -0.017381084510036955 -0.009315620395286035 0.069414449524162661 0.0035145763005347088 0.0033578679875671358 0.082486013533687647 0.052610728316072171 -0.003996240389997136 -0.018599810062353086 -0.0031289587338054693 0.0022761776726184456 -0.0067180502368717789 0.0031486792713725804 0.0446092195024963 0.031064534899128488 -0.00090547280429177049 -0.021494185150171402 0.0080787887858013649 0.032377150305478802 -0.027934471822009539 0.0070642889535100532 -0.0074764923728776545 0.118128918397814 0.009198405141604242 0.022299997664617179 -0.00074694395101566327 -0.015657303050774639
leaf_weight=1128.7577941654017 67.82377254567109 213.53601313591935 31.394094597548246 171.03361651243176 47.198254044982605 12.83049865963403 1494.2015080495039 229.91027096426114 8.5384996375069004 60.682481713709421 2052.1518022244563 128.78788413130678 122.92116123484448 86.384333656285889 35.574808950070292 42.749114136677235 28.70052860211581 32.444566005724482 4242.6927285299171 38.287368264747784 317.45822765573394 90.439213088247925 35.993540675844997 461.08016520435922 479.74007739895023 2.6959492759779087 72.296970953699201 134.55256722145714 4611.1938927354058 180.05989735666662
leaf_count=19158 9720 21454 174 11511 643 411 13996 3044 78 1062 63780 7181 1435 4771 555 557 481 545 86507 1028 5751 1353 529 5951 6485 43 2280 3474 53283 1659
internal_value=-2.48466e-05 -0.0103063 0.000152124 0.000205028 0.0014654 -0.00096364 0.000801508 0.0122884 0.0214037 0.0296589 -0.000623241 0.000482564 0.0106182 0.0178464 0.0172246 0.027874 0.020244 -0.000131012 -0.00143181 0.00358045 0.0104853 0.013542 0.000728289 0.00174197 0.000771855 -0.00445436 0.01467 0.0268687 -0.000163043 -0.00131127
internal_weight=16662.1 281.36 16380.8 16349.4 7867.57 8481.79 7414.21 453.354 223.444 176.245 8310.76 6258.61 356.689 233.767 115.563 79.9881 71.4496 5901.92 4371.48 1530.44 446.185 407.897 1084.25 1048.26 1015.81 554.733 74.9929 147.383 6285.46 4791.25
internal_count=328899 31174 297725 297551 94516 203035 88096 6420 3376 2733 191524 127744 10091 8656 1671 1116 1038 117653 93688 23965 8132 7104 15833 15304 14759 8808 2323 3885 68938 54942
cat_boundaries=0 1
cat_threshold=4
is_linear=0
shrinkage=0.04


Tree=118
num_leaves=31
num_cat=2
split_feature=20 9 15 29 22 22 15 31 40 19 23 6 15 17 46 43 25 23 0 8 25 25 23 7 1 5 33 31 11 14
split_gain=17.5379 19.0725 19.4931 26.6653 23.8023 31.3414 24.0282 19.1991 23.5839 18.3664 23.8568 17.7003 16.3779 16.775 16.1929 29.8365 35.5216 30.1036 27.8933 24.2958 23.697 35.486 29.2187 27.7779 22.4072 18.2981 20.6725 20.2006 18.149 17.7935
threshold=79.000000000000014 14.500000000000002 3.5000000000000004 18.750000000000004 0.052311619743704803 0.053801100701093681 2.5000000000000004 74.252944946289077 0.15286651998758319 49.500000000000007 1.1967639923095705 57.500000000000007 4.7500000000000009 2.5000000000000004 0 1 167.62500000000003 1.0130522251129153 2.0949999094009404 26.500000000000004 117.87500000000001 121.62500000000001 1.0484849810600283 26.500000000000004 2.495000004768372 14.500000000000002 2.6803091764450078 71.56595611572267 0.38651150465011602 86.83499908447267
decision_type=2 2 2 2 8 8 2 8 10 10 10 2 2 10 1 9 2 10 10 2 2 2 10 2 10 2 10 10 10 10
left_child=9 2 3 14 -5 6 -6 -4 12 -1 -11 -3 13 -9 15 -2 17 -17 28 -19 23 22 -22 29 -16 -23 27 -27 -18 -21
right_child=1 11 7 4 5 -7 -8 8 -10 10 -12 -13 -14 -15 24 16 18 19 -20 20 21 25 -24 -25 -26 26 -28 -29 -30 -31
leaf_value=0.011261752884640217 -0.0084985319764584646 0.011666070685872673 0.00089723087363594771 -0.022720170901560307 0.17392262845311102 -0.0056071526297830597 -0.010134830080150743 0.0059405580880740362 0.054428853088270869 0.006524296012036036 -0.011231265259470578 0.0015102850597966263 -0.016917118936876592 0.028750774554025384 -0.0017580967871219583 -0.0090434024664869783 -0.0004745937518618635 -0.0010343105124375638 -0.010728184930006957 0.0085953746448991682 0.11095736757284687 -0.0035379224535007879 0.018917809988158701 0.0011306729341872903 -0.0096003367224579174 0.010617208909107832 0.073450698562703753 0.04208576134790195 0.0225369725092887 0.024325136518237971
leaf_weight=435.0116515965201 494.15138367144391 309.07046011835337 1817.2667460726807 174.4896391092916 1.7734106946736565 280.46056155429687 1.6791750565171242 192.06551744393073 18.371971411630511 336.21893524564803 187.89356448687613 2419.3355430988595 34.160997879342176 70.269197021843866 5515.1790263598086 232.20311380957719 666.60043683089316 574.64226084784605 518.07964085007552 461.54285691247787 10.743475922849031 66.562692225910723 11.585966841783373 758.39136275195051 651.38624638208421 156.94903409003746 10.285961963934822 40.841626456473023 58.724409453570843 154.0197613047203
leaf_count=3229 12052 2665 40404 13615 125 13199 139 4758 489 1724 962 25717 1756 2205 89520 12846 6158 9337 18260 6142 139 450 141 17421 38289 1908 157 699 299 4209
internal_value=-5.17109e-05 -0.000372849 -0.00101246 -0.00170036 -0.0111322 -0.0039415 0.101336 0.00248223 0.0115857 0.00519606 0.000142069 0.00266604 0.00874345 0.0121517 -0.00128249 0.00062737 0.00186011 0.0046337 -0.00364802 0.00605315 0.00849214 0.01873 0.0662306 0.00626438 -0.00258856 0.0146272 0.0204465 0.0173143 0.00141145 0.0125707
internal_weight=16660 15700.8 12972.4 10840.3 458.403 283.913 3.45259 2132.13 314.868 959.124 524.112 2728.41 296.496 262.335 10381.9 4215.32 3721.17 2477.77 1243.4 2245.56 1670.92 296.969 22.3294 1373.95 6166.57 274.639 208.077 197.791 725.325 615.563
internal_count=329014 323099 294717 245105 27078 13463 264 49612 9208 5915 2686 28382 8719 6963 218027 90218 78166 53449 24717 40603 31266 3494 280 27772 127809 3214 2764 2607 6457 10351
cat_boundaries=0 1 2
cat_threshold=8 12
is_linear=0
shrinkage=0.04


Tree=119
num_leaves=31
num_cat=1
split_feature=1 25 21 21 24 25 22 22 17 40 21 19 7 24 24 22 29 34 14 4 22 46 22 21 14 22 15 29 40 19
split_gain=18.3386 15.5864 12.7852 33.1174 28.1961 23.1716 20.0013 68.6988 19.4453 18.1313 17.0731 18.6938 24.3764 16.443 20.9414 30.5395 30.2842 25.4916 15.7452 14.9617 20.6562 18.329 14.5911 29.3807 18.3047 27.6802 20.0742 18.7686 17.9689 18.4029
threshold=3.1049998998641972 48.125000000000007 67.482650756835952 67.131816864013686 0.0056790886446833619 33.125000000000007 0.051184218376874931 0.043622402474284179 3.5000000000000004 0.29323898255825048 83.50730133056642 59.500000000000007 60.500000000000007 0.036634195595979697 0.035720549523830421 0.05077031813561917 16.750000000000004 5.5000000000000009 96.549999237060561 2.4150000810623173 0.12107535079121591 0 0.10458350926637651 71.330215454101577 96.795001983642592 0.1148396134376526 2.5000000000000004 17.750000000000004 0.27067957818508154 79.500000000000014
decision_type=10 2 8 10 8 2 10 10 10 10 10 10 2 8 10 10 2 2 10 2 10 1 8 10 10 8 2 2 8 10
left_child=2 -2 3 5 -4 -1 7 -5 13 18 19 12 -12 14 17 16 -16 -6 -8 -10 -21 -22 28 24 -24 27 -27 -26 -15 -30
right_child=1 -3 4 6 8 -7 9 -9 10 -11 11 -13 -14 22 15 -17 -18 -19 -20 20 21 -23 23 -25 25 26 -28 -29 29 -31
leaf_value=0.0060751336277788497 0.0050621172900061438 -0.016274108597803452 -0.017044448212242911 -0.018409033790171062 0.0066012077727740197 -0.00014521842525808235 0.0046252093988541397 0.10717543063722688 -0.0031341124900132371 0.038765221099618746 0.068448084515363453 -0.028621204700700766 0.0095028960616415185 -0.0027081101817088326 0.015655552628118834 0.0030991855886483561 0.11353154364115575 -0.0083476217892624101 0.030230120762327398 -0.01461176646324704 0.12906018428990584 -0.015119560183598058 2.2324380258931488e-05 0.027547364609429019 0.011894403216451689 0.026278459480067889 -0.0060772470485224127 0.064050582220158539 -0.0026947665614783208 0.019485951408283766
leaf_weight=1128.2295940454351 75.536422232631594 192.34762286272598 166.45164235203993 13.301173097454013 944.79565061326139 6318.0324112036033 360.8745712430682 12.99015852017328 1702.520997258951 30.978620114736259 14.072758005349895 12.068739123526028 46.548968320596032 3113.6421982150059 10.380993737373503 28.835122702061199 9.844424994196741 225.05154958949424 42.2069312146632 273.66053074330557 2.0717843985185027 2.1822394852060816 1447.1657458601985 71.620230458211154 21.312764531932771 44.324572898098268 93.810137406690046 23.770191504736431 115.93058588728309 121.64847476303112
leaf_count=19168 9480 21057 11422 277 26162 69301 5128 120 37295 307 370 719 1013 55770 249 666 261 10844 642 24451 88 80 26380 710 359 1057 1933 450 1656 1679
internal_value=0.000114744 -0.0102465 0.000284864 0.00144244 -0.000792525 0.000797418 0.0118428 0.0451473 -0.000465103 0.00971717 -0.00384322 0.0150564 0.0241401 0.000640493 0.00480875 0.03016 0.0665881 0.00371731 0.00738439 -0.00454618 -0.01314 0.0655366 -0.000364909 0.00264923 0.00153682 0.0134125 0.00439053 0.0402739 -0.00189724 0.00867981
internal_weight=16666.2 267.884 16398.3 7906.61 8491.71 7446.26 460.351 26.2913 8325.26 434.06 2053.13 72.6905 60.6217 6272.13 1218.91 49.0605 20.2254 1169.85 403.082 1980.44 277.915 4.25402 5053.22 1702 1630.38 183.218 138.135 45.083 3351.22 237.579
internal_count=329094 30537 298557 94943 203614 88469 6474 397 192192 6077 64016 2102 1383 128176 38182 1176 510 37006 5770 61914 24619 168 89994 30889 30179 3799 2990 809 59105 3335
cat_boundaries=0 1
cat_threshold=8
is_linear=0
shrinkage=0.04


Tree=120
num_leaves=31
num_cat=1
split_feature=9 22 44 16 1 25 21 4 35 6 32 22 21 19 39 22 1 0 21 14 25 21 23 21 25 20 21 21 25 11
split_gain=19.0916 24.0261 19.2402 21.4471 21.5896 18.7955 16.934 25.4447 16.7897 16.5942 18.3174 20.1288 18.9858 17.3678 18.2177 16.3699 16.4743 16.0154 22.1744 21.2148 17.2917 15.7717 19.3165 15.667 15.5169 21.1102 28.5594 18.1657 23.4936 23.9662
threshold=3.5000000000000004 0.022006942890584472 0 1.5000000000000002 1.185000002384186 181.62500000000003 66.651382446289077 2.4650000333786015 15.250000000000002 80.250000000000014 1.1403846740722658 0.023576410487294201 61.699682235717781 52.500000000000007 2.3680523633956914 0.026860825717449192 2.0349999666213994 2.2350000143051152 84.860710144042983 75.939998626708999 688.25000000000011 62.74482727050782 1.1192867755889895 75.817798614501967 83.625000000000014 175.00000000000003 67.42453765869142 71.948577880859389 167.62500000000003 0.06256990879774095
decision_type=2 8 9 2 8 2 8 2 2 2 10 8 8 8 10 8 8 8 10 10 2 10 10 10 2 2 10 10 2 10
left_child=1 5 3 4 -3 8 7 -4 -1 10 11 23 -13 -14 15 -15 -17 -11 19 -19 -21 -12 -23 -6 25 -2 -27 28 29 -26
right_child=24 2 6 -5 9 -7 -8 -9 -10 17 21 12 13 14 -16 16 -18 18 -20 20 -22 22 -24 -25 27 26 -28 -29 -30 -31
leaf_value=0.011290251089107592 0.0016689979948753071 0.011633779111049902 0.0088478051523798902 -0.0087972362854082369 0.06120062114442653 -0.022376267932357648 -0.00021324542096197452 0.055887760606250482 -0.02936623804352665 0.00085193519543944193 0.0011243542848253343 0.011037890958552532 -0.0041870769979899369 -0.028077759610882217 0.021724465354408921 0.0098102343819070209 0.00012966797236099723 0.0050164062192040969 0.04453570218430708 -0.014421349475039725 0.014381421339643189 4.4084102918680556e-05 -0.016743137157134606 -0.0044096420804534096 0.066505208640532332 -9.5416228923950227e-05 -0.012213979316349795 0.0076760921785548391 -0.00037598653577513566 0.0052514030025655294
leaf_weight=63.996034653158858 2133.3161163020413 208.83267499262001 327.62147214938886 617.13275641982909 14.573197951773183 150.68919661222026 449.08125998009928 18.603738720761612 20.662204815540463 396.86485764966346 305.27941270649899 257.41301847505383 1164.1775610342156 29.214110967586748 70.147747385664843 329.05744975269772 1909.1798427570029 126.89052322856151 11.183224042761138 602.20038151036715 34.384862113278359 173.33086159755476 295.3735212709289 8.9253304947633278 9.3103440820705128 807.05580475972965 506.07800030626822 945.83953599445522 3147.3859922029078 1515.0942846406251
leaf_count=4159 21133 3248 2636 7194 506 14124 7823 431 2114 10223 2896 3520 34041 1570 1584 4732 55830 6623 345 49442 1722 3428 3971 678 264 18704 15490 14386 23539 12561
internal_value=8.7082e-05 -0.0013933 -0.000988884 -0.00170292 -0.000966332 -0.0139479 0.00484581 0.0115406 0.0010937 -0.00142834 -0.000335318 0.000811351 0.000574593 -0.000196346 0.00179036 0.00116259 0.0015584 -0.00567237 -0.00901677 -0.00986366 -0.0128392 -0.00593841 -0.0105397 0.0369541 0.00132632 -0.000785616 -0.00477466 0.00262263 0.00159724 0.00567149
internal_weight=16648.9 7584.82 7349.47 6554.16 5937.03 235.347 795.306 346.225 84.6582 5728.2 4556.67 3782.69 3759.19 3501.78 2337.6 2267.45 2238.24 1171.52 774.659 763.476 636.585 773.984 468.704 23.4985 9064.08 3446.45 1313.13 5617.63 4671.79 1524.4
internal_count=328917 222840 202443 191553 184359 20397 10890 3067 6273 181111 112756 102461 101277 97757 63716 62132 60562 68355 58132 57787 51164 10295 7399 1184 106077 55327 34194 50750 36364 12825
cat_boundaries=0 1
cat_threshold=8
is_linear=0
shrinkage=0.04


Tree=121
num_leaves=31
num_cat=4
split_feature=0 6 15 21 15 20 25 46 22 21 19 21 22 21 25 7 25 23 46 22 46 20 25 20 6 42 7 23 24 8
split_gain=15.1846 13.9879 13.9006 23.0207 23.2656 22.0348 30.2227 22.3737 21.7847 42.6932 27.3642 24.524 20.5014 21.1983 20.7797 26.785 25.266 30.3056 44.1729 40.1573 23.731 21.3367 22.0248 20.585 19.8687 19.3876 19.1278 17.6627 17.5617 18.6979
threshold=3.1250000000000004 206.25000000000003 3.5000000000000004 73.864875793457045 4.7500000000000009 218.00000000000003 362.37500000000006 0 0.24880647659301761 61.081151962280281 128.50000000000003 61.699682235717781 0.039185304194688804 62.949632644653327 503.87500000000006 9.5000000000000018 371.37500000000006 1.1066716313362124 1 0.04089885205030442 2 218.00000000000003 421.50000000000006 184.00000000000003 72.500000000000014 3 50.500000000000007 1.0484849810600283 0.11023868992924692 154.25000000000003
decision_type=10 2 2 8 2 2 2 1 10 10 10 10 10 10 2 2 2 10 1 10 1 2 2 2 2 9 2 10 10 2
left_child=2 -2 5 8 -5 25 -7 -8 9 10 -4 -11 -13 -14 15 -15 17 19 23 -17 -16 22 -18 24 -19 -1 -9 -22 29 -25
right_child=1 -3 3 4 -6 6 7 26 -10 11 -12 12 13 14 20 16 21 18 -20 -21 27 -23 -24 28 -26 -27 -28 -29 -30 -31
leaf_value=-0.02009059891528325 -0.011104131755838948 0.037803733365036875 0.012979163822565018 0.017487890921288409 -0.015084081658129146 -0.012916072167148979 -0.011354842371576732 -0.0029201230837434923 0.012948964444448197 0.030719946603509331 -0.028854751904601527 -0.016157868107438082 -0.01188912858854063 -0.0062632246840103323 -0.018375142371439362 0.11328901325339112 0.037684701015160797 0.030021466848011033 -0.0010530710161489848 -0.00062867140726189318 0.058536972157371303 0.027601774426068343 -0.017263753486606706 0.0057803760224532609 0.079954554385186574 0.00020154878141547835 0.026268922232970386 0.00058311274189986153 0.001808622592349573 0.072993719013436348
leaf_weight=74.771211942192167 259.19948088668752 8.7112559239612875 30.783589793369174 264.95544767659158 39.505330688552931 476.45485119987279 86.724824149860069 60.805082103703171 238.42313662648667 44.855657086707652 119.69063078437466 102.93004123982973 156.47873880504631 233.4717071428895 132.15287457546219 3.9948606324614948 15.504406496416776 32.543697196990252 108.66890484909527 561.38641038525384 7.7479248219169667 168.54511358216405 38.826491971034557 12.317015923559667 22.941068331478164 12986.681434100959 85.350286337081343 225.77420147415251 41.13943112641573 14.187784667126833
leaf_count=3815 37016 633 243 7111 2272 19500 2224 2235 2432 427 1531 3434 2289 4288 1795 186 167 298 1608 12795 149 1743 527 250 259 215624 1189 2562 448 97
internal_value=6.34346e-05 -0.00936433 0.000218369 0.00289038 0.0132129 -0.000289267 -0.00715028 0.00463378 0.0015244 0.000203477 -0.0202409 0.00181462 0.00110634 0.00211787 0.00348047 0.00592849 0.00872627 0.00537705 0.017524 0.000367785 -0.00489368 0.0206103 -0.00111314 0.033828 0.0517879 8.35496e-05 0.0141609 0.0027644 0.0184983 0.0432503
internal_weight=16655.5 267.911 16387.6 2616.82 304.461 13770.8 709.335 232.88 2312.36 2073.94 150.474 1923.47 1878.61 1775.68 1619.2 1253.53 1020.06 797.179 231.798 565.381 365.675 222.876 54.3309 123.129 55.4848 13061.5 146.155 233.522 67.6442 26.5048
internal_count=329147 37649 291498 46911 9383 244587 25148 5648 37528 35096 1774 33322 32895 29461 27172 22666 18378 15941 2960 12981 4506 2437 694 1352 557 219439 3424 2711 795 347
cat_boundaries=0 1 2 3 4
cat_threshold=4 4 4 8
is_linear=0
shrinkage=0.04


Tree=122
num_leaves=31
num_cat=3
split_feature=15 9 22 4 5 19 21 16 4 43 20 1 14 20 44 14 0 22 23 22 20 32 46 28 4 14 20 0 30 23
split_gain=16.6967 16.1764 19.4393 18.294 16.5896 22.3408 19.2863 19.2003 20.401 32.3998 58.2163 30.7116 18.6583 21.1254 27.8601 21.961 19.3186 16.2595 33.6125 19.0086 31.94 27.7744 17.8729 18.0608 17.2675 25.2088 16.0429 15.9228 16.1947 15.9145
threshold=1.0000000180025095e-35 12.500000000000002 0.0088174184784293192 1.9450000524520876 41.500000000000007 52.500000000000007 79.866088867187514 1.5000000000000002 0.50499999523162853 0 159.00000000000003 1.985000014305115 90.045001983642592 159.00000000000003 1 65.020000457763686 1.9249999523162844 0.13668338954448703 1.1027429699897768 0.10333079844713212 218.00000000000003 1.0293341875076296 2 6.5000000000000009 2.0249999761581425 75.020000457763686 159.00000000000003 2.6950000524520878 0.095534160733222975 1.0685769319534304
decision_type=2 2 8 2 2 10 10 2 2 9 2 10 10 2 9 10 8 10 10 10 2 10 1 2 2 10 2 10 10 10
left_child=27 2 -2 -3 6 -6 7 8 11 10 -10 12 13 14 -4 16 -16 18 19 22 -21 -22 23 -11 25 -19 -27 -1 -29 -24
right_child=1 3 4 -5 5 -7 -8 -9 9 17 -12 -13 -14 -15 15 -17 -18 24 -20 20 21 -23 29 -25 -26 26 -28 28 -30 -31
leaf_value=0.012135773929940212 -0.028518382413090949 0.0062495975539615294 -0.0093369699751731355 8.6654651205241302e-05 0.004855364325104237 -0.0064138944043821153 -0.012690489531014497 -0.0033191426921739286 0.008295169599381402 0.0085055914171179945 -0.015963097830949201 -0.012243113463799535 -0.0048307452282770899 0.0068012014769985646 -0.026413758489142115 -0.0012413290167007974 0.026252237869121953 0.0023072254378237859 -0.0048224665591384275 0.006455512693084353 -0.017977530289998957 0.044118241376119291 0.0022946271000383271 -0.0033011211721546015 0.0039163184345357253 -0.0069754354900931556 0.024942821883175152 0.12443351363512237 0.0092595041478139278 -0.0068111671020125251
leaf_weight=60.275929547846317 39.283859902061522 1217.6248359559104 408.68620162317529 2100.0658324279357 347.38769713166403 1460.9321651463397 191.07985304156318 2136.2141797821969 262.88127222424373 977.15861009451328 394.44470860756701 395.24230887414888 897.50105524016544 823.46881300932728 11.634373404085634 211.51533860340714 100.53279637545347 192.79324707202613 930.3350698366994 404.87461020157207 13.167520126793532 67.845448444946669 977.825618951465 261.90798811276909 1060.2083708832506 27.654545925557613 228.86007031425834 3.4153794143348923 3.9624735078541562 446.38818341027945
leaf_count=1146 4467 9643 5278 25153 9928 60261 11169 17527 3875 22911 12214 14381 17626 9822 105 2149 950 1191 14666 8244 541 1104 35199 11928 17073 166 1658 238 247 8498
internal_value=-6.48413e-05 -0.000146548 -0.000771391 0.00235092 -0.000686554 -0.00424531 -0.000122473 9.21068e-05 0.000894057 0.0021736 -0.00616403 -0.00191009 -0.000239457 0.00240791 -0.00252896 0.00615491 0.0205691 0.0031612 0.00185226 0.0038263 0.0110965 0.0338805 0.00249476 0.00600607 0.00671336 0.0132811 0.0214725 0.0196202 0.0715423 -0.000559352
internal_weight=16655.2 16587.5 13269.8 3317.69 13230.5 1808.32 11422.2 11231.1 9094.93 6246.35 657.326 2848.58 2453.34 1555.84 732.369 323.683 112.167 5589.02 4079.5 3149.17 485.888 81.013 2663.28 1239.07 1509.52 449.308 256.515 67.6538 7.37785 1424.21
internal_count=329358 327727 292931 34796 288464 70189 218275 207106 189579 139268 16089 50311 35930 18304 8482 3204 1055 123179 103091 88425 9889 1645 78536 34839 20088 3015 1824 1631 485 43697
cat_boundaries=0 1 2 3
cat_threshold=12 8 8
is_linear=0
shrinkage=0.04


Tree=123
num_leaves=31
num_cat=2
split_feature=15 1 11 35 5 24 43 18 46 19 25 20 25 0 25 5 19 25 22 23 22 20 25 20 25 22 25 20 22 22
split_gain=13.7249 14.1972 13.2998 12.7225 12.3822 11.5723 18.3161 22.6802 16.6041 28.1157 22.0861 28.6128 59.9302 28.069 23.4972 21.5738 21.5219 22.3381 22.1635 19.4186 26.2607 35.9086 19.1133 27.8819 32.1781 29.3446 25.9008 29.5538 43.0154 39.491
threshold=1.0000000180025095e-35 3.3249999284744267 0.068146638572216048 21.750000000000004 18.500000000000004 0.0056790886446833619 0 1.5000000000000002 1 5.0000000000000009 173.12500000000003 218.00000000000003 283.12500000000006 2.0949999094009404 503.87500000000006 5.5000000000000009 190.50000000000003 141.37500000000003 0.018383535556495193 1.0579725503921511 0.15233419835567477 179.00000000000003 86.125000000000014 171.50000000000003 76.375000000000014 0.049470305442810066 105.37500000000001 177.50000000000003 0.051184218376874931 0.022444034926593307
decision_type=2 10 10 2 2 8 9 10 1 8 2 2 2 10 2 2 8 2 10 10 10 2 2 2 2 8 2 2 10 10
left_child=4 3 -3 5 -1 6 7 -2 9 -7 16 13 -13 -12 -14 -15 17 18 -11 -19 -21 -22 23 -10 25 -25 27 -24 29 -29
right_child=1 2 -4 -5 -6 8 -8 -9 22 10 11 12 14 15 -16 -17 -18 19 -20 20 21 -23 26 24 -26 -27 -28 28 -30 -31
leaf_value=0.0048832361339703071 -0.01113033275340092 -0.022938108906238538 0.009610806775118181 -0.016980519675299639 0.040803740887610823 -0.025057073140146123 -0.012296306390783315 0.014663084164041208 0.00084775971777199452 0.050507289321120245 0.00042003668097698182 -0.016415615354681005 0.021578032444666349 0.017070598986751683 0.0027608901267546855 -0.011800479069113842 -0.0094537777768997199 0.027584633897253977 0.0036039905416855593 -0.004180503965002632 0.03917944548089905 -0.010361864466969784 -0.0029966572878468985 -0.020166444258763159 -0.019090476660962672 -0.0025253975027385335 -0.00017884063288950661 0.034911927928305941 0.020699318019556906 -0.025897741692230546
leaf_weight=42.746560908737592 97.799242355627939 77.535437664482743 26.153685820754617 68.470421974372584 23.526014350703917 59.913543446920812 281.41619412903674 120.65628722228575 1817.4886409119936 15.225546058558391 1299.5068027065136 131.84262420446612 269.95503548276611 43.521126182749867 176.00271831662394 596.25441775028594 173.34972084168112 118.92441779724322 3070.3658223381499 130.82231471245177 68.91206319630146 34.497033294290304 243.58833641337696 164.41075277910568 258.5470722746104 1735.6990816834732 5028.7120092111873 21.93807472824119 347.1653236951679 66.096448481781408
leaf_count=1030 4438 13232 632 2565 587 1855 14212 5565 32368 830 9829 3627 4041 667 3104 18695 5946 2189 53079 1616 457 229 2541 11413 4692 48358 72693 1064 5049 2464
internal_value=8.02357e-05 6.67852e-06 -0.0146766 0.000100412 0.0181111 0.000173122 -0.00581277 0.00296436 0.000362239 0.00198049 0.00224949 -0.000625459 0.00717807 -0.00295505 0.0141834 -0.00980669 0.00425361 0.00494832 0.00385301 0.014469 0.00770397 0.0226733 -0.000671718 -0.00280071 -0.00587338 -0.00406373 0.000810981 0.0081393 0.014374 -0.0104772
internal_weight=16611 16544.8 103.689 16441.1 66.2726 16372.6 499.872 218.456 15872.7 6189.09 6129.18 2517.08 577.8 1939.28 445.958 639.776 3612.1 3438.75 3085.59 353.156 234.231 103.409 9683.65 3976.15 2158.66 1900.11 5707.5 678.788 435.2 88.0345
internal_count=329067 327450 13864 313586 1617 311021 24215 10003 286806 106164 104309 39963 10772 29191 7145 19362 64346 58400 53909 4491 2302 686 180642 96831 64463 59771 83811 11118 8577 3528
cat_boundaries=0 1 2
cat_threshold=96 8
is_linear=0
shrinkage=0.04


Tree=124
num_leaves=31
num_cat=2
split_feature=1 46 30 37 16 25 24 1 22 25 5 25 25 30 4 23 24 21 19 19 42 24 23 17 30 25 22 17 11 37
split_gain=16.3083 19.4846 26.4287 16.661 14.8459 14.7217 13.5482 12.7829 17.3303 17.4189 12.3685 12.3141 31.3349 23.4163 21.175 17.6623 23.5153 19.9826 22.4507 27.5889 70.3296 65.978 22.5203 18.9963 22.4965 18.9513 19.4405 18.5867 17.7565 17.1393
threshold=2.5949999094009404 0 0.089687496423721327 68.537223815917983 4.5000000000000009 14.125000000000002 0.098097115755081191 0.58499997854232799 0.40845322608947759 131.62500000000003 64.500000000000014 89.125000000000014 105.37500000000001 0.042139790952205665 2.3950001001358037 1.0275808572769167 0.075360294431447997 68.738159179687514 59.500000000000007 145.50000000000003 1 0.028611508198082451 1.0918136835098269 1.5000000000000002 0.12684915959835055 29.125000000000004 0.14484784007072452 4.5000000000000009 0.41898326575756079 74.673851013183608
decision_type=10 1 10 8 2 2 10 8 10 2 2 2 2 10 2 8 10 8 10 10 9 8 10 8 10 2 10 8 8 8
left_child=4 2 -2 5 7 -4 -5 -1 11 -10 -3 15 13 -13 -14 -9 17 23 -19 22 21 29 -20 24 -17 27 -27 -18 -26 -21
right_child=1 10 3 6 -6 -7 -8 8 9 -11 -12 12 14 -15 -16 16 25 18 19 20 -22 -23 -24 -25 28 26 -28 -29 -30 -31
leaf_value=0.0044540617237081746 -0.020090413464706608 -0.00016843125674519813 0.036700738059989226 -0.000316411915329387 -0.026442024199053522 -0.014026192591994014 0.031459614072435464 -0.0074076727193106299 0.025401577076971247 -0.019901559644392396 -0.024501366566126129 0.047965272823294082 0.0010265514187160578 0.007927619042603265 -0.0068775629867617793 0.022788988060756316 -0.00030345203629468385 -0.0046537583990453523 0.0086037855776014398 0.19950159172292192 -0.0097750176288841362 0.0202881532143179 0.064434627953864093 0.0015575439535686073 -0.0054712675744671615 -0.012311624773185693 -0.0027063609200892024 0.025987222531292417 0.015801380024042782 0.051397938996800216
leaf_weight=1235.6310975718079 234.19200723996619 1055.6792823195574 8.9562925928039459 51.836761828220915 31.650038558989763 113.77761132083833 35.328896466759034 664.75953525095247 75.719437629450113 15.618060232605783 33.53008921694709 23.353128588409163 6450.1624162511434 649.30097661365289 591.01570456009358 194.28729562426452 874.64037511497736 1012.8978488483699 532.79470586089883 3.6019231162499628 382.70069049741141 49.098363162833266 10.874308536760507 567.08279907272663 131.36266645276919 544.95091411750764 887.27442081505433 44.236960783833638 118.30397460609674 3.105478810146451
leaf_count=10780 22340 55625 512 2916 178 6316 1108 25730 617 182 4062 786 65028 9150 21740 3283 11404 25127 13258 110 15306 2055 160 10774 1278 7079 10505 476 888 117
internal_value=9.93799e-05 -0.00382939 -0.0108818 -0.000542034 0.000498959 -0.0100255 0.012728 0.000557584 0.000208798 0.0174801 -0.000942949 9.2396e-05 0.0011508 0.00939272 0.000361653 -0.00126267 -0.000498172 0.00184441 -0.000475853 0.00382902 -0.00362492 0.03791 0.00984409 0.00642288 0.0126111 -0.0034946 -0.00636992 0.000984771 0.0046156 0.147015
internal_weight=16627.7 1533.3 444.092 209.9 15094.4 122.734 87.1657 15062.8 13827.1 91.3375 1089.21 13735.8 7713.83 672.654 7041.18 6021.97 5357.21 3006.11 1995.07 982.175 438.506 55.8058 543.669 1011.04 443.954 2351.1 1432.23 918.877 249.667 6.7074
internal_count=328890 92879 33192 10852 236011 6828 4024 235833 225053 799 59687 224254 96704 9936 86768 127550 101820 72356 56133 31006 17588 2282 13418 16223 5449 29464 17584 11880 2166 227
cat_boundaries=0 1 2
cat_threshold=4 4
is_linear=0
shrinkage=0.04


Tree=125
num_leaves=31
num_cat=0
split_feature=1 25 39 16 0 1 6 22 8 2 39 31 0 9 8 25 22 0 38 1 1 19 40 35 0 4 40 25 37 16
split_gain=13.2283 17.5863 15.1601 13.6241 12.2802 15.2186 14.8893 13.7759 12.5227 12.2275 11.8339 10.9012 18.1339 16.767 15.2648 14.7522 16.6958 15.6482 11.9781 10.1969 16.6548 10.1709 9.85177 9.77707 10.2155 9.72163 12.2132 10.0662 9.8359 9.31406
threshold=3.1049998998641972 41.125000000000007 0.98927554488182079 3.5000000000000004 0.92500001192092907 0.64499998092651378 169.25000000000003 0.0088174184784293192 330.25000000000006 -0.62499999999999989 0.66903147101402294 77.393825531005874 2.8149999380111699 1.5000000000000002 50.500000000000007 110.12500000000001 0.026860825717449192 3.3149999380111699 1.0207403898239138 3.304999947547913 3.1650000810623173 36.000000000000007 0.039016932249069221 12.750000000000002 1.8350000381469729 2.2150000333786015 0.12392738834023477 48.625000000000007 66.110157012939467 4.5000000000000009
decision_type=10 2 10 2 8 8 2 8 2 10 8 10 10 2 2 2 10 8 8 8 10 10 8 2 10 2 10 2 8 2
left_child=3 2 10 4 5 25 8 -6 -7 23 -2 -9 13 -13 -15 -14 -17 22 -16 20 -12 -5 -18 -3 -25 27 -27 28 -1 -23
right_child=1 9 -4 21 7 6 -8 11 -10 -11 19 12 15 14 18 16 17 -19 -20 -21 -22 29 -24 24 -26 26 -28 -29 -30 -31
leaf_value=0.0079464956350064168 -0.0018740736070067827 -0.025914937767286733 -0.0056943784908286658 0.0074552874939666147 -0.022545935458136906 0.0018402968081148059 -0.014480090497065673 -0.00032624153489006243 0.037990175811766877 -0.024188255248098374 -6.7489048349400645e-05 -0.012739394674291159 -0.0045539487494516877 0.049680920867865401 0.041656610682238686 0.0068151936953429002 0.014660341286997208 -0.0031313204593790877 -0.0023975114707464845 0.0086997040062180842 0.11044128382371202 -0.01032216187032357 0.13005074151786453 0.030801138977114912 -0.005170806006147036 0.001680511990962869 0.072393835977346138 0.012158918142344589 -0.017580094424277853 -0.036517594422595889
leaf_weight=57.604586061090231 9.5878812683513406 22.582529343548231 44.943788103060797 41.293129464611411 43.313748542452231 1641.1804853591602 89.462325857719406 13777.977810091281 14.493998868390916 106.90931131877005 3.0117393078980932 54.027300981921144 7.774389392463493 16.010768518783152 11.340943289455025 6.517328213783915 1.813627363299015 2.2769288183189937 48.289115188410506 5.7666370124788964 6.2772675205487758 141.66382839530706 6.8835720904171476 16.032855535275303 47.69639202055987 7.3642038269899768 7.7503830562345684 303.07128495909274 40.020567175000906 25.277495242655277
leaf_count=439 1058 652 6058 235 4044 14501 1055 269995 90 18622 280 1780 481 213 153 729 103 146 907 791 532 787 298 276 2343 136 62 1661 388 146
internal_value=-0.000119286 -0.00900503 0.0081154 2.38805e-05 0.000155609 0.00296126 0.00131766 -0.000278084 0.00218191 -0.0152015 0.032697 -0.000206959 0.0103091 0.00410205 0.0161927 0.0406431 0.060108 0.0882112 0.00646397 0.0537075 0.0776985 -0.0101173 0.110394 -0.00387471 0.00415317 0.00983003 0.0404311 0.008568 -0.0025495 -0.0145062
internal_weight=16608.2 262.808 69.5873 16345.4 16137.2 2160.95 1745.14 13976.2 1655.67 193.221 24.6435 13932.9 154.934 129.668 75.6408 25.2658 17.4915 10.9741 59.6301 15.0556 9.28901 208.234 8.6972 86.3118 63.7292 415.811 15.1146 400.696 97.6252 166.941
internal_count=328961 30612 8719 298349 297181 18332 15646 278849 14591 21893 2661 274805 4810 3053 1273 1757 1276 547 1060 1603 812 1168 401 3271 2619 2686 198 2488 827 933
is_linear=0
shrinkage=0.04


Tree=126
num_leaves=31
num_cat=1
split_feature=0 33 32 20 1 10 35 16 24 15 43 18 17 15 21 25 32 30 19 25 20 23 25 20 21 25 23 17 21 24
split_gain=14.0628 17.3252 12.1307 16.6003 15.4553 11.929 10.6761 10.3998 9.50367 24.1005 18.3048 17.2113 11.5724 16.4789 15.2243 10.9448 10.4484 24.5321 13.4633 13.0073 35.5296 50.65 29.2403 25.4314 30.2026 29.3683 25.8861 23.5107 23.3451 20.8409
threshold=3.1250000000000004 2.2691295146942143 1.1621915102005007 110.00000000000001 2.7649999856948857 200.25000000000003 21.750000000000004 4.5000000000000009 0.0056790886446833619 1.5000000000000002 0 1.5000000000000002 2.5000000000000004 4.7500000000000009 65.487628936767592 21.375000000000004 1.1307808160781863 0.12525638192892077 36.000000000000007 314.12500000000006 218.00000000000003 1.1400327086448672 535.00000000000011 218.00000000000003 70.014301300048842 283.12500000000006 1.0363268852233889 1.5000000000000002 64.419788360595717 0.014591195154935123
decision_type=10 10 10 2 8 2 2 2 8 2 9 10 10 2 10 2 10 10 10 2 2 10 2 2 10 2 10 10 10 8
left_child=5 -2 3 -3 -5 6 7 8 9 15 11 -11 13 -13 -14 -1 19 18 -18 23 21 -21 -22 -10 25 29 -26 -27 -29 -25
right_child=1 2 -4 4 -6 -7 -8 -9 16 10 -12 12 14 -15 -16 -17 17 -19 -20 20 22 -23 -24 24 26 27 -28 28 -30 -31
leaf_value=0.04569578942109425 -0.012372460330168767 0.14321564918271756 -0.01128133688771539 0.062846965023380649 -0.020887266573479408 0.038032625108070962 -0.015644340016287814 -0.022983242162177321 0.0010918826743281324 -0.011066083534943134 -0.014198336652960331 -0.012039847953208636 0.038009032587337691 0.070651928524008464 0.002348778399273989 -0.0075020975566101947 0.00066960643854727488 0.00016851384197326031 -0.011216736976751475 -0.0039641795550108905 0.016213741120836782 0.01244118824903595 0.0011625621443313932 0.039750785385974791 -0.0054171183204198437 0.079474363160381811 -0.026605724084794703 -0.028694141494218953 0.030935858653410874 -0.0044452097170187338
leaf_weight=19.836118248524148 238.48648461059202 1.420686606317761 9.2241875585168582 6.5399098113412011 5.818096047558357 12.316654460504649 67.121454113046639 29.835106300190091 8225.5278636191506 95.407186920987442 257.55531551945023 41.366320805856958 39.137178556644358 3.2391630733618504 37.396326489397325 8.271555496263316 211.93803705042228 3320.0337631925941 535.7743632432539 1209.6775063623209 514.89481487474404 399.78831972787157 345.6538892807439 16.607037058100104 215.39957928145304 9.9564393903128785 162.0397401356604 13.740910170599816 35.841574723366648 551.96709769213339
leaf_count=991 35549 50 474 366 1197 115 2352 168 156731 4334 13042 1593 1327 224 2355 351 2900 28549 5912 22648 8224 3757 5049 121 11595 80 4783 188 358 13825
internal_value=4.0694e-05 -0.00914418 0.02328 0.0458856 0.0245133 0.000188111 0.000157068 0.000223334 0.000267542 -0.00514327 -0.00730519 0.00148687 0.0115375 -0.0045297 0.0208911 0.0301833 0.000440435 -0.00130523 -0.00784583 0.00104769 0.00362545 0.000113594 0.0101812 0.000357199 -0.00564373 -0.00025855 -0.0145705 0.0262229 0.0140908 -0.00307978
internal_weight=16641.8 261.489 23.0029 13.7787 12.358 16380.3 16368 16300.9 16271.1 502.209 474.101 216.546 121.139 44.6055 76.5335 28.1077 15768.8 4067.75 747.712 11701.1 2470.01 1609.47 860.549 9231.08 1005.55 628.113 377.439 59.5389 49.5825 568.574
internal_count=329208 37636 2087 1613 1563 291572 291457 289105 288937 24217 22875 9833 5499 1817 3682 1342 264720 37361 8812 227359 39678 26405 13273 187681 30950 14572 16378 626 546 13946
cat_boundaries=0 1
cat_threshold=96
is_linear=0
shrinkage=0.04


Tree=127
num_leaves=31
num_cat=0
split_feature=4 20 9 11 16 6 19 35 8 6 16 19 4 21 14 19 18 15 31 32 4 35 20 30 24 6 23 32 25 23
split_gain=14.135 15.9906 11.2344 22.3549 17.3117 13.8987 20.0716 22.2099 17.5719 16.9853 21.961 23.6933 19.6849 25.3351 22.6709 19.7552 26.3581 19.5099 18.1932 22.849 17.7394 16.4653 16.1134 15.8111 15.5392 18.6457 15.6023 16.2852 15.7505 15.4347
threshold=3.0149999856948857 175.00000000000003 10.500000000000002 0.58354482054710399 4.5000000000000009 122.25000000000001 59.500000000000007 6.2500000000000009 116.25000000000001 60.500000000000007 1.5000000000000002 52.500000000000007 0.50499999523162853 58.984338760375984 78.520000457763686 128.50000000000003 1.5000000000000002 3.5000000000000004 68.883445739746108 1.168071508407593 2.1250000000000004 8.7500000000000018 184.00000000000003 0.058544103056192405 0.019448803737759594 53.500000000000007 1.0304939150810244 1.0566973090171816 402.87500000000006 1.0358485579490664
decision_type=2 2 2 10 2 2 10 2 2 2 2 8 2 8 10 10 8 2 10 10 2 2 2 8 8 2 8 8 2 8
left_child=2 -2 5 4 -4 8 7 23 9 10 11 17 13 -13 18 16 20 22 19 -15 -14 -12 -1 -7 -18 26 27 -26 -28 -17
right_child=1 -3 3 -5 -6 6 -8 -9 -10 -11 21 12 15 14 -16 29 24 -19 -20 -21 -22 -23 -24 -25 25 -27 28 -29 -30 -31
leaf_value=-0.0012515101449582511 0.0059103888008632836 -0.020241236301977682 0.0015359124742433503 0.019898005561292759 -0.032500256840378772 0.057836695168459226 -0.0067656700754721941 -0.00098528103528272245 0.0044037247751311107 -0.0040527240525446932 -0.012628816929391582 0.038790459838451363 0.01092141540365648 0.01932166273079676 -0.0045665943274889225 0.012611508954366628 -0.011009726722828303 0.013132662356957649 -0.013922027424970174 -0.011122418036682185 -0.0050731120976204762 -0.0021240335224748537 -0.01194897638415139 0.013147238606611735 0.099186679198176045 -0.0027078545557358141 0.016618537700478834 0.0023354878876303197 0.043431457591923309 0.00030209095185077314
leaf_weight=2488.8920478054788 54.929444363282528 112.54501097084722 3925.0387859798502 105.57387868221849 23.048726610839367 16.75463862658944 1121.5897437739186 222.79893613874447 1216.3487404687912 1930.4749612021842 292.86344723799266 24.531320238951594 213.85583908762783 186.49138409295119 906.6984728256939 193.33776865142863 31.606981357792392 138.0771758153569 47.62693038280122 49.063272448256612 228.17177683627233 1284.3910347039346 246.94480214128271 48.730162860010751 6.9985315366648111 63.123579897684976 395.60493007407058 4.4632307952269921 38.316817233338952 1015.1580806042766
leaf_count=36754 7321 23810 41637 926 132 717 45969 6678 23196 55885 2632 253 1733 2534 16748 7360 828 1567 778 324 4453 10096 11500 1135 119 994 4611 109 366 18010
internal_value=-0.000128535 -0.0116559 -1.0351e-05 0.00181743 0.00132802 -0.000607667 -0.00434546 0.00504757 -0.00012801 -0.000692043 0.000133665 0.00119421 0.00345149 -0.000630144 -0.00147811 0.00571529 0.00992733 -0.00147913 0.00837787 0.0129434 0.0026633 -0.00408385 -0.00222257 0.0253394 0.0158489 0.0175445 0.0204234 0.0650074 0.0190898 0.00228348
internal_weight=16634.1 167.474 16466.6 4053.66 3948.09 12412.9 1409.87 288.284 11003 9786.69 7856.22 6278.96 3405.05 1214.41 1189.88 2190.64 982.142 2873.91 283.182 235.555 442.028 1577.25 2735.84 65.4848 540.114 508.507 445.384 11.4618 433.922 1208.5
internal_count=329175 31131 298044 42695 41769 255349 54499 8530 200850 177654 121769 109041 59220 20637 20384 38583 13213 49821 3636 2858 6186 12728 48254 1852 7027 6199 5205 228 4977 25370
is_linear=0
shrinkage=0.04


Tree=128
num_leaves=31
num_cat=1
split_feature=35 22 16 22 1 24 25 25 15 25 25 25 22 21 22 7 21 25 25 19 46 23 22 24 21 29 11 25 22 40
split_gain=12.6149 18.5388 17.9093 22.1 17.6958 16.6278 22.4827 35.3591 51.4324 22.5131 24.5821 20.5162 18.058 15.9959 20.0532 16.2895 15.184 14.81 22.3629 33.7407 42.2739 28.7043 28.4966 28.0809 25.9276 18.5026 17.6239 16.9941 17.9588 31.5054
threshold=12.750000000000002 0.20991392433643344 1.5000000000000002 0.04089885205030442 1.1150000095367434 0.23999456316232684 125.87500000000001 159.37500000000003 2.5000000000000004 114.37500000000001 93.625000000000014 306.87500000000006 0.21984527260065082 78.335498809814467 0.075356248766183867 106.50000000000001 59.264097213745124 503.87500000000006 332.87500000000006 167.50000000000003 0 1.2424828410148623 0.023127569817006591 0.15704888105392459 73.963012695312514 18.250000000000004 0.19848757982254031 357.75000000000006 0.11597926542162897 0.12730295211076739
decision_type=2 10 2 10 8 8 2 2 2 2 2 2 10 10 10 2 10 2 2 10 1 10 10 10 10 2 8 2 10 10
left_child=2 13 4 -4 -1 6 9 8 -8 10 -3 -9 -7 17 15 -15 -13 18 23 20 26 -22 -21 -2 27 -26 -20 -24 -29 -30
right_child=1 5 3 -5 -6 12 7 11 -10 -11 -12 16 -14 14 -16 -17 -18 -19 19 22 21 -23 24 -25 25 -27 -28 28 29 -31
leaf_value=0.0086042874226467045 -0.00085209826179820283 -0.00031563380081535967 0.017631829196989333 -0.0023809227415513669 0.0016545054066777233 0.037973520965340062 0.076118891335986538 -0.0017333005447331372 0.0071624325287085698 -0.025595867483613036 0.027023891723026057 0.046307718987000646 -0.0063886800532783339 -0.013513715987377169 0.054992403635181653 0.057202597406041174 0.012549223696620307 -0.0061931067908546772 -0.0060354673578853968 -0.020400833816586812 -0.02229907010822537 0.030955959100012493 0.031698075074740449 -0.012008310147220518 0.00048535775083067412 0.062659374849917987 0.020085320695547609 0.0047616168988765927 0.011586273502918843 0.076973196735794377
leaf_weight=687.3536107619293 6009.2640860230313 335.75311695586424 90.846690648584627 2260.4349250592059 3976.246536953724 14.466477492824195 32.122708625392988 154.82351960567757 37.024181837798096 45.009935370646417 61.335869775270112 26.466103240847588 285.07438286405522 289.69811048678821 6.2728197444230309 4.3177786492742589 104.50710143661126 877.7244654239621 66.365463097346947 40.113061344483867 170.52641946682706 16.951004053000361 57.653869575355202 383.19090669997968 10.707855372689663 27.2426502937451 106.12758079729974 332.92197578749619 48.812228200491518 14.843297721585257
leaf_count=6009 153957 5372 876 17661 81739 114 274 1099 333 406 586 206 2451 17973 37 91 774 17487 1760 2362 3058 175 1049 4140 259 358 712 6551 740 202
internal_value=-4.17917e-05 -0.00098731 0.00124607 -0.00159882 0.00268129 0.00390287 0.006922 0.0144052 0.0398822 0.000886039 0.00395456 0.0081097 -0.00411365 -0.00162183 -0.010675 -0.0122713 0.0197004 -0.00128701 -0.000694567 0.00523294 -0.00421109 -0.017324 0.011623 -0.00152325 0.0142771 0.0456823 0.0100356 0.0115499 0.00853835 0.0278499
internal_weight=16574.2 9559.32 7014.88 2351.28 4663.6 1096.58 797.043 354.944 69.1469 442.099 397.089 285.797 299.541 8462.73 300.289 294.016 130.973 8162.44 7284.72 892.265 359.97 187.477 532.295 6392.45 492.182 37.9505 172.493 454.231 396.578 63.6555
internal_count=328811 222526 106285 18537 87748 11615 9050 2686 607 6364 5958 2079 2565 210911 18101 18064 980 192810 175323 17226 5705 3233 11521 158097 9159 617 2472 8542 7493 942
cat_boundaries=0 1
cat_threshold=4
is_linear=0
shrinkage=0.04


Tree=129
num_leaves=31
num_cat=0
split_feature=22 15 25 20 21 25 21 18 19 28 4 31 7 29 22 22 18 21 21 25 4 25 38 25 21 21 19 0 35 22
split_gain=12.8944 12.7172 12.5224 24.9593 31.4385 32.4872 28.3062 23.9592 23.1542 25.4656 22.8178 22.4361 21.3147 22.4306 18.763 18.3039 20.0499 27.4093 35.4129 30.293 23.8007 27.7742 21.9707 20.7388 28.9166 24.9171 29.1344 20.7927 19.8075 18.3434
threshold=0.012634567916393282 1.0000000180025095e-35 87.125000000000014 175.00000000000003 67.991352081298842 31.375000000000004 61.989763259887702 1.5000000000000002 59.500000000000007 3.5000000000000004 2.4150000810623173 70.796550750732436 14.500000000000002 17.750000000000004 0.18823487311601642 0.2952589094638825 1.5000000000000002 61.699682235717781 64.869968414306655 553.75000000000011 1.0000000180025095e-35 6277.3750000000009 1.2067989706993105 105.37500000000001 62.218965530395515 60.847053527832038 128.50000000000003 2.8149999380111699 9.7500000000000018 0.023127569817006591
decision_type=8 2 2 2 10 2 10 8 8 2 2 10 2 2 10 10 8 10 10 2 2 2 8 2 10 10 10 8 2 10
left_child=-1 -2 3 7 5 6 -5 12 -9 -10 15 -12 13 -3 -13 16 17 19 -19 28 22 23 -18 24 -22 26 -25 -27 -4 -26
right_child=1 2 10 4 -6 -7 -8 8 9 -11 11 14 -14 -15 -16 -17 20 18 -20 -21 21 -23 -24 25 29 27 -28 -29 -30 -31
leaf_value=-0.01298392764183361 0.017087520066923254 -0.0042731510052268461 -0.00069674225766175107 -0.0015276196370715639 -0.01040146325689238 -0.0069714447406815372 0.014186951870335337 0.0003049875480616109 -0.0093081154118360605 0.011554455307511702 -0.010250977311148579 -3.3333725219161912e-05 0.0011257373008034986 -0.021730273523585256 0.038409220812506577 -0.0076481265817012079 -0.011062876162910943 -0.0050525117700818091 0.0044837512567227154 -0.022549835794578307 0.041636399876187245 0.046394557094823513 0.020813773221950861 0.010950214488671672 0.059416890437747658 0.00027423496115970634 -0.022695187023754282 0.029530866443692308 0.017518904693775931 0.0035912455907282878
leaf_weight=121.36727574234828 68.789671631762758 983.11824041896034 119.34136769152246 455.27391368767712 920.59884777152911 740.92106782033807 305.48630614136346 1391.5410148106748 106.90750607650261 706.61527670326177 543.72386685962556 440.97330480295932 1321.5695568691008 133.16097909258679 20.284743710653856 326.14781910926104 437.92117282177787 783.13332227966748 3028.4140835844446 38.126316487323493 40.65153028536588 20.467309299856424 36.560965785291046 55.498730592429638 8.8055465512443316 2530.1666818342637 151.79302167519927 38.480947295669466 467.66972796618938 253.91986743267626
leaf_count=9880 1625 14265 799 20266 47155 20065 10236 23028 1623 12434 26229 28148 22206 2718 420 2065 9885 6175 36149 317 372 146 357 333 301 24240 940 753 2966 2871
internal_value=-4.71668e-05 4.86685e-05 -2.35624e-05 -0.00129441 -0.00458517 -0.0010123 0.00478772 0.000422193 0.00344342 0.00879987 0.000937153 -0.00475272 -0.00230919 -0.00637678 0.00172803 0.001624 0.0020029 0.00379877 0.00252254 0.0115573 -0.00022561 0.00105113 -0.00855962 0.000733484 0.0106457 -0.000351809 -0.0136587 0.000725407 0.0138139 0.00569568
internal_weight=16597.4 16476.1 16407.3 7065.19 2422.28 1501.68 760.76 4642.91 2205.06 813.523 9342.08 1004.98 2437.85 1116.28 461.258 8337.1 8010.95 4436.68 3811.55 625.137 3574.27 3099.78 474.482 3079.32 303.377 2775.94 207.292 2568.65 587.011 262.725
internal_count=328967 319087 317462 173996 97722 50567 30502 76274 37085 14057 143466 54797 39189 16983 28568 88669 86604 46406 42324 4082 40198 29956 10242 29810 3544 26266 1273 24993 3765 3172
is_linear=0
shrinkage=0.04


Tree=130
num_leaves=31
num_cat=0
split_feature=22 24 16 11 0 25 25 1 31 22 18 8 30 16 5 35 35 15 37 8 28 31 7 0 25 25 23 23 24 22
split_gain=13.7312 23.5992 17.9163 21.2072 17.044 22.2828 29.3925 23.7662 22.3051 18.4678 24.0876 18.4023 17.6779 19.4861 17.6197 16.9776 16.5865 15.111 14.8891 14.5304 14.0429 16.538 28.1937 20.9533 17.6876 14.2215 13.8452 13.3114 16.1493 20.9875
threshold=0.1753945276141167 0.15704888105392459 1.5000000000000002 0.75110620260238659 1.7749999761581423 688.25000000000011 444.87500000000006 2.2549999952316289 74.360286712646499 0.092042323201894774 1.5000000000000002 222.25000000000003 0.044374505057930953 1.5000000000000002 1.0000000180025095e-35 5.5000000000000009 18.250000000000004 1.0000000180025095e-35 74.039585113525405 248.25000000000003 5.5000000000000009 77.768856048583999 49.500000000000007 2.554999947547913 111.12500000000001 421.50000000000006 1.0423967242240908 1.0476887226104739 0.13740456849336627 0.12942568212747577
decision_type=10 10 2 8 10 2 2 8 10 10 8 2 10 2 2 2 2 2 8 2 2 10 2 10 2 2 8 8 10 10
left_child=1 4 3 18 27 6 7 12 11 16 15 -8 13 -6 -12 -11 -7 -9 -2 -16 21 25 -23 -24 -25 -19 -22 -1 -29 -30
right_child=2 -3 -4 -5 5 9 8 17 -10 10 14 -13 -14 -15 19 -17 -18 20 -20 -21 26 22 23 24 -26 -27 -28 28 29 -31
leaf_value=0.0047335775027864983 0.0061438191273277334 -0.0098271043498368935 -0.0012784550288536863 -0.001223319465534174 0.0091636535176072235 -0.010561295603793682 -0.015525112034659535 0.027305900667852014 0.018665085244646985 0.044514459058726696 -0.017975427533022052 0.0025966225669131048 0.00051000889174438238 0.057191615850657296 0.053942384810393457 -0.0097008204004178627 0.038101033462657301 -0.0017228612626454982 0.023589759617202503 -0.0090869790704142389 -0.012133637042834799 -0.00056983589184264345 0 0.02340169914592443 0.16427751854297779 0.03416895136788628 -0.004065931710886068 -0.00043539463179650782 -0.0049850378104774979 0.013991404904533216
leaf_weight=1433.0167002552189 1489.4094244173029 416.74190189666115 1393.9650868105236 717.11585004627705 191.93420090328436 69.268640200141817 479.82174533442594 23.660875319619663 39.155177893582731 10.783069059252737 7.0804987042210987 109.44145737029612 2805.2207305950578 13.664671503240241 47.892008558381349 41.761786541435868 12.324791043298317 777.59998828888638 81.999106701696292 6.2271430306136599 456.71364244434517 18.443846969807058 3.6453907783143205 2.6643395813880488 3.8452395559288561 17.068233020137995 1346.6820852113306 4172.6292092418298 137.76806371845305 283.24236325966194
leaf_count=24945 18340 4204 10568 5876 4928 2105 18760 921 1475 131 190 1311 46473 164 706 829 302 37084 1151 32 40816 1225 113 138 170 522 56421 46016 994 2043
internal_value=0.000139012 -0.000474551 0.00229371 0.00447091 -0.000161951 -0.00158536 -0.00199984 -0.00108715 -0.0102007 0.0116823 0.0220326 -0.012154 0.00134333 0.0126365 0.0388817 0.00197391 -0.00279005 -0.0038492 0.00707115 0.0465841 -0.00414165 0.000182519 0.0295448 0.0797466 0.117945 -0.000904959 -0.0061169 0.00136903 0.000317764 0.00777513
internal_weight=16610.8 12928.3 3682.49 2288.52 12511.6 6484.9 6289.56 5661.14 628.418 195.338 113.745 589.263 3010.82 205.599 61.1997 52.5449 81.5934 2650.32 1571.41 54.1192 2626.66 823.267 28.5988 10.155 6.50958 794.668 1803.4 6026.66 4593.64 421.01
internal_count=328953 293018 35935 25367 288814 214816 210521 188975 21546 4295 1888 20071 51565 5092 928 960 2407 137410 19491 738 136489 39252 1646 421 308 37606 97237 73998 49053 3037
is_linear=0
shrinkage=0.04


Tree=131
num_leaves=31
num_cat=2
split_feature=23 24 8 21 22 15 23 19 37 6 0 22 36 38 1 43 16 30 32 25 24 4 4 11 24 44 15 23 38 11
split_gain=11.1468 25.6403 19.9693 19.6764 18.8132 18.6351 18.334 25.8208 18.3209 19.868 17.154 11.1442 13.0884 10.4162 10.3831 14.7568 10.1102 13.0503 29.5447 25.5684 17.3624 14.9818 16.2929 18.9718 14.2284 14.5985 14.1691 13.0437 15.0454 16.0957
threshold=1.0213701128959658 0.018213074654340747 213.75000000000003 83.50730133056642 0.40845322608947759 1.5000000000000002 1.0217798352241518 21.500000000000004 71.380084991455092 21.500000000000004 2.1350001096725468 0.015935516916215423 0.13761075586080554 1.0544955730438235 1.0549999475479128 0 3.5000000000000004 0.13466527312994006 1.1117451190948489 1.8750000000000002 0.021594260819256309 1.0000000180025095e-35 2.0649999380111699 0.088281687349081053 0.036634195595979697 1 1.5000000000000002 1.1371120214462282 1.0499431490898135 0.039708821102976806
decision_type=8 10 2 8 10 2 8 10 8 2 10 10 8 10 10 9 2 10 10 2 10 2 2 10 8 9 2 10 10 10
left_child=1 2 4 -4 5 -1 7 -2 10 14 11 12 -7 -13 15 -10 17 18 21 -19 -21 27 23 -23 -25 -26 -22 -8 -29 -30
right_child=6 -3 3 -5 -6 8 16 -9 9 -11 -12 13 -14 -15 -16 -17 -18 19 -20 20 26 22 -24 24 25 -27 -28 28 29 -31
leaf_value=0.021159624938625856 0.065301906004972696 -0.024868764178061463 0.0032402581968004975 0.036042161469936759 0.035161653598767315 0.005965404556409825 -0.0043986267465409151 -0.00026990171634819828 0.026041883155971501 -0.0054718748669532651 -0.019172748795984646 -0.0044639480485345129 0.076324197908260769 -0.021538597551335418 0.067718422496484187 -0.0071697668741394641 -0.008573181897795365 0.03786186101345522 -0.0045816851869819285 -0.016564645440197458 -0.027451561659435981 0.019815580985797051 -9.1541631609001452e-05 0.0095705958552791369 -0.015155853713977586 0.0023849750755531858 0.0025289832166908457 -0.022468736755244155 0.019106978238370681 -0.0062824647753751683
leaf_weight=40.351323769660667 15.683169916097539 84.170852345123421 134.55986665282398 36.6033928564284 17.922987349214964 28.36877592978999 1335.5899248671485 22.354713982902467 45.371077483519912 142.42711945576593 205.77290359052131 387.55661938269623 4.0551009532064191 66.520901602925733 5.5791772522497913 32.447019103798084 206.51961052976549 31.019281002460048 2169.2392109764041 78.274049323110376 24.369556854828261 112.50078674312681 4577.1455754167982 451.55274953087792 67.864533681422472 2146.5406800229102 3944.4520400622278 24.142819842323661 117.58314686454833 59.343657955061644
leaf_count=2446 296 5224 3932 480 189 1134 34861 918 813 10101 20933 10524 141 1677 93 1631 1172 305 25938 599 625 1690 136697 5244 627 19664 38284 456 1836 617
internal_value=-2.78379e-05 -0.00368795 -0.00211057 0.0104468 -0.00432447 -0.00510291 0.000265163 0.0276434 -0.00628329 0.00358524 -0.00950877 -0.0053821 0.0169048 -0.00701595 0.0189821 0.0146223 0.000195244 0.000315677 -0.000397122 0.00224968 0.00196646 0.000623639 0.00137449 0.0037902 0.00310527 0.00178135 0.00233702 -0.00296648 0.00650138 0.0105811
internal_weight=16615.9 1231.71 1147.54 171.163 976.373 958.45 15384.2 38.0379 918.099 225.824 692.274 486.501 32.4239 454.078 83.3973 77.8181 15346.1 15139.6 11061.5 4078.11 4047.1 8892.26 7355.6 2778.46 2665.96 2214.41 3968.82 1536.66 201.07 176.927
internal_count=329147 59318 54094 4412 49682 49493 269829 1214 47047 12638 34409 13476 1275 12201 2537 2444 268615 267443 227630 39813 39508 201692 163922 27225 25535 20291 38909 37770 2909 2453
cat_boundaries=0 1 2
cat_threshold=16 16
is_linear=0
shrinkage=0.04


Tree=132
num_leaves=31
num_cat=2
split_feature=29 25 14 31 35 37 6 38 6 11 25 0 0 22 22 25 25 43 21 24 23 25 24 36 24 22 46 19 23 25
split_gain=12.3333 17.6848 20.7304 25.0533 22.0445 21.1054 18.7568 18.7326 17.9893 15.6167 24.464 14.9543 14.7517 14.0868 20.0731 22.192 14.9234 13.9346 20.4958 16.4079 63.6254 24.8402 23.3236 17.0447 17.4625 28.7264 23.132 20.6794 19.6499 37.2522
threshold=14.750000000000002 709.87500000000011 70.759998321533217 73.207805633544936 8.7500000000000018 65.834136962890639 185.25000000000003 1.1009157299995425 77.500000000000014 0.3714850395917893 74.125000000000014 2.245000004768372 1.0000000180025095e-35 0.20991392433643344 0.22986736148595813 371.37500000000006 575.25000000000011 0 61.479637145996101 0.10706589370965959 1.1290264129638674 119.12500000000001 0.10597538203001024 0.16930497437715533 0.096883337944746031 0.05672194994986058 1 5.0000000000000009 1.0970151424407961 275.25000000000006
decision_type=2 2 8 10 2 10 2 8 2 10 2 8 8 10 10 2 2 9 8 10 10 2 10 8 10 10 1 8 10 2
left_child=1 2 3 11 6 12 -4 -5 -9 -7 -11 -1 -6 17 15 -15 -17 18 -2 20 22 -22 23 24 26 -26 -19 -28 -29 -30
right_child=13 -3 4 7 5 9 -8 8 -10 10 -12 -13 -14 14 -16 16 -18 19 -20 -21 21 -23 -24 -25 25 -27 27 28 29 -31
leaf_value=0.0017582480258514419 0.025607600084154615 0.014342108840179524 -0.0044438995104538791 0.019378014952004256 0.0096868243118759939 0.0027325598897678135 0.018646454528158295 0.13581624033462714 0.017276323132205441 -0.0021038974826452328 0.019486574626573602 0.011693692497556781 -0.0056129108691792152 0.0072454924651062817 0.00031793709713686644 0.05757734093357135 0.012962273605714399 -0.0061665479055418495 2.9221174486237477e-05 -0.0073064948172980263 -6.8017279068911505e-06 0.081097247265388722 0.044949850071204889 0.0048164848045549342 0.057903846861750652 -0.01739795916055888 -0.029813112288659266 -0.00045339645780711774 -0.004974336821615407 0.025661785571264244
leaf_weight=1099.097841355484 49.635698219761252 169.99548378912732 1657.6678331322619 78.469630025327206 120.00712493155152 976.69241584755946 57.233745149686001 3.6956818508915585 4.3887767884880304 125.02450425457209 251.65589347388595 310.67508066492155 601.42720882524736 301.94829474017024 1034.3299844976282 24.575545399449766 24.538353679236025 1422.194011139858 4987.2586374030798 994.02653124707285 8.4072804825846124 19.617528950795531 15.85738473641686 480.27277144498657 7.4619577131234101 201.13346521242056 33.368771300360095 1285.5578131988877 115.99522980686743 138.11702782777138
leaf_count=9431 518 2044 34560 1578 929 17785 1364 54 113 1126 1369 5870 7860 3209 10344 173 207 38585 111347 13072 199 236 295 15977 75 3267 1931 41573 2062 1800
internal_value=0.00012063 0.00167888 0.00126824 0.00525315 -0.000305072 0.00246683 -0.00366052 0.0260275 0.0808907 0.00541199 0.0123233 0.00395732 -0.00305245 -0.000641982 0.00313027 0.0113804 0.03607 -0.00117817 0.00028654 -0.00273595 -0.0015219 0.0574667 -0.00198518 -0.00220043 -0.00325474 -0.0144217 -0.00247115 0.000869138 0.00155562 0.0116969
internal_weight=16600.3 5456.03 5286.04 1496.33 3789.71 2074.81 1714.9 86.5541 8.08446 1353.37 376.68 1409.77 721.434 11144.3 1385.39 351.062 49.1139 9758.9 5036.89 4722.01 3727.98 28.0248 3699.96 3684.1 3203.83 208.595 2995.23 1573.04 1539.67 254.112
internal_count=328953 84083 82039 17046 64993 29069 35924 1745 167 20280 2495 15301 8789 244870 13933 3589 380 230937 111865 119072 106000 435 105565 105270 89293 3342 85951 47366 45435 3862
cat_boundaries=0 1 2
cat_threshold=144 4
is_linear=0
shrinkage=0.04


Tree=133
num_leaves=31
num_cat=1
split_feature=29 25 4 4 20 22 31 2 14 40 1 14 18 46 36 11 37 6 11 14 39 32 14 22 31 32 20 31 14 22
split_gain=11.4383 14.8034 14.6083 17.1697 21.1313 23.846 23.2072 24.4155 19.3772 27.3074 19.588 27.832 20.0765 18.566 31.8361 18.0877 19.2055 16.9385 19.2289 18.3507 16.8737 16.5777 18.6259 18.2312 16.2409 16.0396 19.5559 15.2043 15.1847 15.14
threshold=14.750000000000002 709.87500000000011 1.7050000429153445 2.0649999380111699 175.00000000000003 0.056081175804138191 76.736717224121108 -0.1950000002980232 71.259998321533217 0.27912774682044988 0.33500000834465032 89.090000152587905 1.5000000000000002 0 0.088313557207584395 0.021304964087903503 68.717735290527358 221.25000000000003 0.42619492113590246 88.220001220703139 1.1102011203765871 1.0799202322959902 97.549999237060561 0.034268921241164214 70.351707458496108 1.1346921324729922 179.00000000000003 65.261810302734389 80.014999389648452 0.28260818123817449
decision_type=2 2 2 2 2 8 10 10 10 10 8 10 10 1 10 10 8 2 8 10 10 8 10 10 10 8 2 10 10 10
left_child=1 -1 17 15 8 6 -6 -8 -5 10 11 -10 -12 14 -14 16 -4 18 -2 25 -15 22 23 -21 -7 -20 28 -11 29 -27
right_child=2 -3 3 4 5 24 7 -9 9 27 12 -13 13 20 -16 -17 -18 -19 19 21 -22 -23 -24 -25 -26 26 -28 -29 -30 -31
leaf_value=0.0011327088847840224 -0.0076779927179533814 0.012986496634313836 -0.010349925971460807 -0.0032070910729851527 -0.010673034858354287 -0.0033590222374451743 -0.0095484477796160348 0.056077273841407441 0.0094656106384459187 0.0090201410240316714 -0.0029988423376111897 0.07848351182950225 -0.016218643332365133 0.02559657625590659 0.01187023399584633 0.0021833712426345044 0.044170926088911502 0.052456423395518509 0.0078377510917714659 0.081292787703270447 0.0073399436263794186 -0.007559479741909029 -0.0084525327109373875 0.015177772370064577 0.0037037504268144705 0.0032549467951482301 0.013179273710191309 0.055805019116871558 -0.016164462726504812 -0.019168112173104813
leaf_weight=5274.9117820840329 1037.7366196883377 173.23752199322917 14.475958811584858 702.54094118345529 761.71013490913901 1745.8244461601716 18.107152225915343 16.532562853535637 33.501610653474927 20.766226873733103 511.14618525328115 12.249607193749396 114.44921207183506 121.55829225666821 145.44456750323297 2908.4215675881132 31.742150420788676 7.7403222247958174 493.23157097771764 6.8532991418614975 245.54624144197442 726.66341369412839 51.694151431089267 52.453437286429107 740.94716402306221 272.40322928596288 109.93516460433602 24.74232412641868 145.84972146525979 57.470346797257662
leaf_count=81991 25872 2071 283 13965 46932 52735 1471 636 385 195 12802 180 3239 2826 2843 29152 452 75 5468 236 5524 12554 1339 1039 18699 2954 1030 306 1631 293
internal_value=1.08215e-05 0.00151268 -0.000723935 0.000148197 -0.00123149 -0.00318482 -0.00920512 0.0223552 0.00208582 0.00511385 0.00392542 0.0293138 0.00287651 0.00766978 -0.000498664 0.00258436 0.0271522 -0.00312999 -0.00329468 -0.000916441 0.0134492 -0.00535665 0.00896709 0.0241054 -0.00125238 0.00252906 -0.00194075 0.0351954 -0.00546355 -0.000685619
internal_weight=16579.9 5448.15 11131.7 8169.71 5215.07 3283.12 796.35 34.6397 1931.95 1229.4 1183.9 45.7512 1138.14 626.998 259.894 2954.64 46.2181 2962.03 2954.29 1916.55 367.105 837.664 111.001 59.3067 2486.77 1078.89 585.658 45.5086 475.723 329.874
internal_count=329178 84062 245116 192625 162738 120473 49039 2107 42265 28300 27799 565 27234 14432 6082 29887 735 52491 52416 26544 8350 15168 2614 1275 71434 11376 5908 501 4878 3247
cat_boundaries=0 1
cat_threshold=4
is_linear=0
shrinkage=0.04


Tree=134
num_leaves=31
num_cat=0
split_feature=16 22 21 23 22 22 21 15 6 17 7 25 23 23 15 25 20 20 22 12 30 18 25 25 21 21 22 22 23 23
split_gain=11.0737 14.1164 27.5563 23.7623 19.6394 18.7141 18.3901 17.5 17.7019 16.2827 23.7486 21.8997 31.5477 25.0808 19.4734 31.0419 24.2194 19.1796 37.0751 19.3523 19.0179 18.1152 26.7811 52.7162 27.1085 25.0427 23.9218 20.641 37.085 27.5161
threshold=2.5000000000000004 0.1753945276141167 61.081151962280281 1.1859705448150637 0.1810262203216553 0.11597926542162897 61.479637145996101 3.5000000000000004 83.500000000000014 3.5000000000000004 58.500000000000007 688.25000000000011 1.1420445442199709 1.1252581477165224 3.5000000000000004 353.00000000000006 218.00000000000003 179.00000000000003 0.040316659957170493 12.500000000000002 0.044374505057930953 1.5000000000000002 221.12500000000003 214.25000000000003 65.161037445068374 67.577808380126967 0.1308306083083153 0.031230391003191475 1.0369046330451968 1.0098327398300173
decision_type=2 10 8 10 10 10 8 2 2 10 2 2 10 10 2 2 2 2 8 8 8 10 2 2 10 10 10 10 10 10
left_child=1 2 -1 6 -3 -5 -4 -7 -9 10 14 13 -13 21 16 17 -8 18 -16 -20 -12 26 23 24 -23 -26 -11 28 29 -27
right_child=-2 4 3 5 -6 7 9 8 -10 11 20 12 -14 -15 15 -17 -18 -19 19 -21 -22 22 -24 -25 25 27 -28 -29 -30 -31
leaf_value=-0.031401841312618431 -0.0044989313410564976 0.01479017175044446 0.027639929869379548 0.0065111919586536265 0.0016842812057061831 -0.016404597616409472 -0.00015830159746118387 -0.0095621348849052722 0.043091946680426638 -0.00018061023225950535 0.023917123884291697 0.0032220686284615704 0.053643140493855102 -0.014780150611144849 0.11678388446690838 0.015391170585407612 -0.010721415160544883 -0.0037229624483755552 0.0027363691116166692 0.042950896437940783 0.0048045859564510634 -0.018131387285148334 -0.011909082086672589 0.055910281539553415 0.015253999076949671 0.10880986835595673 0.02092636246094871 -0.0064293560819979412 0.065417212084191823 -0.0027804405596214836
leaf_weight=44.972952469368465 874.86713948659599 193.78896235884167 37.310065494384617 94.92852618987672 3048.3624494927935 327.89825905906036 6256.7044845363125 25.363658382557333 15.709907269105313 1342.2851034153136 90.860469854902476 87.547785197617486 24.811571296770126 269.32385377783794 4.2651780414162195 324.54873156966642 366.76758140261518 484.20674399164272 132.21483772411011 21.48022087069694 923.78140993468696 147.00794276234228 572.40862092643511 24.426755850436166 148.43439306446817 2.6949924302753052 90.763653915375471 493.58608825341798 17.026265475898981 80.395439969957806
leaf_count=747 5606 2141 390 1067 30998 3452 126356 240 175 43672 1694 1863 173 4356 133 4857 19372 15046 3319 661 12231 5529 15974 308 3747 85 1457 17609 475 5029
internal_value=-0.00012163 0.000122402 -0.00048952 -0.000374623 0.0024732 -0.00924685 -2.89155e-05 -0.0133185 0.0110276 -0.000118275 0.000797572 -0.00250658 0.0147665 -0.00312099 2.83927e-05 0.00532918 -0.000745357 0.000221641 0.0122858 0.00862387 0.0065419 -0.00203919 -0.00513267 -0.000874076 -0.00249962 0.000611686 0.00116709 -0.00306187 0.0134 0.00204228
internal_weight=16568.7 15693.9 12451.7 12406.8 3242.15 463.9 11942.9 368.972 41.0736 11905.5 8604.83 3300.71 112.359 3188.35 7590.19 966.716 6623.47 642.167 157.96 153.695 1014.64 2919.03 1485.98 913.572 889.145 742.137 1433.05 593.703 100.117 83.0904
internal_count=328762 323156 290017 289270 33139 4934 284336 3867 415 283946 183669 100277 2036 98241 169744 24016 145728 19159 4113 3980 13925 93885 48756 32782 32474 26945 45129 23198 5589 5114
is_linear=0
shrinkage=0.04


Tree=135
num_leaves=31
num_cat=0
split_feature=1 11 16 22 38 15 20 25 24 19 20 25 25 23 22 25 25 22 23 25 23 33 1 25 40 14 6 25 32 25
split_gain=11.0438 12.6187 11.1711 14.3164 17.2362 11.9673 19.7311 25.9873 19.0383 37.3831 23.582 32.3206 26.3201 21.4432 31.6083 24.6064 20.0229 20.4498 23.9145 20.947 26.7942 20.3778 20.6903 19.7904 19.278 17.6582 17.3649 17.1721 21.3992 16.9966
threshold=3.3249999284744267 0.068146638572216048 2.5000000000000004 0.40845322608947759 1.0284971594810488 3.5000000000000004 218.00000000000003 362.37500000000006 0.21650596708059314 145.50000000000003 218.00000000000003 298.37500000000006 444.87500000000006 1.0696767568588259 0.023127569817006591 310.25000000000006 553.75000000000011 0.15393061935901645 1.1150669455528261 141.37500000000003 1.1474990844726565 1.3195438385009768 2.0649999380111699 317.12500000000006 0.26079601049423223 82.895000457763686 54.500000000000007 421.50000000000006 1.0638388991355898 788.12500000000011
decision_type=10 10 2 10 10 2 2 2 8 10 2 2 2 10 10 2 2 10 10 2 10 10 10 2 8 10 2 2 10 2
left_child=2 -2 3 5 -5 6 -1 -8 10 -10 16 -12 13 14 -13 -15 17 18 24 21 -21 -20 -23 -16 -7 -17 -19 -27 -29 -14
right_child=1 -3 -4 4 -6 8 7 -9 9 -11 11 12 29 15 23 25 -18 26 19 20 -22 22 -24 -25 -26 27 -28 28 -30 -31
leaf_value=2.6170381029306921e-05 -0.021732476826154201 0.010063049491470728 -0.0044352186865668618 0.046620632124053839 0.0052990293364262239 -0.006032105859448576 -0.012469957010697419 0.0038936481721701943 0.021815512785537446 -0.0063938958359445386 -0.0020762966557316821 -0.021171865115762717 0.0002190260937153361 0.047331954362107159 -0.020429430331069368 0.0569046383262483 -0.021883204631895459 -0.00097056220402817305 -0.014641151808213033 0.021396313022395339 -0.034627838897119186 0.024056525012863466 0.079012602566963908 0.045713588339946119 0.017644336353173157 -0.0022690225146518406 -0.023577607988329183 -0.012499930253565059 0.047377923803075997 0.030271522507954347
leaf_weight=12352.459642738977 73.606551649514586 26.399164643604308 866.00646007061005 21.698824996361509 58.069563210010529 332.09837042936124 456.22616973496042 234.07681118021719 208.38251560821664 116.38798003876582 618.02485380112194 14.522847211221231 335.0844588864129 25.83866543835029 7.2089280653744927 9.5749082053080183 88.429773529758677 111.45478479028679 10.217708726297131 36.883617209270597 20.353625465650111 29.889935526996851 18.00704761990346 91.311357212834992 64.879212661297061 156.15358741814271 106.01802417368162 14.00064809899777 26.334118771832436 32.11656525824219
leaf_count=230497 13390 640 5536 223 559 7970 21577 6175 2805 3606 18322 732 5237 202 185 70 1368 1612 160 457 248 271 326 1305 944 2072 1634 176 188 317
internal_value=-9.68829e-05 -0.0132831 -1.57312e-05 0.000229689 0.017027 0.000141983 -0.000341542 -0.00691778 0.00269267 0.0117052 0.00132358 0.00461051 0.0104139 0.018334 0.0325801 0.0112624 -0.00401409 -0.00181645 0.00254205 0.0184939 0.00115287 0.035197 0.0459926 0.0406769 -0.00211793 0.00651348 -0.0120673 0.00376195 0.0266973 0.00293345
internal_weight=16561.7 100.006 16461.7 15595.7 79.7684 15515.9 13042.8 690.303 2473.17 324.77 2148.4 1330.17 712.146 344.945 113.043 231.902 818.232 729.802 512.33 115.352 57.2372 58.1147 47.897 98.5203 396.978 206.063 217.473 196.488 40.3348 367.201
internal_count=328804 14030 314774 309238 782 308456 258249 27752 50207 6411 43796 28806 10484 4930 2222 2708 14990 13622 10376 1462 705 757 597 1490 8914 2506 3246 2436 364 5554
is_linear=0
shrinkage=0.04


Tree=136
num_leaves=31
num_cat=1
split_feature=1 22 25 22 15 0 12 11 0 9 16 21 6 37 22 22 15 35 19 20 33 33 46 1 19 0 6 17 21 28
split_gain=9.83206 12.48 17.6062 11.6355 11.0739 11.348 12.1322 12.8585 10.4379 9.91889 9.76038 30.7881 17.6582 17.75 16.7323 22.334 20.2119 16.5923 17.7899 24.4735 19.084 15.5589 15.2166 30.2531 20.6988 20.1545 17.5174 14.9207 23.3444 14.8459
threshold=0.64499998092651378 0.40845322608947759 105.37500000000001 0.0088174184784293192 1.0000000180025095e-35 2.7050000429153447 3.5000000000000004 0.085756551474332823 0.88499999046325695 30.500000000000004 1.5000000000000002 71.948577880859389 121.25000000000001 71.78204727172853 0.20991392433643344 0.21563132107257846 3.5000000000000004 11.250000000000002 9.5000000000000018 159.00000000000003 3.245531558990479 3.245531558990479 0 2.4250000715255742 128.50000000000003 2.1149998903274541 124.25000000000001 2.5000000000000004 75.711322784423842 8.5000000000000018
decision_type=8 10 2 8 2 10 8 10 10 2 2 10 2 8 10 10 2 2 8 2 10 10 1 10 10 8 2 10 10 2
left_child=8 3 -3 9 5 -5 -7 -8 -1 -2 14 -12 -13 -14 17 16 -16 -6 19 -19 27 -17 23 29 -24 -26 -27 -21 -29 -20
right_child=1 2 -4 4 10 6 7 -9 -10 -11 11 12 13 -15 15 21 -18 18 22 20 -22 -23 24 -25 25 26 -28 28 -30 -31
leaf_value=0.0083167629152015258 -0.026301138489494981 0.023790084957799214 -0.016411182461566053 0.0091742749639958376 0.002354593115349034 -0.013662574653993316 0.11947323254039742 -0.0027129461048044918 0.00079178746434591237 0.036095814515863155 -0.0037796317851546092 0.0061187865171758154 0.055172326219686839 0.0013603060034177992 0.025508190864676716 0.0051877115718351385 -0.019277584032374978 0.0014630024182099518 -0.0014090602579932777 -0.018894492554545079 0.032260532452914326 -0.0053799922548569698 0.0049444161548696719 -0.011258238673334005 0.0027134338944893826 -0.0021688521732283316 -0.014618769555541141 -0.010129431781932395 0.033469237673077454 0.0142207174630978
leaf_weight=440.62549779936671 41.165957404766232 71.451438466086984 22.045525905559771 57.390351882204413 2612.8117066228879 2.3407590152928597 3.870873176609166 1.7730894288979469 892.85568122251425 3.5916610080748788 2598.4377489715116 200.25509348721243 24.979973265435547 16.087266337824985 119.2158365494106 895.67068259569351 17.769946601474658 332.34403744095471 3610.1197600563755 319.40578331443248 13.755561361322178 295.44566327321809 1443.0040069919196 522.91919769399101 891.99371704668738 617.7218373909709 255.53132661792915 131.59785540826852 22.056679597590119 98.895404553040862
leaf_count=2782 4680 631 254 1100 57647 191 251 30 8689 112 22165 1837 295 200 1297 9865 334 6352 63241 14395 225 2153 30575 33274 13331 29147 15675 4183 1279 2919
internal_value=-6.4373e-06 -0.000294881 0.0141954 -0.000385501 -0.000324201 0.0159768 0.057962 0.0858547 0.00328565 -0.0205271 -0.000396381 -0.00250808 0.0111259 0.0347211 9.49815e-05 0.00433183 0.0195719 -0.000422559 -0.00130176 -0.00689335 -0.0125977 0.00256082 -0.000684751 -0.00225992 0.00139183 -0.00151112 -0.00582908 -0.0139758 -0.00366915 -0.000987516
internal_weight=16577.1 15243.6 93.497 15150.2 15105.4 65.3751 7.98472 5.64396 1333.48 44.7576 15040 2839.76 241.322 41.0672 12200.3 1328.1 136.986 10872.2 8259.35 819.16 486.816 1191.12 7440.19 4231.93 3208.25 1765.25 873.253 473.06 153.655 3709.02
internal_count=329109 317638 885 316753 311961 1572 472 281 11471 4792 310389 24497 2332 495 285892 13649 1631 272243 214596 26434 20082 12018 188162 99434 88728 58153 44822 19857 5462 66160
cat_boundaries=0 1
cat_threshold=4
is_linear=0
shrinkage=0.04


Tree=137
num_leaves=31
num_cat=1
split_feature=1 15 14 11 38 23 25 0 14 30 31 0 1 40 20 20 25 25 29 22 23 22 22 22 39 25 23 11 44 31
split_gain=10.1399 9.95653 16.3249 21.4126 18.026 16.4625 21.2501 17.0368 15.7286 17.7751 14.8284 19.2759 15.3187 21.4086 18.7435 21.9177 13.4835 35.3162 24.9355 19.5107 34.0873 18.946 29.5528 27.1947 18.7254 18.2432 14.639 13.4303 18.5478 17.5862
threshold=3.3249999284744267 3.5000000000000004 91.770000457763686 0.41898326575756079 1.1608660817146303 1.159852981567383 788.12500000000011 2.0849999189376835 91.345001220703139 0.072312574833631529 74.360286712646499 3.0449999570846562 2.185000061988831 0.070858787745237364 179.00000000000003 177.50000000000003 521.50000000000011 317.12500000000006 11.750000000000002 0.022006942890584472 1.0639402866363528 0.093416281044483199 0.10678310692310335 0.12813388556241992 0.14534458518028262 496.37500000000006 1.043592154979706 0.084764186292886748 0 70.530780792236342
decision_type=10 2 8 10 10 10 2 8 10 10 8 10 8 10 2 2 2 2 2 10 10 10 10 10 8 2 10 10 9 10
left_child=1 2 8 4 5 7 -7 -4 27 -10 16 12 13 -12 15 -14 17 -3 25 -20 26 -22 -23 -24 -18 -19 -21 28 29 -1
right_child=-2 10 3 -5 -6 6 -8 -9 9 -11 11 -13 14 -15 -16 -17 24 18 19 20 21 22 23 -25 -26 -27 -28 -29 -30 -31
leaf_value=-0.00059687434435792299 -0.012666500974615788 -0.00066904706053815531 0.00023496282361186224 0.010005145733398902 -0.014174266375740843 0.0032315462005998237 0.074075258833804253 -0.0070987725849512304 -0.0059797260551869768 0.022741894817025911 0.0046927197521260434 0.050935625726732055 0.0003785166653021876 0.045658125787882031 -0.0031731174890982849 0.050412693478314549 0.025156224364778414 -0.023065506658988263 -0.029042804127272705 0.018717234352623388 -0.0061076950899466541 0.040582961400435873 -0.014906286356858018 0.017710018811297384 -0.0078514595474305348 0.026427488586407231 0.051335992428743212 -0.0006581421498722173 0.0096961592963484156 0.0071165985637771656
leaf_weight=2090.4917247323901 98.323799728590529 1386.0009964205674 831.68367667589337 191.40687189996243 243.22646516037639 417.58060138754081 5.8971491432748726 1292.1771237488138 51.065774531452917 101.76302805769956 47.317208695225418 16.64015457383357 31.306358706671745 35.585440427064896 189.98712693399284 24.615750688826665 28.674129381775856 49.629018337232992 14.625821743393315 40.529410944553092 82.105170093011111 58.644673778675497 56.424703385680914 141.1749156313017 371.82059765490703 14.611653068568556 53.751086713513359 7542.7472918531857 468.55665205384139 609.88496265123831
leaf_count=52875 13933 30142 13088 1499 4967 5778 58 67758 1655 1858 464 1950 756 322 5131 672 317 544 741 798 1112 649 679 1133 5531 126 594 83907 7112 23042
internal_value=7.52726e-05 0.000152253 -0.000276994 -0.00289826 -0.00378801 -0.00278956 0.00439969 -0.00422631 0.000442294 0.0131424 0.00240144 0.0101175 0.00789154 0.0226591 0.00282518 0.0229715 0.00123586 0.00264521 0.0116174 0.0149671 0.0165277 0.0105228 0.0158701 0.00834811 -0.00542148 -0.0115144 0.0376994 0.000259512 0.00244451 0.00114151
internal_weight=16588.2 16489.9 13846.5 2981.97 2790.57 2547.34 423.478 2123.86 10864.5 152.829 2643.44 345.452 328.812 82.9026 245.909 55.9221 2297.99 1897.5 511.496 447.256 432.63 338.349 256.244 197.6 400.495 64.2407 94.2805 10711.7 3168.93 2700.38
internal_count=329191 315258 263597 93148 91649 86682 5836 80846 170449 3513 51661 9295 7345 786 6559 1428 42366 36518 6376 5706 4965 3573 2461 1812 5848 670 1392 166936 83029 75917
cat_boundaries=0 1
cat_threshold=8
is_linear=0
shrinkage=0.04


Tree=138
num_leaves=31
num_cat=1
split_feature=5 20 9 8 17 21 11 12 25 25 20 24 17 22 24 6 25 22 22 21 15 11 25 21 24 40 17 42 37 25
split_gain=10.8074 31.5625 24.8356 23.2921 15.4912 22.7702 14.7157 14.7033 14.5432 36.4674 34.0753 24.0526 22.5949 35.3213 23.8693 25.2053 23.8321 29.9554 21.777 34.3602 21.9582 22.5168 21.5615 41.0336 20.5412 20.1093 21.9839 24.2072 19.757 16.5173
threshold=28.500000000000004 159.00000000000003 1.0000000180025095e-35 110.25000000000001 3.5000000000000004 76.35651016235353 0.13927198946475985 19.500000000000004 86.125000000000014 181.62500000000003 179.00000000000003 0.016217285767197612 3.5000000000000004 0.16291666775941852 0.23295158147811892 159.25000000000003 688.25000000000011 0.09124972298741342 0.022444034926593307 72.914096832275405 2.5000000000000004 0.24178075790405276 33.125000000000007 69.559341430664077 0.017988673411309723 0.25698128342628485 3.5000000000000004 0 67.874328613281264 167.62500000000003
decision_type=2 2 2 2 10 10 10 10 2 2 2 10 10 10 10 2 2 10 10 10 2 10 2 10 10 8 10 9 8 2
left_child=3 4 -3 -1 -2 -6 -5 -8 22 11 12 -10 -11 16 15 -15 18 -18 19 -14 -20 -22 23 -4 -13 -26 -27 29 -12 -28
right_child=1 2 8 6 5 -7 7 -9 9 10 28 24 13 14 -16 -17 17 -19 20 -21 21 -23 -24 -25 25 26 27 -29 -30 -31
leaf_value=0.00020030916926986559 0.0142084195559134 -0.012082631168319827 0.0053944167413334434 0.025771778217697126 -0.013473058395873403 0.020829583841015031 0.0043904115284181654 0.031595558634588843 -0.017706500988192399 -0.013274203987228759 0.015006859003212537 0.046998187217326681 0.075436187345862382 0.027443343433966434 -0.010776294527123389 -0.0027266873917386174 -0.015338709957176984 0.045910846279177957 -0.023036135667278784 -0.013409698836207342 -0.014907803749837354 0.0060114377456620249 -0.0098318485083857213 -0.01803575306353564 0.0039598913510207247 0.036119248520931888 -0.016864980930934956 0.028648535065209483 0.00014648106541034111 0.026511388906023087
leaf_weight=9330.5585368937463 297.90555142483208 369.35694669524673 532.69008639769163 58.720392539282329 91.606943773687817 45.490403526928276 969.99977613147348 31.962893147021532 62.447089895606041 547.07157975668088 159.34303276846185 19.885725564905442 10.927892195992174 122.78686311189085 67.88554643234238 68.387472769245505 22.674235244747251 26.979025111999363 193.96742162224837 16.008525777608156 194.48102930933237 141.14232271164656 699.87976655975217 153.1298635690473 787.96572082256898 69.892107486724854 57.190971908858046 52.880921116797253 1340.4435589025961 17.505720583721995
leaf_count=166631 5814 41233 17363 727 2776 1390 8796 217 2627 5291 2109 592 93 866 547 433 313 161 2775 682 3399 981 22096 5964 11703 686 642 528 21648 131
internal_value=5.19746e-05 -0.00127372 -0.00206274 0.000839556 0.00910006 -0.00199369 0.00645359 0.00529289 -0.00137012 -0.000139913 -0.0024595 0.00617888 -0.00691673 -0.00288175 0.00945012 0.016672 -0.00816542 0.0181115 -0.0105453 0.0239013 -0.0123466 -0.00610686 -0.00489785 0.000138462 0.00768265 0.00683838 0.0182265 0.0081883 0.00173692 -0.00643063
internal_weight=16561.2 6169.93 5734.92 10391.2 435.003 137.097 1060.68 1001.96 5365.57 3979.87 2912.1 1067.77 1412.31 865.24 259.06 191.174 606.18 49.6533 556.527 26.9364 529.591 335.623 1385.7 685.82 1005.32 985.435 197.47 127.578 1499.79 74.6967
internal_count=329214 152843 142863 176371 9980 4166 9740 9013 101630 56207 39298 16909 15541 10250 1846 1299 8404 474 7930 775 7155 4380 45423 23327 14282 13690 1987 1301 23757 773
cat_boundaries=0 1
cat_threshold=16
is_linear=0
shrinkage=0.04


Tree=139
num_leaves=31
num_cat=1
split_feature=22 1 35 1 23 15 22 23 19 22 15 15 25 21 22 25 19 25 20 46 22 25 1 33 7 21 25 24 24 6
split_gain=11.5242 9.79727 9.71081 9.5217 8.76615 20.7127 16.7292 15.1335 13.6068 12.835 12.0465 11.9526 18.3541 15.8064 11.783 11.0651 21.5327 17.6628 29.0642 34.3607 36.2777 24.8692 22.5718 22.915 21.9062 20.4389 18.6698 29.4438 20.8377 16.6925
threshold=0.0088174184784293192 0.50499999523162853 21.750000000000004 3.3249999284744267 1.0056059360504153 1.5000000000000002 0.40845322608947759 1.0138915181159975 163.50000000000003 0.043093513697385795 1.5000000000000002 4.2500000000000009 7.1250000000000009 67.825954437255874 0.093992110341787352 480.12500000000006 7.5000000000000009 340.12500000000006 184.00000000000003 0 0.18823487311601642 421.50000000000006 3.0449999570846562 0.73840844631195079 22.500000000000004 58.496623992919929 377.37500000000006 0.10470933839678766 0.088475957512855544 168.25000000000003
decision_type=8 8 2 10 8 2 8 8 10 10 2 2 2 10 10 2 8 2 2 1 10 2 8 10 2 10 2 10 8 2
left_child=1 -1 3 4 5 -2 11 8 -6 10 -10 13 -13 14 -7 17 -17 29 19 21 -21 26 23 -20 -25 -22 27 28 -19 -9
right_child=2 -3 -4 -5 7 6 -8 15 9 -11 -12 12 -14 -15 -16 16 -18 18 22 20 25 -23 -24 24 -26 -27 -28 -29 -30 -31
leaf_value=0.037458395656152631 0.026471779593086768 -0.024733762577538339 -0.015198108374023469 -0.012492422047413604 0.020222501678125289 0.018862280209293439 0.045790831781130165 0.00034386815064815806 0.056851240612395763 0.023533201398811873 -0.01903930385939695 0.082546821093464243 -0.00042923123836787733 -0.022260896616343947 -0.0075688629957562058 0.04036795391156834 -0.003326689404647518 0.0073690454703681085 0.0010340857443289762 -0.018443698263134106 -0.035737441249344651 0.035282620960856839 -0.0059053729397683264 0.037640967454807606 0.014061581823473635 0.015860389063717572 -0.021289925791800664 0.0030125582105900869 0.078719400815667168 -0.0093268229733442561
leaf_weight=3.5187580408528438 30.126685156312305 44.280876715667546 65.403229497023858 94.072897831094451 113.67010661476525 28.853161024686415 8.3214941096957755 12307.95922801597 2.6250522593036285 20.331956678128336 44.911498544330243 4.632525056833404 17.142481763556134 117.65147567540407 277.71455881057773 17.236813258379698 1649.5930123061407 12.281551242806019 173.73784221988171 242.12383614014834 13.088675654958932 45.038633497199044 114.17041731625795 76.270212941337377 368.15964828222059 95.129328238777816 40.367020078352652 234.28456391720101 13.973495693178846 291.35197710170178
leaf_count=145 1373 4793 2577 13436 3148 1449 164 224154 132 249 2782 235 1233 8953 9318 328 26095 266 2988 3626 139 730 2954 1123 4611 724 572 1567 163 8859
internal_value=9.58493e-06 -0.0193998 6.71569e-05 0.000128995 0.000202571 -0.00509178 -0.00724715 0.000364682 0.0118161 -0.00229459 -0.0136811 -0.00834593 0.0198972 -0.00984843 -0.005015 0.000231227 -0.00284851 0.00059763 0.00481117 -0.0010353 -0.00985635 0.00788899 0.0103691 0.013386 0.0181925 0.00931307 0.00367228 0.00762173 0.0469849 0.000119199
internal_weight=16568 47.7996 16520.2 16454.8 16360.7 484.442 454.316 15876.3 181.539 67.8685 47.5366 445.994 21.775 424.219 306.568 15694.8 1666.83 14027.9 1428.63 696.287 350.342 345.945 732.338 618.168 444.43 108.218 300.907 260.54 26.255 12599.3
internal_count=328886 4938 323948 321371 307935 22725 21352 285210 6311 3163 2914 21188 1468 19720 10767 278899 26423 252476 19463 7787 4489 3298 11676 8722 5734 863 2568 1996 429 233013
cat_boundaries=0 1
cat_threshold=4
is_linear=0
shrinkage=0.04


Tree=140
num_leaves=31
num_cat=1
split_feature=16 29 25 25 23 23 19 22 1 24 2 46 24 25 21 22 23 20 2 0 5 22 31 21 23 21 21 25 25 31
split_gain=10.2237 9.93841 16.6926 26.4979 31.5164 21.7959 37.7534 38.7942 25.4064 19.8982 24.7498 19.7563 21.6147 18.7448 19.9769 39.4732 24.8975 16.8388 16.3765 16.0692 31.9449 15.9656 15.4706 17.4505 23.0118 27.7741 28.4288 31.9554 22.2465 25.0527
threshold=4.5000000000000009 14.750000000000002 503.87500000000006 314.12500000000006 1.3934065699577334 1.2302520871162417 167.50000000000003 0.023127569817006591 2.2050000429153447 0.22274187207221988 -0.29500000178813929 0 0.14887194335460666 181.62500000000003 62.86541938781739 0.1201072931289673 1.1623233556747439 175.00000000000003 0.40500000119209295 0.58499997854232799 1.5000000000000002 0.045931704342365272 77.05313873291017 67.991352081298842 1.0880793929100039 65.406696319580092 66.277240753173842 16.125000000000004 15.375000000000002 68.909557342529311
decision_type=2 2 2 2 10 10 10 10 10 10 10 1 10 2 8 10 10 2 10 10 2 8 10 10 8 10 10 2 2 10
left_child=1 19 3 13 5 6 8 -8 11 10 -7 -5 -13 14 15 -3 17 -16 -9 21 -21 -1 23 24 25 -19 27 -27 29 -28
right_child=-2 2 -4 4 -6 9 7 18 -10 -11 -12 12 -14 -15 16 -17 -18 22 -20 20 -22 -23 -24 -25 -26 26 28 -29 -30 -31
leaf_value=0.020524846055313264 -0.023029242717728136 0.066579673415202115 -0.005366312097442265 0.0063321141896226186 -0.043421488448969703 0.0093129935774154456 -0.019965940096930604 0.009477624083382253 -0.021540473443835712 0.0071441294244117054 0.05799264865931985 -0.016677494424543297 0.018494697387105977 -0.0048519542566494355 0.0018941174497214737 0.0040633275687372581 -0.010251458936521631 -0.0073577367468457043 0.025243251787891181 -0.022990239565792176 0.00083476439585639431 0.0041411917026183045 0.027151273321006707 -0.0059559834278020852 -0.0038416743933419348 -0.009734037222245067 0.010869917548485524 0.039442645835952965 -0.0019416336528607469 0.078046991599546478
leaf_weight=103.91818621498533 29.755484770983458 15.440232391003518 1074.8703656061552 304.41376331495121 20.420431165024638 31.771145605947822 63.212479673326015 546.60717702179682 104.76156864629593 93.510891770478338 35.908632358070463 150.79557082662359 33.293886006809771 1626.4575018754113 2823.1377472243039 1008.2577740447596 428.43140819855034 141.43947199120885 131.14666794124059 91.02145171770826 4180.1436321737128 1056.8979017494712 26.720419677207246 1377.3105674558901 726.99228771677008 26.361663946299814 33.123439885675907 97.004776061105076 167.56417357031023 11.452036773553116
leaf_count=1753 177 140 20836 2795 239 177 4163 10155 4247 808 285 2050 255 27598 54583 13752 4569 4802 1912 868 71658 9708 936 56237 23227 1117 1393 2312 6063 331
internal_value=1.13384e-05 5.44398e-05 -0.00063136 -0.000122827 0.00474731 0.00543632 0.00374633 0.00976293 -0.00376525 0.019291 0.0356674 7.47698e-05 -0.0102292 -0.000991278 -7.7875e-05 0.00507421 -0.000979371 -0.000245456 0.0125669 0.00145649 0.000320838 0.00562773 -0.00256292 -0.00288246 0.000632364 0.00745413 0.0137136 0.0289083 0.00476436 0.0295502
internal_weight=16562.1 16532.4 11100.4 10025.5 1515.84 1495.42 1334.23 740.966 593.265 161.191 67.6798 488.503 184.089 8509.69 6883.24 1023.7 5859.54 5431.11 677.754 5431.98 4271.17 1160.82 2607.97 2581.25 1203.94 476.946 335.506 123.366 212.14 44.5755
internal_count=329146 328969 244982 224146 27086 26847 25577 16230 9347 1270 462 5100 2305 197060 169462 13892 155570 151001 12067 83987 72526 11461 96418 95482 39245 16018 11216 3429 7787 1724
cat_boundaries=0 1
cat_threshold=4
is_linear=0
shrinkage=0.04


Tree=141
num_leaves=31
num_cat=0
split_feature=4 33 31 0 25 39 9 28 1 38 8 37 30 8 24 28 31 11 20 4 38 2 15 24 21 15 25 25 25 32
split_gain=9.83374 12.5804 9.57933 16.5557 17.029 17.3664 16.152 15.6061 16.7282 14.6326 12.318 17.5922 9.98732 9.54009 14.0454 23.0783 14.1124 8.89829 13.5044 9.57598 8.82815 9.48823 8.65644 9.06821 16.9865 13.2387 29.9053 10.9397 14.5693 9.8595
threshold=3.1149998903274541 3.1448643207550053 77.393825531005874 2.8149999380111699 123.12500000000001 0.21394708752632144 1.5000000000000002 5.5000000000000009 2.6250000000000004 1.032929062843323 54.500000000000007 80.088455200195327 0.029854598455131057 149.25000000000003 0.014591195154935123 5.5000000000000009 75.164829254150405 0.6670682728290559 177.50000000000003 1.0000000180025095e-35 1.0230824351310732 0.44499999284744268 1.0000000180025095e-35 0.0056790886446833619 67.825954437255874 4.7500000000000009 7.1250000000000009 31.375000000000004 24.125000000000004 1.0491641163825991
decision_type=2 10 10 10 2 8 2 2 8 10 2 10 8 2 10 2 10 10 2 2 8 8 2 8 10 2 2 2 2 8
left_child=2 -2 12 6 9 -6 -4 8 -7 -5 11 -8 13 14 15 16 -1 22 19 -19 -12 -22 -14 24 27 -26 -27 28 -24 -25
right_child=1 -3 3 4 5 7 10 -9 -10 -11 20 -13 17 -15 -16 -17 -18 18 -20 -21 21 -23 23 29 25 26 -28 -29 -30 -31
leaf_value=0.18633347751676468 -0.015401291618769275 0.047656952666845422 -0.013045796846697164 0.066318066537409376 -0.011079219771214441 0.035662844002435773 0.060028059880260595 0.029857262118220488 0.18849714465276679 -0.024339168750384867 0.03315195316012827 -0.012073661300082797 0.014009140374509945 -0.02144501198425167 -0.0063300263310501282 -0.027476589439794995 0.0091869066635569124 0.012506504821128837 0.019814297477862588 -0.0085921955935561074 0.0082597641272342572 -0.027000536908407154 -0.00065319399914024519 0.0031543734157270047 -0.020326765931698403 0.15926484040670372 -0.0072626084150656947 -0.014975966664773906 0.026439256279305469 -0.00025408974668904001
leaf_weight=1.2642214313382276 98.232516366464552 4.3486062893643966 54.563127978472039 3.0336554316454594 3.1619346586521688 2.5639077587984502 16.60238953912631 5.037128685740754 2.8157996668014675 8.6779613783583027 13.88179798866622 7.2749338904395691 68.9902895122068 65.452947584097274 31.45342597621493 2.2239724866813049 1.2881050056312231 57.363540887832642 90.573366926051676 82.886068800464272 44.308649729937315 15.702745168935506 230.79141090938356 1503.8939875477226 132.69651620095829 1.1655821482418085 7.9256341189611703 66.398436695395503 35.773267064592801 13891.890138136747
leaf_count=103 21851 251 1922 196 258 66 218 261 150 469 207 75 1509 3249 1275 210 81 360 650 553 804 235 8841 45614 10941 102 679 2263 1100 224623
internal_value=3.05914e-05 -0.0122552 0.00010819 0.00932091 0.0386627 0.0675302 0.00420312 0.0906222 0.133292 0.00219883 0.0139044 0.0382971 6.81243e-06 -0.0124284 0.00389221 0.0613433 0.125811 8.60186e-05 0.00786643 3.65197e-05 0.00556281 -0.00119231 -2.68864e-05 -8.90328e-05 -0.0055282 -0.0170711 0.0273582 -0.000564445 0.00305292 7.87799e-05
internal_weight=16552.2 102.581 16449.7 177.624 25.2904 13.5788 152.334 10.4168 5.37971 11.7116 97.7705 23.8773 16272 101.683 36.2297 4.7763 2.55233 16170.3 230.823 140.25 73.8932 60.0114 15939.5 15870.5 474.751 141.788 9.09122 332.963 266.565 15395.8
internal_count=329116 22102 307014 4861 1400 735 3461 477 216 665 1539 293 302153 4918 1669 394 184 297235 1563 913 1246 1039 295672 294163 23926 11722 781 12204 9941 270237
is_linear=0
shrinkage=0.04


Tree=142
num_leaves=31
num_cat=4
split_feature=0 33 15 20 25 22 7 46 21 22 18 24 22 21 23 46 23 23 24 21 46 23 30 46 22 0 21 4 6 21
split_gain=10.4497 15.2417 9.39055 17.6019 26.7203 20.8932 15.1082 17.3848 15.0571 18.9547 16.6659 25.9979 24.6877 18.0567 21.2775 29.9223 19.6861 19.0329 24.0718 21.4637 25.9404 26.4065 17.6706 17.5835 23.9585 17.529 17.3205 17.2292 15.1588 14.3104
threshold=3.1250000000000004 2.2691295146942143 3.5000000000000004 218.00000000000003 362.37500000000006 0.07748629525303842 43.500000000000007 0 73.864875793457045 0.039185304194688804 1.5000000000000002 0.22274187207221988 0.053270939737558372 61.081151962280281 1.0987078547477724 1 1.0480120182037356 1.1011263728141787 0.10170923173427583 69.499290466308608 2 1.1474990844726565 0.18139814585447314 3 0.06068487465381623 1.185000002384186 60.305234909057624 1.9750000238418581 121.25000000000001 68.339370727539077
decision_type=10 10 2 2 2 10 2 1 8 10 8 10 10 10 10 1 10 10 10 10 1 10 10 1 10 10 10 2 2 10
left_child=2 -2 3 -1 29 6 -6 -8 9 -4 11 12 -11 26 16 -16 23 -17 -19 20 21 -20 -14 24 28 -22 -12 -23 -15 -5
right_child=1 -3 8 4 5 -7 7 -9 -10 10 13 -13 22 14 15 17 -18 18 19 -21 25 27 -24 -25 -26 -27 -28 -29 -30 -31
leaf_value=0.00012330579652992322 -0.011123391138948054 0.021651208746122169 -0.015562674953536582 -0.0038647259871962486 -0.0047833982051624655 -0.026043588837977666 0.042894175364621527 0.0087738985429425473 0.010699319123755225 0.035276083377032377 -0.0058352171676752012 0.023609319579560861 0.0036313344037003808 0.06053677354273275 -0.023029321577822656 0.036985356311272095 -0.012284082730033483 -0.011859206454188295 0.067990775987283383 0.048320520669308031 0.031748296976314379 0.035577807849212814 -0.015841722508288286 -0.014263485470710711 -0.00084639238456171793 -0.012726436049793781 -0.037663798631914332 5.1358521411602959e-05 0.011506445693668056 -0.01837354598895111
leaf_weight=13024.585545480717 230.90117585944245 24.165791420673486 100.93317664565984 191.18749527679756 78.000896925339475 30.304728723596781 31.326367807807401 96.396152549888939 308.46697323885746 36.39620405761525 88.401050044922158 109.85760873625986 1024.7477508416632 21.621988675673492 45.824050399009138 39.141609590500593 274.65269795979839 75.561840295093134 16.68873207969591 25.023327535018325 16.073902729898691 35.310937977395952 79.364398765726946 47.529121909174137 62.233058228041045 82.375237216125242 39.190278840716928 55.386048787739128 19.675885981414467 255.88454455410829
leaf_count=219535 35649 2072 3442 5301 3179 361 537 1542 9352 875 1151 774 14988 533 558 325 5240 1113 285 249 93 183 1146 1464 2522 1107 354 542 520 14114
internal_value=8.71614e-05 -0.00793018 0.000213249 -0.000204872 -0.00645908 0.00440444 0.00901332 0.0174418 0.00241466 0.0012957 0.00207944 0.00510817 0.00330345 -0.00192624 0.000261295 0.00698866 -0.00591613 0.0110358 0.00759848 0.0140081 0.00960393 0.0231159 0.00221491 0.00564023 0.014865 -0.00517855 -0.0158595 0.0141636 0.0380957 -0.0122003
internal_weight=16567.2 255.067 16312.1 13707.7 683.1 236.028 205.723 127.723 2604.46 2295.99 2195.06 1250.37 1140.51 944.69 817.098 391.386 425.713 345.562 306.42 230.858 205.835 107.386 1104.11 151.06 103.531 98.4491 127.591 90.697 41.2979 447.072
internal_count=329106 37721 291385 244569 25034 5619 5258 2079 46816 37464 34022 17783 17009 16239 14734 4455 10279 3897 3572 2459 2210 1010 16134 5039 3575 1200 1505 725 1053 19415
cat_boundaries=0 1 2 3 4
cat_threshold=16 16 4 8
is_linear=0
shrinkage=0.04


Tree=143
num_leaves=31
num_cat=1
split_feature=1 21 21 19 22 22 28 43 25 25 22 14 22 23 25 21 35 7 18 25 25 21 25 25 25 25 19 32 35 23
split_gain=10.6431 9.65134 17.5935 33.0522 20.917 14.2474 19.1023 20.8207 32.0594 40.3468 22.9978 17.1198 16.835 16.1866 18.1876 17.2584 14.121 13.7515 16.9021 13.4774 21.8148 22.7175 17.0125 13.3761 17.2162 34.1226 17.1562 13.6767 13.352 13.2512
threshold=3.304999947547913 59.264097213745124 60.305234909057624 49.500000000000007 0.19180248677730563 0.20991392433643344 4.5000000000000009 0 264.12500000000006 127.87500000000001 0.21276179701089862 83.979999542236342 0.21984527260065082 1.2001963853836062 444.87500000000006 64.419788360595717 13.750000000000002 23.500000000000004 1.5000000000000002 667.37500000000011 421.50000000000006 58.025424957275398 377.37500000000006 367.62500000000006 178.87500000000003 165.12500000000003 23.000000000000004 1.168071508407593 11.750000000000002 1.3934065699577334
decision_type=10 8 8 10 10 10 2 9 2 2 10 10 10 10 2 10 2 2 10 2 2 10 2 2 2 2 10 10 2 10
left_child=1 19 3 -3 -5 13 -7 8 9 -8 -9 -12 -10 28 -15 -16 17 -6 -19 20 22 -22 23 24 25 26 -1 -26 -4 -28
right_child=-2 2 5 4 16 6 7 10 12 -11 11 -13 -14 14 15 -17 -18 18 -20 -21 21 -23 -24 -25 27 -27 29 -29 -30 -31
leaf_value=0.017463904455894578 -0.0127182228959755 0.0077658111712389294 0.0020827197725852005 -0.039611125269363286 -0.013856314969105417 -0.0043854926945152625 0.01257493044758147 0.026667120049873181 0.030363794592141714 0.055985476672015276 0.0059001149348333953 -0.0096396526275413681 -0.023373690827852903 -0.0097312694449372822 -0.011218064773762733 0.015169300937667923 -0.020880622706554965 0.022984964212754852 -0.01117690066570093 -0.038159229279427727 0.008018041574000264 0.066402108855426467 -0.034248847976048852 0.038644392323883357 -0.017386889979480079 0.061826253379992098 0.0042861915735499072 0.0015938243150966538 -0.00071168683598580749 -0.014226108161656545
leaf_weight=140.12635463126935 102.66960661148187 158.65537582233083 3882.6083975241054 44.253944581490941 97.550917120650411 278.24051957961638 93.132772064767778 62.100428937701508 11.709396100603042 54.252570898970589 367.19932938844431 162.86614557786379 34.108519318513572 533.23926708474755 62.205656355246902 105.29965985938907 123.03220459842123 50.339082077611238 41.228263693163171 11.030083808116613 27.273849573452026 17.061768761835992 18.086482115089893 16.415724143385887 96.421888314187527 16.454888162203133 442.53679159423336 160.05246467096731 9254.503975305066 70.85245520726312
leaf_count=1098 15060 1321 67352 558 645 2410 1644 542 67 450 2879 1744 296 4981 592 1019 1434 438 401 123 252 105 133 141 791 96 4089 1090 216677 488
internal_value=5.7604e-05 0.000138438 -0.000110314 -0.0073714 -0.0141239 0.00014087 0.00460004 0.00779005 0.0188359 0.0288509 0.00377261 0.00110873 -0.00919969 -0.00020189 -0.006121 0.00533779 -0.0103828 -0.00345841 0.00760577 0.0039121 0.00441515 0.0315434 0.00312787 0.00388462 0.00322339 0.00659744 0.00510839 -0.00556628 0.000113977 0.00170086
internal_weight=16535.5 16432.8 15416.5 515.06 356.404 14901.5 1063.61 785.369 193.203 147.385 592.166 530.065 45.8179 13837.9 700.745 167.505 312.15 189.118 91.5673 1016.31 1005.28 44.3356 960.947 942.861 926.445 669.97 653.516 256.474 13137.1 513.389
internal_count=328916 313856 305450 4797 3476 300653 10032 7622 2457 2094 5165 4623 363 290621 6592 1611 2918 1484 839 8406 8283 357 7926 7793 7652 5771 5675 1881 284029 4577
cat_boundaries=0 1
cat_threshold=192
is_linear=0
shrinkage=0.04


Tree=144
num_leaves=31
num_cat=1
split_feature=0 10 16 43 22 18 23 14 0 11 40 2 24 5 11 7 16 35 20 11 0 7 5 19 19 30 24 1 12 19
split_gain=10.1057 9.6482 8.90258 8.92263 13.6971 11.8654 18.8384 14.9013 12.6474 10.8627 8.75968 11.8552 8.45578 8.22802 24.1769 16.2063 18.4596 18.5185 14.7489 16.7889 14.9119 14.422 14.1485 16.6618 14.3223 16.1891 15.1766 14.2067 23.4636 15.4175
threshold=3.3349999189376835 197.50000000000003 4.5000000000000009 0 0.09124972298741342 1.5000000000000002 1.100391209125519 83.979999542236342 2.3750000000000004 0.75110620260238659 0.24406526237726214 1.6150000095367434 0.047256844118237502 31.500000000000004 0.0084210899658501166 35.500000000000007 1.5000000000000002 8.7500000000000018 159.00000000000003 0.026875733397901062 1.3450000286102297 51.500000000000007 22.500000000000004 52.500000000000007 49.500000000000007 0.071600552648305907 0.057606689631938941 1.0000000180025095e-35 3.5000000000000004 64.000000000000014
decision_type=10 2 2 9 10 8 10 10 8 10 10 10 10 2 8 2 2 2 2 10 8 2 2 8 10 10 10 8 8 10
left_child=1 2 3 4 9 6 7 12 -8 -1 -2 -12 -6 15 -15 16 22 -18 19 -16 21 -21 23 24 -5 26 -26 28 -25 -29
right_child=10 -3 -4 13 5 -7 8 -9 -10 -11 11 -13 -14 14 18 -17 17 -19 -20 20 -22 -23 -24 27 25 -27 -28 29 -30 -31
leaf_value=-0.011502086764811683 -0.017083461228406822 0.031850601930732372 -0.021152108543557743 0.0011488550654495688 0.00075438698462688177 -0.0072017747935890124 -0.012600739959089943 -0.011850723883183659 0.032581485921938373 0.05815120619211394 -0.0044407848012629047 0.081316897848388359 0.047590547306641813 -0.011651914591789632 0.049162689050028519 0.0042240751882313687 -0.012356682952422308 -0.0016109162641735949 -0.00093013352542723143 0.065102691195218484 0.0020373585389670953 0.012933033484099949 -0.0037935127621410349 0.045531189801659683 0.049753999370298993 -0.0066682073149666038 -0.010934525911536059 0.016004104827282643 0.0045101582795787059 0.0024967168473807961
leaf_weight=297.99354670773027 87.568612514704 14.232652603648601 30.770540161058307 1796.2360282763257 7.7283913217252111 105.07388257689308 49.669806033372879 10.943437621113842 11.311341560911385 2.631879079155623 9.192551095155066 2.496851264499127 34.206438164459541 323.23285240918631 14.238404930219984 1882.7872456692858 313.77731980103999 1397.8800172253978 4711.0157866167137 10.920150868594645 243.06730621249881 32.938015198335052 846.28910524857929 32.724409056361765 15.033289561513813 699.23808431113139 10.526083504781125 140.13556011329638 67.443580283084884 3324.4496512460755
leaf_count=11492 15640 137 183 36025 187 1630 328 333 139 23 967 48 564 34596 628 18402 2850 10975 90065 104 4824 269 26120 385 243 5431 136 2663 560 62605
internal_value=-4.5987e-05 3.10426e-05 1.26621e-06 4.2533e-05 -0.00505992 0.00243376 0.0113459 0.028593 -0.00376494 -0.0106883 -0.0127069 0.0185265 0.0392706 0.00021328 -0.00106577 0.000862193 0.000129037 -0.00358921 -0.000380085 0.00818552 0.00597449 0.0271735 0.0010481 0.00172255 -0.000764812 -0.00550793 0.0251394 0.00348248 0.0182687 0.00304868
internal_weight=16525.8 16426.5 16412.3 16381.5 519.559 218.933 113.859 52.8783 60.9811 300.625 99.258 11.6894 41.9348 15861.9 5335.41 10526.5 8643.73 1711.66 5012.18 301.164 286.925 43.8582 6932.08 6085.79 2521.03 724.797 25.5594 3564.75 100.168 3464.59
internal_count=328552 311897 311760 311577 14696 3181 1551 1084 467 11515 16655 1015 751 296881 130486 166395 147993 13825 95890 5825 5197 373 134168 108048 41835 5810 379 66213 945 65268
cat_boundaries=0 1
cat_threshold=8
is_linear=0
shrinkage=0.04


Tree=145
num_leaves=31
num_cat=0
split_feature=22 11 9 6 5 25 22 17 18 25 1 30 23 35 7 25 25 23 19 23 1 21 16 21 1 7 24 24 25 7
split_gain=11.0417 10.6315 9.13347 16.0903 13.2943 15.2774 17.2507 14.8895 15.9909 14.8473 13.3542 18.0747 18.8892 13.7241 17.6197 13.1181 12.9716 15.1645 15.6744 14.9861 18.2712 13.5542 13.7914 15.4854 20.9101 13.5306 17.2692 13.4016 30.9285 16.7668
threshold=0.0088174184784293192 0.40748521685600286 21.500000000000004 165.25000000000003 41.500000000000007 688.25000000000011 0.09124972298741342 2.5000000000000004 1.5000000000000002 402.87500000000006 2.4050000905990605 0.044938502833247192 1.0404490828514101 6.7500000000000009 58.500000000000007 15.375000000000002 667.37500000000011 1.1787788271903994 55.000000000000007 1.1967639923095705 1.9950000047683718 59.264097213745124 1.5000000000000002 63.517831802368171 1.935000002384186 58.500000000000007 0.083442203700542464 0.057947328314185149 280.12500000000006 60.500000000000007
decision_type=8 10 2 2 2 2 10 10 10 2 8 10 10 2 2 2 2 10 10 10 10 10 2 10 8 2 10 10 2 2
left_child=1 -1 4 15 -2 7 -7 -6 16 10 11 12 -10 -14 -15 -4 17 18 27 20 -19 -21 23 -23 -25 -20 -27 28 -9 -30
right_child=2 -3 3 -5 5 6 -8 8 9 -11 -12 -13 13 14 -16 -17 -18 19 25 21 -22 22 -24 24 -26 26 -28 -29 29 -31
leaf_value=-0.024362724946333982 0.00032243861495927966 0.048500927600375575 -0.0068643263552851949 -0.0069404100531128892 0.0040574940062625773 -0.0069872666640305326 0.025576162083439921 -0.019165842084161017 -0.0017349764949364359 -0.017999653243780674 -0.013597042212480561 -0.0051208135072746434 -0.005002340720290023 -0.0049736943904582992 0.076772919188173458 0.0059996993885672624 -0.036653539453191324 -0.00012076407923193031 -0.013149205931181273 0.025657963090424795 0.072195505577112018 -0.024712479354207187 -0.032276298788958352 0.058178792728521903 -0.003122675789276766 0.0039025501976992765 -0.012403310869154525 0.033436358433352589 0.074921159958397543 0.013289059101462922
leaf_weight=43.349855475593358 12411.627436967043 2.500544559210538 140.63574246456847 222.42797347810119 350.55116804246791 43.960495698032901 61.06946690287441 45.831782160326838 38.001281777280383 200.81854805490002 255.98237339273328 550.80603162525222 7.4754260904155698 5.3596366150304702 15.785652944818137 1204.1613284142222 15.1393569863867 9.4914144426584262 212.53826519579161 35.625911643728614 12.215503808110951 16.321602850686759 19.24460619315505 13.677531629800795 22.099589908961207 339.66982815985102 148.47968695394229 30.466737779788673 8.6905759044457209 29.243442965205759
leaf_count=4873 228528 59 2650 2092 7720 1237 612 2192 1726 7232 18424 10950 136 122 246 10713 393 75 12627 329 154 194 137 81 328 11765 1976 594 200 531
internal_value=3.75973e-05 -0.0193532 9.30021e-05 0.00299682 -0.000212339 -0.00288021 0.0119716 -0.00354108 -0.00485464 -0.00820436 -0.0059296 -0.00272741 0.0167843 0.0407369 0.0565833 0.00464734 -0.00109259 -0.000479607 -0.0025026 0.0122219 0.0417861 0.00585402 -0.00419793 0.00651106 0.0211487 -0.00474915 -0.00106422 0.0111644 0.00271767 0.0290732
internal_weight=16513.2 45.8504 16467.4 1567.23 14900.2 2488.55 105.03 2383.52 2032.96 1074.23 873.41 617.428 66.622 28.6207 21.1453 1344.8 958.736 943.596 814.92 128.676 21.7069 106.969 71.3433 52.0987 35.7771 700.688 488.15 114.233 83.7658 37.934
internal_count=328896 4932 323964 15455 308509 79981 1849 78132 70412 38836 31604 13180 2230 504 368 13363 31576 31183 29885 1298 229 1069 740 603 409 26368 13741 3517 2923 731
is_linear=0
shrinkage=0.04


Tree=146
num_leaves=31
num_cat=1
split_feature=22 24 36 19 16 38 46 19 1 25 25 21 24 22 22 22 15 18 22 21 30 23 24 31 25 23 25 12 20 15
split_gain=10.6254 11.776 14.3539 13.106 10.1486 10.4018 9.56593 21.8725 17.9731 15.126 24.485 28.6641 30.1596 31.7189 32.656 30.6768 39.301 28.3161 40.4649 47.6305 26.8042 26.5571 25.7778 24.1014 22.4416 26.8052 21.3473 29.635 28.2118 30.6039
threshold=0.3662636280059815 0.27401821315288549 0.18263290822505954 49.500000000000007 1.5000000000000002 1.0642542839050295 0 5.0000000000000009 3.1049998998641972 87.125000000000014 105.37500000000001 58.025424957275398 0.16764464974403384 0.051184218376874931 0.052311619743704803 0.022444034926593307 3.5000000000000004 1.5000000000000002 0.1273254677653313 64.052120208740249 0.04384956322610379 1.0271242260932925 0.054117364808917053 69.489463806152358 377.37500000000006 1.1309500932693484 480.12500000000006 24.500000000000004 179.00000000000003 1.5000000000000002
decision_type=10 10 10 10 2 10 1 8 10 2 2 10 10 10 10 10 2 8 10 10 10 10 10 10 2 10 2 8 2 2
left_child=6 2 4 -3 5 -2 7 -1 9 23 11 -11 13 15 -15 16 21 -12 19 24 -16 -13 -22 -8 25 -19 28 -28 -21 -30
right_child=1 3 -4 -5 -6 -7 8 -9 -10 10 17 12 -14 14 20 -17 -18 18 -20 26 22 -23 -24 -25 -26 -27 27 -29 29 -31
leaf_value=-0.022725361909641601 0.015744063769358517 0.015467211265113417 0.0087573619573986291 -0.012158551864162164 0.015457014309500833 0.088049363965130661 -0.00079189247113922116 0.0012205776938478143 -0.019336376323568917 0.07895279613668045 0.0019884729896222702 -0.03424307705887001 -0.015173436381916023 0.084752223226786258 0.070916975054013759 -0.021324026423891019 0.12366386160076774 0.065442451670495588 -0.012699838532377834 -0.0072690604126158477 -0.0098343042489070429 0.053699951355240756 0.015819296608642217 -0.0078216865171353272 0.0077024501320357985 -0.013850562358854821 -0.016836420202152848 0.01578095989810694 0.038948540180947573 0.0039154405279529124
leaf_weight=60.589822591107804 5.7174851009622243 42.870785377919674 123.46433345414698 72.421229765168391 16.066588249988854 8.7492907517589611 2858.2590223038569 6586.7926867020433 83.562737822940107 7.9503543749451628 3012.5602452331223 12.033037557266658 85.755738070001826 9.4745410602772591 11.522309099324046 81.363956357527059 4.4838100890628985 32.781691451556981 612.71986387704965 398.54586699150968 74.95561240403913 8.4924123217351717 359.24105540220626 1073.3369044835563 40.84244155860506 8.0596326214726997 259.34740028413944 52.824121527373791 42.468281730310991 496.87806678988272
leaf_count=2276 146 203 687 694 166 84 64687 136437 13482 56 39282 735 704 171 215 2721 160 334 5329 6258 1158 189 4109 30163 524 133 5466 599 755 11034
internal_value=-3.7491e-05 0.00782797 0.0150322 -0.00180698 0.0391959 0.0625974 -0.000168355 0.000998327 -0.000974338 -0.000811139 0.000521104 0.007782 0.00678129 0.0101621 0.014756 -0.00941325 0.0285129 -0.000439288 -0.00420176 -0.000282305 0.0130727 0.00276188 0.0113691 -0.00271356 0.0291177 0.0497421 -0.00222835 -0.0112715 0.000786155 0.00674833
internal_weight=16544.1 269.29 153.998 115.292 30.5334 14.4668 16274.8 6647.38 9627.46 9543.9 5612.3 655.273 647.322 561.567 455.194 106.373 25.0093 4957.03 1944.47 1331.75 445.719 20.5254 434.197 3931.6 81.6838 40.8413 1250.06 312.172 937.892 539.346
internal_count=328957 1980 1083 897 396 230 326977 138713 188264 174782 79932 10218 10162 9458 5653 3805 1084 69714 30432 25103 5482 924 5267 94850 991 467 24112 6065 18047 11789
cat_boundaries=0 1
cat_threshold=8
is_linear=0
shrinkage=0.04


Tree=147
num_leaves=31
num_cat=0
split_feature=11 9 16 22 38 5 24 24 24 22 19 8 8 17 9 23 25 7 36 23 7 23 25 22 21 33 30 21 19 21
split_gain=10.5483 12.8938 9.94978 12.9117 13.8881 12.7564 10.9757 16.719 14.6203 24.9153 28.2013 20.3855 14.4671 14.0229 11.7199 11.4278 11.0807 14.2836 15.31 11.0106 10.7732 10.7257 19.4362 16.6625 19.3143 12.1103 12.8064 10.4389 10.3412 10.1011
threshold=0.6670682728290559 9.5000000000000018 2.5000000000000004 0.40845322608947759 1.0298683047294619 4.5000000000000009 0.019448803737759594 0.017988673411309723 0.020198440179228786 0.029862699098885063 163.50000000000003 224.25000000000003 213.75000000000003 3.5000000000000004 1.5000000000000002 1.0204949378967287 116.37500000000001 49.500000000000007 0.064061839133501067 1.0229652523994448 11.500000000000002 1.0183869600296023 193.37500000000003 0.018888808786869053 72.817859649658217 0.69089725613594066 0.079673714935779585 56.307348251342781 49.500000000000007 67.825954437255874
decision_type=10 2 2 10 10 2 8 10 8 10 10 2 2 10 2 10 2 2 10 8 2 10 2 10 10 8 10 10 10 10
left_child=2 -2 3 6 -5 27 7 12 9 10 11 -8 13 14 -1 -9 -16 -18 -19 -10 -12 29 23 -23 25 -25 -27 -4 -6 -15
right_child=1 -3 5 4 28 -7 8 15 19 -11 20 -13 -14 21 16 -17 17 18 -20 -21 -22 22 -24 24 -26 26 -28 -29 -30 -31
leaf_value=-0.0064619456750410484 0.003220814201452175 0.025622207503763452 0.00797435562700133 0.045027993758842477 0.027239847703201009 -0.0024384773065027027 0.087085603386047289 -0.032196334340785386 -0.020829798448202329 -0.0096869646912636932 0.054491629472356772 -0.0053386773144644805 0.0089759788271640013 -0.0020768224321502464 -0.00036301507820785941 -0.0086108939875377422 0.0085160911230579735 0.0093790619932485018 0.086620513764439674 0.00023104041599147828 -0.012418698090656304 0.096613207021718162 -0.033058606394939072 0.1069807265942011 -0.024140350519310339 -0.013893690985636512 0.077290709638145244 -0.022325513646019094 -0.0072205995251373523 -0.019801372695576507
leaf_weight=293.80794392153621 183.04872048925608 52.380186352878809 21.665361523628235 19.080297626322135 21.631344672292471 708.97735925484449 17.248867284622978 46.706880951707717 38.826965915446635 29.481395595357753 3.9728745925240245 4.5869455444626501 165.67301391076762 75.137750252732076 245.26640503061935 111.91175429103896 91.614528246922418 8.6810405845753866 7.5467179859988383 14037.839160429838 15.991004947980398 3.6047470639459815 11.637961679138241 2.7890310531365694 11.24285425810376 6.3401416613487527 2.7561994119314477 95.331393776461482 35.184500412316993 167.71907094761264
leaf_count=17988 1196 396 101 217 127 4634 382 3015 2816 831 118 92 4315 3742 7016 3788 1870 231 146 256082 831 133 659 171 835 378 71 629 430 15755
internal_value=-7.88342e-05 0.00830907 -0.000200716 2.745e-05 0.0163776 -0.00447556 -5.39254e-05 -0.00364164 0.000263627 0.0182079 0.0377423 0.0681117 -0.00187091 -0.00381896 -0.00056581 -0.0157391 0.00433323 0.0149559 0.0484753 0.00017119 0.00267002 -0.0112596 0.00815907 0.0267921 0.0121909 0.0460748 0.0182579 -0.0166607 0.00607447 -0.014365
internal_weight=16537.7 235.429 16302.3 15476.3 75.8961 825.974 15400.4 1252.44 14147.9 71.2811 41.7997 21.8358 1093.82 928.144 646.917 158.619 353.109 107.842 16.2278 14076.7 19.9639 281.228 38.3709 26.733 23.1282 11.8854 9.09634 116.997 56.8158 242.857
internal_count=328995 1592 327403 322039 774 5364 321265 60113 261152 2254 1423 474 53310 48995 27251 6803 9263 2247 377 258898 949 21744 2247 1588 1455 620 449 730 557 19497
is_linear=0
shrinkage=0.04


Tree=148
num_leaves=31
num_cat=1
split_feature=11 15 11 21 5 1 46 22 11 25 22 22 10 2 25 24 2 29 36 40 25 22 17 14 28 4 21 1 1 5
split_gain=9.95938 9.97952 9.87236 11.7994 11.01 9.41984 15.9847 14.1707 13.5737 12.3439 11.9097 14.4433 13.6059 13.3493 10.0152 9.94235 12.7045 9.55831 12.2646 9.17956 11.4365 10.7414 9.17717 11.9063 9.97011 10.1022 15.6176 13.1821 12.3403 10.0944
threshold=0.83602148294448864 1.0000000180025095e-35 0.13927198946475985 66.651382446289077 12.500000000000002 2.5249999761581425 0 0.095354165881872191 0.10814762115478517 181.62500000000003 0.038676800206303603 0.045931704342365272 5.5000000000000009 -0.64499998092651356 165.12500000000003 0.046076156198978431 -0.88499999046325672 16.750000000000004 0.074786212295293822 0.19053041934967044 709.87500000000011 0.092042323201894774 2.5000000000000004 66.045001983642592 6.5000000000000009 2.8750000000000004 69.78131484985353 3.2949999570846562 3.1650000810623173 34.500000000000007
decision_type=10 2 8 8 2 10 1 10 10 2 10 10 2 10 2 10 10 2 8 10 2 10 8 10 2 2 10 8 10 2
left_child=1 2 3 -1 -5 -3 7 8 -7 14 12 13 -8 15 -9 16 -12 18 -10 22 -21 -22 23 -13 25 -24 29 28 -28 -27
right_child=-2 5 -4 4 -6 6 10 9 17 -11 11 19 -14 -15 -16 -17 -18 -19 -20 20 21 -23 24 -25 -26 26 27 -29 -30 -31
leaf_value=0.0070139057621382015 0.01406420747303287 0.0001581489253733756 -0.0022756089577113179 -0.0013824278118630036 0.067266990656258741 -0.01945111419723811 -0.021283989031532259 0.0027304696009105944 0.064995115593138739 -0.014747998963717757 0.027315062864651098 0.026385835603760885 0.0017827635427765745 0.0056471016605752064 0.067276586889042311 -0.013917727269076276 0.099884578517327224 -0.0087991366058793735 0 -0.008445586551609055 -0.016822689690680608 0.082348016533287369 -0.00083211409043282801 0.0040970764710764537 -0.01386991931420326 0.026818665976658055 0.038798995933582651 -0.011591404456609795 0.14075416466313584 -0.028666247932877129
leaf_weight=22.554042567266151 78.710145535878837 14631.390782026574 31.088949259370565 4.8052817165153128 13.722243785741737 220.94220301997848 86.204669914674014 168.65288277406944 6.5203419558238265 79.107402403489687 11.514667093113534 43.631091170478612 76.248860796215013 38.59892187587684 2.9484773352742186 3.3401933535933486 6.0725626496132472 42.128702396526933 12.447609007358549 228.68110648094444 2.3425466653425238 3.3568064123392105 334.42404078133404 282.69491643959191 85.220986940083094 9.3777602206100727 7.2916275250026921 3.2885117859696047 2.4948024489567615 9.5993869285448437
leaf_count=535 497 224933 443 210 450 25083 14015 6787 167 3720 223 1106 3329 3432 78 85 243 1141 267 9037 127 70 11166 11005 6450 978 824 629 304 1770
internal_value=-4.03458e-05 -0.000108841 0.0146299 0.0272685 0.0500983 -0.000174839 -0.00293269 -0.00871687 -0.0148533 -0.00176614 -0.000428017 0.00110127 -0.0104883 0.020082 0.00424604 0.045052 0.056613 0.00175474 0.0246625 -2.95151e-05 -0.00695575 0.0445631 0.00205814 0.0071609 -0.00162716 0.0012389 0.0223398 0.0542741 0.0758003 -0.00107758
internal_weight=16549.4 16470.7 72.1705 41.0816 18.5275 16398.5 1767.13 532.748 282.039 250.709 1234.38 1071.93 162.454 59.5263 171.601 20.9274 17.5872 61.0967 18.968 1012.4 234.38 5.69935 778.023 326.326 451.697 366.476 32.0521 13.0749 9.78643 18.9771
internal_count=329104 328607 1638 1195 660 326969 102036 37243 26658 10585 64793 47449 17344 3983 6865 551 466 1575 434 43466 9234 197 34232 12111 22121 15671 4505 1757 1128 2748
cat_boundaries=0 1
cat_threshold=4
is_linear=0
shrinkage=0.04


Tree=149
num_leaves=31
num_cat=1
split_feature=20 19 30 5 32 25 4 25 11 12 19 40 32 36 4 0 33 38 23 1 21 22 23 1 25 1 22 42 21 14
split_gain=10.3036 18.447 19.3526 16.0491 14.4737 14.0109 24.3135 17.2451 17.1557 24.2989 17.0968 17.0531 22.8492 17.3802 21.324 25.5865 19.7953 23.6754 21.0576 16.8293 15.156 22.325 22.1092 18.3937 17.3138 19.0095 15.0301 15.0208 14.9038 14.752
threshold=79.000000000000014 49.500000000000007 0.2378378361463547 17.500000000000004 1.1043837666511538 87.125000000000014 2.4150000810623173 75.375000000000014 0.083424910902977004 2.5000000000000004 7.5000000000000009 0.30480046570301061 1.1307808160781863 0.12718281894922259 1.0000000180025095e-35 2.8149999380111699 1.7005805373191836 1.0495422482490542 1.1236804127693178 2.0649999380111699 68.144451141357436 0.060114722698926933 1.0644747614860537 2.0449999570846562 31.375000000000004 2.0749999284744267 0.022444034926593307 0 70.545135498046889 61.93499946594239
decision_type=2 10 10 2 10 2 2 2 10 8 8 10 10 8 2 10 10 10 10 8 8 10 10 8 2 10 10 9 10 10
left_child=1 3 4 -1 -3 7 11 8 20 -10 -11 12 13 14 16 -16 17 -7 26 -13 21 22 -2 29 25 -23 -19 -15 -20 -22
right_child=5 2 -4 -5 -6 6 -8 -9 9 10 -12 19 -14 27 15 -17 -18 18 28 -21 23 24 -24 -25 -26 -27 -28 -29 -30 -31
leaf_value=0.0087374364144913973 0.024893272313953427 0.031922225023289397 -0.0080506621602283637 0.054752879895894724 0.0033806015521815566 -0.016015969684061802 -0.0050873347088169875 -0.0082564481346030054 -0.0095046035440009887 -0.011104667272844555 -0.00026339142128645383 0.016062333030691506 -0.0025937520966478052 0.020643766205061288 0.0025480389590075742 0.025789517839214415 -0.011578440795068421 0.019750058084058428 0.0090893872056214305 -0.00058312995079147132 0.059917216676953489 0.005126650270660559 0.16581575201743801 -0.0025109862788321724 -0.0004989705263736845 0.023938884257317997 -0.0040215667072740439 0.0053113006605970464 0.038413802851174232 0.0089714034005461459
leaf_weight=427.50709613785148 7.0217484331806173 32.146268128417432 284.94529765099287 11.571495048701761 205.73198417387903 119.73610351420939 999.30564179550856 573.4076995930518 664.09860831452534 251.47697968385182 2990.6417862400413 245.59059270238504 1985.459671217599 136.02753935288638 3993.932604026515 76.317468719091266 324.30607912316918 46.624705348047428 158.54500425176229 159.53890100657009 8.8238435829989594 251.28493515355512 1.6808914821594951 1095.4132191754761 369.72513967636041 130.83068897778867 397.3665195646463 412.14837656181771 33.109210164286196 141.51132683630567
leaf_count=3183 652 182 1471 65 1044 4148 59872 12773 8576 4561 51590 1794 16206 1815 42846 1601 4235 2511 1930 2088 190 6685 49 62993 12395 6954 8361 3788 459 3983
internal_value=2.97009e-05 0.00404539 -0.00102528 0.0100809 0.00737188 -0.000218309 0.000794916 -0.00163855 -0.00099477 -0.00253918 -0.0011087 0.00152266 0.00109969 0.00238758 0.00166493 0.00299103 -0.00332869 0.000218485 0.00330319 0.00951225 0.00200995 0.00645596 0.0668088 -0.000704179 0.00566425 0.0116238 -0.00147748 0.00915393 0.0143492 0.0123642
internal_weight=16535.8 961.902 522.824 439.079 237.878 15573.9 9088.01 6485.92 5912.51 3906.22 3242.12 8088.7 7683.57 5698.11 5149.94 4070.25 1079.69 755.382 635.645 405.129 2006.29 760.543 8.70264 1245.75 751.841 382.116 443.991 548.176 191.654 150.335
internal_count=329000 5945 2697 3248 1226 323055 151654 171401 158628 64727 56151 91782 87900 71694 66091 44447 21644 17409 13261 3882 93901 26735 701 67166 26034 13639 10872 5603 2389 4173
cat_boundaries=0 1
cat_threshold=4
is_linear=0
shrinkage=0.04


end of trees

feature_importances:
course_history_fail_rate=558
course_history_effective_support=436
course_history_avg_mark=360
gpa_prev_1=292
gpa_prev_2=243
start_agpa_points=205
prior_fail_credit_ratio=196
course_history_avg_attempt=178
degree_credits_count=164
plan_credits_count=158
course_history_retake_rate=144
diploma_gpa=124
course_credits=123
start_total_in_courses=111
plan_year_order=101
part_semester=96
start_total_in_credits=91
attempt_number=88
prior_total_fail_courses=70
plan_credit_weighted_avg_mark=62
plan_requirement_type_id=60
plan_credit_weighted_fail_rate=50
peer_max_fail_rate=49
prior_total_reg_courses=44
peer_credit_weighted_avg_mark=40
peer_total_credits=37
plan_credit_weighted_avg_attempt=36
prior_total_fail_credits=35
gpa_trend_delta=34
plan_total_credits=33
plan_course_type_id=32
plan_semester_order=30
prior_total_reg_credits=28
peer_difficulty_credit_load=28
peer_credit_weighted_fail_rate=27
course_history_fallback_level=25
plan_course_count=25
plan_difficulty_credit_load=24
peer_credit_weighted_avg_attempt=24
prior_registered_semesters=20
diploma_type_id=15
peer_course_count=4

parameters:
[boosting: gbdt]
[objective: binary]
[metric: binary_logloss]
[tree_learner: serial]
[device_type: cpu]
[data_sample_strategy: bagging]
[data: ]
[valid: ]
[num_iterations: 150]
[learning_rate: 0.04]
[num_leaves: 31]
[num_threads: 0]
[seed: 42]
[deterministic: 1]
[force_col_wise: 1]
[force_row_wise: 0]
[histogram_pool_size: -1]
[max_depth: -1]
[min_data_in_leaf: 80]
[min_sum_hessian_in_leaf: 0.001]
[bagging_fraction: 0.9]
[pos_bagging_fraction: 1]
[neg_bagging_fraction: 1]
[bagging_freq: 1]
[bagging_seed: 42]
[bagging_by_query: 0]
[feature_fraction: 0.9]
[feature_fraction_bynode: 1]
[feature_fraction_seed: 42]
[extra_trees: 0]
[extra_seed: 12879]
[early_stopping_round: 0]
[early_stopping_min_delta: 0]
[first_metric_only: 0]
[max_delta_step: 0]
[lambda_l1: 0.1]
[lambda_l2: 1]
[linear_lambda: 0]
[min_gain_to_split: 0]
[drop_rate: 0.1]
[max_drop: 50]
[skip_drop: 0.5]
[xgboost_dart_mode: 0]
[uniform_drop: 0]
[drop_seed: 17869]
[top_rate: 0.2]
[other_rate: 0.1]
[min_data_per_group: 100]
[max_cat_threshold: 32]
[cat_l2: 10]
[cat_smooth: 10]
[max_cat_to_onehot: 4]
[top_k: 20]
[monotone_constraints: ]
[monotone_constraints_method: basic]
[monotone_penalty: 0]
[feature_contri: ]
[forcedsplits_filename: ]
[refit_decay_rate: 0.9]
[cegb_tradeoff: 1]
[cegb_penalty_split: 0]
[cegb_penalty_feature_lazy: ]
[cegb_penalty_feature_coupled: ]
[path_smooth: 0]
[interaction_constraints: ]
[verbosity: -1]
[saved_feature_importance_type: 0]
[use_quantized_grad: 0]
[num_grad_quant_bins: 4]
[quant_train_renew_leaf: 0]
[stochastic_rounding: 1]
[linear_tree: 0]
[max_bin: 255]
[max_bin_by_feature: ]
[min_data_in_bin: 3]
[bin_construct_sample_cnt: 200000]
[data_random_seed: 42]
[is_enable_sparse: 1]
[enable_bundle: 1]
[use_missing: 1]
[zero_as_missing: 0]
[feature_pre_filter: 1]
[pre_partition: 0]
[two_round: 0]
[header: 0]
[label_column: ]
[weight_column: ]
[group_column: ]
[ignore_column: ]
[categorical_feature: 42,43,44,45,46]
[forcedbins_filename: ]
[precise_float_parser: 0]
[parser_config_file: ]
[objective_seed: 16083]
[num_class: 1]
[is_unbalance: 0]
[scale_pos_weight: 1]
[sigmoid: 1]
[boost_from_average: 1]
[reg_sqrt: 0]
[alpha: 0.9]
[fair_c: 1]
[poisson_max_delta_step: 0.7]
[tweedie_variance_power: 1.5]
[lambdarank_truncation_level: 30]
[lambdarank_norm: 1]
[label_gain: ]
[lambdarank_position_bias_regularization: 0]
[eval_at: ]
[multi_error_top_k: 1]
[auc_mu_weights: ]
[num_machines: 1]
[local_listen_port: 12400]
[time_out: 120]
[machine_list_filename: ]
[machines: ]
[gpu_platform_id: -1]
[gpu_device_id: -1]
[gpu_device_id_list: ]
[gpu_use_dp: 0]
[num_gpu: 1]

end of parameters

pandas_categorical:[["__MISSING__", "__UNKNOWN__", "1", "2", "3"], ["__MISSING__", "__UNKNOWN__", "1", "2", "3", "4", "5", "6"], ["__MISSING__", "__UNKNOWN__", "13.111", "15.111", "16.111", "55.111"], ["__MISSING__", "__UNKNOWN__", "2.111", "3.111"], ["__MISSING__", "__UNKNOWN__", "1", "2", "3"]]
