tree
version=v4
num_class=1
num_tree_per_iteration=1
label_index=0
max_feature_idx=46
objective=binary sigmoid:1
feature_names=gpa_prev_1 gpa_prev_2 gpa_trend_delta gpa_trend_missing start_agpa_points start_total_in_courses start_total_in_credits prior_total_reg_courses prior_total_reg_credits prior_total_fail_courses prior_total_fail_credits prior_fail_credit_ratio prior_registered_semesters observed_gap_semesters diploma_gpa course_credits attempt_number plan_year_order plan_semester_order plan_credits_count degree_credits_count course_history_avg_mark course_history_fail_rate course_history_avg_attempt course_history_retake_rate course_history_effective_support course_history_fallback_level course_history_missing plan_course_count plan_total_credits plan_credit_weighted_fail_rate plan_credit_weighted_avg_mark plan_credit_weighted_avg_attempt plan_difficulty_credit_load peer_course_count peer_total_credits peer_credit_weighted_fail_rate peer_credit_weighted_avg_mark peer_credit_weighted_avg_attempt peer_difficulty_credit_load peer_max_fail_rate peer_difficulty_missing plan_course_type_id plan_requirement_type_id diploma_type_id grade_version_id part_semester
feature_infos=[0:4] [0:4] [-4:4] [0:1] [0:4] [0:81] [0:250] [0:169] [0:495] [0:95] [0:277] [0:1] [0:35] [0:2] [9.6499996185302734:100] [0:24] [1:5] [1:6] [1:2] [4:210] [72:251] [50.046512603759766:93.041046142578125] [0.0024035871028900146:0.53361159563064575] [1:1.9865478277206421] [0:0.50827360153198242] [0:15240.75] [1:6] [0:1] [1:10] [1:39] [0.0026523473206907511:0.49770635366439819] [50.885631561279297:93.041046142578125] [1:1.9239208698272705] [0.0078357970342040062:6.6858501434326172] [0:9] [0:36] [0.0024035871028900146:0.50850582122802734] [51.272407531738281:93.041046142578125] [1:1.81209397315979] [0.0051047974266111851:5.8554286956787109] [0.0024035871028900146:0.53361159563064575] [0:1] -1:4:2:3 -1:4:6:2:3:5:7 -1:3:4:2:5 -1:3 -1:2:3:4
tree_sizes=3415 3505 3518 3522 3531 3505 3505 3525 3505 3521 3521 3543 3542 3548 3514 3521 3521 3524 3538 3528 3532 3549 3525 3543 3533 3553 3546 3548 3520 3542 3532 3549 3523 3539 3535 3546 3531 3553 3550 3546 3574 3536 3504 3532 3509 3521 3522 3553 3523 3556 3532 3545 3546 3549 3554 3527 3550 3563 3513 3572 3535 3536 3531 3540 3546 3540 3548 3536 3543 3521 3540 3545 3563 3546 3534 3492 3547 3543 3544 3501 3540 3540 3543 3558 3540 3551 3531 3558 3560 3536 3566 3477 3584 3528 3509 3501 3519 3558 3544 3529 3552 3540 3550 3503 3568 3568 3546 3541 3555 3535 3557 3533

Tree=0
num_leaves=31
num_cat=0
split_feature=11 22 11 20 4 21 22 11 11 4 22 4 30 4 4 29 11 10 14 1 4 4 11 22 20 20 5 1 35 4
split_gain=10905.2 3548.13 1809.5 826.583 769.393 656.205 627.552 414.587 411.226 343.751 258.678 215.864 196.306 193.185 175.642 165.434 164.691 118.648 115.613 106.516 106.284 133.072 97.0255 93.0319 92.0244 85.2684 83.9154 82.715 79.5578 72.1591
threshold=0.10838299617171289 0.084876112639904036 0.25356170535087591 79.000000000000014 2.4750000238418584 74.533176422119155 0.070718556642532363 0.50084745883941661 0.23540768027305606 0.90500000119209301 0.19607897847890857 2.2350000143051152 0.22475587576627734 2.0449999570846562 1.9750000238418581 15.250000000000002 0.52322071790695202 12.750000000000002 83.305000305175795 1.0549999475479128 2.1350001096725468 1.2549999952316286 0.37119558453559881 0.10209254175424577 177.50000000000003 79.000000000000014 9.5000000000000018 2.2649999856948857 5.5000000000000009 2.0649999380111699
decision_type=8 8 10 2 2 10 8 10 10 2 10 2 10 2 2 2 10 2 10 8 2 2 10 10 2 2 2 8 2 2
left_child=4 5 3 12 6 8 -1 13 20 -8 15 -11 18 17 22 -5 24 25 -3 -19 21 -2 -10 -6 -7 -4 -13 -17 -9 -30
right_child=1 2 7 10 23 16 9 28 14 11 -12 26 -14 -15 -16 27 -18 19 -20 -21 -22 -23 -24 -25 -26 -27 -28 -29 29 -31
leaf_value=-2.4459238424537446 -2.4176302071776417 -2.2210530468760257 -2.2815667502455863 -2.3678544000842603 -2.4563293236197206 -2.4128482524206829 -2.4395246425406336 -2.3521759480439095 -2.3662920697842869 -2.3826071775866402 -2.3482168685494509 -2.3806626876825008 -2.3301198160806935 -2.3498708352412163 -2.3890692555113802 -2.3795291684506212 -2.3271554962743188 -2.2727318184900041 -2.3974066541297581 -2.3128341100267376 -2.4221772677756479 -2.3865118946651775 -2.3196169386839429 -2.4438591162154029 -2.4401459737768274 -2.3561705491838234 -2.4200117802797481 -2.4008732411089544 -2.2368569617196763 -2.3906350206012896
leaf_weight=2365.1850005164742 386.0504035577178 70.199511967599392 31.112213537096977 673.43493330478668 4875.2350725084543 247.41528075188398 654.48237861692905 13.229258470237253 201.92914950102568 476.87254681438208 395.88321410864592 96.038787022233009 72.507595360279083 269.22010109573603 401.38133145868778 476.74119247496128 22.273942984640598 165.37511333078146 6.830425649881362 374.54751640558243 551.98846405744553 510.91208562999964 114.8412224650383 1204.9696502238512 968.66319360584021 128.05171602964401 813.17718554288149 753.27960676699877 142.68834242224693 5.5356471613049498
leaf_count=39439 6800 1398 569 14972 84825 3588 11706 288 3627 9963 7495 1980 1023 5962 7380 8162 374 3092 139 8173 9937 9113 2250 22001 15702 2723 16923 18204 3227 172
internal_value=-2.41885 -2.38013 -2.35232 -2.37168 -2.44464 -2.40936 -2.43191 -2.31045 -2.39609 -2.41565 -2.37765 -2.40437 -2.2808 -2.32056 -2.37136 -2.3838 -2.43258 -2.30939 -2.23616 -2.3003 -2.40838 -2.39988 -2.3491 -2.45386 -2.43459 -2.3408 -2.41582 -2.39257 -2.25085 -2.24235
internal_weight=17470.1 6984.09 3578.64 2448.88 10486 3405.46 4405.76 1129.76 2167.1 2040.57 2299.34 1386.09 149.538 968.307 718.152 1903.46 1238.35 699.087 77.0299 539.923 1448.95 896.962 316.77 6080.2 1216.08 159.164 909.216 1230.02 161.453 148.224
internal_count=321207 134370 75599 51393 186837 58771 80011 24206 39107 40572 48833 28866 2560 20519 13257 41338 19664 14557 1537 11265 25850 15913 5877 106826 19290 3292 18903 26366 3687 3399
is_linear=0
shrinkage=1


Tree=1
num_leaves=31
num_cat=0
split_feature=11 22 0 0 20 0 22 11 22 1 11 11 21 0 21 1 40 1 22 22 0 11 26 20 11 22 8 0 22 0
split_gain=10017.8 3006.13 1563.35 981.953 636.489 581.628 573.576 498.498 306.389 225.853 186.966 184.874 167.426 154.941 152.198 140.603 124.881 118.66 115.361 104.27 96.8638 95.3667 95.1796 80.1427 78.8932 77.8122 77.3126 70.0022 65.0412 64.797
threshold=0.10838299617171289 0.069005299359560027 1.7549999952316286 2.4750000238418584 79.000000000000014 1.8350000381469729 0.070718556642532363 0.312537431716919 0.14145641028881076 1.9149999618530276 0.23540768027305606 0.37640480697155004 75.92813873291017 0.86500000953674328 75.258960723876967 0.70499998331069957 0.38395105302333837 2.4050000905990605 0.1857978627085686 0.11901463195681573 2.495000004768372 0.26340374350547796 1.5000000000000002 79.000000000000014 0.049416633322834976 0.070410095155239119 32.500000000000007 2.435000061988831 0.193641372025013 2.554999947547913
decision_type=8 8 8 10 2 8 8 10 10 10 10 10 10 10 10 8 10 8 10 10 10 10 2 2 10 10 2 8 10 10
left_child=3 5 7 6 16 11 -1 18 10 19 20 14 -7 15 -2 -9 -4 25 -3 -8 -6 22 27 -17 -11 -5 -15 -10 -19 -12
right_child=1 2 4 17 8 12 9 13 21 24 29 -13 -14 26 -16 23 -18 28 -20 -21 -22 -23 -24 -25 -26 -27 -28 -29 -30 -31
leaf_value=-0.023625409974008537 0.032767840792132581 0.061371461718202597 0.13202070950204375 -0.03165647125507462 0.021177632430632067 -0.00075487567501378056 0.018221494015162387 0.19092035178044622 0.056047741120080652 -0.0093142910042796241 0.056135905037435166 0.070877009435033875 -0.025848856974032046 0.065766962377309016 -0.004691382288270588 0.1751470126765293 0.051779704887053309 -0.037449148720189916 0.094460427453539136 0.057665200993784221 -0.0073975929857476473 0.084255090197504698 0.077358180544574676 0.10817403636418325 0.011640276975963964 -0.010665785150517025 0.10719447861286668 0.02829466856115978 -0.014043932463532437 0.013422679182669314
leaf_weight=1789.4781234115362 538.43753086030483 802.60222811996937 128.3246162943542 649.11711327731609 1179.7418620083481 1060.6695930436254 294.30060915276408 61.02669058740139 250.98196597769856 661.92471291683614 308.72545853070915 137.58596706017852 709.73084202595055 106.66755429655313 255.26551578193903 37.529222415760159 43.510349571704865 5472.7685820050538 220.06880388222635 169.49175533093512 225.40462903305888 128.52687174081802 133.1765174716711 187.87252533808351 506.58071396872401 503.67687802203 280.46431871689856 356.97522061131895 199.00321153178811 70.832274308428168
leaf_count=31058 9164 15213 2048 10612 25813 18512 7843 1050 4617 12233 6680 2360 11014 2022 4153 569 563 99308 3971 3392 4949 2318 1726 3751 9406 8985 5455 6855 3840 1630
internal_value=-4.94795e-05 0.0360208 0.0559608 -0.025482 0.0377166 0.00263275 -0.00798966 0.0863161 0.0328566 0.00915324 0.0233439 0.0282064 -0.0108259 0.113096 0.0207247 0.135789 0.112143 -0.0342495 0.0685811 0.0327378 0.0165889 0.0523244 0.0466755 0.120067 -0.000224277 -0.0225059 0.095989 0.0398317 -0.0366313 0.0482316
internal_weight=17470.5 7224.12 4522.43 10246.3 2826.2 2701.69 3421.78 1696.23 2654.36 1632.3 1784.7 931.289 1770.4 673.56 793.703 286.428 171.835 6824.57 1022.67 463.792 1405.15 869.661 741.134 225.402 1168.51 1152.79 387.132 607.957 5671.77 379.558
internal_count=321110 134433 89230 186677 57199 45203 63932 32031 54588 32874 39072 15677 29526 12847 13317 5370 2611 122745 19184 11235 30762 15516 13198 4320 21639 19597 7477 11472 103148 8310
is_linear=0
shrinkage=0.04


Tree=2
num_leaves=31
num_cat=1
split_feature=11 22 11 0 22 20 0 0 0 22 22 1 42 16 40 22 22 4 0 14 0 0 21 1 1 21 22 1 21 0
split_gain=9067.3 2529.2 1225.79 983.441 538.16 521.911 521.035 368.81 281.439 236.814 215.173 193.075 121.588 119.045 118.75 117.768 108.963 101.558 100.816 100.319 146.64 95.6392 93.8409 88.6717 85.0144 82.0158 78.1986 65.8041 61.1931 60.6494
threshold=0.10838299617171289 0.069005299359560027 0.25845077633857733 2.4750000238418584 0.070718556642532363 79.000000000000014 2.1149998903274541 1.9650000333786013 1.1349999904632571 0.19607897847890857 0.03614510782063008 1.9149999618530276 0 1.5000000000000002 0.38395105302333837 0.10209254175424577 0.16155823320150378 2.5049999952316289 2.685000061988831 88.345001220703139 2.2749999761581425 2.7549999952316289 62.269115447998054 1.3849999904632571 1.4049999713897707 73.036865234375014 0.12391588091850282 1.0549999475479128 77.16318511962892 1.4049999713897707
decision_type=8 8 10 10 8 2 8 8 10 10 10 10 9 2 10 8 10 2 10 10 10 10 10 8 8 10 10 8 10 10
left_child=3 6 5 4 -1 14 10 24 22 19 13 16 23 28 -3 -5 -6 -13 26 20 -9 -17 -4 -12 -7 -8 -10 -24 -2 -25
right_child=1 2 8 15 11 7 25 9 18 -11 12 17 -14 -15 -16 21 -18 -19 -20 -21 -22 -23 27 29 -26 -27 -28 -29 -30 -31
leaf_value=-0.022730456349853493 0.0077011313688962607 0.11899825987209141 0.12823819611325468 -0.036621067847483514 0.020950158534722568 0.07538480720999155 -0.0018881929679096549 0.037661363827930734 0.058695024866868194 0.05747847699613684 0.073149333496725241 0.0069662331873310765 0.012407245909125128 0.045884249599048681 0.045616830815363434 -0.0101363555068123 0.069044016367054303 -0.020592864825471971 0.014119027573521403 0.0067459646841684356 0.0054881022981327857 -0.031391277622423185 0.11791505965947957 0.057447262126602096 0.046685564911216872 -0.022338999719053669 0.083297241693139873 0.080573324558385034 -0.02009755356583872 0.022734457660634578
leaf_weight=1753.2501205522567 270.4337811190635 144.953987095505 176.5315242819488 5165.4465276096016 385.28781081177294 211.37807831726968 493.72681114450097 632.50745118223131 447.17003058455884 277.93654351495206 138.50372268632054 887.19833717681468 267.07531823404133 83.937630996108055 49.122213561087847 530.59672886133194 93.428167218342423 280.82838311977684 54.435598138719797 754.69296747818589 354.03844459168613 945.33485646359622 115.60992127098143 125.96969058923423 826.74631614610553 862.87633360922337 415.50756596773863 276.08249841816723 236.54468018002808 228.85567350126803
leaf_count=31011 4516 2089 3318 89945 9503 3481 8710 13774 9374 4646 2299 16241 4735 1235 614 11750 1788 5338 1129 14773 7354 21110 1821 2062 15473 13856 6871 4640 3770 4077
internal_value=-1.19241e-05 0.0334378 0.0510631 -0.0248127 -0.00731277 0.037288 0.0025987 0.0332249 0.0811685 0.0232405 0.0201727 0.0091035 0.0342294 0.00205026 0.100774 -0.0337686 0.0304691 0.000324837 0.067301 0.0177433 0.0261368 -0.0237649 0.103386 0.0459862 0.0525999 -0.0149059 0.070632 0.0918773 -0.00527526 0.0351962
internal_weight=17486 7444.64 4736.71 10041.4 3399.99 3251.38 2707.92 3057.3 1485.34 2019.18 1351.32 1646.74 760.404 590.916 194.076 6641.38 478.716 1168.03 917.113 1741.24 986.546 1475.93 568.224 493.329 1038.12 1356.6 862.678 391.692 506.978 354.825
internal_count=321303 134617 89357 186686 63881 62204 45260 59501 27153 40547 22694 32870 13173 9521 2703 122805 11291 21579 17374 35901 21128 32860 9779 8438 18954 22566 16245 6461 8286 6139
cat_boundaries=0 1
cat_threshold=16
is_linear=0
shrinkage=0.04


Tree=3
num_leaves=31
num_cat=0
split_feature=11 22 0 11 0 22 20 22 21 0 1 0 22 0 22 11 30 22 16 4 4 19 14 11 23 1 11 1 29 22
split_gain=8326.45 2239.5 900.041 861.773 666.807 505.404 349.652 236.146 219.713 211.392 194.003 185.677 154.358 126.23 121.105 118.73 92.5927 90.3716 89.8288 88.2998 81.2743 72.8721 72.3293 104.589 72.2444 66.0169 63.7545 63.1917 59.9807 57.2294
threshold=0.10534475743770601 0.084876112639904036 2.4750000238418584 0.25356170535087591 1.9049999713897707 0.070718556642532363 79.000000000000014 0.03614510782063008 74.533176422119155 2.054999947547913 1.8949999809265139 1.1349999904632571 0.19607897847890857 2.7549999952316289 0.069005299359560027 0.37119558453559881 0.22475587576627734 0.1857978627085686 1.5000000000000002 2.5049999952316289 2.0849999189376835 11.500000000000002 91.979999542236342 0.24008733034133914 1.1662948131561282 0.65500000119209301 0.18974845856428149 2.1650000810623173 16.250000000000004 0.13181531429290774
decision_type=8 8 10 10 8 8 2 10 10 8 10 10 10 10 8 10 10 10 2 2 2 8 10 8 10 8 10 10 2 10
left_child=2 4 5 6 7 -1 16 18 26 24 17 25 22 14 -4 21 -3 -7 -2 29 -13 -9 23 -11 -8 -5 -6 -16 -25 -12
right_child=1 3 13 11 8 10 9 15 -10 12 19 20 -14 -15 27 -17 -18 -19 -20 -21 -22 -23 -24 28 -26 -27 -28 -29 -30 -31
leaf_value=-0.023089987285854763 -0.0027181412020294425 0.113852768475116 -0.034251451799018361 0.12427160807512735 -0.0030836707819386078 0.022670071618683067 0.03888864611805213 0.0066817247063230703 -0.022779798672570753 0.011885829078247385 -0.0012923039135055892 0.071515447471987154 0.05197013630468237 -0.037414997268028223 0.00066499456686395001 0.072353519472032835 0.057508220742550964 0.073120429257863009 0.043607391897552909 -0.02037407445134087 0.043203399714279396 0.03944978602328441 0.0054248058491806039 0.056456628658107966 0.061136532677084826 0.087057141675810426 0.015133034532767016 -0.021636001281139065 0.026110231016509621 0.020621402754560127
leaf_weight=1692.0913673248142 379.914242554456 108.2425975445658 1152.6625000536442 100.15419207327068 844.24520773999393 397.28224293515086 570.50140416622162 131.0617835726589 820.61309580504894 449.02584785781801 610.34363686852157 628.97521908581257 271.83513787761331 4295.2172447573394 287.49599377065897 155.44840530119836 89.055025190114975 65.869767596945167 80.249635396525264 274.65145632997155 228.05597006343305 654.45763938128948 432.25410155951977 188.4189719222486 409.81814069114625 466.46129636652768 481.95181181840599 689.8604838475585 240.97540590725839 276.05440454185009
leaf_count=30478 6107 1544 20775 1379 15026 9617 12085 2240 13554 9352 10848 10993 4340 80802 7318 2532 1014 1167 1133 5332 4312 10856 8740 5128 5394 7564 8297 13363 4554 5289
internal_value=-0.00012638 0.0308653 -0.0247251 0.0506864 0.00748315 -0.00779665 0.0376223 0.0289383 -0.00652484 0.0336432 0.00813788 0.0759679 0.0245698 -0.0334593 -0.0254668 0.0404129 0.0888587 0.0299958 0.0054291 -0.000596304 0.0640454 0.0340031 0.0188486 0.025436 0.0482462 0.0938495 0.00353984 -0.0150779 0.0395358 0.00554341
internal_weight=17473.2 7731.72 9741.53 4183.77 3547.94 3316.29 2760.13 1401.13 2146.81 2562.83 1624.2 1423.65 1582.51 6425.24 2130.02 940.968 197.298 463.152 460.164 1161.05 857.031 785.519 1310.67 878.42 980.32 566.615 1326.2 977.356 429.394 886.398
internal_count=321133 136144 184989 76399 59745 62731 52151 22868 36877 49593 32253 24248 32114 122258 41456 15628 2558 10784 7240 21469 15305 13096 27774 19034 17479 8943 23323 20681 9682 16137
is_linear=0
shrinkage=0.04


Tree=4
num_leaves=31
num_cat=0
split_feature=11 22 0 11 22 0 20 0 0 22 1 21 11 21 0 22 22 0 40 26 12 2 1 14 11 4 4 22 22 17
split_gain=7570.04 1954.97 921.003 862.894 488.992 465.635 324.344 227.95 199.098 194.337 170.801 145.632 132.676 123.151 122.622 116.554 97.5444 97.224 89.7443 82.6375 70.7157 70.6432 65.6766 64.8464 95.5915 63.2239 57.169 56.7108 54.7766 54.4566
threshold=0.10534475743770601 0.069005299359560027 2.4750000238418584 0.25356170535087591 0.070718556642532363 1.8350000381469729 79.000000000000014 2.054999947547913 0.92500001192092907 0.14145641028881076 2.1750000715255742 75.92813873291017 0.37640480697155004 76.094738006591811 2.7549999952316289 0.069005299359560027 0.13746111840009692 2.2649999856948857 0.38395105302333837 1.5000000000000002 2.5000000000000004 -0.90500000119209278 2.2849999666213994 93.08499908447267 0.22755115479230884 2.5149999856948857 2.1550000905990605 0.037652041763067252 0.18932993710041049 4.5000000000000009
decision_type=8 8 10 10 8 8 2 8 10 10 10 10 10 10 10 8 10 10 10 2 8 8 10 10 8 2 2 10 10 8
left_child=2 5 4 6 27 12 18 26 21 23 16 -7 13 29 15 -4 -6 20 -3 -11 -10 -5 -17 24 -9 -12 -8 -1 -22 -2
right_child=1 3 14 8 10 11 7 9 17 19 25 -13 -14 -15 -16 22 -18 -19 -20 -21 28 -23 -24 -25 -26 -27 -28 -29 -30 -31
leaf_value=-0.029614752585016932 0.032901825627189643 0.093085329314084475 -0.033936551095033136 0.064591626008591779 0.013637858299584627 -0.0016362928461103707 0.046348399020793116 0.0043646726365865786 0.039501548072521278 0.029805027015959728 0.0034104143532934358 -0.025284730587440796 0.057049052996331645 -0.0088297718806889507 -0.037097360600431901 -0.0010117542568891839 0.046063534203184472 0.032531644520506671 0.032271173198192636 0.063852348393290903 0.061888407103749002 0.097629011081456482 -0.022777424286719323 -0.0029791498587163428 0.030410066679690418 -0.020367464201277562 0.025316651491093516 -0.014769649404896716 0.087338907875772004 0.005755748896787787
leaf_weight=834.96641370281577 468.67467533238232 166.40501091070473 1120.037353316322 161.70685420371592 512.73693229444325 1082.2781455740333 975.27196189202368 479.84169574640691 180.96018138341606 526.60114596039057 668.48550967313349 677.01523307897151 157.18750125914812 217.43936724588275 4155.6282318010926 347.79679325036705 209.10545223765075 212.13386977091432 52.706529220566154 146.89817718788981 652.45505406707525 349.99101407453418 613.74060568772256 383.19665257446468 425.66265767067671 243.12388258427382 268.9885022919625 822.30057068541646 182.35090370476246 159.17101178504527
leaf_count=14590 7258 2042 20796 2186 11325 18949 16550 10128 2886 9252 12408 11145 2385 3472 80713 8486 3734 3928 609 1661 11217 5251 12098 7454 9804 4818 4573 15887 2614 2766
internal_value=-6.1601e-05 0.0288162 -0.024088 0.0433393 -0.0069621 0.00164717 0.0316706 0.028433 0.0662834 0.0199194 0.00856526 -0.0107482 0.0233935 0.0170702 -0.0331203 -0.0251646 0.0230873 0.0574402 0.0786879 0.0373207 0.0626011 0.0873427 -0.014918 0.0108002 0.0166326 -0.00294207 0.0418289 -0.0222647 0.0675503 0.0260462
internal_weight=17454.9 7926.94 9527.92 5165.17 3290.72 2761.77 3425.57 3206.46 1739.6 1962.2 1633.45 1759.29 1002.47 845.285 6237.2 2081.57 721.842 1227.9 219.112 673.499 1015.77 511.698 961.537 1288.7 905.504 911.609 1244.26 1657.27 834.806 627.846
internal_count=320985 136130 184855 90155 62762 45975 62073 59422 28082 38299 32285 30094 15881 13496 122093 41380 15059 20645 2651 10913 16717 7437 20584 27386 19932 17226 21123 30477 13831 10024
is_linear=0
shrinkage=0.04


Tree=5
num_leaves=31
num_cat=0
split_feature=0 22 1 9 9 20 4 22 0 22 17 22 0 1 4 20 16 21 4 6 6 22 21 39 14 4 0 22 4 14
split_gain=6605.72 1954.66 678.66 636.916 417.125 396.896 376.254 276.101 275.721 213.413 188.795 180.208 145.5 137.341 88.7438 81.4817 80.7888 80.2376 79.4979 78.3222 77.0404 70.9011 69.4892 69.2454 65.6365 64.7361 59.4672 59.3387 57.9326 75.2503
threshold=2.2549999952316289 0.069005299359560027 2.1450001001358037 3.5000000000000004 3.5000000000000004 79.000000000000014 2.0249999761581425 0.083829231560230269 2.6750000715255742 0.072171278297901167 4.5000000000000009 0.12391588091850282 1.5349999666213991 1.0549999475479128 2.3750000000000004 177.50000000000003 1.5000000000000002 67.775608062744155 0.65500000119209301 110.25000000000001 57.500000000000007 0.14934223890304568 73.944297790527358 3.2718747854232793 79.729999542236342 2.245000004768372 0.88499999046325695 0.12391588091850282 1.0000000180025095e-35 91.979999542236342
decision_type=10 8 8 2 2 2 2 10 10 8 10 8 10 10 2 2 2 10 2 2 2 10 10 10 10 2 8 10 2 10
left_child=1 4 7 5 15 23 13 -2 9 -4 12 25 16 26 24 -1 17 -6 -15 -8 21 -11 -12 -3 -13 28 -5 -20 29 -7
right_child=2 3 8 6 10 11 19 -9 -10 20 22 14 -14 18 -16 -17 -18 -19 27 -21 -22 -23 -24 -25 -26 -27 -28 -29 -30 -31
leaf_value=0.0005243997299866068 -0.014630811707619953 0.086456294579240964 -0.030107235434020271 0.094734286719000402 0.099292203837843721 0.019027385596617583 0.045310056354343209 0.020009436613761037 -0.03552371203777889 -0.0024244645875103124 0.005083159857291986 0.048212606211149325 0.010517219576288433 0.027740506728478453 -0.0041502046882723785 -0.021434204184618708 0.06340297119248002 0.02127267607960974 0.049068856029890549 0.024801377339466 -0.014744368492121419 0.035612622446972685 -0.024945110630553047 0.040667149180863379 0.027735554286457357 -0.0065531320597703282 0.06847976049730993 0.070866471748994853 0.025910138545757359 -0.010781918015680519
leaf_weight=355.02725221961737 887.55363019742072 177.90694508329034 1360.671710729599 268.189922016114 22.050771100446582 313.52402995340526 623.4813066534698 627.58848615922034 4663.9555508103222 351.14763473533094 305.74789695627987 368.7371285893023 670.65178443491459 141.39458498172462 104.82820164784789 1127.6534521970898 154.25420684926212 271.05552192032337 398.44666263088584 582.31130919419229 771.08732301183045 99.852550840005279 205.16203387454152 79.706002367660403 809.33113034628332 296.73327449522913 329.37731180526316 435.33878552354872 421.51190122589469 237.00452118366957
leaf_count=5772 15604 2259 25964 3782 337 5570 10614 10395 94211 8084 5383 8021 11210 1907 2437 20363 2130 4185 5761 10329 16871 1872 3888 781 15807 5328 5382 6009 7381 3699
internal_value=-0.000111784 0.0245773 -0.0246255 0.0387241 -0.000830487 0.0252765 0.0523051 -0.000276069 -0.0297151 -0.0192147 0.0131369 0.0204791 0.0223372 0.0652036 0.0310475 -0.0161767 0.039985 0.0274734 0.0558097 0.0354379 -0.00706907 0.00604835 -0.00699241 0.0725165 0.0341837 0.00977393 0.0804081 0.0605259 0.0147638 0.00619084
internal_weight=17461.3 8699.43 8761.86 5587.82 3111.6 2809.28 2778.54 1515.14 7246.71 2582.76 1628.92 2551.67 1118.01 1572.75 1282.9 1482.68 447.36 293.106 975.18 1205.79 1222.09 451 510.91 257.613 1178.07 1268.77 597.567 833.785 972.04 550.529
internal_count=321336 148335 173001 95067 53268 51283 43784 25999 147002 52791 27133 48243 17862 22841 26265 26135 6652 4522 13677 20943 26827 9956 9271 3040 23828 21978 9164 11770 16650 9269
is_linear=0
shrinkage=0.04


Tree=6
num_leaves=31
num_cat=2
split_feature=0 22 1 9 9 5 22 0 22 22 23 26 22 4 21 14 4 9 5 14 42 1 22 46 6 6 22 15 31 25
split_gain=6070.91 1754.38 670.865 574.45 378.922 312.251 296.496 291.122 249.293 212.64 184.516 156.81 149.113 145.382 109.739 108.934 107.101 101.516 95.3856 89.1745 88.815 74.4566 70.8428 68.0932 67.4999 66.5672 65.1861 62.8536 71.7272 61.0699
threshold=2.2549999952316289 0.069005299359560027 2.1250000000000004 3.5000000000000004 3.5000000000000004 34.500000000000007 0.13181531429290774 2.6750000715255742 0.069005299359560027 0.069005299359560027 1.0368346571922304 1.5000000000000002 0.17265895754098895 2.0849999189376835 58.605054855346687 92.189998626708999 2.054999947547913 16.500000000000004 33.500000000000007 89.505001068115249 0 1.794999957084656 0.17032737284898761 1 83.500000000000014 85.500000000000014 0.037652041763067252 3.5000000000000004 72.423851013183608 302.12500000000006
decision_type=10 8 8 2 2 2 10 10 10 8 10 2 8 2 10 10 2 2 2 10 9 8 10 1 2 2 10 2 10 2
left_child=1 4 8 6 26 12 18 9 -2 -4 -6 14 17 20 -8 -13 -7 27 19 -3 25 -21 -11 -16 -10 29 -1 -5 -29 -12
right_child=2 3 7 5 10 16 11 -9 24 22 13 15 -14 -15 23 -17 -18 -19 -20 21 -22 -23 -24 -25 -26 -27 -28 28 -30 -31
leaf_value=-0.024145346529544334 -0.017096851091652716 0.024099811128037545 -0.029747223638408808 0.043360048586872077 -0.011534707026350599 0.045580125731363087 0.066121505630315783 -0.035128844520085911 0.02644335358286953 -0.010655660879060915 0.046610987443195272 0.081267711096708273 0.076137912771460162 0.0023177339766382093 0.040401197975602772 0.026243198724726545 0.021212268033053382 0.086854113525522081 -0.014096935595367602 0.059020501048556565 0.012875889855946801 -0.00032960423293077509 0.01600540087000028 0.017151038591613529 0.0026050566045932961 0.02770604211825373 -0.0072510576127621448 0.060824159639504514 0.15106311504898057 0.10108372575989545
leaf_weight=739.5870276838541 664.05545752309263 820.41162279620767 1298.397695351392 900.69180889241397 397.00833756290376 554.65060081519186 121.09707153216004 4551.3251617485657 444.23393428139389 1108.0320312846452 168.0317592266947 191.52399080991745 589.78477201610804 474.50217984616756 315.75970727391541 84.300897035747766 609.30095302313566 114.99406489171088 195.54570380970836 35.113670794293284 289.26691604033113 530.52253028005362 185.22710246965289 565.22513763420284 332.71276541054249 271.0224517583847 725.50022198818624 95.918212933465838 16.548135701566935 41.891690984368324
leaf_count=12413 11812 16967 25334 12015 9162 8146 1497 94707 7211 24798 2448 1816 9116 7130 5923 930 10823 1842 3808 539 4141 10592 3576 9128 5598 3656 13742 1553 182 476
internal_value=-4.64773e-05 0.0232023 -0.0240112 0.0363026 -0.0010097 0.0489077 0.0235847 -0.0290331 0.000882429 -0.0183172 0.012182 0.0379094 0.0597549 0.019753 0.0304961 0.0646205 0.0328567 0.0511267 0.0119913 0.0156823 0.0304721 0.00344534 -0.00682462 0.0255252 0.0162567 0.0409985 -0.0157928 0.046986 0.0753514 0.0579281
internal_weight=17432.2 8848.2 8583.98 5741.39 3106.81 2881.89 2859.5 7142.98 1441 2591.66 1641.72 1277.91 1717.94 1244.71 1002.08 275.825 1163.95 1128.15 1581.59 1386.05 770.213 565.636 1293.26 880.985 776.947 480.946 1465.09 1013.16 112.466 209.923
internal_count=321081 148045 173036 94877 53168 43677 51200 148415 24621 53708 27013 19294 24708 17851 16548 2746 18969 15592 31906 28098 10721 11131 28374 15051 12809 6580 26155 13750 1735 2924
cat_boundaries=0 1 2
cat_threshold=16 8
is_linear=0
shrinkage=0.04


Tree=7
num_leaves=31
num_cat=0
split_feature=11 22 0 11 22 0 22 0 11 1 23 20 1 0 0 21 22 22 0 33 14 11 4 1 22 26 4 2 1 4
split_gain=5986.61 1370.28 753.453 590.445 394.977 347.725 248.619 162.989 160.729 145.678 117.132 109.436 90.275 83.5563 76.8481 74.3337 70.1419 66.5111 60.5395 58.5414 52.8186 83.3855 51.0599 48.7214 48.397 50.965 48.2682 47.6241 42.7259 42.3758
threshold=0.093683511018753066 0.069005299359560027 2.5449999570846562 0.30720923840999609 0.066482517868280425 2.1350001096725468 0.12391588091850282 1.9650000333786013 0.30389449000358587 2.1750000715255742 1.0380845069885256 79.000000000000014 2.5349999666213994 1.6349999904632571 0.86500000953674328 75.92813873291017 0.10032052919268609 0.16613544523715976 0.58499997854232799 3.8850247859954838 90.005001068115249 0.25645792484283453 2.5149999856948857 2.1950000524520878 0.19607897847890857 3.5000000000000004 2.3649998903274541 -1.0000000180025095e-35 1.985000014305115 2.1550000905990605
decision_type=8 8 10 10 8 8 10 8 10 10 10 2 10 8 10 10 10 10 10 10 10 8 2 8 10 2 2 10 10 2
left_child=2 5 4 6 23 8 7 -3 10 17 -2 19 16 -13 27 28 -4 -6 -10 -8 21 -9 -11 -1 25 -15 -16 -5 -7 -12
right_child=1 3 12 14 9 15 11 20 18 22 29 13 -14 24 26 -17 -18 -19 -20 -21 -22 -23 -24 -25 -26 -27 -28 -29 -30 -31
leaf_value=-0.012945369500528145 -0.015336968400211589 0.031292352280166309 -0.030680864729547026 0.064469768455175533 0.010938200748501081 0.0013227536124687609 0.07569325245290251 0.005807488627759567 0.071189776034889879 -0.00039823298943717731 0.018383050962070144 0.047770590457372704 -0.03752725749228393 0.021956324646291072 0.051858335718356997 -0.02537418725590174 -0.012055581511907807 0.041725195943198339 0.0286722079603835 0.033903688730469055 -0.00067638794961744769 0.029932693569095736 -0.019091751496654281 -0.0284566048728143 0.039009098146272396 0.11741055935535696 -0.0014953440505080871 0.10037295011629155 -0.017437597619371178 -0.0018747880424059579
leaf_weight=458.33688221871853 300.41151656955481 932.13301946781576 1434.1609211824834 378.33586008287966 634.07464103307575 473.79905937612057 166.90975915081799 581.09186556003988 64.961424820125103 737.41297324839979 680.44934227503836 497.21591724641621 3327.4520735144615 878.06472329888493 897.38847482949495 558.40615956485271 421.05258464626968 136.00981744751334 311.48282215185463 83.269091427326202 499.18169095274061 378.81784433498979 341.65097193047404 1136.3485617609695 463.63268762454391 8.1211985945701581 27.767849268391728 75.140360759571195 327.6207207031548 217.40481670759618
leaf_count=8645 6614 14875 33187 4799 13557 8462 1640 11970 851 13788 9482 6712 68082 13581 13480 9625 8851 2286 4962 755 10239 8302 6957 22047 6645 83 459 786 6180 3217
internal_value=-0.000259076 0.0229487 -0.0239383 0.0341091 -0.0094309 0.000630031 0.0270641 0.018232 0.0134227 0.00314757 0.00624292 0.037119 -0.0335739 0.0337163 0.0570065 -0.0141802 -0.0264647 0.0164279 0.0361891 0.0619904 0.00987003 0.0153536 -0.00633284 -0.0240119 0.0285048 0.022967 0.0502528 0.0706354 -0.00635367 0.0134768
internal_weight=17428.1 8801.61 8626.5 5867.07 3443.83 2934.54 4488.44 2391.22 1574.71 1849.15 1198.27 2097.21 5182.67 1847.03 1378.63 1359.83 1855.21 770.084 376.444 250.179 1459.09 959.91 1079.06 1594.69 1349.82 886.186 925.156 453.476 801.42 897.854
internal_count=321119 143719 177400 94326 67280 49393 74802 45386 25126 36588 19313 29416 110120 27021 19524 24267 42038 15843 5813 2395 30511 20272 20745 30692 20309 13664 13939 5585 14642 12699
is_linear=0
shrinkage=0.04


Tree=8
num_leaves=31
num_cat=0
split_feature=11 22 0 11 22 0 20 0 21 4 22 22 1 22 11 11 17 1 14 11 25 14 22 1 1 35 16 22 25 19
split_gain=5528.97 1191.9 726.989 480.388 322.611 321.933 220.691 150.529 144.472 130.12 117.717 112.076 111.263 96.6059 91.6146 86.5267 83.8589 64.7797 61.7268 92.4672 57.109 55.5134 53.7864 53.6439 52.47 51.9745 48.2868 42.3723 41.5172 40.5831
threshold=0.093683511018753066 0.069005299359560027 2.4750000238418584 0.25356170535087591 0.066482517868280425 1.7749999761581423 79.000000000000014 2.0949999094009404 74.533176422119155 2.4750000238418584 0.19607897847890857 0.017273891717195514 2.5349999666213994 0.10294625535607339 0.31589473783969885 0.50084745883941661 2.5000000000000004 1.4049999713897707 91.979999542236342 0.1864021569490433 279.37500000000006 79.979999542236342 0.12391588091850282 2.1950000524520878 1.6349999904632571 13.250000000000002 3.5000000000000004 0.193641372025013 340.12500000000006 36.000000000000007
decision_type=8 8 10 10 8 8 2 8 8 2 10 10 10 10 10 10 10 8 10 8 2 10 10 8 8 2 2 10 2 10
left_child=2 5 4 6 23 11 21 17 24 16 18 -2 13 -4 29 22 27 -8 19 -9 -16 -3 -5 -1 -7 -21 -24 -6 -29 -13
right_child=1 3 12 15 9 8 7 10 -10 -11 -12 14 -14 -15 20 -17 -18 -19 -20 25 -22 -23 26 -25 -26 -27 -28 28 -30 -31
leaf_value=-0.0098742968584373796 -0.015716914075789821 0.066494280772441045 -0.029260847011239061 0.036875325761406084 0.017176811665384061 0.016222903474283436 0.047336277381675979 0.002345441563948736 -0.020785825834779996 -0.016157642809850763 0.036611423021910457 -0.001521809478250023 -0.036410547845127733 -0.0085280321593214081 0.032147788349569766 0.067337928599770974 0.00047994048235647978 0.026712969398901613 0 0.038110329280296583 0.074847236974635578 0.014404965404077706 0.053970283076067445 -0.027220892408835573 -0.004096753122802361 0.016022248629301687 0.019302117221866106 0.037359893547694721 0.12934512456203381 0.021853039263382824
leaf_weight=416.74062866531312 128.43643919937313 227.97224506922066 1612.3358296686783 841.3861923366785 542.47702302224934 275.20893404260278 305.89999516308308 495.34869399946183 871.04764949064702 366.22733275964856 324.08566220104694 156.91364224813879 3413.2239391328767 464.82296600099653 174.25665128417313 311.15690538100898 617.06734510883689 1251.4862381424755 603.75325536727905 284.30637864582241 71.755440138280392 39.184243556112051 812.16620504111052 920.14682695269585 769.29961448721588 432.83900577947497 71.777706265449524 72.801424447447062 8.1827588379383069 483.23793364129961
leaf_count=7918 1732 2282 37834 13302 10592 4461 4039 9837 15491 7870 4440 2608 72150 9782 2828 3993 11583 19888 11301 5999 736 409 10056 18250 14098 8064 670 1214 84 7330
internal_value=-0.000136117 0.0217952 -0.0233614 0.0320041 -0.00731772 0.00088089 0.023881 0.0213309 -0.00876627 0.00475897 0.0144321 0.0190893 -0.0319595 -0.0246296 0.0241505 0.0477975 0.0109452 0.0307941 0.0104543 0.0156543 0.0448709 0.0589514 0.0442342 -0.0218279 0.00126368 0.0248253 0.0511847 0.0212794 0.0481673 0.0161237
internal_weight=17365.5 8931.52 8434.03 6001.36 2943.64 2930.16 3964.88 3697.72 1915.56 1606.76 2140.33 1014.6 5490.38 2077.16 886.164 2036.49 1240.53 1557.39 1816.25 1212.49 246.012 267.156 1725.33 1336.89 1044.51 717.145 883.944 623.461 80.9842 640.152
internal_count=320841 143564 177277 94280 57511 49284 66259 63568 34050 31343 39641 15234 119766 47616 13502 28021 23473 23927 35201 23900 3564 2691 24028 26168 18559 14063 10726 11890 1298 9938
is_linear=0
shrinkage=0.04


Tree=9
num_leaves=31
num_cat=0
split_feature=0 22 1 9 9 22 20 0 5 22 17 4 16 22 22 25 22 9 20 17 24 25 1 9 22 22 22 25 14 4
split_gain=4923.4 1213.45 604.009 369.703 301.032 250.323 240.605 205.582 194.157 174.329 155.476 121.795 114.671 100.887 93.5172 91.5095 89.8993 76.0639 76.0289 72.0973 67.0734 66.864 59.3368 58.5617 54.5728 92.9232 52.0426 54.2505 51.8584 59.7685
threshold=2.2549999952316289 0.069005299359560027 2.3249999284744267 3.5000000000000004 3.5000000000000004 0.053768806159496314 79.000000000000014 2.7549999952316289 35.500000000000007 0.069005299359560027 4.5000000000000009 2.2849999666213994 1.5000000000000002 0.16758911311626437 0.139328308403492 677.12500000000011 0.12391588091850282 21.500000000000004 177.50000000000003 1.5000000000000002 0.049767626449465759 296.12500000000006 1.5850000381469729 17.500000000000004 0.021314746700227264 0.018693005666136745 0.046048244461417205 350.12500000000006 86.534999847412124 0.50499999523162853
decision_type=10 8 8 2 2 10 2 10 2 8 10 2 2 10 10 2 8 2 2 8 10 2 10 2 10 10 10 2 10 2
left_child=1 4 5 6 18 -2 -3 9 16 -4 12 14 20 22 28 17 23 -10 -1 -11 -6 -16 -7 -5 25 -22 -12 -28 -8 -30
right_child=2 3 7 8 10 13 11 -9 15 19 26 -13 -14 -15 21 -17 -18 -19 -20 -21 24 -23 -24 -25 -26 -27 27 -29 29 -31
leaf_value=0.0019658793484142491 -0.022898012128793794 0.053542269235179275 -0.031536226213047004 0.033974219528449971 -0.00049887982199668321 0.015546685989163284 0.020667389061278379 -0.035933019224159611 0.018111947113635087 0.0071341162540567681 -0.015639980113876777 -0.0038278842664497192 0.042772583298812117 0.031212900889369965 0.024390885758738833 0.084806547001835639 0.054787871735780244 0.040895416092247831 -0.019671660898474858 -0.015613158222347401 -0.014229994237946457 0.052256643592276539 -0.0046586166156638385 0.069333060950066777 0.018956380315670263 0.17006899266410988 0.0019746892124704886 0.068989253560624561 -0.0040535817190840819 0.020458192768398366
leaf_weight=342.99795870669186 766.64044950716197 304.74302621744573 1258.1862228568643 785.61763761006296 386.82126742042601 322.46971594914794 716.20638559013605 3403.9725572112948 830.87832441926003 284.17421531677246 368.63986794184893 415.49916588887572 248.80502768047154 208.41561554186046 728.84637267142534 41.1240464001894 1106.3771549705416 328.46550082415342 1064.1638136031106 1021.6372966729105 7.4086042046546963 171.03508705459535 826.1120896814391 83.500846888870001 516.63907930068672 9.0959133952856046 122.80963972769678 21.983772061765194 420.55755716003478 254.64602660946548
leaf_count=5708 14461 3048 26697 9970 7678 5198 14089 77658 13413 6300 6638 8084 3235 3239 11642 408 14374 4420 20358 24426 97 1650 15094 1213 6654 115 2397 266 8369 4255
internal_value=-0.000165045 0.0197235 -0.0229669 0.0299444 -0.000749129 -0.0046414 0.0198901 -0.0294853 0.0394676 -0.0209131 0.0106667 0.0160815 0.0187227 0.00567906 0.0196937 0.0267348 0.0471857 0.0246001 -0.014397 -0.0106581 0.0121747 0.0297437 0.00101923 0.0374517 0.0213611 0.0910249 -0.00766483 0.0125803 0.0131743 0.00520145
internal_weight=17368.5 9276.86 8091.61 6187.5 3089.36 2123.64 3011.53 5967.97 3175.96 2564 1682.2 2706.79 1168.77 1357 2291.29 1200.47 1975.5 1159.34 1407.16 1305.81 919.965 899.881 1148.58 869.118 533.144 16.5045 513.433 144.793 1391.41 675.204
internal_count=321154 148081 173073 94935 53146 37992 51137 135081 43798 57423 27080 48089 17779 23531 40005 18241 25557 17833 26066 30726 14544 13292 20292 11183 6866 212 9301 2663 26713 12624
is_linear=0
shrinkage=0.04


Tree=10
num_leaves=31
num_cat=0
split_feature=11 22 0 11 22 0 22 5 0 0 22 14 1 22 1 11 1 21 0 14 19 1 7 22 1 5 1 28 19 5
split_gain=4849.15 1064.01 589.651 479.835 269.039 236.817 221.839 111.725 110.485 108.932 90.8987 77.7298 77.8875 77.6134 71.7569 71.513 62.4247 55.667 55.5551 55.0209 69.9613 64.7097 52.9651 52.7273 47.5299 46.8196 40.7467 40.2844 39.8884 41.9184
threshold=0.078321117907762541 0.0515999123454094 2.554999947547913 0.23540768027305606 0.066482517868280425 1.9550000429153445 0.11531509459018709 28.500000000000004 2.4750000238418584 1.1250000000000002 0.017273891717195514 79.149997711181655 0.99500000476837169 0.193641372025013 2.5249999761581425 0.31589473783969885 2.0649999380111699 79.325862884521499 2.435000061988831 83.795001983642592 17.500000000000004 1.5049999952316286 13.500000000000002 0.10209254175424577 1.985000014305115 35.500000000000007 1.985000014305115 5.5000000000000009 36.000000000000007 34.500000000000007
decision_type=8 8 8 10 8 8 10 2 10 10 10 10 10 10 10 10 8 10 10 10 10 10 2 10 10 2 8 2 10 2
left_child=2 5 4 6 -1 10 8 13 19 -5 -2 12 -8 24 23 28 -13 26 -11 21 -21 27 -22 -4 -6 -24 -7 -3 -12 -30
right_child=1 3 14 9 7 17 11 -9 -10 18 15 16 -14 -15 -16 -17 -18 -19 -20 20 22 -23 25 -25 -26 -27 -28 -29 29 -31
leaf_value=-0.023570709963308879 -0.016401081110209374 0.045037530367991283 -0.030315887903186196 0.049796244926239006 0.018802258183708741 -0.00095472121281025462 0.050149013393255955 -0.010469416102673452 -0.0093202229047172468 0.035678998584508556 -0.0082274928804275688 0.034914172628369509 0.02646642380984187 0.043586793701601949 -0.03695311431613045 0.037634677613558369 0.015056769280558631 -0.030847209669620887 0.013590012309751003 -0.018386660137476186 4.6249169410311277e-05 0.010844882105166785 0.03017018940159516 -0.012882471030622367 -0.0017957292440938686 0.0067771541195629234 -0.017796563939981087 0.021891172871154475 0.027634330368719699 0.0025235234456405008
leaf_weight=1358.9331564716995 172.48388454597443 183.89293578639627 1241.8409932795912 978.31080635823309 289.20717224199325 357.71429343614727 383.86119018495083 775.49798591714352 391.40187440998852 1519.6465945206583 158.71012019366026 360.2428014241159 541.04520609788597 99.120204312726855 2981.1933376044035 180.22899752110243 864.10004536155611 325.94338006153703 209.55944915488362 146.72695625759661 396.82386008929461 619.36191312596202 292.17547097895294 361.37206359021366 467.57697361893952 259.1709307115525 645.19513316173106 361.15894750971347 214.29664321988821 211.42084929067641
leaf_count=27780 2437 3382 31048 11399 6626 6289 4777 15232 9041 21242 2563 5062 7044 1692 66937 2535 12513 5680 3543 3372 7663 10035 4695 7918 8994 4800 12331 8000 3154 3485
internal_value=-0.000236671 0.01838 -0.024257 0.0256301 -0.0104318 -0.00563964 0.0180274 0.00051798 0.0102757 0.0390954 0.00974991 0.0275766 0.0363432 0.0104785 -0.0332698 0.0156677 0.0209265 -0.0164949 0.0330138 0.0136749 0.007222 0.0197277 0.0112043 -0.0263993 0.006085 0.0192133 -0.0118004 0.0297759 0.00883391 0.0152083
internal_weight=17348.2 9773.47 7574.74 7507.48 2990.34 2265.99 4799.96 1631.4 2650.71 2707.52 937.14 2149.25 924.906 855.904 4584.41 764.657 1224.34 1328.85 1729.21 2259.31 1094.9 1164.41 948.17 1603.21 756.784 551.346 1002.91 545.052 584.428 425.717
internal_count=321269 155042 166227 116568 60324 38474 80384 32544 50988 36184 14174 29396 11821 17312 105903 11737 17575 24300 24785 41947 20530 21417 17158 38966 15620 9495 18620 11382 9202 6639
is_linear=0
shrinkage=0.04


Tree=11
num_leaves=31
num_cat=1
split_feature=11 22 0 11 22 0 22 0 1 0 14 22 26 11 1 22 22 14 4 1 25 19 46 4 14 25 22 37 0 1
split_gain=4510.23 1041.57 520.708 452.397 241.028 224.599 210.285 129.453 109.061 96.3585 94.8373 89.4408 83.5467 71.2999 64.9596 64.665 60.9679 53.8497 72.4378 52.989 52.8353 49.5315 44.156 43.4121 42.6047 42.3894 38.1722 36.9871 36.7288 34.5216
threshold=0.071059312671422972 0.052642140537500388 2.554999947547913 0.19489352405071261 0.066482517868280425 2.0049999952316289 0.11531509459018709 1.3049999475479128 2.1750000715255742 2.4850000143051152 79.149997711181655 0.020587688311934475 1.5000000000000002 0.25845077633857733 2.4850000143051152 0.11901463195681573 0.17265895754098895 88.184997558593764 2.1750000715255742 1.0000000180025095e-35 677.12500000000011 190.50000000000003 0 2.2849999666213994 84.979999542236342 75.625000000000014 0.055593475699424751 70.734672546386733 2.1250000000000004 2.1950000524520878
decision_type=8 8 8 10 8 8 10 10 10 10 10 10 2 10 10 10 10 10 2 8 2 10 1 2 8 2 8 10 10 10
left_child=2 5 4 6 29 11 9 19 15 17 12 -2 -8 -13 24 -6 20 18 -3 -5 23 -19 25 -9 -4 -21 -23 -15 -10 -1
right_child=1 3 14 7 8 -7 10 16 28 -11 -12 13 -14 27 -16 -17 -18 21 -20 22 -22 26 -24 -25 -26 -27 -28 -29 -30 -31
leaf_value=-0.01416561373432482 -0.012657354712795207 0.022374047210757086 -0.0142522718372494 0.069208066477293051 0.0028079322931924434 -0.017238433475822986 0.029844286273712297 0.025609741660749585 0.0036746027686757879 -0.011260005609590895 0.017693267996154019 0.00498431654198062 0.06458480079513397 0.019555652779671261 -0.036466398593817763 0.029729883240689686 0.041332768215116902 -0.0025646095532118164 0.00063330382580846479 0.039263603054828178 0.069308614872647736 0.11445949938705302 0.034912964113507423 0.0025960340670062661 -0.03014692263966352 0.061503528610293394 0.017823767629604439 0.049858619956505965 -0.014113935513245886 -0.028511632680069399
leaf_weight=399.37099360488355 267.75573376473039 858.76893303357065 370.9179288065061 124.73046495392919 383.93817641865462 1309.8672827640548 657.10187768563628 1432.0100862747058 259.54988146945834 373.65213899221271 1124.1741529535502 519.8793315179646 134.05237379670143 200.10663361661136 2974.1132181240246 226.82246968522668 455.68976174481213 615.84494783356786 343.6659782351926 297.24754186905921 40.74331415258348 5.8900678381323806 718.46725482679904 145.05236326903105 1029.7868943065405 273.64635223522782 161.57709903363138 96.471174610778689 645.94293019175529 848.20999437756836
leaf_count=8220 3918 15631 9700 1272 8823 24507 9036 21898 4869 8788 16116 8398 1019 2930 68806 3719 5303 11970 6799 4760 384 114 8127 2564 25864 2433 2804 1326 12983 17898
internal_value=-0.000159087 0.0169653 -0.024522 0.0240786 -0.0109227 -0.00609677 0.0153489 0.0347699 -0.000202654 0.00734817 0.0251934 0.00736357 0.0358098 0.0139417 -0.0331082 0.0128449 0.028373 0.0108555 0.0161694 0.0441203 0.0246968 0.00268312 0.0416385 0.0234985 -0.0259539 0.0500198 0.0219056 0.0295605 -0.0090122 -0.0239375
internal_weight=17295 10156.4 7138.65 7762.31 2763.83 2394.08 4274.73 3487.59 1516.25 2359.4 1915.33 1084.21 791.154 816.457 4374.82 610.761 2073.5 1985.75 1202.43 1414.09 1617.81 783.312 1289.36 1577.06 1400.7 570.894 167.467 296.578 905.493 1247.58
internal_count=320979 160097 160882 119018 56512 41079 72277 46741 30394 46106 26171 16572 10055 12654 104370 12542 30149 37318 22430 16592 24846 14888 15320 24462 35564 7193 2918 4256 17852 26118
cat_boundaries=0 1
cat_threshold=8
is_linear=0
shrinkage=0.04


Tree=12
num_leaves=31
num_cat=2
split_feature=11 22 0 11 22 0 22 6 22 0 23 1 22 44 1 4 21 22 1 11 42 25 1 15 14 21 4 25 23 11
split_gain=4163.52 875.772 554.041 404.538 253.991 197.274 185.638 111.406 87.6979 87.1659 80.9565 78.3748 72.4495 70.0726 57.016 55.7338 55.5102 55.5049 52.7319 41.0751 41.0323 39.7867 39.3597 38.2616 68.542 55.0544 52.6478 41.6019 48.6854 38.0468
threshold=0.078321117907762541 0.051998689770698554 2.554999947547913 0.23540768027305606 0.066482517868280425 1.9550000429153445 0.11531509459018709 52.500000000000007 0.1857978627085686 2.4750000238418584 1.0346044898033144 2.5249999761581425 0.193641372025013 0 1.4049999713897707 2.1350001096725468 79.325862884521499 0.070410095155239119 1.6749999523162844 0.031537504866719253 1 335.87500000000006 1.6549999713897707 3.5000000000000004 90.645000457763686 66.984218597412124 2.1250000000000004 293.62500000000006 1.0803401470184328 0.35620281100273138
decision_type=8 8 8 10 8 8 10 2 10 10 10 10 10 9 8 2 10 10 8 10 9 2 8 2 10 8 2 2 10 10
left_child=2 5 4 6 -1 10 9 12 15 23 -2 17 -6 18 -12 29 22 -4 -8 -9 -16 -20 -7 24 26 -25 -3 -27 -29 -5
right_child=1 3 11 8 7 16 13 19 -10 -11 14 -13 -14 -15 20 -17 -18 -19 21 -21 -22 -23 -24 25 -26 27 -28 28 -30 -31
leaf_value=-0.022976248707682438 -0.011068393916653926 0.019688184178254665 -0.031762714812326676 0.028562083378864751 0.0093863436029361959 0.0043433985229026986 0.035517814549436227 -0.015226317498997426 0.047169496970651821 -0.0087751088002022085 0.032517284550748898 -0.036323905329488961 0.051501414980584984 0.044623748774322715 0.017549121778906572 0.015063899576000031 -0.030185345260682964 -0.016337626612398917 0.015767332818536449 0.00049072069657264466 -0.0057022681299442029 0.032927734560189131 -0.015004327285085502 0.0024171879404541723 -0.0024792858564819586 0.021958886698720172 0.0035871692198065058 0.15241413998772377 0.047976444382965604 0.04041121901119258
leaf_weight=1303.7239732546732 251.82073414232582 962.10354462359101 856.52990275248885 1064.5582620808855 491.26352527271956 213.72479738574475 359.90167354419827 501.94824264571071 708.01934080570936 382.58527814596891 213.73716831579804 2801.7095047719777 74.619433073326945 254.75660471431911 288.67540610581636 309.69202987942845 312.13816117309034 670.86234586499631 1354.0308461599052 563.68419883586466 208.08130997698754 258.57475536223501 777.74701118282974 114.40369896776974 535.52243493404239 121.69206582289189 492.16449451539665 7.3286011293530455 74.49037516489625 758.63607769832015
leaf_count=27775 5031 16658 23427 13929 10332 3713 4630 10390 7273 8961 2629 67153 1124 2580 3809 4952 5660 15447 19596 10664 2915 2482 15125 1605 10134 3269 9313 82 829 9859
internal_value=-0.000185424 0.0165238 -0.0232428 0.0229126 -0.00982057 -0.00535018 0.0159634 0.000697154 0.0349303 0.00888456 0.00837905 -0.0323381 0.0150279 0.0245042 0.0152833 0.0308454 -0.0154867 -0.0250054 0.0215471 -0.00691611 0.00780966 0.0185401 -0.0108295 0.0118165 0.00974519 0.0246972 0.0142481 0.0371292 0.0591067 0.0335142
internal_weight=17288.7 10024.4 7264.34 7758.46 2935.24 2265.92 4917.55 1631.52 2840.91 2690.29 962.315 4329.1 565.883 2227.26 710.494 2132.89 1303.61 1527.39 1972.51 1065.63 496.757 1612.61 991.472 2307.71 1989.79 317.915 1454.27 203.511 81.819 1823.19
internal_count=321346 155034 166312 116152 60285 38882 80139 32510 36013 50851 14384 106027 11456 29288 9353 28740 24498 38874 26708 21054 6724 22078 18838 41890 36105 5785 25971 4180 911 23788
cat_boundaries=0 1 2
cat_threshold=8 16
is_linear=0
shrinkage=0.04


Tree=13
num_leaves=31
num_cat=1
split_feature=11 21 0 11 16 22 21 0 14 6 4 0 22 22 30 22 23 11 5 0 0 15 25 19 46 4 5 2 22 25
split_gain=3893.7 843.877 490.831 312.177 252.644 206.43 162.766 150.338 116.285 99.3943 84.4978 80.4764 69.236 65.3227 61.9653 57.5464 55.1466 53.4537 50.832 47.3965 46.859 46.3787 45.787 45.4814 53.7533 44.9405 43.9147 40.7482 40.1781 128.405
threshold=0.071059312671422972 70.319358825683608 2.554999947547913 0.23540768027305606 1.5000000000000002 0.066482517868280425 74.533176422119155 2.0949999094009404 78.954998016357436 64.500000000000014 2.2549999952316289 0.86500000953674328 0.16758911311626437 0.10294625535607339 0.14454716444015506 0.15084849298000338 1.0293902754783633 0.15221863985061648 28.500000000000004 0.9650000035762788 3.0049999952316289 2.5000000000000004 296.12500000000006 9.5000000000000018 0 1.1349999904632571 5.5000000000000009 -0.074999999254941926 0.030162448994815353 364.12500000000006
decision_type=8 10 8 10 2 8 10 10 10 2 2 10 10 8 8 10 10 10 2 10 10 2 2 8 1 2 2 10 10 2
left_child=2 3 5 7 6 -1 10 8 14 15 16 27 18 -4 -2 -7 -3 -8 -9 -16 26 -19 25 -18 -25 -10 -15 -5 -23 -30
right_child=1 4 13 11 -6 9 17 12 22 -11 -12 -13 -14 20 19 -17 23 21 -20 -21 -22 28 -24 24 -26 -27 -28 -29 29 -31
leaf_value=-0.022859849664472104 0.023482370254250196 -0.021933284622030338 -0.035087672668336893 0.041346058531116066 0.025771513812028041 0.0045151252102243692 -0.023596782616577001 0.010911056627766223 0.002711888230609698 -0.0097173261232266911 -0.014118675633191555 0.029768679867493365 0.024392976841500668 0.031554914546690911 0.050287824528974269 0.032585683800674357 -0.0076029508885106624 -0.020428081964792781 -0.0068259483293371262 0.023740727922084429 -0.033702472365197238 -0.0086239157603942938 0.024215377656843673 0.024796824751995766 0.0058278197210396513 0.018045224409304103 -0.017997966895991053 0.068255153645552777 0.010478658034821895 0.17700395261772961
leaf_weight=1201.9383994592354 804.76562952715904 95.364372752606869 3222.4988347068429 569.9520787615329 476.9551193555817 511.50394557975233 726.82921178732067 446.15298238769174 618.92549010273069 847.22106009535491 382.29462190996855 1949.0662546940148 240.56011841539294 29.379755543544888 331.24330787546933 150.80477244406939 206.26197466719896 219.80398373678327 611.74040080048144 164.61024621874094 376.38887848705053 167.92012239340693 550.74500888958573 382.32737442199141 639.26467721629888 605.75704102404416 505.11309685092419 110.72436974942684 111.87845627777278 6.9553940370678893
leaf_count=26176 10879 2613 77662 6198 5805 10831 13897 8545 11944 16918 7047 25545 3366 779 5114 2490 3009 4257 12776 2684 11498 2847 5512 5292 9519 10783 14518 959 1852 84
internal_value=-0.000295201 0.0151 -0.023731 0.0230484 -0.00119922 -0.0104985 -0.00558495 0.0164929 0.02131 -0.000644647 0.00241876 0.0339415 0.0050704 -0.0324059 0.0303997 0.0109522 0.00720671 -0.0166486 0.000653869 0.0415485 -0.022886 -0.00664437 0.0146355 0.0094892 0.0129481 0.0103079 -0.0152129 0.0458229 0.00394155 0.0216546
internal_weight=17264.9 10420.1 6844.85 7004.24 3415.86 2711.47 2938.9 4374.5 3076.05 1509.53 1705.51 2629.74 1298.45 4133.38 1300.62 662.309 1323.22 1233.39 1057.89 495.854 910.882 506.558 1775.43 1227.85 1021.59 1224.68 534.493 680.676 286.754 118.834
internal_count=321399 160527 160872 104305 56222 56415 50417 71603 46916 30239 27480 32702 24687 104457 18677 13321 20433 22937 21321 7798 26795 9040 28239 17820 14811 22727 15297 7157 4783 1936
cat_boundaries=0 1
cat_threshold=8
is_linear=0
shrinkage=0.04


Tree=14
num_leaves=31
num_cat=3
split_feature=11 22 0 11 22 0 22 1 42 20 46 23 0 1 22 1 23 1 22 5 0 25 9 16 39 19 46 36 30 4
split_gain=3701.02 758.523 452.981 362.414 194.255 191.571 134.835 112.61 110.26 92.539 82.2276 81.0649 74.4525 68.4607 64.211 58.2993 52.749 47.9907 46.6689 46.6662 46.661 45.963 42.9784 39.1251 39.0189 38.8236 53.4326 38.3258 36.116 36.023
threshold=0.069035604596138014 0.092618513852357878 2.554999947547913 0.19311824440956118 0.066482517868280425 1.7749999761581423 0.037652041763067252 1.9149999618530276 0 79.000000000000014 1 1.0293902754783633 2.1950000524520878 2.4850000143051152 0.16758911311626437 1.5549999475479128 1.0013249516487124 1.4650000333786013 0.10294625535607339 37.500000000000007 2.1250000000000004 302.12500000000006 2.5000000000000004 1.5000000000000002 1.2808693051338198 10.500000000000002 2 0.16480229794979098 0.22475587576627734 2.1950000524520878
decision_type=8 8 8 10 8 8 10 10 9 2 1 10 8 10 10 8 10 10 10 2 10 2 2 2 8 8 1 10 10 2
left_child=2 3 4 6 -1 10 -2 16 11 28 22 -5 19 18 29 -13 -6 -12 -4 25 -9 -17 -3 -10 -23 -8 -27 -14 -7 -11
right_child=1 5 13 8 7 9 12 20 23 14 17 15 27 -15 -16 21 -18 -19 -20 -21 -22 24 -24 -25 -26 26 -28 -29 -30 -31
leaf_value=-0.022964427954816364 -0.018343447906199458 0.023264041617971905 -0.028583424170476702 -0.0049297488127044813 -0.011781286633438779 0.050585481380127473 -0.006714951482599628 0.0043659063088291108 -0.0020397509637273591 0.01550613283799978 0.033801275366531651 0.036697478371952613 -0.0090116582361869351 -0.035659959577535635 0.025127522515607233 0.01235726027384112 0.023307971282329778 0.018428168878210801 -0.0105241127033266 -0.0038445226412710111 -0.013688324024224229 0.047839163905101068 0.044858312163930852 0.021120606773671211 0.00313063208127147 0.035263715395452894 0.0079850736712344956 0.029323632494424365 0.02159028750620234 0.0038148553511020314
leaf_weight=1159.0442180121318 964.21726816799492 181.58598841167986 997.12859167531133 148.72602727077901 84.991885382682085 182.22000566311181 103.86954437568784 331.56213784776628 535.35974364168942 1547.2027914766222 670.45523708872497 500.26753866765648 972.67220885585994 2701.4922901373357 890.07890069764107 495.01865948643535 339.54255551006645 642.98529160767794 300.19935465138406 314.96695606969297 734.82731013651937 124.54905049130321 900.04956385865808 148.11270277481526 42.031774252653122 208.31280232593417 257.47967831604183 42.591534672304988 114.80827245861292 581.97180684749037
leaf_count=25744 18290 2661 28265 3604 4128 1673 1778 5925 8748 26808 8448 5917 18826 68630 11726 6951 5175 6637 7090 5205 14698 1304 10376 1868 435 3289 3575 804 892 11767
internal_value=-0.000142072 0.0145658 -0.0235223 0.00294523 -0.0106888 0.0244474 -0.00616917 -0.00113414 0.0160349 0.0182094 0.0330719 0.0228237 1.37048e-05 -0.0320211 0.016101 0.026381 0.0162625 0.0262983 -0.0244189 0.00849361 -0.00807232 0.0185305 0.0412616 0.00299692 0.0366681 0.0153172 0.0202427 -0.00737224 0.0395016 0.0123157
internal_weight=17218.3 10569.5 6648.79 4858.18 2649.97 5711.36 2864.11 1490.92 1994.07 3316.28 2395.08 1310.59 1899.89 3998.82 3019.25 1161.87 424.534 1313.44 1297.33 884.629 1066.39 661.599 1081.64 683.472 166.581 569.662 465.792 1015.26 297.028 2129.17
internal_count=321237 161582 159655 80594 55670 80988 51767 29926 28827 52866 28122 18211 33477 103985 50301 14607 9303 15085 35355 13847 20623 8690 13037 10616 1739 8642 6864 19630 2565 38575
cat_boundaries=0 1 2 3
cat_threshold=16 8 8
is_linear=0
shrinkage=0.04


Tree=15
num_leaves=31
num_cat=0
split_feature=11 22 0 4 11 22 11 22 1 4 14 22 33 19 21 17 5 25 25 24 1 14 1 0 22 16 25 29 22 25
split_gain=3433.37 718.724 454.742 334.598 218.994 205.982 164.541 121.816 103.86 96.9871 90.6992 76.7496 67.5121 62.0648 61.8035 60.697 59.1996 58.6592 83.0061 62.167 55.8276 71.6628 51.771 47.8135 45.5038 43.7916 42.0159 40.4515 39.3645 38.5226
threshold=0.069035604596138014 0.047027543187141425 2.6350001096725468 2.2050000429153447 0.35620281100273138 0.070410095155239119 0.23540768027305606 0.13181531429290774 2.3549998998641972 0.65500000119209301 87.045001983642592 0.093937966972589507 2.5972915887832646 167.50000000000003 79.325862884521499 4.5000000000000009 41.500000000000007 279.37500000000006 496.62500000000006 0.16018743067979815 1.5850000381469729 69.479999542236342 2.5249999761581425 0.88499999046325695 0.17032737284898761 1.5000000000000002 635.37500000000011 13.250000000000002 0.10209254175424577 335.87500000000006
decision_type=8 8 8 2 10 8 10 10 10 2 10 10 8 8 10 10 2 2 2 10 8 10 10 8 10 2 2 2 10 2
left_child=2 6 5 4 7 -1 14 9 24 10 12 -5 -3 16 25 23 -11 -15 19 27 -9 -22 28 -8 -7 -2 -18 -19 -4 -23
right_child=1 3 22 11 -6 8 15 20 -10 13 -12 -13 -14 17 -16 -17 26 18 -20 -21 21 29 -24 -25 -26 -27 -28 -29 -30 -31
leaf_value=-0.022630448797232975 -0.012240039938528003 0.0085637846282305731 -0.029832151713441304 -0.006148989093660219 0.037732333354082541 0.0035475863306595142 0.048426306724452445 0.037847831515273586 -0.012623088348737826 0.019480627373093754 -0.0071063546447523163 0.011072148438569856 0.0406523094923762 0.017671322724706857 -0.028819054639592348 -0.010559237064492594 -0.0013287988918191608 0.032472996013206232 0.01952925311233469 -0.011037843152687797 0.040218129017730572 0.016053258626507774 -0.03616715480039729 0.012658312184398673 0.027716374098324902 0.015953702727184122 0.058283075763204295 0.081941893981530067 -0.012443080986831776 0.033629298326347222
leaf_weight=1408.6549841435626 1016.990664774552 491.86686928197742 905.01669220905751 800.9289955785498 1275.5430336808786 706.04559081140906 72.898234276100993 543.1343993935734 738.97579809185117 1352.7095763441175 523.25514583289623 854.90903157182038 132.84088722709566 293.84441941883415 363.08054577745497 148.46954606380314 367.93518422078341 37.37125089019537 136.6301186978817 16.509220398962498 317.7504266127944 1153.2486505005509 2331.3767983410507 324.0430241106078 150.626758556813 95.529266848228872 18.936780825257301 112.22165163978934 274.35305555630475 242.67949678562582
leaf_count=32492 19543 7174 26273 17216 14410 15066 840 5651 15644 18558 10378 12575 3678 7004 6747 2646 5689 352 1285 154 3191 15074 61288 4885 2379 1366 173 1090 6528 2021
internal_value=-3.1889e-05 0.0139136 -0.0229202 0.0189194 0.0227359 -0.0114887 -0.00756369 0.0193972 -0.00164215 0.0146978 0.00516658 0.00274118 0.0154477 0.0193754 -0.0145014 0.0111909 0.0155367 0.0305174 0.0428739 0.0618207 0.0266409 0.0230666 -0.0326954 0.0193423 0.00782915 -0.00980337 0.00172154 0.0699079 -0.0258043 0.0191336
internal_weight=17208.4 10693.3 6515.05 8672.32 7016.48 3004.3 2021.01 5740.93 1595.65 3484.12 1147.96 1655.84 624.708 2336.16 1475.6 545.411 1739.58 596.577 302.732 166.102 2256.81 1713.68 3510.75 396.941 856.672 1112.52 386.872 149.593 1179.37 1395.93
internal_count=321370 161700 159670 125673 95882 65581 36027 81472 33089 55535 21230 29791 10852 34305 27656 8371 24420 9885 2881 1596 25937 20286 94089 5725 17445 20909 5862 1442 32801 17095
is_linear=0
shrinkage=0.04


Tree=16
num_leaves=31
num_cat=0
split_feature=11 22 1 11 22 22 11 4 4 10 14 7 4 6 31 19 21 4 25 22 22 21 23 1 4 36 5 19 20 1
split_gain=3201.18 665.526 333.424 326.299 218.253 179.019 117.017 102.001 94.0054 71.0688 69.5711 84.7978 66.4113 71.6515 61.721 57.1954 54.9313 48.1809 48.0441 47.6825 47.1414 46.7619 45.3579 42.9531 42.673 48.734 44.2824 42.3462 42.1645 41.7378
threshold=0.064839839935302748 0.042542364448308952 2.5349999666213994 0.18974845856428149 0.10209254175424577 0.092618513852357878 0.23540768027305606 2.4650000333786015 2.0449999570846562 9.7500000000000018 78.954998016357436 6.5000000000000009 2.5949999094009404 52.500000000000007 69.247005462646499 10.500000000000002 79.325862884521499 2.2150000333786015 445.75000000000006 0.042542364448308952 0.053768806159496314 84.929595947265639 1.0326827168464663 1.0000000180025095e-35 1.2549999952316286 0.13185896724462512 37.500000000000007 11.500000000000002 79.000000000000014 1.485000014305115
decision_type=8 8 10 10 10 8 10 2 2 2 10 2 2 2 10 10 10 2 2 10 8 10 10 10 2 8 2 8 2 8
left_child=2 6 4 5 7 17 16 20 9 28 11 14 13 18 -7 -11 29 24 -6 -4 -1 -21 -8 -17 25 -3 27 -26 -5 -2
right_child=1 3 19 8 12 10 22 -9 -10 15 -12 -13 -14 -15 -16 23 -18 -19 -20 21 -22 -23 -24 -25 26 -27 -28 -29 -30 -31
leaf_value=-0.020283524060820159 0.0094588473108446341 -0.009002853533534326 -0.038578427295474588 0.04010580779436989 0.023739529626785109 0.040976493107666628 -0.011015858741663774 -0.029218169868411085 0.016310057975783557 0.015237004161150191 0.010887123779069535 0.014504015391744509 -0.014679345012056769 -0.00082152839437253807 0.0022782846022829204 0.046162076924327632 -0.028887864399293729 -0.0087913927263510057 0.11817383934371163 -0.028673766363812039 -0.0039529345620808801 0.088786077885830775 0.015850030610883577 0.031449107103667842 -0.00699457526959818 0.025118887545615899 -0.0027791893745965092 0.025267914858514463 0.0081812622834322897 -0.013994277919931259
leaf_weight=545.71090847905725 141.3887722492218 431.7162961512804 1163.0168357230723 80.981675827875733 244.22247082181275 451.76366504281759 143.86128751933575 1033.1602422548458 1293.6776120215654 294.69793199934065 1832.9674765095115 772.04000976122916 217.71095634158701 342.63484726287425 77.586392190307379 393.84345135465264 359.30953150708228 633.38017179537565 8.0489919632673246 2064.9462149497122 588.73189629241824 4.4792954921722403 327.64650824759156 1808.1574354227632 79.382140504196286 78.215494527481496 220.9308907808736 347.05742363352329 351.26132075674832 825.22544201184064
leaf_count=12710 2356 7501 29099 702 4867 6585 2898 29142 18647 3630 29847 11657 5157 6177 814 5238 6886 12434 83 54686 14116 89 4400 18970 1321 1332 3773 4993 4622 16338
internal_value=-0.000229234 0.0127873 -0.02316 0.0171595 -0.0135001 0.0101597 -0.00945873 -0.0201257 0.0253183 0.0292888 0.0159224 0.0229976 0.00417147 0.0110899 0.0353271 0.031884 -0.0155428 6.73651e-05 0.027223 -0.0320581 -0.011823 -0.0283748 0.00763857 0.0341022 0.00492253 -0.00372237 0.0117335 0.0192505 0.0142504 -0.0105534
internal_weight=17157.8 10945.1 6212.66 9147.66 2980.22 4925.04 1797.43 2167.6 4222.62 2928.94 3134.36 1301.39 812.617 594.906 529.35 2496.7 1325.92 1790.68 252.271 3232.44 1134.44 2069.43 471.508 2202 1157.3 509.932 647.37 426.44 432.243 966.614
internal_count=321070 164944 156126 132066 72252 80257 32878 55968 51809 33162 48903 19056 16284 11127 7399 27838 25580 31354 4950 83874 26826 54775 7298 24208 18920 8833 10087 6314 5324 18694
is_linear=0
shrinkage=0.04


Tree=17
num_leaves=31
num_cat=1
split_feature=11 21 0 11 16 5 21 0 4 21 14 15 14 21 5 0 20 25 33 17 46 19 0 11 24 4 5 19 4 25
split_gain=2968.05 578.821 417.12 233.816 205.801 153.567 139.861 137.625 102.622 93.9007 67.674 83.7465 63.4363 50.5992 48.8064 48.5212 47.8944 44.7784 43.0974 41.5607 61.8499 53.4409 41.072 39.2847 37.8604 47.0707 49.444 44.7681 36.9288 35.7806
threshold=0.06256990879774095 70.319358825683608 2.554999947547913 0.25845077633857733 1.5000000000000002 28.500000000000004 75.729537963867202 2.2749999761581425 2.245000004768372 68.308303833007827 80.845001220703139 3.5000000000000004 77.045001983642592 75.729537963867202 28.500000000000004 0.88499999046325695 110.00000000000001 765.12500000000011 3.8850247859954838 3.5000000000000004 0 52.500000000000007 2.2350000143051152 0.60030490159988414 0.24477943778038028 1.735000014305115 33.500000000000007 21.500000000000004 2.1650000810623173 164.62500000000003
decision_type=8 10 8 10 2 2 10 10 2 8 10 2 8 10 2 10 2 2 10 10 1 8 10 10 8 2 2 10 2 2
left_child=2 3 5 7 6 9 8 10 19 -1 16 -12 -4 -11 -9 -5 18 24 -2 20 29 -22 -7 -6 25 27 -27 -13 -18 -3
right_child=1 4 12 15 23 22 -8 14 -10 13 11 17 -14 -15 -16 -17 28 -19 -20 -21 21 -23 -24 -25 -26 26 -28 -29 -30 -31
leaf_value=0.017224000629094679 0.047436447792451986 -0.0053539307329619626 -0.016816302525274076 0.037247039246299372 0.019292421975762 -0.010807854601802247 -0.017484671963126364 0.010307314729645897 -0.014705100682064551 -0.0019555987280793457 0.0072461144018005508 0.095682686795546673 -0.033248660456293211 -0.028080493555942821 -0.0070757066853002005 0.02484926106465301 0.022606649299598328 0.11181610703019806 0.013056526932857832 -0.0040477921275204158 0.0024886682488326735 0.030670735123987065 -0.025325460806235781 0.065609229189556417 0.049330689954040871 0.046769398857533111 0.013623580386708373 -0.0052260555263364669 0.0079007523739135638 0.015732660172721548
leaf_weight=379.39560001250356 200.42499663680792 389.09576222300529 430.94911686424166 724.88491852395236 481.72531912475824 544.01697216182947 994.70765163563192 460.23237891867757 508.1741507416591 585.84897822793573 1583.6439140578732 6.4260245133191338 3189.4432222619653 147.92390331346542 586.68509666994214 1734.9828902073205 1331.843141425401 8.5935764797031862 83.987998627126217 454.82519967388362 164.29304622486234 314.15043694153428 741.32533501554281 30.546539874747396 79.700105553492904 129.44472770299762 164.46732597704977 132.38979534618556 346.61505407374352 191.13100069761276
leaf_count=7441 1830 6291 12199 6935 5690 11442 19504 8322 9873 13134 24137 61 89970 3366 12371 21037 18878 104 582 7823 2610 4550 17039 245 1581 1793 2266 2205 5512 2339
internal_value=-0.00011143 0.01215 -0.0227289 0.0183831 -0.00122959 -0.00978356 -0.00521338 0.0135031 0.000828063 0.00108999 0.0168313 0.0118351 -0.0312989 -0.0072587 0.00056472 0.028518 0.0221777 0.025735 0.0373793 0.00605242 0.0103952 0.021027 -0.0191972 0.0221845 0.0240686 0.0193036 0.0283443 6.75138e-05 0.0195787 0.00160038
internal_weight=17121.9 11103 6018.9 7574.32 3528.65 2398.51 3016.38 5114.45 2021.67 1113.17 4067.54 2104.67 3620.39 733.773 1046.92 2459.87 1962.87 521.022 284.413 1513.5 1058.67 478.443 1285.34 512.272 512.428 432.728 293.912 138.816 1678.46 580.227
internal_count=321130 166539 154591 107614 58925 52422 52990 79642 33486 23941 58949 32147 102169 16500 20693 27972 26802 8010 2412 23613 15790 7160 28481 5935 7906 6325 4059 2266 24390 8630
cat_boundaries=0 1
cat_threshold=4
is_linear=0
shrinkage=0.04


Tree=18
num_leaves=31
num_cat=2
split_feature=11 22 0 4 22 11 0 22 6 4 14 36 20 22 4 21 17 25 46 21 22 19 21 11 44 0 25 20 6 40
split_gain=2752.41 548.515 412.477 267.589 178.034 165.792 129.081 91.7625 73.4981 68.1842 75.5314 62.0543 60.4278 56.1501 55.8659 50.6729 50.4796 44.4888 46.9496 44.9789 43.9025 42.8902 40.686 40.1579 39.2118 35.9012 38.5638 38.9548 35.7395 39.6455
threshold=0.064839839935302748 0.042542364448308952 2.6350001096725468 2.2050000429153447 0.092618513852357878 0.33946646749973303 1.7150000333786013 0.12391588091850282 52.500000000000007 0.65500000119209301 85.505001068115249 0.13948448002338412 175.00000000000003 0.13181531429290774 2.5049999952316289 79.325862884521499 2.5000000000000004 335.87500000000006 0 65.29294586181642 0.019503099843859676 17.500000000000004 69.587730407714858 0.17101854830980304 1 1.0000000180025095e-35 94.875000000000014 79.000000000000014 123.25000000000001 0.1311110854148865
decision_type=8 8 8 2 10 10 8 10 2 2 10 8 2 10 2 10 8 2 1 10 10 8 8 10 9 8 2 2 2 8
left_child=2 6 4 5 12 7 20 9 -6 10 11 -3 -1 -4 16 23 -5 18 -9 -19 -2 22 -11 -8 -20 -7 27 -27 -23 -30
right_child=1 3 13 14 8 25 15 17 -10 21 -12 -13 -14 -15 -16 -17 -18 19 24 -21 -22 28 -24 -25 -26 26 -28 -29 29 -31
leaf_value=-0.0069872929799251948 -0.010242625215185482 0.0051624772591456767 -0.033762258736109059 0.013155405247203844 0.016755924540329675 0.045660384946880503 -0.016957713315010933 0.027691282006532817 -0.0057928393624822891 0.017573034880098481 -0.007140111631072709 0.033658485371505668 -0.022975031082346626 -0.016737398267577527 -0.013894931921340099 -0.028890763967547379 -0.0016210204481059462 0.023636753471940521 0.012078617895341015 0.052475815296189963 0.015537494111997403 0.020929876921440535 -0.010763495439239015 0.00043622934886728126 0.031769155406217567 0.043299219572377534 0.035521517442635965 0.017826847731031385 0.021544319127774676 -0.00028878868155831369
leaf_weight=541.78418558370322 147.40386675391346 424.68213560245931 2834.1005149930716 655.55545278917998 379.44897393882275 215.69204054772854 595.38998265285045 714.928676398471 588.71923466771841 146.4139783680439 549.55515240877867 171.23972508031875 1267.3656512694433 352.54477355536073 305.89320997614413 337.76992854569107 845.90740635152906 241.24335534498096 1224.0785719798878 137.8604562105611 366.2392999837175 1457.8986878674477 179.07215696945786 329.05416256655008 191.88483232446015 113.71430630609393 598.87090411782265 629.6107528321445 228.30196859128773 316.17647855263203
leaf_count=11391 2181 6137 82910 10178 7288 1943 12546 9133 11550 2065 11122 4021 32901 9985 6330 6821 16086 1826 14434 1092 5391 20098 2985 5889 1593 900 4332 9515 2900 5495
internal_value=-0.000143148 0.0116106 -0.0220661 0.0154818 -0.0107902 0.0187944 -0.00876312 0.0157619 0.00304862 0.0115427 0.00354467 0.0134003 -0.0181959 -0.0318859 0.00165462 -0.0156401 0.00483233 0.0215919 0.0193239 0.034245 0.00812589 0.0154734 0.0019857 -0.0107683 0.0150798 0.0304213 0.0279372 0.0217819 0.0176617 0.0088813
internal_weight=17088.4 11124.4 5963.96 9348.58 2777.32 7541.22 1775.86 5983.34 968.168 3473.34 1145.48 595.922 1809.15 3186.65 1807.36 1262.21 1501.46 2510 2130.89 379.104 513.643 2327.86 325.486 924.444 1415.96 1557.89 1342.2 743.325 2002.38 544.478
internal_count=321038 165013 156025 132185 63130 99591 32828 82901 18838 54823 21280 10158 44292 92895 32594 25256 26264 28078 25160 2918 7572 33543 5050 18435 16027 16690 14747 10415 28493 8395
cat_boundaries=0 1 2
cat_threshold=8 8
is_linear=0
shrinkage=0.04


Tree=19
num_leaves=31
num_cat=0
split_feature=11 22 0 0 22 0 1 23 30 1 0 11 26 14 6 1 11 24 14 1 39 21 26 20 2 39 0 11 0 21
split_gain=2540.56 496.959 418.996 213.53 178.249 173.783 88.3327 86.8925 83.5306 68.8287 63.4099 62.3194 60.9343 56.2741 62.8212 52.7773 47.2306 45.7288 45.1048 43.9999 43.235 42.272 41.0438 37.7204 37.5807 36.2346 34.7848 33.6965 32.9531 32.6159
threshold=0.064839839935302748 0.069005299359560027 2.6350001096725468 2.1750000715255742 0.066482517868280425 2.0049999952316289 2.185000061988831 1.0346044898033144 0.12049833685159685 1.325000047683716 2.7549999952316289 0.19489352405071261 4.5000000000000009 86.854999542236342 84.250000000000014 2.554999947547913 0.40916873514652258 0.17924162000417712 82.11999893188478 1.5349999666213991 1.6537014842033388 74.374259948730483 3.5000000000000004 177.50000000000003 0.12499999627470972 1.3269515633583071 2.1250000000000004 0.64760348200798046 2.1149998903274541 67.819164276123061
decision_type=8 8 8 8 8 8 10 10 10 8 10 10 2 10 2 10 10 10 8 8 10 10 2 2 10 10 10 10 10 10
left_child=2 3 4 7 23 9 17 -2 10 -3 19 -9 13 14 -10 18 -11 -6 -4 -7 -15 22 -5 -1 -19 -21 -8 29 -25 -13
right_child=1 5 15 21 6 8 26 11 12 16 -12 27 -14 20 -16 -17 -18 24 -20 25 -22 -23 -24 28 -26 -27 -28 -29 -30 -31
leaf_value=-0.0088708168131504395 -0.010636382262857748 0.030342240281928223 -0.0090188385696211883 -0.0085457982609226657 0.005612018164102962 0.021712322105645061 0.0041719482705701505 0.0020101044502473671 0.027390037654051232 0.016785528799365707 -0.014452226513699691 0.038934712122433227 0.10839752364794052 0.02820174252285939 -0.0015663390909264282 -0.035553917131054311 0.031537019009281561 0.057681031642764724 -0.028830496128734544 0.0089559883067538114 -0.0044219102320384391 -0.020975237735249116 0.055088583639209057 -0.01170606515986122 0.0054906662775395408 -0.0033971168291532946 -0.013703884025046643 0.072432123603245371 -0.030048103688742049 0.013968688549423652
leaf_weight=271.96777374576777 375.49766587093472 1166.2135078590363 236.52611607406288 733.00172150041908 549.18345806282014 315.58179880678654 230.59828289970756 718.20472373533994 764.9185188235715 2534.7496728394181 222.56924993544817 93.963420091196895 11.012556878849862 85.904055746272206 141.69113467913121 2011.7058956017718 404.49795841984451 52.77919396944344 854.30644796323031 1397.9728653365746 256.5973472930491 673.79118438158184 15.582321111112831 205.05579691007733 38.142773581668735 520.39292425010353 702.02020677737892 16.922616431489587 701.61789202224463 756.93340602889657
leaf_count=5773 8933 10721 7124 14537 12482 3898 4431 10817 8062 31631 5024 986 123 1211 2115 59638 4404 591 26339 26699 3794 14435 198 5053 463 8161 15836 151 18610 9129
internal_value=-0.000264078 0.0108922 -0.0216191 -0.00191352 -0.0102476 0.016432 -0.00142801 0.00664043 0.0101595 0.0221056 0.00585819 0.0107374 0.0185303 0.0176487 0.0228634 -0.0316957 0.018827 0.0100024 -0.0245506 0.00788908 0.00380719 -0.013709 -0.00714414 -0.0220015 0.036128 0.00560287 -0.00927991 0.0179449 -0.0259217 0.0167728
internal_weight=17059.9 11206 5853.9 3383.9 2751.37 7822.1 1572.72 1961.52 3716.64 4105.46 2456.52 1586.02 1260.12 1249.11 906.61 3102.54 2939.25 640.105 1090.83 2233.95 342.501 1422.38 748.584 1178.64 90.922 1918.37 932.618 867.819 906.674 850.897
internal_count=321369 165029 156340 59186 63239 105843 33803 30016 59087 46756 43782 21083 15305 15182 10177 93101 36035 13536 33463 38758 5005 29170 14735 29436 1054 34860 20267 10266 23663 10115
is_linear=0
shrinkage=0.04


Tree=20
num_leaves=31
num_cat=0
split_feature=11 22 0 0 22 11 0 1 17 14 8 15 22 1 22 23 11 1 0 24 39 19 10 11 1 5 31 21 0 21
split_gain=2405.66 500.995 365.546 286.912 157.441 146.365 91.2204 88.5444 84.0606 75.523 124.669 61.0723 61.0614 59.7188 53.3217 43.8168 45.5781 37.9309 37.8243 36.9213 37.701 36.9094 35.9213 40.6557 35.4533 34.238 33.3286 31.8734 31.1093 30.9988
threshold=0.052738554775714881 0.037652041763067252 2.6350001096725468 2.0949999094009404 0.070410095155239119 0.312537431716919 1.5349999666213991 1.9550000429153445 1.5000000000000002 88.184997558593764 35.500000000000007 3.5000000000000004 0.17032737284898761 1.4049999713897707 0.10294625535607339 1.0350533723831179 0.1368290111422539 2.1950000524520878 2.9650000333786015 0.13540577888488772 2.1192728281021123 79.500000000000014 12.750000000000002 0.64760348200798046 2.3349999189376835 33.500000000000007 71.153106689453139 76.478694915771499 0.58499997854232799 60.947811126708991
decision_type=8 8 8 10 8 10 8 8 8 10 2 2 10 10 8 10 10 10 10 10 8 10 2 10 10 2 10 10 10 8
left_child=2 6 4 5 17 9 28 -5 21 13 19 -12 -9 -3 -4 -8 -17 27 -16 -11 -21 29 -7 -24 26 -13 -10 -1 -2 -6
right_child=1 3 14 7 8 22 15 12 24 10 11 25 -14 -15 18 16 -18 -19 -20 20 -22 -23 23 -25 -26 -27 -28 -29 -30 -31
leaf_value=-0.0014279897480016918 0.029548213672803612 0.023019441289185257 -0.03482705773404831 0.010835133025836559 0.053817407397754251 0.016130953059948872 -0.025259802307902795 -0.0065670432965448658 -0.0040805202382093462 -0.0088170560946954739 0.010686728527976457 0.043927755982800187 0.016927223143187235 0.01268359692139686 -0.011601225564811338 -0.018275150354059053 0.0013642069043320187 -0.026697100199246405 -0.03089069053225799 0.012130963358488216 -0.022135129527287752 0.030136412547833859 0.028206353267737676 0.052351716665079512 -0.013944295816357984 0.018381332825800369 0.02415512377918046 -0.029174440012196493 0.00089527788524418166 -0.0025304722697002515
leaf_weight=213.67673189565539 78.46372096426785 1755.8208079393953 2257.7802196778357 1161.3727410044521 16.379753462038934 362.46434405632317 480.51025649812073 1416.8097813967615 339.40313986316323 566.15169292874634 647.71685749199241 175.59487756341696 201.2056458555162 1838.8469295231625 311.28297552093863 438.79900430794805 330.78692046739161 778.48132873792201 346.12317740358412 342.62026588432491 59.396962881088257 156.51047238986939 1300.364315662533 123.4294320885092 549.12445006798953 166.07995785120875 82.225248463451862 95.29699275828898 257.38940495532006 152.89805817790329
leaf_count=5422 1049 23843 67046 16270 192 3638 11851 31207 7876 11088 8851 2206 2911 23141 10325 8828 5098 20115 12716 3953 910 2571 13328 1047 12416 2116 1257 2257 3812 3548
internal_value=-4.04776e-05 0.0100833 -0.0223984 0.0133599 -0.0107719 0.0175049 -0.0108134 0.00241205 -0.0013511 0.0142946 0.00796308 0.0179416 -0.00363433 0.0177383 -0.031898 -0.0157843 -0.00983767 -0.0219888 -0.0217947 -0.00223806 0.00701595 0.0161961 0.0274677 0.0303376 -0.00725473 0.0316118 0.00146061 -0.0100653 0.00766904 0.00318244
internal_weight=17003 11703.8 5299.18 10117.9 2384 7338.49 1585.95 2779.39 1296.54 5552.23 1957.56 989.392 1618.02 3594.67 2915.19 1250.1 769.586 1087.46 657.406 968.169 402.017 325.788 1786.26 1423.79 970.753 341.675 421.628 308.974 335.853 169.278
internal_count=320888 175147 145741 144509 55654 94121 30638 50388 27860 76108 29124 13173 34118 46984 90087 25777 13926 27794 23041 15951 4863 6311 18013 14375 21549 4322 9133 7679 4861 3740
is_linear=0
shrinkage=0.04


Tree=21
num_leaves=31
num_cat=1
split_feature=11 22 0 0 22 11 14 0 17 46 22 1 22 19 10 6 5 35 38 1 21 5 1 0 21 0 22 17 14 38
split_gain=2231.64 449.378 339.268 252.366 152.401 137.67 92.4594 84.0751 83.7206 75.6755 59.6732 56.0094 54.959 54.7177 52.3231 51.8465 46.997 41.3492 40.5738 39.4698 39.3671 38.7509 38.1008 37.2525 37.1279 35.0931 34.3936 33.5631 32.6431 39.3255
threshold=0.052738554775714881 0.037652041763067252 2.6350001096725468 1.7749999761581423 0.069005299359560027 0.153984010219574 94.430000305175795 1.8650000095367434 1.5000000000000002 0 0.097551945596933379 2.3649998903274541 0.10294625535607339 10.500000000000002 38.750000000000007 84.250000000000014 34.500000000000007 13.750000000000002 1.0035736560821535 2.5149999856948857 60.34489822387696 41.500000000000007 2.1950000524520878 3.1049998998641972 79.325862884521499 0.58499997854232799 0.11698624119162561 3.5000000000000004 87.045001983642592 1.1290065646171572
decision_type=8 8 8 8 8 8 10 8 8 1 10 8 8 10 2 2 2 2 10 10 8 2 10 10 10 10 8 8 10 8
left_child=2 7 4 9 22 10 15 25 -6 13 27 -8 -4 -3 26 17 -16 -7 -15 -10 -13 -20 -1 -14 -9 -2 -11 -5 -19 -30
right_child=1 3 12 5 8 6 11 24 19 14 -12 20 23 18 16 -17 -18 28 21 -21 -22 -23 -24 -25 -26 -27 -28 -29 29 -31
leaf_value=-0.010047494866210807 0.026472741348075528 0.0071568500131241018 -0.034317920031434759 -0.0010129013396079215 0.015648860337346662 0.023733944002806769 0.019449913619433348 -0.0122203115456249 -0.0010006587909224287 0.0056283905842054848 0.0067302221580451292 0.025219482071179661 -0.01352309595268295 0.010414756725697359 0.038751038578679474 0.0063324878150356591 0.016616342554817545 0.016811839344772088 0.034106255788425202 -0.0174176513206824 -0.0098474347873513061 0.017105636909837622 -0.026940650532600703 -0.033623489320284645 -0.029008806752630938 -0.0020086351914113012 0.017263155916918422 -0.014616579703151118 0.019584584800071848 -0.0086995850204605596
leaf_weight=302.63389917556196 80.094361954368651 212.71367056667805 2183.591436592862 700.96054376475513 333.22585218492895 1068.3519635125995 170.7646347405389 713.00462291762233 589.7763470262289 807.85472034197301 959.18090278748423 55.630140855908394 406.67910578195006 173.64092937950045 245.31883526593447 842.38089687284082 418.11464215628803 945.8032560069114 1182.3031954672188 388.52801755722612 534.50884938146919 267.28401464037597 746.69909524079412 233.87111016921699 301.1468472359702 470.91590765956789 822.99740938469768 495.20404451992363 126.85112593695521 203.27812734525651
leaf_count=7557 1050 2838 67007 14956 6440 14783 2078 15410 12690 9038 14819 526 14052 4965 2636 13121 4313 12347 11054 9198 9658 2544 19822 8897 6576 7517 8765 11232 1857 3253
internal_value=-6.21177e-05 0.00954986 -0.0219322 0.012603 -0.0107321 0.00743243 0.0118708 -0.0104047 -0.00163469 0.0202386 -0.00069636 -0.000651524 -0.0312865 0.0262978 0.0153787 0.0148613 0.0248531 0.0179203 0.0287977 -0.00753579 -0.00649797 0.0309883 -0.0220866 -0.0209092 -0.0172332 0.0021646 0.0115092 -0.00665558 0.0130346 0.00218276
internal_weight=16983.3 11798.3 5185 10233.1 2360.86 6102.91 3947.57 1565.16 1311.53 4130.23 2155.35 760.904 2824.14 1835.94 2294.29 3186.67 663.433 2344.28 1623.23 978.304 590.139 1449.59 1049.33 640.55 1014.15 551.01 1630.85 1196.16 1275.93 330.129
internal_count=320999 175336 145663 144783 55707 98630 57623 30553 28328 46153 41007 12262 89956 21401 24752 45361 6949 32240 18563 21888 10184 13598 27379 22949 21986 8567 17803 26188 17457 5110
cat_boundaries=0 1
cat_threshold=8
is_linear=0
shrinkage=0.04


Tree=22
num_leaves=31
num_cat=0
split_feature=11 21 0 22 4 16 1 21 11 4 22 5 20 4 5 14 33 0 15 22 1 25 17 22 22 20 1 39 40 21
split_gain=2097.61 405.493 377.272 160.865 155.518 155.492 98.4829 95.5855 90.8617 80.0869 56.9373 53.2818 50.7271 67.2578 58.5236 52.3445 44.0499 43.0389 42.3413 38.9134 38.2645 36.5081 50.1522 36.039 43.4951 35.4291 35.2437 36.0989 33.2084 42.8971
threshold=0.06256990879774095 70.447662353515639 2.6350001096725468 0.066482517868280425 2.2050000429153447 1.5000000000000002 2.185000061988831 75.729537963867202 0.33946646749973303 2.2749999761581425 0.16155823320150378 32.500000000000007 79.000000000000014 1.6549999713897707 41.500000000000007 91.979999542236342 3.8850247859954838 0.75499999523162853 3.5000000000000004 0.17032737284898761 2.5249999761581425 118.62500000000001 3.5000000000000004 0.017273891717195514 0.020898253656923774 179.00000000000003 1.2849999666213991 1.069389343261719 0.13996704667806628 73.233318328857436
decision_type=8 10 8 8 2 2 10 10 10 2 10 2 2 2 2 10 10 10 2 10 10 2 8 10 10 2 8 8 10 8
left_child=2 4 3 -1 8 7 19 9 12 21 20 -6 16 15 18 17 -2 -14 -15 -5 -4 25 26 -24 28 -3 27 -23 -25 -30
right_child=1 5 10 6 11 -7 -8 -9 -10 -11 -12 -13 13 14 -16 -17 -18 -19 -20 -21 -22 22 23 24 -26 -27 -28 -29 29 -31
leaf_value=-0.021183649412004058 0.037670295793151884 0.0037590929876849129 -0.025148949745317197 0.006136117810245382 0.0098778119333833708 0.01835104662710469 -0.0096630690952692853 -0.015989585693429322 0.026108253644806591 -0.016193867608711575 -0.0091113674611066238 -0.0054907640527155641 0.017921065816152559 0.018422759390355183 0.0090501164367827909 -0.0028114120383593648 0.0085787538067738558 0.0028022583669687386 0.033685842648871728 0.031451032085828751 -0.035457120129139492 0.072930517979254733 -0.032758785810610556 0.0036793822640443512 -0.0037107714133709124 -0.013948327836493211 0.013691891074379408 0.011604738000452757 0.14808650789842173 0.0075016260323877114
leaf_weight=1091.8498252090067 267.64854429662228 554.48558265250176 881.23874213267118 518.33903049584478 773.0056577315554 514.41864017676562 891.96441128570586 936.94303307961673 1433.428538441658 406.8880111919716 187.06634674593806 675.10914810094982 765.71364319324493 1692.3264240855351 951.50096208881587 548.70507878530771 122.29973064363003 498.09901745524257 353.94082180038095 119.00001973100007 1764.1943353665993 34.273604867979884 53.775022520683706 13.370790199376644 169.08675230480731 266.93243172392249 400.99707666225731 28.298304164782166 7.7299516871571514 6.0562039269134411
leaf_count=28912 2137 8556 29834 11592 12436 5710 19808 19411 14590 8239 5767 13514 11713 20388 13440 9310 801 6350 4779 1640 56927 347 826 192 2215 6175 4824 279 92 91
internal_value=1.41593e-05 0.00972111 -0.0204076 -0.0094634 0.0145929 -0.00188186 -0.0010847 -0.00550378 0.0171852 -0.000436807 -0.0305268 0.0027114 0.0147203 0.0135885 0.0172672 0.00749564 0.0286018 0.0119725 0.0210799 0.0109109 -0.0320356 0.00374518 0.010358 -0.00405914 0.00391112 -0.00200031 0.0181343 0.0458775 0.0499556 0.0912828
internal_weight=16928.7 11475 5453.65 2621.15 8081.78 3393.26 1529.3 2878.84 6633.66 1941.89 2832.5 1448.11 5200.23 4810.29 2997.77 1812.52 389.948 1263.81 2046.27 637.339 2645.43 1535.01 713.588 250.019 196.244 821.418 463.569 62.5719 27.1569 13.7862
internal_count=320895 166415 154480 61952 109458 56957 33040 51247 83508 31836 92528 25950 68918 65980 38607 27373 2938 18063 25167 13232 86761 23597 8866 3416 2590 14731 5450 626 375 183
is_linear=0
shrinkage=0.04


Tree=23
num_leaves=31
num_cat=0
split_feature=11 22 0 4 22 0 11 30 17 21 26 1 22 4 37 4 17 11 38 17 14 22 0 22 14 24 29 19 16 1
split_gain=1989.49 396.26 337.046 194.569 137.288 114.636 98.0388 64.8828 64.5482 57.8937 51.8088 51.2004 49.6345 45.2933 44.487 44.2386 38.2699 36.5651 36.3009 36.1504 34.8724 34.2404 33.3143 36.7048 35.1785 37.4727 37.1401 31.3877 30.8226 30.0975
threshold=0.052738554775714881 0.047027543187141425 2.6350001096725468 2.245000004768372 0.06724956259131433 1.5349999666213991 0.15367746353149417 0.12295538932085039 1.5000000000000002 79.325862884521499 1.5000000000000002 1.1649999618530276 0.13181531429290774 2.5049999952316289 71.268997192382827 2.5149999856948857 4.5000000000000009 0.1368290111422539 1.1520208716392519 2.5000000000000004 93.08499908447267 0.12391588091850282 2.1049998998641972 0.096611455082893385 90.005001068115249 0.13540577888488772 15.250000000000002 64.000000000000014 4.5000000000000009 2.1950000524520878
decision_type=8 8 8 2 8 8 10 10 8 10 2 8 10 2 10 2 8 10 10 10 10 8 8 8 8 10 2 10 2 10
left_child=2 5 4 6 29 16 7 22 -6 17 18 28 -4 19 21 -10 -2 -7 -9 -5 -12 -13 -3 -24 26 -26 -25 -14 -8 -1
right_child=1 3 12 13 8 9 11 10 15 -11 20 14 27 -15 -16 -17 -18 -19 -20 -21 -22 -23 23 24 25 -27 -28 -29 -30 -31
leaf_value=-0.010444963140872062 0.017035897360876753 0.012115091160019794 -0.032974867110432966 0.010518921726876899 0.013058398525758559 -0.014483346897232963 0.026022021148822305 0.023079014842287235 -0.00098914038180332323 -0.026291616957477133 0.034656599161564557 0.0095825556756921719 0.0045421667416338527 -0.013060019811480155 0.026058030482896479 -0.018816791058511528 -0.0079570205926764188 -0.00083626267092871802 0.0047211014668468373 -0.003011332098849915 -0.0026484877530704091 0.018034755321255667 -0.0067185918281582359 0.030109146083931112 -0.014690298768621891 0.0089175349253222472 0.0061119655115356147 -0.023745537534216425 -0.017844874621416797 -0.026029268673288822
leaf_weight=281.48746342211962 349.33411833457649 737.21596882212907 2363.6535068443045 570.65108038112521 344.605523834005 666.87899809516966 1246.2957723950967 265.80529844295233 661.92408784851432 357.82490921858698 306.06649306975305 1518.8850509459153 86.518771830014884 356.8403965048492 570.58315214700997 335.12236338667572 135.17537524551153 594.55109877511859 490.88349881116301 704.94444706570357 45.730616625398397 1564.2393696177751 527.73010904341936 155.35454581771046 193.29416810628027 239.9429579032585 307.27587553393096 222.79107267130166 25.398699078708887 694.57921958062798
leaf_count=7268 4462 10091 80363 9031 6568 15309 11405 5039 13796 7851 2155 18894 2349 7950 5592 8869 2203 10521 5760 13932 437 19413 9443 2928 4902 2706 5219 7333 163 19273
internal_value=-0.000116516 0.00875387 -0.0213207 0.0121267 -0.0101485 -0.00699771 0.0146385 0.00926136 -0.00183772 -0.012105 0.0171268 0.0182043 -0.0309992 -0.000481245 0.0157866 -0.00699814 0.0100528 -0.00805998 0.011197 0.00304193 0.0298022 0.0138766 0.00521853 0.00163831 0.00656758 -0.00161576 0.0142266 -0.015831 0.0251294 -0.0215543
internal_weight=16921.6 11930.9 4990.68 9827.14 2317.72 2103.76 8194.7 3269.3 1341.65 1619.26 1108.49 4925.4 2672.96 1632.44 3653.71 997.046 484.509 1261.43 756.689 1275.6 351.797 3083.12 2160.81 1423.6 895.868 433.237 462.63 309.31 1271.69 976.067
internal_count=321225 175406 145819 135060 55774 40346 104147 48680 29233 33681 13391 55467 90045 30913 43899 22665 6665 25830 10799 22963 2592 38307 35289 25198 15755 7608 8147 9682 11568 26541
is_linear=0
shrinkage=0.04


Tree=24
num_leaves=31
num_cat=2
split_feature=0 11 11 5 14 43 17 1 11 43 1 16 15 9 24 20 20 23 1 23 25 25 25 10 11 14 15 31 0 29
split_gain=1827.62 343.75 278.001 181.293 147.119 120.026 118.123 81.269 70.4221 78.1275 70.1914 68.0613 66.9883 61.5014 45.7513 45.5011 42.439 42.37 41.663 40.5554 37.0907 51.0117 63.803 36.3078 36.2418 35.7346 35.1649 39.5318 33.2589 31.8647
threshold=2.4650000333786015 0.14638501405715945 0.038984065875411041 33.500000000000007 86.399997711181655 0 4.5000000000000009 2.554999947547913 0.37640480697155004 1 1.9750000238418581 1.5000000000000002 3.5000000000000004 2.5000000000000004 0.049767626449465759 218.00000000000003 171.50000000000003 1.0790000557899477 1.0850000381469729 1.0326827168464663 340.12500000000006 431.12500000000006 409.25000000000006 26.250000000000004 0.64760348200798046 84.979999542236342 3.5000000000000004 74.505519866943374 2.7549999952316289 7.7500000000000009
decision_type=10 10 10 2 8 9 10 10 10 9 10 2 2 2 8 2 2 8 8 10 2 2 2 2 10 8 2 8 10 2
left_child=1 3 7 4 10 12 8 25 9 16 -1 17 15 -5 -15 18 -3 -4 -6 -8 -14 22 -22 29 -25 -2 -11 -28 -19 -10
right_child=2 6 11 13 5 -7 19 -9 23 26 -12 -13 20 14 -16 -17 -18 28 -20 -21 21 -23 -24 24 -26 -27 27 -29 -30 -31
leaf_value=0.018533040637753406 -0.0080317816404981042 0.011185411405828429 -0.019832113700188992 -0.019045529336030289 0.05054816022902936 -0.022122270040252526 -0.018393108475044183 -0.033515123813516463 -0.014692797391011035 0.01422268799861642 0.0026330091971864446 0.016178521998974987 0.009345473541702504 -0.017688837852580241 0.0006542785990051622 -0.020242096970451366 -0.014661301715568904 -0.00032120158796534201 0.00042092796190391359 0.0045321894189190252 0.042571681721254521 0.014407542070819917 0.15759087041222616 0.028873957657152338 0.065911283039421953 -0.024156220710488809 0.021151248475583802 0.054091924262671467 -0.01577636901518881 0.020485022847542673
leaf_weight=1408.1390384975821 297.59081747662276 189.24986270442605 535.69863746594638 651.34459447674453 26.128989518620074 360.64571156259626 158.92434606980532 1902.1061586132273 43.395972390659153 3017.5005034953356 650.20150364004076 165.02034790068865 267.67725084815174 285.3010941427201 904.28436844795942 174.44144089333713 217.13935196213424 627.98836210556328 1210.7329338733107 540.34823084808886 37.236609410494566 70.222277419641614 9.2831994108855707 609.33454105909914 45.467371301725507 865.49428328312933 581.04114770889282 64.686979378573596 344.77263341099024 600.99868497438729
leaf_count=20249 9520 2107 15643 15621 329 8427 4551 64261 431 34834 11696 2449 5741 8043 13474 3961 3218 11359 20367 6664 434 893 115 6526 424 28610 6945 1140 7748 5280
internal_value=-0.000194106 0.00803861 -0.0212553 0.00129507 0.00586949 -0.00143053 0.0147663 -0.0284132 0.0167801 0.0141829 0.0135161 -0.00813326 0.0028402 -0.00917314 -0.0037528 -0.00117675 -0.00255441 -0.0108045 0.00152309 -0.000691178 0.0176363 0.0363716 0.0684417 0.0248956 0.0315484 -0.0200444 0.0160042 0.0245359 -0.00581361 0.0180907
internal_weight=16862.4 12123.7 4738.67 6055.64 4214.71 2156.37 6068.09 3065.19 5368.81 4069.62 2058.34 1673.48 1795.72 1840.93 1189.59 1411.3 406.389 1508.46 1236.86 699.273 384.419 116.742 46.5198 1299.2 654.802 1163.09 3663.23 645.728 972.761 644.395
internal_count=321060 181470 139590 109350 72212 40267 72120 102391 60905 48244 31945 37199 31840 37138 21517 24657 5325 34750 20696 11215 7183 1442 549 12661 6950 38130 42919 8085 19107 5711
cat_boundaries=0 1 2
cat_threshold=112 12
is_linear=0
shrinkage=0.04


Tree=25
num_leaves=31
num_cat=2
split_feature=0 22 11 11 22 22 11 22 0 22 43 44 0 5 17 36 20 1 30 0 16 1 0 1 23 1 22 25 24 24
split_gain=1730.14 385.387 276.292 205.426 116.604 91.2256 88.651 83.6856 56.5972 55.3909 59.3449 50.2244 48.5896 48.5319 35.4032 39.9515 34.2317 35.7567 33.6029 32.7777 32.4987 34.3529 32.2127 32.2013 32.0306 31.4199 29.5402 64.242 28.6275 28.3601
threshold=2.435000061988831 0.03614510782063008 0.038984065875411041 0.14311316609382632 0.092618513852357878 0.10294625535607339 0.1368290111422539 0.098846774548292174 3.0049999952316289 0.12391588091850282 0 1 0.58499997854232799 5.5000000000000009 4.5000000000000009 0.06042753346264363 175.00000000000003 2.1950000524520878 0.12719504535198214 2.7549999952316289 3.5000000000000004 1.2450000047683718 2.1450001001358037 1.6349999904632571 1.0380845069885256 1.5049999952316286 0.10359223932027818 225.87500000000003 0.14897271245718005 0.052416019141674049
decision_type=10 8 10 10 8 10 10 10 10 10 9 9 8 2 10 10 2 10 8 10 2 8 8 8 10 8 10 2 10 8
left_child=1 6 5 4 16 19 -1 29 13 10 14 23 -8 -7 15 -5 17 -3 -13 -2 21 -11 -18 -6 -14 28 27 -15 -17 -4
right_child=2 3 7 9 11 8 12 -9 -10 20 -12 18 24 26 -16 25 22 -19 -20 -21 -22 -23 -24 -25 -26 -27 -28 -29 -30 -31
leaf_value=-0.020020980240982394 -0.024717183604195871 0.010717390115193237 -0.023197907113373894 0.025970891083504095 0.022866553734200972 0.035842434972407168 0.032512704885248038 0.0041281346350744699 -0.030873039993820073 0.029910620473002778 -0.00054954271105259786 0.01123030638968465 -0.014483754421416986 -0.026309822494651584 0.002965271073590237 0.023276997379938508 0.00011408799351605421 -0.0067059832684590029 0.037565323108807086 -0.034683248896197519 0.0033037352011486814 0.018667806493478756 -0.013692595009015778 0.0063992881531764606 0.0041588701919440269 0.0094398757643469576 -0.011972140624095448 0.20241252187588843 -0.00067225102008008312 -0.00982732511261529
leaf_weight=817.89200535416603 818.77458456903696 438.44754850398749 373.87503040861338 552.69463929906487 204.79909163527191 38.452705022878945 63.983862691558897 612.01088552176952 230.69233770016581 615.3880054038018 485.46402488742024 148.33377755526453 258.68510684743524 4.3825074583291999 354.57456226833165 622.95163803733885 473.74285733234137 328.80576208978891 165.50227420404553 1584.7141097253188 162.67918074503541 1536.8323481045663 627.02970412094146 2550.4356766566634 339.96583052165806 1111.5639285510406 413.59654415585101 2.2654653564095497 91.145328586921096 801.9588154181838
leaf_count=19215 26107 6987 11133 8041 2439 941 747 9842 7846 5141 6702 1872 5574 186 5489 6462 9556 6374 1650 57792 1098 15077 14139 41144 4542 13505 11881 53 634 18591
internal_value=-0.000319177 0.00787619 -0.0203846 0.0105775 0.00464348 -0.0276195 -0.0112191 -0.00785796 -0.01475 0.0158696 0.012465 0.00943857 -0.000335096 -0.00658296 0.0147258 0.0165373 -0.00323331 0.0032464 0.0244301 -0.0313016 0.0205938 0.0218967 -0.00775223 0.00760503 -0.00390091 0.0136666 -0.0105503 0.0673849 0.0202179 -0.0140982
internal_weight=16831.6 11950.9 4880.72 10470.4 4937.1 3092.88 1480.53 1787.84 689.39 5533.29 3218.39 3069.07 662.635 458.697 2732.93 2378.36 1868.03 767.253 313.836 2403.49 2314.9 2152.22 1100.77 2755.23 598.651 1825.66 420.245 6.64797 714.097 1175.83
internal_count=320760 176388 144372 146310 84161 104806 30078 39566 20907 62149 40833 47105 10863 13061 34131 28642 37056 13361 3522 83899 21316 20218 23695 43583 10116 20601 12120 239 7096 29724
cat_boundaries=0 1 2
cat_threshold=208 8
is_linear=0
shrinkage=0.04


Tree=26
num_leaves=31
num_cat=2
split_feature=4 22 0 0 22 4 11 22 4 4 6 22 25 22 6 9 11 22 16 19 5 46 22 31 35 36 22 23 0 46
split_gain=1624.04 413.729 233.481 143.745 130.322 119.587 108.8 71.7189 59.7021 53.6298 51.3758 56.6151 71.3248 50.1886 47.8148 45.573 39.6656 38.5051 44.6902 38.008 50.3075 69.485 46.1193 34.9935 34.9196 34.2812 34.1991 34.1991 33.8305 32.3957
threshold=2.4550000429153447 0.042542364448308952 2.3850001096725468 2.0249999761581425 0.10294625535607339 1.075000047683716 0.19489352405071261 0.11531509459018709 2.745000004768372 2.9450000524520878 24.500000000000004 0.10359223932027818 423.75000000000006 0.017273891717195514 84.250000000000014 3.5000000000000004 0.093683511018753066 0.18361064791679385 2.5000000000000004 10.500000000000002 33.500000000000007 0 0.043845927342772491 69.574401855468764 13.250000000000002 0.14589416980743411 0.038171408697962768 1.0326827168464663 0.88499999046325695 1
decision_type=2 8 10 8 10 2 10 8 2 2 2 10 2 10 2 2 10 10 2 8 2 1 10 8 2 8 8 10 10 1
left_child=1 3 6 13 8 -4 7 19 26 10 -6 12 -12 -1 -7 -8 -5 23 -19 -3 21 22 -21 24 -17 -23 -2 -18 -15 -9
right_child=4 2 5 16 9 14 15 29 -10 -11 11 -13 -14 28 -16 17 27 18 -20 20 -22 25 -24 -25 -26 -27 -28 -29 -30 -31
leaf_value=-0.015292492128207314 -0.030983139429814194 -0.0080303265544155993 -0.021273297848219425 -0.024369820343730621 0.020702825071642918 0.010558859817241915 0.0060493405368777058 0.0093446461324314355 -0.033856872496304154 -0.027502873637950329 -0.015738876023556621 -0.011303848795372969 0.20065908624841858 0.026355555738025681 -0.0056960384000438328 0.017507177258281183 -0.026067057071699158 0.032858443855570074 0.013188423071273849 0.12762820800691091 -0.0029123200337503314 0.0010339481237366826 0.020132765849933298 0.02231737662658036 0.0063545003208864926 0.023871663799202469 -0.017196945384108868 -0.0019339269383484988 0.0032591039984530253 0.018653776714478536
leaf_weight=200.35006224084646 442.47999866027385 389.25902507547289 479.3968014921993 767.0534686697647 105.88250985182822 580.66131776757538 561.22121663950384 1598.5778724309057 1437.0472767073661 219.47777473088354 4.8403094839304668 537.94790610577911 3.5941768437623978 122.73119242861867 575.33041743002832 1080.4233759958297 134.35214343480766 530.84509204514325 287.61216218397021 5.5225290749222031 769.82571075670421 929.20114927180111 513.11355185136199 954.17746257409453 773.66154485475272 117.67268749792129 848.39161323942244 309.12916787993163 569.62820558156818 962.25831907615066
leaf_count=3363 13174 7219 13309 20970 2164 10548 6225 23541 52076 7422 166 13637 61 1551 13089 10730 3784 4714 1994 77 12812 13544 8683 11526 8473 1552 26189 5755 9847 12896
internal_value=-0.000114601 0.00637475 0.00945487 -0.00988846 -0.023929 -0.00449816 0.0118642 0.00804452 -0.0282321 -0.0104421 -0.00466193 -0.00961347 0.0875451 0.00228441 0.0024675 0.0166809 -0.0188631 0.0183229 0.0259757 0.00352322 0.00545332 0.00956884 0.0215285 0.0160826 0.0128615 0.00362514 -0.0219459 -0.00929623 0.00739118 0.0128501
internal_weight=16811.7 13212 11108.8 2103.24 3599.66 1635.39 9473.37 5285.43 2727.92 871.743 652.265 546.382 8.43449 892.709 1155.99 4187.94 1210.53 3626.72 818.457 2724.59 2335.34 1565.51 518.636 2808.26 1854.08 1046.87 1290.87 443.481 692.359 2560.84
internal_count=321091 206202 160932 45270 114889 36946 123986 80324 91439 23450 16028 13864 227 14761 23637 43662 30509 37437 6708 43887 36668 23856 8760 30729 19203 15096 39363 9539 11398 36437
cat_boundaries=0 1 2
cat_threshold=8 4
is_linear=0
shrinkage=0.04


Tree=27
num_leaves=31
num_cat=2
split_feature=4 22 0 0 22 4 22 4 0 21 43 25 6 17 22 39 14 23 19 25 14 6 46 17 21 19 9 31 10 25
split_gain=1513 398.516 190.923 158.774 127.342 112.03 101.106 91.2073 64.306 53.5046 49.6339 69.1013 45.5581 42.0846 38.5521 36.6293 36.6259 37.5323 36.3648 47.8204 39.3026 40.6429 35.2531 34.8405 34.9716 34.6835 31.7563 30.9206 30.6942 29.8947
threshold=2.4550000429153447 0.047027543187141425 2.3950001001358037 1.8750000000000002 0.070410095155239119 1.4049999713897707 0.1857978627085686 2.7250000238418584 1.7749999761581423 77.913887023925795 0 677.12500000000011 61.500000000000007 2.5000000000000004 0.014692337252199652 0.79209381341934215 95.965000152587905 1.0013249516487124 170.50000000000003 276.37500000000006 83.795001983642592 84.250000000000014 1 4.5000000000000009 77.739685058593764 17.500000000000004 14.500000000000002 74.713226318359389 44.250000000000007 586.37500000000011
decision_type=2 8 10 8 10 2 10 2 8 10 9 2 2 8 10 8 10 8 10 2 10 2 1 10 10 10 2 10 2 2
left_child=1 3 6 23 -2 -4 8 13 22 -9 16 18 -7 -6 -5 -13 17 -10 20 -20 21 -12 25 24 -1 -3 -16 28 -24 -21
right_child=4 2 5 14 7 12 -8 9 10 -11 11 15 -14 -15 26 -17 -18 -19 19 29 -22 -23 27 -25 -26 -27 -28 -29 -30 -31
leaf_value=0.016639368002526012 -0.030577532606813871 0.0020910754977910883 -0.020640474529722709 -0.030385266942362165 0.0029904878911934797 0.014160425471430689 0.01941035131057376 -0.025618567037796369 -0.017553912843584617 0.13365006862306339 0.0097840837490453733 0.086876347140476651 -0.0030188022680771114 -0.014999021923106141 -0.015431347531182858 0.017085675191637357 -0.0017722598179086616 0.012857373381995973 -0.0010540702131371475 0.038437890125706344 -0.011857716046649255 -0.0076989966352681294 0.0059463946193803428 -0.0076635157176970694 -0.0051641024063802379 0.020701399887423907 0.0056835495268292725 0.046948752741089964 0.018049238860438927 -0.0090846292182351213
leaf_weight=426.82116311788559 1896.8847864205018 185.46331313811243 450.22001051902771 256.9519763123244 415.13576446659863 382.78489539772272 1966.3464978225529 793.89976137131453 66.223107941448689 2.4060265757143489 472.97335404902697 20.343000669032335 691.53466245997697 414.98627949971706 1198.0447720354423 29.457524105906487 373.84254164714366 1947.1213102182373 203.96650455705822 110.47539953235537 536.0839092861861 384.8943472802639 1327.8507815646008 230.46109993383288 161.48746315296739 1211.3217540215701 125.13422434031963 34.187454240396619 449.28698149882257 25.572594624012709
leaf_count=5757 67107 2428 12583 5797 9373 6507 18394 27440 2843 61 7396 193 15429 10983 30410 299 5910 28066 4488 1202 9986 5796 14999 4162 2481 13711 2547 305 4493 264
internal_value=-0.000235703 0.00595141 0.00920807 -0.00880126 -0.0235327 -0.00391302 0.0113492 -0.0153002 0.00919817 -0.0249653 0.00591934 0.000833437 0.00310599 -0.00600506 -0.0162061 0.0468221 0.00967205 0.0118469 -0.000506503 0.0112002 -0.00337086 0.00193557 0.0134567 0.00548662 0.010649 0.0182365 -0.0134287 0.00976051 0.00901685 0.0294749
internal_weight=16792.2 13268.9 10869.9 2398.9 3523.31 1524.54 9345.41 1626.43 7379.06 796.306 4170.95 1783.77 1074.32 830.122 1580.13 49.8005 2387.19 2013.34 1733.97 340.014 1393.95 857.868 3208.11 818.77 588.309 1396.79 1323.18 1811.33 1777.14 136.048
internal_count=321410 206446 155292 51154 114964 34519 120773 47857 102379 27501 66443 29624 21936 20356 38754 492 36819 30909 29132 5954 23178 13192 35936 12400 8238 16139 32957 19797 19492 1466
cat_boundaries=0 1 2
cat_threshold=144 8
is_linear=0
shrinkage=0.04


Tree=28
num_leaves=31
num_cat=1
split_feature=4 22 11 4 4 16 22 1 21 5 11 1 23 23 8 25 44 15 25 24 21 21 19 19 19 22 4 2 30 25
split_gain=1432.44 359.887 220.161 126.361 120.94 85.085 83.9382 83.0646 68.8223 66.0825 56.2474 49.8104 48.2178 44.0751 43.9626 43.0217 39.9122 39.1829 41.0974 37.624 34.5382 33.8448 30.2906 29.6071 28.5114 43.9811 27.9459 27.9295 27.7344 29.5876
threshold=2.4550000429153447 0.03614510782063008 0.14311316609382632 1.3650000095367434 2.7549999952316289 1.5000000000000002 0.072171278297901167 1.5349999666213991 68.252796173095717 34.500000000000007 0.1368290111422539 2.7749999761581425 1.063160836696625 1.06570440530777 63.500000000000007 158.62500000000003 0 3.5000000000000004 252.12500000000003 0.057562462985515601 59.510065078735359 71.21435928344728 145.50000000000003 10.500000000000002 52.500000000000007 0.079519651830196394 2.1550000905990605 -1.6249999999999998 0.10525599494576456 713.87500000000011
decision_type=2 8 8 2 2 2 10 8 10 2 10 10 10 10 2 2 9 2 2 10 8 10 8 8 10 10 2 10 10 2
left_child=1 5 3 11 6 10 -2 23 16 17 -1 -3 -12 19 -8 -10 26 -5 -19 -14 -6 -20 28 -4 25 -11 -9 -24 -17 -30
right_child=4 2 7 9 20 -7 14 8 15 24 12 -13 13 -15 -16 22 -18 18 21 -21 -22 -23 27 -25 -26 -27 -28 -29 29 -31
leaf_value=-0.02092415910333504 -0.024353278455797135 -0.0076414114692644301 0.0065019057382037018 0.006806763687220687 0.019007614769107166 0.017147419006370117 0.0044850453693779926 0.012627770979450859 -0.00097541086102444512 -0.013781950457993431 -0.011384816108925952 -0.029833735126765713 0.019452720708816748 0.0062069044569426418 -0.014030942789470565 -0.0020575493483285514 0.0249647703224136 0.011288365440861153 0.036052060939980757 0.13391738450844604 -0.031481669677791778 0.11278717450042698 0.0049972966436958258 0.019861646033866337 -0.005937529570383385 0.025017143783149304 0.00095916330256660823 0.029109383124249662 0.011838617916520841 0.066573571196845135
leaf_weight=895.30062296334654 903.4025824801065 628.8007810851559 306.05353828147054 1456.051995832473 21.247428595088422 148.03989232331514 332.69776066206396 2621.185658659786 1283.0642742449418 73.32294287905097 468.78509483486414 217.82859466411173 10.97242351062596 124.83541264478117 531.52221756335348 344.27543525211513 387.61512883938849 145.81107012089342 77.371689047664404 7.587727020494639 1663.9367847745307 9.958355784416197 123.90178645402193 2110.828930426389 970.14948358945549 125.12024493422359 376.46746728941798 205.51940675824881 165.75656160339713 16.63117041438818
leaf_count=23608 30425 13535 3280 24945 669 1940 7935 35149 20090 1848 9211 6700 151 1623 13595 3554 3727 3602 802 89 62425 132 1433 19496 20150 1778 5970 1851 1439 172
internal_value=-0.000208178 0.00575094 0.00823198 0.000178137 -0.0231607 -0.0116939 -0.0158317 0.0119879 0.0092776 0.00420077 -0.0145383 -0.0133844 -0.00517372 0.0150419 -0.0069013 0.00365622 0.0128264 0.0092584 0.0244582 0.0709065 -0.0308318 0.0460254 0.0105956 0.0181749 -0.00310824 0.010664 0.0111274 0.020095 0.00461945 0.0171873
internal_weight=16754 13301.2 11645.7 3704.42 3452.81 1655.52 1767.62 7941.3 5524.42 2857.79 1507.48 846.629 612.181 143.396 864.22 2139.15 3385.27 1689.19 233.141 18.5602 1685.18 87.33 856.084 2416.88 1168.59 198.443 2997.65 329.421 526.663 182.388
internal_count=321324 206275 169653 73492 115049 36622 51955 96161 73385 53257 34682 20235 11074 1863 21530 28539 44846 29481 4536 240 63094 934 8449 22776 23776 3626 41119 3284 5165 1611
cat_boundaries=0 1
cat_threshold=8
is_linear=0
shrinkage=0.04


Tree=29
num_leaves=31
num_cat=2
split_feature=0 22 11 4 11 22 11 22 0 22 19 20 46 38 6 5 25 24 20 25 23 25 25 25 22 23 25 23 46 39
split_gain=1376.87 282.668 234.536 158.741 90.8165 82.3434 79.3618 68.4268 65.5258 60.2536 45.292 52.5035 48.5614 42.776 42.7213 38.8487 37.2491 38.5546 36.2517 94.4171 69.0067 60.575 34.2237 34.0085 43.7934 33.8489 33.0064 38.6764 37.6593 31.6366
threshold=2.4750000238418584 0.03614510782063008 0.038984065875411041 2.3149999380111699 0.33946646749973303 0.070410095155239119 0.1368290111422539 0.12391588091850282 3.0049999952316289 0.097551945596933379 10.500000000000002 171.50000000000003 0 1.0035736560821535 32.500000000000007 30.500000000000004 335.87500000000006 0.3201736062765122 218.00000000000003 358.00000000000006 1.0790000557899477 267.12500000000006 431.12500000000006 650.37500000000011 0.081615630537271514 1.0326827168464663 31.125000000000004 1.1748403906822207 1 3.6348249912261967
decision_type=10 8 10 2 10 8 10 10 10 10 8 2 1 8 2 2 2 10 2 2 10 2 2 2 10 10 2 10 1 8
left_child=1 6 5 4 7 -2 -1 10 14 -4 11 -3 -12 -14 -7 -5 26 -18 21 -20 -21 -15 -22 -23 -25 -8 -9 28 -28 -29
right_child=2 3 9 15 -6 8 25 16 -10 -11 12 -13 13 18 -16 -17 17 -19 19 20 22 23 -24 24 -26 -27 27 29 -30 -31
leaf_value=-0.018329257726537311 -0.033457765583987331 0.0079201064338802127 -0.013368293030006606 0.0024130145203827918 0.018696689117044803 0.0041384505248860948 -0.012487032915121953 0.020781944986492395 -0.031439767448508668 0.0029603283088659271 0.0028432076804907301 -0.014501193218679499 -0.011168483107813357 0.015222193686073859 -0.017611640813108946 -0.011081080351404092 0.026400076230860825 -0.018884811719286881 0.0041425299079402454 0.11428487792489903 0.078487295649079192 -0.0069642827086984294 0.025007355808645548 0.00068999059560186495 0.077332202300018929 0.006681765810120561 -0.0083769250354365863 0.014321666082220163 0.0095153307671242606 -0.018941415207643392
leaf_weight=811.4844987411052 1453.9366885623895 312.88223321456462 1012.2858604737557 709.57401850819588 1767.3034506589174 190.08956384006888 219.57448155619204 486.76048495713621 455.50151885999367 561.15995808783919 2040.188123267144 356.20225073117763 123.24792128708214 1215.0798458242789 593.42933384189382 655.63270098809153 454.17185212485492 31.411234330385923 148.53781081084162 21.809791572391987 24.260761119425297 357.76389019936323 89.006345555186272 34.448039267212152 17.349661994725466 443.18812242057174 322.00288967881352 1354.4429680118337 449.83493359666318 46.413856439292431
leaf_count=20571 54314 5119 27170 13621 16571 6061 4853 7808 19663 9203 31962 7100 5119 16646 21458 15182 3233 230 2363 192 228 3661 788 367 150 6154 3783 11884 5520 328
internal_value=-0.000206945 0.00649315 -0.0198235 0.00869429 0.0104998 -0.0269913 -0.00994992 0.0086602 -0.019379 -0.00754407 0.00562196 -0.00401424 0.00720702 0.011584 -0.0123312 -0.00406789 0.0132355 0.0234297 0.0130606 0.0262522 0.0503266 0.0107406 0.0370839 -0.0025503 0.0274156 0.000315836 0.0113645 0.00924426 0.00204451 0.013204
internal_weight=16759 12492.6 4266.4 11018.3 9653.12 2692.96 1474.25 7885.81 1239.02 1573.45 4740.78 669.084 4071.69 2031.5 783.519 1365.21 3145.04 485.583 1908.26 283.615 135.077 1624.64 113.267 409.562 51.7977 662.763 2659.46 2172.69 771.838 1400.86
internal_count=321302 183433 137869 151855 123052 101496 31578 106481 47182 36373 73695 12219 61476 29514 27519 28803 32786 3463 24395 3571 1208 20824 1016 4178 517 11007 29323 21515 9303 12212
cat_boundaries=0 1 2
cat_threshold=4 4
is_linear=0
shrinkage=0.04


Tree=30
num_leaves=31
num_cat=2
split_feature=0 1 22 1 22 9 1 22 14 43 17 0 26 19 1 22 22 33 22 0 25 25 18 29 35 21 43 15 25 21
split_gain=1233.32 252.985 248.257 139.174 95.3216 81.0925 77.5336 74.1652 57.1174 51.2921 50.8724 48.6639 45.3135 44.0306 42.1156 40.6625 35.8607 34.599 33.9793 32.5746 32.3507 46.8647 39.6955 32.0324 33.3278 32.0192 31.9598 31.4205 52.3821 31.405
threshold=2.4750000238418584 2.4050000905990605 0.03614510782063008 2.2549999952316289 0.10294625535607339 3.5000000000000004 1.5850000381469729 0.066882424056530013 88.345001220703139 0 4.5000000000000009 3.0349999666213994 1.5000000000000002 10.500000000000002 1.8550000190734866 0.10209254175424577 0.013452543411403896 2.4875597953796391 0.11901463195681573 1.7749999761581423 690.87500000000011 496.62500000000006 1.5000000000000002 11.750000000000002 13.750000000000002 82.51377105712892 1 3.5000000000000004 320.37500000000006 59.93836975097657
decision_type=10 8 8 10 8 2 8 10 8 9 8 10 2 10 8 10 10 10 10 8 2 2 10 2 2 10 9 2 2 8
left_child=2 7 6 5 -3 8 -1 -2 12 14 13 -6 -4 -7 -10 -5 -8 -14 25 -18 21 23 -22 -15 -25 -12 -9 -26 -29 -16
right_child=1 4 3 15 11 10 16 26 9 -11 18 -13 17 20 29 -17 19 -19 -20 -21 22 -23 -24 24 27 -27 -28 28 -30 -31
leaf_value=0.0080092099731522981 -0.016036993564691619 -0.030088091202080589 0.0065737268934256488 -0.0059038175106682677 -0.0070996492668216442 0.0036126208217982648 -0.029204530194706424 -0.0058887228551231345 0.020205418717082081 -0.019578720167252123 -0.0035884038231731607 -0.028639786658793562 0.013130257661535017 0.00854804752861788 0.023890365290388182 0.005253058723091824 0.0010845964184468138 0.033496825110902385 0.022160430325748767 -0.015541888522130372 0.014174681072225899 0.0014856130743605648 0.068474433146324926 0.023276665355085609 0.012073422153581634 0.073683007005561518 0.01024878413555993 0.017971062948302391 0.063797305892596926 -0.0015304174003393676
leaf_weight=319.00345440860838 522.07029024045914 2089.4297062372789 1689.4695294266567 1201.1660886546597 547.53583462396637 467.15569949429482 209.55364350602031 334.30057757906616 192.39447876624763 173.4213009532541 459.79989253450185 242.12053185282275 474.79447086900473 552.54342639725655 82.268530439585447 923.52891635056585 261.36310979072005 186.8664109390229 113.47536621056497 670.46243332885206 45.337436661124229 323.54308032244444 41.638558067381382 1495.2249465053901 1203.6374118225649 7.7407108321785918 448.61641088034958 184.52630628459156 50.629834622144699 1173.4124282766134
leaf_count=5272 13922 78234 23757 24045 19554 5319 4544 6691 2659 4010 7301 11392 7638 6190 800 13485 4366 1174 1191 17373 313 2482 285 14125 14037 85 7855 2645 356 19842
internal_value=-0.000194989 -0.0189908 0.00609565 0.00814565 -0.0256112 0.0103374 -0.00939753 -0.0043732 0.00607751 0.000298834 0.0137567 -0.0137371 0.0100594 0.0152369 0.00280972 -0.00105225 -0.0142688 0.0189301 0.0026242 -0.010878 0.0166281 0.016067 0.0406983 0.0174182 0.0190838 -0.00214601 0.00340997 0.0147105 0.0280829 0.00014958
internal_weight=16687 4184.07 12503 11042.6 2879.09 8917.88 1460.38 1304.99 3972.63 1621.5 4945.25 789.656 2351.13 4364.24 1448.08 2124.7 1141.38 661.661 581.016 931.826 3897.08 3810.11 86.976 3486.56 2934.02 467.541 782.917 1438.79 235.156 1255.68
internal_count=320942 137648 183294 151739 109180 114209 31555 28468 59880 27311 54329 30946 32569 45752 23301 37530 26283 8812 8577 21739 40433 39835 598 37353 31163 7386 14546 17038 3001 20642
cat_boundaries=0 1 2
cat_threshold=112 96
is_linear=0
shrinkage=0.04


Tree=31
num_leaves=31
num_cat=1
split_feature=4 0 4 22 21 4 22 1 5 20 46 8 14 21 16 35 26 30 8 19 23 19 4 21 23 16 36 21 33 24
split_gain=1198.98 280.699 179.543 125.41 123.168 122.245 79.1072 73.5466 65.7031 59.8562 58.2982 51.6493 46.8439 43.8555 42.9031 36.8733 34.5359 37.9462 34.3312 33.1906 32.6386 32.022 31.2841 30.5679 30.4874 27.6742 27.3558 26.9833 25.3122 24.5447
threshold=2.4550000429153447 2.0949999094009404 0.79500001668930065 0.0515999123454094 75.729537963867202 2.7549999952316289 0.070718556642532363 1.5049999952316286 30.500000000000004 79.000000000000014 0 63.500000000000007 84.755001068115249 63.022916793823249 1.5000000000000002 12.750000000000002 4.5000000000000009 0.099281519651412978 106.50000000000001 17.500000000000004 1.0593760013580324 9.5000000000000018 2.2949999570846562 60.947811126708991 1.0153971314430239 4.5000000000000009 0.02295583859086037 62.081874847412116 3.248575091362 0.14474020153284076
decision_type=2 10 2 8 10 2 8 8 2 2 1 2 10 10 2 2 2 10 2 8 10 8 2 8 10 2 8 8 10 8
left_child=1 4 12 20 7 6 -2 25 19 28 21 27 -3 29 -6 16 18 -18 -15 -5 -4 -11 -10 -7 -23 -1 -21 -8 -9 -12
right_child=5 2 3 8 14 23 11 9 22 10 13 -13 -14 15 -16 -17 17 -19 -20 26 -22 24 -24 -25 -26 -27 -28 -29 -30 -31
leaf_value=0.016899652848543875 -0.023905118963054996 -0.0082997528252084611 -0.019481390881493314 -0.0026296773150780617 -0.011208184594228281 0.0056850299289843212 0.040890188511708642 0.031618361474787131 0.0027982399824927036 -0.0029075317554846003 -0.008248358834350808 -0.014108769760616547 -0.027108443249781781 -0.00055382715893569296 0.017147002828124615 -0.0026525156812926783 0.016201929308661229 0.086804066270661992 0.014090789179534218 0.084040742926601186 -0.0034039380712923353 -0.00090042302025723883 -0.011419521553153259 -0.031002943769073931 0.015465218692126371 -0.018542887296428924 0.013351968871499323 0.0019601054880562154 0.013035169104807716 0.013653888050426586
leaf_weight=2252.9791472526267 784.69658927293494 355.63306967169046 481.33645635796711 233.07074477802962 603.47640826087445 36.741927633062005 30.308238585479558 217.67059576138854 726.05480661336333 204.38562688417733 90.205403437837958 559.13103764131665 530.26671430235729 668.01229368057102 98.410054862499237 1606.6174494782463 46.144806303083897 15.982889056205748 413.82501672953367 7.8900716239586464 349.67573880916461 203.2386526633054 374.36733762267977 1525.448698529508 1706.5733301751316 34.920936778187752 1122.7926254887134 321.12444972340018 260.63695419952273 806.30933430790901
leaf_count=20707 26237 7451 14407 3995 12734 1246 565 1885 12835 3303 1317 16398 16532 8571 1075 20614 388 132 5134 94 6645 6383 9170 61867 18760 215 17665 8559 1544 14873
internal_value=-0.000295484 0.00499198 -0.00360481 0.00069357 0.00888689 -0.0220593 -0.0146023 0.0102128 0.00522656 0.00795989 0.00682749 -0.00656362 -0.0195803 0.00376062 -0.00720813 0.00125327 0.0067397 0.0355156 0.00505219 0.011091 -0.0127333 0.0121118 -0.00204104 -0.0301344 0.013722 0.0163491 0.0139226 0.00543536 0.0215488 0.0114389
internal_weight=16667.9 13410.5 4181.09 3295.19 9229.39 3257.45 1695.26 8527.5 2464.18 6239.6 5761.29 910.564 885.9 3647.1 701.886 2750.58 1143.97 62.1277 1081.84 1363.75 831.012 2114.2 1100.42 1562.19 1909.81 2287.9 1130.68 351.433 478.308 896.515
internal_count=321301 206429 88794 64811 117635 114872 51759 103826 43759 82904 79475 25522 23983 51029 13809 34839 14225 520 13705 21754 21052 28446 22005 63113 25143 20922 17759 9124 3429 16190
cat_boundaries=0 1
cat_threshold=8
is_linear=0
shrinkage=0.04


Tree=32
num_leaves=31
num_cat=2
split_feature=4 22 0 22 0 22 23 4 22 25 1 1 1 46 15 21 0 21 4 5 9 30 5 17 25 25 44 4 21 25
split_gain=1134.23 269.334 170.769 126.339 103.355 67.448 60.6172 59.7906 55.0044 84.7907 51.2207 51.1814 48.8117 35.7442 35.3944 41.7451 34.8768 34.8039 34.471 33.5638 31.0407 30.1016 28.9687 35.8088 41.1563 33.8496 28.6775 28.6508 27.4458 27.4405
threshold=2.4550000429153447 0.069005299359560027 2.1750000715255742 0.10294625535607339 2.7549999952316289 0.1857978627085686 1.0346044898033144 2.7350000143051152 0.10359223932027818 423.75000000000006 1.9550000429153445 2.7150000333786015 2.4250000715255742 0 2.5000000000000004 73.712642669677749 2.0049999952316289 77.739685058593764 1.735000014305115 31.500000000000004 13.500000000000002 0.064103879034519209 31.500000000000004 2.5000000000000004 115.62500000000001 139.87500000000003 1 1.8450000286102297 78.199050903320327 457.12500000000006
decision_type=2 8 8 10 10 10 10 2 10 2 8 10 10 1 2 10 10 10 2 2 2 10 2 10 2 2 9 2 10 2
left_child=1 2 6 7 5 10 -1 19 9 -5 21 -10 17 20 15 -15 26 -4 -18 28 -8 -3 23 29 -25 -26 -12 -6 -2 -16
right_child=3 4 12 8 27 -7 13 -9 11 -11 16 -13 -14 14 22 -17 18 -19 -20 -21 -22 -23 -24 24 25 -27 -28 -29 -30 -31
leaf_value=-0.010649899863417711 -0.0089509336518297303 0.024320022816296145 -0.0058131601582149441 -0.020775788944272455 -0.026287116821049061 0.015518524403470681 -0.0052469123997403271 -0.032350746979330991 -0.0010589495163069523 0.17482839447156298 0.0057341472717162513 -0.021577184013622134 -0.024960184021993445 0.010667846924715244 0.011632876763347367 -0.016493469158925918 -0.013632528795801804 -0.021565813292041019 0.0025049419437819841 -0.026331379385948647 0.013463924978627329 0.010295586598822444 0.0064328661356669479 0.018613237952336232 0.1282167719192446 0.048023523455444826 0.018662317468599875 -0.0020425670659359177 -0.03503402740699843 0.080384403206335511
leaf_weight=402.37629574816674 479.93968530977145 272.25904918275774 986.88612317852676 7.1793029014952463 153.48269299138337 2165.086349693127 544.37644891440868 1241.8869915483519 480.07458675233647 5.6088811308145523 2559.14860607218 326.64217428304255 433.47080760961398 267.49620075616986 262.56828600075096 135.56656326632947 259.68754610046744 290.47574351402 1127.6617656266317 578.95847119437531 190.72036792524159 2469.3168694395572 284.40437059104443 81.705764234997332 9.5836190879344922 61.775474354624748 304.924839746207 158.64968005102128 74.055108425673097 8.6987420096993429
leaf_count=10696 14979 2593 22767 298 5449 20158 7611 53137 11719 104 37357 11382 14044 3881 3250 2415 5617 7614 22679 20912 2000 24955 3745 1208 98 606 3633 3809 2382 75
internal_value=-0.000182766 0.00491275 -0.00384556 -0.0216025 0.0085756 0.0093477 0.00339712 -0.0262752 -0.00804083 0.0711833 0.00743465 -0.00938823 -0.0133664 0.00646376 0.0109854 0.00150427 0.00468225 -0.00941256 -0.000520473 -0.0195894 -0.000375268 0.0116981 0.0163621 0.0229769 0.0384197 0.060472 0.00720313 -0.0140228 -0.0125016 0.0141394
internal_weight=16624.7 13430.3 3960.1 3194.35 9470.22 9158.09 2249.27 2374.84 819.505 12.7882 6993 806.717 1710.83 1846.9 1111.8 403.063 4251.42 1277.36 1387.35 1132.95 735.097 2741.58 708.736 424.332 153.065 71.3591 2864.07 312.132 553.995 271.267
internal_count=321173 206260 80010 114913 126250 116992 35585 91410 23503 402 96834 23101 44425 24889 15278 6296 69286 30381 28296 38273 9611 27548 8982 5237 1912 704 40990 9258 17361 3325
cat_boundaries=0 1 2
cat_threshold=4 8
is_linear=0
shrinkage=0.04


Tree=33
num_leaves=31
num_cat=1
split_feature=4 22 0 1 0 22 21 22 0 46 9 5 19 17 14 4 4 23 5 11 1 16 5 23 23 22 1 23 21 26
split_gain=1064.92 279.924 153.107 114.511 88.6602 88.1053 76.0171 66.3205 63.2687 47.5768 47.5877 45.457 44.0644 41.9291 45.1354 41.6642 39.3902 37.7358 39.4257 36.1746 35.8713 34.3875 33.1253 30.5454 54.3596 29.4742 27.7909 38.9067 27.258 26.9436
threshold=2.5049999952316289 0.03614510782063008 2.0749999284744267 2.5249999761581425 2.0049999952316289 0.066482517868280425 82.51377105712892 0.14145641028881076 3.0049999952316289 0 12.500000000000002 32.500000000000007 10.500000000000002 3.5000000000000004 91.979999542236342 1.9249999523162844 1.7649999856948855 1.013817369937897 41.500000000000007 0.093683511018753066 2.1750000715255742 1.5000000000000002 40.500000000000007 1.063160836696625 1.06570440530777 0.18932993710041049 1.9950000047683718 1.0674442648887636 70.254638671875014 1.5000000000000002
decision_type=2 8 8 10 8 10 10 10 8 1 2 2 8 8 10 2 2 10 2 8 8 2 2 10 10 10 8 10 10 2
left_child=1 4 9 7 21 -2 8 13 11 12 -11 25 28 14 -4 -12 -5 -14 26 -6 -16 23 -18 -1 -25 -7 27 -19 -3 -9
right_child=5 2 3 16 19 6 -8 29 -10 10 15 -13 17 -15 20 -17 22 18 -20 -21 -22 -23 -24 24 -26 -27 -28 -29 -30 -31
leaf_value=-0.009467648921910753 -0.029960074492806174 0.0080326079233377524 0.0067477252745232951 -0.024160587686403182 -0.026938555988938701 -0.0070311748508449495 0.16763028111591655 0.0079275912193324354 -0.029452974121349746 0.004712380880499396 0.026934653899435609 -0.021668279518274613 0.0015538531264156356 -0.0072490316444012784 0.010801435826001595 0.0093021610657225955 0.0043707507220711291 0.053887094984534908 0.0075916596202694865 -0.01140879292155917 -0.0090318928496346366 0.01861541922794737 -0.018293243491588444 0.073814026283388123 0.0017328303654676437 0.020202168049303061 0.016170533158812558 0.023251528199600809 -0.017369370275490455 0.020706570507594693
leaf_weight=431.55339216068387 1383.7927681151778 230.56315742060542 1802.5032027508132 301.39146802574396 460.67715590680018 532.54853643011302 2.6160257887095204 1249.4533243179321 401.09778547799215 2551.300762437284 319.60898024775088 365.16243957588449 253.09607201721519 801.29347475152463 187.77118545770645 656.66263695433736 243.27727771503851 73.10054824501276 480.47314035333693 507.94936619792134 640.79065691865981 127.42339466512203 177.55517868464813 18.68470268510282 113.10972985439003 71.161143084987998 1052.9678054982796 729.36660578101873 94.435741947963834 335.58750377595425
leaf_count=8620 58184 3019 31958 9566 15181 16093 64 15569 16680 28763 2869 12239 7512 17708 3082 6949 5245 852 4744 12140 14581 1463 4863 231 1497 1709 10440 5585 1490 2198
internal_value=-0.000132114 0.00438969 0.0064896 0.00173746 -0.0110174 -0.0228322 -0.0156267 0.00388227 -0.0161016 0.0107223 0.00759191 -0.0105455 0.0145066 0.000754978 0.00319595 0.0151004 -0.013142 0.0162488 0.0178379 -0.018819 -0.00452478 -6.05234e-05 -0.00520273 -0.00431741 0.0124609 -0.00378638 0.0204836 0.0261108 0.000608583 0.010647
internal_weight=16597 13840.6 12181.2 5739.62 1659.4 2756.38 1372.59 5017.4 1369.97 6441.58 3527.57 968.872 2914 3432.36 2631.07 976.272 722.224 2589 2335.91 968.627 828.562 690.771 420.832 563.348 131.794 603.71 1855.43 802.467 324.999 1585.04
internal_count=321094 216125 176993 104770 39132 104969 46785 85096 46721 72223 38581 30041 33642 67329 49621 9818 19674 29133 21621 27321 17663 11811 10108 10348 1728 17802 16877 6437 4509 17767
cat_boundaries=0 1
cat_threshold=8
is_linear=0
shrinkage=0.04


Tree=34
num_leaves=31
num_cat=3
split_feature=11 0 22 4 5 11 16 21 20 35 20 4 14 40 15 1 22 5 21 31 43 5 43 38 22 24 43 15 21 5
split_gain=985.203 210.67 188.638 113.638 101.94 67.4964 60.1368 55.4532 44.5979 38.5965 37.5582 46.2005 42.4003 48.7214 42.0263 35.8728 35.2747 34.3843 38.3778 33.0462 32.533 34.1219 31.3352 41.8977 36.8684 32.6303 31.2473 32.9026 31.3007 31.0897
threshold=0.038984065875411041 2.6650000810623173 0.03614510782063008 2.245000004768372 26.500000000000004 0.30720923840999609 1.5000000000000002 75.92813873291017 159.00000000000003 16.750000000000004 79.000000000000014 1.544999957084656 87.045001983642592 0.24109993129968646 3.5000000000000004 1.2050000429153445 0.035563597455620773 33.500000000000007 65.29294586181642 66.870597839355483 0 9.5000000000000018 1 1.0271438360214236 0.18932993710041049 0.3201736062765122 2 3.5000000000000004 70.549018859863295 28.500000000000004
decision_type=8 8 8 2 2 10 2 10 2 2 2 2 10 8 2 8 8 2 8 8 9 2 9 10 10 10 9 2 8 2
left_child=1 4 6 5 7 10 9 20 19 15 -4 12 13 -12 22 -2 -6 -16 -19 -3 21 -1 23 -13 -24 -26 28 -28 -5 -29
right_child=2 8 3 26 16 -7 -8 -9 -10 -11 11 14 -14 -15 17 -17 -18 18 -20 -21 -22 -23 24 -25 25 -27 27 29 -30 -31
leaf_value=0.018214715773690621 0.012132149127780149 0.05079129087790827 0.017962267759712717 0.0070152966269854122 -0.030976298641232566 0.014229565546865807 0.014895731566314827 -0.027463788091260825 -0.030017136830696605 -0.0259726734786371 0.0007542699051126488 -0.010554579849978483 -0.0044437757641935978 0.017432950163612484 0.025810474913597298 -0.0108951593563082 -0.013421837981589635 -0.0066795608172574043 0.018919272772636834 -0.013855802569955005 -0.014704196728705191 0.00013695167192854325 -0.00018552796857357505 0.011677935892389045 0.023442886000143926 -0.02120541250342781 -0.012529453163850015 0.020241693886701367 -0.0080593118099473084 -0.0066316641929889779
leaf_weight=281.7259431052953 121.52722844295204 12.668859917204825 426.16416517738253 756.41958009870723 250.31822384521365 2403.2497991817072 152.99020261270925 98.745093800593168 1682.7349633141421 240.8151404671371 851.3903847951442 146.24601343460381 1111.577482889872 417.19309843052179 356.63456850778311 927.71362308785319 695.52397368568927 156.65376769844443 230.05162117630243 169.40591532411054 115.23670702148229 409.46998987020925 1386.2176367267966 1723.3618950834498 190.91911456361413 29.437811963260174 638.54161816928536 110.99158259341493 309.70131211914122 177.78147922689095
leaf_count=5472 2047 351 2948 12923 8389 22586 1895 3198 75511 6124 10697 4733 18858 6358 4411 22028 19401 1920 3234 7141 2985 10709 19162 17665 2128 202 14166 2139 8075 3719
internal_value=-0.000354009 -0.018494 0.00488588 0.0066077 -0.00892385 0.00844208 -0.0087357 0.000669184 -0.0279813 -0.0115507 0.00646012 0.00571417 0.00125537 0.00625187 0.00822746 -0.00821522 -0.0180997 0.0168592 0.00854843 -0.00908291 0.00414868 0.00741956 0.00637619 0.00987918 0.00221834 0.0173913 -0.00206692 -0.00738753 0.00260461 0.00371767
internal_weight=16581.4 3715.83 12865.6 11422.5 1851.02 9429.1 1443.05 905.178 1864.81 1290.06 7025.85 6599.68 2380.16 1268.58 4219.52 1049.24 945.842 743.34 386.705 182.075 806.433 691.196 3476.18 1869.61 1606.57 220.357 1993.44 927.315 1066.12 288.773
internal_count=321175 133157 188018 155924 50154 114902 32094 22364 83003 30199 92316 89368 35913 17055 53455 24075 27790 9565 5154 7492 19166 16181 43890 22398 21492 2330 41022 20024 20998 5858
cat_boundaries=0 1 2 3
cat_threshold=112 144 148
is_linear=0
shrinkage=0.04


Tree=35
num_leaves=31
num_cat=0
split_feature=4 22 0 22 22 0 1 4 20 1 15 11 21 17 19 14 21 19 1 11 4 23 10 21 0 38 14 0 19 23
split_gain=946.1 225.805 138.43 107.227 98.0418 76.6137 74.3074 68.9353 48.2179 44.5204 41.6285 41.5517 40.4733 39.0842 38.1724 37.7704 37.3344 36.8569 34.7539 34.6746 29.4088 29.3281 29.2946 27.5759 27.1694 27.9509 27.066 26.7033 25.7646 34.9668
threshold=2.4750000238418584 0.03614510782063008 2.7549999952316289 0.070410095155239119 0.12391588091850282 1.8650000095367434 1.9550000429153445 2.9450000524520878 110.00000000000001 2.0249999761581425 3.5000000000000004 0.034909110516309745 69.669704437255874 3.5000000000000004 52.500000000000007 94.034999847412124 84.929595947265639 167.50000000000003 1.0549999475479128 0.060840187594294555 2.7549999952316289 1.0311969518661501 5.5000000000000009 69.821186065673842 2.0649999380111699 1.1217039823532107 67.939998626708999 0.75499999523162853 145.50000000000003 1.1533122658729555
decision_type=2 8 10 10 10 8 8 2 2 10 2 10 8 8 10 10 10 8 8 8 2 10 2 8 10 8 10 10 10 10
left_child=1 5 4 20 6 27 17 9 -8 -5 13 -4 24 15 -11 -10 -15 -3 -6 -7 -2 -21 -17 -14 25 -12 -20 -1 -25 -30
right_child=3 2 11 7 18 19 8 -9 10 14 12 -13 23 16 -16 22 -18 -19 26 21 -22 -23 -24 28 -26 -27 -28 -29 29 -31
leaf_value=0.020084883183272752 -0.022407775370161167 0.0063258247427929581 -0.029747615124076532 0.0075827631158317168 0.019753194660410537 -0.026921453988997413 0.032745604256485858 -0.028134826258978261 0.0031999077195250477 0.0036948650914718426 0.022735939571632093 -0.0053016595523288079 0.10023456285694099 -0.0098265316111998922 -0.017114222816392917 -0.013758423783386167 0.094662081200022008 0.017094840802225328 0.017579132291846374 -0.023270385919818885 -0.03378639300316176 -0.005694602563766608 0.0066913552816168951 0.043421119512740206 -0.013065484307408601 -0.007229062450678652 0.0085128038170836692 -0.0022207832600977077 0.0080020852329637966 0.082087660492210099
leaf_weight=106.14038714021444 692.59381725918502 2138.1364690866321 190.26987208751962 233.77044573053718 677.22682943940163 337.39781707851216 71.745778894051909 356.89169415133074 2049.4867269229144 183.2016677511856 115.99884262308478 268.4093168694526 6.0839274963363996 855.47733943210915 603.2473478927277 424.9112402847968 4.5074790176004162 668.29457530379295 626.59883135091513 222.39014162961394 798.83707724371925 480.64802766870707 151.12251268699765 55.137848703190684 135.75254852743819 85.793381156399846 3366.6304813995957 430.94686096720397 177.29278913326561 9.8624266348779184
leaf_count=1384 27311 24083 8333 5567 5135 11699 1381 15606 35827 5542 1689 6096 160 18279 19354 9195 78 8201 5347 6809 37543 10522 2232 1541 2958 1047 36679 7226 4068 92
internal_value=-0.000210963 0.00417571 0.00603486 -0.0210902 0.00688626 -0.0100516 0.00387245 -0.0130219 0.000466818 -0.00770884 -0.000108911 -0.0154937 0.00974561 -0.00176895 -0.0122632 0.000654633 -0.00916491 0.00889685 0.0113681 -0.0163806 -0.0285236 -0.0112851 -0.00838419 0.0219668 0.00070273 0.0100036 0.0099405 0.00220901 0.0195811 0.0123429
internal_weight=16524.8 13656.3 12078.7 2868.54 11620.1 1577.52 6949.6 1377.11 4143.17 1020.22 4071.43 458.679 585.922 3485.51 786.449 2625.52 859.985 2806.43 4670.46 1040.44 1491.43 703.038 576.034 248.377 337.545 201.792 3993.23 537.087 242.293 187.155
internal_count=320984 210061 172421 110923 157992 37640 110831 46069 78547 30463 77166 14429 11555 65611 24896 47254 18357 32284 47161 29030 64854 17331 11427 5861 5694 2736 42026 8610 5701 4160
is_linear=0
shrinkage=0.04


Tree=36
num_leaves=31
num_cat=3
split_feature=4 22 0 22 1 0 46 0 43 29 25 23 5 17 10 20 31 21 11 30 22 21 19 21 4 37 23 6 17 42
split_gain=924.055 233.542 129.169 83.016 74.7732 68.2122 65.9242 58.7521 49.5949 48.0705 47.3573 46.4683 45.2559 44.5744 39.8764 43.3716 42.0068 38.5516 38.3673 37.588 37.5699 36.4561 36.0982 33.2119 33.1968 31.5893 31.1841 28.3337 27.3786 35.7624
threshold=2.5049999952316289 0.035563597455620773 2.2749999761581425 0.070410095155239119 2.5849999189376835 1.8650000095367434 0 3.0049999952316289 1 16.250000000000004 677.12500000000011 1.013817369937897 37.500000000000007 1.5000000000000002 38.750000000000007 110.00000000000001 63.178062438964851 78.053596496582045 0.06003003008663655 0.21403697878122332 0.16758911311626437 63.022916793823249 163.50000000000003 68.052261352539077 1.9650000333786013 71.059780120849624 1.1683899760246279 131.25000000000003 4.5000000000000009 2
decision_type=2 8 10 8 10 8 1 8 9 2 2 10 2 8 2 2 8 10 8 10 10 8 8 10 2 10 8 2 10 9
left_child=1 5 6 -2 20 -1 8 13 11 10 14 23 25 -5 15 16 -8 -9 -7 -10 -4 -11 -23 -3 -16 -13 -17 -12 -24 -30
right_child=3 2 4 7 -6 18 9 17 19 21 27 12 -14 -15 24 26 -18 -19 -20 -21 -22 22 28 -25 -26 -27 -28 -29 29 -31
leaf_value=0.0011278896987273633 -0.029173658380811266 0.0081621206723728711 -0.0013209554442828587 0.0066113797916879363 -0.016990675793720128 -0.027354789951852525 0.0071719359219534319 -0.029309479450477079 -0.0039737917033833515 0.011363244840157757 0.020896687993925508 0.015482732786011035 0.0069689092240899312 -0.014215300596225829 0.026224351535527268 -0.0003283104476452773 0.036155428424366622 0.12538792014081415 -0.011038335564101999 0.031530713746210234 0.013855184983711685 -0.0044832766225013096 0.0092769824159148993 -0.019310132584271836 0.007188205835897161 0.026576394436829569 0.0090078745308716478 0.064039851464667424 0.06281033625417852 -0.027299035451723359
leaf_weight=529.51168236322701 1299.4757623104379 218.5748051116243 1745.2801123787649 212.1754655931145 453.12970534712076 346.86027735937387 199.86779271438718 369.91099853161722 432.23287831712514 465.01933112647384 102.11747974902391 1648.6991932000965 765.63328431267291 718.58466328401119 298.61958903353661 1402.8560752104968 133.64578625466675 1.6197770740836848 696.45780619932339 52.612892352044582 305.82151682069525 1480.3714628191665 617.43497682362795 102.62852462660521 290.416039978154 552.75343658123165 964.99628673307598 32.042653802782297 6.9718506997451186 61.214232570491731
leaf_count=8470 55106 6293 38324 6095 14328 12348 1105 18423 6447 4186 845 15824 8265 25323 2705 19833 1587 43 17360 431 4003 19256 8370 3765 3285 5460 11945 250 107 1112
internal_value=-0.000141173 0.00395257 0.00580411 -0.0220158 -0.00230384 -0.0105577 0.00787035 -0.0148535 0.0120211 0.00528187 0.00840516 0.0137606 0.0153665 -0.00946137 0.00744775 0.00538545 0.0188715 -0.0282895 -0.0164877 -5.47034e-05 0.000945524 0.00121338 -0.000968098 -0.000635886 0.0168737 0.0182808 0.00347707 0.0316281 0.00661141 -0.0172531
internal_weight=16507.5 13905.8 12332.9 2601.77 2504.23 1572.83 9828.71 1302.29 3773.14 6055.57 3424.56 3288.29 2967.09 930.76 3290.4 2701.37 333.514 371.531 1043.32 484.846 2051.1 2631.01 2165.99 321.203 589.036 2201.45 2367.85 134.16 685.621 68.1861
internal_count=320894 215904 177726 104990 56655 38178 121071 49884 46485 74586 41555 39607 29549 31418 40460 34470 2692 18466 29708 6878 42327 33031 28845 10058 5990 21284 31778 1095 9589 1219
cat_boundaries=0 1 2 3
cat_threshold=8 208 4
is_linear=0
shrinkage=0.04


Tree=37
num_leaves=31
num_cat=1
split_feature=4 0 22 21 22 4 21 0 5 46 29 21 1 25 11 10 17 26 10 0 4 22 19 17 0 5 21 1 34 5
split_gain=826.181 216.49 147.863 86.9641 84.006 82.0589 66.9403 63.4896 58.8579 54.9725 52.55 44.8894 43.6998 42.5488 38.9664 36.4088 33.7358 32.1248 30.1435 28.7638 26.095 25.7704 25.5359 24.4615 24.3238 30.3698 26.1374 23.2969 23.0357 21.9392
threshold=2.5049999952316289 2.0949999094009404 0.053768806159496314 74.533176422119155 0.070410095155239119 0.79500001668930065 82.51377105712892 3.0049999952316289 24.500000000000004 0 16.750000000000004 63.022916793823249 2.1450001001358037 690.87500000000011 0.35620281100273138 38.250000000000007 3.5000000000000004 1.5000000000000002 1.5000000000000002 1.5049999952316286 2.3750000000000004 0.17032737284898761 5.0000000000000009 4.5000000000000009 2.7649999856948857 25.500000000000004 77.426959991455092 2.3349999189376835 5.5000000000000009 45.500000000000007
decision_type=2 10 8 10 8 2 10 8 2 1 2 8 8 2 10 2 8 2 2 8 2 10 10 8 8 2 10 10 2 2
left_child=1 3 12 9 24 18 7 16 21 19 13 -12 23 15 -5 17 27 -11 -4 -1 -10 -7 -19 -3 25 26 -2 28 -6 -17
right_child=4 2 5 14 6 8 -8 -9 20 10 11 -13 -14 -15 -16 29 -18 22 -20 -21 -22 -23 -24 -25 -26 -27 -28 -29 -30 -31
leaf_value=0.016279732179823311 0.0026885680493424647 -0.0010366960234055665 -0.024008446570049718 -0.0083032304172013897 0.012133486388920459 0.0071445910222406794 0.14397761009182983 -0.028748758828689953 0.0010224658386981946 0.003756729080293389 0.012775670646587516 -0.0015921001424319637 -0.022374746439827533 0.033342135007209353 0.016600683588688291 0.023674284811634919 -0.02186854803798674 0.067741783136465866 -0.0052829232720179222 0.0087628548135168932 -0.011789475177592809 0.021801191313448327 0.013963988016967018 -0.020625398890739177 -0.033146118129680158 -0.028564800550431924 -0.031033403360355896 -0.010097503292592127 -0.015236789486908146 0.0076577650341244511
leaf_weight=1509.8446279214695 117.60789420781657 350.4144105957821 237.49516769079491 765.91678108461201 190.81684449268505 990.34237233316526 3.28116576001048 360.13303320016712 1109.6029366045259 1935.7505071880296 426.13958954438567 1874.0153294000775 689.91004081536084 110.66151841171086 114.65776415728033 340.08777017239481 238.53407544875517 13.76357647962868 328.41995289968327 1786.894553584978 328.80145498551428 238.32226796727628 415.29529625643045 143.22482565557584 753.17072708392516 341.95877547608688 52.298962751403451 429.34700994705781 65.136968661565334 232.25758756417781
leaf_count=14827 4451 7729 8799 15795 5387 16807 66 18495 20244 21995 3707 24338 22900 843 1382 3267 9502 109 6029 23270 8806 2348 6972 3722 35109 13599 1955 13980 2623 2375
internal_value=-0.000297502 0.003533 -0.00378594 0.00692699 -0.0212163 0.00064237 -0.0139986 -0.0145172 0.00357997 0.00814697 0.00563943 0.00107241 -0.015876 0.00908332 -0.00504085 0.00815694 -0.00893997 0.00595868 -0.0131769 0.0122105 -0.00190956 0.0100062 0.0158519 -0.00675847 -0.0285407 -0.0217049 -0.00778882 -0.00440876 0.00512034 0.0172065
internal_weight=16494.1 13941.8 4416.53 9525.28 2552.29 3232.98 1287.25 1283.97 2667.07 8644.71 5347.97 2300.15 1183.55 3047.82 880.575 2937.15 923.835 2364.81 565.915 3296.74 1438.4 1228.66 429.059 493.639 1265.04 511.866 169.907 685.301 255.954 572.345
internal_count=321431 216264 97384 118880 105167 63033 50053 49987 48205 101703 63606 28045 34351 35561 17177 34718 31492 29076 14828 38097 29050 19155 7081 11451 55114 20005 6406 21990 8010 5642
cat_boundaries=0 1
cat_threshold=8
is_linear=0
shrinkage=0.04


Tree=38
num_leaves=31
num_cat=1
split_feature=4 22 1 0 22 21 17 0 4 9 21 6 43 1 22 25 23 30 19 20 4 21 31 33 25 25 23 25 21 23
split_gain=789.238 199.655 184.126 96.4849 73.124 71.0694 48.0898 46.1999 45.1557 43.0166 38.8031 38.1388 37.8859 35.6397 34.8262 46.0236 33.2919 32.6818 40.9506 31.5492 29.5072 29.4626 31.0858 28.6063 28.3185 38.3364 40.2663 34.6812 64.3836 27.534
threshold=2.5349999666213994 0.10032052919268609 1.9950000047683718 2.2250000238418584 0.074320640414953246 82.51377105712892 4.5000000000000009 3.1049998998641972 1.794999957084656 13.500000000000002 77.250598907470717 160.25000000000003 0 2.054999947547913 0.193641372025013 765.12500000000011 1.0467212200164797 0.069151714444160475 167.50000000000003 79.000000000000014 1.0000000180025095e-35 79.325862884521499 74.713226318359389 1.0869932174682619 431.12500000000006 677.12500000000011 1.1971753835678103 423.75000000000006 65.880176544189467 1.2481924295425417
decision_type=2 8 8 10 10 10 10 10 2 2 10 2 9 10 10 2 10 8 10 2 2 10 10 10 2 2 10 2 10 10
left_child=1 2 6 10 -2 7 9 13 -5 12 -4 14 -1 -6 15 17 -10 18 -3 -19 -20 22 -14 -11 27 -26 -27 29 -29 -21
right_child=4 11 3 8 5 -7 -8 -9 16 23 -12 -13 21 -15 -16 -17 -18 19 20 24 -22 -23 -24 -25 25 26 -28 28 -30 -31
leaf_value=-0.0088106551336270406 -0.028011634357701504 -0.00098241559436893465 -0.00022889945238316223 -0.025972006434248192 0.0050182999945594517 0.14598859739479725 -0.00424529239459527 -0.030225078121435562 -0.022723396309605494 0.02879555680511937 -0.014451540252179743 -0.0040766059929801483 0.0077335136084142409 -0.014617886916591301 0.013246324676765838 0.074056163113913304 -0.0063768201111566326 0.01994653327582728 -0.0033621499607625694 0.0067282665830556343 0.032913632915488579 -0.021303587086339011 0.032972817531886661 0.010705524176534278 -0.014160284032263968 0.080956746020124884 -0.006271206703053517 -0.0055567652550479333 0.12811548210944249 -0.003948589773201833
leaf_weight=238.55886148754507 1295.1500707669184 123.51820307830349 2312.9181060893461 418.41453171055764 195.55162428878248 3.4448855295777312 550.41236784309149 227.474333581049 265.20604455191642 243.0104706780985 352.99674404691905 378.85127032548189 1439.6220342991874 597.08144230814651 2082.2569662253372 15.340189725160597 804.23636371269822 234.94727668352425 42.521272646263242 3235.0484041781165 216.45371121633798 51.713518762495369 81.82538229925558 334.90646514575928 219.06997208483517 13.846074387431143 19.224420994520187 12.558333398774268 9.4529478289186937 437.71262101037428
leaf_count=3562 61909 1371 37450 14833 5499 63 9680 10618 11576 2704 8340 5558 18805 21202 19017 124 18636 1856 783 53700 2380 1075 1076 3508 2008 124 147 124 77 3427
internal_value=-6.75596e-05 0.0034809 -0.0012548 -0.00667629 -0.0216926 -0.0136734 0.00640311 -0.0143589 -0.0148335 0.00885821 -0.00211835 0.00825233 0.00581794 -0.00976816 0.00895456 0.00699988 -0.0104517 0.00675747 0.0179417 0.0057295 0.0269521 0.00804784 0.00911431 0.0183558 0.00487735 -0.00806349 0.0314365 0.00576349 0.054749 0.005454
internal_weight=16453.3 14134.6 7093.82 4153.77 2318.7 1023.55 2940.05 1020.11 1487.86 2389.64 2665.91 7040.8 1811.72 792.633 6661.95 4579.69 1069.44 4564.35 382.493 4181.86 258.975 1573.16 1521.45 577.917 3946.91 252.14 33.0705 3694.77 22.0113 3672.76
internal_count=321232 221941 131245 90835 99291 37382 40410 37319 45045 30730 45790 90696 24518 26701 85138 66121 30212 65997 4534 61463 3163 20956 19881 6212 59607 2279 271 57328 201 57127
cat_boundaries=0 1
cat_threshold=12
is_linear=0
shrinkage=0.04


Tree=39
num_leaves=31
num_cat=0
split_feature=0 4 22 9 21 5 22 20 0 4 14 17 30 23 0 12 5 15 31 15 20 31 8 16 0 29 6 30 23 31
split_gain=772.999 186.707 105.447 103.765 76.0767 50.8957 48.9299 46.6633 44.4539 43.9008 72.1358 56.7313 55.3788 45.7577 41.9821 39.7798 36.3853 51.3888 35.947 33.8734 33.8305 40.0723 33.1978 32.8892 30.4269 29.2214 28.6501 27.9253 27.8338 28.496
threshold=2.6550000905990605 2.2250000238418584 0.052642140537500388 1.5000000000000002 75.92813873291017 20.500000000000004 0.074320640414953246 175.00000000000003 3.1049998998641972 1.0000000180025095e-35 86.174999237060561 4.5000000000000009 0.13842020183801654 1.0326827168464663 0.58499997854232799 2.5000000000000004 34.500000000000007 3.5000000000000004 72.423851013183608 3.5000000000000004 79.000000000000014 67.342235565185561 66.250000000000014 1.5000000000000002 2.0849999189376835 19.250000000000004 163.25000000000003 0.063718561083078398 1.084925174713135 74.713226318359389
decision_type=10 2 10 2 10 2 8 2 10 2 10 10 8 10 8 8 2 2 10 2 2 10 2 2 10 2 2 8 8 10
left_child=1 4 7 6 9 19 -2 -3 22 10 12 15 26 -13 -6 20 17 27 -7 -4 -11 -22 -8 -5 -12 -20 -1 -17 -19 -30
right_child=3 2 5 23 14 18 8 -9 -10 11 24 13 -14 -15 -16 16 -18 28 25 -21 21 -23 -24 -25 -26 -27 -28 -29 29 -31
leaf_value=0.00067048410701036557 -0.031730673475617047 0.00024781583811553414 0.0047460261605866867 -0.011049212908353787 0.026345342268187969 -0.0070525077487793679 -0.0015377058899661538 -0.020727901159813506 -0.031554438835327263 0.017939220653565992 -0.0016673377249704158 -0.021768662123925413 0.016229525949356317 0.0031497325788099081 -0.0094842669380572446 0.024198455429805255 0.0067092247168256984 0.009486197716255659 0.0042188659675295205 0.029945013674594338 -0.011317030971188259 0.0063687704613436778 -0.022129149807960539 0.015242644083802581 -0.018788707736571739 0.045224578782491073 0.079896864295564501 0.010498757083374373 0.028270672179262327 0.080040994986251349
leaf_weight=838.69989822851494 997.26760785048828 219.56550026824698 755.24336210731417 653.14760893210769 55.916150030680001 1294.3063177526928 267.6428169044666 740.13405095040798 262.32393556786701 193.22060436569154 1052.370373451151 143.86973391193897 763.82610823120922 632.09502168837935 646.39150522043929 261.60977422818542 1766.7272460926324 133.5595222832635 159.51621116884053 95.447925410699099 335.55882451683283 523.23276232741773 235.51755233621225 85.151346706785262 196.41719020949677 32.823896498419344 6.3692288864403954 2694.460648348555 369.47979686409235 17.319330509752035
leaf_count=11293 48979 5447 12715 18591 647 28291 11221 26159 14571 1291 16922 4627 8663 7777 14789 2829 21288 2396 2764 1937 4126 5584 10915 1390 4944 524 81 26790 3470 108
internal_value=-0.000135706 0.00354111 -0.00477329 -0.0206065 0.00612025 -0.000186032 -0.0258788 -0.0159295 -0.0182183 0.00702045 0.00283313 0.00871149 0.0084307 -0.00148725 -0.0065925 0.00996929 0.0113937 0.0137706 -0.00465184 0.0076099 0.0028623 -0.000542141 -0.0112088 -0.00799493 -0.00437637 0.0114351 0.00136606 0.0117203 0.0253654 0.0307995
internal_weight=16429.2 13928.2 3297.04 2501.05 10631.1 2337.34 1762.75 959.7 765.484 9928.82 2857.68 7071.13 1608.9 775.965 702.308 6295.17 5243.16 3476.43 1486.65 850.691 1052.01 858.792 503.16 738.299 1248.79 192.34 845.069 2956.07 520.359 386.799
internal_count=321129 215462 77837 105667 137625 46231 85686 31606 36707 122189 41903 80286 20037 12404 15436 67882 56881 35593 31579 14652 11001 9710 22136 19981 21866 3288 11374 29619 5974 3578
is_linear=0
shrinkage=0.04


Tree=40
num_leaves=31
num_cat=1
split_feature=0 1 21 22 1 17 10 23 14 19 22 4 22 11 11 37 21 31 11 38 22 5 20 25 14 0 32 5 43 21
split_gain=705.701 204.729 114.711 102.634 78.6966 74.1456 69.1087 63.5726 51.1349 50.999 49.9631 44.2027 42.8235 39.9785 35.5212 31.5492 30.2912 29.6128 29.7354 29.6064 29.3996 29.102 46.6952 32.8502 26.5474 25.3649 23.2466 25.381 22.5581 24.6657
threshold=2.7549999952316289 2.2549999952316289 77.739685058593764 0.062635455280542388 2.6750000715255742 4.5000000000000009 10.250000000000002 1.0326827168464663 88.184997558593764 21.500000000000004 0.11901463195681573 2.5149999856948857 0.054964337497949607 0.35620281100273138 0.04313445836305619 72.266063690185561 69.37909317016603 74.798877716064467 0.3486414253711701 1.0824639797210696 0.10209254175424577 31.500000000000004 218.00000000000003 261.37500000000006 84.020000457763686 2.2549999952316289 1.0936601161956789 57.500000000000007 0 77.16318511962892
decision_type=10 10 10 10 10 10 2 10 8 10 10 2 10 10 10 10 10 10 10 8 10 2 2 2 10 10 10 2 9 10
left_child=1 2 5 14 20 6 8 -7 15 -10 25 21 13 -4 -3 16 -1 18 28 -11 -2 22 -5 -24 -14 -9 -12 -28 -8 -30
right_child=4 3 12 11 -6 7 17 10 9 19 26 -13 24 -15 -16 -17 -18 -19 -20 -21 -22 -23 23 -25 -26 -27 27 -29 29 -31
leaf_value=0.0085422224647311897 -0.019405268443689967 -0.023794307295801544 -0.018605741733096214 0.0034630654596666914 -0.031209218013215675 -0.024947281769779422 -0.0041090013841982524 -5.982864620894885e-05 -0.019093713181838556 0.0097337452049894111 -0.01508543126910509 -0.011902374242679726 0.0014128815984396064 0.018403278180309807 -0.0094776500997166765 0.023532819393003255 -0.0015631041553474531 0.031467790930613609 0.01499664737922975 -0.0021393476405453756 -0.0035657528684283012 -0.0039246457565677243 0.0098238434988216945 0.054649422890970398 0.10237038743148973 -0.01980157083539217 0.039009909352027111 -0.0011727317887851023 0.0087419730617188992 0.067175129635052247
leaf_weight=1977.7837074208073 649.34201409248635 495.57318448880687 462.40243608318269 881.26644188212231 972.78556399838999 190.75862633017823 224.96280142664909 502.72406560787931 225.26441806508228 462.90257081668824 22.738322933204472 464.71441600192338 8.8604297935962659 51.028030905872583 636.34064163221046 177.27566751418635 623.16473482595757 105.37057861872017 1408.5264779767022 1217.345130556263 265.10481421183795 757.18049297807738 55.115120621398091 50.201622603461146 7.0574759477749458 130.4736676174216 92.156550996005535 34.112503699958324 3237.5123680820689 10.644485400058327
leaf_count=26692 29614 20096 11724 13008 49301 7088 2585 6698 5607 8898 329 14948 125 685 14976 2443 9804 1019 12331 19742 7327 13597 1485 482 131 2921 778 260 36231 183
internal_value=-0.00028202 0.00271029 0.00530805 -0.00597657 -0.0232853 0.00621249 0.00727156 -0.00430676 0.00377988 -0.00126471 0.000747219 -0.000953142 -0.0128476 -0.0148911 -0.0157648 0.00724048 0.00611987 0.0105487 0.01009 0.00113311 -0.0148266 0.00196769 0.00649338 0.0315416 0.0498158 -0.00415883 0.0215106 0.0281989 0.00809518 0.00892783
internal_weight=16400.7 14513.5 11173.1 3340.39 1887.23 10643.7 9670.75 972.964 4683.74 1905.51 782.205 2208.48 529.348 513.43 1131.91 2778.22 2600.95 4987.02 4881.65 1680.25 914.447 1743.76 986.583 105.317 15.9179 633.198 149.007 126.269 3473.12 3248.16
internal_count=321108 234866 156274 78592 86242 143609 125535 18074 73186 34247 10986 43520 12665 12409 35072 38939 36496 52349 51330 28640 36941 28572 14975 1967 256 9619 1367 1038 38999 36414
cat_boundaries=0 1
cat_threshold=12
is_linear=0
shrinkage=0.04


Tree=41
num_leaves=31
num_cat=0
split_feature=4 11 22 14 35 4 21 17 0 30 0 19 0 2 22 21 38 17 25 25 20 19 12 26 14 28 21 0 19 21
split_gain=645.014 197.906 126.753 61.9849 58.2161 57.2279 53.3782 49.0675 47.5826 40.831 37.3354 34.1425 33.563 39.3742 31.463 64.1161 31.2914 34.7021 45.9528 34.1629 28.9355 28.8537 28.6915 42.5477 35.3746 31.9485 31.1218 26.7483 25.7205 35.751
threshold=2.6149998903274541 0.14311316609382632 0.047027543187141425 85.505001068115249 13.250000000000002 1.3650000095367434 76.617176055908217 2.5000000000000004 2.1049998998641972 0.14454716444015506 2.7949999570846562 9.5000000000000018 1.0000000180025095e-35 -1.0950000286102293 0.066482517868280425 82.51377105712892 1.126229524612427 3.5000000000000004 331.62500000000006 586.37500000000011 177.50000000000003 167.50000000000003 2.5000000000000004 1.5000000000000002 79.345001220703139 4.5000000000000009 58.605054855346687 2.185000061988831 170.50000000000003 67.372478485107436
decision_type=2 8 8 8 2 2 10 10 8 10 8 10 8 8 8 10 8 10 2 2 2 10 8 2 10 2 10 10 10 10
left_child=1 2 8 9 12 10 11 -7 -1 -2 -4 -6 13 -3 -5 -16 17 18 -13 21 -10 -20 23 26 -25 -26 -14 28 -9 -30
right_child=3 4 5 14 6 7 -8 27 20 -11 -12 16 22 -15 15 -17 -18 -19 19 -21 -22 -23 -24 24 25 -27 -28 -29 29 -31
leaf_value=-0.0037417207807697171 -0.01266803156328758 0.0054862965876477385 -0.0057443972525822755 -0.032778567496488741 -0.0075909915419961208 0.0070780481037812336 -0.014063856603138955 -0.00064656532779977017 -0.0061158172614826176 0.035392630907605749 -0.028109768124263482 0.0097902540286960299 0.017085817757270846 0.03056859270845786 -0.02137530230237197 0.17043507944687794 0.0015867574543041705 0.0013686773255453994 0.0091991240784801281 0.0054331361589784032 -0.02479586674640296 0.056455329430743897 0.010465850424983278 0.028706137166836537 0.036246882713564736 -0.00098380070159904552 -0.0019995050222019277 -0.0075138077177823483 0.00096030518861963418 0.042201692384065251
leaf_weight=393.12182112084702 379.08436635416001 174.79988330416381 545.32181105390191 710.2704770504497 376.79956949688494 1564.5546365487389 283.63246093597263 740.52267797198147 170.45354764396325 29.562249076552689 152.483007137198 926.59250176604837 154.37531418725848 236.501011101529 670.13334760488942 1.8070574663579453 1960.2295367242768 612.21087844111025 28.082049701362848 51.36402628198266 620.67733893776312 84.935824539512396 2889.5395091064274 173.53844085149467 43.42958790063858 215.62236222811043 1136.2617386430502 892.58443192392588 81.338756809011102 56.645009619183838
leaf_count=8868 17846 1400 10951 35790 5996 27515 6554 12361 4867 852 6757 12352 940 1933 30755 30 22227 9007 221 374 24202 642 31039 1906 395 3132 15268 24759 1310 815
internal_value=-0.000187099 0.00259844 -0.00364147 -0.0228338 0.0060818 -0.000261118 0.00267693 0.00191785 -0.0151413 -0.00910356 -0.0106706 0.00385635 0.00901021 0.0199577 -0.0268807 -0.020601 0.00503661 0.0090015 0.0132759 0.0327216 -0.020789 0.0449321 0.00802909 0.00393707 0.0147781 0.00535786 0.000291687 -0.00263975 0.00231078 0.0181013
internal_weight=16356.5 14565.6 5217.7 1790.86 9347.91 4033.45 4323.85 3335.65 1184.25 408.647 697.805 4040.21 5024.07 411.301 1382.21 671.94 3663.41 1703.19 1090.97 164.382 791.131 113.018 4612.77 1723.23 432.59 259.052 1290.64 1771.09 878.506 137.984
internal_count=321064 235791 122405 85273 113386 84468 57373 66760 37937 18698 17708 50819 56013 3333 66575 30785 44823 22596 13589 1237 29069 863 52680 21641 5433 3527 16208 39245 14486 2125
is_linear=0
shrinkage=0.04


Tree=42
num_leaves=31
num_cat=4
split_feature=0 11 1 5 21 1 21 22 25 22 0 43 1 20 25 43 25 21 37 20 25 46 14 9 4 0 17 21 46 20
split_gain=629.974 157.495 113.169 102.661 69.4652 57.7588 56.9251 56.5212 78.3252 43.6602 39.3362 37.3109 36.7257 39.9474 40.1677 32.5021 31.6388 41.0404 31.6011 31.4268 31.2085 32.554 29.7784 34.9015 28.9714 28.0386 28.0282 28.0033 27.9413 27.4159
threshold=2.6750000715255742 0.14311316609382632 2.5349999666213994 31.500000000000004 78.926559448242202 1.5649999976158144 69.220321655273452 0.076873797923326506 677.12500000000011 0.0515999123454094 2.1350001096725468 0 2.1750000715255742 218.00000000000003 256.87500000000006 1 94.875000000000014 77.250598907470717 70.895542144775405 159.00000000000003 524.37500000000011 2 78.58499908447267 2.5000000000000004 2.6450001001358037 3.0049999952316289 3.5000000000000004 67.775608062744155 3 159.00000000000003
decision_type=10 8 10 2 10 8 10 10 2 8 8 9 10 2 2 9 2 10 10 2 2 1 10 2 2 10 10 10 1 2
left_child=1 3 9 4 12 -3 22 10 11 -2 -5 28 15 24 -15 -1 -8 -18 -17 -4 21 27 -7 -24 -14 -11 -10 -16 -9 -19
right_child=2 5 19 7 -6 6 16 8 26 25 -12 -13 13 14 20 18 17 29 -20 -21 -22 -23 23 -25 -26 -27 -28 -29 -30 -31
leaf_value=-0.0071515177312230331 -0.022612507633393487 0.010738069538710563 -0.010757987418879691 -0.0066269064626878413 -0.029289626939381516 0.010220906098844495 -0.0071262366576012905 -0.020784449181708849 0.010732627596070939 0.00020648416377219242 -0.021282988044324949 0.0044293688811544978 -0.0017468831167462592 -0.002423116184259127 0.13948510479074341 0.0062840010827480645 0.0067513102714652912 0.048273929311263515 0.020282008523124322 -0.030484292284045342 0 0.021259437544514159 -0.0019384522251494752 0.0081146406488844941 -0.023199013228735563 -0.016705229058405373 0.082559531413541429 0.050609513117686432 -0.003427823212518132 -0.014271886111056561
leaf_weight=180.3551398422569 314.6917922203429 2931.6805916847661 149.53835109900683 518.36294667096809 103.65268701734021 1955.291106460616 899.47152900043875 259.99547460209578 14.891711022704838 523.75510616274551 679.75147871952504 443.23377531347796 893.63395582418889 80.428353549912572 9.1540280506014842 776.98329661972821 922.37133303657174 10.766620196402071 387.48069093702361 1058.9691276913509 24.332800004631281 26.221556274220347 1030.4720154590905 1188.2854905463755 112.64769629109651 222.62402064027265 21.620050329715014 18.086594443768263 346.68113744398579 241.92018786072731
leaf_count=3900 12649 26992 6601 11893 3466 21639 16011 4089 200 16479 24410 7937 18146 2810 102 14304 10355 169 5812 55688 373 547 14446 14525 3917 10881 285 345 6840 5324
internal_value=-0.000137228 0.00301577 -0.0196892 -0.0027758 0.00263787 0.00610588 0.00393056 -0.00896796 -0.00235273 -0.0101367 -0.0149562 -0.00438141 0.00396943 -0.00122777 0.0173867 0.00847033 -0.00148295 0.00283579 0.0108655 -0.0280576 0.0376886 0.0545152 0.00662178 0.00344505 -0.00417295 -0.00484806 0.0544379 0.0844988 -0.0107183 -0.0114113
internal_weight=16347.4 14077.8 2269.58 4897.51 2612.98 9180.26 6248.58 2284.54 1086.42 1061.07 1198.11 1049.91 2509.32 1164.5 158.223 1344.82 2074.53 1175.06 1164.46 1208.51 77.795 53.4622 4174.05 2218.76 1006.28 746.379 36.5118 27.2406 606.677 252.687
internal_count=321135 218837 102298 109376 53722 109461 82469 55654 19351 40009 36303 18866 50256 26240 4177 24016 31859 15848 20116 62289 1367 994 50610 28971 22063 27360 485 447 10929 5493
cat_boundaries=0 1 2 3 4
cat_threshold=96 12 8 4
is_linear=0
shrinkage=0.04


Tree=43
num_leaves=31
num_cat=3
split_feature=0 1 21 1 5 0 1 46 22 11 22 20 16 40 21 10 20 37 8 20 22 19 46 11 5 21 12 46 25 6
split_gain=585.473 175.387 99.7094 82.1592 71.4237 65.5911 59.3192 49.5238 48.255 43.7077 42.5039 36.7829 29.8718 28.1531 26.4159 25.4673 25.3242 23.2227 22.0042 22.588 20.9725 20.7446 20.6679 20.4232 20.1372 19.9759 20.5493 19.9435 27.9023 21.6865
threshold=2.7549999952316289 2.3750000000000004 76.617176055908217 2.6149998903274541 31.500000000000004 2.1350001096725468 1.5349999666213991 0 0.054964337497949607 0.42314894497394567 0.10032052919268609 184.00000000000003 4.5000000000000009 0.10025744140148164 60.947811126708991 4.7500000000000009 159.00000000000003 77.400302886962905 258.25000000000006 79.000000000000014 0.18932993710041049 167.50000000000003 1 0.050180137157440192 38.500000000000007 70.319358825683608 10.500000000000002 2 677.12500000000011 120.25000000000001
decision_type=10 10 10 10 2 10 8 1 10 10 8 2 2 10 8 2 2 8 2 2 10 10 1 8 2 10 8 1 2 2
left_child=1 2 6 14 7 22 12 13 9 16 17 -10 -1 -3 -2 -16 -4 18 19 -8 -15 -7 -6 -19 -25 -9 -27 29 -29 -12
right_child=3 4 8 -5 5 21 10 25 11 -11 27 -13 -14 20 15 -17 -18 23 -20 -21 -22 -23 -24 24 -26 26 -28 28 -30 -31
leaf_value=0.010527267702447518 0.024413717298828855 0.023732012059543173 0.0094449913319964197 -0.029823482144647757 -0.014498934977631897 -0.01468055901790692 0.032937083194590565 -0.0026461784187312969 0.010169024263875852 0.025665559165822093 0.0052535326548130692 0.10548096739899243 -0.025225742517542529 0.00031038806245540617 -0.019509620424748682 -0.0047323343934365667 -0.017446744101249315 -0.015619670435695161 0.015102540154528847 -0.0012748074039915422 0.024027460673640918 -0.027755575181347209 0.003566309422060935 0.042368027623671145 -0.0026045342117467221 -0.018555948000276729 0.055749316431273795 0.0086000912276569721 0.046432958035232196 -0.0059281331336962732
leaf_weight=3182.1637802049518 28.899037778843194 129.69620897993445 61.235973068047315 949.94044824270532 144.13778521539643 434.85675860848278 30.176568624563515 401.76059158612043 22.906480648554865 44.70612420514226 2216.5001508309506 8.2416605455800873 36.851513577625155 503.65525126364082 493.04869533283636 302.47110675834119 575.29181273141876 19.897540103644133 141.93056328874081 3157.8090557307005 66.731689813546836 360.49575688503683 334.2985864863731 52.989267272874713 22.209476255811751 255.4875202816911 5.1248020688071838 1961.8977161068469 30.808322690427303 316.05511106876656
leaf_count=30584 660 2765 1073 51779 2595 12557 247 7386 299 538 33009 132 218 11415 25601 8067 15458 467 1496 54813 1041 14901 6066 654 332 7126 103 23196 237 5803
internal_value=-0.000120352 0.00253079 0.00460191 -0.0218036 -0.00680053 -0.0136059 0.00552775 -0.000429752 -0.00989596 -0.0121447 0.00367128 0.0380092 0.010109 0.00698026 -0.0125329 -0.013909 -0.0148426 0.000307986 -0.000250199 -0.000939486 0.00312933 -0.0206393 -0.00188673 0.0196944 0.0291733 -0.00826638 -0.016872 0.00621533 0.00921001 0.00385473
internal_weight=16292.3 14517.9 11881.7 1774.36 2636.24 1273.79 11169.3 1362.46 712.382 681.234 7950.27 31.1481 3219.02 700.083 824.419 795.52 636.528 3425.01 3329.92 3187.99 570.387 795.353 478.436 95.0963 75.1987 662.373 260.612 4525.26 1992.71 2532.56
internal_count=320618 234511 168556 86107 65955 36119 151056 29836 17500 17069 120254 431 30802 15221 34328 33668 16531 58009 56556 55060 12456 27458 8661 1453 986 14615 7229 62245 23433 38812
cat_boundaries=0 1 2 3
cat_threshold=8 4 4
is_linear=0
shrinkage=0.04


Tree=44
num_leaves=31
num_cat=2
split_feature=4 22 1 14 0 1 22 4 22 21 25 14 17 9 0 15 25 43 21 16 1 4 31 6 15 19 42 25 23 38
split_gain=559.394 141.864 130.954 73.1561 71.3164 46.786 38.8073 38.2083 38.6005 92.9554 36.3813 35.952 35.3683 32.4783 29.7606 28.9214 28.2367 28.2094 26.884 26.2935 27.2005 25.4339 24.9867 24.1965 39.9655 26.239 24.1779 23.2864 22.54 25.1885
threshold=2.5449999570846562 0.10032052919268609 1.9750000238418581 85.505001068115249 2.1450001001358037 2.2749999761581425 0.047027543187141425 3.0149999856948857 0.0515999123454094 82.51377105712892 765.12500000000011 91.720001220703139 4.5000000000000009 16.500000000000004 2.9050000905990605 3.5000000000000004 293.62500000000006 0 73.944297790527358 4.5000000000000009 1.0549999475479128 1.6950000524520876 74.713226318359389 85.500000000000014 3.5000000000000004 55.000000000000007 1 457.12500000000006 1.0272935032844546 1.0659717321395876
decision_type=2 8 8 8 10 10 10 2 8 10 2 10 10 2 10 2 2 9 10 2 8 2 10 2 2 10 9 2 10 8
left_child=1 2 12 5 11 -2 -6 8 -5 23 14 28 13 17 19 -13 -17 -1 -14 20 -3 -8 -19 24 -10 -26 -12 -18 -4 -30
right_child=3 10 4 7 6 -7 21 -9 9 -11 26 15 18 -15 -16 16 27 22 -20 -21 -22 -23 -24 -25 25 -27 -28 -29 29 -31
leaf_value=-0.007571552722822652 0.011330103006862215 0.013452216060346387 -0.016165851378982271 -0.029555174070665879 -0.020267639851830978 -0.014627775752794654 -0.018874004058372831 -0.033747817280602201 -0.015236935096894017 0.19732150053002953 0.02028201910583113 -0.011386307258167368 0.00096143690514015616 0.016769833568483269 -0.012691445382247923 -0.0070465393404538978 0.045759218481308414 0.0054942716032834365 -0.019751251606036309 -0.02359783936302259 0.0060205536552694642 -0.0041036373041537753 0.025400370684857235 -0.02355855785495237 0.084726083233459537 0.0088797627195309238 0.090381496345695034 0 0.018934895325397123 0.0015517294407418069
leaf_weight=245.73074920196086 157.00984747288749 906.58680447749794 100.50407798867673 404.25919536547735 620.09609490633011 373.05267244717106 243.82101824739948 468.01978785637766 267.21531236125156 2.3256306089460841 22.031257674098015 735.85499393800274 399.08114531449974 455.58448681700975 126.71656588930637 97.425966656301171 39.922722212970257 1609.8793060770258 132.72585065849125 44.258923154324293 6090.1589513635263 792.09530018502846 106.91901747463271 278.41370397992432 7.1503274287097147 75.618786645587534 12.194017997011541 31.549096969887614 147.60507945669815 1312.0396710019559
leaf_count=3667 6093 6875 3511 20422 23443 17334 8567 26985 10768 43 175 14720 6175 4638 4285 1960 484 20515 3272 267 79585 19275 1510 12744 145 3009 92 368 2659 17547
internal_value=-0.000103551 0.00269283 -0.00133135 -0.0197287 -0.00593686 -0.0069244 -0.0123545 -0.0242341 -0.0198997 -0.0136678 0.00664393 -0.00162041 0.00510084 0.00715501 0.00644303 -0.00796042 0.00692115 0.00491357 -0.0042278 0.00678971 0.00698585 -0.00759881 0.00671131 -0.0147672 -0.00771509 0.016413 0.0472279 0.0258507 0.00205644 0.00332408
internal_weight=16305.8 14272.8 7070.83 2033.07 4120.91 530.063 1656.01 1503 1034.98 630.724 7201.95 2464.9 2949.92 2418.11 7167.72 904.753 168.898 1962.53 531.807 7041 6996.75 1035.92 1716.8 628.398 349.984 82.7691 34.2253 71.4718 1560.15 1459.64
internal_count=321133 223590 132311 97543 92534 23427 51285 74116 47131 26709 91279 41249 39777 30330 91012 17532 2812 25692 9447 86727 86460 27842 22025 26666 13922 3154 267 852 23717 20206
cat_boundaries=0 1 2
cat_threshold=12 16
is_linear=0
shrinkage=0.04


Tree=45
num_leaves=31
num_cat=2
split_feature=4 22 11 22 22 21 4 20 15 22 7 11 36 22 25 25 19 25 23 16 6 38 44 21 20 25 21 46 19 37
split_gain=531.004 138.122 90.1356 78.4025 66.5371 96.4934 50.5257 41.9125 42.9244 45.6844 35.8295 34.3047 37.455 35.3074 34.2765 34.0431 68.2432 55.9374 33.7426 31.6199 31.5698 33.1067 30.9938 29.897 27.7354 31.7266 27.1048 26.5243 37.684 32.2933
threshold=2.5449999570846562 0.019503099843859676 0.153984010219574 0.092618513852357878 0.049019973725080497 84.929595947265639 3.0049999952316289 177.50000000000003 3.5000000000000004 0.021314746700227264 26.500000000000004 0.50084745883941661 0.073037512600421919 0.14145641028881076 276.37500000000006 302.12500000000006 190.50000000000003 477.62500000000006 1.0866417288780215 3.5000000000000004 203.25000000000003 1.1191530227661135 0 61.135782241821296 179.00000000000003 431.12500000000006 72.887008666992202 1 79.500000000000014 67.373836517333999
decision_type=2 8 10 8 8 10 2 2 2 10 2 10 8 8 2 2 10 2 10 2 2 8 9 8 2 2 10 1 8 10
left_child=1 -1 3 7 -2 6 10 27 20 -10 23 12 14 -14 -4 -11 -17 18 -18 -15 -9 -22 -5 -6 -16 -26 -27 28 -3 -29
right_child=4 2 11 22 5 -7 -8 8 9 15 -12 -13 13 19 24 16 17 -19 -20 -21 21 -23 -24 -25 25 26 -28 29 -30 -31
leaf_value=-0.016773878276822508 -0.029726562081574617 0.002104624479701913 0.0063674770365848071 0.002583058221477546 0.037514883587493934 0.18617612526284522 -0.02845988108529646 -0.012354023944957743 0.10485917174747708 -0.0079636209141023349 -0.017524973897638393 0.016107782404396025 0.0013139124006080599 0.0097197261194122558 0.0014217088983609243 -0.028521531016379945 0.10347345688124714 0.003055839304006572 0.034554856046043567 -0.011923005633359256 0.003406261770737916 0.1032711564864766 0.014120791604666245 -0.0048421387052163855 0.033887181198128315 0.0071795141871440317 0.045147114712264916 0.014539173705972325 0.028190416945051876 -0.008354792458646591
leaf_weight=567.44619362754747 672.43237640429288 392.56095367018133 881.52747190929949 3545.1712900777347 27.350290194153786 2.8349202759563914 326.51026412565261 1439.8641041554511 6.0667327414266756 206.26166101777926 521.62440473167226 558.93084536213428 2931.6049358476885 1734.0483597153798 116.96689807251096 35.164683459326625 20.580156680196524 43.554635325446725 27.910602290183306 114.18578343465924 19.112036530394111 6.4434990780428043 408.25899347569793 444.72207452263683 228.432044275105 202.56905799359083 34.55781290307641 119.66122371936217 113.66643143445253 536.78296270268038
leaf_count=14871 35781 8516 11028 57832 679 54 19827 40355 180 6530 23522 4729 33674 18949 856 704 314 640 471 696 580 167 4384 17737 1786 1438 321 2074 1825 10784
internal_value=-0.000152409 0.00254661 0.00334692 0.000132324 -0.019476 -0.0142447 -0.0148187 -0.00478002 -0.00859386 0.0042025 -0.0103083 0.0066163 0.00576357 0.00404616 0.0113613 0.0020513 0.0182564 0.0362847 0.0653854 0.00837473 -0.0115624 0.0316772 0.00382105 -0.00230555 0.0188876 0.0232547 0.0128959 0.00113953 0.00801375 -0.00415967
internal_weight=16286.8 14291.3 13723.9 6921.06 1995.47 1323.04 1320.21 2967.63 1804.96 339.538 993.697 6802.82 6243.89 4779.84 1464.05 333.472 127.21 92.0454 48.4908 1848.23 1465.42 25.5555 3953.43 472.072 582.526 465.559 237.127 1162.67 506.227 656.444
internal_count=321304 223704 208833 135356 97600 61819 61765 73140 49941 8839 41938 73477 68748 53319 15429 8659 2129 1425 785 19645 41102 747 62216 18416 4401 3545 1759 23199 10341 12858
cat_boundaries=0 1 2
cat_threshold=8 8
is_linear=0
shrinkage=0.04


Tree=46
num_leaves=31
num_cat=2
split_feature=4 22 22 0 11 22 17 21 19 25 25 25 22 21 43 21 25 25 23 25 46 22 22 21 23 20 9 23 0 23
split_gain=474.779 121.264 68.45 65.1844 57.4076 54.5435 44.0886 53.6053 46.2396 73.8175 68.3228 83.5879 48.6851 45.647 40.6553 37.0388 36.3583 51.5316 85.6411 47.5179 67.4213 35.0099 55.9946 34.873 51.1624 38.324 34.3984 33.0179 32.249 31.3573
threshold=2.554999947547913 0.037652041763067252 0.089763846248388304 2.935000061988831 0.153984010219574 0.12391588091850282 3.5000000000000004 83.633903503417983 190.50000000000003 317.62500000000006 431.12500000000006 423.75000000000006 0.11531509459018709 70.888572692871108 0 70.697650909423842 677.12500000000011 353.87500000000006 1.0735424160957339 302.12500000000006 1 0.058246744796633727 0.049019973725080497 63.345434188842781 1.1405673623085024 175.00000000000003 16.500000000000004 1.1200792789459231 3.1049998998641972 1.0013249516487124
decision_type=2 8 10 10 10 8 10 10 8 2 2 2 10 10 9 10 2 2 10 2 1 10 10 8 10 2 2 10 10 10
left_child=1 4 -2 5 -1 6 8 13 14 12 11 15 -10 16 23 -11 17 19 -19 -8 21 22 -21 24 -3 -25 27 29 -4 -16
right_child=2 3 28 -5 -6 -7 7 -9 9 10 -12 -13 -14 -15 26 -17 -18 18 -20 20 -22 -23 -24 25 -26 -27 -28 -29 -30 -31
leaf_value=-0.014236651426907101 -0.024423004692546851 0.10486947254781724 -0.0037150649811401927 -0.015936063820287491 0.00094013766808123721 0.006978010609279846 8.5036162713821763e-05 0.074290390833045866 -0.0072496543017690311 0.0065204119061950264 0.015263321809635268 0.14615622373696938 0.076837947174739088 -0.015321537967930177 -0.016538213891455621 0.068382147105922719 0.029879003175149191 0.050472835212932672 -0.01872062827089355 0.017946669232557028 -0.013376547965189549 0.030767681103115063 0.14869092019840716 0.0021459493318332109 0.0071688098854150494 -0.011079253438568885 0.021311452440921256 -0.00038331439130070283 -0.025713194129154984 0.0095782114711150772
leaf_weight=961.40664442908019 1257.065704244189 10.348641203716396 508.56296558864415 266.52709263376892 679.91250004339963 5534.5166227873415 1000.095046734903 13.141067270189522 169.62469120090827 28.153350399807096 131.38593180850148 14.608194414526222 10.775304716080425 434.42250659503043 76.628064527641982 34.496404483914375 58.88359310105443 29.875658275559545 393.86977374739945 9.3663317449390906 36.232744732871652 38.35864975489676 12.123128375038503 740.10773285338655 36.23513965588063 663.96776961674914 197.04483630787581 1380.7824048502371 134.29314246447757 1402.9479396892712
leaf_count=31749 70149 98 18046 10142 11761 67545 18078 193 3998 258 1179 99 178 8849 3220 338 599 349 4478 173 437 409 133 10915 340 11114 1933 14485 7351 22481
internal_value=-0.000207274 0.00227816 -0.0189937 0.00359838 -0.00795052 0.00401787 0.00165033 -0.0033097 0.00370381 0.0169189 0.0330622 0.0626984 -0.00180915 -0.00385484 0.00255897 0.041185 -0.000689438 -0.00189519 -0.0137255 0.0026827 0.0294009 0.0551587 0.0952149 -0.00294727 0.030705 -0.00410865 0.0051657 0.00406304 -0.0083495 0.00821267
internal_weight=16265.8 14365.8 1899.92 12724.5 1641.32 12458 6923.47 2026.37 4897.11 389.044 208.644 77.2579 180.4 2013.23 4508.06 62.6498 1578.8 1519.92 423.745 1096.18 96.0809 59.8481 21.4895 1450.66 46.5838 1404.08 3057.4 2860.36 642.856 1479.58
internal_count=321077 225531 95546 182021 43510 171879 104334 33698 70636 6050 1874 695 4176 33505 64586 596 24656 24057 4827 19230 1152 715 306 22467 438 22029 42119 40186 25397 25701
cat_boundaries=0 1 2
cat_threshold=76 4
is_linear=0
shrinkage=0.04


Tree=47
num_leaves=31
num_cat=0
split_feature=4 1 22 21 14 17 23 22 10 5 22 22 14 19 11 4 15 11 19 32 23 21 16 4 22 21 26 37 33 0
split_gain=482.949 139.587 80.3403 65.8263 55.6277 48.6896 65.412 48.2852 47.693 40.3464 37.6094 34.106 33.3051 48.4608 32.446 32.0684 34.0268 31.3068 31.1865 28.896 28.9648 27.3704 26.6775 25.6644 24.9936 45.8182 23.559 23.1885 22.7302 21.9878
threshold=2.6250000000000004 2.2549999952316289 0.047027543187141425 77.739685058593764 85.505001068115249 4.5000000000000009 1.0326827168464663 0.054964337497949607 10.250000000000002 31.500000000000004 0.12007877603173257 0.11901463195681573 88.345001220703139 21.500000000000004 0.041425690054893501 0.90500000119209301 3.5000000000000004 0.3486414253711701 52.500000000000007 1.0936601161956789 1.2526267170906069 76.951923370361342 4.5000000000000009 2.185000061988831 0.066482517868280425 82.51377105712892 1.5000000000000002 72.010299682617202 2.5651557445526127 1.8650000095367434
decision_type=2 10 10 10 8 10 10 10 2 2 10 10 10 10 10 2 2 10 10 10 10 10 2 2 8 10 2 8 10 10
left_child=1 3 14 5 10 8 -7 17 12 15 -2 -8 26 -14 -3 -4 -17 -5 -11 -13 -21 22 23 -10 -6 -26 27 -1 -28 -20
right_child=4 2 9 7 24 6 11 -9 21 18 -12 19 13 -15 -16 16 -18 -19 29 20 -22 -23 -24 -25 25 -27 28 -29 -30 -31
leaf_value=0.0020482492959231196 -0.014900407819775011 -0.02737216768245716 -0.010558943814106506 -0.015918797790067406 -0.031121372433907026 -0.024226190538476283 -0.0024817894829939199 0.054600579704039927 0.0095895755796115405 0.0073171313189339697 0.014487320427159609 -0.022255178135545946 -0.019012794761156807 0.0010704426830417631 -0.0099076886982918631 0.0026774074768700583 0.021688368980552316 0.01498777636656822 0.0004759095497391476 0.03753517472852845 -0.0032775505976949059 0.044006379434914714 -0.020824963771909264 0.0013560191941122365 -0.020219666274180301 0.13258968467771151 0.0073706332479845128 0.016105542719288286 0.022935422984954403 -0.013768758145537439
leaf_weight=1912.4948456296697 275.76134098926559 287.93768026214093 231.53972731530666 429.38765567680821 601.09231762541458 194.64838659064844 645.41234343405813 16.97154125245288 4440.3037038678303 192.47719987016171 92.111931025981903 22.981759838759899 215.99566415371373 1682.492839443963 421.55210433807224 926.10973957041278 179.17522199498489 58.783724518492818 228.20034257136285 93.280543203465641 39.009819481521845 33.459118060767651 49.240703884512186 703.14291091449559 590.07871270412579 2.1658467911183825 550.52620647381991 207.42473816499114 207.04789232462645 712.86921545118093
leaf_count=26769 15302 13484 6828 11668 35393 7670 9981 244 42757 4073 2961 327 5669 28765 11803 15519 2932 792 3070 793 265 524 300 10622 30170 26 9158 2949 1214 19019
internal_value=-8.19965e-06 0.00224111 -0.00517504 0.00429191 -0.0211524 0.00494091 -0.00349089 -0.0098114 0.00578064 -0.00176329 -0.00751183 0.00156885 0.00288912 -0.00122118 -0.0170296 0.00294103 0.00577967 -0.0121659 -0.00731245 0.0183397 0.025536 0.00842127 0.00818278 0.00846525 -0.0253443 -0.0194315 0.00560184 0.00343252 0.0116544 -0.0103135
internal_weight=16243.7 14682.5 3179.86 11502.6 1561.21 10997.5 995.333 505.143 10002.1 2470.37 367.873 800.684 4775.98 1898.49 709.49 1336.82 1105.28 488.171 1133.55 155.272 132.29 5226.15 5192.69 5143.45 1193.34 592.245 2877.49 2119.92 757.574 941.07
internal_count=321047 237195 76728 160467 83852 147763 19036 12704 128727 51441 18263 11366 74524 34434 25287 25279 18451 12460 26162 1385 1058 54203 53679 53379 65589 30196 40090 29718 10372 22089
is_linear=0
shrinkage=0.04


Tree=48
num_leaves=31
num_cat=2
split_feature=0 4 22 1 5 21 15 0 16 19 4 14 5 43 16 22 11 6 22 25 22 31 21 46 25 25 17 1 6 25
split_gain=457.467 127.352 82.9449 79.6254 59.0183 54.2439 44.5423 33.8028 33.1602 31.6037 29.4024 52.5211 43.2776 36.4606 40.4056 32.1923 32.1293 29.5021 29.3232 28.3352 26.5601 30.4002 25.4781 25.4496 31.6515 32.8032 26.1251 24.4448 24.2438 43.5066
threshold=2.7549999952316289 2.245000004768372 0.035123189911246307 2.6450001001358037 32.500000000000007 75.92813873291017 3.5000000000000004 1.1250000000000002 1.5000000000000002 55.000000000000007 1.2549999952316286 79.979999542236342 33.500000000000007 0 1.5000000000000002 0.16758911311626437 0.29270355403423315 9.5000000000000018 0.051998689770698554 690.87500000000011 0.027693261392414573 76.861141204833999 69.539474487304702 1 252.12500000000003 515.37500000000011 2.5000000000000004 2.1450001001358037 179.25000000000003 370.12500000000006
decision_type=10 2 8 10 2 10 2 8 2 10 2 10 2 9 2 10 8 2 8 2 8 10 10 1 2 2 10 10 2 2
left_child=1 5 -3 20 6 7 -4 -1 28 -6 11 16 13 22 15 -15 -9 -16 -18 -14 -2 -22 -12 -8 -25 26 -26 -13 -7 -30
right_child=3 2 4 -5 9 8 23 10 -10 -11 12 27 19 14 17 -17 18 -19 -20 -21 21 -23 -24 24 25 -27 -28 -29 29 -31
leaf_value=0.009489708353690323 -0.028441954372234197 -0.019609891601533629 -0.00014729520148949019 -0.028833779745012136 0.0038854637101268159 -0.011836898712295922 0.0027500454192783005 -0.002572901951551897 0.014786505140564812 -0.012480025832529537 0.0046202083239480843 -0.0020307496550427211 0.00023010208998240956 0.010884816925313351 -0.017003702490241496 0.025071507647087713 0.072230437186045354 0.0054949943083838328 0.010387770615762435 0.027419274449711612 -0.0097142879826663479 0.035874658812297705 -0.01600807945554342 0.011117026008289777 0.040363850740407096 0.0083752154066532615 0.10264969795689079 -0.015447082989671741 -0.0223707305131878 0.078564282171620925
leaf_weight=2066.7859386643395 120.6578549221158 505.91442516120151 1421.0202287691645 829.49494673218578 237.66808193502948 575.38661961210892 112.03039567451924 391.09368571918458 98.628729971125722 903.39657128416002 255.7858895836398 1414.2180279525928 2097.4144753017463 1746.1938993833028 103.11947547458112 300.70166210178286 11.515928527340291 889.68016667850316 806.20292288996279 62.187006631866097 667.50713731581345 23.252853123471141 151.71557845547795 87.508546612225473 30.387031678110361 24.453641172498465 18.406746225431561 256.0873640277423 13.238577329088004 12.321140879765151
leaf_count=17763 5673 20140 30769 50575 5781 14817 2480 5676 1076 26205 3016 21626 29795 22225 974 2607 164 7511 9192 465 29327 868 2145 2573 416 325 234 6414 426 195
internal_value=-0.00010162 0.00215024 -0.00470604 -0.0201195 -0.0020389 0.00418645 0.00269618 0.00490185 -0.00659092 -0.0090674 0.003783 0.000495482 0.00547006 0.00825115 0.00973872 0.0129821 0.00684424 0.00313933 0.0113507 0.00102721 -0.0111817 -0.00812422 -0.00299707 0.0174697 0.0276227 0.0468727 0.0655302 -0.00409812 -0.0101248 0.0272608
internal_weight=16234 14593.1 3340.79 1640.91 2834.87 11252.3 1693.81 10552.7 699.575 1141.06 8485.92 2879.12 5606.8 3447.2 3039.7 2046.9 1208.81 992.8 817.719 2159.6 811.418 690.76 407.501 272.786 160.756 73.2474 48.7938 1670.31 600.946 25.5597
internal_count=321453 235010 88923 86443 68783 146087 36797 129573 16514 31986 111810 43072 68738 38478 33317 24832 15032 8485 9356 30260 35868 30195 5161 6028 3548 975 650 28040 15438 621
cat_boundaries=0 1 2
cat_threshold=12 4
is_linear=0
shrinkage=0.04


Tree=49
num_leaves=31
num_cat=1
split_feature=0 22 0 1 5 46 10 15 23 25 23 35 22 22 1 31 14 25 15 25 30 25 10 11 1 19 22 24 16 22
split_gain=413.914 123.555 91.7775 75.1457 73.6337 58.2357 48.4972 46.6088 48.3818 43.7717 65.3105 38.6708 34.5098 30.2121 29.6821 29.6639 29.3164 29.0776 43.5932 26.9963 26.9695 26.4681 26.002 25.8155 27.1534 25.526 25.3382 24.2575 23.9953 25.5312
threshold=2.7549999952316289 0.017273891717195514 2.0949999094009404 2.7849999666213994 31.500000000000004 0 13.250000000000002 3.5000000000000004 1.0593760013580324 298.37500000000006 1.0923750996589663 13.250000000000002 0.02731382101774216 0.17265895754098895 2.3750000000000004 76.861141204833999 95.58499908447267 97.625000000000014 2.5000000000000004 164.62500000000003 0.13170456886291507 677.12500000000011 19.750000000000004 0.82555782794952404 1.9950000047683718 167.50000000000003 0.12127390503883363 0.25813205540180212 1.5000000000000002 0.13181531429290774
decision_type=10 8 10 10 2 1 2 2 8 2 10 2 8 10 10 10 10 2 2 2 10 2 2 10 8 10 10 10 2 8
left_child=1 17 5 12 7 23 19 8 -4 -9 -11 16 -2 -10 -13 20 28 18 -1 26 -14 -21 27 24 -3 -19 -6 -18 29 -7
right_child=3 2 4 -5 6 11 -8 9 13 10 -12 14 15 -15 -16 -17 22 25 -20 21 -22 -23 -24 -25 -26 -27 -28 -29 -30 -31
leaf_value=-0.024724194040126556 -0.030304695228980709 0.012219162047353033 -0.013666114480997721 -0.029591455436891342 -0.011919750204230218 0.0055556850394329468 -0.0016108521474862603 0.0064162982640085936 0.00047091960233543401 0.097954712085311452 0.02069350335299467 -8.339794069994928e-05 -0.012520040822156891 0.014754423558743495 -0.015951517177007907 0.031285202343783777 -0.011711957727744682 -0.007093211047314898 0.10332173862944989 -0.022885563661252013 0.014826651994011442 0.013571262997101994 0.013799921780456812 0.034892659367170779 0.0052199121968472947 -0.027886459292210956 0.011409908739270246 0.032600776396619235 0.0022047346001827705 0.015459601562732982
leaf_weight=8.7618221142329258 139.9748336863704 1567.1267738686875 344.1389708542265 680.39785741921514 367.7945280438289 1013.3337272861972 941.1194245419465 249.92060594633222 1544.9285626867786 21.39141033962369 85.374358221888542 2458.8178758211434 696.78467817045748 279.01696704840288 203.32889782451093 27.527053202968091 342.22594681102782 143.91249798843637 6.6943160891532889 489.64130094507709 61.939496419858187 33.297022495418787 99.626855699345469 58.359342023730278 2054.7701957309619 282.16158854216337 92.322152314707637 19.979496942833066 1162.8532267096452 710.57146203331649
leaf_count=317 7080 15529 13294 43413 17476 13487 17471 6855 28547 481 1105 32096 33032 2990 3247 1020 5825 4012 172 12923 1830 799 856 394 26981 8208 2861 139 9402 9219
internal_value=-0.000235833 0.0018875 0.00253895 -0.0194986 -0.0022163 0.0047224 -0.00810935 0.00227475 6.58288e-05 0.0156526 0.0369759 0.00229454 -0.0120562 0.00266501 -0.00130241 -0.00876802 0.00515486 -0.0189244 0.0334001 -0.0143186 -0.0102657 -0.0205351 -0.00418998 0.0086849 0.008252 -0.0209057 -0.0072154 -0.0091736 0.00665219 0.00964687
internal_weight=16188.1 14581.5 14139.9 1606.62 4448.95 9690.99 1924.17 2524.77 2168.08 356.686 106.766 6010.74 926.226 1823.95 2662.15 786.251 3348.59 441.53 15.4561 983.055 758.724 522.938 461.832 3680.26 3621.9 426.074 460.117 362.205 2886.76 1723.91
internal_count=321061 234686 221977 86375 104802 117175 51530 53272 44831 8441 1586 74271 42962 31537 35343 35882 38928 12709 489 34059 34862 13722 6820 42904 42510 12220 20337 5964 32108 22706
cat_boundaries=0 1
cat_threshold=8
is_linear=0
shrinkage=0.04


Tree=50
num_leaves=31
num_cat=3
split_feature=0 22 1 1 5 15 20 43 5 12 0 37 46 10 20 1 24 14 16 29 14 32 20 7 15 29 46 21 6 0
split_gain=424.293 110.953 85.4448 72.6999 44.7908 46.099 43.9122 74.9546 42.0713 52.5608 40.6922 39.8509 38.2783 40.3943 30.764 37.1759 29.6672 29.0939 40.7347 32.8296 29.2251 28.5495 28.5747 28.5137 28.4978 29.8685 27.4398 25.6147 25.5813 24.7468
threshold=2.7549999952316289 0.017273891717195514 2.3750000000000004 2.6350001096725468 31.500000000000004 3.5000000000000004 79.000000000000014 0 34.500000000000007 2.5000000000000004 2.1350001096725468 77.400302886962905 1 39.250000000000007 159.00000000000003 1.0000000180025095e-35 0.23409039527177813 94.33499908447267 1.5000000000000002 16.750000000000004 88.345001220703139 1.1660253405570986 179.00000000000003 67.500000000000014 1.0000000180025095e-35 13.250000000000002 2 62.081874847412116 27.500000000000004 1.0000000180025095e-35
decision_type=10 8 10 10 2 2 2 9 2 8 10 10 1 2 2 8 10 10 2 2 10 8 2 2 2 2 1 8 2 10
left_child=1 -1 6 -2 5 26 16 24 9 14 -6 12 -11 -14 -9 -16 -3 18 19 -17 21 -21 -23 -10 -8 -26 -4 -19 -28 -20
right_child=3 2 4 -5 10 -7 7 8 23 11 -12 -13 13 -15 15 17 -18 27 29 20 -22 22 -24 -25 25 -27 28 -29 -30 -31
leaf_value=-0.017887563069997153 -0.011120294262335526 0.01863368291740624 0.0036719572964403475 -0.028299981502425912 -0.00061116727322277267 0.017848771904218422 0.028437381922736295 -0.0072053681980425123 -0.0033549144720565194 0.013321774995575781 -0.016235716410358387 0.037632948775713153 0.0031995406824049909 0.017475844775907589 0.046513329906074985 0.018137977296980738 0.001619051543860069 0.01668989750420281 0.022586720623296506 0.020429038325040533 -0.0080973244840227259 -0.018522737083800023 0.01412796002462122 0.0043787396117496947 0.0030151629177736805 -0.011752781674343659 0.0094192390072377948 -0.0054717918096878126 -0.013101727054200206 -0.01061033514224732
leaf_weight=433.0668497402221 786.92649470409378 524.95025761891156 564.38893777690828 795.01146291429177 441.32336331205443 212.20989289460704 35.276763194706291 484.91909585054964 1484.5791124524549 1618.1668634577654 675.4272822518833 75.983082239516079 2075.0793395354412 373.77055516652763 31.316959988791496 485.87606923887506 239.3080510944128 93.717941965907812 40.565441738814116 210.26467482605949 204.576938778162 81.657093958929181 88.090187067165971 1566.4686703104526 303.90923258243129 777.68633469007909 97.9593820204027 698.0622562286444 436.83096658578143 263.36347065120935
leaf_count=12673 35391 3665 12147 51060 7968 4621 806 8208 27749 18994 24666 739 26772 3803 251 6530 1206 840 313 2930 3118 810 787 19937 4583 14837 1462 12205 10201 2334
internal_value=-9.72652e-05 0.0020324 0.00264202 -0.019769 -0.00418717 0.000823993 0.00405294 0.00340715 0.00451644 0.00626634 -0.0100708 0.00909054 0.00854719 0.00538642 0.00190108 0.00391478 0.0133203 0.0032759 0.00679349 0.0104622 0.00405564 0.0106127 -0.00157176 0.000614521 -0.00637729 -0.0076006 -0.00247245 -0.00282587 -0.00895914 -0.00610686
internal_weight=16200.7 14618.8 14185.7 1581.94 2428.14 1311.39 11757.6 10993.3 9876.46 6825.41 1116.75 4143 4067.02 2448.85 2682.41 2197.49 764.258 2166.17 1374.39 1070.46 584.589 380.012 169.747 3051.05 1116.87 1081.6 1099.18 791.78 534.79 303.929
internal_count=321606 235155 222482 86451 61065 28431 161417 156546 136320 88634 32634 50308 49569 30575 38326 30118 4871 29867 16822 14175 7645 4527 1597 47686 20226 19420 23810 13045 11663 2647
cat_boundaries=0 1 2 3
cat_threshold=12 8 8
is_linear=0
shrinkage=0.04


Tree=51
num_leaves=31
num_cat=2
split_feature=4 22 1 22 5 21 0 43 17 21 9 31 14 26 0 1 21 25 22 46 6 14 2 15 0 25 25 14 23 4
split_gain=371.549 106.026 83.1138 49.7458 49.1353 46.5198 41.3296 38.5266 46.3745 40.6683 38.0572 37.111 36.8753 33.9992 29.3756 29.2708 28.0872 34.8663 27.3624 25.4818 23.2094 22.8064 21.8578 21.6828 21.6771 25.1291 28.2638 21.6256 21.5759 20.4492
threshold=2.6250000000000004 0.013452543411403896 2.3249999284744267 0.074320640414953246 20.500000000000004 84.929595947265639 1.985000014305115 0 4.5000000000000009 73.944297790527358 2.5000000000000004 74.050430297851577 77.305000305175795 4.5000000000000009 3.1350001096725468 1.1649999618530276 84.929595947265639 415.37500000000006 0.047803943976759918 1 51.500000000000007 92.634998321533217 0.50499999523162853 3.5000000000000004 1.5049999952316286 170.12500000000003 144.12500000000003 91.625000000000014 1.3275320529937746 0.90500000119209301
decision_type=2 8 10 10 2 10 10 9 10 8 2 8 10 2 10 8 10 2 10 1 2 10 8 2 10 2 2 10 10 2
left_child=1 -1 7 -2 29 14 -6 27 10 13 12 19 -9 -10 22 20 -11 -18 -8 24 21 -14 -5 -13 -12 26 -26 -3 -17 -4
right_child=3 2 4 5 6 -7 18 8 9 16 11 23 15 -15 -16 28 17 -19 -20 -21 -22 -23 -24 -25 25 -27 -28 -29 -30 -31
leaf_value=-0.023229089476254867 -0.025984439786480511 -0.003058451426154892 -0.010559545439896853 -0.012481592995363064 0.0013281635955759391 0.13999831374802019 -0.021796748572474024 0.0075458413874370644 -0.00083556771839677529 -0.025978772306379457 0.01338672126747064 0.012922764635974207 0.021676402647341046 0.083945684863282258 -0.027225978211027516 -0.0021434992034788107 -0.031151435390336341 0.06431589796235343 -0.0082215687462253283 0.0038456353000605398 -0.0054945898611428647 0.084137230955238382 0.0057098380678217335 0.033057807836519258 0.0081458002709376229 -0.00042233923920440345 0.035233318579268535 -0.024267567462119277 0.013766269757291026 0.0070165848155555755
leaf_weight=263.02038169465959 796.50405210256577 335.89298273948953 124.52043455000967 366.04529960313812 575.38142663380131 2.2443269342184058 315.0617826897651 1303.9465370825492 773.20916656777263 171.30490008136258 1094.175552370958 390.73304749233648 30.943148597609252 6.6428440883755675 152.77739505190402 2537.8445005700924 10.494183843024077 12.218569457530974 975.70763437030837 3403.1877700658515 25.350039927754551 13.303286504931746 147.37797005986795 110.2793797980994 645.67218716116622 583.60993415117264 67.461414933204651 99.152329459320754 143.08738215826452 674.92221748735756
leaf_count=7916 52701 5185 4546 16470 8547 23 14254 17879 12567 6512 9367 7969 361 37 9534 47522 351 200 26952 33382 502 197 5210 1943 9543 5190 601 2822 1144 11721
internal_value=-2.69684e-05 0.00188926 0.00234915 -0.0192294 -0.00402627 -0.0111475 -0.00758035 0.00379498 0.00424333 -0.00409233 0.0050325 0.0069792 0.00200803 -1.69098e-06 -0.0118717 -0.000617619 -0.0204298 0.020584 -0.0115525 0.00607287 0.0248039 0.041989 -0.00725102 0.0174197 0.00923848 0.00572754 0.0107596 -0.00776788 -0.00128805 0.00426417
internal_weight=16152.1 14687.1 14424.1 1464.95 2665.59 668.445 1866.15 11758.5 11323.5 973.87 10349.6 6295.12 4054.47 779.852 666.201 2750.53 194.018 22.7128 1290.77 5794.11 69.5965 44.2464 513.423 501.012 2390.92 1296.74 713.134 435.045 2680.93 799.443
internal_count=321148 237210 229294 83938 66020 31237 49753 163274 155267 19667 135600 67995 67605 12604 31214 49726 7063 551 41206 58083 1060 558 21680 9912 24701 15334 10144 8007 48666 16267
cat_boundaries=0 1 2
cat_threshold=8 8
is_linear=0
shrinkage=0.04


Tree=52
num_leaves=31
num_cat=2
split_feature=0 22 1 1 11 11 43 20 46 5 22 21 20 25 22 23 21 20 6 38 25 20 24 22 25 21 23 24 17 24
split_gain=347.707 107.225 85.9932 71.0267 41.9991 36.7582 48.7821 57.8392 38.9716 35.3202 30.7035 33.8012 28.9371 28.3308 33.9393 27.6935 28.3636 28.2684 23.3035 43.5312 27.9614 23.0217 30.0694 27.4191 25.0133 28.2595 26.15 23.2244 23.2251 24.5006
threshold=2.7549999952316289 0.017273891717195514 2.2549999952316289 2.8149999380111699 0.030631792731583122 0.50084745883941661 0 79.000000000000014 1 26.500000000000004 0.027693261392414573 84.929595947265639 218.00000000000003 97.625000000000014 0.016121459193527702 1.0013249516487124 68.052261352539077 175.00000000000003 14.500000000000002 1.0723254680633547 46.875000000000007 179.00000000000003 0.15303881466388705 0.025706643238663677 276.37500000000006 65.551872253417983 1.019891679286957 0.063986252993345274 3.5000000000000004 0.1710208207368851
decision_type=10 8 10 10 10 10 9 2 1 2 8 10 2 2 8 10 10 2 2 10 2 2 10 10 2 10 10 10 10 10
left_child=1 13 5 10 9 6 7 -3 15 -4 -2 -12 -9 14 -1 16 -8 18 19 20 -17 22 -19 -23 26 -26 -25 -27 29 -29
right_child=3 2 4 -5 -6 -7 8 12 -10 -11 11 -13 -14 -15 -16 17 -18 21 -20 -21 -22 23 -24 24 25 27 -28 28 -30 -31
leaf_value=0.093033874904098979 -0.028363545305887423 0.021133725327339481 -0.0014516594152550078 -0.028910205140158341 -0.00056987484406265966 0.014007154835147955 0.0036755541750363918 -0.0056249285129467566 0.0024614545970747777 -0.017831207981258812 -0.0087050152856256793 0.10812213414505017 -0.030814993691778231 -0.020143287675682634 -0.019927361356044861 0.035282584523554809 -0.025018913433400826 -0.0058310443942226611 0.015865947218716658 -0.0085267452235844622 0.0016548595750010043 -0.015382392064523019 0.011618926550453972 0.059379752088248354 0.048509164342199672 0.037599385287051215 0.0046726342764584865 0.024425958380014913 -0.0054482399900731759 -0.01503912392840673
leaf_weight=6.9805882815271589 141.17638161405921 124.80807891488075 362.58628836413845 602.21808288409375 2157.078682564199 561.78497097082436 189.64028171263635 912.37006284575909 5930.2629665965214 504.14702454954386 781.61634596250951 2.9826858672313383 78.523015687707812 403.73237626021728 8.4138927292078733 83.850385528057814 76.49531823117286 482.57574282074347 1088.0617104847915 196.35678093228489 74.803864052519202 67.982883877586573 233.66797909885645 13.317229310050605 44.228692747652531 58.170564085245132 645.54256984824315 158.86272719874978 100.81541499868035 29.041087066754699
leaf_count=174 7647 907 11856 41589 40111 4538 5641 15752 79325 20833 36934 96 2667 12200 310 552 3301 6222 10849 2372 480 1838 1922 129 326 668 9182 1312 1064 221
internal_value=-7.14633e-05 0.00182949 0.00241983 -0.0182197 -0.00356155 0.0040423 0.003512 -0.00437503 0.00444156 -0.0109932 -0.0112376 -0.00811874 -0.00765419 -0.0180845 0.033601 0.00776524 -0.0046199 0.00877332 0.0129629 0.00403464 0.0195622 0.00546969 -0.000124311 0.00905408 0.0106532 0.0186604 0.00587278 0.0147146 0.00997619 0.018258
internal_weight=16122.1 14594.1 14175 1527.99 3023.81 11151.2 10589.4 1115.7 9473.68 866.733 925.775 784.599 990.893 419.127 15.3945 3543.41 266.136 3277.28 1443.07 355.011 158.654 1834.2 716.244 1117.96 1049.98 391.118 658.86 346.89 288.719 187.904
internal_count=321018 234752 222068 86266 72800 149268 144730 19326 125404 32689 44677 37030 18419 12684 484 46079 8942 37137 14253 3404 1032 22884 8144 14740 12902 3591 9311 3265 2597 1533
cat_boundaries=0 1 2
cat_threshold=12 8
is_linear=0
shrinkage=0.04


Tree=53
num_leaves=31
num_cat=1
split_feature=4 1 21 19 21 17 21 14 11 19 20 25 19 21 46 10 21 23 30 5 25 0 2 32 2 14 25 0 15 4
split_gain=339.13 101.833 62.5733 64.5335 52.1732 42.1885 56.9767 42.1799 39.1418 33.9853 31.9122 28.4569 48.332 50.704 28.4011 29.8923 27.8723 26.1365 24.9936 26.9348 24.8773 29.6208 24.9664 27.7313 24.8563 24.3519 23.2972 34.4673 24.7702 22.7084
threshold=2.6650000810623173 2.2549999952316289 68.308303833007827 59.500000000000007 78.926559448242202 4.5000000000000009 73.944297790527358 85.505001068115249 0.04313445836305619 10.500000000000002 159.00000000000003 170.12500000000003 190.50000000000003 67.372478485107436 0 38.750000000000007 67.430934906005874 1.0116243958473208 0.04195027984678746 28.500000000000004 170.12500000000003 1.5049999952316286 1.3350000381469729 1.0643783211708071 0.87500000000000011 99.534999847412124 94.875000000000014 0.53499999642372142 1.5000000000000002 3.0649999380111699
decision_type=2 10 10 10 10 10 8 8 10 8 2 2 10 10 1 2 10 10 8 2 2 8 8 10 8 10 2 10 2 2
left_child=1 4 3 -3 5 9 -7 24 -4 10 -1 -5 -13 -14 17 -16 -15 -11 -17 -20 22 25 -19 -24 -2 -22 28 -28 -12 -9
right_child=7 2 8 11 -6 6 -8 29 -10 14 26 12 13 16 15 18 -18 20 19 -21 21 -23 23 -25 -26 -27 27 -29 -30 -31
leaf_value=0.0055534849307193272 -0.013517531447980789 0.016283370050377964 -0.017475681852076021 0.0029444969481769862 -0.011834584145701302 0.0003958916195009965 -0.02438848772150989 -0.01964693444405323 -0.0051879586881835487 -0.0034692189473482468 0.023280000017047348 -0.017225267902600636 -0.0032377318913399313 0.12462981985328372 0.0022890250866096028 0.040227588806101354 0.032604990798942531 0.016296292761275141 0.019920487035306515 0.00453871119976503 0.011627370181033801 0.00055080386409659223 0.016549303488458959 0.0017929293960347726 0.013279367145522527 0.062918745739894782 0.0382433441070585 -0.0044548331950284058 -0.016617387916313051 -0.032743307095179343
leaf_weight=496.47577327303588 208.92558208946139 354.16250612167642 658.19801669474691 551.76838511088863 352.18963792268187 835.40452336892486 179.38457954581827 646.25164749543183 1126.0142176179215 281.16652960609645 25.760704859159887 387.7838112837635 102.59344506124035 6.170059626922014 4729.5762788532302 40.933455091901124 25.59977407567203 1041.0285544926301 246.93397674057633 694.09423510544002 403.45321351289749 846.38454123027623 318.6060104072094 564.97459986619651 74.207415360957384 14.492731336504219 34.581653540953994 200.53907710220665 367.67297003092244 323.92883623111993
leaf_count=6350 12155 5452 28583 13765 9540 13329 6672 37892 25445 8118 609 6298 1760 56 63094 436 389 12185 2374 6848 2333 8522 2362 8110 3687 87 390 2307 8771 23186
internal_value=-0.000115006 0.00156772 -0.00473763 0.00149988 0.00330339 0.00377566 -0.00400101 -0.0200897 -0.0097304 0.00454205 -0.00201569 -0.00338241 -0.0100687 0.0105308 0.00534613 0.00360979 0.0538571 0.00820101 0.00995835 0.00859613 0.00923198 0.00486217 0.0120965 0.00713107 -0.00645813 0.0135614 -0.00800003 0.00194366 -0.0139425 -0.0240529
internal_weight=16139.3 14885.9 3212.29 1428.08 11673.7 11321.5 1014.79 1253.31 1784.21 10306.7 1125.03 1073.92 522.147 134.363 9181.64 5711.54 31.7698 3470.11 981.962 941.028 3188.94 1264.33 1924.61 883.581 283.133 417.946 628.554 235.121 393.434 970.18
internal_count=321105 244185 81748 27720 162437 152897 20001 76920 54028 132896 18427 22268 8503 2205 114469 72752 445 41717 9658 9222 33599 10942 22657 10472 15842 2420 12077 2697 9380 61078
cat_boundaries=0 1
cat_threshold=8
is_linear=0
shrinkage=0.04


Tree=54
num_leaves=31
num_cat=1
split_feature=0 22 4 1 1 5 46 26 19 14 40 6 25 0 25 25 5 24 25 25 23 8 20 25 22 32 25 19 25 25
split_gain=330.16 91.7272 74.5651 67.8589 45.2857 42.7146 34.9426 43.5503 37.7046 37.6591 33.2344 30.9657 33.9016 28.17 26.9582 61.0393 38.3125 26.4007 36.4147 41.0548 34.1506 34.1486 27.1959 30.9664 25.2632 25.0639 24.5297 44.4195 23.7565 33.0072
threshold=2.7549999952316289 0.013452543411403896 2.3950001001358037 2.6049998998641972 1.5349999666213991 32.500000000000007 0 1.5000000000000002 5.0000000000000009 93.08499908447267 0.180064931511879 203.25000000000003 364.12500000000006 1.6549999713897707 481.37500000000006 313.62500000000006 22.500000000000004 0.057562462985515601 164.62500000000003 677.12500000000011 1.0668813586235049 16.500000000000004 218.00000000000003 261.37500000000006 0.027693261392414573 1.1676366329193117 217.37500000000003 163.50000000000003 147.87500000000003 120.62500000000001
decision_type=10 8 2 10 8 2 1 2 8 10 10 2 2 10 2 2 2 10 2 2 10 2 2 2 8 10 2 10 2 2
left_child=1 -1 4 24 -3 -4 7 14 -8 10 -9 13 -13 -10 15 26 -17 -15 -19 20 -20 -22 -23 -24 -2 -12 -6 -28 29 -7
right_child=3 2 5 -5 6 28 8 9 11 -11 25 12 -14 17 -16 16 -18 18 19 -21 21 22 23 -25 -26 -27 27 -29 -30 -31
leaf_value=-0.022255370848755146 -0.02820823221215572 0.0070256747177346434 -0.00072048544474363578 -0.026766627340822798 -0.002880006280307738 -0.01034334769092946 -0.028771824474096749 0.003590812284858959 0.0076978274208522315 -0.0067055790446451102 0.036300056689915969 -0.00071521288991225631 0.06283103383192247 -0.0053182702536622144 -0.017152757818923337 0.051200074970745774 0.0094491499339806346 0.0089661003944281701 0.047426887460525091 0.027827397820508314 0.032943945874400311 -0.010536822068514425 -0.024577462655299219 0.022173013291633962 -0.0066076464023999302 0.012337534368796411 -0.03080902512600121 0.0044066088424162706 -0.021433434679873825 0.032246329573491925
leaf_weight=253.14219317957759 99.846752550452948 3337.8961787773296 986.99302990408614 745.14277101960033 2655.1632207580842 302.94502479350194 54.351723337545991 663.47126658540219 1963.7171997339465 321.76821708120406 94.402120218612254 24.008521447889507 29.079803498461843 694.68657179037109 209.38224808312953 41.857714300975204 202.57659000344574 1017.2206059112214 18.80850663036108 67.068500930443406 34.001283265650272 670.66589350905269 29.471612513065338 87.695488704368472 632.25109646236524 272.04357583448291 138.29760320298374 96.683534815907478 330.49310792749748 31.192321974085644
leaf_count=8124 5279 31062 28008 52112 39794 15453 946 14375 20878 6445 811 589 335 20637 2521 399 2508 16230 287 678 261 7755 352 919 28778 1581 1665 1395 9965 972
internal_value=-0.000255113 0.00156496 0.00198621 -0.0182709 0.00302438 -0.00600657 0.00160046 -0.000838087 0.00404205 0.00521735 0.0089491 0.0044337 0.0345372 0.00407668 -0.00328782 -0.00235522 0.0167945 0.00135878 0.00377203 -0.00204772 -0.00446621 -0.0057149 -0.00742805 0.0102713 -0.00959355 0.0186035 -0.00398145 -0.0163452 -0.0138376 -0.00627123
internal_weight=16106.3 14629.1 14375.9 1477.24 12724.3 1651.62 9386.42 4695.65 4690.78 1351.69 1029.92 4636.42 53.0883 4583.34 3343.96 3134.58 244.434 2619.62 1924.93 907.711 840.643 821.834 787.833 117.167 732.098 366.446 2890.14 234.981 664.63 334.137
internal_count=321114 234945 226821 86169 172423 54398 141361 71494 69867 23212 16767 68921 924 67997 48282 45761 2907 47119 26482 10252 9574 9287 9026 1271 34057 2392 42854 3060 26390 16425
cat_boundaries=0 1
cat_threshold=4
is_linear=0
shrinkage=0.04


Tree=55
num_leaves=31
num_cat=0
split_feature=0 21 1 5 9 7 16 22 21 17 25 15 22 25 18 40 10 25 21 19 20 14 25 18 23 1 21 21 5 17
split_gain=304.943 84.2858 67.4468 62.1534 66.2138 51.7727 43.376 41.459 35.582 33.1918 36.6392 28.6978 41.4921 47.5129 49.9785 31.6867 27.7615 27.341 69.7162 34.3252 32.1741 31.5327 26.0297 25.2433 39.2415 29.606 25.459 43.3002 24.4021 26.5698
threshold=2.7549999952316289 74.533176422119155 2.8149999380111699 34.500000000000007 2.5000000000000004 43.500000000000007 1.5000000000000002 0.10294625535607339 62.269115447998054 2.5000000000000004 677.12500000000011 2.5000000000000004 0.012240967713296415 391.50000000000006 1.5000000000000002 0.097752507776021971 7.2500000000000009 298.37500000000006 74.235458374023452 79.500000000000014 79.000000000000014 82.305000305175795 628.25000000000011 1.5000000000000002 1.0277263522148135 1.5850000381469729 59.93836975097657 59.510065078735359 35.500000000000007 1.5000000000000002
decision_type=10 10 10 2 2 2 2 10 8 10 2 2 10 2 8 10 2 2 10 10 2 8 2 10 8 8 8 8 2 10
left_child=1 3 7 5 -5 8 11 16 -1 -6 22 -3 -13 28 15 -15 -2 20 19 -19 -10 -21 23 24 -11 -25 27 -26 29 -14
right_child=2 6 -4 4 9 -7 -8 -9 17 10 -12 12 13 14 -16 -17 -18 18 -20 21 -22 -23 -24 25 26 -27 -28 -29 -30 -31
leaf_value=0.0092924033726551857 -0.021718886581113366 -0.018296035333127344 -0.02858196424231834 -0.013344992020096447 0.010318229834911969 0.013004090643718151 0.010845038081992435 0.0022952556037178734 0.013563398655014675 -0.023300057615507599 0.02189093569698564 -0.03251847133947993 -0.01161198868757159 0.024598447479111236 -0.0036719532930291413 0.11820985251144198 -0.0028975178132239353 -0.0067266995728475837 0.094183580972047751 0.028701231468540409 0.00037416389552971668 0.0072100901065906544 -0.025390634714884102 0.0037201832204609032 0.012122773208388778 -0.0089968867096215863 0.0032713423573758988 0.092816366288932708 -0.02057620460868511 0.0073374385070908814
leaf_weight=1310.6321926051751 451.05838369345292 470.03800882212818 559.90522822341882 654.75946692051366 477.3336089705117 969.11951522529125 171.88649537460878 267.94663349539042 311.24140423256904 84.735718653071672 105.7599604986608 80.751166456378996 213.7115920772776 11.712174901738765 26.0072504254058 12.193543826229869 174.70434270333499 233.89754454791546 13.819438640028237 129.02557812072337 5683.5790204214863 699.18052638974041 73.056764906272292 422.45613765809685 52.731960256583989 948.08906104648486 1086.6778393769637 12.517425760626791 131.55196771002375 262.79649383109063
leaf_count=10789 30019 16401 41606 24080 5813 9814 2110 8749 2449 3127 912 2861 5698 199 657 184 5791 2181 169 994 90738 7782 748 4723 421 16662 14892 111 4379 6045
internal_value=-0.000231336 0.0015028 -0.0176994 0.0024819 -0.00174626 0.00425404 -0.0078989 -0.0108527 0.00324039 0.000583058 -0.00108655 -0.0105744 -0.0056377 -0.00228828 0.0348268 0.0753364 -0.0164836 0.00211687 0.00798564 0.00677279 0.00106174 0.0105936 -0.00200253 -0.00133616 0.00280411 -0.00507421 0.00474634 0.0288307 -0.00539365 -0.00115943
internal_weight=16102.9 14649.3 1453.61 13268.6 3918.12 9350.5 1380.65 893.709 8381.38 3263.36 2786.02 1208.76 738.724 657.973 49.913 23.9057 625.763 7070.74 1075.92 1062.1 5994.82 828.206 2680.26 2607.21 1236.66 1370.55 1151.93 65.2494 608.06 476.508
internal_count=321104 234939 86165 196405 71489 124916 38534 44559 115102 47409 41596 36424 20023 17162 1040 383 35810 104313 11126 10957 93187 8776 40684 39936 18551 21385 15424 532 16122 11743
is_linear=0
shrinkage=0.04


Tree=56
num_leaves=31
num_cat=2
split_feature=4 22 0 14 4 5 46 30 35 42 21 25 33 4 37 19 6 22 4 26 1 11 31 24 5 15 21 19 25 25
split_gain=292.842 81.376 64.3126 51.0583 48.1942 42.8563 38.3594 37.6912 36.8577 34.9715 32.2303 32.0073 29.042 27.7542 27.1505 31.107 32.2195 27.9189 26.3159 25.2515 25.153 24.9229 24.5587 24.7603 24.2925 31.6359 24.0025 38.1336 24.2126 38.934
threshold=2.6250000000000004 0.013452543411403896 2.2749999761581425 85.31000137329103 1.075000047683716 25.500000000000004 0 0.15556702762842181 13.250000000000002 1 78.199050903320327 690.87500000000011 1.8599293231964114 3.0649999380111699 70.895542144775405 21.500000000000004 101.25000000000001 0.12127390503883363 2.0949999094009404 4.5000000000000009 2.3549998998641972 0.01078174961730838 74.99158096313478 0.090968031436204924 27.500000000000004 3.5000000000000004 63.022916793823249 167.50000000000003 487.75000000000006 158.62500000000003
decision_type=2 8 10 8 2 2 1 10 2 9 10 2 8 2 10 10 2 10 2 2 10 10 10 10 2 2 8 10 2 2
left_child=1 -1 6 7 9 10 14 -2 11 -4 -6 12 19 24 17 -16 -17 -3 -7 -8 26 -11 23 -20 25 -5 -10 -28 29 -29
right_child=3 2 4 13 5 18 8 -9 20 21 -12 -13 -14 -15 15 16 -18 -19 22 -21 -22 -23 -24 -25 -26 -27 27 28 -30 -31
leaf_value=-0.02162813551564342 -0.0080033548258165773 0.00090021553655225196 0.094859097300989625 -0.01750009072140964 0.0058690422232430652 0.0087326424507289252 0.00076061883341644546 0.044462905375544599 0.007605305509409889 -0.024600860621926457 -0.029503688611694976 0.022942278844257119 0.0088002119227902006 -0.03264965183573125 -0.0075135335727068257 0.018338891105790591 0.0023832776462828589 0.008276052755963232 -0.014560577421122621 0.068163258850553729 -0.013611798876171494 -0.0070644044604668398 0.015837814153363092 -0.0030553017642298693 -0.025472913774521943 0.009776329259380866 -0.0053477726203428133 0.00021741104756095835 -0.010828390658800337 0.023183441312214087
leaf_weight=239.61102377716452 305.62392574711703 1778.3743509501219 3.669479425996542 272.11354019702412 1151.638262090506 177.77638889104128 2597.4482878311537 22.586834193672985 456.56888430938125 241.55844772048295 41.729139987844974 136.54881246760488 1077.8368976628408 301.15554173127748 121.65919088805094 717.89168735500425 283.20054999599233 1527.0244408650324 616.39083476923406 7.9256355091929427 266.6171462838538 282.93664350640029 66.410828965250403 584.19926642114297 359.21564759896137 89.673126080073416 1761.938140373677 271.15533220395446 105.55175893381238 208.76538548618555
leaf_count=7874 17378 26594 122 15013 22417 3012 32633 658 3796 12630 1740 1036 12173 23236 1900 7230 4137 15047 26700 44 4562 7022 2046 10849 23061 4629 24732 5691 989 2294
internal_value=-0.000192976 0.00144221 0.00182558 -0.0180139 -0.00321236 -0.00100051 0.00323544 -0.00425649 0.00136757 -0.0142301 0.00460513 0.00399044 0.00328071 -0.0224189 0.00614006 0.0115145 0.0138361 0.00431038 -0.00563344 0.000993268 -0.00189417 -0.01518 -0.00765763 -0.00897272 -0.0181008 -0.01072 -0.000774113 -0.00240815 0.00642565 0.0102434
internal_weight=16074.8 14724.4 14484.8 1350.37 3166.31 2638.14 11318.5 328.211 6890.36 528.165 1193.37 3819.76 3683.21 1022.16 4428.15 1122.75 1001.09 3305.4 1444.78 2605.37 3070.6 524.495 1267 1200.59 721.002 361.787 2803.98 2347.41 585.472 479.921
internal_count=321245 237270 229396 83975 86538 66764 142858 18036 87950 19774 24157 45886 44850 65939 54908 13267 11367 41641 42607 32677 42064 19652 39595 37549 42703 19642 37502 33706 8974 7985
cat_boundaries=0 1 2
cat_threshold=8 8
is_linear=0
shrinkage=0.04


Tree=57
num_leaves=31
num_cat=1
split_feature=11 0 5 22 11 22 15 43 21 32 25 20 32 24 15 6 25 32 25 37 39 24 19 20 0 32 31 21 22 1
split_gain=261.737 109.027 62.9418 47.9256 37.802 33.7317 31.2403 30.9239 30.7683 46.1487 33.6309 34.938 31.7653 29.3342 35.3486 28.8743 28.6912 30.4709 28.3113 26.0884 25.5455 25.0977 26.2916 24.6456 23.153 22.8745 25.2042 21.0098 20.2212 25.1541
threshold=0.036599317565560348 2.7549999952316289 26.500000000000004 0.017273891717195514 0.3486414253711701 0.16347154229879382 1.0000000180025095e-35 0 68.308303833007827 1.0250580906867983 94.875000000000014 175.00000000000003 1.0472124218940737 0.12625986337661746 2.5000000000000004 217.25000000000003 31.125000000000004 1.1549994349479678 84.125000000000014 69.745433807373061 0.69278192520141613 0.14474020153284076 59.500000000000007 159.00000000000003 0.92500001192092907 1.033425569534302 77.52548980712892 70.319358825683608 0.10587605834007265 1.9650000333786013
decision_type=8 8 2 8 10 10 2 9 10 10 2 2 10 10 2 2 2 8 2 10 8 10 8 2 8 10 10 10 10 8
left_child=1 2 7 15 8 6 -3 28 16 -10 11 12 20 -13 -15 -2 17 -5 -6 -20 -11 22 27 -8 -21 26 -12 -14 29 -1
right_child=3 5 -4 4 18 -7 23 -9 9 10 25 13 21 14 -16 -17 -18 -19 19 24 -22 -23 -24 -25 -26 -27 -28 -29 -30 -31
leaf_value=0.036795654872611862 -0.014541936498362882 0.087031922973520748 -0.013614842025175735 0.014871930939869273 0.002923739349578563 0.0034425077689018493 -0.0053301397355474608 -0.014549792331357227 -0.028060407647118261 -0.022902626210500654 0.00068112060798460787 -0.013496243468552356 0.0038050521605250825 0.070944750625945491 -0.017794902317525937 0.085524396412277201 0.0020707375523361525 0.0024993688524652773 0.0076840620375165161 0.035798363091140518 0.063660364099763514 -0.021386518285331682 0.0082486335766920726 -0.027291428771615677 0.013647658783686524 0.0025523228482224802 0.10062057058405291 -0.0081395344809066014 0.012041814315916484 -0.0030359987019446754
leaf_weight=25.893362427130342 316.23401032760739 3.0336841589305541 834.1934482792858 652.31203797576018 1064.6789822126739 74.473745019407943 92.388066722778603 151.97283447813243 96.102741655427963 6.6969571635127094 8.3172110519371909 616.39716462558135 378.53354880446568 13.823484051972628 13.201592287048697 3.688732484355568 4712.2967204037122 624.1222706460394 670.5274891667068 115.94140248000622 20.057457375340164 93.075742770917714 426.35428497940302 784.77265473315492 222.50188086275011 2602.4791798524093 7.025178773328661 619.56751534412615 337.84197574388236 444.92299909703434
leaf_count=560 8951 295 33284 13177 12204 4057 5908 5310 4915 210 184 19659 5491 157 132 94 47960 17264 4118 616 193 915 6330 60323 1621 35179 142 10713 6363 14731
internal_value=-0.000169419 -0.0114009 -0.00558308 0.00215563 0.00253371 -0.0223171 -0.0245026 0.00139429 0.00159036 -0.00075902 -0.00020648 -0.00386676 -0.000598986 -0.0116905 0.028365 -0.0131128 0.00351375 0.0088321 0.00748291 0.0122822 0.041804 -0.00137623 -5.18409e-05 -0.0249916 0.0213308 0.00285119 0.0500443 -0.00360623 0.00453361 -0.000763566
internal_weight=16033.4 2749.49 1794.82 13283.9 12964 954.668 880.194 960.631 10890.4 4901.63 4805.53 2187.71 1544.29 643.422 27.0251 319.923 5988.73 1276.43 2073.65 1008.97 26.7544 1517.53 1424.46 877.161 338.443 2617.82 15.3424 998.101 808.658 470.816
internal_count=321056 130831 60248 190225 181180 70583 66526 26964 162621 84220 79305 43800 23852 19948 289 9045 78401 30441 18559 6355 403 23449 22534 66231 2237 35505 326 16204 21654 15291
cat_boundaries=0 1
cat_threshold=112
is_linear=0
shrinkage=0.04


Tree=58
num_leaves=31
num_cat=0
split_feature=1 11 21 5 10 8 10 5 19 21 22 20 25 6 17 25 14 15 21 25 23 31 20 19 16 17 6 38 24 24
split_gain=241.192 97.471 67.9199 49.9113 44.4048 43.0934 37.0597 33.2355 39.2239 32.671 30.0502 28.599 28.2694 30.2028 26.8828 25.0376 24.3121 34.4091 24.8393 29.4872 24.0494 23.1649 22.9633 23.2588 31.8171 32.1874 50.3539 34.478 31.9496 29.7214
threshold=2.5849999189376835 0.015655637718737129 75.729537963867202 34.500000000000007 29.750000000000004 111.25000000000001 5.5000000000000009 25.500000000000004 59.500000000000007 62.269115447998054 0.26898275315761572 218.00000000000003 496.62500000000006 181.25000000000003 2.5000000000000004 52.625000000000007 94.33499908447267 3.5000000000000004 73.844284057617202 186.62500000000003 1.0902283787727358 71.153106689453139 79.000000000000014 52.500000000000007 1.5000000000000002 1.5000000000000002 5.5000000000000009 1.1643697023391726 0.018392982892692093 0.10393471643328668
decision_type=10 10 10 2 2 2 2 2 10 8 10 2 2 2 10 2 8 2 10 2 10 10 2 10 2 8 2 10 8 10
left_child=2 10 3 5 14 9 -4 -8 12 11 15 -1 -9 -14 -5 -2 21 -18 -19 -20 -21 22 -11 -24 25 26 27 -25 -28 -27
right_child=1 -3 6 4 -6 -7 7 8 -10 16 -12 -13 13 -15 -16 -17 17 18 19 20 -22 -23 23 24 -26 29 28 -29 -30 -31
leaf_value=0.0073697825513969733 -0.011944113997785036 -0.004728857008513462 -0.016792339310001434 0.006032649832244749 0.0030202716808476189 0.010781530357654077 0.010355219780898707 -0.0017646724629720363 -0.022195589923313355 0.012065631684440466 0.042194672715331179 0.031671700919868637 -0.00061030561532314422 0.090681295438014439 -0.0077371776028715613 -0.026979285444561279 -0.0068292824243193244 0.0038192759442010342 -0.0019905250704188664 0.096409255851248224 0 0.0095582208943064406 -0.0023403789234621017 0.012537331649813592 -0.0044595575905006773 0.0072675326956711675 -0.015397439803578558 -0.0084709170640594102 0.027888552187814795 -0.0065548147978086958
leaf_weight=1182.7990890662186 243.46325819031335 1094.6971027618274 442.2974885632284 264.48211096785963 1890.7668089829385 1364.6230000825599 229.57867311732844 131.16438515065238 177.05221120687202 340.64391613425687 10.503900295589117 82.201465078629553 11.144176760688426 10.866601109504698 1554.6625605658628 687.10682545928285 978.21735901292413 380.87146044615656 16.150095233693719 14.012689511291684 5.798324726521968 781.9449822853785 1686.5306960702874 313.26291844202206 575.19999678898603 593.72368649928831 29.191962300334126 206.43519818224013 306.01777452183887 426.89159639645368
leaf_count=9286 18900 31522 17595 4994 21692 14418 3964 3074 5648 2619 517 920 188 111 40428 42623 20099 7385 532 249 110 11225 26599 4382 5180 14637 1046 2149 4198 4774
internal_value=4.73596e-06 -0.0128559 0.00187636 0.00265057 -0.0012701 0.00421759 -0.00815154 -0.00129963 -0.00942112 0.00308488 -0.0222903 0.00897588 0.00536688 0.0462682 -0.0057308 -0.023067 0.0019633 -0.00272826 0.0068797 0.0382048 0.0696856 0.00320867 0.00209712 0.00127267 0.00376065 0.00628486 0.0120063 0.00418448 0.0240725 0.0014814
internal_weight=16032.3 2035.77 13996.5 12994.4 3709.91 9284.52 1002.1 559.806 330.227 7919.89 941.074 1265 153.175 22.0108 1819.14 930.57 6654.89 1395.05 416.833 35.9611 19.811 5259.84 4477.9 4137.25 2450.72 1875.52 854.908 519.698 335.21 1020.62
internal_count=321064 93562 227502 196922 67114 129808 30580 12985 9021 115390 62040 10206 3373 299 45422 61523 105184 28375 8276 891 359 76809 65584 62965 36366 31186 11775 6531 5244 19411
is_linear=0
shrinkage=0.04


Tree=59
num_leaves=31
num_cat=1
split_feature=4 1 17 30 43 4 4 19 23 24 27 24 24 10 29 5 4 15 14 5 5 23 14 26 38 31 40 39 11 14
split_gain=242.79 59.9879 44.5297 42.7956 39.8858 37.0796 36.2572 36.1858 42.9267 40.503 37.2359 36.0401 32.7744 32.407 28.1873 27.534 27.2382 32.0359 27.7234 26.7771 26.0228 24.1459 24.1326 23.0975 26.3603 28.4973 24.6402 33.9913 24.5607 24.5392
threshold=2.6450001001358037 2.5249999761581425 4.5000000000000009 0.15556702762842181 0 1.544999957084656 3.0649999380111699 23.000000000000004 1.0326827168464663 0.037270663306117065 1.0000000180025095e-35 0.11395748704671861 0.030085007660090927 18.250000000000004 16.750000000000004 33.500000000000007 1.8450000286102297 3.5000000000000004 95.634998321533217 27.500000000000004 41.500000000000007 1.3434811234474184 89.505001068115249 1.5000000000000002 1.1357620954513552 70.15881729125978 0.1765813082456589 1.345516085624695 0.82555782794952404 93.08499908447267
decision_type=2 10 10 10 9 2 2 10 10 8 2 10 10 2 2 2 2 2 10 2 2 10 10 2 10 10 10 10 8 10
left_child=1 2 4 6 22 -3 19 9 -9 10 -4 -11 -10 15 -15 16 18 -18 23 -2 -7 -20 -1 24 28 -26 -25 -28 -6 -29
right_child=3 5 7 -5 13 20 -8 8 12 11 -12 -13 -14 14 -16 -17 17 -19 21 -21 -22 -23 -24 26 25 -27 27 29 -30 -31
leaf_value=-0.0032151923535729109 -0.0072636561385380095 -0.018212531974045845 0.066024231744780865 0.023141079890171046 -0.00064365851554617646 0.0010318680225506094 -0.03040860509171869 -0.023985660969991641 0.069334248027908482 -0.0077072983398246142 -0.025809720253208695 0.024045243330218357 -0.0050538712835629411 0.0092867381652896805 0.0026333996330999039 -0.0046874237501202823 0.0037365204021113456 0.015422459939963905 -0.0086807785870052796 -0.021430424596363969 -0.011595582003790668 0.0250843856476782 -0.024888253797452169 0.00068101675703316695 -0.0026844702695477396 -0.024591459052671693 0.065942308545391737 0.014574841899206855 0.011594399978527131 -0.025865693855314828
leaf_weight=271.79532443033531 423.07305799308233 326.08235811837949 29.386076276190579 39.438345064874738 708.55146590201184 815.01097954297438 313.67633493803442 224.78117730864324 8.5931715299375337 195.9544059461914 8.5356182134710235 79.579931958578527 759.15611997898668 2167.3478698902763 1927.779802300036 934.66311377193779 2551.003693361301 439.8084396510385 651.74281913880259 435.46789121837355 382.7974499699194 34.73465639539063 117.41751975892112 405.44163245381787 830.35078055365011 106.44804740510881 18.716581035405397 367.97690099198371 415.07254705298692 24.711232369765639
leaf_count=4151 23249 13741 744 1876 9754 18680 25720 10161 209 3574 411 677 13374 20537 21452 22123 38854 7672 12520 29369 13296 233 3674 7033 8062 1340 150 2242 6221 239
internal_value=-0.000168567 0.00124066 0.00210358 -0.017376 0.00286884 -0.0062728 -0.0187611 -0.00490627 -0.00864806 0.00691888 0.0451189 0.00150281 -0.00412696 0.00329316 0.00615707 0.00173042 0.00264677 0.00546089 0.000283083 -0.0144705 -0.0030066 -0.00693249 -0.00956565 0.00200782 -0.000247711 -0.00520159 0.00769544 0.0145801 0.00387988 0.0119606
internal_weight=16015.1 14803.4 13279.5 1211.66 11973.6 1523.89 1172.22 1305.99 992.53 313.456 37.9217 275.534 767.749 11584.3 4095.13 7489.22 6554.56 2990.81 3563.75 858.541 1197.81 686.477 389.213 2877.27 2060.42 936.799 816.846 411.405 1123.62 392.688
internal_count=321338 241124 195407 80214 166257 45717 78338 29150 23744 5406 1155 4251 13583 158432 41989 116443 94320 46526 47794 52618 31976 12753 7825 35041 25377 9402 9664 2631 15975 2481
cat_boundaries=0 1
cat_threshold=8
is_linear=0
shrinkage=0.04


Tree=60
num_leaves=31
num_cat=2
split_feature=0 22 1 5 9 7 15 20 25 21 35 22 46 43 1 25 22 37 24 32 25 0 21 1 30 25 24 24 21 11
split_gain=233.699 70.3448 63.8326 53.7002 58.3495 50.5555 39.4474 79.1302 46.2409 64.5309 38.3098 36.8919 31.8847 39.669 32.188 30.8214 29.496 28.6214 40.094 40.1032 27.8416 27.1729 26.4109 26.2 24.911 31.836 32.6623 27.291 23.8508 22.7628
threshold=2.7549999952316289 0.013452543411403896 2.8149999380111699 34.500000000000007 2.5000000000000004 43.500000000000007 3.5000000000000004 218.00000000000003 298.37500000000006 71.112480163574233 13.750000000000002 0.020587688311934475 0 1 1.9550000429153445 510.25000000000006 0.027693261392414573 70.413234710693374 0.030932125635445121 1.0621463656425478 181.37500000000003 2.4650000333786015 67.775608062744155 0.54500001668930065 0.05504927225410939 139.87500000000003 0.099730301648378386 0.15059998631477359 84.929595947265639 0.56973218917846691
decision_type=10 8 10 2 2 2 2 2 2 10 2 10 1 9 10 2 8 10 10 10 2 8 10 10 8 2 10 8 10 10
left_child=1 -1 16 5 -5 6 7 12 22 15 -11 -12 13 29 -14 -10 -2 18 -15 -20 -21 -13 24 -22 -8 27 -27 -26 -18 -3
right_child=2 3 -4 4 -6 -7 8 -9 9 10 11 21 14 17 -16 -17 28 -19 19 20 23 -23 -24 -25 25 26 -28 -29 -30 -31
leaf_value=-0.020504383686710669 -0.027388403243922669 -0.0081018111126826085 -0.027224754423311865 -0.012750890454683111 2.5567876588138771e-05 0.011600061328967362 0.057732753416522238 -0.017101537835000246 0.022325092556337779 0.019781028316485007 -0.0089667367402451251 0.071188095900478809 0.0020584595378109259 -0.0080925194518907829 -0.0056150155919452152 -0.0041441143485156347 -0.0067504049351595676 0.013535873217702957 0.031937262736712428 0.0087017468131290431 0.014342096202798896 0.16023162437195684 -0.0051844699968530599 -0.011684406456301538 0.0019480241084260921 0.043727095951497222 -0.018458906664978552 0.024183372789590114 0.087862793681988793 0.028618751530747836
leaf_weight=229.73334511555731 122.1698480702471 414.97782446956262 503.1801613564603 683.67423102795146 3469.1089972802438 1055.3903206847608 15.688665881287305 354.19933427055366 188.10152361355722 31.362264812923968 6.2368171494454137 27.879127634689212 3468.6721434285864 330.35551919345744 1168.4017421668395 111.32179833762348 731.26606284896843 810.1444728099741 97.844705622177571 1032.7491713394411 82.980765709653497 7.6721473624929777 317.04680708656088 233.89227584376931 166.14017992932349 14.588116975501178 100.89504108671099 189.035824643448 3.2867411205079398 27.874698655679822
leaf_count=8076 7630 7445 41718 27239 53321 10962 162 10427 1713 431 139 245 42407 7138 21013 1085 36877 11131 754 12548 590 194 6979 2367 3653 131 813 3748 94 240
internal_value=-6.79489e-05 0.00140597 -0.0159233 0.00175704 -0.00207943 0.0033113 0.00235866 0.00135458 0.00919781 0.0208283 0.0542772 0.0790059 0.00220975 0.00539952 0.000123321 0.0124898 -0.00925692 0.00727758 0.00445836 0.00732922 0.00551991 0.0943716 0.00378002 -0.00483248 0.00963077 0.00789988 -0.0102611 0.0138283 -0.00620275 -0.00559613
internal_weight=15995.9 14636 1359.9 14406.2 4152.78 10253.5 9198.06 8022.09 1175.97 372.574 73.1504 41.7881 7667.89 3030.82 4637.07 299.423 856.723 2587.97 1777.82 1447.47 1349.62 35.5513 803.395 316.873 486.348 470.659 115.483 355.176 734.553 442.853
internal_count=321270 234951 86319 226875 80560 146315 135353 116060 19293 3807 1009 578 105633 42213 63420 2798 44601 34528 23397 16259 15505 439 15486 2957 8507 8345 944 7401 36971 7685
cat_boundaries=0 1 2
cat_threshold=8 12
is_linear=0
shrinkage=0.04


Tree=61
num_leaves=31
num_cat=2
split_feature=4 21 1 22 38 11 22 21 44 22 30 17 8 16 22 20 11 35 21 24 14 19 21 6 21 15 46 17 21 31
split_gain=223.605 63.9111 65.3877 43.0974 36.5185 36.0382 29.1074 28.8867 27.9531 26.6128 30.9699 25.7126 34.751 23.9627 22.1157 21.7265 21.5996 21.211 20.4966 20.3477 19.9405 20.3364 19.6189 22.8558 19.3071 55.6206 41.4422 28.9567 25.4046 20.7367
threshold=2.6650000810623173 68.252796173095717 2.2549999952316289 0.10294625535607339 1.0035736560821535 0.04313445836305619 0.042542364448308952 78.926559448242202 0 0.10359223932027818 0.070627197623252883 3.5000000000000004 42.500000000000007 4.5000000000000009 0.014692337252199652 175.00000000000003 0.312537431716919 10.250000000000002 59.93836975097657 0.19198799878358844 95.384998321533217 23.000000000000004 74.448661804199233 19.500000000000004 66.984218597412124 5.5000000000000009 1 4.5000000000000009 66.512878417968764 71.789447784423842
decision_type=2 10 10 10 8 10 10 10 9 10 10 10 2 2 10 2 8 2 10 10 10 10 10 2 10 2 1 10 10 10
left_child=1 8 4 15 -3 6 -4 11 -1 10 -5 12 19 24 17 16 -2 -14 -11 20 -6 -22 -13 -24 28 29 -27 -28 -10 -26
right_child=3 2 5 9 7 -7 -8 -9 13 18 -12 22 14 -15 -16 -17 -18 -19 -20 -21 21 -23 23 -25 25 26 27 -29 -30 -31
leaf_value=0.01135732562812251 -0.01260173499163259 -0.025081448133382367 -0.027353703119630125 0.14525016293643309 0.0015989993560791608 -0.0038230019686133956 -0.0092282278297442129 -0.010073183517600089 0.003092681537292002 0.02755284972988983 -0.019501427200655598 -0.0011064546980212476 0.1206030215041497 -0.027783829249059026 0.0068872410836368237 -0.026168786310084048 0.1092920850779545 0.022398593996713321 -0.0093861484046863404 0.032119020854495729 -0.024311868601733958 -0.0037560774951107866 0.05455370464822263 -0.01977166851306272 0.0045939579739850021 0.022867772094600409 0.16466775281020279 0.033388053309548971 -0.0066907691512425194 0.021929060553774079
leaf_weight=718.26418253593147 221.61969405016862 84.373168251942843 224.2957602434326 3.0337770357727996 1212.6898200120777 1118.4709196249023 389.81160997552797 333.12921042693779 5479.2729271764401 25.319492315873504 2.8847914531361312 954.29488488519564 4.1285959798842695 38.924316741526127 1956.211377389729 578.34623682545498 1.3531256611458946 13.80067411623895 274.71937757963315 29.065241111442447 97.493621391244233 358.6650190227665 5.9578562402166417 146.79612673353404 1086.5686761625111 22.17129492177628 6.7287900615483505 5.2174388950224966 459.1754549362231 122.26197076099925
leaf_count=6136 14445 3799 13168 78 15832 25648 15553 9533 76244 979 178 15868 79 242 23394 47361 36 329 14035 241 2410 6136 134 4071 16245 516 76 142 6509 1657
internal_value=0.000133074 0.00142524 -0.00138133 -0.0171993 0.000861949 -0.00810861 -0.0158886 0.00129573 0.00387532 -0.0043935 0.0731579 0.00209098 0.00370228 0.00310897 0.00730977 -0.0220723 -0.0113595 0.0504002 -0.0061745 -0.000491572 -0.00108082 -0.00820173 -0.00324858 -0.0165108 0.00328515 0.00781818 0.0574684 0.114649 0.00233453 0.00636723
internal_weight=15975 14867.8 6929.18 1107.28 5196.61 1732.58 614.107 5112.23 7938.59 305.957 5.91857 4779.1 3672.05 7220.32 1974.14 801.319 222.973 17.9293 300.039 1697.91 1668.85 456.159 1107.05 152.754 7181.4 1242.95 34.1175 11.9462 5938.45 1208.83
internal_count=321074 243962 136195 77112 81826 54369 28721 78027 107767 15270 256 68494 48421 101631 23802 61842 14481 408 15014 24619 24378 8546 20073 4205 101389 18636 734 218 82753 17902
cat_boundaries=0 1 2
cat_threshold=20 8
is_linear=0
shrinkage=0.04


Tree=62
num_leaves=31
num_cat=3
split_feature=0 4 22 5 11 22 15 14 21 25 43 19 43 16 15 14 21 25 25 20 1 5 15 30 5 29 26 20 21 43
split_gain=207.551 89.8657 65.7685 40.5594 36.8313 36.2269 35.9694 39.4016 36.5701 60.4452 34.6446 35.0842 30.0318 28.3434 28.0666 36.6157 26.8835 25.3738 46.9697 41.3708 34.6903 30.3761 25.2696 23.9706 23.6047 22.951 22.925 22.2909 22.1443 26.3928
threshold=3.0049999952316289 2.3950001001358037 0.037652041763067252 32.500000000000007 0.37640480697155004 0.013452543411403896 3.5000000000000004 91.909999847412124 74.235458374023452 375.00000000000006 0 167.50000000000003 1 1.5000000000000002 3.5000000000000004 88.345001220703139 84.929595947265639 293.62500000000006 510.25000000000006 184.00000000000003 3.3950001001358037 30.500000000000004 3.5000000000000004 0.089361149817705168 19.500000000000004 9.7500000000000018 4.5000000000000009 177.50000000000003 63.194150924682624 2
decision_type=10 2 8 2 10 8 2 10 8 2 9 10 9 2 2 8 10 2 2 2 8 2 2 10 2 2 2 2 8 9
left_child=1 4 27 14 5 23 7 28 17 -10 -5 16 -9 -2 15 -4 22 26 19 21 -21 -19 -12 -1 -20 -26 -8 -3 -7 -30
right_child=13 2 3 10 -6 6 8 12 9 -11 11 -13 -14 -15 -16 -17 -18 18 24 20 -22 -23 -24 -25 25 -27 -28 -29 29 -31
leaf_value=-0.022433095090536141 -0.023659651782211768 0.00089395878554994566 0.0055285851687276759 -0.019562591503570488 0.0077581570714513057 0.0067886665785551123 0.00021536926979571933 -0.00033492948991627923 0.014580107481313276 0.082390430845484808 0.0033951193258521502 -0.017336386467161038 -0.010270004562446118 0.015838125492237728 0.015142692640383884 -0.010861519403799234 0.12289677686930744 0.027430301739125754 0.042604677786315638 0.037201296920849822 0.00071590851379472087 -0.017285340882949606 0.055949738961782548 0.027384262660815017 0.019486244000438656 -0.0099736552662009689 0.064345182889084501 -0.025790172360644573 -0.003091286461656107 0.0027191162879588097
leaf_weight=145.84201395418495 629.48189078900032 58.879054109565914 500.90570265799761 345.89588621025905 1706.2306121671572 1339.2165386802517 891.31576642440632 1299.0191232755315 136.82426346419379 24.072210954502225 157.13338444358669 120.67476827371866 773.52877093059942 29.686792334774509 194.79588509001769 384.53744508116506 2.3568020006641737 37.814428389072418 17.574979152530432 199.70323298173025 52.963129924610257 64.018796498887241 15.191483273636548 16.351327368989587 51.933972458355129 209.39304176531732 8.010807588696478 321.54211817891337 1716.5927044115961 4528.0477278858889
leaf_count=4742 48235 2357 14453 14945 14870 11561 15135 21667 4249 226 5456 7772 17179 949 6043 14254 44 240 127 1758 485 613 395 494 389 1833 39 20599 27196 62938
internal_value=0.000106386 0.00105285 -0.00662728 -0.00329273 0.0022748 0.00146116 0.00173039 0.000786559 0.00710572 0.0251964 -0.011254 -0.000790157 -0.0040992 -0.0218534 0.00143556 -0.00158915 0.0106063 0.00518888 0.0113152 0.0209561 0.0296021 -0.000536603 0.00834728 -0.0172493 -0.000955772 -0.00405183 0.000861887 -0.0216582 0.00212265 0.00112042
internal_weight=15979.5 15320.4 2101.91 1721.49 13218.5 11512.2 11350 9656.4 1693.62 160.896 641.252 295.356 2072.55 659.169 1080.24 885.443 174.682 1532.73 633.402 354.5 252.666 101.833 172.325 162.193 278.902 261.327 899.327 380.421 7583.86 6244.64
internal_count=321243 272059 86318 63362 185741 170871 165635 140541 25094 4475 28612 13667 38846 49184 34750 28707 5895 20619 5445 3096 2243 853 5851 5236 2349 2222 15174 22956 101695 90134
cat_boundaries=0 1 2 3
cat_threshold=96 176 72
is_linear=0
shrinkage=0.04


Tree=63
num_leaves=31
num_cat=4
split_feature=4 0 22 20 46 6 19 22 43 21 21 25 22 9 5 21 25 24 21 5 43 37 22 4 22 22 28 15 42 32
split_gain=184.844 57.2105 62.1231 42.8642 38.2383 31.7579 27.2171 26.8416 26.3925 29.1876 27.2974 26.6679 25.9787 25.021 32.0827 24.272 27.624 23.3315 25.0698 23.704 22.5083 24.6095 22.8307 22.3932 23.8247 21.9611 27.1786 21.9332 21.3335 21.1964
threshold=2.6650000810623173 2.2749999761581425 0.053768806159496314 175.00000000000003 0 62.500000000000007 5.0000000000000009 0.10294625535607339 1 63.620441436767585 82.51377105712892 677.12500000000011 0.10359223932027818 15.500000000000002 28.500000000000004 70.319358825683608 132.62500000000003 0.0095770866610109823 68.252796173095717 46.500000000000007 2 70.192417144775405 0.013452543411403896 1.075000047683716 0.193641372025013 0.014692337252199652 5.5000000000000009 1.5000000000000002 3 1.0455605983734133
decision_type=2 10 8 2 1 2 8 10 9 8 10 2 10 2 2 10 2 10 10 2 9 10 10 2 10 10 2 2 9 10
left_child=1 4 25 -2 6 23 -1 -5 9 -7 28 -10 -9 15 -15 -6 -17 18 27 20 -19 -22 -23 24 -4 -3 -27 -8 -11 -24
right_child=3 2 5 7 13 8 17 12 11 10 -12 -13 -14 14 -16 16 -18 19 -20 -21 21 22 29 -25 -26 26 -28 -29 -30 -31
leaf_value=-0.02495252765733539 -0.004004406948983988 -0.03042522772953337 -0.014230475423462445 -0.025891605044840206 0.0010097359525342931 0.025716916563136231 0.044971082089040111 0.071432720390442905 -0.010833980762352842 0.0082253865504178601 0.081658268833768519 0.022322705371440744 -0.011143996926933025 0.020277505140967562 0.0027041312691620883 -0.0097705550875855172 0.00096480857431812544 -0.0019394573517009241 -0.019497574048445127 -0.00063680064048357034 0.0061817013921948698 -0.026937933524504968 0.034236541431112252 0.0070102697991486504 0.034974109669708937 0.0011308820864597581 -0.015701454481786125 -0.00027235324716409618 -0.0084907186416656715 0.012830953092605788
leaf_weight=46.324787384830415 325.57297721249051 101.97951219626702 146.40606009843759 555.03282083827071 4438.3667040169239 71.947109723463655 17.361838765442371 5.2990076947025946 771.77742546843365 193.28954439447261 5.2726798690855494 39.875231241807342 188.44218158256263 207.24685600958765 829.71491241222247 829.54972330853343 711.04696650803089 348.78369646891952 114.09755522059277 640.53672997746617 2005.7752375300042 20.805811122059822 79.749477073084563 938.23774136207066 16.632195947226137 219.35698741185479 505.79492719005793 255.87732322048396 327.67816006671637 1000.2917382842861
leaf_count=724 18664 5005 5884 47398 52022 1058 544 202 21367 5335 82 715 10805 2030 8567 16213 11503 4732 4571 8464 19286 580 825 16920 457 9270 20639 7054 9944 10300
internal_value=-0.000136699 0.0010201 -0.00359072 -0.0161525 0.0023538 -0.000455753 0.00521839 -0.0214168 -0.00443156 0.00196915 -0.0012753 -0.00906313 -0.00850969 0.000503317 0.00623635 -0.000491199 -0.00481575 0.00553653 -0.00383258 0.00642422 0.00773411 0.00879965 0.0136359 0.0046298 -0.00900392 -0.0130914 -0.0106097 0.00274137 -0.00227717 0.0144454
internal_weight=15958.1 14883.8 3338.25 1074.35 11545.5 2511.12 4529.6 748.774 1409.84 598.187 526.24 811.653 193.741 7015.93 1036.96 5978.96 1540.6 4483.28 387.337 4095.94 3455.41 3106.62 1100.85 1101.28 163.038 827.131 725.152 273.239 520.968 1080.04
internal_count=321160 244091 96676 77069 147415 61762 57080 58405 38501 16419 15361 22082 11007 90335 10597 79738 27716 56356 12169 44187 35723 30991 11705 23261 6341 34914 29909 7598 15279 11125
cat_boundaries=0 1 2 3 4
cat_threshold=8 148 12 4
is_linear=0
shrinkage=0.04


Tree=64
num_leaves=31
num_cat=1
split_feature=4 22 1 22 21 44 21 28 30 21 19 20 14 5 2 8 25 16 0 37 0 0 11 1 38 6 15 15 20 21
split_gain=175.97 65.6243 47.2111 54.8806 36.2948 34.7197 33.773 33.3196 31.346 28.6275 25.9566 25.8665 24.6991 22.4964 22.4257 21.9459 24.7731 21.2473 21.6698 20.9859 20.3183 20.1501 19.2395 18.9591 18.5997 18.4293 18.252 18.9929 30.6299 21.0797
threshold=2.7549999952316289 0.013452543411403896 1.9550000429153445 0.070718556642532363 60.947811126708991 0 82.51377105712892 6.5000000000000009 0.059941636398434646 67.819164276123061 64.000000000000014 175.00000000000003 67.204998016357436 20.500000000000004 0.53499999642372142 42.500000000000007 350.12500000000006 4.5000000000000009 0.92500001192092907 76.828910827636733 3.1049998998641972 2.1450001001358037 0.52322071790695202 1.0549999475479128 1.1759878396987917 8.5000000000000018 1.0000000180025095e-35 3.5000000000000004 218.00000000000003 69.669704437255874
decision_type=2 8 8 8 8 9 10 2 10 10 10 2 10 2 10 2 2 2 10 8 8 8 8 10 8 2 2 2 2 8
left_child=1 -1 8 7 10 6 26 9 -3 14 24 20 22 15 -4 -11 19 18 23 -17 -6 -9 -7 -10 -2 -20 -5 28 -28 -29
right_child=4 2 3 5 11 12 -8 21 17 13 -12 -13 -14 -15 -16 16 -18 -19 25 -21 -22 -23 -24 -25 -26 -27 27 29 -30 -31
leaf_value=-0.020051992620142744 0.091186199991501307 0.011617036427114915 0.011035826598912724 0.029715103258073503 0.0011099070844846101 0.0093672043790263421 0.092356453456171231 -0.0043610060881221057 0.014692715727027652 -0.0038446851702881395 -0.010499098388866349 -0.024590672530481299 0.003638677058874652 -0.0085346171155609874 0.08698930012957716 0.0042967281746990526 0.049119870034609957 -0.023394420222090036 -0.015755835523885299 0.077046225933392568 -0.023583914655904453 -0.01842344205839009 0.030408697981189326 0.0034888677414104197 -0.012905668416595802 0.0023772174627961712 -0.00021903994888122617 0.0021700873272962281 -0.015792625226388662 0.016320913682674892
leaf_weight=231.68448601104319 9.6378957929555327 778.74152921838686 132.85815211781301 32.605661145411432 138.35614094207995 154.17567158979364 5.3864073138684025 266.22999485302716 444.70693479152396 476.28004518314265 14.387167196488006 544.4757869199384 407.40231313882396 857.86962829413824 5.5861804559826842 205.24224801780656 23.588146953843534 47.308256857097149 90.704885572195053 5.5649589216336599 85.357899426249787 426.35606577270664 128.82395353168249 532.31519202841446 3.3120138039812455 3984.2198392306454 4663.848360808799 827.86772413901053 210.24882420781069 210.90437951986678
leaf_count=9050 317 10847 3144 1022 7887 2013 72 6003 2980 12613 849 47075 4638 26972 208 4782 367 282 686 146 6776 20095 1124 4177 79 43520 78111 14070 5497 5813
internal_value=6.23813e-05 0.00102601 0.00135493 -0.000459082 -0.0182628 0.00141383 0.000417931 -0.0056428 0.00414532 -0.00263422 0.0262846 -0.0198853 0.00983086 -0.00417788 0.0147311 0.00108019 0.0110781 0.00300142 0.00325397 0.00659077 -0.00835722 -0.0130377 0.0190329 0.00860237 0.0652606 0.00196884 0.000319151 0.000151378 -0.000894744 0.00505994
internal_weight=15946 15150.5 14918.8 9040.84 795.527 6641.26 5950.86 2399.58 5878 1706.99 27.3371 768.19 690.402 1568.55 138.444 710.675 234.395 5099.26 5051.95 210.807 223.714 692.586 283 977.022 12.9499 4074.92 5945.47 5912.87 4874.1 1038.77
internal_count=321215 258232 249182 186690 62983 112360 104585 74330 62492 48232 1245 61738 7775 44880 3352 17908 5295 51645 51363 4928 14663 26098 3137 7157 396 44206 104513 103491 83608 19883
cat_boundaries=0 1
cat_threshold=8
is_linear=0
shrinkage=0.04


Tree=65
num_leaves=31
num_cat=2
split_feature=0 22 11 1 17 21 19 17 25 25 25 10 25 25 19 18 21 22 23 21 23 46 15 25 40 46 31 21 18 25
split_gain=173.908 59.1389 58.3034 41.9654 36.7185 33.2784 31.8975 30.7173 28.3478 30.8081 81.2235 34.5226 28.2456 26.1568 30.2198 26.6171 24.3442 23.7823 23.4572 34.2514 34.2042 31.1965 27.8288 23.02 24.2578 24.96 23.2712 22.6811 25.4885 21.7331
threshold=2.9050000905990605 0.12391588091850282 0.031537504866719253 2.8249999284744267 3.5000000000000004 76.478694915771499 190.50000000000003 4.5000000000000009 84.125000000000014 431.12500000000006 423.75000000000006 77.250000000000014 74.125000000000014 690.87500000000011 59.500000000000007 1.5000000000000002 80.24106597900392 0.081615630537271514 1.1683899760246279 63.345434188842781 1.1644505858421328 0 1.5000000000000002 170.12500000000003 0.26169691979885107 1 71.11685943603517 69.05243301391603 1.5000000000000002 765.12500000000011
decision_type=10 8 8 10 10 8 10 10 2 2 2 2 2 2 8 10 10 10 10 10 10 1 2 2 8 1 10 10 8 2
left_child=1 2 4 -2 5 6 23 8 12 10 11 16 -4 27 -15 -16 18 -17 19 21 -21 -10 -20 24 25 -1 -27 -11 -29 -3
right_child=3 29 7 -5 -6 -7 -8 -9 9 13 -12 -13 -14 14 15 17 -18 -19 22 20 -22 -23 -24 -25 -26 26 -28 28 -30 -31
leaf_value=-0.014428330178526157 -0.010020426850919877 0.0038010805288689969 -0.0007201493429301514 -0.027667789278923119 -0.018639115549023533 -0.024970585110955859 0.020815434861546904 -0.0061064487448961634 0.1090314109189657 -0.014114759901214739 0.071646974006313896 0.021561128013551541 -0.015472278379712058 -0.011567419862041309 0.0054840229450110545 0.0011842807954503382 -0.012751885512457168 0.051048178318877695 0.046550348824092536 0.0050306859314779599 0.04890930830686635 0.015315734923215526 -0.0064935176955074813 -0.015365337643185668 0.036587024420286378 -0.0045537955801761209 0.017523156969338097 0.012300275254309923 -0.0095582050702898123 0.041385660788451725
leaf_weight=163.20143480761908 528.37871271115728 5930.3422926957719 2537.497087854892 366.74919080454856 421.83502399572171 109.26126683549955 89.692111495882273 1076.7345859133638 8.7298148814588785 351.85119970422238 28.384689849801362 182.82554215099663 225.27000488643534 99.034672764129937 155.14330649003386 22.732633147388697 136.59323080419563 47.224059490486979 15.492074461653827 2092.6968906328548 27.856707978993654 14.91486178804189 386.82244743686169 212.4335441980511 26.875224333722144 178.47129911929369 131.9177136127837 154.90278697945178 187.59549713972956 23.752654306590557
leaf_count=5577 30628 75894 46919 34053 22486 6407 3671 23898 78 3426 215 1332 3787 1050 1357 246 4073 362 134 27198 250 144 3527 6409 981 7822 4451 1973 2610 178
internal_value=-0.000159346 0.000860313 -0.00116979 -0.0172781 -0.00889171 -0.00436258 -0.00152453 0.00015913 0.0011711 0.00336142 0.00546687 0.00478525 -0.00192962 -0.00261739 0.00674492 0.0148348 0.00363305 0.0351462 0.00451816 0.00618157 0.00563177 0.0530988 -0.00433067 -0.00436602 0.000316236 -0.00180638 0.00484237 -0.00699705 0.000323183 0.00395861
internal_weight=15935.2 15040.1 9085.99 895.128 1333.69 911.853 802.591 7752.3 6675.57 3912.8 2894.32 2865.93 2762.77 1018.48 324.135 225.1 2683.11 69.9567 2546.51 2144.2 2120.55 23.6447 402.315 712.899 500.466 473.59 310.389 694.349 342.498 5954.09
internal_count=321136 256455 180383 64681 57804 35318 28911 122579 98681 47975 36951 36736 50706 11024 3015 1965 35404 608 31331 27670 27448 222 3661 25240 18831 17850 12273 8009 4583 76072
cat_boundaries=0 1 2
cat_threshold=4 4
is_linear=0
shrinkage=0.04


Tree=66
num_leaves=31
num_cat=1
split_feature=0 4 22 5 22 4 36 17 19 21 25 25 25 15 22 43 19 40 14 21 0 25 21 25 25 21 24 21 17 17
split_gain=157.79 65.7885 56.8979 35.1312 29.5143 27.986 32.6413 30.5175 42.5226 48.6961 50.1099 48.9293 28.7535 27.5004 26.2032 25.9131 24.734 22.4969 23.3144 22.2003 21.8985 21.6411 47.4785 33.6211 33.1525 29.8549 26.3225 28.641 26.6752 23.7941
threshold=3.0049999952316289 2.3950001001358037 0.037652041763067252 31.500000000000004 0.12391588091850282 1.0000000180025095e-35 0.13286636024713519 3.5000000000000004 167.50000000000003 65.71753311157228 256.87500000000006 431.12500000000006 423.75000000000006 1.5000000000000002 0.015367629006505014 0 167.50000000000003 0.18818199634552005 80.704998016357436 62.081874847412116 2.4450000524520878 335.87500000000006 65.29294586181642 515.37500000000011 243.87500000000003 67.372478485107436 0.3201736062765122 60.628669738769538 3.5000000000000004 1.5000000000000002
decision_type=10 2 8 2 8 2 8 10 8 10 2 2 2 2 10 9 10 10 10 8 10 2 10 2 2 10 10 10 10 8
left_child=1 4 -3 19 5 6 -1 8 -7 -10 -11 12 20 -13 -9 -5 -17 -8 -19 -4 -12 24 23 26 29 -26 27 28 -23 -6
right_child=-2 2 3 15 21 7 17 14 9 10 11 13 -14 -15 -16 16 -18 18 -20 -21 -22 22 -24 -25 25 -27 -28 -29 -30 -31
leaf_value=-0.0069901932285451954 -0.019984058541483937 -0.020490026163420764 0.021302981441591408 -0.017388903576311253 0.0013666157269534769 0.0008771257752395533 0.043155677185940371 -0.021404733635123168 0.061743115146051304 -0.00074609499622706979 0.021425593129018941 -0.032706543787306551 0.079535097446412448 0.0091315329139431967 -0.0015530531481810867 0.0077623927847354085 -0.015623634857429234 0.01848123380969359 -0.0074652797966443729 -0.00013733233570901974 0.061097781024955826 0.012661115660031133 0.024194768717020487 -0.015520242104150921 -0.010663925068802782 0.015411157966075815 -0.020399569934754568 0.0053898472726658462 0.059158036056008445 0.0073818307294109056
leaf_weight=1384.8161129872315 618.65571789792739 359.37019564351067 83.035372511483729 351.30457838415168 2316.4105813405477 2973.1797288144007 26.143168862443417 111.496963549871 27.606753488071263 475.57752659078687 238.85665428265929 26.950456296093762 16.033556688576937 247.88717662915587 1981.3463926427066 185.26473713666201 117.28652941831388 101.75941984751262 119.14174579340033 955.56302535347641 24.189296156167984 45.211181931197643 254.70042569655925 119.43768628127873 442.63449436798692 82.456052919849753 40.677191661670804 197.44942817278206 35.46187611669302 1930.7748310919851
leaf_count=30309 49190 23045 1654 15627 25734 36969 457 3333 289 9758 2225 358 89 2236 33637 6227 7855 1355 2327 31756 434 292 1691 817 3087 629 300 1255 237 27809
internal_value=-0.000196505 0.000606065 -0.00605577 -0.0029782 0.00164069 5.34638e-05 -0.00459899 0.00129458 0.00332967 0.0102165 0.00877232 0.0169384 0.0287092 0.00491071 -0.00262229 -0.0102347 -0.00126999 0.00876299 0.00449853 0.0015918 0.0253065 0.00389176 0.010495 0.00248679 0.00293013 -0.00654019 0.00927303 0.0136847 0.0336231 0.00410317
internal_weight=15890.7 15272 2051.82 1692.45 13220.2 7754.98 1631.86 6123.12 4030.28 1057.1 1029.49 553.917 279.08 274.838 2092.84 653.856 302.551 247.044 220.901 1038.6 263.046 5465.21 692.938 438.237 4772.28 525.091 318.8 278.122 80.6731 4247.19
internal_count=320981 271791 86164 63119 185627 123776 34448 89328 52358 15389 15100 5342 2748 2594 36970 29709 14082 4139 3682 33410 2659 61851 4592 2901 57259 3716 2084 1784 529 53543
cat_boundaries=0 1
cat_threshold=96
is_linear=0
shrinkage=0.04


Tree=67
num_leaves=31
num_cat=3
split_feature=4 22 22 21 1 22 28 0 20 25 16 0 1 37 0 46 22 44 15 40 46 6 23 32 36 11 4 22 18 20
split_gain=151.38 50.3656 39.4473 39.8348 37.6632 41.92 34.485 32.5828 26.2523 24.3628 24.1975 23.7444 21.3911 21.3619 23.4815 18.1301 18.5997 17.1246 18.1204 20.1718 16.8213 17.348 18.4292 23.5469 23.0805 17.4277 18.5233 18.7057 17.1052 16.6991
threshold=2.6650000810623173 0.013452543411403896 0.050325168296694762 80.860542297363295 1.8149999976158144 0.10209254175424577 6.5000000000000009 3.1049998998641972 79.000000000000014 765.12500000000011 4.5000000000000009 2.1450001001358037 2.054999947547913 77.095466613769545 2.7749999761581425 0 0.26898275315761572 1 3.5000000000000004 0.19029074907302859 2 159.25000000000003 1.0368346571922304 1.0662494897842409 0.10997031256556512 0.52322071790695202 1.075000047683716 0.12127390503883363 1.5000000000000002 159.00000000000003
decision_type=2 8 8 10 8 8 2 8 2 2 2 8 8 8 10 1 10 9 2 10 1 2 10 10 10 10 2 10 10 2
left_child=1 -1 29 7 10 6 8 12 -6 17 -3 -8 -4 14 -10 16 -14 18 20 -20 21 22 24 28 -7 26 -25 -28 -24 -2
right_child=2 4 3 -5 5 9 11 -9 13 -11 -12 -13 15 -15 -16 -17 -18 -19 19 -21 -22 -23 23 25 -26 -27 27 -29 -30 -31
leaf_value=-0.018293895570717814 0.0068325736894591059 0.0043704751175134586 0.026414056596521053 0.10012801174986569 0.033425959969435329 0.012580755860944355 -0.0023030940893815632 -0.024410610625724458 -0.0012143957091670127 0.045988964323565668 -0.023654131007203875 -0.014113156981401805 -0.019045757360274706 0.012572500787421805 -0.015992787058261137 -0.0006546009304135217 0.059321341618080434 0.008876274335506756 0.010374687545310781 -0.0038762570365424983 -0.0020320882576199818 -0.01785920402390094 0.012792790297061938 -0.0080070272468576488 -0.013393789720998106 0.031594417966644521 -0.0045833525492799199 0.0098900890887013409 0.045526938878522917 -0.028449503108728982
leaf_weight=212.15777026675642 22.4606504868716 4984.5495256576687 31.849169593304396 4.2791219851933411 34.13500577583909 78.738618475850672 478.61723952135071 185.98472468415275 3131.5354581016582 19.407931174151599 48.767404226586223 635.33601438230835 174.18196941097267 167.43476857920177 181.12491135671735 282.44052550685592 4.0094995261169961 534.45347876427695 613.6667451702524 213.25606132508256 2219.6319221754093 56.976497449912131 80.948005486745387 177.38726406055503 173.34220250556245 36.048282557167113 188.93019493483007 574.83000426227227 37.569979208055884 315.42325912835076
leaf_count=8229 1365 50803 844 98 266 2082 9221 17962 61838 182 291 24799 10424 3766 9791 17744 135 5119 11029 3401 36779 938 593 2844 3167 305 2365 5835 438 28585
internal_value=-1.34967e-05 0.00100889 -0.0149083 -0.00934411 0.00128961 -0.000175243 -0.00291932 -0.0101868 -0.000973124 0.00236142 0.00409351 -0.00904909 -0.0047685 -0.00132119 -0.00202822 -0.00698575 -0.0169389 0.0021816 0.00135211 0.00669442 0.000134361 0.00355935 0.00448033 0.00672461 -0.00524706 0.00466436 0.00359619 0.00630327 0.023497 -0.0260791
internal_weight=15899.5 14878.8 1020.63 682.745 14666.7 9633.37 4628.18 678.466 3514.23 5005.19 5033.32 1113.95 492.481 3480.1 3312.66 460.632 178.191 4985.78 4451.33 826.923 3624.4 1404.77 1347.79 1095.71 252.081 977.196 941.147 763.76 118.518 337.884
internal_count=321238 244081 77157 47207 235852 184758 109681 47109 75661 75077 51094 34020 29147 75395 71629 28303 10559 74895 69776 14430 55346 18567 17629 12380 5249 11349 11044 8200 1031 29950
cat_boundaries=0 1 2 3
cat_threshold=4 8 8
is_linear=0
shrinkage=0.04


Tree=68
num_leaves=31
num_cat=2
split_feature=0 1 22 46 21 6 25 17 23 22 24 11 1 43 37 4 15 14 31 19 24 25 40 25 1 14 11 21 23 24
split_gain=146.758 71.8286 38.2369 37.4242 36.3533 36.6847 38.3084 35.6198 51.581 30.6148 29.8382 25.5737 22.108 20.8629 24.2943 28.7633 26.3702 24.065 22.7283 32.3154 32.2934 27.1117 22.38 24.5405 21.4418 21.7219 20.8245 19.79 22.5625 28.0556
threshold=3.0649999380111699 2.5249999761581425 0.038171408697962768 0 78.926559448242202 192.75000000000003 391.50000000000006 4.5000000000000009 1.0326827168464663 0.11901463195681573 0.030085007660090927 0.1338305398821831 2.8449999094009404 1 71.927177429199233 1.0000000180025095e-35 3.5000000000000004 97.014999389648452 74.505519866943374 145.50000000000003 0.042066721245646484 229.62500000000003 0.18438576906919482 59.375000000000007 1.0549999475479128 88.184997558593764 0.45538558065891271 73.712642669677749 1.1079552769660952 0.099169462919235243
decision_type=10 10 10 1 10 2 2 10 10 10 10 10 10 9 8 2 2 10 8 10 8 2 10 2 8 10 10 10 10 8
left_child=1 4 11 -4 7 26 -7 13 -9 10 -10 -3 -2 -1 24 17 22 -16 -18 -20 -21 -22 -17 -24 -15 -26 -6 28 29 -12
right_child=12 2 3 -5 5 6 -8 8 9 -11 27 -13 -14 14 15 16 18 -19 19 20 21 -23 23 -25 25 -27 -28 -29 -30 -31
leaf_value=-0.0069243104501355195 -0.012991855639913476 -0.024206994328407699 -0.013058966659449184 0.00024888488356789918 -0.015652992055440455 -0.01916249662627106 0.08372583935665795 -0.02226353649978273 0.065645673178755012 0.013903216168483445 0.00079145314759728207 0.0062773265573603911 -0.029565366293023199 0.0066505564527034565 0.0043782293893432347 0.0047222939847149379 0.01040434825879185 -0.01195943667992534 0.060071098552033679 0.06008305771655631 -0.0066417172516728875 0.03130524975499549 0.065971163600353308 0.013787943593780435 0.0025413664254637859 -0.0022105459220669206 0.02506210573748599 -0.023281497531575535 -0.014115336784115362 0.09391327251962274
leaf_weight=338.09511020523496 278.1649685993325 267.73316891258582 498.00745882303454 1046.7365989482496 347.95514477556571 9.719194669742139 12.117834271863101 213.67435380350798 8.708855966338886 186.92203304730356 504.02433438319713 51.991048772353679 245.66889490536414 1355.716080884682 448.23891973309219 1375.5821644393727 364.15078523103148 211.43332333676517 38.282548001967371 24.164778683334589 67.703445540741086 52.69283655565232 18.230454484932125 62.251305798999965 5400.8546219861601 2150.7466985119972 20.376018455252051 82.80969812697731 198.26842042244971 4.2321315896697334
leaf_count=6426 18605 18786 16892 35489 12244 327 165 10551 220 1774 9841 1219 24787 11258 8871 25229 4337 3562 936 387 2058 509 286 730 63663 37002 248 2210 2500 114
internal_value=-1.38183e-05 0.000696518 -0.00666017 -0.0040445 0.00171349 -0.0103014 0.0389234 0.00207221 -0.00449654 -0.000619516 -0.00403926 -0.0192333 -0.0208137 0.00273406 0.00302059 0.00637569 0.00876064 -0.000862321 0.0162473 0.0277425 0.0187999 0.0100543 0.00593618 0.026322 0.00201996 0.00118735 -0.013328 -0.00489525 -0.00270474 0.0017576
internal_weight=15885.3 15361.4 1864.47 1544.74 13497 390.168 21.837 13106.8 1198.64 984.965 798.043 319.724 523.834 11908.1 11570 2662.73 2003.06 659.672 546.994 182.844 144.561 120.396 1456.06 80.4818 8907.32 7551.6 368.331 789.335 706.525 508.256
internal_count=321226 277834 72386 52381 205448 12984 492 192464 27210 16659 14885 20005 43392 165254 158828 46905 34472 12433 8227 3890 2954 2567 26245 1016 111923 100665 12492 14665 12455 9955
cat_boundaries=0 1 2
cat_threshold=4 8
is_linear=0
shrinkage=0.04


Tree=69
num_leaves=31
num_cat=2
split_feature=0 4 22 1 22 5 21 33 20 15 20 42 25 21 25 20 25 22 20 1 43 14 6 21 21 21 35 1 37 25
split_gain=147.249 64.92 54.0214 33.4577 29.5536 28.5188 28.7322 21.6568 20.5239 22.7879 30.0972 36.8226 27.8642 26.4971 48.3853 27.9319 21.5491 22.8367 20.2362 19.6457 19.5259 21.9929 18.9057 21.7095 18.7291 24.5409 44.3034 22.9738 21.4429 20.2407
threshold=3.1049998998641972 2.4150000810623173 0.037652041763067252 1.3049999475479128 0.013452543411403896 32.500000000000007 84.929595947265639 3.3321957588195805 79.000000000000014 3.5000000000000004 218.00000000000003 0 415.37500000000006 74.235458374023452 309.75000000000006 184.00000000000003 54.625000000000007 0.23492708802223208 177.50000000000003 2.6149998903274541 1 73.90000152587892 206.25000000000003 78.926559448242202 68.111885070800795 67.32593154907228 15.250000000000002 2.3349999189376835 72.723136901855483 115.62500000000001
decision_type=10 2 8 8 8 2 10 10 2 2 2 9 2 8 2 2 2 10 2 8 9 10 2 10 8 10 2 8 10 2
left_child=1 3 18 -1 -5 24 20 19 16 10 -10 12 -12 -11 15 -15 -6 -18 -3 -2 -7 -22 -21 -24 25 29 -27 -26 -28 -4
right_child=7 2 5 4 8 6 -8 -9 9 13 11 -13 -14 14 -16 -17 17 -19 -20 22 21 -23 23 -25 27 26 28 -29 -30 -31
leaf_value=0.005697216752436598 -0.0084622788919499117 0.0015792437357735926 0.011848351494162732 -0.017714457001871572 0.016524155704949688 -0.017630259163826458 0.077423762922774031 0.060331187798870096 0.00018310072329903463 0.0029562237070849501 -0.01665028314512379 -0.012513103862448504 0.078819416814128782 0.032910499115654808 0.064543290340941112 -0.0029201770692169992 0.013099884581016503 -0.0072451541711654093 -0.02472312800440403 -0.029262484816147332 0.018989588773045199 -0.0087110624805948975 -0.013606397638739914 0.13326697798204187 0.010663638610170056 0.0097609027338533792 0.018370641058766145 -0.0079603053035541792 0.11116118237402196 -0.0069671618197570786
leaf_weight=2578.169113741722 110.28730699233711 55.285987836308777 189.12463167915121 137.71527360100299 265.28324533998966 311.73550165980123 4.9350635465234509 4.0566059923730782 8030.9646356692538 1430.5714202886447 7.3605158044956651 454.18009085394442 11.73573705460876 52.642121270298958 30.222146330401301 98.260589124867693 153.62912161275744 204.58372122049332 290.2942209916655 336.9063683853019 57.551615802571177 210.1479975299444 3.9694928415119639 1.4987245514057574 136.13572468142956 56.842671965947375 6.6610589788761017 464.52488299575634 11.617626351304351 175.1539003609214
leaf_count=22956 4322 2474 6324 5034 2232 15320 113 198 121769 20178 238 12313 151 1321 310 3327 704 1005 22013 34060 1828 12172 389 64 3271 1834 322 21214 249 3570
internal_value=-5.54436e-05 0.000607705 -0.00617182 0.00160099 0.00062927 -0.00310804 -0.0101711 -0.0224139 0.000866498 0.000431585 -0.000394632 -0.0101862 0.0428248 0.0047912 0.0191666 0.00968732 0.00790436 0.0014814 -0.0205113 -0.0232956 -0.0110561 -0.00259581 -0.0280236 0.04041 0.000862526 0.00713283 0.0277967 -0.00372196 0.0802611 0.00279614
internal_weight=15882 15425.3 1970.01 13455.3 10877.1 1624.43 584.37 456.718 10739.4 10115.9 8504.24 473.276 19.0963 1611.7 181.125 150.903 623.496 358.213 345.58 452.662 579.435 267.7 342.375 5.46822 1040.06 439.4 75.1214 600.661 18.2787 364.279
internal_count=321275 282242 90704 191538 168582 66217 29433 39033 163548 159607 134471 12702 389 25136 4958 4648 3941 1709 24487 38835 29320 14000 34513 453 36784 12299 2405 24485 571 9894
cat_boundaries=0 1 2
cat_threshold=8 96
is_linear=0
shrinkage=0.04


Tree=70
num_leaves=31
num_cat=3
split_feature=0 4 22 6 15 14 23 11 21 38 21 12 22 20 2 33 15 1 46 23 43 43 19 15 6 16 0 6 10 11
split_gain=138.115 56.1521 49.4885 29.1088 27.648 35.8455 26.9937 26.329 25.9244 25.727 24.8318 25.4391 24.7421 22.1568 21.8648 20.4342 20.2772 21.4086 19.6846 22.4734 21.9595 18.9949 24.3734 20.968 18.6167 18.4622 18.5906 19.5966 18.2113 20.256
threshold=3.1049998998641972 2.3950001001358037 0.037652041763067252 108.25000000000001 3.5000000000000004 88.345001220703139 1.0668813586235049 0.35620281100273138 84.929595947265639 1.0314981341362002 76.617176055908217 28.500000000000004 0.054964337497949607 177.50000000000003 0.79500001668930065 4.4095704555511483 1.0000000180025095e-35 2.5849999189376835 0 1.0298770666122439 1 2 167.50000000000003 3.5000000000000004 206.25000000000003 4.5000000000000009 1.5049999952316286 221.25000000000003 12.750000000000002 0.64760348200798046
decision_type=10 2 8 2 2 8 8 10 10 8 10 8 10 2 10 10 2 10 1 8 9 9 10 2 2 2 10 2 2 10
left_child=1 7 13 4 5 -4 9 10 21 -6 16 12 -12 -3 15 24 -1 18 19 -18 -20 -5 23 -23 -2 26 -22 -28 -9 -30
right_child=14 2 3 8 6 -7 -8 28 -10 -11 11 -13 -14 -15 -16 -17 17 -19 20 -21 25 22 -24 -25 -26 -27 27 -29 29 -31
leaf_value=0.03008131205153157 -0.028418709341101151 0.0032159473417282852 0.0041639309503477542 -0.019179584327732365 -0.01098140215600606 -0.010666088203327847 0.0063841327633751997 -0.0022127669238409158 0.072680869582709265 0.059650860148344115 -0.0098271723172715514 0.09206253695759406 0.025516331346855551 -0.02339247416532882 -0.0047306724570318906 0.10589836262989837 -0.025627886401524736 -0.0059412434996721983 -0.010828676641023096 0.00012574863924516675 0.0077919848626879012 0.0021267856603409238 -0.020131569634676803 0.052832548815550606 0.040899995334430977 -0.035811927751568454 0.0022106887894809027 0.067736586680685676 0.0060674844883928337 0.020682805958881785
leaf_weight=37.845065765548497 345.13978789630346 59.486549436114728 597.00290975347161 257.56950023630634 10.61140438960865 461.25261085131206 185.39272764697671 370.00708294752985 4.8341531418263903 31.098316790303215 559.84826178918593 3.1060933209955683 32.587829284369946 299.97778615262359 93.769307376118377 0.88279146607965131 53.796282078605145 643.56993584916927 157.94534824462608 5086.5037149609998 1467.5276999166235 118.39840876217932 79.217059123562649 13.709214136935769 5.4246483447495839 17.64633297547698 3228.3642261521891 6.324808729812502 1447.6915239128284 169.16795515455306
leaf_count=827 34967 2601 18826 12667 785 19585 5586 3059 103 1299 17783 57 461 22788 3545 33 1968 15712 2718 68844 14214 4275 5870 354 443 116 47222 87 13132 1159
internal_value=-6.63855e-05 0.000568973 -0.00547672 -0.00270561 0.000417267 -0.00230009 0.0130518 0.00153394 -0.0111703 0.0417512 0.000786354 -0.0071554 -0.00783659 -0.0189813 -0.022005 -0.0265762 0.0012294 0.0011238 0.00157861 -0.000147933 0.00339854 -0.0121961 -0.00259006 0.00777611 -0.0272214 0.00389237 0.00405808 0.00236094 0.00577932 0.00761096
internal_weight=15845.7 15400.5 2118.55 1759.09 1285.36 1058.26 227.102 13281.9 473.728 41.7097 11295.1 595.542 592.436 359.464 445.217 351.447 10699.5 10661.7 10018.1 5140.3 4877.81 468.894 211.325 132.108 350.564 4719.86 4702.22 3234.69 1986.87 1616.86
internal_count=321086 282098 94739 69350 46081 38411 7670 187359 23269 2084 170009 18301 18244 25389 38988 35443 151708 150881 135169 70812 64357 23166 10499 4629 35410 61639 61523 47309 17350 14291
cat_boundaries=0 1 2 3
cat_threshold=4 8 96
is_linear=0
shrinkage=0.04


Tree=71
num_leaves=31
num_cat=2
split_feature=4 22 1 28 2 11 20 11 16 21 11 15 20 25 21 21 25 40 10 20 20 43 22 25 25 8 23 46 7 35
split_gain=128.151 42.9959 34.8942 29.5692 31.643 26.1788 25.8527 28.2867 25.3973 25.2479 27.1306 24.1092 40.6251 38.6331 46.1831 33.0146 44.4221 29.646 22.7315 21.5484 20.9983 20.1374 49.6649 40.5524 55.1007 42.0802 28.4266 30.9505 30.2858 33.745
threshold=2.7549999952316289 0.012240967713296415 2.5249999761581425 6.5000000000000009 0.84499999880790722 0.64760348200798046 159.00000000000003 0.061868429183959968 4.5000000000000009 68.308303833007827 0.084764186292886748 3.5000000000000004 218.00000000000003 415.37500000000006 84.929595947265639 74.235458374023452 309.75000000000006 0.14388050138950351 29.750000000000004 184.00000000000003 177.50000000000003 0 0.17265895754098895 677.12500000000011 252.12500000000003 108.25000000000001 1.0362150073051455 1 77.500000000000014 8.7500000000000018
decision_type=2 8 10 2 8 10 2 10 2 10 10 2 2 2 10 8 2 10 2 2 2 9 8 2 2 2 10 1 2 2
left_child=1 -1 5 4 -2 8 9 -8 11 10 -4 12 21 -14 -15 -13 19 -18 -7 20 -17 22 23 24 -3 -25 -23 -28 -29 -30
right_child=3 2 6 -5 -6 18 7 -9 -10 -11 -12 15 13 14 -16 16 17 -19 -20 -21 -22 26 -24 25 -26 -27 27 28 29 -31
leaf_value=-0.019237826292973277 -0.016535824516009507 -0.0010275647621930317 0.046851446626091663 -0.027600993543344193 0.0072801264048439123 0.0083654115671922442 -0.012890097163174741 -0.0011794662731919208 -0.026256479835527285 -0.0024486736955696819 0.0042866959029226196 0.0038117974710102339 -0.014830864145044522 0.0012068184024299001 0.076858992885103755 0.0077266430461309377 0.030532318527551734 0.10173546919718626 0.038461372937047662 0.00091742266357801631 0.054465538085201798 -0.0047738753146841072 0.0078344123914013339 -0.011396466869011787 -0.014239024934617338 0.057043722162355065 0.0073108586320887285 0.00046052232652300736 -0.005624278887555333 0.024496762144611241
leaf_weight=168.10330802947283 350.70910911774263 2148.8830377960112 41.75745162111707 248.88237514952198 118.70223752362654 198.23272641561925 640.08309116447344 682.31446628528647 51.643947539851069 173.85934453713708 55.538116279989481 1761.0391435350757 447.41988603631034 90.541218062862754 14.087760780937968 33.044026848860085 28.060569532215595 14.385167693719266 49.857606839388609 115.10888754785992 28.818855098914355 729.44768073456362 797.04607814061455 23.600926282815635 659.69965012557805 34.349107310175896 2246.4367324614432 3635.9693126857746 88.693407397484407 176.74239912466146
leaf_count=7288 29608 36862 1014 25013 8264 1337 33293 13248 325 5415 620 23598 13316 1332 153 856 319 142 409 4471 803 23323 12027 380 7631 274 25115 41677 1035 1921
internal_value=3.35426e-05 0.000817741 0.00104454 -0.0164625 -0.0105022 0.00171155 -0.00454807 -0.00685627 0.00146729 0.00667795 0.0228862 0.00157912 0.000852654 -0.00971406 0.0120621 0.00564368 0.0202442 0.0565419 0.0145598 0.0112471 0.0300837 0.00140731 -0.000987476 -0.00344714 -0.00413615 0.0293822 0.0026811 0.00357128 0.00141568 0.0144337
internal_weight=15853.1 15134.8 14966.7 718.294 469.411 13373.1 1593.55 1322.4 13125 271.155 97.2956 13073.4 11092.9 552.049 104.629 1980.46 219.418 42.4457 248.09 176.972 61.8629 10540.9 3663.58 2866.53 2808.58 57.95 6877.29 6147.84 3901.41 265.436
internal_count=321069 258184 250896 62885 37872 197306 53590 46541 195560 7049 1634 195235 165046 14801 1485 30189 6591 461 1746 6130 1659 150245 57174 45147 44493 654 93071 69748 44633 2956
cat_boundaries=0 1 2
cat_threshold=76 8
is_linear=0
shrinkage=0.04


Tree=72
num_leaves=31
num_cat=2
split_feature=0 4 5 19 22 37 1 11 4 14 30 22 6 17 43 16 23 6 1 20 15 46 19 6 1 23 32 28 37 0
split_gain=112.466 52.9287 49.9322 29.3436 26.7589 30.5581 25.6346 25.6167 23.3873 39.1303 30.6958 30.4911 29.0697 23.4506 29.2192 28.9564 25.1153 24.8635 23.2765 21.4901 25.1684 21.1136 27.9539 20.3904 20.3618 20.2673 27.2885 19.739 19.7192 18.7206
threshold=3.0049999952316289 2.2949999570846562 42.500000000000007 55.000000000000007 0.037285478785634048 73.031944274902358 2.8349999189376835 0.50084745883941661 1.5149999856948855 80.704998016357436 0.14454716444015506 0.10032052919268609 216.25000000000003 4.5000000000000009 0 3.5000000000000004 1.0326827168464663 9.5000000000000018 2.0649999380111699 159.00000000000003 1.5000000000000002 1 128.50000000000003 161.25000000000003 1.3049999475479128 1.0013249516487124 1.0393751263618471 2.5000000000000004 71.026115417480483 2.2350000143051152
decision_type=10 2 2 10 8 10 10 10 2 10 8 8 2 10 9 2 10 2 10 2 2 1 10 2 10 10 10 2 10 10
left_child=1 7 4 -4 -3 -6 -2 8 9 10 23 -12 18 14 19 17 -15 -16 -11 -10 -21 22 25 -1 -23 -19 -27 -9 -24 -5
right_child=6 2 3 29 5 -7 -8 27 13 12 11 -13 -14 16 15 -17 -18 21 -20 20 -22 24 28 -25 -26 26 -28 -29 -30 -31
leaf_value=-0.0023828755048903006 -0.010056551717625069 -0.012836698011050673 0.0028682266828385255 -0.0067118484139754029 -0.002107420296331936 0.010638528757376154 -0.027331253799241197 -0.017582045769460489 0.0044291872820766392 -0.0036379722864849917 0.038522777200119207 0.0069224613836640541 0.056539936613380679 -0.016376140326377117 -0.013227618189670717 -0.011304385511734792 -0.00024923888902549123 -0.010839043796398209 -0.015182730331294343 0.029128237939181841 -0.013677048359256741 0.0074600704294435797 0.00062753089283233308 0.066064190734479139 0.00071548297344996336 0.066049386566021301 0.012399851291971556 0.011565340751653646 0.010627328040960424 -0.02189438139850992
leaf_weight=882.55655375937931 309.2305009313859 283.80219044955447 144.85320881358348 191.84103321190923 1606.9929415769875 369.23189521301538 250.78790814080276 38.839457594789565 228.33716925838962 1692.7313229148276 51.831631112610921 677.29941850481555 11.132666977122424 192.18092573597096 123.91627095686272 191.7288701236248 774.69244514126331 58.417415247298777 334.44360689353198 22.434886193834245 357.26306883990765 1017.8253830219619 1013.5111364643089 6.0164794437587252 2417.2539849386085 14.47357826400548 1135.4617598447949 558.89831854309887 457.8693577744998 415.43631449271925
leaf_count=12424 21629 15558 5214 5294 48499 8850 27648 304 2169 27747 505 6968 167 7800 1182 1195 11121 1806 10863 386 6167 12357 13410 96 27216 130 10121 4406 5122 24919
internal_value=-0.000245168 0.000400723 -0.00434876 -0.0132694 -0.00137367 0.000276148 -0.0178346 0.00156829 0.0011535 -0.00149627 0.00314625 0.00922399 -0.0051825 0.00236416 0.00316688 0.00395731 -0.00347245 0.00443505 -0.00555115 -0.00515898 -0.0110675 0.00479574 0.00745734 -0.00184118 0.00271668 0.011965 0.0131354 0.00963854 0.00374712 -0.0171237
internal_weight=15831.3 15271.3 3012.16 752.131 2260.03 1976.22 560.018 12259.1 11661.4 3656.01 1617.7 729.131 2038.31 8005.37 7038.49 6430.46 966.873 6238.73 2027.17 608.035 379.698 6114.81 2679.73 888.573 3435.08 1208.35 1149.94 597.738 1471.38 607.277
internal_count=321273 271996 108334 35427 72907 57349 49277 163662 158952 58770 19993 7473 38777 100182 81261 72539 18921 71344 38610 8722 6553 70162 30589 12520 39573 12057 10251 4710 18532 30213
cat_boundaries=0 1 2
cat_threshold=12 8
is_linear=0
shrinkage=0.04


Tree=73
num_leaves=31
num_cat=0
split_feature=0 1 22 5 21 21 20 11 21 21 35 17 21 19 22 20 5 9 15 11 35 16 12 31 24 22 21 25 23 0
split_gain=118.515 50.0906 44.9051 25.3089 25.8379 23.1255 21.9111 21.904 21.6912 32.8135 31.7428 21.2861 37.1566 24.9782 32.1476 31.1763 26.4569 20.6665 20.6456 20.584 19.7629 19.6067 18.8069 27.837 22.552 30.2266 54.5168 26.0788 21.2368 21.5558
threshold=3.0149999856948857 2.304999947547913 0.037652041763067252 28.500000000000004 84.929595947265639 78.926559448242202 79.000000000000014 0.015655637718737129 68.308303833007827 67.32593154907228 15.250000000000002 4.5000000000000009 73.944297790527358 10.500000000000002 0.020898253656923774 159.00000000000003 33.500000000000007 1.5000000000000002 1.5000000000000002 0.1368290111422539 14.750000000000002 4.5000000000000009 2.5000000000000004 74.798877716064467 0.3201736062765122 0.1857978627085686 61.583427429199226 618.00000000000011 1.0013249516487124 1.0000000180025095e-35
decision_type=10 10 10 2 10 10 2 10 10 10 2 8 8 10 8 2 2 2 2 10 2 2 8 10 10 10 8 2 8 8
left_child=1 5 19 8 7 11 20 -5 9 -4 -11 13 -13 14 16 -16 -1 -8 -17 -3 -2 22 28 24 25 26 -24 -27 -15 -30
right_child=6 2 3 4 -6 -7 17 -9 -10 10 -12 12 -14 21 15 18 -18 -19 -20 -21 -22 -23 23 -25 -26 27 -28 -29 29 -31
leaf_value=-0.0052378152691162404 -0.014462656471312816 -0.019983627971005703 0.002781359697631507 -0.016475654917366495 0.059445960560717909 -0.0087101007969709252 -0.023717114000992818 -0.0037314472345677746 -0.0028932232645608393 0.016671216333708543 0.072335742857151511 -0.00015992844017384208 -0.020849618851416393 -0.017390262353548007 0.0034596669649763884 0.02191907285476381 0.10826360684364424 -0.0051338984562886462 -0.011489675433937252 0.00045460421842168151 0.11307196903213679 -0.022593014036975698 -0.027651797285098947 0.020550832364385513 -0.0086030794953269717 0.012704647406494097 0.0039699106406065419 -0.025121912002824213 0.018963185338527311 0.00084182587796110143
leaf_weight=5.5658053259830904 3.4166453410871318 358.79750095657073 509.56753283110447 272.27531182765961 8.6036742972210032 330.83081279462203 410.3307658827398 1037.5986967042554 714.24148759199306 103.21963384817354 18.844785779481754 856.21200560685247 164.86939819995314 97.642472087871283 518.21505222097039 30.175841669552028 6.5187534019351006 126.41820034151897 589.18400914384983 100.42516220873222 2.8639332056045532 45.976370762102306 87.798138081096113 169.54146593390033 212.81093452032655 856.72450553812087 4897.4924511015415 29.217370796948671 107.6800858490169 3161.0808225173969
leaf_count=130 90 24058 9483 16178 147 10754 43157 25176 19813 2090 447 14249 6938 3631 6547 683 80 5236 11834 2372 91 286 801 1900 1312 7697 64645 198 711 40554
internal_value=-0.000109809 0.000542624 -0.0039747 -0.00197921 -0.00591671 0.00170284 -0.0184562 -0.0063941 0.0018767 0.00727283 0.0258154 0.00199493 -0.00352164 0.00251639 -0.00305368 -0.00377082 0.0592773 -0.0193654 -0.00982281 -0.0155141 0.0506864 0.00317954 0.00330547 0.0046031 0.00415473 0.00461922 0.00340677 0.0114257 0.000893099 0.00144562
internal_weight=15834.1 15291.1 3123.57 2664.35 1318.48 12167.5 543.03 1309.87 1345.87 631.632 122.064 11836.7 1021.08 10815.6 1149.66 1137.57 12.0846 536.749 619.36 459.223 6.28058 9665.96 9619.99 6253.58 6084.04 5871.23 4985.29 885.942 3366.4 3268.76
internal_count=321288 272714 99764 73334 41501 172950 48574 41354 31833 12020 2537 162196 21187 141009 19274 19064 210 48393 12517 26430 181 121735 121449 76553 74653 73341 65446 7895 44896 41265
is_linear=0
shrinkage=0.04


Tree=74
num_leaves=31
num_cat=1
split_feature=0 1 22 5 7 21 9 8 22 9 23 46 19 15 20 21 32 8 24 23 24 37 30 23 23 15 21 0 33 14
split_gain=105.103 47.7054 31.8361 27.4631 35.9056 28.3362 31.0171 27.3283 25.4892 22.1739 21.7304 23.9837 34.3669 26.1083 32.2328 29.2658 22.9933 21.9736 20.916 23.7512 25.6613 20.6273 19.8944 19.8624 32.0622 28.4599 19.7755 25.9169 18.2786 18.1591
threshold=3.1049998998641972 2.5849999189376835 0.066482517868280425 34.500000000000007 43.500000000000007 78.926559448242202 13.500000000000002 204.25000000000003 0.017273891717195514 1.5000000000000002 1.0116243958473208 0 5.0000000000000009 3.5000000000000004 218.00000000000003 77.913887023925795 1.0658542513847353 26.500000000000004 0.0313829854130745 1.0826513767242434 0.084386415779590621 70.765880584716811 0.056657532230019576 1.1594945192337038 1.1873807907104494 4.2500000000000009 73.944297790527358 1.8149999976158144 4.4095704555511483 77.045001983642592
decision_type=10 10 10 2 2 10 2 2 8 2 8 1 8 2 2 10 10 2 8 8 8 10 10 8 8 2 10 10 10 10
left_child=1 3 29 4 5 10 -7 8 -5 28 -1 12 -12 14 -13 18 -14 22 26 -20 -21 -19 -18 -22 25 -25 -15 -28 -2 -3
right_child=9 2 -4 7 -6 6 -8 -9 -10 -11 11 13 16 15 -16 -17 17 21 19 20 23 -23 -24 24 -26 -27 27 -29 -30 -31
leaf_value=-0.0093429454964867615 -0.025730216876670313 0.00020139740978051767 -0.0019109105845409116 -0.024243434455893477 0.0092342288198434784 -0.014341167327680765 0.10003692262142291 0.0025179102827287293 -0.0034968429877935032 -0.0032081104022414482 -0.028388330170841854 3.4180455948695196e-05 0.013072202394637578 0 -0.01908867537818304 0.093244276939340356 -0.027982408341171699 0.0035129056123988319 -0.011405100970974557 0.044524312802000476 -0.0050146921327512486 0.012962574889087548 -0.00025198346804275121 0.048058888458402144 0.0061069033035595034 -0.014582819065121757 0.0093273114263412518 0.12438392155907703 0.095929984769664509 -0.01746050046376247
leaf_weight=270.30472084437497 318.01261607580818 116.89680107054301 991.0926480893977 97.963920364389196 1054.5188015480526 225.13238465460017 2.8625486791133872 1505.6586407329887 2295.6161902048625 98.086745499866083 47.683779326500371 4456.6194562388118 527.6346246143803 9.325046725803988 144.62546831648797 5.3620612714439622 43.038082585902885 1263.9985065248329 108.34404940600507 29.77918520802632 156.74750697799027 523.16795746213757 695.29275108501315 57.593878142070025 299.53910614363849 13.861768953502176 5.7488657906651479 6.6252280781045556 1.0172870904207219 448.45127795566805
leaf_count=9618 35040 4307 33031 4259 10858 8601 31 18624 50580 3952 732 59279 5865 312 4109 84 1067 13020 2448 465 1956 6322 11505 521 4550 150 101 157 31 29739
internal_value=-0.000140687 0.000396166 -0.00624082 0.00114286 0.00225825 0.00142968 -0.0124571 -0.00170156 -0.0043574 -0.019929 0.00179692 0.00215715 0.00495033 0.000519796 -0.000570034 0.00775275 0.00548145 0.00388943 0.00694578 0.00564264 0.0089772 0.0062871 -0.00190949 0.00688339 0.0119211 0.0358182 0.0447478 0.0759232 -0.0250312 -0.0138076
internal_weight=15820.6 15403.5 1556.44 13847 9947.81 8893.29 227.995 3899.24 2393.58 417.117 8665.29 8394.99 3100.82 5294.17 4601.24 692.927 3053.13 2525.5 687.565 665.865 557.521 1787.17 738.331 527.742 370.995 71.4556 21.6991 12.3741 319.03 565.348
internal_count=321314 282291 67077 215214 141751 130893 8632 73463 54839 39023 122261 112643 38511 74132 63388 10744 37779 31914 10660 10090 7642 19342 12572 7177 5221 671 570 258 35071 34046
cat_boundaries=0 1
cat_threshold=8
is_linear=0
shrinkage=0.04


Tree=75
num_leaves=31
num_cat=3
split_feature=4 0 25 19 23 21 6 6 1 43 15 15 23 22 46 25 23 24 35 29 7 22 17 7 46 25 25 17 23 15
split_gain=98.0947 37.1062 43.0845 76.0825 43.6575 34.3883 34.0198 33.063 29.8564 31.4009 28.9388 27.5995 30.4549 27.4886 27.1573 26.7912 29.7495 27.726 30.2118 30.3994 26.9202 31.8513 26.0587 25.7262 25.5828 23.8869 32.2266 31.6673 23.8156 30.1606
threshold=2.7549999952316289 2.0949999094009404 167.62500000000003 190.50000000000003 1.0593760013580324 60.947811126708991 122.25000000000001 183.25000000000003 2.3850001096725468 0 2.5000000000000004 3.5000000000000004 1.1806011199951174 0.18043268471956256 1 94.875000000000014 1.0601473450660708 0.058036511763930328 12.750000000000002 9.7500000000000018 63.500000000000007 0.17500815540552142 2.5000000000000004 63.500000000000007 2 309.75000000000006 431.12500000000006 1.5000000000000002 1.2276534438133242 2.5000000000000004
decision_type=2 10 2 8 8 8 2 2 10 9 2 2 10 10 1 2 8 10 2 2 2 10 8 2 1 2 2 10 10 2
left_child=1 14 4 7 -3 -2 11 8 9 13 -9 -5 25 24 -1 16 -6 18 19 -17 21 -19 -18 -8 -4 -13 27 -27 29 -23
right_child=5 2 3 6 15 -7 23 10 -10 -11 -12 12 -14 -15 -16 17 22 20 -20 -21 -22 28 -24 -25 -26 26 -28 -29 -30 -31
leaf_value=0.0047166726304320701 0.029537364787648485 -0.0088959338259405347 0.006702090031083882 -0.010383256545862514 0.076683074068879725 -0.016575852103952852 -0.013504750731053552 -0.021999323078201686 -0.020516870453537922 -0.015578110358496476 0.07453014829357138 0.0069023923819393164 -0.013341656649068192 0.021082120280809614 0.00045997938859796734 0.022766368511375507 0.0043725478614192988 -0.00043610484042478362 0.019361705435755775 0.18313158832961865 0.029441076055772553 0.1090148568157389 -0.0050568155242403205 0.018104141291114786 -0.012424742128880204 -0.0021933569567860862 0.016559596751207266 0.077831930337432603 0.011102743519638317 0.026044204984640013
leaf_weight=3911.4246475091204 25.98533572209999 608.81496270908974 183.06353547051549 35.250694608315825 7.2034276528283945 656.82757737860084 123.24020568467677 7.2489739367738375 439.67607400938869 454.00990967545658 12.322892305441201 33.842835772782564 22.866969118826091 74.516537498682737 6202.4099185867235 3.8731371380854425 1096.5866037451196 399.46975476574153 17.75474195741117 3.6019605488982052 82.959755493793637 9.2016015355475229 817.62726758234203 60.603150446899235 284.06803872808814 9.2549853250384313 37.057589093223214 48.022409559227526 84.192103466484696 26.23164800228551
leaf_count=44619 1227 34094 3268 1144 236 61867 4299 258 16684 7231 253 831 322 547 76575 169 23150 7644 499 99 1173 177 25708 961 5175 124 686 777 954 342
internal_value=4.34391e-05 0.000714855 -0.00210986 -0.00700075 0.000717129 -0.0147745 0.00916732 -0.0111202 -0.0118367 -0.00798289 0.0392519 0.0211693 0.0285791 -0.00128153 0.00210691 0.00301758 0.000670337 0.0101885 0.0505086 0.113003 0.00841124 0.00499249 0.000342313 -0.00302181 -0.00492231 0.0361342 0.0463968 0.0650169 0.0230069 0.0501013
internal_weight=15779.2 15096.4 4982.56 1825.04 3157.52 682.813 370.139 1454.91 1435.33 995.658 19.5719 186.295 151.045 541.648 10113.8 2548.7 1921.42 627.285 25.2298 7.4751 602.055 519.095 1914.21 183.843 467.132 128.178 94.335 57.2774 119.625 35.4332
internal_count=321093 257999 136805 42560 94245 63094 9144 33416 32905 16221 511 3884 2740 8990 121194 60151 49094 11057 767 268 10290 9117 48858 5260 8443 2418 1587 901 1473 519
cat_boundaries=0 1 2 3
cat_threshold=16 8 4
is_linear=0
shrinkage=0.04


Tree=76
num_leaves=31
num_cat=1
split_feature=0 21 1 25 4 38 15 22 25 39 4 32 36 25 25 20 25 21 23 23 46 22 25 21 4 25 24 21 28 25
split_gain=91.5374 46.1369 45.0928 42.1851 35.2174 30.5588 27.8369 26.9771 26.2007 24.5141 21.945 23.2198 24.0946 21.5049 29.4235 32.0162 70.1169 77.3732 50.4803 45.8341 39.3498 33.3463 62.9461 30.8671 29.6432 28.5056 69.0459 27.6077 25.1394 24.8402
threshold=3.1049998998641972 68.252796173095717 1.9950000047683718 31.125000000000004 2.4450000524520878 1.0353382825851443 1.5000000000000002 0.037652041763067252 64.125000000000014 2.246910929679871 2.435000061988831 1.1013910770416262 0.1167615056037903 765.12500000000011 510.25000000000006 184.00000000000003 276.37500000000006 67.372478485107436 1.1789435744285586 1.0949401855468752 0 0.14350003749132159 243.87500000000003 61.407785415649421 1.3149999976158144 335.87500000000006 0.3201736062765122 67.059993743896499 5.5000000000000009 162.12500000000003
decision_type=10 10 8 2 2 10 2 10 2 8 2 10 10 2 2 2 2 10 10 10 1 10 2 10 2 2 10 10 2 2
left_child=1 3 8 5 9 6 -1 -6 -3 -4 -7 -12 -13 14 15 21 19 23 20 -17 -19 22 28 24 -18 29 -27 -15 -5 -23
right_child=-2 2 4 13 7 10 -8 -9 -10 -11 11 12 -14 27 -16 16 17 18 -20 -21 -22 25 -24 -25 -26 26 -28 -29 -30 -31
leaf_value=0.030217615695584329 -0.018782963172239587 -0.0030688034605830484 -0.0034397389357436344 0.0071133466860700658 -0.02248207588689383 0.010803789396866301 0.0002945445457543428 -0.0070645523424446967 0.0050002601378036559 0.011015528125615499 0.057348747643391373 -0.0047028826074626594 0.055056795485422028 -0.00011933941778484752 -0.008428908307544971 0.014936079335357975 0.0061845878800230025 0.10189445072088525 0.09659035407200578 -0.007034881488290564 0.018320136394090487 0.0037965354710717543 -0.017051182888242204 0.007295025690224154 0.076954856158258228 0.020369436833025584 -0.033886621937134626 0.073269654503697962 -0.0043292063362123344 -0.0047570357712785911
leaf_weight=52.165799686452374 404.80726502137259 1006.8507135382388 3273.1738063874654 512.77577013080008 256.02910558343865 905.24005919881165 777.69348113122396 628.82056849892251 1780.2736936360598 198.04839676455595 33.838221177458763 33.920736517524347 14.673506675986571 17.850578932091597 506.30660665594041 216.80714727076702 17.700431168079376 9.9148659976199269 27.482937544584274 501.12949371198192 57.341477722860873 1849.4876998625696 454.41285185469314 336.66599423601292 20.191921234130859 298.05215007252991 41.947428259067237 13.998754836618899 762.97778337798081 767.7240556164179
leaf_count=2314 38956 15728 68210 5947 21542 10899 29443 31872 21530 3376 1491 805 327 171 5853 6127 102 153 253 8571 804 17975 5101 4409 140 2138 416 124 10669 5561
internal_value=-3.09613e-05 0.000463737 -0.00188792 0.00250524 -0.00442995 0.00788293 0.00221446 -0.0115504 0.00208382 -0.00261092 0.0126346 0.0323212 0.0140078 0.000979462 0.000812505 0.00161096 0.00747553 0.0194811 0.0516002 -0.000382839 0.0320115 0.000123432 -0.00428502 0.0112306 0.0450082 0.0027046 0.0135841 0.0332641 0.000268844 0.00128507
internal_weight=15778.3 15373.5 7143.2 8230.3 4356.07 1817.53 829.859 884.85 2787.12 3471.22 987.673 82.4325 48.5942 6412.77 6380.92 5874.61 1187.23 469.298 94.7393 717.937 67.2563 4687.38 1730.17 374.558 37.8924 2957.21 340 31.8493 1275.75 2617.21
internal_count=321007 282051 162258 119793 125000 45279 31757 53414 37258 71586 13522 2623 1132 74514 74219 68366 20559 5861 1210 14698 957 47807 21717 4651 242 26090 2554 295 16616 23536
cat_boundaries=0 1
cat_threshold=4
is_linear=0
shrinkage=0.04


Tree=77
num_leaves=31
num_cat=2
split_feature=0 22 1 46 6 19 15 21 25 20 25 17 19 23 36 25 15 25 17 24 42 25 21 23 23 17 23 11 20 38
split_gain=92.5986 49.0749 34.3049 32.209 34.1556 22.3317 29.1537 22.5872 20.849 38.0221 22.6942 48.3607 44.8138 43.2457 35.1582 30.8891 43.9777 51.2659 42.3252 43.0197 29.6199 27.2681 27.0977 37.5664 26.6813 24.8675 24.6746 24.1883 22.4399 25.2464
threshold=3.1250000000000004 0.0096936672925949114 2.4050000905990605 0 34.500000000000007 111.00000000000001 3.5000000000000004 61.135782241821296 84.125000000000014 79.000000000000014 181.37500000000003 1.5000000000000002 145.50000000000003 1.1261938810348513 0.12356385216116907 510.25000000000006 3.5000000000000004 279.37500000000006 2.5000000000000004 0.11491150408983232 1 690.87500000000011 70.888572692871108 1.1277644634246828 1.0189087986946108 4.5000000000000009 1.1731454730033877 0.2333859130740166 179.00000000000003 1.2745119333267214
decision_type=10 8 10 1 2 8 2 10 2 2 2 8 8 10 8 2 2 2 10 10 9 2 10 8 10 10 10 8 2 10
left_child=1 -1 8 4 -4 7 -7 -5 9 -3 11 22 13 20 -13 16 -14 -18 -19 25 -12 26 24 -24 -10 -20 -17 -22 29 -16
right_child=-2 2 3 5 -6 6 -8 -9 10 -11 12 14 15 -15 28 21 17 18 19 -21 27 -23 23 -25 -26 -27 -28 -29 -30 -31
leaf_value=-0.025504548919297387 -0.019426528882461973 0.010194418715313219 0.0068294604811209719 0.041033014052985366 -0.01399935346652457 -0.0099192306035624025 0.0052511264958569979 0.0033391744742515628 0.041306173848740482 -0.0013730592584605039 0.039470370796847253 0.0066346997515415373 0.0047012426834926388 0.0013528826764852926 0.029219653433750756 -0.012892617819983883 -0.0031916895645491706 0.012382023840618111 0.068297801539681832 0.0096886103353910537 -0.017702925687906816 0.017701664240763526 0.0017831106570801438 0.037281434747448994 -0.006041905559920702 0.018840464886970856 0.011039820495740553 -0.004056631993029176 0.001272014792755729 -0.00091680375911489854
leaf_weight=114.65346163697541 383.28325247671455 498.00634426344186 154.05574167356826 25.409185137599707 671.82406068989076 586.03960728924721 308.41185737634078 721.04060318111442 18.536080590449274 5111.434310416691 18.330590856261551 1221.4802884031087 937.92900772672147 1884.7689411891624 286.99822358018719 291.83389657177031 100.45903494767845 118.7036436824128 82.456026871688664 41.170623255893588 400.48396747466177 84.631229906342924 210.11691150045954 60.853734380565584 741.9999217519071 21.678293390199542 89.131164121441543 434.43291429802775 82.625732871470973 52.227147500962019
leaf_count=5940 37466 3503 4012 303 26600 26554 10265 22418 146 104130 209 16549 11269 13953 2902 3846 1307 1165 688 303 7665 746 4777 714 6232 361 705 4832 897 409
internal_value=-3.19514e-05 0.000452611 0.000649594 -0.00366795 -0.0101056 -0.00042119 -0.00468392 0.00468081 0.00148283 -0.000343751 0.00291009 0.00582839 0.00117595 -0.00202833 0.0100877 0.00613888 0.00929893 0.0210745 0.0303005 0.0447265 -0.00949473 -0.00269301 -0.000956637 0.00987769 -0.00482994 0.0583171 -0.00726863 -0.0106205 0.0200373 0.024579
internal_weight=15755 15371.7 15257.1 2466.78 825.88 1640.9 894.451 746.45 12790.3 5609.44 7180.85 2674.84 4506.01 2738.02 1643.33 1767.99 1302.4 364.468 264.009 145.305 853.247 465.596 1031.51 270.971 760.536 104.134 380.965 834.917 421.851 339.225
internal_count=320866 283400 277460 90152 30612 59540 36819 22721 187308 107633 79675 32626 47049 26659 20757 20390 15093 3824 2517 1352 12706 5297 11869 5491 6378 1049 4551 12497 4208 3311
cat_boundaries=0 1 2
cat_threshold=4 8
is_linear=0
shrinkage=0.04


Tree=78
num_leaves=31
num_cat=2
split_feature=0 17 19 24 22 21 25 43 1 14 9 8 5 38 21 26 4 46 25 23 4 6 14 16 22 21 21 7 21 37
split_gain=90.0174 41.9336 40.9739 44.1848 40.8294 39.3797 39.3542 33.6405 24.9474 26.4806 34.0715 32.9837 24.5393 27.0838 23.3945 22.3892 21.0739 20.1068 22.9273 30.7367 20.0001 19.7651 19.5722 19.429 25.12 24.7715 23.6811 18.9221 28.4623 18.7863
threshold=3.1049998998641972 4.5000000000000009 23.000000000000004 0.037270663306117065 0.069005299359560027 73.944297790527358 54.625000000000007 0 1.8149999976158144 88.184997558593764 2.5000000000000004 51.500000000000007 26.500000000000004 1.091285288333893 78.408687591552749 1.5000000000000002 2.495000004768372 1 167.62500000000003 1.0454032421112063 2.3850001096725468 206.25000000000003 69.954998016357436 2.5000000000000004 0.1857978627085686 70.888572692871108 61.583427429199226 60.500000000000007 83.633903503417983 70.413234710693374
decision_type=10 10 10 8 10 8 2 9 8 8 2 2 2 8 10 2 2 1 2 10 2 2 8 2 10 10 10 2 10 10
left_child=1 7 3 6 -5 20 -3 22 23 15 12 -12 13 14 -11 17 -14 -10 19 29 -4 -2 -1 24 26 -25 -9 28 -8 -19
right_child=21 2 5 4 -6 -7 27 8 9 10 11 -13 16 -15 -16 -17 -18 18 -20 -21 -22 -23 -24 25 -26 -27 -28 -29 -30 -31
leaf_value=0.0018074151690313711 -0.020473459300747315 -0.013585937290018939 -0.0029346864621550301 -0.018109975189259497 0.011283892545872493 -0.023217451027897861 0.051491982446297539 -0.023569054983771431 -0.0026050016397784832 0.0056866595352926532 0.020601497744735627 0.00069646958103708717 -0.0049644363258365574 -0.0063513386458173698 -0.019100396763105539 0.0074958037370619372 -0.021024805555120554 -0.0083836721797564649 -0.0036388608039201733 0.0076037080861168452 -0.019159525113533204 0.034745580681653745 -0.01597272627583857 -0.0039952490117523883 0.012993015512553266 0.017841451253131666 0.0042188607382415925 0.03725970410158802 0.18197544865782114 0.014649580664481974
leaf_weight=149.97049665311351 380.61714027263224 15.037353669991715 753.43654552102089 120.77152671874501 198.44716139347292 260.82199688325636 9.2981923767365497 48.859385706484318 1675.4778647641651 646.18650353420526 153.83035650523379 957.45268542342819 276.964873903431 1293.6534839305095 66.223572771530598 987.50058875768445 249.38960705301724 346.11960113584064 632.43028729315847 1595.6555189408828 144.31585303507745 9.7334683050867152 287.57168293278664 745.28888303041458 558.28175894916058 92.50978786777705 3015.3770444765687 22.824908876558766 3.7781101437285534 66.665814969688654
leaf_count=2118 38303 923 14057 3473 2598 14141 391 420 27092 18828 1523 15300 9338 29032 3445 16443 17246 9066 7364 26212 9830 652 8849 4821 4410 651 31802 333 72 2117
internal_value=-5.63961e-05 0.000425555 -0.00585867 0.00570879 0.000128853 -0.00955959 0.0399241 0.00112009 0.00147893 0.00026122 -0.0023633 0.00347148 -0.00492567 -0.00290297 0.00335338 0.0020651 -0.012607 0.000820283 0.0029951 0.00508681 -0.00556573 -0.0190011 -0.00965887 0.00392351 0.0051931 -0.00156087 0.00376693 0.0622061 0.099726 -0.00462767
internal_weight=15764.5 15374.1 1528.73 370.157 319.219 1158.57 50.9386 13845.4 13407.9 8947.55 3643.7 1111.28 2532.42 2006.06 712.41 5303.85 526.354 4316.35 2640.87 2008.44 897.752 390.351 437.542 4460.32 3622.52 837.799 3064.24 35.9012 13.0763 412.785
internal_count=320850 281895 45818 7790 6071 38028 1719 236077 225110 183006 94712 16823 77889 51305 22273 88294 26584 71851 44759 37395 23887 38955 10967 42104 36632 5472 32222 796 463 11183
cat_boundaries=0 1 2
cat_threshold=8 4
is_linear=0
shrinkage=0.04


Tree=79
num_leaves=31
num_cat=5
split_feature=0 1 22 1 21 24 17 7 25 46 37 22 26 21 38 15 43 22 43 14 11 46 25 23 23 21 25 30 20 42
split_gain=79.2598 42.9758 31.5032 26.914 29.3425 32.4062 28.0523 24.3617 23.3196 28.4933 25.823 26.8333 23.8363 22.6545 21.3347 24.7149 26.5233 20.2712 19.9496 28.1583 21.5306 20.8598 29.4529 32.9652 35.0391 41.6898 21.2053 23.3064 22.3064 25.5394
threshold=2.7549999952316289 2.8449999094009404 0.0096936672925949114 1.5349999666213991 68.252796173095717 0.012530290987342598 3.5000000000000004 58.500000000000007 31.125000000000004 0 67.478904724121108 0.055593475699424751 1.5000000000000002 62.269115447998054 1.0387479662895205 1.5000000000000002 1 0.11774935945868494 2 66.485000610351577 0.034909110516309745 3 144.12500000000003 1.0484992265701296 1.0413430929183962 74.855930328369155 118.62500000000001 0.068325933068990721 184.00000000000003 4
decision_type=10 10 8 8 10 10 8 2 2 1 8 10 2 8 10 2 9 10 9 8 10 1 2 10 10 10 2 10 2 9
left_child=2 13 -1 -4 8 -6 7 18 14 12 11 -11 -10 -2 15 -5 -17 -8 19 20 -7 26 -23 24 -24 -26 27 28 29 -20
right_child=1 -3 3 4 5 6 17 -9 9 10 -12 -13 -14 -15 -16 16 -18 -19 21 -21 -22 22 23 -25 25 -27 -28 -29 -30 -31
leaf_value=-0.021795798561920671 0.020007338830706805 -0.021762557672722626 0.004053527853111796 0.029523988528572617 -0.02084775709301058 0.062648305787330882 -0.0077570590762782408 0.011033320352142263 -0.0050358196690411432 0.03814138281616395 0.0069874660471608441 -0.0025881407577132325 0.0055544878000181527 -0.0067346746073617134 0.01141195547960738 0.010000494308125548 -0.0060069583470971598 0.031812997093163438 0.045277348109164638 -0.01120034436648488 0.0025312014458932957 -0.0070851548752378646 0.006984589969512062 0.00096251856909484329 0.14849179475833135 0.031200273911086006 -0.001822613917610433 0.0049569832192988654 0 0.0036421111036777955
leaf_weight=96.240231584757566 53.53199779544957 349.6599298142828 3586.2482846546918 46.695785707561299 143.53598954691552 13.318053325172512 1144.6057274665218 297.04853507387452 1659.1618274017237 25.600097886985168 1411.6015163543634 948.0147888478823 426.43577538710088 713.3715132784564 698.42215774417855 248.05153115396388 448.15187441860326 20.091069143265486 75.330825085751712 461.20183786354028 29.23484049923718 961.46292393840849 37.163982961326838 733.71581207867712 6.4754337090998915 16.346768414601684 494.58575455192477 529.91331323352642 49.278518978273496 34.688358864281327
leaf_count=4493 1559 40140 33268 1822 7826 269 32642 4407 20384 385 18183 10290 2772 44710 10047 9119 15189 246 1331 12573 440 19750 1136 9137 136 326 7444 8511 1943 673
internal_value=0.000110419 -0.0101572 0.00089428 0.00104616 6.14824e-05 -0.00217773 -0.00162637 6.13377e-05 0.00197413 0.000546265 0.00353232 -0.00147506 -0.00286691 -0.00483918 0.00639697 0.00166784 -0.000234455 -0.00704434 -0.000887127 -0.00815007 0.0224447 0.000385182 -0.00237916 0.00331823 0.031578 0.0694841 0.00448893 0.00902004 0.0223958 0.0323371
internal_weight=15759.2 1116.56 14642.6 14546.4 10960.1 5048 4904.46 3739.76 5912.14 4470.81 2385.22 973.615 2085.6 766.904 1441.32 742.899 696.203 1164.7 3442.72 503.755 42.5529 2938.96 1755.16 793.702 59.9862 22.8222 1183.8 689.211 159.298 110.019
internal_count=321151 86409 234742 230249 196981 108790 100964 68076 88191 52014 28858 10675 23156 46269 36177 26130 24308 32888 63669 13282 709 50387 30485 10735 1598 462 19902 12458 3947 2004
cat_boundaries=0 1 2 3 4 5
cat_threshold=4 64 12 8 16
is_linear=0
shrinkage=0.04


Tree=80
num_leaves=31
num_cat=1
split_feature=0 22 4 6 21 31 1 21 11 21 6 1 20 43 35 21 11 10 16 4 14 30 30 6 6 0 39 25 20 0
split_gain=79.8579 36.8496 29.1783 38.895 24.4565 25.2333 21.9555 30.7526 25.5318 21.137 20.5277 20.1233 19.7438 18.9882 18.493 18.368 17.2138 20.665 20.4405 20.8591 29.9453 28.0508 31.1048 27.3794 26.2545 20.749 25.3493 20.2307 29.6608 27.8406
threshold=3.0649999380111699 0.0096936672925949114 2.2949999570846562 103.25000000000001 78.926559448242202 71.226379394531264 2.0449999570846562 67.95862197875978 0.083424910902977004 67.32593154907228 206.25000000000003 2.8449999094009404 79.000000000000014 0 15.750000000000002 78.926559448242202 0.64760348200798046 29.750000000000004 3.5000000000000004 1.2549999952316286 86.174999237060561 0.14454716444015506 0.14558459073305133 8.5000000000000018 164.25000000000003 1.9550000429153445 1.6892431378364565 82.375000000000014 175.00000000000003 2.8149999380111699
decision_type=10 8 2 2 10 10 8 10 10 10 2 10 2 9 2 10 10 2 2 2 10 8 8 2 2 10 10 2 2 8
left_child=1 -1 16 4 5 12 8 9 -7 -8 11 -2 -4 -5 -11 -12 18 -18 19 20 21 24 -23 -21 -3 26 -22 28 -25 -29
right_child=10 2 3 13 -6 6 7 -9 -10 14 15 -13 -14 -15 -16 -17 17 -19 -20 23 25 22 -24 27 -26 -27 -28 29 -30 -31
leaf_value=-0.022699822782207814 -0.010427376495330412 -0.0028297811546775737 0.021226660955142106 0.0078876032427451486 -0.022959756307794069 0.048440270927925529 0.013313761903237844 -0.00074460449892492237 0.0084633099479039034 0.014475247415431014 0 -0.028158234069123222 -0.0033448513256268053 -0.011382614190910167 0.086480679272818703 0.11037949508122231 0.0059728767942626906 0.03473731204487588 -0.0094090218212388842 -0.013300288735141073 0.00039839986500154204 0.03816187711056903 0.0055695876274889427 0.0036400195647349697 0.059768973357137239 -0.014933701850406239 -0.012495140455686794 0.0043865978789751469 -0.0039741379885033009 0.036726094717900726
leaf_weight=108.14810330467299 231.39153929846361 1057.4575785484631 53.629198712296784 85.442810440668836 69.527403332758695 40.405721043935046 97.466016062535346 451.76190355676226 69.041539942845702 10.908970150630923 7.2299686810001713 187.10202399466652 1225.9285428486764 854.06299441028386 12.619383334415032 2.6587191829457879 192.53023537062109 49.821439223363996 278.8825071696192 168.00211143586785 923.38357927231118 48.654396740719676 863.39381870091893 2071.4966133302078 9.826311794575302 286.19064695574343 330.28641614178196 4587.2982955421321 1351.7313747096341 42.049366047605872
leaf_count=5812 18215 15390 522 2696 4646 845 1916 17195 1020 246 559 24504 39514 41377 187 105 1294 383 1711 1670 16554 325 9042 21730 155 11041 5236 42463 34449 690
internal_value=-1.77961e-05 0.000458157 0.000624324 -0.00293124 0.000180546 0.00101399 0.00722261 0.00405751 0.0235632 0.0218793 -0.0170319 -0.0184123 -0.00229611 -0.00965648 0.0552095 0.0373472 0.00148632 0.012021 0.00127258 0.00152744 -0.0010485 0.00220422 0.00735254 0.00263067 -0.00219429 -0.00523085 -0.00300254 0.00296515 0.000631963 0.00468908
internal_weight=15768.3 15339.9 15231.8 2970.79 2031.29 1961.76 682.204 572.756 109.447 120.994 428.382 418.494 1279.56 939.506 23.5284 9.88869 12261 242.352 12018.7 11739.8 3519.19 1979.33 912.048 8220.58 1067.28 1539.86 1253.67 8052.58 3423.23 4629.35
internal_count=321492 278109 272297 110164 66091 61445 21409 19544 1865 2349 43383 42719 40036 44073 433 664 162133 1677 160456 158745 57743 24912 9367 101002 15545 32831 21790 99332 56179 43153
cat_boundaries=0 1
cat_threshold=132
is_linear=0
shrinkage=0.04


Tree=81
num_leaves=31
num_cat=0
split_feature=0 5 11 8 19 24 4 21 1 18 22 22 22 15 20 21 24 40 6 31 24 1 31 31 24 11 6 21 26 15
split_gain=73.4153 32.1905 56.3637 33.8495 25.8149 31.4771 29.773 25.1237 24.4185 21.3115 32.256 51.9401 22.177 21.2206 43.8122 20.9674 21.539 19.5603 18.8203 18.7877 17.7724 18.4077 22.7799 29.022 26.211 22.4661 22.3132 22.0912 19.1017 17.5326
threshold=3.0649999380111699 31.500000000000004 0.015655637718737129 111.25000000000001 52.500000000000007 0.12849343568086627 2.0749999284744267 78.926559448242202 2.8449999094009404 1.5000000000000002 0.020898253656923774 0.020587688311934475 0.072607375681400313 3.5000000000000004 218.00000000000003 76.951923370361342 0.064879272133111968 0.17012988775968554 206.25000000000003 72.329391479492202 0.36651812493801122 3.1049998998641972 74.505519866943374 75.37390518188478 0.042066721245646484 0.035785431042313583 56.500000000000007 63.086299896240241 4.5000000000000009 3.5000000000000004
decision_type=10 2 10 2 10 10 2 10 10 10 8 10 10 2 2 10 10 10 2 10 10 8 10 10 10 10 2 10 2 2
left_child=1 3 -3 7 5 9 15 13 -2 12 11 -11 19 14 -1 16 -6 29 -10 -4 21 22 -15 25 -25 26 -24 -23 -29 -8
right_child=8 2 4 -5 6 -7 17 -9 18 10 -12 -13 -14 20 -16 -17 -18 -19 -20 -21 -22 27 23 24 -26 -27 -28 28 -30 -31
leaf_value=0.0011212082382897055 -0.0077777140180055352 -0.01606857956898395 -0.011601815012868791 0.0082302940447444174 0.0096421983068676245 0.017435705885355583 -0.0055833353056709356 -0.011999121401332523 -0.029138467150823844 0.00075174717179814655 -0.0094776348568460997 0.12338911789132199 0.026327454445279584 0.0082730394135594517 -0.01679770775573218 -0.021149205740040995 -0.00030833345503031474 -0.011638310983380718 0.051636021949230705 0.023892997021560745 -0.043138878164995162 0.013092586114614811 0.17112867457244085 0.055292699875563546 -0.007475644760152618 0.038731793405267043 0.024128050722047743 -0.0083004501558678317 0.047248392222358819 0.0042874830257539562
leaf_weight=7502.3474303320982 238.54452159488574 420.70692153950222 78.098852423718199 1170.7672753811348 479.22980950889178 252.0331997605972 1086.2966548951808 230.58881505171303 181.4680830828147 19.425993782933805 309.04060031287372 6.7662983364425591 82.892295647412539 606.68323023058474 223.84691218007356 61.473119360394776 1261.8447252148762 580.92954332660884 3.8187399429734787 33.155150486156344 10.422907700762151 142.65473283128813 4.0343851004727176 13.946341068716718 36.067944983253255 26.362557363230735 3.1261359350755811 265.82736044679768 9.2827221564948541 390.32612664904445
leaf_count=110268 18612 29667 2166 12148 8911 2304 30102 10125 24435 569 6582 86 1341 10391 7698 1893 11138 12618 328 861 59 2948 142 250 547 305 85 5902 67 8255
internal_value=8.68631e-05 0.000542272 -0.00206666 0.00183173 -0.000793479 0.00583074 -0.00213664 0.00100502 -0.016315 0.000275708 -0.00581983 0.0359525 0.0107973 0.00134582 0.000599429 0.00161451 0.00243221 -0.00542401 -0.027184 -0.000869647 0.00649333 0.00700231 0.0110089 0.0304978 0.0106895 0.0587689 0.118262 0.000362654 -0.00624731 -0.00297027
internal_weight=15732 15308.2 5062.22 10246 4641.51 781.412 3860.1 9075.19 423.831 529.379 335.233 26.1923 194.146 8844.6 7726.19 1802.55 1741.07 2057.55 185.287 111.254 1118.41 1107.99 690.221 83.5374 50.0143 33.5231 7.16052 417.765 275.11 1476.62
internal_count=320803 277428 116493 160935 86826 13909 72917 148787 43375 11605 7237 655 4368 138662 117966 21942 20049 50975 24763 3027 20696 20637 11720 1329 797 532 227 8917 5969 38357
is_linear=0
shrinkage=0.04


Tree=82
num_leaves=31
num_cat=1
split_feature=0 22 28 22 0 46 22 40 25 35 25 14 24 25 25 17 8 22 25 21 25 21 17 1 19 10 25 38 24 19
split_gain=73.7946 34.1737 26.3281 42.3073 33.7487 33.6185 31.0054 28.4483 27.475 29.0392 27.866 23.3381 23.0855 35.4529 46.7094 31.9825 25.8633 32.6816 25.487 24.0647 37.846 64.248 28.4686 22.2287 22.2052 32.7173 21.2411 20.9544 20.6018 20.0477
threshold=3.1250000000000004 0.013452543411403896 5.5000000000000009 0.193641372025013 2.1450001001358037 0 0.053768806159496314 0.099811423569917693 690.87500000000011 7.7500000000000009 600.87500000000011 70.759998321533217 0.3201736062765122 293.62500000000006 235.75000000000003 2.5000000000000004 31.500000000000004 0.29634784162044531 635.37500000000011 60.628669738769538 120.62500000000001 62.081874847412116 4.5000000000000009 0.35500000417232519 167.50000000000003 27.750000000000004 313.62500000000006 1.0949513316154482 0.19926892220973971 21.500000000000004
decision_type=10 8 2 10 10 1 8 8 2 2 2 8 10 2 2 10 2 10 2 10 2 10 10 8 10 2 2 10 10 10
left_child=1 24 8 4 5 -4 -6 -8 9 11 23 29 13 14 16 -14 27 19 28 22 -21 -22 -18 -11 25 -1 -25 -5 -15 -3
right_child=-2 2 3 12 6 -7 7 -9 -10 10 -12 -13 15 18 -16 -17 17 -19 -20 20 21 -23 -24 26 -26 -27 -28 -29 -30 -31
leaf_value=-0.01298781427145629 -0.018054565669327394 0.022581229413400027 -0.0026899241636199984 0.02063014139234861 -0.012568772119517926 0.0041614258080214022 0.0056915671389729319 -0.0053674872463534088 0.017252852446454695 0.014718091468223298 -0.017874090953555476 -0.0043612345628063019 0.005054815750030698 0.059299741182235639 -0.025588787552103597 -0.035319069471186196 -0.0059284525717461156 0.046686398058696441 -0.025177278667226296 0.009142098920924947 0.09463548879371575 0.011146949475086085 0.067785422772434822 0.0023408473229392371 -0.024155584533240137 0.053183087682651994 0.010690767752036669 -0.0067330903900144484 0.021892418083289952 0.0014312422359666901
leaf_weight=43.445380757097155 353.8882825874025 94.484831413952634 2732.0207225473132 54.080298371147364 709.76686105225235 1972.1409793810453 475.94496403448284 1690.6152151738061 196.34033017838374 305.91563234291971 91.26466267183423 1483.8305949055357 88.625246904790401 28.075733158737421 72.815080503933132 47.331476435996592 154.68929773964919 42.354379504919052 14.716816323809324 203.37563681975007 23.946275462396443 37.151163814356551 7.8573961462825528 3409.9841153618181 145.51156594743952 15.348069000989197 568.52459441218525 238.00048904679716 146.3422243790701 290.51882253377698
leaf_count=2397 37521 1291 40393 593 35123 26679 12579 48889 2078 2372 1198 29239 547 209 534 591 2054 694 151 2928 174 334 67 50249 7958 396 6351 2287 1116 4093
internal_value=-2.10485e-05 0.000394647 0.00061409 -0.000815569 -0.00190453 0.000181813 -0.00531696 -0.00293471 0.00255449 0.00208902 0.00387172 -0.0020827 0.00629665 0.00835644 0.00479153 -0.00912685 0.00773169 0.0135381 0.0239522 0.0101395 0.017563 0.0449305 -0.00194803 0.00433993 -0.0158149 0.0048198 0.00353743 -0.00159989 0.0282403 0.00667714
internal_weight=15738.9 15385 15180.7 8739.85 7580.49 4704.16 2876.33 2166.56 6440.86 6244.52 4375.69 1868.83 1159.36 1023.4 834.27 135.957 761.455 469.374 189.135 427.02 264.473 61.0974 162.547 4284.42 204.305 58.7934 3978.51 292.081 174.418 385.004
internal_count=321085 283564 272813 175942 163663 67072 96591 61468 96871 94793 60170 34623 12279 11141 9665 1138 9131 6251 1476 5557 3436 508 2121 58972 10751 2793 56600 2880 1325 5384
cat_boundaries=0 1
cat_threshold=4
is_linear=0
shrinkage=0.04


Tree=83
num_leaves=31
num_cat=2
split_feature=4 21 38 1 25 46 1 25 29 22 22 43 21 15 22 21 25 20 20 23 24 24 25 21 23 24 25 25 17 1
split_gain=70.6872 35.6479 42.5727 37.2885 32.572 30.3323 24.0878 23.6351 26.8704 26.3435 30.0811 25.9315 27.419 23.456 24.6208 26.52 35.713 22.5865 22.444 35.7031 43.7793 42.3663 37.6043 38.7387 57.8742 33.6335 28.9357 48.0537 63.9246 42.2959
threshold=3.0149999856948857 68.252796173095717 1.0035736560821535 2.2549999952316289 29.375000000000004 0 2.9750000238418584 82.375000000000014 14.750000000000002 0.10032052919268609 0.10677414759993555 1 68.744674682617202 2.5000000000000004 0.032027559354901321 79.132259368896499 118.62500000000001 175.00000000000003 184.00000000000003 1.0949401855468752 0.081249449402093901 0.28126463294029241 276.37500000000006 67.372478485107436 1.1789435744285586 0.084386415779590621 167.62500000000003 88.125000000000014 1.5000000000000002 2.3850001096725468
decision_type=2 10 8 10 2 1 8 2 2 10 10 9 10 2 10 10 2 2 2 10 10 10 2 10 10 10 2 2 10 10
left_child=1 4 -3 7 6 13 -1 17 -9 -10 -11 12 -12 -5 -15 -16 -17 -4 26 20 -20 22 -21 -24 -25 -22 27 -6 -29 -28
right_child=-2 2 3 5 18 -7 -8 8 9 10 11 -13 -14 14 15 16 -18 -19 19 21 25 -23 23 24 -26 -27 29 28 -30 -31
leaf_value=0.011918980399975831 -0.020819330195083606 -0.024264485391594936 -0.00016679538038632012 -0.010055201909994618 -0.0020305121463372986 -0.010858328622474536 0.0026050374664014853 0.0085503364591577504 -0.0014431822961762811 0.037608943084217368 -0.011668472605317259 -0.016213329135422488 0.021308349663190774 -0.012869866689222399 0.0065970623981621282 -0.0068672153972656278 0.122961619683486 -0.0094455718930953666 0.010380358409781403 -0.0078512781802409747 0.066470434263654954 0.038485127499838956 0.0024394571686606691 0.0092101556099922592 0.075300210074009333 -0.0094781048626602759 -0.0016549871470595071 -0.0031992600104312385 0.015519651127948288 -0.018104300920480869
leaf_weight=841.56680962117389 253.47789314936381 129.65004532062449 1483.9035882875323 274.61716397490818 1761.7551305568777 991.05198665242642 944.26724451885093 898.36005592346191 1891.9998837483581 55.041088595986366 54.299552940763533 59.808120736852288 148.84116265829653 107.88945031026378 438.28989280154929 5.9932319924700987 6.3648622306063771 584.83617975725792 263.02161741896998 489.09200416272506 41.530288566602394 47.544530879706144 468.46712710335851 68.578279422596097 30.024811229668558 11.543992436723782 1829.791557259392 475.44417782360688 752.62007058784366 288.90875224745832
leaf_count=14152 31154 9052 20239 12409 21909 43211 31793 11116 30888 488 366 549 1277 6137 12759 233 111 17734 7371 8887 760 287 5653 873 240 196 13356 3376 8137 6111
internal_value=9.04901e-05 0.000435237 -0.00163931 -0.00121636 0.00221502 -0.00613257 0.00700065 0.000515996 0.00272118 0.000347027 0.0109822 0.00527212 0.0118782 -0.000500129 0.00420026 0.00831531 0.0638992 -0.00279515 0.000904415 0.00535148 0.0171833 0.0019468 0.000263345 0.00727066 0.0299288 0.0500074 -0.000331572 0.00220152 0.00827268 -0.00390741
internal_weight=15698.6 15445.1 7130.95 7001.3 8314.16 1824.21 1785.83 5177.09 3108.35 2209.99 317.99 262.949 203.141 833.155 558.537 450.648 12.3581 2068.74 6528.32 1419.8 316.096 1103.71 1056.16 567.07 98.6031 53.0743 5108.52 2989.82 1228.06 2118.7
internal_count=320824 289670 166569 157517 123101 74860 45945 82657 44684 33568 2680 2192 1643 31649 19240 13103 344 37973 77156 24267 8327 15940 15653 6766 1113 956 52889 33422 11513 19467
cat_boundaries=0 1 2
cat_threshold=8 16
is_linear=0
shrinkage=0.04


Tree=84
num_leaves=31
num_cat=1
split_feature=4 1 46 24 16 25 22 23 23 22 20 22 25 35 25 31 19 25 25 25 15 22 24 23 25 0 19 17 25 25
split_gain=63.626 34.3551 31.5954 24.2959 22.1855 20.7606 18.3359 21.5562 34.0824 18.231 18.2149 17.3548 24.9314 19.6953 21.3773 21.3875 20.46 41.222 30.1958 78.007 39.5013 28.7477 35.3545 28.1313 25.9075 29.222 24.8591 23.8188 27.7411 30.9614
threshold=3.0649999380111699 2.5849999189376835 0 0.11227729171514512 4.5000000000000009 158.62500000000003 0.074320640414953246 1.2999808788299563 1.3589462041854861 0.0069816617760807284 79.000000000000014 0.193641372025013 618.00000000000011 12.750000000000002 677.12500000000011 70.983581542968764 163.50000000000003 243.87500000000003 276.37500000000006 465.75000000000006 3.5000000000000004 0.020587688311934475 0.11491150408983232 1.2481924295425417 302.12500000000006 2.4650000333786015 7.5000000000000009 3.5000000000000004 481.37500000000006 677.12500000000011
decision_type=2 10 1 10 2 2 8 10 8 8 2 10 2 2 2 8 8 2 2 2 2 10 10 10 2 8 10 10 2 2
left_child=1 4 3 -3 9 6 -5 -8 -9 -1 -2 13 -13 14 15 -11 17 26 -18 20 23 -22 24 -20 -23 -26 -15 -21 -29 -30
right_child=10 2 -4 5 -6 -7 7 8 -10 11 -12 12 -14 16 -16 -17 18 -19 19 27 21 22 -24 -25 25 -27 -28 28 29 -31
leaf_value=-0.026974334489232126 0.053251679029449439 -0.020856570601903723 -0.0015759573653654343 0.069133994925398984 -0.024503726461833221 -0.018071518554993483 -0.0026786331484520949 0.11414421923060142 -0.012379991219625859 0.00010457059816366822 -0.024134033229743727 0.0046665919945686847 -0.032520822366377343 -0.010609196191837336 0.015896560372734216 0.0062495025572797246 -0.0014928158809155232 -0.009584519930132181 0.012290008786786748 0.0035029663680354313 -0.024963044740882751 0.015373273524012592 0.013072268309236704 -0.029339363462791545 0.045633617309570093 0.10211658408072861 0.00069449163622972568 0.041811038959467285 -0.024997763075107135 0.025590283046086088
leaf_weight=36.300393803976476 4.0442901053465894 300.88398561556824 1077.894288806594 6.5468464184086761 53.997927920892835 77.477789284661412 88.579390524886549 5.8448167373426232 6.3311246754601607 3156.3306579845957 198.10803515301086 2274.6222289372236 28.203750401735306 345.67187340790406 180.10818881448358 1271.0468852035701 1584.6194076852407 1032.7522945450619 294.97989592608064 229.50333207380027 13.120760059915481 31.415283347479999 78.109905026853085 27.474423291161656 74.80360093805939 19.033902000170201 3046.4060710493941 11.771350200287996 165.98236671090126 21.002319219522178
leaf_count=1825 146 19647 48548 281 342 2750 2765 135 103 40484 26105 19234 224 9058 1519 24594 39965 13456 5135 2638 406 386 702 279 557 373 55789 229 3384 285
internal_value=-7.08563e-05 0.000219608 -0.00540117 -0.013862 0.000849 -0.00240006 0.00894101 0.00434952 0.0521053 0.000949364 -0.0223116 0.00102458 0.00419549 0.00039358 0.0024231 0.00187062 -0.000946328 -0.0025915 0.00190472 0.00747103 0.0175856 0.0307746 0.0344949 0.00865091 0.0476133 0.0580887 -0.000459026 -0.00525955 -0.0153645 -0.0191885
internal_weight=15743 15540.8 1563.56 485.664 13977.3 184.78 107.302 100.755 12.1759 13923.3 202.152 13887 2302.83 11584.1 4607.49 4427.38 6976.65 4424.83 2551.82 967.197 538.938 216.483 203.363 322.454 125.253 93.8375 3392.08 428.259 198.756 186.985
internal_count=321344 295093 74229 25681 220864 6034 3284 3003 238 220522 26251 218697 19458 199239 66597 65078 132642 78303 54339 14374 7838 2424 2018 5414 1316 930 64847 6536 3898 3669
cat_boundaries=0 1
cat_threshold=4
is_linear=0
shrinkage=0.04


Tree=85
num_leaves=31
num_cat=2
split_feature=0 22 5 9 7 25 21 0 31 19 25 43 22 38 19 25 24 25 15 25 23 16 19 21 46 21 21 20 40 5
split_gain=61.4046 32.9029 28.4626 39.6915 38.5757 24.3007 24.0426 24.3354 22.9605 22.1613 21.8716 21.0815 38.7908 27.2905 20.5338 28.1278 35.563 26.5942 55.1233 26.7278 29.9301 23.29 37.2993 28.1946 24.9587 22.1448 26.0223 21.5723 20.5145 20.0698
threshold=3.1350001096725468 0.0096936672925949114 34.500000000000007 2.5000000000000004 43.500000000000007 677.12500000000011 62.269115447998054 2.7749999761581425 77.208679199218764 59.500000000000007 765.12500000000011 0 0.051998689770698554 1.0340784788131716 59.500000000000007 335.87500000000006 0.10819531977176668 431.12500000000006 3.5000000000000004 423.75000000000006 1.0536118745803835 1.5000000000000002 111.00000000000001 67.120429992675795 1 66.233051300048842 66.180812835693374 184.00000000000003 0.14108782261610034 18.500000000000004
decision_type=10 8 2 2 2 2 8 10 10 10 2 9 10 10 8 2 10 2 2 2 10 2 8 8 1 8 8 2 8 2
left_child=1 -1 4 9 6 8 7 -3 11 -4 -11 12 -5 -14 27 16 21 18 -17 20 -20 22 23 -16 -25 26 -24 -8 -26 -19
right_child=-2 2 3 5 -6 -7 14 -9 -10 10 -12 -13 13 -15 15 17 -18 29 19 -21 -22 -23 25 24 28 -27 -28 -29 -30 -31
leaf_value=-0.022149183703117647 -0.017551317642776267 0.0047347705715289406 0.0017273242196800176 -0.0066446190738304054 0.0085376079057598465 0.016296042362336692 -0.001281430552376188 0.040160669801402142 0.030614559273437879 -0.015115907194011211 0.046132904987032174 -0.0040987752704244283 -0.015306299575791859 0.0092929937723019093 -0.004073947216357037 0.0045001868138974891 -0.0044542511965479431 0.010190186744620156 0.086160629592568941 0.075695315803088609 0.020018432871404503 -0.0046836990752052608 0.012486713782857388 0.023686208107595721 -0.0050855256044742229 -0.0011442939871740376 0.088630052387705438 -0.010872305622619103 0.015174839699231966 -0.0056196114973695067
leaf_weight=103.19188834959641 315.3286510463804 1370.0955368098803 182.19247337267734 503.84359034686349 1118.0826784539968 131.14472640026361 3058.1894458902534 30.806258257245645 34.962442775024101 592.42401246307418 8.5013551576994342 2041.2849458933342 77.971248148242012 834.07787535758689 145.47247579705436 221.9833255878184 1608.3456724893767 256.02154045226052 11.698423845693467 23.309339954517782 92.36468975013122 477.45236670714803 87.610040661878884 305.29015845269896 123.36624100559857 1048.7137042223476 6.9181008099112651 427.05556246067863 222.95181714603677 255.65875681303442
leaf_count=6034 35357 10828 8525 13957 11499 1097 49029 1044 801 36080 298 30603 2795 9597 2012 2982 19005 2608 231 200 1223 5111 2742 5766 2829 34547 96 15483 4502 4355
internal_value=-0.000105923 0.000252121 0.000404929 -0.00230696 0.00150258 -0.000539781 0.000696556 0.00554474 -0.00117767 -0.010467 -0.0141676 -0.0015091 0.00223501 0.00717115 -0.000114749 0.00155749 0.000152414 0.00811505 0.0166079 0.0374786 0.0282413 0.00321908 0.00516717 0.0118034 0.015355 0.000530525 0.0189706 -0.00246055 0.00795226 0.00228754
internal_weight=15716.3 15401 15297.8 4406.4 10891.4 3623.28 9773.3 1400.9 3492.14 783.118 600.925 3457.18 1415.89 912.049 8372.4 4887.16 4026.12 861.036 349.356 127.372 104.063 2417.77 1940.32 797.081 651.608 1143.24 94.5281 3485.25 346.318 511.68
internal_count=321236 285879 279845 103753 176092 58850 164593 11872 57753 44903 36378 56952 26349 12392 152721 88209 76610 11599 4636 1654 1454 57605 52494 15109 13097 37385 2838 64512 7331 6963
cat_boundaries=0 1 2
cat_threshold=148 8
is_linear=0
shrinkage=0.04


Tree=86
num_leaves=31
num_cat=3
split_feature=4 0 22 21 5 43 46 29 10 16 6 15 25 25 25 29 43 23 21 40 2 4 22 22 11 6 25 31 10 39
split_gain=56.0201 31.2521 43.442 35.4203 34.7571 24.9559 23.5177 23.2953 24.1537 20.9646 20.5411 20.079 19.6406 41.4421 37.3418 26.4099 21.1741 30.6064 23.1924 18.7752 26.1508 18.1365 21.0636 18.0533 17.984 17.9354 17.6806 17.6392 17.5464 17.5258
threshold=3.0149999856948857 2.0949999094009404 0.031494658440351493 84.929595947265639 25.500000000000004 0 1 16.750000000000004 38.750000000000007 1.5000000000000002 65.500000000000014 1.0000000180025095e-35 677.12500000000011 431.12500000000006 423.75000000000006 17.250000000000004 2 1.0593760013580324 63.620441436767585 0.11576624214649202 0.30500000715255743 0.79500001668930065 0.22780887037515643 0.25641545653343206 0.04473442770540715 214.25000000000003 162.12500000000003 75.712085723876967 6.2500000000000009 3.2718747854232793
decision_type=2 10 8 10 2 9 1 2 2 2 2 2 2 2 2 2 9 10 10 8 10 2 10 10 8 2 2 8 2 10
left_child=1 6 28 4 5 11 -1 8 9 29 -10 -4 13 14 16 -16 17 -6 -19 20 26 22 -7 -13 -5 -15 -20 -18 -3 -8
right_child=-2 2 3 24 12 21 7 -9 10 -11 -12 23 -14 25 15 -17 27 18 19 -21 -22 -23 -24 -25 -26 -27 -28 -29 -30 -31
leaf_value=0.0040827966279916054 -0.019045542862763429 -0.019191458207758191 0.027332219477026257 0.099485736171173525 -0.015840132225274011 -0.0099670475641452337 0.0036562118328589146 -0.0027196754479747571 0.021674586323594477 -0.0040613859983211747 0.005204482365916867 -0.013101176210357392 0.013600940517118743 -0.019401342973540698 -0.015672664407988039 0.069794988520249707 -0.0089810995272499947 0.022625008880325825 0.0090081705036538229 -0.0048725826814419353 0.023203790851493974 0.0053999172185372635 0.041442487510482733 0.036855656781366299 0.010864450849178855 0.037015058692950902 -0.016645694872945808 0.00963538566203038 -0.0049296512786083206 -0.023312900044963399
leaf_weight=3968.5042143273167 240.17059770622291 301.39614631305449 22.572373754344881 7.3531106782611433 142.23528455046471 205.06335912737995 1853.0202857120894 2627.549865098903 155.5780216017738 1000.3429167978466 545.56024792557582 278.4843093600357 91.672497399151325 337.17941523529589 7.7848440487869111 17.874654485378414 964.20633659511805 95.740368706639856 111.21774102828931 337.10584149765782 120.39041927701328 1791.715050830855 12.589267516043035 11.088775346055625 7.216539705172182 8.3219474479556066 68.649037127150223 87.922028811881319 257.30224556406029 38.350532326847315
leaf_count=44784 31108 24090 734 166 11927 7867 27647 34655 1323 7988 5193 8504 1997 9394 184 228 30404 1421 3977 7900 2794 39169 296 84 115 166 2388 4632 9780 219
internal_value=8.39923e-05 0.00038237 -0.002113 -0.000864059 -0.0010637 0.00242069 0.00167722 0.000141447 0.00223515 0.000617578 0.00889045 -0.00793373 -0.00444909 -0.00517629 -0.00291049 0.0440996 -0.00356093 0.00105679 0.00437206 0.00159281 0.00885701 0.00405364 -0.00679923 -0.0110541 0.0593644 -0.017928 -0.00079882 -0.00734419 -0.012651 0.00309523
internal_weight=15714.2 15474 5285.08 4726.38 4711.81 2321.51 10188.9 6220.4 3592.85 2891.71 701.138 312.145 2390.3 2298.63 1953.13 25.6595 1927.47 875.339 733.103 637.363 300.257 2009.37 217.653 289.573 14.5697 345.501 179.867 1052.13 558.698 1891.37
internal_count=321134 290026 168217 134347 134066 56654 121809 77025 42370 35854 6516 9322 77412 75415 65855 412 65443 30407 18480 17059 9159 47332 8163 8588 281 9560 6365 35036 33870 27866
cat_boundaries=0 1 2 3
cat_threshold=12 8 148
is_linear=0
shrinkage=0.04


Tree=87
num_leaves=31
num_cat=2
split_feature=0 23 6 25 9 23 21 24 31 21 24 21 15 21 15 15 46 42 9 25 18 0 19 19 30 25 30 24 23 24
split_gain=52.899 29.4729 26.5021 36.8965 34.8623 24.8452 26.6308 26.2531 24.7836 24.0639 32.9482 23.456 22.6576 25.835 22.5038 21.6611 21.4755 33.8018 21.6429 21.4436 24.7777 21.1172 21.0392 24.5742 51.0123 33.5852 26.2491 24.8823 23.7673 20.7179
threshold=3.1250000000000004 1.0362150073051455 122.25000000000001 677.12500000000011 2.5000000000000004 1.0484992265701296 70.319358825683608 0.10043824836611749 74.798877716064467 65.116699218750014 0.098091084510087981 60.628669738769538 3.5000000000000004 66.469604492187514 2.5000000000000004 1.0000000180025095e-35 0 1 16.500000000000004 628.25000000000011 1.5000000000000002 1.6250000000000002 49.500000000000007 128.50000000000003 0.068767007440328612 298.37500000000006 0.044861303642392165 0.091863982379436507 1.212078928947449 0.046761652454733856
decision_type=10 8 2 2 2 8 10 8 10 10 10 10 2 8 2 2 1 9 2 2 10 10 10 10 10 2 10 10 10 10
left_child=1 8 5 4 -4 -3 7 9 15 11 -11 -7 13 -9 -10 -1 17 22 -18 20 -6 -17 -8 24 26 28 -24 29 -25 -28
right_child=-2 2 3 -5 19 6 16 12 14 10 -12 -13 -14 -15 -16 21 18 -19 -20 -21 -22 -23 23 25 -26 -27 27 -29 -30 -31
leaf_value=0.059237288172620896 -0.015848909993949788 0.010300313635971193 -0.01545099579543178 0.01894941181255998 0.0038078222405479706 0.02132926780559715 -0.015662639200790855 0.0023827820665963326 -0.011681926359699049 0.0068531413992996941 0.033263448504869127 -0.0084128932687786481 0.0066280578612438789 -0.0033475172108379755 0.021041925921923998 -0.0014659264727593139 -0.0064718068160443433 -0.0063305016008274526 0.013666845793605322 -0.024825560843745192 -0.0052152574686054418 -0.012105436795783605 -0.017297936814465613 -0.011000435980550931 0.0069636935331376095 0.017885558700430685 0.003271811413595495 0.018498725819577035 0.048940125741630716 0.075670541582374823
leaf_weight=6.8066264020744702 332.08230068138801 504.3272088652011 359.52048114512581 116.72200574725866 874.41323034954257 49.153034497983754 57.068873560754582 3006.0053798598237 49.731342971674167 1705.8046876129229 78.283419486833736 273.59836871374864 975.25874414620921 2164.3381950345356 98.877163942437619 519.4285770454444 1458.388975208858 479.74879336310551 89.649547590408474 62.53218427952379 1095.7699164464138 704.64932866231538 9.9019728321582061 199.82759948354214 217.72088488610461 130.61218460416421 7.5506957564502946 28.382913778536022 10.172703606076537 45.94250370003283
leaf_count=258 37661 13633 19541 1485 12199 322 1122 28014 2640 30336 1159 3446 13321 33281 3717 10254 28831 9903 812 692 16152 41040 237 4553 3081 2043 192 475 135 862
internal_value=-7.78412e-05 0.000263429 0.00081344 -0.00290976 -0.00398546 0.00162685 0.00122747 0.00236132 -0.00531237 0.00621384 0.00803222 -0.0038191 0.00103915 -1.53671e-05 0.0100594 -0.00717816 -0.00219195 0.0018527 -0.00529489 -0.00194901 -0.00120867 -0.00759878 0.00741091 0.00946347 0.0176046 0.0020244 0.0424573 0.0498538 -0.00785969 0.0657723
internal_weight=15712.3 15380.2 14000.7 2508.96 2392.24 11491.7 10987.4 8252.44 1379.49 2106.84 1784.09 322.751 6145.6 5170.34 148.609 1230.88 2734.97 1186.93 1548.04 2032.72 1970.18 1224.08 707.18 650.111 309.499 340.612 91.7781 81.8761 210 53.4932
internal_count=321397 283736 225827 50069 48584 175758 162125 109879 57909 35263 31495 3768 74616 61295 6357 51552 52246 22603 29643 29043 28351 51294 12700 11578 4847 6731 1766 1529 4688 1054
cat_boundaries=0 1 2
cat_threshold=8 16
is_linear=0
shrinkage=0.04


Tree=88
num_leaves=31
num_cat=1
split_feature=4 22 35 22 21 20 22 1 0 1 36 9 38 40 22 43 25 25 25 22 22 15 25 32 36 19 17 15 25 25
split_gain=53.0601 28.4922 22.8261 26.3538 29.7898 29.6327 27.0002 26.1582 22.4967 21.3705 18.0574 17.739 17.0327 21.7125 20.7617 16.3915 22.7617 18.7774 19.2896 38.8965 18.1302 17.1013 24.1259 19.4218 24.2151 22.9874 21.3637 32.6296 17.2502 16.9277
threshold=3.0149999856948857 0.013452543411403896 12.750000000000002 0.10124228149652482 70.697650909423842 177.50000000000003 0.10809095576405527 2.2549999952316289 2.745000004768372 1.0000000180025095e-35 0.11606827378273012 6.5000000000000009 1.1614264249801638 0.27857269346714025 0.193641372025013 0 293.62500000000006 618.00000000000011 331.62500000000006 0.10459657013416292 0.139328308403492 3.5000000000000004 189.12500000000003 1.1400370597839358 0.15530107170343402 49.500000000000007 1.5000000000000002 2.5000000000000004 89.500000000000014 677.12500000000011
decision_type=2 8 2 10 10 2 10 8 10 8 10 2 10 10 10 9 2 2 2 10 10 2 2 10 10 10 10 2 2 2
left_child=1 10 9 7 12 -6 -7 -4 -9 -3 -1 -2 15 14 -14 16 21 18 -17 -20 -21 23 28 25 -25 -5 27 -27 -23 -19
right_child=11 2 3 4 5 6 -8 8 -10 -11 -12 -13 13 -15 -16 17 -18 29 19 20 -22 22 -24 24 -26 26 -28 -29 -30 -31
leaf_value=-0.018250686899752976 -0.020096270874001575 0.011885333356561946 -8.0210181073273528e-05 0.016540111576188087 -0.0043511712840769426 0.073681727062282112 0.020740179825865353 -0.0043385873837085967 -0.01559323604931652 0.0016088159452695746 0.027352855900717871 0.088983524219469881 -0.011889036565421228 0.0052980330797282402 0.0018726480714373903 -0.0019847209617747104 0.015533824668674506 -0.034359733449152205 0.060423797361556605 -0.0082281010725439915 0.016092726132769759 0.012860082529876542 -0.01927993596260193 -0.010631489963429592 0.032678088848556788 0.036168391037690831 -0.0062611805684085241 0.0015742673346591635 0.050350661409266931 0.0072491749659925261
leaf_weight=184.67656941479072 232.22562266991008 341.56682281638496 2578.9622118107509 195.96171520138159 48.540514148771763 20.518848573789001 60.510284978896379 2118.5103596833069 328.01985080435406 5971.2501574048074 14.073084879200904 1.4279814336914558 497.71703023603186 322.4176332084462 269.48043472273275 995.49426141893491 286.67702605202794 46.863504399545491 21.945207846350968 87.102528061950579 109.49212246760726 50.902070330223069 20.929807689972222 270.40185274742544 21.354097929550335 55.401845541084185 314.49169658590108 194.23176485742442 32.453727891668677 22.578203069977462
leaf_count=10483 31020 2901 40472 3273 555 225 632 63162 30764 90163 588 73 4860 2892 2036 18089 2594 596 191 1217 1131 1066 180 2488 470 935 5783 2070 330 214
internal_value=-0.000157751 0.000128105 0.000324503 -0.000971897 0.00147405 0.0202629 0.03493 -0.00289289 -0.00585495 0.00216727 -0.0148808 -0.0190362 0.000829879 -0.00339375 -0.00705385 0.00252003 0.00542343 -0.000778522 0.000376843 0.0111125 0.00530988 0.00294858 0.0183223 0.00140459 -0.00734713 0.00477439 0.000658191 0.00938147 0.0279279 -0.0208634
internal_weight=15716.2 15482.5 15283.8 8970.96 3945.47 129.57 81.0291 5025.49 2446.53 6312.82 198.75 233.654 3815.9 1089.62 767.197 2726.28 1442.81 1283.48 1214.03 218.54 196.595 1156.13 104.286 1051.84 291.756 760.087 564.125 249.634 83.3558 69.4417
internal_count=321453 290360 279289 186225 51827 1412 857 134398 93926 93064 11071 31093 50415 9788 6896 40627 19189 21438 20628 2539 2348 16595 1576 15019 2958 12061 8788 3005 1396 810
cat_boundaries=0 1
cat_threshold=144
is_linear=0
shrinkage=0.04


Tree=89
num_leaves=31
num_cat=1
split_feature=0 5 9 15 20 25 25 25 8 17 28 25 33 21 25 25 23 23 0 2 19 22 38 32 22 37 19 25 42 22
split_gain=50.223 27.1916 43.1919 31.51 50.3793 30.5391 37.0509 27.6287 22.1625 20.4894 25.7039 24.4602 20.2088 19.5273 20.1837 19.3141 22.5008 28.4599 19.0152 29.7901 18.88 21.4192 20.6769 19.3052 18.1703 18.1442 18.6994 18.01 27.1619 17.6787
threshold=3.1049998998641972 34.500000000000007 2.5000000000000004 3.5000000000000004 218.00000000000003 298.37500000000006 431.12500000000006 423.75000000000006 120.25000000000001 2.5000000000000004 7.5000000000000009 677.12500000000011 2.1372622251510625 84.929595947265639 150.62500000000003 306.37500000000006 1.0536118745803835 1.0413430929183962 1.0000000180025095e-35 -1.0950000286102293 145.50000000000003 0.081084579229354872 1.1197635531425478 1.0580716729164126 0.036844028159976012 71.927177429199233 7.5000000000000009 128.12500000000003 0 0.078872710466384902
decision_type=10 2 2 2 2 2 2 2 2 10 2 2 10 10 2 2 10 10 8 8 8 10 8 8 8 8 8 2 9 10
left_child=1 3 13 4 18 20 7 15 -6 10 -4 -11 -2 14 27 -7 17 -17 19 -1 21 23 -23 -5 -21 -20 -27 -3 -29 -13
right_child=12 2 9 5 8 6 -8 -9 -10 11 -12 29 -14 -15 -16 16 -18 -19 25 24 -22 22 -24 -25 -26 26 -28 28 -30 -31
leaf_value=-0.001162188583121407 -0.018169147343696502 -0.0069214235210463748 0.0029350328894623134 0.078811294424219219 -0.017177010179671073 0.078762942425536844 0.0038436094515826068 0.060659429870840387 0.0069063223089051006 -0.0024324216584790852 0.026733736944910973 -0.0017197532021928073 0.017768961515254821 0.032453046960937801 -0.017259894187952457 -0.026455612009153476 0.013829868292462305 0.08428674341041878 -0.0001475321518323819 0.069655013694583032 -0.0016467425531836793 -0.0059511715008068403 0.014551685533858287 0.019980259262915228 0.016203770827198725 -0.01303439909262305 0.0054772302157997371 0.1011023488146469 0.0050573804079007776 0.029080275350312563
leaf_weight=238.57871952862479 307.74528960778844 293.90172558184713 477.19365685549565 9.6182600958272797 346.10932044184301 7.8389578266069284 255.77244661562145 30.509050178341568 73.369897532742471 2984.7976421394851 84.847838622052222 51.636977930553257 26.345939895021729 15.36163427622523 442.70191872108262 4.2887523346580592 202.57373606786132 14.520128150470553 6799.1133519157302 9.8185254912823421 614.98007181088906 148.47235343884677 165.05578383640386 68.720655548153445 237.17016453295946 91.269930120557547 1607.0442827533698 5.1479278448969126 21.108606701018292 68.480119587853551
leaf_count=2255 36661 22011 6214 181 14302 70 2708 225 1457 52051 1228 604 2206 691 22242 176 2153 232 95187 95 14137 2905 1899 1830 1945 2835 31326 210 889 440
internal_value=4.06811e-05 0.000374903 -0.00226199 0.0014483 0.000583127 0.00678533 0.0146951 0.0253101 -0.0129487 -0.000443351 0.00657598 -0.00171696 -0.0152786 -0.0108147 -0.0117325 0.0203448 0.0179134 0.0587728 0.00121684 0.00890808 0.00272102 0.00957253 0.00484172 0.0281561 0.0186171 0.000775874 0.00447295 -0.0040471 0.0270534 0.0159018
internal_weight=15704.1 15370 4445.18 10924.8 9402.47 1522.35 515.503 259.731 419.479 3666.96 562.041 3104.91 334.091 778.222 762.86 229.222 221.383 18.8089 8982.99 485.567 1006.85 391.867 313.528 78.3389 246.989 8497.43 1698.31 320.158 26.2565 120.117
internal_count=321365 282498 106580 175918 149402 26516 5564 2856 15759 60537 7442 53095 38867 46043 45352 2631 2561 408 133643 4295 20952 6815 4804 2011 2040 129348 34161 23110 1099 1044
cat_boundaries=0 1
cat_threshold=4
is_linear=0
shrinkage=0.04


Tree=90
num_leaves=31
num_cat=1
split_feature=4 20 22 15 22 23 22 37 22 21 0 25 29 7 2 7 16 0 14 4 43 5 20 22 21 5 36 0 26 25
split_gain=46.9967 40.0083 23.8743 21.8795 21.4237 17.5769 24.6519 19.7351 17.4572 19.7737 18.7478 23.0691 20.0056 17.3093 16.6129 19.3171 16.0034 20.6867 17.2057 32.3077 40.4227 32.5172 26.8304 24.0103 23.1283 22.6093 27.7994 24.6465 20.6342 19.8498
threshold=2.6650000810623173 159.00000000000003 0.092618513852357878 1.0000000180025095e-35 0.0069816617760807284 1.0293902754783633 0.39696128666400915 73.741069793701186 0.071053862571716322 66.663600921630874 1.8849999904632571 403.87500000000006 15.750000000000002 49.500000000000007 -0.14500000327825543 55.500000000000007 3.5000000000000004 0.92500001192092907 78.215000152587905 1.485000014305115 0 33.500000000000007 184.00000000000003 0.021314746700227264 77.739685058593764 57.500000000000007 0.085055876523256316 2.8149999380111699 1.5000000000000002 4.1250000000000009
decision_type=2 2 10 2 8 8 10 10 10 10 8 2 2 2 10 2 2 8 10 2 9 2 2 8 10 2 8 10 2 2
left_child=3 13 -3 -1 -5 6 7 8 9 -6 11 -11 -13 -2 -15 -16 17 -7 22 25 23 -22 28 24 -21 27 -27 -20 29 -19
right_child=1 2 -4 4 5 16 -8 -9 -10 10 -12 12 -14 14 15 -17 -18 18 19 20 21 -23 -24 -25 -26 26 -28 -29 -30 -31
leaf_value=0.025468143016751058 0.0082209375228032445 -0.018350888036989067 -0.0031544362788889003 -0.028834334692597469 0.086364583757668742 0.0052987510448569489 0.070945458297920524 0.010532365138885415 -0.0027703710837486853 -0.011638386419438962 -0.024283167615622433 0.089502517579167482 0.0065018366432285203 -0.0070102241079792573 0.15055074597048804 -0.0077936547685414871 -0.0083145476900785484 0.012376313130879104 -0.0047188378499354649 0.078420086240340844 0.0048518921426608502 -0.0019087488982569706 0.015866226880993265 -0.012846658533743347 -0.0002114212765531087 0.003685262332013375 0.08438764420090801 -0.027157034319036263 0.0088398863164475712 -3.6842013434806331e-05
leaf_weight=54.7909739788156 103.12936907599214 453.15869572293013 262.02918678452261 39.076921802014112 2.0702047611121079 1585.3181301122531 5.7953512012027195 106.95501621789299 471.94289793074131 118.34010097337887 180.37374543724582 5.8863273467868593 15.203890036791561 2.9228788609616458 3.2568616555072358 1.536726727383211 300.20104922214523 216.80292706633918 1900.6249587105121 8.0199550157412904 2696.0327699503396 1967.7835187058663 221.00314991897903 429.6163883197587 17.473253567004576 23.472227586433291 8.7572663957253081 80.855898693436757 556.56800099904649 3829.8598502334207
leaf_count=1211 6932 53030 16724 2238 135 13032 129 3456 14075 3981 12816 103 273 155 209 82 1861 3416 32751 129 37013 39966 4432 9353 692 826 136 7192 7920 46819
internal_value=-5.20277e-05 -0.00933249 -0.012801 0.000464773 0.000370147 0.000449745 -0.00494234 -0.00551315 -0.00769061 -0.0148615 -0.0157964 -0.00469434 0.0328516 0.0129253 0.0671835 0.106515 0.000803504 0.00100653 0.000436705 -0.000810749 0.000877211 0.00199447 0.00228168 -0.0103592 0.0264007 -0.0051019 0.0276134 -0.0056497 0.00162531 0.000630107
internal_weight=15668.9 826.034 715.188 14842.8 14788 14749 906.568 900.772 793.817 321.874 319.804 139.43 21.0902 110.846 7.71647 4.79359 13842.4 13542.2 11956.9 7132.64 5118.93 4663.82 4824.23 455.11 25.4932 2013.71 32.2295 1981.48 4603.23 4046.66
internal_count=321087 77132 69754 243955 242744 240506 34968 34839 31383 17308 17173 4357 376 7378 446 291 205538 203677 190645 128058 87153 76979 62587 10174 821 40905 962 39943 58155 50235
cat_boundaries=0 1
cat_threshold=44
is_linear=0
shrinkage=0.04


Tree=91
num_leaves=31
num_cat=3
split_feature=4 0 25 20 42 15 15 23 46 23 8 23 25 21 25 5 11 29 4 32 25 39 30 46 6 39 37 21 19 23
split_gain=41.7136 25.7577 37.3223 60.8802 57.6637 41.1448 64.5591 35.138 32.8123 30.1584 26.5223 26.4787 23.6809 23.5863 26.7963 22.4455 23.7883 21.5019 21.2804 20.9879 22.4722 20.8801 20.3071 18.2977 17.749 25.0774 17.6777 17.2938 38.8723 30.981
threshold=3.0649999380111699 2.0949999094009404 167.62500000000003 218.00000000000003 0 3.5000000000000004 4.2500000000000009 1.0593760013580324 1 1.0496999621391299 234.25000000000003 1.0608530640602114 288.37500000000006 63.620441436767585 113.87500000000001 5.5000000000000009 0.14790815860033038 14.250000000000002 2.3449999094009404 1.1013910770416262 85.375000000000014 0.041353909298777587 0.032361604273319251 2 8.5000000000000018 1.0294920802116396 69.148181915283217 60.947811126708991 36.000000000000007 1.2526267170906069
decision_type=2 10 2 2 9 2 2 8 1 10 2 8 2 8 2 2 10 2 2 8 2 8 10 1 2 10 10 10 10 10
left_child=1 23 7 15 8 -6 9 21 -5 22 -10 19 -11 14 -13 24 -17 -15 -8 -9 -21 -3 -7 -1 -4 -26 -18 -16 -29 -30
right_child=-2 2 3 4 5 6 18 11 10 12 -12 13 -14 17 27 16 26 -19 -20 20 -22 -23 -24 -25 25 -27 -28 28 29 -31
leaf_value=0.0034550337380409336 -0.019056517890857026 0.11147673586792831 -0.01185555722782662 -0.015459553003470237 -0.015476557012026302 0.0078652690862026104 0.0059223664594822692 0.017821735255049022 0.17685871970641689 -0.017954525141376129 0.056415327260863242 0.0046085225937587092 0.027729274873823307 0.0076983954590645323 0.0092950359935395476 -0.015655828096438024 -0.01203231419596232 -0.0015240119006933173 -0.021823488539847311 0.0087437023778916632 0.17398211547453962 -0.0083936817970384301 0.097146360469800117 -1.4053293295254087e-05 -0.022694242628833374 0.039766542081303681 0.0045681083226038685 -0.0061853819623548228 0.10036009437338794 0.030737611894815775
leaf_weight=3985.1976779096294 181.73253195430152 1.3334799611475308 38.454443032853305 5.140835203230381 142.32090900838375 5.9490862479433444 95.764077470637858 11.571010549785571 4.0447876127436784 20.40416564932093 11.414436727762221 280.4779730560258 124.61382958106697 522.84245051292237 47.22062835493125 920.78565404866822 211.96831692289561 1773.3617636949057 80.42679025256075 2.303249923978 2.6907251630909741 639.34831881173886 14.306313091889022 6236.2561377047095 13.095119942910967 38.348819554317743 196.90311362966895 18.687675529625267 18.468945474596694 24.847344126086682
leaf_count=44896 26184 80 866 153 6961 191 1853 584 78 512 229 5678 1960 13830 586 33296 2089 51858 3984 91 82 43551 397 77242 227 523 2198 285 285 284
internal_value=-5.67349e-05 0.000167154 -0.00210468 -0.0065418 0.00538218 0.00251334 0.0100464 0.000448817 0.0693352 0.0279328 0.0970021 0.0024471 0.0211952 0.00212461 0.0112106 -0.0107822 -0.0120916 0.000576613 -0.00677204 0.0514114 0.112614 -0.00796462 0.0727161 0.00133831 0.00846147 0.0236612 -0.00403653 0.0279323 0.0416897 0.0621079
internal_weight=15670.3 15488.5 5267.09 1923.94 504.385 483.785 341.464 3343.15 20.6001 165.273 15.4592 2702.47 145.018 2685.91 389.703 1419.56 1329.66 2296.2 176.191 16.565 4.99398 640.682 20.2554 10221.5 89.8984 51.4439 408.871 109.225 62.004 43.3163
internal_count=321033 294849 172711 55517 16318 15858 8897 117194 460 3060 307 73563 2472 72806 7118 39199 37583 65688 5837 757 173 43631 588 122138 1616 750 4287 1440 854 569
cat_boundaries=0 1 2 3
cat_threshold=8 4 8
is_linear=0
shrinkage=0.04


Tree=92
num_leaves=31
num_cat=1
split_feature=0 22 35 22 15 19 21 17 15 25 25 21 21 22 22 17 43 23 15 37 23 23 17 6 19 22 21 25 24 25
split_gain=42.2007 23.1432 20.2213 27.2192 25.591 29.2131 25.0685 25.5819 25.017 30.8883 53.1501 64.2338 48.0347 28.3754 27.0962 25.988 25.9595 25.2992 43.7999 36.0353 30.4409 68.2113 64.4344 29.1737 28.6052 25.8545 25.2936 24.6 36.8185 29.6731
threshold=3.1250000000000004 0.0096936672925949114 12.750000000000002 0.193641372025013 1.0000000180025095e-35 9.5000000000000018 61.860757827758796 4.5000000000000009 3.5000000000000004 524.37500000000011 293.62500000000006 67.372478485107436 67.775608062744155 0.019503099843859676 0.10516104474663736 3.5000000000000004 0 1.119209945201874 2.5000000000000004 70.223140716552749 1.0625432729721072 1.0649436712265017 3.5000000000000004 141.25000000000003 23.000000000000004 0.058246744796633727 63.194150924682624 677.12500000000011 0.10449781268835069 181.37500000000003
decision_type=10 8 2 10 2 8 8 10 2 2 2 10 10 10 8 10 9 8 2 10 10 10 10 2 8 10 10 2 10 2
left_child=1 -1 -3 4 -4 -6 -7 8 16 10 14 -12 -13 -14 -10 -11 26 20 19 23 24 22 -22 -19 -18 -23 -8 29 -29 -28
right_child=-2 2 3 -5 5 6 7 -9 9 15 11 12 13 -15 -16 -17 17 18 -20 -21 21 25 -24 -25 -26 -27 27 28 -30 -31
leaf_value=-0.019098304520986778 -0.014459076512889872 0.0022188612406650945 0.026914937928199673 0.0050249413193000246 -0.009105226427045067 -0.018885348397536254 0.0080949745661232433 -0.0072877090989816682 -0.0058439455523909946 0.0039419985898166967 0.0037001067212659874 0.092877533433422269 -0.031126776304762918 0.036047359601576755 0.010496261123958557 -0.024583844590078827 -0.027350337582038937 -0.0073058223148096662 -0.0064614906662697758 0.016310126319490695 0.023015029390655143 -0.0039649534329522984 0.11770206403276159 0.031965243895875253 0.00070008518296495984 0.010837511507584661 -0.0035864417945715805 -0.014463334560294945 0.068642940391746343 -0.016136097975440092
leaf_weight=96.120669240131974 312.52516591420863 6329.8344623533776 49.085360262775794 1143.1535246497951 779.47426192311104 121.41991628613323 195.87546425149776 810.88480905268807 332.2306630598614 116.94261654419824 150.1129956394434 23.026321864221245 10.153010269626973 120.21998604992405 315.50577041844372 89.176770970225334 65.466712566325441 276.41245679114945 1234.2433182683308 305.80334102362394 38.927194938296452 266.7591767150443 15.834730221657081 32.961137691745535 463.71739056729712 638.65507643599994 838.17085325322114 16.671778893563896 15.749313652981071 471.4757830897579
leaf_count=5994 37572 93080 1213 12020 21206 1611 4589 27021 9468 1332 1862 156 384 1588 6725 1455 2486 5525 16583 4314 701 5678 223 525 17613 11199 19836 399 178 8778
internal_value=6.83377e-05 0.000365026 0.000489064 -0.000735615 -0.00158147 -0.00176602 -0.000943064 -0.000621498 0.00027473 0.00555948 0.00860268 0.0223871 0.0405054 0.0305885 0.00211295 -0.00843939 -0.000979536 0.00100419 -0.00211555 0.00659364 0.00488639 0.00912947 0.0520859 -0.00301943 -0.0028076 0.00647233 -0.00525889 -0.0072546 0.0266338 -0.00811626
internal_weight=15676.6 15364.1 15267.9 8938.11 7794.96 7745.87 6966.4 6844.98 6034.09 1157.37 951.249 303.512 153.399 130.373 647.736 206.119 4876.72 3338.78 1849.42 615.177 1489.36 960.176 54.7619 309.374 529.184 905.414 1537.94 1342.07 32.4211 1309.65
internal_count=321314 283742 277748 184668 172648 171435 150229 148618 121597 22970 20183 3990 2128 1972 16193 2787 98627 64847 26947 10364 37900 17801 924 6050 20099 16877 33780 29191 577 28614
cat_boundaries=0 1
cat_threshold=68
is_linear=0
shrinkage=0.04


Tree=93
num_leaves=31
num_cat=0
split_feature=1 11 24 25 14 19 10 5 4 5 17 32 7 1 25 34 40 21 7 25 25 25 5 32 24 30 24 38 5 15
split_gain=42.6163 25.8788 18.0899 28.0696 17.6963 29.5673 21.0475 18.6085 20.523 23.1433 19.1158 18.5544 18.5366 16.3997 16.1728 15.8699 17.1048 15.8672 19.8804 14.8337 25.1634 21.8202 22.343 22.2912 21.3252 17.7414 15.4711 14.6987 14.5695 15.9372
threshold=2.7549999952316289 0.020431353710591797 0.25058004260063177 117.62500000000001 95.505001068115249 17.500000000000004 30.250000000000004 40.500000000000007 1.9450000524520876 55.500000000000007 2.5000000000000004 1.0503365993499758 46.500000000000007 2.4150000810623173 30.375000000000004 6.5000000000000009 0.1367781683802605 61.135782241821296 6.5000000000000009 465.75000000000006 765.12500000000011 387.87500000000006 42.500000000000007 1.1284058690071108 0.071071736514568343 0.047840010374784477 0.15303881466388705 1.2319074869155886 22.500000000000004 1.0000000180025095e-35
decision_type=10 10 10 2 8 10 2 2 2 2 10 8 2 8 2 2 10 8 2 2 2 2 2 10 8 10 10 8 2 2
left_child=4 2 14 -4 7 6 -6 12 9 -9 15 -7 28 -12 -2 -10 -17 -13 -19 21 -21 24 23 25 -20 -23 -22 -11 -1 -30
right_child=1 -3 3 -5 5 11 -8 8 10 27 13 17 -14 -15 -16 16 -18 18 19 20 26 22 -24 -25 -26 -27 -28 -29 29 -31
leaf_value=0.0021012538623455018 -0.0016915813764004392 -0.0014831420906837253 0.13284487233580536 0.00099268404430785792 -0.018238290781066029 0.011514088523746161 0.030546878603296468 0.00097719631657243477 0.0012695063532650573 0.016592552314848772 -0.0028533823090292547 0.010554019646535453 0.0062139285828740646 -0.011889156318693909 -0.019908341984090853 0.036800121743601706 -0.0054549495043055849 -0.010080360862906198 -0.010180373868679721 -0.010469274343090685 0.0089097807855270713 0.0033419208801662805 -0.018739758290104085 -0.0028246421921753317 0.0044108570788700639 0.048953098427669602 0.07006984796419502 0.061713251753415341 0.04797339950655595 -0.0023232830899905456
leaf_weight=6433.3548883905169 99.452449955511838 470.5854393246118 2.1904532383196083 13.990503610810263 243.68709622032475 170.02252437768038 14.072375125251709 317.49776496132836 265.63969827350229 91.982938867993653 1684.3434427268803 141.95764146186411 1394.5230028827209 397.19005986896809 372.04424786299933 45.198288730112836 22.361679550493136 494.04871727852151 236.10615856258664 343.93669181130826 26.662672553677112 18.647483901120722 21.369252358097583 30.967464375309646 493.38500548270531 53.649437615182251 8.06742024887353 12.63127687666565 9.1342436149716359 1724.6058916101465
leaf_count=86297 10902 16612 122 668 10555 5951 179 4215 4353 1077 30176 1391 15945 18673 39789 750 387 11262 7530 7104 336 323 581 358 9308 686 63 127 227 35232
internal_value=-2.21464e-05 -0.008191 -0.0146393 0.0257678 0.000510793 -0.00271318 -0.0154516 0.00110847 -0.00173534 0.00638906 -0.00315925 -0.00109396 0.00195271 -0.00458436 -0.0160861 0.00571864 0.0228802 -0.00224872 -0.003309 -0.000586124 -0.00716791 0.00233213 0.0177296 0.0254221 -0.000313717 0.0374493 0.024792 0.0226111 0.00122395 -0.00202849
internal_weight=15653.3 958.263 487.678 16.181 14695 2296.58 257.759 12398.5 2836.85 422.112 2414.73 2038.82 9561.62 2081.53 471.497 333.2 67.56 1868.8 1726.84 1232.79 378.667 854.125 124.634 103.264 729.491 72.2969 34.7301 104.614 8167.1 1733.74
internal_count=321179 68093 51481 790 253086 55627 10734 197459 59758 5419 54339 44893 137701 48849 50691 5490 1137 38942 37551 26289 7503 18786 1948 1367 16838 1009 399 1204 121756 35459
is_linear=0
shrinkage=0.04


Tree=94
num_leaves=31
num_cat=3
split_feature=4 22 15 21 19 22 21 21 23 9 28 22 0 6 37 42 23 6 25 6 22 21 12 25 43 17 0 25 23 43
split_gain=38.374 24.3503 20.0198 19.6083 27.7787 34.3721 42.329 23.47 29.6537 23.393 25.7423 34.2237 26.1381 21.4676 20.5937 26.808 24.7466 22.1494 21.6745 29.3181 19.666 19.7576 19.5564 19.504 26.2162 36.3197 18.5128 17.9276 16.4989 21.2439
threshold=3.0649999380111699 0.0096936672925949114 1.0000000180025095e-35 59.93836975097657 23.000000000000004 0.22780887037515643 59.510065078735359 60.142297744750984 1.4528056383132937 14.500000000000002 6.5000000000000009 0.093937966972589507 2.1049998998641972 57.500000000000007 76.125461578369155 0 1.0448461771011355 123.25000000000001 415.37500000000006 217.25000000000003 0.094713956117630019 70.254638671875014 9.5000000000000018 177.37500000000003 1 3.5000000000000004 2.5849999189376835 156.12500000000003 1.1748403906822207 2
decision_type=2 8 2 8 10 10 10 8 10 2 2 10 8 2 8 9 8 2 2 2 10 10 8 2 9 10 10 2 10 9
left_child=1 -1 22 4 -4 6 -6 8 -5 10 14 12 -12 -11 15 18 -16 -17 -9 -20 -13 28 -3 24 25 27 -19 -7 -22 -30
right_child=-2 2 3 7 5 23 -8 9 -10 13 11 20 -14 -15 16 17 -18 26 19 -21 21 -23 -24 -25 -26 -27 -28 -29 29 -31
leaf_value=-0.019668541803095629 -0.018589986790136064 0.0098979075588466886 0.019195312667694 -0.025859636980172671 0.0048566477171531662 0.028388771749565014 0.066872441457238044 0.0044257525171552507 0.035017713390370006 0.015761382050112259 -0.001530605906769879 0.054455343395806474 -0.012856836341535671 0.0025316825873852584 0.026358256069856395 0.00023669509068892432 0.0038786583561353284 -0.0034937663222406974 0.1190812425988325 0 -0.0063631411915175962 0.019672704096202035 0.062671244198952952 -0.010429671400848786 -0.0011942603341543651 -0.024474630605776537 -0.017737705640439468 0.097717045410681241 0.011809784332573157 -0.0061812025343125033
leaf_weight=96.994954521302134 174.74679754360113 46.604186513926834 195.48471376276575 99.422642952296883 48.179535130504519 77.14186997897923 27.05717717576772 15.282134092878552 13.737944533117114 218.49427408119664 533.48721892619506 10.045321599580346 841.95747765735723 1876.0108834623825 86.751110030454583 8031.6421927132178 746.29032819427084 755.97345640975982 7.6961079500615579 5.2630902230739594 445.06581115769222 79.825598721159622 14.142593856900929 216.2282943604514 367.38689796673134 20.096744872396812 180.55285341024864 5.8143446873873463 249.61120297759771 168.41606170637533
leaf_count=6343 26192 1167 1514 1011 454 1608 201 709 123 2095 10767 250 45438 21424 2885 128150 20309 16352 122 78 10756 1144 326 1607 2166 637 11927 71 3074 2325
internal_value=-3.83213e-06 0.000206899 0.000333745 0.000241868 0.00578164 0.00231416 0.0277963 -0.000127428 -0.018192 1.69855e-05 -0.000655442 -0.0044363 -0.00847099 0.00392055 0.000240123 -0.000316861 0.00625323 -0.000441929 0.0379189 0.0739827 0.0013857 0.000758999 0.023065 -0.000508411 0.00405566 0.0207614 -0.00626011 0.0344016 -0.0010064 0.00468885
internal_weight=15655.4 15480.7 15383.7 15322.9 957.39 761.905 75.2367 14365.5 113.161 14252.4 12157.9 2328.41 1375.44 2094.51 9829.45 8996.41 833.041 8968.17 28.2413 12.9592 952.964 942.919 60.7468 686.668 470.44 103.053 936.526 82.9562 863.093 418.027
internal_count=321225 295033 288690 287197 8258 6744 655 278939 1134 277805 254286 73754 56205 23519 180532 157338 23194 156429 909 200 17549 17299 1493 6089 4482 2316 28279 1679 16155 5399
cat_boundaries=0 1 2 3
cat_threshold=8 64 48
is_linear=0
shrinkage=0.04


Tree=95
num_leaves=31
num_cat=0
split_feature=1 11 22 14 35 21 25 25 19 22 19 24 24 22 25 0 32 11 17 19 16 1 25 21 23 21 29 24 23 37
split_gain=37.4722 31.2362 20.7961 19.8985 19.5326 26.1819 22.2593 31.0998 52.9248 53.6553 36.2802 35.3005 29.861 28.3567 27.2438 26.6473 25.1098 24.7847 22.152 20.5616 18.9256 20.9602 18.3874 21.364 18.3555 25.4201 18.0469 30.0287 17.4789 16.3337
threshold=2.7549999952316289 0.020431353710591797 0.26366053521633154 68.604999542236342 12.750000000000002 75.729537963867202 510.25000000000006 298.37500000000006 190.50000000000003 0.17265895754098895 167.50000000000003 0.3201736062765122 0.11491150408983232 0.020898253656923774 317.62500000000006 1.0549999475479128 1.1268523931503298 0.36030898988246923 1.5000000000000002 7.5000000000000009 2.5000000000000004 1.0549999475479128 661.25000000000011 69.172683715820327 1.1390727162361147 74.235458374023452 18.750000000000004 0.12200778722763063 1.3589462041854861 76.125461578369155
decision_type=10 10 10 10 2 10 2 2 10 10 10 10 10 10 2 10 10 8 8 10 2 8 2 10 10 10 2 10 8 8
left_child=4 2 3 -2 20 6 7 19 9 10 15 17 13 -10 -15 -9 -12 -11 -13 -6 21 -1 -8 -24 25 -16 -25 -28 -4 -23
right_child=1 -3 28 -5 5 -7 22 8 12 11 16 18 -14 14 24 -17 -18 -19 -20 -21 -22 29 23 26 -26 -27 27 -29 -30 -31
leaf_value=0.009499596542933704 0.016249005465796443 -0.00043568549626624343 0.10438537938418777 -0.018289907939450935 -0.010577263575043738 -0.0089609859683596332 -0.01209437743669688 0.00730263160864614 -0.025114341564123586 0.038561019028188641 0.00033716251710396914 0.033089971035348373 0.0068883277659871961 0.10351898321650475 0.016433935063046121 -0.018116763415899542 0.028033881503372746 0.00660910118118355 -0.036277551179531388 -0.00010120559515342188 -0.0036652395975977198 0.0012065785738872791 -0.0047809484946348731 0.0052607778959086185 0.066558334276709957 0.066648448340265468 0.077654264505221296 -0.020391818413132638 0 0.0087282969148114696
leaf_weight=691.5379849972669 27.536112633883022 470.42619296023622 3.1507239763159278 439.44381755182985 315.30586691270582 584.44968153315131 433.24608598649502 85.38939477968961 11.170883430633692 108.54744343645871 232.62575889052823 9.3409926369786245 115.08377345651388 9.0853175232186896 85.441857997328043 279.76761207869276 66.713833551853895 61.440698713064194 24.96997707337141 5750.1318758002017 778.56960236956365 4171.7316662345547 248.50623304676265 43.669890616787598 22.128474823199213 19.368602923117578 15.772517608944328 6.5352311045862725 6.7037787199951717 518.88348902796861
leaf_count=6151 2173 16564 249 48836 6990 24580 7228 674 425 906 4562 45 1252 90 1151 3968 772 331 246 111345 5223 61665 2411 565 161 155 196 95 272 11933
internal_value=-5.52318e-05 -0.00776214 -0.0149657 -0.0162144 0.000441978 -0.000797346 -0.000195199 0.000487128 0.0065736 0.00180538 -0.00370652 0.0196834 0.0222862 0.0341703 0.0392159 -0.012158 0.00659604 0.0271419 -0.016877 -0.000648106 0.00215815 0.00300182 -0.00675946 0.000592494 0.0338092 0.0262934 0.0206606 0.0491167 0.0398779 0.00204118
internal_weight=15636.7 947.261 476.834 466.98 14689.4 8528.69 7944.24 7196.51 1131.07 868.796 664.497 204.299 262.279 147.195 136.024 365.157 299.34 169.988 34.311 6065.44 6160.72 5382.15 747.73 314.484 126.939 104.81 65.9776 22.3077 9.8545 4690.62
internal_count=321214 68094 51530 51009 253120 168148 143568 133073 14738 11504 9976 1528 3234 1982 1557 4642 5334 1237 291 118335 84972 79749 10495 3267 1467 1306 856 291 521 73598
is_linear=0
shrinkage=0.04


Tree=96
num_leaves=31
num_cat=0
split_feature=4 28 2 23 21 25 20 11 16 14 15 25 25 21 2 21 39 25 38 23 25 24 17 36 25 24 5 5 24 25
split_gain=40.8823 26.9948 25.0945 16.8876 26.8503 22.6926 22.1704 19.276 19.9208 16.9647 22.5692 27.1515 67.9542 32.9536 28.952 24.4483 24.0719 21.0914 24.1447 20.5865 39.7422 25.1898 35.5511 49.3335 26.3706 24.7194 20.6723 19.1827 18.5457 17.6995
threshold=2.7350000143051152 6.5000000000000009 0.84499999880790722 1.0293902754783633 67.775608062744155 68.875000000000014 177.50000000000003 0.64760348200798046 4.5000000000000009 82.520000457763686 3.5000000000000004 531.87500000000011 279.37500000000006 67.372478485107436 0.19500000029802325 68.182941436767592 0.13537947833538058 111.87500000000001 1.178127706050873 1.06830769777298 85.375000000000014 0.052788728848099715 2.5000000000000004 0.087073933333158507 331.62500000000006 0.027737906202673916 42.500000000000007 41.500000000000007 0.029644383117556575 302.12500000000006
decision_type=2 2 8 8 10 2 2 10 2 10 2 2 2 10 10 10 8 2 8 8 2 10 10 8 2 10 2 2 8 2
left_child=3 2 -2 4 6 -6 -1 8 9 19 -11 12 17 -14 15 -15 -13 28 -19 20 -5 25 -23 26 -25 27 -24 -22 -12 -16
right_child=1 -3 -4 7 5 -7 -8 -9 -10 10 11 16 13 14 29 -17 -18 18 -20 -21 21 22 23 24 -26 -27 -28 -29 -30 -31
leaf_value=-0.010069724673876039 -0.010441260560412296 -0.022222199159719205 0.011302605108395534 0.00065763409224804995 -0.022053656708126562 -0.0048253822967087691 0.010145166177491862 0.012529840981564538 -0.024076046465577896 -0.0021332662951385646 0.059700234362923911 0.02756273408387188 0.0074876942510408882 0.050071326043321332 0.0071543907885155324 0.011202024445988477 -0.011468680547126534 -0.014146417432391423 0.016160578485068262 0.00113703647548887 0.087447397855427891 -0.0013468504055877076 0.042317231221583644 0.089528279721881113 0.010294248873407571 0.0068198036078816939 -0.011531951763871699 0.00077773635463514428 0.0026515006787208449 0.058429531485606222
leaf_weight=129.96682719374076 300.66603505972307 199.0682047639275 117.13178801699542 560.26236493245233 179.67575167736504 383.9735912384931 256.10513387783431 216.56635422073305 51.439437220804393 5068.6689586545108 8.3216930158669111 26.965666473843157 279.75437297625467 31.158005578443408 13.767941501922904 140.83285954408348 262.2494689617306 273.75227217469364 48.682651590090245 6189.9154227954568 10.251583933364602 35.948513031937182 21.182426648214459 35.982998314313591 8.7005728492513281 244.11819834751077 22.623452062252909 6.5916947664227328 446.02080912212841 58.085090142674744
leaf_count=2948 31142 26204 8763 12132 12760 14875 8059 1327 336 96719 396 251 2733 214 237 1722 3018 3827 558 73407 223 409 269 385 103 4704 349 225 12154 626
internal_value=-4.85308e-05 -0.0101325 -0.00432327 0.000366228 -0.00479282 -0.0103537 0.00332128 0.000715265 0.000529282 0.000623068 -0.000828645 0.00332756 0.00579472 0.0169181 0.0276461 0.0185155 -0.00773328 -0.0017101 -0.00952235 0.00197816 0.00747256 0.0173418 0.0321067 0.0456049 0.0747508 0.0101904 0.014781 0.0556975 0.003834 0.0488925
internal_weight=15628.4 616.866 417.798 15011.6 949.721 563.649 386.072 14061.8 13845.3 13793.8 6658.26 1589.59 1300.38 523.598 243.844 171.991 289.215 776.777 322.435 7135.58 945.662 385.399 124.438 88.4894 44.6836 260.961 43.8059 16.8433 454.343 71.853
internal_count=321075 66109 39905 254966 38642 27635 11007 216324 214997 214661 122455 25736 22467 5532 2799 1936 3269 16935 4385 92206 18799 6667 1515 1106 488 5152 618 448 12550 863
is_linear=0
shrinkage=0.04


Tree=97
num_leaves=31
num_cat=1
split_feature=1 22 16 9 4 21 20 23 39 11 25 36 0 15 20 42 8 31 23 0 23 22 23 25 25 21 1 20 23 25
split_gain=32.5759 18.718 18.6721 17.5334 30.3619 25.3846 17.8927 26.7555 24.6674 17.3819 17.0417 16.8509 19.1696 16.849 28.8715 31.4689 30.0951 27.2911 26.2284 20.5533 18.1658 17.915 62.1776 17.4147 17.0102 27.3837 25.4727 26.6325 22.9082 18.9058
threshold=3.0649999380111699 0.0096936672925949114 4.5000000000000009 12.500000000000002 1.9450000524520876 80.020374298095717 79.000000000000014 1.1990813612937929 3.6348249912261967 0.054571578279137618 44.125000000000007 0.073037512600421919 2.8249999284744267 3.5000000000000004 218.00000000000003 0 235.75000000000003 74.505519866943374 1.0484992265701296 2.1650000810623173 1.0601473450660708 0.066882424056530013 1.1405673623085024 379.25000000000006 235.75000000000003 57.208528518676765 2.3850001096725468 171.50000000000003 1.1277644634246828 84.125000000000014
decision_type=10 8 2 2 2 10 2 10 10 8 2 8 10 2 2 9 2 8 8 8 8 8 8 2 2 8 10 2 10 2
left_child=1 -1 3 6 5 -5 7 9 -9 -3 -2 12 -6 14 24 16 -16 -15 19 -19 -17 22 23 -22 25 -8 27 -26 -29 -27
right_child=10 2 -4 4 11 -7 13 8 -10 -11 -12 -13 -14 17 15 20 -18 18 -20 -21 21 -23 -24 -25 26 29 -28 28 -30 -31
leaf_value=-0.018053467258608142 0.0024809933234141231 0.047362983436946213 -0.022913283825093389 0.0082520177782460132 0.004558733496122163 0.061902781937465692 0.034939513186929207 0.0017557904138130968 -0.026625345760917393 0.010090871831172427 -0.017665617091180589 -0.0026241232168166769 0.053471616983794074 0.00060356213537795785 0.088475936876528216 -0.021200582068961093 0.00049297112268731856 0.0094797195147142705 0.008131458265692169 0.060268491437603017 -0.019399000973397727 -0.011670551839347034 0.17069238739692388 0.022063127176964757 -0.016113773836558241 -0.0017730269948552663 -0.013983739016177324 -0.0069628483156325225 0.0034259533287742451 0.0025130260433166947
leaf_weight=90.096498758997768 90.359550296328962 20.188031306955963 55.03883589245379 889.87675319006667 570.58626438863575 13.39338723849505 34.599715439602733 322.26082316599786 56.728710003197193 427.19512000121176 254.72379583108705 1187.1828351127915 12.147936762077732 1584.9685244559078 8.5315214544534701 227.8825643818127 18.205660968553275 22.601124876178801 231.32946503954008 30.289530955487862 29.413350938586518 204.55804059503134 2.7383078886196008 33.663536983076483 191.95708796288818 4572.6049498741049 351.46766629035119 529.1883802334778 943.61698795948178 2571.7825921024196
leaf_count=5944 10142 340 362 7499 6716 182 220 1644 324 2913 23773 15132 260 32185 155 13208 448 249 6603 1203 1083 5548 87 764 1908 107918 14625 10097 8618 40727
internal_value=-0.000251755 2.36609e-05 0.000132657 0.000218497 0.0031566 0.00911953 -0.000413974 0.00526839 -0.00254078 0.0118836 -0.0123868 0.000107748 0.0056751 -0.000819915 -0.00148902 -0.0106042 0.0308892 0.00265637 0.0140477 0.0392184 -0.0128962 -0.0058299 0.0121664 0.00266551 -0.000967062 -5.45709e-05 -0.00421245 -0.00213997 -0.000306287 -0.00022947
internal_weight=15579.2 15234.1 15144 15089 2673.19 903.27 12415.8 826.373 378.99 447.383 345.083 1769.92 582.734 11589.4 9720.21 524.993 26.7372 1869.19 284.22 52.8907 498.256 270.373 65.8152 63.0769 9195.22 7178.99 2016.23 1664.76 1472.81 7144.39
internal_count=320877 286962 281018 280656 29789 7681 250867 5221 1968 3253 33915 22108 6976 245646 205406 21293 603 40240 8055 1452 20690 7482 1934 1847 184113 148865 35248 20623 18715 148645
cat_boundaries=0 1
cat_threshold=8
is_linear=0
shrinkage=0.04


Tree=98
num_leaves=31
num_cat=3
split_feature=1 22 22 23 21 43 22 25 25 43 24 19 21 19 24 22 17 25 17 20 17 7 11 43 20 40 21 21 24 23
split_gain=30.6463 19.5633 17.5968 26.9876 24.2294 27.3347 21.971 27.1581 20.9268 22.0689 32.111 36.9704 30.1221 31.1618 31.76 30.3354 43.3053 71.3229 28.7216 28.1218 20.6453 27.8178 23.8526 23.2222 20.5394 22.0754 21.4043 39.5218 19.191 46.9581
threshold=3.1049998998641972 0.0069816617760807284 0.193641372025013 1.2481924295425417 61.583427429199226 0 0.12391588091850282 765.12500000000011 618.00000000000011 1 0.3201736062765122 59.500000000000007 61.135782241821296 128.50000000000003 0.19198799878358844 0.26366053521633154 3.5000000000000004 120.62500000000001 3.5000000000000004 218.00000000000003 3.5000000000000004 46.500000000000007 0.0081634009256958979 2 159.00000000000003 0.11774935945868494 63.194150924682624 62.764375686645515 0.12303834408521654 1.1789435744285586
decision_type=10 8 10 10 8 9 10 2 2 9 10 10 10 10 10 10 10 2 10 2 10 2 8 9 2 10 10 8 10 10
left_child=1 -1 3 4 5 -3 20 -8 9 10 12 -12 15 -14 -15 16 -4 -18 -17 -11 21 23 -22 -6 -23 -26 27 -27 29 -25
right_child=-2 2 8 -5 6 -7 7 -9 -10 19 11 -13 13 14 -16 18 17 -19 -20 -21 22 24 -24 28 25 26 -28 -29 -30 -31
leaf_value=-0.027167699209563939 -0.012640527718873633 0.012614468547360572 -0.014527872638510611 -0.0075442938373485834 -0.011702114795920439 -0.025781286486522687 0.0034461345113415503 0.06252963804418854 -0.029572746544849048 -1.4838700138522121e-05 0.038710025291240735 -0.021269518702922225 0.012303524235588779 0.021295208793759783 0.072072076310459796 0.026841528830536764 -0.015122575178352238 0.052115297490542514 -0.016321829906627713 0.021551085991565667 -0.01572448590049709 0.022792300322294314 -0.0022458613339994622 0.0008529053559170667 0.010550325952739987 -0.009897354458485632 -0.0024265121714704477 0.093613239580258953 -0.0057371503006820703 0.058655102095298811
leaf_weight=40.505541330669075 299.61160175024997 35.918518517515622 157.43253788305447 765.02531127072871 268.80000532150734 99.868462562328205 2459.1413352602394 11.523659909144042 29.351177396252751 1593.5970396475168 19.133032321929932 88.897538935299963 110.53059432678856 44.186774987960234 36.945439854171127 150.83768008463085 48.943461773451418 50.225020026788116 28.629959308775142 101.97208055853844 227.52068430837244 108.36050155619159 2632.9275541455718 4342.4756013820879 519.05688728636596 12.727554016280921 549.60076003905851 9.6453047087416035 758.16276241501328 21.607732180505991
leaf_count=2982 30489 583 2201 6805 9342 1509 31122 79 301 12290 99 974 1055 1117 340 1830 768 425 469 913 20308 1611 61033 104469 10024 159 8234 79 9412 169
internal_value=7.37208e-06 0.000255738 0.000330455 -0.000263924 0.000198263 -0.0165402 0.000390621 0.00374852 0.00342817 0.0038402 0.00956817 -0.0103524 0.013166 0.0263532 0.0450623 0.00731369 -0.0015037 0.0190712 0.0198814 0.00128415 -0.000487085 0.000744137 -0.00332447 -0.000481274 0.00625128 0.00458541 -0.000829645 0.0366526 0.000131535 0.00115339
internal_weight=15623.2 15323.6 15283 12822.4 12057.3 135.787 11921.6 2470.66 2460.68 2431.33 735.762 108.031 627.731 191.663 81.1322 436.069 256.601 99.1685 179.468 1695.57 9450.89 6590.44 2860.45 5391.05 1199.39 1091.03 571.974 22.3729 5122.25 4364.08
internal_count=321191 290702 287720 264938 258133 2092 256041 31201 22782 22481 9278 1073 8205 2512 1457 5693 3394 1193 2299 13203 224840 143499 81341 123392 20107 18496 8472 238 114050 104638
cat_boundaries=0 1 2 3
cat_threshold=48 196 8
is_linear=0
shrinkage=0.04


Tree=99
num_leaves=31
num_cat=1
split_feature=4 33 1 46 20 9 39 24 25 1 12 5 24 22 31 11 39 22 25 16 25 22 23 32 33 12 11 2 5 37
split_gain=34.2092 20.5969 20.3817 28.2087 20.461 24.3977 16.6383 16.5973 24.0065 16.238 17.0803 27.1423 14.9546 14.9343 19.1182 17.9191 17.6267 14.6189 15.2879 14.3225 13.7953 14.5591 17.2081 13.35 12.3641 20.4057 12.0327 11.5118 15.8462 15.4971
threshold=3.0649999380111699 3.3321957588195805 2.5349999666213994 0 159.00000000000003 1.5000000000000002 1.1212396621704104 0.11227729171514512 158.62500000000003 2.7749999761581425 3.5000000000000004 22.500000000000004 0.18260557204484942 0.028922154568135742 71.190662384033217 0.26094324886798864 0.75295814871788036 0.07381992414593698 66.125000000000014 4.5000000000000009 124.12500000000001 0.26366053521633154 1.1343392133712771 1.227342486381531 1.3202759027481081 4.5000000000000009 0.098060119897127165 -0.12499999627470969 41.500000000000007 71.410350799560561
decision_type=2 10 10 1 2 2 10 10 2 10 10 2 10 10 10 10 8 10 2 2 2 10 10 10 10 8 10 10 2 10
left_child=2 -2 19 7 5 6 9 26 17 10 -5 -12 -7 15 -15 -6 -16 18 -9 -1 21 22 -19 -3 -22 -26 -4 28 -18 -29
right_child=1 23 3 4 13 12 -8 8 -10 -11 11 -13 -14 14 16 -17 27 20 -20 -21 24 -23 -24 -25 25 -27 -28 29 -30 -31
leaf_value=0.00087913288398597288 -0.020286042345810138 0.12430901757754689 -0.021195216838914083 0.014182702538210103 -0.020407983768823797 -0.0048601452056078014 0.00011226879538089394 0.0081594932006922825 -0.018472485736787489 0.021316025669191198 0.15830457464584974 0.040156022091223188 0.032436050395130436 -0.0047265920973190781 -0.00085875046791418594 0.042374338498439662 0.033762175793702914 0.041671775498120844 0.12103948396063426 -0.019813650554483937 -0.023119485981421536 0.056674894618324333 -0.010275889808184646 -0.0038193441990279015 -0.0033907073940562015 0.096957782795527025 -0.0033061659519469668 0.063775620248154252 -0.012167873577781367 -0.015982735600954923
leaf_weight=13660.475222559646 162.10273637925275 1.638791874982416 251.6990476482315 6.5846017235890058 106.1918693826301 103.31249614385888 19.138499210122973 4.5260903872549525 88.965445505920798 24.550843924516812 5.3985604089684776 8.1662219029385579 19.589327395893633 617.10970385058317 152.96994279848877 6.8419918562285593 75.200737218605354 10.513915108167565 2.6743813348002732 52.715036161243916 3.3746727057732633 5.6759212047327301 88.148367769201286 2.3388630542904139 5.2287627952173326 6.9713080138899395 80.232085338793695 3.6473545575281632 13.597884597023947 23.07492734992411
leaf_count=213066 26008 110 19988 246 9728 2675 989 173 3077 1334 120 394 191 25428 7173 147 2041 376 119 346 104 131 2448 88 153 164 1984 319 466 1493
internal_value=8.59872e-05 -0.0179161 0.000280951 -0.0038042 -0.000328755 0.011784 0.0316396 -0.0113002 -0.00263198 0.0447528 0.0707619 0.0950924 0.00126602 -0.00260732 -0.000847159 -0.0162344 0.00803909 0.00848107 0.0602204 0.000797857 0.00486882 -0.000473868 -0.00433738 0.0625341 0.0387711 0.0566482 -0.0169061 0.019762 0.0266271 -0.00304431
internal_weight=15612.7 166.08 15446.6 1733.38 1185.37 186.741 63.8387 548.01 216.079 44.7002 20.1494 13.5648 122.902 998.634 885.601 113.034 268.491 127.113 7.20047 13713.2 119.913 104.338 98.6623 3.97765 15.5747 12.2001 331.931 115.521 88.7986 26.7223
internal_count=321079 26206 294873 81461 52744 5949 3083 28717 6745 2094 760 514 2866 46795 36920 9875 11492 3668 292 213412 3376 2955 2824 198 421 317 21972 4319 2507 1812
cat_boundaries=0 1
cat_threshold=4
is_linear=0
shrinkage=0.04


Tree=100
num_leaves=31
num_cat=1
split_feature=4 33 5 11 20 11 25 7 30 8 18 25 19 11 22 20 25 25 37 25 24 24 23 37 23 46 19 32 25 1
split_gain=28.9547 25.3463 18.9305 37.4992 22.501 26.4519 48.5212 21.5734 19.5003 18.3683 20.1249 27.093 25.031 17.9717 16.5414 21.9713 17.791 16.0873 24.2187 21.7754 21.7421 31.0196 16.8006 29.2291 15.7763 19.7326 33.0475 26.3461 24.6745 19.4212
threshold=3.1149998903274541 3.3321957588195805 33.500000000000007 0.015655637718737129 159.00000000000003 0.023289714939892295 120.62500000000001 43.500000000000007 0.13040983676910403 116.25000000000001 1.5000000000000002 690.87500000000011 167.50000000000003 0.14790815860033038 0.11901463195681573 179.00000000000003 164.62500000000003 279.37500000000006 68.14087295532228 288.37500000000006 0.026368985883891586 0.027737906202673916 1.0933781862258913 75.15198135375978 1.0116243958473208 0 5.0000000000000009 1.0658542513847353 44.125000000000007 2.5849999189376835
decision_type=2 10 2 10 2 10 2 2 10 2 10 2 10 10 10 2 2 2 8 2 8 8 10 10 8 1 8 10 2 10
left_child=2 -2 7 -4 5 6 -5 24 -7 -6 14 -12 -13 -9 15 16 -11 20 -19 -20 -17 -22 -21 -24 -1 26 -26 28 -28 -27
right_child=1 -3 3 4 9 8 -8 13 -10 10 11 12 -14 -15 -16 17 -18 18 19 22 21 -23 23 -25 25 29 27 -29 -30 -31
leaf_value=-0.0084923540406339707 -0.021535656533062962 0.076398930551336106 -0.01394334317676563 0.017385230755872089 -0.012455854685849864 0.0060007850559119892 0.22888051465105161 0.024054795243105442 0.065920961774949771 0.00036054010999837923 -0.0043241727802769674 0.051371728323863927 -0.001238876245070204 0.0049823933619108614 0.0076561249852528622 -0.026414841886966661 -0.014707672928943661 0.043216185948894072 0.080235281734089989 0.013751094319356189 0.084379518633009382 8.6982370074662065e-05 -0.010546613733993881 0.063205974845207347 -0.026920378403300551 -4.3776968087544423e-05 0.022340454571848262 0.0020378721654080588 0.0052892248555290733 -0.0093869271783362986
leaf_weight=301.28249624616001 130.20061301067472 3.3904361862223586 382.91406588698737 6.45114467665553 233.0334909419762 208.57521423138678 1.5026344126090405 85.634119576076046 8.1085483089555037 261.74485729425214 2032.1000581178814 26.19702770980075 30.513179262168705 937.72009418532252 596.95369142759591 48.797492776531726 238.65908630518243 31.65516152465716 5.3464191793464115 163.61640673037618 6.1825243197381488 257.91514044930227 122.32337397523224 8.2390117896720749 56.765350701520219 5461.3604500771035 207.58987250470091 3004.4702174675185 394.17030072910711 379.8555106195854
leaf_count=12719 21789 162 33831 412 7436 4525 57 1066 80 6571 40010 201 374 9355 6326 3195 3217 431 129 3206 313 7169 1465 87 1455 80684 2560 46692 6634 19193
internal_value=1.34002e-06 -0.0184713 0.000161994 -0.00196595 -0.000892425 0.0114006 0.0788878 0.00108031 0.00855397 -0.00157566 -0.000909587 -0.00355695 0.0234641 0.0066042 0.00226379 -0.000549552 -0.00683301 0.0043291 0.0104624 0.00685526 -0.00216255 0.00238621 0.0052408 -0.00541707 0.000502785 0.000789214 0.00309057 0.00357141 0.0112053 -0.000653551
internal_weight=15633.3 133.591 15499.7 4670.83 4287.91 224.638 7.95378 10828.8 216.684 4063.28 3830.24 2088.81 56.7102 1023.35 1741.43 1144.48 500.404 644.076 331.18 299.525 312.895 264.098 294.179 130.562 9805.49 9504.21 3663 3606.23 601.76 5841.22
internal_count=321344 21951 299393 119035 85204 5074 469 180358 4605 80130 72694 40585 575 10421 32109 25783 9788 15995 5318 4887 10677 7482 4758 1552 169937 157218 57341 55886 9194 99877
cat_boundaries=0 1
cat_threshold=8
is_linear=0
shrinkage=0.04


Tree=101
num_leaves=31
num_cat=0
split_feature=4 22 14 5 20 4 24 25 25 23 20 23 25 21 8 21 25 22 16 25 25 25 20 23 25 25 40 21 22 0
split_gain=31.6641 19.4711 18.0561 17.513 34.9428 36.1595 21.0261 21.0338 26.2852 29.6943 29.0034 29.0482 24.4884 29.7512 20.3519 19.6389 20.0493 53.6246 18.978 19.4082 47.4832 18.7886 18.3005 18.1207 22.9247 35.3544 32.8587 19.2597 18.1273 18.1154
threshold=3.0649999380111699 0.0069816617760807284 80.485000610351577 28.500000000000004 159.00000000000003 2.2749999761581425 0.3201736062765122 84.125000000000014 164.62500000000003 1.0293902754783633 179.00000000000003 1.1789435744285586 29.375000000000004 69.930908203125014 110.25000000000001 61.583427429199226 213.25000000000003 0.021674870513379577 2.5000000000000004 243.87500000000003 225.87500000000003 713.87500000000011 218.00000000000003 1.2078961133956911 465.75000000000006 248.37500000000003 0.10099612176418306 76.094738006591811 0.028545571491122249 2.5449999570846562
decision_type=2 8 8 2 2 2 10 2 2 10 2 10 2 10 2 10 2 10 2 2 2 2 2 10 2 2 10 10 10 8
left_child=1 -1 -2 14 -5 6 7 12 9 -9 11 15 13 -6 -3 -10 17 -17 19 20 -13 -21 -11 24 25 -12 -27 -26 -28 -7
right_child=2 3 -4 4 5 29 -8 8 10 22 23 18 -14 -15 -16 16 -18 -19 -20 21 -22 -23 -24 -25 27 26 28 -29 -30 -31
leaf_value=-0.027165518307578247 0.019625030228401837 0.00071054924036684458 -0.022333086583172807 0.0099860372849760685 0.0069133624114184038 -0.0046718401541719409 -0.022392843619518796 -0.028443216919991104 -0.037817540501739549 0.013509299107497598 -0.0036365497512866034 0.0051589028016209831 -0.010834110748447676 -0.017594413219412044 0.0071930992974815486 0.087784578401175206 -0.011957997643169155 -0.0022590434996377869 -0.014931184754286335 -0.00046616405729416836 0.077941149668433504 0.038292756388148656 -0.0051220183812486679 -0.010748151116283118 -0.0041503124567723662 0.0057171156702282054 0.0061579799104298132 0.027996521045315678 0.034517527343440282 -0.014598507801017376
leaf_weight=40.573028938379139 17.639191060094163 8852.954820371815 143.20112914405763 392.17242622934282 367.2196833291091 834.73714628722519 67.932391664944589 31.875877922400832 37.48340033646673 529.3779257456772 186.00055762846023 51.865768067538738 544.40740882966202 99.961246080929413 848.53452741075307 10.504440885968505 522.00756838172674 130.72604253515601 76.251350529491901 276.00305960467085 18.982625698670745 20.559042376466095 99.414200063794851 115.87574600009248 366.82361462712288 202.4642819724977 47.174148885998875 31.438286073040217 164.88332995586097 456.10663148609456
leaf_count=3133 2082 147334 24208 8891 9372 27869 599 1210 287 6390 2808 380 13435 2816 8374 143 6473 1248 425 2164 133 165 1518 1012 4958 3331 1126 492 1780 36833
internal_value=-1.29527e-05 0.000171457 -0.017614 0.000245577 -0.00151741 -0.00237269 -0.00049211 -0.000107052 0.00161425 0.0086261 -0.000437538 -0.00491011 -0.00507583 0.00163459 0.00127864 -0.00997708 -0.00834307 0.00498021 0.00308812 0.00686903 0.0255287 0.002327 0.0105538 0.004151 0.00589258 0.0108221 0.0173126 -0.0015389 0.028286 -0.00819101
internal_weight=15585.2 15424.3 160.84 15383.7 5682.25 5290.08 3999.23 3931.3 2919.71 660.668 2259.04 1144.38 1011.59 467.181 9701.49 700.721 663.238 141.23 443.662 367.41 70.8484 296.562 628.792 1114.66 998.784 600.522 414.522 398.262 212.057 1290.84
internal_count=320989 294699 26290 291566 135858 126967 62265 61666 36043 9118 26925 11418 25623 12188 155708 8151 7864 1391 3267 2842 513 2329 7908 15507 14495 9045 6237 5450 2906 64702
is_linear=0
shrinkage=0.04


Tree=102
num_leaves=31
num_cat=2
split_feature=1 22 11 46 22 16 22 25 11 31 39 38 14 20 23 46 13 4 31 22 25 25 11 15 25 21 25 25 20 1
split_gain=27.4313 25.7775 26.9929 17.4446 19.6009 16.7827 15.8274 17.6512 15.8185 15.3639 22.2233 14.7655 16.3415 14.3853 14.2061 16.2602 13.8091 17.7025 25.1066 13.2715 13.1649 16.7205 12.819 12.9307 13.7704 26.2229 25.7105 23.3408 34.1886 33.3936
threshold=2.5849999189376835 0.042542364448308952 0.058887748047709472 0 0.12520716339349749 3.5000000000000004 0.39696128666400915 55.875000000000007 0.64760348200798046 72.094116210937514 0.6428392529487611 1.1150497794151308 95.384998321533217 184.00000000000003 1.06830769777298 1 1.0000000180025095e-35 2.3149999380111699 70.25766754150392 0.0069816617760807284 14.375000000000002 11.875000000000002 0.82555782794952404 1.0000000180025095e-35 82.375000000000014 70.066753387451186 31.125000000000004 181.37500000000003 179.00000000000003 1.1349999904632571
decision_type=10 10 10 1 10 2 10 2 10 10 8 8 8 2 10 1 10 2 10 8 2 2 10 2 2 10 2 2 2 10
left_child=5 2 -2 4 -3 6 16 -8 -7 -5 -11 -12 -13 14 15 -4 19 -18 -19 -1 21 -6 23 -21 25 26 -25 -26 29 -29
right_child=1 3 13 9 20 8 7 -9 -10 10 11 12 -14 -15 -16 -17 17 18 -20 22 -22 -23 -24 24 27 -27 -28 28 -30 -31
leaf_value=-0.026029690975448241 -0.023708932498321456 -0.01523958458929109 0.057321918099637784 -0.0021157065462242735 -0.00048636357792606569 -0.011025281711520269 0.046424337337096944 0.0060119281036428822 0.030269025358744206 -0.0031275975589525303 0.015422041864721304 0.025262670243890381 0.10120013392657028 -0.012574875154701615 -0.012096225015877579 -0.00042435351152147804 0.0081663398692613329 0.013197991319217466 0.12256726004702051 0.020447334396818288 0.00010959954155471093 0.10575333890866941 0.01684452969612972 0.0034924535269698193 0.0043808635131956991 -0.0054717176273220685 -0.0028256443825245238 0.0017903535745554203 0.003394048974760035 -0.0075073425791368281
leaf_weight=29.037177369464189 204.9017574370373 279.18523725168779 17.555107423104346 692.35256955656223 4.9045689231716079 280.53400621563196 23.821348141878843 59.231315254699439 14.673425700515507 93.725256300996989 75.427608295576647 14.056036750436762 6.6613594435621044 52.897781632607803 16.229018875397742 13.201663489569912 115.01107163657434 9.5274659765418601 4.5293943928554645 50.760799295734614 114.59413078462239 3.4411471291678026 76.160107926465571 2247.694869356812 2862.3429594435729 1569.2974117416888 1900.9314874933334 1104.9421596566681 2242.9247570463922 1399.1171495928429
leaf_count=1853 27079 17751 534 31734 191 1760 223 529 72 4493 3252 511 261 2494 429 488 955 152 108 1144 4341 93 496 54232 38987 39469 29394 8614 33431 16167
internal_value=-1.05644e-05 -0.00498925 -0.0154301 -0.00249837 -0.00939273 0.000554976 0.000758929 0.0180651 -0.00886397 0.000646681 0.0106989 0.024112 0.053399 0.00158028 0.0175298 0.0331768 0.000651725 0.013624 0.0545043 0.00052625 0.00386852 0.0495194 0.000585792 0.000491681 0.000413845 -0.0010689 0.000596507 0.00152855 -0.000191058 -0.00340396
internal_weight=15579.7 1589.13 304.785 1284.35 402.125 13990.5 13695.3 83.0527 295.207 882.223 189.87 96.145 20.7174 99.8836 46.9858 30.7568 13612.3 129.068 14.0569 13483.2 122.94 8.34572 13454.2 13378 13327.3 5717.92 4148.63 7609.33 4746.98 2504.06
internal_count=321237 93651 31024 62627 22376 227586 225754 752 1832 40251 8517 4024 772 3945 1451 1022 225002 1215 260 223787 4625 284 221934 221438 220294 123095 83626 97199 58212 24781
cat_boundaries=0 1 2
cat_threshold=4 8
is_linear=0
shrinkage=0.04


Tree=103
num_leaves=31
num_cat=2
split_feature=0 22 16 15 37 7 31 30 8 14 5 32 2 6 12 9 6 30 14 29 14 43 22 25 2 17 6 22 23 43
split_gain=24.6398 39.2156 23.1416 24.808 22.91 21.8518 21.5562 21.7932 19.1286 23.1864 16.3554 14.9793 14.3639 13.3229 12.4556 12.3987 20.4266 17.8177 13.6966 17.0082 14.0586 12.7146 26.0902 22.677 18.1364 14.005 21.9146 20.8286 18.4351 16.9458
threshold=2.6550000905990605 0.038171408697962768 1.5000000000000002 1.0000000180025095e-35 75.782459259033217 80.500000000000014 76.861141204833999 0.15995124727487567 55.500000000000007 70.259998321533217 65.500000000000014 1.1200506687164309 1.3650000095367434 115.25000000000001 3.5000000000000004 14.500000000000002 53.500000000000007 0.069513037800788893 70.545001983642592 7.2500000000000009 69.479999542236342 0 0.078136648982763304 235.75000000000003 0.45499999821186071 4.5000000000000009 39.500000000000007 0.035123189911246307 1.0746911168098452 1
decision_type=10 8 2 2 8 2 10 10 2 10 2 10 10 2 8 2 2 8 10 2 10 9 10 2 10 10 2 8 10 9
left_child=10 4 3 11 12 -6 7 -5 9 -9 15 14 -2 -14 -3 21 -17 18 20 -20 -18 22 -1 24 -24 29 27 -27 -29 -23
right_child=1 2 -4 6 5 -7 -8 8 -10 -11 -12 -13 13 -15 -16 16 17 -19 19 -21 -22 25 23 -25 -26 26 -28 28 -30 -31
leaf_value=-0.0088143464235615025 -0.026767628902527898 0 0.016556649348848207 -0.0062688015275875865 0.0011863139047610159 0.1266445145925866 0.031882708635024806 -0.0021715752853479287 -0.010990965519913562 0.071377709275469658 -0.0088178226072148629 -0.0085430813781498579 0.039795870914730878 -0.034169250938875545 0.13516043614333026 0.015670982585832011 0.012052382251467516 3.6450675821502241e-05 -0.018810178760737581 0.0098181756888982164 0.065371791050927996 -0.0080645007306937889 0.019438669415061258 -0.023723656954712707 0.060235679193145278 0.08399291272283621 -0.0079191083118722722 -0.024033621481365328 0.019544283103025896 0.00064240485925505964
leaf_weight=67.371839834144339 206.81850249879062 1.4469541140133504 98.389026195160113 1000.2660527768312 38.971578713622876 1.3617143816081796 24.90653071179986 11.137805800652133 16.723011777387001 16.201387496781535 296.66436487832107 2.7240495980950072 9.6193755050189775 5.1830394510179749 3.3201862948480994 199.32473605964333 20.853982983157039 1410.9087617853656 35.552960543427616 360.51559770992026 12.616099312901495 359.19284163974226 79.616996746510267 14.16416555456817 22.288955551572144 5.2866080831736317 638.83063923381269 20.171504352474585 57.310033288318664 10538.370130896801
leaf_count=1432 25814 164 2376 69813 3664 51 1178 164 813 706 7470 95 336 247 235 1805 200 15029 488 3965 99 8118 1170 115 217 134 20291 635 509 153803
internal_value=-4.87702e-05 -0.00503735 -0.00190721 -0.00361191 -0.0190031 0.00848026 -0.00415248 -0.00504539 0.0221615 0.0422538 0.000458298 0.0644755 -0.0240385 0.0131206 0.10114 0.000658012 0.00353695 0.00221284 0.00933565 0.00719739 0.0335799 0.000159866 0.0103039 0.0222957 0.0288993 -9.67412e-06 -0.0054028 0.0138338 0.00798659 0.000347527
internal_weight=15576.1 1437.07 1175.12 1076.73 261.954 40.3333 1069.23 1044.33 44.0622 27.3392 14139 7.49119 221.621 14.8024 4.76714 13842.4 2039.77 1840.45 429.539 396.069 33.4701 11802.6 183.442 116.07 101.906 11619.2 721.599 82.7681 77.4815 10897.6
internal_count=321136 105656 75544 73168 30112 3715 72674 71496 1683 870 215480 494 26397 583 399 208010 21586 19781 4752 4453 299 186424 2934 1502 1387 183490 21569 1278 1144 161921
cat_boundaries=0 1 2
cat_threshold=128 8
is_linear=0
shrinkage=0.04


Tree=104
num_leaves=31
num_cat=2
split_feature=0 22 15 14 11 37 43 0 6 44 22 25 28 40 25 25 29 22 24 23 1 22 21 24 15 21 24 24 23 22
split_gain=25.1222 18.9313 14.7628 29.0555 29.8106 19.3533 18.616 17.6528 32.7732 25.0419 22.2845 19.3909 17.4142 19.2218 17.2965 53.0516 27.8887 25.4852 42.9539 32.4266 30.7423 20.852 22.9815 21.9873 23.2771 18.4748 18.0058 61.3523 30.1669 27.1124
threshold=3.1350001096725468 0.0096936672925949114 3.5000000000000004 91.909999847412124 0.41498298943042761 69.745433807373061 0 1.0000000180025095e-35 4.5000000000000009 1 0.044447327032685287 677.12500000000011 4.5000000000000009 0.098862621933221831 524.37500000000011 345.75000000000006 15.750000000000002 0.019503099843859676 0.071824256330728545 1.1644505858421328 3.0349999666213994 0.24123191833496097 60.628669738769538 0.3201736062765122 4.7500000000000009 66.233051300048842 0.082709267735481276 0.083733066916465773 1.0504927635192873 0.056795187294483192
decision_type=10 8 2 8 10 8 9 10 2 9 8 2 2 10 2 2 2 10 10 10 8 8 10 10 2 10 10 10 10 10
left_child=1 -1 3 7 6 -6 -5 9 -9 -3 -11 -10 13 -12 15 21 -17 -18 -19 -20 -21 22 -4 24 -23 -16 28 -28 -24 -29
right_child=-2 2 14 4 5 -7 -8 8 11 10 12 -13 -14 -15 25 16 17 18 19 20 -22 23 26 -25 -26 -27 27 29 -30 -31
leaf_value=-0.018537170254928789 -0.0122514899051146 0.016108942754543339 -0.024168126180701483 -0.014039497106514977 -0.0026957156445648746 0.024322350882380387 -0.003617699632890561 -0.016577653297250163 9.5895267295309234e-05 0.023714909565465337 -0.010302480256767237 0.016357560340224616 -0.00016796274298139084 0.020596707291218513 -0.018266284337282394 -6.0411752470684735e-05 -0.032533124733123753 0.052517124003100574 -0.00060713953060433892 0.040247474372915447 -0.0092925298555650276 0.018855227071299083 0.0045228026544884151 -0.013162330326828101 -0.027255999431023387 0.0011621152723631167 0.078621674863833799 0.051209707531564376 -0.014455300794465975 0.001393424631296624
leaf_weight=85.019452907145023 263.82159700989723 237.88697205018252 62.967666250420734 305.77667587902397 75.632545032538474 94.379429770633578 2341.7208843406988 186.53394787572324 7836.4015238304855 73.97133498522453 41.510169028071687 118.11804300686345 1350.6848410218954 133.20309497974813 112.91896285396069 107.41346305096522 11.539764580782501 72.410568148945458 94.98650231724605 98.897920492105186 24.503931784071028 238.39505622023717 259.71318281407002 50.355369545519352 17.96236959239468 249.13311487063766 16.388552312739193 16.920681864954531 274.58728778525256 728.89067285472993
leaf_count=6002 35325 1992 924 13476 656 723 63062 1790 133678 1326 449 1221 15208 910 1304 1069 456 1148 1333 764 370 4945 10044 487 943 3342 179 296 7537 10135
internal_value=-3.63592e-05 0.000174535 0.000280437 -0.000262876 -0.00384939 0.0123341 -0.00489441 0.000749708 -4.92287e-05 0.00429015 0.00240509 0.000339896 0.00136999 0.0132157 0.00313261 0.00454063 0.0174172 0.0236195 0.0259654 0.0169442 0.0303825 0.00136303 -0.000761976 0.0107667 0.0155154 -0.00491994 0.000389468 0.00433684 -0.00523172 0.00259605
internal_weight=15582.6 15318.8 15233.8 12795.8 2817.51 170.012 2647.5 9978.31 8141.05 1837.26 1599.37 7954.52 1525.4 174.713 2437.99 2075.93 409.752 302.339 290.799 218.388 123.402 1666.18 1359.47 306.713 256.357 362.052 1296.5 762.2 534.3 745.811
internal_count=321094 285769 279767 234491 77917 1379 76538 156574 136689 19885 17893 134899 16567 1359 45276 40630 5140 4071 3615 2467 1134 35490 29115 6375 5888 4646 28191 10610 17581 10431
cat_boundaries=0 1 2
cat_threshold=12 48
is_linear=0
shrinkage=0.04


Tree=105
num_leaves=31
num_cat=1
split_feature=4 22 21 21 19 22 21 25 17 8 32 24 14 1 19 25 25 0 21 25 39 11 46 30 17 32 25 21 19 24
split_gain=24.2946 17.8202 14.9819 19.6901 19.2796 19.8556 28.801 17.3106 21.4412 33.924 24.5711 16.9058 16.4794 33.9526 19.3375 17.2319 23.9542 25.1663 23.1585 28.4517 24.8533 24.1894 20.453 19.9253 19.3458 23.8712 19.5898 44.0417 62.0909 45.8077
threshold=3.0649999380111699 0.0096936672925949114 59.93836975097657 60.142297744750984 23.000000000000004 0.22780887037515643 59.510065078735359 177.37500000000003 2.5000000000000004 84.500000000000014 1.1586913466453554 0.3201736062765122 88.345001220703139 2.1950000524520878 10.500000000000002 89.500000000000014 167.62500000000003 1.735000014305115 69.501586914062514 28.375000000000004 1.7754115462303164 0.090800609439611449 0 0.059554249048233039 1.5000000000000002 1.2039438486099245 115.62500000000001 63.97326850891114 36.000000000000007 0.083215549588203444
decision_type=2 8 8 8 10 10 10 2 10 2 10 10 10 8 10 2 2 10 10 2 8 10 1 8 10 10 2 10 10 10
left_child=1 -1 4 -4 -3 6 -6 8 -7 10 -10 12 15 -14 -15 18 24 -18 19 21 22 23 -21 -5 25 -17 -26 28 -28 -29
right_child=-2 2 3 11 5 7 -8 -9 9 -11 -12 -13 13 14 -16 16 17 -19 -20 20 -22 -23 -24 -25 26 -27 27 29 -30 -31
leaf_value=-0.018076766679246101 -0.015789058121534905 0.016033623510629435 -0.016856212550282614 0.10321160159302881 0.0024090646227257597 0.00013034232149095206 0.053116506925497242 -0.0094557242721392838 0.0094299262358382638 0.010867355982628628 0.12003168408110014 -0.01220510302233936 0.0021767579967872062 -0.014631006244765002 -0.0034122382716934032 0.0054404024223704897 0.0043816869427847974 -0.0036659016907666922 -0.0041851321845129191 0.0072507355132588949 -0.01029504768327804 0.0016792261358614916 -0.0035348074737328169 0.011078336514798176 0.004048187272888578 -0.019283934282872735 -0.025022179747229797 0.023430036246594278 0.055441730098038704 -0.00079258282623794222
leaf_weight=85.20753762498498 155.34624280745629 199.34896596102044 111.17664438858628 2.8072970577049992 48.555466815829277 386.84145754855126 27.668671831488609 215.1711745467037 5.4809034254867566 73.880937847774476 7.8039397194515914 179.23142733145505 2128.6565112341195 269.68589931819588 2728.5399203532143 214.15273347240873 1388.6828634147532 1123.8191029907903 1703.8022894075839 469.97547195595689 444.52330460108351 1114.8836478849407 697.26832333172206 587.00187124102376 531.47938343614805 87.015065004117787 18.464099801145494 222.06361737602856 75.961283577606082 283.06086258101277
leaf_count=6277 26385 1494 1130 73 456 2550 196 1618 196 1590 142 1250 29230 14043 89773 2226 9364 17121 39996 6545 5551 18643 10005 19179 8159 561 168 4037 577 2901
internal_value=-0.000100447 5.82339e-05 0.000160352 -0.000163212 0.00498327 0.00208283 0.0213167 -6.6474e-05 0.0041982 0.0219997 0.0785354 -3.17151e-05 0.000123687 -0.00168461 -0.00442723 0.00115834 0.00313647 0.000780457 -0.000395512 0.00155084 -0.002257 0.00515266 0.000806916 0.0116976 0.00726341 -0.00173003 0.00966111 0.0146151 0.0395684 0.00987355
internal_weight=15587.6 15432.2 15347 14382.3 964.752 765.403 76.2241 689.178 474.007 87.1658 13.2848 14271.1 14091.8 5126.88 2998.23 8964.96 3944.7 2512.5 5020.26 3316.46 1611.77 1704.69 1167.24 589.809 1432.2 301.168 1131.03 599.55 94.4254 505.124
internal_count=321436 295051 288774 280532 8242 6748 652 6096 4478 1928 338 279402 278152 133046 103816 145106 45114 26485 99992 59996 22101 37895 16550 19252 18629 2787 15842 7683 745 6938
cat_boundaries=0 1
cat_threshold=8
is_linear=0
shrinkage=0.04


Tree=106
num_leaves=31
num_cat=2
split_feature=0 16 40 22 14 1 15 0 6 11 31 40 19 25 24 4 46 31 19 19 25 24 0 44 20 8 33 14 20 32
split_gain=23.6724 16.3534 16.5106 16.1688 14.1594 35.5641 21.1912 19.9732 34.4405 18.6102 18.2181 22.108 14.0707 16.6064 18.0603 14.9815 13.9691 19.1692 17.2064 23.4154 14.8828 19.0647 15.3894 13.6131 18.0443 21.5883 18.0295 16.7937 30.3091 16.1784
threshold=3.1250000000000004 1.5000000000000002 0.13277003169059756 0.0069816617760807284 88.184997558593764 2.2050000429153447 3.5000000000000004 1.0000000180025095e-35 3.5000000000000004 0.35620281100273138 77.52548980712892 0.036759257316589362 10.500000000000002 101.12500000000001 0.25813205540180212 2.2549999952316289 0 70.000324249267592 163.50000000000003 17.500000000000004 22.375000000000004 0.10043824836611749 3.0749999284744267 1 159.00000000000003 94.250000000000014 1.206227779388428 69.174999237060561 159.00000000000003 1.164377808570862
decision_type=10 2 8 8 8 8 2 10 2 10 10 10 10 2 10 2 1 10 10 10 2 10 8 9 2 2 8 10 2 8
left_child=3 -2 -3 -1 7 10 9 23 -9 12 -6 -12 -7 14 16 -15 17 -14 19 -19 21 -21 -22 27 25 -25 -26 -5 -29 -28
right_child=1 2 -4 4 5 6 -8 8 -10 -11 11 -13 13 15 -16 -17 -18 18 -20 20 22 -23 -24 24 26 -27 29 28 -30 -31
leaf_value=-0.026453107756058941 -0.014298139780414328 -0.015518895427204634 0.056272158500218258 0.022405816403826041 0.0017579116391062987 -0.016263342234505557 0.0011429920773054661 -0.01838827804790559 0.00052761646701747988 0.0078771144241650756 0.0012655476028258169 0.063345420606676667 -0.0064738280314917728 -0.0055459731263562484 0.048556181205764458 -0.014686111315745732 -0.0067595276623562918 -0.028323395537126952 -0.0041511393952674419 0.070712416041984735 0.0099062777782576994 0.0064207064827953974 0.085279248719545842 -0.0044825522173287729 -0.0075331782407377168 0.032606977008313359 0.01494258511808417 -0.011161197000651891 0.046103720725942009 0.0038392415915791045
leaf_weight=35.813023248687387 261.77779480360914 8.8129898848710599 10.025330047239548 147.94103293772787 2284.3550125381444 242.85071549471468 835.37402888573706 156.06966351810843 7883.3434141477337 138.47754374193028 20.132883056765422 16.1452347189188 121.84021019318607 842.92462243442424 10.635192042682318 437.7187080392614 370.2260283890646 10.969120237976311 49.573495727730915 24.15081402414944 47.141897135181352 10.950010199332608 3.8535931179067111 495.57661856338382 125.07153389393352 25.435278876684606 371.44887579558417 71.846760453656316 17.553354721516371 486.47478948626667
leaf_count=2958 36789 419 320 1245 30884 13533 23556 1353 126508 1381 342 269 6328 14244 107 21161 16597 360 3320 724 1482 258 133 5698 1272 210 4065 596 132 4880
internal_value=-0.00018756 -0.0116794 0.0233957 2.39215e-05 8.81008e-05 -0.00154177 -0.00431211 0.000999651 0.000157662 -0.00628511 0.00221321 0.029959 -0.00719273 -0.00604147 -0.000821911 -0.00868218 -0.00172499 0.005202 0.0149085 0.0246266 0.0316663 0.0515003 0.0172095 0.0048823 0.00338164 -0.00260522 0.00659268 0.0136082 0.000423911 0.00866303
internal_weight=15564.5 280.616 18.8383 15283.9 15248.1 5467.32 3146.69 9780.76 8039.41 2311.31 2320.63 36.2781 2172.83 1929.98 649.34 1280.64 638.705 268.479 146.639 97.0654 86.0963 35.1008 50.9955 1741.35 1504.01 521.012 982.995 237.341 89.4001 857.924
internal_count=321124 37528 739 283596 280638 134679 103184 145959 127861 79628 31495 611 78247 64714 29309 35405 29202 12605 6277 2957 2597 982 1615 18098 16125 5908 10217 1973 728 8945
cat_boundaries=0 1 2
cat_threshold=8 48
is_linear=0
shrinkage=0.04


Tree=107
num_leaves=31
num_cat=2
split_feature=1 46 19 23 21 25 22 35 16 15 22 21 22 22 22 17 7 19 30 22 22 21 46 19 25 19 25 25 11 35
split_gain=28.154 15.5481 15.6979 15.4796 17.6933 28.7867 28.727 17.4087 15.143 14.2905 17.9985 20.0106 16.6648 13.9722 13.9455 13.7734 29.6513 19.3941 14.3766 13.5666 13.5223 13.4538 12.429 27.0392 24.921 30.5332 32.7578 31.215 26.2466 24.1372
threshold=3.1049998998641972 0 111.00000000000001 1.0293902754783633 67.775608062744155 82.375000000000014 0.074320640414953246 15.250000000000002 4.5000000000000009 1.5000000000000002 0.091056916862726225 66.798545837402358 0.088442854583263411 0.39696128666400915 0.035563597455620773 3.5000000000000004 57.500000000000007 23.000000000000004 0.053822208195924766 0.012240967713296415 0.014692337252199652 70.499790191650405 1 5.0000000000000009 164.62500000000003 170.50000000000003 279.37500000000006 496.62500000000006 0.41498298943042761 11.750000000000002
decision_type=10 1 8 8 10 2 10 2 2 2 10 10 8 8 10 10 2 8 10 8 8 10 1 8 2 8 2 2 10 2
left_child=3 -2 -3 4 9 -6 7 15 19 -1 11 -11 -13 -12 -9 16 18 -17 -7 -5 -18 -8 23 -21 -25 28 -27 -28 -26 -30
right_child=1 2 -4 8 5 6 21 14 -10 10 13 12 -14 -15 -16 17 20 -19 -20 22 -22 -23 -24 24 25 26 27 -29 29 -31
leaf_value=0.031989859111103053 -0.028640633706324869 0.0057699760081823901 -0.016238882247832213 -0.020802575346917644 -0.021765466813662943 0.017006296832245346 -0.014458715100094631 -0.02369336490903463 -0.020804268344810462 0.061577416225381265 -0.0043925600332320102 -0.0079530633149383339 0.10194862569755068 0.050153308426360191 0.020816957810027265 0.046039499077736627 0.11246835735394664 -0.020097918905349725 -0.010447931416396702 -0.025974902971453551 0.016046346138714758 0.033231881288187728 -0.00031311102712068523 0.004676739375009422 -0.0045750806297838471 -0.014018258503557144 0.024696045779399458 0.00021154783250224037 0.02754998968271246 -0.005208700031934247
leaf_weight=22.573944781091996 71.267909348942339 88.124737464473583 122.90650367212947 46.467836416326463 193.01370358339045 54.651060190284625 11.206819033483042 110.4728680344997 52.353967607021332 14.138638226198962 325.40507762460038 22.260543705779131 1.4376597551163275 6.6854964047670355 11.662898723152464 6.9011185793206087 4.9105663252994391 70.133720471174456 66.498293088749051 53.246691490872763 4.6586785299004996 44.422822444234043 8798.3144084212836 3168.9197743043769 1645.2000196864828 80.204338210634887 194.51889646891505 145.7744837962091 80.717166587710381 63.50943486392498
leaf_count=945 9546 7200 13811 2950 15807 2537 189 6809 349 434 9014 1298 65 142 407 138 137 3976 2307 1270 108 519 156021 54256 24428 1562 2293 2115 382 363
internal_value=-9.84577e-05 -0.0125932 -0.00704545 0.000132625 -0.00475184 -0.00919447 -0.0028503 -0.00735801 0.000464213 0.001793 -0.000120183 0.0256386 0.00241003 -0.00313519 -0.019276 -0.000273636 0.00759766 -0.0136077 0.00194189 0.000543937 0.0718644 0.0234681 0.00061538 0.00211977 0.0024034 -0.000855276 0.00882864 0.0142505 -0.00313679 0.0131608
internal_weight=15582.6 282.299 211.031 15300.3 971.034 578.533 385.519 329.889 14329.2 392.501 369.927 37.8368 23.6982 332.091 122.136 207.753 130.719 77.0348 121.149 14276.9 9.56924 55.6296 14230.4 5432.09 5378.84 2209.92 420.498 340.293 1789.43 144.227
internal_count=321378 30557 21011 290821 44832 32934 17127 16419 245989 11898 10953 1797 1363 9156 7216 9203 5089 4114 4844 245640 245 708 242690 86669 85399 31143 5970 4408 25173 745
cat_boundaries=0 1 2
cat_threshold=4 8
is_linear=0
shrinkage=0.04


Tree=108
num_leaves=31
num_cat=1
split_feature=4 20 6 19 25 23 11 25 20 23 25 9 14 21 4 0 22 22 14 6 37 21 24 25 25 0 28 44 14 40
split_gain=25.0479 17.8543 14.1133 26.0902 30.657 31.1026 30.0654 22.0923 21.9998 20.7229 17.0846 16.5604 18.9483 18.819 18.7913 32.3579 20.1108 22.1394 19.6248 18.5504 17.7928 18.5237 32.3588 16.7384 23.0719 16.5965 16.3197 21.3157 16.9651 19.6849
threshold=3.0649999380111699 175.00000000000003 122.25000000000001 59.500000000000007 391.50000000000006 1.0640090107917788 0.029882637783885006 677.12500000000011 218.00000000000003 1.0649436712265017 431.12500000000006 13.500000000000002 96.634998321533217 80.24106597900392 1.8550000190734866 0.75499999523162853 0.025052327662706379 0.018693005666136745 95.634998321533217 4.5000000000000009 72.266063690185561 70.319358825683608 0.03664576634764672 15.875000000000002 14.375000000000002 2.935000061988831 6.5000000000000009 0 87.349998474121108 0.19939786940813067
decision_type=2 2 2 10 2 10 10 2 2 10 2 2 10 10 2 10 8 10 10 2 10 10 10 2 2 10 2 9 10 8
left_child=2 -2 11 4 5 -4 -5 -8 10 -7 -6 13 -13 14 15 16 17 -1 -18 -17 -16 23 -23 24 -22 -21 27 28 29 -24
right_child=1 -3 3 6 8 9 7 -9 -10 -11 -12 12 -14 -15 20 19 18 -19 -20 25 21 22 26 -25 -26 -27 -28 -29 -30 -31
leaf_value=-0.0044246076176654957 0.0045271297752002308 -0.025279479308207703 -0.018774089448793125 -0.016951396864650175 0.046890660075356909 0.074377010776101371 -0.0033320898784380193 0.016003023943547297 0.04412606303225191 0.0055447316657773957 -0.0016250771504241737 0.0041875657196590449 0.029617171264062797 -0.011863636991301498 0.00094888313179626149 -0.021938817173617647 0.0028442333823994752 0.056870639819533574 -0.0058233692152410334 -0.0035622713484559127 0.021579025622280378 0.019983129684320238 0.012339343317730936 0.0089040673247854137 0.10201883034669287 -0.024846592739691146 -0.015319980280689092 -0.02010289584127543 -0.0022493789974036989 0.086273719429990903
leaf_weight=16.19966348959133 45.860702644335106 102.94877959985752 97.541579257231206 254.62091543094721 13.77249765396118 6.2062565661035469 1960.6035802887054 98.300005003809929 48.979562759865075 273.44572402129415 53.370190751738846 1284.5003474908881 47.768972368910909 195.39452093257569 5028.4274749137694 98.899105972144753 2150.1954299299978 20.757393973413855 517.57631665887311 1857.972691037925 44.230431628646329 119.79738062247634 134.47013213229366 642.74550982925575 5.7953662499785414 59.646513827960007 128.19411654444411 54.182356980862096 211.40118310728576 5.0912205851636818
leaf_count=540 6093 20174 4757 23036 109 106 38012 963 750 4747 931 13447 426 9734 103909 1232 23676 470 8900 25961 888 4566 2794 9223 82 5900 3572 1049 5268 78
internal_value=0.000178661 -0.016098 0.000336927 -0.00222764 0.00611232 0.000549135 -0.00400958 -0.00239969 0.0239898 0.00734614 0.00880999 0.000907619 0.00512388 0.00040936 0.000626899 -0.00128515 0.00157292 0.0304885 0.00115957 -0.0051195 0.00204369 0.00612729 0.00128361 0.0106797 0.0327929 -0.004239 -0.00293868 0.000997181 0.00475009 0.0156595
internal_weight=15578.9 148.809 15430.1 2806.84 493.316 377.194 2313.52 2058.9 116.122 279.652 67.1427 12623.2 1332.27 11291 11095.6 4721.25 2704.73 36.9571 2667.77 2016.52 6374.34 1345.91 653.136 692.771 50.0258 1917.62 533.339 405.145 350.963 139.561
internal_count=321393 26267 295126 73411 11400 9610 62011 38975 1790 4853 1040 221715 13873 207842 198108 66679 33586 1010 32576 33093 131429 27520 17327 10193 970 31861 12761 9189 8140 2872
cat_boundaries=0 1
cat_threshold=8
is_linear=0
shrinkage=0.04


Tree=109
num_leaves=31
num_cat=0
split_feature=1 15 0 23 0 24 25 37 21 2 21 21 11 9 12 11 8 21 21 19 1 12 37 15 19 23 25 24 1 38
split_gain=23.8051 19.2503 16.5175 14.963 17.4401 20.5376 18.8983 15.1469 14.385 13.2694 13.2597 22.6964 20.2554 18.0634 15.2018 12.6068 14.2593 13.6658 28.1468 34.2507 28.0583 25.2773 29.0469 23.3108 26.5446 26.4683 44.5965 17.4763 15.2256 15.0696
threshold=3.1049998998641972 1.0000000180025095e-35 3.0349999666213994 1.0293902754783633 1.5549999475479128 0.022670523263514045 635.37500000000011 71.301120758056655 67.775608062744155 2.3549998998641972 77.739685058593764 76.24585342407228 0.05563293211162091 1.0000000180025095e-35 7.5000000000000009 0.71984010934829723 38.500000000000007 74.533176422119155 74.235458374023452 55.000000000000007 0.86500000953674328 11.500000000000002 68.611049652099624 2.5000000000000004 128.50000000000003 1.0496999621391299 487.75000000000006 0.042904643341898925 2.3249999284744267 1.0480428338050845
decision_type=10 2 10 8 10 10 2 8 10 8 10 10 10 2 10 10 2 10 10 10 10 8 10 2 10 10 2 10 10 8
left_child=1 -1 -2 4 -3 6 7 8 9 -6 11 13 -13 -9 -14 17 -17 18 -5 -20 -21 22 -22 24 28 27 -27 -25 -19 -26
right_child=2 3 -4 15 5 -7 -8 10 -10 -11 -12 12 14 -15 -16 16 -18 23 19 20 21 -23 -24 25 29 26 -28 -29 -30 -31
leaf_value=0.022390533166602691 -0.0046639711638471488 0.0022259184099673135 -0.025381403074733681 0.0004595955087302633 0.0044267629077930212 -0.025242168568456371 0.034919876254691402 0.031931160788421641 -0.019466212030170436 -0.01878920839565193 -0.011652323042543907 -0.0032738688247741224 0.14027919685051349 -0.0097667168309835736 0.016304164881740475 0.0065048406499575544 0.04046491809157747 -0.00030219833862767874 -0.020043214895905322 -0.0090214977216624588 0.14040365241427885 0.0018008012315216329 0.047128383225786358 0.0091877608835569911 0.023919004857592206 -0.0067804489158171275 0.078405704550184807 0.059286526359275102 -0.024932905394473043 -0.034082226260006697
leaf_weight=61.093252806109376 184.77602134423796 356.73198309307918 92.291677080793306 12978.021586518735 118.20998977613635 101.59473541902844 16.80136194312945 25.010426296270452 174.79913771222346 57.76710218237713 49.390311707393266 4.4637787396786717 4.4401729195378721 44.98992720618844 2.7553396513685584 127.96931192278862 22.650678787380457 193.96000041568186 23.373556535691023 17.80930062266998 5.8479240535525596 14.840156279271467 38.453549240715802 192.36541395634413 6.9791382781695566 470.83035074733198 9.0400573089718801 10.931646132376043 49.760889812372625 93.638157487730496
leaf_count=1468 12357 8221 18286 207493 5290 7733 330 1330 12875 2392 3852 465 98 1827 166 729 145 6202 709 372 128 343 838 6972 485 11812 110 239 3603 4434
internal_value=-4.71142e-05 0.000163764 -0.0116458 7.27782e-05 -0.00476613 -0.00892518 -0.00554874 -0.00703757 -0.0113669 -0.00323473 0.00451868 0.0143704 0.0637068 0.00531508 0.101076 0.000398178 0.0118714 0.000274552 0.000623905 0.0216253 0.034428 0.0475109 0.0623568 -0.00416449 -0.0126345 0.000111021 -0.00500764 0.0121783 -0.00542877 -0.0298239
internal_weight=15551.6 15274.5 277.068 15213.4 956.954 600.222 498.628 481.826 350.776 175.977 131.05 81.6596 11.6593 70.0004 7.19551 14256.5 150.62 14105.9 13078.3 100.324 76.9509 59.1416 44.3015 1027.51 344.338 683.167 479.87 203.297 243.721 100.617
internal_count=321304 290661 30643 289193 44579 36358 28625 28295 20557 7682 7738 3886 729 3157 264 244614 874 243740 209883 2390 1681 1309 966 33857 14724 19133 11922 7211 9805 4919
is_linear=0
shrinkage=0.04


Tree=110
num_leaves=31
num_cat=1
split_feature=14 9 22 31 29 25 15 0 11 21 11 21 25 37 0 5 8 16 25 31 22 22 18 40 5 43 33 38 24 36
split_gain=19.0198 32.0157 27.858 23.3393 17.6102 21.3972 16.9685 15.8537 15.4698 15.3521 15.9785 23.0565 15.6863 15.2357 14.8945 31.7126 14.6224 14.4911 14.5288 13.8777 24.9595 13.7303 23.5455 13.4929 13.4468 13.2497 18.2235 14.9388 19.6362 15.4797
threshold=88.184997558593764 1.5000000000000002 0.042542364448308952 77.52548980712892 12.750000000000002 189.12500000000003 3.5000000000000004 2.245000004768372 0.64760348200798046 69.779163360595717 0.093683511018753066 70.319358825683608 88.125000000000014 71.095458984375014 1.0000000180025095e-35 1.5000000000000002 204.25000000000003 4.5000000000000009 661.25000000000011 69.247005462646499 0.04496899992227555 0.096611455082893385 1.5000000000000002 0.051907835528254516 21.500000000000004 0 2.4875597953796391 1.1391510963439944 0.14897271245718005 0.056294579058885581
decision_type=8 2 8 10 2 2 2 10 10 10 8 10 2 8 10 2 2 2 2 10 8 10 10 8 2 9 10 8 10 10
left_child=14 2 7 8 -5 23 16 -2 -3 -8 11 24 -13 -14 19 -16 25 18 -17 20 -1 -20 -23 -6 -11 27 -27 28 29 -4
right_child=1 3 6 4 5 -7 9 -9 -10 10 -12 12 13 -15 15 17 -18 -19 21 -21 -22 22 -24 -25 -26 26 -28 -29 -30 -31
leaf_value=0.045226237548790627 -0.0055493679767434538 -0.00010295059422916932 -0.013709106095338928 0.0044591598265018217 0.026730289034077849 0.0072171600117789357 -0.00069032809046328154 -0.020644937005072764 0.018270297529354759 0.1002718029812875 -0.0093284392151979246 -0.016571853030822706 0.070536371912083159 0.014775542726133193 -0.017376789086172285 0.00051149763660807818 0.037044747129923707 -0.028160922493373392 -0.0014469477975325162 -0.0025921468787389024 0.0054315036386375385 0.0015577476409136782 0.046636564993468403 0.11703138590150645 0.019378710700567871 -0.014608257553592685 0.01232554237578379 -0.010590385109629022 0.011259614925201888 0.00053218882499308758
leaf_weight=24.752849676180631 196.60997982812114 3017.1739531500498 175.65622041537426 24.865599454031326 5.0971514377743015 9.93967073317617 421.06357749865856 261.25500060431659 74.139027153141797 8.1846494526835141 29.245899633038789 18.268327135359868 8.9645837460411695 42.667065238114446 158.62906565656886 7839.9370201191632 11.839653833187183 26.869874123483896 52.515895186457783 363.39809018955566 1355.1115786302835 35.812842968851328 38.024875410832465 7.5737387891858825 6.2477675310801706 393.10770502081141 43.836785205290653 315.98302272427827 179.71676409500651 393.745534550515
leaf_count=312 7931 48683 8139 507 75 119 14299 31762 480 451 409 1332 423 1602 1468 135051 495 196 657 3871 13893 322 288 130 356 20769 1903 7605 3068 14478
internal_value=-6.25803e-05 -0.00191532 -0.00528558 0.000775452 0.0283163 0.0530834 -0.00328572 -0.0141977 0.000342168 0.00283149 0.0158147 0.0245882 0.01451 0.0256893 0.000994103 0.000275714 -0.00544915 0.000628668 0.000729799 0.00434903 0.0061805 0.0141331 0.0251388 0.0856107 0.0690374 -0.00581119 -0.0116099 -0.00328026 -0.000225189 -0.00387046
internal_weight=15540.2 5645.18 2506.39 3138.79 47.4762 22.6106 2048.53 457.865 3091.31 534.642 113.578 84.3324 69.9 51.6316 9895.05 8151.79 1513.89 7993.16 7966.29 1743.26 1379.86 126.354 73.8377 12.6709 14.4324 1502.05 436.944 1065.1 749.119 569.402
internal_count=321074 165016 115022 49994 831 324 75329 39693 49163 18872 4573 4164 3357 2025 156058 137982 56457 136514 136318 18076 14205 1267 610 205 807 55962 22672 33290 25685 22617
cat_boundaries=0 1
cat_threshold=144
is_linear=0
shrinkage=0.04


Tree=111
num_leaves=31
num_cat=3
split_feature=4 17 22 22 40 22 32 25 25 21 46 12 4 5 31 11 17 14 22 35 20 1 20 25 25 46 25 23 46 21
split_gain=19.8717 16.5093 28.2769 23.9485 41.2508 21.0578 30.1109 22.0758 16.8232 26.4995 16.7021 14.7142 23.8996 25.3957 22.3199 21.5878 20.6496 20.2085 24.9183 20.6929 18.7911 26.2312 22.4459 18.7476 20.1901 18.9164 18.3211 22.3248 17.8505 17.7966
threshold=3.0649999380111699 4.5000000000000009 0.015367629006505014 0.016710150055587295 0.15215279906988147 0.11901463195681573 1.0990867018699648 276.37500000000006 213.25000000000003 63.460294723510749 0 2.5000000000000004 1.0000000180025095e-35 60.500000000000007 70.65738677978517 0.051106549799442298 3.5000000000000004 94.430000305175795 0.04496899992227555 10.750000000000002 79.000000000000014 1.0000000180025095e-35 171.50000000000003 431.12500000000006 423.75000000000006 1 677.12500000000011 1.1234417557716372 2 61.135782241821296
decision_type=2 10 10 10 10 10 10 2 2 10 1 8 2 2 8 10 8 10 8 2 2 8 2 2 2 1 2 10 1 8
left_child=1 11 -3 4 -4 -5 -7 8 10 -10 -8 15 13 -13 23 17 28 18 19 -1 -17 22 -22 24 -14 -26 -25 -28 -16 -19
right_child=-2 2 3 5 -6 6 7 -9 9 -11 -12 12 14 -15 16 20 -18 29 -20 -21 21 -23 -24 26 25 -27 27 -29 -30 -31
leaf_value=0.082939065944968707 -0.014608723950491712 -0.020140531539883218 0.11438071891192467 -0.0048321390075297095 -0.027928016205531096 -0.017344955682750376 0.0017284392667893786 -0.0062702219749980418 0.0063006785920167686 0.099550937824405952 0.033028549905079349 -0.0056128501929252244 0.0013616539474047781 0.053648815500616717 0.0026657530496723421 0.0043671516420554848 -0.0019267635929992796 0.012638341879610236 0.0020058240773963175 0.017400838649491147 -0.024325732207659427 -0.0088458069136464444 0.038451832684982777 -0.0088412307253515621 0.059415103400309033 -0.0055509781819009577 -0.027866667734471561 0.012251021068603124 0.0097395496083996277 -0.0068314164931783617
leaf_weight=7.9448793468764043 144.79266948555596 151.16862362448592 6.3763815325219166 1064.7049697150942 5.1983492241706699 54.453702945378609 51.221911013592035 49.128173843957484 8.9877846557647008 10.320248234085737 58.338596711633727 863.46484004228842 5359.526003922685 10.722425440326331 1015.1699798199115 255.86592021025717 554.06578171695583 83.215440416941419 1836.7118894689484 66.869823330780491 11.549285175278781 1093.2567894414533 33.322435211390257 552.72552697826177 17.446279926225543 11.299823273904623 25.179423215333372 144.48144344752654 1311.4182064156048 690.76313213945832
leaf_count=393 26327 10275 197 34372 212 1422 501 492 83 95 548 21449 81660 278 25114 1517 17050 708 26909 2515 162 13058 233 7066 113 109 369 1503 25338 21259
internal_value=8.90686e-05 0.000228414 -0.00381679 -0.00191427 0.0530117 -0.00244793 0.00842939 0.0163896 0.0250407 0.0587881 0.0185792 0.000652435 0.00148812 -0.00482093 0.00210244 -0.00136741 0.00500467 0.000727942 0.00293695 0.0254155 -0.00540455 -0.00760678 0.0220286 0.000733032 0.00154509 0.034415 -0.00531231 0.0061453 0.0066572 -0.00471933
internal_weight=15549.7 15404.9 1459.9 1308.73 11.5747 1297.16 232.45 177.997 128.869 19.308 109.561 13945 9865.5 874.187 8991.31 4079.5 2880.65 2685.51 1911.53 74.8147 1393.99 1138.13 44.8717 6110.66 5388.27 28.7461 722.386 169.661 2326.59 773.979
internal_count=321327 295000 48197 37922 409 37513 3141 1719 1227 178 1049 246803 180049 21727 158322 66754 67502 51784 29817 2908 14970 13453 395 90820 81882 222 8938 1872 50452 21967
cat_boundaries=0 1 2 3
cat_threshold=8 8 4
is_linear=0
shrinkage=0.04


end of trees

feature_importances:
course_history_fail_rate=392
course_history_effective_support=309
course_history_avg_mark=266
gpa_prev_1=240
gpa_prev_2=190
start_agpa_points=166
prior_fail_credit_ratio=166
course_history_avg_attempt=135
degree_credits_count=118
plan_credits_count=114
start_total_in_courses=103
diploma_gpa=103
course_credits=92
course_history_retake_rate=90
plan_year_order=84
part_semester=72
start_total_in_credits=69
plan_requirement_type_id=56
attempt_number=54
plan_credit_weighted_avg_mark=43
prior_total_fail_courses=41
plan_credit_weighted_fail_rate=37
peer_credit_weighted_avg_mark=37
peer_credit_weighted_avg_attempt=30
prior_total_fail_credits=29
peer_max_fail_rate=29
plan_credit_weighted_avg_attempt=28
prior_total_reg_credits=27
peer_total_credits=26
course_history_fallback_level=23
plan_total_credits=23
gpa_trend_delta=21
prior_total_reg_courses=21
peer_difficulty_credit_load=21
plan_difficulty_credit_load=18
peer_credit_weighted_fail_rate=17
plan_course_type_id=16
prior_registered_semesters=14
plan_course_count=14
diploma_type_id=12
plan_semester_order=10
peer_course_count=2
observed_gap_semesters=1
course_history_missing=1

parameters:
[boosting: gbdt]
[objective: binary]
[metric: binary_logloss]
[tree_learner: serial]
[device_type: cpu]
[data_sample_strategy: bagging]
[data: ]
[valid: ]
[num_iterations: 112]
[learning_rate: 0.04]
[num_leaves: 31]
[num_threads: 0]
[seed: 42]
[deterministic: 1]
[force_col_wise: 1]
[force_row_wise: 0]
[histogram_pool_size: -1]
[max_depth: -1]
[min_data_in_leaf: 80]
[min_sum_hessian_in_leaf: 0.001]
[bagging_fraction: 0.9]
[pos_bagging_fraction: 1]
[neg_bagging_fraction: 1]
[bagging_freq: 1]
[bagging_seed: 42]
[bagging_by_query: 0]
[feature_fraction: 0.9]
[feature_fraction_bynode: 1]
[feature_fraction_seed: 42]
[extra_trees: 0]
[extra_seed: 12879]
[early_stopping_round: 0]
[early_stopping_min_delta: 0]
[first_metric_only: 0]
[max_delta_step: 0]
[lambda_l1: 0.1]
[lambda_l2: 1]
[linear_lambda: 0]
[min_gain_to_split: 0]
[drop_rate: 0.1]
[max_drop: 50]
[skip_drop: 0.5]
[xgboost_dart_mode: 0]
[uniform_drop: 0]
[drop_seed: 17869]
[top_rate: 0.2]
[other_rate: 0.1]
[min_data_per_group: 100]
[max_cat_threshold: 32]
[cat_l2: 10]
[cat_smooth: 10]
[max_cat_to_onehot: 4]
[top_k: 20]
[monotone_constraints: ]
[monotone_constraints_method: basic]
[monotone_penalty: 0]
[feature_contri: ]
[forcedsplits_filename: ]
[refit_decay_rate: 0.9]
[cegb_tradeoff: 1]
[cegb_penalty_split: 0]
[cegb_penalty_feature_lazy: ]
[cegb_penalty_feature_coupled: ]
[path_smooth: 0]
[interaction_constraints: ]
[verbosity: -1]
[saved_feature_importance_type: 0]
[use_quantized_grad: 0]
[num_grad_quant_bins: 4]
[quant_train_renew_leaf: 0]
[stochastic_rounding: 1]
[linear_tree: 0]
[max_bin: 255]
[max_bin_by_feature: ]
[min_data_in_bin: 3]
[bin_construct_sample_cnt: 200000]
[data_random_seed: 42]
[is_enable_sparse: 1]
[enable_bundle: 1]
[use_missing: 1]
[zero_as_missing: 0]
[feature_pre_filter: 1]
[pre_partition: 0]
[two_round: 0]
[header: 0]
[label_column: ]
[weight_column: ]
[group_column: ]
[ignore_column: ]
[categorical_feature: 42,43,44,45,46]
[forcedbins_filename: ]
[precise_float_parser: 0]
[parser_config_file: ]
[objective_seed: 16083]
[num_class: 1]
[is_unbalance: 0]
[scale_pos_weight: 1]
[sigmoid: 1]
[boost_from_average: 1]
[reg_sqrt: 0]
[alpha: 0.9]
[fair_c: 1]
[poisson_max_delta_step: 0.7]
[tweedie_variance_power: 1.5]
[lambdarank_truncation_level: 30]
[lambdarank_norm: 1]
[label_gain: ]
[lambdarank_position_bias_regularization: 0]
[eval_at: ]
[multi_error_top_k: 1]
[auc_mu_weights: ]
[num_machines: 1]
[local_listen_port: 12400]
[time_out: 120]
[machine_list_filename: ]
[machines: ]
[gpu_platform_id: -1]
[gpu_device_id: -1]
[gpu_device_id_list: ]
[gpu_use_dp: 0]
[num_gpu: 1]

end of parameters

pandas_categorical:[["__MISSING__", "__UNKNOWN__", "1", "2", "3"], ["__MISSING__", "__UNKNOWN__", "1", "2", "3", "4", "5", "6"], ["__MISSING__", "__UNKNOWN__", "13.111", "15.111", "16.111", "55.111"], ["__MISSING__", "__UNKNOWN__", "2.111", "3.111"], ["__MISSING__", "__UNKNOWN__", "1", "2", "3"]]
