tree
version=v4
num_class=1
num_tree_per_iteration=1
label_index=0
max_feature_idx=46
objective=regression
feature_names=gpa_prev_1 gpa_prev_2 gpa_trend_delta gpa_trend_missing start_agpa_points start_total_in_courses start_total_in_credits prior_total_reg_courses prior_total_reg_credits prior_total_fail_courses prior_total_fail_credits prior_fail_credit_ratio prior_registered_semesters observed_gap_semesters diploma_gpa course_credits attempt_number plan_year_order plan_semester_order plan_credits_count degree_credits_count course_history_avg_mark course_history_fail_rate course_history_avg_attempt course_history_retake_rate course_history_effective_support course_history_fallback_level course_history_missing plan_course_count plan_total_credits plan_credit_weighted_fail_rate plan_credit_weighted_avg_mark plan_credit_weighted_avg_attempt plan_difficulty_credit_load peer_course_count peer_total_credits peer_credit_weighted_fail_rate peer_credit_weighted_avg_mark peer_credit_weighted_avg_attempt peer_difficulty_credit_load peer_max_fail_rate peer_difficulty_missing plan_course_type_id plan_requirement_type_id diploma_type_id grade_version_id part_semester
feature_infos=[0:4] [0:4] [-4:4] [0:1] [0:4] [0:81] [0:248] [0:169] [0:495] [0:95] [0:277] [0:1] [0:35] [0:2] [9.6499996185302734:100] [0:24] [1:5] [1:6] [1:2] [4:210] [72:251] [49.519153594970703:92.70428466796875] [0.0028747557662427425:0.53415817022323608] [1:1.9073554277420044] [0:0.47456586360931396] [0:15668.5] [1:6] [0:1] [1:10] [1:39] [0.0029728943482041359:0.51373428106307983] [49.680755615234375:92.412208557128906] [1:1.7483620643615723] [0.0088805388659238815:6.6991257667541504] [0:9] [0:36] [0.0028747557662427425:0.51272499561309814] [50.895938873291016:92.37774658203125] [1:1.8608767986297607] [0.0054139983840286732:6.2528486251831055] [0.0028747557662427425:0.53415817022323608] [0:1] -1:4:2:3 -1:4:6:2:3:5:7 -1:3:4:2:5 -1:3 -1:2:3:4
tree_sizes=2993 3088 3091 3099 3114 3065 3073 3119 3118 3101 3105 3113 3118 3126 3097 3105 3113 3131 3097 3089 3106 3112 3091 3106 3089 3103 3100 3115 3082 3130 3105 3124 3105 3101 3120 3117 3116 3122 3088 3090 3118 3104 3093 3137 3133 3110 3102 3098 3079 3085 3117 3091 3119 3127 3126 3087 3089 3079 3149 3112 3132 3097 3087 3102 3126 3075 3106 3066 3123 3094 3093 3100 3113 3093 3115 3125 3092 3139 3073 3097 3070 3139 3110 3085 3093 3075 3066 3106 3113 3101 3113 3065 3104 3132 3132 3117 3116 3118 3126 3136 3138 3121 3066 3065 3125 3115 3070 3096 3103 3072 3118 3134 3074 3095 3057 3032 3105 3049 3124 3132 3117 3107 3086 3102 3148 3107 3071 3130 3091 3023 3112 3091 3092 3097 3004 3104 3010 3084 3127 3051 3049 3127 3049 3075 3118 3085

Tree=0
num_leaves=31
num_cat=0
split_feature=11 4 21 21 4 1 4 11 21 21 21 21 4 4 14 4 21 12 1 21 21 21 4 22 4 21 4 14 19 11
split_gain=8.08335e+06 2.79859e+06 1.68632e+06 1.5317e+06 845848 653744 402521 304553 271203 230672 213372 209837 166194 160895 136090 120356 109301 107125 106911 104052 94796.4 78331.7 75278.4 66557.6 61687.9 50305.9 49345.2 48213.2 71373.6 45746.6
threshold=0.0658288709819317 2.8149999380111699 74.264972686767592 74.264972686767592 2.185000061988831 2.5849999189376835 3.1350001096725468 0.23540768027305606 82.007011413574233 69.217826843261733 82.007011413574233 74.065814971923842 1.6150000095367434 2.5049999952316289 86.399997711181655 2.2050000429153447 68.029621124267592 1.0000000180025095e-35 3.185000061988831 68.296108245849624 68.16772842407228 71.822978973388686 1.235000014305115 0.059457767754793174 2.6149998903274541 77.191394805908217 3.3850001096725468 91.514999389648452 23.000000000000004 0.37616863846778875
decision_type=10 2 10 10 2 10 2 10 10 10 10 10 2 2 10 2 8 8 10 10 8 10 2 10 2 10 2 10 10 10
left_child=1 3 4 5 7 9 11 16 15 14 25 -3 18 20 17 29 -2 -1 -7 -9 -6 26 -18 -10 -14 -5 -8 -11 -29 -4
right_child=2 6 8 10 13 12 21 19 23 27 -12 -13 24 -15 -16 -17 22 -19 -20 -21 -22 -23 -24 -25 -26 -27 -28 28 -30 -31
leaf_value=70.559929605520225 70.511288316139598 71.239713392097499 70.893254005566419 71.188522527284022 70.6391728354821 71.158580965115107 71.426717391749932 70.344554294748775 71.400825900759628 70.898947322714321 71.583551306014002 71.496615330482854 70.946022913414581 70.993556375058063 70.861444570585974 71.101089410594241 70.846722201415091 70.784542473291211 71.477280421360391 70.509770712156367 70.807557125008955 71.663896547458734 70.621271107394364 70.324362507665896 71.102551416384216 71.323112473744715 71.634894805958453 71.258188226089018 70.97294918648619 70.609567060759233
leaf_weight=5717.5 14434.5 18165.25 7531.75 8761.75 9764.75 5549.75 6314.25 17158.25 2969 10539 3901 7068.75 7295.75 4532.25 17028.5 5328.5 2947 8376.5 2418.75 9487.25 11836 7341 12117.75 94 8994.5 9036.75 2573.25 1694.25 8160.25 1033.5
leaf_count=9889 20073 25129 9640 11101 13550 6368 8667 27302 3134 13788 3982 8130 10580 6567 27551 6494 3796 13979 2772 13004 18349 8118 17820 94 12089 10434 3207 2226 9934 1374
internal_value=70.9395 71.1364 70.6638 71.0193 70.5889 70.9345 71.4117 70.5014 71.027 70.8539 71.3156 71.3117 71.1057 70.7769 70.7853 70.9518 70.59 70.6934 71.2554 70.4034 70.7314 71.5671 70.6654 71.3676 71.0325 71.2569 71.4871 70.9584 71.022 70.859
internal_weight=238171 138937 99234.5 97474.2 82277.8 75774.8 41462.5 56144.8 16956.8 51516 21699.5 25234 24258.8 26133 31122.5 13893.8 29499.2 14094 7968.5 26645.5 21600.8 16228.5 15064.8 3063 16290.2 17798.5 8887.5 20393.5 9854.5 8565.25
internal_count=329141 187944 141197 134693 120461 109176 53251 81995 20736 77367 25517 33259 31809 38466 51419 17508 41689 23868 9140 40306 31899 19992 21616 3228 22669 21535 11874 25948 12160 11014
is_linear=0
shrinkage=1


Tree=1
num_leaves=31
num_cat=0
split_feature=0 21 11 0 21 11 21 1 0 1 21 1 21 21 21 21 11 1 1 21 16 21 20 40 0 1 0 21 21 21
split_gain=8.05545e+06 2.7911e+06 1.79336e+06 1.0463e+06 514087 407072 295694 287786 268534 258227 247925 151296 143564 131453 121332 111310 101291 82497.1 80525.2 76385.4 75369.5 71197.1 61282.2 66037.8 59695.6 58677.4 53889 50457.4 47444.9 47121.2
threshold=2.6350001096725468 74.264972686767592 0.12164414674043657 3.0849999189376835 73.298572540283217 0.1282736882567406 67.991352081298842 2.9250000715255742 1.325000047683716 2.6750000715255742 82.007011413574233 2.2749999761581425 85.929336547851577 68.029621124267592 70.646232604980483 79.423103332519545 0.058495085686445243 1.0049999952316286 2.5349999666213994 70.32104873657228 1.5000000000000002 78.335498809814467 79.000000000000014 0.39266912639141088 2.245000004768372 2.6650000810623173 3.5049999952316289 70.589294433593764 78.685558319091811 67.42453765869142
decision_type=10 10 10 10 10 10 10 8 8 10 10 8 10 10 10 10 10 8 10 10 2 10 2 10 8 8 10 10 8 10
left_child=1 2 6 4 9 10 18 19 17 16 21 -8 20 -10 26 25 -2 -4 22 -5 28 -3 23 -1 -24 -6 -9 -13 -7 -19
right_child=3 5 8 7 15 12 11 14 13 -11 -12 27 -14 -15 -16 -17 -18 29 -20 -21 -22 -23 24 -25 -26 -27 -28 -29 -30 -31
leaf_value=-0.63216844174180931 0.085831758774627162 0.15928928629956704 -0.70466780045682453 0.17653359440695404 0.21336699297958692 -0.1084381238999144 -0.16459646108590079 0.42600555607467561 -0.43268631843185312 0.23869137826335407 0.58662185102025133 -0.045977548154792561 0.52087268841869039 -0.28412669365158738 0.65434762484103459 0.56992418650535726 -0.11099400943398983 -0.5679597799843713 -0.085611905064811089 0.41115111425784234 -0.41087741721278931 0.33923895224808476 -0.30979289278601102 -0.026408007325845608 -0.17734923458610904 0.40776856310147963 0.65175646210964278 0.063538603892592568 0.094165254154240666 -0.41213417851375367
leaf_weight=1174.5 13324 10340.75 4338.5 4118.5 4111.75 4955.75 11515.25 8550.5 20400 16658.5 3649 13495.5 701.5 17904.75 12587.25 4459 6096.75 7422 6809.5 4823 943.75 5334 8471.25 381.5 15261.25 6291.75 2115 13427.25 2949 5368
leaf_count=1752 19504 12887 5855 5131 4966 6524 14801 13226 32643 22183 3763 18600 766 24552 14277 4840 8970 11910 9742 5429 1060 6213 13338 407 27385 7803 2889 16911 3507 7132
internal_value=-7.11988e-05 -0.170595 -0.2519 0.317531 0.204715 0.184118 -0.118102 0.496031 -0.422146 0.123153 0.289698 -0.0432597 -0.0295228 -0.363255 0.570196 0.40269 0.0240396 -0.553818 -0.207722 0.303117 -0.073212 0.220543 -0.240599 -0.483763 -0.224636 0.330964 0.47083 0.0086419 -0.0328507 -0.502597
internal_weight=237979 154843 125969 83136 50941.8 28873.8 70536 32194.2 55433.2 36079.2 19323.8 38438 9550 38304.8 23252.8 14862.5 19420.8 17128.5 32098 8941.5 8848.5 15674.8 25288.5 1556 23732.5 10403.5 10665.5 26922.8 7904.75 12790
internal_count=328966 219748 185028 109218 68266 34720 102936 40952 82092 50657 22863 50312 11857 57195 30392 17609 28474 24897 52624 10560 11091 19100 42882 2159 40723 12769 16115 35511 10031 19042
is_linear=0
shrinkage=0.04


Tree=2
num_leaves=31
num_cat=0
split_feature=0 21 11 4 21 11 4 4 1 21 21 4 21 21 21 0 1 21 0 14 11 14 0 16 0 21 21 4 21 11
split_gain=7.45503e+06 2.56689e+06 1.65326e+06 1.04146e+06 488430 376535 283301 262605 253707 217382 200395 172086 147477 141076 134594 114200 103818 99583.7 96168.9 82367.8 81610.2 74252.7 89791.7 69544.3 69153.4 65631.2 65235.2 62136 48778.8 43342.2
threshold=2.6350001096725468 74.264972686767592 0.12164414674043657 2.9650000333786015 71.667957305908217 0.1282736882567406 2.4750000238418584 2.0849999189376835 2.6250000000000004 82.007011413574233 67.991352081298842 3.2150000333786015 79.423103332519545 85.929336547851577 67.42453765869142 2.4250000715255742 2.6750000715255742 74.166954040527358 3.1450001001358037 88.220001220703139 0.076166305691003813 78.689998626708999 2.4150000810623173 1.5000000000000002 0.85500001907348644 69.217826843261733 78.335498809814467 2.7849999666213994 78.685558319091811 0.11543508991599084
decision_type=10 10 10 2 10 10 2 2 10 10 10 2 10 10 10 8 8 10 10 10 10 10 8 2 8 10 10 2 10 8
left_child=1 2 6 4 8 9 10 14 20 26 21 17 16 23 24 -12 -6 -5 -10 -17 -2 29 -23 28 -4 -9 -3 -8 -7 -1
right_child=3 5 7 11 12 13 27 25 18 -11 15 -13 -14 -15 -16 19 -18 -19 -20 -21 -22 22 -24 -25 -26 -27 -28 -29 -30 -31
leaf_value=-0.26534010355516685 0.057133319061433943 0.1543632089486493 -0.67017796587698197 0.35592280089085487 0.18799051396084018 -0.10992518296937634 -0.0027626922531387792 -0.33923226562901937 0.16783727569474663 0.55614730693019065 -0.15329336125589221 0.61960590668626692 0.55155488698767019 0.51837914592014844 -0.38333185564067379 -0.10618816988594464 0.38517559031649157 0.57840200262728514 0.39602906964539281 0.10285771724962915 -0.13546264141744105 -0.28381297365778596 -0.10331405112526974 -0.39680291663014067 -0.49549910531328262 -0.1835305809024626 0.32641252975058732 0.20419107751572249 0.096335026822549172 -0.45845478156573194
leaf_weight=4700.5 12289 10281.75 4775.5 11432.75 7667.5 4958.5 13598.25 12120 12431.5 3651.5 16496.75 11945.25 4655.25 696.5 16697.5 5509 9656.75 4486.5 3877 6661 4932.25 8819 8822.5 944 15223.5 6747.5 5369 2798 2910.5 3084
leaf_count=7180 19234 12810 7309 15716 9055 6508 19227 19005 16687 3764 22007 14529 5058 764 22795 7378 11810 5118 4690 8062 7588 13865 15091 1064 24138 9041 6266 3893 3476 6108
internal_value=0.000330044 -0.163848 -0.241705 0.305286 0.205116 0.176774 -0.113088 -0.404865 0.109044 0.278267 -0.157237 0.504821 0.351663 -0.0292413 -0.467223 -0.0847243 0.29792 0.418656 0.222106 0.00822753 0.001968 -0.238985 -0.193557 -0.0725747 -0.537242 -0.283562 0.213402 0.0325638 -0.0336328 -0.341896
internal_weight=238238 154865 126053 83373.8 55509.2 28811.8 70489 55564 33529.8 19302.2 54092.8 27864.5 21979.5 9509.5 36696.5 28666.8 17324.2 15919.2 16308.5 12170 17221.2 25426 17641.5 8813 19999 18867.5 15650.8 16396.2 7869 7784.5
internal_count=329236 219751 185099 109485 74122 34652 102811 82288 48199 22840 79691 35363 25923 11812 54242 37447 20865 20834 21377 15440 26822 42244 28956 11048 31447 28046 19076 23120 9984 13288
is_linear=0
shrinkage=0.04


Tree=3
num_leaves=31
num_cat=0
split_feature=0 21 11 4 21 11 4 4 21 21 11 21 21 1 21 4 0 21 0 16 14 14 0 0 21 4 21 21 0 20
split_gain=6.81083e+06 2.45161e+06 1.60902e+06 871588 410756 362534 310673 227899 206725 179720 168827 152464 149411 134169 121459 116599 112203 86552.8 82449.9 79142.2 72895.3 71660.8 90555.1 60024.8 59071.8 57997.9 57433.4 51976 48765.2 45533.1
threshold=2.6750000715255742 74.264972686767592 0.12966443598270419 3.0149999856948857 70.271308898925795 0.1053154766559601 2.4750000238418584 2.0849999189376835 67.991352081298842 78.335498809814467 0.038984065875411041 85.929336547851577 79.423103332519545 2.6450001001358037 67.42453765869142 3.3249999284744267 2.4250000715255742 74.36978912353517 3.1550000905990605 1.5000000000000002 88.220001220703139 78.689998626708999 2.4250000715255742 1.075000047683716 67.991352081298842 2.7649999856948857 82.007011413574233 78.685558319091811 3.1450001001358037 110.00000000000001
decision_type=10 10 10 2 10 10 2 2 10 10 10 10 10 10 10 2 8 10 10 2 10 10 8 10 8 2 10 10 10 2
left_child=1 2 6 4 10 9 8 14 21 -3 18 19 13 -6 23 17 -10 -5 -2 27 -18 29 -23 -4 -9 -8 -11 -7 -15 -1
right_child=3 5 7 15 12 11 25 24 16 26 -12 -13 -14 28 -16 -17 20 -19 -20 -21 -22 22 -24 -25 -26 -27 -28 -29 -30 -31
leaf_value=-0.5415878791547859 0.12523887188297531 0.16873460593188414 -0.61599368407099098 0.39378501190859139 0.18013321436416085 -0.079992606964657195 0.00085895821902020307 -0.35302849320353907 -0.14681202553935896 0.33287660913958245 -0.057359799483745547 0.51729829923278614 0.5322877521444066 0.32267561207388468 -0.36951505210341701 0.64523656788922934 -0.095372020480257447 0.59490875257807307 0.33404426647812829 -0.38253345703398334 0.094978763148938411 -0.27409289535816433 -0.09800358264796577 -0.46754716849316746 -0.20691579699539073 0.17718082055520629 0.54282233135728197 0.11364025827122891 0.49810124647792597 -0.28839047110594485
leaf_weight=1355.5 14933.75 10018 6554 12138 10925.25 5983.25 14640 8300.5 17391 5192 7468.25 835.5 4590.75 9118.5 16383 6961.5 5893 4777.25 3794.5 997.75 7091.25 9632.5 9077.5 13114 9501.75 3748.25 3493.5 3523.25 3519.5 7068.75
leaf_count=2014 22055 12490 10166 16374 13182 7781 20796 11485 23271 6029 11483 909 4974 11241 22299 8307 7894 5315 5458 1123 8667 15070 15511 20704 15000 5216 3594 4181 4031 12360
internal_value=0.000137175 -0.149572 -0.224964 0.305946 0.217443 0.176025 -0.106309 -0.392185 -0.152069 0.284214 0.103439 -0.00242756 0.323514 0.282818 -0.450013 0.507386 -0.0803873 0.450619 0.16756 -0.0438118 0.00858562 -0.232308 -0.18867 -0.517043 -0.275059 0.0368082 0.417375 -0.00822457 0.371565 -0.329191
internal_weight=238022 159794 129751 78227.2 54350.5 30043.2 75897.8 53853.2 57509.5 18703.5 26196.5 11339.8 28154 23563.2 36051 23876.8 30375.2 16915.2 18728.2 10504.2 12984.2 27134.2 18710 19668 17802.2 18388.2 8685.5 9506.5 12638 8424.25
internal_count=328980 226560 190453 102420 72424 36107 110799 79654 84787 22113 38996 13994 33428 28454 53169 29996 39832 21689 27513 13085 16561 44955 30581 30870 26485 26012 9623 11962 15272 14374
is_linear=0
shrinkage=0.04


Tree=4
num_leaves=31
num_cat=0
split_feature=0 21 11 4 21 11 4 21 0 1 21 21 21 4 1 21 0 21 11 11 14 14 0 0 1 4 22 4 21 19
split_gain=6.28407e+06 2.20373e+06 1.34136e+06 899237 425924 364703 263221 197867 185441 182680 166907 154676 148450 139090 123425 97840.7 93678.5 87255 82187.7 68386.2 62550.2 60919 103830 59629.7 58727.3 53173.2 50922.1 48934.6 46133.9 45263.4
threshold=2.6350001096725468 73.568225860595717 0.14313399791717532 2.9650000333786015 70.589294433593764 0.064781505614519133 2.4750000238418584 81.694664001464858 1.2050000429153445 2.7549999952316289 67.991352081298842 78.335498809814467 79.423103332519545 3.2150000333786015 2.6450001001358037 69.176773071289077 2.435000061988831 74.264972686767592 0.058495085686445243 0.26233565807342535 88.220001220703139 86.720001220703139 2.4850000143051152 3.1450001001358037 1.0049999952316286 2.6450001001358037 0.059457767754793174 2.1350001096725468 82.007011413574233 23.000000000000004
decision_type=10 10 10 2 10 10 2 10 8 10 10 10 10 2 10 10 8 10 10 10 10 10 8 10 8 2 10 2 10 10
left_child=1 2 6 4 9 11 10 19 24 18 21 -3 14 17 -6 27 -12 -5 -2 -7 -18 -1 -23 -11 -4 -8 -9 -10 -13 -22
right_child=3 5 8 13 12 7 25 26 15 23 16 28 -14 -15 -16 -17 20 -19 -20 -21 29 22 -24 -25 -26 -27 -28 -29 -30 -31
leaf_value=-0.28676968072670145 0.061915364241778417 0.16907323546804923 -0.65242261658794565 0.33025107991601721 0.1636601234042849 -0.0077225604056479595 -0.037716213892835068 0.33956163623785757 -0.42358426259540582 0.15883462447570806 -0.15077973856531141 0.33254791276635554 0.50750224359544827 0.56925969458056414 0.35186678407323968 -0.24409187115902758 -0.10322207209535413 0.53965446174340148 -0.12020937109578164 -0.21965557747741724 0.32422899213681022 -0.26782454932396865 -0.044844422592285986 0.38078040390900603 -0.46642291075443632 0.1112966287102506 -0.70409580176217224 -0.29249492747483474 0.54367887274272986 0.0341890362113259
leaf_weight=14732.25 12496.25 9680.75 3747.5 11459.25 11039.25 10202.5 9427.75 2729.25 17371 7635.25 18158.5 4166.75 4637.25 11952.5 11269.25 10883.25 5372.5 4414.25 5805.5 3199.25 1042.5 7555 5991 2595.75 9964.25 6453.25 76 6191.5 2757.5 4921.75
leaf_count=24792 19364 12158 5042 15741 13347 12853 13639 2928 27277 10378 24379 4787 5031 14534 13634 14529 7111 5012 9071 4295 1404 11554 10422 3186 14978 8998 76 9799 2816 5740
internal_value=0.000541116 -0.150346 -0.22872 0.280606 0.187527 0.140608 -0.121387 0.00562135 -0.392873 0.0798168 -0.161032 0.27235 0.301573 0.46617 0.258745 -0.343328 -0.0944563 0.388514 0.00413993 -0.0583279 -0.0042353 -0.230467 -0.169218 0.215178 -0.517302 0.0228382 0.311045 -0.389152 0.416695 0.0849321
internal_weight=237928 154624 121812 83304.5 55478.5 32812 73654.5 16207 48157.5 28532.8 57773.5 16605 26945.8 27826 22308.5 34445.8 29495.2 15873.5 18301.8 13401.8 11336.8 28278.2 13546 10231 13711.8 15881 2805.25 23562.5 6924.25 5964.25
internal_count=328875 219577 179664 109298 74011 39913 108039 20152 71625 41999 85402 19761 32012 35287 26981 51605 38634 20753 28435 17148 14255 46768 21976 13564 20020 22637 3004 37076 7603 7144
is_linear=0
shrinkage=0.04


Tree=5
num_leaves=31
num_cat=0
split_feature=0 21 9 4 21 21 4 4 1 0 21 0 0 21 20 1 21 0 21 0 9 0 14 4 22 14 21 1 4 21
split_gain=5.85727e+06 2.06536e+06 1.10269e+06 746776 381001 330688 303509 270433 225447 204853 165848 127932 107959 106818 89537 81154.2 78883.5 77342 74757.7 72088.6 64315.2 58372.9 59274.7 58079.7 57672 54093.8 51386.7 49275.5 48139.7 47050.8
threshold=2.6750000715255742 73.568225860595717 3.5000000000000004 3.0749999284744267 71.822978973388686 78.335498809814467 2.1350001096725468 2.4750000238418584 2.6250000000000004 2.2350000143051152 67.991352081298842 1.2050000429153445 2.2250000238418584 79.423103332519545 79.000000000000014 2.5149999856948857 71.822978973388686 2.4050000905990605 88.269744873046889 3.0049999952316289 1.5000000000000002 2.2649999856948857 86.174999237060561 2.2749999761581425 0.088235270231962218 87.045001983642592 85.929336547851577 1.0049999952316286 3.3850001096725468 67.42453765869142
decision_type=10 10 2 2 10 10 2 2 10 8 10 8 8 10 2 8 10 8 10 10 2 8 10 2 8 10 10 10 2 8
left_child=1 2 7 4 8 9 11 10 20 23 14 27 18 15 -1 -6 28 -12 -7 -10 -2 -16 -23 -3 -13 -19 -14 -4 -5 -8
right_child=3 5 6 16 13 12 29 -9 19 -11 17 24 26 -15 21 -17 -18 25 -20 -21 -22 22 -24 -25 -26 -27 -28 -29 -30 -31
leaf_value=-0.46733492736336341 0.080436535912284557 -0.15684643963221592 -0.6194650075504734 0.37554565293425085 0.15276489618682362 0.10350881036409279 -0.28680132989620033 0.029386811075025259 0.15630337192437818 0.15190603150785598 -0.14327466541489781 -0.29207276921474939 0.35035434075819055 0.50124222861756385 -0.2737734590102418 0.34529030521582937 0.58165598149897269 -0.10366388844932764 0.52373610270495907 0.31299864137810779 -0.0835807298681112 -0.24535828592579292 -0.075591134134102914 0.082664789407310577 -0.41376767175519552 0.069702887969384536 0.67513258078802707 -0.45417083292446825 0.57323889649022963 -0.15668273455140472
leaf_weight=2229.5 10687.25 7210.5 4716 8439.75 4829.25 5068.5 7787.5 17223.5 11077 11013 14973.5 11118.25 6934.5 5050 10337.25 12780.5 8993 5112 781 8161.5 5956.25 5703.25 7780.5 2088.5 14217.75 6591.5 879 7497.75 2578 10376
leaf_count=3017 17021 9423 7578 11565 5664 5955 10642 24416 14905 13923 20102 14881 7731 5452 17121 15566 9974 6750 802 10272 9155 10795 13287 2561 21873 7973 918 10053 3205 16622
internal_value=-1.97045e-05 -0.13916 -0.21397 0.282749 0.210636 0.137539 -0.346739 -0.108222 0.129538 0.0351855 -0.153172 -0.411673 0.289689 0.339045 -0.22496 0.292505 0.493695 -0.0830641 0.159696 0.222791 0.0217375 -0.202256 -0.147411 -0.10305 -0.360378 -0.00602445 0.386973 -0.51804 0.421851 -0.212483
internal_weight=238192 159639 125664 78552.5 58541.8 33975 55713.2 69951 35882 20312 52727.5 37549.8 13663 22659.8 26050.5 17609.8 20010.8 26677 5849.5 19238.5 16643.5 23821 13483.8 9299 25336 11703.5 7813.5 12213.8 11017.8 18163.5
internal_count=329202 226423 185110 102779 78035 41313 81649 103461 51353 25907 79045 54385 15406 26682 44220 21230 24744 34825 6757 25177 26176 41203 24082 11984 36754 14723 8649 17631 14770 27264
is_linear=0
shrinkage=0.04


Tree=6
num_leaves=31
num_cat=0
split_feature=0 21 9 4 21 4 21 21 0 1 4 21 4 1 22 14 4 0 0 21 4 4 0 1 1 4 0 21 1 10
split_gain=5.37426e+06 1.87292e+06 1.00971e+06 772421 359904 291038 271624 249416 209582 162501 128983 127506 123588 108996 104937 85260.4 115004 82813.3 81221.3 74456.8 58622.6 58402.8 54133 51258.2 45973.7 45749.8 40903.7 40510.8 40134.7 39532.3
threshold=2.6350001096725468 74.264972686767592 3.5000000000000004 2.9650000333786015 70.589294433593764 2.0849999189376835 82.007011413574233 69.217826843261733 2.2150000333786015 2.3750000000000004 2.5149999856948857 79.423103332519545 3.2150000333786015 2.8449999094009404 0.089875370264053359 86.83499908447267 0.35500000417232519 3.0049999952316289 2.2350000143051152 74.065814971923842 2.2649999856948857 2.304999947547913 1.2050000429153445 1.935000002384186 3.2150000333786015 2.554999947547913 3.1450001001358037 61.479637145996101 2.3549998998641972 8.7500000000000018
decision_type=10 10 2 2 10 2 10 10 8 8 2 10 2 10 8 10 2 10 8 10 2 2 8 10 10 2 10 8 8 2
left_child=1 2 7 4 9 14 8 10 21 -2 15 13 19 29 -4 23 27 -11 25 -5 -7 -3 -16 -1 -19 -9 -15 -17 -10 -6
right_child=3 6 5 12 11 20 -8 18 28 17 -12 -13 -14 26 22 16 -18 24 -20 -21 -22 -23 -24 -25 -26 -27 -28 -29 -30 -31
leaf_value=-0.30602895755010734 -0.096950045967324844 -0.083555309618916065 -0.32237240079078361 0.30313611146348451 0.20731062039055204 -0.26948798645116062 0.4096267454793327 -0.13022399477424595 0.091496604504507195 0.074888571544913185 -0.011624878793786977 0.469571954803293 0.52846791351652544 0.30261620644542875 -0.54744646684462017 -0.25281010721279917 -0.23341624024241026 0.19133834936123129 0.041482602737421631 0.49515555436925662 -0.13586854405681037 0.15539271476717151 -0.41193933869442556 -0.166345414637358 0.45247867693286059 0.16869953896937395 0.50929866493669973 0.011742796264788215 0.24645297418236684 0.038670668772604264
leaf_weight=11816 6794.25 8654.75 13361.5 11328.25 12386.5 15592.5 5302.25 8838.75 3782.25 14995 7265.25 4596 11935.25 5010.75 8058.5 1065.75 8568.75 5368 17562 4526 7928.25 2017.25 11443 6531.25 1350.25 902 2212.25 7024.25 9143.75 2711.5
leaf_count=20975 8769 11054 17800 15589 14917 23247 5519 11478 4809 23149 11007 4998 14516 6228 12050 1371 13386 8428 22491 5162 11808 2417 17419 9331 1678 1100 2540 11438 10952 3286
internal_value=-0.000142965 -0.139457 -0.20609 0.259114 0.172815 -0.331893 0.15095 -0.104135 0.0928131 0.0737654 -0.165001 0.277711 0.43122 0.238187 -0.408778 -0.196831 -0.131305 0.127186 -0.00989772 0.357981 -0.224456 -0.038378 -0.46796 -0.256316 0.243883 -0.102529 0.365981 -0.023135 0.201122 0.177029
internal_weight=238072 154858 125958 83214 55424.5 56383.8 28900.2 69574 23598 28507.5 42271.2 26917 27789.5 22321 32863 35006 16658.8 21713.2 27302.8 15854.2 23520.8 10672 19501.5 18347.2 6718.25 9740.75 7223 8090 12926 15098
internal_count=328912 219652 184901 109260 73993 82324 34751 102577 29232 42024 67508 31969 35267 26971 47269 56501 26195 33255 35069 20751 35055 13471 29469 30306 10106 12578 8768 12809 15761 18203
is_linear=0
shrinkage=0.04


Tree=7
num_leaves=31
num_cat=1
split_feature=0 21 0 11 21 21 11 1 1 21 4 11 11 1 0 14 11 21 11 20 0 40 21 0 21 4 21 21 46 4
split_gain=4.96157e+06 1.62112e+06 868904 749524 527692 390845 356354 220183 193489 128511 126367 124413 105333 79862.4 74642.4 84917.6 70372 67531.4 67158.4 66600.9 65119.8 62396.6 59567.9 59029.1 49793.5 47522.1 49990.4 46941.2 43535.4 42876
threshold=2.5649999380111699 70.589294433593764 3.0049999952316289 0.14313399791717532 78.335498809814467 74.166954040527358 0.1053154766559601 3.0849999189376835 2.5349999666213994 74.826206207275405 2.554999947547913 0.1251262649893761 0.31670437753200537 2.5049999952316289 2.1950000524520878 87.715000152587905 0.14496376365423205 82.007011413574233 0.031298981979489333 110.00000000000001 1.8350000381469729 0.39266912639141088 88.269744873046889 3.4050000905990605 82.007011413574233 1.7150000333786013 61.479637145996101 68.16772842407228 0 2.1550000905990605
decision_type=10 10 10 10 10 10 10 10 10 10 2 10 10 8 8 10 10 10 10 2 8 10 10 10 10 2 8 10 1 2
left_child=1 3 5 10 6 8 13 9 16 18 14 24 29 -3 -1 19 -2 -7 -4 21 -8 -16 -13 -9 -6 26 -17 -10 -15 -5
right_child=2 4 7 12 11 17 20 23 27 -11 -12 22 -14 28 15 25 -18 -19 -20 -21 -22 -23 -24 -25 -26 -27 -28 -29 -30 -31
leaf_value=-0.23670706828549759 0.0061583222233372236 -0.021293647564041781 0.27759898428696617 -0.36311123424909431 0.26606306572386634 0.27462746020699125 -0.25058189956778615 0.42970399481381422 0.075348020954277603 0.45800277976991788 0.025343634260360272 0.023417383944593851 -0.47671724294354428 0.028355161878000107 -0.57068155944211529 -0.26976014772020718 -0.20260003159682716 0.51597506712060492 0.075739536645474143 -0.16829393885408858 -0.0994983722966893 0.02714928690996735 0.48980896560059661 0.58920955025558974 0.46796347727258264 -0.14901854599647521 0.039047539932859684 0.1962657176971685 0.17681490945754033 -0.23933496389528702
leaf_weight=17493.75 16237.75 11077.75 13452 20543.75 4801 10868.5 9044 10187.25 8594.5 5697.5 5872.5 3661 12630 4950 1271.75 950.25 3071.5 2238.25 3281.25 13050.25 9219.5 357.75 496.75 5862.75 3303.5 5627.25 7090.75 12774.75 8743.25 5737
leaf_count=25998 24187 13852 18765 30389 5581 13204 11657 12717 11686 6359 8523 4333 20109 6729 2126 1191 4606 2290 4671 21367 12020 378 514 6735 3410 8367 11290 16713 10283 8929
internal_value=0.000171407 -0.144996 0.229758 -0.249139 0.0256835 0.125926 -0.0402771 0.374879 0.064716 0.293917 -0.149351 0.257158 -0.381755 0.0585578 -0.17173 -0.131626 -0.0270572 0.315879 0.238023 -0.198426 -0.174324 -0.439492 0.0792452 0.488002 0.348408 -0.0598722 0.0025245 0.14764 0.123154 -0.336102
internal_weight=238188 145922 92266 90625 55296.8 53785.2 43034.5 38480.8 40678.5 22430.8 51714.2 12262.2 38910.8 24771 45841.8 28348 19309.2 13106.8 16733.2 14679.8 18263.5 1629.5 4157.75 16050 8104.5 13668.2 8041 21369.2 13693.2 26280.8
internal_count=328979 207046 121933 138667 68379 72686 54541 49247 57192 29795 79240 13838 59427 30864 70717 44719 28793 15494 23436 23871 23677 2504 4847 19452 8991 20848 12481 28399 17012 39318
cat_boundaries=0 1
cat_threshold=8
is_linear=0
shrinkage=0.04


Tree=8
num_leaves=31
num_cat=1
split_feature=0 21 11 4 21 11 21 4 1 11 0 0 21 1 0 14 1 21 0 21 0 21 20 30 1 4 4 46 21 4
split_gain=4.57748e+06 1.66441e+06 801860 600478 541227 359428 276807 159432 127516 108040 107628 107582 103533 93994.3 85964.9 84046 76817.8 71733.6 68885.3 55647 55454.5 54252.1 52806.9 64622.1 52541.8 42623 41165.5 40403.3 38338.3 37321.9
threshold=2.6750000715255742 70.589294433593764 0.14496376365423205 2.9650000333786015 78.335498809814467 0.1053154766559601 70.271308898925795 2.4250000715255742 2.4050000905990605 0.15367746353149417 1.6549999713897707 3.3850001096725468 82.007011413574233 2.7150000333786015 2.2549999952316289 87.184997558593764 2.5049999952316289 77.35693740844728 1.8350000381469729 82.929309844970717 3.2549999952316289 88.269744873046889 110.00000000000001 0.22678033262491229 0.64499998092651378 2.0249999761581425 1.6950000524520876 0 61.479637145996101 2.6550000905990605
decision_type=10 10 10 2 10 10 10 2 8 10 8 10 10 10 8 10 8 10 8 10 10 10 2 10 8 2 2 1 8 2
left_child=1 2 7 6 5 16 8 14 -2 19 24 17 13 -8 -1 22 -3 -5 -7 -6 -10 -11 23 -16 -4 -15 28 -18 -17 -9
right_child=3 4 10 11 9 18 12 29 20 21 -12 -13 -14 25 15 26 27 -19 -20 -21 -22 -23 -24 -25 -26 -27 -28 -29 -30 -31
leaf_value=-0.23466091627530475 -0.085053073651319741 -0.0078164446786770456 -0.58839844723445989 0.31645323050704194 0.26870508311053881 -0.23836401088040698 0.16285809561546954 -0.064122773102085098 0.10002889986251709 0.016498378845642026 -0.29629117325551624 0.5258015354484038 0.52423180222102639 0.44300925122441959 -0.62469683912735385 -0.23313807216181118 0.045418424648401949 0.52076209288558073 -0.085820538774130858 0.47503953868046206 0.3149462741575344 0.49714060510253005 -0.16293528440614943 -0.095667385613734612 -0.4021488231479643 0.27055269198304316 -0.15862532779057512 0.17489326893252838 0.033165471171757659 0.068143696874299331
leaf_weight=18673 6138.25 12626.5 2819.5 16320.75 7122 8997.25 12961.5 10198.75 16314.5 3158.25 19427.25 7900.75 2172.25 3269.5 924.75 976.75 6365 3310 10004.75 2964.75 2176.75 425.5 10653.5 615.5 17489.5 7711 3623.5 9786.75 7497.5 5129.25
leaf_count=27613 7966 15778 3853 21816 8148 11611 15609 15562 25454 3732 30171 9520 2209 3652 1722 1228 8699 3583 12980 3096 3235 439 17738 650 26722 9499 5551 11559 11819 7530
internal_value=0.000199432 -0.122762 -0.225072 0.250721 0.0404493 -0.0230491 0.16911 -0.130615 0.0729069 0.262371 -0.363633 0.401129 0.259837 0.235828 -0.170126 -0.12051 0.0660977 0.350927 -0.158057 0.329393 0.125344 0.0736891 -0.194616 -0.413493 -0.428034 0.321939 -0.0458061 0.123877 0.00244672 -0.0198603
internal_weight=237755 159480 98028.8 78275.2 61450.8 47780.2 50743.8 58292.5 24629.5 13670.5 39736.2 27531.5 26114.2 23942 42964.5 24291.5 28778.2 19630.8 19002 10086.8 18491.2 3583.75 12193.8 1540.25 20309 10980.5 12097.8 16151.8 8474.25 15328
internal_count=328744 226201 150159 102543 76042 60627 67624 89413 36655 15415 60746 34919 30969 28760 66321 38708 36036 25399 24591 11244 28689 4171 20110 2372 30575 13151 18598 20258 13047 23092
cat_boundaries=0 1
cat_threshold=8
is_linear=0
shrinkage=0.04


Tree=9
num_leaves=31
num_cat=2
split_feature=0 0 4 22 22 1 4 1 42 1 22 22 4 9 14 14 19 4 0 4 42 4 1 22 4 4 0 1 0 22
split_gain=4.20517e+06 1.24938e+06 559206 549620 413852 248232 166180 154861 138460 132562 118833 100847 85015.2 82642.3 80608.5 79381.2 76831 76314.5 71454.9 67129.9 63124.7 58746.1 54460.4 52460.4 40708.2 38163.6 37104.1 36380.5 35356 33063.7
threshold=2.6750000715255742 2.1049998998641972 3.0649999380111699 0.063392549753189101 0.073323175311088576 2.7150000333786015 2.185000061988831 2.4250000715255742 0 2.0049999952316289 0.13530099391937259 0.11079758778214456 2.554999947547913 3.5000000000000004 77.424999237060561 94.430000305175795 23.000000000000004 2.245000004768372 3.1450001001358037 3.4050000905990605 1 2.2649999856948857 1.2450000047683718 0.043093513697385795 2.6450001001358037 1.7649999856948855 0.85500001907348644 3.2549999952316289 0.85500001907348644 0.073926765471696868
decision_type=10 8 2 8 8 10 2 8 9 8 8 10 2 2 8 8 10 2 10 2 9 2 10 10 2 2 10 10 10 8
left_child=1 4 5 7 8 11 13 20 17 -5 24 12 25 -6 -12 -9 -17 -1 23 29 -3 26 28 -7 -11 -2 -10 -20 -15 -4
right_child=2 3 19 9 6 18 -8 15 21 10 14 -13 -14 22 -16 16 -18 -19 27 -21 -22 -23 -24 -25 -26 -27 -28 -29 -30 -31
leaf_value=-0.24245210497237663 0.17205152203870067 -0.058044319104492453 0.42794513356578023 -0.22969720353732775 -0.26217438652172681 0.3130033069166484 -0.16377305359419306 0.08849483065480189 -0.25358636612981672 -0.036156085739464175 -0.29007525161181508 -0.046774235140707596 0.20392445425138497 -0.58556685120842833 -0.097836843671375184 0.3744721204677221 0.15898517967564421 -0.031548337173243894 0.31310369447594799 0.55524311335910559 0.10742230861412592 0.1697299648956766 -0.35684632676553996 0.17518883350100289 0.11162176303759692 0.0083339582468165037 -0.027369176233166558 0.5078853131273956 -0.42164408350086363 0.3116275711460878
leaf_weight=13280.75 3158.75 9699 9558 10353 9085 6765 8164.5 9804.25 1369.5 22816.5 4858.25 6181.5 13003.5 3295.25 12392.25 4402.25 6646.25 3460.75 5573.5 4485.25 5951.75 2174 15084 12764 3430 8165.5 7558.75 2122.75 5893 6646.75
leaf_count=17240 4334 12216 11118 13899 14251 8040 12402 12340 1665 32778 9116 8274 18291 5270 22551 5018 7811 4276 6667 5185 7256 2621 21075 17006 4720 11854 9802 2485 10138 9349
internal_value=-8.02935e-05 -0.117863 0.239793 -0.0198387 -0.245543 0.175846 -0.325551 0.0999838 -0.126225 -0.101064 -0.070442 0.0974904 0.134148 -0.365142 -0.151991 0.171357 0.244872 -0.198859 0.263646 0.418216 0.00488279 -0.0166871 -0.40367 0.222943 -0.0168402 0.0540123 -0.0620935 0.366887 -0.480491 0.380257
internal_weight=238144 159719 78424.5 90353.5 69365.5 57734.5 41521.8 36503.5 27843.8 53850 43497 30509.2 24327.8 33357.2 17250.5 20852.8 11048.5 16741.5 27225.2 20690 15650.8 11102.2 24272.2 19529 26246.5 11324.2 8928.25 7696.25 9188.25 16204.8
internal_count=329048 226445 102603 127705 98740 76951 63136 44641 35604 83064 69165 42753 34479 50734 31667 25169 12829 21516 34198 25652 19472 14088 36483 25046 37498 16188 11467 9152 15408 20467
cat_boundaries=0 1 2
cat_threshold=16 16
is_linear=0
shrinkage=0.04


Tree=10
num_leaves=31
num_cat=3
split_feature=0 0 21 21 11 1 21 1 11 14 21 11 21 1 21 43 11 0 21 11 0 11 1 21 11 11 46 31 21 46
split_gain=3.90929e+06 1.19254e+06 821766 764749 365375 312737 264044 185940 152699 134886 111792 111780 105511 78633.7 74324.7 74014.4 68245.7 62527.5 54465.1 52379.8 48352.2 46582.4 45657.9 43474.5 43313.8 41110.8 37030.6 36479.7 35241.1 33050.7
threshold=2.4250000715255742 3.0049999952316289 70.589294433593764 74.264972686767592 0.18427116423845294 2.5149999856948857 78.685558319091811 3.1049998998641972 0.12164414674043657 88.220001220703139 74.826206207275405 0.17249008268117907 82.007011413574233 2.2749999761581425 88.269744873046889 0 0.28582468628883367 0.85500001907348644 67.76965713500978 0.036171836778521545 3.5049999952316289 0.038984065875411041 2.185000061988831 61.989763259887702 0.3714850395917893 0.068146638572216048 1 68.28476715087892 69.308376312255874 2
decision_type=8 10 10 10 10 10 10 10 10 8 10 8 10 10 10 9 10 10 10 10 10 10 10 8 10 10 1 10 10 1
left_child=2 3 4 5 13 9 8 10 22 11 19 -2 21 -1 16 -11 -8 -6 -7 -3 28 -5 -4 -17 -10 -25 -24 -13 -9 -15
right_child=1 7 6 12 17 18 14 20 24 15 -12 27 -14 29 -16 23 -18 -19 -20 -21 -22 -23 26 25 -26 -27 -28 -29 -30 -31
leaf_value=-0.22904734333181101 -0.044109539716716065 0.24139187849825774 -0.079498938710093545 0.27162714855767578 -0.47972490753145053 0.037279669461885094 0.18639315630077935 0.30619471337367793 -0.14662205526649155 0.24316364290996112 0.41179704288762836 -0.27570523247028056 0.45964847909896434 -0.039809102277029995 0.50805205380131357 -0.21557646017107737 -0.19960100849895013 -0.33896188759513435 0.15507004632138865 0.059091164518340962 0.56899027545066561 0.12302237924600412 0.15328451757757736 0.031479536805603725 -0.34285018917788385 -0.12145013156173885 -0.0066531327726249267 -0.11742341293700116 0.45031280074744018 -0.16051771961768574
leaf_weight=22610.25 11550.5 14032 6422.75 13180 6448.5 9888 5363.5 4145 13509 1960.75 5805 7134.5 4060.5 6163.75 982 1571 848 23402.5 17220.5 3075.25 3550 4540.25 3897.5 15322.5 2076.5 3443.75 5706.5 3462.75 7929.75 8828.75
leaf_count=34893 17495 19486 8249 15649 9576 13557 6310 5561 17415 3526 6501 12518 4140 7492 1012 2012 1028 36244 22670 4417 4012 5582 4511 22209 2825 4886 7613 4674 9321 13745
internal_value=1.87884e-05 0.1455 -0.180528 0.0682061 -0.264899 0.00503417 -0.0338692 0.332696 -0.0836427 -0.0602738 0.260117 -0.130191 0.275729 -0.181945 0.184844 0.00917436 0.133673 -0.369385 0.112108 0.208627 0.439102 0.233561 0.00305206 -0.0135085 -0.172787 0.00341059 0.0582616 -0.224002 0.40087 -0.110898
internal_weight=238132 131872 106260 93335 67453.8 71554.2 38805.8 38537 31612.2 44445.8 22912.2 22147.8 21780.8 37602.8 7193.5 22298 6211.5 29851 27108.5 17107.2 15624.8 17720.2 16026.8 20337.2 15585.5 18766.2 9604 10597.2 12074.8 14992.5
internal_count=329129 178216 150913 128918 101950 103547 48963 49298 40613 67320 30404 34687 25371 56130 8350 32633 7338 45820 36227 23903 18894 21231 20373 29107 20240 27095 12124 17192 14882 21237
cat_boundaries=0 1 2 3
cat_threshold=12 4 4
is_linear=0
shrinkage=0.04


Tree=11
num_leaves=31
num_cat=3
split_feature=0 11 0 22 22 22 1 19 4 11 42 1 4 22 1 4 1 14 46 0 46 14 14 13 0 0 22 4 22 0
split_gain=3.61483e+06 1.12026e+06 633083 406048 275325 189860 165554 162626 111438 96411.4 94969 91643.4 88949.9 82002.8 77816.3 69078.4 63739 63618 46830.1 46650.8 45061.3 48275.7 44816.1 48004.9 41117.3 36701.1 34016.9 33917.8 33514 33343.3
threshold=2.5649999380111699 0.14313399791717532 3.0049999952316289 0.055425753816962249 0.071012552827596678 0.075033884495496764 3.0849999189376835 49.500000000000007 2.6250000000000004 0.29736660420894628 0 2.3549998998641972 2.685000061988831 0.12247302010655405 2.3750000000000004 2.8950001001358037 2.3249999284744267 93.950000762939467 1 3.3850001096725468 2 87.889999389648452 78.689998626708999 1.5000000000000002 0.50499999523162853 0.85500001907348644 0.067204795777797713 2.7649999856948857 0.022006942890584472 1.9650000333786013
decision_type=10 10 8 8 8 8 10 8 2 10 9 8 2 8 8 2 8 8 1 10 1 10 10 8 8 8 8 2 10 8
left_child=1 3 5 7 10 12 15 17 13 29 -3 -7 -2 16 28 -4 -5 -1 -16 -8 -18 -22 -15 -24 -11 -12 -17 -13 -9 -6
right_child=2 4 6 8 9 11 19 14 -10 24 25 27 -14 22 18 26 20 -19 -20 -21 21 -23 23 -25 -26 -27 -28 -29 -30 -31
leaf_value=0.10332001447967282 0.11344671502081177 -0.21599308181270563 0.17395071266913992 -0.14336495067083366 -0.31337951776496248 -0.11160923116986238 0.36217469141675429 0.050256186901982636 0.096721496335163346 -0.55336352151958879 -0.25605381683363032 0.024543056381470293 0.25250705437726068 -0.254217058264955 0.0022485658951627817 0.38129556971848638 -0.10294824644919975 0.31020030584499131 0.16382343934157245 0.50142809198151495 -0.061842548213095726 0.10213810385208519 -0.20004088709446166 -0.058039741751039597 -0.37783938570778641 -0.0070759402422969891 0.24729488250827775 0.13786243309353419 -0.10883303504382069 -0.21107575860354455
leaf_weight=4304.75 16718.75 12190.5 10320.25 12087.25 14308.75 6024.5 9564.75 3025.25 4346.25 2634 1091.25 10784.5 13150.75 7208.5 5237.25 6110 7369.75 5317.5 6349.25 6465.75 5504.25 6005.75 8094 7196.75 11417.5 7137.75 6035.5 6949 7065 7935
leaf_count=5159 20594 15948 14020 16039 21100 7955 11967 3197 6243 4026 1320 17731 16078 12154 6480 6941 12286 5973 7700 7452 7500 7388 11745 13790 18364 9135 8905 10183 9264 12264
internal_value=0.000250806 -0.123665 0.196402 -0.0352175 -0.262633 0.107556 0.320163 0.080826 -0.0980425 -0.328738 -0.145123 0.0231639 0.174678 -0.113876 0.0200748 0.250071 -0.0716476 0.217668 0.0907963 0.418369 -0.0257271 0.0237213 -0.171992 -0.133215 -0.410779 -0.0401206 0.314732 0.0689536 -0.0611344 -0.276896
internal_weight=237950 145826 92123.8 89111.5 56714.8 53627.5 38496.2 31299 57812.5 36295.2 20419.5 23758 29869.5 53466.2 21676.8 22465.8 30967 9622.25 11586.5 16030.5 18879.8 11510 22499.2 15290.8 14051.5 8229 12145.5 17733.5 10090.2 22243.8
internal_count=328901 207075 121826 124918 82157 72541 49285 37773 87145 55754 26403 35869 36672 80902 26641 29866 43213 11132 14180 19419 27174 14888 37689 25535 22390 10455 15846 27914 12461 33364
cat_boundaries=0 1 2 3
cat_threshold=16 8 8
is_linear=0
shrinkage=0.04


Tree=12
num_leaves=31
num_cat=1
split_feature=0 21 11 1 11 4 0 0 21 21 21 21 21 11 21 1 20 40 0 21 21 0 0 21 46 21 24 4 4 4
split_gain=3.33609e+06 1.38169e+06 931215 340006 206434 189961 175159 164702 129099 118810 107827 104900 77435.6 67795.7 56358.3 50900 49862.2 53932.6 47777.2 47189.5 47175.8 46502.3 44445.3 39592 39559.7 36547.7 35884.7 34746.7 34065.2 31809.1
threshold=2.7549999952316289 74.264972686767592 0.11098008602857591 2.8149999380111699 0.1282736882567406 2.6149998903274541 3.2549999952316289 1.7749999761581423 82.007011413574233 69.217826843261733 77.35693740844728 70.271308898925795 85.929336547851577 0.31670437753200537 68.296108245849624 2.1950000524520878 79.000000000000014 0.39266912639141088 2.245000004768372 67.69885635375978 69.217826843261733 0.85500001907348644 2.3249999284744267 82.007011413574233 0 63.80848693847657 0.15704888105392459 2.554999947547913 2.6650000810623173 2.2350000143051152
decision_type=10 10 10 8 10 2 10 8 10 10 10 10 10 10 8 8 2 10 8 10 10 8 8 10 1 8 10 2 2 2
left_child=1 2 5 11 8 9 10 13 22 16 19 28 21 -4 -9 -11 17 -1 -18 -5 -8 -6 -3 27 -7 -20 -27 -13 -2 -16
right_child=3 4 7 6 12 24 20 14 -10 15 -12 23 -14 -15 29 -17 18 -19 25 -21 -22 -23 -24 -25 -26 26 -28 -29 -30 -31
leaf_value=-0.46682616375863928 -0.032611011277176534 0.073495107979723806 -0.28541354004386543 0.13056704733593624 -0.29501623408805466 0.0034372293638537045 0.3177305088756347 -0.25345317818317387 0.40528816322969968 -0.11291425111341073 0.42616641957147006 0.094486110772202481 0.38533386249827695 -0.40871580572564037 -0.18127033176032176 0.01563430426397525 -0.18594201742219532 0.050652080635507621 -0.1741143822019573 0.25180212269226565 0.46641200318769444 -0.011386500914523801 0.20458499451719303 0.45464482984450089 0.14193123075677683 -0.076919283331466554 0.13123819951454704 0.23714674090854831 0.11160425312340656 -0.054013070361248465
leaf_weight=1300.75 6447.25 6192.25 19945.75 7516.75 1042.75 5909.75 5187.75 14826.75 4254.25 6663 4543.25 4731.25 725.5 11124.75 10623.75 18921.75 11707.25 428 6060.5 16252.25 10053 8123 12484.25 885.75 7472 18035 1429.25 6469.5 4414 4464.5
leaf_count=1900 8278 7765 28537 13327 1213 8702 7869 20922 4381 8376 5000 5563 790 17097 16830 24651 17810 458 8750 20762 11442 10268 15014 903 9953 30872 1679 7578 5779 6785
internal_value=0.0002947 -0.0928503 -0.148001 0.240835 0.14056 -0.0563809 0.306487 -0.265069 0.206442 -0.0848171 0.247615 0.116224 -0.0121794 -0.329574 -0.198064 -0.0178464 -0.128794 -0.338753 -0.119036 0.21347 0.415827 -0.043683 0.161128 0.197291 0.0807736 -0.0883424 -0.0616282 0.1769 0.0260024 -0.143622
internal_weight=238236 171735 138913 66500.8 32822 77927.2 43553 60985.5 22930.8 64545.5 28312.2 22947.8 9891.25 31070.5 29915 25584.8 38960.8 1728.75 37232 23769 15240.8 9165.75 18676.5 12086.5 13381.8 25524.8 19464.2 11200.8 10861.2 15088.2
internal_count=329254 242753 203322 86501 39431 113151 58400 90171 27160 94496 39089 28101 12271 45634 44537 33027 61469 2358 59111 34089 19311 11481 22779 14044 18655 41301 32551 13141 14057 23615
cat_boundaries=0 1
cat_threshold=8
is_linear=0
shrinkage=0.04


Tree=13
num_leaves=31
num_cat=1
split_feature=0 0 21 21 11 21 4 21 4 21 4 14 21 4 21 11 11 21 11 16 21 21 42 11 2 0 4 11 11 21
split_gain=3.0903e+06 934823 663425 563145 279643 238131 196886 175120 133236 121969 103902 98168.7 80550.5 67150.2 60244.1 59322.9 59012.7 54445.7 54382.6 49658.1 46720.5 45719.6 43054.3 41845.5 37234.8 33238.3 32548.3 31453.7 30898.9 28620.5
threshold=2.4250000715255742 2.9050000905990605 70.589294433593764 74.264972686767592 0.18969938158988955 78.497573852539077 3.1049998998641972 68.210651397705092 2.2749999761581425 69.559341430664077 2.4150000810623173 77.424999237060561 82.007011413574233 2.6450001001358037 88.269744873046889 0.23335909098386767 0.03455739654600621 62.218965530395515 0.28139615058898931 1.5000000000000002 70.646232604980483 79.423103332519545 0 0.064781505614519133 0.84499999880790722 3.2549999952316289 2.6250000000000004 0.038984065875411041 0.40015698969364172 62.218965530395515
decision_type=8 10 10 10 10 8 2 10 2 10 2 8 10 2 10 8 10 8 10 2 10 10 9 10 10 10 2 10 10 8
left_child=2 3 4 7 10 8 9 11 19 16 -1 15 27 -9 18 -2 -3 -6 -7 22 -8 24 -4 29 25 -11 -10 -5 -19 -13
right_child=1 6 5 12 17 14 20 13 26 21 -12 23 -14 -15 -16 -17 -18 28 -20 -21 -22 -23 -24 -25 -26 -27 -28 -29 -30 -31
leaf_value=-0.19741348343356926 -0.093882510886422937 0.16197385406909665 -0.16069886933383187 0.232406940750849 -0.43764716148751659 0.1752949877796848 0.29924429120449914 0.016896564429301257 0.012940803312901997 0.23753655434391449 -0.029882439203283227 -0.12306759597183127 0.41109292480233472 0.14478529046064437 0.4619891201590442 -0.31543716028095214 -0.034137350880322694 -0.28003273771776238 -0.14931125363163139 -0.29234736025938413 0.4315561466396427 0.41698970422836262 -0.037163043512762249 -0.15394110427929206 0.083190827075193208 0.38907426180497945 0.21425709612813676 0.10171952953170159 -0.39930111256765344 0.0085056741463727589
leaf_weight=31075.25 3929 10359.75 11078.25 11278.25 5969.75 5660.5 7592.25 22672.5 8326.25 11447.25 7318.5 3173 3497.25 9248 992.75 3809 3217 18853.75 966 2752 9798.25 2949.75 7618.75 4123.5 1980.75 2907.25 1518.5 3992 4269.75 15877.25
leaf_count=46469 6110 15528 14511 13340 8567 6706 10530 29526 10562 13935 10926 4250 3561 12050 1022 7010 5044 28612 1167 3280 10921 3171 10018 6759 2262 3466 1814 4934 7437 25790
internal_value=-0.000157781 0.129252 -0.160524 0.0456688 -0.236367 -0.0289857 0.264972 -0.011762 -0.0778119 0.207363 -0.165481 -0.07962 0.237934 0.053952 0.171536 -0.202969 0.115506 -0.329905 0.127958 -0.133727 0.373813 0.272022 -0.110365 -0.0384251 0.24582 0.268253 0.0440118 0.198251 -0.302072 -0.0134142
internal_weight=238252 131852 106400 81599.8 67487 38913 50252.2 62832.2 31293.8 32861.8 38393.8 30911.8 18767.5 31920.5 7619.25 7738 13576.8 29093.2 6626.5 21449 17390.5 19285 18697 23173.8 16335.2 14354.5 9844.75 15270.2 23123.5 19050.2
internal_count=329278 178187 151091 113330 102011 49080 64857 91495 40185 43406 57395 49919 21835 41576 8895 13120 20572 44616 7873 27809 21451 22834 24529 36799 19663 17401 12376 18274 36049 30040
cat_boundaries=0 1
cat_threshold=16
is_linear=0
shrinkage=0.04


Tree=14
num_leaves=31
num_cat=2
split_feature=0 21 11 1 11 4 0 0 21 21 21 21 21 1 21 0 16 21 21 21 46 20 30 21 4 46 4 0 21 23
split_gain=2.86352e+06 1.18256e+06 797614 299852 184521 160906 151543 143685 112995 105449 92987.8 92792.4 71250.3 56819.6 55872.8 52425.8 47162.1 42119.5 39646 39088.7 36424.3 35513.7 56227.3 34705.3 34020.8 33443.3 29449.4 27562.3 27326.8 27156.2
threshold=2.7549999952316289 74.264972686767592 0.10814762115478517 2.8149999380111699 0.1282736882567406 2.5949999094009404 1.6549999713897707 3.2549999952316289 82.007011413574233 67.991352081298842 70.271308898925795 77.35693740844728 85.929336547851577 0.92500001192092907 67.42453765869142 2.245000004768372 1.5000000000000002 68.339370727539077 67.825954437255874 62.218965530395515 0 79.000000000000014 0.2378378361463547 79.423103332519545 2.2849999666213994 1 2.6950000524520878 2.2949999570846562 62.218965530395515 1.2001963853836062
decision_type=10 10 10 8 10 2 8 10 10 10 10 10 10 8 8 8 2 10 10 8 1 2 10 10 2 1 2 10 8 10
left_child=1 2 5 10 8 9 13 11 20 21 26 18 16 -4 -8 -11 -6 -9 -5 -15 -3 22 -1 -12 -16 -7 -2 -22 -23 -30
right_child=3 4 6 7 12 25 14 17 -10 15 23 -13 -14 19 24 -17 -18 -19 -20 -21 27 28 -24 -25 -26 -27 -28 -29 29 -31
leaf_value=-0.53486544350906562 -0.029922186508288477 0.209418141370905 -0.43388245557456162 0.12495389198832296 -0.013959639888810117 0.13672860397552422 -0.24875812728607025 0.27535910838867311 0.3779570769889582 -0.10392048874303289 0.15364191150185358 0.39667922380245002 0.36646229630208577 -0.40522823586300499 -0.17158589353434278 0.0022782912015386239 -0.31137222946578358 0.42444912230899051 0.23531741343476975 -0.26279070427467893 0.012100148455179864 -0.21427725299926084 -0.051907211022530167 0.34461785562392871 -0.040656618762643496 0.014621768220477969 0.10704552362715594 0.14965338144573595 -0.12225890250819946 0.020534046112615622
leaf_weight=871.5 6835.75 8709.75 5231 7716 8175.25 6369.75 14536.25 4188.5 4270.5 10969 10254.25 4550.25 726 3719 16078.25 23096.25 951.5 11060 16049.25 18134 3768 4588.75 691.75 1788.25 3957.75 8219.25 3969.25 6110.5 20194 2382
leaf_count=1431 8797 9993 7106 13671 10354 8415 20405 6554 4392 14584 12076 5001 786 5489 25079 29868 1070 12797 20496 26948 4914 6592 730 1921 5988 12012 5161 7798 36157 2568
internal_value=-8.18589e-05 -0.0863296 -0.13724 0.222966 0.130059 -0.0517208 -0.244569 0.284518 0.192428 -0.079523 0.105594 0.231193 -0.0146443 -0.315423 -0.189053 -0.0319196 -0.0449972 0.383518 0.199492 -0.287049 0.149786 -0.135967 -0.321325 0.182027 -0.145727 0.0679412 0.0203982 0.0971928 -0.125289 -0.107192
internal_weight=238162 171750 139038 66411.5 32711.5 77382.2 61656.2 43564 22858.8 62793.2 22847.5 28315.5 9852.75 27084 34572.2 34065.2 9126.75 15248.5 23765.2 21853 18588.2 28728 1563.25 12042.5 20036 14589 10805 9878.5 27164.8 22576
internal_count=329153 242679 203372 86474 39307 112357 91015 58519 27097 91930 27955 39168 12210 39543 51472 44452 11424 19351 34167 32437 22705 47478 2161 13997 31067 20427 13958 12712 45317 38725
cat_boundaries=0 1 2
cat_threshold=4 4
is_linear=0
shrinkage=0.04


Tree=15
num_leaves=31
num_cat=2
split_feature=0 21 11 4 21 1 21 11 11 21 21 46 11 21 21 14 1 0 4 16 1 1 0 21 46 21 1 4 19 23
split_gain=2.62731e+06 933437 575979 469621 244069 142238 132377 114332 114140 89242.1 78904.5 68988.7 64394.9 63731.9 56427 56048.7 54719 53458.9 51847.9 46177.6 45449.5 44078.2 37685.7 37333.8 37031.3 35364.6 35307.1 33656.8 31174.2 30490
threshold=2.5649999380111699 75.42718887329103 0.1282736882567406 2.9250000715255742 73.370883941650405 2.7749999761581425 69.217826843261733 0.15367746353149417 0.30637067556381231 71.822978973388686 82.007011413574233 0 0.15057002753019336 68.029621124267592 82.007011413574233 86.56000137329103 2.4050000905990605 3.1450001001358037 3.2250000238418584 1.5000000000000002 2.4750000238418584 1.9550000429153445 0.50499999523162853 68.16772842407228 1 89.845905303955092 2.7150000333786015 3.3249999284744267 59.500000000000007 1.0430632233619692
decision_type=10 10 10 2 10 10 10 10 10 10 10 1 10 8 10 8 8 10 2 2 8 10 8 8 1 10 10 2 8 10
left_child=1 2 6 4 5 12 15 10 13 18 29 20 23 -4 26 21 -17 -7 -5 25 -8 -1 -10 -2 -18 -9 -6 -11 -15 -3
right_child=3 7 8 9 14 17 11 19 22 27 -12 -13 -14 28 -16 16 24 -19 -20 -21 -22 -23 -24 -25 -26 -27 -28 -29 -30 -31
leaf_value=-0.22345648543828409 -0.034124981951981284 0.10566249599459913 -0.26026404268981829 0.18327304423037949 0.14849013128381064 0.11200429576382054 -0.02324345761703913 0.0073861970331101316 -0.46022216555584455 0.33390557112992147 0.35687979560732069 -0.066417900342450098 -0.15466179890402601 -0.085194684706471444 0.40641481715235939 -0.16446558478264095 -0.12253556200236068 0.29228732616781311 0.32618665594484697 -0.3218942036799588 0.12116371499197306 -0.10311061910680373 -0.30423909247381842 0.063701864293549987 0.017375309415606461 0.52040705880575955 0.27578271511967595 0.48132677814231711 -0.19272943874689549 0.24984891078093463
leaf_weight=10469.5 10405.75 8933.75 18298.25 11625.25 8522.75 10637.75 6313.5 5346.25 3027 10479.75 3598.5 15152.25 3658.5 6568 2501.75 7004.5 4449.5 3497 6248 675.75 7787.75 9109 13790.75 15595 9461.25 223 5905.75 3255 12579.5 3183.25
leaf_count=18568 14275 11237 25580 16393 10385 14255 7314 6733 4518 11997 3720 20787 5496 9109 2546 9358 7178 4163 8225 732 9647 13033 21629 23707 15351 223 7069 3528 19109 3379
internal_value=0.000161502 -0.10547 -0.148035 0.167157 0.10207 0.0522066 -0.0719968 0.134894 -0.245768 0.292192 0.192425 -0.00716143 0.00244001 -0.206878 0.231042 -0.118834 -0.073297 0.156625 0.233247 -0.00988903 0.0565115 -0.167473 -0.33234 0.0245507 -0.027382 0.0280187 0.200608 0.368876 -0.155849 0.143559
internal_weight=238304 145971 124011 92332.2 60724.2 43794 69747.2 21960.5 54263.5 31608 15715.5 29253.5 29659.2 37445.8 16930.2 40493.8 20915.2 14134.8 17873.2 6245 14101.2 19578.5 16817.8 26000.8 13910.8 5569.25 14428.5 13734.8 19147.5 12117
internal_count=329244 207205 181181 122039 81896 61896 101236 26024 79945 40143 18336 37748 43478 53798 20000 63488 31887 18418 24618 7688 16961 31601 26147 37982 22529 6956 17454 15525 28218 14616
cat_boundaries=0 1 2
cat_threshold=4 8
is_linear=0
shrinkage=0.04


Tree=16
num_leaves=31
num_cat=0
split_feature=11 4 21 21 1 4 21 4 4 21 11 4 21 21 14 19 5 11 4 11 4 4 1 4 21 4 11 21 21 1
split_gain=2.45218e+06 812390 500987 456048 197922 192719 172035 146680 113860 105291 88828.8 82099.9 80107.7 75657.9 56481.9 69531.5 50109.9 45596.1 45136.2 38552.4 37656.2 44193.9 33371.6 31968.5 30847.3 29835.1 29269.8 29171.7 28801.5 27823.3
threshold=0.06256990879774095 2.7649999856948857 70.589294433593764 73.568225860595717 2.6450001001358037 2.2150000333786015 79.866088867187514 3.1750000715255742 2.2749999761581425 74.065814971923842 0.25812315940856939 1.6950000524520876 79.423103332519545 63.80848693847657 87.545001983642592 13.500000000000002 6.5000000000000009 0.28582468628883367 1.2849999666213991 0.27718344330787664 1.5649999976158144 2.3649998903274541 3.2549999952316289 1.5049999952316286 68.296108245849624 3.5049999952316289 0.50077882409095775 82.929309844970717 85.929336547851577 2.8750000000000004
decision_type=10 2 10 10 10 2 10 2 2 10 10 2 10 8 10 10 2 10 2 10 2 2 10 2 8 2 10 10 10 10
left_child=1 3 5 4 13 10 8 9 19 24 18 22 23 -1 16 -16 -15 28 -2 -4 -17 -22 -6 29 -3 -9 -12 -11 -8 -5
right_child=2 7 6 12 11 -7 17 25 -10 27 26 -13 -14 14 15 20 -18 -19 -20 -21 21 -23 -24 -25 -26 -27 -28 -29 -30 -31
leaf_value=-0.16728261175840436 -0.10069446795436435 0.097013690704934166 -0.084941480396033497 0.17530489748507896 0.158577207994305 -0.10206969690269958 0.17562089433902878 0.32807360716002848 0.055627264390373674 0.28708443185140142 -0.30533631312039911 0.033847393547502901 0.30713341267421657 -0.16586575674591383 0.2256097375328403 0.056713183512552112 -0.032316407763208203 -0.089712039331577564 -0.23593734464329788 -0.20744030082623852 -0.16737477535929521 -0.0054790127593890257 0.359165758360734 0.10011635901471631 0.19145734364426026 0.48277738551498511 -0.45185691515539833 0.49419245669440887 0.41942552535545247 0.39192604873431214
leaf_weight=7669 4770.5 8990.5 16726.75 4961.75 5381.5 17186.5 3488.25 11583.25 8708 7670.75 16825.5 10966.75 7089.25 7094.25 2191.75 8073.25 12269.75 848.75 22972.75 5450.5 3829.25 9125.25 1762.25 9700 14405.75 2416.25 2512 1270.25 997.25 1173.5
leaf_count=10813 6320 12442 21232 6107 6115 26524 3924 14443 10772 8948 25998 15442 7693 12255 4036 11644 18380 959 34534 7333 5510 12636 2036 12223 19871 2726 4309 1298 1070 1358
internal_value=0.000548644 0.110235 -0.149675 0.0409947 -0.0107784 -0.216723 -0.0307018 0.24664 -0.0669321 0.199803 -0.258574 0.102591 0.195381 -0.051637 -0.0308065 0.0112628 -0.0812502 0.179044 -0.212687 -0.115056 -0.0110883 -0.0533437 0.208103 0.145334 0.155171 0.354808 -0.324392 0.316561 0.229908 0.216796
internal_weight=238111 137624 100487 91287.5 68363 64267.2 36219.5 46336.8 30885.2 32337.2 47080.8 18110.5 22924.5 50252.5 42583.5 23219.5 19364 5334.25 27743.2 22177.2 21027.8 12954.5 7143.75 15835.2 23396.2 13999.5 19337.5 8941 4485.5 6135.25
internal_count=328951 185976 142975 126248 98867 97685 45290 59728 39337 42559 71161 23593 27381 75274 64461 33826 30635 5953 40854 28565 29790 18146 8151 19688 32313 17169 30307 10246 4994 7465
is_linear=0
shrinkage=0.04


Tree=17
num_leaves=31
num_cat=1
split_feature=0 0 21 21 11 11 21 21 4 4 21 21 14 4 11 16 4 42 11 14 19 21 21 0 21 11 0 21 20 0
split_gain=2.2739e+06 729074 480276 470753 194891 189752 161988 108809 102462 90506.9 78139.2 71536.7 54736.6 50129.9 46505.1 44414.3 44048.1 41396.2 41137 38465.4 44063.5 38161.8 35192.7 33481 30897.2 27798.6 27713.7 27214.1 26252.1 26095.6
threshold=2.3950001001358037 3.0049999952316289 74.36978912353517 70.589294433593764 0.22482913732528689 0.038984065875411041 79.866088867187514 70.646232604980483 2.3149999380111699 2.4150000810623173 66.888175964355483 82.929309844970717 77.424999237060561 2.7649999856948857 0.033737048506736762 1.5000000000000002 3.3249999284744267 0 0.28582468628883367 93.83499908447267 23.000000000000004 62.218965530395515 82.007011413574233 3.5049999952316289 67.874050140380874 0.038984065875411041 1.9550000429153445 89.845905303955092 79.000000000000014 0.85500001907348644
decision_type=8 10 10 10 10 8 10 10 2 2 10 10 10 2 10 2 2 9 10 10 10 8 10 10 10 10 10 10 2 10
left_child=3 2 5 4 9 13 8 14 15 26 12 25 -7 24 23 17 22 -5 27 28 -21 -6 -9 -3 -2 -4 -1 -8 -12 -20
right_child=1 7 11 6 21 10 18 16 -10 -11 19 -13 -14 -15 -16 -17 -18 -19 29 20 -22 -23 -24 -25 -26 -27 -28 -29 -30 -31
leaf_value=-0.21572970916138873 -0.027163547335786006 0.18491025723703458 0.21300737385391852 -0.13096923194363216 -0.39704117889870377 -0.23804912762035757 0.19057088703498906 0.26970905488555658 0.061642464814331652 -0.019798684331239286 -0.3650582366626644 0.39620265753621392 -0.079119935537921862 0.12805565501134189 0.023093909966981584 -0.25124242909815647 0.43693796178637223 -0.017279608590491175 -0.52013280348757707 0.29450919747975707 0.020575356252795607 -0.27264402622009626 0.46788548544067071 0.35086990216855357 0.066522395388617706 0.10319520597284138 -0.14495509635553641 0.52666697501240756 -0.038411874829205613 0.033981387650094383
leaf_weight=17921 9127 13397.75 14217.75 12318.25 5044 5054.5 4100.75 14773.25 7985.25 6637.25 403.25 2946.25 11043 13098.75 2495 2875.5 4014.75 8774.75 177.25 1144.5 5226.25 18233.75 1589.5 2276.5 14707 4984.75 17518.25 425 15069.75 573
leaf_count=26267 14281 19244 16686 16096 7237 9157 4640 17255 10005 9863 536 3034 18930 17967 3857 3414 4362 11504 193 1512 6370 28730 1609 3025 19090 6067 26609 425 20436 666
internal_value=1.41052e-05 0.10753 0.0490608 -0.142073 -0.206746 0.000656239 -0.0285426 0.254694 -0.0624475 -0.155362 -0.0621687 0.212685 -0.129035 0.0651967 0.183505 -0.10379 0.318157 -0.0836773 0.176773 -0.0128889 0.0698265 -0.299615 0.288988 0.209035 0.0306465 0.184508 -0.18075 0.222243 -0.0469481 -0.0974434
internal_weight=238154 135570 97022.8 102584 65354.2 74874 37229.8 38546.8 31953.8 42076.5 37941.2 22148.8 16097.5 36932.8 18169.2 23968.5 20377.5 21093 5276 21843.8 6370.75 23277.8 16362.8 15674.2 23834 19202.5 35439.2 4525.75 15473 750.25
internal_count=329067 183418 134066 145649 98706 108279 46943 49352 41019 62739 56941 25787 28087 51338 26126 31014 23226 27600 5924 28854 7882 35967 18864 22269 33371 22753 52876 5065 20972 859
cat_boundaries=0 1
cat_threshold=16
is_linear=0
shrinkage=0.04


Tree=18
num_leaves=31
num_cat=2
split_feature=11 0 21 21 21 0 0 4 21 4 21 14 7 11 43 2 21 4 4 21 25 0 46 21 0 11 11 26 20 20
split_gain=2.1064e+06 788996 433898 410048 165238 153003 145563 105505 97433.5 96062.8 73576.8 59480.8 62246.1 58763.8 53473.2 46638.9 42497.5 39614.5 38554.4 38096.8 36257.7 36053 28031.8 25843.4 25799 25571.6 24534.4 23787.8 37927.3 32275.9
threshold=0.06256990879774095 2.8149999380111699 70.163589477539077 73.568225860595717 78.497573852539077 2.054999947547913 3.2549999952316289 2.5649999380111699 77.191394805908217 2.2749999761581425 78.335498809814467 88.36999893188478 6.5000000000000009 0.25344043970108038 0 0.34499999880790716 85.929336547851577 1.5649999976158144 2.3649998903274541 69.403285980224624 81.375000000000014 1.825000047683716 1 59.879467010498054 0.43500000238418585 0.24578248709440234 0.3714850395917893 1.5000000000000002 110.00000000000001 159.00000000000003
decision_type=10 10 10 10 10 10 10 2 10 2 10 10 2 10 9 8 10 2 2 10 2 8 1 8 8 8 10 2 2 2
left_child=1 3 5 7 9 13 8 11 15 21 -5 12 27 -2 -13 -3 20 23 -7 -8 -6 26 -9 -16 -15 -22 -4 -1 -29 -30
right_child=2 6 4 10 16 18 19 22 -10 -11 -12 14 -14 24 17 -17 -18 -19 -20 -21 25 -23 -24 -25 -26 -27 -28 28 29 -31
leaf_value=-0.12501868549332845 -0.21218026130218293 0.18776926995125964 -0.1449409286914376 0.11491234626783704 0.27119817190365764 -0.15674328095062787 0.2380750172386287 0.11770604138383352 0.32921033670714617 0.037022991798116855 0.26626212949772488 0.21328963241913981 -0.049953136217323245 -0.42507451417686504 -0.216163462355837 0.087030756561760472 0.35473111536769986 -0.086932667917012305 -0.040201505622331365 0.36397458195219634 0.093571958031306829 -0.07144644563389789 0.014876270607758845 0.03838469927029891 -0.29099836418991609 -0.12078671888060841 -0.30869634375139177 -0.51633756291996047 -0.04452077903924747 -0.29427630442754621
leaf_weight=4809.25 20628 19230.5 8872.25 12554.75 1413.25 18356 5981.25 7136.5 5693.75 8865.25 8703.5 1541 13209.25 2774.25 679.25 11910.25 1183.75 10155.75 6036.25 10817.5 3606.75 12327 10455.5 10314 13494 1181.25 1753.75 734 1327.75 2200
leaf_count=8467 30432 24644 11360 15695 2302 28442 8643 9436 6287 11098 9575 2987 19561 4203 773 17218 1282 14340 9511 12235 3723 15990 15326 14196 21102 1236 2356 1010 2041 3415
internal_value=1.82125e-05 0.101778 -0.13917 0.0251188 -0.0352442 -0.205644 0.221582 -0.0264531 0.177071 -0.0748076 0.176887 -0.0589417 -0.105364 -0.257032 -0.0133547 0.149244 0.135201 -0.029965 -0.127906 0.319165 0.0932446 -0.118 0.0565955 0.0226381 -0.313888 0.0406724 -0.171995 -0.18604 -0.254853 -0.200315
internal_weight=237946 137454 100492 83820.5 39203.2 61288.5 53633.2 62562.2 36834.5 31818.2 21258.2 44970.2 22280.2 36896.2 22690 31140.8 7385 21149 24392.2 16798.8 6201.25 22953 17592 10993.2 16268.2 4788 10626 9071 4261.75 3527.75
internal_count=328886 185849 143037 116822 49347 93690 69027 91552 48149 40804 25270 66790 34494 55737 32296 41862 8543 29309 37953 20878 7261 29706 24762 14969 25305 4959 13716 14933 6466 5456
cat_boundaries=0 1 2
cat_threshold=12 4
is_linear=0
shrinkage=0.04


Tree=19
num_leaves=31
num_cat=3
split_feature=0 0 21 21 11 1 21 21 1 21 1 14 21 11 1 11 1 46 0 11 11 11 21 46 0 21 43 21 0 21
split_gain=1.95722e+06 625279 392601 373882 169250 157570 138218 124326 104364 95620.6 78368.3 52492 50642.8 48390.6 45415.8 44319.4 44291 38709 38349.9 34612.3 34410.3 31267.6 31207.1 30961 25014.1 24595.3 24403.9 23943.6 26840.1 22238.4
threshold=2.3950001001358037 2.9050000905990605 70.589294433593764 70.95111465454103 0.1912697032094002 3.0849999189376835 77.35693740844728 77.668823242187514 2.3549998998641972 74.826206207275405 2.2250000238418584 77.424999237060561 88.269744873046889 0.036171836778521545 2.0349999666213994 0.28582468628883367 1.1150000095367434 0 3.5049999952316289 0.038984065875411041 0.26926530897617346 0.3714850395917893 82.929309844970717 1 0.85500001907348644 69.403285980224624 2 63.80848693847657 2.7549999952316289 82.352401733398452
decision_type=8 10 10 10 10 10 8 10 10 10 10 8 10 10 10 10 8 1 10 10 8 10 10 1 10 10 9 8 8 10
left_child=2 3 4 8 14 9 10 19 11 13 21 20 15 -3 -1 -8 24 -12 25 -5 -2 26 -9 -16 -6 -7 -4 -13 -29 -11
right_child=1 5 6 7 16 18 12 22 -10 29 17 27 -14 -15 23 -17 -18 -19 -20 -21 -22 -23 -24 -25 -26 -27 -28 28 -30 -31
leaf_value=-0.18526390748318794 -0.087186829261504409 0.14709970213931911 0.016961166637841179 0.11339925552684588 -0.45940686785395524 0.20643327906866496 0.1083699025041505 0.20904481775724665 0.031560854384719311 0.24382134587852133 0.10968934857737696 -0.13281134376919182 0.37609295050648678 0.0082806682453290589 -0.15258102351491812 -0.14606787072059776 -0.23481644778335406 -0.048236782121354578 0.42201953036571321 0.010011483801841789 -0.24660024044174544 -0.28980679604108783 0.37164100446970511 -0.053733440229818553 -0.29990335175034444 0.31463376929092834 -0.12944967323347173 -0.083112202943867508 0.020619563197155598 0.4101919303299002
leaf_weight=16066.25 4223 18977 2116.25 17963 2259.5 5238.5 7415.25 8011.25 20298.5 6345.75 3977.5 4532.25 965 5097 8807.5 1284.25 21117.75 6606.5 3586.5 7281.25 4451.75 1706.75 2474.25 11950 5225.5 9428.5 13249.5 7603 8398.75 1615.5
leaf_count=26072 6623 26330 2672 22085 3005 7058 8793 9035 27881 7338 4606 6231 992 7269 13882 1555 33519 9050 4056 9070 8168 2324 2550 15052 7258 11167 17106 12547 14338 1635
internal_value=-0.000759966 0.0990596 -0.132423 0.0330642 -0.191477 0.210915 -0.028896 0.131675 -0.038105 0.15746 -0.0744004 -0.0865186 0.101316 0.11771 -0.13477 0.070796 -0.264475 0.0111167 0.304717 0.0835806 -0.169015 -0.127414 0.247445 -0.0956804 -0.348108 0.276006 -0.109358 -0.0516607 -0.0286689 0.277629
internal_weight=238273 135526 102748 85237 65426.5 50288.8 37321 35729.8 49507.2 32035.2 27656.5 29208.8 9664.5 24074 36823.8 8699.5 28602.8 10584 18253.5 25244.2 8674.75 17072.5 10485.5 20757.5 7485 14667 15365.8 20534 16001.8 7961.25
internal_count=329267 183381 145886 118528 98788 64853 47098 42740 75788 42572 35758 47907 11340 33599 55006 10348 43782 13656 22281 31155 14791 22102 11585 28934 10263 18225 19778 33116 26885 8973
cat_boundaries=0 1 2 3
cat_threshold=4 8 140
is_linear=0
shrinkage=0.04


Tree=20
num_leaves=31
num_cat=2
split_feature=11 0 21 21 21 1 11 1 21 0 14 21 43 0 16 0 0 21 25 0 1 25 21 1 44 39 21 11 22 21
split_gain=1.82015e+06 670317 376537 348810 145441 132314 118968 98936.8 91496 83552.3 65192.3 60228.3 58704.9 49599.8 44388.7 40504.6 38579.3 36975 34564.8 31980.5 29712 29145.8 28186 27614 27180.8 26930 26018.3 25801.4 24625.1 21705.8
threshold=0.06256990879774095 2.8149999380111699 69.559341430664077 73.568225860595717 78.497573852539077 3.0849999189376835 0.25812315940856939 2.5249999761581425 74.826206207275405 2.1049998998641972 88.220001220703139 78.335498809814467 0 2.1250000000000004 1.5000000000000002 2.0249999761581425 3.5049999952316289 89.845905303955092 117.87500000000001 2.5849999189376835 0.33500000834465032 94.625000000000014 68.339370727539077 2.1650000810623173 1 1.4159978628158572 70.388153076171889 0.51964643597602855 0.16873753070831302 68.296108245849624
decision_type=10 10 10 10 10 10 10 10 10 8 8 10 9 8 2 10 10 10 2 8 8 2 8 8 9 10 10 10 10 10
left_child=1 3 6 7 9 8 13 10 22 21 15 -5 -12 -2 17 24 26 18 -6 -14 -8 -4 -3 -11 -1 28 -7 -23 -21 -9
right_child=2 5 4 11 14 16 20 29 -10 23 12 -13 19 -15 -16 -17 -18 -19 -20 25 -22 27 -24 -25 -26 -27 -28 -29 -30 -31
leaf_value=-0.14228086429672088 -0.19698961039050608 0.065790164938525228 -0.072558451602203269 0.10775329904503822 0.24066223560146902 0.20349262230962839 -0.42690305947034674 0.0018203917414531129 0.27270329197860932 -0.060119218332772041 0.22283726630003892 0.24469666536204818 -0.084706212317609109 -0.10511596400887424 -0.35764963586526927 -0.053809050103755071 0.40761367701354601 0.48381422351322861 0.049154046996919554 0.0071311178528612809 -0.26200296276914437 -0.1619182641662803 0.15235790238251215 0.042213510688191402 -0.34716290710873987 0.10468594752713284 0.30737965156806374 -0.52386863735853306 -0.18546265439321705 0.084370691841181761
leaf_weight=9077 21248 9471.75 8025.75 12563 2332.75 6881 1951.75 9139.75 8395.75 8417.25 1589 8697.75 9003.5 16872.25 296.25 10238.5 3569.5 470 4263.5 5752.5 16968 10893.5 16514.5 8457.25 1176 3709.5 8809 323.75 1301.75 11519.25
leaf_count=14594 31739 12639 13257 15704 3469 9293 2749 12733 9553 10479 3101 9576 12665 26011 312 15880 4033 470 4280 8799 27297 11420 23302 11152 1776 5049 10246 341 1550 15267
internal_value=-9.30271e-05 0.0945324 -0.129444 0.0238339 -0.0407712 0.204934 -0.197035 -0.0237704 0.157907 -0.0738017 -0.0591285 0.163786 -0.010223 -0.15633 0.121251 -0.110095 0.288873 0.141377 0.116907 -0.0290662 -0.279036 -0.130771 0.120809 -0.00883187 -0.16629 0.0174509 0.261835 -0.172411 -0.0284297 0.0478517
internal_weight=237929 137409 100520 83767.5 43480 53641.5 57040 62506.8 34382 36117.5 41847.8 21260.8 21356.2 38120.2 7362.5 20491.5 19259.5 7066.25 6596.25 19767.2 18919.8 19243 25986.2 16874.5 10253 10763.8 15690 11217.2 7054.25 20659
internal_count=328736 185760 142976 116694 55180 69066 87796 91414 45494 46649 63414 25280 31164 57750 8531 32250 23572 8219 7749 28063 30046 25018 35941 21631 16370 15398 19539 11761 10349 28000
cat_boundaries=0 1 2
cat_threshold=12 12
is_linear=0
shrinkage=0.04


Tree=21
num_leaves=31
num_cat=2
split_feature=11 0 21 21 11 0 1 21 0 21 14 43 21 1 21 5 46 11 1 21 0 1 0 1 21 21 26 32 30 24
split_gain=1.6681e+06 610213 343813 323846 182408 120920 95012.4 80953.1 78377.4 68918.2 63510.4 53371.7 50598.2 49720.6 49703.7 42102.7 39984.6 39244.9 36797 36546.3 35657.4 31981.8 31332.6 28145.5 25147.7 23864.5 23592.5 32129 31763.2 22405.3
threshold=0.06256990879774095 2.8149999380111699 74.264972686767592 74.264972686767592 0.23540768027305606 3.2549999952316289 2.5849999189376835 77.191394805908217 2.185000061988831 82.929309844970717 88.36999893188478 0 82.007011413574233 2.8950001001358037 62.455936431884773 6.5000000000000009 1 0.28139615058898931 3.4750000238418584 66.794250488281264 0.58499997854232799 2.0349999666213994 2.5849999189376835 0.92500001192092907 68.687107086181655 61.989763259887702 1.5000000000000002 1.1188311576843264 0.11093164607882501 0.04226272180676461
decision_type=10 10 10 10 10 10 10 10 8 10 8 9 10 10 8 2 1 10 10 8 8 8 8 8 10 8 2 10 10 10
left_child=1 3 4 6 8 7 10 13 21 17 15 -12 29 -3 -6 26 -8 -4 24 -10 -11 -2 -13 -16 -7 -24 27 -1 -28 -5
right_child=2 5 9 12 14 18 16 -9 19 20 11 22 -14 -15 23 -17 -18 -19 -20 -21 -22 -23 25 -25 -26 -27 28 -29 -30 -31
leaf_value=-0.19637760096852841 -0.19636772282890755 0.085401021326631479 0.035928379322913526 0.11242462947919624 -0.34750093357556955 0.17112875269119956 0.13182203870171205 0.29336770606088541 -0.13220518142106213 -0.3449686088369201 0.19370349294554776 -0.074387431298440582 0.3075269258947772 0.18730099048551979 -0.29780487657082516 -0.049546302006786891 0.01188418966377802 -0.13346574676186349 0.39873437044468718 -0.023959859149711493 0.2710351787035527 -0.11439257011029534 -0.1603095250113763 -0.19093368004397285 0.29080600241431037 0.039279640345773165 -0.12395468699906736 0.0011020185222291074 -0.33570775831085281 0.22893149925797626
leaf_weight=2794.5 15391.75 17529.75 12133.5 11868.5 5381 4061.25 7029.75 5745 7290.25 159.75 1973.5 10161 3473.5 13613.25 4972.5 12246.5 12104.25 2668.75 3578 15817.75 2356 15083.75 1051.5 19121.25 9156 10734 2318 2494.25 2220.5 3398.25
leaf_count=5811 20407 24363 15033 14858 7625 6195 8316 6345 9763 165 3562 14055 3550 17529 6864 18434 17646 3493 4136 23842 2515 23063 1335 30081 10563 15489 4538 3482 2246 3570
internal_value=0.000144059 0.0906195 -0.123839 0.0232142 -0.157642 0.195923 -0.0189498 0.155407 -0.113674 0.0382831 -0.0501113 -0.00495696 0.169739 0.129948 -0.237567 -0.0990397 0.0559536 0.00538049 0.284894 -0.0581142 0.231796 -0.1558 -0.0229072 -0.213002 0.254049 0.0214599 -0.160705 -0.10326 -0.227609 0.138372
internal_weight=237928 137551 100376 83868 83058.2 53683.2 65127.8 36888 53583.5 17318 45993.8 23920 18740.2 31143 29474.8 22073.8 19134 14802.2 16795.2 23108 2515.75 30475.5 21946.5 24093.8 13217.2 11785.5 9827.25 5288.75 4538.5 15266.8
internal_count=328874 186023 142851 116892 121645 69131 94914 48237 77075 21206 68952 34441 21978 41892 44570 34511 25962 18526 20894 33605 2680 43470 30879 36945 16758 16824 16077 9293 6784 18428
cat_boundaries=0 1 2
cat_threshold=12 4
is_linear=0
shrinkage=0.04


Tree=22
num_leaves=31
num_cat=0
split_feature=0 4 21 21 21 1 11 21 4 4 21 1 4 21 16 0 21 25 4 21 21 1 14 0 4 20 0 1 1 25
split_gain=1.55022e+06 539755 352259 281412 111998 109913 109320 105457 82658.4 61886.1 56962.2 54124.8 50378.9 42508.8 41023.6 39381.8 33467.4 28327 27803.7 27745.3 27408.1 27105.2 26499 38572 25812.4 24125.8 23276.6 22966.7 22964.3 22938.5
threshold=2.3249999284744267 2.8149999380111699 70.589294433593764 70.163589477539077 77.668823242187514 2.4050000905990605 0.22482913732528689 77.35693740844728 3.185000061988831 2.2749999761581425 71.822978973388686 2.9050000905990605 2.3649998903274541 63.80848693847657 1.5000000000000002 2.9550000429153447 88.269744873046889 25.625000000000004 1.0000000180025095e-35 61.989763259887702 85.929336547851577 2.1250000000000004 88.220001220703139 3.0049999952316289 1.2849999666213991 110.00000000000001 3.6049998998641972 2.9450000524520878 1.9049999713897707 129.37500000000003
decision_type=8 2 10 10 10 10 8 10 2 2 10 10 2 8 2 10 10 2 2 8 10 8 10 8 2 2 8 10 8 2
left_child=3 2 5 6 11 13 12 9 10 17 -3 21 28 -2 16 -7 29 -5 -19 -8 -6 -4 25 -24 -13 -15 -10 -17 -1 -9
right_child=1 8 4 7 20 15 19 14 26 -11 -12 24 -14 22 -16 27 -18 18 -20 -21 -22 -23 23 -25 -26 -27 -28 -29 -30 -31
leaf_value=-0.20824994291035431 -0.16238875611663209 0.11652190299365539 -0.023219065450819004 -0.0085285027808646059 0.1992331625245522 0.0055958072569394415 -0.33847593167392731 0.16292018751356882 0.26051856202154094 0.022992933759912439 0.23203059069976817 0.29863308669014499 -0.035746632911675284 -0.28868907635083285 -0.28617801531091003 0.055708379863249891 0.33909967884354703 0.010959033489342278 -0.15253125352532509 -0.22885513130192203 0.40135234114159479 0.075612419035100062 -0.072221615285896976 0.071924075148304137 0.11391400958985642 -0.076940545897422968 0.3983139543483411 0.22012089696577516 -0.13427640790405229 0.017878402760919187
leaf_weight=10483.75 7449.5 16450 5502 3431.25 11109.25 16546 4719.5 2888.5 11129 7204 11686.5 2288.75 6254.75 914.75 456.25 3045.75 859.75 1870 15118.25 17107.5 1188.75 22991.5 6932 5195.5 2572.25 14431.5 2386.5 2455.75 18710.75 4404
leaf_count=14095 10178 23362 6630 5451 12454 22867 6713 4300 13796 9076 13581 2558 9437 1709 484 3837 883 2299 18959 27201 1233 28525 11138 9322 3353 25440 2790 2974 29708 4413
internal_value=-9.2481e-05 0.0821306 0.03284 -0.126955 0.115626 -0.0334997 -0.182145 -0.0397072 0.20357 -0.0778026 0.164505 0.0775786 -0.138775 -0.0776439 0.0825299 0.0364249 0.103198 -0.113363 -0.134535 -0.252572 0.218802 0.0565281 -0.0546602 -0.0104675 0.200931 -0.0895806 0.284878 0.129126 -0.160847 0.0753433
internal_weight=237784 144275 102623 93508.2 45652.5 56970.8 57276.2 36232 41652 27623.5 28136.5 33354.5 35449.2 34923.2 8608.5 22047.5 8152.25 20419.5 16988.2 21827 12298 28493.5 27473.8 12127.5 4861 15346.2 13515.5 5501.5 29194.5 7292.5
internal_count=328766 195747 142218 133019 54753 87465 87154 45865 53529 35785 36943 41066 53240 57787 10080 29678 9596 26709 21258 33914 13687 35155 47609 20460 5911 27149 16586 6811 43803 8713
is_linear=0
shrinkage=0.04


Tree=23
num_leaves=31
num_cat=0
split_feature=0 21 11 1 4 4 21 11 21 21 0 21 21 1 0 11 21 1 21 23 14 6 4 4 23 38 7 1 0 21
split_gain=1.44356e+06 602265 413786 162017 97528 88380.5 83512.5 83180.3 70260.3 54366.2 52762 49217.7 47180.2 40676.7 39474.1 35092.4 34720.5 31088.4 28074.2 26609.7 24956.2 32228.5 24818.9 24179.4 22017 21903.8 21434.8 21189.3 20868 19934.9
threshold=2.7549999952316289 75.10739898681642 0.11098008602857591 2.8149999380111699 2.6450001001358037 2.0849999189376835 74.826206207275405 0.13802628964185717 67.991352081298842 79.119747161865249 3.2649999856948857 82.007011413574233 62.218965530395515 2.1950000524520878 0.85500001907348644 0.037113560363650329 85.929336547851577 0.92500001192092907 67.42453765869142 1.0056059360504153 78.299999237060561 12.500000000000002 2.6350001096725468 1.0000000180025095e-35 1.0430632233619692 1.1097044348716738 12.500000000000002 3.5049999952316289 0.88499999046325695 62.218965530395515
decision_type=10 10 10 10 2 2 10 10 10 10 10 10 8 8 8 10 10 8 8 10 10 2 2 2 10 8 2 10 10 8
left_child=1 2 4 6 8 12 15 11 20 10 -5 22 -4 -10 -9 29 -16 28 -7 -15 21 -1 24 -19 -3 -22 -25 -12 -14 -2
right_child=3 7 5 9 -6 18 -8 14 13 -11 27 -13 17 19 16 -17 -18 23 -20 -21 25 -23 -24 26 -26 -27 -28 -29 -30 -31
leaf_value=-0.26534584162055952 -0.083099230564373502 0.063007974642069559 -0.30943602005538123 0.16374926126386563 0.069531834489879304 -0.1644679327263987 0.20643543506305859 -0.2510881186350219 -0.088729758997590391 0.3751509482457116 0.24196609530829111 0.26804831379363442 -0.39136454596858394 0.23563303979573338 0.0018809408014407614 -0.018284031928110116 0.32230326157026024 -0.072552252137187315 -0.075196818461363127 -8.2380814803056021e-05 -0.11096056125949824 -0.1004502460052457 0.22886084832345685 -0.10351881407149074 0.17702559125946021 -0.029983768174807138 -0.20373747580738447 0.37250866196837207 -0.22412953408058348 0.098282733965481622
leaf_weight=2911.75 1028 9732 6280.25 19630.25 12114.75 9382 8059.75 910 9604.5 3243.5 8190.5 4372.5 1721.75 787 6465.5 6916.75 589.5 3420.25 14125.5 27791.75 12625.25 5442.25 2641 4136.5 3755.75 9269.5 19661.5 2634.5 3917.25 16827.75
leaf_count=5905 1322 12492 9053 25295 16650 12880 9076 1051 12234 3461 9899 4500 2315 2962 8147 10009 645 4960 21783 34667 19343 8428 3169 6505 3947 16246 29338 3059 5319 24501
internal_value=-0.000329896 -0.0616349 -0.0950412 0.157843 -0.035074 -0.172143 0.0945993 0.106404 -0.0535935 0.219456 0.202862 0.149021 -0.208966 -0.0175178 -0.00329527 0.0582063 0.0286972 -0.189753 -0.110831 0.00641661 -0.0991299 -0.157949 0.116738 -0.17203 0.094768 -0.0766808 -0.186323 0.273768 -0.275252 0.0878358
internal_weight=238189 171658 143192 66531 80546.8 62645 32832.2 28466.2 68432 33698.8 30455.2 20501.2 39137.5 38183.2 7965 24772.5 7055 32857.2 23507.5 28578.8 30248.8 8354 16128.8 27218.2 13487.8 21894.8 23798 10825 5639 17855.8
internal_count=329161 242539 208588 86622 116435 92153 44908 33951 99785 41714 38253 24108 57490 49863 9843 35832 8792 48437 34663 37629 49922 14333 19608 40803 16439 35589 35843 12958 7634 25823
is_linear=0
shrinkage=0.04


Tree=24
num_leaves=31
num_cat=3
split_feature=0 4 4 1 11 14 19 11 4 42 23 15 4 4 46 0 1 31 4 0 19 7 14 38 20 42 4 25 17 0
split_gain=1.3247e+06 431357 248269 139593 117817 96740.3 116272 94330.4 83765.7 67741.6 64611.7 51615 46876.8 45250.7 44950 39634.6 38634.2 33132.6 31449.5 31230.4 29945.8 31676.1 29509.3 27628.4 26486.4 25340.9 24091.3 22092.1 22028.4 21153.6
threshold=2.3850001096725468 2.7649999856948857 2.2849999666213994 2.8149999380111699 0.31670437753200537 94.430000305175795 20.500000000000004 0.15715519338846209 3.1350001096725468 0 1.0494033098220827 3.5000000000000004 2.0449999570846562 1.235000014305115 1 0.88499999046325695 1.0000000180025095e-35 68.28476715087892 2.7549999952316289 3.2150000333786015 9.5000000000000018 27.500000000000004 77.424999237060561 1.1149805188179018 79.000000000000014 2 3.435000061988831 468.75000000000006 4.5000000000000009 3.1750000715255742
decision_type=8 2 2 10 10 10 10 8 2 9 10 2 2 2 1 10 8 10 2 8 8 2 10 10 2 9 2 2 8 10
left_child=2 3 4 5 9 7 -7 -2 20 13 -11 19 29 -1 18 16 -6 22 -4 -8 -3 -22 -9 -19 -12 -16 -10 -13 -17 -5
right_child=1 8 14 12 15 6 11 17 26 10 24 27 -14 -15 25 28 -18 23 -20 -21 21 -23 -24 -25 -26 -27 -28 -29 -30 -31
leaf_value=-0.041337646595634138 0.018920682753869749 0.25706344408889942 0.043019045808268583 0.1621006010546896 -0.59869133697636612 0.23813746121857995 0.025539122213266235 -0.21963195044984651 0.22718258032717178 0.022278964485716663 -0.37195939045717547 -0.10683230826237214 0.075310260072697366 -0.16704163486317761 -0.087230803166633286 -0.21776141822871034 -0.28621362388502053 -0.07668946033800253 0.28033162706302384 0.1469543335588584 0.080398354457887886 0.16768726665469946 -0.080452996825342904 0.09354230506680164 -0.10524107053944304 0.028440024301185241 0.34228974827812098 0.077429024040332403 -0.046117194782772659 0.30445140901200424
leaf_weight=5289.75 30854.5 3197.75 9650.75 4168.75 730.25 5312.5 9348.75 4592.25 12431.5 8673.75 623.75 4915 7547.75 34282.5 8417.5 8998.75 4777.5 6867.75 983.75 5317.25 12319.5 14466.5 5197.5 1960 12912.5 4734 3805.5 1320 1380.5 2792.25
leaf_count=6933 44341 4460 12539 4837 1061 6853 11565 8391 15724 14760 752 7057 10340 48486 12022 13897 7104 9036 1271 7052 15861 19340 9159 2029 16178 6837 4347 1320 2216 3147
internal_value=0.000236362 0.0816419 -0.10922 0.0307226 -0.143847 0.00893411 0.0710588 -0.0239843 0.181002 -0.118861 -0.0629484 0.0285822 0.144374 -0.15024 0.00385003 -0.240999 -0.327746 -0.0950876 0.0649964 0.0695663 0.141367 0.127546 -0.145756 -0.0388866 -0.117558 -0.0455948 0.25418 -0.0678159 -0.194939 0.219238
internal_weight=237870 136415 101455 90194.2 77669.2 75685.5 26213.5 49472 46220.8 61782.2 22210 20901 14508.8 39572.2 23786 15887 5507.75 18617.5 10634.5 14666 29983.8 26786 9789.75 8827.75 13536.2 13151.5 16237 6235 10379.2 6961
internal_count=328915 184859 144056 125127 111387 106803 33847 72956 59732 87109 31690 26994 18324 55419 32669 24278 8165 28615 13810 18617 39661 35201 17550 11065 16930 18859 20071 8377 16113 7984
cat_boundaries=0 1 2 3
cat_threshold=16 4 16
is_linear=0
shrinkage=0.04


Tree=25
num_leaves=31
num_cat=4
split_feature=0 0 11 22 22 1 1 0 14 1 1 46 11 46 22 1 46 1 15 43 17 15 20 1 1 15 15 37 40 32
split_gain=1.23934e+06 395470 222889 200650 116664 80154.4 77190.9 52257.1 49833.6 46696.3 45412.6 41484.1 35255.1 34105.6 33907.8 33907 33399.7 29668.1 27557 26027.9 29040.2 22323 46405.4 31247.8 21982.6 20999.9 20787.1 19238.4 23724.5 19187.6
threshold=2.3950001001358037 3.0049999952316289 0.23540768027305606 0.10333079844713212 0.075033884495496764 2.5249999761581425 3.1950000524520878 0.92500001192092907 78.520000457763686 1.9550000429153445 2.2549999952316289 0 0.23787476867437365 1 0.067943003028631224 1.0000000180025095e-35 2 2.1450001001358037 3.5000000000000004 3 4.5000000000000009 3.5000000000000004 218.00000000000003 2.995000004768372 2.6250000000000004 3.5000000000000004 2.5000000000000004 68.989788055419936 0.39266912639141088 1.1403846740722658
decision_type=8 10 10 8 10 8 10 10 8 8 10 1 8 1 8 8 1 8 2 9 10 2 2 10 8 2 2 10 10 10
left_child=2 3 4 5 10 -2 18 15 12 -6 19 26 -5 -11 -9 -4 -12 -10 24 -1 -21 22 23 -13 -3 29 -7 28 -14 -19
right_child=1 6 7 8 9 11 -8 14 17 13 16 21 27 -15 -16 -17 -18 25 -20 20 -22 -23 -24 -25 -26 -27 -28 -29 -30 -31
leaf_value=0.043840619665230528 0.015911650669786226 0.087580398813910318 -0.50270946751999668 -0.049941571999686865 -0.18178741576592017 0.12048598998338156 0.26940446661796524 -0.094503162588992246 -0.14623148063641975 -0.023296969766642046 -0.028412872418801957 0.10487184190282318 -0.27997160900801377 -0.12233757291144577 -0.19938122670395708 -0.25246921599714539 0.093032240481746881 0.0016200638892834127 0.067463335267381908 -0.10489117029034414 0.0071773104855656139 0.038985674876052014 0.2782378760021893 0.25419780950825172 0.19027575395255703 -0.074114387856245703 0.032950107580375969 -0.040595098357220367 0.11718373614921093 0.1123019698055213
leaf_weight=3692.75 22573.5 4184.75 987.5 4797.5 12116 6825 12540.5 7419.5 2427.5 8889 6599.5 13933.75 3187.75 14870.5 14731.5 7097.25 8032.25 12743.75 5331.5 12869.5 5191.75 2823.5 4166 2672.25 16477 4546.75 11924.25 881.75 259.75 3118.5
leaf_count=5252 28236 4964 1373 7598 16313 9771 15110 9752 3221 10578 9004 17521 6268 23770 23265 10332 9632 21683 7016 18763 7486 3524 4928 3075 22159 7537 15471 1085 286 3699
internal_value=8.06269e-05 0.0795073 -0.104855 0.036396 -0.0666976 0.0767881 0.187894 -0.196042 -0.0456413 -0.117882 -0.0162295 0.109239 -0.124641 -0.0852868 -0.164258 -0.283093 0.0382572 -0.0140646 0.14856 -0.0528775 -0.0726378 0.144532 0.158876 0.128916 0.169482 0.00166191 0.0648194 -0.207387 -0.250022 0.023386
internal_weight=237912 135415 102497 96881.5 72261.2 64918.2 38533.8 30235.8 31963.2 35875.5 36385.8 42344.8 9126.75 23759.5 22151 8084.75 14631.8 22836.5 25993.2 21754 18061.2 23595.5 20772 16606 20661.8 20409 18749.2 4329.25 3447.5 15862.2
internal_count=328672 183152 145520 133903 100798 82526 49249 44722 51377 50661 50137 54290 15237 34348 33017 11705 18636 36140 34139 31501 26249 29048 25524 20596 27123 32919 25242 7639 6554 25382
cat_boundaries=0 1 2 3 4
cat_threshold=8 4 8 44
is_linear=0
shrinkage=0.04


Tree=26
num_leaves=31
num_cat=4
split_feature=11 0 21 21 21 4 21 1 4 1 1 14 43 21 25 21 46 21 0 1 16 16 17 46 46 21 25 39 24 40
split_gain=1.13636e+06 421374 253694 248104 98030.1 94223.4 92793.6 67470.2 60309.1 55872.2 55032.3 50592.5 44972.7 39226.5 39142.8 36267.5 35156.4 30493.4 30475.6 29598.5 28253.7 26214.8 25858.6 25279.9 24098.3 23446.9 25924.3 23423.4 28706.2 20889.1
threshold=0.0658288709819317 2.8149999380111699 70.589294433593764 74.264972686767592 71.822978973388686 2.2949999570846562 80.05841445922853 2.5349999666213994 2.4150000810623173 2.9450000524520878 1.2849999666213991 88.36999893188478 0 82.929309844970717 84.875000000000014 82.352401733398452 1 62.218965530395515 2.0249999761581425 3.1450001001358037 1.5000000000000002 1.5000000000000002 4.5000000000000009 2 3 89.845905303955092 80.375000000000014 1.4159978628158572 0.13557192683219912 0.39266912639141088
decision_type=10 10 10 10 10 2 10 10 2 10 8 8 9 10 2 10 1 8 10 10 2 2 10 1 1 10 2 10 10 10
left_child=1 3 5 7 9 10 8 11 14 -3 -2 18 -13 24 22 19 -9 -12 29 -6 -16 25 -4 27 -5 26 -8 28 -14 -1
right_child=2 4 6 13 15 -7 21 16 -10 -11 17 12 23 -15 20 -17 -18 -19 -20 -21 -22 -23 -24 -25 -26 -27 -28 -29 -30 -31
leaf_value=-0.14860251575936434 -0.24717159825687557 0.067258851789929339 -0.030877468512605408 0.17348865137764535 0.17360969497418427 -0.044215800970329094 0.35148514038018797 0.10623692165225311 0.099445091634946525 0.17407463367663323 -0.23227166368889543 0.18030656640680337 0.010220310784517871 0.29463438853187174 -0.082762590375126899 0.37155068808399466 0.00089216380119683638 -0.13564215101206842 -0.043198715881125713 0.27718775480668528 -0.23807137143208359 -0.31035029426457483 0.14434081698355244 -0.075002065485584801 0.077110610902533475 0.43120207331277161 0.088297875653249355 0.092652191006122708 -0.18516870899490148 0.16086484374734542
leaf_weight=10241 12331 16996.25 8307.75 8065.5 13243.75 10942.75 720.75 8090.75 4098.5 14538.75 6179 1922.5 6925.25 2472.75 14508.5 2442.5 13567.75 33928.75 11083.75 6629.25 2151.75 194.25 1607.5 8400.5 8558 468 3524.25 4130.5 1455 360.5
leaf_count=16550 16807 25010 12723 9096 15517 16834 1008 9533 4937 18753 9185 3469 10811 2553 15278 2489 19702 53476 17071 7623 2253 204 3838 12017 10790 468 3714 5317 1560 413
internal_value=0.000613117 0.0743158 -0.103 0.0189955 0.161915 -0.150984 -0.0175215 -0.0176561 -0.0433597 0.116509 -0.173263 -0.0458268 -0.00427085 0.146005 -0.0653862 0.226072 0.040248 -0.150534 -0.0895812 0.208174 -0.102835 0.143961 -0.00245828 -0.0213242 0.12388 0.162749 0.133057 0.0147042 -0.0237212 -0.138065
internal_weight=238087 139124 98962.8 85273.8 53850.5 63381.5 35581.2 66177.5 30674 31535 52438.8 44519 22833.8 19096.2 26575.5 22315.5 21658.5 40107.8 21685.2 19873 16660.2 4907.25 9915.25 20911.2 16623.5 4713 4245 12510.8 8380.25 10601.5
internal_count=328999 188274 140725 118882 69392 96302 44423 96443 39029 43763 79468 67208 33174 22439 34092 25629 29235 62661 34034 23140 17531 5394 16561 29705 19886 5190 4722 17688 12371 16963
cat_boundaries=0 1 2 3 4
cat_threshold=12 4 4 4
is_linear=0
shrinkage=0.04


Tree=27
num_leaves=31
num_cat=1
split_feature=4 0 21 21 21 0 21 4 21 4 4 21 21 23 4 4 14 25 20 0 8 16 10 19 4 44 21 4 19 22
split_gain=1.0622e+06 466546 253551 132981 123073 107439 79786.2 79419.8 61841.3 53382.6 42752.1 42447 37939.5 37483.4 37084.4 36859.7 33600.4 32651.6 31809.2 30987 30426.1 29439.8 26767.8 26639.4 26207.3 24534.7 24163.6 22882 22615.1 20695.7
threshold=2.6049998998641972 2.1149998903274541 75.817798614501967 71.822978973388686 68.144451141357436 3.0049999952316289 67.42453765869142 3.0749999284744267 77.35693740844728 1.8450000286102297 0.66500002145767223 82.929309844970717 82.007011413574233 1.0056059360504153 3.1550000905990605 2.2949999570846562 94.430000305175795 89.125000000000014 79.000000000000014 2.435000061988831 76.500000000000014 1.5000000000000002 12.250000000000002 64.000000000000014 1.0000000180025095e-35 0 67.69885635375978 1.9750000238418581 10.500000000000002 0.1248067505657673
decision_type=2 8 10 10 10 10 10 2 10 2 2 10 10 10 2 2 10 2 2 10 2 2 2 8 2 9 8 2 10 10
left_child=1 4 5 7 18 6 25 20 17 -7 16 14 24 -12 23 -15 19 -6 -1 -8 26 -10 -20 -5 -4 -3 -2 -24 -18 -19
right_child=3 2 12 11 8 9 10 -9 21 -11 13 -13 -14 15 -16 -17 28 29 22 -21 -22 -23 27 -25 -26 -27 -28 -29 -30 -31
leaf_value=-0.3401420826888093 -0.075655216312585163 -0.080033957880216472 0.18112796455545055 0.21971968780044826 -0.057460846492556186 0.20209029329621486 -0.046550529154479298 0.17749103349419099 0.061311656669849432 -0.030038707926924958 0.21864529258090451 0.35098116652373706 0.25228544631875588 -0.097296916615738846 0.27163573446118866 -0.0074483799644881853 0.3145175021098835 -0.13354873355697364 -0.12800891414658763 0.099243871183986698 0.086459580586718168 -0.28134705171811525 -0.25472421051692684 0.12072521654563069 0.063521940069441327 -0.22460791968352842 0.045715157173186097 -0.16851535614176505 0.089808263610991826 -0.37864964466947504
leaf_weight=2100.5 4151 29328.5 5038.5 6990 12889 4657.5 6964.5 11292 5458.5 2402.25 909 2790.25 3957 11832 6130 19094.25 835 16608.75 10663.75 3505.75 16346 432 8814.25 11528 7614.25 2004.75 7133.25 11195.75 5031.75 569.5
leaf_count=2552 6212 49172 5874 8298 22000 5706 8868 15174 6402 3570 3504 2854 4074 15309 6838 24339 1201 17523 17458 4207 23021 459 13591 13694 9520 3072 10770 17423 6033 598
internal_value=-0.000268465 -0.0527419 0.00104226 0.135663 -0.133477 -0.0264254 -0.0397048 0.0881167 -0.0823722 0.123109 -0.00738736 0.203103 0.144189 -0.0343814 0.186349 -0.0418255 0.0452135 -0.10559 -0.189542 0.00227019 0.0515857 0.0361374 -0.179218 0.158103 0.110365 -0.0893882 0.00106501 -0.206501 0.121839 -0.141696
internal_weight=238268 171907 103175 66360.5 68732 86565.2 79505.5 38922.2 35957.8 7059.75 48172.2 27438.2 16609.8 31835.2 24648 30926.2 16337 30067.2 32774.2 10470.2 27630.2 5890.5 30673.8 18518 12652.8 31333.2 11284.2 20010 5866.75 17178.2
internal_count=329316 242455 144449 86861 98006 124981 115705 55177 46982 9276 63461 31684 19468 43152 28830 39648 20309 40121 51024 13075 40003 6861 48472 21992 15394 52244 16982 31014 7234 18121
cat_boundaries=0 1
cat_threshold=8
is_linear=0
shrinkage=0.04


Tree=28
num_leaves=31
num_cat=2
split_feature=4 21 11 4 21 4 21 1 4 14 21 11 21 21 21 21 25 11 4 1 1 20 25 42 42 22 8 11 24 23
split_gain=986164 393798 195743 172770 143624 110027 102690 75937.3 71012.5 48975.5 40124.2 35958.6 33025.2 32565.7 31943.7 31271.1 29709 28986.9 28884.4 26142.3 25936.2 32122.3 24696.1 24596.9 24093.4 23177.2 23101 22540.5 20742.2 22883.4
threshold=2.554999947547913 70.589294433593764 0.14313399791717532 1.0000000180025095e-35 74.36978912353517 2.9450000524520878 79.866088867187514 2.7549999952316289 2.1450001001358037 95.450000762939467 62.218965530395515 0.32648845016956335 62.455936431884773 88.269744873046889 82.929309844970717 67.76965713500978 80.375000000000014 0.0066890381276607522 3.3850001096725468 1.1649999618530276 2.1650000810623173 79.000000000000014 175.25000000000003 0 1 0.05077031813561917 94.250000000000014 0.28582468628883367 0.23999456316232684 1.28947389125824
decision_type=2 10 10 2 10 2 10 10 2 10 8 8 8 10 10 8 2 10 2 8 8 2 2 9 9 10 2 10 10 10
left_child=1 2 7 9 5 15 8 12 23 11 -4 -3 28 16 -6 26 -8 -9 -7 -12 -14 -22 -13 -5 -10 -16 -2 -18 -1 -30
right_child=4 3 10 6 14 18 13 17 24 -11 19 22 20 -15 25 -17 27 -19 -20 -21 21 -23 -24 -25 -26 -27 -28 -29 29 -31
leaf_value=-0.19606663153998338 -0.074051261477630095 0.12507867467646652 -0.25248656163590627 -0.15191071508327308 0.19456962535965031 0.13819909005751985 0.28789159998405212 0.13789041111181174 0.054609085325317816 0.19985645585049167 -0.2168766744693984 0.046952723845162483 -0.10722921724350572 0.32977527586532496 0.3550894377191659 0.070735604590997828 0.081209535296436042 -0.028749437361960208 0.26421656890910139 -0.13225360288669327 -0.28800019282728284 -0.035046306875048158 -0.17266614039983327 -0.04805095660542201 -0.029142379925048728 -0.32373268550849821 0.041536915453509564 -0.17988951320802013 0.35516353676709472 -0.089781107556990952
leaf_weight=5037.25 5193.5 6290 7589.75 9012.25 16060.75 18571.5 987.75 4017 8558 8323 7482.5 2200 13540.75 1077.75 2932.5 20639.25 3892 2857.75 3452.25 26681 823 31927 1304 6132 15355.25 82 5917.5 611.25 211.25 1436.5
leaf_count=7528 7604 7376 10880 11578 18559 25176 1515 4884 10652 9661 10157 2800 17737 1110 3012 29493 4105 4132 4161 42974 1378 53548 1304 8034 19733 82 7686 645 212 1543
internal_value=0.000103782 -0.0539195 -0.102814 0.0240159 0.12272 0.0892663 -0.017481 -0.0564398 -0.0420914 0.128518 -0.169285 0.0678799 -0.0726708 0.128835 0.217019 0.0416103 0.0893416 0.0686256 0.157964 -0.150794 -0.0606663 -0.0414117 -0.0348024 -0.109863 0.000831199 0.336522 -0.0124927 0.0457362 -0.155775 -0.0325537
internal_weight=238196 165347 101604 63743.2 72849.2 53774 45626.2 59850.5 39057.5 18117 41753.2 9794 52975.8 6568.75 19075.2 31750.2 5491 6874.75 22023.8 34163.5 46290.8 32750 3504 15144.2 23913.2 3014.5 11111 4503.25 6685 1647.75
internal_count=329259 233486 154973 78513 95773 74120 57372 90962 49997 21141 64011 11480 81946 7375 21653 44783 6265 9016 29337 53131 72663 54926 4104 19612 30385 3094 15290 4750 9283 1755
cat_boundaries=0 1 2
cat_threshold=16 4
is_linear=0
shrinkage=0.04


Tree=29
num_leaves=31
num_cat=2
split_feature=11 0 4 22 22 0 42 46 11 22 14 19 4 7 0 23 0 22 4 14 19 4 39 11 17 40 20 20 4 19
split_gain=910417 294448 233652 120037 106974 57663.7 54827.3 52165.5 47221.4 46712.6 40627.3 39245 31035.1 30097.7 28462.8 26446.3 27193.6 25468.8 23666 23588.7 35023.7 23045.5 22473 20990.5 20694.1 20228.4 29716.8 19352 18888.1 18382.7
threshold=0.038984065875411041 2.8850001096725468 2.245000004768372 0.10333079844713212 0.071012552827596678 3.3850001096725468 0 1 0.25344043970108038 0.099755376577377333 86.174999237060561 59.500000000000007 1.2849999666213991 6.5000000000000009 0.85500001907348644 1.0067822337150576 2.3750000000000004 0.073926765471696868 2.7549999952316289 94.430000305175795 20.500000000000004 1.0000000180025095e-35 2.1264816522598271 0.50077882409095775 4.5000000000000009 0.39266912639141088 110.00000000000001 159.00000000000003 2.6450001001358037 9.5000000000000018
decision_type=10 10 2 8 8 10 9 1 10 10 8 8 2 2 8 10 10 8 2 10 10 2 10 10 10 10 2 2 2 10
left_child=1 3 4 7 6 17 21 15 12 11 13 -4 -6 25 -8 -1 -17 29 19 -9 -21 -2 -12 -10 28 26 -5 -28 -13 -3
right_child=2 5 9 10 8 -7 14 18 23 -11 22 24 -14 -15 -16 16 -18 -19 -20 20 -22 -23 -24 -25 -26 -27 27 -29 -30 -31
leaf_value=0.18181494648943938 0.0084589288327076417 0.26190896597322894 0.093420906583178212 -0.34707927136010996 -0.037161786041745012 0.24147451777610879 -0.17755116551844144 0.044454319951533539 -0.18921943892758541 -0.067745905241622967 -0.015753541429163159 -0.054994125612323953 -0.14450133047217203 -0.01659018461496866 0.024660678865304909 -0.066204847138277886 0.035603403595234097 0.092476897619177129 0.17794469908533228 0.22887692982315996 0.077980305212516934 -0.12209606032753376 0.13887140846077128 -0.31102837839854092 0.065861072949908381 0.14267286536350807 -0.00097541568081038451 -0.17434845006509986 0.081340556608507683 0.14743360531308772
leaf_weight=1458.25 2495.75 2573.75 9839.5 1207.75 5277 10141 1238.25 12403 16349 11085.5 13495.75 10465.5 23535.25 4287.5 10995.75 5961.75 14180.75 14457.5 5071 3531 8123.5 16231.25 1691.5 2630.25 4557.5 352 1420.5 3747.75 1924 17622
leaf_count=4393 2972 3254 12967 1984 6978 12349 1482 16051 25490 15143 21025 14964 35647 7331 13902 7545 17111 20948 6088 4044 9607 21296 2710 4464 6890 373 2802 6063 2551 20787
internal_value=-0.000471001 0.0760486 -0.080338 0.0285767 -0.1196 0.157577 -0.061676 0.0644857 -0.157123 0.00130583 -0.0409438 0.0298843 -0.124844 -0.0994235 0.00418088 0.0173814 0.00546835 0.133019 0.0994148 0.0828549 0.123714 -0.104697 0.00147576 -0.206116 -0.00700848 -0.152199 -0.168499 -0.126707 -0.0338172 0.162035
internal_weight=238351 121726 116624 76932 78752.5 44794.2 30961 50729.2 47791.5 37872 26202.8 26786.5 28812.2 11015.5 12234 21600.8 20142.5 34653.2 29128.5 24057.5 11654.5 18727 15187.2 18979.2 16947 6728 6376 5168.25 12389.5 20195.8
internal_count=329211 164465 164746 107127 112231 57338 39652 64839 72579 52515 42288 37372 42625 18553 15384 29049 24656 44989 35790 29702 13651 24268 23735 29954 24405 11222 10849 8865 17515 24041
cat_boundaries=0 1 2
cat_threshold=16 8
is_linear=0
shrinkage=0.04


Tree=30
num_leaves=31
num_cat=2
split_feature=0 21 1 1 21 21 21 22 24 44 16 21 0 0 1 21 0 0 42 19 20 22 9 1 21 21 24 24 24 23
split_gain=846659 390249 257722 104797 104543 62704.9 50844.8 47773.7 41931.1 39463 39289.1 34843.3 31039.5 29893.9 26827.9 26298 25309.5 22937.4 21161.4 21123.5 20896.5 20600.4 19587.5 18526.7 17432.9 16006.8 25905.3 22571.1 19138.2 16292.1
threshold=2.7549999952316289 75.42718887329103 2.0649999380111699 2.9150000810623173 67.991352081298842 74.826206207275405 85.929336547851577 0.14340715855360034 0.0096148685552179831 0 1.5000000000000002 69.308376312255874 2.3649998903274541 2.185000061988831 2.3149999380111699 68.210651397705092 2.1550000905990605 3.3750000000000004 1 59.500000000000007 218.00000000000003 0.040316659957170493 21.500000000000004 1.0549999475479128 82.352401733398452 62.218965530395515 0.23999456316232684 0.15704888105392459 0.14597294479608539 1.28947389125824
decision_type=10 10 8 10 10 10 10 10 10 9 2 10 8 10 8 8 8 10 9 8 2 10 2 10 10 8 10 10 10 10
left_child=1 2 7 5 9 15 10 13 -6 16 14 -5 19 18 -3 -2 -4 24 -1 -10 -8 -22 -12 -9 -13 26 -18 28 -27 -28
right_child=3 6 4 11 8 -7 20 23 12 -11 22 17 -14 -15 -16 -17 25 -19 -20 -21 21 -23 -24 -25 -26 27 29 -29 -30 -31
leaf_value=-0.17089094182278261 -0.0046185745320953533 0.033844479650502524 -0.11291028693548599 0.11962113385039343 0.16997206121293981 0.16810506826916999 0.41850887138174286 -0.2815552882582037 0.017075674548090367 -0.22338374301344857 -0.11646505776861885 0.17096135253334063 0.02582696624070965 -0.069739260302798298 0.12149982148639822 0.076077136246417681 -0.1671339146944964 0.28102269952892994 -0.093942086540513781 -0.06725398696693026 0.21830265262025239 -0.39029137724273055 -0.69440689443905779 -0.17880957408714701 0.36038836208244407 -0.036265147476366562 0.45026406291731591 0.076696088750464658 -0.20006776555010874 -0.0054851275009029392
leaf_weight=17658.5 10046.75 9097.75 13785.5 10458.25 2365 9091.5 982.25 4033.25 7181.75 2833.25 732 12494 27171.75 12024.75 14479.5 18105.75 3517 5328.5 8463.75 14047 975 97 106.75 9283.75 829 17596.25 142 2703.25 1219.5 1025.25
leaf_count=23225 13355 11371 24998 13897 6601 10308 1100 5504 9041 4538 792 15290 33933 15507 16923 26727 5191 5966 11490 18025 975 97 127 12823 859 34118 142 3313 1494 1095
internal_value=-0.000104861 -0.0470416 -0.0728161 0.121224 -0.0332771 0.0767781 0.0941944 -0.144716 0.00555118 -0.0793072 0.0781065 0.178084 -0.0024862 -0.121939 0.0876793 0.0472801 -0.0690206 0.210857 -0.145964 -0.0387254 0.285276 0.162918 -0.190765 -0.209947 0.182775 -0.0459531 -0.112954 -0.0313636 -0.0468919 0.0502929
internal_weight=237876 171522 145052 66353.8 93587.5 37244 26470.2 51464 50765.5 42822 24416 29109.8 48400.5 38147 23577.2 28152.5 39988.8 18651.5 26122.2 21228.8 2054.25 1072 838.75 13317 13323 26203.2 4684.25 21519 18815.8 1167.25
internal_count=328825 242423 211038 86402 142489 50390 31385 68549 67600 74889 29213 36012 60999 50222 28294 40082 70351 22115 34715 27066 2172 1072 919 18327 16149 45353 6428 38925 35612 1237
cat_boundaries=0 1 2
cat_threshold=8 16
is_linear=0
shrinkage=0.04


Tree=31
num_leaves=31
num_cat=1
split_feature=4 0 21 21 1 21 21 11 4 46 4 19 4 21 19 20 14 21 4 4 6 1 23 7 1 0 19 21 19 5
split_gain=789644 350468 202117 105116 99192 91397.6 60319.9 57657.9 46302.5 44125.5 42789.1 42724.5 33441.8 32429 31406.6 39565.4 31404.7 30974.1 28164.6 25993.1 25273.2 23802.1 22842.3 22121.2 20536 20088.7 19446.5 18686.2 19736.8 17873.1
threshold=2.6149998903274541 2.054999947547913 75.817798614501967 70.646232604980483 2.7549999952316289 76.35651016235353 66.794250488281264 0.33893597126007086 3.1149998903274541 0 0.35500000417232519 9.5000000000000018 3.1550000905990605 82.007011413574233 64.000000000000014 79.000000000000014 95.634998321533217 88.269744873046889 1.0000000180025095e-35 2.3549998998641972 90.250000000000014 0.43500000238418585 1.0389261841773989 25.500000000000004 2.4250000715255742 0.43500000238418585 9.5000000000000018 62.218965530395515 167.50000000000003 1.5000000000000002
decision_type=2 8 10 10 10 10 8 8 2 1 2 8 2 10 8 2 10 10 2 2 2 8 10 2 10 10 10 8 8 2
left_child=1 5 4 8 6 7 -3 9 20 24 -6 -5 17 22 15 -8 -17 23 -16 -20 -2 -7 -4 -13 -1 -9 -18 -11 -29 -27
right_child=3 2 13 11 10 21 14 25 -10 27 -12 12 -14 -15 18 16 26 -19 19 -21 -22 -23 -24 -25 -26 29 -28 28 -30 -31
leaf_value=-0.085148505131851127 -0.0029524515076554988 -0.093076203478847305 0.058579429003997846 0.27259483066033541 0.14659681710897934 -0.26430505314334346 -0.26658525316843823 -0.32294321715029106 0.14992520844240528 -0.24228215784451479 -0.0074603257319828696 0.068528297043520522 0.22275947896656373 0.22057173602290814 0.018468329890288775 0.011889214693952694 0.2915512383400603 0.43384799920447281 -0.10195915461891053 -0.019505334502613044 0.079705319417235132 0.043551273442749859 0.17339231076601713 0.15162086846964978 0.041204502387668443 0.027731487201768351 0.066829660922643863 -0.11304843150797762 -0.19180752204437937 -0.20508811329375917
leaf_weight=16929 12011 24836 9341.5 5211.25 6939 429.5 743 2302.75 7840.5 3049.75 4936.25 9081.75 7172.75 4167 9010.75 18080.5 1073 499.75 13347.75 11293.25 11666.75 6032.75 3943 11778.25 2342.25 563.75 1447.25 16656.5 7337.25 8162.5
leaf_count=22965 18398 34589 12004 6325 7965 503 1082 3520 10857 5002 7343 10191 7910 4296 13306 27223 1844 502 21096 16412 16688 7172 4225 14437 2778 860 1895 23777 11277 12796
internal_value=-0.000347209 -0.0450807 -0.00154851 0.118209 -0.0252926 -0.119554 -0.0413375 -0.135625 0.0656791 -0.116047 0.0825635 0.167271 0.148026 0.12322 -0.0179709 0.0199839 0.0303321 0.12292 -0.0420439 -0.0641721 0.037777 0.0230519 0.0926681 0.11545 -0.0697899 -0.21782 0.162584 -0.149006 -0.13714 -0.190045
internal_weight=238226 172964 109158 65262 91706.8 63806 79831.5 57343.8 31518.2 46314.8 11875.2 33743.8 28532.5 17451.5 54995.5 21343.8 20600.8 21359.8 33651.8 24641 23677.8 6462.25 13284.5 20860 19271.2 11029 2520.25 27043.5 23993.8 8726.25
internal_count=329238 243930 153280 85308 132755 90650 117447 82975 45943 65799 15308 39365 33040 20525 82858 32044 30962 25130 50814 37508 35086 7675 16229 24628 25743 17176 3739 40056 35054 13656
cat_boundaries=0 1
cat_threshold=4
is_linear=0
shrinkage=0.04


Tree=32
num_leaves=31
num_cat=2
split_feature=4 0 21 21 1 21 21 4 19 4 14 4 4 21 8 1 4 21 25 21 46 1 8 22 4 37 5 16 46 19
split_gain=735206 322814 181669 99710.1 92725.9 77143.4 53538.2 47489.4 40453.7 39343 44543.9 37311.3 36587 35155.8 34018.7 32464.8 32374.2 27467.3 27219.1 24918.6 23765.2 23289.4 23079.5 21655.8 21645.4 19980.7 18428 17716.3 17500.4 18065.6
threshold=2.5949999094009404 2.054999947547913 75.95770645141603 70.646232604980483 2.7549999952316289 69.361457824707045 63.80848693847657 3.0749999284744267 9.5000000000000018 0.66500002145767223 86.174999237060561 1.2849999666213991 2.3649998903274541 78.497573852539077 1.0000000180025095e-35 1.6050000190734866 2.935000061988831 85.929336547851577 94.625000000000014 88.269744873046889 0 1.4249999523162844 76.500000000000014 0.19180248677730563 1.4450000524520876 68.955821990966811 27.500000000000004 1.5000000000000002 1 9.5000000000000018
decision_type=2 8 10 10 10 10 8 2 8 2 10 2 2 10 2 8 2 10 2 10 1 8 2 10 2 10 2 2 1 8
left_child=1 5 4 7 6 15 -3 22 -5 10 14 -6 -11 21 25 -1 19 24 -12 26 -17 -7 -2 -20 -4 -8 -10 -15 -23 -30
right_child=3 2 17 8 11 13 9 -9 16 12 18 -13 -14 27 -16 20 -18 -19 23 -21 -22 28 -24 -25 -26 -27 -28 -29 29 -31
leaf_value=-0.2028679904109828 -0.016060644483773739 -0.12102533159099796 0.16229239666063755 0.25992336199333244 0.13999426417249805 -0.15688572196651829 -0.16432608089151232 0.13908581813346252 0.03902138020791706 -0.078263081995607151 0.14724416437045337 -0.0077914692750546445 -0.0053488880334566372 0.065892035036619431 0.036129865434221323 -0.16807671123710016 0.18321241176839631 0.30761446926394753 0.012101398248474272 0.40875210706221327 -0.08832888812482248 -0.0093635193998265996 0.064203621504183836 0.36437795547692425 0.066228318791048291 0.013558313269794899 0.12958799124441323 -0.26956391999053603 0.033071482571592148 -0.11536742744655801
leaf_weight=13289 9621.5 11165.5 6313.5 5339.75 6953 5231.5 3829.5 9124 6295.5 26401.25 4321.25 4503.25 18888.5 3858.75 4150.25 11063.5 14369.75 1151.25 8244.75 404.25 13019.5 6582.5 14176.5 288 9257.75 1372 8382.25 268.5 1544.5 8691
leaf_count=18332 14999 15583 7029 6506 7988 6811 7743 12652 7185 39560 10256 6733 27035 4473 5264 18367 16262 1221 8361 405 20230 7730 20457 288 11264 1597 10306 282 2149 11988
internal_value=-9.23831e-05 -0.0444023 -0.00193973 0.111404 -0.0244089 -0.11579 -0.0398937 0.0615029 0.158621 -0.0264707 0.0171424 0.0819063 -0.0478544 -0.0631275 -0.0492736 -0.152674 0.140246 0.11914 0.0654628 0.0992986 -0.12497 -0.0831825 0.0317534 0.0240333 0.105187 -0.117411 0.0907482 0.0440078 -0.0602477 -0.0929671
internal_weight=238102 170388 106840 67713.5 90117.2 63548.8 78661 32922 34791.5 67495.5 22205.8 11456.2 45289.8 26176.8 9351.75 37372 29451.8 16722.5 12854 15082 24083 22049.5 23798 8532.75 15571.2 5201.5 14677.8 4127.25 16818 10235.5
internal_count=329056 240284 149922 88772 130408 90362 115687 48108 40664 100104 33509 14721 66595 33433 14604 56929 34158 19514 18905 17896 38597 28678 35456 8649 18293 9340 17491 4755 21867 14137
cat_boundaries=0 1 2
cat_threshold=8 4
is_linear=0
shrinkage=0.04


Tree=33
num_leaves=31
num_cat=3
split_feature=0 21 1 21 0 21 1 4 21 21 4 0 46 27 1 24 46 21 16 19 11 1 21 21 22 22 20 42 6 24
split_gain=675830 259876 133168 125399 102109 77161.7 48927.4 48299.9 43848.2 39028.8 35182.9 30822 28627.9 28571.2 27684.8 27179.8 23377.1 21793 20743.1 20240.5 20042.9 19494.2 19448.3 19398.9 19017.4 18792.7 18080.1 17788.4 17548.3 17365.7
threshold=2.2749999761581425 70.589294433593764 2.7549999952316289 70.163589477539077 3.0649999380111699 77.35693740844728 1.8149999976158144 2.4150000810623173 63.517831802368171 77.191394805908217 2.7050000429153447 3.1450001001358037 0 1.0000000180025095e-35 2.5249999761581425 0.15704888105392459 1 88.269744873046889 1.5000000000000002 49.500000000000007 0.53681120276451122 3.4050000905990605 61.479637145996101 89.845905303955092 0.07651377841830255 0.20523230731487277 79.000000000000014 2 110.25000000000001 0.14597294479608539
decision_type=8 10 10 10 10 10 8 2 8 10 2 10 1 2 10 10 1 10 2 10 10 10 10 10 10 10 2 9 2 10
left_child=3 2 8 6 5 14 25 9 19 13 15 -4 28 20 -3 26 -16 24 23 22 27 -6 -2 -11 -7 -1 -10 -5 -8 -28
right_child=1 4 11 7 21 17 12 -9 10 18 -12 -13 -14 -15 16 -17 -18 -19 -20 -21 -22 -23 -24 -25 -26 -27 29 -29 -30 -31
leaf_value=-0.15297930166870816 -0.28297902593724678 0.018461427776579522 0.049231120428458244 -0.11431242983407294 0.16942547025803495 0.14609135650027716 -0.081704427560643403 0.10599964491404773 -0.2390426595191078 0.036741531002527757 0.060007271506033029 0.14589628843963351 -0.12523183821991021 0.034926034675606503 0.15614704966783283 0.10576570567441022 0.053024432504902484 0.34429589468177063 -0.23321720327841433 -0.073748961884932393 -0.37950306282258794 0.27521662767989225 -0.050214315211412723 0.33259526000595097 -0.47641902966099453 -0.24643426126553836 -0.029664496739567153 -0.034329782163505955 0.015191496770153606 -0.17194484931538589
leaf_weight=17635 1700.75 21333 15380.5 11567.25 14786 14405.5 8861.5 3867 711.5 6531.25 8246.75 8035.25 19211.5 3501.75 5371.25 2184.25 10192 911.75 430 7264 372.5 3438.25 867.75 374 78 4282.25 33500.75 7231.5 4513 1430.25
leaf_count=24118 2246 26325 21289 14676 16883 16195 14842 4653 1214 7765 13646 10265 31081 5277 6233 2524 13276 923 463 9931 494 3775 1236 374 78 5825 55925 9054 6781 1629
internal_value=0.000251742 0.0519952 0.00232656 -0.087474 0.107866 0.0794472 -0.125037 -0.0270358 -0.0312154 -0.0441824 -0.0148494 0.0824073 -0.09395 -0.0701286 0.0480579 -0.0311704 0.0886225 0.154667 0.0360145 -0.107894 -0.0893185 0.189399 -0.204393 0.0528119 0.142706 -0.171249 -0.039565 -0.0835484 -0.0490095 -0.035495
internal_weight=238216 149838 79321.8 88378.5 70515.8 52291.5 54503.2 33875.2 55906 30008.2 46073.5 23415.8 32586 22673 36896.2 37826.8 15563.2 15395.2 7335.25 9832.5 19171.2 18224.2 2568.5 6905.25 14483.5 21917.2 35642.5 18798.8 13374.5 34931
internal_count=328996 203593 119905 125403 83688 63030 82647 42756 88351 38103 74938 31554 52704 29501 45834 61292 19509 17196 8602 13413 24224 20658 3482 8139 16273 29943 58768 23730 21623 57554
cat_boundaries=0 1 2 3
cat_threshold=4 4 16
is_linear=0
shrinkage=0.04


Tree=34
num_leaves=31
num_cat=1
split_feature=11 21 0 1 21 21 1 21 21 1 46 21 19 14 0 4 0 1 19 23 11 5 14 11 40 21 23 11 23 7
split_gain=632001 237680 160239 139309 87953.2 64742 51138.8 38171 35049.6 33621.2 28353.3 27896.5 25116.8 26174.2 23689.6 23642.4 23256.1 22325.2 21888.3 20855.8 20013.6 19080.2 18216.6 21603.7 23537.7 18091.8 18689.6 17416.6 17137.5 16342.5
threshold=0.036171836778521545 76.35651016235353 3.0649999380111699 1.9550000429153445 75.10739898681642 67.927539825439467 2.5849999189376835 82.007011413574233 66.058807373046889 3.4750000238418584 0 69.403285980224624 167.50000000000003 95.58499908447267 1.7749999761581423 2.495000004768372 0.92500001192092907 2.2949999570846562 167.50000000000003 1.0147112011909487 0.13372524827718738 30.500000000000004 77.424999237060561 0.32013072073459631 0.39266912639141088 65.274761199951186 1.0056059360504153 0.30361817777156835 1.0093430876731875 6.5000000000000009
decision_type=8 10 8 8 10 10 10 10 10 10 1 10 8 8 8 2 8 10 8 10 10 2 10 8 10 8 8 10 10 2
left_child=2 3 4 8 6 14 25 20 -2 11 -8 -4 13 15 -5 21 19 -6 27 -9 -3 -7 23 -16 -25 -1 -27 -10 -14 -15
right_child=1 7 9 5 17 12 10 16 18 -11 -12 -13 28 29 22 -17 -18 -19 -20 -21 -22 -23 -24 24 -26 26 -28 -29 -30 -31
leaf_value=-0.092145757239670292 -0.1779877108482438 0.085144508999222768 0.084227508323032704 -0.13541958077104599 0.062904844358725093 -0.04012071529922278 0.016933943588064854 -0.6475623271489882 -0.060601285446481974 0.25840860831327728 0.098764222366077042 0.17034850536071969 0.11905930287584376 0.20685882323521301 -0.06227129240371624 0.099252128780544596 0.1979312213066857 0.17044305425719636 -0.15502717081032175 0.063771011112388629 -0.016601555676243135 0.044534589902704362 -0.03807828950828656 -0.22623429357745906 0.19590852080042898 0.1804927743476154 -0.0099390446798508468 -0.14695268031349196 -0.0632459544862157 0.02803749341445573
leaf_weight=4309.5 15569.25 7989.25 9632.5 9155 4641.5 14261.75 12715.5 96 15772.25 4343 14501.25 16053.25 883 1722.75 5655.5 3389.75 4675.5 9243.25 9279.5 205.5 5046.5 6073 18138.75 2810 227.75 855.5 22135 4898.25 12381.75 1556.5
leaf_count=6300 21054 9268 14389 16181 5453 18398 18414 96 19871 5060 17649 18499 2470 2148 9335 4553 4866 11008 12662 219 6305 8026 31647 6035 257 3254 30709 6822 16317 1804
internal_value=0.000802683 -0.0538688 0.0784452 -0.0739289 0.0446284 -0.0408733 0.0217366 0.0817437 -0.129303 0.155471 0.0605358 0.138057 -0.00603044 0.0161105 -0.0798602 0.00146722 0.17597 0.134502 -0.103989 -0.164102 0.0457572 -0.0148372 -0.060899 -0.108505 -0.19453 -0.0169449 -0.00284517 -0.0810701 -0.051102 0.122017
internal_weight=238218 139788 98430.2 121775 68401.5 76255.5 54516.8 18012.8 45519.2 30028.8 27216.8 25685.8 40268.5 27003.8 35987 23724.5 4977 13884.8 29950 301.5 13035.8 20334.8 26832 8693.25 3037.75 27300 22990.5 20670.5 13264.8 3279.25
internal_count=329069 198334 130735 177580 92787 117171 76326 20754 60409 37948 36063 32888 53716 34929 63455 30977 5181 16461 39355 315 15573 26424 47274 15627 6292 40263 33963 26693 18787 3952
cat_boundaries=0 1
cat_threshold=8
is_linear=0
shrinkage=0.04


Tree=35
num_leaves=31
num_cat=1
split_feature=4 11 21 21 4 21 4 0 21 17 14 9 7 11 21 21 4 19 42 17 7 24 21 22 1 24 24 39 1 27
split_gain=596371 246901 143698 91457.5 69585.4 61742.2 61150.6 54016.7 45976.7 38602.9 33311.5 33226.5 28362.4 24371 22971.1 22970 22009.2 21281.7 21265.8 21322.5 20828.5 20728.9 20249.1 20222.6 20175.5 20083.8 18440.8 20088.6 18197.1 18107.5
threshold=2.554999947547913 0.14313399791717532 70.589294433593764 74.36978912353517 2.9450000524520878 68.687107086181655 1.4450000524520876 2.8850001096725468 80.05841445922853 4.5000000000000009 94.430000305175795 2.5000000000000004 4.5000000000000009 0.50077882409095775 62.218965530395515 82.929309844970717 3.5349999666213994 64.000000000000014 0 3.5000000000000004 23.500000000000004 0.15704888105392459 68.296108245849624 0.05077031813561917 2.9450000524520878 0.14597294479608539 0.23999456316232684 3.4411590099334721 2.304999947547913 1.0000000180025095e-35
decision_type=2 10 10 10 2 10 2 10 10 10 10 2 2 10 8 10 2 8 9 10 2 10 8 10 8 10 10 10 8 2
left_child=1 2 7 4 22 13 10 14 18 11 12 -7 -4 28 26 -5 20 -13 -8 -20 -6 25 -2 -17 -9 -16 -1 -28 -3 -21
right_child=3 5 6 15 16 9 8 24 -10 -11 -12 17 -14 -15 21 23 -18 -19 19 29 -22 -23 -24 -25 -26 -27 27 -29 -30 -31
leaf_value=-0.16788327531434394 -0.0086627223912040061 -0.15043164655861099 -0.048089285856992597 0.1518173459079912 0.068885536631701036 0.045759893254151869 0.044048483314687019 0.0041418684078922598 0.14559884409883844 0.033137268160245939 0.16303125619178996 -0.057445671233859852 0.10777799297497367 -0.26833075728182809 -0.049544612381978277 0.28932951905460619 0.2790404979735967 -0.14115567815431895 -0.0810721262307912 -0.0075105749867616202 0.14964311343331996 0.041810409902398253 0.056793384898662612 -0.34824715603851686 0.15381987340950307 -0.18370748744382856 -0.05740539546340729 0.42357902662270991 -0.079292386216939806 0.19992820060851174
leaf_weight=4776.75 12494.5 23391.5 2938.25 16119.25 9303.75 2731 8326.5 3220 3634.5 5525.25 8966.25 8903.75 5124.25 2283.75 41858.5 2936.25 1365.75 10703 7880.75 6486.75 11343.75 3826.5 19151.75 81 2607 1864 1510.25 152 7635 750.25
leaf_count=7218 17359 32051 3464 18637 12312 3418 10461 3925 4020 7890 10347 11201 5908 3993 67177 3009 1575 14018 9632 8523 15462 4509 27266 81 4110 2188 1616 152 16089 1240
internal_value=0.000344013 -0.0417106 -0.0041803 0.09572 0.068943 -0.105467 0.0505936 -0.0445707 0.013243 -0.0615247 0.109983 -0.08494 0.0509752 -0.14222 -0.0570589 0.170796 0.123557 -0.103147 -0.00728093 -0.0355533 0.113259 -0.0474553 0.0309506 0.272102 0.0711234 -0.0552685 -0.127958 -0.0131924 -0.132929 0.0140184
internal_weight=237892 165096 103922 72796 53659.5 61173.2 44107.5 59815 27078.8 27863 17028.8 22337.8 8062.5 33310.2 53988 19136.5 22013.2 19606.8 23444.2 15117.8 20647.5 47549 31646.2 3017.25 5827 43722.5 6439 1662.25 31026.5 7237
internal_count=328851 233150 144490 95701 73974 88660 53595 90895 33876 36527 19719 28637 9372 52133 82860 21727 29349 25219 29856 19395 27774 73874 44625 3090 8035 69365 8986 1768 48140 9763
cat_boundaries=0 1
cat_threshold=4
is_linear=0
shrinkage=0.04


Tree=36
num_leaves=31
num_cat=2
split_feature=11 0 21 21 1 4 21 21 17 46 23 19 25 21 1 9 46 14 20 1 33 25 21 20 1 1 21 32 0 19
split_gain=537505 230729 142804 94560.8 56181.1 53337.9 51070.8 44748.6 33935.4 31250.6 35059.5 30858.5 30083.8 29049 26729.9 25650.6 25142.4 26685.1 24989.9 22520.7 21409.6 21367.5 19569.5 18364.7 18057.6 17748.6 16771.2 16738.9 16405.9 16090.7
threshold=0.092617820948362364 2.804999947547913 77.191394805908217 67.42453765869142 3.2549999952316289 2.1350001096725468 69.674671173095717 74.826206207275405 4.5000000000000009 0 1.0067822337150576 64.000000000000014 83.625000000000014 81.694664001464858 1.0549999475479128 16.500000000000004 1 68.740001678466811 110.00000000000001 0.33500000834465032 4.0719237327575692 503.87500000000006 67.69885635375978 79.000000000000014 2.5849999189376835 2.6750000715255742 89.845905303955092 1.1386471390724184 2.2749999761581425 64.000000000000014
decision_type=10 10 10 8 10 2 10 10 10 1 10 8 2 10 8 2 1 10 2 8 10 2 8 2 8 10 10 10 10 10
left_child=1 2 6 14 7 8 16 21 11 10 -8 15 24 -7 -2 -5 28 18 -18 -17 25 22 -3 -16 -11 -19 -10 -14 -1 -24
right_child=3 4 -4 5 -6 13 9 -9 26 12 -12 -13 27 -15 23 19 17 20 -20 -21 -22 -23 29 -25 -26 -27 -28 -29 -30 -31
leaf_value=-0.13013935769714269 -0.21077749879496227 0.0020045457888999414 0.1322595469586697 -0.027780303142050426 0.18544621294717634 -0.0093891156236646633 0.22814697464846098 0.15741705731425254 -0.0069676346075294091 0.054841811207275548 -0.035247117546727151 -0.13831103155117927 0.0072784534445402066 0.19261136826486158 -0.25187580962047768 -0.66690210908782155 -0.34932369473727659 -0.023058520595708544 -0.069964277873633907 -0.15591842628871161 0.3467988844158012 0.13975503319559113 0.12504808914034402 -0.1094477903661161 0.17623738870438271 0.065971903562062034 0.35622848147351599 0.19995310426282509 -0.048717079351635578 0.048734112868423524
leaf_weight=6259 6085.5 8854 12552.5 9664.5 11814.5 18925.75 855.5 11076 5664.5 3851.25 14446.5 14701.5 12740 1211 1538 158.5 657 23012.5 2318.25 1034 272 5184 6518.25 24839.25 3995.5 4242.25 210 763.75 10780.5 13741.5
leaf_count=10423 8247 12175 14018 12621 14456 28132 2927 12609 8732 5934 17451 21885 13205 1286 1877 226 1017 36352 4038 1676 296 5184 9093 35529 6229 5206 210 766 16758 20229
internal_value=-0.000360324 0.0440565 0.00640496 -0.0817247 0.107751 -0.0480574 -0.01236 0.0875168 -0.0806165 0.0231201 -0.0205071 -0.100541 0.0543877 0.00276771 -0.135205 -0.0493889 -0.0397137 -0.0179709 -0.131751 -0.224341 -0.00566839 0.0649394 0.0516132 -0.117762 0.116671 -0.00919872 0.00607354 0.0181901 -0.0786315 0.0732921
internal_weight=237967 153935 96746.5 84032.5 57188.2 51569.8 84194 45373.8 31433 36652.5 15302 25558.5 21350.5 20136.8 32462.8 10857 47541.5 30502 2975.25 1192.5 27526.8 34297.8 29113.8 26377.2 7846.75 27254.8 5874.5 13503.8 17039.5 20259.8
internal_count=328787 208366 134620 120421 73746 74768 120602 59290 45350 46512 20378 36408 26134 29418 45653 14523 74090 46909 5055 1902 41854 46681 41497 37406 12163 41558 8942 13971 27181 29322
cat_boundaries=0 1 2
cat_threshold=8 8
is_linear=0
shrinkage=0.04


Tree=37
num_leaves=31
num_cat=1
split_feature=11 1 21 21 4 21 1 21 0 21 21 25 21 19 0 46 0 25 23 0 24 7 24 11 22 22 0 22 19 24
split_gain=507535 164447 147082 106854 91943.9 44561.4 42807 40457.1 35150.2 33112.9 32787.3 28050.7 25981.2 33752.3 24438.8 23096.7 22961.2 21746.6 20714.3 20361.8 20153.3 18929.4 18797.8 17653.5 16936.9 16885.7 15910.9 15801.3 18099.1 15504.1
threshold=0.037113560363650329 2.7549999952316289 73.370883941650405 70.95111465454103 2.2949999570846562 77.191394805908217 1.1349999904632571 82.929309844970717 3.2250000238418584 63.80848693847657 77.35693740844728 38.375000000000007 62.218965530395515 167.50000000000003 0.58499997854232799 0 1.8949999809265139 41.875000000000007 1.0171996951103213 2.804999947547913 0.15704888105392459 35.500000000000007 0.23999456316232684 0.51964643597602855 0.062629863619804396 0.20523230731487277 0.88499999046325695 0.16738542914390567 55.000000000000007 0.030471316538751129
decision_type=10 10 10 10 2 10 8 10 10 8 10 2 8 8 8 1 10 2 8 10 10 2 10 10 10 10 10 10 10 10
left_child=1 3 4 9 6 8 26 11 15 22 17 -4 -8 -14 18 -3 23 -5 -9 20 21 25 27 -13 -7 -11 -2 -1 -29 -19
right_child=2 5 7 10 -6 24 12 14 -10 19 -12 16 13 -15 -16 -17 -18 29 -20 -21 -22 -23 -24 -25 -26 -27 -28 28 -30 -31
leaf_value=-0.010543844995189493 -0.25157985392143445 0.038889621312862437 0.12181237123266302 0.12420132617068141 -0.012814407201880882 0.22378293553195833 -0.16211754475230827 -0.7784755179312921 0.16113213179708363 -0.055366727290663914 0.13305349803759192 -0.056152277221799302 -0.058701995604649254 -0.12946533134708016 0.1950844634534295 0.11359144061541857 0.022739912840201718 -0.022547365644093948 0.080388691827862777 0.050019336494685637 0.11608741520547126 0.026844444768697694 0.050433953382575933 -0.37214409192891912 -0.38540029298493994 0.27702875010663225 -0.14617140446023855 -0.24883173862136621 -0.093995426161107579 0.057020465324671747
leaf_weight=1636.75 3063 12865.5 3035.75 4690.25 23287.5 6326 7061.5 76.5 11482.75 17570 11058.25 6076 35435 15504.75 2812 13649.5 12248.75 6334.25 106.5 8914.75 1635.5 7010 1244.25 295.75 73 247 9127.5 1958.75 3154.5 10269.75
leaf_count=2281 4029 18183 4418 6578 34083 6971 10417 78 13906 30827 12070 7360 50705 25128 3004 16588 14846 7832 111 14542 1889 9737 1287 361 82 310 12288 2723 4902 11760
internal_value=0.000103398 0.057999 -0.0587676 0.022162 -0.0816877 0.119121 -0.104537 0.0281469 0.102671 -0.0188762 0.0771767 0.00908688 -0.0902135 -0.0802427 0.165915 0.0773479 -0.0092964 0.0481544 -0.280903 -0.00226089 -0.0198746 -0.0288356 -0.0923948 -0.070876 0.216774 -0.0507432 -0.172675 -0.118727 -0.153347 0.0266664
internal_weight=238251 120121 118130 75724 93479.2 44396.8 70191.8 24651.2 37997.8 43371.5 32352.5 21656.2 58001.2 50939.8 2995 26515 18620.5 21294.2 183 35377.2 26462.5 24827 7994.25 6371.75 6399 17817 12190.5 6750 5113.25 16604
internal_count=329296 162468 166828 106738 136650 55730 102567 30178 48677 68498 38240 26985 86250 75833 3193 34771 22567 26170 189 57305 42763 40874 11193 7721 7053 31137 16317 9906 7625 19592
cat_boundaries=0 1
cat_threshold=8
is_linear=0
shrinkage=0.04


Tree=38
num_leaves=31
num_cat=3
split_feature=0 21 1 1 1 46 21 46 17 1 19 21 21 0 25 0 1 9 42 20 14 20 33 33 22 21 21 38 25 6
split_gain=469169 203744 83972.9 76925.5 76007.1 44825.6 39357.2 36628.6 32733.5 27201.7 26964.7 26854 25081.7 22965.1 21886.3 21769.7 21166 21161.5 22727.8 24179.3 20942.7 24854 24977.3 23607.4 20599.6 19417.9 19367 19287.5 18573.7 17259.6
threshold=2.7150000333786015 70.589294433593764 1.9550000429153445 2.2749999761581425 2.8850001096725468 0 74.826206207275405 1 4.5000000000000009 2.495000004768372 9.5000000000000018 79.119747161865249 84.860710144042983 3.1450001001358037 78.125000000000014 1.8750000000000002 2.4050000905990605 16.500000000000004 2 159.00000000000003 80.200000762939467 110.00000000000001 3.671478390693665 4.0719237327575692 0.20523230731487277 77.486328125000014 89.845905303955092 1.0020086169242861 83.625000000000014 80.250000000000014
decision_type=10 10 8 8 10 1 10 1 10 10 10 10 10 10 2 10 8 2 9 2 10 2 10 10 10 10 10 8 2 2
left_child=1 2 24 8 6 25 16 15 17 20 -7 13 27 -6 -10 -4 -2 18 -3 -20 21 22 -9 -22 -1 28 -16 -12 -5 -29
right_child=4 3 7 5 11 10 -8 9 14 -11 12 -13 -14 -15 26 -17 -18 -19 19 -21 23 -23 -24 -25 -26 -27 -28 29 -30 -31
leaf_value=-0.111826585050778 -0.025613945659506063 0.0072689083459652418 -0.13297734470898281 0.14732554663672595 0.081902254570414126 0.11891064475250812 0.11779316980830855 -0.35350733532589801 0.1874381166462131 0.036911121627827607 0.23809606942020189 0.24349371453128413 0.22674947558620318 0.15342496146280599 -0.011724572188328111 -0.057933260077935644 0.047028964395588249 -0.17464188474977999 0.11003769478366621 -0.1034007942142183 -0.019194902100356542 -0.063039752804569221 0.04741698780775247 0.56450896435575104 -0.19750928987509489 0.17100244563798123 0.29465166703137485 -0.062868057382764936 0.039582677867840095 0.020824431931572858
leaf_weight=27122 8920 7757.25 9377.5 3886 14042.75 3411.75 9952.25 952.5 1332.75 9164.75 468.5 3041.5 718.75 14714.25 5309.75 18174.5 22869.5 2240.5 934.75 9198.5 19385 10643 336 110.5 5382.25 4988.75 351 8086.25 7502.5 7692
leaf_count=36863 11110 9138 15598 5839 18290 4641 11327 1572 3246 11468 1874 3232 763 17880 5795 28898 34184 2983 1000 11417 32606 19217 336 124 7420 5306 351 9551 7510 9594
internal_value=-0.000115401 -0.0376575 -0.073119 0.0182159 0.0838746 0.0559241 0.0483796 -0.0478839 -0.0328797 -0.0237218 0.0163204 0.130466 -0.00431593 0.118503 0.041668 -0.083479 0.0266454 -0.0587785 -0.0442593 -0.0837027 -0.0414043 -0.0831414 -0.249 -0.0158575 -0.12602 0.105196 0.00732055 -0.0145518 0.0763569 -0.0220684
internal_weight=238067 164527 100648 63879 73540.2 36754.5 41741.8 68143.8 27124.5 40591.8 20377.2 31798.5 16965.5 28757 6993.5 27552 31789.5 20131 17890.5 10133.2 31427 11931.5 1288.5 19495.5 32504.2 16377.2 5660.75 16246.8 11388.5 15778.2
internal_count=329133 233110 154102 79008 96023 45078 56621 109819 33930 65323 26423 39402 21782 36170 9392 44496 45294 24538 21555 12417 53855 21125 1908 32730 44283 18655 6146 21019 13349 19145
cat_boundaries=0 1 2 3
cat_threshold=4 8 4
is_linear=0
shrinkage=0.04


Tree=39
num_leaves=31
num_cat=3
split_feature=4 4 4 4 14 0 21 21 17 0 15 4 9 4 8 25 15 42 5 21 21 14 25 0 21 37 19 46 42 17
split_gain=438314 213535 92976 90060.9 85042.6 65581.4 59391.1 48373.6 39593.1 31495.6 28195.2 27542.5 27473.2 29720.6 25303.1 30893.4 32615.9 25079.5 23898.8 21647.3 21343.9 20922.2 21482.8 19447.7 18544 17616.9 17071.5 15677.7 15467.3 16330.4
threshold=2.4550000429153447 1.0000000180025095e-35 2.1350001096725468 2.9450000524520878 86.174999237060561 0.81499999761581432 74.166954040527358 77.35693740844728 4.5000000000000009 3.1750000715255742 3.5000000000000004 3.4050000905990605 9.5000000000000018 1.8450000286102297 69.500000000000014 275.25000000000006 3.5000000000000004 0 30.500000000000004 69.050254821777358 89.845905303955092 97.295001983642592 92.375000000000014 2.745000004768372 88.269744873046889 68.989788055419936 5.0000000000000009 1 2 3.5000000000000004
decision_type=2 2 2 2 8 10 10 10 10 10 2 2 2 2 2 2 2 9 2 8 10 10 2 8 10 10 8 1 9 10
left_child=1 4 8 6 5 25 14 17 12 10 21 19 26 -14 15 -2 -17 18 -4 -5 -10 22 -6 -23 28 -1 -3 -28 -8 -30
right_child=3 2 7 11 9 -7 24 -9 20 -11 -12 -13 13 -15 -16 16 -18 -19 -20 -21 -22 23 -24 -25 -26 -27 27 -29 29 -31
leaf_value=-0.15520828755674662 0.0038991262958341551 0.15069984850871126 -0.10811035474441687 0.057436390773933817 0.12461515610662777 0.031997074371003 0.14839266269749962 0.073847393675253975 -0.038230258814822816 0.19713596406263467 -0.039090646615097084 0.21829594824675333 -0.27346583272456476 -0.13886294303216801 0.040065030209739304 -0.05126589819481521 -0.34146439158264441 -0.0060472302326715971 -0.037877070680669228 0.13581974877921377 0.37926285841453139 0.0065519448663337596 0.017892106304824535 0.16874496841931719 0.32170717624867901 -0.010568892443477805 -0.13562153186701198 -0.074483578081939714 0.011633391316756111 0.13231003178172787
leaf_weight=6179 11523.5 429 13803.5 8237.25 4305.25 9576.5 6260.25 5833.75 7768 2965.75 3930.25 4496 3213.5 14348.25 27591 1967 904 15160 17685 17876.75 200 1505.25 10088.25 5523.5 644.25 1723.25 12729.25 14205.5 4231.25 3114.5
leaf_count=11015 18386 537 19103 11343 8872 12086 7320 6871 11833 3640 5983 5213 4679 21213 38337 1970 904 22528 26484 22331 200 1947 10260 6764 648 2006 18736 19154 4769 3863
internal_value=2.42117e-05 -0.0411176 -0.0724579 0.0716397 0.0309941 -0.0383849 0.0415859 -0.034737 -0.109884 0.0738167 0.0593833 0.12685 -0.124459 -0.163507 0.0176364 -0.0253538 -0.14273 -0.0483176 -0.0686676 0.111098 -0.0277042 0.0774511 0.0498208 0.134017 0.112142 -0.123672 -0.0993923 -0.103381 0.102196 0.0628103
internal_weight=238018 151173 105376 86845.8 45797 17478.8 56235.8 52482.2 52893.5 28318.2 25352.5 30610 44925.5 17561.8 41985.5 14394.5 2871 46648.5 31488.5 26114 7968 21422.2 14393.5 7028.75 14250.2 7902.25 27363.8 26934.8 13606 7345.75
internal_count=328995 213911 151338 115084 62573 25107 76197 74986 76352 37466 33826 38887 64319 25892 59597 21260 2874 68115 45587 33674 12033 27843 19132 8711 16600 13021 38427 37890 15952 8632
cat_boundaries=0 1 2 3
cat_threshold=16 8 4
is_linear=0
shrinkage=0.04


Tree=40
num_leaves=31
num_cat=0
split_feature=4 0 21 21 1 11 21 21 19 4 14 11 1 4 21 21 5 0 0 19 25 7 19 22 6 37 22 4 23 23
split_gain=417674 191890 107665 55584.5 52353.5 49133.4 46566.3 41332.5 33593.4 33265.1 31865.4 32916.3 31024.7 29982.5 25671.5 25052.2 25415.2 24615.4 23528.7 22124.4 21249.3 18802.7 18281.8 18069 19661.7 16658.6 16230.7 16204 15701.9 15630.6
threshold=2.6450001001358037 2.054999947547913 75.95770645141603 68.296108245849624 3.0449999570846562 0.50077882409095775 75.95770645141603 63.80848693847657 59.500000000000007 1.235000014305115 85.729999542236342 0.23974815011024478 1.9249999523162844 2.3750000000000004 85.929336547851577 84.378833770751967 27.500000000000004 3.3549998998641972 1.0000000180025095e-35 23.000000000000004 94.625000000000014 35.500000000000007 5.0000000000000009 0.077872097492218031 94.500000000000014 68.989788055419936 0.19180248677730563 3.185000061988831 1.0056059360504153 1.0389261841773989
decision_type=2 8 10 8 10 10 10 8 8 2 10 8 8 2 10 10 2 8 10 10 2 2 10 10 2 10 10 2 8 10
left_child=1 5 4 19 7 6 12 22 -5 10 11 -9 -1 28 29 16 17 -10 -7 -2 -12 -15 -3 -21 27 -13 -22 -25 -11 -4
right_child=3 2 14 8 -6 18 -8 9 15 13 20 25 -14 21 -16 -17 -18 -19 -20 23 26 -23 -24 24 -26 -27 -28 -29 -30 -31
leaf_value=-0.12245790070554349 -0.098127898856792128 -0.69059327920473179 0.054253501719524123 0.16248888399075237 0.10357357575851291 -0.43530855723280348 0.020013429887070035 0.046893404998649107 0.019044586714340447 0.10484241578955099 0.12893351475851725 -0.14065643722469723 -0.061926518051613783 -0.033516119045423877 0.26376369183859877 0.3669147678074996 0.11940204744432267 0.15190157475154367 -0.17857015395264317 -0.047163208999127904 0.019168122442973952 0.037072471051613952 -0.088490873012198198 -0.011401448422984418 0.12577273818179993 0.017728695687089704 0.32229274098119376 0.13365346636158734 -0.065419860877768535 0.14366929990331537
leaf_weight=26425.75 1977.75 80.25 12281.75 14676 5435.75 776.25 6745.75 4680.5 11365.75 894.5 4960.25 3946.25 27808.25 12374.5 1268 508 15402.25 2775.5 2166.25 2801.25 9835.5 11788.5 12181.25 5348.25 5042.75 1453.5 290 1600 26986.5 4197.25
leaf_count=35266 2739 81 14963 18267 6818 1215 8065 5762 14077 3482 11321 7907 42671 17644 1337 508 20929 3389 3568 3681 9975 17049 17063 7812 6590 1701 290 2119 38328 4363
internal_value=-0.000178683 -0.0314457 -3.52085e-05 0.0895965 -0.0169452 -0.0868014 -0.0790949 -0.0242683 0.112882 -0.0134334 0.0243227 -0.0307383 -0.0914225 -0.0316907 0.0903914 0.0886509 0.0838538 0.0451296 -0.246426 0.0274888 0.0611141 0.000922164 -0.0924879 0.0442897 0.0656568 -0.0980263 0.0278811 0.0220148 -0.0599537 0.0770355
internal_weight=238074 176576 112654 61497.5 94907.2 63922.2 60979.8 89471.5 44727.5 77210 25166 10080.2 54234 52044 17747 30051.5 29543.5 14141.2 2942.5 16770 15085.8 24163 12261.5 14792.2 11991 5399.75 10125.5 6948.25 27881 16479
internal_count=328980 248869 158084 80111 137421 90785 86002 130603 57170 113459 36956 15370 77937 76503 20663 38903 38395 17466 4783 22941 21586 34693 17144 20202 16521 9608 10265 9931 41810 19326
is_linear=0
shrinkage=0.04


Tree=41
num_leaves=31
num_cat=3
split_feature=4 21 4 0 21 21 4 19 14 21 7 46 0 4 14 6 11 38 0 25 19 19 46 26 21 25 40 44 4 19
split_gain=376681 172261 94877.4 66078.8 61221.8 60112.9 48400.9 34933.9 28150.9 26703.9 26466.8 25472.3 25117.1 23805.8 40566.1 24336.3 23996.7 22384.6 22054.4 21357.3 20936.5 20405.4 23160.9 20204.4 20144 22908.6 19617.7 18840.6 18497.6 16465.9
threshold=2.5949999094009404 69.217826843261733 1.0000000180025095e-35 1.9650000333786013 79.866088867187514 68.296108245849624 2.1650000810623173 59.500000000000007 95.450000762939467 84.378833770751967 24.500000000000004 0 2.054999947547913 1.0000000180025095e-35 86.174999237060561 83.500000000000014 0.19645989686250689 1.0020086169242861 3.2350000143051152 57.125000000000007 23.000000000000004 167.50000000000003 1 1.5000000000000002 89.845905303955092 80.375000000000014 0.39266912639141088 2 3.1149998903274541 9.5000000000000018
decision_type=2 10 2 8 10 8 2 8 10 10 2 1 10 2 10 2 8 8 8 2 10 8 1 2 10 2 10 9 2 10
left_child=1 3 8 11 6 20 19 -7 12 10 18 -1 23 14 16 -15 -5 -8 -9 -4 -2 22 -19 -3 25 -6 27 -18 -22 -24
right_child=5 2 4 13 24 7 17 9 -10 -11 -12 -13 -14 15 -16 -17 26 21 -20 -21 28 -23 29 -25 -26 -27 -28 -29 -30 -31
leaf_value=-0.15562612699227649 -0.096809316196888165 0.017058942128128852 -0.014460146780237965 0.015472332431458766 0.24200516247677362 0.15138183384637885 0.23423143218809639 0.0013909705615897752 0.13322878169966737 0.35113416117592094 0.1066201691968251 -0.084464372375748289 0.094244340159020973 -0.10385487241584689 0.038106133109634614 -0.0352239167869711 -0.10740353350055165 0.076999178128070472 0.11222493147770354 -0.10209356076726157 0.011418847578991502 -0.043404469155133456 0.079833291494246672 -0.17232193834359144 0.31299611095564978 0.039724907125093946 0.20001561515310717 -0.31838222594130239 0.11242886332504309 -0.038261654046243744
leaf_weight=14439.75 2204 4822.5 6253.25 3143.5 1078.25 16171.5 641.25 9959.25 9358 568 18090.25 18194 6813.5 14553.75 11880 19139.25 4911.25 7445 4036 15430.5 12734.75 12747 2385.75 1107.5 619 5274.25 289 786.25 3755.5 9058
leaf_count=23184 3092 6297 10664 4162 1613 20229 2565 12363 11071 568 24760 26708 8033 23769 17670 30063 8752 8819 4900 17754 17633 16557 3039 1130 619 5575 307 1204 4972 10825
internal_value=-5.23654e-06 -0.0316919 0.00955841 -0.0709095 -0.0161931 0.0799484 -0.0306053 0.103302 0.0805513 0.0794869 0.0746671 -0.115956 0.0418606 -0.0440348 -0.0106179 -0.0648715 -0.0740156 0.000445524 0.0333597 -0.0768235 0.0189514 -0.00430039 0.0220895 -0.0183327 0.0953472 0.0740925 -0.121001 -0.137317 0.0344286 -0.0136365
internal_weight=237890 170370 83033.8 87336.8 60932.2 67519.2 53960.8 48825 22101.5 32653.5 32085.5 32633.8 12743.5 54703 21010 33693 9130 32277 13995.2 21683.8 18694.2 31635.8 18888.8 5930 6971.5 6352.5 5986.5 5697.5 16490.2 11443.8
internal_count=328897 240380 104561 135819 78030 88517 70223 62820 26531 42591 42023 49892 15460 85927 32095 53832 14425 41805 17263 28418 25697 39240 22683 7427 7807 7188 10263 9956 22605 13864
cat_boundaries=0 1 2 3
cat_threshold=8 4 12
is_linear=0
shrinkage=0.04


Tree=42
num_leaves=31
num_cat=4
split_feature=0 21 4 0 4 17 21 9 46 1 21 23 0 44 20 4 1 46 25 25 21 23 5 20 36 1 46 9 23 21
split_gain=347106 139182 74056.2 67852.6 52711.9 46485.5 44069.6 38726.8 32595.6 30997.9 24126.7 22500.6 21353.1 21207.5 23390.6 21117.1 19171.7 24026.6 16813.7 17657.1 22768.1 23067.3 19190.7 19380 16550.6 15774.9 14890 16063.8 14828.9 17925.1
threshold=2.3249999284744267 69.559341430664077 2.245000004768372 3.0649999380111699 2.8649998903274541 4.5000000000000009 77.35693740844728 3.5000000000000004 0 0.43500000238418585 73.650627136230483 1.0009922981262209 1.0000000180025095e-35 1 110.00000000000001 2.9450000524520878 2.5849999189376835 2 496.37500000000006 306.87500000000006 59.264097213745124 1.2191055417060854 29.500000000000004 179.00000000000003 0.23218513280153277 3.4250000715255742 3 15.500000000000002 1.043592154979706 85.929336547851577
decision_type=8 10 2 10 2 10 10 2 1 10 8 10 10 9 2 2 10 1 2 2 8 10 2 2 10 10 1 2 10 10
left_child=2 4 5 6 13 7 11 -1 15 12 -7 -3 -9 18 -15 -4 -13 -18 19 20 -2 -22 -21 -24 -23 -5 27 -11 29 -8
right_child=1 3 8 25 -6 10 28 9 -10 26 -12 16 -14 14 -16 -17 17 -19 -20 22 21 24 23 -25 -26 -27 -28 -29 -30 -31
leaf_value=-0.048100398280266361 -0.16752118260605037 0.26090134678267013 0.042967054978441964 0.12026707005796666 0.06512072854755975 -0.044736722997693955 0.080064374779974107 -0.3631844919012901 -0.041520576744453273 -0.046941450418771069 0.083536027844958727 0.0072025204093467523 -0.16565186832971507 -0.30158873977069234 -0.056458601812891668 0.36727046501353316 0.011692778824785142 0.10821666077133334 0.042066196765992284 -0.15712939271493415 -0.015987531758204415 0.087916810956470498 0.06839494836078662 -0.10333201470616694 0.52699202633674458 0.21170571758000262 -0.12471569816887119 -0.14685954374743446 0.2126580023435293 0.23670254446689354
leaf_weight=19527.25 1473 676 10426.5 17475 13808 7425.75 11416.75 1102.5 12782.75 10618.25 3428.5 26218.5 4265.25 860.75 2249 330.5 7886.25 8653.75 6769 3131.25 30281.25 2111 1899 2353.5 146 3651.5 20438 3398.25 2025.25 1301.75
leaf_count=28477 1995 2704 13572 20133 20420 10578 13039 1851 18380 12470 5398 32076 8205 1160 3431 419 9477 10483 6796 3135 56709 2411 1899 2442 149 4052 29330 4398 2038 1352
internal_value=0.000193664 0.0391063 -0.0597405 0.0746829 -0.0042456 -0.0803271 0.0523852 -0.0942466 0.00165672 -0.116873 -0.00421526 0.0321005 -0.206285 -0.0229269 -0.123986 0.0529646 0.0284771 0.0621979 -0.0163703 -0.0259308 -0.0137572 -0.00679125 -0.0819951 -0.0266465 0.116542 0.136081 -0.102938 -0.0711753 0.112137 0.0961141
internal_weight=238130 144386 93743.5 79304.8 65081.8 70203.8 58178.2 59349.5 23539.8 39822.2 10854.2 43434.5 5367.75 51273.8 3109.75 10757 42758.5 16540 48164 41395 34011.2 32538.2 7383.75 4252.5 2257 21126.5 34454.5 14016.5 14743.8 12718.5
internal_count=328979 195901 133078 95354 100547 100707 71169 84731 32371 56254 15976 54740 10056 80127 4591 13991 52036 19960 75536 68740 61264 59269 7476 4341 2560 24185 46198 16868 16429 14391
cat_boundaries=0 1 2 3 4
cat_threshold=4 8 8 4
is_linear=0
shrinkage=0.04


Tree=43
num_leaves=31
num_cat=1
split_feature=4 1 21 21 21 21 23 4 0 46 21 14 19 4 11 19 23 37 19 19 21 14 35 20 22 21 5 7 4 14
split_gain=331151 162529 104515 49353.7 43971.5 37784.6 36480 37779.4 30763.6 27491.7 25424.1 23803 22744.9 21384.8 20893 19905.1 18228.9 17330.2 17192 16710.3 16048.4 15883.5 15685.9 15232.3 15041.4 17555.6 16922.9 14831.1 14269.2 21934.5
threshold=2.6650000810623173 2.054999947547913 67.991352081298842 77.35693740844728 71.822978973388686 75.186950683593764 1.0067822337150576 1.0000000180025095e-35 2.7050000429153447 0 63.611358642578132 64.520000457763686 9.5000000000000018 3.1049998998641972 0.50077882409095775 167.50000000000003 1.0404490828514101 71.740451812744155 167.50000000000003 9.5000000000000018 88.269744873046889 94.430000305175795 13.250000000000002 79.000000000000014 0.05428843945264817 84.860710144042983 58.500000000000007 22.500000000000004 0.66500002145767223 86.174999237060561
decision_type=2 8 10 10 8 10 10 2 10 1 10 10 8 2 10 8 10 8 8 8 10 10 2 2 10 10 2 2 2 10
left_child=1 5 11 6 13 10 -4 8 21 19 -1 23 -6 27 17 22 24 -7 -11 -9 -14 -8 -12 -3 25 -5 -26 -2 29 -13
right_child=4 2 3 16 12 14 7 9 -10 18 15 28 20 -15 -16 -17 -18 -19 -20 -21 -22 -23 -24 -25 26 -27 -28 -29 -30 -31
leaf_value=-0.15138344230355313 -0.012756150061298866 -0.30371496071850912 0.19217461894672766 0.061781519766278804 0.20456712443954916 0.052659411012506298 -0.012620159279155876 0.059375994614401871 0.13054657323242197 0.048248907632066206 -0.090449480154292064 -0.068205637468129701 0.098490479796640495 0.10147867390074546 -0.41976217647826164 -0.12109018369014588 0.19946253457193142 -0.070206594391696839 -0.027588950360315907 -0.064439415613937429 0.30904838820491859 0.07415843064341332 -0.032294578061948839 -0.10041557703723523 -0.70175140757774246 0.20233257824629211 0.090566525976085138 0.054104189926560853 -0.057892176788427653 0.030854527698270979
leaf_weight=9709.75 8110 833.5 1777.25 9628.5 4361 5175.5 8691.5 1955.5 5776.5 11709.25 14967 5987.75 20850.5 9750.75 185 12925 2337.25 2846 8083.75 16070.75 595 5515.5 14721.75 2016.5 82.75 1667.75 88.5 15362.5 26864.25 8877.75
leaf_count=13780 11380 1285 6017 11226 5585 6563 10802 2584 6774 14674 19983 10367 26651 12378 236 17536 2416 3239 10867 20150 598 6669 18165 4037 97 1745 126 20233 48033 14292
internal_value=-8.80928e-06 -0.0271696 0.000171993 0.0295172 0.0821192 -0.0804538 0.0137265 0.00823647 0.0527222 -0.0152702 -0.0929695 -0.048134 0.12129 0.0516899 -0.000653366 -0.0796563 0.0976624 0.00906317 0.0172756 -0.0510051 0.104347 0.0210719 -0.0616144 -0.159959 0.0768981 0.0825486 -0.294119 0.0310035 -0.040493 -0.00904805
internal_weight=237524 178494 117964 73384.8 59029.8 60530 59580 57802.8 19983.5 37819.2 52323.5 44579.8 25806.5 33223.2 8206.5 42613.8 13804.8 8021.5 19793 18026.2 21445.5 14207 29688.8 2850 11467.5 11296.2 171.25 23472.5 41729.8 14865.5
internal_count=328488 251663 172161 94147 76825 79502 78537 72520 24245 48275 69464 78014 32834 43991 10038 55684 15610 9802 25541 22734 27249 17471 38148 5322 13194 12971 223 31613 72692 24659
cat_boundaries=0 1
cat_threshold=8
is_linear=0
shrinkage=0.04


Tree=44
num_leaves=31
num_cat=1
split_feature=9 1 21 17 0 21 19 21 26 21 23 19 0 19 19 1 21 6 20 19 15 14 24 17 21 9 6 42 25 24
split_gain=309924 130739 87372.1 75165.4 56865.3 37442.2 34685.5 34195.6 30917.1 29099.9 27853.1 35318.3 27785.1 26348.1 25863.2 23851.3 20558.4 20530.4 19785.9 17401.1 16638.4 16308.9 16101.2 17046.2 15383.9 15059.8 15083.6 14886.2 19974.9 16937.2
threshold=2.5000000000000004 2.7549999952316289 70.95111465454103 4.5000000000000009 1.8450000286102297 77.191394805908217 9.5000000000000018 75.711322784423842 1.5000000000000002 62.218965530395515 1.0168398022651675 23.000000000000004 3.2649999856948857 49.500000000000007 64.000000000000014 1.0000000180025095e-35 82.929309844970717 58.500000000000007 79.000000000000014 128.50000000000003 15.000000000000002 89.270000457763686 0.03289564140141011 2.5000000000000004 77.668823242187514 14.500000000000002 58.500000000000007 0 396.25000000000006 0.014126699417829515
decision_type=2 10 10 10 8 10 8 8 2 8 8 10 10 10 8 8 10 2 2 10 2 8 10 10 10 2 2 9 2 10
left_child=1 2 9 4 15 12 8 27 21 13 11 -9 -3 -1 -6 -2 22 -16 -11 -13 -12 -4 23 -8 -24 -17 -27 28 -5 -29
right_child=3 5 6 7 14 -7 16 10 -10 18 20 19 -14 -15 17 25 -18 -19 -20 -21 -22 -23 24 -25 -26 26 -28 29 -30 -31
leaf_value=-0.21888806549788317 -0.23481270313368138 0.056493467863053322 0.049172155203107637 0.0028042909364271863 -0.0039005162073186134 0.17519423086047714 -0.049055792917416817 -0.61568767484029141 -0.097712252434333624 -0.17351574359662827 0.20648496022262994 0.29400953203773905 0.13247902983734788 -0.047425135306019259 -0.14768357310618657 -0.090667872681164746 0.15710262411180145 -0.052466186714254022 -0.0080119537665235257 -0.018533770628413146 -0.53248037395697434 0.18604915288800544 0.041036034071341362 0.037126290504671422 0.16567336632846172 -0.30598597353184653 -0.13450865606311768 0.088353399485851455 0.23371806238083043 -0.066515905026081248
leaf_weight=2068.25 2516.75 31639.75 1846 2985 15158.25 6959.25 6883 140 882 1181.5 2599.75 351.25 10176.75 4673.25 4515.25 22718.5 2083.5 18336.25 51080.75 1492.75 48.75 5684.25 14992.75 7869.25 1771 946.75 6173.75 1310.25 749 8171
leaf_count=3026 3344 41296 2428 4761 19395 7674 7780 140 921 1822 5335 466 12228 6255 6328 31282 2130 27229 81440 1771 69 7386 17197 10201 1882 1651 9263 2841 749 10721
internal_value=0.000482887 0.0355111 0.00954345 -0.0589967 -0.0775923 0.0892892 0.0536294 0.014317 0.126262 -0.0218469 0.10782 -0.00550727 0.0749887 -0.100054 -0.0444137 -0.116566 0.0354411 -0.0712861 -0.0117568 0.0411252 0.192686 0.152506 0.0273933 -0.00308426 0.0542126 -0.106585 -0.157349 -0.0184652 0.0491743 -0.0451064
internal_weight=238004 149791 101016 88213.2 70365.5 48775.8 42011.8 17847.8 8412.25 59003.8 4632.5 1984 41816.5 6741.5 38009.8 32355.8 33599.5 22851.5 52262.2 1844 2648.5 7530.25 31516 14752.2 16763.8 29839 7120.5 13215.2 3734 9481.25
internal_count=329011 203666 142468 125345 98492 61198 49925 26853 10735 92543 7781 2377 53524 9281 52952 45540 39190 33557 83262 2237 5404 9814 37060 17981 19079 42196 10914 19072 5510 13562
cat_boundaries=0 1
cat_threshold=4
is_linear=0
shrinkage=0.04


Tree=45
num_leaves=31
num_cat=3
split_feature=4 4 4 4 14 11 21 21 15 42 6 4 17 9 6 28 7 25 15 33 44 32 30 21 20 46 32 19 20 33
split_gain=286985 146888 65695.1 61644.4 61520.5 54566.9 38953.4 38691.2 26556.2 24718.3 25505.1 24714.2 21047.2 27040.6 31209 20999.7 20429.5 28531.6 21989 18759.6 17591.9 22127.2 20204.5 17503.5 16683.2 16317.5 16593.5 15161.2 17716.9 16055.8
threshold=2.4550000429153447 1.0000000180025095e-35 2.0949999094009404 2.8950001001358037 92.005001068115249 0.31381341814994818 80.05841445922853 74.826206207275405 3.5000000000000004 0 103.25000000000001 3.3850001096725468 4.5000000000000009 13.500000000000002 58.500000000000007 4.5000000000000009 23.500000000000004 275.25000000000006 3.5000000000000004 1.4779901504516604 1 1.1386471390724184 0.13090645521879199 67.76965713500978 179.00000000000003 2 1.3257212042808535 10.500000000000002 177.50000000000003 2.6413021087646489
decision_type=2 2 2 2 10 8 10 10 2 9 2 2 10 2 2 2 2 2 2 8 9 10 10 8 2 1 10 10 2 10
left_child=1 4 12 7 5 -1 9 16 27 10 -4 23 13 25 -15 19 17 -2 -19 -7 21 22 -17 -5 -23 26 -3 -6 29 -29
right_child=3 2 6 11 8 15 -8 -9 -10 -11 -12 -13 -14 14 -16 20 -18 18 -20 -21 -22 24 -24 -25 -26 -27 -28 28 -30 -31
leaf_value=0.035645365383752348 -0.0014396067896935319 -0.11308580993934644 -0.088407889825252564 0.02869418575348091 0.17617332693068324 0.049213220043864483 0.10287379860931144 0.094563862750012093 -0.024411816720726901 -0.0017208349446430652 -0.022264533881782428 0.18080152901558041 -0.028486279742814657 -0.32179553981850589 -0.13148109285988871 -0.046485528160401961 0.031222306118145075 -0.062380087365297716 -0.31467684906632382 -0.42040758799388644 -0.22710167596428438 0.12140286935859954 -0.20438728264288908 0.10166984442967722 -0.098974745550885215 -0.057613051197918867 -0.50639837001795063 0.13756903995944161 0.062693737878573658 0.4406735358996543
leaf_weight=13463.5 10400.5 13116.75 20256.75 6790.75 3034.75 184.25 3265 11632.25 3593 18757.25 17290 5055 6502.25 1624.75 9102.25 4479.75 27351.5 1507.75 872.25 517.5 1022.25 1665.25 1824.25 23327.75 819.25 15261.75 173 1429.25 13528.75 347.25
leaf_count=16939 16306 19242 28335 9280 4573 266 3655 13487 5255 27599 25690 5859 9758 2767 13666 8493 38195 1510 873 759 1593 2176 3022 29642 841 20439 173 1631 16648 501
internal_value=0.000186164 -0.0331001 -0.059121 0.0580991 0.0266112 -0.0176761 -0.0314289 0.0303332 0.0750225 -0.0392187 -0.0579509 0.0989596 -0.0951518 -0.106187 -0.160334 -0.0859628 0.0117139 -0.0300348 -0.15494 -0.297205 -0.0708238 -0.0523039 -0.0922049 0.0852178 0.0487224 -0.0858379 -0.118244 0.0945032 0.0782988 0.197033
internal_weight=238196 151259 105350 86937.8 45909 23976 59569 51764.2 21933 56304 37546.8 35173.5 45780.8 39278.5 10727 10512.5 40132 12780.5 2380 701.75 9810.75 8788.5 6304 30118.5 2484.5 28551.5 13289.8 18340 15305.2 1776.5
internal_count=329173 214021 151324 115152 62697 34089 85279 70371 28608 81624 54025 44781 66045 56287 16433 17150 56884 18689 2383 1025 16125 14532 11515 38922 3017 39854 19415 23353 18780 2132
cat_boundaries=0 1 2 3
cat_threshold=16 12 8
is_linear=0
shrinkage=0.04


Tree=46
num_leaves=31
num_cat=3
split_feature=11 21 0 0 21 46 7 21 0 21 19 14 46 6 9 25 15 19 25 25 46 21 26 30 2 15 0 12 35 19
split_gain=269207 108836 75801.5 59366 46030.2 32955.3 31098.2 28271.7 26709.6 28615.1 26577 38843.9 22190.2 21521.6 20245.5 18972.3 19234.2 17277.7 16986.2 16953.8 31809.9 16878.7 16825.7 17726.1 16810 17023.9 16609.3 16573.4 16487.4 15824.8
threshold=0.036171836778521545 74.826206207275405 3.1550000905990605 1.7749999761581423 71.822978973388686 0 22.500000000000004 62.218965530395515 1.185000002384186 82.929309844970717 167.50000000000003 91.770000457763686 1 61.500000000000007 13.500000000000002 249.12500000000003 3.5000000000000004 167.50000000000003 77.125000000000014 503.87500000000006 2 79.866088867187514 1.5000000000000002 0.12684915959835055 -1.0449999570846555 3.5000000000000004 3.6049998998641972 2.5000000000000004 11.250000000000002 49.500000000000007
decision_type=8 10 8 8 10 1 2 8 8 10 8 10 1 2 2 2 2 10 2 2 1 10 2 10 10 2 8 8 2 10
left_child=2 3 4 5 6 -2 15 29 28 -10 11 13 -6 22 -7 -1 -17 -14 -12 -8 -21 -19 27 -24 25 -13 -4 -9 -3 -5
right_child=1 8 26 7 12 14 19 10 9 -11 18 24 17 -15 -16 16 -18 21 -20 20 -22 -23 23 -25 -26 -27 -28 -29 -30 -31
leaf_value=-0.016397073103156939 -0.13734114417690438 -0.24147929956828931 0.099399914966216182 -0.2009605901553429 0.038146604797424877 -0.036892135214623478 0.015654760847471381 0.021538132976458017 0.035680797340616022 0.16362328034111656 0.010300683655708213 0.15160153628517198 0.15336541385947511 0.003687905402273471 -0.12521684583414591 -0.062741530562952327 -0.27870962268476823 0.035267158470612923 -0.079112663508676476 0.19645524321006697 0.011223102898203805 0.2267356145853448 -0.064646354441277212 -0.22511593733196975 0.013743638967008417 -0.075288158865179491 0.19548552468138447 -0.064666350598361774 -0.0076608778716045212 -0.070469043129617701
leaf_weight=13493.75 15900.5 772.75 20012.25 2065.25 15165.25 15240.75 24031 5513.25 18325.5 3300 4218.5 3859.75 6809.5 20064 5707 2323.5 921 5416.25 17502 2593 3465 851.75 3247.5 1666.75 4992.75 612.5 3363 10112.25 1282.25 5311.75
leaf_count=23234 24620 910 25260 2858 18418 20454 34987 9750 22155 3480 15092 6163 7903 27828 8389 2325 924 6683 19062 2593 3465 926 6894 1699 6087 1040 4062 12951 1478 7246
internal_value=-0.000329233 -0.0360313 0.0503322 -0.0519825 0.0307453 -0.0939226 0.0064198 -0.0324603 0.0421149 0.0552114 -0.0247968 -0.00876618 0.0710758 -0.0257769 -0.0609603 -0.0372834 -0.124116 0.109256 -0.0617472 0.0307321 0.0905278 0.0613182 -0.0545581 -0.119108 0.0642023 0.120517 0.113232 -0.0342506 -0.0956612 -0.107024
internal_weight=238140 139695 98445.2 116014 75070 36848.2 46827.2 79166.2 23680.5 21625.5 71789.2 50068.8 28242.8 40603.8 20947.8 16738.2 3244.5 13077.5 21720.5 30089 6058 6268 20539.8 4914.25 9465 4472.25 23375.2 15625.5 2055 7377
internal_count=328936 198156 130780 170133 101458 53463 67528 116670 28023 25635 106566 72412 33930 59122 28843 26483 3249 15512 34154 41045 6058 7609 31294 8593 13290 7203 29322 22701 2388 10104
cat_boundaries=0 1 2 3
cat_threshold=8 8 4
is_linear=0
shrinkage=0.04


Tree=47
num_leaves=31
num_cat=4
split_feature=1 21 1 21 21 23 0 17 42 23 6 19 0 46 25 9 46 22 21 14 22 5 25 25 46 26 19 33 21 11
split_gain=254986 128861 65150.1 50950.8 47190.7 34732.1 33632.7 25609.3 25491.5 23805.4 26108.8 22785.8 22124.5 24246.5 21216.7 21140.3 19790.4 19230.7 18678.6 18480.2 18033.1 17383 16497.9 17251.2 16176.9 18084.2 16104.5 15592.5 15279.8 14947.7
threshold=2.2749999761581425 67.825954437255874 3.0049999952316289 69.559341430664077 77.35693740844728 1.0067822337150576 2.7150000333786015 3.5000000000000004 0 1.0337420105934145 58.500000000000007 167.50000000000003 2.935000061988831 1 270.12500000000006 12.500000000000002 2 0.017677521333098415 59.264097213745124 66.045001983642592 0.07651377841830255 36.500000000000007 96.625000000000014 430.12500000000006 3 1.5000000000000002 49.500000000000007 4.0719237327575692 82.929309844970717 0.33893597126007086
decision_type=8 10 10 10 10 10 10 10 9 10 2 10 10 1 2 2 1 10 10 8 10 2 2 2 1 2 10 10 10 10
left_child=3 6 4 18 5 -3 19 8 14 10 -7 21 13 -11 26 -10 -4 -13 -1 -2 28 -9 -19 -24 -21 27 -5 -26 -6 -20
right_child=1 2 16 7 20 9 -8 11 15 12 -12 17 -14 -15 -16 -17 -18 22 29 24 -22 -23 23 -25 25 -27 -28 -29 -30 -31
leaf_value=-0.17814246672890574 -0.14552036868097873 0.19905980607082355 0.077576052064988021 0.10360715281470899 0.080194909158653363 -0.1134726219704501 0.023569214688840507 -0.0064181750490490685 0.020738895015965288 -0.020922751018862772 0.0074353464359509201 0.048091703119080925 0.086485090500165077 0.043737267193696854 -0.18064289464043451 -0.14648639783022188 0.1520908133121317 0.07592137237980473 -0.067782841720716094 -0.072611053414471882 -0.441970587370347 0.11312455381500951 -0.19198458974451629 -0.012254196726159327 0.0088308410743822494 -0.065893335185166213 -0.075770658053707182 0.3101554932379193 0.16906128577797308 -0.13451724564455972
leaf_weight=3172.75 2692 1754.25 11162.75 889 12442.25 4017.25 17336.75 3285.5 8694.5 15214.5 9892.25 2830.25 9533.5 23781.25 3013 1404 11668 824.5 36641.75 11995 97 4773 2205 1395 11929.75 6728.5 7999 280.25 4122.5 6293.5
leaf_count=4360 5368 5889 14489 1186 14153 4960 27707 4115 10433 18960 13889 2849 11341 28594 3013 1857 13624 2782 49238 20104 97 5916 2562 1395 16564 19180 10516 305 4235 9259
internal_value=-7.54525e-06 0.0303965 0.0559949 -0.0563711 0.0391452 0.0235756 -0.0216848 -0.0216199 -0.0492666 0.0186421 -0.0274899 0.0180986 0.0318649 0.0185097 -0.0889273 -0.00252234 0.115663 -0.0333237 -0.0844923 -0.0450171 0.0991251 0.064391 -0.0854032 -0.122363 -0.0362662 -0.0132438 -0.0578188 0.0157722 0.10232 -0.0775678
internal_weight=238068 154648 103686 83420.8 80854.8 64193 50962.2 37312.8 21999.5 62438.8 13909.5 15313.2 48529.2 38995.8 11901 10098.5 22830.8 7254.75 46108 33625.5 16661.8 8058.5 4424.5 3600 30933.5 18938.5 8888 12210 16564.8 42935.2
internal_count=328940 219459 130231 109481 102118 83633 89228 46624 27005 77744 18849 19619 58895 47554 14715 12290 28113 9588 62857 61521 18485 10031 6739 3957 56153 36049 11702 16869 18388 58497
cat_boundaries=0 1 2 3 4
cat_threshold=16 8 8 8
is_linear=0
shrinkage=0.04


Tree=48
num_leaves=31
num_cat=4
split_feature=1 0 21 21 17 9 46 21 1 25 21 19 0 46 46 21 25 21 23 0 19 14 15 43 23 19 23 5 19 6
split_gain=238906 107191 58816 50879.8 37966.6 33688.5 31512.1 26908.5 24475.2 22203.5 21916.5 21829.2 20599.5 18603.3 18459.4 18160.7 17902.3 21457.7 17143.6 16997 15544.9 25468 18485.4 17317.9 15323.2 22451.3 14564.2 14486.7 19906.1 14343.5
threshold=2.5849999189376835 2.185000061988831 73.020957946777358 69.361457824707045 4.5000000000000009 3.5000000000000004 0 63.80848693847657 0.43500000238418585 496.37500000000006 75.10739898681642 167.50000000000003 3.054999947547913 1 2 82.352401733398452 35.125000000000007 82.929309844970717 1.0056059360504153 1.0000000180025095e-35 64.000000000000014 86.399997711181655 3.5000000000000004 3 1.0168398022651675 23.000000000000004 1.0769482254981997 28.500000000000004 9.5000000000000018 103.25000000000001
decision_type=10 8 10 10 10 2 1 8 10 2 8 8 10 1 1 10 2 10 8 10 8 10 2 9 8 10 8 2 8 2
left_child=1 4 7 9 5 -1 12 -3 19 -2 -6 -8 27 29 -10 -13 -4 -18 -9 -7 21 23 26 -20 25 -12 -23 28 -5 -11
right_child=3 2 16 6 10 8 11 18 14 13 24 15 -14 -15 -16 -17 17 -19 20 -21 -22 22 -24 -25 -26 -27 -28 -29 -30 -31
leaf_value=-0.035622158132140092 0.0036215197319819301 -0.077176108329418097 0.14606500162287581 0.12294808383504879 -0.029958745219128221 -0.31625513461315757 0.1566954154617983 0.13382922011853049 -0.050939269778995933 0.085129928333446417 -0.5773289248602731 0.069158136739304515 0.10749745897419208 0.020125640502014121 -0.11179870485391208 0.31528822038085724 0.025669312010523204 0.13777533162224354 0.014981001773347585 -0.14135397668951716 -0.026814591745004189 0.0083941840630019377 -0.1490414833273945 -0.083553134286883032 0.17675253234847865 0.042069874417648666 0.14046462957596662 0.055644907236843517 -0.068827003232302592 0.27612400338181209
leaf_weight=20763.5 24153.5 10501.75 2863 1091.25 8182 1131.25 12098 1339.5 13820.25 1382 100.5 11069 6931.75 2611 18860 500.5 20965 3140.25 9505.75 4161 35708.25 1937.25 517.75 4066.25 1675 1206.75 4304.75 8314.75 4180.25 1156
leaf_count=29861 35153 14443 4012 1491 11521 1918 14114 5127 16557 1382 105 13274 7930 2611 27089 517 24736 3228 14200 7968 53061 2919 823 6161 3274 1461 6638 11221 5387 1156
internal_value=0.000596624 -0.0261558 0.00154221 0.0605714 -0.0637395 -0.0765917 0.0876752 -0.0183115 -0.0989924 0.0196996 0.00387737 0.119127 0.0513911 0.0951041 -0.0860641 0.0798325 0.0515145 0.0402789 -0.00753669 -0.178794 -0.0109181 0.0170003 0.080429 -0.0145946 0.0966893 -0.00595069 0.0994842 0.0227593 -0.0291112 0.172199
internal_weight=238238 164750 94849.5 73488 69900.2 58736 44185.5 67881.2 37972.5 29302.5 11164.2 23667.5 20518 5149 32680.2 11569.5 26968.2 24105.2 57379.5 5292.25 56040 20331.8 6759.75 13572 2982.25 1307.25 6242 13586.2 5271.5 2538
internal_count=329338 235102 135348 94236 99754 83393 53934 103372 53532 40302 16361 27905 26029 5149 43646 13791 31976 27964 88929 9886 83802 30741 10380 20361 4840 1566 9557 18099 6878 2538
cat_boundaries=0 1 2 3 4
cat_threshold=8 4 4 112
is_linear=0
shrinkage=0.04


Tree=49
num_leaves=31
num_cat=5
split_feature=4 1 22 42 4 6 4 14 0 42 42 25 25 7 25 17 9 22 46 15 14 22 19 25 46 19 22 1 15 19
split_gain=220333 109127 61816.6 40701.2 33710.8 28825.1 28713.3 26067.1 25854.6 21186.7 20071.5 19353.2 18081.7 17830.7 18505 16831.2 16621.4 16436.2 15688.1 24041.6 19453.3 15638.7 27590.4 21245.1 20988 14881.2 25874.1 14807.5 14070.2 13731.1
threshold=2.685000061988831 1.9049999713897707 0.11810277774930002 0 1.0000000180025095e-35 88.250000000000014 3.3249999284744267 94.33499908447267 0.92500001192092907 1 2 275.25000000000006 84.875000000000014 27.500000000000004 342.37500000000006 4.5000000000000009 6.5000000000000009 0.09463606029748918 3 3.5000000000000004 78.299999237060561 0.021463197655975822 163.50000000000003 485.00000000000006 4 170.50000000000003 0.029187991283833984 1.0000000180025095e-35 3.5000000000000004 10.500000000000002
decision_type=2 8 8 9 2 2 2 10 10 9 9 2 2 2 2 8 2 10 1 2 10 10 10 2 1 8 10 10 2 10
left_child=1 8 3 7 -5 11 9 15 16 -2 -10 -6 -7 14 -11 -3 -1 -12 -4 20 -20 -14 -23 -24 -25 -13 -27 -18 -16 -9
right_child=6 2 18 4 5 12 -8 29 10 13 17 25 21 -15 28 -17 27 -19 19 -21 -22 22 23 24 -26 26 -28 -29 -30 -31
leaf_value=-0.033499832289268262 0.095991283309300929 0.010502871762788761 -0.080571568787248124 0.042373901173407814 -0.038336524824227912 0.063462779170103512 0.14452042888914382 0.15773853655493664 -0.08046605980948307 0.030735857155413805 0.011429410306089896 -0.085239376067300129 0.050825516552708068 0.067269188097893395 -0.0016566083377803785 0.10161767895954019 -0.30650747750024687 -0.074594279049169862 -0.059974119832498063 -0.1100427448052311 0.021575105861966582 0.044599995301599762 -0.11220350239861139 0.17979679784456043 -0.06121356760230702 -0.070490009675453366 -0.42590076572036628 -0.14230244490057042 -0.17132249600917987 0.063913256995700676
leaf_weight=1795.25 15977.75 18078.5 13305.5 17710.5 14781.25 6381.25 7003.25 4376.25 26956 12648 8990.75 2956 4417.5 18055.5 1751.5 3952.25 1078.5 5875.25 7351.75 4525.75 12876 4595.5 6763.25 891 1642 660 651 4755.75 1412 5812
leaf_count=2204 21443 24380 21512 21489 20857 14350 8384 5709 35359 16965 11723 2956 4623 23859 1753 5741 1473 8123 13615 8902 23391 4816 7376 891 1642 660 651 6099 1412 6574
internal_value=-2.10761e-05 -0.0215783 -0.0025575 0.014909 -0.00418362 -0.0230361 0.0686824 0.0513224 -0.072244 0.0580243 -0.0598878 -0.0600048 0.00548561 0.0401098 0.00909331 0.0268526 -0.139959 -0.0225708 -0.0455443 -0.0267139 -0.00806516 -0.0147231 -0.0355696 -0.0752016 0.0235994 -0.135038 -0.247169 -0.172705 -0.0774169 0.104227
internal_weight=238027 181179 131727 93668.2 61449.2 43738.8 56848 32219 49451.5 49844.8 41822 19048.2 24690.5 33867 15811.5 22030.8 7629.5 14866 38059 24753.5 20227.8 18309.2 13891.8 9296.25 2533 4267 1311 5834.25 3163.5 10188.2
internal_count=328932 255116 190135 122715 80311 58822 73816 42404 64981 65432 55205 25124 33698 43989 20130 30121 9776 19846 67420 45908 37006 19348 14725 9909 2533 4267 1311 7572 3165 12283
cat_boundaries=0 1 2 3 4 5
cat_threshold=4 4 16 8 4
is_linear=0
shrinkage=0.04


Tree=50
num_leaves=31
num_cat=2
split_feature=0 21 46 0 29 23 0 21 21 1 10 19 5 21 1 21 19 14 20 39 9 20 19 5 11 24 42 11 15 20
split_gain=207597 91739.7 61386.2 51630.5 44166.6 38631.8 30946.5 28289.3 26177.8 25432.6 24099.3 19971.6 22239.1 19072.2 18199.6 17205.9 18198.9 26600 17180.4 18969 16042.7 17056.1 15525.3 19815.8 14982.6 15475 14103.8 14011.5 13833.5 13430.3
threshold=2.554999947547913 75.95770645141603 0 3.1450001001358037 16.250000000000004 1.0111154317855837 1.735000014305115 68.296108245849624 67.077514648437514 2.5849999189376835 24.250000000000004 10.500000000000002 27.500000000000004 88.269744873046889 3.5049999952316289 62.679374694824226 167.50000000000003 88.36999893188478 110.00000000000001 3.4411590099334721 3.5000000000000004 110.00000000000001 17.500000000000004 29.500000000000004 0.50077882409095775 0.038812935352325446 1 0.55588430166244518 3.5000000000000004 177.50000000000003
decision_type=10 10 1 10 2 10 10 8 10 10 2 8 2 10 10 8 8 10 2 10 2 2 8 2 10 10 9 10 2 2
left_child=1 2 5 7 10 8 20 -2 -1 15 18 29 -13 24 -5 -6 17 -17 19 -4 -7 -22 -8 -24 25 -3 -20 -12 -19 -9
right_child=3 13 4 14 9 6 22 11 -10 -11 27 12 -14 -15 -16 16 -18 28 26 -21 21 -23 23 -25 -26 -27 -28 -29 -30 -31
leaf_value=-0.078711352507552082 -0.01156361272021649 0.026897801933198677 -0.19960910430322187 0.080937017513601689 -0.079147420645548583 -0.076547457878526737 0.015357128494177783 0.037690851172629013 0.10892416451564167 0.11042885258095252 -0.095083875849011609 -0.0004152639442016179 0.06016570694096484 0.20333381371838791 0.17988129261466262 -0.00040526445447739432 -0.035446200470065511 0.11675706150755315 0.015350582478358039 0.13598149594053718 -0.38082287193095915 -0.15010514821526796 -0.11332540672371234 -0.042291325109130654 -0.26276850270529201 0.12060632855871195 -0.044178364131722651 -0.35134662766821267 -0.07568068815498967 0.15554439575708387
leaf_weight=2051 20216.25 14765.75 1658.25 23860.25 3789.75 5286.75 3487 2522.5 2830 3790 9019.25 16821 22885.75 1226.75 3398.25 12921.25 9035 6048.5 9830.5 321 540 9981.5 11544.25 13791.75 256 3484.5 18075.75 354 662.5 4003.75
leaf_count=8123 27678 17888 2700 30590 4845 7308 4504 3265 9187 4438 13400 21669 30925 1256 3939 17479 13403 8303 15676 321 675 12560 14851 17274 295 3693 25782 657 1066 5758
internal_value=0.000536092 -0.0294928 -0.0421442 0.0469218 -0.0194464 -0.0767571 -0.0884415 0.0279044 0.0300788 0.0123917 -0.0488416 0.0451625 0.0345023 0.0506579 0.0932784 0.000940749 0.0115308 0.033151 -0.0312882 -0.145139 -0.133417 -0.161982 -0.0637704 -0.0746611 0.0405265 0.0447953 -0.0232082 -0.104799 0.0977509 0.110005
internal_weight=238459 144751 125018 93707.8 75505.8 49512.2 44631.2 66449.2 4881 36247 39258.8 46233 39706.8 19733 27258.5 32457 28667.2 19632.2 29885.5 1979.25 15808.2 10521.5 28823 25336 18506.2 18250.2 27906.2 9373.25 6711 6526.25
internal_count=329508 205684 182552 123824 108070 74482 57172 89295 17310 49534 58536 61617 52594 23132 34529 45096 40251 26848 44479 3021 20543 13235 36629 32125 21876 21581 41458 14057 9369 9023
cat_boundaries=0 1 2
cat_threshold=8 4
is_linear=0
shrinkage=0.04


Tree=51
num_leaves=31
num_cat=4
split_feature=1 21 21 21 24 1 0 21 46 25 23 20 21 46 15 22 0 22 24 14 43 17 5 25 21 20 22 43 25 21
split_gain=197024 92158.7 49703 45741.9 38265.6 37839.5 34865.9 26869.8 22443.1 27544.5 21640.1 19771.6 19311.9 18768.1 18685.1 18621.8 17964.1 17916.9 17729.3 18889.5 30959.1 17357.5 16358.3 15610 16918.1 15553.9 17553.8 15144.1 15062.4 15656
threshold=2.5049999952316289 67.991352081298842 77.35693740844728 79.119747161865249 0.0096148685552179831 3.0849999189376835 2.2250000238418584 62.218965530395515 0 503.87500000000006 1.1252581477165224 184.00000000000003 69.78131484985353 1 5.5000000000000009 0.075356248766183867 2.7549999952316289 0.075356248766183867 0.027849436737596992 93.83499908447267 2 4.5000000000000009 29.500000000000004 688.25000000000011 66.730606079101577 181.50000000000003 0.031230391003191475 3 31.375000000000004 89.845905303955092
decision_type=10 8 10 10 8 10 8 10 1 2 10 2 10 1 2 10 10 10 8 8 9 10 2 2 10 2 8 9 2 10
left_child=1 7 4 5 -3 8 21 -1 9 11 -9 12 -2 -7 17 -5 -10 28 -8 -20 -21 27 -11 24 -12 26 -23 -6 -4 -30
right_child=3 2 14 15 6 13 18 10 16 22 23 -13 -14 -15 -16 -17 -18 -19 19 20 -22 25 -24 -25 -26 -27 -28 -29 29 -31
leaf_value=-0.11506240232804665 0.023191477150489873 0.12272044482449673 0.26704420114810629 0.15577049144809094 0.016021359046328197 0.049254512496866694 -0.059175658586371388 -0.073994865059591616 -0.025357000845996208 0.028459285335771654 -0.025057532746666115 -0.0093094650677444414 0.13442544495108952 0.12164775890405351 -0.43985503546232013 -0.42676724397466426 0.039020162194016612 -0.50307351611455287 -0.009847582188367298 0.18742846657373535 0.022581245536679808 -0.18614103176710126 0.23060157497279007 -0.2302559721541563 0.094898519727014574 -0.052410039800332271 0.12052987722734358 -0.078030111938526159 0.048806237781183509 0.25209443368441731
leaf_weight=14003.5 5585.75 3035.5 558.5 6863.75 3099.75 12053.75 6801.5 26435 18242 940 14326.25 8708.75 4516.5 10925 119.5 88 11187.75 89 25212.5 2148.75 11748.5 342.25 2012 527 2164.5 2990 2300.5 23694 16748.5 628
leaf_count=19612 6953 7276 764 7439 4296 16550 9380 42032 26294 940 17117 11249 5130 12908 151 88 14508 89 40415 3159 16403 487 2012 527 2466 4241 3871 33276 18787 628
internal_value=-0.000383977 -0.0265419 -0.0032535 0.0502311 -0.0166019 0.0410343 -0.022002 -0.0668776 0.0218921 0.0526897 -0.0513468 0.034858 0.0729306 0.0836771 0.0566111 0.148335 -0.000883325 0.0599271 0.000424818 0.0107912 0.0482325 -0.0537543 0.166267 -0.0161632 -0.00930761 0.0100715 0.0807575 -0.0671722 0.062749 0.0561675
internal_weight=238096 156973 99516.8 81123.2 81373.2 74171.5 78337.8 57456.2 51192.8 21763 43452.8 18811 10102.2 22978.8 18143.5 6951.75 29429.8 18024 45911.2 39109.8 13897.2 32426.5 2952 17017.8 16490.8 5632.75 2642.75 26793.8 17935 17376.5
internal_count=329048 224977 143223 104071 122804 96544 115528 81754 67086 26284 62142 23332 12083 29458 20419 7527 40802 20268 69357 59977 19562 46171 2952 20110 19583 8599 4358 37572 20179 19415
cat_boundaries=0 1 2 3 4
cat_threshold=4 8 12 12
is_linear=0
shrinkage=0.04


Tree=52
num_leaves=31
num_cat=3
split_feature=9 1 21 17 6 25 20 21 21 11 21 22 24 22 25 46 19 23 24 21 24 20 46 23 42 22 25 25 19 21
split_gain=179312 81939.8 58835.8 51638.6 33243.8 37089.6 29993.7 29601.9 29044.8 28897.9 20441.3 19363.4 19177.4 22504.3 18460.9 38620.5 22260.6 17977.7 26914.8 20287.5 21303.1 20214.7 17357.2 16391.8 18086.1 23002.6 21630.1 25143.2 16274.4 18257.9
threshold=2.5000000000000004 3.0049999952316289 77.191394805908217 3.5000000000000004 88.250000000000014 300.12500000000006 218.00000000000003 59.264097213745124 74.826206207275405 0.33893597126007086 82.929309844970717 0.075356248766183867 0.32101716101169592 0.13668338954448703 503.87500000000006 0 167.50000000000003 1.0009922981262209 0.028960009105503563 70.95111465454103 0.077221378684043898 218.00000000000003 1 1.0159941315650942 2 0.025953806005418304 729.12500000000011 396.25000000000006 167.50000000000003 62.679374694824226
decision_type=2 10 10 10 2 2 2 8 10 10 10 10 10 10 2 1 10 8 8 10 8 2 1 8 9 8 2 2 8 8
left_child=1 2 4 9 5 7 12 -1 23 10 28 -4 13 -7 16 -16 -6 -9 -19 20 -20 -21 -3 -5 25 -25 27 -27 29 -2
right_child=3 22 11 8 14 6 -8 17 -10 -11 -12 -13 -14 -15 15 -17 -18 18 19 21 -22 -23 -24 24 -26 26 -28 -29 -30 -31
leaf_value=-0.15365218521025251 -0.11902354192910361 0.055293928885822748 0.083380610242423644 0.073025835575009301 0.054062937515148013 -0.01543018804667305 -0.20416601844334664 0.12259132832824972 0.065362343441410772 -0.13034475794956157 0.14941632146652686 -0.55657083554761988 0.46436156495172404 -0.14782932590700598 0.21133863186031754 0.020701625559482566 -0.020584349280035906 -0.078070130255062056 -0.048791511957482055 0.028993934292495284 0.017431876887622492 0.15893016780807617 0.11776170101089438 -0.33553334500078713 -0.053930024350782819 0.0064412335879440912 -0.34440750204809645 0.19434884623842366 -0.10670776995400261 -0.032708900927437543
leaf_weight=1970.25 4632.5 13850 17113.75 2444.75 13153.5 7258.25 2399 1974 6723.5 10656 757.75 75 115 2864 2663 4701 12432.5 6288.75 12470 12643 20626.5 2257 14646.25 281.75 21000.25 5560.25 235 1432 9219.5 25514.25
leaf_count=2598 6290 18557 18907 6482 17487 7289 2399 7896 8573 16500 760 75 115 2864 2663 4701 18818 7983 19706 15514 35625 2860 17212 341 29044 8612 235 1432 14225 33159
internal_value=-0.000327014 0.0263821 0.012011 -0.0454675 0.000661315 -0.0147731 -0.0768901 -0.00129214 -0.00998678 -0.0717925 -0.0562394 0.0805558 -0.0470468 -0.0529026 0.0338559 0.0896604 0.0177915 0.00404621 -0.000266603 0.00992895 -0.00752017 0.0486858 0.0874037 -0.026355 -0.0348796 0.0183977 0.0322406 0.0449472 -0.0602018 -0.0459761
internal_weight=237958 149501 121004 88457.5 103816 70865.8 12636.2 58229.5 37677.5 50780 40124 17188.8 10237.2 10122.2 32950 7364 25586 56259.2 54285.2 47996.5 33096.5 14900 28496.2 30954 28509.2 7509 7227.25 6992.25 39366.2 30146.8
internal_count=328922 203269 167500 125653 148518 104849 12667 92182 54719 70934 54434 18982 10268 10153 43669 7364 36305 89584 81688 73705 55331 18374 35769 46146 39664 10620 10279 10044 53674 39449
cat_boundaries=0 1 2 3
cat_threshold=4 8 4
is_linear=0
shrinkage=0.04


Tree=53
num_leaves=31
num_cat=3
split_feature=1 21 0 21 21 23 46 25 14 16 5 19 21 0 43 27 42 17 0 11 23 23 9 24 15 21 5 9 20 31
split_gain=173568 89019.7 45404.2 34643.7 29200.8 35891.6 31093.1 24447.9 23475.6 20699.8 18797.1 18377.9 18187.2 17942.2 17482.4 15273.9 16048.4 16907.3 15030.4 14598.3 15464.9 14425.4 13831.9 13455.8 13758.8 13504.6 13223.8 17104 13064.5 12533
threshold=2.2749999761581425 67.991352081298842 3.1049998998641972 69.559341430664077 77.35693740844728 1.0067822337150576 0 83.625000000000014 77.609996795654311 1.5000000000000002 26.500000000000004 5.0000000000000009 79.866088867187514 2.745000004768372 1 1.0000000180025095e-35 2 3.5000000000000004 2.4850000143051152 0.25812315940856939 1.2302520871162417 1.0527035593986513 16.500000000000004 0.038812935352325446 2.5000000000000004 88.269744873046889 33.500000000000007 15.500000000000002 184.00000000000003 69.244419097900405
decision_type=8 10 10 10 10 10 1 2 8 2 2 8 10 8 9 2 9 10 10 8 10 10 2 10 2 10 2 2 2 10
left_child=3 8 4 26 5 -3 11 -8 14 12 21 -7 15 29 -2 16 17 -5 -13 -16 -21 -9 -11 24 25 -6 27 28 -1 -10
right_child=1 2 -4 9 23 6 7 10 13 22 -12 18 -14 -15 19 -17 -18 -19 -20 20 -22 -23 -24 -25 -26 -27 -28 -29 -30 -31
leaf_value=-0.067245912099091643 -0.18871191244371388 0.18504335519742682 0.097763926285763039 -0.097534208714553081 0.092245384500892924 0.2004708077532559 0.084055993762493134 -0.093069745780771179 -0.0093668285176116174 -0.066898065688369202 0.051297338528140626 -0.05502692904147783 0.071332575782557209 0.022319877501632661 -0.011782909701553353 0.045387454755917947 0.0071183030548871654 -0.012766728945312953 0.0051735412355105098 -0.14365909195593363 0.066521773502330059 0.0073251155018035953 -0.25732498724795705 0.17589608585123512 0.030135989481890346 0.3038553530012994 -0.046195576949129839 -0.20000480782356406 -0.15188382091867195 -0.080203168409919381
leaf_weight=19982.5 1599.5 2054.25 21745.5 8098.25 6008.5 608.75 12851 3256.5 12876 2446.25 11126.25 11952.25 3985.75 21369 6832 4850.25 10026.5 7035.5 14916 3310.5 673.5 7709 812.75 2068.5 7615.25 524 20558.25 2053.5 3417.25 5794.25
leaf_count=25903 2879 6939 25473 10133 7177 635 20417 3405 25647 2855 11598 15589 4459 34881 12472 6843 12335 8918 18117 7722 684 7829 977 2130 8240 536 27930 3405 5518 7349
internal_value=-0.000270915 0.0247663 0.046466 -0.0468442 0.0326405 0.0205719 0.0151561 0.0401901 -0.0176098 -0.0181702 0.01467 -0.01668 -0.00893688 -0.00270823 -0.0656622 -0.0195998 -0.0321291 -0.0581305 -0.0216073 -0.0472311 -0.108119 -0.0224952 -0.114454 0.0806194 0.0666775 0.109264 -0.0700604 -0.089333 -0.0796124 -0.031354
internal_weight=238157 154890 102436 83266.8 80690.2 64474 62419.8 34942.8 52454.8 37255.2 22091.8 27477 33996.2 40039.2 12415.5 30010.5 25160.2 15133.8 26868.2 10816 3984 10965.5 3259 16216.2 14147.8 6532.5 46011.5 25453.2 23399.8 18670.2
internal_count=328995 219719 128085 109276 102612 84529 77590 43249 91634 46520 22832 34341 42688 67877 23757 38229 31386 19051 33706 20878 8406 11234 3832 18083 15953 7713 62756 34826 31421 32996
cat_boundaries=0 1 2 3
cat_threshold=8 4 16
is_linear=0
shrinkage=0.04


Tree=54
num_leaves=31
num_cat=3
split_feature=1 0 46 26 22 14 30 42 23 19 33 0 5 46 19 19 22 32 5 16 35 7 17 23 25 24 20 25 32 32
split_gain=159635 71907.1 35779.7 39370.4 33318 28844 35045 28181.8 28179.8 25862.3 22158.2 20164.7 19854.7 16402.4 15791.3 15089.1 19696.7 14956.8 14770.4 14226.6 13966.9 12938.9 12764.6 12564.2 12489.4 15005.6 12261.8 12225.9 13137.7 13104.9
threshold=2.2749999761581425 2.8750000000000004 0 1.5000000000000002 0.13668338954448703 93.229999542236342 0.11213543638586999 1 1.0067822337150576 5.0000000000000009 2.6803091764450078 3.5049999952316289 28.500000000000004 2 10.500000000000002 163.50000000000003 0.022006942890584472 1.3257212042808535 33.500000000000007 1.5000000000000002 14.250000000000002 66.500000000000014 4.5000000000000009 1.0350038409233095 275.25000000000006 0.077221378684043898 141.00000000000003 283.12500000000006 1.0479733347892763 1.1322394609451296
decision_type=8 10 1 2 10 10 10 9 10 8 10 10 2 1 8 8 10 10 2 2 2 2 10 10 2 10 2 2 10 10
left_child=4 2 8 15 7 6 22 18 -2 -10 -7 -3 14 17 -11 20 23 -6 24 26 -4 -20 -5 -17 25 -1 -9 28 -16 -29
right_child=1 11 3 5 13 10 -8 19 9 12 -12 -13 -14 -15 27 16 -18 -19 21 -21 -22 -23 -24 -25 -26 -27 -28 29 -30 -31
leaf_value=-0.080753425814915056 0.080458543844296002 0.055169448062007805 0.041514147960438341 -0.045846582918373881 -0.13014436096416679 0.029187985832936091 -0.19856395994563258 -0.032886192831392526 0.17629958414096183 0.022324764806807843 0.46047138197858234 0.13702990547498564 -0.0043631385048976167 -0.062818702770888149 -0.12037831486351518 0.077686418975233928 -0.0029297047769313461 -0.46323349186274138 -0.0011651245395029718 -0.086807747313361952 0.10149536185050555 -0.065261417390995363 0.12901013410929221 0.33506111375496722 -0.13144941407699304 0.0071436695784344454 0.034663367870747676 -0.17637966034515554 -0.038364754528869879 0.064345545308030841
leaf_weight=11712 3954.5 44591.5 18000.75 5570 6541.5 4280 2631.25 6044.25 936.25 3103.25 198.5 5397.25 17457.25 11636 4278 3067.25 15727.75 222.25 12623.5 2444 9485.5 8386.25 758 336 4730.75 4229.5 14889.25 2833 11596.5 414.25
leaf_count=17424 14033 58471 23736 15422 9774 7484 2656 7161 1006 4874 200 6508 21526 15278 4959 3245 21232 223 16168 3089 11527 10853 2648 336 4739 4654 20233 2833 16251 415
internal_value=0.000482209 0.0245466 0.00569127 0.025843 -0.0440993 -0.0344777 -0.0759089 -0.0306579 -0.0214598 -0.0313842 0.0484031 0.0640105 -0.0362886 -0.0916221 -0.0613638 0.0432313 0.0159521 -0.141157 -0.0503733 0.00449507 0.0622167 -0.0267519 -0.0248837 0.103189 -0.0743777 -0.0574339 0.0151586 -0.0749463 -0.0604729 -0.145659
internal_weight=238076 154617 104628 60055 83459.2 13437.8 8959.25 65059.5 44573 40618.5 4478.5 49988.8 39682.2 18399.8 22225 46617.2 19131 6763.75 41682 23377.5 27486.2 21009.8 6328 3403.25 20672.2 15941.5 20933.5 19121.8 15874.5 3247.25
internal_count=328958 219362 154383 88486 109596 28410 20726 84321 65897 51864 7684 64979 50858 25275 29332 60076 24813 9997 53838 30483 35263 27021 18070 3581 26817 22078 27394 24458 21210 3248
cat_boundaries=0 1 2 3
cat_threshold=8 16 8
is_linear=0
shrinkage=0.04


Tree=55
num_leaves=31
num_cat=0
split_feature=0 21 17 1 9 21 22 25 11 21 21 19 1 24 0 19 11 24 19 20 23 2 19 25 25 19 5 24 21 35
split_gain=150564 65605.4 36279.5 33740.7 33507.9 26841.6 30835.6 23806.2 22282.4 19364.4 18806.2 26787.3 17761 17538.6 16536.8 16167.3 18623.7 15229.3 14726.1 18184.9 14480 14361 13777.8 13253.4 23334.5 18361.6 26198.5 17715.1 17318.6 17047.1
threshold=2.2749999761581425 71.822978973388686 4.5000000000000009 2.9150000810623173 3.5000000000000004 82.929309844970717 0.075356248766183867 35.125000000000007 0.50077882409095775 75.10739898681642 62.218965530395515 49.500000000000007 2.6450001001358037 0.018213074654340747 1.0000000180025095e-35 23.000000000000004 0.073727350682020201 0.23999456316232684 10.500000000000002 159.00000000000003 1.2191055417060854 -2.9150000810623165 59.500000000000007 503.87500000000006 306.87500000000006 163.50000000000003 17.500000000000004 0.077221378684043898 63.80848693847657 9.2500000000000018
decision_type=8 10 10 10 2 10 10 2 10 8 8 10 10 8 10 10 10 10 8 2 10 8 10 2 2 10 2 8 8 2
left_child=2 3 4 10 18 7 -7 -3 -6 -4 11 -2 -9 15 -10 16 -11 -13 19 -1 23 -20 -17 24 27 26 -26 -12 -29 -25
right_child=1 5 9 -5 8 6 -8 12 14 13 20 17 -14 -15 -16 22 -18 -19 21 -21 -22 -23 -24 29 25 -27 -28 28 -30 -31
leaf_value=-0.068541314630871306 -0.19760884961970956 0.11417798037050746 -0.011691559459236103 0.048254129508716603 -0.067727335895985577 0.16155833877021036 -0.6027151207702105 0.016879217398567702 -0.35061196915913156 0.083502758807520727 -0.025114840298107663 -0.067192358200448499 0.068848579408671326 0.18234795864773914 -0.12519157549847068 0.2842002296040847 -0.77337003548200745 0.086242324417974248 0.31012795343108668 0.10156377920411372 0.098547288731041655 -0.034465758059383803 -0.00077914122085052506 -0.091584732352675877 -0.13672292486655363 -0.11961023805064379 0.091174794158889058 -0.076138720874609794 0.03685408330265863 0.066352489071016915
leaf_weight=1491.25 1935.25 7939 10598.75 21645 40910.5 4844.5 85 24937.25 727.5 76.5 24126 3543.25 18202.25 1839 1833.5 323 85 1461 194 3082.5 2212 25331.5 1673 1295.5 1344 5271 2017 2437.75 19722.25 6983.25
leaf_count=2224 2647 10675 14921 28764 57058 4990 85 29198 1143 78 40578 5065 20963 3411 3020 524 88 1554 248 4740 2347 35551 2165 1297 1344 5334 2017 3715 36256 7005
internal_value=0.000477868 0.0248606 -0.0410054 0.00444022 -0.0524339 0.0591295 0.148259 0.0505249 -0.0748961 0.016602 -0.00866837 -0.0712745 0.0388083 0.0916219 -0.18934 0.0142387 -0.369442 -0.0223877 -0.019991 0.0460981 -0.00202517 -0.0318346 0.0454545 -0.00554695 -0.0126593 -0.0730322 2.80787e-05 -0.00139881 0.0244211 0.0416291
internal_weight=238167 150001 88166 93993.2 73570.8 56008 4929.5 51078.5 43471.5 14595.2 72348.2 6939.5 43139.5 3996.5 2561 2157.5 161.5 5004.25 30099.2 4573.75 65408.8 25525.5 1996 63196.8 54918 8632 3361 46286 22160 8278.75
internal_count=329005 203834 125171 137923 103984 65911 5075 60836 61221 21187 109159 9266 50161 6266 4163 2855 166 6619 42763 6964 99893 35799 2689 97546 89244 8695 3361 80549 39971 8302
is_linear=0
shrinkage=0.04


Tree=56
num_leaves=31
num_cat=2
split_feature=0 21 46 1 37 0 46 11 21 26 20 25 25 19 20 38 21 1 4 0 38 21 0 21 25 15 25 19 5 25
split_gain=140623 77442 42917 33255.4 29555.5 25207.5 21225.7 19968.3 16191 15723.1 21379.7 17343 18081.6 15013 14899.7 14712.2 14703.8 14562.6 14124 13420.7 13380 12776.7 12648.6 12486.1 12757.2 13698.9 12323.6 24005.5 13888.5 12807.4
threshold=2.7549999952316289 70.589294433593764 0 1.9550000429153445 69.68302154541017 3.2549999952316289 1 0.23540768027305606 89.845905303955092 1.5000000000000002 110.00000000000001 688.25000000000011 541.75000000000011 7.5000000000000009 141.00000000000003 1.0196546316146853 65.274761199951186 3.054999947547913 3.6450001001358037 1.7050000429153445 1.0020086169242861 82.007011413574233 2.0949999094009404 82.352401733398452 503.87500000000006 3.5000000000000004 444.87500000000006 167.50000000000003 19.500000000000004 159.37500000000003
decision_type=10 10 1 8 8 10 1 10 10 2 2 2 2 10 2 10 8 10 2 10 10 10 10 10 2 2 2 8 2 2
left_child=1 3 7 -1 8 16 20 17 15 11 -11 12 -8 -6 -12 -4 -2 21 -7 -17 -5 26 -15 24 25 -18 27 -3 -28 -29
right_child=5 2 4 6 13 18 9 -9 -10 10 14 -13 -14 22 -16 19 23 -19 -20 -21 -22 -23 -24 -25 -26 -27 28 29 -30 -31
leaf_value=-0.073566213624050414 -0.025401554239455976 0.069915742236636533 0.18349788760809665 0.027610509055390215 0.056409717139715314 0.082055183306870311 0.0020863311227314668 -0.037553429831554588 0.31768704246196089 -0.25288824039358149 0.085720937028032615 -0.22575986350080846 0.12375190584090753 -0.091405401938657968 -0.055128740836730306 -0.05416281415372709 0.040155172092860909 0.25039168115536492 0.24468680084674879 0.042165138938721355 -0.061153727510688614 0.14838775216993788 -0.027868470421489992 0.13806750232370915 0.09396234391256067 -0.026422521035383655 -0.05136068745687896 0.033259469074993428 0.17076438340994921 -0.076503506702753785
leaf_weight=33174.25 5749.5 13076.5 906 3039 2379.75 16911 29926.75 3577.5 316 771.5 1413 506 2090 7551.5 8003.5 3162.25 29327.5 648 899.25 8620.25 25601.5 2295 14915 2089.25 5591 5946.75 560 3334.25 2291 3470
leaf_count=45046 7653 14845 3465 12009 2982 21339 41431 4305 316 1133 2562 506 2090 9047 20770 4225 40402 699 951 11531 34090 2319 17696 2138 5591 8562 560 5096 2291 3470
internal_value=0.000185607 -0.0189495 0.014585 -0.0404779 -0.0135369 0.0495601 -0.0250928 0.0509724 0.0353181 -0.00722697 -0.0505864 0.00635671 0.0100322 -0.0391081 -0.0339862 0.028261 0.0346679 0.0633087 0.0902801 0.0163094 -0.0517343 0.0584547 -0.049228 0.0427087 0.0378301 0.0289306 0.0493687 0.0382113 0.12713 -0.0227194
internal_weight=238143 171628 67103 104526 37850.8 66514.2 71351.2 29252.2 13004.5 42710.8 10188 32522.8 32016.8 24846.2 9416.5 12688.5 48704 25674.8 17810.2 11782.5 28640.5 25026.8 22466.5 42954.5 40865.2 35274.2 22731.8 19880.8 2851 6804.25
internal_count=329120 242484 82847 159637 49262 86636 114591 33585 19537 68492 24465 44027 43521 29725 23332 19221 64346 29280 22290 15756 46099 28581 26743 56693 54555 48964 26262 23411 2851 8566
cat_boundaries=0 1 2
cat_threshold=4 8
is_linear=0
shrinkage=0.04


Tree=57
num_leaves=31
num_cat=4
split_feature=1 21 1 21 46 0 21 25 21 22 19 14 43 20 24 1 23 0 23 32 43 21 19 5 25 25 46 6 11 25
split_gain=132117 62270 38655.2 33207.5 26683.2 22778.1 21748.8 19444.8 20525.9 21746.6 19251.2 30998.5 22446.2 19527.4 18706.8 17520.1 17359.6 17339.1 16260 15804.6 18381.9 14738.5 20053.4 14671.8 14521.1 20436.2 16209.7 14283.3 13239.3 13222
threshold=2.5849999189376835 73.020957946777358 1.9550000429153445 79.119747161865249 0 2.9550000429153447 62.218965530395515 20.125000000000004 82.929309844970717 0.059457767754793174 167.50000000000003 90.045001983642592 1 79.000000000000014 0.23999456316232684 3.1950000524520878 1.0111154317855837 3.3349999189376835 1.3290641903877261 1.0194588899612429 2 65.406696319580092 36.000000000000007 31.500000000000004 503.87500000000006 270.12500000000006 3 198.25000000000003 0.28139615058898931 377.37500000000006
decision_type=10 10 8 8 1 10 8 2 10 10 8 10 9 2 10 10 10 8 10 10 9 8 10 2 2 2 1 2 10 2
left_child=1 2 -1 4 5 -2 14 -3 28 19 11 13 -13 -8 -4 -6 27 -14 -16 -10 -21 -19 -23 -15 25 -12 -26 -5 -9 -20
right_child=3 7 6 16 15 -7 10 8 9 -11 24 12 17 23 18 -17 -18 21 29 20 -22 22 -24 -25 26 -27 -28 -29 -30 -31
leaf_value=-0.065053286113361669 -0.016471782266739638 0.13676413165074677 -0.11146106203565241 0.041910308085866231 0.045601202255370156 0.054088972822632878 -0.17572121439316546 0.013373985119689581 -0.39299116361080999 -0.48064263284553604 -0.025512856843561662 0.17611338059131576 0.00080074744511037205 -0.028887502455236712 0.19814066125977117 0.11479217020733878 0.16720741544780487 0.24425068660119412 -0.11407098243570156 0.23066250729426865 0.059677843196701608 -0.046983609833413667 0.17078216485204739 0.027712949831871118 0.12958740060420273 -0.1111353990410279 -0.036019074850132705 -0.47342369329411055 -0.071620071027990631 0.20546891288833269
leaf_weight=42482 19913.25 2262 6475.75 1330.5 27974.75 11573.5 1192 30672.5 98 102 13315.5 2038.5 8287.5 23279.25 624.75 7405.75 4948.75 916.5 1035.25 1523.75 2994.75 1393.5 1313.5 10692.5 1567.25 6706.25 2381.25 91 3241.25 258
leaf_count=56681 29160 3270 9625 1344 34595 14497 1885 36992 107 102 29364 3969 11577 38778 666 8677 5443 1272 1111 1709 3003 2142 1909 15815 1568 6737 2382 91 4199 258
internal_value=-0.000138858 -0.0199992 -0.0341193 0.0445652 0.0362504 0.00946481 -0.0179898 0.0228019 0.0161257 0.0942832 -0.0109855 0.00335676 0.0538091 -0.0166586 -0.0789666 0.060087 0.131824 0.0326888 0.0307436 0.107088 0.11802 0.10569 0.058704 -0.0110723 -0.0403709 -0.0541963 0.0297291 0.0086078 0.00524883 -0.050211
internal_weight=238091 164854 123959 73237.5 66867.2 31486.8 81477.2 40894.2 38632.2 4718.5 73083.5 49113.2 13949.5 35163.8 8393.75 35380.5 6370.25 11911 1918 4616.5 4518.5 3623.5 2707 33971.8 23970.2 20021.8 3948.5 1421.5 33913.8 1293.25
internal_count=328928 235121 185739 93807 86929 43657 129058 49382 46112 4921 117398 77347 20869 56478 11660 43272 6878 16900 2035 4819 4712 5323 4051 54593 40051 36101 3950 1435 41191 1369
cat_boundaries=0 1 2 3 4
cat_threshold=8 12 16 4
is_linear=0
shrinkage=0.04


Tree=58
num_leaves=31
num_cat=1
split_feature=1 21 19 21 21 22 20 21 14 11 5 19 22 25 10 46 25 10 24 20 25 25 5 25 25 19 32 14 2 21
split_gain=124204 71465.1 32224.8 27385.1 26072.8 25850.7 33173.9 25362.8 23100.8 26659.1 20906.5 30501.3 20563.8 23155.8 20416.2 19636.8 19039.1 18625.3 17923.8 17017.7 24214 21419.8 16336.5 14797 14579.8 14138.5 14110.9 13723.9 14403 13706.9
threshold=2.7549999952316289 69.559341430664077 64.000000000000014 59.264097213745124 84.378833770751967 0.2952589094638825 79.000000000000014 79.119747161865249 95.450000762939467 0.30637067556381231 31.500000000000004 167.50000000000003 0.022006942890584472 54.125000000000007 14.750000000000002 0 111.12500000000001 9.7500000000000018 0.035429764539003379 184.00000000000003 503.87500000000006 298.37500000000006 35.500000000000007 68.625000000000014 485.00000000000006 23.000000000000004 1.0491641163825991 88.36999893188478 2.4050000905990605 61.479637145996101
decision_type=10 8 8 10 10 10 2 10 8 8 2 10 10 2 2 1 2 2 10 2 2 2 2 2 2 10 8 10 8 10
left_child=1 3 8 25 10 6 -5 15 9 -3 17 18 -13 -14 19 -2 -11 26 -12 27 21 -21 -16 -10 -15 -1 -4 -8 -29 -30
right_child=7 2 4 5 -6 -7 14 -9 23 16 11 12 13 24 22 -17 -18 -19 -20 20 -22 -23 -24 -25 -26 -27 -28 28 29 -31
leaf_value=-0.25851413535750922 0.018055029630950667 0.035415369493832935 -0.08017556258187572 -0.18823310397471205 0.21553615705448306 0.24031130594403491 -0.020776740631830243 0.14053706326792495 0.17534428229114501 -0.0029626732457544015 0.013115710960866327 0.033815176133608058 0.14519157149848314 -0.10186861002472615 -0.092825154332402168 0.068847453009820453 -0.15829728772531784 -0.098826035750341074 0.15370685210939858 -0.042095931503412051 0.053283951152687775 -0.15295456075152861 -0.032283512966580247 0.06138138087728684 5.1562962196876265e-05 -0.095932530514779998 -0.0028208398391673696 -0.00078900603175429231 -0.089439907790731729 0.11702753738656264
leaf_weight=1049.75 23174.75 24198.5 4926 2260 796 540 24866 4862.5 2330.75 3234.75 2614.5 8461.25 897 6542.5 13208.75 25668 2069.75 6407.75 3259.75 9288.25 2840 3985 15502.25 8365.75 3419 4630.75 16112 8208 594.5 3788.75
leaf_count=1388 31886 32384 6465 3124 796 591 36041 5206 4403 7290 5193 13010 3300 9367 18389 31056 2078 9743 3517 16804 2840 4012 21653 8722 3419 6238 23258 10227 821 5717
internal_value=-0.000107621 -0.0156988 0.00881789 -0.0409914 -0.0115351 -0.0353131 -0.0370765 0.0534238 0.0358721 0.0176127 -0.0149729 0.0113375 -0.0129319 -0.0493587 -0.0329224 0.0447486 -0.0635915 -0.0391244 0.0911464 -0.018335 -0.0527072 -0.0753881 -0.0601386 0.0862282 -0.0668905 -0.126018 -0.0209364 -0.00354775 0.0304758 0.0890094
internal_weight=238102 184397 93635.2 90762 53435.8 85081.5 84541.5 53705.2 40199.5 29503 52639.8 25194 19319.8 10858.5 82281.5 48842.8 5304.5 27445.8 5874.25 53570.5 16113.2 13273.2 28711 10696.5 9961.5 5680.5 21038 37457.2 12591.2 4383.25
internal_count=328938 260790 132945 127845 78068 120219 119628 68148 54877 41752 77272 37806 29096 16086 116504 62942 9368 39466 8710 76462 23656 20816 40042 13125 12786 7626 29723 52806 16765 6538
cat_boundaries=0 1
cat_threshold=8
is_linear=0
shrinkage=0.04


Tree=59
num_leaves=31
num_cat=2
split_feature=4 4 14 11 17 4 7 19 4 12 28 32 26 11 15 30 20 33 15 14 4 23 19 43 19 42 19 8 31 33
split_gain=118732 76445.5 40012.8 39874.9 37695.6 28514.2 22570 32571.8 21565.3 22288.5 20379.5 20883.4 26234.8 19608 18283.1 15524.8 15275.6 14739.5 14719.5 13620.4 13051.1 12805.8 11757.5 19979.8 11433.6 11236.3 10917.4 10793.8 12290.1 10782.8
threshold=2.4550000429153447 1.0000000180025095e-35 92.005001068115249 0.75110620260238659 4.5000000000000009 3.1049998998641972 26.500000000000004 10.500000000000002 2.2350000143051152 2.5000000000000004 4.5000000000000009 1.1386471390724184 1.5000000000000002 0.50077882409095775 3.5000000000000004 0.13090645521879199 177.50000000000003 1.4324550032615664 3.5000000000000004 64.520000457763686 3.6450001001358037 1.0077174901962282 167.50000000000003 0 167.50000000000003 1 55.000000000000007 29.500000000000004 72.393676757812514 2.6803091764450078
decision_type=2 2 10 8 10 2 2 8 2 8 2 10 2 10 2 10 2 8 2 10 2 10 10 9 8 9 10 2 10 10
left_child=1 2 3 -1 8 6 7 -2 9 -3 17 15 16 24 29 -12 -13 -5 -9 -14 -7 -6 23 -23 -11 -10 -20 -15 -29 -4
right_child=5 4 14 10 21 20 -8 18 25 13 11 12 19 27 -16 -17 -18 -19 26 -21 -22 22 -24 -25 -26 -27 -28 28 -30 -31
leaf_value=0.029960084765322359 0.094974287303363186 -0.0069147079731036063 0.070103450722167115 0.096259711721070215 0.10655803767349489 0.07368306647958775 0.04435231039739837 -0.0039368275648424614 -0.041013442318742835 -0.059200387382327885 -0.059749846237965337 0.18634049127039487 -0.43310652444592801 0.3823354295730591 -0.021659477121663284 -0.19419687230562127 -0.066655860445055476 -0.39539466656090277 -0.38215560402499882 -0.062420443225775071 0.2313516413671331 -0.098346942094104051 -0.037691599565659685 0.058020554692006093 -0.10275939009928552 0.011795462466340605 -0.068275361768568368 -0.20608305020870951 -0.6584966477069718 0.21806825312410283
leaf_weight=13822.5 4595.75 8931 17497.5 121.25 2029 17567 40323.25 17940 18565.5 35091.25 4736.75 1374.25 201 45.25 3614.25 1935.75 528 491 182.5 740.5 881.5 1576.25 7302.5 7430.75 13298.75 9874.75 5309 1311.25 103 824.5
leaf_count=17691 6860 13089 22140 131 6088 21788 54616 23382 25824 47470 8948 1891 201 76 5316 3219 549 668 196 742 937 1952 9983 9956 20855 13720 7205 2419 130 1210
internal_value=-0.000198188 -0.0215758 0.0215269 -0.0142193 -0.0403129 0.0371012 0.0251895 -0.00238079 -0.0512733 -0.0651082 -0.0745089 -0.0600984 0.0306598 -0.0755336 0.0605553 -0.0987779 0.116117 -0.298023 -0.021479 -0.141938 0.0812291 0.0118161 2.35849e-05 0.0306027 -0.0711734 -0.0226777 -0.078775 -0.219947 -0.239477 0.0767737
internal_weight=238246 151446 45887.2 23951 105559 86799 68350.5 28027.2 87220.8 58780.5 10128.5 9516.25 2843.75 49849.5 21936.2 6672.5 1902.25 612.25 23431.5 941.5 18448.5 18338.5 16309.5 9007 48390 28440.2 5491.5 1459.5 1414.25 18322
internal_count=329252 214268 62706 34040 151562 114984 92259 37643 123583 84039 16349 15550 3383 70950 28666 12167 2440 799 30783 943 22725 27979 21891 11908 68325 39544 7401 2625 2549 23350
cat_boundaries=0 1 2
cat_threshold=136 16
is_linear=0
shrinkage=0.04


Tree=60
num_leaves=31
num_cat=2
split_feature=1 21 1 21 21 24 24 14 22 5 21 20 19 14 25 24 4 21 21 39 5 46 5 25 20 15 43 15 25 25
split_gain=106411 62665.4 31796.5 25098 22512.4 24998.2 22407.1 19616.4 17583.5 20622.3 15543.9 17287.2 17072.7 16201.8 20097.4 14890.5 14818.2 14804.6 14375.8 14211.9 13285.1 12331.2 12233.8 20484.1 25423.2 22800.8 13490 12109.7 11721 11461.4
threshold=2.2749999761581425 67.874050140380874 3.0849999189376835 70.163589477539077 77.35693740844728 0.0056790886446833619 0.034459771588444717 67.520000457763686 0.077872097492218031 36.500000000000007 62.218965530395515 184.00000000000003 7.5000000000000009 89.270000457763686 324.62500000000006 0.23999456316232684 2.5149999856948857 62.550901412963874 59.264097213745124 0.95035213232040416 35.500000000000007 0 30.500000000000004 314.12500000000006 218.00000000000003 3.5000000000000004 1 5.5000000000000009 77.125000000000014 32.125000000000007
decision_type=8 10 10 10 10 10 10 8 8 2 10 2 10 10 2 10 2 10 10 10 2 1 2 2 2 2 9 2 2 2
left_child=3 7 4 -1 5 -3 -7 -2 -9 10 12 13 -10 14 -12 -14 19 -13 -17 28 -21 -19 23 24 -8 -25 -26 -6 -5 -28
right_child=1 2 -4 16 27 6 22 8 9 -11 11 17 15 -15 -16 18 -18 21 -20 20 -22 -23 -24 25 26 -27 29 -29 -30 -31
leaf_value=-0.054795277418530984 -0.10033701434389729 0.16258395733211839 0.083829170007283571 0.016512849934112197 0.069878826624561588 -0.025072522823438411 0.013515405978319685 -0.076919813582948846 0.20907290923527089 0.040749040894051902 0.0143873880885833 0.25838771066088112 -0.091300181493545018 0.088106080019169322 -0.21249265599384981 -0.060589765166859683 0.07845346461899641 -0.12509032754916283 0.20035949895561905 -0.018817535517232694 0.056470052997147649 -0.014298364825543123 0.05662501900278797 -0.018966935218875814 0.32099750417293171 -0.22955267069408788 -0.057404914359765712 -0.34066322089966633 -0.067886721122060137 0.14694191471301635
leaf_weight=49765.75 4124.75 1812.25 19139.25 3481.75 17322 18595.25 22635.25 5462.25 361.5 13210.5 6739.75 240.5 8112 4723.75 687.5 790.25 2775 2755.25 588.5 10877 5722 3857 14990.75 4608 525.5 1000.5 578.75 114.75 10790 1813.5
leaf_count=67744 7919 6088 23475 5938 19209 24521 29284 7242 1257 22821 10987 254 20991 6733 695 839 3258 4940 590 13481 7384 4895 17378 4608 719 1023 587 129 11711 2508
internal_value=-0.000334649 0.0192909 0.0373023 -0.0367543 0.0266999 0.0161002 0.0119977 -0.016672 -0.00940914 -0.000641305 -0.019591 0.00154767 -0.0603613 0.0301975 -0.0066389 -0.0706454 -0.0100687 -0.0492493 0.0508543 -0.0180285 0.00713717 -0.0604767 0.026934 0.0126492 0.0278431 -0.0565683 0.13895 0.0671575 -0.0472965 0.0970942
internal_weight=238201 154789 103136 83411.5 83996.5 66559.8 64747.5 51653.5 47528.8 42066.5 28856 19003.8 9852.25 12151 7427.25 9490.75 33645.8 6852.75 1378.75 30870.8 16599 6612.25 46152.2 31161.5 25553 5608.5 2917.75 17436.8 14271.8 2392.25
internal_count=329208 219692 129529 109516 106054 86716 80628 90163 82244 75002 52181 28504 23677 18415 11682 22420 41772 10089 1429 38514 20865 9835 56107 38729 33098 5631 3814 19338 17649 3095
cat_boundaries=0 1 2
cat_threshold=8 12
is_linear=0
shrinkage=0.04


Tree=61
num_leaves=31
num_cat=0
split_feature=4 4 17 14 11 21 28 32 26 4 12 20 11 4 12 15 21 21 22 15 22 24 24 30 21 33 14 29 10 20
split_gain=103512 68261 34054.2 32573.3 33040 31929.9 22574.3 20723.2 20899.8 19492.5 19706.9 19126.7 18149.2 17049.2 19380.3 21267.8 23312.5 16547.7 19518.2 15930.4 15498.8 14072 13601.6 13248.9 13079.7 12491.6 12233.4 11654.3 11389.2 11437.5
threshold=2.4550000429153447 1.0000000180025095e-35 4.5000000000000009 94.430000305175795 0.75110620260238659 74.36978912353517 4.5000000000000009 1.1403846740722658 1.5000000000000002 2.2350000143051152 2.5000000000000004 177.50000000000003 0.50077882409095775 3.435000061988831 4.5000000000000009 3.5000000000000004 73.864875793457045 79.661323547363295 0.059457767754793174 3.5000000000000004 0.05672194994986058 0.021311569027602676 0.0380149893462658 0.13090645521879199 88.269744873046889 1.4779901504516604 64.020000457763686 16.750000000000004 2.5000000000000004 79.000000000000014
decision_type=2 2 10 10 8 8 2 10 2 2 8 2 10 2 10 2 10 8 10 2 10 10 10 10 10 8 10 2 2 2
left_child=1 3 9 4 -1 13 25 23 11 10 28 -9 -12 14 15 -2 20 -4 21 -5 -17 -19 24 27 -7 -6 -10 -8 -3 -30
right_child=5 2 17 19 6 22 7 8 26 -11 12 -13 -14 -15 -16 16 -18 18 -20 -21 -22 -23 -24 -25 -26 -27 -28 -29 29 -31
leaf_value=0.031863928790999599 0.0060641969878199855 -0.090227060520054719 -0.0030438826423611325 0.080018266593381765 0.083602791434052595 0.052232615549379746 -0.10969797882933775 0.19823967965120762 -0.39693796894274735 -0.02137260705766561 -0.067345274472959529 -0.073928657560754646 -0.21066392774994241 0.1197211101405532 0.032702530642844313 0.049691873079208124 -0.48526144722065712 0.087434646881032488 -0.51966957752328169 -0.019341912303930092 -0.1140290680009452 0.35535158923822546 0.13809325864230368 -0.1621827651603821 0.20381215782817005 -0.37050508090938999 -0.035874462255315778 -0.0012637461701753016 -0.10549720411105754 0.039303837228485787
leaf_weight=15684.5 17868.5 2025.5 15966.25 14723.5 118.5 18952.75 2717.5 1448 185 28453.75 48209.25 577.25 1455.75 2595 37464.5 1276 224.75 1881.75 75 3130.25 3358.75 375.75 4284 2088.75 956 523 780.25 3806.75 1025 5844
leaf_count=20231 23909 3347 23305 18523 132 27214 6355 2024 185 39544 68142 605 2616 2964 49025 1609 266 4059 120 4499 4687 393 4461 3468 962 709 781 5063 1328 8394
internal_value=-0.000364451 -0.0203761 -0.038103 0.0203998 -0.00657594 0.0343979 -0.0558121 -0.0430282 0.0476786 -0.0485338 -0.0617307 0.120664 -0.0715504 0.0193536 0.0150246 -0.0141155 -0.0883038 0.0114971 0.110993 0.0625974 -0.068953 0.132167 0.07344 -0.0745247 0.0595214 -0.286615 -0.105419 -0.0464396 -0.00689723 0.0176837
internal_weight=238076 151095 105312 45783.2 27929.5 86980.2 12245 11603.5 2990.5 87013.2 58559.5 2025.25 49665 62787.5 60192.5 22728 4859.5 18298.8 2332.5 17853.8 4634.75 2257.5 24192.8 8613 19908.8 641.5 965.25 6524.25 8894.5 6869
internal_count=328920 213823 151248 62575 39553 115097 19322 18481 3595 123371 83827 2629 70758 82460 79496 30471 6562 27877 4572 23022 6296 4452 32637 14886 28176 841 966 11418 13069 9722
is_linear=0
shrinkage=0.04


Tree=62
num_leaves=31
num_cat=3
split_feature=1 21 46 38 0 19 21 25 21 24 25 46 25 42 19 1 19 5 29 21 21 25 4 20 25 11 19 24 25 15
split_gain=97571.9 61157.1 26056.4 26012 26199.4 24077.6 22706.2 21626.7 19956.6 20835.3 19127.5 20338.9 19403.8 18346.4 17350 17226.3 16853.4 18666.6 16638.4 16160 16141.8 15581.4 16255.5 15575.7 15009.5 14642.7 13681.5 13814.5 13248.2 15493.8
threshold=2.0649999380111699 69.559341430664077 0 1.0020086169242861 2.935000061988831 167.50000000000003 82.352401733398452 496.37500000000006 62.218965530395515 0.15704888105392459 408.87500000000006 1 396.25000000000006 2 49.500000000000007 2.6950000524520878 9.5000000000000018 28.500000000000004 16.250000000000004 65.338142395019545 70.163589477539077 306.87500000000006 2.7649999856948857 79.000000000000014 353.00000000000006 0.084764186292886748 167.50000000000003 0.092986833304166808 159.37500000000003 3.5000000000000004
decision_type=8 10 1 8 10 8 10 2 8 10 2 1 2 9 10 10 8 2 2 10 10 2 2 2 2 8 10 10 2 2
left_child=13 7 3 -3 16 15 10 8 14 21 12 20 28 -1 -2 -4 -5 -18 25 -11 -12 22 -10 -15 -23 -9 -26 -28 -7 -30
right_child=1 2 5 4 -6 6 -8 18 9 19 11 -13 -14 23 -16 -17 17 -19 -20 -21 -22 24 -24 -25 26 -27 27 -29 29 -31
leaf_value=-0.058695721712265336 -0.15848762510013706 0.19404520310591442 0.058997565389500253 0.061841468991759622 0.054585258586118658 0.036944167262804466 0.23208343081277236 0.028370308998411302 -0.018529063267743815 0.014502981600604115 -0.22881058052215875 -0.020533240063109203 -0.33805148414885522 -0.15436444659000448 -0.038162704942530226 0.12450241483922048 -0.059491416700283128 0.01101960053307652 0.080951991518274855 0.16967074422357201 0.16400886692177288 -0.12890509226132391 0.038659189151773569 -0.005790746369123587 0.062823950033372725 -0.13722026911883073 -0.12618066070220238 0.03250534857070659 -0.0044868642769487028 -0.13987918571530125
leaf_weight=40351.5 2634 1263.5 18460.25 4180 14037.5 7495.75 814.5 2860 38143.25 2848.5 176 1930 276 1191 7044.5 9854 12340.25 11703.75 6853.75 1723 3119 3480 10046.25 21355.25 1938.5 1217.25 2388 1387 5247 1821
leaf_count=52743 3846 5054 21956 5164 15530 12034 846 2860 75617 3603 176 1930 276 1332 10118 11414 14483 14121 6871 1786 3119 3480 18090 28481 1955 1224 2508 1387 5247 1821
internal_value=0.000190564 0.0155268 0.0378226 0.0152786 0.00992941 0.0577681 0.0251781 -0.00951126 -0.0175085 -0.00916315 0.0167677 0.0825776 -0.00640736 -0.0425477 -0.0709225 0.0817985 -0.0122817 -0.02517 0.0428928 0.073011 0.142962 -0.0157109 -0.00660617 -0.0136458 -0.0634288 -0.0210868 -0.0235319 -0.0678825 -9.92639e-05 -0.0393848
internal_weight=238180 175282 92718.5 43525 42261.5 49193.5 20879.2 82564 71633 61954.5 20064.8 5225 14839.8 62897.8 9678.5 28314.2 28224 24044 10931 4571.5 3295 57383 48189.5 22546.2 9193.5 4077.25 5713.5 3775 14563.8 7068
internal_count=329072 246516 113171 54352 49298 58819 25449 133345 122390 108426 24603 5225 19378 82556 13964 33370 33768 28604 10955 5389 3295 103037 93707 29813 9330 4084 5850 3895 19102 7068
cat_boundaries=0 1 2 3
cat_threshold=8 4 16
is_linear=0
shrinkage=0.04


Tree=63
num_leaves=31
num_cat=2
split_feature=0 21 46 1 0 24 35 19 11 6 21 24 21 5 24 25 20 25 46 21 24 25 15 19 22 25 22 10 4 22
split_gain=93909.1 42389.3 40488.5 24580.8 22656 20029.8 17265.9 17184.3 17548.5 16943.3 16574.8 15006.4 16680.7 14672.9 26098.1 16449.8 19292.3 14306.8 27186 13795.6 18634.4 13733.5 13677.9 13135.2 16284 15301 12584 12094.8 16353.9 12066.2
threshold=2.2749999761581425 69.559341430664077 0 2.7350000143051152 3.1350001096725468 0.0056790886446833619 14.750000000000002 5.0000000000000009 0.4706923514604569 88.250000000000014 67.825954437255874 1.0000000180025095e-35 77.35693740844728 22.500000000000004 0.027849436737596992 332.87500000000006 179.00000000000003 490.12500000000006 1 64.052120208740249 0.15205920487642291 468.75000000000006 3.5000000000000004 167.50000000000003 0.031230391003191475 217.37500000000003 0.20523230731487277 35.250000000000007 1.9450000524520876 0.07651377841830255
decision_type=8 10 1 10 10 8 2 8 10 2 10 8 10 2 10 2 2 2 1 8 10 2 2 10 10 2 10 2 2 10
left_child=2 9 5 6 11 10 27 -7 -9 19 -1 -3 13 14 22 16 -16 -11 -19 -2 26 -22 -13 24 -15 -26 -21 -4 -29 -14
right_child=1 4 3 -5 -6 7 -8 8 -10 17 -12 12 29 23 15 -17 -18 18 -20 20 21 -23 -24 -25 25 -27 -28 28 -30 -31
leaf_value=-0.051623342001121675 -0.063083785595721378 0.20284648737637376 -0.018187940912075515 0.11801369289382191 0.079221111717128603 0.15615897284045127 0.0210725847808826 -0.068912088555981757 -0.19592547935161914 0.0048115910145852779 0.12445614910185464 -0.07109625139062424 0.063278358923706965 -0.06109964189894386 -0.017519702141744559 -0.1215148763104168 0.070609062093460018 0.18230865196094365 0.007262129769764627 -0.019706764398100679 0.13031441033013927 -0.20791612961591704 -0.26774539914077655 0.0065014850193316114 0.057427638801570098 0.17909349656546447 0.24666875690898643 -0.15487106267161138 -0.030203697426184048 -0.40120065747102102
leaf_weight=1871.5 9467.5 773.5 25402 2334.75 17420.25 518.5 14699.5 32929.25 1837 22293.75 1573.75 2360 16159 1501.5 9650 1455 6756 2301.25 3703 27223 2150.75 210 744 13899.75 9305.5 2011 285.75 2693.75 4488.75 89
leaf_count=7480 13099 3094 34498 2727 19878 553 19885 41912 2491 35328 5197 2729 18019 1698 11876 1455 8580 2302 3703 47047 2474 210 945 17292 11350 2011 354 4076 6714 89
internal_value=0.000124666 0.019419 -0.0325808 -0.00865676 0.0387314 -0.0632299 -0.0149138 -0.0722184 -0.0756289 -0.00403092 0.0288193 0.0278293 0.0257085 0.0137808 -0.0112677 0.00733899 0.0187736 0.0195731 0.0743721 -0.0210112 -0.00767402 0.10015 -0.118304 0.0334358 0.0626402 0.0790626 -0.0169307 -0.0311483 -0.076975 0.0607093
internal_weight=238108 149760 88348.8 49618.8 82124.5 38730 47284 35284.8 34766.2 67635 3445.25 64704.2 63930.8 47682.8 20965 17861 16406 28298 6004.25 39337 29869.5 2360.75 3104 26717.8 12818 11316.5 27508.8 32584.5 7182.5 16248
internal_count=329066 203533 125533 67900 99016 57633 65173 44956 44403 104517 12677 79138 76044 57936 25585 21911 20456 41333 6005 63184 50085 2684 3674 32351 15059 13361 47401 45288 10790 18108
cat_boundaries=0 1 2
cat_threshold=8 4
is_linear=0
shrinkage=0.04


Tree=64
num_leaves=31
num_cat=0
split_feature=9 21 5 9 6 19 26 25 5 15 25 24 21 23 19 21 21 20 22 22 25 24 25 21 24 37 24 25 0 10
split_gain=86869 41681 31319.2 25312.8 23825.7 23351.7 24143.9 21303.1 19728.2 20654.2 19398.8 23516.9 17947.1 20381.4 17368.8 17168.4 17006.7 16780.3 25468.3 17938.4 17245.7 16616.1 16299.1 15786.4 18271 15513.9 14899.7 14042.7 13712.2 13748.4
threshold=2.5000000000000004 70.589294433593764 34.500000000000007 15.500000000000002 88.250000000000014 9.5000000000000018 1.5000000000000002 86.125000000000014 28.500000000000004 1.5000000000000002 283.12500000000006 0.32101716101169592 59.264097213745124 1.0970151424407961 59.500000000000007 78.335498809814467 63.421409606933601 179.00000000000003 0.09124972298741342 0.022006942890584472 709.87500000000011 0.064226783812046065 254.25000000000003 64.252674102783217 0.23999456316232684 71.045089721679702 0.05724680423736573 7.1250000000000009 0.43500000238418585 131.50000000000003
decision_type=2 10 2 2 2 8 2 2 2 2 2 10 8 10 8 10 8 2 10 10 2 8 2 10 10 10 10 2 8 2
left_child=1 4 3 14 10 6 -3 15 9 -7 12 25 -1 -14 16 -4 -2 18 -9 -19 22 -6 -20 24 -15 -12 -11 -28 29 -5
right_child=2 5 7 28 21 8 -8 17 -10 26 11 -13 13 23 -16 -17 -18 19 20 -21 -22 -23 -24 -25 -26 -27 27 -29 -30 -31
leaf_value=-0.11788889966355108 -0.11193168963107583 0.10819619631706888 0.024019276515350595 -0.2512262310086964 -0.0066415862745779555 0.16370355081683652 -0.087674661732515452 0.060105795465498442 0.057268337836896638 -0.013149591265567586 -0.032194108382505818 0.44385531364884873 -0.022961310335743255 -0.048527764273476465 -0.069120526258397874 0.20669378132057528 0.00066728735249751514 0.018356609776252399 -0.097204489095363583 -0.074056154823901238 -0.35146751271013882 0.056600684158080998 0.022524898031036366 0.061384240507759751 0.18985619636062315 -0.12808782287672418 -0.046236326915135843 0.078303052816921528 -0.11427964131289266 -0.87771639792987555
leaf_weight=2091.25 2508 11392.5 11326 726.5 11639.75 1340 1103.75 7296.75 24998.25 22950.25 7074.25 144 22040.5 4660.75 22038 886.75 14841.75 4491.75 3374.5 13341.75 281 15495.25 3945 11644 577.25 4365 1879.75 6306.5 3311 60
leaf_count=2797 3114 14544 28642 1184 17309 1460 1154 7614 29763 27352 7108 144 46366 7342 31053 1477 19224 4716 3979 14280 281 19921 3945 14575 587 4365 1924 6809 6017 120
internal_value=0.000235473 0.0188035 -0.0311985 -0.055399 -0.00096883 0.0413337 0.0908897 -0.00778243 0.0305578 0.00999647 -0.0166743 -0.0623824 -0.0037639 0.00237064 -0.0455531 0.0372992 -0.0156148 -0.0246044 0.00673158 -0.0507801 -0.0445102 0.0294731 -0.032679 0.0354427 -0.0222248 -0.0687937 0.00337631 0.0497033 -0.150009 -0.300078
internal_weight=238132 149703 88428.8 43485.2 79732 69971 12496.2 44943.5 57474.8 32476.5 52597 11583.2 41013.8 38922.5 39387.8 12212.8 17349.8 32730.8 14897.2 17833.5 7600.5 27135 7319.5 16882 5238 11439.2 31136.5 8186.25 4097.5 786.5
internal_count=329166 203520 125646 60712 120514 83006 15698 64934 67308 37545 83284 11617 71667 68870 53391 30119 22338 34815 15819 18996 8205 37230 7924 22504 7929 11473 36085 8733 7321 1304
is_linear=0
shrinkage=0.04


Tree=65
num_leaves=31
num_cat=3
split_feature=4 21 1 25 21 22 4 5 4 44 23 19 15 22 25 22 25 46 25 46 30 19 21 22 23 22 21 0 0 37
split_gain=79506.1 48270.1 29088.3 24233.3 19076 30537.6 17372.8 16442.2 17447.5 17826.8 15164.4 15663 14805.9 19534.3 16804.1 16499.8 13998.2 13491.2 11765.1 22700.4 17136.3 11579.4 11479.1 12099.6 11477.8 11078.7 10934 10882.1 10688.4 17383.8
threshold=2.7649999856948857 73.020957946777358 1.9550000429153445 20.125000000000004 82.007011413574233 0.07651377841830255 3.3850001096725468 36.500000000000007 1.235000014305115 0 1.0350038409233095 21.500000000000004 3.5000000000000004 0.043093513697385795 306.87500000000006 0.041870959103107459 275.25000000000006 1 408.87500000000006 2 0.056385887786746032 190.50000000000003 63.80848693847657 0.1810262203216553 1.0156050920486452 0.058587426319718368 66.600540161132827 0.92500001192092907 0.88499999046325695 69.304256439208999
decision_type=2 10 8 2 10 10 2 2 2 9 10 10 2 10 2 10 2 1 2 1 8 10 10 10 10 10 8 10 8 10
left_child=1 2 27 25 12 10 -2 8 9 22 28 -12 17 15 24 -14 -10 -5 20 -20 -9 -21 -4 -24 -15 -3 -22 -1 29 -6
right_child=6 3 7 4 5 -7 -8 18 16 -11 11 -13 13 14 -16 -17 -18 -19 19 21 26 -23 23 -25 -26 -27 -28 -29 -30 -31
leaf_value=-0.097795126265524779 0.038257422859318158 0.040532257387366821 -0.032992975869128985 -0.01537182300475785 -0.58195193131914691 -0.67455582962036131 0.11713144276712237 -0.060414013958788058 -0.028909142199289167 -0.12373561656829293 -0.042460689771047326 0.31866301409418823 -0.039643566343647622 -0.44542864528596404 -0.47833739106758094 0.4414185005444049 -0.090956664311558272 0.035912528099788114 0.13373445393876965 0.0313631909171894 -0.022720883547979864 -0.09890497673603324 0.018928744331579511 0.15205926238578804 0.00062787847572278778 0.20350597214072866 0.038474573165268748 -0.041997516603510358 0.075515203578533155 0.057734445142432263
leaf_weight=6642.75 42572.75 1113.5 6929.5 14142.75 105 84 4991.5 6456.75 31614.5 1678.5 255 776 3232.5 119 300 117.25 7129.25 19553.25 3264.25 5551 7641 1358 16406.25 1169.25 399.75 1667.25 12017.5 35379.75 5283.5 189
leaf_count=8622 55694 1190 13900 17679 117 84 5776 8508 53474 2538 255 776 3930 119 300 190 7142 23751 3265 5551 11130 1358 22923 1638 468 2838 22666 47418 5522 189
internal_value=0.000274139 -0.0112724 -0.0228452 0.0237452 0.0165938 0.0788426 0.046537 -0.0112303 -0.0232829 0.00194019 0.0885202 0.229387 0.00558953 -0.065516 -0.240536 -0.0226772 -0.0403287 0.0143877 0.0103342 0.0468234 -0.0038813 0.00574712 0.0105995 0.0277939 -0.102349 0.138286 0.0146886 -0.05082 0.0624438 -0.17191
internal_weight=238140 190576 143238 47337.8 44557 6692.5 47564.2 101216 64927.2 26183.5 6608.5 1031 37864.5 4168.5 818.75 3349.75 38743.8 33696 36288.5 10173.2 26115.2 6909 24505 17575.5 518.75 2780.75 19658.5 42022.5 5577.5 294
internal_count=329011 267541 210133 57408 53380 6943 61470 154093 101615 40999 6859 1031 46437 5007 887 4120 60616 41430 52478 10174 42304 6909 38461 24561 587 4028 33796 56040 5828 306
cat_boundaries=0 1 2 3
cat_threshold=12 8 4
is_linear=0
shrinkage=0.04


Tree=66
num_leaves=31
num_cat=3
split_feature=4 21 38 4 21 4 46 25 22 0 25 25 15 43 14 11 4 24 21 25 25 39 25 46 19 21 17 40 25 17
split_gain=77751.8 43658.2 28376.1 30525.5 25782.2 26367.9 16569.5 15898.8 19183.3 15783.1 15579.2 22293.1 19858 15919.5 14974 16414.5 14682.6 14435.3 25047.2 19233 18988.2 15244 14904.4 13888.8 13451.2 13275.8 12871.7 12586.7 17018.9 12511.2
threshold=2.7649999856948857 67.991352081298842 1.0020086169242861 1.0000000180025095e-35 88.269744873046889 2.2350000143051152 0 88.125000000000014 0.1248067505657673 1.735000014305115 688.25000000000011 503.87500000000006 3.5000000000000004 1 95.450000762939467 0.55588430166244518 3.5649999380111699 0.10706589370965959 63.80848693847657 421.50000000000006 30.125000000000004 3.4411590099334721 314.12500000000006 2 167.50000000000003 62.218965530395515 4.5000000000000009 0.17350859194993976 264.12500000000006 1.5000000000000002
decision_type=2 10 8 2 10 2 1 2 10 8 2 2 2 9 10 8 2 8 10 2 2 10 2 1 8 8 10 8 2 10
left_child=1 6 -3 14 5 7 9 26 -9 -1 11 12 13 -8 15 -4 25 20 19 21 -15 -19 -20 -7 -25 -2 -5 -17 -29 -24
right_child=16 2 3 4 -6 23 10 8 -10 -11 -12 -13 -14 17 -16 27 -18 18 22 -21 -22 -23 29 24 -26 -27 -28 28 -30 -31
leaf_value=-0.10329648263544602 -0.069728023020549576 0.15185449033423731 0.044465148856490833 -0.019635923131837225 0.16036984308823787 -0.017620185945013356 -0.10896140713720408 -0.053407466120198706 -0.27617130312208854 -0.03915449931173829 -0.20965151534258561 0.079519991506380241 -0.082467777242175896 -0.14161687883209964 0.073997305597978208 0.016420195510966486 0.16829276511236058 -0.01480828861564645 0.11312613382586069 -0.3548681701673741 -0.014286738234504008 0.25062718567697628 -0.18291161960396887 0.049360168800091718 -0.0084953209143909889 0.045805000950892717 0.098169691462314954 -0.064707276813501344 -0.38241032650664453 0.088063652646778345
leaf_weight=8960.5 1649.5 2036.5 10578.5 11968 1388.5 21839.75 2511.25 21999.5 635.5 19490.25 685.25 3487 7983.75 2311.25 10978 3333.5 1512.5 12243.5 5020.25 259 9886 355.25 555 15560 10956.5 44489.75 1693 2687 299 534
leaf_count=14578 2356 8146 12563 18256 1423 26351 4612 23033 664 29961 686 3487 13860 4064 12832 3872 1673 26042 6131 259 13864 371 555 19247 14195 57515 3889 3488 311 534
internal_value=4.63397e-06 -0.0114406 0.00389668 0.00125028 -0.0105356 -0.0133407 -0.0353816 -0.0391079 -0.0596739 -0.0593589 -0.0204961 -0.0176204 -0.0257531 -0.0123051 0.0376272 0.0139956 0.0456957 -0.00447665 0.0173527 -0.0143326 -0.0384244 -0.00730413 0.0840309 0.00600034 0.025455 0.0416731 -0.00502993 -0.0370071 -0.0966389 -0.0500741
internal_weight=237887 190236 115953 113917 86040.8 84652.2 74282.2 36296 22635 28450.8 45831.5 45146.2 41659.2 33675.5 27876 16898 47651.8 31164.2 18967 12857.8 12197.2 12598.8 6109.25 48356.2 26516.5 46139.2 13661 6319.5 2986 1089
internal_count=328818 267274 148270 140124 107058 105635 119004 45842 23697 44539 74465 73779 70292 56432 33066 20234 61544 51820 33892 26672 17928 26413 7220 59793 33442 59871 22145 7671 3799 1089
cat_boundaries=0 1 2 3
cat_threshold=8 4 8
is_linear=0
shrinkage=0.04


Tree=67
num_leaves=31
num_cat=3
split_feature=1 21 19 17 25 25 25 21 21 1 23 0 31 1 23 20 6 46 25 19 9 20 4 21 46 39 42 25 15 37
split_gain=72713.9 38274.3 29136.1 23526.3 22670.1 22059.8 21790.5 20923.3 20831 18972.3 17988.1 15777.6 15345.4 15052.4 14710 14620.6 13965.7 13952.6 18214.1 16103.7 13148.9 16355.6 15078.5 12895.1 12890.2 12223.5 11894.1 15519.5 11565 11555.6
threshold=2.6350001096725468 66.651382446289077 64.000000000000014 4.5000000000000009 86.125000000000014 367.62500000000006 32.125000000000007 79.119747161865249 84.860710144042983 3.2549999952316289 1.0009922981262209 2.6350001096725468 73.280181884765639 1.2050000429153445 1.0111154317855837 79.000000000000014 201.75000000000003 0 485.00000000000006 167.50000000000003 16.500000000000004 184.00000000000003 1.8750000000000002 69.602111816406264 1 3.4411590099334721 2 627.62500000000011 2.5000000000000004 71.699234008789077
decision_type=10 8 8 10 2 2 2 10 10 10 8 8 8 8 10 2 2 1 2 10 2 2 2 10 1 10 9 2 2 8
left_child=1 6 10 8 -5 -6 -1 9 11 17 -3 12 -4 20 16 -15 -9 18 19 23 -12 -22 -23 -2 -8 -26 -7 -28 -27 -19
right_child=7 2 3 4 5 26 24 14 -10 -11 13 -13 -14 15 -16 -17 -18 29 -20 -21 21 22 -24 -25 25 28 27 -29 -30 -31
leaf_value=-0.11738608346534568 0.014016402252159792 0.19323722864666135 -0.035661335868566013 0.12241729632358625 -0.050731849454939325 0.17787430614453376 -0.063562063143475289 0.022120681727770805 0.27202499569053495 0.071850575501916633 -0.021330177447353851 -0.0036963725275286938 -0.10348724714587899 -0.11721344838381784 0.13989706380087072 0.028346887801996155 -0.51976989023185083 0.019348275997568786 0.1329335810664927 -0.017552032477053184 -0.10876346234175163 -1.0068398783296402 -0.2089584670610595 0.10731769558749299 -0.021064742184783929 -0.15392745104525823 0.067818936671956001 -0.13354357056347346 0.30347507659052492 -0.032027174155667977
leaf_weight=5786.75 4703.75 949.75 30559.25 3127.5 6096.5 1108 15379.5 1255.75 362 12570 3963.75 20395.25 6466.25 1131.5 4649.25 44024.75 80 17956.25 3030 7449 596.75 68.75 84.5 4777.25 25586.5 118.25 3242 754 343.75 11484
leaf_count=13922 5804 3799 41417 9750 6716 1108 20253 1270 362 15960 4704 29546 12338 1505 5100 59630 80 27407 3030 9510 821 86 104 5567 31666 155 3242 754 394 13170
internal_value=-0.000101604 -0.0140714 -0.00231384 -0.0186617 0.0272189 0.000627824 -0.0446832 0.0348754 -0.0300387 0.0279766 0.0208828 -0.0319478 -0.0475092 0.0175965 0.106291 0.0246969 -0.0106955 0.0168115 0.042628 0.0264587 -0.0504135 -0.203881 -0.571131 0.0610355 -0.0345253 -0.0173795 0.0619734 0.0297992 0.186314 -0.000692439
internal_weight=238100 170145 122930 72110.8 14328 11200.5 47214.8 67955.2 57782.8 61970.2 50819.8 57420.8 37025.5 49870 5985 45156.2 1335.75 49400.2 19960 16930 4713.75 750 153.25 9481 41428 26048.5 5104 3996 462 29440.2
internal_count=329170 242272 175882 105233 21570 11820 66390 86898 83663 80448 70649 83301 53755 66850 6450 61135 1350 64488 23911 20881 5715 1011 190 11371 52468 32215 5104 3996 549 40577
cat_boundaries=0 1 2 3
cat_threshold=4 8 4
is_linear=0
shrinkage=0.04


Tree=68
num_leaves=31
num_cat=2
split_feature=1 0 46 21 46 0 23 24 24 21 21 23 21 5 15 19 20 19 24 15 9 5 4 20 9 9 19 39 23 25
split_gain=69198.8 32800.3 23921.5 23258.7 23250.2 19985.1 19422.7 15851.7 17783.8 16149.2 15137.3 14383.5 21232 13476 14825.4 13393.2 26261.5 16645.4 16191.1 13287.1 12376.6 15338.3 12331.4 11664 12293.9 12219.8 10503.6 11761 10400.5 10368.4
threshold=2.5049999952316289 1.7749999761581423 0 77.35693740844728 1 2.8950001001358037 1.0111154317855837 0.03289564140141011 0.033247761428356178 63.517831802368171 81.426544189453139 1.0389261841773989 70.163589477539077 20.500000000000004 3.5000000000000004 167.50000000000003 175.00000000000003 10.500000000000002 0.18828873336315158 5.5000000000000009 13.500000000000002 22.500000000000004 2.3750000000000004 79.000000000000014 2.5000000000000004 10.500000000000002 49.500000000000007 3.4411590099334721 1.0480120182037356 87.125000000000014
decision_type=10 8 1 10 1 10 8 8 8 8 10 10 10 2 2 8 2 10 10 2 2 2 2 2 2 2 10 10 10 2
left_child=1 2 23 6 5 -2 -3 13 -9 26 11 -6 -13 14 -8 16 18 -18 -11 28 -4 -22 29 25 -25 -1 -10 -28 -5 -17
right_child=4 3 20 19 10 -7 7 8 9 15 -12 12 -14 -15 -16 22 17 -19 -20 -21 21 -23 -24 24 -26 -27 27 -29 -30 -31
leaf_value=-0.1661464831139069 -0.017129182517515246 0.078827894557751521 -0.0025255998736577849 0.033362753158546532 0.0083573271339097231 0.042857198189271827 -0.072891779169808713 0.30523192463398091 -0.11797249987489966 -0.019583443481663736 0.14979200616369753 0.03395252337938607 0.10446956780975145 -0.025153815669423287 -0.24867288384858582 0.020109388045007285 0.11457708898676774 0.025436218565665566 0.20093091678322872 -0.42408409665727986 -0.22169111383836593 -0.042824958463830422 0.011865789304765546 0.0016719940721809127 -0.09114591634013719 -0.61090597403155911 -0.03833835885532029 0.24589535009599681 0.14068347102289347 -0.071108907997878806
leaf_weight=858.5 22172.75 3685 17023 13325.5 12461.25 14828.25 4208.25 288.25 2938.5 28914 2299 18781 10738 9871.5 938.5 2475.5 4144.75 17504.75 541.75 96.25 891.25 5475.25 7307.75 2774 12901 111 8492 238.5 1619.75 10234
leaf_count=1145 31985 10861 22798 15079 16605 18420 5043 439 3891 39990 2413 22912 11920 14493 1372 8609 6940 25001 604 121 1480 7768 11402 4544 19291 123 11351 273 1643 10585
internal_value=0.000360655 -0.0151608 -0.0464065 -0.00445299 0.0303145 0.00691092 -0.0113142 -0.0147012 -0.00786438 -0.00895819 0.0498705 0.0443949 0.059607 -0.0525184 -0.104988 -0.00180209 0.00906136 0.0425067 -0.0155209 0.041973 -0.0203214 -0.067896 -0.0295364 -0.0830587 -0.0747206 -0.217649 -0.0525703 -0.0305459 0.045003 -0.0533413
internal_weight=238139 156858 40034 116824 81280.2 37001 101783 98098 83079.8 82791.5 44279.2 41980.2 29519 15018.2 5146.75 71122.5 51105.2 21649.5 29455.8 15041.5 23389.5 6366.5 20017.2 16644.5 15675 969.5 11669 8730.5 14945.2 12709.5
internal_count=329101 224846 57149 167697 104255 50405 150854 139993 119085 118646 53850 51437 34832 20908 6415 103131 72535 31941 40594 16843 32046 9248 30596 25103 23835 1268 15515 11624 16722 19194
cat_boundaries=0 1 2
cat_threshold=8 8
is_linear=0
shrinkage=0.04


Tree=69
num_leaves=31
num_cat=3
split_feature=9 4 0 5 25 15 1 14 19 17 19 21 22 23 21 14 25 22 21 21 43 46 0 22 42 37 21 4 23 21
split_gain=65174.4 30979.6 30030.8 27147.2 28687.2 29776.6 20476.8 19504.4 32757.4 18086.6 15797.2 14648 14519 13715.7 16277.2 13639.6 12659.9 12149.7 11862.4 11388.8 11288.2 11793.1 10902.2 10762 10736.5 10309 16174.9 10229.4 9841.29 12250.7
threshold=1.5000000000000002 2.2949999570846562 3.2250000238418584 28.500000000000004 300.12500000000006 3.5000000000000004 0.58499997854232799 94.430000305175795 10.500000000000002 4.5000000000000009 167.50000000000003 62.679374694824226 0.022444034926593307 1.0354620814323428 70.95111465454103 87.889999389648452 41.125000000000007 0.026540636084973816 79.119747161865249 73.370883941650405 0 1 0.88499999046325695 0.039931118488311775 2 70.336452484130874 68.600280761718764 3.6450001001358037 1.2191055417060854 66.84543609619142
decision_type=2 2 10 2 2 2 8 8 10 10 8 10 10 10 10 8 2 8 10 8 9 1 10 8 9 8 10 2 10 10
left_child=2 6 3 4 7 15 22 -1 23 10 11 -8 -7 -10 16 -6 -15 -12 20 -11 21 -3 -2 -9 -5 -17 -27 -4 -13 -30
right_child=1 18 27 24 5 12 9 8 13 19 17 28 -14 14 -16 25 -18 -19 -20 -21 -22 -23 -24 -25 -26 26 -28 -29 29 -31
leaf_value=-0.011675611195320098 -0.18580533952583736 0.080926660352012431 0.058434761285317167 0.070939854623813914 -0.099015668448251035 0.091418112239723542 -0.07282310987309043 0.078496107870529824 -0.037966542132148215 -0.014566142764889727 0.0066385524291384624 -0.02000991961206661 -0.20145319001644088 -0.10710303264563345 0.084195822733072134 0.05979063172744345 0.021711809944472159 -0.089176432830843061 0.10355592245305678 0.062105136147846206 -0.019739142610527186 0.00035512054698665758 -0.071024050822837331 0.20003146900104335 0.024438859484920954 -0.17330003368623248 0.0060510502109971413 0.1960388076415239 0.046766815012528599 0.4300457611825016
leaf_weight=33445.25 1857.5 4987.25 18303.5 10925.25 2916 302 8954 2812.5 6000.25 9130 2522.75 34028 2579.25 1524.75 5955.25 3037.5 6105.25 13173 2157.5 4692 13146 6965.25 4613.5 1993 29119 1046 3474 906.5 1359.75 147
leaf_count=54317 2474 7067 23108 13914 2919 302 15209 3360 9388 12949 2849 43655 2604 1710 6829 3039 8587 21519 2378 7536 19536 9588 6007 3613 37705 1046 3474 959 1392 147
internal_value=-0.000259434 -0.0232836 0.018756 0.0107799 -0.00404046 -0.0568795 -0.0357664 0.00816111 0.035361 -0.0297991 -0.0392755 -0.027102 -0.170733 0.0123966 0.0346421 -0.0255448 -0.00404019 -0.0737766 0.0135737 0.0114629 0.00583471 0.03395 -0.103996 0.128933 0.0371273 0.00281221 -0.0354819 0.0649382 -0.0155794 0.084423
internal_weight=238179 107734 130445 111235 71191 13354.8 80477.5 57836.2 24391 74006.5 60184.5 44488.8 2881.25 19585.5 13585.2 10473.5 7630 15695.8 27256 13822 25098.5 11952.5 6471 4805.5 40044.2 7557.5 4520 19210 35534.8 1506.75
internal_count=329180 152306 176874 152807 101188 13384 113737 87804 33487 105256 84771 60403 2906 26514 17126 10478 10297 24368 38569 20485 36191 16655 8481 6973 51619 7559 4520 24067 45194 1539
cat_boundaries=0 1 2 3
cat_threshold=104 4 4
is_linear=0
shrinkage=0.04


Tree=70
num_leaves=31
num_cat=4
split_feature=1 21 1 19 46 14 21 20 14 17 22 21 24 26 20 21 22 0 21 38 0 9 31 8 6 21 21 42 42 43
split_gain=62149.6 38773.7 20658.8 17991.2 20472.1 19974.5 17291.3 17945.4 16890.3 16128.8 15680.5 21456.1 20196.8 19633.5 18054.5 18191 15243.7 13148.2 14195.1 13136.6 13134.1 12110.4 15139.2 11998.7 11967.6 11814.1 11788.3 11713.3 11693.5 11591.7
threshold=2.054999947547913 69.050254821777358 3.2549999952316289 10.500000000000002 0 84.634998321533217 82.007011413574233 181.50000000000003 64.020000457763686 2.5000000000000004 0.087639935314655318 65.274761199951186 0.085462220013141646 1.5000000000000002 218.00000000000003 67.314323425292983 0.09124972298741342 0.85500001907348644 85.929336547851577 1.0020086169242861 2.5949999094009404 6.5000000000000009 74.563243865966811 14.500000000000002 206.25000000000003 67.63535308837892 76.106002807617202 1 2 3
decision_type=8 10 10 8 1 8 10 2 8 10 8 10 10 2 2 10 10 10 10 8 10 2 10 2 2 10 10 9 9 9
left_child=17 8 3 5 19 23 7 -6 29 -7 -10 -12 14 16 -13 -16 -14 21 27 -5 -21 -1 -23 -3 -22 -17 -11 -19 -26 -2
right_child=1 2 -4 4 6 9 -8 -9 10 26 11 12 13 -15 15 25 -18 18 -20 20 24 22 -24 -25 28 -27 -28 -29 -30 -31
leaf_value=0.0011828377961503064 -0.24096305010354413 -0.2152498304254945 0.08525270320413085 0.13432321963287824 0.058453068338373465 0.12139676520897189 0.13823209676065909 0.0032342690607320779 -0.039698639379437219 0.061330990547046868 -0.018011833048822767 0.011795696190270464 0.31275963822250463 -0.01997695739117861 -0.042116688340869256 -0.49690325770629934 0.078860530901555315 -0.043625580254946492 0.16567328737752418 -0.038574242571636115 0.014963914758404001 -0.10264742668508733 -0.49902270055981135 0.012152489937040503 -0.56310275206492666 -0.099680993527745537 -0.12346832264663228 -0.0045981842856407619 0.0048678204333018355 -0.058483635291026168
leaf_weight=1979.75 678.75 408.5 9270 1009.75 16755.5 7864.25 2393.25 21498.75 16361.75 1905.75 30312.25 9614 464.5 3499.5 1083 292.5 10629.5 34856 599.75 15872.25 17887.5 5455.25 157.75 3973.5 113 203.5 776.5 19018.25 118 3034.75
leaf_count=2363 1098 464 11058 4039 19841 10331 2484 26676 22199 2394 58564 17615 544 3507 2067 297 12452 45704 653 19518 20142 7136 169 5019 134 508 976 25316 136 5614
internal_value=-0.00015169 0.0119838 0.0283815 0.0225601 0.0146402 0.0626891 0.033949 0.0274213 -0.00950969 0.0925112 -0.00524502 0.00480418 0.0316244 0.0626255 -0.00879656 -0.134107 0.0886814 -0.0345676 -0.0276931 -0.00778412 -0.0120096 -0.0838778 -0.113875 -0.00908983 0.0112623 -0.334467 0.00780481 -0.0298489 -0.274183 -0.0927002
internal_weight=238087 176020 99846.5 90576.5 75648 14928.5 40647.5 38254.2 76174 10546.5 72460.5 56098.8 25786.5 14593.5 11193 1579 11094 62066.8 54474 35000.5 33990.8 7592.75 5613 4382 18118.5 496 2682.25 53874.2 231 3713.5
internal_count=329018 247677 123212 112154 92970 19184 49001 46517 124465 13701 117753 95554 36990 16503 20487 2872 12996 81341 71673 43969 39930 9668 7305 5483 20412 805 3370 71020 270 6712
cat_boundaries=0 1 2 3 4
cat_threshold=8 16 8 4
is_linear=0
shrinkage=0.04


Tree=71
num_leaves=31
num_cat=2
split_feature=4 21 4 37 6 20 20 19 42 25 25 4 23 11 4 29 21 21 25 23 22 14 17 25 25 12 21 23 19 46
split_gain=57849.4 34460.4 19687.8 23552.6 19203.3 18428 17065.7 28064.2 17489.5 16992.3 16961.4 16307.8 15138.9 14303.7 12529.1 11698.4 11593.8 11573.5 13076.6 12021.3 16995.6 11438.9 11420.2 28590.2 22050.1 18136.7 11298.3 14081.7 11101.8 10993.3
threshold=2.7649999856948857 69.559341430664077 1.0000000180025095e-35 69.777309417724624 93.250000000000014 179.00000000000003 79.000000000000014 49.500000000000007 0 96.625000000000014 29.125000000000004 2.4050000905990605 1.1967639923095705 1.0000000180025095e-35 3.6450001001358037 2.5000000000000004 65.230396270751967 59.264097213745124 667.37500000000011 1.2191055417060854 0.19673433154821399 95.965000152587905 3.5000000000000004 729.12500000000011 396.25000000000006 3.5000000000000004 84.860710144042983 1.0197029113769533 64.000000000000014 1
decision_type=2 10 2 8 2 2 2 10 9 2 2 2 10 8 2 2 8 8 2 10 10 10 10 2 2 10 10 10 10 1
left_child=1 6 13 4 -4 -6 7 -1 17 -7 -5 15 -9 -3 16 -12 -2 18 -8 -19 28 -15 25 24 -24 -10 -17 -28 -21 -22
right_child=14 2 3 10 5 9 8 12 22 -11 11 -13 -14 21 -16 26 -18 19 -20 20 29 -23 23 -25 -26 -27 27 -29 -30 -31
leaf_value=-0.21823472000448338 -0.022490231535447127 0.094565151247094179 -0.0032156320924139831 0.03599356876131389 0.11700648176368617 0.12873377592124252 -0.12006158666675493 -0.095701278077259075 0.036618334293855172 -0.023016904692027055 -0.58389098182144128 0.00036799537789270641 0.11299457719109564 -0.0071563428251568677 0.18768634066875933 -0.058298792273036908 0.04352271516694841 -0.033970487174509172 0.30183123717957833 0.2601598200523812 -0.1544927224596431 0.064484428353089818 0.023522884710324227 -0.35269433048551735 0.18800204196751724 -0.043529332088246574 -0.04780260634383067 0.29535358977245563 0.058892892122817689 0.017516291987949774
leaf_weight=1902.5 4735.5 5996 14189.75 7209 5763.5 1604.25 3262.75 1363 7597 4462.25 65.5 15148.75 938 8949.75 897 20010.25 42056.5 61275.75 121 575 886.75 5926.75 5444.75 274 1714 11141.25 454.75 329 1841.25 1799
leaf_count=3032 6504 7337 19730 8880 7655 4182 4870 1363 16807 4817 91 17365 938 10842 951 23878 54151 94611 121 575 958 6784 9917 274 1714 16035 460 329 1860 1865
internal_value=0.000289401 -0.00958552 0.00836063 -0.00190525 0.0281609 0.0657936 -0.0257347 -0.104613 -0.0222774 0.0171266 -0.0200075 -0.0312199 -0.0106128 0.0424126 0.0396828 -0.054159 0.0368416 -0.0327381 -0.104889 -0.0290585 0.0299294 0.0213873 0.0056069 0.0475577 0.062925 -0.0110348 -0.0524622 0.0964341 0.106878 -0.0393105
internal_weight=237934 190246 90109.5 69237 26019.8 11830 100136 4203.5 95932.5 6066.5 43217.2 36008.2 2301 20872.5 47689 20859.5 46792 69761.5 3383.75 66377.8 5102 14876.5 26171 7432.75 7158.75 18738.2 20794 783.75 2416.25 2685.75
internal_count=328896 267290 112350 87387 36384 16654 154940 5333 149607 8999 51003 42123 2301 24963 61606 24758 60655 104860 4991 99869 5258 17626 44747 11905 11631 32842 24667 789 2435 2823
cat_boundaries=0 1 2
cat_threshold=16 8
is_linear=0
shrinkage=0.04


Tree=72
num_leaves=31
num_cat=2
split_feature=4 4 5 14 11 12 25 46 24 1 10 15 29 0 20 25 22 25 26 32 20 23 10 25 17 43 19 25 29 25
split_gain=54717.6 41601 25484.6 24173.8 29541.8 20445.5 18011.1 17055.8 16664 16489.8 20284.2 17763.8 15266.7 14197.2 14144 18995.4 17658.3 13738.2 13365.5 19654.6 19276.8 13271.4 13269.7 12629.8 12462.2 12691.2 12134.2 14767.1 19200.3 15085.6
threshold=2.4550000429153447 1.0000000180025095e-35 34.500000000000007 92.005001068115249 0.6670682728290559 2.5000000000000004 86.125000000000014 0 0.075360294431447997 0.50499999523162853 119.75000000000001 3.5000000000000004 14.750000000000002 3.6049998998641972 179.00000000000003 181.62500000000003 0.022006942890584472 270.12500000000006 1.5000000000000002 1.1164638400077822 179.00000000000003 1.0979299545288088 2.5000000000000004 558.75000000000011 4.5000000000000009 1 59.500000000000007 408.87500000000006 22.250000000000004 371.37500000000006
decision_type=2 2 2 10 8 8 2 1 8 8 2 2 2 8 2 2 10 2 2 10 2 10 2 2 10 9 8 2 2 2
left_child=1 3 5 4 -1 22 24 13 -6 10 -7 -11 -10 -2 15 -8 -16 -13 19 -14 -21 -17 -3 -19 -4 -26 -9 29 -29 -28
right_child=7 2 6 -5 8 9 14 26 12 11 -12 17 18 -15 16 21 -18 23 -20 20 -22 -23 -24 -25 25 -27 27 28 -30 -31
leaf_value=0.027338384047234352 0.0027966999194944378 -0.05376873031494455 0.008093123270571068 0.047432848711919662 -0.14730156619966644 -0.12401388912691427 -0.059691157269475596 0.075046720154272648 -0.1833649571840375 -0.040260585937686021 -0.75576109475273268 -0.066286820278511266 -0.16223660097100975 0.1429506074812357 0.024060610969626538 0.090525705603304002 -0.066758607629587699 -0.24870015234847923 -0.063906775080274841 0.16690937447456816 -0.084617056309623295 -0.0036135006999886803 0.032017714381570188 -0.048566574666474405 -0.1414096488325009 0.11730512171603634 0.021043368205693001 0.052720790512113105 0.24013211252742739 -0.12015821175228564
leaf_weight=13783.75 40974.25 4557 7934 21854.5 2719.75 3601 4378.75 12837.75 926 38981.25 82.25 3881.75 562 1189 4565 4536 13714.75 1668 3433.75 1818.25 665.25 5077.25 7859 724 324 3552.75 22876.25 6754 1004 1277.25
leaf_count=17665 53806 7089 19103 28537 4186 4705 5314 16821 1619 54036 137 7601 1249 1285 4802 4536 14713 1668 5761 2371 1173 5096 10997 724 435 10524 34118 6754 1004 1287
internal_value=-0.000283125 -0.0148209 -0.0286437 0.0170262 -0.0107686 -0.0453126 -0.00544318 0.0250078 -0.0626438 -0.056943 -0.138324 -0.0503166 -0.0315351 0.00675242 -0.0209109 0.00935643 -0.044078 -0.112781 -0.00981031 0.0511822 0.099525 0.0408103 0.000529706 -0.188172 0.0368187 0.0955889 0.0422075 0.0289945 0.0770029 0.0135717
internal_weight=238112 151200 105437 45763.2 23908.8 61354.2 44082.5 86912.5 10125 48938.2 3683.25 45255 7405.25 42163.2 32271.8 13992 18279.8 6273.75 6479.25 3045.5 2483.5 9613.25 12416 2392 11810.8 3876.75 44749.2 31911.5 7758 24153.5
internal_count=329116 214041 151480 62561 34024 86957 64523 115075 16359 68871 4842 64029 12173 55091 34461 14946 19515 9993 10554 4793 3544 9632 18086 2392 30062 10959 59984 43163 7758 35405
cat_boundaries=0 1 2
cat_threshold=8 128
is_linear=0
shrinkage=0.04


Tree=73
num_leaves=31
num_cat=0
split_feature=1 21 23 19 5 19 25 25 0 23 25 29 25 14 35 24 21 21 22 22 20 21 24 21 22 22 22 19 1 21
split_gain=49922.2 30310.9 24521.3 21581.8 24914.1 22455.7 21917.7 19028.4 18343.3 16553.3 14858.7 19032.7 15778.2 14301.9 14251.4 14833.1 13200.2 12983.9 12489.4 12392.6 12297.5 14560.1 12238.2 12189 12818.6 13040.7 12535.1 12259.4 11836.5 11435.5
threshold=2.7549999952316289 66.651382446289077 1.0009922981262209 64.000000000000014 33.500000000000007 167.50000000000003 729.12500000000011 32.125000000000007 2.8349999189376835 1.0471150279045107 367.62500000000006 9.7500000000000018 283.12500000000006 95.384998321533217 10.250000000000002 0.14597294479608539 84.378833770751967 79.119747161865249 0.11079758778214456 0.1248067505657673 181.50000000000003 63.611358642578132 0.036634195595979697 61.081151962280281 0.10458350926637651 0.10762300714850427 0.31059870123863226 167.50000000000003 3.5049999952316289 75.011997222900405
decision_type=10 8 8 8 2 10 2 2 8 10 2 2 2 8 2 10 10 10 10 10 2 10 8 10 10 10 10 10 10 10
left_child=1 7 -3 13 8 6 9 -1 16 29 11 -7 -13 -4 -12 19 -5 28 22 -16 21 -9 -15 26 -25 -26 -22 -27 -2 -6
right_child=17 2 3 4 5 10 -8 20 -10 -11 14 12 -14 18 15 -17 -18 -19 -20 -21 23 -23 -24 24 25 27 -28 -29 -30 -31
leaf_value=-0.10246418607444154 0.021885773583150542 0.12071301704166418 0.0062892029527673267 -0.05721937980954736 -0.052565669183712693 0.089661902728317047 -0.38243636675127624 -0.039745162252868067 0.001815745421612644 0.11401920926022628 -0.067050993379282844 -0.028270107422329053 -0.13188004408378551 0.031746849023337388 0.056959467192341427 -0.44065940693532585 0.17796835705691838 0.096303019210927876 -0.11888400669279811 -0.36647522494516205 -0.27836279122878976 0.012875337033719288 0.11778997571888336 -0.11677879092720134 0.25117442161010528 0.11822223082724259 0.19656054904297357 -0.05295872601288476 0.094082606215147691 0.093286718704572252
leaf_weight=6111.5 44929 2641.25 41981 28843.5 2211.75 1660.5 173 18210 13822 5569.25 2206 9300.25 3147 6606 8851 98 386 4855.5 615 111 681.75 15637.5 4411.25 3303.5 271 762.75 101.5 5418.75 3952.25 1406
leaf_count=14702 58153 10565 57239 39525 4722 3315 173 23409 19342 6689 2206 17884 3147 7608 8851 98 386 5190 696 111 1125 18216 5831 4103 271 1032 148 7893 4862 1697
internal_value=-5.604e-06 -0.00988573 6.46474e-05 -0.00236138 -0.0158198 0.009383 0.0623339 -0.036297 -0.0361532 0.0707505 -0.0101513 -0.0375039 -0.0544743 0.0171647 0.0241006 0.0463003 -0.0541074 0.0339233 0.0564105 0.0516742 -0.0271844 -0.0154348 0.066206 -0.0649138 -0.0527112 -0.0198967 -0.216641 -0.0318199 0.0277251 0.00412732
internal_weight=238275 184538 134040 131398 77785.2 34733.8 9360 50498.2 43051.5 9187 25373.8 14107.8 12447.2 53613.2 11266 9060 29229.5 53736.8 11632.2 8962 44386.8 33847.5 11017.2 10539.2 9756 6452.5 783.25 6181.5 48881.2 3617.75
internal_count=329189 260984 190085 179520 108146 48893 13281 70899 59253 13108 35612 24346 21031 71374 11266 9060 39911 68205 14135 8962 56197 41625 13439 14572 13299 9196 1273 8925 63015 6419
is_linear=0
shrinkage=0.04


Tree=74
num_leaves=31
num_cat=2
split_feature=4 21 38 46 0 1 21 19 17 29 46 24 0 4 22 5 19 9 15 22 40 21 15 21 21 23 21 20 24 24
split_gain=48339.1 28918.3 21907.2 21424.3 20052.7 18109.5 18122 16726.5 15376.6 13847.2 12940 12931.1 12293.6 12289.2 12054 11479.5 13014.4 10947.6 10924.1 10902.8 14006.2 10877.9 10688.8 12989.3 20098.5 12088.2 25493.6 14503.8 11707.2 11612.7
threshold=2.7649999856948857 67.42453765869142 1.0020086169242861 0 2.1049998998641972 3.1049998998641972 82.007011413574233 167.50000000000003 3.5000000000000004 17.750000000000004 1 0.030848680995404724 1.485000014305115 1.985000014305115 0.022006942890584472 23.500000000000004 52.500000000000007 15.500000000000002 15.000000000000002 0.036467289552092559 0.10577672347426416 62.218965530395515 3.5000000000000004 59.62152290344239 60.847053527832038 1.1822507977485659 63.303537368774421 110.00000000000001 0.14417530596256259 0.20728209614753726
decision_type=2 10 8 1 10 10 10 8 10 2 1 10 8 2 10 2 8 2 2 10 10 8 2 10 10 8 10 2 10 8
left_child=1 10 -3 4 -4 6 7 8 9 17 12 19 -1 -6 -9 16 -15 -5 -17 -8 -21 -2 25 -24 -25 27 29 -12 -28 -27
right_child=21 2 3 5 13 -7 11 14 -10 -11 22 -13 -14 15 -16 18 -18 -19 -20 20 -22 -23 23 24 -26 26 28 -29 -30 -31
leaf_value=-0.10436611861967611 -0.063132598964048145 0.1237471443947641 -0.054380218002790144 -0.0048484302104275182 0.048193134029194507 0.13655905047413683 0.080927266625828373 0.031404893944866771 0.061869889405031069 0.04866952040666158 -0.19858883087290813 0.27244365891668954 -0.037781362628583941 0.0079408489714148031 -0.036890567183609065 0.010880222825920924 -0.086055267027435559 -0.15385886961517353 -0.39147238728150557 0.1147947643004268 -0.62330386706677887 0.039463158677022013 -0.14596903614525678 0.19646530378741453 -0.050246372526329158 -0.070127061898012669 0.58476161635981672 -0.01922440607565842 0.1201042688965874 0.022102138915150182
leaf_weight=5715.5 1714.25 2332 17712 21447 6424.75 1876.75 3188.25 5353.25 10824.25 8911.5 748.5 558 19828.5 3982.25 18157 14994.25 5772.25 818 107.75 82 81 46002.5 1976.75 575.25 6353.75 3032.25 89 19204.75 2479.5 7803.5
leaf_count=9335 2423 9328 22272 26796 7750 2122 3333 5600 13807 10260 1401 558 30402 4856 24790 18454 6853 1190 125 82 81 59180 5819 681 8114 3528 89 26185 2676 21068
internal_value=-0.000224903 -0.00924597 0.00234535 -9.17364e-06 -0.0203731 0.0139844 0.0106686 0.00567547 0.0207972 0.00653547 -0.0302074 0.0943199 -0.0526834 -0.00111642 -0.0213389 -0.0138632 -0.0476843 -0.0103298 0.00798352 0.0645878 -0.25353 0.035776 -0.0166219 -0.0555512 -0.0297382 -0.00622711 0.0231502 -0.0259627 0.136428 -0.00371078
internal_weight=238146 190430 122622 120290 48993.2 71297 69420.2 65511 42000.8 31176.5 67807.2 3909.25 25544 31281.2 23510.2 24856.5 9754.5 22265 15102 3351.25 163 47716.8 42263.2 8905.75 6929 33357.5 13404.2 19953.2 2568.5 10835.8
internal_count=329158 267555 158257 148929 60310 88619 86497 82443 52053 38246 109298 4054 39737 38038 30390 30288 11709 27986 18579 3496 163 61603 69561 14614 8795 54947 27361 27586 2765 24596
cat_boundaries=0 1 2
cat_threshold=8 8
is_linear=0
shrinkage=0.04


Tree=75
num_leaves=31
num_cat=2
split_feature=9 21 5 25 15 25 46 35 21 24 23 21 19 23 24 23 22 17 21 21 15 29 19 23 24 46 25 19 23 0
split_gain=47166.5 25804.1 22145.5 28583.6 31119.9 21713.9 34998 21306.6 17914.3 16303.6 15775.6 16243.7 17262.3 15885.1 16325.5 14390.5 23803.6 14122.3 14041.7 13862 14054.6 13460.8 13387.3 16702.9 12604.1 12511.8 11478.3 10999.3 10967.4 10759.5
threshold=3.5000000000000004 77.191394805908217 28.500000000000004 300.12500000000006 3.5000000000000004 485.00000000000006 0 13.750000000000002 58.025424957275398 0.32101716101169592 1.0945203900337221 64.733051300048842 5.0000000000000009 1.0111154317855837 0.015011586248874666 1.0480120182037356 0.07651377841830255 3.5000000000000004 65.274761199951186 68.687107086181655 4.7500000000000009 18.250000000000004 167.50000000000003 1.1897620558738711 0.021311569027602676 1 688.25000000000011 59.500000000000007 1.2302520871162417 3.1049998998641972
decision_type=2 10 2 2 2 2 1 2 8 10 10 10 10 8 8 10 10 10 10 8 2 2 10 10 10 1 2 8 10 8
left_child=1 2 3 8 9 22 -7 17 -1 -5 13 12 -12 -10 -15 16 -3 -2 -8 20 24 27 25 -24 -16 -4 -19 -21 -13 -6
right_child=7 15 5 4 29 6 18 -9 10 -11 11 28 -14 14 19 -17 -18 26 -20 21 -22 -23 23 -25 -26 -27 -28 -29 -30 -31
leaf_value=-0.13763269122508517 -0.068828684124544084 0.043664910737576001 0.067693918252626772 -0.02999413934748784 -0.20923014658296515 0.15908331640383919 -0.1035923152371207 -0.0067399568036618576 0.086296519239904251 0.40759826924317127 -0.62020663977936663 0.047818459725073814 -0.011186848774056297 -0.15386645158708567 0.18679581688925304 0.1499102747180581 -0.64765988690853127 -0.0065974000846078986 0.042977572949030603 0.019577692049526967 -0.42228541214176829 0.067033392783012444 -0.015900499052237175 0.31400648723089963 -0.055614080846257241 0.0079214395110669619 -0.18861865569774025 -0.031908913789708435 0.21569876122524953 -0.066592132445502911
leaf_weight=1418.75 22084 20690.75 9421 10614.25 2394 4578 1224 39880.25 2678.5 137 74.25 15679.5 7155.25 1296 356.25 2140.75 79 11654.5 7149 12515.25 160.75 4503 20639 247.5 8736.75 13825.75 581 14137 647.5 1310.5
leaf_count=1721 31378 23057 12235 10621 2394 4578 1224 57110 9799 137 75 18321 10831 1302 375 2170 79 17191 7149 19878 247 7494 31520 261 14355 18355 581 22570 649 1336
internal_value=-0.000167309 0.011817 0.00541501 -0.00767217 -0.058837 0.0246302 0.0701692 -0.0266246 0.00299225 -0.0243803 0.00593088 0.0323875 -0.0175272 -0.00811125 -0.0141766 0.0511866 0.0410041 -0.0497301 0.0215411 -0.00969266 -0.0526771 0.00307577 0.0112654 -0.0119761 -0.0460969 0.0321469 -0.0152557 -0.00773208 0.0544893 -0.158803
internal_weight=238009 163809 140899 83814.5 14455.8 57084.2 12951 74199.8 69358.8 10751.2 67940 23556.5 7229.5 44383.5 41705 22910.5 20769.8 34319.5 8373 40409 9253.75 31155.2 44133.2 20886.5 9093 23246.8 12235.5 26652.2 16327 3704.5
internal_count=328993 222733 197427 122105 14488 75322 12951 106260 107617 10758 105896 29876 10906 76020 66221 25306 23136 49150 8373 64919 14977 49942 62371 31781 14730 30590 17772 42448 18970 3730
cat_boundaries=0 1 2
cat_threshold=4 4
is_linear=0
shrinkage=0.04


Tree=76
num_leaves=31
num_cat=2
split_feature=1 21 21 22 1 25 29 25 20 6 24 14 19 14 21 23 20 15 33 46 25 46 15 5 2 11 7 33 21 21
split_gain=44870.2 29185.3 16865.2 20133.2 15402 14680.6 16340.4 13494.5 18562.4 28230.6 16269.1 15504.2 13185.3 14171.8 12962.7 22162.7 14400.9 12959.3 12814.9 12480.5 25122.3 12417.5 14044.8 12404.4 12620.1 12191.3 12966.2 11954.6 12128.8 11953.3
threshold=1.8849999904632571 69.361457824707045 82.929309844970717 0.075356248766183867 3.0849999189376835 496.37500000000006 16.250000000000004 306.87500000000006 184.00000000000003 37.500000000000007 0.085462220013141646 98.134998321533217 10.500000000000002 86.174999237060561 59.264097213745124 1.2191055417060854 79.000000000000014 4.7500000000000009 1.3246260881423952 0 53.375000000000007 1 4.2500000000000009 28.500000000000004 0.55500000715255748 0.6670682728290559 18.500000000000004 4.0719237327575692 64.733051300048842 60.071422576904304
decision_type=8 10 10 10 10 2 2 2 2 2 10 10 8 8 8 10 2 2 10 1 2 1 2 2 8 10 2 10 10 10
left_child=25 5 4 -4 12 7 -7 14 9 11 18 -9 13 -3 -2 16 -16 -12 -10 23 -21 22 -8 24 -14 -1 -27 28 29 -17
right_child=1 2 3 -5 -6 6 21 8 10 -11 17 -13 19 -15 15 27 -18 -19 -20 20 -22 -23 -24 -25 -26 26 -28 -29 -30 -31
leaf_value=-0.031832234071804161 -0.084870263524323447 -0.0043289914729683103 0.098193498069041554 -0.4950344138606903 0.056748780193929454 -0.026962084663695447 0.078989174937722853 -0.17316073331949844 -0.12095243059792393 0.054645698954564774 -0.069826373215213275 0.29002226945447918 -0.076694539079831758 0.082208523724055391 -0.13934231745112358 0.20492525745864704 -0.0054196222239459146 0.14303068747917444 -0.31765785672487745 0.081204041592517331 0.0032317608187165604 0.0026753310233099941 0.26462225934356298 0.014358843978652858 -0.0061548384179961804 -0.13522059246127746 -0.69769154615615736 0.41394588920067665 0.1924651844777143 -0.013665753695533503
leaf_weight=48635.25 3202 4836.25 5895.5 92 15190 4373 3793.5 1556.5 2579 4272.25 3032 124 7138.75 8095.75 1314.75 497 54452 538 667 8624.75 28313.5 2691 787 14204.75 9402.5 305.75 82.75 175 1021.25 2038.75
leaf_count=63918 4513 6037 6101 92 18331 4382 3810 1558 2579 4288 3032 124 9013 10837 2208 503 103895 538 787 13265 31705 2691 787 18707 11009 368 151 175 1022 2473
internal_value=0.000479949 0.00932894 0.0238734 0.0889965 0.0198026 -0.00766649 0.0341351 -0.0141166 -0.0515964 1.17026e-05 -0.0966623 -0.138829 0.0128404 0.0498475 -0.00648329 -0.00226338 -0.00857948 -0.0377166 -0.161459 0.00576895 0.0214394 0.0708775 0.110935 -0.0130575 -0.0366009 -0.0336181 -0.25652 0.0920932 0.0761455 0.0292398
internal_weight=237932 188908 101794 5987.5 95806.2 87114 11644.5 75469.5 12768.8 5952.75 6816 1680.5 80616.2 12932 62700.8 59498.8 55766.8 3570 3246 67684.2 36938.2 7271.5 4580.5 30746 16541.2 49023.8 388.5 3732 3557 2535.75
internal_count=328899 264462 125097 6193 118904 139365 11670 127695 12906 5970 6936 1682 100573 16874 114789 110276 106103 3570 3366 83699 44970 7288 4597 38729 20022 64437 519 4173 3998 2976
cat_boundaries=0 1 2
cat_threshold=8 4
is_linear=0
shrinkage=0.04


Tree=77
num_leaves=31
num_cat=2
split_feature=1 21 23 25 35 32 11 25 46 22 26 21 24 20 21 0 37 30 23 26 35 25 32 30 46 21 21 22 22 22
split_gain=39307.2 25371 20568.3 18364.1 16173.7 16325.7 15185.6 15840.2 13430.1 13298.6 12587.7 11857.5 12883.4 11670.1 12771.7 10599.3 11386.4 10563.1 11039.2 10892.1 11475.5 10546.4 10194.5 9837.12 9811.11 9550.05 9460.5 11587.9 10073.7 13076.6
threshold=2.7549999952316289 66.651382446289077 1.0009922981262209 32.125000000000007 13.750000000000002 1.0487892627716067 0.37616863846778875 667.37500000000011 0 0.11079758778214456 4.5000000000000009 79.423103332519545 0.028198776766657833 181.50000000000003 63.611358642578132 3.3449999094009404 71.225536346435561 0.20984049886465075 1.0814850926399233 1.5000000000000002 13.750000000000002 437.50000000000006 1.0175300836563113 0.13466527312994006 1 74.447555541992202 61.081151962280281 0.31059870123863226 0.10458350926637651 0.10762300714850427
decision_type=10 8 8 2 2 8 10 2 1 10 2 10 10 2 10 10 8 10 10 2 2 2 10 10 1 10 10 10 10 10
left_child=1 3 -3 10 6 9 7 11 15 21 -1 12 -4 14 -5 16 -2 18 -16 20 -20 -6 -13 -9 -14 -7 27 -15 -28 -30
right_child=8 2 4 13 5 25 -8 23 -10 -11 -12 22 24 26 17 -17 -18 -19 19 -21 -22 -23 -24 -25 -26 -27 28 -29 29 -31
leaf_value=-0.093111592707456198 0.02435907203058962 0.11135290965441209 -0.055487341257329702 -0.035148456805551107 -0.034477091882400099 0.009282458765620687 -0.096307896351798788 -0.09727491391275507 0.049138679766151681 -0.20076516567898609 -0.81422311406257819 -0.31237861998430172 -0.035777913269726208 -0.25269865823767723 -0.050000691967131784 0.073133180898834721 -0.034075614319411168 0.18545098991358397 -0.0048414596135111284 -0.11400081090827349 0.079437920124871705 0.05581011792660287 0.066338189946567067 -0.43854089263317109 0.012825172569857865 0.044401008951300724 -0.10660564200406861 0.1918459297886525 0.25292548819842625 -0.032449265433963322
leaf_weight=6075 12075.25 2627.25 9513 18083.75 12420.25 48342.25 3797 1925 28518 675.5 38 116 9640.5 692 3901 3547 9557.25 555 4952.5 799.5 5405.75 2483 4086.5 144.5 21382.25 16658.5 3288.75 107.75 267 6210.75
leaf_count=14625 19174 10509 18969 23300 17599 68059 5696 1934 34092 833 38 125 12123 1127 5233 4129 10740 747 5611 804 5786 2483 4499 161 28583 18286 4089 155 267 8967
internal_value=0.000228692 -0.00855057 0.000558373 -0.0327455 -0.00166133 0.0094689 -0.0193843 -0.0131423 0.0303422 -0.0273068 -0.0977273 -0.00813618 -0.0147672 -0.0237691 -0.0122672 0.00905222 -0.0014576 0.0142341 0.00791158 0.028162 0.0391452 -0.0194315 0.0558118 -0.121306 -0.00227906 0.0182833 -0.0604458 -0.192636 -0.0496021 -0.0206488
internal_weight=237886 184188 133812 50376.8 131184 80579.5 50604.8 46807.8 53697.5 15578.8 6113 44738.2 40535.8 44263.8 33697.5 25179.5 21632.5 15613.8 15058.8 11157.8 10358.2 14903.2 4202.5 2069.5 31022.8 65000.8 10566.2 799.75 9766.5 6477.75
internal_count=328743 260608 189859 70749 179350 107260 72090 66394 68135 20915 14663 64299 59675 56086 41481 34043 29914 18181 17434 12201 11397 20082 4624 2095 40706 86345 14605 1282 13323 9234
cat_boundaries=0 1 2
cat_threshold=8 8
is_linear=0
shrinkage=0.04


Tree=78
num_leaves=31
num_cat=4
split_feature=1 21 38 42 46 43 22 5 0 25 5 10 21 25 25 6 23 21 46 1 19 25 20 22 23 19 25 21 14 24
split_gain=40146.8 20577.8 17034.1 16613.7 15767.5 15115.8 14889.5 14652.7 14430.4 13912.4 13369.6 15926.1 13699.6 12875 11951 17683.1 21202.1 12952.7 11592.1 11341.9 11292.7 10327.2 10195.6 10156.9 12030 10119.7 11499.8 11567.8 10050.8 9916.38
threshold=2.4050000905990605 67.76965713500978 1.0020086169242861 0 1 2 0.079759959131479277 36.500000000000007 3.2250000238418584 729.12500000000011 30.500000000000004 70.250000000000014 78.497573852539077 275.25000000000006 392.62500000000006 192.75000000000003 1.0814850926399233 84.860710144042983 3 3.054999947547913 5.0000000000000009 84.875000000000014 184.00000000000003 0.17344684153795245 1.1897620558738711 167.50000000000003 230.62500000000003 79.423103332519545 85.180000305175795 0.015645720064640049
decision_type=8 10 8 9 1 9 8 2 10 2 2 2 10 2 2 2 10 10 1 10 8 2 2 10 10 8 2 10 10 10
left_child=3 5 -3 10 8 28 -7 -8 20 14 11 13 -12 18 17 -16 -17 23 -1 21 -4 -6 -15 24 25 -5 -27 -28 -2 -14
right_child=1 2 4 9 19 6 7 -9 -10 -11 12 -13 29 22 15 16 -18 -19 -20 -21 -22 -23 -24 -25 -26 26 27 -29 -30 -31
leaf_value=-0.069539241838947594 -0.15336121141088285 0.14844195143541694 0.11640634164197028 0.0061960062233049141 0.056897456313401873 -0.069226840039623302 -0.010077955930993658 0.044206375662216496 0.057431845540842831 -0.24211639349942635 -0.020027394691318978 -0.24940322950983959 -0.024172406454406818 -0.04139780705601491 0.078231127484928151 -0.61186893350864535 0.083266995604980631 0.16754954852461379 -0.011116286520640679 0.074931501623685906 -0.0096230008976595123 0.013380764970786775 -0.14964764636419844 -0.070369815589049187 0.14404303624736348 -0.0098945610878181395 -0.1917505649831564 0.1925153905514011 0.023890586260565314 0.1823486688474491
leaf_weight=8847.5 1810.75 1748.25 1175 20448.75 13115.75 4741 27005.25 11277.5 6955.5 366.25 32230 634.75 611.75 2523 4989 133 147 682.5 14083.25 10404 34798 26067 3108 3712.75 899.75 2285.5 1291 138 713 947.25
leaf_count=12551 3463 6993 1256 28053 20822 6319 49785 20345 7686 367 42679 1090 707 2529 4989 133 147 798 18719 12033 42427 26850 3108 5416 905 4171 1291 138 1928 1059
internal_value=0.000351273 0.0141143 0.0247814 -0.0192677 0.022443 -0.00796193 -0.00236692 0.00591399 0.00469485 0.00278736 -0.0315561 -0.0513811 -0.0144245 -0.0469716 0.00537724 0.0608551 -0.247911 -0.00454731 -0.0336602 0.0378075 -0.00550322 0.0279484 -0.101162 -0.0086349 0.000512589 -0.00483753 -0.0655648 -0.15453 -0.102886 0.101344
internal_weight=237890 139811 94263.5 98079 92515.2 45547.5 43023.8 38282.8 42928.5 35093.5 62985.5 29196.5 33789 28561.8 34727.2 5269 280 29458.2 22930.8 49586.8 35973 39182.8 5631 28775.8 25063 24163.2 3714.5 1429 2523.75 1559
internal_count=328757 199907 118067 128850 111074 81840 76449 70130 51369 46408 82442 37997 44445 36907 46041 5269 280 40772 31270 59705 43683 47672 5637 39974 34558 33653 5600 1429 5391 1766
cat_boundaries=0 1 2 3 4
cat_threshold=16 8 4 8
is_linear=0
shrinkage=0.04


Tree=79
num_leaves=31
num_cat=1
split_feature=9 35 0 5 15 25 14 43 22 23 21 23 0 0 21 21 21 1 21 20 30 25 32 11 0 33 22 29 0 32
split_gain=38180.5 20766.5 20627.3 21653.9 22140.3 27921.6 24659.8 18288.4 17053.2 14750 18685.6 16325.3 14380.7 14285 14381.5 14140.2 15409.9 11515 11421.3 10172.5 18153.4 13839.8 11871.2 10366 12316.7 9916.94 9869.32 12714 9703.94 9643.21
threshold=2.5000000000000004 13.750000000000002 3.3649998903274541 30.500000000000004 3.5000000000000004 270.12500000000006 94.430000305175795 0 0.039931118488311775 1.0363268852233889 69.82138824462892 1.0098327398300173 3.2649999856948857 0.85500001907348644 82.352401733398452 75.186950683593764 73.963012695312514 1.0000000180025095e-35 84.860710144042983 79.000000000000014 0.2378378361463547 56.625000000000007 1.1403846740722658 0.083424910902977004 2.4750000238418584 2.6413021087646489 0.029187991283833984 16.750000000000004 0.58499997854232799 1.235544800758362
decision_type=2 2 10 2 2 2 8 9 8 10 10 8 8 10 10 10 10 8 10 2 10 2 10 10 10 10 10 2 8 10
left_child=2 13 3 4 6 9 19 8 -8 11 -11 -6 18 17 -15 16 -7 -2 -9 20 -1 -22 23 24 -21 -14 -17 -28 -5 -24
right_child=1 -3 -4 28 5 15 7 12 -10 10 -12 -13 25 14 -16 26 -18 -19 -20 22 21 -23 29 -25 -26 -27 27 -29 -30 -31
leaf_value=-0.18817705724094139 -0.22101586802922821 -0.0033423309405275804 0.06314795451913191 0.16966353491271099 0.087913724599500156 -0.15341794462737612 0.03923171919608065 -0.014633167706785974 0.15347577578173974 -0.039462343994531891 0.10284369097547651 -0.15084100437810663 0.052702015097697265 -0.035830057376340645 0.11588184492777577 0.091014583252400541 -0.52639519139393143 -0.073185846454395687 0.23229262628605946 -0.048638094358586702 -0.16447946497812868 0.12653694592147868 0.077778399591061101 0.030380649389488101 0.00045651818557502604 0.2937945242813092 0.059996682000787643 -0.56553531878379493 0.02649645737379654 -0.090832710649212431
leaf_weight=1409.5 971.5 47567 11568.25 768.5 603.25 3166 5988.25 14582.25 3211.75 3397.5 2609.25 1897.5 5526.75 32496.25 1030.5 616 187 6357.25 305 17620.5 399 754 3686 6238 15253.25 286.25 113 95 48781.25 635.5
leaf_count=2056 1309 67481 14227 1025 2023 3190 6628 18060 5071 5772 3324 4044 7104 46621 1125 616 187 9001 305 27879 504 754 4442 9622 22070 440 113 95 63332 646
internal_value=-0.000467397 -0.0213078 0.0118425 0.00754524 -0.00429976 -0.0532141 0.00387584 0.0321545 0.0790416 -0.0116249 0.0223596 -0.093233 0.0112694 -0.0422239 -0.0311635 -0.137897 -0.174371 -0.0928102 -0.00955879 -0.0145073 -0.0919369 0.0257709 -0.00993699 -0.0168886 -0.025859 0.0646233 0.0105506 -0.227023 0.0287204 0.052967
internal_weight=238121 88422.5 149698 138130 88580.5 12684.5 75896 29900.2 9200 8507.5 6006.75 2500.75 20700.2 40855.5 33526.8 4177 3353 7328.75 14887.2 45995.8 2562.5 1153 43433.2 39111.8 32873.8 5813 824 208 49549.8 4321.5
internal_count=329066 125537 203529 189302 124945 19364 105581 37608 11699 15163 9096 6067 25909 58056 47746 4201 3377 10310 18365 67973 3314 1258 64659 59571 49949 7544 824 208 64357 5088
cat_boundaries=0 1
cat_threshold=44
is_linear=0
shrinkage=0.04


Tree=80
num_leaves=31
num_cat=6
split_feature=1 21 25 25 46 6 22 15 20 23 24 25 24 6 19 14 43 43 20 20 22 20 46 46 25 24 42 11 10 6
split_gain=35706.1 23475.8 21390.2 16713.5 16211.2 27243.3 15011.9 14015.6 15097 13125.9 23836.6 12465.5 21859.1 18106.7 18969.5 18064.3 24574.3 19903.9 19937.9 15608.6 14862.9 13455.9 12477.7 11405.1 13637 14286.3 11796.3 11382.4 13358.1 11142.9
threshold=2.0649999380111699 73.370883941650405 503.87500000000006 11.625000000000002 0 98.250000000000014 0.04089885205030442 3.5000000000000004 159.00000000000003 1.0093430876731875 0.030471316538751129 306.87500000000006 0.32101716101169592 88.250000000000014 163.50000000000003 86.174999237060561 1 2 159.00000000000003 175.00000000000003 0.035433767363429076 159.00000000000003 3 4 40.375000000000007 0.076674163341522231 5 0.6670682728290559 34.750000000000007 183.25000000000003
decision_type=8 10 2 2 1 2 10 2 2 8 8 2 10 2 10 10 9 9 2 2 8 2 1 1 2 10 9 10 2 2
left_child=27 2 9 -3 5 -4 -6 -5 -9 -2 -11 15 13 -13 -15 16 21 19 -19 -17 -20 -12 -18 24 25 -22 -27 -1 -29 -25
right_child=1 3 4 7 6 -7 -8 8 -10 10 11 12 -14 14 -16 17 22 18 20 -21 23 -23 -24 29 -26 26 -28 28 -30 -31
leaf_value=-0.02535205940486816 0.05713866477328966 0.19982237470902392 0.015321774293639833 0.037071228764285723 0.10247852488426133 0.16918238887025336 -0.023574719872899004 0.27193508195075877 -0.049752754981504152 -0.061351005861059765 -0.1939057545826956 -0.081120939480021872 0.45875056472108083 0.079886785613321978 -0.04255383798550133 0.0074026344426668181 -0.035933256373744865 0.19222086236201893 0.17019759665400042 0.16047518002451178 -0.1642121813823611 -0.037186383961430702 0.01340399275385807 0.016933380143649205 -0.0029626085150864785 -0.029507890548377227 0.39441571242555662 -0.07660810910958897 -0.57423268205399225 0.197060879994225
leaf_weight=62513.5 4956.5 937.75 3993.25 40707.25 1962 3416.25 6573.25 244.5 4746.75 12505 1776.75 8067.25 142 3180 5567.75 1723.25 13229.25 963.25 878 2793.5 1967 1730.5 21577.75 20356.5 9758.5 988.25 116.5 260 128.5 563.75
leaf_count=82012 17747 1093 4018 48247 1962 3417 6574 267 5487 17425 2652 8077 142 3180 5576 2498 18399 1870 1013 5108 2402 2701 37555 33366 13879 1040 121 311 214 1022
internal_value=-0.000840154 0.00843106 -0.000374504 0.0327472 0.0429908 0.0862751 0.00540931 0.0293144 -0.0339425 -0.00650249 -0.00942687 -0.00261861 -0.0337157 -0.0379018 0.00195961 0.00410566 -0.0155362 0.0228688 0.0128091 0.101864 0.0078166 -0.116282 -0.00534668 0.00358732 -0.026103 -0.0995904 0.0155091 -0.0266957 -0.242264 0.0217968
internal_weight=238324 175422 128786 46636.2 15944.8 7409.5 8535.25 45698.5 4991.25 112841 107885 95379.8 16957 16815 8747.75 78422.8 38314.2 40108.5 35591.8 4516.75 34628.5 3507.25 34807 33750.5 12830.2 3071.75 1104.75 62902 388.5 20920.2
internal_count=329375 246838 191744 55094 15971 7435 8536 54001 5754 175773 158026 140601 16975 16833 8756 123626 61307 62319 54713 7606 52843 5353 55954 51830 17442 3563 1161 82537 525 34388
cat_boundaries=0 1 2 3 4 5 6
cat_threshold=4 4 44 8 8 16
is_linear=0
shrinkage=0.04


Tree=81
num_leaves=31
num_cat=2
split_feature=4 1 21 37 46 17 19 22 15 24 24 5 29 29 24 24 21 21 15 42 6 17 19 24 21 24 17 22 15 24
split_gain=35992.8 24631 19125.2 15216.7 20797.6 16894.2 15217.3 14319.5 12254.6 12962.5 12579.4 11886 11336.2 12958.5 10697.8 10248 14460.6 12813.6 10014.8 12582.9 21767.6 15203.9 13132.1 9816.23 12960.9 10335.1 9556.42 9141.5 8802.9 8800.53
threshold=2.8950001001358037 1.5649999976158144 69.361457824707045 69.650081634521499 0 4.5000000000000009 167.50000000000003 0.022006942890584472 2.5000000000000004 0.085462220013141646 0.077718771994113936 34.500000000000007 16.250000000000004 11.750000000000002 0.033479599282145507 0.0828399993479252 65.274761199951186 65.033275604248061 2.5000000000000004 1 219.25000000000003 3.5000000000000004 55.000000000000007 0.23999456316232684 58.025424957275398 0.18500563502311709 4.5000000000000009 0.085640735924243941 4.2500000000000009 0.032121617347002036
decision_type=2 8 10 8 1 10 8 10 2 10 10 2 2 2 10 10 10 10 2 9 2 8 10 10 10 10 10 8 2 10
left_child=1 12 15 5 6 -4 8 -8 9 -5 -10 -7 13 -1 -13 26 17 23 -6 20 -20 -21 -23 24 25 -17 28 -28 -3 -9
right_child=-2 2 3 4 18 11 7 29 10 -11 -12 14 -14 -15 -16 16 -18 -19 19 21 -22 22 -24 -25 -26 -27 27 -29 -30 -31
leaf_value=-0.0070414133663828198 0.037407217563765374 -0.033101168327556274 0.019429653993770279 0.031096918863133333 0.008064023689315131 -0.0058540464248746987 0.06199422761722384 -0.095821673371442165 0.063315531937547687 -0.18438112969616988 0.18602228016558894 0.081348152179108943 -0.012955276533947251 -0.084132971504127352 0.20449049331895761 0.0059396188420723778 0.023092362634849033 -0.15436810390513453 -0.91508548713346261 -0.05619085386244338 -0.12296919250641729 -0.094268115835170155 0.045679362469239211 0.048235963660605341 -0.020473574747613341 -0.31420200973058415 -0.023535108611442111 0.068508035273891987 -0.12252640894411855 -0.0057692484247635978
leaf_weight=4939 35072.25 30487.75 22167.25 4451.25 13020.25 1539.75 3632 2507.75 6213.5 495.5 1703 3539.5 14190.75 11882 1658.25 255 21033.25 1122.5 66.75 13906.25 309.75 1344 5300.5 3258.5 18470 438 4401 2839.5 1868.5 5640.5
leaf_count=7480 44655 62344 31513 4890 16459 2253 3632 3959 6668 497 1703 5524 18126 15191 1929 519 24016 1346 75 15875 375 1419 6403 3476 24401 531 6189 7401 3661 6122
internal_value=-5.77806e-06 -0.00647994 -0.000553174 0.0125419 0.000825228 0.036291 0.0287954 -0.00405006 0.0588737 0.00947947 0.0897329 0.0917555 -0.0392872 -0.0614993 0.120667 -0.0141651 -0.00101068 -0.0225436 -0.0194793 -0.0366156 -0.265467 -0.03241 0.0173613 -0.0159372 -0.0268515 -0.196556 -0.0289735 0.0125653 -0.038269 -0.0334931
internal_weight=237754 202682 171670 87495.8 58591 28904.8 24643.5 11780.2 12863.2 4946.75 7916.5 6737.5 31011.8 16821 5197.75 84174 44577.2 23544 33947.5 20927.2 376.5 20550.8 6644.5 22421.5 19163 693 39596.8 7240.5 32356.2 8148.25
internal_count=328632 283977 243180 109296 68077 41219 27471 13713 13758 5387 8371 9706 40797 22671 7453 133884 54289 30273 40606 24147 450 23697 7822 28927 25451 1050 79595 13590 66005 10081
cat_boundaries=0 1 2
cat_threshold=4 8
is_linear=0
shrinkage=0.04


Tree=82
num_leaves=31
num_cat=2
split_feature=21 4 19 22 25 25 46 24 5 14 23 23 4 19 0 25 37 46 19 5 17 25 24 22 25 19 21 17 25 22
split_gain=30991.2 24415.8 19935.3 25236.6 20554.8 44092.9 22640.1 20424.2 20278.2 21610.7 19155.8 19699.9 19090.4 19031.2 17363.1 16858.6 16506.4 15323.4 14354.4 13616.4 14301.9 13354.8 12508.7 20252.2 16283.8 14756.2 13435.6 13507.1 12405.9 11494.3
threshold=65.274761199951186 2.8850001096725468 167.50000000000003 0.022006942890584472 503.87500000000006 283.12500000000006 0 0.11829317733645441 35.500000000000007 95.384998321533217 1.0067822337150576 1.0926440954208376 0.50499999523162853 59.500000000000007 1.1349999904632571 31.375000000000004 74.125808715820327 1 190.50000000000003 34.500000000000007 1.5000000000000002 116.37500000000001 0.029313701204955581 0.063392549753189101 42.625000000000007 190.50000000000003 77.486328125000014 1.5000000000000002 667.37500000000011 0.064443275332450881
decision_type=8 2 8 8 2 2 1 10 2 10 8 10 2 10 10 2 10 1 10 2 10 2 8 8 2 10 10 10 2 8
left_child=15 2 8 -4 5 22 7 28 9 10 -2 13 -7 14 21 -1 -10 -17 -14 20 -20 -12 24 25 -5 26 -24 -28 -6 -25
right_child=1 -3 3 4 6 12 -8 -9 16 -11 11 -13 18 -15 -16 17 -18 -19 19 -21 -22 -23 23 29 -26 -27 27 -29 -30 -31
leaf_value=-0.10912918109619975 0.12988964813444376 0.038504627671671711 0.031245607025226167 0.052559131995601104 0.15854532746223499 -0.013556473680131097 -0.027057143995801041 -0.1715960197689502 0.049558950595696337 0.044507297482854764 -0.029248447168652405 0.020469448002586862 -0.092124775468572118 -0.062184631513269688 0.01001103542312198 -0.056092550376281525 -0.052964468330748693 -0.0034675511111148232 -0.013900175034094965 -0.1120878337268069 -0.30665460357123059 -0.17226358572082132 -0.0090304949881685904 -0.25252858508281351 -0.081855352244911792 0.13727250514734132 -0.0638182295288552 0.50873313795227604 -0.21253108786360211 -0.01977218053597983
leaf_weight=4012.75 1521 32255.75 13030.5 1841.5 2842 2903.25 5466 379 25917.25 14223.75 3283 18485.25 6233 16676.25 19567 14046.75 2781.5 23941.25 316 1880.75 1725.25 1531.75 3430.5 350.75 6637 2569.25 109 165 151 9737.5
leaf_count=9946 5583 40778 13632 7339 2842 2904 5466 379 35401 17763 7222 20301 6233 25329 27016 18957 2924 30047 316 1994 1726 1552 4734 476 13459 3590 109 165 151 20677
internal_value=1.47982e-05 0.0066963 0.000430572 -0.0179783 -0.0317028 -0.0445127 0.0232266 0.104721 0.0110114 0.000105446 -0.0102376 -0.0138193 -0.104017 -0.0292571 -0.00673398 -0.0311659 0.0396207 -0.0229277 -0.129875 -0.189829 -0.261365 -0.074774 -0.0132291 0.00720381 -0.0526578 0.06363 0.012531 0.281548 0.139758 -0.0278893
internal_weight=238010 196010 163754 59767.2 46736.8 37898.8 8838 3372 103987 75288 61064.2 59543.2 13058.2 41058 24381.8 42000.8 28698.8 37988 10155 3922 2041.25 4814.75 24840.5 16362 8478.5 6273.75 3704.5 274 2993 10088.2
internal_count=329011 270061 229283 86192 72560 63722 8838 3372 143091 104766 87003 81420 13173 61119 35790 58950 38325 49004 10269 4036 2042 8774 50549 29751 20798 8598 5008 274 2993 21153
cat_boundaries=0 1 2
cat_threshold=4 8
is_linear=0
shrinkage=0.04


Tree=83
num_leaves=31
num_cat=4
split_feature=1 4 4 17 25 37 5 30 44 25 21 21 5 20 19 12 10 25 46 43 20 21 4 33 21 2 7 25 15 43
split_gain=30465.2 19601.2 15999.1 14709.3 14070.7 13665.3 12767 11585.5 13226.8 12811.3 11364.3 10719.9 10525.4 10339.6 13198.8 11429.5 12566.9 10540 10220.3 10087.7 9546.8 9140.58 8965.33 8833.28 8567.45 8379.48 8157.61 14634.1 14362.7 8372.69
threshold=2.8950001001358037 2.3950001001358037 1.0000000180025095e-35 4.5000000000000009 75.375000000000014 73.251422882080092 1.5000000000000002 0.1282673925161362 0 6277.3750000000009 79.423103332519545 74.166954040527358 57.500000000000007 79.000000000000014 49.500000000000007 2.5000000000000004 2.5000000000000004 33.125000000000007 1 2 171.50000000000003 73.253711700439467 2.1650000810623173 4.5532755851745614 89.845905303955092 -2.3749999999999996 25.500000000000004 275.25000000000006 3.5000000000000004 3
decision_type=10 2 2 10 2 8 2 8 9 2 10 8 2 2 10 8 2 2 1 9 2 10 2 8 10 10 2 2 2 9
left_child=1 2 7 5 10 6 -4 12 9 -9 20 26 -1 14 -8 16 17 -15 -2 -7 21 -5 -17 -10 -6 -20 27 -3 -29 -28
right_child=18 11 3 4 24 19 13 8 23 -11 -12 -13 -14 15 -16 22 -18 -19 25 -21 -22 -23 -24 -25 -26 -27 29 28 -30 -31
leaf_value=0.023406623714035148 0.010608334955152829 -0.0023284603507704831 0.10909179428779833 -0.094193929097578191 -0.018543951157162075 0.05890731149999575 -0.19186733917730187 -0.013791613379232149 -0.25243164946856539 -0.60627117600948255 0.36700882868295326 0.037445105635735179 -0.11282504119096536 0.042638656160461814 -0.003308475091409423 -0.042657505651532299 0.063015544398371773 -0.12082820951195754 0.24737863184877082 -0.081504763987726728 0.09281014755468199 0.27559253866594186 -0.0098093561876711442 0.10629142919698156 0.16887095211402028 0.047284337000418786 0.037576138200275125 -0.032427594581251128 -0.20239283868006333 -0.0072202706644632865
leaf_weight=27831.25 20160.25 14589 1122.25 880 11482.5 879.5 1339 9666.25 638.5 57.75 198.75 18078.5 937 1143 1067 34244.5 4625.25 1407 339.5 11026 3081.75 120.75 21731.75 132 403 20501.25 13225.25 2197 1246.5 13467
leaf_count=34927 27223 20754 1654 1492 12945 1472 1765 17953 898 81 405 26582 946 2526 1067 46999 6780 1986 416 18181 9276 126 29204 261 403 24336 17090 2200 1248 17577
internal_value=-0.000452175 -0.00698659 -0.015628 -0.0245246 0.010222 -0.0316728 -0.0246238 0.00584199 -0.0301313 -0.0173548 0.0723902 0.011453 0.0189656 -0.0269145 -0.108284 -0.0238127 0.0237141 -0.047567 0.0309144 -0.0711466 0.0579598 -0.0493411 -0.0299053 -0.18847 -0.0121753 0.0505558 0.000945835 -0.0198376 -0.0939948 0.0149869
internal_weight=237819 196818 134015 94752 16166.8 78585.2 66679.8 39262.8 10494.5 9724 4281.25 62803.2 28768.2 65557.5 2406 63151.5 7175.25 2550 41001 11905.5 4082.5 1000.75 55976.2 770.5 11885.5 20840.8 44724.8 18032.5 3443.5 26692.2
internal_count=328773 276798 191347 136281 24647 111634 91981 55066 19193 18034 11299 85451 35873 90327 2832 87495 11292 4512 51975 19653 10894 1618 76203 1159 13348 24752 58869 24202 3448 34667
cat_boundaries=0 1 2 3 4
cat_threshold=12 8 40 104
is_linear=0
shrinkage=0.04


Tree=84
num_leaves=31
num_cat=2
split_feature=1 1 46 0 23 25 25 15 20 19 35 25 22 24 29 46 22 23 19 5 20 24 37 24 23 14 15 15 40 29
split_gain=29044.8 19035.7 14318.6 19251 14526.6 14388 18485.8 25304.7 29320.1 23802.2 21234 20987.4 24941.8 17010.6 16576.7 15689.1 16910.4 13773 13433.8 13828.7 13078.5 19477.6 12874.8 12867.8 12700.5 11233.3 11034.5 10847.1 10232.7 10158
threshold=3.0049999952316289 1.5649999976158144 0 2.7050000429153447 1.0067822337150576 688.25000000000011 425.87500000000006 3.5000000000000004 218.00000000000003 167.50000000000003 15.250000000000002 371.37500000000006 0.023127569817006591 0.011371919419616463 16.750000000000004 1 0.020953977480530742 1.0130522251129153 9.5000000000000018 31.500000000000004 110.00000000000001 0.23295158147811892 79.18634414672853 0.098097115755081191 1.1897620558738711 81.020000457763686 1.0000000180025095e-35 1.5000000000000002 0.20490534603595736 16.250000000000004
decision_type=10 8 1 10 8 2 2 2 2 8 2 2 10 8 2 1 10 8 8 2 2 10 8 8 10 10 2 2 10 2
left_child=1 29 3 4 -3 6 7 8 9 20 -8 17 -13 -10 28 16 -11 -9 -6 -20 21 -4 -5 -19 -17 -23 -22 -28 -7 -1
right_child=-2 2 5 22 18 14 10 11 13 15 -12 12 -14 -15 -16 24 -18 23 19 -21 26 25 -24 -25 -26 -27 27 -29 -30 -31
leaf_value=-0.055111291116573008 0.036428731714004951 0.043014310743454111 -0.16655546275714644 0.02174320382401173 0.025025898025360819 -0.10863948041437668 0.027669529113640658 -0.31109786458953625 -0.095813688047175868 0.024719982753016519 0.15017873621267497 0.25546198041801865 -0.33216852037330136 0.10346857735068875 0.025501507454514422 0.039725258269507673 -0.081659986459591161 0.0096939842182822422 -0.063202781981767223 -0.01612535580216103 -0.23356744330939894 0.033906714415782462 -0.16874920897022133 -0.075550078250422037 0.61952322338473409 0.51379293977960627 0.22314568539130603 0.022623121053573413 -0.39292063732610444 -0.0094563377817008503
leaf_weight=16911.25 30525.25 4252 1339.5 21956.75 5392.75 2017 8800 276 752.5 3171.5 3047 137 716 7595.25 1807.5 2431.5 9706.75 6822.25 22361 18037 265.75 461 581.75 4844.5 61 93 434.5 48740 224.5 14469.25
leaf_count=22840 38476 15283 2544 27314 7351 2020 8800 276 766 7664 3047 137 716 11535 1824 4473 13405 9823 28577 22579 568 461 593 9724 61 93 796 68807 229 18430
internal_value=-3.17653e-06 -0.00535752 -0.000248935 -0.0138765 -0.0277014 0.00928518 0.0122875 0.00596184 0.0148263 0.00598132 0.0591888 -0.0460288 -0.237596 0.0854947 -0.0646219 -0.0376832 -0.0554618 -0.0323272 -0.0342688 -0.0421846 0.0190562 -0.0840845 0.0168189 -0.0257058 0.0541593 0.115253 0.0230081 0.0243995 -0.137276 -0.0340613
internal_weight=238231 207706 176325 72581.2 50042.8 103744 99695 87848 75052.2 66704.5 11847 12795.8 853 8347.75 4049 15370.8 12878.2 11942.8 45790.8 40398 51333.8 1893.5 22538.5 11666.8 2492.5 554 49440.2 49174.5 2241.5 31380.5
internal_count=329212 290736 249466 101697 73790 147769 143696 131849 111173 98872 11847 20676 853 12301 4073 25603 21069 19823 58507 51156 73269 3098 27907 19547 4534 554 70171 69603 2249 41270
cat_boundaries=0 1 2
cat_threshold=8 4
is_linear=0
shrinkage=0.04


Tree=85
num_leaves=31
num_cat=3
split_feature=21 38 21 1 46 43 25 25 15 25 46 24 22 21 24 18 23 24 17 25 0 15 24 23 21 26 21 25 20 24
split_gain=27985.2 21417.3 18258.1 17282 14136.8 12585.2 12556.2 23825.7 12361.5 17346.1 11925.9 15279.2 11762.1 10947.9 19498.4 18453.5 14345.8 13707.5 10757.6 10865.7 10530.7 10439.5 14953.2 10255.5 9900.93 10430.3 12526.2 9807.89 9446.79 9326.76
threshold=67.42453765869142 1.0020086169242861 88.269744873046889 2.5949999094009404 0 1 688.25000000000011 633.12500000000011 3.5000000000000004 150.37500000000003 2 0.032121617347002036 0.089567773044109358 62.218965530395515 0.17777217924594882 1.5000000000000002 1.1822507977485659 0.14417530596256259 2.5000000000000004 127.87500000000001 1.485000014305115 2.5000000000000004 0.016027906909585003 1.1787788271903994 59.264097213745124 1.5000000000000002 60.305234909057624 320.62500000000006 110.00000000000001 0.21650596708059314
decision_type=10 8 10 10 1 9 2 2 2 2 1 10 8 8 10 10 10 10 10 2 8 2 10 10 10 2 10 2 2 10
left_child=4 -2 3 -3 20 -6 7 8 12 -10 -5 -12 -7 14 15 18 23 -18 -14 -20 -1 -4 -23 28 -16 26 -26 -11 -15 -29
right_child=1 2 21 10 5 6 -8 -9 9 27 11 -13 13 16 24 -17 17 -19 19 -21 -22 22 -24 -25 25 -27 -28 29 -30 -31
leaf_value=-0.089846691758466962 0.11760107695325073 -0.00392083257435453 0.21259375678297299 0.0033950783110640514 -0.091708543445824534 -0.055822516312836523 -0.16281747306099995 0.20938756286055346 -0.096839941221936676 0.078002467622433416 0.0041517775256757787 0.064143264823903853 -0.096888114632016742 -0.1556532318257266 -0.025766396997420071 0.0015335499616000326 0.50544521871231907 0.088662261424944169 -0.15692638042331089 -0.45632806684306032 -0.029822757113710633 -0.17272214149095078 0.15006577743888258 -0.24436472644810942 0.24374820613587334 -0.17092617163703772 0.03243928553902909 -0.0095212774555194796 0.02505856402608906 -0.22018266790019783
leaf_weight=5766.25 2867.25 101665.75 1065 23954.5 2604.5 3999 758 862 4792 2005.25 10895.75 18038.5 970.5 474 2205 1610.75 130 3538.25 418.75 363 24743.25 361 627 236 815.5 208 997.75 2757 18091 382
leaf_count=9406 11469 125782 1104 28654 4640 5232 758 862 11161 2036 13670 21151 1215 1188 2310 2801 130 3881 991 363 37509 361 627 236 841 208 1132 2757 36298 382
internal_value=-0.000348174 0.00928497 0.0073011 0.00572655 -0.0198615 -0.00637816 -0.00148346 0.00124601 -0.00283683 -0.0420896 0.0242711 0.0415534 0.00861593 0.0171906 -0.0243441 -0.0962046 0.03122 0.103568 -0.186002 -0.296362 -0.0411699 0.125775 0.0320646 0.0170993 0.0328466 0.0967712 0.127559 0.00891984 0.0204363 -0.0352209
internal_weight=238202 159475 156608 154554 78727.8 48218.2 45613.8 44855.8 43993.8 9936.25 52888.8 28934.2 34057.5 30058.5 7589.25 3363 22469.2 3668.25 1752.25 781.75 30509.5 2053 988 18801 4226.25 2021.25 1813.25 5144.25 18565 3139
internal_count=329155 202818 191349 189257 126337 79422 74782 74024 73162 16336 63475 34821 56826 51594 9861 5370 41733 4011 2569 1354 46915 2092 988 37722 4491 2181 1973 5175 37486 3139
cat_boundaries=0 1 2 3
cat_threshold=8 4 8
is_linear=0
shrinkage=0.04


Tree=86
num_leaves=31
num_cat=5
split_feature=9 0 21 0 5 19 26 4 25 15 22 21 29 24 46 30 25 17 30 21 44 46 25 23 43 25 6 25 42 9
split_gain=27046.2 16509 17186.8 16210.2 16102.2 19093.8 14615.4 14451 14553.1 20953.4 15007.8 13862.8 14326 13275.4 12725 9782.12 9663.72 10010.6 10900.9 9245.6 9236.7 8767.12 14975.6 14875.1 8698.45 9683.13 10426.2 9470.76 12331.8 8638.03
threshold=3.5000000000000004 1.2050000429153445 82.929309844970717 3.3349999189376835 30.500000000000004 10.500000000000002 1.5000000000000002 1.8450000286102297 275.25000000000006 3.5000000000000004 0.029187991283833984 70.907726287841811 15.750000000000002 0.32101716101169592 0 0.12447538971900941 688.25000000000011 4.5000000000000009 0.066615313291549696 62.218965530395515 1 2 136.25000000000003 1.0130522251129153 3 62.875000000000007 222.25000000000003 203.12500000000003 4 13.500000000000002
decision_type=2 10 10 10 2 8 2 2 2 2 10 10 2 10 1 10 2 10 10 8 9 1 2 10 9 2 2 2 9 2
left_child=3 14 16 4 5 6 20 -7 19 13 -11 -12 -13 -10 -2 -8 17 18 -3 -9 -1 22 23 -21 -19 -26 27 -27 -29 -16
right_child=1 2 -4 -5 -6 7 15 8 9 10 11 12 -14 -15 29 -17 -18 24 -20 21 -22 -23 -24 -25 25 26 -28 28 -30 -31
leaf_value=-0.061750601128482456 -0.10362327006369279 -0.053782238934126286 0.12190167627742841 0.051704743440819323 0.022337921924103016 0.0098952460134822534 -0.029977363375793892 -0.096632133188614924 -0.033822772770919329 0.00094122873579067807 -0.13253724420465166 -0.079006427500589907 -0.44672836557711421 0.38833177614113518 -0.00026468277108490748 -0.28115118661890243 -0.11904396663581922 -0.13307775425644292 -0.0083669461232065128 0.083679832564542381 0.058108932481402115 0.011069296448958791 0.028180085236975759 -0.063584701584082831 0.097089423645070824 -0.033985475261031399 -0.39141316726716974 -0.002670144485101673 0.12310969179774424 -0.077335690283448055
leaf_weight=1108.5 5807 11509.5 1528 13013.5 55390 28493 1755.25 2040.75 7962.5 918 2197.25 250 529 120 6221.25 288 1366.5 552 31872.25 1203.5 13219 17705 5413 12359.5 2536.5 3868.5 102 3047.5 2110 3716
leaf_count=1659 8795 17781 1678 16066 72358 41351 3631 3387 7970 918 2198 250 529 120 8013 324 1368 657 44092 4814 19798 25556 5473 16453 7446 5670 102 3103 2110 5336
internal_value=-0.000197914 -0.0202289 -0.0104421 0.00887135 0.00517837 -0.00476778 0.0345558 -0.0128973 -0.0257069 -0.0642395 -0.140449 -0.184047 -0.328975 -0.0275073 -0.0565857 -0.065503 -0.0139941 -0.0114101 -0.020417 -0.0137872 0.0488291 -0.00917546 -0.028064 -0.0505118 0.0205731 0.0279456 0.00875345 0.0133189 0.0488011 -0.0290904
internal_weight=238203 74237 58492.8 163966 150952 95562.2 16370.8 79191.5 50698.5 11976.8 3894.25 2976.25 779 8082.5 15744.2 2043.25 56964.8 55598.2 43381.8 38721.8 14327.5 36681 18976 13563 12216.5 11664.5 9128 9026 5157.5 9937.25
internal_count=329006 106151 84007 222855 206789 134431 25412 109019 67668 11985 3895 2977 779 8090 22144 3955 82329 80961 61873 55683 21457 52296 26740 21267 19088 18431 10985 10883 5213 13349
cat_boundaries=0 1 2 3 4 5
cat_threshold=8 20 8 128 16
is_linear=0
shrinkage=0.04


Tree=87
num_leaves=31
num_cat=3
split_feature=21 25 35 25 24 19 25 21 14 43 24 19 15 24 43 21 23 11 39 25 15 21 15 18 6 25 46 0 37 24
split_gain=24523.7 22501.2 21994.2 18354 17984.8 16586.5 31220.5 22859.9 17535.8 16043 17357.3 15446.6 15097.7 16856.5 14439 14428.7 14187.4 14382.7 14077.5 14136.5 13746.6 12558.1 13485.5 12492.6 12194.1 11816.4 11660.6 10510.4 13238 10430.4
threshold=73.370883941650405 503.87500000000006 10.750000000000002 11.625000000000002 0.086690917611122145 167.50000000000003 270.12500000000006 62.218965530395515 88.220001220703139 0 0.10779173672199251 49.500000000000007 3.5000000000000004 0.059085447341203697 1 74.36978912353517 1.2001963853836062 0.032068422064185149 3.4411590099334721 496.37500000000006 1.5000000000000002 68.435859680175795 4.2500000000000009 1.5000000000000002 206.25000000000003 437.50000000000006 2 3.0749999284744267 70.040252685546889 0.092986833304166808
decision_type=10 2 2 2 10 8 2 8 10 9 10 10 2 10 9 10 10 10 10 2 2 10 2 10 2 2 1 10 8 10
left_child=1 5 -3 -2 23 7 24 11 14 -10 -11 -1 26 15 -9 25 17 -8 19 -13 -16 22 -6 -4 -7 -14 27 28 -5 -24
right_child=3 2 4 12 21 6 16 8 9 10 -12 18 13 -15 20 -17 -18 -19 -20 -21 -22 -23 29 -25 -26 -27 -28 -29 -30 -31
leaf_value=-0.1134452149550336 0.18309161560649392 -0.04520220431454685 0.038520270127905029 0.040783214038738906 0.014627761595292055 -0.010491610492214894 -0.047798502161837578 -0.057974424487498163 0.10179213439147017 -0.0013615035665528411 0.075709911350901937 -0.03990685104823536 -0.12798428097543454 0.2121827197136292 0.24185045817413578 -0.025215819206503825 0.17948370773724148 -0.12016281818396403 0.1675082177720445 0.3847172273594564 -0.0026064369185975354 -0.081297719909055766 -0.088638217519098353 0.14075359000622331 0.15969121671700529 -0.48002157477571411 0.044080244005790352 0.059414717132986843 -0.030598183357349155 0.22128978152780779
leaf_weight=4300.75 1117.75 4778.25 3361 6159.75 6534.5 28874.5 10653.75 8137.5 4146.75 19541.25 6144.75 10279 981.25 397 369.5 4612.5 349 7482 580.5 126 55752.75 1772 213 4439.75 688.75 180 27939.5 4704.5 12779.5 930
leaf_count=5998 1294 4782 3361 8781 6536 57772 10707 11721 7230 27966 7176 14503 1189 397 686 5457 349 7560 693 126 83403 1772 213 4466 1249 180 33002 5222 14608 930
internal_value=0.000218795 -0.00713042 0.0307331 0.0226208 0.0517685 -0.0124288 -0.0320182 -0.00382329 0.00354745 0.0288906 0.0170714 -0.0491904 0.0195119 -0.0396135 -0.00821835 -0.0569614 -0.0727934 -0.077658 -0.0240267 -0.034728 -0.000992443 0.0146561 0.0368108 0.0967168 -0.00652137 -0.182921 0.0265856 0.00591129 -0.00738115 0.163504
internal_weight=238327 179455 22028.5 58871.8 17250.2 157427 48048 109379 94092.5 29832.8 25686 15286.2 57754 6170.75 64259.8 5773.75 18484.8 18135.8 10985.5 10405 56122.2 9449.5 7677.5 7800.75 29563.2 1161.25 51583.2 23643.8 18939.2 1143
internal_count=329329 259199 22060 70130 17278 237139 77637 159502 138182 42372 35142 21320 68836 7223 95810 6826 18616 18267 15322 14629 84089 9451 7679 7827 59021 1369 61613 28611 23389 1143
cat_boundaries=0 1 2 3
cat_threshold=12 132 8
is_linear=0
shrinkage=0.04


Tree=88
num_leaves=31
num_cat=4
split_feature=1 20 19 19 5 21 12 24 25 25 46 19 39 24 22 21 24 24 14 24 25 21 11 24 43 24 21 21 46 43
split_gain=24592.2 21499.1 26052.1 16266.3 20191.3 19593.3 16352.9 16286.4 15269.5 23701.4 27954.3 20770.8 14927.5 14721.1 13517.6 13330.6 15468.4 12822.3 12763.7 16926.8 15376.7 12743.2 12214.2 11712.7 17505.3 13488.3 10893.5 9959.66 9837.2 11706.4
threshold=3.0649999380111699 79.000000000000014 49.500000000000007 64.000000000000014 33.500000000000007 60.847053527832038 2.5000000000000004 0.32101716101169592 86.125000000000014 408.87500000000006 0 190.50000000000003 3.4411590099334721 0.018213074654340747 0.2952589094638825 79.866088867187514 0.021594260819256309 0.0046844331081956634 95.729999542236342 0.025033464655280117 175.25000000000003 78.888462066650405 0.55588430166244518 0.15451136976480487 1 0.14417530596256259 80.563640594482436 76.922286987304702 2 3
decision_type=10 2 10 8 2 8 8 10 2 2 1 10 10 10 10 10 10 8 10 8 2 10 10 8 9 10 10 10 1 9
left_child=1 2 -1 5 6 14 17 28 13 15 11 -11 -4 -6 -3 21 26 -5 20 -20 -19 27 23 25 -25 -7 -17 -10 -8 -30
right_child=-2 3 12 4 8 22 7 -9 9 10 -12 -13 -14 -15 -16 16 -18 18 19 -21 -22 -23 -24 24 -26 -27 -28 -29 29 -31
leaf_value=-0.19543960043060182 0.03575446273082146 -0.13523386353400332 -0.066011530119282125 0.15854051963037954 -0.0096630578298683364 0.014875759071061168 -0.064237896738313718 0.30540296807493117 -0.03419624629721342 0.051893080515844188 -0.0043211605980434291 0.20776424276196059 0.14235486625973137 0.084142820840610727 0.17047718222480804 0.16965610466297362 0.40715433530399098 -0.00078357622204990247 -0.082119090110937751 0.054315702430402374 -0.088672550135498546 -0.21933266619808545 -0.17209201993704898 -0.087316512123022647 0.10351351663454159 -0.11901782649774009 -0.085395827127742227 0.092810157250075354 -0.0050162929536433703 -0.059809329198139888
leaf_weight=2069 27095.5 2096.25 1938 788.5 4380 65775.75 18599.75 216 25815.5 4990.25 13606 1884 767 6881 259.25 510.5 215 9928.25 1771.75 8115.75 4688.5 576 549.25 912.25 4706.25 1225.25 561.75 1026.25 16133 10170
leaf_count=3215 34105 2790 1938 2950 17088 85920 26342 216 28544 4991 13606 1884 767 16841 410 563 215 15671 1876 10524 4690 576 967 2242 9627 1304 603 1132 22148 15573
internal_value=-0.000119988 -0.00472356 -0.0886341 -0.00278211 -0.0113133 0.0119995 -0.0258713 -0.040304 0.00564477 -0.00397506 0.0288971 0.0946367 -0.0068972 0.0476588 -0.101527 -0.0274288 0.0983256 -0.000124622 -0.00523659 0.0298616 -0.0289794 -0.0333364 0.0156556 0.017078 0.0725474 0.0124254 0.036076 -0.0293369 -0.0419738 -0.0262282
internal_weight=238252 211156 4774 206382 130858 75524.2 70411.5 45118.8 60446.2 49185.2 20480.2 6874.25 2705 11261 2355.5 28705 1287.25 25292.8 24504.2 9887.5 14616.8 27417.8 73168.8 72619.5 5618.5 67001 1072.25 26841.8 44902.8 26303
internal_count=329318 295213 5920 289293 186033 103260 99990 64279 86043 52114 20481 6875 2705 33929 3200 31633 1381 35711 32761 12400 20361 30252 100060 99093 11869 87224 1166 29676 64063 37721
cat_boundaries=0 1 2 3 4
cat_threshold=4 4 8 16
is_linear=0
shrinkage=0.04


Tree=89
num_leaves=31
num_cat=1
split_feature=21 9 24 22 2 21 25 22 25 7 24 21 24 21 23 19 25 15 24 42 23 24 30 21 20 21 4 35 8 10
split_gain=22860.7 17422.1 14781.3 14691.7 17629.5 14452.1 13631.1 12932.9 12648.5 20945.7 16793.4 15498.5 17037.2 15428.7 13703 15309.7 11930.5 11881.9 14607.1 11793.2 11583.3 12199.2 21743.8 17055.5 11725.2 12614.6 11328.9 11039.8 10554.3 10458.7
threshold=75.95770645141603 3.5000000000000004 0.038812935352325446 0.07651377841830255 -1.1649999618530271 84.860710144042983 503.87500000000006 0.018888808786869053 306.87500000000006 24.500000000000004 0.32101716101169592 58.025424957275398 0.077221378684043898 63.80848693847657 1.2191055417060854 5.0000000000000009 298.37500000000006 2.5000000000000004 0.016027906909585003 0 1.0009922981262209 0.027849436737596992 0.15126264840364459 71.774669647216811 218.00000000000003 74.447555541992202 2.4150000810623173 8.7500000000000018 17.500000000000004 200.25000000000003
decision_type=10 2 10 10 10 10 2 10 2 2 10 8 10 10 10 10 2 2 10 9 8 8 10 8 2 8 2 2 2 2
left_child=1 6 3 5 -5 -2 8 -4 11 10 -10 -1 20 14 15 -14 -17 -7 -19 -11 -13 22 28 27 -25 -26 29 -23 -22 -3
right_child=2 26 7 4 -6 17 -8 -9 9 19 -12 12 13 -15 -16 16 -18 18 -20 -21 21 23 -24 24 25 -27 -28 -29 -30 -31
leaf_value=-0.1155702951732229 0.0098200599679394793 -0.026389340982033157 -0.3426708561678502 0.027585215922910723 -0.66062207735862066 0.15867472297570179 0.036426133727091164 0.095278322770667417 -0.092468792878698899 0.067514238067498719 0.38080955231824859 0.06282715093791548 -0.74094794845581047 0.045086140294723138 0.058847035709227641 -0.037855169264927255 -0.50714531233771287 -0.11994581982071507 0.11224934203406886 -0.021895069207389366 -0.14918873146094488 0.042538041471711571 0.19013779864089297 0.013736707011110488 0.16584855301672791 0.0021488416731609951 0.040829388438143883 -0.030534524957864306 -0.042945249324373845 -0.53504125641671851
leaf_weight=1711.75 27325.75 61278.25 109 127 111 2042.25 16668.25 5713 7267.5 3121 121 3654 50 24669.25 2626.5 5803.5 87 731 1062 9675 1792.25 3801.25 582.5 16217.25 1830.25 1279.5 4219 25453.75 9039 63.75
leaf_count=2179 32578 89071 109 127 111 2214 16693 5986 7275 3121 121 14616 50 29677 3132 9402 87 731 1062 9750 1991 6607 809 28419 2434 3930 6514 36538 13827 120
internal_value=-0.000307478 -0.0056395 0.0284873 0.0176315 -0.29479 0.0200272 0.0025533 0.0870209 -0.00220017 -0.0310482 -0.084667 0.00370569 0.00581423 0.0290262 -0.0172188 -0.0508551 -0.044872 0.0927293 0.0175678 -8.38664e-05 -0.00630667 -0.0105183 -0.0477288 -0.00177522 0.0273828 0.0985183 -0.0225659 -0.0210386 -0.0605379 -0.0269267
internal_weight=238232 201012 37221 31399 238 31161 135450 5822 118782 20184.5 7388.5 98597.8 96886 33236.2 8567 5940.5 5890.5 3835.25 1793 12796 63649.8 59995.8 11413.8 48582 19327 3109.75 65561 29255 10831.2 61342
internal_count=329281 286363 42918 36823 238 36585 190658 6095 173965 20267 7396 153698 151519 42348 12671 9539 9489 4007 1793 12871 109171 94555 16627 77928 34783 6364 95705 43145 15818 89191
cat_boundaries=0 1
cat_threshold=4
is_linear=0
shrinkage=0.04


Tree=90
num_leaves=31
num_cat=1
split_feature=1 1 21 10 46 25 25 25 21 23 35 19 23 5 23 25 20 2 19 23 5 20 25 19 14 0 24 25 33 23
split_gain=23123.9 17812.5 14030.2 12154.8 10405.6 17146.1 13143 13924.8 17441.4 17471.5 13641 14038.9 13070.4 11947.8 11445.3 11302.4 13094.5 11454.5 9664.52 9350.38 9183.57 16649.9 16200.2 13952.2 13317.4 15932.7 15104.4 11594.9 11087 11829.6
threshold=1.5349999666213991 3.2549999952316289 69.559341430664077 178.50000000000003 0 64.625000000000014 667.37500000000011 444.87500000000006 82.007011413574233 1.0389261841773989 10.250000000000002 23.000000000000004 1.0009922981262209 61.500000000000007 1.0181156396865847 377.37500000000006 218.00000000000003 0.45499999821186071 9.5000000000000018 1.0527035593986513 44.500000000000007 184.00000000000003 627.62500000000011 7.5000000000000009 88.220001220703139 3.3850001096725468 0.021311569027602676 270.12500000000006 2.6413021087646489 1.1546697616577151
decision_type=8 10 10 2 1 2 2 2 10 10 2 10 10 2 10 2 2 8 8 10 2 2 2 10 10 8 8 2 10 8
left_child=3 2 20 -1 12 -6 7 8 9 14 11 -9 -4 15 -7 16 17 -11 -14 -17 21 24 23 -23 26 -26 -2 -25 29 -27
right_child=1 -3 4 -5 5 6 -8 10 -10 13 -12 -13 18 -15 -16 19 -18 -19 -20 -21 -22 22 -24 27 25 28 -28 -29 -30 -31
leaf_value=-0.032115131643333655 0.085428627699501367 0.047848701270491158 0.12265055470633549 -0.53452561846194635 0.058987975382685152 0.015955694368934448 -0.10886119543084669 -0.36263795855294834 0.087850133532065583 0.062595277055038145 0.11164452609344439 0.016046788918186818 0.039211322696679367 -0.13462081922440403 -0.062382795666431741 -0.28706419007206047 0.13492005875090976 -0.020862893232273513 -0.014481456085080493 -0.013677246186495613 0.011991864796664857 0.26709995297347872 0.080140776227040064 -0.039571935087482475 0.0047274788039906174 0.14317765554375239 -0.025395523366087209 -0.10707646953408068 0.24302111249200012 -0.024958032787333554
leaf_weight=29953 2091 13918.5 1287.75 76.25 15404.25 4280.75 1452 171 3472 5751.25 4034 1753 6281.25 719.5 9846.25 298 2046.5 4848.75 36685.25 606 23098 208.5 1473 12727.25 13098.75 1436.75 33115 5986.75 705.25 1252.5
leaf_count=39367 6180 17343 5151 134 24537 4787 1452 171 3556 6010 4034 1753 7578 760 11053 298 2189 4914 42776 606 35026 777 1473 27680 18036 1955 50053 5998 1231 2139
internal_value=-0.000596657 0.00413948 0.00100542 -0.0334087 0.0115533 0.023223 0.00919556 0.0137301 0.00323561 -0.00711249 0.0698537 -0.0177785 -0.00286658 0.0241043 -0.038645 0.0325418 0.0423113 0.0244203 -0.00663131 -0.10402 -0.00995735 -0.0169897 -0.0475934 -0.0575407 -0.00491561 0.0247441 -0.018811 -0.0611719 0.101959 0.0648879
internal_weight=238078 208049 194130 30029.2 98937.5 54683.2 39279 37827 31869 28397 5958 1924 44254.2 14270 14127 13550.5 12646.5 10600 42966.5 904 95192.8 72094.8 20395.5 18922.5 51699.2 16493.2 35206 18714 3394.5 2689.25
internal_count=329017 289516 272173 39501 121625 66120 41583 40131 34173 30617 5958 1924 55505 14777 15840 14017 13113 10924 50354 904 150548 115522 35928 34455 79594 23361 56233 33678 5325 4094
cat_boundaries=0 1
cat_threshold=8
is_linear=0
shrinkage=0.04


Tree=91
num_leaves=31
num_cat=4
split_feature=21 21 23 25 21 24 46 19 9 38 25 46 25 21 21 23 20 39 25 14 11 8 44 40 42 25 23 24 15 25
split_gain=21736.1 12947.4 19583.1 12679.1 17996.7 16470.2 14722.7 20233.8 14331.7 12024.3 11920.1 21788.3 19046 17992.2 15432.8 13189.9 13004.2 21210.1 16354 13405.7 13008.2 12579.2 12491.7 11660 10514 24229.2 10308.4 9832.97 15413.1 10790.8
threshold=69.559341430664077 59.264097213745124 1.2121874094009402 83.625000000000014 78.888462066650405 0.14417530596256259 0 7.5000000000000009 2.5000000000000004 1.0020086169242861 503.87500000000006 1 667.37500000000011 65.274761199951186 66.058807373046889 1.116684675216675 184.00000000000003 0.36226837337017065 283.12500000000006 88.36999893188478 0.50077882409095775 17.500000000000004 2 0.084188751876354231 3 729.12500000000011 1.1859705448150637 0.062554705888032927 2.5000000000000004 71.125000000000014
decision_type=10 8 10 2 10 10 1 8 2 10 2 1 2 10 10 10 2 10 2 10 8 2 9 10 9 2 10 10 2 2
left_child=1 -1 10 4 6 8 7 -2 -5 -9 16 12 -12 -13 15 -15 19 26 -19 20 -3 -21 -22 -10 25 -16 -18 -8 29 -29
right_child=3 2 -4 5 -6 -7 27 9 23 -11 11 13 -14 14 24 -17 17 18 -20 21 22 -23 -24 -25 -26 -27 -28 28 -30 -31
leaf_value=-0.066870375821039774 0.099080808010524074 -0.012219085910408994 0.045634355857912777 0.016268306528432169 0.12163368326560779 -0.23358216476185711 0.025856422802468783 0.097864458286885198 -0.074028415862544925 -0.029570884700430497 0.12800984253190073 -0.15394891713176423 -0.0030536771443289822 0.46989215999794132 0.21805671897561948 0.069941376300882332 0.022236225977335124 -0.03467691793123346 -0.1065157016778317 0.09739024184697595 -0.057626831140655865 0.0062212476941404075 -0.25511471075619696 -0.0065106331538438301 -0.059132792616614742 -0.32530649823812119 0.43310191278841031 -0.037823348090504347 0.12006797006757859 0.32013731396782036
leaf_weight=6400.25 2684 38612.75 9798.75 52315 3185 467 13155.5 1285.75 5186.75 14935.75 3938 1508.25 3227.5 187 628 444 5430.25 15984.25 7426 2937.5 4184.5 13764 577.5 19385 2970 165 98.5 1821.5 5210.5 144.5
leaf_count=8567 4004 60866 10548 54163 4763 467 23231 5119 5606 21064 3938 1509 3256 187 628 444 15886 29977 7555 5177 8815 20340 1131 20210 2970 165 103 2507 5518 224
internal_value=0.000619685 -0.0115431 -0.00837746 0.0126307 0.0302041 0.00299281 0.0227795 -0.00263009 0.00443281 -0.0194644 -0.0135624 0.0221106 0.0689832 -0.0347955 0.00612899 0.189031 -0.0187995 -0.0408273 -0.0574688 -0.00818806 -0.019913 0.0222614 -0.0822827 -0.0207653 -0.024582 0.104726 0.0296339 0.0464056 0.0840656 -0.011362
internal_weight=238058 118282 111882 119776 42422.5 77353.8 39237.5 18905.5 76886.8 16221.5 102083 13067.8 7165.5 5902.25 4394 631 89015.2 28939 23410.2 60076.2 43374.8 16701.5 4762 24571.8 3763 793 5528.75 20332 7176.5 1966
internal_count=328938 182062 173495 146876 66430 80446 61667 30187 79979 26183 162947 13097 7194 5903 4394 631 149850 53521 37532 96329 70812 25517 9946 25816 3763 793 15989 31480 8249 2731
cat_boundaries=0 1 2 3 4
cat_threshold=8 4 12 4
is_linear=0
shrinkage=0.04


Tree=92
num_leaves=31
num_cat=2
split_feature=0 46 0 37 29 25 25 19 6 21 21 25 1 5 42 25 20 23 40 22 25 21 25 22 19 25 23 5 25 15
split_gain=21577.2 21920.5 21591.9 17862.8 13822.8 20618.3 19008.7 20821.7 14961.7 13350 12136.3 12066.2 13024.6 10779.6 10646 10623.9 20297.5 12015.6 10009.4 9931.29 15475.2 11278.4 9762.22 9699.08 11594.6 10519.9 11717.9 9810.02 13522.6 14855.7
threshold=3.1049998998641972 0 1.6549999713897707 69.937183380126967 16.250000000000004 677.75000000000011 468.75000000000006 167.50000000000003 183.25000000000003 65.618801116943374 81.426544189453139 159.37500000000003 2.6550000905990605 29.500000000000004 1 217.37500000000003 179.00000000000003 1.0077174901962282 0.20490534603595736 0.025391964241862301 298.37500000000006 73.650627136230483 214.25000000000003 0.043093513697385795 5.0000000000000009 114.37500000000001 1.0275808572769167 33.500000000000007 270.12500000000006 3.5000000000000004
decision_type=10 1 10 8 2 2 2 10 2 10 10 2 8 2 9 2 2 10 10 10 2 10 2 10 8 2 10 2 2 2
left_child=1 2 -1 9 5 10 7 14 11 -4 -3 -9 19 -8 -6 17 -17 -11 -7 20 -13 -21 -19 25 -25 -5 -27 28 -26 -30
right_child=-2 4 3 23 6 18 13 8 -10 15 -12 12 -14 -15 -16 16 -18 22 -20 21 -22 -23 -24 24 27 26 -28 -29 29 -31
leaf_value=-0.059138238005722182 0.031499250591419274 -0.0058478920810086897 -0.032584368552392266 -0.05797062109775309 0.29061438241428533 -0.089924429243995241 0.020929645669291876 -0.0051118837160962754 0.12370006678208582 0.085943908031252139 0.081818428300188914 -0.23203732452635362 -0.0049234457070873108 0.11465310881192606 0.026686509750019939 0.12760318875058366 -0.014582109469885602 -0.00040611288835487803 -0.35637192221830738 -0.14137920462162476 0.054602742904645653 -0.44367672544511327 -0.26672895500596083 0.14799042207844718 -0.048515732236892324 -0.014834908457915708 0.069877455641416134 -0.015105040823199956 -0.072982171842581101 -0.25983264358166969
leaf_weight=17686.25 30739.75 54693.75 7585.5 3977.75 245.25 2493.25 3286.75 8898.25 1004.5 2824.5 2648 436 2520 4878.25 35366 4033 2669 13043.25 247.25 2469 970 214 223 496.25 11529.25 6757.75 4258 9275.5 1754 1113
leaf_count=26612 39034 80691 12411 6515 372 2497 3304 16870 1405 11298 2903 436 2520 4879 47051 4084 2669 19398 254 2469 970 214 223 512 14251 6760 4258 11488 1754 1113
internal_value=0.000223025 -0.0044083 -0.0196773 -0.00964027 0.00665635 -0.00692172 0.020188 0.0112976 -0.0258291 0.0133773 -0.0017981 -0.0355226 -0.0764596 0.0769332 0.0285124 0.0286745 0.0709851 0.011048 -0.114086 -0.120534 -0.0343831 -0.165649 -0.00490295 -0.0274954 -0.0431742 -0.00222135 0.0179126 -0.047188 -0.0678563 -0.145586
internal_weight=238336 207596 87226 69539.8 120370 60082.2 60288 52123 16511.8 30378.2 57341.8 15507.2 6609 8165 35611.2 22792.8 6702 16090.8 2740.5 4089 1406 2683 13266.2 39161.5 24168 14993.5 11015.8 23671.8 14396.2 2867
internal_count=329215 290181 123346 96734 166835 86345 80490 72307 24884 50083 83594 23479 6609 8183 47423 37672 6753 30919 2751 4089 1406 2683 19621 46651 29118 17533 11018 28606 17118 2867
cat_boundaries=0 1 2
cat_threshold=8 8
is_linear=0
shrinkage=0.04


Tree=93
num_leaves=31
num_cat=1
split_feature=4 42 20 20 21 19 6 24 21 19 25 25 14 21 14 37 25 19 20 21 19 19 7 11 11 19 25 24 26 30
split_gain=20957.6 14469.1 25835.3 22558.2 23157.5 16660.8 15670.3 14926.4 18762.9 14946.6 12676.3 12180.8 12158.9 12067.2 10811.8 10717.3 10504.3 10131.4 11257.8 10448.7 10092.8 10043.4 10382.3 11331.9 9482.86 9365.32 9058.4 8796.49 8785.46 8744.33
threshold=2.8950001001358037 0 79.000000000000014 141.00000000000003 74.264972686767592 49.500000000000007 103.25000000000001 0.079537637531757369 65.274761199951186 13.500000000000002 125.87500000000001 275.25000000000006 76.204998016357436 65.618801116943374 78.520000457763686 65.834136962890639 627.62500000000011 59.500000000000007 177.50000000000003 82.352401733398452 23.000000000000004 23.000000000000004 6.5000000000000009 0.13256340473890307 0.4706923514604569 7.5000000000000009 21.375000000000004 0.15451136976480487 1.5000000000000002 0.046986171975731857
decision_type=2 9 2 2 10 10 2 10 10 10 2 2 10 10 10 10 2 10 2 10 10 10 2 10 10 10 2 10 2 8
left_child=1 3 -3 4 5 25 7 9 26 10 -5 13 28 -10 20 -6 21 -8 -19 -20 -4 -11 23 -23 29 -1 -9 -14 -7 -16
right_child=-2 2 14 6 15 12 17 8 11 16 -12 -13 27 -15 24 -17 -18 18 19 -21 -22 22 -24 -25 -26 -27 -28 -29 -30 -31
leaf_value=0.17885021958758732 0.028593750092216003 -0.10805189153594982 -0.039101850328986866 0.138455393675256 -0.2708017896586451 0.065175108850379415 -0.061783184526923281 -0.25398755613530422 0.19682915319296321 -0.19638365092636306 -0.061637941757814084 -0.024613121442862484 0.12692756157820365 0.034754416581938841 -0.01100846457933302 0.22978446603072245 0.096150266602734791 0.061861565464566372 -0.0032303814301122159 0.21850838384649152 0.012975705522076022 -0.029063228709970947 -0.058051582113932389 0.10006489974780322 -0.12441371200206187 -0.081921256896423572 -0.037425747569972488 0.41322195635460579 -0.089911937199895958 0.036904555695358644
leaf_weight=241.75 35087.75 2871.5 9457 1292.25 71.5 2330.25 3839 315.75 792.75 749.5 832 5948 1092 9950 7346.25 1270 786 5098 39076.75 342 16072 5847 33514.25 1334.75 655.75 2392.5 12765 203.25 779 35752.25
leaf_count=316 44624 3836 13486 2328 76 2520 4490 615 939 1474 832 5948 1767 11555 8430 1321 786 6346 55237 342 23947 9807 51899 1958 1039 3939 16035 291 854 52016
internal_value=4.88747e-05 -0.00488465 0.00949625 -0.012814 0.0506732 0.0216317 -0.0171582 -0.0287137 -0.00680416 -0.0434188 0.0600913 0.021307 0.0692191 0.0467321 0.0143697 0.202919 -0.0486267 0.000556138 0.00593346 -0.00130096 -0.0063166 -0.0513747 -0.0486992 -0.00505323 0.0264393 -0.0579295 -0.0426726 0.17214 0.0263015 0.0287375
internal_weight=238106 203018 72154.8 130863 8380.25 7038.75 122483 74127.2 29771.5 44355.8 2124.25 16690.8 4404.5 10742.8 69283.2 1341.5 42231.5 48355.8 44516.8 39418.8 25529 41445.5 40696 7181.75 43754.2 2634.25 13080.8 1295.25 3109.25 43098.5
internal_count=329053 284429 102754 181675 11084 9687 170591 104176 35092 69084 3160 18442 5432 12494 98918 1397 65924 66415 61925 55579 37433 65138 63664 11765 61485 4255 16650 2058 3374 60446
cat_boundaries=0 1
cat_threshold=16
is_linear=0
shrinkage=0.04


Tree=94
num_leaves=31
num_cat=2
split_feature=1 17 9 4 21 24 23 19 19 22 0 20 19 25 16 6 21 38 21 25 25 21 23 21 43 22 25 15 42 22
split_gain=20540.7 12533.9 12809.5 14092.7 12318.4 14299.9 13565.3 11446 12834.9 12177.6 11267.7 10444.3 9946.18 12679.3 10895.9 12382.8 9870.25 9581.2 9853.13 9168.24 11341.8 10456.2 10974.9 13657.8 10560.7 10773.6 23560.4 19522 12519.3 12457.6
threshold=2.5149999856948857 3.5000000000000004 14.500000000000002 1.8550000190734866 62.218965530395515 0.23999456316232684 1.2191055417060854 167.50000000000003 145.50000000000003 0.069668810814619078 3.6049998998641972 79.000000000000014 52.500000000000007 190.62500000000003 1.5000000000000002 26.500000000000004 59.62152290344239 1.0020086169242861 88.269744873046889 688.25000000000011 661.12500000000011 66.515525817871108 1.1252581477165224 65.993175506591811 0 0.025953806005418304 353.00000000000006 2.5000000000000004 1 0.0075003574602305898
decision_type=8 10 2 2 8 10 10 8 10 10 10 2 10 2 2 2 10 8 10 2 2 10 10 10 9 10 2 2 9 10
left_child=1 2 7 -4 5 -2 10 8 12 -9 11 -6 -1 14 15 -14 -7 -13 -19 20 21 22 -3 -24 25 26 28 -27 29 -23
right_child=4 19 3 -5 6 16 -8 9 -10 -11 -12 17 13 -15 -16 -17 -18 18 -20 -21 -22 24 23 -25 -26 27 -28 -29 -30 -31
leaf_value=0.0050093360997751487 -0.068731611352901706 -0.064787874765750819 -0.1759009345515086 -0.043325702311525265 -0.10661650913581416 0.00055388618275885087 0.11262065139054431 -0.014193732496331482 0.055437918937462936 -0.088023370948253507 0.084926654501154178 0.078941612095725963 -0.18380905683737156 0.017656404728350589 0.019547684031644058 -0.054336591886906878 0.21239271569228224 0.0078100900754237926 0.13309830121486901 -0.10767502119340282 0.17302948496980128 -0.46410887272343049 0.0025619276268843355 0.34927954762773028 -0.0066259482913652171 0.15807157900088087 0.10265642405595879 0.031432808201697984 -0.2491809068337274 0.0020780381689125644
leaf_weight=20378.5 5836.75 6130.75 1672.5 5501.75 1220.5 1182.75 2175.25 7582.25 4579.25 6762.75 3278.25 3223 1310.75 5651.25 2811.25 11970 500 108122.5 1012.75 1148 646 99 4464.25 188.5 15842 2470.75 1370 9189.75 700 1106.5
leaf_count=25717 8617 9325 2394 8150 1951 1239 2323 10112 5615 9774 4020 12892 1823 5682 3859 15756 500 150313 1021 1148 646 99 4984 235 21467 3775 1370 12291 802 1288
internal_value=-0.000497075 -0.0130086 -0.0236962 -0.0742531 0.0105338 -0.0391152 0.0136706 -0.0177535 -0.00815349 -0.0490037 0.0118277 0.00971707 -0.0150681 -0.0338848 -0.0519855 -0.0671281 0.0635893 0.0109817 0.00897398 0.00380844 0.00684325 0.00425598 -0.0296376 0.0166816 0.0161318 0.0402466 -0.0238179 0.058278 -0.114758 -0.0365565
internal_weight=238128 111576 68220.2 7174.25 126552 7519.5 119032 61046 46701 14345 116857 113579 42121.8 21743.2 16092 13280.8 1682.75 112358 109135 43355.5 42207.5 41561.5 10783.5 4652.75 30778 14936 3275.5 11660.5 1905.5 1205.5
internal_count=329188 146312 88882 10544 182876 10356 172520 78338 58452 19886 170197 166177 52837 27120 21438 17579 1739 164226 151334 57430 56282 55636 14544 5219 41092 19625 3559 16066 2189 1387
cat_boundaries=0 1 2
cat_threshold=96 16
is_linear=0
shrinkage=0.04


Tree=95
num_leaves=31
num_cat=2
split_feature=0 46 0 37 29 25 25 19 6 21 25 21 10 11 43 21 20 34 33 23 25 14 22 24 1 19 22 24 4 4
split_gain=18400.9 20616.8 17878 15630.7 13238.4 18765.7 18049.4 20609.3 13450.5 12754.1 11555.6 11420.8 10955.3 11252.4 10058.1 12062.2 11742.6 9909.77 9875.44 9726.62 9428.6 9393.64 9354.7 18656.9 9280.82 8806.22 8520.78 8422.3 8353.93 8749.86
threshold=3.0749999284744267 0 1.5549999475479128 70.139533996582045 16.250000000000004 677.75000000000011 444.87500000000006 167.50000000000003 185.25000000000003 65.618801116943374 159.37500000000003 70.999359130859389 12.250000000000002 0.58354482054710399 1 79.119747161865249 159.00000000000003 5.5000000000000009 0.71074318885803234 1.1935862302780154 421.50000000000006 77.220001220703139 0.063392549753189101 0.046602526679635055 2.6550000905990605 9.5000000000000018 0.017677521333098415 0.056464906781911857 3.6049998998641972 1.935000002384186
decision_type=10 1 10 8 2 2 2 10 2 10 2 10 2 10 9 10 2 2 10 10 2 10 8 10 8 8 10 10 2 2
left_child=1 2 12 9 5 14 7 11 10 -4 22 20 -1 -14 16 -16 18 25 -3 -11 -6 -8 23 26 -12 -5 -9 -13 29 -2
right_child=28 4 3 17 6 -7 21 8 -10 19 24 27 13 -15 15 -17 -18 -19 -20 -21 -22 -23 -24 -25 -26 -27 -28 -29 -30 -31
leaf_value=-0.018278484936977906 0.073532747876241422 -0.39156323158780093 -0.033954238008317573 0.022653541419854827 0.012921718332913858 -0.1096999305777716 -0.031211697692550652 0.13247168416145211 0.11889728012178979 0.019604906984544441 -0.11506810211278054 0.039354135687965655 -0.076214474300278043 -0.26936726367691777 -0.0017245278529639035 0.076277890575583748 -0.020046825085972976 -0.0043613226484286787 -0.10590971091746243 0.1979499711069872 -0.356636031603491 0.090242371510867905 -0.047899806912486263 0.24135414822180737 -0.013857093459736869 -0.055597991968803759 -0.025761954231042092 0.11521592459201831 0.13217870707522364 0.014982427553185058
leaf_weight=6260.5 4798.5 232.5 8336.25 2614.75 22689.25 2718.5 1182 658 949.75 24562.75 3945 8983 8395.75 511.25 47685.75 3397 4258.25 15525.75 1144 498.25 110 7361 4403.75 601.5 2292 19144.25 3133 3167.25 1176.75 27394
leaf_count=9643 5868 375 13626 2962 32872 2729 1182 658 1345 40600 3945 10360 12463 851 71007 3883 5828 19623 1618 502 110 7379 9935 627 2292 21554 5407 3267 1257 35317
internal_value=-2.35199e-06 -0.00449111 -0.0194289 -0.0109727 0.00629345 -0.00705734 0.0196353 0.0106099 -0.0270146 0.00890201 -0.0362404 0.0278166 -0.0588322 -0.0873306 -0.0021357 0.00346326 -0.0527988 -0.028775 -0.154411 0.0231586 0.011123 0.073436 -0.00670731 0.0345913 -0.0778835 -0.0461938 0.00172913 0.0591375 0.0275409 0.0237119
internal_weight=238130 204761 85849.5 70682 118912 59436 59475.5 50932.5 15983 33397.2 15033.2 34949.5 15167.5 8907 56717.5 51082.8 5634.75 37284.8 1376.5 25061 22799.2 8543 8796.25 4392.5 6237 21759 3791 12150.2 33369.2 32192.5
internal_count=329085 286643 121824 98867 164819 85440 79379 70818 24209 54728 22864 46609 22957 13314 82711 74890 7821 44139 1993 41102 32982 8561 16627 6692 6237 24516 6065 13627 42442 41185
cat_boundaries=0 1 2
cat_threshold=8 132
is_linear=0
shrinkage=0.04


Tree=96
num_leaves=31
num_cat=1
split_feature=4 46 0 15 4 35 25 15 25 33 33 25 17 20 23 20 15 25 40 14 4 36 0 23 21 7 15 8 25 24
split_gain=18187 12812.5 18754.8 10327.5 10256.8 10133.9 17034 16931.4 14416.7 13370.1 12221.7 11613.7 13303.3 11090.7 10501.9 9551.62 10837 10482.6 9215.96 8884.98 8507.75 8459.81 8401.62 8347.02 8334.65 8126.12 9055.29 9818.73 10599.9 7968.51
threshold=2.7649999856948857 0 2.1049998998641972 1.0000000180025095e-35 1.9750000238418581 13.750000000000002 468.75000000000006 3.5000000000000004 677.75000000000011 0.93315991759300243 1.7385675907135012 332.87500000000006 3.5000000000000004 218.00000000000003 1.0130522251129153 181.50000000000003 1.5000000000000002 421.50000000000006 0.20490534603595736 87.715000152587905 3.6450001001358037 0.081717547029256835 3.3249999284744267 1.0488662123680117 69.82138824462892 23.500000000000004 3.5000000000000004 14.500000000000002 371.37500000000006 0.036634195595979697
decision_type=2 1 10 2 2 2 2 2 2 8 8 2 10 2 8 2 2 2 10 10 2 8 10 10 10 2 2 2 2 10
left_child=1 2 -1 -3 22 8 7 9 10 -7 -5 14 23 15 -9 16 -11 21 -10 -8 25 -18 -4 -13 -16 26 -2 -28 -29 -26
right_child=20 3 4 5 -6 6 19 11 18 13 -12 12 -14 -15 24 -17 17 -19 -20 -21 -22 -23 -24 -25 29 -27 27 28 -30 -31
leaf_value=-0.041361740137772926 0.014945917963660243 -0.23341615174406133 0.024761842193092659 0.0059021654805526159 -0.010993981805930027 -0.047378104021661899 0.012219816581416462 -0.31198883832615015 -0.077646480073786772 0.23882470572964351 -0.041634363763643954 -0.55397532305289321 0.064556372929914077 0.079880892417507718 -0.049106876286396206 -0.030994969503345866 0.070774010355735453 -0.21402035145767614 -0.3413406266492956 0.10235602571584951 0.14468114914893876 0.014393540960006198 0.16124131612173936 -0.20436677128945532 -0.016001392726019609 0.035088478558742579 -0.26196367926700098 0.0011878034553486753 -0.15457820189268817 0.1638189035273071
leaf_weight=32213.75 16955.75 293.75 8273.5 40340.75 35561.25 4733.75 2699 205 2303.25 374 11015.75 141 243 4929 4649.75 5816.75 5229.25 296 232.75 4976.25 888.5 22917.5 789.75 486 989 25421.75 321 3223.75 891.5 654.5
leaf_count=48149 21479 617 10774 54767 49272 5720 2699 205 2313 611 19646 141 243 7422 8225 9533 5560 296 250 4977 944 32237 1026 486 1370 33587 345 4396 893 830
internal_value=4.48306e-05 -0.00548954 -0.0181031 0.00304782 -0.00131246 0.00366335 0.0150672 0.00680618 -0.00889311 0.0161456 -0.00429475 -0.0493346 -0.186498 0.0237475 -0.0309444 0.0157565 0.0251943 0.0223768 -0.101974 0.0706659 0.0221305 0.0248705 0.0366713 -0.28375 -0.0217408 0.0198014 0.00163358 -0.0492384 -0.0325847 0.0556631
internal_weight=238066 190364 76838.2 113526 44624.5 113232 59339.8 51664.5 53892.5 44296.2 51356.5 7368.25 870 39562.5 6498.25 34633.5 28816.8 28442.8 2536 7675.25 47702.2 28146.8 9063.25 627 6293.25 46813.8 21392 4436.25 4115.25 1643.5
internal_count=329013 267369 109221 158148 61072 157531 80555 72879 76976 61379 74413 11500 870 55659 10630 48237 38704 38093 2563 7676 61644 37797 11800 627 10425 60700 27113 5634 5289 2200
cat_boundaries=0 1
cat_threshold=8
is_linear=0
shrinkage=0.04


Tree=97
num_leaves=31
num_cat=1
split_feature=21 25 23 24 21 22 0 46 29 24 21 19 21 23 22 26 39 20 25 6 24 15 24 25 35 20 30 22 22 22
split_gain=17276.3 17316 16034.2 14211.8 14182.9 14016.3 13344 18596.2 12925.5 10894.1 13288.7 10887.6 16467.9 10574.3 10115.6 10076.2 9914.93 9207.61 9153.71 9088.06 9006.47 8574.59 14926.6 8439.64 13033.9 10299.5 8050.67 7985.83 14621.4 13391.5
threshold=66.651382446289077 31.375000000000004 1.0009922981262209 0.15451136976480487 85.929336547851577 0.07842122390866281 2.3249999284744267 0 17.250000000000004 0.033479599282145507 74.826206207275405 23.000000000000004 60.847053527832038 1.103925943374634 0.11706789955496789 4.5000000000000009 3.4411590099334721 177.50000000000003 457.12500000000006 174.25000000000003 0.13740456849336627 2.5000000000000004 0.016027906909585003 300.12500000000006 13.750000000000002 218.00000000000003 0.20485043525695804 0.083878241479396834 0.087639935314655318 0.088235270231962218
decision_type=8 2 8 10 10 10 10 1 2 8 10 10 10 10 10 2 10 2 2 2 10 2 10 2 2 2 10 10 10 10
left_child=1 15 -2 4 6 13 7 20 23 -8 -11 12 -7 17 -14 -1 27 -3 26 -10 -4 -6 -23 25 -25 -9 -5 -13 -29 -30
right_child=2 5 3 18 21 11 9 8 19 10 -12 16 14 -15 -16 -17 -18 -19 -20 -21 -22 22 -24 24 -26 -27 -28 28 29 -31
leaf_value=-0.074875313953520234 0.08919520502713861 0.13714895169493058 -0.034676637699094764 0.16799253702819644 0.15893187387536703 -0.15959207957597335 -0.0059375934986441326 -0.0068645233285942134 0.028499507458489164 0.015576286006812967 0.076734986827073803 0.12257849294415325 -0.096742598882353148 -0.31057059063336767 0.021232465196771834 -0.69649136602310902 0.14681385734454025 -0.086513770194275835 -0.15104057260708034 0.17729266774047545 -0.20796079540670021 -0.12475117503857501 0.12799894852051666 -0.083809549257408647 0.023874106898498133 0.079076526695898319 -0.12821210136604896 -0.16348636892634602 0.28032563170517011 -0.0011625710263371163
leaf_weight=6751.25 3647 324.25 25975 1589.75 1458.5 1705.75 35235.5 23075 13674.5 52933 6367.5 828.25 1715 305.75 3606.75 41 744.75 3122 190 689 488 636 904 5107.25 2775 2469 161 885.5 271.25 40111
leaf_count=16448 14588 328 32911 1673 1595 2176 43874 36608 19700 71737 6690 1057 1925 404 4191 41 906 4235 190 953 488 636 904 5132 2775 3855 161 1013 365 51193
internal_value=-9.07058e-05 -0.0185651 0.00620157 0.00445879 0.00324243 -0.0109424 0.00171025 -0.01098 0.003916 0.0116778 0.0221446 -0.00533192 -0.0514751 -0.0854896 -0.0167967 -0.0787301 0.00223823 -0.065435 0.112067 0.0356491 -0.03788 0.0894594 0.0236006 -0.00972046 -0.0459001 0.00144487 0.140693 -0.000322893 -0.00279255 0.000734998
internal_weight=237788 60412.5 177375 173728 171787 53620.2 168789 74252.8 47789.8 94536 59300.5 49868.2 7027.5 3752 5321.75 6792.25 42840.8 3446.25 1940.75 14363.5 26463 2998.5 1540 33426.2 7882.25 25544 1750.75 42096 41267.8 40382.2
internal_count=328752 84282 244470 229882 227858 67793 224723 102422 69023 122301 78427 62826 8292 4967 6116 16489 54534 4563 2024 20653 33399 3135 1540 48370 7907 40463 1834 53628 52571 51558
cat_boundaries=0 1
cat_threshold=8
is_linear=0
shrinkage=0.04


Tree=98
num_leaves=31
num_cat=0
split_feature=1 1 21 22 15 23 24 23 23 15 10 21 35 21 24 21 21 22 24 21 24 21 20 17 22 15 22 24 23 24
split_gain=15970.4 12993.7 10621.2 13588.6 12090.7 10444.6 16200.3 17543.5 10332.3 9601.68 8963.76 8752.24 8400.66 8254.42 14762.7 9419.31 11001.7 9071.99 8656.83 11112.8 10260.6 8787.67 8457.29 8347.13 9807.26 9889.84 11271.1 8899.07 8506.7 8299.67
threshold=3.2549999952316289 1.5649999976158144 77.35693740844728 0.07651377841830255 5.5000000000000009 1.0111154317855837 0.034459771588444717 1.0404490828514101 1.0480120182037356 1.5000000000000002 178.50000000000003 75.817798614501967 16.250000000000004 68.919319152832045 0.063533134758472457 65.274761199951186 65.033275604248061 0.041870959103107459 0.23999456316232684 58.025424957275398 0.18500563502311709 59.62152290344239 171.50000000000003 3.5000000000000004 0.031230391003191475 4.7500000000000009 0.037713078781962402 0.036634195595979697 1.0412723422050478 0.15704888105392459
decision_type=10 8 10 10 2 8 8 8 10 2 2 10 2 10 8 10 10 10 10 8 10 10 2 10 10 2 10 10 10 10
left_child=1 10 5 4 8 -3 -7 11 -4 -10 12 -8 -1 14 17 16 18 -9 19 20 -16 -20 -18 27 -25 26 -26 28 -15 -17
right_child=-2 2 3 -5 -6 6 7 13 9 -11 -12 -13 -14 23 15 29 22 -19 21 -21 -22 -23 -24 24 25 -27 -28 -29 -30 -31
leaf_value=-0.031985456599673133 0.041611443188311829 0.044540391562126337 0.02235070898884536 -0.38661695122531087 -0.29724861527714241 -0.030419882734398274 0.080521866731858363 0.19702635577433281 0.51574746295384 0.095909968506411883 -0.44345584115703057 0.36769691830050222 0.03909646652927723 -0.36344904174418657 0.015767954686988005 0.010302451070109313 0.039091850766561298 -0.051677747192292109 0.0019405133445968387 -0.012813137100266516 -0.28231103339990821 0.13538676092357885 -0.17142751299714115 -0.16510761012975636 0.19046838544863051 -0.1411518291384066 0.041055690856039176 0.0049254186186744884 -0.048869877136725838 0.092990722192196978
leaf_weight=28351.5 13922.5 7310.75 21803.5 126 180.25 30822.75 2777.25 238 90 2107.75 81.25 180 2934.75 196.25 302.5 25630.5 410.5 13042.5 2173.75 27939.75 473.25 1239 1186.75 365 867.25 440.75 11633 38841.75 455.75 2100.5
leaf_count=37320 17368 21710 24718 126 217 41829 4737 238 90 2131 139 264 3804 263 589 30822 649 19578 2392 54042 570 1239 1189 365 889 458 13508 45195 491 2171
internal_value=4.27207e-05 -0.00253761 0.0013443 0.026063 0.0282294 -0.00221898 -0.00433837 0.00182225 0.0306862 0.113331 -0.0264139 0.0981212 -0.0253166 -0.000411393 -0.00896468 -0.000700205 -0.0149001 -0.0472059 -0.00980419 -0.0169627 -0.166201 0.0504149 -0.11733 0.0116955 0.0390944 0.0448665 0.0514365 0.00246355 -0.143975 0.016569
internal_weight=238225 224302 192935 24307.5 24181.5 168628 161317 130494 24001.2 2197.75 31367.5 2957.25 31286.2 127537 74737 61456.5 33725.5 13280.5 32128.2 28715.5 775.75 3412.75 1597.25 52799.8 13306 12941 12500.2 39493.8 652 27731
internal_count=329101 311733 270470 27282 27156 243188 221478 179649 26939 2221 41263 5001 41124 174648 113479 93663 60670 19816 58832 55201 1159 3631 1838 61169 15220 14855 14397 45949 754 32993
is_linear=0
shrinkage=0.04


Tree=99
num_leaves=31
num_cat=1
split_feature=1 5 9 19 20 20 19 14 33 21 46 20 23 11 25 22 32 15 24 26 20 4 16 9 25 25 25 25 20 25
split_gain=15318 12631.9 17189.3 16058.2 25284.1 19349.8 29178.9 15557.1 11984.4 12157.3 11560.7 12974.8 22904.8 11420.5 11113.2 13701.1 22075.9 11003.2 10673.7 10644.8 10034.5 10025.2 11882.7 12006.6 9890.12 11201.4 10294.6 12610.2 9826.75 9963.03
threshold=3.2549999952316289 36.500000000000007 13.500000000000002 9.5000000000000018 159.00000000000003 159.00000000000003 36.000000000000007 86.174999237060561 1.1169717311859133 69.308376312255874 0 175.00000000000003 1.0171996951103213 0.6670682728290559 260.25000000000006 0.066121075302362456 1.0979086160659792 3.5000000000000004 0.32101716101169592 1.5000000000000002 184.00000000000003 3.2250000238418584 1.5000000000000002 2.5000000000000004 186.37500000000003 761.00000000000011 86.125000000000014 31.375000000000004 218.00000000000003 451.12500000000006
decision_type=10 2 2 8 2 2 10 10 8 8 1 2 10 10 2 10 10 2 10 2 2 2 2 2 2 2 2 2 2 2
left_child=1 2 3 4 -1 6 -5 -8 -3 24 11 12 -7 -4 -13 -16 28 -12 -18 -6 -21 22 -14 -24 26 -26 27 -10 -17 -30
right_child=-2 8 13 5 19 10 7 -9 9 -11 17 14 21 -15 15 16 18 -19 -20 20 -22 -23 23 -25 25 -27 -28 -29 29 -31
leaf_value=-0.041758263284144947 0.040755705712821187 -0.0053515380457574615 -0.065886223414297396 -0.20598592341666883 0.063397933754707689 0.14574672784908826 0.023419157044076926 0.17030213852291989 -0.053323205024885266 0.053002137027685213 0.00076036633910125636 -0.004778780740735151 -0.11304854996947641 -0.4384894555058178 -0.0025929343280063082 -0.096702437800344779 -0.023929152177426138 -0.043452422383526638 0.39671695816693919 -0.10081689036155687 0.1282528644455242 0.081956651536226277 0.18661117786276044 -0.062755634794495391 0.03717335787586859 -0.24998816557819564 -0.061777994204973735 0.063700500078486794 -0.32582993166953017 -0.12112056401032358
leaf_weight=6488 13886.25 38950.25 6235 855 14038.25 723.75 18565.75 1229.25 2506.75 15865.75 44526.25 19610 8817.5 133.5 4102 1508 2173 11288.75 100 1236.75 405.5 536.5 430.75 1085 12326.25 220.25 5065 3570.75 906.75 658
leaf_count=9503 17319 48755 10390 855 20006 2169 25183 2184 6358 26725 59392 31322 10175 264 4102 1508 2173 16772 100 2277 1208 556 505 1241 12450 221 5821 7899 909 658
internal_value=-1.04609e-05 -0.00253605 -0.00950722 -0.00656862 0.024648 -0.0124777 0.0226627 0.0325488 0.0103977 0.0259061 -0.0200002 -0.0362257 -0.0720007 -0.0737652 -0.02195 -0.0575863 -0.0997758 -0.00818235 -0.00525487 0.0521256 -0.0442095 -0.0865116 -0.0952659 0.00818379 0.0077569 0.0321125 -0.0196676 0.0154309 -0.16967 -0.239882
internal_weight=238044 224158 145653 139285 22168.5 117116 20650 19795 78505 39554.8 96466.2 40651.2 11593.5 6368.5 29057.8 9447.75 5345.75 55815 2273 15680.5 1642.25 10869.8 10333.2 1515.75 23689 12546.5 11142.5 6077.5 3072.75 1564.75
internal_count=329000 311681 203452 192798 32994 159804 28222 27367 108229 59474 131582 55418 14646 10654 40772 9450 5348 76164 2273 23491 3485 12477 11921 1746 32749 12671 20078 14257 3075 1567
cat_boundaries=0 1
cat_threshold=8
is_linear=0
shrinkage=0.04


Tree=100
num_leaves=31
num_cat=1
split_feature=4 4 11 14 7 19 6 11 42 25 20 25 5 11 14 20 28 32 25 15 25 25 36 25 15 22 20 17 7 6
split_gain=14370.4 16737.4 14332.8 13450 11907.1 12315.5 11829 12454.1 10706.9 12509.5 11088.8 13076.7 10279 10285 13961.1 22878.2 10866.5 10105.7 9944.42 11600.6 9659.54 12168.5 9479.47 9439.91 9613.27 10845.6 9253.07 8873.9 8590.35 8819.47
threshold=2.4150000810623173 1.0000000180025095e-35 0.0084210899658501166 98.095001220703139 24.500000000000004 10.500000000000002 3.5000000000000004 0.55588430166244518 0 729.12500000000011 171.50000000000003 65.875000000000014 59.500000000000007 0.6670682728290559 78.520000457763686 159.00000000000003 4.5000000000000009 1.1137611865997317 392.62500000000006 2.5000000000000004 170.87500000000003 165.12500000000003 0.06651508063077928 342.37500000000006 3.5000000000000004 0.023127569817006591 177.50000000000003 3.5000000000000004 43.500000000000007 91.250000000000014
decision_type=2 2 8 10 2 8 2 10 9 2 2 2 2 8 10 2 2 10 2 2 2 2 10 2 2 10 2 10 2 2
left_child=1 2 -1 12 5 26 -3 8 22 10 28 -12 13 -4 -15 -16 17 -17 -13 27 21 -18 -8 -7 -25 -26 -2 -20 -10 -30
right_child=4 6 3 -5 -6 23 7 -9 9 -11 11 18 -14 14 15 16 20 -19 19 -21 -22 -23 -24 24 25 -27 -28 -29 29 -31
leaf_value=0.050025095901276545 -0.025030748680938512 0.10552346638895273 0.020028599009736005 0.054613781450826383 0.023430233056700805 -0.0059849595493750912 -0.050218022653107347 -0.14813062490007739 -0.0084004458928762047 -0.24889511295136341 0.074924935334072795 -0.016712368947749395 -0.22685098119259892 -0.086533350851716109 0.18878969689001848 -0.017385093481203841 0.0091188119783479505 -0.38911238933148085 0.0071304732720536791 -0.3053898698497326 -0.058616732799127796 0.37017250013741015 -0.01693740299116598 -0.024434781538455557 0.1283601931556719 -0.17107064594836049 0.079603798986407737 0.11912971457326599 -0.16468786086777878 -0.028005441064865196
leaf_weight=11513.25 1995 1228.25 11072 5689.25 54940.25 26306 20097.75 1185.75 8835.5 318.5 5185.25 12192.75 353.25 4894 888 225.5 6269.75 242.5 2267 140 4516.5 152 42978 3437.5 218 1678.75 4193.25 2260 1308.5 1786.25
leaf_count=15012 2985 1739 14000 7052 73808 35192 29967 2055 12506 320 13706 14733 357 8635 1926 308 10361 286 2267 140 4521 152 59964 3442 218 1681 5976 2260 1553 2129
internal_value=-0.000764844 -0.00860439 0.0114099 -0.00155177 0.0115392 -0.00573091 -0.0177941 -0.019332 -0.017762 0.000226776 0.00256954 0.0193803 -0.0127209 -0.0100362 -0.029403 -0.00665553 -0.0218869 -0.210428 0.00229372 0.0519418 -0.0138012 0.0177217 -0.0275423 -0.0158247 -0.0643389 -0.136604 0.0458719 0.0630583 -0.0284924 -0.0858323
internal_weight=238368 145600 45816 34302.8 92768.8 37828.5 99783.5 98555.2 97369.5 34293.8 33975.2 22045 28613.5 28260.2 17188.2 12294.2 11406.2 468 16859.8 4667 10938.2 6421.75 63075.8 31640.2 5334.25 1896.75 6188.25 4527 11930.2 3094.75
internal_count=329251 205949 62610 47598 123302 49494 143339 141600 139545 49614 49294 33106 40546 40189 26189 17554 15628 594 19400 4667 15034 10513 89931 40533 5341 1899 8961 4527 16188 3682
cat_boundaries=0 1
cat_threshold=16
is_linear=0
shrinkage=0.04


Tree=101
num_leaves=31
num_cat=1
split_feature=21 24 21 25 17 17 24 21 0 22 38 25 25 21 46 38 5 35 10 22 15 23 25 31 21 19 15 21 33 23
split_gain=14014.4 16445 21293.9 13316.8 12179.8 13472.6 14340.3 15442.5 13586.4 11979.3 32311 11555 19103 16674.6 11432.1 11309.3 10794.8 10780.4 10233.6 10030.2 19192.5 13931.8 13437.9 15731.6 9978.69 21443.2 10797.8 9653.04 9626.32 9603.6
threshold=65.274761199951186 0.079537637531757369 68.919319152832045 31.375000000000004 5.5000000000000009 4.5000000000000009 0.03289564140141011 75.186950683593764 3.0749999284744267 0.07651377841830255 1.0265075564384463 340.12500000000006 78.125000000000014 88.269744873046889 0 1.0020086169242861 41.500000000000007 16.750000000000004 12.250000000000002 0.12247302010655405 2.5000000000000004 1.2424828410148623 761.00000000000011 69.611099243164077 66.16699600219728 128.50000000000003 1.5000000000000002 79.423103332519545 4.5532755851745614 1.3079294562339785
decision_type=8 10 8 2 8 10 8 10 10 10 10 2 2 10 1 10 2 2 2 10 2 10 2 10 10 10 2 10 10 10
left_child=3 2 15 -1 5 8 9 -8 17 11 -11 12 27 -14 28 -2 -17 18 -4 24 22 -22 23 -21 25 -3 -26 -7 -5 -23
right_child=1 19 4 14 -6 6 7 -9 -10 10 -12 -13 13 -15 -16 16 -18 -19 -20 20 21 29 -24 -25 26 -27 -28 -29 -30 -31
leaf_value=-0.090670976628695041 0.045342163021158885 -0.016050297579465019 -0.004575329134711795 0.0045245156050562904 -0.2168839395541298 0.056949597126360628 0.050776218034976422 0.19621652424211547 0.031922743935382428 0.26574305321677039 -0.79065879521830928 0.055679645297722555 -0.066790376436863211 0.169384834229313 -0.035399324150207211 -0.05730975675973303 -0.0059444115622089323 0.031848215685958518 -0.04114875482735332 0.022549700861194372 0.020235621783501009 0.37914449631153707 -0.42644108800481006 -0.13140640535918829 0.16189673432111207 0.20381297614856655 0.026368115394081855 0.32963587176096698 0.21690868118629078 -0.11500308067415968
leaf_weight=4003.75 2795.25 1243.5 53766.5 18168.75 391.5 2089.75 7403.5 1386.25 17116.5 84.5 100.5 6224 6283.5 516.75 19442 18319.75 10186.5 9828.25 15848.75 2044.5 8893 287 163 2208 975 1652 25965.75 229.75 347 80
leaf_count=9886 10791 1428 74891 22089 519 6847 11683 1456 21864 275 129 6224 7407 552 26465 27166 13599 14179 23993 2508 10408 287 163 2451 1107 1859 27606 595 350 80
internal_value=-0.000317194 0.00417257 -0.00201363 -0.0212973 0.00557841 0.00630074 0.0329098 0.0737341 -0.000400947 0.00979853 -0.309284 0.0136659 -0.01501 -0.0488206 -0.0139775 -0.0314265 -0.0389557 -0.00736561 -0.0129022 0.0258638 -0.00250281 0.0302185 -0.0711169 -0.0573992 0.0388654 0.109416 0.0312789 0.0840917 0.00851648 0.271398
internal_weight=238045 196083 152572 41961.5 121270 120878 24318.5 8789.75 96560 15528.8 185 15343.8 9119.75 6800.25 37957.8 31301.5 28506.2 79443.5 69615.2 43511.8 13675.5 9260 4415.5 4252.5 29836.2 2895.5 26940.8 2319.5 18515.8 367
internal_count=328857 270067 222170 58790 170614 170095 35168 13139 134927 22029 404 21625 15401 7959 48904 51556 40765 113063 98884 47897 15897 10775 5122 4959 32000 3287 28713 7442 22439 367
cat_boundaries=0 1
cat_threshold=4
is_linear=0
shrinkage=0.04


Tree=102
num_leaves=31
num_cat=3
split_feature=21 22 43 9 24 29 5 25 15 22 24 23 29 16 14 25 46 23 15 10 11 10 15 4 43 24 21 22 25 22
split_gain=15078.3 20288.6 14661.4 12815.8 12791.9 10890.1 10801.6 14833.2 13792.2 12555.1 11752.2 11425.3 11755.4 11116 12507.8 10088.8 21669.5 10008.1 10958.8 8950.38 8660.52 9638.15 8385.65 11725.5 8163.17 8079.1 12291 8489.55 9827.84 9919.97
threshold=82.929309844970717 0.07651377841830255 0 3.5000000000000004 0.021594260819256309 16.250000000000004 28.500000000000004 300.12500000000006 3.5000000000000004 0.022006942890584472 0.32101716101169592 1.0592464804649355 18.250000000000004 1.5000000000000002 98.340000152587905 485.00000000000006 1 1.0354620814323428 3.5000000000000004 38.750000000000007 0.6670682728290559 29.750000000000004 2.5000000000000004 1.935000002384186 2 0.057606689631938941 73.491546630859389 0.030688746832311157 340.12500000000006 0.010850946418941023
decision_type=10 10 9 2 10 2 2 2 2 10 10 10 2 2 8 2 1 10 2 2 10 2 2 2 9 8 10 10 2 8
left_child=3 2 4 6 22 20 7 13 10 -10 -9 12 -11 14 -1 25 -17 18 -16 -4 -5 -22 -2 -24 -15 26 -8 28 29 -28
right_child=1 -3 19 5 -6 -7 15 8 9 11 -12 -13 -14 24 17 16 -18 -19 -20 -21 21 -23 23 -25 -26 -27 27 -29 -30 -31
leaf_value=-0.007002366453738116 0.14075116481962638 -0.58409660945794528 0.031530619137889127 -0.028493586599110825 0.28668803740778875 -0.00074885864716446766 -0.024361066593216397 -0.021278880176274786 0.098604805695658035 -0.11418709209834399 0.34987890154814383 -0.082543430681030885 -0.38912222399204782 0.09706612320334547 0.031128023050161931 0.11545543509536714 0.011815249031987482 0.066396787024255818 -0.11684054902507575 -0.27315248075630516 -0.0854897836649708 -0.40073770558773492 -0.39125916369186081 0.053644221321414498 -0.035508036367456371 0.028747037703341669 -0.1510596943253126 0.072484980664191664 0.083291075376145968 -0.0019023484399803667
leaf_weight=62933.25 1319.75 77 4304.25 33607.25 701 37714.5 18474.5 12536.25 447 542 137 2679.25 461 3234 2643.25 4878 9539 7309.75 1147.75 159 738.75 195.75 121 424 961.75 19632 857 4345.25 1730 4234
leaf_count=96843 1607 77 4317 48449 701 54249 28241 12543 447 542 137 2701 461 4698 3988 4878 9539 8911 1777 159 1119 342 121 424 1642 26124 857 5924 1730 5626
internal_value=0.000119837 0.0575068 0.0646179 -0.00164588 0.140573 -0.0156104 0.0047113 -0.00383118 -0.037929 -0.101409 -0.017239 -0.12571 -0.240819 0.00349283 -9.70443e-05 0.0174576 0.0468878 0.0390479 -0.0136884 0.0205708 -0.0318363 -0.151887 0.0862722 -0.0456608 0.066822 0.00884554 -0.00433624 0.0287936 0.000953267 -0.0270365
internal_weight=238084 7106 7029 230978 2565.75 72256.2 158722 95032.2 16802.5 4129.25 12673.2 3682.25 1003 78229.8 74034 63689.8 14417 11100.8 3791 4463.25 34541.8 934.5 1864.75 545 4195.75 49272.8 29640.8 11166.2 6821 5091
internal_count=329174 7406 7329 321768 2853 104159 217609 134690 16831 4151 12680 3704 1003 117859 111519 82919 14417 14676 5765 4476 49910 1461 2152 545 6340 68502 42378 14137 8213 6483
cat_boundaries=0 1 2 3
cat_threshold=16 4 48
is_linear=0
shrinkage=0.04


Tree=103
num_leaves=31
num_cat=0
split_feature=1 6 9 19 22 16 25 0 25 25 25 22 24 22 24 22 17 23 19 25 24 24 25 30 6 18 31 30 23 9
split_gain=14030.2 10238 18260.9 14061.1 11619.3 11397.5 12957.6 12452 11345.6 12153.8 11198.1 16672.4 23881.5 13049.9 13187.1 10901.2 10935.3 12186.7 11724.8 14919.6 12390.5 10731.7 10670.5 12248.1 10485.5 11502.7 12407.1 10211.8 9949.65 9925.24
threshold=3.2549999952316289 91.250000000000014 15.500000000000002 59.500000000000007 0.15697224438190463 1.5000000000000002 156.25000000000003 2.7549999952316289 300.12500000000006 150.37500000000003 688.25000000000011 0.09124972298741342 0.098097115755081191 0.043622402474284179 0.040143160149455077 0.043093513697385795 1.5000000000000002 1.0111154317855837 170.50000000000003 141.37500000000003 0.077221378684043898 0.15205920487642291 430.12500000000006 0.06621637195348741 197.25000000000003 1.5000000000000002 74.667125701904311 0.058544103056192405 1.0558205246925356 2.5000000000000004
decision_type=10 2 2 8 10 2 2 8 2 2 2 10 10 10 10 8 10 8 8 2 10 10 2 8 2 10 10 10 10 2
left_child=1 2 3 4 -1 7 29 15 9 27 22 12 13 14 -12 28 17 -17 20 -20 -18 -13 23 -3 -24 26 -26 -6 -5 -7
right_child=-2 10 -4 5 8 6 -8 -9 -10 -11 11 21 -14 -15 -16 16 18 -19 19 -21 -22 -23 24 -25 25 -27 -28 -29 -30 -31
leaf_value=0.015956672157326799 0.038811029428162828 -0.018582277175020704 -0.09440230855178211 -0.0095089209507765241 0.45784913781483194 0.17208910162043381 -0.042808050763147858 -0.0035925892839397356 -0.17632951042789605 0.070314634081596147 0.0012503052426823254 -0.2930089352421385 0.35679207395540702 -0.14785446549885109 0.47542057008934879 0.10558746251874176 -0.054582913830512426 -0.11182844789576205 -0.025708715897328659 -0.20549949872872059 0.0073526935462416747 -0.012173519074962974 0.043138899795500771 0.016419522235350904 -0.11996962122027444 0.053337021950265559 -0.60424205673608966 -0.049919115880144041 0.16503236104524074 0.03560626664444138
leaf_weight=47337.75 13888.75 26198.5 3944.25 7624 63 1167.25 2439 28570 806 1880 579 672 258 1001 111 443 11458.5 5849.25 1544.25 1415 9412.75 322 18813 41070.75 480 517 102 6514.5 560 3157.75
leaf_count=65703 17326 33739 7071 9160 69 1936 2442 39091 806 1880 579 672 258 1001 111 1430 20100 8043 3402 1415 11200 322 18813 66699 480 517 102 9201 560 4963
internal_value=-0.000200996 -0.0026167 -0.0096201 -0.00705182 0.00793939 -0.0185743 0.0309036 -0.023579 -0.0330269 -0.0193505 0.00781062 -0.0689171 -0.000900896 -0.055656 0.0781133 -0.0384846 -0.0496066 -0.0965065 -0.0372194 -0.11172 -0.0266513 -0.202142 0.0104015 0.00278768 0.036122 -0.0839216 -0.20574 -0.0449862 0.00245249 0.072473
internal_weight=238199 224310 134186 130242 56601.2 73640.8 6764 66876.8 9263.5 8457.5 90124.2 2943 1949 1691 690 38306.8 30122.8 6292.25 23830.5 2959.25 20871.2 994 87181.2 67269.2 19912 1099 582 6577.5 8184 4325
internal_count=329091 311765 188472 181401 77659 103742 9341 94401 11956 11150 123293 2943 1949 1691 690 55310 45590 9473 36117 4817 31300 994 120350 100438 19912 1099 582 9270 9720 6899
is_linear=0
shrinkage=0.04


Tree=104
num_leaves=31
num_cat=2
split_feature=1 0 4 31 0 6 23 14 43 17 43 24 30 21 37 33 23 25 29 11 25 11 12 6 12 25 25 22 40 16
split_gain=13948.6 9162.68 8485.05 9462.2 8412.49 8114.96 11361.2 9183.56 11101.4 10154.2 13958.7 15623.1 10423.9 10349.9 13155.5 9690.7 9180.4 8213.31 8167.86 10655 10913.4 8030.17 9343.54 9712.44 9250.96 8558.3 11233.8 10225.8 8793.81 7698.18
threshold=2.3750000000000004 3.5849999189376835 2.3649998903274541 77.05313873291017 1.485000014305115 62.500000000000007 1.0056059360504153 78.520000457763686 0 2.5000000000000004 1 0.03014154173433781 0.27986964583396917 76.35651016235353 68.886596679687514 0.99926576018333446 1.0293601155281069 396.25000000000006 16.750000000000004 0.084764186292886748 6277.3750000000009 0.83602148294448864 2.5000000000000004 86.250000000000014 22.500000000000004 86.125000000000014 143.62500000000003 0.022006942890584472 0.13685839623212817 3.5000000000000004
decision_type=8 10 2 10 10 2 8 8 9 8 9 8 10 10 8 8 10 2 2 8 2 10 8 2 10 2 2 10 10 2
left_child=2 5 3 21 -5 6 -2 8 -8 10 -9 13 15 14 -12 -13 -15 -16 -17 -20 -21 22 -1 24 29 -25 27 -27 -28 -24
right_child=1 -3 -4 4 -6 -7 7 9 -10 -11 11 12 -14 16 17 18 -18 -19 19 20 -22 -23 23 25 -26 26 28 -29 -30 -31
leaf_value=0.04229670492970574 0.085353442294500856 0.069565178422715826 0.013762533653149984 -0.39618462471338839 -0.087243905614007342 0.015499597121252982 -0.11042935904581541 0.079588845950329945 -0.018536403859563042 -0.048154365458523495 0.069053721250907543 0.059301380996571236 0.3615818559018365 0.019040289815916309 -0.10968654863463066 -0.029980175348381752 -0.1247270183994721 -0.43018881081011068 -0.013024611536812303 0.038191605676793638 0.25648964843011574 -0.34024006143016899 -0.03593322850508552 0.030868304436407871 -0.49525086486168046 0.073594592418683297 -0.025057123216579113 -0.085365449777756966 0.024580955136600423 0.10173506559608614
leaf_weight=4231.25 2216 3733.25 16688.25 164 978.75 71699.5 2565 3903.5 11549.25 5958.5 689.75 5725.25 136 4085.75 3464.5 8687.25 859.25 132 9484.5 9016.25 381 121 33611.75 8380.5 68.5 742.25 12592 5034 10447.25 661.75
leaf_count=6038 8159 4556 21288 176 1044 100870 4392 5237 18474 7985 923 6587 142 4256 3847 14424 875 132 12213 12506 381 148 44504 18486 88 959 12631 6459 10496 748
internal_value=-8.01753e-05 0.00772411 -0.0120951 -0.017697 -0.131892 0.00608104 -0.00372682 -0.00669043 -0.0353345 0.00100733 0.00729909 0.000664007 0.0133844 -0.0453972 -0.0908823 0.0119512 -0.00596027 -0.121567 0.002116 0.0168841 0.047069 -0.0159757 -0.0154533 -0.0188696 -0.0342081 -0.00470741 -0.0150549 -0.0649291 -0.00254825 -0.0332721
internal_weight=238008 144286 93721.2 77033 1142.75 140553 68853.8 66637.8 14114.2 52523.5 46565 42661.5 33430.2 9231.25 4286.25 33294.2 4945 3596.5 27569 18881.8 9397.25 75890.2 75769.2 71538 34342 37196 28815.5 5776.25 23039.2 34273.5
internal_count=329024 205959 123065 101777 1220 201403 100533 92374 22866 69508 61523 56286 46253 10033 4902 46111 5131 3979 39524 25100 12887 100557 100409 94371 45340 49031 30545 7418 23127 45252
cat_boundaries=0 1 2
cat_threshold=12 40
is_linear=0
shrinkage=0.04


Tree=105
num_leaves=31
num_cat=2
split_feature=11 0 21 25 25 35 24 21 24 24 43 35 24 24 25 18 17 17 1 15 43 5 18 21 22 24 25 24 24 22
split_gain=12957.8 12550.4 11542.2 16278 12084.2 15589.1 14819.1 20460.5 13599.5 13388.3 12779.3 17448.6 10876.8 11607.2 18518.9 10616.7 10594 9492.27 9452.46 9302.41 9351 9071.5 9056.11 11592.2 15562.5 8705.24 12691.2 13732.6 10121.5 10005.1
threshold=0.50077882409095775 1.0000000180025095e-35 73.370883941650405 11.625000000000002 503.87500000000006 10.750000000000002 0.080026272684335722 66.12024307250978 0.0087688709609210509 0.086690917611122145 0 5.5000000000000009 0.15704888105392459 0.13557192683219912 150.37500000000003 1.5000000000000002 5.5000000000000009 3.5000000000000004 2.3950001001358037 1.5000000000000002 1 1.0000000180025095e-35 1.5000000000000002 66.84543609619142 0.10762300714850427 0.071099802851676955 425.87500000000006 0.078887484967708602 0.05724680423736573 0.05077031813561917
decision_type=10 8 10 2 2 2 8 10 8 10 9 2 10 10 2 10 8 10 8 2 9 2 10 10 10 10 2 10 10 10
left_child=2 -2 4 -4 6 -6 8 -8 19 15 11 -10 13 -9 -15 17 -5 -7 -13 -1 -21 -3 23 24 -11 28 -27 -28 -12 -30
right_child=1 21 3 16 5 9 7 12 10 22 25 18 -14 14 -16 -17 -18 -19 -20 20 -22 -23 -24 -25 -26 26 27 -29 29 -31
leaf_value=-0.17277162682876543 -0.22035948049682577 0.2849767665664355 0.16690527692358892 0.014288458359691081 -0.041152731771032562 -0.071245708400507771 -0.012191882803093246 0.035463087220407738 0.045455814234183427 0.28190749250983976 -0.012967226396137229 -0.069347072178558178 0.13027242960922542 0.097929430524074115 -0.12139353179637599 0.12081953976222426 -0.28489318341709874 0.0726436715409364 -0.02970393228882957 -0.010527984725624651 0.089332942243909447 -0.053632335246555342 -0.038047726480228368 -0.0085934814084049471 0.048144102553304931 -0.036993905293070527 -0.060407603836328969 -0.58957220849531222 0.17442607709738536 0.024404698930112562
leaf_weight=321.75 767 132.5 1124.5 57069 4673.75 1079 40771.25 22836.25 3635.75 613 21562.25 16403 1706.75 908.75 1907 4415 189 2286 23289.75 2584.5 3571.25 2448.25 3849 3142 1769.5 5505 176 141 774.5 8597.75
leaf_count=1287 1202 194 1297 68028 4676 1079 68894 25846 6008 613 32132 21371 1772 1121 1907 4439 189 2286 30918 9252 12008 4063 3849 3142 1771 6504 176 141 803 12359
internal_value=-0.000273783 -0.0784026 0.000839995 0.0162574 -0.00425923 0.0236017 -0.00819059 0.0057644 -0.019174 0.0412467 -0.0236832 -0.0383965 0.0325233 0.0260146 -0.0505986 0.0800321 0.0132959 0.0264963 -0.0460879 0.0365698 0.0475386 -0.0361424 0.00904937 0.0418643 0.108384 -0.0063263 -0.0511949 -0.296904 0.00211737 0.0368198
internal_weight=238250 3347.75 234902 58382.5 176520 21827.2 154692 68130 86562.5 17153.5 80085 43328.5 27358.8 25652 2815.75 7780 57258 3365 39692.8 6477.5 6155.75 2580.75 9373.5 5524.5 2382.5 36756.5 5822 317 30934.5 9372.25
internal_count=329327 5459 323868 69514 254354 21855 232499 99540 132959 17179 110412 58297 30646 28874 3028 7804 68217 3365 52289 22547 21260 4257 9375 5526 2384 52115 6821 317 45294 13162
cat_boundaries=0 1 2
cat_threshold=144 96
is_linear=0
shrinkage=0.04


Tree=106
num_leaves=31
num_cat=4
split_feature=1 20 40 42 20 21 14 43 24 2 43 0 6 19 24 25 21 25 24 22 43 19 16 25 24 21 25 25 20 21
split_gain=12319.2 10241.6 14487.3 9642.93 22406.7 13210.8 12263.7 13589.9 11288 9309.42 9106.86 8724.71 8214.32 10554.8 15426.7 15659.9 12496.5 9619.19 13770 14458.9 11634.1 11782.7 16168.8 11941.4 11362.6 17966.8 10614 10532.7 8823.55 13798.4
threshold=1.9049999713897707 79.000000000000014 0.39266912639141088 0 141.00000000000003 65.338142395019545 78.689998626708999 1 0.23999456316232684 -2.5949999094009395 2 2.7549999952316289 101.25000000000001 59.500000000000007 0.015300745144486429 642.12500000000011 78.497573852539077 300.12500000000006 0.081723667681217207 0.16738542914390567 3 145.50000000000003 1.5000000000000002 6.8750000000000009 0.027393400669097904 66.453502655029311 566.87500000000011 92.375000000000014 177.50000000000003 82.352401733398452
decision_type=8 2 10 9 2 10 8 9 10 8 9 8 2 10 8 2 8 2 10 10 9 10 2 2 8 8 2 2 2 10
left_child=-1 2 -2 6 5 8 7 11 -5 -6 -7 -3 17 14 15 -14 -16 18 20 -20 27 22 23 -22 -23 -26 -19 -11 -15 -30
right_child=1 3 -4 4 9 10 -8 -9 -10 12 -12 -13 13 28 16 -17 -18 26 19 -21 21 24 -24 -25 25 -27 -28 -29 29 -31
leaf_value=-0.017614405647630584 -0.13266094121783895 -0.029889589052341261 0.049993590789778171 -0.1079782867787908 0.14333910551615622 -0.099741455007834101 0.030941796297150943 0.011275555976033268 0.5058770356879515 0.18649917232690999 0.11305853523051847 -0.14841428446093258 -0.16540519818247687 0.068157918174280852 -0.045087385771810401 -0.79798122642409641 0.21899295643688668 -0.058263535052846177 0.05574192847203837 -0.023593232213923235 -0.13685861184174372 -0.045522837554740056 0.087135106721173777 -0.044341925601218996 -0.18150326262323394 0.030633817128046133 0.015271047463255224 -0.00061053705021444857 0.0047754956306775712 0.22011164775756634
leaf_weight=50381.75 1966 3068.25 1073.5 798.5 677.75 339 41956.25 14233.25 50 807.5 4804 1469.25 540 4233.75 3191.5 70 314 12791 9760 5894.75 2763 6651.25 1262.25 11614.75 674.25 11830.5 4162 1189.5 39026 481
leaf_count=66155 2839 4494 1174 1685 821 726 58331 21632 50 1733 5986 2364 654 5538 3676 70 518 12806 11641 8279 6858 11386 1836 15661 1266 19755 4162 1197 55265 481
internal_value=-5.23027e-05 0.00466188 -0.0681539 0.00586086 -0.000537893 0.074916 0.0189187 -0.00795519 -0.0712477 -0.00437186 0.0990403 -0.0681431 -0.00522688 0.00752236 -0.0537115 -0.23919 -0.0213759 -0.0140183 -0.00555138 0.0258687 -0.0189205 -0.0243117 -0.0500779 -0.0621296 -0.00328576 0.0191816 -0.0402106 0.074728 0.0132849 0.00740283
internal_weight=238074 187693 3039.5 184653 123926 5991.5 60727 18770.8 848.5 117935 5143 4537.5 117257 47856.2 4115.5 610 3505.5 69400.8 52447.8 15654.8 36793 34796 15640 14377.8 19156 12504.8 16953 1997 43740.8 39507
internal_count=329039 262884 4013 258871 172050 8447 86821 28490 1735 163603 6712 6858 162782 66202 4918 724 4194 96580 79612 19920 59692 56762 24355 22519 32407 21021 16968 2930 61284 55746
cat_boundaries=0 1 2 3 4
cat_threshold=4 12 4 36
is_linear=0
shrinkage=0.04


Tree=107
num_leaves=31
num_cat=1
split_feature=21 22 4 4 11 14 37 17 37 11 44 5 19 19 14 29 14 19 25 25 21 30 25 19 32 5 8 4 14 12
split_gain=11923.3 16905.5 11541.9 13590.2 12924.9 9634.26 9329.78 9246.34 9963.33 9226.32 12314.3 11865 9368.93 10302.5 13396.4 12844.6 12288.5 11382.4 11046.3 9028.41 9171.74 8733.2 8178.28 7718.26 12271.3 7664.22 7529.83 8087 7450.59 7277.79
threshold=59.264097213745124 0.2952589094638825 2.4150000810623173 1.235000014305115 1.0000000180025095e-35 98.095001220703139 68.681446075439467 4.5000000000000009 75.909736633300795 0.61167800426483165 0 57.500000000000007 36.000000000000007 52.500000000000007 85.889999389648452 16.750000000000004 87.045001983642592 128.50000000000003 119.12500000000001 86.125000000000014 69.403285980224624 0.13369191437959674 667.37500000000011 163.50000000000003 1.0550125241279604 1.5000000000000002 14.500000000000002 3.4050000905990605 77.220001220703139 2.5000000000000004
decision_type=8 10 2 2 8 10 10 10 8 8 9 2 8 10 10 2 10 10 2 2 8 10 2 10 8 2 2 2 10 8
left_child=22 2 3 4 -2 9 -4 8 29 11 12 25 -11 14 -14 -15 18 -18 23 20 -9 28 -1 24 -17 -6 -8 -28 -12 -5
right_child=1 -3 6 7 5 -7 26 19 -10 10 21 -13 13 15 -16 16 17 -19 -20 -21 -22 -23 -24 -25 -26 -27 27 -29 -30 -31
leaf_value=-0.060961097193503684 0.048190602577221055 0.22193585266729826 0.034006796637120612 0.018623292610111041 0.16466716257580158 0.046104031320383411 -0.078847161371824154 -0.015140696073271558 -0.070292694606148884 -0.063051311074025257 -0.12468963818366481 -0.15468438085249792 0.055600911039418083 -0.067852278632380594 0.45192092825625124 -0.38595685688162995 0.21358411433616287 0.030966701361618717 -0.19786070112471016 -0.0076684932917313675 0.097645776256923181 -0.30353461718803404 0.2608264170048773 -0.097850747953136794 0.16351145511575335 0.016958392743276391 0.003050476878811268 0.065029844394606767 0.27754246565372265 -0.021854149657080126
leaf_weight=6256.5 11250.5 551.5 22233 8019.75 590 5793.5 1702 1817.5 6159.5 5520.75 497.25 623 1659 4090 147.75 71.75 784.25 1794.75 555.5 11989 3155.75 426.25 128 525.75 615 11488 63907 3554.75 85.5 62399.75
leaf_count=8394 14729 616 38115 12036 917 7169 1939 4456 13121 8475 837 635 3315 6502 192 77 1067 2313 557 12874 8630 637 128 1140 783 14767 77566 3887 141 83288
internal_value=-0.00054739 0.000936667 0.00040911 -0.00680646 0.0108621 -0.00104667 0.0114665 -0.0155932 -0.0215119 -0.010316 -0.0297895 0.0154015 -0.0210386 0.00158665 0.0882449 -0.0169787 0.0308909 0.0865618 -0.0503175 0.0111274 0.0564318 -0.164514 -0.0544693 0.0173826 0.105621 0.0241872 0.0042204 0.00631732 -0.0652937 -0.0172441
internal_weight=238392 232008 231456 140060 46518.5 35268 91396.8 93541.2 76579 29474.5 16773.5 12701 15764.5 10243.8 1806.75 8437 4347 2579 1768 16962.2 4973.25 1009 6384.5 1212.5 686.75 12078 69163.8 67461.8 582.75 70419.5
internal_count=329303 320781 320165 198658 64253 49524 121507 134405 108445 42355 26036 16319 24421 15946 3507 12439 5937 3380 2557 25960 13086 1615 8522 2000 860 15684 83392 81453 978 95324
cat_boundaries=0 1
cat_threshold=12
is_linear=0
shrinkage=0.04


Tree=108
num_leaves=31
num_cat=4
split_feature=46 0 19 1 25 20 20 43 46 6 25 23 21 21 25 22 7 17 29 6 11 20 25 37 24 23 21 37 6 43
split_gain=12900.1 16623.3 12012.7 10702.2 10643.8 16553 16574.1 22107 16816.3 11804.9 11965.7 13537.4 11326.2 10788.1 10719.8 10549.9 10259.7 9805.89 9756.18 9019.75 8997.98 8906.4 9146.27 8801.71 9650.47 9752.02 11277.3 8699.6 8690.41 13288.6
threshold=0 2.4850000143051152 5.0000000000000009 3.0649999380111699 87.125000000000014 171.50000000000003 141.00000000000003 1 2 222.25000000000003 75.375000000000014 1.0617845058441164 68.210651397705092 65.274761199951186 101.12500000000001 0.051184218376874931 71.500000000000014 5.5000000000000009 17.750000000000004 136.25000000000003 0.83602148294448864 177.50000000000003 91.125000000000014 68.35486221313478 0.13740456849336627 1.1967639923095705 67.825954437255874 70.205112457275405 91.250000000000014 3
decision_type=1 10 8 10 2 2 2 9 1 2 2 10 10 10 2 10 2 8 2 2 10 2 2 8 10 10 10 10 2 9
left_child=1 2 -1 4 5 6 7 -2 -8 10 12 -12 19 -13 15 -6 28 27 -9 -7 23 -17 -23 24 -4 -26 -27 -3 -16 -30
right_child=3 17 20 -5 14 9 8 18 -10 -11 11 13 -14 -15 16 21 -18 -19 -20 -21 -22 22 -24 -25 25 26 -28 -29 29 -31
leaf_value=0.12439428037761646 -0.095707458381076513 0.030160737756969543 0.0066239844422927184 0.04286864197344379 0.018400058249537533 -0.019470709465787737 -0.095809211174742184 0.023716909559767237 0.080722686818492789 0.32982105622828278 0.0092575482188980325 0.056166961025775682 0.050967640688393843 0.23158040431333313 -0.0065364496494581684 -0.0079536647831658439 -0.039124656861889553 -0.34689481348917633 0.12781915045965783 0.07458751858632931 -0.29213765363382554 -0.25457577588908992 -0.089421477961733289 -0.04049054426879993 -0.16948457454515206 -0.042046309196333585 0.35695628071738605 -0.0052298833930254649 0.049214110771829488 -0.010123344466663374
leaf_weight=836.75 2302 17349 16470 13082.75 2051.5 9428 4909.5 8622.25 1046.75 220 1534 930.25 13479.75 1415.5 36192 1321.5 9310.75 124.25 1728.5 1971.5 205 738.75 1961.25 31484 1022.25 2729 117.25 30915.25 14320.5 10435.25
leaf_count=1001 3655 27225 30432 15299 2485 27248 9891 13069 2390 424 2074 1606 23463 1762 37005 1371 9706 152 2414 6545 340 960 2259 41492 1278 3233 133 34981 14622 10766
internal_value=0.000460933 -0.0103657 -0.0258717 0.00846248 0.00482972 0.0196766 -0.00976234 0.0161382 -0.0647765 0.0385808 0.0363414 0.10167 0.0261499 0.162072 -0.0044265 -0.0554077 -1.9011e-05 0.00657465 0.0410726 -0.00319823 -0.0282908 -0.0930557 -0.134689 -0.0272414 -0.00673044 -0.0635745 -0.0254886 0.00749186 0.00595548 0.0242179
internal_weight=238255 101253 52864.2 137002 123920 47588 18609 12652.8 5956.25 28979 28759 3879.75 24879.2 2345.75 76331.5 6073 70258.5 48388.5 10350.8 11399.5 52027.5 4021.5 2700 51822.5 20338.5 3868.5 2846.25 48264.2 60947.8 24755.8
internal_count=329281 140267 77909 189014 173715 94541 31419 19138 12281 63122 62698 5442 57256 3368 79174 7075 72099 62358 15483 33793 76908 4590 3219 76568 35076 4644 3366 62206 62393 25388
cat_boundaries=0 1 2 3 4
cat_threshold=8 12 4 196
is_linear=0
shrinkage=0.04


Tree=109
num_leaves=31
num_cat=2
split_feature=21 25 24 38 21 24 23 21 21 25 39 25 44 20 21 25 25 42 32 15 25 25 39 25 24 23 21 25 24 21
split_gain=11088 17142.1 12463.3 12408.9 10023.8 10182.3 14428.5 11871.4 11591 14583 9838.18 9620.47 10625.5 9619.25 9451.84 9608.15 9313.92 22911.5 8838.67 9432.03 8756.04 10730.4 8697.74 11488.9 8571.88 10160.1 9652.92 10400 9316.85 16080.7
threshold=66.651382446289077 31.375000000000004 0.15451136976480487 1.0020086169242861 88.269744873046889 0.036105042323470123 1.0404490828514101 78.497573852539077 77.35693740844728 264.12500000000006 2.8677681684494023 457.12500000000006 0 181.50000000000003 76.35651016235353 468.75000000000006 642.12500000000011 1 1.0175300836563113 2.5000000000000004 627.62500000000011 688.25000000000011 0.31840080022811895 303.25000000000006 0.023647560738027099 1.0476887226104739 63.611358642578132 729.12500000000011 0.23999456316232684 58.025424957275398
decision_type=8 2 10 8 10 10 10 10 10 2 8 2 9 2 8 2 2 9 10 2 2 2 10 2 10 10 10 2 10 10
left_child=1 -1 3 -2 5 14 7 -7 -8 10 -10 12 -4 24 15 -5 -16 -18 -6 -20 22 -22 23 -15 -3 -26 28 -28 29 -27
right_child=2 13 11 4 18 6 8 -9 9 -11 -12 -13 -14 20 16 -17 17 -19 19 -21 21 -23 -24 -25 25 26 27 -29 -30 -31
leaf_value=-0.074876757755287335 0.076790087276324706 0.10679162387876408 -0.21377156346747236 -0.034106074459655154 -0.44429857428049302 0.12673956191300037 0.0041837951473163489 -0.38202715718118768 0.13005032170997441 -0.080874888972310655 -0.23752591471416959 -0.16331802867268036 0.16054912117341225 0.1641257686444734 0.0079961185024064723 0.021572254773913387 -0.65696139289412592 -0.04070787705089661 0.18511050610030996 0.012469423028129653 0.17597634295050316 -0.076327168146465049 -0.05568060201197865 -0.05473262329343774 -0.1093368278362707 -0.21282095844018922 0.022165743273464808 0.3237200629408295 0.033664949631514861 -0.021678592272101605
leaf_weight=6787.75 3640.5 1230 123 30053.75 47.5 2165.25 95159.75 75 2887.25 759 120.5 192 1649.25 705 32112 5938 113 631 1054 974 657 456.25 11904.5 840 1322.5 740.25 16895 184 4648.25 14111.75
leaf_count=16534 14562 2403 123 42299 49 3513 114269 75 3044 759 140 192 1743 1386 55329 5938 113 631 1090 974 657 457 16502 840 1648 993 19349 184 5009 18410
internal_value=-0.000194945 -0.0149879 0.0048402 0.00371988 0.00217365 0.00110673 0.00918216 0.109542 0.00690832 0.0757177 0.115249 0.105014 0.134162 -0.00741579 -0.0107594 -0.0249197 0.00475242 -0.135067 0.089526 0.102244 -0.0351675 0.072594 -0.0440922 0.0451738 0.00291246 -0.000461286 0.00347781 0.0254335 -0.0157519 -0.0312194
internal_weight=238177 60482.2 177695 175730 172090 170014 101167 2240.25 98926.5 3766.75 3007.75 1964.25 1772.25 53694.5 68847.8 35991.8 32856 744 2075.5 2028 14562.8 1113.25 13449.5 1545 39131.8 37901.8 36579.2 17079 19500.2 14852
internal_count=329215 84372 244843 242785 228223 226110 121800 3588 118212 3943 3184 2058 1866 67838 104310 48237 56073 744 2113 2064 19842 1114 18728 2226 47996 45593 43945 19533 24412 19403
cat_boundaries=0 1 2
cat_threshold=16 8
is_linear=0
shrinkage=0.04


Tree=110
num_leaves=31
num_cat=1
split_feature=21 22 20 19 23 21 38 22 22 26 32 5 25 20 23 15 24 20 25 23 23 23 23 21 21 22 37 42 19 25
split_gain=9855.78 14312.6 11392.3 10115.2 10050.4 11409.6 11922.2 10294.1 11833 9494.01 12933.8 8983.3 11878.7 15339.5 15365.4 16932.9 13829.3 11017.1 19700.5 20906.6 17560.4 12648.4 11478.2 15574.7 11512.2 14007.1 13230.2 12342.5 13669.9 11994.3
threshold=59.264097213745124 0.2952589094638825 79.000000000000014 49.500000000000007 1.2121874094009402 68.296108245849624 1.0020086169242861 0.087639935314655318 0.088235270231962218 1.5000000000000002 1.1055938601493838 22.500000000000004 332.87500000000006 218.00000000000003 1.0345381498336794 3.5000000000000004 0.020198440179228786 181.50000000000003 221.12500000000003 1.1058945655822756 1.1672998666763308 1.0093430876731875 1.0896088480949404 71.489330291748061 75.186950683593764 0.031230391003191475 73.686645507812514 0 145.50000000000003 150.37500000000003
decision_type=8 10 2 10 10 8 8 10 10 2 10 2 2 2 10 2 10 2 2 10 10 8 10 10 10 8 8 9 10 2
left_child=-1 2 3 -2 5 7 -7 -4 -9 10 -5 12 13 -8 15 -15 -14 18 21 -20 -21 -13 24 -24 25 -23 -26 28 -27 -30
right_child=1 -3 4 9 -6 6 11 8 -10 -11 -12 17 16 14 -16 -17 -18 -19 19 20 -22 22 23 -25 26 27 -28 -29 29 -31
leaf_value=-0.048886813224114825 -0.16080786046065618 0.20279189605221873 -0.041597570194684304 -0.22814491558954367 0.043155020198948082 0.098177089733646444 -0.011442694676474734 0.25401327217807762 -0.0062270134879184097 -0.14430501815647356 0.14870593232407583 -0.45378476221230118 0.046132535963402346 0.03855840937787719 0.091806374071741303 -0.10159050904290515 -0.090079860509325038 0.00043058778573717581 0.11139480302877477 -0.20159933178748835 0.20223325123884678 -0.13527449296647329 0.028213252129576667 0.20260018169452709 0.087538985405674077 -0.054645109571808667 -0.026284295847877243 0.038903943425544124 0.093997334037575597 -0.13670404201446604
leaf_weight=6407.25 1304 562.25 15744.75 182 9062.25 2231.75 44049.5 280 54344.75 507 715 90.75 1568 5113.25 5144.5 1887.75 4972.5 46005.75 6694 653 233 1313 2725.5 1171 4906.5 7761.25 2448.75 7538.5 2040.25 437
leaf_count=8553 2345 626 21486 182 9786 8927 61289 397 80039 507 715 93 1568 7127 6496 3549 4998 61731 6694 653 233 1478 2826 1171 5700 12460 2460 11584 2872 437
internal_value=4.7242e-05 0.00140072 0.000909912 -0.0806358 0.00187704 0.000171511 0.00644115 -0.0131024 -0.00488835 -0.00610962 0.0720701 0.0050454 -0.00640735 -0.000468796 0.0393289 0.000758965 -0.057422 0.0135971 0.0295316 0.0872266 -0.0952868 0.0151587 0.0165763 0.0806606 0.00713114 -0.00925084 0.0496454 6.40661e-05 -0.0285339 0.05326
internal_weight=238095 231688 231125 2708 228417 219355 148986 70369.5 54624.8 1404 897 146754 62735.5 56195 12145.5 7001 6540.5 84018.2 38012.5 7580 886 30432.5 30341.8 3896.5 26445.2 19090 7355.25 17777 10238.5 2477.25
internal_count=328982 320429 319803 3749 316054 306268 204346 101922 80436 1404 897 195419 85027 78461 17172 10676 6566 110392 48661 7580 886 41081 40988 3997 36991 28831 8160 27353 15769 3309
cat_boundaries=0 1
cat_threshold=16
is_linear=0
shrinkage=0.04


Tree=111
num_leaves=31
num_cat=2
split_feature=46 15 21 38 25 21 23 22 32 28 1 25 20 20 43 35 15 19 25 24 25 6 17 22 7 29 20 19 11 20
split_gain=11284.2 12216.6 10798.7 11847.2 11454.7 14792.4 12889.2 15756.3 10121.9 10352 9982.01 8941.68 12167.1 13112.5 17802.1 14834.8 13046.5 17734.8 10068.8 16578.5 10064.1 9759.49 9839.75 9537.99 9338.65 9298.36 9037.92 8938.09 8861.65 8740.25
threshold=0 1.0000000180025095e-35 65.274761199951186 1.0020086169242861 661.12500000000011 65.771884918212905 1.1371120214462282 0.11287960782647134 1.100643575191498 6.5000000000000009 2.995000004768372 87.125000000000014 171.50000000000003 141.00000000000003 1 8.7500000000000018 3.5000000000000004 145.50000000000003 74.125000000000014 0.057606689631938941 101.12500000000001 91.250000000000014 2.5000000000000004 0.051184218376874931 73.500000000000014 17.750000000000004 177.50000000000003 7.5000000000000009 0.50077882409095775 171.50000000000003
decision_type=1 2 10 8 2 10 10 10 10 2 10 2 2 2 9 2 2 8 2 10 2 2 8 10 2 2 2 10 10 2
left_child=2 -2 -1 -4 8 -6 -7 -8 9 27 11 12 13 14 -3 -15 18 -18 21 -20 23 22 -14 -13 29 -16 -25 -5 -10 -22
right_child=1 10 3 4 5 6 7 -9 28 -11 -12 20 16 15 25 -17 17 -19 19 -21 24 -23 -24 26 -26 -27 -28 -29 -30 -31
leaf_value=-0.039694859565041041 -0.2323363224349857 -0.086121262649167973 0.059191453390504807 0.036440189639887426 0.48057197422056058 0.091220588868672792 -0.50170696521511782 0.0015266409925724332 0.025085847604571502 0.0034293679931648364 0.037817580404761526 0.017693710692883703 0.038163027786920004 0.075186771794872057 0.021375565369795076 -0.087597106855725762 -0.19068546058653016 0.012397676444498174 0.0090669166757438319 0.18521544031215487 0.044741872367732125 0.076532166675656946 -0.034709841148915732 -0.0037521077456035301 -0.03956027607495375 0.12445532992979574 -0.13237097053368468 -0.03535406507425172 -0.19215881455439296 -0.0004406489334116136
leaf_weight=16444.5 337.75 2233 4457.25 2999.75 133 2267 134 379 13534.5 23732.5 16041 1964.25 10093 1103.75 8474.25 4736.25 880.75 3130.75 1512.75 1965.25 7885 6296.5 4196.5 1302.25 8388.5 1676.5 2658.75 36820.25 306.25 52151.75
leaf_count=25413 730 3496 17829 3782 133 2267 134 379 15081 30865 18915 2385 19540 2456 12924 9546 2515 8659 2118 2728 7951 17608 8302 1351 8750 2350 3189 43910 391 53519
internal_value=9.77836e-05 0.00757935 -0.0100317 -0.00427642 -0.00779983 0.0700544 0.0502474 -0.130635 -0.0107311 -0.0174819 0.00817388 0.00423228 0.0180315 -0.00741946 0.0158809 -0.0568229 0.0345516 -0.0322259 0.0456845 0.108626 -0.00436081 0.0350456 0.0167607 -0.0543668 -2.97778e-05 0.0383734 -0.0900978 -0.0299447 0.0202651 0.00549403
internal_weight=238236 137028 101208 84763.5 80306.2 2913 2780 513 77393.2 63552.5 136691 120650 46299.2 18223.8 12383.8 5840 28075.5 4011.5 24064 3478 74350.5 20586 14289.5 5925.25 68425.2 10150.8 3961 39820 13840.8 60036.8
internal_count=329216 189032 140184 114771 96942 2913 2780 513 94029 78557 188302 169387 92242 30772 18770 12002 61470 11174 50296 4846 77145 45450 27842 6925 70220 15274 4540 47692 15472 61470
cat_boundaries=0 1 2
cat_threshold=8 12
is_linear=0
shrinkage=0.04


Tree=112
num_leaves=31
num_cat=4
split_feature=21 24 25 17 24 43 24 22 22 22 24 1 22 21 22 17 43 25 22 25 22 19 18 21 31 19 46 42 25 21
split_gain=10270.9 15030.5 11706.5 14108.5 11538.8 11157.8 9996.63 16223.4 12867.5 16531.6 13304.7 10858.7 10181.5 9919.73 9616.73 9412.25 10497.4 10735.5 15065.9 9567.89 16873.5 10803.9 9254.67 9590.35 9531.05 8773.25 8698.62 9164.83 9080.98 11537.8
threshold=62.218965530395515 0.23999456316232684 377.37500000000006 2.5000000000000004 0.16362474858760837 0 0.14417530596256259 0.19977589696645739 0.11079758778214456 0.14144615828990939 0.15704888105392459 2.5849999189376835 0.14799507707357409 58.025424957275398 0.18585512787103656 3.5000000000000004 1 76.375000000000014 0.15032486617565158 510.25000000000006 0.020953977480530742 23.000000000000004 1.5000000000000002 60.847053527832038 71.527648925781264 111.00000000000001 2 3 667.37500000000011 74.166954040527358
decision_type=8 10 2 10 10 9 10 10 10 10 10 8 10 10 10 10 9 2 10 2 8 10 10 10 10 8 1 9 2 10
left_child=1 13 5 -4 6 -3 11 8 -8 -10 -11 15 -12 -1 -13 -2 26 -18 19 20 -19 -21 24 -24 -15 -23 -17 -28 29 -29
right_child=4 2 3 -5 -6 -7 7 -9 9 10 12 14 -14 22 -16 16 17 18 -20 21 -22 25 23 -25 -26 -27 27 28 -30 -31
leaf_value=-0.1466315539904561 -0.017336879814117977 -0.070408019644546599 -0.14235270143548648 0.27135862320787435 0.052782702931991762 0.067175528625199252 -0.17388865500905368 -0.31035693810637993 0.092836017670660742 -0.12023997435976272 -0.29694545420284929 0.0094959317131602886 0.13343637021238586 -0.057670860836421083 0.10091472211448985 -0.0034939677643846517 0.034285781115300847 0.040670903072493561 -0.32158209715244618 -0.38667156519788382 -0.073211770677040114 0.30480431694865229 0.056769838008760343 -0.052170842610893581 -0.24568231145120997 0.030601021761800535 0.026029238733792523 0.16347273730414352 -0.18365035795570936 0.0085615860912821185
leaf_weight=1548.75 59989.25 1724.5 170 579 7034.25 2054.75 877 362 1675.25 2008.5 100.5 104163.25 659.25 5615.25 1873.25 9295.25 5357.75 2801.5 281 93 8094 199 2508.5 2666 466.5 2814 9365 2411 171 1129.75
leaf_count=2283 78305 2044 170 579 7836 2093 877 449 1760 2382 105 152914 804 8634 3524 12821 10649 3067 302 93 9177 199 3773 4373 495 2814 11807 3314 171 1237
internal_value=5.02554e-05 -0.0295978 0.0330334 0.177389 0.00237831 0.0043835 0.000719075 -0.05162 -0.0339601 -0.00630902 -0.0663215 0.00214896 0.0761846 -0.0517473 0.0111119 -0.00716853 0.00735082 -0.013987 -0.0321067 -0.0262743 -0.0439283 0.0356471 -0.03868 0.000641536 -0.0721309 0.0488078 0.0260778 0.0471169 0.1003 0.114063
internal_weight=238088 17333.2 4528.25 749 220755 3779.25 213720 5682.5 5320.5 4443.5 2768.25 208038 759.75 12805 106036 102002 42012.2 19640.2 14282.5 14001.5 10895.5 3106 11256.2 5174.5 6081.75 3013 22372 13076.8 3711.75 3540.75
internal_count=329051 24444 4886 749 304607 4137 296771 6377 5928 5051 3291 290394 909 19558 156438 133956 55651 26301 15652 15350 12244 3106 17275 8146 9129 3013 29350 16529 4722 4551
cat_boundaries=0 1 2 3 4
cat_threshold=76 96 8 16
is_linear=0
shrinkage=0.04


Tree=113
num_leaves=31
num_cat=2
split_feature=4 6 9 4 19 20 20 25 23 21 46 21 14 0 21 17 19 37 21 22 21 39 40 19 14 46 22 15 22 14
split_gain=10608.1 8687.69 16879.9 11779.2 12561.9 15178 11695.5 16703.8 13583.1 12565.1 11913.2 14621.7 11005.3 12848.6 10536.8 9989.44 9730.14 9677.92 9496.51 16691.6 13767 9162.38 10358.6 10040.8 12775.7 9157.5 8847.35 8825.48 10789.5 8770.29
threshold=2.8950001001358037 87.500000000000014 15.500000000000002 1.8550000190734866 9.5000000000000018 159.00000000000003 184.00000000000003 221.12500000000003 1.0987078547477724 68.879364013671889 0 69.559341430664077 98.095001220703139 0.75499999523162853 64.532974243164077 3.5000000000000004 36.000000000000007 74.125808715820327 75.186950683593764 0.061672402545809753 71.554599761962905 3.4411590099334721 0.32281205058097845 52.500000000000007 76.779998779296889 1 0.016574630513787273 3.5000000000000004 0.088707216084003462 64.520000457763686
decision_type=2 2 2 2 8 2 2 2 10 10 1 10 10 10 10 10 8 10 10 10 10 10 10 8 10 1 10 2 10 10
left_child=1 2 3 12 5 -5 7 10 14 25 11 -3 13 16 -9 -11 -1 18 19 -12 -21 22 23 24 -18 -10 -20 -27 -29 -24
right_child=-2 6 -4 4 -6 -7 -8 8 9 15 17 -13 -14 -15 -16 -17 21 -19 26 20 -22 -23 29 -25 -26 27 -28 28 -30 -31
leaf_value=-0.061554813431231453 0.019977038139868741 -0.0030691247922837927 -0.096289386806487284 -0.045997709684153225 -0.026792164935270733 0.051641003505446544 -0.0089463909581119268 -0.19085930228703127 0.091127860912773265 0.017142973905968889 -0.10419766194066146 0.086529845677003281 0.055982880008547529 0.024257391593600772 0.10145703664485661 -0.35486907105118276 0.024452816047704679 -0.09291038646438253 -0.15818966795111958 -0.010772920071992103 0.14591704166267469 0.15828649069616277 -0.32428405241469288 -0.01872469982003452 0.244932843145027 -0.028882733315681915 0.10726273699162488 0.46285678906944711 0.054380311515843778 -0.049592065503505561
leaf_weight=6730 35027.75 7329.75 3601 3815.5 55601 7659.5 43831.25 202 2536.25 213 2869.75 4836.25 6429.25 17870 7144.5 251 2033.25 2451.5 227 8344 1004.25 541 289.25 9931.25 529.25 3784 1693.75 122 654 519
leaf_count=10204 44585 11934 6514 5137 76292 11453 62438 202 2537 213 3790 5602 8509 25730 7155 251 3936 2552 227 14803 1401 550 344 14552 821 3784 2161 122 654 576
internal_value=-0.000351545 -0.0038586 -0.0110584 -0.00831596 -0.0189283 0.0191741 0.00564982 0.0203022 0.0546632 0.0170196 0.00248865 0.0325523 0.00754754 -0.000553982 0.0933941 -0.184418 -0.0221058 -0.0195581 -0.00683365 -0.0198332 0.00607312 -0.0029237 -0.00949191 -0.000508343 0.0700694 0.0302156 0.0758227 -0.00367522 0.119118 -0.148181
internal_weight=238071 203044 115549 111948 67076 11475 87494.2 43663 14906.8 7560.25 28756.2 12166 44872.2 38443 7346.5 464 20573 16590.2 14138.8 12218 9348.25 13843 13302 12493.8 2562.5 7096.25 1920.75 4560 776 808.25
internal_count=329029 284444 164618 158104 92882 16590 119826 57388 14918 7561 42470 17536 65222 56713 7357 464 30983 24934 22382 19994 16204 20779 20229 19309 4757 7097 2388 4560 776 920
cat_boundaries=0 1 2
cat_threshold=4 4
is_linear=0
shrinkage=0.04


Tree=114
num_leaves=31
num_cat=2
split_feature=11 9 0 1 46 0 25 25 29 21 6 37 28 15 5 22 18 20 25 23 19 21 24 46 23 25 29 24 18 25
split_gain=10319.6 9701.52 11335.1 9664.62 8952 12507.4 11142.2 19208.1 14079.8 10499.4 9946.48 9945.74 9788.4 9542.39 13883.7 11389 14093 11131.8 19024 12554.8 12034 13000.4 19125.3 13858.8 16214.1 13034.9 11346 11071.5 11010.3 10334.8
threshold=0.6670682728290559 10.500000000000002 1.0000000180025095e-35 3.5049999952316289 0 2.1149998903274541 667.37500000000011 627.62500000000011 18.250000000000004 60.847053527832038 7.5000000000000009 70.072223663330092 6.5000000000000009 3.5000000000000004 39.500000000000007 0.006718765478581191 1.5000000000000002 218.00000000000003 503.87500000000006 1.0130522251129153 167.50000000000003 73.370883941650405 0.046602526679635055 1 1.1897620558738711 503.87500000000006 19.750000000000004 0.080026272684335722 1.5000000000000002 367.62500000000006
decision_type=10 2 8 10 1 10 2 2 2 10 2 8 2 2 2 8 10 2 2 8 8 8 10 1 10 2 2 10 10 2
left_child=3 -2 -3 4 5 -1 7 13 -9 -8 -11 -7 -13 17 -15 -16 -17 20 19 28 -6 23 29 25 -25 -22 -20 -27 -19 -23
right_child=1 2 -4 -5 6 11 9 8 -10 10 -12 12 -14 14 15 16 -18 18 26 -21 21 22 -24 24 -26 27 -28 -29 -30 -31
leaf_value=-0.029859798982498468 -0.065927924408443209 -0.77318345393418453 -0.14473080132411381 0.059425635624757722 0.01556019192958682 0.020170633756550257 0.237708516628898 0.050229447378707021 0.26389921354852885 -0.0042156537516816871 -0.11101120211446935 -0.029002560384746669 0.01075821825485895 -0.042079787610048235 -0.39373021816968917 -0.027627860548898226 0.092558690688701914 0.039916902381773374 -0.28252678779103391 0.077962690031426973 -0.069544640074716224 -0.018703350919275441 0.22400480601289896 0.015471104238661727 0.39935365074776835 0.076635913250926654 0.057574721887408489 -0.1753205831883532 -0.19488467117575031 0.10703747260850918
leaf_weight=32086.5 821.5 72.25 124.75 4434.25 70860.5 25466.25 198 1357 775 2771.5 2809.5 22839.25 17493.5 13225.75 99 2923 3348.25 806.25 425 9458 11889 5185.75 718.5 3290.75 185 1807 248 329 528 1309
leaf_count=47877 1231 127 223 5353 96911 41079 198 1357 775 2797 2811 25360 21302 20059 99 4102 4699 828 425 14078 15342 11404 828 5192 185 1807 248 329 528 1309
internal_value=0.000388075 -0.126601 -0.377978 0.000934661 -0.00018144 -0.00938483 0.0065142 0.00895292 0.127989 -0.0478168 -0.057988 0.000599916 -0.0117572 0.00694783 -0.018714 0.0297959 0.0365442 0.011646 0.0488876 0.0617588 0.00717789 -0.0168555 0.0283302 -0.0354804 0.0360137 -0.0532 -0.157294 0.0377623 -0.053074 0.00665135
internal_weight=237885 1018.5 197 236866 232432 97885.5 134547 128768 2132 5779 5581 65799 40332.8 126636 19596 6370.25 6271.25 107040 11465.2 10792.2 95574.5 24714 7213.25 17500.8 3475.75 14025 673 2136 1334.25 6494.75
internal_count=328863 1581 350 327282 321929 135618 186311 180505 2132 5806 5608 87741 46662 178373 28959 8900 8801 149414 16107 15434 133307 36396 13541 22855 5377 17478 673 2136 1356 12713
cat_boundaries=0 1 2
cat_threshold=8 4
is_linear=0
shrinkage=0.04


Tree=115
num_leaves=31
num_cat=2
split_feature=20 19 42 20 21 25 22 22 24 21 21 25 21 30 17 43 19 0 6 19 6 21 22 7 22 25 6 10 16 9
split_gain=10101.7 20505.5 10386 24003.6 14867.6 11967.2 14140.7 25867.7 11844.2 19084.8 10702.1 14241.9 12620.4 10084.4 9632.26 13185 9563.14 10607.9 9480.68 10191.8 19917 20849.5 14141.6 10107 9214.08 9138.86 10149.6 9119.75 11932.8 11432.5
threshold=79.000000000000014 49.500000000000007 0 141.00000000000003 73.864875793457045 371.37500000000006 0.21563132107257846 0.13179826736450198 0.23295158147811892 60.847053527832038 71.204734802246108 521.50000000000011 71.871128082275405 0.25517509877681738 4.5000000000000009 1 128.50000000000003 0.85500001907348644 112.25000000000001 59.500000000000007 219.25000000000003 84.860710144042983 0.040316659957170493 58.500000000000007 0.069668810814619078 54.875000000000007 221.25000000000003 70.250000000000014 1.5000000000000002 2.5000000000000004
decision_type=2 10 9 2 10 2 10 10 10 8 10 2 10 10 10 9 10 8 2 10 2 10 10 2 10 2 2 2 2 2
left_child=1 -1 5 4 8 -2 7 10 9 -4 24 12 -12 -3 15 -13 17 -14 27 20 21 -20 -23 -21 -7 -25 -27 28 -5 -30
right_child=2 13 3 18 -6 6 -8 -9 -10 -11 11 14 16 -15 -16 -17 -18 -19 19 23 -22 22 -24 25 -26 26 -28 -29 29 -31
leaf_value=-0.15167820515359487 0.0060956160116001027 -0.060234601459107522 -0.28154098540369205 -0.018669963081871618 0.16996415446701324 0.24816941289845854 0.25036061821422256 -0.13917969137357888 0.39321141296004258 0.042956797044620423 -0.14721053108631071 -0.0259666727714064 -0.40167576572693975 0.093596811022760615 0.083036118834675071 -0.25738447849239321 0.17504230029413484 0.061145938952844058 -0.060674224599091303 0.029459483526047929 0.19254718787320904 -0.15219316705855832 -0.79437542200988187 0.056469432725094582 0.083580364228874368 -0.012456354096004802 -0.20675454116104797 -0.10685484613595762 0.11388343779223352 0.0049727225447124528
leaf_weight=2090.75 64166 1397 305 86046.25 1663.5 639 532 1166 143 5543.75 358 1602 82 1330 750 515 1558 1749 3621.25 23284.75 467.5 115 105 3153.75 3656 21395 438 1730.5 2029.25 6415
leaf_count=3218 95744 1397 305 117943 1752 639 532 1166 143 8243 358 1602 82 1330 750 515 1558 1749 4303 31054 670 115 105 9822 3680 25520 441 3001 2810 8497
internal_value=-0.00013809 -0.0574638 0.00104629 -0.00486657 0.0642044 0.0130961 0.0487232 0.0398191 0.034818 0.025989 0.0589626 0.0270283 0.078363 0.0147967 -0.0400657 -0.0836981 0.102229 0.0402087 -0.00842044 0.00523785 -0.0536994 -0.0837123 -0.460915 0.0104997 0.108121 -0.00716889 -0.0163637 -0.0158841 -0.0142169 0.0311561
internal_weight=238047 4817.75 233230 156456 7655.25 76773 12607 12075 5991.75 5848.75 10909 6614 3747 2727 2867 2117 3389 1831 148801 52580.2 4308.75 3841.25 220 48271.5 4295 24986.8 21833 96221 94490.5 8444.25
internal_count=329044 5945 323099 214724 10443 108375 12631 12099 8691 8548 10933 6614 3747 2727 2867 2117 3389 1831 204281 72030 5193 4523 220 66837 4319 35783 25961 132251 129250 11307
cat_boundaries=0 1 2
cat_threshold=4 28
is_linear=0
shrinkage=0.04


Tree=116
num_leaves=31
num_cat=2
split_feature=1 46 0 37 28 25 25 29 21 6 2 42 7 21 23 36 21 25 25 25 19 25 23 22 26 14 33 25 7 29
split_gain=9823.33 9705.28 13928.3 8938.37 9516.25 8699.57 17798 12880.1 9155.25 9329.18 8831.23 8235.31 11054 7754.11 8539.61 7545.29 7402.24 8185.03 14089.3 11244 10754.3 12288.4 11966.1 10400.5 10986 14410.9 20866.6 10756.6 12717.7 11150.7
threshold=3.5049999952316289 0 1.6549999713897707 70.139533996582045 6.5000000000000009 667.37500000000011 627.62500000000011 18.250000000000004 60.847053527832038 7.5000000000000009 0.91500002145767223 1 66.500000000000014 65.618801116943374 1.1935862302780154 0.14507635682821277 82.007011413574233 87.125000000000014 425.87500000000006 75.375000000000014 111.00000000000001 102.37500000000001 1.0197029113769533 0.025391964241862301 1.5000000000000002 93.08499908447267 2.6803091764450078 162.25000000000003 58.500000000000007 14.750000000000002
decision_type=10 1 10 8 2 2 2 2 10 2 10 9 2 10 10 10 10 2 2 2 8 2 10 10 2 10 10 2 2 2
left_child=1 2 -1 13 11 6 10 -8 -7 15 16 12 -5 -4 -15 -10 17 19 20 -3 23 22 -22 -19 27 -26 -27 28 -25 -29
right_child=-2 5 3 4 -6 8 7 -9 9 -11 -12 -13 -14 14 -16 -17 -18 18 -20 -21 21 -23 -24 24 25 26 -28 29 -30 -31
leaf_value=-0.043002935806558611 0.059369917959800525 0.013219342612533498 -0.021944147635800992 -0.69388857630194356 0.005730713570086636 0.22791502827559551 0.048407345883416206 0.25330215118900812 0.013482279689768702 -0.10340860633267612 -0.033768182049475827 -0.028678884415818371 -0.10502024385145274 0.018978508223094107 0.18429450440763437 -0.32233991903895215 0.059766620126208737 -0.068493641221548926 0.036766644859461906 0.078455394354777205 0.11817359018052273 -0.016083350871540808 -0.12025639839222477 0.021467960550764383 -0.093030390313519076 0.0096653155401845194 0.48204009942613413 0.016374957662311927 -0.17463959992621469 0.12221354288520576
leaf_weight=17526.25 4374.25 41944.75 8395.75 66.25 19752.75 193 1353 770 2679.75 2784.5 8325.75 26037.5 213.25 26076 508.75 110.5 4397.25 2265 12311 4700.25 376.25 31533.5 3151.25 7290.5 2571.75 1305.5 168 2791 569.5 3710
leaf_count=26488 5287 86902 13600 70 24288 193 1353 770 2688 2786 10731 28952 283 42636 514 127 4551 2337 12311 6273 569 32915 3845 7616 2595 1307 168 2791 667 3710
internal_value=-1.32005e-05 -0.00112411 -0.0106704 -0.00367828 -0.0152531 0.00583095 0.00797137 0.122808 -0.0422316 -0.0516241 0.00605692 -0.0310026 -0.24659 0.0115657 0.0221491 7.08358e-05 0.00884154 0.00688849 -0.00195899 0.0197946 -0.0105139 -0.0240054 -0.0947976 0.0123693 0.0223234 -0.0358958 0.0638159 0.0387243 0.00723798 0.0767852
internal_weight=238253 233878 98576.5 81050.2 46069.8 135302 129534 2123 5767.75 5574.75 127411 26317 279.5 34980.5 26584.8 2790.25 119086 114688 68043.2 46645 55732.2 35061 3527.5 20671.2 18406.2 4045.25 1473.5 14361 7860 6501
internal_count=329323 324036 136831 110343 53593 187205 181411 2123 5794 5601 179288 29305 353 56750 43150 2815 168557 164006 70831 93175 58520 37329 4414 21191 18854 4070 1475 14784 8283 6501
cat_boundaries=0 1 2
cat_threshold=8 8
is_linear=0
shrinkage=0.04


Tree=117
num_leaves=31
num_cat=3
split_feature=4 17 43 25 24 15 21 25 42 22 46 19 25 25 21 23 5 4 40 14 26 22 23 25 24 24 11 4 11 7
split_gain=10072.7 9033.78 9968.39 11720.7 11567.1 9727.34 9547.26 9435.77 13399.5 14225.8 19678.1 17163.5 11311.6 13405.3 10106.9 9174.37 11308 8887.28 9283.38 9347.53 10675.8 8733.4 9964.03 16706.5 8904.55 8776.24 8635.64 8589.81 8783.84 14188.2
threshold=3.0749999284744267 4.5000000000000009 0 86.125000000000014 0.10597538203001024 15.000000000000002 79.423103332519545 193.37500000000003 1 0.032004209235310561 2 167.50000000000003 614.87500000000011 592.37500000000011 60.071422576904304 1.0111154317855837 58.500000000000007 1.5349999666213991 0.11343154683709146 98.095001220703139 1.5000000000000002 0.017211882397532467 1.0350038409233095 340.12500000000006 0.0065606003627181062 0.019780961796641353 0.58354482054710399 2.2350000143051152 0.11271057650446893 12.500000000000002
decision_type=2 10 9 2 10 2 10 2 9 10 1 10 2 2 10 10 2 2 8 10 2 10 10 2 10 10 8 2 10 2
left_child=1 17 -3 4 6 7 -4 14 9 -9 -11 -12 13 21 -5 16 -14 18 -1 20 -20 22 23 24 -10 -23 -22 28 -19 -30
right_child=-2 2 3 5 -6 -7 -8 8 12 10 11 -13 15 -15 -16 -17 -18 27 19 -21 26 25 -24 -25 -26 -27 -28 -29 29 -31
leaf_value=0.041417804653701408 0.027065432947188172 -0.08646594254224757 0.059529590693262233 -0.35442088532189531 -0.21034510554322519 -0.1936936219703308 0.24774675282227368 -0.0056783750500520114 -0.33046833382847868 0.25252102612254246 0.12907786357251133 -0.13857729289038992 -0.68393863597595972 0.23179359982631675 -0.022390453605682616 -0.060320737402528253 -0.05575947829584281 -0.055162562911775383 0.0030422627904418465 0.049355989067340622 0.081010622309901206 -0.13184173027394758 0.3714925015108495 0.10325631079773823 -0.031520944267541366 0.00093984154849557065 -0.071256825166854151 -0.0029418693002462716 0.051085900247151608 -0.023252819665664105
leaf_weight=10955 20388 1432.25 7616.25 149 241.25 379 456.25 1884 202 1297.25 1275 547 88 451 6653.5 1477 95 11103 24181.25 5114.5 665 917 157 2358 744 6014 5674 82915 4604.75 38000.75
leaf_count=12494 25227 1703 20493 149 242 379 850 1884 202 1298 1275 547 88 451 7933 1477 95 15978 34832 6991 1295 1046 157 2358 744 6014 9541 112324 6506 54326
internal_value=0.00018167 -0.00233675 0.0164606 0.02095 0.0620317 0.00712193 0.0701973 0.0102609 0.0257955 0.0811092 0.133514 0.0486884 0.00365586 0.018545 -0.0297148 -0.0935494 -0.359932 -0.00586969 0.00921645 -0.00068381 -0.00907082 0.00926852 0.0611511 0.0462951 -0.0956412 -0.0166436 -0.0552721 -0.0110142 -0.023476 -0.0152173
internal_weight=238035 217647 34433.8 33001.5 8313.75 24687.8 8072.5 24308.8 17506.2 5003.25 3119.25 1822 12503 10843 6802.5 1660 183 183213 46589.8 35634.8 30520.2 10392 3461 3304 946 6931 6339 136624 53708.5 42605.5
internal_count=328899 303672 49385 47682 21585 26097 21343 25718 17636 5004 3120 1822 12632 10972 8082 1660 183 254287 65153 52659 45668 10521 3461 3304 946 7060 10836 189134 76810 60832
cat_boundaries=0 1 2 3
cat_threshold=128 4 8
is_linear=0
shrinkage=0.04


Tree=118
num_leaves=31
num_cat=2
split_feature=20 19 42 20 25 22 22 19 6 1 24 25 14 16 20 19 33 40 14 19 17 22 15 22 17 23 23 24 22 43
split_gain=9813.4 13330.8 8854.84 20083.8 10862.5 12750.7 19581.3 10178.7 9460.5 9245 11481.3 11349.4 10911.4 10422 9998.05 15545.4 10567.6 8789.75 8662.94 11659.1 10022.8 10947.9 13370 9863.81 11097.3 9508.39 10951 9152.36 8364.88 12126.3
threshold=79.000000000000014 49.500000000000007 0 141.00000000000003 392.62500000000006 0.21563132107257846 0.13179826736450198 7.5000000000000009 101.25000000000001 3.0049999952316289 0.080026272684335722 627.62500000000011 83.479999542236342 1.5000000000000002 184.00000000000003 145.50000000000003 1.9259591698646548 0.39266912639141088 84.399997711181655 9.5000000000000018 1.5000000000000002 0.20523230731487277 2.5000000000000004 0.038676800206303603 2.5000000000000004 1.0597149133682253 1.0430632233619692 0.15205920487642291 0.027765916660428051 1
decision_type=2 10 9 2 2 10 10 10 2 8 10 2 8 2 2 8 10 10 8 10 10 8 2 8 10 10 10 8 8 9
left_child=1 -1 4 -4 18 6 7 -6 9 10 11 -5 13 -11 15 16 -12 -3 28 23 21 22 25 24 -20 26 -21 -23 -2 -30
right_child=2 17 3 8 5 -7 -8 -9 -10 12 14 -13 -14 -15 -16 -17 -18 -19 19 20 -22 27 -24 -25 -26 -27 -28 -29 29 -31
leaf_value=-0.13219410486349201 -0.081783953636861625 -0.059030143888615987 0.059077158368928864 -0.045198380991189613 -0.096091711000612506 0.24613031477587566 -0.12054018064222505 0.06727814502908977 0.0044864755835579773 -0.066871437345331422 0.025656699886920493 0.11084169080576504 0.0092324904106460479 0.12027733762016003 -0.063120113828812704 0.096149317621496075 -0.047504430931873801 0.08759452821109362 0.035139320104172991 -0.080372308886057425 0.020652309665011925 0.35777253841262358 0.02246149860519716 0.082676652562645628 -0.12064128218875823 -0.1569232715680261 0.17212827269343897 0.004124400993014375 0.036452631070623243 -0.019812842805000622
leaf_weight=2098.75 2340 1562 7613.75 31400.75 651.75 496 1107 9383 61558.5 5367.75 6987.25 763 30208 521.5 3530.5 2833.5 5763.75 1124 4830 1369.75 14265.25 191.5 2302.75 6903.25 861.25 2088.75 342.75 299 8680.5 20774.25
leaf_count=3229 2685 1562 10346 44315 678 496 1107 9383 84042 10119 7729 763 42004 892 4162 3189 7074 1124 5598 1750 21814 214 2446 11740 934 2685 420 737 11784 33993
internal_value=1.25569e-05 -0.0566881 0.00117501 -0.00428467 0.0122914 0.0478899 0.0390431 0.0566585 -0.00752422 -0.0159861 -0.0269024 -0.0414933 -0.000478107 -0.0502809 -0.00235013 0.0114196 -0.00741466 0.00233559 0.00594136 0.0201499 0.00180059 -0.0389759 -0.0535925 0.0505383 0.0115475 -0.0996598 -0.029762 0.14265 -0.00900885 -0.00322459
internal_weight=238220 4784.75 233435 156548 76886.8 11637.8 11141.8 10034.8 148934 87376 51278.8 32163.8 36097.2 5889.25 19115 15584.5 12751 2686 65249 33454.2 20859.8 6594.5 6104 12594.5 5691.25 3801.25 1712.5 490.5 31794.8 29454.8
internal_count=329014 5915 323099 214635 108464 11664 11168 10061 204289 120247 67232 45078 53015 11011 22154 17992 14803 2686 96800 48338 30066 8252 7301 18272 6532 4855 2170 951 48462 45777
cat_boundaries=0 1 2
cat_threshold=4 192
is_linear=0
shrinkage=0.04


Tree=119
num_leaves=31
num_cat=2
split_feature=4 46 0 15 17 37 22 25 23 43 20 29 25 19 6 25 1 15 25 22 21 25 31 22 23 39 22 21 5 25
split_gain=8263.92 8440.49 12536.3 10706.8 9770.87 8521.32 9464.67 10169.9 10145.3 8935.96 8759.49 8048.08 13635.3 18855.2 11104.3 12093.7 11828.5 9302.94 9290.72 18845.4 9087.03 8869.39 8625.33 8594.89 8076.82 8039.19 8035.54 7738.83 7346.98 9568.74
threshold=3.5649999380111699 0 1.6549999713897707 1.0000000180025095e-35 5.5000000000000009 70.139533996582045 0.043093513697385795 136.25000000000003 1.0275808572769167 1 218.00000000000003 16.250000000000004 485.00000000000006 167.50000000000003 182.25000000000003 159.37500000000003 3.3850001096725468 4.2500000000000009 294.50000000000006 0.021463197655975822 73.761947631835952 667.37500000000011 72.048759460449233 0.16873753070831302 1.0597149133682253 0.89181622862815868 0.017677521333098415 65.618801116943374 28.500000000000004 270.12500000000006
decision_type=2 1 10 2 8 10 10 2 10 9 2 2 2 10 2 2 8 2 2 8 10 2 10 10 8 8 8 10 2 2
left_child=1 2 -1 -3 5 27 7 10 -9 -8 -7 21 13 22 15 26 18 -14 20 -20 -17 25 -13 -21 -16 -5 -15 -4 29 -11
right_child=-2 3 4 11 -6 6 9 8 -10 28 -12 12 17 14 24 16 -18 -19 19 23 -22 -23 -24 -25 -26 -27 -28 -29 -30 -31
leaf_value=-0.040086879656660739 0.091965212525128751 -0.21460313037631992 -0.020931166575904027 0.012326647006208523 -0.31845677691916724 -0.05427409662420405 0.068346095161499171 0.00095666357759646476 0.074585842476083714 -0.036027839713782983 0.10375478438004536 0.017884862897756051 0.044241350649507391 0.11486996332365751 -0.015532046402510682 -0.092888774116688805 0.046296620805551129 0.15639968178516914 0.059648455122025101 -0.11073157911498438 -0.28968021826883744 -0.067449189138428636 0.071177952556763666 0.19928527843146712 0.17847036888403178 -0.016687165346929694 -0.010472837549090862 0.022924766199297238 -0.010647807708357975 -0.11655838447462985
leaf_weight=17650.75 1549.75 350.75 8454.25 35002.5 155.75 4920.25 1456.5 7981.5 4791 11656.75 632.5 33979.75 7596.75 885 636 991 1358 1401 1581 4396 605 3318.25 5669.25 147 744.75 27116.5 10715.75 26981 12583.25 2960
leaf_count=26590 1711 746 13714 47154 197 6724 1668 7983 4791 14029 1507 46723 7614 885 861 991 1358 1401 1581 4396 605 3328 5874 147 1029 43129 20522 43898 14978 2960
internal_value=-7.21468e-05 -0.000675102 -0.00948963 0.00579713 -0.00294871 -0.00234856 -0.0135186 0.0089319 0.0285792 -0.0278752 -0.0362573 0.00636655 0.0157225 0.00901448 -0.0206278 -0.0279626 -0.0625399 0.0617209 -0.081689 -0.0592687 -0.167624 -0.00374275 0.0255067 -0.100658 0.0891597 -0.000338609 -0.000901243 0.0124611 -0.0330431 -0.052343
internal_weight=238268 236718 100224 136494 82572.8 82417 46981.8 18325.2 12772.5 28656.5 5552.75 136144 70706.2 61708.5 22059.5 20678.8 9078 8997.75 7720 6124 1596 65437.2 39649 4543 1380.75 62119 11600.8 35435.2 27200 14616.8
internal_count=329094 327383 139039 188344 112449 112252 54640 21005 12774 33635 8231 187598 93987 84972 32375 30485 9078 9015 7720 6124 1596 93611 52597 4543 1890 90283 21407 57612 31967 16989
cat_boundaries=0 1 2
cat_threshold=8 136
is_linear=0
shrinkage=0.04


Tree=120
num_leaves=31
num_cat=1
split_feature=9 11 4 0 2 0 46 15 19 0 39 14 15 25 25 25 20 25 23 21 23 25 22 22 17 20 22 25 21 17
split_gain=8749.87 15163.8 9312.21 8678.55 7789.15 7629.11 8162.15 10646.2 8957.56 8923.97 6980.9 6541.75 6420.57 14697.7 20034.1 16102.6 11079.3 12017.2 10737.2 11428.8 11844.3 10535.5 10466.9 9977.16 9933.33 9504.86 9386.93 8746.19 9986.91 8705.76
threshold=10.500000000000002 0.58354482054710399 2.0949999094009404 0.43500000238418585 -2.5949999094009395 3.6049998998641972 0 1.0000000180025095e-35 5.0000000000000009 2.554999947547913 1.5885283350944521 59.310001373291023 3.5000000000000004 408.87500000000006 371.37500000000006 649.62500000000011 218.00000000000003 237.62500000000003 1.0130522251129153 68.854980468750014 1.0389261841773989 627.62500000000011 0.031230391003191475 0.022006942890584472 4.5000000000000009 184.00000000000003 0.12107535079121591 141.37500000000003 65.771884918212905 2.5000000000000004
decision_type=2 10 2 8 8 10 1 2 8 10 8 10 2 2 2 2 2 2 8 10 10 2 8 10 10 2 10 2 10 8
left_child=4 2 11 -3 -1 6 8 -8 -6 10 -10 -2 16 14 18 21 22 24 -14 27 -21 26 23 -9 -18 29 -15 -20 -29 -25
right_child=1 3 -4 -5 5 -7 7 12 9 -11 -12 -13 13 15 -16 -17 17 -19 19 20 -22 -23 -24 25 -26 -27 -28 28 -30 -31
leaf_value=0.12046425510440412 -0.19872516885164382 -0.47454396375259933 0.018306238663770881 -0.11644824573321158 0.078326802118514088 0.060276774231444417 -0.21921176407510018 0.0076448211288744211 -0.031941329659783621 0.0036862576672475225 0.0031473154257108944 -0.028963239757835508 -0.26148173158569266 0.10190686288567012 -0.21281519613286656 -0.11732936335472577 0.072464559903963707 0.0055990049127023671 -0.078786305615623289 -0.028830033970979541 0.09400722203462851 0.24121378843791721 0.013537665922641755 0.081948742915426254 0.25146077953878471 -0.11387951073421379 -0.062912940615357987 0.059609095030686676 -0.097164254372230821 -0.067667930618928104
leaf_weight=895.25 369.25 169 8339.25 301 1883.5 3567.25 327.5 6364.75 32417.5 40923.75 12596.5 19168.75 287 2029 922 728 5478.75 5179 4741 2516.75 2505.25 604 75782 1014.75 544.75 3013 759 2004.5 961 1605.25
leaf_count=1094 478 322 13086 586 2140 4321 704 6649 44050 52806 21589 28192 287 2029 922 755 8895 5179 10561 3506 3415 604 105161 1032 1087 4012 759 2036 961 1699
internal_value=-2.45624e-05 -0.0208819 -0.0170785 -0.245953 0.00279566 0.00229044 0.00128203 0.00818302 -0.00794063 -0.00983229 -0.0221224 -0.0321818 0.00882121 -0.0131128 -0.0327334 0.0532527 0.0128228 0.0502819 -0.019961 -0.0144948 0.0324537 0.0898884 0.00804168 -0.0266708 0.0886922 -0.0654393 0.0570287 -0.0450899 0.00878814 -0.00970934
internal_weight=237998 28347.2 27877.2 470 209651 208756 205188 117367 87821.2 85937.8 45014 19538 117040 18057.5 13937.5 4120 98982.2 11202.5 13015.5 12728.5 5022 3392 87779.8 11997.8 6023.5 5633 2788 7706.5 2965.5 2620
internal_count=328917 42664 41756 908 286253 285159 280838 160253 120585 118445 65639 28670 159549 25835 21688 4147 133714 15161 20766 20479 6921 3392 118553 13392 9982 6743 2788 13558 2997 2731
cat_boundaries=0 1
cat_threshold=8
is_linear=0
shrinkage=0.04


Tree=121
num_leaves=31
num_cat=3
split_feature=21 46 0 17 0 25 25 20 20 43 35 29 7 15 19 21 21 15 6 25 14 43 22 22 22 22 21 37 40 21
split_gain=8976.4 8392.82 12144.5 8664.61 8701.8 8457.62 12306.3 12142.5 15728.5 24311.7 14840.2 10680.2 10640 10312.2 16749.2 11340.2 12151.3 9332.52 8365.3 12181.8 8961.06 9139.96 14107.4 9912.76 16502.2 9659.91 8355.24 8333.64 8301.84 8257.38
threshold=88.269744873046889 0 1.6549999713897707 5.5000000000000009 3.6049998998641972 87.125000000000014 101.12500000000001 171.50000000000003 141.00000000000003 1 8.7500000000000018 17.750000000000004 70.500000000000014 3.5000000000000004 145.50000000000003 78.164516448974624 69.82138824462892 4.7500000000000009 64.500000000000014 300.12500000000006 98.284999847412124 2 0.24880647659301761 0.19378543645143512 0.20991392433643344 0.2952589094638825 61.989763259887702 68.74710845947267 0.20490534603595736 72.817859649658217
decision_type=10 1 10 8 10 2 2 2 2 9 2 2 2 2 8 10 10 2 2 2 10 9 10 10 8 10 8 10 10 10
left_child=1 2 -1 4 27 7 17 8 9 -3 -10 -11 18 -9 -15 16 26 29 19 20 21 23 -23 -8 -25 -24 -16 -4 -21 -7
right_child=-2 5 3 -5 -6 6 12 13 10 11 -12 -13 -14 14 15 -17 -18 -19 -20 28 -22 22 25 24 -26 -27 -28 -29 -30 -31
leaf_value=-0.039382380210209317 0.082538604649097652 -0.093856905210786379 0.017099060161276495 -0.29182379198817149 0.10100598209887914 -0.06828293455781824 -0.0009272034984419272 0.043620703627088593 0.071420608351789622 0.025076417045797817 -0.087274832991198328 0.12588756698859602 -0.03632777355906143 -0.17160850692339275 0.33048036891289251 -0.37337626145867747 0.14522340584288781 -0.19202504724935648 0.020546496041282433 -0.023532952272173346 0.064888445523222232 -0.027449606378037648 -0.645827297170532 0.34409852785566758 0.04718655433534024 -0.15668320796787213 -0.033877462275016028 -0.011612929129337833 -0.10977237921486557 0.038094526004863835
leaf_weight=17479.25 2110.25 2520 22279.75 164.5 1288 4088.25 6777.75 27170.75 1155.25 9332.5 5110.25 2050.25 9752 941.75 104.25 113.75 1039 705.5 38674 8301 3979.75 5373 92.5 361.5 1726.5 212.25 2328.25 59015.5 2275 1633.25
leaf_count=26456 2147 3906 37702 208 1402 4746 6960 55184 2602 13972 10298 2771 10169 2627 249 158 2122 737 39664 8316 4108 5553 94 411 1731 237 6895 73399 2293 2030
internal_value=0.000426386 -0.000308028 -0.00908816 -0.00268851 -0.002109 0.00617126 -0.0016744 0.0188704 -0.00539284 0.0183207 -0.0580068 0.0432063 0.00273534 0.0343081 -0.0215818 0.0178619 0.0307866 -0.0548593 0.0083567 -0.007844 0.0117117 -0.00284304 -0.0424205 0.0225268 0.0987336 -0.306792 -0.0181311 -0.00374397 -0.0420929 -0.0379145
internal_weight=238156 236045 100227 82747.8 82583.2 135818 83952.2 51866 20168.2 13902.8 6265.5 11382.8 77525.2 31697.8 4527 3585.25 3471.5 6427 67773.2 29099.2 18523.2 14543.5 5677.75 8865.75 2088 304.75 2432.5 81295.2 10576 5721.5
internal_count=329147 327000 139167 112711 112503 187833 87049 100784 33549 20649 12900 16743 79536 67235 12051 9424 9266 7513 69367 29703 19094 14986 5884 9102 2142 331 7144 111101 10609 6776
cat_boundaries=0 1 2 3
cat_threshold=8 12 48
is_linear=0
shrinkage=0.04


Tree=122
num_leaves=31
num_cat=1
split_feature=21 22 20 23 21 22 23 21 24 23 21 22 21 25 22 15 25 32 25 8 22 25 22 20 15 5 46 21 15 23
split_gain=8844.29 11659.2 11702.7 8469.5 8991.55 11960.7 10920 7417.38 9732.27 12316.1 9788.4 9196.15 10755.4 16112.1 8539.93 15357.4 11581.7 11809.1 11219.4 9579.89 9058.81 12878.2 10859 14630.9 10582.4 8022.07 10746.7 8530.88 8440.84 8270.88
threshold=59.264097213745124 0.2952589094638825 79.000000000000014 1.2121874094009402 67.991352081298842 0.077872097492218031 1.0009922981262209 85.929336547851577 0.036105042323470123 1.0404490828514101 78.497573852539077 0.018383535556495193 77.35693740844728 264.12500000000006 0.037713078781962402 3.5000000000000004 575.25000000000011 1.0736398696899416 125.87500000000001 188.25000000000003 0.032523207366466529 353.00000000000006 0.010850946418941023 218.00000000000003 1.5000000000000002 23.500000000000004 0 71.871128082275405 4.7500000000000009 1.0293601155281069
decision_type=8 10 2 10 10 8 10 10 10 10 10 10 10 2 10 2 2 10 2 2 10 2 10 2 2 2 1 10 2 8
left_child=-1 2 -2 4 5 -4 -6 8 14 10 -10 -11 -13 -14 20 16 -16 -18 -17 -19 21 22 24 -24 -8 29 -27 28 -28 -23
right_child=1 -3 3 -5 6 -7 7 -9 9 11 -12 12 13 -15 15 18 17 19 -20 -21 -22 25 23 -25 -26 26 27 -29 -30 -31
leaf_value=-0.046264709760346585 -0.08116181543548992 0.18538477225632169 -0.053185433740816017 0.039798428973342473 0.088368281338996976 -0.0049120784947890676 -0.40912321808634422 0.066461916849669442 0.12632889860709917 -0.27614419151958497 -0.34561097919346428 0.0070219625032756994 0.11986866285251341 -0.093904710172885167 -0.011632031167233822 -0.066497957268322208 -0.04707924427750048 -0.21955149003459037 -0.26370649765617638 -0.77807068714094751 0.048566100605638061 0.011625846571486347 -0.037248188304067946 0.029130295369526139 -0.080939386115520567 -0.049331936204957669 -0.057861841125130903 0.077251330458290163 0.17295526084117593 -0.14495961050573467
leaf_weight=6401.25 2742.75 548.75 9522 9079.25 2523 59668 168 3023 1949.5 179 72 79520.75 2874 701 12084 1252.25 307 128 731 80 5285.25 1613 15951 7965.25 2274 1804 1525 7178 303 810
leaf_count=8562 3774 608 12588 9818 10092 104389 168 3164 3124 179 72 93959 3060 701 17937 2480 307 128 731 80 7962 1613 20238 9730 2274 1804 1525 7178 303 810
internal_value=0.000113108 0.00139372 0.000956417 0.00194217 0.000376053 -0.0115562 0.00586907 0.00445995 0.00316465 0.0118241 0.109355 0.00945521 0.0100738 0.0779355 -0.00925768 -0.0358501 -0.019558 -0.205144 -0.139285 -0.437081 -0.000615988 -0.00718273 -0.0233469 -0.0151405 -0.103677 0.025013 0.0397577 0.0576073 -0.0195269 -0.0407567
internal_weight=238263 231862 231313 228570 219491 69190 150301 147778 144755 85296.2 2021.5 83274.8 83095.8 3575 59458.8 14582.2 12599 515 1983.25 208 44876.5 39591.2 26358.2 23916.2 2442 13233 10810 9006 1828 2423
internal_count=329358 320796 320188 316414 306596 116977 189619 179527 176363 101095 3196 97899 97720 3761 75268 21663 18452 515 3211 208 53605 45643 32410 29968 2442 13233 10810 9006 1828 2423
cat_boundaries=0 1
cat_threshold=16
is_linear=0
shrinkage=0.04


Tree=123
num_leaves=31
num_cat=2
split_feature=4 46 15 0 25 25 29 22 31 25 2 37 28 39 22 15 5 18 22 20 25 19 43 20 0 17 24 23 25 25
split_gain=7489.38 7892.09 9211.92 8480.51 7640.89 15287 11512.3 8195.28 8658.37 8355.37 7650.64 7141.42 7573.74 7069.65 6384.69 6367.37 12209 8130.67 9187.58 7875.49 16560 8480.28 8859.79 14310.2 8838.37 10842.7 8716.62 17696.2 8528.26 10265.1
threshold=3.3149999380111699 0 1.0000000180025095e-35 1.8450000286102297 667.37500000000011 627.62500000000011 18.250000000000004 0.20991392433643344 67.421703338623061 677.75000000000011 0.91500002145767223 71.113693237304702 6.5000000000000009 1.3470625877380373 0.12813388556241992 3.5000000000000004 39.500000000000007 1.5000000000000002 0.006718765478581191 218.00000000000003 503.87500000000006 167.50000000000003 1 159.00000000000003 1.2450000047683718 2.5000000000000004 0.13557192683219912 1.1897620558738711 485.00000000000006 490.12500000000006
decision_type=2 1 2 10 2 2 2 10 10 2 10 8 2 8 10 2 2 10 8 2 2 8 9 2 10 10 10 10 2 2
left_child=1 3 -3 -1 5 10 -7 8 -6 -10 15 -5 -13 -11 -14 19 -17 -18 -19 21 -21 22 -4 -24 -25 -26 27 28 -23 -30
right_child=-2 2 4 11 7 6 -8 -9 9 13 -12 12 14 -15 -16 16 17 18 -20 20 -22 26 23 24 25 -27 -28 -29 29 -31
leaf_value=-0.031772086045071639 0.039284461365697819 -0.20211974307857861 0.023023262616646892 0.0074552331555983566 -0.19175264887877 0.042662100473707838 0.23576124719365724 0.22064764869276854 -0.31287017083643404 -0.061124984188101035 -0.031861071784433162 -0.034343166944016137 0.011228749265633709 0.037889199194995213 -0.090951105062280962 -0.03648845282157314 -0.017053156087420293 -0.33547130423358512 0.088619219047910966 0.05668795561074752 -0.15547181891441944 -0.020410910811229796 -0.091304793734713285 -0.04432022092354572 0.077276561084478487 -0.024107387552007843 -0.12740231662169171 0.61443869520213512 0.26549248894361355 0.025793609515307968
leaf_weight=22586.25 7392 342.75 51743.5 40797.75 601.75 1346 780 186 162 2893.75 8217.75 18745.75 13729.25 1917.5 1052.5 12241.75 2715.75 83 3070.75 10129.75 624 18635 2949.5 3388.25 4001 2918 1010 72 311 3417
leaf_count=34020 8853 729 71017 63312 619 1346 780 186 162 2896 10605 20422 16112 1925 1354 18598 3810 83 4348 14491 624 29843 4238 4634 5234 4016 1010 72 311 3417
internal_value=-0.000345338 -0.00161549 0.00468228 -0.0103077 0.00521511 0.00724883 0.113587 -0.0398415 -0.048571 -0.0312105 0.00544692 -0.00378464 -0.0174617 -0.0216629 0.00394734 0.00806068 -0.0137485 0.0336767 0.077354 0.0120426 0.0443634 0.00811234 0.015551 -0.013621 0.00860195 0.0345213 -0.0125106 -0.00733266 -0.00936208 0.0458569
internal_weight=238061 230669 133758 96911.5 133415 127654 2126 5761 5575 4973.25 125528 74325.2 33527.5 4811.25 14781.8 117310 18111.2 5869.5 3153.75 99199 10753.8 88445.2 65000.2 13256.8 10307.2 6919 23445 22435 22363 3728
internal_count=329067 320214 184994 135220 184265 178477 2126 5788 5602 4983 176351 101200 37888 4821 17466 165746 26839 8241 4431 138907 15115 123792 89139 18122 13884 9250 34653 33643 33571 3728
cat_boundaries=0 1 2
cat_threshold=8 112
is_linear=0
shrinkage=0.04


Tree=124
num_leaves=31
num_cat=1
split_feature=2 11 10 0 21 32 15 24 0 46 0 19 37 37 2 15 25 7 5 25 25 25 22 21 25 19 25 21 26 32
split_gain=8456.09 7889.91 7463.22 7113.33 6610.97 11902.1 8027.7 9354.68 6176.25 6127.34 8991.64 10988.3 8425.91 8113.15 6963.47 7182.74 6170.23 8584.16 8601.13 9223.25 9029.91 8481.95 9992.89 8185.03 11217.6 8962.74 8800.49 9824.36 8087.25 7689.68
threshold=-2.5949999094009395 0.6670682728290559 29.750000000000004 3.5849999189376835 88.269744873046889 1.0175300836563113 2.5000000000000004 0.016027906909585003 1.0000000180025095e-35 0 2.5449999570846562 5.0000000000000009 79.18634414672853 68.42942047119142 0.92500001192092907 1.0000000180025095e-35 86.125000000000014 61.500000000000007 26.500000000000004 303.25000000000006 147.75000000000003 75.375000000000014 0.052915008738636977 70.84177398681642 66.625000000000014 190.50000000000003 31.375000000000004 66.39142227172853 1.5000000000000002 1.0286938548088076
decision_type=8 10 2 10 10 10 2 10 10 1 10 8 8 10 10 2 2 2 2 2 2 2 10 10 2 10 2 8 2 10
left_child=-1 3 -3 4 9 -6 -7 -8 -4 10 11 -2 -12 -13 15 -11 21 18 19 29 -20 23 -23 26 -25 -26 27 28 -17 -18
right_child=1 2 8 -5 5 6 7 -9 -10 14 12 13 -14 -15 -16 16 17 -19 20 -21 -22 22 -24 24 25 -27 -28 -29 -30 -31
leaf_value=0.11776993645932379 0.12518594982496348 -0.056956251537345431 -0.54056859819160263 0.05323570301302917 -0.54751010363372332 0.16364997749599583 -0.17716257761693441 0.092718207869728245 -0.10274728407978431 -0.1846607181961257 0.0068166922650522025 -0.0031060717548597808 -0.12939135450507597 -0.034712880922708821 -0.032220985977771406 -0.080874061261652613 -0.13771021169902836 -0.027142477361150222 -0.014400627949050535 -0.036829263315939741 0.035712184919732805 -0.03421134558724092 0.10598217417119007 0.049556860467899221 -0.052906673684712746 -0.52022095325035711 0.028710991696754937 -0.0053683891525107058 -0.52305312503912516 0.011400770356777824
leaf_weight=966.75 820.5 812.25 104.5 3914.25 47.5 1026.25 311 601 102 313.75 41847.75 21500 738.5 32846 8043 2235.25 567 15230.25 7877.5 11345.25 21327.25 1080.5 3285.5 12294.5 1068.5 69 10930.5 15207.75 67.25 21470.5
leaf_count=1188 990 1206 166 4749 49 1060 311 601 198 682 54264 36866 767 43103 10347 4567 609 16221 8893 11379 21379 1481 4232 19223 1391 120 21528 38853 74 22393
internal_value=-0.000229128 -0.000710799 -0.111734 -0.000231187 -0.00113292 0.0715202 0.0869672 0.000588868 -0.325865 -0.00176006 -0.00935588 -0.0200146 0.00445159 -0.0222092 0.00384748 0.00618029 0.00666446 -0.000211987 0.00634163 -0.00752767 0.0221949 0.0182371 0.0712862 0.012704 0.0384366 -0.0816892 0.000549992 -0.0170295 -0.0940122 0.00755806
internal_weight=238052 237085 1018.75 236066 232152 1985.75 1938.25 912 206.5 230166 97752.8 55166.5 42586.2 54346 132413 124370 124056 77817.8 62587.5 33382.8 29204.8 46238.8 4366 41872.8 13432 1137.5 28440.8 17510.2 2302.5 22037.5
internal_count=328890 327702 1570 326132 321383 2021 1972 912 364 319362 135990 80959 55031 79969 183372 173025 172343 80874 64653 34381 30272 91469 5713 85756 20734 1511 65022 43494 4641 23002
cat_boundaries=0 1
cat_threshold=8
is_linear=0
shrinkage=0.04


Tree=125
num_leaves=31
num_cat=0
split_feature=2 0 6 8 0 19 19 16 21 25 40 19 20 23 14 1 8 19 20 22 12 14 19 24 29 9 0 17 22 31
split_gain=7332.51 6686.33 8010.27 12799.7 13079.7 10967.8 10399.2 16292.8 10856.9 8482.87 7844.31 7495.26 15976.2 13049.5 12749.5 10618.7 7933.1 7561.11 9808.13 10329.6 10078.8 9467.96 7877.33 9639.09 7430.89 7302.67 7154.75 8469.76 12937.6 8261.38
threshold=-2.5949999094009395 3.3850001096725468 91.250000000000014 111.25000000000001 0.43500000238418585 79.500000000000014 59.500000000000007 1.5000000000000002 84.860710144042983 156.25000000000003 0.20490534603595736 49.500000000000007 79.000000000000014 1.0814850926399233 80.200000762939467 1.2450000047683718 95.500000000000014 9.5000000000000018 177.50000000000003 0.038676800206303603 1.0000000180025095e-35 86.399997711181655 36.000000000000007 0.043805265799164779 12.750000000000002 2.5000000000000004 2.5649999380111699 1.5000000000000002 0.12538933753967288 74.360286712646499
decision_type=8 10 2 2 8 10 8 2 10 2 8 10 2 8 10 10 2 10 2 8 8 10 10 8 2 2 8 10 10 10
left_child=-1 2 3 6 5 10 11 8 26 25 -5 12 16 -13 -15 -16 -2 18 20 -20 24 -21 -19 -24 -14 -9 27 28 -8 -29
right_child=1 -3 -4 4 -6 -7 7 9 -10 -11 -12 13 17 14 15 -17 -18 22 19 21 -22 -23 23 -25 -26 -27 -28 29 -30 -31
leaf_value=0.1096633356152666 -0.095076936493390662 0.030108415386030995 0.0074014564778375506 -0.47252350666026077 -0.034114192753614526 -0.065447598653394931 -0.034959088234441264 0.16713312808441397 0.17063150906518731 -0.020125611590350815 -0.166038016067942 -0.0006752462391901396 -0.50336060632839796 0.053045209197409272 0.33635584491784448 0.076888141790935352 -0.57496342990997085 -0.0280205153703003 0.012768846282794953 0.011902735225366881 0.0072283667671035855 0.13036729199141689 0.1663743676701169 0.0085222668064473261 -0.098487715989908367 0.047714647489466806 -0.010144870234964609 -0.018663177316942638 -0.15607856642976203 -0.12067743335674153
leaf_weight=974 1983 11060.5 91331.25 248.5 9488.75 670.25 3911.25 1160.25 472 1893.5 291.5 6940.75 79 4588.5 517.5 493.25 55.75 13639.5 5541.5 1591.25 8357.5 3357 700.5 5261.5 789.75 2787.75 36515.25 19755 2207.25 1356.5
leaf_count=1202 3132 13564 125091 340 14024 1034 5694 1932 472 1895 413 7462 94 4692 540 497 58 17481 6554 3017 11731 6612 1767 9019 1842 4371 50049 29868 3072 1442
internal_value=0.000193919 -0.000256325 -0.00174262 -0.00794478 -0.0499196 -0.173705 -0.00432138 -0.0144832 -0.0203013 0.0494685 -0.307698 0.00888776 0.000673437 0.0359756 0.0814002 0.20994 -0.108477 0.00633598 0.0238257 0.0502829 -0.00625644 0.0922826 -0.011256 0.0270944 -0.135846 0.0828442 -0.0217178 -0.0372359 -0.078672 -0.0252236
internal_weight=238020 237046 225985 134654 10699 1210.25 123955 70058.8 64217.2 5841.5 540 53896.2 41356.2 12540 5599.25 1010.75 2038.75 39317.5 19716 10489.8 9226.25 4948.25 19601.5 5962 868.75 3948 63745.2 27230 6118.5 21111.5
internal_count=328961 327759 314195 189104 15811 1787 173293 98795 90597 8198 753 74498 61307 13191 5729 1037 3190 58117 29850 16183 13667 9629 28267 10786 1936 6303 90125 40076 8766 31310
is_linear=0
shrinkage=0.04


Tree=126
num_leaves=31
num_cat=0
split_feature=10 21 24 24 25 15 23 21 18 21 22 24 23 24 24 22 22 15 24 23 25 21 22 38 22 25 25 25 25 24
split_gain=8654.82 6968.8 11204.3 10106.2 8248.89 11363.4 8718.5 7733.19 8586.39 9968.65 8323.88 7483.64 6925.2 6660.27 6544.08 12876 12126.2 9518.96 9287.85 12987.5 12421.3 10339.2 10464.8 10153.7 9330.99 12171.4 24715.8 9489.78 9489.58 9283.55
threshold=200.25000000000003 62.218965530395515 0.16362474858760837 0.23999456316232684 412.75000000000006 3.5000000000000004 1.3470047712326052 58.025424957275398 1.5000000000000002 60.305234909057624 0.2952589094638825 0.18500563502311709 1.1400327086448672 0.090145613998174681 0.14417530596256259 0.19977589696645739 0.10290837660431863 2.5000000000000004 0.10779173672199251 1.1371120214462282 688.25000000000011 67.991352081298842 0.22986736148595813 1.0020086169242861 0.077872097492218031 437.50000000000006 425.87500000000006 31.375000000000004 371.37500000000006 0.10087457671761514
decision_type=2 8 10 10 2 2 10 10 10 10 10 10 10 10 10 10 10 2 10 10 2 8 10 8 10 2 2 2 2 10
left_child=1 3 14 7 6 -6 -5 11 10 -10 -9 -1 13 -11 18 16 -16 -18 19 21 -20 22 24 -23 -3 26 27 -26 -29 -21
right_child=-2 2 -4 4 5 -7 -8 8 9 12 -12 -13 -14 -15 15 -17 17 -19 20 29 -22 23 -24 -25 25 -27 -28 28 -30 -31
leaf_value=-0.047347862508794462 -0.46511953118816018 -0.055235849545846448 0.051725253533416969 0.078794520789373823 0.24022475379015973 -0.16135642906002232 -0.044673606909961368 -0.078153073446257451 0.083991018594608918 -0.077945877819278475 0.082477599506594307 -0.22487540951740465 -0.084156814001203714 0.093486248978568234 -0.21306949364629466 -0.27260234307462849 -0.088884003963311697 0.032267325839651327 0.036425701064517133 0.17248944572836494 -0.14026769956487184 0.084067635493532938 0.19149418287225406 0.0029914637733228985 -0.053814718306722117 0.065866469516940612 -0.5372529011213617 0.0055957340456511476 -0.1234411020914658 -0.2766440571931989
leaf_weight=853.25 63 9440 7023.25 1519 535 142 2298.25 5526 1766.75 576 568.5 685 1893.75 975 502 362 1526 3237 16585 88 661 2512.5 375 147921.75 7447.25 3065.25 145 18559.5 958 432
leaf_count=1442 117 12395 7831 1684 535 142 2494 8298 2609 1455 882 823 2496 1656 502 449 1616 3738 19558 88 661 10050 651 198372 18041 3066 145 25866 1114 432
internal_value=-2.5657e-05 9.92991e-05 0.0020165 -0.0243185 0.0273031 0.155874 0.00446484 -0.0423822 -0.0309269 0.00676888 -0.0631576 -0.1265 -0.0328487 0.0298092 0.000383462 -0.0421778 -0.0262853 -0.00655757 0.00153403 -0.0010051 0.0296455 -0.000459414 -0.0185367 0.00434615 -0.0205298 -0.00967066 -0.0182138 -0.0154027 -0.000743725 -0.200444
internal_weight=238242 238179 220840 17338.5 4494.25 677 3817.25 12844.2 11306 5211.5 6094.5 1538.25 3444.75 1551 213817 5627 5265 4763 208190 190944 17246 190424 39990 150434 39615 30175 27109.8 26964.8 19517.5 520
internal_count=329208 329091 304575 24516 4855 677 4178 19661 17396 8216 9180 2265 5607 3111 296744 6305 5856 5354 290439 270220 20219 269700 61278 208422 60627 48232 45166 45021 26980 520
is_linear=0
shrinkage=0.04


Tree=127
num_leaves=31
num_cat=2
split_feature=2 11 4 6 9 16 19 15 21 4 14 43 19 0 19 24 23 21 18 21 20 25 21 46 25 21 31 21 21 35
split_gain=6433.46 6346.66 6094.34 6431.39 14040.9 12644.4 12400 13446.2 13079 11622.1 15412.2 10091.8 9589.21 9517.7 8956.24 14920.3 11602.7 10317.2 9357.16 8576.19 8340.02 14232.5 12285.9 10283 8982.97 10066.1 9072.49 8374.5 8373.6 7863.94
threshold=-2.5949999094009395 0.83602148294448864 3.5349999666213994 64.500000000000014 14.500000000000002 1.5000000000000002 59.500000000000007 3.5000000000000004 84.378833770751967 0.50499999523162853 94.180000305175795 0 128.50000000000003 1.7749999761581423 128.50000000000003 0.029313701204955581 1.0204949378967287 70.727554321289077 1.5000000000000002 75.011997222900405 181.50000000000003 221.12500000000003 65.618801116943374 1 9.3750000000000018 80.347457885742202 72.259696960449233 70.545135498046889 65.685878753662124 8.7500000000000018
decision_type=8 10 2 2 2 2 8 2 10 2 10 9 10 10 10 10 8 10 8 8 2 2 10 1 2 10 10 10 10 2
left_child=-1 2 3 4 5 6 7 -2 9 10 -8 29 -12 -5 16 -16 -11 -17 -18 -20 21 23 -23 27 -25 26 -26 -15 -24 -7
right_child=1 -3 -4 13 -6 11 8 -9 -10 14 12 -13 -14 20 15 17 18 -19 19 -21 -22 22 28 24 25 -27 -28 -29 -30 -31
leaf_value=0.10297740674446353 0.0098265409163363036 -0.17352343855866884 0.071170359406709335 -0.017757906020088771 -0.11209795070980227 0.14122194657812343 -0.030267274574277723 -0.12189229507266054 0.1962904419941971 0.098873622524366225 0.19287594279714396 -0.030443253726264181 0.036445229641466452 0.010839243445857818 -0.074157197826114962 -0.028725629355227815 -0.035559329174130426 0.033208780198147526 -0.12582667266337769 0.046331720103466596 -0.00027891062648489591 0.010509350227993097 0.30455812718161501 0.059386362472644207 -0.0084915785907105461 0.092030233891960286 -0.071912479742275423 0.071778375718036233 0.076969694257685198 0.039734926377363464
leaf_weight=975 40673.5 335.5 1925.5 22913 2019 1538.25 7850.75 1278 428 636.75 716.25 2631.25 4990.5 9582.25 6881 11243.75 4823.5 6970.5 5326.5 506.5 54929.25 6133 265.5 2707.75 13124.5 1235.5 4977 5787 8967 5928.75
leaf_count=1203 57112 505 2143 32285 3639 2187 12482 1767 428 1305 942 3850 7269 15100 12428 14708 6040 8127 6390 934 77646 6133 279 4993 19450 1345 5127 6504 8967 7887
internal_value=0.000490997 6.95047e-05 0.000316003 -0.000264674 -0.00766389 -0.00560415 -0.0102523 0.00581099 -0.0236298 -0.0255184 0.00609253 0.0368894 0.0561098 0.00565159 -0.0372958 -0.0239816 -0.0668768 -0.00502291 -0.0767895 -0.110871 0.0106317 0.0219865 0.0543976 0.00867444 -0.00883501 -0.0183908 -0.0259324 0.0337882 0.0835472 0.0605774
internal_weight=238300 237326 236990 235064 104443 102424 92325.5 41951.5 50374 49946 13557.5 10098.2 5706.75 130622 36388.5 25095.2 11293.2 18214.2 10656.5 5833 107709 52779.5 15365.5 37414 22044.8 19337 18101.5 15369.2 9232.5 7467
internal_count=329175 327972 327467 325324 147495 143856 129932 58879 71053 70625 20693 13924 8211 177829 49932 35263 14669 22835 13364 7324 145544 67898 15379 52519 30915 25922 24577 21604 9246 10074
cat_boundaries=0 1 2
cat_threshold=48 4
is_linear=0
shrinkage=0.04


Tree=128
num_leaves=31
num_cat=0
split_feature=21 32 1 29 1 0 19 22 22 25 25 23 19 19 6 25 22 22 25 24 23 25 22 24 38 22 17 25 25 23
split_gain=7185.86 10968.2 5887.37 5370.67 8124.42 7062.13 6552.74 10542.5 10810.4 10866.5 22368.6 15958.5 15885.8 10357.3 10474.5 9876.75 9445.44 10634.4 9346.32 9295.4 14987.3 11877 10850.5 9057.73 9040.65 8609.24 8254.03 12117.2 8168.74 7954.98
threshold=88.269744873046889 1.0175300836563113 3.2849999666213994 16.250000000000004 0.58499997854232799 0.88499999046325695 167.50000000000003 0.043093513697385795 0.044208928942680366 503.87500000000006 260.25000000000006 1.0685769319534304 190.50000000000003 145.50000000000003 25.500000000000004 221.12500000000003 0.16291666775941852 0.15393061935901645 688.25000000000011 0.029781939461827282 1.0289700627326968 280.12500000000006 0.041870959103107459 0.32101716101169592 1.1535981893539431 0.14941626042127612 2.5000000000000004 91.125000000000014 551.12500000000011 1.1729483008384707
decision_type=10 10 10 2 8 10 8 10 10 2 2 10 10 10 2 2 10 10 2 10 10 2 10 10 8 10 10 2 2 10
left_child=2 -2 3 4 5 -1 13 19 -9 10 -10 12 -12 15 -15 -5 17 25 -11 20 -8 22 24 29 -21 -17 -16 -28 -23 -18
right_child=1 -3 -4 6 -6 -7 7 8 9 18 11 -13 -14 14 26 16 23 -19 -20 21 -22 28 -24 -25 -26 -27 27 -29 -30 -31
leaf_value=-0.13093462102219849 -0.51376047326579244 0.088962546874251119 0.026226755290357798 -0.0034057084881607552 -0.006138049392612868 -0.02632093074953526 0.010993370014170849 -0.19037308006758888 -0.00073355241165628214 0.053273919730355709 -0.086431049205955346 -0.048971621510562259 -0.29493419035138912 -0.043168468794694118 0.14255753770344634 0.041140543248110381 0.18100649310399078 0.23362544243704941 -0.088460990610031626 0.11486802572292545 -0.11461016291703391 -0.038026415477293567 0.3941315183512572 0.32291172559637771 -0.3477565445355007 -0.14291368563894888 0.10208953660920524 -0.037016356752048785 0.10333357310142564 -0.054982780288220623
leaf_weight=1519.25 48.5 2028.75 12887.75 50815 89283.25 3220.5 15009 611.75 13103.5 4544 1445 5869 982.5 1411.5 2077 16390.75 244 449 889.25 1995.75 1690.25 2056 220.25 113 69 416 2432.25 1702.5 958 3407
leaf_count=2042 50 2064 16094 72787 130378 4281 24345 782 23398 4544 1445 5869 1101 2295 2557 16432 244 449 890 2343 1730 2056 320 113 69 416 3606 1746 958 3407
internal_value=0.000594275 0.0746477 -5.8353e-05 -0.00157808 -0.00884759 -0.0598745 0.00372443 -0.00770838 -0.0242444 -0.0204499 -0.0332758 -0.0846663 -0.170908 0.0108386 0.055167 0.00613364 0.0291942 0.0417171 0.0300637 0.012922 -0.00172572 0.0590751 0.127831 -0.0282111 0.0992452 0.0365764 0.0775158 0.0448161 0.00692291 -0.039165
internal_weight=237889 2077.25 235812 222924 94023 4739.75 128901 49443.2 27445 26833.2 21400 8296.5 2427.5 79458 7623.25 71834.8 21019.8 17255.8 5433.25 21998.2 16699.2 5299 2285 3764 2064.75 16806.8 6211.75 4134.75 3014 3651
internal_count=328811 2114 326697 310603 136701 6323 173902 69850 38029 37247 31813 8415 2546 104052 10204 93848 21061 17297 5434 31821 26075 5746 2732 3764 2412 16848 7909 5352 3014 3651
is_linear=0
shrinkage=0.04


Tree=129
num_leaves=31
num_cat=2
split_feature=21 24 24 25 15 17 6 0 42 22 22 46 20 21 19 6 24 25 6 21 25 25 22 21 21 22 24 21 21 5
split_gain=6577.25 9792.87 9605.1 8773.34 10130.3 6891.47 11021.5 9338.96 9031.4 13753.7 17091.4 18339.4 16042.7 14075.5 13172.4 19256 34032.1 10437 10107.2 8165.55 9291.56 13177.6 9616.61 9780.11 9752.32 8269.67 8259.88 10011.4 7731.8 7182.11
threshold=62.218965530395515 0.23999456316232684 0.16362474858760837 412.75000000000006 3.5000000000000004 4.5000000000000009 22.500000000000004 3.1450001001358037 0 0.031230391003191475 0.05077031813561917 1 184.00000000000003 72.914096832275405 59.500000000000007 219.25000000000003 0.015300745144486429 193.37500000000003 197.25000000000003 79.423103332519545 627.62500000000011 592.37500000000011 0.061672402545809753 67.69885635375978 70.646232604980483 0.064443275332450881 0.022131220437586311 84.860710144042983 85.929336547851577 56.500000000000007
decision_type=8 10 10 2 2 10 2 10 9 8 10 1 2 10 10 2 8 2 2 10 2 2 10 8 10 10 10 10 10 2
left_child=1 -1 5 -3 -5 7 -7 -2 9 13 -11 12 -12 -8 15 16 18 -13 -10 20 21 22 23 -16 -24 -26 -21 -28 -15 -25
right_child=2 3 -4 4 -6 6 8 -9 14 10 11 17 -14 28 19 -17 -18 -19 -20 26 -22 -23 24 29 25 -27 27 -29 -30 -31
leaf_value=-0.041545228369656677 -0.0063323324314959019 0.0034363076901185482 0.047890455955719204 0.23937116838683628 -0.13667412702596349 -0.1526205922722195 -0.28619763160823203 0.02136034559875338 -0.28520236669743759 0.17570599962513073 0.019462680009495401 0.019351213260576032 -0.25623696320665479 -0.024303883533243861 -0.10102003831650042 0.16896228621950918 -0.079613426486295963 0.1694506768882541 -0.92480493126293228 0.040801236909022869 -0.09138481090117262 0.21358664431454114 0.039291027378946602 0.036774627975366715 -0.25533082156497722 0.27336571299803625 0.28926055967055364 -0.13712156479798743 0.13980527569224679 -0.023969189706737504
leaf_weight=12816 155652 3811 7025.25 536 145 606.25 282.75 22271.5 67 2195.25 991.5 1432.25 511 2236.5 1547 427 2089.5 1536 100 1489 1377 525 4315 6063.75 51.75 476.75 506 106 577 6400.75
leaf_count=19635 217227 4171 7827 536 145 931 405 28114 94 4209 1218 3185 574 2634 2066 601 2385 1536 100 1489 1377 525 7342 8931 93 830 506 106 718 9457
internal_value=1.14614e-05 -0.023733 0.00187235 0.0270837 0.159214 0.000360248 0.0163441 -0.00286579 0.0192499 0.0519726 0.0843268 0.0394271 -0.0744081 -0.017687 0.00674128 -0.0770792 -0.123694 0.0970564 -0.671447 0.0165848 0.00897636 0.0161118 0.0106021 -0.0061941 0.059183 0.221204 0.0917112 0.2153 0.00938835 0.00558182
internal_weight=238167 17308 220859 4492 681 213834 35910 177924 35303.8 9762.25 6666 4470.75 1502.5 3096.25 25541.5 2683.5 2256.5 2968.25 167 22858 20757 19380 18855 14011.5 4843.5 528.5 2101 612 2813.5 12464.5
internal_count=328967 24487 304480 4852 681 296653 51312 245341 50381 14479 10722 6513 1792 3757 35902 3180 2579 4721 194 32722 30621 29244 28719 20454 8265 923 2101 612 3352 18388
cat_boundaries=0 1 2
cat_threshold=4 4
is_linear=0
shrinkage=0.04


Tree=130
num_leaves=31
num_cat=1
split_feature=11 10 22 4 0 5 25 15 22 23 19 35 24 12 10 23 22 23 17 14 19 20 24 32 40 44 23 20 14 10
split_gain=6485.95 6783.82 6020.22 6052.22 5659.59 5567.44 15745.7 10486.9 13272.7 11925 12416 11102.1 9245.93 8654.5 14551.4 8873.83 8709.88 12055.7 10128.2 8541.68 9429.54 9842.25 9004.48 7939.17 10740.3 7920.81 11806.7 10100.4 9998 7877.63
threshold=0.6670682728290559 34.750000000000007 0.3662636280059815 3.3850001096725468 1.0000000180025095e-35 27.500000000000004 300.12500000000006 3.5000000000000004 0.021463197655975822 1.0592464804649355 190.50000000000003 11.750000000000002 0.28729069232940679 2.5000000000000004 2.5000000000000004 1.0009922981262209 0.20991392433643344 1.1221493482589724 2.5000000000000004 95.384998321533217 23.000000000000004 159.00000000000003 0.027849436737596992 1.0984788537025454 0.11665868014097215 0 1.2424828410148623 110.00000000000001 69.505001068115249 67.250000000000014
decision_type=10 2 10 2 8 2 2 2 10 10 10 2 10 10 2 8 10 10 10 8 10 2 8 8 8 9 10 2 10 2
left_child=2 -2 3 5 -3 6 13 12 -9 10 -10 -12 29 14 15 -1 17 -15 -18 20 -17 25 -21 24 -23 26 -22 28 -27 -8
right_child=1 4 -4 -5 -6 -7 7 8 9 -11 11 -13 -14 16 -16 19 18 -19 -20 22 21 23 -24 -25 -26 27 -28 -29 -30 -31
leaf_value=0.11794704614896687 -0.054311497469621391 -0.61486011165248033 -0.084807995875778877 0.04382335704241376 -0.14577482462052641 0.0055444395879072558 -0.024220318441778466 0.10460901360080545 0.065392935765618304 -0.07543750593149165 -0.089943837137438379 -0.39168913535597716 0.27677232383062811 -0.014826694219293435 0.058183397905918775 -0.066321143210971212 -0.040162514771347892 0.04246622688684764 -0.21473869630952899 -0.028291988443983302 0.066545463750603245 0.01726091770429062 0.040590029537586315 0.0062837327345178079 -0.11133526563066791 -0.34167162082830205 0.40713428989280048 0.051080839753021225 0.011340180244479149 -0.32678978594129893
leaf_weight=1010.5 866.25 66.5 1339 4983.75 107.75 114300.5 14594.25 480 186 2877.75 290 600 161 41954 8969.25 5098.25 3100.5 6832.5 641 4266.25 2613.25 1639 10527.25 5940.75 2837 263.5 172.75 918 249.25 138
leaf_count=4042 1275 119 1897 5775 200 155138 14604 480 186 2904 290 600 161 59225 16458 8477 3948 7518 1421 4894 5299 2161 15022 10167 3902 415 181 1719 337 138
internal_value=-0.000701822 -0.100303 -0.000264074 0.000216671 -0.327304 -0.000725683 -0.00688486 -0.0398537 -0.0938495 -0.117964 -0.231523 -0.293583 -0.0237735 -0.000317759 0.0126602 0.00116866 -0.0113136 -0.00680209 -0.0701217 -0.00225247 -0.0194794 -0.00315625 0.0207245 -0.024028 -0.0642523 0.0483962 0.0874902 -0.0281484 -0.170375 -0.0270768
internal_weight=238024 1040.5 236983 235644 174.25 230660 116360 19327 4433.75 3953.75 1076 890 14893.2 97033 44505 35535.8 52528 48786.5 3741.5 34525.2 19731.8 14633.5 14793.5 10416.8 4476 4216.75 2786 1430.75 512.75 14732.2
internal_count=328953 1594 327359 325462 319 319687 164549 19363 4460 3980 1076 890 14903 145186 73074 56616 72112 66743 5369 52574 32658 24181 19916 16230 6063 7951 5480 2471 752 14742
cat_boundaries=0 1
cat_threshold=8
is_linear=0
shrinkage=0.04


Tree=131
num_leaves=31
num_cat=2
split_feature=2 11 9 0 4 46 19 0 15 37 25 25 5 22 24 21 6 20 22 22 21 25 2 29 25 19 25 6 40 43
split_gain=6463.91 6415.99 7397.37 7516.51 6005.99 5786.18 9363.56 7580.4 7197.35 6529.25 6674.62 8457.38 13053.8 13430.3 9624.39 9591.47 16084.1 8441.75 7274.42 8778.25 8689.85 6829.85 6073.08 6370.48 9918.2 9659.56 8282.91 8118.55 7947.34 7101.27
threshold=-2.9150000810623165 0.6670682728290559 10.500000000000002 1.0000000180025095e-35 3.685000061988831 0 5.0000000000000009 1.8450000286102297 15.000000000000002 70.173019409179702 134.12500000000003 260.25000000000006 28.500000000000004 0.066121075302362456 0.025033464655280117 84.860710144042983 194.25000000000003 218.00000000000003 0.04248862341046334 0.089567773044109358 65.274761199951186 170.87500000000003 0.7150000035762788 16.250000000000004 485.00000000000006 167.50000000000003 709.87500000000011 188.25000000000003 0.19682709872722629 1
decision_type=8 10 2 8 2 1 8 10 2 10 2 2 2 10 10 10 2 2 10 10 10 2 10 2 2 10 2 2 10 9
left_child=-1 4 -3 -4 5 6 -2 -8 9 -9 -11 14 13 -13 -12 -14 -17 -15 -16 -20 21 -21 23 26 25 -25 29 -27 -28 -7
right_child=1 2 3 -5 -6 22 7 8 -10 10 11 12 15 17 18 16 -18 -19 19 20 -22 -23 -24 24 -26 27 28 -29 -30 -31
leaf_value=0.14464750773983248 0.079630891594574787 -0.047654951423255591 -0.63896975924114929 -0.12695232989442976 0.12432056902336443 -0.041680274889259572 -0.030014409696306057 0.010981855235684146 -0.29549429183461629 -0.030943169334748635 -0.024340975762301525 -0.0097713782008577443 0.012791023306350287 -0.075524084627153848 0.12562224477699896 0.036008754129252162 -0.6804045554759891 -0.23009920024760291 -0.0257305907829199 -0.13243273099005584 0.144124735624236 0.082343133762249374 -0.019635629049042806 0.023396684285885018 0.058089590938797397 -0.017159874089041148 -0.049159140856241824 0.10567228529925789 -0.2916106023651287 0.0065428464144612784
leaf_weight=493.5 1942 837.75 73 122.5 622.25 5394.25 21524.75 32435.75 133.5 18518.25 3493.75 2632 10237.5 1318 1827 120 85 991 2239 414 1494 551 13962.5 35436.5 8188 18805.25 2289.25 901.25 238 50844
leaf_count=621 2233 1257 127 217 641 7510 32486 52571 153 25596 3502 2632 10266 1318 1827 120 85 991 2239 414 1494 551 17858 47591 8206 28313 2290 1280 244 74514
internal_value=0.00017905 -0.000121514 -0.099532 -0.32044 0.000312951 -1.45006e-05 -0.00732156 -0.00904521 -0.00314397 -0.00262891 -0.0126807 0.00063315 -0.0179924 -0.0715521 0.0292314 0.00735416 -0.262882 -0.141939 0.0579162 0.0315641 0.0837237 -0.00983662 0.00535365 0.0082115 0.0170127 0.0109123 -0.00127354 -0.011537 -0.0720995 0.00191041
internal_weight=238164 237671 1033.25 195.5 236638 236016 99956.5 98014.5 76489.8 76356.2 43920.5 25402.2 15383.5 4941 10018.8 10442.5 205 2309 6525 4698 2459 965 136059 122096 63331 55143 58765.5 19706.5 2527.25 56238.2
internal_count=329147 328526 1601 344 326925 326284 138478 136245 103759 103606 51035 25439 15412 4941 10027 10471 205 2309 6525 4698 2459 965 187806 169948 85390 77184 84558 29593 2534 82024
cat_boundaries=0 1 2
cat_threshold=8 132
is_linear=0
shrinkage=0.04


Tree=132
num_leaves=31
num_cat=3
split_feature=46 0 19 1 25 20 20 43 35 22 25 29 6 25 21 7 7 25 43 21 19 32 32 21 22 0 12 37 24 24
split_gain=6366.32 9096.36 8432.61 6353.64 6797.88 10322.3 11279.6 14066.2 12063.1 8347.26 8228.92 7231.1 7175.2 7178.62 7190.04 7109.08 6897.95 7020.81 8631.7 11431.1 7594.76 7196.62 8586.85 6607.98 8033.47 6508.58 6414.76 6286.29 7536.07 7294.08
threshold=0 2.4850000143051152 5.0000000000000009 3.0649999380111699 87.125000000000014 171.50000000000003 141.00000000000003 1 8.7500000000000018 0.026860825717449192 73.375000000000014 17.750000000000004 54.500000000000007 74.125000000000014 68.210651397705092 42.500000000000007 76.500000000000014 102.37500000000001 2 76.106002807617202 5.0000000000000009 1.0759881734848025 1.1574910283088686 65.618801116943374 0.018888808786869053 2.6350001096725468 13.500000000000002 68.717735290527358 0.13740456849336627 0.10706589370965959
decision_type=1 10 8 10 2 2 2 9 2 10 2 2 2 2 10 2 2 2 9 10 10 10 8 10 10 10 8 8 10 10
left_child=1 2 -1 4 5 6 7 15 -8 -7 26 -9 13 14 -11 -2 17 18 19 21 -20 -6 -23 -22 -25 -5 -10 28 29 -4
right_child=3 -3 27 25 16 9 8 11 10 12 -12 -13 -14 -15 -16 -17 -18 -19 20 -21 23 22 -24 24 -26 -27 -28 -29 -30 -31
leaf_value=0.10827288510173479 -0.05238170202765334 0.00446440706196262 -0.0028460720460820542 0.12140070744608622 0.054119266702481045 -0.012745896025409181 0.06312800601358895 0.017608234186087736 -0.091540933628487586 -0.045767904273110151 -0.26136830147235496 0.10768336945939411 0.062086417809415817 0.091416379220172872 0.028199593623490591 -0.28061524755627681 -0.041405755719333144 0.0029227076019579718 -0.52009980128416378 0.1745290068377893 -0.21491042649748107 -0.11807714184693076 0.073901804135548449 -0.41801740742150856 -0.034746104200083477 0.022783980353096901 0.025104873791018004 -0.033760766516484297 -0.054620917980852897 0.083446748130082696
leaf_weight=811.75 2106.75 48210.25 16682.75 1175.75 1057 6019.5 1135.25 8628.5 3519.5 3157 375.25 1707.5 11704 1761.5 6291 242.75 7527.5 62627.25 66 501 515.75 1615.25 483.75 91 1797.5 11907 959.5 29392 4113 1728.75
leaf_count=979 3405 62149 31169 1307 1267 20883 2507 13112 6722 5932 469 2387 24745 2225 9285 305 8054 63975 66 636 764 1691 495 91 2078 13992 2650 38134 4932 2547
internal_value=-0.000471143 -0.00809341 -0.0195752 0.00514587 0.00234619 0.0142065 -0.00897641 0.0123845 -0.054213 0.0291699 -0.0816634 0.0324665 0.0401817 0.0173068 0.00348109 -0.0757515 -0.00505591 -0.00107559 -0.041937 -0.00276296 -0.099491 -0.0309636 -0.0738163 -0.0881453 -0.0534281 0.0316556 -0.0665519 -0.0215763 -0.00567586 0.00526028
internal_weight=237911 100938 52728.2 136973 123890 47608 18675 12685.5 5989.5 28933 4854.25 10336 22913.5 11209.5 9448 2349.5 76282 68754.5 6127.25 3657 2470.25 3156 2099 2404.25 1888.5 13082.8 4479 51916.5 22524.5 18411.5
internal_count=328953 139910 77761 189043 173744 94627 31557 19209 12348 63070 9841 15499 42187 17442 15217 3710 79117 71063 7088 4089 2999 3453 2186 2933 2169 15299 9372 76782 38648 33716
cat_boundaries=0 1 2 3
cat_threshold=8 12 28
is_linear=0
shrinkage=0.04


Tree=133
num_leaves=31
num_cat=2
split_feature=2 4 11 4 4 40 42 7 14 12 44 32 26 20 14 26 6 24 31 25 23 12 37 37 25 29 14 23 24 14
split_gain=6286.29 5720.62 5669.52 6328.62 8626.12 7290.36 7095.92 6984.58 6934.52 8401.43 10457.5 9222.41 11145.8 14948.8 10333.1 9107.99 8145.96 7905.69 7675.46 6792.3 8203.2 6729.82 6311.57 5853.46 5603.92 6671.24 8006.12 5572.26 5802.82 5261.38
threshold=-2.9150000810623165 3.6750000715255742 0.6670682728290559 1.5349999666213991 2.3850001096725468 0.1145572103559971 0 25.500000000000004 98.095001220703139 1.0000000180025095e-35 1 1.1164638400077822 1.5000000000000002 179.00000000000003 93.83499908447267 1.5000000000000002 4.5000000000000009 0.081723667681217207 72.048759460449233 342.37500000000006 1.2001963853836062 9.5000000000000018 72.185565948486342 61.721996307373054 165.12500000000003 17.750000000000004 95.215000152587905 1.0293601155281069 0.026233831420540813 85.180000305175795
decision_type=8 2 10 2 2 8 9 2 10 8 9 8 2 2 10 2 2 10 10 2 10 10 8 10 2 2 10 10 10 10
left_child=-1 2 3 5 22 21 -7 19 9 10 -8 14 13 17 15 -12 -11 -13 -14 -6 27 -2 -5 -15 25 26 -19 -21 -29 -25
right_child=1 -3 -4 4 7 6 8 -9 -10 16 11 12 18 23 -16 -17 -18 24 -20 20 -22 -23 -24 29 -26 -27 -28 28 -30 -31
leaf_value=0.14196971881446527 0.054293962068801868 0.11399862830812296 -0.095118878163785198 -0.0070597833491846023 -0.0010879050427219632 -0.41605407180342563 -0.43327518915891655 0.013732186926739304 0.046020538658321029 0.13462329255385108 -0.091436355640696923 -0.045247947351595749 -0.043578774713907732 0.33288715087828052 -0.0073097194346283239 -0.3260121352663492 0.0095008123920043985 0.080188288871554395 0.44048620279779976 0.01489183926946547 0.11214779637704293 -0.011058788318263998 -0.032887605665580688 -0.17425467153365698 0.28622135406234317 0.19939660669903361 -0.2872063900720121 -0.38699540694718509 -0.074075960362134818 0.00019352507183976669
leaf_weight=496.5 9931.25 696.75 1012.25 70659 33811.25 63.5 89 56195 5330 878.25 2594.5 489.25 4750.25 54.25 2769.75 294.25 15670 1175.25 52 1241.75 479 3378.25 19265.75 565.5 322 774 102.25 96 4365.75 540.5
leaf_count=615 11621 720 1568 99072 46469 65 146 75977 7175 1395 4960 613 8495 55 3543 310 21406 1548 52 1244 479 3463 30233 1095 322 1158 118 96 4371 794
internal_value=-6.89675e-05 -0.000366333 -0.000703119 -0.000297626 -0.00368724 0.0123637 0.00312557 0.0046391 0.00386731 -0.00335326 -0.0254995 -0.022649 0.00289411 0.052001 -0.0625213 -0.115436 0.0161493 0.10108 -0.0382457 -0.00813748 -0.0466836 0.0377061 -0.0125936 -0.0690725 0.13125 0.106796 0.0505776 -0.0600408 -0.0808949 -0.0890754
internal_weight=238143 237646 236950 235938 186114 49824 36514.5 96188.8 36451 31121 14572.8 14483.8 8825.25 4023 5658.5 2888.75 16548.2 2862.75 4802.25 39993.8 6182.5 13309.5 89924.8 1160.25 2373.5 2051.5 1277.5 5703.5 4461.75 1106
internal_count=329178 328563 327843 326275 257941 68334 53250 128636 53185 46010 23209 23063 14250 5703 8813 5270 22801 3759 8547 52659 6190 15084 129305 1944 3146 2824 1666 5711 4467 1889
cat_boundaries=0 1 2
cat_threshold=8 32
is_linear=0
shrinkage=0.04


Tree=134
num_leaves=31
num_cat=3
split_feature=21 23 43 25 22 21 1 17 43 25 9 21 21 15 25 23 22 6 38 25 22 21 22 42 22 20 21 25 21 25
split_gain=6322.14 9068.55 6716.3 6641.07 8965.4 6885.46 6275.57 5961.01 9295.89 8972.35 8928.99 8745.41 8743.47 7092.05 8679.14 7482.66 17633.3 17554.2 24462.7 11171.6 10323.7 9966.29 9280.64 11875 10061.7 7602.59 14269.6 10742.4 9898.3 7420.86
threshold=62.218965530395515 1.2121874094009402 0 444.87500000000006 0.21563132107257846 64.733051300048842 3.1450001001358037 4.5000000000000009 1 86.125000000000014 9.5000000000000018 79.423103332519545 64.869968414306655 5.5000000000000009 101.12500000000001 1.0333262085914614 0.07651377841830255 219.25000000000003 1.0265075564384463 105.37500000000001 0.021463197655975822 75.186950683593764 0.031230391003191475 2 0.10029794648289682 184.00000000000003 68.393379211425795 667.37500000000011 73.253711700439467 340.12500000000006
decision_type=8 10 9 2 10 10 8 10 9 2 2 10 10 2 2 10 10 2 10 2 10 10 10 9 10 2 10 2 10 2
left_child=-1 7 3 5 6 -3 -5 10 -9 11 -2 -10 -11 15 -15 16 20 18 -18 -17 29 22 -21 25 -25 28 -27 -28 -24 -14
right_child=1 2 -4 4 -6 -7 -8 8 9 12 -12 -13 13 14 -16 19 17 -19 -20 21 -22 -23 23 24 -26 26 27 -29 -30 -31
leaf_value=-0.022955811996881886 0.0008981997777809163 0.036861413713723937 -0.12299776273880106 -0.13265068673600697 0.22323419753980889 0.1399561057614391 0.13326625922163216 -0.083153898425563449 0.045714722841597603 0.12422231055527963 -0.028104029653355997 0.2232558575583741 -0.020904034017733074 -0.37514288485778202 -0.041370727972231396 -0.11302974962175867 -0.13698621455859394 0.089829140263219046 -1.4378766884181813 -0.12709911662871143 -0.058270588725088203 0.1859549357433711 0.19589931551023021 0.025557902166489482 -0.17764421703931788 0.20833137680694283 -0.17593749029232633 0.20125723258932685 -0.039744794372792186 0.057662519550360967
leaf_weight=17375.5 160186.75 2154.25 319.25 703 190 1998.75 177 1450 8034.75 997.75 18998.25 469 3559.5 130 2585.5 748.25 47 61 45 528 3897.25 763 1635.75 4844.25 423 414 524 156 345 4183
leaf_count=24550 218608 2437 323 703 190 2001 177 1750 21336 1057 28497 892 4011 130 2632 926 176 61 45 528 4300 763 1638 4986 423 414 524 156 345 4183
internal_value=0.000273918 0.00210398 0.0526189 0.0634895 -0.0252278 0.0865014 -0.07907 0.00080171 0.0156929 0.0198813 -0.0021769 0.0555321 0.00817613 0.0035192 -0.0574832 0.0109922 -0.0108086 -0.436028 -0.781953 0.0357562 -0.00518198 0.0473242 0.0353791 0.0456775 0.00920785 0.108128 0.0234591 -0.0892302 0.154854 0.0215442
internal_weight=237944 220568 5542.25 5223 1070 4153 880 215026 35841 34391 179185 8503.75 25887.2 24889.5 2715.5 22174 11792.8 153 92 10381.2 11639.8 9633 8870 8342 5267.25 3074.75 1094 680 1980.75 7742.5
internal_count=328762 304212 5831 5508 1070 4438 880 298381 51276 49526 247105 22228 27298 26241 2762 23479 12776 282 221 10703 12494 9777 9014 8486 5409 3077 1094 680 1983 8194
cat_boundaries=0 1 2 3
cat_threshold=112 128 4
is_linear=0
shrinkage=0.04


Tree=135
num_leaves=31
num_cat=2
split_feature=10 11 2 15 12 0 5 25 24 12 11 15 22 23 19 44 39 22 23 43 16 19 24 22 33 14 36 20 20 39
split_gain=5558.51 5418.42 5252.14 5126.6 6348.89 4961.38 5327.63 13319.3 10249.2 8998.87 11866.7 8927.53 10349.9 10210.4 11772.6 8163.68 7839.48 7293.59 10636.9 10021.5 9381.09 8073.33 8008.47 7395.85 7051.92 8579.44 8165.38 7037.89 11664.4 8538.4
threshold=200.25000000000003 0.83602148294448864 -2.5949999094009395 1.0000000180025095e-35 4.5000000000000009 3.5049999952316289 27.500000000000004 300.12500000000006 0.32101716101169592 2.5000000000000004 0.055065309628844268 3.5000000000000004 0.021463197655975822 1.0592464804649355 190.50000000000003 0 0.34988641738891607 0.20991392433643344 1.1221493482589724 1 3.5000000000000004 9.5000000000000018 0.17001208662986758 0.20238582044839862 1.6609576940536501 65.805000305175795 0.24378144741058352 179.00000000000003 159.00000000000003 1.2303653359413149
decision_type=2 10 8 2 8 10 2 2 10 10 10 2 10 10 10 9 10 10 10 9 2 8 10 10 10 10 10 2 2 8
left_child=1 2 -1 4 -4 6 7 9 11 10 15 -9 -13 14 -14 24 -16 18 21 20 -19 -11 -21 -20 -5 -26 -27 28 -23 -29
right_child=-2 -3 3 5 -6 -7 -8 8 -10 17 -12 12 13 -15 16 -17 -18 19 23 22 -22 27 -24 -25 25 26 -28 29 -30 -31
leaf_value=0.092827301550319971 -0.37459978551826928 -0.16322523501056715 0.027641642820717089 0.023233098837780321 -0.2178943599902593 0.037942720050881021 0.0059006429243196133 -0.024102659363801258 0.27284279923088411 0.019851673931138396 0.048863945736421166 0.090238498944509984 0.066545284544893085 -0.069105110499386668 -0.088840429398047663 0.0049998812346678904 -0.34378574292668262 -0.038752061021678046 0.03146331105423588 -0.041526658039243325 0.23379177766788306 0.003777712707516024 -0.23034006975452989 0.26802773820890169 -0.33194067384862286 -0.15481418826947474 0.23702010235593127 -0.024807873183721529 -0.061284501053169946 0.043039673440688764
leaf_weight=984 62.25 322.25 302 474 379.5 5553.5 112698.25 14855.75 169 8481.25 11004.75 466 202 2935.25 273 33711 665 2416.75 6585 641.25 219.5 6690.25 818.5 217.5 318.5 364 110 8535 12926.75 4548.5
leaf_count=1209 117 488 803 816 804 6695 153637 14864 169 11680 19464 466 202 2963 273 52719 665 2764 7191 1584 242 8197 1132 285 566 595 110 12207 17969 7928
internal_value=0.000331014 0.000430724 0.00065344 0.000269626 -0.109201 0.000586384 -0.000314473 -0.00626912 -0.0364015 -0.000256595 0.0126389 -0.0391099 -0.0881861 -0.108607 -0.210162 0.00124044 -0.269763 -0.0116423 -0.00726806 -0.0628704 -0.0159175 -0.0149225 -0.146482 0.039066 -0.0980143 -0.171711 -0.0635662 -0.023942 -0.0390962 -0.00121877
internal_weight=237930 237868 237546 236562 681.5 235880 230327 117628 19566 98062.5 45982.2 19397 4541.25 4075.25 1140 34977.5 938 52080.2 47984.2 4096 2636.25 41181.8 1459.75 6802.5 1266.5 792.5 474 32700.5 19617 13083.5
internal_count=328804 328687 328199 326990 1607 325383 318688 165051 19602 145449 74270 19433 4569 4103 1140 54806 938 71179 65457 5722 3006 57981 2716 7476 2087 1271 705 46301 26166 20135
cat_boundaries=0 1 2
cat_threshold=48 48
is_linear=0
shrinkage=0.04


Tree=136
num_leaves=31
num_cat=2
split_feature=20 19 39 8 0 4 31 11 20 0 30 8 31 14 21 37 46 25 25 5 0 25 22 31 25 40 5 42 6 7
split_gain=7074.88 10491.3 8645.28 6874.05 6586.61 5876.54 5643.79 5242.8 8152.03 7144.33 5729.48 5494.23 5622.42 5160.31 5148.87 5436.8 7219.15 11978.3 18029.2 10499.3 10121.2 8837.06 10198.8 8619.64 8801.42 7810.6 7398.58 7174.8 10524.8 13166.9
threshold=79.000000000000014 49.500000000000007 3.4411590099334721 96.500000000000014 0.92500001192092907 2.2749999761581425 67.470958709716811 0.50077882409095775 141.00000000000003 1.0000000180025095e-35 0.1948916167020798 226.25000000000003 72.393676757812514 63.055000305175788 54.083751678466804 68.74710845947267 0 408.87500000000006 283.12500000000006 26.500000000000004 2.6350001096725468 294.50000000000006 0.0088174184784293192 72.133251190185561 153.12500000000003 0.13590481132268908 61.500000000000007 1 195.25000000000003 65.500000000000014
decision_type=2 10 10 2 10 2 10 10 2 8 10 2 10 10 8 8 1 2 2 2 10 2 10 10 2 10 2 9 2 2
left_child=1 3 4 5 13 -1 -6 14 -9 11 -11 12 -10 -3 -2 -16 17 18 23 -19 -18 25 -23 -17 26 -20 -25 28 -22 -30
right_child=7 2 -4 -5 6 -7 -8 8 9 10 -12 -13 -14 -15 15 16 20 19 21 -21 27 22 -24 24 -26 -27 -28 -29 29 -31
leaf_value=-0.076051143294726439 -0.18440395361188208 -0.25491289223016123 0.11951584414313025 -0.46595118917767397 0.062753288936628321 -0.29371244618858128 -0.272992547636005 0.21082987410385948 -0.10165273223756252 -0.065368449706180776 0.12176494346532568 -0.53398558174258592 -0.52124821520673825 -0.053701840306445953 0.010697441619041785 0.00020362127744000255 -0.022550631112234334 -0.010644547181366924 -0.21381123579571701 0.074072531131274794 -0.030742892581414726 0.14553956270292401 -0.043837973307509527 0.06661629142579123 -0.022026845284484124 0.0049385308243433635 -0.06035391895669532 0.0075561250442101168 -0.77713658806986541 -0.11532511785142679
leaf_weight=1773.25 236.75 291 747 85 893 222.75 87 173.25 438 1698 308.5 67.5 57 679 74843.25 35135.5 47399 3482.25 864 7137 670.5 479 8744 9156 2969 374 797.5 38159.5 74.75 133
leaf_count=2839 521 291 747 94 893 282 87 429 735 2829 526 117 66 679 111168 62122 61922 3483 864 7137 951 479 8756 9906 2969 374 1375 46213 80 175
internal_value=6.58211e-06 -0.0481715 0.00389775 -0.115625 -0.0404294 -0.100479 0.0326953 0.000993081 -0.0539789 -0.0719139 -0.0365483 -0.197771 -0.150931 -0.11427 0.00164689 0.00183887 -0.00242278 0.00721149 0.000118673 0.0462935 -0.010129 -0.0474665 -0.0339874 0.0104776 0.0384095 -0.147773 0.0564377 0.00495323 -0.108017 -0.356051
internal_weight=238175 4778 2697 2081 1950 1996 980 233397 2742.25 2569 2006.5 562.5 495 970 230655 230418 155575 69138.2 58519 10619.2 86436.8 10461 9223 48058 12922.5 1238 9953.5 39037.8 878.25 207.75
internal_count=329109 5912 2697 3215 1950 3121 980 323197 4702 4273 3355 918 801 970 318495 317974 206806 97465 86845 10620 109341 10473 9235 76372 14250 1238 11281 47419 1206 255
cat_boundaries=0 1 2
cat_threshold=4 8
is_linear=0
shrinkage=0.04


Tree=137
num_leaves=31
num_cat=3
split_feature=46 0 9 31 15 0 2 15 4 25 20 20 43 15 19 25 22 25 43 22 20 19 7 35 32 12 7 29 26 15
split_gain=5396.88 7991.83 6861.4 7539.94 6490.72 6704.1 6320.01 6046.34 5793.98 5634.46 10639.3 11384.6 13488.9 10158.2 13315 8403.52 16035.7 7945.63 10040.8 9380.84 9231.74 7507.48 7165.82 7118 7023.47 7009.07 6674.24 6651.03 6531.58 6427.31
threshold=0 1.5049999952316286 3.5000000000000004 75.319431304931655 15.000000000000002 3.3349999189376835 0.92500001192092907 1.0000000180025095e-35 2.4650000333786015 86.125000000000014 171.50000000000003 141.00000000000003 1 3.5000000000000004 145.50000000000003 74.125000000000014 0.053801100701093681 102.37500000000001 2 0.073926765471696868 177.50000000000003 5.0000000000000009 73.500000000000014 8.7500000000000018 1.1061894297599795 13.500000000000002 54.500000000000007 17.750000000000004 4.5000000000000009 4.7500000000000009
decision_type=1 10 2 10 2 10 10 2 2 2 2 2 9 2 10 2 10 2 9 10 2 10 2 2 10 8 2 2 2 2
left_child=1 2 -1 -4 5 -3 7 -2 -7 10 11 12 -9 15 28 -12 -17 18 19 -11 -21 -20 -19 -13 29 -25 -16 -14 -15 -23
right_child=6 4 3 -5 -6 8 -8 9 -10 17 13 23 27 14 26 16 -18 22 21 20 -22 24 -24 25 -26 -27 -28 -29 -30 -31
leaf_value=0.0038398025094754933 -0.16719536494743201 -0.0044992973012382229 -0.050188338235335139 -0.3587632637988733 -0.27196849043779925 0.14169311056451267 -0.027900366062377061 -0.073583251610503372 0.024314978702082626 0.059165294454362236 0.034610888719895913 0.04389959976232935 0.020081018445078862 -0.084079164127257106 -0.012700963161935967 -0.025083909798451424 0.16144988349396872 0.010069876008200702 -0.48181436207508427 0.031501899543304332 -0.14006824283231045 -0.015778745721256118 -0.030461111095153873 -0.097456987955530622 -0.21587664849423382 0.02633964755645056 0.13728621187150378 0.10228394934104859 -0.31612029390145613 -0.16515816955579546
leaf_weight=4942 314 81139.25 9213.75 127.5 141.25 778.25 8436.75 2196 4934.75 2183 21675.75 1014.25 8514.5 572.75 2789.5 1080 2321.5 65544.75 77 935.5 1080.5 1766 7810 3713.5 528.25 910.75 571 1931.5 293.5 622.75
leaf_count=7573 695 111818 13905 132 160 1013 10791 3444 5612 2648 47193 2263 12842 1301 7339 1554 3121 66882 77 988 1205 2225 8131 6961 835 2560 1597 2620 1054 652
internal_value=0.000454606 -0.00654565 -0.0342751 -0.0544385 -0.00199243 -0.00155019 0.00563398 0.00783685 0.0403274 0.00826712 0.0191801 -0.00476669 0.0163146 0.0341185 -0.0232408 0.0437871 0.102233 0.00181991 -0.0382966 0.00171846 -0.0604751 -0.0940914 0.00575418 -0.052028 -0.0840162 -0.0730738 0.0128162 0.0352556 -0.162977 -0.0547766
internal_weight=238160 101277 14283.2 9341.25 86993.5 86852.2 136883 128446 5713 128132 47584.5 18280.5 12642 29304 4226.75 25077.2 3401.5 80547.8 7193 4199 2016 2994 73354.8 5638.5 2917 4624.25 3360.5 10446 866.25 2388.75
internal_count=329191 140213 21610 14037 118603 118443 188978 178187 6625 177492 93849 30690 18906 63159 11291 51868 4675 83643 8630 4841 2193 3789 75013 11784 3712 9521 8936 15462 2355 2877
cat_boundaries=0 1 2 3
cat_threshold=8 12 28
is_linear=0
shrinkage=0.04


Tree=138
num_leaves=31
num_cat=1
split_feature=6 9 17 24 21 14 16 24 15 22 19 19 20 22 22 24 22 14 6 39 43 25 5 25 20 24 35 32 25 19
split_gain=5138.08 13794.7 12022.5 10040.9 9401.77 9016.7 13355.5 12462.5 16227.8 11627.3 9106.8 9090.77 11618.6 8739.74 9978.65 8111.63 10533.5 7690.43 11533 7660.87 7605.46 7062.95 6748.38 8320.72 6246.5 6088.12 6065.74 6244.96 7757.64 6344.73
threshold=64.500000000000014 13.500000000000002 2.5000000000000004 0.0056790886446833619 79.866088867187514 95.384998321533217 1.5000000000000002 0.027849436737596992 3.5000000000000004 0.021463197655975822 59.500000000000007 49.500000000000007 79.000000000000014 0.10909615084528924 0.11106542125344278 0.32101716101169592 0.20238582044839862 76.779998779296889 8.5000000000000018 1.8768242001533511 0 287.50000000000006 2.5000000000000004 234.25000000000003 177.50000000000003 0.090145613998174681 13.750000000000002 1.0947375297546389 143.62500000000003 128.50000000000003
decision_type=2 2 8 8 10 8 2 8 2 10 10 10 2 10 10 10 10 10 2 8 9 2 2 2 2 8 2 8 2 10
left_child=1 2 3 24 -3 6 10 8 20 -10 11 12 -5 -9 -15 16 25 -13 -19 21 -7 -16 23 -14 -1 -4 -12 29 -29 -28
right_child=-2 4 15 5 -6 7 -8 13 9 -11 26 17 22 14 19 -17 -18 18 -20 -21 -22 -23 -24 -25 -26 -27 27 28 -30 -31
leaf_value=0.15768926058705174 0.0050403901089251923 -0.088104362016167101 -0.043135221628154544 -0.13201190731312462 -0.57686550329642861 0.14154679843717669 0.037852240355371984 0.048002822043721499 0.04969654012073834 -0.19332110742196698 -0.058611584504124903 0.014814218783363777 -0.026970428190410858 -0.27566094555014631 0.019783983052786194 0.26365242348422468 -0.18697879686472063 0.25674470001258437 0.032761664569116208 0.12058076337083597 -0.0098405359892593663 -0.074642973085040143 0.0087329511965325689 -0.18957250612154014 0.02719389177969184 0.031044584425289571 -0.086444602701056417 0.039573853214662218 -0.040853983347877439 -0.0059194560921575949
leaf_weight=1004.25 131650.75 2353 12389.75 1269 63.75 567.25 7741 15804.75 415 1301.5 10545.25 4447 3198.5 213.25 3480.25 141 742 593 967 763.5 6483 1992 11796.25 596.75 1411.75 2064.5 3299.25 4499.5 3344 2979
leaf_count=3471 179155 4111 16493 1983 69 682 10009 20202 415 1603 16336 4447 6929 232 4645 141 1276 593 967 1050 7062 1992 17086 611 5599 3431 3972 7141 3344 4167
internal_value=-0.000243534 -0.0067774 -0.00458252 0.00107111 -0.101232 -0.00118096 -0.010867 0.0160783 -0.0243139 -0.134569 -0.0188016 -0.00061735 -0.0156714 0.0319911 -0.00725005 -0.0372818 -0.0400915 0.0416314 0.118016 0.00197115 0.00254437 -0.0145958 -0.00619426 -0.0525816 0.0814809 -0.0325384 -0.0356585 -0.0185153 0.00528288 -0.0482435
internal_weight=238117 106466 104049 88712 2416.75 86296 55275.5 31020.5 8766.75 1716.5 47534.5 22867.5 16860.5 22253.8 6449 15337.2 15196.2 6007 1560 6235.75 7050.25 5472.25 15591.5 3795.25 2416 14454.2 24667 14121.8 7843.5 6278.25
internal_count=329214 150059 145879 124538 4180 115468 77585 37883 9762 2018 67576 32616 26609 28121 7919 21341 21200 6007 1560 7687 7744 6637 24626 7540 9070 19924 34960 18624 10485 8139
cat_boundaries=0 1
cat_threshold=32
is_linear=0
shrinkage=0.04


Tree=139
num_leaves=31
num_cat=1
split_feature=21 32 15 24 14 1 24 21 16 21 25 19 22 22 21 20 8 21 25 19 15 4 22 35 24 23 25 20 43 12
split_gain=5238.23 9008.58 6071.14 6366.39 7189.48 4741.83 4295.13 12506.6 8944.65 8852.23 8131.68 11852.6 8913.77 10166.1 8124.64 8426.16 8393.32 7949.59 17187.6 8163.89 7399.76 6806.41 7308.96 6805.85 8251.3 6913.31 6590.4 6561.47 8802.15 9086.38
threshold=88.269744873046889 1.0175300836563113 2.5000000000000004 0.017455097287893299 90.970001220703139 3.5049999952316289 0.080026272684335722 65.274761199951186 3.5000000000000004 68.919319152832045 283.12500000000006 49.500000000000007 0.060114722698926933 0.13668338954448703 64.958610534667983 171.50000000000003 116.25000000000001 66.16699600219728 357.75000000000006 79.500000000000014 1.5000000000000002 2.3449999094009404 0.14484784007072452 16.750000000000004 0.057606689631938941 1.0627005100250246 602.37500000000011 79.000000000000014 0 8.5000000000000018
decision_type=10 10 2 10 10 10 10 10 2 8 2 10 10 10 10 2 2 10 2 8 2 2 10 2 10 10 2 2 9 8
left_child=5 -2 -3 4 -4 6 9 8 14 -1 11 27 -12 17 -8 -16 -17 18 -14 -19 -13 -15 -23 -11 -25 -26 -27 -9 -29 -30
right_child=1 2 3 -5 -6 -7 7 10 -10 23 12 20 13 21 15 16 -18 19 -20 -21 -22 22 -24 24 25 26 -28 28 29 -31
leaf_value=-0.021668350711621393 -0.46485386760636133 0.14277873329870686 -0.35771001321702239 0.11078954158658123 -0.0084438163775431962 0.04075720912309605 -0.0090933877325663475 -0.24748112093459415 0.13479375605203267 -0.0037989742258673254 -0.18543922388027695 0.19426399439505793 -0.094291826395809658 -0.10691180123115476 0.0485321511118572 -0.063020541503769373 -0.24542649666044927 0.081421171729783678 0.18738574677676778 -0.0081641735048424025 0.048270301071329333 -0.1902341716115539 0.095686502301726026 0.013498943556564483 0.46913305689046936 0.062612774338087832 0.33672360564213177 0.12006283753012911 0.0041184394011003133 -0.12325979687223461
leaf_weight=38788.5 49.5 1054 123 473 394 4367.5 30920.5 176 654 98423.5 407 573 499 1936 553.5 1090 641 1953 1130 9742 17363.5 184 630 16545.5 77.25 1710.5 152 839 5457.75 1071
leaf_count=66456 51 1087 123 473 394 5287 39775 221 756 139660 407 858 499 1936 816 1090 641 1953 1130 9742 19726 184 630 23978 84 1814 152 941 6873 1149
internal_value=2.99745e-05 0.0630085 0.0760149 0.00485862 -0.092076 -0.000529213 -0.00130826 0.00649903 -0.0115859 -0.00511023 0.021092 0.0352533 -0.000802433 0.00388364 -0.0144731 -0.0872492 -0.130672 0.0183367 0.101094 0.00680142 0.052945 -0.0661226 0.0308968 0.000383597 0.0226526 0.100682 0.085154 -0.00681265 -0.00103024 -0.0167665
internal_weight=237978 2093.5 2044 990 517 235885 231518 75820.2 33859 155697 41961.2 25480.2 16481 16074 33205 2284.5 1731 13324 1629 11695 17936.5 2750 814 116909 18485.2 1939.75 1862.5 7543.75 7367.75 6528.75
internal_count=328886 2128 2077 990 517 326758 321471 89327 43078 232144 46249 29768 16481 16074 42322 2547 1731 13324 1629 11695 20584 2750 814 165688 26028 2050 1966 9184 8963 8022
cat_boundaries=0 1
cat_threshold=32
is_linear=0
shrinkage=0.04


Tree=140
num_leaves=31
num_cat=2
split_feature=4 15 30 23 2 21 46 25 23 21 22 15 21 19 25 32 25 0 21 8 18 22 20 21 6 43 23 23 2 14
split_gain=5477.37 5224.3 5221.11 4756.05 7163.09 7180.45 6120.47 7264.8 8653.43 12500 8188.73 9174.63 9020.39 7075.75 6938.46 11597 8132.85 8366.57 7844.18 7583.15 8814.07 6907.4 6894.78 6822.96 6609.16 12261 6570.87 6812.04 6504.92 7293.37
threshold=3.6950000524520878 1.0000000180025095e-35 0.10454910993576051 1.0009922981262209 1.2749999761581423 67.077514648437514 0 661.12500000000011 1.135347902774811 70.271308898925795 0.080894812941551222 5.5000000000000009 67.577808380126967 5.0000000000000009 58.125000000000007 1.0471388101577761 77.125000000000014 1.5049999952316286 78.497573852539077 17.500000000000004 1.5000000000000002 0.04248862341046334 177.50000000000003 69.736408233642592 16.500000000000004 1 1.1221493482589724 1.1236804127693178 0.35500000417232519 97.295001983642592
decision_type=2 2 10 8 8 10 1 2 10 10 10 2 10 8 2 10 2 8 10 2 10 10 2 10 2 9 10 10 8 8
left_child=1 2 -1 4 5 -3 7 13 10 -10 12 26 -9 -5 15 22 24 -18 19 20 -17 -20 -15 -14 -16 -26 -12 -28 -8 -30
right_child=-2 3 -4 6 -6 -7 28 8 9 -11 11 -13 23 14 16 18 17 -19 21 -21 -22 -23 -24 -25 25 -27 27 -29 29 -31
leaf_value=-0.20033962094373153 0.12701980758816703 -0.052316126945021101 0.027129895981226473 0.066672305448990637 0.1102494155386641 0.052007333873624502 0.012137975978469884 -0.19751620033253292 0.0039924680088883023 -0.4347400452072725 0.30420251787939573 -0.074083362716193091 0.30352898348417395 -0.13920055303026851 0.13240638338710528 0.11131920365525835 -0.051176492937678217 -0.0045429452435255405 -0.0063923328276762892 -0.034390638969156111 -0.028600500913008569 0.25019893022468742 -0.017749276328175977 0.030122931409807516 -0.046051862508349195 0.077813939713048411 -0.23230797578902806 0.20342484795979862 -0.012545738255430702 0.024122558650522655
leaf_weight=410 543.25 1775 265.5 1860.5 1528.75 2601.5 80073.75 241 669 122 585 195 171 2273 1000.75 1332.75 6965 52917.5 354.75 16495.5 1565.5 317.5 1115 970 2389 2728 84 176 45754.75 10709.5
leaf_count=947 550 7100 675 1982 6115 10406 99066 241 669 122 585 195 171 2738 1753 2571 7817 57314 504 22170 2701 415 1769 970 4900 5401 84 176 75163 13876
internal_value=0.000269138 -2.1125e-05 -0.111021 0.000295736 0.0357401 0.00969312 -0.000610233 -0.00843425 0.0506726 -0.0641339 0.0881799 0.172909 0.0243365 -0.0105146 -0.0121207 -0.0308079 -0.00547952 -0.00996778 -0.0192476 -0.0239063 0.0357559 0.11498 -0.0992488 0.0713313 0.0384467 0.0200477 0.229932 0.0622836 0.00480647 -0.00559054
internal_weight=238190 237646 675.5 236971 5905.25 4376.5 231066 94527.8 3213 791 2422 1040 1382 91314.8 89454.2 23454 66000.2 59882.5 20066 19393.8 2898.25 672.25 3388 1141 6117.75 5117 845 260 136538 56464.2
internal_count=329146 328596 1622 326974 23621 17506 303353 115248 3213 791 2422 1040 1382 112035 110053 32868 77185 65131 28361 27442 5272 919 4507 1141 12054 10301 845 260 188105 89039
cat_boundaries=0 1 2
cat_threshold=8 16
is_linear=0
shrinkage=0.04


Tree=141
num_leaves=31
num_cat=0
split_feature=21 1 22 22 21 24 24 21 21 31 40 38 22 23 21 24 22 22 22 24 23 25 24 24 21 38 25 22 24 22
split_gain=4774.09 4572.54 4496.97 5182.44 6156.48 9417 8534.32 9385.57 6153.45 6066.22 6003.35 5989.33 5510.23 5464.55 5376.72 5119.12 11873.6 10803.1 8475.85 8419.42 14809.5 12584.2 8704.17 8127.97 7701.12 9429.31 8744.8 10836.2 7597.03 9059.55
threshold=89.845905303955092 3.5049999952316289 0.3662636280059815 0.2952589094638825 62.218965530395515 0.16362474858760837 0.23999456316232684 58.025424957275398 59.264097213745124 72.169155120849624 0.10731149092316629 1.2394478917121889 0.26383030414581304 1.1859705448150637 64.610881805419936 0.14417530596256259 0.19977589696645739 0.10290837660431863 0.14144615828990939 0.10779173672199251 1.1371120214462282 688.25000000000011 0.10170923173427583 0.15704888105392459 67.991352081298842 1.0020086169242861 30.125000000000004 0.077872097492218031 0.036105042323470123 0.037713078781962402
decision_type=10 10 10 10 8 10 8 10 10 10 10 10 10 10 10 10 10 10 10 10 10 2 10 10 8 8 2 10 10 10
left_child=1 2 3 4 6 12 7 -1 -5 -9 -7 -8 15 14 -12 19 17 -17 -19 20 24 -21 -22 -20 26 -26 -6 -28 29 -27
right_child=-2 -3 -4 8 5 10 11 9 -10 -11 13 -13 -14 -15 -16 16 -18 18 23 21 22 -23 -24 -25 25 28 27 -29 -30 -31
leaf_value=-0.20203003865683172 0.089404386090800758 0.040130608605458404 -0.071670322010491616 0.023254300345033296 -0.055119149793812605 0.13829846271419557 0.067798418444687425 -0.027741135815088719 0.17498396413542122 -0.18842935018685961 0.3556375326081968 -0.11961631882789581 0.38536176179620923 0.020533103169684274 0.061100881652884381 -0.19996718755797802 -0.25914111269006218 0.058593430805169183 -0.091306402073310977 0.033694118918411946 0.068841698606808985 -0.14408147525989631 -0.31105077035778883 0.065273917605914639 0.079887673892484454 -0.0012947551592277656 -0.046365022053760328 0.0062320043195005573 0.0093439077367365782 -0.037096649607335837
leaf_weight=557.5 952 4391 1433.5 1931 7996.25 972.75 1998.25 10091 548.5 389.5 155.5 315 58 5545 272.25 501 365.5 1966 2020.75 16310.5 128 662 387 718.25 2453.75 51749.25 8650.75 22738.5 77268.5 14470.25
leaf_count=658 952 5309 1999 2723 19451 1056 2017 15656 610 445 160 318 58 6268 279 501 451 2050 2389 19285 128 662 387 851 9815 79413 10771 30330 92651 21473
internal_value=5.58236e-05 -0.000303369 -0.00106669 -0.00062864 -0.00125226 0.000381594 -0.0276088 -0.042249 0.0568776 -0.0337308 0.0461973 0.0422354 -0.00114521 0.031176 0.168763 -0.00125466 -0.0390769 -0.0235792 -0.00475758 -0.000215439 -0.00267844 0.0267518 -0.216673 -0.0502359 -0.00208259 0.00215331 -0.0177784 -0.00826441 0.000823424 -0.00911867
internal_weight=237997 237045 232654 231220 228741 215390 13351.2 11038 2479.5 10480.5 6945.5 2313.25 208444 5972.75 427.75 208386 5571.5 5206 4705 202815 185842 16972.5 515 2739 185327 145942 39385.5 31389.2 143488 66219.5
internal_count=329116 328164 322855 320856 317523 298429 19094 16759 3333 16101 7763 2335 290666 6707 439 290608 6242 5791 5290 284366 264419 19947 515 3240 263904 203352 60552 41101 193537 100886
is_linear=0
shrinkage=0.04


Tree=142
num_leaves=31
num_cat=3
split_feature=2 20 8 43 14 32 39 0 25 14 42 20 21 22 23 21 22 25 22 22 19 36 7 20 28 43 6 24 21 25
split_gain=5292.31 5070.7 11613.7 8591.27 8875.63 7469.1 7058.8 5145.3 5515.14 5512.36 5024 15441.2 13514.5 9985.07 8747.5 13727.3 7646.95 7335.51 9185.21 14342.8 9219.99 7707.54 6758.02 13493.7 10537.4 9608.34 6633.59 8651.37 11370.1 10907
threshold=-2.9150000810623165 79.000000000000014 96.500000000000014 0 84.399997711181655 1.235544800758362 3.4411590099334721 0.92500001192092907 6.1250000000000009 63.055000305175788 1 141.00000000000003 73.864875793457045 0.27082929015159612 1.28947389125824 60.847053527832038 0.057272940874099738 367.62500000000006 0.12942568212747577 0.21563132107257846 7.5000000000000009 0.26122041046619421 46.500000000000007 159.00000000000003 7.5000000000000009 2 119.25000000000001 0.080026272684335722 65.274761199951186 627.62500000000011
decision_type=8 2 2 9 10 10 10 10 2 10 9 2 10 10 10 8 10 2 10 10 10 8 2 2 2 9 2 10 10 2
left_child=-1 2 3 4 6 -6 7 9 -9 -2 13 12 14 17 15 -12 -14 22 20 -20 -19 -22 -3 25 -25 -24 27 29 -29 -13
right_child=1 10 -4 -5 5 -7 -8 8 -10 -11 11 26 16 -15 -16 -17 -18 18 19 -21 21 -23 23 24 -26 -27 -28 28 -30 -31
leaf_value=0.1315676305048458 -0.22378029397040905 0.0088880827416233741 -0.4955880504397428 -0.13770710394819086 0.053320436392740062 0.49095782511591912 0.077755746697040717 -0.20123900342639287 0.03387079904716804 -0.05077509048390378 -0.23596496753275761 -0.023473768736080206 0.091542835413613674 0.13639678624863855 0.34196147899760143 0.031132893366198965 0.27261313762130962 -0.098064776212000548 -0.13058506312113921 0.11675430982443505 0.059939124377558557 -0.31391444008571379 -0.045909868089388475 0.019342773103261345 -0.069381177110121928 -0.19601947320450147 0.0061302101336753777 -0.021720811443209725 0.022921949220046828 0.08331740615288584
leaf_weight=487 450.5 48128 87.25 971.5 166.75 99 858.25 184.5 1144 851 325 63562.25 1122.25 969.75 134 5535 559.5 652 1170 551 10516 88 2076 8779.25 2831.75 1021.75 46275.5 16281.75 20773.25 1567
leaf_count=616 680 70718 97 1294 199 99 862 303 1282 1148 325 95729 1123 1455 134 8169 648 679 1170 551 10516 88 2508 14645 4658 1222 63467 20466 22688 1567
internal_value=-2.37463e-05 -0.000293884 -0.0409298 -0.0324312 -0.0047769 0.217598 -0.0217907 -0.0542945 0.0010893 -0.110788 0.000545922 -0.00357376 0.0517439 0.00892308 0.0236183 0.016281 0.151912 0.0072907 0.0346687 -0.0513721 0.0478278 0.0568069 0.00163609 -0.0220916 -0.00229944 -0.0962507 -0.00643418 -0.0121242 0.00330602 -0.0209031
internal_weight=238219 237732 4812.75 4725.5 3754 265.75 3488.25 2630 1328.5 1301.5 232919 156136 7675.75 76783.5 5994 5860 1681.75 75813.8 12977 1721 11256 10604 62836.8 14708.8 11611 3097.75 148460 102184 37055 65129.2
internal_count=329106 328490 5964 5867 4573 298 4275 3413 1585 1828 322526 214316 10399 108210 8628 8494 1771 106755 13004 1721 11283 10604 93751 23033 19303 3730 203917 140450 43154 97296
cat_boundaries=0 1 2 3
cat_threshold=48 4 96
is_linear=0
shrinkage=0.04


Tree=143
num_leaves=31
num_cat=5
split_feature=6 12 10 14 20 43 44 17 30 6 29 40 1 42 21 22 40 24 25 20 25 21 25 20 25 21 21 25 42 46
split_gain=5715.23 11414 10703 11795.2 10421.3 10985.9 8164.15 7896.8 8316.1 7660.68 7354.21 7191.41 7444.95 7025.04 6794.7 8644.72 10901.6 9756.37 7634.73 6658.97 13988.5 13556.4 8831.69 18344.1 12375.5 13928.7 12232.5 11179.5 9445.82 9410.06
threshold=60.500000000000007 2.5000000000000004 2.5000000000000004 88.220001220703139 171.50000000000003 0 1 2.5000000000000004 0.1948916167020798 18.500000000000004 17.750000000000004 0.084890875965356841 0.43500000238418585 2 61.989763259887702 0.20238582044839862 0.17005739361047748 0.027849436737596992 832.87500000000011 184.00000000000003 221.12500000000003 65.618801116943374 88.125000000000014 175.00000000000003 31.375000000000004 67.42453765869142 69.559341430664077 11.625000000000002 3 4
decision_type=2 10 2 8 2 9 9 10 10 2 2 8 8 9 8 10 10 8 2 2 2 10 2 2 2 10 8 2 9 1
left_child=1 2 3 4 5 6 13 8 14 -6 -4 12 -3 -1 -5 16 17 -16 -18 20 22 -22 23 26 25 28 -2 -28 -25 -24
right_child=19 11 10 7 9 -7 -8 -9 -10 -11 -12 -13 -14 -15 15 -17 18 -19 -20 -21 21 -23 29 24 -26 -27 27 -29 -30 -31
leaf_value=0.10421747617363961 -0.042681132059950978 -0.35701639939882268 0.025440984047218711 -0.078041904718381599 -0.084966616425058331 -0.096650817816461038 -0.0671867471192171 -0.073581606404287112 0.18819458002061129 0.019315539009461157 0.11507714225542662 -0.017071622163766557 -0.059584124005248533 0.0052597479656715821 -0.015037384680406477 0.15667069245875426 -0.016824665081181037 0.052400515070102099 -0.34021241848224315 -0.00413395793347625 0.00329511936082043 0.069342742832984319 0.01294923802267948 -0.1185845226683617 0.1060424062675321 0.088117042364284456 0.077582395197007561 -0.003659929019774999 0.062615328248453478 -0.044175691855647771
leaf_weight=2072 8332.25 137.5 9372.75 1272.25 6251.5 1471 1203.75 1707.75 435.5 1374.5 1735 39382.25 4918.75 2572.25 4858 685.25 9604.75 11692 117.25 67117 8617 11755 8108.25 1420.25 4914.75 1970 3754.75 9733 680 10703.25
leaf_count=3896 11351 181 15171 1630 8164 3157 1851 2358 647 2375 2914 52259 5773 5339 6241 887 12628 16780 133 94720 8617 11773 8247 4778 11124 4139 6070 10945 2579 12189
internal_value=-0.000448998 -0.00767626 0.00426501 -0.00436004 -0.0334508 0.000645063 0.0252539 0.00995464 0.0149339 -0.0661703 0.0394514 -0.0228385 -0.0677423 0.0493167 0.0122543 0.0165187 0.0128572 0.0326052 -0.0207598 0.00486785 0.0135003 0.0414075 0.00204126 0.0152289 0.0633278 0.0117363 -0.00457899 0.0189603 -0.0599135 -0.0195538
internal_weight=237970 100864 56425.5 45317.8 14945 7319 5848 30372.8 28665 7626 11107.8 44438.5 5056.25 4644.25 28229.5 26957.2 26272 16550 9722 137106 69988.5 20372 49616.5 30805 8985 4070.25 21820 13487.8 2100.25 18811.5
internal_count=328916 142384 84171 66086 24782 14243 11086 41304 38946 10539 18085 58213 5954 9235 38299 36669 35782 23021 12761 186532 91812 20390 71422 50986 22620 11496 28366 17015 7357 20436
cat_boundaries=0 1 2 3 4 5
cat_threshold=48 12 16 16 4
is_linear=0
shrinkage=0.04


Tree=144
num_leaves=31
num_cat=1
split_feature=21 24 23 15 22 24 14 17 17 24 17 22 22 22 19 24 21 16 23 20 24 22 21 15 23 43 23 21 22 22
split_gain=5314.62 9048.54 12168.6 11377.9 9263.73 10542.3 7999.59 12101.7 13287.7 10802 6830.12 6780.58 6708.06 11265.1 6602.87 6572.04 12627.3 10589.3 7991.31 11671.5 8161.48 18693.7 8225.63 7502.1 7416.42 9484.52 7655.38 7093.02 6965.92 10926.2
threshold=73.370883941650405 0.059085447341203697 1.0610107779502871 3.5000000000000004 0.015935516916215423 0.0065606003627181062 68.095001220703139 2.5000000000000004 3.5000000000000004 0.028198776766657833 3.5000000000000004 0.024780814535915855 0.032004209235310561 0.033716481178998954 190.50000000000003 0.080026272684335722 65.274761199951186 3.5000000000000004 1.0171996951103213 177.50000000000003 0.032121617347002036 0.040316659957170493 70.428447723388686 3.5000000000000004 1.0987078547477724 0 1.0979299545288088 67.874050140380874 0.12356270477175714 0.11397653073072435
decision_type=10 10 10 2 10 10 10 10 10 10 10 10 10 10 10 8 10 2 10 2 10 10 10 2 10 9 10 10 8 10
left_child=15 3 -3 12 5 -5 -6 9 -9 -8 -4 -11 -2 -14 -15 18 17 28 19 -1 -20 22 23 -22 26 -26 -23 -21 29 -17
right_child=1 2 10 4 6 -7 7 8 -10 11 -12 -13 13 14 -16 16 -18 -19 20 27 21 24 -24 -25 25 -27 -28 -29 -30 -31
leaf_value=0.11146193779692064 0.0011977858983002454 0.43736665285843013 0.028581894962473601 -0.23288142463854219 0.17338699837324684 0.073453543120489573 -0.14275875094384666 -0.41251656753353255 -0.10485738198869968 0.13915182250716432 0.16074142420360413 -0.035645089202146367 0.13109093473700947 0.018400868140858326 0.21512783588301376 -0.024576891462705364 0.020349347564303694 0.1473112379716579 -0.038091369105231858 -0.050901775831912466 0.11397071943081433 -0.01305068963122717 0.031170725370396935 0.45216800099769527 -0.20535751953688344 -0.0014767850310916444 0.18597867980294908 0.032284905268503548 -0.0075013325848141887 -0.16530847585775121
leaf_weight=1969.25 31123 137 3118 205 191.75 1410 1204.75 343 650.25 488 782 1295.5 1662 15938.5 276.75 3611 41614.5 663.5 18113.5 2613.75 1506.5 62415.75 4104.5 112 718 742 309.75 4398.25 34938.5 1167.5
leaf_count=6029 35215 137 3331 205 206 1410 1516 343 1302 488 782 1408 2370 20707 633 3824 45876 761 25273 9831 1541 85080 4382 112 718 748 324 10267 62279 1454
internal_value=-2.17138e-05 0.0104088 0.0681952 0.00614965 -0.0468814 0.0344464 -0.078356 -0.0905215 -0.211414 -0.0502802 0.055117 0.0122317 0.012415 0.0319419 0.0217718 -0.00344963 0.00488684 -0.0110482 -0.0104963 0.0254437 -0.0141637 -0.00796345 0.0613007 0.137641 -0.0141402 -0.103232 -0.0120648 0.00127334 -0.0136975 -0.0589892
internal_weight=237824 58825.5 4037 54788.5 5788.25 1615 4173.25 3981.5 993.25 2988.25 3900 1783.5 49000.2 17877.2 16215.2 178998 81995 40380.5 97003.2 8981.25 88022 69908.5 5723 1618.5 64185.5 1460 62725.5 7012 39717 4778.5
internal_count=328552 70053 4250 65803 6878 1615 5263 5057 1645 3412 4113 1896 58925 23710 21340 258499 114194 68318 144305 26127 118178 92905 6035 1653 86870 1466 85404 20098 67557 5278
cat_boundaries=0 1
cat_threshold=64
is_linear=0
shrinkage=0.04


Tree=145
num_leaves=31
num_cat=0
split_feature=10 21 32 15 24 19 36 2 29 9 16 19 30 15 19 20 24 30 20 19 25 21 24 24 25 22 21 22 25 20
split_gain=6009.42 4665.61 5915.28 5112.84 6022.07 6611.12 10577.3 7707.89 4567.38 6335.95 5374.58 5321.68 5803.42 5139.42 5928.61 7724.39 11307.5 7364.14 7347.77 8050.28 7755.14 11609.2 10690.3 11097.7 16241.2 7699.13 7042.05 9864.47 23197.4 7369.6
threshold=200.25000000000003 88.269744873046889 1.0175300836563113 2.5000000000000004 0.017455097287893299 190.50000000000003 0.058074016124010093 -0.57499998807907093 16.250000000000004 3.5000000000000004 1.5000000000000002 64.000000000000014 0.16831047087907794 1.0000000180025095e-35 9.5000000000000018 159.00000000000003 0.059363925829529769 0.17287337779998782 159.00000000000003 36.000000000000007 480.12500000000006 84.860710144042983 0.080026272684335722 0.078887484967708602 264.12500000000006 0.083878241479396834 76.565887451171889 0.010850946418941023 353.00000000000006 175.00000000000003
decision_type=2 10 10 2 10 10 10 10 2 2 2 10 10 2 8 2 8 10 2 10 2 10 10 10 2 10 10 10 2 2
left_child=1 8 -3 -4 5 6 -5 -8 9 10 -1 -12 -13 -10 15 -15 -17 -18 19 -16 22 -22 23 26 -25 -24 29 28 -28 -20
right_child=-2 2 3 4 -6 -7 7 -9 13 -11 11 12 -14 14 18 16 17 -19 20 -21 21 -23 25 24 -26 -27 27 -29 -30 -31
leaf_value=-0.0027188651743656192 -0.39071204088604639 -0.39112142174093278 0.13185772829620215 0.094994337297081941 0.10688146740822438 0.059529965701702346 -0.1480143571252503 -0.69889978385546125 -0.16325930040995856 -0.020771488248662758 -0.00063498108031500374 0.046908551183523654 0.19289883428566337 -0.031315355191996568 -0.15132910370257466 0.021251743815225665 0.13280606933329991 -0.12910636665064307 -0.045365609646123815 0.042517544280844401 0.026119814310265835 -0.34624016974193084 0.073354985544581655 -0.049083495382118869 -0.46564420202572204 0.0072369278623629638 -0.16887021897018525 0.031129365579244502 0.18273586070060435 -0.010623659176421748
leaf_weight=58257.5 62 44.5 1038.25 99 471 240 81 82 291.75 34999.5 2180.25 1550.75 605.5 2717.25 355 8553.75 2525.25 183.5 12779 9247.75 17533 134 3140.5 517 210 27359.25 1152 9637.75 405 41472.5
leaf_count=84533 116 46 1072 99 471 240 81 82 633 50382 3240 2096 1015 3498 355 11448 3891 299 16637 11467 17533 134 3229 667 210 32295 1152 11533 405 70037
internal_value=-9.7283e-05 6.15751e-06 0.0599905 0.070163 0.00425908 -0.0920392 -0.230595 -0.427743 -0.000517016 -0.00714191 0.00047923 0.0434348 0.0879766 0.00416083 0.00451619 0.0292086 0.0438127 0.115021 0.00173084 0.0353359 -0.0010917 0.0232759 -0.00554512 -0.0145755 -0.16989 0.0140473 -0.0128476 0.0160357 -0.0773508 -0.0188079
internal_weight=237926 237864 2055.75 2011.25 973 502 262 163 235808 97593.5 62594 4336.5 2156.25 138214 137922 13979.8 11262.5 2708.75 123943 9602.75 114340 17667 96673 66173.2 727 30499.8 65446.2 11194.8 1557 54251.5
internal_count=328896 328780 2091 2045 973 502 262 163 326689 141266 90884 6351 3111 185423 184790 19136 15638 4190 165654 11822 153832 17667 136165 100641 877 35524 99764 13090 1557 86674
is_linear=0
shrinkage=0.04


end of trees

feature_importances:
course_history_avg_mark=696
course_history_effective_support=401
gpa_prev_1=278
course_history_fail_rate=260
start_agpa_points=253
plan_credits_count=227
course_history_retake_rate=213
gpa_prev_2=212
course_history_avg_attempt=171
degree_credits_count=167
prior_fail_credit_ratio=164
part_semester=143
diploma_gpa=134
course_credits=120
plan_year_order=76
start_total_in_courses=75
start_total_in_credits=72
plan_requirement_type_id=70
plan_course_type_id=58
prior_total_fail_courses=55
plan_total_credits=40
prior_total_reg_courses=39
peer_credit_weighted_avg_mark=39
plan_credit_weighted_avg_attempt=37
attempt_number=32
prior_total_fail_credits=29
plan_credit_weighted_fail_rate=28
peer_total_credits=28
peer_max_fail_rate=28
course_history_fallback_level=27
gpa_trend_delta=26
plan_difficulty_credit_load=24
peer_credit_weighted_avg_attempt=24
peer_difficulty_credit_load=24
prior_registered_semesters=22
plan_credit_weighted_avg_mark=20
prior_total_reg_credits=19
diploma_type_id=16
plan_semester_order=12
plan_course_count=9
peer_credit_weighted_fail_rate=7
course_history_missing=3
observed_gap_semesters=1
peer_course_count=1

parameters:
[boosting: gbdt]
[objective: regression]
[metric: l1]
[tree_learner: serial]
[device_type: cpu]
[data_sample_strategy: bagging]
[data: ]
[valid: ]
[num_iterations: 146]
[learning_rate: 0.04]
[num_leaves: 31]
[num_threads: 0]
[seed: 42]
[deterministic: 1]
[force_col_wise: 1]
[force_row_wise: 0]
[histogram_pool_size: -1]
[max_depth: -1]
[min_data_in_leaf: 80]
[min_sum_hessian_in_leaf: 0.001]
[bagging_fraction: 0.9]
[pos_bagging_fraction: 1]
[neg_bagging_fraction: 1]
[bagging_freq: 1]
[bagging_seed: 42]
[bagging_by_query: 0]
[feature_fraction: 0.9]
[feature_fraction_bynode: 1]
[feature_fraction_seed: 42]
[extra_trees: 0]
[extra_seed: 12879]
[early_stopping_round: 0]
[early_stopping_min_delta: 0]
[first_metric_only: 0]
[max_delta_step: 0]
[lambda_l1: 0.1]
[lambda_l2: 1]
[linear_lambda: 0]
[min_gain_to_split: 0]
[drop_rate: 0.1]
[max_drop: 50]
[skip_drop: 0.5]
[xgboost_dart_mode: 0]
[uniform_drop: 0]
[drop_seed: 17869]
[top_rate: 0.2]
[other_rate: 0.1]
[min_data_per_group: 100]
[max_cat_threshold: 32]
[cat_l2: 10]
[cat_smooth: 10]
[max_cat_to_onehot: 4]
[top_k: 20]
[monotone_constraints: ]
[monotone_constraints_method: basic]
[monotone_penalty: 0]
[feature_contri: ]
[forcedsplits_filename: ]
[refit_decay_rate: 0.9]
[cegb_tradeoff: 1]
[cegb_penalty_split: 0]
[cegb_penalty_feature_lazy: ]
[cegb_penalty_feature_coupled: ]
[path_smooth: 0]
[interaction_constraints: ]
[verbosity: -1]
[saved_feature_importance_type: 0]
[use_quantized_grad: 0]
[num_grad_quant_bins: 4]
[quant_train_renew_leaf: 0]
[stochastic_rounding: 1]
[linear_tree: 0]
[max_bin: 255]
[max_bin_by_feature: ]
[min_data_in_bin: 3]
[bin_construct_sample_cnt: 200000]
[data_random_seed: 42]
[is_enable_sparse: 1]
[enable_bundle: 1]
[use_missing: 1]
[zero_as_missing: 0]
[feature_pre_filter: 1]
[pre_partition: 0]
[two_round: 0]
[header: 0]
[label_column: ]
[weight_column: ]
[group_column: ]
[ignore_column: ]
[categorical_feature: 42,43,44,45,46]
[forcedbins_filename: ]
[precise_float_parser: 0]
[parser_config_file: ]
[objective_seed: 16083]
[num_class: 1]
[is_unbalance: 0]
[scale_pos_weight: 1]
[sigmoid: 1]
[boost_from_average: 1]
[reg_sqrt: 0]
[alpha: 0.9]
[fair_c: 1]
[poisson_max_delta_step: 0.7]
[tweedie_variance_power: 1.5]
[lambdarank_truncation_level: 30]
[lambdarank_norm: 1]
[label_gain: ]
[lambdarank_position_bias_regularization: 0]
[eval_at: ]
[multi_error_top_k: 1]
[auc_mu_weights: ]
[num_machines: 1]
[local_listen_port: 12400]
[time_out: 120]
[machine_list_filename: ]
[machines: ]
[gpu_platform_id: -1]
[gpu_device_id: -1]
[gpu_device_id_list: ]
[gpu_use_dp: 0]
[num_gpu: 1]

end of parameters

pandas_categorical:[["__MISSING__", "__UNKNOWN__", "1", "2", "3"], ["__MISSING__", "__UNKNOWN__", "1", "2", "3", "4", "5", "6"], ["__MISSING__", "__UNKNOWN__", "13.111", "15.111", "16.111", "55.111"], ["__MISSING__", "__UNKNOWN__", "2.111", "3.111"], ["__MISSING__", "__UNKNOWN__", "1", "2", "3"]]
